<?xml version="1.0" encoding="UTF-8"?>
<!DOCTYPE page SYSTEM "page.dtd">
<page>
  <lang>fr</lang>
  <url>http://www.cerma.ulaval.ca/</url>
  <title>Centre de recherche sur les matériaux avancés</title>
  <snippet>
    <s>7 juil. 2011 8h45 : Conférencier invité, Antoine Proulx, INO 14h00 : Conférencière invitée, Rina Carlini, Xerox 16h30 : Session de posters et cocktail </s>
  </snippet>
  <text>
    <s>ACCUEIL  |  UNIVERSITÉ LAVAL  |  ENGLISH VERSION</s>
    <s>ÉTUDIER AU CERMA</s>
    <s>LIENS ET DOCUMENTATION</s>
    <s>NOUS JOINDRE</s>
    <s>Colloque étudiant du CERMA - Le 20 juillet prochain</s>
    <s>07.07.11: C'est le 20 juillet prochain, au pavillon Gene-H. Kruger de l'Université Laval, que se tiendra la 3e édition de cette importante journée.</s>
    <s>Tous les membres du CERMA sont invités à y participer.</s>
    <s>Télécharger le livret du Colloque présentant les résumés</s>
    <s>Voici l'horaire de la journée:</s>
    <s>8h00 : Accueil</s>
    <s>8h30 : Mot de bienvenue du directeur du CERMA, Gaétan Laroche</s>
    <s>8h45 : Conférencier invité, Antoine Proulx, INO</s>
    <s>9h30 : Présentation de Mélanie Tremblay (lab. Fortin)</s>
    <s>9h45 : Présentation d'Emmanuel Lépine (lab. Riedl)</s>
    <s>10h00 : Présentation de Hojjat Mahi (lab. Rodrigue)</s>
    <s>10h15 : Pause café</s>
    <s>10h30 : Présentation de David Gendron (lab. Leclerc)</s>
    <s>10h45 : Présentation de Frédéric Couët (lab. Mantovani)</s>
    <s>11h00 : Présentation professionnelle de recherche: Rodica Plesu</s>
    <s>11h15 : Présentation de François Paquet-Mercier (lab. Pézolet)</s>
    <s>11h30 : Présentation de Jean-Benoît Giguère (lab. Morin)</s>
    <s>12h00 : Pause dîner</s>
    <s>13h30 : Présentation Marie Leroy (lab. Laroche)</s>
    <s>13h45 : Présentation Jessie Desbiens (lab. Ritcey)</s>
    <s>14h00 : Conférencière invitée, Rina Carlini, Xerox</s>
    <s>14h45 : Présentation professionnel de recherche: Yann Giroux</s>
    <s>15h00 : Pause café</s>
    <s>15h15 : Présentation Geneviève Valois-Paillard (lab. Auger)</s>
    <s>15h30 : Présentation Solange Schneider (lab. Kleitz)</s>
    <s>15h45 : Présentation orale - professionnelle de recherche: Pascale Chevallier</s>
    <s>16h00 : Présentations - NanoULaval &amp; CQMF</s>
    <s>16h30 : Session de posters et cocktail</s>
    <s>Nous remercions chaleureusement nos commanditaires:</s>
    <s>Le Professeur Mario Leclerc à l'émission Le Code Chastenay</s>
    <s>30.11.10: Visionnez la capsule sur &quot;L'encre Solaire: un panneau solaire liquide qu'on peut imprimer sur un T-shirt''</s>
    <s>Offre d'emploi chez Hydro-Québec à Varennes</s>
    <s>11.05.10: Hydro-Québec recherche un candidat possédant une maîtrise en chimie pour combler uin poste e chercheur en sciences des matériaux. La date limite pour postuler est le 24 mai 2010</s>
    <s>Consulter l'offre d'emploi.</s>
    <s>Offre de postdoc à Cergy-Pontoise, près de Paris</s>
    <s>26.02.10: L'université de Cergy-Pontoise lance un appel d'offre pour recruter 3 postdoctorants sur critères d'excellence avec des projets scientifiques non ciblés (c'est-à-dire à définir selon le CV du candidat). Voir le document d'information</s>
    <s>Pour nos étudiants: Un emploi chez Xerox Canada ?</s>
    <s>02.11.09: Consulter l'offre d'emploi.</s>
    <s>Retour sur le 1er Colloque étudiant du CERMA</s>
    <s>20.07.2009 : Plus de 100 membres du CERMA étaient présents au Colloque étudiant du CERMA, faisant de l'évènement une grande réussite.</s>
    <s>Le Dr Michel G. Bergeron a su captiver l'auditoire par son enthousiasme dans la présentation de ses grandes réalisations.</s>
    <s>11 excellents conférenciers étudiants ont présenté le fruit de leurs travaux, et la session de posters, agrémentée d'ANTI-posters, a suscité bien des discussions animées.</s>
    <s>Expériences donnant des résultats étranges et incompréhensibles? Doutes sur les hypothèses ou modèles qui conviennent pour pousser plus loin la compréhension d'un phénomène? La présentation de ces &quot;non-résultats&quot; dans un ANTI-poster pouvait donner lieu à des discussions laissant entrevoir des pistes de solution.</s>
    <s>Des prix en argent ont été décernés.</s>
    <s>Meilleures présentations:</s>
    <s>Maxime Boulet-Audet (prix Nano4Laval)</s>
    <s>Luc Faucher (prix CQMF)</s>
    <s>Meilleurs posters ou anti-posters:</s>
    <s>Marie-Christine Dorais</s>
    <s>Geneviève Valois-Paillard</s>
    <s>Andrée-Anne Guay-Bégin</s>
    <s>Félicitations aux gagnants !</s>
    <s>Un grand merci au comité étudiant du CERMA qui s'est chargé de l'organisation de cette journée.</s>
    <s>Des photos de la journée.</s>
    <s>Colloque étudiant du CERMA</s>
    <s>25.06.2009 : Tous les membres du CERMA sont invités au 1er colloque étudiant du CERMA qui aura lieu au pavillon Vachon de l’Université Laval le jeudi 9 juillet prochain. Il s’agit d’un colloque organisé par les étudiants et pour les étudiants; ce sera l’occasion d’en apprendre plus sur les nouvelles avancées en recherche de tous les groupes du centre dans une atmosphère conviviale.</s>
    <s>HORAIRE DE LA JOURNÉE</s>
    <s>8h30 : Accueil</s>
    <s>9h00 : Allocution d’ouverture par le directeur du CERMA, Dr Mario Leclerc</s>
    <s>9h15 : Conférencier invité, Dr Michel G. Bergeron</s>
    <s>10h15 : Pause Café</s>
    <s>10h30 : Conférences étudiantes</s>
    <s>12h15 : Pause dîner</s>
    <s>13h30 : Séance de posters et ANTI-posters</s>
    <s>15h00 : Conférences étudiantes</s>
    <s>17h00 : 5 à 7, sous le thème « découvertes des saveurs du Québec »</s>
    <s>Pour plus d’information, contactez le comité étudiant du CERMA :</s>
    <s>Consulter les archives d'actualités</s>
    <s>ACCUEIL  |  RECHERCHE  |  MEMBRES  |  ÉQUIPEMENTS  |  ÉTUDIER AU CERMA  |  NOUS JOINDRE  |  UNIVERSITÉ LAVAL  |  DÉPARTEMENT DE CHIMIE</s>
    <s>Centre de recherche sur les matériaux avancés de l’Université Laval © Coyright, tous droits réservés, 2009</s>
    <s>Conception : Ublo.ca</s>
  </text>
</page>
