<?xml version="1.0" encoding="UTF-8"?>
<!DOCTYPE page SYSTEM "page.dtd">
<page>
  <lang>fr</lang>
  <url>http://www.ilo.org/ilc/ILCSessions/100thSession/media-centre/news/WCMS_158305/lang--fr/index.htm</url>
  <title>Citations des Chefs d&#39;Etat et de Gouvernement à la 100e Conférence</title>
  <snippet>
    <s>17 juin 2011 Conférence internationale du Travail (CIT) Enregistrement des séances plénières &middot; Centre de presse &middot; Articles &middot; Actualités &middot; Vidéo je le crois, sera adoptée par cette session de la Conférence internationale du Travail». . idée de ce document novateur est de rejeter les solutions simplistes dans la mise </s>
  </snippet>
  <text>
    <s>English | Español</s>
    <s>L'OIT est une institution specialisée des Nations-Unies</s>
    <s>1. A propos de l'OIT</s>
    <s>2. Thèmes</s>
    <s>3. Régions</s>
    <s>4. Evénements et réunions</s>
    <s>5. Programmes et projets</s>
    <s>6. Publications</s>
    <s>7. Normes du travail</s>
    <s>8. Statistiques et données</s>
    <s>Conférence internationale du Travail (CIT)</s>
    <s>Accueil OIT &gt; Evénements et réunions &gt; Conférence internationale du Travail (CIT) &gt; Sessions de la CIT &gt; 100e session, 2011 &gt; Centre de presse &gt; Actualités &gt; Citations des Chefs d’Etat et de Gouvernement à la 100e </s>
    <s>Citations des Chefs d’Etat et de Gouvernement à la 100e Conférence internationale du Travail</s>
    <s>Actualité | 17 juin 2011</s>
    <s>Presidente Tarja Halonen - Finlande</s>
    <s>&gt; Communique de presse</s>
    <s>&gt; Video</s>
    <s>&gt; Discours</s>
    <s>«La creation en 1919 de l'Organisation internationale du Travail trouve son origine dans la volonte de creer des regles internationales communes pour reduire la concurrence deloyale entre les pays en ce qui concerne les contrats et les conditions de travail. Le systeme tripartite a demontre sa force et sa viabilite».</s>
    <s>«Les principes de l'Organisation sont fondes sur la Declaration de Philadelphie. Dans l'economie mondialisee d'aujourd'hui, ces principes sont encore plus pertinents qu'il y a 60 ans».</s>
    <s>«L'OIT a un role mondial a jouer pour promouvoir les droits de l'homme et etablir des normes pour une vie sociale et professionnelle plus sure. Les conventions fondamentales adoptees par l'Organisation restent tout a fait d'actualite.»</s>
    <s>«Les gouvernements ne peuvent a eux seuls mettre en oeuvre les objectifs de l'OIT. Le systeme tripartite est la caracteristique particuliere de l'Organisation et sa force. Comme les trois parties s'engagent toutes en faveur des decisions de l'OIT, il est plus facile pour elles toutes de soutenir et promouvoir les processus de mise en oeuvre nationaux dans leur propre pays.»</s>
    <s>«Une collaboration etroite entre les differentes organisations internationales est essentielle si nous voulons creer un axe fort de developpement. J'estime qu'une interaction intense entre des organisations comme l'OIT, la CNUCED et l'OMC pourrait nous offrir une base solide pour elaborer une solution globale».</s>
    <s>«L'Organisation internationale du Travail est dotee d'un role cle dans la famille de la communaute mondiale - les individus et le travail decent sont au centre de notre action».</s>
    <s>President Susilo Bambang Yudhoyono - Indonesie</s>
    <s>&gt; Communique de presse</s>
    <s>&gt; Video</s>
    <s>&gt; Audio</s>
    <s>&gt; Discours</s>
    <s>«L'OIT a ete un fervent promoteur de la securite de l'emploi. Depuis pres d'un siecle maintenant, l'OIT a defendu les droits des travailleurs et etabli des normes et des regles pour un emploi juste et equitable».</s>
    <s>«Le role positif de l'OIT s'est largement verifie au cours de la recente crise financiere mondiale.»</s>
    <s>«Ce qu'il faut retenir (de la crise), c'est que le gouvernement, le monde de l'entreprise et les travailleurs ont agi de concert pour minimiser le chomage dans une situation particulierement difficile. Et, tout au long de ce processus, l'OIT nous a toujours ete utile, surtout pour nous aider a forger un consensus constructif entre les differentes parties prenantes.»</s>
    <s>«Nous esperons la participation de l'OIT (a l'elaboration de politiques et de strategies de creation d'emplois). Ensemble, nous devons produire des idees sur la maniere de relever le defi du changement climatique et de gerer l'impact du rechauffement mondial sur la situation de l'emploi.»</s>
    <s>«En ayant toujours a l'esprit la detresse des travailleurs, nous devons trouver comment amenager une meilleure coordination entre les forums internationaux comme l'OIT, la CNUCED, l'OCDE et le G20.»</s>
    <s>«Beaucoup de pays ont ratifie des conventions de l'OIT mais l'urgence est dorenavant l'application fidele des ces conventions. Nous devons veiller a ce que les conventions fondamentales de l'OIT soient pleinement mises en oeuvre pour garantir aux travailleurs l'acces a la justice sociale».</s>
    <s>«Toutes ces mesures (les six mesures mentionnees comme une piste vers davantage de justice sociale), je pense, permettront d'ameliorer et de changer la situation de l'emploi global. Elles ne contribueront pas seulement a la dignite des travailleurs mais serviront aussi les objectifs de l'Organisation.»</s>
    <s>«Un autre sujet sensible auquel nous devons nous attaquer en entamant cette nouvelle ere de justice sociale, c'est le drame des travailleurs migrants… Nous devons egalement apporter notre soutien a la convention de l'OIT sur les travailleurs domestiques qui, je le crois, sera adoptee par cette session de la Conference internationale du Travail».</s>
    <s>President Jakaya Mrisho Kikwete - Tanzanie</s>
    <s>&gt; Communique de presse</s>
    <s>&gt; Video</s>
    <s>&gt; Discours</s>
    <s>«L'OIT s'est revelee une formidable organisation. Notre Organisation a demontre une enorme capacite de resistance. Elle a non seulement survecu, mais elle est ressortie grandie, se renforçant au gre d'epoques historiques particulierement difficiles.»</s>
    <s>«Cette Organisation est demeuree proactive et a toujours vecue au rythme de l'evolution des circonstances mondiales. De ce fait, l'OIT a garde toute sa pertinence quelle que soit l'epoque; elle est restee un rempart inebranlable des droits des travailleurs. Je n'ai donc pas ete surpris de constater que l'OIT figurait parmi les premieres organisations internationales a tirer la sonnette d'alarme sur les tendances negatives de la mondialisation».</s>
    <s>«Cette organisation a ete en premiere ligne pour inscrire a l'ordre du jour la protection des plus vulnerables, en particulier les femmes et les enfants.»</s>
    <s>«Cette reunion se deroule au moment ou la mondialisation continue de creer des difficultes et d'offrir des opportunites aussi bien pour les pays que pour le travail de l'OIT… Le rapport du Directeur general du BIT y fait beaucoup echo et nous offre une nouvelle vision de ces defis mondiaux».</s>
    <s>«Le rapport donne credit au travail accompli par la Commission mondiale sur la dimension sociale de la mondialisation.»</s>
    <s>«Il existe dans notre monde globalise des modes de croissance qui sont prejudiciables aux pays en developpement… Nous avons hautement apprecie le role eminent joue par l'OIT dans ce domaine important. Nous nous souviendrons toujours de l'Ambassadeur Juan Somavia pour son incomparable contribution a cette Organisation».</s>
    <s>(Faisant reference a la Campagne mondiale sur la securite sociale et la couverture pour tous, lancee en 2003): «Je voudrais saisir cette occasion pour exprimer la gratitude de la Tanzanie a l'egard de l'OIT pour l'appui technique et financier qu'elle a apporte a ses mandants. Cela a prouve que l'extension de la securite sociale pouvait etre obtenue grace a la collaboration tripartite et a l'adhesion aux normes internationales du travail».</s>
    <s>Chanceliere Angela Merkel - Allemagne</s>
    <s>&gt; Communique de presse</s>
    <s>&gt; Video</s>
    <s>&gt; Discours</s>
    <s>«Des le debut, l'Organisation internationale du Travail s'est mise au service de l'humanite en oeuvrant en faveur de la justice sociale».</s>
    <s>«Aujourd'hui, et surtout en cette periode de crise aigue, l'OIT se prononce fermement en faveur de normes du travail equitables et votre Declaration de Philadelphie est eloquente sur ce point».</s>
    <s>«Nous pouvons sans risque affirmer que l'OIT s'est toujours emparee des questions les plus brulantes de l'actualite, et les a fait progresser, et je veux par consequent vous feliciter a nouveau a l'occasion de cette 100e session.»</s>
    <s>«Je suis profondement convaincue que l'Organisation internationale du Travail doit etre un grand defenseur de la justice. Et je voudrais saisir cette occasion de souligner que cela necessite evidemment le soutien politique des Etats Membres de l'OIT.»</s>
    <s>«Votre travail est une composante essentielle de ce que les Nations Unies s'emploient a faire. Vous misez sur le dialogue, vous cherchez des partenaires pour qu'ils se soucient aussi de la justice sociale; et de la sorte, vous avez contribue a ce que les questions sociales et du travail soient prises en compte par les divers reseaux qui sont constitues de gouvernements, d'organisations internationales et d'autres acteurs internationaux. Je suis tout a fait convaincue que le dialogue est le principe qui convient».</s>
    <s>«Il n'est pas du ressort de l'OIT de trouver une solution aux problemes que les gouvernements nationaux et les partenaires sociaux ne parviennent pas a resoudre. C'est le travail des pays eux-memes. Mais l'OIT peut leur tendre une main secourable et puiser dans la riche experience de ses Etats Membres pour mettre sur pied, dans le domaine du travail mondial, un reseau dont chacun puisse tirer profit».</s>
    <s>«La Conference internationale du Travail prone l'integration et non la separation, ce qui confere a vos conventions un haut degre de legitimite et un caractere obligatoire».</s>
    <s>«En particulier dans le contexte du G20, nous devons nous assurer que les discussions ne se transforment pas en un debat abstrait sur les regles des marches financiers, si importantes soient-elles. Nous devons montrer aux populations du monde entier qu'il s'agit d'eux, de leur avenir et de leur destin».</s>
    <s>«L'Organisation qui reagira le plus rapidement face a ce monde en mutation, qui se fera entendre des etres humains dans le monde entier, est celle qui reussira le mieux. Je veux que l'OIT reussisse. C'est pour cette raison que je vous reitere mes felicitations et que je vous souhaite de la force et du courage… Vous avez marque la mondialisation de votre empreinte et vous devez continuer a agir dans ce sens».</s>
    <s>Presidente Micheline Calmy-Rey - Confederation Suisse</s>
    <s>&gt; Communique de presse</s>
    <s>&gt; Video</s>
    <s>&gt; Audio</s>
    <s>&gt; Discours</s>
    <s>« L'OIT demeure un modele pour la gouvernance internationale. »</s>
    <s>« Il n'y a pas de gouvernance mondiale equitable sans l'OIT. »</s>
    <s>« L'OIT joue un role central dans les questions internationales relatives a l'emploi et au travai,l et ce role doit etre renforce. »</s>
    <s>« La question de la justice sociale se pose avec une acuite toute nouvelle. »</s>
    <s>« Avec pres de 190 conventions, l'OIT a tisse la trame de la justice sociale. »</s>
    <s>« Le defi reste, il est constant, et c'est la raison pour laquelle je vous invite a ne pas baisser les bras, a poursuivre vos efforts pour concilier justice, liberte et protection sociale. »</s>
    <s>Premier ministre Vladimir Poutine - Russie</s>
    <s>&gt; Communique de presse</s>
    <s>&gt; Video</s>
    <s>&gt; Discours</s>
    <s>« Je voudrais souligner le role de l'OIT qui est l'une des plus anciennes et sans aucun doute l'une des organisations les plus influentes sur la scene internationale. Dans des contextes politiques differents, dans les periodes de croissance economique comme de recession, l'OIT a toujours sauvegarde les interets des travailleurs, leur droit a des conditions de travail sures et decentes, a des garanties de protection sociale fiables».</s>
    <s>«L'efficacite de l'OIT peut dans une large mesure etre attribuee a sa structure tripartite unique, dans laquelle les gouvernements, les employeurs et les syndicats disposent d'une voix egale dans le processus de decision».</s>
    <s>«C'est le dialogue social constructif qui a permis a l'OIT de proposer des initiatives de qualite, bien accueillies, pendant la crise economique et financiere mondiale de 2009-10».</s>
    <s>(S'exprimant au sujet du Pacte mondial pour l'emploi) «La principale idee de ce document novateur est de rejeter les solutions simplistes dans la mise en oeuvre de politiques anticrise, comme de reduire les salaires ou les prestations sociales».</s>
    <s>«Je voudrais souligner qu'en Russie nous ne faisons pas que soutenir le Pacte mondial pour l'emploi, nous faisons de notre mieux pour ne pas faire peser tout le poids des problemes economiques sur les seules epaules du peuple».</s>
    <s>«En creant des conditions de travail qui correspondent aux besoins et aux exigences du travailleur moderne, nous agissons en conformite avec l'agenda de l'OIT pour le travail decent. Nous partageons ses grands principes. De plus, nous nous tenons prets a favoriser la promotion active des principes inscrits a l'agenda economique et social mondial».</s>
    <s>«Nous faisons une proposition concrete, celle d'organiser a l'automne prochain en Russie une conference internationale de haut niveau sur la realisation pratique des principes de base de l'OIT tels qu'ils sont stipules dans l'agenda du travail decent ».</s>
    <s>Tag: Conférence internationale du Travail</s>
    <s>Unite responsable: Communication et information au public</s>
    <s>Ce contenu est disponible en</s>
    <s>English Español</s>
    <s>Text A A+ A++ !Print !Email</s>
    <s>Citations des Chefs d’Etat et de Gouvernement à la 100e Conférence internationale du Travail</s>
    <s>Adresse e-mail:</s>
    <s>Séparez les adresses par une virgule (,)</s>
    <s>Vos coordonnées:</s>
    <s>Votre nom:</s>
    <s>Votre E-mail:</s>
    <s>Partager ce contenu</s>
    <s>A noter</s>
    <s>1. Vidéo: les temps forts de la 100e Conférence internationale du Travail</s>
    <s>Voir egalement</s>
    <s>La 100e conférence annuelle de l’OIT clôt ses travaux</s>
    <s>100e session de la Conférence internationale du Travail, 2011</s>
    <s>(C) 1996-2011 Organisation internationale du Travail (OIT) | Droit d'auteur et autorisations | Déclaration de protection de la vie privée | Déni de responsabilité</s>
  </text>
</page>
