<?xml version="1.0" encoding="UTF-8"?>
<!DOCTYPE page SYSTEM "page.dtd">
<page>
  <lang>fr</lang>
  <url>http://www.mapageweb.umontreal.ca/marcoux/publi/publi.html</url>
  <title>Yves MARCOUX - Publications</title>
  <snippet>
    <s>“The MLCD Overlap Corpus (MOC).” Résumé de présentation par affiche, résumés de la conférence Digital Humanities 2010, Londres (Angleterre), juillet 2010. </s>
  </snippet>
  <text>
    <s>Copyright (C) 2011 Yves MARCOUX; derniere modification de cette page: 2011-05-02</s>
    <s>Cette creation est mise a disposition sous un contrat Creative Commons</s>
    <s>Yves MARCOUX - Publications</s>
    <s>Yves MARCOUX - EBSI - Universite de Montreal</s>
    <s>Publications (depuis 2005)</s>
    <s>MARCOUX, Yves; SPERBERG-McQUEEN, Michael; HUITFELDT, Claus. &quot;Expressive power of markup languages and graph structures.&quot; Accepte pour presentation orale ( long paper ) a la conference Digital Humanities 2011 , Stanford (CA, É.-U.), juin 2011.</s>
    <s>HUITFELDT, Claus; MARCOUX, Yves; SPERBERG-McQUEEN, Michael. &quot;Extension of the type/token distinction to document structure.&quot; Actes de la conference Balisage 2010 , Montreal, aout 2010. En ligne &lt;doi:10.4242/BalisageVol5.Huitfeldt01&gt;.</s>
    <s>SPERBERG-McQUEEN, Michael; MARCOUX, Yves; HUITFELDT, Claus. &quot;Two representations of the semantics of TEI Lite.&quot; Resume de presentation orale, resumes de la conference Digital Humanities 2010 , Londres (Angleterre), juillet 2010. En ligne &lt;http://dh2010.cch.kcl.ac.uk/academic-programme/abstracts/papers/pdf/ab-663.pdf&gt;.</s>
    <s>HUITFELDT, Claus; SPERBERG-McQUEEN, Michael; MARCOUX, Yves. &quot;The MLCD Overlap Corpus (MOC).&quot; Resume de presentation par affiche, resumes de la conference Digital Humanities 2010 , Londres (Angleterre), juillet 2010. En ligne &lt;http://dh2010.cch.kcl.ac.uk/academic-programme/abstracts/papers/pdf/ab-633.pdf&gt;.</s>
    <s>DAOUST, François; MARCOUX, Yves; VIPREY, Jean-Marie. « L'annotation structurelle. » Actes des 10es journees internationales d'analyse statistique des donnees textuelles (JADT) 2010 , Rome (Italie), juin 2010, pp. 1145-1156. En ligne &lt;http://www.cavi.univ-paris3.fr/lexicometrica/jadt/jadt2010/allegati/JADT-2010-1145-1156 057-Daoust.pdf&gt;.</s>
    <s>MARCOUX, Yves. &quot;Intertextual semantics generation for structured documents: a complete implementation in XSLT.&quot; Actes du 12e Colloque international sur le Document Électronique (CiDE.12), Montreal, octobre 2009, pp. 159-170.</s>
    <s>MARCOUX, Yves; RIZKALLAH, Élias. &quot;Intertextual semantics: A semantics for information design.&quot; Journal of the American Society for Information Science &amp; Technology , vol. 60, no 9, 2009, pp. 1895-1906. En ligne &lt;doi:10.1002/asi.21134&gt;.</s>
    <s>MARCOUX, Yves; SPERBERG-McQUEEN, Michael; HUITFELDT, Claus. &quot;Formal and informal meaning from documents through skeleton sentences: Complementing formal tag-set descriptions with intertextual semantics and vice-versa.&quot; Actes de la conference Balisage 2009 (anciennement Extreme Markup Languages ), Montreal, aout 2009, 32 pages. En ligne &lt;doi:10.4242/BalisageVol3.Sperberg-McQueen01&gt;.</s>
    <s>HUITFELDT, Claus; SPERBERG-McQUEEN, Michael; MARCOUX, Yves. &quot;Markup meaning and mereology.&quot; Actes de la conference Balisage 2009 (anciennement Extreme Markup Languages ), Montreal, aout 2009, 18 pages. En ligne &lt;doi:10.4242/BalisageVol3.Huitfeldt01&gt;.</s>
    <s>SPERBERG-McQUEEN, Michael; HUITFELDT, Claus; MARCOUX, Yves. &quot;What is transcription? (part 2)&quot; (resume). Resumes de la conference Digital Humanities 2009 , juin 2009, pp. 257-260. En ligne &lt;http://www.mith2.umd.edu/dh09/wp-content/uploads/dh09 conferencepreceedings final.pdf&gt;.</s>
    <s>MARCOUX, Yves. &quot;Graph characterization of overlap-only TexMECS and other overlapping markup formalisms.&quot; Actes de la conference Balisage 2008 (anciennement Extreme Markup Languages ), Montreal, aout 2008, 18 pages. En ligne &lt;http://www.balisage.net/Proceedings/vol1/html/Marcoux01/BalisageVol1-Marcoux01.html&gt;.</s>
    <s>MARCOUX, Yves; RIZKALLAH, Élias. &quot;Knowledge organization in the light of intertextual semantics: A natural-language analysis of controlled vocabularies.&quot; In Arsenault, C.; Tennis, J.T. (ed.), Culture and Identity in Knowledge Organization , Proceedings of the Tenth International ISKO Conference, 5-8 aout 2008, Montreal, Canada. Ergon Verlag, 2008, pp. 36-42 (diapositives).</s>
    <s>DAOUST, François; DUCHASTEL, Jules; MARCOUX, Yves; RIZKALLAH, Élias. « Pour un modele de depot de donnees adapte a la constitution de corpus de recherche. » Actes des 9es journees internationales d'analyse statistique des donnees textuelles (JADT) 2008 , Lyon (France), mars 2008, pp. 355-367. En ligne &lt;http://www.cavi.univ-paris3.fr/lexicometrica/jadt/jadt2008/pdf/daoust-duchastel-marcoux-rizkallah.pdf&gt;.</s>
    <s>MARCOUX, Yves; RIZKALLAH, Élias. &quot;Experience with the use of peritexts to support modeler-author communication in a structured-document system.&quot; Actes, 25th ACM International Conference on Design of Communication (SIGDOC'07) , 22-24 octobre 2007, El Paso, Texas (États-Unis), 2007, pp. 142-147. En ligne &lt;doi:10.1145/1297144.1297173&gt; (diapositives).</s>
    <s>MARCOUX, Yves; RIZKALLAH, Élias. &quot;Exploring intertextual semantics: A reflection on attributes and optionality.&quot; Actes de la conference Extreme Markup Languages 2007 , aout 2007, 14 pages. En ligne &lt;http://conferences.idealliance.org/extreme/html/2007/Marcoux01/EML2007Marcoux01.html&gt; (format PDF et diapositives).</s>
    <s>MARCOUX, Yves. « Le Cadre de reference gouvernemental en gestion integree des documents (CRGGID) au Gouvernement du Quebec: entre la loi et la technique. » Actes du Colloque EBSI-ENSSIB « Le numerique: impact sur le cycle de vie du document » , Montreal, 13 au 15 octobre 2004, 14 pages. ENSSIB - babel - edit, fevrier 2007. En ligne &lt;http://www.enssib.fr/bibliotheque-numerique/document-1203&gt; et &lt;http://www.ebsi.umontreal.ca/rech/ebsi-enssib/pdf/marcoux.pdf&gt;.</s>
    <s>DA SYLVA, Lyne; RUSSELL, Graham; MARCOUX, Yves; DOLL, Frederic. « L'equipe du GRDS au Defi Fouille de textes 2006 : Indexo-II », Actes de la conference DEFT'06 (Defi francophone de fouille de textes), Fribourg (Suisse), 21-22 septembre 2006, 15 pages. En ligne &lt;http://www.lri.fr/ia/fdt/DEFT06/articles/DEFT06-DaSylva-Russell-Marcoux-Doll.pdf&gt;.</s>
    <s>MARCOUX, Yves. &quot;A natural-language approach to modeling: Why is some XML so difficult to write?&quot; Actes de la conference Extreme Markup Languages 2006 , aout 2006, 14 pages. En ligne &lt;http://conferences.idealliance.org/extreme/html/2006/Marcoux01/EML2006Marcoux01.html&gt; (format PDF et diapositives).</s>
    <s>DAOUST, François; MARCOUX, Yves. « Logiciels d'analyse textuelle : vers un format XML-TEI pour l'echange de corpus annotes », Actes des 8es journees internationales d'analyse statistique des donnees textuelles (JADT) 2006 , Besançon (France), Presses Universitaires de Franche-Comte, 2006, vol. 1, pp. 327-340. En ligne &lt;http://www.ling.uqam.ca/sato/publications/bibliographie/daoust-marcoux-JADT2006.pdf&gt;</s>
    <s>MARCOUX, Yves. « Vers un cadre unificateur pour l'enseignement des methodes et outils de gestion de l'information numerique ». Actes du colloque international « L'information numerique et les enjeux de la societe de l'information » , Institut Superieur de Documentation (Universite de la Manouba, Tunisie), 14 au 16 avril 2005. Revue maghrebine de documentation 2005 (1), no 13-15, pp. 363-370. Sur invitation.</s>
    <s>Publications avant 2005</s>
  </text>
</page>
