<?xml version="1.0" encoding="UTF-8"?>
<!DOCTYPE page SYSTEM "page.dtd">
<page>
  <lang>fr</lang>
  <url>http://www.conferenciersformateurs.com/grande-vitrine.html</url>
  <title>Liste des présentations - Grande Vitrine des Conférenciers ...</title>
  <snippet>
    <s>5 conférences de 15 minutes par bloc de 90 minutes. </s>
  </snippet>
  <text>
    <s>Qui sommes-nous</s>
    <s>Liste des présentations</s>
    <s>Ne manquez pas la 6e édition</s>
    <s>réunissant jusqu'à 30 professionnels</s>
    <s>Lundi 19 septembre 2011</s>
    <s>Grande sélection de conferenciers / formateurs</s>
    <s>Jusqu'à 30 présentations en simultané dans 2 salles.</s>
    <s>5 conférences de 15 minutes par bloc de 90 minutes.</s>
    <s>Temps alloué après chaque bloc</s>
    <s>pour rencontrer et échanger avec les conférenciers.</s>
    <s>Profitez de ce grand evenement pour entendre ce qu'ils ont a vous offrir.</s>
    <s>Venez selectionner vos conferences pour l'annee en un seul endroit !</s>
    <s>Places limitees. Reservez maintenant</s>
    <s>Les conférences sont diffusées dans 2 salles en simultanée :</s>
    <s>Salon Bleu et Salon Rouge</s>
    <s>Liste partielle des présentations</s>
    <s>Salon Bleu</s>
    <s>*Seuls les acheteurs de conférences et de formations sont admissibles*</s>
    <s>Les secrets de l'influence et de la communication efficace</s>
    <s>Comment influencer et vendre vos idées auprès du monde qui vous entoure? Cette présentation interactive outille tous les niveaux d’une organisation. Offrez un avantage à vos équipes pouvant faire ''LA'' différence, auprès de ceux qu’elles auront à convaincre.</s>
    <s>Bruno Daigle CAD Communications</s>
    <s>Stress sans détresse en affaires</s>
    <s>Auteur et sommité internationale en gestion du stress, il a mis sur pied et animé avec l’auteur David Servan-Schreiber des programmes faisant appel à la cohérence cardiaque qu’il applique à la prise de décision en entreprise.</s>
    <s>Dr David O'Hare M.D.</s>
    <s>Comment aborder les défis avec énergie</s>
    <s>Toutes entreprises rencontrent des chances et des malchances. Le secret est de tirer profit des deux à l’aide de nos perceptions. Venez apprendre comment dans une ambiance décontractée à l’aide d’exemples concrets et amusants.</s>
    <s>Denis Carignan Denis Carignan Conférencier</s>
    <s>Créativité-Allumez votre hémisphère droit</s>
    <s>Découvrez le xecret des artistesPar une initiation aux concepts et techniques de la créativité appliquée et la pratique d’activités productives, allumez le côté droit de votre cerveau et augmentez vos capacités à trouver des solutions innovatrices.</s>
    <s>Catherine Lachance et Caroline Mercier CCA Concept Creativite Appliquee</s>
    <s>Rire et réfléchir sur la gestion constructive du changement</s>
    <s>C’est la résistance et la négativité qui épuise dans le changement. Alors comment développer une meilleur attitude, s’entraider au lieu de s’isoler, influencer au lieu de subir le changement. Découvrez comment en faire un défi de croissance pour vous transformer</s>
    <s>Raymond Arpin Solutions humaines</s>
    <s>OSER avec ceux qui nous compliquent la vie</s>
    <s>Comment faire pour vivre avec ceux que nous trouvons insupportables? Cette conférence propose des stratégies (OSER) pour enfin retrouver la maîtrise de soi face aux personnalités difficiles qui nous entourent, du bureau au souper du dimanche.</s>
    <s>Kathryn Peterson Groupe conseil CLE</s>
    <s>Pause : 10h30 - 1045</s>
    <s>Vivez la vie en 3D!</s>
    <s>Vos collègues ont-ils de la vitalité ou risquent-ils de passer leur vie alitée? Défi, Dynamisme et Détermination pour se sortir du mode boulot-dodo. Un homme, un outil: le Maximisateur de Potentiel qui mettra en valeur vos talents. Prêt à passer au 3D?</s>
    <s>Bruno Bégin Maximisateur de Potentiel</s>
    <s>Au-delà des trucs et des techniques de vente</s>
    <s>Nos méthodes d’enrichissement des communications de vente sont des façons uniques que nous avons d’utiliser les talents de vente et de communication des participants, de les mettre à contribution et de les accompagner pour que la formation ait un impact réel sur les ventes</s>
    <s>François Héroux et Pierre Savard Formation de Vente inc</s>
    <s>La réalité en 5 temps</s>
    <s>Quelle est la plus grande richesse d’une équipe ? Les différences des individus qui la composent. Venez découvrir comment stimuler le potentiel créateur de chacun qui en se multipliant va propulser votre équipe vers la réussite.</s>
    <s>Anick Lemay et Luc St-Amour Permosens</s>
    <s>Changer le décor!</s>
    <s>Activité de mobilisation s’adressant à toutes les clientèles. Les participants vont s’amuser, bouger, interagir, mais surtout prendre des engagements pour retrouver davantage de plaisir et d’énergie au travail. Idéal en ouverture ou fermeture de congrès ou lors d’une retraite d’équipe.</s>
    <s>Stéphane Simard Connexion Y</s>
    <s>Vivre centré et enraciné</s>
    <s>Harmoniser sa vie personnelle et professionnelle est une question de gestion d’énergie. Pourquoi ? Parce qu’atteindre ses buts et se réaliser exige d’être bien enraciné. Canaliser son énergie est un art et une science innée à la portée de tous.</s>
    <s>Carole Lecompte Les Productions du Bison Rose</s>
    <s>Agir avec courage dans nos organisations</s>
    <s>Vous croyez qu’il faut faire preuve de courage pour relever les défis auxquels nous sommes confrontés en 2011, tout en préservant les relations avec notre entourage? Découvrez quelle forme doit prend ce courage et quelques-unes de ses composantes essentielles!</s>
    <s>Mario Côté Réseau DOF</s>
    <s>Choisissez-vous et agissez!</s>
    <s>Les gens demandent: Comment faire pour que mes employés ou encore mon fils se donnent un bon Coup de Pied? Découvrez ce qu'elles leur répondentDeux femmes d'affaires audacieuses, auteures du livre «Un Coup de Pied bien placé» abordent 15 sujets à travers leur concept.</s>
    <s>Ariane Cloutier et Ève Raymond Les coups de pieds</s>
    <s>Dîner : 12h30 à 13h45</s>
    <s>Un client… pas comme les autres !</s>
    <s>Je vous invite à redécouvrir « le client », notre réelle raison d’être, sous un angle nouveau afin de nous permettre de le servir, comme un client pas comme les autresCette conférence représente la fondation de la « Nouvelle Motivation Humaine »…</s>
    <s>Stéphane Pinel Tremplin</s>
    <s>Collectiv’art… une expérience d'équipe colorée</s>
    <s>Permettez à vos employés d’expérimenter une activité qui les sort des normes habituelles; la création d’une toile collective. Une approche inspirante pour divertir, optimiser la collaboration dans l’équipe et accroître le sentiment d’appartenance.</s>
    <s>Raymond Arpin Team Building Arpin Gauthier et Créativité</s>
    <s>La biomécanique du succès ?</s>
    <s>Découvrez la biomécanique interne et les mystères du corps humain. Transformez vos tensions et douleurs en source d’énergie inépuisable. Clarifiez vos intentions, focalisez votre attention et manifestez votre vision du succès.</s>
    <s>Patrick Salibi D.O. - Ostéo Yoga</s>
    <s>Le Leader Authentique</s>
    <s>L’« Entreprise à succès » passe par le leadership authentique. Un Leader Authentique travaille dans l’Être au lieu du paraître. Il sait reconnaître ses forces et ses faiblesses et possède la sagesse de saisir et capter chez l’Autre ces éléments de complémentarité et de complicité.</s>
    <s>Kathleen Sears C.R.H.A. IMPAQ 2000 Plus</s>
    <s>Non coupableMais responsable</s>
    <s>À qui la faute? Chercher le coupable me satisfait à court terme. Être responsable, de ce qui m’appartient, transforme ma façon d’être pour maintenant et toujours. Être « Maître de ma vie », c’est ça le vrai pouvoir</s>
    <s>Louise Moreau - Conférencière et Formatrice</s>
    <s>Les effets positifs de la gestion par la reconnaissance</s>
    <s>Peu ou pas assez utilisé, cet outil de gestion donne des résultats impressionnants.Créant synergie dans l'équipe, stimule l'engagement et la productivité, aide à conserver vos meilleurs éléments. De petits gestes à appliquer pour des résultats payants</s>
    <s>Bruno Daigle CAD Communications</s>
    <s>Sujet à changement sans préavis</s>
    <s>Liste partielle des présentations</s>
    <s>Salon Rouge</s>
    <s>Animer, partager et interagir avec le public.</s>
    <s>Ce que j’aime encore plus c’est d’observer et de participer au miracle qui se produit lorsque</s>
    <s>les gens osent s’ouvrir en groupe ! </s>
    <s>Perry Mandanici Animateur d’Atelier interactif</s>
    <s>Initiation à l’industrie de l’autonomie</s>
    <s>À chaque mois, 100 000 canadiens célèbrent leur 60 ans. Vos produits ou vos services sont-ils adaptés et à la hauteur des attentes de cette population? Une conférence qui offre de nouvelles perspectives d’affaires.</s>
    <s>Marie-Josée Brisson La vie sans limite</s>
    <s>L'art de convaincre</s>
    <s>Chacun a son mode de fonctionnement qui sert de porte d’entrée pour le persuader et l’influencer. Je vous offre des outils pour mieux comprendre votre interlocuteur, créer une relation constructive, influer positivement et être plus efficace.</s>
    <s>Nadia Talhi Coach personnel et professionnel - Enseignante certifiée en PNL</s>
    <s>Tonifiez votre vitalité</s>
    <s>Un «must» pour les personnes actives qui veulent s’accomplir tant dans leur vie personnelle que professionnelle et ce, sans y laisser leur peauPar des exercices de mise en forme psychologique, découvrez comment maintenir et augmenter l'énergie essentielle à la vie moderne.</s>
    <s>Michel Grise M.Ps. psychologue - Conférencier</s>
    <s>Nous pouvons tous être des leaders positifs</s>
    <s>Le 30 juin dernier, s’il a été invité à la résidence du Gouverneur général du Canada, pour rencontrer le duc et la duchesse de Cambridge, c’est grâce à son leadership. Eric Bélanger inspire à être audacieux et à croire en ses rêves, mais surtout en l’importance de l’action.</s>
    <s>Éric Bélanger Conférencier</s>
    <s>9 millions de coups de rame en quête d’excellence</s>
    <s>Leadership, changement, consolidation d’équipe, ça vous intéresse? Le modèle CANU expose le rôle des équipiers et celui du coach en contexte de haute performance. Rêve, Émotion, Engagement… De la conscience olympique à la performance organisationnelle!</s>
    <s>Maxime Boilard CANU L’Excellence à Bord</s>
    <s>Savoir-vivre pour plaire et être reconnu</s>
    <s>Avec compétence, humour et simplicité Esther Pelchat présente l’étiquette des affaires. Des anecdotes savoureuses et des astuces efficaces vous aideront à être celui ou celle avec qui on aime travailler et faire des affaires.</s>
    <s>Esther Pelchat Étiquette des Affaires et protocole international</s>
    <s>Pause 10h30 à 10h45</s>
    <s>À défaut de pouvoir contrôler le temps…</s>
    <s>Nous ne pouvons gérer le temps. Il avance d’heure en heure en dépit de nos efforts pour le contrôler. Pourquoi alors certains accomplissent-ils plus de travail et atteignent-ils leurs buts plus rapidement? Et si la solution était de se gérer soi-même efficacement?</s>
    <s>Nathalie Bureau L’Art de l’Organisation</s>
    <s>Communication 2.0</s>
    <s>Imaginez une communication sans limite…Vivez l’expérience scienceconscience.com. Le contenu intelligent de nos conférences, animations et formations en ligne saura vous inspirer, vous divertir et vous séduire en format multimédia. Soyez actif</s>
    <s>Brigitte Lebreton Bionopsys Inc.</s>
    <s>Savoir LÂCHER PRISE… une sagesse oubliée !</s>
    <s>Spécialiste en lâcher prise, l’auteure du best seller Le temps de lâcher prise en transmet simplement depuis 1999 ici et en Europe, les notions approfondies afin d’apprendre à alléger la rigidité mentale pour favoriser équilibre personnel et santé.</s>
    <s>Dolores Lamarre Institut Dolores Lamarre</s>
    <s>Un tout NOUVEAU concept de Team Building!</s>
    <s>Une équipe d'experts, formée de facilitateurs, formateurs, conférenciers, coachs, animateurs et organisateurs d'événements, vous propose des concepts de Team Building originaux qui atteignent vos objectifs à tout coup.</s>
    <s>Geneviève Lemay Agence de Team Building</s>
    <s>Pour faire la différence!</s>
    <s>Cette psychologue non traditionnelle vous amène à oser faire les choses différemment pour attirer les talents, mobiliser vos équipes de travail et assurer le transfert d’expertise afin d’optimiser vos stratégies liées aux enjeux organisationnels et humains.</s>
    <s>Josée Blondin Intersources</s>
    <s>Sortez gagnant de la jungle des médias sociaux</s>
    <s>Pierre Trudel, formateur et conférencier, s’allie à Patrick Lussier, expert en création de défis d’équipe. Maîtrisez l’impact des médias sociaux sur votre milieu d’affaires et vos employés. Conférence, formation et activité de cohésion d’équipe.</s>
    <s>Pierre Trudel et Patrick Lussier Avantage Interaction client inc</s>
    <s>Peut-on réveillez le loup qui dort?</s>
    <s>Employés différents au point où il semble impossible de travailler avec eux? Pourquoi ne pas stimuler ces relations? Vivant moi-même avec un TDAH, je propose d'aborder certains tabous, les démystifier et utiliser votre équipe à son plein potentiel.</s>
    <s>Marie-Josée Bélanger Zone RH</s>
    <s>Dîner 12h30 à 13h45</s>
    <s>Mobilisez votre équipe avec les percussions Samajam</s>
    <s>Chaque année, près de 400 entreprises mobilisent leurs équipes avec les activités musicales participatives Samajam. Venez vivre l’expérience en direct et découvrir pourquoi ces team building, conférences et spectacles participatifs agréés remportent autant de succès.</s>
    <s>Louis Bellemare Groupe Samajam, Service d’intervention en entreprise</s>
    <s>L'envie de vivre</s>
    <s>En devenant conscient(e) de qui je suis véritablement, de ce qui me fait vibrer et fait du sens dans mes activités personnelles et professionnelles, je peux retrouver ma passion de vivre et ainsi, me réaliser pleinement dans ma vie et mon travail !</s>
    <s>Marie-Hélène Beauséjour Conférencière</s>
    <s>Les conflits… on les évite…il nous rattrapent.</s>
    <s>Une vie sans conflit, est-ce possible? Pas réellement. Par contre, il est possible d’apprendre à diminuer les situations conflictuelles que nous vivons en s’outillant afin d’y faire face et ainsi augmenter ses compétences relationnelles.</s>
    <s>Jacynthe Dicaire, C.R.I.A. Formatrice et consultante</s>
    <s>Consolidation d’équipe par la solidarité humaine</s>
    <s>Une approche innovatrice en consolidation d’équipe qui permet à vos employés et à vos cadres de faire ressortir le meilleur d’eux pour ensuite l’utiliser en entreprise. Comment? En créant des moments d’ouverture rendus possibles par la rencontre avec des moins nantis</s>
    <s>Eugénie Francoeur Voyager pour l’humanité</s>
    <s>Le Réseauteur, Formateur, Conférencier et Consultant</s>
    <s>L'art du marketing relationnel et de l'intégration professionnelle des médias sociaux en entreprise – Pour que VOS relations d’affaires soient PROFITABLES !</s>
    <s>Christian masson Le réseauteur</s>
    <s>Sujet à changement sans préavis</s>
    <s>Édition 2011</s>
    <s>Réservez vos laissez-passer, cliquez ici.</s>
    <s>Voyez la video de la Grande Vitrine</s>
    <s>Une réalisation du Groupe des événements corporatifs</s>
    <s>Obtenez vos laissez-passer</s>
    <s>pour la 6e édition</s>
    <s>de la Vitrine</s>
    <s>Où et quand ?</s>
    <s>19 septembre 2011</s>
    <s>de 8h à 17h</s>
    <s>au Centre de Congrès Renaissance</s>
    <s>7550 boul. Henri-Bourassa Est</s>
    <s>3 FAÇONS DE PAYER</s>
    <s>(C) 2011 Grande Vitrine des Conférenciers - Formateurs</s>
  </text>
</page>
