<?xml version="1.0" encoding="UTF-8"?>
<!DOCTYPE page SYSTEM "page.dtd">
<page>
  <lang>fr</lang>
  <url>http://www.drupagora.com/a_propos_de_drupagora</url>
  <title>Qu&#39;est-ce que la conférence Drupagora ? | Drupagora</title>
  <snippet>
    <s>Dates, lieux et organisation. La conférence Drupagora se tient à la maison des associations Paris 13ème, le 10 Novembre 2011 de 9h à 18h. La conférence se </s>
  </snippet>
  <text>
    <s>Aller au contenu principal</s>
    <s>Le 10 novembre 2011</s>
    <s>Le Programme</s>
    <s>Nos partenaires</s>
    <s>En savoir plus</s>
    <s>Inscrivez vous</s>
    <s>Qu'est-ce que la conférence Drupagora ?</s>
    <s>La conférence Drupagora est un événement professionnel consacré à la plate-forme Drupal et aux technologies Web. </s>
    <s>Drupagora 2011 aura lieu à Paris le 10 novembre 2011 et est destiné en priorité à un public fonctionnel  : chef de projet, directeur informatique.</s>
    <s>Drupagora rassemble les différents acteurs de la profession et valorise le dynamisme français en terme de technologies de pointe sur Internet. La journée est constituée de conférences et d' ateliers .</s>
    <s>&gt; Audience</s>
    <s>Les conférences sont à destination de professionnels des métiers du web. Trois types de profils sont particulièrement ciblés :</s>
    <s>Chefs de projets</s>
    <s>Directeurs Informatiques</s>
    <s>Développeurs Web (PHP, HTML, .Net, Web 2.0)</s>
    <s>&gt; Carte d'identité du forum</s>
    <s>Visiteurs : plus de 250 participants attendus.</s>
    <s>Tarif entrée : 50 Euros la journée. Tarif spécial pour les membres de drupalfr (20 Euros).</s>
    <s>&gt; Dates, lieux et organisation</s>
    <s>La conférence Drupagora se tient à la maison des associations Paris 13ème, le 10 Novembre 2011 de 9h à 18h. La conférence se déroule sur une journée avec une programmation consultable sur le site : http://www.drupagora.com</s>
    <s>&gt; Les espaces :</s>
    <s>Un amphithéâtre de 250 places</s>
    <s>Deux salles de 80 places</s>
    <s>Une salle atelier de 60 places</s>
    <s>Deux espaces de rencontres et d'échanges</s>
    <s>Aucun autre événement en France ne propose autant de ressources et d'expertises dédiées aux chefs de projets et DSI, réunies en un même lieu.</s>
    <s>&gt; L'organisation</s>
    <s>L'organisation de la conférence Drupagora est pilotée par un comité de programme composé d'experts reconnus sur Drupal.</s>
    <s>&gt; Adresse et plan</s>
    <s>Maison des associations</s>
    <s>11, rue Caillaux</s>
    <s>75013 PARIS</s>
    <s>Agrandir le plan</s>
    <s>A propos de Drupagora</s>
    <s>Nous contacter</s>
  </text>
</page>
