<?xml version="1.0" encoding="UTF-8"?>
<!DOCTYPE page SYSTEM "page.dtd">
<page>
  <lang>fr</lang>
  <url>http://www.holidaycheck.fr/region-Infos%2Bvoyages_Panama-f_1375~1400-rid_282.html</url>
  <title>Hôtels Panama avec Business/ Conférence, Réception 24 h/24</title>
  <snippet>
    <s> portail de voyageurs avec les caractéristiques: ✔Business/ Conférence, ✔ Réception 24 h/24. Hotel Continental Panama City in Panamá (ville), Panama </s>
  </snippet>
  <text>
    <s>Inscrivez-vous | Connectez-vous</s>
    <s>Pour vos vacances, ne profitez que des bonnes surprises !</s>
    <s>Amérique Centrale</s>
    <s>Amérique du Nord</s>
    <s>Amérique du Sud</s>
    <s>Moyen Orient</s>
    <s>Partager un avis</s>
    <s>Evaluer un hôtel</s>
    <s>Télécharger des photos</s>
    <s>Evaluer une activité sur place</s>
    <s>Télécharger des vidéos</s>
    <s>Rédiger un récit de voyage</s>
    <s>Evaluer une croisière</s>
    <s>Forum vacances</s>
    <s>Accueil &gt; Amérique Centrale &gt; Panama &gt; Panama</s>
    <s>Indication: Veuillez activer JavaScript., afin de pouvoir utiliser HolidayCheck dans sa totalité.</s>
    <s>Vos photos</s>
    <s>Vos vidéos</s>
    <s>Vos activités</s>
    <s>Donnez votre avis</s>
    <s>Trouvez l´hôtel idéal</s>
    <s>région Panama Ville</s>
    <s>Chitre (1)</s>
    <s>Colon (1)</s>
    <s>Panamá (ville) (15)</s>
    <s>Boquete (1) Chitre (1) Colon (1) Panamá (ville) (15) Playa Bonita (1)</s>
    <s>Nombre d'étoiles</s>
    <s>&amp; plus (9) (5) (4) &amp; moins (0)</s>
    <s>Recommandé par</s>
    <s>Par les couples (0) Par les familles (0) Par les célibataires &amp; amis (0)</s>
    <s>Sport, Loisirs &amp; Bien-être</s>
    <s>Piscine (13) Animation / divertissement (10) Spa / centre de bien-être (12)</s>
    <s>Salle de fitness (14) Sports d'extérieur (1) Golf (2) Sports d'intérieur (1) Tennis (5) Sauna (9) Sports nautiques (1)</s>
    <s>Équipement de l´hôtel</s>
    <s>Business/ Conférence Restaurant dans l'hôtel (17) Bar dans l'hôtel (13)</s>
    <s>Accès internet (9) Ascenseur (10) Terrasse (1) Possibilités de stationnement (16) Magasins (5) Zone fumeur (1) Jardin (2) Distributeur de billets (1) Bagagerie (2) Sécurité à l´hôtel (12)</s>
    <s>Équipement de la chambre</s>
    <s>Balcon / Terrasse (5) Climatisation (16) TV (18)</s>
    <s>Lit pour bébé (8) Minibar (10) Multimédia (11) Salle de bain (19) Électroménager (13) Accessoires de toilette (7) Coffre-fort (13) Bureau (6) Coin salon (2) Téléphone (5)</s>
    <s>Service de l´hôtel</s>
    <s>Réception 24 h/24 Service de chambre (15) Transfert aéroport de l´hôtel (5)</s>
    <s>Location de voitures à l´hôtel (10) Changement de devises (4) Bureau d'information pour les excursions (5) Check-in /check-out express (1) Service de lingerie (16) Journal dans le lobby (9)</s>
    <s>Plus de caractéristiques sur l´hôtel</s>
    <s>Enfants bienvenus (8) Hôtel design (1) Animaux autorisés (1)</s>
    <s>Chambres accessibles aux personnes handicapées (11) Hôtel non-fumeur (10) Installations pour barbecue (1)</s>
    <s>Chaîne hôtelière</s>
    <s>Marriott (2) Sheraton (1)</s>
    <s>Panama : vos hôtels préférés</s>
    <s>Vos hôtels coup de coeur</s>
    <s>Vos hôtels à petit prix</s>
    <s>Villes préférées</s>
    <s>Hôtels Panamá (ville)</s>
    <s>Hôtels Bocas Del Toro</s>
    <s>Hôtels Playa Blanca</s>
    <s>Hôtels Colon</s>
    <s>Hôtels Boquete</s>
    <s>Hôtels David</s>
    <s>Hôtels El Valle De Anton</s>
    <s>Hôtels Kuna Yala</s>
    <s>Hôtels Ile de Contadora</s>
    <s>Hôtels Farallon</s>
    <s>Hôtels Chitre</s>
    <s>Hôtels El Valle</s>
    <s>Hôtels Las Lajas</s>
    <s>Hôtels Gamboa</s>
    <s>Hôtels Isla Boca Brava</s>
    <s>Hôtels Bambito</s>
    <s>Hôtels Santiago de Veraguas</s>
    <s>Hôtels Penonomé</s>
    <s>Hôtels La Arena</s>
    <s>Hôtels Isla Bastimentos</s>
    <s>voir plusfermer</s>
    <s>19 Hôtels en Panama</s>
    <s>Offres Popularité Prix</s>
    <s>Classer selon</s>
    <s>Afficher les hôtels sur la carteFermer la carte</s>
    <s>Afficher sur la carte des infos sur les alentours</s>
    <s>Carte A</s>
    <s>Recommandation 100%</s>
    <s>2 avis</s>
    <s>Hôtel seul:</s>
    <s>A partir de 185,- €</s>
    <s>par nuit</s>
    <s>Voir l'offre</s>
    <s>Hotel Intercontinental Playa Bon </s>
    <s>à Playa Bonita</s>
    <s>Carte B</s>
    <s>Recommandation 100%</s>
    <s>2 avis</s>
    <s>Hôtel seul:</s>
    <s>A partir de 100,24 €</s>
    <s>par nuit</s>
    <s>Voir l'offre</s>
    <s>Hotel Country Inn &amp; Suites Blvd .</s>
    <s>à Panamá (ville)</s>
    <s>Carte C</s>
    <s>0 Avis</s>
    <s>Hôtel seul:</s>
    <s>A partir de 98,- €</s>
    <s>par nuit</s>
    <s>Voir l'offre</s>
    <s>Hotel Riande Continental &amp; Casino</s>
    <s>à Panamá (ville)</s>
    <s>Carte D</s>
    <s>0 Avis</s>
    <s>Hôtel seul:</s>
    <s>A partir de 179,- €</s>
    <s>par nuit</s>
    <s>Voir l'offre</s>
    <s>Hotel Panama Marriott</s>
    <s>à Panamá (ville)</s>
    <s>Carte E</s>
    <s>0 Avis</s>
    <s>Hôtel seul:</s>
    <s>A partir de 91,82 €</s>
    <s>par nuit</s>
    <s>Voir l'offre</s>
    <s>Hotel Riande Granada</s>
    <s>à Panamá (ville)</s>
    <s>Carte F</s>
    <s>4 avis</s>
    <s>Hôtel seul:</s>
    <s>A partir de 171,- €</s>
    <s>par nuit</s>
    <s>Voir l'offre</s>
    <s>Hotel El Panama</s>
    <s>à Panamá (ville)</s>
    <s>Carte G</s>
    <s>1 avis</s>
    <s>Hôtel seul:</s>
    <s>A partir de 94,- €</s>
    <s>par nuit</s>
    <s>Voir l'offre</s>
    <s>Hotel Riande Aeropuerto</s>
    <s>à Panamá (ville)</s>
    <s>Carte H</s>
    <s>0 Avis</s>
    <s>Hôtel seul:</s>
    <s>A partir de 94,36 €</s>
    <s>par nuit</s>
    <s>Voir l'offre</s>
    <s>Hotel Courtyard by Marriott Panama</s>
    <s>à Panamá (ville)</s>
    <s>Carte I</s>
    <s>Recommandation 100%</s>
    <s>1 avis</s>
    <s>Aucune offre est disponible pour cet hôtel.</s>
    <s>Hotel Trump Ocean Club Panama</s>
    <s>à Panamá (ville)</s>
    <s>Carte J</s>
    <s>Recommandation 100%</s>
    <s>1 avis</s>
    <s>Aucune offre est disponible pour cet hôtel.</s>
    <s>Hotel Miramar Intercontinental</s>
    <s>à Panamá (ville)</s>
    <s>| suivant »</s>
    <s>Pas de résultat pour cette requête. Réinitialiser tous mes critères.</s>
    <s>Plus sur Panama</s>
    <s>Partager et évaluer</s>
    <s>Donnez votre avis</s>
    <s>Partagez vos photos</s>
    <s>Partagez vos vidéos</s>
    <s>Donnez votre avis</s>
    <s>Panama: Coup d´oeil</s>
    <s>Climat et températures</s>
    <s>Surveiller les nouvelles contributions</s>
    <s>Vos derniers avis</s>
    <s>Vos dernières photos</s>
    <s>Vos dernières vidéos</s>
    <s>Activités sur place : vos derniers avis</s>
    <s>Infos pratiques / Bon à savoir</s>
    <s>Plan du site</s>
    <s>Panama : préparez votre séjour</s>
    <s>Avant de partir</s>
    <s>Informations générales</s>
    <s>Se déplacer</s>
    <s>Vivre &amp; découvrir</s>
    <s>Avant de partir</s>
    <s>Aucune contribution n'a été envoyée jusqu'à présent pour Panama. Partagez avec d'autres voyageurs toutes les informations dont vous disposez pour cette région et jouez le rôle du &quot;guide touristique&quot;</s>
    <s>Rédiger une contribution</s>
    <s>Informations générales</s>
    <s>Aucune contribution n'a été envoyée jusqu'à présent pour Panama. Partagez avec d'autres voyageurs toutes les informations dont vous disposez pour cette région et jouez le rôle du &quot;guide touristique&quot;</s>
    <s>Rédiger une contribution</s>
    <s>Se déplacer</s>
    <s>Aucune contribution n'a été envoyée jusqu'à présent pour Panama. Partagez avec d'autres voyageurs toutes les informations dont vous disposez pour cette région et jouez le rôle du &quot;guide touristique&quot;</s>
    <s>Rédiger une contribution</s>
    <s>Vivre &amp; découvrir</s>
    <s>Aucune contribution n'a été envoyée jusqu'à présent pour Panama. Partagez avec d'autres voyageurs toutes les informations dont vous disposez pour cette région et jouez le rôle du &quot;guide touristique&quot;</s>
    <s>Rédiger une contribution</s>
    <s>Les bons plans les plus appréciés</s>
    <s>Tours Rudi en Panama</s>
    <s>Canal de Panama e </s>
    <s>Village des Indie </s>
    <s>Zone de libre-éch </s>
    <s>Toutes les activités sur place</s>
    <s>Panama : les meilleures destinations de vacances</s>
    <s>Panamá (ville)</s>
    <s>Ile de Contadora</s>
    <s>Bocas Del Toro</s>
    <s>Kuna Yala</s>
    <s>Les avis des voyageurs Panama</s>
    <s>Un paradis!!Hôtel recommandé</s>
    <s>Hotel Continental Panama City in Panamá (ville), Panama</s>
    <s> Hotel Continental Panama City L'hôtel Continental de Panama City est un vrai petit paradis. Tout y est beau, grand et luxueux. J'y suis allée en couple et franchement je ne regrette pas. La vue sur la mer et vraiment magnifique. L'hôtel se trouve juste au pied de la mer. Continuer à lire l'avis</s>
    <s>en Février 11</s>
    <s>Marie, Âge: 36-40, Couple</s>
    <s>Cet avis a été lu 52 fois</s>
    <s>Trés bel hôtel à visiter, plage très propre!Hôtel recommandé</s>
    <s>Casa Selva del Mar in Bocas Del Toro, Panama</s>
    <s>Hôtel très accueillant le personnel est très bien malgré qu'il ne parle Français et l'acceuil également Pour ceux qui aime les boutiques il y en plein et la plage à proximité.Les commerçants sont très gentils Continuer à lire l'avis</s>
    <s>en Septembre 09</s>
    <s>Marie-Claude, Âge: 56-60, Couple</s>
    <s>Cet avis a été lu 12 fois</s>
    <s>Hôtel accueillant!Hôtel recommandé</s>
    <s>Hotel Marparaiso in Panamá (ville), Panama</s>
    <s>J'ai bien apprécié mon séjour de 3 nuits dans cet hôtel, personnel accueillant et propreté des lieux, bon rapport qualité prix. Le petit déjeuner, qui est compris dans la nuité, était très copieux. Je recommandeContinuer à lire l'avis</s>
    <s>en Mai 11</s>
    <s>Laetitia, Âge: 26-30, Famille</s>
    <s>Cet avis a été lu 3 fois</s>
    <s>Infos &amp; Aide</s>
    <s>Plan du site</s>
    <s>Pour les partenaires</s>
    <s>Card Partner</s>
    <s>Représentant d'une destination</s>
    <s>Médias /Marketing</s>
    <s>Qui sommes-nous?</s>
    <s>Offres d'emploi</s>
    <s>Conditions d’utilisation</s>
    <s>Protection des données</s>
    <s>Conditions générales</s>
    <s>Mentions légales</s>
    <s>Si vous envisagez de partir en vacances dans la région Panama, n'hésitez pas à rechercher des hôtels Panama, Panama sur HolidayCheck, afin de bien préparer votre voyage.</s>
    <s>© 1999 - 2011, tout droit réservé.</s>
  </text>
</page>
