<?xml version="1.0" encoding="UTF-8"?>
<!DOCTYPE page SYSTEM "page.dtd">
<page>
  <lang>fr</lang>
  <url>http://www.vergaderhamer.be/fr/avantages-personne-qui-reserve.html</url>
  <title>lieux de conférence et de réunion classifiés - avantages personne ...</title>
  <snippet>
    <s>avantages de la classification nationale des lieux de conférence et de réunion pour la personne qui réserve. les marteaux vous donnent une idée de la qualité </s>
  </snippet>
  <text>
    <s>!logo congres- en vergaderclassificatie</s>
    <s>personne qui rrve</s>
    <s>lieu de confnce ou de rion</s>
    <s>propriire d'accommodation</s>
    <s>inscrivez-vous ici</s>
    <s>outils de marketing</s>
    <s>procre de classification</s>
    <s>conditions grales</s>
    <s>crits 1-5 marteaux</s>
    <s>conditions grales</s>
    <s>crits de capacita&gt;</s>
    <s>[accessibilit amgement et image</s>
    <s>toilettes et dispositifs pour handicap/a&gt;</s>
    <s>[equipement audio-visuel</s>
    <s>ipement de salle / lumi / bruit</s>
    <s>information / qualit service</s>
    <s>repas / boissons</s>
    <s>tcharger la version imprim/a&gt;</s>
    <s>inscrivez-vous ici</s>
    <s>outils de marketing</s>
    <s>erkende congresorganisatiebureaus</s>
    <s>conditions grales</s>
    <s>dans le media</s>
    <s>5 marteaux</s>
    <s>4 marteaux</s>
    <s>3 marteaux</s>
    <s>2 marteaux</s>
    <s>1 marteaux</s>
    <s>!5 hamers</s>
    <s>top niveau</s>
    <s>Un lieu avec une image extremement luxueuse, qui repond aux exigences techniques les plus strictes pour les reunions et offre un niveau tres eleve de facilites complementaires telles que des services divers et le catering.</s>
    <s>!5 hamers</s>
    <s>professionnel eleve</s>
    <s>Une image professionnelle luxueuse, qui repond aux exigences techniques les plus strictes pour les reunions.</s>
    <s>!5 hamers</s>
    <s>efficace et confortable</s>
    <s>Un lieu avec une image soignee, qui repond a des exigences techniques elevees pour les reunions.</s>
    <s>!5 hamers</s>
    <s>equipement de base</s>
    <s>Un lieu simple, dote d'equipements restreints pour les reunions.</s>
    <s>!5 hamers</s>
    <s>Un lieu tres simple, dote d'equipements techniques basiques pour les reunions.</s>
    <s>avantages de la classification nationale des lieux de conference et de reunion pour la personne qui reserve</s>
    <s>les marteaux vous donnent une idee de la qualite des lieux de conference et de reunion, et des installations dont ils disposent les donnees de classification des lieux vous sont rendues accessibles et transparentes via des sites de consommateurs et de reservation au moyen de quelques criteres de recherche,</s>
    <s>vous pouvez trouver rapidement et facilement un lieu adequat</s>
    <s>avantages des bureaux d'organisation de conferences agrees pour la personne qui reserve</s>
    <s>vous beneficiez de garanties importantes; la preparation, l'organisation et l'encadrement le jour de l'evenement jusqu'a la cloture</s>
    <s>vous pouvez etre certain que votre evenement se deroulera sans encombre</s>
    <s>vous pouvez compter sur une qualite optimale de la part de ces precurseurs dans leur domaine; ils sont regulierement controles par des inspecteurs externes</s>
    <s>les criteres sont affines en permanence et etendus en fonction des souhaits des clients et des evolutions technologiques</s>
    <s>les bureaux d'organisation de conferences veulent etre en tete dans le domaine des 'reunions professionnelles'</s>
    <s>seule une societe qui repond a tous les criteres peut obtenir l'appellation 'Societe de conferences agreee'</s>
    <s>recherche blissement</s>
    <s>1 2 3 4 5 Inspection</s>
    <s>tous types lieux de reunion Lieux de conference</s>
    <s>Pays-Bas Belgique</s>
    <s>province (nl)</s>
    <s>Groningue Frise Drenthe Overijssel Flevoland Gueldre Utrecht Hollande-Septentrionale Hollande-Meridionale Zelande Brabant-Septentrional Limbourg</s>
    <s>province (be)</s>
    <s>Anvers Limbourg Flandre-Orientale Brabant flamand Flandre-Occidentale Brabant wallon Hainaut Liege Luxembourg Namur</s>
    <s>recherche blissement - mot cl</s>
    <s>tous les types lieux de rion lieux de confnce</s>
    <s>votre mot-cldiv&gt;</s>
    <s>inscrivez-vous: lettre dinformation</s>
    <s>Inscrire Annuler</s>
    <s>une garantie de qualit</s>
    <s>Les lieux de conference et de reunion classifies font regulierement l'objet d'une inspection approfondie afin de verifier qu'ils repondent toujours aux criteres de qualite imposes. Si vous estimez que la qualite n'est pas celle escomptee, n'hesitez pas a nous en informer.</s>
    <s>affichez vos marteaux</s>
    <s>En tant que lieu classifie, vous recevez plusieurs outils de marketing remarquables; drapeaux, depliants, logos, </s>
    <s>Utilisez-les a l'accueil, dans vos imprimes et vos publicites</s>
    <s>avantages classification</s>
    <s>evaluation objective</s>
    <s>marche transparent</s>
    <s>promotion collective</s>
    <s>promotion de la norme de qualite</s>
    <s>controle de qualite externe</s>
    <s>Powered by creatrix.be</s>
  </text>
</page>
