<?xml version="1.0" encoding="UTF-8"?>
<!DOCTYPE page SYSTEM "page.dtd">
<page>
  <lang>fr</lang>
  <url>http://www.ijc.org/rel/2003biennial/fri_speak_fr.php</url>
  <title>Conférence et réunion biennale sur les Grands Lacs — Conférenciers</title>
  <snippet>
    <s>11 janv. 2011 Elle a présidé le comité du programme technique de la 12e Conférence internationale sur les espèces aquatiques envahissantes, qui a eu lieu </s>
  </snippet>
  <text>
    <s>!Restoring the Greatness: 2003 Great Lakes Conference and Biennial Meeting on 19-20 September 2003 in Ann Abor, Michigan USA</s>
    <s>The registration period is over</s>
    <s>Renseignements sur la rion</s>
    <s>Atelier de jeudi</s>
    <s>sur les PA/PGP</s>
    <s>Ordre du jour de</s>
    <s>la Confnce sur</s>
    <s>les Grands Lacs</s>
    <s>de vendredi</s>
    <s>Ordre du jour de</s>
    <s>la Rion biennale de</s>
    <s>The registration period is over. If you would like to attend Friday and/or Saturday's workshops, you can register on site.</s>
    <s>Confnce et rion biennale sur les Grands Lacs Confnciers</s>
    <s>En ordre alphabque de nom de famille</s>
    <s>Frank Anscombe est un logiste industriel qui travaille EPA des ats-Unis, hicago. Il sintsse au calcul du bilan massique des apports de mux lourds dans les procs de fabrication. Il a organisne de sur les ssions dune usine, dune durde deux semaines, aprquon a signalue le proc de blanchiment au chloralcali consommait davantage de mercure que ne le laissaient croire les rejets. Frank a aussi appliqua formation de lUniversite Chicago en analyse nomique examen des effets sur la santublique de fourniture de mercure sans rd au prix es pays en dloppement.</s>
    <s>Richard Artz est co-prdent amcain du Conseil consultatif international sur la qualite lair et directeur de lAir Resources Laboratory de la National Oceanic and Atmospheric Administration, ilver Springs (Maryland). Il dirige le National Atmospheric Deposition Program (NADP) pour les dts humides, dans le cadre de lAtmospheric Integrated Monitoring Network, qui consiste en un complexe de stations visant onder sur des recherches les options rlis des raux de surveillance des rejets de substances polluantes du pays.</s>
    <s>Dr. Stephen Brandt est directeur du Great Lakes Environmental Research Laboratory de la National Oceanic and Atmospheric Administration (NOAA), situ Ann Arbor (Michigan). Il g un programme de recherche diversifiur la limnologie physique, chimique et biologique et llogie des pes des Grands lacs. Parmi ses intts en recherche figurent llogie et la gestion des systs marins et dulcicoles, la modsation spatiale, et la mise au point et lutilisation de technologies subaquatiques dobservation et de prsion.</s>
    <s>Dr. David Carpenter est co-prdent amcain du Groupe de travail sur la santes systs et membre du Conseil consultatif scientifique des Grands Lacs. Il est professeur Environmental Health and Toxicology Division de la School of Public Health de lUniversitAlbany, dans lat de New York. Avant de se joindre ette universitDr Carpenter it un mcin spalisn recherche au Wadsworth Center for Laboratories and Research.</s>
    <s>Dr. Milton Clark est le conseiller principal pour les questions scientifiques et sanitaires de la Ron 5, hicago, de lEnvironmental Protection Agency des ats-Unis. Il a grandement contribu des luations du risque, particuliment les risques prntpar les dets dangereux dans les sites du Superfund. Membre du Conseil consultatif scientifique des Grands Lacs, il a participux travaux de la Commission mixte internationale pendant plus de 20 ans.</s>
    <s>Doug Cuthbert est le co directeur canadien de lude internationale sur le lac Ontario et le fleuve Saint Laurent de la Commission mixte internationale. Conjointement avec son homologue amcain, il prde le Groupe dde et dirige lipe chargde lude, qui est formde 120 personnes. En 2002, il sest retiru poste de gestionnaire quil occupait nvironnement Canada, urlington (Ontario). ce poste, il it responsable de tous les programmes scientifiques sur leau et lair en Ontario et dans les Grands Lacs. Il a en outre co prdent canadien de conseils des Grands Lacs de la CMI et particip des des dulant de renvois a Commission. Il est titulaire dun baccalaur et dune maise en ge civil et en ge des ressources hydriques. Il est membre dorganisations de professionnels et de groupes dintt qui se penchent sur des questions touchant leau.</s>
    <s>Dr. John Dellinger est professeur en sciences de la sant lUniversitu Wisconsin, ilwaukee. Il a occupe poste denquur principal de lde sur la santes Ojibwas (Ojibwa Health Study) pendant plus de 10 ans. Il est membre du Groupe de travail des professionnels de la santGTPS) de la CMI.</s>
    <s>Dr. Michael Donahue a nomm la Great Lakes Commission en 1987, dont il est maintenant le prdent et le chef de la direction. Il assume des responsabilitdans les domaines de ladministration, de la planification stratque, de lboration de programmes ainsi que des relations avec les autres ats, le gouvernement fral et le congrainsi que de la gestion des programmes de lAdministration et de la Coordination ronale. Il est ex-membre doffice de tous les comitet groupes de travail. Dr Donahue est lement professeur auxiliaire de lUniversitu Michigan, et il est actuellement prdent amcain du Conseil consultatif scientifique de la Commission mixte internationale. Il poss trois dipl de lUniversitu Michigan, notamment un doctorat en planification urbaine, technologique et environnementale.</s>
    <s>Brian L. Gibson est un consultant mcal principal a Direction de la santublique du minist de la Santt des Soins de longue durde lOntario. Il est actuellement chef de lUnite la toxicologie et de lhygi du milieu. Dr Gibson a travaillnze ans au sein dunitde la santpalis dans les questions dhygi du milieu. Il a mcin hygiste adjoint et mcin hygiste intmaire pour la Ville de Toronto (1986-1989) ainsi que mcin hygiste adjoint pour la municipalitonale de Hamilton Wentworth (1989-1994). Il a enseignhygi du milieu Universite Toronto (1994-1999) et ole de la santublique de lUniversite Boston (1999-2000). Il connabien les questions environnementales li au plomb, au mercure, incintion des dets, aux PCB dans le sol et dans les poissons des Grands Lacs, aux risques et avantages de la consommation de poisson et dautres esps sauvages, a pollution atmosphque, a salubrite leau et au virus du Nil occidental.</s>
    <s>Norman Grannemann est coordonnateur du programme sur les ressources en eaux souterraines de lU.S. Geological Survey (USGS). Il coordonne les des sur les eaux souterraines de lUSGS elle des ats-Unis, dont un projet danalyse des eaux souterraines peu profondes dans le bassin de la rivi St. Joseph, qui se trouve dans le bassin hydrographique du lac Michigan. Gogue de mer, il est spaliste de lhydrogogie. Son poste se trouve ansing (Michigan).</s>
    <s>Dr. Isobel Heathcote est la doyenne des udes supeures de lUniversite Guelph. Elle est lement professeur nommonjointement ole de ge et a Facultes sciences de lenvironnement. Elle est dipl de lUniversite Toronto et de lUniversitale. Possnt une grande expence de la CMI et de nombreuses connaissances sur la qualite leau dans les Grands Lacs, elle est la co-prdente canadienne du Conseil consultatif des sciences. Son expertise est trrecherch elle a publie nombreux documents scientifiques et it plusieurs livres, notamment un livre fondamental intitulntegrated Watershed Management:Principles and Practice. Au cours des trois derniers exercices biennaux, Dr Heathcote a la principale collaboratrice aux activitdu Conseil consultatif des sciences (CCS) touchant lutilisation des terres publi dans la section rrvau CCS dans le Rapport de la CMI sur les prioritdans les Grands Lacs.</s>
    <s>Dr. Heraline Hicks est membre du Groupe de travail des professionnels de la santGTPS) de la CMI ainsi que chercheur principal en hygi du milieu et gestionnaire du Great Lakes Human Health Effects Research Program (Programme de recherche sur les effets de la pollution des Grands Lacs sur la santumaine) de lAgency for Toxic Substances Disease Registry (ATSDR). lATSDR, Dr Hicks g le Programme de recherche sur les effets de la pollution des Grands Lacs sur la santumaine, autorisar le congr qui die les effets potentiels ourt terme (et ong terme) sur la sante lexposition es substances toxiques par la consommation de poissons contamindes Grands Lacs. Elle reprnte aussi lATSDR au sein de nombreux comitnationaux et internationaux, notamment lEndocrine Disruptor Screening and Testing Advisory Committee (comitonsultatif sur lexamen prable et lanalyse des perturbateurs endocriniens) de lEnvironmental Protection Agency (EPA) des ats-Unis.</s>
    <s>Dr. Anthony Hopkin est un chercheur scientifique a sous-section de lamgement paysager de Ressources naturelles Canada. Il sintsse principalement luation des incidences des insectes et des maladies et application de linformation aux systs dappui a dsion. Il participe lement es travaux lia santes for, particuliment le rdes maladies dans les systs forestiers.</s>
    <s>Doug Jensen est le coordonnateur du Sea Grant's Exotic Species Information Center du Minnesota. Il dirige les programmes de sensibilisation et de vulgarisation publiques pour le compte du Minnesota Sea Grant afin de prnir lintroduction et la propagation des esps exotiques. Relativement aux esps aquatiques envahissantes, M. Jensen est une autoritn mati de politique, de recherche et de vulgarisation, et il donne fremment des exposconcernant lanalyse des dangers prntpar ces esps, les points de contrcritiques pour les secteurs de laquaculture et des poissons-app ainsi que la prntion de la propagation de ces esps par la sensibilisation du public.</s>
    <s>John W. Kangas est ingeur hydraulique a Great Lakes and Ohio River Division de lU.S. Army Corps of Engineers. Il est le secrire amcain des conseils internationaux de contrdu lac Supeur, de la rivi Niagara et du fleuve Saint-Laurent ainsi que du Comitnternational du Niagara. Il est aussi le prdent amcain du Comite coordination des donn hydrauliques et hydrologiques de base des Grands Lacs. Avant sa nomination itre de secrire amcain, il a fourni un soutien au personnel des conseils de contrdes Grands Lacs (artir de 1978) et particip plusieurs des de la Commission mixte internationale.</s>
    <s>George Kuper est prdent et chef de la direction du Council of Great Lakes Industries, association formdorganisations industrielles canadiennes et amcaines ayant dimportants investissements dans la ron des Grands Lacs. Avant doccuper ce poste, il a prdent et chef de la direction de lIndustrial Technology Institute (ITI), organisation sans but lucratif axsur la fabrication, la recherche, le dloppement et le doiement situnn Arbor (Michigan). Pendant son mandat, lITI est devenu la plus grande organisation du genre ider les manufacturiers aux ats Unis. M. Kuper a aussi directeur extif (1983-1988) du Manufacturing Studies Board de la National Academy of Science, ashington, D. C. ainsi quun des principaux fondateurs du National Center for Manufacturing Sciences. Par ailleurs, il a directeur extif du National Center for Productivity and Quality of Working Life, poste auquel il avait nommar le prdent Gerald Ford.</s>
    <s>Dr. David Lodge est professeur au drtement de biologie de lUniversitotre Dame. Dr Lodge a prdent de lInvasive Species Advisory Committee, qui collabore avec le conseiller scientifique du Secrire Inteur et son personnel en vue de formuler le Plan de gestion national. Il a lement prdent du groupe de travail du doyen de Notre Dame sur lcation et la recherche sur lenvironnement ainsi que directeur du programme spalisu College of Science Honors.</s>
    <s>Dr. Hugh MacIsaac est professeur de biologie au Great Lakes Institute for Environmental Research de lUniversite Windsor. Son laboratoire die llogie des communautde ces lacs en sintssant surtout aux esps envahissantes. titre de partenaire du Great Lakes Environmental Research Laboratory, nn Arbor, et de lUniversitld Dominion, son laboratoire a dies sments et des antillons deau de lest rduelle provenant de navires des Grands Lacs et de la baie de Chesapeake. Ces des consistent rver, dans les bateaux qui entrent dans le rau, des antillons de sments et deaux rduelles en vue ddier les invertvivants, le phytoplancton ou les microbes ainsi quvaluer la viabilite la diapause de chacun de ces groupes.</s>
    <s>Beth MacKay est une biologiste spalisen introduction desps qui travaille pour la Section de la conservation et de la planification du minist des Richesses naturelles de lOntario. Elle a prde comitu programme technique de la 12e Confnce internationale sur les esps aquatiques envahissantes, qui a eu lieu en juin 2003 indsor (Ontario), et elle a participctivement aux initiatives provinciales visant ementer limportation de poissons vivants.</s>
    <s>Tom McAuley est conseiller principal en ingerie de la Section canadienne de la Commission mixte internationale, ttawa. Il a la responsabilitremi de toutes les questions li a gestion des eaux transfrontalis des bassins du fleuve Columbia et des rivis St. Mary et Milk, dans lOuest. Il est lement conseiller principal des conseils internationaux de contrdu lac Supeur, de la rivi Niagara et du fleuve Saint Laurent ainsi que de lude internationale sur le lac Ontario et le fleuve Saint Laurent de la Commission. Il est titulaire dune M.Sc. en ge civil (ressources hydriques) de lUniversitu Manitoba et de licences professionnelles en ge de lOntario et du Michigan.</s>
    <s>Dr. Deborah McCullough poursuit un programme intensif de recherche, de vulgarisation et denseignement en entomologie foresti. Elle identifie les impacts et les facteurs associaux populations dinsectes ravageurs des for et aide laborer des strates de gestion ong terme visant onserver ou morer la santes for. Dans le domaine de la recherche, ses intts portent sur la dynamique des populations dinsectes forestiers, sur les effets des perturbations sur les esps dinsectes forestiers et sur les interactions entre les insectes forestiers indigs et les insectes forestiers exotiques.</s>
    <s>John Mills est directeur gral ronal de la Ron de lOntario dEnvironnement Canada. Il supervise lextion de tous les programmes dEnvironnement Canada, notamment ceux touchant les services de conservation, de protection et de morologie. Il est le co responsable canadien du Programme des Grands Lacs et co prdent du Conseil de la qualite leau de la CMI.</s>
    <s>Dr. Linda D. Mortsch est chercheur principal au sein du Groupe de la recherche sur ladaptation et les rrcussions dEnvironnement Canada. Elle est aussi professeur adjoint du drtement de graphie de la Facultdes environnementales de lUniversite Waterloo. Ses intts en recherche sont notamment lluation des impacts du climat et ladaptation dans les ressources en eau et les milieux humides. De 1992 997, Dr Mortsch it la responsable canadienne du Projet du bassin des Grands Lacs et du Saint-Laurent sur ladaptation aux rrcussions du changement et de la variabilitlimatiques. Elle a fait partie du groupe dexperts des systs terrestres naturels au sein du Groupe dexperts intergouvernemental sur llution du climat, itre dauteur principal du chapitre portant sur les ressources en eau en Amque du Nord. Elle a donnes conseils sur le changement climatique dans le cadre de lU.K. Climate Impacts Programme, de lU.S. National Climate Change Assessment, du Fonds daction pour le changement climatique et de lALENA-CCE.</s>
    <s>Phil Moy est prdent du Dispersal Barrier Advisory Panel. Il est aussi prdent du Great Lakes Panel on Aquatic Nuisance Species (comite recherche des Grands Lacs sur les nuisances aquatiques) et spaliste des pes rattachu Sea Grant Institute de lUniversitu Wisconsin. Le Dispersal Barrier Advisory Panel, qui a fondn 1996, compte des reprntants dagences ronales et dats amcains, de groupes logiques et dutilisateurs du canal. Le comit recommandinstaller un rau de doubles barris de protection destinu Chicago Sanitary and Ship Canal et a rsi btenir lautorisation et le financement de ces barris en oite collaboration avec la CMI et lArmy Corps of Engineers.</s>
    <s>Victoria Pebbles est gestionnaire principale de projet concernant le transport et le dloppement durable, au sein de la Great Lakes Commission, nn Arbor (Michigan). Elle sintsse es questions de transport et de dloppement durable, fait de la recherche et de lanalyse politique ax sur des initiatives li utilisation des terres, a remise en valeur des sites industriels urbains contaminainsi quau dloppement durable. Elle appuie lement des mouvements de dnse des droits au congrainsi que la Charte de lsyst du bassin des Grands Lacs et du fleuve Saint-Laurent. Elle a occupes postes dans plusieurs bureaux du congr EPA des ats-Unis et a Coastal States Organization. Elle poss une maise en ressources naturelles de lUniversitu Michigan et un baccalaur en des environnementales de lUniversite la Californie anta Cruz.</s>
    <s>Dr. Jeffrey Reutter est directeur de quatre programmes Universitat dOhio, situ Columbus (Ohio) : F.T. Stone Laboratory, Ohio Sea Grant College Program, Center for Lake Erie Area Research et Great Lakes Aquatic Ecosystem Research Consortium. ologiste du milieu aquatique et limnologue, il sintsse beaucoup aux questions li aux changements systques du lac iIl est actuellement le co prdent amcain du Lake Erie Millennium Network.</s>
    <s>Karen Rodriques est spaliste de programmes au Great Lakes National Program Office de lEnvironmental Protection Agency des ats-Unis. Elle est chef de lipe responsable du rblissement et de la protection logique. Elle g un petit programme de subventions destin es projets de protection logique et de dnstration en mati de rblissement. Elle collabore aussi avec les citoyens du bassin des Grands Lacs qui sintssent aux questions logiques touchant les Grands Lacs et qui tentent de les rer.</s>
    <s>William Rustem est vice-prdent principal de Public Sector Consultants (PSC) et consultant principal en politiques de lenvironnement et en dloppement nomique. Avant de se joindre ette firme, M. Rustem a directeur de cabinet du gouverneur William G. Milliken, conseiller sur les questions environnementales et directeur intmaire de la Toxic Substances Control Commission. Apravoir occupn poste au service de lat du Michigan, M. Rustem est devenu le premier directeur extif du nouveau Center for the Great Lakes, hicago, et il sest alors joint aux Michigan United Conservation Clubs itre de directeur du dloppement. ces postes, M. Rustem a acquis une expertise spale dans les campagnes denjeux. Il a coordonna campagne de ptions touchant le projet de loi du Michigan sur les bouteilles en 1976, co-prda campagne de 1980 visant inancer lcation par des sources autres que les taxes foncis et coordonna campagne elle de lat en vue de faire adopter un amendement constitutionnel permettant de cr le Michigan Natural Resources Trust Fund en 1984. En plus de collaborer avec les clients de la firme es questions denvironnement et de dloppement nomique, M. Rustem est le principal coordonnateur des travaux effectupar PSC pour le compte dune grande fondation dont le projet national est daider les rpiendaires de ses subventions ndre a dlution du gouvernement fral vers les gouvernements des ats de lautoritoncernant des programmes locaux. Il travaille chez PSC depuis 1985. M. Rustem, qui a fait ses des Universitat du Michigan, dent un baccalaur en sciences sociales et une maise en dloppement des ressources.</s>
    <s>Dr. Joel D. Scheraga est le directeur national de programme du Global Change Research Program Office of Research and Development de lEnvironmental Protection Agency des ats-Unis. Il g un programme de recherche dont le budget totalise 22,6 millions de dollars et qui fait appel lus de 50 employrrtis dans cinq centres et laboratoires. Il supervise des luations politiques des impacts potentiels du changement mondial (plus particuliment le changement climatique et la variabilitu climat) sur la santumaine, la qualite lair, la qualite leau et les systs.</s>
    <s>Dennis Schornack prde la Section amcaine de la Commission mixte internationale. Nommar le prdent George W. Bush, il est entrn fonction le 8 avril 2002. Avant dexercer ses fonctions a CMI, M. Schornack a occupes postes vsous la direction du gouverneur du Michigan, John Engler, notamment les postes de conseiller spal pour les initiatives stratques, de directeur de lOffice of Health Care Reform and Policy Development et de conseiller principal en politiques.</s>
    <s>John Sewell est avocat de formation, mais il a consacra plus grande partie de sa carri iffnts aspects de la politique locale : il a conseiller municipal de Toronto de 1969 984; maire de Toronto de 1978 980; animateur communautaire et activiste de 1966 e jour; chroniqueur des affaires urbaines au Globe and Mail de 1984 986; prdent de lorganisme responsable des logements sociaux oronto de 1986 988; prdent de la Commission (royale) sur la rrme de lamgement et lexploitation du territoire en Ontario de 1991 993; conseiller du conseil municipal dEast London, en Afrique du Sud, de 1994 999; conseiller pour le rblissement dun gouvernement local au Malawi en 2000; chroniqueur des affaires urbaines pour NOW Weekly (Toronto) de 1988 999 et pour eye WEEKLY de 1999 e jour. Il tient souvent des confnces sur la politique locale ainsi que sur les questions damgement du territoire.</s>
    <s>John Shaw g le Fonds fral dassainissement des Grands Lacs pour Environnement Canada. Ce programme, dont le budget reprnte plusieurs millions de dollars permet de faire la dnstration, en collaboration avec dautres agences, de technologies nomiques visant blir des sites prioritaires dans toute la ron des Grands Lacs. Il sagit dun programme diversifiui appuie la dnstration et la mise en uvre de technologies servant ontr les eaux pluviales et les trop-pleins duts unitaires; ptimiser les usines de traitement des eaux us; nlever et raiter les sments contamin utter contre la pollution rurale diffuse; ettre au point des techniques de rblissement de lhabitat des esps fauniques et aquatiques.</s>
    <s>Dr. Harvey Shear est conseiller scientifique ronal pour Environnement Canada et co-prdent canadien du Conseil des gestionnaires de la recherche sur les Grands Lacs, de la CMI. titre de conseiller scientifique ronal, il est charge donner des conseils scientifiques sur les questions prioritaires au directeur gral ronal et au Conseil de gestion ronal. Dr Shear est charge la section ontarienne du Rau national dluation et de surveillance logiques. Il est lement responsable du volet canadien de la Confnce biennale sur lt des systs lacustres ainsi que du rapport sur lt des Grands Lacs.</s>
    <s>Thomas V. Skinner a nommu poste dadministrateur ronal de la Ron 5 de lEnvironmental Protection Agency en juin 2001. Il dirige la mise en uvre des programmes environnementaux fraux dans les ats des Grands Lacs (Illinois, Indiana, Michigan, Minnesota, Ohio et Wisconsin). M. Skinner est aussi le gestionnaire du Great Lakes National Program de lEPA, ce qui lui vaut aussi de le prdent amcain du Binational Executive Committee for the Great Lakes. Ce comitonstitue la principale tribune o ats-Unis et le Canada peuvent discuter de questions concernant les Grands Lacs. M. Skinner est le premier ex commissaire dat Environnement ccuper le poste dadministrateur de la Ron 5. titre de directeur de lIllinois Environmental Protection Agency, il a travaillu cabinet du gouverneur George Ryan de 1999 a nomination en tant quadministrateur ronal. Avant cela, il avait pendant huit ans un partenaire du drtement de droit de lenvironnement du cabinet davocats Winston &amp; Strawn de Chicago. Il a aussi un adjoint spal du gouverneur de lIllinois, James Thompson, de 1988 991.</s>
    <s>Dr. Eugene Stakhiv est le co-directeur amcain de lude internationale sur le lac Ontario et le fleuve Saint-Laurent de la Commission mixte internationale. Il est aussi chef de la Policy Division de lInstitute for Water Resources de lU.S. Army Corps of Engineers. Il est reprntant amcain au sein de nombreux organismes internationaux sur le changement climatique et leau, dont le Groupe dexperts intergouvernemental sur llution du climat. Dr Stakhiv revient tout juste dIraq opuis le dt de la guerre, il dirigeait le minist des Ressources en eau (anciennement le minist de lIrrigation). Parmi ses responsabilitfiguraient lexamen des infrastructures hydrauliques de lIraq, lappui a restauration des marais salet lblissement de centres de recherche. Dr Stakhiv a reson doctorat en ge des systs de ressources en eau de lUniversitohns Hopkins.</s>
    <s>David Stonehouse est membre du CCS et co-prdent canadien du Groupe de travail des Conseils sur la mise en uvre par les Parties. Urbaniste de profession, il poss une grande expence en mati durbanisme municipal et sintsse a remise en valeur de lenvironnement en milieu urbain. Il travaille actuellement pour la Fondation Evergreen, qui est un organisme de bienfaisance enregistrfondn 1991. Cette organisation sans but lucratif vouenvironnement a comme mandat de rapprocher la nature de nos villes gr es projets de retour t naturel.</s>
    <s>Steve Thorp est responsable des questions de transport et de dloppement durable, de la recherche et de lanalyse politique depuis 1982. Auparavant, il it planificateur des transports pour le drtement des Transports du Minnesota ainsi quurbaniste aux paliers ronal et municipal. Il est titulaire dun baccalaur et dune maise de lUniversitu Minnesota.</s>
    <s>David A. Ullrich est devenu directeur de la Great Lakes Cities Initiative en juillet 2003. Avant doccuper ce poste, il it sous-administrateur ronal et conseiller juridique ronal intmaire pour la Ron 5 de lEnvironmental Protection Agency. Il it charge collaborer avec les collectivitainsi quavec les ats, les tribus et dautres partenaires udre les probls environnementaux et ssurer un environnement plus durable. La ron accorde une attention particuli aux Grands Lacs, au Mississippi, a rivi Ohio et autres ressources et secteurs importants du haut Midwest. Il it auparavant administrateur ronal intmaire.</s>
    <s>Jay Unwin poss une formation en ge de lenvironnement. Depuis 24 ans, il travaille pour le National Council for Air and Stream Improvement, Inc. (NCASI, un organisme de recherche environnemental de lindustrie des produits forestiers), oest actuellement directeur ronal du Nord et assume des responsabilitdans le domaine de la recherche sur les eaux. Il a passoute sa carri dans le bassin des Grands Lacs. Ses domaines dintt en recherche englobent la surveillance des eaux souterraines, la gestion des dets solides et la qualites eaux de surface. Il sest lement intss de nombreuses questions relatives a gestion des dets solides et a qualite leau dans les Grands Lacs et elle nationale. Il est membre du Conseil consultatif scientifique des Grands Lacs depuis 12 ans.</s>
    <s>Carte dAnn Arbor, Michigan</s>
    <s>Plan du campus de lU. du M.</s>
    <s>Dernier mis our: January 11, 2011</s>
    <s>!Restoring the Greatness: 2003 Great Lakes Conference and Biennial Meeting on 19-20 September 2003 in Ann Arbor, Michigan USA</s>
    <s>Questions ou des difficulttechniques?</s>
    <s>Communiquez avec Jennifer Day, CMI-Windsor</s>
  </text>
</page>
