<?xml version="1.0" encoding="UTF-8"?>
<!DOCTYPE page SYSTEM "page.dtd">
<page>
  <lang>fr</lang>
  <url>http://www.hotelapollo.de/fr/conference.html</url>
  <title>Conférence - Apollo Hotel &amp; Restaurant in Regensburg</title>
  <snippet>
    <s>Les deux salles de conférence peuvent accueillir maximum 60 personnes et pause-café dans la matinée café, thé, fruits et avec supplément viennoiserie </s>
  </snippet>
  <text>
    <s>Ideal et philosophie</s>
    <s>Votre séjour</s>
    <s>Se détendre</s>
    <s>Regensburg ville classique</s>
    <s>Sur les traces de Gloria</s>
    <s>Bon d'achat cadeau à commander en ligne</s>
    <s>Réserver une table</s>
    <s>Prendre contact</s>
    <s>Mentions légales</s>
    <s>Recommander la page Version imprimable taille des caractères A A A+</s>
    <s>Les deux salles de conférence peuvent accueillir maximum 60 personnes et sont équipées de façon standard: overhead, flip hart, beamer. Vous pouvez choisir vous-même quelle salle de conférence correspond le mieux à vos besoins :</s>
    <s>Salle de séminaire</s>
    <s>&gt; Salle de séminaire IRIS ou HERA</s>
    <s>40 m², 18 personnes max.</s>
    <s>50,00 € par jour</s>
    <s>Salle de séminaire</s>
    <s>&gt; Salle de séminaires IRIS ou ZEUS</s>
    <s>80 m² 32 personnes max.</s>
    <s>90,00 € par jour</s>
    <s>pause-café dans la matinée</s>
    <s>&gt; café, thé, fruits, bretzels</s>
    <s>4,50 € par personne</s>
    <s>pause-café dans l'après-midi</s>
    <s>&gt; café, thé, fruits et avec supplément viennoiserie</s>
    <s>€ 4,50 par personne</s>
    <s>&gt; seulement café ou thé</s>
    <s>2,20 € par personne</s>
    <s>&gt; boisson sans alcool</s>
    <s>¼ litre 2,20 € par bouteille</s>
    <s>&gt; seulement café ou thé</s>
    <s>2,20 € par personne</s>
    <s>l'eau minérale 0,7 litre 4,50 € par bouteille</s>
    <s>jus de pommes 1 l 5,80 € par bouteille</s>
    <s>déjeuner ou dîner</s>
    <s>&gt; plat principale</s>
    <s>10,50 € par personne</s>
    <s>déjeuner ou dîner</s>
    <s>&gt; Menu deux plats</s>
    <s>12,50 € par personne</s>
    <s>déjeuner ou dîner</s>
    <s>&gt;Menu trois plats</s>
    <s>14,50 € par personne</s>
    <s>écran, Flipchart-holder</s>
    <s>Technique pour louer</s>
    <s>Flipchart 0,80 € la feuille</s>
    <s>Télévision 8,00 € par jour</s>
    <s>magnétoscope 5,00 €</s>
    <s>Overheadprojector 15,00 € par jour</s>
    <s>Photocopie 0,30 €</s>
    <s>Tableaux blanc magnétique 10,00 € par jour</s>
    <s>panneau 10,00 € par jour</s>
    <s>beamer 40,00 € par jour</s>
    <s>chambre simple ou double</s>
    <s>équipée de douche, toilettes, téléphone, télévision câblée, radio-réveil, sèche-cheveux, modem connexion, petit déjeuner en buffet inclus</s>
    <s>chambre simple prix spécial 60,00 € par personne/nuit chambre double prix spécial 85,00 € deux personnes/nuit</s>
    <s>Apollo **</s>
    <s>Hotel &amp; Restaurant</s>
    <s>Neuprüll 17</s>
    <s>93051 Regensburg / Deutschland</s>
    <s>Irmgard Rösch</s>
    <s>Téléphone: 0049(0)941/9105-0</s>
    <s>Fax: 0049(0)941/9105-70</s>
    <s>Bienvenue | Contact | Mentions légales</s>
  </text>
</page>
