<?xml version="1.0" encoding="UTF-8"?>
<!DOCTYPE page SYSTEM "page.dtd">
<page>
  <lang>fr</lang>
  <url>http://www.isima.fr/cosi/cosi2011/appel.php</url>
  <title>COSI&#39;2011 Web Site</title>
  <snippet>
    <s>Les articles acceptés par le comité de programme seront publiés dans les actes du colloque. Certains articles présentés lors de la conférence et répondant aux </s>
  </snippet>
  <text>
    <s>Colloque sur l'Optimisation et les Systemes d'Information</s>
    <s>COSI'2011, 24-28 Avril 2011, Guelma, Alge</s>
    <s>Universite de Guelma</s>
    <s>Faculte des Mathematiques, Informatique et Sciences de la Mati</s>
    <s>Drtement Informatique</s>
    <s>Appel ommunications</s>
    <s>Dates Importantes</s>
    <s>Soumission d'articles</s>
    <s>Papiers accept/a&gt;</s>
    <s>Editions precedentes</s>
    <s>Appel ommunications</s>
    <s>COSI (Colloque sur l'Optimisation et les Systs d'Information) a pour objectif de regrouper des chercheurs, issus des communautSysts d'information, Thie des graphes et Optimisation combinatoire.</s>
    <s>Cette huitieme tion de COSI, qui aura lieu 'Universite Guelma du 24 au 28 Avril 2011, fait suite aux manifestations anteures qui se sont tenues a href=&quot;http://www.isima.fr/cosi/cosi2010/&quot;&gt;Ouargla](2010), Annaba(2009), Tizi-Ouzou(2008), Oran (2007), Bejaia (2005), Alger (2006) et Tizi-Ouzou (2004).</s>
    <s>Ths et objectifs</s>
    <s>COSI se veut un lieu convivial de rencontres, de discussions et d'anges, entre chercheurs du sud et du nord autour des ths suivants (liste non limitative):</s>
    <s>&gt;Base de donn</s>
    <s>&gt;Fouille de donn</s>
    <s>&gt;Intation d'information et d'applications</s>
    <s>&gt;Systs d'information et applications d</s>
    <s>&gt;Algorithmique discr</s>
    <s>&gt;Optimisation combinatoire, programmation mathtique, optimisation,</s>
    <s>&gt;Reprntation des connaissances et raisonnement</s>
    <s>&gt;Programmation par contraintes</s>
    <s>&gt;Traitement d'images et vision artificielle</s>
    <s>Les contributions et les applications intant la dimension du dloppement durable sont particuliment appr (gestion des dets, rgie, gestion de leau, gestion de risque, urbanisme, logistique et transport, santcation ).</s>
    <s>Un aprmidi sera consacr la prntation de posters et de dnstrations de logiciels. Nous voulons faire de cet aprmidi un grand espace de discussions entre chercheurs, ingeurs, industriels et enseignants. Nous sollicitons des articles de type dnstration dans la limite de 4 pages (dans le m format que les articles de la confnce) divant loutil/prototype. Les dnstrations accept seront prnt et figureront dans les actes de la confnce.</s>
    <s>Un autre objectif des journ est de permettre aux jeunes chercheurs du domaine de prnter leurs travaux 'ensemble de la communautAussi les diants en th sont encouragoumettre leurs travaux en cours; un prix du meilleur papier &quot;jeune chercheur&quot; peut e drn l'issue du colloque out article darans cette catrie par leurs auteurs lors de la soumission.</s>
    <s>Les soumissions sont exclusivement par voie ctronique. Les articles acceptpar le comite programme seront publidans les actes du colloque.</s>
    <s>Certains articles prntlors de la confnce et rndant aux standards internationaux seront invitpour e publidans des nums spaux des revues suivantes:</s>
    <s>Information - Interaction - Intelligence (I3) Journal</s>
    <s>RAIRO - Operations Research Journal.</s>
  </text>
</page>
