<?xml version="1.0" encoding="UTF-8"?>
<!DOCTYPE page SYSTEM "page.dtd">
<page>
  <lang>fr</lang>
  <url>http://www.chantdoiseau.net/index.php%3Foption%3Dcom_k2%26view%3Ditem%26layout%3Ditem%26id%3D207%26Itemid%3D297</url>
  <title>Conférence sociale du 17 février 2011</title>
  <snippet>
    <s>17 févr. 2011 Actes des colloques &middot; Actes des Conférences Sociales Mensuelles En effet, fera remarquer le conférencier, la nature de citoyen n&#39;est pas un </s>
  </snippet>
  <text>
    <s>Institut des Artisans de Justice et de Paix : IAJP</s>
    <s>Salles de conférence</s>
    <s>Cyber Saint-Christophe</s>
    <s>Programmes annuels</s>
    <s>Programme annuel de l'IAJP de l'année 2010-2011</s>
    <s>Programme annuel de l'IAJP de l'année 2009-2010</s>
    <s>Programme annuel de l'IAJP de l'année 2008-2009</s>
    <s>Programme annuel de l'IAJP de l'année 2007-2008</s>
    <s>Programme annuel de l'IAJP de l'année 2006-2007</s>
    <s>Vulgarisation de la DSE - Projets</s>
    <s>Agents pastoraux</s>
    <s>Ateliers de formation</s>
    <s>Ateliers de réflexion</s>
    <s>Conférences Sociales</s>
    <s>Aperçu global du thème de 2011</s>
    <s>1er thème</s>
    <s>2è thème</s>
    <s>3è thème</s>
    <s>4è thème</s>
    <s>5è thème</s>
    <s>Aperçu global du thème de 2010</s>
    <s>1er thème</s>
    <s>2e thème</s>
    <s>3e thème</s>
    <s>4e thème</s>
    <s>6e thème</s>
    <s>7e thème</s>
    <s>8e thème</s>
    <s>Aperçu global du thème de 2009</s>
    <s>1er thème</s>
    <s>2e thème</s>
    <s>3e thème</s>
    <s>4e thème</s>
    <s>5e thème</s>
    <s>6e thème</s>
    <s>7e thème</s>
    <s>Aperçu global du thème de 2008</s>
    <s>Axe historique</s>
    <s>1er thème</s>
    <s>2e thème</s>
    <s>3e thème</s>
    <s>Axe socio-économique</s>
    <s>4e thème</s>
    <s>5e thème</s>
    <s>Axe éthique</s>
    <s>7e thème</s>
    <s>Aperçu global du thème de 2007</s>
    <s>Axe historique</s>
    <s>1er thème</s>
    <s>2e thème</s>
    <s>3e thème</s>
    <s>Axe socio-économique</s>
    <s>4e thème</s>
    <s>5e thème</s>
    <s>6e thème</s>
    <s>Axe éthique</s>
    <s>7e thème</s>
    <s>Panier des Besoins Elémentaires (PBE)</s>
    <s>Appel du Chant d'Oiseau</s>
    <s>A la découverte du ReJPAO</s>
    <s>Perspectives pour le réseau</s>
    <s>Actes des colloques</s>
    <s>Actes des Conférences Sociales Mensuelles</s>
    <s>Actes des Symposiums</s>
    <s>Collection XWEFA : grand format</s>
    <s>Collection XWEFA : n° spécial</s>
    <s>Collection XWEFA Junior</s>
    <s>Ordo Socialis et Autres Publications</s>
    <s>Qui sommes-nous ?</s>
    <s>A la découverte de l'IAJP</s>
    <s>Nos Actualités</s>
    <s>Skip to content</s>
    <s>Conférence sociale du 17 février 2011</s>
    <s>Thème n°3 : Citoyenneté responsable pour le développement intégral de la personne humaine : entre le déjà et le pas encore</s>
    <s>RAPPORT DE LA CONFÉRENCE SOCIALE MENSUELLE DE L’I.A.J.P. DU 17 Février 2011</s>
    <s>!conf du 17.02.2011 - photo 1a« Citoyenneté responsable pour le développement intégral de la personne humaine : entre le déjà et le pas encore », c’est ce thème qui a rassemblé une soixantaine environ de personnes pour suivre l’exposé de l’abbé Raymond GOUDJO, Professeur de Théologie Morale Sociale au grand séminaire Saint Gall et Directeur de l’IAJP. C’était le 17 février 2011.</s>
    <s>Globalement, l’exposé du conférencier a suivi un plan tripartite précédé et succédé naturellement d’une introduction et d’une conclusion.</s>
    <s>D’emblée, l’abbé Raymond a planté le décor en estimant qu’ « employé de façon excessive, enthousiaste et imprécise, l’expression &quot;citoyen&quot;, aujourd’hui en vogue, prend simultanément plusieurs connotations telles que &quot;social&quot;, &quot;non politicien&quot;, &quot;apolitique&quot;, &quot;amical&quot;, &quot;associé&quot;, &quot;sympathisant&quot;, etc. ». Cette remarque l’emmènera progressivement à situer le citoyen dans plusieurs domaines notamment juridique, social, politique, etc.</s>
    <s>En effet, fera remarquer le conférencier, la nature de citoyen n’est pas un déjà-là ; on devient citoyen par ses efforts responsables au quotidien. C’est d’ailleurs ce qui justifie ses propos qui font du citoyen une personne active, autonome mais devant s’ouvrir à ses semblables dans le sens de la co-opération. Cette ouverture à l’autre que soi s’inscrit dans un mouvement de complémentarité qui fait qu’en définitive, le citoyen est en état de veille participative.</s>
    <s>En réalité, cela ne pourrait se passer autrement dans la mesure où le conférencier insiste pour dire qu’être citoyen, c’est avoir la ferme conscience d’appartenir à un peuple. Dès lors, affirme l’abbé Raymond, le citoyen, développant sa personnalité créative pour le développement de son pays, se fonde sur cinq (05) critères lui assurant liberté, sécurité et prospérité. Ces critères sont :</s>
    <s>le sang ou la conviction du destin commun d’un même peuple</s>
    <s>le territoire ou la conscience du nôtre</s>
    <s>la culture commune ou la patrie</s>
    <s>la Loi, la Constitution ou le cadre juridique de participation</s>
    <s>le projet commun ou une conscience nationale collective</s>
    <s>Somme toute, c’est à travers l’expression responsable, efficace et efficiente de son être-citoyen que la contribution au développement intégral de la personne humaine, c’est-à-dire le développement de tout homme et de tout l’homme pourra être une réalité.</s>
    <s>Mais, parce que n’étant pas un être vivant entre ciel et terre, précisera le conférencier, le citoyen est une personne aux prises avec son historicité. Et à cet égard, malgré d’une part que sa responsabilité n’est pas d’abord acceptation ou protestation et rejet, mais capacité d’écoute et de jugement, donc sens spirituel mûr et équilibré de l’État et que s’il est vraiment éduqué au sens de l’être-citoyen, doit éviter d’être pris au piège du sentimentalisme religieux du politique pour mieux légitimer son pouvoir de coercition et de répartition d’autre part, la réalité quotidienne n’est pas nécessairement reluisante.</s>
    <s>En effet, en dehors de la course parfois effrénée pour le bien matériel, il faut reconnaître avec le conférencier que la majorité des citoyens se laisse malheureusement volontiers mener par des diseurs de bonnes promesses, non pas parce qu’elle est réellement dupe, mais parce que la flatterie a presque toujours un effet innervant sur l’ego de masse. A côté de cela, il faut aussi dire que devenu citoyen obligé par la charge qu’il assume, il fait preuve très tôt d’incapacité puisqu’il se trouve en face des autres et de lui-même : citoyens peu conscients de leur responsabilité citoyenne.</s>
    <s>Fort heureusement, l’abbé Raymond a fini son exposé, non pas sur ces constats à la limite tristes, mais en estimant que le défi de la doctrine sociale, c’est d’arriver à donner au citoyen, le sens du devoir bien fait depuis la base, en ayant une perception accentuée de la communauté.</s>
    <s>De riches échanges ont été menés au terme de la présentation du conférencier. Plusieurs sujets ont fait l’objet des réponses apportées par l’exposant. Il s’agit notamment de la question de l’éducation, de la problématique de la relation entre la religion et la politique, de la participation citoyenne à la gestion de la cité, de la mission de la société civile, du service militaire d’intérêt national, etc.</s>
    <s>!conf du 17.02.2011 - photo 2a</s>
    <s>Programmes annuels</s>
    <s>Vulgarisation de la DSE - Projets</s>
    <s>Conférences Sociales</s>
    <s>Aperçu global du thème de 2011</s>
    <s>1er thème</s>
    <s>2è thème</s>
    <s>3è thème</s>
    <s>4è thème</s>
    <s>5è thème</s>
    <s>Aperçu global du thème de 2010</s>
    <s>Aperçu global du thème de 2009</s>
    <s>Aperçu global du thème de 2008</s>
    <s>Aperçu global du thème de 2007</s>
    <s>Panier des Besoins Elémentaires (PBE)</s>
    <s>Appel du Chant d'Oiseau</s>
    <s>Vous êtes sur : ProgrammationConférences SocialesAperçu global du thème de 20113è thème</s>
    <s>Skip to content</s>
    <s>Salles de conférence</s>
    <s>Cyber Saint-Christophe</s>
    <s>Programmes annuels</s>
    <s>Vulgarisation de la DSE</s>
    <s>Conférences Sociales</s>
    <s>Appel du Chant d'Oiseau</s>
    <s>Actes des Colloques</s>
    <s>Actes des Conférences Sociales Mensuelles</s>
    <s>Actes des Symposiums</s>
    <s>Collection XWEFA : grand format</s>
    <s>Collection XWEFA : n° spécial</s>
    <s>Collection XWEFA Junior</s>
    <s>Ordo Socialis et Autres Publications</s>
    <s>Qui sommes-nous ?</s>
    <s>A la découverte de l’IAJP</s>
    <s>Nos actualités</s>
    <s>Copyright © 2010-2011 IAJP / Chant d'Oiseau. Tous droits réservés.</s>
    <s>Adresse : 04 BP 578 Cotonou, Bénin</s>
    <s>Tel : (00229) 21 30 29 30 / 21 30 57 51 / 21 30 51 59</s>
    <s>Fax : (00229) 21 30 99 62</s>
    <s>www.chantdoiseau.net ou www.iajp.net</s>
    <s>Site conçu et réalisé par Oxygen.</s>
  </text>
</page>
