<?xml version="1.0" encoding="UTF-8"?>
<!DOCTYPE page SYSTEM "page.dtd">
<page>
  <lang>fr</lang>
  <url>http://www.slideshare.net/tourisme.pays.medoc/tutoriel-creer-sa-google-adresse-les-differentes-fonctionnalites-de-google-adresse</url>
  <title>Tutoriel - Creer sa google adresse, les differentes fonctionnalites...</title>
  <snippet>
    <s>4 mars 2011 Ce tutoriel explique pas à pas comment créer sa page sur Google Bienvenue au Pays Bretagne, Chargée de mission sur les Marques de . Atelier Frotsi après -midi 1013 views; Conférence e-Tourisme 2008 2444 views </s>
  </snippet>
  <text>
    <s>SlideShare. Present yourself.</s>
    <s>Login or Signup</s>
    <s>Go Pro</s>
    <s>Tutoriel - Creer sa google adresse, les differentes fonctionnalites de Google Adresse</s>
    <s>7 months ago</s>
    <s>Favorited ×</s>
    <s>Copy and paste this code into your blog or website Copy Customize Without related content Start from slide number 1 2 3 4 5 6 7 8 9 10 11 12 13 14 15 16 17 18 19 20 21 22 23 24 25 26 27 28 29 30 31 32 33 34 35 36 37 38 39 40 41 42 43 44 45 46 47 48 49 Size (px) 460 x 349 Shortcode for WordPress.com blogs ? Copy Old embed code ? Copy</s>
    <s>We have emailed the verification/download link to &quot;&quot;.</s>
    <s>Login to your email and click the link to download the file directly.</s>
    <s>To request the link at a different email address, update it here. Close</s>
    <s>Validation messages. Success message. Fail message.</s>
    <s>Check your bulk/spam folders if you can't find our mail.</s>
    <s>Flash Player 9 (or above) is needed to view presentations.</s>
    <s>We have detected that you do not have it on your computer. To install it, go here.</s>
    <s>No comments yet</s>
    <s>Embed Video Subscribe to comments</s>
    <s>Post Comment</s>
    <s>Edit your comment Cancel</s>
    <s>Speaker Notes on slide 1</s>
    <s>3 Favorites</s>
    <s>3 days ago</s>
    <s>Tags google adresse</s>
    <s>7 months ago</s>
    <s>, Chargée de mission sur les Marques de Pays at Fédération Régionale des Pays Touristiques de Bretagne, 7 months ago</s>
    <s>3 Groups</s>
    <s>at Pays Médoc, added to the group Animateur Numerique de Territoire</s>
    <s>at Pays Médoc, added to the group Club E-Tourisme Medoc</s>
    <s>at Pays Médoc, added to the group Animation numérique de territoire et tutoriels E-Tourisme</s>
    <s>Tutoriel - Creer sa google adresse, les differentes fonctionnalites de Google Adresse - Presentation Transcript</s>
    <s>1. Créer sa Google Adresse Un outil gratuit, visible… indispensableTUTORIEL © Nicolas Monseigne</s>
    <s>2. Etape 1 Créer son compte Google TUTORIEL © Nicolas Monseigne</s>
    <s>3. TUTORIEL Créer un compte Google, c'est gratuit. Il vous suffit d'avoir une adresse e-mail. Rendez-vous sur www.google.fr et cliquez sur &amp;quot;Connexion&amp;quot; © Nicolas Monseigne</s>
    <s>4. TUTORIEL Cliquez sur &amp;quot;Créer un compte maintenant&amp;quot; © Nicolas Monseigne</s>
    <s>5. TUTORIEL Vous avez juste à renseigner les différents champs © Nicolas Monseigne Le seul point qui puisse être délicat : Vous devez écrire ce mot ici Cochez Et acceptez</s>
    <s>6. Google vous demande maintenant valider votre compte. TUTORIEL © Nicolas Monseigne Pour cela, aller relever vos mails, et cliquez sur le lien d'activation</s>
    <s>7. Vous pouvez maintenant revenir sur GoogleNous allons créer notre Google Adresse… TUTORIEL © Nicolas Monseigne</s>
    <s>8. Etape 2 Créer sa Google Adresse TUTORIEL © Nicolas Monseigne</s>
    <s>9. TUTORIEL Etape 1 : Connectez-vous à votre compte Google © Nicolas Monseigne</s>
    <s>10. Renseignez ici l'adresse mail et le mot de passe donnés lors de la création de votre compte Google, puis &amp;quot;connexion&amp;quot; TUTORIEL © Nicolas Monseigne</s>
    <s>11. On voit que vous êtes connecté à votre compte TUTORIEL © Nicolas Monseigne Saisissez l'adresse du site de Google Adresse : www.google.fr/adresses</s>
    <s>12. Sécurisation des échanges d'information oblige, Google vous demande de vous connecter à nouveau… TUTORIEL © Nicolas Monseigne</s>
    <s>13. Vous voici enfin sur la page qui va vous permettre d'ajouter votre établissement… TUTORIEL © Nicolas Monseigne</s>
    <s>14. Vous voici enfin sur la page qui va vous permettre d'ajouter votre établissement… TUTORIEL © Nicolas Monseigne</s>
    <s>15. Il suffit de renseigner les champs… Le numéro de téléphone donné sera utilisé pour valider votre Google Adresse Il sert aussi à vérifier si une Google Adresse existe déjà avec ce numéro de téléphone (si c'est le cas vous pourrez revendiquer votre propriété) TUTORIEL © Nicolas Monseigne</s>
    <s>16. Cas de figure n°1 Aucune adresse n'est connue avec ce numéro de téléphone TUTORIEL © Nicolas Monseigne</s>
    <s>17. Il suffit ici de renseigner un maximum de champs… Les champs marqués d'une étoile rouge sont obligatoires. TUTORIEL © Nicolas Monseigne</s>
    <s>18. Dans le détail… La localisation sur la carte se fait automatiquement en fonction de l'adresse postale. S'il y a besoin de préciser le lieu (ex. si vous avez un gîte au bout d'un chemin au milieu de la forêt… !), il est vivement conseillé de corriger l'emplacement. TUTORIEL © Nicolas Monseigne De même, concernant la catégorie de votre établissement, en fonction de ce que vous écrirez, des suggestions vont vous être faites. Autant que possible, utilisez les catégories déjà existantes.</s>
    <s>19. Dans le détail… Soignez absolument la description avec des mots clés bien choisis Mentionnez votre environnement (un point de vue remarquable est un plus), et décrivez votre prestation… Attention, vous êtes limités à 200 caractères. Vous pourrez donner beaucoup plus de détails en fin de pages dans la rubrique &amp;quot;Détails supplémentaires&amp;quot; TUTORIEL © Nicolas Monseigne</s>
    <s>20. Dans le détail… Vous pouvez donner ensuite de nombreux détails pratiques. AttentionN'omettez pas les horaires d'ouvertureIls sont maintenant utilisés pour déterminer l'ordre de présentation des Google Adresses (on montre en priorité les adresses des prestataires ouverts au moment où on fait la recherche) TUTORIEL © Nicolas Monseigne Vous pouvez constater sur la droite que les renseignements que vous donnez sont ajoutés automatiquement : vous avez un aperçu de ce que verront les internautes</s>
    <s>21. Dans le détail… Ajoutez du contenu multimédiaPhotos, vidéos, sont autant d'éléments qu'il faut ajouter pour aider l'internaute à visualiser ce que vous proposezProposer une photo est le strict minimum, en montrer 10 est le maximum. Pour les photos, il faut des fichiers de moins de 1 Mo et de 1024 x 1024 pixels maximum. Si besoin, réduisez vos photos avec un outil gratuit comme VSO image resizer TUTORIEL © Nicolas Monseigne Si vous avez une vidéo, c'est encore mieuxHébergez-la sur Youtube (votre compte Google vous le permet), puis donnez l'adresse de cette vidéo ici. Bien sûr vous devez avoir les droits sur photos et vidéos que vous proposez ici</s>
    <s>22.Dans le détail…</s>
    <s>Les détails supplémentaires doivent aussi être le plus détaillés possible</s>
    <s>Quelques exemples d'informations que vous pourriez ajouter :</s>
    <s>Classement 4 étoiles</s>
    <s>Cuisine Traditionnel revisité par notre chef</s>
    <s>A votre disposition Piscine chauffée, accès au golf, WI-FI gratuit</s>
    <s>Heure d'arrivée Avant 15h</s>
    <s>Réserver en ligne www.monsite.com/reservation</s>
    <s>TUTORIEL © Nicolas Monseigne</s>
    <s>23. Une fois tous vos renseignements indiqués, validez(Pensez à bien relire avant, bien sûr ;-) TUTORIEL © Nicolas Monseigne</s>
    <s>24. Etape suivante : la validation Ici on me propose la validation par courrier (on peut aussi habituellement faire ça par téléphone). Vérifiez les coordonnées et terminez. TUTORIEL © Nicolas Monseigne Cette étape de validation est fondamentale !!C'est ce qui permettra d'indiquer sur la fiche de Google Adresse que les informations ont été validées par le propriétaire (donc plus fiables…)</s>
    <s>25. Ici on me propose la validation par courrier (on peut aussi habituellement faire ça par téléphone). Vérifiez les coordonnées et terminez. TUTORIEL © Nicolas Monseigne</s>
    <s>26. Etape suivante : la validation Deux à trois semaines plus tard, vous recevrez un courrier ressemblant à celui-ci : TUTORIEL © Nicolas Monseigne A l'intérieur, toutes les consignes pour finaliser la validation.</s>
    <s>27. Cas de figure n°2 Cette adresse est connue avec ce numéro de téléphone TUTORIEL © Nicolas Monseigne</s>
    <s>28. Si le numéro de téléphone est déjà connu de Google, il va alors afficher l'adresse qu'il connait à ce numéro. Il vous suffit alors de modifier les informations déjà connues, la validation se faisant ultérieurement… TUTORIEL © Nicolas Monseigne</s>
    <s>29. ALLER PLUS LOIN AVEC GOOGLE ADRESSE… TUTORIEL © Nicolas Monseigne</s>
    <s>30. Sa Google Adresse en langue étrangère ? TUTORIEL © Nicolas Monseigne</s>
    <s>31. Le seul moyen de proposer votre fiche dans une langue étrangère est de recréer la même fiche, mais cette fois dans la langue souhaitée. Revenez à l'adresse initiale : www.google.fr/adresses TUTORIEL © Nicolas Monseigne Vous voici dans votre panneau de gestion de vos Google adresses…</s>
    <s>32. Sélectionnez la langue dans laquelle vous souhaitez éditer votre Google Adresse… Exemple ici, l'allemand. L'interface bascule dans cette langue TUTORIEL © Nicolas Monseigne</s>
    <s>33. Il vous suffit alors de créer une nouvelle fiche Google Adresse, et de recommencer la procédure décrite précédemment pour la fiche en français… TUTORIEL © Nicolas Monseigne</s>
    <s>34. Communiquer ses actus dans Google Adresse TUTORIEL © Nicolas Monseigne</s>
    <s>35. Vous avez la possibilité de communiquer un message sur votre Google Adresse… Attention le message ne devra pas excéder 160 caractèresPratique pour annoncer un événementRevenez à l'adresse initiale : www.google.fr/adresses Et sélectionnez la Google Adresse sur laquelle vous souhaitez communiquer… NB : cette fonction n'est disponible que pour les Google Adresses validées . TUTORIEL © Nicolas Monseigne</s>
    <s>36. C'est en haut à droite du tableau de bord de votre Google Adresse que vous pourrez saisir votre message TUTORIEL © Nicolas Monseigne Cette actu restera en place pendant 30 jours maximum. Si vous souhaitez la mettre à jour, reconnectez-vous sur cette page et modifiez… La mise à jour prend quelques minutes.</s>
    <s>37. Cette actu apparaîtra sur la fiche Google Adresse, juste sous vos coordonnées… TUTORIEL © Nicolas Monseigne</s>
    <s>38. Voir les stats de sa google Adresse TUTORIEL © Nicolas Monseigne</s>
    <s>39. En vous connectant à Google Adresse, vous verrez le nombre d'impressions et d'actions. Evidemment, la Google Adresse ci-dessus n'a pas encore été validée et vient juste d'être créée… Logique que personne ne l'ai encore vue ;-) TUTORIEL © Nicolas Monseigne Impressions  : nombre d'affichages de la fiche d'entreprise en tant que résultat d'une recherche sur Google.fr ou Google Maps au cours d'une période donnée. Actions  : nombre de fois que des internautes ont interagi avec la fiche (par exemple, lorsqu'ils ont cliqué dessus pour accéder au site Web de l'entreprise ou demandé l'itinéraire d'accès à cette dernière). Source : centre d'aide Google Adresse</s>
    <s>40. Google Adresse et les avis TUTORIEL © Nicolas Monseigne</s>
    <s>41. Google fait de plus en plus la part belle aux avis des internautes. Les Google Adresse n'y échappent donc pasSi vous cliquez sur l'avis, le détail est donné dans la fenêtre suivante TUTORIEL © Nicolas Monseigne</s>
    <s>42. Vous avez alors la possibilité de répondre. Pour cela votre fiche doit bien sûr être validée ;-) Quelques conseils vous sont donnés pour une réponse argumentée TUTORIEL © Nicolas Monseigne</s>
    <s>43. Google Adresse et les bons de réduction TUTORIEL © Nicolas Monseigne</s>
    <s>44. A ce jour (04/03/2011) la fonction d'ajout de bons de réduction n'existe qu'aux USA. Mais elle sera sûrement étendu à la France bientôtL'interface de Google Adresse est un peu différente TUTORIEL © Nicolas Monseigne</s>
    <s>Deux onglets :</s>
    <s>Tableau de bord des Google Adresses créées avec votre compte</s>
    <s>L'ajout de coupons</s>
    <s>45. Voici le contenu de l'onglet sur les coupons de réductions… Le service est gratuit (en tout cas aujourd'hui, pour les USA). Un simple clic, et vous pouvez proposer votre offre… TUTORIEL © Nicolas Monseigne</s>
    <s>46. Un aperçu de votre annonce apparaît à droite En version imprimée (les clients impriment et vous donnent le coupon) En version mobile (les clients vous montrent le coupon affiché sur leur mobile) TUTORIEL © Nicolas Monseigne Il vous suffit alors de renseigner au maximum les champs…</s>
    <s>47. Surveillez donc la mise en place de cette fonction en FranceTUTORIEL © Nicolas Monseigne</s>
    <s>48. Toutes les infos sur Google Adresse sont sur le centre d'aide dédié (aide en français) TUTORIEL © Nicolas Monseigne</s>
    <s>49. D'autres infos etourisme sur Twitter : @mon etourisme TUTORIEL © Nicolas Monseigne A suivre…</s>
    <s>+ Follow !Processing </s>
    <s>1537 views, 3 favs, 1 embed more</s>
    <s>Ce tutoriel explique pas à pas comment créer sa page sur Google Adresse et l'optimiser, depuis la création du compte Google jusqu'à la création de coupons de réductions, en passant par la gestion des avis</s>
    <s>Bep tourisme Defimedia Etourisme 7octobre2008 Enregistrem… 1194 views</s>
    <s>More by user</s>
    <s>View all presentations from this user</s>
    <s>Remove related content</s>
    <s>About this presentation</s>
    <s>Usage Rights</s>
    <s>(C) All Rights Reserved</s>
    <s>3 Favorites</s>
    <s>0 Comments</s>
    <s>5 Downloads</s>
    <s>1,536 Views on</s>
    <s>1 Views on</s>
    <s>1,537 Total Views</s>
    <s>Embed views</s>
    <s>1 views on http://www10.jimdo.com</s>
    <s>Embed views</s>
    <s>1 views on http://www10.jimdo.com</s>
    <s>View text version</s>
    <s>Additional Details</s>
    <s>Uploaded via SlideShare</s>
    <s>Uploaded as Microsoft PowerPoint</s>
    <s>Flagged as inappropriate Flag as inappropriate Flag as inappropriate</s>
    <s>Select your reason for flagging this presentation as inappropriate. If needed, use the feedback form to let us know more details.</s>
    <s>None Pornographic Defamatory Illegal/Unlawful Spam Other Terms Of Service Violation Cancel</s>
    <s>File a copyright complaint</s>
    <s>How-to &amp; DIY</s>
    <s>club e-tourisme medoc</s>
    <s>animateur numerique de territoire</s>
    <s>google adresse</s>
    <s>Groups / Events</s>
    <s>Animation numérique de territoire et tutoriels E-Tourisme</s>
    <s>Club E-Tourisme Medoc</s>
    <s>Animateur Numerique de Territoire</s>
    <s>modal signup</s>
    <s>Learn About Us</s>
    <s>Our Blog</s>
    <s>Contact us</s>
    <s>Help &amp; Support</s>
    <s>Using SlideShare</s>
    <s>SlideShare 101</s>
    <s>Terms of Use</s>
    <s>Privacy Policy</s>
    <s>Copyright &amp; DMCA</s>
    <s>Community Guidelines</s>
    <s>SlideShare Outside</s>
    <s>SlideShare Mobile New</s>
    <s>Facebook App</s>
    <s>LinkedIn App</s>
    <s>Widgets for your blog</s>
    <s>Pro &amp; more</s>
    <s>Go PRO</s>
    <s>Business Solutions</s>
    <s>Advertise with us</s>
    <s>Get featured on homepage</s>
    <s>Developers &amp; API</s>
    <s>Developers Section</s>
    <s>Developers Group</s>
    <s>Engineering Blog</s>
    <s>SlideShare is the world's largest community for sharing presentations. Upload and share on blogs, Twitter, Facebook or LinkedIn. Over 60 million people use SlideShare every month for research, sharing ideas, connecting with others, and generating business leads. SlideShare also supports documents, PDFs, and videos. Get an account.</s>
    <s>Follow @SlideShare</s>
    <s>(C) 2011 SlideShare Inc. All rights reserved.</s>
    <s>FavoritedYou could add some tags too</s>
    <s>Have an opinion? Make a quick comment as well. Cancel</s>
    <s>Edit your favorites</s>
  </text>
</page>
