<?xml version="1.0" encoding="UTF-8"?>
<!DOCTYPE page SYSTEM "page.dtd">
<page>
  <lang>fr</lang>
  <url>http://anum-maths.univ-rennes1.fr/conf_guide_onde/</url>
  <title>Mini conférence “Guides d&#39;ondes” - Accueil</title>
  <snippet>
    <s>Mini conférence “Guides d&#39;ondes” Mercredi 13 et jeudi 14 avril </s>
  </snippet>
  <text>
    <s>﻿ Mini conférence “Guides d'ondes” Mercredi 13 et jeudi 14 avril 2011 à la Tour de Maths, Campus de Beaulieu, Rennes</s>
    <s>Mercredi 13 avril 2011</s>
    <s>Accueil des participants</s>
    <s>David Krejcirík (Academy of Sciences of the Czech Republic)</s>
    <s>Twisting versus bending in quantum waveguides. Résumé Transparents</s>
    <s>Sonia Fliss (Ensta)</s>
    <s>Guided waves in periodic media with a line defect. Résumé Transparents</s>
    <s>Michel Cristofol (LATP Marseille)</s>
    <s>Quelques approches différentes d'un problème inverse dans les guides. Résumé Transparents</s>
    <s>Dîner à la crêperie Sainte Anne</s>
    <s>Jeudi 14 avril 2011</s>
    <s>Christophe Hazard (Ensta)</s>
    <s>Diffraction dans des guides d'ondes ouverts : du défaut à la jonction. Résumé Transparents</s>
    <s>Philippe Briet (CPT, Marseille)</s>
    <s>Théorie Spectrale des guides d'ondes : le cas twisté. Résumé Transparents</s>
    <s>Pause café</s>
    <s>Florian Méhats (Irmar)</s>
    <s>The Schrödinger-Poisson system on the sphere: wellposedness and asymptotics. Résumé Transparents</s>
    <s>Liste des participants</s>
  </text>
</page>
