<?xml version="1.0" encoding="UTF-8"?>
<!DOCTYPE page SYSTEM "page.dtd">
<page>
  <lang>fr</lang>
  <url>http://www.sgparis2011.com/conference.htm</url>
  <title>Conférence</title>
  <snippet>
    <s>Vous inscrire à la conference. &#39; Communiquer sur l&#39;événement 9h30-9h40 Introduction : Michèle Bellon, Président du Directoire, ERDF : Smart Metering, les </s>
  </snippet>
  <text>
    <s>&gt;&gt; Rejoignez-nous dès à présent sur Smart Grids Paris 2012</s>
    <s>La revolution des Smart Grids : un nouveau marche pour les secteurs electriques, informatiques et telecoms ?</s>
    <s>8h30 : Accueil des participants</s>
    <s>9h00 : Key Note Session d'ouverture</s>
    <s>Eric Besson,</s>
    <s>Ministre aupres de la ministre de l'Economie, des Finances et de l'Industrie, charge de l'Industrie, de l'Energie et de l'Economie numerique</s>
    <s>Philippe de Ladoucette,</s>
    <s>President, CRE</s>
    <s>9h30 TABLE RONDE 1 : Smart Metering, la 1ere brique du smart grid</s>
    <s>9h30-9h40 Introduction : Michele Bellon, President du Directoire, ERDF : Smart Metering, les enjeux pour le reseau electrique</s>
    <s>Table ronde presidee par Robert Durdilly, President, UFE</s>
    <s>• Etat des lieux reglementaires : les directives europeennes, le Grenelle de l'environnement, la loi Nome, </s>
    <s>• Quelles consequences sur les tarifs ?</s>
    <s>• Quel type compteur : communicant, evolue, intelligent, ? Pour quels services ? et a quels prix ?</s>
    <s>• Vers quelles normes et standard evolue-t-on ?</s>
    <s>• Comment interpreter les resultats de l'experimentation Linky ? Une generalisation a venir ? Avec quels services complementaires ?</s>
    <s>INTERVENANTS :</s>
    <s>Sylvain Gomont, Directeur General, ALTERNA</s>
    <s>Pierre Marlard, Responsable Innovation, R&amp;D; et Solutions, Atos WorldGrid</s>
    <s>Martine Gouriet, Directrice Generale, EDELIA</s>
    <s>Michele Bellon, President du Directoire, ERDF</s>
    <s>Bruno Baylac, Director &amp; General Manager, Metering, Medical &amp; Connectivity Solutions, FREESCALE SEMICONDUCTOR</s>
    <s>Franck Chevalley, Directeur General, GEG</s>
    <s>Dieter Brunner, CEO, ISKRAEMECO</s>
    <s>Patrice Caillaud, Directeur Commercial et Marketing France, ITRON</s>
    <s>Andreas Brun, Senior VP Sales &amp; Marketing EMEA, LANDIS+GYR AG</s>
    <s>Dr Satoshi Morozumi, Directeur du Departement Smart Community, NEDO</s>
    <s>Gilles Fouche, Responsable Strategie Produit, SAGEMCOM</s>
    <s>Jean-Luc Dupont, President, SIEIL 37</s>
    <s>11h00 Pause sponsorisee par</s>
    <s>11h30 TABLE RONDE 2 : La MDE et comment motiver le consommateur a diminuer sa consommation ?</s>
    <s>Table ronde animee par Jean-Marc Molina, Delegue General Adjoint, GIMELEC</s>
    <s>• La MDE et le Smart Home : evolution du consommateur vers le &quot;consom'acteur&quot; ?</s>
    <s>- Comment prendre en compte les comportements d'achats et les usages et les faire evoluer ?</s>
    <s>- Quels moteurs pour encourager les consommateurs ? financier, ecologique, </s>
    <s>• La MDE dans le tertiaire : quels developpements en cours dans le Smart Building ?</s>
    <s>• La MDE chez les industriels :</s>
    <s>- Les certificats d'economie energie</s>
    <s>- Le diagnostic pour analyser ses consommations</s>
    <s>- Les actions pour reduire ses consommations et les perenniser</s>
    <s>• Quels nouveaux equipements vont pouvoir dialoguer avec le reseau electrique? L'electronique et la domotique au service de la &quot;Smart Home&quot;.</s>
    <s>• Les box &quot;economies d'energies&quot; : quels services pour quels prix ?</s>
    <s>• REX sur la MDE a l'international</s>
    <s>INTERVENANTS :</s>
    <s>Virginie Schwarz, Directrice executive des programmes, ADEME</s>
    <s>Laurent Schmitt, VP Stategy &amp; Innovation, ALSTOM GRID</s>
    <s>Guillaume Parisot, Responsable des smartgrids, des immeubles intelligents et performants, BOUYGUES IMMOBILIER</s>
    <s>Philippe Couillabin President, HOME TECHNOLOGY</s>
    <s>Serge Subiron, President Directeur General, IJENKO</s>
    <s>Yves Aillerie, Business Developement Manager, INTEL</s>
    <s>Jerome Boissou, Responsable Marche tertiaire et industrie Legrand France, LEGRAND</s>
    <s>Jean-Pierre Anzano, President, NETSEENERGY</s>
    <s>François Guermeur, Residential Control Solution Manager in Life Space Business, SCHNEIDER ELECTRIC</s>
    <s>Jean-François Raux, Conseiller du President, UFE</s>
    <s>13h00 Dejeuner sponsorise par</s>
    <s>14h00 : Key Note Speech : Smarter power for a smarter planet</s>
    <s>Guido Bartels,</s>
    <s>Chairman, GLOBAL SMART GRID FEDERATION, Board Member and Former Chairman, GRIDWISE ALLIANCE</s>
    <s>14h30 TABLE RONDE 3 : Integration d'EnR décentralisee et intermittente grace aux smart grids</s>
    <s>Table ronde presidee par François Moisan, Directeur executif de la strategie, recherche, international, ADEME</s>
    <s>• Question preliminaire : etat des lieux des incitations fiscales au developpement des EnR en France, vers quelle tendance s'oriente-t-on : dynamique ou frein ?</s>
    <s>• Obligations reglementaires europeennes (PCRD) et applications concretes</s>
    <s>• Quelles operations pilotes sont actuellement realisees en termes d'integration dans les reseaux ? en France ? a l'international ?</s>
    <s>• Et le stockage d'energie, une alternative ? Comment choisir le moyen le plus adapte aux besoins : batteries, stockage thermique, mecanique, ? et le vehicule electrique, est-il un moyen de gerer la charge?</s>
    <s>• REX international : Edison au Danemark</s>
    <s>INTERVENANTS :</s>
    <s>François Moisan, Directeur executif de la strategie, recherche, international, ADEME</s>
    <s>Gilles Gallean, Directeur Technique, ERDF</s>
    <s>Jean-Marc Cachet, Smart Grid Account Director, France, GENERAL ELECTRIC</s>
    <s>Christian Mottet, Senior Solutions &amp; Industry IT Architect, IBM</s>
    <s>Nouredine Hadjsaid, Professeur, INPG – GIE IDEA</s>
    <s>Thierry Dagron, VP Business Development, NEELOGY</s>
    <s>Herve Mignon, Directeur du Departement du Developpement du Reseau et des Perspectives Energetiques, RTE</s>
    <s>Michael Lippert, Marketing Manager Storage Systems, SAFT</s>
    <s>Denis Koch, Strategy Director, Renewable Energies business, SCHNEIDER ELECTRIC</s>
    <s>Dr. Yannick R. Julliard, Directeur Business Developpement, SIEMENS</s>
    <s>Regis Lamborot, Directeur du conseil Utilities Telecom Manufacturing, STERIA</s>
    <s>16h00 Pause sponsorisee par</s>
    <s>16h30 TABLE RONDE 4 : Quelles technologies de communication choisir ? Comment assurer le transfert des donnees pour le smart Home et le smart Building ?</s>
    <s>Table ronde presidee par Richard Schomberg, Smart Grid Strategic Group Chairman, IEC</s>
    <s>• Comment se retrouver dans les differents protocoles existants : WAN, MAN, LAN, PAN, NAN, HAN, ?</s>
    <s>• Pour les donnees qui sortent : quel protocole choisir, sur quels criteres de pertinence fonder son choix ?</s>
    <s>• Quelles technologies de communication pour le reseau de fin de ligne : interface avec la maison et le batiment : smart home et smart building ?</s>
    <s>• Quelles technologies de communication pour quelles applications ?</s>
    <s>• La question de l’interoperabilite des systemes pour le smart Home et le smart Building ?</s>
    <s>• Quelles solutions les operateurs telecoms peuvent-ils proposer ? Et les cartes SIM ?</s>
    <s>• Normes et standards technologiques : quelle harmonisation envisager ?</s>
    <s>• Comment integrer les consommateurs dans le choix des technologies de communications ?</s>
    <s>INTERVENANTS :</s>
    <s>Olivier Hersent, Directeur General, ACTILITY</s>
    <s>Alain Faisant, Directeur Commercial, ARC Informatique</s>
    <s>Patrick Grossetete, Technical Marketing Engineer, CISCO Smart Grid Business Unit</s>
    <s>Bernard Delpech, Directeur delegue de la Recherche et Developpement, EDF</s>
    <s>Marylin Arndt, Presidente du comite technique MTM, ETSI</s>
    <s>Jean Vigneron, Chairman of the Board, G3-PLC Partners</s>
    <s>Herve Mary, Directeur General, LAN</s>
    <s>Serge Le Men, Directeur general, NEWRON</s>
    <s>Laurent Ecale, Directeur Unite d'Affaires M2M Access, ORANGE BUSINESS SERVICES</s>
    <s>Dr. Uwe Braun, Senior Vice President Sales, POWER PLUS COMMUNICATIONS</s>
    <s>Didier Guillot, Directeur de l'innovation et des Systemes d'Information, SAGEMCOM</s>
    <s>Paul Bertrand, Directeur Technique, WATTECO</s>
    <s>18h00 Intelligence brevets dans le domaine des Smart Grid</s>
    <s>• Quid de la strategie brevet dans ce domaine en effervescence ?</s>
    <s>• Au-dela des effets d’annonce, ou se situe reellement l’innovation ? Quels sont les acteurs les plus innovants ?</s>
    <s>• Quelle position pour les acteurs français et europeens ?</s>
    <s>INTERVENANTS :</s>
    <s>Cyril Mavre, Consultant senior, AVENIUM</s>
    <s>18h30 : Fin de la 1ere journee de conference</s>
    <s>(sous reserve de modification d'agenda)</s>
    <s>Corp Events - SG PARIS 2011 (C) Tous droits reserves - Realisation : Arkyda - Mentions legales</s>
    <s>Accueil | Conference | Speakers | Exposition | Animations | Partenaires | Presse | Inscription | Infos Pratiques</s>
  </text>
</page>
