<?xml version="1.0" encoding="UTF-8"?>
<!DOCTYPE page SYSTEM "page.dtd">
<page>
  <lang>fr</lang>
  <url>http://www.kia.ma/all.php</url>
  <title>Afficher tout - Kia Motors Maroc</title>
  <snippet>
    <s>Pour la 8ème année consécutive, Kia Motors sponsorise le Grand Prix SAR la . président de la société Kia Motors Maroc, signataire d&#39;une convention de </s>
  </snippet>
  <text>
    <s>!La gamme KIA</s>
    <s>Pro ceed</s>
    <s>Demande d'emploi</s>
    <s>Devenez concessionnaire</s>
    <s>!Les services</s>
    <s>!Découvrez KIA</s>
    <s>KIA Motors Maroc</s>
    <s>KIA Motors Corporation</s>
    <s>KIA et le sport</s>
    <s>KIA et l'environnement</s>
    <s>Liens utils</s>
    <s>Toutes les actualitésActualités</s>
    <s>Les 39 marches</s>
    <s>Le 22 avril, au cinéma Mégérama Casablanca, quatre comédiens interprètent plus de 150 personnages et restituent avec loufoquerie l'univers d'Alfred Hitchcock : Londres, la lande écossaise, des cascades, des poursuites de voiture, une histoire d'amour, espionnage et suspens, tous les moments forts du film. Une pièce théâtrale qui vaut le détour puisqu’elle a gagné le Prix de la meilleure pièce comique aux Molières 2010. Plus d’infos au 0656 900 000</s>
    <s>Mise en scène d'Eric Métayer</s>
    <s>Avec Eric Métayer, Andréa Bescond, Christophe Laubion, Jean-Philippe Bêche</s>
    <s>Sponsor officiel : Kia Motors</s>
    <s>Grand prix de SAR (WTA)</s>
    <s>Du 16 au 24 avril, le Royal Tennis Club de Fès accueille la 11ème édition du Grand Prix SAR la Princesse Lalla Meryem de tennis, un événement qui fait partie du calendrier international du Sony Ericsson WTA Tour (www.wtatennis.com). Des joueuses de renommée mondiale figurent dans le tableau final de ce grand tournoi, telles Dinara Safina, Aravane Rezai, Anabel Medina Garrigues, Simona Halep, Andrea Hlavackova ainsi que les championnes marocaines Fatima-Zahra El Allami et Nadia Lalami. Pour la 8ème année consécutive, Kia Motors sponsorise le Grand Prix SAR la Princesse Lalla Meryem et assure le transport des joueuses dans les meilleures conditions de confort et de sécurité.</s>
    <s>Kia Motors sponsorise le Trophée Hassan II de Golf</s>
    <s>(Agadir) 28 mars, 2011 – L’association du Trophée Hassan II de Golf et Kia Motors Maroc viennent de parapher une convention de sponsoring qui fait de Kia Motors le transporteur officiel de deux événements golfiques majeures à savoir le Trophée Hassan II et la Coupe de SAR la Princesse Lalla Meryem.</s>
    <s>Avec près de 40 ans d’existence et la participation de prestigieux noms du golf, le Trophée Hassan II est devenu rendez-vous incontournable de la scène golfique internationale. L’année dernière, un nouveau chapitre s’est ouvert avec l’inscription du Trophée dans le calendrier du PGA European Tour, concomitamment à la Coupe de SAR la Princesse Lalla Meryem qui se joue dans le cadre du Ladies European Tour. Cette année, les deux compétitions se dérouleront à Agadir du 31 mars au 3 avril, entre les parcours du Golf du Palais Royal, celui du Soleil et le Golf de l’Océan.</s>
    <s>Cet accord de partenariat permettra à Kia Motors de signer une évolution qualitative dans le cadre de sa politique d’accompagnement du sport national.</s>
    <s>Kia Motors &amp; Radio Mars signent un partenariat stratégique</s>
    <s>- Un partenariat stratégique légitime entre deux labels profondément ancrés dans le sport national</s>
    <s>- Partenariat parrainé par Mme Nawal El Moutawakel, présidente de l’AMSD et membre du bureau exécutif du CIO</s>
    <s>(Marrakech) 15 mars, 2010 – Radio Mars va rouler en Kia. Un accord de partenariat a été signé lors de la première journée du Salon international du sport de Marrakech entre Mlle Mbarka Bouaida, présidente de Radio Mars et Mr Amine Belkhouya, président de Kia Motors Maroc. Cette signature s’est déroulée en présence de Madame Nawal El Moutawakel, président de l’association marocaine Sport et Développement (AMSD) et membre du bureau exécutif du CIO, en tant que marraine de ce partenariat.</s>
    <s>L’accord de partenariat signé aujourd’hui porte sur la livraison de plusieurs voitures aux équipes de Radio Mars. Cette dernière assurera en contrepartie la couverture de tous les événements parrainés par Kia Motors, que se soit au niveau local ou international (Open d’Australie de tennis, Coupe du Monde de la FIFA , Coupe d’Europe de l’UEFA, Trophée Hassan II de Golf, Grand Prix Hassan II de tennis, Semaine du Cheval, Meetings d’athlétisme de Rabat et Tanger, championnat de course automobile…). Kia Motors bénéficiera à ce titre d’une meilleure présence sur les ondes, de façon à consolider son positionnement dans le monde du sport.</s>
    <s>« De ce partenariat stratégique entre deux entités qui détiennent une certaine légitimité dans le sport au niveau national naîtra d’autres projets comme la promotion d’événements en propre, la prise en charge de sportifs en herbe ou encore des actions humanitaires encadrées par l’AMSD. Ce n’est que le début d’une merveilleuse aventure », a déclaré M. Amine Belkhouya, président de Kia Motors Maroc. Pour sa part, Mlle Mbarka Bouaida, présidente de Radio Mars, s’est félicitée d’un tel accord qui va permettre à ses équipes de se positionner davantage sur des événements à forte valeur ajoutée, que se soit au niveau national ou international.</s>
    <s>A propos de Kia Motors Maroc…</s>
    <s>Distributeur officiel de Kia Motors Corporation depuis 2002, Kia Motors Maroc a réussi à s’accaparer la première place dans le palmarès des véhicules de tourisme importés sur le marché marocain dès l’année 2008. Cette performance, Kia Motors la doit à une politique de mix marketing savamment dosée où produit, promotion, distribution et service sont les maîtres mots. A l’image du constructeur coréen, Kia Motors Maroc s’est déployée depuis le début dans le monde du sport, en s’associant à plusieurs compétitions, clubs, associations ou sportifs en herbe. Des événements de grande envergure en football, tennis, basket-ball, cyclisme, athlétisme ou encore équitation sont parrainés par notre marque et ce, dans le même esprit qui anime le constructeur à l’international.</s>
    <s>Kia prolonge son partenariat avec la FIFA pour la Coupe du monde 2018 et 2022</s>
    <s>(SÉOUL, 24 novembre 2010) - À seulement une semaine de l'annonce des pays hôtes des prochaines éditions de la Coupe du monde de la FIFA de 2018 et de 2022, Kia Motors Corporation, a prolongé son contrat de partenariat avec la FIFA. L’accord signé le 24 novembre entre les deux organismes prévoit la présence de Kia lors des coupes du monde 2018 et 2022 en tant que partenaire automobile officiel.</s>
    <s>Suite aux retombées positives enregistrées par le sponsoring des deux précédents mondiaux de football (2006 et 2010) et parce qu'il a partagé sa vision et ses valeurs avec la FIFA, le constructeur automobile coréen a pris la décision stratégique de renouveler son entente de partenariat quatre ans avant son expiration. Grâce à la prolongation de huit ans de l'entente, soit jusqu'en 2022, Kia dispose d'une vitrine médiatique incomparable et des occasions d'affiliation lors des événements spéciaux et des initiatives de développement de la FIFA.</s>
    <s>« Nous croyons que la prolongation de notre entente apportera une multitude d'avantages à tous ceux qui sont impliqués compte tenu de l'envergure de l'événement », a déclaré Hyoung-Keun Lee, président de Kia Motors Corporation. « Même si nous avons prolongé notre entente avant de connaître les pays hôtes des championnats de la Coupe du mondeMC de la FIFA de 2018 et de 2022, nous sommes convaincus que notre partenariat rehaussera notre notoriété conformément aux valeurs et à la vision que le football représente à l'échelle mondiale. »</s>
    <s>Pour sa part, Joseph Blatter, président de la FIFA a souligné : « Nous sommes extrêmement heureux de prolonger notre partenariat avec le groupe Hyundai-Kia en tant qu'un des principaux partenaires de la FIFA. À ce titre, il nous soutiendra activement pour deux éditions supplémentaires de la Coupe du monde de la FIFA, soit en 2018 et en 2022. Généreux partenaire de la FIFA, Kia comprent et partage la philosophie et la passion que nous avons pour ce sport merveilleux ».</s>
    <s>Kia a démontré être un partenaire fiable et efficace. En tant que sponsor automobile officiel de la FIFA, le constructeur s'engage à lui fournir les véhicules nécessaires là où les championnats la mèneront au cours des 12 années à venir.</s>
    <s>Nouveau Kia Sportage : une distinction sécuritaire</s>
    <s>Le nouveau Kia Sportage a été reconnu comme le meilleur choix sécuritaire aux États-Unis d'Amérique par l'Institut d'assurance pour la sécurité routière (IIHS) dans la catégorie des petits SUV construits après Mars 2010. En arrivant récemment chez les concessionnaires Kia aux Etats-Unis, le nouveau Sportage reçoit aujourd'hui la plus haute distinction de l'organisation en obtenant la mention &quot;bon&quot; - le plus haut possible - en tests de collision de sécurité frontal, latéral, arrière et capotage. Il est à noter que les résultats de l'Institut sont basés sur les résultats d'essais de collisions frontales, latérales et arrière. Cette année, un autre indicateur dans un essai de résistance du toit - pour mesurer la protection en cas de retournement - a également été requis.</s>
    <s>Rappelons que le Sportage de 3ème génération a été dévoilé au Maroc en avant première lors du salon Auto Expo 2010, et commercialisé en septembre de la même année, à des tarifs se situant entre 295.000 et 345.000 dh.</s>
    <s>Kia Motors au chevet de l’enfance handicapée</s>
    <s>- Don d’une voiture conçue pour les personnes à mobilité réduite</s>
    <s>- Première matérialisation d’un partenariat avec l’association de l’enfance handicapée à Agadir</s>
    <s>(Agadir) 22 juin 2010 – Kia Motors, à travers son représentant exclusif au Maroc, vient de faire don d’une voiture Kia Picanto, spécialement conçue pour les personnes à mobilité réduite, à l’association de l’enfance handicapée (AEH) dans la ville d’Agadir. Faisant partie du « Kia Charity &amp; Care », programme humanitaire international mis en place par le constructeur coréen il y a 2 ans, cette action revêt un caractère spécial puisqu’elle est la première d’une série d’opérations prévues avec l’AEH dans la région Souss Massa Drâa.</s>
    <s>La voiture en question a été réalisée dans les ateliers d’Automobiles Menara à Casablanca, suite à un cahier des charges précis. Elle est dotée de commandes d’accélération et de passage de rapports au volant. Sa facilité d’utilisation et sa maniabilité en feront un outil de travail idéal pour l’AEH et ses utilisateurs. Cette Picanto existe en modèle unique et il n’est pas exclu d’en développer d’autres si la demande le justifie.</s>
    <s>Pour rappel, le programme « Kia Charity &amp; Care » pour la région Afrique et Moyen Orient a été lancé à Marrakech en 2008. Depuis, Kia Motors Maroc a réalisé plusieurs actions : aide à la construction d’un orphelinat à Ouarzazate, distribution de vélos aux enfants des régions Beni Mellal, Taza et Chaouen pour lutter contre l’abandon scolaire, opération circoncision d’enfants nécessiteux à Mohammedia, soutien à l’association des Bonnes œuvres du cœur, parrainage d’enfants avec la Fondation MJID et bien d’autres initiatives à caractère humanitaire.</s>
    <s>Nouveau Kia Sorento : Un SUV synonyme d’excellence</s>
    <s>Le premier Kia Sorento, lancé en 2002, avait marqué un tournant dans l’industrie automobile coréenne, lui permettant de franchir un nouveau palier d’excellence. Aujourd’hui, la relève arrive. Comme son prédécesseur, qui avait injecté une dose de fraîcheur dans le design des SUV (Sport Utility Vehicle) et des 4x4 de loisirs, le nouveau Kia Sorento s’habille d’un style futuriste et d’une nouvelle expression de puissance et de dynamisme. Son ambition : établir à nouveau une nette différenciation avec ses concurrents potentiels, en intégrant le nouvel ADN esthétique de Kia.</s>
    <s>Le nouveau Sorento présente un caractère plus affirmé et plus sophistiqué, qui donne corps au nouveau langage stylistique de Kia tout en suggérant sportivité, précision et modernité.</s>
    <s>Plus long, moins haut, le nouveau Sorento est un grand véhicule fait pour le voyage, proposant 7 places et une étendue de nouvelles caractéristiques, offrant de réels bénéfices pour le conducteur comme pour les passagers. Le comportement routier est plus agile et les suspensions sont plus confortables. L’habitacle est plus spacieux mais également plus luxueux.</s>
    <s>Au cours du développement du nouveau Sorento, les ingénieurs de Kia ont abandonné l’ancienne architecture à châssis séparé et conçu une toute nouvelle structure monocoque offrant suffisamment d’espace pour sept occupants. Cette nouvelle méthode de construction a aussi permis au nouveau Sorento de réaliser une réduction de poids allant jusqu’à 215 kg (selon les modèles) en comparaison avec la précédente mouture, et cela bien que le nouveau modèle incorpore des équipements supplémentaires en matière de confort et de sécurité.</s>
    <s>Sous le capot, le nouveau Sorento inaugure un moteur diesel 2,2 litres de dernière génération, développant 197 chevaux ainsi qu’une boîte de vitesses à 6 rapports (en manuel et automatique).</s>
    <s>Les prix restent attractifs et démarrent à 335.000 dh.</s>
    <s>Kia Motors Corporation : nomination d’un nouveau président</s>
    <s>(Séoul, 22 août 2009). Hyoung-Keun Lee est le nouveau président de Kia Motors Corporation. Il succède à Euisun Chung, récemment nommé vice-chairman de Hyundai Motor. Hyoung-Keun Lee, employé du groupe Hyundai-Kia depuis plus de trente ans, était jusqu’à présent senior vice-président exécutif et COO de la division Business International du groupe. Son parcours à Kia a été marqué par son passage à Francfort, où il a occupé le poste de Président de Kia Motors Europe. Là, Mr Lee avait cherché à accroître la visibilité de la marque chez les clients européens amateurs de styling automobile et soucieux de leur image, il a ainsi supervisé l'introduction de la gamme cee'd qui a remporté le succès qu’on connaît.</s>
    <s>Son implication dans la signature de contrats de sponsoring avec la NBA, la FIFA et l’UEFA constitue autant de preuves de ses activités stratégiques dans la visibilité de</s>
    <s>la marque dans le monde. M. Lee a beaucoup contribué à renforcer la présence de Kia sur les marchés à l’exportation par une augmentation des modèles les plus demandés</s>
    <s>Badr Hari : Vers une reconnaissance Nationale</s>
    <s>(Rabat, 21 mai 2009). Madame Nawal El Moutawakkel, ministre de la jeunesse et des sports, a reçu en audience dans son cabinet de Rabat M. Badr Hari, grand champion marocain de kick-boxing qui évolue dans le circuit professionnel international. Agé de 24 ans, Badr Hari réside aux Pays-Bas, mais a toujours refusé de jouer sous les couleurs de son pays d’adoption. Actuellement, il jouit d’une grande notoriété, notamment dans les pays du Sud Est asiatique et en Europe, où le kick boxing est un sport populaire. Cette rencontre s’est déroulée en présence de M. Abdeljaouad Belhaj, président de la Fédération royale marocaine de boxe et M. Amine Belkhouya, président de la société Kia Motors Maroc, signataire d’une convention de partenariat avec le ministère lors des dernières Assises du Sport. Suite à des échanges fructueux entre les différents intervenants, il a été décidé d’attribuer à Badr Hari une licence de la Fédération royale marocaine de boxe, qui lui permettra de se joindre à l’équipe nationale de façon officielle. Mais aussi d’être présent lors des prochains rendez-vous sportifs, notamment les Jeux méditerranéens et les Jeux de la Francophonie, dans la catégorie des poids lourds. Madame la ministre a par ailleurs formulé son souhait de voir Badr Hari porter haut le drapeau marocain dans les jeux olympiques de Londres 2012, et pourquoi par offrir à notre pays sa première médaille d’or dans cette discipline. De sa part, Badr Hari a émis son vœu le plus cher de servir sa patrie et de contribuer à ce que le Maroc renoue avec l’or olympique.</s>
    <s>Rappelons que Badr Hari vient de remporter le prestigieux « It’s Showtime » titre à Amsterdam le 16 mai dernier, en mettant KO le redoutable Semmy Schilt en moins d’une minute. Ce qui fait de lui l’homme le plus fort au monde… A suivre de près</s>
    <s>Belle prestation de la Rio Cup au Grand Prix de Marrakech</s>
    <s>(Marrakech, 5 mai 2009). Les 15 pilotes engagés dans la Formule nationale « Kia Rio Cup » se sont distingués lors du Grand Prix de Marrakech, troisième manche du championnat du monde du WTCC. Un grand bravo à Gérard Deligarde et Robert Cantarel, vainqueurs des deux courses officielles. Toutes les voitures ont fait un parcours sans faute et ce, en dépit de la complexité du circuit et d’une température très peu clémente. La « Kia Rio Cup », en tant que course de support, a permis de donner une image très positive du sport automobile au Maroc, puisque l’expertise technique et de pilotage sont 100% « made in Morocco ».</s>
    <s>Cette première édition de « Race of Morocco » a brillé par sa qualité d’organisation et par la présence d’un public venu nombreux supporter les participants marocains de la « Kia Rio Cup », qui ont délivré un très beau spectacle.</s>
    <s>Nos remerciements vont au comité d’organisation du Grand Prix de Marrakech, à la Fédération royale marocaine de sport automobile, au promoteur de la Kia Rio Cup, Automobiles Menara Compétition, aux co-sponsors qui nous accompagnent depuis le début de cette aventure, au staff technique qui veille sur la bonne tenue de route des Rio ainsi qu’aux 15 pilotes marocains qui nous ont fait confiance.</s>
    <s>Vivement l’année prochaine !</s>
    <s>Kia Motors… Au rendez-vous de toutes les performances</s>
    <s>Rio Cup : animation phare du Grand Prix de Marrakech</s>
    <s>(Casablanca, le 14 avril 2009). C’est officiel. La Formule Nationale Kia Rio Cup a reçu le feu vert des organisateurs du Grand Prix de Marrakech pour figurer parmi les plateaux participant à la troisième étape du championnat du monde WTCC (World Touring Car Championship) qui se tiendra du 1er au 3 mai 2009. Considérée comme course de support, la Formule Nationale Rio Cup a satisfait à toutes les exigences requises par la FIA (Fédération internationale de l’Automobile), notamment en matière de sécurité. C’est bien la première fois dans l’histoire de cette prestigieuse course que des véhicules préparés au Maroc et conduits par des pilotes marocains vont arpenter les pistes du WTCC. Lors d’une conférence de presse à laquelle ont assisté promoteurs de la Rio Cup et organisateurs du Grand Prix de Marrakech, les pilotes ont exprimé leur fierté de participer à cette course.</s>
    <s>Piloté par des passionnés de sport automobile au Maroc, le projet de la Formule nationale Rio Cup est né en 2008 d’un partenariat entre Automobiles Menara Compétition et Kia Motors Maroc, afin de permettre à des pilotes amateurs d’accéder à la compétition à moindre frais.</s>
    <s>La Formule nationale Rio Cup, qui figure parmi les plateaux qui animent le championnat du Maroc de course automobile, est composée de 15 voitures de série, préalablement modifiées en version compétition pour satisfaire à toutes les normes de sécurité requises. Les 15 Rio sont de ce fait identiques dans leur fiche technique. Ce qui se traduit sur les pistes des circuits par une grande qualité de spectacle du fait que la puissance des moteurs et les caractéristiques de motricité ou de suspension n’ont pas de rôle principal pour déterminer le podium final. Ce sont plutôt les qualités de pilotage qui font la différence entre les participants. Il est à signaler que les pilotes engagés dans la Rio Cup viennent d’horizons différents et n’ont pas tous une grande expérience dans le sport automobile. Leur objectif commun : se faire plaisir tout en ménageant leur véhicule. Leur participation à une étape du championnat du monde WTCC est la consécration d’un petit parcours riche en émotions.</s>
    <s>24ème Marathon des Sables : le coups d’envoi donné à Paris</s>
    <s>(20 février 2009). C’est dans les magnifiques locaux parisiens de l’ONMT (office national marocain de tourisme) que Patrick Bauer a présenté à la presse française les contours de la 24ème édition du Marathon des Sables, un événement international qui a élu domicile dans le Sahara depuis bientôt un quart de siècle. L’organisateur du Marathon des Sables a d’emblée annoncé que l’édition 2009, qui sera placée sous le haut patronage de SM le roi, se distingue par un parcours encore plus difficile. Ce qui accentue le caractère extrême de la manifestation. Les 875 compétiteurs auront en effet à parcourir 242 km en 6 étapes et en autosuffisance alimentaire. Mais la grande nouveauté de ce Marathon reste sans doute le retour inattendu de Lahcen Ahansal, 10 fois vainqueur de la compétition, et qui a avait annoncé auparavant son retrait définitif de la course. Lahcen sera évidemment le grand favori, aux cotés de son frère Mohammed, du Jordanien Salameh El Aqra, mais aussi de l’Espagnol Jorge Aubesso Martinez. Du coté des femmes, la Marocaine Didi Touda devra se battre afin de maintenir son titre contre Monica Aquilera et la triple championne du Marathon des Sables, la Luxembourgeoise Simone Kayser. En plus de son caractère sportif, le Marathon des Sables est une aventure humaine qui permet à des dizaines d’associations d’engager des appels à dons. Parmi les opérations qui retiendront l’attention cette année, figure celle menée par le rugby men franco-marocain Abdellatif Benazzi, qui va courir la dernière étape afin de collecter des fonds à l’association NOOR. Au cours de la conférence parisienne, Patrick Bauer n’a pas manqué d’insister sur les efforts déployés par son organisation en faveur de la protection de l’environnement. A ce titre, une action structurée « Protégeons le désert » devra être menée tout le long des 6 étapes du Marathon. Son objectif est de préserver la propreté et la beauté de tous les lieux de passage de la caravane.</s>
    <s>C’est le 12 mars prochain au siège de Kia Motors Maroc à Casablanca que les organisateurs se sont donnés rendez-vous avec la presse marocaine pour présenter cette 24ème édition du Marathon des Sables.</s>
    <s>Mohave Le luxe en version 4x4</s>
    <s>(Casablanca, 10 février 2009). Désormais, le Sorento a un grand frère qui s’appelle Mohave (nom du désert californien). SUV luxueux proposant 7 places de série, le Mohave dispose de solides atouts pour se frayer une place de choix dans l’univers très concurrentiel des 4x4 de luxe. A commencer par des proportions généreuses et un design assez conservateur, mais aussi grâce à une motorisation d’exception : un V6 3,0 l diesel qui développe une puissance de 250 cheveux. Affichant une dotation complète en équipements de confort et de sécurité, le Mohave est aussi un véhicule au contenu technologique irréprochable. Ses systèmes d’aide à la conduite (LSD, ESC, HAC…) et sa boite automatique à six rapports le placent en haut du segment. Chez Kia luxe et économie ne sont pas incompatibles. C’est ainsi que le Mohave est proposé au tarif de 475.000 dh.</s>
    <s>KAAO 2009 : belle prestation des Marocains</s>
    <s>(Melbourne, 1er février 2009). Quelques heures avant le sacre de Serena Williams sur le court central Rod Laver Arena de Melbourne, Chaimaa Roudami a fait une belle prestation lors de la finale internationale du Kia Amateur Australian Open (KAAO). Après avoir fait un parcours sans faute, en alignant 3 victoires successives, Chaimaa n’a pas pu surmonter l’obstacle de la Française Florence Haring, qui n’est autre que la 266ème tennis women mondiale. Du coté des hommes, il faut dire aussi que le jeune Anas Rouchdi a réalisé une bonne performance pour se classer 5ème et ce, en dépit d’une chaleur épouvantable.</s>
    <s>Rappelons que le KAAO est organisé en marge de l’Open d’Australie. Chaimaa et Anas avaient assuré leur ticket pour l’Australie aux termes de phases qualificatives qui s’étaient déroulées à la Moundir Tennis Academy de Casablanca en novembre 2008. Cette année, 14 pays étaient représentés au KAAO dont les Etats-Unis, l’Angleterre, les Emirats arabes unies, l’Allemagne, la France…</s>
    <s>Avec sa dimension internationale, le KAAO bénéficie de tout le soutien de Kia Motors Corporation et de la Fédération australienne de tennis. Son importance réside notamment dans le fait de découvrir de nouveaux talents et de leur offrir la possibilité de participer à une grande compétition où tous les grands noms du tennis mondial se rencontrent.</s>
    <s>Ventes auto : Kia champion pour la 2ème fois</s>
    <s>Casablanca, 31 janvier 2009</s>
    <s>Ventes auto : Kia champion pour la 2ème fois</s>
    <s>Pour la deuxième année consécutive, Kia Motors Maroc s’accapare la première place du marché des véhicules de tourisme importés. Avec 9.521 unités écoulées à fin décembre 2008, la marque coréenne a largement confirmé sa suprématie, puisque la différence avec le deuxième du classement est tout de même de 1.843 voitures. Comme prévu, le secteur automobile marocain a dépassé le cap des 120.000 ventes, toutes catégories confondues, et ce, malgré un petit relâchement observé durant les 4 derniers mois de l’année. La part de marché de KMM frôle les 14% du segment des véhicules de tourisme importés. Cette performance a été permise grâce au bon comportement de la Picanto, dont les ventes ont représenté 50% de la catégorie des micro-citadines. La Carens et le Sportage ont également enregistré de bons scores.</s>
    <s>Nouvelle Optima Montée en gamme</s>
    <s>(Casablanca, 1er janvier 2009). La longue absence de l’Optima du catalogue marocain de Kia a touché à sa fin. La nouvelle Optima débarque, profitant d'un style modernisé afin d'être au même parfum que les autres modèles excitants du constructeur coréen, notamment au niveau de sa face avant. Imposante par ses dimensions (4,80 m de longueur), cette berline se positionne comme voiture routière par excellence. A ses débuts, la nouvelle Optima ne sera disponible qu’en motorisations essence : un 4 cylindres 2,0 l et 164 ou bien un onctueux V6 de 2,7 l développant la bagatelle de 194 ch.</s>
    <s>À l'intérieur, l’Optima 2009 brille par une qualité de finition et un choix de matériaux dignes des berlines luxueuses. Même constat lorsqu’il s’agit d’équipements de confort ou de sécurité. De quoi rivaliser avec les ténors du segment (japonais ou allemands). La nouvelle Optima est proposée à partir de 244.900 dh, avec une seule finition.</s>
    <s>Formule Nationale Rio Cup : Victoire de Marco Guzzo</s>
    <s>Formule Nationale Rio Cup : Victoire de Marco Guzzo</s>
    <s>La première saison de la Formule Nationale Rio Cup a tenu toutes ses promesses. D’ailleurs, tous les pilotes ont retenu leur souffle jusqu’à la dernière manche du championnat avant de connaître l’heureux gagnant. Il faut dire que cela s’est joué à couteaux tirés entre Bruno Igounec et le jeune Marco Guzzo. Et c’est finalement ce dernier qui a eu le sacre, suite à un abandon inattendu du vétéran Igounec lors du circuit de Tit Mellil le 23 novembre dernier. Des duels, il y’en a eu également pour déterminer celui qui aura droit à la troisième place du podium. Finalement, l’expérience de Robert Cantarel l’a emporté sur l’enthousiasme du prodige Thomas Kleinveld. Au final, les 15 pilotes de la Rio Cup ont exprimé leur satisfaction d’avoir terminé la saison avec très peu de soucis mécaniques. Au terme des 7 manches, aucun accident grave ne fut enregistré. De même, aucun problème de fiabilité des véhicules n’a été signalé.</s>
    <s>La remise des prix de cette première saison de la Rio Cup a eu lieu le vendredi 19 décembre en présence des familles des pilotes et des membres de la Fédération royale marocaine royale marocaine des sports automobiles. Tous les pilotes ont droit à des prix. Si les trois premiers ont eu le plaisir de monter sur le podium, les 12 restants ont reçu des lots de consolation. Rendez-vous est donc pris pour la prochaine édition. D’ores et déjà, les 15 pilotes sont fixés sur le lieu du circuit inaugural de la saison 2009. C’est à Hay Hassani, à la place de l’ancien aéroport que l’on reverra d’autres duels et pourquoi pas l’émergence d’autres nouveaux as du volant.</s>
    <s>KAAO 2009 : Roudami et Rochdi à la grande finale</s>
    <s>(Casablanca, 8 novembre 2008). Le rideau est tombé sur la quatrième édition du tournoi Kia Amateur Australian Open (KAAO), après quatre jours de compétition, où plus de 100 amoureuses et amoureux de la petite balle jaune ont sorti leur grand jeu. Il faut dire que l’enjeu était de taille, puisque les vainqueurs des tableaux simples masculin et féminin partiront à Melbourne fin janvier 2009 pour disputer la finale internationale de ce tournoi amateur. Ce seront Chaimae Roudami du Club casablancais ACSA et Anas Rochdi du Stade Marocain de Rabat qui représenteront notre pays à cette compétition où 16 nations tenteront de jouer les premiers rôles. Rappelons que le Maroc a été sacré vainqueur du KAAO à deux reprises dans la catégorie Dames par la très brillante Nadia Lalami. Les représentants de notre pays auront donc la lourde tâche de défendre ces titres et maintenir la bonne image qu’on a toujours donné du tennis marocain.</s>
    <s>Lors de la finale qui s’est déroulée dans les magnifiques installations de la Moundir Tennis Academy, en présence du président de la Fédération royale marocaine de tennis, Mr Mohamed M’JID, les deux gagnants n’ont pas caché leur émotion et leur joie de pouvoir couronner leur petit parcours par un voyage aussi excitant et riche sur les plans sportif et personnel. Le Kia Amateur Australian Open, qui est à sa quatrième édition au Maroc, a réussi à s’imposer sur le plan national grâce à la qualité de l’organisation et à l’implication de la FRMT. Par ailleurs, un programme d’animation très riche a été mis en place, avec l’organisation de jeux et tombolas.</s>
    <s>Outre l’opportunité de pouvoir disputer la finale internationale du Kia Amateur Australian Open, les deux champions marocains auront le plaisir d’assister à la Finale du tournoi professionnel de l’Open d’Australie et de solliciter les conseils des plus grands noms du tennis mondial : Nadal, Djokovic, Williams et autres Sharapova. Bonne chance à nos jeunes champions Chaimae Roudami et Anas Rochdi.</s>
    <s>Tournoi KAAO 2008 Pour un ticket à Melbourne</s>
    <s>Tournoi KAAO 2008 Pour un ticket à Melbourne</s>
    <s>(Casablanca, 28 octobre 2008). L’académie de tennis Moundir (MTA) abrite la quatrième édition du Kia Amateur Australian Open, tournoi organisé par Kia Motors Maroc, en partenariat avec la Fédération royale marocaine de tennis. Du 5 au 8 novembre, ils seront plus de 200 participantes et participants à disputer les phases qualificatives et essayer de décrocher un ticket pour l’Australie.</s>
    <s>En effet, l’équipe gagnante (un garçon et une fille) partira à Melbourne en janvier 2009 pour disputer la finale internationale du Kia Amateur Australian Open, qui opposera cette année les meilleurs tennismans amateurs de 16 pays. Elle aura lieu en même temps que l’Open d’Australie, premier Grand Chelem de la saison. Les billets d’entrée à la finale des professionnels font, bien entendu, parti du prix remporté par les deux joueurs victorieux de la compétition casablancaise.</s>
    <s>Lors de ses trois dernières participations à la finale du KAAO en Australie, le Maroc a toujours fait bonne figure, notamment dans la catégorie Dames. C’est ainsi que Fatima Zahra Lallami s’était classée troisième en 2006, tandis que Nadia Lalami a remporté à deux reprises la finale internationale, dans le célèbre court central « Rod Laver Arena » en en inclinant des joueuses de haut niveau.</s>
    <s>Cette année, quelques améliorations de taille ont été introduites à ce tournoi dont la mise en place d’un site Internet (www.kaao.ma) pour faciliter les démarches d’inscriptions aux participants. A noter également qu’en plus des tableaux dames et messieurs, un tableau « Vétérans » amateurs fera son apparition dans le KAAO.</s>
    <s>Depuis ses débuts en 2005, le KAAO a beaucoup gagné en maturité pour devenir le plus grand rendez-vous des amateurs de la petite balle jaune au Maroc, mais aussi une opportunité de faire la fête. Des animations spéciales seront programmées pendant le KAAO dont des jeux, des tombolas, un kid’s day… et pour joindre l’utile à l’agréable, les organisateurs vont inviter les pensionnaires de l’orphelinat de Aïn Chock à découvrir les belles installations de la Moundir Tennis Academy et pourquoi pas, y dénicher les champions de demain. Règlement du tournoi Le Kia Amateur Australian Open est organisé par Kia Motors Maroc, sous l’égide de la Fédération royale marocaine de tennis. Les premiers matchs débutent le mercredi 5 novembre et la grande finale est prévue le samedi 8 novembre. Ce tournoi s’adresse à des joueuses et joueurs marocains, âgés entre 15 et 25 ans, n’ayant pas de points ATP ou WTA et n’ayant jamais été classés ATP ou WTA. Le Kia Amateur Australian Open, réservé aux seuls licenciés de la FRMT, comportera les tableaux suivants :</s>
    <s>- Un tableau simples messieurs 15~25 ans, limité à 128 joueurs</s>
    <s>- Un tableau simples dames 15~25 ans, limité à 64 joueuses</s>
    <s>- Un tableau vétérans 45 ans et plus, limité à 32 joueurs.</s>
    <s>Pour les 3 tableaux, le règlement prévoit 2 sets gagnants avec tie break à 6 jeux partout à tous les sets. Les vainqueurs des tableaux dames et hommes se verront accordé un ticket pour la finale internationale en Australie, qui se déroulera en fin du mois de janvier 2009.</s>
    <s>Tous les frais de déplacement et de séjour à Melbourne seront pris en charge par Kia Motors Maroc. D’autres prix d’encouragement seront attribués par aux ½ finalistes et finalistes.</s>
    <s>Nadia Lalami roulera en Kia Proceed</s>
    <s>(Casablanca le 31 juillet 2008). Quelques jours après son anniversaire de 18 ans et au moment de son passage dans le circuit professionnel, Nadia Lalami a reçu un beau cadeau de la part de Kia Motors Maroc. Son sponsor officiel lui a offert une Proceed, une voiture sportive au design moderne et racé. La cérémonie de remise des clés de la Proceed s’est déroulée à Casablanca en présence de Mr Euisun Chung, président de Kia Motors Corporation et Mr Amine Belkhouya, président de Kia Motors Maroc. Mr Chung a profité de l’occasion pour rappeler l’engagement de son entreprise en faveur du développement du tennis et des tennismen. Le soutien de l’Open d’Australie ou encore du numéro 2 mondial Rafael Nadal en est l’illustration. Pour sa part, Nadia Lalami a vivement remercié le président de KMC de son attention, tout en lui promettant de mériter cette association avec la marque Kia par de nouveaux exploits sportifs au niveau international. Nadia s’est envolé juste après cette cérémonie pour Nice, où elle disputera un tournoi Future. Son programme se prolongera ensuite en Corée du Sud pour 4 tournois ITF.</s>
    <s>Rappelons que Nadia Lalami est sponsorisée depuis plus de 2 ans par Kia Motors Maroc. Cette jeune tenniswomen s’est illustrée sur les circuits nationaux et internationaux dès son jeune âge. Elle a notamment remporté à deux reprises le tournoi Kia Amateur Australian Open à Melbourne, les championnats du Maroc Junior l’année dernière à Rabat, le tournoi national Senior 2008 à Casablanca ainsi que les championnats d’Afrique Junior 2008 au Botswana. Dans les jours qui viennent, Nadia Lalami devrait être prise en charge par un coach de très haut niveau qui va lui assurer des perspectives de développement de carrière.</s>
    <s>Automobiles Menara : Une 4ème vitrine Kia Motors pour Casablanca</s>
    <s>(Casablanca le 9 juillet 2008). Kia Motors s’offre une nouvelle vitrine à Casablanca. Après les succursales de Abdelmoumen, Moulay Ismail et Zenata, la marque coréenne sera commercialisée dans la zone industrielle de Aïn Sebâa, plus précisément au niveau de la concession « Automobiles Menara ». L’inauguration de ce nouveau point de vente a eu lieu mercredi 9 juillet, en présence de M. Amine Belkhouya, président de Kia Motors Maroc et M. Gilbert Guzzo, directeur général de la société Automobiles Menara. Sur une superficie totale de 9350 m2, les nouveaux quartiers de Kia Motors sont conçus de manière intelligente pour offrir le meilleur aux clients. Ainsi, l’immense show room de 750 m2 brille par sa luminosité, grâce à une façade entièrement vitrée. De l’extérieur, cela ressemble à une réelle invitation à pénétrer l’univers Kia. Du côté des ateliers, c’est tout le savoir-faire cumulé d’un homme de grande expérience qui est mis à contribution, sur une superficie totale de 3000 m2 (sous-sol compris). Rappelons que Gilbert Guzzo est un grand passionné de l’automobile. Il a à son actif la fabrication de la Menara, première voiture 100% marocaine, mais aussi plusieurs répliques de véhicules de collection. Parmi les derniers projets qu’il a piloté, la formule nationale « Rio Cup », qui anime avec brio depuis quelques semaines le championnat national de course automobile.</s>
    <s>La nouvelle concession de Kia Motors est une unité intégrée et indépendante dont l’objectif principal est de se rapprocher davantage de sa clientèle. Elle fonctionnera selon le concept des 3S (Sales, Service and Spare parts). Traduisez par volet commercial, service après-vente et pièces de rechange. Ceci avec l’assistance permanente de Kia Motors Maroc. Actuellement, Kia Motors compte l’une des couvertures les plus denses au Maroc en matière de distribution automobile, avec 20 points de ventes. Cette année verra l’ouverture de trois unités supplémentaires à Marrakech, Rabat et Lâayoune.</s>
    <s>une grande messe de l’athlétisme soutenue par Kia</s>
    <s>Comme à son habitude, Kia Motors Maroc s’associe à des événements à forte valeur ajoutée pour le sport national. La marque coréenne, qui est toujours classée en tête des ventes d’automobiles au Maroc, sera le sponsor officiel de « International Tangier 2008 ».</s>
    <s>Sous l’impulsion de notre grand champion olympique Hicham El Guerrouj, Tanger va abriter le 13 juillet 2008 un meeting international d’athlétisme. « International Tangier » se veut une rencontre d’un genre particulier puisqu’il se tient à moins d’un mois des Jeux Olympiques de Pékin. Cet événement s'inscrit dans la durée et compte pérenniser à Tanger une manifestation de niveau mondial et d'en faire petit à petit l'un des rendez vous incontournables du circuit mondial. Hicham El Guerrouj ne mâche pas ses mots. Il compte franchir toutes étapes nécessaires pour inscrire ce meeting dans les années à venir au Grand Prix IAAF et pourquoi ne pas figurer un jour dans la Golden League IAAF.</s>
    <s>Pour cette première édition il est programmé 14 épreuves avec quelques courses phares dont notamment un 1500m des plus relevés, pour nous rappeler ces moments historiques que nous avons tous vécu avec cette épreuve. Près de 200 athlètes de plus d'une vingtaine de pays seront invités à prendre part au meeting ce qui va le placer dès sa première édition à un niveau très élevé. Rendez-vous tous le 13 juillet au stade Marshan à Tanger à partir de 17h, ou devant le petit écran. Les chaînes Arryadia, Al Oula et Al Jazeera Sport diffuseront en direct les moments forts de cet événement</s>
    <s>Rio Cup : le sport automobile version Kia.</s>
    <s>En partenariat avec la société Automobiles Menara, Kia Motors Maroc vient de lancer la Formule nationale Rio Cup. Ce sont 15 véhicules Kia Rio de série, qui ont pris le départ devant le public rbati, en ce jour de dimanche 1er juin, lors de la course organisée par le club Grand Maghreb. La Rio Cup est un projet ambitieux qui est né de l’imagination de Gilbert Guzzo, un expert en matière d’industrie automobile, qui a déjà à son actif la réalisation de la Menara, première voiture conçue et fabriquée au Maroc, mais aussi le lancement du Trophée Palio, une formule nationale monotype qui a été arrêtée en 2003. Par rapport à cette dernière, le principe est toujours le même : mettre à la disposition des pilotes des véhicules aux caractéristiques techniques identiques. Ce qui se traduit sur les pistes des circuits par une qualité de spectacle sans pareil, où les critères de puissance, de motricité ou de suspension laissent la place à l’habilité du conducteur et ses capacités à gérer les situations difficiles. Les 15 pilotes engagés dans la Rio Cup viennent d’horizons différents et n’ont pas tous une grande expérience dans le sport automobile. « Pour tous les pilotes, l’objectif n’est pas d’être sur le podium. Certains sont là pour laisser exprimer leur passion pour le sport automobile. Leur bonheur serait de terminer toutes les courses, sans casser leur voiture », affirme Gilbert Guzzo. Il est à signaler que la Rio Cup est une formule qui est organisée durant toutes les étapes du championnat du Maroc, et se tient sous l’égide de la Fédération royale marocaine des sports automobiles. Afin de motiver les pilotes à donner le meilleur d’eux-mêmes, une grille de primes très motivante a été mise en place par les organisateurs.</s>
    <s>A propos de Kia Motors Maroc</s>
    <s>Distributeur officiel de Kia Motors Corporation depuis 2002, Kia Motors Maroc a réussi à s’accaparer la première place dans le palmarès des véhicules de tourisme importés sur le marché marocain au cours de l’année précédente. Cette performance, Kia Motors la doit à une politique de marketing mix savamment dosée où produit, promotion, distribution et service sont les maîtres mots. Aujourd’hui, Kia Motors Maroc aborde l’avenir avec plus de sérénité en renforçant davantage son association avec les sports. Des événements de grande envergure en football, tennis, basket-ball, cyclisme, athlétisme ou encore sport automobile seront parrainés au cours de l’année 2008.</s>
    <s>« Kia Global Communication Comittee » : le Maroc à l’honneur</s>
    <s>(Casablanca le 29 avril 2008). La capitale économique du Maroc vient d’accueillir les travaux du « Kia Global Communication Committee » (GCC), un séminaire international qui a rassemblé cette année les distributeurs des pays d’Afrique, Moyen Orient, Amérique Latine, Asie et Pacifique. Le GCC est un rendez-vous très important dans la mesure où il fait l’état sur les actions de stratégie marketing à l’international de Kia Motors, ainsi que les projections futures. Les soixante participants du séminaire casablancais ont pu découvrir en avant-première le plan produit du constructeur sur les cinq années à venir, mais aussi sa stratégie de développement dans le marketing sportif, considéré comme outil de conquête incontournable de nouveaux clients. Les relations publiques, partie indissociable de toute politique de proximité, occupent désormais une place de choix dans cette nouvelle vision de Kia Motors Corporation. Les séminaristes ont été invités à se montrer davantage agressifs en dupliquant fidèlement la feuille de route tracée par le constructeur. Ce dernier est plus que jamais résolu à faire du design son cheval de bataille. Les futurs modèles qui seront dévoilés aux salons automobiles internationaux en diront long sur les choix judicieux adoptés par le patron du design de Kia Motors, Peter Schreyer.</s>
    <s>Le GCC 2008 a été l’occasion de rendre hommage au travail accompli par Kia Motors Maroc, qui a fait de la marque coréenne un leader sur son marché.</s>
    <s>Grand Prix WTA Lalla Meryem : Nadia Lalami à l’épreuve.</s>
    <s>(Fès le 25 avril 2008). Quelques semaines après son sacre continental au Botswana, lors du championnat d’Afrique Junior, la coqueluche du tennis national féminin, Nadia Lalami, se lance un nouveau défi à savoir s’imposer dans le Grand Prix WTA Lalla Meryem. Et pourquoi pas jouer les premiers rôles après s’être affirmée comme la meilleure tennis women dans notre pays.</s>
    <s>Ce tournoi, qui est à  sa 8ème édition, sera doté d’une enveloppe globale de 145.000 $ et se jouera sur les magnifiques cours du Royal Tennis Club de Fès (RTCF) du 26 avril au 4 mai. Cette année encore, le plateau est alléchant, avec la présence de joueuses de haut niveau, comme la Française Pauline Parmentier (48ème mondiale), la Roumaine Ioana Raluca Olaru (68ème mondiale) ou encore l’Italienne Tathianna Garbin (51ème mondiale). Sans oublier nos stars nationales. Du beau spectacle en perspective.</s>
    <s>Le club fassi, qui accueille le Grand Prix WTA Lalla Meryem pour la deuxième année consécutive, promet une affluence record, notamment grâce à la mise en jeu d’une Kia Picanto, que pour le public assistant. Le tirage au sort de la tombola aura lieu juste après la finale du dimanche 4 mai.</s>
    <s>10ème Kia Bouregreg Trophy : L’aventure en 4x4.</s>
    <s>(Casablanca, 21 avril 2008). Le club des sports mécaniques le Grand Maghreb organise du 1er au 4 mai la dixième édition du Kia Bouregreg Trophy, un raid dédié aux 4x4, motos et quads. Cette compétition sportive, placée sous l’égide de la Fédération royale marocaine des sports automobiles, verra la participation de 80 équipages venus de cinq pays et partageant une passion commune, celle de surpasser ses limites. Le Kia Bouregreg Trophy étant une épreuve basée sur l’orientation, les pilotes sont amenés à naviguer dans le cadre somptueux moyen Atlas où la nature n’est pas aussi clémente qu’on le croit. Pour cela, quatre éléments sont indispensables : road book, boussole, plaque de désensablage et une cartographie de la région. Trois jours durant, les participants auront à traverser plusieurs types de terrains, caillouteux, sablonneux voire accidentés mais aussi des forêts et des montagnes inconnues du grand public. Le périple va les mener de Khemisset à Azrou, en passant par les décors somptueux du Moyen Atlas et ce, en 4 étapes d’une distance moyenne de 160 km par jour. Il convient d’insister que pour le classement final, aucun élément de chronométrage ne sera tenu en compte. Ici, pas de place à la vitesse, mais plutôt au bon sens de l’orientation. Les compétiteurs devront rallier deux points de contrôle tout en maintenant une vitesse constante et se rapprocher le plus possible de la distance indiquée dans le road book. C’est en fait sur la régularité qu’ils seront notés. Il faudra vous munir d’une boussole, gonfleur, bombe anti-crevaison et une dose de patience. La complicité entre le pilote et son navigateur dans le respect du road book reste le seul élément qui fera la différence. Outre l’aspect compétition, ce raid privilégie l’esprit de solidarité et de fair-play entre tous les participants. Les participants à ce raid ne sont pas des professionnels mais de simples propriétaires d’un véhicule 4x4, amateurs de sensations fortes.</s>
    <s>Cette année, Kia Motors Maroc offre à ses clients Sorento la possibilité de participer à ce magnifique Raid 4x4. 10 personnes seront tirées au sort pour bénéficier d’une remise exceptionnelle de 60% sur le tarif de participation.</s>
    <s>Rendez-vous donc à Kemisset le jeudi 1er mai pour le départ du 10ème Kia Bouregreg Trophy à partir de 8h du matin.</s>
    <s>Contact : Jacky De La Orden, Email : maghrebcables@menara.ma, Tél : 0661 318 814</s>
    <s>Dominique Marciano, Email : ga.geo.mar@menara.ma, Tél : 0661 19 36 03</s>
    <s>The show must go on, by Kia Motors.</s>
    <s>Les étudiants de l’ISCAE Casablanca organisent le plus grand événement universitaire du Maroc : «The show must go on». Cette manifestation qui aura lieu les 17 et 18 avril 2008 au sein de l’établissement, sera scindée en 2 parties :</s>
    <s>- L'événement scientifique (jeudi 17 avril) avec une conférence qui mettra en exergue l’impact de l’événementiel sur le tourisme culturel.</s>
    <s>- L'événement festif (vendredi 18 avril) : Soirée dansante rassemblant 5000 étudiants animée par plusieurs Dj’s internationaux de renom. Un plateau artistique unique en son genre rassemblant en même temps plusieurs superstars internationales pour la première fois au Maroc à savoir Sebastian Ingrosso, Mark Knight, David Hopperman et DJ Samy A pour le closing de la soirée.</s>
    <s>Fidèle à sa politique de proximité avec les étudiants de l’enseignement supérieur, Kia Motors Maroc soutient cet événement.</s>
    <s>Pour plus de renseignements, contacter le 0661 08 02 18 ou le 0660 91 87 63</s>
    <s>Marathon des Sables : Didi Touda et Kia Motors victorieux.</s>
    <s>(Ouarzazate le 6 avril 2008). Nous n’avons pas eu de suspens pour ce 23 Marathon des Sables. La Marocaine Touda Didi, sponsorisée par Kia Motors, a emporté toutes les étapes avec des écarts faramineux sur ses poursuivantes. C’est la première fois qu’elle remporte cette course extrême unique dans le monde, et il semble assez probable que ce ne soit pas la dernière, vu sa domination cette année. On retrouve en seconde position Simone Kayser et Lis Kayzer ex aequo, la mère et la fille ont couru ensemble toute la semaine. Du côté des hommes, c’est le grand favori, et éternel numéro deux de l’épreuve pendant de longues années, qui s’est adjugé le sacre. Mohamad Ahansal a remporté le second marathon des sables de sa carrière, se permettant même le luxe d’entrer en tête à Tazzarine et de terminer par une roue acrobatique sur la ligne d’arrivée. Le coureur originaire de Zagora a démontré sur cette édition une belle science tactique.</s>
    <s>Sur la ligne d’arrivée, les concurrents ont manifesté leur joie, leur fierté ou leur soulagement de diverses manières. Ils sont nombreux à s’être effondré en larmes dans les bras de Patrick Bauer, le directeur de course. D’autres, également très nombreux, ont choisi de rendre hommage à leurs couleurs, sortant des drapeaux tout propres pour l’occasion. On a ainsi pu admirer des étendards marocains, bien sur, mais aussi l’union Jack britannique, le drapeau jordanien, colombien, australien, japonais, sud coréen, luxembourgeois…</s>
    <s>Ainsi s’achève ce 23ème marathon des sables, qui a encore une fois été le théâtre d’une aventure humaine et sportive hors du commun. La caravane de 1200 personnes, coureurs et organisateurs, revient de cette expérience avec des images plein les yeux, un stock d’émotion précieux, avec en ligne de mire la 24ème édition, bien sur. In Cha Allah.</s>
    <s>Rappelons que Kia Motors est sponsor officiel du Marathon des Sables depuis 3 années.</s>
    <s>Nouveau show room Kia : Une nouvelle pièce dans le puzzle.</s>
    <s>(Casablanca le 3 avril 2008). Kia Motors Maroc dévoile sa nouvelle adresse à Casablanca. Après les succursales des Boulevards Abdelmoumen et Moulay Ismail, c’est sur la route côtière de Mohamedia que le label coréen sera également commercialisé. Sur une superficie totale de 8500 m2, les nouveaux quartiers de Kia Motors ont été conçus de manière intelligente pour offrir le meilleur aux clients, selon le concept des 3S (Sales, Service and Spare parts). Traduisez par volet commercial, servie et pièces de rechange. Ainsi, l’immense show room de 960 m2 brille par sa hauteur sous plafond et sa grande vitrine qui donne sur la route principale. De l’extérieur, cela ressemble à une réelle invitation à pénétrer dans l’univers Kia. Du côté du service après-vente, les nouvelles installations, réalisées selon les standards internationaux de Kia Motors Corporation, permettront d’accueillir jusqu’à 100 véhicules par jour. D’un atelier quick service aux grands travaux de carrosserie en passant par les aires de stockage de la pièce de rechange, Kia Motors Maroc tient à véhiculer un message clair à ses clients, celui du respect de ses engagements en matière de qualité de service.</s>
    <s>La nouvelle succursale de Kia Motors est une unité intégrée et indépendante dont l’objectif principal est de se rapprocher davantage de sa clientèle. Mohamedia, Zenata, Zone industrielle de Ain Sebâa et Sidi Bernoussi seront les futurs terrains de conquête de Kia Motors Maroc. Aujourd’hui, Kia Motors compte l’une des couvertures les plus denses au Maroc en matière de distribution automobile, avec près de 20 points de ventes. Cette année verra l’ouverture de deux unités supplémentaires.</s>
    <s>Showroom Kia Motors :</s>
    <s>Route côtière 111 – km 11,2</s>
    <s>Zenata, Casablanca</s>
    <s>Jazz : Et de trois pour le Jazzablanca</s>
    <s>C’est un festival de Jazz comme on aimerait pour la capitale économique du pays. Le Jazzablanca, qui célèbre cette année sa troisième édition promet un plateau d’artistes de très grande renommée tel que Gloria Gaynor, Bettye Lavette ou encore Bernard Allison. Kia Motors Maroc est partenaire officiel de ce rendez-vous musical depuis 2 ans.</s>
    <s>Pour plus d’informations sur le programme des soirées, cliquez sur www.jazzablanca.com</s>
    <s>Marathon des Sables : C’est parti pour 7 jours de plaisir</s>
    <s>Le départ du 23ème Marathon des Sables a été donné dimanche 30 avril au pied des magnifiques et imposantes dunes de Merzouga. Plus de 850 participants, venant de 32 pays tenteront de relever le défi à savoir parvenir à gérer leurs rythme, efforts, nourriture, sommeil et moral à travers les 7 jours que durera ce marathon et ses 245 km de distance totale. Plusieurs personnalités du monde du sport, de l’art, de la politique et du cinéma ont pris prit part à cette course unique dans le monde. Les organisateurs parlent d’une édition très spéciale puisqu’elle est marquée par l’absence du champion incontesté de l’épreuve : Lahcen Ahansal (10 fois vainqueur). Tous les regards sont rivés vers l’autre Ahansal, Mohamed. Ce dernier n’aura pas la tâche facile, avec la présence cette année du Jordanien Salameh Al Aqra et l’espagnol Jorge Aubesso Martinez. Du côté des femmes, c’est la Marocaine Didi Touda qui part favorite.</s>
    <s>Rappelons que Kia Motors est sponsor officiel du Marathon des Sables depuis 3 ans. Durant la course, Kia Motors supporte 3 champions marocains : Didi Touda, Mustapha Ait Amar et Brahim Regragui.</s>
    <s>Pour suivre le Marathon des Sables en ligne, cliquez sur www.darbaroud.com</s>
    <s>Morocco Tennis Tour : que la fête commence</s>
    <s>Dans le cadre de sa politique d’accompagnement du tennis national, Kia Motors Maroc vient de parapher un important accord de partenariat avec la SNRT, organisateur du Morocco Tennis Tour (MTT). Cet événement annuel, qui fait partie du Circuit international de tennis Sa Majesté le Roi Mohammed VI, se veut le rendez-vous incontournable de tous les professionnels de la petite balle jaune, qui veulent jouer les premiers rôles sur les courts de terre battue.</s>
    <s>Calendrier du MTT :</s>
    <s>Tanger, club TCMT : du 10 au 15 mars (Prize money 35.000 $)</s>
    <s>Meknès, club TCM : du 17 au 22 mars (Prize money 35.000 $)</s>
    <s>Rabat, club Wifaq : du 5 au 10 mai (Prize money 50.000 $)</s>
    <s>Marrakech, club RTCMA : du 12 au 17 mai (Prize money 100.000 $)</s>
    <s>Kia Motors sera le transporteur officiel du MTT et bénéficiera d’une importante visibilité sur les clubs, mais aussi sur les chaînes de télévision Al Oula, Arriyadia et Arriyadia TNT. Sur près de 300 heures de retransmission télé, des spots Kia Carens et Sorento seront diffusés, ainsi que des billboards lors des résumés de matchs.</s>
    <s>Marathon des Sables : la tournée continue</s>
    <s>(Casablanca, 24 février 2008) La tournée européenne, orchestrée par Patrick Bauer, organisateur du Marathon des Sables, et Kia Motors Maroc, sponsor officiel de cet événement continue. Après le succès des conférences de presse de Paris, Barcelone et Francfort, c’est au tour de Londres d’accueillir la caravane du Marathon des Sables et ce, le 5 mars prochain. Au Royaume-Uni, l’engouement pour ce marathon est tel que les inscriptions se font actuellement au titre de l’année 2009. Quelques jours plus tard, le 13 mars, la presse marocaine pourra découvrir les contours de cette 23ème édition du Marathon des Sables, lors d’une conférence qui sera organisée au siège de Kia Motors Maroc.</s>
    <s>Rappelons que le Marathon des Sables est l’une des courses extrêmes les plus suivies dans le monde, grâce à la difficulté de l’épreuve et la beauté du parcours, mais aussi ses orientations écologique et humanitaire. Le départ de la 23ème édition du Marathon des Sables est prévu le 28 mars.</s>
    <s>Nadia Lalami s’illustre dans le tournoi National Senior by Kia Motors</s>
    <s>(Casablanca 16 février 2008). Après seulement trois semaines de sa victoire à Melbourne dans le Kia Amateur Australian Open, Nadia Lalami (17 ans) s’est illustré sur les cours de la Moundir Tennis Academy à Casablanca en gagnant le tournoi National Senior by Kia Motors. Lors un match très disputé avec Lamia Essadi, Nadia a fait preuve de beaucoup de courage et d’un haut niveau de jeu pour remporter la finale avec un score de 7/5 – 6/4. Cette victoire va permettre au jeune prodige du tennis national d’entrer directement au tableau final du Grand Prix WTA Lalla Meryem, qui se déroulera du 28 avril au 4 mai 2008 au Royal Tennis Club de Fès.</s>
    <s>Nadia Lalami, qui porte les couleurs de Kia Motors depuis l’année précédente, passera en professionnelle dans quelques semaines après avoir validé ses premiers points WTA. Selon les analystes, Nadia recèle d’un grand potentiel tennistique et sera l’une des meilleures révélations sportives marocaines de l’année 2008.</s>
    <s>Kia et le Marathon des Sables : L’aventure continue</s>
    <s>(Paris, 7 février 2008). Pour la troisième année consécutive, Kia Motors Maroc confirme son engagement dans le Marathon des Sables en tant que sponsor officiel. Cet événement de dimension sportive et humaine, en est à sa vingt troisième édition et s’annonce parmi les courses extrêmes les plus suivies du monde. En tant que partie prenante de cette aventure, Kia Motors Maroc supporte un programme de conférences de presse qui démarre à Paris et s’étend à Barcelone, Francfort, Bruxelles et Casablanca. « Notre association avec le Marathon des Sables va au-delà du simple soutien financier. Nous tenons à garantir à cet événement tout l’effort de promotion international qu’il mérite », souligne Amine Belkhouya, président de Kia Motors Maroc. Et d’ajouter, « d’autant plus que l’implication de Kia Motors se veut globale et lui donne les droits de promotion de ce partenariat au-delà du territoire national ».</s>
    <s>Cette année encore, Kia Motors va supporter quelques athlètes brillants : la championne Didi Touda (2ème au classement général lors de la précédente édition) ainsi que deux équipes, une marocaine, et l’autre coréenne qui sera suivie en direct par une importante chaîne de télévision locale. L’action de Kia Motors s’inscrit dans le cadre d’un engagement dans les sports d’extrême avec lesquels la marque partage plusieurs valeurs, comme le dépassement de soi, la recherche de l’excellence, le dynamisme et la jeunesse d’esprit.</s>
    <s>Du point de vue de l’impact de cet événement sur le tourisme marocain, il est à signaler que les organes de presse écrite et audiovisuelle de plusieurs pays suivent les étapes du Marathon sur le terrain. De plus, à travers les agences de presse internationales, les citoyens de 150 pays pourront apprécier la beauté des paysages et la difficulté de l’épreuve.</s>
    <s>Rendez-vous pris pour cette 23ème édition du Marathon des Sables du 28 mars au 7 avril 2008.</s>
    <s>A propose de Kia Motors Maroc</s>
    <s>Distributeur officiel de Kia Motors Corporation depuis 2002, Kia Motors Maroc a réussi à s’accaparer la première place dans le palmarès des véhicules de tourisme importés sur le marché marocain au cours de l’année précédente. Cette performance, Kia Motors la doit à une politique de marketing mix savamment dosée où produit, promotion, distribution et service sont les maîtres mots. Aujourd’hui, Kia Motors Maroc aborde l’avenir avec plus de sérénité en renforçant davantage son association avec les sports. Des événements de grande envergure en football, tennis, basket-ball, cyclisme, athlétisme ou encore équitation seront parrainés au cours de l’année 2008. L’accord signé récemment avec le ministère de la jeunesse et des sports du Maroc ne fera que confirmer la position de Kia Motors Maroc entant que partenaire de tous les sports..</s>
    <s>KAAO 2008 : Le Maroc conserve son titre</s>
    <s>(Melbourne, 26 janvier 2008). Quelques heures avant le sacre de Maria Sharapova sur le court central Rod Laver Arena de Melbourne, Nadia Lalami a remporté pour la deuxième année consécutive le trophée Kia Amateur Australian Open (KAAO). Ce tournoi, organisé en marge de l’Open d’Australie, a vu la participation de deux joueurs de tennis marocains : Nadia Lalami et Said Chaki. Le duo avait assuré son ticket pour l’Australie aux termes de phases qualificatives qui s’étaient déroulées au COC de Casablanca en octobre 2007. Cette année, 16 pays étaient représentés au KAAO dont les Etats-Unis, l’Angleterre, la Suède, l’Allemagne, l’Autriche… Il faut dire que le niveau de compétition était particulièrement élevé par rapport à la précédente édition. « Cette victoire constitue un tournant décisif dans ma carrière. Je remercie Kia Motors Maroc de m’avoir permis de réaliser cette performance et de devenir ainsi la première joueuse à être sacrée championne du KAAO deux fois », déclare Nadia Lalami.</s>
    <s>Avec sa dimension internationale, le KAAO bénéficie de tout le soutien de Kia Motors Corporation et de la Fédération australienne de tennis. Son importance réside notamment dans le fait de découvrir de nouveaux talents et de leur offrir la possibilité de participer à une grande compétition où tous les grands noms du tennis mondial se rencontrent.</s>
    <s>Rappelons que Kia Motors est sponsor majeur de l’Open d’Australie depuis 2002 et que le constructeur vient de renouveler son contrat de partenariat avec le tournoi Grand chelem pour les cinq années à venir. Cela traduit l’engagement du constructeur coréen dans le sport en général et le tennis en particulier.</s>
    <s>Ventes : Kia Motors Maroc pulvérise tous les records</s>
    <s>(Casablanca, 16 janvier 2007). Dans un marché automobile caractérisé par une embellie généralisée, Kia Motors Maroc vient de terminer l’année à la tête du classement des ventes de véhicules particuliers importés. Selon la dernière livrée des statistiques de l’Aivam (association des importateurs de véhicules automobiles au Maroc), la marque coréenne a totalisé 8.182 ventes durant l’année écoulée, soit une part de marché dépassant les 13% et une progression de 84% par rapport à l’année 2006. Cette performance, Kia la doit à une gamme jeune et diversifiée, couvrant tous les segments importants. Signalons à ce titre l’excellente percée de la Picanto, dont les ventes au titre de l’année 2007 se sont arrêté à 6.096 unités, lui conférant ainsi le titre de voiture de tourisme importée la plus vendue de tous les temps au Maroc.</s>
    <s>« Notre position de leader nous impose davantage d’efforts pour satisfaire nos clients, que se soit en termes de qualité de service ou d’amélioration de nos capacités d’accueil. D’autant plus que nous venons de prolonger notre garantie à 5 ans ou 100.000 km », affirme Amine Belkhouya, président de Kia Motors Maroc. Le représentant officiel du constructeur coréen aborde l’année 2008 avec de nouveaux challenges. A Kia Motors Maroc, tous les collaborateurs sont conscients des enjeux futurs qui les attendent, car consolider ces performances dans un marché fortement concurrentiel ne sera pas aisé. Pour cela, l’entreprise est engagée dans un ambitieux programme d’investissement qui aboutira notamment à l’ouverture de nouvelles succursales et concessions à Casablanca, Rabat, Marrakech et Laayoune. Quand aux produits, la gamme sera enrichie par de nouveaux arrivants qui feront leur entrée à l’occasion du Salon Auto Expo au mois de mai prochain. A l’international, le constructeur coréen a également réalisé une belle progression, aussi bien en Europe qu’aux USA ou encore en Chine. Avec plus de 1,26 million de véhicules écoulés en 2007, Kia Motors a été parmi les marques les plus agressives au monde. La nouvelle orientation de Kia en matière de design automobile et les efforts continus dans le domaine de la recherche &amp; développement sont parmi les points qui contribueront à affirmer Kia Motors entant que marque internationale.</s>
    <s>Nouvelle Picanto : Encore plus craquante</s>
    <s>(Casablanca, 24 décembre 2007). Au top de sa forme, la Picanto s’est offert un léger restylage qui lui confère davantage le titre de la citadine la plus craquante du marché. Il faut dire que les designers de Kia Motors Corporation ont trouvé beaucoup de mal à opérer des changements majeurs au niveau d’une ligne qui reste toujours d’actualité et qui fait l’unanimité des consommateurs. Il faut dire que la Picanto est resté séductrice jusqu’au bout et n’a pas pris une seule ride. Et ses qualités de petite voiture, bien construite, bien équipée, bien motorisée, économique et facile à utiliser feront toujours partie des ingrédients de son succès. La nouvelle mouture de la Picanto sera commercialisée avant la fin de l’année 2007, à des tarifs qui n’augmenteront que très légèrement : 2500 dh.</s>
    <s>Kia Motors Maroc lance la garantie 5 ans</s>
    <s>(Casablanca) 8 novembre 2007. A l’occasion de son cinquième anniversaire, Kia Motors Maroc lance la garantie 5 ans pour tous ses modèles. Véritable révolution dans le domaine de l’automobile au Maroc, cette garantie est le fruit d’efforts considérables de la part du constructeur coréen qui n’a pas cessé d’investir en recherches et développement. Chaque année, ce sont 4,6% de son chiffre d’affaires qui sont dédiés à l’amélioration des produits et la mise à jour de l’outil de production pour faire de Kia l’une des marques les plus fiables au monde. En témoigne les différents prix et récompenses reçues aussi bien en Corée, aux Etats-Unis ou en Europe. A noter que cette nouvelle garantie est lancée simultanément au Maroc et dans 166 pays, où Kia est officiellement représentée.</s>
    <s>A partir du premier novembre courant, tous les acheteurs de véhicules Kia bénéficieront de cette garantie de 5 ans ou 100.000 km (au premier terme échu). « Cette garantie de 5 ans est l’aboutissement de tout un processus qui fait de Kia la première marque généraliste au Maroc à proposer une telle mesure pour ses clients », souligne Amine Belkhouya, président de Kia Motors Maroc. Et d’ajouter, « il est très important pour nous de partager avec notre clientèle le fruit de nos efforts en matière d’amélioration de la qualité ».</s>
    <s>Depuis le mois d’août de cette année, Kia Motors occupe la position de leader dans le segment des véhicules de tourisme importés. A fin octobre, la marque totalise 6.480 ventes et réclame près de 13,5% de parts de marché. L’ouverture d’autres points de ventes à Casablanca et Marrakech ainsi que le lancement de 5 nouveaux modèles en 2008 sont autant de facteurs qui promettent un avenir meilleur pour Kia au Maroc.</s>
    <s>KAAO 2008 : Lalami et Chaki à la grande finale</s>
    <s>(Casablanca le 28 octobre 2007). Le rideau est tombé sur la troisième édition du Kia Amateur Australian Open, après quatre jours de compétition, où plus de 120 amoureuses et amoureux de la petite balle jaune ont sorti leur grand jeu. Il faut dire que l’enjeu est de taille, puisque les vainqueurs partiront à Melbourne fin janvier 2008 pour disputer la finale internationale de ce tournoi amateur. Ce seront donc Nadia Lalami du Club olympique casablancais et Mohamed Said Chaki du TCMT Tanger qui représenteront notre pays à cette compétition où 16 nations tenteront de jouer les premiers rôles. Rappelons que Nadia Lalami s’est qualifiée pour la deuxième fois à Melbourne. Le jeune prodige du tennis national devra défendre son titre, puisqu’elle a été sacrée championne du tournoi au niveau international en janvier dernier.</s>
    <s>Lors de la finale qui s’est déroulée sur le beau Central du COC le dimanche 28 octobre, en présence du président de la Fédération royale marocaine de tennis, Mr Mohamed M’JID, les deux gagnants n’ont pas caché leur émotion et leur joie de pouvoir couronner leur petit parcours par un voyage aussi excitant et riche sur les plans professionnel et personnel. Le Kia Amateur Australian Open, qui est à sa troisième édition au Maroc, a réussi à s’imposer sur le plan national grâce à la qualité de l’organisation et à l’implication de la FRMT. Par ailleurs, un programme d’animation très riche a été mis en place au COC, avec l’organisation de jeux, tombolas et un concert de musique du groupe Hoba Hoba Spirit.</s>
    <s>Outre l’opportunité de pouvoir disputer la finale internationale du Kia Amateur Australian Open, les deux champions marocains auront le plaisir d’assister à la Finale du tournoi professionnel de l’Open d’Australie et de solliciter les conseils des plus grands noms du tennis mondial : Nadal, Federer, Mauresmo et autres Sharapova. Bonne chance à Nadia Lalami et Mohamed Said Chaki.</s>
    <s>Salon de Francfort : Kee ou le nouveau visage de Kia</s>
    <s>Le salon de Francfort 2007 constitue indéniablement une étape importante dans l’histoire de notre jeune marque. Le président de Kia Motors Europe vient d’y dévoiler un concept car très original : Kee.</s>
    <s>Le Kia Kee (prononcez « Quille ») est un coupé 2 portes, 4 places, long de 4,3 mètres aux lignes sveltes et pures et aux proportions innovantes grâce à une surface vitrée légèrement allongée. Il s’agit d’une nouvelle interprétation d’un coupé 2+2 à la fois imposant et charismatique.</s>
    <s>Le Kia Kee est à la fois large et compact. Trois éléments de style attirent l’oeil : la face avant, forte, puissante, avec ses projecteurs raffinés dotés de diodes, le profil dynamique et sa surface vitrée étonnante. Ce coupé Kia Kee de 4 324 mm de long est animé par un V6 2.0 litres à essence de la « prochaine génération » développant 200 ch, accouplé à une transmission automatique à six rapports.</s>
    <s>« Le nouveau Kia Kee exprime clairement qu’à l’avenir, la marque Kia fera partie de celles qui surprendront et passionneront un tout nouveau public », affirme Peter Schreyer, responsable du design de Kia Motors Corporation. « Au moment de créer ce concept pour Kia, il m’a paru essentiel de ne pas perdre de vue que la marque Kia doit séduire de plus en plus d’automobilistes. Il aurait été très facile de présenter à Francfort un concept car extrême qui aurait attiré énormément d’attention mais n’aurait pas eu sa place dans le futur de la marque. Notre concept car coupé sport n’est pas seulement là pour le plaisir et la fantaisie. Il représente un rêve abordable pour les amoureux des automobiles sportives. », conclut-t-il.</s>
    <s>Kia Motors : 1ère marque au Maroc</s>
    <s>Au terme des huit derniers mois, le marché automobile marocain a subi de profonds changements qui ont chamboulé le trio de tête. Désormais, c’est Kia Motors qui occupe la première position des ventes au niveau des véhicules de tourisme importés. Avec un total de 5.061 unités vendues jusqu’à fin août, la marque coréenne dépasse Renault, ancien leader du classement, de plus de 400 ventes. Kia Motors réclame ce fait 12,83% de parts de marché et reste déterminé à terminer l’année sur la plus haute marche du podium. Il faut dire que le succès de la Picanto, qui contribue à plus de 60% de ce chiffre, est sans appel. Vient ensuite le nouveau Carens et le Sorento, toujours au top de sa forme. Afin de consolider ces résultats, Kia Motors Maroc procédera à des investissements très importants qui concerneront l’ouverture de nouveaux points de vente mais aussi l’amélioration de ses capacités d’accueil du service après-vente.</s>
  </text>
</page>
