<?xml version="1.0" encoding="UTF-8"?>
<!DOCTYPE page SYSTEM "page.dtd">
<page>
  <lang>fr</lang>
  <url>http://www.strategie-aims.com/events/conferences/22-xxieme-conference-de-l-aims/president_word</url>
  <title>Mot du comité d&#39;organisation</title>
  <snippet>
    <s>Accueil &gt; Evénements &gt; Actes de conférences &gt; XXIème conférence de l&#39;AIMS &gt; Mot de la présidente. Rechercher sur le site : Mot du comité d&#39;organisation </s>
  </snippet>
  <text>
    <s>Adhérer à l'aims</s>
    <s>Conférence annuelle</s>
    <s>Journées AIMS et labellisées</s>
    <s>Publications Adhérents</s>
    <s>Programmes Doctoraux</s>
    <s>Revue M@n@gement</s>
    <s>Accueil &gt; Evénements &gt; Actes de conférences &gt; XXIème conférence de l'AIMS &gt; Mot de la présidente</s>
    <s>Rechercher sur le site :</s>
    <s>Mot du comité d'organisation</s>
    <s>Appel à communications</s>
    <s>Télécharger l'appel</s>
    <s>Grille d'évaluation et charte</s>
    <s>Programme de la conférence</s>
    <s>Actes de la conférence</s>
    <s>Liste des évaluateurs</s>
    <s>Index des auteurs</s>
    <s>Communications par thème</s>
    <s>Tables rondes</s>
    <s>Hébergement et inscriptions</s>
    <s>Nous joindre</s>
    <s>Mot du comité d'organisation</s>
    <s>Contact - Plan du site</s>
    <s>(C) 2010 AIMS.</s>
  </text>
</page>
