<?xml version="1.0" encoding="UTF-8"?>
<!DOCTYPE page SYSTEM "page.dtd">
<page>
  <lang>fr</lang>
  <url>http://www.fundp.ac.be/universite/personnes/page_view/01001574/activites.html</url>
  <title>Activités - Annuaire du personnel — FUNDP</title>
  <snippet>
    <s>Conférence : Présentation d&#39;un exposé intitulé: &quot;Une histoire de Germany): Museums and Exhibitions- Synthèse personnelle », lors de la réunion du Réseau </s>
  </snippet>
  <text>
    <s>Aller au contenu. | Aller à la navigation</s>
    <s>[ ]</s>
    <s>[ ]</s>
    <s>[ ]</s>
    <s>[ ]</s>
    <s>Accueil FUNDP</s>
    <s>Outils personnels</s>
    <s>FUNDP &gt; Institution &gt; Annuaire du personnel</s>
    <s>Un campus au coeur de Namur</s>
    <s>Développement durable</s>
    <s>Fonds Namur Université</s>
    <s>Services à la société</s>
    <s>Organisation de l'université</s>
    <s>Autorités et organes</s>
    <s>Centre Religieux Universitaire</s>
    <s>Services institutionnels</s>
    <s>Ressources informatiques</s>
    <s>Discours du recteur</s>
    <s>Textes fondateurs</s>
    <s>Liens recommandés</s>
    <s>Membre du personnel</s>
    <s>Marie D'UDEKEM D'ACOZ-GEVERS</s>
    <s>publications (48)</s>
    <s>fiche complete</s>
    <s>Activites organisees</s>
    <s>Colloque : Organisation, dans le cadre du 40e anniversaire de la Faculté d'informatique, d'une après-midi consacrée au thème: « Programmer un passé pour l'avenir ? » (Namur, FUNDP, 2010)</s>
    <s>Réunion : Réunion du groupe franco-belge « Réseau Informatique et Patrimoines » sur le thème de la préservation des logiciels. (Namur, FUNDP, 2010)</s>
    <s>Activites avec contribution</s>
    <s>Colloque : Présidence d'une séance lors du Colloque international « Que soitL'idée de création comme don à la pensée » (Namur, FUNDP, 2011)</s>
    <s>Activites : conférencier</s>
    <s>Conférence : Présentation d'un exposé intitulé: &quot;Une histoire de l'automatisme: des origines à l'ordinateur&quot; (Ermeton, Monastère des bénédictines, 2011)</s>
    <s>Conférence : Présentation d'un exposé intitulé: Une initiative pour préserver la mémoire d'un fleuron méconnu du patrimoine technique belge. (Paris, CNAM, 2011)</s>
    <s>Conférence internationale sur le thème de la sauvegarde du patrimoine matériel et immatériel scientifique et technique de l'innovation de la recherche et de l'industrie, des 60 dernières années.</s>
    <s>Conférence : Professeur invité au Collège Belgique à Namur : exposé intitulé : « Une histoire de l'automatisme : des origines à l'ordinateur ». (Namur, Collège Belgique, 2011)</s>
    <s>Le cours-conférence dresse une vaste fresque inédite de l'automatisme commençant à la préhistoire et s'achevant avec l'avènement de l'ordinateur et des langages de programmation de haut niveau.</s>
    <s>Son approche est interdisciplinaire : il se situe à la charnière de l'informatique, de l'histoire des techniques et de l'anthropologie.</s>
    <s>Il commence par proposer une définition opérationnelle et généralisatrice du concept d'automate et décrit les deux principes permettant le fonctionnement d'un automatisme : la régulation et la programmation. Il suggère aussi une classification nouvelle et détaillée des programmes.</s>
    <s>En appliquant systématiquement cette typologie de la programmation tout en débusquant les cas de régulation, il passe ensuite en revue des développements techniques d'outils mécaniques recourant à un automatisme, mis en œuvre jusqu'au début du XIXe siècle dans trois domaines : la mesure du temps, la reproduction de séquences de sons et la production de mouvements.</s>
    <s>De même, dans le registre de l'automatisation du calcul, l'exposé analyse et compare de célèbres machines telles celle de Pascal et celles de Babbage.</s>
    <s>En guise de synthèse partielle, le cours-conférence propose alors un essai inédit de « phylogenèse » de la programmation d'outils mécaniques du XIIe au début du XIXe siècle en Europe, couvrant les différents domaines abordés.</s>
    <s>Le cours-conférence se poursuit en évoquant les machines mécanographiques de la fin du XIXe siècle puis les grandes machines à calculer des années quarante.</s>
    <s>Il s'achève en se focalisant sur l'ordinateur et en soulignant les caractéristiques fondamentales (qui sont précisément situées au niveau de la programmation et de la régulation). Il explicite ainsi comment et pourquoi l'ordinateur constitue un pas décisif dans l'histoire de l'automatisme</s>
    <s>Séminaire : Présentation critique et largement complétée du chapitre « Foi dans la création et sciences de la nature » du livre de Medard Kehl : &quot;Et Dieu vit que cela était bon&quot; Une théologie de la création. (Namur, FUNDP, 2011)</s>
    <s>Réunion : Présentation d'un exposé intitulé « International Conference on the History of Computing: Software Issues (April 5-7 2000 Paderborn, Germany): Museums and Exhibitions- Synthèse personnelle », lors de la réunion du Réseau Informatique et Patrimoines (Namur, FUNDP, 2010)</s>
    <s>Colloque : Présentation d'un exposé intitulé : « Une longue histoire de la programmation » lors du Colloque « Programmer un passé pour l'avenir ? ». (Namur, FUNDP, 2010)</s>
    <s>Séminaire : Présentation d'un exposé: &quot;Anticipations (?), motivations et imprévus dans l'histoire des machines à calculer&quot; dans le cadre du séminaire 'Anticipation et motivation - Les ressorts de la découverte' du Centre de Recherche en histoire des sciences (Louvain-la-Neuve, UCL, 2010)</s>
    <s>Séminaire : Présentation d'un exposé intitulé :&quot;Anticipations (?), motivations et imprévus dans l'histoire des machines à calculer&quot; dans le cadre des Staff séminaires à la Faculté d'Informatique. (Namur, FUNDP, 2010)</s>
    <s>Cet exposé tente d'appliquer aux grand jalons de l'histoire des machines à calculer une grille d'analyse proposée cette année par le Centre de recherche en histoire des sciences à savoir : « Anticipation et motivation. Les ressorts de la découverte ».</s>
    <s>Il passe donc successivement en revue le XVIIe siècle (avec les machines de Schickard, Pascal et Leibnitz), le XVIIIe siècle, le XIXe siècle (avec Thomas de Colmar, Babbage et Hollerith) et enfin le XXe siècle (avec, d'une part, les grands calculateurs des années 40 conçus par Stibitz, Zuse, Aiken, Atanasoff, Turing, Flowers, Mauchly &amp; d'Eckert et, d'autre part, les ordinateurs tels que décrits par von Neumann en 1945 et réalisés à partir de 1948).</s>
    <s>Il s'achève par une discussion et une proposition d'une autre grille d'analyse.</s>
    <s>Séminaire : Présentation d'un exposé intitulé 'Des mécaniciens d'Alexandrie à l'ordinateur: une histoire de l'automatisme', dans le cadre de l'Atelier &quot;Histoire de l'informatique&quot; (Namur, FUNDP, 2009)</s>
    <s>Colloque : Présentation d'un exposé intitulé: &quot;La Machine mathématique IRSIA-FNRS' M. d'Udekem-Gevers &amp; S. Mols, dans le cadre de la Journée &quot;Histoire de l'informatique&quot; (Namur, FUNDP, 2009)</s>
    <s>Séminaire : Présentation d'un exposé intitulé &quot;Une histoire de l'automatisme, depuis son origine jusqu'à l'ordinateur : entre continuité et discontinuité&quot;, dans le cadre des Staff séminaires à la Faculté d'informatique. (Namur, FUNDP, 2009)</s>
    <s>Séminaire : Présentation d'un exposé intitulé &quot;Une histoire de l'automatisme, depuis son origine jusqu'à l'ordinateur : entre continuité et discontinuité&quot;, dans le cadre des Séminaires du Centre de recherche en histoire des sciences (Louvain-la-Neuve, UCL, 2009)</s>
    <s>L'exposé dresse une vaste fresque inédite de l'automatisme commençant à la préhistoire et s'achevant avec l'avènement de l'ordinateur. Son approche est interdisciplinaire : il se situe à la charnière de l'informatique, de l'histoire des techniques et de l'anthropologie.</s>
    <s>Il commence par proposer une définition opérationnelle et généralisatrice du concept d'automate et décrit les deux principes permettant le fonctionnement d'un automatisme : la régulation et la programmation. Il suggère aussi une classification nouvelle et détaillée des programmes.</s>
    <s>En appliquant systématiquement cette typologie de la programmation tout en débusquant les cas de régulation, il passe ensuite en revue des développements techniques d'outils mécaniques recourant à un automatisme, mis en œuvre jusqu'au début du 19e siècle dans différents domaines : la mesure du temps, la reproduction de sons, la maîtrise du mouvement.</s>
    <s>De même, dans le domaine de la maîtrise du calcul, l'exposé analyse et compare de célèbres machines telles celle de Pascal et celles de Babbage.</s>
    <s>En guise de synthèse partielle, il propose alors un essai inédit de 'phylogenèse' de la programmation d'outils mécaniques du XIIIe au début du XIXe siècle en Europe, recouvrant ces quatre domaines.</s>
    <s>Il s'achève en se focalisant sur l'ordinateur et en soulignant les caractéristiques fondamentales qui sont précisément situées au niveau de la programmation et de la régulation. Il explicite ainsi comment et pourquoi l'ordinateur constitue un pas décisif dans l'histoire de l'automatisme.</s>
    <s>Séminaire : Présentation d'un exposé intitulé &quot;Une grille d'analyse de l'histoire de l'informatique et possibilités d'extension de l'application de cette grille&quot;, dans le cadre des séminaires informels de la CITA (Namur, FUNDP, 2009)</s>
    <s>Présentation de la grille d'analyse du cours (Approche anthropologique de l'informatique (INFO-B212)). Cette grille repose sur une vision de Michel Serres et de Pierre Lévy et est étayée par la théorie du 'coup de gong indispensable' de Jean Stengers.</s>
    <s>Conférence : Présentation d'un exposé intitulé &quot;Une histoire de la mémoire de l'humanité&quot; dans le cadre du Club Fifty-One International de Namur (Namur, 2008)</s>
    <s>Colloque : Présentation de &quot;Diffusing Electronic Computing Savoir-Faire in the Belgian Technological Periphery, c1945-c1960, Sandra Mols, Marie d'Udekem-Gevers&quot; dans le cadre de &quot; The Sixth Three Societies Conference : Connecting Disciplines&quot; (Oxford, 2008)</s>
    <s>Séminaire : &quot;Premiers jalons de l'histoire de l'informatique belge.&quot; (M. d'Udekem-Gevers et S. Mols) dans le cadre des Séminaires du Centre de recherche en histoire des sciences (Louvain-la-Neuve, 2008)</s>
    <s>Colloque : At the Crossroads:Building Belgian Know-How in Electronic Computing, S. Mols et M. d'Udekem-Gevers (Grenoble, 2008)</s>
    <s>Séminaire : Présentation d'un exposé intitulé &quot;La Toile, nouveau jalon de la mémoire de l'humanité&quot;, dans le cadre des séminaires informels de la CITA (Namur, FUNDP, 2007)</s>
    <s>Séminaire : Présentation d'un exposé intitulé &quot;La Toile, nouveau jalon de la mémoire de l'humanité&quot;, dans le cadre des Staff-sem de la Faculté d'informatique (Namur, FUNDP, 2007)</s>
    <s>L'exposé propose une vaste fresque pluridisciplinaire mais non exhaustive de l'organisation des connaissances humaines.</s>
    <s>Il commence par proposer une grille d'analyse de cette organisation.</s>
    <s>Ensuite il passe en revue les grandes étapes de la mémoire de l'humanité précédant la naissance de l'informatique : signes graphiques préhistoriques, écriture (en Mésopotamie puis dans le Monde occidental), imprimerie (en Occident).</s>
    <s>Puis il évoque la 'préhistoire' de la Toile : l'émergence de l'idée d'une organisation mondiale des connaissances au 20e siècle, l'histoire de l'hypertexte avant le Web et l'histoire d'Internet.</s>
    <s>Finalement, il retrace l'histoire de la création du WWW et se focalise sur certaines de ses applications. Il s'achève par un bilan et débouche sur un questionnement.</s>
    <s>Séminaire : Présentation d'un exposé intitulé &quot;La Toile, nouveau jalon de la mémoire de l'humanité&quot;, dans le cadre des Séminaires du Centre de recherche en histoire des sciences (Louvain-la-Neuve, UCL, 2007)</s>
    <s>Colloque : Présentation avec S. Thiry d'un exposé intitulé &quot;Les préacquis : que savent et savent faire les étudiants à l'entrée de l'université ? &quot; dans le cadre du 23e congrès de l'Association internationale de pédagogie universitaire (AIPU) (Monastir (Tunisie), 2006)</s>
    <s>Séminaire : Présentation d'un exposé intitulé &quot;Histoire d'Enigma et de son décryptage&quot;, dans le cadre des Staff-sem de la Faculté d'informatique (Namur, FUNDP, 2006)</s>
    <s>L'exposé, a pour objet une extraordinaire histoire, révélée seulement au début des années 1970 : celle du décryptage par les Alliés des messages codés par Enigma, la plus fameuse machine à chiffrer utilisée par l'armée allemande à partir de 1926 et pendant la dernière guerre mondiale.</s>
    <s>Il commence par retracer l'historique de l'invention de l'Enigma. Puis il décrit brièvement cette machine et son fonctionnement ainsi que son mode d'utilisation par les Nazis.</s>
    <s>Ensuite, il s'attache à rapporter les diverses péripéties de l'attaque acharnée et fructueuse du code d'Enigma : la trahison d'un Allemand (concrétisée en Belgique, à Verviers), la contribution majeure de la Pologne (et en particulier du mathématicien Marian Rejewski), la reprise du flambeau à partir de 1939 par les membres (dont notamment Alan Turing) de l'équipe du domaine de Bletchley Park en Angleterre.</s>
    <s>Il s'achève en soulignant les résultats de ce travail de cryptanalyse. Les casseurs de ce code ont, en effet, contribué au développement de la technologie puisqu'ils ont ouvert une voie menant à l'ordinateur. Le décryptage des messages chiffrés par Enigma a eu impact très important sur la Bataille de l'Atlantique. De façon plus générale, Ultra, le renseignement provenant du décodage de messages par les Alliés, jamais soupçonné par les Allemands et gardé secret pendant 30 ans après la guerre, a eu des effets très importants dans différents domaines. Ils ont aussi infléchi le cours de l'histoire mondiale car ils ont eu un impact décisif sur la durée de la guerre, voire même, selon certains, sur l'issue de celle-ci.</s>
    <s>Formation : Présentation d'un exposé intitulé &quot;Le décryptage secret d'Enigma&quot; dans le cadre des Cours UTAN (Namur, UTAN, 2006)</s>
    <s>L'exposé, illustré de nombreuses diapositives, a pour objet une extraordinaire histoire, révélée seulement en 1970 : celle du décryptage par les Alliés des messages codés par Enigma, la plus fameuse machine à chiffrer utilisée par l'armée allemande à partir de 1926 et pendant la dernière guerre mondiale. Il commence par retracer l'historique de l'invention de l'Enigma. Puis il décrit cette machine et son fonctionnement ainsi que son mode d'utilisation par les Nazis. Ensuite, il s'attache à rapporter les diverses péripéties de l'attaque acharnée et fructueuse du code d'Enigma : la trahison d'un Allemand (concrétisée en Belgique, à Verviers), la contribution majeure de la Pologne (et en particulier du mathématicien Marian Rejewski), la reprise du flambeau à partir de 1939 par les membres (dont notamment Alan Turing) de l'équipe du domaine de Bletchley Park en Angleterre. Il s'achève en soulignant les résultats de ce travail de cryptanalyse. Le décryptage des messages chiffrés par Enigma, jamais soupçonné par les Allemands et gardé secret pendant 30 ans, a eu des effets très importants dans différents domaines. A l'insu du monde, les casseurs de ce code ont, en effet, contribué au développement de la technologie puisqu'ils ont ouvert une voie menant à l'ordinateur. Ils ont aussi infléchi le cours de l'histoire mondiale car ils ont eu un impact décisif sur la durée de la guerre, voire même, selon certains, sur l'issue de celle-ci.</s>
    <s>Séminaire : Présentation d'un exposé intitulé &quot;A l'écoute des messages de la mer Enigma navale, casseurs de codes et victoire(s) des Alliés&quot;,dans le cadre des Séminaires du Centre de recherche en histoire des sciences (Louvain-la-Neuve, UCL, 2006)</s>
    <s>Colloque : Présentation d'un exposé intitulé &quot;Une expérience novatrice de tutorat coordonné en première candidature&quot;, dans le cadre du 21e congrès de l'Association internationale de pédagogie universitaire (AIPU), (Marrakech (Maroc), Université Cadi Ayyad, 2004)</s>
    <s>Colloque : M. d'Udekem-Gevers, F. Bodart et J.M. Leheureux, Exposé: &quot;Une expérience de support multimédia et d'innovations pédagogiques qui pose question&quot;, dans le cadre du 20e congrès de l'Association internationale de pédagogie universitaire (AIPU), (Sherbrooke (canada),Université de Sherbrooke , 2003)</s>
    <s>Activites avec simple participation</s>
    <s>Autre : Animation d'une table ronde-discussion avec des pionniers et anciens de l'informatique en Belgique, dans le cadre de la Journée &quot;Histoire de l'informatique&quot; (Namur, FUNDP, 2009)</s>
    <s>FUNDP - Institution - rue de Bruxelles 61, B-5000 Namur, Belgium - Adresse postale: rue de Bruxelles 61, B-5000 Namur, Belgique</s>
    <s>Tél : +32 (0)81 72 41 11 - Fax : +32 (0)81 23 03 91</s>
    <s>Mentions légales</s>
  </text>
</page>
