<?xml version="1.0" encoding="UTF-8"?>
<!DOCTYPE page SYSTEM "page.dtd">
<page>
  <lang>fr</lang>
  <url>http://www.greenfacts.org/fr/perspectives-mondiales-biodiversite/index.htm</url>
  <title>Consensus Scientifique sur la Biodiversité Perspectives mondiales</title>
  <snippet>
    <s>Ce Dossier est un résumé fidèle du rapport scientifique de consensus produit requises pour que la Convention soit appliquée, en particulier dans les pays en </s>
  </snippet>
  <text>
    <s>Aller au contenu</s>
    <s>Tenez-vous informé :</s>
    <s>About us [en]</s>
    <s>Press Room [en]</s>
    <s>Liste de A à Z - Thèmes - A propos des publications - Dépliants - Glossaire - Liens</s>
    <s>Langues:English enEspañol esFrançais frNederlands nl</s>
    <s>Accueil » Biodiversité (CBD) » Niveau 1</s>
    <s>!Biodiversité (CBD) Page d'accueil</s>
    <s>Source :</s>
    <s>CBD (2006)</s>
    <s>Résumé &amp; Détails:</s>
    <s>GreenFacts (2007)</s>
    <s>Consensus Scientifique sur la</s>
    <s>Biodiversité Perspectives mondiales</s>
    <s>Attention : Seuls les niveaux 1 et 2 sont traduits en français.</s>
    <s>Plus d'info sur notre structure à 3 niveaux [en]</s>
    <s>Niveau 1: Résumé fr</s>
    <s>Niveau 2: Détails [fr]</s>
    <s>Niveau 3: Source [en]</s>
    <s>A propos</s>
    <s>Contexte - La Convention sur la diversité biologique (CDB) s’est donné en 2002 l’objectif ambitieux de réduire le rythme de perte de biodiversité d’ici 2010.</s>
    <s>Des indicateurs de diversité biologique ont été créés pour évaluer les progrès accomplis vers la réalisation de cet objectif.</s>
    <s>Pourquoi est-il important de réduire la perte de biodiversité ?</s>
    <s>L’objectif 2010 peut-il être atteint ? Quelles actions faut-il mener pour y arriver ?</s>
    <s>Questions du Niveau 1</s>
    <s>Niveau 1: Résumé fr</s>
    <s>Niveau 2: Détails [fr]</s>
    <s>Niveau 3: Source [en]</s>
    <s>A propos</s>
    <s>Question Suivante</s>
    <s>1. Pourquoi s’inquiéter de la perte de biodiversité ?</s>
    <s>!Les ecosystèmes fournissent de précieux services</s>
    <s>Les ecosystèmes fournissent de précieux services</s>
    <s>Source: C. Allan Morgan/ Alpha Presse</s>
    <s>La biodiversité reflète le nombre, la variété et la variabilité des organismes vivants, ainsi que la façon dont cela varie d’un endroit à un autre et au fil du temps. Le concept englobe la diversité au sein des espèces, entre les espèces et entre les écosystèmes. En somme, c’est la diversité de la vie sur terre.</s>
    <s>Les écosystèmes fournissent des besoins de base vitaux, tels que la nourriture, l’eau propre et l’air pur. Ils offrent une protection contre les catastrophes naturelles et les maladies, façonnent les cultures humaines et leurs croyances spirituelles, et maintiennent les processus essentiels de vie sur terre. La perte de biodiversité affecte les écosystèmes en les rendant plus vulnérables aux perturbations et moins aptes à fournir leurs précieux services aux humains.</s>
    <s>L’impact de l’activité humaine sur la nature est considérable et va croissant : les changements en matière de biodiversité ont été plus rapides au cours des 50 dernières années qu'à aucune autre période de l’histoire humaine. Plus…</s>
    <s>Plus dans les détails --&gt;</s>
    <s>Questions du Niveau 1</s>
    <s>Niveau 1: Résumé fr</s>
    <s>Niveau 2: Détails [fr]</s>
    <s>Niveau 3: Source [en]</s>
    <s>A propos</s>
    <s>Question Suivante</s>
    <s>2. Que sont la CDB et son objectif 2010 ?</s>
    <s>!Le Sommet de la Terre à Rio de Janeiro en 1992 a conduit à la création de la CDB</s>
    <s>Le Sommet de la Terre à Rio de Janeiro en 1992 a conduit à la création de la CDB Source !</s>
    <s>2.1 L’inquiétude profonde face à la perte rapide de biodiversité et la reconnaissance de son rôle important pour l’humanité a conduit à l’adoption en 1992 de la Convention sur la diversité biologique (CDB). Les objectifs de ce traité mondial juridiquement contraignant sont la conservation de la biodiversité et son utilisation durable, ainsi que le partage équitable des bénéfices tirés des ressources génétiques. Plus…</s>
    <s>2.2 En 2002, la Conférence des Parties de la CBD a convenu « d’assurer d'ici 2010 une forte réduction du rythme actuel de perte de diversité biologique ». Afin d’évaluer les progrès accomplis, elle a adopté un cadre permettant d’orienter les actions et défini des indicateurs pour évaluer l’état de la biodiversité et son évolution. Plus…</s>
    <s>Plus dans les détails --&gt;</s>
    <s>Questions du Niveau 1</s>
    <s>Niveau 1: Résumé fr</s>
    <s>Niveau 2: Détails [fr]</s>
    <s>Niveau 3: Source [en]</s>
    <s>A propos</s>
    <s>Question Suivante</s>
    <s>3. Pourquoi des indicateurs de biodiversité ?</s>
    <s>!Inspection de sites illégaux d’exploitation du bois au Cambodge</s>
    <s>Inspection de sites illégaux d’exploitation du bois au Cambodge</s>
    <s>Source: Joerg Boethling / Alpha Presse</s>
    <s>3.1 Les indicateurs de biodiversité ont été définis pour suivre l’état de la biodiversité et son évolution, ainsi que pour fournir des informations sur les moyens d’améliorer l’efficacité des politiques et programmes de gestion. Ces indicateurs couvrent sept domaines prioritaires comprenant la réduction du rythme de perte de biodiversité, les réponses aux principales menaces, la promotion de son utilisation durable et le maintien de la santé des écosystèmes. Plus…</s>
    <s>3.2 Bien que nous manquions encore de données mondiales complètes pour évaluer les progrès accomplis vers l’objectif 2010, ces indicateurs permettent néanmoins de décrire des tendances en termes de biodiversité. Pris tous ensemble, ils nous permettent d’établir les tendances actuelles concernant certains aspects importants de la biodiversité. Plus…</s>
    <s>Plus dans les détails --&gt;</s>
    <s>Questions du Niveau 1</s>
    <s>Niveau 1: Résumé fr</s>
    <s>Niveau 2: Détails [fr]</s>
    <s>Niveau 3: Source [en]</s>
    <s>A propos</s>
    <s>Question Suivante</s>
    <s>4. À quel rythme la biodiversité disparaît-elle ?</s>
    <s>Le premier domaine prioritaire pour 2010 consiste à réduire le rythme de perte de biodiversité, à l’échelle des écosystèmes, des espèces et des gènes. Plus…</s>
    <s>4.1 Au cours des 50 dernières années, l’homme a transformé les écosystèmes plus rapidement et plus profondément qu'à aucune autre période de l’histoire humaine. Par exemple, la transformation de forêts en cultures et pâturages se poursuit à une vitesse alarmante. Des tendances négatives similaires ont été observées dans d’autres écosystèmes, comme les prairies, les savanes, les déserts et dans les écosystèmes côtiers, marins et d’eau douce. Plus…</s>
    <s>4.2 L’abondance et la distribution de certaines espèces sont un indicateur de la qualité d’un écosystème. Plusieurs études ont révélé que la taille des populations et/ou leur répartition géographique sont en déclin pour la majorité des espèces examinées. On compte parmi les exceptions les espèces domestiques, les espèces exotiques envahissantes et les espèces protégées par des mesures spécifiques. Plus…</s>
    <s>4.3 On estime que, depuis quelques siècles, les êtres humains sont responsables de près de 1000 fois plus d’extinctions que le rythme naturel. D’après la Liste rouge UICN des espèces menacées, jusqu’à une espèce sur deux parmi des groupes bien étudiés, comme les amphibiens, les oiseaux ou les mammifères, est menacée d’extinction, et la situation se dégrade. Plus…</s>
    <s>4.4 La diversité génétique des espèces cultivées et domestiquées est très importante pour l’homme, parce qu’elle permet à ces espèces de s’adapter à l’évolution de leur environnement. On estime qu’un tiers des races d’animaux domestiques sont actuellement menacées d’extinction. Quant aux espèces non cultivées, leur diversité génétique est surtout menacée par leur surexploitation, ainsi que par la destruction et la fragmentation de leurs habitats. Plus…</s>
    <s>4.5 Les zones protégées sont cruciales pour de contrer la perte continue d’écosystèmes et d’espèces. Elles couvrent aujourd’hui environ un huitième de la surface terrestre de la planète, mais seulement une petite fraction des zones maritimes et côtières. Cependant, la proportion de zones protégées varie fortement d’une zone écologique à l’autre et de nombreux types d’écosystèmes ne sont pratiquement pas protégés du tout. Plus…</s>
    <s>Plus dans les détails --&gt;</s>
    <s>Questions du Niveau 1</s>
    <s>Niveau 1: Résumé fr</s>
    <s>Niveau 2: Détails [fr]</s>
    <s>Niveau 3: Source [en]</s>
    <s>A propos</s>
    <s>Question Suivante</s>
    <s>5. La santé des écosystèmes affecte-t-elle les ressources qu’ils fournissent ?</s>
    <s>Le deuxième domaine prioritaire consiste à maintenir l’intégrité des écosystèmes et leur capacité à subvenir aux besoins de l’homme. Plus…</s>
    <s>5.1 La pêche intensive a provoqué le déclin de nombreuses espèces, notamment la morue et le thon. Dans l’Atlantique nord, les populations de grands poissons ont diminué de deux tiers au cours des 50 dernières années. Les poissons les plus appréciés par l’homme deviennent de plus en plus rares, obligeant à se tourner vers des poissons plus petits et des invertébrés et entraînant en fin de compte une réduction globale de l’offre pour la consommation humaine. Plus…</s>
    <s>5.2 Dans de nombreux écosystèmes terrestres et d’eau douce, les activités humaines ont provoqué la fragmentation des habitats. Dans ces habitats fragmentés, le nombre d’individus par espèce diminue, ce qui augmente le risque d’extinction locale. Les forêts et les systèmes fluviaux ont tous deux des taux de fragmentation élevés. Plus…</s>
    <s>5.3 La qualité des eaux intérieures s’est vue affectée par la pollution, une sédimentation plus importante, le changement climatique, l’extraction d’eau douce pour l’agriculture, l’industrie et la consommation humaine, ainsi que des altérations physiques comme le détournement et la canalisation de cours d’eau. Depuis les années 80, la qualité des eaux de rivière s’est améliorée en Europe et dans les Amériques, mais elle s’est dégradée en Afrique, en Asie et dans la région du Pacifique. Plus…</s>
    <s>Plus dans les détails --&gt;</s>
    <s>Questions du Niveau 1</s>
    <s>Niveau 1: Résumé fr</s>
    <s>Niveau 2: Détails [fr]</s>
    <s>Niveau 3: Source [en]</s>
    <s>A propos</s>
    <s>Question Suivante</s>
    <s>6. Quelles sont les principales menaces pour la biodiversité ?</s>
    <s>Le troisième domaine prioritaire a trait aux cinq menaces majeures pour la biodiversité : les espèces exotiques envahissantes, l’augmentation de la charge en éléments nutritifs et la pollution, le changement climatique, l’altération des habitats et la surexploitation. Plus…</s>
    <s>6.1 L’utilisation d’engrais à grande l’échelle contribue à la productivité croissante de l’agriculture. Cependant, l’azote et le phosphore présents dans ces engrais peuvent avoir de graves conséquences sur l’environnement. La production industrielle d’azote a fort augmenté depuis 1960. Plus…</s>
    <s>6.2 Les espèces exotiques envahissantes peuvent avoir des impacts dévastateurs sur les espèces indigènes, provoquant des extinctions et affectant aussi bien les écosystèmes naturels que cultivés. Certaines maladies exotiques et espèces envahissantes d’animaux nuisibles peuvent occasionner des coûts colossaux. Depuis peu, le rythme d’introduction d’espèces exotiques et les risques apparentés ont significativement augmenté, surtout à cause de l’augmentation des voyages, du commerce et du tourisme. Plus…</s>
    <s>Plus dans les détails --&gt;</s>
    <s>Questions du Niveau 1</s>
    <s>Niveau 1: Résumé fr</s>
    <s>Niveau 2: Détails [fr]</s>
    <s>Niveau 3: Source [en]</s>
    <s>A propos</s>
    <s>Question Suivante</s>
    <s>7. Dans quelle mesure utilise-t-on les écosystèmes de manière durable ?</s>
    <s>7.1 L’utilisation durable de la biodiversité est le quatrième domaine prioritaire du cadre d’actions pour 2010. Des indicateurs potentiels pourraient être la proportion d’écosystèmes gérés durablement ou respectant certains critères de durabilité. Plus…</s>
    <s>7.2 L’empreinte écologique est un concept calculant les surfaces de terre et d’eau nécessaires pour faire vivre une population humaine donnée sur base de sa consommation d’énergie, de nourriture, d’eau, de matériaux de construction et d’autres biens de consommation. En 1961 l’humanité consommait globalement à peu près la moitié de la capacité de la Terre à renouveler ses ressources naturelles. Aujourd’hui cette capacité a été dépassée, et la surconsommation continue d’augmenter. Plus…</s>
    <s>Plus dans les détails --&gt;</s>
    <s>Questions du Niveau 1</s>
    <s>Niveau 1: Résumé fr</s>
    <s>Niveau 2: Détails [fr]</s>
    <s>Niveau 3: Source [en]</s>
    <s>A propos</s>
    <s>Question Suivante</s>
    <s>8. D’autres objectifs de la CDB sont-ils en bonne voie d’être atteints ?</s>
    <s>!Les connaissances traditionnelles sont importantes pour la protection de la biodiversité locale</s>
    <s>Les connaissances traditionnelles sont importantes pour la protection de la biodiversité locale</s>
    <s>Source: Nicole Duplaix / Alpha Presse</s>
    <s>8.1 Le cinquième domaine prioritaire se penche sur les connaissances traditionnelles des peuples indigènes et des communautés locales, qui fournissent les bases de la gestion et de la protection de la biodiversité locale. La perpétuation de ce savoir est fort préoccupante, vu qu’il ne se transmet souvent qu’en langues indigènes qui ne sont généralement parlées que par un nombre restreint de personnes. Plus…</s>
    <s>8.2 Un partage juste et équitable des bénéfices provenant des ressources génétiques, qui constitue le sixième domaine prioritaire, encouragerait la protection de la biodiversité. Certains pays ont mis en vigueur des lois contrôlant l’accès aux ressources génétiques. Cependant, il n’y a pas de source centralisée d’information fiable sur l’accès à ces ressources au niveau national et sur les mesures de partage des bénéfices. Plus…</s>
    <s>8.3 Le septième domaine prioritaire concerne les ressources financières et techniques requises pour que la Convention soit appliquée, en particulier dans les pays en voie de développement. L’aide globale allouée aux pays en voie de développement diminue depuis 1998. Plus…</s>
    <s>Plus dans les détails --&gt;</s>
    <s>Questions du Niveau 1</s>
    <s>Niveau 1: Résumé fr</s>
    <s>Niveau 2: Détails [fr]</s>
    <s>Niveau 3: Source [en]</s>
    <s>A propos</s>
    <s>Question Suivante</s>
    <s>9. Comment la Convention sur la Diversité Biologique est-elle mise en œuvre?</s>
    <s>Traduire le contenu de la Convention en politiques et mettre celles-ci en pratique représente un défi majeur. Plus…</s>
    <s>9.1 Les instruments politiques développés par la Convention comprennent:</s>
    <s>des programmes de travail thématiques couvrant sept biomes principaux ;</s>
    <s>des programmes de travail sur le transfert de technologie, les zones protégées et la classification des organismes (taxinomie) ;</s>
    <s>des lignes directrices et des principes sur des sujets en rapport avec tous les domaines thématiques, dont la surveillance de la biodiversité, l’évaluation des impacts, les mesures incitatives, et les espèces exotiques envahissantes.</s>
    <s>9.2 La Conférence des Parties a adopté en 2002 un Plan stratégique comprenant quatre objectifs. Les progrès réalisés ont été :</s>
    <s>raisonnables en ce qui concerne la promotion de la coopération internationale pour le soutien de la Convention ;</s>
    <s>limités pour ce qui est de garantir que les Parties puissent mettre en œuvre la Convention ;</s>
    <s>loin d’être suffisants concernant la planification et la mise en œuvre, au niveau national, d’actions visant à atteindre les objectifs de la Convention ;</s>
    <s>mitigés en ce qui concerne la prise de conscience de l’importance de la biodiversité et de la Convention.</s>
    <s>Plus dans les détails --&gt;</s>
    <s>Questions du Niveau 1</s>
    <s>Niveau 1: Résumé fr</s>
    <s>Niveau 2: Détails [fr]</s>
    <s>Niveau 3: Source [en]</s>
    <s>A propos</s>
    <s>Question Suivante</s>
    <s>10. L’objectif biodiversité 2010 est-il en voie d’être atteint ?</s>
    <s>Tant une analyse des tendances actuelles que les différents scénarios plausibles indiquent que la perte de biodiversité devrait se poursuivre dans le futur et certainement au-delà de 2010. Des efforts supplémentaires sans précédents, à tous les niveaux, seront nécessaires pour atteindre l’objectif 2010. Plus…</s>
    <s>10.1 Il est trop tôt pour évaluer les progrès réalisés pour atteindre les objectifs de la Convention sur la diversité biologique, mais les perspectives sont meilleures pour certains objectifs que pour d’autres. Bon nombre pourront être atteints si la Convention est convenablement mise en œuvre. Cependant, il semble très improbable que tous les objectifs seront atteints au niveau mondial d’ici 2010. Plus…</s>
    <s>10.2 Selon les prévisions, la plupart des facteurs provoquant une perte de biodiversité, soit la transformation des habitats, le changement climatique, les espèces exotiques envahissantes, la surexploitation et la pollution, devraient rester constants ou augmenter dans un avenir proche. Des actions supplémentaires sont requises pour les diminuer. Plus…</s>
    <s>10.3 Il est impératif d’intégrer la problématique de la biodiversité dans les plannings, programmes et politiques économiques et de développement, ainsi que d’impliquer les principaux acteurs des secteurs économiques clefs. Plus spécifiquement, ces préoccupations devraient être intégrées dans les secteurs de l’alimentation, de l’agriculture et de l’énergie, dans les politiques commerciales et dans les stratégies de réduction de la pauvreté. Plus…</s>
    <s>Plus dans les détails --&gt;</s>
    <s>Questions du Niveau 1</s>
    <s>Niveau 1: Résumé fr</s>
    <s>Niveau 2: Détails [fr]</s>
    <s>Niveau 3: Source [en]</s>
    <s>A propos</s>
    <s>11. Conclusion: Quelles mesures faut-il prendre ?</s>
    <s>!Il est important d’inclure les questions de biodiversité dans les secteurs comme l’agriculture et l’énergie.</s>
    <s>Il est important d’inclure les questions de biodiversité dans les secteurs comme l’agriculture et l’énergie.</s>
    <s>Source: Paul Springett / Alpha Presse</s>
    <s>De nombreux progrès ont été réalisés en termes de développement de politiques et d’outils visant à mettre en œuvre la Convention sur la diversité biologique, mais jusqu’à présent la mise en œuvre au niveau national a été limitée. Des actions urgentes et sans précédents sont nécessaires si l’on veut atteindre l’objectif 2010. Plus…</s>
    <s>11.1 Afin d’atteindre l’objectif 2010, les Parties de la Convention se doivent de développer et d’assurer, au niveau national, la mise en œuvre de stratégies et de plans d’actions détaillés pour la biodiversité; il leur faut également promouvoir la prise de conscience de l’importance de la biodiversité et intégrer les questions de biodiversité au sein des politiques nationales, programmes et stratégies liés au commerce, à l’agriculture, à l’exploitation des forêts et à la pêche, ainsi que dans la planification du développement. Plus…</s>
    <s>11.2 Les réunions de la Conférence des Parties à la Convention donnent l’occasion de convenir d’actions répondant aux menaces qui pèsent sur la biodiversité. Atteindre les objectifs de la Convention implique que tous les pays du monde agissent de concert. Tous les pays devraient ainsi adhérer à la Convention, vu qu’il est crucial de préserver la vie sur terre. Plus…</s>
    <s>11.3 En tant qu’individus, nous avons tous un rôle essentiel à jouer dans la conservation de la biodiversité et son utilisation durable. Nous pouvons exiger des actions à tous les niveaux de gouvernement. De plus, dans nos choix quotidiens, nous pouvons tous avoir des impacts positifs directs sur la biodiversité et l’état des écosystèmes de notre planète, par exemple en soutenant la consommation durable et la réduction des déchets.</s>
    <s>Les entreprises devraient également prendre leurs responsabilités par rapport aux impacts environnementaux de leurs activités et choisir des fournisseurs qui adoptent des pratiques durables. Plus…</s>
    <s>Plus dans les détails --&gt;</s>
    <s>Ce Dossier est un résumé fidèle du rapport scientifique de consensus produit en 2006 par la Convention sur la diversité biologique (CBD) : &quot;Global Biodiversity Outlook 2&quot;   Plus </s>
    <s>Parcourir cette publication</s>
    <s>1. Pourquoi s’inquiéter de la perte de biodiversité ?</s>
    <s>2. Que sont la CDB et son objectif 2010 ?</s>
    <s>3. Pourquoi des indicateurs de biodiversité ?</s>
    <s>4. À quel rythme la biodiversité disparaît-elle ?</s>
    <s>5. La santé des écosystèmes affecte-t-elle les ressources qu’ils fournissent ?</s>
    <s>6. Quelles sont les principales menaces pour la biodiversité ?</s>
    <s>7. Dans quelle mesure utilise-t-on les écosystèmes de manière durable ?</s>
    <s>8. D’autres objectifs de la CDB sont-ils en bonne voie d’être atteints ?</s>
    <s>9. Comment la Convention sur la Diversité Biologique est-elle mise en œuvre?</s>
    <s>10. L’objectif biodiversité 2010 est-il en voie d’être atteint ?</s>
    <s>11. Conclusion: Quelles mesures faut-il prendre ?</s>
    <s>Alimentation et mode de vie</s>
    <s>Changement climatique</s>
    <s>Développement durable</s>
    <s>Pollution de l’air</s>
    <s>Prévention de maladies</s>
    <s>Radiations et champs électromagnétiques</s>
    <s>Risques des nouvelles technologies</s>
    <s>Santé du consommateur</s>
    <s>Substances chimiques</s>
    <s>Publications A-Z</s>
    <s>Alimentation &amp; nutrition</s>
    <s>Amalgames dentaires</s>
    <s>Baladeurs numériques et audition</s>
    <s>Bancs solaires</s>
    <s>Biodiversité (CBD)</s>
    <s>Biodiversité (EM)</s>
    <s>Blanchiment des dents</s>
    <s>Champs statiques</s>
    <s>Champs électromagnétiques</s>
    <s>Changement Climatique (2007)</s>
    <s>Changement climatique dans l'Arctique</s>
    <s>Dioxyde d'azote</s>
    <s>Désinfectants de l'eau</s>
    <s>Forêts et Energie</s>
    <s>Lampes basse consommation</s>
    <s>Le mercure dans les ampoules</s>
    <s>Lignes électriques</s>
    <s>Maladies respiratoires</s>
    <s>Menaces pour la santé publique mondiale</s>
    <s>Particules en suspension</s>
    <s>Perturbateurs Endocriniens</s>
    <s>Phtalates dans les fournitures scolaires</s>
    <s>Piégeage et stockage du CO2</s>
    <s>Plantes OGM</s>
    <s>Primates non humains</s>
    <s>Qualité de l’air intérieur</s>
    <s>Substances psychoactives</s>
    <s>Technologies de l’énergie</s>
    <s>Donations [en]</s>
    <s>Membre de:</s>
    <s>Plan du Site - Contact - Disclaimer - Creer un lien - Statistiques Web - News Feed</s>
    <s>Copyright © GreenFacts 2001–2011</s>
    <s>GreenFacts® est une marque déposée de Cogeneris sprl</s>
    <s>de l'Evaluation des écosystèmes pour le Millénaire (EM))</s>
    <s>et les écosystèmes)</s>
  </text>
</page>
