<?xml version="1.0" encoding="UTF-8"?>
<!DOCTYPE page SYSTEM "page.dtd">
<page>
  <lang>fr</lang>
  <url>http://www.revezdailleurs.fr/neuftrois.html</url>
  <title>salles de réception paris NEUF TROIS salles de séminaire,salles de ...</title>
  <snippet>
    <s>N9UF TROI3 PARIS est un lieu Rêvez d&#39;Ailleurs au coeur de Paris : location de salles de séminaires, salles de réception, salles de conférence, salles de </s>
  </snippet>
  <text>
    <s>!contactez Claire au 01 46 47 20 00 pour réserver votre salle de réception, votre salle de séminaire, votre salle de réunion ou votre salle de conférence au Neuf Trois Paris</s>
    <s>Un club anglais</s>
    <s>à Paris</s>
    <s>20 à 200 personnes</s>
    <s>sans jet lag</s>
    <s>40 à 200 personnes</s>
    <s>La chaleur du</s>
    <s>Maroc à Paris</s>
    <s>20 à 200 personnes</s>
    <s>Prenez l'air à la</s>
    <s>frontière de Paris</s>
    <s>6 à 15 personnes</s>
    <s>Prenez le large</s>
    <s>Porte de St Cloud</s>
    <s>10 à 50 personnes</s>
    <s>L'esprit du siècle des lumières</s>
    <s>au coeur de Paris 7e</s>
    <s>20 à 100 personnes</s>
    <s>salle de réunion chezL</s>
    <s>Grâce à notre magazine,</s>
    <s>découvrez les</s>
    <s>nouvelles saveurs</s>
    <s>de l'événement parisien :</s>
    <s>des lieux à découvrir,</s>
    <s>des idées d'animations,</s>
    <s>la gastronomie </s>
    <s>Demandez notre magazine !</s>
    <s>Consultez les plans</s>
    <s>du N9UFTROI3</s>
    <s>et les différentes configurations possibles.</s>
    <s>Découvrez le N9UF TROI3</s>
    <s>comme si vous y étiez</s>
    <s>Comme dans un rêve,</s>
    <s>notre visite virtuelle vous y</s>
    <s>transporte immédiatement </s>
    <s>Le contenu de cette page nécessite une version plus récente d’Adobe Flash Player.</s>
    <s>!adresse des salles du Neuf Trois Paris : 93 rue de l'Université, 75007 Paris</s>
    <s>300 m2 d'espaces et toute la technique dont vous avez besoin</s>
    <s>Contactez Claire pour un</s>
    <s>devis immédiat : 01.46.47.2000</s>
    <s>Rien de plus simple</s>
    <s>pour vous rendre au N9UF TROI3.</s>
    <s>Consultez notre plan d'accès</s>
    <s>(parkings, métro, bus, rer, taxis)</s>
    <s>Au N9UF TROI3 Paris</s>
    <s>choisissez votre traiteur ou l'un de nos traiteurs amis.</s>
    <s>Un office équipé et notre mobilier sont à disposition.</s>
    <s>Le N9UF TROI3 Paris allie le charme du grand classique et des points de vue hauts en couleur.</s>
    <s>Cet hôtel particulier du XVIIIième siècle, de 300 m2, offre aux dirigeants d'entreprise</s>
    <s>le prestige d’une des plus</s>
    <s>belles adresses parisiennes,</s>
    <s>Au coeur</s>
    <s>de Paris,</s>
    <s>Le N9UF TROI3</s>
    <s>vous ouvre</s>
    <s>ses portes</s>
    <s>en face de</s>
    <s>l'entrée de</s>
    <s>notre album photo</s>
    <s>Chaque grande salle est équipée d'un écran escamotable avec son vidéoprojecteur et sa sonorisation, les salons et la réception d'un écran 16/9eme de 107 cm.</s>
    <s>Tout l'hôtel particulier</s>
    <s>est sonorisé.</s>
    <s>Philippe-Jules Boursier</s>
    <s>06 10 01 02 75</s>
    <s>!tout savoir sur les salles de réception du neuf trois paris</s>
    <s>Album photo</s>
    <s>Visite virtuelle</s>
    <s>Configurations &amp; plans</s>
    <s>Plan d'accès</s>
    <s>salle de séminaire</s>
    <s>Le Neuf Trois Paris vous transporte dans le siècle des lumières. Pour vos événements à Paris, réservez votre salle de réception, salle de réunion, salle de conférence ou salle de séminaire.</s>
    <s>Suivez le guide sur GoogleMaps pour rejoindre à Paris en toute facilité votre salle de séminaire, itinéraire - salle séminaire paris LE KARE MAGIK, itinéraire - salle réception paris L'ATELIER BAROK, itinéraire</s>
    <s>salle de réunion paris OPENFIELD, itinéraire - salle réunion paris LE KARE DES OFF, itinéraire - salle conférence paris N9UF TROI3, itinéraire</s>
  </text>
</page>
