<?xml version="1.0" encoding="UTF-8"?>
<!DOCTYPE page SYSTEM "page.dtd">
<page>
  <lang>fr</lang>
  <url>http://www.africatelecompeople.net/atp09/meet_prog.php%3Frub%3Drub_cont</url>
  <title>Africatelecompeople.com</title>
  <snippet>
    <s>11h-11h30. Pause café offerte par les sponsors Salle de conférence 351 120 places 14h30 - 15h30. Conférence Global Voice Group </s>
  </snippet>
  <text>
    <s>5,6 Octobre 2011, Palais de la Culture, Abidjan</s>
    <s>7eme edition</s>
    <s>Mercredi 5 octobre</s>
    <s>08h - 09h : Accueil et installation des invites</s>
    <s>09h - 12h : Ceremonie d'ouverture et seance pleniere : 25 ans de la telephonie mobile : Bilan &amp; perspectives ?</s>
    <s>Animateurs :</s>
    <s>Bruno Kone, Ministre de la Poste et des NTIC de Cote d'Ivoire</s>
    <s>Brahima Sanou, Directeur du Bureau de Developpement des Telecommunications de l'UIT</s>
    <s>Max Aweke, Ministre Beninois de la Communication et des TIC (A confirmer)</s>
    <s>Thierry Moungalla, Ministre Congolais des Postes et des NTIC</s>
    <s>Patrick M'Bengue, President du GOTIC</s>
    <s>Remy Fekete, Associe du Cabinet Gide Loyrette Nouel AARPI</s>
    <s>Moderateur : Wabi Marc, Audit &amp; Advisory Partner</s>
    <s>Lieu : Garden Pleniere</s>
    <s>12h - 13h : Visite des stands</s>
    <s>13h - 14h : Cocktail d'ouverture</s>
    <s>Lieu : Garden VIP</s>
    <s>14h - 15h30 :</s>
    <s>Conference 1: Optimalisation des revenus lies a l'international pour un operateur mobile en Afrique</s>
    <s>Conferencier : Frederic Salmon Regional Vice President, Africa de BICS (Belgacom)</s>
    <s>Lieu : Salle Jean Marie Adaiffi</s>
    <s>Conference 2 : A la decouverte de la premiere tablette 100% africaine?</s>
    <s>Conferencier : Verone Mankou, CEO VMK</s>
    <s>Lieu : Garden Pleniere</s>
    <s>16h00 - 17h30 :</s>
    <s>Conference 3 : Les communications internationales par satellite</s>
    <s>Conferencier : Darius Quenum , Sales Manager - Africa, EUTELSAT</s>
    <s>Lieu : Salle Jean Marie Adiaffi</s>
    <s>Conference 4 : STA-WAVION NETWORKS (theme a determiner)</s>
    <s>Conferencier : a determiner</s>
    <s>Lieu : Garden Pleniere</s>
    <s>17h30 : Fin de l'exposition et des conferences</s>
    <s>Jeudi 6 octobre</s>
    <s>08h00 : Ouverture de l'exposition - Accueil et installation pour les conferences</s>
    <s>09h30 - 11h00 :</s>
    <s>Conference : Repondre efficacement aux besoins d'interconnexion des entreprises en Cote d'Ivoire par un reseau de Hub VSAT</s>
    <s>Conferencier : Etienne Doh Kouadio, Directeur General de Alink Telecom Cote d'Ivoire</s>
    <s>Lieu : Garden Pleniere</s>
    <s>9h30 - 11h00</s>
    <s>Atelier 1 : Les nouvelles contraintes de rentabilite des operateurs</s>
    <s>Conferencier : Serge Thiemele, Partner - Africa Telecommunications Sector Leader Ernst &amp; Young - Moderateur : Remy Fekete, Associe du Cabinet Gide Loyrette Nouel AARPI</s>
    <s>Lieu : Salle Jean Marie Adiaffi</s>
    <s>11h - 12h 30</s>
    <s>Conference 5 : Gerer les pertes potentielles de revenue, notre approche pragmatique du «Revenue Assurance»</s>
    <s>Conferencier : Olivier Mauduit, responsable Technologies Media et Telecoms et Audit des systemes d'information, Deloitte &amp; Touche - Moderateurs : Wabi Marc, Audit &amp; Advisory Partner et Habib Bamba, Senior Manager ERS, Deloitte &amp; Touche</s>
    <s>Lieu : Salle Jean Marie Adiaffi</s>
    <s>Conference 6 : Orange Money tient-il ses promesses?</s>
    <s>Conferencier : Sadamoudou KABA, Chef de departement Orange Money</s>
    <s>Orange Cote d'Ivoire</s>
    <s>Lieu : Garden Pleniere</s>
    <s>12h30 - 13h30 : Pause Dejeuner</s>
    <s>13h30 - 14h00 : Accueil et installation Conference 7, 8 et 9</s>
    <s>14h00 - 15h30 :</s>
    <s>Conference 7 : Le Haut Debit Mobile pour tous</s>
    <s>Conferencier : Fabrice Konan, Key Account Manager, ERICSSON</s>
    <s>Lieu : Salle Jean Marie Adiaffi</s>
    <s>Conference 8 : Optimiser votre infrastructure reseau avec les solutions ADN de Bluecoat pour une meilleure experience utilisateur</s>
    <s>Conferencier : M Michael TECHER , Regional Sales Manager, Southern Europe &amp; Africa - BLUECOAT SYSTEM</s>
    <s>Moderateur : M Hyacinthe YAPO, Directeur GeneralSOLUTECH</s>
    <s>16h00 -17h30</s>
    <s>Atelier 2 : Impacts de la connectivite mobile sur les objectifs du millenaire pour le developpement de l'Afrique?</s>
    <s>Conferencier : Alan Price Mbida, Directeur General Adjoint de Comium CI</s>
    <s>Moderateur : Bernard Sanchez, President du jury ATP</s>
    <s>Lieu : Garden Pleniere</s>
    <s>Conference 9 : Quelles infrastructures Reseaux et Telecoms deployer dans votre entreprise?</s>
    <s>Conferencier : Remi Andjemien, President Directeur General de Socitech</s>
    <s>Lieu : Salle Jean Marie Adiaffi</s>
    <s>17h30 : Fin de l'exposition et des conferences</s>
    <s>17h30 - 20h00 : Quartier libre</s>
    <s>19h00 - 20h00 : Accueil et installation des invites a la soiree des Awards</s>
    <s>20h00 - 22h00 : Soiree des Awards</s>
    <s>22h00 : Fin de ATP 2011</s>
    <s>Afrique du Nord</s>
    <s>Afrique de l'Ouest</s>
    <s>Afrique Centrale</s>
    <s>Afrique Australe - Est</s>
    <s>Awards graphiques</s>
    <s>Operateur Voix</s>
    <s>Opteur Donnees</s>
    <s>Opteur Alternatif</s>
    <s>NB: 1 pour chaque zone</s>
    <s>Awards transversaux</s>
    <s>Manager Public ou Prive</s>
    <s>Initiative au Dloppement</s>
    <s>Initiative Publique</s>
    <s>Initiative Privee</s>
    <s>La 6eme tion</s>
    <s>en images</s>
  </text>
</page>
