<?xml version="1.0" encoding="UTF-8"?>
<!DOCTYPE page SYSTEM "page.dtd">
<page>
  <lang>fr</lang>
  <url>http://web.me.com/asp.icc/Delegates_and_Other_Participants/Other_participants.html</url>
  <title>Other participants at the Review Conference Autres participants à ...</title>
  <snippet>
    <s>Other participants at the Review Conference. Autres participants à la Conférence de Révision. Munyonyo Commonwealth Resort. Kampala. subscribe </s>
  </snippet>
  <text>
    <s>Other participants at the Review Conference</s>
    <s>Autres participants à la Conférence de Révision</s>
    <s>Munyonyo Commonwealth Resort</s>
    <s>!back !back</s>
    <s>!forward !forward</s>
    <s>Comments Widget</s>
    <s>Photo © ICC-CPI</s>
  </text>
</page>
