<?xml version="1.0" encoding="UTF-8"?>
<!DOCTYPE page SYSTEM "page.dtd">
<page>
  <lang>fr</lang>
  <url>http://www.herodote.net/histoire/evenement.php%3Fjour%3D19450204</url>
  <title>4 février 1945 : ouverture de la Conférence de Yalta</title>
  <snippet>
    <s>4 février 1945 : ouverture de la Conférence de Yalta - Churchill, Staline et Roosevelt situez l&#39;événement dans le temps . Voir le commentaire sur cet article </s>
  </snippet>
  <text>
    <s>Bienvenue parmi tous ceux qui aiment l'Histoire sur www.herodote.net</s>
    <s>Mot de passe</s>
    <s>Mot de passe oubli</s>
    <s>Adhr aux Amis d'Hdote</s>
    <s>Qui sommes-nous ?</s>
    <s>La page des webmestres</s>
    <s>hride et devinettes</s>
    <s>Partenaires et amis</s>
    <s>Revue de presse</s>
    <s>Courrier des lecteurs</s>
    <s>Notre lettre hebdomadaire</s>
    <s>Les Amis d'Hdote</s>
    <s>Nos favoris</s>
    <s>Nos coups de coeur</s>
    <s>Grands textes</s>
    <s>Histoire des religions</s>
    <s>Listes de sites</s>
    <s>Prstoire et haute Antiquita&gt;</s>
    <s>[Le temps des prophs</s>
    <s>Haut Moyen e</s>
    <s>Naissance de l'Europe</s>
    <s>Renaissance et Rrme</s>
    <s>Les Rlutions</s>
    <s>Apogde l'Europe</s>
    <s>Guerres mondiales</s>
    <s>L'embellie europne</s>
    <s>Arts et Mus</s>
    <s>Plan du site</s>
    <s>[Le billet d'Hdote</s>
    <s>Sexe des anges, World Trade Center et crise europne</s>
    <s>Le ril ottoman</s>
    <s>La Crise europne</s>
    <s>France, ton Histoire f t le camp !</s>
    <s>La dnnie la moins violente depuis 1910</s>
    <s>L'arme monire de Pn</s>
    <s>La Gr 'euve</s>
    <s>Entretien avec Monnet, Smith et Tocqueville</s>
    <s>quoi sert la monarchie?</s>
    <s>L'Histoire de France au mus/a&gt;</s>
    <s>[Regards sur l'ann2011</s>
    <s>Regards sur la dnnie</s>
    <s>Ann 2001-2003</s>
    <s>Le Flash d'Hdote</s>
    <s>Agenda de l'Histoire</s>
    <s>Par jour et mois</s>
    <s>Par pays et drtement</s>
    <s>Compte-rendus de manifestations</s>
    <s>Notre page Facebook</s>
    <s>366 jours d'histoire</s>
    <s>On cbre cette ann..</s>
    <s>frises chronologiques</s>
    <s>Le temps des prophs</s>
    <s>Le haut Moyen e</s>
    <s>Naissance de l'Europe</s>
    <s>Renaissance et Rrme</s>
    <s>Les Rlutions (1688-1789)</s>
    <s>Les Rlutions (1789-1815)</s>
    <s>Les Rlutions (1815-1848)</s>
    <s>Apogde l'Europe</s>
    <s>Guerres mondiales</s>
    <s>L'embellie europne</s>
    <s>cr votre frise</s>
    <s>jeux et devinettes</s>
    <s>Frise des personnages</s>
    <s>500 biographies</s>
    <s>300 citations</s>
    <s>Haute Antiquita&gt;</s>
    <s>[Le temps des prophs</s>
    <s>haut Moyen e</s>
    <s>Naissance de l'Europe</s>
    <s>Renaissance et Rrme</s>
    <s>Les Rlutions</s>
    <s>Apogde l'Europe</s>
    <s>L'Europe en crise</s>
    <s>L'embellie europne</s>
    <s>Au hasard des citations</s>
    <s>Auteurs de citations</s>
    <s>Les nouveaut/a&gt;</s>
    <s>[Nos livres de rrence</s>
    <s>Notre bibliothe ide</s>
    <s>Les classiques</s>
    <s>Proposer un livre</s>
    <s>Nos 300 dossiers</s>
    <s>Histoire universelle</s>
    <s>Naissance de l'Europe</s>
    <s>Renaissance et Rrme</s>
    <s>Le temps des Rlutions</s>
    <s>L'apogde l'Europe</s>
    <s>Guerres mondiales</s>
    <s>L'embellie europne</s>
    <s>Sction d'nements</s>
    <s>Histoire de France</s>
    <s>Fs et solennit/a&gt;</s>
    <s>Textes et archives</s>
    <s>Cartes d'Histoire</s>
    <s>Atlas historique</s>
    <s>Histoire &amp; vid/a&gt;</s>
    <s>[Galerie d'images</s>
    <s>L'Art dans l'Histoire</s>
    <s>Actualitdu patrimoine</s>
    <s>L'agenda de l'Histoire</s>
    <s>Monuments et villes</s>
    <s>Mus d'Histoire</s>
    <s>Histoire locale</s>
    <s>Tvision et radio</s>
    <s>Podcast Herodote.net</s>
    <s>L'Histoire au cin</s>
    <s>Blogs et histoire locale</s>
    <s>Nos historiens</s>
    <s>ole primaire</s>
    <s>Rser le bac</s>
    <s>Livres, DVD, cadeaux</s>
    <s>DVD Histoire de France</s>
    <s>Les Amis d'Hdote</s>
    <s>Offrir une adhon</s>
    <s>Colls et lyc</s>
    <s>situez l'nement dans le temps</s>
    <s>14 fier 1945 ça s'est passn 4 fier</s>
    <s>Les Dossiers d'Hdote</s>
    <s>Les Amis d'Hdote</s>
    <s>ont accrois dossiers complets</s>
    <s>autour de ce sujet :</s>
    <s>• Histoire du communisme russe</s>
    <s>• La chute du nazisme</s>
    <s>• Staline</s>
    <s>voir tous les dossiers</s>
    <s>Les chroniques d'Hdote</s>
    <s>Adhz au Amis d'Hdote</s>
    <s>et offrez-vous chaque dimanche quelques minutes d'sion avec</s>
    <s>Les chroniques d'Hdote</s>
    <s>Recherche sur le site</s>
    <s>Inscrivez ci-dessous un mot-cl</s>
    <s>Depuis quand Mulhouse est-elle française ? Rnse</s>
    <s>4 fier 1945</s>
    <s>Confnce de Yalta</s>
    <s>Du 4 au 11 fevrier 1945 se tient la conference de Yalta.</s>
    <s>Pendant une semaine, au bord de la mer Noire, Churchill, Staline et Roosevelt se concertent sur le sort futur de l'Allemagne et du Japon dont la defaite ne fait plus de doute.</s>
    <s>!Churchill et Staline entourent Roosevelt, à Yalta</s>
    <s>Quel avenir pour l'Allemagne ?</s>
    <s>Quand commence la conference, l'Armee rouge de Staline a deja atteint l'Allemagne orientale. Les Anglo-Saxons, quant a eux, n'ont pas encore franchi le Rhin.</s>
    <s>D'ou l'assurance dont fait preuve Staline face a ses allies occidentaux. Assurance d'autant plus grande que Roosevelt est malade (il meurt trois mois plus tard) et Churchill physiquement use.</s>
    <s>Les trois chefs allies projettent de demilitariser l'Allemagne et de la decouper en trois zones d'occupation (Churchill obtient apres coup qu'une zone soit accordee a la France).</s>
    <s>Ils se proposent aussi de reunir une conference internationale en vue de remplacer la defunte Societe des Nations (SDN). Ce sera l'ONU.</s>
    <s>Churchill plaide pour qu'en plus des Trois Grands (États-Unis, Royaume-Uni, URSS), la France et la Chine disposent aussi d'un siege permanent a la tete de la future institution.</s>
    <s>Bien entendu, il n'est pas question de contester a l'URSS les territoires qu'elle a deja annexes ou s'apprete a le faire. C'est ainsi qu'elle conserve les États baltes, la Moldavie, la Carelie, la Pologne orientale et meme la Prusse orientale.</s>
    <s>En ce qui concerne les pays europeens liberes de la tutelle nazie, les «Trois Grands» s'engagent a les laisser libres de choisir leur destin.</s>
    <s>Contrairement a une legende posterieure, il n'a pas ete question d'un «partage» de l'Europe au cours de la conference de Yalta.</s>
    <s>Mais Roosevelt se laisse abuser par la bonhomie de Staline. Il ne lui faut que quelques semaines pour constater en Pologne et ailleurs le peu de credit de ses promesses.</s>
    <s>Votre avis</s>
    <s>Vos suggestions</s>
    <s>Avez-vous appret article ? OUI NON</s>
    <s>Les archives vidde l'INA</s>
    <s>!4 fier 1945 : Confnce de Yalta</s>
    <s>Voir notre sction de vid</s>
    <s>Reproduction interdite - tous droits rrv- www.herodote.net</s>
    <s>!haut de la page haut de page Envoyer cette page n(e) ami(e)</s>
    <s>Les commentaires des Amis d'Hdote</s>
    <s>Voir le commentaire sur cet article</s>
    <s>Les Amis d'Hdote peuvent envoyer un commentaire sur cet article.</s>
    <s>(C) Herodote.net</s>
    <s>Qui sommes-nous ?</s>
    <s>Nous ire</s>
    <s>Imprimer la page</s>
  </text>
</page>
