<?xml version="1.0" encoding="UTF-8"?>
<!DOCTYPE page SYSTEM "page.dtd">
<page>
  <lang>fr</lang>
  <url>http://portal.unesco.org/fr/ev.php-URL_ID%3D14983%26URL_DO%3DDO_TOPIC%26URL_SECTION%3D201.html</url>
  <title>UNESCO Conférence générale - PRÉPARATION ET ...</title>
  <snippet>
    <s>PRÉPARATION ET DISTRIBUTION DES BADGES AUX PARTICIPANTS DE LA permanentes et des organisations participant à la Conférence générale est à la réception « Monaco » située devant la Salle I (Bâtiment des Conférences, </s>
  </snippet>
  <text>
    <s>Sciences naturelles</s>
    <s>Sciences sociales et humaines</s>
    <s>Communication et information</s>
    <s>Plan du site</s>
    <s>Groupe de travail - 3 organes</s>
    <s>Termes de rrence</s>
    <s>Rlution 32 C/81</s>
    <s>Rions &amp; Documents</s>
    <s>Sce pl</s>
    <s>COMMISSIONS, COMIT</s>
    <s>Commission I</s>
    <s>Commission II</s>
    <s>Commission III</s>
    <s>Commission IV</s>
    <s>Commission V</s>
    <s>Commission administrative</s>
    <s>Comite vfication des pouvoirs</s>
    <s>Comites candidatures</s>
    <s>Informations Elections</s>
    <s>LA CONFENCE GALE</s>
    <s>Rement inteur (PDF)</s>
    <s>Informations de base</s>
    <s>Etats membres</s>
    <s>Membres associ/a&gt;</s>
    <s>Sessions prdentes</s>
    <s>Informations pratiques</s>
    <s>Bureau de l'information</s>
    <s>Guide 2003</s>
    <s>Mini-Journal (PDF)</s>
    <s>29 septembre - 17 octobre 2003</s>
    <s>PRARATION ET DISTRIBUTION DES BADGES AUX PARTICIPANTS DE LA CONFENCE GALE</s>
    <s>Lattention des dgations permanentes et des organisations participant a Confnce grale est appelsur les mesures prises relatives a prration et distribution des badges dacc</s>
    <s>Du 22 au 24 septembre 2003</s>
    <s>Durant cette pode, les dgations permanentes et organisations qui auront d remis leurs listes de participants accompagn de photos pourront retirer les badges dacca rption Monaco situdevant la Salle I (Bment des Confnces, 125, avenue de Suffren 75007 Paris) de 9 heures 8 heures.</s>
    <s>Les dgations et organisations qui nauront pas remis les photos avec les listes des participants devront se prnter a Salle III situarri de la rption Monaco, o pourront se faire photographier et obtenir des badges daccartir de 8 heures, jusqu9 heures.</s>
    <s>Du 25 septembre au 17 octobre 2003</s>
    <s>Durant cette pode les dgations et organisations qui ont d remis leurs listes de participants accompagn de photos, pourront retirer les badges dacca rption du Centre de Badgeage situans les bungalows qui sont installentrdu Bment des Confnces au 125, avenue de Suffren.</s>
    <s>Les Dgations permanentes et Organisations qui nauront pas fournis des photos avec les listes de participants devront se prnter a rption du Centre de Badgeage o dgupourront se faire photographier et obtenir les badges dacc</s>
    <s>Horaires dOuverture</s>
    <s>Jeudi 25 Septembre 2003 de 08 heures 0 heures</s>
    <s>Vendredi 26 Septembre 2003 de 08 heures 0 heures</s>
    <s>Samedi 27 Septembre 2003 de 08 heures 0 heures</s>
    <s>Dimanche 28 Septembre 2003 de 08 heures 0 heures</s>
    <s>Lundi 29 Septembre 2003 de 07 heures 30 1 heures</s>
    <s>Du 30 Septembre au 16 Octobre 2003 de 08 heures 8 heures</s>
    <s>(sauf le dimanche)</s>
    <s>17 Octobre 2003 de 09 heures 2 heures</s>
    <s>Afin de faciliter le processus de badgeage et dter les files dattente, les Dgations permanentes sont invit omplr ces formalitsi possible avant louverture de la Confnce grale.</s>
    <s>Prdent (Cg)</s>
    <s>Michael Abiola Omolewa</s>
    <s>Directeur gral</s>
    <s>32 C/1 Prov.</s>
    <s>32 C/2</s>
    <s>32 C/5</s>
    <s>32 C</s>
    <s>32 C/COM</s>
    <s>32 C/DR</s>
    <s>32 C/INF</s>
    <s>32 C/NOM</s>
    <s>32 C/PLEN</s>
    <s>32 C/REP</s>
    <s>Tables rondes</s>
    <s>Manifestations spales</s>
    <s>Autres manifestations</s>
    <s>Galerie de photos</s>
    <s>Responsabilit/a&gt; - [Protection des donn personnelles- guest (Lire) - ID: 14983</s>
  </text>
</page>
