<?xml version="1.0" encoding="UTF-8"?>
<!DOCTYPE page SYSTEM "page.dtd">
<page>
  <lang>fr</lang>
  <url>http://www.annicklepetit.fr/2011/09/21/vendredi-23-septembre-conference-debat-ces-auteurs-qui-denoncent-la-prohibition-mairie-du-18eme/</url>
  <title>CONFÉRENCE DÉBAT – CES AUTEURS QUI DÉNONCENT LA ...</title>
  <snippet>
    <s>21 sept. 2011 CONFÉRENCE DÉBAT – CES AUTEURS QUI DÉNONCENT LA PROHIBITION 15h45-16h00 : Pause-café, rafraîchissements, dédicaces </s>
  </snippet>
  <text>
    <s>Mon Parcours</s>
    <s>La 17e circonscription</s>
    <s>Les derniers articles</s>
    <s>NOTRE CANDIDAT FRANCOIS HOLLANDE</s>
    <s>LA MATERNELLE, NOUVELLE GARE DE TRIAGE</s>
    <s>SALLE COMBLE POUR LE MEETING DE FRANCOIS HOLLANDE AU BATACLAN</s>
    <s>REPONSE DE FRANCOIS HOLLANDE A LA LETTRE D'ARNAUD MONTEBOURG</s>
    <s>6 MILLIONS DE TELESPECTATEURS : QUI A DIT QUE LES FRANCAIS NE S'INTERESSAIENT PLUS A LA POLITIQUE</s>
    <s>A L'ASSEMBLEE</s>
    <s>COMMUNIQUÉS / MÉDIAS</s>
    <s>LU, VU, ENTENDU</s>
    <s>PROJETS ESPACE PUBLIC</s>
    <s>VIE LOCALE 17ÈME/18ÈME</s>
    <s>17e Annick Lepetit Arc Express assemblee nationale Bertrand Delanoë François Hollande Grand Paris LIGNE 13 LOGEMENT Paris ratp STIF TRANSPORTS velib velo</s>
    <s>« ANNICK LEPETIT INTERPELLE LE GOUVERNEMENT SUR SON ABSENCE DE POLITIQUE EN FAVEUR DU VELO | Accueil | ANNICK LEPETIT SIGNATAIRE DE LA PROPOSITION DE RESOLUTION SOCIALISTE SUR LA RECONNAISSANCE PAR LA FRANCE DE L'ETAT PALESTINIEN »</s>
    <s>CONFÉRENCE DÉBAT - CES AUTEURS QUI DÉNONCENT LA PROHIBITION</s>
    <s>21 septembre 2011</s>
    <s>J'ai participé vendredi 25 septembre à la conférence-débats autour du thème : ces auteurs qui dénoncent la prohibition des drogues. Au cours de cette après-midi, j'ai présenté le rapport sur la légalisation contrôlée du cannabis du Groupe de travail SRC de l'Assemblée Nationale présidé par Daniel Vaillant, Député-Maire du 18ème arrondissement, ancien Ministre de l’Intérieur.</s>
    <s>Retrouver le rapport.</s>
    <s>14h15 : Table ronde.</s>
    <s>► Usagers actifs/substitués/ex-usagers, quel rapport à l'interdit légal ?</s>
    <s>Étrangement, le discours sur la loi est aujourd’hui surtout une parole d’élu ou de professionnel du soin. Que disent les personnes concernées par la loi qui les pénalise ? Existe-t-il des points des vue spécifiques des consommateurs ?</s>
    <s>• Auteur invités : Patrick Pharo « Philosophie pratique de la drogue »</s>
    <s>Marc Dufaux « Les peaux transparentes »</s>
    <s>Nicolas Rey « Un léger passage à vide » (sous réserve)</s>
    <s>• Modérateur : Fabrice Olivet (ASUD)</s>
    <s>• Témoin : Jean-Pierre Galland (CIRC) sur les rapports entre usagers et législations</s>
    <s>15h15 -15h45 : Échanges avec le public.</s>
    <s>15h45-16h00 : Pause-café, rafraîchissements, dédicaces</s>
    <s>16h00 : Conférence</s>
    <s>► Des rapports qui plaident pour la réforme des lois sur les drogues.</s>
    <s>• Lancement de la version française du rapport de la Global Commission on Drug Policy.</s>
    <s>Présentation par Ruth Dreifuss, membre de la Global Commission, Ex-Présidente de la Confédération Hélvétique, ancienne Conseillère Fédérale à l’Intérieur (Réforme de la politique suisse des drogues dite des 4 piliers)</s>
    <s>• Le rapport sur la légalisation contrôlée du cannabis</s>
    <s>Présentation par Annick Lepetit, Députée, adjointe au Maire de Paris, du rapport sur la légalisation contrôlé du cannabis du Groupe de travail SRC de l'Assemblée Nationale présidé par Daniel Vaillant, Député-Maire du 18ème arrondissement, ancien Ministre de l’Intérieur</s>
    <s>• Cannabis Social Club : l’exemple espagnol</s>
    <s>Présentation par Laurent Appel (ASUD) de la publication de la Transnational Institute (TNI)« Cannabis social clubs en Espagne : une normalisation alternative en cours »</s>
    <s>• Modérateur : Christian Andréo, directeur des programmes nationaux de AIDES.</s>
    <s>• Témoin: Anne Coppel, sociologue : « rapports officiels et politique des drogues, un dialogue de sourds »</s>
    <s>17h30 - 18h00: Échanges avec le public.</s>
    <s>18h00-19h00 : cocktail et dédicaces</s>
    <s>19h00 : Table ronde.</s>
    <s>► Réformer la politique des drogues : quelles stratégies ?</s>
    <s>De nombreuses voix dénoncent aujourd'hui l’échec de la prohibition et Ban Ki-Moon va réunir une commission onusienne pour étudier les alternatives possibles. En France, le gouvernement français refuse d’en débattre et l’opposition est divisée. Comment pouvons-nous rassurer l’opinion publique et convaincre les décideurs?</s>
    <s>• Auteur invités : Stéphane Gatignon et Serge Supersac « Pour en finir avec les dealers »,</s>
    <s>Michel Henry « Drogues : Pourquoi la légalisation est inévitable »,</s>
    <s>Christine Renaudat « Les tribulations d'un gramme de coke » (vidéo-conférence en direct avec la Colombie)</s>
    <s>Jean-Pierre Couteron et Alain Morel « Drogues : faut-il interdire les drogues ? »</s>
    <s>Olivier Maguet “Changer de lunettes pour lire le cas afghan” (Multitudes 44)</s>
    <s>• Modérateur : Arnaud Aubron, journaliste, rédacteur en chef des Inrocks, Drogues News</s>
    <s>• Témoin : Charles-Henry de Choiseul, Président de l’Observatoire Géopolitique des Criminalités, sur les obstacles à la réforme</s>
    <s>20h30 - 21h00: échanges avec le public.</s>
    <s>21h00 : clôture.</s>
    <s>Partager cet article :</s>
    <s>Aimer cet article:</s>
    <s>Sujets: A L'ASSEMBLEE, VIE LOCALE 17ÈME/18ÈME | Soyez le premier à réagir»</s>
    <s>Nom (obligatoire)</s>
    <s>Courriel (ne sera pas publié) (obligatoire)</s>
    <s>site web</s>
    <s>Restez informés</s>
    <s>Abonnez-vous au flux RSS</s>
    <s>Inscription newsletter</s>
    <s>Voici un module Flickr utilisant des photos publiques de munici2008. Cliquez ici pour créer votre module.</s>
    <s>François Hollande</s>
    <s>Bertrand Delanoë</s>
    <s>Isabelle Gachet - Conseillère de Paris et du 17ème</s>
    <s>Assemblée nationale</s>
    <s>Parti Socialiste</s>
    <s>Section PS 17ème</s>
    <s>Section PS 18ème</s>
    <s>Ensemble pour la ligne 13</s>
    <s>Dans le rétroviseur</s>
    <s>le Blog d'Annick Lepetit basé sur RockinBizRed3 theme created by Nathan Rice.</s>
    <s>BERGES DE SEINE</s>
    <s>GRANDS BOULEVARDS</s>
    <s>LES HALLES</s>
    <s>PLACE DE CLICHY</s>
    <s>PLACE DE LA RÉPUBLIQUE</s>
    <s>RUE DE RENNES)</s>
  </text>
</page>
