<?xml version="1.0" encoding="UTF-8"?>
<!DOCTYPE page SYSTEM "page.dtd">
<page>
  <lang>fr</lang>
  <url>http://kanconsulting.over-blog.com/article-compte-rendu-de-la-conference-debat-sur-l-acte-uniforme-relatif-au-bail-commercial-60540267.html</url>
  <title>COMPTE RENDU DE LA CONFERENCE DEBAT SUR LE DROIT ...</title>
  <snippet>
    <s>8 nov. 2010 Le conférencier a d&#39;abord remercié les participants qui ont bien voulu faire Ensuite, le conférencier a présenté l&#39;acte uniforme relatif au droit </s>
  </snippet>
  <text>
    <s>Lundi 8 novembre 2010 1 08 /11 /Nov /2010 12:00</s>
    <s>COMPTE RENDU DE LA CONFERENCE DEBAT SUR LE DROIT OHADA APPLICABLE AU BAIL COMMERCIAL</s>
    <s>La question du bail commercial prend naturellement tout son intérêt, surtout quand on sait que la quasi-totalité des entreprises ne sont pas propriétaires des locaux dans lesquels ils font leurs activités. Les entrepreneurs, les opérateurs, les créateurs d’entreprises, lorsqu’ils débutent leurs activités font recours à des locaux d’autrui (bailleur). C’est une opération courante pour tout entrepreneur, souvent nécessaire même avant le début de l’exploitation. A la création d’une société en ce qui concerne l’adresse de la société, on demande le contrat de bail pour la rédaction des statuts. A l’ouverture d’un compte bancaire, le contrat de bail est également demandé. Aux impôts, l’administration fiscale pour l’immatriculation de l’entreprise demande aussi le contrat de bail. Egalement au Mali, en fin d’année le bailleur doit se présenter à l’administration fiscale en ce qui concerne la déclaration de ses revenus de loyers muni encore du contrat de bail. Certains secteurs d’activités, tel que dans le domaine de l’enseignement, le ministère en charge de l’enseignement réclame aussi le contrat de bail de l’école. Alors la conclusion d’un contrat de bail est incontournable pour les entreprises.</s>
    <s>C’est dans ce cadre que le cabinet Kan Consulting a organisé une conférence débat le jeudi 04 novembre 2010. La conférence a eu lieu à l’Université Ibn Rushd sise à Doumanzana, commune I du district de Bamako et avait pour thème « le droit OHADA applicable au bail commercial». La conférence a duré 45 mn et a débuté à 14H00.</s>
    <s>La conférence était animée par Silamakan Kanté, promoteur du cabinet et formateur en droit OHADA. La conférence avait pour but de mettre à la disposition des participants des outils en vue d’améliorer leurs connaissances et compétences pour la pratique des baux commerciaux.</s>
    <s>Le conférencier a d’abord remercié les participants qui ont bien voulu faire le déplacement.</s>
    <s>Ensuite, le conférencier a d’abord présenté le cabinet Kan Consulting, cabinet d’Etudes, de Formation, de Conseil et d’Assistance qui intervient dans les domaines du droit des affaires, de la comptabilité, de la gestion des ressources humaines et de l’informatique.</s>
    <s>Puis, il a présenté la genèse de l’OHADA, organisation internationale dotée de la personnalité juridique qui a été créé par le traité signé à Port Louis en Iles Maurice le 17 octobre 1993 et révisé à Québec, au canada le 17 octobre 2008.</s>
    <s>Il a fait un bref survol sur la création de l’OHADA, les pays membres de l’organisation, les objectifs, les différentes institutions de l’OHADA ainsi que les actes uniformes adoptés jusqu’à ce jour et ceux en cours de chantier.</s>
    <s>Ensuite, le conférencier a présenté l’acte uniforme relatif au droit commercial général adopté le 17 avril 1997 à Cotonou, publié au J.O. de l’OHADA (N°1) du 1er octobre 1997, entré en vigueur le 1er janvier 1998, avant d’ajouter qu’un Acte Uniforme est un ensemble des dispositions légales qui réglementent un domaine déterminé du droit économique OHADA, lesquelles s’appliquent dans les dix sept pays signataires du traité de l’OHADA. Autrement dit, l’Acte Uniforme est une loi harmonisée. Et, l’acte uniforme a un caractère supranational car l’article 10 du Traité stipule que : « les Actes Uniformes sont directement applicables et obligatoires dans les Etats parties, nonobstant toute disposition contraire de droit interne, antérieure ou postérieure»</s>
    <s>L’acte uniforme relatif au droit commercial général traite le statut du commerçant, le registre du commerce et du crédit mobilier, le bail commercial, le fonds de commerce, l’intermédiaire de commerce, la vente commerciale. Comme la conférence portait sur le bail commercial, c’est ce sujet qui a été débattu. Le dit acte uniforme traite le bail commercial en son livre III, titre I.</s>
    <s>Par définition, Le bail commercial est toute convention, même non écrite, passée entre le propriétaire d’un immeuble et toute personne physique ou morale, permettant à cette dernière d’exploiter dans les lieux toute activité commerciale, industrielle, artisanale ou professionnelle. Le local objet du contrat peut-être un accessoire dépendant d’un immeuble ou même un terrain nu sur lequel ont été édifiées avant ou après la conclusion du bail, des constructions à usage commercial.</s>
    <s>Les points suivants ont été abordé au cours de la conférence: le champ d’application de l’acte uniforme, la conclusion et la durée du bail, les obligations du bailleur et celles du preneur, la fixation du loyer, la cession et la sous location, les conditions et formes de renouvellement du bail à durée déterminée et indéterminé ainsi que la résiliation judiciaire du bail.</s>
    <s>Les participants ont montré leur intérêt et ont posé plusieurs questions (la résiliation judiciaire du bail, les conditions et formes de renouvellement du bail, la sous location, l’incidence de l’occupation de la maison par le preneur après la durée du bail etc.). Certains participants reconnaissent qu’ils ne savaient pas que c’était l’acte uniforme relatif au droit commercial qui était applicable au bail commercial. D’autres par contre ne savaient pas que pour rompre un contrat de bail à durée indéterminée, il fallait donner un congé de six mois à l'avance ou encore que pour le renouvellement du contrat de bail à durée déterminée, il fallait adresser un acte extra judiciaire trois mois avant la fin du contrat initial, que le terme « tacite reconduction » n’existe pas dans le droit OHADA, etc.</s>
    <s>Les participants ont exprimé aussi leurs souhaits à recevoir l’acte uniforme relatif au droit commercial et à ce que de telles rencontres se multiplient pour une meilleure connaissance du droit OHADA.</s>
    <s>Les organisateurs ont recueilli les e-mails des participants et se sont engagés à les envoyer le document « comprendre l’Organisation pour l’Harmonisation en Afrique du Droit des Affaires » (2ème édition) du Docteur Alhousseini MOULOUL et l’acte uniforme relatif au droit commercial général qui traite les baux commerciaux.</s>
    <s>Clôturant la rencontre à14H45 m, le conférencier a tenu à remercier encore les participants à la conférence ainsi que l’Université Ibn Rushd qui a permis la réalisation de la dite conférence en offrant une salle au cabinet.</s>
    <s>Partager l'article : COMPTE RENDU DE LA CONFERENCE DEBAT SUR LE DROIT OHADA APPLICABLE AU BAIL COMMERCIAL La question du bail commercial prend naturellement tout son intérêt, surtout quand on sait que la quasi-totalité des…</s>
    <s>Par kanconsulting.over-blog.com</s>
    <s>Ecrire un commentaire 0 - Voir le commentaire - Voir les 0 commentaires</s>
    <s>Précédent : AVIS DE CONFERENCE Retour à l'accueil Suivant : INVITATION SHARING</s>
    <s>NECESSITE DE L'AUDIT INTERNE</s>
    <s>DEVENIR CONSULTANT</s>
    <s>MASTER EN AUDIT ET CONTROLE DE GESTION</s>
    <s>Blog : kanconsulting.over-blog.com</s>
    <s>Partager ce blog</s>
    <s>Retour à la page d'accueil</s>
    <s>Créer un Blog</s>
    <s>Octobre 2011</s>
    <s>Inscription à la newsletter</s>
    <s>Une erreur s'est produite. Veuillez rééssayer plus tard.</s>
    <s>Notifications de publication d'articles</s>
    <s>Newsletters du blog</s>
    <s>Créer un blog gratuit sur over-blog.com - Contact - C.G.U. - Rémunération en droits d'auteur - Signaler un abus</s>
    <s>' ); } }); })(); OB.Overclick = { disableJump : false, disableSticky : false }; YAHOO.util.Event.onDOMReady ( function() { var adboxes = ; var ad = YAHOO.util.Selector.query('ln 1 .pub.box0 .ctn'); adboxes = ad.parentNode; adboxes.region = YAHOO.util.Region.getRegion(adboxes); YAHOO.util.Dom.setStyle( adboxes, 'height', adboxes.region.height + 'px' ); YAHOO.util.Dom.setStyle( adboxes.parentNode.parentNode, 'position', 'relative' ); YAHOO.util.Dom.setStyle( adboxes.parentNode, 'position', 'static' ); YAHOO.util.Dom.setStyle( adboxes, 'position', 'static' ); var box = false; var boxes = YAHOO.util.Dom.getElementsByClassName( 'box', 'div', adboxes.parentNode.parentNode ); var createBox = function(original) { var newBox; if (YAHOO.env.ua.ie !== 0) { newBox = original.parentNode.cloneNode(); newBox.content = document.createElement('div'); newBox.content.className = 'pub'; newBox.appendChild(newBox.content); YAHOO.util.Dom.setStyle( newBox, 'height', original.region.height + 'px' ); } else { newBox = original.parentNode.cloneNode(true); var ct = YAHOO.util.Dom.getElementsByClassName( 'ctn', 'div', newBox ); ct.parentNode.removeChild(ct); } adboxes.push( YAHOO.util.Dom.getElementsByClassName( 'pub', 'div', newBox ) ); return newBox; }; var maxAds = 2; var sticky = false; if (YAHOO.util.Region.getRegion( adboxes.parentNode.parentNode ).height &lt; YAHOO.util.Dom.getViewportHeight()2 + YAHOO.util.Region.getRegion( adboxes.parentNode).bottom) { if (YAHOO.util.Region.getRegion( adboxes.parentNode.parentNode ).bottom &gt; YAHOO.util.Dom.getViewportHeight() + YAHOO.util.Region.getRegion( adboxesadboxes.length - 1.parentNode).bottom) { var newBox = createBox( adboxes ); adboxes.parentNode.parentNode.appendChild( newBox ); } if (maxAds &gt; 1) { sticky = true; } } else { for (var i = 0; i &lt; boxes.length &amp;&amp; adboxes.length &lt; maxAds; i++) { if (YAHOO.util.Region.getRegion(boxesi).top &gt;= (YAHOO.util.Dom.getViewportHeight()) + YAHOO.util.Region.getRegion( adboxesadboxes.length - 1.parentNode).bottom) { newBox = createBox( adboxes ); YAHOO.util.Dom.insertBefore( newBox, boxesi ); adboxesadboxes.length = YAHOO.util.Dom.getElementsByClassName( 'pub', 'div', newBox ); } } } YAHOO.util.Event.on( window, 'load', function(e, ads) { if (e.type === 'load') { YAHOO.util.Dom.setStyle( ads.boxes, 'height', (YAHOO.util.Region.getRegion( ads.ad ).height) + 'px' ); } }, { boxes: adboxes, ad: ad } ); if (adboxes.length === 1) { return; } for ( var i = 0, sTypes = 'scroll', 'resize', 'load'; i &lt; sTypes.length; i++) { YAHOO.util.Event.on( window, sTypesi, function(e, ads) { var scrollBtm = YAHOO.util.Dom.getDocumentScrollTop(); var box2dp = 0; try { for (var j = 0; ads.boxesj; j++) { if (scrollBtm &gt; YAHOO.util.Region.getRegion( ads.boxesj.parentNode ).bottom &amp;&amp; !OB.Overclick.disableJump) { box2dp = j + 1; } } } catch (e) { box2dp = ads.boxes.length - 1; } if (box2dp &gt; ads.boxes.length - 1) { box2dp = ads.boxes.length - 1; } if (sticky &amp;&amp; box2dp === ads.boxes.length - 1 &amp;&amp; YAHOO.util.Region.getRegion( ads.boxesbox2dp ).top &lt; scrollBtm &amp;&amp; !OB.Overclick.disableSticky) { if (YAHOO.env.ua.ie &gt; 0) { YAHOO.util.Dom.setStyle( ads.ad, 'top', (scrollBtm - YAHOO.util.Region.getRegion( ads.boxes.parentNode.parentNode ).top + ( (OB &amp;&amp; OB.Bar) ? 40 : 5 )) + 'px' ); YAHOO.util.Dom.setStyle( ads.boxes.parentNode.parentNode, 'height', (scrollBtm + 5) + 'px' ); } else { YAHOO.util.Dom.setStyle( ads.ad, 'position', 'fixed' ); YAHOO.util.Dom.setStyle( ads.ad, 'top', (OB &amp;&amp; OB.Bar) ? '40px' : '5px' ); } } else { YAHOO.util.Dom.setStyle( ads.ad, 'position', 'absolute' ); YAHOO.util.Dom.setStyle( ads.ad, 'top', (YAHOO.util.Region.getRegion( ads.boxesbox2dp ).top - YAHOO.util.Region.getRegion( ads.boxes.parentNode.parentNode ).top) + 'px' ); } if (YAHOO.env.ua.ie !== 0) { YAHOO.util.Dom.setStyle( ads.ad, 'left', 0 ); } }, { boxes: adboxes, ad: ad, sticky: sticky } ); } } ); //]]&gt;</s>
  </text>
</page>
