<?xml version="1.0" encoding="UTF-8"?>
<!DOCTYPE page SYSTEM "page.dtd">
<page>
  <lang>fr</lang>
  <url>http://www.agenda-strasbourg.eu/url-1--semaine.html</url>
  <title>Semaine - Strasbourg Agenda - les événements de la ville de ...</title>
  <snippet>
    <s>Strasbourg Agenda - les événements de la ville de Strasbourg </s>
  </snippet>
  <text>
    <s>Aujourd'hui Semaine Contact</s>
    <s>mardi 18/10</s>
    <s>RETROUVEZ DES EVENEMENTS SUR NOTRE PAGE FACEBOOK</s>
    <s>Agenda Facebook</s>
    <s>mardi 18/10</s>
    <s>Cathale / ouverte tous les jours de 7h 1h20/ 12h35 9h</s>
    <s>mardi 18/10</s>
    <s>MARCHES STRASBOURGEOIS</s>
    <s>Lieu &amp; horaires</s>
    <s>mardi 18/10</s>
    <s>8h 8h</s>
    <s>la deuxi tion de Cogito ExpoPartagez, collaborez : l'information au coeur de votre dloppement</s>
    <s>Palais des Congr/a&gt;</s>
    <s>mardi 18/10</s>
    <s>RDV BROCANTES - VIDE GRENIERS - MARCHES AUX PUCES</s>
    <s>[Bas Rhin</s>
    <s>mardi 18/10</s>
    <s>Offres d'emploi dans le Bas-Rhin</s>
    <s>info lien</s>
    <s>mardi 18/10</s>
    <s>L agenda des ateliers des mathes</s>
    <s>info lien</s>
    <s>mardi 18/10</s>
    <s>10h et 11h30</s>
    <s>Visite guidde la coupole de l'observatoire</s>
    <s>mardi 18/10</s>
    <s>LA VID DU JOUR</s>
    <s>mardi 18/10</s>
    <s>Horloge astronomique Dles Aps. L'acc'horloge est gratuit les dimanches et jours f</s>
    <s>mardi 18/10</s>
    <s>Rencontre&gt; Philippe Manuvre occasion de la parution de son livre Rocknroll, La discothe rock ide, volume 2</s>
    <s>FNAC Forum</s>
    <s>mardi 18/10</s>
    <s>CINE MARDIS</s>
    <s>Mathe Malraux</s>
    <s>mardi 18/10</s>
    <s>RENCONTRE Michel Dluy, auteur de LEuro est-il un ec</s>
    <s>Librairie Kleber</s>
    <s>mardi 18/10</s>
    <s>CONFENCE /LES PUBLICS DES FESTIVALS (LEXPIENCE DES FESTIVALIERS)</s>
    <s>mardi 18/10</s>
    <s>Cafssentiel sont des rencontres transdisciplinaires ouvertes ous. nimar : Richard Welter - Professeur a faculte chimie - Universite Strasbourg</s>
    <s>Artichaut cafa&gt;</s>
    <s>mardi 18/10</s>
    <s>CONFERENCE inaugurale &quot; La Culture en festivals &quot;Cycle de confnces culture 2010 - 2012 premier volet de 5 confnces associant chercheurs, artistes et professionnels de la culture va permettre de s'intsser aux raisons de l'engouement du public, notamment en France, pour le festival mais aussi sur les attentes qu'il suscite</s>
    <s>mardi 18/10</s>
    <s>!magazine d'actualitonale</s>
    <s>info lien</s>
    <s>mardi 18/10</s>
    <s>Jeannette et les Cycleux</s>
    <s>mardi 18/10</s>
    <s>APO CONCERT LUCKY DRAGONS</s>
    <s>POLE SUD</s>
    <s>mardi 18/10</s>
    <s>Filmer les arts /Archipels Nitrate de Claudio Pazienza, 2009 / 'auditorium des Mus</s>
    <s>mardi 18/10</s>
    <s>CINEMA Horaires des sces (Odyss Star/ Saint Ex/ UGC/ Vox )</s>
    <s>info lien</s>
    <s>mardi 18/10</s>
    <s>PAIN (SWE) + guest</s>
    <s>La Laiterie</s>
    <s>mardi 18/10</s>
    <s>CONCERT Lenny Kravitz &quot;Black &amp; White&quot;</s>
    <s>mardi 18/10</s>
    <s>THEATRE :&quot;Ce qui lue, ce qui demeure&quot; Crion avec les comens de la troupe du TNS</s>
    <s>mardi 18/10</s>
    <s>M2 - Compagnie EAEO (cirque)</s>
    <s>mardi 18/10</s>
    <s>PAIN (SWE) 22h15 sur sc + ENGEL (SWE) 21h10-21h50 + TURMION KIL (FL) 20h20-20h50</s>
    <s>mardi 18/10</s>
    <s>KARKWA (CA) 21h50 sur sc + MARS RED SKY (F) 20h30-21h30 - Club</s>
    <s>mardi 18/10</s>
    <s>Lecture : LECTURE ET CHANT PAR ALAIN LIGIER</s>
    <s>Mathe Neudorf</s>
    <s>mardi 18/10</s>
    <s>SPECTACLE &quot;Le Grandiloquent Moustache Poe Club&quot; Mise en sc de Julie Muller</s>
    <s>mardi 18/10</s>
    <s>Soirde Gala avec ANTHONY KAVANAGH FESTIVAL D HUMOUR &quot;DROLES DE ZEBRES&quot;</s>
    <s>Palais des Fs</s>
    <s>mardi 18/10</s>
    <s>Musique Classique /2011 : Bicentenaire Franz Liszt (1811-1886)</s>
    <s>mardi 18/10</s>
    <s>Emilie et Yuko</s>
    <s>Artichaut cafa&gt;</s>
    <s>mardi 18/10</s>
    <s>Thre Les gens disonnables sont en voie de disparition Compagnie Coup de Thre</s>
    <s>mardi 18/10</s>
    <s>THEATRE / ON NEST PAS LPOUR (DISPARARE) daprOlivia Rosenthal</s>
    <s>Taps Scala</s>
    <s>mardi 18/10</s>
    <s>SPECTACLE &quot;Congo My Body &quot; COMPAGNIE KAZYADANCE D.KAZADI, S. AMISI ET Y. MULAMBA</s>
    <s>TJP GRANDE SCE</s>
    <s>mardi 18/10</s>
    <s>Karaokive avec Les Morhits Voilne soirspale pour les amateurs du micro et chanteurs de &quot;sous-la-douche&quot; !</s>
    <s>mercredi 19/10</s>
    <s>de l'INET &quot;La mobilites fonctionnaires territoriaux en Europe et 'international&quot; Inscription avant le 30 septembre 2011.</s>
    <s>info lien</s>
    <s>mercredi 19/10</s>
    <s>RETROUVEZ DES EVENEMENTS SUR NOTRE PAGE FACEBOOK</s>
    <s>Agenda Facebook</s>
    <s>mercredi 19/10</s>
    <s>Klangwelten Festival 25 Festival des musiques du monde La Tourndu jubilspan&gt;</s>
    <s>mercredi 19/10</s>
    <s>Cathale / ouverte tous les jours de 7h 1h20/ 12h35 9h</s>
    <s>mercredi 19/10</s>
    <s>MARCHES STRASBOURGEOIS</s>
    <s>Lieu &amp; horaires</s>
    <s>mercredi 19/10</s>
    <s>RDV BROCANTES - VIDE GRENIERS - MARCHES AUX PUCES</s>
    <s>Bas Rhin</s>
    <s>mercredi 19/10</s>
    <s>Offres d'emploi dans le Bas-Rhin</s>
    <s>info lien</s>
    <s>mercredi 19/10</s>
    <s>L agenda des ateliers des mathes</s>
    <s>info lien</s>
    <s>mercredi 19/10</s>
    <s>10h et 11h30</s>
    <s>Visite guidde la coupole de l'observatoire</s>
    <s>mercredi 19/10</s>
    <s>10h et 14h</s>
    <s>jeune public ateliers RESPONSABILISER ET SENSIBILISER LES ENFANTS AUX DANGERS DINTERNET</s>
    <s>Mathe Hautepierre</s>
    <s>mercredi 19/10</s>
    <s>Duvrez avec vos enfants / films 3D / animations scientifiques/Sciences roquer / expositions</s>
    <s>le Vaisseau</s>
    <s>mercredi 19/10</s>
    <s>Jeune public contes et spectacles HEURE DU CONTE</s>
    <s>Mathe Sud</s>
    <s>mercredi 19/10</s>
    <s>LES AVENTURIERS DU MERCREDI Jeune public contes et spectacles</s>
    <s>Mathe Ouest</s>
    <s>mercredi 19/10</s>
    <s>CONTES GOURMANDS Jeune public contes et spectacles</s>
    <s>Mathe Hautepierre</s>
    <s>mercredi 19/10</s>
    <s>HEURE DU CONTE Jeune public contes et spectacles</s>
    <s>Mathe Centre ville</s>
    <s>mercredi 19/10</s>
    <s>THEATRE &quot;Berceuses Kitoko&quot; Crion TJP Mise en sc : Hne Hamon(Tout public d2 ans)</s>
    <s>TJP PETITE SCE</s>
    <s>mercredi 19/10</s>
    <s>LA VID DU JOUR</s>
    <s>mercredi 19/10</s>
    <s>Horloge astronomique Dles Aps. L'acc'horloge est gratuit les dimanches et jours f</s>
    <s>mercredi 19/10</s>
    <s>Visites des expositions / Quand la science mesurait les esprits</s>
    <s>mercredi 19/10</s>
    <s>Une heure / une oeuvre : Dans le cadre de l'exposition Strasbourg-Argentorate </s>
    <s>mercredi 19/10</s>
    <s>LA BOBINE DU MERCREDI Le rendez-vous cintographique des enfants</s>
    <s>Mathe Neudorf</s>
    <s>mercredi 19/10</s>
    <s>HEURE DU CONTE Jeune public contes et spectacles</s>
    <s>Mathe Neuhof</s>
    <s>mercredi 19/10</s>
    <s>Contes en famille, &quot;Sur les rives du fleuve Cong&quot;o de 3 ans &gt;11 ans</s>
    <s>mercredi 19/10</s>
    <s>Musique :BURIDANE</s>
    <s>Mathe Sud</s>
    <s>mercredi 19/10</s>
    <s>La Fanfare Confiance de Kinshasa a Fnac Strasbourg</s>
    <s>info lien</s>
    <s>mercredi 19/10</s>
    <s>Le cafhilo de Strasbourg</s>
    <s>Snack Michel</s>
    <s>mercredi 19/10</s>
    <s>CONCERT / Faust, littture et op / Autour de l'exposition l'Europe des Esprits .</s>
    <s>Auditorium des Mus</s>
    <s>mercredi 19/10</s>
    <s>ACTU / SPORT / HUMOUR / CULTURE / ARTICLES</s>
    <s>mercredi 19/10</s>
    <s>!magazine d'actualitonale</s>
    <s>info lien</s>
    <s>mercredi 19/10</s>
    <s>CONCERT CONQUERING ANIMAL SOUNDS / ECTRO + POP</s>
    <s>mercredi 19/10</s>
    <s>CINEMA Horaires des sces (Odyss Star/ Saint Ex/ UGC/ Vox )</s>
    <s>info lien</s>
    <s>mercredi 19/10</s>
    <s>CONFERENCE / interactive de lAtelier Urbain : Formes et silhouetes urbaines: quelle ville aimerions-nous voir demain?</s>
    <s>info lien</s>
    <s>mercredi 19/10</s>
    <s>THEATRE :&quot;Ce qui lue, ce qui demeure&quot; Crion avec les comens de la troupe du TNS</s>
    <s>mercredi 19/10</s>
    <s>ASSEMBLEE GENERALE : Date butoire le 18 decembre</s>
    <s>mercredi 19/10</s>
    <s>dEUS (BE) 21h30 sur sc + BALTHAZAR (BE)20h30-21h10</s>
    <s>mercredi 19/10</s>
    <s>30e lectures Citoyennes sur : Concilier dcratie et dloppement nomique, un enjeu d'actualit</s>
    <s>Maison des Associations</s>
    <s>mercredi 19/10</s>
    <s>SPECTACLE &quot;Le Grandiloquent Moustache Poe Club&quot; Mise en sc de Julie Muller</s>
    <s>mercredi 19/10</s>
    <s>FESTIVAL D HUMOUR DROLES DE ZEBRES avec LES ZAPPEURS YOHANN METAY BTRICE FACQUER WALTER</s>
    <s>Palais des Fs</s>
    <s>mercredi 19/10</s>
    <s>Concert Duverte / Buridane</s>
    <s>mercredi 19/10</s>
    <s>Thre Les gens disonnables sont en voie de disparition Compagnie Coup de Thre</s>
    <s>mercredi 19/10</s>
    <s>THEATRE / ON NEST PAS LPOUR (DISPARARE) daprOlivia Rosenthal</s>
    <s>Taps Scala</s>
    <s>mercredi 19/10</s>
    <s>tim holehouse (UK) LIVE</s>
    <s>Mudd club</s>
    <s>mercredi 19/10</s>
    <s>soir DANSE ROCKETTE . Rock'n'roll, swing, lindy hop, twist, boogie, jive.</s>
    <s>Bar La Passerelle</s>
    <s>jeudi 20/10</s>
    <s>de l'INET &quot;La mobilites fonctionnaires territoriaux en Europe et 'international&quot; Inscription avant le 30 septembre 2011.</s>
    <s>info lien</s>
    <s>jeudi 20/10</s>
    <s>RETROUVEZ DES EVENEMENTS SUR NOTRE PAGE FACEBOOK</s>
    <s>Agenda Facebook</s>
    <s>jeudi 20/10</s>
    <s>Cathale / ouverte tous les jours de 7h 1h20/ 12h35 9h</s>
    <s>jeudi 20/10</s>
    <s>MARCHES STRASBOURGEOIS</s>
    <s>Lieu &amp; horaires</s>
    <s>jeudi 20/10</s>
    <s>RDV BROCANTES - VIDE GRENIERS - MARCHES AUX PUCES</s>
    <s>Bas Rhin</s>
    <s>jeudi 20/10</s>
    <s>9h 7h</s>
    <s>La Ville de Strasbourg organise un colloque intitul Du sexisme aux violences sexuelles : causes, consences et modalitdactions</s>
    <s>cite la musique</s>
    <s>jeudi 20/10</s>
    <s>Offres d'emploi dans le Bas-Rhin</s>
    <s>info lien</s>
    <s>jeudi 20/10</s>
    <s>L agenda des ateliers des mathes</s>
    <s>info lien</s>
    <s>jeudi 20/10</s>
    <s>10h et 11h30</s>
    <s>Visite guidde la coupole de l'observatoire</s>
    <s>jeudi 20/10</s>
    <s>Horloge astronomique Dles Aps. L'acc'horloge est gratuit les dimanches et jours f</s>
    <s>jeudi 20/10</s>
    <s>LA VID DU JOUR</s>
    <s>jeudi 20/10</s>
    <s>RENCONTRE/ Anne Nivat</s>
    <s>Librairie Kleber</s>
    <s>jeudi 20/10</s>
    <s>vernissage de lexposition daux sculptures dAlexander Ketele et de Gauthier.</s>
    <s>Radial Art Contemporain</s>
    <s>jeudi 20/10</s>
    <s>Confnce &quot;La statistique: maise des chiffres ou manipulation?&quot; / Auditorium</s>
    <s>jeudi 20/10</s>
    <s>Atelier adultes &quot;Graver ses caprices&quot;</s>
    <s>jeudi 20/10</s>
    <s>18 H 45</s>
    <s>Rencontre avec Hne Lenoir</s>
    <s>Librairie quai des Brumes</s>
    <s>jeudi 20/10</s>
    <s>!magazine d'actualitonale</s>
    <s>info lien</s>
    <s>jeudi 20/10</s>
    <s>Les soir de la Maison de l'image / L'heure de la piscine /Les sidntes/Entrlibre /// En partenariat avec l'Ina et Stimultania</s>
    <s>Maison de l'image</s>
    <s>jeudi 20/10</s>
    <s>Le temps d'une rencontre : La photographie et l'occulte</s>
    <s>jeudi 20/10</s>
    <s>RENCONTRE/ Michel Schneider</s>
    <s>Librairie Kleber</s>
    <s>jeudi 20/10</s>
    <s>CINEMA Horaires des sces (Odyss Star/ Saint Ex/ UGC/ Vox )</s>
    <s>info lien</s>
    <s>jeudi 20/10</s>
    <s>THEATRE :&quot;Ce qui lue, ce qui demeure&quot; Crion avec les comens de la troupe du TNS</s>
    <s>jeudi 20/10</s>
    <s>ANNULE - YUKSEK live (F) REPORTE AU 03 FEVRIER 2012 -</s>
    <s>jeudi 20/10</s>
    <s>NADEAH (AUS) 21h30 sur sc + LISA PORTELLI (F)20h30-21h10 - prnt par Zamora Productions - Club</s>
    <s>jeudi 20/10</s>
    <s>CYCLE &quot;Les ans du grand &quot; Place du Marchntrlibre</s>
    <s>Mathe Neudorf</s>
    <s>jeudi 20/10</s>
    <s>CONCERT /Sainct Laurens / Pierre-Yves Martel, viole de gambe, feedback Philippe Lauzier, clarinette basse</s>
    <s>Auditorium des Mus</s>
    <s>jeudi 20/10</s>
    <s>Jeudi c'est boeufjam session entrlibre</s>
    <s>Artichaut cafa&gt;</s>
    <s>jeudi 20/10</s>
    <s>SPECTACLE &quot;Le Grandiloquent Moustache Poe Club&quot; Mise en sc de Julie Muller</s>
    <s>jeudi 20/10</s>
    <s>CONCERT Orchestre Philarmonique Correspondances - Satie | Ayres | Brahms</s>
    <s>Palais des Congr/a&gt;</s>
    <s>jeudi 20/10</s>
    <s>FESTIVAL D HUMOUR DROLES DE ZEBRES / avec SoirCoup de Coeur / Nicole Ferroni/ Pierre Aucaigne</s>
    <s>[Palais des Fs</s>
    <s>jeudi 20/10</s>
    <s>Thre / Eaux-les-Bains</s>
    <s>jeudi 20/10</s>
    <s>Thre Les gens disonnables sont en voie de disparition Compagnie Coup de Thre</s>
    <s>jeudi 20/10</s>
    <s>CONCERT EL CABRERO (ESPAGNE)</s>
    <s>Salle DJANGO REINHARDT</s>
    <s>jeudi 20/10</s>
    <s>CONCERT ZO - ONEFUCKONE - DELACABE</s>
    <s>Hall des Chars</s>
    <s>jeudi 20/10</s>
    <s>THEATRE / ON NEST PAS LPOUR (DISPARARE) daprOlivia Rosenthal</s>
    <s>Taps Scala</s>
    <s>jeudi 20/10</s>
    <s>SPECTACLE &quot;King Kongo &quot; Une scandaleuse revue post-coloniale OBERHOFF &amp; MOUSSEKA, GESIEGEL KULTUR &amp; FANFARE MASOLO</s>
    <s>TJP GRANDE SCE</s>
    <s>jeudi 20/10</s>
    <s>Le Pub Quiz anglaise,Pratiquez votre anglais, testez vos connaissances (Place Austerlitz)</s>
    <s>info lien</s>
    <s>jeudi 20/10</s>
    <s>cara beth satalino (USA) LIVE</s>
    <s>Mudd club</s>
    <s>vendredi 21/10</s>
    <s>!3 i tion MONDIAL de la BIERE STRASBOURG EUROPE 2011</s>
    <s>vendredi 21/10</s>
    <s>RETROUVEZ DES EVENEMENTS SUR NOTRE PAGE FACEBOOK AGENDA STRASBOURG</s>
    <s>AGENDA STRASBOURG</s>
    <s>vendredi 21/10</s>
    <s>Cathale / ouverte tous les jours de 7h 1h20/ 12h35 9h</s>
    <s>vendredi 21/10</s>
    <s>MARCHES STRASBOURGEOIS</s>
    <s>Lieu &amp; horaires</s>
    <s>vendredi 21/10</s>
    <s>RDV BROCANTES - VIDE GRENIERS - MARCHES AUX PUCES</s>
    <s>Bas Rhin</s>
    <s>vendredi 21/10</s>
    <s>Offres d'emploi dans le Bas-Rhin</s>
    <s>info lien</s>
    <s>vendredi 21/10</s>
    <s>10h et 11h30</s>
    <s>Visite guidde la coupole de l'observatoire</s>
    <s>vendredi 21/10</s>
    <s>LA VID DU JOUR</s>
    <s>vendredi 21/10</s>
    <s>Horloge astronomique Dles Aps. L'acc'horloge est gratuit les dimanches et jours f</s>
    <s>vendredi 21/10</s>
    <s>Une heure / une oeuvre : Cagliostro en Alsace</s>
    <s>vendredi 21/10</s>
    <s>Showcase&quot; Imany&quot; en concert acoustique</s>
    <s>FNAC Forum</s>
    <s>vendredi 21/10</s>
    <s>RENCONTRE / Eric-Emmanuel SCHMITT</s>
    <s>Librairie Kleber</s>
    <s>vendredi 21/10</s>
    <s>VERNISSAGE expositions photos a Chambre</s>
    <s>info lien</s>
    <s>vendredi 21/10</s>
    <s>!magazine d'actualitonale</s>
    <s>info lien</s>
    <s>vendredi 21/10</s>
    <s>ACTU / SPORT / HUMOUR / CULTURE / ARTICLES</s>
    <s>vendredi 21/10</s>
    <s>CONFERENCE / La Franc-manerie a lumi de son histoire / par Pierre Mollier.</s>
    <s>Auditorium des Mus</s>
    <s>vendredi 21/10</s>
    <s>CINEMA Horaires des sces (Odyss Star/ Saint Ex/ UGC/ Vox )</s>
    <s>info lien</s>
    <s>vendredi 21/10</s>
    <s>OPERA La Boh Scs lyriques en quatre tableaux Livret de Luigi Illica et G.Giacosa</s>
    <s>op du rhin</s>
    <s>vendredi 21/10</s>
    <s>THEATRE :&quot;Ce qui lue, ce qui demeure&quot; Crion avec les comens de la troupe du TNS</s>
    <s>vendredi 21/10</s>
    <s>SOIREE DEATH GRIND EXHUMED + CEPHALIC CARNAGE + INHUMATE + NEPHREN-KA</s>
    <s>vendredi 21/10</s>
    <s>&quot;LES SOIREES LA&quot; : IMANY (KM) + EDI CASABELLA (F)</s>
    <s>vendredi 21/10</s>
    <s>SPECTACLE &quot;Le Grandiloquent Moustache Poe Club&quot; Mise en sc de Julie Muller</s>
    <s>vendredi 21/10</s>
    <s>concert : June et Lula (musique folk)</s>
    <s>vendredi 21/10</s>
    <s>FESTIVAL D HUMOUR DROLES DE ZEBRES / Soirde Cle avec Okidok + Laurent Chandemerle</s>
    <s>Palais des Fs</s>
    <s>vendredi 21/10</s>
    <s>Thre / Eaux-les-Bains</s>
    <s>vendredi 21/10</s>
    <s>Thre Les gens disonnables sont en voie de disparition Compagnie Coup de Thre</s>
    <s>vendredi 21/10</s>
    <s>Musique : LES VIOLONS BARBAR</s>
    <s>Le Pr/a&gt;</s>
    <s>vendredi 21/10</s>
    <s>FAITES DU THTRE - SCABARET</s>
    <s>[Hall des Chars</s>
    <s>vendredi 21/10</s>
    <s>SPECTACLE &quot;King Kongo &quot; Une scandaleuse revue post-coloniale OBERHOFF &amp; MOUSSEKA, GESIEGEL KULTUR &amp; FANFARE MASOLO</s>
    <s>TJP GRANDE SCE</s>
    <s>vendredi 21/10</s>
    <s>SoirDARK'n'ART VIII Exposition d'Edith Donc &amp; Christ-OFF + DJ Geist</s>
    <s>Bar Elastic</s>
    <s>vendredi 21/10</s>
    <s>Mudd Club Sound System Dj Set (SXB)</s>
    <s>Mudd club</s>
    <s>samedi 22/10</s>
    <s>KRUT'ART LES ARTISTES EXPOSENT LEURS OEUVRES</s>
    <s>Place de Zurich</s>
    <s>samedi 22/10</s>
    <s>!3 i tion MONDIAL de la BIERE STRASBOURG EUROPE 2011</s>
    <s>samedi 22/10</s>
    <s>RETROUVEZ DES EVENEMENTS SUR NOTRE PAGE FACEBOOK</s>
    <s>Agenda Facebook</s>
    <s>samedi 22/10</s>
    <s>Cathale / ouverte tous les jours de 7h 1h20/ 12h35 9h</s>
    <s>samedi 22/10</s>
    <s>MARCHES STRASBOURGEOIS</s>
    <s>Lieu &amp; horaires</s>
    <s>samedi 22/10</s>
    <s>RDV BROCANTES - VIDE GRENIERS - MARCHES AUX PUCES</s>
    <s>Bas Rhin</s>
    <s>samedi 22/10</s>
    <s>Duvrez avec vos enfants / films 3D / animations scientifiques/Sciences roquer / expositions</s>
    <s>le Vaisseau</s>
    <s>samedi 22/10</s>
    <s>Voir les mus autrement : Armoires et tiroirs secrets</s>
    <s>Musde l'Oeuvre Notre-Dame</s>
    <s>samedi 22/10</s>
    <s>RENCONTRE / avec Jean-Frans Kovar et Bernard Xibaut</s>
    <s>Librairie Kleber</s>
    <s>samedi 22/10</s>
    <s>LA VID DU JOUR</s>
    <s>samedi 22/10</s>
    <s>Horloge astronomique Dles Aps. L'acc'horloge est gratuit les dimanches et jours f</s>
    <s>samedi 22/10</s>
    <s>ATELIER DINITIATION AU LANGAGE DANSDE WIM VANDEKEYBUS</s>
    <s>samedi 22/10</s>
    <s>RDV Cafontact de l'Emploi / CANDIDATS ET ENTREPRISES,</s>
    <s>CAFE BRANT</s>
    <s>samedi 22/10</s>
    <s>Le temps d'une rencontre : Les Frs ris</s>
    <s>samedi 22/10</s>
    <s>Ateliers : Atelier 7 / 12 ans &quot;La chapelle sixtine du XXe sie&quot;</s>
    <s>Aubette 1928</s>
    <s>samedi 22/10</s>
    <s>Spectacles :GRAND-ME, GRAND-PE, RACONTEZ-NOUS LES DOUCEURS DANTAN !</s>
    <s>Mathe Neudorf</s>
    <s>samedi 22/10</s>
    <s>Lecture :TERRINE DE LIVRES HISTOIRES DU CHEF</s>
    <s>Mathe Meinau</s>
    <s>samedi 22/10</s>
    <s>GRAND-ME, GRAND-PE, RACONTEZ-NOUS LES DOUCEURS DANTANJeune public contes et spectacles</s>
    <s>Mathe Neudorf</s>
    <s>samedi 22/10</s>
    <s>RENCONTRE/ Patrice let Rosalinde Bonnet</s>
    <s>Librairie Kleber</s>
    <s>samedi 22/10</s>
    <s>RENCONTRE/ Jacques-Alain Miller</s>
    <s>Librairie Kleber</s>
    <s>samedi 22/10</s>
    <s>Weepers Circus en concert acoustique a Fnac Strasbourg</s>
    <s>info lien</s>
    <s>samedi 22/10</s>
    <s>RENCONTRE / LEUROPE Des esprIts</s>
    <s>Librairie Kleber</s>
    <s>samedi 22/10</s>
    <s>CINEMA Horaires des sces (Odyss Star/ Saint Ex/ UGC/ Vox )</s>
    <s>info lien</s>
    <s>samedi 22/10</s>
    <s>THEATRE :&quot;Ce qui lue, ce qui demeure&quot; Crion avec les comens de la troupe du TNS</s>
    <s>samedi 22/10</s>
    <s>SOIREE SKA PUNK FESTIF LOS TRES PUNTOS + DIVING FOR SUNTES TREASURE</s>
    <s>samedi 22/10</s>
    <s>SPECTACLE &quot;Le Grandiloquent Moustache Poe Club&quot; Mise en sc de Julie Muller</s>
    <s>samedi 22/10</s>
    <s>Concert : &quot;L&quot; (chanson franse)</s>
    <s>samedi 22/10</s>
    <s>Los Disidentes Del Sucio Motel (SXB)+Flashflacon (Lyon) LIVE</s>
    <s>Mudd club</s>
    <s>samedi 22/10</s>
    <s>Humour / Carte blanche stien Bizzotto</s>
    <s>samedi 22/10</s>
    <s>Thre Les gens disonnables sont en voie de disparition Compagnie Coup de Thre</s>
    <s>samedi 22/10</s>
    <s>CONCERT LA POCHE A SONS / Salle de spectacle</s>
    <s>Hall des Chars</s>
    <s>samedi 22/10</s>
    <s>Lubenica en concert</s>
    <s>Artichaut cafa&gt;</s>
    <s>dimanche 23/10</s>
    <s>KRUT'ART LES ARTISTES EXPOSENT LEURS OEUVRES</s>
    <s>Place de Zurich</s>
    <s>dimanche 23/10</s>
    <s>!3 i tion MONDIAL de la BIERE STRASBOURG EUROPE 2011</s>
    <s>dimanche 23/10</s>
    <s>RETROUVEZ DES EVENEMENTS SUR NOTRE PAGE FACEBOOK</s>
    <s>Agenda Facebook</s>
    <s>dimanche 23/10</s>
    <s>A VOIR</s>
    <s>EXPOSITION / l'occasion du 200e anniversaire de la fondation de la loge strasbourgeoise, le MusHistorique de la Ville de Strasbourg et les Frs Ris ont souhaitaire duvrir la manerie strasbourgeoise au XIXe sie.</s>
    <s>dimanche 23/10</s>
    <s>Cathale / ouverte tous les jours de 7h 1h20/ 12h35 9h</s>
    <s>dimanche 23/10</s>
    <s>BROCANTES - VIDE GRENIERS - MARCHES AUX PUCES</s>
    <s>Bas Rhin</s>
    <s>dimanche 23/10</s>
    <s>8h 0h</s>
    <s>Bourse aux pis de v (14 rue du Grand Couronn/span&gt;</s>
    <s>dimanche 23/10</s>
    <s>9H 2H</s>
    <s>Rion Philatque au restaurant la Ville de B</s>
    <s>place d'Austerlitz</s>
    <s>dimanche 23/10</s>
    <s>Duvrez avec vos enfants / films 3D / animations scientifiques/Sciences roquer / expositions</s>
    <s>le Vaisseau</s>
    <s>dimanche 23/10</s>
    <s>30e dimanche du temps ordinaire Pascal REBER est aux Grandes Orgues , Wupperthaler Kammerchor</s>
    <s>dimanche 23/10</s>
    <s>Visites des expositions : Le go la nature</s>
    <s>Musdes Beaux-Arts</s>
    <s>dimanche 23/10</s>
    <s>LA VID DU JOUR</s>
    <s>dimanche 23/10</s>
    <s>Horloge astronomique Dles Aps. L'acc'horloge est gratuit les dimanches et jours f</s>
    <s>dimanche 23/10</s>
    <s>Horloge astronomique Dles Aps tous les jours 2H30. L'acc'horloge est gratuit les dimanches et jours f</s>
    <s>dimanche 23/10</s>
    <s>14h et 15h30</s>
    <s>Visite guidde la coupole de l'observatoire</s>
    <s>dimanche 23/10</s>
    <s>OPERA La Boh Scs lyriques en quatre tableaux Livret de Luigi Illica et G.Giacosa</s>
    <s>op du rhin</s>
    <s>dimanche 23/10</s>
    <s>Activiten famille : Sorcis, anges et dns</s>
    <s>dimanche 23/10</s>
    <s>Thre Les gens disonnables sont en voie de disparition Compagnie Coup de Thre</s>
    <s>dimanche 23/10</s>
    <s>THTRE &quot;Kinsiona&quot; ESPACE MASOLO TEXTE ET INTERPRATION : HUBERT MAHELA</s>
    <s>TJP PETITE SCE</s>
    <s>dimanche 23/10</s>
    <s>CINEMA Horaires des sces (Odyss Star/ Saint Ex/ UGC/ Vox )</s>
    <s>info lien</s>
    <s>dimanche 23/10</s>
    <s>SOIREE HIPHOP INDE BUSDRIVER + LOUIS LOGIC + CESHI RAMOS + ABSTRAKT WORMZ</s>
    <s>dimanche 23/10</s>
    <s>concert : Jacques Schwartz-Bart - Rise Above (musique, jaz)</s>
    <s>dimanche 23/10</s>
    <s>Congo (France)</s>
    <s>Mudd club</s>
    <s>lundi 24/10</s>
    <s>!SESSION PLENIERE DU PARLEMENT EUROPEEN</s>
    <s>lundi 24/10</s>
    <s>!3 i tion MONDIAL de la BIERE STRASBOURG EUROPE 2011</s>
    <s>lundi 24/10</s>
    <s>RETROUVEZ DES EVENEMENTS SUR NOTRE PAGE FACEBOOK</s>
    <s>Agenda Facebook</s>
    <s>lundi 24/10</s>
    <s>Cathale / ouverte tous les jours de 7h 1h20/ 12h35 9h</s>
    <s>lundi 24/10</s>
    <s>MARCHES STRASBOURGEOIS</s>
    <s>Lieu &amp; horaires</s>
    <s>lundi 24/10</s>
    <s>RDV BROCANTES - VIDE GRENIERS - MARCHES AUX PUCES</s>
    <s>Bas Rhin</s>
    <s>lundi 24/10</s>
    <s>Offres d'emploi dans le Bas-Rhin</s>
    <s>info lien</s>
    <s>lundi 24/10</s>
    <s>L agenda des ateliers des mathes</s>
    <s>info lien</s>
    <s>lundi 24/10</s>
    <s>10h et 11h30</s>
    <s>Visite guidde la coupole de l'observatoire</s>
    <s>lundi 24/10</s>
    <s>LA VID DU JOUR</s>
    <s>lundi 24/10</s>
    <s>Horloge astronomique Dles Aps. L'acc'horloge est gratuit les dimanches et jours f</s>
    <s>lundi 24/10</s>
    <s>CONSEIL MUNICIPAL VILLE DE STRASBOURG</s>
    <s>Centre Administratif</s>
    <s>lundi 24/10</s>
    <s>Les uvres majeures : Collections du Musalsacien</s>
    <s>lundi 24/10</s>
    <s>ACTU / SPORT / HUMOUR / CULTURE / ARTICLES</s>
    <s>lundi 24/10</s>
    <s>!magazine d'actualitonale</s>
    <s>info lien</s>
    <s>lundi 24/10</s>
    <s>CINEMA Horaires des sces (Odyss Star/ Saint Ex/ UGC/ Vox )</s>
    <s>info lien</s>
    <s>lundi 24/10</s>
    <s>SOIREE FANFARE LA FANFARE EN PETARD + LES TOUFFES KRETIENNES</s>
    <s>lundi 24/10</s>
    <s>MAGNetix (Born Bad Rec./France) LIVE</s>
    <s>Mudd club</s>
    <s>mardi 25/10</s>
    <s>!SESSION PLENIERE DU PARLEMENT EUROPEEN</s>
    <s>mardi 25/10</s>
    <s>RETROUVEZ DES EVENEMENTS SUR NOTRE PAGE FACEBOOK</s>
    <s>Agenda Facebook</s>
    <s>mardi 25/10</s>
    <s>Cathale / ouverte tous les jours de 7h 1h20/ 12h35 9h</s>
    <s>mardi 25/10</s>
    <s>MARCHES STRASBOURGEOIS</s>
    <s>Lieu &amp; horaires</s>
    <s>mardi 25/10</s>
    <s>RDV BROCANTES - VIDE GRENIERS - MARCHES AUX PUCES</s>
    <s>Bas Rhin</s>
    <s>mardi 25/10</s>
    <s>Offres d'emploi dans le Bas-Rhin</s>
    <s>info lien</s>
    <s>mardi 25/10</s>
    <s>L agenda des ateliers des mathes</s>
    <s>info lien</s>
    <s>mardi 25/10</s>
    <s>10h et 11h30</s>
    <s>Visite guidde la coupole de l'observatoire</s>
    <s>mardi 25/10</s>
    <s>LA VID DU JOUR</s>
    <s>mardi 25/10</s>
    <s>Horloge astronomique Dles Aps. L'acc'horloge est gratuit les dimanches et jours f</s>
    <s>mardi 25/10</s>
    <s>CINE MARDIS</s>
    <s>Mathe Malraux</s>
    <s>mardi 25/10</s>
    <s>!magazine d'actualitonale</s>
    <s>info lien</s>
    <s>mardi 25/10</s>
    <s>VISITE-DANS AVEC Marjorie Burger-Chassignet de la Compagnie SomeBody</s>
    <s>mardi 25/10</s>
    <s>Jeannette et les Cycleux</s>
    <s>mardi 25/10</s>
    <s>CINEMA / Searching for Space. On the Architect Herman Hertzberger / de Kees Hin, 2010, 1h13</s>
    <s>Auditorium des Mus</s>
    <s>mardi 25/10</s>
    <s>caflinguistiques rir autour dun verre des personnes de diffntes nationalitpour parler ensemble. gratuit sauf consommations;(place St enne FEC)</s>
    <s>mardi 25/10</s>
    <s>CINEMA Horaires des sces (Odyss Star/ Saint Ex/ UGC/ Vox )</s>
    <s>[info lien</s>
    <s>mardi 25/10</s>
    <s>SoirJeux avec l'ipe de Philibert</s>
    <s>mardi 25/10</s>
    <s>THEATRE :&quot;Ce qui lue, ce qui demeure&quot; Crion avec les comens de la troupe du TNS</s>
    <s>mardi 25/10</s>
    <s>SOIREE DE MERDE JUSTIN(E) + WANK FOR PEACE + SANTA CRUZ</s>
    <s>mardi 25/10</s>
    <s>DELS (UK) 21h50 sur sc + ART DISTRICT (F) 20h30-21h30 - Club</s>
    <s>mardi 25/10</s>
    <s>CONCERT: Vijay Iyer trio ( musique, jazz)</s>
    <s>mardi 25/10</s>
    <s>Les Boycotteurs (SXB)</s>
    <s>Mudd club</s>
    <s>mercredi 26/10</s>
    <s>!SESSION PLENIERE DU PARLEMENT EUROPEEN</s>
    <s>mercredi 26/10</s>
    <s>RETROUVEZ DES EVENEMENTS SUR NOTRE PAGE FACEBOOK</s>
    <s>Agenda Facebook</s>
    <s>mercredi 26/10</s>
    <s>A VOIR</s>
    <s>EXPOSITION / l'occasion du 200e anniversaire de la fondation de la loge strasbourgeoise, le MusHistorique de la Ville de Strasbourg et les Frs Ris ont souhaitaire duvrir la manerie strasbourgeoise au XIXe sie.</s>
    <s>mercredi 26/10</s>
    <s>Cathale / ouverte tous les jours de 7h 1h20/ 12h35 9h</s>
    <s>mercredi 26/10</s>
    <s>MARCHES STRASBOURGEOIS</s>
    <s>Lieu &amp; horaires</s>
    <s>mercredi 26/10</s>
    <s>RDV BROCANTES - VIDE GRENIERS - MARCHES AUX PUCES</s>
    <s>Bas Rhin</s>
    <s>mercredi 26/10</s>
    <s>Offres d'emploi dans le Bas-Rhin</s>
    <s>info lien</s>
    <s>mercredi 26/10</s>
    <s>L agenda des ateliers des mathes</s>
    <s>info lien</s>
    <s>mercredi 26/10</s>
    <s>10h et 11h30</s>
    <s>Visite guidde la coupole de l'observatoire</s>
    <s>mercredi 26/10</s>
    <s>10h et 14h</s>
    <s>jeune public ateliers RESPONSABILISER ET SENSIBILISER LES ENFANTS AUX DANGERS DINTERNET</s>
    <s>Mathe Hautepierre</s>
    <s>mercredi 26/10</s>
    <s>Duvrez avec vos enfants / films 3D / animations scientifiques/Sciences roquer / expositions</s>
    <s>le Vaisseau</s>
    <s>mercredi 26/10</s>
    <s>Jeune public contes et spectacles HEURE DU CONTE</s>
    <s>Mathe Sud</s>
    <s>mercredi 26/10</s>
    <s>BILBO LE HOBBIT Jeune public contes et spectacles (D5 ans)</s>
    <s>Mathe Sud</s>
    <s>mercredi 26/10</s>
    <s>HEURE DU CONTE Jeune public contes et spectacles</s>
    <s>Mathe Meinau</s>
    <s>mercredi 26/10</s>
    <s>LA VID DU JOUR</s>
    <s>mercredi 26/10</s>
    <s>Horloge astronomique Dles Aps. L'acc'horloge est gratuit les dimanches et jours f</s>
    <s>mercredi 26/10</s>
    <s>Spectacles :COULEURS CORBEAU AVEC MARIE MICHEL</s>
    <s>Mathe Neuhof</s>
    <s>mercredi 26/10</s>
    <s>Le cafhilo de Strasbourg</s>
    <s>Snack Michel</s>
    <s>mercredi 26/10</s>
    <s>Les mercredis de la vidhe en oct:John Cassavetes / nov:Berlin-Stettin / dec:Last Train Home</s>
    <s>Maison de limage</s>
    <s>mercredi 26/10</s>
    <s>Rencontre avec Alexis Jenni</s>
    <s>Librairie quai des Brumes</s>
    <s>mercredi 26/10</s>
    <s>ACTU / SPORT / HUMOUR / CULTURE / ARTICLES</s>
    <s>mercredi 26/10</s>
    <s>!magazine d'actualitonale</s>
    <s>info lien</s>
    <s>mercredi 26/10</s>
    <s>CINEMA Horaires des sces (Odyss Star/ Saint Ex/ UGC/ Vox )</s>
    <s>info lien</s>
    <s>mercredi 26/10</s>
    <s>THEATRE :&quot;Ce qui lue, ce qui demeure&quot; Crion avec les comens de la troupe du TNS</s>
    <s>mercredi 26/10</s>
    <s>Rob Moir (Canada)+Secretive (Sxb)</s>
    <s>Mudd club</s>
    <s>mercredi 26/10</s>
    <s>soir DANSE ROCKETTE . Rock'n'roll, swing, lindy hop, twist, boogie, jive.</s>
    <s>Bar La Passerelle</s>
    <s>jeudi 27/10</s>
    <s>!SESSION PLENIERE DU PARLEMENT EUROPEEN</s>
    <s>jeudi 27/10</s>
    <s>RETROUVEZ DES EVENEMENTS SUR NOTRE PAGE FACEBOOK</s>
    <s>Agenda Facebook</s>
    <s>jeudi 27/10</s>
    <s>Cathale / ouverte tous les jours de 7h 1h20/ 12h35 9h</s>
    <s>jeudi 27/10</s>
    <s>MARCHES STRASBOURGEOIS</s>
    <s>Lieu &amp; horaires</s>
    <s>jeudi 27/10</s>
    <s>RDV BROCANTES - VIDE GRENIERS - MARCHES AUX PUCES</s>
    <s>Bas Rhin</s>
    <s>jeudi 27/10</s>
    <s>Offres d'emploi dans le Bas-Rhin</s>
    <s>info lien</s>
    <s>jeudi 27/10</s>
    <s>L agenda des ateliers des mathes</s>
    <s>info lien</s>
    <s>jeudi 27/10</s>
    <s>10h et 11h30</s>
    <s>Visite guidde la coupole de l'observatoire</s>
    <s>jeudi 27/10</s>
    <s>LA VID DU JOUR</s>
    <s>jeudi 27/10</s>
    <s>Horloge astronomique Dles Aps. L'acc'horloge est gratuit les dimanches et jours f</s>
    <s>jeudi 27/10</s>
    <s>!magazine d'actualitonale</s>
    <s>info lien</s>
    <s>jeudi 27/10</s>
    <s>HIPPIES' HARDCORE FALCOM + ANARCHIV SOUND SYSTEM</s>
    <s>jeudi 27/10</s>
    <s>CINEMA Horaires des sces (Odyss Star/ Saint Ex/ UGC/ Vox )</s>
    <s>info lien</s>
    <s>jeudi 27/10</s>
    <s>soirnocturne dHalloween au MAMCS</s>
    <s>info lien</s>
    <s>jeudi 27/10</s>
    <s>THEATRE alsacien &quot;Lieje isch Trumpf&quot; Richard STROH Mise en sc : Pierre SPEGT</s>
    <s>Op du Rhin</s>
    <s>jeudi 27/10</s>
    <s>THEATRE :&quot;Ce qui lue, ce qui demeure&quot; Crion avec les comens de la troupe du TNS</s>
    <s>jeudi 27/10</s>
    <s>FINK (UK) 21h30 sur sc + RACHEL SERMANNI (UK) 20h30-21h10 - prntpar Artefact Prl et Uni-T - club</s>
    <s>jeudi 27/10</s>
    <s>Jeudi c'est boeufjam session entrlibre</s>
    <s>Artichaut cafa&gt;</s>
    <s>jeudi 27/10</s>
    <s>CONCERT Orchestre Philarmonique :L'archet enchant Glinka | Elgar | Tchavski</s>
    <s>[Palais des Congr/a&gt;</s>
    <s>jeudi 27/10</s>
    <s>THTRE &quot;LE GARDIEN DES ES&quot; COMPAGNIE OC&amp;CO;</s>
    <s>jeudi 27/10</s>
    <s>La Cie du RiedEau de la MJC de GERSTHEIM prnte deux pis de FEYDEAU : ON PURGE BEBE et DORMEZ LE JE VEUX</s>
    <s>CUBE NOIR</s>
    <s>jeudi 27/10</s>
    <s>Humour /Jean-Luc Lemoine</s>
    <s>jeudi 27/10</s>
    <s>Humour / Les Jardiniers de limpro</s>
    <s>jeudi 27/10</s>
    <s>Rappel d'air / Spectacle primu Festival Les Devos de lhumour en 2008</s>
    <s>jeudi 27/10</s>
    <s>John Roger Olsson (The Grand Opening/Sweden)</s>
    <s>Mudd club</s>
    <s>vendredi 28/10</s>
    <s>RETROUVEZ DES EVENEMENTS SUR NOTRE PAGE FACEBOOK</s>
    <s>Agenda Facebook</s>
    <s>vendredi 28/10</s>
    <s>Cathale / ouverte tous les jours de 7h 1h20/ 12h35 9h</s>
    <s>vendredi 28/10</s>
    <s>MARCHES STRASBOURGEOIS</s>
    <s>Lieu &amp; horaires</s>
    <s>vendredi 28/10</s>
    <s>RDV BROCANTES - VIDE GRENIERS - MARCHES AUX PUCES</s>
    <s>Bas Rhin</s>
    <s>vendredi 28/10</s>
    <s>Offres d'emploi dans le Bas-Rhin</s>
    <s>info lien</s>
    <s>vendredi 28/10</s>
    <s>9h30 et 10h30</s>
    <s>Jeune public contes et spectacles : DE GRANDES HISTOIRES POUR DES PTITES OREILLES</s>
    <s>Mathe Neudorf</s>
    <s>vendredi 28/10</s>
    <s>10h et 11h30</s>
    <s>Visite guidde la coupole de l'observatoire</s>
    <s>vendredi 28/10</s>
    <s>LA VID DU JOUR</s>
    <s>vendredi 28/10</s>
    <s>Horloge astronomique Dles Aps. L'acc'horloge est gratuit les dimanches et jours f</s>
    <s>vendredi 28/10</s>
    <s>ACTU / SPORT / HUMOUR / CULTURE / ARTICLES</s>
    <s>vendredi 28/10</s>
    <s>!magazine d'actualitonale</s>
    <s>info lien</s>
    <s>vendredi 28/10</s>
    <s>CINEMA Horaires des sces (Odyss Star/ Saint Ex/ UGC/ Vox )</s>
    <s>info lien</s>
    <s>vendredi 28/10</s>
    <s>ERIK TRUFFAZ QUARTET (F)</s>
    <s>La Laiterie</s>
    <s>vendredi 28/10</s>
    <s>MEDI (F)</s>
    <s>La Laiterie club</s>
    <s>vendredi 28/10</s>
    <s>THEATRE alsacien &quot;Lieje isch Trumpf&quot; Richard STROH Mise en sc : Pierre SPEGT</s>
    <s>Op du Rhin</s>
    <s>vendredi 28/10</s>
    <s>ERIK TRUFFAZ QUARTET (F) 21h00 sur sc </s>
    <s>vendredi 28/10</s>
    <s>MEDI (F) 21h30 sur sc + FAT BADGERS (F) 20h30-21h10- club</s>
    <s>vendredi 28/10</s>
    <s>CONCERT Orchestre Philarmonique :L'archet enchant Glinka | Elgar | Tchavski</s>
    <s>Palais des Congr/a&gt;</s>
    <s>vendredi 28/10</s>
    <s>THTRE &quot;LE GARDIEN DES ES&quot; COMPAGNIE OC&amp;CO;</s>
    <s>vendredi 28/10</s>
    <s>La Cie du RiedEau de la MJC de GERSTHEIM prnte deux pis de FEYDEAU : ON PURGE BEBE et DORMEZ LE JE VEUX</s>
    <s>CUBE NOIR</s>
    <s>vendredi 28/10</s>
    <s>CONCERT / Thomas Dutronc plus premi partie</s>
    <s>vendredi 28/10</s>
    <s>Humour /Jean-Luc Lemoine</s>
    <s>vendredi 28/10</s>
    <s>Humour / Les Jardiniers de limpro</s>
    <s>vendredi 28/10</s>
    <s>Le show des Improvisateurs /la rentrpour les Improvisateurs</s>
    <s>Holiday Inn</s>
    <s>vendredi 28/10</s>
    <s>Rappel d'air / Spectacle primu Festival Les Devos de lhumour en 2008</s>
    <s>vendredi 28/10</s>
    <s>HIPHOP LEGENDE REAKWON + REQ</s>
    <s>vendredi 28/10</s>
    <s>Le Cabaret de l'Etrange Pour cbrer Halloween, Au Camionneur accueille Miss Anne Thropy, effeuilleuse burlesque internationale</s>
    <s>vendredi 28/10</s>
    <s>Dj Suspect (Funk League/Favorite Rec./Paris)</s>
    <s>Mudd club</s>
    <s>samedi 29/10</s>
    <s>!Salon Bio &amp; Construction Saine / parc des Expositions WACKEN</s>
    <s>info lien</s>
    <s>samedi 29/10</s>
    <s>RETROUVEZ DES EVENEMENTS SUR NOTRE PAGE FACEBOOK AGENDA STRASBOURG</s>
    <s>AGENDA STRASBOURG</s>
    <s>samedi 29/10</s>
    <s>A VOIR</s>
    <s>EXPOSITION / l'occasion du 200e anniversaire de la fondation de la loge strasbourgeoise, le MusHistorique de la Ville de Strasbourg et les Frs Ris ont souhaitaire duvrir la manerie strasbourgeoise au XIXe sie.</s>
    <s>samedi 29/10</s>
    <s>Cathale / ouverte tous les jours de 7h 1h20/ 12h35 9h</s>
    <s>samedi 29/10</s>
    <s>MARCHES STRASBOURGEOIS</s>
    <s>Lieu &amp; horaires</s>
    <s>samedi 29/10</s>
    <s>RDV BROCANTES - VIDE GRENIERS - MARCHES AUX PUCES</s>
    <s>Bas Rhin</s>
    <s>samedi 29/10</s>
    <s>Duvrez avec vos enfants / films 3D / animations scientifiques/Sciences roquer / expositions</s>
    <s>le Vaisseau</s>
    <s>samedi 29/10</s>
    <s>10h30 et 14h30</s>
    <s>Bibliothe, mon AmourCOMPAGNIE DU P'TIT PIANO SANS BRETELLES</s>
    <s>Le Pr/a&gt;</s>
    <s>samedi 29/10</s>
    <s>Jeune public contes et spectacles : DE GRANDES HISTOIRES POUR DES PTITES OREILLES</s>
    <s>[Mathe Malraux</s>
    <s>samedi 29/10</s>
    <s>LA VID DU JOUR</s>
    <s>samedi 29/10</s>
    <s>Horloge astronomique Dles Aps. L'acc'horloge est gratuit les dimanches et jours f</s>
    <s>samedi 29/10</s>
    <s>LE LIVRE DE LA JUNGLE EN SIE TIS jeune public projections</s>
    <s>Mathe Neudorf</s>
    <s>samedi 29/10</s>
    <s>Jeune Public / Les Contes Zints</s>
    <s>samedi 29/10</s>
    <s>LES ENFANTS DE SUMMERHILL Cin</s>
    <s>Mathe Malraux</s>
    <s>samedi 29/10</s>
    <s>CINEMA Horaires des sces (Odyss Star/ Saint Ex/ UGC/ Vox )</s>
    <s>info lien</s>
    <s>samedi 29/10</s>
    <s>HIRSUTE KONFRERIE BANDITOS + RINSE + 69 DB + DJ NIMP + OSKAR + TOILETTES MIXTE ..</s>
    <s>samedi 29/10</s>
    <s>WASHED OUT (USA) + THE ART TRIP (F) - club</s>
    <s>samedi 29/10</s>
    <s>La Cie du RiedEau de la MJC de GERSTHEIM prnte deux pis de FEYDEAU : ON PURGE BEBE et DORMEZ LE JE VEUX</s>
    <s>CUBE NOIR</s>
    <s>samedi 29/10</s>
    <s>Humour / Les Jardiniers de limpro</s>
    <s>samedi 29/10</s>
    <s>Danse : &quot;CAN YOU BE ME ? &quot; VIDAL BINI</s>
    <s>Hall des Chars</s>
    <s>samedi 29/10</s>
    <s>Le show des Improvisateurs /la rentrpour les Improvisateurs</s>
    <s>Holiday Inn</s>
    <s>samedi 29/10</s>
    <s>Rappel d'air / Spectacle primu Festival Les Devos de lhumour en 2008</s>
    <s>samedi 29/10</s>
    <s>Le Cabaret de l'Etrange Pour cbrer Halloween, Au Camionneur accueille Miss Anne Thropy, effeuilleuse burlesque internationale</s>
    <s>samedi 29/10</s>
    <s>Florian Keller (Party Keller/Munich)</s>
    <s>Mudd club</s>
    <s>dimanche 30/10</s>
    <s>!Salon Bio &amp; Construction Saine / parc des Expositions WACKEN</s>
    <s>info lien</s>
    <s>dimanche 30/10</s>
    <s>9H 7H Bourse Philatque de Strasbourg</s>
    <s>Salle de la Bourse</s>
    <s>dimanche 30/10</s>
    <s>RETROUVEZ DES EVENEMENTS SUR NOTRE PAGE FACEBOOK</s>
    <s>Agenda Facebook</s>
    <s>dimanche 30/10</s>
    <s>A VOIR</s>
    <s>EXPOSITION / l'occasion du 200e anniversaire de la fondation de la loge strasbourgeoise, le MusHistorique de la Ville de Strasbourg et les Frs Ris ont souhaitaire duvrir la manerie strasbourgeoise au XIXe sie.</s>
    <s>dimanche 30/10</s>
    <s>Cathale / ouverte tous les jours de 7h 1h20/ 12h35 9h</s>
    <s>dimanche 30/10</s>
    <s>BROCANTES - VIDE GRENIERS - MARCHES AUX PUCES</s>
    <s>Bas Rhin</s>
    <s>dimanche 30/10</s>
    <s>RDV BROCANTES - VIDE GRENIERS - MARCHES AUX PUCES</s>
    <s>Bas Rhin</s>
    <s>dimanche 30/10</s>
    <s>Duvrez avec vos enfants / films 3D / animations scientifiques/Sciences roquer / expositions</s>
    <s>le Vaisseau</s>
    <s>dimanche 30/10</s>
    <s>LA VID DU JOUR</s>
    <s>dimanche 30/10</s>
    <s>Horloge astronomique Dles Aps. L'acc'horloge est gratuit les dimanches et jours f</s>
    <s>dimanche 30/10</s>
    <s>Horloge astronomique Dles Aps tous les jours 2H30. L'acc'horloge est gratuit les dimanches et jours f</s>
    <s>dimanche 30/10</s>
    <s>Travaux Molodoi</s>
    <s>dimanche 30/10</s>
    <s>14h et 15h30</s>
    <s>Visite guidde la coupole de l'observatoire</s>
    <s>dimanche 30/10</s>
    <s>OPERA La Boh Scs lyriques en quatre tableaux Livret de Luigi Illica et G.Giacosa</s>
    <s>op du rhin</s>
    <s>dimanche 30/10</s>
    <s>Sophie Forte en concert Tout ce que vos enfants ont toujours voulu savoir et que vous navez jamais oseur dire</s>
    <s>dimanche 30/10</s>
    <s>CONCERT LES COMPTES DE KORSAKOFF + ARCHITEKTONE + MYSELF</s>
    <s>dimanche 30/10</s>
    <s>CINEMA Horaires des sces (Odyss Star/ Saint Ex/ UGC/ Vox )</s>
    <s>info lien</s>
    <s>dimanche 30/10</s>
    <s>La Cie du RiedEau de la MJC de GERSTHEIM prnte deux pis de FEYDEAU : ON PURGE BEBE et DORMEZ LE JE VEUX</s>
    <s>CUBE NOIR</s>
    <s>lundi 31/10</s>
    <s>!Salon Bio &amp; Construction Saine / parc des Expositions WACKEN</s>
    <s>info lien</s>
    <s>lundi 31/10</s>
    <s>RETROUVEZ DES EVENEMENTS SUR NOTRE PAGE FACEBOOK</s>
    <s>Agenda Facebook</s>
    <s>lundi 31/10</s>
    <s>Cathale / ouverte tous les jours de 7h 1h20/ 12h35 9h</s>
    <s>lundi 31/10</s>
    <s>MARCHES STRASBOURGEOIS</s>
    <s>Lieu &amp; horaires</s>
    <s>lundi 31/10</s>
    <s>RDV BROCANTES - VIDE GRENIERS - MARCHES AUX PUCES</s>
    <s>Bas Rhin</s>
    <s>lundi 31/10</s>
    <s>Offres d'emploi dans le Bas-Rhin</s>
    <s>info lien</s>
    <s>lundi 31/10</s>
    <s>LA VID DU JOUR</s>
    <s>lundi 31/10</s>
    <s>Horloge astronomique Dles Aps. L'acc'horloge est gratuit les dimanches et jours f</s>
    <s>lundi 31/10</s>
    <s>ACTU / SPORT / HUMOUR / CULTURE / ARTICLES</s>
    <s>lundi 31/10</s>
    <s>ACTU / SPORT / HUMOUR / CULTURE / ARTICLES</s>
    <s>lundi 31/10</s>
    <s>CINEMA Horaires des sces (Odyss Star/ Saint Ex/ UGC/ Vox )</s>
    <s>info lien</s>
    <s>lundi 31/10</s>
    <s>Nyouz&amp;Zoom; (SXB)</s>
    <s>Mudd club</s>
    <s>lundi 31/10</s>
    <s>MOLOWEEN 3 PROGRAMMATION A VENIR </s>
    <s>mardi 01/11</s>
    <s>!Salon Bio &amp; Construction Saine / parc des Expositions WACKEN</s>
    <s>info lien</s>
    <s>mardi 01/11</s>
    <s>RDV BROCANTES - VIDE GRENIERS - MARCHES AUX PUCES</s>
    <s>Bas Rhin</s>
    <s>mardi 01/11</s>
    <s>9h et 11h</s>
    <s>TOUSSAINT offices pontificaux prdpar Mgr Christian KRATZ, que auxiliaire Marc BAUMANN est aux Grandes Orgues</s>
    <s>mardi 01/11</s>
    <s>Offres d'emploi dans le Bas-Rhin</s>
    <s>info lien</s>
    <s>mardi 01/11</s>
    <s>LA VID DU JOUR</s>
    <s>mardi 01/11</s>
    <s>Horloge astronomique Dles Aps. L'acc'horloge est gratuit les dimanches et jours f</s>
    <s>mercredi 02/11</s>
    <s>RDV BROCANTES - VIDE GRENIERS - MARCHES AUX PUCES</s>
    <s>Bas Rhin</s>
    <s>mercredi 02/11</s>
    <s>Offres d'emploi dans le Bas-Rhin</s>
    <s>info lien</s>
    <s>mercredi 02/11</s>
    <s>LA VID DU JOUR</s>
    <s>mercredi 02/11</s>
    <s>Horloge astronomique Dles Aps. L'acc'horloge est gratuit les dimanches et jours f</s>
    <s>mercredi 02/11</s>
    <s>Le cafhilo de Strasbourg</s>
    <s>Snack Michel</s>
    <s>mercredi 02/11</s>
    <s>ACTU / SPORT / HUMOUR / CULTURE / ARTICLES</s>
    <s>mercredi 02/11</s>
    <s>OPERA La Boh Scs lyriques en quatre tableaux Livret de Luigi Illica et G.Giacosa</s>
    <s>op du rhin</s>
    <s>mercredi 02/11</s>
    <s>ALTER BRIDGE (USA) + BLACK STONE CHERRY (USA)</s>
    <s>mercredi 02/11</s>
    <s>CULTS (USA) + Guest - Club</s>
    <s>mercredi 02/11</s>
    <s>THEATRE / LE GARDIEN DES ES (VERSION FRANISE) Texte et traduction dialectale de Pierre Kretz</s>
    <s>Taps Scala</s>
    <s>jeudi 03/11</s>
    <s>Institut d'des politiques de Strasbourg organise un colloque intitul &quot;Ressources publiques : crise et strates&quot;.</s>
    <s>info lien</s>
    <s>jeudi 03/11</s>
    <s>RDV BROCANTES - VIDE GRENIERS - MARCHES AUX PUCES</s>
    <s>Bas Rhin</s>
    <s>jeudi 03/11</s>
    <s>Offres d'emploi dans le Bas-Rhin</s>
    <s>info lien</s>
    <s>jeudi 03/11</s>
    <s>LA VID DU JOUR</s>
    <s>jeudi 03/11</s>
    <s>Horloge astronomique Dles Aps. L'acc'horloge est gratuit les dimanches et jours f</s>
    <s>jeudi 03/11</s>
    <s>JOHN CALE (UK)</s>
    <s>jeudi 03/11</s>
    <s>CONCERT / Sculpture / En partenariat avec Musiques Volantes et la Fration Hi Strasbourg</s>
    <s>Auditorium des Mus</s>
    <s>jeudi 03/11</s>
    <s>SPECTACLE 2012 ou le manuel de sur vie dans lisoloir De et par Frrick Sigrist</s>
    <s>jeudi 03/11</s>
    <s>THEATRE / LE GARDIEN DES ES (VERSION FRANISE) Texte et traduction dialectale de Pierre Kretz</s>
    <s>Taps Scala</s>
    <s>vendredi 04/11</s>
    <s>Institut d'des politiques de Strasbourg organise un colloque intitul &quot;Ressources publiques : crise et strates&quot;.</s>
    <s>info lien</s>
    <s>vendredi 04/11</s>
    <s>RDV BROCANTES - VIDE GRENIERS - MARCHES AUX PUCES</s>
    <s>Bas Rhin</s>
    <s>vendredi 04/11</s>
    <s>Offres d'emploi dans le Bas-Rhin</s>
    <s>info lien</s>
    <s>vendredi 04/11</s>
    <s>LA VID DU JOUR</s>
    <s>vendredi 04/11</s>
    <s>Horloge astronomique Dles Aps. L'acc'horloge est gratuit les dimanches et jours f</s>
    <s>vendredi 04/11</s>
    <s>ACTU / SPORT / HUMOUR / CULTURE / ARTICLES</s>
    <s>vendredi 04/11</s>
    <s>M. Pokora &quot;Mise our Tour&quot;</s>
    <s>vendredi 04/11</s>
    <s>OPERA La Boh Scs lyriques en quatre tableaux Livret de Luigi Illica et G.Giacosa</s>
    <s>op du rhin</s>
    <s>vendredi 04/11</s>
    <s>DJ Q-BERT (USA) vs DJ MUGGS (USA) - &quot;4 platines 4 mains / le mae du scratch Dj Q-bert rencontre Dj Muggs (Cypress Hill)&quot; + BEANS (USA)</s>
    <s>vendredi 04/11</s>
    <s>SPECTACLE 2012 ou le manuel de sur vie dans lisoloir De et par Frrick Sigrist</s>
    <s>vendredi 04/11</s>
    <s>THEATRE / LE GARDIEN DES ES (VERSION FRANISE) Texte et traduction dialectale de Pierre Kretz</s>
    <s>Taps Scala</s>
    <s>samedi 05/11</s>
    <s>Les &quot;Sciences roquer&quot;endez-vous familial, ces rencontres-animations permettent de drtiquer des phms du quotidien</s>
    <s>le Vaisseau</s>
    <s>samedi 05/11</s>
    <s>A VOIR</s>
    <s>EXPOSITION / l'occasion du 200e anniversaire de la fondation de la loge strasbourgeoise, le MusHistorique de la Ville de Strasbourg et les Frs Ris ont souhaitaire duvrir la manerie strasbourgeoise au XIXe sie.</s>
    <s>samedi 05/11</s>
    <s>BROCANTES - VIDE GRENIERS - MARCHES AUX PUCES</s>
    <s>Bas Rhin</s>
    <s>samedi 05/11</s>
    <s>RDV BROCANTES - VIDE GRENIERS - MARCHES AUX PUCES</s>
    <s>Bas Rhin</s>
    <s>samedi 05/11</s>
    <s>LA VID DU JOUR</s>
    <s>samedi 05/11</s>
    <s>Horloge astronomique Dles Aps. L'acc'horloge est gratuit les dimanches et jours f</s>
    <s>samedi 05/11</s>
    <s>14h30 et 20h15</s>
    <s>AGE TENDRE ET TETES DE BOIS Vari et chanson franses</s>
    <s>samedi 05/11</s>
    <s>SCIENCE CROQUER rendez-vous familial, ces rencontres-animations permettent de drtiquer des phms du quotidien</s>
    <s>le Vaisseau</s>
    <s>samedi 05/11</s>
    <s>SPECTACLE 2012 ou le manuel de sur vie dans lisoloir De et par Frrick Sigrist</s>
    <s>samedi 05/11</s>
    <s>SOIREE TRAVESTI MONSTERS 4 LULTIME DERNIERE</s>
    <s>La Laiterie</s>
    <s>dimanche 06/11</s>
    <s>!Le premier dimanche de chaque mois, l'entrdes mus est gratuite pour tous.</s>
    <s>Mus Strasbourg</s>
    <s>dimanche 06/11</s>
    <s>SPECTACLE &quot;Pierre et le loup&quot;</s>
    <s>dimanche 06/11</s>
    <s>La monta plate-forme (332 marches) Entrgratuite pour tous le premier dimanche de chaque mois</s>
    <s>dimanche 06/11</s>
    <s>A VOIR</s>
    <s>EXPOSITION / l'occasion du 200e anniversaire de la fondation de la loge strasbourgeoise, le MusHistorique de la Ville de Strasbourg et les Frs Ris ont souhaitaire duvrir la manerie strasbourgeoise au XIXe sie.</s>
    <s>dimanche 06/11</s>
    <s>BROCANTES - VIDE GRENIERS - MARCHES AUX PUCES</s>
    <s>Bas Rhin</s>
    <s>dimanche 06/11</s>
    <s>RDV BROCANTES - VIDE GRENIERS - MARCHES AUX PUCES</s>
    <s>Bas Rhin</s>
    <s>dimanche 06/11</s>
    <s>LA VID DU JOUR</s>
    <s>dimanche 06/11</s>
    <s>Horloge astronomique Dles Aps. L'acc'horloge est gratuit les dimanches et jours f</s>
    <s>dimanche 06/11</s>
    <s>14h et 15h30</s>
    <s>Visite guidde la coupole de l'observatoire</s>
    <s>dimanche 06/11</s>
    <s>THEATRE alsacien &quot;Lieje isch Trumpf&quot; Richard STROH Mise en sc : Pierre SPEGT</s>
    <s>Op du Rhin</s>
    <s>dimanche 06/11</s>
    <s>THEATRE / LE GARDIEN DES ES (VERSION FRANISE) Texte et traduction dialectale de Pierre Kretz</s>
    <s>Taps Scala</s>
    <s>dimanche 06/11</s>
    <s>SPECTACLE 2012 ou le manuel de sur vie dans lisoloir De et par Frrick Sigrist</s>
    <s>lundi 07/11</s>
    <s>RDV BROCANTES - VIDE GRENIERS - MARCHES AUX PUCES</s>
    <s>Bas Rhin</s>
    <s>lundi 07/11</s>
    <s>ACTU / SPORT / HUMOUR / CULTURE / ARTICLES</s>
    <s>lundi 07/11</s>
    <s>CONFERENCE / Le festival comme nenemnt professionnel / LIEU ARTS DECO</s>
    <s>info lien</s>
    <s>lundi 07/11</s>
    <s>SHANTEL &amp; BUCOVINA CLUB ORKESTAR (GER)</s>
    <s>La Laiterie</s>
    <s>lundi 07/11</s>
    <s>THEATRE alsacien &quot;Lieje isch Trumpf&quot; Richard STROH Mise en sc : Pierre SPEGT</s>
    <s>Op du Rhin</s>
    <s>lundi 07/11</s>
    <s>SPECTACLE 2012 ou le manuel de sur vie dans lisoloir De et par Frrick Sigrist</s>
    <s>mardi 08/11</s>
    <s>Cafssentiel sont des rencontres transdisciplinaires ouvertes ous. nimar : Richard Welter - Professeur a faculte chimie - Universite Strasbourg</s>
    <s>Artichaut cafa&gt;</s>
    <s>mardi 08/11</s>
    <s>caflinguistiques rir autour dun verre des personnes de diffntes nationalitpour parler ensemble. gratuit sauf consommations;(place St enne FEC)</s>
    <s>mardi 08/11</s>
    <s>OPERA La Boh Scs lyriques en quatre tableaux Livret de Luigi Illica et G.Giacosa</s>
    <s>[op du rhin</s>
    <s>mardi 08/11</s>
    <s>SPECTACLE 2012 ou le manuel de sur vie dans lisoloir De et par Frrick Sigrist</s>
    <s>mardi 08/11</s>
    <s>THEATRE &quot;Crcier&quot; pi en trois actes du dramaturge scandinave August Strindberg</s>
    <s>ESPACE ATHIC OBERNAI</s>
    <s>mardi 08/11</s>
    <s>La SAFIRE vous convie articiper a stammtisch de l'audiovisuel le deuxi mardi de chaque mois.</s>
    <s>Artichaut cafa&gt;</s>
    <s>mardi 08/11</s>
    <s>THEATRE / FACE DE CUILLE de Lee Hall</s>
    <s>[Taps Gare</s>
    <s>mercredi 09/11</s>
    <s>A VOIR</s>
    <s>EXPOSITION / l'occasion du 200e anniversaire de la fondation de la loge strasbourgeoise, le MusHistorique de la Ville de Strasbourg et les Frs Ris ont souhaitaire duvrir la manerie strasbourgeoise au XIXe sie.</s>
    <s>mercredi 09/11</s>
    <s>BIRDS WITH SKYMIRRORS DANSE / NOUVELLE-ZANDE Choraphie LEMI PONIFASIO / MAU</s>
    <s>mercredi 09/11</s>
    <s>THEATRE / FACE DE CUILLE de Lee Hall</s>
    <s>Taps Gare</s>
    <s>jeudi 10/11</s>
    <s>Musique en chantier / Sstien Muller, saxophone / Sstien Vallpiano Mingus</s>
    <s>cite la musique</s>
    <s>jeudi 10/11</s>
    <s>Laurent Cabasso, piano / Mozart : Sonate en la mineur K 310 Schubert : Wanderer-fantaisie Beethoven : Variations Diabelli</s>
    <s>cite la musique</s>
    <s>jeudi 10/11</s>
    <s>BIRDS WITH SKYMIRRORS DANSE / NOUVELLE-ZANDE Choraphie LEMI PONIFASIO / MAU</s>
    <s>jeudi 10/11</s>
    <s>THEATRE / FACE DE CUILLE de Lee Hall</s>
    <s>Taps Gare</s>
    <s>vendredi 11/11</s>
    <s>Double Vision / Robin Fincker, saxophone tr et clarinette / Alex Bonney, trompette, ctroniques</s>
    <s>cite la musique</s>
    <s>vendredi 11/11</s>
    <s>SPECTACLE 2012 ou le manuel de sur vie dans lisoloir De et par Frrick Sigrist</s>
    <s>samedi 12/11</s>
    <s>!ART / Peinture , sculpture , photographie </s>
    <s>place Broglie</s>
    <s>samedi 12/11</s>
    <s>A VOIR</s>
    <s>EXPOSITION / l'occasion du 200e anniversaire de la fondation de la loge strasbourgeoise, le MusHistorique de la Ville de Strasbourg et les Frs Ris ont souhaitaire duvrir la manerie strasbourgeoise au XIXe sie.</s>
    <s>samedi 12/11</s>
    <s>BROCANTES - VIDE GRENIERS - MARCHES AUX PUCES</s>
    <s>Bas Rhin</s>
    <s>samedi 12/11</s>
    <s>12 au 20 nov</s>
    <s>!Depuis 1998, la 3e semaine de novembre de chaque annest consacra Solidaritnternationale. Ainsi, la Semaine est un grand rendez-vous national de sensibilisation a solidaritnternationale et au Dloppement Durable.</s>
    <s>info lien</s>
    <s>samedi 12/11</s>
    <s>SPECTACLE 2012 ou le manuel de sur vie dans lisoloir De et par Frrick Sigrist</s>
    <s>samedi 12/11</s>
    <s>Concert : Le Grand Ballet de Cuba</s>
    <s>Palais des Congr/span&gt;</s>
    <s>dimanche 13/11</s>
    <s>!ART / Peinture , sculpture , photographie </s>
    <s>place Broglie</s>
    <s>dimanche 13/11</s>
    <s>A VOIR</s>
    <s>EXPOSITION / l'occasion du 200e anniversaire de la fondation de la loge strasbourgeoise, le MusHistorique de la Ville de Strasbourg et les Frs Ris ont souhaitaire duvrir la manerie strasbourgeoise au XIXe sie.</s>
    <s>dimanche 13/11</s>
    <s>BROCANTES - VIDE GRENIERS - MARCHES AUX PUCES</s>
    <s>Bas Rhin</s>
    <s>dimanche 13/11</s>
    <s>THEATRE alsacien &quot;Lieje isch Trumpf&quot; Richard STROH Mise en sc : Pierre SPEGT</s>
    <s>Op du Rhin</s>
    <s>lundi 14/11</s>
    <s>!SESSION PLENIERE DU PARLEMENT EUROPEEN</s>
    <s>mardi 15/11</s>
    <s>!SESSION PLENIERE DU PARLEMENT EUROPEEN</s>
    <s>mardi 15/11</s>
    <s>Schubertiade Ariane Wohlhuter, chant isabeth Brot, violon</s>
    <s>cite la musique</s>
    <s>mercredi 16/11</s>
    <s>!SESSION PLENIERE DU PARLEMENT EUROPEEN</s>
    <s>mercredi 16/11</s>
    <s>!LE 1er SUPERCROSS INDOOR INTERNATIONAL DE STRASBOURG de 15h INUIT</s>
    <s>Hall Rhenus</s>
    <s>mercredi 16/11</s>
    <s>A VOIR</s>
    <s>EXPOSITION / l'occasion du 200e anniversaire de la fondation de la loge strasbourgeoise, le MusHistorique de la Ville de Strasbourg et les Frs Ris ont souhaitaire duvrir la manerie strasbourgeoise au XIXe sie.</s>
    <s>mercredi 16/11</s>
    <s>DEBOUT SUR LE ZINC (F) + 1i partie</s>
    <s>La Laiterie</s>
    <s>mercredi 16/11</s>
    <s>ARENA (UK) + guest</s>
    <s>La Laiterie club</s>
    <s>mercredi 16/11</s>
    <s>OPERA Opus Corpus / Ballet de l'Op national du Rhin</s>
    <s>op du rhin</s>
    <s>mercredi 16/11</s>
    <s>MONTSE CORTES Musique du monde (Espagne) Guest : Juan Carmona (guitare)</s>
    <s>La salle du cercle</s>
    <s>mercredi 16/11</s>
    <s>Cinoncert &quot;LES SAISONS&quot; avec Akosh S. et Gildas Etevenard En co-ravec le festival Jazzdor</s>
    <s>La salle du cercle</s>
    <s>jeudi 17/11</s>
    <s>!SESSION PLENIERE DU PARLEMENT EUROPEEN</s>
    <s>jeudi 17/11</s>
    <s>!LE 1er SUPERCROSS INDOOR INTERNATIONAL DE STRASBOURG de 15h INUIT</s>
    <s>Hall Rhenus</s>
    <s>jeudi 17/11</s>
    <s>f du Beaujolais nouveau les bistrots et bars ins cbrent le beaujolais nouveau</s>
    <s>info lien</s>
    <s>jeudi 17/11</s>
    <s>OPERA Opus Corpus / Ballet de l'Op national du Rhin</s>
    <s>op du rhin</s>
    <s>jeudi 17/11</s>
    <s>CYCLE &quot;Les ans du grand &quot; Place du Marchntrlibre</s>
    <s>Mathe Neudorf</s>
    <s>jeudi 17/11</s>
    <s>SPECTACLE &quot;WALLY&quot; De et par Wally</s>
    <s>jeudi 17/11</s>
    <s>HUMOUR MUSICAL&quot; LA FRAMBOISE FRIVOLE&quot; CRTION / PREMIE FRANCAISE</s>
    <s>vendredi 18/11</s>
    <s>Vendredi de l'orgue / Orgue III/26 jeux de la manufacture d'orgues Muhleisen de Strasbourg</s>
    <s>cite la musique</s>
    <s>vendredi 18/11</s>
    <s>18 au 27 nov</s>
    <s>!Orchestre en f 4i tion</s>
    <s>info lien</s>
    <s>vendredi 18/11</s>
    <s>CONCERT Birdy Nam Nam &quot;The defiant order tour&quot;</s>
    <s>vendredi 18/11</s>
    <s>JULIEN DORE (F)</s>
    <s>La Laiterie</s>
    <s>vendredi 18/11</s>
    <s>OPERA Opus Corpus / Ballet de l'Op national du Rhin</s>
    <s>op du rhin</s>
    <s>vendredi 18/11</s>
    <s>SPECTACLE &quot;WALLY&quot; De et par Wally</s>
    <s>vendredi 18/11</s>
    <s>HUMOUR MUSICAL&quot; LA FRAMBOISE FRIVOLE&quot; CRTION / PREMIE FRANCAISE</s>
    <s>vendredi 18/11</s>
    <s>THEATRE / APPRIVOISER LA PANTHE Ecriture collective - Auteure associJalie Barcilon,</s>
    <s>Taps Scala</s>
    <s>samedi 19/11</s>
    <s>A VOIR</s>
    <s>EXPOSITION / l'occasion du 200e anniversaire de la fondation de la loge strasbourgeoise, le MusHistorique de la Ville de Strasbourg et les Frs Ris ont souhaitaire duvrir la manerie strasbourgeoise au XIXe sie.</s>
    <s>samedi 19/11</s>
    <s>BROCANTES - VIDE GRENIERS - MARCHES AUX PUCES</s>
    <s>Bas Rhin</s>
    <s>samedi 19/11</s>
    <s>12 au 20 nov</s>
    <s>!Depuis 1998, la 3e semaine de novembre de chaque annest consacra Solidaritnternationale. Ainsi, la Semaine est un grand rendez-vous national de sensibilisation a solidaritnternationale et au Dloppement Durable.</s>
    <s>info lien</s>
    <s>samedi 19/11</s>
    <s>VERNISSAGE THRILL 20 artistes frans, allemands et suisses explorent ce rapport immat, sensible et ind64257;nissable qui se noue entre le regardeur et luvre, avec la peinture contemporaine comme point dancrage.</s>
    <s>info lien</s>
    <s>samedi 19/11</s>
    <s>OPERA Opus Corpus / Ballet de l'Op national du Rhin</s>
    <s>op du rhin</s>
    <s>samedi 19/11</s>
    <s>SPECTACLE &quot;WALLY&quot; De et par Wally</s>
    <s>samedi 19/11</s>
    <s>THEATRE / APPRIVOISER LA PANTHE Ecriture collective - Auteure associJalie Barcilon,</s>
    <s>Taps Scala</s>
    <s>dimanche 20/11</s>
    <s>A VOIR</s>
    <s>EXPOSITION / l'occasion du 200e anniversaire de la fondation de la loge strasbourgeoise, le MusHistorique de la Ville de Strasbourg et les Frs Ris ont souhaitaire duvrir la manerie strasbourgeoise au XIXe sie.</s>
    <s>dimanche 20/11</s>
    <s>BROCANTES - VIDE GRENIERS - MARCHES AUX PUCES</s>
    <s>Bas Rhin</s>
    <s>dimanche 20/11</s>
    <s>12 au 20 nov</s>
    <s>!Depuis 1998, la 3e semaine de novembre de chaque annest consacra Solidaritnternationale. Ainsi, la Semaine est un grand rendez-vous national de sensibilisation a solidaritnternationale et au Dloppement Durable.</s>
    <s>info lien</s>
    <s>dimanche 20/11</s>
    <s>OPERA Opus Corpus / Ballet de l'Op national du Rhin</s>
    <s>op du rhin</s>
    <s>dimanche 20/11</s>
    <s>THEATRE / APPRIVOISER LA PANTHE Ecriture collective - Auteure associJalie Barcilon,</s>
    <s>Taps Scala</s>
    <s>dimanche 20/11</s>
    <s>THEATRE / Si proche de Desproges Thre Lumi</s>
    <s>Le Pr/a&gt;</s>
    <s>mardi 22/11</s>
    <s>Cafssentiel sont des rencontres transdisciplinaires ouvertes ous. nimar : Richard Welter - Professeur a faculte chimie - Universite Strasbourg</s>
    <s>[Artichaut cafa&gt;</s>
    <s>mardi 22/11</s>
    <s>caflinguistiques rir autour dun verre des personnes de diffntes nationalitpour parler ensemble. gratuit sauf consommations;(place St enne FEC)</s>
    <s>mardi 22/11</s>
    <s>&quot;PUDIQUE ACIDE / EXTASIS&quot;Choraphie MATHILDE MONNIER / JEAN-FRANIS DUROURE</s>
    <s>mercredi 23/11</s>
    <s>A VOIR</s>
    <s>EXPOSITION / l'occasion du 200e anniversaire de la fondation de la loge strasbourgeoise, le MusHistorique de la Ville de Strasbourg et les Frs Ris ont souhaitaire duvrir la manerie strasbourgeoise au XIXe sie.</s>
    <s>mercredi 23/11</s>
    <s>CONFERENCE / FESTIVAL ET ENGAGEMENTS / lieu syndicat potentiel</s>
    <s>info lien</s>
    <s>mercredi 23/11</s>
    <s>Les mercredis de la vidhe en oct:John Cassavetes / nov:Berlin-Stettin / dec:Last Train Home</s>
    <s>Maison de limage</s>
    <s>mercredi 23/11</s>
    <s>SPECTACLE &quot;WALLY&quot; De et par Wally</s>
    <s>mercredi 23/11</s>
    <s>CONCERT George Michael &quot;Symphonica : The Orchestral Tour&quot;</s>
    <s>mercredi 23/11</s>
    <s>&quot;PUDIQUE ACIDE / EXTASIS&quot;Choraphie MATHILDE MONNIER / JEAN-FRANIS DUROURE</s>
    <s>jeudi 24/11</s>
    <s>Deuxi Colloque international de l'Universituverte des Humanit Universitumque Thtique des Lettres, Langues, Arts, Sciences de l'homme et des socis.</s>
    <s>jeudi 24/11</s>
    <s>4 tion du Forum Alsace Tech entreprises</s>
    <s>jeudi 24/11</s>
    <s>vernissage &quot;a s y l u m &quot; de C h r i s t o p h e r P ay n e (expo S ta r t 2 0 1 1)</s>
    <s>La chambre</s>
    <s>jeudi 24/11</s>
    <s>La musique d'aujourd'hui en Amque latine et en Europe : F Springinsfeld, Neuwirth, Magdaleno, Mu Leroux et Ibarra (crion mondiale)</s>
    <s>Cite la musique</s>
    <s>jeudi 24/11</s>
    <s>SPECTACLE Carmina Burana</s>
    <s>jeudi 24/11</s>
    <s>SPECTACLE &quot;WALLY&quot; De et par Wally</s>
    <s>jeudi 24/11</s>
    <s>&quot;PUDIQUE ACIDE / EXTASIS&quot;Choraphie MATHILDE MONNIER / JEAN-FRANIS DUROURE</s>
    <s>jeudi 24/11</s>
    <s>CONCERT TEZ MONTCALM &quot;HERES TO YOU, SONGS FOR SHIRLEY HORN&quot; JAZZ VOCAL</s>
    <s>jeudi 24/11</s>
    <s>Spectacle improvisation la compagnie J'Te Paye Impro.Bar Jimmy's Pub 29, Rue des Juifs</s>
    <s>info lien</s>
    <s>vendredi 25/11</s>
    <s>Deuxi Colloque international de l'Universituverte des Humanit Universitumque Thtique des Lettres, Langues, Arts, Sciences de l'homme et des socis.</s>
    <s>vendredi 25/11</s>
    <s>11h 0h</s>
    <s>!Foire Europne dArt Contemporain &quot;ST'ART 2011&quot;</s>
    <s>vendredi 25/11</s>
    <s>KEREN ANN - 101 TOUR (IL) + 1i partie</s>
    <s>La Laiterie</s>
    <s>vendredi 25/11</s>
    <s>!CONCERT Jamiroquai</s>
    <s>vendredi 25/11</s>
    <s>Jazz au caf Cafu Conservatoire</s>
    <s>cite la musique</s>
    <s>vendredi 25/11</s>
    <s>SPECTACLE &quot;WALLY&quot; De et par Wally</s>
    <s>samedi 26/11</s>
    <s>!Strasbourg, Capitale de NoLe marche Node Strasbourg, dont les origines remontent 570, est lun des plus anciens en France</s>
    <s>samedi 26/11</s>
    <s>JOYEUX NOEL</s>
    <s>!D1570, Strasbourg doie son Marche Noautour de sa prestigieuse Cathale.</s>
    <s>samedi 26/11</s>
    <s>A VOIR</s>
    <s>EXPOSITION / l'occasion du 200e anniversaire de la fondation de la loge strasbourgeoise, le MusHistorique de la Ville de Strasbourg et les Frs Ris ont souhaitaire duvrir la manerie strasbourgeoise au XIXe sie.</s>
    <s>samedi 26/11</s>
    <s>BROCANTES - VIDE GRENIERS - MARCHES AUX PUCES</s>
    <s>Bas Rhin</s>
    <s>samedi 26/11</s>
    <s>11h 0h</s>
    <s>!Foire Europne dArt Contemporain &quot;ST'ART 2011&quot;</s>
    <s>samedi 26/11</s>
    <s>vernissage EXPOSITION PIERRE BOURDIEU IMAGES D'ALGIE 26.11.12 AU 12.02.12</s>
    <s>samedi 26/11</s>
    <s>SPECTACLE &quot;WALLY&quot; De et par Wally</s>
    <s>dimanche 27/11</s>
    <s>JOYEUX NOEL</s>
    <s>!D1570, Strasbourg doie son Marche Noautour de sa prestigieuse Cathale.</s>
    <s>dimanche 27/11</s>
    <s>A VOIR</s>
    <s>EXPOSITION / l'occasion du 200e anniversaire de la fondation de la loge strasbourgeoise, le MusHistorique de la Ville de Strasbourg et les Frs Ris ont souhaitaire duvrir la manerie strasbourgeoise au XIXe sie.</s>
    <s>dimanche 27/11</s>
    <s>BROCANTES - VIDE GRENIERS - MARCHES AUX PUCES</s>
    <s>Bas Rhin</s>
    <s>dimanche 27/11</s>
    <s>11h 0h</s>
    <s>!Foire Europne dArt Contemporain &quot;ST'ART 2011&quot;</s>
    <s>dimanche 27/11</s>
    <s>CONCERT F des 50 ans de l'ORCHESTRE UNIVERSITAIRE de STRASBOURG</s>
    <s>dimanche 27/11</s>
    <s>&quot;FLOODING WITH LOVE FOR THE KID&quot; FILM DE ZACHARY OBERZAN</s>
    <s>lundi 28/11</s>
    <s>11h 0h</s>
    <s>!Foire Europne dArt Contemporain &quot;ST'ART 2011&quot;</s>
    <s>lundi 28/11</s>
    <s>CONSEIL MUNICIPAL VILLE DE STRASBOURG</s>
    <s>Centre Administratif</s>
    <s>lundi 28/11</s>
    <s>CONFERENCE / les retomb nomiques des festivals / 46 blv Victoire</s>
    <s>info lien</s>
    <s>mardi 29/11</s>
    <s>SoirJeux avec l'ipe de Philibert</s>
    <s>mardi 29/11</s>
    <s>SPECTACLE / NOUARA NAGHOUCHE SACRIFICES ONE WOMAN SHOW</s>
    <s>mardi 29/11</s>
    <s>THEATRE / BEAUTIFUL DJAZA Cie Mires Vives, Strasbourg Cie Hors Se, Floirac</s>
    <s>Taps Scala</s>
    <s>mercredi 30/11</s>
    <s>A VOIR</s>
    <s>EXPOSITION / l'occasion du 200e anniversaire de la fondation de la loge strasbourgeoise, le MusHistorique de la Ville de Strasbourg et les Frs Ris ont souhaitaire duvrir la manerie strasbourgeoise au XIXe sie.</s>
    <s>mercredi 30/11</s>
    <s>THIERRY TITI ROBIN Concert Musique du monde (Maroc / Inde / Turquie)</s>
    <s>La salle du cercle</s>
    <s>mercredi 30/11</s>
    <s>THEATRE / BEAUTIFUL DJAZA Cie Mires Vives, Strasbourg Cie Hors Se, Floirac</s>
    <s>Taps Scala</s>
    <s>jeudi 01/12</s>
    <s>THEATRE / BEAUTIFUL DJAZA Cie Mires Vives, Strasbourg Cie Hors Se, Floirac</s>
    <s>Taps Scala</s>
    <s>vendredi 02/12</s>
    <s>THEATRE / BEAUTIFUL DJAZA Cie Mires Vives, Strasbourg Cie Hors Se, Floirac</s>
    <s>Taps Scala</s>
    <s>samedi 03/12</s>
    <s>Les &quot;Sciences roquer&quot;endez-vous familial, ces rencontres-animations permettent de drtiquer des phms du quotidien</s>
    <s>le Vaisseau</s>
    <s>samedi 03/12</s>
    <s>THEATRE / BEAUTIFUL DJAZA Cie Mires Vives, Strasbourg Cie Hors Se, Floirac</s>
    <s>Taps Scala</s>
    <s>dimanche 04/12</s>
    <s>THEATRE / BEAUTIFUL DJAZA Cie Mires Vives, Strasbourg Cie Hors Se, Floirac</s>
    <s>Taps Scala</s>
    <s>mardi 06/12</s>
    <s>Cafssentiel sont des rencontres transdisciplinaires ouvertes ous. nimar : Richard Welter - Professeur a faculte chimie - Universite Strasbourg</s>
    <s>Artichaut cafa&gt;</s>
    <s>jeudi 08/12</s>
    <s>CYCLE &quot;Les ans du grand &quot; Place du Marchntrlibre</s>
    <s>[Mathe Neudorf</s>
    <s>mardi 13/12</s>
    <s>La SAFIRE vous convie articiper a stammtisch de l'audiovisuel le deuxi mardi de chaque mois.</s>
    <s>Artichaut cafa&gt;</s>
    <s>mercredi 14/12</s>
    <s>Les mercredis de la vidhe en oct:John Cassavetes / nov:Berlin-Stettin / dec:Last Train Home</s>
    <s>[Maison de limage</s>
    <s>dimanche 15/01</s>
    <s>VINYL / MUSIC</s>
    <s>La Bourse aux Disques de Strasbourg de 10h 8h</s>
    <s>Salle de la Bourse</s>
    <s>jeudi 19/01</s>
    <s>Mesure d'audience ROI statistique webanalytics par</s>
    <s>Site crpar www.ad-waibe.fr</s>
  </text>
</page>
