<?xml version="1.0" encoding="UTF-8"?>
<!DOCTYPE page SYSTEM "page.dtd">
<page>
  <lang>fr</lang>
  <url>http://www.cysticfibrosis.ca/fr/BrokenArrowConference.php</url>
  <title>Fibrose kystique Canada - Conférence Broken Arrow</title>
  <snippet>
    <s>Types de subventions et de bourses &middot; Dates limites importantes &middot; Demandes &middot; Résultats de financement &middot; Politiques et administration &middot; Conférences </s>
  </snippet>
  <text>
    <s>!Fibrose kystique Canada</s>
    <s>Nous avons changé notre nom et notre logo le 1er février.</s>
    <s>Veuillez noter que certains documents affichés sur le site pourraient ne pas avoir encore été modifiés.</s>
    <s>Caractères :</s>
    <s>!Plus petit</s>
    <s>!Plus gros</s>
    <s>Liens rapides : Mission » Pour les médias » Subventions et bourses scientifiques » Pour les enseignants » Pour les cliniciens » Comité des adultes fibro-kystiques » Vivre avec la fibrose kystique »</s>
    <s>Recherche :</s>
    <s>Accueil | Publications| Contactez-nous</s>
    <s>La fibrose kystique |</s>
    <s>La maladie</s>
    <s>Questions les plus fréquemment posées</s>
    <s>Autres complications médicales</s>
    <s>Dépistage néonatal</s>
    <s>Prévention des infections</s>
    <s>Vivre avec la fibrose kystique</s>
    <s>Un premier enfant</s>
    <s>Impôts et finances</s>
    <s>Renseignements utiles!</s>
    <s>Restez branchés</s>
    <s>Traitement |</s>
    <s>Dégagement des voies respiratoires</s>
    <s>Cliniques de fibrose kystique</s>
    <s>Trouver une clinique</s>
    <s>Équipe de la clinique</s>
    <s>Transition de la clinique pour enfants à celle pour adultes</s>
    <s>Soutien offert aux cliniques</s>
    <s>Pour les cliniciens</s>
    <s>Aide financière : cliniques</s>
    <s>Formulaires de demande</s>
    <s>Politiques et administration</s>
    <s>Date limites importantes</s>
    <s>RCDP en ligne</s>
    <s>Recherche |</s>
    <s>Programmes de recherche</s>
    <s>La recherche en bref</s>
    <s>Thérapie par les cellules souches</s>
    <s>Traitements personnalisés</s>
    <s>Partir au combat contre les bactéries nocives</s>
    <s>La perte musculaire chez les personnes fibro-kystiques</s>
    <s>De nouvelles techniques de transplantation prometteuses</s>
    <s>Cibler l’anomalie de base de la fibrose kystique</s>
    <s>Étapes marquantes de la recherche</s>
    <s>Subventions et bourses scientifiques</s>
    <s>Types de subventions et de bourses</s>
    <s>Dates limites importantes</s>
    <s>Résultats de financement</s>
    <s>Politiques et administration</s>
    <s>Essais cliniques</s>
    <s>Trouver un essai clinique</s>
    <s>Passez à l’action|</s>
    <s>Devenez bénévole</s>
    <s>Pourquoi faire du bénévolat?</s>
    <s>Devenez bénévole dès aujourd’hui!</s>
    <s>Défense des droits et des intérêts</s>
    <s>Participez à une activité</s>
    <s>Dans votre collectivité</s>
    <s>Calendrier des activités</s>
    <s>Marche Destination guérisonMD</s>
    <s>Ride for the Breath of Life (balades en motos)</s>
    <s>Organisez une activité</s>
    <s>Devenez un partenaire ou commanditaire</s>
    <s>Nous avons besoin de vos idées!</s>
    <s>Faites un don</s>
    <s>Don mensuel</s>
    <s>Don commémoratif</s>
    <s>Don en l’honneur d’une personne ou d’une occasion particulière</s>
    <s>Célébration de mariage</s>
    <s>Don en héritage</s>
    <s>Don de titres cotés en bourse</s>
    <s>Dons en provenance des États-Unis</s>
    <s>Autres façons de faire un don</s>
    <s>Faites un don par la poste ou télécopieur</s>
    <s>À propos de nous |</s>
    <s>Que faisons-nous?</s>
    <s>Défense des droits et des intérêts</s>
    <s>Politique de prévention des infections</s>
    <s>À quoi sert l’argent que nous recueillons?</s>
    <s>Gestion des ressources</s>
    <s>Qui sommes-nous?</s>
    <s>Bureau de direction</s>
    <s>Trouvez une section</s>
    <s>Comité des adultes fibro-kystiques</s>
    <s>Comité consultatif</s>
    <s>Message de la chef de la direction</s>
    <s>Répertoire du personnel du siège social</s>
    <s>Notre historique</s>
    <s>Champions de la cause</s>
    <s>Bénévoles honoraires</s>
    <s>Reconnaissance des bénévoles</s>
    <s>Nos partenaires</s>
    <s>Kin Canada</s>
    <s>Advocis/Chambre de la sécurité financière</s>
    <s>Mac’s Convenience Stores Inc</s>
    <s>Paragon Pharmacy</s>
    <s>Siemens Canada</s>
    <s>Pour les médias</s>
    <s>Sensibilisation à la fibrose kystique</s>
    <s>Regardez notre vidéo</s>
    <s>Renseignez-vous auprès des spécialistes</s>
    <s>Campagne publicitaire</s>
    <s>Mai est le mois de la sensibilisation à la fibrose kytique</s>
    <s>Notre logo</s>
    <s>Fibrose kystique Canada</s>
    <s>Suivez-nous sur</s>
    <s>Programmes de recherche</s>
    <s>La recherche en bref</s>
    <s>Thérapie par les cellules souches</s>
    <s>Traitements personnalisés</s>
    <s>Partir au combat contre les bactéries nocives</s>
    <s>La perte musculaire chez les personnes fibro-kystiques</s>
    <s>De nouvelles techniques de transplantation prometteuses</s>
    <s>Cibler l’anomalie de base de la fibrose kystique</s>
    <s>Étapes marquantes de la recherche</s>
    <s>Subventions et bourses scientifiques</s>
    <s>Types de subventions et de bourses</s>
    <s>Subventions de recherche</s>
    <s>Subventions et bourses de perfectionnement</s>
    <s>Subventions et allocations de voyage</s>
    <s>Subventions pour les petites conférences</s>
    <s>Programmes spéciaux</s>
    <s>Initiatives avec d’autres organismes subventionnaires</s>
    <s>Dates limites importantes</s>
    <s>Résultats de financement</s>
    <s>Résultats des derniers concours</s>
    <s>Politiques et administration</s>
    <s>Politiques générales sur les subventions et les bourses</s>
    <s>Politiques sur les brevets et les redevances</s>
    <s>Politique relative au congé de maternité ou congé parental</s>
    <s>Allocations et salaires - bourses du personnel</s>
    <s>Processus d'octroi des subventions</s>
    <s>Administration financière annuelle</s>
    <s>Conférence Broken Arrow</s>
    <s>Essais cliniques</s>
    <s>Trouver un essai clinique</s>
    <s>» Visionner la vidéo</s>
    <s>Accueil &gt; Recherche &gt; Subventions et bourses scientifiques &gt; Conférences &gt; Conférence Broken Arrow</s>
    <s>Conference Broken Arrow</s>
    <s>14e Conference Broken Arrow - Infection et inflammation en presence de fibrose kystique</s>
    <s>Jeudi 7 avril et vendredi 8 avril 2011</s>
    <s>Hotel Manoir Victoria (Vieux-Quebec, Quebec)</s>
    <s>La participation a la conference se fait sur invitation seulement. Veuillez noter que la conference se deroulera uniquement en anglais.</s>
    <s>Fibrose kystique Canada remercie les societes suivantes pour leur genereux soutien :</s>
    <s>Révision : 2011-04-05</s>
    <s>Résultats de financement</s>
    <s>Dates limites importantes</s>
    <s>Comité consultatif médical/scientifique</s>
    <s>Nous sommes sur Facebook</s>
    <s>Webdiffusion archivée : Les microbes liés à la FK</s>
    <s>Liens connexes</s>
    <s>!Haut de page</s>
    <s>Partagez cette page :</s>
    <s>La fibrose kystique| Traitement| Recherche| Passez à l’action!| Calendrier des activités| À propos de nous| Publications| Contactez-nous| Actualités| Carte du site</s>
    <s>Tous droits réservés 2011, Fibrose kystique Canada. Numéro d'enregistrement d'organisme de bienfaisance 10684 5100 RR0001. | Protection des renseignements personnels | Avis</s>
  </text>
</page>
