<?xml version="1.0" encoding="UTF-8"?>
<!DOCTYPE page SYSTEM "page.dtd">
<page>
  <lang>fr</lang>
  <url>http://www.unesco.org/new/fr/world-conference-on-ecce/poster/</url>
  <title>Affiche | Organisation des Nations Unies pour l&#39;éducation, la ...</title>
  <snippet>
    <s>Conférence mondiale sur l&#39;EPPE. Sur la Conférence &middot; Informations régionales &middot; Informations pratiques &middot; Événements spéciaux &middot; Exposition </s>
  </snippet>
  <text>
    <s>Skip to the navigation. Skip to the content.</s>
    <s>Thèmes A-ZAccès à l'informationAction normative (Culture)AfriqueAgences de l'ONU et communication pour le développementAlliance globale pour la diversité culturelleAlphabétisationAntidopageArchivesBibliothèquesBiodiversitéBioéthiqueBiosphère BiotechnologieCatastrophes naturellesCentres multimédia communautaires Changement climatiqueChimieCommunication et informationConflit armé (Biens culturels)Contenu créatif : radio, télé, nouveaux médiasCréativitéCultureCulture de la paix Culture et développementDémocratieDéveloppement durable (Education) Développement urbainDialogue entre les civilisationsDialogue interculturelDiversité culturelleDomaine public de l'informationDroit à l'éducationDroit d'auteurDroits de l'hommeDroits de l'homme (Education)E-GouvernanceEauEcosystèmes Education Education aux sciencesEducation inclusiveEducation physique et sportEducation pour le développement durableEducation pour tousEducation spatialeEDUSIDAEgalité des genresEnergies alternatives et renouvelablesEnfants en détresseEnseignement des sciences et de la technologieEnseignement et formation techniques et professionnelsEnseignement secondaireEnseignement supérieureEthiqueEthique des sciences et des technologiesEthiques de la société de l'informationFemmes et scienceFormation à la maîtrise de l'information et des médiasFormation des enseignantsGenres et TIC (en anglais)GéosciencesGestion des transformations sociales (Programme MOST)Histoires générales et régionalesHolocauste (Mémoire)Hydrologie (Programme PHI)Index Translationum Industries créativesJeunesseLangues dans l'éducation Langues et multilinguismeLégislation des médias Liberté d'expression Liberté d'information Liberté de la presseLittérature et traductionManuels scolaires (Développement)MathématiquesMédias (Développement)Médias communautairesMédias dans les situations de conflits et de post-conflitsMémoire du mondeMigrationsMondialisation et l'UNESCOMultilinguisme dans le cyberespaceMuséesObservation de la TerreObservatoire mondiale de l'éthiqueOcéans (en anglais) Outils de traitement de l'informationPatrimoine immatérielPatrimoine mobilier et muséesPatrimoine mondialPatrimoine numériquePatrimoine subaquatiquePauvreté Pays les moins avancésPersonnes handicapées et TIC Petite enfance Petits États insulaires en développement (en anglais)PhilosophiePhysiquePolitiques et programmes d'éducationPolitiques scientifiques et développement durablePost-conflit et post-catastrophe (Réponses aux situations)Prospective et anticipationRacisme, discrimination et xénophobieRadio, télé et nouveaux médiasRadiotélévision publiqueRapport mondial de suivi sur l’EPTRecyclage de matériel informatiqueRetour de biens culturelsRoutes de dialogueSavoirs locaux et autochtonesSciences de l’ingénieurSciences de la terreSciences de la vieSciences fondamentalesSciences naturellesSciences sociales et humainesSituations d'urgence (Culture)SportSystèmes nationaux de recherche Technologies de l'information et de la communication (TIC) dans l'éducationTourisme culturelTrafic illicite des biens culturelsTransformations sociales (Programme MOST)VIH et SIDA</s>
    <s>Sciences naturelles</s>
    <s>Sciences sociales et humaines</s>
    <s>Communication et information</s>
    <s>Service de presse</s>
    <s>Construire la richesse des nations</s>
    <s>Share Bookmark</s>
    <s>!Digg this!</s>
    <s>Petits caractères</s>
    <s>Grands caractères</s>
    <s>Envoyer par courrier électronique</s>
    <s>UNESCO » Conférence mondiale sur l'EPPE</s>
    <s>Special and cultural events at UNESCO's House</s>
    <s>Attend an event</s>
    <s>Choose UNESCO</s>
    <s>Visit UNESCO</s>
    <s>Conférence générale</s>
    <s>Informations essentielles</s>
    <s>Le Président</s>
    <s>Conférence mondiale sur l'EPPE</s>
    <s>Sur la Conférence</s>
    <s>Informations régionales</s>
    <s>Informations pratiques</s>
    <s>Événements spéciaux</s>
    <s>Nous vous invitons Télécharger PDF 460 KB , imprimer et diffuser cette affiche le plus largement possible.</s>
    <s>Nous remercions par avance tous ceux qui voudront bien la traduire dans d’autres langues. Veuillez nous en informer.</s>
    <s>Pour en savoir plus, veuillez envoyer un courriel à l’adresse suivante: wcec(at)unesco.org</s>
    <s>Retour en haut de la page</s>
    <s>PLUS D'INFORMATIONS</s>
    <s>Message de Mme Irina Bokova, Directrice générale de l'UNESCO</s>
    <s>RESSOURCES CONNEXES</s>
    <s>Programme | Liste de Participants</s>
    <s>Plus Ressources de la Conférence</s>
    <s>POUR LA PRESSE</s>
    <s>Communiqués de presse</s>
    <s>Couverture médiatique</s>
    <s>EVENEMENT DU JOUR</s>
    <s>Mercredi, 29 Septembre 2010</s>
    <s>Table ronde des donateurs - 10h30-13h00</s>
    <s>This content requires Flash.</s>
    <s>To view this content, JavaScript must be enabled, and you need the latest version of the Adobe Flash Player.</s>
    <s>Source: UNESCO</s>
    <s>VIDEOS SUR LA PETITE ENFANCE</s>
    <s>Informations générales</s>
    <s>Organes directeurs</s>
    <s>Directrice générale</s>
    <s>Hors siège</s>
    <s>Nous rejoindre</s>
    <s>Nos priorités</s>
    <s>Egalité des genres</s>
    <s>Education pour tous</s>
    <s>Développement durable</s>
    <s>Diversité culturelle</s>
    <s>Dialogue interculturel</s>
    <s>Sociétés du savoir</s>
    <s>Et aussi</s>
    <s>Patrimoine mondial</s>
    <s>Patrimoine immatériel</s>
    <s>Liberté de la presse</s>
    <s>VIH et SIDA</s>
    <s>Changement climatique</s>
    <s>Conventions &amp; recommandations</s>
    <s>Nom et logo</s>
    <s>Violation des droits de l’homme</s>
    <s>Conditions d’utilisation</s>
    <s>© UNESCO 1995-2011</s>
  </text>
</page>
