<?xml version="1.0" encoding="UTF-8"?>
<!DOCTYPE page SYSTEM "page.dtd">
<page>
  <lang>fr</lang>
  <url>http://www.sigops-france.fr/CFSE/HomePage</url>
  <title>ACM SIGOPS France - CFSE - HomePage</title>
  <snippet>
    <s>28 juin 2011 Conférence Francophone en Systèmes d&#39;Exploitation La première a eu lieu en juin 1999 à Rennes, en conjonction avec RenPar (Président du comité de programme : Valérie Issarny); La seconde a été organisée, </s>
  </snippet>
  <text>
    <s>Association Acm Sigops de France (ASF)</s>
    <s>propos de l'ASF</s>
    <s>Actions de l'ASF</s>
    <s>Pages priv</s>
    <s>Conseil d'Administration</s>
    <s>Confnce Francophone en Systs d'Exploitation</s>
    <s>L'ASF organise tous les 18 mois une confnce francophone en systs (CFSE).</s>
    <s>La premi a eu lieu en juin 1999 a class='urllink' href='http://ren99.irisa.fr/' rel='nofollow'&gt;Rennes, en conjonction avec RenPar (Rencontres Francophones du Parallsme et des Systs Rrtis) et SymPA (Symposium en Architectures Nouvelles de Machines). (Prdent du comite programme : Vale Issarny)</s>
    <s>La seconde a organis toujours conjointement avec RenPar et SympA, dans le cadre de l'ASTI, a Cites Sciences de la Villette (Paris), du 24 au 28 avril 2001. (Prdent du comite programme : Pierre Sens)</s>
    <s>La troisi a eu lieu du 15 au 17 octobre 2003 conjointement avec RenPAr et Sympa a Colle sur Loup (Alpes Maritimes - France). (Prdent du comite programme : Michel Riveill)</s>
    <s>La quatri a eu lieu du 6 au 8 avril 2005 au Croisic, conjointement avec RenPAr, Sympa et les journ composants. (Prdent du comite programme : Isabelle Puaut)</s>
    <s>La cinqui a eu lieu du 4 au 6 octobre 2006 erpignian, En conjonction avec RenPar et SympA. (Prdent du comite programme : Daniel Hagimont)</s>
    <s>La Sixi tion de CFSE a eu lieu du 11 au 16 fier 2008 ribourg (Suisse), en conjonction avec RenPar et SympA. (Prdent du comite programme : Pierre Sens)</s>
    <s>La septi tion de CFSE a eu lieu du 9 au 11 septembre 2009 oulouse, en conjonction avec RenPar et SympA et la journde l'action ADAPT. (Prdent du comite programme : Christine Morin)</s>
    <s>La huiti ton a eu lieu du 10 au 13 mai 2011 t-Malo, toujours en conjonction avec RenPar et SympA ainsi que plusieurs nements satellites. (Prdent du comite programme : Marc Shapiro)</s>
    <s>Version mprimerDerni mise our : June 28, 2011, at 04:58 PM</s>
  </text>
</page>
