<?xml version="1.0" encoding="UTF-8"?>
<!DOCTYPE page SYSTEM "page.dtd">
<page>
  <lang>fr</lang>
  <url>http://www.telecom-bretagne.eu/lexians/2011/recherche/de-la-suite-dans-les-idees-adrien-guinet-a-presente-un-poster-a-la-conference-cgo-2011/</url>
  <title>De la suite dans les idées : Adrien Guinet a présenté un poster à la ...</title>
  <snippet>
    <s>31 mai 2011 De la suite dans les idées : Adrien Guinet a présenté un poster à la conférence CGO 2011. Un article publié dans Lexians, la lettre </s>
  </snippet>
  <text>
    <s>La lettre d'information de Télécom Bretagne</s>
    <s>Ajouter un événement Nous suivre sur Twitter@TelecomBretagne</s>
    <s>English Français</s>
    <s>Télécom Bretagne</s>
    <s>Vous êtes ici : Accueil › Articles › Recherche › De la suite dans les idées…</s>
    <s>Tous les articles</s>
    <s>Initiatives élèves</s>
    <s>Institut Télécom</s>
    <s>Sur les campus</s>
    <s>Ajouter un article</s>
    <s>Tous les événéments</s>
    <s>Autres événements</s>
    <s>Distinctions et prix</s>
    <s>Émissions radio</s>
    <s>Forums et salons</s>
    <s>Manifestations sportives</s>
    <s>Vulgarisation scientifique</s>
    <s>Ajouter un événement</s>
    <s>Recherche avancée </s>
    <s>Auteur / Date</s>
    <s>Delphine Lucas</s>
    <s>31 mai 2011 . 14:16</s>
    <s>De la suite dans les idées : Adrien Guinet a présenté un poster à la conférence CGO 2011</s>
    <s>Un article publié dans Lexians, la lettre d'information de Télécom Bretagne.</s>
    <s>Publié dans Recherche also available in English</s>
    <s>A+ A- A</s>
    <s>Suite à un projet de fin de semestre de 3e année, Adrien Guinet, élève-ingénieur, a présenté un poster à la conférence internationale CGO 2011 (Code Generation and Optimization) qui s'est tenue à Chamonix, du 2 au 6 avril.</s>
    <s>Suite à un travail réalisé dans le cadre d'un projet de fin de 3e année encadré par Serge Guelton, doctorant au département Informatique, Adrien Guinet a présenté un poster à la conférence CGO 2011. &quot;Ce fût une expérience intéressante sur le plan personnel et professionnel. Cela m'a permis de voir l'état actuel de la recherche dans le domaine de la compilation et aussi de rencontrer des scientifiques venant du monde entier&quot;, dit Adrien Guinet.</s>
    <s>L'objectif initial du projet de fin de 3e année a été largement dépassé avec la soumission d'un article à la conférence Pact 2011 (20th International Conference on Parallel Architectures and Compilation Techniques) et la présentation d'un poster à la conférence CGO 2011. Le projet de fin de semestre s'articulait autour du projet Pips, un compilateur qui permet, entre autres, de générer des fichiers sources supportant des instructions vectorielles. Adrien Guinet a apporté le support par Pips de nouveaux jeux d'instructions présents dans le domaine des microprocesseurs modernes et a aidé à l'optimisation des algorithmes permettant la génération de ces instructions. Ces instructions permettent d'accélérer les calculs intensifs sur microprocesseur d'un facteur allant de 4 à 8 sur des architectures récentes.</s>
    <s>Contact : Adrien Guinet, élève-ingénieur de 3e année - [adrien.guinet@telecom-bretagne.eu].</s>
    <s>Mots clés : Adrien Guinet, CGO 2011, International Symposium Code Generation and Optimization, Pact 2011, Serge Guelton.</s>
    <s>Laisser un commentaire</s>
    <s>Courriel Créer une icône</s>
    <s>Site web</s>
    <s>Anti-spam :somme de 1 + 9 ?</s>
    <s>(Comment créer une icône / un avatar ?)</s>
    <s>S’abonner à Lexians® :</s>
    <s>!Chargement Chargement</s>
    <s>Les prochains événements</s>
    <s>3 oct</s>
    <s>› 14 nov</s>
    <s>Exposition Miradas cruzadas d'Erwan Fichou &amp; Luis Carlos Hurtado</s>
    <s>10 oct</s>
    <s>› 15 déc</s>
    <s>Post-it® war 2011 par l'association Ader</s>
    <s>Séance d’information sur la 2e session principale du Collège des hautes études du développement durable (CHEDD) Bretagne</s>
    <s>Voir tous les événéments</s>
    <s>Articles récents Commentaires</s>
    <s>18 oct Deux nouvelles écoles rejoignent le réseau des écoles associées de l'Institut Télécom</s>
    <s>18 oct Une nouvelle entrée pour le campus de Brest</s>
    <s>18 oct Une nouvelle résidence haut de gamme sur le campus de Brest</s>
    <s>17 oct Inauguration de la plate-forme 4G - LTE d'ImaginLab</s>
    <s>14 oct Télévision et internet : quels sont vos usages ?</s>
    <s>7 oct Serge Guelton : « Building source-to-source compilers for heterogeneous targets »</s>
    <s>7 oct « Regards croisés / Miradas Cruzadas », exposition de photographies de Luis Carlos Hurtado et d'Erwan Fichou</s>
    <s>6 oct Télécom Bretagne, 1re école d'ingénieurs qui twitte !</s>
    <s>5 oct La presse quotidienne régionale face aux enjeux du numérique</s>
    <s>3 oct Prix de la croissance verte numérique : jusqu’au 14 octobre minuit pour être candidat !</s>
    <s>Nuage de mots clés</s>
    <s>AITB Brest CHEDD Bretagne Claude Berrou concours Creation d’entreprises Developpement durable doctorant doctorat exposition Fête de la science Fondation Télécom incubateur innovation Institut Télécom internet Labsticc Latim Maisel Minute du chercheur prix Recherche Rennes rentrée 2010 RSE soutenance start-up Téléfanfare thèse TIC</s>
    <s>WP Cumulus Flash tag cloud by Roy Tanck and Luke Morton requires Flash Player 9 or better.</s>
    <s>Archives des articles par mois</s>
    <s>octobre 2011</s>
    <s>septembre 2011</s>
    <s>août 2011</s>
    <s>juillet 2011</s>
    <s>juin 2011</s>
    <s>mai 2011</s>
    <s>avril 2011</s>
    <s>mars 2011</s>
    <s>février 2011</s>
    <s>janvier 2011</s>
    <s>décembre 2010</s>
    <s>Flux RSS</s>
    <s>Mentions légales • Plan du site • Liste des flux RSS</s>
    <s>Tous droits réservés © Télécom Bretagne Design &amp; Intégration Wordpress par l'agence de design juxy.</s>
    <s>Creative Commons</s>
  </text>
</page>
