<?xml version="1.0" encoding="UTF-8"?>
<!DOCTYPE page SYSTEM "page.dtd">
<page>
  <lang>fr</lang>
  <url>http://www.laconferencehippocrate.com/resultat/resultat.asp</url>
  <title>La Conférence Hippocrate : ECN (Epreuves Classantes Nationales)</title>
  <snippet>
    <s>Une structure accueillante et instructive: la Conférence Hippocrate a été créée pour aider les étudiants en médecine dans leur 3- Par classement par ville </s>
  </snippet>
  <text>
    <s>Accueil - Iconographie - Annales - Formation - La collection Hippocrate - AccMembres</s>
    <s>ECN Blancs</s>
    <s>Dates et inscriptions</s>
    <s>Rltats de l'ECN blanc national de Janvier 2011</s>
    <s>1- Par ordre alphabque</s>
    <s>2- Par classement gral</s>
    <s>3- Par classement par ville AMIENS ANGERS BESANCON BORDEAUX BREST CLERMONT FD DIJON LILLE LIMOGES LYON MARSEILLE MONTPELLIER NANCY NANTES NICE PARIS POITIERS REIMS RENNES STRASBOURG TOULOUSE TOURS</s>
    <s>4- Sur le nom du candidat</s>
    <s>Les statistiques de cet ECN Blanc sont en ligne sur ce site, venez les consulter.</s>
    <s>La consultation de cette page induit de fait votre accord concernant la publication de votre nom sur internet.</s>
    <s>Rltats de l'ECN blanc national de Mars 2011</s>
    <s>Choisissez le type de votre recherche</s>
    <s>1- Par ordre alphabque</s>
    <s>2- Par classement gral</s>
    <s>3- Par classement par ville AMIENS ANGERS BESANCON BORDEAUX BREST CLERMONT FD DIJON GRENOBLE LILLE LIMOGES LYON MARSEILLE MONTPELLIER NANCY NANTES NICE PARIS POITIERS REIMS RENNES SAINT-ETIENNE STRASBOURG TOULOUSE TOURS</s>
    <s>4- Sur le nom du candidat</s>
    <s>Les statistiques de cet Internat Blanc sont en ligne sur ce site, venez les consulter.</s>
    <s>La consultation de cette page induit de fait votre accord concernant la publication de votre nom sur internet.</s>
    <s>Rltats de l'ECN blanc national de Juin 2011</s>
    <s>Choisissez le type de votre recherche</s>
    <s>1- Par ordre alphabque</s>
    <s>2- Par classement gral</s>
    <s>3- Par classement par ville PARIS</s>
    <s>4- Sur le nom du candidat</s>
    <s>La consultation de cette page induit de fait votre accord concernant la publication de votre nom sur internet.</s>
    <s>Hrgement Cogitel - Mentions Lles - AccMembres</s>
    <s>Mis our le mardi 18 octobre 2011</s>
  </text>
</page>
