<?xml version="1.0" encoding="UTF-8"?>
<!DOCTYPE page SYSTEM "page.dtd">
<page>
  <lang>fr</lang>
  <url>http://www2.kenes.com/eans-sfnc/eans_fr/Pages/preliminary_timetable.aspx</url>
  <title>APERCU DU PROGRAMME</title>
  <snippet>
    <s>Poster Session I: Skull Base. Posters may be mounted from 08:00 on the day of your presentation and removed by 18:00 on the same day. 9h00, Conférence </s>
  </snippet>
  <text>
    <s>Tenez-moi au courant Suggerez a vos collegues Ajouter a mes favoris English | Français</s>
    <s>Programme Scientifique</s>
    <s>APERCU DU PROGRAMME</s>
    <s>PRESENTATION DE POSTER</s>
    <s>Instructions pour les communications libres</s>
    <s>Informations pratiques</s>
    <s>Programme des accompagnateurs</s>
    <s>Evenements Sociaux</s>
    <s>SPONSORING &amp; EXPOSITION</s>
    <s>SPONSORS CONFIRMES</s>
    <s>Air France Transporteur Officiel</s>
    <s>A propos de Marseille</s>
    <s>APERCU DU PROGRAMME</s>
    <s>Veuillez noter: le programme est amené à être changé</s>
    <s>Session/Conférence en anglais</s>
    <s>Session/Conférence en français (diapositives en anglais)</s>
    <s>Session Communication Libre</s>
    <s>Evènements Sociaux,  Pauses café et déjeuner</s>
    <s>Séminaires-déjeuners sponsorisés</s>
    <s>Rencontre Société / Comité</s>
    <s>Jeudi 26 mars 2009 </s>
    <s>Conseil d'Administration EANS</s>
    <s>Vendredi 27 mars 2009 </s>
    <s>Ouverture de l’Enregistrement</s>
    <s>8h30 – 12h00</s>
    <s>Réunion du Directoire EANS</s>
    <s>Session CME</s>
    <s>Pause cafe</s>
    <s>Session CME (suite)</s>
    <s>Session d’Ouverture</s>
    <s>Conférence: Basics </s>
    <s>Pause déjeuner et Exposition</s>
    <s>Session Vidéo : How I do it From Masters?</s>
    <s>Communications Libres: Divers I</s>
    <s>Pause café et exposition</s>
    <s>Conférence européenne</s>
    <s>Départ des autocars de l'hôtel Pullman Palm Beach</s>
    <s>Reception de Bienvenue à l'Hôtel de Ville</s>
    <s>Samedi 28 mars 2009</s>
    <s>Cérémonie d'Ouverture EANS-SFNC</s>
    <s>Session de posters: Base du crâne</s>
    <s>Il est possible de monter les posters à partir de 08h00 le jour de votre présentation et de les démonter à 18h00 le même jour.</s>
    <s>Poster Session I: Skull Base</s>
    <s>Posters may be mounted from 08:00 on the day of your presentation and removed by 18:00 on the same day.</s>
    <s>Conférence Spéciale: Nouveautés en neurochirurgie fonctionnelle - partie I</s>
    <s>Pause café, Posters et Exposition</s>
    <s>Conférence Spéciale: Nouveautés en neurochirurgie fonctionnelle - partie II</s>
    <s>Conférence: Impact of Technical Advances in Neurosurgery on Ethic and Good Practices</s>
    <s>Pause déjeuner, Posters et Exposition + Réception des Membres Individuels EANS</s>
    <s>Séminaire sponsorisé par Covidien à l’heure du déjeuner: CSF leak prevention: a review of closure options and healthcare economics</s>
    <s>Session spéciale: Meningiomas de la Base du Crâne</s>
    <s>Pause café, Posters et Exposition</s>
    <s>Communication Libres: Base du crâne / Free Communications: Skullbase</s>
    <s>Départ des autocars à partir de l'hôtel Pullman Palm Beach / Coaches depart from Pullman Palm Beach Hotel </s>
    <s>Dîner de Gala &quot;Joint Meeting&quot; à Avignon / Gala Dinner – The Popes’ Palace Le Palais des Papes, Avignon</s>
    <s>Dimanche 29 mars 2009</s>
    <s>Ouverture Officielle SFNC</s>
    <s>Session de posters II: Fonctionnel et vasculaire</s>
    <s>Il est possible de monter les posters à partir de 08h00 le jour de votre présentation et de les démonter à 18h00 le même jour.</s>
    <s>Poster Session II: Functional &amp; Vascular</s>
    <s> Posters may be mounted from 08:00 on the day of your presentation and removed by 18:00 on the same day.</s>
    <s>Session: Club Chirurgie Vasculaire - les anévrysmes géants/ Vascular Surgery Club - Giant aneurysms</s>
    <s>Communications Libres: Vasculaire / Free Communications: Vascular</s>
    <s>Pause café, Posters et Exposition</s>
    <s>Conférence: Conseil d'Administration Neurochirurgical de Certification et UEMS</s>
    <s>Assemblée Générale SFNC</s>
    <s>Pause déjeuner, Posters et Exposition</s>
    <s>Séminaire sponsorisé par Elekta à l’heure du déjeuner: Brain metastases modern neurosurgical management at the era of gamma knife surgery</s>
    <s>Session: Club de neurochirurgie fonctionnelle &amp; stéréotaxique / Club of functional &amp; stereotactic neurosurgery</s>
    <s>Communications Libres: Stéréo &amp; fonctionnel / Free Communications: Stereotactic &amp; functional</s>
    <s>Pause café sponsorisée par Eisai, Posters et Exposition</s>
    <s>Session: Passé, présent &amp; avenir de la chirurgie de l'épilepsie</s>
    <s>Table ronde des neurochirurgiens libéraux / Roundtable of the neurosurgeons from private practice</s>
    <s>Séminaire sponsorisé par Carl Zeiss Meditec:</s>
    <s>La technologie Pentero au service de nos patients</s>
    <s>Lundi 30 mars 2009</s>
    <s>Session: Club de neurooncologie - Gliomes et localisation cérébrale: de la cognition à la biologie / Club of Neurooncology - Gliomas and Brain Location – From Cognition to Molecular Biology</s>
    <s>Session Posters III: Oncologie</s>
    <s>Il est possible de monter les posters à partir de 08h00 le jour de votre présentation et de les démonter à 18h00 le même jour.</s>
    <s>Poster Session III: Oncology</s>
    <s>Posters may be mounted from 08:00 on the day of your presentation and removed by 18:00 on the same day.</s>
    <s>Communications Libres: Neurooncologie / Free Communications: Neurooncology</s>
    <s>Pause café sponsorisée par Eisai, Posters et Exposition</s>
    <s>Conférence: Towards Targeted Therapies for Brain Tumors</s>
    <s>Session: Evaluation des Pratiques Professionnelles (EPP) SFNC / Experimentation of Medical Assessment (EPP) SFNC</s>
    <s>Discussion: La formation internationale en neurochirurgie</s>
    <s>Pause déjeuner, Posters et Exposition</s>
    <s>Séminaire sponsorisé par BrainLAB, Medtronic &amp; Elekta à l’heure du déjeuner : Imaging integration at the OR Pros &amp; Cons of the diverse strategies</s>
    <s>14h45 - 16h45</s>
    <s>Session: Infirmières (Neurologie et Neurochirurgie) AFIINC &amp; SFETD</s>
    <s>La prise en charge de la douleur &amp; son évaluation clinique</s>
    <s>14h00 départ des autocars de l'hôtel pour la Faculté de Médecine</s>
    <s>14h00 – 18h00  </s>
    <s>L’ostéosynthèse rachidienne percutanée: Travaux pratiques sur cadavres</s>
    <s>Pour inscription, veuillez cliquer ici.</s>
    <s>Pause café, Posters et Exposition</s>
    <s>Conférence Spéciale: Hypotension intracrânienne - (Strasbourg &amp; Nancy) - étude de cas cliniques / Intracranial hypotension - clinical case studies</s>
    <s>Collège: La Formation professionnelle à la communication et au management médical</s>
    <s>Départ des autocars à partir de l'hôtel Pullman Palm Beach / Coaches depart from Pullman Palm Beach Hotel </s>
    <s>Dîner de Gala SFNC à la Chambre de Commerce / French Neurosurgery Society (SFNC) Gala Dinner – Chamber of Commerce</s>
    <s>Mardi 31 mars 2009</s>
    <s>Session: Société Francophone de Neurochirurgie du Rachis - Prise en charge des lésions rachidiennes des rhumatismes inflammatoires / Inflammatory rheumatisms: management of spinal locations</s>
    <s>Session de posters IV: pédiatrie, rachis et autres</s>
    <s>Il est possible de monter les posters à partir de 08h00 le jour de votre présentation et de les démonter à 18h00 le même jour.</s>
    <s>Poster Session IV: Pediatric, spine and other</s>
    <s>Posters may be mounted from 08:00 on the day of your presentation and removed by 18:00 on the same day.</s>
    <s>Communication Libres: le Rachis / Free Communications: Spine</s>
    <s>Pause café, Posters et Exposition</s>
    <s>Conférence: Dilemma of supraspecialisation and the issue of frontiers of the specialty - erosion of the specialty is it true and can something be done?</s>
    <s>Session: Chirurgie endoscopique des adénomes hypophysaires  / Endoscopic pituitary surgery</s>
    <s>Pause déjeuner, Posters et Exposition</s>
    <s>Communications Libres: Divers II / Free Communications: Miscellaneous II  </s>
    <s>Session: Pédiatrie - Drainage ventriculaire externe / Pediatry - External Ventricular Drainage</s>
    <s>Pause café, Posters et Exposition</s>
    <s>Communications Libres: Pédiatrie / Free Communications: Pediatrics</s>
    <s>Communications Libres: Divers III / Free Communications: Miscellaneous III</s>
    <s>18h30 - 18h45</s>
    <s>Session de clôture / Closing Ceremony</s>
    <s>© EANS-SFNC 2009 . All Rights Reserved KENES INTERNATIONAL</s>
    <s>PLAN DU SITE | SUPPORT</s>
  </text>
</page>
