<?xml version="1.0" encoding="UTF-8"?>
<!DOCTYPE page SYSTEM "page.dtd">
<page>
  <lang>fr</lang>
  <url>http://www.ipu.org/Splz-f/sp-arr.htm</url>
  <title>Conférence des Présidents des parlements : Modalités</title>
  <snippet>
    <s>Conférence des Présidents des parlements nationaux. Le Secrétaire </s>
  </snippet>
  <text>
    <s>!Lod de l'UIP</s>
    <s>CONFERENCE DES PRESIDENTS DES</s>
    <s>PARLEMENTS NATIONAUX</s>
    <s>Siege de l'ONU, New York, 30 aout - 1er septembre 2000</s>
    <s>Organisee par l'Union interparlementaire en cooperation avec</s>
    <s>l'Organisation des Nations Unies</s>
    <s>NOTE EXPLICATIVE</s>
    <s>I. INTRODUCTION</s>
    <s>1. La Conference des Presidents des Parlements nationaux a ete preparee par un comite preparatoire special cree en septembre 1998 par les organes directeurs de l'Union interparlementaire. Durant les 15 derniers mois, ce comite a tenu trois sessions pour arreter les modalites de la Conference, qui sont expliquees dans la presente note, et pour etablir le reglement et le projet de declaration de la Conference.</s>
    <s>2. La presente note est adressee a tous les Presidents et a pour but de les aider a preparer leur participation a la Conference. Elle est accompagnee des documents suivants :</s>
    <s>Projet de reglement (CONF-PRES/2000/RP)</s>
    <s>Ordre du jour provisoire annote (CONF-PRES/2000/A.1)</s>
    <s>Draft Declaration for the Conference (CONF-PRES/2000/Decl.1)</s>
    <s>Formulaire d'inscription pour les delegations (CONF-PRES/2000/Form.1)</s>
    <s>Formulaire destine a indiquer les preferences pour la prise de parole (CONF-PRES/2000/Form.2)</s>
    <s>II. LIEU DES REUNIONS</s>
    <s>3. L'Union interparlementaire, avec le concours du Secretaire general de l'ONU, organise la Conference des Presidents des parlements nationaux au Siege de l'Organisation des Nations Unies a New York du mercredi 30 aout au vendredi 1er septembre 2000 dans le cadre de l'Assemblee du millenaire. La Ceremonie d'ouverture et les seances de la Conference se tiendront dans la salle de l'Assemblee generale.</s>
    <s>III. CALENDRIER DE TRAVAIL</s>
    <s>4. Sous reserve des changements qui pourront etre decides sur place (une seance extraordinaire pourrait etre ajoutee au programme dans la soiree du jeudi 31 aout en fonction du nombre d'orateurs inscrits), le calendrier de travail de la Conference est le suivant :</s>
    <s>Mardi 29 aout</s>
    <s>9 a 19 heures</s>
    <s>Inscription des delegations</s>
    <s>Mercredi 30 aout</s>
    <s>8 h.30</s>
    <s>Inscription des delegations</s>
    <s>15 heures</s>
    <s>Ceremonie inaugurale</s>
    <s>16 heures</s>
    <s>Point 2 : Adoption de l'ordre du jour et des modalites pratiques de la Conference</s>
    <s>Point 3 : La vision parlementaire de la cooperation internationale a l'aube du troisieme millenaire : discours d'ouverture et declarations des presidents</s>
    <s>18 h.30</s>
    <s>Reception offerte par la Presidente du Conseil de l'Union interparlementaire, Mme Najma Akbarali Heptulla</s>
    <s>Jeudi 31 aout</s>
    <s>10 et 15</s>
    <s>Poursuite du debat sur le point 3</s>
    <s>18 h.30</s>
    <s>Reception offerte par le Secretaire general de l'ONU, M. Kofi Annan</s>
    <s>Vendredi 1er septembre</s>
    <s>10 et 15 heures</s>
    <s>Poursuite du debat sur le point 3</s>
    <s>17 heures</s>
    <s>Point 4 : Adoption de la declaration finale</s>
    <s>Point 5 : Ceremonie de cloture de la Conference</s>
    <s>IV. PARTICIPATION</s>
    <s>5. La Conference des Presidents reunira les categories de participants et d'observateurs suivantes :</s>
    <s>&gt; (i) Participants : Les Presidents de tous parlements nationaux, y compris les Presidents des deux Chambres dans le cas des parlements bicameraux, qui sont membres de l'Union interparlementaire ainsi que les Presidents des assemblees legislatives nationales non membres de l'Union interparlementaire mais repondant a la definition du parlement selon l'Union</s>
    <s>&gt; (ii) Observateurs :</s>
    <s>&gt;les Presidents du Conseil legislatif palestinien et du Conseil national palestinien;</s>
    <s>&gt;les Presidents des assemblees parlementaires internationales ayant la qualite de membre associe de l'Union interparlementaire ainsi que les Presidents des assemblees et organisations parlementaires officielles jouissant du statut d'observateur aux reunions de l'Union interparlementaire;</s>
    <s>&gt;les Chefs de secretariat des programmes et institutions du systeme des Nations Unies et de l'OMC;</s>
    <s>&gt;les Representants permanents aupres des Nations Unies a New York;</s>
    <s>&gt; (iii) Invites speciaux : quelques personnalites de haut rang seront conviees a s'exprimer devant la Conference.</s>
    <s>&gt; V. EFFECTIF DES DELEGATIONS</s>
    <s>&gt; 6. Etant donne le tres grand nombre de participants attendus a cette conference et la taille de la salle de l'Assemblee generale, les Presidents ne pourront etre accompagnes que d'un nombre restreint de parlementaires et/ou collaborateurs. Aussi l'effectif maximum des delegations de chaque parlement, monocameral ou bicameral, ne devrait-il pas depasser six personnes, y compris le(s) President(s).</s>
    <s>&gt; 7. Les delegations des observateurs ne peuvent pas compter plus de deux personnes, a l'exception des delegations de la Palestine et des Membres associes de l'Union interparlementaire qui peuvent comprendre autant de membres que les delegations de parlements nationaux.</s>
    <s>&gt; VI. ATTRIBUTION DES SIEGES DANS LA SALLE</s>
    <s>&gt; 8. Chaque delegation disposera de six sieges dans la salle pleniere de l'Assemblee generale, trois avec pupitre et trois derriere sans pupitre. L'un de ces sieges sera reserve au Representant permanent a New York au cas ou il souhaiterait accompagner la delegation.</s>
    <s>&gt; 9. Le nom du pays a placer a la premiere rangee sera determine par tirage au sort, toutes les autres delegations suivant par ordre alphabetique. Les observateurs seront places derriere les delegations parlementaires.</s>
    <s>&gt; VII. CEREMONIE INAUGURALE</s>
    <s>&gt; 10. La Ceremonie inaugurale de la Conference se deroulera le mercredi 30 aout a 15 heures en presence du Secretaire general de l'ONU, M. Kofi Annan, et d'autres eminentes personnalites.</s>
    <s>&gt; VIII. PRESIDENCE</s>
    <s>&gt; 11. La Presidente du Conseil de l'Union interparlementaire presidera la Conference et ses seances d'ouverture et de cloture. Elle sera assistee par un nombre restreint de Presidents de parlement designes par le Conseil qui presideront les seances consacrees aux debats sur le point 3 de l'ordre du jour.</s>
    <s>&gt; IX. BUREAU RESTREINT</s>
    <s>&gt; 12. La Presidente sera assistee par un bureau restreint comprenant le Vice-President du Comite executif de l'Union interparlementaire, le Rapporteur designe par le Comite preparatoire et des membres choisis parmi les Presidents de parlement par le Conseil de l'Union. Le Bureau restreint se reunira la veille de la Conference pour arreter les derniers preparatifs de la Conference.</s>
    <s>&gt; X. DROIT A LA PAROLE</s>
    <s>&gt; 13. Les Presidents de parlement et d'assemblee et les autres personnalites enumeres ci-apres sont invites a prendre la parole devant la Conference :</s>
    <s>&gt;&gt; (i) les Presidents des parlements nationaux, y compris le President de chacune des deux Chambres dans le cas de parlements bicameraux;</s>
    <s>(ii) le President du Conseil legislatif palestinien ou celui du Conseil national palestinien;</s>
    <s>(iii) les Presidents des assemblees parlementaires officielles qui sont Membres associes de l'Union interparlementaire;</s>
    <s>(iv) les invites speciaux.</s>
    <s>&gt; 14. Pareille reunion mondiale de haut niveau ne va pas sans certaines limitations du temps de parole. A l'instar des sommets onusiens, il est prevu un temps de parole strictement limite a cinq minutes pour chaque president de parlement. Si les deux Presidents d'un parlement bicameral souhaitent intervenir, ils se partagent un temps de parole de huit minutes.</s>
    <s>&gt; 15. Il est prevu un temps de parole de cinq minutes pour le President du Conseil legislatif palestinien ou celui du Conseil national palestinien et de trois minutes pour chacun des Presidents des assemblees parlementaires officielles qui sont Membres associes de l'Union interparlementaire.</s>
    <s>&gt; 16. Les Presidents sont invites a s'inscrire aupres du Secretariat de l'Union interparlementaire d'ici au 15 juillet au plus tard en se servant du formulaire ci-joint (CONF-PRES/2000/Form.2) leur permettant d'indiquer leurs preferences pour la prise de parole. Comme le prevoit ce formulaire, les orateurs sont pries d'indiquer leurs premier, deuxieme et troisieme choix s'agissant de la seance durant laquelle ils souhaiteraient prendre la parole. Le Secretariat etablira par la suite la liste des orateurs en tenant compte, autant que possible, des preferences exprimees par les Presidents. Cette liste leur sera envoyee le 31 juillet.</s>
    <s>&gt; XI. DECLARATION FINALE</s>
    <s>&gt; 17. Un projet de declaration de la Conference a ete etabli par le Comite preparatoire. Le mode de deroulement de la Conference ne permettant pas d'apporter des changements de derniere minute a ce texte, tous les parlements ont ete invites a soumettre des amendements qui ont ete pris en consideration par le Comite preparatoire au dernier stade de la redaction. Les Presidents devraient adopter cette declaration sans vote formel a la cloture de la Conference.</s>
    <s>&gt; XII. DOCUMENTS</s>
    <s>&gt; 18. L'ordre du jour provisoire, le projet de declaration, le projet de reglement, la Liste des participants ainsi que le Journal de la Conference etablis par le Secretariat sont les seuls documents officiels de la Conference. Ils seront disposes sur les comptoirs situes de part et d'autre de la salle de l'Assemblee generale.</s>
    <s>&gt; 19. L'ordre du jour provisoire, le projet de declaration et le projet de reglement de la Conference seront etablis et distribues dans les six langues officielles de l'ONU. La liste des participants et le Journal de la Conference le seront uniquement en anglais et français, les deux langues officielles de l'Union interparlementaire.</s>
    <s>&gt; 20. Il n'y aura pas de proces-verbal des debats. Toutefois, l'Union interparlementaire etablira par la suite une publication reprenant le texte integral des discours a la Conference. Les discours qui n'auraient pas pu etre prononces par des delegations presentes a la Conference y figureront aussi.</s>
    <s>&gt; 21. Les delegations qui souhaitent faire distribuer des documents d'information pourront les deposer sur les tables reservees a cet effet a l'entree de la salle pleniere de l'Assemblee generale.</s>
    <s>&gt; XIII. LANGUES</s>
    <s>&gt; 22. L'interpretation sera assuree pour les langues qui sont habituellement utilisees lors des reunions dans le cadre du systeme des Nations Unies : anglais, arabe, chinois, espagnol, français et russe.</s>
    <s>&gt; XIV. INSCRIPTION DES DELEGATIONS</s>
    <s>&gt; 23. Les participants et observateurs sont pries de remplir le formulaire d'inscription ci-joint (CONF-PRES/2000/Form.1) et de le renvoyer au plus tard le 15 juillet 2000 au Secretariat de l'Union interparlementaire a l'adresse suivante :</s>
    <s>&gt;&gt; Union interparlementaire</s>
    <s>Place du Petit-Saconnex</s>
    <s>BP 438</s>
    <s>1211 Geneve 19</s>
    <s>&gt;&gt; Telephone : (4122) 919 41 50</s>
    <s>Telecopie : (4122) 919 41 60</s>
    <s>Adresse electronique : postbox@mail.ipu.org</s>
    <s>&gt; 24. Le Bureau d'inscription et d'information de la Conference, installe dans la partie gauche du hall des visiteurs, fonctionnera a partir du mardi 29 aout. Dans la mesure du possible, les delegues sont pries de retirer leur badge des le 29 aout pour eviter tout retard dans le deroulement du programme prevu pour la Ceremonie d'ouverture, le mercredi 30 aout. Les heures d'ouverture de ce service sont indiquees ci-dessous :</s>
    <s>&gt;de 9 a 19 heures, le mardi 29 aout;</s>
    <s>&gt;de 8 h.30 a 18 heures, du mercredi 30 aout au vendredi 1er septembre.</s>
    <s>&gt; 25. Il sera remis aux participants des badges d'identification pour la duree de la Conference ainsi que des documents etablis par le Secretariat de l'Union interparlementaire. Ce service sera egalement charge des messages pour les delegues.</s>
    <s>&gt; 26. Les delegations recevront aussi, au moment de leur inscription, une liste provisoire des delegues. Elles sont priees de signaler au bureau du Secretariat toute rectification a y apporter, des leur inscription et, au plus tard, le jeudi 31 aout a 13 heures.</s>
    <s>&gt; XV. BADGES D'IDENTIFICATION</s>
    <s>&gt; 27. Les badges d'identification seront etablis sous la responsabilite du Service de securite de l'ONU sur la base d'une liste des delegues fournie par le Secretariat de l'Union interparlementaire. Ces badges seront remis aux delegations au moment de leur inscription.</s>
    <s>&gt; 28. Par mesure de securite generale et pour permettre aux participants de se deplacer sans entrave, ils sont pries de porter bien en evidence leur badge d'identification, et ce en toute occasion durant tout leur sejour dans les locaux de la Conference. Pour des raisons de securite, l'admission aux lieux de reunion ne sera autorisee qu'aux personnes munies de leur badge. Toute perte de badge devra etre signalee immediatement au Service d'inscription et d'information, qui en informera le Service de securite de l'ONU. Les participants sont pries de noter que les badges d'identification sont etablis par ce service de securite et que le remplacement des badges perdus prend parfois du temps.</s>
    <s>&gt; XVI. RECEPTIONS OFFICIELLES</s>
    <s>&gt; 29. La Presidente du Conseil et le Secretaire general de l'Union interparlementaire offriront une reception en l'honneur de tous delegues au Siege de l'ONU le 30 aout 2000, de 18 h.30 a 20 h.30. Le Secretaire general de l'ONU donnera une reception pour les delegues dans la soiree du 31 aout 2000.</s>
    <s>&gt; XVII. SERVICES POUR LES DELEGATIONS</s>
    <s>&gt; 30. Le Secretariat de l'ONU, en sa qualite d'hote dans les locaux des Nations Unies, assurera les services habituels aux delegues durant la session (banque, restaurant, bar-cafe, service medical, bureau de poste, agence de voyage, etc.). Toutefois, s'agissant des prestations traditionnellement offertes a l'occasion des reunions de l'Union interparlementaire tenues a l'invitation d'un parlement membre (notamment l'accueil des delegues a leur arrivee, leur transport et la reservation de chambres d'hotel), les delegations peuvent prendre contact avec leurs missions permanentes respectives a New York pour solliciter leur concours a cet egard. Ces missions ont toutes ete informees de la tenue de la Conference. La plupart d'entre elles ont l'habitude d'accueillir des delegations nationales aux reunions des Nations Unies et de s'occuper des reservations de chambres d'hotel, et bon nombre ont signe des accords avec des hotels.</s>
    <s>&gt; XVIII. VISAS</s>
    <s>&gt; 31. Tous les delegues doivent avoir un visa en cours de validite pour les Etats-Unis d'Amerique. Les ressortissants de pays n'ayant pas de relations diplomatiques avec les Etats-Unis devront s'adresser a la Mission des Etats-Unis aupres des Nations Unies a New York, directement ou par l'entremise de leur propre mission permanente. La Mission des Etats-Unis, dont l'adresse figure ci-apres, a ete avisee en consequence (United States Mission to the United Nations, 799 United Nations Plaza, New York, NY 10017-3505; fax: (212) 415 4443). Elle a fait savoir, cependant, que ces procedures peuvent durer jusqu'a six semaines, raison pour laquelle il est vivement recommande de presenter les demandes de visa bien avant la Conference.</s>
    <s>&gt; XIX. SECURITE</s>
    <s>&gt; 32. La securite au Siege de l'Organisation des Nations Unies est du ressort de l'ONU qui applique ses propres regles en la matiere.</s>
    <s>&gt;&gt; Geneve, le 20 mars 2000</s>
    <s>&gt; En 1993, le Conseil interparlementaire a defini les parlements comme les assemblees nationales qui sont &quot;dotees de pouvoirs legislatifs et exercent un controle sur lExecutif en vertu du droit national&quot;</s>
    <s>&gt; RETOUR A LA PAGE &quot;CONFERENCE DES PRESIDENTS DES PARLEMENTS&quot;</s>
  </text>
</page>
