<?xml version="1.0" encoding="UTF-8"?>
<!DOCTYPE page SYSTEM "page.dtd">
<page>
  <lang>fr</lang>
  <url>http://www.jasminbergeron.com/fr/organisateurs/resume-des-conferences</url>
  <title>Résumé des conférences</title>
  <snippet>
    <s>Résumé des conférences Conférence l&#39;effet wow en leadership, conférencier Québec Conférence La négociation gagnant-gagnant, conférencier Québec </s>
  </snippet>
  <text>
    <s>Nous joindre</s>
    <s>Conférence L’effet WOW!</s>
    <s>Conférence L’effet WOW en vente et en développement des affaires</s>
    <s>Conférence L’effet WOW en qualité de service</s>
    <s>Conférence L’effet WOW en leadership</s>
    <s>Conférence L’effet WOW en équipe</s>
    <s>Conférence La négociation gagnant-gagnant</s>
    <s>Conférence Le bonheur au travail et en famille</s>
    <s>Qui est Jasmin ?</s>
    <s>Un conférencier</s>
    <s>Un professeur</s>
    <s>Un auteur</s>
    <s>Un voyageur</s>
    <s>Un papa</s>
    <s>Revue de presse</s>
    <s>Nos clients</s>
    <s>Quelques témoignages de clients</s>
    <s>Infos pourles organisateurs</s>
    <s>Besoins audiovisuels</s>
    <s>Résumé des conférences</s>
    <s>Photos promotionnelles</s>
    <s>Texte pour présenter Jasmin sur scène</s>
    <s>Il nous fait plaisir de vous présenter les sept conférences principales de Jasmin. En tout temps, nous pouvons adapter le contenu des conférences selon vos besoins et vos attentes. Nous pouvons aussi jumeler les contenus de certaines conférences. Chacune des présentations peut être donnée en anglais ou en français.</s>
    <s>Vous pouvez visualiser le contenu des conférences en cliquant sur les titres des conférences. Jasmin est un conférencier expérimenté qui saura vous proposer la conférence « sur mesure » qui vous convientFaites-nous part de vos préoccupations, de vos défis et des résultats que vous recherchez. Notre objectif est de maximiser le succès de votre événement!</s>
    <s>Pour nous joindre</s>
    <s>(514) 978-0795</s>
    <s>Quelques témoignages</s>
    <s>Suivant Précédent</s>
    <s>Tu livres un message très percutant, rempli de trucs concrets et d’une façon absolument unique et savoureuse à souhaitNous aurions pu t’écouter encore longtemps.</s>
    <s>Camille D. Roberge</s>
    <s>Chef comptable</s>
    <s>Vous m'avez épatéeCe sont des suggestions utiles à mettre en pratique autant dans notre vie personnelle que professionnelle. WOW que ça m'a plu!</s>
    <s>Denise Gervais</s>
    <s>Hôpital de Chicoutimi</s>
    <s>Tu as dépassé nos attentes et de loinJ’ai surtout apprécié les trucs concrets pour aider à améliorer les résultats. Nous sommes fortement intéressés à entendre la suite de cette conférence!</s>
    <s>Ghislain Thiffault</s>
    <s>Directeur des opérations</s>
    <s>CLUB PISCINE</s>
    <s>Bravo, bravo et encore bravoTu nous as éblouisQuelle conférence enrichissanteNous avons tellement apprécié!</s>
    <s>Carole Brideau</s>
    <s>Conseillère en marketing</s>
    <s>CAISSES POPULAIRES ACADIENNES</s>
    <s>Ta conférence a fait un effet WOWJe n’arrête pas de recevoir des emails de participants emballésJe ferai la promotion de tes talents de conférencier!</s>
    <s>Nesrine Chirara</s>
    <s>Directrice principale</s>
    <s>BANQUE DE DÉVELOPPEMENT DU CANADA</s>
    <s>Il n’y a qu’un mot pour décrire tout ce que j’ai entendu et c’est un gros WOWMerci beaucoup d’être passé dans ma vie. Quel privilège d’assister à vos conférences!</s>
    <s>Guylaine Michaud</s>
    <s>Directrice principale</s>
    <s>ASSOCIATION DES GARDERIES DU QUÉBEC</s>
    <s>Tes conférences changent la vie des gensN'arrête JAMAIS ces conférences. Merci, merci et MERCI pour ton extraordinaire «conférence WOW!»!!!</s>
    <s>Jean-Philippe Paradis</s>
    <s>Service à la clientèle</s>
    <s>Les participants ont vraiment beaucoup apprécié votre exclentte conférence et n'ont eu que des éloges à votre endroit. Au plaisir de vous revoir et mille mercis!</s>
    <s>Chantal Robert</s>
    <s>Conseillère en gestion des ressources humaines</s>
    <s>Que d’éloges à ton sujet suite à ta conférenceLes gens ont apprécié le contenu et ils ont adoré la formeUn véritable effet WOW!!Tu es un excellent conférencier!</s>
    <s>Dominique Parent Manseau</s>
    <s>Directrice générale</s>
    <s>CHAMBRE DE COMMERCE VAL D’OR</s>
    <s>J'ai beaucoup apprécié ton contenu, ton dynamisme, l’ambiance chaleureuse et sympathique, sans oublier ton humour!</s>
    <s>Sophie Huard</s>
    <s>Conseillère expérience client</s>
    <s>BANQUE NATIONALE</s>
    <s>Merci pour ta superbe conférence JasminTu as obtenu une note de 11 sur 10Bravo de &quot;faciliter&quot; ainsi la vie des gens!</s>
    <s>Chantale Giguère</s>
    <s>Directrice principale des ressources humaines</s>
    <s>VILLE DE QUÉBEC</s>
    <s>Quel dynamismeLes gens ont adoré ta convivialité et l’aspect pratique des concepts présentésWOWTu es notre coup de cœur comme conférencier!</s>
    <s>Katia Lamarche</s>
    <s>Chef de division aux ressources humaines-SST</s>
    <s>VILLE DE BLAINVILLE</s>
    <s>Vous avez conquis les congressistes avec votre belle énergie, votre sens de l’humour et vos exemples concrets. Votre conférence fut un succès!</s>
    <s>Ariane Charest</s>
    <s>Directrice du développement professionnel</s>
    <s>Les conseillers sont revenus au travail plein de &quot;pep&quot; et avec une tonne d'idéesTa conférence est primordiale au développement des affaires Les résultats sont vraiment significatifs.</s>
    <s>Stéphane Labine</s>
    <s>Directeur général</s>
    <s>Merci JasminNous avons passé une excellente soirée avec toiTaux de satisfaction = 100% +++ C’était génial!</s>
    <s>Louise Lévesque</s>
    <s>Directrice générale</s>
    <s>QUARTIER PETIT CHAMPLAIN</s>
    <s>Votre présentation est si vivante et stimulanteJ’ai bien ri et j’ai aussi amorcé une réflexion sur ma façon d’interagir avec ma clientèle. J’ai ADORÉ votre conférence!</s>
    <s>Annie Drouin</s>
    <s>Conseillère en prévention</s>
    <s>Conférence L’effet WOW!</s>
    <s>Conférence L’effet WOW en vente et en développement des affaires</s>
    <s>Conférence L’effet WOW en qualité de service</s>
    <s>Conférence L’effet WOW en leadership</s>
    <s>Conférence L’effet WOW en équipe</s>
    <s>Conférence La négociation gagnant-gagnant</s>
    <s>Conférence Le bonheur au travail et en famille</s>
    <s>Qui est Jasmin ?</s>
    <s>Un conférencier</s>
    <s>Un professeur</s>
    <s>Un auteur</s>
    <s>Un voyageur</s>
    <s>Un papa</s>
    <s>Revue de presse</s>
    <s>Nos clients</s>
    <s>Infos pour les organisateurs</s>
    <s>Besoins audiovisuels</s>
    <s>Résumé des conférences</s>
    <s>Photos promotionnelles</s>
    <s>Texte pour présenter Jasmin</s>
    <s>Nous joindre</s>
    <s>Jasmin Bergeron, MBA, Ph.D</s>
    <s>Conférencier et formateur</s>
    <s>Conception et hébergement de site Web par 6degrés</s>
  </text>
</page>
