<?xml version="1.0" encoding="UTF-8"?>
<!DOCTYPE page SYSTEM "page.dtd">
<page>
  <lang>fr</lang>
  <url>http://www.droitconstitutionnel.org/congresParis/atelierP3.html</url>
  <title>Constitution et pouvoir constituant droit constitutionnel</title>
  <snippet>
    <s>ABBASI Bizhan - Maître de conférences, Université de Téhéran - La modalité de l &#39;exercice du pouvoir de révision constitutionnelle en droit iranien résumé - </s>
  </snippet>
  <text>
    <s>Association française de droit constitutionnel</s>
    <s>VIIe Congres français de droit constitutionnel</s>
    <s>CONGRÈS DE PARIS</s>
    <s>25, 26 et 27 septembre 2008</s>
    <s>ATELIER 3</s>
    <s>Constitution et pouvoir constituant</s>
    <s>Responsables :</s>
    <s>Lucien JAUME, directeur de recherche CNRS, charge de cours a Sciences Po.</s>
    <s>et Jean-Pierre MACHELON, professeur a l'Universite Paris V</s>
    <s>Voir les communications annoncees</s>
    <s>Grille d'analyses</s>
    <s>Le pouvoir constituant a tenu une grande place dans la fondation et la vie de la Ve Republique, et, auparavant, il a eu en France une histoire riche. Trouvant ses racines dans la notion de « lois du royaume », il devait sous la Revolution, selon Sieyes, assurer de façon irrefutable la suprematie de la Constitution et de la Declaration des droits sur les lois ordinaires, grace a l'abolition de la confusion du pouvoir constituant et des pouvoirs constitues. Ce principe de separation ne fut pas respecte. Considere par la suite comme un mythe, ou redoute au XIXe siecle par les elites qui le percevaient comme une menace lourde de desordres, le pouvoir constituant du peuple est actuellement decrit par certains auteurs comme « une notion-limite du droit constitutionnel » (E.-W. Bockenforde) : le « peuple » comme sujet actif et autonome preexiste-t-il a l'acte constitutionnel ? ou bien est-il, en quelque sorte, construit par les gouvernants en quete de legitimation ? En toute hypothese, la Ve Republique a fait jouer un role important et diversifie au pouvoir constituant du peuple : ratification de la Constitution, de la reforme de 1962, du quinquennat, traite de Maastricht, referendum portant sur le traite constitutionnel europeen, etc., cette enumeration n'epuisant pas la matiere. A l'heure actuelle, dans le cadre de l'Union Europeenne, le pouvoir constituant du peuple reste, en France, le juge supreme dans un conflit entre une norme europeenne et la Constitution.</s>
    <s>L'atelier propose d'ouvrir plusieurs perspectives : perspective historique (en quoi existerait-il un heritage et des modifications ?), perspectives de theorie et de philosophie (par exemple, la question de la supra-constitutionnalite en droit français), perspective previsionnelle : les usages recents du referendum a portee constituante laissent-ils presager une nouvelle jeunesse du pouvoir constituant suppose resider dans le peuple ? Faut-il dire, par ailleurs, que d'autres instances, qu'elles soient parlementaires, juridictionnelles ou administratives, exercent, en fait, le pouvoir constituant actif ? Enfin, sans vouloir en faire un volet complet de cet atelier, une perspective historique et comparative (par exemple avec les Etats-Unis) pourrait etre la bienvenue, pour faire ressortir les particularites de l'idee du peuple constituant dans l'heritage français.</s>
    <s>Communications annoncees (toutes les communications feront l'objet d'une presentation orale)</s>
    <s>ABBASI Bizhan - Maitre de conferences, Universite de Teheran - La modalite de l'exercice du pouvoir de revision constitutionnelle en droit iranien resume - Texte</s>
    <s>BESSE Magalie, doctorant, Universite d'Auvergne : La Conference nationale souveraine : un pouvoir constitutant original resume - Texte C</s>
    <s>BLANC Didier, maitre de conferences, Universite de Versailles St Quentin, La justiciabilite des limites au pouvoir constitutant sous la Ve Republique resume - Texte</s>
    <s>CALAMO SPECCHIA Marina, professeur, Universite de Bari Italie : Les limites materielles a la revision de la Constitution en France et prespectives comparees. Texte definitif</s>
    <s>CAPORAL Stephane, professeur, Universite de Saint Etienne, : Le peuple : un souverain sous controle resume - Texte definitif</s>
    <s>DUFFOURC David, doctorant, Nancy Universite IRENEE : Droits fondamentaux et supra-constitutionnalite en France resume - Texte</s>
    <s>LAVROFF Dmitri, professeur emerite, L'instrumentalisation du pouvoir constituant</s>
    <s>MARCOVICI Emilie, ATER, Universite Toulouse 1 : A l'occasion des anniversaires de la Constitution française et de la creation d'Israel : regards croises sur le fonctionnement du pouvoir constitutant resume - Texte definitif C</s>
    <s>RUDELLE Odile, directeur de recherches CNRS-Cevipof (e.r.) : Le paradoxe de la tradition constitutionnelle française resume - Texte</s>
    <s>SAVONITTO Florian, doctorant, Universite Montpellier 1 CERCOP : Le pouvoir constitutant pose-t-il des normes ? L'exemple des articles 29 et 30 de la Constitution resume - Texte C</s>
    <s>ZOUBEIDI-DEFERT Yanis Doctorant , Universite de Franche Comte : Souverainete nationale et volonte populaire en matiere constituante - Resume - Texte C</s>
  </text>
</page>
