<?xml version="1.0" encoding="UTF-8"?>
<!DOCTYPE page SYSTEM "page.dtd">
<page>
  <lang>fr</lang>
  <url>http://leblocnotes.ca/node/3681</url>
  <title>Conférence des utilisateurs de données sur la santé 2011 ...</title>
  <snippet>
    <s>31 mars 2011 Date limite : le 2 mai 2011 proposition est acceptée, le titre du document et le résumé seront publiés dans les documents de la conférence. </s>
  </snippet>
  <text>
    <s>Accueil › Appels de communication ›</s>
    <s>Conférence des utilisateurs de données sur la santé 2011 - Données sur la santé : Repousser les limites</s>
    <s>Le Bloc-Notes, 31 mars 2011 - Demandez à l’expert : Les enjeux de la recherche participative, Volume 13, No. 14</s>
    <s>Conférence des utilisateurs de données sur la santé 2011 - Données sur la santé : Repousser les limites</s>
    <s>Les 22 et 23 septembre 2011</s>
    <s>Centre des congrès d’Ottawa, Ottawa (Ontario)</s>
    <s>Demande de communications</s>
    <s>Date limite : le 2 mai 2011</s>
    <s>En ce début de deuxième décennie du XXIe siècle, la santé de notre population et l’état de notre système de soins de santé conservent leur importance primordiale. Les nouvelles technologies du domaine de la santé et les nouveaux secteurs de recherche changent notre environnement. Ces changements soulèvent certaines questions, notamment comment pouvons-nous maximiser l’utilisation des données existantes et des nouvelles données en vue d’accroître nos connaissances sur la santé et le système de soins de santé?</s>
    <s>Cette conférence mettra en lumière l’étendue et la profondeur des données statistiques de la santé mises à la disposition des chercheurs, des planificateurs, des universitaires ainsi que des décideurs. Aussi, elle fournira une excellente occasion d’échanger de l’information et de repousser les limites de nos connaissances. C’est pourquoi Données sur la santé : Repousser les limites est le thème de la Conférence des utilisateurs des données sur la santé de cette année, parrainée par Statistique Canada et l’Institut canadien d’information sur la santé (ICIS).</s>
    <s>Le programme de la conférence sera constitué de deux lignes directrices, dont chacune vise une perspective différente à l’égard de l’utilisation des données statistiques sur la santé.</s>
    <s>Ligne directrice 1 : Méthodes et techniques</s>
    <s>Cette ligne directrice porte principalement sur les aspects méthodologiques de l’utilisation des données statistiques sur la santé, incluant le couplage des données, l’élaboration de nouvelles méthodes, la combinaison de sources de données et l’utilisation de techniques novatrices de recherche ou d’analyse pour « extraire » davantage de connaissances des données.</s>
    <s>Ligne directrice 2 : Les données à des fins décisionnelles</s>
    <s>Cette ligne directrice porte principalement sur l’utilisation des données statistiques sur la santé pour la prise de décision et la planification des programmes, l’exploration de nouvelles questions liées à la santé, l’évaluation et l’élaboration des politiques ainsi que l’amélioration des soins de santé et du rendement du système de soins de santé.</s>
    <s>Nous sollicitons des documents de recherche qui nous feront découvrir de nouvelles méthodes d’analyse de la santé, des résultats de recherche novateurs et importants de même que des travaux qui présentent des applications pratiques et stratégiques.</s>
    <s>*NOUVEAU Pour la première fois, nous sollicitons des présentations sur des études de cas qui décrivent et font ressortir la façon dont les données sur la santé de Statistique Canada et de l’Institut canadien d’information sur la santé (ICIS) sont actuellement utilisées par les planificateurs et les décideurs de tous les niveaux du domaine de la santé. Notamment ceux des unités de santé publique, des régions sociosanitaires et des ministères provinciaux de la Santé, pour alimenter la planification de la santé, l’élaboration des politiques et la prise de décision. Ces présentations fourniront un forum qui permettra aux participants d’échanger leurs expériences et leurs connaissances.</s>
    <s>Nous nous intéressons particulièrement aux soumissions qui sont liées à l’utilisation des enquêtes sur la santé des populations, comme l’Enquête sur la santé dans les collectivités canadiennes (ESCC), l’Enquête nationale sur la santé de la population (ENSP) et la nouvelle Enquête canadienne sur les mesures de la santé (ECMS). Nous nous intéressons également aux analyses faites sur les bases de données administratives, notamment la statistique de l’état civil, le Registre canadien du cancer et les données sur les services de santé recueillies par l’ICIS. La liste suivante présente quelques-uns des sujets possibles :</s>
    <s>• La prévention des maladies chroniques et les facteurs de risque;</s>
    <s>• Les méthodes et techniques novatrices d’analyse de la santé;</s>
    <s>• Les déterminants sociaux de la santé;</s>
    <s>• L’utilisation des services de soins de santé et les résultats;</s>
    <s>• Les blessures et les stratégies de prévention connexes;</s>
    <s>• L’analyse régionale et les applications des données sur la santé;</s>
    <s>• La surveillance de la santé;</s>
    <s>• Les mesures de la santé</s>
    <s>Soumission des résumés</s>
    <s>Les résumés doivent comprendre les éléments suivants :</s>
    <s>• Le titre, le nom et l’adresse du ou des auteurs, en précisant quel auteur fera la présentation, le cas échéant;</s>
    <s>• Le « sujet » et la « ligne directrice » suggérés;</s>
    <s>• Pour les documents de recherche: une description des travaux de recherche, notamment l’objectif, les méthodes utilisées, les résultats et les répercussions des constatations;</s>
    <s>• Pour les études de cas: une description de l’enjeu stratégique, la ou les sources des données, la façon dont les données ont été utilisées et les répercussions des données;</s>
    <s>• La ou les langues de présentation (le français, l’anglais ou les deux);</s>
    <s>Les auteurs doivent indiquer clairement s’ils veulent que leur proposition soit prise en considération pour une séance simultanée ou une séance de présentation par affiches. Les propositions soumises pour une séance simultanée peuvent être acceptées pour une séance de présentation par affiches. Si une proposition est acceptée, le titre du document et le résumé seront publiés dans les documents de la conférence.</s>
    <s>Date limite : le 2 mai 2011</s>
    <s>Limites de la longueur des présentations : 300 mots en anglais ou 375 mots en français.</s>
    <s>Remplissez le formulaire et soumettez-le par voie électronique à : conferencesante@statcan.gc.ca</s>
    <s>Les auteurs dont le résumé est accepté seront avisés d’ici le 30 juin 2011. La sélection sera fondée sur la pertinence de la présentation par rapport au thème de la conférence, sur la validité des travaux de recherche et sur la démonstration que le travail empirique est terminé ou presque terminé.</s>
    <s>Renseignements supplémentaires</s>
    <s>La conférence débutera à 13 h, le 22 septembre 2011, et elle se terminera le lendemain. Les séances plénières et simultanées ainsi que les séances de présentation par affiches s’étaleront sur les deux journées de la conférence. Une série d’ateliers et de séances d’information préalables à la conférence se tiendront au cours de la matinée du 22 septembre 2011.</s>
    <s>Nota : Tous les présentateurs devront s’inscrire à la conférence et payer les frais d’inscription</s>
    <s>Pour en savoir davantage, visitez notre site Web, à l’adresse suivante :</s>
    <s>Appels de communication</s>
    <s>Dernier bulletin</s>
    <s>Champs d'action</s>
    <s>Déterminants de la santé</s>
    <s>Article de fond</s>
    <s>A Nexus Santé</s>
    <s>Au réseau CORPS</s>
    <s>En vedette</s>
    <s>Appels de communication</s>
    <s>Saviez-vous que </s>
    <s>Search this site:</s>
    <s>Recherche Avançée de Catégorie</s>
    <s>Recherche par date</s>
    <s>(C) 1999-2009, Health Nexus Santé</s>
  </text>
</page>
