<?xml version="1.0" encoding="UTF-8"?>
<!DOCTYPE page SYSTEM "page.dtd">
<page>
  <lang>fr</lang>
  <url>http://www.vergaderhamer.be/fr/algemene-voorwaarden-accommodatiehouder.html</url>
  <title>lieux de conférence et de réunion classifiés - algemene ...</title>
  <snippet>
    <s>conditions générales pour les lieux de conférence et de réunion. article 1: définitions. dans ces conditions générales, il faut entendre par: le fournisseur de lieu </s>
  </snippet>
  <text>
    <s>!logo congres- en vergaderclassificatie</s>
    <s>personne qui rrve</s>
    <s>lieu de confnce ou de rion</s>
    <s>propriire d'accommodation</s>
    <s>inscrivez-vous ici</s>
    <s>outils de marketing</s>
    <s>procre de classification</s>
    <s>conditions grales</s>
    <s>crits 1-5 marteaux</s>
    <s>conditions grales</s>
    <s>crits de capacita&gt;</s>
    <s>[accessibilit amgement et image</s>
    <s>toilettes et dispositifs pour handicap/a&gt;</s>
    <s>[equipement audio-visuel</s>
    <s>ipement de salle / lumi / bruit</s>
    <s>information / qualit service</s>
    <s>repas / boissons</s>
    <s>tcharger la version imprim/a&gt;</s>
    <s>inscrivez-vous ici</s>
    <s>outils de marketing</s>
    <s>erkende congresorganisatiebureaus</s>
    <s>conditions grales</s>
    <s>dans le media</s>
    <s>Telecharger ici la version imprimable au format pdf</s>
    <s>conditions generales pour les lieux de conference et de reunion</s>
    <s>article 1: definitions</s>
    <s>dans ces conditions generales, il faut entendre par:</s>
    <s>1. le fournisseur de lieu de conference ou de reunion: celui qui, en vertu d'un contrat, donne en location un lieu de conference ou de reunion et/ou propose des services associes.</s>
    <s>2. le locataire: celui qui, en vertu d'un contrat, loue un lieu de conference et de reunion et/ou prend des services associes.</s>
    <s>3. prix de location: la somme totale de ce qui est du par le locataire au fournisseur de lieu pour la location du lieu de conference ou de reunion.</s>
    <s>4. valeur de reservation (la valeur du contrat): la prevision globale du chiffre d'affaires pour le fournisseur de lieu, compose du prix pour la location du lieu et de l'indemnisation des services associes, y compris les produits et/ou services qui doivent etre acquis chez des tiers.</s>
    <s>5. reunion d'un/de plusieurs jours: une reunion qui se deroule respectivement sur un ou plusieurs jours.</s>
    <s>article 2: applicabilite</s>
    <s>1. le locataire, en ce qui concerne la mise/prise en location d'un lieu de conference et/ou de reunion, et la fourniture de services associes.</s>
    <s>2. si d'autres conditions sont applicables par ailleurs, les presentes conditions generales prevalent en cas de contradiction.</s>
    <s>article 3: etablissement du contrat</s>
    <s>1. 1.Le fournisseur de lieu a le droit de demander une indemnite a l'aspirant locataire pour la realisation d'une offre. Toutes les offres emises par le fournisseur de lieu sont sans engagement en ce qui concerne le delai d'acceptation, a moins que l'offre ne prevoie un delai</s>
    <s>2. .Le contrat entre le fournisseur de lieu et le locataire peut etre etabli par parties. Le contrat (partiel) est etabli par le fait que ce qui est convenu entre les parties est confirme par ecrit par le fournisseur de lieu et envoye au locataire. Si les services associes sont decrits dans une annexe, l'annexe est censee faire partie du contrat - pour autant que celui-ci soit etabli, et des ce moment-la.</s>
    <s>3. Une distinction est faite entre l'option et le contrat.</s>
    <s>le fournisseur de lieu accorde au locataire, pour une duree que le fournisseur de lieu determine, la possibilite d'annuler la reservation du lieu de conference et/ou de reunion, sans que cette annulation entraine des frais pour le locataire. Le fournisseur de lieu peut reduire le delai d'option restant a 24 heures, moyennant une communication au locataire. Le fournisseur de lieu peut de toute façon mettre fin a l'option en proposant simultanement un espace comparable. le contrat: dans le contrat, les droits et les obligations des parties sont fixes comme decrit a l'art. 3.2.</s>
    <s>4. 1.Les montants mentionnes dans les documents etablis par le fournisseur de lieu s'entendent hors taxe sur le chiffre d'affaires, sauf indication contraire.</s>
    <s>article 4: contenu de l'offre et du contrat</s>
    <s>L'offre/le contrat comprend au moins ce qui suit:</s>
    <s>le nom du locataire;</s>
    <s>une description du lieu de conference ou de reunion loue</s>
    <s>une description des services associes;</s>
    <s>le debut et la fin de la periode de location des salles de conference ou de reunion, ainsi que la periode durant laquelle les services associes sont pris;</s>
    <s>le prix de location pour l'utilisation des salles de conference ou de reunion, et le cout des services associes;</s>
    <s>l'applicabilite de ces conditions generales;</s>
    <s>les conditions particulieres eventuelles, dont l'obligation de souscrire une assurance de dommages.</s>
    <s>article 5: modifications et complements</s>
    <s>Les modifications ou complements apportes au contenu du contrat, en ce compris les conditions generales qui s'y appliquent, n'entrent en vigueur que s'ils sont consignes par ecrit entre le fournisseur de lieu et le locataire.</s>
    <s>article 6: paiement</s>
    <s>1. 1.Le paiement du prix de location du lieu et les services associes eventuels doit se faire dans le(s) delai(s) convenu(s) et au plus tard dans les trente jours de la date de facturation. 2.Le fournisseur de lieu peut reclamer un paiement anticipe du prix de location.</s>
    <s>2. Le paiement se fait comme suit:</s>
    <s>Apres la conclusion d'un contrat, le locataire doit payer 10% du prix de location.</s>
    <s>Au plus tard trois mois avant le debut de la reunion, le locataire doit avoir paye 50% du prix de location.</s>
    <s>Au plus tard trois semaines avant le debut de la reunion, 100% du prix de location et 50% des frais supplementaires doivent avoir ete payes.</s>
    <s>3. Le fournisseur de lieu peut reclamer, au lieu de ce qui est prevu au deuxieme alinea, un paiement anticipe a concurrence maximum de la valeur de reservation.</s>
    <s>4. 1.Des l'expiration du delai vise au premier alinea, le locataire est en defaut, suite a quoi il est redevable de 1% d'interets par mois ou par mois entame sur le montant total de la facture. Le locataire est par ailleurs redevable de tous les frais de recouvrement extrajudiciaires. Ces frais sont calcules conformement au taux d'encaissement ci-dessous.</s>
    <s>sur la premiere tranche de 3.500 euros 15%&gt;</s>
    <s>sur la tranche suivante jusqu'a 7.000 euros 10%</s>
    <s>sur la tranche suivante jusqu'a 14.000 euros 8%</s>
    <s>sur la tranche suivante jusqu'a 66.000 euros 5%</s>
    <s>sur la tranche suivante jusqu'a 66.000 euros 3%</s>
    <s>Le locataire est en outre redevable de tous les frais de procedure et des frais d'assistance juridique y afferents.</s>
    <s>5. Les paiements effectues par le locataire servent d'abord a recuperer tous les frais dus, ensuite les interets dus et enfin les factures exigibles, en commençant par les plus anciennes, meme si le locataire indique que le paiement porte sur une facture ulterieure.</s>
    <s>6. Sans prejudice de ce qui est prevu aux alineas precedents, le fournisseur de lieu a le droit d'exiger un dedommagement complet du locataire si celui-ci ne respecte pas les obligations decoulant du contrat.</s>
    <s>article 7: annulation</s>
    <s>1. 1.L'annulation totale ou partielle du contrat par le locataire doit se faire par courrier recommande. Pour le calcul des frais d'annulation, on part de la date de reception de la lettre recommandee par le fournisseur de lieu</s>
    <s>2. Sans prejudice de ce qui est prevu a l'alinea 4 du present article, en cas d'annulation de reunions d'un jour, les dispositions suivantes s'appliquent vis-a-vis de la partie de la valeur de reservation ne relevant pas de l'article 7.4: jusqu'a six mois avant le debut de la periode de location, le locataire peut annuler le contrat sans frais -sous reserve des frais d'administration vises a l'alinea 5.</s>
    <s>En cas d'annulation entre six et trois mois avant le debut de la periode de location, le locataire est redevable de 30% de la valeur de reservation.</s>
    <s>En cas d'annulation entre trois et deux mois avant le debut de la periode de location, le locataire est redevable de 60% de la valeur de reservation.</s>
    <s>En cas d'annulation entre deux mois et un mois avant le debut de la periode de location, le locataire est redevable de 85% de la valeur de reservation.</s>
    <s>Si l'annulation intervient plus tard, l'integralite de la valeur de reservation est due.</s>
    <s>3. Sans prejudice de ce qui est prevu a l'alinea 4 du present article, en cas d'annulation de reunions de plusieurs jours, il est prevu que vis-a-vis de la partie de la valeur de reservation ne relevant pas de l'article 7.4, l'integralite de la valeur de reservation est due.</s>
    <s>4. Si le locataire annule tout ou partie d'un contrat et si le fournisseur de lieu a implique du personnel, des services ou des marchandises de tiers pour l'execution du contrat, ou a engage du personnel temporaire, le locataire est tenu d'acquitter, en plus de ce qui est du en vertu des articles 7.2 et 7.3, les frais d'annulation, l'indemnisation ou tout autre montant (tel que le salaire) dont le fournisseur de lieu sera redevable envers ces tiers.</s>
    <s>5. Si le locataire annule le contrat de location, il est redevable de frais d'administration au fournisseur de lieu, en plus des frais vises aux alineas 2,3 et 4. Ces frais d'administration s'elevent a 5 % de la valeur de reservation resultant du contrat conclu entre les parties.</s>
    <s>article 8: suspension et resolution</s>
    <s>1. Si le locataire est en defaut par rapport a une quelconque obligation de paiement vis-a-vis du fournisseur de lieu ou si le fournisseur de lieu peut raisonnablement s'attendre a ce que le locataire soit en defaut par rapport au respect d'une quelconque obligation de paiement a son egard, il a le droit:</s>
    <s>d'exiger du locataire le depot d'un cautionnement pour tous les contrats en cours;</s>
    <s>de suspendre les obligations decoulant du contrat avec le locataire -tant celui sur lequel portent les manquements par rapport a l'obligation de paiement que tous les contrats entre le fournisseur de lieu et le locataire- sans prejudice du droit d'exiger dans le meme temps un depot de cautionnement pour le paiement;</s>
    <s>de resilier tout ou partie du contrat en question, sans intervention judiciaire, avec prise d'effets immediate.</s>
    <s>2. Le fournisseur de lieu a en outre le droit de resilier le contrat avec effet immediat, sans etre tenu a une quelconque indemnisation, s'il apparait clairement au fournisseur de lieu apres la conclusion du contrat, que dans le cadre de l'utilisation du lieu, des dommages pourraient etre occasionnes aux biens du fournisseur de lieu ou a des personnes, ou s'il s'attend a ce que l'ordre public soit perturbe.</s>
    <s>article 9: force majeure</s>
    <s>1. 1.Par force majeure dans le chef du fournisseur de lieu, il faut entendre dans les presentes conditions generales toute circonstance independante de la volonte du fournisseur de lieu -meme si elle etait a prevoir au moment de l'etablissement du contrat- qui empeche le respect du contrat, de façon permanente ou provisoire, ainsi que, pour autant que ce ne soit pas deja compris, la situation de guerre, le risque de guerre, la guerre civile, l'emeute, la greve, un incendie et autres perturbations graves touchant la societe du fournisseur de lieu, ainsi que l'impossibilite de respecter le contrat due a des manquements par des personnes et/ou societes auxquelles le fournisseur de lieu a fait appel pour l'execution du contrat. En cas d'empechement d'executer le contrat pour cause de force majeure, le fournisseur de lieu est habilite, sans intervention judiciaire, soit a suspendre l'execution du contrat, soit a resilier tout ou partie du contrat, sans etre tenu a une quelconque indemnisation.</s>
    <s>2. Quoi qu'il en soit, le locataire ne pourra pas invoquer la force majeure dans son chef au cas ou un ou des orateurs importants se desistent, le nombre de visiteurs ou de participants est moins important qu'escompte ou toutes autres circonstances similaires. Le locataire doit lui-meme veiller a contracter des assurances qui couvrent de tels risques.</s>
    <s>article 10: responsabilite</s>
    <s>1. 1.Le fournisseur de lieu n'est pas responsable des dommages et/ou pertes dont pourraient souffrir le locataire ou des tiers en rapport ou en raison de la non-execution, de l'execution tardive ou de l'execution incorrecte du contrat. Le locataire sauvegarde le fournisseur de lieu contre toutes reclamations de tiers liees au contrat.</s>
    <s>2. Le locataire indemnisera integralement le fournisseur de lieu pour tous dommages aux choses et aux personnes dont auraient a souffrir le fournisseur de lieu, le personnel du fournisseur de lieu ou ses executants du fait d'actions dans le chef du locataire, de son personnel, de visiteurs du lieu ou de participants a l'evenement qui y est organise ou d'autres personnes au profit desquelles le locataire a conclu le contrat avec le fournisseur de lieu.</s>
    <s>3. Le locataire sauvegarde le fournisseur de lieu contre toutes reclamations de tiers en matiere d'infraction aux droits d'auteur et/ou aux droits de propriete industrielle suite aux services fournis par le fournisseur de lieu au profit du locataire.</s>
    <s>4. Le fournisseur de lieu n'est pas responsable de la disparition de biens du locataire ou de biens fournis par des tiers au nom du locataire.</s>
    <s>article 11: location d'une autre salle</s>
    <s>Le fournisseur de lieu a le droit de mettre a la disposition du locataire une autre salle de reunion ou de conference comparable, qui reponde aux conditions du contrat.</s>
    <s>article 12: fourniture d'informations</s>
    <s>Le locataire est tenu de fournir a temps au fournisseur de lieu toutes les informations (complementaires) pouvant raisonnablement avoir un interet pour l'execution du contrat.</s>
    <s>article 13: appareillage et autres</s>
    <s>Si dans le cadre de l'utilisation du lieu, le locataire souhaite utiliser des appareils audiovisuels, un eclairage pour des stands, de la decoration et des pieces de decors, des ordinateurs, du cablage etc. (appeles ci-apres &quot;appareillage&quot;), ils seront, dans la mesure du possible et a moins qu'il n'en soit convenu autrement, mis a disposition et manies par le fournisseur de lieu. Ils seront consideres comme un service associe et figureront dans le contrat. Pour pouvoir apporter son propre appareillage ou l'appareillage de tiers, ainsi que pour pouvoir manier soi-meme l'appareillage ou le faire manier par des tiers, il faut avoir l'autorisation expresse et ecrite du fournisseur de lieu. Sauf dol ou faute grave, le fournisseur de lieu n'est pas responsable des dommages resultant ou lies a l'utilisation et/ou la manipulation de l'appareillage mis a disposition par lui ou manie en son nom. Le fournisseur de lieu n'est pas responsable dans l'ensemble des dommages r</s>
    <s>article 14: catering</s>
    <s>Le locataire est tenu de se fournir aupres du fournisseur de lieu pour les (services en matiere de) mets et boissons (catering), ou aupres d'un tiers designe par celui-ci. Toute autre forme de catering necessite l'autorisation ecrite et expresse du fournisseur de lieu.</s>
    <s>article 15: modification du bien loue</s>
    <s>1. 1.Il est interdit au locataire d'apporter des modifications au bien loue sans autorisation ecrite prealable du fournisseur de lieu, d'y amener des objets de grande taille et/ou lourds ou de suspendre des decorations, des panneaux ou des posters. Les frais lies a la mise en place des objets sont a charge du locataire.</s>
    <s>2. Le locataire est tenu d'evacuer a ses frais les objets amenes sur place et de remettre les salles dans leur etat initial.</s>
    <s>article 16: photographies, enregistrements de films et de bandes son</s>
    <s>Pour les photographies a des fins commerciales et les enregistrements de films et de bandes son, l'autorisation ecrite prealable du fournisseur de lieu est necessaire.</s>
    <s>article 17: publicites et vente</s>
    <s>Il est interdit de faire de la publicite ou de vendre des produits et/ou services dans le lieu loue, a moins que le fournisseur de lieu ait donne son autorisation par ecrit et que l'on soit parvenu a un accord sur une indemnisation eventuelle.</s>
    <s>article 18: locataires permanents</s>
    <s>Les eventuels locataires permanents du fournisseur de lieu ont le droit de vendre leurs produits et/ou services durant la periode de location.</s>
    <s>article 19: sous-location</s>
    <s>Il est interdit au locataire de sous-louer le bien loue (ou une partie de celui-ci) a un tiers ou de l'utiliser a d'autres fins que celles communiquees prealablement au fournisseur de lieu.</s>
    <s>article 20: autorisations</s>
    <s>Toutes les autorisations afferentes a la reunion doivent etre demandees par le locataire. Le locataire prend en charge les frais de demande et/ou de maintien des autorisations.</s>
    <s>article 21: droits d'execution</s>
    <s>Le locataire se charge lui-meme d'obtenir les droits d'execution et de payer tous les frais y afferents. Le locataire sauvegarde le fournisseur de lieu contre les reclamations de tiers.</s>
    <s>article 22: duree de location</s>
    <s>Le fournisseur de lieu a le droit de vider le bien loue a l'expiration de la duree de location.</s>
    <s>article 23: acces</s>
    <s>Le fournisseur de lieu a le droit de refuser a tout moment l'acces a des personnes individuelles.</s>
    <s>article 24: sortie de secours</s>
    <s>Les sorties de secours, eclairages de secours, extincteurs et alarmes incendie ne peuvent pas etre bloques ou enleves.</s>
    <s>article 25: competence generale en matiere d'indications</s>
    <s>De maniere generale, le locataire est tenu de suivre les indications du (personnel du) fournisseur de lieu concernant l'utilisation du bien loue.</s>
    <s>article 26: litiges</s>
    <s>Tous les litiges par rapport a un contrat auquel s'applique tout ou partie des presentes conditions generales, ou dans le cadre de contrats ulterieurs, qui sont une emanation d'un tel contrat, sont soumis par ecrit a la Commission des litiges pour avis contraignant. Si une partie ne peut pas adherer a la decision de la Commission des litiges, elle peut introduire un recours aupres de la Commission d'Appel. Un exemplaire du reglement de la Commission des litiges et de la Commission d'Appel peut etre obtenu aupres du secretariat de la classification des lieux de conference et de reunion.</s>
    <s>Nonobstant ce qui est prevu a l'alinea precedent, les parties peuvent soumettre le litige au juge ordinaire.</s>
    <s>article 27: droit applicable</s>
    <s>Le droit neerlandais est applicable a tout contrat entre le fournisseur de lieu et le locataire.</s>
    <s>Breda, 2009</s>
    <s>une garantie de qualit</s>
    <s>Les lieux de conference et de reunion classifies font regulierement l'objet d'une inspection approfondie afin de verifier qu'ils repondent toujours aux criteres de qualite imposes. Si vous estimez que la qualite n'est pas celle escomptee, n'hesitez pas a nous en informer.</s>
    <s>affichez vos marteaux</s>
    <s>En tant que lieu classifie, vous recevez plusieurs outils de marketing remarquables; drapeaux, depliants, logos, </s>
    <s>Utilisez-les a l'accueil, dans vos imprimes et vos publicites</s>
    <s>avantages classification</s>
    <s>evaluation objective</s>
    <s>marche transparent</s>
    <s>promotion collective</s>
    <s>promotion de la norme de qualite</s>
    <s>controle de qualite externe</s>
    <s>Powered by creatrix.be</s>
  </text>
</page>
