<?xml version="1.0" encoding="UTF-8"?>
<!DOCTYPE page SYSTEM "page.dtd">
<page>
  <lang>fr</lang>
  <url>http://www.siteduzero.com/news-62-39334-p1-tutoriel-c-grosse-mise-a-jour-et-nouveautes.html</url>
  <title>Tutoriel C++ : grosse mise à jour et nouveautés !</title>
  <snippet>
    <s>Ville : Saran Pays : France métropolitaine. En survolant le tutoriel, ma première impression a été de trouver la partie I trop condensée, j&#39;aurais </s>
  </snippet>
  <text>
    <s>Aller au menu - Aller au contenu</s>
    <s>1 830 Zéros connectés -</s>
    <s>261 228 Membres inscrits</s>
    <s>Inscription rapide en 2 minutes</s>
    <s>Utilisez votre compte</s>
    <s>Les cours phares</s>
    <s>Site Web</s>
    <s>XHTML / CSS</s>
    <s>PHP / MySQLCe cours existe en livre :</s>
    <s>Concevez votre site web avec PHP et MySQL</s>
    <s>Langage CCe cours existe en livre :</s>
    <s>Apprenez à programmer en C</s>
    <s>Langage C++Ce cours existe en livre :</s>
    <s>Programmez avec le langage C++</s>
    <s>JavaCe cours existe en livre :</s>
    <s>Apprenez à programmer en Java</s>
    <s>Python [Ce cours existe en livre :</s>
    <s>Apprenez à programmer en Python ]</s>
    <s>C .NET</s>
    <s>VB .NET</s>
    <s>Systèmes d'exploitation</s>
    <s>LinuxCe cours existe en livre :</s>
    <s>Reprenez le contrôle a l'aide de Linux</s>
    <s>Windows 7</s>
    <s>Infographie 3D</s>
    <s>LaTeXCe cours existe en livre :</s>
    <s>Rédigez des documents de qualité avec LaTeX</s>
    <s>WordCe cours existe en livre :</s>
    <s>Rédigez facilement des documents avec Word</s>
    <s>Tous les cours par catégories</s>
    <s>Site Web (207 Cours)</s>
    <s>XHTML / CSS, PHP, Divers, Forums, Hébergement, Javascript, Serveur, IDE</s>
    <s>Systèmes d'exploitation (86 Cours)</s>
    <s>Linux, Mac OS, Windows, Autres UNIX</s>
    <s>Mapping (33 Cours)</s>
    <s>Half-Life, Half-Life², Warcraft, Autres</s>
    <s>Bureautique (28 Cours)</s>
    <s>Microsoft Office, OpenOffice.org, Divers, LaTeX</s>
    <s>Jeux Vidéo (19 Cours)</s>
    <s>HL &amp; ses mods, Autres jeux</s>
    <s>Matériel (7 Cours)</s>
    <s>Bases de données</s>
    <s>Site du Zéro</s>
    <s>Programmation (257 Cours)</s>
    <s>AS / Flash / Flex, Algorithmique, Basic et dérivés, Bibliothèques, C, C++, C / .NET, Calculatrices, IDE, Erlang, Général, Java, mIRC, Python, Caml / OCaml, Cocoa / Objective-C, Autres langages</s>
    <s>Graphisme (33 Cours)</s>
    <s>Dessin, Divers, Flash, Gimp, Dessin vectoriel, PhotoFiltre, Photoshop, POV-Ray</s>
    <s>Infographie 3D (24 Cours)</s>
    <s>3D Studio Max, Blender, Maya</s>
    <s>Multimédia (20 Cours)</s>
    <s>Audio, Vidéo, After Effects</s>
    <s>Réseaux (17 Cours)</s>
    <s>Général, Sécurité</s>
    <s>Accueil des forums</s>
    <s>Site Web</s>
    <s>XHTML / CSS Javascript PHP</s>
    <s>Graphisme 2D Graphisme 3D Mapping et modding Jeux vidéo</s>
    <s>Communauté des zéros</s>
    <s>Discussions générales Vos études Présentation de vos projets Recrutements pour vos projets</s>
    <s>Le Site du Zéro</s>
    <s>Suggestions et rapports de bugs Vos commentaires Designs du Site du Zéro Tutoriels du Site du Zéro</s>
    <s>Langage C Langage C++ C .NET &amp; VB .NET Langage Java Langage Python Bases de données Autres langages, outils et approches</s>
    <s>Matériel et logiciels</s>
    <s>Discussions informatiques Linux et *BSD Mac OS Windows Matériel</s>
    <s>Forums scientifiques sur sciences.siteduzero.com</s>
    <s>Pour rédiger et participer à la rédaction d'un tutoriel, rejoignez-nous !</s>
    <s>Pour partager ou participer à la rédaction d'une news, rejoignez-nous !</s>
    <s>aucun concours</s>
    <s>Les cours les plus attendus</s>
    <s>Connaître et monter son PC</s>
    <s>En savoir plus</s>
    <s>Développement Android</s>
    <s>En savoir plus</s>
    <s>Développement iPhone</s>
    <s>En savoir plus</s>
    <s>Voir tous les cours attendus</s>
    <s>Dernières annonces</s>
    <s>CDI Téléconseiller (H/F) DogCentury Stage Développement, design et r… The Jober CDI Ingénieur développement PH… RECNOVIT</s>
    <s>Annonces à la une</s>
    <s>Pro. App. Responsable SEO (H/F) Simple IT</s>
    <s>Toutes les annonces</s>
    <s>!icon etude</s>
    <s>Recrutement à Bac / Bac +1</s>
    <s>Ecoles d'ingénieurs en informatique</s>
    <s>Ecoles d'ingénieurs généralistes</s>
    <s>Autres formations diplômantes</s>
    <s>Recrutement à Bac +2</s>
    <s>Ecoles d'ingénieurs en informatique</s>
    <s>Ecoles d'ingénieurs généralistes</s>
    <s>Autres formations diplômantes</s>
    <s>Recrutement à Bac +3 / Bac +4</s>
    <s>Ecoles d'ingénieurs en informatique</s>
    <s>Ecoles d'ingénieurs généralistes</s>
    <s>Autres formations diplômantes</s>
    <s>Recrutement à Bac +5</s>
    <s>Autres formations diplômantes</s>
    <s>!Trouvez une formation</s>
    <s>Apprenez à programmer en Python</s>
    <s>25 €</s>
    <s>Programmez avec le langage C++</s>
    <s>32 €</s>
    <s>Apprenez à programmer en Java</s>
    <s>En savoir plus ►</s>
    <s>Concevez votre site web avec PHP et MySQL</s>
    <s>En savoir plus ►</s>
    <s>Apprenez à programmer en C</s>
    <s>En savoir plus ►</s>
    <s>Rédigez facilement des documents avec Word</s>
    <s>En savoir plus ►</s>
    <s>Tous les produits</s>
    <s>Cours Forums News Membres Études Code web MP +</s>
    <s>Nouveau ?</s>
    <s>Suivez le guide !</s>
    <s>Site Web</s>
    <s>XHTML / CSS</s>
    <s>PHP / MySQLCe cours existe en livre :</s>
    <s>Concevez votre site web avec PHP et MySQL</s>
    <s>Langage CCe cours existe en livre :</s>
    <s>Apprenez à programmer en C</s>
    <s>Langage C++Ce cours existe en livre :</s>
    <s>Programmez avec le langage C++</s>
    <s>JavaCe cours existe en livre :</s>
    <s>Apprenez à programmer en Java</s>
    <s>PythonCe cours existe en livre :</s>
    <s>Apprenez à programmer en Python</s>
    <s>C .NET</s>
    <s>VB .NET</s>
    <s>Systèmes d'exploitation</s>
    <s>LinuxCe cours existe en livre :</s>
    <s>Reprenez le contrôle a l'aide de Linux</s>
    <s>Windows 7</s>
    <s>Infographie 3D</s>
    <s>LaTeXCe cours existe en livre :</s>
    <s>Rédigez des documents de qualité avec LaTeX</s>
    <s>WordCe cours existe en livre :</s>
    <s>Rédigez facilement des documents avec Word</s>
    <s>Rédigez un cours</s>
    <s>Tous les cours</s>
    <s>&gt; Le Site du Zéro - Informatique &gt; Les news &gt; Tutoriels &gt; Tutoriel C++ : grosse mise à jour et nouveautés&gt; Lecture d'une news</s>
    <s>Tutoriel C++ : grosse mise à jour et nouveautés !</s>
    <s>Revenir à la liste des news</s>
    <s>Participer à la discussion</s>
    <s>Contributeur(s) : M@teo21 et Nanoc</s>
    <s>Publié : le 06/02/2011 à 16:09:48</s>
    <s>Catégorie : Tutoriels</s>
    <s>Visualisations : 20 010</s>
    <s>Licence :</s>
    <s>Email Twitter Facebook Plus de services</s>
    <s>MySpace Google Buzz Blogger YBuzz MSN Live Encore plus de services</s>
    <s>Tutoriel C++ : grosse mise à jour et nouveautés !</s>
    <s>Le tutoriel C++ est un des cours les plus consultés du Site du Zéro, depuis sa parution il y a plusieurs années.</s>
    <s>Au départ envisagé comme la suite du cours sur le langage C, il était jusqu'ici indispensable d'avoir lu le cours sur le C pour lire celui sur le C++. Pourtant, même si ces langages se ressemblent à première vue, ce sont bel et bien deux langages différents qui proposent chacun leur propre technique de programmation. On a parfois tendance à les confondre (à cause du nom ?) malgré leurs réelles différences. !;)</s>
    <s>Un cours désormais (vraiment) fait pour les débutants !</s>
    <s>Suite aux remarques que l'on m'a faites à ce sujet, j'ai décidé il y a quelque temps de reprendre entièrement le début du cours pour en faire un vrai tutoriel pour débutants, indépendant de celui sur le langage C. On ne voit désormais plus le message &quot;Il est indispensable d'avoir lu le tutoriel sur le C avant de commencer celui sur le C++&quot;.</s>
    <s>Étant donné le travail que cela allait demander, j'ai demandé à Nanoc de m'épauler. C'est un habitué du site, validateur et auteur d'un cours de qualité sur les notions avancées du C++.</s>
    <s>Lui et moi nous sommes partagés le travail (à 50/50 environ) pour écrire une toute nouvelle partie I destinée aux débutants qui n'ont jamais programmé et qui veulent apprendre le C++. Cette nouvelle approche nous permet d'introduire les chaînes de caractères (string) dès le début du cours mais aussi les tableaux dynamiques (vector) et les références. La notion de pointeur est volontairement écartée au début pour éviter aux débutants d'avoir des réflexes du langage C.</s>
    <s>Et ensuite ?</s>
    <s>Cette première mise à jour importante étant terminée, Nanoc et moi n'avons pas l'intention d'en rester là. Nous allons adapter la suite du cours et y introduire progressivement des notions plus avancées issues du tutoriel de Nanoc (qui sera en quelque sorte fusionné avec celui-ci), notamment le polymorphisme, les templates et les exceptions. Une section entièrement inédite dédiée à la bibliothèque standard du C++ est prévue pour un peu plus tard : conteneurs, itérateurs, foncteurs !;)</s>
    <s>Quant à la partie sur Qt, sans subir de gros changements elle sera mise à jour pour tenir compte des dernières versions de Qt et notamment de l'IDE Qt Creator.</s>
    <s>Une fois cette série de mises à jour terminées, si tout va bien nous devrions voir ce cours adapté en Livre du Zéro. Ce sera d'ailleurs le premier Livre du Zéro écrit par 2 auteurs!;)</s>
    <s>Nous vous tiendrons informés lors des prochaines mises à jour, en attendant bonne lecture!:)</s>
    <s>Suivante !</s>
    <s>113 Participations</s>
    <s>Pour accéder à cette section</s>
    <s>Page 1 Suivante</s>
    <s>Pseudo Discussion</s>
    <s>0 visiteur sur cette news (0 membre)</s>
    <s>Page 1 Suivante</s>
    <s>!Hors ligne Meric007</s>
    <s>Posté le 06/02/2011 à 16:11:12</s>
    <s>Ca va être cool pour les débutants</s>
    <s>&quot;Œil pour œil, et le monde finira aveugle.&quot; - Gandhi</s>
    <s>!Hors ligne Hirokoshi</s>
    <s>Posté le 06/02/2011 à 16:11:46</s>
    <s>It's a shit system.</s>
    <s>Ville : Alger</s>
    <s>Pays : Algérie</s>
    <s>ça fait vraiment plaisir de voir que le cours C++ a été modifié !:)</s>
    <s>Good job !</s>
    <s>(présentation SdZ)</s>
    <s>!Hors ligne Kyron</s>
    <s>Posté le 06/02/2011 à 16:12:12</s>
    <s>Mio vaincra</s>
    <s>Que vient faire cette image en plein milieu de cette news ? !o O</s>
    <s>!Connecté M@teo21</s>
    <s>Posté le 06/02/2011 à 16:13:38</s>
    <s>Amateur professionnel</s>
    <s>Ville : Paris</s>
    <s>Pays : France métropolitaine</s>
    <s>Études : EFREI</s>
    <s>L'image est issue du premier chapitre qui présente le C++ et le fait que c'est un langage très répandu dans le secteur des jeux vidéo, avides de ses performances et de la souplesse proposée par la programmation orientée objet.</s>
    <s>Auteur de 5 livres : XHTML - C - PHP - Linux - C++</s>
    <s>L'urgent est fait, l'impossible est en cours, pour les miracles, prévoir un délai </s>
    <s>!Hors ligne Albeneth</s>
    <s>Posté le 06/02/2011 à 16:16:29</s>
    <s>Ville : Royan</s>
    <s>Pays : France métropolitaine</s>
    <s>Études : Epitech Bordeaux</s>
    <s>Hm, je ne sais pas si c'est une bonne idée pour les nouveaux de commencer de suite par le C++. Toutes les notions qu'on acquiert avec le C sont nécessaires pour se consacrer ensuite entièrement à la POO. Par contre, reprendre le cours de Nanoc est une excellente idée</s>
    <s>Sinon, pourquoi une image de Starcraft 2 ? !:o Ah, d'accord.</s>
    <s>!Hors ligne pierreyoda</s>
    <s>Posté le 06/02/2011 à 16:17:57</s>
    <s>Super, j'espère que ça contribuera à réduire les confusions entre C et C++ et les affreux mélanges !:p</s>
    <s>Et bonne idée de mettre à jour la partie Qt, pour prendre en compte l'excellent Qt Creator!</s>
    <s>!Connecté M@teo21</s>
    <s>Posté le 06/02/2011 à 16:18:59</s>
    <s>Amateur professionnel</s>
    <s>Ville : Paris</s>
    <s>Pays : France métropolitaine</s>
    <s>Études : EFREI</s>
    <s>Citation : Albeneth</s>
    <s>Hm, je ne sais pas si c'est une bonne idée pour les nouveaux de commencer de suite par le C++. Toutes les notions qu'on acquiert avec le C sont nécessaires pour se consacrer ensuite entièrement à la POO. Par contre, reprendre le cours de Nanoc est une excellente idée</s>
    <s>Sinon, pourquoi une image de Starcraft 2 ? !:o Ah, d'accord.</s>
    <s>Toutes les notions nécessaires sont désormais expliquées dans la partie I : variables, flux, références, pointeurs, conditions, boucles Tout y est.</s>
    <s>Auteur de 5 livres : XHTML - C - PHP - Linux - C++</s>
    <s>L'urgent est fait, l'impossible est en cours, pour les miracles, prévoir un délai </s>
    <s>!Hors ligne quentindu16</s>
    <s>Posté le 06/02/2011 à 16:20:27</s>
    <s>Ville : Mouthiers sur boëme</s>
    <s>Pays : France métropolitaine</s>
    <s>Cool, j'attends le LdZ avec impatience!:) Super boulot !</s>
    <s>La vie est une suite de compromis </s>
    <s>!Hors ligne Bakasable</s>
    <s>Posté le 06/02/2011 à 16:21:13</s>
    <s>Groupe : Bannis</s>
    <s>Bonne nouvelle !:)</s>
    <s>Sacre Et Damnation, incarnez le bien ou le mal dans une lutte sans merci pour conquérir l'Europe toute entière Dans le cadre du concours Innov'Game</s>
    <s>!Hors ligne iCoda</s>
    <s>Posté le 06/02/2011 à 16:22:13</s>
    <s>Vivre ou mourir </s>
    <s>Groupe : Bannis</s>
    <s>Good Job!;)</s>
    <s>!Hors ligne Debian</s>
    <s>Posté le 06/02/2011 à 16:27:28</s>
    <s>Citation : M@teo21</s>
    <s>L'image est issue du premier chapitre qui présente le C++ et le fait que c'est un langage très répandu dans le secteur des jeux vidéo, avides de ses performances et de la souplesse proposée par la programmation orientée objet.</s>
    <s>Ça ou pour faire un grosse pub en donnant un faux espoir comme quoi en lisant le tuto, on arrivera à faire ça ? Et donc faisant un gros coup de pub au tuto.</s>
    <s>Mon blog sur l'informatique</s>
    <s>Vous faites des fautes d'orthographe et vous le savez ? Corrigez votre message avant de le poster sur BonPatron</s>
    <s>Utiliser un bug tracker pour travailler efficacement en équipe</s>
    <s>!Hors ligne Albeneth</s>
    <s>Posté le 06/02/2011 à 16:28:12</s>
    <s>Ville : Royan</s>
    <s>Pays : France métropolitaine</s>
    <s>Études : Epitech Bordeaux</s>
    <s>Citation : M@teo21</s>
    <s>Toutes les notions nécessaires sont désormais expliquées dans la partie I : variables, flux, références, pointeurs, conditions, boucles Tout y est.</s>
    <s>Peut-être, mais n'est-ce pas risqué de passer des pointeurs à la POO sans aucun intermédiaire ? Ces deux notions sont obligatoires en C++, et on ne peut pas voir les deux en même temps.</s>
    <s>La &quot;pause&quot; dans le tuto du langage C (préprocesseur, structures, allocation dynamique, ) permettait de bien se familiariser avec les pointeurs, et même de pratiquer avec la SDL. Tandis que là, on passe du difficile au très difficile directement.</s>
    <s>!Hors ligne std abdel</s>
    <s>Posté le 06/02/2011 à 16:33:49</s>
    <s>Qt &amp;&amp; Boost ? &quot;=)&quot; : &quot;=(&quot;</s>
    <s>Le fait d'avoir rendu le tutoriel C++ indépendant du tutoriel C est une excellente chose. C'est l’occasion pour de nombreux passionnés présent sur ce site de découvrir ce magnifique langage sans pré-requis.</s>
    <s>Je vous souhaite une très bonne continuation pour la suite, ne perdez pas courage. !;)</s>
    <s>Le défi Qt débarque| C++ | Qt | Boost | Python | Pas de question d'ordre technique par MP.</s>
    <s>// i² = -1 car en C++ le code suivant :</s>
    <s>std::complex&lt; int &gt; i(0, 1);</s>
    <s>std::cout &lt;&lt; ii &lt;&lt; std::endl; // affiche (-1, 0) !</s>
    <s>!Hors ligne joedu12</s>
    <s>Posté le 06/02/2011 à 16:36:20</s>
    <s>Je n'aurais pas du me ruer pour achetter le LdZ du language C sachant que je voulais après apprendre le C++, j'aurais du plutôt attendre un LdZ C++ sans pré-requis que vous allez surement sortir !:p</s>
    <s>Bon site d'entraide (mais c'est en stand-by pour l'instant ):)</s>
    <s>!Hors ligne Kaviar</s>
    <s>Posté le 06/02/2011 à 16:38:32</s>
    <s>the cake is a lie</s>
    <s>Ville : Digne-les-bains</s>
    <s>Pays : France métropolitaine</s>
    <s>Encore un gros progrès du SDZ !C'est vrai que ca devait faire peur aux débutants de voir qu'il fallait se palucher tout le tuto du C.</s>
    <s>Je voudrais bien changer de monde, mais pas moyen de mettre la main sur le code source &gt;.&lt;</s>
    <s>!Hors ligne Nanoc</s>
    <s>Posté le 06/02/2011 à 16:40:39</s>
    <s>Aimez-vous le C++ ?</s>
    <s>Ville : Lausanne</s>
    <s>Pays : Suisse</s>
    <s>Études : EPFL</s>
    <s>Citation : Albeneth</s>
    <s>Citation : M@teo21</s>
    <s>Toutes les notions nécessaires sont désormais expliquées dans la partie I : variables, flux, références, pointeurs, conditions, boucles Tout y est.</s>
    <s>Peut-être, mais n'est-ce pas risqué de passer des pointeurs à la POO sans aucun intermédiaire ? Ces deux notions sont obligatoires en C++, et on ne peut pas voir les deux en même temps.</s>
    <s>La &quot;pause&quot; dans le tuto du langage C (préprocesseur, structures, allocation dynamique, ) permettait de bien se familiariser avec les pointeurs, et même de pratiquer avec la SDL. Tandis que là, on passe du difficile au très difficile directement.</s>
    <s>Beaucoup de gens ont appris le C++ sans connaître le C (moi y compris). Ils ne s'en portent pas plus mal.</s>
    <s>Cela permet aussi d'éviter les &quot;mauvaises habitudes du C&quot; que sont par exemple l'utilisation abusive du préprocesseur, l'utilisation à tout-va de pointeurs, les char*, etc.</s>
    <s>Auteur d'un livre : Programmez avec le langage C++</s>
    <s>Mes tutos : [C++ Cours officiel pour débutants], [C++ Manipulateurs de flux], [C++ Pointeurs sur fonctions], [C++ Maîtriser le compilateur g++], [C++ Déboguer avec Code::Blocks]</s>
    <s>!Hors ligne schadocalex</s>
    <s>Posté le 06/02/2011 à 16:41:33</s>
    <s>Why not ?</s>
    <s>Ville : Saran</s>
    <s>Pays : France métropolitaine</s>
    <s>En survolant le tutoriel, ma première impression a été de trouver la partie I trop condensée, j'aurais plutôt vu, comme le cours sur le C, deux parties regroupant l'apprentissage du C++ sans l'OO, voir de combiner l'apprentissage de l'OO à l'apprentissage du C++ sans l'OO.</s>
    <s>Sinon, cette partie était largement attendue.</s>
    <s>━━ ┓━╭━━━━━╮</s>
    <s>━━ ┗┓|::::::^━━━^</s>
    <s>━━ ━┗|:::::|｡◕‿‿­­­­◕｡|</s>
    <s>━━ ━━╰O--O-O--O﻿ ╯</s>
    <s>!Hors ligne lucas-84</s>
    <s>Posté le 06/02/2011 à 16:43:49</s>
    <s>Avec les cours, moins de temps</s>
    <s>Ville : Uchaux</s>
    <s>Pays : France métropolitaine</s>
    <s>Dans ce cas-là, il va falloir aussi mettre à jour le tuto C </s>
    <s>Vous en voulez encore ?</s>
    <s>Alors je vous encourage vivement à continuer en apprenant maintenant le langage C++. Allez donc lire le cours de C++ que j'ai écrit, c'est en quelque sorte la suite du cours de C.</s>
    <s>Pour pouvoir bien comprendre le cours de C++, il est nécessaire d'avoir lu au moins les parties I et II du cours de C.</s>
    <s>La lecture de la partie III sur la SDL est facultative, mais néanmoins recommandée car elle vous fait pratiquer. Et pratiquer, c'est important, on ne le dira jamais assez !</s>
    <s>Installer vos programmes sous Windows</s>
    <s>Lisez ma bio !</s>
    <s>!Image utilisateur</s>
    <s>La programmation système en C sous Unix - Fonctionnement d'un ordinateur depuis zéro</s>
    <s>Bêta ON : Principes fondamentaux de la cryptographie</s>
    <s>Citation : Linus Torvalds, Conférence de la Free Software Foundation, février 1996</s>
    <s>Software is like sex, it’s better when it’s free.</s>
    <s>Citation : Linus Torvalds, Linuxworld, New York, 2 février 2000</s>
    <s>I think Linux is going to be big, but, hey, who am I to say?</s>
    <s>Citation : Linus Torvalds, 22 septembre 2006, dans The GPL: No shelter for the Linux kernel?</s>
    <s>I also realize that everybody thinks that they are right, and that they are supported by all other right-thinking people. That's just how people work. We all think we're better than average.</s>
    <s>!Hors ligne marc78se</s>
    <s>Posté le 06/02/2011 à 16:46:21</s>
    <s>Ville : Saint cyr l'ecole</s>
    <s>Pays : France métropolitaine</s>
    <s>Cool, des que j'ai fini le ldz sur le C, je m'y met !:)</s>
    <s>Stoppons la censure sur Internet</s>
    <s>Sujet sur le sdz</s>
    <s>Aidez nous à nous développer sur Twitter</s>
    <s>!Hors ligne cfillion</s>
    <s>Posté le 06/02/2011 à 16:46:35</s>
    <s>Have a lot of fun </s>
    <s>Ville : Québec</s>
    <s>Pays : Canada</s>
    <s>C'est très bien que le tutoriel soit mis à jour, et la partie Qt est vraiment passée date </s>
    <s>Va-ton parler de Qt Quick ? !:)</s>
    <s>Mes projets / Biographie - Un excellent zDesign : Blue Wave - Robot ?</s>
    <s>!Hors ligne Nanoc</s>
    <s>Posté le 06/02/2011 à 16:48:28</s>
    <s>Aimez-vous le C++ ?</s>
    <s>Ville : Lausanne</s>
    <s>Pays : Suisse</s>
    <s>Études : EPFL</s>
    <s>Citation : schadocalex</s>
    <s>En survolant le tutoriel, ma première impression a été de trouver la partie I trop condensée, j'aurais plutôt vu, comme le cours sur le C, deux parties regroupant l'apprentissage du C++ sans l'OO, voir de combiner l'apprentissage de l'OO à l'apprentissage du C++ sans l'OO.</s>
    <s>On a clairement décidé de ne pas mixer les deux. On peut réaliser énormément de choses en C++ sans la couche objet et il n'y avait donc pas de raison d'introduire ça depuis le début. D'autant plus que ce n'est qu'un des multiples paradigmes utilisables dans ce langage.</s>
    <s>Les chapitres sont condensés, c'est vrai. C'est aussi pour ça que le tuto est classé &quot;difficile&quot; au contraire des autres cours pour débutants.</s>
    <s>Auteur d'un livre : Programmez avec le langage C++</s>
    <s>Mes tutos : [C++ Cours officiel pour débutants], [C++ Manipulateurs de flux], [C++ Pointeurs sur fonctions], [C++ Maîtriser le compilateur g++], [C++ Déboguer avec Code::Blocks]</s>
    <s>!Hors ligne schadocalex</s>
    <s>Posté le 06/02/2011 à 16:50:50</s>
    <s>Why not ?</s>
    <s>Ville : Saran</s>
    <s>Pays : France métropolitaine</s>
    <s>Citation : Nanoc</s>
    <s>Les chapitres sont condensés, c'est vrai. C'est aussi pour ça que le tuto est classé &quot;difficile&quot; au contraire des autres cours pour débutants.</s>
    <s>Et c'est dommage, vous perdez beaucoup de lecteurs.</s>
    <s>━━ ┓━╭━━━━━╮</s>
    <s>━━ ┗┓|::::::^━━━^</s>
    <s>━━ ━┗|:::::|｡◕‿‿­­­­◕｡|</s>
    <s>━━ ━━╰O--O-O--O﻿ ╯</s>
    <s>!Hors ligne cypher666</s>
    <s>Posté le 06/02/2011 à 16:51:21</s>
    <s>Ville : Paris</s>
    <s>Pays : France métropolitaine</s>
    <s>Études : EPITA</s>
    <s>Bonne nouvelle. Par contre, comme beaucoup de monde, j'ai du mal à comprendre l'utilité de l'image de SC. 0 la limite, mettre un petit texte en dessous pour expliquer ce qu'elle fait la. Enfin bon, sinon c'est une bonne nouvelle !:D</s>
    <s>A vaincre sans périls On évite les ennuis !;)</s>
    <s>!Hors ligne Nanoc</s>
    <s>Posté le 06/02/2011 à 16:52:14</s>
    <s>Aimez-vous le C++ ?</s>
    <s>Ville : Lausanne</s>
    <s>Pays : Suisse</s>
    <s>Études : EPFL</s>
    <s>Citation : schadocalex</s>
    <s>Citation : Nanoc</s>
    <s>Les chapitres sont condensés, c'est vrai. C'est aussi pour ça que le tuto est classé &quot;difficile&quot; au contraire des autres cours pour débutants.</s>
    <s>Et c'est dommage, vous perdez beaucoup de lecteurs.</s>
    <s>On verra bien avec les retours des premiers lecteurs débutants.</s>
    <s>Auteur d'un livre : Programmez avec le langage C++</s>
    <s>Mes tutos : [C++ Cours officiel pour débutants], [C++ Manipulateurs de flux], [C++ Pointeurs sur fonctions], [C++ Maîtriser le compilateur g++], [C++ Déboguer avec Code::Blocks]</s>
    <s>!Hors ligne rigma</s>
    <s>Posté le 06/02/2011 à 16:53:20</s>
    <s>Moi, programmeur Non</s>
    <s>Ville : Eyguières</s>
    <s>Pays : France métropolitaine</s>
    <s>Merci Nanoc et M@teo!:D</s>
    <s>!Image utilisateur</s>
    <s>!Image utilisateur</s>
    <s>Il sera à moi</s>
    <s>1633ème Unixien recensé sur le SdZ</s>
    <s>Mac, c'est pour frimer. Linux, c'est pour travailler. Windows, c'est pour s'amuser</s>
    <s>Internet Explorer: Petite application instable servant à télécharger Mozilla Firefox</s>
    <s>Citation : Mark Shuttleworth</s>
    <s>&quot;Qt will help us deliver ever more 'lustful' applications to users. Nokia's continued investment in cross-platform Qt libraries, and the Linux platform, is a major driver of innovation in the free software desktop and mobile device stack.&quot;</s>
    <s>Mark Shuttleworth,</s>
    <s>founder of the Ubuntu project</s>
    <s>!Hors ligne iNaKoll</s>
    <s>Posté le 06/02/2011 à 16:54:36</s>
    <s>Grosso merdo</s>
    <s>Ville : Paris</s>
    <s>Pays : France métropolitaine</s>
    <s>SuperVous avez fait le bon choix pour l'avenir du tutoriel et du (des?) livre(s?) à venir. Ce n'était pas le choix le plus facile. Merci !:)</s>
    <s>@Albeneth, les mises à jour du tutoriel ne sont pas terminées. Pour le moment, les pointeurs ne sont pas présentés. J'imagine que tout ce qui s'y rapporte actuellement dans la partie II sera mis à jour.</s>
    <s>&quot;La constante de couplage est fonction d'une certaine valeur constante que prend le champ scalaire des dilatations dans le vide quantique.&quot;</s>
    <s>!Hors ligne antoyo</s>
    <s>Posté le 06/02/2011 à 16:56:06</s>
    <s>GNU/Linux forever</s>
    <s>Études : Cégep de rimouski</s>
    <s>Merci pour cette nouvelle partie.</s>
    <s>Y aura-t-il des explications sur les nouveautés de Qt ?</s>
    <s>90% of teens today would</s>
    <s>die if Facebook was completely</s>
    <s>destroyed. If you are one of</s>
    <s>the 10% that would be laughing,</s>
    <s>copy and paste this to</s>
    <s>your signature.</s>
    <s>Citations préférées des B.D. du Geektionnerd :</s>
    <s>« Euh, t’est feezé ? Blue brain of death ? »</s>
    <s>« Nom d’un gnou ! »</s>
    <s>« Ouais, c’est ça. Et moi j’ai des actions chez Microsoft… »</s>
    <s>!Hors ligne FyndKaer</s>
    <s>Posté le 06/02/2011 à 16:56:12</s>
    <s>C'est une bonne chose de faire un tuto sur le C++ sans pré-requis sur le C.</s>
    <s>J'ai hâte de voir ce que donne la suite.</s>
    <s>!Hors ligne neowillow</s>
    <s>Posté le 06/02/2011 à 16:58:36</s>
    <s>Dans le cochon, tout est bon</s>
    <s>Groupe : Anciens</s>
    <s>C'est une très bonne initiative cette refonte, c'est sûr que ça devait être pénible pour les débutants de lire en entier le cours sur le C pour finalement apprendre le C++. J'aurai juste une remarque : les chapitres &quot;Nouveautés pour les variables&quot; et &quot;Nouveautés pour les fonctions&quot; sont-ils toujours nécessaires vu que vous introduisez ces deux notions dès la première partie ? Je précise que je n'ai pas lu, juste survolé</s>
    <s>Bonne continuation !</s>
    <s>LGDF: victor vaincra</s>
    <s>« Ce n'est pas parce que l'erreur se propage qu'elle devient vérité. Gandhi »</s>
    <s>Statistiques mondiales en temps réel. - FAQ C - The C LRG - FAQ Java - Python - OCaml</s>
    <s>!Hors ligne VMT6</s>
    <s>Posté le 06/02/2011 à 16:58:52</s>
    <s>Ville : Branne</s>
    <s>Pays : France métropolitaine</s>
    <s>BravoC'est une super idée de fusionner le tutoriel de nanoc</s>
    <s>Quand sortira le livre ?</s>
    <s>LGDF: M@teo21 vaincra</s>
    <s>intel i5 430M nvidia GeForce GTS 360M</s>
    <s>[TUTO Prendre le contrôle d'un ordinateur depuis internet]</s>
    <s>Pour accéder à cette section</s>
    <s>Revenir à la liste des news</s>
    <s>Lire aussi</s>
    <s>[C++ STL Erreur avec la classe vector]</s>
    <s>Des erreurs incompréhensibles</s>
    <s>Vector a 2 dimentions</s>
    <s>Surcharge d'opérateur et template.</s>
    <s>problème attribut d'une class et QVector [QT]</s>
    <s>[C++ Notions avancées]</s>
    <s>Les tableaux</s>
    <s>Les conteneurs</s>
    <s>La puissance des algorithmes</s>
    <s>TP : La POO en pratique avec ZString</s>
    <s>Tutoriel C++ : nouvelle partie II</s>
    <s>Dynamisez vos sites web avec Javascript !</s>
    <s>Du nouveau dans le cours Javascript !</s>
    <s>Lancement des précommandes des livres C++ et Word !</s>
    <s>Le récap' communautaire de la semaine - n°42</s>
    <s>Le Site du Zéro</s>
    <s>Plan du site</s>
    <s>Mentions légales</s>
    <s>Livre d'or</s>
    <s>Simple IT</s>
    <s>Notre blog</s>
    <s>Espace annonceurs</s>
    <s>Espace presse</s>
    <s>Nous contacter</s>
    <s>Promouvoir le site</s>
    <s>Signaler un bug</s>
    <s>Hébergement web</s>
    <s>Correction tutoriels</s>
    <s>, Cours, Blog</s>
    <s>Le Site du Zéro vous proposera bientôt de nouveaux cours partant de Zéro dans d'autres domaines que l'informatique</s>
    <s>Découvrir les cours scientifiques</s>
  </text>
</page>
