<?xml version="1.0" encoding="UTF-8"?>
<!DOCTYPE page SYSTEM "page.dtd">
<page>
  <lang>fr</lang>
  <url>http://www.fao.org/docrep/meeting/X4698f.htm</url>
  <title>FAO - Quatre-vingt-troisième session du Comité du Programme</title>
  <snippet>
    <s>Contrairement à d&#39;autres organisations ou programmes des Nations Unies, elle ne d&#39;étude ou la participation à des ateliers, réunions techniques, conférences et . Les droits d&#39;inscription ont été payés par des projets en cours d&#39;exécution </s>
  </snippet>
  <text>
    <s>PC 83/INF/3</s>
    <s>Comitu Programme</s>
    <s>Quatre-vingt-troisi session</s>
    <s>Rome, 8 - 12 mai 2000</s>
    <s>Note d'information sur les activitde la FAO en mati de bourses</s>
    <s>1. sa session de mai 1999, le Comit examina question des bourses en se fondant sur un rapport du Corps commun d'inspection (CCI) e sujet. Ce dernier soulignait notamment la diminution apparente des activitdes organisations et programmes des Nations Unies en mati de bourses et le fait que les rions des hauts fonctionnaires chargdes bourses, qui se tenaient autrefois rliment, n'ient plus convoqu, ce qui rendait difficile la coordination.</s>
    <s>2. Le Comit reette occasion des informations succinctes sur les activit de la FAO en mati de bourses, notamment sur le nouveau programme de renforcement des capacitnationales gr aux bourses et sur le nombre croissant de bourses li des projets de fonds fiduciaires unilatux. La prnte note d'information vise rndre 'intt manifestar les membres pour cette question et dit de fa dilll'lution rnte des activitde la FAO en mati de bourses.</s>
    <s>DINITION ET PORT</s>
    <s>3. Selon le rapport du CCI, on entend par bourse, dans le syst des Nations Unies, une activite formation sur mesure ou sctionnqui, par l'octroi d'une subvention en esps, vise ermettre n individu ou es groupes d'individus ayant les qualifications requises d'atteindre des objectifs spfiques d'acquisition de connaissances. Une telle formation, qui peut e de courte ou de longue duret e dispensdans un blissement appropriu sur le terrain, dans le pays d'origine du boursier ou 'anger, doit e compatible avec les politiques et plans nationaux de mise en valeur des ressources humaines tout en nt pertinente pour toutes les parties prenantes.</s>
    <s>4. Il n'existe pas pour l'instant de crits communs 'ensemble du syst des Nations Unies permettant de qualifier de bourses certaines activitde formation. La FAO fait sienne la dnition susmentionn qui figure dans le rapport du CCI. Contrairement 'autres organisations ou programmes des Nations Unies, elle ne consid pas la formation en cours d'emploi, les voyages d'de ou la participation des ateliers, rions techniques, confnces et snaires comme faisant partie des bourses. Toute comparaison des chiffres fournis par diverses instances des Nations Unies est donc sujette aution.</s>
    <s>PERSPECTIVE HISTORIQUE</s>
    <s>5. La FAO a toujours eu un programme de bourses. ce jour, plus de 10 000 boursiers des ats Membres de l'Organisation en ont bficiEn effet, les projets de cooption technique financpar le PNUD ou par des fonds fiduciaires dont l'extion it confia FAO comportaient toujours un ment &quot;bourses&quot; important. Toutefois, une baisse considble des bourses a enregistren 1994 et 1995 du fait de la rction grale des projets du PNUD mis en uvre par la FAO, parallment ne diminution des fonds budgires allou aux bourses dans les projets relevant du programme de cooption FAO/gouvernements. Ceci a amen'unitoncern avoir le Groupe des bourses, qui fait drmais partie de la Sous-Division du renforcement de la capacitationale et de la coordination, des rapports et du soutien des options de projets (TCOC), echercher de nouvelles sources de financement, notamment parmi les projets de fonds fiduciaires unilatux. Il s'en est suivi un renversement de la tendance a baisse susmentionn Si les activitext par la Sous-Division au titre des bourses s'vaient ,6 millions de dollars E.-U. en 1996, ce montant est pass 5,9 millions de dollars E.-U. en 1997 et ,5 millions de dollars E.-U. en 1998. La rationalisation des procres a lement contribu renforcer la comptivitdes activitde la FAO en mati de bourses, ce qui a favoris'inversion de la tendance.</s>
    <s>6. Depuis 1997, le nouveau programme de renforcement des capacitnationales (voir le paragraphe 16) donne lement de bons rltats et ouvre de bonnes perspectives pour le placement des boursiers. On notera lement que le Groupe des bourses de la Sous-Division a commenc gr directement les projets de formation en 1998, tout en s'occupant de l'ment bourses des projets gs par les sous-divisions ronales des options. En 1998, prde 590 boursiers ont acheveur formation gr aux bourses de la FAO.</s>
    <s>7. Compte tenu de cette lution rnte, les bourses octroy dans le cadre de projets de fonds fiduciaires unilatux sont drmais les plus nombreuses. Le budget pour les programmes de formation au titre d'accords de fonds fiduciaires unilatux en Inde, en Iran et en Syrie s've millions de dollars E.-U. (3 millions de dollars E.-U. par an). Ce vaste programme de bourses mis en uvre au titre d'accords de fonds fiduciaires unilatux a permis e jour de placer 850 boursiers au rythme de 350 par an. Par exemple, dans le cadre du projet UTF/IND/159/IND, Assistance 'ICFRE pour la recherche et l'enseignement forestiers en Inde, des boursiers ont envoyen Australie, aux ats-Unis, en Nouvelle-Znde, au Royaume-Uni et en Su pour y suivre une formation. Une fois le projet termin428 personnes auront reune formation dans les domaines suivants: gestion de la recherche foresti et soutien a recherche, enseignement forestier, formulation de politiques forestis et conservation de la biodiversit/p&gt;</s>
    <s>PRINCIPALES STATISTIQUES</s>
    <s>8. Les tableaux ci-aprdonnent une idde la rrtition des bourses par ron d'origine des bficiaires et ron de placement:</s>
    <s>Tableau 1. Ron d'origine des boursiers placpendant la pode 1995-1998</s>
    <s>( en pourcentage)</s>
    <s>Amque latine et Caras</s>
    <s>Proche-Orient et Europe</s>
    <s>Tableau 2. Ron de placement des boursiers pendant la pode 1995-1998</s>
    <s>( en pourcentage )</s>
    <s>Asie et Pacifique1</s>
    <s>Australie et Nouvelle-Znde</s>
    <s>Amque latine et Caras</s>
    <s>ats-Unis et Canada</s>
    <s>1 (l'exclusion de l'Australie et de la Nouvelle-Znde)</s>
    <s>9. Les tableaux ci-dessus reflnt dans une large mesure l'impact drmais prndnt des accords de fonds fiduciaires unilatux. Dans la mesure o projets de fonds fiduciaires unilatux sont financpar les pays bficiaires eux-ms, la Sous-Division du renforcement des capacitnationales et de la coordination, des rapports et du soutien des options de projet, doit bien entendu fournir le type de formation demandar ces pays. Ces derniers peuvent ne pas accepter le placement de candidats dans des instituts de formation de pays en dloppement, m si cette option est moins onuse qu'un placement dans un pays dloppDans un cas, par exemple, les autoritde contrepartie ont demandxpressnt que les candidats soient placdans des instituts de formation des ats-Unis.</s>
    <s>10. Cette situation a lement entra une diminution du nombre des candidates, dans la mesure o projets de fonds fiduciaires unilatux actuellement gs par la Sous-Division sont financpar des pays qui dgnent plutes hommes que des femmes. De ce fait, 12 pour cent seulement des boursiers placen 1996 et 1998 et 9 pour cent des boursiers placen 1997 ient des femmes. Les efforts seront poursuivis pour que davantage de bourses soient octroy es femmes. Les candidatures de femmes sont activement encourag et on esp que les gouvernements concernriront favorablement en dgnant 'avenir une plus forte proportion de candidates qualifi.</s>
    <s>11. La Sous-Division s'efforce d'encourager les activitde formation dans des rons aux pourcentages relativement faibles, comme l'Amque latine, et de placer un nombre croissant de boursiers dans des instituts de formation de pays en dloppement. Si ces efforts se rlent fructueux, on peut s'attendre ne situation plus ilibr'avenir.</s>
    <s>AVANTAGE COMPARATIF DE LA FAO</s>
    <s>12. Le large ntail de contacts et la neutralite la FAO, associa vaste expence depuis les ann 50, en mati de programmes internationaux exons d'implui donnent un avantage comparatif pour organiser des activitde formation d'un bon rapport coficacitt de grande qualitans le monde entier. Peu d'entreprises priv ou d'institutions publiques, s'il en existe, prntent des avantages similaires. En outre, la FAO poss les compnces nssaires dans un large ntail de disciplines intssant les secteurs agricole, halieutique et forestier.</s>
    <s>13. En outre, gr a collaboration de ses bureaux de liaison, 'information disponible dans ses banques de donn et aux connaissances concrs de ses fonctionnaires techniques, la FAO est d'organiser l'ensemble du processus de formation et de suivre ses rltats.</s>
    <s>14. Sur le plan pratique, la Sous-Division s'appuie sur un rau de contacts bli au fil des ann et notamment sur des contacts oits avec des universitdans toutes les rons. Par consent, des programmes d'des a carte peuvent facilement e organisen fonction des exigences spfiques des boursiers. En outre, l'utilisation des contacts gouvernementaux pour faciliter le placement des boursiers permet souvent de rire les frais graux.</s>
    <s>ALUATION QUALITATIVE</s>
    <s>15. Dans la mesure oSous-Division, avec l'aide, le cas t, des reprntants de la FAO dans le pays, supervise tous les aspects administratifs et logistiques de la formation, les boursiers sont oitement suivis et peuvent bficier, si besoin est, d'une assistance. Les boursiers doivent soumettre un rapport a fin de leur pode d'de pour permettre aux fonctionnaires techniques de la FAO d'luer l'impact gral de la formation sur les objectifs de mise en valeur des ressources humaines des pays d'origine. Les enqus montrent que 90 pour cent environ des stagiaires sont satisfaits de la formation re. Toutefois, malgres tentatives faites dans le passar la Sous-Division pour luer la mesure dans laquelle ces connaissances sont effectivement appliqu dans le pays d'origine du stagiaire, il est difficile, vu l'rmite la te, d'obtenir une image globale et fiable. Des efforts supplntaires devraient e faits dans cette direction.</s>
    <s>RENFORCEMENT DES CAPACIT NATIONALES GRE AU PROGRAMME DE BOURSES</s>
    <s>16. Afin d'amorer encore la contribution de la FAO au renforcement des capacit nationales, le Directeur gral a lancn mars 1997 le Programme de renforcement des capacitnationales gr 'octroi de bourses. Ce Programme visait, en particulier, iversifier les bourses offertes par la FAO, de fa qu'elles ne dndent plus autant des arrangements de fonds fiduciaires unilatux. Ce Programme permet en outre de rire les coorsque la formation est offerte gratuitement. Une lettre circulaire a envoyaux gouvernements des ats Membres pour les inviter roposer de contribuer a formation de boursiers de pays en dloppement dans leurs instituts nationaux de formation. Depuis lors, la FAO a re94 propositions de stages, rrties comme suit :</s>
    <s>18 bourses</s>
    <s>20 bourses ong terme et 15 bourses ourt terme</s>
    <s>6 stages de formation pratique ourt terme</s>
    <s>10 bourses de six mois</s>
    <s>2 stages de formation en cours d'emploi</s>
    <s>1 stage de formation de deux semaines</s>
    <s>15 bourses</s>
    <s>7 stages de formation ourt terme</s>
    <s>Quarante-quatre personnes ont bfici ce jour de cette nouvelle initiative et soixante-trois candidatures sont dans la fili.</s>
    <s>17. titre d'exemple, 15 candidats originaires des pays suivants : Burkina Faso, Cap-Vert, Cd'Ivoire, Guin Mali, Mauritanie, Niger, Sgal et Tchad - ont participux stages offerts par la Belgique. Les droits d'inscription ont pay par des projets en cours d'extion dans les pays des participants. Trois candidats iraniens ont suivi avec succdes stages de formation 'horticulture et l'utilisation des engrais hypre. En novembre 1998, une candidate du Nicaragua a achevvec succau Portugal un stage de formation professionnelle ourt terme sur les semences et les pnis d'essences forestis.</s>
    <s>18. Le principal obstacle 'expansion de ce programme est le manque de fonds pour les voyages internationaux et les faux frais, qui la plupart du temps ne sont pas pris en charge par les donateurs. En outre, les candidats intsspar certains stages de formation peuvent ne pas connae suffisamment bien la langue du pays h Bien que l'obstacle linguistique puisse e surmontans le cas de programmes de formation long terme, il est plus ribitoire dans le cas des programmes ourt terme, puisque les stagiaires n'ont pas le temps d'apprendre une nouvelle langue ou de se remettre niveau dans cette langue.</s>
    <s>IMPACT DES NOUVELLES ORIENTATIONS</s>
    <s>19. Compte tenu de l'effondrement subit du financement obtenu traditionnellement du PNUD et des fonds fiduciaires et de la concurrence accrue qui s'en est suivi pour bficier d'arrangements de fonds fiduciaires unilatux, on a cherch amorer le rapport coficacitn risant les coour la FAO et les droits d'inscription, tout en maintenant, voire en augmentant, le niveau d'extion. Le groupe des bourses de la Sous-Division TCOC a assaini la structure de ses conternes en rednissant ses besoins en personnel et en rationalisant le dulement de ses options. Il renforce progressivement l'extion, tandis que la gestion des voyages d'de, autre type d'activite formation dont il s'occupait dans le passa transfe aux structures dntralis. En m temps, la Sous-Division TCOC est en nciation avec les principaux fournisseurs de services (instituts de formation des ats-Unis et du Canada, essentiellement) pour obtenir un statut priviln mati de droits d'inscription et d'autres frais graux.</s>
    <s>20. Cette note a prr'intention du Comitour illustrer les tendances rntes et les principales caractstiques des activitde la FAO en mati de bourses.</s>
  </text>
</page>
