<?xml version="1.0" encoding="UTF-8"?>
<!DOCTYPE page SYSTEM "page.dtd">
<page>
  <lang>fr</lang>
  <url>http://www.agropolis.fr/actualites/2011-hommage-elinor-ostrom.php</url>
  <title>Hommage à Madame Elinor Ostrom, Prix Nobel d&#39;Economie 2009 ...</title>
  <snippet>
    <s>Programme. Comité d&#39;organisation générale. Comités d&#39;orientation et de parrainage. 650 personnes ont assisté à la conférence ayant eu lieu le 20 juin 2011 au </s>
  </snippet>
  <text>
    <s>. .</s>
    <s>Competences de la communaute</s>
    <s>Information scientifique et technique</s>
    <s>Innovation et Transfert</s>
    <s>Actions collectives d'Agropolis International</s>
    <s>Promotion des competences</s>
    <s>Animation de la communaute</s>
    <s>Gestion de projets</s>
    <s>Innovation et international</s>
    <s>!Elinor Ostrom</s>
    <s>Plaquette de presentation</s>
    <s>Telechargez le communique de presse</s>
    <s>Contacts communication :</s>
    <s>Anne Hebert,</s>
    <s>Nathalie Villemejeanne, Agropolis International</s>
    <s>Pascaline Rocher,</s>
    <s>Anne Candau,</s>
    <s>Suivez-nous sur Twitter</s>
    <s>Accueil &gt; Actualites</s>
    <s>Retour sur la visite d'Elinor Ostrom, Prix Nobel d'Economie 2009</s>
    <s>20-24 juin 2011, France (Montpellier et Paris)</s>
    <s>&gt; Photos</s>
    <s>&gt; Programme</s>
    <s>&gt; Comite d'organisation generale</s>
    <s>&gt; Comites d'orientation et de parrainage</s>
    <s>650 personnes ont assiste a la conference ayant eu lieu le 20 juin 2011 au Corum (Montpellier) sur le theme : «Vers une troisieme voie entre l'Etat et le marche pour une gestion collective et solidaire de l'environnement et des ressources/ Neither State Nor Market: Community Organization of Resources ».</s>
    <s>Telechargez la presentation &gt;&gt;</s>
    <s>Elinor Ostrom, docteur de l'universite de par TVSud</s>
    <s>Retrouvez ci-dessous les photos prises lors de sa venue a Montpellier les 20 et 21 juin 2011 (Corum et Agropolis International)</s>
    <s>!Retrouvez la video de l'interview d'Elinor Ostrom : &quot;You have to struggle to get anything accomplished&quot; 21 juin 2011 - Agropolis International (interview en anglais) (C) Cirad</s>
    <s>agropolis'community Elinor Ostrom en visite en France photoset</s>
    <s>A noter : L'ensemble des travaux de groupe et des echanges du 21 juin 2011 entre chercheurs/doctorants et Elinor Ostrom sera publie sous la forme de publications dans des revues scientifiques a partir de la fin de l'annee 2011.</s>
    <s>!elinor ostromAgropolis International, le Cirad, l'Universite Montpellier 1, le CNAM et l'UNESCO ont ete charges de l'organisation de cet evenement.</s>
    <s>Elinor Ostrom a ete invitee en France pour un hommage a l'ensemble de ses travaux. Elle etait en France du 20 au 24 juin 2011 et a participe a une serie d'evenements a Montpellier et a Paris.</s>
    <s>Les travaux d'E.Ostrom constituent une des principales references pour ceux qui, dans le monde scientifique et politique, construisent leurs discours et leurs actions sur les echecs d'une part de la gestion uniquement etatique et d'autre part de la promotion de la propriete privee comme instrument universel de gestion des ressources et de l'environnement. L'analyse promue par E. Ostrom presente l'action collective et de l'auto-organisation comme une troisieme voie entre privatisation et gestion etatique.</s>
    <s>Thematiques abordees lors de ces journees :</s>
    <s>gouvernance des biens en propriete commune,</s>
    <s>action collective,</s>
    <s>systemes socio-ecologiques.</s>
    <s>Consultez sa biographie &gt;&gt;</s>
    <s>Telechargez le communique de presse &gt;&gt;</s>
    <s>!information complémentaireElinor Ostrom est professeur de sciences politiques a l'Universite d'Indiana, a Bloomington (USA) ou elle a cree le « Workshop in Political Theory and Policy Analysis » avec son mari Vincent Ostrom. Elle est aussi directrice du « Center for the Study of Institutional Diversity » a l'Universite d'État de l'Arizona.</s>
    <s>En 2009, elle fut la premiere femme a recevoir le Prix Nobel d'economie, avec Oliver Williamson, pour son analyse de la gouvernance economique, et en particulier, des biens communs.</s>
    <s>En savoir plus sur le Prix Nobel &gt;&gt;</s>
    <s>Quelques articles de presse parus en octobre 2009 :</s>
    <s>&quot;La Tribune&quot;</s>
    <s>&quot;Le Monde&quot;</s>
    <s>&quot;Alternatives economiques&quot;</s>
    <s>&quot;Science Magazine&quot;</s>
    <s>&quot;PNSA&quot; (Proceedings of the National Academy of Sciences of the United States of America)</s>
    <s>Rappel du programme national</s>
    <s>Lundi 20 juin 2011</s>
    <s>Le Corum-Universite Montpellier 1</s>
    <s>Mardi 21 juin 2011</s>
    <s>Agropolis International, Montpellier</s>
    <s>Mercredi 22 juin 2011</s>
    <s>Jeudi 23 juin 2011</s>
    <s>14h : Le Corum</s>
    <s>Conference ouverte, grand public sur le theme «Vers une troisieme voie entre l'Etat et le marche pour une gestion collective et solidaire de l'environnement et des ressources/ Neither State Nor Market: Community Organization of Resources », conference organisee avec le soutien de la region Languedoc-Roussillon</s>
    <s>17h30 : Universite Montpellier 1 (Maison des etudiants)</s>
    <s>Remise du titre de docteur « Honoris Causa » a Elinor Ostrom (sur invitation)</s>
    <s>08h45 - 12h</s>
    <s>« Ecole-chercheur » : &quot; Collective Action: Epistemology, Theory, Methodology &quot;</s>
    <s>Les scientifiques selectionnes ont transmis au prealable leur contribution pour participation a un debat avec Elinor Ostrom</s>
    <s>Consultez la liste des scientifiques presents</s>
    <s>Master class : atelier avec des doctorants français et etrangers concernes par la thematique</s>
    <s>Les doctorants selectionnes ont transmis au prealable, sous forme de poster en anglais leurs questions pour discussion avec Elinor Ostrom</s>
    <s>Consultez la liste des posters</s>
    <s>10h-13h : UNESCO</s>
    <s>Conference &quot;Systemes socio-ecologiques soutenables : analyse, gestion et gouvernance » (sur invitation seulement)</s>
    <s>En savoir plus &gt;&gt;</s>
    <s>Programme &gt;&gt;</s>
    <s>15h-15h30 : Academie d'Agriculture de France</s>
    <s>Ouverture de la conference &quot; People and water: agriculture, environment and Mediterranean zon e&quot;</s>
    <s>10h-12h : OCDE (Organisation de cooperation et de developpement economiques)</s>
    <s>Reunion interne</s>
    <s>14h30-16h30 : MACIF 17/19, place Etienne Pernet, 75015 - Paris</s>
    <s>Atelier sur l'Economie Sociale et Solidaire (ESS) ouvert a la communaute scientifique nationale organise par le CNAM (Conservatoire National des Arts &amp; Metiers), en partenariat avec le CIRIEC (Centre international de recherche sur l'economie sociale), le RIODD (Reseau international sur les Organisations et le Developpement durable) et diverses institutions et associations scientifiques concernees par le champ de l'ESS (Chaire ESS ESCEM, EMES, Lab ESS, MCX, RNSC, SFM, plusieurs laboratoires universitaires)</s>
    <s>En savoir plus sur l'atelier Economie Sociale et Solidaire &gt;&gt;</s>
    <s>Liste des participants &gt;&gt;</s>
    <s>Comite d'organisation de l'atelier ; M. Bevort (CNAM), B. Billaudot (Univ. Grenoble, AFEP), E. Brouseau (Univ. Paris 10, ISNIE), M. Capron (Univ. Paris Est, RIODD), B. Coriat (Univ. Paris Nord), J.-F. Draperi (CNAM, RECMA), J.-L. Laville (CNAM), V. Peugeot (VECAM), N. Richez-Battesti (Univ. Aix-Marseille 2)</s>
    <s>Comite d'organisation generale :</s>
    <s>Martine Antona*(Cirad)</s>
    <s>Meriem Bouamrane (UNESCO)</s>
    <s>François Bousquet (Cirad) (secretaire du comite) bousquet@cirad.fr</s>
    <s>Roland Perez (UM1, AAF, RIODD) perez.roland@free.fr</s>
    <s>François Silva (ESCEM, CNAM, CIRIEC)</s>
    <s>Jacques Weber (Cirad, AAF)</s>
    <s>Comite d'orientation</s>
    <s>O. Barreteau (Cemagref),</s>
    <s>J.M. Boisson ( (Univ. Montpellier 1),</s>
    <s>P. Lacombe (Montpellier SupAgro),</s>
    <s>E. Montaigne (IAM.M),</s>
    <s>B. Romagny (IRD),</s>
    <s>J. Rouchier (Greqam),</s>
    <s>E. Sabourin (Cirad),</s>
    <s>J.M Salles (Univ. Montpellier 1),</s>
    <s>D. Sibony (ESCEM),</s>
    <s>M. Willinger (Univ. Montpellier 1)</s>
    <s>Comite de parrainage</s>
    <s>A. Arnaud (president CIRIEC),</s>
    <s>P. Caron (Cirad),</s>
    <s>M. Doucin (MAEE),</s>
    <s>F. Duverge (president de l'ESCEM),</s>
    <s>C. Forestier (administrateur gal CNAM),</s>
    <s>M. Griffon (ANR),</s>
    <s>B. Hervieu (Cirad)</s>
    <s>B. Hubert (Agropolis International)</s>
    <s>J.L. Lemoigne (Univ. Aix-Marseille 2, RIC-APC-MCX),</s>
    <s>G. Matheron (Cirad),</s>
    <s>C. Menard (Univ. Paris 1, ISNIE),</s>
    <s>E. Morin (pdt APC),</s>
    <s>J. Pasquero (president RIODD),</s>
    <s>Mis a jour le 21.07.11</s>
    <s>Contact :</s>
    <s>Contacts communication :</s>
    <s>Anne Hebert, Cirad</s>
    <s>Nathalie Villemejeanne, Agropolis International</s>
    <s>Pascaline Rocher,UM1</s>
    <s>Anne Candau,UNESCO</s>
    <s>Intranets partages | Actualites | Contacts | Plan du site | Credits | Moteur de recherche | Services pratiques</s>
    <s>Extrait du site http://www.agropolis.fr/actualites/2011-hommage-elinor-ostrom.php</s>
  </text>
</page>
