<?xml version="1.0" encoding="UTF-8"?>
<!DOCTYPE page SYSTEM "page.dtd">
<page>
  <lang>fr</lang>
  <url>http://www.edm-bordeaux.com/884-sponsoring.html</url>
  <title>Sponsoring - EDM Bordeaux</title>
  <snippet>
    <s>Objets promotionnels (clés USB, sacs ) Visilité sur site (salles de conférences, repas d&#39;affaires, pause-café, Palais des Congrès ) Promotion en ligne (site web, </s>
  </snippet>
  <text>
    <s>Aller au menu</s>
    <s>Aller au contenu</s>
    <s>23 - 24 novembre 2011</s>
    <s>Bordeaux - France</s>
    <s>Parc des Expositions</s>
    <s>Découvrir EDM</s>
    <s>Informations pratiques</s>
    <s>Espace membres</s>
    <s>Espace presse</s>
    <s>A télécharger</s>
    <s>Liste provisoire des participants</s>
    <s>Toutes les actualités</s>
    <s>Gagnez en visibilité et en prestige grâce à nos partenariats</s>
    <s>Nous proposons de nombreuses formules de sponsoring pour assurer une visibilité plus forte à votre société ou votre marque. Nous vous proposons de nous contacter pour étudier ensemble les opportunités les plus adaptées à vos besoins.</s>
    <s>Objets promotionnels (clés USB, sacs )</s>
    <s>Visilité sur site (salles de conférences, repas d'affaires, pause-café, Palais des Congrès )</s>
    <s>Promotion en ligne (site web, E-mailing, bannières )</s>
    <s>Téléchargez le dossier de sponsoring en cliquant ici.</s>
    <s>Pour toute information, contactez :</s>
    <s>Marianne Bohssein</s>
    <s>Tel : +33 (0)1 41 86 41 98</s>
    <s>Plan du site</s>
    <s>Mentions légales</s>
    <s>!Congrès et expositions de Bordeaux</s>
    <s>Congrès et Expositions de Bordeaux - allée Louis Ratabou - 33300 Bordeaux - France - Tél. : +33(0)5 56 11 99 00 - Fax : +33(0)5 56 11 99 99</s>
    <s>SAS au capital de 24 040 000 € - Immatriculée au RCS de Bordeaux sous le numéro 453 091 316</s>
    <s>Palais des Congrès</s>
    <s>Av. Jean Gabriel Domergue - Bordeaux</s>
    <s>Parc des Expositions</s>
    <s>Cours Charles Bricaud - Bordeaux</s>
    <s>Hangar 14</s>
    <s>Quai des Chartrons - Bordeaux</s>
    <s>Congrès et Expositions de Bordeaux 2011 - Tous droits réservés</s>
    <s>Conception et réalisation : Aliénor.net</s>
    <s>!AFAQ ISO 9001</s>
    <s>!ICCA Member</s>
    <s>!Bordeaux - Port de la lune - Patrimoine mondial</s>
    <s>Congrès et Expositions de Bordeaux</s>
    <s>est membre de :</s>
    <s>!FSCF !OJS !UFI Approved event</s>
    <s>et a été admis dans le référentiel qualité &quot;Foire de France&quot;</s>
    <s>!Foires de France</s>
  </text>
</page>
