<?xml version="1.0" encoding="UTF-8"?>
<!DOCTYPE page SYSTEM "page.dtd">
<page>
  <lang>fr</lang>
  <url>http://www.flex-tutorial.fr/</url>
  <title>Adobe Flex Tutorial</title>
  <snippet>
    <s>La conférence annuelle Adobe MAX s&#39;est déroulée début Octobre, vous avez pu en lire un petit résumé sur flex tutorial. Los Angeles, cela fait loin pour nous, </s>
  </snippet>
  <text>
    <s>Adobe Flex Tutorial Tutoriaux Adobe Flex &amp; AIR en Français</s>
    <s>Suivez-moi sur Twitter</s>
    <s>Tous les tutoriaux</s>
    <s>Flex et Flash Builder</s>
    <s>Adobe AIR</s>
    <s>App iOS / Android avec AIR</s>
    <s>A propos</s>
    <s>Le programme de pre-release de Flex / Flash Builder 4.6 est ouvert</s>
    <s>Il avait été annonce il y a quelques semaines et il est maintenant ouvert. Le programme de pre-release de Flex et Flash Builder 4.6 est ouvert à tous, il suffit de remplir ce formulaire (lien en bas de page):</s>
    <s>Une fois accepté dans le programme, vous aurez accès aux versions beta de ces 2 produits ainsi qu'à un forum permettant de partager vos réactions / bugs trouvés.</s>
    <s>Pour rappel, si vous pensez avoir trouvé un bug, cherchez dans la JIRA Adobe pour voir s'il n'est pas déjà référencé. Si vous ne trouvez pas de bug ressemblant, n'hésitez pas à le rentrer:</s>
    <s>Le programme de pre-release est une très bonne opportunité pour tous les développeurs, expérimentés ou non. Je vous conseille vivement d'y participer !:)</s>
    <s>Remplis sous: Flash Builder 1 commentaire</s>
    <s>Adobe Back from MAX Paris le 27 Octobre 2011</s>
    <s>La conférence annuelle Adobe MAX s'est déroulée début Octobre, vous avez pu en lire un petit résumé sur flex tutorial. Los Angeles, cela fait loin pour nous, Adobe propose donc une session de rattrapage à paris.</s>
    <s>Le &quot;Back from MAX&quot; se passera donc à Paris le 27 Octobre pour une après-midi chargée. Pour vous inscrire, c'est gratuit et ça se passe sur le site officiel:</s>
    <s>Après une keynote de 1h, se tiendront les sessions. Certains sont en français, d'autres en anglais (voir sur le site) sur 2 tracks en parallèle avec de très bons speakers. Il va donc falloir faire un choix et le bon !:) .</s>
    <s>Track 1 : Flex et Développeurs mobiles</s>
    <s>15H15 – 16H00 Roadmap Flex et Flash Builder – Michaël Chaize</s>
    <s>16H00 – 16H45 Adobe AIR 3 pour les développeurs en entreprise – Michaël Chaize</s>
    <s>17H15 – 18H00 Flex pour les Ninjas : les secrets de Flex - Piotr Walcsyszyn</s>
    <s>18H00 – 18H45 Retours d'expériences des Tontons Flexeurs - Yann Chevalier</s>
    <s>Track 2 : AS3 et agences interactives</s>
    <s>15H15 – 16H00 Développer des jeux 2D avec Stage3D - Mike Jones</s>
    <s>16H00 – 16H45 Programmer un jeu 3D en Flash (First-person shooter game) - Tom Krcha</s>
    <s>17H15 – 18H00 HTML5 Motion Design avec Adobe Edge - Mark Anders</s>
    <s>18H00 – 18H45 Programming 3D applications for the web - Jean-Marc Le Roux (CEO of Aerys)</s>
    <s>Et pour finir, une session en commun de questions / réponses de 18H50 à 19H30. Le détail des sessions se trouve sur http://www.backfrommax.com/paris</s>
    <s>Retours d'expériences des Tontons Flexeurs</s>
    <s>A la fin du premier track, aura lieu un petit retour d'experience des Flexeurs français, sous la forme de &quot;lightning talks&quot;, des présentations de 8-10 minutes qui vont à l'essentiel.</s>
    <s>Au programme:</s>
    <s>Creation d'une boutique mobile en Flex</s>
    <s>Présentateur : Antony Chauviré</s>
    <s>Présentation des avantages et inconvénients de l'utilisation de Flex pour la création d'une boutique mobile pour ios, Android et BlackBerry. Nous aborderons les notions de skinning, de communication avec un serveur et d'industrialisation de développement.</s>
    <s>Clients mobiles du service de diffusion de musique Mioozic</s>
    <s>Présentateur : Christophe Keromen &amp; Samir Moussouni</s>
    <s>Particularités du projet  version béta développé avec des serveurs 4D en back-office ; lecteur media développé en Flash ; Après étude comparative, choix de Flex pour réalisation des clients mobiles. Premier client en cours de réalisation : pour smartphone Android. Adaptation pour iOS à suivre (attente de la sortie d'iPhone 5). Versions tablettes à suivre.</s>
    <s>Retour d’expérience Pocket Agile</s>
    <s>Présentateur : Guillaume Gaulard</s>
    <s>Description du cadre du projet et des choix d’architectures. Quelques trucs et astuces pour le développement mobile. Etude des mécanismes de collaboration entre utilisateurs et démonstration du poker planning.</s>
    <s>Retour d’expérience sur une application crosse-plateforme réalisé pour un client</s>
    <s>Présentateur : Florian Fesseler (KapIT)</s>
    <s>Je serai présent lors de cet évènement et je vais moi-même présenter un lightning talk que j'ai intitulé &quot;Création d'une application cartographique mobile en mode déconnecté&quot;, qui aborde la présentation d'une application pro réalisée pour Business Geografic pour Android/iOS avec navigation cartographique, saisie en ligne/hors-ligne et synchronisation. Une application dont je suis particulièrement fier mais qu'il va être difficile de résumer en si peu de temps !:)</s>
    <s>Si vous êtes développeur Flex ou AS3 ou même simplement intéressé, n'hésitez pas à vous inscrire !</s>
    <s>Remplis sous: Non classé Aucun commentaire</s>
    <s>[Offre d'emploi - Développeur Flex H/F sur Paris (Freelance)]</s>
    <s>Développeur Flex H/F (Paris) - Offre d'emploi</s>
    <s>Titre: Développeur Flex H/F sur Paris</s>
    <s>L'entreprise: Mac Allister Freelance (http://www.mac-allister.com) Crée en 2002, le cabinet Andrew Mac Allister se veut être un cabinet multi-spécialiste réunissant l’ensemble des compétences métiers alliées à une expertise du recrutement.Le groupe Mac Allister est un acteur de référence du recrutement spécialisé dans la sélection et la chasse de profils stratégiques en middle et top management sur des postes en CDI et Management de Transition</s>
    <s>Profil Recherché</s>
    <s>Profil recherché:</s>
    <s>Allister Freelance, filiale du groupe Mac Allister, recherche pour l’un de ses clients, agence de marketing, un Développeur Flex H/F, pour une mission de 3 mois renouvelable sur du long terme.</s>
    <s>Mission basée dans le 92, s’adressant à un indépendant freelance ou souhaitant le devenir.</s>
    <s>Tarif intéressant, selon expérience.</s>
    <s>Descriptif de la mission</s>
    <s>Dans le cadre d’un projet de développement d’un logiciel applicatif, vos missions sont :</s>
    <s>Effectuer les développements et la conception,</s>
    <s>Respecter les PSD et l’optimisation des visuels,</s>
    <s>Etre garant de la qualité graphique et d’animations.</s>
    <s>Compétences Techniques Requises:</s>
    <s>Vous évoluez dans un environnement complexe avec une valeur graphique/visuel, métier et technique très importante.</s>
    <s>Maitrise de Flex 3/4 (AS3 et classes spécifiques Flex)</s>
    <s>Maitrise de MXML (Composant spark ou flex 3+ skin CSS)</s>
    <s>Connaissances Flash Builder 4 ou 4+</s>
    <s>Connaissances des FW Parsley, cairngorm</s>
    <s>Connaissances en projet modulaire (sous maven, Parsley et Module Flex)</s>
    <s>Notions de granite/ AMF, Getty, Java.</s>
    <s>Expérience Requise: 2 ans minimum</s>
    <s>Disponibilité: dès que possible</s>
    <s>Conditions d'embauche</s>
    <s>Lieu : Paris</s>
    <s>Rémunération: selon expérience</s>
    <s>Contrat: Freelance</s>
    <s>Pour postuler</s>
    <s>contacter : Maud MACQUET / mma@mac-allister.com / 01.55.31.92.71</s>
    <s>Remplis sous: Offre d'emploi Aucun commentaire</s>
    <s>[Offre d'emploi - Développeur junior Flash / AS3 / Flex sur Toulouse]</s>
    <s>Développeur junior Flash / AS3 / Flex (Toulouse) - Offre d'emploi</s>
    <s>Titre: Développeur junior Flash / AS3 / Flex</s>
    <s>L'entreprise: Lensys (http://www.lensys.fr) est une entreprise Toulousaine, créée en 2006, spécialisée dans l'informatique médicale. En proposant des solutions innovantes et ergonomiques, Lensys a su se différencier et s'imposer dans le domaine de l'anesthésie. Aujourd'hui Direct-Consult est utilisé dans plus de 15 établissements, par environ 200 médecins anesthésistes et a permis d'informatiser plus de 250 000 consultations (14 000 consultations/ mois).</s>
    <s>LENSYS élabore actuellement de nouvelles solutions pour venir compléter l'offre Direct-Consult. La solution Direct-Bloc est destinée au bloc opératoire, permettant de superviser les interventions et de produire les rapports d’anesthésie au format électronique. Entièrement tactile, elle fonctionne aussi bien dans le navigateur, que sur le poste de travail et les tablettes (iOS et Android).</s>
    <s>Profil Recherché</s>
    <s>Profil recherché:</s>
    <s>Au sein d'une équipe jeune et dynamique, vous participez à la réalisation de la solution, en vous appuyant sur le support d'architectes et de développeurs confirmés.</s>
    <s>Vous participez à notre approche agile du développement, pour laquelle votre sens des responsabilités et votre autonomie sont mis à contribution.</s>
    <s>Vous pouvez évoluer à terme vers un poste d'architecte ou de responsable de solutions.</s>
    <s>Compétences Techniques Requises:</s>
    <s>Vous avec des connaissances en développement d'applications riches, du langage ActionScript et des concepts objets.</s>
    <s>Vous êtes passionné des nouvelles technologies et des nouveaux usages, en veille constante sur les frameworks et des solutions logicielles émergentes.</s>
    <s>Vous savez être autonome et faire preuve d'initiative</s>
    <s>Expérience Requise: 2 ans minimum</s>
    <s>Disponibilité: dès que possible</s>
    <s>Conditions d'embauche</s>
    <s>Lieu : Toulouse</s>
    <s>Rémunération: selon expérience</s>
    <s>Contrat: CDI</s>
    <s>Pour postuler</s>
    <s>Envoyez votre CV à recrutementatlensys.fr en rappelant l'intitulé du poste souhaité.</s>
    <s>Remplis sous: Offre d'emploi Aucun commentaire</s>
    <s>[Offre d'emploi - Architecte / développeur senior Flex / AS 3 / JEE sur Toulouse]</s>
    <s>Architecte / développeur senior Flex / AS 3 / JEE (Toulouse) - Offre d'emploi</s>
    <s>Titre: Architecte / développeur senior Flex / AS 3 / JEE</s>
    <s>L'entreprise: Lensys (http://www.lensys.fr) est une entreprise Toulousaine, créée en 2006, spécialisée dans l'informatique médicale. En proposant des solutions innovantes et ergonomiques, Lensys a su se différencier et s'imposer dans le domaine de l'anesthésie. Aujourd'hui Direct-Consult est utilisé dans plus de 15 établissements, par environ 200 médecins anesthésistes et a permis d'informatiser plus de 250 000 consultations (14 000 consultations/ mois).</s>
    <s>LENSYS élabore actuellement de nouvelles solutions pour venir compléter l'offre Direct-Consult. La solution Direct-Bloc est destinée au bloc opératoire, permettant de superviser les interventions et de produire les rapports d’anesthésie au format électronique. Entièrement tactile, elle fonctionne aussi bien dans le navigateur, que sur le poste de travail et les tablettes (iOS et Android).</s>
    <s>Profil Recherché</s>
    <s>Profil recherché:</s>
    <s>Vous êtes en charge de concevoir et développer la solution Direct-Bloc, combinant votre expertise des architectures Flex / Actionscript et votre bonne connaissance des environnements JEE.</s>
    <s>Vous maintenez et faites évoluer l'environnement de développement et la plateforme d'intégration continue, en contribuant par votre expérience de la gestion de la qualité et des cycles de déploiement.</s>
    <s>Vous êtes amené à intervenir en conseil et en expertise technique pour des besoins internes à la société ou en environnement client.</s>
    <s>Compétences Techniques Requises:</s>
    <s>Vous maîtrisez parfaitement le framework Flex 4.x et le langage ActionScript 3</s>
    <s>Vous connaissez les mécanismes d'échange Flex / JEE (dans l'idéal BlazeDS), et le développement d'application Web Java.</s>
    <s>Vous êtes capable d'effectuer les choix appropriés de frameworks et librairies Flash et JEE</s>
    <s>Vous savez piloter une équipe de développement dans le cadre d'une méthodologie agile (SCRUM)</s>
    <s>Expérience Requise: 5 ans minimum</s>
    <s>Disponibilité: dès que possible</s>
    <s>Conditions d'embauche</s>
    <s>Lieu : Toulouse</s>
    <s>Rémunération: selon expérience</s>
    <s>Contrat: CDI</s>
    <s>Pour postuler</s>
    <s>Envoyez votre CV à recrutementatlensys.fr en rappelant l'intitulé du poste souhaité.</s>
    <s>Remplis sous: Offre d'emploi Aucun commentaire</s>
    <s>Anciennes »</s>
    <s>Mes projets (Open Source)</s>
    <s>Antony Chauviré - Les bases de l'AS3</s>
    <s>Flex 4 Livedocs</s>
    <s>Ludovic Bas - Blog Flash</s>
    <s>Matsiya | Développement Flex</s>
    <s>Nicolas Valois - Actionscript 3 Lab</s>
    <s>Riagora (@mchaize)</s>
    <s>Copyright (C) 2011 Adobe Flex TutorialPowered by WordPress</s>
    <s>Ce blog est un blog personnel, ce n'est en aucun cas un blog Officiel Adobe.</s>
    <s>Adobe, the Adobe logo, Acrobat, ActionScript, Adobe AIR, Flash, Flex, Flex Builder, and Reader are either registered trademarks or trademarks of Adobe Systems Incorporated in the United States and/or other countries.</s>
  </text>
</page>
