<?xml version="1.0" encoding="UTF-8"?>
<!DOCTYPE page SYSTEM "page.dtd">
<page>
  <lang>fr</lang>
  <url>http://www.rockgiguere.com/plantemois8.php</url>
  <title>ECHINACEA PURPUREA &#39;Coconut Lime&#39;</title>
  <snippet>
    <s> de Rock Giguère Écrivain, Auteur, Animateur, Conférencier </s>
  </snippet>
  <text>
    <s>Bienvenue sur le site officiel de Rock Giguere</s>
    <s>Écrivain, Auteur, Animateur, Conferencier</s>
    <s>plante du mois</s>
    <s>Echinacea purpurea Coconut Lime</s>
    <s>Selectionner une image pour la voir en taille reelle.</s>
    <s>DÉNOMINATION ET ORIGINE :</s>
    <s>Nom botanique :</s>
    <s>Echinacea purpurea Coconut Lime.</s>
    <s>Synonymes :</s>
    <s>Nom du cultivar :</s>
    <s>Coconut Lime.</s>
    <s>Nom commercial :</s>
    <s>Echinacea purpurea Coconut Lime PPAF, PBRAF.</s>
    <s>Nom commun français :</s>
    <s>echinacee pourpre Coconut Lime, rudbeckie pourpre Coconut Lime.</s>
    <s>Nom commun anglais :</s>
    <s>purple-coneflower Coconut Lime, eastern purple-coneflower Coconut Lime.</s>
    <s>Famille :</s>
    <s>Origine de l'espece :</s>
    <s>champs de lest de lAmerique du Nord.</s>
    <s>Selectionneur :</s>
    <s>Arie Blom, AB cultivars Breeding for Better Gardens, Vleuten, Pays-Bas. Le meme hybrideur que le cultivar Pink Double Delight.</s>
    <s>Annee :</s>
    <s>Croisement ou selection :</s>
    <s>AB cultivar Breeding for Better Gardens a selectionne ce cultivar suite a un programme dhybridation controle. Cette echinacee fait partie dune serie de cinq nouveaux cultivars : Pink Double Delight®, Pink Shuttles®, Pink Sorbet® et Avalanche®. La serie porte le nom de Cone-fections, faisant allusion au cone central de la fleur.</s>
    <s>Commercialise par :</s>
    <s>le cultivar Coconut Lime a ete introduit par AB cultivars et Plants Nouveau.</s>
    <s>DESCRIPTION :</s>
    <s>Type :</s>
    <s>plante herbacee vivace.</s>
    <s>Port :</s>
    <s>Croissance :</s>
    <s>Hauteur :</s>
    <s>60 a 75 cm (24 a 30 po). Le plant est un peu plus haut que Pink Double Delight.</s>
    <s>Largeur :</s>
    <s>60 cm (24 po).</s>
    <s>Écorce et tige :</s>
    <s>tiges rigides qui croissent a partir de racines fines et ramifiees.</s>
    <s>Feuillage :</s>
    <s>la plante forme une rosette de feuilles lanceolees (en forme de lance) a sa base.</s>
    <s>Floraison :</s>
    <s>la fleur est composee de petales blancs bordant un pompon vert lime au centre brun ambre qui colorent le jardin de la mi-juillet jusqua la fin de septembre. Cest le premier cultivar a fleurs doubles blanches dans le monde des echinacees. La fleur a lapparence dune marguerite traditionnelle au debut jusqua ce que son centre se gonfle pour former un joli monticule de petales nains.</s>
    <s>Parfum :</s>
    <s>Fructification :</s>
    <s>les graines restent en place sur les fleurs sechees en hiver.</s>
    <s>Recolte :</s>
    <s>quand la fleur est seche.</s>
    <s>CULTURE :</s>
    <s>Sol :</s>
    <s>cette plante peut pousser dans une large gamme de sol pourvu quil soit bien draine. Le pH peut etre legerement alcalin ou neutre.</s>
    <s>Exposition a l'interieur :</s>
    <s>Exposition a l'exterieur :</s>
    <s>plein soleil ou sous un ombrage leger. Cette plante a besoin dau moins quatre heures de soleil dans la periode ou le soleil est le plus fort.</s>
    <s>Rusticite :</s>
    <s>zone 3.</s>
    <s>Temperature ideale :</s>
    <s>cette plante tolere autant le froid que la chaleur.</s>
    <s>Temperature minimale :</s>
    <s>-35º C.</s>
    <s>Protection hivernale :</s>
    <s>Arrosage :</s>
    <s>les echinacees sont resistantes aux secheresses passageres. Il faut quand meme les arroser moderement en periode de canicule prolongee.</s>
    <s>Fertilisation :</s>
    <s>cette plante performe bien sans fertilisation.</s>
    <s>Taille :</s>
    <s>lhybrideur recommande denlever les fleurs fanees pour prolonger la floraison et aussi pour garder une forme esthetique au plant.</s>
    <s>Vulnerabilite :</s>
    <s>lechinacee pourpre est resistante aux maladies et aux insectes.</s>
    <s>Attention particuliere :</s>
    <s>plante facile de culture.</s>
    <s>AMÉNAGEMENT :</s>
    <s>Prix ou honneur horticole :</s>
    <s>The Perennial Plant Association a concretise la valeur des echinacees pourpres dans les amenagements horticoles lorsquelle a nomme le cultivar Magnus, plante de lannee 1998.</s>
    <s>Valeur decorative :</s>
    <s>la floraison peut se prolonger pendant dix semaines. Le plant est compact et presente une bonne tenue au jardin. Cette couleur de floraison sassocie harmonieusement avec presque toutes les autres couleurs florales.</s>
    <s>Interet particulier :</s>
    <s>une couleur de floraison inedite chez les echinacees, de belles fleurs doubles, une taille moyenne, des tiges fortes, une plante vivace qui demande peu dentretien tout en donnant une longue floraison, une plante ideale pour ceux qui nont pas beaucoup de temps a consacrer a leur jardin, apres la floraison les tetes florales demeurent attrayantes.</s>
    <s>Utilisation generale :</s>
    <s>on peut planter cette echinacee a fleurs doubles en groupe (cinq ou plus) ou seul dans un massif floral. Avec de bons soins, la fleur peut durer presque deux semaines en fleurs coupees. Elle peut aussi etre incorporee dans les bouquets de fleurs sechees.</s>
    <s>Plantes compagnes :</s>
    <s>des hemerocalles ( Hemerocallis ), des orpins dautomne ( Sedum ou Hylotelephium ), des liatrides a epis ( Liatris spicata ), des monardes ( Monarda ), des phlox panicules ( Phlox paniculata ) et des stokesies ( Stokesia ).</s>
    <s>Renseignements utiles :</s>
    <s>la denomination du genre Echinacea derive du mot grec echinos, signifiant herisson, et evoque le cur herisse en forme de dome des membres de ce genre. Lechinacee est une plante mellifere qui attire un grand nombre dinsectes. On lui attribue de nombreuses proprietes medicinales.</s>
    <s>Genres apparentes en culture :</s>
    <s>Echinacea angustifolia</s>
    <s>Echinacea pallida</s>
    <s>Echinacea paradoxa</s>
    <s>Echinacea tennesseensis</s>
    <s>Especes apparentees en culture :</s>
    <s>Rudbeckia fulgida</s>
    <s>Rudbeckia hirta</s>
    <s>Rudbeckia laciniata</s>
    <s>Rudbeckia maxima</s>
    <s>Rudbeckia nitida</s>
    <s>Rudbeckia subtomentosa</s>
    <s>Rudbeckia triloba</s>
    <s>Cultivars apparentes :</s>
    <s>Echinacea purpurea Pink Double Delight</s>
    <s>Echinacea purpurea Razzmatazz</s>
    <s>Autres cultivars apparentes :</s>
    <s>Echinacea pallida Hula Dancer</s>
    <s>Echinacea purpurea After Midnight (Emily Saul) se Big Sky</s>
    <s>Echinacea purpurea Alba</s>
    <s>Echinacea purpurea All That Jazz</s>
    <s>Echinacea purpurea Amado</s>
    <s>Echinacea purpurea Big Sky Sundown</s>
    <s>Echinacea purpurea Bravado</s>
    <s>Echinacea purpurea Bright Star (Leuchtstern)</s>
    <s>Echinacea purpurea Crazy Pink (Adam Saul)</s>
    <s>Echinacea purpurea Doubledecker</s>
    <s>Echinacea purpurea Elton Knight</s>
    <s>Echinacea purpurea Fancy Frills</s>
    <s>Echinacea purpurea Fatal Attraction</s>
    <s>Echinacea purpurea Fragrant Angel</s>
    <s>Echinacea purpurea Green Edge</s>
    <s>Echinacea purpurea Green Envy</s>
    <s>Echinacea purpurea Green Eyes</s>
    <s>Echinacea purpurea Green Jewel</s>
    <s>Echinacea purpurea Harvest Moon (Matthew Saul) se Big Sky</s>
    <s>Echinacea purpurea Hope</s>
    <s>Echinacea purpurea Jade</s>
    <s>Echinacea purpurea Kims Knee High</s>
    <s>Echinacea purpurea Kims Mophead</s>
    <s>Echinacea purpurea Liliput</s>
    <s>Echinacea purpurea Little Giant</s>
    <s>Echinacea purpurea Magnus</s>
    <s>Echinacea purpurea Mango Meadowbrite</s>
    <s>Echinacea purpurea Orange Meadowbrite (Arts Pride)</s>
    <s>Echinacea purpurea Paranoia</s>
    <s>Echinacea purpurea Pixie Meadowbrite</s>
    <s>Echinacea purpurea Prairie Frost</s>
    <s>Echinacea purpurea Prairie Splendor</s>
    <s>Echinacea purpurea Ruby Giant</s>
    <s>Echinacea purpurea Ruby Star (Rubinstern)</s>
    <s>Echinacea purpurea Sparkler</s>
    <s>Echinacea purpurea Summer Sky (Katie Saul) se Big Sky</s>
    <s>Echinacea purpurea Sundown (Evan Saul) se Big Sky</s>
    <s>Echinacea purpurea Sunrise se Big Sky</s>
    <s>Echinacea purpurea Sunset</s>
    <s>Echinacea purpurea The King</s>
    <s>Echinacea purpurea Twilight</s>
    <s>Echinacea purpurea Verbesserter Leuchtstern</s>
    <s>Echinacea purpurea Vintage Wine</s>
    <s>Echinacea purpurea Virgin</s>
    <s>Echinacea purpurea White Lustre</s>
    <s>Echinacea purpurea White Nathalie</s>
    <s>Echinacea purpurea White Swan</s>
    <s>Echinacea tennesseensis Rocky Top</s>
    <s>Rock Giguere</s>
    <s>Rock Giguere, 8 rue des Épinettes, Sainte-Aurelie (Quebec), G0M 1M0</s>
    <s>Tel : (418) 593-3694, Courriel :rock.giguere@sogetel.net</s>
    <s>(C) 2006-2009 Rock Giguere Tous droits reserves. Realise par Dominic Denis.</s>
  </text>
</page>
