<?xml version="1.0" encoding="UTF-8"?>
<!DOCTYPE page SYSTEM "page.dtd">
<page>
  <lang>fr</lang>
  <url>http://www.entreprisesdupaysage.org/evenements/ville-en-vert-ville-en-vie</url>
  <title>Conférence ville en vert - ville en vie - Unep - Les entreprises du ...</title>
  <snippet>
    <s>Conférence « ville en vert - ville en vie » Sous le haut patronage de Bernard Accoyer, Président de l&#39;Assemblée nationale. En présence : d&#39;Edouard Courtial </s>
  </snippet>
  <text>
    <s>Plan de site</s>
    <s>Délégations de l'Unep</s>
    <s>Les activités des entreprises</s>
    <s>Les services à la personne</s>
    <s>Les chiffres clés</s>
    <s>Les métiers</s>
    <s>Démarches qualité d’entreprise</s>
    <s>Qualifications QualiPaysage</s>
    <s>Installation / Reprise</s>
    <s>Présentation de l'Unep</s>
    <s>Les dates clés</s>
    <s>Les missions et activités</s>
    <s>Les instances de l'Unep</s>
    <s>Les permanents de l'Unep</s>
    <s>Les grands rendez-vous</s>
    <s>Unep régionales</s>
    <s>Unep Aquitaine</s>
    <s>Unep Bretagne</s>
    <s>Unep Bourgogne Franche-Comté</s>
    <s>Unep Centre Limousin</s>
    <s>Unep Guyane</s>
    <s>Unep Ile de France</s>
    <s>Unep ile de la Réunion</s>
    <s>Unep Méditerranée</s>
    <s>Unep Midi-Pyrénées</s>
    <s>Unep Nord Picardie</s>
    <s>Unep Nord-Est</s>
    <s>Unep Normandie</s>
    <s>Unep Pays de la Loire - Poitou Charentes</s>
    <s>Unep Rhône-Alpes Auvergne</s>
    <s>Rendez-vous et actus Unep</s>
    <s>Rendez-vous aux jardins</s>
    <s>Festival de Chaumont sur Loire</s>
    <s>Les salons</s>
    <s>Ville en vert - ville en vie</s>
    <s>Concours d'excellence</s>
    <s>Expert Jardins</s>
    <s>Séminaire Ecole Entreprise</s>
    <s>Les services de l’Unep</s>
    <s>Comment adhérer à l'Unep</s>
    <s>Les &quot;services +&quot; de l'Unep Services</s>
    <s>Pourquoi adhérer ?</s>
    <s>La carte professionnelle</s>
    <s>Adhérer au comité des entreprises de l'Elca</s>
    <s>En formation et emploi</s>
    <s>En horticulture et paysage</s>
    <s>En Europe - Elca</s>
    <s>L'interprofession Val'hor</s>
    <s>Pour le 45e congrès</s>
    <s>Pour Meilleurs Ouvriers de France</s>
    <s>Pour les Olympiades</s>
    <s>France Bois Forêt</s>
    <s>Reconnaissance de végétaux</s>
    <s>Base documentaire</s>
    <s>Experts judiciaires</s>
    <s>Marchés publics</s>
    <s>Services à la personne</s>
    <s>Technique et Métiers</s>
    <s>Vous etes dans</s>
    <s>Ville en vert - ville en vie</s>
    <s>Rendez-vous et actus Unep</s>
    <s>Rendez-vous aux jardins</s>
    <s>Festival de Chaumont sur Loire</s>
    <s>Les salons</s>
    <s>Ville en vert - ville en vie</s>
    <s>Concours d'excellence</s>
    <s>Expert Jardins</s>
    <s>Séminaire Ecole Entreprise</s>
    <s>Conférence ville en vert - ville en vie</s>
    <s>Conférence « ville en vert - ville en vie » à l'Assemblée nationale</s>
    <s>L'Unep, la Fédération Française du Paysage (FFP) et l'Association Française des Directeurs de Jardins et d'Espaces Verts Publics (AFDJEVP) organisaient le 17 mars 2009 à l'Assemblée nationale, la conférence « ville en vert - ville en vie » autour de la politique de développement des espaces paysagers des collectivités publiques. C'est un rendez-vous qui a marqué un tournant important dans la communication de l'Unep et de ses partenaires vers les donneurs d'ordre publics.</s>
    <s>Cliquez sur l'image </s>
    <s>C'est à cette occasion qu'a été édité le Mini guide de l'éco maire</s>
    <s>Retrouvez la Synthèse conférence Ville en vert - ville en vie</s>
    <s>Les concepteurs et les entrepreneurs du paysage partagent avec leurs homologues directeurs de jardins et d'espaces verts publics la conviction qu'ils participent au bien être des Français en créant et en entretenant ces lieux de repos, de loisir et de respiration dans la ville. Les chercheurs mettent en œuvre leurs compétences pour apporter à ces sentiments des bases scientifiques, des données permettant de penser la ville dans sa globalité. Certains élus, maires, députés, donnent aux espaces paysagers toute leur valeur et leur importance dans une politique concertée et cohérente.</s>
    <s>Sous le haut patronage de Bernard Accoyer, Président de l'Assemblée nationale, l'ambition de ce colloque était de montrer, par des témoignages d'exemples concrets, l'importance des recherches et le caractère essentiel d'une réflexion globale en amont des projets d'aménagements paysagers afin de concevoir des lieux adaptés aux attentes des usagers, puis des budgets d'entretien permettant de s'inscrire dans une gestion durable.</s>
    <s>Une première table ronde, à 14h30 réunissait des experts qui réagissaient sur la thématique : les espaces paysagers en ville, quels enjeux pour la santé des citoyens et l'amélioration de l'environnement urbain ?</s>
    <s>Le végétal en ville est un véritable enjeu en termes de santé des citoyens, d'amélioration de l'environnement urbain et d'attractivité du territoire. Encore faut-il que les espaces verts publics soient pensés en amont des projets, pour que leur usage soit optimisé au maximum.</s>
    <s>- Maryse Joissains Masini, Députée-Maire d'Aix-en-Provence,</s>
    <s>- Christiane Weber, Directeur de recherche CNRS, directrice du laboratoire Image et Ville de l'Université de Strasbourg,</s>
    <s>- Anne Ribes, Infirmière « jardiniste », anime l'atelier « potager fleur » avec les enfants à l'hôpital de la Salpetrière,</s>
    <s>- Florence Robert, Architecte paysagiste.</s>
    <s>La seconde table ronde, à 16h30 proposait des pistes de réflexion sur l'entretien des espaces paysagers, garantie d'un développement harmonieux.</s>
    <s>En effet, à l'inverse de la plupart des équipements publics (crèches, piscines ), le coût d'entretien d'un espace vert est rarement intégré dans le budget du projet. Une approche globale et qualitative de l'entretien des espaces verts est possible. Elle permet de conserver des lieux attractifs et accueillants pour les habitants.</s>
    <s>- Manuel Tornare, Maire de Genève,</s>
    <s>- Serge Grouard, Maire d'Orléans,</s>
    <s>- Pascal Desautels, Maire d'Oger (distingué par le CNVVF en 2008),</s>
    <s>- Philippe Duron, Maire de Caen</s>
    <s>- Francine Barthe, agrégée de géographie, Maître de conférence à l'Université Jules Verne, Picardie à Amiens,</s>
    <s>- Marc Loiseleur, entrepreneur du paysage.</s>
    <s>A l'issue de ces première table ronde, Dominique Douard, Président de la Commission des Métiers du Paysage de Val'hor exposait le concept de &quot;Cité Verte&quot;.</s>
    <s>Conférence « ville en vert - ville en vie »</s>
    <s>Sous le haut patronage de Bernard Accoyer, Président de l'Assemblée nationale</s>
    <s>En présence :</s>
    <s>d'Edouard Courtial, député de l'Oise, Président du Groupe d'études Jardins, Paysages et Horticulture de l'Assemblée nationale,</s>
    <s>Emmanuel Mony, Président de l'Unep- les entreprises du paysage,</s>
    <s>Thibaut Beauté, Président de l'Association Française des Directeurs de Jardins et d'Espaces Verts Publics (AFDJEVP),</s>
    <s>et Michel Péna, Président de la Fédération Française du Paysage (FFP).</s>
    <s>Mentions légales</s>
    <s>Aide en ligne</s>
    <s>Espace adherents</s>
    <s>Identifiant Internet</s>
    <s>Mot de passe (N° adhérent)</s>
    <s>Un professionnel</s>
    <s>pres de chez vous</s>
    <s>Espace presse</s>
    <s>Retrouvez tous les communiqués et dossiers de presse de l'Unep</s>
    <s>Lien vers l'espace presse</s>
    <s>Unep Mag</s>
    <s>!Le magazine semestriel de l'Unep</s>
    <s>Le dernier numéro de juillet/août 2011</s>
    <s>Rapport d'activité</s>
    <s>!Téléchargez le rapport d'activité 2010 de l'Unep</s>
    <s>Orientation Formation Emploi</s>
    <s>Petites annonces</s>
    <s>a la newsletter</s>
    <s>Votre adresse mail</s>
  </text>
</page>
