<?xml version="1.0" encoding="UTF-8"?>
<!DOCTYPE page SYSTEM "page.dtd">
<page>
  <lang>fr</lang>
  <url>http://projet-plume.org/fiche/dimdim</url>
  <title>DimDim | Fiche logiciel PLUME</title>
  <snippet>
    <s>7 janv. 2011 Relecteur(s) : Pascal Dayre (IRIT) Mots-clés principaux : conférence Un participant à un webinar disposera donc d&#39;un écran du type de </s>
  </snippet>
  <text>
    <s>Promouvoir les Logiciels Utiles Maitrises et Economiques</s>
    <s>dans l'Enseignement Superieur et de la Recherche</s>
    <s>PLUME ?</s>
    <s>264 Developpements ESR</s>
    <s>241 Ressources</s>
    <s>336 Logiciels valides</s>
    <s>Fiche logiciel valide</s>
    <s>Logiciel validé par la communauté ESR</s>
    <s>Creation ou MAJ importante : 05/05/10</s>
    <s>Correction mineure : 28/06/11</s>
    <s>Auteur : Stéphane Ribas - Département du Développement Technologique (INRIA)</s>
    <s>Relecteur(s) : Pascal Dayre (IRIT)</s>
    <s>Christian Helft (LAL)</s>
    <s>Responsable thematique : Véronique Baudin (LAAS)</s>
    <s>Fiche archivee</s>
    <s>Cette fiche a été mise à jour par son auteur (Stéphane Ribas) pour la dernière fois en mai 2010. Toute fiche PLUME doit être mise à jour régulièrement : cette fiche est donc déclarée archivée. Si vous utilisez DimDim et voulez 'reprendre' cette fiche c'est à dire la mettre à jour, contactez : plume@services.cnrs.fr</s>
    <s>Système : UNIX-like</s>
    <s>Métier-activité : formation, travail coopératif</s>
    <s>Domaine informatique : multimédia</s>
    <s>Usage : informatique perso, service informatique</s>
    <s>Fonctionnalités principales : accès distant, conférence, e-learning, formation, multimedia, téléphone, travail collaboratif, travail coopératif</s>
    <s>Mots-clés divers : audio, diaporama, H323, vidéo</s>
    <s>Mots-clés proposés par l'auteur : open source logiciel libre cent os web conferencing webex</s>
    <s>Origine : développement externe</s>
    <s>Type de licence : libre</s>
    <s>Coût : gratuit</s>
    <s>Pour aller plus loin</s>
    <s>Fiches logiciel PLUME connexes : Asterisk, Ekiga, Moodle, RAT, VIC, VMware Server, XMeeting</s>
    <s>Mots-cles principaux : conférence</s>
    <s>Ressources complementaires :</s>
    <s>- EVO : service de vidéoconférence à une grande échelle</s>
    <s>- Webinaire : description et outils</s>
    <s>DimDim : environnement de webconferencing</s>
    <s>Cette fiche n'est plus à jour. Elle a été archivée pour la raison exposée ci-contre.</s>
    <s>Site web</s>
    <s>Systeme : UNIX-like</s>
    <s>Version evaluee : 4.5</s>
    <s>Langue(s) de l'interface : anglais</s>
    <s>Licence : GPL</s>
    <s>Fonctionnalités générales</s>
    <s>DimDim est un environnement de web conferencing développé sur le modèle Client/serveur. Le Client ne nécessite aucune installation, puisqu'il est accessible par un simple navigateur.</s>
    <s>Le site de téléchargement donné sur cette fiche concerne donc le serveur DimDim.</s>
    <s>DimDim est un outil open source de webconferencing permettant de :</s>
    <s>partager des présentations de type Powerpoint</s>
    <s>partager l'écran de son ordinateur</s>
    <s>naviguer de façon synchrone sur un site web</s>
    <s>partager un tableau blanc sur lequel chacun des intervenants peut interagir</s>
    <s>La copie d'écran ci-dessous présente un exemple d'utilisation par le partage d'une présentation et d'une caméra durant un web meeting</s>
    <s>dialoguer textuellement à l'aide d'un &quot;chat&quot;</s>
    <s>ajouter de la vidéo et et de l'audio via internet (trois webcams et trois microphones dans la version open source. Un casque et un microphone de bonne facture sont souhaitables :-) )</s>
    <s>L'organisateur d'un webinar utilisera donc le Client DimDim via son navigateur pour définir les caractéristiques de sa réunion: il doit disposer d'un accès autorisé (login/password) pour cela sur le site hébergeant le serveur DimDim.</s>
    <s>Un participant à un webinar disposera donc d'un écran du type de celui présenté ci-dessous:</s>
    <s>Coté Client:</s>
    <s>1. Très facile d'emploi, un simple navigateur (FireFox 3.x, InternetExplorer, Safari) suffit pour participer.</s>
    <s>2. intégration avec MOODLE</s>
    <s>3. Utilisation possible sous VMWARE (image ISO/CD)</s>
    <s>Contexte d'utilisation dans mon laboratoire/service</s>
    <s>Nous utilisons cet outil dans un but de promotion et de partage de la connaissance.</s>
    <s>Nous avons installé un serveur DimDim sur notre site, accessible pour les webinars que nous organisons pour des audiences internes INRIA ou externes, par exemple dans le cadre du projet européen QualiPSo ou do consortium OW2.</s>
    <s>!La copie d'écran ci-dessous présente un exemple d'utilisation d'un tableau blanc partagé durant un web meeting</s>
    <s>La copie d'écran ci-dessus présente un exemple d'utilisation d'un tableau blanc partagé durant un web meeting.</s>
    <s>Limitations, difficultés, fonctionnalités importantes non couvertes</s>
    <s>Attention, il faut s'entrainer un peu avant de faire un vrai webinar.</s>
    <s>La configuration du microphone, le chargement des présentations, etc, nécessite de faire quelques essais.</s>
    <s>Il se peut que votre microphone ou que le niveau de ligne audio ne soit pas optimal.</s>
    <s>Il se peut aussi que certaines polices de caractères ne soient pas reconnues.</s>
    <s>Environnement du logiciel</s>
    <s>Distributions dans lesquelles ce logiciel est intégré</s>
    <s>Aucune, un paquet RPM pour CENTOS est proposé.</s>
    <s>Pour des raison de facilité, nous avons installé sur une machine virtuelle:</s>
    <s>1. un CENTOS</s>
    <s>2. Nous avons lu le fichier &quot;lisezmoi&quot; et suivi les instructions à la lettre sans réflechir (important!)</s>
    <s>3. rajouté le paquet rpm</s>
    <s>4. configuré les ports firewall, réseaux, serveur web, etc.</s>
    <s>Linux mais il faudra recompiler le tout.</s>
    <s>Le mieux est d'utiliser une plateforme CENT OS et d'installer le paquet RPM</s>
    <s>Logiciels connexes</s>
    <s>Moodle : http://www.projet-plume.org/fr/fiche/moodle</s>
    <s>VMWARE: http://www.projet-plume.org/fr/fiche/vmware-server</s>
    <s>Autres logiciels aux fonctionnalités équivalentes</s>
    <s>Logiciels propriétaires :</s>
    <s>les différentes versions propriétaires et gratuite ou payantes de DimDim : http://www.dimdim.com/products/what is dimdim.html</s>
    <s>webex : http://www.webex.com</s>
    <s>Adobe Connect : http://www.adobe.com/fr/products/connect/</s>
    <s>isabel : http://isabel.dit.upm.es</s>
    <s>Elluminate : http://www.elluminate.com</s>
    <s>Windows Livemeeting (ex NetMeeting) : http://www.microsoft.com/office/rtc/livemeeting</s>
    <s>SharedView : http://connect.microsoft.com/site94</s>
    <s>Logiciels opensource:</s>
    <s>EVO : http://projet-plume.org/fr/ressource/evo</s>
    <s>Isabel : http://www.agora-2000.com/?display=products/isabel/ (licence GPL)</s>
    <s>Environnement de developpement</s>
    <s>Type de structure associée au développement</s>
    <s>Communauté Open source et société DimDim, Inc.</s>
    <s>voir http://www.dimdim.com/community/opensource.html</s>
    <s>et http://www.dimdim.com/community/dimdim gpl.html</s>
    <s>Eléments de pérennité</s>
    <s>Communauté et société de services (Dimdim, Inc.)</s>
    <s>Références d'utilisateurs institutionnels</s>
    <s>INRIA, OW2, OSOR</s>
    <s>Environnement utilisateur</s>
    <s>Liste de diffusion ou de discussion, support et forums</s>
    <s>forums, listes de discussion et &quot;bugtracker&quot; : http://sourceforge.net/projects/dimdim/support</s>
    <s>peu actifs.</s>
    <s>Documentation utilisateur</s>
    <s>http://www.dimdim.com/opensource/dimdim documentat </s>
    <s>Divers (astuces, actualités, sécurité)</s>
    <s>0- Dimdim sur Ubuntu (à lire, les conseils peuvent servir pour votre propre installation):</s>
    <s>1 - attention aux polices de caractères utilisées dans vos présentations:</s>
    <s>&quot; Hi all,</s>
    <s>For your information (it may be useful for other users), and since I've now solved the issues, I take the opportunity to report what was wrong with my .ppt file which prevented DimDim from converting it.</s>
    <s>I was using the Helvetica font (use Arial instead)</s>
    <s>I was using the Zapf Dingbats font (use Windings instead)</s>
    <s>(note that these issues may be XP related, i.e. these fonts may be working with other systems)</s>
    <s>I still have a minor issue which is not rendered properly by the DimDim converter:</s>
    <s>numbers for numbered lists when the items are separated by some text are lost</s>
    <s>In addition, the pdf export generated by Acrobat 7.0 Professional on my XP box produces a pdf file which can not be converted by DimDim (even though the original ppt file can be converted). Strange.</s>
    <s>Anyway, since I now have a decently working solution (ppt), I'll use it for the webinar &quot;</s>
    <s>2- Guide &quot;troubleshooting&quot;</s>
    <s>Malheureusement, il n'a pas plus l'air d'être disponible sur le site DimDim.</s>
    <s>Je peux vous faire passer une copie si besoin (trop gros pour cette fiche &gt; 1mega!)</s>
    <s>Vous devez vous identifier ou créer un compte pour écrire des commentaires</s>
    <s>!4159 lectures 4159 lectures</s>
    <s>ven, 07/01/2011 - 08:32 — Christian Helft</s>
    <s>DimDim racheté</s>
    <s>L'avenir open-source de DimDim parait bien incertain depuis l'annonce de son rachat par SalesForce (voir le site de DimDim). À suivre avec attention.</s>
    <s>Infos à http://www.dimdim.com/faq.html</s>
    <s>Vous devez vous identifier ou créer un compte pour écrire des commentaires</s>
    <s>Actualités PLUME</s>
    <s>Brèves de clavier</s>
    <s>Top 20 logiciels validés</s>
    <s>Top 20 ressources</s>
    <s>Derniers logiciels validés</s>
    <s>Dernières ressources</s>
    <s>Etre informé</s>
    <s>S'abonner aux fils RSS</s>
    <s>Logiciels validés</s>
    <s>Logiciels à valider</s>
    <s>Développements ESR</s>
    <s>Thèmes principaux</s>
    <s>Admin Systèmes &amp; Réseaux</s>
    <s>Développements ESR</s>
    <s>Informatique personnelle</s>
    <s>Patrimoine logiciel</s>
    <s>Sciences Humaines Sociales</s>
    <s>Travail coopératif</s>
    <s>Projets connexes</s>
    <s>Projets connexes</s>
    <s>Ecole ASR outils libres</s>
    <s>Journées PLUME</s>
    <s>Forge ESR</s>
    <s>ENVOL 2010</s>
    <s>ENVOL 2008</s>
    <s>Fiches archivées</s>
    <s>Recherche en texte intégral</s>
    <s>Recherche par mots clés</s>
    <s>PLUME ?</s>
    <s>Types de fiches</s>
    <s>Les comités</s>
    <s>L'équipe PLUME</s>
    <s>Le comité technique</s>
    <s>Le comité d'exploitation</s>
    <s>Le comité de suivi</s>
    <s>Le comité stratégique</s>
    <s>Les contributeurs</s>
    <s>Tableau de bord</s>
    <s>PLUME en chiffres</s>
    <s>Portail anglophone</s>
    <s>Etre informé</s>
    <s>Historique du projet</s>
    <s>Comment participer</s>
    <s>Comment contribuer</s>
    <s>Donner son avis</s>
    <s>Devenir membre</s>
    <s>Cherche contributeur</s>
    <s>Devenir partenaire</s>
    <s>Se connecter avec OpenID :</s>
    <s>Qu'est-ce qu'OpenID ?</s>
    <s>Nom d'utilisateur : *</s>
    <s>Mot de passe : *</s>
    <s>Créer un nouveau compte</s>
    <s>Demander un nouveau mot de passe</s>
    <s>Devenir membre </s>
    <s>OpenID et Plume</s>
    <s>Se connecter avec OpenID</s>
    <s>Annuler la connexion OpenID</s>
    <s>Partenaires - Mentions légales et crédits - Mentions CNIL - Contact - Contribuez !</s>
  </text>
</page>
