<?xml version="1.0" encoding="UTF-8"?>
<!DOCTYPE page SYSTEM "page.dtd">
<page>
  <lang>fr</lang>
  <url>http://sph11.organizers-congress.ch/allgemeine_informationen_fr.php</url>
  <title>Informations générales - Swiss Public Health Conference 2011</title>
  <snippet>
    <s>Lieu de la conférence Organisation et information Frais d&#39;inscription ( valables pour une inscription d&#39;ici au 8 août 2011; passé ce délai, un supplément de </s>
  </snippet>
  <text>
    <s>Informations generales</s>
    <s>Organisation de la conference</s>
    <s>Informations generales</s>
    <s>Organizers Suisse sarl</s>
    <s>+41 (0)61 836 98 78</s>
    <s>!Lieu de la conference</s>
    <s>!Frais d'inscription</s>
    <s>!Organisation et information</s>
    <s>Lieu de la conference</s>
    <s>Universitat Basel</s>
    <s>Petersplatz 1</s>
    <s>4003 Basel</s>
    <s>!Plan d'acces / guide routier</s>
    <s>Les places de parc de l'Universite de Bale sont tres restreintes. Nous vous conseillons d'utiliser les possibilites de parking aux alentours, comme par exemple le parking de l'Hopital cantonal.</s>
    <s>Transport public</s>
    <s>Horaire en ligne des CFF</s>
    <s>Transports publics balois</s>
    <s>Au depart de la gare CFF: bus no 30 en direction de „Badischer Bahnhof&quot;, arret „Universitat&quot; ou „Spalentor&quot;, 5 min. a pied jusqu'au Kollegienhaus.</s>
    <s>Français - Deutsch - English (sans traduction simultanee)</s>
    <s>Apres votre inscription, vous recevrez une confirmation par e-mail ainsi qu'une facture si vous avez reserve des prestations payantes.</s>
    <s>Frais d'inscription</s>
    <s>Frais d'inscription (valables pour une inscription d'ici au 8 aout 2011; passe ce delai, un supplement de CHF 30.00 sera exige):</s>
    <s>Membres de Sante publique Suisse</s>
    <s>1 jour</s>
    <s>CHF 200.00</s>
    <s>2 jours</s>
    <s>CHF 300.00</s>
    <s>1 jour</s>
    <s>CHF 250.00</s>
    <s>2 jours</s>
    <s>CHF 375.00</s>
    <s>Auteurs d'abstract</s>
    <s>Auteur presentant une communication a la conference (presentation orale ou poster) ou intervenant dans un atelier</s>
    <s>Etudiant(e)s a plein temps (avec piece de legitimation)</s>
    <s>Personnes participant a un programme de formation continue</s>
    <s>Toute personne suivant actuellement l'un des programmes de formation postgrade mentionne ci-dessous a droit au prix reduit:</s>
    <s>Programme MPH Zurich-Bale-Berne</s>
    <s>Programme DSP-MAS Geneve</s>
    <s>CAS Gesundheitsforderung und Pravention FH Nordwestschweiz</s>
    <s>MAS Hochschule Luzern in Prevention and Health Promotion</s>
    <s>Au cas ou vous suivez un programme postgrade en rapport avec la sante publique qui n'est pas mentionne dans la liste, prenez donc contact avec nous. Nous analyserons la possibilite d'une eventuelle collaboration avec votre programme de formation postgrade.</s>
    <s>Des chambres sont encore disponibles dans les hotels aux alentours de l'Universite de Bale. Veuillez noter qu'aucun contingent n'a ete reserve. Veuillez reserver aupres de:</s>
    <s>Hotel Rochat</s>
    <s>Petersgraben 23</s>
    <s>4051 Basel</s>
    <s>+41 (0)61 261 81 40</s>
    <s>Distance de l'hotel a l'universite: 1 minute a pied</s>
    <s>Gastehaus des Universitatsspital Basel</s>
    <s>Mittlere Strasse 39</s>
    <s>4056 Basel</s>
    <s>+41 (0)61 265 22 88</s>
    <s>Distance de l'hotel a l'universite: 5 minutes a pied</s>
    <s>Hotel au Violon</s>
    <s>Im Lohnhof 4</s>
    <s>4051 Basel</s>
    <s>+41 (0)61 269 87 11</s>
    <s>Distance de l'hotel a l'universite: 5-10 minutes a pied</s>
    <s>Vous trouvez d'autres possibilites: www.basel.com</s>
    <s>En cas d'annulation avant le 8 aout 2011, une taxe d'annulation de CHF 50.00 sera perçue. En cas d'annulation apres le 8 aout 2011 et sans participation a la conference, les frais d'inscription complets restent dus. L'inscription peut par contre etre transferee en tout temps a une autre personne.</s>
    <s>Organisation et information</s>
    <s>Sante publique Suisse</s>
    <s>Dr. Denise Felber Dietrich &amp; Nicole Baltisberger</s>
    <s>Case postale 8172</s>
    <s>3001 Bern</s>
    <s>+41 (0)31 389 92 86</s>
    <s>+41 (0)31 389 92 88</s>
    <s>Organizers Suisse sarl</s>
    <s>Obere Egg 2</s>
    <s>4312 Magden/Bale</s>
    <s>+41 (0)61 836 98 78</s>
    <s>+41 (0)61 836 98 77</s>
  </text>
</page>
