<?xml version="1.0" encoding="UTF-8"?>
<!DOCTYPE page SYSTEM "page.dtd">
<page>
  <lang>fr</lang>
  <url>http://www.hotel-pflug.de/fr/congrs.html</url>
  <title>Congrès - Hotel Pflug in Ottenhöfen, Schwarzwald</title>
  <snippet>
    <s>122 qm; jusqu&#39;à 80 personnes – aménagement des chaises en rangées dans la salle de conférence; pause café en matinée avec des snacks salés et sucrés </s>
  </snippet>
  <text>
    <s>Demande de réservation</s>
    <s>Enfants: - Bébé 2 âge 3 âge 4 âge 5 âge 6 âge 7 âge 8 âge 9 âge 10 âge 11 âge 12 âge 13 âge 14 âge 15 âge 16 âge 17 âge - Bébé 2 âge 3 âge 4 âge 5 âge 6 âge 7 âge 8 âge 9 âge 10 âge 11 âge 12 âge 13 âge 14 âge 15 âge 16 âge 17 âge - Bébé 2 âge 3 âge 4 âge 5 âge 6 âge 7 âge 8 âge 9 âge 10 âge 11 âge 12 âge 13 âge 14 âge 15 âge 16 âge 17 âge</s>
    <s>Chambre d’hôtel</s>
    <s>Qui sommes nous?</s>
    <s>Banquets et fêtes</s>
    <s>Demande de réservation</s>
    <s>Mentions légales</s>
    <s>Quick Links</s>
    <s>Offre et tarifs</s>
    <s>Comptez sur nous afin que tout soit parfait jusque dans les moindres detailsNos salons confortables, nos experts en matiere de congres et seminaires feront de votre conference un evenement reussi, inoubliable et productif.</s>
    <s>Nos salles et salons</s>
    <s>Salon Kaiserstuhl:</s>
    <s>122 qm</s>
    <s>jusqu'a 80 personnes - amenagement des chaises en rangees</s>
    <s>jusqu'a 55 personnes - amenagement des chaises en « U »</s>
    <s>lumiere du jour</s>
    <s>Salle de conference Ortenau:</s>
    <s>63 qm</s>
    <s>jusqu'a 80 personnes - amenagement des chaises en rangees</s>
    <s>jusqu'a 35 personnes - amenagement des chaises en « U »</s>
    <s>lumiere du jour</s>
    <s>piece privative</s>
    <s>Forfaits pour congrès</s>
    <s>Forfait all-inclusive € 38,- par personne</s>
    <s>salle de conference en fonction du nombre de participants</s>
    <s>materiel technique standard pour congres avec videoprojecteur, toile, panneaux d'affichage</s>
    <s>bloc-notes et stylos</s>
    <s>nombre illimitee de boissons non-alcoolisees (eau minerale gazeuse, divers jus de fruits, coca) dans la salle de conference</s>
    <s>pause cafe en matinee avec des snacks sales et sucres</s>
    <s>dejeuner (menu 3 plats ou buffet en fonction des envies du chef de cuisine), boissons non-alcoolisees incl.</s>
    <s>pause cafe l'apres-midi avec des snacks sales et sucres</s>
    <s>Forfait Hotel Pflug € 32,- par personne</s>
    <s>salle de conference en fonction du nombre de participants</s>
    <s>materiel technique standard pour congres avec videoprojecteur, toile, panneaux d'affichage</s>
    <s>bloc-notes et stylos</s>
    <s>2 boissons non-alcoolisees par personne (eau minerale gazeuse, divers jus de fruit, coca) dans la salle de conference</s>
    <s>pause cafe dans la matinee avec des snacks sales et sucres</s>
    <s>dejeuner (menu 3 plats ou buffet en fonction des envies du chef de cuisine), 1 boisson non-alcoolisee incl.</s>
    <s>pause cafe dans l'apres-midi avec des snacks sales et sucres</s>
    <s>Forfait Basic € 28,- par personne</s>
    <s>salle de conference en fonction du nombre de participants</s>
    <s>materiel technique standard pour congres avec videoprojecteur, toile, panneaux d'affichage</s>
    <s>bloc-notes et stylos</s>
    <s>eau minerale gazeuse dans la salle de conference</s>
    <s>pause cafe dans la matinee avec des snacks sales et sucres</s>
    <s>dejeuner (menu 3 plats ou buffet en fonction des envies du chef de cuisine), eau minerale gazeuse incl.</s>
    <s>pause cafe dans l'apres-midi avec des snacks sales et sucres</s>
    <s>Hotel Pflug · Allerheiligenstraße 1 · 77883 Ottenhöfen im Schwarzwald · Tel: 0049 7842 / 99 42 0 · info@hotel-pflug.de</s>
    <s>(C) 2011 Webdesign by eSales Media | Mentions légales</s>
  </text>
</page>
