<?xml version="1.0" encoding="UTF-8"?>
<!DOCTYPE page SYSTEM "page.dtd">
<page>
  <lang>fr</lang>
  <url>http://liris.cnrs.fr/notere08/index.php%3Foption%3Dcom_content%26task%3Dview%26id%3D59%26Itemid%3D172</url>
  <title>notere08 - Conference Program</title>
  <snippet>
    <s>Conference Overview. You can download the conference schedule with the 09:00 - 10:00, Conférencier invité / Keynote: Karl Aberer, EPFL, Suisse Session 4 - Systèmes distribués et mobiles/Distributed and mobile systems (P2P) [Top] </s>
  </snippet>
  <text>
    <s>NOTERE 2008</s>
    <s>Topics of interest</s>
    <s>Conference Location</s>
    <s>City Map</s>
    <s>Contact us</s>
    <s>Site menu</s>
    <s>NOTERE 2008</s>
    <s>Topics of interest</s>
    <s>Important Dates</s>
    <s>Submission Guidelines</s>
    <s>Keynote speakers</s>
    <s>Accepted Papers</s>
    <s>Conference Location</s>
    <s>Lyon Guide</s>
    <s>City Map</s>
    <s>Contact us</s>
    <s>Contact us</s>
    <s>!arrow Program</s>
    <s>(C) 2011 notere08</s>
    <s>Joomlaest un logiciel libre distribuous licence GNU/GPL.</s>
  </text>
</page>
