<?xml version="1.0" encoding="UTF-8"?>
<!DOCTYPE page SYSTEM "page.dtd">
<page>
  <lang>fr</lang>
  <url>http://www.wipo.int/meetings/fr/details.jsp%3Fmeeting_id%3D17453</url>
  <title>Comité du programme et budget - Session informelle</title>
  <snippet>
    <s>Invitations: tous les États membres du Comité du programme et budget de l&#39;OMPI sont invités à se faire représenter à cette session du comité du programme et </s>
  </snippet>
  <text>
    <s>Skip to main content</s>
    <s>Conferences, reunions et seminaires</s>
    <s>Reunions par theme !next Assemblées de l'OMPI !next Comité du programme et budget</s>
    <s>WO/PBC/13 &gt;&gt; WO/PBC/IM/1/09</s>
    <s>Titre de la reunion</s>
    <s>!English : Program and Budget Committee - Informal Session</s>
    <s>The session of the Committee is convened as required by the mechanism for the preparation and follow-up of Program and Budget and will, in particular, consider the Draft Proposed 2010/11 Program and Budget in parallel with the Medium-Term Strategic Plan 2010-15, as well as other matters agreed on at its thirteenth session, held on December 10 and 11, 2008.</s>
    <s>Invitations : All States members of the WIPO Program and Budget Committee are invited to be represented at this session of the Program and Budget Committee. All other States members of WIPO are invited to be represented at this meeting in an observer capacity.</s>
    <s>!French : Comité du programme et budget - Session informelle</s>
    <s>Convoquée conformément au mécanisme de préparation et de suivi du programme et budget, cette session a pour but d'examiner le projet de programme et budget proposé pour 2010 2011 parallèlement au plan stratégique à moyen terme pour 2010 2015, ainsi que d'autres questions convenues lors de la treizième session du comité, tenue les 10 et 11 décembre 2008.</s>
    <s>Invitations : tous les États membres du Comité du programme et budget de l'OMPI sont invités à se faire représenter à cette session du comité du programme et budget. Tous les autres États membres de l'OMPI sont invités à se faire représenter à cette réunion en qualité d'observateurs.</s>
    <s>!Spanish : Comité del Programa y Presupuesto - Sesión informal</s>
    <s>La sesión del Comité se convoca según lo exige el mecanismo para la preparación y el seguimiento del presupuesto por programas. En particular, se examinarán en la sesión el proyecto de propuesta de presupuesto por programas para 2010/11, en paralelo con el plan estratégico a mediano plazo para 2010/15, así como otras cuestiones acordadas en la decimotercera sesión, celebrada el 10 y el 11 de diciembre de 2008.</s>
    <s>Invitaciones : Se invita a todos los Estados miembros del Comité del Programa y Presupuesto de la OMPI a estar representados en esta sesión del Comité; todos los demás Estados miembros de la OMPI estás invitados a estar representados en calidad de observador.</s>
    <s>Date et lieu</s>
    <s>20 juillet 2009 au 22 juillet 2009 ( Genève, Suisse )</s>
    <s>Page accueil</s>
    <s>!English : http://www.wipo.int/about-wipo/en/budget/</s>
    <s>Documents de reunion</s>
    <s>!English :</s>
    <s>Summary by the Chair</s>
    <s>!French :</s>
    <s>Résumé présenté par le président</s>
    <s>!Spanish :</s>
    <s>Resumen preparado por el Presidente</s>
    <s>!Arabic :</s>
    <s>ملخص الرئيس</s>
    <s>!Chinese :</s>
    <s>!Russian :</s>
    <s>Резюме Председателя</s>
    <s>WO/PBC/IM/1/09/1 PROV.2</s>
    <s>!English :</s>
    <s>Provisional Agenda</s>
    <s>!French :</s>
    <s>Projet d'ordre du jour</s>
    <s>!Spanish :</s>
    <s>Proyecto de orden del día</s>
    <s>!Arabic :</s>
    <s>جدول الأعمال المؤقت</s>
    <s>!Chinese :</s>
    <s>临 时 议 程</s>
    <s>!Russian :</s>
    <s>ПРЕДВАРИТЕЛЬНАЯ ПОВЕСТКА ДНЯ</s>
    <s>!English :</s>
    <s>Interim Financial Statements for 2008</s>
    <s>!French :</s>
    <s>États financiers intermédiaires pour 2008</s>
    <s>!Spanish :</s>
    <s>Estados financieros intermedios de 2008</s>
    <s>!Arabic :</s>
    <s>البيانات المالية المرحلية لسنة 2008</s>
    <s>!Chinese :</s>
    <s>!Russian :</s>
    <s>ПРОМЕЖУТОЧНЫЕ ФИНАНСОВЫЕ ВЕДОМОСТИ ЗА 2008 Г.</s>
    <s>!English :</s>
    <s>Program Performance Report for 2008</s>
    <s>!French :</s>
    <s>Rapport sur l'exécution du programme en 2008</s>
    <s>!Spanish :</s>
    <s>Informe sobre el rendimiento de los programas en 2008</s>
    <s>!Arabic :</s>
    <s>تقرير أداء البرنامج لسنة 2008</s>
    <s>!Chinese :</s>
    <s>!Russian :</s>
    <s>ОТЧЕТ О РЕАЛИЗАЦИИ ПРОГРАММЫ ЗА 2008 Г.</s>
    <s>!English :</s>
    <s>Draft Proposed Program and Budget for the 2010-11 Biennium</s>
    <s>!French :</s>
    <s>Projet de Programme et budget proposé pour l'exercice biennal 2010-2011</s>
    <s>!Spanish :</s>
    <s>Proyecto de Propuesta de presupuesto por programas para el bienio 2010/11</s>
    <s>!Arabic :</s>
    <s>مشروع اقتراح البرنامج والميزانية للفترة 2010-2011</s>
    <s>!Chinese :</s>
    <s>!Russian :</s>
    <s>Проект предлагаемых программы и бюджета на двухлетний период 2010 2011 гг.</s>
    <s>!English :</s>
    <s>Progress Report on the New Construction Projects</s>
    <s>!French :</s>
    <s>Rapport sur l'état d'avancement des projets relatifs aux nouvelles constructions</s>
    <s>!Spanish :</s>
    <s>Informe sobre la marcha de los proyectos de construcción del nuevo edificio</s>
    <s>!Arabic :</s>
    <s>تقرير مرحلي عن مشروع البناء الجديد</s>
    <s>!Chinese :</s>
    <s>!Russian :</s>
    <s>Отчет о ходе реализации проектов строительства нового административного здания</s>
    <s>!English :</s>
    <s>Information Technology Audit</s>
    <s>!French :</s>
    <s>Audit informatique</s>
    <s>!Spanish :</s>
    <s>Informe de auditoría sobre las tecnologías de la información</s>
    <s>!Arabic :</s>
    <s>تقرير التدقيق المعلوماتي</s>
    <s>!Chinese :</s>
    <s>!Russian :</s>
    <s>АУДИТОРСКАЯ ПРОВЕРКА СЕКТОРА ИНФОРМАЦИОННЫХ ТЕХНОЛОГИЙ</s>
    <s>!English :</s>
    <s>Member States' Replies to the Questionnaire on the Draft Program and Budget for the 1010/11 Biennium</s>
    <s>!Arabic :</s>
    <s>مشروع البرنامج والميزانية للفترة 2010-2011 ردود الدول الأعضاء على الاستبيان بشأن</s>
    <s>!Russian :</s>
    <s>Oтветы Государств-Членов на Вопросник к Проекту Программы и Бюджета на Двухлетний Период 2010 - 2011 гг.</s>
    <s>Autres documents connexes</s>
    <s>!English :</s>
    <s>Response from Australia</s>
    <s>!Russian :</s>
    <s>Response from Belarus</s>
    <s>!English :</s>
    <s>Response from Canada</s>
    <s>!French :</s>
    <s>Response from Cote d'Ivoire</s>
    <s>!Spanish :</s>
    <s>Response from Colombia</s>
    <s>!English :</s>
    <s>Response from the Czech Republic</s>
    <s>!English :</s>
    <s>Response from Germany</s>
    <s>!English :</s>
    <s>Response from Denmark</s>
    <s>!English :</s>
    <s>Response from the Dominican Republic</s>
    <s>!Spanish :</s>
    <s>Response from Spain</s>
    <s>!French :</s>
    <s>Response from France</s>
    <s>!English :</s>
    <s>Response from the United Kingdom</s>
    <s>!English :</s>
    <s>Response from Georgia</s>
    <s>!French :</s>
    <s>Response from Guinea-Bissau</s>
    <s>!English :</s>
    <s>Response from Hungary</s>
    <s>!English :</s>
    <s>Response from Ireland</s>
    <s>!English :</s>
    <s>Response from Israel</s>
    <s>!English :</s>
    <s>Response from Italy</s>
    <s>!English :</s>
    <s>Response from Japan</s>
    <s>!Russian :</s>
    <s>Response from Kyrgyzstan</s>
    <s>!English :</s>
    <s>Response from the Republic of Korea</s>
    <s>!English :</s>
    <s>Response from Latvia</s>
    <s>!French :</s>
    <s>Response from Monaco</s>
    <s>!English :</s>
    <s>Response from the Moldova</s>
    <s>!Spanish :</s>
    <s>Response from Mexico (IMPI)</s>
    <s>!Spanish :</s>
    <s>Response from Mexico (INDAUTOR)</s>
    <s>!English :</s>
    <s>Response from the Netherlands</s>
    <s>!English :</s>
    <s>Response from Romania</s>
    <s>!English :</s>
    <s>Response from Serbia</s>
    <s>!English :</s>
    <s>Response from the Russian Federation</s>
    <s>!English :</s>
    <s>Response from Sweden</s>
    <s>!English :</s>
    <s>Response from Slovenia</s>
    <s>!English :</s>
    <s>Response from Slovakia</s>
    <s>!English :</s>
    <s>Response from the African Group</s>
    <s>!English :</s>
    <s>Response from Syrian Arab Republic</s>
    <s>!English :</s>
    <s>Response from the United States of America</s>
    <s>!English :</s>
    <s>Response from Zambia</s>
    <s>Gare aux arnaques</s>
    <s>Site map</s>
    <s>!Organisation mondiale de la propriété intellectuelle</s>
    <s>Actualités &amp; Événements</s>
    <s>Conférences, réunions et séminaires</s>
    <s>Conférences, réunions et séminaires</s>
    <s>Calendrier d'événements</s>
    <s>Nouveaux Documents</s>
    <s>Réunions par thème</s>
    <s>Inscription en ligne</s>
    <s>Chercher par réunion et par document</s>
    <s>Subscribe to receive periodical e-mail notices about forthcoming events in Geneva and elsewhere.</s>
    <s>L'OMPI SERVICES ACTIVITÉS RESSOURCES ACTUALITÉS &amp; ÉVÉNEMENTS</s>
  </text>
</page>
