<?xml version="1.0" encoding="UTF-8"?>
<!DOCTYPE page SYSTEM "page.dtd">
<page>
  <lang>fr</lang>
  <url>http://blog.octo.com/usi-2011-synthese-des-2-jours-de-conferences/</url>
  <title>OCTO talks ! » USI 2011 – Synthèse des 2 jours de conférence</title>
  <snippet>
    <s>Articles; Commentaires; Podcasts. USI 2011 – Synthèse des 2 jours de conférence. 14 septembre 2011 par Nelly Grellier | | Print |. USI 2011 c&#39;était il y a déjà 2 </s>
  </snippet>
  <text>
    <s>Accompagnement de projets</s>
    <s>Architecture et technologies</s>
    <s>Management de SI</s>
    <s>Methodologie et conduite du changement</s>
    <s>Brèves de consultants</s>
    <s>.NET agile Agilité amélioration continue android architecture batch Cassandra changement Cloud développement développements DevOps Dynamique d'équipe ESB Flex groovy GWT HTML5 Infrastructure innovation iphone IT Lean linux Management du SI maven mobile Mobilité NoSQL performance processus productivité REST RIA ruby Ruby on Rails sécurité scrum SOA spring TDD tests tests automatisés tests unitaires Université du SI Usabilité VAR xp</s>
    <s>USI 2011 - Synthèse des 2 jours de conférence</s>
    <s>14 septembre 2011 par Nelly Grellier | | |</s>
    <s>USI 2011 c'était il y a déjà 2 mois4 thèmes, 40 sessions, 600 participants et pas moins de 50 speakersUSI s'apparente à un marathon de 2 jours dans le monde du SI.</s>
    <s>Si vous y avez participé cette année, ces quelques pages vous permettront de vous replonger dans les sessions que vous avez aimées, découvrir celles auxquelles vous n'avez pas pu assister ou, peut-être, donner envie à votre collègue de voir les videos sur le site USI.</s>
    <s>Si vous n'avez pas pu vous libérer les 28 et 29 juin derniers cette note de synthèse vous donnera peut être envie d'en savoir plus sur l’évènement et ses éditions passées. Pour cela, vous pouvez aussi consulter le best of des vidéos des 4 éditions, et pourquoi pas venir à l'USI 2012 les 25 et 26 juin !</s>
    <s>Regroupés par thème, ce document est le résultat des différentes interviews des speakers menées pendant l'USI 2011 par un journaliste indépendant, Luc Fayard. Une vidéo est également disponible pour chacun des thèmes sur notre site. Voici ci-dessous un aperçu de ce que vous y trouverez :</s>
    <s>Autrement : l’informatique évolue et s’inspire de nombreux autres domaines d’activité, entraînant un changement radical de nos entreprises et de notre société. Luc Fayard a dressé un récapitulatif des différentes visions présentées à l’USI, allant de l’importance pour une entreprise de se concentrer sur le « pourquoi » elle entreprend, investit… à une vision très futuriste où l’homme et la machine ne feront plus qu’un, le tout en passant par l’importance que peuvent avoir le langage, la démographie ou encore le numérique. &gt;&gt;Voir la video</s>
    <s> Techniquement : les nouvelles technologies naissent et évoluent de plus en plus vite et il est essentiel pour les informaticiens et les entreprises de s’y adapter rapidement. HTML5, les notions de Cloud Computing et toutes les évolutions liées aux réseaux sociaux en sont une illustration. Il en va de même à grande échelle lorsque le travail collaboratif des chercheurs s’appuie sur le travail collaboratif des ordinateurs (exemple avec l’Openlab du CERN). &gt;&gt; Voir la video</s>
    <s>Humainement : l’informatique ne signifie pas seulement ordinateur, machine… L’aspect humain ne doit pas être laissé de côté par les entreprises car les enjeux qui lui sont associés sont essentiels. Nos lois et nos institutions ont été modifiées, la taille des équipes projets ont évolué avec l’agilité, la génération Y est à considérer avec attention par les entreprises… et l’importance accordée au bonheur, au plaisir et à la motivation des salariés s’avère être un élément décisif de réussite managériale et économique. &gt;&gt; Voir la vidéo</s>
    <s>Prochainement : comment ne pas conclure  USI 2011 par une vision prospective mais concrète ? Casque cérébrale, internet des objets, réalité augmentée… sont quelques thématiques parmi d’autres, dont nous entendons de plus en plus parler et auxquelles nous serons vraisemblablement confrontés plus rapidement que nous le pensons… &gt;&gt; Voir la vidéo</s>
    <s>Plus de détails sur ces thèmes sont donc à retrouver dans cette synthèse.  Bonne lecture !</s>
    <s>Téléchargez ici la synthèse USI 2011</s>
    <s>Cliquez ici pour voir les vidéos des thèmes</s>
    <s>Suggestion d'articles :</s>
    <s>1. Derniers jours pour profiter de votre place USI 2011 à -20%, les 28&amp;29 juin prochains !</s>
    <s>2. USI 2011 est à la recherche de ses speakers !</s>
    <s>3. Save the Date - USI Paris - 28&amp;29 juin 2011</s>
    <s>4. Devoxx 2009, une synthèse 2/2</s>
    <s>Mots-cles: usi</s>
    <s>Laissez un commentaire</s>
    <s>Nom (requis)</s>
    <s>email (ne sera pas publie) (requis)</s>
    <s>Site Web</s>
    <s>Authentifier ce commentaire avec votre OpenID.</s>
    <s>Me prévenir par email en cas de nouveau commentaire.</s>
    <s>« Modèles d’architectures de l’Internet des Objets</s>
    <s>Quand l'Agile peine à s'imposer… »</s>
    <s>Great Place to Work</s>
    <s>OCTO, 1ère place au palmarès Great Place to Work® des entreprises où il fait bon travailler</s>
    <s>Commentaires récents</s>
    <s>william el kaim</s>
    <s>PONDAVEN Yves-Marie</s>
    <s>Sebastien Pannier</s>
    <s>Testeur de haut vol</s>
    <s>Choisir un mois octobre 2011 (15) septembre 2011 (15) août 2011 (7) juillet 2011 (15) juin 2011 (19) mai 2011 (26) avril 2011 (10) mars 2011 (27) février 2011 (14) janvier 2011 (14) décembre 2010 (16) novembre 2010 (25) octobre 2010 (22) septembre 2010 (30) août 2010 (8) juillet 2010 (14) juin 2010 (21) mai 2010 (12) avril 2010 (19) mars 2010 (6) février 2010 (18) janvier 2010 (20) décembre 2009 (11) novembre 2009 (23) octobre 2009 (24) septembre 2009 (17) août 2009 (11) juillet 2009 (13) juin 2009 (14) mai 2009 (17) avril 2009 (26) mars 2009 (22) février 2009 (13) janvier 2009 (8) décembre 2008 (16) novembre 2008 (13) octobre 2008 (15) septembre 2008 (16) août 2008 (7) juillet 2008 (1) juin 2008 (7) mai 2008 (9) avril 2008 (9) mars 2008 (11) février 2008 (7) janvier 2008 (5) décembre 2007 (5) novembre 2007 (6) octobre 2007 (4) septembre 2007 (7) août 2007 (5) juillet 2007 (4) juin 2007 (2) mai 2007 (4) avril 2007 (7) mars 2007 (6) février 2007 (3) janvier 2007 (5)</s>
    <s>Partageons ce qui nous départage Le livre sur la culture OCTO écrit par ses consultants</s>
    <s>OCTO Academy</s>
    <s>Partager notre savoir</s>
    <s>Voir nos formations</s>
    <s>En savoir plus</s>
    <s>Consulter nos offres et nos publications</s>
    <s>OpenID :</s>
    <s>Mentions légales | Autres sites : USI Octo</s>
  </text>
</page>
