<?xml version="1.0" encoding="UTF-8"?>
<!DOCTYPE page SYSTEM "page.dtd">
<page>
  <lang>fr</lang>
  <url>http://www.cari-info.org/cari_aspects_of_life.htm</url>
  <title>Colloque Africain sur la Recherche en Informatique - WelcomePHP</title>
  <snippet>
    <s>Since 1994, these courses are open to a wider public, a weekbefore the conference. L&#39;organisation du CARI: Le comité de programme réunit des chercheurs </s>
  </snippet>
  <text>
    <s>Colloque Africain sur la Recherche en Informatique et Mathtiques Appliqu</s>
    <s>African Conference on Research in Computer Science and Applied Mathematics</s>
    <s>Les 10 identifiants du CARI</s>
    <s>10 headings organization of</s>
    <s>CARI: 20 ans de Sciences Informatiques en Afrique</s>
    <s>CARI: 20 years of Computer Science in Africa</s>
    <s>Le format du CARI: Le format sest rapidement stabilis une confnce dans une capitale africaine, sur trois ou quatre jours, tous les deux ans, rassemblant une soixantaine dexpos autour de confnciers invitchargde donner les tendances dun domaine. Depuis 1994, des cours sont ouverts n public plus large, une semaine avant le colloque.</s>
    <s>The CARI format: The format was quickly settled a conference in an African capital, lasting three or four days, every two years, combining about sixty presentations made by guest speakers invited to talk about the latest trends in a particular field. Since 1994, these courses are open to a wider public, a weekbefore the conference.</s>
    <s>Lorganisation du CARI: Le comite programme rit des chercheurs europs et africains. Le comitorganisation local se charge de laccueil. Un comit permanent, formun coll de chercheurs africains et dun coll de reprntants dorganismes partenaires, assure la continuit des actions entre les CARI.</s>
    <s>Organising CARI: The programme committee brings together researchers from Europe and Africa. The local organising committee runs the hosting of the event. A standing committee, made up of one body of African researchers and a group of partner organisation representatives, ensures the continuity of measures taken between CARI conferences.</s>
    <s>Les objectifs du CARI: Depuis sa crion, le CARI vise dentifier des projets cooptifs entre universit africaines, pour les accompagner dans leur mise en oeuvre. Il permet dencourager lorganisation de manifestations scientifiques ronales sur des ths spalis contribuant ainsi au dloppement dun vtable rau entre universitet laboratoires de recherche africains.</s>
    <s>CARIs objectives: Since it was formed, CARI has aimed to identify cooperation projects between African universities, to support and guide them in implementation. It encourages the organisation of regional scientific events on specialist topics, thereby contributing to the development of a real network between African universities and research laboratories.</s>
    <s>Le dulement dun CARI: Ouverture en grande pompe par le pays daccueil, programme dexpos exposition et ateliers de travail : le CARI multiplie les occasions danges jusqua sce de cle, qui tire les conclusions des travaux et introduit les projets des deux ann suivantes.</s>
    <s>A CARI schedule: Grand opening by the host country, a schedule of presentations, exhibitions and workshops CARI provides many opportunities for interaction right up to the closing session, which wraps up the work and introduces the projects for the next two years.</s>
    <s>Les articles soumis: Le nombre darticles soumis a augment rliment : de 120 la premi ann il est aujourdhui de 215. Le pourcentage darticles prntsur le nombre darticles soumis sest stabilisutour de 30%, ce qui est comparable de nombreuses confnces internationales.</s>
    <s>Articles submitted: The number of articles submitted has increased regularly, from 120 in the first year to 215 now. The percentage of articles presented as a fraction of those submitted has settled at around 30%, which is comparable with many international conferences.</s>
    <s>Le journal du CARI: Dabord maigre collection de photos, le journal est rapidement devenu un vtable quotidien du colloque, aujourdhui en ligne.</s>
    <s>The CARI journal: Initially a meagre collection of photos, the journal quickly became a real conference diary, now online.</s>
    <s>Les ths abord Le nombre de ths a beaucoup variEn 2006, on comptait pas moins de 20 ths scientifiques. Aujourdhui, les articles et interventions se concentrent sur 7 ths :</s>
    <s>modsation des systs complexes ;</s>
    <s>signal, image et multima ;</s>
    <s>calcul scientifique et parallsme ;</s>
    <s>intelligence artificielle et apprentissage ;</s>
    <s>systs dinformation ;</s>
    <s>systs distribu systs embarqu; raux, mobilit</s>
    <s>modes formelles pour le ge logiciel.</s>
    <s>Subjects addressed: The number of subjects has varied widely. In 2006, there were no less than 20 scientific subjects. Articles and lectures are now focused on seven subject areas:</s>
    <s>modelling of complex systems;</s>
    <s>signal, image and multimedia;</s>
    <s>scientific computation and parallel processing;</s>
    <s>artificial intelligence and machine learning;</s>
    <s>information systems;</s>
    <s>distributed systems, embedded systems, networks and mobility;</s>
    <s>formal methods for software engineering.</s>
    <s>Les pays reprntau CARI: Lors des premiers CARI, la participation frans it importante. La diaspora africaine (laboratoires europs avec au moins un chercheur africain ou malgache) a pris le relais. La participation de lAfrique sub-saharienne est a hausse. Depuis 1994, la participation de lAfrique du nord ne cesse de saffirmer, avec une acm Rabat en 2008. En 2010, sur les 20 articles prntpar des africains, 7 articles sont issus de cooption interafricaine. Sur les 14 pays reprntdans les articles accept 11 sont des pays africains.</s>
    <s>Countries represented at CARI: During the first CARI events, French involvement was substantial. The African diaspora (European laboratories with at least one African or Madagascan researcher) has taken up the baton. Participation from sub-Saharan Africa is rising. Since 1994, North African involvement has continued to swell, with a peak in Rabat in 2008.</s>
    <s>In 2010, out of 20 articles presented by Africans, seven were the outcome of inter-African cooperation. Out of the 14 countries represented in the articles accepted, 11 are African countries.</s>
    <s>Bilan rapide du CARI: Constance dans lesprit, dans les objectifs, dans lenthousiasme des participants et dans lorganisation. Les thtiques scientifiques se sont africanis , les structures crs loccasion du CARI ont reprises en charge par les pays concern les collaborations interafricaines fleurissent.</s>
    <s>Quick assessment of CARI: Consistent spirit, objectives, attendee enthusiasm and organisation. The scientific subjects have been Africanised, the structures set up during CARI have been taken over by the countries concerned, and inter-African collaboration is flourishing.</s>
    <s>Un regret du CARI: Rlument francophone, le CARI peine ttirer les participants des pays anglophones et germanophones.</s>
    <s>One regret for CARI: Resolutely French-speaking, CARI struggles to attract attendees from English- and Germanspeaking countries.</s>
    <s>2002- CARI Website *</s>
    <s>Tous droits rrv- All rights reserved</s>
  </text>
</page>
