<?xml version="1.0" encoding="UTF-8"?>
<!DOCTYPE page SYSTEM "page.dtd">
<page>
  <lang>fr</lang>
  <url>http://www.issa.int/fre/Breves-et-evenements/Evenements-AISS</url>
  <title>Événements AISS - AISS</title>
  <snippet>
    <s>Promouvoir et développer la sécurité sociale à travers le monde. A propos de </s>
  </snippet>
  <text>
    <s>English |</s>
    <s>Français |</s>
    <s>Español |</s>
    <s>Deutsch |</s>
    <s>Pусский |</s>
    <s>中文 |</s>
    <s>| ►</s>
    <s>Médias |</s>
    <s>Extranet |</s>
    <s>Promouvoir et développer la sécurité sociale à travers le monde.</s>
    <s>A propos de l'AISS</s>
    <s>Brèves et événements</s>
    <s>Page d'accueil / Brèves et événements / Événements AISS</s>
    <s>Plan du site | Recherche Avancée</s>
    <s>Moniteur de la sécurité sociale</s>
    <s>Articles de fond</s>
    <s>Événements AISS</s>
    <s>Autres événements</s>
    <s>Les forums de la sécurité sociale</s>
    <s>Informations pour les médias</s>
    <s>Informations pour les médias</s>
    <s>Recherche événements</s>
    <s>Événements futurs et courants organisés par l'AISS. Pour des événements organisés par d'autres, veuillez consulter autres événements. Pour chercher un événement spécifique, y inclus un événement du passé, veuillez utiliser la recherche ci-dessous.</s>
    <s>Rechercher événements</s>
    <s>Name (ou partie)</s>
    <s>Lieu (ou partie)</s>
    <s>Seulement les événements de l'AISS</s>
    <s>Tout Comprendre la sécurité sociale Gestion des réformes La Sécurité sociale face aux changements démographiques Étendre la couverture Vieillesse / Survivants Invalidité Santé Politiques de l'emploi Politiques familiales Risques professionnels Administration et gestion Financement</s>
    <s>Tout 2004 2005 2006 2007 2008 2009 2010 2011 2012 2013 2014 2015 2016 2017</s>
    <s>Tout International Afrique Amériques Asie et Pacifique Europe</s>
    <s>Événements futurs de l'AISS</s>
    <s>ISSA Seminar on Promoting Employability: Activity, Health and Reintegration</s>
    <s>AISS, 18.10.2011 - 19.10.2011 | Düsseldorf, Germany | Risques professionnels</s>
    <s>The Seminar is organized by the International Social Security Association (ISSA) in collaboration with the German Federal Working Group on Safety and Health at Work (BASI) and Rehabilitation International (RI) back to back with the Occupational Safety and Health Trade Fair and Congress (A+A), whi </s>
    <s>Lire plus</s>
    <s>!Bodnath Stupa in Kathmandu</s>
    <s>Technical Seminar on adequacy and quality of benefits and services</s>
    <s>AISS, 22.11.2011 - 23.11.2011 | Kathmandu, Nepal | Administration et gestion</s>
    <s>A Technical Seminar on the adequacy and quality of benefits will be held in Kathmandu, Nepal, 22-23 November 2011. The event is organized by the ISSA Liaison Office for South Asia.</s>
    <s>Lire plus</s>
    <s>!Citizens' services in Addis Ababa</s>
    <s>Forum régional de la sécurité sociale pour l'Afrique 2011</s>
    <s>AISS, 05.12.2011 - 07.12.2011 | Arusha, République-Unie de Tanzanie | Comprendre la sécurité sociale, Étendre la couverture</s>
    <s>Le Forum régional de la sécurité sociale pour l'Afrique aura eu lieu à Arusha, République-Unie de Tanzanie, du 5 au 7 décembre 2011, à l’invitation de la Caisse nationale de sécurité sociale. Ce Forum offrira aux participants une plate-forme idéale pour l’échange d’informations sur les principale </s>
    <s>Lire plus</s>
    <s>13e Conférence internationale sur les technologies de l'information et de la communication dans la sécurité sociale</s>
    <s>AISS, 07.03.2012 - 09.03.2012 | Brasilia, Brésil | Administration et gestion</s>
    <s>Cette conférence internationale s'adresse aux dirigeants et gestionnaires de l'information et de la communication (TIC) d'organisations membres de l'AISS dans toutes les régions, et se concentrera sur la question centrale de la valeur ajoutée des TIC pour la gestion de la sécurité sociale.</s>
    <s>Lire plus</s>
    <s>17e Conférence internationale des actuaires et statisticiens de la sécurité sociale</s>
    <s>AISS, 30.05.2012 - 01.06.2012 | Berlin, Allemagne | Financement</s>
    <s>La dix-septième Conférence internationale des actuaires et statisticiens de la sécurité sociale se tiendra à Berlin, Allemagne du 30 mai au 1er juin 2012, à l’invitation de l'Assurance pension allemande.</s>
    <s>Lire plus</s>
    <s>Suivant » 1</s>
    <s>L’impact des crises économiques sur la santé mentale des travailleurs</s>
    <s>AISS, 10.10.2011 | Articles de fond</s>
    <s>Un contexte difficile affecte les populations et les régimes de sécurité sociale</s>
    <s>L’AISS renforce sa coopération avec la Chine pour promouvoir la sécurité sociale</s>
    <s>AISS, 10.10.2011 | Brèves</s>
    <s>Ouverture à Beijing d’un Point focal pour les membres chinois</s>
    <s>Une initiative en l’Asie de l’Est mettra l’efficience de la sécurité sociale au premier plan</s>
    <s>AISS, 05.10.2011 | Communiqué de presse</s>
    <s>Nouveau Bureau de liaison pour l’Asie de l’Est</s>
    <s>Plus d'actualités &gt;&gt;</s>
    <s>Événements futurs</s>
    <s>A+A 2011</s>
    <s>17.10.2011 - 20.10.2011 | Düsseldorf, Germany</s>
    <s>ISSA Seminar on Promoting Employability: Activity, Health and Reintegration</s>
    <s>AISS, 18.10.2011 - 19.10.2011 | Düsseldorf, Germany</s>
    <s>ILO International Safety Conference</s>
    <s>19.10.2011 - 20.10.2011 | Düsseldorf, Germany</s>
    <s>Plus d'événements &gt;&gt;</s>
    <s>Accueil |</s>
    <s>A propos de l'AISS |</s>
    <s>Nouvelles &amp; Événements |</s>
    <s>Observatoire |</s>
    <s>Ressources |</s>
    <s>Contact |</s>
    <s>Conditions d'utilisation</s>
    <s>© AISS 2008-2011. Tous droits reservés.</s>
  </text>
</page>
