<?xml version="1.0" encoding="UTF-8"?>
<!DOCTYPE page SYSTEM "page.dtd">
<page>
  <lang>fr</lang>
  <url>http://www.ncbi.nlm.nih.gov/pmc/articles/PMC2687837/</url>
  <title>Un pas de plus vers la concrétisation des plans de la Société ...</title>
  <snippet>
    <s>Le comité pour le programme de la CCP 2009, sous la présidence de Roger une série de conférences et de débats spécifiquement à l&#39;intention de nos membres. leur mise en application et mis en place un processus annuel de révision et </s>
  </snippet>
  <text>
    <s>!pmc logo image</s>
    <s>!Logo de canrespj</s>
    <s>We are sorry, but NCBI web applications do not support your browser, and may not function properly. More information here </s>
    <s>Journal List &gt; Can Respir J &gt; v.16(1); Jan 2009</s>
    <s>Full Text</s>
    <s>PDF (487K)</s>
    <s>Can Respir J. 2009 janvier; 16(1): 6–8.</s>
    <s>PMCID: PMC2687837</s>
    <s>Droit d'auteur (C) 2009, Pulsus Group Inc. All rights reserved</s>
    <s>Un pas de plus vers la concretisation des plans de la Societe canadienne de thoracologie</s>
    <s>Michel Rouleau, M.D</s>
    <s>President, Societe canadienne de thoracologie</s>
    <s>!Small right arrow pointing to: This article is also available in English. See &quot;Moving the Canadian Thoracic Society agenda forward&quot;.</s>
    <s> Other Sections▼</s>
    <s>CONFÉRENCE CANADIENNE DE PNEUMOLOGIE</s>
    <s>PROGRAMME SCIENTIFIQUE DE LA SCT</s>
    <s>LE POINT SUR LA GOUVERNANCE DE LA SCT</s>
    <s>COMITÉ POUR LES LIGNES DIRECTRICES CANADIENNES EN PNEUMOLOGIE</s>
    <s>CADRE NATIONAL EN SANTÉ PULMONAIRE</s>
    <s>ÉVALUATION DES BESOINS DE FORMATION</s>
    <s>ACCRÉDITATION DES PROGRAMMES DE FMC</s>
    <s>En tant que nouveau president de la Societe canadienne de thoracologie (SCT), j'ai l'honneur de vous soumettre ma premiere rubrique. Nomme pour une periode d'un an, chaque president de la SCT a la possibilite de miser sur l'heritage de ses predecesseurs pour aider la SCT a realiser sa mission. Tel est mon plan et dans le present article, j'offre au lecteur un aperçu des projets amorces avant mon arrivee en poste et que j'entends poursuivre au cours de l'annee qui vient.</s>
    <s> Other Sections▼</s>
    <s>CONFÉRENCE CANADIENNE DE PNEUMOLOGIE</s>
    <s>PROGRAMME SCIENTIFIQUE DE LA SCT</s>
    <s>LE POINT SUR LA GOUVERNANCE DE LA SCT</s>
    <s>COMITÉ POUR LES LIGNES DIRECTRICES CANADIENNES EN PNEUMOLOGIE</s>
    <s>CADRE NATIONAL EN SANTÉ PULMONAIRE</s>
    <s>ÉVALUATION DES BESOINS DE FORMATION</s>
    <s>ACCRÉDITATION DES PROGRAMMES DE FMC</s>
    <s>CONFÉRENCE CANADIENNE DE PNEUMOLOGIE</s>
    <s>Cette Conference nationale de pneumologie etait attendue depuis longtemps et deja, la seconde edition approche, tandis que la troisieme se profile a l'horizon. Notre premiere Conference canadienne de pneumologie (CCP) a reçu un accueil tres favorable et les commentaires constructifs qu'elle a suscites ont guide les organisateurs pour ameliorer le programme et la conference elle-meme (logistique, repas, etc.). Le comite pour le programme de la CCP 2009, sous la presidence de Roger Goldstein et la copresidence de Robin McFadden et Darlene Reid, a elabore un programme des plus interessants qui saura plaire au vaste auditoire attendu pour l'occasion.</s>
    <s>Nous sommes egalement fiers de notre collaboration avec nos partenaires (les Professionnels canadiens en sante respiratoire, l'Alliance canadienne sur la MPOC et l'Association pulmonaire) pour cette activite de formation medicale continue (FMC) hors du commun. Grand merci au comite organisateur, preside par George Fox, pour son devouement a l'endroit de ce projet!</s>
    <s>Ne manquez pas la deuxieme edition d' Une bouffee d'air frais :</s>
    <s>Conference canadienne de pneumologie 2009</s>
    <s>Du 23 au 25 avril 2009</s>
    <s>Hotel Westin Harbour</s>
    <s>Castle Toronto, Ontario</s>
    <s> Other Sections▼</s>
    <s>CONFÉRENCE CANADIENNE DE PNEUMOLOGIE</s>
    <s>PROGRAMME SCIENTIFIQUE DE LA SCT</s>
    <s>LE POINT SUR LA GOUVERNANCE DE LA SCT</s>
    <s>COMITÉ POUR LES LIGNES DIRECTRICES CANADIENNES EN PNEUMOLOGIE</s>
    <s>CADRE NATIONAL EN SANTÉ PULMONAIRE</s>
    <s>ÉVALUATION DES BESOINS DE FORMATION</s>
    <s>ACCRÉDITATION DES PROGRAMMES DE FMC</s>
    <s>PROGRAMME SCIENTIFIQUE DE LA SCT</s>
    <s>Le Programme scientifique annuel de la SCT est un important element de notre heritage en matiere de FMC. Place sous la presidence de Rob MacFadden, le comite du programme organise une serie de conferences et de debats specifiquement a l'intention de nos membres. Les evaluations du programme de 2008 et la recente evaluation des besoins seront mises a profit dans la preparation du programme de 2009. Vous trouverez d'autres details sur le programme en consultant le site Web de la SCT et le cyberbulletin a paraitre au cours des prochaines semaines. Et prevoyez faire un saut a San Diego pour le Programme scientifique 2009.</s>
    <s>Programme scientifique de la SCT 2009</s>
    <s>Les 2 et 3 novembre 2009</s>
    <s>San Diego, Californie, États-Unis</s>
    <s> Other Sections▼</s>
    <s>CONFÉRENCE CANADIENNE DE PNEUMOLOGIE</s>
    <s>PROGRAMME SCIENTIFIQUE DE LA SCT</s>
    <s>LE POINT SUR LA GOUVERNANCE DE LA SCT</s>
    <s>COMITÉ POUR LES LIGNES DIRECTRICES CANADIENNES EN PNEUMOLOGIE</s>
    <s>CADRE NATIONAL EN SANTÉ PULMONAIRE</s>
    <s>ÉVALUATION DES BESOINS DE FORMATION</s>
    <s>ACCRÉDITATION DES PROGRAMMES DE FMC</s>
    <s>LE POINT SUR LA GOUVERNANCE DE LA SCT</s>
    <s>Le plan strategique de la SCT, elabore sous la direction de Gordon Ford en 2006, preconisait certains changements pour assurer sa croissance, et notamment une refonte de sa structure de gouvernance. Au cours de la derniere annee, Robert Levy (president 2007-2008 de la SCT) et l'executif de la SCT ont etroitement travaille avec le comite de planification a long terme de la SCT pour identifier le modele de gouvernance le plus susceptible d'aider la SCT a realiser sa mission. Nous poursuivrons ce travail lors de teleconferences et de rencontres face a face avec l'executif et le comite de planification a long terme de la SCT au cours des mois a venir. Apres avoir soumis le modele au conseil d'administration de la SCT en avril 2009, nous mettrons en place un vaste processus de consultation aupres des membres afin de doter l'organisation d'une structure renouvelee, qui sera officiellement approuvee a l'occasion de l'assemblee generale annuelle de l'automne.</s>
    <s> Other Sections▼</s>
    <s>CONFÉRENCE CANADIENNE DE PNEUMOLOGIE</s>
    <s>PROGRAMME SCIENTIFIQUE DE LA SCT</s>
    <s>LE POINT SUR LA GOUVERNANCE DE LA SCT</s>
    <s>COMITÉ POUR LES LIGNES DIRECTRICES CANADIENNES EN PNEUMOLOGIE</s>
    <s>CADRE NATIONAL EN SANTÉ PULMONAIRE</s>
    <s>ÉVALUATION DES BESOINS DE FORMATION</s>
    <s>ACCRÉDITATION DES PROGRAMMES DE FMC</s>
    <s>COMITÉ POUR LES LIGNES DIRECTRICES CANADIENNES EN PNEUMOLOGIE</s>
    <s>Cree en 2007, le Comite pour les lignes directrices canadiennes en pneumologie, sous la presidence de Louis-Philippe Boulet, est rapidement devenu un leader mondial en matiere d'elaboration de lignes directrices factuelles en pneumologie et en matiere de transfert des connaissances. Le comite a redige ses Lignes directrices canadiennes en pneumologie, conçu des plans pour leur mise en application et mis en place un processus annuel de revision et d'actualisation. La premiere reunion annuelle pour leur mise a jour se tiendra en marge de la CCP, le jeudi 23 avril 2009, de 13 h 30 a 17 h 00. Consultez www.lung.ca/crc pour plus de details sur cette activite.</s>
    <s> Other Sections▼</s>
    <s>CONFÉRENCE CANADIENNE DE PNEUMOLOGIE</s>
    <s>PROGRAMME SCIENTIFIQUE DE LA SCT</s>
    <s>LE POINT SUR LA GOUVERNANCE DE LA SCT</s>
    <s>COMITÉ POUR LES LIGNES DIRECTRICES CANADIENNES EN PNEUMOLOGIE</s>
    <s>CADRE NATIONAL EN SANTÉ PULMONAIRE</s>
    <s>ÉVALUATION DES BESOINS DE FORMATION</s>
    <s>ACCRÉDITATION DES PROGRAMMES DE FMC</s>
    <s>CADRE NATIONAL EN SANTÉ PULMONAIRE</s>
    <s>La SCT collabore etroitement avec l'Association pulmonaire pour la mise au point d'un Cadre de travail national sur la sante pulmonaire, plan d'action concerte axe sur la prevention et la prise en charge des maladies respiratoires et sur l'amelioration de la sante et du bien-etre respiratoires au Canada. Depuis avril 2006, le secretariat de cette strategie a regroupe plus de 500 intervenants de diverses juridictions et communautes et collige leurs commentaires pour ebaucher le document. Ce document resume les objectifs et les strategies de promotion de l'excellence en sante pulmonaire pour tous les Canadiens et a ete approuve par le comite de direction du Cadre de travail national sur la sante pulmonaire a l'automne 2008. On travaille actuellement a l'ebauche d'un plan d'action qui resumera les etapes de l'application et de l'evaluation de ce plan strategique national global et integrera le fruit des efforts et les realisations de divers intervenants en sante pulmonaire des quatre coins du Canada, dont la SCT.</s>
    <s> Other Sections▼</s>
    <s>CONFÉRENCE CANADIENNE DE PNEUMOLOGIE</s>
    <s>PROGRAMME SCIENTIFIQUE DE LA SCT</s>
    <s>LE POINT SUR LA GOUVERNANCE DE LA SCT</s>
    <s>COMITÉ POUR LES LIGNES DIRECTRICES CANADIENNES EN PNEUMOLOGIE</s>
    <s>CADRE NATIONAL EN SANTÉ PULMONAIRE</s>
    <s>ÉVALUATION DES BESOINS DE FORMATION</s>
    <s>ACCRÉDITATION DES PROGRAMMES DE FMC</s>
    <s>ÉVALUATION DES BESOINS DE FORMATION</s>
    <s>La FMC aura toujours autant d'importance pour la SCT. J'ai deja mis en relief deux de ses importantes activites de FMC, soit le Programme scientifique et la CCP. En plus de ce deux elements, la SCT a mis au point des programmes de FMC par petits groupes et de FMC en ligne et le comite pour le developpement professionnel, sous la presidence de Satyendra Sharma, verra a developper d'autres activites dans le but de repondre aux besoins des membres. La SCT a lance en novembre 2008 une evaluation en ligne des besoins de ses membres et elle l'a reactivee encore pendant une breve periode pour permettre a ceux qui ne l'avaient pas encore fait d'enoncer leurs besoins en matiere de formation. Les resultats de cette evaluation des besoins serviront a orienter les futurs programmes de FMC de la SCT. (Faites parvenir un courriel a sdesmarais/at/lung.ca pour obtenir l'hyperlien donnant acces a l'evaluation des besoins.)</s>
    <s>ACCRÉDITATION DES PROGRAMMES DE FMC</s>
    <s>La SCT travaille actuellement a renouveler son statut de fournisseur d'activites de FMC accreditees en vertu du Programme de maintien du certificat du College royal des medecins et chirurgiens du Canada. Le processus de demande a ete une occasion pour nous de revoir l'ensemble de nos politiques, de nos procedures et de nos pratiques en matiere de FMC afin de les perfectionner et de nous assurer qu'elles concordent avec les pratiques optimales en matiere de FMC. Nous avons l'intention de rester des leaders dans ce domaine!</s>
    <s> Other Sections▼</s>
    <s>CONFÉRENCE CANADIENNE DE PNEUMOLOGIE</s>
    <s>PROGRAMME SCIENTIFIQUE DE LA SCT</s>
    <s>LE POINT SUR LA GOUVERNANCE DE LA SCT</s>
    <s>COMITÉ POUR LES LIGNES DIRECTRICES CANADIENNES EN PNEUMOLOGIE</s>
    <s>CADRE NATIONAL EN SANTÉ PULMONAIRE</s>
    <s>ÉVALUATION DES BESOINS DE FORMATION</s>
    <s>ACCRÉDITATION DES PROGRAMMES DE FMC</s>
    <s>Il y a moins d'un an, apres l'arrivee de nouveaux membres et la tenue d'une reunion, le comite pour la recherche de la SCT, sous la presidence d'Irvin Mayers, a subi une cure de rajeunissement. Le comite travaille actuellement a identifier et a prioriser les domaines auxquels la recherche devra se consacrer et continue d'etablir des partenariats avec des organismes comme AllerGen, les Instituts de recherche en sante du Canada (IRSC) et l'Association pulmonaire. Parmi les principales bourses de recherche offertes, mentionnons la Bourse de clinicien-chercheur sur l'asthme, le Programme de bourses de recherche et de bourses d'etudes, le Programme de bourses de recherche SCT/GlaxoSmithKline/IRSC et la Bourse de clinicien-chercheur sur la transplantation. Le comite pour la recherche s'est egalement reapproprie le processus d'examen par les pairs du programme d'adjudication des bourses nationales et plusieurs membres du comite participent aux deliberations des comites d'examen.</s>
    <s>Les projets resumes plus haut ne representent qu'une portion de la vaste gamme d'activites de la SCT. De toute evidence, beaucoup de travail attend le conseil, l'executif, les comites, le personnel de la SCT et moimemeC'est avec plaisir que j'entrevois ma collaboration avec tous ces gens afin d'assurer la mise en oeuvre de notre ordre du jour. J'ai egalement hate de faire participer nos membres a la croissance de la SCT, mais aussi a l'evolution de la pneumologie au Canada. Vos commentaires et vos idees au sujet de notre ordre du jour sont les bienvenus. N'hesitez pas a nous ecrire, a l'adresse ctsinfo/at/lung.ca/cts!</s>
    <s>Pour une liste a jour des membres du conseil de la SCT, consultez la page About Us (À propos de la SCT) a l'adresse www.lung.ca/cts.</s>
    <s>Salutations distinguees,</s>
    <s>Articles from Canadian Respiratory Journal : Journal of the Canadian Thoracic Society are provided here courtesy of</s>
    <s>Pulsus Group</s>
    <s>PubMed articles by these authors</s>
    <s>Rouleau, M.</s>
    <s>Recent Activity</s>
    <s>Clear Turn Off Turn On</s>
    <s>Un pas de plus vers la concrétisation des plans de la Société canadienne de thoracologieUn pas de plus vers la concrétisation des plans de la Société canadienne de thoracologie</s>
    <s>Your browsing activity is empty.</s>
    <s>Activity recording is turned off.</s>
    <s>Turn recording back on</s>
    <s>You are here: NCBI &gt; Literature &gt; PubMed Central</s>
    <s>Write to the Help Desk !</s>
    <s>Simple NCBI Directory</s>
    <s>Getting Started</s>
    <s>NCBI Education</s>
    <s>NCBI Help Manual</s>
    <s>NCBI Handbook</s>
    <s>Training &amp; Tutorials</s>
    <s>Chemicals &amp; Bioassays</s>
    <s>Data &amp; Software</s>
    <s>DNA &amp; RNA</s>
    <s>Domains &amp; Structures</s>
    <s>Genes &amp; Expression</s>
    <s>Genetics &amp; Medicine</s>
    <s>Genomes &amp; Maps</s>
    <s>Sequence Analysis</s>
    <s>Training &amp; Tutorials</s>
    <s>PubMed Central</s>
    <s>Reference Sequences</s>
    <s>Map Viewer</s>
    <s>Genome Projects</s>
    <s>Human Genome</s>
    <s>Mouse Genome</s>
    <s>Influenza Virus</s>
    <s>Sequence Read Archive</s>
    <s>NCBI Information</s>
    <s>About NCBI</s>
    <s>Research at NCBI</s>
    <s>NCBI Newsletter</s>
    <s>NCBI FTP Site</s>
    <s>NCBI on Facebook</s>
    <s>NCBI on Twitter</s>
    <s>NCBI on YouTube</s>
    <s>Copyright | Disclaimer | Privacy | Accessibility | Contact</s>
    <s>National Center for Biotechnology Information, U.S. National Library of Medicine 8600 Rockville Pike, Bethesda MD, 20894 USA</s>
  </text>
</page>
