<?xml version="1.0" encoding="UTF-8"?>
<!DOCTYPE page SYSTEM "page.dtd">
<page>
  <lang>fr</lang>
  <url>http://www.taylorandassociates.ca/tobacco/french/call_abs/submit-inst.html</url>
  <title>La Troisième conférence nationale sur le tabagisme ou la santé</title>
  <snippet>
    <s>Consultez les préférences relatives à la présentation et à la classification Les frais d&#39;inscription à la conférence sont de 450 $ pour une inscription </s>
  </snippet>
  <text>
    <s>Page daccueil</s>
    <s>Demande de</s>
    <s>Programme prminaire</s>
    <s>Ths et sujets</s>
    <s>Instructions relatives a prntation</s>
    <s>Prnter le rma&gt;</s>
    <s>Instructions relatives a prntation</s>
    <s>Tous les sommaires soumis feront l'objet d'une luation par le Comitcientifique pour ce qui est des crits suivants : pertinence en ce qui concerne les objectifs de la confnce, mte scientifique et clarte lexpression.</s>
    <s>Les sommaires devront correspondre a structure suivante :</s>
    <s>1. Raisonnement</s>
    <s>2. Objectifs</s>
    <s>3. Modes</s>
    <s>4. Rltats</s>
    <s>5. Conclusion / Signification.</s>
    <s>1. Vous pouvez soumettre votre sommaire par voie ctronique en choississant l'option «Prnter le rm187; ci-dessus ou sous forme imprimau laser dans l'encadre la page ci-jointe en caracts Times New Roman 11. Vous pouvez soumettre votre sommaire en frans ou en anglais, et il faudra le prnter dans la m langue, si la soumission est accept Ayez recours es titres prs et brefs ainsi qu'es abrations connues. Sur la formule, vous devrez observer le format du simple interligne inteur des paragraphes et du double interligne entre les paragraphes. umz les noms de tous les auteurs et soulignez le nom et les initiales de l'auteur qui fera la prntation. moins que le Comitcientifique en dde autrement, la soumission acceptsera prntpar une seule personne en raison des contraintes de temps impos par la programmation. Voir l'exemple ci-joint.</s>
    <s>2. Consultez les prrences relatives a prntation et a classification figurant dans la formule de proposition de communications. Le Comitcientifique se rrve le droit d'affecter la prntation ne autre catrie que celle demandpar l'auteur. Aucun ipement audiovisuel ne sera fourni pour les affiches et les sujets informels.</s>
    <s>3. Lorsque vous soumettez un sommaire, il est entendu que vous vous engagez ssister a confnce et participer, si votre sommaire est acceptLes frais d'inscription a confnce sont de 450 $ pour une inscription hve (tarif diant 250 $), et tous les autres frais de la confnce incombent lement au participant.</s>
    <s>4. Sont accept les textes qui ont d prntou publi sous forme de sommaire au cours des 12 derniers mois. Les travaux publiavant cette pode ne sont pas sollicit</s>
    <s>5. Veuillez remplir et faire parvenir la Formule d'origine de proposition de communications ainsi que la Formule d'inscription avec une copie de votre sommaire sur disquette (en WordPerfect ou Word) ou soumettre votre sommaire par voie ctronique selon les directives trouv ci-dessus. Les sommaires devront e re avant minuit le 14 juin 2002. Les sommaires re aprcette date ne seront pas consids. Si vous envoyez la documentation originale par la poste, veuillez ne pas plier la formule et prendre des prutions pour ter les dommages lors du transport. (Les formules envoy par tcopieur ne seront pas accept.)</s>
    <s>Faire parvenir</s>
    <s>La Troisi confnce nationale sur le tabagisme ou la santbr&gt; a/s Taylor &amp; Associates</s>
    <s>18-5370, chemin Canotek</s>
    <s>Gloucester (Ontario) K1J 9E8</s>
    <s>Tphone : (613) 747-0262 // Tcopieur : (613) 745-1846</s>
    <s>Site Web : www.taylorandassociates.ca</s>
    <s>Courriel : Francine St-Martin</s>
    <s>Date limite pour envoyer</s>
    <s>une soumission le 14 juin 2002</s>
  </text>
</page>
