<?xml version="1.0" encoding="UTF-8"?>
<!DOCTYPE page SYSTEM "page.dtd">
<page>
  <lang>fr</lang>
  <url>http://extensionconference2011.cta.int/fr/frais-d-inscription</url>
  <title>Frais d&#39;Inscription | International Conference on Innovations in ...</title>
  <snippet>
    <s> vous-même tous les frais liés à votre participation, des frais d&#39;inscription sont 3 jours – 75,00 dollars / 57,00 euros; Conférence complète – 100,00 dollars </s>
  </snippet>
  <text>
    <s>Jump to Navigation</s>
    <s>Accueil Contact | English | Español</s>
    <s>Main menu</s>
    <s>Concept Note</s>
    <s>Organisateurs et partenaires</s>
    <s>Foire aux questions</s>
    <s>Obtention du visa</s>
    <s>Frais d’Inscription</s>
    <s>Information Touristique du Kenya</s>
    <s>Ressources documentaires</s>
    <s>Informations pour la presse</s>
    <s>Communiqué de presse</s>
    <s>Vous êtes ici</s>
    <s>Accueil › Logistique ›</s>
    <s>Frais d’Inscription</s>
    <s>Si vous prenez en charge vous-même tous les frais liés à votre participation, des frais d’inscription sont requis.</s>
    <s>Délégué local (Kenya) :</s>
    <s>1 jour – 25,00 dollars / 19,00 euros</s>
    <s>2 jours – 50,00 dollars / 38,00 euros</s>
    <s>3 jours – 75,00 dollars / 57,00 euros</s>
    <s>Conférence complète – 100,00 dollars / 75,00 euros</s>
    <s>Délégué international – pays en développement (par exemple : Afrique, Caraïbes, Pacifique, Amérique Latine) :</s>
    <s>1 jour – 37,50 dollars / 30,00 euros</s>
    <s>2 jours – 75,00 dollars / 57,00 euros</s>
    <s>3 jours – 112,50 dollars / 85,00 euros</s>
    <s>Conférence complète – 150,00 dollars / 113,00 euros</s>
    <s>Délégué international – pays développé (par exemple : Australie, Europe, Japon, Amérique du Nord) :</s>
    <s>1 jour – 90,00 dollars / 70,00 euros</s>
    <s>2 jours – 180,00 dollars / 140,00 euros</s>
    <s>3 jours – 270,00 dollars / 210,00 euros</s>
    <s>Conférence complète – 300,00 dollars / 225,00 euros</s>
    <s>Étudiant :</s>
    <s>1 jour – 20,00 dollars / 15,00 euros</s>
    <s>2 jours – 40,00 dollars / 30,00 euros</s>
    <s>3 jours – 50,00 dollars / 38,00 euros</s>
    <s>Conférence complète – 75,00 dollars / 57,00 euros</s>
    <s>Si vous souhaitez réserver un stand, il est possible de sélectionner l’une des options suivantes :</s>
    <s>Stand standard (table et chaises) – 500 dollars / 375 euros</s>
    <s>Stand interactif (table, chaises, accès Internet) – 800 dollars / 600 euros</s>
    <s>Le prix affiché s’applique pour toute la durée de la conférence.</s>
    <s>Résumés et sponsoring</s>
    <s>Appel à propositions (fermé)</s>
    <s>Appel à des études + (fermé)</s>
    <s>Concours des médias (fermé)</s>
    <s>Appel à parrainages</s>
    <s>Appel à parrainages</s>
    <s>Téléchargez le prospectus de la conférence</s>
    <s>Compte à rebours</s>
    <s>2011-11-15 2 (Jours restant avant la conference)</s>
    <s>More videos</s>
    <s>More photos</s>
    <s>Médias sociaux</s>
    <s>Discussion électronique</s>
    <s>Envoyez-nous un e-mail si vous souhaitez prendre part à la discussion en ligne</s>
    <s>Connexion utilisateur</s>
    <s>Username or e-mail *</s>
    <s>Mot de passe *</s>
    <s>Demander un nouveau mot de passe</s>
    <s>Formulaire de recherche</s>
    <s>Also available in:</s>
  </text>
</page>
