<?xml version="1.0" encoding="UTF-8"?>
<!DOCTYPE page SYSTEM "page.dtd">
<page>
  <lang>fr</lang>
  <url>http://www.conference-service.com/EECERA-2011/welcome.cgi%3Flang%3Dfr</url>
  <title>EECERA 2011 - Conference Service Mandl</title>
  <snippet>
    <s>Les participants à la conférence sont invités à nous adresser leurs de trois communications et d&#39;un animateur en une session complète de 90 minutes. valide est également requis pour les fonctions de support de la conférence ( relecteurs, </s>
  </snippet>
  <text>
    <s>EECERA 2011</s>
    <s>Education dès la naissance: recherche, pratiques et politiques éducatives.</s>
    <s>Lausanne et Genève, 14-17 septembre 2011</s>
    <s>Site officiel d'EECERA-2011</s>
    <s>En cas de problème lors de votre inscription, merci de contacter : admin@eecera2011.org</s>
    <s>Inscription et accès au système</s>
    <s>Si vous n'êtes pas encore inscrit/e</s>
    <s>Inscription à la conférence</s>
    <s>Utilisez ce formulaire si vous souhaitez vous inscrire sans soumettre de communication. Une fois inscrit, vous pourrez de toute façon soumettre une communication à partir de votre compte.</s>
    <s>Soumettre une communication</s>
    <s>Vous pourrez éditer ou retirer votre soumission, soumettre d'autres communications et suivre leur statut.</s>
    <s>Les participants à la conférence sont invités à nous adresser leurs propositions de communications sur le thème et les éléments constitutifs de la conférence avant le 18 mars 2011.</s>
    <s>Types de communications possibles:</s>
    <s>Présentation d'une communication orale individuelle: 30 minutes, discussion comprise. Les communications individuelles seront groupées par thèmes au sein de symposiums plus larges.</s>
    <s>Symposium auto-organisé: des groupes peuvent proposer l'organisation de trois communications et d'un animateur en une session complète de 90 minutes. Dans ce cas de figure, prévoir un résumé pour chaque présentation incluant le thème du symposium et les intervenants.</s>
    <s>Présentation de poster: une sélection d'affiches sélectionnées seront exposées, et des sessions seront organisées pour permettre une interaction entre les présentateurs et les participants à la conférence.</s>
    <s>Créer un nouveau compte</s>
    <s>L'ouverture d'un compte vous permettra de soumettre des communications et de gérer vos soumissions en ligne.</s>
    <s>Un compte valide est également requis pour les fonctions de support de la conférence (relecteurs, éditeurs et administrateurs).</s>
    <s>Si vous êtes déjà inscrit/e et possédez un compte</s>
    <s>La connexion vous permet d'obtenir des nouvelles et des informations utiles concernant la conférence. Elle vous permet également d'accomplir les tâches en rapport avec la conférence.</s>
    <s>Mot de passe</s>
    <s>MERCI DE VOUS ENREGISTRER UNE SEULE FOIS. SI VOUS AVEZ PERDU VOS DONNEES DE CONNEXION, CLIQUEZ ICI POUR LES RECUPERER.</s>
  </text>
</page>
