<?xml version="1.0" encoding="UTF-8"?>
<!DOCTYPE page SYSTEM "page.dtd">
<page>
  <lang>fr</lang>
  <url>http://www.grenoble.prabi.fr/smap2011/index.php%3Foption%3Dcom_content%26view%3Darticle%26id%3D30%26Itemid%3D35%26lang%3Dfr</url>
  <title>Instructions posters/conférences</title>
  <snippet>
    <s>Instructions posters/conférences, PDF, Imprimer, Envoyer Il y aura deux sessions poster, les deux se tiendront dans la salle Paneterie. Le numéro de votre </s>
  </snippet>
  <text>
    <s>Menu principal</s>
    <s>Le centre du congrès</s>
    <s>Comité scientifique</s>
    <s>Comité local d'organisation</s>
    <s>Conférenciers invités</s>
    <s>Programme détaillé</s>
    <s>Livre des résumés</s>
    <s>Programme formation</s>
    <s>Programme culturel</s>
    <s>Thèmes scientifiques</s>
    <s>Réservation d'hotel</s>
    <s>Inscriptions congrès</s>
    <s>Soumissions résumés</s>
    <s>Instructions poster/conf.</s>
    <s>Prix SMAP</s>
    <s>Sponsors &amp; Exposants</s>
    <s>Liste des sponsors</s>
    <s>Liste des exposants</s>
    <s>Séminaires constructeurs</s>
    <s>Informations pratiques</s>
    <s>Rejoindre Avignon</s>
    <s>Le palais des papes</s>
    <s>Tourisme en provence</s>
    <s>Instructions posters/conférences</s>
    <s>Instructions pour les posters</s>
    <s>Il y aura deux sessions poster, les deux se tiendront dans la salle Paneterie. Le numéro de votre poster est renseigné dans le livre des résumés. Pour le trouver faîtes une recherche, dans le PDF, sur le titre ou le nom du contact de la soumission.</s>
    <s>Session n°1 : Poster P1 à P134</s>
    <s>Session n°2 : Poster P135 à P268</s>
    <s>Taille du poster : elle ne doit pas excéder une hauteur maximum de 160 cm et une largeur de 95 cm. Tout poster doit être lisible à une distance de 1,50 m.</s>
    <s>Affichage : votre poster devra être mis en place :</s>
    <s>Session Poster 1: le mardi 20 septembre avant 8h30 jusqu'au mercredi 21 septembre 12h00. A la fin de la session poster 1 les posters seront enlevés pour faire place aux posters de la session 2.</s>
    <s>Session Poster 2 : le mercredi 21 septembre avant 13h30 jusqu'au jeudi 22 septembre 15h30.</s>
    <s>Accrochage des posters : Les supports poster seront des grilles et les pinces de fixation seront fournies pour accrocher votre poster..</s>
    <s>Lors du congrès il sera demandé à un des auteurs d'être présent devant son poster pour discussion aux sessions prévues.</s>
    <s>Instructions pour les conférences</s>
    <s>Durée des présentations : 15 min précisément et 5 min gérée par le modérateur permettant des questions / discussion et l’introduction de l’orateur suivant. Compte tenu de la configuration du centre des congrès et de la circulation entre les salles en session parallèle, les horaires seront strictement respectés.</s>
    <s>Fichier : Les présentations doivent être faites sous Powerpoint ou Adobe Acrobat Reader. Fichiers acceptés : .ppt, .pps ou .pdf. Le PC de projection sera sous Windows 7, Office 2010. Apportez votre présentation sur clé USB.</s>
    <s>Remise des fichiers : ils devront être remis de préférence au moment de votre enregistrement à l’accueil du palais des Papes (Salle des Gardes). En dernier recours : la veille si votre conférence est le matin ; le matin si votre conférence est l’après-midi.</s>
    <s>Etre présent 15 min avant le début de votre session dans la salle où se déroulera celle-ci afin de rencontrer le modérateur en charge d’introduire votre présentation.</s>
    <s>Nous recommandons à tous les conférenciers de présenter l’ensemble de leurs diapositives en anglais par courtoisie auprès de nos invités anglophones. La présentation orale de vos travaux en anglais serait très appréciée.</s>
    <s>Instructions for Poster</s>
    <s>Animé par Joomla!. Designed by: Free Joomla 1.5 Theme, cc top level domain. Valid XHTML and CSS.</s>
  </text>
</page>
