<?xml version="1.0" encoding="UTF-8"?>
<!DOCTYPE page SYSTEM "page.dtd">
<page>
  <lang>fr</lang>
  <url>http://fr.wikipedia.org/wiki/Patrimoine_mondial</url>
  <title>Patrimoine mondial - Wikipédia</title>
  <snippet>
    <s>Le programme fut fondé avec la Convention Concernant la Protection de À l&#39; issue de la 35e session du Comité du patrimoine mondial, qui s&#39;est tenue à . de la planification des villes ou de la création de paysages. ou (III) : Apporter un </s>
  </snippet>
  <text>
    <s>Patrimoine mondial</s>
    <s>Un article de Wikipédia, l'encyclopédie libre.</s>
    <s>Aller à : Navigation, rechercher</s>
    <s>Ne doit pas être confondu avec Patrimoine culturel immatériel de l'humanité.</s>
    <s>Emblème du patrimoine mondial.</s>
    <s>Drapeau du patrimoine mondial.</s>
    <s>Le patrimoine mondial, ou patrimoine de l'humanité, est une liste établie par le comité du patrimoine mondial de l'Organisation des Nations unies pour l'éducation, la science et la culture (UNESCO).</s>
    <s>Le but du programme est de cataloguer, nommer, et conserver les biens dits culturels ou naturels d’importance pour l’héritage commun de l’humanité. Sous certaines conditions, les biens répertoriés peuvent obtenir des fonds de l’organisation World Heritage Fund . Le programme fut fondé avec la Convention Concernant la Protection de l’Héritage Culturel et Naturel Mondial , qui fut adoptée à la conférence générale de l’UNESCO le 16 novembre . 187 États parties ont ratifié la convention (juin 2010).</s>
    <s>À l’issue de la 35e session du Comité du patrimoine mondial, qui s’est tenue à Paris (France) du 19 juin au 29 juin , 936 biens y étaient inscrits répartis dans 153 États parties.</s>
    <s>1 Tableau synoptique du patrimoine mondial</s>
    <s>2 Liste du patrimoine mondial par aire géographique</s>
    <s>3 Origines</s>
    <s>4 Missions</s>
    <s>5 Statut juridique</s>
    <s>6 Patrimoine en danger</s>
    <s>7 Liste indicative</s>
    <s>8 Autres programmes de l'UNESCO liés au patrimoine</s>
    <s>9 Annexes</s>
    <s>9.1 Articles connexes</s>
    <s>9.2 Liens externes</s>
    <s>10 Notes et références</s>
    <s>[modifier] Tableau synoptique du patrimoine mondial</s>
    <s>L’UNESCO s’efforce de respecter un équilibre entre continents dans la localisation du patrimoine mondial. À l’origine, l’Europe était surreprésentée. C'est encore le cas, mais l’apparition des sites naturels exceptionnels contribue à une harmonisation géographique. Il existe à l’heure actuelle 936 biens répertoriés répartis dans 153 États parties : 725 sont culturels, 183 naturels, et 28 mixtes (culturels et naturels). Ces biens sont aussi répertoriés suivant cinq zones géographiques : Afrique subsaharienne, États arabes (composé de l’Afrique du Nord et du Moyen-Orient), Asie et Pacifique (incluant Australie et Océanie), Europe et Amérique du Nord (États-Unis et Canada), et Amérique latine (incluant le Mexique et les Caraïbes).</s>
    <s>La Fédération de Russie, la Turquie, les pays du Caucase et Israël sont classés comme appartenant à la zone Europe et Amérique du Nord.</s>
    <s>Les 5 zones géographiques définies par l'UNESCO : Afrique États arabes Asie et Pacifique Europe et Amérique du Nord Amérique latine et Caraïbes</s>
    <s>Culturel Naturel Mixte Total %</s>
    <s>8,8 %</s>
    <s>États arabes</s>
    <s>7,5 %</s>
    <s>Asie et Pacifique</s>
    <s>21,9 %</s>
    <s>Europe et Amérique du Nord</s>
    <s>48,3 %</s>
    <s>Amérique latine et Caraïbes</s>
    <s>13,6 %</s>
    <s>77,5 %</s>
    <s>19,6 %</s>
    <s>3 %</s>
    <s>[modifier] Liste du patrimoine mondial par aire géographique</s>
    <s>Liste du patrimoine mondial en Afrique</s>
    <s>Liste du patrimoine mondial en Amérique</s>
    <s>Liste du patrimoine mondial en Asie et Océanie</s>
    <s>Liste du patrimoine mondial en Europe</s>
    <s>[modifier] Origines</s>
    <s>Conceptions antiques : les sept merveilles du monde</s>
    <s>: Convention de La Haye (1954) pour la protection des biens culturels en cas de conflit armé</s>
    <s>: l'UNESCO entreprend les travaux de sauvetage des temples d'Abou Simbel contre la montée des eaux du lac Nasser, suite à la construction du Haut barrage d'Assouan en Égypte. Ce sauvetage fait reconnaître à plusieurs pays l'importance de préserver le patrimoine mondial.</s>
    <s>: Demande par les États-Unis de la création d'une Fondation mondiale pour préserver les sites culturels et naturels.</s>
    <s>: Convention concernant les mesures à prendre pour interdire et empêcher l'importation, l'exportation et le transfert de propriété illicites des biens culturels. Ratifiée par 120 États parties en 2010, cette convention n'est pas rétroactive : pour les objets déplacés avant 1970, la restitution se fait au cas par cas (négociation bilatérale entre États, médiation du comité intergouvernemental de l'UNESCO, après 1970, la restitution est systématique)</s>
    <s>: Convention pour la protection du patrimoine mondial, culturel et naturel</s>
    <s>: ratification de la France à la Convention</s>
    <s>: création du Comité du patrimoine mondial</s>
    <s>: premiers sites inscrits sur la liste du patrimoine mondial</s>
    <s>[modifier] Missions</s>
    <s>&gt; « Le patrimoine est l’héritage du passé, dont nous profitons aujourd’hui et que nous transmettons aux générations à venir. »</s>
    <s>— Extrait de la convention de 1972.</s>
    <s>La mission principale de la liste du patrimoine mondial est de faire connaître et de protéger les sites que l’organisation considère comme exceptionnels. Pour ce faire, et dans un souci d’objectivité, ont été mis en place des critères. À l'origine, seuls existaient les sites culturels (1978), dont l'inscription sur la liste était régie par 6 critères. Puis, suite notamment à un souci de rééquilibrer la localisation du patrimoine mondial entre les continents, sont apparus les sites naturels et quatre nouveaux critères. Enfin, en 2005, tous les critères ont été fondus en 10 critères uniques applicables à tous les sites. Ce sont les suivants :</s>
    <s>1. ou (I) : Représenter un chef-d’œuvre du génie créateur humain.</s>
    <s>2. ou (II) : Témoigner d'un échange d'influences considérable pendant une période donnée ou dans une aire culturelle déterminée, sur le développement de l'architecture ou de la technologie, des arts monumentaux, de la planification des villes ou de la création de paysages.</s>
    <s>3. ou (III) : Apporter un témoignage unique ou du moins exceptionnel sur une tradition culturelle ou une civilisation vivante ou disparue.</s>
    <s>4. ou (IV) : Offrir un exemple éminent d'un type de construction ou d'ensemble architectural ou technologique ou de paysage illustrant une ou des périodes significative(s) de l'histoire humaine.</s>
    <s>5. ou (V) : Être un exemple éminent d'établissement humain traditionnel, de l'utilisation traditionnelle du territoire ou de la mer.</s>
    <s>6. ou (VI) : Être directement ou matériellement associé à des événements ou des traditions vivantes, des idées, des croyances ou des œuvres artistiques et littéraires ayant une signification universelle exceptionnelle.</s>
    <s>7. ou (VII) : Représenter des phénomènes naturels ou des aires d'une beauté naturelle et d'une importance esthétique exceptionnelles.</s>
    <s>8. ou (VIII) : Être des exemples éminemment représentatifs des grands stades de l'histoire de la Terre.</s>
    <s>9. ou (IX) : Être des exemples éminemment représentatifs de processus écologiques et biologiques en cours dans l'évolution et le développement des écosystèmes.</s>
    <s>10. ou (X) : Contenir les habitats naturels les plus représentatifs et les plus importants pour la conservation in situ de la diversité biologique.</s>
    <s>[modifier] Statut juridique</s>
    <s>Les biens inscrits incombent au premier chef à l’État partie mais l’inscription sur la liste postule que ces biens appartiennent aussi à l’« Humanité » et sont ainsi placés sous une sorte de sauvegarde internationale. Il y a donc un système de coopération et d’assistance pour aider l’État partie du point de vue financier et matériel. La communauté n’entre pas directement dans la gestion des biens concernés, mais il y a un suivi qui est réalisé par des organismes internationaux indépendants de l’État partie (exemple : centre mondial de surveillance continue de la conservation de la nature). Cette protection est toute relative par rapport à la puissance de l’État partie sur son territoire.</s>
    <s>[modifier] Patrimoine en danger</s>
    <s>Le Comité du patrimoine mondial étudie les rapports sur l’état de conservation des biens naturels et culturels inscrits sur la liste du patrimoine mondial en péril. Il établit, met à jour et diffuse, chaque fois que les circonstances l'exigent, sous le nom de « liste du patrimoine mondial en péril », une liste des biens figurant sur la liste du patrimoine mondial pour la sauvegarde desquels de grands travaux sont nécessaires et pour lesquels une assistance a été demandée aux termes de la convention. Cette liste contient une estimation du coût des opérations. Ne peuvent figurer sur cette liste que des biens du patrimoine culturel et naturel qui sont menacés de dangers graves et précis, tels que menace de disparition due à une dégradation accélérée, projets de grands travaux publics ou privés, rapide développement urbain et touristique, destruction due à des changements d'utilisation ou de propriété de la terre, altérations profondes dues à une cause inconnue, abandon pour des raisons quelconques, conflit armé venant ou menaçant d'éclater, calamités et cataclysmes, grands incendies, séismes, glissements de terrain, éruptions volcaniques, modification du niveau des eaux, inondations, raz de marée.</s>
    <s>[modifier] Liste indicative</s>
    <s>L'inscription sur la liste indicative (en anglais : Tentative list ) constitue la première étape de l'inscription sur la liste du patrimoine mondial. Elle regroupe les éléments pour lesquels l'État partie a déposé un dossier de candidature à l'UNESCO, avant son acceptation en session du Comité du patrimoine mondial.</s>
    <s>La liste indicative du patrimoine mondial est donc une antichambre de la liste du patrimoine mondial listant les éléments recensés et mis en valeur par chaque État partie.</s>
    <s>[modifier] Autres programmes de l'UNESCO liés au patrimoine</s>
    <s>En dehors du patrimoine mondial, il existe d'autres programmes de l'UNESCO liés au patrimoine.</s>
    <s>Depuis , le registre international « Mémoire du monde » recense notamment les collections documentaires d’intérêt universel. Au 31 juillet , il comprenait 193 éléments du patrimoine documentaire.</s>
    <s>En , le concept de patrimoine oral et immatériel de l'humanité a été défini. Une proclamation des chefs-d’œuvre culturels immatériels, dont la première a eu lieu en , établit une liste qui vient compléter celle du patrimoine matériel mais dont la « Convention pour la sauvegarde du patrimoine culturel immatériel » de 2003 et le « Comité intergouvernemental de sauvegarde du patrimoine culturel immatériel » sont différents de ceux du « patrimoine mondial ».</s>
    <s>[modifier] Annexes</s>
    <s>[modifier] Articles connexes</s>
    <s>Organisation des villes du patrimoine mondial</s>
    <s>[modifier] Liens externes</s>
    <s>Sur les autres projets Wikimedia :</s>
    <s>« Le patrimoine mondial », sur Wikimedia Commons (ressources multimédia)</s>
    <s>(fr) Liste officielle du patrimoine mondial</s>
    <s>(fr) Liste indicative du patrimoine mondial</s>
    <s>(en) Actualités sur le programme Patrimoine mondial, Worldheritage Forum</s>
    <s>(en)+(fr) Le patrimoine mondial en panophotographies, des images panoramiques immersives et interactives</s>
    <s>(fr) La liste pour Google Earth</s>
    <s>[modifier] Notes et références</s>
    <s>1. ↑ a et b Le bassin d’Ubs Nuur (Mongolie, Fédération de Russie) est un site transrégional, situé à la fois en Europe et en Asie et Pacifique selon la classification de l’UNESCO. Il est comptabilisé ici en Asie et Pacifique.</s>
    <s>2. ↑ a, b, c et d (fr) Liste du patrimoine mondial (Unesco.org)</s>
    <s>3. ↑ texte de la Convention de l'UNESCO de 1970</s>
    <s>4. ↑ exemple : frise du Parthénon</s>
    <s>5. ↑ Article 11.4 de la Convention du patrimoine mondial.</s>
    <s>6. ↑ Thèmes de l'UNESCO - Section Culture</s>
    <s>7. ↑ Patrimoine culturel immatériel</s>
    <s>Portail de l’Organisation des Nations unies</s>
    <s>Portail du patrimoine mondial</s>
    <s>Portail de l’architecture et de l’urbanisme</s>
    <s>Portail de la conservation de la nature</s>
    <s>Ce document provient de « http://fr.wikipedia.org/w/index.php?title=Patrimoine mondial&amp;oldid=70873450 ».</s>
    <s>Patrimoine mondial de l'UNESCO</s>
    <s>Liste publique</s>
    <s>Catégories cachées :</s>
    <s>Portail:ONU/Articles liés</s>
    <s>Portail:Patrimoine mondial/Articles liés</s>
    <s>Portail:Architecture et urbanisme/Articles liés</s>
    <s>Portail:Conservation de la nature/Articles liés</s>
    <s>Portail:Environnement/Articles liés</s>
    <s>Article de qualité en finnois</s>
    <s>Article de qualité en japonais</s>
    <s>Article de qualité en suédois</s>
    <s>Outils personnels</s>
    <s>Créer un compte ou se connecter</s>
    <s>Espaces de noms</s>
    <s>Afficher l’historique</s>
    <s>Portails thématiques</s>
    <s>Index alphabétique</s>
    <s>Article au hasard</s>
    <s>Contacter Wikipédia</s>
    <s>Premiers pas</s>
    <s>Modifications récentes</s>
    <s>Faire un don</s>
    <s>Imprimer / exporter</s>
    <s>Créer un livre</s>
    <s>Télécharger comme PDF</s>
    <s>Version imprimable</s>
    <s>Boîte à outils</s>
    <s>Pages liées</s>
    <s>Suivi des pages liées</s>
    <s>Importer un fichier</s>
    <s>Pages spéciales</s>
    <s>Adresse de cette version</s>
    <s>Citer cette page</s>
    <s>Autres langues</s>
    <s>‪Беларуская (тарашкевіца)‬</s>
    <s>Bahasa Indonesia</s>
    <s>Basa Jawa</s>
    <s>Bahasa Melayu</s>
    <s>‪Norsk (nynorsk)‬</s>
    <s>‪Norsk (bokmål)‬</s>
    <s>Runa Simi</s>
    <s>Саха тыла</s>
    <s>Srpskohrvatski / Српскохрватски</s>
    <s>Simple English</s>
    <s>Српски / Srpski</s>
    <s>Tiếng Việt</s>
    <s>Dernière modification de cette page le 8 octobre 2011 à 22:09.</s>
    <s>Droit d'auteur : les textes sont disponibles sous licence Creative Commons paternité partage à l’identique ; d’autres conditions peuvent s’appliquer. Voyez les conditions d’utilisation pour plus de détails, ainsi que les crédits graphiques. En cas de réutilisation des textes de cette page, voyez comment citer les auteurs et mentionner la licence.</s>
    <s>Wikipedia® est une marque déposée de la Wikimedia Foundation, Inc., organisation de bienfaisance régie par le paragraphe 501(c)(3) du code fiscal des États-Unis.</s>
    <s>Politique de confidentialité</s>
    <s>À propos de Wikipédia</s>
    <s>Affichage mobile</s>
    <s>*fr: Langue : français</s>
    <s>*en: Langue : anglais</s>
  </text>
</page>
