<?xml version="1.0" encoding="UTF-8"?>
<!DOCTYPE page SYSTEM "page.dtd">
<page>
  <lang>fr</lang>
  <url>http://www.unesco.org/fr/general-conference/documents/</url>
  <title>Documents | Conférence générale - 35e session | UNESCO</title>
  <snippet>
    <s>Conférence générale. English &middot; unesco.org /; General Conference; / Documents </s>
  </snippet>
  <text>
    <s>Sciences naturelles</s>
    <s>Sciences sociales et humaines</s>
    <s>Communication &amp; Information</s>
    <s>Conférence générale</s>
    <s>unesco.org /</s>
    <s>General Conference</s>
    <s>/ Documents</s>
    <s>Séances plénières</s>
    <s>Points à l'ordre du jour</s>
    <s>Résumés des débats</s>
    <s>Commission PRX</s>
    <s>Points à l'ordre du jour</s>
    <s>Résumés des débats</s>
    <s>Projets de résolution</s>
    <s>Commission ED</s>
    <s>Points à l'ordre du jour</s>
    <s>Résumés des débats</s>
    <s>Projets de résolution</s>
    <s>Commission SC</s>
    <s>Points à l'ordre du jour</s>
    <s>Résumés des débats</s>
    <s>Projets de résolution</s>
    <s>Commission SHS</s>
    <s>Points à l'ordre du jour</s>
    <s>Résumés des débats</s>
    <s>Calendrier provisoire (PDF)</s>
    <s>Projets de résolution</s>
    <s>Commission CLT</s>
    <s>Points de l'ordre du jour</s>
    <s>Résumés des débats</s>
    <s>Projets de résolution</s>
    <s>Commission CI</s>
    <s>Points à l’ordre du jour</s>
    <s>Résumés des débats</s>
    <s>Projets de résolution</s>
    <s>Calendrier provisoire (pdf)</s>
    <s>Commission ADM</s>
    <s>Points à l'ordre du jour</s>
    <s>Résumés des débats</s>
    <s>Projets de résolution</s>
    <s>Comité de vérification des pouvoirs</s>
    <s>Points à l'ordre du jour</s>
    <s>Résumés des débats</s>
    <s>Comité des candidatures</s>
    <s>Points à l'ordre du jour</s>
    <s>Résumés des débats</s>
    <s>Comité juridique</s>
    <s>Points à l'ordre du jour</s>
    <s>Résumés des débats</s>
    <s>Le Président</s>
    <s>Le Directeur général</s>
    <s>La Conférence générale</s>
    <s>Informations essentielles</s>
    <s>Règlement intérieur (PDF)</s>
    <s>Etats membres et Membres associés</s>
    <s>Service d'information</s>
    <s>Guide (PDF)</s>
    <s>Sessions précédentes</s>
    <s>Exposition (Flash)</s>
    <s>Forum ministeriel plenier</s>
    <s>Réunions et manifestations spéciales</s>
    <s>Autres manifestations</s>
    <s>Visites et activités culturelles</s>
    <s>Durant la Conférence générale</s>
    <s>Archives vidéo</s>
    <s>A voir</s>
    <s>Version imprimable</s>
    <s>Terms of UseUNESCO Contact© UNESCO 1995-2010</s>
  </text>
</page>
