<?xml version="1.0" encoding="UTF-8"?>
<!DOCTYPE page SYSTEM "page.dtd">
<page>
  <lang>fr</lang>
  <url>http://www.finance-afrique.com/fr_expo.html</url>
  <title>Quatrième Conférence Panafricaine de la Microfinance</title>
  <snippet>
    <s>SPONSOR « PLATINUM » : 40 000 Dollars Exonération de frais d&#39;inscription pour deux délégués, Diffusion en boucle du logo pendant la conférence, </s>
  </snippet>
  <text>
    <s>LE SPONSORING</s>
    <s>SPONSOR « PLATINUM » : 40 000 Dollars</s>
    <s>Inscription du logo sur tous les supports de promotion de la conférence (Affiches, plaquettes, banderoles, sacs…),</s>
    <s>Un stand,</s>
    <s>Exonération de frais d’inscription pour deux délégués,</s>
    <s>Possibilité acceptée de fournir une brochure qui sera insérée dans les cartables des participants,</s>
    <s>Remerciements à la cérémonie officielle d’ouverture et de clôture,</s>
    <s>15 minutes accordées à la soirée de gala pour adresser un message aux délégués,</s>
    <s>Diffusion en boucle du logo pendant la conférence,</s>
    <s>Possibilité de déployer une banderole pendant la conférence.</s>
    <s>SPONSOR «OR »20 000 Dollars à 39 999 Dollars</s>
    <s>Inscription de votre logo sur tous les supports de promotion de la conférence (Affiches, plaquettes, banderoles, sacs…),</s>
    <s>Un stand,                          </s>
    <s>Remerciements à la cérémonie officielle d’ouverture,</s>
    <s>Exonération de frais d’inscription pour un délégué,</s>
    <s>Possibilité de déployer une banderole pendant la conférence.</s>
    <s>Lire suite</s>
  </text>
</page>
