<?xml version="1.0" encoding="UTF-8"?>
<!DOCTYPE page SYSTEM "page.dtd">
<page>
  <lang>fr</lang>
  <url>http://www.inc-dz.net/HECALGER/index.php%3Foption%3Dcom_content%26view%3Darticle%26id%3D40%26Itemid%3D200005</url>
  <title>Colloque International - ex Institut National de Commerce d&#39;Alger</title>
  <snippet>
    <s>Comité d&#39;organisation. - M. Mesbah Abdelmadjid 10h15 —10h30 : Pause café. 1ère Séance : Modérateur Abdennour NOUIRI, Maître de Conférences à l&#39;INC </s>
  </snippet>
  <text>
    <s>Mardi, Octobre 18, 2011</s>
    <s>Le mot du directeur</s>
    <s>Présentation de HEC</s>
    <s>outils innovants</s>
    <s>visio en ligne</s>
    <s>Campus virtuel</s>
    <s>Planning des examens</s>
    <s>Les metiers du commerce</s>
    <s>les lundis de commerce</s>
    <s>centre de carriéres</s>
    <s>Colloque International</s>
    <s>Nouveaux étudiants</s>
    <s>Dossier bourse</s>
    <s>Dossier d'inscription</s>
    <s>Dossier d'hébergement</s>
    <s>Transport universitaire</s>
    <s>Sécurité sociale</s>
    <s>ActivitésColloque International</s>
    <s>Accès direct</s>
    <s>Espace Media</s>
    <s>Forums et salons</s>
    <s>HEC Junior Entreprise</s>
    <s>Ministre de l'Enseignement Superieur et de la Recherche Scientifique</s>
    <s>Academic Research Network</s>
    <s>Journal officiel de la republique algerienne</s>
    <s>CREAD: Centre de Recherche en Economie Appliquee pour le Developpement</s>
    <s>ANDRU: Agence Nationale pour le developpement de la Recherche Universitaire</s>
    <s>Sous le haut patronage de Monsieur le Ministre de l'Enseignement Superieur et de la Recherche Scientifique</s>
    <s>L'Institut National de Commerce a organise le 1er Colloque International sur le theme</s>
    <s>LES PME/PMI FACE AUX DÉFIS DE LA GLOBALISATION</s>
    <s>Hotel El Aurassi, Alger 25-26 Novembre 2007</s>
    <s>Directeur du Colloque</s>
    <s>Pr. Abdesselam Saadi</s>
    <s>Comite scientifique</s>
    <s>- Pr. Berchiche Ali Abdelhamid, president</s>
    <s>- Pr. Chabani Smain</s>
    <s>- M. Khalis Salih, maitre de conferences</s>
    <s>- M. Bahamed Abderrezak, maitre de conferences</s>
    <s>- M. Boughachiche Sebti, maitre de conferences</s>
    <s>- M. Nouiri Abdennour, maitre de conferences</s>
    <s>- M. Chennoufi Noureddine, maitre de conferences</s>
    <s>- M. Boukhatem Mustapha, charge de cours</s>
    <s>- M. Allaouat Farid, charge de cours</s>
    <s>Comite d'organisation</s>
    <s>- M. Mesbah Abdelmadjid</s>
    <s>- Mme Bouderbal Karime</s>
    <s>- M. Belkhiri Ali</s>
    <s>- M. Baiski Abdelhalim</s>
    <s>- M. Benmadi Abderrahmane</s>
    <s>- M. Benredouane Farid</s>
    <s>- Mme Haddad Fatma Zohra</s>
    <s>- Mme Djemaa Hassiba</s>
    <s>- M. Idir Abdelhafit</s>
    <s>Programme du Colloque</s>
    <s>Dimanche 25 novembre 2007:</s>
    <s>08h30 -- 09h45 : Accueil des participants</s>
    <s>09H45 -- 09h55 : Allocution de Monsieur le Ministre de l'Enseignement Superieur et de la Recherche Scientifique.</s>
    <s>09h55 -- 10h05 : Allocution du Professeur SAADI Abdesselam, Directeur General de l'INC.</s>
    <s>10h05 -- 10h15 : Allocution du Professeur BERCHICHE Ali Abdelhamid, President du Conseil scientifique de l'INC.</s>
    <s>10h15 --10h30 : Pause cafe</s>
    <s>1ere Seance : Moderateur Abdennour NOUIRI, Maitre de Conferences a l'INC</s>
    <s>10h30 -- 10h45 : Mohamed DJEDDOUR, Professeur, Directeur de l'Institut Europeen ; Universite de Manchester, Grande-Bretagne</s>
    <s>Internationalisation of SME's in a globalised economy</s>
    <s>10h45 -11h00 : Leonel MATAR, Professeur a l'Universite Saint Joseph. Beyrouth, Liban.</s>
    <s>Globalisation et strategies des PME /PMI</s>
    <s>11h00 -- 11h15 : Sid Ahmed TIBAOUI, Directeur General du World Trade Center Algerie et Bakhti BELAÏB, Ex-Ministre du Commerce</s>
    <s>Les effets de la Globalisation sur les PME/PMI</s>
    <s>11h15 -- 12h30 : Debat</s>
    <s>12h45 -- 13h45 : Dejeuner</s>
    <s>2eme Seance : Moderateur : Mohamed BOUCHAKOUR, Charge de cours a l'INC</s>
    <s>14h00 -- 14h15 : Abdelkrim BOUGHADOU, Directeur de la Competitivite et du Developpement Durable, Ministere de la PME et de l'Artisanat</s>
    <s>L'experience algerienne en matiere de PME/PMI</s>
    <s>14h15 -- 14h30: Pan VERRIE, Directeur General de I'IDEC, Barcelone, Espagne</s>
    <s>Globalisation et Formation / Recherche</s>
    <s>14h30 -- 14h45 : Brahim MANSOURI, Professeur, Directeur du Groupe de Recherches Economiques et Financieres, Universite de Marrakech, Maroc</s>
    <s>Ouverture des PMI sur l'exterieur et performances de</s>
    <s>production : une analyse empirique sur 55 Provinces</s>
    <s>14h45 -- 15h30 : Debat</s>
    <s>15h30--15h45 : Pause cafe</s>
    <s>3eme Seance : Moderateur : Ali HAMMOUTENE, Maitre de Conferences a l'INC</s>
    <s>15h45 -- 16h00 : Lise HEROUX. Professeur a l'universite de Plattsburgh, USA.</s>
    <s>International Markets Entry Barriers Perceived by</s>
    <s>Small Businesses in Border Towns</s>
    <s>16h00 -- 16h15 : Rabah KECHAD, Professeur et Doyen de l'institut des Sciences Economiques de l'Universite de Blida et Mohamed Cherif MADAGH, Charge de Cours a l'INC.</s>
    <s>La PME : l'adaptation par le management</s>
    <s>16h00 -- 17h00 : Debat</s>
    <s>4eme Seance : Moderateur Mustapha BOUKHATEM, Charge de Cours a l'INC</s>
    <s>09h00 -- 09h15 : Farid CHAOUKI, Professeur et President National de la Jeune Chambre Economique du Maroc et Hicham EL BAYED, Professeur a l'Universite de Marrakech, Maroc</s>
    <s>Grandeurs et decadences des centres d'appels (CC) : enquete sur le turnover des teleacteurs dans les CC delocalises au Maroc.</s>
    <s>09h15 -- 09h30 : Farid ALLAOUAT, Charge de Cours a l'INC</s>
    <s>Implantation des TIC dans les PME</s>
    <s>09h30 -- 09h45 : Samuele PORSIA, Docteur, Directeur de l'Institut italien pour le Commerce Exterieur.</s>
    <s>L'internationalisation de la PME italienne</s>
    <s>09h45 -- 10h30 : Debat</s>
    <s>10h30 -- 10h45 : Pause Cafe</s>
    <s>5eme Seance : Moderateur ; Smain CHABANI, Professeur a l'INC.</s>
    <s>10h45 -- 11h00: Mohammad Khaled AL-MAHAYNI, Professeur a l'Universite de Damas et ex-Ministre des Finances, Syrie</s>
    <s>La mondialisation et le financement des PMI</s>
    <s>11h00 -- 11h15 : Claude LAVICKA, Professeur a l'Universite de Nancy II</s>
    <s>Quelles sont les variables explicatives du succes des PME dans la mondialisation ? Une etude exploratoire</s>
    <s>11h15 -- 12h00 : Debat</s>
    <s>12h00 -- 12h30 : Mise en place des ateliers</s>
    <s>12h30 -- 13h30 : Dejeuner</s>
    <s>14h00 -- 16h00 : ATELIERS</s>
    <s>1er Atelier : Mise a niveau des PME Algeriennes</s>
    <s>President : Abderrezak BAHAMED, Maitre de Conferences a l'INC</s>
    <s>Rapporteur: Rachid ALIOUCHE, Charge de Cours a l'INC</s>
    <s>2eme Atelier: PME Algeriennes et Partenariat</s>
    <s>President : Ail Abdelhamid BERCHICHE, Professeur et</s>
    <s>President du Conseil scientifique de l'INC</s>
    <s>Rapporteur : Farid ALLAOUAT, Charge de Cours a l'INC</s>
    <s>16h00 -- 16h30 : Pause cafe</s>
    <s>16h30 -- 17h30 : Syntheses</s>
    <s>17h30 : Cloture du Colloque</s>
    <s>Fond de la bibliothèque</s>
    <s>Consulter le catalogue actuel</s>
    <s>pour decouvrir sa richesse.</s>
    <s>Les metiers du commerce</s>
    <s>Comment passer aujourd'hui a cote du phenomene de la mondialisation ?</s>
    <s>Lire la suite </s>
    <s>Se souvenir de moi</s>
    <s>Mot de passe oublié ?</s>
    <s>Identifiant oublié ?</s>
    <s>Espace telechargement</s>
    <s>(C) EHEC 2009 COPYRIGHT</s>
  </text>
</page>
