<?xml version="1.0" encoding="UTF-8"?>
<!DOCTYPE page SYSTEM "page.dtd">
<page>
  <lang>fr</lang>
  <url>http://www.congress-info.ch/sfd/p10-14-3-4.html%3FaId%3D56</url>
  <title>Swiss Family Docs Conference 2011 | Poster und geführte Postertour</title>
  <snippet>
    <s>7 oct. 2011 Poster und geführte Postertour. Am Donnerstag, 25. 8. Profil des personnes agees de plus de 80 ans vivant a domicile M. F. Le Goaziou 1, </s>
  </snippet>
  <text>
    <s>SAPPM: 0,5 Credits</s>
    <s>SAPPM: 0,75 Credits</s>
    <s>SAPPM: 1 Credit</s>
    <s>SAPPM: 0,75 Credits</s>
    <s>SGP: 2,5 Credits Kernfortbildung fur die 3 Sessions zu Padiatrie (mit gekennzeichnet).</s>
    <s>Die restliche Veranstaltung wird als erweiterte Fortbildung anerkannt.</s>
    <s>SAPPM: 1,5 Credit</s>
    <s>SGP: 2,5 Credits Kernfortbildung fur die 3 Sessions zu Padiatrie (mit gekennzeichnet).</s>
    <s>Die restliche Veranstaltung wird als erweiterte Fortbildung anerkannt.</s>
    <s>Français SucheSitemap</s>
    <s>Conference 2011</s>
    <s>Conference 2012</s>
    <s>Conference 2013</s>
    <s>Conference 2011BegrTagungsprogrammSession descriptionsAbstracts &amp; speakersIHAMB Forschungspreis 2011Free CommunicationsPoster und gefPostertourChairpersonen, Referenten</s>
    <s>und AutorenOrganisationGastgesellschaften 2011SponsorenIHAMB Forschungspreis 2011</s>
    <s>der SandozWichtige InformationenSwissFamilyDocs PartyPerscher Kongress-KalenderSFD 2011 auf Ihrem Mobile PhonePressePatronateDownloadsE-BookHandouts</s>
    <s>und PrntationenFotogalerieWelturauff</s>
    <s>Letzte Aktualisierung</s>
    <s>07.10.2011, 16:24</s>
    <s>Poster und gefuhrte Postertour</s>
    <s>Am Donnerstag, 25. 8. 2011 von 12.45-13.45 Uhr findet eine gefuhrte Postertour statt.</s>
    <s>Bitte finden Sie sich fur die Gruppeneinteilung kurz vor 12.45 Uhr in der Posterausstellung beim Meeting Point ein.</s>
    <s>Free Communications Session 3</s>
    <s>P 20</s>
    <s>Profil des personnes agees de plus de 80 ans vivant a domicile</s>
    <s>M. F. Le Goaziou1, A. Maring1 (1Lyon)</s>
    <s>L'importance numerique grandissante dans la population française des personnes agees de 80 ans et plus vivant a domicile suscite l'inquietude. Les etudes descriptives de cette population sont rares. Pourtant la connaissance de leur etat de sante est un prealable indispensable a la mise en place de politiques sanitaires et sociales de prevention et de prise en charge a leur egard.</s>
    <s>Nous avons realise une etude epidemiologique descriptive et prospective portant sur 337 personnes agees de 80 ans et plus suivies par 68 medecins generalistes des departements du Rhone et de l'Ain. Cette enquete a ete realisee au moyen de questionnaires completes par les medecins. L'objectif etait de decrire les conditions de vie et l'etat sanitaire de leurs patients ages de 80 ans et plus vivant a domicile. L'hypothese etait que la majorite de ces personnes tres agees etaient autonomes, entourees bien que polypathologiques et polymediquees.</s>
    <s>Nous avons confirme l'hypothese de depart. 63% des personnes agees de 80 ans et plus etaient entierement autonomes d'apres la classification EHPA. La dependance physique concernait 36% de l'effectif, 8% de la population etudiee etaient confinee au lit ou au fauteuil. La dependance psychique concernait 9,5% des personnes agees. Le maintien a domicile mobilisait beaucoup les aidants, en priorite les membres de l'entourage presents a tous les stades de dependance puis les professionnels qui intervenaient pour les degres de dependance eleves. L'aide informelle concernait 71,5% de l'effectif. La polypathologie etait la regle chez les personnes tres agees : 70% souffraient d'au moins 3 pathologies chroniques, la moyenne etait de 3,6 pathologies chroniques par personne. La polymedication etait preponderante avec une moyenne de 5,4 medicaments pris journellement Le maintien a domicile dependait beaucoup de l'aide informelle</s>
    <s>La preservation de l'autonomie permet le maintien a domicile, elle passe par la prevention de la dependance et le depistage precoce des situations a risque. Ce travail confirme la place preponderante des aidants Le medecin generaliste qui connait bien ses patients ages polypathologiques et polymediques, devrait pouvoir donner son avis pour leur prise en charge.</s>
  </text>
</page>
