<?xml version="1.0" encoding="UTF-8"?>
<!DOCTYPE page SYSTEM "page.dtd">
<page>
  <lang>fr</lang>
  <url>http://www.helina-online.org/fr/conference/comite.html</url>
  <title>Comité d&#39;organisation la conférence</title>
  <snippet>
    <s>Comité &middot; Format des articles et abstracts &middot; Enregistremen et appel à Comité d&#39; organisation la conférence. helina, cosim. ﻿A. Le comité technique d&#39;organisation </s>
  </snippet>
  <text>
    <s>HEALTH INFORMATICS IN AFRICA</s>
    <s>THE PAN AFRICAN HEALTH INFORMATICS ASSOCIATION</s>
    <s>Conférence archive</s>
    <s>Archive newsletter</s>
    <s>Format des articles et abstracts</s>
    <s>Enregistremen et appel à contribution</s>
    <s>Objectifs et thèmes</s>
    <s>Droits d'inscription</s>
    <s>Medinfo en Afrique</s>
    <s>Membres du conseil HELINA</s>
    <s>Membres HELINA</s>
    <s>Format des articles et abstracts</s>
    <s>Enregistremen et appel à contribution</s>
    <s>Objectifs et thèmes</s>
    <s>Droits d'inscription</s>
    <s>Émail d'information</s>
    <s>Mot de passe</s>
    <s>Se souvenir de moi</s>
    <s>Mot de passe oublié ?</s>
    <s>Identifiant oublié ?</s>
    <s>Créer un compte</s>
    <s>Vous êtes ici:ConférenceComité</s>
    <s>Comité d'organisation la conférence</s>
    <s>﻿A. Le comité technique d’organisation</s>
    <s>Prof. Muna Walinjom (président)</s>
    <s>Prof. Djientcheu Vincent (co-président)</s>
    <s>Dr. Ghislain Kouematchoua</s>
    <s>B. Panel consultatif international</s>
    <s>Prof. Antoine Geissbühler, Président de l’IMIA</s>
    <s>Dr. Sedick Isaacs, Président de HELINA</s>
    <s>Amadou Koita, Vice-President de HELINA</s>
    <s>Dr. Najeeb Al-Shorbaji, Directeur du Département de la gestion et du partage de la connaissance, OMS Genève</s>
    <s>Prof. Otto Rienhoff, Directeur du département d’informatique médicale, Université de Göttingen</s>
    <s>Pr Meissa Toure</s>
    <s>Pr Kwankam Yunkap</s>
    <s>Pr Maurice Tchuente</s>
    <s>Dr. Lyn Hanmer, Conseil pour la Recherche Médicale, Cape Town, Afrique du Sud</s>
    <s>Dr. Line Kleinebreil</s>
    <s>C. Le comité scientifique</s>
    <s>Président: Prof. Samuel Kingue, Université de Yaoundé, Cameroun</s>
    <s>Co- Présidents: Prof. Maurice Mars, Chef due department de Télésanté, Université de Kwazulu-Natal, Durban, Afrique du Sud</s>
    <s>Rapporteurs :</s>
    <s>Prof. Mikko Korpela, Université de la Finlande Est, Finlande</s>
    <s>Prof NKO’O Samuel, Université de Yaoundé, Cameroon</s>
    <s>Prof TANGHA, Université de Yaoundé, Cameroon</s>
    <s>Dr NDEH NINGO, Université de Yaoundé, Cameroon</s>
    <s>Pr KOM Martin, Université de Yaoundé, Cameroon</s>
    <s>Sous-thème A: L’informatique médicale et le secteur privé</s>
    <s>1) Prof. Mikko Korpela, Université de la Finlande Est, Finlande (Co-président)</s>
    <s>2) Prof Jorn Braa, Norvège</s>
    <s>3) Dr. Christopher Seebregts, Conseil pour la Recherche Médicale, Afrique du Sud</s>
    <s>4) Dr. Honest Kimaro, Université de Dar Es Salam, Tanzanie</s>
    <s>5) Dr. Retha de la Harpe, Université des Technologies, Afrique du Sud</s>
    <s>Sous-thème B: Applications et recherche en informatique médicale</s>
    <s>1) Dr. Andrew Kanter, Université de Columbia, NY, USA (Co-président)</s>
    <s>2) Prof. Dalenca Pottas, Directeur de l’École des Technologies de l’Information et de la Communication, Université Metropolitaine Nelson Mandela, Afrique du Sud</s>
    <s>3) Prof. Charles Safran, Ecole de Médecine de Harvard, USA</s>
    <s>4) Dr. Cheick Oumar Bagayoko, Faculté de Médecine et Centre of Expertise de Recherche en Télémédecine et e-santé, Mali</s>
    <s>5) Christopher Bailey, OMS (Genève)</s>
    <s>6) Pr Maurice Tchuente</s>
    <s>Sous-thème C: Les sciences de l’informatique médicale et l'enseignement des sciences</s>
    <s>1) Prof. Abimbola Soriyan, Université Obafemi Awolowo, Ile-Ife, Nigeria (Co-présidente)</s>
    <s>2) Dr. Lyn Hanmer, Conseil pour la Recherche Médicale, Afrique du Sud</s>
    <s>3) Prof. Maurice Mars, Université du Kwazulu-Natal, Durban, Afrique du Sud</s>
    <s>4) Dr. Shedden Masupe, Université du Botswana, Botswana</s>
    <s>5) Dr. Ghislain Kouematchoua, Koegni – eHealth for Innovation and Development</s>
    <s>6) Dr. Hamish Fraser, Université de Havard, Boston, USA</s>
    <s>Sous-thème D: L’informatique médicale dans le secteur publique</s>
    <s>1) Prof. Yunkap Kwankam, Global eHealth Consultant (Co-président)</s>
    <s>2) Dr. Wokia Kumase, Université de l’Ontario Ouest, Canada</s>
    <s>3) Dr. Rosemary Foster, Conseil pour la Recherche Médicale, Afrique du Sud</s>
    <s>4) Dr. Sedick Isaacs</s>
    <s>5) Getachew Sahlu, OMS (Genève)</s>
    <s>Copyright HELINA © 2011. All Rights Reserved.</s>
    <s>Designed by GkWebdesign.net</s>
  </text>
</page>
