<?xml version="1.0" encoding="UTF-8"?>
<!DOCTYPE page SYSTEM "page.dtd">
<page>
  <lang>fr</lang>
  <url>http://fr.hdcentre.org/venue</url>
  <title>Nos salles de conférence | HD Centre</title>
  <snippet>
    <s>Le HD Centre a son siège dans la Villa Plantamour, une belle demeure du XVIIIe organisations un forum pour l&#39;organisation de leurs réunions, conférences et </s>
  </snippet>
  <text>
    <s>A propos</s>
    <s>Projets de mediation</s>
    <s>Soutien a la mediation</s>
    <s>Centre de Presse</s>
    <s>Nos salles de conference</s>
    <s>!Our venue</s>
    <s>Nos salles de conférence</s>
    <s>Conformément à sa mission qui est de résoudre les conflits par le dialogue, de mener des travaux de recherche et de réflexion autour des problèmes rencontrés dans la résolution des conflits et d'améliorer l'expertise en matière de rétablissement de la paix, le HD Centre s'est imposé comme un forum unique et indépendant pour les échanges d'idées. Le HD Centre:</s>
    <s>- Met ses trois salles de conférences, face au lac Léman, à la disposition d'autres organisations humanitaires et de résolution de conflits, pour la tenue de leurs réunions.</s>
    <s>- Organise ses propres manifestations - conférences, réunions, débats d'experts - sur des thèmes d'actualité liés aux conflits.</s>
    <s>Le HD Centre a son siège dans la Villa Plantamour, une belle demeure du XVIIIe siècle sur les bords du lac Léman, à Genève, qui lui est prêtée à cet effet par la Ville de Genève. Ses trois salles de conférence sont gracieusement mises à la disposition des communautés humanitaire et de rétablissement de la paix.</s>
    <s>Ce faisant, le HD Centre souhaite offrir à ces organisations un forum pour l'organisation de leurs réunions, conférences et débats. Toutes les manifestations accueillies par le HD Centre doivent être consacrées à des questions humanitaires ou de rétablissement de la paix.</s>
    <s>Pour utiliser nos salles de conférence</s>
    <s>Nos trois salles de conférence donnent sur le lac et le Mont-Blanc. La plus grande d'entre elles a une capacité de 28 personnes assises. Les deux salles attenantes ont une capacité d'environ douze personnes chacune. Les salles sont accessibles du lundi au vendredi, de 9h à 17h45.  </s>
    <s>La Villa Plantamour est située dans le parc de Mon-Repos, à l'entrée de la ville de Genève et au cœur du quartier des organisations humanitaires. Elle se situe est à proximité des Nations Unies et de nombreuses organisations non gouvernementales qui ont choisi de s'installer à Genève.</s>
    <s>Le HD Centre est à quinze minutes seulement de l'aéroport de Genève et à cinq minutes de la gare principale (en voiture). Quelques minutes à pied le séparent des hôtels et restaurants parmi les plus prestigieux au monde, ainsi que d'une vaste gamme d'alternatives plus économiques. La Villa Plantamour est très bien desservie par les transports publics (voir le plan).</s>
    <s>Pour réserver une salle de conférence, merci de bien vouloir remplir et renvoyer le formulaire de réservation, ou prendre contact avec le HD Centre pour connaître la disponibilité des salles, par téléphone : +41 (0)22 908 11 30, ou par courriel : venue@hdcentre.org.</s>
    <s>Le HD Centre remercie la Ville de Genève de son généreux soutien et de la mise à disposition de la Villa Plantamour.</s>
    <s>Liens rapides</s>
    <s>Restez informé par le biais de nos publications et recevez des informations par email sur les activités du HD Centre</s>
    <s>Echangez vos idées et faites part de votre opinion sur la résolution de conflits sur le forum de discussions en ligne du HD Centre: PeaceTalks</s>
    <s>Le HD Centre remercie l'Organisation Internationale de la Francophonie pour son soutien au développement de ce site Internet </s>
    <s>Découvrez comment le HD Centre est financé en tant qu'organisation indépendante</s>
    <s>Découvrez qui est qui au HD Centre</s>
    <s>Restez informe</s>
    <s>Recevez des informations sur les activites du HD Centre qui vous interessent: Retablissement de la paix - Pratique &amp; experience Retablissement de la paix - Afrique Retablissement de la paix - Asie Securite et reduction de la violence armee Communiques de presse Postes vacants Email</s>
    <s>Texte HTML</s>
    <s>Plan du site</s>
    <s>Conditions d'utilisation</s>
    <s>(C) 2010 Centre pour le dialogue humanitaire</s>
  </text>
</page>
