<?xml version="1.0" encoding="UTF-8"?>
<!DOCTYPE page SYSTEM "page.dtd">
<page>
  <lang>fr</lang>
  <url>http://www.arts-ville.org/</url>
  <title>Les Arts et la Ville</title>
  <snippet>
    <s>Organisation sans but lucratif fondée en 1987, le réseau Les Arts et la </s>
  </snippet>
  <text>
    <s>Plan du site</s>
    <s>Nous joindre</s>
    <s>Les carnets de l’action culturelle locale</s>
    <s>Espace membres centre de ressources</s>
    <s>et forum</s>
    <s>Bulletins et communiqués</s>
    <s>Inventaires culturels</s>
    <s>Organisation sans but lucratif fondee en 1987, le reseau Les Arts et la Ville reunit les milieux municipaux et culturels afin de promouvoir, de soutenir et de defendre le developpement culturel et artistique des municipalites.</s>
    <s>Avec pres de 500 municipalites et 140 organisations culturelles membres, le reseau rassemble aujourd'hui plus de 3 000 personnes - elus et fonctionnaires municipaux, artistes et travailleurs culturels - autour du developpement culturel local.</s>
    <s>Abonnez-vous au Bulletin Le réseau</s>
    <s>Et recevez toutes les actualités par courriel</s>
    <s>Votre nom :</s>
    <s>Votre courriel :</s>
    <s>Les avantages de devenir membre</s>
    <s>Accédez à une foule d’informations et d’outils de travail, participez au colloque annuel à des tarifs avantageux, et profitez des occasions de réseautage !</s>
    <s>Devenir membre</s>
    <s>Nos partenaires</s>
    <s>© Les Arts et la Ville, tous droits réservés</s>
    <s>Crédits photos</s>
  </text>
</page>
