<?xml version="1.0" encoding="UTF-8"?>
<!DOCTYPE page SYSTEM "page.dtd">
<page>
  <lang>fr</lang>
  <url>http://www.acsal-science.org/conference/3_sponsors.html</url>
  <title>Conférence Internationale pour la Promotion du Développement de ...</title>
  <snippet>
    <s>Les sponsors des conférences ACSAL bénéficient d&#39;une importante visibilité A toutes les personnes physiques ou morales qui souhaitent sponsoriser nos </s>
  </snippet>
  <text>
    <s>Contexte et Objectifs</s>
    <s>Actes de</s>
    <s>Chaque annee, ACSAL reunit plus d´une centaine de scientifiques a travers le monde tous interesses au developpement de l´Afrique via une forme de cooperation intelligente integrant la recherche scientifique et le transfert de technologies adaptees aux cultures africaines. En votre qualite de sponsor, vous associez votre image au developpement scientifique de l´Afrique et encouragez un partenariat efficace entre le Nord et le Sud. Les sponsors des conferences ACSAL beneficient d'une importante visibilite pendant la conference et sur tous les supports de communication qui aboutit generalement a de tres bons contacts professionnels.</s>
    <s>Nous remercions particulierement le Fonds National de la Recherche et l´Universite du Luxembourg, qui nous accompagnent financierement et materiellement depuis 3 ans sur nos differentes conferences.</s>
    <s>A toutes les personnes physiques ou morales qui souhaitent sponsoriser nos activites, nous proposons plusieurs formules de partenariat. Chacune assurant une presence et une visibilite adaptee a vos besoins. Nous sommes egalement ouverts a d'autres formes de partenariat a votre convenance. Nous vous prions de nous contacter pour plus de details.</s>
  </text>
</page>
