<?xml version="1.0" encoding="UTF-8"?>
<!DOCTYPE page SYSTEM "page.dtd">
<page>
  <lang>fr</lang>
  <url>http://paragraphe.info/content/view/3/41/lang,fr/</url>
  <title>Laboratoire PARAGRAPHE [EA349] - Présentation</title>
  <snippet>
    <s>La huitième édition de la conférence H2ptm&#39;05 qui a eu lieu les 29, et surtout aux doctorants de présenter leurs thématiques de recherche dans un cadre </s>
  </snippet>
  <text>
    <s>!spacer.png, 0 kB</s>
    <s>Show/Hide Result</s>
    <s>Equipes de Recherche</s>
    <s>Objectifs de Recherche</s>
    <s>Contrats de Recherche</s>
    <s>Bilan quantitatif</s>
    <s>Ths soutenues</s>
    <s>Ths en cours</s>
    <s>rit par Paragraphe</s>
    <s>Les evolutions des strategies de creations des hypermedias, notamment le Web, sont dependantes des choix et potentialites technologiques, qui elles memes conditionnent profondement les logiques de creation, leur mode, modele, oeuvre, produit et service. Dans ce scenario d'interdependances, il s'agit de definir regulierement en fonction des nouveaux outils, des nouveaux usages, conceptuellement et concretement, les avancees en terme d'interfaces, d'ecritures (collectives), de scenarisation (interactive, collaborative), de representations de l'espace (page ecran, hors champ), du temps (chronologie pluridimensionnelle). Le travail de recherche specialise dans le secteur de la mediation scientifique et culturelle interactive que les chercheurs de la science de l'information et de la communication menent dans le cadre du laboratoire Paragraphe s'adosse a cette veille technologique, ergonomique et cognitive nationale et internationale.</s>
    <s>Dans cette optique interdisciplinaire l'equipe CRAC de l'universite Paris 8 specialisee dans le domaine science cognitive rejoint le laboratoire Paragraphe en 2005. Cette association s'inscrit dans la logique de developpement interdisciplinaire du laboratoire. Elle permettra une fecondation reciproque des approches techniques et SHS en creant les conditions de recherches empiriques et theoriques communes.</s>
    <s>Le laboratoire PARAGRAPHE s'efforce de mener une reflexion montrant l'implication constante de ces divers points de vue l'un sur l'autre. Sur ce terrain, le laboratoire PARAGRAPHE est desormais connu comme l'un des acteurs majeurs de la recherche, aussi bien sous ses aspects theoriques qu'en recherche et developpement.</s>
    <s>Organisation de conferences (2004-2008)</s>
    <s>Depuis 18 ans, PARAGRAPHE organise un colloque international bilingue ayant lieu tous les deux ans : « Hypertextes, hypermedias, outils, projets, methodes » (H2PTM), conference dont les thematiques proposent un lieu de rencontre original et inedit entre sciences et technologies de l'information et sciences humaines et sociales. Cette conference temoigne de l'interdisciplinarite reconnue du laboratoire et permet une implication reelle et effective de toutes les equipes qui la composent.</s>
    <s>La huitieme edition de la conference H2ptm'05 qui a eu lieu les 29, 30 Novembre et 1 decembre 2005 a l'Universite Paris 8 a ete placee sous le theme de &quot;creer du sens a l'ere numerique&quot;, ses actes ont ete publies aux editions Hermes sous le titre « Creer, jouer, echanger : experiences de reseaux », Co-president : Saleh I.</s>
    <s>La neuvieme edition a eu lieu a Hammamet en Tunisie les 29, 30 et 31 Octobre 2007, ses actes sont publies par Hermes sous le titre « Collaborer, Echanger, Inventer : Experiences de reseaux» Co-president : Saleh I.</s>
    <s>La dixieme edition de la conference H2PTM'09 aura lieu a Paris 8. Elle rend compte de l'avancement de la recherche et du developpement de l'hypertexte et de l'hypermedia depuis vingt ans et de leurs perspectives pour les annees a venir.</s>
    <s>Site des conferences : H²PTM 2009 , H²PTM 2007.</s>
    <s>Le symposium e-poetry, cree a Buffalo en 2001 par Loss Glazier, constitue un evenement majeur pour la diffusion de la poesie numerique. Tous les deux ans, il permet aux chercheurs et auteurs de toutes contrees de se rencontrer,d'echanger et de montrer l'etat le plus avance de la recherche et de la creation en ce domaine.</s>
    <s>Le symposium e-poetry 2007 a ete organise par le Laboratoire Paragraphe a l'universite Paris 8, les 21-25 mai 2007, avec le soutien du Conseil Scientifique, du master T3L, de l'Electronic Poetry Center (Universite de New York a Buffalo) et de la West Virginia University, Co-president : Bootz P.</s>
    <s>The 6th International Conference on Human-System Learning (ICHSL.6) : What is Learning. 14-16 Mai 2008- Toulouse, France. Organise en collaboration avec le LAAS. Co-Chairman : Zreik K.</s>
    <s>Premier colloque national sur les Impacts des NTIC sur la conception de la ville sociale. 29 mars 2007. Universite Paris 8. President : Zreik K.</s>
    <s>L'art a-t-il besoin du numerique</s>
    <s>Colloque international de Cerisy-la-Salle, 20-30 juillet 2004., publie aux editions Hermes, Paris, septembre 2006. President : Balpe J.P.</s>
    <s>Partenaires de conferences</s>
    <s>Le 10e Colloque International sur le Document Electronique (CiDE.10) : Le document numerique dans le monde de la science et de la recherche, Nancy, organise en collaboration avec l'INIST 2 - 4 juillet 2007.</s>
    <s>International Conference on Design Sciences &amp; Technology Digital Thinking in Architecture, Civil Engineering, Archaeology, Urban Planning and Design : Finding the Ways, September : 19-21, 2007 - Montreal - Canada, Site de la conference</s>
    <s>CIDE.9 : Le Document Electronique, Fribourg, Suisse, septembre 2006.</s>
    <s>CiDE.8 : Multilinguisme / Multilingualism, 8th International Conference on Electronic Document, 25-28 mai 2005, Beyrouth, Liban</s>
    <s>Exposition Intrusion 0-1 Montbeliard qui s'est deroulee du 1er au 22 decembre 2004.</s>
    <s>Organisation de journees d'etudes (2004-2008)</s>
    <s>Le laboratoire Paragraphe organise plusieurs journees d'etudes, en associant des doctorants aux membres permanents. Elles permettent aux membres de Paragraphe et surtout aux doctorants de presenter leurs thematiques de recherche dans un cadre scientifique et de dialoguer avec d'autres chercheurs. Par ailleurs chaque equipe de Paragraphe organise, des seminaires sur des thematiques specifiques.</s>
    <s>Etat et nouvelles perspectives du Web semantique et social : autour du langage IEML de Pierre Levy</s>
    <s>Le 13 mai 2008, Universite Paris 8.</s>
    <s>Etat et nouvelles perspectives du Web semantique : langage IEML de Pierre Levy</s>
    <s>Le 5 juin 2007, Universite Paris 8.</s>
    <s>Intelligence artificielle et complexite. Vers les univers distribues</s>
    <s>Le 31 mai 2007 Universite Paris 8.</s>
    <s>Interfaces tangibles</s>
    <s>Le 16 juin 2006, Universite Paris 8.</s>
    <s>Usages, Usagers et outils pour le Web</s>
    <s>Le 08 juin 2006, Universite Paris 8.</s>
    <s>META - New Media and the Layering of Perception, Observation and Creation</s>
    <s>Le 19 mai 2006, Universite Paris 8.</s>
    <s>Environnements FOAD et Perspectives</s>
    <s>Le 08 novembre 2005, Universite de Paris 8.</s>
    <s>Litterature numerique</s>
    <s>Le 20 octobre 2005, Universite Paris 8.</s>
    <s>Interface Homme/Machine</s>
    <s>Le 16 juin 2005 Universite Paris 8.</s>
    <s>Les Bibliotheques a l'ere du numerique : nouveaux lieux ? nouveaux usages</s>
    <s>Le 12 mai 2005, Universite Paris 8.</s>
    <s>Intelligence Artificielle et Jeux Video</s>
    <s>Le 10 mai 2005, Universite Paris 8.</s>
    <s>Organisation des connaissances</s>
    <s>Le 20 janvier 2005, Universite Paris 8.</s>
    <s>Paris- Utrecht Minisymposium</s>
    <s>Le 7 Mai 2004, Universiteit Utrecht.</s>
    <s>Jouer avec une histoire: un defi pour les media interactifs</s>
    <s>Le 16 decembre 2004, CNAM-Paris.</s>
    <s>Interfaces adaptatives</s>
    <s>Le jeudi 17 juin 2004, Universite Paris 8.</s>
    <s>Organisation des connaissances</s>
    <s>Le Jeudi 3 juin 2004, Universite Paris 8.</s>
    <s>Web : Espaces de navigation, objets d'exploration</s>
    <s>Le jeudi 13 mai 2004, Universite Paris 8</s>
    <s>Bibliotheques numeriques</s>
    <s>Le jeudi 8 avril 2004, Universite Paris 8</s>
    <s>Litterature numerique</s>
    <s>Le 24 mars 2004, Universite Paris 8.</s>
    <s>Usages des cartographies de l'information</s>
    <s>Le jeudi 11 mars 2004, Universite Paris 8.</s>
    <s>Document Numerique</s>
    <s>Le 15 janvier 2004, Universite Paris 8.</s>
    <s>[ Retour ]</s>
    <s>Confnce HPTM 2011</s>
    <s>Colloques &amp; Journ d'de</s>
    <s>Menu Principal</s>
    <s>Publications par ipe</s>
    <s>Liens Web</s>
    <s>Veille scientifique</s>
    <s>Plan du Site</s>
    <s>Menu utilisateur</s>
    <s>Dernis nouvelles</s>
    <s>CIDE 14 : Le Document de la diffnciation numque</s>
    <s>ARCo 2011 : Association pour la recherche cognitive</s>
    <s>Les langues de moindre diffusion sur le web : numsations, normes et recherches</s>
    <s>Confnce internationale HPTM 2011</s>
    <s>Journd'de : &quot;Alfred Schjourd'hui ?&quot;</s>
    <s>Workshop &quot;Literature and Digital Society&quot;</s>
    <s>Aprmidi avec Douglas Hofstadter Docteur Honoris Causa de lUniversite Cergy-Pontoise</s>
    <s>PARAGRAPHE, un acteur cle la R&amp;D; en France</s>
    <s>Vient de parae : Approches pour l'analyse des activit/a&gt;</s>
    <s>[ HyperUrbain.3 : : Villes hybrides et enjeux de lamgement des urbanitnumques</s>
    <s>Soutenance de Th en Sciences de l'information et de la communication de Camille Paloque-Berges</s>
    <s>Cycle thtique Eduquer et transmettre 2011</s>
    <s>EuropIA 13 : 13th International Conference on Advances in Design Sciences and Technology</s>
    <s>Journd'de sur le th de la Mation</s>
    <s>Games Studies ? a franse</s>
    <s>Documents les plus tcharg</s>
    <s>(C) 2011 Laboratoire PARAGRAPHE EA349</s>
    <s>!spacer.png, 0 kB</s>
  </text>
</page>
