<?xml version="1.0" encoding="UTF-8"?>
<!DOCTYPE page SYSTEM "page.dtd">
<page>
  <lang>fr</lang>
  <url>http://www.socialeconomy.eu.org/spip.php%3Farticle1434</url>
  <title>Conférence « Europe Active » organisée par le Comité Economique ...</title>
  <snippet>
    <s>9 nov. 2010 Cette Conférence européenne s&#39;inscrit dans l&#39;Année européenne Le Comité Economique et Social Européen et la Catégorie Economie (. </s>
  </snippet>
  <text>
    <s>en | fr</s>
    <s>Social Economy Europe</s>
    <s>Qui sommes-nous ?</s>
    <s>Positions &amp; Actions</s>
    <s>L’économie sociale</s>
    <s>Espace Membres</s>
    <s>Plan du site</s>
    <s>Accueil &gt; L’économie sociale &gt; L’économie sociale et l’Union Européenne &gt; Le Comité Economique et Social Européen et la Catégorie Economie ( ) &gt;</s>
    <s>Conférence « Europe Active » organisée par le Comité Economique et Social Européen (CESE) et la Fédération européenne des Banques Ethiques et Alternatives (FEBEA)</s>
    <s>mardi 9 novembre 2010</s>
    <s>!JPG - 13.8 ko</s>
    <s>Cette Conférence européenne s’inscrit dans l’Année européenne 2010 de lutte contre la pauvreté et l’exclusion sociale et marque le lancement du projet « Europe Active », avec la diffusion de l’Atlas des bonnes pratiques de création d’emplois d’inclusion sociale, première ébauche d’identification des expériences innovantes et des approches intéressantes en matières législative, règlementaire, fiscale et financière, identifiés par les membres de la FEBEA.</s>
    <s>Les participants seront invités à signer l’Appel pour une Europe Active, créative et solidaire. Cette conférence a en effet pour but de montrer qu’il est possible de pratiquer la banque autrement en soutenant des initiatives créatrices de plus-values sociales et d’emplois et de mobiliser les institutions européennes pour initier un travail avec elles en faveur de la mise en place d’un cadre favorable au financement et au développement des initiatives de création d’emplois d’inclusion sociale.</s>
    <s>Cette conférence réunira des acteurs socio-économiques majeurs du monde de l’économie sociale et solidaire, de la finance éthique, des institutions et des réseaux européens.</s>
    <s>Programm EN</s>
    <s>Programme FR</s>
    <s>Lundi 29 novembre 2010 09:00-17:00</s>
    <s>Conférence « Europe Active » organisée par le Comité Economique et Social Européen (CESE) et la Fédération européenne des Banques Ethiques et Alternatives (FEBEA)</s>
    <s>Au Comité Économique et Social Européen – 99, Rue Belliard – 1040 Bruxelles (6ème étage)</s>
    <s>Voir en ligne : Sur le site de la FEBEA</s>
    <s>L'économie sociale</s>
    <s>Les CMAF</s>
    <s>L’économie sociale et l’Union Européenne</s>
    <s>Actes législatifs</s>
    <s>La Commission Européenne</s>
    <s>Le Parlement Européen</s>
    <s>Conseil de l’Union Européenne</s>
    <s>Le Comité Economique et Social Européen et la Catégorie Economie ( )</s>
    <s>Comité des Régions</s>
    <s>Projets européens</s>
    <s>L’économie sociale dans les Pays Membres</s>
    <s>L’économie sociale dans le monde</s>
    <s>Universités, centres de recherche et think tanks</s>
    <s>Dans la meme rubrique</s>
    <s>1 | | |</s>
    <s>Le Comité économique et social européen durant la présidence polonaise</s>
    <s>Avis du CESE sur le thème « Les effets de la crise économique et financière sur la répartition de la main-d’oeuvre entre les secteurs de production, avec une attention particulière aux PME » (avis exploratoire) (2011/C 218/01)</s>
    <s>AVIS du CESE sur la Communication de la Commission : &quot;Vers un Acte pour le Marché unique – Pour une économie sociale de marché hautement compétitive – 50 propositions pour mieux travailler, entreprendre et échanger ensemble&quot;</s>
    <s>Avis du CESE sur « Le futur du Fonds social européen après 2013 » (avis exploratoire)</s>
    <s>Avis du CESE sur la « Communication de la Commission au Parlement européen, au Conseil, au Comité économique et social européen et au Comité des régions — Initiative phare Europe 2020 — Une Union de l'innovation »</s>
    <s>Avis du CESE sur la « Communication de la Commission au Parlement européen, au Conseil, à la Banque centrale européenne, au Comité économique et social européen et au Comité des régions : améliorer la coordination des politiques économiques au profit de la stabilité, de la croissance et de l'emploi — des outils pour renforcer la gouvernance économique de l'UE »</s>
    <s>L'économie sociale dans le programme de travail du CESE et priorités du président pour la période 2010-2013</s>
    <s>Haut de page Imprimer Plan du site Syndiquer les articles de cette rubrique (RSS 2.0) Redaction Site realise avec SPIP voir le squelette de cette page Social Economy Europe Rue Saint-Jean, 32-38 | B-1000 Bruxelles</s>
    <s>Tél : +32 (0)2 515 06 61 | Fax : +32 (0)2 515 05 06 | e-mail:</s>
  </text>
</page>
