<?xml version="1.0" encoding="UTF-8"?>
<!DOCTYPE page SYSTEM "page.dtd">
<page>
  <lang>fr</lang>
  <url>http://www.asidcom.org/Premiere-conference-des-Pays-du.html</url>
  <title>Première conférence des Pays du Golfe sur le Halal : une prise de ...</title>
  <snippet>
    <s>25 mars 2011 La première conférence étatique des Pays du Golfe sur le halal et ses Plusieurs présentations ont été données sur les produits halal et ses </s>
  </snippet>
  <text>
    <s>lundi, 17 octobre 2011</s>
    <s>QUI SOMMES-NOUS ?</s>
    <s>DON en LIGNE</s>
    <s>Boutique solidaire</s>
    <s>Association de Sensibilisation, d'Information et de Défense de Consommateurs Musulmans</s>
    <s>Première conférence des Pays du Golfe sur le Halal : une prise de conscience en marche</s>
    <s>25 mars 2011 par AsidcomHalal - salon &amp; conférence</s>
    <s>La première conférence étatique des Pays du Golfe sur le halal et ses services a été organisée par l’état Koweitien, en collaboration avec l’organisme de certification des Pays du Golfe (GCC standardization organization) et s’est déroulée du 26 au 29 janvier 2011 dans la banlieue de Koweït city.</s>
    <s>Cette conférence, qui est en soi une première, arrive surement un peu tard par rapport au contexte du développement anarchique du marché halal depuis ses 20 dernières années, mais comme dit le proverbe « il vaut mieux tard que jamais ». Plusieurs présentations ont été données sur les produits halal et ses services d’un point de vue scientifique et avec une approche islamique à la fois par des scientifiques, des religieux et des acteurs de terrain.</s>
    <s>La Malaisie en force</s>
    <s>La Malaisie a occupé une grande place dans cette première conférence des Pays du Golfe avec la venue de scientifiques et de personnalités du secteur du halal. Dès les premières présentations, on a mis les pieds dans le plat avec notamment les chiffres avancés par les malaisiens : à travers le monde, seulement 30 % des organismes de contrôles halal sont des organismes légaux et 70% des certificats halal sont faux. A noter aussi que la Malaisie, qui a déjà une longueur d’avance dans les normes par rapport à beaucoup d’autre pays, est en pointe dans le domaine de la recherche et développement des produits halal. Les avancées dans les techniques de détection de produits haram ( illicites ) tels que le porc ont été montrées ainsi que les tout récents travaux sur une méthode pouvant différencier les viandes issues d’animaux assommés ou non lors de l’abattage ( application aux volailles électrifiées dans les bains d’eau ).</s>
    <s>Un condensé des problématiques touchant le halal</s>
    <s>La conférence a été l’occasion de montrer aux savants, qui étaient partiellement représentés notamment par la présence d’un membre du International Islamic Fiqh Academy de Djeddah, les principales problématiques touchant le marché des produits halal et les répercussions sur les consommateurs. Plusieurs affaires ont été résumées en passant par le porc étiqueté halal, les produits halal contenant du porc vendu aux Pays du Golfe, aux produits halal vendus sans aucun contrôle permanent, les faux certificats,… jusqu’à des choses plus techniques qui posent questions comme les granulés à base animale donnés comme aliment à d’autres animaux ou bien encore, la compatibilité entre les bio technologies et le caractère halal de ces méthodes. Le problème de la tromperie du consommateur a été évoqué à plusieurs reprises et a donné lieu notamment à plusieurs recommandations à la fin de la conférence : la numéro 5 touchant directement son information « La conférence réaffirme le droit des consommateurs de connaître la méthode utilisée pour l’abattage en étant clairement marquée sur la labellisation de la nourriture » et la recommandation 3 appelant à étendre les études de R&amp;D pour détecter la présence de produits haram ( illicite ).</s>
    <s>Islamophobie et étourdissement</s>
    <s>Enfin le problème lié à l’accroissement de l’islamophobie en Europe et en particulier en France et en Grande Bretagne a été évoqué à plusieurs reprises, avec notamment le lien entre celle-ci et des groupes voulant imposer les méthodes d’étourdissement aux musulmans sous prétexte déguisé de bientraitance animale.</s>
    <s>Concernant l’étourdissement, plusieurs travaux scientifiques ont été cités par plusieurs intervenants montrant les avantages de l’abattage rituel et les méfaits des méthodes d’étourdissement sur la bientraitance animale. Certes, de nombreux débats ont eu lieu aux cours de cette conférence entre les « pro-étourdissements » ( souvent des représentants de groupes de l’industrie agroalimentaire ) et les « anti-étourdissements » ( certificateurs sérieux, scientifiques ). Une des recommandations finales de la conférence est d’agir avec une grande prudence avec l’utilisation de méthode par étourdissement et au maximum de préconiser largement l’utilisation de l’abattage manuel.</s>
    <s>Importance d’une standardisation commune et unification des moyens de contrôles</s>
    <s>Plusieurs religieux et intervenants ont insisté sur l’importance de dépasser les divergences et d’aller vers une unification des standards et moyens de contrôles. Notamment deux exemples ont été tirés de l’Afrique du Sud qui a su passer en quelques années d’une vingtaine organismes de contrôles à quelques organismes avec pour objectif l’unification totale pour 2012. Ce pays a mis en place en parallèle une éducation ciblée pour sensibiliser les consommateurs. Un zoom a été fait aussi sur la Bosnie qui a développé en collaboration avec l’Etat un unique organisme de certification reconnu et protégé par celui-ci. Ce pays compte ouvrir très prochainement le premier institut de R&amp;D européen consacré exclusivement aux produits halal. La conférence appelle notamment dans la recommandation 2 à une standardisation des procédures de contrôles pour vérifier le caractère halal (permission) des produits importés pour le marché commun des Pays du Golfe et à coordonner les échanges d’information avec les autres pays musulmans.</s>
    <s>Présentation des nouvelles problématiques touchant le marché du halal.</s>
    <s>Les problèmes de licité ont été abordés notamment pour les produits cosmétiques ( 60% des produits cosmétiques déposés sur le corps sont absorbés par notre peau ) et pharmaceutiques ( ingrédients à base animale ayant un rôle inactif mais cachés aux yeux des consommateurs ). La conférence a fini par un focus sur d’autres produits comme la finance islamique ou le tourisme dit halal (à voir plutôt comme une façon de vivre, une éthique). Des idées ont été esquissées notamment sur le lien à faire entre les investissements pour le développement et la sécurisation de l’industrie du « halal » et les apports financiers provenant de la finance islamique.</s>
    <s>Dans toutes ces informations condensées, comment ne pas prêter attention à la dernière prière commune (Maghreb) réalisée au milieu de la salle de conférence qu’un des savants a dirigée en prenant les sourates « At Takathur » (La course aux richesses, sourate 102) et « Al Ikhlas » (L’Unicité, sourate 112)… Surement plus qu’un clin d’œil, un rappel à méditer dans ce contexte de développement effréné de l’industrie halal et de ses services.</s>
    <s>La présentation d'ASIDCOM a porté sur &quot;La Realité de l’Industrie Halal et de Ses Services En Europe&quot; (voir le pdf (arabe))</s>
    <s>Tous Les transparents des présentations sont accessibles en cliquant ici.</s>
    <s>La bio technologie consiste à transformer des matériaux par des agents biologiques pour produire des biens et services (voir wikipedia)</s>
    <s>Alimentation et halal</s>
    <s>Finance islamique</s>
    <s>Vie communautaire</s>
    <s>Vie de l'association</s>
    <s>Articles en relation</s>
    <s>Slides of The First Gulf Conference on Halal Industry and its Services</s>
    <s>Interview avec Dr Hani Mansour M. AL-Mazeedi : Paradoxalement, les normes halal desservent le consommateur</s>
    <s>Les plus lus dans &quot;Vie de l'association&quot;</s>
    <s>Certification halal : enquête 2009</s>
    <s>Report : the welfare of animals is one of the core messages of both the Jewish and Islamic religions.</s>
    <s>حوار مع د. هاني منصور المزيدي : من التناقض أن معايير الحلال تعارض مصالح المستهلك</s>
    <s>Le WORLD HALAL FORUM EUROPE 2009 : &quot;Halal Market Potential - A Regional Focus&quot; (*)</s>
    <s>Interview avec Daniel-Youssof Leclercq : disposer d’un label fiable et juridiquement protégé</s>
    <s>Le ministère de l'agriculture publie le rapport d'ASIDCOM</s>
    <s>Certification halal : enquête 2008</s>
    <s>Conférence : l’Industrie du Halal et ses services</s>
    <s>Survey on the halal certification agencies</s>
    <s>Cantines scolaires à Marseille</s>
    <s>Votre adresse email :</s>
    <s>Liste de diffusion</s>
    <s>Lettre d'information d'ASIDCOM (Recevez les nouvelles automatiquement dans votre boîte mail.)</s>
    <s>A propos de ASIDCOM</s>
    <s>Créée en 2006, ASIDCOM , association de sensibilisation, d’information et de défense de consommateurs musulmans est une association Loi 1901, déclarée à la Préfecture des Bouches-du-Rhône. ASIDCOM est une association de consommateurs musulmans, présente dans plusieurs villes en France. L’association ( )</s>
    <s>En savoir plus »</s>
    <s>Alimentation et halal</s>
    <s>Finance islamique</s>
    <s>Vie communautaire</s>
    <s>Vie de l'association</s>
    <s>Fils de nouvelles RSS</s>
    <s>Dar Assafaa inaugure le compte chèque « Hissab Assafaa »tire de [RIBH - Le journal de la finance islamique le 25 decembre 2010]</s>
    <s>Première promotion de spécialistes en finance islamique au Maroctire de [RIBH - Le journal de la finance islamique le 6 avril 2011]</s>
    <s>Formation des Imams à la Finance Islamique aux Etats Unistire de [RIBH - Le journal de la finance islamique le 2 aout 2011]</s>
    <s>Chaabi Bank annonce un financement immobilier islamique en Francetire de [RIBH - Le journal de la finance islamique le 20 juin 2011]</s>
    <s>Services bancaires et finance islamique en Afrique du Nordtire de [RIBH - Le journal de la finance islamique le 16 octobre 2011]</s>
    <s>0 | | |</s>
    <s>Sacrifice rituel</s>
    <s>Finance islamique</s>
    <s>Crise alimentaire mondiale</s>
    <s>Sécurité sanitaire</s>
    <s>Certification halal</s>
    <s>Aïd al Adha</s>
    <s>Bulletin de l'association</s>
    <s>Rencontres animal et société</s>
    <s>World Halal Forum</s>
    <s>Viande avariée</s>
    <s>Sécurité des consommateurs</s>
    <s>Grande distribution</s>
    <s>Halal expo</s>
    <s>salon &amp; conférence</s>
    <s>norme halal</s>
    <s>Restauration rapide</s>
    <s>Ritual slaughter</s>
    <s>(C) 2006 - 2011 ASIDCOM -&gt; Alimentation et halal | Pèlerinage | Finance islamique | Vie communautaire | Agenda | Vie de l'association |</s>
    <s>Thème par Arcsin | Modifié par Haqqtiviste | Mentions légales</s>
  </text>
</page>
