<?xml version="1.0" encoding="UTF-8"?>
<!DOCTYPE page SYSTEM "page.dtd">
<page>
  <lang>fr</lang>
  <url>http://www.businesswire.com/news/home/20111005006570/fr/</url>
  <title>RSA® Conference Europe annonce l&#39;ensemble des conférenciers ...</title>
  <snippet>
    <s>5 oct. 2011 RSA® Conference, premier groupe mondial dans le domaine de la Security et Président du Comité de programme de RSA Conference. </s>
  </snippet>
  <text>
    <s>Log In</s>
    <s>Sign Up</s>
    <s>Search News:</s>
    <s>Entire Release Company Name Headline Ticker ISIN</s>
    <s>October 05, 2011 02:30 PM Eastern Daylight Time</s>
    <s>RSA® Conference Europe annonce l’ensemble des conférenciers qui interviendront lors de l’événement annuel sur la sécurité de l’information</s>
    <s>Le forum RSA Conference accueillera aussi Stefano Grassi, Vice-Président chargé de la sécurité et de la sûreté chez Poste Italiane et Président de l’EECTF (task-force européenne de lutte contre la cybercriminalité)</s>
    <s>RSA Conference Europe 2011</s>
    <s>LONDRES--(BUSINESS WIRE)--RSA® Conference, premier groupe mondial dans le domaine de la sécurité de l'information, a annoncé aujourd'hui l’ensemble des conférenciers qui interviendront lors du 12ème forum annuel RSA® Conference Europe, qui se déroulera du 11 au 13 octobre 2011 au Hilton London Metropole Hotel, au Royaume-Uni. Ce forum rassemblera des experts et des professionnels internationaux de la sécurité ; il dévoilera les dernières tendances et technologies, les nouvelles pratiques exemplaires, ainsi que les perspectives pratiques et pragmatiques des problèmes les plus critiques auxquels le secteur fait face aujourd'hui.</s>
    <s>&gt; «Task-force européenne de lutte contre la cybercriminalité : l’état de la cybercriminalité en Europe»</s>
    <s>RSA Conference a ajouté à sa liste déjà impressionnante de conférenciers Stefano Grassi, Vice-Président chargé de la sécurité et de la sûreté chez Poste Italiane et Président de l’EECTF (task-force européenne de lutte contre la cybercriminalité), qui prononcera une allocution intitulée « Task-force européenne de lutte contre la cybercriminalité : l’état de la cybercriminalité en Europe ». L’EECTF se compose d’agences gouvernementales mondiales et d’entreprises privées ; elle propose une analyse et des bonnes pratiques contre la cybercriminalité en Europe. Dans son allocution, M. Grassi présentera les résultats de l’enquête sur la cybercriminalité réalisée en 2011 par l’EECTF.</s>
    <s>RSA Conference Europe accueillera également une nouvelle fois le Dr Herbert «Hugh» Thompson, responsable de la stratégie de sécurité chez People Security et Président du Comité de programme de RSA Conference. Dans son allocution intitulée « Des piliers de la confiance ? La science de la fragilité sécuritaire », M. Thompson étudiera la science (et l’art) de la fragilité sécuritaire. Selon M. Thompson, la sécurité est fragile car elle a négligé des relations de dépendance cruciales qui sont souvent défaillantes. Cette présentation proposera des exemples marquants issus de plusieurs secteurs (informatique, physique, météo et entreprise), et présentera les Cinq Lois de la fragilité sécuritaire.</s>
    <s>Comme annoncé préalablement, Sir Tim Berners-Lee prononcera l'allocution de clôture le jeudi 13 octobre. Dans son discours sur « la technologie web en pleine évolution et quelques défis sécuritaires qui l’entourent », Sir Tim Berners-Lee jettera un œil rétrospectif sur l’évolution de la technologie web et sur la manière dont elle est susceptible d’évoluer à l’avenir, notamment : les applications web, le web des données et les réseaux sociaux décentralisés. Il attirera aussi l’attention sur certaines choses qu’il souhaiterait obtenir du secteur de la sécurité en tant qu’utilisateur de systèmes informatiques connectés dans le monde d’aujourd'hui.</s>
    <s>Parmi les autres intervenants qui seront présents, mentionnons :</s>
    <s>Arthur W Coviello, Jr., Vice-Président exécutif d'EMC Corporation, et Président exécutif de RSA, la division sécurité d'EMC</s>
    <s>Thomas P. Heiser, Président de RSA, la division sécurité d'EMC</s>
    <s>Adrienne Hall, Directrice Générale, division Trustworthy Computing de Microsoft</s>
    <s>Sean Doherty, Vice-Président et Directeur technique, Enterprise Security Group, Symantec Corporation</s>
    <s>Philippe Courtot, Président-directeur général de Qualys, Inc.</s>
    <s>Ambika Gadre, Directrice principale, division Security Product Management, Cisco Systems</s>
    <s>« 2011 a vu une augmentation de la sophistication et des compétences des hackers ainsi que des menaces persistantes avancées (MPA) dans le monde. Notre programme 2011 s’attachera à traiter ces problèmes en évolution constante, en fournissant des informations tirées du monde réel sur les futures menaces, avec des séances pratiques et stratégiques », a déclaré Linda Lynch, Directrice du forum RSA Conference Europe.</s>
    <s>Pour en savoir plus à propos de la RSA Conference Europe 2011, veuillez consulter le site Internet de l'évènement : http://www.rsaconference.com/2011/europe/index.htm</s>
    <s>Les médias habilités peuvent s’inscrire pour obtenir un coupe-file gratuit pour la RSA Conference Europe sur le site :</s>
    <s>À propos du forum RSA Conference</s>
    <s>Le forum RSA Conference contribue à faire évoluer la recherche sur la sécurité dans le monde grâce aux événements annuels organisés aux États-Unis, en Europe et en Chine. Tout au long de ses presque 21 années d'histoire, le forum RSA Conference a constamment attiré l'élite de ce secteur et créé des occasions de s’informer sur les problématiques essentielles liées à la sécurité des informations, par le biais de contacts personnels et d’interactions en ligne avec des pairs, des sommités ainsi que des entreprises émergentes et établies. Alors que les professionnels de la sécurité informatique s'efforcent d’anticiper les menaces et les tendances en matière de sécurité, en évolution constante, ils se tournent vers la RSA Conference pour obtenir une vue à 360 degrés du secteur. L'objectif de la RSA Conference est de donner aux participants les connaissances nécessaires pour rester à l'avant-garde de la sécurité de l'information. D'autres informations concernant les événements, la programmation en ligne et les dernières actualités du secteur de la sécurité des informations sont disponibles sur le site www.rsaconference.com.</s>
    <s>Les logos RSA et RSA Conference sont des marques ou des marques déposées d'EMC Corporation aux États-Unis et/ou dans d'autres pays. Toutes les autres marques sont des marques commerciales appartenant à leurs propriétaires respectifs.</s>
    <s>Le texte du communiqué issu d’une traduction ne doit d’aucune manière être considéré comme officiel. La seule version du communiqué qui fasse foi est celle du communiqué dans sa langue d’origine. La traduction devra toujours être confrontée au texte source, qui fera jurisprudence.</s>
    <s>RSA Conference</s>
    <s>Andi Lustak, +44 20 81239946</s>
    <s>Recent Stories from RSA Conference</s>
    <s>Resumen: RSA® Conference Europe 2011 se inaugura hoy Londres</s>
    <s>October 11, 2011</s>
    <s>!Translations Available</s>
    <s>LONDRES--(BUSINESS WIRE)--Profesionales de la seguridad de la información y líderes empresariales de Europa y de todo el mundo se dan cita hoy en la inauguración de la 12ª edición anual de RSA® Con more »</s>
    <s>Samenvatting: RSA Conference Europe 2011 opent in Londen</s>
    <s>October 11, 2011</s>
    <s>!Translations Available</s>
    <s>LONDEN--(BUSINESS WIRE)--Professionals en bestuurders uit de informatieveiligheidssector vanuit heel Europa en de wereld komen vandaag bijeen op de opening van de 12de jaarlijkse RSA Conference Eur more »</s>
    <s>Riassunto: Al via oggi a Londra la RSA® Conference Europe 2011</s>
    <s>October 11, 2011</s>
    <s>!Translations Available</s>
    <s>LONDRA--(BUSINESS WIRE)--I professionisti della sicurezza delle informazioni e i leader aziendali di tutta Europa e del mondo si radunano oggi per l'apertura della 12esima edizione di RSA® Conferen more »</s>
    <s>More Stories</s>
    <s>Release Versions</s>
    <s>Spanish (Summary)</s>
    <s>Italian (Summary)</s>
    <s>EON: Enhanced Online News</s>
    <s>Company Information Center</s>
    <s>RSA Conference</s>
    <s>!Google Buzz</s>
    <s>!Google Bookmark</s>
    <s>All News</s>
    <s>Membership Benefits</s>
    <s>Submit a Press Release</s>
    <s>All News</s>
    <s>News with Multimedia</s>
    <s>News by Industry</s>
    <s>News by Subject</s>
    <s>News by Language</s>
    <s>RSS Feeds</s>
    <s>Business Wire Mobile</s>
    <s>Company NewsCenters</s>
    <s>Smart Marketing Pages</s>
    <s>Company Profiles</s>
    <s>Annual Reports</s>
    <s>Trade Shows &amp; Events</s>
    <s>Earnings &amp; Conference Calls</s>
    <s>Business Wire Events</s>
    <s>PR Services</s>
    <s>Press Release Distribution</s>
    <s>Distribution Lists</s>
    <s>Industry Targeting</s>
    <s>LatinoWire &amp; Ethnic Media</s>
    <s>Public Policy Wire</s>
    <s>Trade Show Services</s>
    <s>Photos &amp; Multimedia Marketing</s>
    <s>Press Release Measurement</s>
    <s>Mobile Alerts</s>
    <s>Clips &amp; Research</s>
    <s>Fax &amp; Email Services</s>
    <s>Online Newsrooms</s>
    <s>News Feeds</s>
    <s>IR Services</s>
    <s>Material News Disclosure</s>
    <s>EDGAR (US)</s>
    <s>IPO Services</s>
    <s>SEDAR (Canada)</s>
    <s>European Disclosure</s>
    <s>Corporate Social Responsibility (CSR)</s>
    <s>Investor Targeting</s>
    <s>Fax &amp; Email Services</s>
    <s>Online Investor Centers</s>
    <s>IR Resource Center</s>
    <s>SEO Services</s>
    <s>Press Release Optimization</s>
    <s>EON: Enhanced Online News</s>
    <s>Webinars &amp; Resources</s>
    <s>Journalist Tools</s>
    <s>PressPass: Your News</s>
    <s>Conduct Surveys</s>
    <s>Business Wire News Feeds</s>
    <s>Business Wire News On Your Website</s>
    <s>Journalism Associations</s>
    <s>Support &amp; Education</s>
    <s>How to Write a Press Release</s>
    <s>How To Optimize a Press Release for Search</s>
    <s>How to Distribute a Press Release</s>
    <s>Find Your News Online</s>
    <s>Sample Press Release</s>
    <s>Features News Tips</s>
    <s>International Media Tips</s>
    <s>SEC Regulations</s>
    <s>Exchange Guidelines</s>
    <s>White Papers</s>
    <s>Webinars &amp; Podcasts</s>
    <s>Get WiredIn!</s>
    <s>About Us</s>
    <s>Business Wire Newsroom</s>
    <s>Contact Us</s>
    <s>50 Years of Innovation</s>
    <s>About Us</s>
    <s>Contact Us</s>
    <s>Site Map</s>
    <s>Privacy Statement</s>
    <s>Terms of Use</s>
    <s>(C)2011 Business Wire</s>
    <s>!More Business Wire sites</s>
    <s>EON: Enhanced Online News</s>
    <s>!About Us</s>
    <s>Business Wire Newsroom</s>
    <s>Contact Us</s>
    <s>Business Wired blog</s>
    <s>!News on BusinessWire.com</s>
    <s>All News</s>
    <s>RSS Feeds</s>
    <s>Business Wire Mobile Apps</s>
    <s>!Follow Us on Twitter</s>
    <s>@BW Canada</s>
    <s>!Like Us on Facebook</s>
    <s>Business Wire</s>
    <s>Tradeshow News</s>
  </text>
</page>
