<?xml version="1.0" encoding="UTF-8"?>
<!DOCTYPE page SYSTEM "page.dtd">
<page>
  <lang>fr</lang>
  <url>http://www.watradehub.com/fr/activites/tradewinds/may11/une-conference-sur-le-karite-met-les-personnes-la-planete-et-le-profit-en</url>
  <title>UNE CONFERENCE SUR LE KARITE MET LES PERSONNES, LA ...</title>
  <snippet>
    <s>19 mai 2011 UNE CONFERENCE SUR LE KARITE MET LES PERSONNES, LA Donald Teitelbaum, à gauche, discute avec le Vice-président, John </s>
  </snippet>
  <text>
    <s>Environnement Compétitif</s>
    <s>Accès aux financements</s>
    <s>Les entreprises</s>
    <s>L'environnement commercial</s>
    <s>Les infrastructures de transport</s>
    <s>Poisson et fruits de mer</s>
    <s>Décoration d'intérieur et accessoires</s>
    <s>Produits alimentaires spécialisés</s>
    <s>Tout sur nous</s>
    <s>UNE CONFERENCE SUR LE KARITE MET LES PERSONNES, LA PLANETE ET LE PROFIT EN VEDETTE AVEC LE LANCEMENT OFFICIEL DE L’ALLIANCE MONDIALE DU KARITE</s>
    <s>Thursday, May 19 2011</s>
    <s>Joe Lamport et Lauren Siegel</s>
    <s>Du lancement de la nouvelle Alliance mondiale du karité à la greffe des arbres de karité en passant par un forum inter entreprises, « Karité 2011 : Solutions durables » a mis en relation des centaines d'acteurs de la filière du karité de l'Afrique de l'Ouest et du monde entier et leur a permis d'avoir accès aux informations dont ils ont besoin pour développer le secteur.</s>
    <s>You are missing some Flash content that should appear herePerhaps your browser cannot display it, or maybe it did not initialize correctly.</s>
    <s>!L&amp;rsquo;Ambassadeur des États-Unis, Donald Teitelbaum, à gauche, discute avec le Vice-</s>
    <s>L&amp;rsquo;Ambassadeur des États-Unis, Donald Teitelbaum, à gauche, discute avec le Vice-président, John Mahama et la Directrice du Centre pour le Commerce de l&amp;rsquo;USAID, Vanessa Adams lors de Karité 2011.</s>
    <s>« Il existe un triple résultat net et de nombreux domaines peuvent rapporter gros, » a déclaré l'Ambassadeur américain, Donald Teitelbaum, en parlant des personnes, de la planète et du profit - les piliers d'un secteur durable du karité. « Le secteur du karité est une affaire intéressante et rentable, c'est déjà un secteur favorable à toutes les parties. »</s>
    <s>« Mais le secteur est gagnant à d'autres égards » a t-il poursuivi. « Il génère des revenus pour les femmes rurales pauvres et assure une protection de l'environnement parce que des milliards de tonnes de carbone seront stockés en toute sécurité dans les arbres. »</s>
    <s>Le Vice-président du Ghana, John Mahama, a officiellement ouvert la manifestation en compagnie de l'Ambassadeur américain, Donald Teitelbaum. Il a félicité les acteurs de la filière de s'être rassemblés pour développer le secteur.</s>
    <s>Le karité met en relation des millions de personnes - au moins 4 millions de femmes en Afrique de l'Ouest qui ramassent et/ou transforment les noix de karité en beurre de karité à des centaines de millions de consommateurs sur les marchés internationaux. L'utilisation du karité dans les bonbons au chocolat, y compris dans les marques les plus populaires de barres chocolatées aux États-Unis et en Europe, signifie qu'un grand nombre de personnes en consomme pratiquement chaque jour.</s>
    <s>!Eugenia Akuete (au centre) est la première présidente de l&amp;rsquo;Alliance mondiale du</s>
    <s>Eugenia Akuete (au centre) est la première présidente de l&amp;rsquo;Alliance mondiale du karité. De gauche à droite, Santosh Pillai de Wilmar, Zainab Ibrahim Kuchi de Daralkuchi Group au Nigeria, Mamounata Velegda de la Fédération nationale du karité du Burkina Faso, Akuete, Mamtou Djiré de la Fédération nationale du karité du Mali (co-Vice-président), Kadijatou Lah de la société de commercialisation du karité Lawal International au Mali et Peter Stedman de The Body Shop (co-Vice-président).</s>
    <s>Avec le lancement officiel de l'Alliance mondiale du karité (GSA) lors de Karité 2011, l'objectif du Secrétariat du GSA, qui est abrité par le Centre pour le Commerce de l'USAID et dirigé par un comité exécutif de sept personnes, composé d'une majorité de femmes, élu, par 100 membres cotisants représentant les principaux acteurs du secteur lors de la conférence, est de relier les personnes tout au long de la chaîne de valeur.</s>
    <s>« La formation de l'alliance est l'aboutissement d'un travail colossal » a affirmé la Directrice du Centre pour le Commerce de l'USAID, Vanessa Adams, qui a également dirigé l'équipe qui a contribué au lancement de l'Alliance pour la promotion de la noix de cajou en 2006. « Elle implique les principaux acteurs du secteur, l'Alliance représente un point de vue multinational ainsi que des organisations de base, des exportateurs en passant par des commerçants - tous ceux qui sont engagés dans la filière du karité sont impliqués. »</s>
    <s>« Chacun a un rôle à jouer et une raison de s'assurer que l'alliance valorise le secteur. C'est là l'objectif. »</s>
    <s>« Pour moi, l'Alliance du karité se résume à valoriser davantage la filière, particulièrement sur le continent africain » a déclaré Funlayo Alabi de Shea Radiance.</s>
    <s>You are missing some Flash content that should appear herePerhaps your browser cannot display it, or maybe it did not initialize correctly.</s>
    <s>La conférence était précédée d'une formation de deux jours fournie par des spécialistes de toute la chaîne de valeur. Les plus de 250 parties prenantes en provenance du Bénin, du Burkina Faso, de la Côte d'Ivoire, du Ghana, de la Guinée, du Mali, du Niger, du Nigeria, du Sénégal, du Sud Soudan, du Togo et de l'Ouganda ont appris comment fabriquer des produits de beauté naturels, développer et publier un site Web, préparer une demande bancable de prêt auprès d'une banque commerciale et d'autres institutions financières et réduire les coûts logistiques et d'expédition.</s>
    <s>!Joseph Hunwick, à gauche, dirige un atelier consacré à la formulation de produit</s>
    <s>Joseph Hunwick, à gauche, dirige un atelier consacré à la formulation de produits de beauté.</s>
    <s>« Je m'attendais à un groupe de 30 personnes et il y en a eu plus de 100 » a déclaré Joseph Hunwick, un spécialiste des formules de fabrication de produits de beauté naturels dont les ateliers ont montré aux participants comment créer des produits de beauté naturels.</s>
    <s>« Ajouter de la valeur au beurre de karité brut en créant des émulsions, des lotions et d'autres produits de soins de la peau fournit une vaste gamme d'options » a affirmé M. Alabi de Shea Radiance, qui a participé aux ateliers. Les producteurs africains peuvent maintenant fabriquer des produits de beauté de qualité supérieure pour le marché local et international. »</s>
    <s>Le changement climatique mondial a réorienté les efforts de l'humanité pour s'assurer que les activités humaines ne contribuent pas à des niveaux élevés de dioxyde de carbone dans l'atmosphère - mais préserve et fait la promotion d'un environnement qui retient le carbone - les soi-disant « puits de carbone. » Les arbres de karité sont un parfait exemple d'une grande victoire des deux côtés.</s>
    <s>You are missing some Flash content that should appear herePerhaps your browser cannot display it, or maybe it did not initialize correctly.</s>
    <s>Lors de Karité 2011, un atelier consacré aux techniques de greffe des arbres a montré aux participants comment introduire les qualités d'un arbre arrivé à maturité dans une jeune plante, une technique éprouvée courante dans la culture du manguier. Le greffage des manguiers a contribué à produire de plus gros fruits, réduit le temps nécessaire pour qu'un arbre arrive à maturité et permis d'augmenter les variétés et les parfums disponibles en Afrique de l'Ouest.</s>
    <s>« Certains pensent que les arbres de karité ne poussent qu'à l'état sauvage » a expliqué le Dr Lovett. « Mais ils sont en réalité dans des espaces verts que les populations gèrent depuis des millénaires. Doter les acteurs locaux de compétences nécessaires pour greffer les arbres permettra non seulement de valoriser tout le secteur du karité mais également de le protéger et d'en faire la promotion. »</s>
    <s>!Le greffage du karité lors de Karité 2011 : Solutions durables.</s>
    <s>Le greffage du karité lors de Karité 2011 : Solutions durables.</s>
    <s>La culture du karité permet également de lutter contre la désertification, ce qui permet de maintenir la fertilité du sol au Sahel - et de protéger et de favoriser la sécurité alimentaire pour des millions de personnes.</s>
    <s>Les deux entreprises ne s'étaient pas rencontrées face à face avant le forum inter entreprises organisé lors de Karité 2011. Mais une fois assis - au milieu du bruit provenant des rencontres similaires organisées par les équipes du Centre pour le Commerce de l'USAID spécialisées dans le karité et l'établissement de liens avec les marchés - des affaires étaient bientôt conclues. Le marché permettra de fournir plus de 100 tonnes de beurre de karité non raffiné à un acheteur aux États-Unis - et de générer des emplois et des revenus en Afrique de l'Ouest.</s>
    <s>Les experts, lors de la conférence, ont reconnu que le karité avait un énorme potentiel. Dans l'industrie alimentaire, la demande mondiale de chocolat continue à augmenter d'environ 3% par an a noté Robert Simmons de LMC International, une importante organisation de surveillance du marché.</s>
    <s>Alors que la consommation de chocolat a augmenté, les prix du beurre de karité ont par contre chuté a-t-il expliqué aux participants - parce que les chocolatiers utilisent plus de poudre de cacao et moins de beurre de cacao pour fabriquer leurs produits a-t-il affirmé.</s>
    <s>Les parties prenantes ont convenu que l'objectif stratégique de l'Alliance mondiale du karité d'établir des normes de qualité peut contribuer à garantir que les femmes qui ramassent les noix de karité obtiennent une plus grosse part des bénéfices, ce qui aurait un impact considérable sur les moyens d'existence en Afrique de l'Ouest comme l'a montré une étude réalisée en 2010 par le Centre pour le Commerce de l'USAID.</s>
    <s>L'étude a montré qu'une augmentation de 1 000 dollars des ventes de karité dans les villages permettait d'ajouter 1 580 dollars à l'économie locale - et permettrait d'améliorer considérablement les moyens d'existence. L'étude complète est disponible iciLIEN</s>
    <s>L'impact est encore plus important étant donné que le karité est une affaire de femmes en Afrique de l'Ouest. Plus de 4 millions de femmes participent chaque jour au ramassage des noix et/ou à leur transformation en beurre de karité pour l'exportation. Elles vivent dans les communautés rurales où la pauvreté est plus grande et où les cultures de rente contribuent considérablement à l'économie familiale.</s>
    <s>« Je vois le long de la chaîne de valeur des toitures en morceaux transformées en toitures en tôle ondulé, je vois des cases se transformer en murs en béton parce que le karité peut sincèrement avoir un impact majeur à la base » a noté Zainab Ibrahim Kuchi, présidente de Daralkuchi Group of Companies au Nigeria et membre nouvellement élu du comité exécutif de l'Alliance mondiale du karité.</s>
    <s>« Au Burkina Faso, au Ghana et au Mali, les femmes de ces milieux ruraux appellent le karité « travail pour payer les frais de scolarité » » a affirmé Eugenia Akuete, Présidente de la GSA et fondatrice/directrice générale de Nassakle au Ghana.</s>
    <s>« Les femmes utilisent les revenus qu'elles retirent du karité pour envoyer leurs enfants à l'école - il est également en train de promouvoir l'éducation surtout des filles. »</s>
    <s>!Stakeholders from across the industry sponsored Shea 2011: Sustainable Solutions</s>
    <s>Stakeholders from across the industry sponsored Shea 2011: Sustainable Solutions</s>
    <s>No comments</s>
    <s>Add your comment</s>
    <s>Your name : *</s>
    <s>E-mail : *</s>
    <s>The content of this field is kept private and will not be shown publicly.</s>
    <s>Commentaire : *</s>
    <s>By submitting this form, you accept the Mollom privacy policy.</s>
    <s>More from May 2011</s>
    <s>Énorme impact du fonio, une petite céréale, grâce au succès du financement</s>
    <s>LE DEVELOPPEMENT D’UN COMMERCE DURABLE, UNE PRIORITE DES EFFORTS CONSENTIS PAR LE CENTRE POUR LE COMMERCE DE L’USAID AU COURS DU SECOND TRIMESTRE</s>
    <s>UNE CONFERENCE SUR LE KARITE MET LES PERSONNES, LA PLANETE ET LE PROFIT EN VEDETTE AVEC LE LANCEMENT OFFICIEL DE L’ALLIANCE MONDIALE DU KARITE</s>
    <s>LES PARTIES PRENANTES ESPERENT STIMULER LE COMMERCE ET LES INVESTISSEMENTS LORS DU PROCHAIN FORUM DE L’AGOA</s>
    <s>QUOI DE NEUF AU CENTRE POUR LE COMMERCE</s>
    <s>Page d'accueil de Tradewinds</s>
    <s>Get Tradewinds delivered to you!</s>
    <s>Recevez votre Tradewinds par courriel : *</s>
    <s>Lisez Tradewinds via RSS</s>
    <s>Access to Finance Links</s>
    <s>Trade Finance 2009 Conference</s>
    <s>Non-traditional Sectors Investment Guide</s>
    <s>Finance Export Guide</s>
    <s>ICT Links</s>
    <s>eBizBox II package</s>
    <s>Technology for Exporters 2010 conference</s>
    <s>Global Information Technology Report 2010-11</s>
    <s>Shea Links</s>
    <s>Exporters' Directory</s>
    <s>Global Shea</s>
    <s>Register for Shea 2011</s>
    <s>Rapports sur les tracasseries routières de l'Afrique de l'Ouest</s>
    <s>15ème USAID/UEMOA Rapport (1ère trimestre 2011)</s>
    <s>14ème USAID/UEMOA Rapport (4ème trimestre 2010)</s>
    <s>13ème USAID/UEMOA Rapport (3ème trimestre 2010)</s>
    <s>12ème USAID/UEMOA Rapport (2ème trimestre 2010)</s>
    <s>11ème USAID/UEMOA Rapport (1ère trimestre 2010)</s>
    <s>10ème USAID/UEMOA Rapport (4ème trimestre 2009)</s>
    <s>9ème USAID/UEMOA Report (3ème trimestre 2009)</s>
    <s>8ème USAID/UEMOA Rapport (2ème trimestre 2009)</s>
    <s>7ème USAID/UEMOA Rapport (1ère trimestre 2009)</s>
    <s>6ème USAID/UEMOA Rapport (4ème trimestre 2008)</s>
    <s>5ème USAID/UEMOA Rapport (3ème trimestre 2008)</s>
    <s>4ème USAID/UEMOA Rapport (1ère semestre 2008)</s>
    <s>3ème USAID/UEMOA Rapport (4ème trimestre 2007)</s>
    <s>2ème USAID/UEMOA Rapport (2ème- 3ème trimestre 2007)</s>
    <s>1ère USAID/UEMOA Rapport (1ère trimestre 2007)</s>
    <s>Rapports conjoints sur les tracasseries routières</s>
    <s>2ème Trade Hub / ATP / ALCO Rapport conjoint sur les tracasseries routières (Sep. 2010)</s>
    <s>Rapport conjoint régional sur le harcèlement sur les routes (Mar. 2010)</s>
    <s>Études sur le transport</s>
    <s>Le transport routier vers les pays enclaves de l'Afrique de l'Ouest (Sep 2010) - Structure et fonctionnement du marché</s>
    <s>Mise en application du contrôle de la charge à l'essieu dans les pays membres de l'UEMOA</s>
    <s>Coûts du transport et de la logistique sur le corridor Tema-Ouagadougou (Apr. 2010)</s>
    <s>Autres publications</s>
    <s>Le Guide du Conducteur Routier au Ghana (août 2010)</s>
    <s>Documents Requis sur les Axes Inter-Etats pour un Conducteur Burkinabe</s>
    <s>Documents Requis sur les Axes Inter-Etats pour un Conducteur Togolais</s>
    <s>Documents Requis sur les Axes Inter-Etats pour un Conducteur Malien</s>
    <s>Transport Links</s>
    <s>Sub-Saharan Transport and Trade Legal Instruments</s>
    <s>More from May 2011</s>
    <s>Énorme impact du fonio, une petite céréale, gr </s>
    <s>LE DEVELOPPEMENT D’UN COMMERCE DURABLE, UNE PR </s>
    <s>UNE CONFERENCE SUR LE KARITE MET LES PERSONNES </s>
    <s>LES PARTIES PRENANTES ESPERENT STIMULER LE COM </s>
    <s>QUOI DE NEUF AU CENTRE POUR LE COMMERCE</s>
    <s>Page d'accueil de Tradewinds</s>
    <s>Filter all content by…</s>
    <s>Burkina Faso</s>
    <s>Cape Verde</s>
    <s>Cote d'Ivoire</s>
    <s>Equatorial Guinea</s>
    <s>Guinea Bissau</s>
    <s>Sao Tome &amp; Principe</s>
    <s>Sierra Leone</s>
    <s>The Gambia</s>
    <s>Fish &amp; Seafood</s>
    <s>Home Decor &amp; Fashion Accessories</s>
    <s>Specialty Foods</s>
    <s>Business environment</s>
    <s>Reduced Road Transport Costs</s>
    <s>Transport Governance</s>
    <s>USAID West Africa Trade Hub</s>
    <s>Jubilee House, 4th Street</s>
    <s>Kuku Hill, Osu</s>
    <s>Accra, Ghana</s>
    <s>Tel: +233 30 2773 393 / 2762 696</s>
    <s>Fax: +233 30 2782 231</s>
    <s>Dakar Office</s>
    <s>Villa No. 7, Les Mamelles</s>
    <s>Dakar, Senegal</s>
    <s>Tel: +221 869 1415</s>
    <s>Fax: +221 860 3892</s>
    <s>US Office c/o CARANA Corporation</s>
    <s>4350 N. Fairfax Drive, Suite 900</s>
    <s>Arlington, VA 22203 U.S.A.</s>
    <s>Tel: +1 703 243 1700</s>
    <s>Fax: +1 703 243 0471</s>
    <s>Disclaimer: The information provided on this Web site is not official U.S. Government information and does not represent the views or positions of the U.S. Agency for International Development or the U.S. Government.</s>
    <s>Privacy policy</s>
    <s>(C) 2003 - 2011 West Africa Trade Hub</s>
  </text>
</page>
