<?xml version="1.0" encoding="UTF-8"?>
<!DOCTYPE page SYSTEM "page.dtd">
<page>
  <lang>fr</lang>
  <url>http://www.top-conferences.com/formations-pour-orateurs-conf%25C3%25A9renciers/</url>
  <title>Formations pour orateurs &amp; conférenciers - Rechercher une ...</title>
  <snippet>
    <s>Durée : 2 jours - Nombre de participants / session : 8; Savoir négocier ses honoraires en qualité de conférencier professionnel. Durée : 3 jours - Nombre de </s>
  </snippet>
  <text>
    <s>Top Conférences Engagez un Conférencier Professionnel pour vos événements</s>
    <s>Qui sommes nous</s>
    <s>Les thématiques</s>
    <s>Organisateurs de conférences</s>
    <s>Formations pour orateurs &amp; conférenciers</s>
    <s>Livres &amp; Ouvrages</s>
    <s>Ateliers professionnels</s>
    <s>Articles des Experts</s>
    <s>page d'accès réservé</s>
    <s>Conférenciers Professionnels</s>
    <s>Conférenciers professionnels ou en devenir, vous cherchez à optimiser vos compétences ?</s>
    <s>Nous vous proposons plusieurs formations :</s>
    <s>Savoir prendre la parole en public (cette formation est destinée à des conférenciers débutants ou occasionnels). Durée : 2 journées - Nombre de participants / session : 6</s>
    <s>Executive Speech training ou comment devenir un conférencier professionnel de talent (cette formation est destinée à des conférenciers professionnels confirmés). Durée : 3 jours - Nombre de participants par session : 5</s>
    <s>Savoir &quot;se vendre comme un produit&quot; en qualité de conférencier professionnel auprès des organisateurs de conférences. Durée : 2 jours - Nombre de participants / session : 8</s>
    <s>Savoir négocier ses honoraires en qualité de conférencier professionnel. Durée : 3 jours - Nombre de participants / session : 8</s>
    <s>Executive speech coaching : 6 séances de coaching personnel de 3 heures avec un conférencier professionnel reconnu</s>
    <s>Nous sommes membres de l'Association Internationale des Conférenciers Professionnels</s>
    <s>Pour obtenir des renseignements et un programme détaillé sur une des formations ci-dessus, merci de nous adresser un mail avec votre demande</s>
    <s>Mentions légales | Charte de confidentialité | | Plan du site</s>
    <s>Tous droits réservés : FORMATION-NEGOCIATION.COM - 16, rue de la Comète - 75007 PARIS - Tél. : +33(0)971 222 971</s>
    <s>Déconnexion Jimdo | Modifier</s>
  </text>
</page>
