<?xml version="1.0" encoding="UTF-8"?>
<!DOCTYPE page SYSTEM "page.dtd">
<page>
  <lang>fr</lang>
  <url>http://fr.wikipedia.org/wiki/Interpr%25C3%25A9tation_de_conf%25C3%25A9rence</url>
  <title>Interprétation de conférence - Wikipédia</title>
  <snippet>
    <s>Cet article est une ébauche concernant la linguistique. le contexte de l&#39; échange : interprétation de conférence, dans un tribunal, de liaison, sociale, etc. . Créatrice, interprète, auteur d&#39;ouvrages sur la profession, elle a œuvré sans relâche </s>
  </snippet>
  <text>
    <s>Interprétation de conférence</s>
    <s>Un article de Wikipédia, l'encyclopédie libre.</s>
    <s>Aller à : Navigation, rechercher</s>
    <s>Pour les articles homonymes, voir Interprétation.</s>
    <s>Cet article est une ébauche concernant la linguistique.</s>
    <s>Vous pouvez partager vos connaissances en l’améliorant (comment ?) selon les recommandations des projets correspondants.</s>
    <s>Cet article doit être wikifié (juin 2010).</s>
    <s>Le texte ne correspond pas à la mise en forme Wikipédia (style de Wikipédia, typographie, liens internes, lien entre les wikis, etc.). Téléchargez le guide de syntaxe et modifiez !</s>
    <s>L’interprétation permet à des personnes ne parlant pas la même langue de communiquer. Cette activité s’exerce de différentes manières selon le contexte de l’échange : interprétation de conférence, dans un tribunal, de liaison, sociale, etc.</s>
    <s>L'interprète assure la restitution aussi fidèle que possible des interventions dans les différentes langues. Il doit faire preuve de souplesse, de capacité d'analyse et d'une parfaite maîtrise des langues concernées.</s>
    <s>Les connaissances linguistiques ne sont que la partie visible de l'iceberg. Dans tout discours, une grande partie du message n'est pas énoncé mais demeure implicite. L'interprète doit compléter le puzzle en s'appuyant sur une solide culture générale et en insérant çà et là les pièces spécifiques du sujet abordé. Plus importante encore est la capacité à saisir l'intention de l'orateur au-delà des simples mots. Dans un environnement multilingue, cela exige une connaissance intime non seulement des langues, mais des cultures représentées ainsi que de leurs différences. Dans une réunion multilingue, les interprètes œuvrent ainsi pour qu’elle se déroule comme si chacun parlait la même langue.</s>
    <s>Même si elle s'exerce dans des conditions normales, la tâche de l'interprète est exigeante et ardue. Si l'on y ajoute les arcanes de la matière traitée, les textes débités à des vitesses impossibles, les discours d'orateurs étrangers à la syntaxe approximative, on obtient en effet l'équivalent intellectuel de la haute voltige, sans filet de sécurité. On en arrive même à une situation invraisemblable que Claude Piron, ancien traducteur à l'OMS, raconte dans Le Défi des langues : quand dans une réunion internationale un délégué asiatique s'exprime en anglais, on entend de petits cliquetis qui indiquent que les délégués anglophones se branchent sur l'interprétation française, espérant comprendre ainsi quelque chose, la prononciation de l'orateur le rendant inintelligible. En fait, constate Claude Piron, ils prêtent à l'interprète des capacités surhumaines car il arrive que celui-ci ne comprenne pas mieux, si bien qu'il en est réduit à imaginer plus ou moins ce que raconte celui qu'il doit interpréter.</s>
    <s>La tâche de l'interprète est en outre rendue encore plus difficile par les problèmes techniques comme les microphones accrochés autour du cou de l'orateur et qui viennent frapper son épingle de cravate, le micro ouvert posé sur la table à côté du ventilateur d'un projecteur, les coups portés par l'orateur sur le micro de table pour appuyer ses dires ou le frottement de papiers devant le micro, etc. La liste est sans fin.</s>
    <s>Certains confondent souvent traduction (écrite) et interprétation (orale). Ces deux activités sont très proches car elles impliquent compréhension de la langue et de sa signification sous-jacente, nécessitant dans les deux cas de ne pas limiter le texte (oral ou écrit) à son sens littéral, mais de conserver fidèlement les sens cachés. Traduction écrite et interprétation orale divergent cependant quant à leur méthode. La traduction consiste à transférer des idées exprimées par écrit d’une langue dans l’autre. À la différence des traducteurs, les interprètes travaillent sur des messages fugitifs qu'ils doivent restituer quasi instantanément, avec peu de temps pour la réflexion et la recherche de style (voir faux-amis).</s>
    <s>1 Modes d'interprétation</s>
    <s>2 Contextes et langues de travail</s>
    <s>3 L’interprétation dans les institutions européennes</s>
    <s>4 Association internationale des interprètes de conférence (AIIC)</s>
    <s>5 Historique / interprètes célèbres</s>
    <s>6 Compléments</s>
    <s>6.1 Liens externes</s>
    <s>[modifier] Modes d'interprétation</s>
    <s>Dans le cas de l'interprétation consécutive, l'interprète reproduit l'intégralité du discours une fois l'intervention terminée, en se servant éventuellement de notes simples, souvent des symboles (type pictogramme) si possible détachés d'un système linguistique. En raison des contraintes de temps, il est rare que cette technique soit utilisée lorsqu'il y a plus de deux langues actives.</s>
    <s>Dans le cas de l'interprétation simultanée, l'interprète, installé dans une cabine spécialement équipée d’une console avec microphone et d’écouteurs, suit l'énoncé du discours et traduit au fur et à mesure de l'intervention. Certaines combinaisons linguistiques sont plus difficles à traduire que d'autres. Par exemple, de l'allemand vers le français, car l'information essentielle pour commencer une phrase ne vient souvent qu'à la fin (verbe, négation etc.) ce qui fait qu'il faut parler avec une phrase entière de décalage par rapport à l'original, ce qui n'est pas obligatoirement le cas entre deux langues romanes. Du fait de l'intense niveau de concentration requis, les interprètes travaillent à deux et se relaient toutes les 20-30 minutes. Une bonne équipe se partagera le travail, l'interprète en pause préparant par exemple les documents traités en séance pour son collègue.</s>
    <s>Le chuchotage est une variante de l'interprétation simultanée. L'interprète suit les interventions en salle et traduit en chuchotant à l'oreille de son ou sa délégué(e). L’interprétation en langue des signes est utilisée pour la communication entre sourds et entendants. Elle se fait en simultanée ou en consécutive.</s>
    <s>L'interprétation « de liaison » se caractérise par son cadre informel (réunions de travail, visites ). L'interprète travaille la plupart du temps sans prendre de notes, en mémorisant de courts passages et en les restituant dans la langue d'arrivée.</s>
    <s>[modifier] Contextes et langues de travail</s>
    <s>Lors d'une réunion, les participants peuvent s'exprimer dans l'une des langues passives, à partir desquelles l'interprétation est assurée. Ils peuvent aussi suivre les débats dans une ou plusieurs langues actives, à savoir les langues vers lesquelles l'interprétation est prévue. Lorsque le nombre de langues passives est différent de celui des langues actives on parle de couverture linguistique asymétrique (les participants peuvent parler un grand nombre de langues mais l'interprétation n'est assurée que vers quelques langues).</s>
    <s>Les réunions ont lieu dans la quasi-totalité des cas dans des salles équipées de cabines d'interprétation simultanée. Les interprètes y travaillent par équipes de deux interprètes minimum par langue active, ou de trois dans une réunion comptant au moins six langues passives. En règle générale, les interprètes traduisent à partir d'au moins trois langues passives vers leur langue maternelle. Dans certains cas, ils assurent aussi une interprétation bi-active ou « retour » à partir de leur propre langue vers une autre langue (de A vers B et de B vers A).</s>
    <s>Lorsque l’interprétation n’est pas possible en direct, on a recours au relais, c’est-à-dire à l’interprétation par l'intermédiaire d'une troisième langue : la langue A est d'abord interprétée vers une langue B (la langue-pivot), puis vers une langue C par des interprètes travaillant à partir de la langue B.</s>
    <s>[modifier] L’interprétation dans les institutions européennes</s>
    <s>Depuis le 1er janvier 2007, les langues de travail de l’Union européenne sont au nombre de 23 : français, allemand, anglais, danois, espagnol, estonien, finnois, grec, hongrois, italien, letton, lituanien, maltais, néerlandais, polonais, portugais, slovaque, slovène, suédois, tchèque et les trois nouvelles langues: l'irlandais le bulgare et le roumain.</s>
    <s>En effet, les langues sont au cœur de la communication internationale. La possibilité d’exprimer exactement ce que l’on souhaite dans sa langue maternelle, de comprendre parfaitement ce que disent les autres, est un droit fondamental. Donner à chaque participant autour de la table la possibilité de s'exprimer dans sa propre langue est une exigence fondamentale de la légitimité démocratique de l'Union européenne. Dans de nombreux cas, les actes juridiques résultant des discussions auront un effet immédiat et direct sur la vie des citoyens. Il ne doit y avoir aucun obstacle à la compréhension et à l'expression d'idées lors des réunions. Les citoyens d'Europe ne doivent pas être représentés à Bruxelles par leurs meilleurs linguistes: ils doivent pouvoir envoyer leurs meilleurs experts.</s>
    <s>La Direction Générale de l'Interprétation (aussi connue comme SCIC – Service Commun Interprétation-Conférences) est le plus grand service d'interprétation du monde. Il assure l'interprétation pour plus de 11 000 réunions par an. Comme son nom l'indique, c'est un service commun qui assure une interprétation de qualité élevée, à Bruxelles et ailleurs dans le monde, pour la Commission européenne, le Conseil de l'Union européenne (officieusement appelé « Conseil de ministres »), le Comité économique et social, le Comité des régions, la Banque européenne d'investissement et d'autres organes de l'Union européenne.</s>
    <s>La DG Interprétation permet une communication multilingue entre intervenants, ce qui est au cœur du processus décisionnel de la Communauté. Quant aux textes écrits, le service de traduction de la Commission européenne en assure la traduction officielle. Ainsi, la DG interprétation met à disposition des interprètes pour une cinquantaine de réunions par jour. Les régimes linguistiques de ces réunions varient considérablement. Cela va de l'interprétation consécutive à deux langues, qui requiert la présence d'un interprète, à l'interprétation simultanée vingt vers vingt.</s>
    <s>Au Parlement européen, la Direction de l'Interprétation assure toutes ses réunions : séances plénières à Strasbourg ou à Bruxelles, commissions parlementaires et groupes politiques à Bruxelles et dans d'autres villes européennes et délégations parlementaires pour les relations avec les pays tiers. Elle recrute également des interprètes pour la Cour des Comptes et les services de la Commission européenne installés à Luxembourg, siège du secrétariat du Parlement Européen.</s>
    <s>À la Cour de justice, dont le siège est à Luxembourg, la Direction de l'interprétation assure l'interprétation des audiences devant les trois juridictions (Cour de justice, Tribunal de première instance et Tribunal de la Fonction Publique) ainsi que des autres réunions (séminaires pour magistrats, visites d'information ou protocolaires).</s>
    <s>La DG Interprétation et les services d'interprétation du Parlement européen et de la Cour de justice sont responsables de la communication multilingue dans les réunions, principalement par l'interprétation simultanée, pour un coût total d'environ un demi-euro par an par citoyen européen. La DG Interprétation coûte au contribuable 0,28 euros par citoyen par an.</s>
    <s>[modifier] Association internationale des interprètes de conférence (AIIC)</s>
    <s>De nombreux interprètes indépendants et fonctionnaires sont membres de l’Association Internationale des Interprètes de Conférence. L’AIIC fut fondée le 11 novembre 1953, à l'instigation de Constantin Andronikof, chef interprète de l'OECE (ancêtre de l'OCDE), André Kaminker (premier président), alors chef interprète du Conseil de l'Europe, et Hans Jacob, chef interprète de l'UNESCO. leur vision est la suivante : - L'AIIC devait définir la profession, en être la référence. - L'AIIC avait une vocation mondiale, mais tous ses membres devaient adhérer directement et individuellement: il ne s'agissait pas d'une fédération d'organismes nationaux. (On comprend dés lors la très grande prudence de l'AIIC en matière de reconnaissance nationale de la profession). C'était un choix original: peu de professions étaient organisées de la sorte - on parlait alors des psychanalystes et de IATA - L'AIIC devait réunir les free-lances et les permanents: ils font le même métier, qu'ils soient payés au mois ou à la journée. - Il est naturel qu'il y ait de la concurrence entre interprètes, mais elle doit être fondée sur la qualité, non sur le prix. - A la question «l'AIIC est-elle un ordre ou un syndicat?» la réponse fut d'emblée «les deux, mon colonel: l'AIIC est à la fois un ordre et un syndicat». Autre originalité.</s>
    <s>Le 9 novembre 1968, la toute première délégation de l’AIIC (qui couvrait alors trois secteurs intergouvernementaux) auprès de l'ONU était composée de Christopher Thiéry (qui sera plus tard l'interoprète privilégié de François Mitterrand), Irène Testot-Ferry, Zoran Seleskovitch, Elisabeth Meister et Marguerite Engelhorn.</s>
    <s>Elle rassemble aujourd'hui plus de 2 600 interprètes de conférence professionnels établis dans plus de 80 pays. L’association a pour but de représenter l’ensemble de la profession.</s>
    <s>L’AIIC fixe des normes exigeantes.</s>
    <s>Association Internationale des Interprètes de Conférence - AIIC Région France</s>
    <s>[modifier] Historique / interprètes célèbres</s>
    <s>Des exemples historiques tels que la Résolution 242 du Conseil de sécurité des Nations unies et la Dépêche d'Ems montrent l'importance de l'interprétation.</s>
    <s>Vu sa place privilégiée, l'interprète placé à un haut niveau de décision politique peut être tenté d'influer sur le cours de l'Histoire. Ce fut le cas d'interprètes devenus célèbres comme la Malinche qui servit d'interprète entre Moctezuma II et Hernan Cortés (voir héroïne ou traîtresse ? (en)). Il faut citer également Melchorejo son prédécesseur.</s>
    <s>Ce ne fut cependant pas le cas de Paul-Otto Schmidt, ancien interprète de Adolf Hitler devenu plus tard directeur de l’institut d’interprètes munichois SDI (Sprachen- und Dolmetscherinstitut).</s>
    <s>Bien plus récemment, Danica Seleskovitch, qui a &quot;fait&quot; l'Ecole supérieure d'Interprètes et de Traducteurs de Paris (ESIT), lui donnant ses lettres de noblesse, sa réputation, et ses émules. Créatrice, interprète, auteur d'ouvrages sur la profession, elle a œuvré sans relâche pour valoriser ce métier, obtenant des fonds pour accueillir des étudiants du monde entier.</s>
    <s>[modifier] Compléments</s>
    <s>[modifier] Liens externes</s>
    <s>AIIC (Association Internationale des Interprètes de Conférence)</s>
    <s>SFT (Société française des traducteurs)</s>
    <s>Masters et cours de traduction et d'interprétation</s>
    <s>Des intermédiaires entre les mots Article d'euro|topics sur les interprètes travaillant pour l'UE</s>
    <s>Documentation sur l'interprétation sur le site de la commission européenne</s>
    <s>Réflexions et illustrations relatives à l'interprétation de conférence</s>
    <s>Site de présentation du métier d'interprète de conférence</s>
    <s>Portail du travail et des métiers</s>
    <s>Portail des langues</s>
    <s>Ce document provient de « http://fr.wikipedia.org/w/index.php?title=Interpr%C3%A9tation de conf%C3%A9rence&amp;oldid=70922762 ».</s>
    <s>Catégories cachées :</s>
    <s>Wikipédia:ébauche linguistique</s>
    <s>Article à wikifier depuis juin 2010</s>
    <s>Portail:Travail et métiers/Articles liés</s>
    <s>Portail:Langues/Articles liés</s>
    <s>Outils personnels</s>
    <s>Créer un compte ou se connecter</s>
    <s>Espaces de noms</s>
    <s>Afficher l’historique</s>
    <s>Portails thématiques</s>
    <s>Index alphabétique</s>
    <s>Article au hasard</s>
    <s>Contacter Wikipédia</s>
    <s>Premiers pas</s>
    <s>Modifications récentes</s>
    <s>Faire un don</s>
    <s>Imprimer / exporter</s>
    <s>Créer un livre</s>
    <s>Télécharger comme PDF</s>
    <s>Version imprimable</s>
    <s>Boîte à outils</s>
    <s>Pages liées</s>
    <s>Suivi des pages liées</s>
    <s>Importer un fichier</s>
    <s>Pages spéciales</s>
    <s>Adresse de cette version</s>
    <s>Citer cette page</s>
    <s>Autres langues</s>
    <s>‪Norsk (nynorsk)‬</s>
    <s>‪Norsk (bokmål)‬</s>
    <s>Simple English</s>
    <s>Dernière modification de cette page le 10 octobre 2011 à 11:33.</s>
    <s>Droit d'auteur : les textes sont disponibles sous licence Creative Commons paternité partage à l’identique ; d’autres conditions peuvent s’appliquer. Voyez les conditions d’utilisation pour plus de détails, ainsi que les crédits graphiques. En cas de réutilisation des textes de cette page, voyez comment citer les auteurs et mentionner la licence.</s>
    <s>Wikipedia® est une marque déposée de la Wikimedia Foundation, Inc., organisation de bienfaisance régie par le paragraphe 501(c)(3) du code fiscal des États-Unis.</s>
    <s>Politique de confidentialité</s>
    <s>À propos de Wikipédia</s>
    <s>Affichage mobile</s>
    <s>*en: Langue : anglais</s>
  </text>
</page>
