<?xml version="1.0" encoding="UTF-8"?>
<!DOCTYPE page SYSTEM "page.dtd">
<page>
  <lang>fr</lang>
  <url>http://www.aecom.com/Careers/Diversity%2Band%2BInclusion/_carousel/AECOM%2Bsponsors%2BInternational%2BGay%2Band%2BLesbian%2BLeadership%2BConference%3Flanguagehoice%3Dfr_CA%26Go%3DGo%26localeHidden%3Dfr_CA%26localeFlash%3Den_US</url>
  <title>AECOM - News - AECOM sponsors International Gay and Lesbian ...</title>
  <snippet>
    <s>18 janv. 2011 AECOM was a sponsor of the 26th International Gay and Lesbian Leadership Conference held in Washington, D.C., United States. inclusion in the workforce, ” said Teuila Hanson, AECOM vice president, Diversity Inclusion. </s>
  </snippet>
  <text>
    <s>EnglishSpanish - EspañolRussian - РусскийChinese (Simplified) - 简体中文French - Français</s>
    <s>Bureaux et Contacts</s>
    <s>À propos</s>
    <s>Excellence et récompenses</s>
    <s>Nos nouvelles compagnies</s>
    <s>P3 Advisory</s>
    <s>Mission et valeurs fondamentales</s>
    <s>Ce que nous faisons</s>
    <s>Génie du bâtiment</s>
    <s>Construction Services</s>
    <s>Conception et planification</s>
    <s>Exploitation minière</s>
    <s>Pétrole et gaz</s>
    <s>Gestion de programmes</s>
    <s>Programme, coût, conseil</s>
    <s>Où nous sommes</s>
    <s>Middle East</s>
    <s>Australie et Nouvelle-Zélande</s>
    <s>News + Media</s>
    <s>Fact Sheet</s>
    <s>Global Cities Institute</s>
    <s>Inside AECOM News</s>
    <s>News Releases</s>
    <s>Social Responsibility</s>
    <s>World Trade Center</s>
    <s>Corporate Governance</s>
    <s>Stock Information</s>
    <s>News Releases</s>
    <s>Proxy Materials</s>
    <s>SEC Filings</s>
    <s>Financial Tearsheet</s>
    <s>Financial Reports</s>
    <s>Event Calendar</s>
    <s>Information Requests</s>
    <s>Email Alerts</s>
    <s>Notre équipe</s>
    <s>Avantages sociaux</s>
    <s>Diversité et inclusion</s>
    <s>Bâtir votre réussite</s>
    <s>Search Jobs</s>
    <s>Liens avec les étudiants</s>
    <s>Filtrer par --What We Do-- Architecture Génie du bâtiment Construction Services Conception et planification Économie Énergie Environnement Gouvernement Exploitation minière Pétrole et gaz Gestion de programmes Programme, coût, conseil Transport Eau --Where We Are-- Amériques Europe Asie Middle East Afrique Australie et Nouvelle-Zélande</s>
    <s>&lt;&lt; Return to Lists</s>
    <s>!AECOM sponsors International Gay &amp; Lesbian Leadership Conference</s>
    <s>AECOM sponsors International Gay and Lesbian Leadership Conference</s>
    <s>2011-01-18 00:00:00.0</s>
    <s>AECOM was a sponsor of the 26th International Gay and Lesbian Leadership Conference held in Washington, D.C., United States.</s>
    <s>In photo, from left: Carlos Madrid, Wade Joffrion, and Joe O’Neill.</s>
    <s>The conference brought together hundreds of lesbian, gay, bisexual and transgender leaders in government, politics, advocacy, business and community organizations from around the world for training, discussion and networking.</s>
    <s>As a sponsor alongside leading corporations such as Pacific Gas &amp; Electric, Prudential and Shell, AECOM showcased its breadth of capabilities to government officials and networked with community groups representing causes ranging from championing equality for citizens to water resource issues.</s>
    <s>“Participating in this event was another way to demonstrate AECOM’s support for diversity and inclusion in the workforce,” said Teuila Hanson, AECOM vice president, Diversity Inclusion. “We are pleased to sponsor this event for the second year in a row.”</s>
    <s>Contact: Teuila.Hanson@aecom.com</s>
    <s>AECOM - Home</s>
    <s>Diversité et inclusion</s>
    <s>AECOM sponsors International Gay and Lesbian Leadership Conference</s>
    <s>(C) AECOM. All Rights Reserved.</s>
    <s>À propos</s>
    <s>Ce que nous faisons</s>
    <s>Où nous sommes</s>
    <s>News + Media</s>
    <s>Bureaux et Contacts</s>
    <s>Suivez-nous sur Twitter</s>
    <s>Regardez-nous sur YouTube</s>
    <s>Abonnez-vous à ONE</s>
    <s>Plan du site</s>
    <s>Conditions d’utilisation</s>
    <s>usden3-vig-web-1.aecomnet.com !Quantcast</s>
  </text>
</page>
