<?xml version="1.0" encoding="UTF-8"?>
<!DOCTYPE page SYSTEM "page.dtd">
<page>
  <lang>fr</lang>
  <url>http://www.reunir.com/actualite/dossier-special-lille-vs-bruxelles</url>
  <title>Séminaire, Réception, Conférence : Dossier spécial Lille vs ...</title>
  <snippet>
    <s>16 sept. 2011 Dossier spécial Lille vs Bruxelles : Les plats pays ont du relief ! - Réunir vous Convention interactive pour la Banque Populaire du Sud-ouest </s>
  </snippet>
  <text>
    <s>Accueil | Qui sommes-nous ? | Annoncer sur Réunir | Nous contacter | Aide</s>
    <s>Mon espace:</s>
    <s>Se connecter</s>
    <s>LIEUX DE SÉMINAIRES ET CONGRÈS</s>
    <s>Prestataires évènementiels</s>
    <s>Salon Réunir</s>
    <s>Dossier spécial Lille vs Bruxelles : Les plats pays ont du relief16/09/2011</s>
    <s>Dans un rayon de 300 kilometres autour de Lille et de Bruxelles sont regroupes 78 millions d'habitants, dotes d'un potentiel de pouvoir d'achat de 1 500 milliards d'euros, ce qui en fait la zone de consommation la plus riche d'Europe et le coeur economique de l'union europeenne. C'est sans doute pourquoi Bruxelles a ete choisie pour en etre la capitale politique. Lille, pour sa part, 15eme metropole europeenne, 4eme française, accueille de nombreux sieges sociaux ou filiales d'entreprises internationales. Rien d'etonnant donc a ce que les deux cites disposent d'une offre particulierement developpee en matiere d'infrastructures et d'etablissements pour recevoir congres et seminaires d'entreprises. Oui, mais laquelle choisir pour se reunir ? Et que preferer, dans ces terres chargees d'histoire, la tradition ou la modernite partout presente ? Et comment se rendre au coeur de ce noeud de voies de communication ? En TGV ou en avion ? Voici quelques elements de reponses.</s>
    <s>Par Jean-Charles Fauque</s>
    <s>Etude APIM (Agence pour la promotion International de Lille)/ Region Nord-Pas de Calais, mai 2011</s>
    <s>Telechargez le dossier au format PDF (Reunir n°75)</s>
    <s>Nos articles les plus lus Voir tous nos articles</s>
    <s>&gt;&gt; Le Sud-Ouest de tous les choix</s>
    <s>&gt;&gt; Séminaires et spas : une alliance qui va de soi</s>
    <s>&gt;&gt; Salon Réunir 2011 mode d’emploi</s>
    <s>&gt;&gt; Dossier spécial Lille vs Bruxelles : Les plats pays ont du relief !</s>
    <s>&gt;&gt; Convention interactive pour la Banque Populaire du Sud-ouest</s>
    <s>&gt;&gt; Quel golf choisir pour votre prochaine manifestation ?</s>
    <s>Besoin d’aide?</s>
    <s>Consulter notre FAQ</s>
    <s>ou contactez-nous :</s>
    <s>contact@reunir.com 01 53 61 60 00 14 rue Sthrau, 75013 Paris</s>
    <s>Qui sommes-nous ?</s>
    <s>Annoncer sur Réunir</s>
    <s>Nous contacter</s>
    <s>Conditions juridiques</s>
    <s>Réunir Chine</s>
    <s>Accès direct aux lieux de séminaires et de congrès</s>
    <s>Par environnement :</s>
    <s>Mer / lac Montagne</s>
    <s>Par activités proposées :</s>
    <s>Équitation Golf Karting Piscine couverte Piscine extérieure Salle de fitness Sauna Spa/balnéo Tennis Thalasso</s>
    <s>Par type d’établissement :</s>
    <s>Hôtel Centre de congrès Salles et salons Bateau Restaurant d'affaire Centre d'affaire Lieu atypique</s>
    <s>Par region :</s>
    <s>Alsace Aquitaine Auvergne Basse-Normandie Bourgogne Bretagne Centre Champagne-Ardenne Corse Franche-Comté</s>
    <s>Guadeloupe Guyane Haute-Normandie Île-de-France La Réunion Languedoc-Roussillon Limousin Lorraine Martinique Midi-Pyrénées</s>
    <s>Nord-Pas-de-Calais Pays de la Loire Picardie Poitou-Charentes PACA Rhône-Alpes</s>
    <s>Haut de page</s>
    <s>Mon compte</s>
    <s>Adresse mail</s>
    <s>Mot de passe</s>
    <s>Mot de passe oublié ?</s>
    <s>Création de compte</s>
    <s>Besoin d'aide ? 01 53 61 60 00</s>
  </text>
</page>
