<?xml version="1.0" encoding="UTF-8"?>
<!DOCTYPE page SYSTEM "page.dtd">
<page>
  <lang>fr</lang>
  <url>http://www.frontnational.com/</url>
  <title>Front National » Le site officiel du Front National</title>
  <snippet>
    <s>il y a 1 heure 11h30 : Conférence de Presse à Carpentras (Restaurant du Marché Gare – Route de Velleron) 12h00 : Banquet (même endroit) </s>
  </snippet>
  <text>
    <s>Le Front</s>
    <s>Marine Le Pen</s>
    <s>Jean-Marie Le Pen</s>
    <s>Steeve Briois</s>
    <s>Jean-François Jalkh</s>
    <s>Le Bureau Exécutif</s>
    <s>Le Bureau Politique</s>
    <s>Le Comité Central</s>
    <s>Les commissions</s>
    <s>Le Congrès</s>
    <s>Les adhérents</s>
    <s>Les Français de l'étranger</s>
    <s>Nos idées</s>
    <s>Les tracts et affiches</s>
    <s>Le programme</s>
    <s>Les discours</s>
    <s>Les argumentaires</s>
    <s>La foire aux questions</s>
    <s>L'Agenda du Front</s>
    <s>Le blog de JMLP</s>
    <s>Nos communiqués</s>
    <s>Conf. de Presse</s>
    <s>Interviews du site</s>
    <s>Tracts et affiches</s>
    <s>Les actus en région</s>
    <s>Agenda de Marine Le Pen</s>
    <s>Agenda national</s>
    <s>Emissions TV</s>
    <s>Emissions internet</s>
    <s>Conf. de Presse</s>
    <s>Autres vidéos</s>
    <s>Emissions radio</s>
    <s>Facebook : Le Front National (FN) n°1 !</s>
    <s>Sites officiels</s>
    <s>Elus / Responsables</s>
    <s>Sites régionaux</s>
    <s>Sites locaux</s>
    <s>Marine Le Pen sur Radio Classique et Public Sénat</s>
    <s>Poste le 18 octobre 2011 | Categorie : Actu nationale, Emissions radio |</s>
    <s>Marine Le Pen, Présidente du Front National, était l'invitée mardi 18 octobre 2011 à 8h15 de Guillaume Durand et Gilles Leclerc sur Radio Classique et Public Sénat :</s>
    <s>Marine Le Pen devant la Tour Dexia (reportage)</s>
    <s>Poste le 18 octobre 2011 | Categorie : Actu nationale |</s>
    <s>Marine Le Pen tenait un point presse devant le Siège de Dexia à La Défense lundi 17 octobre 2011. Elle y a évoqué le vote à l'Assemblée Nationale du plan pour Dexia et plus généralement ses solutions pour résoudre la crise bancaire :</s>
    <s>Jean-Marie Le Pen en PACA vendredi 21 et samedi 22 octobre</s>
    <s>Poste le 18 octobre 2011 | Categorie : Actu nationale |</s>
    <s>&gt; !Jean-Marie Le Pen, Président d’Honneur du Front National, Député Européen, Président du Groupe FN au Conseil Régional PACA sera sur ses terres d'élections ces vendredi 21 et samedi 22 octobre, ne ratez pas ces rendez-vous :</s>
    <s>&gt; Samedi 22 octobre :</s>
    <s>Déplacement de Jean-Marie Le Pen dans le Vaucluse</s>
    <s>11h30 : Conférence de Presse à Carpentras</s>
    <s>(Restaurant du Marché Gare - Route de Velleron)</s>
    <s>12h00 : Banquet (même endroit)</s>
    <s>15h00 : Discours de Jean-Marie Le Pen (même endroit)</s>
    <s>&gt; Dimanche 23 octobre :</s>
    <s>10 h 00 : Conférence de presse de</s>
    <s>Jean-Marie Le Pen à La Seyne-sur-Mer</s>
    <s>Présentation des candidats varois</s>
    <s>aux élections législatives de juin 2012</s>
    <s>Informations au : 06.50.61.31.51</s>
    <s>&gt; 10 h 30 : Inauguration par Jean-Marie Le Pen</s>
    <s>de la permanence électorale de Frédéric Boccaletti</s>
    <s>96 avenue du 8 mai 1945 - Six-Fours-les-Plages</s>
    <s>Informations au 06.50.61.31.51</s>
    <s>&gt; 12 h 30 : Banquet patriotique avec Jean-Marie Le Pen à La Garde</s>
    <s>(L'Auberge provençale - 1455, route nationale 98 à</s>
    <s>La Pauline - 83130 La Garde)</s>
    <s>Réservations au 04.94.89.25.24</s>
    <s>Les ministres UMP en mal de publicité font du tourisme dans l'Oise !</s>
    <s>Poste le 18 octobre 2011 | Categorie : Actu locale, Actu nationale, Communiqués de presse |</s>
    <s>!Communiqué de Presse de Michel Guiniot, Membre du Bureau Politique, Président du groupe FN au Conseil Régional de Picardie :</s>
    <s>Depuis 2010, pas un mois ne passe sans que l'Oise ne reçoive, aux frais du contribuable une visite d'un ou plusieurs ministres de Sarkozy.</s>
    <s>Les scores obtenus par le FN dans ce département expliquent bien évidemment cet engouement pour l'Oise !</s>
    <s>Après les multiples visites durant la campagne régionale, la visite simultanée en septembre du Premier Ministre et de 5 ministres et secrétaires d'Etat à Beauvais, la visite récente de Sarkozy à Venette, c'est le ministre de l'intérieur, Claude Guéant, accompagné par Nadine Morano qui ont fait un petit passage à Senlis au prétexte de l'apprentissage.</s>
    <s>M. Guéant a affirmé que la politique du gouvernement en matière d'immigration était une réussite, indiquant que « sur les 8 premiers mois de l'année les autorisations de travail sont en réduction de 30% ».</s>
    <s>M. Guéant s'est bien gardé d'indiquer :</s>
    <s>• que la France a accueilli 12 millions d'immigrés supplémentaires en 35 ans,</s>
    <s>• que 200.000 immigrés légaux et 200.000 illégaux entrent en France par an,</s>
    <s>• que 200.000 titres de long séjour ont été accordés en 2010. Soit 75% en 10 ans,</s>
    <s>• que 150.000 naturalisations sont accordées par an avec une hausse de 8% en 2010,</s>
    <s>• que les expulsions ont diminué de 4,5% en 2010 malgré les incitations financières,</s>
    <s>• et que le coût de l'immigration est de 70 milliards d'euros par an.</s>
    <s>Au lieu d'aller à Senlis pour parler d'immigration nous lui suggérons de se rendre dans les quartiers à Creil, à Méru, à Beauvais, à Compiègne, à Noyon, à Clermont, à Nogent-sur-Oise, à Montataire, à Pont-Sainte-Maxence, etc… afin de demander aux habitants de ces villes ce qu'ils pensent de la politique d'immigration du gouvernement.</s>
    <s>En 2012, les électeurs du département pourront s'exprimer en votant pour Marine LE PEN lors des présidentielles et pour les candidats du Front National aux élections législatives.</s>
    <s>Agenda médiatique du FN</s>
    <s>Poste le 18 octobre 2011 | Categorie : Actu nationale, Emissions TV, Emissions radio, Vie du Front |</s>
    <s>Mercredi 19 octobre :</s>
    <s>7h40 : Marine LE PEN, Présidente du Front National, sera l’invitée de Bruce Toussaint sur Europe 1</s>
    <s>12h30 à 12h55 : Louis ALIOT, Vice-président du Front National, sera l’invité d’Hubert Huertas sur France Culture</s>
    <s>Jeudi 20 octobre :</s>
    <s> 8h20 - France Inter : Marine LE PEN sera l'invitée de « La Matinale de France Inter » </s>
    <s>Dimanche 23 octobre : </s>
    <s>14h00 - M6 : Marine Le Pen est l'invitée de Marc-Olivier Fogiel dans « Face à l'actu »</s>
    <s>Lundi 24 octobre : </s>
    <s> 7h45 - Canal + : Marine Le Pen est l'invitée de Caroline Roux</s>
    <s>18h - Radio Courtoisie : Marine LE PEN sera l'invitée de Radio Courtoisie</s>
    <s>Entre 12h30 et 13h00 : sur RMC-Info, Florian Philippot, Directeur stratégique de la campagne présidentielle de Marine LE PEN, sera l’invité des « Grandes gueules »</s>
    <s>Dimanche 30 octobre : </s>
    <s>18h30 - RTL/LCI : Marine LE PEN sera l'invitée du Grand Jury RTL / Le Figaro / LCI</s>
    <s>Marine Le Pen sur RTL</s>
    <s>Poste le 17 octobre 2011 | Categorie : Actu nationale, Emissions radio |</s>
    <s>Marine Le Pen, Présidente du Front National, était lundi 17 octobre l'invité de Christophe Hondelatte dans l'émission le « Fil rouge » sur RTL :</s>
    <s>Sur les primaires socialistes</s>
    <s>Poste le 17 octobre 2011 | Categorie : Actu nationale, Communiqués de presse |</s>
    <s>Communiqué de presse de Paul-Marie Coûteaux, Porte-Parole de la campagne :</s>
    <s>Les primaires du parti socialiste ont révélé la sclérose de notre système politique et l'abandon de l'esprit même de nos institutions.</s>
    <s>D'une part, un taux de participation prometteur en dit long sur l'impatience des Français à faire entendre leur voix, et leur exaspération devant le continuel déni de démocratie. Au crépuscule d'une présidence qui fut la seule, avec celle de V. Giscard d'Estaing, à ne pas juger bon de recourir au référendum, élément essentiel de notre démocratie dont il faudrait au contraire élargir l'usage, et après la gifle que M. Sarkozy a infligée à notre peuple en biffant à Lisbonne le non des Français lors du referendum de 2005, les Français veulent enfin pouvoir s'exprimer. Pour le faire, beaucoup d'électeurs qui ne sont pas socialistes ont saisi l'occasion de cette consultation -y compris parmi ceux qui s'apprêtent à voter pour Marine le Pen, notamment des souverainistes et des gaullistes séduits par la modernité des thèmes imposés par Marine Le Pen et repris à son compte par Arnaud Montebourg.</s>
    <s>D'autre part, l'écho qu'a reçu ce succédané de démocratie témoigne d'une déliquescence générale des principes républicains les mieux assurés. L'ouverture de mairies et de bâtiments publics au bénéfice d'élections privées a nié le principe de neutralité du service public, neutralité également oubliée par les grands médias complaisants ou complices d'une captation de l'opinion au bénéfice d'un parti, d'autant plus scandaleuse que, dans le même temps, des candidats déclarés, grands ou petits, sont pratiquement exclus des grands organes d'expression et d'information. Nié aussi le principe de citoyenneté, quand il suffit d'exhiber sa carte du PS pour voter avant l’âge légal, ou sans avoir la nationalité française à laquelle la citoyenneté reste et doit rester attachée. Nié l'esprit de nos institutions, dont le Général de Gaulle a voulu qu'elles fussent dégagées du système partisan, quand tout est fait pour donner à entendre que l'élection présidentielle est un concours entre partis.</s>
    <s>Seule Marine le Pen, en élargissant sans cesse le rassemblement des Français sur l'unique souci de la France, en répétant qu'elle n'est pas candidate du Front national mais soutenue par lui comme par d'autres, en se présentant au suffrage des Français en femme indépendante de toute oligarchie, reste authentiquement fidèle à l'esprit d'une l'élection suprême qui justement devra rétablir l'indépendance de la nation en même temps que l'autorité, la neutralité et l'impartialité de l'Etat.</s>
    <s>Wallerand de Saint-Just sur LCI</s>
    <s>Poste le 17 octobre 2011 | Categorie : Actu nationale, Emissions TV |</s>
    <s>Wallerand de Saint-Just, Porte-Parole de la campagne et membre du Bureau Executif du Front National, était l'invité de Michel Field le mercredi 12 octobre sur LCI pour un débat sur la justice :</s>
    <s>Spécial Primaire PS</s>
    <s>Poste le 17 octobre 2011 | Categorie : Actu nationale, Emissions radio |</s>
    <s>Sur France Info :</s>
    <s>Clip audio : Le lecteur Adobe Flash (version 9 ou plus) est nécessaire pour la lecture de ce clip audio. Téléchargez la dernière version ici. Vous devez aussi avoir JavaScript activé dans votre navigateur.</s>
    <s>Sur LCI :</s>
    <s>Mondiaux d’escrime : coup de chapeau aux épéistes français !</s>
    <s>Poste le 16 octobre 2011 | Categorie : Actu nationale, Communiqués de presse |</s>
    <s>!Communiqué de presse d’Eric Domard, Membre du Bureau Politique, Conseiller aux sports :</s>
    <s>Le Front National félicite l’équipe de France d’épée masculine qui a conservé de haute lutte son titre aux championnats du monde d’escrime en Italie en battant en finale la Hongrie.</s>
    <s>Cette victoire signe un exploit des épéistes français qui restent invaincus en grande compétition depuis les Jeux Olympiques de 2004 et décrochent leur 8e médaille d’or de rang.</s>
    <s>Un succès probant qui permet à la France de demeurer une nation phare de l’escrime internationale.</s>
    <s>Page 1 sur 214 1» »</s>
    <s>Les Français de l'etranger</s>
    <s>Recherche pour:</s>
    <s>A la une</s>
    <s>Actu locale</s>
    <s>Actu nationale</s>
    <s>Autres vidéos</s>
    <s>Communiqués de presse</s>
    <s>Conférences de Presse</s>
    <s>Elections cantonales</s>
    <s>Emissions internet</s>
    <s>Emissions radio</s>
    <s>Emissions TV</s>
    <s>Identité nationale</s>
    <s>Interventions des élus</s>
    <s>Journal de bord de JMLP</s>
    <s>Journées d'été de Marine Le Pen 2011</s>
    <s>Les rendez-vous de la Campagne</s>
    <s>Non classé</s>
    <s>Tracts et affiches</s>
    <s>Vidéos thématiques de Marine Le Pen</s>
    <s>Vie du Front</s>
    <s>Vie du site</s>
    <s>octobre 2011</s>
    <s>septembre 2011</s>
    <s>août 2011</s>
    <s>juillet 2011</s>
    <s>juin 2011</s>
    <s>mai 2011</s>
    <s>avril 2011</s>
    <s>mars 2011</s>
    <s>février 2011</s>
    <s>janvier 2011</s>
    <s>décembre 2010</s>
    <s>novembre 2010</s>
    <s>octobre 2010</s>
    <s>septembre 2010</s>
    <s>août 2010</s>
    <s>juillet 2010</s>
    <s>juin 2010</s>
    <s>mai 2010</s>
    <s>avril 2010</s>
    <s>mars 2010</s>
    <s>février 2010</s>
    <s>janvier 2010</s>
    <s>décembre 2009</s>
    <s>novembre 2009</s>
    <s>octobre 2009</s>
    <s>septembre 2009</s>
    <s>août 2009</s>
    <s>mars 2009</s>
    <s>septembre 2008</s>
    <s>janvier 2001</s>
    <s>Nuage de tags</s>
    <s>FN • Marine Le Pen • Front National • Nicolas Sarkozy • Jean-Marie Le Pen • UMP • Bruno Gollnisch • Français • immigration • France • élections régionales • Gouvernement • PS • insécurité • élections • régionales • sécurité • PACA • Marie-Christine Arnautu • identité nationale •</s>
  </text>
</page>
