<?xml version="1.0" encoding="UTF-8"?>
<!DOCTYPE page SYSTEM "page.dtd">
<page>
  <lang>fr</lang>
  <url>http://www.uqar.ca/uqar-info/deux-professeurs-et-un-charge-de-cours-de-luqar-a-macau-en-chine/</url>
  <title>Deux professeurs et un chargé de cours à Macau, en Chine - UQAR ...</title>
  <snippet>
    <s>2 déc. 2010 Voici le résumé de la conférence : Cette communication propose une définition de la gestion des personnes, comme alternative à d&#39;autres </s>
  </snippet>
  <text>
    <s>Accueil »</s>
    <s>Version papier »</s>
    <s>Archives »</s>
    <s>Salle de presse »</s>
    <s>Nous Joindre »</s>
    <s>RSS »</s>
    <s>Article suivant »</s>
    <s>Article précédent »</s>
    <s>Gestion des personnes en milieu de travail</s>
    <s>Deux professeurs et un chargé de cours à Macau, en Chine</s>
    <s>Publié le 02 decembre | 0 commentaires</s>
    <s>Taille du texte: !!!</s>
    <s>Deux professeures de l'UQAR,Catherine Beaudry et Marie-Noelle Albert, ainsi qu'un charge de cours, Mounir Aguir, tous trois actifs aux programmes d'etudes avances en gestion des personnes en milieu de travail de l'UQAR, reviennent de Macau, en Chine, ou il ont participe au mois d'octobre au Third World Business Ethics (WBEF) organise par l'Universite de Macau.</s>
    <s>!Catherine Beaudry, Marie-Noëlle Albert et Mounir AguirIls ont presente une communication scientifique qui s'intitulait : Sustainable Development of Organizations and Persons: A Definition of Person Management as an Alternative to Current Conceptions . Dans cette communication, ils ont presente la gestion des personnes comme alternative a d'autres conceptions de la dimension humaine au travail, dans une perspective de developpement durable. En fait, cette presentation etait etroitement en lien avec l'objet de la maitrise en gestion des personnes a l'UQAR, specifique a l'UQAR. Voici le resume de la conference :</s>
    <s>&gt; Cette communication propose une definition de la gestion des personnes, comme alternative a d'autres conceptions de la dimension humaine au travail, telles que la gestion des ressources humaines et les relations industrielles. Cette alternative implique une gestion humaniste de la personne s'appuyant sur les principes de la responsabilite sociale des entreprises et donc du developpement durable et sur une conception differente de l'etre humain au travail. La personne est en fait definie comme un sujet complexe, ouvert a autrui, creatif, politique, ethique et unique tout en partageant des traits communs avec d'autres personnes. Cette conception de la personne mene a une gestion differente de celle de ressources ou d'acteurs, tels qu'on les conçoit dans d'autres approches. Elle suggere plus precisement la gestion d'une personne par une personne, les deux partageant certains buts ou traits. Elle s'appuie principalement sur le developpement durable a la fois des organisations et des personnes, ce developpement etant tout autant ethique que strategique. Les caracteristiques de la gestion des personnes la distinguent donc des conceptions largement diffusees de la dimension humaine au travail.</s>
    <s>En plus de cette conference, l'equipe de la maitrise s'est egalement reunie au debut du moins de novembre a Angers en France, pour une journee d'etude. Plusieurs membres de l'equipe ont presente une conference.</s>
    <s>Categories: Toutes les nouvelles; Administration ; Gestion des personnes en milieu de travail;</s>
    <s>Étiquettes:*dimension humaine au travail relations industrielles université de macau</s>
    <s>Laisser un commentaire</s>
    <s>Vos commentaires</s>
    <s>Laisser un commentaire</s>
    <s>Informations Nom (*) Courriel (*) Emplacement Site web Commentaire (*) Options</s>
    <s>Se souvenir de mes informations personnelles</s>
    <s>Avertissez-moi des commentaires de suivi</s>
    <s>Sécurité: (*)</s>
    <s>S'il vous plaît entrer le mot que vous voyez dans l'image ci-dessous:</s>
    <s>Nouvelles à la une</s>
    <s>Toutes les nouvelles</s>
    <s>Domaines d'études</s>
    <s>Adaptation scolaire et sociale</s>
    <s>Chimie de l'environnement et des bioressources</s>
    <s>Développement régional, social et territorial</s>
    <s>Éducation préscolaire et enseignement primaire</s>
    <s>Enseignement professionnel</s>
    <s>Enseignement secondaire</s>
    <s>Études littéraires</s>
    <s>Sciences infirmières</s>
    <s>Gestion de projet</s>
    <s>Gestion des personnes en milieu de travail</s>
    <s>Gestion des ressources maritimes</s>
    <s>Maîtrise en administration des affaires</s>
    <s>Sciences comptables</s>
    <s>Travail social</s>
    <s>Publication de recherche</s>
    <s>Sciences de la mer</s>
    <s>Prix et distinctions</s>
    <s>Employés et retraités</s>
    <s>Mots du Recteur</s>
    <s>Service aux étudiants</s>
    <s>Vie étudiante</s>
    <s>Exposition de Julie Ross</s>
    <s>Processus de sélection de projets à l'intérieur d'un portefeuille au ministère des Transports</s>
    <s>Paiement des frais de scolarité</s>
    <s>« Accros au plastique »</s>
    <s>Masculinité et services sociaux</s>
    <s>Date de tombée du journal étudiant Le Soufflet</s>
    <s>Cérémonie de collation des grades</s>
    <s>Période de lecture</s>
    <s>Le rêve de l’entrepreneur</s>
    <s>Mon intranet</s>
    <s>Bottin du personnel</s>
    <s>Plan du site</s>
    <s>Nous joindre</s>
    <s>Vous êtes ici ::</s>
    <s>Deux professeurs et un chargé de cours à Macau, en Chine</s>
    <s>| English - Espanol |</s>
    <s>Les etudes</s>
    <s>Futurs etudiants</s>
    <s>Premier cycle</s>
    <s>Cycles superieurs</s>
    <s>Guide des etudes</s>
    <s>Programmes d'etudes</s>
    <s>Par cycles</s>
    <s>Par campus</s>
    <s>Par domaines</s>
    <s>Formation continue</s>
    <s>Unites d'enseignement</s>
    <s>Admission canadien</s>
    <s>Admission non-canadien</s>
    <s>Inscription canadien</s>
    <s>Inscription non-canadien</s>
    <s>Frais de scolarite</s>
    <s>Frais pour canadien</s>
    <s>Frais pour non-canadien</s>
    <s>Calendrier universitaire</s>
    <s>Horaire des cours</s>
    <s>La recherche</s>
    <s>Unites de recherche</s>
    <s>Chaires de recherche</s>
    <s>Institut de l'ISMER</s>
    <s>Centres interuniversitaires</s>
    <s>Centres affilies</s>
    <s>Groupes de recherche</s>
    <s>Laboratoires de recherche</s>
    <s>Partenariats université-milieu</s>
    <s>Axes d'excellence</s>
    <s>Developpement regional</s>
    <s>Sciences de la mer</s>
    <s>Guide des specialistes</s>
    <s>Valorisation et partenariats</s>
    <s>Mobilite professorale</s>
    <s>Bureau du doyen</s>
    <s>Politiques de la recherche</s>
    <s>Plan strategique de la recherche</s>
    <s>Éthique de la recherche</s>
    <s>Avec des etres humains</s>
    <s>Avec des animaux</s>
    <s>Les services a l'etudiant</s>
    <s>Vie etudiante</s>
    <s>Bourses d'etudes</s>
    <s>Quebecois et Canadiens</s>
    <s>Premier cycle</s>
    <s>Cycles superieurs</s>
    <s>Études postdoctorales</s>
    <s>Aide financiere</s>
    <s>Bureau du registraire</s>
    <s>Campus de Rimouski</s>
    <s>Campus de Levis</s>
    <s>Centre d'aide a la reussite (CAR)</s>
    <s>Emplois et stages</s>
    <s>Études/séjours à l'étranger</s>
    <s>Services technologiques</s>
    <s>Besoins particuliers</s>
    <s>Services aux etudiants (SAE)</s>
    <s>Presentation de l'UQAR</s>
    <s>Journal UQAR-Info</s>
    <s>Salle de presse</s>
    <s>Fondation de l'UQAR</s>
    <s>Évenements et colloques</s>
    <s>Documents promotionnels</s>
    <s>Unites administratives</s>
    <s>Unites d'enseignement</s>
    <s>Associations et regroupements</s>
    <s>Coopération internationale</s>
    <s>Prix et distinctions</s>
    <s>Emplois a l'UQAR</s>
    <s>Pédagogie universitaire</s>
    <s>Navigation rapide</s>
    <s>Admission canadien</s>
    <s>Admission non-canadien</s>
    <s>Calendrier universitaire</s>
    <s>Courrier electronique</s>
    <s>Emplois a l'UQAR</s>
    <s>Fondation de l'UQAR</s>
    <s>Horaire des cours</s>
    <s>Nouvelles de l'UQAR</s>
    <s>Présentation de l'UQAR</s>
    <s>Secrétariat général</s>
    <s>Emploi et stage etudiants</s>
    <s>Situation d'urgence ?</s>
    <s>De la résilience relationnelle à la gymnastique sensorielle périnatale</s>
    <s>L’Année internationale de la chimie est soulignée</s>
    <s>Le Café Br@nché est ouvert</s>
    <s>Déposez votre demande d’admission pour l'hiver 2012</s>
    <s>Un prototype d’installations de tri publiques est inauguré</s>
    <s>L’offre de service prend de l’ampleur</s>
    <s>Julie Ross expose à l’UQAR</s>
    <s>Un beau rayonnement pour les travaux de Dominique Gravel</s>
    <s>L'UQAR en image</s>
    <s>Domaines d'études</s>
    <s>Adaptation scolaire et sociale</s>
    <s>Administration - commerce</s>
    <s>Administration des affaires (MBA)</s>
    <s>Chimie de l'environnement et des bioressources</s>
    <s>Développement régional social et territorial</s>
    <s>Éducation préscolaire et enseignement primaire</s>
    <s>Enseignement professionnel</s>
    <s>Enseignement secondaire</s>
    <s>Gestion de projet</s>
    <s>Gestion des personnes en milieu de travail</s>
    <s>Gestion des ressources maritimes</s>
    <s>Sciences comptables</s>
    <s>Sciences infirmières</s>
    <s>Travail social</s>
    <s>Vous voulez recevoir des nouvelles de l'UQAR? Inscrivez-vous à notre liste d'envoi:</s>
    <s>Des questions?</s>
    <s>UQAR, Campus de Rimouski C. P. 3300, succ. A</s>
    <s>300, allée des Ursulines,</s>
    <s>Rimouski (Québec) Canada</s>
    <s>G5L 3A1</s>
    <s>Téléphone : 418 723-1986</s>
    <s>sans frais : 1 800 511-3382</s>
    <s>Télécopieur : 418 724-1525</s>
    <s>Courriel : uqar@uqar.ca</s>
    <s>UQAR, Campus de Lévis 1595, boulevard Alphonse-Desjardins</s>
    <s>Lévis (Québec) Canada</s>
    <s>G6V 0A6</s>
    <s>Téléphone : 418 833-8800</s>
    <s>sans frais : 1 800 463-4712</s>
    <s>Télécopieur : 418 833-1113</s>
    <s>Courriel : campus levis@uqar.ca</s>
    <s>Les études</s>
    <s>Futurs étudiants</s>
    <s>Programmes d'études</s>
    <s>Admission canadien</s>
    <s>Admission non-canadien</s>
    <s>Frais de scolarite</s>
    <s>Calendrier universitaire</s>
    <s>Horaire des cours</s>
    <s>La recherche</s>
    <s>Unités de recherche</s>
    <s>Axes d'excellence</s>
    <s>Guide des spécialistes</s>
    <s>Financement de la recherche</s>
    <s>Doyen de la recherche</s>
    <s>Éthique de la recherche</s>
    <s>Les services à l'étudiant</s>
    <s>Vie étudiante</s>
    <s>Bourses d'études</s>
    <s>Aide financière</s>
    <s>Bureau du registraire</s>
    <s>Centre d'aide à la réussite (CAR)</s>
    <s>Emplois et stages</s>
    <s>Études/séjours à l'étranger</s>
    <s>Services technologiques</s>
    <s>Besoins particuliers</s>
    <s>Service aux étudiants (SAE)</s>
    <s>Presentation de l'UQAR</s>
    <s>Journal l'UQAR-Info</s>
    <s>Évenements et colloques</s>
    <s>Documents promotionnels</s>
    <s>Unites d'enseignement</s>
    <s>Associations et regroupement</s>
    <s>Emplois à l'UQAR</s>
    <s>Prix et distinctions</s>
    <s>Université du Québec à Rimouski (C) 2009-2011. Tous droits réservés.</s>
  </text>
</page>
