<?xml version="1.0" encoding="UTF-8"?>
<!DOCTYPE page SYSTEM "page.dtd">
<page>
  <lang>fr</lang>
  <url>http://www.ipy2012montreal.ca/abstracts/abstracts-fr.php</url>
  <title>API2012 Montréal - Appel de présentations</title>
  <snippet>
    <s>L&#39;appel de présentations pour la conférence de l&#39;API 2012 De la Plus de 2000 soumissions ont été reçues avant la date limite. Les responsables et les présidents de chaque domaine de programme sont en train Comités de programme </s>
  </snippet>
  <text>
    <s>!IPY2012 - Montréal, Canada</s>
    <s>22-27 avril 2012, Montreal, Canada</s>
    <s>De la connaissance a l'action</s>
    <s>Accueil Organisation Programme Inscription Partenaires et exposants Ateliers Montreal Nouvelles Multimedia EN</s>
    <s>L'appel de prntations est maintenant termin</s>
    <s>Appel de prntations</s>
    <s>L'appel de prntations pour la confnce de l'API 2012 De la connaissance 'action s'est termine 7 octobre 2011. Plus de 2000 soumissions ont res avant la date limite. Les responsables et les prdents de chaque domaine de programme sont en train d'examiner et d'luer les soumissions res. Les auteurs des rmretenus recevront un avis d'acceptation vers la mi-dmbre.</s>
    <s>Fil RSS</s>
    <s>Dates importantes</s>
    <s>Envoi de resumes: FERM/li&gt;</s>
    <s>Inscription hative: 21/9/11 - 28/2/12</s>
    <s>PolarEDUCATORS: 15/9/11 - 28/10/11</s>
    <s>Comite de direction</s>
    <s>Comites de programme</s>
    <s>Sommaire de la conference</s>
    <s>Sessions paralleles</s>
    <s>Échange de connaissances autochtones</s>
    <s>Reunions d'affaires</s>
    <s>Partenaires et exposants</s>
    <s>Nos partenaires</s>
    <s>Nos exposants</s>
    <s>Hotels et Site</s>
    <s>Planifier son sejour</s>
    <s>Venir au Canada</s>
    <s>Secretariat de l'API 2012</s>
    <s>360 rue Albert, local 1010</s>
    <s>Ottawa, (ON), Canada K1A 0H4</s>
    <s>T: 613-995-7057</s>
    <s>Interet pour la conference?</s>
    <s>Pour recevoir des nouvelles ou de l'information a propos de la conference API 2012, cliquez ici.</s>
  </text>
</page>
