<?xml version="1.0" encoding="UTF-8"?>
<!DOCTYPE page SYSTEM "page.dtd">
<page>
  <lang>fr</lang>
  <url>http://www.gretsi2011.org/comite-de-programme.html</url>
  <title>Comité de Programme | Comités</title>
  <snippet>
    <s>26 mai 2008 Instructions aux auteurs &middot; Fichiers modèles &middot; Connexion à myGretsi &middot; Créer un compte &middot; Mot de passe Membres du Comité de Programme </s>
  </snippet>
  <text>
    <s>Connexion à MyGretsi | Créer un compte | Mot de passe perdu ?</s>
    <s>Menu Principal</s>
    <s>Gretsi 2011</s>
    <s>Appel à Communications</s>
    <s>Principaux Thèmes</s>
    <s>Sessions Spéciales</s>
    <s>Conférences invitées</s>
    <s>Dates Importantes</s>
    <s>Programme du colloque</s>
    <s>Inscriptions en ligne</s>
    <s>Comité de Programme</s>
    <s>Comité d'Organisation</s>
    <s>Partenaires et Sponsors</s>
    <s>Questions - Réponses</s>
    <s>Instructions aux auteurs</s>
    <s>Fichiers modèles</s>
    <s>Connexion à myGretsi</s>
    <s>Créer un compte</s>
    <s>Mot de passe perdu ?</s>
    <s>Venir à Bordeaux</s>
    <s>Se loger à Bordeaux</s>
    <s>Se promener à Bordeaux</s>
    <s>Comité de Programme</s>
    <s>Écrit par Dominique Ginhac</s>
    <s>Creation Date : Lundi, 26 Mai 2008 09:50</s>
    <s>Mis à jour : Mercredi, 07 Juillet 2010 10:11</s>
    <s>Presidents du Comite de Programme</s>
    <s>Patrick FLANDRIN</s>
    <s>Laboratoire de Physique, ENS Lyon</s>
    <s>Christian ROUX</s>
    <s>LaTIM, Telecom Bretagne, Brest</s>
    <s>Membres du Comite de Programme</s>
    <s>P. Abry</s>
    <s>Laboratoire de Physique, ENS Lyon</s>
    <s>J.F. Aujol</s>
    <s>LATP, Marseille</s>
    <s>P.-O. Amblard</s>
    <s>GIPSA-lab, Grenoble</s>
    <s>A. Appriou</s>
    <s>ONERA, Chatillon</s>
    <s>F. Barbaresco</s>
    <s>Thales Air Systems, Limours</s>
    <s>J. Benois-Pineau</s>
    <s>LABRI-ENSEIRB, Bordeaux</s>
    <s>M. Bloch</s>
    <s> Georgia Tech-Lorraine, Metz</s>
    <s>J. Chanussot</s>
    <s> GIPSA-lab, Grenoble</s>
    <s>Ph. Ciblat</s>
    <s>COMELEC, Telecom-ParisTech, Paris</s>
    <s>A. Ferrari</s>
    <s>Laboratoire Universitaire d'Astrophysique, Nice</s>
    <s>I. Fijalkow</s>
    <s>ETIS - ENSEA, Cergy-Pontoise</s>
    <s>J.-J. Fuchs</s>
    <s>IRISA - Universite Rennes 1, Rennes</s>
    <s>J.-F. Giovannelli</s>
    <s>IMS - Universite de Bordeaux 1, Talence</s>
    <s>J.-M. Gorce</s>
    <s>CITI - INSA Lyon, Villeurbanne</s>
    <s>Y. Gousseau</s>
    <s>LTCI, Telecom-ParisTech, Paris</s>
    <s>B. Granado</s>
    <s>ETIS - ENSEA, Cergy-Pontoise</s>
    <s>R. Gribonval</s>
    <s>IRISA - INRIA, Rennes</s>
    <s>Ch. Jutten</s>
    <s>GIPSA-lab, Grenoble</s>
    <s>C. Labit</s>
    <s>IRISA - INRIA, Rennes</s>
    <s>S. Marcos</s>
    <s>LSS - Supelec, Gif-sur-Yvette</s>
    <s>G. Mercier</s>
    <s>Telecom-Bretagne, Brest</s>
    <s>T. Papadopoulo</s>
    <s>INRIA, Sophia-Antipolis</s>
    <s>J.-Ch. Pesquet</s>
    <s>IGM - Universite Paris-Est, Marne-la-Vallee</s>
    <s>C. Richard</s>
    <s>Laboratoire Fizeau, Univ. de Nice</s>
    <s>L. Senhadji</s>
    <s>LTSI-Univ. Rennes 1, Rennes</s>
    <s>Y. Sorel</s>
    <s>INRIA, Rocquencourt</s>
    <s>C. Tison</s>
    <s>CNES, Toulouse</s>
    <s>J.-Y. Tourneret</s>
    <s>IRIT-ENSEEIHT, Toulouse</s>
    <s>Articles Récents</s>
    <s>Ouverture des inscriptions</s>
    <s>Programme du colloque GRETSI 2011</s>
    <s>Mathias Fink - Conférencier invité</s>
    <s>Eric Moulines - Conférencier invité</s>
    <s>Emmanuel Candes - Conférencier invité</s>
    <s>Articles les plus lus</s>
    <s>Dates Importantes</s>
    <s>Appel à Communications</s>
    <s>Instructions aux auteurs</s>
    <s>Fichiers modèles</s>
    <s>(C) 2011 Gretsi11</s>
    <s>Joomlais Free Software released under the GNU General Public License.</s>
  </text>
</page>
