<?xml version="1.0" encoding="UTF-8"?>
<!DOCTYPE page SYSTEM "page.dtd">
<page>
  <lang>fr</lang>
  <url>http://www.zerolimite.ca/dix_aiguilles.cfm</url>
  <title>Martin Latulippe: éveilleur de potentiel, conférencier, téléséminaires ...</title>
  <snippet>
    <s>Thématiques des conférences Textes et articles gratuits les dernières semaines de sa vie à travailler avec l&#39;auteur et conférencier Martin Latulippe pour réaliser un L&#39;œuvre fut rejetée par plusieurs maisons d&#39;édition à travers le monde. </s>
  </snippet>
  <text>
    <s>lundi le 17 octobre 2011</s>
    <s>!Conferences et seminaires</s>
    <s>Thtiques des confnces</s>
    <s>Tignage de clients</s>
    <s>Vous cherchez un confncier</s>
    <s>!Produits et ressources</s>
    <s>Site web inspirants</s>
    <s>Textes et articles gratuits</s>
    <s>Livres de Martin Latulippe</s>
    <s>Coaching de l'illeur de potentiel</s>
    <s>Dix aiguilles</s>
    <s>Voir Martin en action</s>
    <s>!a propos de martin</s>
    <s>Ouch..en toute humilita&gt;</s>
    <s>[10 meilleures raisons pour ne pas engager Martin</s>
    <s>La garantie de Martin</s>
    <s>Pour joindre Martin</s>
    <s>Dix Aiguilles</s>
    <s>&quot;Une oeuvre du meme calibre que La derniere lecture (Tuesday's with Morie), de Mitch Albom &quot; Gair Maxwell, The Seamless Brand</s>
    <s>Presqu' une decennie apres que le chroniqueur et auteur a succes Mitch Albom ait accompagne son ancien professeur de college dans sa lutte contre la maladie de Lou Gehrig, un jeune garçon de 13 ans, de Moncton au Nouveau-Brunswick, a touche le coeur de milliers de personnes en livrant une histoire aussi touchante et humaine que celle qui avait ete livree par Morrie Schwartz dans l'oeuvre La derniere leçon (Tuesday's with Morrie) qui devena rapidement un New York Times Best-Seller</s>
    <s>L'oeuvre Dix aiguilles raconte l'histoire vecue du jeune Sean Collins, 13 ans, qui, comme dans l'aventure Albom-Schwartz, passe les dernieres semaines de sa vie a travailler avec l'auteur et conferencier Martin Latulippe pour realiser un dernier reve avant de rendre l'ame, soit de publier un livre sur sa vie.</s>
    <s>À un moment de sa vie ou il aurait ete facile d'abandonner et d'en vouloir a la vie, Sean Collins a demontre un courage sans pareil en livrant a l'auteur Martin Latulippe des reflexions d'une sagesse desarmante via des histoires, des analogies et de grandes verites qui peuvent etes vecues et vehiculees a tous les jours de sorte a vivre sa vie au maximum.</s>
    <s>C'est apres avoir entendu parler de l'histoire de Sean et, surtout, des insucces de ses parents a trouver une personne pour aider leur fils dans la realisation de son dernier reve que Latulippe accepta d'accompagner benevolement Sean dans son projet.</s>
    <s>Decede a l'age de 13 ans, le 9 juillet 2007 des suites d'une longue lutte contre le cancer, Sean laissa ses reflexions, son coeur et son ame entre les mains de Latulippe.</s>
    <s>Apres quelques mois de redaction, le livre Dix aiguilles (aussi disponible en anglais sous le titre Ten Needles) voyait le jour.</s>
    <s>Avant meme la publication de cette oeuvre, une armee de benevoles avaient deja joint les rangs de ce qui allait rapidement devenir une mission : la Mission de Sean.</s>
    <s>Le livre fut lance le 8 novembre 2007 et, en moins de 1 mois et demi de vente, le livre avait deja ete vendu a plus de 13 000 exemplaires.</s>
    <s>Ayant pu compter sur la generosite d'une multitude de contributeurs, 100% des profits etaient donc remis aux personnes et aux enfants atteints du cancer, soit plus de 130 000 $ a ce jour.</s>
    <s>La derniere leçon (Tuesdays with Morrie) avait ete ecrit avec l'intention premiere de payer les factures medicales de Schwartz. L'oeuvre fut rejetee par plusieurs maisons d'edition a travers le monde. L'editeur Doubleday tenta finalement sa chance avec une impression initiale de 25 000 exemplaires. Aujourd'hui, le livre s'est vendu a plus de 12 millions d'exemplaires avec plus de 50 editions a travers le monde.</s>
    <s>Nom :</s>
    <s>Courriel :</s>
    <s>À propos de Martin</s>
    <s>Ouch..en toute humilita&gt;</s>
    <s>[10 meilleures raisons pour ne pas engager Martin</s>
    <s>La garantie de Martin</s>
    <s>Pour joindre Martin</s>
    <s>Conferences et seminaires</s>
    <s>Thtiques des confnces</s>
    <s>Tignage de clients</s>
    <s>Vous cherchez un confncier</s>
    <s>Produits et ressources</s>
    <s>Site web inspirants</s>
    <s>Textes et articles gratuits</s>
    <s>Livres de Martin Latulippe</s>
    <s>Coaching de l'illeur de potentiel</s>
    <s>Dix aiguilles</s>
    <s>Voir Martin en action</s>
    <s>Les tulipes d'inspiration</s>
    <s>La tulipe d'action</s>
    <s>Dix aiguilles</s>
    <s>91, rue du Portage,</s>
    <s>Memramcook, N.-B. E4K3Y5</s>
    <s>Tel. : 506.874.5969</s>
    <s>Tel. : 506.874.5WOW</s>
    <s>(C) 2011 Martin Latulippe</s>
    <s>Genere par MindSWEEP</s>
  </text>
</page>
