<?xml version="1.0" encoding="UTF-8"?>
<!DOCTYPE page SYSTEM "page.dtd">
<page>
  <lang>fr</lang>
  <url>http://www.globalforum2011.net/fr/node/476</url>
  <title>Appel à présentation de résumés pour la session poster et la ...</title>
  <snippet>
    <s>Appel à présentation de résumés pour la session poster et la conférence en ligne pré-Symposium. lun, 29/11/2010 - 11:14 | pilar.valbuena. Le Symposium </s>
  </snippet>
  <text>
    <s>You are missing some Flash content that should appear herePerhaps your browser cannot display it, or maybe it did not initialize correctly.</s>
    <s>Organisations participantes </s>
    <s>2010: Created by Fundacion Cesefor</s>
  </text>
</page>
