<?xml version="1.0" encoding="UTF-8"?>
<!DOCTYPE page SYSTEM "page.dtd">
<page>
  <lang>fr</lang>
  <url>http://www.cril.univ-artois.fr/~marquis/editboardsf.html</url>
  <title>Comités éditoriaux et de programme</title>
  <snippet>
    <s>J&#39;appartiens au comité éditorial de ce journal depuis septembre </s>
  </snippet>
  <text>
    <s>A ce jour</s>
    <s>Je suis teur associu :</s>
    <s>Journal of Artificial Intelligence Research, depuis octobre 2009.</s>
    <s>J'appartiens au comitditorial de ce journal depuis septembre 2008.</s>
    <s>Je suis aussi teur associe :</s>
    <s>AI Communications , The European Journal on Artificial Intelligence, IOS Press, depuis mai 2000 (vol. 13, issue 2).</s>
    <s>Je m'occupe du th &quot;reprntation des connaissances&quot; pour ce journal.</s>
    <s>Enfin, j'appartiens au comitditorial de la</s>
    <s>Revue d'Intelligence Artificielle, Herm depuis janvier 2011.</s>
    <s>J'ai co-teur en chef de la revue ctronique de l'Association Franse pour l'Intelligence Artificielle ( AFIA ) :</s>
    <s>JEDAI , Journal Electronique d'Intelligence Artificielle, depuis dmbre 2001 jusqu'en mars 2005.</s>
    <s>J'ai lement appartenu au comitditorial de la revue suivante :</s>
    <s>International Journal on Artificial Intelligence Tools , World Scientific, depuis septembre 1996 (vol. 5, n 3), jusqu'eptembre 2000. J'ai co-teur invitu vol. 6 , n4 paru en dmbre1997.</s>
    <s>&gt; Comitde programme</s>
    <s>J'ai participu vais participer aux comitde programmes des confnces suivantes :</s>
    <s>Confnces internationales</s>
    <s>Responsable de th pour la 13 th International Conference on Principles of Knowledge Representation and Reasoning (KR'12) , Rome, 2010.</s>
    <s>Membre du comite programme de 3rd International Workshop on Logic, Rationality and Interaction (LORI'11), Guangzhou, 2011.</s>
    <s>Membre du comite programme de 5th International Conference on Knowledge Science, Engineering and Management (KSEM'11), Irvine, 2011.</s>
    <s>Membre senior du comite programme de 25th National Conference on Artificial Intelligence (AAAI'11), San Francisco, 2011.</s>
    <s>Membre du comite programme de special track of AAAI'11 on New Scientific and Technical Advances in Research (NECTAR), San Francisco, 2011.</s>
    <s>Membre senior du comite programme de nd International Joint Conference on Artificial Intelligence (IJCAI'11), Barcelone, 2011.</s>
    <s>Membre du comite programme de 11th European Conference on Symbolic and Quantitative Approaches to Reasoning with Uncertainty (ECSQARU'11), Belfast, 2011.</s>
    <s>Responsable de th pour la th European Conference on Artificial Intelligence (ECAI'10), Lisbonne, 2010.</s>
    <s>Membre du comite programme de 3rd International Workshop on Logic and Search (LaSh'10), Edinburgh, 2010.</s>
    <s>Membre du comite programme de 4th International Conference on Knowledge Science, Engineering and Management (KSEM'10), Belfast, 2010.</s>
    <s>Membre du comite programme de 14th International Conference on Artificial Intelligence: Methodology, Systems, Applications (AIMSA'10), Varna, 2010.</s>
    <s>Membre du comite programme de 24th National Conference on Artificial Intelligence (AAAI'10), Atlanta, 2010.</s>
    <s>Membre du comite programme de special track of AAAI'10 on New Scientific and Technical Advances in Research (NECTAR), Atlanta, 2010.</s>
    <s>Membre du comite programme de 12 th International Conference on Principles of Knowledge Representation and Reasoning (KR'10) , Toronto, 2010.</s>
    <s>Membre du comite programme de 6th International Symposium on Foundations of Information and Knowledge Systems (FoIKS'10), Sofia, 2010.</s>
    <s>Membre du comite programme de 21st International Joint Conference on Artificial Intelligence (IJCAI'09), Pasadena, 2009.</s>
    <s>Membre du comite programme du 3rd International Conference on Knowledge Science, Engineering and Management (KSEM'09), Vienne, 2009.</s>
    <s>Membre du comite programme de 10th European Conference on Symbolic and Quantitative Approaches to Reasoning with Uncertainty (ECSQARU'09), Verone, 2009.</s>
    <s>Membre du comite programme de 3rd International Conference on Research Challenges in Information Science (RCIS'09), F 2009.</s>
    <s>Membre du comite programme du 2nd International Workshop on Logic and Search (LaSh'08), Leuven, 2008.</s>
    <s>Membre du comite programme de th European Conference on Artificial Intelligence (ECAI'08), Patras, 2008.</s>
    <s>Membre du comite programme de 23rd National Conference on Artificial Intelligence (AAAI'08), Chicago, 2008.</s>
    <s>Membre du comite programme de th International Conference on Principles of Knowledge Representation and Reasoning (KR'08), Sydney, 2008.</s>
    <s>Membre du comite programme de 2nd International Conference on Research Challenges in Information Science (RCIS'08), Marrakech, 2008.</s>
    <s>Membre du comite programme de 2nd International Conference on Knowledge Science, Engineering and Management (KSEM'07), Melbourne, 2007.</s>
    <s>Membre du comite programme de 22nd National Conference on Artificial Intelligence (AAAI'07), Vancouver, 2007.</s>
    <s>Membre du comite programme de 9th European Conference on Symbolic and Quantitative Approaches to Reasoning with Uncertainty (ECSQARU'07), Hammamet, 2007.</s>
    <s>Membre du comite programme de 1st International Workshop on Logics and Collective Decision making (LCD'07), Lille, 2007.</s>
    <s>Membre du comite programme de 20th International Joint Conference on Artificial Intelligence (IJCAI'07), Hyderabad, 2007.</s>
    <s>Membre du comite programme de 1st International Conference on Research Challenges in Information Science (RCIS'07), Ouarzazate, 2007.</s>
    <s>Membre du comite programme de 12th International Conference on Artificial Intelligence: Methodology, Systems, Applications (AIMSA'06), Varna, 2006.</s>
    <s>Membre du comite programme de 5th Mexican International Conference in Artificial Intelligence (MICAI'06), Mexico, 2006.</s>
    <s>Membre du comite programme de 1st International Conference on Knowledge Science, Engineering and Management (KSEM'06), Guilin, 2006.</s>
    <s>Membre du comite programme de thEuropean Conference on Artificial Intelligence (ECAI'06), Trente, 2006.</s>
    <s>Membre du comite programme de th International Conference on Principles of Knowledge Representation and Reasoning (KR'06), Manchester, 2006.</s>
    <s>Membre du comite programme de 8 th European Conference on Symbolic and Quantitative Approaches to Reasoning with Uncertainty (ECSQARU'05) , Barcelone, 2005.</s>
    <s>Membre du comite programme de 4th Mexican International Conference in Artificial Intelligence (MICAI'05), Monterrey, Mexico, 2005.</s>
    <s>Membre du comite programme de th International Conference on Principles of Knowledge Representation and Reasoning (KR'04), Whistler, 2004.</s>
    <s>Membre du comite programme de th International Joint Conference on Artificial Intelligence (IJCAI'03), Acapulco, 2003.</s>
    <s>Co-prdent du comite programme de th IEEE International Conference on Tools with Artificial Intelligence (ICTAI'96), Toulouse, 1996 (premi occurrence d'ICTAI en Europe).</s>
    <s>Membre du comite programme du workshop Advances in Propositional Deduction , ECAI'96, Budapest, 1996.</s>
    <s>Membre du comite programme de 6th IEEE International Conference on Tools with Artificial Intelligence (ICTAI'94), New Orleans, 1994.</s>
    <s>Membre du comite programme de International Conference on Fault Diagnosis, TOOLDIAG'93 , Toulouse, 1993.</s>
    <s>Confnces nationales ou francophones</s>
    <s>Membre du comite programme du 1 8e Congrfrancophone AFRIF-AFIA Reconnaissance des Formes et Intelligence Artificielle (RFIA'12) , Lyon, 2012.</s>
    <s>Membre du comite programme des 5e Journ Nationales de l'Intelligence Artificielle Fondamentale (IAF'11), Lyon, 2011.</s>
    <s>Membre du comite programme des 6e Journ francophones sur les Mods Formels d'Interactions (MFI'11), Rouen, 2011.</s>
    <s>Membre du comite programme des 4e Journ Nationales de l'Intelligence Artificielle Fondamentale (IAF'10), Strasbourg, 2010.</s>
    <s>Membre du comitditorial du 1 e Congrfrancophone AFRIF-AFIA Reconnaissance des Formes et Intelligence Artificielle (RFIA'10) , Caen, 2010.</s>
    <s>Membre du comite programme des 3e Journ Nationales de l'Intelligence Artificielle Fondamentale (IAF'09), Marseille, 2009.</s>
    <s>Membre du comite programme des 5e Journ francophones sur les Mods Formels d'Interactions (MFI'09), Lannion, 2009.</s>
    <s>Membre du comite programme des 2e Journ Nationales de l'Intelligence Artificielle Fondamentale (IAF'08), Paris, 2008.</s>
    <s>Co-prdent du comite programme du 16 e Congrfrancophone AFRIF-AFIA Reconnaissance des Formes et Intelligence Artificielle (RFIA'08) , Amiens, 2008.</s>
    <s>Membre du comite programme des 1e Journ Nationales de l'Intelligence Artificielle Fondamentale (IAF'07), Grenoble, 2007.</s>
    <s>Membre du comite programme des 4e Journ francophones sur les Mods Formels d'Interactions (MFI'07), Paris, 2007.</s>
    <s>Membre du comitditorial du 15 e Congrfrancophone AFRIF-AFIA Reconnaissance des Formes et Intelligence Artificielle (RFIA'06) , Tours, 2006.</s>
    <s>Membre du comite programme des 3e Journ Nationales sur les Mods de Raisonnement (JNMR'03) , Paris, 2003.</s>
    <s>Membre du comite programme des e Journ Nationales sur la Rlution Pratique des Probls NP-Complets (JNPC'03) , Amiens, 2003.</s>
    <s>Membre du comite programme des e Journ Nationales sur la Rlution Pratique des Probls NP-Complets (JNPC'02) , Nice, 2002.</s>
    <s>Membre du comite programme des e Journ Nationales sur la Rlution Pratique des Probls NP-Complets (JNPC'01) , Toulouse, 2001.</s>
    <s>Membre du comite programme des 6 e Journ Nationales sur la Rlution Pratique des Probls NP-Complets (JNPC'00) , Marseille, 2000.</s>
    <s>Membre du comite programme du 12 e Congrfrancophone AFRIF-AFIA Reconnaissance des Formes et Intelligence Artificielle (RFIA'2000) , Paris, 2000.</s>
    <s>Membre du comite programme de la 1 e Confnce d'apprentissage (CAP'99) , Palaiseau, 1999.</s>
    <s>Prdent du comite programme des 4 e Rencontres nationales des jeunes chercheurs en intelligence artificielle (RJCIA'98) , Toulouse, 1998.</s>
    <s>Membre du comite programme des 6 e Journ nationales du PRC-GDR Intelligence artificielle , Grenoble, 1997.</s>
    <s>Membre du comite programme des 1 e Rencontres nationales des jeunes chercheurs en intelligence artificielle (RJCIA'92) , Rennes, 1992.</s>
  </text>
</page>
