<?xml version="1.0" encoding="UTF-8"?>
<!DOCTYPE page SYSTEM "page.dtd">
<page>
  <lang>fr</lang>
  <url>http://portail.umons.ac.be/fr/universite/admin/cerp/Pages/Agenda.aspx</url>
  <title>Agenda - Université de Mons</title>
  <snippet>
    <s>31 juillet au 3 août 2011 - 17e conférence européenne sur la lecture à l&#39;UMONS Public : tout public L&#39;animateur conférencier : Gaëtan Naizy (HECFH - ISIMS) abordées : installation, droits d&#39;accès, mailing list, Flux RSS, articles, menus, … . Comment pondérer les critères et évaluer les offres lors de la passation de </s>
  </snippet>
  <text>
    <s>Activer le mode plus accessible Passer au contenu principal</s>
    <s>Désactiver le mode plus accessible</s>
    <s>L' Université</s>
    <s>Infos sur </s>
    <s>Infos pour </s>
    <s>Plan du site</s>
    <s>Facultés et Instituts</s>
    <s>Conseils et Commissions</s>
    <s>Pôles d'excellence et Partenaires</s>
    <s>!Défiler vers le haut</s>
    <s>!Défiler vers le bas</s>
    <s>L' Institution</s>
    <s>Vie sur le campus</s>
    <s>Evénements: congrès,colloques,expos </s>
    <s>!Défiler vers le haut</s>
    <s>!Défiler vers le bas</s>
    <s>Futurs étudiants</s>
    <s>Etudiants internationaux</s>
    <s>Enseignants/Elèves du secondaire</s>
    <s>Anciens de l'UMONS / ALUMNI</s>
    <s>!Défiler vers le haut</s>
    <s>!Défiler vers le bas</s>
    <s>!Ignorer les liens de navigation</s>
    <s>Service Communication et Relations publiques</s>
    <s>Pourquoi choisir l'UMONS ?</s>
    <s>L'UMONS et le Hainaut</s>
    <s>RDV Rhétos</s>
    <s>Vie étudiante</s>
    <s>Plan d'accès</s>
    <s>Revues et publications</s>
    <s>Congrès, Colloques, </s>
    <s>Portes Ouvertes</s>
    <s>Salons et Manifestations</s>
    <s>Franchir le Cap / Cours introductifs</s>
    <s>Accueil rhétos / cours ouverts</s>
    <s>!Défiler vers le haut</s>
    <s>!Défiler vers le bas</s>
    <s>Associations étudiants</s>
    <s>!Défiler vers le haut</s>
    <s>!Défiler vers le bas</s>
    <s>Campus Plaine de Nimy</s>
    <s>Campus Sciences Humaines</s>
    <s>Campus Polytech</s>
    <s>Campus Charleroi</s>
    <s>Campus Archi</s>
    <s>!Défiler vers le haut</s>
    <s>!Défiler vers le bas</s>
    <s>Rectorat et Administration</s>
    <s>Facultés et Instituts</s>
    <s>Services pour étudiants</s>
    <s>!Défiler vers le haut</s>
    <s>!Défiler vers le bas</s>
    <s>Lettre d'information</s>
    <s>!Défiler vers le haut</s>
    <s>!Défiler vers le bas</s>
    <s>8, 9 et 10 février 2012 - 3ème Cours de Chirurgie des Fosses Nasales et des Sinus</s>
    <s>7 octobre 2011 - 8ème Journée Médicale</s>
    <s>24 septembre 2011-VIIe Symposium &quot;Lipides et Atherosclerose&quot;</s>
    <s>31 juillet au 3 août 2011 - 17e conférence européenne sur la lecture à l'UMONS</s>
    <s>25, 26 et 27 mars 2011 - 42ème Journées d’étude de L’A.L.F.P.H.V. : « Neuropsychologie et déficience visuelle : Quels enjeux pour la clinique ?&quot;</s>
    <s>14, 15 et 16 mars 2011 - Colloque international sur le thème &quot;Langage et récursion&quot;</s>
    <s>14 et 15 février 2011 - 1er Cours Franco-Belge de Chirurgie Endocrinienne</s>
    <s>9, 10 et 11 février 2011 - 2ème Cours de Chirurgie des Fosses Nasales et des Sinus</s>
    <s>4 décembre 2010 - 7ème Journée Médicale</s>
    <s>2 et 3 décembre 2010 - 5e et 6e Journées Médicales</s>
    <s>25 septembre 2010 - VIe Symposium &quot;Lipides et Athérosclérose&quot;</s>
    <s>24 et 25 septembre 2010 - Les journées de la craie</s>
    <s>25-28 mai 2010 XXVIIe Journées d'Etude sur la Parole</s>
    <s>19-21 May 2010 - 12th Bi-Annual Conference on Contrast Agents and Multimodal Molecular Imaging</s>
    <s>15 au 17 avril 2010 - Symposium International sur la Maintenance et la Maîtrise des Risques</s>
    <s>3, 4 et 5 février 2010 - 1er Cours de Chirurgie des Fosses Nasales et des Sinus</s>
    <s>10-12 décembre 2009 - Penser librement sous la censure</s>
    <s>27-28 novembre 2009 - &quot;Les traductions extraordinaires d'E.A. Poe&quot;</s>
    <s>15 et 16 octobre 2009 - Troisième Journée Médicale de l'Université de Mons</s>
    <s>!Défiler vers le haut</s>
    <s>!Défiler vers le bas</s>
    <s>Jusqu'au 30/11 Explorer l'Invisible à la Maison de la Biodiversité</s>
    <s>du 11/11/09 au 20/12/09 - Esthétique de la résistance</s>
    <s>!Défiler vers le haut</s>
    <s>!Défiler vers le bas</s>
    <s>Rentrées académiques 2011</s>
    <s>!Défiler vers le haut</s>
    <s>!Défiler vers le bas</s>
    <s>Département Affaires Académiques</s>
    <s>Administration et Valorisation de la Recherche</s>
    <s>Département Affaires Etudiantes</s>
    <s>Département Ressources Humaines</s>
    <s>Département Ressources Informatiques</s>
    <s>Département Affaires Financières</s>
    <s>Budget et Administration générale</s>
    <s>Service Prévention (SIPPT)</s>
    <s>Département Logistique</s>
    <s>Département Infrastructure</s>
    <s>|Cours en ligne</s>
    <s>|Plan d'acces</s>
    <s>Tous les sitesPersonnesCe site : Service Communication et Relations publiques</s>
    <s>Recherche avancée</s>
    <s>UMONS &gt; Fr &gt; L' Universite &gt; Administration &gt; Service Communication et Relations publiques &gt; Agenda</s>
    <s>Le 20/10/2011</s>
    <s>De 19:00 à 22:00</s>
    <s>Jeudis du Libre de Belgique : Joomla</s>
    <s>Le sujet de cette séance : Joomla Thématique : Web Public : tout public L'animateur conférencier : Gaëtan Naizy (HECFH - ISIMS) Description: Un site Web de qualité en moins de 2 heures, Mission Impossible ? Pas pour les Jeudis du LibreNotre mission : créer un site web ayant les fonctionnalités les plus usuelles. Pour ce faire, nous allons utiliser notre arme secrète : JoomlaFonctionnalités qui seront abordées : installation, droits d’accès, mailing list, Flux RSS, articles, menus, … La participation sera gratuite et ne nécessitera que votre inscription nominative, de préférence préalable, ou à l'entrée de la séance. Merci d'indiquer votre intention (même incertaine) en répondant à ce mail, ou à l'adresse jeudisdulibre@loligrub.be Cette séance sera suivie d'un verre de l'amitié, offert par la Faculté Polytechnique de l'UMONS (le tout sera terminé à 22h). Si vous êtes intéressé(e) par ce cycle mensuel, n’hésitez pas à consulter l'agenda et à vous inscrire sur la liste de diffusion afin de recevoir systématiquement les annonces, ou à nous contacter à l’adresse jeudisdulibre@loligrub.be Pour rappel, les Jeudis du Libre se veulent des rencontres autour de thématiques des Logiciels Libres. Les rencontres montoises se déroulent chaque troisième jeudi du mois, et sont organisées dans des locaux et en collaboration avec des Hautes Écoles et Facultés Universitaires du Pôle Hainuyer d'enseignement supérieur impliquées dans les formations d’informaticiens (UMONS, HECFH et Condorcet), et avec le concours de l’A.S.B.L. LoLiGrUB, active dans la promotion des logiciels libres. Pour ceux qui n'ont pu être présents lors de la première séance dédiée à &quot;la valorisation des logiciels libres en entreprise&quot;, ou pour ceux qui souhaitent la revoir, le fichier pdf et des vidéos sont disponibles (librement) en téléchargement, via les liens annoncés à la page http://jeudisdulibre.be/2011/09/02/mons-la-valorisation-des-logiciels-libres-en-entreprise/</s>
    <s>Contact : Didier VILLERS</s>
    <s>Lieu : Université de Mons, Faculté Polytechnique, Boulevard Dolez 31, salle Académique</s>
    <s>+ d'info</s>
    <s>Le 22/10/2011</s>
    <s>De 16:00 à 23:00</s>
    <s>Polytech Mons Day 2011</s>
    <s>La Faculté Polytechnique, en association avec la Fédération des Etudiants Polytech et l’AIMs, organise le samedi 22 octobre 2011 à 16h une cérémonie officielle de remise de diplôme à la 168ème promotion d’ingénieurs civils (Amphithéâtre R. Stiévenart – site Joncquois). Cette cérémonie sera suivie par une soirée de gala organisée à partir de 19h au Château de Beloeil. Vous trouverez l’invitation en cliquant sur le lien suivant « PMD2011 ». Les inscriptions doivent se faire à partir du site http://pmd.fede.fpms.ac.be (nombre limité de places). Votre participation est à verser sur le n° de compte BE78 0015 6339 6486 (réservation prise en compte lors du paiement). Bienvenue à toutes et à tous</s>
    <s>+ d'info</s>
    <s>Le 24/10/2011</s>
    <s>De 18:15 à 20:00</s>
    <s>La naissance des Etats-Unis d'Amérique - Alain Piette</s>
    <s>Cette conférence est proposée dans le cadre du cycle &quot;Le XVIIIe siècle. Quand la lumière de la raison remplace l'illumination divine.</s>
    <s>Contact : Cindy DOCQUIER</s>
    <s>Lieu : Université de Mons. Faculté Warocqué - auditoire Hotyat (1er étage)</s>
    <s>+ d'info</s>
    <s>Le 24/10/2011</s>
    <s>De 9:00 à 17:00</s>
    <s>Evaluation et gestion du risque de violence - Module 2D (Statique-99) - Claire Ducro</s>
    <s>Module faisant partie de la formation &quot;Violences et Troubles mentaux&quot; proposée par Th. H. Pham (UMONS)</s>
    <s>Contact : Cindy DOCQUIER</s>
    <s>Lieu : Université de Mons - Place Waroqué 17 - 7000 MONS</s>
    <s>+ d'info</s>
    <s>Le 24/10/2011</s>
    <s>De 19:00 à 21:00</s>
    <s>Séminaire Pas à Pas. Introduction à la lecture de Jacques Lacan</s>
    <s>Angoisse et Eros - Philippe Hellebois Ce qui est craint, c'est la réussite - Guy Poblome</s>
    <s>Contact : Cindy DOCQUIER</s>
    <s>Lieu : Université de Mons. Place Warocqué 17 - 7000 MONS</s>
    <s>+ d'info</s>
    <s>Le 26/10/2011</s>
    <s>De 10:15 à 12:00</s>
    <s>Conférence de l'Ambassadeur des Etats-Unis</s>
    <s>Le mercredi 26 octobre 2011 à 10 h15, la Faculté de Traduction et d'Interprétation -EII reçoit l'Amassadeur des Etats-Unis en Belgique, M. Howard Gutman. Il donnera une conférence sur les relations belgo-américaines à l'auditoire 023 (Vésale - Plaine de Nimy).</s>
    <s>Le 3/11/2011</s>
    <s>De 18:15 à 20:00</s>
    <s>Les plantes médicinales : une longue histoire toujours d'actualité - Pierre Duez</s>
    <s>Cette conférence est proposée dans le cadre du cycle &quot;Histoire de la médecine.&quot;, en collaboration avec Le Carré des Sciences.</s>
    <s>Contact : Cindy DOCQUIER</s>
    <s>Lieu : Université de Mons. Bâtiment Warocqué - Auditoire Hotyat (1er étage)</s>
    <s>+ d'info</s>
    <s>Le 7/11/2011</s>
    <s>De 18:15 à 20:00</s>
    <s>La science éclaire le XVIIIe siècle de ses lumières - Pierre Gillis</s>
    <s>Cette conférence est proposée dans le cadre du cycle &quot;Le XVIIIe siècle. Quand la lumière de la raison remplace l'illumination divine.</s>
    <s>Contact : Cindy DOCQUIER</s>
    <s>Lieu : Université de Mons. Faculté Warocqué</s>
    <s>+ d'info</s>
    <s>Du 10/11/2011 au 11/11/2011</s>
    <s>Salon de l'étudiant au Luxembourg</s>
    <s>+ d'info</s>
    <s>Le 14/11/2011</s>
    <s>De 18:15 à 20:00</s>
    <s>La religion à la lumière de la connaissance et de la critique - Monique Weis</s>
    <s>Cette conférence est proposée dans le cadre du cycle &quot;Le XVIIIe siècle. Quand la lumière de la raison remplace l'illumination divine.</s>
    <s>Contact : Cindy DOCQUIER</s>
    <s>Lieu : Université de Mons. Faculté Warocqué</s>
    <s>+ d'info</s>
    <s>Le 21/11/2011</s>
    <s>De 18:15 à 20:00</s>
    <s>La naissance des Lumières radicales - Anne Herla</s>
    <s>Cette conférence est proposée dans le cadre du cycle &quot;Le XVIIIe siècle. Quand la lumière de la raison remplace l'illumination divine.</s>
    <s>Contact : Cindy DOCQUIER</s>
    <s>Lieu : Université de Mons. Faculté Warocqué</s>
    <s>+ d'info</s>
    <s>Le 21/11/2011</s>
    <s>De 19:00 à 21:00</s>
    <s>Séminaire Pas à Pas. Introduction à la lecture de Jacques Lacan</s>
    <s>Une pulsion n'a rien à voir avec un instinct - Dominique Holvoet Il est faux de dire que l'angoisse est sans objet - Béatrice Brault</s>
    <s>Contact : Cindy DOCQUIER</s>
    <s>Lieu : Université de Mons. Place Warocqué 17 - 7000 MONS</s>
    <s>+ d'info</s>
    <s>Du 24/11/2011 au 25/11/2011</s>
    <s>De 9:00 à 17:00</s>
    <s>Evaluation et gestion du risque de violence - Module 2E (Stable &amp; Aigu 2007) - Ian Barsetti</s>
    <s>Module faisant partie de la formation &quot;Violences et Troubles mentaux&quot; proposée par Th. H. Pham (UMONS)</s>
    <s>Contact : Cindy DOCQUIER</s>
    <s>Lieu : Université de Mons - Place Waroqué 17 - 7000 MONS</s>
    <s>+ d'info</s>
    <s>Du 25/11/2011 au 26/11/2011</s>
    <s>Salon &quot;Etudes, formations et professions&quot; du SIEP - Bruxelles</s>
    <s>Lieu : Tour &amp; Taxis</s>
    <s>+ d'info</s>
    <s>Le 28/11/2011</s>
    <s>De 18:15 à 20:00</s>
    <s>Sade et la religion - Valérie André</s>
    <s>Cette conférence est proposée dans le cadre du cycle &quot;Le XVIIIe siècle. Quand la lumière de la raison remplace l'illumination divine.</s>
    <s>Contact : Cindy DOCQUIER</s>
    <s>Lieu : Université de Mons. Faculté Warocqué - Auditoire Hotyat (1er étage)</s>
    <s>+ d'info</s>
    <s>Le 5/12/2011</s>
    <s>De 18:15 à 20:00</s>
    <s>La fabrique du corps humain : Léonard de Vinci, André Vésale, Ambroise Paré. Anatomie et chirurgie à la Renaissance - Jocelyne Sfez</s>
    <s>Cette conférence est proposée dans le cadre du cycle &quot;Histoire de la médecine.&quot;, en collaboration avec Le Carré des Sciences.</s>
    <s>Contact : Cindy DOCQUIER</s>
    <s>Lieu : Université de Mons. Bâtiment Warocqué - Auditoire Hotyat (1er étage)</s>
    <s>+ d'info</s>
    <s>Le 8/12/2011</s>
    <s>Séminiaire Esimap - Journée 1</s>
    <s>La comparaison des offres dans les procédures multicritères - La problématique de la pondération des critères d'attribution.</s>
    <s>Contact : Cindy DOCQUIER</s>
    <s>Lieu : Université de Mons. Place Warocqué 17 - 7000 MONS</s>
    <s>+ d'info</s>
    <s>Le 12/12/2011</s>
    <s>De 18:15 à 20:00</s>
    <s>Voltaire et Montesquieu - Bruno Bernard</s>
    <s>Cette conférence est proposée dans le cadre du cycle &quot;Le XVIIIe siècle. Quand la lumière de la raison remplace l'illumination divine.</s>
    <s>Contact : Cindy DOCQUIER</s>
    <s>Lieu : Université de Mons. Faculté Warocqué - Auditoire Hotyat (1er étage)</s>
    <s>+ d'info</s>
    <s>Le 12/12/2011</s>
    <s>De 9:00 à 17:00</s>
    <s>Evaluation et gestion du risque de violence - Module 2C (VRAG-SORAG) - Claire Ducro</s>
    <s>Module faisant partie de la formation &quot;Violences et Troubles mentaux&quot; proposée par Th. H. Pham (UMONS)</s>
    <s>Contact : Cindy DOCQUIER</s>
    <s>Lieu : Université de Mons - Place Waroqué 17 - 7000 MONS</s>
    <s>+ d'info</s>
    <s>Le 14/12/2011</s>
    <s>Séminiaire Esimap - Journée 2</s>
    <s>Comment pondérer les critères et évaluer les offres lors de la passation de marchés publics</s>
    <s>Contact : Cindy DOCQUIER</s>
    <s>Lieu : Université de Mons. Place Warocqué 17 - 7000 MONS</s>
    <s>+ d'info</s>
    <s>Le 19/12/2011</s>
    <s>De 18:15 à 20:00</s>
    <s>Rousseau - Anne Herla</s>
    <s>Cette conférence est proposée dans le cadre du cycle &quot;Le XVIIIe siècle. Quand la lumière de la raison remplace l'illumination divine.</s>
    <s>Contact : Cindy DOCQUIER</s>
    <s>Lieu : Université de Mons. Faculté Warocqué - Auditoire Hotyat (1er étage)</s>
    <s>+ d'info</s>
    <s>Le 19/12/2011</s>
    <s>De 19:00 à 21:00</s>
    <s>Séminaire Pas à Pas. Introduction à la lecture de Jacques Lacan</s>
    <s>Le laisser tomber de la jeune homosexuelle - Véronique Mariage Le symptôme dans sa nature est jouissance - Monique Kusnierek</s>
    <s>Contact : Cindy DOCQUIER</s>
    <s>Lieu : Université de Mons. Place Warocqué 17 - 7000 MONS</s>
    <s>+ d'info</s>
    <s>Le 9/01/2012</s>
    <s>De 18:15 à 20:00</s>
    <s>Diderot et l'Encyclopédie - Gaëlle Jeanmart</s>
    <s>Cette conférence est proposée dans le cadre du cycle &quot;Le XVIIIe siècle. Quand la lumière de la raison remplace l'illumination divine.&quot;</s>
    <s>Contact : Cindy DOCQUIER</s>
    <s>Lieu : Université de Mons. Faculté Warocqué - Auditoire Hotyat (1er étage)</s>
    <s>+ d'info</s>
    <s>Du 12/01/2012 au 14/01/2012</s>
    <s>Salon de l'étudiant à Lille</s>
    <s>+ d'info</s>
    <s>Le 12/01/2012</s>
    <s>De 18:15 à 20:00</s>
    <s>Histoire de la microbiologie, de Louis Pasteur à nos jours - Camille Locht</s>
    <s>Cette conférence est proposée dans le cadre du cycle &quot;Histoire de la médecine.&quot;, en collaboration avec Le Carré des Sciences.</s>
    <s>Contact : Cindy DOCQUIER</s>
    <s>Lieu : Université de Mons. Bâtiment Warocqué - Auditoire Hotyat (1er étage)</s>
    <s>+ d'info</s>
    <s>Le 16/01/2012</s>
    <s>De 18:15 à 20:00</s>
    <s>Cette conférence est proposée dans le cadre du cycle &quot;Le XVIIIe siècle. Quand la lumière de la raison remplace l'illumination divine.&quot;</s>
    <s>Contact : Cindy DOCQUIER</s>
    <s>Lieu : Université de Mons. Faculté Warocqué - Auditoire Hotyat (1er étage)</s>
    <s>+ d'info</s>
    <s>Le 23/01/2012</s>
    <s>De 18:15 à 20:00</s>
    <s>Cette conférence est proposée dans le cadre du cycle &quot;Le XVIIIe siècle. Quand la lumière de la raison remplace l'illumination divine.&quot;</s>
    <s>Contact : Cindy DOCQUIER</s>
    <s>Lieu : Université de Mons. Faculté Warocqué - Auditoire Hotyat (1er étage)</s>
    <s>+ d'info</s>
    <s>Le 30/01/2012</s>
    <s>De 18:15 à 20:00</s>
    <s>Les lumières à la lumière de la pensée d'Emmanuel Kant - Antonin Mazzu</s>
    <s>Cette conférence est proposée dans le cadre du cycle &quot;Le XVIIIe siècle. Quand la lumière de la raison remplace l'illumination divine.&quot;</s>
    <s>Contact : Cindy DOCQUIER</s>
    <s>Lieu : Université de Mons. Faculté Warocqué - Auditoire Hotyat (1er étage)</s>
    <s>+ d'info</s>
    <s>Le 30/01/2012</s>
    <s>De 19:00 à 21:00</s>
    <s>Séminaire Pas à Pas. Introduction à la lecture de Jacques Lacan</s>
    <s>L'angoisse, signal du réel - Bernard Seynhaeve Sur l'amour - Katty Langelez</s>
    <s>Contact : Cindy DOCQUIER</s>
    <s>Lieu : Université de Mons. Place Warocqué 17 - 7000 MONS</s>
    <s>+ d'info</s>
    <s>Du 3/02/2012 au 4/02/2012</s>
    <s>Salons &quot;Etudes, formations et professions&quot; du SIEP - Charleroi</s>
    <s>Lieu : Expo</s>
    <s>+ d'info</s>
    <s>Le 6/02/2012</s>
    <s>De 18:15 à 20:00</s>
    <s>Le traitement des fous : psychiatrie et anti-psychiatrie - Jean-Noël Missa</s>
    <s>Cette conférence est proposée dans le cadre du cycle &quot;Histoire de la médecine.&quot;, en collaboration avec Le Carré des Sciences.</s>
    <s>Contact : Cindy DOCQUIER</s>
    <s>Lieu : Université de Mons. Bâtiment Warocqué - Auditoire Hotyat (1er étage)</s>
    <s>+ d'info</s>
    <s>Le 8/02/2012</s>
    <s>De 9:00 à 17:00</s>
    <s>Journée Portes ouvertes</s>
    <s>+ d'info</s>
    <s>Du 10/02/2012 au 11/02/2012</s>
    <s>Salons &quot;Etudes, formations et professions&quot; du SIEP - Namur</s>
    <s>Lieu : Expo</s>
    <s>+ d'info</s>
    <s>Le 27/02/2012</s>
    <s>De 19:00 à 21:00</s>
    <s>Séminaire Pas à Pas. Introduction à la lecture de Jacques Lacan</s>
    <s>La femme, plus vraie et plus réelle que l'homme - Laura Petrosino Ce qui manque, une affaire de mâle - Yves Vanderveken</s>
    <s>Contact : Cindy DOCQUIER</s>
    <s>Lieu : Université de Mons. Place Warocqué 17 - 7000 MONS</s>
    <s>+ d'info</s>
    <s>Du 2/03/2012 au 3/03/2012</s>
    <s>Salons &quot;Etudes, formations et professions&quot; du SIEP - Tournai</s>
    <s>Lieu : Expo</s>
    <s>+ d'info</s>
    <s>Du 8/03/2012 au 10/03/2012</s>
    <s>Salons &quot;Etudes, formations et professions&quot; du SIEP - Liège</s>
    <s>Lieu : Halles des Foires</s>
    <s>+ d'info</s>
    <s>Le 17/03/2012</s>
    <s>De 9:00 à 12:30</s>
    <s>Journée Portes ouvertes</s>
    <s>+ d'info</s>
    <s>Du 19/03/2012 au 25/03/2012</s>
    <s>Printemps des Sciences</s>
    <s>Du 22/03/2012 au 23/03/2012</s>
    <s>Journées Math/Sciences</s>
    <s>Le 26/03/2012</s>
    <s>De 19:00 à 21:00</s>
    <s>Séminaire Pas à Pas. Introduction à la lecture de Jacques Lacan</s>
    <s>Angoisse et orgasme - Véronique Robert Amour et désir chez l'obsessionnel - Jean-François Lebrun</s>
    <s>Contact : Cindy DOCQUIER</s>
    <s>Lieu : Université de Mons. Place Warocqué 17 - 7000 MONS</s>
    <s>+ d'info</s>
    <s>Du 20/04/2012 au 21/04/2012</s>
    <s>Salons &quot;Etudes, formations et professions&quot; du SIEP - La Louvière</s>
    <s>Lieu : Hall Omnisport Bouvy</s>
    <s>+ d'info</s>
    <s>Le 24/04/2012</s>
    <s>Journée de la Gestion à Mons</s>
    <s>Le 26/04/2012</s>
    <s>Journée de la gestion à Charleroi</s>
    <s>Le 5/05/2012</s>
    <s>De 9:00 à 12:30</s>
    <s>Journée Portes ouvertes</s>
    <s>+ d'info</s>
    <s>Le 9/05/2012</s>
    <s>De 14:00 à 18:00</s>
    <s>Jounée Portes ouvertes à Charleroi</s>
    <s>+ d'info</s>
    <s>Du 10/05/2012 au 11/05/2012</s>
    <s>De 9:00 à 17:00</s>
    <s>Evaluation et gestion du risque de violence - Module 3 (Victimisation) - Olivier Vanderstikken</s>
    <s>Module faisant partie de la formation &quot;Violences et Troubles mentaux&quot; proposée par Th. H. Pham (UMONS)</s>
    <s>Contact : Cindy DOCQUIER</s>
    <s>Lieu : Université de Mons - Place Waroqué 17 - 7000 MONS</s>
    <s>+ d'info</s>
    <s>Le 22/06/2012</s>
    <s>De 9:00 à 17:00</s>
    <s>Evaluation et gestion du risque de violence - Modules 2A &amp; 2B - Gilles Côté</s>
    <s>Modules faisant partie de la formation &quot;Violences et Troubles mentaux&quot; proposée par Th. H. Pham (UMONS)</s>
    <s>Contact : Cindy DOCQUIER</s>
    <s>Lieu : Université de Mons - Place Waroqué 17 - 7000 MONS</s>
    <s>+ d'info</s>
    <s>Le 23/06/2012</s>
    <s>De 9:00 à 12:30</s>
    <s>Journée Portes ouvertes</s>
    <s>Premier jour des inscriptions</s>
    <s>+ d'info</s>
    <s>20, place du Parc, B7000 Mons - Belgique</s>
    <s>Tél: +32 (0)65 373111</s>
    <s>Courriel: info.mons@umons.ac.be</s>
  </text>
</page>
