<?xml version="1.0" encoding="UTF-8"?>
<!DOCTYPE page SYSTEM "page.dtd">
<page>
  <lang>fr</lang>
  <url>http://www.cliniqueatma.com/conferences.php</url>
  <title>Événements et conférences Longueuil - Clinique Atma</title>
  <snippet>
    <s>Événements, conférences et ateliers. Atelier : Initiation à la lithothérapie. par François Nicol et Laëtitia Betton, lithothérapeutes, membre de l&#39;IMBM. Atelier de 7,5 </s>
  </snippet>
  <text>
    <s>Accueil Services thpeutiques Cours Confnces et ateliers Boutique et clinique (photos) Blogue Liens, emplois et autre Nous joindre</s>
    <s>Évenements, conferences et ateliers</s>
    <s>Atelier :</s>
    <s>Initiation a la lithotherapie</s>
    <s>par François Nicol et Laetitia Betton , lithothpeutes, membre de l'IMBM</s>
    <s>Atelier de 7,5 heures en lithothpie au cours desquels sont aborddivers aspects relatifs a l'utilisation des pierres et des cristaux dans un but thpeutique, tels :</s>
    <s>- Quel est le role des pierres;</s>
    <s>- Comment les entretenir;</s>
    <s>- Comment bien les choisir;</s>
    <s>- Leur correspondance avec les chakras;</s>
    <s>- De quelle façon les disposer sur le corps;</s>
    <s>- Leurs effets bfiques sur les diffnts corps (physique, tif et spirituel).</s>
    <s>L'organisation pgogique du cours favorise une combinaison d'ments thiques et d'exercices pratiques.</s>
    <s>Dates : Cancellspan&gt;. L'atelier Initiation a la lithotherapie sera possiblement donne cet hiver. Laisser vos coordonnees a info@cliniqueatma.com si vous desirez etre avise des prochaines dates.</s>
    <s>Cout : 125 $ (taxes incluses)</s>
    <s>Places limit. Inscriptions au 450.332.6060</s>
    <s>Veuillez noter que cet atelier sera aussi donne le 17 septembre a l'IMBM de Montreal.</s>
    <s>!cours de yoga thpeutique</s>
    <s>Confnce :</s>
    <s>Les prratifs au voyage de l', pour apprivoiser la mort</s>
    <s>- Guide pratique a saveur Tibine pour accompagnateur</s>
    <s>par Martine G. Fortier , infirmiere, auteure et conferenciere</s>
    <s>invitee par le groupe HAMSA</s>
    <s>En fin de vie lorsque la mcine a tout doyour soulager celui qui va mourir, et quand l'impuissance nous envahit, que peut-on faire ?</s>
    <s>La confnce sera prntpar Mme Martine G. Fortier, infirmiere de formation. Mme Fortier a travaillendant pres de vingt-cinq ans dans le domaine de la dcience intellectuelle et physique, de la psychogatrie et de la santentale. Elle a compl des des en soins palliatifs, milieu aupres duquel elle a ouvrendant cinq ans. À ce jour, elle transmet sa passion a travers l'enseignement des soins infirmiers au niveau collal.</s>
    <s>En tant qu'auteure et confnciere, elle nous prnte le fruit de ses des, de ses recherches et de ses expmentations aupres des gens confronta la mort, sujet qui la fascine depuis de nombreuses ann. Elle a lement compiliverses techniques de mtations dynamiques et contemporaines, enseign par Sri Adi Dadi, dans le recueil intitula &quot;Science de l'Essential Yoga&quot;.</s>
    <s>Toujours a l'affut de ce qui pourrait aider l'etre humain a expmenter consciemment ses derniers instants de vie elle ne cesse de se passionner pour l'de de ce que la vie lui prnte.</s>
    <s>Date : Mercredi, 12 octobre, 19h30</s>
    <s>Cout : 25 $ (taxes incluses)</s>
    <s>Places limit. Inscriptions au 450.332.6060</s>
    <s>!atelier de yoga a Longueuil</s>
    <s>Atelier thtique de Qigong :</s>
    <s>La libtion tionnelle par le Qigong</s>
    <s>Les tions sont un principe naturel de la vie et sont parfois saines. Sans un certain degre stress, de colere ou de peur, l'etre humain ne serait jamais arrivagrave; survivre a travers les diffntes ques de son histoire. Cependant, il arrive que certaines tions appent a notre controle et deviennent injustifi ou excessives. On parle alors de problemes comme le stress chronique ou l'anxi, et ce genre d'tion peut avoir une influence directe sur notre niveau d'rgie, notre qualite vie et, a long terme, altr considblement notre t de sant</s>
    <s>De nos jours, la mcine moderne reconnait de plus en plus l'influence du stress sur notre santPlusieurs recherches tentent de confirmer l'oite relation entre le corps et l'esprit. La tradition chinoise, quant a elle, n'a jamais bli de dichotomie entre le corps et l'esprit. Rien ne sre nos tions de notre corps physique. Ainsi, une tion que l'on vit mal en rapport a un nement quelconque peut nuire au bon fonctionnement de nos organes. Inversement, si l'on a des dquilibres physiques a l'inteur du corps, cela devient un terrain propice a l'apparition d'tions qui deviendront chroniques dans certains cas.</s>
    <s>Vous est-il dagrave; arriv'avoir des tions rrrentes dont vous n'arriviez pas a vous drrasser?</s>
    <s>Dans cet atelier, vous apprendrez comment les tions de la vie quotidienne affectent notre corps et nos organes du point de vue de la mcine traditionnelle chinoise. Ensuite, vous verrez comment il devient possible de libr ces tions a l'aide d'exercices simples et adapt</s>
    <s>Date : Samedi, 15 octobre, 14h a 17h</s>
    <s>Cout : 45 $ (taxes incluses)</s>
    <s>Places limit. Inscriptions au 450.332.6060</s>
    <s>!atelier de yoga sur la Rive-sud de Montr</s>
    <s>Atelier thtique de yoga :</s>
    <s>Introduction au yoga therapeutique</s>
    <s>par Isabelle Cloutier, enseignante de Yoga</s>
    <s>Approche holistique et complntaire a tout autre traitement, le yoga thpeutique vise a optimiser votre santt votre bien-etre en vous impliquant au coeur meme de votre drche.</s>
    <s>Ce premier volet d'une se de plusieurs ateliers a pour but de vous introduire au yoga d'un point de vue thpeutique par l'exploration et l'expmentation de ces principes de base :</s>
    <s>- Les diffnts corps</s>
    <s>- L'attitude juste</s>
    <s>- L'intention</s>
    <s>- Les Pawanmuktasanas (postures qui liberent l'rgie bloqu</s>
    <s>- La pratique au quotidien</s>
    <s>- Applications et recherches</s>
    <s>Date : Samedi, 22 octobre, 13h30 a 15h45</s>
    <s>Cout : 40 $ (taxes incluses)</s>
    <s>Places limit. Inscriptions au 450.332.6060</s>
    <s>Les ateliers suivants seront offerts ulteurement et porteront sur des applications plus prses du yoga thpeutique et seront offerts selon la demande :</s>
    <s>- Le dos</s>
    <s>- Le systeme digestif</s>
    <s>- Le systeme respiratoire (asthme et autres affections)</s>
    <s>- Le systeme hormonal (troubles menstruels, mpause)</s>
    <s>- La douleur (arthrite, arthrose, fibromyalgie)</s>
    <s>- La santentale (gestion du stress, anxi, angoisse, dession, insomnie)</s>
    <s>Puisque ces ateliers seront indndants les uns des autres, vous pourrez choisir en fonction de vos intecirc;ts et de vos besoins. Il est cependant prrable d'avoir assistu premier volet d'introduction au yoga thpeutique pour bien en comprendre les fondements.</s>
    <s>!yoga thpeutique</s>
    <s>Confnce en lithothpie :</s>
    <s>À chaque pierre sa forme, a chaque forme sa fonction (Partie 2)</s>
    <s>par François Nicol, lithothpeute, membre de l'IMBM</s>
    <s>La forme des pierres est un ment clans leur utilisation thpeutique. Chaque forme a sa propre fonction et sa particularitmais comment bien les utiliser ?</s>
    <s>Une forme de pierre est-elle prrable a une autre pour le port sur soi ?</s>
    <s>Est-il mieux d'utiliser une sphere ou un oeuf sur le bureau de travail ?</s>
    <s>La fonction d'un oeuf de quartz, par exemple, est bien diffnte de celle d'un baton, car les deux configurations se comportent diffmment. Si vous drez optimiser l'utilisation thpeutique que vous faites de vos pierres et vos cristaux, venez en apprendre un peu plus sur le secret de leurs formes.</s>
    <s>Veuillez noter qu'il n'est pas nssaire d'avoir suivi la premiere partie pour prendre part a cette confnce.</s>
    <s>Date : Mercredi, 26 octobre, 19h30</s>
    <s>Cout : 20 $ (taxes incluses)</s>
    <s>Places limit. Inscriptions au 450.332.6060</s>
    <s>!confnce en lithothpie</s>
    <s>Atelier thtique de Gymnastique Holistique:</s>
    <s>Libr sa respiration</s>
    <s>par Diane Thibaudeau, enseignante de Gymnastique Holistique</s>
    <s>Le travail de la Gymnastique Holistique s'attarde a dlopper ou a retrouver la &quot;disponibilituot; de chaque ron corporelle pour la recherche de l'aplomb en toute circonstance ainsi que de l'aisance du mouvement.</s>
    <s>Chacun de nous a sa propre maniere de respirer correctement ou de dnger son rythme respiratoire. Parvenir a laisser sa respiration s'adapter librement apporte un meilleur fonctionnement du corps, un esprit plus clair et une efficacitans la gestion de ses tions. La qualite notre respiration influe sur la qualite notre vie. Retrouver une respiration rythma nos actions quotidiennes, c'est se laisser respirer.</s>
    <s>Date : Samedi, 29 octobre, 13h30 a 15h45</s>
    <s>Cout : 40 $ (taxes incluses)</s>
    <s>Places limit. Inscriptions au 450.332.6060</s>
    <s>!confnce service d'accompagnement</s>
    <s>Atelier thtique de Qigong :</s>
    <s>L'auto-massage par le Qigong</s>
    <s>Auto-massage pour la prntion et le traitement des maladies. Ceci consiste en une se de techniques d'auto-massage issue de la tradition familiale de la famille Liu. Elle consiste en la stimulation de certains point par acupressure (pression de points d'acupuncture) et diffntes techniques de massages que l'on applique a soi-meme pour dndre les muscles, amorer la circulation du qi et du sang, favoriser la dnte et miner la fatigue.</s>
    <s>Date : Samedi, 12 novembre, 14h a 16h30</s>
    <s>Cout : 45 $ (taxes incluses)</s>
    <s>Places limit. Inscriptions au 450.332.6060</s>
    <s>!harmonisation des chakras</s>
    <s>Atelier thtique de yoga :</s>
    <s>Harmonisation des chakras</s>
    <s>par Louise Laplante, naturopathe et enseignante de Hatha Yoga</s>
    <s>Notre corps comporte plusieurs chakras dont 7 chakras primaires situle long de notre colonne vertale. Chacun de ceux-ci est reliux organes environnants, a un t de conscience ainsi qu'a un aspect particulier de notre personnalit/p&gt;</s>
    <s>Au cours de cet atelier vous apprendrez le role de chacun de vos chakras ainsi que diffntes techniques pour les harmoniser telles que :</s>
    <s>- Exercices de la colonne vertale;</s>
    <s>- Visualisations;</s>
    <s>- Chants / sons relies aux chakras </s>
    <s>L'harmonisation des chakras permet de maintenir une circulation fluide du prana (energie vitale) envers les divers organes ainsi que de s'ouvrir a notre pouvoir crif et a l'amour de soi.</s>
    <s>Date : Samedi, 19 novembre, 13h30 a 15h45</s>
    <s>Cout : 40 $ (taxes incluses)</s>
    <s>Places limit. Inscriptions au 450.332.6060</s>
    <s>!confnce sur la mort</s>
    <s>Confnce :</s>
    <s>Mourir dans la dignitem&gt;</s>
    <s>par Lucie Mc Lean et Lucie Beaudoin bvoles pour le groupe HAMSA</s>
    <s>De plus en plus nous entendons parler d'acharnement thpeutique, d'euthanasie, de suicide assistComment s'y retrouver ?</s>
    <s>Et, mourir dans la dignitqu'est-ce que cela signifie vraiment ? Qu'est-ce que cela implique ? Aborder la question avec une dimension spirituelle est-il une cl</s>
    <s>Date : Mercredi, 23 novembre, 19h30</s>
    <s>Cout : 15 $ (taxes incluses)</s>
    <s>Places limit. Inscriptions au 450.332.6060</s>
    <s>!confnce en naturopathie</s>
    <s>Atelier thtique de Gymnastique Holistique:</s>
    <s>Le pied un appui stable et dynamique</s>
    <s>par Diane Thibaudeau, enseignante de Gymnastique Holistique</s>
    <s>Le travail de la Gymnastique Holistique s'attarde a dlopper ou a retrouver la &quot;disponibilituot; de chaque ron corporelle pour la recherche de l'aplomb en toute circonstance ainsi que de l'aisance du mouvement.</s>
    <s>Au repos ou en mouvement, l'ilibre du corps humain est obligatoirement li la gravitÀ partir de l'appui des pieds, par un bon placement des genoux et du bassin, le tout peut se mettre en place. L'exploration de positions corporelles et de mouvements avec une attention particuliere aux appuis des pieds permet de s'ajuster avec facilitt de se mobiliser avec aisance. En habitant correctement son corps, il est possible de rire ou d'ter la fatigue. Il faut pour cela considr les notions d'ilibre, de verticalitt de centrage.</s>
    <s>Date : Samedi, 26 novembre, 13h30 a 15h45</s>
    <s>Cout : 40 $ (taxes incluses)</s>
    <s>Places limit. Inscriptions au 450.332.6060</s>
    <s>!confnce service d'accompagnement</s>
    <s>Confnce :</s>
    <s>Adieu fatigue et vague a l', bonjour vitalitt bonne humeur !</s>
    <s>par Laetitia Betton , naturopathe et lithothpeute, membre de l'IMBM</s>
    <s>La pode hivernale et le temps des fetes deviennent souvent synonymes de fatigue pour l'organisme et de changements d'humeur, de dession. Lors de cette confnce, vous apprendrez a prnir ces mouvements saisonniers inteurs.</s>
    <s>- Comment le systeme endocrinien fait-il la pluie et le beau temps au niveau de notre humeur et de notre vitalit</s>
    <s>- Comment peut-on ilibrer ce systeme a l'aide de la naturopathie et de la lithothpie, par l'utilisation d'xirs de pierres et de cristaux, pour une synergie complete et une action rapide ?</s>
    <s>Des solutions pratiques au quotidien.</s>
    <s>Date : Mercredi, 7 decembre, 19h30</s>
    <s>Cout : 20 $ (taxes incluses)</s>
    <s>Places limit. Inscriptions au 450.332.6060</s>
    <s>!atelier de yoga therapeutique a Longueuil</s>
    <s>Atelier thtique de Qigong :</s>
    <s>Les techniques de respiration du Qigong</s>
    <s>Description a venir</s>
    <s>Date : Samedi, 10 decembre, 14h a 16h30</s>
    <s>Cout : 45 $</s>
    <s>Places limit. Inscriptions au 450.332.6060</s>
    <s>!atelier de yoga therapeutique a Longueuil</s>
    <s>Atelier thtique de yoga :</s>
    <s>Chants sacret mtation</s>
    <s>par Viviane Schwartz, enseignante de yoga</s>
    <s>À l'approche de la pode des fetes, les chants sacrsont un ment important qui nous permet de rester en contact avec l'essentiel. C'est lement un moment d'intorisation que nous suggere le solstice d'hiver. Contacter l'inteur et laisser rnner ce qui vibre dans notre coeur.</s>
    <s>C'est ce que vous propose cet atelier en explorant les souffles, les sons et quelques mantras. Dans cet espace-temps, la mtation nous permet de dlopper la compassion et de souhaiter la paix et l'amour pour tous les etres qui nous entourent.</s>
    <s>Date : Samedi, 17 decembre, 13h30 a 16h</s>
    <s>Cout : 40 $ (taxes incluses)</s>
    <s>Places limit. Inscriptions au 450.332.6060</s>
    <s>&quot;Un des plus beaux centres pour le bien-etre sur la Rive-Sud de Montreal&quot;</s>
    <s>Clinique Atma, 46 Le Moyne Ouest, Longueuil (Quebec) J4H 1V3</s>
  </text>
</page>
