<?xml version="1.0" encoding="UTF-8"?>
<!DOCTYPE page SYSTEM "page.dtd">
<page>
  <lang>fr</lang>
  <url>http://www.bcm.ulaval.ca/departement/actualites_et_evenements/nouvelles_et_evenements/nouvelle/article/449/conferencier-invite-m-sylvain-moineau/</url>
  <title>Conférencier invité : M. Sylvain Moineau - Accueil - Université Laval</title>
  <snippet>
    <s>Actualités et évènements Conférencier invité : M. Sylvain Moineau Le professeur Sylvain Moineau était l&#39;un des sept conférenciers invités au Symposium </s>
  </snippet>
  <text>
    <s>Nous joindre</s>
    <s>Plan du site</s>
    <s>Demande d'admission</s>
    <s>Futurs diants</s>
    <s>Laisser un message</s>
    <s>La recherche</s>
    <s>Emplois et stages</s>
    <s>Actualitet nements</s>
    <s>Mot du directeur</s>
    <s>Capsules vid/a&gt;</s>
    <s>Nouvelles et nements</s>
    <s>Nouvelles et nements</s>
    <s>Confncier invit M. Sylvain Moineau</s>
    <s>Symposium RNA Biology: Beyond the Central Dogma</s>
    <s>Le professeur Sylvain Moineau it l'un des sept confnciers invitau Symposium intitul RNA Biology: Beyond the Central Dogma qui a eu lieu le 26 septembre dernier au New York University School of Medicine. Parmi les autres confnciers invit on retrouvait, entre autres, le gagnant du Prix Nobel de chimie en 2009, soit le Dr Venki Ramakrishnan.</s>
    <s>Pour plus de dils</s>
    <s>&lt;&lt; retour</s>
    <s>Actualitet nements</s>
    <s>Mot du directeur</s>
    <s>1er cycle</s>
    <s>2e cycle</s>
    <s>3e cycle</s>
    <s>Futurs diants</s>
    <s>Documents de cours</s>
    <s>Services aux diants</s>
    <s>Associations diantes</s>
    <s>Autres liens utiles</s>
    <s>La recherche</s>
    <s>Les chercheurs</s>
    <s>Axes de recherche</s>
    <s>Centres de recherche</s>
    <s>Centre Fx d'Hlle</s>
    <s>Emplois et stages</s>
    <s>Emplois diants</s>
    <s>Projet de recherche</s>
    <s>Travail en laboratoire</s>
    <s>(C) 2010 Departement de biochimie, de microbiologie et de bio-informatique | Conception: Louis-David Noel et Fabien Richert | Realisation: Équipe Tactic | Ce site utilise TYPO3</s>
  </text>
</page>
