<?xml version="1.0" encoding="UTF-8"?>
<!DOCTYPE page SYSTEM "page.dtd">
<page>
  <lang>fr</lang>
  <url>http://uclouvain.acm-sc.be/activites</url>
  <title>UCLouvain ACM Student Chapter</title>
  <snippet>
    <s>Soirées-conférences à thème &middot; Olympiades belges d&#39;Informatique &middot; Weekend festival Scienceinfuse &middot; Tutoriels &middot; Social Events &middot; Concours. Nos événements </s>
  </snippet>
  <text>
    <s>UCLouvain ACM Student Chapter</s>
    <s>Spread computer science, inform people</s>
    <s>À propos</s>
    <s>Nos grands thèmes d'activité</s>
    <s>Soirées-conférences à thème</s>
    <s>Olympiades belges d'Informatique</s>
    <s>Weekend festival Scienceinfuse</s>
    <s>Social Events</s>
    <s>Nos événements récents</s>
    <s>Weekend Festival Scienceinfuse 2011</s>
    <s>Agile Campus Tour - Code Workshop</s>
    <s>Agile Campus Tour - Planification Workshop</s>
    <s>Agile Campus Tour - 4 sessions théoriques</s>
    <s>Intelligent systems of the future: perspectives and opportunities</s>
    <s>Premier concours d'algorithmique et de programmation</s>
    <s>BEGRID Workshop</s>
    <s>Projection du film H2G2: Le Guide du Voyageur Galactique</s>
    <s>Session pratiques de la formation Latex 2010</s>
    <s>Formation Latex 2010</s>
    <s>Finale des Olympiades d'informatique 2010</s>
    <s>Weekend Festival Scienceinfuse 2010</s>
    <s>Conférence : Sécurité et vie privée</s>
    <s>Computer Graphics Night 2010</s>
    <s>Formation Latex 2009</s>
    <s>Quels sont les activités organisées ?</s>
    <s>L'ASBL UCLouvain ACM Student Chapter organise tout au long de l'année plusieurs activités en lien avec l'informatique. Cette page décrit les différentes activités qui sont organisées. N'hésitez à nous contacter pour toute question ou information complémentaire.</s>
    <s>Soirées-conférences à thème</s>
    <s>Courtes conférences, éventuellement suivies de débat, et orientées grand public. Elle se déroulent typiquement un jour de semaine en soirée, à Louvain-la-Neuve.</s>
    <s>Olympiades belges d'Informatique</s>
    <s>Organisées au sein de toute la communauté française, les olympiades regroupent s'adresse à la fois aux élèves de secondaire et aux étudiants du supérieur (1e bac).</s>
    <s>Weekend festival Scienceinfuse</s>
    <s>Organisé dans le cadre du Printemps des Sciences, ensemble d'activités de sensibilisation à l'informatique à l'intention des plus jeunes.</s>
    <s>Présentations sur divers domaines plus ou moins avancés de l'informatique. Ceux-ci seront dispensés en français ou en anglais selon l'orateur et le public visé.</s>
    <s>Social Events</s>
    <s>Évènements sociaux divers comme des soirées projection de films, des visites d'entreprise, des participations groupées à des concours de programmation </s>
    <s>Concours ponctuels d'algorithmique et de programmation.</s>
    <s>sur FacebookSuivez-nous</s>
    <s>sur TwitterLisez notre</s>
    <s>flux RSS</s>
    <s>Mentions légales</s>
  </text>
</page>
