<?xml version="1.0" encoding="UTF-8"?>
<!DOCTYPE page SYSTEM "page.dtd">
<page>
  <lang>fr</lang>
  <url>http://www.sceptiques.qc.ca/activites/conferences/novembre-2007</url>
  <title>Les Sceptiques du Québec | Novembre 2007</title>
  <snippet>
    <s>13 nov. 2007 Des exemples tirés de la pratique du conférencier seront donnés pour illustrer ce L&#39;animateur souligne aussi la parution d&#39;un article du Québec . étaient recouvertes d&#39;uréthane pour diminuer l&#39;effet de rejet immunitaire (la </s>
  </snippet>
  <text>
    <s>Accueil » Nos activit/a&gt; » [Confnces » Novembre 2007</s>
    <s>Mission et r/a&gt;</s>
    <s>[F. A. Q.</s>
    <s>Nos activit/a&gt;</s>
    <s>D Sceptique</s>
    <s>Prix Sceptique</s>
    <s>Concours de texte</s>
    <s>Concours de vid/a&gt;</s>
    <s>Notre revue</s>
    <s>Lectures en ligne</s>
    <s>Confnce du mardi 13 novembre 2007</s>
    <s>Le scepticisme face au pouvoir</s>
    <s>Sauvegarde de l'interet public</s>
    <s>Michel Legault, journaliste</s>
    <s>Texte annonçant la soiree</s>
    <s>&gt; Qu'ont en commun les fabricants d'implants mammaires, les compagnies aeriennes, l'Opus Dei et le ministere de la Sante et des Services sociaux ? Des secrets parfois surprenants, toujours instructifs.</s>
    <s>&gt; Le journalisme de terrain applique l'acide de l'esprit critique sur le vernis du discours officiel. La demarche sceptique du journaliste revele regulierement des faits caches, des omissions, des donnees tronquees ou, carrement, de la desinformation. Rares sont les institutions detenant un pouvoir qui echappent a la tentation d'agir davantage en fonction de leurs interets propres qu'en fonction de ceux de la population aupres de laquelle elles sont pourtant imputables.</s>
    <s>&gt; Des exemples tires de la pratique du conferencier seront donnes pour illustrer ce postulat. Ceux-ci ont ete choisis pour leur valeur d'exemple.</s>
    <s>&gt; Ces cas nous rappellent l'importance de rester sceptiques face au pouvoir, quel qu'il soit, et de ne pas craindre, non seulement de poser des questions, mais d'aller chercher les reponses.</s>
    <s>&gt; Michel Legault est un journaliste comptant plus de 20 ans d'experience. Il a eu le rare privilege d'avoir dirige tour a tour un magazine medical et un autre dedie aux approches alternatives. Il a egalement dirige le service d'enquete de l'Acef-centre, devenu Option-Consommateurs. Apres avoir longtemps collabore a des magazines comme L'Actualite, Protegez-Vous, Le Devoir, il est a present l'editeur de Bien grandir , un magazine dedie aux jeunes parents edite par la Fondation Lucie et Andre Chagnon. Ses enquetes lui ont valu une vingtaine de prix et de mentions. Il vient de publier un roman : Amour.com.</s>
    <s>François Filiatrault, animateur de la soiree, precise la mission des Sceptiques du Quebec : cet organisme, a but non lucratif, vise a ameliorer l'esprit critique de ses membres par l'usage de la raison « souriante ». Les Sceptiques ne sont pas des empecheurs de penser en rond, mais ils preferent savoir plutot que croire.</s>
    <s>Le dernier numero du Quebec sceptique est toujours en vente a l'arriere de la salle. Forfait incomparable, si vous vous en procurez un numero, vous pourrez obtenir gratuitement un exemplaire parmi les numeros 49 a 54. Abonnez au Quebec sceptique vos parents et amis comme cadeau de Noel, nous enjoint l'animateur.</s>
    <s>Nous attendons vos suggestions de Prix Sceptique et Fosse Sceptique, rappelle Filiatrault. Il passe alors en revue les candidatures deja reçues, rappelant que, normalement, on ne donne pas de prix Fosse Sceptique a une personne, mais plutot a un organisme ayant fait une promotion inacceptable de paranormal ou de pseudoscience. Il incite aussi les membres a participer au concours du slogan en soumettant leurs suggestions d'enonces percutants pour souligner la mission de notre organisme.</s>
    <s>Notre animateur commente ensuite un sondage recent par Ipsos sur le niveau de croyances irrationnelles dans la population americaine. Heureusement, plaisante-t-il, que les gens continuent de croire, sinon nous n'aurions pas l'occasion de nous reunir chaque 13 du mois pour en parlerResultats du sondage : 34 % des Americains sont persuades que les fantomes existent (23 % auraient d'ailleurs vu un fantome ou senti sa presence), 48 % sont convaincus de l'existence des perceptions extrasensorielles (telepathie, clairvoyance…), 34 % croient aux ovnis (et 14 % en ont deja vu), 19 % disent avoir peur des sorcieres, 20 % seraient superstitieux. Sans doute, trouverions-nous des niveaux de croyances semblables au Canada, termine l'animateur.</s>
    <s>Filiatrault raconte aussi avoir repondu a une demande d'informations sur la morphopsychologie, qui declare que notre caractere est defini par l'apparence de notre visage. Elle ressemble, en cela, a la caracteriologie de Le Senne au milieu du 20e siecle. Par exemple, si on a le front haut, on serait plus intellectuel. Familierement, on parle aussi de la « bosse » des mathematiques. Pourtant, aucune etude scientifique correlationnelle n'a pu etablir de relations entre certaines caracteristiques du visage et des traits de personnalite, precise l'animateur. Il rappelle une etude celebre dans laquelle des sujets devaient tenter de determiner les penchants criminels d'individus a partir d'une quarantaine de visages de criminels notoires et d'ecrivains celebres. Les sujets n'ont pu separer les criminels des ecrivains parmi ces photos, demontrant ainsi que les traits du visage n'ont aucune correlation avec les tendances criminelles ou non des individus.</s>
    <s>En reponse a un auditeur, Filiatrault enjoint d'eviter toutefois la confusion possible entre la morphopsychologie et les reactions emotionnelles des gens face aux defauts physiques de certaines personnes. Un visage juge repugnant pourra produire une reaction de degout, mais cela n'a aucun rapport avec les traits de caractere de la personne jugee - peut-etre plus sur celle qui la juge. Par exemple, bien que ce soit tres injuste, des etudes ont prouve que les gens possedant un visage ingrat ont moins de succes que celles qui arborent des traits plaisants. De meme, on peut confondre la graphologie avec l'etude graphique des fausses signatures. La graphologie tente vainement de determiner le caractere a partir de la forme de l'ecriture. Par contre, l'authentification policiere des signatures reussit tres bien a separer la vraie de la fausse. Le meme mot pouvant signifier des idees tres differentes, il faut bien definir ce dont on parle, conclut Filiatrault.</s>
    <s>On a aussi demande a l'animateur son avis sur un groupe qui s'annonce abondamment depuis 15 ans : La Nouvelle Acropole. Cet organisme offre conferences et ateliers bases sur la philosophie grecque. L'emphase serait surtout mise sur les enseignements spirituels qu'on pourrait en tirer, une orientation que certains pourraient qualifier de sectaire. Un cours de philosophie grecque donne par une universite reconnue serait sans doute plus profitable, suggere Filiatrault.</s>
    <s>L'animateur souligne aussi la parution d'un article du Quebec sceptique dans la revue americaine Skeptical Inquirer de novembre-decembre 2007. Il s'agit de l'article de Denis Hamel intitule Albert Einstein, astrologue ? , paru dans le numero 57. Meme la caricature de notre page couverture y etait representee, traduite evidemment. La publication de cet article dans la prestigieuse revue sceptique americaine denote bien la qualite de la recherche de Denis Hamel sur la croyance d'Einstein en l'astrologie, faussement maintenue par de nombreux astrologues. Il retrace l'origine de la citation contestee, sur laquelle se fonde cette croyance, dans Huters , un almanach allemand publie en 1959.</s>
    <s>L'animateur termine en rappelant que tous peuvent commenter le contenu de nos conferences et du Quebec sceptique sous la rubrique « Opinions » de notre site Web.</s>
    <s>Le scepticisme face au pouvoir</s>
    <s>Sauvegarde de l'interet public</s>
    <s>Michel Legault, journaliste</s>
    <s>!Michel Legault</s>
    <s>Michel Legault se definit d'abord comme un decouvreur d'informations qu'il tente ensuite de communiquer le mieux possible. Il nous racontera des histoires vraies auxquelles les auditeurs auront l'occasion de reagir.</s>
    <s>Comme le sceptique, le journaliste se doit de refuser toute affirmation qui n'aura pas subi un examen critique. Initialement, le doute joue donc un role primordial dans sa recherche d'informations fiables, tout comme dans l'approche scientifique dont il s'inspire. Le journaliste peut facilement etre dupe, car il traite souvent de sujets qui depassent ses competences. Sa demarche consistera donc a verifier la pertinence de ce doute, avec pour objectif de proteger l'interet public.</s>
    <s>Defini par les lois et la jurisprudence, l'interet public demeure assez flou puisqu'il evolue avec le temps. On pourrait le comparer a une mer assez calme dans les profondeurs, mais plutot agitee en surface, la ou naviguent les journalistes. Le code de deontologie journalistique resume ainsi les considerations d'interet public :</s>
    <s>« Les journalistes ont le devoir de defendre la liberte de presse et le droit du public a l'information, sachant qu'une presse libre joue le role indispensable de chien de garde a l'egard des pouvoirs et des institutions. Ils combattent les restrictions ou les pressions et les menaces qui visent a limiter la cueillette et la diffusion des informations. Les journalistes servent l'interet public et non l'interet personnel et particulier. Ils ont le devoir de publier ce qui est d'interet public. Cette obligation prevaut sur le desir de servir les sources d'informations ou de favoriser la situation financiere ou concurrentielle des entreprises de presse. »</s>
    <s>Un chien de garde protege, mais il est tenu en laisse par l'entreprise de presse, ironise Legault. Quoique son veritable proprietaire soit l'interet public, rectifie-t-il.</s>
    <s>Memoire imaginaire</s>
    <s>Ce premier exemple anecdotique met en relief la mefiance que le journaliste doit entretenir meme envers les chercheurs, sous peine de tromper lourdement le public. En 1988, au plus fort de la controverse sur la memoire de l'eau, le conferencier avait presse de questions le Dr Benveniste sur sa recente decouverte. Ce dernier affirmait avoir demontre que l'eau gardait en memoire les traces d'un produit avec lequel elle avait ete mise en contact, meme lorsqu'aucune molecule du produit, dilue a l'extreme, ne pouvait plus etre presente.</s>
    <s>Mais, voila… Outre les failles methodologiques, on apprit qu'un fabricant de produits homeopathiques etait implique dans les recherches du Dr Benveniste.</s>
    <s>Agressivite televisee</s>
    <s>Le 5 novembre dernier, paraissait sur les fils de presse la nouvelle suivante : « Regarder la tele a deux ans, rend agressif a cinq ans. » Reprise par tous, la nouvelle fit le tour du monde. Voila un exemple recent d'une nouvelle diffusee partout sans analyse critique et sans verification a la source, souligne Legault. Pourtant, l'article scientifique publie dans Pediatrics n'etablit pas un lien aussi clair entre tele et agressivite.</s>
    <s>Il faut d'abord preciser que la conclusion s'appliquait a de jeunes garçons regardant des emissions contenant des scenes violentes. De plus, la ponderation utilisee par le chercheur aurait ete non optimale. Ensuite, les filles exposees aux memes emissions agressives a deux ans n'etaient pas plus agressives a cinq ans.</s>
    <s>Ces considerations indiquent un biais possible. Le chercheur aurait du nuancer ses conclusions. Pourtant, il a ete categorique en entrevue avec les medias. Il semble avoir quitte le domaine de la recherche pour celui de l'ideologie. Malheureusement, les journalistes n'ont pas su relever ces indices de biais probable.</s>
    <s>Difficile hygiene</s>
    <s>Un chercheur montrealais avait relie l'age d'un hopital au nombre de cas de maladies infectieuses : plus l'hopital est vieux, plus il y a de cas d'infection. Le Quebec, et Montreal en particulier, comptent un grand nombre de vieux hopitaux ou chambres et toilettes sont partagees et la ventilation se revele inadequate. De plus, le Quebec a l'un des plus bas taux de lavage de mains et de vaccination chez les employes de ces institutions. D'autres etudes demontrent que les pratiques de nettoyage de chambre d'hopitaux quebecois sont deficientes. Le conferencier a relie ces donnees avec la haute prevalence de deces impliquant la bacterie C-difficile.</s>
    <s>Toutes ces informations ont ete publiees dans L'actualite medicale , dont le conferencier etait alors redacteur en chef. Elles furent reprises abondamment par d'autres medias. Apres enquete, le ministere de la Sante recommanda les correctifs appropries. Pourtant, au debut de cette crise, le Ministere avait nie que la situation etait aussi catastrophique en revisant a la baisse le nombre de deces attribuable a la C-difficile. Les medias l'avaient cru et ont minimise l'ampleur du probleme, jusqu'a ce que, plusieurs mois plus tard, une autre eclosion importante frappe certains hopitaux. Si les medias avaient bien fait leur travail, ils auraient questionne les nouveaux chiffres et les justifications attenuantes donnees par le Ministere.</s>
    <s>Soins palliatifs negliges</s>
    <s>La façon dont on soigne les malades en phase terminale en dit long sur nos choix de societe. Doutant de l'attention accordee a ces soins, le conferencier a d'abord interroge des gestionnaires d'etablissements ou l'on s'occupe de ces cas. Ces derniers ont tente de le rassurer en faisant valoir qu'il etait normal que les pratiques different selon les institutions, selon l'importance de cette clientele et les circonstances locales.</s>
    <s>Pourtant, sur le terrain, on avait l'impression que ces soins n'etaient pas consideres prioritaires. Medecins et autres intervenants hospitaliers ont generalement une formation tres sommaire en soins palliatifs. Peu apres la parution d'un article de L'actualite medicale , revelant ces faits troublants, on ajouta au programme medical universitaire un stage en soins palliatifs.</s>
    <s>La formation medicale n'avait pas suivi les changements dans la societe quebecoise. Il y a cinquante ans, 90 % des gens mourraient a la maison. Aujourd'hui, c'est le contraire, les aines meurent en institution geriatrique ou a l'hopital. La societe demande au gouvernement de s'occuper des vieux. Elle devrait aussi s'assurer que les gens qui s'occupent maintenant d'eux soient en nombre suffisant et qu'ils aient une formation adequate et des installations appropriees.</s>
    <s>Donnees medicales cachees</s>
    <s>Depuis une douzaine d'annees, toutes les interventions medicales en milieu hospitalier sont colligees dans une immense base de donnees gouvernementale, l'APR-DRG. Cela permet de dresser un tableau de la performance de chaque hopital par maladie, type d'intervention, departement, etc. Ces donnees sont manifestement d'interet public.</s>
    <s>En France et aux États-Unis, les medias dressent un palmares de la performance des hopitaux. La ou ces donnees sont publiees, elles influencent les pratiques medicales en soulignant les lacunes ou les saines pratiques. Pourtant, l'acces aux donnees les plus recentes est problematique au Quebec. Pour le bien public, souhaitons que d'autres journalistes poursuivent…</s>
    <s>Lors de son travail a Option-Consommateurs, le conferencier fut expose a nombre de pratiques commerciales suspectes. Entre autres, l'alternative Rhumart qui se veut complementaire aux soins requis pour divers maux, dont l'arthrite, les brulures, les ulceres et l'hypertension. L'appareil lui-meme, cree par un ingenieur biomedical, emet des ondes electromagnetiques a basse frequence, source des bienfaits allegues.</s>
    <s>En 1991, une analyse faite par deux ingenieurs de l'Universite de Montreal n'a pas permis d'identifier d'effet therapeutique connu provenant de l'appareil teste, dont on pouvait se procurer les composants pour environ 100 $. Pourtant, cet appareil etait vendu 5000 $, surtout a des personnes agees en maison de retraite. La publication de l'article, revelant ces faits troublants, mit fin a l'expansion de cette entreprise, qui existe toujours (voir rhumart.com).</s>
    <s>Rigidite mammaire</s>
    <s>Au debut de l'enquete, les protheses mammaires se vendaient sur le marche libre, avant d'etre interdites durant plusieurs annees. Les chirurgiens-plasticiens assuraient qu'elles etaient sans danger, une merveille technologique dont se prevalaient des dizaines de milliers de Canadiennes chaque annee. Pourtant, de nombreuses porteuses avaient des reticences, et certains scientifiques, notamment en biomateriaux, avaient d'importantes reserves, du moins sur les protheses qui avaient du etre chirurgicalement retirees.</s>
    <s>Par exemple, certaines protheses etaient recouvertes d'urethane pour diminuer l'effet de rejet immunitaire (la prothese implantee declenche la formation d'une couche protectrice de cartilage rigide autour de ce corps etranger, ce qui devient inesthetique ou douloureux a la longue). Le praticien avait alors un choix pour soulager la porteuse : soit operer pour extraire le cartilage, soit le casser en appuyant fortement sur le sein.</s>
    <s>Jugeant que les dangers des protheses mammaires n'etaient pas suffisamment connus, le conferencier publia les resultats de son enquete dans Consommation . Quelques jours plus tard, coincidence : Sante Canada interdisait ces protheses. Des centaines de lettres de porteuses inquietes, a la lecture de l'article paru, communiquerent leurs craintes a la redaction. Cette derniere reagit en leur envoyant un questionnaire sur leur experience, qui servira plus tard a un recours collectif contre le manufacturier.</s>
    <s>Mentionnons que Sante Canada permet maintenant la pose de ces protheses puisque certaines etudes ulterieures sont venues contredire les premieres. L'article critique publie a tout de meme clarifie l'ampleur des effets secondaires et incite a la prudence dans ce domaine.</s>
    <s>Sante volante</s>
    <s>Pour les courts vols, un passager souffrant d'un malaise mineur pourra assez rapidement etre soigne au prochain atterrissage. Pour les plus longs vols, un passager en detresse, souffrant de maladie cardiovasculaire par exemple, pourra-t-il esperer recevoir des soins efficaces et rapides a bord d'un avion ? Le conferencier a enquete sur les dispositions prises par les compagnies canadiennes d'aviation pour reagir a de telles eventualites.</s>
    <s>C'etait deja connu qu'il y a des trousses de premiers soins a bord des avions et que les agents de bord reçoivent une formation en soins d'urgence. Cependant, en cas de malaise important en vol, on fait couramment appel a un medecin present (en lui offrant un rabais sur le prix de son prochain voyage). Mesure jugee suffisante, pourvu qu'il y ait un medecin cooperatif a bord et qu'il ait les outils necessaires pour intervenir efficacement. L'enquete determina que ce n'etait pas le cas.</s>
    <s>Il manquait, entre autres pour les longs vols, un defibrillateur, outil indispensable en cas d'arret cardiaque ; cet appareil aurait permis de sauver des vies. Les avionneurs n'etaient pas favorables a l'installation de ces appareils. Le conferencier publia ces informations. Ils le furent neanmoins ulterieurement. D'abord, parce qu'il fut prouve que cela sauvait effectivement des vies et ensuite parce qu'un concurrent important en avait deja installe.</s>
    <s>Sur un ton anecdotique, le conferencier nous revele que, dans un avion, il vaut mieux etre assis le plus en avant possible. L'air frais, renouvele regulierement, circule de l'avant a l'arriere.</s>
    <s>Opus Dei</s>
    <s>L' Opus Dei , cette organisation catholique parfois qualifiee de phalange du pape, accomplit l'« oeuvre de Dieu » a travers le monde dans une mission apostolique tres discrete, n'ayant de compte a rendre a personne, autre que le pape lui-meme. Soupçonnee d'influence politique indue, elle a fait l'objet de nombreuses enquetes, dont l'une a laquelle participa le conferencier. Ce dernier n'a pu lier directement des politiciens canadiens a l' Opus Dei , mais bien certains journalistes influents. Pourtant, dans la soixantaine de pays ou elle est installee, elle est reputee recruter des decideurs.</s>
    <s>Lors de son enquete pour L'Actualite en 1993, le conferencier a reussi a identifier environ 200 sympathisants de cette institution a Montreal meme. Établie dans quelques « proprietes » situees pres des universites, elle tente ainsi de recruter parmi les decideurs de demain.</s>
    <s>À la suite de la publication de l'article de Michel Legault sur l' Opus Dei , cet organisme a beneficie ulterieurement d'une page complete pour defendre ses interets.</s>
    <s>Vaccination contestee</s>
    <s>Jusqu'en l'annee 2000, le Thimerosal entrait dans la composition des vaccins en tant que preservatif. Il contenait des traces de mercure. En butte aux pressions des opposants de la vaccination, qui y voyaient un danger important, les autorites gouvernementales de sante ont demande que le Thimerosal soit retire de la composition des vaccins. Pourtant, aucune etude n'a clairement demontre sa dangerosite.</s>
    <s>Dans une cause majeure contre la vaccination des enfants aux États-Unis, les avocats de la poursuite ont apporte comme preuve du caractere nocif des vaccins le fait que le Thimerosal avait ete banni par les agences de sante gouvernementales.</s>
    <s>Le conferencier tire la leçon suivante de ces evenements : les organismes de sante publique ne devraient pas ceder aux seules pressions de l'opinion publique pour interdire (ou accepter) certains produits. Ils s'eloignent alors de la methode scientifique pour des raisons politiques. De tels accommodements ne sont pas de mise en science.</s>
    <s>Valeurs critiques</s>
    <s>Le conferencier termine en insistant sur l'importance de l'esprit critique pour le bon fonctionnement d'une societe democratique. Il est bon de se le rappeler, ajoute-t-il, dans un monde qui a tendance a vouloir accommoder differents courants de pensee, leur adjugeant ainsi une valeur implicitement egale.</s>
    <s>Periode de questions</s>
    <s>Faux positifs</s>
    <s>Un auditeur rappelle qu'un chercheur britannique avait cru pouvoir reproduire l'experience de Benveniste sur la memoire de l'eau. Avec l'aide du magicien James Randi, on avait demontre qu'elle s'etait trompee ; elle n'avait pas pu faire la difference entre de l'eau pure et de l'eau empreinte de memoire lors de tests randomises.</s>
    <s>Le conferencier precise que Randi avait failli perdre le million de dollars qu'il offrait pour une experience reussie sur la memoire de l'eau. Le type de methodologie utilisee engendre a l'occasion de faux resultats positifs, heureusement non significatifs.</s>
    <s>Repercussions familiales</s>
    <s>Un auditeur demande au conferencier s'il a deja reçu des menaces a la suite de ses enquetes.</s>
    <s>Legault admet que publier des revelations derangeantes apporte son lot d'inconvenients. Sur le plan personnel, les reactions a la publication creent parfois un climat familial tendu. Les craintes de prejudice a sa famille l'ont d'ailleurs pousse a ne plus participer directement a ce genre d'enquete.</s>
    <s>Favoritisme routier</s>
    <s>Doit-on s'etonner que nos routes soient pleines de trous, demande un participant, se referant a une enquete non publiee du conferencier ?</s>
    <s>Sur tous les grands chantiers qu'il a visites durant son enquete, le conferencier a decele, a une grande ampleur, des pratiques qui font obstacle a la productivite et empechent une saine gestion.</s>
    <s>Journalisme d'enquete</s>
    <s>Excluant le domaine artistique, dans quelle proportion les journalistes poursuivent-ils des enquetes versus ceux qui ne font que rapporter la nouvelle, s'enquiert un membre de l'auditoire ?</s>
    <s>Faire un travail de recherche sur une actualite exige beaucoup plus d'efforts que simplement la rapporter, souligne le conferencier. La plupart des journalistes font leur travail avec une grande conscience professionnelle, mais leurs conditions de travail ne favorisent en general pas la verification en profondeur des faits qui leur sont rapportes. De telles enquetes peuvent d'ailleurs durer plusieurs mois. On les entreprend par gout personnel et malgre une culture journalistique qui n'encourage pas autant ce genre de recherche que dans le monde anglo-saxon.</s>
    <s>Journalisme de qualite</s>
    <s>Que devrait-on changer pour que le journalisme soit de meilleure qualite, demande un auditeur ? On a tendance a croire que le journaliste ne fait souvent rien d'autre que de rapporter les paroles du politicien, surtout si on a le meme son de cloche des differents medias.</s>
    <s>Il suffit d'exiger cette rigueur critique de la part des journalistes, comme on a commence a le faire dans le domaine de l'education et de la qualite de la langue française, repond le conferencier. Diverses avenues s'offrent au public pour reagir. Par exemple, l'envoi de lettres ouvertes, souvent serieusement scrutees par la redaction.</s>
    <s>Accommodements complaisants</s>
    <s>Un auditeur fait la remarque suivante : les Quebecois sont en general plutot accommodants vis-a-vis les infractions dont ils sont temoins ; ils n'ont pas tendance a les denoncer. Il existe une certaine habitude de laisser-faire, de ne pas s'en meler.</s>
    <s>Cette culture d'accommodements existe, mais elle serait en train de changer, selon le conferencier. Ce dernier dirige actuellement la revue Bien Grandir, destinee aux parents. Ce travail le met en contact avec de nombreux intervenants sociaux du domaine de la jeunesse. Il semble discerner une nouvelle tendance qui rendrait nos enfants plus moraux que nous ne l'avons ete, dans les domaines de la protection de l'environnement et d'une saine alimentation, par exemple. Nos enfants nous font bien souvent la leçon et seront sans doute moins enclins a passer l'eponge ou a fermer les yeux devant des actions aujourd'hui considerees seulement antisociales.</s>
    <s>Éthique journalistique</s>
    <s>Les medias ont peu tendance a s'autocritiquer et essaient souvent de proteger leurs membres, remarque un auditeur. Existe-t-il une sorte de police independante qui surveille les medias et pourrait les rappeler a l'ordre dans des cas d'erreurs flagrantes ou de complaisance excessive ?</s>
    <s>Cet esprit de chapelle existe bien chez les journalistes, reconnait Legault, comme dans bien d'autres professions. Heureusement, il y a le Conseil de presse qui reçoit les plaintes du public et fait un excellent travail pour y repondre. Le conferencier rappelle qu'a la suite de la publication de son article critique sur l' Opus Dei , cet organisme deposa une plainte contre lui sous une centaine de points differents. Il a du les refuter un a un ; ce qui lui a demande beaucoup d'energie.</s>
    <s>D'ailleurs, un journaliste devoile rarement plus de la moitie de ce qu'il sait. Il se protege contre des poursuites possibles et protege ses sources. Au besoin, il pourra se servir d'informations non divulguees pour se defendre.</s>
    <s>Existe-t-il un ordre professionnel des journalistes, poursuit une auditrice ?</s>
    <s>Il y a un organisme equivalent, la Federation professionnelle des journalistes du Quebec , precise Legault. Les journalistes ont toujours refuse que leur federation devienne un ordre professionnel.</s>
    <s>Pressions des commanditaires</s>
    <s>Avez-vous deja constate que certains articles n'ont pas ete publies pour eviter de deplaire a des commanditaires ?</s>
    <s>Oui, repond le conferencier, cela arrive a l'occasion. Mais c'est plutot le contraire qui se produit : des articles complaisants paraissent pour plaire a des commanditaires.</s>
    <s>La multiplication des sources</s>
    <s>Pensez-vous qu'Internet constitue une force positive pour informer le public ?</s>
    <s>Les informations glanees sur Internet augmentent le nombre de sources auxquelles on peut puiser. Quant a la qualite de l'information, une analyse comparative pourra departager le vrai du faux, le plausible de l'improbable. Une information est une information, peu importe la source, souligne le conferencier. D'ailleurs, bientot, grace au mariage et a l'hybridation des moyens de transmission de l'information, on ne fera plus la difference entre presse, radio, television ou Internet, ajoute-t-il.</s>
    <s>Compte-rendu redige par Louis Dube et revise par le conferencier.</s>
    <s>Copyright (C) 1999-2011 Les Sceptiques du Quebec, inc.</s>
  </text>
</page>
