<?xml version="1.0" encoding="UTF-8"?>
<!DOCTYPE page SYSTEM "page.dtd">
<page>
  <lang>fr</lang>
  <url>http://www.esiee-paris.fr/recherche/actu/participations.php</url>
  <title>Participations à des comités scientifiques et à l&#39;organisation de ...</title>
  <snippet>
    <s>28 juin 2011 Participations à des comités scientifiques et à l&#39;organisation de Geneviève Baudoin est membre du comité de programme de la conférence. </s>
  </snippet>
  <text>
    <s>!English Language</s>
    <s>Microsystemes, Électronique, Communications</s>
    <s>Management de l'Innovation</s>
    <s>Formations doctorales et Masters</s>
    <s>Équipes et contacts</s>
    <s>Domaine a la une</s>
    <s>Conferences a ESIEE Paris</s>
    <s>Participations a des comites scientifiques et a l'organisation de conference</s>
    <s>Ou se loger</s>
    <s>Copyright (C)2008-2010 ESIEE Paris, Derniere mise a jour : 28.06.2011</s>
    <s>La recherche &gt; Actualit/a&gt; &gt; [Participations a des comites scientifiques et a l'organisation de conference</s>
    <s>Participations a des comites scientifiques et a l'organisation de conference</s>
    <s>EuMW 2011 European Microwave Week</s>
    <s>Genevieve Baudoin est membre du comite de programme de la conference.</s>
    <s>Date : 02/10/2011</s>
    <s>Lieu : Manchester, UK</s>
    <s>9eme workshop NAMIS, organise par ESIEE Paris, conjointement avec l'Institut d'Electronique Fondamentale</s>
    <s>Tarik Bourouina, organise ce workshop - Programme du workshop</s>
    <s>Dates : les 27, 28 et 29 juin 2011.</s>
    <s>Lieu : Bourse de Commerce de Paris</s>
    <s>Plus d'information sur le reseau international NAMIS</s>
    <s>DTIP 2011 - Symposium &quot;CAD Design and Test of MEMS&quot;</s>
    <s>Tarik Bourouina et Gaelle Lissorgues sont membres du comite de programme de la conference</s>
    <s>Date : 11-13/05/2011</s>
    <s>Lieu : Aix-en-provence, France</s>
    <s>CIAE 2011 - Colloque d'Informatique, Automatique et Electronique</s>
    <s>Mohamed Akil, participe a l'organisation de ce colloque</s>
    <s>Date : 24-25/03/2011</s>
    <s>Lieu : Mundiapolis Universite Casablanca - Maroc</s>
    <s>Real-Time Image and Video Processing 2011</s>
    <s>Mohamed Akil est membre du comite de programme de la conference</s>
    <s>Date : 24-25/01/2011</s>
    <s>Lieu : San Francisco Airport, California, USA</s>
    <s>Indian Statistical Institute, centre de Bangalore</s>
    <s>Jean cousty, Laurent Najman et Jean Serra sont co-organisateurs avec le &quot;Indian Statistical Institute, centre de Bangalore&quot; du cours de morphologie mathematique en analyse d'images. Un workshop en l'honneur de Jean Serra y a ete organise.</s>
    <s>Date : 19-22/10/2010</s>
    <s>Lieu : Bangalore.</s>
    <s>European Wireles Technology Conference 2010</s>
    <s>Genevieve Baudoin est Chair de la conference</s>
    <s>Date : 27-28/09/2010</s>
    <s>Lieu : CNIT, Paris, France</s>
    <s>30th International Workshop on Bayesian Inference and Maximum Entropy Methods in Science and Engineering.</s>
    <s>Jean-François Bercher est co-organisateur de la conference</s>
    <s>Date : 04-09/07/2010</s>
    <s>Lieu : Chamonix, France</s>
    <s>4eme edition de l'ecole residentielle de C'nano IdF</s>
    <s>Aurelie Delemarle est co-organisatrice avec le C'nano IdF : &quot;Nanosciences Ile-de-France&quot; de la 4eme edition de l'ecole residentielle de C'nano IdF. Elle y est responsable scientifique pour les ateliers &quot;nanosciences et societes&quot;.</s>
    <s>Date : 20-25/06/2010</s>
    <s>Lieu : Domaine du Tremblay, France</s>
    <s>DTIP 2010 - Symposium &quot;CAD Design and Test of MEMS&quot;</s>
    <s>Tarik Bourouina est membre du comite de programme de la conference.</s>
    <s>Date: 05-07/05/2010</s>
    <s>Place: Seville, Espagne</s>
    <s>Annual meeting of the Academy of Management Conference</s>
    <s>Aurelie Delemarle, est reviewer pour l'Academy of Management Conference.</s>
    <s>Date : 2009</s>
    <s>Revue - Management international</s>
    <s>Aurelie Delemarle, est ad-hoc reviewer pour cette revue.</s>
    <s>Date : 2009</s>
    <s>Revue - Long Range Planning</s>
    <s>Aurelie Delemarle, est ad-hoc reviewer pour cette revue.</s>
    <s>Date : 2009</s>
    <s>AH-ICI2009 - First Asian Himalayas International Conference on Internet.</s>
    <s>The Next Generation of Mobile, Wireless and Optical Communications Network.</s>
    <s>Rola Naja est membre du comite scientifique de la conference.</s>
    <s>Date : 03-05/11/2009</s>
    <s>ICMAT 2009 -Symposium &quot;NEMS/MEMS Technology and Devices&quot;</s>
    <s>Tarik Bourouina est chair du workshop.</s>
    <s>Dates : 28/06-03/07/2009</s>
    <s>Lieu : Singapour</s>
    <s>DTIP 2009 - Symposium &quot;CAD Design and Test of MEMS&quot;</s>
    <s>Tarik Bourouina est chair du workshop.</s>
    <s>Dates : 01-03/04/2009</s>
    <s>Lieu : Rome, Italie</s>
    <s>IDT'2008 - 3rd International Design and Test Workshop</s>
    <s>Mohamed Akil est membre du comite scientifique de la conference</s>
    <s>Dates : 20-22/12/2008</s>
    <s>Lieu : Monastir, Tunisie</s>
    <s>Quatrieme Workshop Amina 2008 - Applications Medicales de l'Informatique : Nouvelles Approche</s>
    <s>Mohamed Akil est membre du comite scientifique de la conference</s>
    <s>Dates : 13-15/11/2008</s>
    <s>Lieu : Monastir, Tunisie</s>
    <s>EDERS 2008 - 3rd European DSP Education and Research Symposium</s>
    <s>Genevieve Baudoin est membre du comite scientifique de la conference</s>
    <s>Date : 18/06/2008</s>
    <s>Lieu : Tel Aviv, Israel</s>
    <s>DTIP 2008 - Symposium &quot;CAD Design and Test of MEMS&quot;</s>
    <s>Tarik Bourouina est Co-chair du workshop.</s>
    <s>Dates : 09-11/04/2008</s>
    <s>Lieu : Rome, Italie</s>
    <s>RWS 2008 - IEEE Radio and Wireless Symposium</s>
    <s>Genevieve Baudoin est membre du comite scientifique de la conference</s>
    <s>Dates : 22-24/01/2008</s>
    <s>Lieu : Orlando, Floride, USA</s>
    <s>ISMM 2007 - 8th International Symposium on Mathematical Morphology</s>
    <s>Gilles Bertrand, Laurent Najman et Hugues Talbot sont membres du comite scientifique de la conference</s>
    <s>Dates : 10-13/10/2007</s>
    <s>Lieu : Rio de Janeiro, Brazil</s>
    <s>WOC 2007 - International Conference on Wireless and Optical Communications</s>
    <s>Genevieve Baudoin est membre du comite scientifique de la conference</s>
    <s>Dates : 30/05-01/06/2007</s>
    <s>Lieu : Montreal, Quebec, Canada</s>
    <s>JNM 2007 - Journees Nationales Microondes</s>
    <s>Martine Villegas est membre du comite scientifique de la conference</s>
    <s>Dates : 23-25/05/2007</s>
    <s>Lieu : Toulouse, France</s>
    <s>JDIR 2007 - 8eme Journees Doctorales en Informatique et Reseaux</s>
    <s>Carole Delporte-Gallet est membre du comite scientifique de la conference</s>
    <s>Dates : 17-19/01/2007</s>
    <s>Lieu : Marne La Vallee, France</s>
    <s>RWS 2007 - IEEE Radio and Wireless Symposium</s>
    <s>Genevieve Baudoin est membre du comite scientifique de la conference</s>
    <s>Dates : 07-12/01/2007</s>
    <s>Lieu : Long Beach, Californie, USA</s>
    <s>Troisieme Workshop AMINA 2006 &quot;Applications Medicales de l'Informatique : Nouvelles Approches&quot;</s>
    <s>Mohamed Akil est membre du comite scientifique de la conference</s>
    <s>Dates : 16-18/11/2006</s>
    <s>Lieu : Faculte de Medecine de Monastir, Tunisie</s>
    <s>DGCI 2006 - 13th International Conference on Discrete Geometry for Computer Imagery</s>
    <s>Gilles Bertrand et Michel Couprie sont membres du comite scientifique de la conference</s>
    <s>Dates : 25-27/10/2006</s>
    <s>Lieu : Szeged, Hongrie</s>
    <s>TSD 2006 - Ninth International Conference on Text, Speech and Dialogue</s>
    <s>Genevieve Baudoin est membre du comite scientifique de la conference</s>
    <s>Dates : 11-15/09/2006</s>
    <s>Lieu : Brno, Republique Tcheque</s>
    <s>CSA 2006 - The IASTED International Conference on Communication Systems and Applications</s>
    <s>Genevieve Baudoin est membre du comite scientifique de la conference</s>
    <s>Dates : 03-05/07/2006</s>
    <s>Lieu : Banff, Alberta, Canada</s>
    <s>IWCIA 2006 - International Workshop on Combinatorial Image Analysis</s>
    <s>Gilles Bertrand est membre du comite scientifique de la conference</s>
    <s>Dates : 19-21/06/2006</s>
    <s>Lieu : Berlin, Allemagne</s>
    <s>PRIME 2006 - IEEE, Ph.D. Research In Microelectronics and Electronics</s>
    <s>G. Lissorgues est membre du comite scientifique de la conference</s>
    <s>Dates : 12-15/06/2006</s>
    <s>Lieu : Otranto (Lecce), Italie</s>
    <s>The Kiselmanfest - An international symposium in complex analysis digital geometry</s>
    <s>L. Najman est membre du comite scientifique de la conference</s>
    <s>Dates : 15-18/05/2006</s>
    <s>Lieu : Uppsala, Suede</s>
    <s>EDERS 2006 - European DSP Education and Research Symposium</s>
    <s>Genevieve Baudoin est membre du comite scientifique de la conference</s>
    <s>Date : 04/04/2006</s>
    <s>Lieu : Munich, Allemagne</s>
    <s>IFAC 2006 - Workshop on Programmable Devices and Embedded Systems PDeS 2006</s>
    <s>Arben Çela est membre du comite scientifique de la conference</s>
    <s>Dates : 04-16/02/2006</s>
    <s>Lieu : Brno, Republique Tcheque</s>
    <s>RWS 2006 - IEEE Radio and Wireless Symposium</s>
    <s>Genevieve Baudoin est membre du comite scientifique de la conference</s>
    <s>Dates : 17-19/01/2006</s>
    <s>Lieu : San Diego, Californie, USA</s>
    <s>Conf. Real-Time Image Processing III (EI111) - IS&amp;T;/SPIE's 18th annual symposium - Electronic Imaging 2006</s>
    <s>Mohamed Akil est membre du comite scientifique de la conference</s>
    <s>Dates : 15-19/01/2006</s>
    <s>Lieu : San Jose, Californie, USA</s>
    <s>JDIR 2005 - 7emes Journees Doctorales Informatique et Reseau</s>
    <s>Carole Delporte-Gallet est membre du comite scientifique de la conference</s>
    <s>Dates : 14-15/12/2005</s>
    <s>Lieu : Universite de Technologie de Troyes, France</s>
    <s>IVCNZ 2005 - Image and Vision Computing New Zealand</s>
    <s>Michel Couprie est membre du comite scientifique de la conference</s>
    <s>Dates : 28-29/11/2005</s>
    <s>Lieu : Universite d'Otago, Nouvelle-Zelande</s>
    <s>CDUR 2005 - IEEE, Journees Francophones sur la Coherence des Donnees en Univers Reparti</s>
    <s>Carole Delporte-Gallet est membre du comite scientifique de la conference</s>
    <s>Dates : 02-04/11/2005</s>
    <s>Lieu : CNAM, Paris</s>
    <s>SIBGRAPI 2005 - Brazilian Symposium on Computer Graphics and Image Processing</s>
    <s>Michel Couprie est membre du comite scientifique de la conference</s>
    <s>Dates : 09-12/10/2005</s>
    <s>Lieu : Natal - RN, Bresil</s>
    <s>EUMW 2005 - European Microwave Week</s>
    <s>Martine Villegas est membre du comite scientifique de la conference</s>
    <s>Dates : 03-07/10/2005</s>
    <s>Lieu : Paris, France</s>
    <s>TSD 2005 - 8th international conference on Text, Speech and Dialogue</s>
    <s>Genevieve Baudoin est membre du comite scientifique de la conference</s>
    <s>Dates : 12-16/09/2005</s>
    <s>Lieu : Karlovy Vary (Carlsbad), Republique Tcheque</s>
    <s>CAIP 2005 - The 11th International Conference on Computer Analysis of Images and Patterns</s>
    <s>Yukiko Kenmochi est membre du comite scientifique de la conference</s>
    <s>Dates : 05-08/09/2005</s>
    <s>Lieu : INRIA Rocquencourt, France</s>
    <s>PRIME 2005 - IEEE, Ph.D. Research in Microelectronics and Electronics</s>
    <s>G. Lissorgues est membre du comite scientifique de la conference</s>
    <s>Dates : 25-27/07/2005</s>
    <s>Lieu : Lausanne, Suisse</s>
    <s>ECCOMAS 2005 - Thematic Conference on Smart Structures and Materials</s>
    <s>Bernadette Miara est membre du comite scientifique de la conference</s>
    <s>Dates : 18-21/07/2005</s>
    <s>Lieu : Lisbonne</s>
    <s>DTIP 2005 - Design, Test, Integration, and Packaging of MEMS/MOEMS</s>
    <s>Tarik Bourouina est membre du comite scientifique de la conference</s>
    <s>Dates : 01-03/06/2005</s>
    <s>Lieu : Montreux, Suisse</s>
    <s>SIROCCO 2005 - 2th Colloquium on Structural Information and Communication Complexity 12th Colloquium on Structural Information and Communication Complexity</s>
    <s>Carole Delporte-Gallet est membre du comite scientifique de la conference</s>
    <s>Dates : 24-26/05/2005</s>
    <s>Lieu : Le Mont Saint-Michel, France</s>
    <s>ISMM 2005 - International Symposium on Mathematical Morphology: 40 years on.</s>
    <s>Laurent Najman est membre du comite scientifique de la conference</s>
    <s>Dates : 18-20/04/2005</s>
    <s>Lieu : Paris, France</s>
    <s>DGCI 2005 - 12th International Conference on Discrete Geometry for Computer Imagery.</s>
    <s>Gilles Betrand et Michel Couprie sont membres du comite scientifique de la conference</s>
    <s>Dates : 13-15/04/2005</s>
    <s>Lieu : Poitiers, France</s>
    <s>IWCIA - International Workshop on Combinatorial Image Analysis.</s>
    <s>Gilles Bertrand est membre du comite scientifique de la conference</s>
    <s>Dates : 01-03/12/2004</s>
    <s>Lieu : Auckland, New Zealand</s>
    <s>EDERS 2004 - IEEE The European DSP Education and Research Symposium.</s>
    <s>Genevieve Baudoin est membre du comite scientifique de la conference</s>
    <s>Date : 16/11/2004</s>
    <s>Lieu : Birmingham, UK.</s>
    <s>MENP-3 - The 3rd International Colloquium, Mathematics in Engineering and Numerical Physics.</s>
    <s>Cristian Florea est membre du comite scientifique de la conference</s>
    <s>Dates : 07-09/10/2004</s>
    <s>Lieu : Bucarest, Roumanie</s>
    <s>RAWCON 2004 - IEEE Radio Wireless Conference.</s>
    <s>Genevieve Baudoin est membre du comite scientifique de la conference</s>
    <s>Dates : 19-22/09/2004</s>
    <s>Lieu : Atlanta, Georgia, USA.</s>
    <s>TSD 2004 - Seventh International Conference on TEXT, SPEECH and DIALOGUE</s>
    <s>Genevieve Baudoin est membre du comite scientifique de la conference</s>
    <s>Dates : 08-11/09/2004</s>
    <s>OPTICAL MEMS 2004 - IEEE, The 9th International Conference on Optical MEMS and their Applications</s>
    <s>Tarik Bourouina est membre du comite scientifique de la conference</s>
    <s>Dates : 22-26/08/2004</s>
    <s>Lieu :Takamatsu, Kagawa, Japon</s>
    <s>Conference sur l'analyse multivoque , le controle, la viabilite et leurs applications</s>
    <s>Laurent Najman est membre du comite scientifique de la conference</s>
    <s>Dates :21-25/06/2004</s>
    <s>Lieu : Roscoff, France</s>
    <s>Control of Solids and Structures - Mathematical Modelling and Engineering Applications.</s>
    <s>Bernadette Miara est membre du comite scientifique de la conference</s>
    <s>Dates :21-25/06/2004</s>
    <s>Lieu :Udine, Italie.</s>
    <s>Conf. on Vision Geometry XII - Conf. Real-Time Imaging - IS&amp;T;/SPIE's 16th annual symposium - Electronic Imaging 2004</s>
    <s>Gilles Bertrand et Mohamed Akil sont membres du comite scientifique de la conference</s>
    <s>Dates : 18-22/01/2004</s>
    <s>Lieu : San Jose, CA, USA</s>
    <s>DTIP 2004 - Design, Test, Integration and packaging of MEMS MOEMS</s>
    <s>Tarik Bourouina est membre du comite scientifique de la conference</s>
    <s>Dates :12-14/05/2004</s>
    <s>Lieu : Hotel Eden au Lac - Montreux,Suisse</s>
    <s>Retour a l'actualite</s>
    <s>Mentions legales | Contact</s>
  </text>
</page>
