<?xml version="1.0" encoding="UTF-8"?>
<!DOCTYPE page SYSTEM "page.dtd">
<page>
  <lang>fr</lang>
  <url>http://www.canadainternational.gc.ca/france/visas/study_professors-etude_professeurs.aspx%3Flang%3Dfra</url>
  <title>Visas et Immigration</title>
  <snippet>
    <s>Un conférencier invité peut obtenir un permis de travail sans confirmation de donner une série de conférences, et qui occupe un emploi temporaire de nature non par un pays étranger qui sont invités par un établissement d&#39;enseignement </s>
  </snippet>
  <text>
    <s>!Gouvernement du Canada</s>
    <s>!Symbole du gouvernement du Canada</s>
    <s>Gouvernement du Canada</s>
    <s>Passer au contenu principalPasser à la navigation principale</s>
    <s>Debut de la barre de menu commune</s>
    <s>&gt; Decouvrir le Canada</s>
    <s>&gt; Visas et immigration</s>
    <s>Liens institutionnels</s>
    <s>Decouvrir le Canada</s>
    <s>Visas et immigration</s>
    <s>Étudier au Canada</s>
    <s>Vous voulez investir au Canada?</s>
    <s>Faire des affaires avec le Canada</s>
    <s>Experience Internationale Canada (anciennement : Programmes de mobilite des jeunes)</s>
    <s>À propos du Canada</s>
    <s>Pour les Canadiens</s>
    <s>Services d'urgence</s>
    <s>Vivre et voyager en France</s>
    <s>Passeport et citoyennete</s>
    <s>Faire des affaires en France</s>
    <s>Relations bilaterales</s>
    <s>Canada - France</s>
    <s>Relations commerciales Canada-France</s>
    <s>Relations scientifiques</s>
    <s>Relations universitaires</s>
    <s>Relations en matiere de defense</s>
    <s>Canada - Monaco</s>
    <s>Centre culturel canadien</s>
    <s>Nos bureaux</s>
    <s>Salle des medias</s>
    <s>Possibilites d'emploi a l'ambassade</s>
    <s>Divulgation proactive</s>
    <s>Visas et Immigration</s>
    <s>Etudiants, professeurs et chercheurs</s>
    <s>Permis de travail pour etudiants, professeurs et chercheurs</s>
    <s>Dans le cas des etudiants, professeurs et chercheurs, il y a des exceptions quant a l'obligation d'obtenir une confirmation d'emploi par Ressources Humaines Developpement des competences Canada (RHDCC) pour la delivrance du permis de travail.</s>
    <s>Emplois pour etudiants</s>
    <s>Stage associe aux etudes faites au Canada</s>
    <s>Un permis de travail peut etre delivre sans confirmation de RHDCC aux etudiants etrangers inscrits dans un etablissement d'enseignement au Canada, dont l'emploi ou le stage vise est partie integrante du programme d'etudes au Canada et ne represente pas plus de 50 % de l'ensemble du programme d'etudes.</s>
    <s>En d'autres termes, pour que ce permis de travail soit octroye, l'etranger doit etre en possession d'un permis d'etudes valide au Canada pour un semestre ou une annee ; le stage doit etre exige par l'institution canadienne et le travail doit etre reconnu comme etant une composante normale du programme d'etudes au Canada. Si l'emploi ou le stage n'est qu'une exigence de l'institution etrangere, cette exception ne s'applique pas.</s>
    <s>Sont exclus, les etudiants en soin de sante (sauf etudiants en medecine veterinaire) qui peuvent beneficier d'une autre disposition de la loi pour leur stage. Se referer a la rubrique Étudiants en soin de sante.</s>
    <s>Programme d'echanges pour etudiants et jeunes</s>
    <s>Consultez les informations detaillees sur : les stages d'etudes, emplois de perfectionnement ou emploi d'ete.</s>
    <s>Emploi apres les etudes au Canada</s>
    <s>Apres avoir termine avec succes leurs etudes au Canada, certains etudiants peuvent demander l'autorisation de travailler au Canada pour une periode pouvant varier d'une a deux annees. Pour plus d'informations sur les criteres d'admissibilite, veuillez consulter la rubrique `possibilite d'emploi pour les etudiants etrangers.</s>
    <s>Chercheur autonome</s>
    <s>Les personnes qui font de la recherche de maniere autonome (par exemple, les etudiants etrangers qui font de la recherche au Canada en vue d'un diplome ou d'une these d'une universite dans leur pays de residence) peuvent etre consideres comme visiteurs et etre autorises a travailler sans permis de travail. Voir les renseignements detailles sur les . Chercheurs autonomes.</s>
    <s>Emplois en milieu universitaire</s>
    <s>Conferencier invite</s>
    <s>Un conferencier invite peut obtenir un permis de travail sans confirmation de RHDCC. Un conferencier invite est une personne invitee par un etablissement d'enseignement post-secondaire au Canada pour donner une serie de conferences, et qui occupe un emploi temporaire de nature non continue (ce qui exclut les cours complets) pendant une periode inferieure a un semestre ou une periode d'etudes universitaires.</s>
    <s>Telechargez le formulaire de demande de permis de travail</s>
    <s>Professeur invite</s>
    <s>Un professeur invite peut obtenir un permis de travail sans confirmation de RHDCC. Il s'agit d'une personne occupant un poste pour une periode de deux ans ou moins dans un etablissement post-secondaire au Canada tout en conservant son poste a l'etranger.</s>
    <s>Telechargez le formulaire de demande de permis de travail</s>
    <s>Boursier post-doctoral et titulaire d'une bourse d'etudes</s>
    <s>Un boursier post-doctoral est titulaire d'un doctorat (Ph.D.) ou d'un diplome equivalent. Il est nomme a un poste d'une duree limitee au Canada pour lequel il reçoit une allocation ou un salaire en echange de periodes d'enseignement, d'etudes superieures et/ou de recherche. Le travail doit viser l'obtention de competences plus grandes dans une discipline particuliere. Les candidats sont choisis dans l'optique de l'excellence dans la recherche.</s>
    <s>Pour etre exempte de la confirmation de RHDCC, le candidat doit avoir termine ses etudes de doctorat et travailler dans un domaine lie a celui dans lequel il a obtenu son diplome. S'il doit avoir termine ses etudes, il n'y a toutefois pas de restriction quant a la date de remise des diplomes. Il faut noter que les medecins qui font de la recherche post-doctorale et qui n'auront pas de contact avec des patients au Canada peuvent faire partie de cette categorie.</s>
    <s>Telechargez le formulaire de demande de permis de travail</s>
    <s>Titulaire d'une bourse accordee par un etablissement canadien</s>
    <s>Sont egalement admissibles a un permis de travail sans confirmation de RHDCC, les titulaires de bourse de recherche universitaire qui travaillent contre remuneration pour un etablissement canadien qui leur a accorde la bourse strictement sur la base de leur excellence universitaire. Le candidat doit etre le beneficiaire direct de la bourse. Autrement dit, il doit jouer un role important ou ajouter une grande valeur a un projet de recherche particulier et non seulement etre membre de l'equipe (recueillir des donnees ou participer aux aspects plus routiniers d'un projet de recherche).</s>
    <s>Telechargez le formulaire de demande de permis de travail</s>
    <s>Titulaire d'une bourse accordee par un etablissement etranger</s>
    <s>Les titulaires d'une bourse de recherche universitaire decernee par un pays etranger qui sont invites par un etablissement d'enseignement ou de recherche canadien a faire de la recherche au Canada, mais qui sont finances par leur propre pays, sont egalement admissibles au permis de travail sans confirmation de RHDCC.</s>
    <s>Telechargez le formulaire de demande de permis de travail</s>
    <s>Programme des chaires de recherche du Canada</s>
    <s>Les personnes nommees a une chaire de recherche au Canada ne sont pas tenues d'obtenir une confirmation individuelle de RHDCC. Les candidats doivent joindre a leur demande de permis de travail une lettre du Conseil de recherches en sciences humaines (CRSH) confirmant leur nomination a une chaire de recherche et une lettre de l'universite qui offre le poste.</s>
    <s>Telechargez le formulaire de demande de permis de travail</s>
    <s>Si vous repondez a l'une de ces categories, veuillez consulter la page suivante pour la demande de permis de travail.</s>
    <s>Si vous avez besoin d'un plugiciel ou d'un logiciel tiers pur acceder a ce ficher, veuillez consultez la section formats de rechange de notre page aide.</s>
    <s>Date de modification : 2011-03-08</s>
    <s>Haut de la page</s>
    <s>Avis importants</s>
  </text>
</page>
