<?xml version="1.0" encoding="UTF-8"?>
<!DOCTYPE page SYSTEM "page.dtd">
<page>
  <lang>fr</lang>
  <url>http://conferences.telecom-bretagne.eu/taima/index.php%3FPAGE%3D00_00_20</url>
  <title>Conférence TAIMA&#39;09</title>
  <snippet>
    <s>Hammamet, Tunisie — 04-09 mai 2009, 04 mai : tutorial. Hôtel Sol azur Beach Henda Ben Ghezala Présidente de Jury (Lab. RIADI-ENSI Tunisie) Prof. </s>
  </snippet>
  <text>
    <s>TRAITEMENT ET ANALYSE DE L'INFORMATION :</s>
    <s>Modes et Applications</s>
    <s>Hammamet, Tunisie -- 04-09 mai 2009, 04 mai : tutorial</s>
    <s>H Sol azur Beach congres, Groupe les orangers</s>
    <s>Ateliers 2009</s>
    <s>Appel a communications</s>
    <s>Modalites de soumission</s>
    <s>Sessions Speciales</s>
    <s>Informations presentations</s>
    <s>(New)En marge </s>
    <s>Dates importantes :</s>
    <s>Dt soumission: 06 janvier 2009</s>
    <s>Fin soumission: mercredi 25 fevrier 2009</s>
    <s>Acceptation: 08 avril 2009</s>
    <s>Version finale: 10 avril 2009</s>
    <s>!TAIMA'09 En marge de TAIMA !TAIMA'09</s>
    <s>En marge des ateliers Taima'09</s>
    <s>Le 30 Avril Habilitation Azza Ouled Zaied ISI/ENIT</s>
    <s>&gt; Theme &quot;Compression et tatouage d'images a des fins d'archivage et de transmission : application aux images medicales&quot;</s>
    <s>&gt; Jury :</s>
    <s>&gt; Prof. President de Jury</s>
    <s>&gt; Mme. Houria Rezig</s>
    <s>&gt; (Lab. SysCOM-ENIT, Tunisie)</s>
    <s>&gt; Prof. Rapporteur</s>
    <s>&gt; Mr. Faouzi Ghorbel</s>
    <s>&gt; (Lab. CRISTAL-ENSI, Tunisie)</s>
    <s>&gt; Prof. Rapporteur</s>
    <s>&gt; Mr. Murat Kunt</s>
    <s>&gt; (Lab. LTS1-EPFL, Suisse)</s>
    <s>&gt; Prof. Examinateur</s>
    <s>&gt; Mr. Ammar Bouallegue</s>
    <s>&gt; (Lab. SysCOM-ENIT, Tunisie)</s>
    <s>&gt; Prof. Examinateur</s>
    <s>&gt; Mr. Ridha Bouallegue</s>
    <s>&gt; (Sup'Com, Tunisie)</s>
    <s>&gt; Prof. Membre Invite</s>
    <s>&gt; Mr. Rachid Mechmeche</s>
    <s>&gt; (La Rabta-FMT, Tunisie)</s>
    <s>&gt; Prof. Membre Invite</s>
    <s>&gt; Mr. Christian Olivier</s>
    <s>&gt; (XLIM-SIC-Univ. de Poitiers, France)</s>
    <s>Le 04 Mai Habilitation Imed Riadh Farah ENSI</s>
    <s>&gt; Theme &quot;Modelisation spatio-temporelle et spectrale d'objets pour la reconnaissance, le suivi et la recherche en imagerie satelitale&quot;</s>
    <s>&gt; Jury :</s>
    <s>&gt; Prof. Henda Ben Ghezala Presidente de Jury (Lab. RIADI-ENSI Tunisie)</s>
    <s>Prof. Yves Delignon Rapporteur (GRIF Telecom Lille1, France)</s>
    <s>Prof. Faouzi Ghorbel Rapporteur (Lab. CRISTAL-ENSI, Tunisie)</s>
    <s>Prof. Richard LePage Examinateur (ETS Canada)</s>
    <s>Prof Bassel Solaiman Examinateur (ITI-Telecom Bretagne, France)</s>
    <s>Le 09 Mai These de doctorat Molka Troudi Telecom Bretagne-ENIS</s>
    <s>&gt; Theme &quot;Optimisation du parametre de lissage pour l'estimateur a Noyau par des algorithmes iteratifs: applications a des donnees reelles&quot;</s>
    <s>&gt; Jury :</s>
    <s>&gt; President: Prof Khaled Ghedira (Lab. SOIE, ISG Tunisie)</s>
    <s>Prof. Jean Paul Haton Rapporteur (Loria, Univ. Henri Poincare, France )</s>
    <s>Prof. Bechir El Ayeb Rapporteur (FST Monastir Tunisie)</s>
    <s>Prof. Emmanuel Boutillon Examinateur (UBO, France)</s>
    <s>Prof. Samir Saoudi Co directeur (Telecom Bretagne, France)</s>
    <s>Prof Adel Alimi Co directeur (REGIM-ENIS Tunisie)</s>
    <s>Lundi 11 Mai These de doctorat Chaieb Faten ENSI</s>
    <s>&gt; Theme &quot;Representation invariante relativement aux projectives planaires pour l'analyse d'images et la vision&quot;</s>
    <s>&gt; Jury :</s>
    <s>&gt; Prof. Leila Saidane Presidente de Jury (Lab. CRISTAL-ENSI, Tunisie)</s>
    <s>Prof. Amel Ben Azza Rapporteur (URISA-Sup'COM, Tunisie)</s>
    <s>Prof. Françoise Preteux Rapporteur (ARTEMIS, Telecom Management Paris Sud, France)</s>
    <s>Prof. Faouzi Ghorbel Directeur de these (Lab. CRISTAL-ENSI, Tunisie)</s>
    <s>Prof. Hedi Ben Amara Examinateur (INSAT, Tunisie)</s>
    <s>Prof Valerie Burdin Examinateur (INSERM-Telecom Bretagne, France)</s>
    <s>16 avril 2009-Programme</s>
    <s>Le programme est disponible.</s>
    <s>Informations presentations</s>
    <s>09 avril 2009-Instructions finales</s>
    <s>Les instructions pour la version finale ont ete ajoutes.</s>
    <s>08 avril 2009-Notification</s>
    <s>Notification d'acceptation.</s>
    <s>27 Mars 2009-Tutoriaux</s>
    <s>La liste des tutoriaux a ete ajoutee.</s>
    <s>10 Mars 2009-Formulaire d'inscription</s>
    <s>Le formulaire d'inscription a ete ajoute</s>
    <s>Formulaire d'inscription</s>
    <s>23 Fevrier 2009-Sessions speciales</s>
    <s>Mise-a-jour des sessions speciales</s>
    <s>Sessions Speciales</s>
    <s>04 Fevrier 2009-Date de soumission repoussee</s>
    <s>La date limite de soumission a ete repoussee au mercredi 25 fevrier 2009</s>
    <s>Modalites de soumission</s>
    <s>23 Janvier 2009-Appel a communications</s>
    <s>Le dernier appel a communications a ete en ligne.</s>
    <s>Appel a Communications</s>
    <s>22 Janvier 2009-Comite de pilotage</s>
    <s>Ajout du comite de pilotage.</s>
    <s>21 Janvier 2009-Sessions speciales</s>
    <s>Ajout de la rubrique Sessions Speciales</s>
    <s>Sessions Speciales</s>
    <s>20 Janvier 2009-Date de soumission repoussee</s>
    <s>La date limite de soumission a ete repoussee au mercredi 25 fevrier 2009</s>
    <s>Modalites de soumission</s>
    <s>07 Janvier 2009-2eme appel a communications</s>
    <s>Lancement du 2eme appel a communications.</s>
    <s>Appel a Communications</s>
    <s>05 janvier 2009-Modalites de soumission</s>
    <s>Mise en ligne des modalites de soumission (instructions aux auteurs).</s>
    <s>Modalites de soumission</s>
    <s>13 novembre 2008-Affiche de TAIMA'2009</s>
    <s>Mise en ligne de l'affiche officielle de la conference.</s>
    <s>Octobre 2008-1er appel a communications</s>
    <s>Lancement du 1er appel a communications.</s>
    <s>Appel a Communications</s>
    <s>TAIMA'2009: contacts - Contacter le Webmestre</s>
    <s>cinquante sept mille quatre-vingts six et quelques visiteurs depuis le 20 octobre 2008 </s>
    <s>!CSS !XHTML</s>
  </text>
</page>
