<?xml version="1.0" encoding="UTF-8"?>
<!DOCTYPE page SYSTEM "page.dtd">
<page>
  <lang>fr</lang>
  <url>http://aibc.ca/vancouver2011/program/raicevents.shtml</url>
  <title>RAIC/AIBC Vancouver 2011 Festival Conference - Sponsors ...</title>
  <snippet>
    <s>RAIC/AIBC Vancouver 2011 Festival Conference - Architecture on the Edge. Djavad Mowafaghian Cinema and World Art Centre, SFU Woodwards (149 West </s>
  </snippet>
  <text>
    <s>Home &gt; Site Information</s>
    <s>Ask Us</s>
    <s>About the Festival</s>
    <s>Welcome Messages</s>
    <s>Dignitary Greetings</s>
    <s>Daily Schedule</s>
    <s>Session Descriptions</s>
    <s>Companion Program</s>
    <s>Industry Events</s>
    <s>AIBC Annual Meeting</s>
    <s>Architecture Canada | RAIC Annual Meeting</s>
    <s>How to Register</s>
    <s>Sponsors &amp; Exhibitors</s>
    <s>Opportunities Overview</s>
    <s>Sponsor &amp; Exhibitor Directory</s>
    <s>Venue &amp; Travel</s>
    <s>Travel &amp; Transit</s>
    <s>Visitor Resources</s>
    <s>Architecture on the Edge Vancouver 2011</s>
    <s>Presented by</s>
    <s>the Architectural Institute of British Columbia</s>
    <s>and Architecture Canada | RAIC</s>
    <s>May 24 - May 27</s>
    <s>Text Larger</s>
    <s>Text Smaller</s>
    <s>RAIC Events</s>
    <s>&gt; The RAIC College of Fellows formally recognizes members and distinguished laypersons who have made outstanding contributions to the profession. Fellowship is an honour conferred on members singled out for their contribution to research, scholarship, public service or professional standing to the good of architecture in Canada, or elsewhere.</s>
    <s>Le Collège des fellows de l’IRAC reconnaît officiellement les membres et les éminents profanes qui ont fait une contribution remarquable à la profession. Le titre de fellow est un honneur conféré aux membres choisis pour avoir contribué à la recherche, à l’enrichissement des connaissances, au service collectif ou pour avoir rehaussé la réputation de la profession architecturale au Canada et ailleurs.</s>
    <s>&gt; RAIC College of Fellows and Syllabus Convocation</s>
    <s>&gt; May 26, 2011 (6:00 – 7:00 p.m.)</s>
    <s>Djavad Mowafaghian Cinema and World Art Centre, SFU Woodwards (149 West Hastings Street)</s>
    <s>RAIC College of Fellows and Syllabus Convocation - Guest Speaker</s>
    <s>&gt; May 26, 2011 (7:00 – 8:00 p.m.)</s>
    <s>Djavad Mowafaghian Cinema and World Art Centre, SFU Woodwards (149 West Hastings Street)</s>
    <s>The 2011 Convocation Guest Speaker is Edward Mazria, Hon. FRAIC, an internationally recognized architect, author, educator and visionary. He is also the founder of Architecture 2030, a major climate change initiative. His presentation will encompass his cutting-edge environmental approach to designing award-winning architecture and planning projects spanning his long distinguished career of more than 35 years; he will also discuss his championing of the 2030 Challenge . Support for this event blends the tradition of convocation with a vision of the future.</s>
    <s>&gt;&gt; Edward Mazria - Founder and Chief Executive Officer</s>
    <s>&gt;&gt; Edward Mazria is an internationally recognized architect, energy expert, educator and author with a distinguished and successful career spanning 45 years.  He is the CEO of Architecture 2030, a non-profit, non-partisan, solution-oriented organization. His comprehensive knowledge of design, planning, climate change and alternative energy sources are focused on a dramatic reduction of fossil fuel consumption and greenhouse gas emissions generated by the Building Sector, as well as building and regional adaptation strategies for projected climactic and environmental changes. </s>
    <s>&gt;&gt; Mr. Mazria lectures extensively and meets personally with key decision makers and stakeholders at the local, regional, national and international levels. </s>
    <s>&gt;&gt; Mr. Mazria has taught architecture at the University of New Mexico, University of Oregon, UCLA, and the University of Colorado-Denver. He is the author of numerous publications including the “bible” of solar energy, The Passive Solar Energy Book.   His numerous awards include:  AIA Design Awards, Commercial Building Awards from the Department of Energy, “Pioneer Award” from the American Solar Energy Society, Outstanding Planning Award from the American Planning Association, Landmark Designation Award from The Albuquerque Conservation Association, Equinox Award from Earth Alert, National Conservation Achievement Award from the National Wildlife Federation, Hanley Award from the Hanley Foundation and the Mumford Award from Architects/Designers/Planners for Social Responsibility. He is a senior fellow of the Design Futures Council and founding member of the recently established National Academy of Environmental Design.</s>
    <s>&gt;&gt;&gt; Edward Mazria est un architecte, un spécialiste de l’énergie, un enseignant et un auteur de renommée mondiale qui connaît depuis 45 ans une carrière remarquable et fructueuse. Il est le chef de la direction d’Architecture 2030, un organisme à but non lucratif, non partisan et orienté vers des solutions. Ses vastes connaissances en matière de conception, de planification, de changement climatique et de sources d’énergie de remplacement l’amènent à orienter ses efforts sur une réduction considérable de la consommation des combustibles fossiles et des émissions de gaz à effet de serre produites par le secteur des bâtiments, de même que sur des stratégies de construction et d’adaptation régionale tenant compte des changements climatiques et environnementaux projetés.</s>
    <s>&gt;&gt;&gt; Monsieur Mazria prononce de nombreuses conférences et rencontre personnellement des décideurs et des intervenants clés aux niveaux local, régional, national et international.</s>
    <s>&gt;&gt;&gt; Il a enseigné l’architecture à la University of New Mexico, la University of Oregon, UCLA, et la University of Colorado-Denver. Il est l’auteur de nombreux ouvrages dont la « bible » de l’énergie solaire, The Passive Solar Energy Book.  Parmi les nombreux prix qui lui ont été décernés tout au long de sa carrière, mentionnons : les prix AIA Design, les prix Commercial Building du département de l’Énergie des États-Unis, le prix « Pioneer » de l’American Solar Energy Society, le prix de l’Outstanding Planning de l’American Planning Association, le prix Landmark Designation de l’Albuquerque Conservation Association, le prix Equinox de l’organisme Earth Alert, le prix National Conservation Achievement  de la National Wildlife Federation, le prix Hanley de la Hanley Foundation et le prix Mumford de l’organisme Architects/Designers/Planners for Social Responsibility. Il fait partie des fellows du Design Futures Council et est un membre fondateur de la National Academy of Environmental Design nouvellement créée.</s>
    <s>&gt; Friday Breakfast - Edward Mazria, Hon. FRAIC</s>
    <s>&gt; May 27, 2011 (7:30 – 8:15 a.m.)</s>
    <s>Topic - Architecture: On the Brink</s>
    <s>For over a century, architects have been taught they can transform the world. Now we get the chance to do it</s>
    <s>Architecture : le moment est venu</s>
    <s>Depuis plus d'un siècle, on enseigne aux architectes qu'ils peuvent transformer le monde. Nous avons maintenant la chance de le faire!</s>
    <s>!Related Links</s>
    <s>Go to AIBC.ca</s>
    <s>Go to RAIC.org</s>
    <s>!Related Documents</s>
    <s>Sponsor &amp; Exhibitor Brochure</s>
    <s>(PDF, 1.7 MB)</s>
    <s>(C) 2010 AIBC</s>
    <s>RAIC RAC</s>
  </text>
</page>
