<?xml version="1.0" encoding="UTF-8"?>
<!DOCTYPE page SYSTEM "page.dtd">
<page>
  <lang>fr</lang>
  <url>http://journals.cambridge.org/article_S1816968600009269</url>
  <title>De la revision de la Convention de Genève, par M. G. Roszkowski</title>
  <snippet>
    <s>Convention de Geneve &#39;, dont nous sommes a me&#39;me de donner ici. UH rapide apercu. L&#39;auteur examine d&#39;abord les chances de succes des projets de revision </s>
  </snippet>
  <text>
    <s>CJO Mobile</s>
    <s>Contact Us</s>
    <s>Site Map</s>
    <s>Log in</s>
    <s>User Log-in</s>
    <s>Athens Log-in</s>
    <s>Institutional Log-in</s>
    <s>Username or Email Address:</s>
    <s>Remember me</s>
    <s>Forgot your Password?</s>
    <s>About Us</s>
    <s>Browse Journals</s>
    <s>By Title</s>
    <s>By Subject</s>
    <s>Subscribed To</s>
    <s>Free Content</s>
    <s>Authors Home</s>
    <s>Societies Home</s>
    <s>Librarians Home</s>
    <s>Journal Updates</s>
    <s>Librarian Newsfeed</s>
    <s>KBART Title Lists</s>
    <s>Agents Home</s>
    <s>Users Home</s>
    <s>Corporate Home</s>
    <s>Citation Search</s>
    <s>Quick Search</s>
    <s>All Journal and Book Content Journal Content This Journal General CJO Site Content</s>
    <s>Advanced Search</s>
    <s>CrossRef Search</s>
    <s>Welcome to CAPES Consortium</s>
    <s>!CAPES Consortium</s>
    <s>Universidade Federal do Rio Grande do Sul</s>
    <s>Register for an AccountArticle Author Query</s>
    <s>Journal Information</s>
    <s>Editorial Board</s>
    <s>Bulletin International des Societes de la Croix-Rouge News</s>
    <s>Book Review Info</s>
    <s>Instructions for Contributors</s>
    <s>Transfer of Copyright</s>
    <s>Abstracting &amp; Indexing Services</s>
    <s>Advertising Information</s>
    <s>Journal Menu</s>
    <s>Bulletin International des Societes de la Croix-Rouge Home</s>
    <s>Browse Journal</s>
    <s>Latest Issue</s>
    <s>Back Issues</s>
    <s>Browse Articles</s>
    <s>Most Downloaded</s>
    <s>Most Cited Submit Your Article</s>
    <s>Sign-Up for Contents Alerts</s>
    <s>Special Sales</s>
    <s>Advertising and Corporate Sales</s>
    <s>Access Information</s>
    <s>Consortia Access</s>
    <s>Free Access</s>
    <s>Individual Access</s>
    <s>Open Access</s>
    <s>Pay-per-View Access</s>
    <s>Subscription Access</s>
    <s>Article Menu</s>
    <s>Export Citation</s>
    <s>Citation Alert</s>
    <s>Save This Article</s>
    <s>Request Permissions</s>
    <s>Cited By Articles</s>
    <s>Google Scholar</s>
    <s>View This Article's Issue</s>
    <s>Bookmark &amp; Share This Article</s>
    <s>Share on Twitter</s>
    <s>Email Abstract</s>
    <s>Save This Article</s>
    <s>CJO Search Widget What is this?</s>
    <s>Download a branded Cambridge Journals Online toolbar (for IE 7 only). What is this?</s>
    <s>Add Cambridge Journals Online as a search option in your browser toolbar. What is this?</s>
    <s>Bulletin International des Societes de la Croix-Rouge</s>
    <s>Volume 33</s>
    <s>Issue 131</s>
    <s>De la revision de la Convention de Genève, par M. G. Roszkowski</s>
    <s>Bulletin International des Societes de la Croix-Rouge</s>
    <s>Bulletin International des Societes de la Croix-Rouge (1902), 33: 169-170</s>
    <s>Copyright © International Committee of the Red Cross 1902</s>
    <s>DOI: 10.1017/S1816968600009269 (About DOI)</s>
    <s>Published online: 27 November 2009</s>
    <s>New Content Alerts</s>
    <s>CJO Widget About Widget</s>
    <s>Table of Contents - 1902 - Volume 33, Issue 131</s>
    <s>Add to Basket $30.00 / £20.00</s>
    <s>Previous Abstract</s>
    <s>Next Abstract</s>
    <s>De la revision de la Convention de Geneve, par M. G. Roszkowski</s>
    <s>M. G. Roszkowski, professeur a l'Universite de Lemberg, a publie l'an dernier, en polonais, une brochure sur la revision de la Convention de Geneve, dont nous sommes a meme de donner ici un rapide aperçu.</s>
    <s>How to Cite This Article</s>
    <s>Link to This Abstract</s>
    <s>Blog This Article</s>
    <s>Copy and paste this link Highlight all http://journals.cambridge.org/abstract S1816968600009269</s>
    <s>Copy and paste this citation Highlight all</s>
    <s>Blog This Article</s>
    <s>Copy and paste this code to insert a reference to this article in your blog or online community profile:</s>
    <s>Highlight all &lt;div style=&quot;background: FFFFFF; margin: 0 10px 10px 0; padding: 0 10px 0 0; text-align: left; font-family: Arial, Helvetica, sans-serif; line-height: 1em;&quot;&gt;&lt;div style=&quot;font-size: 11px; padding: 0px 0px 10px 0px; font-weight:bold; color: 045989;&quot;&gt;De la revision de la Convention de Genève, par M. G. Roszkowski&lt;/div&gt;&lt;div style=&quot;font-size: 11px;&quot;&gt;&lt;b&gt; (1902).&lt;/b&gt;&lt;br /&gt; &lt;a href=&quot;http://journals.cambridge.org/action/displayJournal?jid=BRC&quot;&gt;Bulletin International des Societes de la Croix-Rouge&lt;/a&gt;, &lt;a href=&quot;http://journals.cambridge.org/action/displayJournal?jid=BRC&amp;volumeId=33&amp;bVolume=yloc33&gt; &quot;&gt;Volume 33&lt;/a&gt;, &lt;a href=&quot;http://journals.cambridge.org/action/displayIssue?jid=BRC&amp;volumeId=33&amp;issueId=131&amp;seriesId=0&quot;&gt; Issue 131&lt;/a&gt;, July 1902 pp 169-170 &lt;br/&gt; &lt;a href=&quot;http://journals.cambridge.org/action/displayAbstract?aid=6043584&quot;&gt;http://journals.cambridge.org/action/displayAbstract?aid=6043584&lt;/a&gt;&lt;/div&gt;&lt;/div&gt; The code will display like this</s>
    <s>De la revision de la Convention de Genève, par M. G. Roszkowski</s>
    <s>Bulletin International des Societes de la Croix-Rouge, , Volume 33, Issue 131 , July 1902 pp 169-170</s>
    <s>http://journals.cambridge.org/abstract S1816968600009269</s>
    <s>(1902). De la revision de la Convention de Genève, par M. G. Roszkowski. Bulletin International des Societes de la Croix-Rouge, 33 , pp 169-170 doi:10.1017/S1816968600009269</s>
    <s>Copyright Statement</s>
    <s>Rights and Permissions</s>
    <s>Privacy Policy</s>
    <s>Terms of Use</s>
    <s>Press Releases</s>
    <s>(C) Cambridge University Press</s>
    <s>Cross Ref</s>
    <s>Cited by CrossRef</s>
    <s>Project Counter</s>
    <s>Level Double-A conformance icon, W3C-WAI Web Content Accessibility Guidelines 1.0</s>
    <s>RSS Feed</s>
    <s>Get Adobe Reader</s>
    <s>Automated Content Access Protocol enabled</s>
  </text>
</page>
