<?xml version="1.0" encoding="UTF-8"?>
<!DOCTYPE page SYSTEM "page.dtd">
<page>
  <lang>fr</lang>
  <url>http://www.fao.org/iee-follow-up-committee/iee-document/doc-cc4iee/fr/item//icode/6/%3Fno_cache%3D1</url>
  <title>Conference Committee for Follow-up to the IEE: Comité de la - FAO</title>
  <snippet>
    <s>Extrait du document C 2008/4 de la Conférence RAPPORT DU COMITÉ DE LA </s>
  </snippet>
  <text>
    <s>Conference Committee for IEE Follow-up</s>
    <s>Conference Committee for IEE Follow-up</s>
    <s>Conference Committee for IEE Follow-up</s>
    <s>Conference Committee for IEE Follow-up</s>
    <s>ThisSite FAO</s>
    <s>Accueil de la FAO</s>
    <s>La Réforme de la FAO accueil</s>
    <s>Groupe de travail I</s>
    <s>Groupe de travail II</s>
    <s>Groupe de travail III</s>
    <s>Comité de la Conférence pour le suivi de l’Evaluation externe indépendante de la FAO</s>
    <s>Points essentiels</s>
    <s>Comité de la Conférence pour le suivi de l’Evaluation externe indépendante de la FAO</s>
    <s>Documents: Comité de la Conférence pour le suivi de l’Evaluation externe indépendante de la FAO</s>
    <s>Aide-mémoire du Président Réunion du Comité de la Conférence chargé du suivi de l’EEI (CoC-EEI) Vendredi 5 juin 2009</s>
    <s>Extrait du document C 2008/4 de la Conférence RAPPORT DU COMITÉ DE LA CONFÉRENCE CHARGÉ DU SUIVI DE L’ÉVALUATION EXTERNE INDÉPENDANTE DE LA FAO (CoC-EEI) PLAN D’ACTION IMMÉDIATE</s>
    <s>Additif au projet de rapport du Comité de la Conférence chargé du suivi de l’Évaluation externe indépendante de la FAO (CoC-EEI) sur les amendements aux Textes fondamentaux pour la mise en oeuvre du Plan d’action immédiate</s>
    <s>Projet de rapport du Comité de la Conférence chargé du suivi de l’Évaluation externe indépendante de la FAO (CoC-EEI) sur les amendements proposés aux Textes fondamentaux pour la mise en œuvre du Plan d’action immédiate</s>
    <s>Aide-mémoire du Président Réunion du Comité de la Conférence chargé du suivi de l’EEI (CoC-EEI) Jeudi 21 mai 2009</s>
    <s>Afficher les résultats 31 à 35 sur un total de 71</s>
    <s>&lt; Précédente</s>
    <s>Page 4</s>
    <s>Page 5</s>
    <s>Page 6</s>
    <s>Page 7</s>
    <s>Page 8</s>
    <s>Page 9</s>
    <s>Page 10</s>
    <s>Suivante &gt;</s>
    <s>Documents de base</s>
    <s>Rapport du Comité de la Conférence chargé du suivi de l'EEI (et Plan d'Action Immédiate)</s>
    <s>Rapport de l'Évaluation externe indépendante de l'Organisation des Nations Unies pour l'alimentation et l'agriculture (FAO)</s>
    <s>Résolution 1/2008 et Plan d’Action Immédiate pour le renouveau de la FAO</s>
    <s>Rapport de l'Évaluation externe indépendante de l'Organisation des Nations Unies pour l'alimentation et l'agriculture – Annexes 2-4</s>
    <s>Rapport de l’Évaluation externe indépendante de l’Organisation des Nations Unies pour l’alimentation et l’agriculture</s>
    <s>RÉPONSE DE PRINCIPE DE LA DIRECTION</s>
    <s>Rapport de l’Évaluation externe indépendante de l’Organisation des Nations Unies pour l’alimentation et l’agriculture</s>
    <s>RÉPONSE DE PRINCIPE DE LA DIRECTION</s>
    <s>Note d'information</s>
    <s>Points essentiels</s>
    <s>Numéro 25 Info Membres - Le renouveau de la FAO (29 août 2011)</s>
    <s>Numéro 24 Info Membres - Le renouveau de la FAO (10 mai 2011)</s>
    <s>C2009/7 - RAPPORT DU CoC-EEI À LA CONFÉRENCE DE LA FAO CONCERNANT LE PLAN D’ACTION IMMÉDIATE POUR LE RENOUVEAU DE LA FAO</s>
    <s>Rapport final du Comité financier sur les points 4, 5, 6 et 16</s>
    <s>Éléments de l’Examen détaillé: premières observations de la Direction au sujet des coûts et économies prévisionnels</s>
    <s>Management Response to the Root and Branch Review Final Report</s>
    <s>Root and Branch Review - Final Report</s>
    <s>Root and Branch Review - Annexes A-M</s>
    <s>Root and Branch Review - Annexes N-S</s>
    <s>Examen détaillé Résumé analytique 17 avril 2009</s>
    <s>Contactez-nous | Politique de confidentialité | Alerte aux messages frauduleux</s>
    <s>© FAO, 2011</s>
  </text>
</page>
