<?xml version="1.0" encoding="UTF-8"?>
<!DOCTYPE page SYSTEM "page.dtd">
<page>
  <lang>fr</lang>
  <url>http://www.osgeo.org/node/451</url>
  <title>Pourquoi et comment sponsoriser l&#39;OSGeo | OSGeo.org</title>
  <snippet>
    <s>L&#39;OSGeo est une organisation à but non lucratif dédiée à héberger de d&#39;être le Premier Sponsor Sélectionné pour la Conférence Internationale Annuelle de l&#39; </s>
  </snippet>
  <text>
    <s>OSGeo Projects</s>
    <s>Web Mapping</s>
    <s>MapGuide Open Source</s>
    <s>Desktop Applications</s>
    <s>GRASS GIS</s>
    <s>Quantum GIS</s>
    <s>Geospatial Libraries</s>
    <s>Metadata Catalog</s>
    <s>Other Projects</s>
    <s>Public Geospatial Data</s>
    <s>Education and Curriculum</s>
    <s>!Project in incubation</s>
    <s>OSGeo Foundation</s>
    <s>About the Foundation</s>
    <s>Sponsor OSGeo</s>
    <s>Swag Store</s>
    <s>OSGeo Community</s>
    <s>Member Area</s>
    <s>Mailing Lists</s>
    <s>Service Providers</s>
    <s>Sol Katz Award</s>
    <s>Local Chapters</s>
    <s>Live DVD</s>
    <s>Portuguese (Brazilian)</s>
    <s>User login</s>
    <s>Pourquoi et comment sponsoriser l'OSGeo</s>
    <s>Version PDF (en anglais)</s>
    <s>L'OSGeo est une organisation à but non lucratif dédiée à héberger de manière fiable les projets géomatiques open source. Elle permet également de promouvoir les logiciels open source et est l'endroit où la communauté peut se rassembler pour mener à bien les innovations et la maturation de technologies que nous partageons collectivement.</s>
    <s>Bien que nous ayons une fabuleuse communauté de volontaires impliquée dans le développement et la promotion des technologies open source, incluant des entreprises autant que des individus, certains coûts restent inévitables. Nous avons besoin de votre aide pour couvrir ces dépenses. Votre soutien aidera a péréniser l'OSGeo en tant qu'organisation représentant les technologies open source en géomatique.</s>
    <s>Pourquoi Sponsoriser l'OSGeo</s>
    <s>Votre Structure Dépend d'un Logiciel de l'OSGeo - Votre entreprise ou votre agence gouvernementale utilise des technologies de l'OSGeo dans son travail quotidien, lui permettant d'être compétitif et de fournir des services d'une manière rentable. En soutenant l'OSGeo vous soutenez votre propre activité à long terme sachant qu'une OSGeo solide se trouve derrière.</s>
    <s>Vous représentez une Communauté de Pratique qui a Adopté les Logiciels de l'OSGeo - Des communautés représentant un large éventail de domaines, allant des associations de professionnels aux organisations non-gouvernementales, tirent profit des logiciels de l'OSGeo qui sont un composant critique de leurs applications destinées aux utilisateurs finaux. Il y a un intérêt à ce que votre communauté s'assure de la pérénité du logiciel utilisé. En sponsorisant l'OSGeo, vous montrez votre soutien au logiciel choisi par vos membres.</s>
    <s>Vos Objectifs s'alignent sur ceux de l'OSGeo concernant le Soutien aux Standards Ouverts et les Autres Priorités - Aidez votre propre organisation a atteindre ses objectifs en sponsorisant l'OSGeo en tant qu'organisation proche et bénéficiez des réussites volontaires d'une communauté à l'échelle mondiale prenant rapidement de l'ampleur.</s>
    <s>Montrez votre Leadership dans les Technologies Open Source en Géomatique - En sponsorisant l'OSGeo vous allez contribuer à aligner votre entreprise sur les activités de milliers d'utilisateurs de logiciels de l'OSGeo à travers le monde. En tant que sponsor de l'OSGeo, vous allez aligner la croissance de votre entreprise sur l'élan impulsé par l'OSGeo sur le marché.</s>
    <s>Profitez des Opportunités de Mise en Réseau - En tant que sponsor de l'OSGeo, vous allez bénéficier d'opportunités uniques de rencontrer et partager vos idées avec des membres clés de l'OSGeo, d'autres sponsors de l'OSGeo et les personnes et organisations affiliées à l'OSGeo.</s>
    <s>Niveaux de Sponsorisation</s>
    <s>La sponsorisation de la Fondation se fait sur une base annuelle et propose aux organisations quatre niveaux de financement.</s>
    <s>Niveaux de Sponsorisation de l'OSGeo</s>
    <s>Niveau $USD</s>
    <s>Sponsor Bienfaiteur</s>
    <s>Sponsor Principal</s>
    <s>Second Sponsor</s>
    <s>Sponsor Associé</s>
    <s>Avantages de la Sponsorisation</s>
    <s>Une part cruciale du succès de l'OSGeo est le succès des organisations qui lui sont partenaires. Une force de l'OSGeo est de fonctionner indépendamment de toute organisation et, par conséquence, indépendamment de tout sponsor individuel. Chaque sponsor est important pour l'OSGeo, quel que soit son niveau de financement. Les avantages proposés aux sponsors ne compromettent donc pas l'impartialité.</s>
    <s>En reconnaissance des différents niveaux de contributions, des avantages particuliers sont accordés à chaque sponsor. Ces avantages sont détaillés ci-dessous et se cumulent à mesure que le financement augmente (un plus haut niveau de financement inclut les avantages du ou des niveaux inférieurs).</s>
    <s>Sponsor Bienfaiteur</s>
    <s>Visibilité maximale sur la page web des Sponsors de l'OSGeo</s>
    <s>Le logo de votre organisation figurant sur les contenus promotionnels clés de l'OSGeo</s>
    <s>Pendant les évènements promotionnels, le logo de votre organisation est affiché faisant parti du stand de l'OSGeo</s>
    <s>Le droit d'être le Premier Sponsor Sélectionné pour la Conférence Internationale Annuelle de l'OSGeo</s>
    <s>Une page complète d'Espace Promotionnel sur une Page de Sponsor de l'OSGeo personnalisée</s>
    <s>Espace Promotionnel sur une Page de Sponsor Bienfaiteur de l'OSGeo</s>
    <s>Communiqué de Presse conjoint avec l'OSGeo pour annoncer la Sponsorisation</s>
    <s>Invitation à l'Evènement d'Echange et d'Information des Sponsors avec le Conseil d'Administration à la suite de la Conférence Internationale Annuelle de l'OSGeo</s>
    <s>Invitation à l'Evènement de Mise en Réseau des Sponsors avec le Conseil d'Administration de l'OSGeo et d'autres invités à la suite de la Conférence Internationale Annuelle de l'OSGeo</s>
    <s>Le droit d'utiliser le logo Sponsor de l'OSGeo et de promouvoir le nom du niveau de sponsorisation</s>
    <s>Sponsor Principal</s>
    <s>Espace Promotionnel sur une Page de Sponsor Principal de l'OSGeo</s>
    <s>Le droit d'être le Sponsor Sélectionné pour la Conférence Internationale Annuelle de l'OSGeo (après le Sponsor Bienfaiteur)</s>
    <s>Communiqué de Presse conjoint avec l'OSGeo pour annoncer la Sponsorisation</s>
    <s>Invitation à l'Evènement d'Echange et d'Information des Sponsors avec le Conseil d'Administration à la suite de la Conférence Internationale Annuelle de l'OSGeo</s>
    <s>Invitation à l'Evènement de Mise en Réseau des Sponsors avec le Conseil d'Administration de l'OSGeo et d'autres invités à la suite de la Conférence Internationale Annuelle de l'OSGeo</s>
    <s>Le droit d'utiliser le logo Sponsor de l'OSGeo et de promouvoir le nom du niveau de sponsorisation</s>
    <s>Le sponsor est promu sur la page web desSponsors de l'OSGeo, avec un lien vers le site web du sponsor</s>
    <s>Second Sponsor</s>
    <s>Communiqué de Presse conjoint avec l'OSGeo pour annoncer la Sponsorisation</s>
    <s>Invitation à l'Evènement d'Echange et d'Information des Sponsors avec le Conseil d'Administration à la suite de la Conférence Internationale Annuelle de l'OSGeo</s>
    <s>Invitation à l'Evènement de Mise en Réseau des Sponsors avec le Conseil d'Administration de l'OSGeo et d'autres invités à la suite de la Conférence Internationale Annuelle de l'OSGeo</s>
    <s>Le droit d'utiliser le logo Sponsor de l'OSGeo et de promouvoir le nom du niveau de sponsorisation</s>
    <s>Le sponsor est promu sur la page web desSponsors de l'OSGeo, avec un lien vers le site web du sponsor</s>
    <s>Sponsor Associé</s>
    <s>Le droit d'utiliser le logo Sponsor de l'OSGeo et de promouvoir le nom du niveau de sponsorisation</s>
    <s>Le sponsor est promu sur la page web desSponsors de l'OSGeo, avec un lien vers le site web du sponsor</s>
    <s>Comment sponsoriser</s>
    <s>Pour sponsoriser l'OSGeo ou pour discuter plus en détail des opportunités de sponsorisation, veuillez contacter :</s>
    <s>Tyler Mitchell, Directeur Executif, Open Source Geospatial Foundation (OSGeo)</s>
    <s>Email : tmitchell at osgeo.org</s>
    <s>Téléphone : +1-250-277-1621</s>
    <s>Page Loaded at (UTC/GMT)</s>
    <s>Wed, Oct 19, 2011 at 06:39</s>
  </text>
</page>
