<?xml version="1.0" encoding="UTF-8"?>
<!DOCTYPE page SYSTEM "page.dtd">
<page>
  <lang>fr</lang>
  <url>http://www.acee.qc.ca/discussions/le-bureau-executif-du-club-qui-fait-quoi/</url>
  <title>Le bureau exécutif du club : qui fait quoi ? | ACEE du Québec</title>
  <snippet>
    <s>Un site internet pour votre club, un tutoriel vidéo pour l&#39;alimenter ! (en cours ressources humaines (animateur, conférencier, invités, bénévoles, photographe … </s>
  </snippet>
  <text>
    <s>Se souvenir de moi</s>
    <s>Mot de passe oublié ? Inscription</s>
    <s>Passer le contenu</s>
    <s>Qui sommes-nous ?</s>
    <s>Équipe et contacts</s>
    <s>Conseil d’administration</s>
    <s>Conseil des gouverneurs</s>
    <s>Liste des personnes-ressources</s>
    <s>Personne-ressource du mois</s>
    <s>Personnes ressources</s>
    <s>Les événements</s>
    <s>L'ACEE du Québec</s>
    <s>La vie des CEE</s>
    <s>Les concours</s>
    <s>Les dossiers de l'entrepreneuriat</s>
    <s>Colloque et événements</s>
    <s>Colloque 2011</s>
    <s>Colloque 2010</s>
    <s>Colloque 2009</s>
    <s>Colloque 2008</s>
    <s>Colloque 2007</s>
    <s>Colloque 2006</s>
    <s>Colloque 2005</s>
    <s>Colloque 2004</s>
    <s>Colloque 2003</s>
    <s>Concours et défis</s>
    <s>Photographie - « Québec en CEE »</s>
    <s>Archives | Les bourses</s>
    <s>Les donateurs de bourses</s>
    <s>Gagnants 2009</s>
    <s>Gagnants 2008</s>
    <s>Fonds dédié</s>
    <s>C'est quoi ?</s>
    <s>Évènements commandités</s>
    <s>Commandites sans événements</s>
    <s>Foire aux questions</s>
    <s>Rapport d'événement</s>
    <s>Événements à venir</s>
    <s>Événements réalisés</s>
    <s>Découvrez les outils pour CEE</s>
    <s>L'ACEEQ et son réseau</s>
    <s>Les ex-membres de l'ACEE du Québec en affaires</s>
    <s>Le mur d'affiches</s>
    <s>Liste des compétences du réseau</s>
    <s>Bibliothèque de photos</s>
    <s>&lt;- Évènement sur les thèmes d'entrepreneuriat et études en Algérie</s>
    <s>APPEL À CANDIDATURES - Green Expo 2011, Mexico (Mexique), du 27 au 29 septembre 2011 -&gt;</s>
    <s>Le bureau exécutif du club : qui fait quoi ?</s>
    <s>!Pour ne pas basculer dans la zizanie, les membres d’un CEE sont invités à se mobiliser autour d’une structure organisationnelle, pour optimiser temps et projets. Chacun prend une place, pour apporter de l’eau au moulin, pour alimenter des forces et/ou développer de nouvelles compétences. Voici une description de tâches, adaptée à la réalité des clubs, pour chacun des postes qui composent un bureau exécutif, pour vous aider dans la prise et l’enrichissement de vos fonctions.</s>
    <s>Plus d’informations sur :</s>
    <s>Démarrer un CEE : Les étapes à ne pas manquer !</s>
    <s>La vision de club : pour ne pas avancer à l’aveuglette</s>
    <s>La mission de club : au cœur des préoccupations</s>
    <s>Les objectifs de club : clarté et réussite</s>
    <s>Les valeurs de club : la base d’un groupe</s>
    <s>Communication : des bases essentielles</s>
    <s>Le (la) président(e) : le (la) garant(e) de la mobilisation des membres du club !</s>
    <s>- Prépare, organise, anime les réunions et la vie du club</s>
    <s>- Coordonne les activités du club, appuie son équipe dans ses décisions et les tâches à effectuer</s>
    <s>- Motive son équipe</s>
    <s>- Représente le club</s>
    <s>- Assure le lien avec l’ACEE du Québec</s>
    <s>- Mesure l’atteinte des objectifs du club</s>
    <s>- Anticipe une relève et la continuité du club</s>
    <s>Plus d’informations sur :</s>
    <s>Préparer une réunion, ou l’art de se faciliter la vie</s>
    <s>Cours magistral, spectacle ou réunion : l’art de choisir le bon cadre</s>
    <s>Diriger, divertir, animer : éviter les pièges</s>
    <s>La tempête d’idées ou brainstorm</s>
    <s>La vie du club : le calendrier (en cours)</s>
    <s>Optimisez votre recrutement (en cours)</s>
    <s>Le (la) vice-président(e) : le (la) garant(e) d’une gestion d’équipe et de projets efficace !</s>
    <s>- Assiste le (la) président(e) dans ses fonctions</s>
    <s>- Assure l’animation des réunions du club en l’absence du (de la) président(e)</s>
    <s>- Soutient le (la) président(e) dans l’organisation et la répartition des tâches, par la tenue, le suivi et l’animation d’un échéancier</s>
    <s>Plus d’informations sur :</s>
    <s>Pour une gestion de projet efficace : l’échéancier (en cours)</s>
    <s>Le (la) secrétaire : le (la) garant(e) d’un historique de vie de club !</s>
    <s>- Prépare, archive et envoie les ordres du jour des réunions du club</s>
    <s>- Rédige, archive et envoie les procès-verbaux des réunions aux membres, aux personnes-ressources et à l’ACEE du Québec</s>
    <s>- Tient à jour la liste des membres du club et leurs coordonnées</s>
    <s>- Assure la gestion administrative du club : signature et envoi de l’entente de collaboration avec l’ACEE du Québec, mise à jour des règlements généraux ou de la charte du club, gestion du courrier postal, gestion et envoi de lettres, de courriels…</s>
    <s>Plus d’informations sur :</s>
    <s>Aujourd’hui, à l’ordre du jour: l’importance de l’ordre du jour…</s>
    <s>Une réunion, un procès-verbal(en cours)</s>
    <s>L’appartenance à un réseau : l’entente de collaboration avec l’ACEE du Québec</s>
    <s>La vie du club : les règlements généraux (en cours)</s>
    <s>Les responsables aux communications : Les garants de la promotion d’un club, d’un réseau et d’une relève québécoise proactive !</s>
    <s>- Crée et alimente les vitrines promotionnelles du club : page Facebook, site internet…</s>
    <s>- Fait la promotion des activités du club auprès de l’ACEE du Québec, en interne (direction d’établissement, portes ouvertes, journal interne…) et dans la communauté (organismes socio-économiques, presse, radio…)</s>
    <s>- Fait la promotion de l’actualité entrepreneuriale (activités de la Chambre de commerce, Concours québécois en entrepreneuriat, Colloque de l’ACEE du Québec…) auprès de la communauté étudiante de l’établissement</s>
    <s>- Coordonne les travaux de rédaction et de production d’outils de promotion du club : communiqué de presse, logo, présentation PowerPoint, vidéo corporative, vêtements à l’effigie du club, cartes de visite du club et des membres, coroplaste…</s>
    <s>Plus d’informations sur :</s>
    <s>Un site internet pour votre club, un tutoriel vidéo pour l’alimenter(en cours)</s>
    <s>L’art de bien s’entourer (en cours)</s>
    <s>La radio qui soutient les clubs : NRJ (en cours)</s>
    <s>Comment construire un communiqué de presse ? (en cours)</s>
    <s>Comment organiser une conférence de presse ? (en cours)</s>
    <s>Le (la) trésorier(e) : Le (la) garant(e) de collaborations fructueuses !</s>
    <s>- Orchestre l’aspect financement du club : élaboration d’un plan de partenariat ou de commandite, gestion des campagnes et des activités de financement…</s>
    <s>- Élabore et met à jour le budget du club</s>
    <s>- Tient la comptabilité du club</s>
    <s>- Réalise les rapports financiers</s>
    <s>Plus d’informations sur :</s>
    <s>Comment faire un plan de visibilité ? (en cours)</s>
    <s>Financement du club : À quelles portes frapper ? (en cours)</s>
    <s>Les responsables de la programmation : Les garants d’une organisation professionnelle !</s>
    <s>- Négocie et organise l’aspect logistique des activités du club : location et/ou réservation de salle, obtention d’un permis à la Régie des alcools, des courses et des jeux, gestion des ressources matérielles (buffet, chaises, tables, outils…), des besoins techniques (micro, écran, projecteur…), ressources humaines (animateur, conférencier, invités, bénévoles, photographe…), location et organisation d’un moyen de transport (autobus, avion, itinéraire…), l’aspect promotionnel (affiche, flyers, billet, menu…)…</s>
    <s>- Coordonne les membres du club en amont et pendant l’activité du club grâce à horaire détaillé de l’activité, avec les responsabilités de chacun</s>
    <s>- Évalue les succès de l’activité  pour être en mesure d’améliorer l’organisation de l’équipe et la logistique d’une prochaine activité</s>
    <s>Plus d’informations sur :</s>
    <s>Activités de club : En veux-tu, en voilà(en cours)</s>
    <s>Où trouver son conférencier ? (en cours)</s>
    <s>La Régie des alcools, des courses et des jeux</s>
    <s>Un transporteur qui soutient les clubs : Groupe Autocar Jeannois Inc. (en cours)</s>
    <s>Questions, commentaires : rivieree@acee.qc.ca</s>
    <s>Les commentaires sont fermés.</s>
    <s>&lt;- Évènement sur les thèmes d'entrepreneuriat et études en Algérie</s>
    <s>APPEL À CANDIDATURES - Green Expo 2011, Mexico (Mexique), du 27 au 29 septembre 2011 -&gt;</s>
    <s>Partagez cette page</s>
    <s>Association des clubs entrepreneurs</s>
    <s>étudiants (ACEE du Québec)</s>
    <s>1510 rue Jean-Berchmans-Michaud</s>
    <s>Drummondville (Québec) J2C 7V3</s>
    <s>Tél. : 819-850-7573</s>
    <s>Télécopieur : 819 478-2582</s>
    <s>Tarifs et forfaits</s>
    <s>(C) Copyright 2011 - L'Association des clubs entrepreneurs du Quebec - Tous droits reserves</s>
  </text>
</page>
