<?xml version="1.0" encoding="UTF-8"?>
<!DOCTYPE page SYSTEM "page.dtd">
<page>
  <lang>fr</lang>
  <url>http://www.ijc.org/rel/2003biennial/fri_agenda_fr.php</url>
  <title>Ordre du jour de la Conférence sur les Grands Lacs de vendredi</title>
  <snippet>
    <s>11 janv. 2011 Les participants qui auront payé les frais d&#39;inscription auront accès aux ateliers et à la réception du vendredi en soirée. </s>
  </snippet>
  <text>
    <s>!Restoring the Greatness: 2003 Great Lakes Conference and Biennial Meeting on 19-20 September 2003 in Ann Abor, Michigan USA</s>
    <s>The registration period is over</s>
    <s>Renseignements sur la rion</s>
    <s>Atelier de jeudi</s>
    <s>sur les PA/PGP</s>
    <s>Ordre du jour de</s>
    <s>la Confnce sur</s>
    <s>les Grands Lacs</s>
    <s>de vendredi</s>
    <s>Ordre du jour de</s>
    <s>la Rion biennale de</s>
    <s>The registration period is over. If you would like to attend Friday and/or Saturday's workshops, you can register on site.</s>
    <s>Ordre du jour de la Confnce sur les Grands Lacs de vendredi</s>
    <s>Tous les ateliers auront lieu dans limmeuble Michigan Union (site Web - plan). Les ateliers attirent beaucoup de gens. Inscrivez vous tour e certain de participer a sce de votre choix.</s>
    <s>Noubliez pas que linscription prable est requise pour tous les ateliers et autres nements connexes a Confnce sur les Grands Lacs de vendredi. Les participants qui auront payes frais dinscription auront accaux ateliers et a rption du vendredi en soir Un crom contenant le texte des exposprntaux ateliers du vendredi sera lement remis hacune des personnes inscrites.</s>
    <s>Regardez l'information d'orateur.</s>
    <s>Ateliers du vendredi avant midi Ateliers du vendredi aprmidi Rption</s>
    <s>9h 45</s>
    <s>11h 45</s>
    <s>13h 15</s>
    <s>15h 15</s>
    <s>18h 30</s>
    <s>10h 30</s>
    <s>Esps exotiques envahissantes: le dilemme environnement commerce</s>
    <s>(8h11h 45)</s>
    <s>Le point sur le mercure</s>
    <s>(13h 1517h)</s>
    <s>le changement</s>
    <s>climatique et</s>
    <s>sy adapter:</s>
    <s>un d elever</s>
    <s>(8h-9h 45)</s>
    <s>Modifiera t on les crits</s>
    <s>de rlarisation des</s>
    <s>niveaux et des dts dans les Grands Lacs?</s>
    <s>(13h 15-17h)</s>
    <s>Avis aux consom-</s>
    <s>mateurs de poisson: comment e bien conseill/STRONG&gt;</s>
    <s>(8h-9h 45)</s>
    <s>La restauration des milieux naturels, une science nouvelle en plein essor</s>
    <s>(13h 15-15h)</s>
    <s>Expansion urbaine et santes bassins hydrographiques: des approches stratques</s>
    <s>(10h-11h 45)</s>
    <s>Quarrive t il au lac i Du d vu?</s>
    <s>(15 15-17h)</s>
    <s>Les utilisations de leau des Grands Lacs au dele lannexe 2001 de la Charte des Grands Lacs</s>
    <s>(10h-11h 45)</s>
    <s>9h 45</s>
    <s>11h 45</s>
    <s>13h 15</s>
    <s>15h 15</s>
    <s>18h 30</s>
    <s>10h 30</s>
    <s>Atelier du vendredi avant midi</s>
    <s>A 8h 11h 45</s>
    <s>Esps exotiques envahissantes: le dilemme environnement commerce</s>
    <s>La lutte contre lintroduction de nouvelles esps exotiques envahissantes dans les Grands Lacs se livre sur de nombreux fronts. Des progront accomplis, mais il faut coordonner les interventions afin didentifier les esps qui prntent le plus grand risque et celles qui se rndront vraisemblablement. Les participants examineront la possibilite concevoir et dappliquer des strates de protection et de prntion pour fermer les portes aux intrus.</s>
    <s>Remarque: Cet atelier se dule en m temps que les ateliers B et C.</s>
    <s>B 8h - 9h 45</s>
    <s>Comprendre le changement climatique et sy adapter: un d elever</s>
    <s>Le changement climatique a des rrcussions sur la qualites systs ainsi que sur notre santt notre capacitutiliser les ressources des Grands Lacs. Cet atelier a pour but dexaminer les possibilitde prir les effets de ce changement et de sy adapter, pour pouvoir ensuite atter ses consences dans notre ron et dans nos vies.</s>
    <s>Remarque: Cet atelier se dule en m temps que les ateliers A et C.</s>
    <s>C 8h -9h 45am</s>
    <s>Avis aux consommateurs de poisson: comment e bien conseillSTRONG&gt;</s>
    <s>La consommation de poissons des Grands Lacs peut accroe la santublique et la qualite lalimentation, pour autant quon continue dinformer la population des risques et de rire les concentrations de contaminants chez toutes les esps de poissons faisant lobjet dune pe traditionnelle. Cet atelier permettra dapprofondir la question.</s>
    <s>Remarque: Cet atelier se dule en m temps que les ateliers A et B.</s>
    <s>D 10:00-11:45am</s>
    <s>Expansion urbaine et santes bassins hydrographiques: des approches stratques</s>
    <s>Lurbanisation rande elle dans le bassin des Grands Lacs dade la qualite leau; il faut adopter des pratiques et des principes nouveaux pour combler les failles de la gestion du territoire, telles que linfrastructure inadate, les limites des institutions et les obstacles liaux comportements. La science peut nous aider omprendre ce probl et e gr par diffntes approches. La gestion des zones urbaines dans le souci de protr lenvironnement crdes collectivitdurables dont la viabilitconomique est rehauss</s>
    <s>Remarque: Cet atelier se dule en m temps que les ateliers E.</s>
    <s>E 10:00-11:45am</s>
    <s>Les utilisations de leau des Grands Lacs au dele lannexe 2001 de la Charte des Grands Lacs</s>
    <s>Les ats riverains des Grands Lacs ainsi que lOntario et le Quc travaillent activement ormer un consensus sur les moyens rendre pour prnir lappauvrissement de cette richesse aquatique par les exportations, les dvations ou la surutilisation. On encourage lindustrie, les organisations non gouvernementales, le monde universitaire, dautres spalistes et les citoyens intssarticiper ette action.</s>
    <s>Remarque: Cet atelier se dule en m temps que les ateliers D.</s>
    <s>Atelier du vendredi aprmidi</s>
    <s>F 13h 15 - 17h</s>
    <s>Le point sur le mercure</s>
    <s>Certaines parties de la population du bassin des Grands Lacs qui consomment du poisson sont expos au mercure provenant de sources naturelles ou rltant dactivitindustrielles pass et de dts atmosphques artir de diffntes sources de par le monde. Le mylmercure nuit davantage au dloppement neurologique quon lavait cru; il faut redoubler defforts pour rire lexposition des femmes en de procr. Latelier permettra de faire le point sur lt de la science et dinformer la communautes Grands Lacs.</s>
    <s>Remarque: Cet atelier se dule en m temps que les ateliers G , H , et I.</s>
    <s>G 13h 15 - 17h</s>
    <s>Modifiera t on les crits de rlarisation des niveaux et des dts dans les Grands Lacs?</s>
    <s>Cest la CMI qui a bli les crits rssant les volumes deau libs aux barrages ga sortie des lacs Supeur et Ontario. Ces crits, qui ont une incidence sur les niveaux deau dans lensemble des Grands Lacs, nont pas changn prde 50 ans en ce qui touche le barrage du lac Ontario et en prde 25 ans pour ce qui est de celui du lac Supeur. Or, dans cet intervalle, la dgraphie du bassin a lules gens sont devenus davantage sensibles aux questions environnementales et aux effets du changement climatique, et les connaissances et les capacitscientifiques ont augmentOn prntera un tour dhorizon des crits de rlarisation des dts et des prcupations qui ont duchur lexamen de ces crits, et on fera le point sur les travaux liet examen, qui pourrait entrar la modification des crits. Lt davancement et lorientation de lexamen des crits relatifs aux dts du lac Ontario, auquel 20 millions de dollars sont consacr retiendra particuliment lattention.</s>
    <s>Remarque: Cet atelier se dule en m temps que les ateliers F , H , et I.</s>
    <s>H 13h 15 - 15h</s>
    <s>La restauration des milieux naturels, une science nouvelle en plein essor</s>
    <s>Les techniques de remise en t des milieux naturels reprntent un domaine relativement nouveau. Il existe encore peu de thies, de principes et de notions permettant dorienter le transfert de ces techniques en mesures de gestion propres es sites prs visant le rblissement de lintithysique dhabitats aquatiques, de milieux humides et de rives dans le bassin des Grands Lacs. Et on en sait encore moins sur la restauration des aquifs. Les participants et atelier recevront de preux renseignements sur les les tir de travaux rnts de remise en t de divers habitats et aquifs, lobjectif nt de promouvoir le transfert des approches et des techniques efficaces autres endroits dans le bassin.</s>
    <s>Remarque: Cet atelier se dule en m temps que les ateliers F et G.</s>
    <s>I 15h 15-17h</s>
    <s>Quarrive t il au lac i Du d vu?</s>
    <s>Lsyst du lac ist en train de subir des changements qui laissent perplexes et dont les effets sont difficiles rir. On observe des transformations des communautbiologiques associ a zone morte et aux poissons du lac ainsi que la mortalitoiseaux piscivores par le botulisme. Venez en apprendre sur les recherches et sur linfluence quexercent les esps envahissantes, les ments nutritifs, le changement climatique et la fluctuation du niveau de leau sur lsyst du lac iqui est en constante lution.</s>
    <s>Remarque: Cet atelier se dule en m temps que les ateliers F et G.</s>
    <s>Rption daccueil</s>
    <s>18h 30-20h 30</s>
    <s>Rption daccueil</s>
    <s>La Commission mixte internationale est heureuse de tenir en soirune rption daccueil intention des gens inscrits a confnce de vendredi.</s>
    <s>Bi, vin et hors-duvre seront servis. Linscription prable a Confnce sur les Grands Lacs de vendredi et le port de li-boutonni sont nssaires pour e admis. La rption aura lieu au Exhibit Museum of Natural History (Site web - plan). Venez cbrer les Grands Lacs et rencontrer vos colles dans une atmosph dntract</s>
    <s>Carte dAnn Arbor, Michigan</s>
    <s>Plan du campus de lU. du M.</s>
    <s>Dernier mis our: January 11, 2011</s>
    <s>!Restoring the Greatness: 2003 Great Lakes Conference and Biennial Meeting on 19-20 September 2003 in Ann Arbor, Michigan USA</s>
    <s>Questions ou des difficulttechniques?</s>
    <s>Communiquez avec Jennifer Day, CMI-Windsor</s>
  </text>
</page>
