<?xml version="1.0" encoding="UTF-8"?>
<!DOCTYPE page SYSTEM "page.dtd">
<page>
  <lang>fr</lang>
  <url>http://www.uaps-uepa.org/home/index.php%3Foption%3Dcom_wrapper%26view%3Dwrapper%26Itemid%3D90%26lang%3Dfr</url>
  <title>Conference Registration</title>
  <snippet>
    <s>Click on the Conference Registration tab to finalize your registration for the Conference. PAYMENT OF REGISTRATION FEES. Participants will be required to </s>
  </snippet>
  <text>
    <s>Page d'accueil</s>
    <s>Tout sur UAPS</s>
    <s>Résumé Constitution Le Conseil Financement Equipe de Rédaction Siége</s>
    <s>Enregistrer vos Informations Statistiques des Adhésions</s>
    <s>Le journal de l'Etude de la Population Africaine(EPA) Bulletins d'Information Rapports Annuels African Population Conference(APC) Report</s>
    <s>Conferences Ateliers Scientifiques Réseaux de Recherche et autres Activités</s>
    <s>Prix et Subventions</s>
    <s>UAPS Laureate Award Subventions</s>
    <s>Appel à Communications D'autres appels à communication et réunions Offre d'emploi Obséques et autres annonces Obituaries</s>
    <s>6th APC Conference</s>
    <s>Conference Registration</s>
    <s>Le Conseil</s>
    <s>Equipe de Rédaction</s>
    <s>Sixth African Population Conference</s>
    <s>Conference Website</s>
    <s>Sessions by Topic</s>
    <s>Conference Registration</s>
    <s>Instructions for Organizers</s>
    <s>Burkina Faso 6APC Local Conference website</s>
    <s>Home6th APC ConferenceConference Registration</s>
    <s>Conference Registration</s>
    <s>Cette option ne fonctionnera pas correctement car votre navigateur ne supporte par les IFrames</s>
    <s>(C) copyright 2011 Union for African Population Studies/Union pour l'Etude de la Population Africaine | Developed by QwickFusion</s>
  </text>
</page>
