<?xml version="1.0" encoding="UTF-8"?>
<!DOCTYPE page SYSTEM "page.dtd">
<page>
  <lang>fr</lang>
  <url>http://fr.cartes.com/Les-conferences/Offre-de-Sponsoring/Pause-Cafe</url>
  <title>Pause Café - Les conférences - CARTES and IDentication</title>
  <snippet>
    <s>4 mars 2011 Servies le matin et l&#39;après-midi pendant les pauses des conférences, dans les foyers des salles de conférences (espaces 400 et 500). Café </s>
  </snippet>
  <text>
    <s>!CARTES &amp; IDentification. The Key Business Event : Digital Security - Smart Technologies - Payment - Mobility. Du 7 au décembre 2010: Parce des Expositions Paris Nord Villepinte - France</s>
    <s>CARTES &amp; IDentification</s>
    <s>L'édition 2011</s>
    <s>Comité d'orientation</s>
    <s>Les partenaires institutionnels</s>
    <s>Les partenaires Instituts d'Etudes</s>
    <s>L'équipe CARTES 2011</s>
    <s>Pourquoi exposer ?</s>
    <s>Offre de stands &amp; Espaces dédiés</s>
    <s>Exposez à CARTES 2011</s>
    <s>Promouvoir votre participation</s>
    <s>Pourquoi visiter ?</s>
    <s>Liste des exposants 2011</s>
    <s>La Turquie, pays à l'honneur</s>
    <s>Informations Pratiques</s>
    <s>Les conférences</s>
    <s>Pourquoi assister aux conférences ?</s>
    <s>Programme de conférences</s>
    <s>Liste des conférenciers</s>
    <s>Inscription aux conférences</s>
    <s>World Card Summit 2011</s>
    <s>Offre de Sponsoring</s>
    <s>Les SESAMES</s>
    <s>Les finalistes 2011</s>
    <s>Les candidats 2011</s>
    <s>Le jury 2011</s>
    <s>Les gagnants 2010</s>
    <s>Actualités du salon</s>
    <s>Actualités exposant</s>
    <s>Informations marché</s>
    <s>Partenaires presse</s>
    <s>Partenaires Online</s>
    <s>Espace exposant CARTES 2011</s>
    <s>Pages Orphelines</s>
    <s>Ils ont visité CARTES 2009</s>
    <s>Mentions Légales</s>
    <s>Fabricants de terminaux et de lecteurs</s>
    <s>Fabricants de cartes à puces</s>
    <s>Le marché de l'identité et de la sécurité</s>
    <s>Les différents types de cartes à puces</s>
    <s>Récapitulatif Newsletter</s>
    <s>Ils ont visité CARTES &amp; IDentification 2010</s>
    <s>CARTES in North America . 5 -7 March 2012 . LAS VEGAS, NV (USA)</s>
    <s>NFC, technologies sans contact</s>
    <s>MtoM, Auto ID, Internet des objets</s>
    <s>Concours Trophées SESAMES</s>
    <s>Venez nous rencontrer</s>
    <s>Les conférences</s>
    <s>Offre de Sponsoring</s>
    <s>Pause Café</s>
    <s>Pourquoi assister aux conférences ?</s>
    <s>Des conférences centrées sur le paiement, la sécurité, le sans contact et les smart technologies</s>
    <s>Pass Conférence : Choisissez celui adapté à vos besoins</s>
    <s>Agenda 2011</s>
    <s>Programme de conférences</s>
    <s>Liste des conférenciers</s>
    <s>Inscription aux conférences</s>
    <s>World Card Summit 2011</s>
    <s>Offre de Sponsoring</s>
    <s>Bouteille d'eau</s>
    <s>Conférence Associée</s>
    <s>Objet promotionnel</s>
    <s>Stylo congressiste</s>
    <s>Bloc note</s>
    <s>Mallette congressiste</s>
    <s>Programme de conférences</s>
    <s>Top Premium</s>
    <s>Restaurant Congressistes</s>
    <s>Pause Café</s>
    <s>Logo sur le programme en ligne</s>
    <s>L'offre complète de sponsoring</s>
    <s>votre badge !</s>
    <s>sponsor !</s>
    <s>Restez connecte !</s>
    <s>a la newsletter</s>
    <s>Ajoutez a votre calendrier</s>
    <s>Blog CARTES</s>
    <s>Suivez-nous sur Twitter</s>
    <s>Pause Café</s>
    <s>04-03-2011 Aucun</s>
    <s>Networking convivial !</s>
    <s>1 500 € HT</s>
    <s>Points forts :</s>
    <s>Visibilité immédiate et forte dans des moments clés</s>
    <s>Servies le matin et l'après-midi pendant les pauses des conférences, dans les foyers des salles de conférences (espaces 400 et 500)</s>
    <s>Ce sponsoring comprend :</s>
    <s>1 panneau avec votre logo sur 1 des 2 bars (soit espace 400, soit espace 500) pendant toute la durée du salon</s>
    <s>1 rack avec votre documentation</s>
    <s>Insertion de votre logo:</s>
    <s>dans le programme des conférences (50 000 destinataires)</s>
    <s>sur le site web (187 000 visites)</s>
    <s>à l'accueil des congressistes</s>
    <s>dans le catalogue officiel du salon</s>
    <s>sur les grands plans du salon</s>
    <s>Offre limitée à 2 annonceurs - Date limite : 15 octobre 2011</s>
    <s>Merci à nos sponsors Salon et/ou Conférences:</s>
    <s>CARTES &amp; IDentification</s>
    <s>L'édition 2011</s>
    <s>Comité d'orientation</s>
    <s>Les partenaires institutionnels</s>
    <s>Les partenaires Instituts d'Etudes</s>
    <s>L'équipe CARTES 2011</s>
    <s>Pourquoi exposer ?</s>
    <s>Offre de stands &amp; Espaces dédiés</s>
    <s>Promouvoir votre participation</s>
    <s>Pourquoi visiter ?</s>
    <s>Liste des exposants 2011</s>
    <s>La Turquie, pays à l'honneur</s>
    <s>Informations Pratiques</s>
    <s>Les conférences</s>
    <s>Pourquoi assister aux conférences ?</s>
    <s>Programme de conférences</s>
    <s>Liste des conférenciers</s>
    <s>Inscription aux conférences</s>
    <s>World Card Summit 2011</s>
    <s>Offre de Sponsoring</s>
    <s>Les SESAMES</s>
    <s>Les finalistes 2011</s>
    <s>Les candidats 2011</s>
    <s>Le jury 2011</s>
    <s>Les gagnants 2010</s>
    <s>Actualités du salon</s>
    <s>Actualités exposant</s>
    <s>Informations marché</s>
    <s>Partenaires presse</s>
    <s>Partenaires Online</s>
    <s>Espace Exposant</s>
    <s>Pages Orphelines</s>
    <s>Ils ont visité CARTES 2009</s>
    <s>Mentions Légales</s>
    <s>Fabricants de terminaux et de lecteurs</s>
    <s>Fabricants de cartes à puces</s>
    <s>Le marché de l'identité et de la sécurité</s>
    <s>Les différents types de cartes à puces</s>
    <s>Récapitulatif Newsletter</s>
    <s>Ils ont visité CARTES &amp; IDentification 2010</s>
    <s>CARTES in North America . 5 -7 March 2012 . LAS VEGAS, NV (USA)</s>
    <s>NFC, technologies sans contact</s>
    <s>MtoM, Auto ID, Internet des objets</s>
    <s>Concours Trophées SESAMES</s>
    <s>Venez nous rencontrer!</s>
    <s>Mentions legales</s>
  </text>
</page>
