<?xml version="1.0" encoding="UTF-8"?>
<!DOCTYPE page SYSTEM "page.dtd">
<page>
  <lang>fr</lang>
  <url>http://www.sshf.com/sshf/statuts.php</url>
  <title>Statuts - Société Sherlock Holmes de France (SSHF)</title>
  <snippet>
    <s>Article 1. Fondation et dénomination. Il a été fondé entre les adhérents aux par le conseil d&#39;administration, et qui sont acceptées par le conseil d&#39;administration. publications, conférences, colloques, expositions, organisations sportives, </s>
  </snippet>
  <text>
    <s>WHO'S WHO</s>
    <s>Articles (79)</s>
    <s>Critiques (304)</s>
    <s>Fictions (149)</s>
    <s>Bibliographie (2148)</s>
    <s>DVDthe (179)</s>
    <s>Sherlock Holmes</s>
    <s>Sur papier</s>
    <s>Sur ecran</s>
    <s>Sur scene</s>
    <s>A la radio</s>
    <s>Conan Doyle</s>
    <s>Sa vie</s>
    <s>Son oeuvre</s>
    <s>Recherche wiki :</s>
    <s>Flux RSS</s>
    <s>Who's Who</s>
    <s>Plan du site</s>
    <s>Accueil » SSHF » Statuts</s>
    <s>de la Societe Sherlock Holmes de France</s>
    <s>Loi 1901</s>
    <s>SSHF | Statuts | Historique | Publications | Expositions | Reunions | Dons</s>
    <s>TITRE 1 : CONSTITUTION - OBJET COMPOSITION</s>
    <s>Article 1</s>
    <s>Fondation et denomination</s>
    <s>Il a ete fonde entre les adherents aux presents statuts, le 14 janvier 1993, une association regie par la loi du 1er juillet 1901 et le decret du 16 aout 1901, ayant pour denomination « Les Quincailliers de la Franco-Midland, Societe Sherlock Holmes de France ». Sigle SSHF.</s>
    <s>Article 2</s>
    <s>Rassembler en France, dans tous les autres pays francophones, dans la ville de San Remo en Italie, dans celle de Bruxelles en Belgique et dans celle de Birmingham en Angleterre, toutes les personnes morales et physiques qui s'interessent a Sherlock Holmes, personnage cite par Sir Arthur Conan Doyle ; creer, gerer et animer un musee consacre a l'oeuvre de Sir Arthur Conan Doyle.</s>
    <s>Article 3</s>
    <s>La duree de l'association est illimitee.</s>
    <s>Article 4</s>
    <s>Siege social</s>
    <s>Le siege social de l'association est fixe au 58, rue du 23-Aout 77630 BARBIZON.</s>
    <s>Il pourra etre transfere par simple decision du conseil d'administration.</s>
    <s>Article 5</s>
    <s>L'association se compose de membres.</s>
    <s>Sont membres, les personnes qui versent annuellement une cotisation dont le montant est fixe chaque annee par le conseil d'administration, et qui sont acceptees par le conseil d'administration.</s>
    <s>L'association comporte trois membres fondateurs : Alexis Barquin, Jean-Pierre Cagnat et Thierry Saint-Joanis.</s>
    <s>L'association ne peut exister qu'avec les membres fondateurs, sauf s'ils decident de se retirer de leur propre gre.</s>
    <s>Article 6</s>
    <s>Pour faire partie de l'association, il faut avoir fait acte de candidature et etre agree par le bureau qui statue sur les demandes d'admission presentees.</s>
    <s>Article 7</s>
    <s>Radiation ou perte de la qualite de membre</s>
    <s>La qualite de membre se perd par demission, par deces, ou par radiation prononcee par le conseil d'administration.</s>
    <s>TITRE 2 : ADMINISTRATION - GESTION</s>
    <s>Article 8</s>
    <s>Moyens d'action</s>
    <s>Les moyens d'action de l'association sont, d'une part, les moyens d'expression, bulletin, publications, conferences, colloques, expositions, organisations sportives, culturelles et artisanales, etc.</s>
    <s>Et, d'autre part, toute action visant a developper l'association telle que, par exemple, l'enrichissement de ses prestations, activites et la participation a diverses activites.</s>
    <s>Article 9</s>
    <s>Les ressources de l'association comprennent : le montant des cotisations annuelles versees par les membres ; toute subvention acceptee par le conseil d'administration ; les dons et legs acceptes par le conseil d'administration ; le produit des ventes des publications editees ou non par l'association, tous articles, produits, gadgets, services, manifestations, prestations et travaux divers en rapport avec l'objet de l'association ; toute autre recette permettant la realisation des buts fixes a l'article 2 acceptee par le conseil d'administration ; versements effectues par des entreprises, des particuliers ou autre contribuable ; toute autre ressource autorisee (billetterie, manifestations diverses, gadgets, etc.).</s>
    <s>Article 10</s>
    <s>Toutes les depenses sont celles autorisees, ordonnancees par le president, et entrant dans le cadre des objectifs de l'association.</s>
    <s>Article 11</s>
    <s>Conseil d'administration bureau</s>
    <s>L'association est administree par un conseil d'administration exclusivement compose d'un president (Thierry Saint-Joanis), d'un tresorier (Jean-Pierre Cagnat) et d'un secretaire (Alexis Barquin).</s>
    <s>Les membres du conseil d'administration sont elus pour toute la duree de l'association.</s>
    <s>Seul le conseil d'administration est habilite a prendre toute decision concernant l'association.</s>
    <s>Article 12</s>
    <s>Reunions du conseil d'administration</s>
    <s>Le conseil d'administration se reunit sur convocation du president.</s>
    <s>Les decisions sont prises a la majorite des voix.</s>
    <s>Article 13</s>
    <s>Reglement interieur</s>
    <s>Un reglement interieur est etabli par le conseil d'administration et lui seul.</s>
    <s>Tous les membres sont tenus de le respecter a la lettre sous peine d'exclusion.</s>
    <s>Article 14</s>
    <s>Assemblee generale</s>
    <s>L'assemblee generale ordinaire est ouverte a tous les membres de l'association a jour de leur cotisation, sur convocation du president, une fois par an.</s>
    <s>Article 15</s>
    <s>Representation en justice</s>
    <s>L'association est representee en justice et dans tous les actes de la vie civile par son president ou a defaut par un autre membre du bureau designe par lui a cet effet.</s>
    <s>Article 16</s>
    <s>L'association ne peut etre dissoute que par le conseil d'administration.</s>
    <s>(C) Soci Sherlock Holmes de France</s>
    <s>Toute reproduction interdite</s>
  </text>
</page>
