<?xml version="1.0" encoding="UTF-8"?>
<!DOCTYPE page SYSTEM "page.dtd">
<page>
  <lang>fr</lang>
  <url>http://www.machronique.com/conference-sur-le-comportement-animal-conferencier-johanne-leclerc-biologiste-theme-comportement-animal-en-captivite/</url>
  <title>Conférence sur le Comportement Animal / Conférencier Johanne ...</title>
  <snippet>
    <s>Autres articles dans: Atelier et Conférence. Conférence sur le Comportement Animal / Conférencier Johanne Leclerc, biologiste / Thème: Comportement Animal </s>
  </snippet>
  <text>
    <s>Mot de passe oublie? | Créer un compte</s>
    <s>Atelier et Conférence</s>
    <s>Atelier et Conférence</s>
    <s>Conférence sur le Comportement Animal / Conférencier Johanne Leclerc, biologiste / Thème: Comportement Animal en captivité</s>
    <s>Publie par Johanne Leclerc dans Atelier et Conférence</s>
    <s>Conférence sur le Comportement Animal / Conférencier Johanne Leclerc, biologiste / Thème: Comportement Animal en Captivité</s>
    <s>Johanne Leclerc est biologiste, spécialisée dans le Comportement Animal des animaux vivant en captivité et le bien-être animal.  Elle partagera avec vous ses expériences avec l'univers de l'animal vivant en captivité. </s>
    <s>Sujet: L'impact du milieu captif sur le comportement animal</s>
    <s>Quels sont les facteurs biologiques et physiques qui sont modifiés et ce, à un point tel que l'animal vivant en captivité adopte des comportements qui sont différents de l'animal de la même espèce vivant dans le milieu naturel?  Quels sont ces comportements?</s>
    <s>Quel est l'impact de l'interaction entre l'humain et l'animal vivant en captivité?  Le contact de l'humain favorise quels types de comportements?</s>
    <s>L'animal entraîné et conditionné vivant en captivité reflète-t-il sa nature intrinsèque?  Quel est l'apport scientifique?  Les informations  véhiculées à partir des animaux entraînés et conditionnés vivant en captivité répondent-elles à la mission d'éducation ?</s>
    <s> Sujet: L'exploitation des animaux en captivité à des fins touristiques</s>
    <s> Sous de fausses prétentions à la conservation des espèces, des animaux sont gardés en captivité dans des conditions inadéquates.  Trappe à touristes et commerce illégal d'animaux.  Impact sur le comportement animal.</s>
    <s>Reproduction illégale d'animaux identifiés comme &quot;espèces menacées d'extinction&quot;, vivant en captitvité: Quel est l'impact sur la diversité génétique des populations?</s>
    <s>L'utilisation d'un animal pour une &quot;photo souvenir&quot; avec des touristes: quel est l'arrière du décor pour cet animal ?</s>
    <s> Pour de plus amples informations: johanneleclerc@bienetre-animal.com</s>
    <s>Site web: www.bienetre-animal.com</s>
    <s>Site web: www.comportement-animal.com </s>
    <s>Cliquez sur la photo pour d'autres informations.</s>
    <s>Donnez votre apréciation pour cet article </s>
    <s>J'aime (0%)Indifférent (0%)Je n'aime pas (0%)</s>
    <s>Signaler comme spam (0%)</s>
    <s>Merci de nous aider à faire connaître ce texte </s>
    <s>Copier/coller ce lien dans votre site, blog ou espace web</s>
    <s>Article publie par:</s>
    <s>Johanne Leclerc</s>
    <s>Voir le profil de cet auteur</s>
    <s>Site Web : zoologistes-sansfrontiere.com</s>
    <s>Autres articles du meme auteur </s>
    <s>Comportement animal / Zoologistes Sans Frontières</s>
    <s>Conférence sur le Comportement Animal/ Conférencier Johanne Leclerc, biologiste/ L'utilisation des outils chez le bonobo, le chimpanzé, le gorille et l'orang-outan en milieu naturel et en captivité</s>
    <s>Comportement Animal / Charme et séduction chez l'orang-outan en milieu naturel / Comportement et choix de la femelle</s>
    <s>Conférence sur le Comportement Animal / Conférencier Johanne Leclerc, biologiste / Thème: Comportement Animal en captivité</s>
    <s>S.O.S. pour Lucy l'éléphant</s>
    <s>Temple des tigres: Reproduction illégale!</s>
    <s>Comportement animal:l'Éthologie</s>
    <s>Comportement animal - Temple des Tigres</s>
    <s>La dispersion chez les grands singes</s>
    <s>Voir tous les articles de cet auteur</s>
    <s>Autres articles dans: Atelier et Conférence</s>
    <s>Autres articles dans: Atelier et Conférence</s>
    <s>Conférence sur le Comportement Animal / Conférencier Johanne Leclerc, biologiste / Thème: Comportement Animal en captivité</s>
    <s>Les &quot;Grands Singes Anthropomorphes&quot;: Qui sont-ils?</s>
    <s>Singes ou Primates?</s>
    <s>Le chimpanzé est-il un singe?</s>
    <s>Haut de la page</s>
    <s>Nom d'utilisateur Mot de passe</s>
    <s>Vous n'avez pas de compte?</s>
    <s>Mot de passe oublie?</s>
    <s>Actualité et média</s>
    <s>Art et spectacle</s>
    <s>Article de collection</s>
    <s>Artiste et célébrité</s>
    <s>Association et organisme</s>
    <s>Atelier et Conférence</s>
    <s>Commerce et économie</s>
    <s>Culture et société</s>
    <s>Développement personnel</s>
    <s>Emploi et carrière</s>
    <s>Finance et investissement</s>
    <s>Formation éducation</s>
    <s>Mode beauté</s>
    <s>Tourisme et région</s>
    <s>Calendrier gratuit</s>
    <s>Imprimez votre</s>
    <s>calendrier gratuit</s>
    <s>Pour l'imprimer, cliquez sur le mini calendrier et ensuite imprimez ce dernier.</s>
    <s>Articles recents</s>
    <s>Accorhotels.com, nouveau pilier de la distribution de Accor</s>
    <s>Lettre de rupture amoureuse</s>
    <s>Malaga, Une Ville D’art, De Culture Et De Folklore</s>
    <s>Tombez sous le charme du Portugal en voiture de location</s>
    <s>La nouvelle image de soi: Facebook, Twitter et consorts</s>
    <s>Ça ne m'arrive pas pour rien…non??!</s>
    <s>La Grande Bretagne affronte la pornographie</s>
    <s>l'ajournement de moncler doudoune</s>
    <s>bearing ante marc jacobs handbags</s>
    <s>accumulation a lot of of the ghd hair</s>
    <s>Découvrez la ligne CLIPSE la nouveauté de la collection de sacs à main FUCHSIA</s>
    <s>Vos supports publicitaires en quelques clics !</s>
    <s>Les éléments indispensable des fêtes de Noel</s>
    <s>Entreprise de nettoyage</s>
    <s>octobre 2011 (227)</s>
    <s>septembre 2011 (391)</s>
    <s>août 2011 (450)</s>
    <s>juillet 2011 (271)</s>
    <s>juin 2011 (368)</s>
    <s>mai 2011 (364)</s>
    <s>avril 2011 (420)</s>
    <s>mars 2011 (454)</s>
    <s>février 2011 (342)</s>
    <s>janvier 2011 (413)</s>
    <s>décembre 2010 (337)</s>
    <s>novembre 2010 (297)</s>
    <s>octobre 2010 (309)</s>
    <s>septembre 2010 (291)</s>
    <s>août 2010 (190)</s>
    <s>juillet 2010 (163)</s>
    <s>juin 2010 (296)</s>
    <s>mai 2010 (172)</s>
    <s>avril 2010 (149)</s>
    <s>mars 2010 (138)</s>
    <s>février 2010 (147)</s>
    <s>janvier 2010 (150)</s>
    <s>décembre 2009 (146)</s>
    <s>novembre 2009 (212)</s>
    <s>octobre 2009 (82)</s>
    <s>septembre 2009 (63)</s>
    <s>août 2009 (70)</s>
    <s>juillet 2009 (42)</s>
    <s>juin 2009 (44)</s>
    <s>mai 2009 (48)</s>
    <s>avril 2009 (42)</s>
    <s>mars 2009 (120)</s>
    <s>février 2009 (134)</s>
    <s>janvier 2009 (80)</s>
    <s>décembre 2008 (64)</s>
    <s>novembre 2008 (41)</s>
    <s>octobre 2008 (26)</s>
    <s>septembre 2008 (22)</s>
    <s>août 2008 (32)</s>
    <s>juillet 2008 (9)</s>
    <s>juin 2008 (38)</s>
    <s>mai 2008 (21)</s>
    <s>avril 2008 (49)</s>
    <s>mars 2008 (59)</s>
    <s>février 2008 (23)</s>
    <s>janvier 2008 (12)</s>
    <s>décembre 2007 (5)</s>
    <s>novembre 2007 (6)</s>
    <s>octobre 2007 (21)</s>
    <s>septembre 2007 (11)</s>
    <s>août 2007 (4)</s>
    <s>juillet 2007 (1)</s>
    <s>mai 2007 (8)</s>
    <s>avril 2007 (29)</s>
    <s>Annonces classées Internet</s>
    <s>Annonces classées LesPuces.com</s>
    <s>Bande dessinée</s>
    <s>Chirurgie plastique</s>
    <s>Chronique Verte</s>
    <s>Chronique Voyage</s>
    <s>Dépendance affective</s>
    <s>Lavage à pression</s>
    <s>Le Nautisme</s>
    <s>Les Toitures Morel</s>
    <s>Location voilier Corse</s>
    <s>Loi de Robien</s>
    <s>Monsieur Calfeutrage</s>
    <s>Motorcycle trailer</s>
    <s>Recharge de cartouche d'encre</s>
    <s>Remorque de moto</s>
    <s>Visitez l'Île Ronde</s>
    <s>Visitez le Québec</s>
    <s>Développement personnel Maison Coaching toulouse coach location voiture Santé Espagne Poker villa brava costa marketing amour business pascal dion poker en ligne location auto louer une voiture location vehicule location de voitures location voiture france bien être location utilitaire Location poker gratuit affiliation emplacement affaire travail à domicile formation alarme Connaissance de soi paris imprimeur numérique salles de poker imprimeur en ligne Assurance Auto dépression sécurité stress hypnose idée cadeau original Immobilier cadeau personnalisé</s>
    <s>(C)2007 - 2010 Promalac Marketing - Tous droits reserve. MaChronique.com - Devenir r&amp;eacutedacteur;| contactez nous</s>
    <s>Creez en ligne votre propre chronique !</s>
    <s>Des milliers de rubriques a votre disposition !</s>
    <s>Publiez a votre rythme, sans obligation de frequence !</s>
    <s>Vous pouvez ajouter une photo a tous vos articles !</s>
    <s>Indexation automatique sur Google, Yahoo, MSN et Live !</s>
    <s>Vos articles sont indexes sur Google en moins de 30 minutes !</s>
    <s>Vous gerez tous vos articles et pouvez les retoucher au besoin !</s>
    <s>Vous pouvez vous connecter en tout temps sur MaChronique.com 24/24 heures, 7/7 jours !</s>
    <s>Aucun frais caches, c'est 100% gratuit !</s>
    <s>Nom d'utilisateur</s>
    <s>Mot de passe</s>
    <s>Fermer la fenêtre !</s>
  </text>
</page>
