<?xml version="1.0" encoding="UTF-8"?>
<!DOCTYPE page SYSTEM "page.dtd">
<page>
  <lang>fr</lang>
  <url>http://www.venere.com/fr/crowne-plaza-hotels/san-francisco/hotel-burlingame/</url>
  <title>Hotel Crowne Plaza Burlingame - San Francisco Airport à San ...</title>
  <snippet>
    <s>Salle de conférence et banquets peuvent accueillir des réceptions de 10 à 750 personnes pour réceptions professionnelles ou autre événement social. </s>
  </snippet>
  <text>
    <s>Vos Réservations</s>
    <s>Appelez-nous au 0800-761-1711</s>
    <s>Devise: USD ▼</s>
    <s>!Français ▼</s>
    <s>HOTELS &gt;</s>
    <s>HOTELS ETATS-UNIS &gt;</s>
    <s>HOTEL SAN FRANCISCO &gt;</s>
    <s>BURLINGAME , SAN FRANCISCO &gt;</s>
    <s>HOTEL CROWNE PLAZA BURLINGAME - SAN FRANCISCO AIRPORT</s>
    <s>&gt; RESERVATION</s>
    <s>Hôtel Crowne Plaza Burlingame - San Francisco Airport - Burlingame, San Francisco</s>
    <s>!Hotel 4 étoiles San Francisco</s>
    <s>1177 Airport Boulevard - San Francisco</s>
    <s>$ 224 Prix moyen</s>
    <s>Avis sur l'hôtel</s>
    <s>Le Crowne Plaza Burlingame - San Francisco Airport, hôtel recemment rénové, propose des installations et services de première classe aussi bien pour le visiteur professionnel que vacancier, dans un cadre confortable et sobrement élégant, au coeur du quartier de la Bay Area de San Francisco.</s>
    <s>La propriété bénéficie d'une situation privilégiée à 1.5 miles/2.4 km au sud de San Francisco dans le conté de San Mateo, sur la Highway 101 , à proximité des nombreuses attractions exceptionnelles de Burlingame, Santa Cruz, Carmel, Monterey et du California Wine Country .</s>
    <s>Les installations et services luxueux disposnibles sur place comprennent un centre de fitness, un centre d'affaire, un restaurant et salon-bar ouvert toute la journée, boutique souvenirs, une navette pour l'aéroport disponible 24h/24, une piscine et un bain spa intérieurs, un salon de coiffure, services de conciergerie et d'informations touristiques, parking surveillé, installations pour réunions et banquets, et de nombreux services de privilège pour vous permettre de travailler et de vous relaxer au sein d'une atmosphère agréable.</s>
    <s>Avis des clients</s>
    <s>Basé sur 217 avis d'hôtel</s>
    <s>Consultez les avis des utilisateurs de TripAdvisor</s>
    <s>pour obtenir des commentaires plus précis.</s>
    <s>Lire d'autres commentaires (217)</s>
    <s>Chambre double king</s>
    <s>Chambre double queen</s>
    <s>Lounge bar</s>
    <s>Le West Bay Lounge offre un cadre décontracté que vous apprécierez entre amis en dégustant un Martini, par exemple.</s>
    <s>De plus, deux bornes internet sont à la disposition complète et gratuite des visiteurs.</s>
    <s>Le restaurant West Bay Café garantit une expérience culinaire somptueuse au sein d'une atmosphère chaleureuse, et propose une cuisine savoureuse pour le petit déjeuner, le déjeuner et le dîner.</s>
    <s>Un service de restauration dans les chambres, ainsi qu'un menu pour animaux de compagnie sont disponibles.</s>
    <s>Salle de conférence</s>
    <s>Les installations modulables de l'établissement pour conférences et banquets peuvent accueillir des réceptions de 10 à 750 personnes pour réceptions professionnelles ou autre événement social.</s>
    <s>L'accès internet Wi-Fi est disponible à plusieurs étages.</s>
    <s>Salle de réunion</s>
    <s>Les installations modulables de l'établissement pour conférences et banquets peuvent accueillir des réceptions de 10 à 750 personnes pour réceptions professionnelles ou autre événement social.</s>
    <s>L'accès internet Wi-Fi est disponible à plusieurs étages.</s>
    <s>Salle de banquet</s>
    <s>De présentations professionnelles à célébrations de marriage, les exceptionnelles installations pour réunions et événements de l'établissement peuvent accueillir des rassemblements de 750 maximum, dans un cadre élégant.</s>
    <s>Piscine intérieure</s>
    <s>Pour votre santé et votre relaxation totale, vous pourrez vous profiter de la piscine intérieure chauffée et du relaxant bain à remous, tous deux ouverts de 5h30 à 23h00.</s>
    <s>Salle de fitness</s>
    <s>Pour votre ligne et votre bien-être durant votre sèjour à San Francisco, l'établissement dispose d'un centre de fitness 24h/24 intégralement équipé de technologie dernière génération.</s>
    <s>Vérifier la disponibilité de Hotel Crowne Plaza Burlingame - San Francisco Airport</s>
    <s>Réservation par téléphone 0800-761-1711</s>
    <s>1 2 3 4 5 6 7 8 9 10</s>
    <s>1 2 3 4 5 6 7 8 9 10</s>
    <s>Notifications et frais</s>
    <s>Le petit déjeuner n'est pas inclus dans le prix. Le prix dépend des articles choisis.</s>
    <s>Petit-déjeuner à Hotel Crowne Plaza Burlingame - San Francisco Airport</s>
    <s>Un petit déjeuner complet à la carte est servi tous les matins au West Bay Cafè de 6h00 à 11h00.</s>
    <s>Services Hôtel Burlingame</s>
    <s>Accès handicapés</s>
    <s>Animaux domestiques admis</s>
    <s>Boutique de souvenirs</s>
    <s>Carte de crédit acceptée</s>
    <s>Chiens admis</s>
    <s>Etablissement entièrement climatisé</s>
    <s>Ouvert aux groupes</s>
    <s>Récemment rénové</s>
    <s>Salon de beauté</s>
    <s>Services blanchisserie</s>
    <s>Services d'étage - horaire limité</s>
    <s>Services d'étage - menu limité</s>
    <s>Cartes de la ville</s>
    <s>Dépôt de bagages</s>
    <s>Guide de la ville</s>
    <s>Informations touristiques</s>
    <s>Réception - 24/24h</s>
    <s>Réception - coffres</s>
    <s>Réception - services fax</s>
    <s>Staff multilingue</s>
    <s>Visite de la ville</s>
    <s>Centre d'affaires</s>
    <s>Equipements séminaires/congrès</s>
    <s>Restauration de groupes</s>
    <s>Salle de conférence</s>
    <s>Salle de réunion</s>
    <s>Salon de réunion</s>
    <s>Services de banquet</s>
    <s>Services de secrétariat</s>
    <s>Piscine chauffée</s>
    <s>Piscine intérieure</s>
    <s>Salle de fitness</s>
    <s>Hydromassage Jacuzzi</s>
    <s>Services médicaux</s>
    <s>Location de voiture à l'hôtel</s>
    <s>Parking privé</s>
    <s>Service de navette de et/ou pour l'aéroport</s>
    <s>Lounge bar</s>
    <s>Check-in &amp; Check-out CHECK-IN &amp; CHECK-OUT</s>
    <s>Check-in: les chambres sont disponibles à partir de 15h00 sans limite au-delà.</s>
    <s>Check-out: les chambres devront être libérées à 12h00 au plus tard.</s>
    <s>Comment réserver</s>
    <s>Oubliez les commissions et les frais supplémentaires avec Venere.com!</s>
    <s>Réservez votre chambre dès maintenantLa carte de crédit servant de garantie pour votre réservation, aucun montant n’est prélevé au moment de la réservation.</s>
    <s>Vous paierez le montant de votre séjour directement auprès de l’hôtel en dollars américains. Seules les chambres qui portent le nom de &quot;Prepaid/Not Refundable&quot; (Prépayée/Non remboursable) doivent être payées au moment de la réservation. Un avantage pour ceux qui sont à la recherche de bonnes affaires et qui savent ce qu’ils veulent</s>
    <s>Cartes bancaires autorisées dans cet hôtel pour garantir la réservation: American Express, Diners Club, Eurocard, MasterCard, Visa, Airplus, Carte Bleu, Carta Si, CUP MasterCard, CUP Visa, Dankort, Delta, Postepay</s>
    <s>American Express Diners Club Eurocard MasterCard Visa PostePay</s>
    <s>Politique d'annulation</s>
    <s>Full night with tax penalty in case of no-show or late cancellation. LOCAL TAXES ARE NOT INCLUDED IN TOTAL PRICE.</s>
    <s>Il est possible d'annuler la réservation sans pénalité au plus tard 1 jour avant la date d'arrivée en accédant à la page Vos réservations. Il est impossible d'annuler la réservation si vous avez au préalable opté pour une chambre indiquée comme &quot;PREPAID/NOT REFUNDABLE&quot; (non remboursable/prépayée).</s>
    <s>Consultez les avis des utilisateurs de TripAdvisor</s>
    <s>pour obtenir des commentaires plus précis.</s>
    <s>Consultez les avis des clients ci-dessous ou Réserver!</s>
    <s>Réservez maintenant !</s>
    <s>Commentaires sur Burlingame Hotel</s>
    <s>Nous sommes désolés. Nous n'avons pas de commentaires clients dans votre langue pour cet établissement.</s>
    <s>Revenir à la description et aux photos de l’hôtel</s>
    <s>Information sur le chambres</s>
    <s>L'établissement propose 309 chambres magnifiquement réagencées, dont 10 suites de luxe, toutes disposant d'une élégante salle de bains privée avec douche ou baignoire et sèche-cheveux.</s>
    <s>Les logements, bien équipés, sont entièrement insonorisés et disposent d'un éventail de commodités comprenant climatisation à réglage individuel, chauffage, TV câblée 63 cm avec plus de 60 chaînes, console Nintendo, films à la demande, fauteuil avec repose-pieds, deux téléphones double-ligne (dont un avec haut-parleur) et accès internet haut-débit gratuit.</s>
    <s>Un grand bureau avec chaise ergonomique rend le travail loin du bureau facile et confortable. Des lits-bébé et des nécessaires de repassage sont disponibles sur demande. Un coffre-fort est disponible à la réception.</s>
    <s>Des chambres non-fumeurs et des chambres équipées pour hôtes handicapés sont disponibles sur demande.</s>
    <s>Les petits animaux de compagnie sont joyeusement acceptés.</s>
    <s>Inclus/Non inclus dans le prix</s>
    <s>INCLUS/NON INCLUS DANS LE PRIX</s>
    <s>La taxe loacele n'est pas incluse.</s>
    <s>Le service de navette pour l'aéroport est inclus dans le prix.</s>
    <s>L'utilisation du parking n'est pas incluse dans le prix et coûte $13.00 pour 24 heures.</s>
    <s>Les lits-bébé sont inclus dans le prix.</s>
    <s>Les petits animaux de compagnie sont acceptés sans supplément.</s>
    <s>L'utilisation du coffre-fort de la réception est incluse dans le prix.</s>
    <s>L'utilisation des installations de fitness de l'établissement est incluse dans le prix.</s>
    <s>L'accès internet dans les chambres est inclus dans le prix.</s>
    <s>L'utilisation de la borne internet est incluse dans le prix.</s>
    <s>Le petit déjeuner n'est pas inclus dans le prix. Le prix dépend des articles choisis.</s>
    <s>Services de l'hebergement</s>
    <s>Chambres insonorisées</s>
    <s>Chambres non-fumeur disponibles sur demande</s>
    <s>Climatisation individuelle</s>
    <s>Connexion internet ADSL</s>
    <s>Connexion internet Wi-Fi</s>
    <s>Fer et table à repasser disponibles sur demande</s>
    <s>Lit bébé disponible sur demande</s>
    <s>Pay per view</s>
    <s>Plateau de courtoisie avec thé et café</s>
    <s>Services pour personnes à mobilité réduite</s>
    <s>Sèche-cheveux dans la chambre</s>
    <s>TV câblée</s>
    <s>Téléphone direct</s>
    <s>Réservez maintenant !</s>
    <s>Comment rejoindre Hôtel Crowne Plaza Burlingame - San Francisco Airport</s>
    <s>En avion</s>
    <s>l'aéroport interational de San Francisco (SFO) est à seulement 5 minutes en voiture ou en taxi de la propriété pour une distance de 1.5 miles/2.4 km. En quittant l'aéroport, prendre la Highway 101 South jusqu'à la sortie pour Broadway . Suivre les panneaux pour Airport Boulevard et se diriger vers l'est en passant le pont autoroutier. Tourner à droite sur Old Bayshore Road et continuer tout droit jusqu'à l'entrée de la propriété.</s>
    <s>Un service de transport gratuit pour l'aéroport est disponible 24h/24. Les téléphones et listes téléophoniques sont facilement repérables dans la zone de récupération des baggages de l'aéroport. Contacter simplement l'établissement et la navette de l'hôtel vous prendra au niveau supérieur (suivre les indications pour Hotel Shuttles ) et vous portera directement à la propriété.</s>
    <s>Distance depuis Hôtel Burlingame</s>
    <s>Vous apprécierez la proximité (1 mile/1.6 km) du centre ville de Burlingame et ses excellentes boutiques, restaurants et lieux de divertissement.</s>
    <s>De plus, adjacent à la propriété, se trouve le Bayside Park offrant de nombreux parcours de jogging, randonnées en bicyclette ou en rollerblades.</s>
    <s>Les transports de Hotel Crowne Plaza Burlingame - San Francisco Airport</s>
    <s>Location de voiture à l'hôtel</s>
    <s>Parking privé</s>
    <s>Service de navette de et/ou pour l'aéroport</s>
    <s>Un parking privé payant est disponible sur place.</s>
    <s>Un service de navette pour l'aéroport est disponible gratuitement 24h/24.</s>
    <s>Les personnes qui ont consulté la page de cet hôtel ont également consulté les pages de ces autres hôtels à Mont-Tremblant</s>
    <s>!Regency Inn SFO Airport Regency Inn SFO Airport</s>
    <s>Hôtel 2 étoiles à San Francisco</s>
    <s>Note donnée par les clients: 6</s>
    <s>Prix moyen 50 $</s>
    <s>!Holiday Inn Express Mill Valley - Sausalito Holiday Inn Express Mill Valley - Sausalito</s>
    <s>Holiday Inn 3 étoiles à San Francisco</s>
    <s>Note donnée par les clients: 8</s>
    <s>Prix moyen 155 $</s>
    <s>!Fairfield Inn &amp; Suites by Marriott Fairfield Inn &amp; Suites by Marriott</s>
    <s>Fairfield Inn 2 étoiles à San Francisco</s>
    <s>Note donnée par les clients: 7</s>
    <s>Prix moyen 99 $</s>
    <s>!Days Inn South San Francisco - Oyster Point / Airport Days Inn South San Francisco - Oyster Point / Airport</s>
    <s>Days Inn 2 étoiles à San Francisco</s>
    <s>Note donnée par les clients: 4</s>
    <s>Prix moyen 66 $</s>
    <s>!La Quinta Inn &amp; Suites Fremont / Silicon Valley La Quinta Inn &amp; Suites Fremont / Silicon Valley</s>
    <s>La Quinta Inn &amp; Suites 2 étoiles à San Francisco</s>
    <s>Note donnée par les clients: 7</s>
    <s>Prix moyen 70 $</s>
    <s>!Americas Best Value Inn, San Francisco/Pacifica Americas Best Value Inn, San Francisco/Pacifica</s>
    <s>Americas Best Value Inn 2 étoiles à San Francisco</s>
    <s>Note donnée par les clients: 5</s>
    <s>Prix moyen 115 $</s>
    <s>!Kensington Park Hotel Kensington Park Hotel</s>
    <s>K Hotels 3 étoiles à San Francisco</s>
    <s>Note donnée par les clients: 9</s>
    <s>Prix moyen 199 $</s>
    <s>!Hôtel Extended Stay America San Francisco - Belmont Hôtel Extended Stay America San Francisco - Belmont</s>
    <s>Hôtel Extended Stay America 2 étoiles à San Francisco</s>
    <s>Note donnée par les clients: 7</s>
    <s>Prix moyen 105 $</s>
    <s>!Hôtel Homestead Fremont - Fremont Boulevard South Hôtel Homestead Fremont - Fremont Boulevard South</s>
    <s>Hôtel 2 étoiles à San Francisco</s>
    <s>Note donnée par les clients: 7</s>
    <s>Prix moyen 65 $</s>
    <s>!Rodeway Inn Berkeley Rodeway Inn Berkeley</s>
    <s>Rodeway Inn 2 étoiles à San Francisco</s>
    <s>Note donnée par les clients: 8</s>
    <s>Prix moyen 80 $</s>
    <s>Découvrez ces hôtels en Canada et d'autres établissements en Québec</s>
    <s>Days Inn San Bernardino / Hospitality Lane</s>
    <s>Days Inn 2 étoiles à San Bernardino</s>
    <s>Note donnée par les clients: 6</s>
    <s>La Quinta Inn &amp; Suites Anaheim</s>
    <s>La Quinta Inn &amp; Suites 2 étoiles à Anaheim</s>
    <s>Note donnée par les clients: 6</s>
    <s>Days Inn And Suites</s>
    <s>Days Inn 2 étoiles à Anaheim</s>
    <s>Note donnée par les clients: 7</s>
    <s>Hôtel Hilton Sonoma Wine Country</s>
    <s>Hôtel Hilton 3 étoiles à Santa Rosa</s>
    <s>Note donnée par les clients: 7</s>
    <s>Howard Johnson Inn and Suites Pico Rivera</s>
    <s>Hôtel Howard Johnson 2 étoiles à Los Angeles</s>
    <s>Note donnée par les clients: 7</s>
    <s>Hôtel Ramada Limited-Los Angeles International Airport East</s>
    <s>Hôtel Ramada 2 étoiles à Los Angeles</s>
    <s>Note donnée par les clients: 7.2</s>
    <s>Hôtel Best Western Plus Pavilions</s>
    <s>Hôtel Best Western 2 étoiles à Anaheim</s>
    <s>Note donnée par les clients: 8</s>
    <s>Hôtel Ramada Limited - Santa Clara</s>
    <s>Hôtel Ramada 2 étoiles à San Jose</s>
    <s>Note donnée par les clients: 7</s>
    <s>Four Queens Hotel and Casino</s>
    <s>Hôtel 3 étoiles à Las Vegas</s>
    <s>Note donnée par les clients: 7</s>
    <s>Days Inn Ft Lauderdale/Oakland Park</s>
    <s>Days Inn 2 étoiles à Fort Lauderdale</s>
    <s>Note donnée par les clients: 5</s>
    <s>Best Western Plus Oakland Park Inn</s>
    <s>Hôtel Best Western 3 étoiles à Fort Lauderdale</s>
    <s>Note donnée par les clients: 8</s>
    <s>Main Street Station Hotel, Casino and Brewery</s>
    <s>Hôtel 3 étoiles à Las Vegas</s>
    <s>Note donnée par les clients: 8.8</s>
    <s>Découvrez de nouveaux horizonsConsultez les pages des hôtels partenaires de venere.com dans le monde entier</s>
    <s>Hôtel Rochester Champs Elysées</s>
    <s>Hôtel 4 étoiles à Paris</s>
    <s>Note donnée par les clients: 7</s>
    <s>Kensington West Hotel</s>
    <s>Hôtel 2 étoiles à Londres</s>
    <s>Note donnée par les clients: 8.8</s>
    <s>Hôtel Locanda Salieri</s>
    <s>Hôtel 1 étoile à Venise</s>
    <s>Note donnée par les clients: 8.2</s>
    <s>Hôtel Piazza di Spagna</s>
    <s>Hôtel 3 étoiles à Rome</s>
    <s>Note donnée par les clients: 7.6</s>
    <s>Shangri-La's Rasa Sentosa Resort</s>
    <s>Hôtel 3 étoiles à Singapour</s>
    <s>Note donnée par les clients: 8</s>
    <s>Hôtel Malta</s>
    <s>Hôtel 1 étoile à Milan</s>
    <s>Note donnée par les clients: 7.9</s>
    <s>Hôtel Condotti Palace</s>
    <s>Hôtel à Rome</s>
    <s>Note donnée par les clients: 8</s>
    <s>Recherche d'hôtels</s>
    <s>1 personne 2 personnes 3 personnes 4 personnes 5 personnes 6 personnes 7 personnes 8 personnes 9 personnes 10 personnes 1 chambre 2 chambres 3 chambres 4 chambres 5 chambres 6 chambres 7 chambres 8 chambres 9 chambres 10 chambres</s>
    <s>Réservation par téléphone 0800-761-1711</s>
    <s>Hôtel Burlingame Voir le plan</s>
    <s>Autres destinations</s>
    <s>Hôtels à Miami Beach États-Unis</s>
    <s>Hôtels à New York États-Unis</s>
    <s>Hôtels à Philadelphia États-Unis</s>
    <s>Hôtels à Orlando États-Unis</s>
    <s>Hôtels à Los Angeles États-Unis</s>
    <s>Hôtels à Atlanta États-Unis</s>
    <s>Hôtels à Chicago États-Unis</s>
    <s>Hôtels à Seattle États-Unis</s>
    <s>Hôtels à Boston États-Unis</s>
    <s>Hôtels à Anaheim États-Unis</s>
    <s>Hôtels à San Diego États-Unis</s>
    <s>Hôtels à Washington États-Unis</s>
    <s>Hôtels à Las Vegas États-Unis</s>
    <s>Hôtels à Reno États-Unis</s>
    <s>Hôtels à Houston États-Unis</s>
    <s>Hôtels à Dallas États-Unis</s>
    <s>Hôtels à Phoenix États-Unis</s>
    <s>Hôtels à Honolulu États-Unis</s>
    <s>Hôtels à Atlantic City États-Unis</s>
    <s>Plus d'infos sur venere.com</s>
    <s>Opportunités de carrière</s>
    <s>Privacy garantie!</s>
    <s>Destinations au Top</s>
    <s>Autres destinations</s>
    <s>Deviens fan sur Facebook</s>
    <s>Suivez-nous sur Twitter</s>
    <s>Vos Réservations</s>
    <s>Agences de Voyage</s>
    <s>!Venere.com, sécurisé par Verisign</s>
    <s>Venere Net SpA 2011 (C) (actionnaire unique) - Sous la direction et le contrôle de Hotels.com LP</s>
    <s>Numéro de TVA 05649781001 - Arrêté de la Région Latium n.305 du 05.04.2001</s>
  </text>
</page>
