<?xml version="1.0" encoding="UTF-8"?>
<!DOCTYPE page SYSTEM "page.dtd">
<page>
  <lang>fr</lang>
  <url>http://www.greenetvert.fr/2011/07/26/succes-universitaire-pour-une-conference-sur-le-commerce-equitable/26867</url>
  <title>Australie : Succès dans les universités pour une conférence sur le ...</title>
  <snippet>
    <s>26 juil. 2011 La première conférence à Sydney a démontré le fort potentiel et l&#39;énergie L&#39; initiative Fairly Educated pousse les universités à s&#39;investir plus dans le commerce équitable. Source de l&#39;article : Fair Trade Association </s>
  </snippet>
  <text>
    <s>Autour du monde</s>
    <s>Green Tech</s>
    <s>Amerique du Nord</s>
    <s>Amerique du Sud</s>
    <s>Aller au contenu</s>
    <s>I À propos I Contact I</s>
    <s>26 juil 2011</s>
    <s>Categorie :</s>
    <s>Tags :</s>
    <s>Australie - commerce équitable - conférence - université</s>
    <s>Australie : Succès universitaire pour une conférence sur le commerce équitable</s>
    <s>L’initiative Fairly Educated pousse les universités à s’investir plus dans le commerce équitable. La première conférence à Sydney a démontré le fort potentiel et l’énergie disponible dans ce secteur en Océanie.</s>
    <s>Début juillet, des étudiants et des employés des universités australiennes et néo-zélandaises ont eu la chance de pouvoir participer à la première conférence Fairly Educated (&quot;éduqué équitablement&quot;). A cette occasion, les trois universités équitables australiennes (La Trobe, RMIT et Macquarie) ont pu partager l'expérience de leur cheminement vers la certification de commerce équitable. Quelques présentations ont aussi montré ce qui se fait au Royaume-Uni et aux États-Unis.</s>
    <s>Il est souvent difficile d’amener un changement tel que le commerce équitable dans un milieu aussi hétéroclite qu’une université et beaucoup se sentent démunis face à l’ampleur de la tâche. C'est pourquoi cette conférence a le mérite de mettre en place des réseaux sociaux pour répandre les bonnes pratiques et s’entraider. D'un coup, on peut devenir l'un des maillons d’un changement déjà bien amorcé dans une vingtaine d’universités, toutes prêtes à échanger les méthodes qui marchent !</s>
    <s>Fairly Educated est à but non lucratif et agit au niveau mondial. Cette initiative a choisi de se concentrer sur les universités car c’est un milieu qui peut faire bouger la société. Le monde universitaire tout entier a les moyens de jouer un rôle clé dans la solution contre la pauvreté, l’exploitation et l’inégalité. Une conférence qui aide les ONG à sensibiliser plus efficacement les universités, et à diffuser plus aisément leurs produits 100% commerce équitable.</s>
    <s>L’objectif final est simple et déterminé : 100% de produits issus du commerce équitable dans les universités à travers le monde.</s>
    <s>Pour plus d’informations :  fairlyeducated.com</s>
    <s>Tags :</s>
    <s>Australie - commerce équitable - conférence - université</s>
    <s>Source de l'article : Fair Trade Association</s>
    <s>Genre : Site web de l'associationLangue : AnglaisDiffusion : WebPays : Australie &amp; Nouvelle-Zélande</s>
    <s>partagez cet article</s>
    <s>Articles associes</s>
    <s>Australie : Faire passer un message écolo par les égouts</s>
    <s>Pérou : Une entreprise minière &quot;éthique&quot; vend de l'or équitable!</s>
    <s>USA : Votre nombril grouille de bestioles!</s>
    <s>Australie : Des ateliers d’architecture durable pour les enfants</s>
    <s>Guatemala : Essor du commerce équitable local</s>
    <s>Australie : Encore une semaine pour le concours “Earth Hour”</s>
    <s>Kiribati : se sacrifie pour les générations futures en abandonnant la </s>
    <s>Brésil : Infrastructures et Education, les deux grands défis</s>
    <s>Laisser un commentaire</s>
    <s>Cliquez ici pour annuler la réponse.</s>
    <s>Vous devez être connecté pour laisser un commentaire.</s>
    <s>Suivez-nous !</s>
    <s>Inscrivez vous à la newsletter !</s>
    <s>Green Tech</s>
    <s>Amérique du nord</s>
    <s>Amérique du sud</s>
    <s>Articles les plus lus Archives</s>
    <s>USA : L'iPhone 4S est-il vraiment indispensable? 13 octobre 2011</s>
    <s>Singapour : Une membrane revolutionnaire pour mieux stocker l'energie 11 octobre 2011</s>
    <s>Guadeloupe : Composter a la maison 13 octobre 2011</s>
    <s>Colombie : Laver sa voiture avec un seul litre d'eau, c'est possible12 octobre 2011</s>
    <s>Chine : Un insecticide solaire 100% ecolo 15 octobre 2011</s>
    <s>octobre 2011</s>
    <s>septembre 2011</s>
    <s>aout 2011</s>
    <s>juillet 2011</s>
    <s>juin 2011</s>
    <s>mai 2011</s>
    <s>avril 2011</s>
    <s>mars 2011</s>
    <s>février 2011</s>
    <s>janvier 2011</s>
    <s>décembre 2010</s>
    <s>novembre 2010</s>
    <s>octobre 2010</s>
    <s>septembre 2010</s>
    <s>aout 2010</s>
    <s>juillet 2010</s>
    <s>juin 2010</s>
    <s>mai 2010</s>
    <s>avril 2010</s>
    <s>mars 2010</s>
    <s>février 2010</s>
    <s>janvier 2010</s>
    <s>Notre EcoSphere</s>
    <s>À propos</s>
    <s>Greenetvert.fr est le relais de l’actualité internationale du développement durable. Chaque jour, Green et Vert propose une sélection de la presse étrangère résumée en français. Nos correspondants présents sur les 5 continents scrutent la toile et la presse, du New York Times aux quotidiens des îles du Pacifique, pour sélectionner et traduire le meilleur de l’information verte et responsable. Lire la suite»</s>
    <s>Green Tech</s>
    <s>Autour du monde</s>
    <s>Amérique du nord</s>
    <s>Amérique du sud</s>
    <s>Suivez-nous !</s>
    <s>(C) 2010 Green et Vert I Mentions legales I Contact I Credits</s>
  </text>
</page>
