<?xml version="1.0" encoding="UTF-8"?>
<!DOCTYPE page SYSTEM "page.dtd">
<page>
  <lang>fr</lang>
  <url>http://cistha.com/content/exposition-sponsoring</url>
  <title>Exposition &amp; Sponsoring | 2ème Conférence internationale sur la ...</title>
  <snippet>
    <s>Nous offrons à votre entreprise la possibilité de devenir un sponsor leader de la 2ème Conférence internationale sur la Sécurité Transfusionnelle et </s>
  </snippet>
  <text>
    <s>Anglais | English | Se connecter</s>
    <s>Comité de programme</s>
    <s>Programme scientifique</s>
    <s>Programme final</s>
    <s>Langues Officielles</s>
    <s>Soumettre un résumé</s>
    <s>Comité des résumés</s>
    <s>Exposition &amp; Sponsoring</s>
    <s>Plan de masse</s>
    <s>Informations générales</s>
    <s>Programme Social</s>
    <s>Dates importantes</s>
    <s>Centre de téléchargement</s>
    <s>Exposition &amp; Sponsoring</s>
    <s>HEURES D'OUVERTURE EXPOSITION</s>
    <s>Une exposition commerciale et professionnelle se tiendra parallèlement à la durée des activités scientifiques du congrès, dans une zone proche immédiate de toutes les séances et salles de conférence.</s>
    <s>Heure quotidienne de mise en place: 06H00</s>
    <s>Heure d’ouverture des expositions: 07H30</s>
    <s>Heure de clôture des expositions: 19h30</s>
    <s>Jour du dîner gala: 18h00-22h00</s>
    <s>Nous offrons à votre entreprise la possibilité de devenir un sponsor leader de la 2ème Conférence internationale sur la Sécurité Transfusionnelle et l’hémovigilance en Afrique, dans le but de promouvoir vos activités scientifiques, et d'obtenir une reconnaissance plus large dans le domaine de la prévention et le contrôle des Accidents d’Exposition au Sang et le risque infectieux transfusionnel.</s>
    <s>Vous pouvez contribuer de trois façons:</s>
    <s>1. Présenter divers articles lors des activités de la conférence et/ou</s>
    <s>2. Organiser un symposium et/ou</s>
    <s>3. Acheter et organiser une exposition multisectorielle (stand)</s>
    <s>Pour des informations détaillées sur les diverses possibilités de sponsoring et de parrainage, prière télécharger notre manuel d’exposition et sponsoring ici.</s>
    <s>POURQUOI DEVENIR SPONSOR OU EXPOSANT?</s>
    <s> Parce que la lutte contre la persistance des Accidents d’exposition au sang et la transmission vectorielle transfusionnelle devrait être un objectif commun des professionnels de santé et de l'industrie</s>
    <s> Parce que la connaissance et l'expertise collective permettra de peaufiner vos propres intentions de développement</s>
    <s> Parce que CISTHA offrira une occasion unique d'élargir encore vos contacts et d'échanger avec des experts dans le domaine de la prévention et du contrôle des Accidents d’exposition au sang.</s>
    <s> Votre soutien est indispensable pour offrir cette opportunité aux participants.</s>
    <s>Partenaires CISTHA 2012</s>
  </text>
</page>
