<?xml version="1.0" encoding="UTF-8"?>
<!DOCTYPE page SYSTEM "page.dtd">
<page>
  <lang>fr</lang>
  <url>http://www.lecomptoirgeneral.com/</url>
  <title>Espace événementiel responsable à Paris : Le comptoir Général ...</title>
  <snippet>
    <s>Le Comptoir Général propose 2 salles de conférence à la location et aide à l&#39; organisation d&#39;événements liés au développement durable, au progrès social, aux de deux salles de réception et d&#39;événementiel disponible pour vos réunions, </s>
  </snippet>
  <text>
    <s>Louer une salle : Le Comptoir Genl Un espace nementiel responsable aris d la solidaritt environnement</s>
    <s>En partenariat avec</s>
    <s>Les actus</s>
    <s>Le Comptoir General peut etre loue par toutes les entreprises, associations, ONGs et autres structures qui abordent d'une façon ou d'une autre les problematiques de l'environnement, de la solidarite, de l'innovation sociale, de l'ouverture au monde .</s>
    <s>contactez nous</s>
    <s>A venir</s>
    <s>Du vendredi 16/09 (16h-21h), samedi et dimanche (10h00 a 19h00) :</s>
    <s>Profitez des meilleurs prix pour votre materiel sportif</s>
    <s>Et achetez solidaireLes benefices sont au profit de l'association &quot;1 maillot pour la vie&quot;</s>
    <s>Ca s'est passe au Comptoir :</s>
    <s>Du 22 juillet au 08 aout: Le Comptoir General accueille Medecins du Monde et son expo-photos sur les Rroms. 1 an apres un discours a Grenoble </s>
    <s>A partir du 22 juillet: Oxfam a ouvert 750 bouquineries en Angleterre mais celle qui ouvre au Comptoir General a une saveur particuliere Ouvert le samedi 16h00-20h00 et le dimanche de 12h00-20h00. Venez acheter et deposer vos livres</s>
    <s>Dimanche 10 juillet 2011: de 12h00 a 19h00: Nouvelle vente de velos vintages et solidaires au Comptoir General</s>
    <s>Vous reviez d'un Batavus, Motobecane, Peugeot ou Gazelle ? Ils sont pour vous de 100 a 200 €. Et c'est au profit d'Ateliers Sans Frontieres (www.ateliersansfrontieres.org).</s>
    <s>Mardi 28 juin de 19h00 a 20h30: les &quot;Alter-mardis Parlons solutions&quot; et les grandes surfaces!</s>
    <s>La consommation responsable et les pratiques des grandes surfaces s'invitent a la table ronde de ce dernier &quot;Alter mardi: parlons solutions&quot; de la saison.</s>
    <s>Une rencontre qui s'annonce animee en presence de Remi Roux (Ethiquable), Gilles Degroote (Ethicity), Benjamin Enault (Utopies) et Ezzedine El Mestiri (Le Nouveau Consommateur).</s>
    <s>Dimanche 03 juillet a partir de 13h30: Apres son lancement en 2000 a Washington, Lady Fest arrive enfin en France apres avoir fait le tour du monde. Venez rencontrer ces femmes hors du commun</s>
    <s>Samedi 09 et dimanche 10 juillet (10h00-20h00): Grande braderie ethique et equitable organisee par Artisans du Monde.</s>
    <s>Artisanat, alimentaire a prix brades mais aussi animations pour les enfants et projecttions de documenrtaires sur le commerce equitable.</s>
    <s>Du 15 au 19 juin de 11h a 21h, le design israelien s'invite au Comptoir General.</s>
    <s>Dans le cadre du Designer's Day, Rafsoda (www.rafsoda.com) installe sa boutique ephemere au Comptoir General comme elle l'a fait sur le port de Tel Aviv il y a peu </s>
    <s>&quot;Staff Benda Bilili&quot; au cine club du Comptoir General: samedi 09 avril a 17h00</s>
    <s>Ricky avait un reve : faire de Staff Benda Bilili le meilleur orchestre du Congo.</s>
    <s>Roger, enfant des rues, desirait plus que tout rejoindre ces stars du ghetto kinois qui ecument la ville sur des fauteuils roulants customises façon Mad Max. Mais avant tout il faut survivre, dejouer les pieges de la rue de Kinshasa, chanter et danser pour s'evader.</s>
    <s>Pendant cinq ans, des premieres chansons a leur triomphe dans les festivals du monde entier, BENDA BILILI nous raconte ce reve devenu realite.</s>
    <s>FREE EVENT, 120 PEOPLE MAX FIRST COME FIRST SERVED.</s>
    <s>facebook link</s>
    <s>Ca s'est passe au Comptoir :</s>
    <s>16 mars: Surfrider Foundation et Chantal Jouanno seront au Comptoir General le 16 mars pour lancer l'operation Initiative Oceanes.</s>
    <s>Chaque seconde, 206 kilos de dechets sont deverses dans nos oceans. Une majorite de ces dechets ne se degraderont jamais entierement et seulement une petite partie d'entre eux pourront etre retires du milieu </s>
    <s>Mercredi 23 mars a 19h00: Perles de culture</s>
    <s>Sous la direction de Philippe Combenegre, la joyeuse troupe du Centre d'Adaptation a la Vie Active, Ares Atelier, vous presente sa nouvelle piece de theatre</s>
    <s>Du 25 mars au 25 avril: Exposition &quot;Vestiges du Congo: Les Jecoke et les Palais de Mobutu&quot;, exposition des photographies de Gwenn Dubourthoumieu.</s>
    <s>Au nord du pays, les palais pharaoniques que l'ex-dictateur a fait construire et qui aujourd'hui tombent en ruine. Au sud, un groupe de musique, les Jecoke, cree pour divertir les mineurs de la Gecamines, la grande entrprise miniere qui a assure pres de 50% des revenus du pays avant sa ruine. Tout oppose ses deux vestiges cinquantenaires de la RDC; mais quand les premiers s'effondrent, les seconds renaissent et continuent de danser.</s>
    <s>Ca s'est passe au Comptoir :</s>
    <s>Projection-debat de Gasland vendredi 25/02 19h30 au Comptoir General.</s>
    <s>Venez nombreux</s>
    <s>Le bar du Comptoir General, ambiance par le label Secousse, label artistique dedie a l'univers du ghetto et a l'exotisme.</s>
    <s>Ouvert tous les vendredi-samedi-dimanche de 11h00 a 23h00</s>
    <s>Mardi 01er mars a 19h00: le Groupe SOS et Ashoka.</s>
    <s>La culture banlieue dans les medias : une fabrique de cliches?</s>
    <s>En presence de :</s>
    <s>•François Durpaire, historien specialiste de la diversite et fondateur du Mouvement pluricitoyen</s>
    <s>•Christophe Nick, journaliste et realisateur de la serie documentaire remarquee &quot;Chroniques de la violence ordinaire&quot; sur la cite de Creil, dans l'Oise</s>
    <s>•Bams, artiste, chanteuse Hip-hop</s>
    <s>•Erwan Ruty, fondateur de Ressources Urbaines</s>
    <s>•Mabrouck Rachedi, ecrivain, co-auteur en 2010 de &quot;La petite Malika&quot; aux editions Lattes</s>
    <s>Jeudi 10 mars a 19h30, Medecins du Monde questionne &quot;Mayotte, terre d'exception de la Republique ?&quot;</s>
    <s>en presence de :</s>
    <s>Renaud Eletufe, realisateur</s>
    <s>Dr Jean-François Corty, directeur des missions France de Medecins du Monde</s>
    <s>Pierre Caminade, historien, auteur de Comores-Mayotte : une histoire neocoloniale</s>
    <s>LES BROC DEJ' ACCUEILLERONT LES FOURMIS ROUGES LES 27 ET 28 NOVEMBRE, LE SALON EPHEMERE POUR LES PETITS !</s>
    <s>Mardi 23 novembre 2010 a 19h00: le Groupe SOS et Ashoka creent la rencontre avec Reza, photographe renomme et solidaire, autour de la presentation de son ONG Aina et ses programmes de creation de nouveaux medias independants dans les pays sortant de conflits.</s>
    <s>Mardi 28 septembre 2010 a 19h00: Le Groupe SOS et Ashoka revisitent les medias</s>
    <s>Pour le 2nd evenement de cette nouvelle saison, les &quot;Alter mardis: parlons solutions&quot; passent les medias sur le grill de vos questions</s>
    <s>Le matin au reveil, le soir a 20h, sur le monde.fr entre deux dossiers chauds au bureau, et meme sur votre smartphone L'info est partout, elle vient a nous sans que nous n'ayons plus a la solliciter. Pourtant, paradoxalement, alors que nos societes occidentales consacrent l'ere du tout info, les medias, eux, traversent une profonde crise Ce soir, les AMPS tenteront de demeler les fils du malaise mediatique, et vous emmeneront sur la piste des solutions</s>
    <s>Le 29 septembre a 19h00, Odyssee Art et le Groupe ARES presentent</s>
    <s>&quot;Breves de comptoir, breves du desert&quot;</s>
    <s>C'est au comptoir qu'on dit les meilleures histoires</s>
    <s>Si Jean-Marie Gourio a fait de ses breves de comptoir plusieurs recueils ça n'est pas pour rien. Les discussions au bistrot ou au cafe n'ont de cesse que de se reinventer, se raconter, se dire Voir meme se transformer mais surtout, se partager </s>
    <s>Mercredi 29 septembre a 19h00: Un soir avec les Roms au Comptoir General</s>
    <s>Une soiree qui demarre en fanfare avec la Fanfara Magura et suivi par un debat qui rassemble:</s>
    <s>- Samir Mile de La Voix des Roms</s>
    <s>- Jean-Pierre Dacheux, auteur de &quot; Roms de France, Roms en France&quot;</s>
    <s>- Maria Nowak: Presidente de l'ADIE</s>
    <s>Debat anime par Jacque sThomas du Felipe</s>
    <s>Dimanche 03 octobre a 18h30</s>
    <s>Quand le vin et la musique se donnent rendez-vous au Comptoir General, ça vaut le coup. Alors venez et degustez</s>
    <s>LES BROC DEJ' SONT DE RETOUR A PARTIR DU DIMANCHE 18 JUILLET ET JUSQU'AU 31 DECEMBRE</s>
    <s>VOUS SOUHAITEZ Y PARTICIPER, NOUS LANCONS UN APPEL A BONNES IDEES !!</s>
    <s>Le 23 septembre a partir de 18h45:</s>
    <s>Mailforgood vous invite a participer au Meetup - SocialGood Day, le 23 Septembre au Comptoir General. Participez a cette rencontre pour partager, eduquer, et engager la discussion sur la façon dont les medias sociaux peuvent etre utilises pour resoudre certains challenges et problemes societaux.</s>
    <s>Arnaud Poissoniere, Fondateur de Babyloan.org</s>
    <s>Loic Denize, Directeur Editorial Skyrock et fondateur du reseau d'entraide Kohop</s>
    <s>Camilla Burg, Responsable du developpement international de WiserEarth</s>
    <s>Christine Balague, Presidente de Renaissance Numerique</s>
    <s>Majid El Jarroudi, Delegue general de l'ADIVE</s>
    <s>Bruno Humbert, Fondateur de Mailforgood.com (Moderateur)</s>
    <s>Et des pitch de 6 start-ups innovantes parmi lesquels : JustOpen, My Recycle Stuff, </s>
    <s>Du jeudi 09 au dimanche 12 septembre (de 10h00 a 18h00), venez acheter solidaire a la Braderie de l'association &quot;1 maillot pour la vie&quot;</s>
    <s>Partenaire du Broc Dej' de dimanche 12/09</s>
    <s>Parrainee par Fabien PELOUS, Claude ONESTA, Andre Pierre GIGNAC et Frederic MICHALAK, cette grande braderie du sport sera une occasion unique « d'etre solidaire tout en faisant de bonnes affaires »Achetez et participez a un quotidien plus joyeux pour les enfants hospitalises.</s>
    <s>Partenaires: Lafuma, Le Coq Sportif, Mizuno, Adidas, Kappa, Lotto, Airness, Umbro, Eden Park, BeRugby, Rip Curl, Billabong et bien d'autres Une part belle est faite a l'ethique autour de Tudo Bom, Ethos, Ethletic, Ateliers Sans Frontieres, Envao, Sebola, Ideo, Laspid, Sawa Shoes, Hookae, FYE, Olow, Cyclus…</s>
    <s>Dimanche 20 juin de 11h00 a 15h30 au Comptoir General. Le premier brunch eco-responsable et solidaire de l'ete !</s>
    <s>Table ronde de 11h30 a 15h00:</s>
    <s>- Bernard duran qui presentera son livre &quot;Les abeilles, le terre et le citoyen&quot;</s>
    <s>- Diane Gozelekli (co-fondatrice d'Ethos)</s>
    <s>- Laurent Muratet (Dir marketing de Alter Eco)</s>
    <s>- Emmanuelle Vibert, journaliste, pour l'association &quot;Laissons pousser&quot;</s>
    <s>- Veronique Va Tan (dir des achats de Naturalia)</s>
    <s>NB: Brunch bio 15 € pour les adultes et 5 € pour les enfants</s>
    <s>Organisation : Sabine de Lisle</s>
    <s>20 juin de 16h30 a 20h30: Les Productions de la Fabrique presentent &quot;Bruits de trottoir&quot;</s>
    <s>En presence d'Augustin Legrand (cofondateur de l'association Les enfants de Don Quichotte) et de Frederic Signoret (responsable des compagnons de la nuit), Les Productions de la Fabrique vous invitent le 20 juin a 16h30 a prendre de l'avance sur l'apero - au comptoir general - grignotage en tout genre accompagne d'un verre de vin ( ou pas ).</s>
    <s>Telle la main courante d'une maraude sillonnant la ville, Bruits de trottoir nous livre la parole des S.D.F. A travers la mise en scene de lecture de temoignages et de propos glanes au detour d'un trottoir, etudiants et comediens nous plongent au coeur de cet univers meconnu au visage pourtant si familier et invitent le spectateur a remettre en question son regard sur l'autre.</s>
    <s>le mercredi 23 juin: Premiere edition du SLIDELUCK POTSHOW Paris</s>
    <s>Arrive tout droit de New York, cet evenement atypique reunit tous les amoureux de la photo et de la bonne bouffeLe principe est simple : les artistes apportent l'art, le public apporte un plat a partager lors du buffet</s>
    <s>Rendez-vous a 19H pour l'apero, suivi du buffet concocte par vos soins</s>
    <s>21H premiere projection de 45 minutes</s>
    <s>22H15 deuxieme projection de 45 minutes</s>
    <s>00H Soiree After (lieu annonce en fin de projection) !</s>
    <s>Chaque annee, Slideluck Potshow se produit dans plus de 50 villes du monde entier. 2010 marque la 1ere edition parisienne, apres une grande tournee europeenne qui passera par Oslo, Stockholm, Berlin, Londres, Florence, Barcelone… et Paris</s>
    <s>The Guggenheim Foundation, Elliott Erwitt, Martin Parr, Shepard Fairey, Gregory Crewdson…, ou talents en herbe, ils sont tous passes par le SLideluck Potshow!</s>
    <s>Plus d'informations ?</s>
    <s>- Site Internet : http://network.slideluckpotshow.com/events/slps-paris</s>
    <s>26 et 27 juin: Foire REVELATION</s>
    <s>40 auteurs de talent exposent et vendent leurs oeuvres</s>
    <s>2 jours de rencontres et d'echange autour de la photographie contemporaine.</s>
    <s>Tarif unique: 2 €</s>
    <s>Le 3 juin de 19h a 21h: la Fondation Nicolas Hulot organise avec Terra Eco et les PUF une conference pour presenter son livre &quot;Vers une societe sobre et desirable&quot;.</s>
    <s>Lors de cette conference, deux economistes contributeurs du livre debattrons des propositions de la Fondation :</s>
    <s>- Nicolas Bouleau est directeur de recherches a l'École des Ponts ParisTech, polytechnicien, ingenieur general des ponts, des eaux et des forets.</s>
    <s>- Jean-Luc Greau, diplome d'etudes superieures en sciences economiques, ancien cadre du CNPF et du Medef, est l'auteur de trois essais.</s>
    <s>Le debat sera anime par Dominique Bourg, membre du Comite de Veille Ecologique</s>
    <s>9 juin - La Fondation d'Entreprise PPR pour la Dignite et les Droits des Femmes remet 3 Bourses Entrepreneurs Sociaux</s>
    <s>Les trois laureats 2010 recevront 15 000 € et beneficieront, pendant un an, de l'accompagnement d'un manager du groupe PPR afin de developper leurs competences, leur reseau et leur structure.</s>
    <s>La remise se fera en presence des laureats et de leurs parrains, de partenaires de la Fondation et de collaborateurs du Groupe impliques. Entree sur invitation.</s>
    <s>Decouvrez le nom des laureats a partir du 10 juin sur http://www.fondationppr.org/blog.php?lg=fr »</s>
    <s>Les 11, 12 et 13 juin 2010: Marche de la Mode ethique.</s>
    <s>A l'approche des vacances d'ete, envie de renouveler votre garde-robe pour parader dans les villes et autres contrees ensoleillees?</s>
    <s>Lors de ses ventes privees, les 11, 12 et 13 juin, l'AME reunit pour vous 16 marques de mode ethique. Pret-a-porter, chaussures, accessoires et bijoux: vous trouverez tout au Comptoir General et jusqu'a -50% de remise sur les produits distribues. Mini impact sur la planete, maxi bon plan.</s>
    <s>Ne manquez pas l'aperitif de lancement le 11 juin a partir de 18h. Dans une ambiance type guinguette, les Bouchons Bio vous y ferons deguster leur meilleure selection de vins bios et la Biocoop le Retour a la Terre, leur fromage accompagne de l'indispensable baguette traditionnelle de chez Farinez-Vous. Et pour les amateurs de jus de fruits, retrouvez AlterEco.</s>
    <s>Venez nombreux</s>
    <s>Comptoir General - Entree libre</s>
    <s>80 quai de Jemmapes, 75010 Paris</s>
    <s>Metros Jacques Bonsergent / Republique</s>
    <s>Samedi 15 mai a partir de 19h00: Les non-parents sont a la fete !**</s>
    <s>Vous qui de pres ou de loin aimez l'humour, la provocation et l'emouvant massacre des bebes a la tronçonneuse, permettez-moi de vous convier a un petit evenement qui pourrait vous interesser.</s>
    <s>Ils'agit de la *Fete des Non-Parentsqui se tiendra a Paris le *samedi 15 maides 19h au Comptoir General (80, quai de Jemmapes 75010 Paris), organisee par Frederique Longree et moi-meme.</s>
    <s>*Noel GODIN*, *Corinne MAIERet *Laure NOUALHATseront nos croustillant(e)s invite(e)s d'honneur et de deshonneur</s>
    <s>Si vous etes de passage dans ces contrees de joyeuse perdition, n'hesitez pas a venir vous encanailler avec nous</s>
    <s>Plus on est de guirliguidous, plus on truculojouit, comme disait le grand ragnagna Gandhi</s>
    <s>Vous pouvez picorer toutes les infos sur le blog</s>
    <s>Mercredi 19 mai: La fondation Yves Rocher organise la 2eme edition de &quot;Terres de Femmes&quot;</s>
    <s>Depuis 2001, le trophee Terres de femme recompense les femmes engagees dans la protection de l'environnement. Venez les rencontrer, decouvrir leurs actions et agir a leurs cotes</s>
    <s>18h30: cocktail d'accueil</s>
    <s>19h00: Projection du documentaire &quot;Artisans du changement&quot;</s>
    <s>20h00: Echanger: table ronde &quot;Femmes, militantes du quotidien&quot;</s>
    <s>20h45: S'interroger ateliers participatifs</s>
    <s>Inscrivez vous vite aupres de:</s>
    <s>Pour en savoir plus: www.yves-rocher-fondation.org</s>
    <s>Samedi 22 mai: anniversaire d'Equiterre et defile equitable</s>
    <s>Les jeunes consom'acteurs vous invitent a une soiree d'anniversaire au Comptoir General, lieu incontournable de l'Economie Sociale.</s>
    <s>Au programme :</s>
    <s>18h : Defile de mode equitable</s>
    <s>19h : Dj Machin Truc accompagne d'un cocktail Bio.</s>
    <s>20h : DJ SooP</s>
    <s>Rendez-vous, au 80 quai Jemmapes de 18h a 23h Metro Republique</s>
    <s>Entree libre</s>
    <s>Dimanche 23 mai de 11h30 a 15h00 au Comptoir General. Le premier brunch eco-responsable et solidaire du printemps !</s>
    <s>Table ronde de 11h30 a 15h00:</s>
    <s>- Emmanuelle Grundmann, primatologue, presente son livre &quot;Demain, seuls au monde ?&quot;</s>
    <s>- Olivier Razemon, co-auteur du livre &quot;Les transports, la planete et le citoyen.&quot;.</s>
    <s>- Violette Watine: fondatrice de mademoiselle bio</s>
    <s>- Alain Carini (DG de Naturalia) avec Pronatura, premier distributeur français de fruits et legumes biologiques.</s>
    <s>- Eric Garnier (Alter Eco) sur le commerce equitable en Afrique du sud et le roobois.</s>
    <s>- Olaf Maurice (DG de Weleda) a propos de l'operation doudou bio 2010, demarche concrete et globale de DD.</s>
    <s>NB: Pas d'inquietudes Vous pourrez egalement y faire votre marche :) car seront vendus legumes, fruits, pain et vin bio</s>
    <s>Organisation : Sabine de Lisle</s>
    <s>Jeudi 27 mai a partir de 10h00 au Comptoir General</s>
    <s>Vous etes etudiant ?</s>
    <s>Passionne par les nouvelles technologies ?</s>
    <s>Vous souhaitez vous engager dans des projets de solidarite internationale ?</s>
    <s>Representez votre ecole ou votre association au Challenge Humanitech !!</s>
    <s>Pour la seconde annee consecutive, la Fondation Casques Rouges organise un concours etudiant de l'invention humanitaire.</s>
    <s>Echangez avec des professionnels a l'occasion d'un Working Day le 27 mai 2010 au Comptoir General.</s>
    <s>Informations et inscriptions : www.challenge-humanitech.com</s>
    <s>Le vendredi 28 mai a partir de 18 h</s>
    <s>L'Acepp, mouvement educatif et parental invite parents professionnels, elus, partenaires a participer a la table ronde debat « Enfants parents professionnels malmenes, societe en danger»</s>
    <s>!Logo ACEPPLes reformes engagees aujourd'hui dans les domaines de l'education, la sante, le social risquent d'induire une transformation profonde de la societe. Elles interrogent nos valeurs, nos choix educatifs, nos conditions de vie, notre place de citoyen, notre parentalite et l'avenir de nos enfants.</s>
    <s>Inscrivez-vous avant le 17 mai par mail a info@acepp.asso.fr</s>
    <s>Pour telecharger le programme : http://www.acepp.asso.fr/?Invitation-a-la-table-ronde-debat,519</s>
    <s>Dimanche 30 mai de 11h00 a 20h00 : LE FESTIVAL DU VENT CÉLÈBRE L'ECOLOGIE AU COMPTOIR GÉNÉRAL</s>
    <s>Ateliers ecolos pour les enfants, brunch bio, debats a thematique environnementale et concert rythmeront cet evenement place sous le signe du developpement durable. Toute la journee, pour le jeune public ateliers de construction a partir d'objets</s>
    <s>recuperes, maquillage, animations, spectacles avec Pile Poil et Compagnie.</s>
    <s>11h30 debat en presence d'Yves Paccalet (ecrivain, journaliste, ancien president de</s>
    <s>Green Cross France, conseiller regional) et d'Isabelle Autissier (navigatrice française,</s>
    <s>presidente du WWF France) sur le theme de la biodiversite</s>
    <s>De 13h a 15h pour tous : brunch bio en musique</s>
    <s>14h Dedicace de la BD de Tignous, Pandas dans les brumes, aux editions Glenat</s>
    <s>15h debat sur le theme « sante et environnement » avec Marc Veyrat (grand chef</s>
    <s>français), François Veillerette (president du MDRGF), Marie Blandin (senatrice du Nord) et Chantal Jaquet (Alliance pour la Planete)</s>
    <s>17h spectacle de Pile Poil et Compagnie</s>
    <s>18h concert acoustique</s>
    <s>Pour tout renseignement complementaire :</s>
    <s>Le Festival du Vent / Association les Amis du Vent</s>
    <s>01 53 20 93 00</s>
    <s>Brunch Bazar: 02 mai 2010</s>
    <s>Le Brunch eco-solidaire branche organise par Nadege Winter.</s>
    <s>Humani'BOOK le premier salon du livre humanitaire: Dimanche 25 avril de 14h00 a 19h00</s>
    <s>Venez decouvrir cette initiative de la Fondation Casques Rouges qui donne enfin au monde humanitaire une place au centre de l'actualite culturelle.</s>
    <s>Seance de dedicaces, documentaires, expositions d'art, tables rondes, rejoignez-nous pour un apres-midi sous le signe de la solidarite.</s>
    <s>- Jean-Christophe Ruffin, Academicien et ancien president d'Action contre la Faim</s>
    <s>- Jacky Mamou, President du collectif Urgence Darfour</s>
    <s>- le philosophe Andre Glucksmann et de nombreux autres auteurs seront presents pour dedicacer leurs ouvrages et debattre de l'avenir de l'aide internationale.</s>
    <s>!Fondation Casques Rouges</s>
    <s>Degustation de produits bios BIOBOA tout au long du Salon.</s>
    <s>LA CANALISATION: le vendredi 09 avril a partir de 19h00</s>
    <s>Arreter les incantations. Connecter les initiatives. Initier le changement.La CANALISATION presente sa seconde conference : « MARQUES ET ARTISTES, LIAISONS DANGEREUSES ? ».</s>
    <s>Dans un systeme economique ou les marques sont omnipresentes, ou le secteur marchand subventionne l'Art et ou les artistes se reduisent a des placements financiers, l'art devient-il une nouvelle forme de marketing ?</s>
    <s>La CANALISATION reunit le fonds de dotation Agnes b., l'artiste JR, des historiens et des publicitaires afin de mieux comprendre les relations entre marques et artistes.</s>
    <s>Aperitif libre avec vodka equitable, degustation de vins et pizzas bio.!La Canalisation</s>
    <s>Le 1er avril 2010 a 19h30: Sea Shepherd &amp; Le Comptoir General vous invitent</s>
    <s>a la projection du documentaire « At the Edge of the World » relatant l'engagement de terrain des activistes de Sea Shepherd contre la chasse a la baleine dans le sanctuaire baleinier de l'antarctique: Bande annonce</s>
    <s>La projection sera suivie d'une Conference/Debat</s>
    <s>avec le Capitaine Paul Watson</s>
    <s>Co-fondateur de Greenpeace, President et Fondateur de Sea Shepherd Conservation Society</s>
    <s>Jeudi 11 fevrier a 19h45</s>
    <s>Un mois apres le seisme,</s>
    <s>LES DEFIS DE LA RECONSTRUCTION EN HAÏTI</s>
    <s>vous invitent a une soiree debat avec</s>
    <s>Pierre Salignon, directeur general a l'action humanitaire chez Medecins du Monde</s>
    <s>Raoul Peck, cineaste, directeur de la Femis et ancien ministre haitien de la culture</s>
    <s>Jacques Hintzy, President de l'UNICEF France (a confirmer)</s>
    <s>Christophe Ayad, journaliste a Liberation de retour d'Haiti</s>
    <s>et Jean Metellus, medecin, poete et romancier d'origine haitienne</s>
    <s>Le debat sera anime par Jean-Marie Colombani</s>
    <s>et suivi d'echanges avec la salle.</s>
    <s>Entree libre</s>
    <s>Rsvp a contact@youphil.com</s>
    <s>ou inscription sur facebook</s>
    <s>Janvier 2010</s>
    <s>Au sujet des refugies afghans du Canal Saint Martin</s>
    <s>Nous avons accueilli pendant dix jours mi janvier 2010 cent cinquante jeunes refugies afghans qui sejournaient au bord du Canal Saint Martin et qui etaient directement menaces par la baisse des temperatures.</s>
    <s>Cet accueil a ete rendu possible et s'est parfaitement deroule grace a la synergie entre de nombreux acteurs, issus de mondes tres differents. Il est en ceci une des plus belles illustrations de ce que a quoi nous croyons au Comptoir General.</s>
    <s>Nous voulons particulierement remercier :</s>
    <s>Olivier Laffon, notre President, qui a accepte en trois minutes d'ouvrir ses portes sur la requete d'Augustin Legrand, porte parole des Don Quichotte</s>
    <s>La mission Afghan d'Emmaus pour son suivi efficace et humain de ces refugies depuis plusieurs annees, et tout particulierement Sandrine Mace</s>
    <s>Le collectif Afghan Paris et tout le reseau de benevoles</s>
    <s>Les entrepreneurs sociaux de La Ruche pour les dons de nourriture et de vetements</s>
    <s>Sinny &amp; Ooko, locataire de bureaux au Comptoir General, pour avoir efficacement regi le lieu</s>
    <s>Terra Eco, locataire de bureaux au Comptoir General, pour l'aide apportee dans les taches de preparation des repas, rangement etc </s>
    <s>Tous les particuliers qui se sont mobilises pour les dons de nourriture et de vetements</s>
    <s>Nous souhaitions vous informer que ces jeunes refugies afghans sont heberges depuis leur depart du Comptoir General et jusqu'au 31 mars 2010 a l'hopital Saint Lazare, lieu prete par la Mairie de Paris et gere par Emmaus. Cela repond a l'urgence humanitaire mais ne represente pas une solution perenne, le point capital de la regularisation de ces jeunes et de ceux qui sont dans le meme situation qu'eux est toujours irresolu.</s>
    <s>L'equipe du Comptoir General</s>
    <s>Samedi 12 et Dimanche 13 decembre de 12h a 22h</s>
    <s>Take Me Out vous invite a retrouver 45 createurs au Comptoir General,</s>
    <s>Mode : BA&amp;SH, Bubble Wood, American College, Hippy Market by Kiliwatch, BDA, Les Jolies Choses, Gaelle Constantini </s>
    <s>Enfants : Fee Clochette, Petit Hood </s>
    <s>Accessoires : Alice Hubert, So&amp;So, Deux perles </s>
    <s>et des vernissages, un cocktail, un brunch, des ateliers enfants, un DJ set .</s>
    <s>Dimanche 6 decembre de 10h a 18h30</s>
    <s>Promethee Humanitaire organise une vente exceptionnelle a moins 60% de vetements et objets de createurs au profit des enfants des rues du Vietnam, de Madagascar, d'Haitii, du Bresil : Agnes B, Antoine et Lili, Lampes Berger, Descamps, les comptoirs du Sud Plus de 40 createurs seront present.</s>
    <s>Le 2 decembre de 12h30 a 16h30 :</s>
    <s>Copenhague 2009 : Vers un New Deal mediatique</s>
    <s>Seattle (1999) La conference sur le Commerce International est l'occasion de l'emergence de nouvelles formes de mobilisation afin de faire entendre une voix differente de celles des medias classiques, ce mouvement se dote d'une plate-forme de medias independants.</s>
    <s>Copenhague (2009) 10 ans plus tard, le paysage est totalement chamboule. Developpement du journalisme citoyen, du blogging, demultiplication des canaux participatifs, la conference de Copenhague va-t-elle amenee un new deal climatique ?</s>
    <s>Le WWF vous invite a en debattre autour des acteurs qui vont faire l'actualite media de la COP 15</s>
    <s>Le 27, 28 et 29 novembre</s>
    <s>Marche de la Mode Ethique</s>
    <s>Toutes les plus grandes marques de mode ethique (Ideo, Tudo Bom, Ethos…) se reunissent autour de l'Association de la Mode Ethique pour diffuser grace a leurs produits tendances les concepts du Commerce Equitable. De 17h a 21h le vendredi, de 11h a 20h le samedi et le dimanche.</s>
    <s>Le 24 novembre de 19h00 a 20h30:</s>
    <s>SOIREE D'INFORMATION CITOYENNE SUR LE SOMMET DE COPENHAGUE. PRENEZ UNE HEURE DE VOTRE TEMPS POUR VOUS METTRE A JOUR SUR UN EVENEMENT DECISIF DE NOTRE HISTOIRE.</s>
    <s>Le sommet de Copenhague sur le changement climatique, tout le monde en entend parler, tout le monde sait que c'est une etape decisive dans la lutte contre le changement climatique, et pourtant presque personne ne sait vraiment :</s>
    <s>- Ou nous en sommes a quelques jours du demarrage de ce sommet,</s>
    <s>- de quelle façon il va concretement se derouler,</s>
    <s>- ce qui va y etre debattu,</s>
    <s>- quelles sont les options possibles</s>
    <s>- quelles seront les consequences en fonction de ce qui y sera decide (ou pas),</s>
    <s>Avec l'intervention de representants d'EcoloInfo, France Nature Environnement, l'IDDRI, Europe Ecologie, Youphil, d'autres…</s>
    <s>Le 20 novembre a 18h :</s>
    <s>Conference sur le Travail force, Servitude, Esclavage : État des lieux du travail des enfants dans le monde. Le Comite Contre l'Esclavage Moderne (CCEM) et le Comptoir General se mobilisent afin de celebrer le 20eme anniversaire de l'adoption de la Convention Internationale sur les Droits de l'Enfant par les Nations Unies. Plus d'infos ici</s>
    <s>Le 8 novembre a 17h :</s>
    <s>Sinny &amp; Ooko et le Festival les Inrocks presentent :</s>
    <s>Le Cinema de David Lynch</s>
    <s>Les Inrocks proposent deux films produit par le cineaste americain le plus stimulant, le plus singulier et le plus rock de ces dernieres annees. The David Lynch Documentary nous permet d'accompagner David Lynch pendant la preparation et le tournage de Inland Empire. Un voyage unique dans le processus creatif du cineaste. Interview Project est produit par David Lynch mais corealise par son fils Austin et Jason S. Il s'agit de petits portraits-entretiens avec des Americains ordinaires croises aleatoirement sur la route. Deux films qui offrent une autre approche vers le monde extraordinaire et bizarre de David Lynch.</s>
    <s>Le 10 novembre a 19h30</s>
    <s>Ouvrir ses portes a ceux qui font bouger le monde</s>
    <s>Depuis le debut de l'annee, le Groupe SOS organise Les Alter Mardis : des rencontres autour des nouveaux enjeux de l'economie sociale et solidaire, des pratiques durables et du commerce equitable.</s>
    <s>C'est l'occasion de decouvrir une initiative innovante et d'echanger avec des intervenants de qualite, soucieux de partager leurs ambitions pour un monde meilleur.</s>
    <s>Le Groupe SOS vous convie a la 21 eme edition:</s>
    <s>&quot;La finance solidaire : votre argent au service du developpement durable&quot;</s>
    <s>Plus d'infos ici</s>
    <s>Le 5 novembre a 19h</s>
    <s>« Et maintenant Parlons SOLUTIONS» : reduire les emissions de CO2</s>
    <s>Venez debattre de l'importance d'une compensation carbone efficace, transparente et durable au niveau mondial pour eviter la catastrophe climatique annoncee. Cette rencontre est organisee par Ashoka et son partenaire Reporters d'Espoir. Deja pionnier du commerce equitable en grande distribution avec Alter Eco, Tristan Lecomte est, avec Pur Projet, en train de creer le marche des produits de consommation de masse &quot;neutres en carbone&quot;. Il vient d'etre nomme Fellow Ashoka 2009.</s>
    <s>Le 16 septembre a 19h :</s>
    <s>Venez decouvrir l'exposition-vente de Kidimo, un concept unique de mots crees a partir de vieilles lettres d'enseignes publicitaires. Seront egalement presentees des oeuvres du peintre Robert Zytynski.</s>
    <s>Tous les dimanche de l'ete,</s>
    <s>Chaque dimanche de juillet et d'aout, de 11h a 17h, nous vous proposons un tourbillon gustatif, artistique et social.</s>
    <s>Le broc-dej, c'est tout cela a la fois un p'tit dej populaire, un vide grenier chaleureux, un espace d'echange, un lieu de creation et d'expression artistique, une prise en charge de vos enfants Plus d'infos sur notre page facebook</s>
    <s>Le 30 juin a 19h</s>
    <s>Le mardi 30 juin a 19h, LA CANALISATION lance des conferences-debats pour sortir des discours bien-pensants, des litanies mediatiques habituelles et autres postulats de la pensee unique. Le theme de la premiere soiree : LA PUBLICITE POLLUE-T-ELLE L'ECONOMIE ?</s>
    <s>Autour d'un verre, militants anti-pub, patrons d'agence publicitaire, entrepreneurs et public mobiliseront leur temps de cerveau disponible. Le debat sera anime par John Paul Lepers, ancien journaliste de CANAL + et fondateur de la TeleLibre, repute pour son independance et sa liberte de ton.</s>
    <s>Un aperitif libre sera servi, vodka equitable et degustation de vins bios.</s>
    <s>Entree libre dans la limite des 150 places disponibles.</s>
    <s>27 et 28 juin 2009</s>
    <s>Revelation, la foire de la photographie</s>
    <s>40 photographes exposent et vendent leur travail</s>
    <s>16 et 17 juin 2009</s>
    <s>Seminaire &quot;mediatiser la face invisible du developpement&quot; organise par le Comite Français pour la Solidarite Internationale.</s>
    <s>5 Juin 2009</s>
    <s>Le Comptoir General est heureux de vous convier a la projection de Home, le film de Yann Arthus-Bertrand</s>
    <s>17 mai 2009</s>
    <s>Greenpeace et les Petits debrouillards sont heureux de vous inviter a passer la journee au Comptoir General</s>
    <s>Tout au long de cette journee exceptionnelle dans ce lieu original et chaleureux, des animations pour petits et grands par les talentueux Petits Debrouillards, une magnifique Caravane Climatique et ses ours blancs polaires, le prestigieux Groupe Local Greenpeace de Paris, un bar roulant et des gateaux bio faits maison…</s>
    <s>13 mai 2009</s>
    <s>Le Comptoir General est heureux de vous convier en collaboration avec Quatrolibbri et La Ruche a la projection de Nous resterons sur Terre.</s>
    <s>Planning des salles</s>
    <s>Demande de devis</s>
    <s>Ils ient l.</s>
    <s>Nos autres risations</s>
    <s>Commerce Dloppement - Tous droits rrv2011 - Mentions lles - Contact - Crion site Alteo Paris</s>
    <s>Situ cde la place de la Rblique aris, le Comptoir Gral est un ensemble de deux salles de rption et d'nementiel disponible pour vos rions, snaires, formations, conventions, cocktails, nements priv.. Nous cherchons romouvoir les valeurs du dloppement durable, de la prrvation de l'environnement, du progrsocial, de l'innovation social et du dialogue des cultures. Nous travaillons en collaboration avec La Ruche, un espace collectif de travail pour les entrepreneurs sociaux. Nous gns lement la Maison des Associations de Solidarita&gt; et [le Divan du Monde</s>
  </text>
</page>
