<?xml version="1.0" encoding="UTF-8"?>
<!DOCTYPE page SYSTEM "page.dtd">
<page>
  <lang>fr</lang>
  <url>http://www.droitsenfant.com/travail_c77.htm</url>
  <title>Convention n°77 sur l&#39;examen obligatoire des - Les Droits de l&#39;Enfant</title>
  <snippet>
    <s>adopte, ce neuvième jour d&#39;octobre mil neuf cent quarante-six, la convention </s>
  </snippet>
  <text>
    <s>!Puzzle textes</s>
    <s>!Logo gral</s>
    <s>[Retour accueil ] [Retour sommaire textes ] [ Actualit: le blog ] [ Page Facebook ] [Page Twitter]</s>
    <s>Convention sur l'examen mcal des adolescents (industrie)</s>
    <s>Convention concernant l'examen mcal</s>
    <s>d'aptitude 'emploi dans l'industrie des enfants et des adolescents</s>
    <s>(Convention C77 : Montr, 1946)</s>
    <s>La Confnce grale de l'Organisation internationale du Travail,</s>
    <s>Convoquontr par le Conseil d'administration du Bureau international du Travail, et s'y nt rie le 19 septembre 1946, en sa vingt-neuvi session;</s>
    <s>Apravoir dd'adopter diverses propositions relatives 'examen mcal d'aptitude 'emploi dans l'industrie des enfants et des adolescents, question qui est comprise dans le troisi point 'ordre du jour de la session;</s>
    <s>Apravoir ddue ces propositions prendraient la forme d'une convention internationale,</s>
    <s>adopte, ce neuvi jour d'octobre mil neuf cent quarante-six, la convention ci-apr qui sera dmm Convention sur l'examen mcal des adolescents (industrie), 1946.</s>
    <s>Partie I. Dispositions Grales</s>
    <s>Article 1</s>
    <s>1. La prnte convention s'applique aux enfants et adolescents occupou travaillant dans les entreprises industrielles, publiques ou priv, ou en relation avec leur fonctionnement.</s>
    <s>2. Pour l'application de la prnte convention seront consides comme entreprises industrielles , notamment:</s>
    <s>a) les mines, carris et industries extractives de toute nature;</s>
    <s>b) les entreprises dans lesquelles des produits sont manufactur modifi nettoy rr dr achev prrpour la vente, duits ou dlis ou dans lesquelles les matis subissent une transformation, y compris les entreprises de construction de navires, de production, de transformation et de transmission de l'ctricitt de la force motrice en gral;</s>
    <s>c) les entreprises du bment et du ge civil, y compris les travaux de construction, de rration, d'entretien, de transformation et de dlition;</s>
    <s>d) les entreprises de transport de personnes ou de marchandises par route, voie ferr voie d'eau inteure ou voie aenne, y compris la manutention des marchandises dans les docks, quais, wharfs, entrepou aports.</s>
    <s>3. L'autoritompnte drminera la ligne de drcation entre l'industrie, d'une part, l'agriculture, le commerce et les autres travaux non industriels, d'autre part.</s>
    <s>Article 2</s>
    <s>1. Les enfants et les adolescents de moins de dix-huit ans ne pourront e admis 'emploi par une entreprise industrielle que s'ils ont reconnus aptes 'emploi auquel ils seront occupa suite d'un examen mcal approfondi.</s>
    <s>2. L'examen mcal d'aptitude 'emploi devra e effectuar un mcin qualifigrpar l'autorit compnte et devra e constatoit par un certificat mcal, soit par une annotation portau permis d'emploi ou au livret de travail.</s>
    <s>3. Le document attestant l'aptitude 'emploi pourra</s>
    <s>a) prescrire des conditions drmin d'emploi;</s>
    <s>b) e dvrour un travail spfiu pour un groupe de travaux ou d'occupations qui impliquent des risques similaires pour la santt qui auront classpar groupes par l'autorit laquelle il appartient d'appliquer la lslation relative 'examen mcal d'aptitude l'emploi.</s>
    <s>4. La lslation nationale drminera l'autorit compnte pour blir le document attestant l'aptitude l'emploi et prsera les modalitd'blissement et de dvrance de ce document.</s>
    <s>Article 3</s>
    <s>1. L'aptitude des enfants et des adolescents 'emploi qu'ils exercent devra faire l'objet d'un contrmcal poursuivi jusqu'' de dix-huit ans.</s>
    <s>2. L'emploi d'un enfant ou d'un adolescent ne pourra e continuue moyennant renouvellement de l'examen mcal des intervalles ne dssant pas une ann</s>
    <s>3. La lslation nationale devra:</s>
    <s>a) soit prir les circonstances spales dans lesquelles l'examen mcal devra e renouveln sus de l'examen annuel ou avec une podicitlus frente, pour assurer l'efficacitu contren relation avec les risques prntpar le travail ainsi qu'avec l't de sante l'enfant ou de l'adolescent tel qu'il a rlar les examens anteurs;</s>
    <s>b) soit confr 'autoritompnte le pouvoir d'exiger des renouvellements exceptionnels de l'examen mcal.</s>
    <s>Article 4</s>
    <s>1. Pour les travaux qui prntent des risques vpour la santl'examen mcal d'aptitude 'emploi et ses renouvellements podiques doivent e exigjusqu' l' de vingt et un ans au moins.</s>
    <s>2. La lslation nationale devra soit drminer les emplois ou catries d'emplois pour lesquels l'examen mcal d'aptitude 'emploi sera exigusqu'ingt et un ans au moins, soit confr ne autoritpproprile pouvoir de les drminer.</s>
    <s>Article 5</s>
    <s>Les examens mcaux exigpar les articles prdents ne doivent entrar aucun frais pour l'enfant ou adolescent, ou pour ses parents.</s>
    <s>Article 6</s>
    <s>1. Des mesures appropri devront e prises par l'autoritompnte pour la rientation ou la raptation physique et professionnelle des enfants et des adolescents chez lesquels l'examen mcal aura rles inaptitudes, des anomalies ou des dciences.</s>
    <s>2. L'autoritompnte drminera la nature et l'ndue de ces mesures; ette fin, une collaboration devra s'blir entre les services du travail, les services mcaux, les services de l'cation et les services sociaux, et une liaison effective devra se maintenir entre ces services pour faire porter effet es mesures.</s>
    <s>3. La lslation nationale pourra prir l'octroi aux enfants et adolescents dont l'aptitude 'emploi n'est pas clairement reconnue:</s>
    <s>a) de permis d'emploi ou de certificats mcaux temporaires valables pour une pode limit 'expiration de laquelle le jeune travailleur sera tenu de subir un nouvel examen;</s>
    <s>b) de permis ou certificats imposant des conditions d'emploi spales.</s>
    <s>Article 7</s>
    <s>1. L'employeur devra classer et tenir a disposition de l'inspection du travail soit le certificat mcal d'aptitude 'emploi, soit le permis d'emploi ou livret de travail dntrant qu'il n'existe pas de contre-indication mcale 'emploi, selon que la lslation en ddera.</s>
    <s>2. La lslation nationale drminera les autres modes de surveillance susceptibles d'assurer une stricte application de la prnte convention.</s>
    <s>Partie II.</s>
    <s>Dispositions Spales ertains Pays</s>
    <s>Article 8</s>
    <s>1. Lorsque le territoire d'un Membre comprend de vastes rons o raison du caract clairseme la population ou en raison de l't de leur dloppement, l'autoritompnte estime impraticable d'appliquer les dispositions de la prnte convention, elle peut exempter lesdites rons de l'application de la convention, soit d'une mani grale, soit avec les exceptions qu'elle juge appropri 'rd de certaines entreprises ou de certains travaux.</s>
    <s>2. Tout Membre doit indiquer, dans son premier rapport annuel oumettre sur l'application de la prnte convention en vertu de l'article 22 de la Constitution de l'Organisation internationale du Travail, toute ron pour laquelle il se propose d'avoir recours aux dispositions du prnt article. Par la suite, aucun Membre ne pourra recourir aux dispositions du prnt article, sauf en ce qui concerne les rons qu'il aura ainsi indiqu.</s>
    <s>3. Tout Membre recourant aux dispositions du prnt article doit indiquer, dans ses rapports annuels ulteurs, les rons pour lesquelles il renonce au droit de recourir aux dites dispositions.</s>
    <s>Article 9</s>
    <s>1. Tout Membre qui, avant la date aquelle il adopte une lslation permettant la ratification de la prnte convention, ne possit pas de lslation concernant l'examen mcal d'aptitude 'emploi dans l'industrie des enfants et des adolescents peut, par une daration annex a ratification, remplacer l' de dix-huit ans impos aux articles 2 et 3 par un infeur ix-huit ans, mais en aucun cas infeur eize ans, et l' de vingt et un ans impos l'article 4 par un infeur ingt et un ans, mais en aucun cas infeur ix-neuf ans.</s>
    <s>2. Tout Membre qui aura fait une telle daration pourra l'annuler en tout temps par une daration ulteure.</s>
    <s>3. Tout Membre 'rd duquel est en vigueur une daration faite conformnt au paragraphe 1 du prnt article doit indiquer chaque ann dans son rapport sur l'application de la prnte convention, dans quelle mesure un progrquelconque a risn vue de l'application intale des dispositions de la convention.</s>
    <s>DISPOSITIONS FINALES</s>
    <s>Article 10</s>
    <s>1. Les dispositions de la Partie I de la prnte convention s'appliquent 'Inde sous rrve des modifications pres au prnt article:</s>
    <s>a) lesdites dispositions s'appliquent ous les territoires 'rd desquels l'&quot;Indian Legislature&quot; a compnce de les appliquer;</s>
    <s>b) seront consides comme &quot;entreprises industrielles&quot;:</s>
    <s>i) les fabriques au sens de la loi de l'Inde sur les fabriques;</s>
    <s>ii) les mines, au sens de la la loi de l'Inde sur les mines;</s>
    <s>iii) les chemins de fer:</s>
    <s>iv) tous les emplois couverts par la loi de 1938 sur l'emploi des enfants;</s>
    <s>c) les articles 2 et 3 s'appliqueront aux enfants et adolescents de moins de seize ans;</s>
    <s>d) dans l'article 4, les mots &quot;dix-neuf ans&quot; seront substituaux mots &quot;vingt et un ans&quot;;</s>
    <s>e) les paragraphes 1 et 2 de l'article 6 ne s'appliqueront pas 'Inde.</s>
    <s>2. Les dispositions du paragraphe 1 du prnt article pourront e amend par la procre suivante:</s>
    <s>a) la Confnce internationale du Travail peut, oute session omati est comprise dans son ordre du jour, adopter a majorites deux tiers des projets d'amendement au paragraphe 1 du prnt article;</s>
    <s>b) un tel projet d'amendement devra, dans le di d'un an ou, en cas de circonstances exceptionnelles, dans le di de dix-huit mois artir de la cle de la session de la Confnce, e soumis dans l'Inde 'autoritu aux autoritdans la compnce desquelles rentre la mati, en vue de le transformer en loi ou de prendre des mesures d'un autre ordre;</s>
    <s>c) si l'Inde obtient le consentement de l'autoritu des autoritcompntes, elle communiquera sa ratification formelle de l'amendement au Directeur gral du Bureau international du Travail aux fins d'enregistrement;</s>
    <s>d) un tel projet d'amendement, une fois ratifiar l'Inde, entrera en vigueur en tant qu'amendement a prnte convention.</s>
    <s>DISPOSITIONS FINALES</s>
    <s>Partie III</s>
    <s>Article 11</s>
    <s>Rien, dans la prnte convention, n'affecte toute loi, toute sentence, toute coutume ou tout accord entre les employeurs et les travailleurs qui assure des conditions plus favorables que celles pres par la prnte convention.</s>
    <s>Article 12</s>
    <s>Les ratifications formelles de la prnte convention seront communiqu au Directeur gral du Bureau international du Travail et par lui enregistr.</s>
    <s>Article 13</s>
    <s>1. La prnte convention ne liera que les Membres de l'Organisation internationale du Travail dont la ratification aura enregistrpar le Directeur gral.</s>
    <s>2. Elle entrera en vigueur douze mois aprque les ratifications de deux Membres auront enregistr par le Directeur gral.</s>
    <s>3. Par la suite, cette convention entrera en vigueur pour chaque Membre douze mois aprla date oratification aura enregistr</s>
    <s>Article 14</s>
    <s>1. Tout Membre ayant ratifia prnte convention peut la dncer 'expiration d'une pode de dix ann aprla date de la mise en vigueur initiale de la convention, par un acte communiquu Directeur gral du Bureau international du Travail et par lui enregistrLa dnciation ne prendra effet qu'une annapravoir enregistr</s>
    <s>2. Tout Membre ayant ratifia prnte convention qui, dans le di d'une annaprl'expiration de la pode de dix ann mentionnau paragraphe prdent, ne fera pas usage de la faculte dnciation pre par le prnt article sera liar une nouvelle pode de dix ann et, par la suite, pourra dncer la prnte convention 'expiration de chaque pode de dix ann dans les conditions pres au prnt article.</s>
    <s>Article 15</s>
    <s>1. Le Directeur gral du Bureau international du Travail notifiera ous les Membres de l'Organisation internationale du Travail l'enregistrement de toutes les ratifications et dnciations qui lui seront communiqu par les Membres de l'Organisation.</s>
    <s>2. En notifiant aux Membres de l'Organisation l'enregistrement de la deuxi ratification qui lui aura communiqu le Directeur gral appellera l'attention des Membres de l'Organisation sur la date aquelle la prnte convention entrera en vigueur.</s>
    <s>Article 16</s>
    <s>Le Directeur gral du Bureau international du Travail communiquera au Secrire gral des Nations Unies, aux fins d'enregistrement, conformnt 'article 102 de la Charte des Nations Unies, des renseignements complets au sujet de toutes ratifications et de tous actes de dnciation qu'il aura enregistrconformnt aux articles prdents.</s>
    <s>Article 17</s>
    <s>A l'expiration de chaque pode de dix ann ompter de l'entren vigueur de la prnte convention, le Conseil d'administration du Bureau international du travail devra prnter a Confnce grale un rapport sur l'application de la prnte convention et examinera s'il y a lieu d'inscrire 'ordre du jour de la Confnce la question de sa rsion totale ou partielle.</s>
    <s>Article 18</s>
    <s>1. Au cas oConfnce adopterait une nouvelle convention portant rsion totale ou partielle de la prnte convention, et oins que la nouvelle convention ne dispose autrement:</s>
    <s>a) la ratification par un Membre de la nouvelle convention portant rsion entrarait de plein droit, nonobstant l'article 14 ci-dessus, dnciation immate de la prnte convention, sous rrve que la nouvelle convention portant rsion soit entren vigueur;</s>
    <s>b) artir de la date de l'entren vigueur de la nouvelle convention portant rsion, la prnte convention cesserait d'e ouverte a ratification des Membres.</s>
    <s>2. La prnte convention demeurerait en tout cas en vigueur dans sa forme et teneur pour les Membres qui l'auraient ratifiet qui ne ratifieraient pas la convention portant rsion.</s>
    <s>Article 19</s>
    <s>Les versions franse et anglaise du texte de la prnte convention font lement foi.</s>
    <s>Date d'entren vigueur : 29/12/1950</s>
    <s>Tcharger ce texte :</s>
    <s>[ Actualit: rejoindre le blog ] [ Page Facebook ] [Page Twitter]</s>
    <s>| A PROPOS | |STATISTIQUES DU SITE| |PLAN DU SITE| |RECHERCHE| |BANNIERES| |CONTACT| |QUOI DE NEUF SUR LE SITE ?|</s>
    <s>Copyright 1999-2011 - Reproduction autorisavec la mention :</s>
    <s>&quot;diffusur le site de Jean-Charles Champagnat : www.droitsenfant.com&quot;</s>
    <s>Reproduction des illustrations interdite sauf autorisation : contact</s>
  </text>
</page>
