<?xml version="1.0" encoding="UTF-8"?>
<!DOCTYPE page SYSTEM "page.dtd">
<page>
  <lang>fr</lang>
  <url>http://www.droitslinguistiques.ca/index.php%3Foption%3Dcom_content%26view%3Darticle%26id%3D114%26Itemid%3D5%26lang%3Dfr</url>
  <title>Conférences et publications - Observatoire international des droits ...</title>
  <snippet>
    <s>21 mai 2011 Michel Doucet, Conférence d&#39;ouverture - Colloque sur la révision de la Loi sur les langues officielles – Faculté de droit, Université de Moncton, </s>
  </snippet>
  <text>
    <s>Mot de bienvenue</s>
    <s>L'Observatoire en bref</s>
    <s>Les activités de l'Observatoire</s>
    <s>Conférences et publications</s>
    <s>Réseau de chercheurs</s>
    <s>Bulletin d'information</s>
    <s>Nous joindre</s>
    <s>ImageSlideShow requires Javascript</s>
    <s>!An Image Slideshow</s>
    <s>!An Image Slideshow</s>
    <s>!An Image Slideshow</s>
    <s>!An Image Slideshow</s>
    <s>!An Image Slideshow</s>
    <s>!An Image Slideshow</s>
    <s>Conférences et publications</s>
    <s>Le directeur de l'Observatoire est régulièrement invité par divers groupes à prononcer des conférences sur les droits linguistiques. En outre, il publie des articles sur le sujet dans diverses revues juridiques ou dans les actes des colloques auxquels il participe. En voici la liste depuis la création de l'Observatoire :</s>
    <s>Michel Doucet, « Les droits confisqués : le cas de la Proclamation royale de 1869 », présentée dans le cadre du Colloque sur le statut du français dans l'Ouest canadien organisé par l'Association DES juristes d'expression française de la Saskatchewan, Regina, Saskatchewan, le 19 février 2010.</s>
    <s>Michel Doucet, « L'histoire des droits linguistiques au Nouveau-Brunswick : La quête d'une égalité réelle.» conférence présentée devant la société historique acadienne, le 2 mai 2010, Moncton, N.-B.</s>
    <s>Michel Doucet, « La Cour suprême du Canada et le principe de la progression vers l'égalité des droits LINGUISTIQUES : un dialogue inachevé?» dans le cadre du Colloque : Contribution de l'honorable Michel Bastarache, le 5 mai 2010, Faculté de droit, Université de Moncton.</s>
    <s>Michel Doucet, &quot;The Canadian Charter of Rights and Freedoms and the Common Law&quot; Atlantic Provinces Trial Lawyers Association&quot;, Taking it to the Next Level: Techniques for the Serious Litigator, June 26th 2010, Fairmount Algonquin, St. Andrews, N.B.</s>
    <s>Michel Doucet, « Les droits linguistiques au Nouveau-Brunswick : requiem pour un paradis perdu » dans le cadre du Colloque international en hommage à Louise Péronnet : La situation linguistique en Acadie, Université de Moncton, le 25 septembre 2010.</s>
    <s>Michel Doucet, « Language Rights in New Brunswick: the Pursuit of Substantive Equality: A Myth or a Reality? » 12th International IALL conference &quot;Law, Language and the Multinlingual State&quot;, 1-3 November 2010, University of the Free State, Bloemfontein, South Africa.</s>
    <s>Michel Doucet, Conférence d'ouverture - Colloque sur la révision de la Loi sur les langues officielles – Faculté de droit, Université de Moncton, le 19 novembre 2010.</s>
    <s>Michel Doucet, « La dualité au développement de la petite enfance, une réalité ou une utopie ? » Journée de réflexion sur l'éducation et la petite enfance. AEFNB, Fredericton, le 18 janvier 2011.</s>
    <s>Michel Doucet, « C-232 ou l'égalité réelle et la Cour suprême du Canada » diner-causerie, Faculté de droit, Université de Moncton, Moncton, janvier 2011.</s>
    <s>Michel Doucet, « L'Éducation en milieu minoritaire – l'article 23 de la Charte canadienne des droits et libertés », présentation dans le cadre du cours Éducation en milieu minoritaire, Faculté d'éducation, janvier 2011.</s>
    <s>Michel Doucet, « Les défis de l'éducation en milieu minoritaire » présentation aux étudiants du programme de Doctorat, Faculté d'éducation, février 2011.</s>
    <s>Michel Doucet, « L'obligation d'accommodement : revue et corrigée? » dans le cadre de la séance de formation « Droit du travail et de l'emploi : questions de l'heure en droit du travail et de l'emploi », Association du Barreau Canadien – Nouveau-Brunswick, Réunion Hivernale, Fredericton, N.-B., le 4 février 2011.</s>
    <s>Michel Doucet, « Language rights in New Brunswickthe pursuit of substantive equality/Les droits linguistiques au Nouveau-Brunswick:La quête de l'égalité réelle » présentation devant les députés de l'Assemblée legislative, Fredericton, Avril 2011.</s>
    <s>Michel Doucet, « La Loi sur les langues officielles du Nouveau-Brunswick: projet de revision », présentation devant les députés de l'Assemblée legislative, Fredericton, Avril 2011.</s>
    <s>Michel Doucet, « Loi sur les langues officielles », présentation devant les députés de l'Assemblée législative, Fredericton, avril 2011.</s>
    <s>Michel Doucet, « L'histoire des droits linguistiques au Nouveau-Brunswick : la quête d'une égalité réelle. », Droit et Démocratie, Université de Moncton, Mars 2011.</s>
    <s>Michel Doucet, « Les droits linguistiques : l'expérience du Nouveau-Brunswick » dans Convegno Internazionale, Plurilinguismo e mondo del Lavoro, V Giomate dei Diritti Linguistici, Università degli Studi di Teramo, 19 au 21 mai, 2011.</s>
    <s>Michel Doucet, « Les droits linguistiques au Nouveau-Brunswick », Revista de Llengua i Dret, nº 53, juin 2010 (Université de Barcelone).</s>
    <s>Michel Doucet, Éric Forgues et Josée Guignard Noël, « L'accès des aînés francophones aux foyers de soins en milieu minoritaire, un enjeu linguistique en santé et mieux-être » (2011) Revue canadienne du vieillissement, vol. 4, no 30.</s>
    <s>Michel Doucet, « La Cour suprême du Canada et le principe de la progression vers l'égalité des droits linguistiques : un dialogue inachevé ? » dans À l'avant-garde de la dualité – Mélanges en l'honneur de Michel Bastarache/ At the Forefront of Duality – Essays in Honour of Michel Bastarache, Éditions Yvon Blais, 2011.</s>
    <s>Michel Doucet, « La révision de la Loi sur les langues officielles », Commentaire, Acadie Nouvelle, Avril 2011.</s>
    <s>Michel Doucet, « Aperçu général de la Loi sur les langues officielles : ses forces et ses faiblesses » dans « Examen de la Loi sur les langues officielles du NB - Révision de 2012 », Actes du colloque tenu les 19 et 20 novembre 2010, Moncton (NB), Observatoire international des droits linguistiques, 2011.</s>
    <s>Michel Doucet, « Les droits linguistiques au Nouveau-Brunswick : requiem pour un paradis perdu » dans le cadre du Colloque international en hommage à Louise Péronnet : La situation linguistique en Acadie, Université de Moncton, le 25 septembre 2010 (à paraître).</s>
    <s>Michel Doucet, « Language Rights in New Brunswick: the Pursuit of Substantive Equality: A Myth or a Reality? » 12th International IALL conference &quot;Law, Language and the Multinlingual State&quot;, 1-3 November 2010, University of the Free State, Bloemfontein, South Africa (à paraître).</s>
    <s>Pavillon A.-J. Cormier, Université de Moncton</s>
    <s>Moncton (N.-B.) E1A 3E9</s>
    <s>T 506.863.2136</s>
  </text>
</page>
