<?xml version="1.0" encoding="UTF-8"?>
<!DOCTYPE page SYSTEM "page.dtd">
<page>
  <lang>fr</lang>
  <url>http://www.metsoc.org/com2011/horaire.asp</url>
  <title>Horaire</title>
  <snippet>
    <s>12:00 - 19:00 Inscription à la conférence 16:00 - 17:00 Réunion des présidents de séance et du symposium 17:30 - 19:00 Réception d&#39;ouverture 19:00 - 21:00 </s>
  </snippet>
  <text>
    <s>Du 2 au 5 oct. 2011, Hotel Hilton Bonaventure</s>
    <s>English Pour nous joindre</s>
    <s>Organise par:</s>
    <s>Merci a nos commanditaires:</s>
    <s>Voir les photos!</s>
    <s>World Gold 2011</s>
    <s>Adoption de nouvelles technologies</s>
    <s>Metaux legers</s>
    <s>Recyclage des dechets</s>
    <s>IJAM I-Matériaux</s>
    <s>Gestion en periode de recession</s>
    <s>Séance Plénière</s>
    <s>Soumettez une affiche</s>
    <s>Cours abreges</s>
    <s>Visites industrielles</s>
    <s>Liste des présentateurs</s>
    <s>Activités sociales</s>
    <s>Salon commercial</s>
    <s>Cours abreges</s>
    <s>Visites industrielles</s>
    <s>Soumission d'un manuscrit</s>
    <s>Soumettez une affiche</s>
    <s>Réviser résumé</s>
    <s>Ouvrir une session</s>
    <s>Lettre invitation</s>
    <s>Auteurs du livre commémoratif</s>
    <s>Liste des présentateurs</s>
    <s>Acces a l'organisateur</s>
    <s>50e Anniversaire</s>
    <s>Un Gala</s>
    <s>Livre commemoratif</s>
    <s>Le vendredi 30 septembre</s>
    <s>15:00 – 18:30 Formation volontaire des bénévoles</s>
    <s>Le samedi 1er octobre</s>
    <s>07:00 - 09:00 Cours abrégés – sur inscription seulement</s>
    <s>08:00 - 17:00 Cours abrégés (voir l’horaire exact des cours)</s>
    <s>14:00 - 22:00 Réunion du comité de direction de la Société de la métallurgie et des matériaux et souper</s>
    <s>Le dimanche 2 octobre</s>
    <s>07:30 - 09:00 Cours abrégés – sur inscription seulement</s>
    <s>08:30 - 17:00 Cours abrégés (voir l’horaire exact des cours)</s>
    <s>08:30 - 16:00 Réunion du conseil de la Société de la métallurgie et des matériaux</s>
    <s>12:00 - 19:00 Inscription à la conférence</s>
    <s>16:00 - 17:00 Réunion des présidents de séance et du symposium</s>
    <s>17:30 - 19:00 Réception d’ouverture</s>
    <s>19:00 - 21:00 Soirée de quilles des étudiants</s>
    <s>19:00 - 22:30 Souper des anciens présidents de la Société de la métallurgie et des matériaux</s>
    <s>19:00 - 22:00 Soupers des représentants des sections de la Société de la métallurgie et des matériaux</s>
    <s>Le lundi 3 octobre</s>
    <s>07:00 - 17:00 Inscription à la conférence</s>
    <s>07:45 - 08:15 Assemblé générale annuelle</s>
    <s>08:30 - 10:00 Séance plénière</s>
    <s>08:30 - 17:00 Séance d'affiches</s>
    <s>10:00 - 11:30 Séances techniques</s>
    <s>12:00 - 14:00 Dîner et remise des prix de la Société de la métallurgie et des matériaux</s>
    <s>14:00 - 17:30 Séances techniques</s>
    <s>18:00 - 22:00 Gala du 50e anniversaire de la Société – réception et souper</s>
    <s>22:00 - 24:00 Réception VIP (sur invitation seulement)</s>
    <s>Le mardi 4 octobre</s>
    <s>07:00 - 17:00 Inscription à la conférence</s>
    <s>10:30 - 18:00 Vente de livres</s>
    <s>08:30 - 09:30 Séance plénière</s>
    <s>09:30 - 18:00 Séance de présentation des affiches</s>
    <s>10:30 - 12:00 Séances techniques</s>
    <s>12:15 - 14:00 Dîner de World Gold</s>
    <s>13:35 - 17:30 Séances techniques</s>
    <s>16:30 - 18:00 Evaluation des affiches</s>
    <s>18:00 - 21:00 Dégustation de schotch et levées de fonds</s>
    <s>18:00 - 19:30 Rencontre entre étudiants et représentants de l’industrie</s>
    <s>Le mercredi 5 octobre</s>
    <s>07:00 - 12:00 Inscription à la conférence</s>
    <s>07:30 - 16:00 Vente de livres</s>
    <s>08:30 - 12:00 Séance de présentation des affiches</s>
    <s>09:00 – 09:45 Présentation carrière aux étudiants</s>
    <s>08:30 – 12:00 Séances techniques</s>
    <s>10:00 - 12:00 Table ronde étudiants experts</s>
    <s>12:05 - 15:00 Dîner en l’honneur de Laxman Amaratunga</s>
    <s>12:05 - 14:00 Dîner (boîtes-repas) sur le thème de l’histoire de la métallurgie</s>
    <s>13:35 - 17:30 Programme technique</s>
    <s>17h15 Visite industrielle OR</s>
    <s>Le jeudi 6 octobre</s>
    <s>Visites industrielles</s>
    <s>Soumettre un résumé</s>
    <s>Cours abrégés</s>
    <s>Visites industrielles</s>
  </text>
</page>
