<?xml version="1.0" encoding="UTF-8"?>
<!DOCTYPE page SYSTEM "page.dtd">
<page>
  <lang>fr</lang>
  <url>http://www.harunyahya.fr/m_supportus2.php</url>
  <title>Harun Yahya - Soutenez-nous</title>
  <snippet>
    <s>Vous pouvez organiser une conférence Harun Yahya dans n&#39;importe quelle université, organisation scientifique ou islamique dans votre pays. Pour ce faire, il </s>
  </snippet>
  <text>
    <s>PLAN DU SITE L'AUTEUR TOUS LES LIVRES (Alphabetical) ------------------------- - Avant que vous ne regrettiez - Avez-vous d ri a vt - Comment les incredules interpretent-ils le Coran? - Connae Dieu par la raison - Connae L'Islam - Des secrets du Coran - Être du Dieu - La conception divine dans la nature - La conscience dans le Coran - La crion de l'univers - La mort, la rrrection et l'enfer - La patience dans le Coran - La seconde venue de Js - La sinctans le Coran - La solution: Les valeurs du Coran - L'alliance du bien - Le cauchemar de la mce - Le mensonge de l'lution - Le miracle de la crion dans l'ADN - Le miracle de la crion de l'homme - Le miracle de la fourmi - Le miracle de l'atome - Le miracle du syst immunitaire - Le vrai visage de ce monde - Les concepts fondamentaux dans le Saint Coran - Les dstres caus'humanitar le darwinisme - Les miracles du Coran - Les nations disparues - L'effondrement de la thie de l'lution en 20 questions - L'rnit d commencoption&gt; - L'Islam dnce le terrorisme - Nul n'est censgnorer - Parlez-moi de la Crion - Pour les gens doud'intelligence - Rexion approfondie - LES LIVRES DE POCHE VITPOUR LES ENFANTS ------------------------- - De merveilleuses creatures - Le monde des animaux - Les abeilles - Les merveilles des cieux - Les miracles de notre corps - Le monde de nos petites amies les fourmis ARTICLES RECOMMAND ------------------------- - L'appel pour &quot;une union islamique&quot; - Un appel musulman aux Israens - Le grand rabbin de Grande-Bretagne fustige Isra/option&gt; - Le communisme est en embuscade - L'expansion de l'univers - Rir aux versets du Coran - Islam n'est pas la source du terrorisme, mais sa solution LES AUTRES ARTICLES TOUS LES FILMS ------------------------- - Le miracle de l'organisation de la cellule - La chute du darwinisme et la crion - Les dstres du darwinisme caus'humanitoption&gt; - Les merveilles de la vie sous-marine - La crion de l'univers - Les miracles du Coran - Le secret de la mati Vtour les enfants Commande Tchargements Catalogue Inscription Contact Travaillez avec nous Accueil</s>
    <s>Harun Yahya - Soutenez-nous</s>
    <s>ORGANISEZ VOTRE PROPRE CONFERENCE</s>
    <s>Les confnces Harun Yahya jouissent dun auditoire ravi et informans de nombreux pays, que ce soit en Inde, en Amque, en Angleterre, en Indone, en Pologne, en Bosnie, en Espagne ou au Brl. Ces confnces sont prnt dans une vari de langues incluant langlais, le frans, lallemand, lespagnol, litalien, le portugais, lurdu, larabe, lalbanais, le russe, le serbo-croate, le polonais, le malais, le turc ouigour et lindonen.</s>
    <s>Vous pouvez organiser une confnce Harun Yahya dans nimporte quelle universitorganisation scientifique ou islamique dans votre pays. Pour ce faire, il suffit de suivre les pes suivantes :</s>
    <s>You can follow the steps below:</s>
    <s>1. Choisir le th de la confnce et nous contacter.</s>
    <s>2. Cliquer sur le lien du calendrier pour drminer la date de votre confnce.</s>
    <s>3. Rrver une salle oa lieu la confnce dans le lieu choisi.</s>
    <s>4. Distribuer les diants et les affiches que nous vous enverrons.</s>
    <s>5. Faire la promotion de lnement par tous les autres moyens otre disposition : stations de radio locales, journaux du campus ou de la ville</s>
    <s>Si vous avez des questions ou vous avez besoin de plus dinformations, vous pouvez nous contacter sur :</s>
    <s>Tel : +1 888 90 GLOBAL 1-888-904-5622</s>
    <s>Fax : +1 888 904-5622</s>
    <s>Or send an e-mail to : Info@HarunYahyaConferences.com</s>
    <s>Ths :</s>
    <s>1 - La crion de lunivers</s>
    <s>2 - LIslam dnce le terrorisme</s>
    <s>3 - La rite la crion</s>
    <s>4 - La science daujourdhui et la thie de llution</s>
    <s>5 - Les miracles du Coran</s>
    <s>6 - LIslam et la science</s>
    <s>7 - La crion de lhomme</s>
    <s>8 - Lorigine de la vie</s>
    <s>9 - La conception divine dans la nature</s>
    <s>10 - Les dstres causpar le darwinisme social</s>
    <s>11 - Le retour du Proph Js (psl)</s>
    <s>12 - Le Big Bang et le matalisme</s>
    <s>13 - Lunion islamique et le Moyen-Orient</s>
    <s>14 - Lunion des religions</s>
    <s>(Pour plus dexplications sur les ths, veuillez cliquer ici)</s>
    <s>Pour des informations dill sur les confnces, veuillez visiter www.HarunYahyaConferences.com.</s>
    <s>Some scenes from the conferences:</s>
    <s>Universite Loma Linda University</s>
    <s>Universite Lampung</s>
    <s>Universite Tokyo</s>
    <s>Universite Karachi</s>
    <s>Pour obtenir plus dinformation sur comment soutenir la cause, veuillez visiter le site www.servirlislam.com.</s>
    <s>&gt; &gt;</s>
    <s>Accueil | Livres | Films | Articles | Contact | Inscription</s>
    <s>Harun Yahya International (C) 2011. Tous droits reserves. Nos materiaux peuvent etre copies, imprimes et distribues en donnant le site comme reference.</s>
  </text>
</page>
