<?xml version="1.0" encoding="UTF-8"?>
<!DOCTYPE page SYSTEM "page.dtd">
<page>
  <lang>fr</lang>
  <url>http://www.brunobegin.com/temoignage.html</url>
  <title>Bruno Bégin - Conférencier professionnel</title>
  <snippet>
    <s>Bruno, je tiens à te souligner au nom du Comité des usagers ainsi qu`en mon . Monsieur Bruno Bégin, conférencier international a donné une conférence en </s>
  </snippet>
  <text>
    <s>» Accueil</s>
    <s>» Confnces et</s>
    <s>» CD et DVD</s>
    <s>Qui est Bruno Bn</s>
    <s>Choisir Bruno Bn</s>
    <s>Principaux Clients</s>
    <s>» Revue de presse</s>
    <s>» Liens</s>
    <s>» Nous rejoindre</s>
    <s>» Documents</s>
    <s>Confnces enir</s>
    <s>Tignages de satisfaction</s>
    <s>Je vous invite isionner les tignages vidci-dessous</s>
    <s>Je dre vous remercier, M. Bn, pour la confnce que vous avez donn&quot;Une chance qu'on s'a&quot;. Par votre dynamisme et votre sens de l'humour, vous avez su captiver et retenir l'attention des 45 personnes prntent ette soiret je suis convaincue que chaque personne va cheminer avec les outils que vous nous avez donn Bravo</s>
    <s>Diane Vaillancourt, directrice des Bourgeons de la Mitis, Mont-Joli</s>
    <s>Le Centre ressources jeunesse de l'Abitibi-Tscamingue (CRJ) tient e remercier chaleureusement pour la confnce offerte le 14 septembre dernier. Sous le th &quot;Prends le volant pis embraye!&quot;, tu as donne coup d'envoi et le ton a toute nouvelle programmation rmment implant'ole du milieu. Le contenu prntmais surtout le dynamisme et l'originalite ta prntation ont alimentes anges des jeunes dans les heures et les jours qui l'ont suivie. Certains ont mentionnue tes propos ont contribu &quot;allumer des lumis&quot;, notamment sur leur responsabilitersonnelle 'rd de leurs choix de vie. Sans contredit, ton passage au CRJ et la passion qui t'anime auront permis, une fois de plus, ransmettre ous ces jeunes l'importance de la motivation et de la prise en charge personnelle.</s>
    <s>Yolaine Cotnoir, Coordonnatrice des services en employabilit Centre ressources jeunesse de l'Abitibi-Tscamingue</s>
    <s>Bruno, je tiens e souligner au nom du Comites usagers ainsi qu`en mon nom personnel, notre appration pour ta confnce lors de la tenue de notre activitnnuelle. Tu as su trbien saisir l`objectif vis ainsi qu`adapta prntation au groupe, je peux te confirmer que tous les tignages que j`ai re en font foi, ce qui dntre non seulement tes capacitcomme confncier, mais aussi toutes les aptitudes humaines qui t`habitent. C`est donc un remerciement sinc aussi de toutes les personnes qui ont particip cette activitt qui te disent ne prochaine rencontre.</s>
    <s>Claude Lahaie, Prdent du Comites usagers du Centre Normand</s>
    <s>Cher Bruno, le 6 juin dernier, de passage en Suisse tu es venu y donner une confnce inte dans notre thre: une confnce intitul&quot;la gamme des tions, vibrez sur les bonnes notes&quot; et pour ce faire tu is en duo avec Pietro Nobile, un guitariste virtuose italien. Devant un public qui n'est peut-e pas souvent le tien puisqu'il s'agissait d'un public de thre, tu as dntr quel point les tions sont puissantes et nous guident dans notre vie. Pietro, par la musique nous le dntrait en live. Pietro et toi ne vous s rencontrque 3 jours avant la confnce, et vous avez su vous accorder pour prnter un spectacle impressionnant. Je te souhaite une belle suite, ient</s>
    <s>Sophie Mayor, Thre de la Tournelle, Orbe, Suisse</s>
    <s>Bonjour M. Bn, Je suis intervenante 'le la Source de Haut Sheila, N.-B. J'ai assist votre confnce de vendredi dernier. Je peux vous dire que ce matin tout le monde parle de vous de mani positive ici 'le La Source. Vous avez fait fureur et pour ma part, je vous dit un gros merci et bravo Votre fa de nous faire voir la vie ma donner l'rgie pour continuer &quot;surtout quand c'est les derni semaine avant les vacances&quot; l'rgie se fait rare. (haha!) Cette journfut meilleure qu'une thpie et m'a co moins ch ha ha Merci Je suis aussi famille d'accueil Thpeutique depuis plus de 12 ans et je vous ait fortement recommanduprdes services du dloppement social. Je crois vraiment que quelques heures pass avec vous serait trbfique auprde nos familles d'accueil et des travailleurs sociaux de la Pnsule Acadienne. En espnt avoir la chance d'assister une autre de vos preuses confnces. Je vous dit encore une fois merci et surtout longue vie</s>
    <s>Monia Martinet, Intervenante ole La Source de Haut Sheila (Nouveau-Brunswick)</s>
    <s>Toute mon ipe a grandement appra confnce sur le bonheur au travail tenue Rouyn-Noranda le 14 avril dernier. Vous avez rsi par votre simplicitvotre dynamisme et votre chaleur humaine sser l'objectif attendu. Vous s certes un communicateur hors pair qui a su captiver l'attention de chacun durant toute la confnce tant par votre humour, vos histoires inspirantes et stimulantes et ce, sans oublier votre mire phmleUne confnce pleine de fraeur</s>
    <s>Lucia Arruda, Directrice, Bureau des services fiscaux de l'Outaouais et Rouyn-Noranda.</s>
    <s>Lors du colloque Accueillir pour grandir s'adressant aux responsables de service de garde en milieu familial (RSG) Bruno a su, 'aide de sa confnce, rgiser, encourager et mettre en valeur le rde la RSG. Son dynamisme et ses exemples concrets ont permis aux responsables de services de garde en milieu familial de se reconnae et de se sentir comprises. Ta confnce fut inspirante et motivanteMerci Bruno !</s>
    <s>Le comitrganisateur du Colloque Accueillir pour Grandir tenu le 18 avril 2009. Marie-Jose Cher du BC les petits ns, Aline Mercier du BC Valldes Loupiots, Genevi Mercier du BC Bonnaventure, Vale Rancourt du Regroupement des CPE 08-10</s>
    <s>En faisant appel vous, les promoteurs du Colloque 2009 sur la gestion des ressources humaines au Tscouata ne s'attendaient pas ette disponibilit et e dynamisme. Votre prntation it dans le ton, conforme nos objectifs et les rltats ont spectaculaires. Vous avez su donner le rythme a journpar votre intervention, vos exemples et votre contenu sur mesure. Vous savez mener un groupe et livrer efficacement un message. Votre prnce s'est rlun preux atout pour le succde ce colloque. Vos messages ient inspirants, accessibles et adaptables au quotidien. Fcitations et au plaisir d'une prochaine collaboration.</s>
    <s>Sylvain Dionne, conseiller en communication et coordonnateur du Colloque 2009 sur la gestion des ressources humaines au Tscouata</s>
    <s>Le MDEEP a fait appel aux services de M. Bn uelques reprises aux cours des dernis ann et rtera certainement ouveau l'expence. Son approche, son dymanisme et sa facilit d'adaptation on auditoire font en sorte que chaque personne se sent concernpar son propos. Ces confnces ont amenles participants, m les plus ractaires, rendre entre autres, conscience de toute l'influence de leurs attitudes, non seulement dans leurs risations personnelles, sur leur santleur entourage immat, mais lement de l'impact de celles-ci sur leur milieu de travail. Humour, vtt rexion sont tous aborddans un souci d'ilibre irrochable. Par consent, M. Bn est, otre avis, un confncier de premier plan.</s>
    <s>Danielle Guimond, Chef de service, Communications et acc l'information, Minist du dloppement durabloe, de l'environnement et des parcs</s>
    <s>Nous avons bien appra confnce de M. Bn. Nous recommandons ce dernier nt donnue sa prntation it bien imaget dynamique. M. Bn sait capter l'attention de son auditoire, tout en faisant passer son message 'aide d'exemples concrets du travail et de la vie de tous les jours. M. Bn a rsi aire voir le bon cdu changement</s>
    <s>Le comite gestion des finances de l'Agence spatiale canadienne, St-Hubert</s>
    <s>Nous tenons ous remercier de votre participation au colloque des directeurs service aux particuliers en septembre dernier l'Auberge Estrimont. Ce moment privilous a permis d'anger avec vous sur un sujet tout ait d'actualitsoit la gestion des talents et la prise de conscience de nos tions au quotidien. Cet nement fut un trgrand succet c'est gr, entre autres, otre implication, otre dynamisme et votre excellente performance. Merci de nous avoir fait partager cette belle aventure</s>
    <s>Linda Grenier, Conseill en dloppement de marchPVP des Caisses de groupes, Comit organisateur du colloque DSP 2008, Desjardins Fration des caisses du Quc.</s>
    <s>Monsieur Bruno Bn, confncier international a donnne confnce en Suisse ausanne lors de notre 3 rendez-vous suisse sur la Santmotionnelle au travail . Monsieur Bruno Bn a fortement contribuu succde cette journpar sa confnce sur le Flow au travail. Il a su dsa prise de parole cr le lien avec le public et l'entrainer avec lui tout au long de son intervention. Je suis convaincu que la majorites participants vont encore longtemps se souvenir de sa confnce. J'esp qu'ouveau nous aurons le plaisir de l'accueillir dans une prochaine manifestation.</s>
    <s>Luigi Saitta, Directeur Neoconsult et organisateur du Rendez-vous suisse de la Santmotionnelle au travail</s>
    <s>Toute mon ipe a grandement appra confnce sur le bonheur. Ce fut une prise de conscience, en humour, d'une approche positive de la vie. Que se soit au travail ou dans la vie personnelle nous sommes le mae de notre destin Je crois M. Bn que vous avez sensibilison ipe oir le bon cdes choses.</s>
    <s>Joanne Twigg, Directrice ronale MAPAQ, Laval</s>
    <s>Une fois de plus, nous drons vous remercier bien sincment pour la confnce &quot;Le pouvoir d'une dsion&quot; que vous avez prntdans le cadre de notre Club de recherche d'emploi, le 2 juin dernier, au Centre ressources jeunesse (CRJ) de l'Abitibi-Tscamingue. Sachez que nous approns au plus haut point la diligence avec laquelle vous avez rndu otre demande, ainsi que le temps consacr l'organisation et la tenue de votre prntation. Votre confnce fut trapprpar toutes les personnes participantes. Nous continuons de constater l'impact positif de votre implication auprdes chercheurs d'emploi en ce qui a trait a bonification de leur rexion 'rd de leur cheminement personnel et professionnel.</s>
    <s>Yolaine Cotnoir, Coordonnatrice des services en employabilitCentre ressources jeunesse de l'Abitibi-Tscamingue, Rouyn-Noranda.</s>
    <s>La confnce Mettez du Flow dans votre vie, strate santour de l'rgie au quotidien a permis d'offrir os quelques 140 employ un temps d'arr de rexion et de prise de conscience. M si certaines personnes connaissaient d quelques concepts, elles ont surtout grandement appre renouvellement et le renforcement des exemples simples et transfbles dans leur quotidien et au travail. Quel prime pour une organisation C'est un atout certain pour la mobilisation du personnel. Merci rmnt pour cette activite qualit</s>
    <s>Danielle Richard et l'ipe de formation et dloppement des ressources humaines du CSSS de Gatineau.</s>
    <s>Bruno, merci infiniment pour cette confnce exceptionnelle. Poursuivez votre travail remarquable nspirer les gens uvrir le meilleur d'eux-ms. Ce fut un privil de vous avoir avec nous.</s>
    <s>Dr Richard Mercier, Soci Chiropratique de l'Abitibi-Tscamingue, La Sarre</s>
    <s>Bruno, votre confnce a su confirmer plusieurs concepts que plusieurs connaissaient mais le simple fait de s'arrr et d'agir en fonction de nos vouloirs au lieu de nos peurs peut certainement faire une diffnce dans nos vies. J'apprecie rmement comment vous avez su nous accomoder. Je vous encourage de continuer veiller la conscience des gens car je pense que la soci est en grande soif d'amour et de paix. Votre prnce u certainement faire une difference Je vous envoie un beau rayon d'energie Merci</s>
    <s>Lise Drisdelle-Cormier, Directrice, Centre Scolaire Samuel de Champlain, Saint Jean, N.-B</s>
    <s>M. Bn a su captiver son auditoire tout au long de sa confnce. D'un style dynamique et rlument axur l'aspect pratique, il dle thie et exemples concrets dans un tempo soutenu. En prime, et sans tout vous diler, vous serez nne sa mire !</s>
    <s>Serge Goulet, ing. Directeur, Direction de la maintenance des barrages, Centre d'expertise hydrique du Quc</s>
    <s>Bruno, ton enthousiasme, ton calme, ton sens de l'humour et ta capacite retenir les prms d'environ 80 personnes prntes dans la salle font de toi un e vraiment unique. Ton approche est positive et tu donnes gox gens de vouloir essayer des petites choses qui peuvent changer leur bien-e. J'ai eu l'opportunite discuter avec toi et je suis heureuse de constater qu'il existe des personnes aussi intes que toi. J'ai beaucoup aimon approche avec les gens puisqu'elle est remplie de respect et de simplicitnbsp; J'esp pouvoir avoir la chance de te rviter dans notre ron puisque ta prnce nous remplit d'une source d'rgie positive.</s>
    <s>Gisele Breau, Directrice Foyer Le Gouvernail inc, Shippagan, N.-B</s>
    <s>La confnce que vous avez donnlors du colloque en adaptation scolaire a remportn vif succet nous tenons ous exprimer nos remerciements les plus chaleureux. Vos propos particuliment stimulants contribueront limenter longtemps notre rexion .</s>
    <s>Micheline Beaudoin, pour les membres du comitHDAA, Rouyn-Noranda.</s>
    <s>La confnce Plaisir Estime Passion nous permet de prendre un temps d'arrnbsp;et de rir e qui nous alimente quotidiennement. Il est important de s'uter, de valider ses perceptions et de nourrir son esprit pour pouvoir se riser et ressentir une stabilitmotionnelle. Certains petits dils peuvent nous aider etrouver le PEP, comme de sourire chaque matin au ril, pour bien commencer sa journ Les concepts que vous prntez dans cette confnce nous rappellent l'importance de rechercher le plaisir dans notre vie autant professionnelle que personnelle. Merci pour vos exemples concrets qui illustrent bien vos explications thiques. Votre bonne humeur et votre dynamisme sont trapppr Et bravo pour votre introduction os nommez les prms de chacune des personnes prntes dans la salleJe conseille cette confnce tous ceux qui ont besoin d'un boost d'rgie et de rire!</s>
    <s>Catherine Beaudet, ps., Agente de raptation CRSM - ablissement Archambault</s>
    <s>Confnce sur le P.E.P. (Passion-Estime-Passion) trmotivante et trintssante La trentaine de personnes qui se sont dac pour venir vous voir ont trbien appr. Vous avez su les captiver. Bravo pour votre beau travail.</s>
    <s>L'ipe de Parrainage Civique de l'Abitibi-Tscamingue</s>
    <s>Cette confnce offre un bon moment de rexion, sur soi-m et sur les autres. Mais surtout, sur le fait que l'on est toujours mae de notre destinet que notre vision des choses influence grandement le cours de la vie. Prendre le temps de regarder le ciel et d'y voir les iles ne nous igne pas de la ritcela nous en approche.</s>
    <s>Suzanne Pelletier, inf.B.Sc. Coordonnatrice ronale, Services en sant mentale Ron du Quc , Services correctionnels du Canada</s>
    <s>Dans le cadre d'une activitu conseil multidisciplinaire du Centre Normand (centre de raptation en dndances), nous avons particip une confnce/formation sur le Flow au travail. Superbe confnce interactive qui anle notre sntaritu travail et qui nous stimule ctualiser nos sources de motivation. BRAVO</s>
    <s>Pierre Bolduc, Directeur gral, Centre Normand Abitibi-Tscamingue.</s>
    <s>La confnce que j'ai assist Shippagan m'a aid changer ma mani de penser et de rir aux situations imprs qui arrivent dans ma vie, que ce soit des situations positive ou ntives. M si je dois passer ravers des obstacles ou des euves au courant de ma vie, maintenant je sais e capable de toujours trouver un point positif dans toutes mes dptions :))</s>
    <s>Sylvie Beno agente des services administratifs, Services familiaux et communautaires, Division services sociaux, Caraquet, N.B.</s>
    <s>Merci pour votre prntation qui a trmotivante et captivante du dt a fin. Le temps a passussi vite qu'un air. J'esp avoir l'occasion de vous entendre ouveau et soyez certain que si des gens me demandent s'ils doivent assister ne de vos prntations soyez certain que ma rnse sera dans l'affirmatif.</s>
    <s>Yvette Basque, stgraphe judiciaire, Tracadie-Sheila N.B.</s>
    <s>Je souhaite sincment que tu reviennes ouveau donner un autre atelier dans notre beau coin de pays. Une chose est certaine, j'ai trappron atelier Je t'ai d fortement recommand mes colles de travail. Continue ce que tu fais car tu fais un travail remarquable. Encore une fois MERCI</s>
    <s>Anngy Mallais, Adjointe administrative, Connexion vie-travail, Caraquet N.B.</s>
    <s>Merci Bruno et fcitation pour la qualite votre confnce du 11 avril dernier, dans le cadre de La semaine des affaires en Abitibi-Ouest . La thtique alors abord portant sur les diffntes fas de perdre sa client, fut trapprde tous les participants. Notre Chambre est heureuse d'entretenir de bons liens avec vous et nous considns la ron chanceuse de pouvoir compter sur votre offre de services de haute qualitnbsp; Encore une fois, merci et au plaisir de vous cer au cours d'une de nos nombreuses activit en 2007.</s>
    <s>Richard Lacombe, vice-prdent et directeur gral, Chambre de commerces d'Abitibi-Ouest</s>
    <s>Confnce trintssante avec des mots justes et des images bien reprntatives en lien avec les probltiques qu'occasionne le renouveau pgogique Vous s trmotivant</s>
    <s>Marie-Hne Grondin, directrice Polyvalente de la For Amos</s>
    <s>Le comitrganisateur dre vous remercier de votre confnce intitul &quot;Faire autrement et se drquer &quot; lors du perfectionnement professionnel de l'Association francophone des conseills et des conseillers en orientation du Nouveau-Brunswick (AFCONB) ampbellton. Les conseills et conseillers en orientation ont trimpressionnet appratifs. Nous avons re que de bon commentaires de leur part.</s>
    <s>R Lecler, c.o., Prdent AFCONB</s>
    <s>KweBonjour Je voulais juste vous dire que mon ipe avait de l'rgie revendre lundi aprmidi. On parle souvent du contenu de la confnce lors des pauses et les accroche-sourire font leur chemin Je vous remercieLes gens anticipent la pode des Fs beaucoup plus positivementKitci Migwetc(merci beaucoup)</s>
    <s>Marie-JosCroteau, directrice de l'ucation, Pikogan</s>
    <s>Personne extrment intelligente. Trgrande connaissance en la mati de motivation. Mire phmleCela m'a permis d'amorer ma vision de la vie. m'a amen me requestionner sur ce que je veux et ce que je suis vraiment. Vraiment trtrintssantMonsieur Bn est vraiment bon pour toucher et accrocher les gens. J'ai appris oir les choses d'une autre fa. Trbonne confnce. Je trouve que vous devriez passer cette confnce au dt de tout le club parce que permet vraiment aux gens de savoir qui ils sont et o vont dans la vie. permettrait de vraiment aligner les gens dle drt du club.</s>
    <s>Participants au Club de recherche d'emploi du Centre Ressources Jeunesses de Rouyn-Noranda</s>
    <s>Merci de nous avoir apportes outils supplntaires. Votre confnce est vraiment personnaliset vous s l'ute de nos demandes.</s>
    <s>Marie-Paul Descux, coordonnatrice par intm, Comitrntion suicide Lebel-sur-Qullon</s>
    <s>C'est plus qu'une formation, c'est une prise de conscience que nous avons tous les outils a portde la main pour comprendre comment les utiliser positivement en s'engageant individuellement. Merci de cette belle journ</s>
    <s>Lise Maheux, Diane Cloutier, Ran Legault et Joyane Lamarche, Ville de Val d'Or.</s>
    <s>Je souhaite oute personne de suivre cette formidable formation</s>
    <s>Francine Bastien, Abitibi Consolidated Inc., Division Amos</s>
    <s>Certaines formations sont seulement informatives mais celle-ci fut vraiment profitable</s>
    <s>Steve Couture, SOQUEM Val d'or</s>
    <s>Tous devraient suivre cette formation, cadres et syndiqu Vous m'avez ouvert les yeuxMerci</s>
    <s>Lise Fillion, R.P., D.S., Abitibi Consolidated, secteur Comtois.</s>
    <s>Merci pour le nouveau point de vue que tu m'as donnnbsp; Celui-ci me donne une nouvelle vision frae sur l'avenir.</s>
    <s>Gary Lemire, A. de la Chevroti</s>
    <s>Bravo pour ton enthousiasme Merci pour les nouveaux outils mais surtout pour la prise de conscience et de duvrir les ressources</s>
    <s>Nancy Lurneau, Isidore Pelchat, Daniel Pinard, Mine Agnico-Eagle, Division Laronde, Comitantritfont&gt;</s>
    <s>Trbonne formation, donne beaucoup d'outils de travail pour essayer d'amorer notre sort autant au travail que dans la famille.</s>
    <s>Luc Bordeleau, Ml Marquis Inc.</s>
    <s>La formation sur la gestion du stress me donne des outils personnels et ransmettre es colles.</s>
    <s>France Gilbert, Transport L.R.L. Inc.</s>
    <s>Les outils et trucs qui m'ont remis me seront trutiles non seulement au travail mais a maison, dans ma vie sociale.</s>
    <s>Gilbert Bouffard, Contremae sor, Mine Beaufort</s>
    <s>J'ai particip la formation sur la gestion du stress et je suis trcontente. Le contenu et la prntation contribuent a rsite de cette formation. Par sa performance professionnelle, le formateur nous guide dans nos premiers pas vers la gestion de notre stress. Cette formation est un cadeau pour les gens qui aspirent n bien-e. Je recommande grandement cette formation, on en ressent les bienfaits immatement. Merci</s>
    <s>Nicole Fortin, Librairie du Nord</s>
    <s>C'est tout simplement extraordinaire, magnifique journ C'est tragrle, c'est trintssant. Merci!</s>
    <s>J'ai passne trbelle et bonne journd'apprentissage, de rexion. Tu es un animateur dynamique qui a su retenir l'attention de tout le groupe. Merci.</s>
    <s>J'ai beaucoup apprette formation trpositive sur toute l'ensemble, le formateur remarquable, beaucoup de potentiel. Surtout ne le pas, continue ton beau travail, fais-en profiter le plus de gens possible.</s>
    <s>Louisette Larivi, D-Autonomie</s>
    <s>Mon cher Bruno, j'ai trapprette journde formation. J'ai appris beaucoup de choses sur ma personnalitue je ne connaissait pas. Tu m'a vraiment airur plusieurs choses.</s>
    <s>Claudette M., D-Autonomie</s>
    <s>BravoCe fut trenrichissant pour moi. Vous m'avez fait duvrir un cde moi que je ne connaissais pas. Merci mille fois. Je vais vous reconnae o vous soyez. Merci.</s>
    <s>Louisette Caron</s>
    <s>Super belle journ C'it trenrichissant. J'ai appris beaucoup sur moi, et surtout, c'est certain que je vais mettre des points en pratique.</s>
    <s>J'ai bien apprer le confncier. Il est dynamique et j'ai bien aimer les propos. Il a des id formidables pour nous relaxer. IL sait aussi nous mettre en confiance et je vous fcite pour tout.</s>
    <s>C'est un beau cadeau le fait de rire. Belle soir Tr intssant. Je vais bien dormir. Merci pour ton beau travail. Lucie</s>
    <s>Trenrichissant pour moi-m. Me permet de chasser le ntif en changeant mon comportement et d'avoir des rs en couleur sur an…Imax.</s>
    <s>Ginette Picard</s>
    <s>C'it Superfait du bien de se faire rappeler que le rire est bon pour la santJ'adore rire.</s>
    <s>Yolande Ouellet, Regroupement des Centres de la petites enfances de l'Abitibi-Tscamingue</s>
    <s>Se fut plaisant de riser des choses importantes par l'humour. permet de riser qu'on oublie trop souvent de damatiser.</s>
    <s>Ginette Falardeau</s>
    <s>Un aprmidi agrle qui m'a permis de prendre conscience que nous avons des outils otre portet qui reste oi de les utiliser dans un but ultime de changer mes perceptions de la vie afin quelle devienne agrle. Merci</s>
    <s>Christian Houle</s>
    <s>Copyright (C) 2006-2008 Tous droits rrv</s>
    <s>&quot;Vous s ici l pens d'hier vous ont conduit vous serez demain l pens d'aujourd'hui vous conduiront &quot;</s>
  </text>
</page>
