<?xml version="1.0" encoding="UTF-8"?>
<!DOCTYPE page SYSTEM "page.dtd">
<page>
  <lang>fr</lang>
  <url>http://doc.ubuntu-fr.org/ekiga</url>
  <title>ekiga - Documentation Ubuntu Francophone</title>
  <snippet>
    <s>2 août 2011 On peut aussi utiliser le sip:501@ekiga.net comme conférence . Ippi.fr ( worldline) &middot; Offres commerciales (fr) Tarifs par pays (fr) &middot; Suivre le tutoriel d&#39;Ippi . les instructions suivantes (pour justvoip, sip au lieu de sip1 marche). </s>
  </snippet>
  <text>
    <s>Contenu | Rechercher | Menus</s>
    <s>Communauté francophone d'utilisateurs d'Ubuntu</s>
    <s>Recherche : Chercher dans : Site Documentation Forum Planet Identifiant : Mot de passe : / inscription</s>
    <s>Table des matières</s>
    <s>Version courante (dépôts officiels)</s>
    <s>Dernière version d'Ekiga (dépôts PPA)</s>
    <s>Première utilisation</s>
    <s>Comment avoir une &quot;adresse SIP&quot; gratuite ?</s>
    <s>Ekiga Call Out Account ?</s>
    <s>Vérifier que le son, la webcam et le réseau fonctionnent</s>
    <s>Comment appeler ?</s>
    <s>Interopérabilité (pour appeler vos contacts Windows/Mac)</s>
    <s>Puis-je avoir plusieurs &quot;adresses SIP&quot; ?</s>
    <s>Conférences audio à plusieurs</s>
    <s>Appeler vos contacts inscrits chez d'autres fournisseurs SIP (Peering)</s>
    <s>Chercher un contact dans l'annuaire d'ekiga.net</s>
    <s>Mettre un bouton sur son site web</s>
    <s>Communications avec les téléphones fixes ou mobiles</s>
    <s>Configurer Ekiga 3.2 pour les fournisseurs VOIP</s>
    <s>Ekiga sur un réseau local (LAN)</s>
    <s>Problèmes connus</s>
    <s>Ekiga est en anglais</s>
    <s>Problème de taille de video (vidéo écrasée dans la largeur)</s>
    <s>Ekiga monopolise la caméra même après fermeture</s>
    <s>Fenêtre de dialogue trop petite (Ubuntu 8.04 LTS)</s>
    <s>La qualité du son est très mauvaise</s>
    <s>Vos interlocuteurs ne vous entendent pas bien</s>
    <s>Erreur GConf au démarrage</s>
    <s>L'inscription a échoué : interdit</s>
    <s>Lorsque je cherche à joindre quelqu'un sur mon réseau local cela ne marche pas, mais je peux joindre le sip:500@ekiga.net</s>
    <s>La suppression de l'écho ne marche pas. J'utilise le micro de ma webcam et les enceintes/casque de ma carte son</s>
    <s>Voir aussi</s>
    <s>Besoin d'aide ?</s>
    <s>Hardy, Jaunty, Karmic, Lucid, téléphonie, voip, sip, visioconférence</s>
    <s>Ekiga (précédemment GnomeMeeting) est un logiciel libre de téléphonie sur Internet (VoIP) et de conférences vidéos (visioconférence), avec suspension, transfert et redirection d'appels. Il permet d'appeler gratuitement en audio, vidéo et texte de PC à PC (GNU/linux, Mac OS, Windows…) et est compatible avec les logiciels et matériels qui suivent les standards SIP et H323. Il fournit aussi une messagerie instantanée (avec smileys !;-) ).</s>
    <s>Optionnel : en s'enregistrant auprès d'un ou plusieurs fournisseurs de service SIP (payant) laissés au choix de l’utilisateur, Ekiga permet aussi d’appeler et de recevoir des appels de téléphones fixes ou de mobiles. Par exemple, la Freebox ou encore Gizmo offrent un service de ce type. Il existe de nombreux fournisseurs aux prix très compétitifs pour ce service.</s>
    <s>Version courante (dépôts officiels)</s>
    <s>Si Ekiga n'est pas installé, il suffit d'installer le paquet ekiga.</s>
    <s>Si vous avez des problèmes avec cette version, il est fortement conseillé d'installer la dernière version d'Ekiga (ci-dessous).</s>
    <s>Dernière version d'Ekiga (dépôts PPA)</s>
    <s>Ubuntu 10.04 LTS : pour installer la version de développement (fix NAT d'opal) d'Ekiga, il suffit d'ajouter à vos sources de logiciels le dépôt PPA ppa:sevmek/ppa1), recharger la liste des paquets, puis installer le paquet ekiga.</s>
    <s>Ubuntu 9.10 : pour installer la dernière version d'Ekiga, il suffit d'ajouter à vos sources de logiciels le dépôt PPA ppa:sevmek/ekiga-released2), recharger la liste des paquets, puis installer le paquet ekiga.</s>
    <s>Pour Ubuntu 8.04 LTS , il suffit d'ajoutez le dépôt deb http://ppa.launchpad.net/dnjl/discontinued/ubuntu hardy main , recharger la liste des paquets, puis installer le paquet ekiga, mais cette installation retire le paquet ubuntu-desktop, ce qui a de lourdes conséquences en cas d'upgrade de la distribution. Pensez à re-installer le paquet ubuntu-desktop avant de migrer vers Ubuntu 10.04 LTS</s>
    <s>Première utilisation</s>
    <s>Pour lancer Ekiga, vous trouverez le lanceur d'Ekiga dans le menu Applications → Internet → Softphone Ekiga</s>
    <s>À la première utilisation, un guide ( Assistant de première configuration ) en 8 étapes est proposé. Il est fortement conseillé de le suivre afin de configurer au mieux le logiciel. Voici quelques indications pour bien suivre cet assistant :</s>
    <s>Comment avoir une &quot;adresse SIP&quot; gratuite ?</s>
    <s>À la troisième page de l'assistant de configuration (écran ci-contre), on vous demandera votre &quot;nom d'utilisateur&quot; et votre &quot;mot de passe&quot;.</s>
    <s>Il vous suffit de suivre le lien bleu (&quot;Get an Ekiga.net SIP account&quot;) dans la fenêtre de dialogue pour ouvrir un compte Ekiga.net si vous n'en avez pas, puis de la remplir avec votre nom d'utilisateur et votre mot de passe.</s>
    <s>Votre &quot;adresse SIP&quot; sera : sip:nomdutilisateur@ekiga.net</s>
    <s>Appuyez sur &quot;Suivant&quot; après avoir fourni les informations pour continuer l'assistant.</s>
    <s>Note : l' adresse SIP est le moyen pour vous contacter ou pour contacter les autres ; c'est comme une adresse e-mail.</s>
    <s>Ekiga Call Out Account ?</s>
    <s>A la quatrième page de l'assistant de configuration (écran ci-dessous), Ekiga vous propose de souscrire à l'abonnement payant DiamondCard qui permet d'appeler et de recevoir des appels de téléphones fixes ou de mobiles. Si vous n'en avez pas besoin, cochez la case en bas à gauche, et cliquez sur &quot;Suivant&quot; (&quot;Forward&quot;).</s>
    <s>Vérifier que le son, la webcam et le réseau fonctionnent</s>
    <s>Lorsque vous avez terminé l'assistant et si vous avez ouvert un compte chez Ekiga.net, appelez le sip:500@ekiga.net C'est un numéro d'écho avec une voix féminine qui vous accueille en anglais. Il permet de tester le réseau SIP (le service est atteint), le son (j'entends l'américaine et si je parle, je m'entends avec un retard dû à l'aller-retour entre mon ordinateur et le service d'écho) et la vidéo (si j'ai une webcam, je me vois).</s>
    <s>En cas de soucis, consultez les sections &quot;Configuration&quot; et &quot;Problèmes connus&quot; ci-dessous.</s>
    <s>Comment appeler ?</s>
    <s>Si vous connaissez l'adresse sip: de votre contact, vous pouvez l'entrer dans le champ sip: en haut de la fenêtre principale d'Ekiga, puis pressez le bouton de connexion. Par exemple, entrer sip:contact@ekiga.net et presser le bouton de connexion appellera le contact à cette adresse.</s>
    <s>Interopérabilité (pour appeler vos contacts Windows/Mac)</s>
    <s>Ekiga peut être utilisé avec Linux ou avec Windows (ekiga-3.2.7). Si vos interlocuteurs utilisent Mac OS, recommandez-leur le logiciel Xmeeting pour converser avec vous.</s>
    <s>Ekiga est compatible avec NetMeeting (H323, Windows), Windows Messenger (SIP, Windows, Configurer Messenger pour Ekiga), Wengophone/QuteCom (SIP, multiplateforme Linux/Mac OS/Windows), Gizmo (SIP, multiplateforme Linux/Mac OS/Windows). Pour une liste plus complète détaillant les fonctionnalités compatibles, veuillez vous reporter au wiki d'Ekiga : Which programs work with Ekiga ? en</s>
    <s>Certains logiciels très répandus, comme Windows Live Messenger (MSN) et Skype, ne sont pas compatibles avec Ekiga car ils reposent sur des protocoles obscurs et propriétaires dont le fonctionnement ne peut être connu que par rétro-ingénierie.</s>
    <s>Puis-je avoir plusieurs &quot;adresses SIP&quot; ?</s>
    <s>Oui. Pour ajouter une nouvelle adresse dans Ekiga (après l'inscription chez ekiga.net ou chez un autre fournisseur), allez dans Édition → Comptes , puis dans la nouvelle fenêtre : menu Comptes → Ajouter un compte … .</s>
    <s>Conférences audio à plusieurs</s>
    <s>sip:501XXXX@ekiga.net où XXXX est le nombre de votre choix représentant le numéro de la conférence.</s>
    <s>Par exemple, les français peuvent se rencontrer au sip:5011122@ekiga.net dans la conférence 1122.</s>
    <s>Ces conférences sont semi-publiques/semi-privées, n’importe qui peut rejoindre la conférence n’importe quand s’il choisit le bon numéro.</s>
    <s>On peut aussi utiliser le sip:501@ekiga.net comme conférence générale publique.</s>
    <s>Appeler vos contacts inscrits chez d'autres fournisseurs SIP (Peering)</s>
    <s>Le peering désigne l'accord entre les fournisseurs de services SIP qui permet aux utilisateurs d'un service d'appeler les utilisateurs d'un autre service. Habituellement, ceci fonctionne en ajoutant un préfixe spécial au numéro de votre correspondant chez l'autre fournisseur. Les inscrits au service d'Ekiga.net peuvent maintenant utiliser les préfixes de SipBroker . Voir la liste complète des préfixes de SipBroker…</s>
    <s>Par exemple, pour appeler depuis Ekiga.net pour joindre un utilisateur de Free World Dialup (FWD), l'utilisateur d'Ekiga.net devra composer '*393' puis le numéro FWD (composer le **sip:*393613*ou le '*393613' vous permet de joindre le service d'écho de FWD).</s>
    <s>Voici quelques exemples de préfixes :</s>
    <s>Prefixe Registrar Fournisseur du service</s>
    <s>freephonie.net (fonctionne pas SipBroker)</s>
    <s>SIPPhone / Gizmo</s>
    <s>En théorie, le peering fonctionne dans les deux sens. Si l'utilisateur d'un autre service veut joindre un utilisateur d'Ekiga.net, il devra utiliser un préfixe différent.</s>
    <s>Malheureusement, le peering ne fonctionne pas directement depuis FWD pour joindre un utilisateur d'Ekiga.net, mais les préfixes pour le peering peuvent souvent être empilés. Un utilisateur de FWD peut composer le préfixe '*275' pour joindre SipBroker, puis le '*673' pour joindre Ekiga.net, puis le numéro de l'utilisateur de service Ekiga.net (qui commence par 6xxxxx).</s>
    <s>Les utilisateurs d'Ekiga.net peuvent utiliser le préfixe '*013' pour composer un numéro Enum. Enum est une solution à ces problèmes de préfixes &quot;non-standard&quot;.</s>
    <s>Quelques exemples de numéros :</s>
    <s>Numéro Description</s>
    <s>Les numéros verts aux USA (1-800) ideasip.com Chercher des numéros verts US</s>
    <s>Tell me ixcall.net (Reconnaissance vocale en anglais)</s>
    <s>Echo test de Wengo (France)</s>
    <s>Echo test de FreeWorldDialup</s>
    <s>Echo test de Prato City Hall (Italie)</s>
    <s>Echo test de Gizmo</s>
    <s>Party Line SipPhone.com</s>
    <s>Echo test de voxalot.com (USA)</s>
    <s>Chercher un contact dans l'annuaire d'ekiga.net</s>
    <s>Ouvrir le carnet d'adresses ( Outils → Carnet d'adresses ) ou encore cliquer sur le bouton du carnet d'adresses (3ème bouton sur la gauche de l'interface)</s>
    <s>Sélectionner l'annuaire Ekiga White Pages (les pages blanches d'Ekiga)</s>
    <s>Vous pouvez baser vos recherches sur 3 critères :</s>
    <s>Recherche sur le nom.</s>
    <s>Recherche sur l'adresse SIP.</s>
    <s>Recherche sur la localisation géographique.</s>
    <s>Ce service limite le nombre de réponses à 100.</s>
    <s>Si vous double-cliquez sur l'annuaire « Ekiga White Pages », une recherche est lancée sur les utilisateurs connectés, en classant les réponses selon la version du client SIP. Parmi ces réponses vous trouverez des utilisateurs acceptant tous les appels : pour cela regardez leurs &quot;Commentaires&quot;.</s>
    <s>Mettre un bouton sur son site web</s>
    <s>Ekiga.net offre un service pour mettre aisément un bouton sur son site web, de sorte qu'en cliquant dessus on puisse vous joindre directement.</s>
    <s>Ce bouton indique automatiquement si vous êtes en ligne ou hors-ligne, mais en anglais…</s>
    <s>Voici les images qui se mettront sur votre site :</s>
    <s>En ligne Hors ligne</s>
    <s>Pour ajouter ce bouton sur votre page web, copiez cette ligne sur votre page HTML (nécessite que celui qui vous visite ait activé Javascript dans son navigateur, ce qui est généralement le cas) :</s>
    <s>&lt;script src=”http://www.ekiga.net/status/presence.php?user=VOTRE ID SUR EKIGA.NET”&gt;&lt;/script&gt;</s>
    <s>Remplacez VOTRE ID SUR EKIGA.NET par votre nom d'utilisateur sur ekiga.net.</s>
    <s>Cas de Gmail : Pour mettre ce bouton dans une signature Gmail, il faut d'abord pouvoir editer sa signature en HTML. Pour ce faire, voici deux methodes :</s>
    <s>soit, installer l'extension suivante pour Firefox : https://addons.mozilla.org/en-US/firefox/addon/7757</s>
    <s>soit, installer un script Grease Monkey : http://www.bourzeix.com/weblog/post/2008/01/26/Votre-signature-HTML-avec-Gmail</s>
    <s>Puis copier l'adresse de la ligne de script ci-dessus dans votre signature en HTML.</s>
    <s>Voir aussi : Mettre un bouton dans votre signature de Thunderbird</s>
    <s>Voir aussi : Solution temporaire pour mettre un lien Url:SIP dans votre signature du forum.</s>
    <s>Communications avec les téléphones fixes ou mobiles</s>
    <s>Les tarifs pour les appels vers les téléphones fixes/mobiles dépendent de votre fournisseur d'accès SIP.</s>
    <s>Les informations pour tous les fournisseurs suivants demandent à être vérifiées. Merci de faire un retour sur le lien donné dans la section &quot;Besoin d'aide ? Critiques ?&quot;.</s>
    <s>Il existe de nombreux autres fournisseurs SIP que ceux présentés ci-dessous :</s>
    <s>Voir, par exemple, cette liste de fournisseurs SIP[en,]</s>
    <s>Le site http://www.voipfr.org fournit un comparateur de prix pour les appels vers les fixes et les mobiles,</s>
    <s>Comparatif des prix de 19 services de VoIP appartenant tous à la companie Betamax.[en.]</s>
    <s>S'inscrire auprès d'un fournisseur</s>
    <s>Les fournisseurs suivants sont donnés à titre d'exemple et parce qu'ils sont utilisés par des membres du forum. Ce ne sont pas nécessairement les moins chers, ni la meilleure qualité de service. Vous pouvez aussi utiliser plusieurs fournisseurs en même temps…</s>
    <s>Services Tarifs Procédure</s>
    <s>Tarifs (en) Ce service est intégré à Ekiga.</s>
    <s>Pour utiliser ce service, allez dans `Outils → Compte PC-To-Phone`</s>
    <s>Wengo (fin d'activité)</s>
    <s>Allez ici (en) et ouvrez un compte SipPhone. Puis, muni des infos de votre nouveau compte (numéro et mot de passe) allez ici et entrez ces informations, on vous demandera alors de choisir un &quot;nom Gizmo&quot;.</s>
    <s>FWD ne permet pas encore de communiquer avec les téléphones fixes, mais ce service semble gratuit et offre un proxy sortant.</s>
    <s>Betamax: VoipBuster</s>
    <s>Betamax: NetAppel.fr</s>
    <s>Betamax: Internetcalls</s>
    <s>Tarifs (en)</s>
    <s>Ippi.fr (worldline)</s>
    <s>Offres commerciales (fr) Tarifs par pays (fr)</s>
    <s>Suivre le tutoriel d'Ippi</s>
    <s>Configurer Ekiga 3.2 pour les fournisseurs VOIP</s>
    <s>Adapter les informations du tableau pour votre fournisseurs de VOIP:</s>
    <s>Allez dans Édition → Comptes → Ajouter .</s>
    <s>Service Nom Registrar Utilisateur Identifiant auth. Mot de passe Préférences</s>
    <s>Ce que vous voulez</s>
    <s>Pass Free</s>
    <s>Avec Karmic, prendre la version 3.2.6 et décocher tous les codecs vidéos</s>
    <s>Ce que vous voulez</s>
    <s>Login wengo</s>
    <s>Login wengo</s>
    <s>Pass wengo</s>
    <s>Proxy sortant: sipproxy.wengo.fr</s>
    <s>Ce que vous voulez</s>
    <s>Login Gizmo</s>
    <s>Login Gizmo</s>
    <s>Pass Gizmo</s>
    <s>Serveur STUN: stun01.sipphone.com</s>
    <s>Ce que vous voulez</s>
    <s>Login FWD</s>
    <s>Login FWD</s>
    <s>Pass FWD</s>
    <s>Proxy sortant: sipproxy.wengo.fr</s>
    <s>Ce que vous voulez</s>
    <s>Login I.calls</s>
    <s>Login I.calls</s>
    <s>Pass I.calls</s>
    <s>Ce que vous voulez</s>
    <s>Login voipB</s>
    <s>Login voipB</s>
    <s>Pass voipB</s>
    <s>Proxy sortant: sip1.voipbuster.com</s>
    <s>Ce que vous voulez</s>
    <s>Login netappel</s>
    <s>Login netappel</s>
    <s>Pass netappel</s>
    <s>Ce que vous voulez</s>
    <s>Login OVH</s>
    <s>Login OVH</s>
    <s>Pass OVH</s>
    <s>La configuration est intégrée à Ekiga.</s>
    <s>Vous n'êtes pas obligé d'utiliser ce fournisseur.</s>
    <s>1. Pour acquérir un compte, allez dans Outils → Compte PC-to-Phone . Vous devez absolument créer votre compte à partir de cette fenêtre, ou cela ne marchera pas.</s>
    <s>2. Attendez de recevoir votre e-mail qui vous fournira votre Numéro de compte et votre Mot de passe.(cela peut prendre 5jours)</s>
    <s>3. Entrez le Numéro de compte (Account Id) et le Mot de passe (PIN code)dans la fenêtre, puis activer le service PC-to-Phone.</s>
    <s>Vous êtes maintenant prêt pour passer des appels à très bas prix sur toute la planète.</s>
    <s>Pour composer un numéro de téléphone, entrez 00 suivit par le code du pays (33 pour la France), et enfin par le numéro à joindre.</s>
    <s>Par exemple, sip:003310111111 pour appeler le 10111111 en France. exemple n°2 pour appeler le 04xxxxxxxx (le 04 etant le prefixe region) composer sip:00334xxxxxxxxx,le 0 du prefixe doit etre supprimé</s>
    <s>Voir aussi la page SFR de la doc pour utiliser 9talk et téléphoner avec votre PC.</s>
    <s>Allez dans Édition → Comptes → Ajouter .</s>
    <s>Nom du compte</s>
    <s>Ce que vous voulez</s>
    <s>Votre nom d'utilisateur pour Wengo</s>
    <s>Mot de passe</s>
    <s>Votre mot de passe pour Wengo</s>
    <s>Dans Préférences → Paramètres SIP .</s>
    <s>Proxy sortant</s>
    <s>213.91.9.206 (sipproxy.wengo.fr)</s>
    <s>ou 213.91.9.210</s>
    <s>ou 213.91.9.216</s>
    <s>Dans Préférences → Paramètres réseau .</s>
    <s>Méthode de traversée NAT</s>
    <s>STUN : stun.ekiga.net</s>
    <s>Dans Préférences → Codecs audios .</s>
    <s>Codecs audio disponibles</s>
    <s>décocher *tousles codecs audio et cocher PCMA</s>
    <s>Codecs Video</s>
    <s>Désactiver la vidéo</s>
    <s>Pour tester votre configuration, vous pouvez essayer le numéro d'écho de wengo: sip:333@voip.wengo.fr</s>
    <s>Le proxy de wengo ne semble pas autoriser les appels vers d'autres services, il convient donc de le désactiver pour pouvoir utiliser le service d'ekiga.net par exemple (et d'activer le support STUN si vous en avez besoin en remplacement du proxy).</s>
    <s>La vidéo ne marche pas dans une communication EKiga ↔ WengoPhone car Ekiga utilise le codec vidéo H.261 et WengoPhone le H.263 (dans une version non-standard).</s>
    <s>Un fil de discussion sur la configuration d'Ekiga avec Wengo.</s>
    <s>Allez dans Édition → Comptes → Ajouter .</s>
    <s>Nom du compte</s>
    <s>Ce que vous voulez</s>
    <s>Votre numéro Gizmo, ils commencent tous par 1747xxxxxxx et sont disponibles dans votre profil Gizmo.</s>
    <s>Mot de passe</s>
    <s>Votre mot de passe Gizmo</s>
    <s>Si vous avez besoin de STUN, vous pouvez remplacer le serveur stun.ekiga.net par celui de Gizmo :</s>
    <s>Dans Édition → Préférences → Paramètres réseau .</s>
    <s>Méthode de traversée NAT</s>
    <s>Serveur STUN</s>
    <s>Pour tester sa connexion avec un test d'écho : sip:1393613@proxy01.sipphone.com</s>
    <s>Pour appeler un utilisateur Gizmo : `numéro sip du contact@proxy01.sipphone.com`.</s>
    <s>FWD ne permet pas encore de communiquer avec les téléphones fixes, mais ce service semble gratuit et offre un proxy sortant.</s>
    <s>Allez dans Édition → Comptes → Ajouter .</s>
    <s>Nom du compte</s>
    <s>Ce que vous voulez</s>
    <s>Votre login pour FreeWorldDialup</s>
    <s>Mot de passe</s>
    <s>Votre mot de passe pour FreeWorldDialup</s>
    <s>Plus d'options</s>
    <s>Configurations supplémentaires :</s>
    <s>Si vous avez besoin de STUN, vous pouvez remplacer le serveur stun.ekiga.net par celui de FreeWorldDialup :</s>
    <s>Dans Édition → Préférences → Paramètres réseau .</s>
    <s>Méthode de traversée NAT</s>
    <s>Serveur STUN</s>
    <s>Vous pouvez utiliser le proxy sortant de FreeWorldDialup :</s>
    <s>Dans Préférences → Paramètres SIP .</s>
    <s>Proxy sortant</s>
    <s>Pour tester si tout marche bien, composez le numéro d'echo de FreeWorldDialup :</s>
    <s>Allez dans Édition → Comptes → Ajouter .</s>
    <s>Nom du compte</s>
    <s>Ce que vous voulez</s>
    <s>Votre login pour Internetcalls</s>
    <s>Mot de passe</s>
    <s>Votre mot de passe pour Internetcalls</s>
    <s>Plus d'options :</s>
    <s>Authentification Login</s>
    <s>Votre login pour Internetcalls</s>
    <s>Pour composer un numéro, il faut taper:</s>
    <s>Exemple : pour appeler le numéro 01 23 45 67 89 en France, il faut taper :</s>
    <s>mais vous pouver aussi taper directement le numéro avec l'indicatif 00 à la place du +, sans rien d'autre (cela est plus pratique):</s>
    <s>VoipBuster est un produit offert par la société Betamax, qui possède un grand nombre de &quot;clones&quot; de VoipBuster, dont JustVoip, voipstunt, netappel.fr, freecall.com, internetcalls.com, poivy.com, sipdiscount.com, sparvoip.de, voipcheap, voipdiscount.com, webcalldirect.com, lowratevoip.com, voipbusterpro.com… La procédure pour ces services est très similaire : il semble qu'il suffit de remplacer voipbuster par le service choisi dans les instructions suivantes (pour justvoip, sip au lieu de sip1 marche).</s>
    <s>Allez dans Édition → Comptes → Ajouter .</s>
    <s>Nom du compte</s>
    <s>Ce que vous voulez</s>
    <s>Votre login pour VoipBuster</s>
    <s>Mot de passe</s>
    <s>Votre mot de passe pour VoipBuster</s>
    <s>Plus d'options</s>
    <s>Votre login pour VoipBuster</s>
    <s>Dans Édition → Préférences → Paramètres SIP :</s>
    <s>Proxy sortant</s>
    <s>Serveur STUN :</s>
    <s>Si l'assistant de configuration d'Ekiga vous a configuré STUN pour traverser votre NAT, vous pouvez remplacer le serveur STUN d'Ekiga par celui de VoipBuster (ce n'est pas nécessaire) :</s>
    <s>Dans Édition → Préférences → Paramètres réseau :</s>
    <s>Méthode de traversée NAT</s>
    <s>Serveur STUN</s>
    <s>Pour appeler, si voipbuster est votre compte par défaut, il suffit de taper le n° international 0033123456789 pour 01 23 45 67 89 etc.</s>
    <s>S'il n'est pas par défaut : sip:0033123456789@sip1.voipbuster.com</s>
    <s>Les codecs GSM sont très bien pour de l'appel PC → téléphone.</s>
    <s>Allez dans Édition → Comptes → Ajouter .</s>
    <s>Nom du compte</s>
    <s>Ce que vous voulez</s>
    <s>Votre login pour Netappel</s>
    <s>Mot de passe</s>
    <s>Votre mot de passe pour Netappel</s>
    <s>Est-ce que Ekiga reconnait mon casque/micro ?</s>
    <s>Pour tester la reconnaissance de votre casque/micro par Ekiga, appelez le service &quot;Test Echo&quot; (sip:500@ekiga.net), et parlez dans votre micro. Si tout va bien, vous vous entendrez dans votre casque (ou vos enceintes)…</s>
    <s>Configuration du son/micro</s>
    <s>2 facons de configurer l'audio avec Ekiga :</s>
    <s>dans le menu Édition → Préférences → Audio → Périphériques . (ne marche pas toujours)</s>
    <s>dans le menu Édition → Assistant de configuration . (nécessite de re-saisir son mot-de-passe, mais fonctionne mieux)</s>
    <s>Trucs et astuces</s>
    <s>Pour pouvoir gérer des réglages de la carte son comme on le ferait avec alsamixer automatiquement lors de la réception d'un appel et mettre en pause les softs audios :</s>
    <s>http://wiki.ekiga.org/index.php/Audio setupAudio tricks ( Explications en Anglais )</s>
    <s>Ekiga fonctionne aussi sans webcam.</s>
    <s>Pour l’installation d'une webcam, veuillez vous reporter sur cette section de la documentation : webcams</s>
    <s>Est-ce que Ekiga reconnait ma webcam ?</s>
    <s>Pour tester la reconnaissance de la webcam par Ekiga , appelez le service &quot;Test Echo&quot; (sip:500@ekiga.net). Si tout va bien, l’image de votre webcam s’affiche. Si cela ne marche pas, vous verrez le logo d’Ekiga monter et descendre lentement…</s>
    <s>Configuration de la webcam</s>
    <s>2 facons de configurer la webcam avec Ekiga :</s>
    <s>dans le menu Édition → Préférences → Vidéo → Périphériques . (ne marche pas toujours)</s>
    <s>dans le menu Édition → Assistant de configuration . (nécessite de re-saisir son mot-de-passe, mais fonctionne mieux)</s>
    <s>→ v4l ou v4l2 ? Il est préférable d’utiliser v4l2, mais certains pilotes ne supportent que v4l.</s>
    <s>→ Si vous avez d’autres périphériques vidéo (carte TV, etc.), allez dans le menu Édition → Préférences → Vidéo → Périphériques , et changez le numéro du &quot;`canal`&quot; (0 ou 1 ou 2 ou …) jusqu’à tomber sur celui de votre webcam.</s>
    <s>Ekiga est capable d’utiliser STUN et ne devrait pas poser de problème même si vous êtes derrière un routeur ou un pare-feu.</s>
    <s>Toutefois, pour les utilisateurs avancés sur des configurations complexes, voici la liste des ports qu'Ekiga utilise :</s>
    <s>Protocole Port Type du port Usage</s>
    <s>5000 à 5100</s>
    <s>Signalisation SIP, port d'écoute : 5060</s>
    <s>3478 à 3479</s>
    <s>Traffic sortant vers les serveurs STUN</s>
    <s>Port d'écoute</s>
    <s>5000 à 5100</s>
    <s>gatekeepers H.323</s>
    <s>30000 à 30010</s>
    <s>Canal H.245 pour les vieilles implémentations d'H.323 (Netmeeting)</s>
    <s>Ekiga sur un réseau local (LAN)</s>
    <s>Pour que vos différents Ekiga puissent communiquer entre eux, vous pouvez utiliser un proxy SIP (par exemple : Siproxd), un PBX (par exemple Asterisk ,asterisk ) , ou encore utiliser Avahi.</s>
    <s>Configuration ekiga/asterisk : wiki ekiga</s>
    <s>Avahi est l'implémentation sur Linux du système zeroconf/bonjour/Rendezvous d'Apple pour MacOS X. Ce système facilite la découverte de services sur un réseau local. Voici une liste de programmes utilisant Avahi. Avahi permet le partage de musiques, films, fichiers…</s>
    <s>Pour installer Avahi sur votre réseau local, veuillez suivre cette documentation : ZeroConf.</s>
    <s>Testez : dans le « carnet d'adresse » (3ème bouton à gauche sur l'interface principale d'Ekiga),double-cliquez sur &quot;contacts à proximité&quot;. Les autres Ekigas de votre réseau local devraient y apparaître.</s>
    <s>Problèmes connus</s>
    <s>Ekiga est en anglais</s>
    <s>Toutes versions :ce bug est déclaré ici.</s>
    <s>Si vous utilisez Kubuntu, pensez à installer le paquet language-pack-gnome-fr.</s>
    <s>Problème de taille de video (vidéo écrasée dans la largeur)</s>
    <s>!FIXME indiquer rapport de bug et solution</s>
    <s>Ekiga monopolise la caméra même après fermeture</s>
    <s>Dans ces cas-là, il est fort probable que Ekiga plante totalement Ubuntu puisqu'un redémarrage n'est pas possible sans être passé par Windows, avoir changé le port de la webcam et redémarré le PC. (source)</s>
    <s>!FIXME indiquer l'url du rapport de bug.</s>
    <s>Fenêtre de dialogue trop petite (Ubuntu 8.04 LTS)</s>
    <s>Le première fois que vous démarrez Ekiga, l'Assistant de configuration apparaît. À l'étape 5, il détecte le type de NAT.</s>
    <s>Avec les Effets Visuels activés (Compiz), le fenêtre de dialogue qui donne le résultat est trop petite pour pouvoir la lire correctement.</s>
    <s>Pour pallier à ce problème, vous devez désactiver, au moins temporairement, les Effets Visuels.</s>
    <s>Depuis le menu Système, choisissez Préférences → Apparence → Effets Visuels. Choisissez &quot;Aucun&quot;.</s>
    <s>Relancez Ekiga.</s>
    <s>Ce bug est détaillé ici : https://bugs.launchpad.net/ubuntu/+source/ekiga/+bug/155638</s>
    <s>La qualité du son est très mauvaise</s>
    <s>Tout d'abord essayez de désactiver la suppression de l'écho et la détection du silence dans Édition → Préférences → Codecs audio . Rappelez le numéro d'écho sip:500@ekiga.net pour tester ces nouveaux réglages.</s>
    <s>Si cela ne marche pas, mettez à jour vers la version 3.0.1 Voir plus haut dans cette documentation.</s>
    <s>Vos interlocuteurs ne vous entendent pas bien</s>
    <s>Ouvrez alsamixer via un terminal et cochez la case &quot;mic boost&quot; à l'aide de la touche &quot;m&quot; de votre clavier.</s>
    <s>Erreur GConf au démarrage</s>
    <s>Vous avez l'erreur suivante :</s>
    <s>&gt; Gconf key error</s>
    <s>Ekiga got an invalid value for the GConf key &quot;/apps/ekiga/general/gconf test age&quot;.</s>
    <s>It probably means that your GConf schemas have not been correctly installed or the that permissions are not correct.</s>
    <s>Tapez ceci dans un terminal :</s>
    <s>killall -9 gconfd-2</s>
    <s>Relancez Ekiga.</s>
    <s>L'inscription a échoué : interdit</s>
    <s>Si vous avez mis à jour votre version d'Ekiga et bien que vous réutilisez votre compte sur la nouvelle version avec le bon mot de passe, vous avez ce message d'erreur :</s>
    <s>&gt; L'inscription a échoué : interdit.</s>
    <s>Vous avez peut-être besoin de supprimer votre ancienne configuration du système. Pour cela :</s>
    <s>Arrêter Ekiga.</s>
    <s>ekiga-config-tool --clean</s>
    <s>killall gconfd-2</s>
    <s>Démarrer Ekiga.</s>
    <s>Il se peut aussi que vous ayez choisi un mot de passe avec certains caractères spéciaux. Dans ce cas, veuillez simplifier votre mot de passe.</s>
    <s>Lorsque je cherche à joindre quelqu'un sur mon réseau local cela ne marche pas, mais je peux joindre le sip:500@ekiga.net</s>
    <s>Le serveur (par exemple ekiga.net) ne sert qu'à mettre les Ekigas (ou autres logiciels utilisant SIP) en relation. Lorsqu'on lance Ekiga, il se connecte au serveur (ekiga.net) qui met en relation la paire sip:votreadresse@ekiga.net et votre adresse IP. Lorsque quelqu'un cherche à vous joindre, il passe d'abord par le serveur en demandant l'adresse IP qui est associée à votre adresse SIP. Le serveur (ekiga.net) renvoie cette adresse IP à celui qui veut vous joindre. Ensuite le logiciel qui cherche à vous joindre vous contacte directement par votre adresse IP et les communications audio et video se font sans passer par le serveur.</s>
    <s>Ainsi, si lorsque vous vous connectez sur http://ekiga.net avec votre nom d'utiliateur et votre mot de passe, vous tombez sur une page avec ce tableau :</s>
    <s>Là par exemple, le serveur va renvoyer à ceux qui veulent me joindre cette adresse : sip:yannick@82.239.207.xxx:5061</s>
    <s>82.239.207.xxx est mon adresse IP (5061 est le port à utiliser en UDP).</s>
    <s>Là je simplifie un peu, car certains serveurs offrent la possibilité de faire passer la communication par leur « proxy », c'est-à-dire qu'il relaient les communications (c'est utile dans certains cas…). Mais ekiga.net ne fait pas cela.</s>
    <s>Votre problème est le suivant : comme vous êtes sur un réseau local (LAN), tous vos ordinateurs n'ont qu'une seule adresse IP pour internet, celle du routeur. Ekiga se configure automatiquement (grâce au méchanisme STUN) lorsque vous faites l'assistant de configuration lors de la première utilisation pour que l'addresse IP que votre ekiga va donner au serveur (ekiga.net) soit celle du routeur grâce à l'utilisation du méchanisme STUN. Mais comme vous cherchez à joindre quelqu'un sur votre réseau local ce n'est pas cette adresse IP qu'il vous faut, mais celle que votre ordinateur a sur le réseau local (LAN).</s>
    <s>Pour résoudre ce problème, il existe le système Avahi qui permet à tous les Ekigas de votre réseau local de découvrir automatiquement les autres Ekigas. Ensuite, ils apparaissent dans le carnet d'adresse d'Ekiga, dans « Contacts à proximité » ; il suffit alors de sélectionner le contact dans le carnet d'adresse et de faire un clic droit dessus pour l'appeler.</s>
    <s>Si ça ne marche pas directement, regardez à cet endroit : Avahi et configurez Avahi, cela doit vous permettre de contacter les Ekigas qui sont sur votre réseau local.</s>
    <s>En résumé, vous avez besoin d'Avahi pour contacter les Ekigas qui sont sur votre réseau local.</s>
    <s>Le méchanisme STUN vous sert pour contacter ceux qui sont sur Internet.</s>
    <s>La suppression de l'écho ne marche pas. J'utilise le micro de ma webcam et les enceintes/casque de ma carte son</s>
    <s>Le mécanisme de suppression de l'écho a besoin de synchroniser les sons du micro et ceux de votre casque (ou de vos enceintes). Pour cela il lui faut utiliser un seul pilote. Or si vous utilisez le micro de votre webcam vous utiliser un pilote USB pour le micro et un pilote PCI pour votre carte son. Dans ce cas, la suppression de l'écho ne peut faire la synchronisation proprement et ne marche pas comme attendu.</s>
    <s>Nous conseillons d'utiliser un casque avec micro intégré pour une meilleure qualité sonore.</s>
    <s>Essayez d'utiliser le CODEC AUDIO Speex 16 kHz et le CODEC VIDEO theora. (le résultat est parfois meilleur qu'avec le CODEC h264)</s>
    <s>Il suffit de désinstaller les paquets ekiga, opal et pwlib libpt.</s>
    <s>Voir aussi</s>
    <s>La documentation du logiciel en français : lancez Ekiga et appuyez sur F1 (nécessite le logiciel Yelp)</s>
    <s>Le site officiel d'Ekiga en anglais</s>
    <s>Le wiki officiel en anglais</s>
    <s>Besoin d'aide ?</s>
    <s>Merci d’utiliser la discussion &quot;Support Ekiga&quot; sur le forum ubuntu-fr.</s>
    <s>Vous pouvez aussi tester Ekiga et nous aider à l'améliorer en nous rejoignant sur ce forum:)</s>
    <s>Contributeurs: Yannick@AMD64.</s>
    <s>1) https://launchpad.net/~sevmek/+archive/ppa</s>
    <s>2) https://launchpad.net/~sevmek/+archive/ekiga-released</s>
    <s>ekiga.txtDernière modification: Le 02/08/2011, 18:53 par 85.1.109.106</s>
    <s>Le contenu de ce wiki est sous licence : CC BY-SA v3.0</s>
    <s>Modifier cette page</s>
    <s>Anciennes révisions</s>
    <s>Derniers changements</s>
    <s>Liens vers cette page</s>
    <s>Participer à la documentation</s>
    <s>Documentation hors ligne</s>
    <s>Telecharger Ubuntu</s>
    <s>Propulsé par Dokuwiki</s>
  </text>
</page>
