<?xml version="1.0" encoding="UTF-8"?>
<!DOCTYPE page SYSTEM "page.dtd">
<page>
  <lang>fr</lang>
  <url>http://www.emc-mec.ca/ev2011ve/fr/appel.html</url>
  <title>Appel de ... - EV 2011 VÉ – Electric Vehicle / Véhicules électriques</title>
  <snippet>
    <s>Conférence sur les véhicules électriques &amp; salon commercial 2011 leurs résumés d&#39;une liste complète d&#39;auteurs et confirmer l&#39;identité de la personne qui </s>
  </snippet>
  <text>
    <s>!EV 2010 VÉ</s>
    <s>Comités et organisations</s>
    <s>Programme de la Conférence</s>
    <s>Appel de communications</s>
    <s>Inscriptions &amp;</s>
    <s>À propos de Toronto</s>
    <s>Galerie photos</s>
    <s>Nous contacter</s>
    <s>Si vous êtes un conférencier, veuillez cliquer ici pour vous inscrire</s>
    <s>!EMC MEC</s>
    <s>Appel de communications</s>
    <s>Electric Vehicle Conference &amp; Trade Show 2011</s>
    <s>Conférence sur les véhicules électriques &amp; salon commercial 2011</s>
    <s>26 – 29 Septembre 2011</s>
    <s>Le Comité du programme technique invite pour la première fois cette année les acteurs de l’industrie, actuels et à venir, à envoyer un ou plusieurs résumés de présentations qu’ils envisageraient présenter dans le cadre de la conférence EV2011VÉ. Les résumés acceptés figureront dans le programme officiel de la conférence soit sous forme d’affiche ou de présentation orale. Nous vous invitons à suivre la procédure ci-dessous pour soumettre un résumé.</s>
    <s>La date limite pour l’envoi des résumés est fixée au 25 avril 2011.</s>
    <s>Soumission des résumés</s>
    <s>Vous devez soumettre le résumé en format Microsoft Word (.doc) ou Adobe Acrobat (.pdf), sans images ni tableaux, sur le portail en ligne des soumissions. Les délégués peuvent envoyer un ou plusieurs résumés de présentations pour la conférence.</s>
    <s>Les soumissionnaires doivent accompagner leurs résumés d’une liste complète d’auteurs et confirmer l’identité de la personne qui présentera. S’agissant des auteurs, vous devez indiquer leurs noms, l’institution au sein de laquelle ils travaillent, incluant la ville et le pays.</s>
    <s>Aucun changement ne sera possible après la date limite des envois le 25 avril 2011.</s>
    <s>Les résumés acceptés figureront dans une mise à jour du programme de la conférence (accessible en ligne) ainsi que dans le programme définitif qui sera distribué à la conférence.</s>
    <s>Instructions pour le résumé</s>
    <s>Inscrivez le titre en LETTRES MAJUSCULES.</s>
    <s>Le résumé ne doit pas dépasser 150 mots (sans compter le titre et le nom des auteurs).</s>
    <s>Les images ou tableaux ne sont pas acceptés</s>
    <s>Relisez attentivement le résumé avant de le soumettre.</s>
    <s>Note: nous invitons les soumissionnaires à utiliser le modèle Word que vous trouverez ici pour soumettre vos résumés.</s>
    <s>Pour voir les thèmes sous lesquelles vous pouvez soumettre votre résumé, consultez la page du programme de la conférence ou téléchargez la ici.</s>
    <s>Relecture et notification des auteurs</s>
    <s>Le Comité du programme technique passera les résumés en revue en avril. Vous serez informé d’ici le 5 mai 2011 par courriel de l’acceptation de votre résumé ainsi que du type de présentation retenu (présentation orale ou affiche). Seule le soumissionnaire sera notifié. La notification sera envoyée à l’adresse courriel figurant sur la soumission.</s>
    <s>La durée prévue des présentations orales est de 15 minutes. Une séance de questions/réponses sera prévue à la fin de la session.</s>
    <s>Les résumés acceptés seront publiés dans le programme définitif qui sera distribué aux participants inscrits au moment de la conférence. Ils seront également affichés sur le site internet de MÉC après la conférence. En soumettant leurs résumés, les auteurs consentent à ce que ceux-ci soient publiés dans les documents relatifs à la conférence.</s>
    <s>Présentations orales</s>
    <s>Les présentations orales seront réparties pendant les trois jours de la conférence. Les affiches seront présentées sur le lieu de la conférence. On demandera aux auteurs des présentations sur affiche d'être sur place à des fins de discussion pendant des périodes spécifiques de présentation d'affiches.</s>
    <s>Dates à retenir</s>
    <s>25 avril 2011</s>
    <s>Date limite d'envoi des résumés</s>
    <s>5 mai 2011</s>
    <s>Notification des acceptations et du type de présentation retenu (affiche ou présentation orale)</s>
    <s>11 juillet 2011</s>
    <s>Date limite des inscriptions et du règlement de leur frais par les présentateurs des résumés acceptés</s>
    <s>(C) 2011 Tous droits réservés EV 2011 VÉ Conférence et salon commercial | 26 au 29 septembre, 2011 | ALLSTREAM CENTRE TORONTO, ON CANADA</s>
  </text>
</page>
