<?xml version="1.0" encoding="UTF-8"?>
<!DOCTYPE page SYSTEM "page.dtd">
<page>
  <lang>fr</lang>
  <url>http://www.transmedialab.org/evenements/resume-de-la-conference-games-that-people-play/</url>
  <title>Transmedia Lab | Blog | Résumé de la conférence Games That ...</title>
  <snippet>
    <s>7 oct. 2009 Accueil &middot; Événements Résumé de la conférence Games That People Play. Evenement Pixel au Forum des Images ! Appel à projets transmedia </s>
  </snippet>
  <text>
    <s>Mémoriser Mot de passe ? ou retour</s>
    <s>S'inscrire S'identifier</s>
    <s>Études de cas</s>
    <s>Storytelling Transmedia</s>
    <s>Études de cas</s>
    <s>Le Lab</s>
    <s>App Transmedia</s>
    <s>Accueil!Événements!Résumé de la conférence Games That People Play</s>
    <s>Votez pour notre débat transmedia à SXSW: « les technologies au service du transmedia »</s>
    <s>DIY Days, la conférence gratuite dédiée au transmedia</s>
    <s>Follow us</s>
    <s>StoryWorld Conference</s>
    <s>Lieu : San Francisco</s>
    <s>Résumé de la conférence Games That People Play</s>
    <s>!Future Chess</s>
    <s>par Julien Aubert, publié le 7.10.2009</s>
    <s>Picnic est un festival qui réunit l'innovation technologique et la création sur un site où fourmillent les expériences et autres installations. Il en résulte une ambiance propice aux bonnes rencontres. Le 24 septembre 2009 à Picnic, la conférence Games That People Play a réuni quatre game-designers d'un autre genre. Flirtant avec la réalité alternée et l'interactivité, les initiatives ci-dessous décrivent en partie le champ des possibles du transmedia.</s>
    <s>La conférence commence par quelques citations: «Games are TV Time» et «les jeux nous apprennent que perdre n'est pas si grave et nous initient à la collaboration» (Henry Jenkins).</s>
    <s>Kevin Slavin,</s>
    <s>Nous jouons de plus en plus et la manière dont nous jouons a radicalement changé. Maintenant, les jeux utilisent la ville, des objets mobiles connectés. On joue à des jeux vidéo qui s ‘étendent dans la vraie vie (Rock Band, Wii). Enfin, on joue en mouvement (à pied, à vélo, parc de cabines téléphoniques d’une ville).</s>
    <s>Mobzombies, Upside Down On Demand</s>
    <s>Mardi Gras est une grande fête à la Nouvelle Orléans. On dit souvent que tout y devient sens dessus dessous (upside down) et un peu apocalyptique, même. Dans Mobzombies, vous êtes poursuivis par des zombies comme pendant Mardi Gras, sauf que tout reste virtuel. Une sorte de Pacman géant.</s>
    <s>The Soprano A&amp;E Connections, Area/Code</s>
    <s>Ce jeu fut conçu pour une première de la série The Sopranos. Une première étape consiste en la collecte de personnages et d’objets par mobile qui composent un plateau de jeu sur le web, un peu comme Cluedo. Ce qui permet alors de deviner ce qui va se passer pendant l’épisode. Vient ensuite la deuxième partie (voir vidéo, plus passive. Le plateau prend vie et reproduit en live ce qui se passe à la télé. Plus on a collecté d’objets et de personnages, plus on gagne de points. J’adore ce jeu car il nous emmène dehors, la ville devient notre terrain de jeu. Mais aussi car il utilise la télévision comme on devrait le faire plus souvent, en rendant interactive la diffusion télévisée traditionnelle qui profite peu des grands rassemblements. Kévin : «Le premier pas sur la Lune était plus un spectacle qu’autre chose. Il y a eu de la lumière, un vrai cameraman, un vrai show, un vrai moment, un prime time.» (photo d’un enfant qui regarde Armstrong à la télé).</s>
    <s>Spooks Code 9 : Liberty News, Sixt To Start</s>
    <s>Cette série proposée par la BBC se déroule en 2013. Liberty News est un site d’information créé pour étendre l’univers de la série. Les visiteurs peuvent lire des brèves du futur et contribuer. Pendant la diffusion télé, le site s’anime et relate des événements qui se produisent en live dans une réalité alternée, celle de la série. Il propose alors un casual game auquel on peut jouer sans téléviseur.</s>
    <s>Kati London BudgetBall est un sport nouveau puisqu’il a été créé pour sensibiliser à la croissance de la dette Américaine. On peut le qualifier de jeu sérieux de plein air. Comme pour le basket, le jeu est ponctué par des team briefings lors desquels les joueurs peuvent utiliser des avantages qui sont payés par des sacrifices réalisés avant ou pendant la partie. A la fin du match, si l’équipe a contracté des dettes lors de la partie, son score diminuera.</s>
    <s>Chain factor, numb3rs, area/code</s>
    <s>Un ARG autour de la série Numbers qui s'immisce dans la vie des joueurs, tout le temps, tous les jours. Ce jeu est un mélange savant entre casual games et ARG. Les joueurs sont plongés dans un monde fictif, celui de la série et doivent s’affronter entre chaque diffusion en jouant à des casual games très addictifs. Une communauté de casual gamers s’est ainsi créée. L’aspect alternatif est renforcé par des indices affichés sur tout le territoire américain.</s>
    <s>Facebook Parking Wars, Area/Code</s>
    <s>Ce social game a été imaginé par area/code pour la série «Parking Wars», et a rencontré un franc succès sur Facebook. Les joueurs gagnent des points en se garant légalement ou illégalement dans les rues virtuelles de leurs amis. La dynamique nous rappelle évidemment celle des jeux à succès sur Facebook : plus le joueur passe de temps à surveiller ses amis et sait être réactif, plus il gagne de points (1,3 millions de joueurs).</s>
    <s>Dan Hon, Sixt To Start</s>
    <s>Pour Dan, nous devrions développer des jeux connectés qui ne soient ni de la télévision, ni de la musique, ni des textes mais… quelque chose de différent, qui engage le public dans le temps, l’espace et les médias. Il souligne aussi que pour engager le joueur, il faudra donner vie à son monde à lui.</s>
    <s>Muse, Ununited Eurasia</s>
    <s>Une chasse au trésor organisée pour la sortie du dernier album de Muse, Eurasia. Une série d’énigmes et missions qui font référence au Grand Echiquier. Elle s'est déroulée sur le web et dans la vraie vie, de Paris à New York en passant par… l’Eurasie. Le but était de débloquer des parties du nouveau single du groupe. 200 000 visiteurs uniques en deux semaines, couverture sur 160 pays, plus de 50 000 téléchargements d’un MP3 exclusif.</s>
    <s>Smoke Screen, Sixt To Start</s>
    <s>Nous vous en avons parlé très récemment sur Fais Moi Jouer. Pour comprendre le jeu, Dan a utlisé l’exemple des problèmes rencontrés avec Facebook «tu changes ton statut de relation par erreur et la ta communauté se soulève». Smoke Screen, c'est de l'éducation aux risques informatiques par la pratique (learn by doing). Six To Start a imaginé un faux réseau social dans lequel les joueurs vont être confrontés à plein d’épreuves : hacking, phishing, vie privée, protection des données…</s>
    <s>Matt Adams, Blast Theory</s>
    <s>Les jeux nous rendent actifs, ils nous font faire des choses. Ils provoquent des émotions fortes : la peur, l’euphorie… A l’origine, les jeux sont sociaux. Tricher implique des excuses, collaborer demande de la confiance. Développer une expérience ludique, c’est trouver le bon mix entre le jeu proprement dit et d’autres activités comme pratiquer, tester, rechercher et partager.</s>
    <s>You Get Me</s>
    <s>Ce jeu est une quête personnelle fictive. Les joueurs se posent des questions dans un contexte alternatif. Un jeu basé sur la conversation : 8 ados courent vers l'Est de Londres pendant que 8 autres joueurs sont dans le centre, connectés à Internet. Ceux qui courent ont une quête à mener, l’autre groupe les supportera. Pour mener cette quête, les joueurs ont des conversations privées avec leurs partenaires.</s>
    <s>Fais Moi Jouer est le blog de référence sur les ARG (jeux en réalité alternée pour Alternate Reality Games). Il a été créé par Julien Aubert et Thomas Maillioux en 2009 afin de rassembler les joueurs et les créateurs d’expériences nouvelles de jeu dans le but de faire bouger les choses. Nous aimons tout ce qui joue avec les histoires, les lieux ou les nouvelles technologies. Contributeurs, auteurs, réalisateurs, organisateurs d'événements, tout le monde est bienvenu dans l’équipe.</s>
    <s>auteur Julien Aubert</s>
    <s>Julien Aubert s’est forgé une expertise des communautés et médias sociaux en développant des communautés pour Orange sur Second Life. Parallèlement, il crée Fais Moi Jouer avec Thomas. En 2010, il crée une agence de production transmedia, Bigger Than Fiction, centrée autour de son expertise en Experience Design. De l’élaboration du concept à la rédaction du scénario communautaire, Julien supervise la direction artistique de projets transmedia.</s>
    <s>2 réponses à &quot;Résumé de la conférence Games That People Play&quot;</s>
    <s>1. Le 7.10.2009 à 17:37, de Hervé C</s>
    <s>Compte rendu intéressant du state of art des jeux anglo saxons, mais il n'y a pas grand chose (je n'ai pas dit rien !:) ) dans la langue de Molière !!</s>
    <s>étant donné que les Français sont toujours aussi nul en anglais qu'il y a dix ans : http://www.lemonde.fr/societe/article/2009/08/25/les-etudiants-francais-toujours-aussi-nuls-en-anglais 1231684 3224.html</s>
    <s>cette partie du transmédia ne traversera ni la manche, ni l'atlantique, ou alors difficilement, comme les jeux de rôle.</s>
    <s>A quand des versions FR, VOSTFR ou mieux des jeux en Français ?</s>
    <s>(il y a eu can you stop it, mais depuis …)</s>
    <s>Connectez-vous pour répondre</s>
    <s>2. Le 7.10.2009 à 22:33, de Hervé C</s>
    <s>Quelques liens pour aller plus loin et pour ceux qui ne sont pas concernés par mon post précédent …</s>
    <s>http://www.argn.com/2009/09/not your ordinary picnic turning points part 2/more-2809</s>
    <s>http://www.argn.com/2009/10/not your ordinary picnic exploding media/more-2830</s>
    <s>Connectez-vous pour répondre</s>
    <s>Cliquez ici pour annuler la réponse.</s>
    <s>Vous devez être connecté pour rédiger un commentaire.</s>
    <s>!Transmedia Lab</s>
    <s>Le Transmedia Lab est un catalyseur de projets transmedia. Lieu d'exploration et d'audace, il réunit des acteurs issus d'univers différents : TV, cinéma, jeux vidéo, Internet et agit autour de trois priorités : formation à la culture et aux savoir-faire du transmedia, conseil et accompagnement de projets, développement d'outils pour la diffusion multi plates-formes : les app transmedia</s>
    <s>édité par Orange Vallée | propulsé par WordPress | conception par rezoactif</s>
    <s>mentions légales | nous contacter</s>
  </text>
</page>
