<?xml version="1.0" encoding="UTF-8"?>
<!DOCTYPE page SYSTEM "page.dtd">
<page>
  <lang>fr</lang>
  <url>http://ouvertsurlemonde.pagesperso-orange.fr/Choc%2520des%2520civilisations/R%25E9sum%25E9%2520conf%25E9rence%252014%2520novembre.htm</url>
  <title>Choc des civilisations</title>
  <snippet>
    <s>Odile Jacob, 1997)(en lire davantage sur le personnage) : pour résumer sa une vidéo d&#39;une conférence donnée par l&#39;auteur à l&#39;université du Massachussets . Une idéologie qui domine dans l&#39;administration fédérale des Etats-Unis et à la </s>
  </snippet>
  <text>
    <s>A qui profite le &quot;Choc des civilisations&quot; ?</s>
    <s>par Jean-François Niort, chercheur au Centre d'analyse geopolitique et internationale (CAGI) de l'UAG</s>
    <s>Texte et complements (avec liens electroniques et bibliographie) de la conference du 14 novembre 2003</s>
    <s>donnee dans le cadre des seminaires du CAGI a l'UFR SJE sur le campus de Fouillole</s>
    <s>(Voir aussi le Dossier &quot;Bush II&quot; - a partir de novembre 2004)</s>
    <s>la Fiche de suivi 2005</s>
    <s>Et la Fiche de suivi 2006</s>
    <s>Introduction :</s>
    <s>1) Les (principaux) auteurs de la theorie du &quot;choc des civilisations&quot; :</s>
    <s>Samuel P. Huntington : ce professeur (emerite aujourd'hui, il a 77 ans) de science politique a Harvard, specialise en Relations internationales, est un ancien membre du Conseil national de securite des Etats-Unis. Il a presente sa theorie dans des articles publies dans la revue Foreing Affairs en 1993 et 1996 repris dans un ouvrage au meme titre : The Clash of Civilizations and the Remaking of World Order (1996)(tr. fr. ed. Odile Jacob, 1997)(en lire davantage sur le personnage) : pour resumer sa these en quelques mots et dans l'optique de notre theme, on pourrait dire que l'auteur estime qu'il existe dans notre monde contemporain une grave division culturelle, au niveau des valeurs politiques , entre une aire qu'il appelle &quot;la chretiente occidentale&quot; et une autre aire (sans compter la civilisation asiatique), qui regroupe &quot;la chretiente orthodoxe et l'islam&quot;. Cette derniere aire culturelle n'a pas connu ni reçu les valeurs politiques fondamentales de la democratie representative occidentale (laicisation du politique, Etat de droit, pluralisme social, institutions parlementaires, individualisme juridique et politique, liberalisme economique), et tend a les refuser, les percevant comme un apport etranger nefaste, comme l'expression de l'occidentalocentrisme imperialiste, emanation d'un Occident par ailleurs effectivement &quot;arrogant et dominateur&quot;, comme le reconnait l'auteur. Cette division culturelle est dorenavant (c'est-a-dire apres l'epoque du &quot;choc des ideologies&quot;, terminee par la chute du modele communiste), aux yeux du politologue americain, la plus grosse source de conflits dans le monde, specialement entre les pays musulmans et les Etats-Unis. Sans etre aucunement un &quot;va-t'en-guerre&quot; (il etait par exemple hostile a l'intervention militaire en Irak, a la difference des neo-conservateurs, qu'on evoquera plus bas), il souhaite par consequent une solidarite politique et geopolitique entre les differents pays du camp occidental, et que le &quot;bloc islamique&quot; se stabilise autour d'un pays dominant (il voit volontiers la Turquie jouer ce role), de meme que le &quot;bloc asiatique&quot; est ou sera domine a terme par la Chine.</s>
    <s>Bernard Lewis : eminent orientaliste et islamologue de reputation mondiale, universitaire d'origine britannique installe aux Etats-Unis depuis 1974 (professeur honoraire a l'universite de Princeton), et tres implique politiquement aux cotes des neo-conservateurs etats-uniens. Avant meme la publication du Clash of Civilizations de Huntington, dans un article publie en 1990 par Atlantic Monthly , intitule &quot; The Roots of Muslim Rage &quot;, cet ancien responsable des services de renseignement britanniques envisageait une poussee de l'islamisme radical, provoquant a terme un &quot; clash des civilisations &quot;, c'est-a-dire un affrontement entre les USA et le monde arabo-musulman. Il pronostiquait alors la victoire americaine, la &quot; libanisation &quot; des États du Proche-Orient et le renforcement d'Israel. Voir plus globalement son analyse dans Que s'est-il passe? L'Islam, l'Occident et la modernite (tr. fr., ed. Gallimard, 2002), ou l'auteur developpe la these selon laquelle apres avoir domine le monde et connu &quot;mille ans de gloire&quot; du VIIIe siecle au XVIIIe siecle, la cloture du monde musulman sur lui-meme constitue la cause de son declin, un declin dans tous les domaines (economique, politique, social, scientifique). Sans evoquer l'impact negatif de la colonisation et de l'imperialisme petrolier, l'auteur affirme que le monde musulman porte seul la responsabilite de ce declin, et qu'il lui appartient seul d'en sortir (en integrant totalement les valeurs occidentales). Le theme du &quot;choc des civilisations&quot; est meme deja present chez Bernard Lewis des 1957 , dans son ouvrage Islam (tr. fr. ed. Gallimard, Quarto, 2005, spec. p.55).</s>
    <s>Voir une severe critique de ces positions par l'universitaire americain d'origine palestinienne Edward W. Said, professeur a l'Universite Columbia de New York, not. en juillet 2002 dans un article de la revue Harper's intitule &quot;Impossible histories : why the many islams cannot be simplified&quot;, ou l'auteur, apres avoir rappele, en effet, le caractere multiple et varie des differents visages de l'&quot;islam&quot;, evoque le &quot;desastre intellectuel et moral&quot; d'un &quot;pseudo-expert&quot; qui demeure &quot;loin de toute experience directe de l'islam&quot;, et plus generalement dans son celebre ouvrage Orientalism (1978, tr. fr. 1980), qui denonce la &quot;construction&quot; historique de l'&quot;Orient&quot; par les occidentaux. Voir d'autre part du meme auteur, sur la question palestienne, Entre Guerre et paix (tr. fr., Arlea, 1997). (Lire un entretien avec cet auteur (il est decede recemment, fin septembre) a propos de son oeuvre et de son engagement sur le site oumma.com et voir son site personnel : http://www.edwardsaid.org, sur lequel on trouve un lien avec un autre site offrant une video d'une conference donnee par l'auteur a l'universite du Massachussets en 1998 intitulee &quot; The Myth of 'The Clash of Civilizations' &quot;. (voir aussi infra, la Bibliographie)</s>
    <s>Voir aussi tout recemment l'article d'Alain Gresh, &quot;Bernard Lewis et le gene de l'islam&quot;, dans Le Monde diplomatique d'aout 2005 (derniere page). Celui d'Eric Conan dans L'Express du 23 mai 2005 (&quot;Lewis, pilier de l'Islam&quot;), est en revanche decevant, lenifiant et passant sous silence l'engagement politique de Bernard Lewis aupres des neo-conservateurs americains.</s>
    <s>Adde : A lire absolument, de l'ecrivain français d'origine libanaise Amin Maalouf, Les croisades vues par les Arabes (disponible en format poche), qui montre tres bien comment les mondes chretiens et musulmans n'etaient pas, des cette epoque, si homogenes et solidaires qu'on le croit </s>
    <s>2) Les differents types de reactions a cette theorie</s>
    <s>Rejet : on y souligne l'oubli de l'impact de la colonisation occidentale sur monde arabo-musulman et de la politique de soutien a la fois des dictatures autoritaires et des courants islamistes depuis annees 1950 pour contrer le developpement du nationalisme marxiste ou meme simplement democratique et liberal dans ces pays (ex. : Egypte avec soutien de la CIA aux Freres musulmans pour contrer le nasserisme, qui lui-meme reprimait les democrates modernistes) (Georges Corm ; Edward Said ; Emmanuel Sivan), ainsi que la diversite et les divisions &quot;nationales&quot; et culturelles propres au monde musulman, qui ne cadre pas avec la vision de Samuel Huntington fondee sur l'existence de civilisations homogenes et agissant en fonction de cette identite consciente et volontaire. Sans meme parler de l'opposition des Turcs et du monde arabe depuis le debut du XXe siecle (la Turquie est membre de l'OTAN et alliee militairement avec Israel), &quot; Tunisiens, Egyptiens ou Syriens n'eprouvent pas, dans leur immense majorite, le sentiment de vivre au sein d'entites provisoires dans l'attente du grand soir ou Al Qaida et son emir retabliront l'umma (communaute sans frontieres nationales) de l'age d'or. Ils se sentent autant tunisiens, egyptiens, ou syriens que musulmans. Non seulement il n'existe pas de solidarite entre les Etats des pays de culture musulmane (specialement l'Arabie saoudite - cf. infra), mais il n'existe pas davantage de solidarite entre les peuples musulmans au nom de cette foi commune : les habitants du Koweit n'ont pas accueillis a bras ouverts les Irakiens en 1990, et la &quot;guerre des civilisations&quot; attendues par les terroristes n'a eu lieu ni apres le 11 septembre ni lors des interventions americaines en Afghanistan puis en Irak &quot; (Patrice Gueniffey). Et la strategie recente d'Al Qaida consistant a se livrer au terrorisme au coeur des pays musulmans (Casablanca en mai 2003 ; Ryad en mai et novembre 2003 ; depuis l'ete en Irak) est assurement contre-productive en terme de popularite et montre encore une fois que les premieres et principales victimes du terrorisme islamique sont les musulmans eux-memes (cf. massacres perpetres par le GIA en Algerie) </s>
    <s>Acceptation partielle :</s>
    <s>- soit pour souligner immediatement la pregnance d'autres clivages, en l'occurrence la culture socio-sexuelle, celles des &quot;moeurs&quot;, plus que la culture politique, car si les enquetes mondiales revelent, contrairement a ce que pretend Huntington, que &quot; les peuples du monde arabe veulent, dans leur ecrasante majorite, la democratie &quot;, les exigences sociales de celle-ci ne sont pas reunies dans ces pays, a cause du conservatisme des moeurs en matiere d'egalite hommes-femmes et de liberalisation sexuelle (Etude World Values Survey, menee par l'Universite du Michigan en 1995-1996 et 2000-2002 sur plus de 70 pays) (Inglehart et Norris) Mais alors, pourrait-on objecter, si le conservatisme culturel en matiere de moeurs sexuelles serait caracteristique des societes musulmanes et constituerait la nouvelle ligne de fracture entre les civilisations (selon les auteurs precites), dans quelle &quot;civilisation&quot; placer la doctrine officielle de l'Eglise catholique, ou encore celle des conservateurs et fondamentalistes chretiens americains (cf. infra), qui condamne l'avortement, la contraception, et toute liberalisation en matiere sexuelle, et prone meme parfois la soumission de la femme a l'homme ?</s>
    <s>- soit pour constater des signes de tension, certes, mais pour refuser &quot;la fatalite de cette confrontation&quot;, pour inviter a lutter pour la disparition de cette tension Islam-Occident, heritee du passe colonial, notamment en cessant precisement les comportements neo-coloniaux (combattre &quot;en nous-memes la resurgence d'une arrogance et d'un delire de puissance occidentaliste&quot;), soutenir les musulmans modernistes, la creation d'un Etat palestinien viable (&quot;c'est crucial&quot;), et les reformes democratiques dans les pays musulmans (&quot;sans diktats ni maladresse dominatrice&quot;), aussi vrai qu'en plus de l'arrogance occidentale, c'est egalement les injustices sevissant au sein des pays arabo-islamiques &quot;qui y font de la haine de l'Occident un exutoire&quot;, etc , un role qui pourrait revenir a l'Europe, qui est dotee de &quot;l'intelligence historique&quot; necessaire (Hubert Vedrine) : &quot; il n'y aura pas de communaute internationale tant que nous n'aurons pas ecarte le spectre Islam-Occident, tant que nous n'aurons pas su lui oter toute justification et lui subsistuer un autre avenir de l'humanite, en nous liberant des siecles qui nous pre-determinent &quot;. (cf. dans Le Monde du 28 fevrier 2003)</s>
    <s>Troisieme type de reaction a la theorie de Huntington, type sur lequel on va s'arreter : l'instrumentalisation au service d'une ideologie politique et d'interets economiques particuliers, au nom de la sauvegarde (et de l'extension) de la civilisation liberale et de la democratie Une ideologie qui domine dans l'administration federale des Etats-Unis et a la Maison Blanche, meme si les discours officiels du president Bush tentent de le masquer (car ce discours n'est pas (pas encore ?) &quot;politiquement correct&quot; aux Etats-Unis) en distinguant &quot;les musulmans&quot; et &quot;les terroristes islamistes&quot; </s>
    <s>I. L'instrumentalisation de la theorie : les metteurs en scene et les acteurs du &quot;choc des civilisations&quot;</s>
    <s>1) Le courant &quot;neo-conservateur&quot; etats-unien, surtout depuis le 11 septembre (qui a mis le vent en poupe a cette theorie), mais dont les principaux acteurs (Paul Wolfowitz, James Woolsey - et meme Francis Fukuyama) fourbissent leur arguments et defendent leur programme geopolitique depuis l'ere Bush pere, voire l'ere Reagan : Hegemonie etats-unienne mondiale, guerre preventive, remodelage du Proche-Orient et extension mondiale (mais neo-coloniale) de la &quot;democratie&quot; (voir not. le texte de James Woolsey sur la &quot;quatrieme guerre mondiale&quot;). Ils financent d'ailleurs la chaire universitaire de &quot;Gouvernement&quot; qu'occupe Samuel Huntington a Harvard, et on peut rappeler au passage que ce dernier developpe lui-meme des points de vue tres conservateurs et elitistes sur la societe americaine depuis les annees 1950 : dans un ouvrage paru en 1957, The Soldier and the State , il a fait l'apologie d'une vision imperiale des USA et plaide pour la soumission de l'ordre democratique a une garde pretorienne composee de l'elite militaire etats-unienne. En 1975, il redige (pour la Commission trilaterale) un rapport consacre a l'evolution des USA intitule Crisis of Democracy . Il y preconise une societe plus elitiste, ou l'acces aux universites serait rarefie et la liberte de la presse controlee. Aujourd'hui, Huntington est la coqueluche de l'extreme droite US et ses theses sont en honneur depuis les attentats du 11 septembre.</s>
    <s>Ce courant est soutenu par des organisations, lobbies et &quot;think tank&quot; puissants ou influents (mais pas forcement tous neo-conservateurs) tels que :</s>
    <s>Le Washington Institute for Near East Policy (Winep) (deja ancien, fonde en 1985) : les deux principaux promoteurs de la guerre contre l'Irak, Richard Perle et Paul Wolfowitz, en furent des membres eminents, de meme que Daniel Pipes, &quot;une des voix americaines les plus hostiles aux Arabes et aux musulmans&quot; (Joel Beinin). Daniel Pipes, dirige d'ailleurs un autre &quot;think tank&quot;, le Middle East Forum, qui a fonde, avec Richard Kramer et Steven Emerson, un lobby, Campus Watch, qui s'est donne pour tache de &quot;denoncer&quot; les universitaires Americains specialistes du Proche et du Moyen Orient trop opposes a leur theses, &quot; qui ont souvent l'air de ne pas aimer leur pays &quot;, puisqu'ils sont souvent eux-memes &quot; des Arabes du Proche-Orient qui ont apporte leur ideologie avec eux &quot;. Recemment, Daniel Pipes a ete nomme par le president Bush membre du Conseil d'administration du United States Institute for Peace, fondation financee par le Congres et qui a pour tache de promouvoir la prevention et la resolution pacifique des conflits internationaux. Tache pour laquelle l'auteur n'est pas forcement le plus qualifie, au vu de ses prises de positions arabo et islamophobes, telles que celles qu'on retrouve dans un article de 1990 publie dans la National Review , ou l'auteur affirme que &quot; les societes d'Europe occidentales ne sont pas pretes a l'immigration massive de peuples a la peau sombre qui cuisinent des mets etranges et ont des regles d'hygiene differentes ( ). Mais les coutumes musulmanes sont les plus preoccupantes &quot; (Joel Beinin ; Dominique Vidal). Richard Kramer, membre du Winep et responsable de la revue du Middle East Forum (le Middle East Quaterly ), a publie en 2001 un texte incendiaire contre les specialistes americains du Proche-Orient qui se seraient montre incapables d'avertir le public americain des dangers de l'islamisme (sans aucunement remettre en cause le role et les lacunes du FBI et de la CIA). Quant a Steven Emerson, journaliste et realisateur, il avait realise en 1994 un documentaire proclamant que les Etats-Unis servent de base arriere aux terroristes islamistes ( Jihad in America ), et vient de publier un ouvrage en ce sens ( Les Terroristes qui vivent parmi nous ) (Joel Beinin).</s>
    <s>Le Conseil consultatif de la politique de defense (Defense Policy Board), compose de membres directement nommes par le Secretaire americain a la Defense (aujourd'hui Donald Rumslefd, avec son adjoint Paul Wolfowitz), qui, sous la presidence de Richard Perle, en juillet 2002, concluait apres un expose d'un chercheur d'un think tank proche (la Rand Corporation), Laurent Murawiec, que le monde arabe serait incapable de realiser les revolutions industrielles et numeriques et serait condamne a de perpetuelles crises politiques a cause du handicap que constitue la culture musulmane. Refusant d'admettre la faussete de l'islam, les Arabes retourneraient leur rage contre l'Occident, et particulierement contre les Americains. Depuis leur independance, les pays arabes n'auraient ete capables que de produire des guerres et de faire des enfants, de sorte que la poussee demographique tend a exporter dans le reste du monde leur crise de civilisation. Il n'y a rien d'etonnant, par consequent, a ce que ce monde barbare pour qui la violence tient lieu de politique ait accouche du terrorisme international. Et le Conseil de conclure que l'Arabie saoudite, hote des lieux saints et donc centre geographique de l'islam, constitue le &quot; noyau du mal &quot; et qu'il faut chasser la famille Al Saoud hors de ce pays pour ensuite le &quot;liberer&quot; et y instituer la &quot;democratie de marche&quot;. Proche du Likoud israen, Perle estime que la seule politique possible pour l'Occident, est celle d'un affrontement prolongt multiforme avec le monde arabe et musulman.(Voir aussi un article du Reseau Voltaire sur les liens de &quot;vassalite&quot; unissant les USA et l'Arabie saoudite et la diabolisation de celle-ci par une propagande mediatique deliberee orchestree par ces think tanks)</s>
    <s>Le Center for Security Policy (Centre pour la politique de securite), le &quot;think tank&quot; qui rassemble les principaux « faucons » etats-uniens, preside par Frank J. Gaffney Jr., ardent promoteur et defenseur de l'intervention militaire en Irak.</s>
    <s>L'American Enterprise Institute (plus recent), &quot;think tank&quot; egalement promoteur de l'intervention en Irak et de l'extension mondiale de la &quot;democratie de marche&quot; dont Richard Perle est membre, de meme, d'ailleurs, que le philosophe et essayiste français Jean-François Revel, qui en diffuse les theses (notamment l'Atlantisme, y compris, au besoin, en tentant de casser l'axe franco-allemand) en France. Cf. not. un article de Jean-François Revel dans Le Figaro en sept. dernier reprochant a la France d'etre anti-americaine a cause de ses reticences a suivre les Etats-Unis dans leur intervention en Irak et affirmant que le peuple irakien est foncierement incapable de se gouverner lui-meme et de construire une democratie, de meme que dans les autres pays islamiques, ou la seule vision admise est celle du Coran A propos des Europeens propageant ce genre de theses, on peut citer rapidement la &quot;gaffe planetaire&quot; de Sylvio Berlusconi et ses declarations sur la &quot;superiorite de la civilisation occidentale&quot; en septembre 2001, ou encore l'ecrivaine Oriana Fallaci celebre pour ses diatribes anti-musulmanes dans ses ouvrages </s>
    <s>L'Institute for American Values, connu aux Etats-Unis pour ses prises de positions contre l'avortement et la liberte sexuelle (il est lie a l'Opu dei), connu pour avoir ardemment collabore a la &quot;lutte contre le communisme&quot;, et qui par exemple a diffuse et fait publier en avril 2002 dans de grands journaux (y compris Le Monde ) un manifeste intitule Pourquoi les islamistes nous haissent-ils? , signe par 60 universitaires (dont Samuel Huntington), et a replique aux reactions indignees qu'il a suscite en publiant en aout 2002 un nouvel argumentaire encore plus radical presentant la guerre (preventive) non plus comme une juste replique aux attentats mais comme un devoir moral face a l'islamisme </s>
    <s>Mais aussi l'ensemble du lobby pro-israelien (en tout cas pro-Likoud), notamment l'American Israel Public Affairs Comittee (AIPAC) (voir plus bas)</s>
    <s>2) Les fondamentalistes chretiens, notamment du Sud, dont la famille Bush, mais surtout les pasteurs &quot;televangelistes&quot; Bill et Franklin Graham, puis Pat Robertson et Jerry Falwell, qui, depuis les attentats du 11 septembre, se sont faits une specialite d'attaquer en termes orduriers le &quot;criminel&quot; de Mahomet (Henri Tincq). Une ONG &quot;evangelique&quot; des freres Graham, d'ailleurs actuellement presente en Irak aux cotes des forces militaires americaines, va jusqu'a presenter l'Islam comme une &quot;religion malefique&quot;, dont tous les membres doivent etre convertis au christianisme .</s>
    <s>Encore plus radicaux : l'eschatologie des Baptistes du Sud (la seule eglise &quot;chretienne&quot; aux Etats-Unis ayant soutenu ouvertement la guerre en Irak), qui annonçe l'Armageddon entre chretiens et juifs contre les musulmans, qui seront ecrases en tant qu'impurs et egares (de meme que les Juifs eux-memes, dans un second temps, s'ils ne reconnaissent pas l'autorite de Jesus ).</s>
    <s>3) A cette alliance objective entre neo-conservateurs et fondamentalistes chretiens sur le theme du choc des civilisations s'ajoute celle des faucons du Likoud et de l'extreme-droite israelienne qui beneficent de puissants relais aux Etats-Unis : American Israel Public Affairs Committee (Serge Halimi), Winep et Jewish Institute for National Security Affairs (Jinsa), dont Dick Cheney (l'actuel vice -president des Etats-Unis) et d'autres membres de l'administration Bush, tel que Paul Wolfowitz, tres pro-israelien, etaient des conseillers jusqu'a 2000 (Joel Beinin) et dont Richard Perle est un membre eminent (voir plus bas).</s>
    <s>4) Convergences entre 1, 2 et 3 (de la politique a la theologie) : deux exemples de manifestations (rapportes par le Reseau Voltaire) :</s>
    <s>le congres de l' AIPAC a Washington en mars-avril 2003, manifestation de soutien au gouvernement Sharon et a sa politique qui etait destinee aux parlementaires americains (mais ou Paul Wolfowitz, Colin Powell et Condoleeza Rice, de meme que les sous-secretaires John Bolton et William Burns etaient aussi presents), et qui a commence avec une allocution de l'evangeliste Gary Bauer, ancien rival malheureux de Georges Bush aux primaires du Parti republicain : &quot; Dieu a donne la terre d'Israel au peuple juif ( ). nul, ni l'ONU, ni l'Union Europeenne, ni la Russie, ni quelque quartet ou trio que ce soit ne peut rien decider pour cette terre qui ne leur appartient pas &quot;, concluant qu'il serait &quot;obscene&quot; que l'administration Bush exige des efforts supplementaires du peuple d'Israel pour obtenir la paix. Ensuite, apres que le ministre des Affaires etrangeres du gouvernement Sharon, Sylvan Shalom, ait assimile le bombardement de Bagdad au chatiment de Dieu contre Babylone, citant le prophete Jeremie, le congres s'est termine par un gala offert par une association religieuse de soutien a Israel au cours duquel le procureur (attorney) general (ministre de la Justice) des Etats-Unis et ultra-conservateur John Ashcroft a dirige la priere aux cotes d'un rabbin et du pasteur &quot;televangeliste&quot; Jerry Falwell (voir supra).</s>
    <s>le &quot;sommet de Jerusalem&quot; (oct. 2003), qui a reunit tout recemment un areopage heteroclite de &quot;Faucons&quot; de l'elite politico-administrative americaine (not. du Center for Security Policy) (not. Daniel Pipes, Frank Gaffney Jr et Richard Perle) et de fondamentalistes americains, mais aussi de membres de l'extreme-droite israelienne (dont des ministres du gvt Sharon), et d'hommes d'affaires russes (!) autour du theme de la sauvegarde et de la promotion d'Israel en tant qu'&quot; alternative morale au totalitarisme oriental et au relativisme moral occidental &quot; Les liens entre le monde des affaires russe et Israel sont en effet assez etroits : sur les douze &quot;oligarques&quot; russes, sept sont juifs dont trois ont la double nationalite russe et israelienne. Cette situation s'explique par le role de conseil de la Fondation Hammer et de ses reseaux lors de la designation des oligarques par Boris Elstine. Quoi qu'il en soit, la question des liens des oligarques avec Israel et la diaspora rebondit avec la transmission par l'homme d'affaire Mikhail Khodorkovsky de ses pouvoirs de vote au conseil d'administration de Youkos a Lord Jacob Rothschild, president de Yad Hanadiv et de l'Institute for Jewish Policy Research. Mikhail Khodorkovsky a acquis une tres mauvaise reputation en peu de temps mais, grace a sa Open Russia Foundation, dont Henry Kissinger est l'un des administrateurs, il a finance genereusement diverses causes neo-conservatrices. Il a donc des liens avec des elements de l'administration Bush (comme R. Perle et D. Cheney) qui defendent aujourd'hui ses interets. Cela l'a pousse a croire qu'il etait intouchable et qu'il pouvait s'opposer a la revision des resultats des privatisations voulue par Poutine </s>
    <s>5) La plupart de ces institutions sont d'ailleurs liees entre elles, et partagent de nombreux membres communs. Richard Perle, par exemple, est a la fois membre de l'American Enterprise Institute (AEI) ; administrateur du Centre pour la politique de securite ; du Jewish Institute for National Security Affairs (JINSA) ; du Washington Institute for Near East Policy (WINEP) et membre du Conseil consultatif de la politique de defense (Defense Policy Board). Il est aussi directeur du quotidien Jerusalem Post , et membre du cabinet de relations publiques Benador Associates (qui a &quot;promu&quot; les deux guerres en Irak - cf. infra) Car le travail sur l'opinion publique passe aussi par les medias bien sur .</s>
    <s>6) A ces organismes s'ajoutent en effet des outils de communication de masse comme la chaine de television Fow News , du milliardaire Rupert Murdoch, proche de l'administration federale, et qui a tres efficacement promu la guerre en Irak aupres de l'opinion publique americaine : ainsi, une enquete du Program on International Policy Attitudes (PIPA) de l'universite du Maryland a revele que 80 % des telespectateurs de Fox News ont au moins une &quot;perception erronee&quot; des motivations de l'intervention militaire (lien Irak/Al Qaida, ADM trouvees en Irak et opinion mondiale favorable a la guerre), alors que les personnes declarant s'informer principalement en lisant la presse ecrite ne sont que 47 % dans ce cas, et que parmi les personnes qui n'ont aucune des trois perceptions erronees, seules 23 % soutiennent l'attaque de l'Irak, tandis qu'a l'inverse, 86 % des sondes qui croient les trois fausses informations sont favorables a la guerre.</s>
    <s>A mentionner aussi l'activite mediatique du cabinet de Relations publiques Benador Associates, qui a soutenu tres efficacement la premiere guerre en Irak (affaire des bebes en couveuses koweitiens), et ensuite la seconde, en etant quasiment la seule source des &quot;informations&quot; controversees (liens de Saddam Hussein avec Al Qaida ; ADM ; etc ) reprises par les grands mass medias, et en les repetant sans cesse, notamment par le seminaire organise le 4 fevrier 2003 a New York, la veille de la presentation des &quot;preuves&quot; contre l'Irak par Colin Powell au Conseil de securite de l'ONU, avec des interventions de Franck Gaffney et Richard Perle, qui ont d'ailleurs denonce au passage &quot;l'axe des sournois&quot; que la France et l'Allemagne avait constitue contre les Etats-Unis </s>
    <s>7) L'ensemble de ces discours et de cette politique temoigne d'une tres grave regression de l'Occident (qui renie ici ses propres valeurs) : on en revient au pire a un discours medieval de type fondamentaliste, moral et religieux (croisade contre les infideles et corrompus ; &quot;axe du mal&quot;), abandonnant le discours du droit international, projet des lumieres (Kant) incarne au XXe siecle (SDN + ONU), au mieux a une forme de neo-colonialisme condescendant et arrogant (exaltant les bienfaits de la &quot;civilisation liberale occidentale&quot;), tout aussi meprisant des regles du droit international (intervention militaire unilaterale des Etats-Unis qui se font octroyer un &quot;mandat&quot; sur l'Irak par l'ONU : processus identique qu'au temps de l'expansion coloniale occidentale fin XIXe-debut XXe siecles, specialement par la G.B. et la France) (Pierre-Jean Luizard)</s>
    <s>Le tout avec la complaisance de l'administration Bush et du president lui-meme (Michael Lind), comme le montre le cas du general William &quot;Jerry&quot; Boykin, haut fonctionnaire de l'administration Bush charge de la lutte contre le terrorisme, un fondamentaliste notoire, qui se considere comme un &quot;combattant de Dieu&quot;, qui estime que l'armee etats-unienne est une armee chretienne et que si Bush n'a pas ete choisi par une majorite d'Americains, il a, en revanche ete choisi par Dieu, qui affirme en public (en juin dernier) que Ben Laden, Saddam Hussein et Kim Jong Il detestent les Americains parce qu'ils sont chretiens, et qu'en effet ces derniers ne pourront vaincre qu'en combattant au nom de Jesus, car l'Amerique est une nation chretienne et que « Satan veut detruire cette nation », Boykin, enfin, qui considere l'Islam comme une religion blasphematoire, declarations qu'ont tente d'etouffer les discours apaisants de ses superieurs (Rumsfeld) - car certes il est encore politiquement incorrect (et juridiquement discriminatoire) d'attaquer directement et officiellement l'islam et les musulmans aux Etats-Unis, d'ou des &quot;excuses&quot; de Boykin, et la &quot;sortie mediatique&quot; de G. W. Bush fetant le ramadan debut novembre avec des musulmans americains (voir aussi le compte-rendu du discours presidentiel du 6 novembre). Mais Boykin n'a pas ete ni sanctionne, ni limoge, et Rumsfeld ne cache guere son soutien sur le fond a son subordonne .</s>
    <s>La complaisance de l'administration Bush (et du president Bush lui-meme) plus generalement revelee par le poids des neo-conservateurs et des fondamentalistes a la Maison-Blanche et dans les organes et institutions evoques plus haut, de meme que par la recurrence de leur thematique dans les discours et la politique du president Bush </s>
    <s>8) Et les islamistes radicaux ?</s>
    <s>Certes le &quot;Choc des civilisations&quot; fait aussi leur affaire et appuie leur projet politique (rejet valeurs occidentales, destabilisation des regimes arabo-musulmans en place) mais on oublie trop souvent a quel point ces mouvements, et specialement Al Qaida, sont profondement modernes , a la fois par leur maitrise de la technologie, leur aisance a evoluer dans le monde occidental, leur subjectivisme radical (qui &quot;cout-circuite&quot; la structure et les hierarchies religieuses traditionnelles) et leur mode de vie &quot;heroique&quot; hypertrophiant l'ego : &quot; Le terrorisme, ne l'oublions pas, c'est aussi un mode de vie qui ne comporte pas que des peines, surtout pour ses V.I.P., les assassins internationaux : argent facile, cartes bancaires, vraies ou fausses, a profusion, fringues cheres et pompes Gucci (je n'invente rien), voyages en avion et grands hotels (ou l'on passe plus facilement inaperçu), sans oublier les bouteilles de scotch en douce et meme, a l'occasion, quelques putains (comme celles qui aiderent Mohamed Atta et ses complices a traverser leur derniere nuit), tout cela mele aux jouissances d'une vie dangereuse et clandestine, avec, au bout, l'aureole du martyr aupres des disciples, puisqu'il y a necessairement au bout du chemin la prison, et, plus souvent, la mort &quot; (Patrice Gueniffey). L'islamisme radical est donc bien plus &quot;moderne&quot; qu'il n'y parait . Et que les tenants du &quot;Choc des civilisations&quot; voudraient nous le faire croire.</s>
    <s>De plus, en derniere analyse qui profite vraiment de la montee de l'islamisme radical ? N'est-ce pas les promoteurs occidentaux du choc des civilisations, qui apres avoir suscite, soutenu, arme les islamistes radicaux (FM en Egypte sous Nasser ; Hamas en Palestine jusqu'en 1992 au detriment de l'OLP ; Al Qaida not. en Afghanistan contre les Sovietiques puis le gvt pro-iranien Rabbani), en tirent maintenant argument pour imposer leur vision politique (s'appuyant sur la rhetorique : terrorisme = islamistes = haine des valeurs occidentales = menace d'attentats comme ceux du 11 Septembre, ou pire, utilisation des ADM = necessite d'intervenir militairement en Afghanistan, en Irak puis contre d'autres pays trop complaisants a leur egard) ?</s>
    <s>D'ailleurs, les veritables beneficiaires du &quot;Choc des civilisations&quot; ne sont pas toujours ses acteurs ou promoteurs les plus apparents </s>
    <s>II. Les veritables beneficaires du &quot;Choc des civilisations&quot;</s>
    <s>C'est plutot l'ensemble du systeme politico-capitaliste des Etats-Unis, qui ne pratique guere le choc des civilisations en son sein (mais le provoque a l'exterieur), qui s'accomode d'allies fideles comme la famille royale saoudienne (bien que le regime saoudien soit tres eloigne des &quot;valeurs occidentales&quot;), et qui cherche a instaurer un neo-colonialisme politico-economique (comme en Irak &quot;libere&quot;) sous couvert a la fois du discours de la &quot;lutte contre le terrorisme&quot; (nouveau leitmotiv apres la lutte contre le communisme) et de la rhetorique de l'extension mondiale de la democratie liberale </s>
    <s>1) Quelques exemples d'ordre general :</s>
    <s>La Famille Bush : Bush pere est membre du CA du groupe industriel d'armement Carlyle (il y detiendrait un portefeuille d'actions d'une valeur de 200 millions de dollars), dont son fils etait egalement actionnaire au moins jusqu'en 1994. Une fois elu president en 2000, G.W. Bush, fait passer par le Pentagone un contrat d'achat d'armes de 12 milliards de dollars avec Carlyle, pour des armes jugees depassees par les experts du Pentagone eux-memes(Michael Lind)</s>
    <s>Plus generalement, tous les hauts politiciens ou conseillers importants aux USA sont au moins millionnaires (Bush, Cheney, Powell, Rumsfeld, et meme Condoleeza Rice), et poursuivent (donc) une politique de millionnaires Plus encore : 6 des 8 candidats a la future election presidentielle americaine de 2004 sont milliardaires !</s>
    <s>Mais l'exemple le plus net de la connivence entre les organes politiques (decisionnaires et de pression) et les multinationales des Etats-Unis est peut-etre le cas de Bruce Jackson : ancien officier de renseignement militaire, il est embauche en 1993 par la compagnie americaine Lockheed Martin, premier producteur mondial d'armement, en tant que vice-president en charge de la strategie et de la communication, et charge de trouver de nouveaux marches pour la firme. Apres les pays d'Europe de l'Est, il &quot;cree la demande&quot; avec la guerre en Irak, qu'il va promouvoir de diverses manieres : membre actif de la direction du Parti republicain, au pouvoir depuis 2000, il a finance et conseille Georges W. Bush tout au long de sa campagne electorale, et sponsorise le Centre pour la politique de securite (Center for Security Policy), ardent promoteur de la guerre en Irak (voir supra). De plus, il a cree en decembre 2002 un Comite pour la liberation de l'Irak (Comittee of Liberation of Iraq), ou l'on retrouve, aux cotes de representants de l'industrie d'armement, Richard Perle et James Woolsey (voir plus haut), et qui, sous le discours &quot;democratique&quot;, a essentiellement pour but de pousser encore l'opinion publique americaine vers la guerre Qui sera une operation juteuse pour l'industrie americaine en general (marche de la &quot;reconstruction&quot;) et de l'armement en particulier, avec un budget militaire qui progresse sans cesse et qui approche les 390 milliards de dollars pour 2004 (50% des depenses mondiales environ), sans compter la rallonge budgetaire exceptionnelle de 87 milliards votee par le Congres en octobre 2003 pour l'Irak et l'Afghanistan !</s>
    <s>2) Illustrations en IRAK : au-dela de la rhetorique de la &quot;liberation&quot; du peuple irakien de la dictature de Saddam Hussein et de la prochaine restitution du pouvoir aux Irakiens :</s>
    <s>- la loi edictee par Paul Bremer autorisant la prise de controle total de secteur de l'economie irakienne par des groupes etrangers, dont les profits seront taxes au tarif le plus bas de la planete (lire l'article de Shirley Williams en ce sens), tout en declarant sans cesse, de meme que le president Bush, que le pouvoir et le pays seront bientot restitue entierement au peuple irakien qui a &quot;droit&quot; a la democratie (voir son discours du 6 novembre mentionne plus haut). Voir aussi la recente conference de presse de P. Bremer : &quot; Sur le plan de la securite, nous allons accelerer le transfert des responsabilites et de l'autorite aux Irakiens ; Il s'agit apres tout de leur pays et de leur avenir &quot; (samedi 1er novembre)</s>
    <s>- le scandale Halliburton, compagnie (not petroliere) dont le vice-president des Etats-Unis Richard &quot;Dick&quot; Cheney est l'ancien PDG et qui avait obtenu sans appel d'offre en avril dernier un contrat de 2 milliards de dollars pour la &quot;reconstruction&quot; (et la prise de controle petrolier) de l'Irak, et dont on vient d'apprendre (oct. 2003), qu'elle vend a un tarif exorbitant (2,75 dollars le gallon au lieu de 1,5 dollars) le petrole irakien a l'armee americaine sur place (aux frais des contribuables americains!)(en lire davantage). Dick Cheney et l'AIE qui n'hesitent pas par ailleurs a fausser des sondages realises aupres d'Irakiens pour justifier la presence americaine dans le pays (James Zogby)</s>
    <s>3) Mais au-dela de l'Irak, la plupart des &quot;Faucons&quot; americains ont des ambitions geopolitiques beaucoup plus larges, incluant le renversement de la monarchie saoudienne, le remodelage des frontieres du Proche et du Moyen-Orient, la deportation des Palestiniens en Jordanie ou en Irak (projet defendu not. par Richard Perle), la guerre contre la Syrie, contre l'Iran, etc . Vastes projets, plus ou moins fantaisistes, mais animes, derriere la rhetorique justificatrice de l'exportation de la democratie (a l'Americaine), la fameuse &quot;Quatrieme guerre mondiale&quot; (cf. James Woolsey supra), d'une volonte d'hegemonie imperialiste et neo-colonialiste a des fins essentiellement economiques, notamment energetiques et plus particulierement petroliferes </s>
    <s>4) En realite, d'ailleurs, c'est presque tout l'establishment politique americain qui est lie au lobby petrolier (meme les democrates en general et Clinton en particulier, dont la famille royale saoudienne, qui dispose de 150 milliards de dollars de revenu annuel, a finance la campagne electorale en 1992-1993), et donc au regime saoudien, pourtant aux antipodes des valeurs occidentales (aussi bien socio-culturelles que sexuelles et bien sur politiques), mais qui paragent avec la classe politico-economique des Etats-Unis un certain sens des affaires, un interet bien compris, et meme, surtout pour le Parti republicain, un certain puritanisme partage !</s>
    <s>Ainsi, au nom de l'interet economique petrolifere, on assiste a une alliance entre les USA et l'Arabie saoudite (depuis les annees 1930, renforcee en 1945), alliance qui s'est exprimee contre l'Irak (lors des deux &quot;guerres du Golfe, en 1990-1991 et en 2003), alors que ce dernier etait bien plus &quot;occidentalise&quot; (et longtemps soutenu par Washington d'ailleurs, au point que Ronald Reagan envoyait a Saddam Hussein son medecin personnel jusqu'a ce que le dictateur irakien menace trop directement les interets petroliers americano-saoudien en envahissant le Koweit apres avoir &quot;secoue&quot; l'OPEP et entrepris de libeller ses ventes de petrole en euros) : rappelons par exemple que c'est l'Arabie saoudite qui a paye la &quot;facture&quot; militaire de la premiere guerre du Golfe (55 milliards de dollars). Voir plus de details sur cette alliance americano-saoudienne contre nature (mais &quot;inter-civilisationnelle&quot;) dans l'article de Alain Gresh, &quot;Les grands ecarts de l'Arabie saoudite&quot;, Le Monde diplomatique , juin 2003, p.16-17. Mais voir un point de vue different dans un article du Reseau Voltaire sur les liens de &quot;vassalite&quot; unissant les USA et l'Arabie saoudite a cause du petrole et la diabolisation de celle-ci par une propagande mediatique deliberee orchestree par les think tanks ci-dessus.</s>
    <s>Ou est la logique et la coherence du &quot;choc des civilisations&quot; ici ? Certes, les neo-conservateurs sont plus coherents en souhaitant s'appuyer sur un Irak encore plus occidentalise (apres la chute du regime baasiste) et passe dans l'orbite des Etats-Unis pour se &quot;liberer&quot; de l'embarrassante alliance avec les Saoudiens, mais pour le moment le lobby petrolier pro-saoudien est encore bien trop puissant pour eux a preuve la &quot;purge&quot; par l'administration federale du rapport sur les attentats du 11 septembre publie en juillet 2003 en ce qui a trait a l'Arabie saoudite et au financement du terrorisme islamiste (28 pages restees blanches au nom de la &quot;securite nationale&quot;) et les liens etroits entre famille ben Laden et Etats-Unis : en effet, la famille ben Laden fait aussi partie du groupe Carlyle possede l'aeroport de Houston et l'un de ses membres (un frere d'Oussama) a complaisamment rachete (dans les annees 1990) les actions de Bush fils dont la compagnie petroliere etait en faillite </s>
    <s>5) Mais finalement, quoi de plus representatif de l'instrumentalisation de la theorie de Huntington que le personnage d'Oussama Ben Laden lui-meme, ancien collaborateur de la CIA, certes en indelicatesse avec une grande partie de sa nombreuse famille et avec le regime saoudien, certes devenu l'ennemi n°1 des Etats-Unis, mais qui est lui aussi ardent defenseur de la theorie du choc des civilisations, et qui detiendrait lui aussi une fortune enorme (evaluee a 2 milliard de dollars) et surtout qui, a lui tout seul, justifie toute la politique et la geopolitique economique actuelle des Etats-Unis (au nom de la &quot;lutte contre le terrorisme&quot;) !? N'est-il pas un metteur en scene et un acteur tres opportun du Choc des civilisations, tres utile a ceux qui, aux Etats-Unis, mettent egalement en scene et instumentalisent cette theorie ? (voir par ex. en ce sens les theses de Richard Labeviere). Citons en ce sens l'ancien ministre des Affaires etrangeres français Hubert Vedrine, affirmant que &quot; le traumatisme du 11 septembre 2001 ayant libere a l'encontre de l'Islam bien des inhibitions, une partie de l'Occident est ainsi disponible, voire candidate, pour exercer a nouveau notre seculaire &quot;mission civilisatrice&quot;, meme s'il y a controverse sur les moyens ; le recours aux armes effraye, mais pas, sous des noms a peine modernises, la recolonisation, les protectorats, les mandats &quot; (dans Le Monde du 28 fevrier 2003). (voir aussi les analyses de Tariq Ali, evoquees plus bas).</s>
    <s>Conclusion :</s>
    <s>En definitive, plutot que de parler de &quot;choc des civilisations&quot;, ou meme de &quot;choc des moeurs&quot; (Inglehart et Norris), ne serait-il pas plus pertinent d'evoquer un &quot;choc des fondamentalismes&quot;, d'une part le fondamentalisme islamique radical (aujourd'hui symbolise par le discours politique et ideologique du &quot;Front islamique mondial pour le Jihad contre les Juifs et les Croises&quot; - Al Qaida), d'autre part le fondamentalisme laique &quot;democratique et liberal&quot; des neo-conservateurs, appuye pour la circonstance sur le fondamentalisme chretien (protestant americain, d'un cote, et celui de l'aile dure de l'Eglise catholique d'autre part) et le sionisme radical de droite (aile dure du Likoud et extreme-droite laique et clericale israelienne) Dans tous les cas, le meme discours arrogant et unilateral, sur de son bon droit, ou plutot au-dela du droit , un discours moral (et/ou religieux) qui se veut au-dessus du politique et du juridique, et qui justifie, selon les besoins et les moyens de ceux qui l'utilisent, la violence et la negation de l'Autre, la guerre &quot;preventive&quot;, le terrorisme, l'occupation militaire d'un pays, la desinformation massive, etc </s>
    <s>Le terrorisme religieux est d'ailleurs present dans toutes les &quot;civilisations&quot;, sur tous les continents, et a ete particulierement actif dans les annees 1990, de la secte boudhiste japonaise de Shoko Asahara (gaz sarin dans le metro de Tokyo en 1995, 12 morts, 5000 blesses) aux extremistes juifs Baruch Golstein (qui assassina plus de 30 Palestiniens dans une mosquee de Hebron en 1994) et Ygal Amir (le jeune etudiant fanatique qui assassina son propre Premier ministre, Yitzhak Rabin, le 4 novembre 1995), en passant par les activistes hindous, ou sikhs, comme le jeune Dilawar Singh (20 ans) qui s'est fait exploser en pleine foule en 1995, dechiquetant 16 personnes dont sa cible, le Premier ministre pendjabi Beant Singh Sans oublier le reverend americain Mike Bray, fondamentaliste chretien et &quot;croise&quot; anti-IVG, incendiaire et auteur d'un livre appelant au meurtre des medecins pratiquant l'avortement (Mark Juergensmeyer).</s>
    <s>Ainsi le veritable choc des civilisations se trouverait plutot a l'interieur de chacune des aires culturelles que Samuel Huntington distingue, et le combat opposerait ces fondamentalismes &quot;occidentaux&quot; ou &quot;orientaux&quot; aux idees, tendances et personnes s'appuyant sur des valeurs reellement humanistes, liberales, de tolerance et de respect mutuel des differences de tous ordres (culturelles, religieuses, politiques, sexuelles, etc ).. Et le plus ironique est l'alliance objective de ces fondamentalismes pour susciter, maintenir et aviver les conflits, conflits qui les servent (et servent les interets de certaines puissances economiques) mais qui aboutissent toujours a (et sont justifies par) un mepris des valeurs d'humanite universelles Ce qui permettrait d'affiner encore la conclusion en avançant que le veritable &quot;choc des civilisations&quot; n'est en realite qu'un affrontement entre les differents fondamentalismes mondiaux (y compris un fondamentalisme &quot;capitaliste et liberal&quot;) d'une part, et les valeurs de La civilisation (au sens kantien ou freudien par ex.), d'autre part, c'est-a-dire l&quot;humanisme, le respect et la tolerance au benefice de tout etre humain, des valeurs que l'on retrouve d'ailleurs dans chaque &quot;civilisation&quot; (au sens huntingtonien), ce qui demontre leur caractere universel </s>
    <s>Voir dans certaines des directions de cette conclusion les analyses de Tariq Ali, journaliste et ecrivain auteur de Bush in Babylon : the Recolonisation of Iraq et de The Clash of Fundamentalisms : Crusades, Jihads and Modernity , et une tribune de la deputee palestinienne Hanan Hashrawi, recente laureate du Sidney Peace Price. Et surtout l'historien et journaliste Jacques Julliard, dans son ouvrage Rupture dans la civilisation : le revelateur irakien (Gallimard, 2003), qui souligne l'identite du discours fondamentaliste americain et islamiste radical </s>
    <s>Bibliographie evoquee (par ordre alphabetique, et outre les liens electroniques directement integres dans le texte ci-dessus) : (avec mises a jour ponctuelles pour les reeditions)</s>
    <s>¤ Tariq Ali, The Clash of Fundamentalisms : Crusades, Jihads and Modernity ; Bush in Babylon : the Recolonisation of Iraq , tr. fr., Bush a Babylone, ed. La fabrique, 2004.</s>
    <s>¤ Joel Beinin (professeur d'histoire a l'universite Stanford), &quot;Un &quot;think tank&quot; au service du likoud&quot;, Le Monde diplomatique , juillet 2003, p.13 (et &quot;Surveiller et informer&quot;, idem, p.12).</s>
    <s>¤ Georges Corm, L'Europe et l'Orient. De la balkanisation a la libanisation. Histoire d'une modernite inaccomplie , reed. La decouverte, 2002. Lire aussi un entretien avec l'auteur dans L'Express n° 2694, semaine du 27 fevrier au 5 mars 2003, intitule &quot;Il etait une fois le Moyen-Orient : le prix du colonialisme&quot; (p.92 et s.).</s>
    <s>¤ Alain Frachon et Daniel Vernet, &quot;Les maitres a penser de M. Bush. Neoconservateurs et fondamentalistes chretiens jouent un role essentiel dans l'elaboration de la politique americaine&quot;, dans Le Monde du 16 avril 2003.</s>
    <s>¤ Alain Gresh, &quot;Les grands ecarts de l'Arabie saoudite&quot;, Le Monde diplomatique , juin 2003, p.16-17. ; L'Islam, la republique et le monde , Fayard, 2004 ; &quot;Bernard Lewis et le gene de l'islam&quot;, Le Monde diplomatique , aout 2005.</s>
    <s>¤ Patrice Gueniffey, &quot;Genealogie du terrorisme contemporain&quot;, dans Le debat , n° 126, sept-oct. 2003, p.157 et s.</s>
    <s>¤ Serge Halimi, &quot;Le poids du lobby pro-israelien aux Etats-Unis&quot;, Le Monde diplomatique , aout 1989 ; et &quot;Aux Etats-Unis, M. Ariel Sharon n'a que des amis&quot;, Le Monde diplomatique , juillet 2003, p.12-13.</s>
    <s>¤ Samuel P. Huntington : The Clash of Civilizations and the Remaking of World Order (New York, Simon &amp; Schuster, 1996), tr. fr. aux ed. Odile Jacob, 1997, sous le titre Le Choc des civilisations (402 pages).</s>
    <s>¤ Ronald F. Inglehart et Pippa Norris, &quot;Le veritable choc des civilisations&quot;, dans Le debat (Gallimard), n° 126, sept-oct. 2003, p.76 et s. ; Rising Tide : Gender Equality and Cultural Change Around the World , New York, Cambridge UP, 2003.</s>
    <s>¤ Patrick Jarreau, &quot;L'obsession de Paul Wolfowitz&quot;, dans Le Monde du 29 janvier 2003.</s>
    <s>¤ Mark Juergensmeyer, Au nom de Dieu, ils tuentChretiens, juifs ou musulmans, ils revendiquent la violence , tr.fr., Paris, Editions Autrement, 2003.</s>
    <s>¤ Jacques Julliard, Rupture dans la civilisation : le revelateur irakien , Paris, Gallimard, 2003.</s>
    <s>¤ Martin Kramer, Ivory Towers on sand : The Failure of Middle Eastern Studies in America , Washington Institute for Near East Policy, octobre 2001.</s>
    <s>¤ Richard Labeviere, Les dollards de la terreur. Les Etats-Unis et les islamistes (Grasset, 1999) ; Les coulisses de la terreur (Grasset, 2003).</s>
    <s>¤ Bernard Lewis : &quot;The Roots of Muslim Rage&quot;, Atlantic Monthly , 1990, et Que s'est-il passe? L'Islam, l'Occident et la modernite , tr. fr., ed. Gallimard - Le debat, 2002. Voir aussi L'Islam en crise (tr. fr. de The Crisis of Islam. Holy War and Unholy Terror ), ed. Gallimard - Le debat, 2003 ; et le volume de plusieurs de ses oeuvres, Islam , Gallimard, Quarto, 2005. V. aussi Comment l'Islam a decouvert l'Europe ? (1982), tr. fr. La decouverte, 1984, reed. Gallimard, Tel, 2005.</s>
    <s>¤ Michael Lind, &quot;Georges W. Bush : la filiere texane&quot;, Le Debat , n° 126, sept.-oct 2003, p.90 et s.</s>
    <s>¤ Pierre-Jean Luizard, &quot;Irak : du premier au second mandat. L'effondrement d'un systeme postcolonial&quot;, dans Le debat , meme n°, p.62 et s.</s>
    <s>¤ Edward W. Said, Orientalism (New York, 1978, tr.fr. Seuil, 1980, sous le titre L'orientalisme. L'Orient cree par l'Occident , reed. 2005), et Entre guerre et paix, tr. fr., Arlea, 1997 ; &quot;Impossible histories : why the manys islams cannot be simplified&quot;, Harper's , juillet 2002. V. aussi Culture et imperialisme , tr. fr., Fayard, 2000.</s>
    <s>¤ Emmanuel Sivan, &quot;Le choc au sein de l'Islam&quot;, dans Le debat , n° 124, mars-avril 2003, p.137 et s. ; Radical Islam : Medieval Theology and Modern Politics , New Haven, Yale UP, 1985, et Mythes politiques arabes , tr. fr., Paris, Fayard, 1995.</s>
    <s>¤ Henri Tincq, &quot;Le conflit irakien a provoque le choc de deux fondamentalismes&quot;, dans Le Monde du 1er avril 2003.</s>
    <s>¤ Hubert Vedrine, &quot;Comment nier le choc Islam-Occident?&quot;, dans Le Monde du 28 fevrier 2003.</s>
    <s>¤ Barbara Victor, La derniere croisade. Les fous de Dieu version americaine , Plon, 2004.</s>
    <s>¤ Dominique Vidal, &quot;Croise de pere en fils&quot;, dans Le Monde diplomatique de mars 2003.</s>
    <s>¤ James Woolsey, &quot;L'Amerique va gagner la quatrieme guerre mondiale&quot;, dans Le Monde du 9 avril 2003.</s>
    <s>Complements :</s>
    <s>Dans son discours annuel sur l'etat de l'Union, le 20 janvier 2004, George W. Bush s'est presente comme le general en chef d'une nation en guerre. Le president a salue chaleureusement les 400 000 soldats qui luttent contre le terrorisme a travers le monde. Il a une nouvelle fois denonce « les terroristes qui continuent a comploter contre l'Amerique et le monde civilise » (on se souvient qu'il avait lance une &quot; croisade pour la democratie &quot; apres les attentats du 11 septembre). Sur le plan interieur, il s'est dit pret a amender la Constitution pour interdire le mariage gay et a affirme que ce n'est pas a l'État de redistribuer les richesses car cette question releve de la charite. (en lire plus sur http://www.reseauvoltaire.net/article12161.html)</s>
    <s>Voir le communique attribue a Al Qaida du 18 mars 2004 et souhaitant explicitement la reelection (en novembre 2004) de G.W. Bush qui, par son ignorance et son extremisme religieux, rend service a la cause islamiste radicale, &quot;car notre nation (islamique) a besoin d'un ennemi pour qu'elle se reveille&quot; (lire). Comme quoi les radicaux des deux bords sont bien des allies au moins objectifs !</s>
    <s>Mise en garde du FMI aux Etats-Unis : la dette exterieure atteint un niveau critique, sans precedent pour un pays industrialise et, selon le Fonds monetaire international, menace l'economie mondiale. L'economie nationale est devenue si dependante de l'industrie d'armement (le fameux &quot;complexe militaro-industriel&quot;) qu'elle condamne le pays a mener des guerres incessantes. (en lire plus sur http://www.reseauvoltaire.net/article11832.html).</s>
    <s>En 1961, le president Eisenhower declarait, dans son discours de fin de mandat, que « dans les conseils du gouvernement, nous devons prendre garde a l'acquisition d'une influence illegitime, qu'elle soit recherchee ou non par le complexe militaro-industriel ». Jugement de bon sens a mediter par les neo-conservateurs !</s>
    <s>16 juin 2004 : d'anciens diplomates et militaires de haut rang americains ont tire la sonnette d'alarme, publiant une lettre ouverte pour reclamer un changement politique au president Bush, inquiets, degoutes ou attristes par la diplomatie &quot;desastreuse&quot; de l'administration federale dans le monde (en lire plus).</s>
    <s>Etude troublante (juillet 2004) de Thierry Meyssan sur La doctrine strategique des Bush : le 11 septembre 1990, George Bush pere presentait au Congres sa vision d'un « nouvel ordre mondial » domine par les seuls États-Unis. Peu apres, il confiait a Dick Cheney et Paul Wolfowitz le soin de theoriser cette doctrine et d'en decliner les consequences diplomatiques et militaires. Interrompu par la parenthese Clinton (1993-2000), ce processus ideologique a ete relance par les attentats du 11 septembre 2001 et acheve par la publication par George Bush fils de la Strategie nationale de securite, le 11 septembre 2002 (acceder)</s>
    <s>Septembre 2004 : Alors que les États-Unis s'appretent a celebrer en pleine campagne electorale le troisieme anniversaire des attentats du 11 septembre 2001, une enquete realisee par l'institut de sondage Zogby international revele les doutes des New-Yorkais sur la version officielle de ces evenements. Selon cette etude, 49,3 % des habitants de New York City estiment que les dirigeants du pays « savaient a l'avance que des attaques etaient programmees le 11 septembre ou a cette periode, et qu'ils ont deliberement manque d'agir ». Un scenario qui rappelle le precedent historique de l'attaque japonaise sur Pearl Harbor, deliberement acceptee par Franklin Delano Roosevelt pour lui permettre d'engager les États-Unis dans la Seconde Guerre mondiale du cote des Allies. Le candidat alternatif Ralph Nader, qui a demande la creation d'une commission d'enquete citoyenne sur les evenements du 11 septembre, est le seul a avoir ose se rapprocher des positions defendues sur ce sujet par le Reseau Voltaire et, aux États-Unis, par le professeur David Griffin, auteur du New Pearl Harbor (Editions Interlink, 2004). (en lire plus)</s>
    <s>Frits Bolkestein, le dorenavant celebre commissaire europeen, publie un entretien dans Le Monde du 10 septembre 2004, a propos de l'adhesion eventuelle de la Turquie a l'Union europeenne : endossant pleinement les theses de Bernard Lewis et de Samuel Huntington, il y affirme que &quot;si cela devait arriver, la liberation de Vienne, en 1683, n'aurait servi a rien&quot; </s>
    <s>Voir l'ouvrage d'Alain Gresh, redacteur en chef au Monde diplomatique, qui demonte le &quot;phantasme occidental&quot; de la &quot;menace islamique&quot; et du &quot;choc des civilisations&quot;, dans L'Islam, la republique et le monde , Fayard, 2004.</s>
    <s>4 novembre 2004 : George W. Bush est reelu 44e president des Etats-Unis. Le tres fort taux de participation le prouve : les Americains s'interessent de nouveau a la politique, et notamment les religieux evangelistes et baptistes, qui ont soutenu le president sortant. G. W. Bush s'apprete a exercer un pouvoir quasi sans precedent : il est assure d'avoir une mainmise absolue sur le Congres et sur tout l'appareil institutionnel americain, en particulier judiciaire, puisque les Republicains ont encore accru leur score a la Chambre des Representants et surtout au Senat (Voir le Dossier &quot;Bush II&quot; - a partir de novembre 2004)</s>
    <s>Acceder a la Fiche de suivi 2005</s>
  </text>
</page>
