<?xml version="1.0" encoding="UTF-8"?>
<!DOCTYPE page SYSTEM "page.dtd">
<page>
  <lang>fr</lang>
  <url>http://www.europarl.europa.eu/parliament/expert/staticDisplay.do%3Fid%3D53%26pageRank%3D2%26language%3DFR</url>
  <title>La Conférence des présidents</title>
  <snippet>
    <s>La Conférence des présidents est l&#39;organe politique du Parlement européen l&#39; organisation des travaux du Parlement européen et la programmation </s>
  </snippet>
  <text>
    <s>!Parlement Européen</s>
    <s>Le Parlement</s>
    <s>Vos députés</s>
    <s>EP Live</s>
    <s>bg - български es - español cs - čeština da - dansk de - Deutsch et - eesti keel el - ελληνικά en - English fr - français it - italiano lv - latviešu valoda lt - lietuvių kalba hu - magyar mt - Malti nl - Nederlands pl - polski pt - português ro - română sk - slovenčina sl - slovenščina fi - suomi sv - svenska</s>
    <s>En détail</s>
    <s>Organisation et procédures</s>
    <s>Le Président du Parlement</s>
    <s>Organes politiques</s>
    <s>Secrétariat général</s>
    <s>Protection des données</s>
    <s>Documents de référence</s>
    <s>Rémunération et indemnités</s>
    <s>Fiches techniques sur l'Union européenne</s>
    <s>Table des matières</s>
    <s>Parlements nationaux</s>
    <s>Observation électorale</s>
    <s>Marchés et subventions</s>
    <s>Appels d'offres</s>
    <s>Marchés attribués</s>
    <s>Subventions accordées aux partis et aux fondations politiques</s>
    <s>Groupes d'intérêts accrédités</s>
    <s>Recherche par organisation</s>
    <s>Recherche par nom</s>
    <s>Organes politiques</s>
    <s>La Conférence des présidents</s>
    <s>La Conférence des présidents est l'organe politique du Parlement européen compétent pour</s>
    <s>l'organisation des travaux du Parlement européen et la programmation législative</s>
    <s>!l'attribution des compétences des commissions et des délégations et leurs compositions</s>
    <s>!les relations avec les autres institutions de l'Union européenne, les parlements nationaux et les pays tiers.</s>
    <s>La Conférence des présidents prépare le calendrier de l'Institution et l'ordre du jour des sessions plénières et procède à la répartition des places des députés dans l'hémicycle.</s>
    <s>La Conférence des présidents, sa composition</s>
    <s>La Conférence des présidents est composée du Président du Parlement et des présidents des groupes politiques.</s>
    <s>Un représentant des députés non-inscrits y siège également mais n'a pas le droit de vote.</s>
    <s>La Conférence des présidents prend ses décisions par consensus ou par vote pondéré en fonction de l'effectif des députés de chaque groupe politique.</s>
    <s>Consultez :</s>
    <s>!Article 24 du Règlement</s>
    <s>!La liste des membres</s>
    <s>Introduction Précédent</s>
    <s>Suivant Fin</s>
  </text>
</page>
