<?xml version="1.0" encoding="UTF-8"?>
<!DOCTYPE page SYSTEM "page.dtd">
<page>
  <lang>fr</lang>
  <url>http://www.cipprs.org/papers/VI/VI2003/foreword.html</url>
  <title>VI&#39;2003 On-line Proceedings: Foreword</title>
  <snippet>
    <s>Message du Président du Comité de Programme. Bienvenue à Halifax Les articles affiche présentés à la conférence sont aussi d&#39;excellente qualité. Les trois </s>
  </snippet>
  <text>
    <s>The 16th International Conference on Vision Interface</s>
    <s>June 11-13, 2003, Halifax, Canada</s>
    <s>Proceedings on-line</s>
    <s>Program Committee</s>
    <s>Table of Contents</s>
    <s>Message du President du Comite de Programme</s>
    <s>Bienvenue a Halifax et a la 16eme conference internationale Vision Interface (VI'2003)!</s>
    <s>La conference Vision Interface a toujours ete reputee comme un excellent forum pour la communication et l'apprentissage. Cette annee nous avons une excellente collection d'articles qui ont ete evalues par 3 arbitres. Le taux d'acceptation de la conference est 61%. Les articles affiche presentes a la conference sont aussi d'excellente qualite. Les trois conferences invitees sont donnees par des scientifiques renommes au niveau international. Elles portent sur les derniers developpements en analyse du mouvement, en vision de haut niveau et en neurosciences de la vision. Deux autres conferences : Artificial Intelligence (AI'2003) et Graphic Interface (GI'2003) sont tenues simultanement. Nous esperons que la conference VI'2003 sera pour vous une experience enrichissante et agreable.</s>
    <s>Comme a chaque annee, les meilleures contributions sont soulignees et reconnues. Deux prix, meilleur article et meilleur article d'etudiant, seront offerts lors du banquet. La selection est basee sur les commentaires des membres du comite de programme et sur la qualite de la presentation lors de la conference. De plus, les six a dix meilleurs papiers seront publies dans un numero special du International Journal of Robotics and Automation (Acta Press).</s>
    <s>Vu le grand nombre de contributions et le desir d'eviter des sessions paralleles, nous avons decide de reduire la duree des presentations a 20 minutes et d'organiser une session d'affiches (posters). Nous esperons cependant que ceci ne reduira pas le niveau d'interaction entre les presentateurs et l'audience, et que ça augmentera plutot la visibilite des articles aupres des participants. Nous sommes fiers de vous offrir les actes de la conference a la fois sur papier, sur CD-ROM ainsi qu'en version en-ligne sur le site web de Vision Interface www.visioninterface.org.</s>
    <s>L'organisation d'une conference est une tache qui necessite la collaboration de plusieurs personnes. Personnellement, j'aimerais remercier chaleureusement tous les membres du comite de programme de VI'2003 et mon co-president et responsable des inscriptions John Barron. Sans leur aide et leur collaboration, il n'aurait pas ete possible de produire des actes avec des articles de grande qualite dans un court delai de temps. Je remercie le president de CIPPRS Fathallah Nouboud, dont les conseils ont contribue au succes de la conference. J'aimerais aussi remercier David Nicol de Dartmouth College pour l'utilisation de son programme WIMPE pour gerer les soumissions des papiers et leur evaluation, et pour son aide pour surmonter les difficultes dues aux problemes de Perl dans la nouvelle version de Linux. Bien sur tous mes remerciements aux auteurs qui ont soumis un article, quil ait ete accepte ou non. Il faut noter que plus de la moitie des articles de la conference proviennent de lexterieur du Canada, representant la recherche de 15 pays differents. Ceci fait de Vision Interface une conference vraiment internationale. Merci beaucoup a toutes et a tous</s>
    <s>John S. Zelek,</s>
    <s>President de programme de VI2003</s>
    <s>University of Guelph, Guelph, Ontario, Canada</s>
    <s>Message from the Program Chair</s>
    <s>Welcome to Halifax and to the 16th International Conference on Vision Interface (VI'2003)</s>
    <s>Vision Interface conferences have always been known as an excellent forum for both networking and learning. This year we have an excellent collection of papers which have been triple reviewed by the program committee. The paper acceptance rate for the conference was 61 %. The posters being presented at the conference are also of excellent quality. The invited speakers this year are highly recognized international scientists and they cover the latest research trends in motion analysis, high level vision as well as the neuroscience of vision. Two other conferences: Artificial Intelligence (AI'2003) and Graphic Interface (GI'2003) are held jointly - we hope you will find the VI'2003 conference a rewarding and very enjoyable experience.</s>
    <s>As in the past, this year's special effort is devoted to acknowledging the quality of the contributions. Based on the reviewers' comments and the presentations given at the conference, two awards - for the best paper and for the best student paper - will be presented at the conference banquet. In addition, the best six to ten papers will be solicited for publishing in a special issue of the International Journal of Robotics and Automation (Acta Press).</s>
    <s>Because of the large number of submissions and the desire to keep the conference single-tracked, we have decided to reduce the presentation time to 20 minutes and to make one demo-poster session. We hope however that this would not decrease the level of interaction between the speakers and the audience, but in fact would only provide a wider exposure of the papers to the conference attendees. We are proud to bring you the proceedings on three different media: a paper hardcopy, a CD-ROM and an on-line version put on the Vision Interface website at www.visioninterface.org.</s>
    <s>The organization of a conference is a task that requires the collaboration of many people. I personally would like to thank warmly all members of the VI'2003 program committee and my co-chair and registration chair John Barron. Without their help and dedication it would not be possible to produce the proceedings of high-quality papers in such a short time frame. I also would like to thank CIPPRS's president Fathallah Nouboud, whose advice has contributed a lot to the success of the conference. I would also thank David Nicol of Dartmouth College for use of his WIMPE program for managing paper submission and review and his help in getting WIMPE running when it was determined that perl was buggy in the new version of Linux. And of course, many thanks go to all authors who submitted their papers, no matter whether their papers were accepted or not. It is worth noting that more than half of the conference papers are from outside of Canada, representing research of 15 different countries. This makes the conference truly international. Many thanks to all</s>
    <s>Have a great conference</s>
    <s>John S. Zelek,</s>
    <s>VI'2003 Program Chair</s>
    <s>University of Guelph, Guelph, Ontario, Canada</s>
    <s>Copyright (C) 2003 Vision Interface</s>
  </text>
</page>
