<?xml version="1.0" encoding="UTF-8"?>
<!DOCTYPE page SYSTEM "page.dtd">
<page>
  <lang>fr</lang>
  <url>http://confor.ca/</url>
  <title>Conférencier, formateur, motivateur, atelier vaincre peur en avion ...</title>
  <snippet>
    <s>Lors de nos ateliers pour vaincre la peur en avion, vous pouvez entendre le conférencier Commandant Piché vous donner plusieurs autres informations afin de </s>
  </snippet>
  <text>
    <s>A propos de nous</s>
    <s>Devenir conférencier</s>
    <s>Nos clients</s>
    <s>Bureau de conferenciers</s>
    <s>NOM D'UTILISATEUR</s>
    <s>MOT DE PASSE</s>
    <s>Se souvenir de moi Mot de passe oublie</s>
    <s>Comment bien dormir</s>
    <s>Pour avoir un bon sommeil et diminuer l'insomnie. (DVD)</s>
    <s>Lorne Beaudet - Livre audio (MP3) Rendez-vous heureux</s>
    <s>C'est un condense du livre original, lu par l'auteur.</s>
    <s>Le mieux-être par le rire.</s>
    <s>Ce best-seller vous aide a augmenter l'estime et la confiance en vous.</s>
    <s>Turbulence selon le conférencier Robert Piché</s>
    <s>5062 visonnements</s>
    <s>91 Votes(4.3)</s>
    <s>Par Conférencier Robert Piché dans peur , avion , commandant , Piché // 07-07-2010</s>
    <s>Nom de categogie: Peur en avion</s>
    <s>Le conferencier commandant Robert Piche est un conferencier reconnu, commandant de bord depuis plus de 40 ans, ayant reussi l'atterrissage d'urgence d'un Airbus A-330, nous explique comment le phenomene de la turbulence se produit. Le commandant Piche demystifie la ''poche d'air''. Lors de nos ateliers pour vaincre la peur en avion, vous pouvez entendre le conferencier Commandant Piche vous donner plusieurs autres informations afin de vous aider a vaincre cette peur de l'avion. Le conferencier formateur George Wright et la conferenciere therapeute Florence Beliard vous aideront a vaincre cette phobie de la peur en avion en vous expliquant le cote psychologique de la peur.</s>
    <s>Si vous etes interesse par un atelier et conferencier : Vaincre la peur en avion avec le conferencier Commandant Robert Piche, le formateur conferencier George Wright et la conferenciere therapeute Florence Beliard, rejoignez-nous des maintenant au: 418 622-2000 ou au 1-877-523-8647 poste 130 ou info@confor.ca</s>
    <s>Pourquoi choisir Groupe Confor?</s>
    <s>Vous desirez offrir une formation ou une conference a vos employes, avec le Groupe Confor, nous ajustons notre conference ou notre formation a votre realite d'entreprise.</s>
    <s>Pour un colloque, un congres, un evenement ou un diner-conference, nos conferenciers ou nos formateurs sauront faire de votre activite, une grande reussite.</s>
    <s>Nous representons que des conferenciers ou des formateurs qui ont ete vus par notre equipe et qui ont repondu a nos attentes et a ceux de nos clients.</s>
    <s>Cliquez ici pour consulter la liste des conferenciers.</s>
    <s>Cliquez ici pour consulter la liste des formations.</s>
    <s>Encore de bonnes raisons de choisir Groupe Confor</s>
    <s>Vous desirez voir un de nos conferenciers ou formateurs avant votre evenement, il nous fera plaisir d'organiser une rencontre avec le conferencier ou le formateur ou de vous permettre de le voir en action lors d'une activite. Le tout sans frais.</s>
    <s>Nous sommes reconnus comme agent de nos conferenciers ou nos formateurs. Vous ne payez aucuns frais supplementaires en passant par nous et en plus, nous pouvons vous aider dans l'organisation de votre evenement sans aucuns frais.</s>
    <s>Cliquez ici pour consulter la liste des conferenciers.</s>
    <s>Cliquez ici pour consulter la liste des formations.</s>
    <s>Vaincre la peur en avion</s>
    <s>Vaincre la peur en avion:</s>
    <s>Notre prochain atelier pour vaincre la peur en avion avec le commandant Robert Piche, le conferencier et formateur M. George Wright et la conferenciere Mme Florence Beliard, aura lieu:</s>
    <s>Montreal (dans les locaux d'Air Transat): Quebec: Gatineau:</s>
    <s>17 et 18 septembre 2011. 1 et 2 octobre 2011 22 et 23 octobre 2011.</s>
    <s>19 et 20 novembre 2011.</s>
    <s>Pour plus d'information, cliquez ici Pour voir des videos a propos de la peur en avion, cliquez ici</s>
    <s>De nouveaux conférenciers chez Confor.tv</s>
    <s>Toujours dans le but de vous offrir le meilleur des services et un plus grand eventail de conferenciers, Confor.tv est presentement en campagne de recrutement.</s>
    <s>De nombreuses surprises sont a venir, ceci avec de grands noms qui joindront les rangs des conferenciers de Confor.tv!</s>
    <s>Le Groupe Confor</s>
    <s>GINO GAUTHIER a dit (February 3, 2011 10:00:29)</s>
    <s>salut rené nous sommes revenu de cuba le 21 janvier , un voyage d'une semaine avec air transat ( tres gentil le personelle de transat) super aimer notre voyage, l'avion compris, bizare de se savoir a 41000 pied dans les airs, wow la vue est belle la plage aussi, merci de mavoir aider dans mon blocage GINO DE CHICOUTIMI</s>
    <s>Michelle Giroux a dit (January 11, 2011 21:05:38)</s>
    <s>Bonjour René, Georges, Florence, quel beau cadeau de pouvoir enfin après 18 ans d'attente (pour mon mari) que de pouvoir faire enfin notre voyage de noces dans le sud. J'étais sur une échelle de 1 à 10 pour la peur en avion à environ 13. Suite à votre séminaire sur la peur en avion et le vol de reconnaissance qui fût pour moi une délivrance et extraordinaire en même temps. Tout celà pour dire à tous ceux qui étaient comme moi claustrophobe et qui veulent vraiment s'en sortir eh bien vous avez trois personnes super compétentes. Ce fût libérateur mais je dois vous parler de mon voyage. Ayant suivi la thérapie et prit le petit avion il s'est écoulé environ 10 mois avant de faire le grand pas. Laissez moi vous dire que le CD de Georges Wright est un outil magique et avant l'embarquement je ne ressentais aucun stress. Je me suis endormie à tous les soirs durant une semaine et demi avec le cd et ça marche. J'ai passé NOEL à Punta Cana et je n'ai en aucun moment repensé que je devrais reprendre l'avion pour revenir à Québec. Alors je vous tire ma révérence et mon mari aussi. C'est vraiment un cadeau à moi de moi avec amour que je me suis offerte lors de mon inscription pour vaincre ma peur. Dès notre retour j'étais déjà prête à repartir n'importe où ??? Alors du fond du coeur, merci merci merci .Michelle Giroux de Beauport xxx</s>
    <s>Marie-Claire a dit (January 3, 2011 0:06:10)</s>
    <s>Les conférenciers sont-ils disponibles pour des conférences formations portant sur la communication et sur la peur en avion données lors de congrès qui auront lieux au cours de l'année?</s>
    <s>René Labrecque - January 4, 2011 11:40:40</s>
    <s>Bonjour madame Marie-Claire, Notre conférencier George Wright peut offrir des conférences sur la communication en français ou en anglais. Pour une conférence sur la peur en avion, c'est trois conférenciers qui font chacun leur partie, il y a le commandant Robert Piché, qui parle de l'aviation et de la météo, George Wright et Florence Béliard eux parlent de la psychologie de la peur en avion. Le commandant Piché peut aussi offrir une conférence sur la motivation. Vous avez juste à communiquer avec moi pour avoir plus d'information au: 1 877 523-8647 poste 130.</s>
    <s>Mario Lessard a dit (November 18, 2010 22:02:04)</s>
    <s>Merci pour l'information que j'ai trouvé en visionnant les vidéos sur la peur en avion. Le vidéo du commandant Robert Piché m'a aidé beaucoup. J'ai fait un voyage de Montréal à la Floride et j'ai tellement eu de turbulence que je me suis dit que je ne reprenais pas l'avion pour revenir, j'avais trop peur. Merci commandant Piché, car vos explications ont fait diminuer mon stress et j'ai pu reprendre l'avion pour revenir.</s>
    <s>Martine Levesque a dit (November 18, 2010 21:30:29)</s>
    <s>J'ai bien aimé les vidéos de Lorne BeaudetIl est touchant et si près de ses émotionsQuel beau partage de savoir et de vécuSuper</s>
    <s>POSTEZ VOS COMMENTAIRES</s>
    <s>VOTRE NOM</s>
    <s>VOTRE COURRIEL</s>
    <s>Vos commentaires</s>
    <s>Rechercher dans toutes les conferences</s>
    <s>Sens de la vie</s>
    <s>Peur en avion</s>
    <s>Santé globale</s>
    <s>Conférence motivation</s>
    <s>Voyage / aventure</s>
    <s>Juillet 2010 (16)</s>
    <s>Août 2010 (20)</s>
    <s>Septembre 2010 (2)</s>
    <s>Novembre 2010 (1)</s>
    <s>Conférencier Robert Piché</s>
    <s>Conférencier George Wright</s>
    <s>Conférencière Line Bolduc</s>
    <s>Conférencière Nicole Dumont</s>
    <s>Conférencier Jacques Martel</s>
    <s>Conférencière Nicole Cloutier</s>
    <s>Conférencière Diane Lépine</s>
    <s>Conférencière Nicole Gratton</s>
    <s>Conférencier Lorne Beaudet</s>
    <s>Conférencière Dr Nathalie Campeau</s>
    <s>Conférencier François-Guy Thivierge</s>
    <s>Frédérique Chatain</s>
    <s>Videos Populaires</s>
    <s>Turbulence selon le conférencier Robert Piché APERÇU</s>
    <s>Devenir commandant de bord selon le conférencier Robert Piché APERÇU</s>
    <s>Conférence sur la communication en milieu de travail APERÇU</s>
    <s>Peur en avion - Salut Bonjour APERÇU</s>
    <s>Différence entre un besoin et un désir selon le conférencier George Wright APERÇU</s>
    <s>Peur en avion - Psychologie de la peur selon le conférencier formateur George Wright APERÇU</s>
    <s>Le grand dictionnaire des malaises et des maladies. APERÇU</s>
    <s>Line Bolduc - Atteindre son poids santé et le conserver. APERÇU</s>
    <s>La relation en communication par le conférencier George Wright APERÇU</s>
    <s>Livre: Rendez-vous heureux APERÇU</s>
    <s>Dre Nathalie Campeau conférencière - L'énergie du coeur APERÇU</s>
    <s>Comportement humain dans la communication APERÇU</s>
    <s>Rire et plaisir au travail selon la conférencière Line Bolduc APERÇU</s>
    <s>Dépendance affective APERÇU</s>
    <s>Retrouvez la lumière par le conférencier Lorne Beaudet APERÇU</s>
    <s>Pouvoir de la pensée avec la conférencière Nicole Dumont APERÇU</s>
    <s>Videos reçentes</s>
    <s>Sabotage APERÇU</s>
    <s>L'Unique conférencier et motivateur François Guy Thivierge vous raconte ses Aventures Verticales APERÇU</s>
    <s>Peur en avion - Psychologie de la peur selon le conférencier formateur George Wright APERÇU</s>
    <s>Dre Nathalie Campeau conférencière - L'énergie du coeur APERÇU</s>
    <s>Cette semaine</s>
    <s>Ce mois-ci</s>
    <s>Bureau de conferenciers</s>
    <s>Service de Support Confor.tv</s>
    <s>Politique, sécurité et confidentialité</s>
    <s>Devenir conférencier</s>
    <s>Nos services</s>
    <s>Livre audio</s>
    <s>Conférence en ligne</s>
    <s>Selections video aleatoires</s>
    <s>A propos de nous</s>
    <s>(C) 2010 Confor.tv, .ca, .us | CONÇU ET DÉVELOPPÉ PAR : XemmeX</s>
  </text>
</page>
