<?xml version="1.0" encoding="UTF-8"?>
<!DOCTYPE page SYSTEM "page.dtd">
<page>
  <lang>fr</lang>
  <url>http://www.terreentiere.com/croisieres-culturelles/conferenciers-croisieres-culturels.aspx</url>
  <title>Terre Entière - Les institutions partenaires et les conférenciers de ...</title>
  <snippet>
    <s>Terre Entière s&#39;appuie toujours sur des conférenciers de très grand talent. Pour la plupart enseignants à l&#39;université, journalistes, anciens élèves d&#39;écoles d&#39;art </s>
  </snippet>
  <text>
    <s>!Voyages culturels</s>
    <s>!Voyages culturels</s>
    <s>Voyages culturels</s>
    <s>!Voyages culturels</s>
    <s>Croisières culturelles</s>
    <s>Pèlerinages et itinéraires spirituels</s>
    <s>Voyages sur mesure</s>
    <s>Qui sommes-nous ?</s>
    <s>Terre Entière :</s>
    <s>Les institutions partenaires et les conférenciers de nos croisières et voyages culturels</s>
    <s>I. Les institutions partenaires des croisières culturelles</s>
    <s>Afin de pourvoir à la qualité culturelle de tous nos circuits et croisières, Terre Entière s'appuie sur de prestigieuses institutions. Terre Entière a développé depuis quelques années des partenariats avec des institutions de recherche et d'enseignement. Réputées pour leur vénérable histoire et pour leur exigence sans cesse renouvelée d'être à la pointe de la science dans leur propre domaine, ces institutions veillent à pourvoir de leurs meilleurs chercheurs les circuits que nous concevons avec elles. Voici quelques-unes de ces institutions avec lesquelles nous travaillons pour la conception et la réalisation des voyages culturels de l'année 2007 :</s>
    <s>Institut du monde arabe (IMA)</s>
    <s>Institut de Relations Internationales et Stratégiques (IRIS)</s>
    <s>Muséum national d'Histoire naturelle</s>
    <s>!Terre Entière, voyages culturels</s>
    <s>Musée Guimet - Musée national des Arts asiatiques</s>
    <s>!Terre Entière, voyages culturels</s>
    <s>Centre franco-russe de recherche en sciences humaines</s>
    <s>et sociales de Moscou</s>
    <s>Les Sauveteurs en Mer (SNSM)</s>
    <s>Musée départemental Arles antique</s>
    <s>ACORAM et Revue Marine</s>
    <s>Trio Ernest Chausson</s>
    <s>Librairie La Procure</s>
    <s>Revue ÉTVDES</s>
    <s>Voici une liste plus exhaustive des institutions avec lesquelles Terre Entière a établi des partenariats pour enrichir la conception et l'animation de ses voyages culturels et de ses croisières dans les dernières années :</s>
    <s>Musée Guimet, École pratique des hautes études (EPHE), École des hautes études en sciences sociales (EHESS), Muséum national d'Histoire naturelle, Météo France, Musée du Louvre (département des Arts de l'islam), Musée de l'Arles et de la Provence antiques, Musée national de la Marine, Institut français de la Mer, Cluster Maritime Français, Centre d'Études et de Recherches Internationales (CERI, Sciences Po Paris - CNRS), Institut de relations internationales et stratégiques (IRIS), Observatoire du Religieux (IEP d'Aix-en-Provence), Le Monde diplomatique , Abbaye de Sylvanès, Institut Catholique de Toulouse, Institut Catholique de Paris, Conseil pontifical pour la promotion de l'unité des chrétiens, Institut dominicain d'études orientales (IDEO, Le Caire), Centre franco-russe de recherches en sciences humaines et sociales de Moscou, Centre de recherche d’Histoire et Civilisation de Byzance (Collège de France, CNRS), etc.</s>
    <s>II. Les conférenciers de nos croisières culturelles</s>
    <s>Terre Entière s'appuie toujours sur des conférenciers de très grand talent. Pour la plupart enseignants à l'université, journalistes, anciens élèves d'écoles d'art et d'histoire, nos conférenciers n'interviennent que sur les destinations qu'ils connaissent parfaitement. Passionnés par la destination de votre voyage, nos conférenciers consacrent au pays visité leurs recherches, leur enthousiasme, souvent leur métier. Au-delà de leurs connaissances académiques, leurs contacts vous permettent de découvrir un pays &quot;de l'intérieur&quot; et d'y faire des rencontres marquantes.</s>
    <s>!Terre Entière, voyages culturels</s>
    <s>Fayssal Abdallah</s>
    <s>Directeur du département d’histoire de l’Université de Damas. Il y enseigne le sumérien et l’akkadien et s’intéresse, dans ses travaux de recherche, à l’antiquité de la Mésopotamie</s>
    <s>!Terre Entière, croisières culturelles</s>
    <s>!Terre Entière, croisières culturelles</s>
    <s>!Terre Entière, croisières culturelles</s>
    <s>!Terre Entière, croisières culturelles</s>
    <s>!Terre Entière, croisières culturelles</s>
    <s>!Terre Entière, croisières culturelles</s>
    <s>!Terre Entière, croisières culturelles</s>
    <s>!Terre Entière, croisières culturelles</s>
    <s>!Terre Entière, croisières culturelles</s>
    <s>!Terre Entière, croisières culturelles</s>
    <s>!Terre Entière, croisières culturelles</s>
    <s>!Terre Entière, voyages culturels</s>
    <s>Véronique Benjamin</s>
    <s>Historienne de l'art, conférencière.</s>
    <s>!Terre Entière, voyages culturels</s>
    <s>Jean-Marie Blas de Roblès</s>
    <s>Archéologue et écrivain, membre de la Mission archéologique française en Libye, il a participé pendant 15 ans aux fouilles sous-marines de Leptis Magna et Apollonia.</s>
    <s>!Terre Entière, voyages culturels</s>
    <s>Pascal Boniface</s>
    <s>Directeur de l'Institut de Relations Internationales et Stratégiques (IRIS) et enseignant à l'institut d'Etudes européennes à l'Université de Paris VIII.</s>
    <s>!Terre Entière, voyages culturels</s>
    <s>François Bouée</s>
    <s>Conférencier, diplômé de l'Inalco (Institut National des Langues et Civilisations Orientales).</s>
    <s>!Terre Entière, voyages culturels</s>
    <s>Sandrine Brigault</s>
    <s>Géologue spécialiste en hydrologie et médiatrice scientifique au Développement Durable?</s>
    <s>!Terre Entière, voyages culturels</s>
    <s>Hélène Briones</s>
    <s>!Terre Entière, voyages culturels</s>
    <s>Gilles Cantagrel</s>
    <s>Musicologue, professeur, écrivain et conférencier. Spécialiste de Bach, du baroque et de la culture allemande.</s>
    <s>!Terre Entière, voyages culturels</s>
    <s>Béatrice Caseau</s>
    <s>Diplômée de l’École Normale Supérieure et agrégée d’histoire, spécialiste du christianisme ancien et médiéval.</s>
    <s>!Terre Entière, voyages culturels</s>
    <s>Marie-France Chabaud</s>
    <s>Historienne de l'art, spécialiste de l'art médiéval.</s>
    <s>!Terre Entière, voyages culturels</s>
    <s>Evelyne Charozé</s>
    <s>Spécialiste des pays slaves du sud.</s>
    <s>!Terre Entière, voyages culturels</s>
    <s>Jean-Claude Cheynet</s>
    <s>Professeur d’Histoire byzantine à l’Université de Paris IV. Directeur du Centre de recherche d’Histoire et Civilisation de Byzance.</s>
    <s>!Terre Entière, voyages culturels</s>
    <s>Marie-Christine Comte</s>
    <s>Conférencière, docteur en archéologie, chercheur associé à l'ArScAn (Archéologie et Sciences de l'Antiquité).</s>
    <s>!Terre Entière, voyages culturels</s>
    <s>Pierre Coussement</s>
    <s>Historien égyptologue, président de l'association d'égyptologie Ptah-hotep, enseignant pour Papyrus (Lille) et à l'Université des Aînés (Bruxelles).</s>
    <s>!Terre Entière, voyages culturels</s>
    <s>Olivier Cunin</s>
    <s>Docteur en sciences de l'architecture, spécialiste d'archéologie du bâti et de l'architecture khmère.</s>
    <s>!Terre Entière, voyages culturels</s>
    <s>Christine Darmagnac</s>
    <s>Historienne de l'art, conférencière.</s>
    <s>!Terre Entière, voyages culturels</s>
    <s>Katarina de Vaucorbeil</s>
    <s>Conférencière, spécialiste de l'Italie et du monde russe.</s>
    <s>!Terre Entière, voyages culturels</s>
    <s>Laurent Dellac</s>
    <s>Diplômé de l'École du Louvre et d'études approfondies d'histoire de l'art à la Sorbonne.</s>
    <s>!Terre Entière, voyages culturels</s>
    <s>Arnaud Duhard</s>
    <s>Conférencier, diplômé d'histoire, spécialiste de l'Égypte.</s>
    <s>!Terre Entière, voyages culturels</s>
    <s>Guillaume Durand</s>
    <s>Diplômé en histoire et histoire de l'art, spécialiste de l'Europe centre-orientale.</s>
    <s>!Terre Entière, voyages culturels</s>
    <s>Marc Élie</s>
    <s>Titulaire d'un doctorat en histoire (EHESS, 2007), chercheur au CNRS, spécialiste de l’histoire de l’URSS et de la période stalinienne.</s>
    <s>!Terre Entière, voyages culturels</s>
    <s>Annie Epelboin</s>
    <s>Maître de conférences à l’université Paris VIII, spécialiste de l’écrivain Andreï Platonov et de la littérature russe post-révolutionnaire.</s>
    <s>!Terre Entière, voyages culturels</s>
    <s>Elisabeth Ferrier</s>
    <s>!Terre Entière, voyages culturels</s>
    <s>Chantal Forest</s>
    <s>Historienne, docteur en archéologie, spécialiste de l'Ukraine et de la Russie.</s>
    <s>!Terre Entière, voyages culturels</s>
    <s>Blandine Gautier</s>
    <s>Diplômée de l'EHESS (École des Hautes Études en Sciences Sociales), spécialiste des civilisations pré-colombiennes.</s>
    <s>!Terre Entière, voyages culturels</s>
    <s>Michèle Grange</s>
    <s>Conférencière, spécialiste du monde gréco-romain.</s>
    <s>!Terre Entière, voyages culturels</s>
    <s>Jean-Paul Guimbelot</s>
    <s>Conférencier, spécialiste de l'Italie.</s>
    <s>!Terre Entière, voyages culturels</s>
    <s>Alain Hübsch</s>
    <s>Archéologue et chercheur. Il a conduit des chantiers de fouilles sur de nombreux sites en Israël.</s>
    <s>!Terre Entière, voyages culturels</s>
    <s>Sabine Klein</s>
    <s>Conférencière, spécialiste de l’Europe centrale.</s>
    <s>!Terre Entière, voyages culturels</s>
    <s>Catherine Lambert-Gay</s>
    <s>Ancienne élève de l'École du Louvre.</s>
    <s>!Terre Entière, voyages culturels</s>
    <s>Richard Lebeau</s>
    <s>Égyptologue et historien spécialiste des religions anciennes du Proche-Orient.</s>
    <s>!Terre Entière, voyages culturels</s>
    <s>Hélène Le Saout</s>
    <s>Historienne de l'art.</s>
    <s>!Terre Entière, voyages culturels</s>
    <s>Anna Leyloyan</s>
    <s>Docteur de l'EPHE (École Pratique des Hautes Études), spécialiste de la civilisation arménienne.</s>
    <s>!Terre Entière, voyages culturels</s>
    <s>Pierre Lory</s>
    <s>Directeur du département scientifique des Études arabes, médiévales et modernes à l’Institut Français du Proche-Orient (Damas).</s>
    <s>!Terre Entière, voyages culturels</s>
    <s>Jean-Jacques Maffre</s>
    <s>Professeur de Littérature et Civilisation grecques à la Sorbonne. Membre de la Mission archéologique française en Libye.</s>
    <s>!Terre Entière, voyages culturels</s>
    <s>Sophie Magerand</s>
    <s>!Terre Entière, voyages culturels</s>
    <s>Frédéric Mandon</s>
    <s>Conférencier, diplômé d'histoire de l'art et d'archéologie, doctorant en lettres et en art.</s>
    <s>!Terre Entière, voyages culturels</s>
    <s>Henri Marchal</s>
    <s>Conservateur général honoraire des Musées de France.</s>
    <s>!Terre Entière, voyages culturels</s>
    <s>Roger Mennesson</s>
    <s>Titulaire d’un DEA de Japonais, il a vécu pendant vingt ans au Japon.</s>
    <s>!Terre Entière, voyages culturels</s>
    <s>Olivier Mignon</s>
    <s>Ancien élève de l'École du Louvre, diplômé d'art de la Sorbonne.</s>
    <s>!Terre Entière, voyages culturels</s>
    <s>Barah Mikaïl</s>
    <s>Directeur de recherche à la FRIDE (Fundación para las Relaciones Internacionales y el Diálogo Exterior, Madrid) après avoir été directeur de recherches à l’IRIS (Institut de relations internationales et stratégiques, Paris). Spécialiste de l’Afrique du Nord et du Moyen-Orient.</s>
    <s>!Terre Entière, voyages culturels</s>
    <s>Jean-Marie Monier</s>
    <s>Iconographe, spécialiste des pays baltes.</s>
    <s>!Terre Entière, voyages culturels</s>
    <s>Danielle Monsimier</s>
    <s>Conférencière et journaliste.</s>
    <s>!Terre Entière, voyages culturels</s>
    <s>Hameed Nasser</s>
    <s>Chercheur en sciences politiques et consultant pour l’ONG diplomatique, International Crisis Group, missionné par le franco-américain Robert Maley, il enquête sur le terrain, de Bagdad à la ville sainte de Nadjaf, de Bassora au Sud à Mossoul et dans le Nord Kurdistan. Auteur de Revoir Bagdad .</s>
    <s>!Terre Entière, voyages culturels</s>
    <s>Jeanne Nguyen</s>
    <s>Ancienne élève de l'École du Louvre, diplômée d'archéologie orientale à la Sorbonne.</s>
    <s>!Terre Entière, voyages culturels</s>
    <s>Ghislaine Paillet</s>
    <s>Conférencière, diplômée d'histoire de l'art et d'archéologie à la Sorbonne.</s>
    <s>!Terre Entière, voyages culturels</s>
    <s>Isabelle Pons</s>
    <s>Conférencière, diplômée de l’École du Louvre.</s>
    <s>!Terre Entière, voyages culturels</s>
    <s>Martine Prat</s>
    <s>Historienne de l’art, conférencière.</s>
    <s>!Terre Entière, voyages culturels</s>
    <s>Marie-Dominique Quemereuc</s>
    <s>Doctorante en égyptologie à la Sorbonne, spécialiste des civilisations antiques du Proche-Orient.</s>
    <s>!Terre Entière, voyages culturels</s>
    <s>Jean Radvanyi</s>
    <s>Géographe, Professeur des Universités à l’INALCO. Directeur du Centre franco-russe de recherche en sciences humaines et sociales de Moscou.</s>
    <s>!Terre Entière, voyages culturels</s>
    <s>Catherine Rambaud</s>
    <s>Socio-économiste et historienne.</s>
    <s>!Terre Entière, voyages culturels</s>
    <s>Daniel Rousseau</s>
    <s>Écrivain et historien de l'art. Spécialiste des cultures slaves.</s>
    <s>!Terre Entière, voyages culturels</s>
    <s>Gérard Rovillé</s>
    <s>Ethnologue, conférencier.</s>
    <s>!Terre Entière, voyages culturels</s>
    <s>Claude Sintes</s>
    <s>Conservateur en chef du patrimoine, directeur du Musée départemental Arles antique, ancien membre du Conseil National de Recherche Archéologique, chercheur associé au Centre Camille Jullian (CNRS).</s>
    <s>!Terre Entière, voyages culturels</s>
    <s>Bernard Sohet</s>
    <s>Docteur en histoire de l'art, archéologie et musicologie.</s>
    <s>!Terre Entière, voyages culturels</s>
    <s>Catherine Sudre</s>
    <s>Archéologue, docteur en histoire de l'art, spécialiste du Moyen Orient.</s>
    <s>!Terre Entière, voyages culturels</s>
    <s>Danie Tissandier</s>
    <s>Historienne de l'art.</s>
    <s>!Terre Entière, voyages culturels</s>
    <s>François Vaillant</s>
    <s>Philosophe et historien. Spécialiste du Proche-Orient.</s>
    <s>!Terre Entière, voyages culturels</s>
    <s>Maria Xenaki</s>
    <s>Doctorante à l’Université de Paris I. Spécialisée dans l'étude de l’art byzantin, notamment de l’art paléochrétien et des oeuvres artistiques des &quot;siècles obscurs&quot; (VIIIe – IXe siècles) de Byzance.</s>
    <s>!Terre Entière, voyages culturels</s>
    <s>Elisabeth Yota</s>
    <s>Docteur en histoire de l’art et d’archéologie, Maître de Conférences Associé à l’Université Paris I Panthéon-Sorbonne. Spécialiste de l'art byzantin.</s>
    <s>!Terre Entière, voyages culturels</s>
    <s>Béatrice Vaida</s>
    <s>Historienne de l’art, conférencière spécialiste de l’Europe Centrale.</s>
    <s>Accès aux croisières de Terre Entière</s>
    <s>Terre Entière, le voyage culturel - Voyages culturels, croisières culturelles, pèlerinages chrétiens - 10 rue de Mézières - 75006 Paris - Tél. : 01 44 39 03 03 - Fax : 01 42 84 18 99**</s>
  </text>
</page>
