<?xml version="1.0" encoding="UTF-8"?>
<!DOCTYPE page SYSTEM "page.dtd">
<page>
  <lang>fr</lang>
  <url>http://www.slideshare.net/proetco/confrence-atelier-le-commercial-oubli-1</url>
  <title>Conférence-Atelier: &quot;60min pratique : Se développer en restant rent...</title>
  <snippet>
    <s>6 oct. 2011 Conférence-Atelier: &quot;60min pratique : Se développer en restant rentable&quot; Login to your email and click the link to download the file directly. </s>
  </snippet>
  <text>
    <s>SlideShare. Present yourself.</s>
    <s>Login or Signup</s>
    <s>Go Pro</s>
    <s>Conférence-Atelier: &quot;60min pratique : Se développer en restant rentable&quot;</s>
    <s>1 week ago</s>
    <s>Favorited ×</s>
    <s>Copy and paste this code into your blog or website Copy Customize Without related content Start from slide number 1 2 3 4 5 6 7 8 9 10 11 12 13 14 15 16 17 18 Size (px) 460 x 349 Shortcode for WordPress.com blogs ? Copy Old embed code ? Copy</s>
    <s>We have emailed the verification/download link to &quot;&quot;.</s>
    <s>Login to your email and click the link to download the file directly.</s>
    <s>To request the link at a different email address, update it here. Close</s>
    <s>Validation messages. Success message. Fail message.</s>
    <s>Check your bulk/spam folders if you can't find our mail.</s>
    <s>No comments yet</s>
    <s>Embed Video Subscribe to comments</s>
    <s>Post Comment</s>
    <s>Edit your comment Cancel</s>
    <s>Speaker Notes on slide 1</s>
    <s>Conférence-Atelier: &quot;60min pratique : Se développer en restant rentable&quot; - Presentation Transcript</s>
    <s>1. Les clefs d’une entreprise qui progresse</s>
    <s>2.Quels sont les éléments qui peuvent aider votre entreprise à progresser?</s>
    <s>Les ressources humaines :</s>
    <s>Motivation: sans envie pas ou peu de résultats:</s>
    <s>&gt; Montrer que dans la démarche d’entreprise, le personnel est toujours prioritaire.</s>
    <s>Formations: sans développement pas de progression:</s>
    <s>&gt; Des formations utiles pour l’entreprise et le personnel.</s>
    <s>Considérées: elles vous en seront reconnaissantes!</s>
    <s>&gt; Une des préoccupations principale (EAP, Bonjour, bien, pas mal mais etc…)</s>
    <s>Avec ces ingrédients et des objectifs clairs, vous obtiendrez des résultats.</s>
    <s>N’oubliez Jamais, ce sont EUX qui produisent votre valeur ajoutée</s>
    <s>3.Quels sont les éléments qui peuvent aider votre entreprise à progresser?</s>
    <s>Vos objectifs sont ils réalistes (qualité, coûts, délais)?</s>
    <s>&gt; Calculez votre temps perdu x votre salaire = ………..€</s>
    <s>Vos plannings sont à jour?</s>
    <s>&gt; Pas d’excuses, cela prend 2mn sur un calepin.</s>
    <s>Les informations sont-elles correctes?</s>
    <s>&gt; Mauvaise info = mauvaise action = temps perdu &gt;&gt; voir objectifs</s>
    <s>Disposez vous d’indicateurs instantanés?</s>
    <s>&gt; Lorsque vous rentrez au bureau à 20H00 vous connaissez vos résultats?</s>
    <s>N’oubliez Jamais, l’efficacité c’est votre rentabilité</s>
    <s>4.Quels sont les éléments qui peuvent aider votre entreprise à progresser?</s>
    <s>La maîtrise de vos coûts:</s>
    <s>Etes-vous sure d’avoir le fournisseur le moins cher?</s>
    <s>Suivez-vous votre productivité journalière ?</s>
    <s>&gt; CA/jour = 500€ &gt;&gt; 90% de productivité = perte de 50€ x220Jours = 11000€</s>
    <s>Vous n’avez aucun problème qualité ?</s>
    <s>&gt; 20 min de problème/jour = 20x220 = 4400Min ou 73h = 73h x 30€ = 2200€/an</s>
    <s>Les temps que vous alloués sont basés sur quoi ?</s>
    <s>&gt; Si un opérateur met 10h et l’autre 16h posez vous la question</s>
    <s>N’oubliez Jamais, la maîtrise des coûts c’est votre marge</s>
    <s>5. Recherche de réduction de coûts</s>
    <s>&gt;&gt;&gt; 7900€ d’économie /an+ amélioration des marges.</s>
    <s>Les mots importants:</s>
    <s>centimes, multiplication, distances.</s>
    <s>6.Quels sont les éléments qui peuvent aider votre entreprise à progresser?</s>
    <s>Savoir déléguer :</s>
    <s>Sans vous la boutique ne tourne plus ?</s>
    <s>Votre travail c’est de diriger ou faire ?</s>
    <s>Qui coûte plus cher, un employé ou vous ?</s>
    <s>Un bon patron c’est celui qui supervise le travail de ses employés</s>
    <s>7.Quels sont les éléments qui peuvent aider votre entreprise à progresser?</s>
    <s>Plaire à vos clients:</s>
    <s>Le recevez-vous dans les meilleures conditions ?</s>
    <s>Avez-vous répondu correctement à ses interrogations, besoins?</s>
    <s>Lui avez-vous demandé si il était satisfait ?</s>
    <s>Je ne vous apprends rien, c’est lui qui vous fait vivre</s>
    <s>8. Vos ateliers, showroom</s>
    <s>ces commerciaux oubliés</s>
    <s>9. Vos ateliers ces commerciaux oubliés</s>
    <s>Pourquoi hésitez vous à montrer vos ateliers, bureaux, chantiers?</s>
    <s>C’est mon domaine, je le garde sous contrôle!</s>
    <s>Pour des raisons de sécurité les étrangers non rien à y faire!</s>
    <s>C’est difficile de le garder propre, ça ne plairait pas aux clients!</s>
    <s>Léon siffle à longueur de journées les clients ne doivent pas entendre ça!</s>
    <s>De toute façon je n’ai pas le temps!</s>
    <s>Tellement vrai</s>
    <s>Est-ce la meilleure démarche?</s>
    <s>10. Vos ateliers ces commerciaux oubliés</s>
    <s>Examinons les réelles attentes d’un client qui cherche un fournisseur ?</s>
    <s>Prenons un exemple simple avec VOS ATTENTES.</s>
    <s>En voyage avec votre épouse vous cherchez un « petit resto sympa »</s>
    <s>Dans la ruelle romantique plein de restaurants .</s>
    <s>Vous ne connaissez pas vous allez donc évaluer.</s>
    <s>Je cherche où il y a du monde (ça doit être mieux!)</s>
    <s>Vous entrez …..</s>
    <s>OUF le cadre et l’accueil sont sympa.</s>
    <s>11. Vos ateliers ces commerciaux oubliés</s>
    <s>Poursuivons nos investigations ?</s>
    <s>C’est propre et la clientèle est correcte.</s>
    <s>Un petit tour aux toilettes pour en être sur!</s>
    <s>Je jettes un œil aux cuisines !</s>
    <s>Nous examinons le menu.</s>
    <s>Bon appétit!!!</s>
    <s>Vous y prêtez attention, le faites-vous pour vos clients?</s>
    <s>12. Vos ateliers ces commerciaux oubliés</s>
    <s>Que peut-on en conclure?</s>
    <s>Ces émotions que vous avez les clients les ont également!</s>
    <s>Il est pourtant si simple de répondre à toutes ces questions!</s>
    <s>13. Vos ateliers ces commerciaux oubliés</s>
    <s>Pour vous aider dans vos démarches de valorisation</s>
    <s>Commerciale, productive et managériale</s>
    <s>de vos ateliers, bureaux et shows room</s>
    <s>DCS Evolution à inventé pour vous</s>
    <s>PRO-STAGINGmarque déposée.</s>
    <s>14. Vos ateliers ces commerciaux oubliés</s>
    <s>Comment y parvenir?</s>
    <s>Règle N°1:</s>
    <s>Je dépense le minimum.</s>
    <s>Règle N° 2:</s>
    <s>Tout le monde doit participer à la démarche, vous en premier lieu.</s>
    <s>Règle N°3:</s>
    <s>La motivation doit être le lit de cette démarche.</s>
    <s>Cela doit se faire dans tous les lieux de l’entreprise.</s>
    <s>Règle N°4:</s>
    <s>Répétez les règles 1 à 4 sans relâche.</s>
    <s>Règle N°5:</s>
    <s>Règle N°6:</s>
    <s>Des doutes? Des difficultés? Pro-Stagings’en occupe</s>
    <s>15. Commercialement ………….?</s>
    <s>Un atelier de</s>
    <s>Classique en France</s>
    <s>16. Commercialement valorisé</s>
    <s>Le même, valorisé, qui</s>
    <s>respecte, les opérateurs,</s>
    <s>les clients et qui vous</s>
    <s>donne les infos en</s>
    <s>Ceci n’est que le sommet</s>
    <s>De l’iceberg!</s>
    <s>17. Des shows room surprenant avec la participation d’autres entreprises qui souhaitent se faire connaitre.</s>
    <s>Le show room montre le savoir faire.</s>
    <s>L’aménagement intérieur ne coûte rien</s>
    <s>Qui ne serait pas curieux d’aller voir?</s>
    <s>18. Vos ateliers ces commerciaux oubliés</s>
    <s>DCS Evolution vous remercie pour votre attention</s>
    <s>N’oubliez pas le service</s>
    <s>+ Follow !Processing </s>
    <s>108 views, 0 favs, 1 embed more</s>
    <s>Powerpoint réalisé et présenté par René Démarez (DCS Evolution) lors de la formation &quot;60min pratiques : Se développer en restant rentable&quot; du 29 septembre 2011 à Tergnier.</s>
    <s>More by user</s>
    <s>View all presentations from this user</s>
    <s>Remove related content</s>
    <s>About this presentation</s>
    <s>Usage Rights</s>
    <s>(C) All Rights Reserved</s>
    <s>0 Favorites</s>
    <s>0 Comments</s>
    <s>2 Downloads</s>
    <s>67 Views on</s>
    <s>41 Views on</s>
    <s>108 Total Views</s>
    <s>Embed views</s>
    <s>41 views on http://www.proetco.fr</s>
    <s>Embed views</s>
    <s>41 views on http://www.proetco.fr</s>
    <s>View text version</s>
    <s>Additional Details</s>
    <s>Uploaded via SlideShare</s>
    <s>Uploaded as Microsoft PowerPoint</s>
    <s>Flagged as inappropriate Flag as inappropriate Flag as inappropriate</s>
    <s>Select your reason for flagging this presentation as inappropriate. If needed, use the feedback form to let us know more details.</s>
    <s>None Pornographic Defamatory Illegal/Unlawful Spam Other Terms Of Service Violation Cancel</s>
    <s>File a copyright complaint</s>
    <s>Business &amp; Mgmt</s>
    <s>commercial 60min demarez</s>
    <s>modal signup</s>
    <s>Learn About Us</s>
    <s>Our Blog</s>
    <s>Contact us</s>
    <s>Help &amp; Support</s>
    <s>Using SlideShare</s>
    <s>SlideShare 101</s>
    <s>Terms of Use</s>
    <s>Privacy Policy</s>
    <s>Copyright &amp; DMCA</s>
    <s>Community Guidelines</s>
    <s>SlideShare Outside</s>
    <s>SlideShare Mobile New</s>
    <s>Facebook App</s>
    <s>LinkedIn App</s>
    <s>Widgets for your blog</s>
    <s>Pro &amp; more</s>
    <s>Go PRO</s>
    <s>Business Solutions</s>
    <s>Advertise with us</s>
    <s>Get featured on homepage</s>
    <s>Developers &amp; API</s>
    <s>Developers Section</s>
    <s>Developers Group</s>
    <s>Engineering Blog</s>
    <s>SlideShare is the world's largest community for sharing presentations. Upload and share on blogs, Twitter, Facebook or LinkedIn. Over 60 million people use SlideShare every month for research, sharing ideas, connecting with others, and generating business leads. SlideShare also supports documents, PDFs, and videos. Get an account.</s>
    <s>Follow @SlideShare</s>
    <s>(C) 2011 SlideShare Inc. All rights reserved.</s>
    <s>FavoritedYou could add some tags too</s>
    <s>Have an opinion? Make a quick comment as well. Cancel</s>
    <s>Edit your favorites</s>
  </text>
</page>
