<?xml version="1.0" encoding="UTF-8"?>
<!DOCTYPE page SYSTEM "page.dtd">
<page>
  <lang>fr</lang>
  <url>http://www.lsis.org/terriouxc/index.php%3Fpage%3Dresp</url>
  <title>Responsabilités - Homepage de Cyril Terrioux</title>
  <snippet>
    <s>15 nov. 2010 Relecteur pour la conférence internationale IJCAI-03 (International Joint Conference on Artificial Intelligence); Relecteur pour la conférence </s>
  </snippet>
  <text>
    <s>Page principale</s>
    <s>Publications par type</s>
    <s>Publications par ann/a&gt;</s>
    <s>Page principale</s>
    <s>Responsabilitau sein de l'blissement</s>
    <s>Elu au Conseil Scientifique de l'Universitaul Cnne (Aix-Marseille 3) depuis fier 2008</s>
    <s>Membre de droit du conseil du drtement MIS (Mathtiques, Informatique et Systs) depuis juillet 2008 (au titre de ma responsabilitgogique du Master SIS)</s>
    <s>Membre du conseil du drtement MIS (Mathtiques, Informatique et Systs) de dmbre 2004 uillet 2008</s>
    <s>Membre supplt de la commission de spalistes 27e et 61e sections de l'Universitaul Cnne (Aix-Marseille 3) d'octobre 2004 o08</s>
    <s>Directeur des des du Master SIS depuis septembre 2008</s>
    <s>Responsable de la spalitnformatique du Master SIS depuis septembre 2008</s>
    <s>Responsable de la premi anndu Master SIS de septembre 2004 o08</s>
    <s>Charges collectives li a recherche</s>
    <s>Organisation de confnces ou de workshop</s>
    <s>Participation 'organisation de l'Ecole Thtique du GDR-PRC-I3 : Nouveaux ds en Sciences de l'Information : Documents &amp; Evolution (septembre 2000)</s>
    <s>Co-organisateur du workshop SOFT 2006</s>
    <s>Membre du Comit'organisation de TABLEAUX 2007</s>
    <s>Participation es comitde programmes</s>
    <s>Membre du Comite programme de la confnce JNPC 2003 (Journ nationales de la rlution pratique des probls NP-Complets)</s>
    <s>Membre du Comite programme de la confnce JNPC 2004 (Journ nationales de la rlution pratique des probls NP-Complets)</s>
    <s>Membre du Comite programme de la confnce nationale RFIA 2008 (Reconnaissance des Formes et Intelligence Artificielle)</s>
    <s>Membre du Comite programme de la confnce internationale AAAI 2008 (AAAI Conference on Artificial Intelligence)</s>
    <s>Membre du Comite programme de la confnce internationale IJCAI 2009 (International Joint Conference on Artificial Intelligence)</s>
    <s>Membre du Comite programme de la confnce nationale JFPC 2009 (Journ Francophones de Programmation par Contraintes)</s>
    <s>Membre du Comite programme de la confnce nationale JFPC 2010 (Journ Francophones de Programmation par Contraintes)</s>
    <s>Relecteur pour la confnce internationale IJCAI-03 (International Joint Conference on Artificial Intelligence)</s>
    <s>Relecteur pour la confnce internationale SAC-2004 (ACM Symposium on Applied Computing - Special Track on Artificial Intelligence Computational Logic and Image Analysis)</s>
    <s>Relecteur pour la revue internationale Artificial Intelligence Journal (2005)</s>
    <s>Relecteur pour la revue internationale Studia Informatica Universalis (2005)</s>
    <s>Relecteur pour la confnce internationale CP 2006 (International Conference on Principles and Practice of Constraint Programming)</s>
    <s>Relecteur pour la confnce internationale AAAI 2007 (AAAI Conference on Artificial Intelligence)</s>
    <s>Relecteur pour la confnce internationale ECAI 2008 (European Conference on Artificial Intelligence)</s>
    <s>Derniere mise a jour le 15 novembre 2010 12h01</s>
  </text>
</page>
