<?xml version="1.0" encoding="UTF-8"?>
<!DOCTYPE page SYSTEM "page.dtd">
<page>
  <lang>fr</lang>
  <url>http://www.ancl-radc.org.za/SERIA%2520NandE</url>
  <title>SERIA News &amp; Events | ANCL</title>
  <snippet>
    <s>Past events/evenements passes Social and Economic Rights Working Group Session at ANCL Annual Conference, Rabat, 2011. Papers rights in Africa session of the ANCL-RADC Annual Conference, Rabat, Morocco, 2-5 February 2011. </s>
  </snippet>
  <text>
    <s>Primary links</s>
    <s>About Us/Apropos</s>
    <s>Objectives/Les objectifs/Objectivos</s>
    <s>Organisational structure</s>
    <s>Join/Nous rejoindre</s>
    <s>Search for a member/rechercher un membre</s>
    <s>Working groups</s>
    <s>Access to Information</s>
    <s>Working group members</s>
    <s>Socio-economic rights in Africa</s>
    <s>Working group members</s>
    <s>Teaching Constitutional Law</s>
    <s>Working group members</s>
    <s>Women, equality and the Constitution</s>
    <s>Working group members</s>
    <s>Constitutional Judges</s>
    <s>Working group members</s>
    <s>Legal Clinicians</s>
    <s>African Constitutions</s>
    <s>Constitutional reviews</s>
    <s>Kenyan Constitutional Review</s>
    <s>Nigerian Constitutional Review</s>
    <s>African National courts</s>
    <s>General databases</s>
    <s>Courts' websites/sites des tribunaux</s>
    <s>African International courts and tribunals</s>
    <s>Online Journals/ Revues électroniques</s>
    <s>Case Law/Jurisprudence</s>
    <s>Teaching Constitutional Law</s>
    <s>New Books</s>
    <s>News Archive</s>
    <s>Calls for papers/Appels à contributions</s>
    <s>Upcoming events/eventements venir</s>
    <s>Past events/evenements passes</s>
    <s>Search this site:</s>
    <s>SERIA News &amp; Events</s>
    <s>Social and Economic Rights in Africa Working Group - News &amp; Events</s>
    <s>Droits sociaux et economiques en Afrique Groupe de travail - Nouvelles et evenements</s>
    <s>Direitos Sociais e Economicos da África do Grupo de Trabalho - Noticias e Eventos</s>
    <s>ANCL Working group on Social and Economic Rights in Africa workshop papers published in ESR Review</s>
    <s>RADC Groupe de travail sur les droits sociaux et économiques dans les documents de l'atelier l'Afrique publié en ESR examen</s>
    <s>ANCL Grupo de Trabalho sobre os Direitos Económicos Sociais e nos documentos publicados no workshop África ESR Review</s>
    <s>Social and Economic Rights Working Group Session at ANCL Annual Conference, Rabat, 2011. Papers Proposed</s>
    <s>The following Papers will be presented at the Social and Economic rights in Africa session of the ANCL-RADC Annual Conference, Rabat, Morocco, 2-5 February 2011. The list may change as more final papers become available to us. Please do not use the papers with the express consent of the author/s. Email addresses are contained within the papers.</s>
    <s>Les communications suivantes seront presentees a des droits economiques et sociaux dans l'Afrique session du RADC-CRDA Conference annuelle, Rabat, Maroc, 2-5 Fevrier 2011. Cette liste peut changer que des documents plus complets seront disponibles pour nous. S'il vous plait ne pas utiliser les documents avec le consentement expres de l'auteur / s. Les adresses electroniques sont contenus dans les documents.</s>
    <s>ANCL - RADC Annual Conference. Session 4. Social and economic rights (Seria working group)</s>
    <s>Juge administratif entre developpement et droit economiques et sociaux du Cesaire Kpenonhoun. Abstract</s>
    <s>Delinking health and crime by Marius Pieterse. Abstract</s>
    <s>Intellectual property and access to medicine by Debra Horsten. Abstract</s>
    <s>The enforcement of socio-economic rights in Botswana. Abstract. by Bonolo Ramadi Dinokopila</s>
    <s>The enforcement of socio-economic rights in Botswana. Full paper. by Bonolo Ramada Dinokopila</s>
    <s>CONSTITUTIONAL INTERPRETATION AND THE NOTION OF UNENUMERATED RIGHTS: CIRCUMVENTING THE EXCLUSION OFSOCIO-ECONOMIC RIGHTS IN AFRICA. Full Paper. by 'Dejo Olowu</s>
    <s>The Role of Local Government in the Realisation of the Right to Social Protection in South Africa. Full paper. by Oliver Fuo</s>
    <s>The protection promotion and implementation of socioeconomic rights at the subregional level by Admark Moyo. Abstract</s>
    <s>The significance of the constitutional values of human dignity, equality and freedom in the realisation of the right to social protection in South Africa. Full paper. by Oliver Fuo.</s>
    <s>Thinking out of the box. Sustainability and scarce resource socio-economic rights by Linda Stewart. Abstract.</s>
    <s>ANCL Working group on Social and Economic Rights in Africa workshop papers published in ESR Review</s>
    <s>The draft principals and guidelines on economic, social and cultural rights of the African Commission on Human and People's Rights are now in place. The ANCL made these draft guidelines the focus of a workshop held from 8-9 September 2010. Papers presented at that workshop have been published in a Special Issue of the ESR Review. Collectively, they offer an overview, albeit an incomplete one, of the protection and enforcement of socio-economic rights in Africa today. The publication of this issue of the ESR Review was also made possible with financial assistance from the African Network of Constitutional Lawyers' (ANCL) Working Group on Social and Economic Rights in Africa, which is in turn funded by the Ford Foundation.</s>
    <s>The issue of the ESR Review is attached in PDF Format.</s>
    <s>!ESR Review November 2010</s>
    <s>The ESR Review is published by the Socio-economic Rights Project of the Community Law Centre, University of the Western Cape. Visit their website here.</s>
    <s>ANCL working group on social and economic rights in Africa hosts workshop in Cape Town</s>
    <s>!prof pierre de vos prof dejo olowu 1.jpg</s>
    <s>The ANCL working group on social and economic rights in Africa hosted a busy and valuable day-long workshop on 8 September 2010 in Cape Town.</s>
    <s>The workshop focussed on the African Commission's draft guidelines on the economic, social and cultural rights in the African Charter. Discussion focussed on the implementation of socio-economic rights across the continent in lusophone, anglophone and francophone Africa and covering the regions of Southern, North, East and West Africa. Very enlightening insights were made ranging from lack of socio-economic rights training in many regions, the role of sustainability in realising socio-economic rights and the need for incorporation of African jurisprudence into the Commission's draft principles and guidelines.</s>
    <s>The working group will build on the ideas and lessons that emerged from the workshop at next year's annual conference in Rabat, Morocco.</s>
    <s>RADC Groupe de travail sur les droits sociaux et economiques dans les documents de l'atelier l'Afrique publie en ESR examen</s>
    <s>Le projet de principes et de lignes directrices sur les droits economiques, sociaux et culturels de la Commission africaine des droits et des peuples sont maintenant en place. Le RADC fait de ces projets de directives au centre d'un atelier qui s'est tenu 8-9 Septembre 2010.</s>
    <s>Les communications presentees lors de cet atelier ont ete publies dans un numero special de la revue ESR. Collectivement, ils offrent une vue d'ensemble, meme si elle est incomplete, de la protection et le respect des droits socio-economiques en Afrique aujourd'hui.</s>
    <s>La publication de ce numero de la Revue ESR a egalement ete rendue possible grace a l'aide financiere du Reseau Africain des constitutionnel des avocats (RADC) Groupe de travail des droits sociaux et economiques en Afrique, qui est a son tour, finance par la Fondation Ford.</s>
    <s>Le numero de la Revue ESR est jointe en format PDF.</s>
    <s>!ESR Review November 2010</s>
    <s>La revue ESR est publie par le socio-economique du projet des droits de l'Community Law Centre, Universite de Western Cape. Visitez leur site Web ici.</s>
    <s>le groupe de travail au RADC sur les droits sociaux et economiques en Afrique accueille un atelier au le Cap</s>
    <s>!prof dejo olowu and commissioner pansy tlakula.jpg</s>
    <s>Le groupe de travail sur RADC droits sociaux et economiques en Afrique a organise un atelier le 8 Septembre 2010 a Cape Town.</s>
    <s>L'atelier etait axe sur les projets de directives de la Commission africaine sur les droits economiques, sociaux et culturels dans la Charte africaine. Les discussions ont porte sur la mise en oeuvre des droits socio-economiques a travers le continent dans les pays lusophones, francophones et anglophones d'Afrique et couvrant les regions du Sud, Nord, Est et Afrique de l'Ouest. Tres apporte une contribution enrichissante ont ete faites allant du manque de formation sur les droits socio-economiques dans de nombreuses regions, le role de la durabilite dans la realisation des droits socio-economiques et la necessite pour l'incorporation de la jurisprudence africaine dans un projet de principes de la Commission et les lignes directrices.</s>
    <s>Le groupe de travail s'appuiera sur les idees et les enseignements qui ressortent de l'atelier a la conference annuelle de l'an prochain a Rabat, au Maroc.</s>
    <s>ANCL Grupo de Trabalho sobre os Direitos Economicos Sociais e nos documentos publicados no workshop África ESR Review</s>
    <s>Os principais projectos e orientaçoes sobre os direitos economicos, sociais e culturais da Comissao Africano dos Direitos Humanos e Direitos do Povo estao agora em vigor. O ANCL fez estas directrizes o foco de um seminario realizado 8-9 setembro de 2010.</s>
    <s>Trabalhos apresentados no workshop foram publicados em uma ediçao especial da Revista ESR. Coletivamente, eles oferecem uma visao geral, se bem que incompleta, da proteçao e defesa dos direitos socio-economicos na África de hoje. A publicaçao deste numero da Revista ESR tambem foi possivel com apoio financeiro da Rede Africano das Constitucional Advogados (ANCL) Grupo de Trabalho sobre Direitos Sociais e Economicos da África, que por sua vez e financiada pela Fundaçao Ford.</s>
    <s>A questao da revisao do ESR e anexado em formato PDF.</s>
    <s>!ESR Review November 2010</s>
    <s>A revisao do ESR e publicado pelo socio-economica dos Direitos do Projeto da Lei de Centro Comunitario da Universidade de Western Cape. Visite o site aqui.</s>
    <s>ANCL grupo de trabalho sobre direitos sociais e economicos em África acolhe atelier na Cape Town</s>
    <s>!assoc prof danwood chirwa profdejo olowu prof sandy lieben.jpg O grupo ANCL trabalho sobre os direitos sociais e economicas em África, um seminario sobre 08 de setembro de 2010 em Cape Town. O seminario centrou-se sobre as orientaçoes da Comissao Africano do projecto sobre os direitos economicos, sociais e culturais na Carta Africano. Discussao centrou-se na implementaçao dos direitos socio-economicos em todo o continente em anglofonos lusofonos e francofonos de África e abrange as regioes Sul, Norte, Leste e Oeste da África. Muito esclarecedor insights foram feitas desde a falta de formaçao socio-economica dos direitos em muitas regioes, o papel da sustentabilidade na concretizaçao dos direitos socio-economica ea necessidade de incorporaçao de jurisprudencia Africano em principios que a Comissao do projecto e orientaçoes. O grupo de trabalho tera como base as ideias e liçoes que surgiu a partir da oficina na conferencia anual do proximo ano, em Rabat, Marrocos.</s>
    <s>Copyright © 2011, ANCL-RADC. All Rights Reserved.</s>
  </text>
</page>
