<?xml version="1.0" encoding="UTF-8"?>
<!DOCTYPE page SYSTEM "page.dtd">
<page>
  <lang>fr</lang>
  <url>http://laws.justice.gc.ca/fra/lois/C-42/page-1.html</url>
  <title>Loi sur le droit d&#39;auteur</title>
  <snippet>
    <s>pays partie à la Convention universelle » Pays partie à la Convention universelle sur le droit d&#39;auteur, adoptée à Genève (Suisse) le 6 septembre 1952, ou dans </s>
  </snippet>
  <text>
    <s>Passer au contenu</s>
    <s>Passer aux liens institutionnels</s>
    <s>!gouvernement du Canada</s>
    <s>!Symbole du gouvernement du Canada</s>
    <s>Ministere de la Justice</s>
    <s>Common menu bar</s>
    <s>Fil d'Ariane</s>
    <s>1. Page principale &gt;</s>
    <s>2. Lois codifiées &gt;</s>
    <s>3. L.R.C. (1985), ch. C-42 - Table des matières &gt;</s>
    <s>4. L.R.C. (1985), ch. C-42</s>
    <s>1. Loi sur le droit d’auteur</s>
    <s>2. 1 - TITRE ABRÉGÉ</s>
    <s>3. 2 - DÉFINITIONS ET DISPOSITIONS INTERPRÉTATIVES</s>
    <s>4. 3 - PARTIE I DROIT D’AUTEUR ET DROITS MORAUX SUR LES OEUVRES</s>
    <s>5. 3 - Droit d’auteur</s>
    <s>6. 5 - Oeuvres susceptibles de faire l’objet d’un droit d’auteur</s>
    <s>7. 6 - Durée du droit d’auteur</s>
    <s>8. 13 - Possession du droit d’auteur</s>
    <s>9. 14.1 - Droits moraux</s>
    <s>10. 15 - PARTIE II DROIT D’AUTEUR SUR LES PRESTATIONS, ENREGISTREMENTS SONORES OU SIGNAUX DE COMMUNICATION</s>
    <s>11. 15 - Droits de l’artiste-interprète</s>
    <s>12. 18 - Droits du producteur d’enregistrement sonore</s>
    <s>13. 19 - Dispositions communes aux artistes-interprètes et aux producteurs d’enregistrements sonores</s>
    <s>14. 21 - Droits des radiodiffuseurs</s>
    <s>15. 22 - Réciprocité</s>
    <s>16. 23 - Durée des droits</s>
    <s>17. 24 - Titularité</s>
    <s>18. 26 - Droits des artistes-interprètes — pays OMC</s>
    <s>19. 27 - PARTIE III VIOLATION DU DROIT D’AUTEUR ET DES DROITS MORAUX, ET CAS D’EXCEPTION</s>
    <s>20. 27 - Violation du droit d’auteur</s>
    <s>21. 27 - Règle générale</s>
    <s>22. 27.1 - Importations parallèles de livres</s>
    <s>23. 28.1 - Violation des droits moraux</s>
    <s>24. 29 - Exceptions</s>
    <s>25. 29 - Utilisation équitable</s>
    <s>26. 29.3 - Actes à but non lucratif</s>
    <s>27. 29.4 - Établissements d’enseignement</s>
    <s>28. 30.1 - Bibliothèques, musées ou services d’archives</s>
    <s>29. 30.3 - Disposition commune aux établissements d’enseignement, bibliothèques, musées ou services d’archives</s>
    <s>30. 30.4 - Bibliothèques, musées ou services d’archives faisant partie d’un établissement d’enseignement</s>
    <s>31. 30.5 - Bibliothèque et Archives du Canada</s>
    <s>32. 30.6 - Programmes d’ordinateur</s>
    <s>33. 30.7 - Incorporation incidente</s>
    <s>34. 30.8 - Enregistrements éphémères</s>
    <s>35. 31 - Retransmission</s>
    <s>36. 32 - Personnes ayant des déficiences perceptuelles</s>
    <s>37. 32.1 - Obligations découlant de la loi</s>
    <s>38. 32.2 - Autres cas de non-violation</s>
    <s>39. 32.3 - Interprétation</s>
    <s>40. 32.4 - Indemnisation pour acte antérieur à la reconnaissance du droit d’auteur des artistes-interprètes et des radiodiffuseurs</s>
    <s>41. 33 - Indemnisation pour acte antérieur à la reconnaissance du droit d’auteur ou des droits moraux</s>
    <s>42. 34 - PARTIE IV RECOURS</s>
    <s>43. 34 - Recours civils</s>
    <s>44. 42 - Recours criminels</s>
    <s>45. 44 - Importation</s>
    <s>46. 46 - PARTIE V ADMINISTRATION</s>
    <s>47. 46 - Bureau du droit d’auteur</s>
    <s>48. 54 - Enregistrement</s>
    <s>49. 59 - Taxes</s>
    <s>50. 60 - PARTIE VI DIVERS</s>
    <s>51. 60 - Droits substitués</s>
    <s>52. 61 - Erreurs matérielles</s>
    <s>53. 62 - Règlements</s>
    <s>54. 63 - Dessins industriels et topographies</s>
    <s>55. 66 - PARTIE VII COMMISSION DU DROIT D’AUTEUR ET GESTION COLLECTIVE</s>
    <s>56. 66 - Commission du droit d’auteur</s>
    <s>57. 67 - Gestion collective du droit d’exécution et de communication</s>
    <s>58. 69 - Exécutions en public ailleurs qu’au théâtre</s>
    <s>59. 70.1 - Gestion collective relative aux droits visés aux articles 3, 15, 18 et 21</s>
    <s>60. 70.1 - Sociétés de gestion</s>
    <s>61. 70.13 - Projets de tarif</s>
    <s>62. 70.2 - Fixation des redevances dans des cas particuliers</s>
    <s>63. 70.5 - Examen des ententes</s>
    <s>64. 71 - Redevances pour les cas particuliers</s>
    <s>65. 77 - Titulaires introuvables</s>
    <s>66. 78 - Indemnisation pour acte antérieur à la reconnaissance du droit d’auteur ou des droits moraux</s>
    <s>67. 79 - PARTIE VIII COPIE POUR USAGE PRIVÉ</s>
    <s>68. 79 - Définitions</s>
    <s>69. 80 - Copie pour usage privé</s>
    <s>70. 81 - Droit à rémunération</s>
    <s>71. 82 - Redevances</s>
    <s>72. 84 - Répartition des redevances</s>
    <s>73. 86 - Exemption</s>
    <s>74. 87 - Règlements</s>
    <s>75. 88 - Recours civils</s>
    <s>76. 89 - PARTIE IX DISPOSITIONS GÉNÉRALES</s>
    <s>77. ANNEXE I - DROITS EXISTANTS</s>
    <s>78. ANNEXE II</s>
    <s>79. ANNEXE III</s>
    <s>Table des matières1 22.1 2.32.4 2.73 56 78 11.112 1314 14.215 1718 2021 2223 2627 27.128 29.229.3 29.629.7 3030.1 30.230.21 30.330.4 30.830.9 3132 32.232.3 3334 34.135 3838.1 38.239 4142 4343.1 44.144.2 4546 5354 5656.1 5859 6061 6464.1 6666.1 66.566.51 66.766.71 67.167.2 et 67.3 68.168.2 70.170.11 70.1770.18 70.470.5 7172 7576 7778 7980 8384 8586 8889 92ANNEXE I : DROITS EXISTANTSANNEXE IIANNEXE IIIDispositions connexesModifications non en vigueur</s>
    <s>Loi sur le droit d’auteur (L.R.C. (1985), ch. C-42)</s>
    <s>Texte complet : HTML | XML 447 KB | PDF 937 KB</s>
    <s>Loi a jour 2011-09-21; derniere modification 2005-12-12 Versions antérieures</s>
    <s>Page suivante</s>
    <s>Loi sur le droit d’auteur</s>
    <s>L.R.C. (1985), ch. C-42</s>
    <s>Loi concernant le droit d’auteur</s>
    <s>TITRE ABRÉGÉ</s>
    <s>Titre abrégé</s>
    <s>1. Loi sur le droit d’auteur.</s>
    <s>S.R., ch. C-30, art. 1.</s>
    <s>DÉFINITIONS ET DISPOSITIONS INTERPRÉTATIVES</s>
    <s>2. Les définitions qui suivent s’appliquent à la présente loi.</s>
    <s>« accessible sur le marché »</s>
    <s>“commercially available”</s>
    <s>« accessible sur le marché » S’entend, en ce qui concerne une oeuvre ou de tout autre objet du droit d’auteur</s>
    <s>a ) qu’il est possible de se procurer, au Canada, à un prix et dans un délai raisonnables, et de trouver moyennant des efforts raisonnables;</s>
    <s>b ) pour lequel il est possible d’obtenir, à un prix et dans un délai raisonnables et moyennant des efforts raisonnables, une licence octroyée par une société de gestion pour la reproduction, l’exécution en public ou la communication au public par télécommunication, selon le cas.</s>
    <s>« appareil récepteur »Abrogée, 1993, ch. 44, art. 79</s>
    <s>« artiste interprète »Abrogée, 1997, ch. 24, art. 1</s>
    <s>« artiste-interprète »</s>
    <s>French version only</s>
    <s>« artiste-interprète » Tout artiste-interprète ou exécutant.</s>
    <s>« bibliothèque, musée ou service d’archives »</s>
    <s>“library, archive or museum”</s>
    <s>« bibliothèque, musée ou service d’archives » S’entend :</s>
    <s>a ) d’un établissement doté ou non de la personnalité morale qui :</s>
    <s>(i) d’une part, n’est pas constitué ou administré pour réaliser des profits, ni ne fait partie d’un organisme constitué ou administré pour réaliser des profits, ni n’est administré ou contrôlé directement ou indirectement par un tel organisme,</s>
    <s>(ii) d’autre part, rassemble et gère des collections de documents ou d’objets qui sont accessibles au public ou aux chercheurs;</s>
    <s>b ) de tout autre établissement à but non lucratif visé par règlement.</s>
    <s>« Commission »</s>
    <s>« Commission » La Commission du droit d’auteur constituée au titre du paragraphe 66(1).</s>
    <s>« compilation »</s>
    <s>« compilation » Les oeuvres résultant du choix ou de l’arrangement de tout ou partie d’oeuvres littéraires, dramatiques, musicales ou artistiques ou de données.</s>
    <s>« conférence »</s>
    <s>« conférence » Sont assimilés à une conférence les allocutions, discours et sermons.</s>
    <s>« contrefaçon »</s>
    <s>« contrefaçon »</s>
    <s>a ) À l’égard d’une oeuvre sur laquelle existe un droit d’auteur, toute reproduction, y compris l’imitation déguisée, qui a été faite contrairement à la présente loi ou qui a fait l’objet d’un acte contraire à la présente loi;</s>
    <s>b ) à l’égard d’une prestation sur laquelle existe un droit d’auteur, toute fixation ou reproduction de celle-ci qui a été faite contrairement à la présente loi ou qui a fait l’objet d’un acte contraire à la présente loi;</s>
    <s>c ) à l’égard d’un enregistrement sonore sur lequel existe un droit d’auteur, toute reproduction de celle-ci qui a été faite contrairement à la présente loi ou qui a fait l’objet d’un acte contraire à la présente loi;</s>
    <s>d ) à l’égard d’un signal de communication sur lequel existe un droit d’auteur, toute fixation ou reproduction de la fixation qui a été faite contrairement à la présente loi ou qui a fait l’objet d’un acte contraire à la présente loi.</s>
    <s>La présente définition exclut la reproduction — autre que celle visée par l’alinéa 27(2) e ) et l’article 27.1 — faite avec le consentement du titulaire du droit d’auteur dans le pays de production.</s>
    <s>« débit »Abrogée, 1997, ch. 24, art. 1</s>
    <s>« déficience perceptuelle »</s>
    <s>“perceptual disability”</s>
    <s>« déficience perceptuelle » Déficience qui empêche la lecture ou l’écoute d’une oeuvre littéraire, dramatique, musicale ou artistique sur le support original ou la rend difficile, en raison notamment :</s>
    <s>a ) de la privation en tout ou en grande partie du sens de l’ouïe ou de la vue ou de l’incapacité d’orienter le regard;</s>
    <s>b ) de l’incapacité de tenir ou de manipuler un livre;</s>
    <s>c ) d’une insuffisance relative à la compréhension.</s>
    <s>« distributeur exclusif »</s>
    <s>“exclusive distributor”</s>
    <s>« distributeur exclusif » S’entend, en ce qui concerne un livre, de toute personne qui remplit les conditions suivantes :</s>
    <s>a ) le titulaire du droit d’auteur sur le livre au Canada ou le titulaire d’une licence exclusive au Canada s’y rapportant lui a accordé, avant ou après l’entrée en vigueur de la présente définition, par écrit, la qualité d’unique distributeur pour tout ou partie du Canada ou d’unique distributeur pour un secteur du marché pour tout ou partie du Canada;</s>
    <s>b ) elle répond aux critères fixés par règlement pris en vertu de l’article 2.6.</s>
    <s>Il est entendu qu’une personne ne peut être distributeur exclusif au sens de la présente définition si aucun règlement n’est pris en vertu de l’article 2.6.</s>
    <s>« droit d’auteur »</s>
    <s>« droit d’auteur » S’entend du droit visé :</s>
    <s>a ) dans le cas d’une oeuvre, à l’article 3;</s>
    <s>b ) dans le cas d’une prestation, aux articles 15 et 26;</s>
    <s>c ) dans le cas d’un enregistrement sonore, à l’article 18;</s>
    <s>d ) dans le cas d’un signal de communication, à l’article 21.</s>
    <s>« droits moraux »</s>
    <s>“moral rights”</s>
    <s>« droits moraux » Les droits visés au paragraphe 14.1(1).</s>
    <s>« enregistrement sonore »</s>
    <s>“sound recording”</s>
    <s>« enregistrement sonore » Enregistrement constitué de sons provenant ou non de l’exécution d’une oeuvre et fixés sur un support matériel quelconque; est exclue de la présente définition la bande sonore d’une oeuvre cinématographique lorsqu’elle accompagne celle-ci.</s>
    <s>« établissement d’enseignement »</s>
    <s>“educational institution”</s>
    <s>« établissement d’enseignement » :</s>
    <s>a ) Établissement sans but lucratif agréé aux termes des lois fédérales ou provinciales pour dispenser de l’enseignement aux niveaux préscolaire, élémentaire, secondaire ou postsecondaire, ou reconnu comme tel;</s>
    <s>b ) établissement sans but lucratif placé sous l’autorité d’un conseil scolaire régi par une loi provinciale et qui dispense des cours d’éducation ou de formation permanente, technique ou professionnelle;</s>
    <s>c ) ministère ou organisme, quel que soit l’ordre de gouvernement, ou entité sans but lucratif qui exerce une autorité sur l’enseignement et la formation visés aux alinéas a ) et b );</s>
    <s>d ) tout autre établissement sans but lucratif visé par règlement.</s>
    <s>« gravure »</s>
    <s>« gravure » Sont assimilées à une gravure les gravures à l’eau-forte, les lithographies, les gravures sur bois, les estampes et autres oeuvres similaires, à l’exclusion des photographies.</s>
    <s>« livre »</s>
    <s>« livre » Tout volume ou toute partie ou division d’un volume présentés sous forme imprimée, à l’exclusion :</s>
    <s>a ) des brochures;</s>
    <s>b ) des journaux, revues, magazines et autres périodiques;</s>
    <s>c ) des feuilles de musique, cartes, graphiques ou plans, s’ils sont publiés séparément;</s>
    <s>d ) des manuels d’instruction ou d’entretien qui accompagnent un produit ou sont fournis avec des services.</s>
    <s>« locaux »</s>
    <s>« locaux » S’il s’agit d’un établissement d’enseignement, lieux où celui-ci dispense l’enseignement ou la formation visés à la définition de ce terme ou exerce son autorité sur eux.</s>
    <s>« membre de l’OMC »</s>
    <s>“WTO Member”</s>
    <s>« membre de l’OMC » Membre de l’Organisation mondiale du commerce au sens du paragraphe 2(1) de la Loi de mise en oeuvre de l’Accord sur l’Organisation mondiale du commerce.</s>
    <s>« ministre »</s>
    <s>« ministre » Sauf à l’article 44.1, le ministre de l’Industrie.</s>
    <s>« oeuvre »</s>
    <s>« oeuvre » Est assimilé à une oeuvre le titre de l’oeuvre lorsque celui-ci est original et distinctif.</s>
    <s>« oeuvre architecturale »</s>
    <s>“architectural work”</s>
    <s>« oeuvre architecturale » Tout bâtiment ou édifice ou tout modèle ou maquette de bâtiment ou d’édifice.</s>
    <s>« oeuvre artistique »</s>
    <s>“artistic work”</s>
    <s>« oeuvre artistique » Sont compris parmi les oeuvres artistiques les peintures, dessins, sculptures, oeuvres architecturales, gravures ou photographies, les oeuvres artistiques dues à des artisans ainsi que les graphiques, cartes, plans et compilations d’oeuvres artistiques.</s>
    <s>« oeuvre chorégraphique »</s>
    <s>“choreographic work”</s>
    <s>« oeuvre chorégraphique » S’entend de toute chorégraphie, que l’oeuvre ait ou non un sujet.</s>
    <s>« oeuvre cinématographique »</s>
    <s>“cinematographic work”</s>
    <s>« oeuvre cinématographique » Y est assimilée toute oeuvre exprimée par un procédé analogue à la cinématographie, qu’elle soit accompagnée ou non d’une bande sonore.</s>
    <s>« oeuvre créée en collaboration »</s>
    <s>“work of joint authorship”</s>
    <s>« oeuvre créée en collaboration » Oeuvre exécutée par la collaboration de deux ou plusieurs auteurs, et dans laquelle la part créée par l’un n’est pas distincte de celle créée par l’autre ou les autres.</s>
    <s>« oeuvre d’art architecturale »Abrogée, 1993, ch. 44, art. 53</s>
    <s>« oeuvre de sculpture »Abrogée, 1997, ch. 24, art. 1</s>
    <s>« oeuvre dramatique »</s>
    <s>“dramatic work”</s>
    <s>« oeuvre dramatique » Y sont assimilées les pièces pouvant être récitées, les oeuvres chorégraphiques ou les pantomimes dont l’arrangement scénique ou la mise en scène est fixé par écrit ou autrement, les oeuvres cinématographiques et les compilations d’oeuvres dramatiques.</s>
    <s>« oeuvre littéraire »</s>
    <s>“literary work”</s>
    <s>« oeuvre littéraire » Y sont assimilés les tableaux, les programmes d’ordinateur et les compilations d’oeuvres littéraires.</s>
    <s>« oeuvre musicale »</s>
    <s>“musical work”</s>
    <s>« oeuvre musicale » Toute oeuvre ou toute composition musicale — avec ou sans paroles — et toute compilation de celles-ci.</s>
    <s>« pays »</s>
    <s>« pays » S’entend notamment d’un territoire.</s>
    <s>« pays partie à la Convention de Berne »</s>
    <s>“Berne Convention country”</s>
    <s>« pays partie à la Convention de Berne » Pays partie à la Convention pour la protection des oeuvres littéraires et artistiques, conclue à Berne le 9 septembre 1886, ou à l’une de ses versions révisées, notamment celle de l’Acte de Paris de 1971.</s>
    <s>« pays partie à la Convention de Rome »</s>
    <s>“Rome Convention country”</s>
    <s>« pays partie à la Convention de Rome » Pays partie à la Convention internationale sur la protection des artistes interprètes ou exécutants, des producteurs d’enregistrements sonores et des organismes de radiodiffusion, conclue à Rome le 26 octobre 1961.</s>
    <s>« pays partie à la Convention universelle »</s>
    <s>“UCC country”</s>
    <s>« pays partie à la Convention universelle » Pays partie à la Convention universelle sur le droit d’auteur, adoptée à Genève (Suisse) le 6 septembre 1952, ou dans sa version révisée à Paris (France) le 24 juillet 1971.</s>
    <s>« pays signataire »</s>
    <s>“treaty country”</s>
    <s>« pays signataire » Pays partie à la Convention de Berne ou à la Convention universelle ou membre de l’OMC.</s>
    <s>« photographie »</s>
    <s>« photographie » Y sont assimilées les photolithographies et toute oeuvre exprimée par un procédé analogue à la photographie.</s>
    <s>« planche »</s>
    <s>« planche » Sont assimilés à une planche toute planche stéréotypée ou autre, pierre, matrice, transposition et épreuve négative, et tout moule ou cliché, destinés à l’impression ou à la reproduction d’exemplaires d’une oeuvre, ainsi que toute matrice ou autre pièce destinées à la fabrication ou à la reproduction d’enregistrements sonores, de prestations ou de signaux de communication, selon le cas.</s>
    <s>« prestation »</s>
    <s>“performer’s performance”</s>
    <s>« prestation » Selon le cas, que l’oeuvre soit encore protégée ou non et qu’elle soit déjà fixée sous une forme matérielle quelconque ou non :</s>
    <s>a ) l’exécution ou la représentation d’une oeuvre artistique, dramatique ou musicale par un artiste-interprète;</s>
    <s>b ) la récitation ou la lecture d’une oeuvre littéraire par celui-ci;</s>
    <s>c ) une improvisation dramatique, musicale ou littéraire par celui-ci, inspirée ou non d’une oeuvre préexistante.</s>
    <s>« producteur »</s>
    <s>« producteur » La personne qui effectue les opérations nécessaires à la confection d’une oeuvre cinématographique, ou à la première fixation de sons dans le cas d’un enregistrement sonore.</s>
    <s>« programme d’ordinateur »</s>
    <s>“computer program”</s>
    <s>« programme d’ordinateur » Ensemble d’instructions ou d’énoncés destiné, quelle que soit la façon dont ils sont exprimés, fixés, incorporés ou emmagasinés, à être utilisé directement ou indirectement dans un ordinateur en vue d’un résultat particulier.</s>
    <s>« radiodiffuseur »</s>
    <s>« radiodiffuseur » Organisme qui, dans le cadre de l’exploitation d’une entreprise de radiodiffusion, émet un signal de communication en conformité avec les lois du pays où il exploite cette entreprise; est exclu de la présente définition l’organisme dont l’activité principale, liée au signal de communication, est la retransmission de celui-ci.</s>
    <s>« recueil »</s>
    <s>“collective work”</s>
    <s>« recueil »</s>
    <s>a ) Les encyclopédies, dictionnaires, annuaires ou oeuvres analogues;</s>
    <s>b ) les journaux, revues, magazines ou autres publications périodiques;</s>
    <s>c ) toute oeuvre composée, en parties distinctes, par différents auteurs ou dans laquelle sont incorporées des oeuvres ou parties d’oeuvres d’auteurs différents.</s>
    <s>« représentants légaux »</s>
    <s>“legal representatives”</s>
    <s>« représentants légaux » Sont compris parmi les représentants légaux les héritiers, exécuteurs testamentaires, administrateurs, successeurs et ayants droit, ou les agents ou fondés de pouvoir régulièrement constitués par mandat écrit.</s>
    <s>« représentation », « exécution » ou « audition »Abrogée, 1997, ch. 24, art. 1</s>
    <s>« représentation » ou « exécution »</s>
    <s>« représentation » ou « exécution » Toute exécution sonore ou toute représentation visuelle d’une oeuvre, d’une prestation, d’un enregistrement sonore ou d’un signal de communication, selon le cas, y compris l’exécution ou la représentation à l’aide d’un instrument mécanique, d’un appareil récepteur de radio ou d’un appareil récepteur de télévision.</s>
    <s>« royaumes et territoires de Sa Majesté »Abrogée, 1997, ch. 24, art. 1</s>
    <s>« sculpture »</s>
    <s>« sculpture » Y sont assimilés les moules et les modèles.</s>
    <s>« signal de communication »</s>
    <s>“communication signal”</s>
    <s>« signal de communication » Ondes radioélectriques diffusées dans l’espace sans guide artificiel, aux fins de réception par le public.</s>
    <s>« société de gestion »</s>
    <s>“collective society”</s>
    <s>« société de gestion » Association, société ou personne morale autorisée — notamment par voie de cession, licence ou mandat — à se livrer à la gestion collective du droit d’auteur ou du droit à rémunération conféré par les articles 19 ou 81 pour l’exercice des activités suivantes :</s>
    <s>a ) l’administration d’un système d’octroi de licences portant sur un répertoire d’oeuvres, de prestations, d’enregistrements sonores ou de signaux de communication de plusieurs auteurs, artistes-interprètes, producteurs d’enregistrements sonores ou radiodiffuseurs et en vertu duquel elle établit les catégories d’utilisation qu’elle autorise au titre de la présente loi ainsi que les redevances et modalités afférentes;</s>
    <s>b ) la perception et la répartition des redevances payables aux termes de la présente loi.</s>
    <s>« télécommunication »</s>
    <s>« télécommunication » Vise toute transmission de signes, signaux, écrits, images, sons ou renseignements de toute nature par fil, radio, procédé visuel ou optique, ou autre système électromagnétique.</s>
    <s>« toute oeuvre littéraire, dramatique, musicale ou artistique originale »</s>
    <s>“every original literary, dramatic, musical and artistic work”</s>
    <s>« toute oeuvre littéraire, dramatique, musicale ou artistique originale » S’entend de toute production originale du domaine littéraire, scientifique ou artistique quels qu’en soient le mode ou la forme d’expression, tels les compilations, livres, brochures et autres écrits, les conférences, les oeuvres dramatiques ou dramatico-musicales, les oeuvres musicales, les traductions, les illustrations, les croquis et les ouvrages plastiques relatifs à la géographie, à la topographie, à l’architecture ou aux sciences.</s>
    <s>L.R. (1985), ch. C-42, art. 2;</s>
    <s>L.R. (1985), ch. 10 (4e suppl.), art. 1;</s>
    <s>1988, ch. 65, art. 61;</s>
    <s>1992, ch. 1, art. 145(F);</s>
    <s>1993, ch. 23, art. 1, ch. 44, art. 53 et 79;</s>
    <s>1994, ch. 47, art. 56;</s>
    <s>1995, ch. 1, art. 62;</s>
    <s>1997, ch. 24, art. 1.</s>
    <s>Table des matières1 22.1 2.32.4 2.73 56 78 11.112 1314 14.215 1718 2021 2223 2627 27.128 29.229.3 29.629.7 3030.1 30.230.21 30.330.4 30.830.9 3132 32.232.3 3334 34.135 3838.1 38.239 4142 4343.1 44.144.2 4546 5354 5656.1 5859 6061 6464.1 6666.1 66.566.51 66.766.71 67.167.2 et 67.3 68.168.2 70.170.11 70.1770.18 70.470.5 7172 7576 7778 7980 8384 8586 8889 92ANNEXE I : DROITS EXISTANTSANNEXE IIANNEXE IIIDispositions connexesModifications non en vigueur</s>
    <s>Page suivante</s>
    <s>Primary navigation (left column)</s>
    <s>Page principale</s>
    <s>Lois codifiees</s>
    <s>Reglements codifies</s>
    <s>Textes constitutionnels</s>
    <s>Lois annuelles</s>
    <s>Recherche de base</s>
    <s>Recherche avancee</s>
    <s>Tableau des lois d'interet public et des ministres responsables</s>
    <s>Tableau des lois d'interet prive</s>
    <s>Index codifie des textes reglementaires</s>
    <s>Ressources connexes</s>
    <s>Aide generale</s>
    <s>Aide a la recherche</s>
    <s>Aide PDF</s>
    <s>Comment creer des liens stables</s>
    <s>Note importante</s>
    <s>Divulgation proactive</s>
    <s>Divulgation proactive</s>
    <s>Derniere mise a jour :</s>
    <s>Haut de la page</s>
    <s>Avis importants</s>
    <s>*L.R.C.: Lois révisées du Canada</s>
  </text>
</page>
