<?xml version="1.0" encoding="UTF-8"?>
<!DOCTYPE page SYSTEM "page.dtd">
<page>
  <lang>fr</lang>
  <url>http://www.atipiks.com/</url>
  <title>Atipiks, les instants magiques ...</title>
  <snippet>
    <s>Photo de conférence (tutoriel) Comment réaliser de belles photos de </s>
  </snippet>
  <text>
    <s>Présentation rapide</s>
    <s>Présentation rapide</s>
    <s>Nous souhaitons proposer à travers Atipiks des reportages photos , un p arc de prêt matériel , un lieu d' échanges et de rencontres autour de la photo mais également la possibilité de réaliser des expositions ou des sorties photos ou encore des séances de prise de vue . Pour nous contacter : info @ atipiks.com</s>
    <s>Lire la suite </s>
    <s>Flash infos</s>
    <s>Flash infos</s>
    <s>Pas d'informations spécifiques pour le moment.</s>
    <s>En quelques mots</s>
    <s>Quelques mots</s>
    <s>Atipiks propose de développer les activités liées à la pratique de l’image et à tout ce qui touche, de près ou de loin, à la photographie et ces valeurs ou chacun est libre de s'y exprimer selon ses envies, d’approfondir ses connaissances et de développer librement et sans contrainte son sens artistique propre à chacun, dans le but de créer un lieu d’échange, de partage et de création autour de la photographie.</s>
    <s>Photo de conférence (tutoriel) - Conseils pour réussir</s>
    <s>Écrit par Ivan Jovanovic</s>
    <s>Dimanche, 09 Mai 2010 17:07</s>
    <s>!Photo de conférence (tutoriel)Comment réaliser de belles photos de conférence (type journaliste) ?</s>
    <s>Cet article va vous détailler quelques astuces ou techniques pour arriver à réaliser un joli reportage de conférence.</s>
    <s>Avant tout, nous vous conseillons de ne pas utiliser votre flash, car la personne qui présente commencera par être agacée de prendre une décharge de lumière toutes les minutes, si ce n'est pas plus.</s>
    <s>Pour contourner l'absence de flash, il faut régler votre appareil photo avec les paramètres suivants :</s>
    <s>Lire la suite Commentaires (1)</s>
    <s>Photo d'appartement ou maison (tutoriel) - pour annonce immobilière</s>
    <s>Écrit par Ivan Jovanovic</s>
    <s>Dimanche, 02 Mai 2010 07:04</s>
    <s>Comment faire de belles photos d'appartement ou de maison pour son annonce immobilière ?</s>
    <s>Que ce soit avec un compact ou un reflex, nous allons vous donner quelques petites astuces.</s>
    <s>Auteur : uberculture / Jeremy Noble - Photo sous licence Creative Commons</s>
    <s>Lire la suite Commentaires (4)</s>
    <s>Photo d'enfants (tutoriel) - Astuces &amp; Technique</s>
    <s>Écrit par Ivan Jovanovic</s>
    <s>Mercredi, 28 Avril 2010 16:52</s>
    <s>!Dans cet article, nous allons résumer les trucs / astuces / techniques / conseils pour faire de belles photos d'enfant ou de vos enfants.</s>
    <s>Pour commencer, voici quelques astuces d'ordre général :</s>
    <s>1) Essayez de vous éloigner de votre enfant et laissez lui des jouets ou des éléments un peu partout qui vont attirer son attention.</s>
    <s>2) Si possible mettez-vous en mode rafale ou à défaut faîtes le max de photo car l'enfant bouge beaucoup (le tri pourra être réalisé sur votre PC et ça ne coûte rien, vive le numérique !)</s>
    <s>Lire la suite Ajouter un commentaire</s>
    <s>Photo HDR avec un seul fichier RAW (tutoriel)</s>
    <s>Écrit par Administrator</s>
    <s>Dimanche, 07 Février 2010 15:17</s>
    <s>!Ce tutoriel répond à une problématique de taille : Comment avoir une photo à différentes expositions sans modifier son cadrage ?</s>
    <s>Malheureusement, il n'est pas toujours facile de se balader avec son trépied mais il existe une alternative : Générer plusieurs expositions à partir d'un seul fichier-image. Le format RAW est notre solution de secours.</s>
    <s>Ce tutoriel est une sous-partie de l'article Photo HDR (tutoriel) - avec Photomatix et Qtpfsgui</s>
    <s>Il indique comment générer plusieurs photos ou images à différentes expositions - à partir d'un seul fichier.</s>
    <s>Lire la suite Commentaires (3)</s>
    <s>Photo en boite de nuit (tutoriel) - type Tillate ou Soonnight</s>
    <s>Écrit par Ivan Jovanovic</s>
    <s>Dimanche, 10 Janvier 2010 16:36</s>
    <s>!Comment obtenir avec peu de technique une belle photo en boite de nuit ou discothèque (type Tillate ou Soonnight) ?</s>
    <s>Avant tout, il faut disposer d’un appareil photo ou nous pouvons régler le temps d’ouverture et la sensibilité ISO.</s>
    <s>Accessoires obligatoires : Flash + Diffuseur</s>
    <s>Accessoires facultatifs : Câble pour déporter son flash</s>
    <s>Lire la suite Ajouter un commentaire</s>
    <s>Mise à jour le Mardi, 11 Mai 2010 15:54</s>
    <s>Ajout des commentaires sous les articles</s>
    <s>Écrit par Ivan Jovanovic</s>
    <s>Samedi, 09 Janvier 2010 11:52</s>
    <s>!Pour rendre le site Atipiks plus vivant, nous venons de mettre en place une zone pour les commentaires en dessous des articles. Cette fonctionnalité est encore en phase de rodage, du coup n'hésitez pas à nous transmettre vos suggestions.</s>
    <s>En attendant, nous vous encourageons vivement de commenter les différents articles qui seront publiés sur le site.</s>
    <s>A vous de jouer !</s>
    <s>Lire la suite Ajouter un commentaire</s>
    <s>Mot de passe</s>
    <s>Se souvenir de moi</s>
    <s>Mot de passe oublié ?</s>
    <s>Identifiant oublié ?</s>
    <s>Créer un compte</s>
    <s>Quelle marque d'appareil photo utilisez-vous ?</s>
    <s>Nous avons 8 invités en ligne</s>
    <s>Derniers articles</s>
    <s>Photo de voitures (tutoriel) - Réussir vos photos</s>
    <s>Photo de conférence (tutoriel) - Conseils pour réussir</s>
    <s>Festival de la Bière à Belgrade : Belgrade Beer Fest 2009 (Reportage)</s>
    <s>Photo d'appartement ou maison (tutoriel) - pour annonce immobilière</s>
    <s>Photo d'enfants (tutoriel) - Astuces &amp; Technique</s>
    <s>Copyright (C) 2011 Atipiks, les instants magiques . Tous droits réservés.</s>
    <s>Joomlaest un logiciel libre sous licence GNU/GPL.</s>
  </text>
</page>
