<?xml version="1.0" encoding="UTF-8"?>
<!DOCTYPE page SYSTEM "page.dtd">
<page>
  <lang>fr</lang>
  <url>http://www.euroinvestor.fr/news/story.aspx%3Fid%3D10803309</url>
  <title>2010 Storage Visions Conference Announces Reception Sponsor ...</title>
  <snippet>
    <s>Dec 22, 2009 2010 Storage Visions Conference Announces Reception Sponsor, Sessions on Clouds, Content Distribution and Personal Storage </s>
  </snippet>
  <text>
    <s>Offre Internet</s>
    <s>Mon Compte</s>
    <s>Pages Persos</s>
    <s>Envoi Gros Fichiers</s>
    <s>Plan du site</s>
    <s>Retour au portail Free</s>
    <s>Marché FR</s>
    <s>Marché USA</s>
    <s>Marché Mondial</s>
    <s>!Skip Navigation LinksAccueil » Actualites » 2010 Storage Visions..</s>
    <s>Norit Announces Lawsuits Alleging Misapp..</s>
    <s>Les Actus</s>
    <s>Resverlogix Commences Phase 2 Atheroscle..</s>
    <s>22/12/2009 19:30:00</s>
    <s>2010 Storage Visions Conference Announces Reception Sponsor, Sessions on Clouds, Content Distribution and Personal Storage</s>
    <s>SAN JOSE, CA -- (Marketwire) -- 12/22/09 -- The Ninth Annual Storage Visions Conference</s>
    <s>held at the Riviera Hotel Convention Center in Las Vegas, Nevada January 5</s>
    <s>&amp; 6, 2010 features great sessions on professional media and entertainment,</s>
    <s>consumer electronics, computer applications and storage, including new</s>
    <s>content distribution technologies and personal storage.</s>
    <s>Supermicro is a Silver conference sponsor and the reception sponsor for SV</s>
    <s>2010. The reception runs from 6:00 PM to 8 PM on January 5. During the</s>
    <s>reception conference exhibits will be open, door prizes given and the SV</s>
    <s>2010 product and company awards winners will be announced.</s>
    <s>On Wednesday January 6, 2009 starting at 11:50 AM the &quot;Cloud Storage for</s>
    <s>Consumers and Enterprises&quot; session will give attendees the chance to hear</s>
    <s>about the storage requirements and trends for on-line content delivery and</s>
    <s>remote storage. Learn about new business opportunities and how they'll</s>
    <s>impact the growth and use of storage in this growing market.</s>
    <s>Moderated by Robin Harris of StorageMojo, participants in this session</s>
    <s>include Dean Neumann from Bycast, R. Andre Peek from IBM, Kumar Abhijeet</s>
    <s>from Cleversafe, Norman Henderson from Asankya, Bhavik Vyas from Aspera</s>
    <s>Robert Ellison from Cucku and Art Cruz from Supermicro.</s>
    <s>Following this session, lunch and Simon Milner of Marvell's keynote speech</s>
    <s>on &quot;NAS for Mere Mortals,&quot; will be a session moderated by Bryan Ekus of</s>
    <s>MediaTech exploring &quot;The Future of Content Delivery.&quot; Find out about the</s>
    <s>latest trends in physical content distribution including optical and solid</s>
    <s>state models. Hear about technologies that promise to provide</s>
    <s>comprehensive and reliable network access to commercial and personal</s>
    <s>content. Can physical distribution compete against or live with content</s>
    <s>Participants in this session include Jim Taylor from Sonic, Glenn Grube</s>
    <s>from Moduslink, Alan Bell, Jim Cooke from Micron, Rick Popko from Weber</s>
    <s>Shandwick, and Steve Visconti from Atrato.</s>
    <s>The final session of SV 2010, &quot;Personal Home Storage: Saving, Sharing and</s>
    <s>Protecting Family Content;&quot; provides insights into the technology and</s>
    <s>business models enabling directly attached and networked storage. This is</s>
    <s>one of the biggest growth areas in consumer and small business storage --</s>
    <s>find out why.</s>
    <s>This session (moderated by Dave Reinsel from IDC) features Robb Moore from</s>
    <s>IoSafe, Dale Pistilli from Western Digital, Mark Fuccio from Data Robotics,</s>
    <s>Ali Simnad from PLX Technology, Debasis Baral from Samsung Information</s>
    <s>Systems, Conrad Maxwell from Silicon Image and Liz Conner from IDC.</s>
    <s>Other sponsors and exhibitors at the conference include Active Storage,</s>
    <s>AMP, Bycast, Coughlin Associates, Denali, Ellisys, Flexstar, Gillware,</s>
    <s>Hitachi GST, IoSafe, Intel, KOM Networks, Micron, Mozy, Nethra, ONFI, PLX</s>
    <s>Technology, Reverse Logistics Trade Association, STMicroelectronics,</s>
    <s>Silicon Image, SNIA Solid State Storage Initiative, Soligen Corp.,</s>
    <s>SpectraLogic, the Trusted Computing Group University of California San</s>
    <s>Diego, and Verbatim. Our many organization and media sponsors can be</s>
    <s>found on the conference web site.</s>
    <s>Conference registration is open until December 23 at:</s>
    <s>http://www.storagevisions.com/2010Register.htm. Hotel reservation</s>
    <s>information (great rates for 2010 and close to the Las Vegas Convention</s>
    <s>Center) is at: http://www.storagevisions.com/2010Travel.htm. Interested</s>
    <s>parties can also call Storage Visions at 408-978-8184 or email us at</s>
    <s>Add to Digg</s>
    <s>Bookmark with del.icio.us</s>
    <s>Add to Newsvine</s>
    <s>Tom Coughlin</s>
    <s>Coughlin Associates</s>
    <s>(408) 871-8808</s>
    <s>Email Contact</s>
    <s>Andy Marken</s>
    <s>Marken Communications</s>
    <s>(408) 986-0100</s>
    <s>Email Contact</s>
    <s>Norit Announces Lawsuits Alleging Misapp..</s>
    <s>Les Actus</s>
    <s>Resverlogix Commences Phase 2 Atheroscle..</s>
    <s>Professional Services, Consulting, Software, Hardware, Internet, Computers and Software, Electronics and Semiconductors, Electronic Components, Electronic Design Architecture, Micro-electronics and Nanotechnology, Media and Entertainment, Telecom, Telecommunication Equipment, Networking, Peripherals, Information Services, Music and Radio</s>
    <s>Top Actu Finance</s>
    <s>Orco Property Group finalise l'accord de vente d'actifs Russe pour un montant de 53.000.000€ conformément à la stratégie de restructuration</s>
    <s>CREDIT AGRICOLE NORD DE FRANCE : Déclaration hebdomadaire des transactions sur CCI</s>
    <s>MANUTAN INTERNATIONAL :Chiffre d'Affaires du 4ème TRIMESTRE 2010/2011</s>
    <s>Lancement du concours 'Atos IT Challenge' dans 26 universités</s>
    <s>J.C. Flowers &amp; Co. rachète Fidea (Belgique) au groupe KBC</s>
    <s>CRCAM Toulouse 31 : Déclaration hebdomadaire des transactions sur CCI semaine 41</s>
    <s>Le ministre de l'Immigration annonce des équivalences au test TOEFL® pour les visas détudiants en Australie</s>
    <s>Alcatel-Lucent :Alcatel-Lucent publiera ses résultats du troisième trimestre 2011 le vendredi 4 novembre 2011</s>
    <s>Crédit Agricole Brie Picardie :déclaration hebdo transactions sur actions propres</s>
    <s>CIMENTS FRANCAIS : déclaration des transactions sur actions propres réalisées du 10 au 14 octobre 2011</s>
    <s>Résumé du marché</s>
    <s>Market closed</s>
    <s>-2,0% !Cours de bourse en baisse</s>
    <s>Nasdaq Comp.</s>
    <s>-2,1% !Cours de bourse en baisse</s>
    <s>Dow Jones</s>
    <s>0,3% !Cours en hausse</s>
    <s>0,3% !Cours en hausse</s>
    <s>Brent Oil</s>
    <s>» Marché français</s>
    <s>-2,1% !Cours de bourse en baisse</s>
    <s>Dow Jones</s>
    <s>Market closed</s>
    <s>-2,0% !Cours de bourse en baisse</s>
    <s>Nasdaq Comp.</s>
    <s>-1,9% !Cours de bourse en baisse</s>
    <s>S&amp;P; 100</s>
    <s>-1,9% !Cours de bourse en baisse</s>
    <s>S&amp;P; 500</s>
    <s>-0,2% !Cours de bourse en baisse</s>
    <s>» Marché USA</s>
    <s>Euronext 100</s>
    <s>Market closed</s>
    <s>-1,8% !Cours de bourse en baisse</s>
    <s>DAX 30</s>
    <s>FTSE 100</s>
    <s>IBEX 35</s>
    <s>0,0% !Cours de bourse inchangé</s>
    <s>» Marché européen</s>
    <s>Actu Finance en Anglais</s>
    <s>2 jours</s>
    <s>1 semaine</s>
    <s>1 mois</s>
    <s>CORRECTION: Standard &amp; Poor's assigns a preliminary AAA rating to BRFkredit's Bonds in both Capital Centre E and Capital Cen</s>
    <s>G4S plc UK DK : Acquisition</s>
    <s>CORRECTION: OPTION RIGHTS 2006 C OF CRAMO PLC WILL BE LISTED ON 3 OCTOBER 2011</s>
    <s>Standard &amp; Poor's assigns a preliminary AAA rating to BRFkredit's Bonds in both Capital Centre E and Capital Centre B</s>
    <s>Combining ISS and G4S - Creating the World's Largest Integrated Security and Facilities Services Group</s>
    <s>Prepayments, Realkredit Danmark A/S</s>
    <s>» Lire plus</s>
    <s>Raptor Pharmaceutical Corp. to Present at the BioCentury NewsMakers Conference</s>
    <s>ISSUER CHANGE: RBS N.V. - TRANSFER OF SECURITIES TO RBS PLC</s>
    <s>ENERGY INTO EFFICIENT LIVING THROUGH THE YIT eTALO CONCEPT</s>
    <s>CORRECTION: Standard &amp; Poor's assigns a preliminary AAA rating to BRFkredit's Bonds in both Capital Centre E and Capital Cen</s>
    <s>The Medicines Company's MDCO-2010 Meets Clinical Trial Objectives in Patients Undergoing Open-Heart Surgery</s>
    <s>.XXX Racing Off Shore Unveils at Traffic Domain Investment Show</s>
    <s>» Lire plus</s>
    <s>Trustbuddy International AB (publ) appoints Mangold Fondkommission AB as its Market Maker</s>
    <s>JOINT VENTURE IN CHINA COMPLETED BETWEEN PREVIOUSLY WHOLLY OWNED SUBSIDIARY (NOW ASSOCIATE COMPANY) AND MAJOR CHINESE MEDIA COMP</s>
    <s>Insider Trading</s>
    <s>ENERGY INTO EFFICIENT LIVING THROUGH THE YIT eTALO CONCEPT</s>
    <s>Airbus Denmark Holding ApS</s>
    <s>VNT handles 34% more freight in 2011</s>
    <s>» Lire plus</s>
    <s>Droit d'auteur Euroinvestor A/S 2011</s>
    <s>mardi 18 octobre 2011 06:54:25</s>
    <s>(UTC+01:00) Brussels, Copenhagen, Madrid, Paris</s>
    <s>Copyright (C) 2010</s>
    <s>Protection de l'enfance</s>
    <s>Signaler un contenu illicite</s>
    <s>Free, la société</s>
    <s>Free recrute</s>
    <s>Nous contacter</s>
    <s>Version: ReleaseCandidateBuild 20110926.1 - EUROWEB4 - 2011-10-18 06:54:25 - 2011-10-18 06:54:25 - 4 - Website: OKAY</s>
  </text>
</page>
