<?xml version="1.0" encoding="UTF-8"?>
<!DOCTYPE page SYSTEM "page.dtd">
<page>
  <lang>fr</lang>
  <url>http://www.boucherville.ca/cgi-bin/index.cgi%3Fpage%3DA27_81</url>
  <title>Ville de Boucherville::Conférence - Atelier-démonstration ...</title>
  <snippet>
    <s>Cette conférence est organisée par La Société d&#39;horticulture et d&#39;écologie de Boucherville (SOCHEB) et présentée par Christine Goupil, fleuriste, </s>
  </snippet>
  <text>
    <s>Heures d'ouverture | Assistance technique | Mentions legales | Plan du site | Nous joindre | English</s>
    <s>Travailler oucherville</s>
    <s>Liens utiles</s>
    <s>Vous s ici : Confnce - Atelier-dnstration: Splendeurs de No/div&gt;</s>
    <s>Citoyens Corporatifs</s>
    <s>Conference - Atelier-demonstration: Splendeurs de No/h2&gt;</s>
    <s>Cette conference est organisee par La Societe d'horticulture et d'ecologie de Boucherville (SOCHEB) et presentee par Christine Goupil, fleuriste, proprietaire Les fleurs de lartiste de Boucherville.</s>
    <s>Atelier participatif oame Goupil vous demontrera comment realiser de superbes arrangements floraux pour decorer votre demeure occasion des fs. Plusieurs participants auront la possibilite de realiser des pis sous lil de notre experte, et ce, dans un esprit festif!</s>
    <s>Inscriptions et renseignements</s>
    <s>450 641-8362</s>
    <s>Centre multifonctionnel Francine-Gadbois</s>
    <s>Co /&gt;</s>
    <s>Gratuit pour les membres et 7 $ pour les non-membres</s>
    <s>16 novembre 2011</s>
    <s>19 h 30</s>
    <s>Flash player 10 et plus est nécessaire pour visualiser cette application.</s>
    <s>Vous pouvez le télécharger en cliquant ici.</s>
    <s>Services en ligne</s>
    <s>Inscription aux activites de loisirs</s>
    <s>Catalogue de la bibliothe</s>
    <s>Évaluation fonci</s>
    <s>Octobre 2011</s>
    <s>1 class=select type calendrier&gt; Tous les nements Activitdu conseil Collectes et environnement Culture et bibliothe Sports et loisirs Autres</s>
    <s>Partager : Facebook Twitter Envoyer n ami FacebookImprimer</s>
    <s>S'abonner Flux RSS Infolettre</s>
    <s>Question de la semaine</s>
    <s>Participerez-vous a f de lHalloween au marchublic Lionel-Daunais le 30 octobre prochain?</s>
    <s>Proposez-nous une question</s>
    <s>Requs et commentaires</s>
    <s>Vous avez une requ ou encore un commentaire ous faire concernant un de nos services? Faites-nous en part.</s>
    <s>lise roy calendrier emplois magalie queval travail vente de garage horaire avril carte acces jean martel ville emploi maire visiteur citoyens corporatifs bottin cellulaires luation fonci mairie boucherville collecte programme rons mopolitaines bibliothe budget</s>
    <s>Copyright (C) 2010 Ville de Boucherville. Tous droits reserves.</s>
  </text>
</page>
