<?xml version="1.0" encoding="UTF-8"?>
<!DOCTYPE page SYSTEM "page.dtd">
<page>
  <lang>fr</lang>
  <url>http://www.nanterrereseau.info/spip.php%3Farticle151</url>
  <title>4e conférence Ville-Université, partenaires pour l&#39;écologie ...</title>
  <snippet>
    <s>10 mai 2011 Bernadette Madeuf présidente de l&#39;Université Paris Ouest Nanterre La Défense Patrick Jarry maire de Nanterre, conseiller général des (.</s>
  </snippet>
  <text>
    <s>Accès à la</s>
    <s>Page Accueil</s>
    <s>&quot;Celles et ceux qui font Nanterre&quot;</s>
    <s>La rédaction :</s>
    <s>Demande d'inscription à notre liste de diffusion à l'adresse :</s>
    <s>4e conférence Ville-Université, partenaires pour l’écologie urbaine</s>
    <s>mardi 10 mai 2011, par La Rédaction</s>
    <s>Bernadette Madeuf présidente de l'Université Paris Ouest Nanterre La Défense</s>
    <s>Patrick Jarry maire de Nanterre, conseiller général des Hauts-de-Seine</s>
    <s>Vous invitent à participer à la 4e conférence Ville-Université</s>
    <s>La ville et l'université, partenaires pour l'écologie urbaine</s>
    <s>le mardi 10 mai 2011</s>
    <s>de 10 à 18 heures</s>
    <s>à l'Université Paris Ouest Nanterre La Défense</s>
    <s>200, avenue de la République - 92000 Nanterre</s>
    <s>Déroulement de la journée sur :</s>
    <s>Associations à Nanterre</s>
    <s>Invitation à lire</s>
    <s>Mon avis </s>
    <s>Organisations politiques à Nanterre</s>
    <s>Réelle démocratie</s>
    <s>Rechercher :</s>
    <s>Copyright © 2009 NanterreReseau.Info - Tous droits réservés.</s>
    <s>Dans la meme rubrique</s>
    <s>La ville de Nanterre espère accueillir les championnats du monde de Handball de 2017 à l’Arena</s>
    <s>Boulevard du 17 octobre 1961 à Nanterre</s>
    <s>Une interdiction de démolir suspend un projet de tours à la Défense</s>
    <s>CGT ALLIANCE HEALTHCARE - Gennevilliers</s>
    <s>Six Directeurs de l’entreprise ont essayé de faire le hold-up du siècle.</s>
    <s>Patrick Jarry : &quot;La décision du maire de Neuilly de ne pas autoriser un rassemblement en mémoire du 17 octobre 1961 est inacceptable&quot;</s>
    <s>Primaire citoyenne, mode d'emploi</s>
    <s>Cinquante ans après le 17 octobre 1961. Nanterre ne veut pas oublier.</s>
    <s>Des perturbations attendues dans la collecte des déchets à Nanterre</s>
    <s>Nanterre dans l’élite du basket français : Tous ensemble relevons le défi</s>
    <s>La Tribu des Compagnies réunies vous invite au : 8e Café des Arts</s>
    <s>17 octobre 1961 à la Médiathèque Pierre &amp; Marie Curie</s>
    <s>Constitution du comité de défense et de modernisation de l’hôpital Max Fourestier à Nanterre</s>
    <s>En écho à la commémoration du 17 octobre 1961</s>
    <s>Notre hôpital, c’est vital</s>
    <s>Appel à la création d’un Comité de défense et de modernisation de l’hôpital de Nanterre</s>
    <s>Commémoration du 50e anniversaire du 17 octobre 1961</s>
    <s>Nuit blanche à Nanterre</s>
    <s>La ville de Nanterre se réjouit de la fin du conflit au collège Evariste Galois</s>
    <s>Collège Evariste-Galois : le Maire de Nanterre demande le déblocage de la situation</s>
    <s>Les images du monde s'exposent Quai Branly</s>
    <s>Au musée d'Orsay, la beauté comme art de vivre</s>
    <s>*mardi 10 mai 2011: 2011-05-10T04:00:00Z</s>
  </text>
</page>
