<?xml version="1.0" encoding="UTF-8"?>
<!DOCTYPE page SYSTEM "page.dtd">
<page>
  <lang>fr</lang>
  <url>http://furlan.wallonie.be/invitation-presse-pr-sentation-du-colloque-bassin-de-ville-bassin-de-vie</url>
  <title>Monsieur Paul FURLAN</title>
  <snippet>
    <s>3 oct. 2011 Invitation presse: « Présentation du Colloque Bassin de Ville, Bassin et de la Ville, vous invite à participer à la conférence de presse qui se </s>
  </snippet>
  <text>
    <s>Gouvernement W |</s>
    <s>Plan du site</s>
    <s>Entrez vos mots-clés :</s>
    <s>Monsieur Paul FURLAN</s>
    <s>Ministre des Pouvoirs locaux et de la Ville, en charge du Tourisme</s>
    <s>Accueil &gt; Espace presse &gt; Invitation presse: « Présentation du Colloque Bassin de Ville, Bassin de vie»</s>
    <s>Biographie &amp; Curriculum</s>
    <s>Discours et interventions</s>
    <s>Sites utiles</s>
    <s>Déclaration de Politique Régionale Wallonne 2009-2014</s>
    <s>Code de la démocratie locale et de la décentralisation</s>
    <s>Service Public de Wallonie</s>
    <s>DG opérationnelle pouvoirs locaux, action sociale et santé</s>
    <s>Province du Luxembourg</s>
    <s>Tous les sites utiles</s>
    <s>Invitation presse: « Présentation du Colloque Bassin de Ville, Bassin de vie»</s>
    <s>Début : 04 octobre 2011, 11h30</s>
    <s>Fin : 04 octobre 2011, 14h00</s>
    <s>Lieu :</s>
    <s>Maison de la presse de Charleroi – 15, rue Tumelaire - 6000 – Charleroi</s>
    <s>Paul Furlan, Ministre wallon des Pouvoirs Locaux et de la Ville, vous invite à participer à la conférence de presse qui se tiendra à la Maison de la presse de Charleroi, à 11h30 ce mardi 4 octobre 2011, afin de présenter le colloque : « Bassin de Ville, Bassin de vie ».</s>
    <s>A l’heure actuelle, les Villes représentent de véritables moteurs économiques mais aussi de formidables enjeux de développement et d’attractivité. Ce n’est donc pas une coïncidence si le Gouvernement wallon a décidé de leur dédier une part substantielle de sa Déclaration de Politique Régionale.</s>
    <s>Nombre de nos voisins européens (la France, la Grande-Bretagne, etc.) ainsi que la Flandre en ont structuré les principaux enjeux et atouts autour d’un axe politique spécifique. À nous de jouer!</s>
    <s>En qualité de tout premier Ministre en charge de la coordination de cette politique, Paul Furlan aura comme objectif de favoriser la cohérence de l'ensemble des politiques sectorielles menées au sein des espaces urbains.</s>
    <s>Il semble indispensable de définir, de lancer et d’ouvrir une discussion avec l’ensemble du public concerné (les mandataires, les mondes politiques, administratifs, universitaires et citoyens) quant à l’ambition que doit avoir la Wallonie en la matière.</s>
    <s>Lors de cette conférence de presse, Paul Furlan reprendra les grandes lignes directrices qui seront débattues lors de ce colloque qui se tiendra ces 6 et 7 octobre 2011 au CEME de Charleroi. Vous recevrez également lors de cette conférence de presse le programme officiel du Colloque.</s>
    <s>Pratiquement :</s>
    <s>Lieu de la conférence de presse :</s>
    <s>Maison de la presse de Charleroi – 15, rue Tumelaire - 6000 – Charleroi</s>
    <s>Date :</s>
    <s>04 octobre 2011 à 11h30</s>
    <s>Pour plus de renseignements : Jean Fassiaux 0474/468.782</s>
    <s>Date et lieu</s>
    <s>Ma, 2011-10-04 11:30 - 14:00</s>
    <s>Maison de la presse de Charleroi – 15, rue Tumelaire - 6000 – Charleroi</s>
    <s>Monsieur Paul FURLAN</s>
    <s>Envoyer à un ami</s>
    <s>Del.icio.us Facebook Digg</s>
    <s>Ministres concernés !Monsieur Paul FURLAN</s>
    <s>Monsieur Paul FURLAN</s>
    <s>Ministre des Pouvoirs locaux, de la Ville et du Tourisme</s>
    <s>Voir aussi</s>
    <s>Grand succès pour le séminaire de présentation « Qualiroutes » à la Marlagne</s>
    <s>Andenne : 338.000 euros pour le plan triennal !</s>
    <s>Visite au CPAS de Charleroi »</s>
    <s>Leuze-en-Hainaut: 290.000 euros pour l’entretien des voiries</s>
    <s>Florenville: 180.000 euros pour l’entretien des voiries</s>
    <s>Colloque Bassin de Ville, Bassin de Vie 6&amp;7 octobre 2011</s>
    <s>Circulaire budgétaire : On balise</s>
    <s>Couvin : 570.000 € pour l'entretien des voiries !</s>
    <s>Bertrix : 470.000 euros pour l’entretien des voiries</s>
    <s>Arlon: 567.000 euros pour l’entretien des voiries</s>
    <s>!Région Wallonne</s>
    <s>Mentions légales</s>
    <s>Vie privée</s>
    <s>Drupal sous licence GPL</s>
  </text>
</page>
