<?xml version="1.0" encoding="UTF-8"?>
<!DOCTYPE page SYSTEM "page.dtd">
<page>
  <lang>fr</lang>
  <url>http://jda.revues.org/3115</url>
  <title>« Evaluer l&#39;ethnographie visuelle : recherche, analyse ...</title>
  <snippet>
    <s>Sous ce titre ambitieux et alléchant, s&#39;est réunie à Leiden une conférence internationale. Les participants actifs, environ une vingtaine, venaient des Pays- Bas (dix, Ces trois journées se sont achevées par une excursion-réception « en </s>
  </snippet>
  <text>
    <s>Navigation - Plan du site</s>
    <s>Journal des anthropologues</s>
    <s>Association française des anthropologues</s>
    <s>Langue du site English Français</s>
    <s>Accueil &gt; Numéros &gt; &gt; Anthropologie visuelle &gt; « Evaluer l’ethnographie visuelle </s>
    <s>79 | 1999 : Tour de Babel et tours d'ivoire des anthropologues et des médias</s>
    <s>Anthropologie visuelle</s>
    <s>« Evaluer l’ethnographie visuelle : recherche, analyse, représentation et culture »</s>
    <s>Université de Leiden (24-29 septembre 1999)</s>
    <s>Colette Piault</s>
    <s>p. 173-177</s>
    <s>Signaler ce document</s>
    <s>Sous ce titre ambitieux et alléchant, s’est réunie à Leiden une conférence internationale. Les participants actifs, environ une vingtaine, venaient des Pays-Bas (dix, de Leiden et Amsterdam), mais aussi des Etats-Unis (John R. Freeman, Karl G. Heider), de Grande-Bretagne (Jonathan Benthall), du Japon (Yasuhiro Omori), d’Allemagne (Jean Lydall, Jos D. M. Platenkamp, Ivo Strecker), et de France (Jean Rouch, Colette Piault et Nadine Wanono).</s>
    <s>L’occasion de cette rencontre était un hommage rendu à Dirk J. Nijland, responsable de la section d’Ethnographie visuelle au département d’anthropologie, au moment où il s’apprête à prendre quelque distance avec ses responsabilités universitaires après trente années à la tête de cette section. Il est important de rappeler qu’avant lui, Adrian A. Gerbrands (1917-1997) avait, au sein de ce département, largement contribué au développement d’une perspective théorique sur l’utilisation de l’audiovisuel dans la recherche anthropologique. Pour nous, qui avons suivi les films réalisés au sein de ce département à travers le bilan du film ethnographique et d’autres festivals internationaux, il était clair qu’à Leiden se trouvait un foyer intéressant et solide d’anthropologie visuelle, appelé là « ethnographie visuelle », une différence d’appellation qui n’est pas sans signification.</s>
    <s>L’organisation de cette conférence reposait principalement sur les épaules de Selena van Apeldoorn, Erik de Maaker, Steef Meyknecht, Dirk J. Nijland, Metje Postma, Han Vermeulen aidés par plusieurs étudiants.</s>
    <s>La structure de cette rencontre était originale et fructueuse. Les organisateurs ont sélectionné sept films ( quatre avaient été réalisés dans le cadre de l’université de Leiden ) dont la projection, ouverte à un public plus large, avait lieu en soirée. Le lendemain, les réalisateurs de ces films devaient présenter chacun une communication à propos de leur travail (recherche, projet, tournage, montage ) et des rapporteurs qui, avant la conférence, avaient pu lire le texte de la communication et visionné le film, devaient présenter un point de vue à ce propos. Les films étaient regroupés autour d’un thème qui était également au centre d’une table ronde quotidienne qu’animait un président de séance, déjà chargé d’harmoniser les échanges entre réalisateur et rapporteur.</s>
    <s>Ces thèmes couvraient quelques aspects généraux du champ de l’anthropologie visuelle :</s>
    <s>1. Recherche et analyse à l’aide de moyens audiovisuels</s>
    <s>2. La représentation visuelle de la recherche anthropologique</s>
    <s>3. Le récit dans le film ethnographique.</s>
    <s>La séance de clôture fut consacrée à un exercice synthétique : « Evaluer l’ethnographie visuelle : Recherche, Analyse, Représentation et Culture ».</s>
    <s>La section d’Ethnographie visuelle de l’université de Leiden, fortement marquée par la personnalité et les préoccupations de son responsable, Dirk Nijland, s’est principalement concentrée sur l’enregistrement descriptif et soigneux des rituels, en particulier en Inde et en Indonésie.</s>
    <s>Ainsi la première des trois journées fut consacrée à la discussion de trois films portant sur des rituels : The Shadow of the Sun (Dogon Mali ; Nadine Wanono, CNRS, France), Teyyam, The Annual Visit of the God Vishnumurti (Kerala, Inde ; Erik de Maaker, Leiden, Pays-Bas), et Seven Young Gods of Fortune : Fertility Rite of Dosojin (Rural Japan ; Yasuhiro Omori, musée d’Osaka, Japon), ainsi qu’à la présentation par Paul Folmer (Leiden) de ses travaux sur les rituels de mariage manding au Sénégal et surtout à la manière dont les enregistrements en vidéo pouvaient servir à mettre en évidence les résultats d’une recherche ethnographique.</s>
    <s>La deuxième journée s’est concentrée sur le travail de Ivo Strecker et Jean Lydall chez les Hamar d’Ethiopie autour d’un de leurs films Song of the Hamar Herdsmen et sur un film réalisé par Dirk Nijland, Bert van den Hoek (université de Leiden) et Bal Gopal Shrestha (Tribhuvan University, Katmandou, Nepal &amp; Université de Leiden), Sacrifice of Serpents : The Festival of Indrayani : Katmandu , 1992-94.</s>
    <s>Le troisième jour, nous avons quitté le monde des rituels pour aborder le cinéma ethnographique en Europe avec les films Men and Mares (Zeeland, Pays-Bas ; Metje Postma, Leiden) montrant la relation entre hommes et juments de labour dans une île du Zeeland et un premier montage du film Boarded Up (Amsterdam, Pays-Bas ; Steef Meyknecht, Leiden) consacré à une expulsion et au relogement de locataires d’un immeuble à Amsterdam.</s>
    <s>Le fait d’argumenter à partir d’un ou de plusieurs films précis m’a paru une formule intéressante et originale.</s>
    <s>Un livre devrait reprendre et développer les principaux thèmes abordés. Nous nous contenterons ici de citer « en vrac » quelques‑unes des questions posées et des idées lancées :</s>
    <s>A propos du film de Yasuhiro Omori : les chercheurs se concentrent sur leur recherche et oublient de s’attacher à une présentation pour des spectateurs non avertis ; jusqu’à quel point le contexte est-il nécessaire pour une bonne compréhension par le public ? Quel public visons-nous ?</s>
    <s>Selon Dirk Nijland, l’idée que « les images doivent raconter l’histoire » n’est pas recevable.</s>
    <s>Se pose alors la question centrale de l’utilité du commentaire et de sa nature.</s>
    <s>Ivo Strecker fait remarquer que le cinéma ethnographique a d’une certaine façon révolutionné l’ethnographie en posant la question de la place de l’ethnologue et de sa relation à l’autre. Ne serait-ce que pour cette raison, il convient, selon lui, de célébrer le rôle du film.</s>
    <s>Karl Heider fait remarquer que les tout premiers films ethnographiques portaient sur la technologie, pas encore sur les rituels. Ainsi le récit devait (et pouvait) être visuel. Selon lui, la description de la culture de la patate douce était un processus simple comparé à quinze jours d’un rituel complexe.</s>
    <s>Se référant à cette affirmation de Karl Heider, Ivo Strecker pose la question : « Peut-on filmer des idées ? ». Filmer serait comme chasser mais on ne tue ( shoot ) pas, on lit et suit des signes. On ne filme pas des idées mais on filme l’expression de ces idées.</s>
    <s>Quel serait l’effet d’un tournage sur les personnes filmées ? Souvent surévalué par le réalisateur.</s>
    <s>Mais à cette interrogation s’ajoute une question posée par Jonathan Benthall à propos des personnes qui ne souhaitent pas être filmées dans le cas où leurs proches voisins verraient le film. Se pose alors le droit des personnes filmées sur le film.</s>
    <s>Le film pourrait être conçu comme un instrument pour la recherche anthropologique plutôt que comme une représentation visuelle.</s>
    <s>En conclusion, la question « est-il possible de filmer une idée ? » se pose à nouveau. Ce ne serait pas possible du point de vue d’un observateur mais par contre tout à fait acceptable du point de vue d’un participant à une culture donnée : n’est-ce pas déjà le cas de la peinture abstraite ?</s>
    <s>Dirk Nijland nous a offert une conférence d’adieu «  farewell lecture  » où il a mis l’accent sur l’émergence de l’ethnographie visuelle comme sous-discipline et précisé les raisons pour lesquelles à son avis le « visuel » joue un rôle prépondérant et dans une certaine mesure autonome dans l’esprit humain.</s>
    <s>Han Vermeulen, en conclusion, mentionne l’existence de différents courants en anthropologie visuelle, en France, en Grande‑Bretagne ou aux Pays-Bas qui s’orientent de plus pen plus vers la réalisation de films satisfaisants.</s>
    <s>Il précise qu’au moment de remercier Dirk Nijland, le choix pouvait se faire entre un livre hommage ou une conférence entre ethnologues et cinéastes. Le choix d’une conférence donnant lieu à un ouvrage a permis de combiner les deux possibilités. Des extraits de films pourraient être intégrés dans l’ouvrage en DVD.</s>
    <s>Le nombre limité de participants à cette conférence a rendu les contacts fructueux et l’atmosphère tout à fait chaleureuse et agréable. Le fait de débattre pendant trois jours à propos de seulement sept films et le fait de les projeter la veille des sessions qui leur étaient consacrés, fut productif et satisfaisant.</s>
    <s>Ces trois journées se sont achevées par une excursion-réception « en bateau sur l’eau » bien sûr, au cours de laquelle sous une somptueuse pleine lune et en musique, nous avons affronté un redoutable orage avec éclairs, tonnerre, foudre </s>
    <s>Parmi les cadeaux offerts à Dirk pour son départ, il y avait une bicyclette : nous pouvons donc espérer le voir arriver très bientôt à Paris </s>
    <s>Numéros en texte intégral</s>
    <s>114-115 | 2008</s>
    <s>L’empathie en anthropologie</s>
    <s>112-113 | 2008</s>
    <s>Anthropologie des usages sociaux et culturels du corps</s>
    <s>110-111 | 2007</s>
    <s>De l’anthropologie de l’autre à la reconnaissance d’une autre anthropologie</s>
    <s>108-109 | 2007</s>
    <s>Anthropologues à durée déterminée / Peurs collectives / Regards sur les banlieues en crises</s>
    <s>Hors-série | 2007</s>
    <s>Identités nationales d'Etat</s>
    <s>106-107 | 2006</s>
    <s>Des normes à boire et à manger</s>
    <s>104-105 | 2006</s>
    <s>Anthropologie et Histoire face aux légitimations politiques</s>
    <s>102-103 | 2005</s>
    <s>Gérard Althabe</s>
    <s>100-101 | 2005</s>
    <s>Education, religion, état</s>
    <s>98-99 | 2004</s>
    <s>Globalisation. Tome II</s>
    <s>96-97 | 2004</s>
    <s>Globalisation. Tome I</s>
    <s>94-95 | 2003</s>
    <s>Les ONG</s>
    <s>92-93 | 2003</s>
    <s>Actualité politique dans l’étude des sociétés contemporaines</s>
    <s>90-91 | 2002</s>
    <s>Monnaies : pluralités – contradictions</s>
    <s>88-89 | 2002</s>
    <s>Médecine et biologie</s>
    <s>87 | 2001</s>
    <s>Parcours de l'ethnologie dans le monde post-soviétique</s>
    <s>85-86 | 2001</s>
    <s>Sens Action</s>
    <s>84 | 2001</s>
    <s>Anthropologie et économie</s>
    <s>82-83 | 2000</s>
    <s>Anthropologie des sexualités</s>
    <s>80-81 | 2000</s>
    <s>Questions d’optiques</s>
    <s>79 | 1999</s>
    <s>Tour de Babel et tours d'ivoire des anthropologues et des médias</s>
    <s>77-78 | 1999</s>
    <s>Nouvelles configurations économiques et hiérarchiques</s>
    <s>75 | 1998</s>
    <s>Statut de l'écrit et de l'écriture en anthropologie</s>
    <s>74 | 1998</s>
    <s>Anthropologie des choix alimentaires</s>
    <s>72-73 | 1998</s>
    <s>Nationaux, étrangers ? Logiques d'état et enjeux quotidiens</s>
    <s>71 | 1997</s>
    <s>Tous les numéros</s>
    <s>Anthropologie visuelle</s>
    <s>Présentation de la revue</s>
    <s>Avis aux auteurs</s>
    <s>Organisation éditoriale</s>
    <s>!RSS Fil des numéros</s>
    <s>!RSS Fil des documents</s>
    <s>Lettres d'information</s>
    <s>La lettre de Revues.org</s>
    <s>ISSN électronique 2114-2203</s>
    <s>Plan du site - Contacts - Crédits - Flux de syndication</s>
    <s>Nous adhérons à Revues.org - Édité avec Lodel - Accès réservé</s>
    <s>Revues.orgRevues et collections de livres</s>
    <s>Les revues (304)</s>
    <s>Les collections de livres (18)</s>
    <s>En savoir plus</s>
    <s>CalendaCalendrier des sciences sociales</s>
    <s>Acceder aux evenements (16426)</s>
    <s>En savoir plus</s>
    <s>Hypotheses.orgCarnets et blogs de recherche</s>
    <s>Acceder aux carnets (242)</s>
    <s>En savoir plus</s>
    <s>Lettre &amp; alertes</s>
    <s>LettreS'abonner a la Lettre de Revues.org</s>
    <s>Alertes &amp; abonnementsAcceder au service</s>
    <s>Journal des anthropologues</s>
    <s>Association française des anthropologues</s>
    <s>En bref :</s>
    <s>Revue diffusant des travaux anthropologiques récents portant sur les transformations du monde contemporain et sur ses nouveaux objets de recherche</s>
    <s>A journal publishing anthropological research on social change in the contemporary world</s>
    <s>Ethnologie ; anthropologie, Anthropologie sociale, Anthropologie culturelle, Anthropologie politique, Anthropologie religieuse</s>
    <s>Dir. de publication :</s>
    <s>Laurent Bazin</s>
    <s>Association française des anthropologues</s>
    <s>Papier et électronique</s>
    <s>ISSN imprimé :</s>
    <s>Barrière mobile</s>
    <s>DOI / References</s>
    <s>Citer cette reference</s>
    <s>Du meme auteur</s>
    <s>Articles du meme auteur dans la revue</s>
    <s>Colette Piault</s>
    <s>L'association européenne inédits (AEI) [Texte integral Paru dans Journal des anthropologues , 71 | 1997 ]</s>
    <s>Jean Rouch toujours présent (31 mai 1917 - 18 février 2004) [Texte integral Paru dans Journal des anthropologues , 96-97 | 2004 ]</s>
    <s>Films de famille et films sur la famille [Texte integral Paru dans Journal des anthropologues , 94-95 | 2003 ]</s>
    <s>Tous les textes</s>
    <s>Signaler cet article</s>
    <s>Imprimer cet article</s>
  </text>
</page>
