<?xml version="1.0" encoding="UTF-8"?>
<!DOCTYPE page SYSTEM "page.dtd">
<page>
  <lang>fr</lang>
  <url>http://www.francislagace.org/conferences.php</url>
  <title>Conférences - Francis Lagacé</title>
  <snippet>
    <s>L&#39;ivresse des mots », conférence-atelier-dégustation, Centre de communication écrite de l&#39;Université de Montréal, 19 mars 2003. </s>
  </snippet>
  <text>
    <s>Francis Lagace</s>
    <s>« Le Revenu de citoyennete: utopie ou dystopie? » dans le cadre des journees Michel-Chartrand, cafe-bistro l'Etc. Longueuil, 8 juin 2011.</s>
    <s>« Minorite, precarite : cocktail empoisonne (propositions pour l'elaboration d'un eventuel antidote dans le contexte quebecois) » dans le cadre du IXe colloque de la COCAL (Coalition of Contingent Academic Labor) le 14 aout 2010 a l'Universite Laval de Quebec.</s>
    <s>« L'espoir de la regularite, conte d'un voyage qui demarre sur des terres mouvantes et se dirige vers une situation plus stable » dans le cadre de la session Tenure for contingents le 9 aout 2008 a 16 heures au congres de la Coalition for Contingent Academic Labor (COCAL VIII) a San Diego, San Diego State University.</s>
    <s>« Homosexualite et societe: l'exemple canadien », conference-debat dans le cadre de la Journee mondiale de lutte contre l'homophobie, maison Arc-en-ciel, organisme Alliage, Liege, jeudi 17 mai 2007.</s>
    <s>« Des gais et des lesbiennes dans mon syndicat? dans le cadre de la matinee d'information et de reflexion Je suis homo. Je vaux moins qu'un(e) hetero? Siege de la FGTB (Federation generale des travailleurs de Belgique), Liege, 16 mai 2007.</s>
    <s>« L'urbanisme du village et la communaute gaie, un cas exemplaire : le Parc de l'espoir », dans le cadre d'un cours d'urbanisme donne par Éric Weiss-Altaner, Universite du Quebec a Montreal, 30 octobre 2006.</s>
    <s>Presentation du plan d'action intersyndicale pour les droits des gais et lesbiennes, Workers Out 2006, Palais des congres de Montreal, mercredi 26 juillet 2006.</s>
    <s>« Homophobie et milieu de travail », conference dans le cadre de la journee nationale de lutte contre l'homophobie, Hotel des Gouverneurs, place Dupuis a Montreal, le 17 mai 2006.</s>
    <s>« Le mouvement gai comme mouvement social au Quebec », dans le cadre d'un cours de sociologie donne par Helene Belley, Universite du Quebec a Montreal, le 21 mars 2006.</s>
    <s>« Voyage au centre de la petite maison dans le petit vallon », dans le cadre du colloque D'ecrire le monde , organise par Christiane Lahaie, au 72e Congres de l'ACFAS (l'Association francophone pour le savoir) a l'Universite du Quebec a Montreal le jeudi 13 mai 2004.</s>
    <s>« L'ivresse des mots », conference-atelier-degustation, Centre de communication ecrite de l'Universite de Montreal, 19 mars 2003.</s>
    <s>« Une breve histoire du vin », Centre communautaire des gais et lesbiennes de Montreal, 18 novembre 2002.</s>
    <s>« Quebec's lesbian and gay trade union Forum and the three unions : CSN, CSQ &amp; SCFP-FTQ (CUPE) : legislation free from discrimination against homosexual peopleA trade union and community victory » avec Jean-Pierre LeClerc et Michael Butler, Workers Out 2002, Sydney, 2 novembre 2002.</s>
    <s>« Considering Diversity », colloque de la COCAL (Coalition of Contingent Academic Labor) A new challenge/Un nouveau defi , Universite Concordia, Montreal, 5 octobre 2002.</s>
    <s>« La methode et la motivation » dans le cadre du colloque L'expression ecrite et les methodes de travail des etudiants. Ou sont les problemes? Ou sont les solutions? , congres de l'ACFAS, Universite de Sherbrooke, 16 mai 2001.</s>
    <s>« Les buts et les effets de la correction du français ecrit », L'expression ecrite et les methodes de travail des etudiants. Ou sont les problemes? Ou sont les solutions? , congres de l'ACFAS, Universite de Sherbrooke, 16 mai 2001.</s>
    <s>« La correction globale en enseignement de l'ecrit », colloque de l'Association for French Language Studies (AFLS), Universite Laval, 24 aout 2000.</s>
    <s>« À la recherche du toi perdu », colloque Rethinking Creative Processes [site de Peter Lang], organise par Françoise Grauby [site de Dre Grauby] et Michelle Royer, Universite de Sydney, Nouvelles-Galles-du-Sud, 15 fevrier 1999</s>
    <s>« Brochu : Romans et nouvelles Differenciation finale? (Élements pour une mise en pratique d'une theorie differentielle des genres nouvelles et roman), colloque Endings? Universite de Bristol, Angleterre, 7 juillet 1998.</s>
    <s>« Apprivoiser sas langue comme une belle etrangere (la minorite dans la minorite; le cas du poete franco-ontarien Patrice Desbiens), colloque Francophonie et identites culturelles , Universite de Pau et des pays de l'Adour, 27 mai 1998.</s>
    <s>« Humour et strategie d'edition », colloque L'humour quebecois : strategies et intentions , congres de l'ACFAS, Universite Laval, 12 mai 1998.</s>
    <s>« Le faux pour dire le vrai », colloque De l'usage du nom : le nom d'auteur, de la substitution a la mystification , Universite de Sherbrooke, 31 octobre, 1997.</s>
    <s>« La conception clienteliste en education », congres de l'Assocation quebecoise d'information scolaire et professionnelle, Laval, 17 juin 1996.</s>
    <s>« Nier l'auteur pour le restaurer », colloque L'auteur, l'auteure en questions : reflexions epistemologiques en etudes gaies et lesbiennes , Groupe interdisciplinaire de recherche et d'etudes Homosexualite et Societe (GIREHS), Universite du Quebec a Montreal, 29 mars 1996.</s>
    <s>Me contacter</s>
  </text>
</page>
