<?xml version="1.0" encoding="UTF-8"?>
<!DOCTYPE page SYSTEM "page.dtd">
<page>
  <lang>fr</lang>
  <url>http://www.gisguf.org/colloq-form/2003-paris/index.htm</url>
  <title>LES ACTES DU 14ÈME COLLOQUE DU G</title>
  <snippet>
    <s>Conférence de M. Léopold Bragard, Administrateur, Université de Liège, Belgique. L&#39;évaluation dans la gestion des ressources humaines </s>
  </snippet>
  <text>
    <s>Groupement International des Secrires Graux des UniversitFrancophones</s>
    <s>Membre associe l'Agence Universitaire de la Francophonie (AUF)</s>
    <s>LES ACTES DU 14E COLLOQUE DU GISGUF</s>
    <s>aluation et autonomie dans les universitfrancophones</s>
    <s>Universitenescartes Paris 5 (France)</s>
    <s>2 au 6 juin 2003</s>
    <s>&gt; &gt; &gt;Organisation</s>
    <s>&gt;&gt;&gt;Liste des participants</s>
    <s>&gt;&gt;&gt;Quelle place pour les universitfranses dans la conqu de leur autonomie: vers un nouveau mod europ ?</s>
    <s>Confnce de Mme Christine Musselin Directrice de recherche, Centre de sociologie des organisations, Institut des sciences politiques de Paris</s>
    <s>&gt;&gt;&gt;L'luation des enseignements et des formations en France</s>
    <s>Confnce de M. Pierre Dubois, Directeur de l'Observatoire des formations, des insertions professionnelles, luations de l'Universite Marne-la-Vallbr&gt;</s>
    <s>&gt;&gt;&gt; Le mod nord-amcain d'luation des unitd'enseignement et de recherche: les impacts de l'autonomie des universitsur les processus d'luation</s>
    <s>Confnce de M. Roland Proulx, Directeur de la planification, Universite Montr (Canada)</s>
    <s>&gt;&gt;&gt; L'intation de l'luation aux processus d'enseignement et de formation et son impact sur les performances et les compnces</s>
    <s>Confnce de M. Ameur Ismail, Secrire gral, Universitu 7 novembre - Carthage</s>
    <s>&gt;&gt;&gt;Le dloppement de l'autonomie pgogique des universit/a&gt;</s>
    <s>Confnce de M. Henri Awit, secrire gral, Universit Saint-Joseph de Beyrouth (Liban)</s>
    <s>&gt;&gt;&gt;[La formation continue des gens d'affaires au Quc</s>
    <s>Confnce de M. Pierre B. Lesage, Secrire gral, HEC Montr (Canada)</s>
    <s>&gt;&gt;&gt; Contribution franse a table ronde sur l'autonomie pgogique</s>
    <s>Confnce de M. Yves Chaimbault, Secrire gral, Universit des Sciences et Technologies de Lille 1</s>
    <s>&gt;&gt;&gt; L'luation externe des universit franses par le Comitational d'luation: lution rnte et perspectives</s>
    <s>Confnce de Jean-Loup Jolivet, Dgural du Comit national d'luation</s>
    <s>&gt;&gt;&gt; Contrats de performance: une luation?</s>
    <s>Confnce de M. Pierre Parent, Secrire gral, Universit du Quc ontr</s>
    <s>&gt;&gt;&gt;Les instances de tutelle et de contrface aux nouvelles missions des universit/a&gt;</s>
    <s>Confnce de M. Fady Fadel, Secrire gral, Universit Antonine, Liban</s>
    <s>&gt;&gt;&gt;[L'luation des institutions universitaires en Belgique francophone</s>
    <s>Confnce de M. Lold Bragard, Administrateur, Universite Li, Belgique</s>
    <s>&gt;&gt;&gt; L'luation dans la gestion des ressources humaines</s>
    <s>Confnce de Mme Louise Jolicoeur, Secrire grale, ole Polytechnique de Montr</s>
    <s>&gt;&gt;&gt;La drche d'luation des personnels administratifs et techniques l'Universitaris 12 Val-de-Marne</s>
    <s>Confnce de M. Guy Camus, Secrire gral, Universitaris 12 Val-de-Marne</s>
    <s>&gt;&gt;&gt;Gestion des ressources humaines. olution des nouvelles procres de recrutement du personnel</s>
    <s>Confnce de M. Houssine Mejdoul, Secrire gral, Universitoulay Isma Meknbr&gt;</s>
    <s>&gt;&gt;&gt;Programme d'aide au pilotage des blissements: observations et enseignements apr trois ans de travail en commun</s>
    <s>Confnce de Mme Sibylle Rochas, Chargde mission &quot;aide au pilotage&quot; Agence de mutualisation des universitet des blissements</s>
    <s>&gt;&gt;&gt; La politique contractuelle franse entre les universitet l'at</s>
    <s>Confnce de M. Jean-Richard Cytermann, Inspecteur gral de l'administration de l'cation nationale</s>
    <s>&gt;&gt;&gt;L'apport de la comptabilit la drche d'luation</s>
    <s>Confnce de M. Serge Monbec et de M. Andrifault, Recette grale des finances de Paris</s>
    <s>&gt;&gt;&gt;Les moyens de l'autonomie: globalisation, fongibilitgestion du patrimoine immobilier, vers une optimisation de la gestion des ressources</s>
    <s>Confnce de M. Frans Paquis, Secrire gral, Universit de Clermont-Ferrand 2</s>
    <s>&gt;&gt;&gt;La politique des universiteuropnes en mati d'luation</s>
    <s>Confnce de M. ic Froment, Professeur 'Universityon 2, Prdent de l'EUA</s>
    <s>&gt;&gt;&gt;L'luation, corollaire de l'autonomie de et dans l'Universita&gt;</s>
    <s>Confnce de M. Abderrahmane Rida, Secrire gral, Universitohammed 5, Rabat</s>
    <s>&gt;&gt;&gt;[aluation et autonomie dans les universitfrancophones</s>
    <s>Confnce de M. Toto Jme Balou Bi, Secrire gral, Universit'Abidjan Cocody</s>
    <s>&gt;&gt;&gt;Aspect de l'lution des modes d'organisation et de gestion des universit franses et perspectives de dloppement de leurs autonomie et de leur responsabilita&gt;</s>
    <s>Confnce de M. Jean-Pascal Bonhotal, Secrire gral, Universitlaude Bernard - Lyon 1</s>
    <s>&gt;&gt;&gt;[L'lution et l'autonomie des universitau Quc</s>
    <s>Confnce de M. Michel Quimper, Secrire gral, Universit du Quc</s>
    <s>&gt;&gt;&gt;De l'importance d'opr de vtables choix stratques pour une universita&gt;</s>
    <s>Confnce de M. Frans Peccoud, Prdent, Universite technologie de Compie, empreprntar: M. Luc Ziegler, Secrire gral, Universite technologie de Compie</s>
    <s>&gt;&gt;&gt;[La mutation des universitdans un environnement concurrentiel: le cas libanais</s>
    <s>Confnce de M. Pierre Bou Zeidan, Secrire gral, Universite St Esprit-Kaslik (Liban) et de M. Antoine Saad, Secrire gral, Universite La Sagesse-Beyrouth (Liban)</s>
    <s>&gt;&gt;&gt;Compte-rendu d'expence</s>
    <s>Prntar M. Jean-Frans Picq, Secrire gral, Institut national polytechnique de Grenoble (France)</s>
    <s>&gt;&gt;&gt;La mutation des universitdans un cadre concurrentiel</s>
    <s>Confnce de M. Pierre Barraud, Secrire gral, Universit de Neuchl (Suisse)</s>
    <s>&gt;&gt;&gt;Contribution de la Confnce des Prdents d'Universit la rexion engag par la Commission sur le rdes universitdans l'Europe de la Connaissance</s>
    <s>Confnce de M. Jean-Pierre Finance, Dgural, Confnce des Prdents</s>
    <s>&gt;&gt;&gt; Texte complet (format PDF - 209 pages)</s>
    <s>&gt;&gt;&gt; Universitu Quc</s>
    <s>Secrriat gral</s>
    <s>11 janvier 2006</s>
  </text>
</page>
