<?xml version="1.0" encoding="UTF-8"?>
<!DOCTYPE page SYSTEM "page.dtd">
<page>
  <lang>fr</lang>
  <url>http://2011.d.rmll.info/-Administration-</url>
  <title>Administration - Bienvenue sur le site des 1ères RMLLD !</title>
  <snippet>
    <s>Langue : Français; Niveau : Débutant; Type d&#39;événement : Conférence. Date : Vendredi 1er juillet 2011; Horaire : 14h00; Durée : 60 minutes. Lieu : Atelier-4 </s>
  </snippet>
  <text>
    <s>Le village</s>
    <s>Partenaires et sponsors</s>
    <s>Plan du site</s>
    <s>1er au 3 juillet 2011 - 1es RMLLD à St Joseph de la Réunion</s>
    <s>Les RMLLD</s>
    <s>Accueil &gt; Programme &gt; Administration</s>
    <s>Art et Culture</s>
    <s>Éducation Premier degré, Éducation Populaire</s>
    <s>Éducation, Sciences &amp; Recherche</s>
    <s>Jeu Vidéo</s>
    <s>Flux RSS du site</s>
    <s>Radio RMLLd</s>
    <s>Afficher le programme (nouvelle fenêtre)</s>
    <s>Afficher le programme (version accessible) (nouvelle fenêtre)</s>
    <s>Télécharger le programme iCal (format vCalendar)</s>
    <s>Logiciels libres, niveau d'implication des administrations</s>
    <s>Intervenant(s) : Dominique LEPERLIER, Jean Baptiste PAMARD, Bruno LAURET</s>
    <s>Langue : Français</s>
    <s>Niveau : Débutant</s>
    <s>Type d'événement : Conférence</s>
    <s>Date : Vendredi 1er juillet 2011</s>
    <s>Horaire : 10h20</s>
    <s>Durée : 40 minutes</s>
    <s>Lieu : Salle de conférence</s>
    <s>Résumé Les logiciels libres dans la politique publique prennent une place de plus en plus prépondérante. Des grandes administrations ont fait le pas du “tout libre” depuis plusieurs années, permettant notamment une meilleure maîtrise des équipement, une plus grande indépendance et surtout une meilleure gestion des deniers publics. A la Réunion, des collectivités locales ont aussi été séduites par les avantages du libre à des niveaux différents. Les participants à cette conférence permettront de faire un ( )</s>
    <s>Migration vers Open Office, retour d’expérience</s>
    <s>Intervenant(s) : Dominique LEPERLIER, Fabrice HOARAU</s>
    <s>Langue : Anglais</s>
    <s>Niveau : Débutant</s>
    <s>Type d'événement : Conférence</s>
    <s>Date : Vendredi 1er juillet 2011</s>
    <s>Horaire : 15h00</s>
    <s>Durée : 40 minutes</s>
    <s>Lieu : Salle de conférence</s>
    <s>Thèmes transversaux : Déploiement -- Logiciel -- Témoignage</s>
    <s>Résumé La migration d’un parc informatique vers Open Office ne se résume pas qu’à une simple installation et désinstallation de logiciels. Aucune administration, aucun service ne saurait de nos jours, fonctionner sans suite bureautique. Cette opération s’avère alors beaucoup plus stratégique qu’il n’y parait, car elle est transversale et impacte l’ensemble des services. Le déploiement doit donc être réfléchi, progressif et accompagné. Seulement deux communes de la Réunion ont osé franchir le pas… ( )</s>
    <s>Intervenant(s) : Florent Auberval</s>
    <s>Langue : Français</s>
    <s>Niveau : Confirmé</s>
    <s>Type d'événement : Atelier</s>
    <s>Date : Vendredi 1er juillet 2011</s>
    <s>Horaire : 13h00</s>
    <s>Durée : 60 minutes</s>
    <s>Lieu : Atelier-1</s>
    <s>Thèmes transversaux : Education -- technique -- virtualisation</s>
    <s>NB : cet atelier comporte au total 2 sessions. Deuxième session le samedi 2 juillet à 14h - Atelier 1 Résumé AmonEcole est issu d’Eole, un projet collaboratif basée sur la philosophie du logiciel libre. AmonEcole regroupe sur un même serveur physique plusieurs serveurs virtualisés, dont Amon, Scribe et Eclair. Il s’agit ici de présenter AmonEcole d’un point de vue technique et plus particulièrent l’aspect virtualisation. L’atelier consiste en une installation d’un serveur en reproduisant une école ( )</s>
    <s>Gestion Libre de Parc Informatique / Helpdesk / OCS Inventory</s>
    <s>Intervenant(s) : Albert RIVIERE, Nicolas ALIDOR</s>
    <s>Langue : Français</s>
    <s>Niveau : Débutant</s>
    <s>Type d'événement : Conférence</s>
    <s>Date : Vendredi 1er juillet 2011</s>
    <s>Horaire : 14h00</s>
    <s>Durée : 60 minutes</s>
    <s>Lieu : Atelier-4 (ciné/mini-conf)</s>
    <s>Thèmes transversaux : Déploiement -- Logiciel</s>
    <s>Résumé Outil de recensement, référencement du matériel informatique et des consommables des sites de la Chambre de Commerce et d’Industrie de la Réunion Biographie Albert RIVIERE, Nicolas ALIDOR - CCI de la Réunion - Direction des Systèmes d’Information</s>
    <s>L'accessibilité sous SPIP</s>
    <s>Intervenant(s) : Alexandre VITRY, Teddy VARAINE</s>
    <s>Langue : Français</s>
    <s>Niveau : Confirmé</s>
    <s>Type d'événement : Conférence</s>
    <s>Date : Samedi 2 juillet 2011</s>
    <s>Horaire : 11h20</s>
    <s>Durée : 40 minutes</s>
    <s>Lieu : Salle de conférence</s>
    <s>Thèmes transversaux : Accessibilité -- Programmation -- SPIP -- technique</s>
    <s>Résumé La loi de février 2005 relative à l’égalité des droits et des chances, la participation et la citoyenneté des personnes handicapées (article 47) et son décret d’application de mai 2009, fait obligation, à compter du 14 mai 2011 pour les sites de l’Etat et à compter du 14 mai 2012 pour les collectivités territoriales d’être accessible et en conformité avec le Référentiel Général d’Accessibilité des Administrations. SPIP est un logiciel de gestion de contenus nativement accessible. Cette présentation a ( )</s>
    <s>AmonEcole (Session 2)</s>
    <s>Intervenant(s) : Florent Auberval</s>
    <s>Langue : Français</s>
    <s>Niveau : Confirmé</s>
    <s>Type d'événement : Atelier</s>
    <s>Date : Samedi 2 juillet 2011</s>
    <s>Horaire : 14h00</s>
    <s>Durée : 60 minutes</s>
    <s>Lieu : Atelier-1</s>
    <s>Thèmes transversaux : Education -- technique -- virtualisation</s>
    <s>NB : cet atelier comporte au total 2 sessions. Première session le vendredi 1er juillet à 13h - Atelier 1 Résumé AmonEcole est issu d’Eole, un projet collaboratif basée sur la philosophie du logiciel libre. AmonEcole regroupe sur un même serveur physique plusieurs serveurs virtualisés, dont Amon, Scribe et Eclair. Il s’agit ici de présenter AmonEcole d’un point de vue technique et plus particulièrent l’aspect virtualisation. L’atelier consiste en une installation d’un serveur en reproduisant une école ( )</s>
  </text>
</page>
