<?xml version="1.0" encoding="UTF-8"?>
<!DOCTYPE page SYSTEM "page.dtd">
<page>
  <lang>fr</lang>
  <url>http://www.bluenove.com/publications/actualite/bluenove-sponsor-dappcircus-paris-le-concours-dexcellence-des-developpeurs-dapplications-mobiles/</url>
  <title>bluenove | bluenove sponsor d&#39;AppCircus Paris, le concours d ...</title>
  <snippet>
    <s>26 mai 2011 L&#39;AppCircus est en ville ! Rendez vous le jeudi 23 Juin au CENTQUATRE, après la Conférence sur le Futur des Communications (de 9h à </s>
  </snippet>
  <text>
    <s>opening innovation</s>
    <s>Skip to content</s>
    <s>raison d'être</s>
    <s>gestion de projet</s>
    <s>revue de presse</s>
    <s>nous contacter</s>
    <s>nous rejoindre</s>
    <s>out of the blue</s>
    <s>services accompagnement clients Web stratégie Road Map pilotage Benchmarking API applications partenariats plate-forme changement ICM™ développeurs conseil TIC usages Mashup innovation Challenge positionnement internet médias Business Development Scouting bluenove communautés externes Speaker méthodologie écosystèmes innovants partenaires évènement innovation collaborative télécoms blueConnect™ marketing mobile innovation ouverte consultant conférence R&amp;D Start-ups Formation Community Management</s>
    <s>bluenove sponsor d'AppCircus Paris, le concours d'excellence des développeurs d'applications mobiles</s>
    <s>AppCircus à Paris - Présente votre application mobile!</s>
    <s>L’AppCircus est en villeRendez vous le jeudi 23 Juin au CENTQUATRE,  après la Conférence sur le Futur des Communications (de 9h à 12h30 au Forum des Images, sur réservation) pour un Showcase extraordinaire d’applications mobiles.</s>
    <s>AppCircus est un show itinérant global qui propose des applications mobiles créatives et innovatrices  présentées par leurs créateurs durant une série d'événements de la téléphonie mobile et de l’Internet. AppCircus est ouvert aux développeurs, aux startups ainsi qu’à toute autre organisation qui possède une application mobile. AppCircus offre à chaque participant la possibilité d’être nommé aux Mobile Premier Awards 2012 durant le Mobile World Congress à Barcelone.</s>
    <s>14h :  Accueil des participants</s>
    <s>14h15 :  Premier Acte : présentation pour plateformes mobiles</s>
    <s>14h45 :  Second Acte : présentation de 10 applications et réactions du Jury</s>
    <s>15h25 :  Déliberation du Jury</s>
    <s>15h30 à 16h : Remise du prix et Networking</s>
    <s>AppCircus in Paris est soutenu par</s>
    <s>Plus d’information, enregistrement des applis et/ou pour inscriptions pour assister à l'événement (en anglais) :  http://appcircus.com/event/appcircus-in-paris</s>
    <s>Pour toute demande : info@dotopen.com</s>
    <s>Type : Conférences / Workshops</s>
    <s>Thématique : Le Futur des communications</s>
    <s>Jeudi 23 Juin</s>
    <s>de 14h à 16h 19èmeCENTQUATRE - 104</s>
    <s>Le CENTQUATRE</s>
    <s>104 rue d'Aubervilliers</s>
    <s>5 rue Curial</s>
    <s>75019 Paris</s>
    <s>Parlez-en autour de vous</s>
    <s>posté le Jeudi 26 mai 2011 a 17h58 par bluenove</s>
    <s>Informations legales - credits - contact - © by bluenove 2008-2011</s>
  </text>
</page>
