<?xml version="1.0" encoding="UTF-8"?>
<!DOCTYPE page SYSTEM "page.dtd">
<page>
  <lang>fr</lang>
  <url>http://www.ilo.org/ilolex/cgi-lex/convdf.pl%3FC150</url>
  <title>Convention sur l&#39;administration du travail, 1978</title>
  <snippet>
    <s>Convention concernant l&#39;administration du travail: rôle, fonctions et organisation ( Note: Date d&#39;entrée en vigueur: 11:10:1980. Date d&#39;adoption:26:06:1978 d&#39; ingérence de la part des autorités publiques de nature à limiter ces droits ou à en </s>
  </snippet>
  <text>
    <s>&gt; C150 Convention sur l'administration du travail, 1978</s>
    <s>&gt; Convention concernant l'administration du travail: r fonctions et organisation (Note: Date d'entren vigueur: 11:10:1980.)</s>
    <s>Date d'adoption:26:06:1978</s>
    <s>Session de la Confnce:64</s>
    <s>Sujet: Administration et inspection du travail</s>
    <s>Afficher les ratifications enregistr pour cette convention</s>
    <s>Afficher le document en: Anglais Espagnol</s>
    <s>Statut: Instrument our</s>
    <s>&gt; La Confnce grale de l'Organisation internationale du Travail,</s>
    <s>&gt; Convoquen par le Conseil d'administration du Bureau international du Travail, et s'y nt rie le 7 juin 1978, en sa soixante-quatri session;</s>
    <s>&gt; Rappelant les termes des conventions et recommandations internationales du travail existantes -- notamment de la convention sur l'inspection du travail, 1947, de la convention sur l'inspection du travail (agriculture), 1969, et de la convention sur le service de l'emploi, 1948 -- qui demandent la mise en oeuvre de certaines activitparticulis relevant de l'administration du travail;</s>
    <s>&gt; Considnt qu'il est souhaitable d'adopter des instruments formulant des directives relatives au syst d'administration du travail dans son ensemble;</s>
    <s>&gt; Rappelant les termes de la convention sur la politique de l'emploi, 1964, et de la convention sur la mise en valeur des ressources humaines, 1975; rappelant aussi l'objectif du plein emploi convenablement rn, et convaincue de la nssit'adopter une politique d'administration du travail qui soit de nature ermettre la poursuite de cet objectif et onner effet aux buts desdites conventions;</s>
    <s>&gt; Reconnaissant la nssite respecter pleinement l'autonomie des organisations d'employeurs et de travailleurs; rappelant et rd les termes des conventions et recommandations internationales du travail existantes qui garantissent la libertt les droits syndicaux et d'organisation et de nciation collective -- particuliment la convention sur la libertyndicale et la protection du droit syndical, 1948, et la convention sur le droit d'organisation et de nciation collective, 1949 -- et qui interdisent tous actes d'ingnce de la part des autoritpubliques de nature imiter ces droits ou n entraver l'exercice ll; considnt lement que les organisations d'employeurs et de travailleurs jouent un r essentiel dans la poursuite des objectifs du progrnomique, social et culturel;</s>
    <s>&gt; Apravoir dd'adopter certaines propositions relatives l'administration du travail: r fonctions et organisation, question qui constitue le quatri point 'ordre du jour de la session;</s>
    <s>&gt; Apravoir ddue ces propositions prendraient la forme d'une convention internationale,</s>
    <s>&gt; adopte, ce vingt-sixi jour de juin mil neuf cent soixante-dix-huit, la convention ci-apr qui sera dmmConvention sur l'administration du travail, 1978:</s>
    <s>&gt; Article 1</s>
    <s>&gt; Aux fins de la prnte convention:</s>
    <s>&gt; a) les termes administration du travail dgnent les activitde l'administration publique dans le domaine de la politique nationale du travail;</s>
    <s>&gt; b) les termes syst d'administration du travail visent tous les organes de l'administration publique responsables ou chargde l'administration du travail -- qu'il s'agisse d'administrations ministelles ou d'institutions publiques, y compris les organismes para-tiques et les administrations ronales ou locales ou toute autre forme dntralisd'administration -- ainsi que toute structure institutionnelle blie en vue de coordonner les activitde ces organes et d'assurer la consultation et la participation des employeurs, des travailleurs et de leurs organisations.</s>
    <s>&gt; Article 2</s>
    <s>&gt; Tout Membre qui ratifie la prnte convention peut dguer ou confier, en vertu de la lslation ou de la pratique nationales, certaines activit d'administration du travail es organisations non gouvernementales, notamment des organisations d'employeurs et de travailleurs, ou -- le cas t -- es reprntants d'employeurs et de travailleurs.</s>
    <s>&gt; Article 3</s>
    <s>&gt; Tout Membre qui ratifie la prnte convention peut considr certaines activit relevant de sa politique nationale du travail, comme faisant partie des questions qui, en vertu de la lslation ou de la pratique nationales, sont r par le recours a nciation directe entre les organisations d'employeurs et de travailleurs.</s>
    <s>&gt; Article 4</s>
    <s>&gt; Tout Membre qui ratifie la prnte convention devra, de fa appropriaux conditions nationales, faire en sorte qu'un syst d'administration du travail soit organist fonctionne de fa efficace sur son territoire, et que les tes et les responsabilitqui lui sont assign soient convenablement coordonn.</s>
    <s>&gt; Article 5</s>
    <s>&gt; 1. Tout Membre qui ratifie la prnte convention devra prendre des dispositions adapt aux conditions nationales en vue d'assurer, dans le cadre du syst d'administration du travail, des consultations, une cooption et des nciations entre les autoritpubliques et les organisations d'employeurs et de travailleurs les plus reprntatives, ou -- le cas t -- des reprntants d'employeurs et de travailleurs.</s>
    <s>&gt; 2. Dans la mesure oa est compatible avec la lslation et la pratique nationales, ces dispositions devront e prises aux niveaux national, ronal et local ainsi que des divers secteurs d'activitconomique.</s>
    <s>&gt; Article 6</s>
    <s>&gt; 1. Les organes compnts au sein du syst d'administration du travail devront, selon le cas, e chargde la prration, de la mise en oeuvre, de la coordination, du contret de l'luation de la politique nationale du travail, ou participer hacune de ces phases, et e, dans le cadre de l'administration publique, les instruments de la prration et de l'application de la lslation qui la concrse.</s>
    <s>&gt; 2. Ils devront notamment, tenant compte des normes internationales du travail pertinentes:</s>
    <s>&gt; a) participer a prration, a mise en oeuvre, a coordination, au contret 'luation de la politique nationale de l'emploi selon les modalitpres par la lslation et la pratique nationales;</s>
    <s>&gt; b) dier d'une mani suivie la situation des personnes qui ont un emploi, aussi bien que des personnes qui sont sans emploi ou sous-employ, au vu de la lslation et de la pratique nationales relatives aux conditions de travail, d'emploi et de vie professionnelle, appeler l'attention sur les insuffisances et les abus constatdans ce domaine et soumettre des propositions sur les moyens d'y remer;</s>
    <s>&gt; c) offrir leurs services aux employeurs et aux travailleurs ainsi qu'eurs organisations respectives, dans les conditions permises par la lslation ou la pratique nationales, en vue de favoriser, aux niveaux national, ronal et local ainsi que des divers secteurs d'activitconomique, des consultations et une cooption effectives entre les autoritet organismes publics et les organisations d'employeurs et de travailleurs, ainsi qu'entre ces organisations;</s>
    <s>&gt; d) rndre aux demandes d'avis techniques des employeurs et des travailleurs, ainsi que de leurs organisations respectives.</s>
    <s>&gt; Article 7</s>
    <s>&gt; Si les conditions nationales l'exigent pour satisfaire les besoins du nombre le plus large possible de travailleurs et dans la mesure otelles activitne sont pas encore assur, tout Membre qui ratifie la prnte convention devra encourager l'extension, le cas t progressive, des fonctions du syst d'administration du travail de fa inclure des activitqui seront exerc en collaboration avec les autres organismes compnts et qui concerneront les conditions de travail et de vie professionnelle de catries de travailleurs qui, aux yeux de la loi, ne sont pas des salari notamment:</s>
    <s>&gt; a) les fermiers n'employant pas de main-d'oeuvre exteure, les myers et les catries analogues de travailleurs agricoles;</s>
    <s>&gt; b) les travailleurs indndants n'employant pas de main-d'oeuvre exteure, occupdans le secteur non structurel qu'on l'entend dans la pratique nationale;</s>
    <s>&gt; c) les coopteurs et les travailleurs des entreprises autoges;</s>
    <s>&gt; d) les personnes travaillant dans un cadre bli par la coutume ou les traditions communautaires.</s>
    <s>&gt; Article 8</s>
    <s>&gt; Dans la mesure olslation et la pratique nationales le permettent, les organes compnts au sein du syst d'administration du travail devront participer a prration de la politique nationale dans le domaine des relations internationales du travail et a reprntation de l'Etat dans ce domaine ainsi qu'a prration des mesures qui doivent e prises et effet 'elon national.</s>
    <s>&gt; Article 9</s>
    <s>&gt; En vue d'assurer une coordination approprides tes et des responsabilit du syst d'administration du travail, de la mani drminconformnt a lslation ou a pratique nationales, le minist du Travail ou tout autre organe semblable devra avoir les moyens de vfier que les organismes para-tiques chargde certaines activitdans le domaine de l'administration du travail et les organes ronaux ou locaux auxquels de telles activitauraient dgu agissent conformnt a lslation nationale et respectent les objectifs qui leur ont fix</s>
    <s>&gt; Article 10</s>
    <s>&gt; 1. Le personnel affectu syst d'administration du travail devra e compose personnes convenablement qualifi pour exercer les fonctions qui leur sont assign, ayant acca formation nssaire 'exercice de ces fonctions et indndantes de toute influence exteure indue.</s>
    <s>&gt; 2. Ce personnel bficiera du statut, des moyens matels et des ressources financis nssaires 'exercice efficace de ses fonctions.</s>
    <s>&gt; Article 11</s>
    <s>&gt; Les ratifications formelles de la prnte convention seront communiqu au Directeur gral du Bureau international du Travail et par lui enregistr.</s>
    <s>&gt; Article 12</s>
    <s>&gt; 1. La prnte convention ne liera que les Membres de l'Organisation internationale du Travail dont la ratification aura enregistrpar le Directeur gral.</s>
    <s>&gt; 2. Elle entrera en vigueur douze mois aprque les ratifications de deux Membres auront enregistr par le Directeur gral.</s>
    <s>&gt; 3. Par la suite, cette convention entrera en vigueur pour chaque Membre douze mois aprla date oratification aura enregistr</s>
    <s>&gt; Article 13</s>
    <s>&gt; 1. Tout Membre ayant ratifia prnte convention peut la dncer l'expiration d'une pode de dix ann aprla date de la mise en vigueur initiale de la convention, par un acte communiquu Directeur gral du Bureau international du Travail et par lui enregistrLa dnciation ne prendra effet qu'une annapravoir enregistr</s>
    <s>&gt; 2. Tout Membre ayant ratifia prnte convention qui, dans le di d'une annaprl'expiration de la pode de dix ann mentionnau paragraphe prdent, ne fera pas usage de la faculte dnciation pre par le prnt article sera liour une nouvelle pode de dix ann et, par la suite, pourra dncer la prnte convention 'expiration de chaque pode de dix ann dans les conditions pres au prnt article.</s>
    <s>&gt; Article 14</s>
    <s>&gt; 1. Le Directeur gral du Bureau international du Travail notifiera ous les Membres de l'Organisation internationale du Travail l'enregistrement de toutes les ratifications et dnciations qui lui seront communiqu par les Membres de l'Organisation.</s>
    <s>&gt; 2. En notifiant aux Membres de l'Organisation l'enregistrement de la deuxi ratification qui lui aura communiqu le Directeur gral appellera l'attention des Membres de l'Organisation sur la date aquelle la prnte convention entrera en vigueur.</s>
    <s>&gt; Article 15</s>
    <s>&gt; Le Directeur gral du Bureau international du Travail communiquera au Secrire gral des Nations Unies, aux fins d'enregistrement, conformnt 'article 102 de la Charte des Nations Unies, des renseignements complets au sujet de toutes ratifications et de tous actes de dnciation qu'il aura enregistrconformnt aux articles prdents.</s>
    <s>&gt; Article 16</s>
    <s>&gt; Chaque fois qu'il le jugera nssaire, le Conseil d'administration du Bureau international du Travail prntera a Confnce grale un rapport sur l'application de la prnte convention et examinera s'il y a lieu d'inscrire 'ordre du jour de la Confnce la question de sa rsion totale ou partielle.</s>
    <s>&gt; Article 17</s>
    <s>&gt; 1. Au cas oConfnce adopterait une nouvelle convention portant rsion totale ou partielle de la prnte convention, et oins que la nouvelle convention ne dispose autrement:</s>
    <s>&gt; a) la ratification par un Membre de la nouvelle convention portant rsion entrarait de plein droit, nonobstant l'article 13 ci-dessus, dnciation immate de la prnte convention, sous rrve que la nouvelle convention portant rsion soit entren vigueur;</s>
    <s>&gt; b) artir de la date de l'entren vigueur de la nouvelle convention portant rsion, la prnte convention cesserait d'e ouverte a ratification des Membres.</s>
    <s>&gt; 2. La prnte convention demeurerait en tout cas en vigueur dans sa forme et teneur pour les Membres qui l'auraient ratifiet qui ne ratifieraient pas la convention portant rsion.</s>
    <s>&gt; Article 18</s>
    <s>&gt; Les versions franse et anglaise du texte de la prnte convention font lement foi.</s>
    <s>&gt; Cross references</s>
    <s>Conventions: C081 Convention sur l'inspection du travail, 1947</s>
    <s>Conventions: C129 Convention sur l'inspection du travail (agriculture), 1969</s>
    <s>Conventions: C088 Convention sur le service de l'emploi, 1948</s>
    <s>Conventions: C122 Convention sur la politique de l'emploi, 1964</s>
    <s>Conventions: C142 Convention sur la mise en valeur des ressources humaines, 1975</s>
    <s>Conventions: C087 Convention sur la libertyndicale et la protection du droit syndical, 1948</s>
    <s>Conventions: C098 Convention sur le droit d'organisation et de nciation collective, 1949 **</s>
    <s>ILO home</s>
    <s>NORMES home</s>
    <s>ILOLEX home</s>
    <s>Recherche universelle</s>
    <s>Pour tout renseignement complntaire, s'adresser au Drtement des normes internationales du travail (NORMES) par courriel:</s>
    <s>Copyright (C) 2011 Organisation Internationale du Travail (OIT)</s>
    <s>D de responsabilitA&gt;</s>
    <s>[ webinfo@ilo.org</s>
  </text>
</page>
