<?xml version="1.0" encoding="UTF-8"?>
<!DOCTYPE page SYSTEM "page.dtd">
<page>
  <lang>fr</lang>
  <url>http://www.tamtaminfo.com/index.php%3Foption%3Dcom_content%26view%3Darticle%26id%3D6318:fin-de-la-17eme-session-ordinaire-de-la-conference-des-chefs-detat-et-de-gouvernement-de-lunion-africaine-a-malabo-guinee-equatoriale-dimportantes-resolutions-et-recommandations-issues-du-sommet%26catid%3D44:politique%26Itemid%3D61</url>
  <title>Fin de la 17ème session ordinaire de la Conférence des Chefs d ...</title>
  <snippet>
    <s>4 juil. 2011 Les travaux de la 17eme session ordinaire de la Conférence des Chefs d Etat et de Dans la motion de remerciements, le Président Issoufou Mahamadou a . J&#39; ai lu et j&#39;accepte les règles d&#39;utilisation. article thumbnail </s>
  </snippet>
  <text>
    <s>IT News</s>
    <s>Actu Monde France 24</s>
    <s>Actu Afrique France 24</s>
    <s>Actu Le Monde</s>
    <s>Actu Jeune Afrique</s>
    <s>CNN news</s>
    <s>FOX news</s>
    <s>Fin de la 17ème session ordinaire de la Conférence des Chefs d'Etat et de gouvernement de l'Union Africaine à Malabo (Guinée Equatoriale) : d'importantes résolutions et recommandations issues du Sommet</s>
    <s>Note des utilisateurs:!!!!/ 1</s>
    <s>MauvaisTrès bien</s>
    <s>Écrit par I. Fatouma, envoyée spéciale (Le Sahel du Lundi, 04 Juillet 2011)</s>
    <s>Lundi, 04 Juillet 2011 11:03</s>
    <s>!Les travaux de la 17eme session ordinaire de la Conférence des Chefs d Etat et de gouvernement de l'Union Africaine ont pris fin, vendredi dernier à Malabo dans la capitale de la Guinée Equatoriale.</s>
    <s>Pendant deux jours, une cinquantaine (50) de dirigeants africains ont débattu de plusieurs sujets qui préoccupent aujourd'hui le continent au plan économique, social et sécuritaire. La rencontre a été sanctionnée par des résolutions et des recommandations ainsi qu'une déclaration dite de Malabo et une motion de remerciements qui a été lue par le Président de la République, SEM. Issoufou Mahamadou.</s>
    <s>Dans la motion de remerciements, le Président Issoufou Mahamadou a adressé, au nom de tous les Chefs d'Etat et de gouvernement ainsi que des Chefs de délégation, ses sincères remerciements et sa profonde gratitude au gouvernement et au peuple équato-guinéens, au Président Obiang Nguema Mbassogo pour l'accueil authentiquement africain qui leur a été réservé, et l'hospitalité généreuse dont ils ont été l'objet.</s>
    <s>Il a également, au nom des autres Chefs d'Etat, félicité et remercié le Président de la Commission de l'Union Africaine et le personnel de sa structure pour le travail qu'ils ont accompli pour la bonne réussite du Sommet. En procédant à la clôture des travaux du Sommet, le Président en exercice de l'UA, SEM. Obiang Nguema Mbassogo, a réaffirmé l'importance du thème débattu sur la jeunesse et la nécessité de les appuyer.</s>
    <s>Il a aussi parlé de la Libye où il pense que la guerre lui a été imposée. Il a affirmé que l'UA reconnaît les justes revendications du peuple libyen et qu'elle va lutter pour qu'il ait une seule Libye. Le Président Nguema est ensuite revenu sur la coopération diversifiée qu'entretient aujourd'hui l'Afrique pour indiquer qu'il est important de choisir la meilleure coopération qui demeure pour lui, la coopération sud-sud dans le contexte africain. Cela devrait, selon lui, favoriser le développement de l'Afrique.</s>
    <s>En faisant ensuite le point de leurs travaux, SEM. Issoufou Mahamadou, a indiqué que les grands thèmes de leurs débats ont porté sur les jeunes et la Libye. S'agissant du premier point relatif au thème du Sommet, il a précisé que les jeunes représentants la majorité de la population africaine avec un taux de 52%. Ils doivent donc, selon le Chef de l'Etat faire l'objet d'une attention particulière de la part de tous les Chefs d'Etat &quot;surtout qu'il a été noté que 71% de ces jeunes vivent en dessous du seuil de pauvreté&quot;.</s>
    <s>C'est pourquoi, a-t-il ajouté, le Sommet des Chefs d'Etat a lancé un appel sur la nécessité de mettre d'abord l'accent sur l'éducation, la formation professionnelle et technique et sur la création d'emploi pour que l'avenir des jeunes africains que certains considèrent comme un problème, soit au contraire une chance pour l'Afrique.   En ce qui concerne la situation en Libye, SEM. Issoufou Mahamadou a indiqué que les Chefs d'Etat ont adopté les propositions faites par le comité ad hoc de haut niveau composé de 5 Chefs d'Etat et qui est chargé de proposer la feuille de route de l'Union Africaine au Colonel Kadhafi et au CNT.</s>
    <s>&quot;Le comité a fait de nouvelles propositions qui ont été adoptées et le sommet a confié à ce comité la poursuite de la recherche d'une solution négociée à la crise libyenne, puisque tous les Chefs d'Etat sont convenus que cette crise libyenne n'a pas de solutions militaires&quot;, a-t-il expliqué. Il faut donc, a ajouté le Chef de l'Etat, aller vers des solutions politiques et le sommet a proposé les grandes lignes de ce qui doit  être la solution politique qui doit d'abord passer par un cessez-le-feu, l'engagement du dialogue entre les deux parties, la mise en place d'une transition avec les textes fondamentaux qui doivent régir la transition avec la désignation des responsables des organes de la transition. Il faut souligner que, peu avant son départ de Malabo, le Président de la République, SEM. Issoufou Mahamadou, a signé le Livre d'or de l'Union Africaine.</s>
    <s>Le prochain sommet de cette institution se tiendra en janvier 2012 à Addis Abeba et portera sur le renouvellement des instances de l'Union. Auparavant, le jeudi dans la soirée, le thème central de la conférence intitulé : ''accélérer l'autonomisation des jeunes'' a fait l'objet d'un important débat au centre des conférences de Sipopo. A l'occasion de ce débat, le Président de la République, Chef de l'Etat, SEM. Issoufou Mahamadou, a fait une intervention dans laquelle il a largement présenté les actions qu'il compte entreprendre en faveur de la jeunesse en matière d'emploi dans notre pays et les voies et moyens qu'il estime être les meilleurs pour inciter la croissance économique du Niger et de bien d'autres pays africains en général.</s>
    <s>Ainsi, le Chef de l'Etat a d'abord salué la pertinence du thème. Il a ensuite précisé que si  en Afrique, les jeunes représentent 62 % de la population, au Niger,  les moins de 35 ans sont estimés à 84 % de la population. Il  a relevé un certain nombre de défis liés à cette situation précisément dans le domaine de la santé, l'éducation, la formation et l'alimentation. Le Chef de l'Etat a ajouté que face à des défis, il faut relancer l'économie en investissant dans les secteurs porteurs de cette croissance. Après avoir énuméré ces secteurs qui sont selon lui l'agriculture, l'éducation, la santé, la formation professionnelle, la recherche, les infrastructures,</s>
    <s>l'emploi, le Chef de l'Etat a annoncé les décisions importantes prises dans notre pays  dans ce cadre. C'est  ainsi que, &quot;15% de nos ressources seront investis dans l'agriculture, 25 % dans l'éducation avec l'école gratuite jusqu'à l'âge de 16 ans&quot;. S'agissant de l'emploi, il a réaffirmé que l'objectif est de créer 50.000 emplois chaque année soit 250.000 emplois pour cinq ans. Pour ces investissements, notre pays a besoin de 12 milliards de FCFA.</s>
    <s>En plus du volet financier important pour tous les pays dans la concrétisation des actions entreprises en faveur des jeunes et pour le développement durable, SEM.  Issoufou Mahamadou a  indiqué à Malabo, &quot;qu'il faut que la paix et la sécurité soient assurées dans tous  les pays africains ainsi que la bonne gouvernance&quot;.</s>
    <s>Il a par ailleurs évoqué l'état du commerce  international qu'il juge &quot;injuste et inégal&quot;, avant d'insister sur l'importance d'une meilleure transformation de nos ressources et de l'intérêt qu'il y a d'assurer l'intégration.  D'autres Chefs d'Etat ont également pris la parole pour donner leur vision de l'intégration les jeunes dans le développement durable tout en évoquant l'expérience de leur pays en la matière, mais surtout pour donner de sages conseils aux jeunes par le biais de leurs différents représentants.</s>
    <s>Ces derniers, à travers souvent des interventions musclées, n'ont pas caché aux Chefs d'Etat qu'ils maîtrisent aujourd'hui presque tous les domaines, surtout les nouvelles technologies et qu'ils n'hésiteront pas à ‘'s'occuper du politique, si le politique ne s'occupe pas d'eux &quot;. En rappelant toujours ce qui s'est passé en Tunisie et en Egypte; les jeunes qui évoluent dans la vie associative dans tous les pays et dans le volontariat ont demandé et obtenu un siège pour leur union, exigé une représentation dans chaque pays africain et demandé avec instance que prés de 5% des ressources leur soient alloués pour leur fonctionnement.</s>
    <s>En se référant presque toujours au printemps arabe, ils semblent dire qu'ils peuvent et ont trouvé eux-mêmes le chemin de leur intégration. Toutefois, ils remercient les Chefs d'Etat pour les avoir écoutés au cours de cette importante rencontre à laquelle ont pris part des  partenaires de l'UA. Et c'est dans le cadre de l'intégration des jeunes que sont intervenus des institutions comme l'ONU à travers le vice secrétaire général, &quot;UNFPA représenté par son directeur exécutif, la fondation africaine pour le renforcement des capacités (ACBF) et la vice-présidente Afrique de la banque mondiale.</s>
    <s>Des interventions qui ont certainement donné beaucoup de réconforts  aux jeunes qui  en réalité ne manquent pas de soutien même parmi les Chefs d'Etat.  Le débat est si intéressant que les échanges prévus pour une durée de 1 heure 30 se sont étendus sur 3 heures d'horloge. En effet, au lieu de deux Chefs d'Etat, plus de vingt d'entre eux ont pris la parole au cours de la rencontre.</s>
    <s>Le Président Issoufou Mahamadou rencontre plusieurs personnalités</s>
    <s>En marge des travaux de ce 17ème Sommet, le Chef de l'Etat, SEM. Issoufou Mahamadou, a eu des rencontres avec plusieurs personnalités. Ainsi, vendredi dernier, dans la matinée, le Chef de l'Etat s'est entretenu avec le Président de la République du Bénin, SEM. Boni Yayi. Au terme de l'entretien, SEM. Issoufou Mahamadou a d'abord indiqué que le Niger et le Bénin sont deux pays voisins et frères, avant de préciser que leurs entretiens ont porté sur que la coopération bilatérale.</s>
    <s>«Comme vous savez, le Bénin et le Niger font partie des mêmes organisations sous-régionales, en l'occurrence l'UEMOA et la CEDEAO. Nous avons beaucoup échangé sur l'intégration et sur les conditions qu'il faut pour créer et accélérer la croissance économique au niveau de nos deux pays. Et naturellement, nous avons évoqué tous les secteurs qui sont porteurs de croissance, de compétitivité, de productivité, notamment le secteur des infrastructures. Nous avons le chemin de fer qui nous est commun et qui est géré par une organisation commune Bénin-Niger (OCBN). Nous avons convenu avec le Président qu'il va falloir reconstituer ce secteur afin que ce chemin de fer soit rénové, non seulement entre Cotonou et Parakou, mais, on envisage également la prolongation de cette ligne de chemin de fer jusqu'à Niamey et éventuellement jusqu'au lieu de production des produits miniers, notamment l'uranium&quot;, a souligné le Chef de l'Etat.</s>
    <s>Le Président Issoufou Mahamadou a enfin confié qu'il a été convenu qu'il se rende à Cotonou en vue d'approfondir les échanges par rapport à toutes ces questions évoquées. Auparavant, jeudi soir, le Président Issoufou Mahamadou s'est entretenu avec l'ambassadeur Johnnie Carson, Secrétaire adjoint au bureau du département d'Etat, chargé des affaires africaines. Puis avec une délégation soudanaise.</s>
    <s>Ajouter aux favoris</s>
    <s>Envoyer par mail</s>
    <s>Vu: 1200</s>
    <s>Commentaires (6)!Add Comment</s>
    <s>Par hopp, juillet 05, 2011</s>
    <s>il ne s'agit pas des rencontre ou de sommet mais le concret et le plus important aux du peuple</s>
    <s>bne initiative</s>
    <s>Par verite, juillet 05, 2011</s>
    <s>bn courage dans nos projets a venir</s>
    <s>Bonne nouvelle</s>
    <s>Par Matsua, juillet 04, 2011</s>
    <s>Le Niger n'a besoin que de 12 milliards pour creer des emplois aux jeunes. Il serait temps de faire la part de ce l'armée, le parlement, les deplacements diplomatiques, les sommes detournées et retrouvées (si jamais de tels cas existent) et autre programmes bugetivores et resoudre une fois pour toute le problème de la jeunesse.</s>
    <s>rectification et question</s>
    <s>Par alilou, juillet 04, 2011</s>
    <s>Dans son programme Issoufou parle de l'education OBLIGATOIRE jusqu'a l'age de 16 et non GRATUITE comme dis la journaliste!!!</s>
    <s>Questions: c'est quoi cette histoire de jeuneusse et politique dont est n'est meme pas au courant? et le NIGER qui le represente? comment sont ils choisie si eventuelemnt il y a ?</s>
    <s>Terre d'avenir et d'innovation</s>
    <s>Par Le PDG, juillet 04, 2011</s>
    <s>Que dieu nous aidèe</s>
    <s>Par kondo, juillet 04, 2011</s>
    <s>Ecrivez un commentaire</s>
    <s>Réduire l'éditeur | Agrandir l'éditeur</s>
    <s>Être averti d'une réponse par email (seulement pour les membres)</s>
    <s>J'ai lu et j'accepte les règles d'utilisation.</s>
    <s>Ajouter un commentaire Preview</s>
    <s>Veuillez activer Javascript pour poster un nouveau commentaire</s>
    <s>Mise à jour le Lundi, 04 Juillet 2011 11:59</s>
    <s>Au Conseil des ministres : le gouvernement réaffirme sa volonté de conclure un Programme économique triennal avec le FMI dès la fin de décembre 2011</s>
    <s>17 October 2011 16:13</s>
    <s>Le conseil des ministres s'est réuni, le vendredi 14 octobre 2011, dans la salle habituelle des </s>
    <s>17 October 2011 14:52 DIVORCE HAMA-LADAN : LE JUGE DE PAIX A TRANCHE EN FAVEUR DE HAMA</s>
    <s>14 October 2011 18:57 A la Présidence de la République : promotion au grade supérieur d'officiers des FAN et de la Gendarmerie nationale</s>
    <s>13 October 2011 13:23 Au Conseil des ministres : le gouvernement adopte le projet de décret portant organisation, attributions et modalités de fonctionnement de l'Inspection générale de la gouvernance administrative</s>
    <s>13 October 2011 13:17 Hama Amadou reprend l’ex conseiller de Salou Djibo</s>
    <s>13 October 2011 13:00 Pourquoi fait-il si peur ?</s>
    <s>13 October 2011 12:47 Gestion des forces de défense et de sécurité: Nécessité de la tenue des Etats Généraux des FDS</s>
    <s>13 October 2011 11:57 Hama Amadou, ‘’un ami politique déçu’’</s>
    <s>12 October 2011 18:22 La mort lente de l’opposition</s>
    <s>12 October 2011 18:10 RELATIONS ENTRE RESPONSABLES POLITIQUES NIGÉRIENS ET LE RÉGIME DE KADHAFI: Le CNT menacerait de faire exploser la «bombe»</s>
    <s>12 October 2011 17:07 Issoufou n’a pas l’armée à sa botte</s>
    <s>12 October 2011 12:55 Niger : ce que Bazoum a dit à l'Élysée sur la crise libyenne!</s>
    <s>11 October 2011 13:24 DECLARATION DE PRESSE: Le Mouvement Patriotique pour la Défense de la Nation et du Peuple</s>
    <s>11 October 2011 13:20 Le Chef de l'Etat signe un décret portant nomination des membres de la Haute Autorité de Lutte contre la Corruption et les Infractions Assimilées</s>
    <s>11 October 2011 12:46 COMMUNIQUE DE PRESSE DE LA CROISADE</s>
    <s>BANQUE AGRICOLE DU NIGER</s>
    <s>Spot: &quot;AGENCE SAWKI VOYAGES&quot;</s>
    <s>Message de Bienvenue</s>
    <s>Inscrivez-vous ici/ Login</s>
    <s>Pour pouvoir faire des Commentaires, participer au Forum Veuillez bien vous inscrire iciEn creant d`abord un compte : cliquez sur le lien Creer un compte.</s>
    <s>!Remember Me</s>
    <s>Mot de passe oublié ? Identifiant oublié ?</s>
    <s>Créer un compte</s>
    <s>Tous a L'Ecole: BOA-Niger</s>
    <s>Journaux d’ailleurs</s>
    <s> BURKINA FASO</s>
    <s>COTE D'IVOIRE</s>
    <s> Le patriote</s>
    <s> Le Pays</s>
    <s> Afrik.com/cote d ivoire</s>
    <s>  Afrik.com/mali</s>
    <s>  NIGER</s>
    <s> Le Sahel </s>
    <s> Planete Afrique/Niger</s>
    <s>Soumettez-nous vos bonnes adresses de blogs, par mail : aboube@gmail.com</s>
    <s>Blog Niger, expatrié Niger</s>
    <s>Vous voulez partir, étudier, travailler, vivre au Niger? Préparer une expatriation au Niger, ou tout simplement découvrir la vie au Niger? Plutôt qu'une brochure touristique, lisez des blogs d'expatriés!</s>
    <s>!About Niger</s>
    <s>On this planet there are great rivers that define a country, a subcontinent or even a continent such as the Yangtze in China, the Ganges in India, the Nile in Egypt, the Amazon in South America or the Danube in Central Europe. The Niger, the mighty water way of West Africa is another such river. With a length of 4200 Km, the river Niger is only outrun in the huge continent that is Africa by the Nile and the Congo </s>
    <s>Nous Contacter</s>
    <s>Pour vos Informations,</s>
    <s>Contactez notre Equipe Technique</s>
    <s>et Marketing :</s>
    <s>en Cliquant ici</s>
    <s>!logo footer</s>
    <s>Powered by Group Tamtaminfo</s>
    <s>All Rights Reserved</s>
    <s>Le Niger en images</s>
    <s>Test webtv</s>
    <s>Mesure d'audience ROI frequentation par</s>
  </text>
</page>
