<?xml version="1.0" encoding="UTF-8"?>
<!DOCTYPE page SYSTEM "page.dtd">
<page>
  <lang>fr</lang>
  <url>http://www.tunandroid.com/content/2011/08/31/event-premier-meeting-des-membres-tunandroid/</url>
  <title>[Event] Premier Meeting Des Membres TunAndroid | TUNANDROID ...</title>
  <snippet>
    <s>31 août 2011 COM organise le premier meeting des membres pour discuter de notre nos responsabilités face à ça en tant que communauté active). Magazine d&#39; information sur l&#39;activité de la communauté, des tutoriaux, des dossiers : Un E- Mag de participants : 100 personnes + 30 personnes par co-organisateur </s>
  </snippet>
  <text>
    <s>La Communauté Android en Tunisie</s>
    <s>Notre Forum</s>
    <s>Notre Politique</s>
    <s>Software Freedom Day 2011</s>
    <s>TUNANDROID sur TUNITECH.net</s>
    <s>Nous Joindre</s>
    <s>Google TV</s>
    <s>Sony Ericsson</s>
    <s>Altek Corporation</s>
    <s>Point of View</s>
    <s>Sony Ericsson</s>
    <s>IEEE ENIT SB</s>
    <s>InfoPlus (FST)</s>
    <s>Junior Entreprise</s>
    <s>Liberty Soft</s>
    <s>Notre Sélection</s>
    <s>Coup de Coeur</s>
    <s>Fonds d'Ecran</s>
    <s>Jeux de Cartes</s>
    <s>Réflexion &amp; Puzzle</s>
    <s>Arcade &amp; Action</s>
    <s>Suggéré sur PF</s>
    <s>Avant Première</s>
    <s>Communiqué de presse</s>
    <s>INFO EXPRESS</s>
    <s>Notice de Sécurité</s>
    <s>Galaxy S</s>
    <s>Galaxy Spica (i5700)</s>
    <s>Pour les Amateurs</s>
    <s>Pour les Débutants</s>
    <s>Pour les Geeks</s>
    <s>« Firefox pour les tablettes Honeycomb</s>
    <s>Page d'acceuil</s>
    <s>Lookout : Antivirus pour Android»</s>
    <s>Event Premier Meeting Des Membres TunAndroid</s>
    <s>Par TSUKASA-SAMA, le 31 août 2011</s>
    <s>!La communauté TUNANDROID.COM organise le premier meeting des membres pour discuter de notre Roadmap pour l'année suivante et restructurer la communauté selon le mérite… Ceci est un draft de programme, de roadmap et de statuts que nous publions pour récolter les feedbacks avant de travailler dessus durant le meeting…</s>
    <s>Date : 10 Septembre 2011,</s>
    <s>Lieu : Pôle el Ghazallah,</s>
    <s>à partir de 13h, invitation obligatoire</s>
    <s>Programme de la journée :</s>
    <s>Première partie :</s>
    <s>●     Récapitulatif de la première année, ce qu'on a fait, ce qu'on n'a pas fait, nos succès, nos erreurs, etc.</s>
    <s>●     Création d'une charte ou règlement interne avec les détails des statuts des membres : leurs droits et leurs obligations.</s>
    <s>●     Travaux sur notre Roadmap de 2011-2012 : Proposition de projets, constitution des comités pour chaque projet, détail de chaque projet : objectifs, description, roadmap, échéance,</s>
    <s>●     Roadmap des clubs partenaires : 10 minutes par club au maximum et un représentant au moins est obligatoire</s>
    <s>Deuxième partie :</s>
    <s>●     Présentation de la Roadmap à des partenaires que nous allons inviter qui peuvent être concernés de près ou de loin par notre Roadmap. La parole sera donnée à ses partenaires pour partager leurs avis et suggestions à notre communauté ou à sa Roadmap :</s>
    <s>○     Représentants des Constructeurs :</s>
    <s>○     Représentants des opérateurs</s>
    <s>○     Professeurs/Chef de départements intéressés par Android</s>
    <s>Projets à inclure dans la ROADMAP :</s>
    <s>Parmi les projets que nous allons entreprendre, nous proposons ce qui suit :</s>
    <s>●     Ajout du support arabe sur les ROMs de smartphones commercialisés en Tunisie pour ceux qui ne l'ont pas à la dernière version. Exemple : Support arabe pour ROM Samsung Galaxy S en version 2.3 (Notre communauté doit apporter son soutien au monde arabe pour rendre l'accès aux nouvelles technologies moins restreint, alors nous devons prendre nos responsabilités face à ça en tant que communauté active).</s>
    <s>●     Projet de développement de Jeu 3D en partenariat avec l'ISAMM : Projet qui doit inclure une formation sur un ou plusieurs moteurs de jeu, jeu en open source, avec plusieurs tutoriaux et APIs réutilisables. Le jeu doit être en open source mais le moteur peut être propriétaire</s>
    <s>●     Projet de développement d'un système intégré utilisant Android genre embarqué ou Robotique et utilisant les dernières plateformes d'intégration du genre Arduino ou BeagleBoard.</s>
    <s>●     Magazine d’information sur l’activité de la communauté, des tutoriaux, des dossiers : Un E-Mag qui regroupe les meilleurs articles, et les articles les plus importants + tutos, qui a une sortie chaque 2/3 mois, On ajoutera un système de rating sur le site qui affichera automatiquement les meilleurs articles votés.</s>
    <s>●      Projet de développement d’un programme qui permet aux gens handicapés ( non voyant ou autres ) d’utiliser Android Phones.</s>
    <s>●     Promouvoir les différents branches de développement Android souvent oubliées ou inconnues (Développement avec le NDK, Flex, Web pour Android … )</s>
    <s>●     Prévoir un plan d’action pour encourager les développeurs tunisiens à “mieux” développer et ceci afin d’améliorer la qualité des applications tunisiennes au niveau international. (Coding party &amp; Cie, des concours, meeting, brainstorming…)</s>
    <s>●     Création d’un wiki TunAndroid pour regrouper les tutoriaux de la communauté (Sur le plan technique / programmation…etc.) et créer ainsi une bonne source d’information et de documentation de qualité autour d’android.</s>
    <s>Draft des Statuts des membres, droits et obligations :</s>
    <s>Les statuts des membres au sein de notre communauté seront attribués au mérite. Un système de scoring va être mise en place qui permettra de suivre les points pour chaque membre en fonction de ces activités.</s>
    <s>Le score obtenu peut être dépensé par les membres dans les événements qu’on organise.</s>
    <s>Nous allons définir en ce qui suit le barème de notation, les noms des statuts, les obligations, les droits.</s>
    <s>Nombre de points</s>
    <s>Rédiger un article</s>
    <s>1 Pt</s>
    <s>Tutorial rédigé  + Vidéo perso</s>
    <s>5 Pts + 10 Pts</s>
    <s>Dossier sur un aspect d’Android</s>
    <s>20 pts</s>
    <s>Développer une application et la partager et la publier en Open Source</s>
    <s>100 pts</s>
    <s>Organiser une conférence sur Android (Chef de Projet)Nombre minimum de participants : 100 personnes</s>
    <s>100 pts</s>
    <s>Organiser une conférence sur Android (Co-organisateur)Nombre minimum de participants : 100 personnes + 30 personnes par co-organisateur</s>
    <s>80 pts</s>
    <s>Organiser une Android Coding Party d’une journée (Chef de Projet)Nombre minimum de participants : 50 personnes</s>
    <s>Organiser une Android Coding Party d’une journée (Co-organisateur)Nombre minimum de participants : 50 personnes + 15 personnes par co-organisateur</s>
    <s>Une journée de Conférences sur Android (Chef de Projet)Nombre minimum de participants : 250 personnes</s>
    <s>Une journée de Conférences sur Android (Co-organisateur)Nombre minimum de participants : 250 personnes + 50 personnes par co-organisateur</s>
    <s>- 50Pts</s>
    <s>Ne pas venir à un évènement ou se décommander à la dernière minute</s>
    <s>- 50Pts</s>
    <s>Droits :</s>
    <s>●     Priorité sur les listes d’inscription aux événements</s>
    <s>●     Inscription sur la liste de choix préalables dans les actions d’embauches, de stages ou de PFEs organisés</s>
    <s>Score pour devenir Membre privilégié : 500 Pts</s>
    <s>Draft Statuts des Clubs, droits et obligations :</s>
    <s> Club Affilié</s>
    <s>Club née au sein de TunAndroid (Fondateur est un membre privilégié) ou partenaire actif.</s>
    <s>Club Partenaire</s>
    <s>Club qui travail sur certains projets en collaboration avec/sous la directive de TunAndroid</s>
    <s>Club indépendant</s>
    <s>Club référencé chez TunAndroid</s>
    <s>Club Affilié (Fondateur/Président ou membre du bureau exécutif a le statut de membre privilégié) : Droits à discuter durant le meeting mais peuvent être proposés</s>
    <s>Club Partenaire : est un club indépendant qui a organisé deux à trois évents/an en rapport avec android en partenariat avec TunAndroid + fait une demande pour devenir club Partenaire : Droits à discuter durant le meeting mais peuvent être proposés</s>
    <s>Club indépendant est un club référencé chez TunAndroid : Droits à discuter durant le meeting mais peuvent être proposés</s>
    <s>Si vous avez des questions, remarques, propositions nous attendons vos feedbacks avant de finaliser ce programme/draft.</s>
    <s>Ce programme n’est pas le programme final et peut changer à tout moment.</s>
    <s>Chef de Projet : Ahmed Nabli (TSUKASA SAMA)</s>
    <s>VN:F 1.9.11 1134</s>
    <s>please wait…</s>
    <s>Rating: 10.0/10 (1 vote cast)</s>
    <s>VN:F 1.9.11 1134</s>
    <s>Rating: 0 (from 0 votes)</s>
    <s>Event Premier Meeting Des Membres TunAndroid, 10.0 out of 10 based on 1 rating</s>
    <s>Share and Enjoy:</s>
    <s>Related Posts:</s>
    <s>Premier Meeting Des Membres TunAndroid !</s>
    <s>TUNANDROID.COM au SIB 2010 : Vendredi 26.11 de 16h à 19h</s>
    <s>XPERIA ARC en vente en Tunisie depuis une semaine au moins !!</s>
    <s>Lancement du magazine de la communauté Tunandroid</s>
    <s>TUNANDROID.COM : Un nouveau forum, beaucoup plus rapide, beaucoup plus simple</s>
    <s>août 31st, 2011 | Tags :activité, evenement, event, meeting, tunandroid | Catégorie : Events, Nouveautés, TUNANDROID</s>
    <s>« Firefox pour les tablettes Honeycomb</s>
    <s>Page d'acceuil</s>
    <s>Lookout : Antivirus pour Android»</s>
    <s>7 comments to Event Premier Meeting Des Membres TunAndroid</s>
    <s>31 août 2011 at 18 h 57 min</s>
    <s>bsr,comment puis-je m'inscrire à la communauté TunAndroid ? et concernant le meeting, c'est pas ouvert à tout le monde ? merci</s>
    <s>VA:F 1.9.11 1134</s>
    <s>Rating: 0 (from 0 votes)</s>
    <s>31 août 2011 at 20 h 09 min</s>
    <s>Pour être membre suffit de s'inscrire sur le forum/site.</s>
    <s>VN:F 1.9.11 1134</s>
    <s>Rating: 0 (from 0 votes)</s>
    <s>31 août 2011 at 21 h 17 min</s>
    <s>et le google groupe de tunandroid, les liens sur la page d'acceuil</s>
    <s>VN:F 1.9.11 1134</s>
    <s>Rating: 0 (from 0 votes)</s>
    <s>3 septembre 2011 at 21 h 12 min</s>
    <s>dsl mais le lieu n'est pas bien précisé…</s>
    <s>VA:F 1.9.11 1134</s>
    <s>Rating: 0 (from 0 votes)</s>
    <s>3 septembre 2011 at 21 h 39 min</s>
    <s>@ Houssem : il est en haut en gras</s>
    <s>VN:F 1.9.11 1134</s>
    <s>Rating: 0 (from 0 votes)</s>
    <s>4 septembre 2011 at 13 h 42 min</s>
    <s>pole elghazela kbir deja mara mshit besh ndaber stage dhrabt nhar kamel w kamaltoush …c pour cela ana s2altkom ou précisément..</s>
    <s>VA:F 1.9.11 1134</s>
    <s>Rating: 0 (from 0 votes)</s>
    <s>8 septembre 2011 at 15 h 54 min</s>
    <s>Suffit de demander où se trouve les salles de conférences dans le park (C'est tout droit, au premier petit rond point à gauche).</s>
    <s>C'est la salle Hannibal normalement (La plus grande salle).</s>
    <s>VN:F 1.9.11 1134</s>
    <s>Rating: +1 (from 1 vote)</s>
    <s>Leave a Reply Cancel reply</s>
    <s>Connect with Facebook</s>
    <s>Name (required)</s>
    <s>Email (will not be published) (required)</s>
    <s>You can use these HTML tags</s>
    <s>`&lt;a href=&quot;&quot; title=&quot;&quot;&gt; &lt;abbr title=&quot;&quot;&gt; &lt;acronym title=&quot;&quot;&gt; &lt;b&gt; &lt;blockquote cite=&quot;&quot;&gt; &lt;cite&gt; &lt;code&gt; &lt;del datetime=&quot;&quot;&gt; &lt;em&gt; &lt;i&gt; &lt;q cite=&quot;&quot;&gt; &lt;strike&gt; &lt;strong&gt; `</s>
    <s>« Firefox pour les tablettes Honeycomb</s>
    <s>Page d'acceuil</s>
    <s>Lookout : Antivirus pour Android»</s>
    <s>Recherche sur le Site</s>
    <s>Quelle marque de smartphones vous utilisez ?</s>
    <s>View Results</s>
    <s>!Loading Loading </s>
    <s>Articles récents</s>
    <s>Android Ice Cream Sandwich : Premières images</s>
    <s>10iéme anniversaire de GTA III</s>
    <s>Google Translate pour Android « parle » maintenant le français</s>
    <s>[ML Du Visual Basic-Like vers l'Android… C'est possible !]</s>
    <s>[Interview Le Robot NAO sponsorisé pour les développeurs et associations]</s>
    <s>Sujets Populaires</s>
    <s>[vCast Test utilisateur du Orange GaGa (5)]</s>
    <s>[vCast Plus de détails sur Samsung Galaxy SII et Galaxy Tab 8.9 et 10.1 (3)]</s>
    <s>Lancement du magazine de la communauté Tunandroid (1)</s>
    <s>XPERIA ARC en vente en Tunisie depuis une semaine au moins !(1)</s>
    <s>Mots Clés</s>
    <s>3D android android app android application android market android samsung android smartphone android tablette android tunisie Apple application application android Applications Développement fond d'ecran froyo galaxy S galaxy tab game Gingerbread google honeycomb HTC Jeu Jeux jeux android lg market mise a jour Motorola ramadan sécurité Samsung samsung galaxy s Santé smartphone smartphone android smartphones sony statistiques tablette tablette android tunandroid tunisie utilitaire</s>
    <s>Les Derniers Commentaires</s>
    <s>Valerio dans [Tuto FROYO (I9000XWJPA) pour Galaxy S : Installation, root et lagfix]</s>
    <s>rayen dans Tutorial : Comment flasher son Samsung Galaxy Spica i5700</s>
    <s>douja zouaoui dans Vente &amp; Achat avec « Bi3Wechri Tunisie »</s>
    <s>boussaid dans [IE Nouveau sur Android Market : Voir aussi !!]</s>
    <s>Alexandre Fétiveau dans [MàJ Samsung perd son procès contre Apple au pays-bas]</s>
    <s>Inscription sur TUNANDROID.COM</s>
    <s>Pour s’inscrire sur Tunandroid.com, pour recevoir nos newsletters ou pour devenir &quot;Contributeur&quot; sur ce site, Veuillez cliquer et remplir ce formulaire d'inscription.</s>
    <s>Inscription à Notre Google Groupe</s>
    <s>!Google Groupes</s>
    <s>Visiter ce groupe</s>
    <s>Nos Fans sur Facebook</s>
    <s>Sur Google Market</s>
    <s>PicBadge TUNANDROID.COM</s>
    <s>Liens Amis</s>
    <s>Pleins de tutos et actualités</s>
    <s>Actualités des applications pour Android</s>
    <s>Administration du site - Connexion</s>
    <s>Copyright (C) 2011 TUNANDROID.com - All Rights Reserved</s>
    <s>Powered by WordPress &amp; Atahualpa</s>
    <s>Page optimized by WP Minify WordPress Plugin</s>
  </text>
</page>
