<?xml version="1.0" encoding="UTF-8"?>
<!DOCTYPE page SYSTEM "page.dtd">
<page>
  <lang>fr</lang>
  <url>http://calenda.revues.org/nouvelle17853.html</url>
  <title>Calenda - Treizième colloque international sur le document ...</title>
  <snippet>
    <s>2 nov. 2010 Appel à participation Vous êtes cordialement invités (invitées) à participer à la treizième conférence internationale sur le document numérique </s>
  </snippet>
  <text>
    <s>Abonnez-vous à la lettre :</s>
    <s>À propos de Calenda</s>
    <s>Signaler un événement</s>
    <s>en Sciences humaines</s>
    <s>et sociales</s>
    <s>Octobre 2011</s>
    <s>À la une</s>
    <s>Toutes les catégories</s>
    <s>Esprit et langage</s>
    <s>Types d'événements</s>
    <s>Tous les types</s>
    <s>Appels à contribution</s>
    <s>Journées d'étude</s>
    <s>Bourses, prix et emplois</s>
    <s>Appels d'offres</s>
    <s>Cycles de conférences</s>
    <s>Informations diverses</s>
    <s>!Voir les nouvelles</s>
    <s>S'abonner aux flux RSS de Calenda</s>
    <s>Archiver cette annonce</s>
    <s>À lire sur le même thème</s>
    <s>Dall'Informatica umanistica alle culture digitali</s>
    <s>La représentation de la guerre dans les conflits récents: enjeux esthétiques, éthiques et politiques</s>
    <s>Maurrassisme et Littérature</s>
    <s>Parce que j'aime le savoir</s>
    <s>Les cultures des sciences en Europe</s>
    <s>Initiation à l'encodage des textes patrimoniaux</s>
    <s>Philology in the Digital Age</s>
    <s>Le déni de grossesse</s>
    <s>Sciences de l'information</s>
    <s>L’information des chaînes internationales, entre logiques géopolitiques et logiques économiques</s>
    <s>Les mutations de l'information et des médias locaux et régionaux</s>
    <s>Des médias pour la paix : pratiques médiatiques et engagements pacifistes dans la France du XXe siècle</s>
    <s>Édition électronique</s>
    <s>TEI et encodage des sources</s>
    <s>Archives littéraires, numérisation de manuscrits, édition d'avant-textes hispaniques contemporains</s>
    <s>Dall'Informatica umanistica alle culture digitali</s>
    <s>Accueil  &gt;  Catégories  &gt;  Esprit et langage  &gt;  Information</s>
    <s>Jeudi 16 décembre 2010  |  Paris (75002)</s>
    <s>Treizième colloque international sur le document numérique</s>
    <s>Publié le mardi 02 novembre 2010 par Marie Pellen</s>
    <s>CIDE 13 vise à dégager un certain nombre d’invariant qui caractérisent les supports documentaires, les formes d’expression, les pratiques de communication… Par ailleurs, face aux évolutions très rapides des technologies de diffusion des documents semi-structurés, d’indexation et de recherche d’information, CIDE 13 se propose de revisiter les concepts utilisés pour définir ces outils qui constituent aujourd’hui l’épine dorsale du système d’information des organisations. Appel à participation Vous êtes cordialement invités (invitées) à participer à la treizième conférence internationale sur le document numérique (CIDE 13) qui se tiendra les 16 et 17 Décembre 2010 à l'’INHA 6, rue des Petits Champs 75002 Paris</s>
    <s>Jeudi 16 Decembre 2010</s>
    <s>8h-9h Inscription</s>
    <s>09h - 09:30: Ouverture de la conference:</s>
    <s>M. Ihadjadene (Paragraphe-Universite de Paris8), M.Zacklad (Cnam-Dicen), K. Zreik (Citu-Paragraphe, Universite Paris8)</s>
    <s>9h30-10h30: Conference invite</s>
    <s>«Construire ensemble des memoires numeriques durables : l'archivage numerique perenne»</s>
    <s>Pr Benoit Habert (EDF R&amp;D)</s>
    <s>Resume : Le numerique natif et la numerisation de donnees analogiques sont souvent conçus comme une maniere privilegiee de transmettre l'existant. L'obsession memorielle actuelle contribue a cette tendance. Les fragilites intrinseques du numerique contraignent en fait a s'interroger sur les conditions techniques mais aussi et surtout sociales et humaines qui permettent de produire du « numerique durable », c'est-a-dire tel qu'il permette un acces maintenu, a long terme, des communautes aux connaissances et aux savoirs qui leur sont precieux.</s>
    <s>Les dimensions de cette perennisation (le modele utilise pour ces operations, sa mise en oeuvre possible) sont abordees a partir de deux exemples precis : un projet pilote d'archivage numerique de donnees orales, dans le cadre d'une Tres Grande Infrastructure de Recherche ; un projet d'archivage numerique en entreprise de donnees et documents metier. Ces deux exemples permettent de souligner les interactions complexes entre les processus techniques, les contextes institutionnels et le developpement dans une communaute donnee de bonnes pratiques qui feront que le numerique puisse durer.&quot;</s>
    <s>10:0 - 11h Pause</s>
    <s>11h00 - 12h30: Session 1</s>
    <s>Mediation numerique et institutions patrimoniales: le site web comme complexe de pratiques</s>
    <s>Dufrene Bernadette (HAR, Universite de Paris10).</s>
    <s>Approche semio-rhetorique des couplages texte-mouvement dans le discours numerique</s>
    <s>Alexandra Saemmer (Paragraphe, Universite de Paris8)</s>
    <s>Pratiques documentaires et construction d'exemplarite : le deni des mediations</s>
    <s>Labelle Sarah (Universite de Paris13) and Seurrat Aude (Universite de Paris 4-Celsa).</s>
    <s>Apports de psychologie du travail pour caracteriser l'activite de gestion de l'information dans le cadre d'une methodologie d'analyse croisee de l'activite et des documents</s>
    <s>Orelie Desfriches Doria (Dicen CNAM) and Manuel Zacklad (Dicen CNAM)</s>
    <s>12h30 - 14h00:Dejeuner</s>
    <s>14h00 - 15h30 Session 2</s>
    <s>De l'utilisation de WordNet pour l'indexation conceptuelle des documents</s>
    <s>Fatiha Boubekeur, Boughanem Mohand, Tamine Lynda, Daoud Mariam (IRIT-SIG, Universite Paul Sabatier)</s>
    <s>Indexer des parcours thematiques pour valoriser les collections de presse numerisee</s>
    <s>Viviane Clavier (Universite Grenoble3)</s>
    <s>Online multilingual access to digitized Arabic Manuscript</s>
    <s>Ourabah Soualah, Mohamed Hassoun(ENNSIB - ELICO)</s>
    <s>Lecture interactive : acces au contenu d'un document numerique a un niveau d'approfondissement reglable par le lecteur</s>
    <s>Laurence Balicco, Marc Bertier (Universite Stendhal Grenoble 3, Laboratoire GRESEC)</s>
    <s>15h30 - 16h: Pause cafe</s>
    <s>16h00 - 18h00: Table Ronde 1</s>
    <s>« Systeme d'Information et ecritures numeriques en entreprise »</s>
    <s>Animateur : Manuel Zacklad (Cnam-Dicen)</s>
    <s>Participants (en cours de confirmation) : Dominique COTTE (Universite de Lille 3), Yves CHEVALIER ( Universite Europeenne de Bretagne), Benoit HABERT (EDF), Brigitte GUYOT (CNAM), Marie DESPRES-LONNET (Universite de Lille 3)</s>
    <s>19h30: Soiree de gala</s>
    <s>Vendredi 17 Decembre 2010</s>
    <s>8h-9h Inscription et Accueil</s>
    <s>09h- 10h30: Session 3</s>
    <s>Étude comparative de moteurs de recherche pour le reperage d´images illustrant des objets museaux</s>
    <s>Elaine Menard (McGill University, Canada).</s>
    <s>Une approche de classification pour la preservation des documents numeriques : Application au patch, support de creation et de constitution de connaissances sonores et musicales</s>
    <s>Bouchra Lamrini, Françis Rousseaux, Raffaelle Ciavarella, Alain Bonardi, Jerome Barthelemy (Ircam)</s>
    <s>Structure, historique et evolution des dictionnaires arabes : Le cas d'iSPEDAL</s>
    <s>Abd El Salam al Hajjar, Mohammad Hajjar (Universite Libanaise, Saida, Liban), Khaldoun Zreik (Citu-Paragraphe, Universite Paris8)</s>
    <s>La plateforme d'indexation INVENIO : Une approche MPEG-7 pour la reutilisation des contenus multimedias</s>
    <s>Alain Vaucelle, Titus Zaharia ( ARTEMIS-Telecom SudParis), Thomas Laquet (ARTEMIS-Telecom SudParis ).</s>
    <s>10h30 - 11h30: Pause cafe</s>
    <s>11h00 - 12h30 : Session 4</s>
    <s>Epistemologie du document numerique, pour une approche raisonnee</s>
    <s>Dominique Cotte (Geriico, Universite de Lille3)</s>
    <s>Webdesign, normalisation &amp; strategie des firmes</s>
    <s>Herve Le Crosnier, Jean-Marc Lecarpentier (Universite de Caen)</s>
    <s>La guerre des etoiles ou le nouvel ordre documentaire</s>
    <s>Equipe SID (Geriico, Universite Charles de Gaulle Lille3 ).</s>
    <s>Le document electronique dans le cadre juridique</s>
    <s>Marina Pietrangelo (Institut de Theorie et des Techniques de l'Information Juridique , Italie )and Maria Angela Biasiotti (Conseil National de Recherches (CNR) - Institut de Theorie et des Techniques de l'Information Juridique (ITTIG), Italie)</s>
    <s>12h30 - 14h00. Pause dejeuner</s>
    <s>14h00 - 16h30: Table ronde 2</s>
    <s>&quot;Lire numerique : nouveaux dispositifs - nouvelles pratiques ?&quot;</s>
    <s>Animatrice : Alexandra Sammer (Paragraphe, Universite Paris8)</s>
    <s>Participants : Joel Gardes (Orange, FTGroup), Claire Belisle (Universite Lyon2, CNRS), Caroline Courbiere (Universite de Toulouse, LERASS)</s>
    <s>Inscription : http://europia.org/CIDE13</s>
    <s>document numérique, digital humanities, écriture numérique, moteurs de recherche, usages et pratiques numériques</s>
    <s>Paris (75002) (2 rue Vivienne, INHA)</s>
    <s>jeudi 16 décembre 2010</s>
    <s>vendredi 17 décembre 2010</s>
    <s>courriel : madjid point ihadjadene (at) univ-paris8 point fr</s>
    <s>Url de référence</s>
    <s>Source de l'information</s>
    <s>Madjid Lhadjadene</s>
    <s>courriel : madjid point ihadjadene (at) univ-paris8 point fr</s>
    <s>Pour citer cette annonce</s>
    <s>« Treizième colloque international sur le document numérique », Colloque, Calenda , publié le mardi 02 novembre 2010, http://calenda.revues.org/nouvelle17853.html</s>
    <s>Accès réservé</s>
    <s>Revues.orgRevues et collections de livres</s>
    <s>Les revues (305)</s>
    <s>Les collections de livres (18)</s>
    <s>En savoir plus</s>
    <s>CalendaCalendrier des sciences sociales</s>
    <s>Acceder aux evenements ()</s>
    <s>En savoir plus</s>
    <s>Hypotheses.orgCarnets et blogs de recherche</s>
    <s>Acceder aux carnets (243)</s>
    <s>En savoir plus</s>
    <s>Lettre &amp; alertes</s>
    <s>LettreS'abonner a la Lettre de Revues.org</s>
    <s>Alertes &amp; abonnementsAcceder au service</s>
    <s>Calendrier des lettres et sciences humaines et sociales</s>
    <s>*jeudi 16 décembre 2010: 20101216</s>
  </text>
</page>
