<?xml version="1.0" encoding="UTF-8"?>
<!DOCTYPE page SYSTEM "page.dtd">
<page>
  <lang>fr</lang>
  <url>http://www.cnpmali.org/index.php/lois-et-reglements/textes-ohada</url>
  <title>Downloads | Ohada</title>
  <snippet>
    <s>Acte adopté le 10 avril 1998 et paru au JO OHADA n°7 du 1er juillet 1998 Micro cravate pour le présentateur ou conférencier - Tribune - Salon d&#39;honneur inclus- Prix La location de la Salle de conférence donne accès au salon d&#39; honneur. </s>
  </snippet>
  <text>
    <s>Flash info :</s>
    <s>STEP 2011 » Rencontre Internationale de Sous-traitance du 21 au 24 septembre à Abidjan 100ème session de la Conférence internationale du Travail, 1-17 juin 2011 </s>
    <s>AMO » Prorogation de la date limite de dépôt des fiches de non-adhésion à l'AMO au 23 Sept 2011</s>
    <s>E-COMMERCE » Sortie de la 1ère Promotion de CEFIB ce Lundi 26 Septembre au CNPM</s>
    <s>Mardi, 18 Oct 2011</s>
    <s>Mot du Président</s>
    <s>Membres du Bureau</s>
    <s>Comité Statutaire</s>
    <s>Règlements Intérieurs</s>
    <s>Patronats de Région</s>
    <s>Banque &amp; Finances</s>
    <s>Tourisme &amp; Hôtellerie</s>
    <s>- - -</s>
    <s>Entreprises agricoles</s>
    <s>Hôtellerie et Tourisme</s>
    <s>Entreprenariat féminin</s>
    <s>Lois et Règlements</s>
    <s>Textes UEMOA</s>
    <s>Textes OHADA</s>
    <s>Order by : Name | Date | Hits [ Ascendant ]</s>
    <s>!Procédures collectives d’apurement du passif Procédures collectives d’apurement du passif</s>
    <s>623.33 kB</s>
    <s>Acte uniforme portant organisation des procédures collectives d’apurement du passif</s>
    <s>Acte adopté le 10 avril 1998 et paru au JO OHADA n°7 du 1er juillet 1998</s>
    <s>!Droit des Sociétés Commerciales et du GIE Droit des Sociétés Commerciales et du GIE</s>
    <s>730.52 kB</s>
    <s>Acte uniforme relatif au droit des Sociétés Commer-ciales et du Groupement d’Intérêt Economique</s>
    <s>Acte adopté le 17 avril 1997 et paru au JO OHADA n°2 du 1er octobre 1997</s>
    <s>!Droit commercial Droit commercial</s>
    <s>1.18 MB</s>
    <s>Acte uniforme sur le droit commercial</s>
    <s>Acte adopté le 17 avril 1997 et paru au JO OHADA n°1 du 1er octobre 1997</s>
    <s>!Contrats de transport de marchandises par route Contrats de transport de marchandises par route</s>
    <s>293.6 kB</s>
    <s>Acte uniforme relatif aux contrats de transport de marchandises par route</s>
    <s>Acte adopté le 22 mars 2003</s>
    <s>!Comptabilité des entreprises Comptabilité des entreprises</s>
    <s>1.18 MB</s>
    <s>Acte Uniforme portant organisation et harmonisation des comptabilités des entreprises</s>
    <s>La FENACOM vous invite le Samedi 08 octobre 2011 à 9h00 au CNPM à la « Matinée FENACOM »</s>
    <s>tout savoir sur les enjeux de la FENACOM et la valorisation du métier de consultant;</s>
    <s>trouver des opportunités de développement d’affaire à travers la FENACOM;</s>
    <s>rencontrer et échanger avec vos collègues et partenaires.</s>
    <s>Participation gratuite - Renseignement et Inscription</s>
    <s>Tel. : 20 29 00 21 - 66  95 78 16 </s>
    <s>Email : sp@fenacom.net</s>
    <s>Le Directeur Général des Impôts informe les Opérateurs Economiques et les Entreprises Exportatrices, les Sociétés Minières en particulier, que le Ministre de l’Economie et des Finances vient de mettre en place un nouveau dispositif de gestion des crédits de la TVA qui a pris effet depuis le 1er Juin 2011.</s>
    <s>Cliquez sur les liens ci-dessous pour télécharger</s>
    <s>Immeuble du Patronat,</s>
    <s>Hamdallaye ACI 2000 derrière le Gouvernorat du District</s>
    <s>Tél :  +223 20 21 63 11   ou   +223 44 90 17 10</s>
    <s>Fax : +223 20 21 90 77</s>
    <s>Email : cnpm@cnpmali.org</s>
    <s>Nos espaces à louer</s>
    <s>http://www.cnpmali.org/components/com gk3 photoslide/thumbs big/464044salle conference 1 .jpg</s>
    <s>Salle de conférence</s>
    <s>150 places assises - Climatisée - Equipements audio ultra-moderne - Traduction simultanée en 2 langues - Equipements de projection et micros baladeurs - Micro cravate pour le présentateur ou conférencier - Tribune - Salon d'honneur inclus- Prix de location = 250.000 Fcfa/Jour</s>
    <s>http://www.cnpmali.org/components/com gk3 photoslide/thumbs big/353729salle conference 2 .JPG</s>
    <s>Salle de conférence</s>
    <s>150 places assises - Climatisée - Equipements audio ultra-moderne - Traduction simultanée en 2 langues - Equipements de projection et micros baladeurs - Micro cravate pour le présentateur ou conférencier - Tribune - Salon d'honneur inclus- Prix de location = 250.000 Fcfa/Jour</s>
    <s>http://www.cnpmali.org/components/com gk3 photoslide/thumbs big/867362salle conference 6 .JPG</s>
    <s>Salle de conférence</s>
    <s>150 places assises - Climatisée - Equipements audio ultra-moderne - Traduction simultanée en 2 langues - Equipements de projection et micros baladeurs - Micro cravate pour le présentateur ou conférencier - Tribune - Salon d'honneur inclus- Prix de location = 250.000 Fcfa/Jour</s>
    <s>http://www.cnpmali.org/components/com gk3 photoslide/thumbs big/247283salon vip 3 .JPG</s>
    <s>Salon VIP</s>
    <s>Le Salon d'honneur ou Salon d'attente VIP est contigu à a Salle de conférence pour accueillir les personnalités invitées pendant les cérémonies. La location de la Salle de conférence donne accès au salon d'honneur </s>
    <s>http://www.cnpmali.org/components/com gk3 photoslide/thumbs big/711247salle conseil 3 .JPG</s>
    <s>Salle de Conseil ou Salle de réunion VIP</s>
    <s>50 places assises autour d'une table ronde - Climatisée - Sonorisation et micro individuel - Tribune avec micro intégré - Prix de location = 150.000 Fcfa/Jour</s>
    <s>http://www.cnpmali.org/components/com gk3 photoslide/thumbs big/644077salle conseil 7 .JPG</s>
    <s>Salle de Conseil ou Salle de réunion VIP</s>
    <s>50 places assises autour d'une table ronde - Climatisée - Sonorisation et micro individuel - Tribune avec micro intégré - Prix de location = 150.000 Fcfa/Jour</s>
    <s>http://www.cnpmali.org/components/com gk3 photoslide/thumbs big/831716salle informatique 1 .JPG</s>
    <s>Salle de formation informatique</s>
    <s>20 Ordinateurs dernière génération, connectés en réseau + Internet- Climatisée - Equipements de projection (vidéo projecteur + tableau de projection) - Tableau blanc - Prix de location = 100.000 Fcfa/Jour</s>
    <s>http://www.cnpmali.org/components/com gk3 photoslide/thumbs big/604632salle informatique 7 .JPG</s>
    <s>Salle de formation informatique</s>
    <s>20 Ordinateurs dernière génération, connectés en réseau + Internet- Climatisée - Equipements de projection (vidéo projecteur + tableau de projection) - Tableau blanc - Prix de location = 100.000 Fcfa/Jour</s>
    <s>http://www.cnpmali.org/components/com gk3 photoslide/thumbs big/508709salle informatique 3 .JPG</s>
    <s>Salle de formation informatique</s>
    <s>20 Ordinateurs dernière génération, connectés en réseau + Internet- Climatisée - Equipements de projection (vidéo projecteur + tableau de projection) - Tableau blanc - Prix de location = 100.000 Fcfa/Jour</s>
    <s>http://www.cnpmali.org/components/com gk3 photoslide/thumbs big/960927salle polyvalente 3 .JPG</s>
    <s>Salle de formation polyvalente</s>
    <s>40 places assises - Climatisée - Equipements audio ultra-moderne - Equipements de projection et micros baladeurs - Micro cravate pour le présentateur ou conférencier - Tribune -  Prix de location = 100.000 Fcfa/jour</s>
    <s>http://www.cnpmali.org/components/com gk3 photoslide/thumbs big/927604salle polyvalente 5 .JPG</s>
    <s>Salle de formation polyvalente</s>
    <s>40 places assises - Climatisée - Equipements audio ultra-moderne - Equipements de projection et micros baladeurs - Micro cravate pour le présentateur ou conférencier - Tribune -  Prix de location = 100.000 Fcfa/jour</s>
    <s>http://www.cnpmali.org/components/com gk3 photoslide/thumbs big/832892salle polyvalente 1 .JPG</s>
    <s>Salle de formation polyvalente</s>
    <s>40 places assises - Climatisée - Equipements audio ultra-moderne - Equipements de projection et micros baladeurs - Micro cravate pour le présentateur ou conférencier - Tribune -  Prix de location = 100.000 Fcfa/jour</s>
    <s>Outils pour les Entreprises</s>
    <s>Guide Juridique OHADA pour les entreprises</s>
    <s>200 questions pratiques pour comprendre le nouveau droit</s>
    <s>Prix de vente 5.000 Fcfa</s>
    <s>Disponible au CNPM</s>
    <s>Liens utiles</s>
    <s>- Les Communiqués des Conseils de Ministres</s>
    <s>- Ministère de l'Industrie, des Investissements et du Commerce (MIIC)</s>
    <s>- Ministre de l'Economie et des Finances (MEF)</s>
    <s>- Ministère des Mines</s>
    <s>- Direction Générale des Impôts</s>
    <s>- Direction Générale des Douanes</s>
    <s>- Agence pour la Promotion des Investissements (API Mali)</s>
    <s>CNPM © Conseil National du Patronat du Mali | 2011. Tous droits réservés.</s>
  </text>
</page>
