<?xml version="1.0" encoding="UTF-8"?>
<!DOCTYPE page SYSTEM "page.dtd">
<page>
  <lang>fr</lang>
  <url>http://www.irisa.fr/manifestations/1998/ep98/regisf.html</url>
  <title>EP98 Inscriptions</title>
  <snippet>
    <s>INSCRIPTION À EP98 (CONFÉRENCE ET TUTORIELS). Droits d&#39;inscription </s>
  </snippet>
  <text>
    <s>!English Version</s>
    <s>!Version française</s>
    <s>Semaine WEPT</s>
    <s>Comite programme</s>
    <s>Organisation locale</s>
    <s>Patronages **</s>
    <s>(C)1997 INRIA-Rennes</s>
    <s>INSCRIPTION EP98 (CONFENCE ET TUTORIELS)</s>
    <s>Droits d'inscription</s>
    <s>INSCRIPTION AUX AUTRES CONFENCES ET TUTORIELS DE LA SEMAINE</s>
    <s>RERVATIONS D'HEL</s>
    <s>INSCRIPTION EP98 (CONFENCE ET TUTORIELS)</s>
    <s>Droits d'inscription</s>
    <s>En francs frans (FRF), TVA 20,6% incluse :</s>
    <s>le 15 fier 1998</s>
    <s>AprBR&gt; le 15 fier 1998</s>
    <s>udiant (1)</s>
    <s>udiant (1)</s>
    <s>EP98 Confnce (2)</s>
    <s>2300 FRF</s>
    <s>1000 FRF</s>
    <s>2600 FRF</s>
    <s>1300 FRF</s>
    <s>EP98 Tutoriel (3)</s>
    <s>660 FRF chaque</s>
    <s>Repas supplntaire (4)</s>
    <s>130 FRF chaque</s>
    <s>Notes :</s>
    <s>1. Un tarif rit est offet aux diants de moins de 27 ans sur prntation d'une copie de leur carte d'diant.</s>
    <s>2. Les droits d'inscription P98 comprennent :</s>
    <s>la participation a confnce ;</s>
    <s>les actes publichez Springer Verlag</s>
    <s>les pauses caf</s>
    <s>le cocktail du mercredi 1er avril</s>
    <s>les duners du 1er au 3 avril inclus</s>
    <s>l'excursion au Mont-Saint-Michel du 4 avril (visites comprises mais duner non inclus)</s>
    <s>L'inscription P98 ne comprend ni les drs ni l'hrgement.</s>
    <s>3. Chaque inscription n tutoriel comprend :</s>
    <s>la participation au tutoriel choisi</s>
    <s>un support de cours</s>
    <s>les pauses caf</s>
    <s>L'inscription aux tutoriels ne comprend ni les duners, ni les drs, ni l'hrgement.</s>
    <s>propos des repas</s>
    <s>L'insription P98 comprend les duners du mercredi 1 au vendredi 3 avril.</s>
    <s>Les inscriptions aux tutoriels ne comprennent pas de duner.</s>
    <s>Repas supplntaires : Ils peuvent e commandsoit pour une tierce personne accompagnante, soit pour participer es tutoriels. Cochez les cases correspondantes dans le bulletin d'inscription.</s>
    <s>Les personnes drant participer a confnce sont pri de prendre le formulaire d'inscription, l'imprimer, le remplir lisiblement, le signer et de l'adresser accompagnu paiement</s>
    <s>Elisabeth Lebret - EP98</s>
    <s>Campus universitaire de Beaulieu</s>
    <s>F-35042 Rennes Cedex, France</s>
    <s>Les paiements devront e adressau secrriat de la confnce en francs frans :</s>
    <s>par bon de commande (pour les institutions franses uniquement) ;</s>
    <s>par che 'ordre de l'Agent comptable de l'Inria et joint au bulletin d'inscription</s>
    <s>par virement bancaire a Trrerie Grale des Yvelines.</s>
    <s>adresse : 16 avenue de Saint- Cloud, 78018 Versailles cedex, France</s>
    <s>Compte n 10071 - 78000 - 00003003958 - 80</s>
    <s>Bien mentionner votre nom et la rrence de la manifestation : EP98</s>
    <s>par carte de crt. Veuillez cocher la case carte de crt , remplir et signer partie rrvet effet sur le formulaire d'inscription.</s>
    <s>Cartes accept : Visa, Mastercard, Eurocard.</s>
    <s>Le remboursement des frais d'inscription sera possible pour toute demande ite parvenant au secrriat avant le 20 mars 1998 (le cachet de la poste faisant foi). Aucun remboursement ne sera effectuu-del de cette date.</s>
    <s>Inscription aux autres confnces ou tutoriels de la semaine WEPT</s>
    <s>S'adresser directement</s>
    <s>Secrriat de la confnce EuroTeX'98</s>
    <s>BP 10, F-93220 GAGNY Principal, France</s>
    <s>tel. : +33 (0)1 30 87 06 25 ; fax : +33 (0)1 30 87 06 25</s>
    <s>S'adresser directement au secrriat de PODDP'98 (information enir).</s>
    <s>S'adresser directement au secrriat de RIDT'98 (information enir).</s>
    <s>Notez toutefois que l'inscription au tutoriel RIDT1 (modern colorimetry) peut se faire par le biais du formulaire d'inscription P98.</s>
    <s>RERVATIONS D'HEL</s>
    <s>L'hrgement reste a charge des participants. Des tarifs prrentiels ont nciauprd'hs proches du Palais du Grand Large (oins de 15minutes ied).</s>
    <s>Veuillez prendre le formulaire d'hrgement, l'imprimer, le remplir lisiblement et le retourner 'adresse ci-dessous avec les arrhes, de prrence avant le 15 fier :</s>
    <s>Palais du Grand Large</s>
    <s>1, quai Duguay Trouin</s>
    <s>B.P. 109</s>
    <s>F-35407 Saint Malo Cedex, France</s>
    <s>Tel: +33 2 99 20 60 20</s>
    <s>Fax: +33 2 99 20 60 30</s>
    <s>Une lettre de confirmation prsant les coordonn de l'h sera alors adressaux participants.</s>
  </text>
</page>
