<?xml version="1.0" encoding="UTF-8"?>
<!DOCTYPE page SYSTEM "page.dtd">
<page>
  <lang>fr</lang>
  <url>http://www.urbanreproductivehealth.org/events/2011-international-conference-family-planning-research-and-best-practices</url>
  <title>2011 International Conference on Family Planning: Research and ...</title>
  <snippet>
    <s>5 mai 2011 sponsor the second International Conference on Family Planning to be held late November 2011. Conférence internationale sur la Planification Familiale Comme en 2009, la conférence de 2011 réunira les participants </s>
  </snippet>
  <text>
    <s>Sign In | Create an Account</s>
    <s>MLE siteUrban RH GatewayRH Gateway</s>
    <s>About our search</s>
    <s>Home »</s>
    <s>Events »</s>
    <s>2011 International Conference on Family Planning: Research and Best Practices</s>
    <s>2011 International Conference on Family Planning: Research and Best Practices</s>
    <s>Start: 29 November 2011</s>
    <s>End: 2 December 2011</s>
    <s>Timezone: America/New York</s>
    <s>The Bill and Melinda Gates Institute for Population and Reproductive Health at Johns Hopkins Bloomberg School of Public Health and a large consortium of partners will sponsor the second International Conference on Family Planning to be held late November 2011. A Call for Abstracts will be disseminated by 1 March 2011 and submissions will be due by 1 May 2011 at 11:59pm, EST. More information will become available 1 March 2011 at www.fpconference2011.org.</s>
    <s>Conference internationale sur la Planification Familiale : « Recherche et les Meilleures pratiques</s>
    <s>Dakar au Senegal</s>
    <s>29 Novembre au 2 Decembre, 2011</s>
    <s>En 2009, une conference internationale sur la planification familiale a eu lieu a Kampala, en Ouganda, et a rassemble plus de 1200 participants autour de ce sujet pour la premiere fois en vingt ans. Et depuis, plusieurs autres conferences se sont succedees, tant au niveau national que regional - par exemple, le Kenya, l'Inde, le Senegal, le Nigeria et le Burkina Faso - dans le but de developper et de renforcer les prestations de services de planification familiale.</s>
    <s>Afin de poursuivre sur cette lancee, l'Institut Bill et Melinda Gates pour la population et sante de la reproduction a l'ecole de sante publique Bloomberg de l'Universite de Johns Hopkins a Baltimore-USA, en partenariat avec le Ministere de la Sante et Prevention au Senegal, organise la deuxieme Conference internationale sur la Planification Familiale a Dakar au Senegal, du 29 Novembre au 2 Decembre, 2011. Le theme de cette conference est la « Recherche et les Meilleures pratiques ». Comme en 2009, la conference de 2011 reunira les participants pour echanger sur la recherche, des meilleures pratiques, et les progres sur les strategies nationales de delivrance des services de planification familiale, dans le but ultime de promouvoir l'acces universel a la planification familiale. La conference est co-parrainee par plus de 30 organisations internationales, notamment l'USAID, l'UNFPA, OMS, Banque Mondiale et la Fondation Bill et Melinda Gates.</s>
    <s>Le programme de la conference comprendra une seance pleniere d'ouverture, plusieurs sessions simultanees orales, des exposes speciaux, des seances d'affi ches, de tables rondes-dejeuner, un seminaire de decideurs politiques, et une aire d'exposition. Les journalistes disposeront d'une salle de conference de presse pour travailler. Certaines organisations pourront organiser des reunions paralleles et des ateliers de renforcement des competences avant et apres la conference. Les langues officielles de la Conference sont l'anglais et le français. Les versions françaises de tous les documents seront bientot disponibles.</s>
    <s>Nous vous invitons, vous et vos collegues, a soumettre des resumes par le 1 mai 2011. Cette annee, nous allons accepter deux types de resumes, portant soit sur la recherche, soit sur les meilleures pratiques. Nous allons egalement accepter des panels preformes. Les lignes directrices de soumission de resumes et des panels preformes peuvent etre consultees en ligne a l'adresse : www.fpconference2011.org.</s>
    <s>Les informations sur le site Web seront continuellement mises a jour et vous pouvez donc vous inscrire sur notre liste de diffusion des informations pour cette conference, notre page Facebook, et / ou Twitter qui seront continuellement mises a jour pour vous tenir informe(e)s. Nous vous prions de consulter frequemment ces sources. Pour plus d'informations, veuillez adresser un courriel a notre coordonnatrice de la conference, Natalie Culbertson, a info@fpconference2011.org.</s>
    <s>Abstract Submission Deadline:</s>
    <s>5 May 2011 - 4:59pm</s>
    <s>Event Start:</s>
    <s>29 November 2011 - 2 December 2011</s>
    <s>Announcement (English)</s>
    <s>105.23 KB</s>
    <s>Announcement (French)</s>
    <s>104.83 KB</s>
    <s>Call for Abstracts</s>
    <s>133.13 KB</s>
    <s>Call for Preformed Panels</s>
    <s>111.47 KB</s>
    <s>Event Type:</s>
    <s>About Us</s>
    <s>Introduction to the MLE Project</s>
    <s>Project Countries</s>
    <s>MLE Project Publications</s>
    <s>Monitoring &amp; Evaluation Publications</s>
    <s>Urban Reproductive Health Publications</s>
    <s>Tools and Resources</s>
    <s>Fact Sheets</s>
    <s>Mapping and Sampling Resources</s>
    <s>M&amp;E; Capacity Building Listserv</s>
    <s>M&amp;E; Resources</s>
    <s>Urban Reproductive Health Resources</s>
    <s>Urban RH eToolkits</s>
    <s>Urban RH Gateway</s>
    <s>MLE eNewsletter</s>
    <s>Urban RH Initiative Press</s>
    <s>Urban Reproductive Health News</s>
    <s>Contact Us</s>
    <s>Join Our Mailing List</s>
    <s>Monthly MLE eNewsletter</s>
    <s>M&amp;E Capacity Building Listserv</s>
    <s>Follow Us</s>
    <s>The Measurement, Learning, and Evaluation (MLE) Project's privacy policy and terms of use describes the use of your personal information and the terms and conditions of usage of the MLE website.</s>
  </text>
</page>
