<?xml version="1.0" encoding="UTF-8"?>
<!DOCTYPE page SYSTEM "page.dtd">
<page>
  <lang>fr</lang>
  <url>http://www.essd-research.eu/fr/organisation.html</url>
  <title>ESSD: L&#39;organisation</title>
  <snippet>
    <s>Dr. Dirk J. Korf (Président) (d.j.korf@uva.nl) Patrick McCrystal (organisateur de la conférence de 2009) (†) Zsolt Demetrovics (organisateur de la conférence de </s>
  </snippet>
  <text>
    <s>Contexte et objectifs</s>
    <s>Prochains evenements</s>
    <s>Conferences annuelles et nements</s>
    <s>Publications de l'ESSD</s>
    <s>L'ESSD est a la recherche de nouveaux membres afin de se renforcer. Pour obtenir davantage d'informations, remplir le formulaire de contact.</s>
    <s>Vous etes ici: accueil &gt; organisation</s>
    <s>Le conseil d'administration de l'ESSD</s>
    <s>Le conseil d'administration est compose au minimum de quatre membres et au maximum de six. Le President ainsi que les organisateurs des trois dernieres confnces y siegent. Les membres du conseil d'administration ne sont pas remuneres.</s>
    <s>Un representant des membres de l'ESSD peut sieger au conseil d'administration. Lors de la conference annuelle (voir partie 3), tout membre de l'ESSD peut proposer sa candidature ou celle d'un autre membre ; les participants procedent alors a un vote a main levee.</s>
    <s>Le mandat des autres membres du conseil d'administration dure generalement trois ans : chaque annee, le plus ancien membre (a l'exclusion du President) dssionne et l'organisateur de la conference la plus recente integre le conseil. Celui-ci peut toutefois demander a n'importe lequel de ses membres de prolonger son mandat en raison de son expertise ou parce que l'organisateur de la conference ne peut pas assumer ces fonctions.</s>
    <s>En 2008-2009, le conseil d'administration de l'ESSD est compose de :</s>
    <s>Prof. Dr. Dirk J. Korf (Prdent) (d.j.korf@uva.nl)</s>
    <s>Patrick McCrystal (organisateur de la confnce de 2009) (†)</s>
    <s>Zsolt Demetrovics (organisateur de la confnce de 2008) (demetrovics@t-online.hu)</s>
    <s>Dr. Jacek Moskalewicz (organisateur de la confnce de 2007) (moskalew@ipin.edu.pl)</s>
    <s>Prof. Dr. Jane Fountain (organisateur de la confnce de 2006) (JFountain1@uclan.ac.uk)</s>
    <s>Le conseil d'administration est charge des taches suivantes</s>
    <s>Recruter et assister les organisateurs des conferences annuelles</s>
    <s>Definir les themes des conferences annuelles</s>
    <s>Reviser les resumes presentes en vue des conferences annuelles</s>
    <s>Maintenir a jour la base de donnees concernant les membres</s>
    <s>Mettre a jour, chaque annee, la fiche synoptique sur l'ESSD</s>
    <s>Collaborer avec le Groupe Pompidou</s>
    <s>Faire connaitre l'ESSD a l'occasion d'autres conferences et par le biais des reseaux professionnels.</s>
    <s>Les membres du conseil d'administration s'acquittent generalement des taches qui leur sont confiees par e-mail ; ils se rencontrent une seule fois, lors de la conference annuelle de l'ESSD. Toutes les decisions du conseil d'administration sont adoptees a la majorite de ses membres.</s>
    <s>Le comite editorial de l'ESSD</s>
    <s>Le comite editorial de l'ESSD a ete mis en place en 2007 par le conseil d'administration ; il est actuellement compose de quatre membres qui sont dotes d'une experience considerable en matiere de publication universitaire, y compris dans l'edition des livres annuels de l'ESSD. L'organisateur de la conference annuelle est invite a y sieger le temps d'une annee pour coordonner la publication du livre annuel. En 2008-2009, le comite editorial est compose de :</s>
    <s>Prof. Dr. Dirk J. Korf (Prdent) (d.j.korf@uva.nl)</s>
    <s>Prof. Dr. Tom Decorte (Tom.Decorte@Ugent.be)</s>
    <s>Prof. Dr. Jane Fountain (JFountain1@uclan.ac.uk)</s>
    <s>PD Dr. Ludwig Kraus (kraus@ift.de)</s>
    <s>Patrick McCrystal (organisateur de la confnce de 2006) (†)</s>
    <s>Chaque annee, le comite editorial elit son President parmi ses membres.</s>
    <s>Il convient de noter qu'actuellement, la plupart des membres du comite editorial de l'ESSD sont aussi membres du conseil d'administration, mais que la composition du conseil d'administration change chaque annee.</s>
    <s>Le comite editorial peut demander a d'autres membres de l'ESSD de le rejoindre et accueille favorablement les manifestations d'interet.</s>
    <s>Le comite editorial de l'ESSD est charge des taches suivantes</s>
    <s>Choisir en son sein les responsables editoriaux du livre annuel de l'ESSD et, parmi ceux-ci, le directeur de la publication</s>
    <s>Choisir le theme du livre annuel</s>
    <s>Recruter les membres de l'ESSD qui redigeront les chapitres</s>
    <s>Recruter les auteurs invites</s>
    <s>Definir un calendrier et le respecter</s>
    <s>Rediger l'introduction du livre annuel</s>
    <s>Recruter un auteur pour l'avant-propos</s>
    <s>Reviser les abstracts et chapitres soumis, les accepter, les rejeter ou suggerer des modifications, et editer les versions finales</s>
    <s>Recruter d'autres reviseurs</s>
    <s>Assurer la publicite de l'ouvrage une fois celui-ci publie</s>
    <s>Gerer les fonds octroyes par le Groupe Pompidou pour l'edition et la publication du livre annuel.</s>
    <s>Les membres du comite editorial s'acquittent generalement des taches qui leur sont confiees par email; ils se reunissent une seule fois, lors de la conference annuelle de l'ESSD. Toutes les decisions du comite editorial sont adoptees a la majorite de ses membres.</s>
    <s>Les membres du comite editorial de l'ESSD ne sont pas remuneres, bien que par le passe, il soit a de rares occasions arrive que les responsables editoriaux et les co-auteurs reçoivent une modeste retribution de la maison d'edition.</s>
    <s>Le Groupe Pompidou (voir partie 1.3) apporte une contribution financiere limitee pour la parution du livre annuel ; il appartient au comite editorial de determiner chaque annee l'affectation de ces fonds, qui permettent de prendre en charge les frais de voyage et de sejour des membres du comite editorial si une rencontre (en dehors de la conference annuelle) a lieu cette annee-la, les couts de publication et une partie des frais de secretariat. Si le budget le permet, les responsables editoriaux peuvent etre remuneres pour certaines taches editoriales et pour les chapitres qu'ils redigent. Le comite editorial peut decider d'inviter des auteurs exterieurs a contribuer a l'ouvrage, generalement sans retribution.</s>
    <s>(C) Tous les droits reserves</s>
    <s>European Society for Social Drug Research</s>
  </text>
</page>
