<?xml version="1.0" encoding="UTF-8"?>
<!DOCTYPE page SYSTEM "page.dtd">
<page>
  <lang>fr</lang>
  <url>http://europe-basilique.com/programme-du-congres-2011-1-octobre/</url>
  <title>Programme 2011 « Congres Europe-Basilique</title>
  <snippet>
    <s>De 15h15 à 15h45, débat guidé et animé par madame Annie Laurent avec le conférencier. 15h45. Pause café. 16h00. 3° Conférence: « la papauté et le siège </s>
  </snippet>
  <text>
    <s>pour une Europe qui porte des fruits chrétiens</s>
    <s>Congres Europe-Basilique</s>
    <s>Quelques photos</s>
    <s>Qui sommes-nous ?</s>
    <s>Programme 2011</s>
    <s>Les intervenants</s>
    <s>La guerre en Islam</s>
    <s>La croix de Lépante</s>
    <s>Une croix de Lépante pour la Basilique</s>
    <s>Discours du Président de la République au Puy en Velay</s>
    <s>Le Conseil de l'Europe et les religions</s>
    <s>Partenaires et soutiens</s>
    <s>Tarifs et inscriptions</s>
    <s>Programme 2011</s>
    <s>Cette année, ce premier Congrès s'inscrira, les 1 et 2 octobre 2011, dans le cadre des festivités de la deuxième « Saint-Raphaël en fête » qui est la fête patronale et toponyme de la ville. La Basilique Notre Dame de la Victoire, fleuron de notre cité, doit son titre à l'évènement historique de la bataille de Lépante. Cette victoire contre les Ottomans fut attribuée par le pape saint Pie V à l'intercession de la Vierge Marie.</s>
    <s>Quoi de plus naturel alors que de vouloir tourner les pages de l'histoire européenne conjointement à ces festivités.</s>
    <s>Sauf modification toujours possible, voici le programme proposé:</s>
    <s>1er OCTOBRE 2011</s>
    <s>Espace Félix Martin</s>
    <s>Accueil des participants.</s>
    <s>Ouverture du colloque par le Cardinal Canizares, préfet de la congrégation pour le culte divin et la discipline des sacrements.</s>
    <s>  Présentation du colloque  par Monseigneur Bernard Ardura,</s>
    <s>président du Conseil pontifical pour la culture au Vatican.</s>
    <s>1ère Conférence: » l'Europe existe-t-elle? » Par Monsieur  Michel Fauquier,</s>
    <s>professeur agrégé d'histoire.</s>
    <s>De 11h15 à 11h45, débat guidé et animé par madame Annie Laurent avec le conférencier,.</s>
    <s>Cocktail de bienvenue pour les participants.</s>
    <s>Déjeuner libre.</s>
    <s>2° Conférence  « Saint Pie V et la bataille de Lépante ».</s>
    <s>Par Monseigneur Bernard Ardura:</s>
    <s>De 15h15 à 15h45, débat guidé et animé par madame Annie Laurent avec le conférencier.</s>
    <s>Pause café</s>
    <s>3° Conférence: « la papauté et le siège de Vienne ».  Par Monsieur Roberto di Matteï,</s>
    <s>professeur à l'université Europea de Rome , président de la fondation « Lepanto » et et vice-président du CNR (CNRS italien) .</s>
    <s>De 16h45 à 17h15, débat guidé et animé par madame Annie Laurent avec le conférencier.</s>
    <s>4° Conférence : »des défis héritiés du passé: l'Europe et ses forces centrifuges ».</s>
    <s>Par Monsieur Michel Fauquier:</s>
    <s>De 18h00 à 18h15, débat guidé et animé par madame Annie Laurent avec le conférencier.</s>
    <s>Basilique Notre dame de la Victoire</s>
    <s>Clôture du Congrès et ouverture de la fête patronale de Saint-Raphaël</s>
    <s>par la célébration des vêpres solennelles à la Basilique sous la présidence de Monsieur le Cardinal Antonio Canizares.</s>
    <s>Allocution de clôture par Monseigneur Bernard Ardura</s>
    <s>Bénédiction de la nouvelle croix de Lépante. La précédente avait été volée dans les années 80.</s>
    <s>Dîner de la « Saint-Raphaël en fête » au Clos des Roses.</s>
    <s>2 OCTOBRE 2011</s>
    <s>« Saint-Raphaël en fête »</s>
    <s>Vieux port de Saint-Raphaël</s>
    <s>Départ de la procession provençale accompagnant les statuts de de saint Raphaël et de Tobie, square Delayen.</s>
    <s>(Bravadeurs, fifres et tambours,danseurs…)</s>
    <s>10h00, place Coulet </s>
    <s>Spectacles et danses folkloriques provençales</s>
    <s>Basilique Notre Dame de la Victoire</s>
    <s>Messe solennelle présidée par Monsieur le Cardinal Canizares assisté</s>
    <s>de Monseigneur Rey, évêque de Fréjus et Toulon.</s>
    <s>Arrivée de la procession maritime de l'archange saint Raphaël</s>
    <s>festivités culturelles</s>
    <s>Durant la fête, les restaurateurs de Saint-Raphaël s'associent à cet évènement</s>
    <s>en proposant un plat issue de la pêche locale: la Bourride.</s>
    <s>(Restaurateurs participants: Les templiers, le Bouchon provençale, la marina, l'Excelsior, Elly's, la Brocherie et le Sirocco)</s>
    <s>Le samedi, exposition au musée archéologique (vieille église san Peïre)</s>
    <s>« De l'archéologie chez henri Maccheroni- Élévations, ombres et verticalité »</s>
    <s>Le dimanche à 15h, spectacle de musique et danse traditionnelles provençales</s>
    <s>et à 16h à la Basilique, concert de l'ensemble vocal corse</s>
    <s>« Barbara Furtuna »</s>
    <s>Pas encore de commentaires</s>
    <s>Laisser une réponse Annuler la réponse.</s>
    <s>Entrez ici votre commentaire </s>
    <s>Fill in your details below or click an icon to log in:</s>
    <s>Se connecter</s>
    <s>Se connecter</s>
    <s>Se connecter</s>
    <s>Adresse de contact (obligatoire) (Not published)</s>
    <s>Nom (obligatoire)</s>
    <s>Site web</s>
    <s>!Logo WordPress.com</s>
    <s>Please log in to WordPress.com to post a comment to your blog.</s>
    <s>!Twitter picture</s>
    <s>Vous commentez à l'aide de votre compte Twitter. ( Log Out )</s>
    <s>!Photo Facebook</s>
    <s>Vous commentez à l'aide de votre compte Facebook. ( Log Out )</s>
    <s>Connexion à %s</s>
    <s>M’aviser par courriel de nouveaux commentaires.</s>
    <s>Avertissez-moi par courriel des nouveaux articles.</s>
    <s>octobre 2011</s>
    <s>septembre 2011</s>
    <s>août 2011</s>
    <s>juillet 2011</s>
    <s>juin 2011</s>
    <s>février 2011</s>
    <s>Flux RSS des articles</s>
    <s>RSS des commentaires</s>
    <s>Abonnement courriel</s>
    <s>Entrer votre adresse e-mail pour vous inscrire à ce blog et recevoir les notifications des nouveaux articles par courriel.</s>
    <s>Joignez-vous à 8 autres disciples</s>
    <s>Flux RSS des articles</s>
    <s>RSS des commentaires</s>
    <s>Bloguez sur WordPress.com.</s>
    <s>Thème : Bueno par WooThemes. Fonts on this blog.</s>
    <s>Follow Congres Europe-Basilique</s>
    <s>Get every new post delivered to your Inbox.</s>
    <s>Powered by WordPress.com</s>
    <s>*RSS: Really Simple Syndication</s>
  </text>
</page>
