<?xml version="1.0" encoding="UTF-8"?>
<!DOCTYPE page SYSTEM "page.dtd">
<page>
  <lang>fr</lang>
  <url>http://shos.univ-rennes1.fr/formation-doctorales/economieGestion/</url>
  <title>Ecole doctorale Sciences de l&#39;Homme, des Organisations et de la ...</title>
  <snippet>
    <s>Equipe Economie Publique et Choix Social. Evaluer la répartition des risques [ 3h00] Benoît TARROUX (Maître de conférences, Université de Rennes 1) Intitulé de l&#39;intervention : Atelier de production d&#39;articles. Mardi 11 mai : 9h30- 12h30 et </s>
  </snippet>
  <text>
    <s>Afin de consulter ce site avec une qualité optimale, il est souhaitable que vous activiez le javascript dans votre navigateur.</s>
    <s>Ecole doctorale Sciences de l'Homme, des Organisations et de la Société</s>
    <s>Site de l'UEB</s>
    <s>Vous etes ici : Accueil / Formation doctorales / Economie - Gestion</s>
    <s>Thèmes de recherche</s>
    <s>Unités de recherche</s>
    <s>Préparer une thèse</s>
    <s>Formation doctorales</s>
    <s>Droit, Science politique</s>
    <s>Economie - Gestion</s>
    <s>Nos partenaires</s>
    <s>Etablissement porteur</s>
    <s>Etablissements co-accredites</s>
    <s>Etablissements associes</s>
    <s>Les formations doctorales</s>
    <s>Equipe Macroeconomie et Finance</s>
    <s>Cointegration in panel data 6h00 Professeur Aki KANGASHARJU (VATT, Helsinki, Finlande)</s>
    <s>&gt; Mercredi 9 juin : 9h00-12h00 Salle 8 (Nouveau batiment) - Faculte des Sciences Economiques</s>
    <s>&gt; Vendredi 11 juin : 9h00-12h00 Salle 8 (Nouveau batiment) - Faculte des Sciences Economiques</s>
    <s>Equipe Economie Publique et Choix Social</s>
    <s>Evaluer la repartition des risques 3h00 Benoit TARROUX (Maitre de conferences, Universite de Rennes 1)</s>
    <s>&gt; Mardi 4 mai : 10h00-13h00 Salle 8 (Nouveau batiment) - Faculte des Sciences Economiques</s>
    <s>Equipe Economie Industrielle</s>
    <s>Evaluer la repartition des risques 3h00 Benoit TARROUX (Maitre de conferences, Universite de Rennes 1)</s>
    <s>&gt; Mardi 4 mai : 10h00-13h00 Salle 8 (Nouveau batiment) - Faculte des Sciences Economiques</s>
    <s>Equipe Marketing et Management</s>
    <s>Les publications scientifiques en gestion 26h00 Professeur Gerard CLIQUET (IGR-IAE, Universite de Rennes 1)</s>
    <s>&gt; Mardi 6 avril : 10h30-12h30 et 14h00-18h00 salle 114 - Institut de Gestion de Rennes</s>
    <s>&gt; Intitule de l'intervention : Les strategies de publication</s>
    <s>&gt; Mercredi 7 avril : 8h30-12h30 et 14h00-16h00 salle 14 - Institut de Gestion de Rennes</s>
    <s>&gt; Intitule de l'intervention : Les normes de publication</s>
    <s>&gt; Mardi 4 mai : 9h30-12h30 et 14h00-18h00 salle 14 - Institut de Gestion de Rennes</s>
    <s>&gt; Intitule de l'intervention : Atelier de production d'articles</s>
    <s>&gt; Mardi 11 mai : 9h30-12h30 et 14h00-18h00 salle 14 - Institut de Gestion de Rennes</s>
    <s>&gt; Intitule de l'intervention : Atelier de production d'articles</s>
    <s>L'utilisation de la TPB de Ajzen (Theory of Planned Behavior) pour prevoir le comportement d'achat de produits &quot;bio&quot; aux Etats-Unis (Californie) - Professeur Maria PUELLES GALLO (Universite Complutense, Madrid)</s>
    <s>&gt; Mercredi 5 mai : 10h30 Salle du Conseil - Institut de Gestion de Rennes</s>
    <s>Formations transversales</s>
    <s>Analyse de donnees experimentales et donnees d'enquete 10h00 David MASCLET (Charge de recherche CNRS, Universite de Rennes 1)</s>
    <s>&gt; INTERVENTION OBLIGATOIRE POUR TOUS LES DOCTORANTS EN ECONOMIE</s>
    <s>&gt; Lundi 17 mai : 14h00-17h00 Amphi Krier (Ancien batiment) - Faculte des Sciences Economiques</s>
    <s>&gt; Mercredi 19 mai : 14h00-17h00 Amphi Krier (Ancien batiment) - Faculte des Sciences Economiques</s>
    <s>&gt; Vendredi 21 mai : 8h00-12h00 Amphi Krier (Ancien batiment) - Faculte des Sciences Economiques</s>
    <s>Repartition des revenus et croissance 6h00 Professeur Fernando JARAMILLO (Universite de Rosario, Colombie</s>
    <s>&gt; INTERVENTION OBLIGATOIRE POUR LES DOCTORANTS DE L'AXE MACROECONOMIE ET DE L'AXE ECONOMIE PUBLIQUE ET CHOIX SOCIAL</s>
    <s>&gt; Lundi 14 juin : 14h00-16h00 Salle 4 (Nouveau batiment) - Faculte des Sciences Economiques</s>
    <s>&gt; Mardi 15 juin : 9h00-11h00 et 14h00-16h00 Salle 4 (Nouveau batiment) - Faculte des Sciences Economiques</s>
    <s>Plan du site</s>
    <s>Mentions legales</s>
    <s>Version texte</s>
    <s>(C) 2011 - Ecole doctorale Sciences de l'Homme, des Organisations et de la Société</s>
  </text>
</page>
