<?xml version="1.0" encoding="UTF-8"?>
<!DOCTYPE page SYSTEM "page.dtd">
<page>
  <lang>fr</lang>
  <url>http://www.lirmm.fr/~mroche/Recherche/relectures.html</url>
  <title>Relectures d&#39;articles de Mathieu Roche</title>
  <snippet>
    <s>Relectures pour des conférences internationales Membre du Comité de Programme de DEFT&#39;07. Relecteur pour l&#39;Atelier &quot;Acquisition, apprentissage et </s>
  </snippet>
  <text>
    <s>Relectures d'articles de Mathieu Roche</s>
    <s>Comitde Programme et de Lecture</s>
    <s>Laboratoire d'Informatique de Robotique et de Microctronique de Montpellier (34)</s>
    <s>Équipe TAL (Traitement Algorithmique du Langage)</s>
    <s>Relectures pour des confnces internationales</s>
    <s>Relecteur pour ISWC 2006, Athens, GA, USA</s>
    <s>Relecteur pour LREC 2006, Genoa, Italy</s>
    <s>Relecteur pour ECML/PKDD 2004, Pisa, Italy</s>
    <s>Dans les actes, tion Springer, septembre 2004.</s>
    <s>Relecteur pour ECML/PKDD 2003, Cavtat-Dubrovnik, Croatie</s>
    <s>Dans les actes, tion Springer, page X, septembre 2003.</s>
    <s>Relecteur pour ECML/PKDD 2002, Helsinki, Finlande</s>
    <s>Dans les actes, tion Springer, page VIII, ao02.</s>
    <s>Relecteur pour ISMIS 2002, Lyon, France</s>
    <s>Dans les actes, tion Springer, page V, juin 2002.</s>
    <s>Relectures pour des revues nationales</s>
    <s>Relecteur pour la revue TSI (Technique et Science Informatiques) (en 2006)</s>
    <s>Relecteur pour la revue TAL (Traitement Automatique des Langues) (en 2006)</s>
    <s>Relectures pour des confnces nationales</s>
    <s>Membre adjoint du Comite Programme d'INFORSID'06, juin 2006, Hammamet (Tunisie).</s>
    <s>Page Web du Comite Programme : CP d'INFORSID'06</s>
    <s>Relecteur pour MAJECSTIC'06, novembre 2006, Lorient.</s>
    <s>Page Web des membres du comite lecture : comitA&gt;</s>
    <s>Relecteur pour [MAJECSTIC'05, novembre 2005, Rennes.</s>
    <s>Page Web des membres du comite lecture : comitA&gt;</s>
    <s>Relecteur pour [EGC'05, janvier 2005, Paris.</s>
    <s>Dans les actes.</s>
    <s>Relecteur pour MAJECSTIC'04, octobre 2004, Calais.</s>
    <s>Page Web des membres du comite lecture : comitA&gt;</s>
    <s>Relecteur pour [CAp'04, juin 2004, Montpellier.</s>
    <s>Dans les actes.</s>
    <s>Relecteur pour les Journ Francophones de la Toile 2003, juillet 2003, Tours.</s>
    <s>(sans publication dans les actes)</s>
    <s>Relecteur pour EGC 2003, Lyon, France</s>
    <s>Dans la revue RIA-ECA, tion Herm page 10, janvier 2003.</s>
    <s>Relectures pour des ateliers nationaux</s>
    <s>Membre du Comite Programme de DEFT'07</s>
    <s>Relecteur pour l'Atelier &quot;Acquisition, apprentissage et exploitation de connaissances sntiques pour l'accau contenu textuel&quot; a plateforme AFIA 2003 , 4 juillet 2003, Laval.</s>
    <s>(sans publication dans les actes)</s>
  </text>
</page>
