<?xml version="1.0" encoding="UTF-8"?>
<!DOCTYPE page SYSTEM "page.dtd">
<page>
  <lang>pt</lang>
  <url>http://www.tropicaltambau.com.br/portuguese/hotel-meetings/</url>
  <title>Reuniões no Hotel | Tropical Tambaú, João Pessoa ? Paraíba, Brasil</title>
  <snippet>
    <s>Planeje sua próxima reunião ou conferência no Tropical Tambaú, um fantástico hotel de praia em João Pessoa – Paraíba, Brasil. Seu próximo evento social ou </s>
  </snippet>
  <text>
    <s>Horario Local: 18:43h Temperatura: 25°C Previsao para 5 dias</s>
    <s>1 2 3 4 5 6 7 8 9 10 11 12 13 14 15 16 17 18 19 20 21</s>
    <s>1 2 3 4 5 6 7 8 9 10</s>
    <s>0 1 2 3 4 5 6 7 8 9 10</s>
    <s>!Reuniões e Eventos no Tropical Tambaú</s>
    <s>Planeje sua proxima reuniao ou conferencia no Tropical Tambau, um fantastico hotel de praia em Joao Pessoa - Paraiba, Brasil.</s>
    <s>Seu proximo evento social ou reuniao de negocios sera um sucesso garantido no Tropical Tambau, um resort de praia que possui excelentes acomodaçoes e instalaçoes para reunioes com ate 1.500 convidados.</s>
    <s>Independentemente de voce estar planejando uma reuniao, um congresso ou casamento, o Tropical Tambau tem o espaço de convençoes e os serviços para o seu evento. Nossos profissionais fornecem suporte total para a organizaçao de eventos de qualquer tamanho.</s>
    <s>As salas de conferencia Lucena, Tambaba e Cabedelo no Tropical Tambau oferecem divisorias configuraveis para acomodar suas necessidades de espaço e reuniao.</s>
    <s>O Tropical Tambau oferece um suporte versatil as reunioes, garantindo que seu evento ou reuniao seja eficiente e proveitoso.</s>
    <s>Linha de telefone privativa</s>
    <s>Flip Chart</s>
    <s>Retroprojetor e Tela</s>
    <s>Internet Wi-Fi</s>
    <s>O hotel Tropical Tambau em Joao Pessoa, Paraiba, Brasil, e o local perfeito para casamentos, reunioes, ou seu proximo evento corporativo. Torne suas reunioes um sucesso com nossas instalaçoes confortaveis e serviços para reunioes.</s>
    <s>Download Tabela de capacidades e Plantas</s>
    <s>Download Folheto de eventos</s>
    <s>Av. Almirante Tamandare, 229 - Tambau | Joao Pessoa - Paraiba - Brasil - 58039-010 | T: + 55 83 2107-1900 | F: + 55 83 3247-1070</s>
  </text>
</page>
