<?xml version="1.0" encoding="UTF-8"?>
<!DOCTYPE page SYSTEM "page.dtd">
<page>
  <lang>pt</lang>
  <url>http://www.encontracacapava.com.br/noticias/cacapava-sedia-pre-conferencia-da-pessoa-idosa-2/</url>
  <title>Caçapava sedia pré-conferência da Pessoa Idosa » Notícias da ...</title>
  <snippet>
    <s>9 ago. 2011 Nesta terça-feira (9), guia de Caçapava sedia a pré </s>
  </snippet>
  <text>
    <s>pagina inicial|</s>
    <s>noticias Caçapava|</s>
    <s>cadastre-se gratis|</s>
    <s>sobre Caçapava|</s>
    <s>» ver outros bairros</s>
    <s>Notícias da Cidade de Caçapava</s>
    <s>categorias: A B C D E F G H I J K L M N O P Q R S T U V X Y</s>
    <s>« Caçapava está com inscrições abertas para Educação de Jovens e Adultos</s>
    <s>Crianças de Caçapava participam de blitz educativa ‎ »</s>
    <s>terça-feira, 9 de agosto de 2011</s>
    <s>Caçapava sedia pré-conferência da Pessoa Idosa</s>
    <s>Nesta terça-feira (9), guia de Caçapava sedia a pré-conferência da Pessoa Idosa, que reúne representantes de oito cidades da região. O evento acontece a partir das 13h, no auditório da Secretaria de Cidadania, sob o tema “Compromisso de todos para o envelhecimento digno no Brasil”.</s>
    <s>Os assuntos discutios durante o evento serão levados para a Conferência Nacional que acontece em setembro, em Brasília. Também será a oportunidade para a escolha dos delegados que representarão a região.</s>
    <s>Participam desta pré-conferência representantes dos municípios de Caçapava, Taubaté, Natividade da Serra, Redenção, Jambeiro, Tremembé, São Luiz do Paraitinga e Lagoinha. O evento é aberto ao público.</s>
    <s>Fonte: VNews</s>
    <s>Esta noticia foi publicada em terça-feira, 9 de agosto de 2011 a 9:16 na categoria Notícias. Voce pode acompanhar qualquer comentario desta noticia atraves do RSS 2.0 feed. Voce tambem pode deixar um comentario, ou trackback de seu site.</s>
    <s>Deixe um Comentario</s>
    <s>Voce precisa logar para adicionar um comentario.</s>
    <s>Moradores ilustres</s>
    <s>Informacoes Uteis</s>
    <s>Envie uma notícia</s>
    <s>O Que Você Pode Publicar</s>
    <s>Caçapava via email</s>
    <s>Cadastre-se e receba este</s>
    <s>blog via email</s>
    <s>Procure uma noticia:</s>
    <s>Artigos Recentes</s>
    <s>Carreta pega fogo e complica trânsito na Carvalho Pinto em Caçapava ‎</s>
    <s>Junta Militar de Caçapava realiza solenidade para Dispensa de Incorporação</s>
    <s>Polícia apreende drogas em Lorena e Caçapava ‎</s>
    <s>Rede Municipal de Educação de Caçapava recebe Oficina de Ideias ‎</s>
    <s>Continua Operação Cata Bagulho ‎em Caçapava</s>
    <s>Justiça de Caçapava pode anular multas aplicadas por guardas municipais ‎</s>
    <s>Codivap realiza 7ª Reunião Ordinária em Caçapava ‎</s>
    <s>Caçapava abre 100 vagas para oficina gratuita de flauta doce ‎</s>
    <s>Inscrições para concurso público Fusam terminam nesta sexta em Caçapava</s>
    <s>Prefeitura de Caçapava apresenta proposta de pavimentação asfáltica para moradores do Jardim Amália</s>
    <s>Notícias (71)</s>
    <s>outubro 2011</s>
    <s>setembro 2011</s>
    <s>agosto 2011</s>
    <s>julho 2011</s>
    <s>fevereiro 2011</s>
    <s>Copyright (C) Notícias da Cidade de Caçapava - Desenvolvido por WordPress</s>
    <s>Termos do Serviço | Politica de Privacidade</s>
  </text>
</page>
