<?xml version="1.0" encoding="UTF-8"?>
<!DOCTYPE page SYSTEM "page.dtd">
<page>
  <lang>pt</lang>
  <url>http://www.conferenciadewicca.com.br/conferencistas.html</url>
  <title>7ª Conferência de Wicca &amp; Espiritualidade da Deusa - Ano 2011</title>
  <snippet>
    <s>T. Thorn Coyle é autora de &quot;Kissing the Limitless&quot; e &quot;Evolutionary Witchcraft&quot; www.thorncoyle.com. Cliff Landis: &quot;Foi um prazer palestrar na 4 ª Conferência de </s>
  </snippet>
  <text>
    <s>VOCÊ NÃO PODE PERDER O MAIOR EVENTO</s>
    <s>da Wicca e Bruxaria no Brasil !!!</s>
    <s>Comentários sobre o evento</s>
    <s>T. Thorn Coyle:</s>
    <s>!&quot;A Conferência foi uma benção para mim - para ensinar e aprender, para dançar, cantar e fazer ritual com uma tal variedade de pessoas vibrantes e dedicadas que alimentou minha almaÉ um evento importante, especialmente nos tempos em que vivemos, reunir e partilhar os nossos conhecimentos e caminhos, para que possamos fortalecer a rede de conexão e retornar para a nossa vida mais centrados e inspirados. Gostaria muito de participar deste encontro novamente algum dia&quot;</s>
    <s>T. Thorn Coyle é autora de &quot;Kissing the Limitless&quot; e &quot;Evolutionary Witchcraft&quot;</s>
    <s>Cliff Landis:</s>
    <s>!&quot;Foi um prazer palestrar na 4 ª Conferência de Wicca &amp; Espiritualidade da Deusa em 2008. Claudiney Prieto e os outros organizadores de eventos foram gentis e prestativos em organizar tudo para minha apresentação via transmissão telecast (e com a ajuda de uma maravilhosa intérprete talentosa!). A audiência na conferência foi inspiradora, me fazendo perguntas reflexivas em resposta à minha apresentação. Fiquei muito satisfeito ao ver que nossa comunidade se estende em torno do globo e que podemos ir além das fronteiras do espaço e da linguagem para se conectar com o outro. Espero que um dia eu possa viajar para o Brasil para palestrar a todos os meus novos amigos pessoalmente!&quot;</s>
    <s>Cliff Landis é Alto Sacerdote da Tradição Faerie Faith</s>
    <s>M. Macha Nightmare:</s>
    <s>!&quot;Alguns anos atrás tive o prazer e o privilégio de palestrar na Conferência em São Paulo a convite do Claudiney Prieto e seus colegas. Sua magia, espírito, devoção aos seus Deuses e o calor da sua recepção despertaram em mim uma sensação de irmandade. Aplaudo seus esforços na construção de comunidades entre os Pagãos no Brasil e além. Desejo-lhes sucesso contínuo&quot;</s>
    <s>M. Macha NightMare é co-fundadora da Tradição Reclaiming e autora do livro &quot;Bruxaria na Internet&quot;</s>
    <s>Deborah Lipp:</s>
    <s>!&quot;Amei participar da Conferência. Foi uma experiência muito feliz, com pessoas simpáticas e bonitas, com rituais que valorizam a vida&quot;</s>
    <s>Deborah Lipp é Alta Sacerdotisa Gardneriana e autora do livro &quot;Way of Four&quot;</s>
    <s>AGATHOS ATHENODOROS é Sacerdote da Tradição Caminho das Sombras (TCS), astrólogo, tarólogo e historiador profissional. É professor de História Antiga na rede JK (DF) e tem mestrado em História Social pela UnB.</s>
    <s>!ALEXEY DODSWORTH é membro da MENSA, graduado em Filosofia e atualmente desenvolve pesquisa de mestrado em Política e Ética na Universidade de São Paulo, com foco em Direitos Humanos e grupos marginalizados. É também aluno de graduação do primeiro curso de Astronomia e Astrofísica da USP, onde desenvolve pesquisa em Astrobiologia (pesquisa de vida no contexto extraterreno). Astrólogo há mais de 20 anos, autor de livros do gênero e também autor das interpretações de Astrologia, Tarô e Runas do Personare, Alexey preconiza o pensamento de Paul Feyerabend: pela diversidade dos saberes, sejam eles oficialmente científicos ou não, e contra o fascismo de todo e qualquer absoluto, seja ele religioso ou científico.</s>
    <s>ARIAN BADB é Bruxa, advogada criminalista aposentada, casada há 33 anos e possui 3 filhos. Foi iniciada na Arte na Tradição Diânica do Brasil. Líder de Circulo de prática da Religião Wicca, Coordena o Grupo Livre de Estudos &quot;Wicca - Caminhos Antigos&quot; na cidade de Fortaleza e é Owner das Comunidades &quot; Paganismo Nordeste” e “Paganismo Ceará&quot; no Orkut, e do Grupo de Discussão &quot;Falando de Wicca&quot; no Yahoogroups.</s>
    <s>BELA SÍOL é advogada, fluminense e residente atualmente em Manaus. É também massoterapeuta e terapeuta holística. É sacerdotisa de Nehalennia, iniciada na Tradição Telesterion de Elêusis e responsável pelo Círculo Colheita Sagrada. Atualmente se dedica ao treinamento de novatos na Arte e a movimentar o cenário pagão em Manaus, promovendo Sabbats públicos. Em resgate ao culto da Deusa celta/nórdica Nehalennia, tem se dedicado a compartilhar suas visões no blog caminhosdenehalennia.blosgspot.com</s>
    <s>BRUNO HERZOG é sacerdote de Hera ordenado pela Fellowship Of Isis, fundador e orientador do Iseum Rosa de Gaia, Sacerdote de Apollo pelo Iseum de Apollo e Artemis. É Mestre em Reiki Tradicional Tibetano, Kundalini Reiki, Reiki de Prosperidade, Karuna Reiki, Seichim das Sete Faces e Seichim. É afiliado ao Colégio dos Magos em Petrópolis/RJ e co-fundador do Círculo de Estudos e Práticas de Bruxaria Trina Luna Solaris em Joinville/SC.</s>
    <s>CARMINHA LEVY é Pedagoga, Psicóloga Clínica e Terapeuta Corporal, Carminha Levy é, ainda, a introdutora do neoxamanismo no Brasil. Membro didata da Universidade da Paz (UNIPAZ), em todo Brasil e Portugal, oficialmente vem ministrando Xamanismo e se dedicando à sua difusão desde 1981, tendo realizado mais de 4000 horas entre congressos, palestras, workshops e jornadas xamânicas em todo o Brasil e exterior: Flórida, Oregon, Bahamas, Portugal e Finhord na Escócia, e também em Paris, França (2007). Como psicopedagoga atua em resolução de conflitos com consultoria familiar. Neste trabalho, os membros de duas gerações da família aprendem a viver em harmonia e paz através de técnicas de arte-terapia.</s>
    <s>CLAUDINEY PRIETO é fundador e Elder da Tradição Diânica Nemorensis, pioneiro da Wicca no Brasil e um dos precursores da celebração de rituais Pagãos públicos em nosso país. Um dos autores brasileiros mais respeitados e conhecidos da atualidade, é freqüentemente convidado pela mídia para dar informações sobre a Antiga Religião e desmistificar os velhos estigmas negativos e equivocados que rondam a Wicca. É autor do best seller Wicca- A Religião da Deusa. Ele é o idealizador da conceituada Conferência de Wicca &amp; Espiritualidade da Deusa que acontece anualmente em São Paulo e também do Congresso de Wicca &amp; Paganismo no Rio de Janeiro.</s>
    <s>DALLAN TREVOR é Alto Sacerdote Diânico, Paulistano e jornalista, radicado em Brasília desde 2008. Membro ativo da comunidade Pagã há anos, vem presta serviços de esclarecimentos e desestigmatização à respeito da Bruxaria e Neopaganismo e suas manifestações. Trabalha com Magia das Abelhas desde 2008, levando esse sistema mágico inovador a todos os cantos do Brasil</s>
    <s>DANIELLE SALES (aka Green Womyn) é editora, tradutora, ativista menstrual e Sacerdotisa Diânica pela Tradição Mystai of the Moon, na linhagem de Z Budapest. Feminista há vinte anos, escreve desde 2008 no blog Mulher Verde (www.mulherverde.blogspot.com) e há alguns anos estuda herbalismo mágico, Deusas, mitologia e outros assuntos relacionados ao feminino.</s>
    <s>DENISE DE SANTI é graduada em Pedagogia, pós-graduada em Psicopedagogia, é Psicanalista e Terapeuta Holística, trabalha como educadora e terapeuta de vidas passadas, Magia Natural é uma das pioneiras da Wicca no Brasil. Trabalha com terapia holística há quase 20 anos. É palestrante em muitas convenções e encontros de Bruxaria, e seu Handfasting foi visto por todo o Brasil através do programa do Ronnie Von. Participa ativamente do movimento da Bruxaria no Brasil e de diversos eventos promovidos ao redor do país.</s>
    <s>ENDOVELICON é Praticante de Reconstrucionismo Celta há mais de 15 anos. É membro do grupo Ramo de Prata (SP) e é também membro associado da ADF (Ár nDraíocht Féin)</s>
    <s>ERICA MARSON é coordenadora pedagógica de língua Estrangeira por profissão e tem a Magia e Bruxaria por amor. Desde 2007 ministra cursos de Mitologia, levando seu conhecimento de forma clara e objetiva a toda comunidade Pagã.</s>
    <s>FANY CAROLINA é formanda em Psicologia, condutora de Ritos da Tenda da Lua, Tenda do Suor, Cerimônias para Mãe Terra e Rodas de Xamanismo pelo Centro de Estudos de Xamanismo Vôo da Águia. Coordenadora do ESPAÇO – A Kiva Urbana, das Jornadas Xamânicas Vôo da Águia e de Rodas de Iniciação ao Xamanismo Universal. Realiza oficinas de Filtro dos Sonhos e trabalha os Ciclos do Sagrado Feminino e o Poder do Sangue. Também é membro da Diretoria do Centro Eclético Céu da Lua Cheia.</s>
    <s>HAZEL VON MORRIGHAN é advogada, especialista em propriedade intelectual, escritora e uma estudiosa de tudo que se relaciona a Wicca, ao Paganismo e as Religiões da Terra. Possui uma idéia enraizada de que nenhum conhecimento pode ser desprezado, porque o aprendizado daqueles que seguem o Caminho nunca termina. Fundadora e Elder da Tradição Serpente de Prata trabalha, sempre que possível, ministrando palestras, workshops e cursos em centros culturais e eventos, na tentativa de sanar a carência de informação e instrução, aos atuais neófitos, de que muito sentiu falta em seu período de aprendizado</s>
    <s>!LÂMIA THALASSA é Alta Sacerdotisa da Tradição Diânica Nemorensis e professora da milenar Arte da Dança do ventre. Phitoterapeuta e terapeuta complementar, faz atendimentos personalizados na área de numerologia, tarô como forma de autoconhecimento e magia com tarô, massagem com pedras quentes, tratamento com ervas medicinais e cristais. Colunista de diversos sites de ocultismo na Internet, vem desenvolvendo um profundo trabalho de resgate das características rituais, iniciáticas da Dança e sacralidade do ventre da mulher, como forma de reencontro com o equilíbrio e comunhão com o Sagrado Feminino, é fundadora do Círculo de mulheres e a Cura do Feminino, onde os encontros acontecem uma vez no mês com 2 horas de duração e reconsagração do ventre para participantes. Mediadora do Círculo Útero da Terra fundado em 2005 por Lâmia, preparando seus membros para o desenvolvimento pessoal e conhecimento geral de Wicca e Bruxaria. Ministra palestra por todo o país e atende a solicitações de cursos particulares ou em grupos no setor de aromaterapia, magia das velas, perfumaria em geral, óleos ritualísticos e Cristais. É dona do site www.veudabruxa.cjb.net, onde o conteúdo é diversificado e abrangente, numa linguagem simples e clara. Atualmente é uma das facilitadoras do Círculo de Estudos da TDN onde ministra a disciplina “Herbologia”.</s>
    <s>LÉO ARTESE é estudioso de Xamanismo com iniciações nos EUA / Peru / Brasil, conduzindo cerimônias, ritos, grupos de estudo e oficinas de xamanismo desde 1990. Terapeuta Holístico, Acupunturista. - Fundador e Diretor do ESPAÇO - Centro de Estudos de Xamanismo Vôo da Águia. Fundador e Presidente do Centro Eclético da Fluente Luz Universal Céu da Lua Cheia. Personal Professional Coach com certificação da Internacional Coaching Council - Master Pratictioner em PNL Sistêmica - Palestrante Motivacional, Consultor de Treinamento - Locutor DRT 27884/SP / Mestre de Cerimônias e Contador de Histórias - Professor de comunicação verbal, técnicas de apresentações e marketing pessoal- Escritor dos livros: O Voo da Águia e O Espírito Animal</s>
    <s>LUIZ HENRIQUE PONTES E RITA PONTES são representantes do Circle of Sound, organização mundial que traz a paz através do som, fundadores do CCA - Centro para Cura das Atitudes no Brasil, consultores de empresas, conferencistas e autores.</s>
    <s>MARCOS REIS é estudante e praticante de Xamanismo, no qual destaca sua iniciação Bárdica no Druidismo, junto com Caer Tabebuya, grupo de estudos e práticas do Xamanismo Celta (Druidismo). Em seus estudos, Marcos colocou foco na honra aos ancestrais desta terra, o povo nativo das Américas, assim, incorporando as suas práticas o xamanismo brasileiro e americano. Marcos estudou medicinas de várias tradições como os tambores xamânicos, filtros dos sonhos, jurema preta, oráculos e práticas com pajelança. Marcos também é músico percussionista de tradições Irlandesas.</s>
    <s>NELSON BAZOLLI é Filósofo e Teólogo. Formado em Iridologia há anos, vem fazendo uso dessa técnica para diagnóstico de doenças e desequilíbrios e a promoção da saúde e harmonia do ser. Acupunturista, Quiropat e Massoterapeuta é também estudante de Mitologia e Maçom Pertencente aos Altos Graus Filosóficos. É empresário e Pagão Convicto.</s>
    <s>PIETRA DI CHIARO LUNA é strega, taróloga e pedagoga. Estuda e pratica Bruxaria desde 1996 e a partir de 2000 dedicou-se exclusivamente à Stregoneria, a Bruxaria e suas diversas práticas na Itália e no Brasil. Segue práticas e Tradições da sua família. Coordena listas de discussão sobre Stregoneria e práticas mágicas na web. Participa de sites como colunista de Stregheria e Tarot, dá palestras, workshops e cursos em espaços esotéricos. É co-autora do blog Stregheria Prática e produtora do podcast Bruxaria Italiana para Ouvir. É autora do blog Tarot: Leitura e Escrita. Organiza o evento Chá de Tarô e é coordenadora do evento Confraria Brasileira de Tarot.</s>
    <s>RAQUEL FROTA é terapeuta Holística, formada em naturopatia com ênfase na Terapeutica Indiana pela Humaniversidade Holística. O que a levou a ser terapeuta holística e não uma jornalista foi a Bruxaria,pois sempre se encantou com o aprendizado das ervas e das cores para cura do ser humano, e foi através desse caminho que cheguei até aqui. Dirije o Espaço Viver Alternativo.Possui um relacionamento antigo com os chakras estudando-oss desde os 12 anos, por influência materna.</s>
    <s>REGINA AZEVEDO é jornalista e Mestre em Ciências da Comunicação pela ECA-USP, escritora, editora da OP Livros, professora nas áreas de Comunicação Interpessoal e Empresarial e Motivação junto ao PECE - Programa de Educação Continuada em Engenharia da POLI-USP e doutoranda na área de Psicologia Organizacional no IP-USP. É também a representante para a língua portuguesa do portal Livro-Virtual.Org.</s>
    <s>SABRINA ALVES Facilitadora de Círculos Femininos; Coordenadora dos Projetos &quot;Clã pos Ciclos Sagrados&quot; E &quot;Ayurveda Para Mulheres&quot;. É Terapeuta em Ayurveda especialista em cuidados com mulheres e em alimentação para as fases da vida segundo o Ayurveda. É Doula certificada pelo GAMA, docente em Ayurveda e em Eco-espiritualidade Feminina. Atualmente é promulgadora da Campanha &quot;Menstrual Moonday&quot; no Brasil &quot;Segunda Vermelha e criadora do Movimento de Espiritualidade Feminina &quot;Círculo Sagrado de Visões Femininas&quot;. Também é Mestranda em Ciências da Religão - PUC/SP e Comunicóloga.</s>
    <s>!SORAYA MARIANI é Sacerdotisa da Deusa, idealizadora do Espaço Cirandda da Lua, que é focado na conscientização e crescimento pessoal de adultos, adolescentes e crianças, favorecendo o desenvolvimento de suas habilidades naturais, criatividade, poder, auto-estima e equilíbrio do corpo, mente, espírito e coração. Possui formação acadêmica em artes e pedagogia, pós-graduada em psicopedagogia e arte terapia e psicologia junguiana. Agrega ao seu conhecimento diversas técnicas holísticas: floral, reiki, massoterapia, fitoterapia, encantação de contos, musicoterapia, Tarot e ainda dedica-se ao estudo e prática da mitologia arquetípica, Wicca, filosofia, antroposofia, thealogia e diversas Tradições que honram ao Sagrado Feminino e a Espiritualidade da Terra.</s>
    <s>!SORITA D’ESTE é uma pesquisadora esotérica, autor e uma sacerdotisa iniciada nos Mistérios que manifesta o seu conhecimento e paixão pelo conhecimento e pela compreensão através do seu trabalho. Ela é mais conhecida por suas pesquisas e trabalhos relacionados com a Deusa Hécate, assim como por sua habilidade de ultrapassar as fronteiras da investigação esotérica e prática através de suas oficinas, palestras e escritos. Com mais de 18 livros publicados, Sorita é uma prolífica escritora e pesquisadora que também escreveu centenas de artigos publicados na comunidade, acadêmicos e publicações comerciais. Sua paixão pelas Sete Estrelas Peregrinas, ou “Deuses imortais” (sendo os sete planetas clássicos, Sol, Lua, Mercúrio, Vênus, Marte, Saturno e Júpiter) tem sido fundamental para seu caminho espiritual, durante muitos anos e faz parte dos Mistérios que continua a explorar, através de seu trabalho.</s>
    <s>!SUELY CALS é professora, ADM.de Empresa e taróloga. É Artista plástica,colunista do Jornal o Liberal (filiado a rede globo) por 14 anos e já foi colunista do jornal Folha de Apucarana (Paraná). Atualmente também assina uma coluna em uma revista de circulação local chamada A GARRA. É escritora, tendo 5 livros editados: O Tarô Amazônico, O Caldeirão da Bruxa, Amazônia- O Caminho da Bruxa, Mandalas de Poder, Luna. Acaba de assinar contrato com a Pallas Editora para este semestre para a publicação de O Caldeirão de Magia Amazônica, em andamento ainda para este ano e Raio de Luz, um Tarô em braille para deficientes visuais. Alta É Alta Sacerdotisa há 16 anos do coven Casa de Avalon, em Belém.</s>
    <s>VALDIR CALLEGARI é stregone, radiestesista, tarólogo com formação em Estudos Avançados em Terapia Holística e Terapia com Floral de Bach. Formado em Enfermagem, especialização em instrumentação cirúrgica, possui também Formação em publicidade e desenho e em Teologia e Filosofia. Estudioso de ocultismo e metafísica desde 1985 é um feiticeiro iniciado em tradição Germânica desde 2008.</s>
    <s>!VALTER HENRIQUE FRITSCH é professor de língua e literatura inglesa, ator e diretor de teatro, terapeuta reikiano. Na Antiga Religião é conhecido como Elek Ophelus, ou Elek, Lasca de Canela, e defende os ideais de equilíbrio entre o homem e nosso amado planeta. É iniciado na Tradição das Fadas e atuo como um dos sacerdotes do Coven Triluna de Porto Alegre. Tem estudado Bruxaria, esoterismo e mitologia há anos, ministrando cursos sobre Wicca e Paganismo em escolas da região metropolitana de Porto Alegre. Além dos rituais do Coven Triluna realiza também rituais abertos a comunidade não-pagã. Atualmente está cursando o Mestrado em Literatura Inglesa da Universidade Federal do Rio Grande do Sul (UFRGS), onde se especializa em Estudos do Imaginário das Ilhas Britânicas.</s>
    <s>!VERA CRYSTINA é paulistana, formada em Publicidade e Propaganda pela Faap. Há vinte e três anos coordena o m Espaço Oceano - Centro de Estudos e Pesquisas onde faz atendimentos e dá cursos sobre o Tarot ( Básico , Avançado) e atendimentos de Mapa Astral e Previsões. Já participou de diversos programas de TV e em 2002 prestou apoio logístico ao Primeiro Congresso Brasileiro de Tarot, realizado no Mofarrej Sheraton e produzido por Nei Naiff, onde também foi palestrante. Esteve envolvida na organização do Primeiro Simpósio Paulista de Tarot e realizou conjuntamente com outros profissionais o Primeiro Encontro Esotérico em Ilhabela, apoiado pela Prefeitura de São Sebastião. Prima pelo conhecimento vertical e pela transdisciplinaridade para validá-los. É contra a banalização rasa e desrespeitosa de como estes saberes tão antigos são tratados, lutando conjuntamente com profissionais sérios e afins pela preservação do Tarot e da Astrologia.</s>
    <s>!WYAN LOTHUR recebeu o chamado da Deusa bem cedo, aos 14 anos. Hoje, aos 26, já possui 09 anos de estudos na Tradição Serpente de Prata, da qual é Sacerdote. Carioca, é formado pela Universidade Federal do Estado do Rio de Janeiro (Unirio) em Artes Cênicas, tendo se graduado em duas habilitações: interpretação e direção. Tanto ele como os demais membros de sua Tradição estiveram presentes desde o início das edições da CWED, em 2005, para dar o apoio necessário e o reconhecimento sincero pelo trabalho em prol da divulgação e desmistificação do que é a Wicca. Agora, como palestrante, pretende passar adiante sua experiência e seu conhecimento como ator, diretor e wiccano.</s>
    <s>História - Proposta - Feira Pagã - Acomodações - Fotos e Vídeos - Indique o Site - Localização - Home</s>
    <s>(c) Conferência de Wicca &amp; Espiritualidade da Deusa - 2011</s>
  </text>
</page>
