<?xml version="1.0" encoding="UTF-8"?>
<!DOCTYPE page SYSTEM "page.dtd">
<page>
  <lang>pt</lang>
  <url>http://www.slideshare.net/agripoint/tutorial-de-acesso-conferncia-online</url>
  <title>Tutorial de acesso à conferência online</title>
  <snippet>
    <s>Tutorial de acesso à conferência online. 6 days ago. Email; Favorite; Favorited ×; Download; Embed; Copy and paste this code into your blog or website </s>
  </snippet>
  <text>
    <s>SlideShare. Present yourself.</s>
    <s>Login or Signup</s>
    <s>Go Pro</s>
    <s>Tutorial de acesso à conferência online</s>
    <s>2 weeks ago</s>
    <s>Favorited ×</s>
    <s>Copy and paste this code into your blog or website Copy Customize Without related content Start from slide number 1 2 3 4 5 6 7 8 9 10 11 Size (px) 460 x 349 Shortcode for WordPress.com blogs ? Copy Old embed code ? Copy</s>
    <s>We have emailed the verification/download link to &quot;&quot;.</s>
    <s>Login to your email and click the link to download the file directly.</s>
    <s>To request the link at a different email address, update it here. Close</s>
    <s>Validation messages. Success message. Fail message.</s>
    <s>Check your bulk/spam folders if you can't find our mail.</s>
    <s>No comments yet</s>
    <s>Embed Video Subscribe to comments</s>
    <s>Post Comment</s>
    <s>Edit your comment Cancel</s>
    <s>Speaker Notes on slide 1</s>
    <s>Tutorial de acesso à conferência online - Presentation Transcript</s>
    <s>1.Equipe AgriPoint</s>
    <s>Como funciona a conferência no Webex</s>
    <s>2. Entrando no Webex</s>
    <s>Para acessar o espaço de reuniões do Webex, você receberá um e-mail com o link que deverá ser acessado no dia e horário agendados .</s>
    <s>Basta clicar nesse link e você será automaticamente direcionado ao espaço para login.</s>
    <s>3. Fazendo login Faça seu login fornecendo seu nome, email e senha , em seguida clique em “Entrar”</s>
    <s>4. Acessando o Webex Na página aberta, haverá uma barra amarela no topo, clique nessa barra e autorize a execução do aplicativo que for solicitada</s>
    <s>5. Acessando o Webex Na janela que for aberta clique em executar.</s>
    <s>6. Acessando o Webex</s>
    <s>Em seguida, uma tela como essa será carregada.</s>
    <s>Siga as recomendações dessa página (não atualize a página, não clique em voltar, nem avançar e na URL da janela) ou não consiguirá acessar a reunião online. Simplesmente aguarde.</s>
    <s>7. O ambiente Arraste essa barra vertical que divide os conteúdos para ter mais espaço para acompanhar o chat</s>
    <s>8. O ambiente Aqui aparecerá a lista dos alunos presentes na conferência Aqui você assistirá o instrutor</s>
    <s>9. O ambiente Aqui você poderá digitar suas questões para o instrutor</s>
    <s>10. Áudio</s>
    <s>Quando o instrutor entrar na reunião e ativar a conferência de voz, você receberá uma mensagem, para poder ouvir a conferência clique em sim</s>
    <s>11. Fim</s>
    <s>Seguindo esses passos, sua conferência ocorrerá sem problemas e você poderá esclarecer suas dúvidas em tempo real.</s>
    <s>Se tiver alguma dúvida ou sugestão, entre em contato:</s>
    <s>Camilla Oliveira</s>
    <s>Equipe AgriPoint</s>
    <s>email address</s>
    <s>(19) 3432-2199</s>
    <s>+ Follow !Processing </s>
    <s>20 views, 0 favs, 0 embeds</s>
    <s>More by user</s>
    <s>View all presentations from this user</s>
    <s>Remove related content</s>
    <s>About this presentation</s>
    <s>Usage Rights</s>
    <s>(C) All Rights Reserved</s>
    <s>0 Favorites</s>
    <s>0 Comments</s>
    <s>0 Downloads</s>
    <s>20 Views on</s>
    <s>0 Views on</s>
    <s>20 Total Views</s>
    <s>View text version</s>
    <s>Additional Details</s>
    <s>Uploaded via SlideShare</s>
    <s>Uploaded as Microsoft PowerPoint</s>
    <s>Flagged as inappropriate Flag as inappropriate Flag as inappropriate</s>
    <s>Select your reason for flagging this presentation as inappropriate. If needed, use the feedback form to let us know more details.</s>
    <s>None Pornographic Defamatory Illegal/Unlawful Spam Other Terms Of Service Violation Cancel</s>
    <s>File a copyright complaint</s>
    <s>modal signup</s>
    <s>Learn About Us</s>
    <s>Our Blog</s>
    <s>Contact us</s>
    <s>Help &amp; Support</s>
    <s>Using SlideShare</s>
    <s>SlideShare 101</s>
    <s>Terms of Use</s>
    <s>Privacy Policy</s>
    <s>Copyright &amp; DMCA</s>
    <s>Community Guidelines</s>
    <s>SlideShare Outside</s>
    <s>SlideShare Mobile New</s>
    <s>Facebook App</s>
    <s>LinkedIn App</s>
    <s>Widgets for your blog</s>
    <s>Pro &amp; more</s>
    <s>Go PRO</s>
    <s>Business Solutions</s>
    <s>Advertise with us</s>
    <s>Get featured on homepage</s>
    <s>Developers &amp; API</s>
    <s>Developers Section</s>
    <s>Developers Group</s>
    <s>Engineering Blog</s>
    <s>SlideShare is the world's largest community for sharing presentations. Upload and share on blogs, Twitter, Facebook or LinkedIn. Over 60 million people use SlideShare every month for research, sharing ideas, connecting with others, and generating business leads. SlideShare also supports documents, PDFs, and videos. Get an account.</s>
    <s>Follow @SlideShare</s>
    <s>(C) 2011 SlideShare Inc. All rights reserved.</s>
    <s>FavoritedYou could add some tags too</s>
    <s>Have an opinion? Make a quick comment as well. Cancel</s>
    <s>Edit your favorites</s>
  </text>
</page>
