<?xml version="1.0" encoding="UTF-8"?>
<!DOCTYPE page SYSTEM "page.dtd">
<page>
  <lang>pt</lang>
  <url>http://www.releituras.com/oandrade_bio.asp</url>
  <title>Oswald de Andrade - Biografia</title>
  <snippet>
    <s>13 jan. 2011 1921 – Em julho, publica artigo sobre o poeta Alphonsus de Faz a saudação a Menotti del Picchia no banquete oferecido para Faz conferência, em 18 de setembro, comemorativa ao centenário da Bandeira Nacional. </s>
  </snippet>
  <text>
    <s>[Principal ] [Releituras ] [Biografias ] [Novos Escritores ]</s>
    <s>Projeto Releituras</s>
    <s>Arnaldo Nogueira Jr</s>
    <s>Oswald de Andrade</s>
    <s>SPaulo - SP</s>
    <s>Menu do Autor</s>
    <s>Oswald de Andrade</s>
    <s>&gt; &gt; &gt;</s>
    <s>Que eu nfique nunca</s>
    <s>Como esse velho inglbr&gt; Ao lado</s>
    <s>Que dorme numa cadeira</s>
    <s>espera de visitas que nvbr&gt;</s>
    <s>(Primeiro caderno do aluno de poesia)</s>
    <s>Em 11 de janeiro de 1890 nasce em SPaulo Jos&gt; Oswald de Sousa Andrade, filho de Josswald Nogueira de Andrade e InHenriqueta Inglde Sousa Andrade.</s>
    <s>Inicia seus estudos, em 1900, na Escola Modelo Caetano de Campos, ainda marcado pelo fato de haver presenciado a mudando slo.</s>
    <s>Em 1901, vai para o Gino Nossa Senhora do Carmo. Tem como colega Pedro Rodrigues de Almeida, o Jode Barros doPerfeito Cozinheiro das Almas desse mundo .</s>
    <s>Em 1903, transfere-se para o Colo SBento. Lem como colega o futuro poeta modernista Guilherme de Almeida.</s>
    <s>Em 1905, com o SPaulo em ebuli  surge o bonde elico, o ro, a propaganda, o cinema  participa da roda litera de Indalo Aguiar da qual faz parte o poeta Ricardo Gonves.</s>
    <s>Em 1908, conclui os estudos no Colo SBento com o diploma de Bacharel em Humanidades.</s>
    <s>De fama abastada, Oswald, em 1909 inicia sua vida no jornalismo como redator e crco teatral do Dio Popular, assinando a coluna &quot;Teatro e Salquot;. Ingressa na Faculdade de Direito.</s>
    <s>Em 1910, monta um atelier com o pintor Oswaldo Pinheiro, no Vale do Anhangabanhece o Rio de Janeiro, e fica hospedado na residia de seu tio, o escritor Inglde Souza. Passa o primeiro Natal longe da fama em Santos, numa hospedaria de carroceiros das docas.</s>
    <s>No ano seguinte, com a ajuda financeira de sua m funda O Pirralho, cujo primeiro n ano em 12 de agosto, tendo como colaboradores Amadeu Amaral, Voltolino, Alexandre Marcondes, Corno Pires e outros. Conhece o poeta Emo de Meneses, de quem se torna amigo. Lana campanha civilista em torno de Ruy Barbosa. Passa uma temporada em Baependi, Minas, nas terras da fama de seu avr&gt;</s>
    <s>Em 1912, viaja uropa. Visita vos pas: Ita, Alemanha, Bica, Inglaterra, Fran Espanha. Conhece durante a viagem a jovem danina Carmen Lydia, (Helena Carmen Hosbale) que Oswald batiza em Mil Morre em SPaulo sua m no dia 6 de setembro. Retorna ao Brasil, trazendo a estudante francesa KamiHenriette Denise Boufflers). Reassume sua atividade de redator de O Pirralho, onde publica cras em portugumacarro com o pseudo de Annibale Scipione.</s>
    <s>No ano seguinte, participa das reunida Vila Kirial e conhece o artista plico Lasar Segall. Escreve A recusa, drama em tratos.</s>
    <s>Nasce o seu filho, Josswald Ant de Andrade (Non com Kamiem 1914. Torna-se Bacharel em Ciias e Letras pelo Colo S Bento, onde foi aluno do abade Sentroul. Cursa Filosofia no Mosteiro de SBento.</s>
    <s>Em 1915, participa do almoem homenagem a Olavo Bilac, promovido pelos estudantes da Faculdade de Direito. Torna-se membro da Sociedade Brasileira dos Homens de Letras, fundada em SPaulo por Bilac. Chega ao Brasil a danina Carmen Lydia, com quem mantum barulhento namoro. Faz viagens constantes de trem ao Rio a neg ou para acompanhar Carmen Lydia.</s>
    <s>No ano seguinte, publica em A Cigarra o primeiro caplo  e, depois, lan com Guilherme de Almeida, as pe teatrais Theatre Brlien  Mon Coeur Balance e Leur e, pela Typographie Asbahr. Faz a leitura das pe em vos salliteros de SPaulo, na Sociedade Brasileira de Homens de Letras, no Rio de Janeiro e na reda A Cigarra. Publica trechos de Mems Sentimentais de JoMiramar na A Cigarra e na A Vida Moderna. Sofre de artritismo. A atriz Suzanne Desprrecita no Municipal trechos de Leur e. Passa a colaborar regularmente em A Vida Moderna, que publica em 24 de maio, cenas de Leur e. Volta a estudar Direito, cujo curso havia interrompido em 1912. Recebe o convite de Valente de Andrade para fazer parte do Jornal do Comio, edi de SPaulo e em 1 de novembro comeseu trabalho como redator. Redator social de O Jornal. Passa temporada com a fama em Lambari (MG). Veraneia em SVicente (SP). Vai regularmente a Santos, em companhia de Carmen Lydia. Continua a viajar intermitentemente ao Rio. Naquela cidade freqa roda litera de Emo de Meneses, Jodo Rio, Alberto de Oliveira, Eloi Pontes, Olego Mariano, Luis Edmundo, Olavo Bilac, Oscar Lopes e outros. Passa temporada em Aparecida do Norte. Estscrevendo o drama O Filho do Sonho.</s>
    <s>Em 1917, conhece Mo de Andrade. Defende a pintora Anita Malfatti das crcas violentas feitas por Monteiro Lobato (&quot;A exposi de Anita Malfatti&quot;, no Jornal do Comio, SPaulo, 11/01/1918). Participa do primeiro grupo modernista com Mo de Andrade, Guilherme de Almeida, Ribeiro Couto e Di Cavalcanti. De 1917 a 1922 escreve regularmente no Jornal do Comio.</s>
    <s>Trabalha em A Gazeta, em 1918. Comea compor O perfeito cozinheiro das almas desse mundo , dio coletivo escrito em colabora com Maria de Lourdes Castro Dolzani de Andrade (Miss Cyclone), Guilherme de Almeida, Monteiro Lobato, Leo Vaz, Pedro Rodrigues de Almeida, Ino Pereira da Costa, Edmundo Amaral e outros. Fecha a revista O Pirralho.</s>
    <s>Em 1919 orador do Centro Acadco XI de Agosto da Faculdade de Direito. Pronuncia a palestra &quot;vore da Liberdade&quot;. Bacharel em Direito, scolhido orador da turma. Morre seu pai, em fevereiro. Casa-se, in extremis, com Maria de Lourdes Castro Dolzani de Andrade (Miss Cyclone). Publica no jornal dos estudantes da Faculdade de Direito, XI de Agosto, trcaplos de Mems Sentimentais de JoMiramar.</s>
    <s>No ano seguinte edita Papel e Tinta, assinando com Menotti del Picchia o editorial e escrevendo regularmente para o perio. Descobre o escultor Brecheret. Escreve em A Raposa artigo elogiando Brecheret com texto ilustrado com fotos de trabalhos do artista.</s>
    <s>1921  Em julho, publica artigo sobre o poeta Alphonsus de Guimar, ressaltando a forma de express no seu entender, precursora da linguagem modernista. (Jornal do Comio (SP), 07/1921). Faz a sauda a Menotti del Picchia no banquete oferecido para polcos e poetas no Trianon. Revela Mo de Andrade poeta, em polco artigo &quot;O meu poeta futurista&quot;. Principia a colabora do Correio Paulistano at924. Participa da caravana de jovens escritores paulistas ao Rio de Janeiro, a fim de fazer propaganda do Modernismo. Torna-se o lr dessa campanha preparat para a Semana de Arte Moderna. Toma aula de boxe com o antigo pugilista su Delaunay.</s>
    <s>Em 1922, participa da Semana de Arte Moderna no Teatro Municipal de SPaulo. Faz conferia, em 18 de setembro, comemorativa ao centeno da Bandeira Nacional. um dos participantes do grupo da revista Klaxon, onde colabora. Integra o grupo dos cinco com Mo de Andrade, Anita Malfatti, Tarsila do Amaral e Menotti del Picchia. escolhido como orador do banquete oferecido em homenagem ao escritor portuguAntonio Ferro, por ocaside sua visita ao Brasil, no Autom Clube do Brasil (SPaulo). Publica Os Condenados, com capa de Anita Malfatti, primeiro romance de A trilogia do exo. Viaja a negs ao Rio. Em dezembro embarca para a Europa. Comesua amizade com Tarsila.</s>
    <s>No ano seguinte, ganha na justia cust do seu filho NonFaz viagem a Portugal e Espanha, com passagem pelo Senegal, acompanhado de Tarsila. Matricula seu filho no Lic Jaccard em Lausanne, Sui Reside em Paris atgosto, no atelier de Tarsila. No dia 23 abril, participa do almooferecido pelo embaixador na Frana intelectuais franceses. Em 11 de maio pronuncia a Conferia L'effort intellectuel du Brl contemporain, na Universidade de Sorbonne. No dia 28 de maio, conhece o poeta Blaise Cendrars. Em agosto, goza as fas de vercom Tarsila na Ita, em Veneza. Assiste entusiasmado o bailado negro de Blaise Cendrars, com m de Darius Milhaud e cenos de Fernand Lr, apresentado pelo Ballets Suis, no Teatro dos Champs-Elyse Visita a exposi de Arte Negra, no Museu de Artes Decorativas. Reescreve Jo Miramar. Em julho, faz conferia em Lisboa. Em Paris, de volta ao Brasil, homenageado com um banquete pela Sociedade Amis des Lettres Franses, sendo saudado pela presidente do grupo Mme.Rachilde. Retorna ao Brasil no final do ano.</s>
    <s>Em 1924, no dia 18 de marpublica no Correio da Manh148; o Manifesto da Poesia Pau Brasil. Toma parte na excursao carnaval do Rio de Janeiro e inas com outros intelectuais brasileiros e do poeta Blaise Cendrars, chamada de Caravana Modernista. Em Minas Gerais, recebidos por Anl Machado, Pedro Nava e Carlos Drummond de Andrade, excursionam pelas cidades histas. No Correio Paulistano, publica o artigo Blaise Cendrars  Um mestre da sensibilidade contempora&quot;. Participa do V Ciclo de Conferia da Vila Kyrial falando sobre &quot;os ambientes intelectuais da Franquot;. Publica Mems Sentimentais de JoMiramar, com capa de Tarsila. Faz uma leitura do Serafim Ponte Grande, em casa de Paulo Prado para uma plat de amigos modernistas. Viaja Europa. Em 20 de novembro faz viagem spanha (Medina e Salamanca), de passagem para Su. Monta com Tarsila um novo apartamento em Paris, conservando este endereat 1929. Passa o Natal com Tarsila na casa de campo do poeta Blaise Cendrars em Tremblay-sur-Mauldre.</s>
    <s>Visita seu filho na Su, em marde 1925. Em fevereiro e marfaz curso de ingl na Berlitz School, em Paris. Assiste ao festival Satie, em Paris. Em maio, viaja ao Brasil. Participa do jantar na Vila Fortunata (casa de Renhiollier) em homenagem a D.Olivia Guedes Penteado. Volta uropa, passando em Lisboa. Em julho vai a Deauville para alguns dias de fas. Publica em Paris pela editora Au Sans Pareil o livro de poemas Pau Brasil. Em agosto retorna ao Brasil. Candidata-se cademia Brasileira de Letras. Oficializa o noivado com Tarsila do Amaral. Faz nova viagem Europa. Com Tarsila, passa novamente o final do ano em Le Tremblay-sur- Mauldre, residia de campo de Cendrars.</s>
    <s>Em janeiro e fevereiro do ano seguinte viaja ao Oriente, em companhia de Tarsila, de seu filho, de Dulce (filha de Tarsila), do escritor Clio de Souza, do governador de S Paulo Altino Arantes. Visita cidades da Gra, Turquia, Israel e Egito. Em 05 de maio recebido com outros brasileiros em audiia pelo papa, a fim de tentarem a anula do casamento de Tarsila. Permanece em Paris, com Tarsila, ajudando-a nos preparativos para a exposi na Gale Percier. Chega ao Brasil em 16 de agosto. Casa-se com Tarsila do Amaral, em 30 de outubro, em cerim paraninfada pelo Presidente Washington Luis. Publica na Revista do Brasil o prefo de Serafim Ponte Grande,primeira vers &quot;Objeto e fim da presente obra&quot;. Divulga em Terra Roxa e Outras Terras a &quot;Carta Oceca&quot;, prefo ao livro Pathaby de Ant de Alcara Machado e um trecho do Serafim Ponte Grande. Viaja a Cataguazes (MG), mantcontato com o Grupo da Verde.</s>
    <s>Publica, em 1927, A Estrela de Absinto, segundo romance de A trilogia do exo, pela Editora Helios com capa de Brecheret. Publica Primeiro Caderno de Poesia do Aluno Oswald de Andrade, ilustrado pelo autor, com capa de Tarsila. Comeno Jornal do Comio a coluna &quot;Feira das Quintas&quot;. Participa do jantar litero em homenagem a Paulo Prado, em abril na Vila Fortunata. Permanece uma temporada, de junho atgosto, em Paris para a exposi de Tarsila, voltando ao Brasil faz escala na Bahia. Abre escrit comercial na Prado Patriarca. 20. Disputa o pro romance, patrocinado pela Academia Brasileira de Letras, com A Estrela de Absinto, que obteve men honrosa. Publica trechos de Serafim Ponte Grande na revista Verde.</s>
    <s>Em 1928, l Manifesto Antropo para amigos na casa de Mo de Andrade. Publica o Manifesto Antropo na Revista de Antropofagia, que ajuda a fundar, com os amigos Raul Bopp e Ant de Alcara Machado. Viaja ahia. Viaja uropa, regressando no mesmo ano, com passagem por Lisboa. Fica em Paris nos meses de junho e julho para a 3 exposi de Tarsila.</s>
    <s>No ano seguinte, volta ao Rio para a exposi de Tarsila, com Anita Malfatti, Waldemar Beliso, Patricia Galv Estm Paris em julho. Entra em contato com Benjamin Pt que mora no Brasil at931. Hospeda na sua fazenda  Santa Tereza do Alto  o filo alemHermann Keyserling e a danina Josephine Baker. expulso do Congresso de Lavradores, realizado no Cinema Repa (SP) por propor um acordo com o trabalhador do campo. Separa-se de Tarsila do Amaral. Rompe com Mo de Andrade e Paulo Prado. Viaja ahia com Pag&gt;</s>
    <s>No dia 1 de abril de 1930 casa-se com Patricia Galv(Pagu) numa cerim pouco convencional. O acontecimento foi simbo, realizado no Cemito da Consola, em SPaulo. Mais tarde, se retrataram na igreja. Escreve &quot;A casa e a lua&quot;, em defesa da arquitetura de Warchavchik. Nasce seu filho Rudoronominare Galvde Andrade com a escritora Patra Galv(Pag preso pela pola do Rio de Janeiro, por amea o antigo amigo, poeta Olego Mariano.</s>
    <s>Em 1931, escreve O mundo polco.Tem um encontro com Luis Carlos Prestes em Montevid que muda o rumo polco do escritor Oswald. Comea escrever ensaios polcos, geralmente sobre a situa e os problemas do opero. Funda com Queiroz Lima e Pag47;O Homem do Povo. Publica o Manifesto Ordem e Progresso. Engaja-se no Partido Comunista.</s>
    <s>No ano seguinte, redige o prefo definitivo de Serafim Ponte Grande.</s>
    <s>Em 1933, pronuncia conferia  O Vosso Sindicato  no sindicato dos padeiros de SPaulo. Publica Serafim Ponte Grande. Patrocina a publica de Parque Industrial, romance de Pag&gt;</s>
    <s>No ano seguinte, deixa Pagne-se ianista Pilar Ferrer. Publica A Escada Vermelha, terceiro romance de A trilogia do exo, e O Homem e o Cavalo, com capa de seu filho, Oswald de Andrade Filho. Lenas da peO Homem e o Cavalo no Teatro de Experiia de Flo de Carvalho. Programada a apresenta dessa pe o teatro, nterditado pela pola. No dia 24 de dezembro, assina contrato ante-nupcial em regime de separa de bens com Julieta Bara Guerrini.</s>
    <s>Em 1935, compra uma serraria. Com sua mulher Julieta, acompanha C. Levis-Strauss em excursatoz do Igua Escreve sra polca para A Plat. Faz parte do movimento artico cultural Quarteir148;. Estichado na pola civil do Ministo da Justi sob o n 70, como subversivo.</s>
    <s>No ano seguinte, publica na revista XI de agosto, &quot;Pna de Natal&quot; do Marco Zero. Conclui o poema O Santeiro do Mangue, 1 vers dedicado criticamente a Jorge de Lima e Murilo Mendes. Empenha um cordde ouro na casa Leda Silva Ltda. Em dezembro casa-se com a escritora Julieta Bara Guerrini, tendo como padrinho o jornalista Casper Lro, o pintor Portinari e uma irma noiva, Clotilde. Passa a residir no Rio de Janeiro, na Av. Atlica e em SPaulo na Rua Jde Mesquita.</s>
    <s>Escreve O pada sobremesa, em 1937. feita uma tentativa de encena da peO Rei da Vela pela Companhia de varo Moreyra. Atua na Frente Negra Brasileira. Escreve na revista Problemas (SPaulo). Publica A Morta e O Rei da Vela. No Rio de Janeiro, a edi de Serafim Ponte Grande ada como esgotada.</s>
    <s>Em 1938, publica o trecho &quot;A voca&quot; da se Marco Zero: IV, A presendo Mar. Estigado ao Sindicato de Jornalista de SPaulo, matrla n 179. Redige Anse de dois tipos de fic.</s>
    <s>No dia 16 de fevereiro de 1939, Oswald ingressa no Pen Club do Brasil. Em agosto viaja Europa, com sua mulher Julieta, para participar do Congresso do Pen Club, em Estocolmo, que nse realizou por causa da guerra. Retorna pelo navio cargueiro Angola. Publica no jornal Meio Dia as colunas &quot;Banho de Sol&quot; e &quot;De literatura&quot;. o representante do jornal Meio Dia em SPaulo. Escreve para o Jornal da Manh148; (SP) uma se de reportagens sobre personalidades importantes da vida polca, econa e social de SPaulo. Passa uma temporada em uas de SPedro, perto de Piracicaba (SP), em tratamento de sabr&gt;</s>
    <s>Escreve O lar do opero. Candidata-se cademia Brasileira de Letras pela segunda vez, enviando uma carta aberta aos imortais, em 1940.</s>
    <s>Em 1941, monta um escrit de ims na rua Marconi, com Nono filho mais velho.</s>
    <s>No ano de 1942, exprabalhos de pintura na Sala dos Intelectuais, no VII Saldo Sindicato dos Artistas Plicos de SPaulo. Publica Cico dos Cicos para Flauta e Viol148;, dedicado ua futura mulher, Maria Antonieta dAlkmin. Lan em 2 edi pela Globo, Os Condenados, com capa de Koetz.</s>
    <s>Publica Marco Zero: I A revolu melanca, pela Joslympio, capa de Santa Rosa. Comea publicar no Dio de S.Paulo a coluna &quot;Feira das Sextas&quot;. Casa-se com Maria Antonieta d'Alkmin, em 1943.</s>
    <s>Em 1944, pronuncia na Faculdade de Direito a conferia &quot;Fazedores da Amca&quot;, publicada no Dio de S.Paulo em 31/10/1944. Inicia a se Telefonema, publicada no Correio da Manh148;, at954. Viaja a Belo Horizonte, com uma caravana de intelectuais e faz uma conferia na Exposi de Arte Moderna, organizada pelo Prefeito Juscelino Kubstichek.</s>
    <s>No ano seguinte escreve &quot;O sentido da nacionalidade no Caramuru e no Uruguai&quot;. Publica &quot;A Arca e a inconfidia&quot;, tese apresentada adeira de literatura brasileira da Faculdade de Filosofia, Ciias e Letras da Universidade de SPaulo, na qual o biografado ivre-docente.em Literatura Brasileira. Nasce sua filha Antonieta Mara. Reo volume Ponta de Lan148; artigos esparsos. Publica &quot;A sra na poesia brasileira&quot;, conferia pronunciada na Biblioteca Pa Municipal de SPaulo. Participa do Congresso de Escritores em SPaulo. Publica Poesias Reunidas - Oswald de Andrade, editora. Gazeta e Marco Zero: II  Ch148;, pela Joslympio. Faz a sauda a Pablo Neruda em visita ao Brasil. Inicia a organiza da Ala Progressista Brasileira, programa de concilia nacional. Lanum manifesto ao &quot;Povo de SPaulo, Trabalhadores de SPaulo. Homens livres de SPaulo&quot;. Escreve o &quot;Canto do Pracinha sot;. Rompe com o Partido Comunista do Brasil e Luis Carlos Prestes, seu secreto geral. Publica na Gazeta de Limeira, conferia pronunciada em Piracicaba intitulada &quot;A li da inconfidia&quot;.</s>
    <s>Em 1946, publica O Escaravelho de Ouro (poesia). Assina contrato com o governo de SPaulo para a realiza da obra &quot;O que fizemos em 25 anos&quot;, espe de levantamento da vida nacional, em todos os setores da atividade tica e social litera e artica. Profere conferia sob o tlo &quot;Informe sobre o modernismo&quot;. Apresenta o escritor norte-americano Samuel Putnam, em visita ao Brasil, na Escola de Sociologia e Polca (SPaulo). Participa em Limeira (SP) do Congresso de Escritores.</s>
    <s>Candidata-se a delegado regional da Associa Brasileira de Escritores e perde a elei. Envia bilhete-aberto ao Presidente da Se Estadual, escritor Sio Buarque de Holanda, protestando e desligando-se da Associa, em 1947.</s>
    <s>Em 1948, pronuncia em Bauru a conferia &quot;O sentido do interior&quot;. Nasce seu filho Paulo Marcos.</s>
    <s>Publica na revista Anhembi o texto &quot;O modernismo&quot;, em 1949. Profere conferia no Centro de Debates Casper Lro: &quot;Civiliza e dinheiro&quot;, e no Museu de Arte de SPaulo, Novas dimensda poesia&quot;. Realiza excursa Iguape, com Albert Camus, para assistir tradicionais festas do Divino. encarregado de apresentar e saudar o escritor francde passagem por SPaulo para fazer conferias. Escreve a coluna &quot;3 linhas e 4 verdades&quot; na Folha de S.Paulo, at950. Profere nova conferia na Faculdade de Direito em homenagem a Rui Barbosa.</s>
    <s>Em 1950, escreve O antropo. homenageado com um banquete, no Autom Clube, pela passagem do 60 aniverso, saudado por Sio Milliet. Participa de concurso para provimento da Cadeira de Filosofia da Faculdade de Filosofia, Ciias e Letras da Universidade de SPaulo, ocasiem que defende a tese &quot;A crise da filosofia messica&quot;, sem to. Candidata-se a deputado federal pelo PRT, com o seguinte slogan: P Teto  Roupa  Sa150; Instru. Pronuncia as seguintes conferias: &quot;A arte moderna e a arte sovica&quot;, &quot;Velhos e novos livros atuais&quot;. Redige &quot;Um aspecto antropofco da cultura brasileira  o homem cordial&quot; para o 1 Congresso Brasileiro de Filosofia. Apresenta a versdefinitiva de O Santeiro do Mangue.</s>
    <s>Escreve, em 1952, Introdu ntropofagia. Profere discurso de sauda em homenagem a Josue Castro, representante da ONU, por iniciativa da Secretaria Municipal de Cultura de SPaulo. Escreve o artigo &quot;Dois emancipados: J Ribeiro e Inglde Souza&quot;.</s>
    <s>membro da ComissJulgadora do SalLetras e Artes Carmen Dolores, em 1953. Saudou o escritor Josins do Rego, pelo pro recebido em torno do romance Cangaceiros, patrocinado pelo Salde Letras e Artes Carmen Dolores Barbosa. Comea publicar a se A Marcha das Utopias no jornal O Estado de S.Paulo. Tenta em vvender sua cole de quadros.</s>
    <s>Em 1954, escreve o ensaio Do co e mais cogitas&quot; e &quot;O primitivo e a antropofagia. Envia comunica, por intermo de Di Cavalcanti, para o Encontro de Intelectuais, no Rio de Janeiro. Publica o primeiro volume das Mems  Um homem sem profiss148;, com capa de seu filho, Oswaldo Jr., pela Jos Olympio. Gra nterferia de Vicente Rao, foi indicado para ministrar um curso de cultura brasileira em Genebra. Retorna como s ssocia Brasileira de Escritores (A.B.D.E.).</s>
    <s>Falece em SPaulo, em 22 de outubro de 1954, na sua residia da rua Marqude Caravelas, 214. sepultado no jazigo da fama, no cemito da Consola, em S Paulo (SP).</s>
    <s>homenageado postumamente pelo Congresso Internacional de Escritores, em 1954. Em 1990, no centeno de seu nascimento, a Oficina Cultural TrRios passa a se chamar Oficina Cultural Oswald de Andrade; ano o filme Cem Oswaldinianos, de Adilson Ruiz.</s>
    <s>Ant Peticov autor de &quot;Momento Antropofco com Oswald de Andrade&quot;, um painel de azulejo, ladrilho, madeira, ae vinil com 3m x 16,5m instalado na esta Repa do Metrulista, tambem 1990.</s>
    <s>Revista O Pirralho  cras em portugumacarro sob o pseudo de Annibale Scipione (1912  1917)</s>
    <s>Pau-Brasil (1925)</s>
    <s>Primeiro caderno do aluno de poesia Oswald de Andrade (1927)</s>
    <s>Cico dos cicos para flauta e viol(1945)</s>
    <s>O escaravelho de ouro (1946)</s>
    <s>A trilogia do exo: I  Os condenados, II A estrela de absinto, III  A escada vermelha (1922-1934)</s>
    <s>Mems sentimentais de JoMiramar (1924)</s>
    <s>Serafim Ponte Grande (1933)</s>
    <s>Marco Zero: I - A revolu melanca, II  Ch(1943).</s>
    <s>Mems: Um homem sem profiss(1954)</s>
    <s>A recusa (1913)</s>
    <s>Thre Brlien  Mon coeur balance e Leur e (1916) (com Guilherme de Almeida)</s>
    <s>O homem e o cavalo (1934)</s>
    <s>A morta (1937);</s>
    <s>O rei da vela (1937).</s>
    <s>O rei floquinhos (1953)</s>
    <s>Manifesto da Poesia Pau-Brasil (1924)</s>
    <s>Manifesto Antropo (1928)</s>
    <s>Manifesto Ordem e Progresso (1931)</s>
    <s>Teses, artigos e conferias publicadas:</s>
    <s>O meu poeta futurista (1921)</s>
    <s>A Arca e a Inconfidia (1945)</s>
    <s>A sra na poesia brasileira (1945)</s>
    <s>Verse adaptas:</s>
    <s>Filme O homem do Pau-Brasil, de Joaquim Pedro de Andrade, baseado na vida de Oswald de Andrade (1980)</s>
    <s>Filme Oswaldinianas. Formado por cinco episs, dirigidos por Julio Bressane, Lucia Murat, Roberto Moreira, Ino Zatz, Ricardo Dias e Rogo Sganzerla (1992)</s>
    <s>Publicas pmas:</s>
    <s>A utopia antropofca  Globo</s>
    <s>Ponta de lan Globo</s>
    <s>O rei da vela  Globo</s>
    <s>Pau Brasil  Obras completas  Globo</s>
    <s>O santeiro do mangue e outros poemas  Globo</s>
    <s>Obras completas  Um homem sem profiss Mems e confisssob as ordens de mam Globo</s>
    <s>Telefonema  Globo</s>
    <s>Diciono de bolso  Globo</s>
    <s>O perfeito cozinheiro das almas desse mundo  Globo</s>
    <s>Os condenados  A trilogia do exo  Globo</s>
    <s>Primeiro caderno do aluno de poesia Oswald de Andrade  Globo</s>
    <s>Os dentes do drag Globo</s>
    <s>Mon coeur balance  Le e - Globo</s>
    <s>Dados obtidos no livro &quot;O Sale a Selva: uma biografia ilustrada de Oswald de Andrade&quot;, Editora da UNICAMP: Editora Ex Libris - Campinas (SP), 1995, de Maria Eugenia Boaventura; no so Itaucultural e em outros sobre o biografado.</s>
    <s>Ir para o menu do autor</s>
    <s>[Principal ] [Releituras ] [Biografias ] [Novos Escritores ]</s>
    <s>PROJETO RELEITURAS  Todos os direitos reservados.</s>
    <s>O PROJETO RELEITURAS  UM SIO SEM FINS LUCRATIVOS  tem como objetivo divulgar trabalhos</s>
    <s>de escritores nacionais e estrangeiros. Aguardamos dos amigos leitores crcas, comentos e sugest</s>
    <s>A todos, muito obrigado. Arnaldo Nogueira J. **@njo</s>
  </text>
</page>
