<?xml version="1.0" encoding="UTF-8"?>
<!DOCTYPE page SYSTEM "page.dtd">
<page>
  <lang>pt</lang>
  <url>http://www.spintelligent-events.com/mlam2010/por/meet-the-2010-committee.php%3Fid%3Dspeakers</url>
  <title>Comitê da Conferência 2010</title>
  <snippet>
    <s>Carregue a brochura &middot; Carregue a programa Programa da conferência &middot; Conheça os patrocinadores de 2010 &middot; Conheça os Comitê da Conferência 2010 </s>
  </snippet>
  <text>
    <s>Links rdos</s>
    <s>Sobre o evento</s>
    <s>Download da brochura</s>
    <s>**Visite el sitio en espa/strong&gt;</s>
    <s>Carregue a brochura</s>
    <s>Carregue a programa</s>
    <s>Smart Grids Latin America</s>
    <s>Water Meter Summit</s>
    <s>Sobre o evento</s>
    <s>Programa da conferia</s>
    <s>Conheos patrocinadores de 2010</s>
    <s>Conheos parceiros de 2010</s>
    <s>Local do evento e informas de viagem</s>
    <s>Contate os organizadores</s>
    <s>Pedido de informas</s>
    <s>Por que expor/patrocinar?</s>
    <s>Conheos patrocinadores de 2010</s>
    <s>Conheos expositores de 2010</s>
    <s>Planta da exposi</s>
    <s>Conheos parceiros de 2010</s>
    <s>Download do prospecto</s>
    <s>Reserva de hotel</s>
    <s>Palestrantes de 2010</s>
    <s>Comita Conferia 2010</s>
    <s>Pros de Excelia</s>
    <s>Sala de Imprensa</s>
    <s>Parceiros de ma</s>
    <s>Sala de Imprensa</s>
    <s>Contate os organizadores</s>
    <s>Comite da Conferencia 2010</s>
    <s>Water Meter Summit</s>
    <s>Adalberto Cavalcanti, Diretor Comercial, SAPPEL</s>
    <s>Mario Baggio, Socio Gerente, HOPERAÇOES</s>
    <s>Elton Mello, Gerente Tecnico do Laboratorio de Medidores de Água, DMAE</s>
    <s>Justino Brunelli, Gestor de Faturamento, Águas Guariroba</s>
    <s>Antonio Carlos Coimbra Cardoso, Assuntos Estrategicos, MOBIX</s>
    <s>Gilmar Altamirano, Presidente, UNIAGUA</s>
    <s>Metering, Billing/CRM Latin America</s>
    <s>Ricardo Van Erven, Diretor de Tecnologia, AES Eletropaulo</s>
    <s>Fabio Toledo, Assessor do Vice-Presidente de Operaçoes e Clientes, Light</s>
    <s>Luiz Arruda, Assistente do Diretor Presidente das Empresas de Distribuiçao, Eletrobras</s>
    <s>Carlos Mattar, Assessor - SRD, ANEEL</s>
    <s>Jorge Venancio, Asset Standards, COMGAS</s>
    <s>Andre Vianna, Executivo de Inteligencia e Projetos, CEMAR</s>
    <s>Joao Duro Aldavez, Gerente Divisao de Perdas Comerciais, RGE</s>
    <s>Marcos Rizzo, Vice Presidente de Desenvolvimento de Negocios, Elo Sistemas Eletronicos</s>
    <s>Monica Juca, Área de Clientes Institucionais, COELCE</s>
    <s>Renzo Sudario, Diretor Geral, FAE</s>
    <s>Marcelo Assef, Diretor Comercial Nansen</s>
    <s>Everton Peter, Diretor Comercial, Elster</s>
    <s>Pedro Rosenfeld , Chefe de Coordenaçao e Engenharia, Edenor, Argentina</s>
    <s>Sergio Agoff,,Consultor,Edenor, Argentina</s>
    <s>Ricardo Caratti, Gerencia Regional ,ENARGAS, Argentina</s>
    <s>Oscar Armijos, Gerente Genal, Electrica de Guayaquil, Equador</s>
    <s>Smart Grids Latin America</s>
    <s>Jose Gonçalves Vieira, Diretor Tecnico e Comercial, CELG Telecom e Soluçoes</s>
    <s>Luis Fernando Rust, especialista Senior em Metrologia e Qualidade, INMETRO</s>
    <s>Hugo Lamin, Especialista em Regulaçao dos Serviços Publicos de Energia - SRD, ANEEL</s>
    <s>Mauricio Guaiana, Vice Presidente, PowerGrid Communications</s>
    <s>Mariano Bergman, Gerente de Marketing, ITRON</s>
    <s>Geraldo Guimaraes, CEO Brasil, Silverpring Networks</s>
    <s>(C) Spintelligent 2005. All rights reserved. Republication or redistribution of content of this website, including framing or similar means is expressly prohibited without the prior written consent of Spintelligent. Terms of Use | Privacy Policy | Site map</s>
  </text>
</page>
