<?xml version="1.0" encoding="UTF-8"?>
<!DOCTYPE page SYSTEM "page.dtd">
<page>
  <lang>pt</lang>
  <url>http://conferencia.juventude.gov.br/noticias-outras/08-09-2011-conferencias-municipais-mobilizam-todo-o-pais</url>
  <title>08.09.2011 - Conferências Municipais mobilizam todo o país ...</title>
  <snippet>
    <s>8 set. 2011 Centenas de cidades realizam as Conferências Municipais, preparando-se 08.09.2011 - Conferências Municipais mobilizam todo o país </s>
  </snippet>
  <text>
    <s>Skip to content. | Skip to navigation</s>
    <s>Portal da II Conferência Nacional da Juventude</s>
    <s>Search Site</s>
    <s>Advanced Search…</s>
    <s>You are here: Home -&gt; Notícia -&gt; 08.09.2011 - Conferências Municipais mobilizam todo o país</s>
    <s>2ª Conferência Nacional de Juventude</s>
    <s>Comissão Organizadora</s>
    <s>Material de divulgação</s>
    <s>Calendário das etapas</s>
    <s>Delegados de conselhos</s>
    <s>Galeria de fotos</s>
    <s>Fale conosco</s>
    <s>08.09.2011 - Conferências Municipais mobilizam todo o país</s>
    <s>Document Actions</s>
    <s>08.09.2011 - Conferências Municipais mobilizam todo o país</s>
    <s>Centenas de cidades realizam as Conferências Municipais, preparando-se para as próximas etapas da Conferência Nacional de Juventude. Nesta edição, registramos alguns desses eventos, que contaram com expressiva participação das juventudes locais. Se quiser registrar o evento da sua cidade, envie as informações para o email conferencia.juventude@presidencia.gov.br.</s>
    <s>Teresina (PI)</s>
    <s>Conferência Municipal de Juventude integrou as comemorações dos 159 anos da capital</s>
    <s>A segunda Conferência Municipal de Juventude de Teresina (PI) aconteceu duranteo aniversário de 159 anos da cidade, celebrado no dia 16 de agosto. Em meio às comemorações, o evento reuniu cerca de 500 jovens de 150 entidades, entre grêmios estudantis, igrejas e outras organizações da sociedade civil organizada, além de representantes de projetos que são desenvolvidos pela Prefeitura da capital, e que participaram do evento na condição de observadores. Todos os participantes foram mapeados pela Secretaria e pelo Conselho Municipal da Juventude, sendo previamente distribuídos nas categorias delegados, convidados e observadores.</s>
    <s>Por meio dos grupos de trabalho, os participantes debateram diversos temas, como geração de renda, cultura, lazer, meio ambiente e segurança, cujas propostas servirão de subsídios para as políticas públicas de juventude do município. Na abertura do evento foi lançado o livro &quot;As políticas Públicas de Juventude na Agenda Pública Brasileira: Desafios e Perspectivas&quot;, de autoria de Josbertini Clementino, que é mestre em Políticas Públicas de Juventude, conselheiro nacional de juventude e integra a Universidade da Juventude.</s>
    <s>Um dos pontos altos da Conferência foi a análise de um mapa das políticas de juventude do município, elaborado previamente pela Prefeitura e levado à discussão dos cinco grupos de trabalho. A partir desse mapeamento, os participantes tiveram acesso a informações detalhadas das políticas juvenis, com todas as suas ações, públicos-alvos, orçamentos, resultados e outros detalhes que lhes permitiram analisar e apontar os pontos negativos e positivos de cada iniciativa. Ao final, cada grupo sugeriu três novos programas de juventude, em um total de 15 (quinze), que deverão ser incorporados à Política Municipal de Juventude.</s>
    <s>Outro destaque foi o processo eletivo dos delegados que vão representar o município na Conferência Estadual de Políticas Públicas de Juventude, agendada para os dias 27, 28 e 29 de outubro, na capital. Após a Conferência Estadual de PPJs, um novo pleito será realizado para escolha dos delegados que representarão o Piauí na Conferência Nacional, que será realizada em Brasília, no período de 9 a 12 de dezembro.</s>
    <s>O prefeito de Teresina, Elmano Férrer, e a secretária municipal de Juventude, Erinalda Feitosa, ressaltaram a importância da Conferência para elaboração de um plano operacional, que vai contemplar as ações voltadas para esse público, o que será feito com a contribuição direta dos jovens teresinenses. O evento, que contou com a participação da assessora da Secretaria Nacional de Juventude, Luciana Soares, teve várias atividades culturais, a exemplo do Festival de Arte e Cultura da Juventude, que trouxe atrações de dança, teatro, hip hop e música.</s>
    <s>Vitória (ES)</s>
    <s>Primeira capital do Sudeste a realizar sua Conferência Municipal de Juventude</s>
    <s>Vitória (ES) foi a primeira capital da Região Sudeste a realizar sua Conferência Municipal de Juventude. Na verdade, esta foi a segunda Conferência da cidade, que também esteve presente no processo preparatório da 1ª Conferência Nacional de Juventude, realizada em 2008. O evento aconteceu nos dias 26 e 27 de agosto, com a participação de 300 jovens que participam de entidades e movimentos que trabalham com a agenda juvenil. Com o tema &quot;Juventude, Desenvolvimento e Efetivação de Direitos&quot;, a Conferência teve por objetivo contribuir para a construção e fortalecimento das políticas nacionais de juventude. A mesa de abertura contou com a presença da ministra Iriny Lopes, da Secretaria de Políticas para as Mulheres; da secretária-adjunta e coordenadora-geral da 2ª Conferência, Angela Guimarães; do prefeito e vice-prefeito da cidade, João Carlos Coser e Tião Barbosa, além de vereadores, entidades e fóruns juvenis.</s>
    <s>Durante todo o mês de agosto, jovens de diferentes bairros da capital se reuniram nas Pré-Conferências municipais. Foram realizadas oito etapas em diferentes regiões da cidade. Em cada etapa foram eleitos os delegados que participaram da 2ª Conferência Municipal. Além disso, as Pré-Conferências debateram os desafios e propostas para as políticas juvenis nas mais diversas áreas, como cultura, esporte, participação, saúde, educação, trabalho, meio ambiente, segurança e lazer.</s>
    <s>De acordo com Max Dias, que integra a Comissão Organizadora e é coordenador do Centro de Referência da Juventude, as Pré-Conferências atenderam às expectativa dos organizadores. . &quot;Esses encontros deram espaço para levantar questões importantes em cada região de Vitória, a partir de suas peculiaridades, possibilitando um debate mais amplo na Conferência Municipal&quot;, destacou.</s>
    <s>Curitiba (PR)</s>
    <s>A 2ª Conferência Municipal de Juventude de Curitiba (PR) foi realizada nos dias 27 e 28 de agosto, com a presença de 450 pessoas, entre jovens e profissionais que atuam com a agenda juvenil. O evento, teve como principal objetivo o debate em torno da construção de políticas públicas de juventude e a formulação do Plano Nacional de Juventude. Logo no início do encontro os participantes foram informados que o prefeito da capital, Luciano Ducci, enviou à Assembléia Legislativa uma proposta de lei que institui o Conselho Municipal de Juventude. Esta era uma antiga reivindicação dos movimentos e organizações ligadas à juventude no estado.</s>
    <s>Desde 2004, outras propostas de criação do Conselho passaram pela Câmara de Vereadores, mas até o momento nenhuma delas se concretizou. Para que desta vez a proposta não caia no esquecimento, os jovens presentes à Conferência decidiram criar, no próprio evento, uma Comissão Mista, integrada por membros da sociedade civil e do poder público, que terá a função de reivindicar urgência na votação do projeto de lei e fiscalizar sua implementação.</s>
    <s>&quot;O Conselho Municipal será um órgão colegiado de caráter consultivo, deliberativo, controlador e fiscalizador. Formado por representantes governamentais e da sociedade civil, irá contribuir na construção de políticas públicas para a juventude e fortalecer o controle social dos projetos e serviços promovidos para este segmento em Curitiba&quot;, disse o superintendente da Secretaria Municipal do Esporte, Lazer e Juventude, Leandro Meller. Além do Conselho, também será criado o Fundo Municipal da Juventude, que irá financiar ações e projetos que visam a defesa e garantia de direitos da juventude.</s>
    <s>&quot;A criação do Conselho e do Fundo Municipal foram excelente notícias que, junto com os trabalhos que serão desenvolvidos durante a Conferência, irão beneficiar muito o desenvolvimento das políticas públicas destinadas aos jovens&quot;, disse Isabelle Ferreira, de 26 anos, delegada representante da sociedade civil na Conferência.</s>
    <s>Grupos de Debate - Ao todo, quinze jovens foram eleitos para representar Curitiba na Conferência Estadual de Juventude, que acontece em outubro, na cidade de Maringá. Durante a Conferência, os delegados eleitos nos encontros preparatórios da Conferência, realizados ao longo do mês de agosto, se dividiram em cinco grupos para trabalhar os eixos: Direito ao Desenvolvimento Integral; Direito ao Território; Direito à Experimentação e a Qualidade de Vida; Direito à Diversidade e a Vida Segura e Direito à Participação.</s>
    <s>Entre as principais propostas do debate destacam-se: garantir maior efetividade, execução e controle na Política Nacional da Juventude; apresentação de subsídios para a construção do Sistema Nacional de Juventude; propor e fortalecer mecanismos de articulação e cooperação institucional entre a sociedade civil e poderes públicos; incentivar a participação da sociedade civil, em especial da juventude, na elaboração e planejamento de políticas públicas municipais.</s>
    <s>Novo Hamburgo (RS)</s>
    <s>A cidade de Novo Hamburgo, que está entre os cem maiores municípios do país, realizou, no dia 23 de agosto, a sua terceira Conferência Municipal de Juventude. O evento reuniu cerca de 400 jovens, alunos do 1º e 2º graus da Escola Estadual Senador Alberto Pasqualini, do Colégio Estadual Engenheiro Ignácio Christiano Plangg, do Colégio Estadual Vila Becker, da Fundação Escola Técnica Liberato Salzano Vieira da Cunha, do SENAC e do projeto Protejo.</s>
    <s>Para o aluno do Protejo, Anderson Claiton dos Santos, de 26 anos, a Prefeitura de Novo Hamburgo entendeu a premissa de que a juventude é fundamental para o desenvolvimento do país. &quot;Com a realização dessa Conferência, nós, jovens, podemos colocar em prática a nossa cidadania e a própria democracia&quot;. Já a estudante da Escola Maurício Sirotsky Sobrinho, Daniely dos Santos, de 17 anos, destacou que o encontro foi uma oportunidade dos jovens levarem suas demandas à Administração. &quot;O prefeito Tarcísio vindo até o evento, aqui, se mostrou disposto a nos escutar e solucionar os problemas queenfrentamos diariamente&quot;, declarou.</s>
    <s>Durante a Conferência o prefeito Tarcísio Zimmermann ressaltou a importância do debate em torno dos assuntos ligados à juventude e a oportunidade dos jovens proporem novas iniciativas. &quot;A conferência, além de ser um momento para confraternizar a união da juventude, é onde a voz do jovem hamburguense pode ser ouvida&quot;, ressaltou. A vice-presidente da Regional Sul da União Nacional dos Estudantes (UNE), Ana Lúcia Velho, destacou e parabenizou o incentivo da Prefeitura de Novo Hamburgo em organizar e conceder um espaço para os jovens se manifestarem.</s>
    <s>A Conferência Municipal permitiu reunir as demandas discutidas ao longo do mês de agosto nas chamadas Conferências Livres, que aconteceram em diversas instituições. A partir desses temas, os estudantes apresentaram e elegeram seus desejos que serão encaminhados para a Conferência Estadual de Juventude (CEJ), que srá realizada entre os dias 14 a 16 de outubro, em Porto Alegre. O evento em Novo Hamburgo também promoveu a integração dos estudantes por meio de apresentações culturais, como a do grupo de hip-hop Crew Beat Black Extreme, do DJ Madruga e da Bateria Nota 10, entre outras.</s>
    <s>Recife (PE)</s>
    <s>Debates foram o ponto alto da segunda Conferência Municipal de Juventude do Recife (PE)</s>
    <s>A 2ª Conferência Municipal de Juventude do Recife (PE) foi realizada nos dias 18, 19 e 20 de agosto, com a participação de mais de 700 jovens que, durante três dias, debateram diversos temas relacionados à agenda juvenil. Ao longo do encontro foram aprovadas as propostas da juventude local e eleitos os delegados que vão representar a capital na Conferência Estadual. O principal objetivo do evento foi contribuir para a construção das políticas municipais, estaduais e nacionais voltadas para a juventude.</s>
    <s>No último dia da Conferência, os participantes se reuniram na plenária final para apresentar e aprovar as propostas que passaram a integrar a Carta do Recife, que será levada à etapa estadual. Também foram eleitos os 20 delegados que irão ao encontro defender as propostas selecionadas. &quot;Foi a primeira vez que participei e achei muito legal, pois os jovens puderam se posicionar e trocar ideias. Foi um verdadeiro exercício de democracia&quot;, disse Prislaine Bezerra, 17 anos, uma das delegadas eleitas para representar a capital na próxima etapa.</s>
    <s>Para o secretário de juventude do Recife, Eduardo Granja, a Conferência Municipal cumpriu bem a sua tarefa. &quot;O processo que foi construído no Recife marca fundamentalmente a Conferência Nacional de Juventude. Conseguimos construir um evento amplo, transparente e democrático, que contemplou as ideias de várias entidades e movimentos juvenis que se organizam hoje na cidade e trouxemos de volta alguns deles, que estavam afastados&quot;, afirmou. O evento foi importante, também, pela eleição dos membros do Conselho Municipal de Juventude.</s>
    <s>Além das discussões e eleições, a Conferência contou com várias atividades culturais, a exemplo da apresentação de um grupo de maracatu, que deu as boas vindas aos participantes, e uma mostra livre da produção cultural das juventudes da capital. Na ocasião, a secretária estadual da Criança e Juventude, Raquel Lyra, destacou a importância de tratar as questões relativas à juventude, que darão sustentação ao desenvolvimento do país. &quot;O Brasil cresce de forma sustentável, porém, quem mais sofre com o desemprego e a violência são os jovens. Estamos discutindo não só a nossa cidade, mas também o nosso País. Temos uma grande oportunidade de construir um Brasil melhor&quot;, disse a Secretária.</s>
    <s>A Conferência contou ainda com a presença do presidente do Conselho Nacional de Juventude, Gabriel Medina, que destacou o amplo processo de participação e mobilização do evento, e da secretária-adjunta e coordenadora-geral da 2ª Conferência Nacional de Juventude, Ângela Guimarães, que considerou a Conferência do Recife como um excelente exemplo de metodologia, com um grande envolvimento do público juvenil.</s>
    <s>Olinda (PE)</s>
    <s>Olinda (PE) realizou sua 3ª Conferência Municipal de Juventude</s>
    <s>Por meio de um debate democrático, representantes da sociedade civil organizada, da Prefeitura e da Câmara dos Vereadores desenvolveram planos para a política juvenil no município de Olinda (PE), que se destaca como uma cidade-pólo no processo preparatório da 2ª Conferência Nacional de Juventude. &quot;Olinda saiu na frente até do governo federal, pois começou esse processo das Conferências de Juventude em 2006, e já está realizando sua 3ª Conferência. Não dá para pensar em desenvolvimento das cidades, estados e do país sem considerar o potencial de 50 milhões de jovens, que representa cerca de 30% de população em cada estado&quot;. Com essa citação, a coordenadora da Conferência Nacional de Juventude, Ângela Guimarães, deu início ao encontro, que foi realizado no dia 19 de agosto, com a presença de mais de 150 jovens.</s>
    <s>Por meio de uma discussão voltada para a construção de políticas públicas mais eficientes, todos os representantes da sociedade civil organizada, da Secretaria de Esportes, Lazer e Juventude e da Câmara dos Vereadores puderam expor, de forma bastante democrática, os pontos mais importantes que irão fortalecer a base da política juvenil em Olinda.</s>
    <s>O debate foi composto por cinco eixos fundamentais: Direito ao Desenvolvimento Integral, Direito ao Território, Direito à Experimentação e Qualidade de Vida, Direito à Diversidade e à Vida Segura, e Direito à Participação. Assuntos como educação, trabalho, meio ambiente, lazer e segurança também fizeram parte das discussões. Ao final as propostas foram encaminhadas e avaliadas pela Comissão Organizadora na Plenária Final. O próximo passo será apresentá-las na Conferência Estadual, que será realizada nos dias 30 e 31 de outbro e 1º de novembro, no Centro de Convenções de Pernambuco.</s>
    <s>Site Map</s>
  </text>
</page>
