<?xml version="1.0" encoding="UTF-8"?>
<!DOCTYPE page SYSTEM "page.dtd">
<page>
  <lang>pt</lang>
  <url>http://www.desenvolverh.com/nav/patrocinio.asp</url>
  <title>Patrocínio e Apoio</title>
  <snippet>
    <s>9 jun. 2011 Organizadores &middot; Patrocínio e Apoio Entre seus valores estão o respeito pelas pessoas, a integridade, a gestão da diversidade, os serviços à </s>
  </snippet>
  <text>
    <s>Visao Geral</s>
    <s>Por que do evento?</s>
    <s>Patrocinio e Apoio</s>
    <s>Download Programaçao</s>
    <s>Villa Noah</s>
    <s>Valores e Descontos</s>
    <s>Inscreva-se online</s>
    <s>Central de Atendimento</s>
    <s>+55 11 4193-2097 / 4193-2569</s>
    <s>DesenvolveRH - 2ª ediçao do principal encontro de executivos sobre Desenvolvimento Estrategico de Pessoas</s>
    <s>07, 08 e 09 de junho de 2011 - Villa Noah - Sao Paulo - SP</s>
    <s>Patrocinio Ouro:</s>
    <s>O Hay Group ma consultoria global em gestque ajuda organizas a alinharem seus modelos operacionais, estruturas, culturas, equipes de liderane capacidades, para transformar suas estratas em resultados. Com insights baseados em dados especializados, aliados ossa experiia e expertise mundial, ajudamos nossos clientes a tomar as melhores decis Tra novas estruturas penas o ino. Implantar mudan mais difl. Trabalhamos no desenvolvimento de solus personalizadas, atendendo diferentes demandas organizacionais, envolvendo efica organizacional, gestde desempenho, desenvolvimento de lideran, gestde talentos, capability assessment, pesquisas de opinide funcionos e clientes, estratas de remunera, remunera executiva, avalia de cargos e informas sobre remunera. Trabalhamos com mais de 7000 organizas globais, regionais e nacionais. Contamos com 2000 funcionos, distribus em 89 escrits, em 47 pas.</s>
    <s>A Spemsa oferece solus para Gestdo Capital Intelectual envolvendo Recrutamento e Sele, Gestpor Competia, Avalia de Desempenho, Gestde Treinamento e E-learning, Plano de Carreira, Plano de Sucesse Universidades Corporativas. A empresa fornece metodologia, tecnologia e processos de excelia, com forte atua no mercado mundial, com mais de 600 clientes e 50 milhde usuos.</s>
    <s>A Associa Brasileira de Recursos Humanos Seccional de SPaulo ma organiza da sociedade civil, integrante do Sistema Nacional ABRH e sem fins lucrativos. Fundada em 15 de marde 1965, assumiu como missdisseminar o conhecimento no mundo do trabalho para desenvolver pessoas e organizas, influenciando na melhoria da condi social, polca e econa do pa Entre seus valores esto respeito pelas pessoas, a integridade, a gestda diversidade, os servi omunidade de recursos humanos e principalmente a ca e transparia. Tem como objetivo estimular a participa de nosso po-alvo, integrando o segmento de gestde pessoas, valorizando a sua posi na empresa e no mercado de trabalho, tornando-se cada vez mais, influente e respeitada no Estado de SPaulo, e uma referia no Brasil. www.abrhsp.org.br</s>
    <s>A BESF ma empresa de assessoria educacional, desenvolvimento e distribui de conteara educa a distia que opera em mais de 42 IES, 36 Escolas e 19 Empresas. A BESF serve as universidades, centros universitos, faculdades, escolas e empresas com servi de credenciamento, autorizas, cursos on line e via satte. Com sede na cidade do Rio de Janeiro e escrits regionais em Brasa e Minas Gerais se posiciona como uma empresa comprometida com as comunidades a que serve. www.besf.com.br</s>
    <s>O Grupo DMRH ma consultoria em Recursos Humanos que apempresas e profissionais na gestde seus talentos, desde o ino da sua carreira atosis executivas, por meio de suas divisde negs: Cia de Talentos e DM. Fundado em janeiro de 1988, atua em todo Brasil e Amca Latina. Equipe com 102 profissionais. Sites com mais de 25.000 acessos/dia e Twitters com mais de 6,3 mil seguidores. Banco de dados com mais de 1,3 milhcurrlos cadastrados. 4 Pros de GestEmpresarial - GestRH. Realiza estudos de mercado e acompanha as tendias globais em Gestde Pessoas. Opera com trparcerias internacionais: Consulting tools, EMA Partners International e Lore International Institute.</s>
    <s>O Laborat de Negs SSJ ma consultoria dedicada esquisa, constru de conte solus de aprendizagem que desenvolve cursos e projetos in-company, com o objetivo de potencializar o verdadeiro diferencial competitivo das empresas: as pessoas. Aplicamos a inova e nossa sa experiia para impulsionar o conhecimento. Nosso principal objetivo azer com que os programas de desenvolvimento reflitam as estratas da organiza e produzam resultados concretos. A metodologia que utilizamos em todos os programas segue os princos da Andragogia moderna: ciia que estuda as melhores prcas para orientar adultos a aprender, proporcionando um aprendizado efetivo e permanente.</s>
    <s>Fx Editora - empresa lr na produ e comercializa de produtos editoriais impressos e eletros, voltados para o mercado de Recursos Humanos.</s>
    <s>A VAGAS Tecnologia r no segmento de tecnologia para e-recruitment no Brasil. Sua solu VAGAS e-partner tilizada por profissionais de RH para gerenciar, de maneira mais simples e eficiente, os processos de recrutamento e sele de mais de mil empresas dos mais variados segmentos e portes. A VAGAS tambesponsl pelo site de carreira VAGAS.com.br - um dos maiores e mais conceituados bancos de talentos da Internet no Brasil, com mais de 3,3 milhde currlos cadastrados. O sistema VAGAS administra mais de 38 milhde currlos, entre os bancos exclusivos de clientes VAGAS e-partner e o site VAGAS.com.br. O site recebe 5,6 milhde visitantes s por m e o volume de 88 milhde page views o coloca entre os 100 maiores sites do Brasil e seis mil do mundo.</s>
    <s>Fundada em 17 de maio de 2004, a AEC Brasil, tem como objetivo promover a integra entre pessoas fcas e jurcas interessadas no fomento da Educa Corporativa, tornando-a um dos pilares do desenvolvimento dos trabalhadores, empresas e sociedade. A AEC Brasil oferece uma se de atividades para auxiliar as empresas no fortalecimento do conceito de educa corporativa, facilitando a mobiliza para a prca de polcas e as que atendam aos critos de excelia nesta a. Mais informas: www.aecbrasil.com.br Fone: 2359-5318</s>
    <s>A Affero oferece solus que integram Tecnologias, Contee Consultoria para Educa Corporativa. A empresa disponibiliza ao mercado plataformas colaborativas de aprendizado que combinam uma intuitiva ferramenta de autoria com um poderoso gerenciador de conte plataformas para gestde comunidades e redes sociais para promover o aprendizado de maneira colaborativa nas organizas e tecnologias para mobile learning.</s>
    <s>PATROCINADOR OURO</s>
    <s>PATROCINE ESSA INICIATIVA:</s>
    <s>ENVIE UM E-MAIL PARA:</s>
    <s>PESQUISA &amp; DESENVOLVIMENTO</s>
    <s>Copyright (C) 2008-2011. Latin Next Group. Todos os direitos reservados.</s>
    <s>Produzido por</s>
  </text>
</page>
