<?xml version="1.0" encoding="UTF-8"?>
<!DOCTYPE page SYSTEM "page.dtd">
<page>
  <lang>pt</lang>
  <url>http://www.estrategiasdeelearning.com/</url>
  <title>IQPC Estratégias em EAD – e-Learning</title>
  <snippet>
    <s>11 ago. 2011 Inscreva-se agora mesmo &middot; Patrocínio e Exposição. Detalhes da Conferência. Vantagens em Participar &middot; Workshops &middot; Conferência-Dia 1 </s>
  </snippet>
  <text>
    <s>IQPC Home</s>
    <s> Recursos Humanos</s>
    <s>&lt;!-- uploaded by strad --&gt;divReplace(&quot;ContentBlock1&quot;,&quot;eventText&quot;);</s>
  </text>
</page>
