<?xml version="1.0" encoding="UTF-8"?>
<!DOCTYPE page SYSTEM "page.dtd">
<page>
  <lang>pt</lang>
  <url>http://www.firebirddevelopersday.com.br/fdd/2011/palestras.html</url>
  <title>Palestras</title>
  <snippet>
    <s>Resumo: Uma instalação completa do Firebird traz consigo diversos utilitários de linha de . em Piracicaba-SP, palestrou na Conferência Internacional de Firebird em Praga - Rep. participante ativo na comunidade Delphi, atuando como </s>
  </snippet>
  <text>
    <s>Visando aumentar o numero de assuntos abordados e oferecer conteudo variado, o evento mais uma vez contara com palestras em paralelo (simultaneas), ocorrendo em salas diferentes. Voce e livre para decidir na hora qual palestra ira assistir. Os slides de todas as palestras serao disponibilizados depois do evento, para todos os participantes.</s>
    <s>Clique aqui para visualizar a grade com os horarios das palestras</s>
    <s>O credenciamento começara as 07h15, com a primeira palestra começando as 09h, sendo o termino do evento programado para as 19h15.</s>
    <s>!Cantu!Palestra em portuguêsCarlos Henrique Cantu</s>
    <s>FireBase/WarmBoot Informatica - atua no mercado de desenvolvimento de software ha 20 anos, e mantenedor do site www.firebase.com.br e www.firebirdnews.org, consultor de banco de dados Firebird, autor do livro Firebird Essencial e Firebird 2 e colunista da revista ActiveDelphi. No total, ja palestrou para milhares de pessoas, na Conferencia Internacional de Firebird em 2005, 2006, 2007 e 2008, em todas as ediçoes do Firebird Developers Day (FDD) e Delphi Developers Day (DDD), no SQL Connect 2007, alem de diversos eventos ligados a informatica e programaçao.</s>
    <s>Blog: blog.firebase.com.br</s>
    <s>Twitter: @chcantu</s>
    <s>Tema: Explorando os utilitarios de linha de comando</s>
    <s>Resumo: Uma instalaçao completa do Firebird traz consigo diversos utilitarios de linha de comando, muitas vezes ignorados ou mal compreendidos pelos usuarios.</s>
    <s>Enganam-se aqueles que pensam que o gfix so serve para verificar ou reparar um banco de dados problematico, ou que a unica utilidade do gbak e a de fazer backups. Outros utilitarios sao ate mais ignorados ou desconhecidos, como o instsvc, instclient, fbsvcmgr, etc.</s>
    <s>Essa palestra apresentara os principais utilitarios nativos do Firebird, mostrara o que podemos fazer com eles, como devem ser usados/executados, bem como a teoria associada aos efeitos causados pelo uso de algumas das opçoes.</s>
    <s>Nivel: Todos os niveis</s>
    <s>!Eduardo!Palestra em portuguêsEduardo Jedliczka</s>
    <s>Mestre em Ciencias da Computaçao pela UNIMEP. Atualmente e servidor publico da UTFPR (antigo CEFET-PR). Atua como consultor/DBA em Firebird desde 2006. Ja palestrou em diversas ediçoes do FDD, participando ativamente da lista de discussao da FireBase ha muitos anos.</s>
    <s>Tema: Comportamento das arquiteturas do Firebird em diferentes ambientes</s>
    <s>Resumo: Existem muitos mitos que sempre ouvimos falar, mas que pouca gente parou realmente para comprovar (ou nao), referente ao uso do SuperServer em maquinas SMP, ou das diferenças de performance entre as arquiteturas do Firebird, em diferentes sistemas operacionais e computadores (single core x multi core).</s>
    <s>O objetivo desta palestra e desmitificar esse tema, comparando diretamente as tres arquiteturas do Firebird 2.5, o FB 2.1 SuperServer, e o FB 3.0 SuperClassic &quot;alfa&quot;, em diferentes ambientes (six-core com 16GB de ram 2008 server R2 trial / linux ubuntu server, intel I5 com 4gb de ram dual-boot windows/linux, notebook dual-core com windows 7 64 bits e 4gb de ram).</s>
    <s>Nivel: Intermediario - Avançado</s>
    <s>!Benson!Palestra em portuguêsAlexandre Benson Smith</s>
    <s>Trabalha com desenvolvimento de sistemas desde 1989, sendo que desde 1993 na THOR Software e Comercial Ltda, desenvolvendo software especifico (taylor-made) e sistemas integrados de gestao empresarial. Ao longo destes anos, esteve envolvido em diversos projetos tais como software multimidia (quiosques, auto-treinamento, catalogos eletronicos, etc), projetos para diversas prefeituras e diversos sistemas voltados para engenharia. Trabalha com Interbase/Firebird desde 1999 e participa de diversas listas de discussao e suporte de Firebird.</s>
    <s>Tema: Resolvendo problemas de performance na pratica</s>
    <s>Resumo: O intuito da palestra e mostrar os casos mais comuns de problemas com a performance do banco de dados, mostrar de forma pratica que pequenas mudanças podem afetar drasticamente a performance do servidor, dicas sobre sweep/garbage collection, manutençao de indices, verificaçao de planos de execuçao, melhores praticas na aplicaçao cliente e ate pequenos detalhes na modelagem de dados serao apresentados. Com base no conteudo, podera montar um check list simples para avaliaçao dos seus bancos de dados e aplicaçoes. Iniciaremos com um banco de dados problematico e evoluiremos para um banco de dados melhor otimizado, comparando os resultados finais.</s>
    <s>Nivel: Todos os niveis</s>
    <s>Tema: Firebird no dia a dia</s>
    <s>Resumo: Dicas para ter melhor performance nas queries, como funcionam as leituras indexadas (bitmap), analise das estatisticas do banco (gstat), garbage collection e o impacto no uso, formas diferentes de escrever o mesmo tipo de query e as diferenças nos planos de otimizaçao. Nota: Essa palestra foi apresentada originalmente no 4º FDD, tendo otima avaliaçao, e para essa reapresentaçao, ganhara alguns novos slides e informaçoes. Optamos por repeti-la visto a alta demanda para o assunto apresentado.</s>
    <s>Nivel: Todos os niveis</s>
    <s>!Mauricio!Palestra em portuguêsPaulo Quicoli</s>
    <s>Formado pela FATEC, atua ha mais de 10 anos como analista desenvolvedor em aplicativos Client/Server desenvolvimentos em Delphi e .NET, utilizando tecnologias como WPF, WCF, Silverlight e NHibernate. Coordenador do nucleo .NET da Control-M Informatica em Jaboticabal/SP, editor tecnico das revistas Clube Delphi, .Net Magazine, editor .NET da revista Web Mobile Magazine, do grupo DevMedia e um dos responsaveis pelo site NHibernate Brasil, que oferece consultoria e suporte em NHibernate.</s>
    <s>Blog: quicoli.wordpress.com</s>
    <s>Twitter: @pauloquicoli</s>
    <s>Tema: Orientaçao a Objetos e Persistencia na pratica</s>
    <s>Resumo: A orientaçao a objetos e cada vez mais parte do cotidiano do profissional de desenvolvimento. Em um momento inicial, o conceito de persistencia de dados na forma de objetos pode gerar inumeras duvidas. Nessa palestra, vamos conhecer as principais diferenças entre o mundo orientado a objetos e o mundo relacional, entender o problema de granularidade de objetos, formas de implementar no banco de dados uma herança existente nas classes de negocio, identidade unica de objeto vs. primary keys, utilizaçao de Stored Procedures para consulta de objetos, independencia de banco de dados e como um framework ORM pode minimizar dificuldades/diferenças desses dois mundos. Exemplos praticos com Firebird serao utilizados, e um case de sucesso de um ERP sera apresentado.</s>
    <s>Nivel: Intermediario - Avançado</s>
    <s>!DK!Palestra com tradução para o portuguêsAlexey Kovyazin (Russia)</s>
    <s>Diretor executivo da IBSurgeon. Alexey e um veterano das tecnologias da informaçao: sua experiencia inclui ter trabalhado na Borland/CodeGear/Embarcadero e na Microsoft, alem de ser especialista na recuperaçao de bases de dados corrompidas. Na IBSurgeon, trabalha na melhoria constante dos produtos e serviços, pois acredita que a qualidade e a chave do sucesso.</s>
    <s>Tema: Estudo de caso (Profitmed)</s>
    <s>Resumo: Estudo de caso real referente a migraçao (em 4 meses) de uma base de dados de 75 GB, do Firebird 1.5 para o Firebird 2.5, com mais de 5.000 procedures, usada em um ambiente com 400 conexoes simultaneas:</s>
    <s>Como planejar a migraçao.</s>
    <s>Como lidar com problemas de compatibilidade.</s>
    <s>Quais sao as maiores armadilhas e problemas enfrentados durante o processo.</s>
    <s>Como encontrar problemas em consultas SQL e seus planos de execuçao.</s>
    <s>Nivel: Todos</s>
    <s>Tema: Ferramentas para recuperaçao e monitoramento de bancos de dados Firebird</s>
    <s>Resumo: Apresentaçao das novas ferramentas da IBSurgeon (FBFirstAID 3.0 e FBDataGuard 2.7), tecnicas para a recuperaçao total e proteçao do banco de dados. Demonstraçao da recuperaçao de bancos de dados corrompidos por discos rigidos danificados e falhas de memoria RAM. Apresentaçao do novo programa da IBSurgeon para desenvolvedores ISV, para fornecer proteçao de banco de dados eficaz e acessivel aos seus clientes.</s>
    <s>PS: As ferramentas da IBSurgeon estarao sendo vendidas a preços especiais durante o FDD.</s>
    <s>Nivel: Todos</s>
    <s>!Luiz Paulo!Palestra com tradução para o portuguêsMichael Philippenko</s>
    <s>Michael Philippenko e CEO da Fast Reports.</s>
    <s>Tema: Disponibilizando informaçoes em ambientes multi-plataforma com ferramentas da Fast Reports.</s>
    <s>Resumo: Praticamente todos os desenvolvedores de aplicaçoes comerciais trabalham com bancos de dados. No entanto, o usuario final geralmente nem sabe o que e isso - ele se interessa apenas pelos resultados. Sendo assim, como tornar as informaçoes do BD uteis para o usuario? Como extrair e gerar informaçao com o minimo de custo e o maximo de eficiencia? Quais os limites impostos pelas diferentes plataformas?</s>
    <s>A palestra apresentara algumas ferramentas desenvolvidas pela Fast Reports, com demonstraçoes praticas de utilizaçao do:</s>
    <s>FastReport VCL 5 - novidades da nova versao, &quot;clever objects&quot;, demonstraçao pratica do FastRerpot's &quot;clever objects&quot; quando usado por desenvolvedores e usuarios finais. Reports multi-plataformas.</s>
    <s>FastCube VCL 2 - Quais as novidades da nova versao? Como trabalhar com OLAP usando o FastCube. DOLAP multi-plataforma.</s>
    <s>FastReport.Net - Porque e interessante para os desenvolvedores? Pros e contras da geraçao de reports em .NET com o Mono.</s>
    <s>PS: As ferramentas da FastReports estarao sendo vendidas a preços especiais durante o FDD.</s>
    <s>Nivel: Todos os niveis.</s>
    <s>!Luiz Paulo!Palestra em portuguêsLuiz Paulo de Oliveira Santos</s>
    <s>Luiz Paulo de Oliveira Santos, autor do livro: Firebird - Dicas de Segurança, e professor de Banco de Dados na Unimep - Universidade Metodista de Piracicaba e das Faculdades Anhanguera em Piracicaba-SP, palestrou na Conferencia Internacional de Firebird em Praga - Rep. Tcheca em 2005, no SQL Connect 2007, na Conferencia de Firebird em</s>
    <s>Moscou (RU) em 2007, e em todas as ediçoes anteriores do FDD - Firebird Developers Day e em algumas ediçoes do Delphi Developers Day. É tambem diretor da CHAMANDO SISTEMAS.</s>
    <s>Tema: Implementando segurança no servidor Firebird</s>
    <s>Resumo: Alguns procedimentos podem tornar seu servidor Firebird mais seguro, atraves de poucas rotinas e cuidados podemos tornar o acesso as informaçoes seguras, confiaveis e livre de curiosos. Utilizando algumas ferramentas Open-Source podemos tornar o acesso ao banco mais seguro:</s>
    <s>Analise do security2.fdb com MD5</s>
    <s>Sistemas de arquivos criptografados</s>
    <s>Rotinas no IPTables para certificar o acesso aos dados</s>
    <s>Como implementar um IDS/IPS para o Firebird com Snort</s>
    <s>Como criptografar uma conexao ao Firebird</s>
    <s>Nivel: Intermediario</s>
    <s>!Luiz Paulo!Palestra em portuguêsJederson Donizete Zuchi</s>
    <s>Diretor de sistemas da Sygnux Software, empresa especializada em softwares personalizados atuando nas areas industriais e comerciais. Professor da Fatec/TQ atuando nas disciplinas de Banco de Dados II e Analise e Projeto de Sistemas I. Formado em processamento de dados, pela mesma instituiçao, tambem foi professor do Senac/SP. Desenvolve sistemas em delphi, Java e atualmente atuando na plataforma .Net. É tambem colunista da revista ClubeDelphi escrevendo diversos artigos relacionados ao Firebird e tambem a tecnologia delphi.</s>
    <s>Twitter: @jedersonzuchi</s>
    <s>Tema: Conhecendo a TraceAPI</s>
    <s>Resumo: A palestra apresentara a TraceAPI, disponibilizada a partir da versao 2.5 do Firebird, permitindo acompanhar em tempo real, tudo que esta acontecendo no banco de dados. Entre os assuntos abordados, esta o funcionamento e a forma de configuraçao manual do arquivo de configuraçao da TraceAPI. Tambem sera apresentado um comparativo de performance com o recurso ativado e desativado, e a ferramenta FB TraceManager, da Upscene.</s>
    <s>Nivel: Iniciante - Intermedario</s>
    <s>!Luiz Paulo!Palestra em portuguêsCarlos Henrique Palma Rodrigues</s>
    <s>Trabalha com desenvolvimento de software ha 21 anos,</s>
    <s>com Delphi desde 1997, com Firebird desde 2002,</s>
    <s>participante ativo na comunidade Delphi, atuando como</s>
    <s>consultor Delphi/DataSnap a 6 anos de parceiros como</s>
    <s>Caneva, Led, O2 Tecnologia, Siagri, FlySolution, desenvolvendo as mais diversas soluçoes, entre elas NFe e CTe.</s>
    <s>Tema: Implementando &quot;journaling&quot; em Firebird</s>
    <s>Resumo: Alguns bancos de dados possuem um recurso conhecido como ''journaling'', permitindo refazer as transaçoes executadas em um banco de dados ate determinado momento, podendo ser utilizado como um backup ''a quente'' ou para replicaçao de dados entre bancos.</s>
    <s>A palestra mostrara como construir um &quot;journaling&quot; baseado em XML, armazenando os dados em um banco de dados secundario, usando recursos nativos do Firebird 2.5 (triggers, triggers de transaçao, GTT e conexao com banco secundario via &quot;execute statement&quot;). Para manipulaçao dos campos blobs, sera utilizada uma UDF para codificaçao no formato Base64, compilada em Delphi (32bits) ou Lazarus/FreePascal (64 bits).</s>
    <s>Nivel: Intermedario</s>
    <s>!Luiz Paulo!Palestra em portuguêsMarcos Paulo Gomes</s>
    <s>Pos Graduado em Gestao Estrategica de Tecnologia e</s>
    <s>Sistemas de Informaçoes pela PUC-Campinas, e Supervisor de TI na Stampline Metais Estampados Ltda, onde foi gerente de implantaçao de ERP Datasul (Totvs). Fundador do site www.delphibr.com.br e membro do www.dugbr.com.br.</s>
    <s>Tema: BI - Open source business intelligence com Pentaho e Firebird</s>
    <s>Resumo: Muitas empresas gastam milhares ou ate mesmo milhoes de reais em soluçoes de BI, mas poucas sabem da existencia de uma soluçao open source chamada Pentaho, que na maioria dos casos, atende perfeitamente as necessidades. Esta palestra mostrara como configurar o Pentaho para acessar o Firebird, e depois como criar um cubo de decisao (olap) acessando informaçoes de uma base de dados Firebird.</s>
    <s>Nivel: Iniciante</s>
    <s>!Wagner!Palestra em portuguêsWagner C. Ramos</s>
    <s>Bacharel em Ciencia da Computaçao (Unicamp-1998), e MBA em TI aplicada a Gestao Estrategica de Negocios (FGV-2007). Socio-diretor da OBJECT Sistemas, empresa de TI fabricante de produto de replicaçao de banco de dados OBJECTMMRS e prestadora de serviços de consultoria em integraçao de sistemas.</s>
    <s>Trabalha na area de TI ha mais de 25 anos. Nos ultimos 15 anos atuou com diversos SGBDs, desenvolveu sistemas para variados ramos de negocio e aplicaçoes. Atuou em diversas aplicaçoes de missao critica, envolvendo grande volume de dados e grandes desafios de &quot;tunning&quot; para empresas como Lucent, Atento, Telemig, Sony, Embrapa, Acesita, Penha S/A, TVLar, Shibata, Marinha e Exercito Brasileiro e tambem desenvolveu aplicaçoes para pequenos clientes na area de fast-food, automotiva, etc.</s>
    <s>Tema: Replicaçao na pratica</s>
    <s>Resumo: Mostraremos como transformar seu banco de dados Firebird para poder trabalhar de forma distribuida e multi-master em N servidores. Abordaremos os cuidados necessarios (numeradores automaticos, triggers, etc), as vantagens obtidas (melhor desempenho para os usuarios, maior disponibilidade, etc), e o aumento da complexidade quando se passa de 1 para N servidores de banco de dados. Durante a palestra, faremos uma demonstraçao pratica da conversao/preparaçao de uma base de dados &quot;comum&quot; em uma base replicada, replicando dados de uma base local para uma base remota, simulando o cenario de uma empresa com matriz e filial.</s>
    <s>Nivel: Intermediario</s>
    <s>!Madness Session</s>
    <s>Tema: LIVRE</s>
    <s>Resumo: A experiencia mostra que um dos melhores momentos de toda palestra e quando abre-se espaço para que o publico faça perguntas e esclareça suas duvidas.</s>
    <s>Repetindo a experiencia do 6º FDD, abriremos um horario exclusivo para que o publico faça perguntas sobre qualquer assunto relacionado ao Firebird. Para responde-las, diversos palestrantes estarao reunidos e voce podera direcionar a pergunta a algum deles, ou deixar livre para quem desejar responder.</s>
    <s>É a chance de esclarecer aquela duvida que vem lhe tirando o sono, e tambem de aprender com os problemas e duvidas dos outros.</s>
    <s>!Wagner!Palestra em portuguêsKelver Merlotti</s>
    <s>Tecnico em informatica, bacharel em Sistemas de Informaçao pela Unifev e pos-graduado em Desenvolvimento de Softwares para Web, pela Ufscar, em parceria com a Unifev. É gerente de treinamentos da Embarcadero do Brasil e coordenador editorial da revista Active Delphi.</s>
    <s>Twitter: @kmerlotti</s>
    <s>Tema: Explorando o RAD Studio XE</s>
    <s>Resumo: Conheça as principais ferramentas de desenvolvimento da Embarcadero, que compoe o RAD Studio XE, e saiba o que e possivel construir com essa poderosa suite. Voce tambem podera conferir a visao institucional da empresa, o programa de Certificaçoes Delphi e tambem os planos para o futuro de suas principais ferramentas.</s>
    <s>Nivel: Todos os niveis</s>
    <s>Tema: Conhecendo o PSQL</s>
    <s>Resumo: PSQL (Procedural SQL) e a linguagem nativa do Firebird para Stored Procedures e Triggers. Nessa palestra, serao apresentados os conceitos, principais comandos da PSQL e suas aplicaçoes em Triggers (de transaçao e conexao) e Stored Procedures, vendo exemplos praticos em funcionamento.</s>
    <s>Nivel: Iniciante</s>
    <s>As palestras marcadas com o simbolo !Palestra com tradução para o portuguêsterao traduçao consecutiva para o portugues. Na traduçao consecutiva, o palestrante fala, para, o tradutor faz a traduçao do que foi falado, e o ciclo continua.</s>
    <s>Verifique as promoçoes que somente os participantes do FDD terao direito!</s>
    <s>Copyright Carlos H. Cantu - todos os direitos reservados. Melhor visualizado em 1024x768 com o Firefox.</s>
  </text>
</page>
