<?xml version="1.0" encoding="UTF-8"?>
<!DOCTYPE page SYSTEM "page.dtd">
<page>
  <lang>pt</lang>
  <url>http://www.adobe.com/br/products/acrobatconnectpro/productinfo/features/</url>
  <title>Adobe - Acrobat Connect Professional: Recursos</title>
  <snippet>
    <s>Os apresentadores podem expandir a área de visualização para aplicativos, documentos e quadros-brancos compartilhados para preencher toda a tela bem como gravações sincronizadas de áudio de conferência via telefone e via Web. </s>
  </snippet>
  <text>
    <s>Creative Suite</s>
    <s>Familia Acrobat</s>
    <s>Plataforma Flash</s>
    <s>Online Marketing Suite</s>
    <s>Digital Enterprise Platform</s>
    <s>Digital Publishing Suite</s>
    <s>Mais produtos</s>
    <s>Criaçao de conteudo</s>
    <s>Serviços financeiros</s>
    <s>Soluçoes de marketing on-line</s>
    <s>Mais soluçoes</s>
    <s>Aprendizagem Ajuda Downloads Empresa</s>
    <s>Adobe Store para usuarios domesticos e de home office</s>
    <s>Outras formas de comprar</s>
    <s>Informaçoes Login</s>
    <s>Bem-vindo, Meu carrinho Minhas remessas Meu suporte</s>
    <s>Minha conta</s>
    <s>Por que me inscrever? Faça login para gerenciar sua conta e acessar downloads de versoes de teste, extensoes de produtos, areas de comunidades e muito mais.</s>
    <s>1. Inicio</s>
    <s>2. Produtos</s>
    <s>3. Acrobat Connect Professional</s>
    <s>an error occurred while processing this directive</s>
    <s>Salas de reuniao pessoais sempre disponiveis</s>
    <s>Suporte para Apple Macintosh</s>
    <s>Compartilhamento de aplicativos e da area de trabalho</s>
    <s>Compartilhamento de aplicativos e da area de trabalho</s>
    <s>(com controle remoto)</s>
    <s>Gerenciamento de participantes</s>
    <s>Controle de chamada em audioconferencia</s>
    <s>SDK do Collaboration Builder</s>
    <s>Exibiçao de documentos</s>
    <s>Compartilhamento de arquivos</s>
    <s>Tela inteira</s>
    <s>Reuniao instantanea</s>
    <s>Difusao de audio pela Internet</s>
    <s>Gerenciamento de reuniao</s>
    <s>Gravaçoes de reuniao</s>
    <s>Relatorios de reuniao</s>
    <s>Layouts de sala de reuniao</s>
    <s>Modelos de reuniao</s>
    <s>Integraçao com o Microsoft Outlook</s>
    <s>Perguntas e respostas moderadas</s>
    <s>Varios apresentadores</s>
    <s>Videoconferencia de varios pontos</s>
    <s>Permissoes dos participantes</s>
    <s>Pesquisa de opiniao</s>
    <s>Exibiçao do PowerPoint</s>
    <s>Preparando o modo do apresentador</s>
    <s>Suporte a conteudo avançado</s>
    <s>Ferramentas quadro de comunicaçoes e anotaçoes</s>
    <s>Salas de reuniao pessoais sempre disponiveis</s>
    <s>As salas de reuniao do Acrobat Connect Professional sempre estao disponiveis e faceis de acessar atraves das URLs de sala de reuniao pessoal, que nunca mudam. Seus layouts de sala de reuniao e seu conteudo personalizados, completos, com notas e bate-papo, sao salvos automaticamente de uma reuniao para outra, para reduzir o tempo de preparaçao.</s>
    <s>(+) Ampliar</s>
    <s>Suporte para Apple Macintosh</s>
    <s>As reunioes pessoais on-line do Acrobat Connect Professional tem suporte total para usuarios de Mac OS X 10.2, 10.3 e 10.4, em Macs baseados em PowerPC e em Intel.</s>
    <s>(+) Ampliar</s>
    <s>Compartilhamento de aplicativos e da area de trabalho</s>
    <s>Os apresentadores podem expandir a area de visualizaçao para aplicativos, documentos e quadros-brancos compartilhados para preencher toda a tela dos participantes. Os apresentadores podem optar por sincronizar a exibiçao de todos os participantes.</s>
    <s>(+) Ampliar</s>
    <s>Compartilhamento de aplicativos e da area de trabalho (com controle remoto)</s>
    <s>Os participantes da reuniao podem controlar as areas de trabalho e os aplicativos de outros usuarios remotos -- para trabalho colaborativo, instruçao individual, suporte ao produto e mais. Isto pode ser mostrado no modo de tela inteira.</s>
    <s>(+) Ampliar</s>
    <s>Gerenciamento de participantes</s>
    <s>O promotores podem ver quem esta na sala de reuniao, qual o papel do participante (anfitriao, apresentador ou participante) e qual seu status (se o participante esta ou nao conectado).</s>
    <s>(+) Ampliar</s>
    <s>Controle de chamada de audioconferencia</s>
    <s>Controle chamadas de audioconferencia diretamente a partir da sala de reuniao do Acrobat Connect Professional -- sem necessidade de reserva. Dial out to participants, mute/unmute and hold/unhold participants' phone lines, eject participants, and view the active speaker. A integraçao tambem fornece uma interface unica para programaçao de conferencias via Web e telefone, bem como gravaçoes sincronizadas de audio de conferencia via telefone e via Web.</s>
    <s>(+) Ampliar</s>
    <s>Personalize a aparencia da sua sala de reuniao com o logotipo e as cores da sua empresa para reunioes ao vivo e seminarios via Web.</s>
    <s>(+) Ampliar</s>
    <s>SDK do Collaboration Builder</s>
    <s>Crie pods personalizados que facilitam a colaboraçao ativa para ter seminarios, reunioes e salas de aula virtuais via Web mais eficientes e atraentes.</s>
    <s>(+) Ampliar</s>
    <s>Exibiçao de documentos</s>
    <s>Carregue qualquer documento imprimivel convertido para Flash e compartilhe-o como todos os participantes, ao inves de usar o compartilhamento de tela.</s>
    <s>(+) Ampliar</s>
    <s>Compartilhamento de arquivos</s>
    <s>Os participantes podem carregar e compartilhar documentos com algumas das pessoas que estao participando de uma reuniao ou com todas elas, sem precisar sair do ambiente do Acrobat Connect Professional.</s>
    <s>(+) Ampliar</s>
    <s>Tela inteira</s>
    <s>Compartilhe apresentaçoes, videos ou aplicativos no modo de tela inteira.</s>
    <s>(+) Ampliar</s>
    <s>Reuniao instantanea</s>
    <s>Use o recurso conveniente de Reuniao instantanea para iniciar uma reuniao ad hoc e convidar os participantes a partir do Outlook. Use as configuraçoes de sala de reuniao e conteudo do Acrobat Connect Professional salvos para eliminar o tempo de preparaçao.</s>
    <s>Difusao de audio pela Internet</s>
    <s>O Acrobat Connect Professional fornece audio pela internet (VoIP) da melhor qualidade e oferece um assistente de configuraçao de audio facil, cancelamento de eco e ruido e detecçao de silencio, o que elimina a necessidade de um recurso de &quot;push to talk&quot;.</s>
    <s>(+) Ampliar</s>
    <s>Gerenciamento de reuniao</s>
    <s>Agende reunioes, convide participantes e defina permissoes de acesso facilmente. Configure salas especificas para o assunto, o publico ou o apresentador. Atribua salas persistentes para reunioes recorrentes e controle quem tem acesso ao conteudo e as reunioes.</s>
    <s>(+) Ampliar</s>
    <s>Gravaçoes de reuniao</s>
    <s>Grave reunioes, incluindo audio sincronizado para audioconferencias via VoIP ou telefone. O servidor de fluxo continuo incorporado apresenta conteudo otimizado com base na largura de banda do espectadores. Os espectadores podem utilizar o indice de reunioes para navegar para o conteudo mais relevante rapidamente.</s>
    <s>(+) Ampliar</s>
    <s>Relatorios de reuniao</s>
    <s>Obtenha estatisticas detalhadas sobre as reunioes e os usuarios para medir a participaçao.</s>
    <s>(+) Ampliar</s>
    <s>Layouts de sala de reuniao</s>
    <s>Use guias personalizaveis para organizar o fluxo e o conteudo da reuniao; selecione e organize facilmente pods de conteudo para cada layout.</s>
    <s>(+) Ampliar</s>
    <s>Modelos de reuniao</s>
    <s>Layouts e conteudo de salas de reuniao podem ser salvos como modelos reutilizaveis, para uso pessoal ou em todo o sistema. O conteudo salvo em modelos se torna disponivel instantaneamente nas novas reunioes criadas a partir desses modelos.</s>
    <s>(+) Ampliar</s>
    <s>Integraçao com o Microsoft Outlook</s>
    <s>Agende reunioes online a partir do seu calendario do Outlook, usando os recursos integrados de catalogo de endereços, consulta de disponibilidade e recorrencia da reuniao. Os usuarios podem participar das suas reunioes a partir dos respectivos calendarios do Outlook.</s>
    <s>Perguntas e respostas moderadas</s>
    <s>Realize sessoes de perguntas e respostas baseadas em bate-papo, com controle completo sobre a fila de perguntas, visibilidade e delegaçao de perguntas.</s>
    <s>(+) Ampliar</s>
    <s>Varios apresentadores</s>
    <s>Varios apresentadores podem fazer a preparaçao de conteudo, bate-papo particular, quadro de comunicaçoes e personalizaçao de layout em segundo plano, enquanto a reuniao esta em andamento. Os participantes da reuniao nao veem nenhum dos pods compartilhados na area exclusiva de apresentadores.</s>
    <s>!Vários apresentadores</s>
    <s>Videoconferencia de varios pontos</s>
    <s>Use webcams USB ou FireWire padrao para conferencia de video de alta qualidade, com suporte para varios participantes de video simultaneos.</s>
    <s>(+) Ampliar</s>
    <s>Permissoes dos participantes</s>
    <s>Os promotores de reunioes podem controlar as permissoes do participantes antes da reuniao ou a partir da sala de reuniao. Os direitos podem ser atribuidos usando funçoes predefinidas ou o recurso de direitos dos participantes.</s>
    <s>!Permissões dos participantes</s>
    <s>Pesquisa de opiniao</s>
    <s>Faça uma pesquisa de opiniao entre os participantes da reuniao para obter comentarios em tempo real. Os apresentadores de reunioes online podem coletar comentarios em tempo real atraves das pesquisas de opiniao do Acrobat Connect Professional. Os apresentadores podem facilmente criar pesquisas de opiniao, acompanhar as respostas imediatamente e ate mesmo fazer o download dos dados para geraçao de relatorios e analise depois das reunioes. Os participantes tambem podem ver os nomes de cada respondedor da pesquisa de opiniao dentro do grafico de resultados. Os lideres de reuniao e instrutores podem usar estes comentarios para orientar sessoes para que sejam adequadas as necessidades e aos interesses do publico.</s>
    <s>(+) Ampliar</s>
    <s>Exibiçao do PowerPoint</s>
    <s>Carregue e compartilhe apresentaçoes do PowerPoint. O Acrobat Connect Professional fornece suporte completo para animaçoes, video em fluxo continuo, filmes e audio em Flash e graficos de alta resoluçao.</s>
    <s>(+) Ampliar</s>
    <s>Modo de preparaçao</s>
    <s>Os apresentadores podem criar ou modificar um layout de sala de reuniao ou carregar conteudo no modo de preparaçao e as alteraçoes nao serao exibidas ate que o modo de preparaçao seja desativado.</s>
    <s>(+) Ampliar</s>
    <s>Suporte a conteudo avançado</s>
    <s>Compartilhe facilmente conteudo avançado, incluindo clipes de video e simulaçoes do Adobe Captivate.</s>
    <s>(+) Ampliar</s>
    <s>Ferramentas quadro de comunicaçoes e anotaçoes</s>
    <s>Faça anotaçoes sobre compartilhamentos de tela, conteudo e quadros-brancos vazios usando ferramentas padrao ou suas proprias formas de anotaçoes personalizadas. Salve sobreposiçoes de quadro de comunicaçoes nas salas de reuniao persistentes do Acrobat Connect Professional e adicione-as as sessoes futuras.</s>
    <s>(+) Ampliar</s>
    <s>Voltar ao inicio</s>
    <s>Proximas etapas</s>
    <s>Teste gratuito</s>
    <s>Solicitar o contato da Adobe</s>
    <s>Opçoes de compra</s>
    <s>Obter Suporte*</s>
    <s>Adobe Acrobat Connect Pro Home</s>
    <s>Por que escolher a Adobe?</s>
    <s>Historias de sucesso dos clientes*</s>
    <s>Noticias, revisoes e premios*</s>
    <s>Perguntas frequentes</s>
    <s>Arquitetura de sistema</s>
    <s>Requisitos do sistema</s>
    <s>Ofertas de parceiros*</s>
    <s>Treinamento rapido</s>
    <s>Aulas virtuais</s>
    <s>Conferencias via Web</s>
    <s>Marketing e vendas</s>
    <s>Colaboraçao da empresa</s>
    <s>Produtos relacionados</s>
    <s>Adobe Captivate</s>
    <s>Adobe Presenter</s>
    <s>Todos os produtos eLearning</s>
    <s>Planos de suporte*</s>
    <s>Centro de recursos*</s>
    <s>Centro de Desenvolvimento*</s>
    <s>Central de download do Flash Player*</s>
    <s>Escolha a sua regiao Brasil (mudar)</s>
    <s>Escolha a sua regiao Fechar</s>
    <s>North America</s>
    <s>Europe, Middle East and Africa</s>
    <s>Asia Pacific</s>
    <s>Canada - English</s>
    <s>Canada - Français</s>
    <s>United States</s>
    <s>South America</s>
    <s>Africa - English</s>
    <s>Österreich - Deutsch</s>
    <s>Belgium - English</s>
    <s>Belgique - Français</s>
    <s>Belgie - Nederlands</s>
    <s>Česka republika</s>
    <s>Eastern Europe - English</s>
    <s>Israel - English</s>
    <s>Luxembourg - Deutsch</s>
    <s>Luxembourg - English</s>
    <s>Luxembourg - Français</s>
    <s>Middle East and North Africa - English</s>
    <s>Schweiz - Deutsch</s>
    <s>Suisse - Français</s>
    <s>Svizzera - Italiano</s>
    <s>United Kingdom</s>
    <s>Hong Kong S.A.R. of China</s>
    <s>India - English</s>
    <s>New Zealand</s>
    <s>Pacific - English</s>
    <s>Southeast Asia</s>
    <s>Includes Indonesia, Malaysia, Philippines, Singapore, Thailand, and Vietnam - English</s>
    <s>Security Entre em contato com a Adobe Informar pirataria EULAs Permissoes e marcas comerciais Carreiras</s>
    <s>Copyright (C) 2011 Adobe Systems Incorporated. Todos os direitos reservados.</s>
    <s>O uso desse website significa que voce aceita os Termos de Uso e a Politica de Privacidade On-line (atualizada em 14-07-2009) .</s>
  </text>
</page>
