<?xml version="1.0" encoding="UTF-8"?>
<!DOCTYPE page SYSTEM "page.dtd">
<page>
  <lang>pt</lang>
  <url>http://quintinocastrotavares.blogs.sapo.cv/3818.html</url>
  <title>SOLENIDADE INAUGURAL DO GRUPO DE ESTUDO DE DIREITO ...</title>
  <snippet>
    <s>10 maio 2011 (palestra com dois ilustres convidados escolhidos pelo próprio grupo). Comunicação Social (1 hora de conferência). O Papel do Doutor Vital Moeda – Procurador da República – Comarca de Assomada. (1 hora de </s>
  </snippet>
  <text>
    <s>« post anterior home post seguinte »</s>
    <s>SOLENIDADE INAUGURAL DO GRUPO DE ESTUDO DE DIREITO PROCESSUAL E CONSTITUCIONAL - GEDIPROC</s>
    <s>Maio 10 2011</s>
    <s>19 de Maio de 2001 – Abertura Solene das atividades do GEDIPROC - Grupo de Estudo de Direito Processual e Constitucional</s>
    <s>local: Campus de Bolanha - US - Assomada - Santiago - Cabo Verde</s>
    <s>14:00 Abertura das Atividades:</s>
    <s>Coordenação do Curso</s>
    <s>Dois alunos-membros efetivos do Grupo de Estudo, representando os turnos vespertino e noturno (apresentação do grupo)</s>
    <s>Chefe do Departamento de Ciências Jurídicas e Sociais</s>
    <s>Reitor ou Pró-Reitor de Ensino</s>
    <s>14:40 – Solenidade de Abertura Oficial das Atividades do GEDIPROC</s>
    <s>(palestra com dois ilustres convidados escolhidos pelo próprio grupo)</s>
    <s>Comunicação Social, Liberdade de Imprensa e Democracia: o contributo da RTC</s>
    <s>Doutor Horário Semedo – Presidente do Conselho de Administração da RTC</s>
    <s>(1 hora de conferência)</s>
    <s>O Papel do Ministério Público na Consolidação da Democracia cabo-verdiana</s>
    <s>Doutor Vital Moeda – Procurador da República – Comarca de Assomada</s>
    <s>(1 hora de conferência)</s>
    <s>17:00 – Encerramento</s>
    <s>Estão todos convidados!!!</s>
    <s>publicado por quintinocastrotavares as 14:05</s>
    <s>link do post | comentar</s>
    <s>| | adicionar aos favoritos</s>
    <s>tags: direito, gediproc, us</s>
    <s>« post anterior home post seguinte »</s>
    <s>mais sobre mim</s>
    <s>ver perfil</s>
    <s>seguir perfil</s>
    <s>Maio 2011</s>
    <s>« Abr</s>
    <s>Set »</s>
    <s>posts recentes</s>
    <s>Programa Direito das Obri </s>
    <s>Língua Portuguesa - Nossa </s>
    <s>11 de Setembro - immigrat </s>
    <s>SOLENIDADE INAUGURAL DO G </s>
    <s>O “CONHECIMENTO” NA BASE </s>
    <s>Divisão e Livros dos Trab </s>
    <s>Michel Foucault - Livros </s>
    <s>PRELIMINARES INTRODUTÓRIO </s>
    <s>PERGUNTAS: A CIDADE ANTIG </s>
    <s>PERGUNTAS: A CIDADE ANTIG </s>
    <s>Outubro 2011</s>
    <s>Setembro 2011</s>
    <s>Maio 2011</s>
    <s>Abril 2011</s>
    <s>Março 2011</s>
    <s>Sites de cabo-verdianos</s>
    <s>Abrão Vicente</s>
    <s>Na Esquina do Tempo</s>
    <s>Nossa Língua, Nosso Jeito</s>
    <s>pesquisar neste blog</s>
    <s>a verdade e as formas jurídicas</s>
    <s>cidade antiga</s>
    <s>direito hebraico</s>
    <s>exame final</s>
    <s>grupo a verdade e as formas jurídicas</s>
    <s>história direito</s>
    <s>obrigações i</s>
    <s>teoria geral direito civil</s>
    <s>todas as tags</s>
    <s>subscrever feeds</s>
    <s>Comentários do post</s>
    <s>Copyright Info / Info Adicional</s>
  </text>
</page>
