<?xml version="1.0" encoding="UTF-8"?>
<!DOCTYPE page SYSTEM "page.dtd">
<page>
  <lang>pt</lang>
  <url>http://web.catie.ac.cr/conferencia_teca/ponencias_port/ponencias_port.htm</url>
  <title>ponencias_port.jpg</title>
  <snippet>
    <s>15 jul. 2011 O comitê organizador convidará conferencistas de reconhecimento Para as conferências voluntárias realizadas no salão paralelo não haverá </s>
  </snippet>
  <text>
    <s>!O comit organizador convidaronferencistas de reconhecimento internacional para exposis; aldisso, receberemos um n limitado de apresentas voluntas em temas focais. As conferias e apresentas tratarsobre o estado atual do conhecimento em rela com os temas da conferia.</s>
    <s>Tanto as exposis de conferencistas convidados quanto as voluntas serapresentadas em sessparalelas no centro de convens, em San Josentre os dias 31 de outubro e 2 de novembro de 2011.</s>
    <s>A organiza convida a pesquisadores, instituis e organizas, a apresentarem pres que serexibidos nos saldo hotel.</s>
    <s>A conferia tamboferece a possibilidade de organizar sessespeciais e eventos paralelos, se solicitados por organizas ou instituis.</s>
    <s>Os participantes que desejem contribuir com apresentas voluntas ou pres deverenviar um breve resumo (mmo de uma pna) a lorozco@catie.ac.cr antes de 15 de julho de 2011.</s>
    <s>Um comit cientco selecionars apresentas para assegurar a representa de uma ampla gama de pas e temas inovadores.</s>
    <s>Os autores de trabalhos aceitos sernotificados no dia 31 de agosto de 2011.</s>
    <s>Idiomas oficiais da Conferia: ingl espanhol e portugu</s>
    <s>Ser oferecida tradu simulta durante as conferias no salprincipal. Para as conferias voluntas realizadas no salparalelo nhaverradu simulta.</s>
  </text>
</page>
