<?xml version="1.0" encoding="UTF-8"?>
<!DOCTYPE page SYSTEM "page.dtd">
<page>
  <lang>pt</lang>
  <url>http://www.novotel.com/pt/hotel-5400-novotel-karlsruhe-city/meeting.shtml</url>
  <title>Sala de reunião / seminário: hotel Novotel Karlsruhe City</title>
  <snippet>
    <s>Novotel Karlsruhe City: aluguer de sala de reunião e conferência em de direcção e cursos de formação de grupos pequenos, até 16 participantes. para conferências, mas também pode ser utilizada para banquetes mais pequenos. </s>
  </snippet>
  <text>
    <s>Ajuda &amp; Contato</s>
    <s>Aceda ao seu Perfil</s>
    <s>My Novotel</s>
    <s>Pesquisa avançada</s>
    <s>Ofertas especiais</s>
    <s>Todas as ofertas</s>
    <s>Early Breaks</s>
    <s>City Breaks</s>
    <s>Ofertas de última hora</s>
    <s>Feriados e férias</s>
    <s>Ofertas atuais</s>
    <s>Ofertas Business</s>
    <s>Negócios e reuniões</s>
    <s>Conselhos e dicas</s>
    <s>Ofertas Business</s>
    <s>Family &amp; novotel</s>
    <s>Nossas promessas</s>
    <s>Viagens em família</s>
    <s>Dicas de viagem em família</s>
    <s>Ofertas especiais para famílias</s>
    <s>Parceiros Novotel</s>
    <s>Idéias final de semana</s>
    <s>Descubra o Novotel</s>
    <s>Desenvolvimento sustentável</s>
    <s>Resorts Novotel</s>
    <s>Novidades da rede</s>
    <s>Novotel Store</s>
    <s>Parceiros Novotel</s>
    <s>Descubra o Suite Novotel</s>
    <s>Hotel Novotel Karlsruhe City</s>
    <s>!Adicionar aos favoritos</s>
    <s>O Hotel</s>
    <s>Bar &amp; restaurante</s>
    <s>Em familia</s>
    <s>Nos arredores</s>
    <s>Localizaçao &amp; acesso</s>
    <s>Todas as fotos e videos</s>
    <s>10 salas funcionais c/ A/C e capacidade p/ 260 pessoas, c/ muitas opçoes de eventos modernos no hotel. As salas tem luz natural e Wi-Fi e 1 Gestor de Eventos certificado pela IHK (Camara de Industria e Comercio) esta a sua disposiçaopara o apoiar na organizaçao do seu evento. As normas de qualidade e equipamento tecnico moderno ajudam a garantir o seu sucesso. O preço da conferencia incl. projector de video e bebidas ilimitadas.</s>
    <s>Peça um orçamento</s>
    <s>SalasPlateiaEm UU</s>
    <s>A Sala de conselho pode ser reservada para reunioes de direcçao e cursos de formaçao de grupos pequenos, ate 16 participantes. Contemporanea, possui 248 pes quadrados, 10 pes de altura e ar condicionado. Possui Wi-Fi e luz natural.</s>
    <s>DURLACHER TOR</s>
    <s>A sala Durlacher Tor possui luz natural e ar condicionado. Em configuraçao de teatro, acomoda 72 pessoas no maximo. É sobretudo adequada para conferencias, mas tambem pode ser utilizada para banquetes mais pequenos. 94 m² (14,8 x 6,3 x 3 m).</s>
    <s>DURLACHER TOR 1</s>
    <s>As salas de eventos Durlacher Tor 1 e 2, cada uma com 506 pes quadrados, podem ser combinadas, proporcionando o ambiente perfeito para reunioes e debates num grupo mais pequeno, com o maximo de 28 pessoas cada.</s>
    <s>DURLACHER TOR 2</s>
    <s>Esta sala com ar condicionado possui luz natural. Com capacidade maxima de 28 pessoas na configuraçao de teatro, a sala e especialmente indicada para conferencias mais pequenas, workshops e apresentaçoes. 47 m² (7,4 x 6,3 x 3 m).</s>
    <s>ETTLINGER TOR</s>
    <s>A sala Ettlinger Tor, com ar condicionado, possui luz natural. Com capacidade maxima de 91 pessoas na configuraçao de teatro, a sala e especialmente indicada para conferencias e banquetes mais pequenos. 118 m² (18,5 x 6,3 x 3 m).</s>
    <s>ETTLINGER TOR 1</s>
    <s>Com 753 pes quadrados (70 m²), a sala de eventos Ettlinger Tor 1 e adequada especialmente para seminarios e conferencias para ate 49 participantes.</s>
    <s>ETTLINGER TOR 2</s>
    <s>Ira encontrar o local ideal para reunioes ou debates na sala Ettlinger Tor 2, com 517 pes quadrados e espaço para 28 pessoas.</s>
    <s>FÄCHER SAAL</s>
    <s>Com 264 m², a maior sala do hotel possui ar condicionado e equipamento tecnico de ponta. Com um formato quadrado, e adequada para banquetes, bem como para conferencias ate 260 pessoas. 16,5 x 16 x 4,9 m.</s>
    <s>FÄCHER SAAL 1</s>
    <s>As versateis salas Fachersaal 1 e 2, cada uma com 1421 pes quadrados, possuem, mesmo individualmente, a maior capacidade e espaço para 130 pessoas, para reunioes, conferencias ou banquetes.</s>
    <s>FÄCHER SAAL 2</s>
    <s>As versateis salas Fachersaal 1 e 2, cada uma com 1421 pes quadrados, possuem, mesmo individualmente, a maior capacidade e espaço para 130 pessoas, para reunioes, conferencias ou banquetes.</s>
    <s>Se planear um seminario ou uma conferencia ate 40 participantes, a nossa sala de reunioes Karlstor, com 710 pes quadrados, e, sem duvida, a escolha perfeita e garante um local ideal.</s>
    <s>MÜHLBURGER TOR</s>
    <s>A sala de reunioes Muhlburger Tor, com 377 pes quadrados, e ideal para apresentaçoes de produtos e palestras mais pequenas, ate 24 pessoas.</s>
    <s>Mesmo na nossa sala multifunçoes mais pequena, com Wi-Fi e tecnologia profissional, ira encontrar o local perfeito para o sucesso do seu evento para ate 16 participantes.</s>
    <s>As salas de formaçao consistem em dois quartos de hotel combinados, no piso de conferencias. Com uma area total de 33 m², podem ser utilizadas como salas de subgrupos ou de reunioes. 4,6 x 7 x 2,7 m.</s>
    <s>Calculador de espaço</s>
    <s>Equipas presentes no local para o aconselhar na planificaçao e implementaçao das suas reunioes.</s>
    <s>Para ver os nossos conselhos, consulte a rubrica negócios e reuniões.</s>
    <s>Equipamentos standard disponiveis</s>
    <s>Business center self-service</s>
    <s>Serv. fotocopia/impressao disp.</s>
    <s>Equipamentos disponiveis a pedido</s>
    <s>Internet de alta velocidade</s>
    <s>Internet Wi-Fi sem fios no hotel</s>
    <s>Conexao a Internet</s>
    <s>Equipamento de video</s>
    <s>Peça um orçamento</s>
    <s>Festplatz 2</s>
    <s>76137 KARLSRUHE</s>
    <s>Tel (+49)721/35260</s>
    <s>Fax (+49)721/3526100</s>
    <s>E-mail h5400@accor.com</s>
    <s>Gerente Geral :</s>
    <s>Mr Axel HOFFMANN</s>
    <s>Localizaçao e acesso</s>
    <s>GPS. N 49° 0' 12.96'' E 8° 24' 4.13''</s>
    <s>!City Breaks</s>
    <s>Faça uma pausa no centro da cidade com o Novotel. A oferta City Breaks inclui o pequeno-almoço e e valida para qualquer estadia de 2 noites no minimo. Oferta sujeita a condiçoes, nao modificavel nem anulavel. !Early Breaks</s>
    <s>Com o Novotel, reserve com antecedencia para beneficiar de excelentes preços nas suas ferias. A oferta Early Breaks inclui o pequeno-almoço, esta sujeita a condiçoes e e nao modificavel e nao anulavel.</s>
    <s>Informações e Contato |</s>
    <s>Termos e condições |</s>
    <s>Dados pessoais |</s>
    <s>Mapa do site |</s>
    <s>Garantia de melhor preço |</s>
    <s>Reserva assegurada |</s>
    <s>Aplicação para o telemóvel</s>
    <s>Novotel Store |</s>
    <s>Imprensa |</s>
    <s>Agentes de viagem |</s>
    <s>Gestão e Franchising |</s>
    <s>Afiliados |</s>
    <s>Emprego |</s>
    <s>Empresa com contrato |</s>
    <s>Grupo Accor</s>
  </text>
</page>
