<?xml version="1.0" encoding="UTF-8"?>
<!DOCTYPE page SYSTEM "page.dtd">
<page>
  <lang>pt</lang>
  <url>http://www.gestaoambiental.ufscar.br/news</url>
  <title>Eventos — Gestão Ambiental</title>
  <snippet>
    <s>Atenção: Os inscritos na modalidade &quot;APRESENTADOR&quot; poderão 2012 Conference Call for Papers ISEE 12 ª Conferência Bienal da . II Workshop Internacional de História do Ambiente: Desastres Ambientais e Sustentabilidade. De 15 a </s>
  </snippet>
  <text>
    <s>Ir para o conteúdo. | Ir para a navegação</s>
    <s>Busca Avançada…</s>
    <s>Página Inicial</s>
    <s>Horários das Disciplinas 2º Semestre 2011</s>
    <s>Calendário Acadêmico</s>
    <s>Menu Principal</s>
    <s>Página Principal</s>
    <s>O Curso</s>
    <s>Informações Acadêmicas</s>
    <s>Projeto Pedagógico</s>
    <s>Corpo Docente</s>
    <s>Outras Informações</s>
    <s>Ações Afirmativas</s>
    <s>Tempo Agora</s>
    <s>Você está aqui: Página Inicial -&gt; Eventos</s>
    <s>AtençãoOs eventos publicados nesta página não são necessariamente organizados pelo curso, sendo em sua maioria realizados por outras instituições sem vinculo algum com a UFSCar. Por Favor, verifique o contato e informações nos respectivos banners ou sites dos eventos publicados.</s>
    <s>I CONGRESO LATINOAMERICANO DE ECOLOGÍA URBANA</s>
    <s>I CONGRESO LATINOAMERICANO DE ECOLOGÍA URBANA Desafíos y escenarios de desarrollo para las ciudades latinoamericanas 12 Y 13 DE JUNIO DE 2012 I CURSO INTERNACIONAL DE ECOLOGÍA URBANA 14 Y 15 DE JUNIO DE 2012 Campus Universitario UNIVERSIDAD NACIONAL DE GENERAL SARMIENTO BUENOS AIRES - REPUBLICA ARGENTINA</s>
    <s>Leia mais…</s>
    <s>VII FÓRUM AMBIENTAL DA ALTA PAULISTA</s>
    <s>De 17 a 20 de Outubro de 2011. R. Domingos da Costa Lopes, 780. Tupã - SP - CEP: 17602-496. Atenção: Os inscritos na modalidade &quot;APRESENTADOR&quot; poderão encaminhar o trabalho até a DATA MÁXIMA DE 15/08/2011. Informações suplementares pelo e-mail: forum2011@amigosdanatureza.org.br. A realização do VII FÓRUM AMBIENTAL DA ALTA PAULISTA tem como objetivo a discussão teoria e prática da problemática ambiental. As atividades principais do Fórum serão as palestras, mesas de debates, apresentações de trabalhos e a publicação do periódico eletrônico.</s>
    <s>Leia mais…</s>
    <s>IX Congresso Nacional de Meio Ambiente de Poços de Caldas</s>
    <s>De 23 a 25 de maio de 2012. Local: Poços de Caldas, MG, Brasil. Site oficial: http://www.meioambientepocos.com.br/</s>
    <s>Leia mais…</s>
    <s>PROECO 2011 Feira de Tecnologia e Produção Limpa</s>
    <s>5ª edição / Internacional / Bienal De 21 a 27 de novembro de 2011 (Horários: Consulte o Promotor) Centro de Convenções do Ceará, Av. Washington Soares, 1141 Edson Queiroz Fortaleza - CE, CEP: 60811-341</s>
    <s>Leia mais…</s>
    <s>Congresso Internacional da ATBC - Association for Tropical Biology and Conservation - Associação para Biologia Tropical e Conservação</s>
    <s>Com o tema “Origem, manutenção e futuro da biodiversidade tropical”, o congresso tem como objetivo analisar padrões de biodiversidade passados e atuais, bem como projetar metas sustentáveis para o futuro, vai reunir em cinco dias uma média de 1.200 pessoas, entre professores universitários e pesquisadores, de cerca de 30 países, para estudos na área de biologia tropical e conservação. Local: Bonito, MS, Brasil. Entre os dias 19 e 22 de junho de 2012. Site oficial: http://www.atbc2012.org/</s>
    <s>Leia mais…</s>
    <s>VI SBOE - Simpósio Brasileiro de Óleos Essenciais</s>
    <s>Período de 9 a 11 de novembro de 2011 em Campinas (SP), sob a organização do Centro Pluridisciplinar de Pesquisas Químicas, Biológicas e Agrícolas (CPQBA/UNICAMP), Embrapa Meio Ambiente e o Instituto Agronômico (IAC). Em março de 1985 foi organizado o I Simpósio Brasileiro de Óleos Essenciais (SBOE) com a finalidade de avaliar o desenvolvimento das pesquisas daquela década e colher subsídios para os próximos anos. O II SBOE e o III SBOE, foram realizados em 2003 e 2005, em Campinas (SP) e as edições seguintes, IV SBOE e V SBOE, realizados em 2007 e 2009 em Fortaleza (CE) e no Rio de Janeiro (RJ).</s>
    <s>Leia mais…</s>
    <s>4º Seminário Português sobre Geossintéticos</s>
    <s>Dias 22 e 23 de novembro de 2011, na Universidade de Aveiro (UA), Portugal.</s>
    <s>Leia mais…</s>
    <s>2012 Conference Call for Papers ISEE 12 ª Conferência Bienal da Sociedade Internacional de Economia Ecológica - 2012 Economia Ecológica e RIO 20 CONTRIBUIÇÕES E DESAFIOS PARA A ECONOMIA VERDE</s>
    <s>29 maio - 1 junho, 2012 em Rio de Janeiro, Brasil. Site oficial: http://www.ecoeco.org/content/2011/06/2012-isee-conference-call-for-papers/ . ISEE é uma organização sem fins lucrativos, entidade membro governado dedicada a entender o avanço das relações entre a economia, ecologia e sociedade, para o mútuo bem-estar das pessoas e da natureza. Conferências ISEE são transdisciplinar e foram realizadas a cada dois anos desde 1990. ISEE 2012 foi concebido para coincidir com o 20 UNCSD Rio Cúpula da Terra. A Cúpula da Terra foi encarregado de desenvolver um roteiro para a cooperação internacional em direção a uma &quot;economia verde&quot; e para promover instituições necessárias para o desenvolvimento sustentável. ISEE 2012 irá abordar temas UNCSD bem como outros debates chaves dentro economia ecológica ea política ambiental. Ele irá promover o diálogo com a Summit através de um painel final ministerial ea participação dos decisores políticos. O desafio de Economia Ecológica nesta Cimeira é contribuir para a concepção de alternativas inovadoras, para resolver falhas de mercado e institucionais, bem como para melhor compreender os sistemas ecológicos e econômicos.</s>
    <s>Leia mais…</s>
    <s>VIII Congresso Nacional de Ecoturismo - CONECOTUR e IV Encontro Interdisciplinar de Ecoturismo em Unidades de Conservação - ECOUC</s>
    <s>Será realizado entre os dias 8 e 10 de novembro, com programaçao de pré-congresso entre 5 e 7 de novembro de 2011, nas dependências do SESC PINHEIROS, Secretaria do Meio Ambiente-SMA e na Praça Victor Civita na cidade de São Paulo, SP. Promovido pela Sociedade Brasileira de Ecoturismo - SBEcotur e a Revista Brasileira de Ecoturismo - RBEcotur.</s>
    <s>Leia mais…</s>
    <s>II Congresso Brasileiro de Recursos Genéticos em 2012</s>
    <s>De 24 a 28 de setembro de 2012, Belém, PA. O evento é organizado pela Embrapa Amazônia Oriental e pela Sociedade Brasileira de Recursos Genéticos. Estudiosos de diversas instituições se reunirão para debater o estado atual e as perspectivas na conservação e uso de recursos genéticos no país. Essa edição do encontro terá como tema “Amazônia: recursos genéticos e sustentabilidade”. De acordo com o presidente da comissão organizadora do evento, pesquisador Osmar Lameira, os biomas brasileiros representam um vasto campo de investigação na área. “Por exemplo, se estima que na Amazônia haja cerca de 50 mil espécies vegetais, mas menos de 1% desse montante é estudado cientificamente.” Site: http://www.embrapa.br/imprensa/noticias/2011/agosto/3a-semana/belem-sediara-ii-congresso-brasileiro-de-recursos-geneticos-em-2012/</s>
    <s>Leia mais…</s>
    <s>Congresso Mundial - ICLEI 2012</s>
    <s>ICLEI 2012 CONGRESSO MUNDIAL ICLEI é a sigla de “International Council for Local Environmental Initiatives”, associação democrática e internacional de governos locais e organizações governamentais nacionais e regionais que assumiram um compromisso com o desenvolvimento sustentável. É a primeira vez que este evento, que é realizado a cada três anos, ocorrerá na América Latina. Belo Horizonte - 30/05/12 à 02/06/12. Mais informações: http://www.iclei.org/index.php?id=12186</s>
    <s>Leia mais…</s>
    <s>II Simpósio Brasileiro de Qualidade do Projeto no Ambiente Construído</s>
    <s>De 03 a 04 de novembro de 2011,Local: Centro de Convenções da PETROBRÁS - Expansão do CENPES, Rio de Janeiro, RJ. Organizado pelo Programa de Pós-Graduação em Arquitetura (PROARQ - FAU/UFRJ) e Programa de Pós-Graduação em Arquitetura e Urbanismo (EESC/USP). Submissões de resumos: até 20/05/2011.</s>
    <s>Leia mais…</s>
    <s>II CONGRESSO NACIONAL DE EDUCAÇÃO AMBIENTAL E IV ENCONTRO NORDESTINO DE BIOGEOGRAFIA</s>
    <s>O II Congresso Nacional de Educação Ambiental e o IV Encontro Nordestino de Biogeografia, ocorrem simultaneamente em João Pessoa, no período de 12 a 15 de outubro de 2011. O II CNEA &amp; IV ENBio são promovidos pela Universidade Federal da Paraíba, com o objetivo maior de apontar os Caminhos para a Conservação da Sociobiodiversidade. Os eventos vão reunir 1.500 participantes, entre pesquisadores, professores, estudantes e cidadãos de todos os setores da sociedade.</s>
    <s>Leia mais…</s>
    <s>Seminário “As Matas (de São Carlos e Região) e Nós”</s>
    <s>A Coordenadoria do Meio Ambiente da Prefeitura de São Carlos e o Curso de Bacharelado em Gestão e Análise Ambiental da Universidade Federal de São Carlos realizam o Seminário “As Matas (de São Carlos e Região) e Nós”, que tem como objetivo suscitar o debate e a proposição de medidas para manutenção dos serviços ambientais das matas remanescentes de São Carlos e região. Os seminários ocorrerão semanalmente (às quartas-feiras) no período de 19 de outubro a 7 de dezembro de 2011, das 19 às 21:30 h. no Auditório Bento Prado Júnior, Paço Municipal de São Carlos.</s>
    <s>Leia mais…</s>
    <s>13º Congresso Brasileiro de Geologia de Engenharia e Ambiental</s>
    <s>DATA: 02 a 05 de novembro de 2011 - Local: São Paulo / SP. O tema do 13º Congresso Brasileiro de Geologia de Engenharia e Ambiental - &quot;O crescimento sustentável e a Geologia de Engenharia e Ambiental&quot; – tem como objetivo promover um amplo e crítico debate sobre o papel e as demandas para os profissionais da Geologia de Engenharia, Geotecnia e Geologia Ambiental, frente aos desafios colocados para o crescimento sustentável do país, em ritmo mais acentuado, nos últimos anos.</s>
    <s>Leia mais…</s>
    <s>Segunda edición del Seminario Internacional Universidad-Sociedad-Estado</s>
    <s>La segunda edición del Seminario Internacional Universidad-Sociedad-Estado, &quot;Reforma Universitaria: Universidades Latinoamericanas y desarrollo&quot;, organizada por la Universidad de la República, se realizará el 16 y 17 de noviembre en Montevideo, Uruguay, en ocasión de la LX Reunión del Consejo de Rectores de AUGM.</s>
    <s>Leia mais…</s>
    <s>The World Solid Waste Congress 2012</s>
    <s>ATIA-ISWA ITALIA , o membro nacional da ISWA para a Itália, tem o orgulho de organizar o Mundial de Resíduos Sólidos Congresso 2012 na cidade de Florença, de segunda a quarta-feira 17 set 19 setembro de 2012. SITE OFICIAL: http://www.iswa2012.org/. Durante os três dias deste congresso pode reunir acadêmicos apresentando pesquisas de ponta, cientistas, gestores públicos e tomadores de decisão, representantes das maiores empresas do mundo no sector dos resíduos, e muitos outros profissionais também de pequenas e médias empresas. Florence 2012: outro lugar do mundo você pode rede com essas pessoas em tão pouco tempo?</s>
    <s>Leia mais…</s>
    <s>VIII Congresso Nacional de Ecoturismo - VIII CONECOTUR</s>
    <s>A organização do VIII CONECOTUR e do IV ECOUC estão sob responsabilidade da Sociedade Brasileira de Ecoturismo e ocorrerão de 8 a 10 de novembro de 2011, nas dependências do SESC Pinheiros, da Secretaria do Meio Ambiente do Estado de São Paulo (SMA) e da Praça Victor Civita.</s>
    <s>Leia mais…</s>
    <s>XIX Simpósio Brasileiro de Recursos Hídricos</s>
    <s>DATA: 27 de novembro a 01 de dezembro de 2011 - Local: Maceió – AL. Tema: A Água num Mundo em Transformação.</s>
    <s>Leia mais…</s>
    <s>Sustain Total – Brazil Waste Summit 2011 - Fórum Brasileiro de Resíduos Sólidos</s>
    <s>De 21 a 23 de novembro de 2011, Curitiba, PR. Site oficial: http://www.sustaintotal.com.br/ . O Sustain Total – Brazil Waste Summit integra uma rede de feiras internacionais de resíduos sólidos (Reino Unido, Dubai, Coreia do Sul e Estados Unidos), com o objetivo de integrar parceiros estratégicos e compartilhar soluções entre os continentes, além de fomentar a discussão sobre as questões abordadas na Política Nacional de Resíduos Sólidos. Promovido pelo IBDS (Instituto Brasileiro para o Desenvolvimento Sustentável), o evento traz as principais tecnologias e modelos de gestão de resíduos sólidos de países líderes da Europa, América e Ásia. A feira reúne as principais soluções e equipamentos a setores produtivos, empresas públicas e governos municipais, de forma a contribuir para uma melhor elaboração, desenvolvimento e gerenciamento dos planos municipais.</s>
    <s>Leia mais…</s>
    <s>IX Encontro Nacional Sociedade Brasileira de Economia Ecológica - ECOECO</s>
    <s>A Sociedade Brasileira de Economia Ecológica (ECOECO) tem a satisfação de apresentar a chamada de trabalhos para o IX Encontro Nacional que acontecerá em Brasília, Distrito Federal, no campus Darcy Ribeiro da Universidade de Brasília, no período de 4 a 8 de outubro de 2011. O tema escolhido para o IX Encontro da ECOECO 2011, “Políticas Públicas e a perspectiva da Economia Ecológica”, objetiva oferecer a contribuição do pensamento ecológico-econômico para o debate sobre as alternativas de políticas públicas no Brasil. Por ser o epicentro das decisões política, o Distrito Federal é o local mais apropriado para se realizar este tipo de ação. Site: http://www.unbcds.pro.br/ecoeco/index.html</s>
    <s>Leia mais…</s>
    <s>Planet Under Pressure: New knowledge towards solutions</s>
    <s>2012, March, 26-29, London. We have had a fantastic response to our call for papers with more than 3750 abstracts already received. Abstract submission is now closed. Please visit our programme pages to learn more about the plenary speakers and conference outline for this major conference. The 2012 international Planet Under Pressure conference will provide a comprehensive update of the pressure planet Earth is now under. The conference will discuss solutions at all scales to move societies on to a sustainable pathway. It will provide scientific leadership towards the 2012 UN Conference on Sustainable Development - Rio+20. Site: http://www.planetunderpressure2012.net</s>
    <s>Leia mais…</s>
    <s>Ambiental Expo 2012 - 3ª Feira Internacional de Equipamentos, produtos, serviços e tecnologias ambientais</s>
    <s>Data: 19 janeiro 2012. Local: São Paulo-SP. Site oficial: http://www.ambientalexpo.com.br/pt-br/Home/ . A Ambiental Expo é a feira que apresenta os mais recentes equipamentos , produtos e tecnologias ambientais para empresas e governos. O ponto de encontro ideal para profissionais que buscam soluções para os seus desafios diários de adequação às leis ambientais e de inovação. A feira aborda os setores que mais demandam o tratamento, a remediação e a prevenção de impactos ambientais: Ar, Energia, Resíduos, Ruído, Saneamento e Solo, e tem a visitação de profissionais das mais diversas áreas de atividade da economia como o automobilístico, alimentação, papel e celulose, químico, bancário, etc.</s>
    <s>Leia mais…</s>
    <s>VIII Congresso Brasileiro de Agroinformática</s>
    <s>O Congresso Brasileiro de Agroinformática é um evento bianual promovido pela Associação Brasileira de Agroinformática. O SBIAgro 2011 será realizado pela Universidade Federal de Santa Catarina (UFSC) em parceria com a Universidade Federal de Pelotas (UFPel) e ocorrerá na semana de 17 a 21 de outubro de 2011, no Hotel Dall’Onder, na cidade de Bento Gonçalves, RS.</s>
    <s>Leia mais…</s>
    <s>II Workshop Internacional de História do Ambiente: Desastres Ambientais e Sustentabilidade</s>
    <s>De 15 a 19 de novembro de 2011. Local: Florianópolis - SC. SITE DO EVENTO: http://alfa.locadados.com.br/~workshop/?ver=t&amp;t=11. Necessitamos de um novo paradigma de conhecimento-ação, baseado na ideia de incerteza, interdependência e complexidade que nos leve a uma nova postura ética de respeito da Terra e da promoção de modos de vida mais sustentáveis. A história do ambiente pode desempenhar um papel decisivo na compreensão das reais causas dos desastres naturais/ambientais. Ela pode também dar um importante subsídio para a sua prevenção e para a construção de sociedades/formas de desenvolvimento mais sustentáveis.</s>
    <s>Leia mais…</s>
    <s>13º Congresso Brasileiro de Geologia de Engenharia e Ambiental</s>
    <s>Entre 2 e 5 de novembro de 2011, no Espaço APAS, situado na Rua Pio XI, n° 1200 - Alto da Lapa, na cidade de São Paulo - SP, a Associação Brasileira de Geologia de Engenharia e Ambiental (ABGE) realizará a 13ª edição do congresso do setor. Sob o tema “O crescimento sustentável e a geologia de engenharia e ambiental”, o encontro tem como objetivo fomentar o debate sobre o papel e as demandas dos profissionais da geologia de engenharia, geotecnia e geologia ambiental diante os desafios impostos para o crescimento sustentável do país.</s>
    <s>Leia mais…</s>
    <s>Congresso Internacional de Ciência e Tecnologia Ambiental e I Congresso Nacional da Sociedade Argentina de Ciências Ambientais e Tecnologias</s>
    <s>Será realizado em Maio de 2012, na cidade de Mar del Plata, Província de Buenos Aires, Argentina. Este Congresso chamado Argentina Ambiental 2012, terá lugar do 28 de maio até 01 de junho de 2012, sobe o slogan &quot;Um olhar transversal e integral para os problemas ambientais&quot;. Como sugere o slogan a proposta desta conferência é integrar todos os pesquisadores e tecnólogos de diversas áreas de estudo relacionadas com as questões ambientais em um fórum de discussão comum, onde, trabalhando juntos, eles podem compartilhar seus esforços, construir um diálogo sobre os progressos, inovações, idéias, teorias e modelos, trocar idéias com colegas de outras disciplinas, e ligações para incentivar a pesquisa, análise e discussão sobre diversos problemas ambientais nos níveis globais, nacional e local. Site: http://www.argentina-ambiental.com.ar</s>
    <s>Leia mais…</s>
    <s>Encontro Intercontinental sobre a Natureza – O2</s>
    <s>Leia mais…</s>
    <s>III Congresso Ibero-americano de Fitoterapia</s>
    <s>O III CIAF acontecerá num momento importante, tanto no Brasil como no mundo, quando se consolidam políticas publicas e esforços de profissionais e empresas no desenvolvimento de fitoterápicos e na implementação da fitoterapia como opção terapêutica em saúde pública, especialmente em países latino-americanos, detentores de vasta biodiversidade e escassa capacidade de explorá-la. Data: 05 a 08/05/2012, Local: Foz do Iguaçú, PR. Acreditamos que a troca de experiências entre os representantes dos diversos países presentes ao evento propiciará, em todos os níveis, alternativas e soluções para problemas que afetam a todos, considerando as características comuns relacionadas aos biomas, às condições sócio-econômicas e tecnológicas na Ibero-América. A programação procurará abranger toda a cadeia produtiva de fitoterápicos, com destaque para a produção de extratos, para a harmonização da legislação na esfera do Mercosul e da Ibero-América, bem como a atuação profissional em fitoterapia e sua inserção em saúde pública.</s>
    <s>Leia mais…</s>
    <s>I Simpósio Internacional sobre Gestão Ambiental e Controle de Contas Públicas</s>
    <s>O evento será realizado entre os dias 16 a 19 de novembro de 2011, em Manaus, Amazônia. Os Tribunais de Contas da União do Brasil e do Exterior reúnem-se para discutir pela primeira vez para uma pauta inédita na história destes órgãos: meio ambiente e sustentabilidade. O evento é um marco na história do Controle no País. O presidente da Conservation International, Russell Mittermeier, John McNeill, da Georgetowm University, Bakary Kante, do Programa das Nações Unidas para o Meio Ambiente, Nicholas Robinson, da Pace University entre outros confirmaram presença. Mais informações: www.simposiocontroleambiental.com; http://www.portaldomeioambiente.org.br/pma/Agenda-Socioambiental/o-instituto-rui-barbosa-realiza-o-i-simposio-internacional-sobre-gestao-ambiental-e-controle-de-contas-publicas.html</s>
    <s>Leia mais…</s>
    <s>2nd World Conference on Biological Invasions and Ecosystem Functioning</s>
    <s>2nd World Conference on Biological Invasions and Ecosystem Functioning. November 21-24 2011, Mar del Plata, ArgentinaGrupo de Investigación y Educación en Temas Ambientales (GrIETA) is delighted to announce that the 2nd World Conference on Biological Invasions and Ecosystem Functioning (BIOLIEF 2011) will take place on November 21-24 2011, in Mar del Plata, Argentina.</s>
    <s>Leia mais…</s>
    <s>49º Encontro Anual de Biologia Tropical e Conservação - ATBC</s>
    <s>De 15 e 25 de junho de 2012. Local: Bonito, Mato Grosso do Sul. Voltado para temas que envolvem ecologia, evolução e uso sustentável da biodiversidade tropical, o evento é itinerante, e neste ano aconteceu em Arusha, na Tanzânia. O Encontro está com inscrições abertas até 10 de dezembro de 2011 para a participação no simpósio e nos workshops, que serão ministrados em inglês, o idioma oficial do evento. Site: http://www.atbc2012.org/</s>
    <s>Leia mais…</s>
    <s>Seminário “Portugal e Brasil em rede na gestão de Resíduos”</s>
    <s>Nos dias 10 a 14 de novembro de 2011, o Jornal água&amp;ambiente e a Sociedade Ponto Verde irão realizar o Seminário “Portugal e Brasil em rede na gestão de Resíduos”, em Lisboa, Portugal. Site Oficial: www.redeportugalbrasil.about.pt/ . Portugal e o Brasil partilham oportunidades na área dos Resíduos, reforçados pela forte ligação existente entre os dois países e pelos recentes acordos estabelecidos no setor dos Resíduos pelo Estado do Rio de Janeiro e o Ministério do Ambiente Português. Portugal, como país que tem uma cultura na gestão de resíduos bastante desenvolvida, e que percorreu um longo caminho num curto espaço de tempo, poderá ter um papel fundamental na partilha de informação, transferência de know-how e tecnologia. Por sua vez, o Brasil procura cada vez mais vencer as diversas etapas fundamentais na gestão de resíduos, necessitando de modelos regulatórios e institucionais, bem como das melhores opções tecnológicas, capazes de servirem como estrutura para o desenvolvimento de medidas concretas e projetos na área dos Resíduos. A experiência de Portugal neste setor, que o seminário “Portugal e Brasil em rede na gestão de Resíduos” pretende transmitir, poderá ser determinante para o desenvolvimento da gestão e tratamento de resíduos no Brasil, podendo também abrir a porta ao estabelecimento de contatos e parcerias entre entidades e empresas nos dois países.</s>
    <s>Leia mais…</s>
    <s>VII Workshop sobre Gestão e reúso de Água na Indústria</s>
    <s>No Majestic Palace Hotel, Beira Mar Norte, Florianópolis, nos dias 10 e 11 de novembro de 2011. SITE OFICIAL: http://feesc.org.br/floripaworkshop/. com apresentação de palestras relatando experiências de grandes empresas na área de gestão e tratamento de água/efluentes para fins de reúso, alem de apresentação e discussão da legislação sobre o tema. Nas versões anteriores deste Workshop grande empresas compartilharam suas experiências com os mais de 700 participantes. Dentre estas empresas/instituições destacam-se a Petrobras, Veólia Water System, Kurita do Brasil, CentroProjekt do Brasil, Tecpar, Alpina Ambiental, Finep, Senai, USP, UFRJ, Agência Nacional de Águas, Döhler S.A., Malwee Malhas, AMBEV, Pam-Membranas Seletivas Ltda., Sadia, Alunorte, SABESP, Hobeco, Geoklock e Enfil Controle Ambiental, Eka – Akzo Nobel, EccoAmbiental Engenharia e Consultoria, VrTech Tecnologias Industriais, GE Water &amp; Process Technologies, Edutech Ambiental, Peróxidos Brasil – Solvay, Braskem, Eletrosul, CEF, BNDES e BRDE.</s>
    <s>Leia mais…</s>
    <s>XIV COLACMAR 2011 - Congresso Latino-Americano de Ciências do Mar</s>
    <s>O evento será organizado pela Associação Latino-americana de Pesquisadores em Ciências do Mar (ALICMAR) e pela Associação Brasileira de Oceanografia (AOCEANO). O evento será de 31 de Outubro a 4 de Novembro de 2011 no Balneário Camburiú em Santa Catarina.</s>
    <s>Leia mais…</s>
    <s>ONG Brasil</s>
    <s>De 15 a 17/12/2011. Local: Expo Center Norte, São Paulo, SP. Composto por exposição e congresso internacional, ONG Brasil é um evento sem fins lucrativos, direcionado para o desenvolvimento e a capacitação das Organizações Não Governamentais (ONGs) Brasileiras e/ou com atuação no País. Site Oficial: http://www.ongbrasil.com.br/index.php?pgID=perfil-evento</s>
    <s>Leia mais…</s>
    <s>I Congresso de Áreas Verdes - Florestas Urbanas</s>
    <s>Dias 27, 28 e 29 de Outubro de 2011. INSCRIÇÕES ABERTAS PARA ENTREGA DOS TRABALHOS. A inscrição dos trabalhos será efetivada através da entrega do envelope lacrado contendo o trabalho na forma física e digital, conforme item 5.3, juntamente com a ficha de inscrição, no período de 18 de abril de 2011 a 17 de junho de 2011, no protocolo da Secretaria Municipal do Verde e do Meio Ambiente, até às 16 horas, ou através do envio do material por correio aos cuidados da Comissão Organizadora do I Congresso de Áreas Verdes, Secretaria Municipal do Meio Ambiente, Rua do Paraíso 387, térreo, CEP 04103-000, São Paulo, SP.</s>
    <s>Leia mais…</s>
    <s>EcoSummit 2012 - Ecological Sustainability</s>
    <s>30 september - 05 october, 2012. Columbus - Ohio - USA. EcoSummit 2012 will bring together the world's most respected minds in ecological science to discuss restoring the planet's ecosystems. Come hear Nobel Prize laureate Elinor Ostrom, Pulitzer Prize winners E.O. Wilson and Jared Diamond, Kyoto Prize winner Simon Levin, Stockholm Water Prize laureates Sven Jørgensen and Bill Mitsch, and many others in the first conference ever linking the Ecological Society of America (ESA), The International Association for Ecology (INTECOL) and the Society for Ecological Restoration International (SER).</s>
    <s>Leia mais…</s>
    <s>VII Fórum Brasileiro de Educação Ambiental - 2012</s>
    <s>De 28 a 31 de março de 2012, no Centro de Convenções da cidade do Salvador/Bahia. O evento tem como tema central EDUCAÇÃO AMBIENTAL: Rumo a Sociedades Sustentáveis e se desdobra em três eixos temáticos, e seus desafios focais: 1 - Redes Sociais: COMO PODEMOS FORTALECER O PROTAGONISMO DA EDUCAÇÃO AMBIENTAL EM REDE, DIANTE DAS POLÍTICAS PÚBLICAS AMBIENTAIS E DE SUSTENTABILIDADE? 2 - RIO+20: COMO A EDUCAÇÃO AMBIENTAL PODE CONTRIBUIR PARA OS EIXOS DA RIO +20: Economia verde para o desenvolvimento sustentável e a eliminação da pobreza / Arcabouço institucional para o desenvolvimento sustentável (governança internacional). 3 - Tratado de Educação Ambiental para Sociedades Sustentáveis e Responsabilidade Global. COMO O TRATADO ESTÁ PRESENTE ATUALMENTE NA AÇÃO DO EDUCADOR AMBIENTAL BRASILEIRO?</s>
    <s>Leia mais…</s>
    <s>II SIRS - Simpósio sobre Resíduos Sólidos</s>
    <s>De 30 de novembro a 02 de dezembro de 2011. São Carlos - EESC/USP - Anfiteatro &quot;Jorge Caron&quot;. O SIRS tem como objetivos: - reunir pesquisadores nacionais e internacionais, estudantes, representantes do Poder Público, da sociedade civil e da iniciativa privada que desenvolvam experiências na temática dos Resíduos Sólidos; - promover debates acerca dos problemas relacionados ao tema; - divulgar pesquisas e experiências na área para a comunidade científica e a sociedade em geral; - articular profissionais e instituições para futuras parcerias.</s>
    <s>Leia mais…</s>
    <s>IX Congresso de Ornitologia Neotropical e VIII Congresso Peruano de Ornitologia</s>
    <s>Neotropical Sociedade Ornitológica (NOS) e no Peru de Ornitologia da União (UNOP) têm o prazer de anunciar o nono Congresso de Ornitologia Neotropical (NOC) e VIII Congresso Peruano de Ornitologia (CPO), que será realizada em Cusco, Peru 8-14 novembro de 2011.</s>
    <s>Leia mais…</s>
    <s>57ª Reunião Anual da Região Brasileira de Biometria - RBRAS</s>
    <s>De 05/05/2012 a 09/05/2012. Local: ESALQ/USP - Piracicaba, SP. Site: http://www.esalq.usp.br/svcex/evento.php?id=1069</s>
    <s>Leia mais…</s>
    <s>IX SIGA - Seminário para Interação em Gestão Ambiental e II SIGA Ciência - Simpósio Científico em Gestão Ambiental</s>
    <s>De 19/05/2012 a 21/05/2012. Local: Anfiteatro do Pavilhão da Engenharia, ESALQ, Piracicaba, SP, Brasil. Site: http://www.esalq.usp.br/svcex/evento.php?id=1097</s>
    <s>Leia mais…</s>
    <s>III Simpósio sobre Mudanças Climáticas e Desertificação no Semiárido Brasileiro</s>
    <s>Data: de 25 a 27 de outubro de 2011. Estudos científicos comprovaram que a terra vem passando por alterações relacionadas ao clima produzindo efeitos significativos em fatores meteorológicos, principalmente a ocorrência do aumento da temperatura mundial ou aquecimento global e conseqüente aumento do processo de desertificação. O Semiárido brasileiro já apresenta sinais de vulnerabilidade aos efeitos do processo de desertificação que vem ocorrendo na região. Nesse caso, as instituições de pesquisa regionais e nacionais já vêm se preocupando com os temas de mudanças climáticas e seus efeitos intensificando as discussões sobre cenários futuros utilizando modelos climáticos e os riscos de desertificação, a fim de obter soluções sobre possíveis adaptações às mudanças climáticas, principalmente no que se refere à conservação dos recursos naturais, produtividade agrícola e qualidade de vida. Local: Complexo Multieventos da Universidade Federal do Vale do São Francisco (UNIVASF), Campus Juazeiro-BA, Avenida Antonio Carlos Magalhães, 510 - Santo Antônio. CEP: 48902-300 - Juazeiro/BA.</s>
    <s>Leia mais…</s>
    <s>8th International Conference on Urban Climate – ICUC 8 and 10th Symposium on the Urban Environment</s>
    <s>6th - 10th August 2012 - Dublin, Ireland. The International Association for Urban Climate (IAUC) and the American Meteorological Society (AMS) Board of the Urban Environment (BUE) warmly invite you to the joint 8th International Conference on Urban Climate (ICUC8) and AMS 10th Symposium on the Urban Environment to be held in Dublin, Ireland from August 6–10, 2012. These meetings are preeminent events for the presentation of research on the urban climate effect at all scales and have set important benchmarks for the development of the field. The aims of this joint conference are to provide an international forum where the world’s urban climatologists can discuss modern developments in research, and the application of climatic knowledge to the design of better cities. Site: http://www.icuc8.org/</s>
    <s>Leia mais…</s>
    <s>3º SEMINÁRIO INTERNACIONAL &quot;SUSTENTABILIDADE NA UNIVERSIDADE&quot;</s>
    <s>Nas últimas décadas, pelo menos desde a Conferência das Nações Unidas sobre Ambiente e Desenvolvimento celebrada em 1992 no Rio de Janeiro, assistimos à emergência do movimento global para incorporar princípios de sustentabilidade nos regimentos e práticas das instituições de educação superior. No 3º Seminário Internacional Sustentabilidade na Universidade, que será realizado de 17 a 19 de novembro de 2011, no Anfiteatro de Convenções Jorge Caron, na Escola de Engenharia de São Carlos (EESC) da USP, serão apresentadas abordagens e experiências de inserção da dimensão socioambiental em funções e atividades primordiais das instituições de educação superior – o ensino, a extensão e a gestão. Site: http://www.projetosustentabilidade.sc.usp.br/</s>
    <s>Leia mais…</s>
    <s>V SAPIS - V Seminário Brasileiro sobre Áreas Protegidas e Inclusão Social</s>
    <s>De 16 a 19 de novembro de 2011, no Campus Universitário da UFAM - Universidade Federal do Amazonas, com organização pelos Programas de Pós-Graduação em Geografia e Ciências do Ambiente e Sustentabilidade da Amazônia da Universidade Federal do Amazonas/UFAM.</s>
    <s>Leia mais…</s>
    <s>Congresso da International Solid Waste Association - ISWA 2011</s>
    <s>De 17 e 20 de outubro de 2011 em Daegu, Korea. O Congresso ISWA 2011 será uma oportunidade para a troca de conhecimento e experiências em gestão sustentável de resíduos e questões ambientais com outros cientistas, acadêmicos, profissionais e agentes políticos de todo o mundo.</s>
    <s>Leia mais…</s>
    <s>XIII Feira Internacional de Meio Ambiente Industrial e Sustentabilidade</s>
    <s>A FIMAI - Feira Internacional de Meio Ambiente Industrial e Sustentabilidade, que acontecerá nos dias 8, 09 e 10 de novembro de 2011, no Pavilhão Azul, do Expo Center Norte, em São Paulo, SP, representa uma mostra atualizada de opções na área ambiental e possibilita o contato com os mais importantes especialistas e empresários atuantes no Brasil.</s>
    <s>Leia mais…</s>
    <s>Water &amp; Environment 2012 CIWEM'S ANNUAL CONFERENCE</s>
    <s>Olympia Conference Centre | London | 20th-21st March 2012. The aim of the conference is to challenge and inspire the water and environment community by sharing knowledge and best practice, which is at the heart of meeting key global challenges for a low-carbon future. There will be a mix of keynote speakers, offered papers, exhibitions and networking opportunities that will make this the key event for water and environment professionals. This conference is organised on an academic model, where there is a call for presentations and speakers will be selected on that basis by the conference programme committee. Site: http://www.ciwem.org/events/annual-conference.aspx</s>
    <s>Leia mais…</s>
    <s>IV Simpósio de Restauração Ecológica</s>
    <s>De 16/11/2011 a 18/11/2011. Local: Instituto de Botânica, Avenida Miguel Stéfano, 3687, bairro Água Funda - São Paulo - SP. Com o objetivo de fortalecer o intercâmbio de experiências e informações entre pesquisadores, estudantes, técnicos, produtores e empresários; transferir e difundir conhecimento e novas tecnologias relacionadas à restauração ecológica, contemplando as mais diversas condições do país. Coordenador: Luiz Mauro Barbosa. Mais informações: http://www.ibot.sp.gov.br/index.php</s>
    <s>Leia mais…</s>
    <s>IWA 4 ª CONFERÊNCIA SOBRE ODORES E COV: EMISSÃO, TÉCNICAS DE CONTROLE, MEDIDAS DE DISPERSÃO E DO IMPACTO</s>
    <s>De 17/10/11 a 21/10/11. Vitória - ES. Para mais informações: Universidade Federal do Espírito Santo. Tel: (27) 3335 2066. email: jane.santos@pq.cnpq.br</s>
    <s>Leia mais…</s>
    <s>III Encontro Internacional de Governança da Água</s>
    <s>O evento visa colocar em debate temas transversais e interdisciplinares na Governança da Água. Coloca-se hoje a necessidade de aprofundar a reflexão e o debate em torno da realidade que permeia a problemática da água no Brasil em diálogo com outras realidades. Os temas a serem abordados são hoje estratégicos para enfrentar os principais desafios que se colocam quanto à governança da água em áreas urbanas, periurbanas, rurais, e costeiras. Data: 7 a 9 de novembro de 2011. Local: Universidade de São Paulo (USP), São Paulo- SP.</s>
    <s>Leia mais…</s>
    <s>VIII Simpósio Internacional de Qualidade Ambiental</s>
    <s>Local: Centro de Eventos da PUCRS, Porto Alegre, RS, Brasil. de 11 a 13 de junho de 2012. O objetivo é reunir profissionais, pesquisadores e estudantes de pós-graduação que atuam na área ambiental para discutir e divulgar a temática: Resíduos: tecnologias, economia e sociedade. Site Oficial: http://www.abes-rs.org.br/qualidade2012/</s>
    <s>Leia mais…</s>
    <s>15° Congresso Brasileiro de Arborização Urbana – 15° CBAU e o 1° Congresso Ibero-americano de Arborização Urbana – 1° CIAU</s>
    <s>De 06 a 11 de novembro em Recife, PE. Site oficial: http://www.cbaurecife2011.com.br/ . A Sociedade Brasileira de Arborização Urbana – SBAU, a International Society of Arboriculture - ISA e a Prefeitura da Cidade do Recife por meio da Secretaria de Meio Ambiente estão à frente na promoção e realização desse congresso internacional. O 15° CBAU &amp; 1° CIAU com foco direcionado na “Responsabilidade Pública e Qualidade Ambiental”, abraçam o Ano Internacional das Florestas incluindo-o na temática da programação do evento. Contando com a experiência de renomados palestrantes brasileiros e internacionais, esse Congresso Internacional será o maior fórum para discussões e soluções no cenário do paisagismo das cidades, em especial da arboricultura, voltado às práticas adequadas, à arborização e as florestas urbanas. As questões ambientais abordadas estarão associadas a biomas e ecossistemas cujas buscas das relações ecológicas favoreçam o equilíbrio biológico, imprescindíveis ao bem-estar humano.</s>
    <s>Leia mais…</s>
    <s>1st International Conference on Environmental and Economic Impact on Sustainable Development</s>
    <s>Incorporating Environmental Economics, Toxicology and Brownfields. 3 -5 July, 2012. New Forest, UK. The 1st International Conference on Environmental Impact and Development originated from the need to provide an inter-disciplinary forum where the most serious problems affecting sustainable development can be discussed. The basic premise is that development projects need to consider the most pressing issues related to environmental impacts in order to provide complete solutions. Site: http://www.wessex.ac.uk/12-conferences/environmental-impact-2012.html</s>
    <s>Leia mais…</s>
    <s>VII Congresso Brasileiro de Geotecnia Ambiental - REGEO 2011 e o VI Simpósio Brasileiro de Geossintéticos.</s>
    <s>Este será o fórum para discussão de desenvolvimentos relativos a estudos e projetos, construção e proteção ambiental nas áreas de mineração, disposição de resíduos, áreas degradadas e uso de geossintéticos na engenharia. Data: 21 a 24 de novembro de 2011, Campus da Universidade de Minas Gerais.</s>
    <s>Leia mais…</s>
    <s>I SIMPÓSIO INTERNACIONAL DE ECOLOGIA</s>
    <s>De 23 a 26.10.2011 no Anfiteatro &quot;Florestan Fernandes&quot; - UFSCar, São Carlos, SP. Neste ano de 2011, o I Simpósio Internacional de Ecologia reunirá pesquisadores para celebrar os 35 anos de pós-graduação em Ecologia no Brasil. Os objetivos principais deste encontro são: 1) discutir os avanços da pesquisa ecológica e da formação de profissionais qualificados, e 2) consolidar a contribuição da ecologia para a resolução de problemas de conservação da diversidade biológica.</s>
    <s>Leia mais…</s>
    <s>VII Congresso Nacional de Excelência em Gestão</s>
    <s>Nesta sétima edição, o Congresso Nacional de Excelência em Gestão vem enfatizar a Gestão de Riscos para a Sustentabilidade, e busca a difusão das informações geradas no âmbito dos centros de pesquisa por meio de palestras, artigos e troca de experiência entre a academia e as organizações, situação que é viabilizada pelo perfil variado do público que tem acompanhado este congresso. Locais: 12 de agosto de 2012 - FIRJAN-RJ, Av. Graça Aranha, 1 - Centro, Rio de Janeiro, RJ. No dia 13 de agosto de 2012 - Escola de Engenharia da Universidade Federal Fluminense, Rua Passo da Pátria, 156 – São Domingos – Niterói – RJ. Site Oficial: http://www.excelenciaemgestao.org/</s>
    <s>Leia mais…</s>
    <s>XVI Congresso Brasileiro de Mecânica dos Solos e Engenharia Geotécnica – COBRAMSEG e V Simpósio Brasileiro de Jovens Geotécnicos - GEOJOVEM</s>
    <s>Os eventos se constituem em um fórum privilegiado de debates sobre a Geotecnia. A temática é abrangente, envolvendo todas as áreas do conhecimento, necessárias à prática de profissionais em obras geotécnicas de infraestrutura civil. De 15 a 18 de setembro de 2012, em Porto de Galinhas – PE.</s>
    <s>Leia mais…</s>
    <s>HELP International Symposium 2011 “Building Knowledge Bridges for a Sustainable Water Future”</s>
    <s>Panama, Republic of Panama, 21-24 november. The Organizing Committee (UNESCO IHP, the Panama Canal Authority, the National Environmental Authority, the Panamanian National Committee for the International Hydrological Program, the International Center for Sustainable Development, and the Interinstitutional Commission for the Panama Canal Watershed) is committed to make your participation in this symposium worthwhile and an extraordinary experience at the heart of the Latin American region. Site: http://www.helpsymposium.com</s>
    <s>Leia mais…</s>
    <s>Fórum Social Temático Justiça Social e Ambiental Preparatório para a Rio+20</s>
    <s>Entre 24 e 29 de fevereiro de 2012, em Porto Alegre, RS. O Fórum Temático faz parte do calendário de mobilizações até a Cúpula do Povos (nome ainda não definitivo), encontro da sociedade civil mundial paralelo à Conferência das Nações Unidas Rio+20, marcada para junho de 2012, no Rio de Janeiro (RJ). A Cúpula será aos moldes do Fórum Global, da ECO-92. Cerca de 150 organizações e movimentos sociais de todo o mundo estiveram no Rio, entre 1o e 2 de julho, para dar início à preparação a um seminário sobre a Rio + 20 e à Cúpula. A ação foi organizada pelo Comitê Facilitador da Sociedade Civil Brasileira para a Rio + 20.</s>
    <s>Leia mais…</s>
    <s>Feira Internacional de Ciência e Tecnologia para Reciclagem/Recuperacão de Resíduos – SIMBIOSE</s>
    <s>DATA: 14 a 16 de março de 2012 LOCAL: Centro de Eventos FIERGS CIDADE: Porto Alegre – RS Informações para reserva de espaço na Feira simbiose@institutoventuri.net.br</s>
    <s>Leia mais…</s>
    <s>IX Jornada de la Red Temática de Medio Ambiente</s>
    <s>De 07 al 11 de noviembre de 2011, Montevideo. La Asociación de Universidades Grupo Montevideo –AUGM- reúne actualmente 28 universidades públicas de América del Sur. Fue fundada en 1991, teniendo entre sus objetivos fomentar: o La investigación científica y tecnológica o La formación continua asociada al desarrollo integral de la población de la región o La interacción de sus miembros con la sociedad en su conjunto. El Comité Académico de Medio Ambiente –CMA- es uno de los veintisiete agrupamientos académicos que posee actualmente la AUGM.</s>
    <s>Leia mais…</s>
    <s>Semana IGD de Direito da Energia</s>
    <s>A Semana IGD de Direito da Energia objetiva criar situação de treinamento concentrado e intensivo, de forma a atualizar e aprofundar experiências acadêmicas e profissionais. Ao mesclar profissionais de diferentes formações, muitos à frente de grandes instituições setoriais, há a busca da identificação da política pública energética enquanto objeto de estudo do Direito da Energia. De 03 a 07/10/2011, local: Pergamon Hotel, Rua Frei Caneca, 80 – Consolação – São Paulo – SP. Telefone do Hotel: (11) 3123-2021.</s>
    <s>Leia mais…</s>
    <s>I SEMINÁRIO ESPAÇOS COSTEIROS</s>
    <s>De 26 a 29/11/2011, Instituto de Geociências UFBA. Os espaços costeiros representam espaços particulares em razão da interface entre continente e mar, abrangendo determinados ecossistemas e privilegiando usos específicos ou privilegiados do espaço. A geografia serve a responder sobre a especificidade desses usos, assim como sobre os conflitos, reais ou potenciais, entre eles. Contudo, outros saberes disciplinares contribuem também a enriquecer as análises, assim como o fazem os aportes dos saberes tradicionais de populações costeiras. Assim sendo, o Iº Seminário sobre espaços costeiros reunirá estudiosos de diversos campos do conhecimento provenientes de universidades baianas, federal e estaduais, assim como representantes de órgãos públicos, movimentos sociais e comunidades locais. Serão privilegiadas as discussões relativas a três grandes questões presentes no Estado da Bahia, a saber: pesca e aqüicultura, litoral urbano e grandes indústrias e infraestruturas no litoral.</s>
    <s>Leia mais…</s>
    <s>II Congresso Internacional de Saúde Ambiental - CISA 2012</s>
    <s>Será realizado em Lisboa, na Escola Superior de Tecnologia da Saúde de Lisboa. Site: http://www.estesl.ipl.pt/Page/86/Destaques.aspx Será postado mais informações assim que as divulgarem.</s>
    <s>Leia mais…</s>
    <s>Conferência das Nações Unidas sobre o desenvolvimento sustentável - RIO+20</s>
    <s>Acontecerá no Rio de Janeiro, no Brasil, de 4 a 6 de junho de 2012. Esta conferencia avaliará os compromissos dos Estados sobre a questão da economia verde e do desenvolvimento sustentável. Várias organizações das sociedades civis se mobilizam para este evento.</s>
    <s>Leia mais…</s>
    <s>IV Congresso Brasileiro de Jornalismo Ambiental</s>
    <s>Dias 12, 13, 14 e 15 de outubro no Rio de Janeiro. Foi definido para outubro deste ano (2011), na cidade do Rio de Janeiro, o IV Congresso Brasileiro de Jornalismo Ambiental. O evento, antes programado para 2012, foi antecipado pela comissão organizadora para estimular o debate e os preparativos da conferência Rio+20, marcada para o próximo ano, também na capital fluminense.</s>
    <s>Leia mais…</s>
    <s>FIEMA BRASIL-Feira Internacional de Tecnologia para o Meio Ambiente - 5ª Edição</s>
    <s>A Fiema Brasil 2012 concretiza os princípios de sustentabilidade ao concentrar em um mesmo cenário – o Parque de Eventos de Bento Gonçalves – o maior número de empresas e organizações voltadas para a produção de tecnologia, soluções e serviços focados no meio ambiente. De 24 a 27 de abril de 2012, em Bento Gonçalves-RS.</s>
    <s>Leia mais…</s>
    <s>FIMAI/SIMAI 2011 Feira e Seminário Internacional de Meio Ambiente Industrial e Sustentabilidade</s>
    <s>Dias 8, 09 e 10 de novembro de 2011. Expo Center Norte - Pavilhão Azul - São Paulo - SP. Rua José Bernardo Pinto, 333 - Vila Guilherme.</s>
    <s>Leia mais…</s>
    <s>1º Seminário Internacional Água e Transdisciplinaridade: para uma ecologia de saberes</s>
    <s>Apresentações, palestras e debates ocorrem de 9 a 11 de novembro no Senado Federal e na Universidade de Brasília. Trabalhos podem ser inscritos até 10 de setembro. Discutir a relação do homem com a água e os desafios para a educação, promoção da saúde e gestão da água são alguns dos objetivos do 1º Seminário Internacional Água e Transdisciplinaridade: para uma ecologia de saberes, promovido pelo Centro de Estudo Transdisciplinar da Água e coordenado pela Agência Nacional de Águas (ANA) em parceria com o Senado Federal e a Universidade de Brasília. O seminário acontece na capital federal, entre 9 e 11 de novembro de 2011, e as inscrições seguem abertas até que as 300 vagas ofertadas sejam preenchidas.</s>
    <s>Leia mais…</s>
    <s>2nd International Seminar on Environmental Issues for the Mining Industry — ENVIROMINE 2011</s>
    <s>Santiago in the Sheraton Santiago Hotel &amp; Convention Center from 23 to 25 November 2011. Past mining operations have left a historical legacy of negative environmental impacts that affect the community perception of mining. Many of these impacts are a result of gradual geochemical changes of the mined area caused by the large amount of mine waste exposed to weathering. The potentially detrimental effects caused by mineral extraction mean that most mining projects can be viewed as waste management projects. Such management requires that predictive tools, design performance and monitoring be effective for many decades due to the long-term nature of mining impacts. Site: http://www.enviromine.cl</s>
    <s>Leia mais…</s>
    <s>RECICLAÇÃO 2012</s>
    <s>O tema Reciclagem e Meio Ambiente Industrial estará em pauta na sétima edição do evento RECICLAÇÃO - Feira Brasileira de Reciclagem, Tecnologia e Meio ambiente Industrial que acontecerá no período de 27 a 30 de Junho de 2012, no centro de eventos Expo Unimed Curitiba. Mais informações: http://www.montebelloeventos.com.br/reciclacao/</s>
    <s>Leia mais…</s>
    <s>V Simpósio Internacional de Geografia Agrária e VI Simpósio Nacional de Geografia Agrária</s>
    <s>Questões Agrárias na Panamazônia No Século XXI: usos e abusos do território é o tema que orientará as reflexões do V Simpósio Internacional de Geografia Agrária e do VI Simpósio Nacional de Geografia Agrária, que acontecerá em Belém, Pará, no período de 7 a 11 de novembro de 2011, na Universidade Federal do Pará Campus do Guamá.</s>
    <s>Leia mais…</s>
    <s>10 Simposio de Geología Aplicada a la Ingeniería y al Ambiente</s>
    <s>Na Província de Cordoba - Argentina no período de 24 a 26 de outubro de 2012.</s>
    <s>Leia mais…</s>
    <s>Fórum Mundial da Água de 2012 WWC</s>
    <s>De 12 a 17 de março de 2012, Marselha, França. Este é o maior evento mundial sobre o tema e reúne mais de 20 mil pessoas entre líderes políticos, representantes de governos, ONGs, profissionais e cientistas ligados ao tema a cada três anos. Site oficial: http://www.worldwaterforum6.org/index.php?id=80&amp;no cache=1&amp;tx ttnewstt news=290</s>
    <s>Leia mais…</s>
    <s>EcoSummit 2012 - Sustentabilidade Ecológica</s>
    <s>De 30/09 a 05/10/2012. Columbus, Ohio, USA.</s>
    <s>Leia mais…</s>
    <s>Ações do documento</s>
    <s>Nome do Usuário</s>
    <s>Os cookies não estão habilitados. Você precisa ativar os cookies antes de poder acessar.</s>
    <s>Esqueceu sua senha?</s>
    <s>Próximos Eventos</s>
    <s>Próximos eventos…</s>
    <s>Trabalhos Discentes</s>
    <s>Banco de Publicações Externas</s>
    <s>XVIII-CIC/UFSCar 2010</s>
    <s>Próximos Eventos</s>
    <s>Próximos eventos…</s>
    <s>Folha Online - Ambiente</s>
    <s>Dupla belga tentará bater recorde de expedição para Antártida 18/10/2011</s>
    <s>© 2010 Curso de Bacharelado em Gestão e Análise Ambiental - UFSCar Tel: (16) 3351.9776 - gestaoambiental@ufscar.br</s>
    <s>AtençãoOs eventos publicados nesta página não são necessariamente organizados pelo curso, sendo em sua maioria realizados por outras instituições sem vinculo algum com a UFSCar. Por Favor, verifique o contato e informações nos respectivos banners ou sites dos eventos publicados.</s>
    <s>As inscrições para participação no evento são gratuitas e podem ser realizadas por meio do preenchimento da ficha de inscrição disponível no site www.saocarlos.sp.gov.br, e enviando-a para o endereço: meioambiente@saocarlos.sp.gov.br. ou por telefone (16) 3364-3269. Consulte a programação do evento e faça já a sua inscriçãoPara maiores informações: (16) 3364-3269; meioambiente@saocarlos.sp.gov.br</s>
  </text>
</page>
