<?xml version="1.0" encoding="UTF-8"?>
<!DOCTYPE page SYSTEM "page.dtd">
<page>
  <lang>pt</lang>
  <url>http://gter.nic.br/reunioes/gter-21/como-patrocinar</url>
  <title>Como Patrocinar — GTER</title>
  <snippet>
    <s>9 maio 2006 As conferências são selecionadas pelos Comitês de Programa, entre as O patrocinador só terá direito a uma palestra durante o evento, se sua Para uma relação dos membros dos Comitês de Programa, favor consultar: </s>
  </snippet>
  <text>
    <s>Skip to content. Skip to navigation</s>
    <s>Site Map</s>
    <s>Search Site</s>
    <s>Advanced Search…</s>
    <s>Como Patrocinar</s>
    <s>You are here: Home -&gt; Reuniões -&gt; GTER - 21 -&gt; Como Patrocinar</s>
    <s>GTER - 33</s>
    <s>GTER - 32</s>
    <s>GTER - 31</s>
    <s>GTER - 30</s>
    <s>GTER - 29</s>
    <s>GTER - 28</s>
    <s>GTER - 27</s>
    <s>GTER - 26</s>
    <s>GTER - 25</s>
    <s>GTER - 24</s>
    <s>GTER - 23</s>
    <s>GTER - 22</s>
    <s>GTER - 21</s>
    <s>Programa &amp; Videos das Apresentações</s>
    <s>Vídeos do Evento</s>
    <s>Comitê do Programa</s>
    <s>Chamada para Apresentações</s>
    <s>Como Patrocinar</s>
    <s>Sugestões de Entretenimento</s>
    <s>GTER - 20</s>
    <s>GTER - 19</s>
    <s>GTER - 18</s>
    <s>GTER - 17</s>
    <s>GTER - 16</s>
    <s>GTER - 15</s>
    <s>GTER - 14</s>
    <s>Como Patrocinar</s>
    <s>Como Patrocinar</s>
    <s>Document Actions</s>
    <s>Como Patrocinar</s>
    <s>by gerente -- last modified 2006-05-09 13:48</s>
    <s>Reuniões GTS / GTER</s>
    <s>Dias 26 e 27 de junho de 2006 o NIC.br e o Registro.br, com o apoio do CINTED-UFRGS promovem em Porto Alegre, a reunião 1/2006 do GTS - Grupo de Trabalho em Segurança de Redes (http://gts.nic.br) em conjunto com a 21ª Reunião do GTER - Grupo de Trabalho de Engenharia e Operação de Redes (http://gter.nic.br).</s>
    <s>As reuniões do GTER e GTS são eventos periódicos (anual, com possibilidade de até 2 reuniões por ano) realizados por estes que são grupos de trabalho do Comitê Gestor da Internet no Brasil.</s>
    <s>Ao longo do evento ocorrem apresentações de palestras e tutoriais sobre engenharia e segurança de redes, além de serem discutidas questões práticas que influenciam as operações da Internet no Brasil. Desta forma compartilham-se aplicações e experiências de sucesso nas áreas, envolvendo novas tecnologias de engenharia e segurança, com estudos de casos.</s>
    <s>Público Alvo</s>
    <s>O público das Reuniões GTER/GTS é formado pelos principais profissionais das diversas áreas de engenharia, operações e segurança de redes e Internet no Brasil. Participam desde o pessoal técnico de operações, até as áreas de gerência. Cerca de 90% do público é composto por profissionais, enquanto que 10% são estudantes de nível superior nas áreas de engenharia, ciência da computação e correlatos. No último evento houveram 421 inscritos e a expectativa para esta versão um pouco mais regional é de 200 participantes.</s>
    <s>As conferências são selecionadas pelos Comitês de Programa, entre as propostas encaminhadas pelas comunidades de engenharia e segurança.</s>
    <s>O enfoque é dado a apresentações técnicas que procurem compartilhar aplicações práticas e experiências de sucesso na área, envolvendo novas tecnologias de engenharia e segurança e estudos de casos. Não é permitido enfoque em tecnologias e métodos proprietários.</s>
    <s>Os patrocínios solicitados são:</s>
    <s>1) Coffee break (Dois por dia, sendo que no 1º dia excepcionalmente precisaremos de 1 noturno em virtude da realização dos cursos, totalizando a necessidade de 5 Coffee Breaks durante todo o evento - o patrocinador escolhe quantos quer patrocinar).</s>
    <s>2) Camisetas (São distribuídas a todos os participantes, muitos a utilizam durante o evento) </s>
    <s>Alguns valores finais dependem do número de inscritos. Os valores aproximados de referência são os seguintes:</s>
    <s>1) Coffee break: Custo aproximado: R$ 12,00 a R$ 15,00 por pessoa, por coffee-break (depende da quantidade de itens e qualidade).</s>
    <s>2) Camisetas: Custo estimado de R$ 18,00  - camisa pólo, R$ 13,00 - camiseta   </s>
    <s>Benefícios associados ao patrocínio</s>
    <s>Associação da imagem ao evento, com permissão de exploração publicitária;</s>
    <s>Inserção da logomarca nas peças de identificação durante o evento (Banners, faixas de mesa – confeccionados pelo promotor do evento);</s>
    <s>Inserção de material promocional no kit de inscrição;</s>
    <s>Exposição no website do evento, com o logotipo do patrocinador em destaque;</s>
    <s>Menção sobre o patrocinador nas listas eletrônicas do evento;</s>
    <s>Menção sobre o patrocinador durante o evento;</s>
    <s>Imagem de projeção dos patrocinadores durante os intervalos;</s>
    <s>Obs.:No caso de patrocínios de Coffee Break , Banners¹ são colocados como referência a empresa patrocinadora nos ambientes montados para tais finalidades. </s>
    <s>¹confeccionados pelo promotor do evento</s>
    <s>Observações importantes </s>
    <s>O patrocinador só terá direito a uma palestra durante o evento, se sua proposta de apresentação for aprovada pelos Comitês de Programa. Ser um patrocinador não dá o direito de fazer uma apresentação, pois o evento é rigorosamente contra apresentações voltadas para produtos específicos e proprietários, do tipo &quot;soluções&quot; e propaganda. Esta política não é negociável.</s>
    <s>A listagem dos endereços de e-mail dos inscritos não é cedida em nenhuma hipótese, para evitar o eventual uso para envio de &quot;spam&quot; e demais tipos de mensagens não solicitadas. Esta política também não é negociável.</s>
    <s>Já Patrocinaram as reuniões GTS/GTER</s>
    <s>Brasil Telecom, Banco Real ABN AMRO, Cisco Systems, Foundry Networks, Iqara, Livraria Tempo Real, M13 Tecnologia, Nortel Networks, RedeRio, Riverstone Networks, SonicWall, Telefônica Empresas, UFRJ, dentre outros.</s>
    <s>Como este evento não é uma feira de TI para o público em geral, ele *nãoé amplamente divulgado na mídia. O público alvo não é o público geral, mas sim uma comunidade reservada de profissionais especializados na área de engenharia, segurança e operações de redes.   Mais especificamente os participantes costumam ser proveniente do público das listas de discussão dos GTs (Grupos de Trabalho) do Comitê Gestor da Internet no Brasil (GTER-L e GTS-L), incluindo uma parcela de estudantes de nível superior das áreas de TI.</s>
    <s>A manutenção do público alvo restrita à comunidade de profissionais especializados é essencial para viabilizar que o evento continue sendo oferecido gratuitamente pelo Comitê Gestor da Internet no Brasil, que financia as despesas com local e auxílio aos palestrantes.</s>
    <s>Os eventos são transmitidos ao vivo via protocolo RTSP - RealVideo (tm), e os participantes remotos podem interagir por intermédio de mensagens eletrônicas.</s>
    <s>Comitês de Programas</s>
    <s>Para uma relação dos membros dos Comitês de Programa, favor consultar: </s>
    <s>Dados para Contato</s>
    <s>NIC .br - Núcleo de Informação e Coordenação do Ponto BR</s>
    <s>Av. das Nações Unidas, 11541 - 7º andar - Brooklin Novo - São Paulo - SP</s>
    <s>Telefone: 11 55093511</s>
    <s>Site: www.nic.br www.registro.br</s>
    <s>Caroline D’Avo – Assessora de Eventos</s>
    <s>11 55093533</s>
    <s>Upcoming Events</s>
    <s>32ª Reunião, 02 e 03 de Dezembro de 2011 São Paulo - SP,</s>
    <s>33ª Reunião, 1o. semestre de 2012 Brasil,</s>
    <s>Upcoming events…</s>
    <s>« October 2011 »</s>
    <s>Organização GTER:</s>
    <s>The Plone™ Open Source Content Management System is Copyright (C) 2000-2011 by the Plone Foundation et al.</s>
    <s>Plone™ and the Plone logo are trademarks of the Plone Foundation. Distributed under the GNU GPL license.</s>
    <s>Powered by Plone, the Open Source Content Management System</s>
    <s>This site conforms to the following standards:</s>
    <s>Section 508</s>
    <s>Valid XHTML</s>
    <s>Valid CSS</s>
    <s>Usable in any browser</s>
    <s>Porto Alegre - 26 e 27 de junho de 2006</s>
  </text>
</page>
