<?xml version="1.0" encoding="UTF-8"?>
<!DOCTYPE page SYSTEM "page.dtd">
<page>
  <lang>pt</lang>
  <url>http://www.trt20.gov.br/sobre/reg_titulo02.htm</url>
  <title>Regimento Interno - Título II</title>
  <snippet>
    <s>Art. 33. Com a distribuição dos processos, relator e revisor ficarão a eles vinculados, .. 2º Rejeitada a preliminar ou a prejudicial, ou se com elas não for . do Ministério Público, para conferência e assinatura, no prazo de 3 (três) dias. </s>
  </snippet>
  <text>
    <s>Tlo II</s>
    <s>DA ORDEM DE SERVI DO TRIBUNAL</s>
    <s>Caplo I</s>
    <s>DA DISTRIBUIO</s>
    <s>Art. 30. Recebidos, registrados e autuados, os processos ser remetidos ao Ministo Po. Devolvidos, o Juiz-Presidente os distribuiro:p&gt;</s>
    <s>1 Os processos de competia origina do Tribunal ser conclusos ao Presidente.</s>
    <s>2 A distribui serealizada semanalmente, em audiia pa, em dia e hora divulgados oficialmente pela Presidia.</s>
    <s>3 Os mandados de segurancom pedido de liminar, os dissos coletivos decorrentes de greve, os habeas-corpus, os Recursos Ordinos Sumarimos e outros feitos, que a ju do Presidente do Tribunal, mere providias imediatas, ser desde logo, distribus, obedecidos os critos deste Regimento.</s>
    <s>4 Por conveniia de servi o Juiz-Presidente poderesignar outro Juiz do Tribunal para presidir a distribui dos feitos.</s>
    <s>Art. 31. Os processos serdistribus por classe, segundo a ordem em que forem apresentados.</s>
    <s>Art. 32. As classes de que trata o artigo anterior se dividirem:</s>
    <s>I - Dissos Coletivos (DC);</s>
    <s>II - Pedidos de Extens(PE);</s>
    <s>III - Revisde Senten Normativas (RSN);</s>
    <s>IV - Conflitos de Competia (CC);</s>
    <s>V - Suspeis e Impedimentos (S e I);</s>
    <s>VI - As Resciss (AR);</s>
    <s>VII - Mandados de Seguran(MS);</s>
    <s>VIII - Habeas-Corpus (HC);</s>
    <s>IX - Recursos Ordinos (RO);</s>
    <s>X - Recursos Ordinos Sumarimos (ROS);</s>
    <s>XI - Agravos de Instrumento (AI);</s>
    <s>XII - Agravos de Peti (AP);</s>
    <s>XIII - Agravos Regimentais (Arg);</s>
    <s>XIV - Medidas Cautelares (MC);</s>
    <s>XV - Restaura de Autos (RA);</s>
    <s>XVI - Processos de Aplica de Penalidades (PAP);</s>
    <s>XVII - Processos Administrativos (PA);</s>
    <s>XVIII - Recursos em Processos Administrativos (RPA);</s>
    <s>XIX - Arg de Inconstitucionalidade (Ain);</s>
    <s>XX - Embargos Declarats (ED).</s>
    <s>1 A distribui far-se-e forma a que nvenha a caber, a cada Juiz, semanalmente, mais de 45 (quarenta e cinco) processos, nesse n nse computando, os agravos de instrumento e os embargos declarats.</s>
    <s>2 Haverincula ao Juiz Relator dos processos que subirem ao Tribunal nos seguintes casos:</s>
    <s>a) provimento de agravo de instrumento;</s>
    <s>b) agravos ou incidentes processuais verificados na execu de julgado do Tribunal;</s>
    <s>c) houver o juiz funcionado como relator de medida cautelar ou preparat;</s>
    <s>d) tratar-se de causa conexa ou continente.</s>
    <s>Art. 33. Com a distribui dos processos, relator e revisor ficar a eles vinculados, independentemente de seus &quot;vistos&quot;.</s>
    <s>Parafo . O Juiz afastado por motivo de licenmca, por prazo superior a 15 (quinze) dias, nserontemplado.</s>
    <s>Art. 34. Seruspensa a distribui 15 (quinze) dias antes de o Juiz entrar em gozo de fas ou de licen</s>
    <s>1 O Juiz convocado participara distribui a partir da data de ino de sua convoca e ficarxclu a partir do 8 dia antecedente ao seu tino.</s>
    <s>2 Serambsuspensa a distribui durante os 15 (quinze) dias que antecederem o recesso anual na Justido Trabalho.</s>
    <s>Art. 35. Distribus, os autos serremetidos em 24 (vinte e quatro) horas, onclusdo relator e em igual prazo por este, aponclus de seu voto, remetidos ao revisor.</s>
    <s>1 O revisor ser Juiz imediato em antig ao relator; quando este for mais novo, o revisor ser mais antigo.</s>
    <s>2 Nas matas administrativas e nos processos administrativos de competia origina do Tribunal, serelator o Presidente, salvo em recurso contra ato seu.</s>
    <s>3 Nos embargos de declara serelator o do aco embargado. Ausente este, seros autos distribus a um dos Jus que o tiver acompanhado na vota.</s>
    <s>Art. 36. Haverm livro de distribui para cada classe de processo.</s>
    <s>Caplo II</s>
    <s>DO RELATOR E DO REVISOR</s>
    <s>Art. 37. Compete ao relator:</s>
    <s>I - ordenar, mediante despacho nos autos, a realiza das diligias julgadas necessas nstru do processo e fixar prazo para o seu cumprimento;</s>
    <s>II - processar os incidentes de falsidade, suspei, impedimento, atentado, habilita e restaura de autos nos feitos de competia do Tribunal;</s>
    <s>III - requisitar os autos originais dos processos que subirem a seu exame em translado e, bem assim, os feitos com os quais tenham conexou dependia;</s>
    <s>IV - decidir sobre homologa de acordos e desistias, ressalvada a hipe de disso coletivo;</s>
    <s>V - solicitar audiia da Procuradoria Regional do Trabalho;</s>
    <s>VI - resolver os incidentes que ndependam de aco e determinar as diligias indispensis ao julgamento;</s>
    <s>VII - devolver, com a minuta do relat, dentro de 15 (quinze) dias, contados do seu recebimento, os feitos que lhe forem distribus, neles apondo o seu &quot;visto&quot;;</s>
    <s>VIII - apreciar desistias de recursos;</s>
    <s>IX - praticar os demais atos que, por disposi legal ou deste Regimento, sejam-lhe inerentes.</s>
    <s>Art. 38. Nhaverevisor nos processos de:</s>
    <s>I - embargos de declara;</s>
    <s>II - conflitos de competia;</s>
    <s>III - suspeis e impedimentos;</s>
    <s>IV - mandados de seguran</s>
    <s>V - agravos de instrumento;</s>
    <s>VI - aplica de penalidades;</s>
    <s>VII - recursos ordinos sumarimos;</s>
    <s>VIII - habeas-corpus ;</s>
    <s>IX - recursos em mata administrativa;</s>
    <s>X - agravos regimentais.</s>
    <s>Parafo . Serispensado o revisor no caso de acordo parcial ou total no curso do processo.</s>
    <s>Art. 39. O revisor devolvers autos com o &quot;visto&quot;, at10 (dez) dias, contados de seu recebimento.</s>
    <s>Art. 40. Participarbrigatoriamente do julgamento o Juiz que houver lano &quot;visto&quot; no processo, como relator ou revisor, ainda que investido nas funs de Presidente.</s>
    <s>Caplo III</s>
    <s>DAS PAUTAS DE JULGAMENTO</s>
    <s>Art. 41. As pautas de julgamento serorganizadas pela Secretaria do Tribunal Pleno com a aprova do Presidente.</s>
    <s>Parafo . Os processos que ncontenham &quot;visto&quot; do relator e do revisor, quando for o caso, nserinclus em pauta.</s>
    <s>Art. 42. A pauta serfixada na ante-sala do Pleno e publicada no o oficial com antecedia mma de 48 (quarenta e oito) horas.</s>
    <s>1 Independem de publica e pauta:</s>
    <s>I - habeas-corpus ;</s>
    <s>II - homologa de acordo;</s>
    <s>III - embargos de declara;</s>
    <s>IV - conflitos de competia;</s>
    <s>V - processos de aplica de penalidades;</s>
    <s>VI - assuntos administrativos e de economia interna;</s>
    <s>VII - agravos de instrumento;</s>
    <s>VIII - agravos regimentais;</s>
    <s>IX - exces de suspei ou impedimento.</s>
    <s>2 A comunica dos atos processuais autoridades e aos interessados sereita por via postal, telegrca, telex, f ac-sle , mandado, ou por qualquer outra espe de comunica.</s>
    <s>3 Os processos njulgados numa sesspermanecerna pauta, preferindo aos da pra, ressalvados os casos de adiamento, pedido de vista, realiza de diligia, ou quando o relator ou o revisor deva afastar-se do Tribunal.</s>
    <s>Caplo IV</s>
    <s>DAS SESSS DO TRIBUNAL</s>
    <s>Art. 43. O Tribunal reunir-se-m dias e horo designados, com pra publica no o de imprensa oficial e antecedia mma de 72 (setenta e duas) horas, salvo disposi expressa em contro.</s>
    <s>Art. 44. As sessdo Tribunal, ser</s>
    <s>I - solenes;</s>
    <s>II - ordinas;</s>
    <s>III - extraordinas;</s>
    <s>IV - administrativas.</s>
    <s>Art. 45. Sersolenes as sess</s>
    <s>I - para dar posse ao Presidente e ao Vice-Presidente do Tribunal;</s>
    <s>II - para dar posse a Juiz do Tribunal, a menos que este dispense;</s>
    <s>III - quando assim especialmente convocadas a requerimento de 2/3 (dois ter) dos Jus do Tribunal.</s>
    <s>Parafo . O cerimonial das sesssolenes seregulado por ato do Presidente do Tribunal.</s>
    <s>Art. 46. As sessordinas serrealizadas entre 08:00 e 17:30 horas, podendo ser prorrogadas por delibera do Tribunal, em caso de manifesta necessidade.</s>
    <s>Parafo . Sem que haja delibera sobre a pauta mma, as sessnserinterrompidas.</s>
    <s>Art. 47. O Tribunal reunir-se-xtraordinariamente sempre que necesso, mediante convoca de seu Presidente ou a requerimento de qualquer dos seus membros, publicada a convoca no o da imprensa oficial, com a antecedia mma de 48 (quarenta e oito) horas.</s>
    <s>1 Nos casos de not relevia, a notifica partes sereita por quaisquer dos outros meios previstos em lei.</s>
    <s>2 Nas sessextraordinas somente se deliberarobre a mata objeto de convoca.</s>
    <s>Art. 48. As sessadministrativas realizar-se-de preferia em dias coincidentes com os das sessordinas, para elas convocados todos os Jus, com antecedia mma de 03 (tr dias, ainda que em fas ou licen dando-se-lhes ciia da mata a ser tratada.</s>
    <s>1 As sessadministrativas poder por delibera do Tribunal, ser reservadas (Conselho), inclusive quanto ota da mata, objeto da aprecia, presentes apenas, os Jus efetivos.</s>
    <s>2 Os Jus participantes recebercs das decise a sua publica</s>
    <s>se efetivarepois de aprovada a reda.</s>
    <s>Art. 49. As sessdo Tribunal serpas ressalvadas as hipes previstas na Constitui Federal.</s>
    <s>Parafo . O Tribunal, a requerimento de qualquer Juiz e pelo voto da maioria dos presentes, poderransformar as sess jurisdicionais em reservadas, de carr secreto. Nesse caso, por s passar vota depois de tornada pa a sess</s>
    <s>Art. 50. Nos casos previstos em lei e neste Regimento, participar das sesso representante do Ministo Po e o Secreto do Tribunal.</s>
    <s>Art. 51. Aberta a sessora regimental nhavendo n para deliberar, aguardar-se-or 15 (quinze) minutos a forma de quorum , facultado ao Presidente efetuar as convocas indispensis.</s>
    <s>Art. 52. Os advogados, quando tiverem de requerer ou fazer sustenta oral, ocupara tribuna e usarbeca.</s>
    <s>Art. 53. Nas sessdo Tribunal, os trabalhos obedecerseguinte ordem:</s>
    <s>I - verifica do n de Jus presentes;</s>
    <s>II - discusse delibera a respeito da ata anterior, cuja c deverer entregue a cada Juiz, com 24 (vinte e quatro) horas de antecedia;</s>
    <s>III - indica e propostas;</s>
    <s>IV - julgamento dos feitos.</s>
    <s>Art. 54. Serjulgados, preferencialmente:</s>
    <s>I - habeas-corpus ;</s>
    <s>II - dissos coletivos na ocorria de greve;</s>
    <s>III - mandados de seguran</s>
    <s>IV - recursos ordinos sumarimos;</s>
    <s>V - processos ou questde natureza administrativa;</s>
    <s>VI - feitos em que sejam partes empresas em liquida, em concordata ou em falia.</s>
    <s>Art. 55. Anunciado o julgamento do processo e feito o pregpelo Secreto, nenhum Juiz deveretirar-se do recinto, sem va da Presidia.</s>
    <s>Art. 56. Iniciado o julgamento, serltimado na mesma sess salvo pedido de vista regimental ou motivo relevante.</s>
    <s>Art. 57. O proferimento de voto serbrigat, exceto na hipe de suspei ou impedimento.</s>
    <s>1 O Juiz poderodificar o seu voto antes de proclamado o resultado.</s>
    <s>2 O Juiz que nestiver presente, quando do relat e dos debates, nvotar a menos que se declare esclarecido.</s>
    <s>Art. 58. Terpreferia para julgamento, independentemente da ordem de coloca na pauta, os processos em que haja inscri de advogados para sustenta oral, requerida por estes quando da abertura da sess mas com prioridade para aqueles vindos de localidades fora da sede do Tribunal, ainda que ausente o advogado da parte contra.</s>
    <s>1 A preferia referida neste artigo serimitada a cinco processos.</s>
    <s>2 Obtida a preferia, pena de nmais lhe ser deferida, o advogado deverfazer a sustenta oral.</s>
    <s>3 Serada a preferia ao Juiz que comparecer apenas para participar de julgamento de processo a que esteja vinculado.</s>
    <s>Art. 59. Nos julgamentos da pauta judicia serbservada a seq abaixo:</s>
    <s>I - exposi do relator e do revisor;</s>
    <s>II - sustenta oral;</s>
    <s>III - pronunciamento do Ministo Po;</s>
    <s>IV - vota do relator e do revisor;</s>
    <s>V - debate dos Jus;</s>
    <s>VI - vota dos demais Jus;</s>
    <s>VII - proclama do resultado do julgamento.</s>
    <s>Art. 60. Anunciado o julgamento, o Presidente dar palavra ao relator.</s>
    <s>1 Findo o relat e apuvido o revisor, dar Presidente a palavra aos advogados das partes, por 10 (dez) minutos e por 05 (cinco) minutos nos Recursos Ordinos Sumarimos, a cada um, para sustenta oral, inclusive quanto preliminares ou prejudiciais.</s>
    <s>2 Falarm primeiro lugar o recorrente ou, se ambos o forem, o autor.</s>
    <s>3 Se houver litisconsortes, representados por mais de um advogado, o tempo serdistribu proporcionalmente entre eles, npodendo ultrapassar 20 (vinte) minutos ou 10 (dez) minutos nos Recursos Ordinos Sumarimos;</s>
    <s>4 Nhaverustenta oral nos embargos de declara, nos agravos de instrumento, nos conflitos de competia, nas homologas de acordo e nos agravos regimentais, ressalvada a hipe de liminar em mandado de seguran</s>
    <s>Art. 61. O representante do Ministo Po poderntervir, oralmente, ap defesa das partes, na discussdos feitos que forem submetidos ao julgamento do Tribunal, sendo-lhe assegurado o direito de vista do processo em julgamento sempre que suscitada questnova, nexaminada no parecer exarado.</s>
    <s>Art. 62. Iniciado o julgamento, aps votos do relator e do revisor, poderos Jus usar da palavra e pedir esclarecimentos, sempre por intermo da Presidia.</s>
    <s>Art. 63. Colher-se-os votos dos demais Jus, pela ordem decrescente de antig.</s>
    <s>Parafo . Tratando-se de mata administrativa trazida pelo Presidente onsidera do Tribunal e, quando nimpedido, votar Presidente em primeiro lugar, com voto de qualidade.</s>
    <s>Art. 64. Durante a vota, cada parte, por seu advogado, poderusar da palavra, pela ordem, durante 2 (dois) minutos, para esclarecimento sobre mata de fato.</s>
    <s>Art. 65. Depois do pronunciamento do o Juiz, o relator e o revisor poderainda usar da palavra.</s>
    <s>Art. 66. As questprejudiciais ou as preliminares ser apreciadas e julgadas antes do mto, deste nse conhecendo, se incompatl com a decisadotada.</s>
    <s>1 Tratando-se de nulidade sanl, o julgamento serconvertido em diligia, para que a parte, no prazo que lhe for assinado, a repare.</s>
    <s>2 Rejeitada a preliminar ou a prejudicial, ou se com elas nfor incompatl a aprecia do mto, seguir-se- julgamento deste, com o pronunciamento dos Jus vencidos em quaisquer delas.</s>
    <s>Art. 67. Qualquer pronunciamento durante as sessdependere pra autoriza da Presidia.</s>
    <s>Art. 68. Os Jus poderpedir vista dos autos, ap relat, em qualquer fase do julgamento. Sendo o pedido de vista em mesa, far-se- julgamento na mesma sess logo que o Juiz que a requereu se declare habilitado a votar. Nsendo em mesa, o julgamento ficardiado, devendo o Juiz que formular o pedido de vista, restituir os autos dentro de 10 (dez) dias, contados do recebimento dos autos em seu Gabinete, prosseguindo o julgamento do feito, na primeira sesssubseqa esse prazo, havendo quorum , presentes, sempre, o relator e o revisor, nobstando o prosseguimento a ausia de qualquer dos outros Jus, seja qual for o motivo.</s>
    <s>1 Se dois ou mais Jus pedirem vista dos autos, o julgamento serambadiado, de modo a permitir a cada um o estudo, no prazo acima, findo o qual dever o restituir o processo ecretaria do Tribunal.</s>
    <s>2 Os pedidos de vista, nimpedem que outros Jus profiram seus votos, desde que se sintam habilitados.</s>
    <s>3 O julgamento, que houver sido suspenso ou adiado com pedido de vista, prosseguircom preferia sobre os demais processos, logo que os autos sejam devolvidos ou desapareo motivo da suspensou adiamento, ou se o Juiz, que houver pedido vista, tiver requerido afastamento do Tribunal.</s>
    <s>Art. 69. Reiniciado o julgamento, sercomputados os votos proferidos anteriormente.</s>
    <s>Parafo . Somente quando indispensl para decidir nova quest surgida no julgamento, dar-se-ubstituto ao ausente, cujo voto n seromputado.</s>
    <s>Art. 70. Em caso de empate, cabero Presidente desempatar, adotando a solu de uma das correntes.</s>
    <s>Art. 71. Quando as solus divergirem, mas vas delas apresentarem pontos coincidentes, sersomados os votos dessas correntes, no que tiverem de comum. Permanecendo a divergia, sem possibilidade de qualquer soma, seras questsubmetidas ao pronunciamento de todos os Jus, duas a duas, eliminando-se, sucessivamente, as que tiverem menor vota e prevalecendo a que reunir, a final, a maioria de votos.</s>
    <s>Art. 72. As diligias, requeridas por qualquer dos Jus, atinentes ao julgamento, independem de manifesta das partes para sua vota.</s>
    <s>Art. 73. Findo o julgamento, a Presidia proclamar decis designando para redigir o aco o relator ou, vencido este, o revisor. Vencidos ambos, a reda ficar cargo do Juiz que primeiro tiver votado, nos termos da conclusvencedora.</s>
    <s>1 Vencido o relator, apenas na preliminar, a ele caber reda do aco.</s>
    <s>2 Na decisem que o desempate tiver sido parcial, cabero relator ou ao revisor lavrar o aco. Vencidos ambos, ao Juiz cujo voto tenha prevalecido no julgamento.</s>
    <s>3 Na decispor desempate, na totalidade das quest inexistindo conclus vencedora que na do Presidente, caber este redigir o aco;</s>
    <s>4 O relator vencido fornecer relat, feito em sess ao Juiz que for designado para reda do aco.</s>
    <s>Art. 74. As atas do Tribunal serlavradas pelo secreto e nelas se resumircom clareza, tudo quanto ocorrido na sess devendo conter:</s>
    <s>I - dia, me hora da abertura da sess</s>
    <s>II - nome do Presidente ou do Juiz que o estiver substituindo;</s>
    <s>III - nomes dos Jus presentes e do representante do Ministo Po;</s>
    <s>IV - relat sumo do expediente, mencionando a natureza do processo, o recurso ou o requerimento apresentados na sess os nomes das partes e a decis tomada, com os votos vencidos e os nomes dos advogados que fizerem a sustenta oral.</s>
    <s>Art. 75. Aprovada a ata, serla arquivada em livro pro.</s>
    <s>Art. 76. O Secreto certificaros autos a decise os nomes dos Jus que tiverem participado do julgamento, e remeterem seguida, os autos aos Jus que devam redigir o aco.</s>
    <s>Art. 77. As resolus administrativas sernumeradas seqlmente, distribuindo-se cs aos Jus, apegistro em livro pro.</s>
    <s>Caplo V</s>
    <s>DAS AUDICIAS</s>
    <s>Art. 78. As audiias de instru e julgamento dos feitos da competia origina do Tribunal serrealizadas em local, dia e hora designados pelo Juiz a quem couber a instru do processo.</s>
    <s>Art. 79. Serpas as audiias:</s>
    <s>I - do Presidente, para distribui dos feitos;</s>
    <s>II - do relator, para instru do processo, salvo motivo relevante.</s>
    <s>Art. 80. O Juiz que presidir a audiia deliberarobre o que lhe for requerido, ressalvada a competia do Tribunal e dos demais Jus.</s>
    <s>1 Respeitada a prerrogativa dos advogados e dos membros do Ministo Po, nenhum dos presentes se dirigiro Presidente da audiia, a nser de pe com a sua licen</s>
    <s>2 O Secreto da audiia faronstar em ata o que nela ocorrer.</s>
    <s>Caplo VI</s>
    <s>DOS ACDS</s>
    <s>Art. 81. O Juiz a quem couber a reda do aco deveravro em 10 (dez) dias, contados da entrada do processo no seu gabinete.</s>
    <s>1 Apedigido e assinado pelo relator, o aco serenviado, imediata e sucessivamente ao Juiz que presidiu o julgamento e ao representante do Ministo Po, para conferia e assinatura, no prazo de 3 (tr dias.</s>
    <s>2 Junto a cada assinatura deveronstar o nome e o cargo do signato.</s>
    <s>Art. 82. Aps assinaturas, as conclusdos acos ser remetidas, dentro de 48 (quarenta e oito) horas, ublica.</s>
    <s>Art. 83. Os acos terementas com indica sucinta da questfca e da tese jurca que prevaleceu na decis podendo conter justifica de voto vencido, desde que seu prolator o requeira na sessde julgamento.</s>
    <s>Art. 84. Na ausia do Juiz que deveria assinar o aco, assino-o revisor. Vencido este, a assinatura cabero primeiro Juiz cujo voto seja coincidente com a tese vencedora.</s>
    <s>Art. 85. A republica do aco dependere autoriza, por despacho do Presidente, salvo na hipe de erro material.</s>
  </text>
</page>
