<?xml version="1.0" encoding="UTF-8"?>
<!DOCTYPE page SYSTEM "page.dtd">
<page>
  <lang>pt</lang>
  <url>http://www.nead.ufpr.br/index.php/tutoriais/13-web-conferencia-perfil-apresentador</url>
  <title>Web Conferência - perfil apresentador</title>
  <snippet>
    <s>Navegação. Home &middot; Tutoriais Web Conferência - perfil apresentador. Tutorial de Web Conferência - Apresentador. Elaboração equipe CIPEAD </s>
  </snippet>
  <text>
    <s>Pular para conteúdo</s>
    <s>Pular para navegação principal</s>
    <s>Pular para primeira coluna</s>
    <s>Pular para segunda coluna</s>
    <s>!Aumentar tamanho da fonte</s>
    <s>!Tamanho da fonte padrão</s>
    <s>!Diminuir tamanho da fonte</s>
    <s>HomeTutoriaisWeb Conferência - perfil apresentador</s>
    <s>Tutorial de Web Conferencia - Apresentador</s>
    <s>Elaboraçao equipe CIPEAD</s>
    <s>Login Moodle</s>
    <s>Senha :</s>
    <s>Esqueci minha senha</s>
    <s>Contato Cursos</s>
    <s>Normativas Cipead</s>
    <s>Educação a Distância</s>
    <s>Regulamentação da EaD no Brasil</s>
    <s>Regulamentação da EaD na UFPR</s>
    <s>Publicações e Artigos</s>
    <s>Credenciamento da UFPR</s>
    <s>Biblioteca Virtual</s>
    <s>Acervos vituais</s>
    <s>Agência de notícias</s>
    <s>Bolsas de estudo</s>
    <s>HomeTutoriaisWeb Conferência - perfil apresentador</s>
    <s>Edital tutor</s>
    <s>Étnicos - Raciais</s>
    <s>Educação Ambiental</s>
    <s>Especialização em Saúde</s>
    <s>Mídias Integradas na Educação</s>
    <s>Edital aluno</s>
    <s>Especialização em Saúde</s>
    <s>Mídias Integradas na Educação</s>
    <s>Gestão Pública</s>
    <s>Gestão Pública Municipal</s>
    <s>Gestão Pública em Saúde</s>
    <s>Pagina Inicial | Contato | UFPR | Login</s>
    <s>(C) 2010 UFPR Universidade Federal do Parana. CIPEAD - Coordenadoria de Integraçao de Politicas e Educaçao a Distancia.</s>
    <s>Praça Santos Andrade, 50 - Centro - Curitiba-PR - CEP: 80020-300 - Tel:(41) 3310-2657 - Fax:(41) 3310-2714</s>
  </text>
</page>
