<?xml version="1.0" encoding="UTF-8"?>
<!DOCTYPE page SYSTEM "page.dtd">
<page>
  <lang>pt</lang>
  <url>http://www.portalodm.com.br/10-conferencia-de-producao-mais-limpa-e-mudancas-climaticas-da-cidade-de-sao-paulo--e--552.html</url>
  <title>10ª Conferência de Produção Mais Limpa e Mudanças Climáticas ...</title>
  <snippet>
    <s>Reduzir em três quartos, até 2015, a taxa de mortalidade materna. </s>
  </snippet>
  <text>
    <s>Todo mundo trabalhando pelo desenvolvimento</s>
    <s>Qualidade de vida e respeito ao meio ambiente</s>
    <s>Combater a AIDS, a Mala e outras doen</s>
    <s>Melhorar a saas gestantes</s>
    <s>Reduzir a mortalidade infantil</s>
    <s>Igualdade entre sexos e valoriza da mulher</s>
    <s>Educa bca de qualidade para todos</s>
    <s>Acabar com a fome e a misa</s>
    <s>Saiba mais sobre os 8 Objetivos de Desenvolvimento do Milo</s>
    <s>Este objetivo propoe a erradicaçao da extrema pobreza e da fome.</s>
    <s>Para tal, os desafios s reduzir pela metade, at015, a propor da popula que vive abaixo da linha da pobreza e a propor da popula que sofre com a fome. Trabalhar nessas metas exige programas de gera de renda, redu da elevada desigualdade entre ricos e pobres e direito limenta saudl para todos.</s>
    <s>Reduzir pela metade, at015, a propor da popula com renda abaixo da linha da pobreza.</s>
    <s>Reduzir pela metade, at015 a propor da popula que sofre de fome.</s>
    <s>Garantir que todas as crian, de ambos os sexos, de todas as regido Pa independentemente da cor, rae sexo, terminem o ensino fundamental.</s>
    <s>Aqui, o esforela melhoria da qualidade do ensino e pela amplia do n de anos de estudo.</s>
    <s>Garantir que, at015, todas as crian, terminem o ensino fundamental.</s>
    <s>Promover a igualdade entre os sexos e a autonomia das mulheres, eliminando as disparidades em todos os nis de ensino.</s>
    <s>Aqui, trata-se tambde combater o preconceito, ampliar as chances das mulheres no mercado de trabalho, com melhores empregos, salo igual ao dos homens para iguais funs e maior participa feminina na polca.</s>
    <s>Eliminar a disparidade entre os sexos no ensino fundamental e mo at005.</s>
    <s>Reduzir em 2/3 a mortalidade de crian menores de 5 anos de idade.</s>
    <s>O caminho para reduzir esse n dependere muitos e variados meios, recursos, polcas e programas, dirigidos crian, famas e comunidades.</s>
    <s>Reduzir em dois ter, at015, a mortalidade materna de crian menores de 5 anos.</s>
    <s>Reduzir em a taxa de mortalidade materna.</s>
    <s>Este Objetivo srlcano com a promo integral da saas mulheres em idade reprodutiva. A presende pessoal qualificado na hora do parto ser reflexo do desenvolvimento de sistemas integrados de saa.</s>
    <s>Reduzir em trquartos, at015, a taxa de mortalidade materna.</s>
    <s>Combater o HIV/Aids, mala e outras doen, detendo sua propaga e comedo a inverter a tendia atual.</s>
    <s>Para tal, dependerundamentalmente do acesso da popula nforma e aos meios de preven e de tratamento, sem descuidar da cria de condis ambientais e nutritivas que estanquem os ciclos de reprodu dessas doen.</s>
    <s>At015, ter detido e comeo a reverter a propaga do HIV/AIDS.</s>
    <s>At015, ter detido e comeo a reverter a propaga da mala e de outras doen.</s>
    <s>Garantir a sustentabilidade ambiental.</s>
    <s>Este objetivo tem importantes desafios a serem superados: a integra dos princos da sustentabilidade polcas nacionais; o acesso gua potl e esgotamento sanito; e a melhoria dos assentamentos precos.</s>
    <s>Integrar os princos do desenvolvimento sustentl nas polcas e programas nacionais e reverter a perda de recursos ambientais at015.</s>
    <s>Reduzir etade, at015, a propor da popula sem acesso sustentl gua potl segura.</s>
    <s>At020, ter alcano uma melhora significativa nas vidas de pelo menos 100 milhde habitantes de bairros degradados.</s>
    <s>Estabelecer uma parceria para o desenvolvimento.</s>
    <s>Este objetivo tem a ver com vocdiretamente. um convite para oferecer suas capacidades e conhecimentos em algum projeto para a melhoria da qualidade de vida de sua cidade. Procure inspira em projetos bem sucedidos nos links indicados neste Portal.</s>
    <s>Em coopera com os paises em desenvolvimento, formular e executar estratas que permitam trabalho digno e produtivo aos jovens.</s>
    <s>Em coopera com o setor privado, tornar acessis os benefos das novas tecnologias, especialmente nos setores de informa e comunica.</s>
    <s>Principal !</s>
    <s>Sistemas de Indicadores !</s>
    <s>Biblioteca Multima !</s>
    <s>Notas !</s>
    <s>Boas Praticas!</s>
    <s>Calendo !</s>
    <s>Vocstm: Portal ODM Calendo Eventos</s>
    <s>10 Conferia de Produ Mais Limpa e Mudan Climcas da Cidade de SPaulo</s>
    <s>| ENVIE SEU COMENTIO</s>
    <s>10 Conferia de Produ Mais Limpa e Mudan Climcas da Cidade de SPaulo</s>
    <s>SPaulo - SPaulo</s>
    <s>!10 Conferia de Produ Mais Limpa e Mudan Climcas da Cidade de SPaulo</s>
    <s>Com o proposito de realizar açoes de grande alcance social, que contribuam para a melhoria da saude publica e da qualidade de vida na Metropole de Sao Paulo, foi criada em maio de 2002 a Conferencia Municipal de Produçao Mais Limpa, que estimula o dialogo entre a administraçao publica, iniciativa privada, academia, terceiro setor, imprensa e a sociedade civil organizada.</s>
    <s>Os Objetivos da Conferencia sao de promover um amplo debate e contribuir para difundir a pratica do desenvolvimento limpo nos orgaos da administraçao publica, pequenas, medias e grandes empresas de Sao Paulo. Fomentar politicas publicas que estimulem a implantaçao de processos sustentaveis, na iniciativa privada e no setor publico.</s>
    <s>Data: 24 de agosto</s>
    <s>Horario: 8h as 17h</s>
    <s>Local: Memorial da America Latina</s>
    <s>Endereço: Av. Áuro Soares M Andrade, 564 - Barra Funda</s>
    <s>Sao Paulo/SP</s>
    <s>Fonte: Portal EcoD</s>
    <s>| ENVIE SEU COMENTIO</s>
    <s>Envie seu comento</s>
    <s>Seu javascript devera estar habilitado para utilizaçao correta deste formulario.</s>
    <s>Seu e-mail nserivulgado.</s>
    <s>(0 / 370)</s>
    <s>Sistemas de Indicadores</s>
    <s>Biblioteca Multimidia</s>
    <s>Boas Praticas</s>
    <s>Relatorios Dinamicos</s>
    <s>DevInfo Portal ODM</s>
    <s>Boas Praticas</s>
    <s>2009 Portal ODM - Acompanhamento Municipal dos Objetivos de Desenvolvimento do Milenio (C) Todos os direitos reservados.</s>
  </text>
</page>
