<?xml version="1.0" encoding="UTF-8"?>
<!DOCTYPE page SYSTEM "page.dtd">
<page>
  <lang>pt</lang>
  <url>http://www.simposiocelafiscs.org.br/index.php%3Foption%3Dcom_content%26view%3Darticle%26id%3D4%26Itemid%3D3</url>
  <title>Programa - Simpósio Internacional de Ciências do Esporte</title>
  <snippet>
    <s>o Simpósio Internacional de Ciências do Esporte consolida-se </s>
  </snippet>
  <text>
    <s>de Ciências</s>
    <s>do Esporte</s>
    <s>Especulações e Evidências em Atividade Física e no Esporte</s>
    <s>São Paulo, 6 a 8 de Outubro de 2011</s>
    <s>Página Inicial</s>
    <s>Faça sua Inscrição</s>
    <s>Convidados Inter.</s>
    <s>Palestrantes Nacionais</s>
    <s>Comissão Organizadora</s>
    <s>Sede do Congresso</s>
    <s>Temas Livres</s>
    <s>Feira - Stand</s>
    <s>Reunião Agita Mundo</s>
    <s>Fale Conosco</s>
    <s>34º SIMPÓSIO INTERNACIONAL DE CIÊNCIAS DO ESPORTE</s>
    <s>“ESPECULAÇÕES E EVIDÊNCIAS NA ATIVIDADE FÍSICA E O ESPORTE”</s>
    <s>São Paulo, 6, 7, 8 de Outubro de 2011</s>
    <s>QUINTA-FEIRA, 6 de Outubro 2011</s>
    <s>CURSO 1: FISIOLOGIA DO EXERCÍCIO Coordenador: Timóteo Araújo</s>
    <s>Diferenças Sexuais no Metabolismo do Exercício - Mark Tarnopolsky</s>
    <s>Sala Agita Mundo</s>
    <s>REUNIÃO AGITA MUNDO NETWORK</s>
    <s>Sala Agita Brasil</s>
    <s>CURSO 2: ATIVIDADE FÍSICA E SAÚDE Coordenador: Luiz Guilherme Porto</s>
    <s>Pesquisa em Atividade Física no Brasil: Análise Crítica - Pedro Hallal</s>
    <s>Sala Agita São Paulo</s>
    <s>CURSO 3: TREINAMENTO FORÇA MUSCULAR Coordenador: Roberto Simão</s>
    <s>Uso da Periodização Reversa e não Linear no Treinamento - Steven Fleck</s>
    <s>Sala Agita Mundo</s>
    <s>CURSO 4: ENVELHECIMENTO E ATIVIDADE FÍSICA Coordenador: João Pedro da Silva Junior</s>
    <s>Análise Biomecânica do Movimento e Avaliações Funcionais das Atividades Diárias - Luis Mochizuki</s>
    <s>Sala Agita Brasil</s>
    <s>TEMAS LIVRES</s>
    <s>Sala Agita São Paulo</s>
    <s>FORUM: EVIDÊNCIAS NA REABILITAÇÃO CARDÍACA Coordenador: Carlos Alberto Machado</s>
    <s>Adesão aos Programas de Reabilitação Cardíaca - Felix Albuquerque Drummond</s>
    <s>Quando Adotar o Exercício Intenso na Reabilitação Cardiovascular e Metabólica - Tales de Carvalho</s>
    <s>A Ergoespirometria na Reabilitação Cardiovascular - Marcelo Leitão</s>
    <s>Sala Agita Mundo</s>
    <s>MESA REDONDA: ESPECULAÇÕES E EVIDÊNCIAS NA SAÚDE E NO ESPORTE Coordenador: Luis Carlos Oliveira</s>
    <s>Plano de Ações Estratégicas para o Enfrentamento das Doenças Crônicas Não Transmissíveis (DCNT) no Brasil, 2011-2022 - Luane Margarete Zanchetta</s>
    <s>Evidências e Especulações sobre Avaliação em Psicologia do Esporte - María Regina Ferreira Brandão</s>
    <s>Sala Agita Brasil</s>
    <s>TEMAS LIVRES</s>
    <s>Sala Agita São Paulo</s>
    <s>CONFERÊNCIA DE ABERTURA</s>
    <s>Evidência ou Especulação?</s>
    <s>O Custo - Efetividade das Intervenções de Atividade Física na Empresa - Wilem Van Mechelen</s>
    <s>SEXTA-FEIRA, 7 de Outubro 2011</s>
    <s>CURSO 1: FISIOLOGIA DO EXERCÍCIO</s>
    <s>Radicais Livres e Estresse oxidativo: mecanismos de formação, respostas e adaptação ao exercício - Alvaro Reischak de Oliveira</s>
    <s>Sala Agita Mundo</s>
    <s>CURSO 2: ATIVIDADE FÍSICA E SAÚDE</s>
    <s>Uso do Compêndio de Atividade Física na Medida do Custo Energético da Atividade Física - Bárbara Ainsworth</s>
    <s>Sala Agita Brasil</s>
    <s>TEMAS LIVRES</s>
    <s>Sala Agita São Paulo</s>
    <s>9:40 - 10:50</s>
    <s>CONFERÊNCIA Coordenador: Teles de Carvalho</s>
    <s>Exercício Físico como Tratamento das Doenças Cardiovasculares - Carlos Eduardo Negrão</s>
    <s>FORUM: EVIDÊNCIAS E ESPECULAÇÕES NA FISIOLOGÍA DO EXERCÍCIO Coordenador: Luiz Guilherme Guglielmo</s>
    <s>Mecanismos na Atrofia e Função Muscular e Impacto do Treino - Patricia Chakur Brum</s>
    <s>Evidências e especulações da Relação entre Lactato e fadiga - Denise Vaz Macedo</s>
    <s>Trajes de Compressão: Efeitos no Desempenho e Recuperação Neuromuscular - Martim Bottaro</s>
    <s>Sala Agita Mundo</s>
    <s>MESA REDONDA – ESPECULAÇÕES E EVIDÊNCIAS NA MEDICINA DO ESPORTE Coordenador: Felix Albuquerque Drummond</s>
    <s>Prevenção de Lesões Esportivas no Joelho - Arnaldo Hernández</s>
    <s>Lesões por Sobrecarga no Esporte em Crianças - Moises Cohen</s>
    <s>Prevenção das Lesões do Tornozelo nos Esportes - Willem Van Mechelen</s>
    <s>Sala Agita Brasil</s>
    <s>TEMAS LIVRES</s>
    <s>Sala Agita São Paulo</s>
    <s>CURSO 3: TREINAMENTO DE FORÇA MUSCULAR</s>
    <s>Métodos de Treinamento da Força Muscular - Martim Bottaro</s>
    <s>Sala Agita Mundo</s>
    <s>CURSO 4: ENVELHECIMENTO E ATIVIDADE FÍSICA</s>
    <s>Sarcopenia e Dinapenia – Implicações na Prescrição do Exercício - Maurício dos Santos</s>
    <s>Sala Agita Brasil</s>
    <s>REUNIÃO REDE INTERNACIONAL AGITA MUNDO</s>
    <s>Sala Agita São Paulo</s>
    <s>15:00 - 16:20</s>
    <s>CONFERÊNCIA Coordenador - Timóteo Leandro Araújo</s>
    <s>Os Benefícios Cardiovasculares Reais do Treinamento de Força Muscular - Steven Fleck</s>
    <s>FÓRUM: EVIDÊNCIAS E ESPECULAÇÕES NA ATIVIDADE FÍSICA E SAÚDE Coordenador: Mario Bracco</s>
    <s>Hipertensão Arterial e Atividade Física Sexual: Mitos e Fatos - Tales de Carvalho</s>
    <s>O Atleta de Final de Semana – Evidências e Especulações - Marcelo Leitão</s>
    <s>Falar, Publicar ou Intervir na Promoção da Atividade Física para a Saúde? - Victor KR Matsudo</s>
    <s>Sala Agita Mundo</s>
    <s>MESA REDONDA: EVIDÊNCIAS E ESPECULAÇÕES NA NUTRIÇÃO ESPORTIVA Coordenador: Maria Fátima Marucci</s>
    <s>Leucina e Atividade Física - Julio Tirapegui</s>
    <s>Estresse Oxidativo e Atividade Física - Vinicius Fernandes Cruzal</s>
    <s>Suplementação de CHO para Atividades Intermitentes - Marcelo Saldanha Aoki</s>
    <s>Sala Agita Brasil</s>
    <s>TEMAS LIVRES</s>
    <s>Sala Agita São Paulo</s>
    <s>SÁBADO, 8 de Outubro 2011</s>
    <s>CURSO 1: FISIOLOGIA DO EXERCÍCIO</s>
    <s>Respostas Fisiológicas na Máxima Fase Estável de Lactato em Exercício Contínuo e Intermitente - Luiz Guilherme Guglielmo</s>
    <s>Sala Agita Mundo</s>
    <s>CURSO 2: ATIVIDADE FÍSICA E SAÚDE</s>
    <s>Efetividade das Intervenções de Atividade Física na Escola - Willem Van Mechelen</s>
    <s>Sala Agita Brasil</s>
    <s>TEMAS LIVRES</s>
    <s>Sala Agita São Paulo</s>
    <s>9:40 - 10:50</s>
    <s>CONFERÊNCIA Coordenador: Alvaro Reischack</s>
    <s>Exercício e a Doença Mitocondrial - Mark Tarnopolsky</s>
    <s>FORUM TÓPICOS ESPECIAS NA AVALIAÇÃO NO EXERCÍCIO E NO ESPORTE Coordenador: Edylson Cirino</s>
    <s>Avaliação Aeróbica e Anaeróbica em Modalidades Intermitentes: Protocolos de Campo x Laboratório - Luiz Guilherme Guglielmo</s>
    <s>A Avaliação Fisiológica no Futebol Profissional - Claudio Pavanelli</s>
    <s>Avaliação na Prescrição do Exercício e Treinamento no Paraolímpismo - Marco Túlio de Mello</s>
    <s>Sala Agita Mundo</s>
    <s>MESA REDONDA – EVIDÊNCIAS E ESPECULAÇÕES DA ATIVIDADE FÍSICA NAS DOENÇAS CRÔNICAS Coordenador: Manoel Ribeiro</s>
    <s>O Papel da Vida Ativa na Predisposição Genética do Diabetes e Hipertensão Arterial - Katia de Angelis</s>
    <s>Respostas e Adaptações do Sistema Endotelial Vascular ao Exercício - Alvaro Reischack de Oliveira</s>
    <s>Asma, Doença Pulmonar Obstrutiva Crônica e Atividade Física - Milton Arruda Martins</s>
    <s>Sala Agita Brasil</s>
    <s>12:00-13:00 - AGITA AMÉRICA - Reunião de Orientação a Candidato ao Estágio 2012</s>
    <s>Sala Agita São Paulo</s>
    <s>FORUM ESPECIAL: EVIDÊNCIAS E ESPECULAÇÕES NO TREINAMENTO DE FORÇA MUSCULAR Coordenador: Martim Bottaro</s>
    <s>Ganhos de Flexibilidade através do Treinamento de Força - Roberto Simão</s>
    <s>O Papel das Ações Excêntricas nos Ganhos de Força e Hipertrofia - Valmor Tricoli</s>
    <s>Precisamos Acumular Séries para Obter um Ótimo Treinamento de Força? - Steven Fleck</s>
    <s>Sala Agita Mundo</s>
    <s>TEMAS LIVRES</s>
    <s>Sala Agita Brasil</s>
    <s>TEMAS LIVRES</s>
    <s>Sala Agita São Paulo</s>
    <s>CURSO 3: TREINAMENTO DE FORÇA MUSCULAR</s>
    <s>Efeito da Manipulação das Variáveis do Treinamento de Força nos Ganhos da Força e Hipertofia Muscular - Roberto Simão</s>
    <s>Sala Agita Mundo</s>
    <s>CURSO 4: ENVELHECIMENTO E ATIVIDADE FÍSICA</s>
    <s>Exercício no Combate a Sarcopenia - Mark Tarnopolsky</s>
    <s>Sala Agita Brasil</s>
    <s>TEMAS LIVRES</s>
    <s>Sala Agita São Paulo</s>
    <s>16:45 - 18:00</s>
    <s>CONFERÊNCIA DE ENCERRAMENTO Coordenador: Victor Matsudo</s>
    <s>Atividade Física, Fitness e Envelhecimento Saudável- Barbara Ainsworth</s>
    <s>Download Programa - BR</s>
    <s>Download Program - EN</s>
  </text>
</page>
