<?xml version="1.0" encoding="UTF-8"?>
<!DOCTYPE page SYSTEM "page.dtd">
<page>
  <lang>pt</lang>
  <url>http://www.licaassessoria.com.br/standard.html</url>
  <title>Pacote Standard - Lica Assessoria e Cerimonial</title>
  <snippet>
    <s>Conferência, recepção e organização dos fornecedores; - Recepção do noivo, pais, padrinhos e convidados; - Conferência de padrinhos, damas, floristas e </s>
  </snippet>
  <text>
    <s>home quem somos servi fotos dicas rsvp online contato</s>
    <s>Transformando seu sonho em realidade!</s>
    <s>Parab, noivosVocvse casarAgora ora de tornar esse sonho, realidade. E para que um dia especial como esse seja realizado da maneira que vocsonharam Lica Assessoria &amp; Cerimonial torna-se essencial, trabalhando para que nenhum detalhe seja esquecido. Segue abaixo passo a passo do Pacote Standard para que o seu dia seja tranqcompleto e inesquecl.</s>
    <s>- Equipe para acompanhamento e coordena total e exclusiva do ino ao final do evento;</s>
    <s>- Elabora de um cronograma de atividades que acontecerno dia, elaborado em comum acordo com o cliente e o buffet;</s>
    <s>- Assessoria para definir o programa da cerim e recep do casamento.</s>
    <s>- Acompanhamento de ensaio de noivos, pais e padrinhos para a cerim (quando for possl fazo).</s>
    <s>- Visita ao local onde a noiva estare preparando antes da cerim religiosa para conferencia de os detalhes.</s>
    <s>- Conferia, recep e organiza dos fornecedores;</s>
    <s>- Recep do noivo, pais, padrinhos e convidados;</s>
    <s>- Conferia de padrinhos, damas, floristas e pajen;</s>
    <s>- Orienta ao noivo e padrinhos para realiza do civil;</s>
    <s>- Organiza da entrada e sa dos cortejos;</s>
    <s>- Recep a noiva, e organiza das fotos e filmagem da sua chegada juntamente ao fornecedor em quest</s>
    <s>- Acompanhamento da cerim religiosa, para que todos os detalhes fa diferen</s>
    <s>- Organiza da sa dos noivos em dire ecep;</s>
    <s>- Organiza da carreata animada com os convidados para a recep.</s>
    <s>- Recebimento de todos os itens contratados pelos noivos;</s>
    <s>- Acompanhamento da montagem do espaonde acontecer recep;</s>
    <s>- Supervisde servi contratos (buffet, decora, foto e vo, DJ, banda, etc);</s>
    <s>- Recep para atendimento aos convidados, recebimento e identifica de presentes e conferia de convidados e itens diversos;</s>
    <s>- Assistia e disponibilidade, durante todo o evento, para os noivos, pais, padrinhos, convidados e profissionais envolvidos.</s>
    <s>- Administra e gerenciamento de possis incidentes inesperados.</s>
    <s>- Coordena da entrada dos noivos ao sal fotos, corte do bolo, brinde, dandos noivos, retrospectiva at momento de jogar o buqu o whisky;</s>
    <s>- Organiza dos pais, irm e padrinhos para sessde fotos;</s>
    <s>- Reserva de lugares para familiares e convidados prndicados;</s>
    <s>- Distribui de apetrechos na pista de dan</s>
    <s>- Supervisdos servi de limpeza;</s>
    <s>- Controle de bebidas juntamente com o Buffet, para a devida devolu de eventuais sobras;</s>
    <s>- Entrega das lembrancinhas e/ou bem-casados aos convidados.</s>
    <s>- Supervisdas sobras junto ao buffet de todo material oferecido pelo cliente.</s>
    <s>- Orienta na montagem da caixa de doces e bolo para as m e noivos;</s>
    <s>- Acompanhamento no atendimento dos profissionais contratados, permitindo que noivos e pais aproveitem a festa deixando a responsabilidade por nossa conta;</s>
    <s>- Organiza de objetos pessoais e sobras do evento.</s>
    <s>O nosso principal objetivo arantir sua tranqde e comodidade no dia mais importante de suas vidas. Vocer certeza e a tranqde de que algu estaruidando de todos os detalhes com muito carinho, profissionalismo e respeito aos seus sonhos.</s>
    <s>Isso tudo para que, passado o grande dia, voc seu noivo olhem para tre tenham o prazer de recordar a realiza desse grande sonho</s>
    <s>Estamos isposi para quaisquer ds e aguardamos seu contato.</s>
    <s>Lica Assessoria e Cerimonial - Transformando seu sonho em realidade!</s>
  </text>
</page>
