<?xml version="1.0" encoding="UTF-8"?>
<!DOCTYPE page SYSTEM "page.dtd">
<page>
  <lang>pt</lang>
  <url>http://conferencia.oabto.org.br/pagina.php%3Fl%3D13d041029be646aaf0d26fa294584020</url>
  <title>II Conferência Estadual dos Advogados do Tocantins - Sobre a ...</title>
  <snippet>
    <s>Página inicial Sobre a Conferência « voltar praticado no cenário jurídico, notadamente nas discussões afetas aos Direitos Fundamentais da pessoa humana. </s>
  </snippet>
  <text>
    <s>Plano de Patroco</s>
    <s>Sobre a Conferia</s>
    <s>Pna inicial Sobre a Conferia « voltar</s>
    <s>A II Conferencia Estadual dos Advogados do Tocantins visa proporcionar aos advogados tocantinenses, aos profissionais do direito de uma forma em geral e aos academicos, o debate e o contato com as teses, estudos e posicionamentos jurisprudenciais, que atualmente tem se praticado no cenario juridico, notadamente nas discussoes afetas aos Direitos Fundamentais da pessoa humana.</s>
    <s>De outro lado, a Ordem dos Advogados do Brasil tera, com o evento, um marco de uniao, congregaçao e articulaçao de seus membros, que sera edificado em duas frentes, quais sejam, a atuaçao interna corporis, visando o aperfeiçoamento tecnico dos advogados e a presença da OAB junto a sociedade e aos demais obreiros do direito, intervindo, na busca de uma sinergia dos Advogados e da propria OAB com todo o sistema Estatal e Jurisdicional em prol da sociedade.</s>
    <s>O tema proposto inspirou-se na analise atual do cenario brasileiro, em que se verifica a falencia do sistema prisional, a burla as garantias dos hipossuficientes, idosos, mulheres, consumidores, a inaçao do Estado em garantir todas essas tutelas, a morosidade processual no ambito do Poder Judiciario e ate mesmo no ambito da administraçao publica, o nao cumprimento pleno das prerrogativas dos Advogados no desempenho de suas tarefas, o desrespeito aos direitos transindividuais a segurança, ao meio ambiente, a ordem urbanistica, a segurança publica, assim como os desafios dos novos direitos e das novas teses juridicas em ascensao, o aborto, as celulas tronco, o processo virtual, enfim, de todo um contexto dinamico que se descortina na atualidade.</s>
    <s>O evento consistira na apresentaçao dos temas afetos aos Direitos Fundamentais, atraves de palestras multitematicas, presenciais, divididas em duas partes, sendo uma expositiva, com duraçao de uma hora e dez minutos e outra interativa, oportunizando-se o debate e o esclarecimento de duvidas, com duraçao de quinze minutos, atraves de filtragem de um mediador que presidira a mesa de debates.</s>
    <s>Veja tamb</s>
    <s>Plano de Patroco</s>
    <s>II Conferia Estadual dos Advogados do Tocantins - Todos direitos reservados Endere Quadra 201 Norte, Conjunto III, Lts. 1 e 2, Palmas - TO, CEP: 77.001-132 Telefone: (63) 3212-9600 - E-mail: conferencia@oabto.org.br</s>
  </text>
</page>
