<?xml version="1.0" encoding="UTF-8"?>
<!DOCTYPE page SYSTEM "page.dtd">
<page>
  <lang>pt</lang>
  <url>http://pt.wikipedia.org/wiki/Videoconfer%25C3%25AAncia</url>
  <title>Videoconferência – Wikipédia, a enciclopédia livre</title>
  <snippet>
    <s>1 Arquitetura; 2 Vantagens; 3 Pessoal x Profissional; 4 Referências; 5 Ver também de dados, surgiu um novo tipo de videoconferência, a conferência desktop. Economia de tempo, evitando o deslocamento físico para um local especial; </s>
  </snippet>
  <text>
    <s>Origem: Wikipédia, a enciclopédia livre.</s>
    <s>Ir para: navegação, pesquisa</s>
    <s>Videoconferência entre militares em .</s>
    <s>Videoconferência é uma tecnologia que permite o contacto visual e sonoro entre pessoas que estão em lugares diferentes, dando a sensação de que os interlocutores encontram-se no mesmo local. Permite não só a comunicação entre um grupo, mas também a comunicação pessoa-a-pessoa.</s>
    <s>1 Arquitetura</s>
    <s>2 Vantagens</s>
    <s>3 Pessoal x Profissional</s>
    <s>4 Referências</s>
    <s>5 Ver também</s>
    <s>[editar] Arquitetura</s>
    <s>Essa comunicação é feita em tempo real e existem vários sistemas interpessoais de videoconferência que possibilitam isso. Além da transmissão simultânea de áudio e vídeo, esses sistemas oferecem ainda recursos de cooperação entre os usuários, compartilhando informações e materiais de trabalho. Em geral os equipamentos de videoconferência (terminais ou CODECs) disponíveis no mercado possuem capacidade de estabelecer uma comunicação ponto a ponto, e para que vários pontos se conectem simultaneamente é preciso utilizar um equipamento denominado MCU (Multiponto Control Unit). O funcionamento da MCU assim como de outros componentes necessários a videoconferência são especificados pelo padrão H.323 e SIP. Também é possível estabelecer uma conexão entre varios pontos utilizando a tecnologia de conexão Multicast. O Multicast é pouco utilizado por ser uma tecnologia de rede que não esta presente na Internet apenas em redes privadas e fechadas.</s>
    <s>Um ambiente comum de videoconferência é composto de uma sala dotada de uma câmera especial e alguma facilidade tecnológica para a apresentação de documentos. Atualmente, com o avanço dos processadores (cada vez mais rápidos) e a compressão de dados, surgiu um novo tipo de videoconferência, a conferência desktop. Nela não é necessário salas especiais e muito menos equipamentos ultra modernos: a interação é feita por uma webcam e um microfone simples. A compressão/descompressão e todo o resto são efetuados por software que deve estar instalado em uma máquina padrão .</s>
    <s>[editar] Vantagens</s>
    <s>O uso da videoconferência apresenta uma série de vantagens</s>
    <s>Economia de tempo, evitando o deslocamento físico para um local especial;</s>
    <s>Economia de recursos, com a redução dos gastos com viagens;</s>
    <s>Mais um recurso de pesquisa, já que a reunião pode ser gravada e disponibilizada posteriormente.</s>
    <s>Além destes aspectos, os softwares que apoiam a realização da videoconferência, em sua maioria, permitem também, através da utilização de ferramentas de compartilhamento de documentos:</s>
    <s>Visualização e alteração pelos integrantes do diálogo em tempo real;</s>
    <s>Compartilhamento de aplicações;</s>
    <s>Compartilhamento de informações (transferência de arquivos).</s>
    <s>[editar] Pessoal x Profissional</s>
    <s>Softwares gratuitos aproveitam a onda das webconferências e oferecem o serviço de videochat, como é o caso dos famosos Skype (mais recomendado para uma webconferência ponto-a-ponto) , ooVoo e Mikogo. Com interfaces simples, o usuário é convidado a interagir com pessoas que também possuem o programa. Para o consumidor o custo do empreendimento se resume à compra da webcam.</s>
    <s>Embora esses programas livres venham se aprimorando, eles ainda são mais indicados para uso pessoal, uma vez que precisam da instalação de softwares e não garantem a qualidade do áudio e vídeo. Para um serviço mais especializado, algumas empresas apresentam soluções pagas com ofertas mensais.</s>
    <s>1. ↑ CARNEIRO, Mára Lúcia Fernandes. VIDEOCONFERÊNCIA: Ambiente para educação à distância - Consultado em 20 de janeiro de</s>
    <s>2. ↑ SANTOS, Neri dos. Educação à distância e as novas tecnologias de Informação e Aprendizagem - Consultado em 4 de maio de</s>
    <s>[editar] Ver também</s>
    <s>Mensageiro instantâneo</s>
    <s>Obtida de &quot;http://pt.wikipedia.org/w/index.php?title=Videoconfer%C3%AAncia&amp;oldid=25977990&quot;</s>
    <s>Ferramentas pessoais</s>
    <s>Entrar / criar conta</s>
    <s>Espaços nominais</s>
    <s>Ver histórico</s>
    <s>Página principal</s>
    <s>Conteúdo destacado</s>
    <s>Eventos atuais</s>
    <s>Página aleatória</s>
    <s>Informar um erro</s>
    <s>Página de testes</s>
    <s>Portal comunitário</s>
    <s>Mudanças recentes</s>
    <s>Criar página</s>
    <s>Páginas novas</s>
    <s>Criar um livro</s>
    <s>Descarregar como PDF</s>
    <s>Versão para impressão</s>
    <s>Páginas afluentes</s>
    <s>Alterações relacionadas</s>
    <s>Carregar ficheiro</s>
    <s>Páginas especiais</s>
    <s>Ligação permanente</s>
    <s>Citar esta página</s>
    <s>Noutras línguas</s>
    <s>Bahasa Indonesia</s>
    <s>Bahasa Melayu</s>
    <s>Simple English</s>
    <s>Tiếng Việt</s>
    <s>Esta página foi modificada pela última vez à(s) 09h52min de 8 de julho de 2011.</s>
    <s>Este texto é disponibilizado nos termos da licença Atribuição - Partilha nos Mesmos Termos 3.0 Não Adaptada (CC BY-SA 3.0); pode estar sujeito a condições adicionais. Consulte as condições de uso para mais detalhes.</s>
    <s>Política de privacidade</s>
    <s>Sobre a Wikipédia</s>
    <s>Avisos gerais</s>
    <s>Versão móvel</s>
    <s>Utilize o botão &quot;Antever resultado&quot; antes de gravar, por favor. e)</s>
  </text>
</page>
