<?xml version="1.0" encoding="UTF-8"?>
<!DOCTYPE page SYSTEM "page.dtd">
<page>
  <lang>pt</lang>
  <url>http://www.ucp.pt/site/custom/template/ucptplminisite.asp%3FsspageID%3D3727%26lang%3D1</url>
  <title>Organização de Conferências - Universidade Católica Portuguesa</title>
  <snippet>
    <s>A conferência teve lugar no salão nobre do Supremo Tribunal de Justiça, no dia 23 de A conferência foi presidida pelo Exc. Reitor da Universidade Católica </s>
  </snippet>
  <text>
    <s>&gt;mapa do site &gt;contactos &gt;english</s>
    <s>!Paulo Albuquerque</s>
    <s>Curriculum Vitae</s>
    <s>Organiza de Conferias</s>
    <s>Organizas Internacionais</s>
    <s>CONFERCIA EM HOMENAGEM AO CONSELHEIRO MANUEL MAIA GONLVES</s>
    <s>O Professor Albuquerque organizou, conjuntamente com o Vice-Presidente do Supremo Tribunal de Justi Conselheiro Henriques Gaspar, a Conselheira Maria Laura Leonardo, o Conselheiro Souto Moura, e a Procuradora-Geral-Adjunta Dra. Isabel SMarcos, uma conferia em homenagem ao Colendo Conselheiro Dr. Manuel Maia Gonves.</s>
    <s>A conferia teve lugar no salnobre do Supremo Tribunal de Justi no dia 23 de Setembro de 2010.</s>
    <s>Foram oradores o Presidente do Supremo Tribunal de Justi o Procurador-Geral da Repa, o Conselheiro Maia Costa, a Conselheira Maria Laura Leonardo e a Procuradora-Geral-Adjunta Isabel SMarcos, aldo Professor Albuquerque.</s>
    <s>Servir a Justi/A&gt; (discurso do Professor Albuquerque)</s>
    <s>[Artigo publicado no Dio de Notas alusivo ao evento.</s>
    <s>CONFERCIA EM HOMENAGEM AO PROFESSOR DOUTOR JORGE DE FIGUEIREDO DIAS</s>
    <s>O Professor Albuquerque organizou, conjuntamente com o Dr. JoPaulo Sousa, presidente da delega da Ordem dos Advogados de Viseu, uma conferia de direito penal em homenagem ao Professor Doutor JORGE DE FIGUEIREDO DIAS, que foi inclu no ito do IX Encontro de Inverno dos Advogados do distrito de Coimbra.</s>
    <s>Foram conferencistas oito Doutores em direito penal, representando todas as faculdades de direito do Pa(brevemente serpublicadas as palestras do encontro).</s>
    <s>A conferia foi presidida pelo Exc. Reitor da Universidade Cata Portuguesa e teve lugar no anfiteatro da Universidade Cata em Viseu, nos dias 29 e 30 de Janeiro de 2010.</s>
    <s>Programa do IX Encontro de Inverno dos Advogados do distrito de Coimbra.</s>
    <s>JORGE DE FIGUEIREDO DIAS - Uma vida ao servido Direito e de Portugal (dirscurso de homenagem proferido pelo Professor Albuquerque)</s>
    <s>Abertura da Conferia pelo Exc. Reitor da Universidade Cata</s>
    <s>Mesa de abertura da Conferia presidida pelo Exc. Reitor da Universidade Cata</s>
    <s>Doutor FIGUEIREDO DIAS durante a Conferia</s>
    <s>Atribui da medalha de mto municipal ao Doutor FIGUEIREDO DIAS</s>
    <s>Atribui de um louvor pela Delega da Ordem dos Advogados de Viseu ao Doutor FIGUEIREDO DIAS</s>
    <s>Entrevista do Professor Figueiredo Dias ao JORNAL DO CENTRO: pna 1 e pna 2</s>
    <s>Artigo no Dio AS BEIRAS, de 1 de Fevereiro de 2010.</s>
    <s>Artigo no DIÁRIO DE VISEU, de 1 de Fevereiro de 2010.</s>
    <s>CONFERCIA SOBRE O TRIBUNAL PENAL INTERNACIONAL</s>
    <s>O Professor Albuquerque tambnbsp;organizou, em parceria com a Procuradoria-Geral da Repa, a Conferia Internacional &quot;O Tribunal Penal Internacional e a Transforma do Direito Internacional&quot;, com a participa de 16 especialistas nacionais e dois convidados internacionais, o Procurador do Tribunal Penal Internacional Dr. LUIS MORENO-OCAMPO e a Ju do mesmo Tribunal Dra. SYLVIA STEINER.</s>
    <s>A conferia foi aberta pelo Exc. Ministro da JustiDr. ALBERTO COSTA.</s>
    <s>A conferia teve lugar no anfiteatro da Universidade Cata Portuguesa, em Lisboa, nos dias 24 e 25 de Marde 2006.</s>
    <s>As actas da conferia foram publicadas em volume especial da revista &quot;Direito e Justi do ano de 2006.</s>
    <s>Cartaz da Conferia</s>
    <s>Mens na Imprensa (Jornal de Notas, Primeiro de Janeiro, Po, Jornal de Notas)</s>
    <s>Entrevista do Procurador Dr. LuMoreno-Ocampo ao Po</s>
    <s>Actas da Conferia - volume especial da revista &quot;Direito e Justi do ano de 2006</s>
    <s>CONFERCIA SOBRE ESTUDOS PENITENCIIOS</s>
    <s>O Professor Albuquerque organizou as &quot;Jornadas de Estudos Penitencios&quot;, com a participa de 16 especialistas nacionais em vas as do saber associadas ida nas pris(direito, antropologia, sociologia, psicologia e hist).</s>
    <s>A conferia foi aberta pela Exc. Ministra da JustiDra. CELESTE CARDONA.</s>
    <s>A conferia teve lugar no anfiteatro da Universidade Cata Portuguesa, em Lisboa, nos dias 7 e 8 de Maio de 2004.</s>
    <s>As actas da conferia foram publicadas em volume especial da revista &quot;Direito e Justi de 2004.</s>
    <s>Cartaz da Conferia</s>
    <s>&gt;Beiras &gt;Braga &gt;Lisboa &gt;Porto</s>
    <s>&gt;avisos legais &gt;homepage</s>
  </text>
</page>
