<?xml version="1.0" encoding="UTF-8"?>
<!DOCTYPE page SYSTEM "page.dtd">
<page>
  <lang>pt</lang>
  <url>http://www.portaldoenvelhecimento.org.br/artigos/artigo3090.htm</url>
  <title>Conferência Mundial sobre Desenvolvimento das Cidades</title>
  <snippet>
    <s>Qualquer pessoa pode propor ao Comitê Organizador da Conferência a sua participação como Palestrante em Comunicações, desde que cumpra as exigências </s>
  </snippet>
  <text>
    <s>Conferencia Mundial sobre Desenvolvimento das Cidades</s>
    <s>A Conferencia Mundial sobre Desenvolvimento das Cidades sera realizada, de 13 a 16 de fevereiro de 2008, em Porto Alegre, no Centro de Eventos da Pontificia Universidade Catolica do Rio Grande do Sul (PUCRS). O evento tem como objetivo captar a diversidade de iniciativas de inovaçao e transformaçao social que vem surgindo nos ultimos anos, criando um ambiente de reflexao coletiva, de discussao e apresentaçao de experiencias, que permita uma abordagem da tematica do desenvolvimento de cidades de modo mais organico ou sistemico, focalizando, para tanto, quatro grandes temas centrais: 1) Direito a Cidade (Politicas Locais sobre Direitos e Responsabilidades dos Cidadaos); 2) Governança e Democracia em Cidades (Experiencias Inovadoras de Gestao e Participaçao Democratica); 3) Desenvolvimento Local em Cidades; e 4) Sustentabilidade e Cidade-Rede.</s>
    <s>Participaçao como palestrante:</s>
    <s>Qualquer pessoa pode propor ao Comite Organizador da Conferencia a sua participaçao como Palestrante em Comunicaçoes, desde que cumpra as exigencias estabelecidas no Paragrafo Único e tenha sua proposiçao aprovada pelo Comite Organizador apos parecer favoravel do Comite Cientifico da Conferencia.</s>
    <s>Paragrafo Único</s>
    <s>As exigencias para o acolhimento de uma proposiçao de Comunicaçao sao as seguintes:</s>
    <s>I - Envio da Ficha de Inscriçao de Palestrante preenchida dentro dos prazos estabelecidos pelo Comite Organizador.</s>
    <s>II - Envio de um curriculo resumido (com no minimo 300 e no maximo 500 caracteres com espaço).</s>
    <s>III - Envio de um paper inedito (com no minimo 10 mil e no maximo 30 mil caracteres com espaço), em portugues, ingles, frances ou espanhol, com o conteudo da sua Comunicaçao.</s>
    <s>Maiores informaçoes: http://www.cmdc2008.com.br/</s>
  </text>
</page>
