<?xml version="1.0" encoding="UTF-8"?>
<!DOCTYPE page SYSTEM "page.dtd">
<page>
  <lang>pt</lang>
  <url>http://www.conexaofutura.org.br/quem-somos</url>
  <title>Quem somos – Conexão Futura</title>
  <snippet>
    <s>17/10 - PA: Conferência Sul-Americana e Brasileira de Mídia Cidadã da ONG ActionAid Brasil e membro do Comitê Diretivo da Campanha Nacional pelo No Canal Futura já foi repórter, apresentadora dos programas Jornal Futura, Sala </s>
  </snippet>
  <text>
    <s>Curta o Conexão Futura</s>
    <s>Siga o Canal Futura</s>
    <s>Quem somos</s>
    <s>Vem aí</s>
    <s>Nesta terça: Moradores colocam a Amazônia no mapa!</s>
    <s>Serviço do Metrô. Vote!</s>
    <s>Agenda Social</s>
    <s>19/10 - PA: 5a Conferência Regional de Educação no Campo</s>
    <s>20/10 - BA: Seminário Bienal 2011 do Fórum DCA</s>
    <s>Quem somos</s>
    <s>O Conexão Futura se caracteriza pelo comprometimento com causas e o acompanhamento sistemático de seus avanços, recuos e desafios. O programa, lançado em maio de 2010, esteve atento a questões como o enfrentamento da exploração sexual de crianças e adolescentes, a erradicação do trabalho infantil, humanização da saúde, luta antirracismo, liberdade religiosa, entre outras.</s>
    <s>Conectando pessoas e grupos diretamente de fóruns, passeatas e instituições, a faixa possibilita uma abordagem mais complexa de iniciativas de referência. Através do diálogo com pessoas e grupos que lideram ações e são referência nas temáticas tratadas, o Conexão Futura apresenta diversidade de pontos de vista e aprofunda visões em disputa, prestando um serviço para que diferentes práticas e reflexões possam reverberar para o país.</s>
    <s>O Conexão Futura é realizado por jornalistas e mobilizadores sociais do Canal Futura:</s>
    <s>Adriana Levis Alambert é carioca e formada em jornalismo. Fez pós-graduação em Mídia e Educação, pela PUC-Rio e em Mídias Digitais e Interativas, pelo Senac-RJ. Trabalhou na rádio Cidade, em assessoria de imprensa, foi repórter da TVE e editora do SporTV. No Canal Futura já desempenhou as funções de repórter, apresentadora e editora do Jornal Futura. Atualmente é editora do Conexão Futura.</s>
    <s>Alexandre Arrais é coordenador da área de Articulação e Mobilização Comunitária do Canal Futura desde 2007. É formado em Direito e Psicopedagogia e especialista em Políticas Públicas. Foi coordenador do Programa de Educação para Brasil e América Latina da ONG ActionAid Brasil e membro do Comitê Diretivo da Campanha Nacional pelo Direito à Educação, Campanha Latino-Americana pelo Direito à Educação e Fórum Brasil de Orçamento.</s>
    <s>Ana Amélia Melo é mobilizadora regional do Canal Futura desde 2001 e atua nos estados do Rio Grande de Norte e Ceará. É pernambucana de Recife, fez magistério e é graduada em Psicologia com especialização em Psicopedagogia. Atualmente é mestranda no curso de Ciências da Educação.</s>
    <s>Carlos Humberto da Silva Filho é mobilizador regional do Canal Futura desde 2009 e atua nos estados do Rio de Janeiro e Minas Gerais. Morador do Rio de Janeiro, formado em Geografia e Meio Ambiente, iniciou sua trajetória em movimentos sócias na luta pela igualdade racial, pela educação e pelo direito a moradia digna.</s>
    <s>Carol Misorelli é mobilizadora e trabalha na área de Articulação e Mobilização Comunitária do Canal Futura. Paulista, formada em Relações Internacionais e Administração de Empresas , trabalhou por oito anos no Museu da Pessoa (São Paulo) onde trabalhou em parceria com diversas organizações sociais, especialmente grupos e movimentos de jovens.</s>
    <s>Cinthia Sarinho é mobilizadora regional do Canal Futura desde 2000 e atua no estado de Pernambuco. É graduada e licenciada em Psicologia, com Especialização em Gestão Solidária para Organizações Sociais. Foi voluntária do NACC- Núcleo de Apoio à Criança com Câncer, no Projeto Classe Hospitalar, de 1999 a 2000.</s>
    <s>Débora Galli é mobilizadora regional do Canal Futura desde 2010. Amazonense de Manaus, é assistente social e especialista em Gestão e Planejamento de Políticas Públicas. Por 8 anos atuou com ONGs na gestão e articulação política para a consolidação desse campo em sua região.</s>
    <s>Jacinta Rodrigues é coordenadora da área de Articulação e Mobilização Comunitária desde 2008. É paulista de Cruzeiro – Vale do Paraíba. Jornalista e mestre em Comunicação e Cultura sempre procurou unir a atividade profissional à militância sócio-política. Foi repórter da TV Globo Recife, em 1997 integrou a equipe do Canal Futura atuando inicialmente no núcleo de Jornalismo.</s>
    <s>Joelma Ambrozio é mobilizadora regional do Canal Futura desde 2008 e atua no estado de São Paulo. Paranaense é jornalista e atua há nove com causas e movimentos sociais, por meio da comunicação e articulação social.</s>
    <s>Kélem Cabral é mobilizadora regional do Canal Futura desde 2009 e atua nos estados do Pará, Amapá, Tocantins e Rondônia. Jornalista e educadora popular, é paraense por adoção, há anos tem acompanhado e atuado junto a Ongs e Movimentos Sociais da Amazônia, em especial, do Pará.</s>
    <s>Lísia Palombini é jornalista formada pela PUC-RS desde 1995 e tem especialização em Mídia-Educação pela PUC-Rio. Trabalhou como pesquisadora no jornal Zero Hora, em assessoria de imprensa e foi repórter e apresentadora na RBS TV. No Canal Futura já foi repórter, apresentadora dos programas Jornal Futura, Sala de Notícias Entrevista, Cine Conhecimento e liderou a rede de TVs Universitárias Parceiras do Futura pelo núcleo de Jornalismo. Atualmente é editora e apresentadora do Conexão Futura. É casada e tem um filho.</s>
    <s>Lizely Borges é mobilizadora regional do Canal Futura desde 2011 e atua nos estados do Paraná e Santa Catarina. Jornalista de formação e educadora social, reside em Curitiba. Desde o início de sua trajetória atuou em organizações não-governamentais e movimentos sociais.</s>
    <s>Meriene Mazzei é carioca e formada em jornalismo com especialização em Jornalismo Cultural pela Universidade Estadual do Rio de Janeiro, a Uerj.  No Canal Futura começou como estagiária na Coordenação de Produção. Depois trabalhou como produtora do Núcleo de Programas. Produziu “Tempos de Escola” e “Passagem Para”, entre outros. Atualmente é produtora do Conexão Futura.</s>
    <s>Pedro Paulo Rosa é estagiário da área de Articulação e Mobilização Comunitária do Canal Futura. É escritor e experimentador do audiovisual (tendo feito um documentário e três curtas) e cursa História.</s>
    <s>Renata Gazé é mobilizadora regional do Canal Futura desde 2009 e atua nos estados do Rio de Janeiro e Minas Gerais. É carioca, pós graduada em mídia e educação e contadora de histórias que acredita serem capazes de inspirar e transformar quem está por perto. Chegou no Futura em 1998, atuou nas equipes de Programação e Produção de Programas.</s>
    <s>Roberto Fernandes Sousa é mobilizador regional do Canal Futura de 2003 e atua no estado da Bahia. É baiano de Ipiáu, educador, com aventuras nas áreas de Filosofia e Teologia, foi militante da Pastoral de Juventude na Diocese de Ilhéus.</s>
    <s>Vanessa Pipinis é mobilizadora regional do Canal Futura e atua no estado de São Paulo. É paulistana, formada em Direito e em Jornalismo, possui mestrado em Educação e trabalha há onze anos na área social - incluindo projetos de educomunicação, formação de educadores, EaD e desenvolvimento local. Em 2008 viajou pelo leste europeu fotografando paisagens e ouvindo histórias de sobrevivência em meio às guerras.</s>
    <s>Zilda Piovesan é mobilizadora regional do Canal Futura desde 2007 e atua nos estados do RS e SC. É gaúcha de Palmeira das Missões e reside em Porto Alegre. Jornalista, formada pela Universidade Federal de Santa Maria, foi coordenadora de comunicação social da Secretaria de Desenvolvimento do RS de 1999 a 2002. Coordenou a comunicação do V Fórum Social Mundial, realizado em Porto Alegre em 2005 e trabalhou na organização da Conferência Internacional de Reforma Agrária e Desenvolvimento Rural (2006).</s>
    <s>Nuvem de tags</s>
    <s>arte bahia direitos da criança e do adolescente direitos humanos economia solidaria educação escola II Festival Juventudes meio ambiente mobilização moradia mulheres Nordeste paraná questões etno raciais questões urbanas rio de janeiro saúde são paulo</s>
    <s>WP Cumulus Flash tag cloud by Roy Tanck requires Flash Player 9 or better.</s>
    <s>Já viu?</s>
    <s>&quot;O Canto de um Novo Mundo&quot; - Fortaleza realiza II Festival das Juventudes</s>
    <s>7 de outubro de 2011</s>
    <s>Congresso de Humanização e Saúde movimentou Salvador esta semana</s>
    <s>22 de setembro de 2011</s>
    <s>22 de setembro de 2011</s>
    <s>vídeos do conexão</s>
    <s>A sua opinião</s>
    <s>&quot;Prezados, compartilho nosso trabalho sobre heranças africanas e reflexões do dia a dia. Nesta edição o programa REconhecer traz a situação da mulher negra no mercado de trabalho. Assistam!!http://www.youtube.com/watch?v=xR0viiQMm6w Até mais!”</s>
    <s>Neide Diniz</s>
    <s>Edições diárias</s>
    <s>&gt; Canal Futura</s>
    <s>&gt; Cor da Cultura</s>
    <s>&gt; Diz Aí Juventude</s>
    <s>&gt; Futuratec</s>
    <s>&gt; Mapa da Rede de Articulações</s>
    <s>&gt; Que exploração é essa?</s>
    <s>Quem somos</s>
    <s>Vem aí</s>
    <s>21 2502-0022</s>
    <s>desenvolvido por LECODE</s>
    <s>(C) Copyright Canal Futura. Todos os direitos reservados.</s>
  </text>
</page>
