<?xml version="1.0" encoding="UTF-8"?>
<!DOCTYPE page SYSTEM "page.dtd">
<page>
  <lang>pt</lang>
  <url>http://gestaocompetenciasbrasil.com/Event.aspx%3Fid%3D462338</url>
  <title>Workshops - IQPC Gestão por Competências</title>
  <snippet>
    <s>28 abr. 2011 Workshop A: TUTORIAL – BRIEFING PRÉ-CONFERÊNCIA : Saiba como implantar um modelo de Gestão de Competências alinhado ao </s>
  </snippet>
  <text>
    <s>IQPC Home</s>
    <s> Recursos Humanos</s>
    <s>&lt;!-- uploaded by strad --&gt;divReplace(&quot;ContentBlock1&quot;,&quot;eventText&quot;);</s>
  </text>
</page>
