<?xml version="1.0" encoding="UTF-8"?>
<!DOCTYPE page SYSTEM "page.dtd">
<page>
  <lang>pt</lang>
  <url>http://aulp.org/noticias/actividades-e-eventos/266-1o-conferencia-do-forum-da-gestao-do-ensino-superior-nos-paises-e-regioes-de-lingua-portuguesa-</url>
  <title>1ª Conferência do Fórum da Gestão do Ensino Superior nos Países ...</title>
  <snippet>
    <s>1ª Conferência do Fórum da Gestão do Ensino Superior nos Países e Regiões de Língua Portuguesa - 14, 15 e 16 de Novembro de 2011 - Universidade de </s>
  </snippet>
  <text>
    <s>A AULP</s>
    <s>Ensino Superior</s>
    <s>Actividades e Eventos</s>
    <s>Revista de Imprensa</s>
    <s>1ª Conferência do Fórum da Gestão do Ensino Superior nos Países e Regiões de Língua Portuguesa</s>
    <s>1ª Conferência do Fórum da Gestão do Ensino Superior nos Países e Regiões de Língua Portuguesa - 14, 15 e 16 de Novembro de 2011 - Universidade de Lisboa e Universidade de Coimbra</s>
    <s> A Universidade de Lisboa e a Universidade de Coimbra organizam a 1ª Conferência do Fórum do Ensino Superior nos Países e Regiões de Língua POrtuguesa subordinada ao tema: &quot; Os Desafios da Gestão e da Qualidade do Ensino Superior nos Países e Regiões de Língua Portuguesa&quot; a realizar nos dias 14, 15 e 16 de Novembro de 2011.</s>
    <s>Esta iniciativa visa ainda promover a criação de um fórum que agregue os membros dos órgãos de gestão das instituições de ensino superior, os administradores, os docentes e investigadores, através da constituição de uma rede de estudo, de investigação, e de debate, na área da Gestão Universitária e das Políticas de Ensino Superior no âmbito dos Países de Língua Portuguesa.</s>
    <s>Para mais informações consulte: http://www.forumgestaoensinosuperior2011.ul.pt/index.html</s>
    <s>© AULP 2011 - Todos os direitos reservados</s>
    <s>Links Úteis</s>
    <s>Avisos Legais</s>
    <s>Alojado por</s>
  </text>
</page>
