<?xml version="1.0" encoding="UTF-8"?>
<!DOCTYPE page SYSTEM "page.dtd">
<page>
  <lang>pt</lang>
  <url>http://www.rare-diseases.eu/2007/submissao-de-resumos</url>
  <title>Conferência Europeia sobre Doenças Raras 2007 em Lisboa Submeta um ...</title>
  <snippet>
    <s>Submissão de resumos - Conferência Europeia de Doenças Raras 2007 em Lisboa. Está convidado a submeter um resumo para a Conferência Europeia de Doenças </s>
  </snippet>
  <text>
    <s>Conférence Européenne sur les Maladies Rares – Lisbonne 27 - 28 novembre 2007</s>
    <s>menu accessibilité</s>
    <s>Accéder aux règles d’accessibilité</s>
    <s>Accès direct au texte</s>
    <s>Accès direct au menu</s>
    <s>Retour à la page d’accueil de la Conférence Européenne sur les Maladies Rares 2007 à Lisbonne. 27 - 28 novembre 2007</s>
    <s>menu accessibility, language, search machine</s>
    <s>Mode écran</s>
    <s>Mode écran Mode classique Mode colonne unique Mode fond noir</s>
    <s>Langue français français français français français</s>
    <s>Moteur de recherche interne</s>
    <s>main menu</s>
    <s>plan du site</s>
    <s>la conférence</s>
    <s>submeter um resumo</s>
    <s>submissão de resumos</s>
    <s>formulário de submissão on-line</s>
    <s>Esta pagina explica como submeter um resumo para a Conferencia Europeia de Doenças Raras 2007 em Lisboa, nos seguintes temas : Politica Europeia, Regional, Estatal e Local - Centros de Competencias para Doenças Raras - Projectos inovadores e focados nos doentes com Doenças Raras - Redes de Investigaçao - Desenvolvimento de novos medicamentos orfaos.</s>
    <s>Submissao de resumos - Conferencia Europeia de Doenças Raras 2007 em Lisboa.</s>
    <s>Esta convidado a submeter um resumo para a Conferencia Europeia de Doenças Raras, para apresentaçao durante a sessao de posters, caso seja seleccionado pela comissao de programa.</s>
    <s>Os assuntos transversais sobre os quais os resumos podem versar sao :</s>
    <s>Politica e Implementaçao :</s>
    <s>Politica Europeia, Regional, Estatal e Local</s>
    <s>Centros de Competencias para Doenças Raras</s>
    <s>Projectos inovadores e focados nos doentes com Doenças Raras</s>
    <s>Redes de Investigaçao Europeias</s>
    <s>Desenvolvimento de novos medicamentos orfaos</s>
    <s>O texto dos resumos nao deve exceder as 300 palavras.</s>
    <s>Data limite para submissao dos resumos : 31 de Julho de 2007, 24h00m UTC+1</s>
    <s>Por favor tenha em atençao que o seu resumo so sera incluido no programa cientifico, se se registar antes de 30 de Setembro de 2007.</s>
    <s>Por favor tenha em atençao que pode ser co-autor de varios resumos mas unicamente o autor apresentador de um resumo.</s>
    <s>Siga cuidadosamente as instruçoes.</s>
    <s>Os passos seguintes tem de ser completados para uma correcta submissao :</s>
    <s>Titulo do Resumo</s>
    <s>Selecçao do Tema</s>
    <s>Texto do resumo</s>
    <s>Os cookies devem ser permitidos no seu sistema.</s>
    <s>Gestao de conta - Informaçao Pessoal</s>
    <s>Depois de ter criado a conta, o sistema enviara um e-mail de confirmaçao com a informaçao de acesso para editar, eliminar ou retirar o seu resumo.</s>
    <s>A informaçao pessoal pode ser editada, se necessario, acedendo ao icone &quot;Profile&quot; (Perfil) (ex. no caso de uma alteraçao de morada). Atençao : Toda a correspondencia relacionada com a aceitaçao do seu resumo ira ser enviada para o e-mail indicado por si na &quot;profile section&quot; (secçao de perfil). Por favor, complete todos os campos com exactidao.</s>
    <s>Por favor, lembre-se que as cartas de confirmaçao nao serao enviadas por correio. Assim, se o e-mail dado estiver errado, a caixa de correio cheia ou nao funcionar, o e-mail de confirmaçao pode nao lhe chegar a tempo e podera perder prazos importantes (ex. tarifas de registo reduzidas).</s>
    <s>Correcçoes - Remoçao</s>
    <s>O e-mail de confirmaçao enviado apos a submissao do resumo permite-lhe edita-lo.</s>
    <s>Neste e-mail, o titulo do seu resumo submetido e mostrado junto com a informaçao da sua submissao estar completa ou incompleta. Para editar o resumo, clique no link.</s>
    <s>Alteraçoes e remoçoes podem ser realizadas ate a data limite de 30 de Maio de 2007.</s>
    <s>O sistema de submissoes armazena a informaçao em &quot;tempo real&quot;.</s>
    <s>Na altura em que chegar a &quot;Summary&quot; (Sumario), durante o processo de submissaoe o sistema informa-o que &quot;This submission is complete&quot; (A submissao esta completa) o seu resumo esta completo e foi recebido. Contudo, podera continuar a fazer modificaçoes ate a data limite.</s>
    <s>Por favor, certifique-se que imprime o sumario para o seu registo pessoal. O sistema tambem tem uma funçao de confirmaçao por e-mail. Clique no link apropriado na pagina do sumario e preencha o seu e-mail na caixa destinada para o efeito.</s>
    <s>Para obter apoio durante o processo de submissao, por favor telefone para ++33 1 56 53 52 63 entre as 10.00h e as 19.00h HCE.</s>
    <s>Notificaçao de Aceitaçao</s>
    <s>Todos os resumos submetidos irao ser revistos pela Comissao de Programa no final de Junho, 2007. Os autores serao notificados por e-mail da aceitaçao ou nao dos seus resumos para a apresentaçao dos posters.</s>
    <s>Data limite para submissao dos resumos :</s>
    <s>31 de Julho de 2007, 24h00m UTC+1</s>
    <s>-Retour en haut de page-</s>
    <s>!Logo : Conférence Européenne sur les Maladies Rares 2007 à Lisbonne</s>
    <s>menu accessibilité, langue, moteur de recherche interne</s>
    <s>Ce site respecte les recommandations internationales d’accessibilité :</s>
    <s>AAA -</s>
    <s>Copyright: Eurordis, 2007</s>
    <s>Graphics: Baptiste Ferrier -</s>
    <s>Php/MySql : Olf Software -</s>
    <s>XHTML/CSS/WAI : Gravelet-Multimedia</s>
  </text>
</page>
