<?xml version="1.0" encoding="UTF-8"?>
<!DOCTYPE page SYSTEM "page.dtd">
<page>
  <lang>pt</lang>
  <url>http://www.ptnegocios.pt/vgn-ext-templating/v/index.jsp%3Fvgnextoid%3Df2ede2f767461210VgnVCM1000005401650aRCRD%26vgnextchannel%3Df9e1ca32cd01f210VgnVCM1000005401650aRCRD%26vgnextfmt%3Ddefault8</url>
  <title>PT Negócios &gt; No Escritório &gt; Comunicação e Colaboração &gt; Conferência</title>
  <snippet>
    <s>15 jul. 2010 Número e duração das Conferências Web, ilimitado. Número de participantes em cada Conferência Web, incluindo o organizador, Até 25 </s>
  </snippet>
  <text>
    <s>In order to bring you the best possible user experience, this site uses Javascript. If you are seeing this message, it is likely that the Javascript option in your browser is disabled. For optimal viewing of this site, please ensure that Javascript is enabled for your browser.</s>
    <s>PT | tmn | meo | sapo | PT Prime</s>
    <s>ea de cliente|Webmail|Contactos|SmartCloudPT</s>
    <s>Sony Ericsson</s>
    <s>Windows e bada</s>
    <s>Centrais Telefas</s>
    <s>Telefones e acesss</s>
    <s>Faxes e Multifuns</s>
    <s>Banda Larga M</s>
    <s>Antiga Oferta</s>
    <s>Voz M</s>
    <s>Voz Fixa</s>
    <s>Tarifo Base</s>
    <s>Planos Ilimitados</s>
    <s>Planos de Minutos Acumulis</s>
    <s>Tarifos com Descontos</s>
    <s>N Verde, N Azul e N ico</s>
    <s>Outros Tarifos</s>
    <s>Banda Larga M</s>
    <s>Banda Larga tmn</s>
    <s>Internet Fixa</s>
    <s>Sapo Fibra</s>
    <s>Sapo ADSL</s>
    <s>Telepac ADSL</s>
    <s>MEO Fibra</s>
    <s>MEO Satte</s>
    <s>No Escrit</s>
    <s>Ofertas Integradas</s>
    <s>Office Box</s>
    <s>Telepac PABX</s>
    <s>Global Phone</s>
    <s>Voz Fixa</s>
    <s>Linha Telefa PT</s>
    <s>Acesso Bco RDIS</s>
    <s>Acesso Primo RDIS</s>
    <s>Pack Voz Fixa</s>
    <s>N Verde, N Azul e N ico</s>
    <s>Acesso nternet</s>
    <s>Sapo ADSL</s>
    <s>Sapo Fibra</s>
    <s>Telepac ADSL</s>
    <s>Prime ADSL</s>
    <s>Acesso Internet@Firewall centralizado</s>
    <s>Liga em rede</s>
    <s>I-VPN Easy</s>
    <s>PT Redes Privadas</s>
    <s>Teamwork (acesso remoto)</s>
    <s>Servi de mensagens</s>
    <s>SMS Express</s>
    <s>Comunica e Colabora</s>
    <s>Fax Online</s>
    <s>Conferia Web</s>
    <s>[Gestde Pagamentos</s>
    <s>POS M</s>
    <s>POS Fixo</s>
    <s>MB Phone</s>
    <s>Sistema de Seguranpara Instalas</s>
    <s>Servi Complementares</s>
    <s>Onda Musical</s>
    <s>Corporate TV</s>
    <s>Anti-virus online</s>
    <s>telepac assistia informca para PMEs</s>
    <s>Em Mobilidade</s>
    <s>Voz M</s>
    <s>VPN - redes privadas virtuais</s>
    <s>GRU - grupo restrito de utilizadores</s>
    <s>Acesso nternet e ao E-mail</s>
    <s>Banda Larga tmn</s>
    <s>Internet no Telem</s>
    <s>Nokia Messaging</s>
    <s>Acesso nternet com IP Fixo</s>
    <s>Servi de Mensagens</s>
    <s>SMS - ServiMensagens Escritas</s>
    <s>MMS - ServiMensagens Multima</s>
    <s>CartMensagem Telem</s>
    <s>Cedia tempora de equip. para invisuais</s>
    <s>Pakots Roaming Dados Banda Larga</s>
    <s>Pakots Roaming Voz e SMS</s>
    <s>Tarifos Roaming Internet Telem</s>
    <s>Servi de Factura</s>
    <s>Factura repartida</s>
    <s>Agenda de contactos</s>
    <s>Extracto on-line</s>
    <s>Factura Electra e Dto Directo</s>
    <s>Factura detalhada</s>
    <s>Servi de Localiza</s>
    <s>Gestde Frotas</s>
    <s>Car Control</s>
    <s>Servi Utilitos</s>
    <s>Arquivo t</s>
    <s>12600 Bolsa online</s>
    <s>12400 tmn notas</s>
    <s>Servi de Voz</s>
    <s>Chamadas perdidas</s>
    <s>Contacto disponl</s>
    <s>Voice Mail</s>
    <s>Transferia de Chamadas</s>
    <s>Chamada em Conferia</s>
    <s>Reencaminhamento de Chamadas</s>
    <s>Identifica de Chamadas</s>
    <s>Barramento de Chamadas</s>
    <s>Aviso de Chamada</s>
    <s>Chamada em Espera</s>
    <s>Servi de Dados</s>
    <s>Wap GSM</s>
    <s>Acesso ISP</s>
    <s>Servi Complementares</s>
    <s>Backup online desktop</s>
    <s>Anti-virus online</s>
    <s>Ofertas Integradas</s>
    <s>Office Box</s>
    <s>Servi Base</s>
    <s>Servi Adicionais</s>
    <s>MEO Fibra</s>
    <s>MEO Satte</s>
    <s>Telepac PABX</s>
    <s>Global Phone</s>
    <s>Packs PT | Microsoft Office 365</s>
    <s>Pack Office Box | Microsoft Office 365</s>
    <s>Pack Mobilidade | Microsoft Office 365</s>
    <s>Pack Microsoft Office 365</s>
    <s>Solus Sectoriais Office Box</s>
    <s>Restaurantes e Caf/a&gt;</s>
    <s>[Profissionais de Direito</s>
    <s>Mcos e Clcas</s>
    <s>Loja de Electrodomicos</s>
    <s>Quiosques e Papelarias</s>
    <s>Home / No Escrit / Comunica e Colabora / Conferia Web</s>
    <s>No Escrit</s>
    <s>Ofertas Integradas</s>
    <s>Voz Fixa</s>
    <s>Acesso nternet</s>
    <s>Liga em rede</s>
    <s>Servi de mensagens</s>
    <s>Comunica e Colabora</s>
    <s>Fax Online</s>
    <s>Conferia Web</s>
    <s>[Gestde Pagamentos</s>
    <s>Sistema de Seguranpara Instalas</s>
    <s>Servi Complementares</s>
    <s>Conferia Web</s>
    <s>Experimente Grs</s>
    <s>ver vo</s>
    <s>Conferia Web</s>
    <s>Com o Serviço Conferencia Web e possivel fazer reunioes atraves da Internet, de forma simples, imediata e flexivel, no escritorio, em casa ou em mobilidade, onde quer que se encontrem os seus interlocutores.</s>
    <s>Basta que todos os participantes tenham um computador com web browser e um acesso a Internet, fixo ou movel, para poderem falar e partilhar documentos em total segurança.</s>
    <s>Valores por Organizador</s>
    <s>€ 59</s>
    <s>Numero e duraçao das Conferencias Web</s>
    <s>Numero de participantes em cada Conferencia Web, incluindo o organizador</s>
    <s>Ate 25</s>
    <s>Voz incluida (VoIP integrado no computador)</s>
    <s>25.000 Minutos</s>
    <s>Espaço incluido no servidor para gravaçao de reunioes</s>
    <s>1 GB</s>
    <s>A mensalidade de € 59,00 pressupoe que o Cliente tenha contratado, ou contrate na altura da adesao ao Conferencia Web, o serviço SAPO ADSL, Telepac ADSL, conectividade Internet PT Prime, ou Banda Larga Movel da tmn. Caso contrario aplica-se a mensalidade de € 69,00.</s>
    <s>Para os 25.000 minutos de VoIP incluidos contam os minutos de todos os participantes em todas as conferencias web de cada mes. Por cada minuto adicional de cada participante e cobrado o valor de € 0,025.</s>
    <s>Todos os participantes tem acesso a audiçao do VoIP. É possivel ter ate 6 participantes a falar ao mesmo tempo. Se um setimo pretender falar, podera solicita-lo ao Organizador utilizando o botao &quot;Levantar a mao&quot; para falar.</s>
    <s>A utilizaçao do VoIP requer auscultadores e microfone externos ou integrados no PC.</s>
    <s>É possivel ver o video (webcam) de ate 6 participantes em simultaneo. O video pode ser alternado entre participantes.</s>
    <s>Periodo de fidelizaçao de 12 meses com renovaçao automatica salvo se indicaçao em contrario ate 30 dias antes da renovaçao.</s>
    <s>Os produtos e serviços indicados destinam-se ao mercado empresarial. Aos preços apresentados acresce IVA a taxa legal em vigor.</s>
    <s>Última atualizaçao : 15/07/10</s>
    <s>Centrais Telefas</s>
    <s>Faxes e Multifuns</s>
    <s>Voz M</s>
    <s>Voz Fixa</s>
    <s>Banda Larga M</s>
    <s>Internet Fixa</s>
    <s>No Escrit</s>
    <s>Ofertas Integradas</s>
    <s>Voz Fixa</s>
    <s>Acesso nternet</s>
    <s>Liga em rede</s>
    <s>Servi de mensagens</s>
    <s>Comunica e Colabora</s>
    <s>Gestde Pagamentos</s>
    <s>Sistema de Seguranpara Instalas</s>
    <s>Servi Complementares</s>
    <s>Em Mobilidade</s>
    <s>Voz M</s>
    <s>Acesso nternet e ao E-mail</s>
    <s>Servi de Mensagens</s>
    <s>Servi de Factura</s>
    <s>Servi de Localiza</s>
    <s>Servi Utilitos</s>
    <s>Servi de Voz</s>
    <s>Servi de Dados</s>
    <s>Servi Complementares</s>
    <s>Ofertas Integradas</s>
    <s>Office Box</s>
    <s>Telepac PABX</s>
    <s>Global Phone</s>
    <s>Packs PT | Microsoft Office 365</s>
    <s>Solus Sectoriais Office Box</s>
    <s>Restaurantes e Caf/a&gt;</s>
    <s>[Profissionais de Direito</s>
    <s>Mcos e Clcas</s>
    <s>!Portugal Telecom (C) 2011 PT Negs Todos os direitos reservados</s>
    <s>Pontos de Venda|Catgo PT Negs|Termos e Condis|Privacidade|Novo Acordo Ortogrco</s>
  </text>
</page>
