<?xml version="1.0" encoding="UTF-8"?>
<!DOCTYPE page SYSTEM "page.dtd">
<page>
  <lang>pt</lang>
  <url>http://paixaocapixaba.com.br/%3Fp%3D4132</url>
  <title>Conferência Estadual dos Direitos da Pessoa Idosa | Paixão Capixaba</title>
  <snippet>
    <s>Conferência Estadual dos Direitos da Pessoa Idosa Artigo anteriorSecult abre inscrições para Edital de apoio aos autos populares Próximo artigoIncaper vai </s>
  </snippet>
  <text>
    <s>Quem somos</s>
    <s>Nosso Estado</s>
    <s>Direitos Humanos e Cidadania</s>
    <s>Cursos e Concursos</s>
    <s>Direitos Humanos e Cidadania</s>
    <s>Nossa gente</s>
    <s>Glossário de Entidades</s>
    <s>Meio Ambiente</s>
    <s>Mercado Imobiliário</s>
    <s>Fale conosco</s>
    <s>Log In</s>
    <s>Agenda / Cidades / Direitos Humanos e Cidadania</s>
    <s>Conferência Estadual dos Direitos da Pessoa Idosa</s>
    <s>A importância de envelhecer com dignidade estará em discussão em Aracruz, desta quarta (14) até sexta-feira (16), na III Conferência Estadual dos Direitos da Pessoa Idosa, organizado pelo Conselho Estadual de Defesa dos Direitos da Pessoa Idosa (CEDDIPI) em parceria com a Secretaria Estadual de Assistência Social, Trabalho e Direitos Humanos (SEASTDH).</s>
    <s>No evento, cujo tema é “O Compromisso de todos por um envelhecimento digno no Brasil”, serão debatidos os avanços e os desafios da Política Nacional do Idoso, e demais assuntos referentes à geração de condições que favoreçam a um envelhecimento digno. Além disso, a realização da conferência visa a definir as ações de responsabilidade do Estado, que serão colocadas em prática em prol do bem estar da população idosa. </s>
    <s>No Espírito Santo, a política que defende o idoso tem sido desenvolvida oportunizando qualidade de vida, respeito aos direitos e dignidade à pessoa idosa.</s>
    <s>A conferência contará com quatro palestrantes, dentre eles a presidente do Conselho Nacional dos Direitos do Idoso (CNDI), Karla Cristina Giacomim, que fará palestra sobre a importância de se envelhecer com dignidade e respeito.</s>
    <s>A estimativa é que o evento reúna 450 participantes, divididos entre delegados e convidados. Além disso, a conferência irá eleger 14 delegados capixabas para a Conferência Nacional que acontecerá no mês de novembro, em Brasília.</s>
    <s>Abertura: 14/09</s>
    <s>Horário: 18hs</s>
    <s>Palestras: 15 e 16/09</s>
    <s>Horário: 9 às 17hs</s>
    <s>Local: Sesc Ponta Formosa - Rodovia do Sol (ES-010), KM 35, Santa Cruz- Aracruz</s>
    <s>Informações à Imprensa:</s>
    <s>Assessoria de Comunicação / SEASTDH</s>
    <s>Rodrigo Sant’ana</s>
    <s>Flávia Pinheiro</s>
    <s>Tels: 3314-5707 / 9949-3340</s>
    <s>Tags: Aracruz, Conferência Estadual dos Direitos, Direitos do Idoso, Pessoa Idosa</s>
    <s>Artigo anterior Secult abre inscrições para Edital de apoio aos autos populares Próximo artigo Incaper vai capacitar fruticultores para produção de mudas de qualidade</s>
    <s>Nome obrigatório</s>
    <s>Email obrigatório</s>
    <s>Clique aqui para cancelar a resposta.</s>
    <s>!Imagem CAPTCHA</s>
    <s>!Reapresentar imagem</s>
    <s>CAPTCHA Code *</s>
    <s>Notícias do Dia</s>
    <s>Comitê define limites para a negociação sobre royalties de petróleo com o Governo Federal 17 de outubro de 2011</s>
    <s>Área de Libra: moeda do entendimento nacional sobre royalties 17 de outubro de 2011</s>
    <s>Maurício de Oliveira 17 de outubro de 2011</s>
    <s>Estadual de Bodyboard e Surfe esquentaram o fim de semana em Vila Velha 17 de outubro de 2011</s>
    <s>Noite dedicada a peças capixabas no VII Festival Nacional de Teatro 17 de outubro de 2011</s>
    <s>Festival Ecos do Pátio reunirá 900 pequenos músicos no Álvares Cabral na terça 17 de outubro de 2011</s>
    <s>Governo lança prêmio para incentivar comercialização de rotas turísticas do ES 17 de outubro de 2011</s>
    <s>Cafeicultores de Montanha vão participar de Dia de Campo sobre conilon 17 de outubro de 2011</s>
    <s>Mostra fotográfica com apoio da Lei Rubem Braga em exposição em Vitória 17 de outubro de 2011</s>
    <s>Destaque Nacional: publicação do Ministério do Trabalho elogia programas de ressocialização do Espírito Santo 17 de outubro de 2011</s>
    <s>Escolha o slogan do Paixão Capixaba</s>
    <s>você vai se amarrar nessa ideia</s>
    <s>do tamanho do seu coração</s>
    <s>revelando nossas melhores histórias</s>
    <s>o melhor de nossas vidas está aqui</s>
    <s>um gesto de amor pelo Espírito Santo</s>
    <s>View Results</s>
    <s>!Loading Loading </s>
    <s>Selecionar categoria Aeroporto Agenda Agora Agricultura Agronegócio Artes Plásticas Assistencia Social Audiovisual Bacias Hidrográficas Basquete Biblioteca Bodyboard Box Boxe Cacau Cafeicultura Cana de açucar Canoa Havaiana Capoeira Celulose Cidades Ciencia Ciencia e Tecnologia Cinema Colunas Comércio Comunicação Cultura Curiosidades Cursos e Concursos Dança Dança Desenvolvimento Direito do Consumidor Direitos Humanos e Cidadania Direitos Humanos e Cidadania Do Leitor Economia Educação Empreeendedorismo Entretenimento Esportes Fazenda Ferrovias Finanças Floricultura Folclore Fotografia Fruticultura Futebol Futebol Americano Futebol de Areia Futebol Freestyle Galerias de Arte Gastronomia Gestão e Recursos Humanos Ginástica Rítmica Golfe Guilherme Lacerda Habitação0 História Hospitais Indústria Indústria Cerâmica Indústria Moveleira Informática Infraestrutura Judô Justiça Kart Kleber Galvêas Lazer e Entretenimento Literatura Literatura Madeireira Mármore e Granito Meio Ambiente Mercado Imobiliário Monumentos Motocross Municípios do ES Museus Música Natação Negócios Nossa gente Notícias OFES Oficinas Palácios Parques Patrimonio Histórico Pecuária Pecuária Pesca Pesca Petróleo Piscicultura Política Portos Procon Remo Reservas Biológicas Reservas Naturais Rotas Saúde Segurança Pública Siderurgia e Mineração Surf Teatro Tecnologia Tecnologia da Informação Trabalho Transito Transportes Turismo Utilidade Pública Vela Classe Laser Vela Classe Oceano Videos</s>
    <s>Anchieta Aracruz Audiovisual BAndes Biblioteca Pública Estadual Levy Cúrcio da Rocha Cachoeiro de Itapemirim Café Café Conilon Capixaba Cariacica Castelo Colatina Domingos Martins edital ES FAMES FAPES GranExpoES Guarapari Iases IDAF IEMA Incaper Linhares literatura MAES Palácio Anchieta Petróleo Políticas Públicas Prodest Royalties Saúde SEAMA SECULT ES Sedu SEJUS seminário Serra SESA Theatro Carlos Gomes Transito Turismo UFES Vila Velha Vitória</s>
    <s>Redes Sociais</s>
    <s>\ \ &quot;; jQuery(document).ready(function($) { $('head').append(si captcha styles); }); //]]&gt; var gaq = gaq || ; gaq.push(' setAccount', 'UA-13169965-1'); gaq.push(' trackPageview'); (function() { var ga = document.createElement('script'); ga.type = 'text/javascript'; ga.async = true; ga.src = ('https:' == document.location.protocol ? 'https://ssl' : 'http://www') + '.google-analytics.com/ga.js'; var s = document.getElementsByTagName('script'); s.parentNode.insertBefore(ga, s); })();</s>
  </text>
</page>
