<?xml version="1.0" encoding="UTF-8"?>
<!DOCTYPE page SYSTEM "page.dtd">
<page>
  <lang>pt</lang>
  <url>http://www.eventos.uem.br/index.php/enteca/2011/about/organizingTeam</url>
  <title>Comitê Organizador - UEM</title>
  <snippet>
    <s> 2011 &gt; Sobre a Conferência &gt; Comitê Organizador </s>
  </snippet>
  <text>
    <s>!Imagem de cabeçalho de páginas internas</s>
    <s>Lembrar de mim</s>
    <s>Tamanho da fonte</s>
    <s>Conferências atuais</s>
    <s>Capa &gt; ENTECA - Encontro Tecnológico da Engenharia Civil e Arquitetura &gt; ENTECA - 2011 &gt; Sobre a Conferência &gt; Comitê Organizador</s>
    <s>Comitê Organizador</s>
    <s>1. Prof. Dra. Doralice Aparecida Favaro Soares, DEC-UEM, Brasil</s>
    <s>1. Profa. M.Sc. Aline Lisot, DEC-UEM, Brasil</s>
    <s>2. Profa. Dra. Anamaria Malachini Miotto Farah, DEC-UEM, Brasil</s>
    <s>3. Profa. M.Sc. Beatriz Fleury e Silva, DAU-UEM</s>
    <s>4. Prof. Dr. Carlos Augusto de Melo Tamanini, Universidade Estadual de Maringa</s>
    <s>5. Prof. Dr. Carlos Humberto Martins, DEC-UEM</s>
    <s>6. Profa. Dra. Cristhiane M. P. Okawa, DEC-UEM</s>
    <s>7. Prof. Dr. Ed Pinheiro Lima, UEM, Brasil</s>
    <s>8. Prof. M.Sc. Jesner Sereni Ildefonso, DEC-UEM</s>
    <s>9. Prof. Dr. José Luiz Miotto, DEC-UEM</s>
    <s>10. Profa. M.Sc. Layane Alves Nunes, Universidade Estadual de Maringá</s>
    <s>11. Profa. Dra. Luci Mercedes De Mori, DEC-UEM, Brasil</s>
    <s>12. Profa. Dra. Marcela Paula Maria Zanin Meneguetti, DEC-UEM</s>
    <s>13. Profa. Dra. Nara Villanova Menon, DEC-UEM, Brasil</s>
    <s>14. Profa. Dra. Nelci Helena Maia Gutierrez, DEC-UEM</s>
    <s>15. Prof. Dr. Paulo Fernando Soares, DEC-UEM, Brasil</s>
    <s>16. Prof. M.Sc. Rodrigo Mazia Enami, DEC-UEM</s>
    <s>17. Prof.Dr Romel Dias Vanderlei, Universidade Estadual de Maringá Departamento de Engenharia Civil, Brasil</s>
    <s>18. Prof. Dr. Sandro Rogerio Lautenschlager, DEC-UEM, Brasil</s>
    <s>19. Profa. Silvia Paula Sossai Altoe, Universidade Estadual de Maringá</s>
    <s>1. Adriano Giacomini, Universidade Estadual de Maringa-DEC</s>
    <s>2. Fernando Pedriali Rosa, Universidade Estadual de Maringa - DEC</s>
    <s>3. Juliane Vier Vieira, Universidade Estadual de Maringa - DEC</s>
    <s>4. Márcio Takemoto Morissugui, Universidade Estadual de Maringá - DEC, Brasil</s>
    <s>5. Rafael Germano Dal Molin Filho, Universidade Estadual de Maringá, Brasil</s>
    <s>6. Thiago Botion Neri, UNIVERSIDADE ESTADUAL DE MARINGÁ, Brasil</s>
    <s>Este trabalho está licenciado sob uma Licença Creative Commons Attribution 3.0 .</s>
  </text>
</page>
