<?xml version="1.0" encoding="UTF-8"?>
<!DOCTYPE page SYSTEM "page.dtd">
<page>
  <lang>pt</lang>
  <url>http://bceunb.blogspot.com/2010/11/diretora-da-bce-preside-sessao-na.html</url>
  <title>Blog da BCE: Diretora da BCE preside sessão na Conferência ...</title>
  <snippet>
    <s>Blog da Biblioteca Central da Universidade de Brasília. aberto em universidades, que foi, de fato, a primeira sessão da 1ª Conferência Lusobrasileira de </s>
  </snippet>
  <text>
    <s>skip to main | skip to sidebar</s>
    <s>Blog da BCE</s>
    <s>Blog da Biblioteca Central da Universidade de Brasília. Aqui você encontrará informações sobre os setores da Biblioteca, serviços prestados, exposições, dicas e muito mais.</s>
    <s>Busca no Blog</s>
    <s>Bases de Dados (1)</s>
    <s>Biblioteca Digital de Monografias (2)</s>
    <s>Charles Dickens (1)</s>
    <s>Coleções Especiais (1)</s>
    <s>conservação (2)</s>
    <s>convite (2)</s>
    <s>destruição de livros (1)</s>
    <s>Dicas de Leitura (2)</s>
    <s>Espaço Cassiano Nunes (3)</s>
    <s>Exposição (3)</s>
    <s>Fotos (5)</s>
    <s>grandes autores (1)</s>
    <s>livros (4)</s>
    <s>Obras Raras (1)</s>
    <s>Repositório Institucional (2)</s>
    <s>SEER (1)</s>
    <s>temperatura (1)</s>
    <s>► (1)</s>
    <s>► Setembro (1)</s>
    <s>Professor Jaime Robredo</s>
    <s>▼ (37)</s>
    <s>► Dezembro (3)</s>
    <s>Construção de Brasília</s>
    <s>Juscelino Kubitschek</s>
    <s>A questão da mudança da Capital</s>
    <s>▼ Novembro (7)</s>
    <s>Veja a trajetória de Brasília por meio da Coleção </s>
    <s>Diretora da BCE preside sessão na Conferência Luso </s>
    <s>Caspar Barlaeus e a colonização holandesa no Brasi </s>
    <s>Che Vive: a solidariedade internacionalista</s>
    <s>Preserve o acervo da BCE</s>
    <s>Encontre também filmes e música na BCE</s>
    <s>Diretora da BCE participa da 1ª Conferência Luso-B </s>
    <s>► Outubro (8)</s>
    <s>BCE ganha novos móveis</s>
    <s>A Base de dados vLex está disponível</s>
    <s>BCE capacita e torna Repositório Institucional da </s>
    <s>XVI Seminário Nacional de Bilbiotecas Universitári </s>
    <s>X Semana da Língua Italiana no Mundo</s>
    <s>Fryderyk Chopin: Além da música</s>
    <s>Coleções disponíveis para avaliação</s>
    <s>Conferências da Primavera terminam com poesia e mú </s>
    <s>► Setembro (4)</s>
    <s>Preservação do Acervo</s>
    <s>Nova data para devolução</s>
    <s>A Biblioteca Central volta a funcionar</s>
    <s>Conferências da Primavera</s>
    <s>► Julho (2)</s>
    <s>Dois dos serviços digitais da BCE aparecem no Rank </s>
    <s>Recebimento de doações pela BCE está suspenso por </s>
    <s>► Junho (1)</s>
    <s>Revista Nature Chemical Biology</s>
    <s>► Maio (2)</s>
    <s>Convite: Entrega do livro Prêmio Cassiano Nunes</s>
    <s>Edital do Concurso Nacional de Prosa Prêmio Cassia </s>
    <s>► Abril (2)</s>
    <s>Convite: Homenagem a Cassiano Nunes na data do seu </s>
    <s>&quot;Competência informacional ou letramento/alfabetiz </s>
    <s>► Março (5)</s>
    <s>Greve dos servidores da UnB</s>
    <s>Acesso disponível a Redalyc</s>
    <s>Biblioteca Central da UnB abre ao público exposiçã </s>
    <s>BCE fechada no dia 04/03/2010 das 7h às 12h</s>
    <s>A BCE conta com um vasto acervo literário</s>
    <s>► Fevereiro (2)</s>
    <s>Inscrições para o treinamento na nova versão do Po </s>
    <s>1º andar fechado para reformas</s>
    <s>► Janeiro (1)</s>
    <s>Todo livro velho é raro?</s>
    <s>► (28)</s>
    <s>► Dezembro (5)</s>
    <s>A BCE estará fechada do dia 24/12/2009 a 03/01/201 </s>
    <s>Base de Dados PQBiology Journals.</s>
    <s>Treinamento do SEER</s>
    <s>Funcionamento da BCE - Dias 18, 19 e 20/12/2009</s>
    <s>Fim da greve</s>
    <s>► Novembro (8)</s>
    <s>Greve dos servidores da UnB</s>
    <s>Exposição, Concerto e Simpósio marcam os 20 da mor </s>
    <s>DICAS DE LEITURA</s>
    <s>Recomendações importantes para elaboração de ficha </s>
    <s>O CESOL - Congresso Estadual de Software Livre</s>
    <s>I Encontro sobre Gestão de Repositórios Institucio </s>
    <s>Fotos da Abertura da Exposição de 20 anos da Queda </s>
    <s>► Outubro (15)</s>
    <s>Biblioteca Central - BCE</s>
    <s>Universidade de Brasília</s>
    <s>Você é o visitante</s>
    <s>Usuários online</s>
    <s>Blogger Template by Blogcrowds.</s>
    <s>Diretora da BCE preside sessão na Conferência Lusobrasileira de Acesso Aberto</s>
    <s>Postado por BCEUnB às 08:33</s>
    <s>A Diretora da BCE, Sely Costa, presidiu, na última quinta-feira (25/11), uma sessão sobre políticas institucionais de acesso aberto em universidades, que foi, de fato, a primeira sessão da 1ª Conferência Lusobrasileira de Acesso Aberto. Falaram sobre as políticas de suas instituições, o reitor da Universidade de Liege (Bélgica), prof. Bernard Rentier; o vice-reitor da Universidade de Coimbra, em Portugal, prof. Antônio Gomes Martins, e o Presidente do Instituto Politécnico de Bragança, em Portugal, prof. Orlando Rodrigues.</s>
    <s>O professor Bernard Rentir expôs a política da universidade, deixando muito clara a necessidade de envolvimento direto da direção superior da universidade na implementação das políticas, seguido pelos outros dois, que concordaram inteiramente com isso.</s>
    <s>Nas três universidades, o papel das bibliotecas foi destacado como essencial para o desenvolvimento desse tipo de projeto, e as políticas têm sido bem sucedidas, graças ao apoio incondicional e crucial da direção superior dessas instituições. A bibliotecária Marília Freitas apresentou a experiência da UnB com esse tipo de iniciativa.</s>
    <s>0 Comments:</s>
    <s>1. Post a Comment</s>
    <s>Postagem mais recente Postagem mais antiga Início</s>
    <s>Assinar: Postar comentários (Atom)</s>
  </text>
</page>
