<?xml version="1.0" encoding="UTF-8"?>
<!DOCTYPE page SYSTEM "page.dtd">
<page>
  <lang>pt</lang>
  <url>http://pgbr.postgresql.org.br/2011/palestras.php%3Fid%3D49</url>
  <title>Viva a ... - PGBR 2011 - Conferência Brasileira PostgreSQL 2011</title>
  <snippet>
    <s>Conferência PostgreSQL Brasil Brazilian PostgreSQL Conference Na palestra proposta o participante será convidado a participar desta revolução </s>
  </snippet>
  <text>
    <s>Conferência PostgreSQL</s>
    <s>3-4 de Novembro de 2011</s>
    <s>São Paulo, SP</s>
    <s>PGBR 2011</s>
    <s>Sobre o Evento</s>
    <s>Datas Importantes</s>
    <s>Seja Patrocinador</s>
    <s>Chamada de Trabalhos</s>
    <s>Edições Anteriores</s>
    <s>Viva a Revolução Geoespacial!</s>
    <s>O uso crescente da informação geoespacial, aliado ao avanço tecnológico, vem transformando a forma com que as pessoas lidam com as informações armazenadas em bancos de dados. Os temas emergentes que preocupam a sociedade em geral tais como as mudanças climáticas, a preservação do meio ambiente, o combate a fome e a pobreza e o monitoramento de endemias, exigem o uso deste tipo de informação para melhor compreender os fenômenos observados.</s>
    <s>Diversos serviços baseados em geoinformação estão se tornando cada vez mais populares. Mapas disponíveis na Internet permitem acompanhar a situação do trânsito nas grandes cidades e algoritmos demonstram as alternativas para sair de um ponto da cidade e chegar a determinado local no menor tempo; é possível conhecer uma determinada região antes de decidir pela viagem de férias com a família, pois os mapas agregam informações oriundas de diversos bancos de dados de hotéis, empresas de transporte, pontos turísticos e serviços públicos; equipamentos de GPS permitem rastrear veículos e acompanhar a entrega de cargas e encomendas.</s>
    <s>Neste cenário é possível usar o poder do PostgreSQL, aliado a uma série de outros softwares construídos com o propósito de manipular a informação geoespacial. Na palestra proposta o participante será convidado a participar desta revolução geoespacial e tomará conhecimento de alguns recursos para desenvolver projetos de banco de dados espaciais usando PostgreSQL, reforçado pelo uso de outras ferramentas como PostGIS, PostGIS Raster, PgRouting, OpenStreetMap, servidores de mapas e Sistemas de Informação Geográfica – SIG.</s>
    <s>♦ Categoria: palestra</s>
    <s>♦ Trilha: GIS</s>
    <s>♦ Língua: Português</s>
    <s>♦ Sala: Auditório 1</s>
    <s>♦ Início: 03/11/2011 16:20:00</s>
    <s>♦ Término: 03/11/2011 17:20:00</s>
    <s>Luis Fernando Bueno</s>
    <s>Porto Velho, Rondônia</s>
    <s>Raissa Menezes</s>
    <s>Porto Velho, Rondônia</s>
    <s>copyright (C) 2011 PostgreSQL Brasil</s>
  </text>
</page>
