<?xml version="1.0" encoding="UTF-8"?>
<!DOCTYPE page SYSTEM "page.dtd">
<page>
  <lang>pt</lang>
  <url>http://www.lepanto.com.br/Sudario.html</url>
  <title>Provada a autenticidade do Santo Sudário</title>
  <snippet>
    <s>Nesse curto artigo mostraremos as principais descobertas científicas da Trata- se de duas moedas: a primeira, o dilepto lituus, produzido na Palestina no Em outubro de 1988, a equipe de Oxford, em conferência no British Museum, </s>
  </snippet>
  <text>
    <s>Numero 7 - 2001</s>
    <s>Frente Universitaria Lepanto</s>
    <s>Fao cadastro em nosso site e receba nossas publicas gratuitas!!</s>
    <s>Provada a autenticidade do Santo Sudo</s>
    <s>Mesmo provada a autenticidade do Santo Sudo, tecido que envolveu Jesus Cristo, alguns cientistas teimam em desmenti-la. O resultado do teste carbono 14 estava errado. !</s>
    <s>No mde maro, a BBC de Londres divulgou uma pretensa figura de Cristo feita em computador utilizando, segundo seus autores, o cro de um judeu que teria vivido na Terra Santa hois mil anos. Era um rosto feio e rude. A publica contrariou a opinipopular acostumada com a figura majestosa de Cristo. Alguns chegaram a dizer que mais se parecia com Judas Iscariotes, o traidor.i</s>
    <s>Por que esse interesse em querer deformar a imagem do Filho de Deus? Nosso Senhor deixou algum vesto de Sua divina fisionomia para a posteridade? Qual a imagem que estais pra da realidade? Qual a posi da Igreja sobre esse debate?</s>
    <s>A Igreja nunca estabeleceu um padrpara a figura de Cristo. A tradi e a piedade cristoram imaginando e retratando a figura divina de Nosso Senhor Jesus Cristo. Uma figura que contivesse a grandeza, a bondade, a miserica, a sabedoria, a justi a prudia, a temperan a fortaleza e todos as virtudes reunidas. A imagina e a habilidade dos artistas acabaram conseguindo um certo padrpara a figura de Cristo.</s>
    <s>No final do slo XIX, o advogado italiano Secondo Pia, com sua imensa mina fotogrca que mais parecia uma geladeira, quis registrar o casamento da princesa filha do duque de Saboya, em Turim. Aproveitou a ocasipara tirar uma fotografia da relia da fama, um imenso len de 4,36 m de comprimento, 1,10 m de largura, que se venerava como sendo a mortalha que envolvera o corpo de Cristo no sepulcro.</s>
    <s>O milagre reservado ao slo XX</s>
    <s>Aqui comeo &quot;milagre&quot; da fotografia: no negativo apareceu o retrato de Cristo. O corpo inteiro frontal e de costas, com as marcas da flagela e da crucifica. A figura de Cristo estnvertida no pano. Ela estm negativo, de maneira que no negativo apareceu o positivo. O que era branco apareceu escuro.</s>
    <s>A partir dessa fotografia, as discussse multiplicaram. Atraiu o estudo de cientistas ccos e religiosos. Estudaram o tipo de impress o tecido, as marcas de sangue e ato p das flores do Oriente que estavam depositados entre as fibras do tecido.</s>
    <s>O mais curioso ue a figura que aparece no negativo da foto do Sudo corresponde igura de Cristo elaborada pelos artistas durante os 1800 anos de Cristianismo. No slo de adora da ciia, Nosso Senhor se faz conhecer atravdas novas tecnologias.</s>
    <s>A campanha contra o Sudo</s>
    <s>Hma continua campanha para negar a autenticidade do tecido, cuja origem remonta ao tempo de Nosso Senhor, e que outros dizem tratar-se de uma falsifica produzida na Idade Ma.</s>
    <s>Os testes realizados em 1988 com carbono 14 satualmente contestados pela comunidade cientca internacional, que atribui a essa experiia uma segurande apenas 5% em seus resultados.</s>
    <s>Cabe real que, por diversas vezes, o Santo Sudo escapou da destrui, correndo o risco de desaparecer. Segundo o bifo de JoPaulo 2, Vittorio Messori, o incio ocorrido em 1998 pode fazer parte de &quot; um complternacional &quot; visando destruir o Sagrado Tecidoii.</s>
    <s>Nesse curto artigo mostraremos as principais descobertas cientcas da autenticidade do Santo Sudo.</s>
    <s>Mco demonstra: risto crucificado.</s>
    <s>O primeiro estudo sobre o Sudo que se tornou po foi a anse mco-cientca feita pelo dr Pierre Barbet, em 1932. As conclus descritas no livro A paixde Cristo segundo o cirurgi/i&gt; iii, foram impressionantes:</s>
    <s>- na face havia sinais de contus o nariz estava fraturado na cartilagem descolado do osso;</s>
    <s>- no corpo foram contados 120 sinais de golpes de ate, produzidos por dois flageladores, um de cada lado da vma.</s>
    <s>- o flagelo utilizado foi o que se usava no Impo Romano, composto de duas ou trcorreias de couro, terminando em pequenos ossos de pontas agudas, ou em pequenas travas de chumbo com duas bolas nas extremidades.</s>
    <s>- duas chagas marcavam o ombro direito e o omoplata esquerdo;</s>
    <s>- o peito muito saliente denotava a terrl asfixia suportada durante a agonia;</s>
    <s>- os pulsos apareciam perfurados, tendo o prego perfurante secionado em parte o nervo mediano, fazendo contrair o polegar para dentro da palma da m</s>
    <s>- pela a curvatura das pernas e as perfuras nos p tem-se a nda impressde que o esquerdo foi sobreposto ao direito e presos ao madeiro por um prego;</s>
    <s>- os dois joelhos estavam chagados;</s>
    <s>- havia um sinal de sangramento, produzido por uma grande ferida, no lado direito do t;</s>
    <s>- por fim, havia 50 perfuras na fronte, cabee nuca, compatis com uma coroa de espinhos </s>
    <s>Nhavia mais ds!</s>
    <s>Era uma constata cientca, totalmente coerente com a descri evangca da Paixde Nosso Jesus Cristo. Tratava-se realmente do Santo Sudo que envolvera o corpo do Redentor, quando este foi descido da cruz para ser sepultado.</s>
    <s>Como SToma ciia &quot;toca a mna chaga&quot; para crer</s>
    <s>Os ccos, ateus e materialistas npodiam concordar. Nteriam sido aqueles sinais sobre o pano pintado por algum hl falsificador para que os homens acreditassem tratar-se de Jesus Cristo?</s>
    <s>Nos Estados Unidos se formou um grupo de investiga cientca que, em 1978, foi aturim com 40 toneladas de aparelhagem. Os cientistas realizaram uma se de exames num total de 140.000 horas. Dentre os vos testes aplicados, cumpre destacar fotos e microscopia eletra, raio-X, espectroscopia, fluorescia ultravioleta, termografia e anses qucas.</s>
    <s>Os resultados dos exames laboratoriais demonstraram que o desenho que aparecia no pano npoderia ter sido feito por m humanas.</s>
    <s>Atgora nfoi explicada a forma da imagem no Sudo. Nse trata de pintura nem da compressdo tecido sobre o corpo de um cadr. A hipe mais provl levantada por alguns cientistas sugere que ela foi produzida, numa fra de segundos, semelhante a um clarde uma explosnuclear como a ocorrida com o clarda bomba de Hiroshima que imprimiu a imagem de uma vula na parede de um tanque de g</s>
    <s>As manchas de sangue que marcam o tecido estgravadas em positivo ao contro do restante da imagem que estm negativo. Trata-se realmente de sangue humano, de tipo sanguo AB (exatamente o mesmo encontrado no famoso milagre de Lanciano, na Ita.)</s>
    <s>O criminologista e botco su, Max Frei, identificou clas de p de 49 plantas diferentes presentes no tecido. Elas soriginas da Palestina, da Turquia e da Europa, exatamente, as regipercorridas pelo Santo Sudo.</s>
    <s>Foram verificados dois objetos circulares colocados sobre os olhos. Trata-se de duas moedas: a primeira, o dilepto lituus , produzido na Palestina no governo de Po Pilatos entre os anos 29 e 32 d.C. A segunda moeda identificada foi cunhada por Pilatos em homenagem a J mdo imperador romano Tibo, em 29 d.C. Colocar moedas sobre os olhos do morto, para manter as pebras fechadas, fazia parte dos ritos funero judaicos da ca de Jesus. Elas tamb confirmam as datas dos Evangelhos: Era o ano dmo quinto do reinado do Imperador Tibo Cr, Po Pilatos era governador da Jud (Lc. 3, 1)</s>
    <s>Milagrosa impress tridimensional do tecido</s>
    <s>Dois oficiais da ForAa norte-americana, John Jackson e Eric Jumper, analisando o Sudo perceberam que a figura foi impressa de maneira tridimensional, de tal forma que ossl conhecer a distia entre o tecido e as diversas partes do corpo. Para a reconstitui da tridimensionalidade, utiliza-se um aparelho chamado VP-8. Jackson e Jumper tomaram uma simples fotografia do Sudo e a introduziram no aparelho. Qual nfoi o seu espanto ao constatar que se constituiu uma imagem tridimensional e que esta parecia emergir gradativamente do pano como na ressurrei. Eles exclamaram: Cristo ressuscitou.</s>
    <s>O controvertido teste do carbono 14</s>
    <s>Em outubro de 1988, a equipe de Oxford, em conferia no British Museum, declarou que a anse do carbono 14 indicava que o tecido era de origem medieval, tendo sido produzido entre os anos 1260 e 1390.</s>
    <s>O espanto foi geral, pois a ciia parecia entrar em contradi com tudo o que ficara demonstrado anteriormente. O Sudo javia passado por milhares de testes. De todos os experimentos, somente o do carbono 14 contestou a autenticidade da pe</s>
    <s>Todavia, a id de falsifica estgora descartada. O cientista russo Dimitri Kouznetsov provou que os dados do carbono 14 estavam errados, em conseq do incio a que o Santo Sudo esteve exposto em 1532. Na mesma linha, Harry Gove, o principal responsl pela data do Sudo como tecido medieval, admitiu que a contamina que o pano sofreu ao longo dos slos podia ter falseado os resultados</s>
    <s>Dr. Leo GarValdez, professor de microbiologia, da Universidade do Texas, demonstrou que existem determinados tipos de bactas que produzem um revestimento bioplico sobre artefatos antigos que distorce o processo de data pelo carbonoiv.</s>
    <s>O pro Michael Tite, coordenador dos testes cientcos e diretor do Museu Britco, reconheceu em carta dirigida professor Lugi Gonella, consultor tico do Arcebispado de Turim, que o carbono 14 noferece prova alguma a favor de sua tese e confessa que &quot;houve inten deliberada de enganar o po&quot; .</s>
    <s>Um apelo para a conversnbsp;</s>
    <s>A bondade e a miserica de Deus guardou essa relia para ser revelada aos homens, atravda ciia, quase 2000 anos depois de Sua Paix Nle um apelo de Nosso Senhor para esse mundo decadente, que ssca os prazeres da vida e esquece o seu Amor Misericordioso manifestado na sua Paixe Morte na cruz?</s>
    <s>Do alto da Cruz, do divino Semblante do Sudo, Ele repete para todos ns lamentas do profeta Jeremias: &quot;Vodos que passais pelo caminho, atendei e vede se hdor semelhante a minha dor!&quot; (Jer, I Lam.,12).</s>
    <s>Nelson Barretto</s>
    <s>i Jornal da Tarde, 28/3/2001</s>
    <s>ii Revista Catolicismo, N 570, Junho de 1998.</s>
    <s>iii Ed. Loyola, SPaulo, 1976.</s>
    <s>iv Garza-Valdes, Leo, O DNA de Deus? Ed. Mandarim, SPaulo, 2000.</s>
    <s>Voltar a seçao de Artigos Recomendados</s>
    <s>Ver todos os artigos desse numero juntos - Boletim Post-modernidade 7</s>
    <s>Leia a Via Sacra escrita pelo Prof. Plinio Corrde Oliveira</s>
    <s>Consultar o artigo A Paixsegundo o Santo Sudo</s>
    <s>Envie seus comentarios ou sugestoes para</s>
    <s>Frente Universitaria Lepanto</s>
  </text>
</page>
