<?xml version="1.0" encoding="UTF-8"?>
<!DOCTYPE page SYSTEM "page.dtd">
<page>
  <lang>pt</lang>
  <url>http://www.forumenergiabr.com/Event.aspx%3Fid%3D582106</url>
  <title>Conferência-Segundo Dia - IQPC Fórum Nacional de Comercialização ...</title>
  <snippet>
    <s>4 out. 2011 Detalhes da Conferência. Vantagens em Parceiros desta Conferência. Patrocinadores 09:00 Recepção e credenciamento para o workshop B. Workshop B </s>
  </snippet>
  <text>
    <s>IQPC Home</s>
    <s>&lt;!-- uploaded by strad --&gt;divReplace(&quot;ContentBlock1&quot;,&quot;eventText&quot;);</s>
  </text>
</page>
