<?xml version="1.0" encoding="UTF-8"?>
<!DOCTYPE page SYSTEM "page.dtd">
<page>
  <lang>pt</lang>
  <url>http://www.ebah.com.br/content/ABAAAAZ8gAE/administracao-compras</url>
  <title>Administração de Compras</title>
  <snippet>
    <s>Nesse caso deve-se esclarecer a Seção de compras e, pôr intermédio desta. Controlar o recebimento de solicitações de compras e efetuar conferência dos </s>
  </snippet>
  <text>
    <s>&quot;; // document.write(html); // window.location.reload(); // } // } GA googleFillSlot(&quot;ebah Arquivo Preview Left OFF&quot;);</s>
    <s>GA googleFillSlot(&quot;ebah Arquivo Preview Right OFF&quot;); GA googleFillSlot(&quot;ebah Arquivo Side OFF&quot;);</s>
  </text>
</page>
