<?xml version="1.0" encoding="UTF-8"?>
<!DOCTYPE page SYSTEM "page.dtd">
<page>
  <lang>pt</lang>
  <url>http://pt.wikipedia.org/wiki/Mensagem_subliminar</url>
  <title>Mensagem subliminar – Wikipédia, a enciclopédia livre</title>
  <snippet>
    <s>Considere utilizar {{revisão-sobre}} para associar este artigo com um WikiProjeto . e em uma conferência ele revelou para a imprensa que teria patenteado uma contido na visão popular da psicologia, tem sido rejeitado pelas modernas Park III: onde se pediu patrocínio ao exército dos Estados Unidos para rodar o </s>
  </snippet>
  <text>
    <s>Mensagem subliminar</s>
    <s>Origem: Wikipédia, a enciclopédia livre.</s>
    <s>Ir para: navegação, pesquisa</s>
    <s>Esta página ou secção foi marcada para revisão, devido a inconsistências e/ou dados de confiabilidade duvidosa (desde janeiro de 2008). Se tem algum conhecimento sobre o tema, por favor, verifique e melhore a consistência e o rigor deste artigo. Considere utilizar {{revisão-sobre}} para associar este artigo com um WikiProjeto.</s>
    <s>Mensagem subliminar é a definição usada para o tipo de mensagem que não pode ser captada diretamente pelos sentidos humanos. Subliminar é tudo aquilo que está abaixo do limiar, a menor sensação detectável conscientemente. Importante destacar que existem mensagens que estão abaixo da capacidade de detecção humana - essas mensagens são imperceptíveis, não devendo ser consideradas como subliminares. Toda mensagem subliminar pode ser dividida em duas características básicas, o seu grau de percepção e de persuasão.</s>
    <s>A percepção subliminar é a capacidade do ser humano de captar de forma inconsciente mensagens ou estímulos fracos demais para provocar uma resposta consciente. Segundo a hipótese, o subconsciente é capaz de perceber, interpretar e guardar uma quantidade muito maior de dados que o consciente. Como exemplo, imagens que possuem um tempo de exposição pequeno demais para serem percebidas conscientemente, ou sons baixos demais para serem claramente identificados. Dados que passariam despercebidos pela mente consciente seriam na verdade interpretados e guardados.</s>
    <s>A persuasão subliminar seria a capacidade que uma mensagem teria de influenciar o receptor. Segundo a hipótese, toda mensagem subliminar tem um determinado grau de persuasão, e pode vir a influenciar tanto as vontades de uma forma imediata (fazendo por exemplo, uma pessoa sentir vontade de beber ou comer algo), como até mesmo a personalidade ou gostos pessoais de alguém a longo prazo (mudando o seu comportamento, transformando uma pessoa tímida em extrovertida). Esse grau de persuasão deveria variar de acordo com o tempo de exposição à mensagem, e a personalidade do receptor.</s>
    <s>A percepção subliminar é de fato comprovada cientificamente, com inúmeros experimentos que apresentaram fortes evidências. No entanto, até hoje, a persuasão subliminar não conseguiu ser comprovada, ainda que alguns pesquisadores independentes aleguem terem experimentos que de fato comprovariam a existência da persuasão. Infelizmente até hoje ainda não existe nenhum trabalho publicado em periódicos científicos que confirme essa afirmação, desde a época em que o conceito de mensagem subliminar foi definido.</s>
    <s>1 Origem do termo</s>
    <s>2 Efeitos conhecidos no subconsciente neurológico</s>
    <s>2.1 Estudos a Favor</s>
    <s>3 A Publicidade Subliminar frente a outras formas de publicidade</s>
    <s>3.1 A Publicidade Associativa</s>
    <s>3.2 Emplazamento</s>
    <s>4 Legislação</s>
    <s>5 Referências</s>
    <s>6 Ver também</s>
    <s>7 Ligações externas</s>
    <s>[editar] Origem do termo</s>
    <s>O conceito de subliminar é anterior a este termo, mas o conceito moderno surgiu com James Vicary, um especialista em marketing americano, no ano de 1957. Ele foi o fundador de uma empresa chamada &quot;Subliminal Projection Company&quot; , e em uma conferência ele revelou para a imprensa que teria patenteado uma nova técnica de vendas que ele nomeou como &quot;projecção subliminar&quot;. Essa técnica consistia em usar um taquitoscópio para projectar imagens em uma tela com uma velocidade muito alta, podendo assim exibir imagens entre os quadros de um filme durante uma fracção de segundo.</s>
    <s>Segundo a sua hipótese, como as imagens eram apresentadas em uma velocidade maior do que a capacidade do olho humano acompanhar, essas imagens não eram percebidas de forma consciente. Mas Vicary afirmou que elas atingiam diretamente o subconsciente, sendo absorvidas de uma forma quase instantânea. Exatamente por causa dessa característica, a &quot;projeção subliminar&quot; teria um potencial enorme, e o seu uso em campanhas de publicidade provocariam um visível aumento no efeito das propagandas. Para comprovar a sua hipótese, Vicary apresentou resultados de um experimento que ele teria feito.</s>
    <s>Em seu experimento, ele inseriu frases durante a exibição de um filme. Então, ele teria medido a diferença percentual na reação dos dois grupos, aquele que esteve presente nas sessões de &quot;projecção subliminar&quot;, e o grupo que não sofreu exposição. As frases escolhidas foram &quot; Drink Coke &quot; (beba coca-cola) e &quot; Eat Popcorn &quot; (coma pipoca), e foram apresentadas em noites alternadas. Segundo os seus resultados, nas noites em que as frases foram projetadas as vendas de pipoca aumentaram em 57,7%, e as vendas de Coca-Cola em 18,1%. A experiência foi relatada na revista Advertising Age (Vol 37, pág. 127, 16 de Setembro de ).</s>
    <s>Entretanto em 1962, James Vicary concedeu uma entrevista à revista Advertising Age - a mesma onde foram publicados os resultados de sua experiência - em que ele admitiu que se sentiu obrigado a forjar parte dos resultados da sua pesquisa. Vicary afirmou na época que sofreu muita pressão dos investidores para apresentar resultados, e por causa disso, acabou apresentando resultados de experiências que não tinha feito de fato.</s>
    <s>Muitos cientistas tentaram repetir a experiência de Vicary nos anos seguintes, sem sucesso. Mesmo com numerosos trabalhos feitos até hoje, a maioria possui falhas de metodologia que não permitem nenhuma afirmação conclusiva. No entanto, o efeito psicológico causado pela imensa repercussão da experiência foi suficiente para o surgimento de diversas teorias conspiratórias, mantendo a fama da força das mensagens subliminares até hoje.</s>
    <s>[editar] Efeitos conhecidos no subconsciente neurológico</s>
    <s>É unânime entre os neurocientistas e psicólogos que o inconsciente não é facilmente manipulado, como acredita o senso popular. Segundo Henrique Schützer Del Nero, Especialista em Psiquiatria pelo H.C da Faculdade de Medicina da USP, o inconsciente não pode levar o consciente a fazer algo que ele julgue errado ou que realmente não queira: &quot;O inconsciente como um depósito de complexas decisões, desejos, preferências etc., é, sem dúvida, o principal alicerce para a crença nas 'mensagens subliminares'. No entanto, esse inconsciente 'esperto', contido na visão popular da psicologia, tem sido rejeitado pelas modernas pesquisas cognitivas&quot; , afirmam os psicólogos Birgit Mayer e Harald Merckelbach, através do artigo &quot;Unconscious Processes, Subliminal Stimulation, and Anxiety&quot;, publicado pela Clinical Psychology Review.</s>
    <s>Mas, então, é preciso entender como é o funcionamento da parte não-consciente do cérebro. Subconsciência (ou subconsciente) é um termo utilizado em Psicologia para designar aquilo que está situado abaixo do nível da consciência ou que é inacessível à mesma. São todas as lembranças que não podem ser imediatamente recordadas, como também as diversas características de nossa personalidade. O subconsciente não é uma consciência paralela, ele é a &quot;engrenagem&quot; que sustenta a mente consciente, o reservatório de informações e sensações. Portanto o subconsciente não é capaz de tomar decisões, embora como parte do processamento, seja capaz de responder a estímulos - seja enviados do consciente como também estímulos dos cinco sentidos. (O conceito de subconsciente como uma mente paralela só aparece na psicanálise, mas não é apoiado pela psicologia moderna.)</s>
    <s>Como Philip M. Merikle, membro do departamento de psicologia da Universidade de Waterloo afirma, testes empíricos demonstram que existe certo nível de percepção inconsciente. No entanto, ele afirma: &quot;Um tema comum que ligue todas as reivindicações extraordinárias a respeito da percepção subliminar é que a percepção na ausência de uma consciência é de algum modo mais poderosa ou influente do que a percepção que é acompanhada por uma consciência. Esta idéia não é suportada pelos resultados de investigações controladas do laboratório da percepção subliminar. Ao contrário, os resultados dos estudos controlados indicam essa percepção subliminar, quando ocorre, refletem no máximo interpretações habituais de uma pessoa a esse estímulo.&quot; Esse é também o posicionamento de diversos outros teóricos, como Daneman.</s>
    <s>[editar] Estudos a Favor</s>
    <s>Existe pouca literatura confiável que apóie a teoria sobre a existência deste tipo de publicidade. Um dos poucos investigadores a favor é Wilson Bryan Key, quem diz haver descoberto um grande número de mensagens ocultas em vários anúncios publicitários, principalmente associados com sexo e morte. Um dos seus estudos mais citados é de um anúncio de whisky em que Key encontrou várias figuras ocultas nos cubos de gelo do anúncio. Sem embargo, para outros investigadores, Key é alguém com uma fixação sexual muito grande e &quot;alguém que encontraria mensagens sexuais em um som de discar de telefone&quot;.</s>
    <s>Experientes como Lluís Bassat indicam que o objetivo atual da publicidade é conseguir que o consumidor tenha em conta a marca quando toma a decisão, tendência oposta ao sentido que supostamente segue a publicidade subliminar. Por sua parte Fernando Ocaña crê que o essencial no campo da planificação dos meios é obter a maior lembrança possível, o que leva implícito uma percepção consciente e não inconsciente como deveria ser o caso.</s>
    <s>Existem na atualidade também alguns experimentos sendo levados a efeito por brasileiros na temática subliminar. O tema, não muito abordado até poucos anos atrás, hoje começa a ser discutido em alguns cursos relacionados à mídia. Dentre alguns brasileiros com estudos na área, podemos citar Flávio Calazans.</s>
    <s>[editar] A Publicidade Subliminar frente a outras formas de publicidade</s>
    <s>Devido a mudança na conceituação de subliminaridade, muitos afirmam que determinados tipos de publicidades, lícitas e comumente praticadas, também seriam exemplos de mensagens subliminares encontradas na mídia.</s>
    <s>[editar] A Publicidade Associativa</s>
    <s>Em muitas ocasiões e em círculos pouco informados se confunde a técnica subliminar com a técnica associativa com exemplos como:</s>
    <s>Os anúncios de bebidas alcoólicas se vem acompanhados de grupos de jovens, belos e bem vestidos.</s>
    <s>Um automóvel se anuncia e se associa com êxito, beleza e virilidade.</s>
    <s>Os produtos para o lar são anunciados por famílias felizes e completas (com pai, mãe e um, dois, três filhos), que vivem em uma casa que indica a sua posição social.</s>
    <s>Em muitos dos anúncios de produtos cosméticos, como loções ou perfumes, é uma mulher jovem, sensual, bela, quem vende o produto. Isto apela ao desejo das pessoas de encontrar uma mulher com certas características estéticas e a que quem se sintam identificados.</s>
    <s>Seguindo a definição acima indicada se pode discutir se estes exemplos não seriam subliminares porque as imagens, dos ambientes e as situações são conscientemente percebidas, tanto é assim que passado o anuncio se podem resumir e descrever.</s>
    <s>[editar] Emplazamento</s>
    <s>É também muito corrente identificar erroneamente publicidade subliminar com product placement (em inglês cuja tradução literal seria produto expressamente colocado ).</s>
    <s>Um dos muitos casos existentes o criaram os produtores de Jurassic Park III</s>
    <s>É certo que se havia acusado a várias séries de televisão e filmes de usar e abusar do emplazamento; entretanto esta forma de publicidade encoberta não é subliminar porque as imagens, sons, comentários, etc, estão dentro da umbral da sensibilidade e são percebidos de maneira totalmente consciente pela audiência; inclusive pode ser causa de rescisão do contrato se o produto não está em tela por tempo suficiente ou não se vê com suficiente claridade, tal qual se escreveu na guião.</s>
    <s>[editar] Legislação</s>
    <s>Na Espanha, a Lei Geral de Publicidade de inclui a publicidade subliminar dentro dos distintos tipos de publicidade ilícita definindo-a como &quot;aquela que por ser emitida com estímulos no umbral da sensibilidade não é conscientemente percebida&quot;. Há que apontar que esta definição, não a realização dos juristas redatores da lei, sendo um psicólogo porque nennhum dos ponentes sabiam exatamente que era publicidade subliminar, nem temiam indícios de sua existência; pela políticas espanholas consideravam conveniente proibir dita publicidade.</s>
    <s>Também na Noruega existem sanções para quem produza mensagens ocultas em televisão.</s>
    <s>Na União Européia há uma proposta de proibir este tipo de publicidade com o fim de proteger a infância e os jovens. A propaganda subliminar não é citada diretamente na constituição brasileira. Não existe nenhuma lei que proíba de forma direta qualquer tipo de propaganda subliminar. No entanto, a legislação entende que a propaganda subliminar fere o que diz o artigo 20 do Código de Ética dos Publicitários, que afirma que toda as mensagens devem ser ostensivas e assumidas (explícitas). No entanto, se percebe que a propaganda subliminar seria antiética, pois sua mensagem, apesar de ser ostensiva, seria dissimulada (oculta) uma vez que não pode ser percebida.</s>
    <s>No Brasil existe também uma passagem no Código de Defesa do Consumidor que proíbe anúncios disfarçados, dissimulados. Diretamente extraído do artigo 36:</s>
    <s>&quot;Art. 36. A publicidade deve ser veiculada de tal forma que o consumidor, fácil e imediatamente, a identifique como tal.&quot;</s>
    <s>&quot;Parágrafo único. O fornecedor, na publicidade de seus produtos ou serviços, manterá, em seu poder, para informação dos legítimos interessados, os dados fáticos, técnicos e científicos que dão sustentação à mensagem.&quot;</s>
    <s>Parte-se do princípio que o consumidor tem o direito de escolher aquilo que deseja ou não adquirir (e também assistir) - o direito constitucional à liberdade de escolha. Mensagens subliminares apresentam conteúdos que não podem ser vistos de forma consciente, o espectador não pode usufruir de seu direito de escolher não vê-la por não estar consciente de sua existência. Portanto, a mensagem subliminar mostra-se inconstitucional.</s>
    <s>Alguns casos actuados:</s>
    <s>Cigarros Free, Souza Cruz, 2001. Propaganda retirada do ar devido ao ministério público (promotor Guilherme Fernandes Neto) considerar que estimularia crianças e adolescentes a fumar, baseado em análise de psicólogos que analisaram o texto da propaganda e a existência de mensagem subliminar, onde por três décimos de segundo aparecia uma pessoa fumando, seguida de outra pessoa fumando em três décimos de segundo também.</s>
    <s>Creme Dental Close-Up, Unilever, 2003 - Uso de palavras de baixo calão escritas em alguns quadros de propaganda. O Conselho de Ética do Conar decidiu pela alteração da propaganda. (2)</s>
    <s>O filme infantil Madagascar. O juiz Alexandre Morais da Rosa, da Vara da Infância e da Juventude de Joinville, município da região norte de Santa Catarina, proibiu a exibição do desenho animado Madagascar nos cinemas da cidade.</s>
    <s>No último caso acima, o juiz acatou representação do advogado George Alexandre Rohrbacher, considerando que &quot;o filme, de maneira 'subliminar' (na verdade, subentendida), passa mensagens de estímulo ao consumo de drogas, especialmente o ecstasy&quot;. Ele citou uma passagem do filme, onde um dos personagens reclama da ausência de 'balinha' em uma festa rave&quot;. A &quot;balinha&quot; é sinônimo de &quot;ecstasy&quot;, reforçou o juiz. Madagascar recebeu classificação Censura Livre, pelo Ministério da Justiça.</s>
    <s>Importante mencionar que a Associação Mais Regional Mais Vida - MAREMAVI, moveu Ação Civil Pública contra a distribuidora United International Pictures, a Agência Nacional de Cinemas - ANCINE e a UNIÃO, processo nº 2005.72.01.004012-6, em trâmite na 2ª Vara Federal de Joinville, pedindo a recomposição dos bens lesados. Logo após ser intimado o Ministério da Justiça determinou que fossem feitas alterações na dublagem e elevou a classificação indicativa do filme: inadequado para menores de 12 anos . Como isso ocorreu antes do lançamento das versões em DVD e VHS, estas versões são distintas da inicialmente apresentada nos cinemas do país. A Ação Civil Pública ainda não foi julgada.</s>
    <s>1. ↑ a b Subliminal Perception; Philip M. Merikle; Encyclopedia of Psychology (Vol. 7, pp. 497-499). New York: Oxford University Press, 2000. http://www.arts.uwaterloo.ca/~pmerikle/papers/SubliminalPerception.html</s>
    <s>2. ↑ Subliminal Self-help Auditory Tapes: An Empirical Test of Perceptual Consequences;TIMOTHY E. MOORE; http://www.cpa.ca/cjbs/moore.html</s>
    <s>3. ↑ Lo subliminal y el neuromarketing</s>
    <s>4. ↑ The Subliminal Persuasion Controversy; Laura Branon e Timothy C. Brock; The Ohio State University. http://courses.umass.edu/psyc392a/pdf/brannon&amp;brock.1994.pdf</s>
    <s>5. ↑ Unconscious Processes, Subliminal Stimulation, and Anxiety; Birgit Mayer e Harald Merckelbach; Maastricht University; Clinical Psychology Review, Vol. 19, No. 5, pp. 571–590, 1999. http://arno.unimaas.nl/show.cgi?fid=2436</s>
    <s>6. ↑ Psychological investigations of unconscious perception. Daneman, M &amp; Merikle, P. M. (1998). Journal of Consciousness Studies, 5, 5-18.</s>
    <s>7. ↑ Chen, Adam. Expert discusses the effects of subliminal advertising</s>
    <s>8. ↑ Johns, Craig M. Wilson Bryan Key is insane!</s>
    <s>9. ↑ Adams, Cecil. Are subliminal messages secretly embedded in advertisements?</s>
    <s>10. ↑ Bassat, Lluís, Libro rojo de la publicidad , Editorial Planeta, Barcelona,</s>
    <s>11. ↑ a b Robb, David L., Operación Hollywood , Editorial Océano, Barcelona, , ISBN 84-494-2696-0</s>
    <s>12. ↑ Varios, Publicidad encubierta en televisión, nº 300 de Compra Maestra, OCU, Madrid, janeiro de</s>
    <s>13. ↑ Norwegian Media Authority, Lovframlegg . Sanksjonar, skjult reklame, mv</s>
    <s>14. ↑ Thon, Bjørn Erik. Forslag til EU-regelverk om urimelig handelspraksis og om beskyttelse av barn og unge i forhold til markedsføring</s>
    <s>[editar] Ver também</s>
    <s>Easter egg</s>
    <s>Parents Music Resource Center</s>
    <s>Publicidade Subliminar</s>
    <s>Reconhecimento de Padrões</s>
    <s>[editar] Ligações externas</s>
    <s>Conar: Representação 128/03</s>
    <s>O subliminar</s>
    <s>Entrevista com Flávio Calazans</s>
    <s>Obtida de &quot;http://pt.wikipedia.org/w/index.php?title=Mensagem subliminar&amp;oldid=26858579&quot;</s>
    <s>Teorias da conspiração</s>
    <s>Categoria oculta:</s>
    <s>!Artigos a revisar desde Janeiro de 2008</s>
    <s>Ferramentas pessoais</s>
    <s>Entrar / criar conta</s>
    <s>Espaços nominais</s>
    <s>Ver histórico</s>
    <s>Página principal</s>
    <s>Conteúdo destacado</s>
    <s>Eventos atuais</s>
    <s>Página aleatória</s>
    <s>Informar um erro</s>
    <s>Página de testes</s>
    <s>Portal comunitário</s>
    <s>Mudanças recentes</s>
    <s>Criar página</s>
    <s>Páginas novas</s>
    <s>Criar um livro</s>
    <s>Descarregar como PDF</s>
    <s>Versão para impressão</s>
    <s>Páginas afluentes</s>
    <s>Alterações relacionadas</s>
    <s>Carregar ficheiro</s>
    <s>Páginas especiais</s>
    <s>Ligação permanente</s>
    <s>Citar esta página</s>
    <s>Noutras línguas</s>
    <s>Chavacano de Zamboanga</s>
    <s>Esta página foi modificada pela última vez à(s) 22h31min de 10 de setembro de 2011.</s>
    <s>Este texto é disponibilizado nos termos da licença Atribuição - Partilha nos Mesmos Termos 3.0 Não Adaptada (CC BY-SA 3.0); pode estar sujeito a condições adicionais. Consulte as condições de uso para mais detalhes.</s>
    <s>Política de privacidade</s>
    <s>Sobre a Wikipédia</s>
    <s>Avisos gerais</s>
    <s>Versão móvel</s>
    <s>Utilize o botão &quot;Antever resultado&quot; antes de gravar, por favor. e)</s>
  </text>
</page>
