<?xml version="1.0" encoding="UTF-8"?>
<!DOCTYPE page SYSTEM "page.dtd">
<page>
  <lang>pt</lang>
  <url>http://innoscienceblog.blogspot.com/2010/06/crowdsourcing-open-innovation.html</url>
  <title>INNOBLOG: Crowdsourcing, Open Innovation, Ecosistemas, Redes ...</title>
  <snippet>
    <s>28 jun. 2010 Em uma próxima conferência, palestra, workshop pense nisso! abraços. Max. Publicada por Innoscience Consultoria em Gestão da Inovação </s>
  </snippet>
  <text>
    <s>- O Blog da Inovação - www.innoscience.com.br -</s>
    <s>Innoscience Consultoria em Gestão da Inovação</s>
    <s>segunda-feira, 28 de junho de 2010</s>
    <s>Crowdsourcing, Open Innovation, Ecosistemas, Redes Sociais, Liderança, Rede de Conhecimento . e a inovação com isso?</s>
    <s>Na semana passada estive ministrando um workshop e a palestra de fechamento do evento Inovação Estratégica do Informa Group em São Paulo junto com profissionais de empresas como 3M, Eriksson, SAP, Vale, Bradesco, Ache entre outras. O evento tratou de diferentes temas que envolvem a inovação. Crowdsourcing e a inteligência coletiva com o case da Fundação Bradesco. Inovação aberta e as redes de conhecimento com o case da Vale e da Eriksson. Também abordou-se inteligência competitiva e de mercado com os cases de Drogão e Embraco. A 3M apresentou sua cultura de inovação com foco na Liderança para inovação.</s>
    <s>Foram ótimos debates. Muitas ferramentas e a pergunta que eu fiquei antes de entrar para a palestra de fechamento do evento era: e a produtividade da inovação com tudo isso?</s>
    <s>Repensei a palestra e coloquei duas ferramentas que temos utilizado:</s>
    <s>- o Octógono da inovação que apresenta os elementos organizacionais necessários a gestão da inovação;</s>
    <s>- a Cadeia de valor da inovação que desdobra o processo de inovação em 4 fases.</s>
    <s>Começamos a discutir e &quot;pendurar&quot; os conceitos, apresentações, cases e ferramentas dos dois dias de trabalho ao longo dessas duas ferramentas integradoras.</s>
    <s>Ficou claro o papel de cada conteúdo aprendido na busca da melhoria da produtividade da inovação. As redes sociais colaboram com as fases de idealização e conceituação e por vezes da experimentação. O case da 3M falava do elemento liderança e cultura do Octogono. A apresentação de Open Innovation da Eriksson abordava as fases iniciais da cadeia e a dimensão relacionamento do Octógono.</s>
    <s>Ao final do evento havíamos montado o &quot;quebra cabeça&quot; da gestão da inovação. Os participantes puderam sair com um framework geral para aplicar em suas empresas. Alguns me procuraram e salientaram a relevância desse momento.</s>
    <s>O quebra cabeça da gestão da inovação precisa ser montado por cada um que está à frente de iniciativas de inovação nas empresas. Não existem ferramentas boas ou ruins mas aquelas adequadas ou inadequadas aos desafios de sua empresa.</s>
    <s>Em uma próxima conferência, palestra, workshop pense nisso!</s>
    <s>Publicada por Innoscience Consultoria em Gestão da Inovação em 09:29</s>
    <s>Enviar por e-mailBlogThis!Compartilhar no TwitterCompartilhar no FacebookCompartilhar no orkut</s>
    <s>0 comentários:</s>
    <s>Postar um comentário</s>
    <s>Postagem mais recente Postagem mais antiga Início</s>
    <s>Assinar: Postar comentários (Atom)</s>
    <s>Innoscience Consultoria em Gestão da Inovação</s>
    <s>Visualizar meu perfil completo</s>
    <s>Arquivo do blog</s>
    <s>► (26)</s>
    <s>► Outubro (1)</s>
    <s>Rock in Rio: música e inovação</s>
    <s>► Setembro (2)</s>
    <s>Innoscience no CRA-SP</s>
    <s>Programe-se para o 4° Congresso Internacional de I </s>
    <s>► Agosto (5)</s>
    <s>Seminário de Inteligência Competitiva</s>
    <s>Dando asas à inovação</s>
    <s>Correio da Inovação 12ª Ed. - Inovação Social</s>
    <s>Insper abre inscrições para o Innovation Corp</s>
    <s>► Julho (4)</s>
    <s>Blog e Brasil Econômico</s>
    <s>Innoscience e IEL/RS lançam a Pesquisa Estágio Atu </s>
    <s>Como incentivar a inovação?</s>
    <s>Google: captura de ideias para mudar o mundo</s>
    <s>► Junho (4)</s>
    <s>Tecnisa Ideias: abrindo espaço para novas ideias</s>
    <s>Inovador Serial II - A Nestlé novamente</s>
    <s>Inovador Serial?</s>
    <s>Quatro Eixos para uma Revolução</s>
    <s>► Maio (3)</s>
    <s>Ruffles: co-criando a batata da onda</s>
    <s>Experiência de Consumo II - A missão</s>
    <s>Inovando na Experiência de Consumo</s>
    <s>► Abril (2)</s>
    <s>UFC: exemplo de inovação no esporte</s>
    <s>Barbie: Proporcionando novas experiências ao consu </s>
    <s>► Março (1)</s>
    <s>Facebook revoluciona as redes sociais</s>
    <s>► Fevereiro (2)</s>
    <s>As mais inovadoras do mundo</s>
    <s>Criativos ou Inovadores?</s>
    <s>► Janeiro (2)</s>
    <s>Inovação = Impacto</s>
    <s>Retrospectiva 2010</s>
    <s>▼ (50)</s>
    <s>► Dezembro (3)</s>
    <s>Feliz Natal e Ano Novo cheio de Inovações</s>
    <s>Innoscience e 3M</s>
    <s>Somos ruins de inovação? Como assim Nizan?</s>
    <s>► Novembro (6)</s>
    <s>Coletânea de Artigos</s>
    <s>Inovação por Inovação?</s>
    <s>BRICNNOVATION Acelerado</s>
    <s>Ainda o perfil do inovador</s>
    <s>Internet como fonte de inovação</s>
    <s>Procura-se Gerente de Inovação</s>
    <s>► Outubro (3)</s>
    <s>BRICNNOVATION - Telefônica e Inovação</s>
    <s>Xeque mate da inovação?</s>
    <s>Participe do debate da nova economia</s>
    <s>► Setembro (3)</s>
    <s>Inovação Aberta em Congresso de Inovação</s>
    <s>BRICNNOVATION na Philips</s>
    <s>BRICNNOVATION no Brasil Econômico</s>
    <s>► Agosto (2)</s>
    <s>BRICNNOVATION e Compromisso com Inovação</s>
    <s>Inovação, Retaliação e Inovação Serial</s>
    <s>► Julho (2)</s>
    <s>Ecomagination: GE usa o software da Brightidea</s>
    <s>▼ Junho (5)</s>
    <s>Crowdsourcing, Open Innovation, Ecosistemas, Redes </s>
    <s>&quot;Bate papo&quot; sobre inovação dentro de um Ford</s>
    <s>Adeus PDCA</s>
    <s>Você já fez uma aula de inovação dentro de um carr </s>
    <s>A máquina de inovação do Panico na TV</s>
    <s>► Maio (5)</s>
    <s>► Abril (6)</s>
    <s>► Março (6)</s>
    <s>► Fevereiro (4)</s>
    <s>► Janeiro (5)</s>
    <s>► (55)</s>
    <s>► Dezembro (7)</s>
    <s>► Novembro (7)</s>
    <s>► Outubro (4)</s>
    <s>► Setembro (8)</s>
    <s>► Agosto (3)</s>
    <s>► Julho (2)</s>
    <s>► Junho (2)</s>
    <s>► Maio (2)</s>
    <s>► Abril (7)</s>
    <s>► Março (6)</s>
    <s>► Fevereiro (4)</s>
    <s>► Janeiro (3)</s>
    <s>► (32)</s>
    <s>► Dezembro (4)</s>
    <s>► Novembro (4)</s>
    <s>► Outubro (7)</s>
    <s>► Setembro (4)</s>
    <s>► Agosto (1)</s>
    <s>► Julho (5)</s>
    <s>► Junho (3)</s>
    <s>► Maio (1)</s>
    <s>► Abril (3)</s>
    <s>► (22)</s>
    <s>► Novembro (4)</s>
    <s>► Outubro (7)</s>
    <s>► Setembro (11)</s>
    <s>Barra de vídeo</s>
    <s>*09:29: 2010-06-28T09:29:00-03:00</s>
  </text>
</page>
