<?xml version="1.0" encoding="UTF-8"?>
<!DOCTYPE page SYSTEM "page.dtd">
<page>
  <lang>pt</lang>
  <url>http://gruporcom.wordpress.com/2011/02/</url>
  <title>2011 Fevereiro « grupo r/com</title>
  <snippet>
    <s>18 fev. 2011 A RFM pediu aos seus ouvintes que contribuíssem e a sua generosidade do Conselho Permanente da Conferência Episcopal Portuguesa. </s>
  </snippet>
  <text>
    <s>grupo r/com</s>
    <s>press releases</s>
    <s>Artigos Comentários</s>
    <s>MEGA HITS</s>
    <s>Grupo r/com</s>
    <s>RFM entrega mais de 110 mil euros à Acreditar</s>
    <s>Fevereiro 18, 2011 por grupo r/com - renascença comunicação multimédia Deixe um Comentário</s>
    <s>!A RFM entregou ontem em Coimbra, mais 110 mil euros, à Casa da Acreditar, donativos angariados durante a campanha de Natal que a rádio promoveu.</s>
    <s>A ACREDITAR tem casas que recebem gratuitamente as crianças e os seus familiares que por razões de saúde se têm de deslocar de sua casa por um período de tempo, para acompanhar as crianças nos seus os tratamentos. A Casa da Acreditar funciona como “uma casa longe de casa”, pelo que as famílias cuidam dos seus quartos, dos espaços comuns da casa e confeccionam as suas refeições.</s>
    <s>Uma das casas da Acreditar, a de Coimbra, precisava de ajuda para fazer face às despesas. Tem 20 quartos e cada quarto custa por ano cerca de 10 mil euros.</s>
    <s>A RFM pediu aos seus ouvintes que contribuíssem e a sua generosidade voltou a ultrapassar as expectativas. Foram doados 110.069.22€, entregues ontem pelos responsáveis da RFM, José Luís Ramos Pinheiro, Administrador do Grupo r/com – renascença comunicação multimédia, António Mendes, Director de Programação da RFM e Isabel Figueiredo, Coordenadora de conteúdos do Grupo, à Directora Nacional da Acreditar, Margarida Cruz.</s>
    <s>Por isso as primeiras palavras da RFM vão para os seus ouvintes: OBRIGADA!</s>
    <s>Arquivada em Acção Social, RFM</s>
    <s>Mais de 198 mil euros angariados pela Renascença neste Natal vão ser entregues amanhã ao Fundo Social Solidário (Convite à Imprensa)</s>
    <s>Fevereiro 14, 2011 por grupo r/com - renascença comunicação multimédia Deixe um Comentário</s>
    <s>Os donativos angariados na Campanha de Natal da Renascença 2010, a favor do Fundo Solidário, vão ser entregues amanhã, pelas 12h30, na Casa das Dores, em Fátima, durante a reunião do Conselho Permanente da Conferência Episcopal Portuguesa.</s>
    <s>Este ano a Renascença, através dos seus ouvintes angariou um total de 198.183.22€, verba que irá ser encaminhada para o Fundo Social Solidário, uma iniciativa da Conferência Episcopal Portuguesa, criada para ajudar as vítimas de situações de pobreza.</s>
    <s>A entrega oficial destes donativos será feita pelo Cónego João Aguiar, Presidente do Conselho de Gerência do Grupo r/com – renascença comunicação multimédia.</s>
    <s>A Renascença agradece publicamente aos ouvintes e a todos quantos colaboraram nesta campanha.</s>
    <s>Contamos com a vossa presença.</s>
    <s>Arquivada em Renascença</s>
    <s>Renascença novamente distinguida</s>
    <s>Fevereiro 11, 2011 por grupo r/com - renascença comunicação multimédia Deixe um Comentário</s>
    <s>!Foi atribuída à Renascença uma Menção Honrosa do Prémio Paridade, um prémio  da Comissão para a Cidadania e a Igualdade de Género.</s>
    <s>A reportagem da jornalista Filomena Barros sobre “Casos de Sucessos do Rendimento Social de Inserção”, transmitida no programa Espaço Aberto, no dia 22 Novembro de 2009, foi uma das três menções honrosas escolhidas pelo júri, que atribuiu o Prémio Paridade à jornalista da SIC, Miriam Alves, com o trabalho “Desertos Modernos”, emitida no programa Grande Reportagem.</s>
    <s>O júri do Prémio Paridade é composto por cinco elementos, de reconhecida competência na área da Igualdade de Género e da Comunicação Social e é presidido pela Presidente da Comissão para a Cidadania e a Igualdade de Género.</s>
    <s>O objectivo da atribuição destes prémios é criar um ambiente propício à igualdade, fomentando uma imagem equilibrada das mulheres e dos homens nos meios de comunicação social, dando visibilidade e expressão às questões políticas, sociais, económicas e culturais, com que tanto uns como outros se deparam.</s>
    <s>A entrega deste Prémio e das menções honrosas será feita pelo Ministro da Presidência, no decorrer de uma cerimónia pública, que terá lugar no próximo dia 18 de Fevereiro.</s>
    <s>Arquivada em Renascença</s>
    <s>MEGA Hits e Ericeira Surf Shop procuram a declaração de amor mais pirosa</s>
    <s>Fevereiro 10, 2011 por grupo r/com - renascença comunicação multimédia Deixe um Comentário</s>
    <s>!Até ao Dia dos Namorados a Ericeira Surf Shop desafiou os fãs da sua página no Facebook a partilhar a declaração de amor mais pirosa, no mural da marca.</s>
    <s>As melhores declarações dos 4 casais finalistas serão apresentadas amanhã, dia 11 de Fevereiro, às 9h00, nas Mega Manhãs .</s>
    <s>No dia 14 de Fevereiro, Dia dos Namorados os 4 casais vão estar na Ericeira Surf Shop do Colombo para a finalíssima da maior prova de amor. A MEGA HITS vai estar em directo, das 10h00 às 12h00, a partir da Ericeira Surf Shop, do Centro Comercial Colombo, em Lisboa para dar a conhecer o casal mais romântico, ‘fofinho’ e piroso que vai ganhar 500€ em compras na Ericeira Surf Shop.</s>
    <s>Mais informações em http://www.megahits.fm/</s>
    <s>Arquivada em MEGA HITS</s>
    <s>&lt;- Artigos anteriores</s>
    <s>Nuvem de Categorias</s>
    <s>75 Anos Acção Social Audiências Concertos Desporto Estudantes Genius y Meios Grupo r/com Informação Internet MEGA HITS Música Prémios Publicidade Renascença RFM Rock in Rio SIM Tecnologia V+ Verão</s>
    <s>Artigos recentes</s>
    <s>Prémios Ernestos 2011</s>
    <s>RFM é rádio oficial da D’BANDADA Optimus Discos</s>
    <s>O Fado brilhou no Coliseu na 3ª Grande Gala Rádio SIM</s>
    <s>3ª Grande Gala Rádio Sim</s>
    <s>20 nomes grandes do Fado na 3ª Grande Gala Rádio SIM - Coliseu dos Recreios - 8 Outubro 2011 - 21h00</s>
    <s>Outubro 2011</s>
    <s>Setembro 2011</s>
    <s>Agosto 2011</s>
    <s>Julho 2011</s>
    <s>Junho 2011</s>
    <s>Maio 2011</s>
    <s>Abril 2011</s>
    <s>Março 2011</s>
    <s>Fevereiro 2011</s>
    <s>Janeiro 2011</s>
    <s>Dezembro 2010</s>
    <s>Novembro 2010</s>
    <s>Outubro 2010</s>
    <s>Setembro 2010</s>
    <s>Setembro 2009</s>
    <s>Agosto 2009</s>
    <s>Maio 2009</s>
    <s>Abril 2009</s>
    <s>Março 2009</s>
    <s>Fevereiro 2009</s>
    <s>Janeiro 2008</s>
    <s>Blog em WordPress.com.</s>
    <s>Tema: Enterprise por StudioPress.</s>
    <s>Follow grupo r/com</s>
    <s>Get every new post delivered to your Inbox.</s>
    <s>Powered by WordPress.com</s>
  </text>
</page>
