<?xml version="1.0" encoding="UTF-8"?>
<!DOCTYPE page SYSTEM "page.dtd">
<page>
  <lang>pt</lang>
  <url>http://www.jornaldaclube.com.br/videos/412/exaltasamba-visita-ouvinte-da-clube-fm</url>
  <title>EXALTASAMBA VISITA OUVINTE DA CLUBE FM - Tv Clube - Vídeos</title>
  <snippet>
    <s>27 abr. 2011 EXALTASAMBA VISITA OUVINTE DA CLUBE FM. PRÉ-CONFERÊNCIA DA DEFENSORIA PÚBLICA .. REVISÃO DA LEI ORGÂNICA </s>
  </snippet>
  <text>
    <s>meio ambiente</s>
    <s>Assuntos do Dia</s>
    <s>Opinião com</s>
    <s>Vicente Golfeto</s>
    <s>Sua Opinião</s>
    <s>!Envie Seu Vídeo</s>
    <s>Canais PoliciaEsporteSaúdeCulturaGeralPolíticaColaboradoresAssuntos do diaMeio AmbienteOpinião com Vicente Golfeto Subcategorias </s>
    <s>1. 1. 1. 1. 1. 1. 1. 1. 1. 1. Manter-me Conectado Esqueceu a Senha? Crie sua Conta</s>
    <s>EXALTASAMBA VISITA OUVINTE DA CLUBE FM</s>
    <s>EXALTASAMBA VISITA OUVINTE DA CLUBE FM</s>
    <s>Tags: EXALTASAMBA VISITA OUVINTE DA CLUBE FM</s>
    <s>Data: 27-04-11</s>
    <s>(0) (0 Votes)</s>
    <s>Adicione este vídeo à sua página:</s>
    <s>Vídeos Relacionados</s>
    <s>Views: 11284</s>
    <s>Views: 6198</s>
    <s>Views: 3827</s>
    <s>Views: 3533</s>
    <s>Views: 3028</s>
    <s>Views: 2267</s>
    <s>Views: 2127</s>
    <s>Views: 1817</s>
    <s>Views: 1786</s>
    <s>Views: 1756</s>
    <s>Views: 1719</s>
    <s>Views: 1653</s>
    <s>ALEXANDRE PIRES VISITA CLUBE FM</s>
    <s>PRESIDENTE DO SEBRAE VISITA RIBEIRÃO</s>
    <s>VISITA MINISTRO</s>
    <s>GUSTAVO LIMA VISITA OUVINTE DA &quot;CLUBE FM&quot;</s>
    <s>VISITA PRESIDENTE DILMA</s>
    <s>REPERCUSSÃO VISITA PRESIDENTE DILMA</s>
    <s>EXPECTATIVA PARA A VISITA DA PRESIDENTE &quot;DILMA ROUSSEFF&quot;</s>
    <s>BASTIDORES DA VISITA DA PRESIDENTE &quot;DILMA ROUSSEFF&quot;</s>
    <s>VISITA DA PRESIDENTE &quot;DILMA ROUSSEFF&quot;</s>
    <s>COMISSÃO DE &quot;ORGANIZAÇÃO LOCAL&quot; DA COPA DO MUNDO DE 2014 VISITA</s>
    <s>PREFEITA &quot;DÁRCY VERA&quot; VISITA UMA DAS ETAPAS DAS OBRAS ANTIENCHENT</s>
    <s>REPERCUSSÃO PREFEITA &quot;DÁRCY VERA&quot; VISITA UMA DAS ETAPAS DAS OBRA</s>
    <s>VISITA DOS PROFISSIONAIS DE LABORATÓRIOS NOS POSTOS DE SAÚDE</s>
    <s>REPERCUSSÃO VISITA DOS PROFISSIONAIS DE LABORATÓRIOS NOS POSTOS DE</s>
    <s>GOVERNADOR GERALDO ALCKMIN VISITA ARARAQUARA</s>
    <s>DARCY VERA VISITA OBRAS DA UNIDADE DE PRONTO ATENDIMENTO</s>
    <s>VISITA DO SUPERINTENDENTE REGIONAL DA POLÍCIA FEDERAL</s>
    <s>COMANDANTE GERAL DA PM DO ESTADO VISITA RIBEIRÃO</s>
    <s>POLÍTICOS VISITAM RIBEIRÃO</s>
    <s>EM DUMONT PRODUTORES CALCULAM PERDA DA SAFRA DO AMENDOIM POR CAUSA DA CHUVA</s>
    <s>GRANADA APREENDIDA</s>
    <s>ESTE ANO A VERBA REPASSADA DA PREFEITURA PARA A FEIRA DO LIVRO SERÁ MAIOR</s>
    <s>DÍVIDA ATIVA</s>
    <s>REPERCUSSÃO DIVIDA ATIVA</s>
    <s>UNIVERSITÁRIA ESPANCADA</s>
    <s>REPERCUSSÃO UNIVERSITÁRIA ESPANCADA</s>
    <s>VENDA INGRESSOS JOGO BOTAFOGO X CORINTHIANS</s>
    <s>GREVE DOS MÉDICOS ASSISTENTES DO HOSPITAL DAS CLINICAS</s>
    <s>ENTULHOS DOS BARRACOS DERRUBADOS DA FAVELA ITÁPOLIS EM RIBEIRÃO AINDA NÃO FORAM RETIRADOS PELA PREFEITURA</s>
    <s>REPERCUSSÃO UNIVERSITÁRIA ESPANCADA</s>
    <s>VENDAS PÁSCOA</s>
    <s>ALUNA ESPANCADA</s>
    <s>LADRA DESASTRADA</s>
    <s>INAUGURADA FARMÁCIA UBDS</s>
    <s>DEPOIMENTO ESTUDANTE AGREDIDA</s>
    <s>COMUNIDADE AFRODESCENDENTE VAI MOVER AÇÃO DE RACISMO CONTRA DEPUTADO</s>
    <s>APREENSÃO DROGAS E ARMAS NO JARDIM MARIA DA GRAÇA</s>
    <s>NECESSIDADE USO CADERINHA</s>
    <s>REPERCUSSÃO NECESSIDADE USO CADERINHA</s>
    <s>POLÍCIA MILITAR RECUPEROU DUAS CAMINHONETES ROUBADAS</s>
    <s>BRIGA DE TRÂNSITO TERMINA COM UM GUARDA CIVIL PRESO</s>
    <s>CRIAÇÃO DA CPI DIVIDA ATIVA</s>
    <s>REPERCUSSÃO CRIAÇÃO DA CPI DIVIDA ATIVA</s>
    <s>DECLARAÇÃO IMPOSTO DE RENDA</s>
    <s>SUPERMERCADOS AUMENTAM O VOLUME DE VENDAS</s>
    <s>POSSÍVEL CANDIDATURA JOÃO GANDINI</s>
    <s>REPERCUSSÃO POSSÍVEL CANDIDATURA JOÃO GANDINI</s>
    <s>RIBEIRÃO PODE SER TRANSFORMADA EM REGIÃO METROPOLITANA</s>
    <s>REPERCUSSÃO RIBEIRÃO PODE SER TRANSFORMADA EM REGIÃO METROPOLITAN</s>
    <s>ALAGAMENTO CHUVA MADRUGADA</s>
    <s>ESTRAGOS CHUVA MADRUGADA</s>
    <s>CPI DÍVIDA ATIVA</s>
    <s>REPERCUSSÃO CPI DÍVIDA ATIVA</s>
    <s>RECUPERAÇÃO NA VENDA DE VEÍCULOS NOVOS</s>
    <s>MORTO EM EMBOSCADA</s>
    <s>EMENDA FICHA LIMPA</s>
    <s>ENFERMEIRA ACUSADA</s>
    <s>REPERCUSSÃO ENFERMEIRA ACUSADA</s>
    <s>DERRUBADA RANCHO JARDINÓPOLIS</s>
    <s>REPERCUSSÃO DERRUBADA RANCHO JARDINÓPOLIS</s>
    <s>CARRO AFUNDA NO ASFALTO</s>
    <s>HOMEM PRESO EM CRUZ DAS POSSES</s>
    <s>OPORTUNIDADE DE PÁSCOA</s>
    <s>PLACAS DE PUBLICIDADE</s>
    <s>ROUBOS UNIVERSIDADES</s>
    <s>CPI ABERTA DÍVIDA</s>
    <s>FIM DA GREVE HC</s>
    <s>TORCEDORES DO COMERCIAL PEDEM AJUDA A SANTO EXPEDITO</s>
    <s>MENOR É PRESO ACUSADO DE ASSALTAR E ESFAQUEAR UMA ESTUDANTE</s>
    <s>MORADORES DA RUA JAVARI RECLAMAM DA FALTA DE INFRAESTRUTURA</s>
    <s>REPERCUSSÃO MORADORES DA RUA JAVARI RECLAMAM DA FALTA DE INFRAESTRU</s>
    <s>PLACAS RETIRADAS</s>
    <s>TENTATIVA FRUSTRADA NO BAIRRO IPIRANGA</s>
    <s>INCÊNDIO JARDIM JANDAIA</s>
    <s>IMPUNIDADE USINEIRO MARCELO CURY</s>
    <s>REPERCUSSÃO IMPUNIDADE USINEIRO MARCELO CURY</s>
    <s>REVITALIZAÇÃO DA ÁREA CENTRAL</s>
    <s>REPERCUSSÃO REVITALIZAÇÃO DA ÁREA CENTRAL</s>
    <s>AJUDA ATLETA</s>
    <s>DEFESA DA PROMOTORA DE JUSTIÇA</s>
    <s>REPERCCUSSÃO DEFESA DA PROMOTORA DE JUSTIÇA</s>
    <s>CAMINHADA CALVÁRIO</s>
    <s>EXPECTATIVA DA TORCIDA DO COMERCIAL</s>
    <s>REPERCUSSÃO EXPECTATIVA DA TORCIDA DO COMERCIAL</s>
    <s>PESQUISA DA USP</s>
    <s>AUMENTO PEDÁGIO</s>
    <s>REPERCUSSÃO AUMENTO PEDÁGIO</s>
    <s>FESTA TORCIDA COMERCIAL</s>
    <s>SENHORA DE 66 ANOS FICA FERIDA AO CAIR DE UM ÔNIBUS</s>
    <s>REPERCUSSÃO SENHORA DE 66 ANOS FICA FERIDA AO CAIR DE UM ÔNIBUS</s>
    <s>FUNCIONÁRIOS DA LEÃO AMBIENTAL AMEAÇAM NOVAMENTE ENTRAR EM GREVE</s>
    <s>REPERCUSSÃO FUNCIONÁRIOS DA LEÃO AMBIENTAL AMEAÇAM NOVAMENTE ENT</s>
    <s>VENDAS COMÉRCIO</s>
    <s>SITUAÇÃO DAS ÁREAS CONTAMINADAS</s>
    <s>REPERCUSSÃO SITUAÇÃO DAS ÁREAS CONTAMINADAS</s>
    <s>VENDAS PELA INTERNET</s>
    <s>REPERCUSSÃO VENDAS PELA INTERNET</s>
    <s>COMÉRCIO DIA DAS MÃES</s>
    <s>RECLAMAÇÂO DO VALOR DA ÁGUA</s>
    <s>NOVIDADE NO BOTAFOGO</s>
    <s>ADOLESCÊNCIA PERDIDA</s>
    <s>VALOR ELEVADO DA ÁGUA</s>
    <s>REPERCUSSÃO VALOR ELEVADO DA ÁGUA</s>
    <s>DÍVIDA ÁGUA</s>
    <s>REPERCUSSÃO DÍVIDA ÁGUA</s>
    <s>CPI DA DÍVIDA ATIVA</s>
    <s>VENDAS SUPERMARCADOS</s>
    <s>DEMORA DA PREFEITURA EM ACIONAR GRANDES DEVEDORES</s>
    <s>REPERCUSSÃO DEMORA DA PREFEITURA EM ACIONAR GRANDES DEVEDORES</s>
    <s>MORADORES COM MEDO DA EROSÃO</s>
    <s>MECANIZAÇÃO DA CANA</s>
    <s>CRIANÇA ATACADA POR CÃES</s>
    <s>AVALIAÇÃO DA ATUAÇÃO DOS VEREADORES</s>
    <s>REPERCUSSÃO AVALIAÇÃO DA ATUAÇÃO DOS VEREADORES</s>
    <s>RIBEIRÃO PRETO ESTÁ ENTRE AS MELHORES CIDADES BRASILEIRAS EM CONSU</s>
    <s>REPERCUSSÃO CIDADES BRASILEIRAS EM CONSUMO</s>
    <s>REBELIÃO FUNDAÇÃO CASA</s>
    <s>REPERCUSSÃO REBELIÃO FUNDAÇÃO CASA</s>
    <s>SITUAÇÃO APÓS REBELIÃO FUNDAÇÃO CASA</s>
    <s>FUNDAÇÃO CASA PROCESSADA</s>
    <s>MINISTRO DA AGRICULTURA NA AGRISHOW</s>
    <s>PARCERIA PÚBLICO PRIVADA PARA A LIMPEZA</s>
    <s>REPERCUSSÃO PARCERIA PÚBLICO PRIVADA PARA A LIMPEZA</s>
    <s>CALÇADÃO DIA DAS MÃES</s>
    <s>COMPRAS DIA DAS MÃES</s>
    <s>PROTESTO ESTUDANTES</s>
    <s>REPERCUSSÃO PROTESTO ESTUDANTES</s>
    <s>FATALIDADE NO TRANSITO</s>
    <s>CRUELDADE CONTRA ANIMAIS</s>
    <s>CPI DA DÍVIDA ATIVA TERCEIRA REUNIÃO</s>
    <s>FALTA DE ACESSIBILIDADE AOS DEFICIENTES NA RODOVIÁRIA</s>
    <s>REPERCUSSAO FALTA DE ACESSIBILIDADE NA RODOVIÁRIA</s>
    <s>FATALIDADE PERTO DE BATATAIS</s>
    <s>ACIDENTE AVENIDA BRASIL</s>
    <s>REUNIÃO DA COMISSÃO DE CONSTITUIÇÃO E JUSTIÇA TERMINOU EM BATE</s>
    <s>REPERCUSSÃO REUNIÃO DA COMISSÃO DE CONSTITUIÇÃO E JUSTIÇA TERM</s>
    <s>MANIFESTO FUNDAÇÃO CASA</s>
    <s>LÍDER DO TRÁFICO DE DROGAS DA VILA TIBÉRIO É PRESO</s>
    <s>PARADA A LICITAÇÃO PARA AS OBRAS NO AEROPORTO</s>
    <s>REPERCUSSÃO PARADA A LICITAÇÃO PARA AS OBRAS NO AEROPORTO</s>
    <s>MINISTRA IGUALDADE RACIAL</s>
    <s>ACI X AVENIDA FRANCISCO JUNQUEIRA</s>
    <s>PREÇO DA AREIA ESTÁ BEM MAIS CARO</s>
    <s>PRÉ-CONFERÊNCIA DA DEFENSORIA PÚBLICA</s>
    <s>CPI DA DÍVIDA ATIVA</s>
    <s>REPERCUSSÃO MANIFESTO FUNDAÇÃO CASA</s>
    <s>GUARDADOR DE CARROS PRESO</s>
    <s>PRECARIEDADE DAS INSTALAÇÕES CONSELHO TUTELAR</s>
    <s>REPERCUSSÃO PRECARIEDADE DAS INSTALAÇÕES CONSELHO TUTELAR</s>
    <s>IRREGULARIDADES EM ALOJAMENTOS</s>
    <s>REPERCUSSÃO IRREGULARIDADES EM ALOJAMENTOS</s>
    <s>DENÚNCIA JD. DAS PEDRAS</s>
    <s>REPERCUSSÃO DENÚNCIA JD. DAS PEDRAS</s>
    <s>PEDÁGIO DUMONT</s>
    <s>ACIDENTE NA ESTRADA VELHA DE JARDINÓPOLIS</s>
    <s>SAÍDA DE BANCO</s>
    <s>FRIO DEVE ALAVANCAR AS VENDAS</s>
    <s>TRANSERP QUER AUMENTAR O VALOR DA ÁREA AZUL</s>
    <s>REPERCUSSÃO TRANSERP QUER AUMENTAR O VALOR DA ÁREA AZUL</s>
    <s>FATALIDADE A CAMINHO DA FÉ</s>
    <s>INAUGURADA A IGREJA DE SANTA RITA DAS PALMEIRAS</s>
    <s>REPERCUSSÃO INAUGURADA A IGREJA DE SANTA RITA DAS PALMEIRAS</s>
    <s>ESTUDANTE ENCONTRADA MORTA</s>
    <s>ADIADA ENTREGA DE CASAS FAVELA FAIANE</s>
    <s>CPI DA DÍVIDA</s>
    <s>REPROVADOS NO EXAME DA CNH</s>
    <s>SEMINÁRIO DE MOBILIZAÇÃO DA INDÚSTRIA</s>
    <s>NOVA SECRETÁRIA ESTADUAL DA AGRICULTURA</s>
    <s>REPERCUSSÃO NOVA SECRETÁRIA ESTADUAL DA AGRICULTURA</s>
    <s>CORREGEDORIA DA POLICIA CIVIL</s>
    <s>REPERCUSSÃO CORREGEDORIA DA POLICIA CIVIL</s>
    <s>POLUIÇÃO VISUAL INCOMODA</s>
    <s>REPERCUSSÃO POLUIÇÃO VISUAL INCOMODA</s>
    <s>CIDADE LIMPA</s>
    <s>BEBIDAS FALSIFICADAS</s>
    <s>DETIDOS SUSPEITOS DE VANDALISMO</s>
    <s>REPERCUSSÃO DETIDOS SUSPEITOS DE VANDALISMO</s>
    <s>ACESSIBILIDADE PÚBLICA</s>
    <s>REPERCUSSÃO ACESSIBILIDADE PÚBLICA</s>
    <s>AFASTAMENTO DO DELEGADO TITULAR DA DIG</s>
    <s>REPERCUSSÃO AFASTAMENTO DO DELEGADO TITULAR DA DIG</s>
    <s>REUNIÃO PROJETO &quot;CIDADE LIMPA&quot;</s>
    <s>INCONSTITUCIONALIDADE CÂMARA</s>
    <s>REPERCUSSÃO INCONSTITUCIONALIDADE CÂMARA</s>
    <s>CPI DÍVIDA ATIVA</s>
    <s>REPERCUSSÃO CPI DÍVIDA ATIVA</s>
    <s>VANDALISMO CRAVINHOS</s>
    <s>DENÚNCIA CONTRA GUARDA CIVIL</s>
    <s>ACIDENTE NA AVENIDA MEIRA JUNIOR</s>
    <s>HOSPITAL DE RETAGUARDA FRANCISCO DE ASSIS</s>
    <s>GESTÃO INTINERANTE DA FEDERAÇÃO &quot;AMOR EXIGENTE&quot;</s>
    <s>SERTÃOZINHO ESTÁ NAS MÃOS DA POPULAÇÃO</s>
    <s>REPERCUSSÃO SERTÃOZINHO ESTÁ NAS MÃOS DA POPULAÇÃO</s>
    <s>COCAÍNA APREENDIDA NA VILA SEIXAS</s>
    <s>ASSALTO EM BANCO NA AVENIDA DOM PEDRO</s>
    <s>MACONHA APREENDIDA</s>
    <s>NEM CULTURA ESCAPA DA FALSIFICAÇÃO</s>
    <s>CPI DA DÍVIDA ATIVA</s>
    <s>CÂMARA VAI RECEBER REPASSE DE 1 MILHÃO E 800 MIL REAIS DA ADMINIS</s>
    <s>PARCERIA PÚBLICO PRIVADA PARA LIMPEZA URBANA</s>
    <s>REPERCUSSÃO PARCERIA PÚBLICO PRIVADA PARA LIMPEZA URBANA</s>
    <s>COMERCIANTES DA AVENIDA FCO JUNQUEIRA</s>
    <s>EX DELEGADO DA DIG</s>
    <s>PROIBIDA A QUEIMA DA PALHA DA CANA</s>
    <s>REPERCUSSÃO PROIBIDA A QUEIMA DA PALHA DA CANA</s>
    <s>ACIDENTE EM FRENTE AO BATALHÃO DA POLÍCIA MILITAR</s>
    <s>CPI DA CÂMARA PRETENDE ANALISAR A VIDA TRIBUTÁRIA</s>
    <s>REPERCUSSÃO CPI DA CÂMARA PRETENDE ANALISAR A VIDA TRIBUTÁRIA</s>
    <s>PASSEIO CICLÍSTICO &quot;AQUECENDO VIDAS&quot;</s>
    <s>HISTÓRIA TRICOLOR LEILOADA</s>
    <s>ENTERRADA KARINA APARECIDA CHICÓRIA</s>
    <s>REPERCUSSÃO ENTERRO KARINA APARECIDA CHICÓRIA</s>
    <s>MINISTRO DA SAÚDE ASSINA CONVÊNIO EM RIBEIRÃO PRETO</s>
    <s>MINISTÉRIOS DA EDUCAÇÃO E DA FAZENDA NA FEIRA DO LIVRO</s>
    <s>GURDA CIVIL SEQUESTRA MULHER E TENTA SUICÍDIO</s>
    <s>QUADRA DE ESPOTES DO SIMIONI ESTA ABANDONADA</s>
    <s>REPERCUSSÃO QUADRA DE ESPOTES DO SIMIONI ESTA ABANDONADA</s>
    <s>POLÍCIA FECHA BINGO NO RECREIO DAS ACÁCIAS</s>
    <s>PARTE DE UMA CASA DESMORONOU DURANTE A MADRUGADA NA VILA VIRGÍNIA</s>
    <s>FALTA DE DIVULGAÇÃO DAS AUDIÊNCIAS PÚBLICAS</s>
    <s>REPERCUSSÃO FALTA DE DIVULGAÇÃO DAS AUDIÊNCIAS PÚBLICAS</s>
    <s>MORADORES DE BEBEDOURO RECLAMAM DA CPFL</s>
    <s>MATERNIDADE DO HOSPITAL DAS CLÍNICAS</s>
    <s>USINA DE AÇÚCAR E ÁLCOOL DE JABOTICABAL ESTÁ IMPEDIDA DE TERCEIR</s>
    <s>PRAZO PARA AQUISIÇÃO DO PRÊMIO DA FUNDAÇÃO ABRINQ</s>
    <s>REPERCUSSÃO PRAZO PARA AQUISIÇÃO DO PRÊMIO DA FUNDAÇÃO ABRINQ</s>
    <s>SEXTA REUNIÃO DA CPI DA DÍVIDA ATIVA</s>
    <s>MEDIDAS PARA REDUZIR O NÚMERO DE LEIS INCONSTITUCIONAIS</s>
    <s>POSSÍVEL CANDIDATURA DE ANTONIO PALOCCI</s>
    <s>REPERCUSSÃO POSSÍVEL CANDIDATURA DE ANTONIO PALOCCI</s>
    <s>ESTRAGOS CHUVA NA AVENIDA COSTÁBILE ROMANO</s>
    <s>CONSTRUTORA STÉFANI NOGUEIRA TEM OBRA EMBARGADA</s>
    <s>UNIVERSITÁRIOS DA USP DEBATEM REFORMA POLÍTICA</s>
    <s>TRANSERP FAZ PEDIDO PARA QUE O VALOR DA PASSAGEM AUMENTE</s>
    <s>INAUGURAÇÃO DA NOVA AGÊNCIA DO INSS</s>
    <s>SERVIÇO PRESTADO PELA CPFL AINDA GERA MUITAS RECLAMAÇÕES</s>
    <s>REPERCUSSÃO SERVIÇO PRESTADO PELA CPFL AINDA GERA MUITAS RECLAMAÇ</s>
    <s>PLANO DA SAFRA 2011 E 2012 SERÁ LANÇADO NA PRÓXIMA SEMANA</s>
    <s>REPERCUSSÃO PLANO DA SAFRA 2011 E 2012 SERÁ LANÇADO NA PRÓXIMA S</s>
    <s>TIROTEIO DURANTE A MADRUGADA</s>
    <s>VENDAS DIA DOS NAMORADOS</s>
    <s>GESTÃO DÍVIDA ATIVA</s>
    <s>REPERCUSSÃO GESTÃO DÍVIDA ATIVA</s>
    <s>CAMINHÃO DEIXA PEDRAS ESPALHADAS PELA PISTA</s>
    <s>MINISTÉRIO PÚBLICO VAI INVESTIGAR OBRA DA CONTRUTORA STÉFANI NOGU</s>
    <s>DÍVIDA ATIVA ENTRE PREFEITURA E HOSPITAIS</s>
    <s>REPERCUSSÃO DÍVIDA ATIVA ENTRE PREFEITURA E HOSPITAIS</s>
    <s>PEDÁGIO MAIS CARO</s>
    <s>CPI DA RODOVIÁRIA</s>
    <s>REPERCUSSÃO CPI DA RODOVIÁRIA</s>
    <s>QUEIMADA DE CANA IRREGULAR</s>
    <s>ADOÇÃO GEMEAS ABANDONADAS</s>
    <s>RECLAMAÇÃO AVENIDA MAURÍLIO BIAGI</s>
    <s>ACIDENTES NA RODOVIA PERTO DA FEBEM</s>
    <s>ADOLECENTE DETIDO PELA SEGUNDA VEZ</s>
    <s>MUTIRÃO CIDADANIA</s>
    <s>CONSERTO DA CRUZ DA CATEDRAL</s>
    <s>SHOW DA CLUBE</s>
    <s>PRIMEIRO &quot;ENCONTRO DAS ÁGUAS&quot;</s>
    <s>QUEIMADA DA CANA &quot;USINA GALO BRAVO&quot;</s>
    <s>GÊMEAS ABANDONADAS ESTÃO NO CARIB</s>
    <s>CPI DA DÍVIDA ATIVA</s>
    <s>SOLENIDADE DE COMEMORAÇÃO DA POLÍCIA MILITAR</s>
    <s>DRAMA DE IDOSA AMEAÇADA PELO FILHO</s>
    <s>REPERCUSSÃO DRAMA DE IDOSA AMEAÇADA PELO FILHO</s>
    <s>NOVO DEPOIMENTO NA CPI DA DÍVIDA ATIVA</s>
    <s>REPERCUSSÃO NOVO DEPOIMENTO NA CPI DA DÍVIDA ATIVA</s>
    <s>OBRAS EMBARGADAS NO ANTIGO CINE SÃO PAULO</s>
    <s>CAMINHÃO CARREGADO AFUNDA EM BURACO</s>
    <s>MÉDICO CRÍTICA SECRETÁRIA DA SAÚDE</s>
    <s>SECRETÁRIO DA SAÚDE REBATE CRÍTICAS</s>
    <s>O PAPEL DA IMPRENSA</s>
    <s>REPERCUSSÃO O PAPEL DA IMPRENSA</s>
    <s>IMPORTÂNCIA DA L.D.O PARA A CIDADE</s>
    <s>REPERCUSSÃO IMPORTÂNCIA DA L.D.O PARA A CIDADE</s>
    <s>CASSAÇÃO DO MANDATO DO VEREADOR OLIVEIRA JR</s>
    <s>REPERCUSSÃO CASSAÇÃO DO MANDATO DO VEREADOR OLIVEIRA JR</s>
    <s>ACIDENTE FATAL NA AVENIDA DA SAUDADE</s>
    <s>MUDANÇAS DE CARGOS NA PREFEITURA DE RIBEIRÃO</s>
    <s>REPERCUSSÃO MUDANÇAS DE CARGOS NA PREFEITURA DE RIBEIRÃO</s>
    <s>QUEDA NAS VENDAS</s>
    <s>VENDAS DE VEÍCULOS ZERO QUILÔMETRO</s>
    <s>DANÇA RIBEIRÃO</s>
    <s>OPERAÇÃO DA POLÍCIA MILITAR</s>
    <s>POSTO DE SAÚDE DE SANTA CRUZ DA ESPERANÇA</s>
    <s>CAMPANHA PARA COMBATER QUEIMADAS URBANAS</s>
    <s>MUDANÇA NO CÓDIGO PENAL DIVIDE OPINIÕES</s>
    <s>REPERCUSSÃO MUDANÇA NO CÓDIGO PENAL DIVIDE OPINIÕES</s>
    <s>DIRETOR ADMINISTRATIVO DA TV BARRETOS FOI ASSASSINADO</s>
    <s>QUATRO CRIANÇAS ABANDONADAS</s>
    <s>FATALIDADE EM RIBEIRÃO PRETO</s>
    <s>COMISSÃO PROCESSANTE DA CÂMARA DE PONTAL</s>
    <s>REPERCUSSÃO COMISSÃO PROCESSANTE DA CÂMARA DE PONTAL</s>
    <s>CARGA TRIBUTÁRIA CASTIGA O CIDADÃO</s>
    <s>REPERCUSSÃO CARGA TRIBUTÁRIA CASTIGA O CIDADÃO</s>
    <s>REPERCUSSÃO QUATRO CRIANÇAS ABANDONADAS</s>
    <s>REPERCUSSÃO DA VOTAÇÃO CASO &quot;OLIVEIRA JÚNIOR&quot;</s>
    <s>COMISSÃO PROCESSANTE DA CÂMARA</s>
    <s>POLÊMICA NA ESCOLHA DOS MEMBROS DA COMISSÃO</s>
    <s>COMERCIANTES PEDEM MUDANÇAS NA AV. FRANCISCO JUNQUEIRA</s>
    <s>REUNIÃO CPI DA DÍVIDA ATIVA</s>
    <s>PEDÁGIOS VÃO AUMENTAR 10%</s>
    <s>CARREFOUR É SUSPEITO DE VENDA DE PRODUTOS INADEQUADOS</s>
    <s>REPERCUSSÃO CARREFOUR É SUSPEITO DE VENDA DE PRODUTOS INADEQUADOS</s>
    <s>REPERCUSSÃO PROIBIÇÃO PARA ESTACIONAR AINDA GERA MUITAS RECLAMAÇ</s>
    <s>LIMINAR DA JUSTIÇA OBRIGA A COSAN A REGULARIZAR A JORNADA DE TRABA</s>
    <s>REPERCUSSÃO LIMINAR DA JUSTIÇA OBRIGA A COSAN A REGULARIZAR A JOR</s>
    <s>ADVOGADA É PRESA</s>
    <s>OAB REPERCUTE PRISÃO DA ADVOGADA</s>
    <s>BATIDA NA AVENIDA MAURILIO BIAGI</s>
    <s>NOVA UNIDADE DE CARDIOLOGIA DO HOSPITAL SÃO FRANCISCO</s>
    <s>POLÍCIA FEDERAL INCINEROU QUASE UMA TONELADA DE ENTORPECENTES</s>
    <s>REPERCUSSÃO PRISÃO DA ADVOGADA</s>
    <s>REALIZADA PELA POLÍCIA MILITAR OPERAÇÃO DIREÇÃO SEGURA</s>
    <s>REPERCUSSÃO REALIZADA PELA POLÍCIA MILITAR OPERAÇÃO DIREÇÃO SE</s>
    <s>CORRIDA SEIS MILHAS DO CORPO DE BOMBEIROS</s>
    <s>PEDÁGIO REAJUSTE</s>
    <s>NOVO PADRÃO BRASILEIRO DE PLUGUES E TOMADAS</s>
    <s>MORADORES DOS CONDOMÍNIOS DA ZONA SUL SOFREM COM FALTA DE DÁGUA</s>
    <s>REINTEGRAÇÃO DE POSSE TUMULTUADA</s>
    <s>REQUERIMENTO DA OAB QUE PEDE RIGOR NA INVESTIGAÇÃO ENVOLVENDO O V</s>
    <s>REPERCUSSÃO REQUERIMENTO DA OAB QUE PEDE RIGOR NA INVESTIGAÇÃO E</s>
    <s>MORADORES DA FAVELA PASSAM NOITE AO RELENTO</s>
    <s>PONTE DA VICINAL DO DISTRITO DE CRUZ DA POSSES</s>
    <s>CÂMARA DE RIBEIRÃO PRETO ACEITOU REQUERIMENTO DA OAB</s>
    <s>SESI E CIESP REALIZAM FÓRUM SOBRE SUSTENTABILIDADE</s>
    <s>DAESP COBRA DA PREFEITURA UMA SOLUÇÃO SOBRE LIXÃO IMPROVISADO</s>
    <s>REPERCUSSÃO DAESP COBRA DA PREFEITURA UMA SOLUÇÃO SOBRE LIXÃO IM</s>
    <s>MORREM QUATRO EM ACIDENTE COM AVIÕES DA FAB</s>
    <s>MÉDICOS DA SANTA CASA DE RIBEIRÃO PRETO MANTIVERAM A DECISÃO DE N</s>
    <s>REPERCUSSÃO MÉDICOS DA SANTA CASA DE RIBEIRÃO PRETO MANTIVERAM A</s>
    <s>REUNIÃO COM EX-MORADORES DA FAVELA DO JARDIM AEROPORTO</s>
    <s>VENDA DE DROGAS POR TELEFONE</s>
    <s>INSATISFAÇÃO COM A ESCOLHA DOS MEMBROS DA COMISSÃO</s>
    <s>UNIVERSITÁRIO DA UFSCAR TOMA BANHO NA PANELA INDUSTRIAL DO RESTAURA</s>
    <s>REPERCUSSÃO UNIVERSITÁRIO DA UFSCAR TOMA BANHO NA PANELA INDUSTRIA</s>
    <s>PASSAGEM DE ÔNIBUS PODE SER UMA DAS MAIS CARAS DA REGIÃO</s>
    <s>REPERCUSSÃO PASSAGEM DE ÔNIBUS PODE SER UMA DAS MAIS CARAS DA REGI</s>
    <s>COMANDO DA POLÍCIA MILITAR PRESTOU ESCLARECIMENTOS À OAB SOBRE A R</s>
    <s>DAESP PRORROGA PRAZO PARA ENTREGA DO ESTUDO DE CURVA DE RUÍDO NO AE</s>
    <s>REPERCUSSÃO DAESP PRORROGA PRAZO PARA ENTREGA DO ESTUDO DE CURVA DE</s>
    <s>PARALISAÇÃO DE UMA OBRA DA ESCOLA SESI</s>
    <s>VEREADORES TÊM OS BENS BLOQUEADOS POR DETERMINAÇÃO DA JUSTIÇA</s>
    <s>JOALHERIA FOI ASSALTADA NO CENTRO DE RIBEIRÃO PRETO</s>
    <s>APREENDIDAS OITOCENTAS CÁPSULAS DE COCAÍNA NO QUINTINO FACCI II</s>
    <s>POLÍCIA MILITAR RECUPERA CAMINHONETE ROUBADA NA VILA ELISA</s>
    <s>REPRESENTANTES DAS FAMÍLIAS RETIRADAS DO JARDIM AEROPORTO SE REUNEM</s>
    <s>MÉDICOS ASSISTENTES DO HOSPITAL DAS CLÍNICAS DECIDEM MANTER A GREV</s>
    <s>MORADORES DA FAVELA NO JARDIM AEROPORTO OCUPARAM OUTRO TERRENO</s>
    <s>ÚLTIMA SESSÃO DA CÂMARA DE RIBEIRÃO PRETO ANTES DO RECESSO</s>
    <s>REPERCUSSÃO ÚLTIMA SESSÃO DA CÂMARA DE RIBEIRÃO PRETO ANTES DO</s>
    <s>APROVAÇÃO DA LEI QUE REGULARIZA OS LOTEAMENTOS FECHADOS</s>
    <s>OPERAÇÃO &quot;PLANÁRIA&quot; DA POLÍCIA FEDERAL</s>
    <s>ACIDENTE NO CRUZAMENTO DA RUA GUADALAJARA</s>
    <s>RAVES ESTÃO NA MIRA DA VARA DA INFÂNCIA E JUVENTUDE</s>
    <s>REPERCUSSÃO RAVES ESTÃO NA MIRA DA VARA DA INFÂNCIA E JUVENTUDE</s>
    <s>COMERCIANTES RECLAMAM DAS OBRAS ANTIENCHENTES</s>
    <s>SECRETÁRIO DA SAÚDE DO ESTADO VISITOU RIBEIRÃO PRETO</s>
    <s>A CORREGEDORIA DA POLÍCIA CIVIL INVESTIGA A DIG SOBRE CASOS PARADOS</s>
    <s>ACIDENTE NA ROTATÓRIA DA CASTELO BRANCO</s>
    <s>DESTINO DAS GÊMEAS ABANDONADAS</s>
    <s>REPERCUSSÃO DESTINO DAS GÊMEAS ABANDONADAS</s>
    <s>BAIXA UMIDADE DO AR PREOCUPA CETESB</s>
    <s>TRANSFORMAÇÃO DA PEDREIRA DA USP EM UM PARQUE ECOLÓGICO</s>
    <s>REPERCUSSÃO TRANSFORMAÇÃO DA PEDREIRA DA USP EM UM PARQUE ECOLÓG</s>
    <s>PREFEITA DÁRCY VERA TERÁ VÁRIOS PROBLEMAS</s>
    <s>REPERCUSSÃO PREFEITA DÁRCY VERA TERÁ VÁRIOS PROBLEMAS</s>
    <s>LICITAÇÃO PARA O TRANSPORTE COLETIVO ESTÁ &quot;TRAVADA&quot; EM RIBEIR</s>
    <s>UNIDADES BÁSICAS DE SAÚDE GANHAM TECNOLOGIA PARA ATENDER PACIENTES</s>
    <s>INVERNO ESQUENTA AS VENDAS EM RIBEIRÃO PRETO</s>
    <s>CONSTANTES QUEDAS DE ENERGIA ELÉTRICA CHAMAM A ATENÇÃO DO MINIST</s>
    <s>REPERCUSSÃO CONSTANTES QUEDAS DE ENERGIA ELÉTRICA CHAMAM A ATENÇ</s>
    <s>NOME DA PREFEITA DÁRCY VERA GANHA FORÇA</s>
    <s>REPERCUSSÃO NOME DA PREFEITA DÁRCY VERA GANHA FORÇA</s>
    <s>RADARES MÓVEIS ESTÃO EM TESTE NA RODOVIA DA REGIÃO</s>
    <s>MAIS DE UM MILHÃO DE REAIS EM EMENDAS PARLAMENTARES ESTÃO ENGAVETA</s>
    <s>CAMINHÃO DANIFICOU PARTE DA FIAÇÃO ELÉTRICA DE VÁRIOS POSTES</s>
    <s>TRIBUNAL DE JUSTIÇA CONDENOU O DAERP A PAGAR INDENIZAÇÃO</s>
    <s>REPERCUSSÃO TRIBUNAL DE JUSTIÇA CONDENOU O DAERP A PAGAR INDENIZA</s>
    <s>COMERCIAL ATROPELA BATATAIS NA PRIMEIRA RODADA DA COMPETIÇÃO</s>
    <s>REPERCUSSÃO VENDA DE BEBIDA ALCOÓLICA PARA MENORES DE IDADE VOLTA</s>
    <s>VENDA DE BEBIDA ALCOÓLICA PARA MENORES DE IDADE VOLTA A SER COMBATI</s>
    <s>CONSUMO DE BEBIDA ALCOÓLICA NOS POSTOS DE COMBUSTÍVEIS</s>
    <s>REPERCUSSÃO CONSUMO DE BEBIDA ALCOÓLICA NOS POSTOS DE COMBUSTÍVEI</s>
    <s>GASTOS DA ADMINISTRAÇÃO CRESCERAM 10 PORCENTO</s>
    <s>REPERCUSSÃO GASTOS DA ADMINISTRAÇÃO CRESCERAM 10 PORCENTO</s>
    <s>REPERCUSSÃO DESCASO COM A PISTA DE ATLETISMO DA CAVA DO BOSQUE</s>
    <s>COM EXCLUSIVIDADE JORNAL DA CLUBE ACOMPANHA AUDIÊNCIA</s>
    <s>POLÍCIA MILITAR REÚNE TORCIDAS DE COMERCIAL E BOTAFOGO PARA COMEFO</s>
    <s>ATLETAS RECLAMAM DAS MÁS CONDIÇÕES DA PISTA DA CAVA</s>
    <s>NA ANHANGUERA MACONHA E COCAINA FORAM APREENDIDAS</s>
    <s>NA VILA BRASIL FIRMA FUNCIONAVA COMO FACHADA</s>
    <s>PREFEITA DÁRCY VERA PODE EFETIVAR AGENTES DO CENTRO DE CONTROLE DE</s>
    <s>REPERCUSSÃO PREFEITA DÁRCY VERA PODE EFETIVAR AGENTES DO CENTRO DE</s>
    <s>FALHAS ALEGADAS PELA DEFESA DE OLIVEIRA JUNIOR</s>
    <s>REPERCUSSÃO FALHAS ALEGADAS PELA DEFESA DE OLIVEIRA JUNIOR</s>
    <s>JUSTIÇA CONDENA FILHO POR TORTURA PRATICADA CONTRA A MÃE</s>
    <s>CONFERÊNCIA MUNICIPAL DA SAÚDE DEBATEM PROPOSTAS</s>
    <s>POPULAÇÃO NÃO ACREDITA EM GRANDES MUDANÇAS NO TRANSPORTE COLETIV</s>
    <s>REPERCUSSÃO POPULAÇÃO NÃO ACREDITA EM GRANDES MUDANÇAS NO TRANS</s>
    <s>CRESCEM OPORTUNIDADES DE NEGÓCIOS ATRAVÉS DE CONSÓRCIOS</s>
    <s>TENISTAS PAULISTAS DISPUTAM A SEGUNDA ETAPA DO CIRCUITO PASSAREDO</s>
    <s>CÂMERAS INSTALADAS NOS ÔNIBUS AJUDAM A POLÍCIA NA IDENFICAÇÃO</s>
    <s>REPERCUSSÃO CÂMERAS INSTALADAS NOS ÔNIBUS AJUDAM A POLÍCIA NA ID</s>
    <s>MEMORIAL DAS PALMEIRAS AMANHECE PICHADO EM RIBEIRÃO PRETO</s>
    <s>REPERCUSSÃO MEMORIAL DAS PALMEIRAS AMANHECE PICHADO EM RIBEIRÃO PR</s>
    <s>POR ERRO DO CADASTRO DO INSS MORADOR NÃO CONSEGUE RECEBER APOSENTAD</s>
    <s>REPERCUSSÃO POR ERRO DO CADASTRO DO INSS MORADOR NÃO CONSEGUE RECE</s>
    <s>FUNDAÇÃO CASA É CONDENADA A INDENIZAR UM EX FUNCIONÁRIO</s>
    <s>REPERCUSSÃO FUNDAÇÃO CASA É CONDENADA A INDENIZAR UM EX FUNCION</s>
    <s>POLÍCIA MILITAR RECUPEROU ONTEM À NOITE UMA MOTO FURTADA NOS CAMPO</s>
    <s>QUATRO TONELADAS DE LIXO FORAM RETIRADAS DE DUAS CASAS NO IPIRANGA</s>
    <s>EMPRESAS SE MANIFESTAM PARA FAZER PARTE DA PARCERIA PÚBLICO PRIVADA</s>
    <s>MÉDICOS ASSISTENTES PROTESTARAM NO CALÇADÃO DE RIBEIRÃO</s>
    <s>REUNIÃO MORADORES DAS FAVELAS DO JARDIM AEROPORTO</s>
    <s>REPERCUSSÃO REUNIÃO MORADORES DAS FAVELAS DO JARDIM AEROPORTO</s>
    <s>INCÊNDIO PRÓXIMO AO CAMPUS DA USP DEU TRABALHO PARA OS BOMBEIROS</s>
    <s>ASSEMBLÉIA DOS FUNCIONÁRIOS DA CPFL</s>
    <s>REVISTA NA FUNDAÇÃO CASA</s>
    <s>REPERCUSSÃO REVISTA NA FUNDAÇÃO CASA</s>
    <s>LEI DE DIRETRIZES ORÇAMENTÁRIAS FORAM VETADAS PELA PREFEITURA</s>
    <s>REPERCUSSÃO LEI DE DIRETRIZES ORÇAMENTÁRIAS FORAM VETADAS PELA PR</s>
    <s>INCÊNDIO NAS MARGENS DA RODOVIA MÁRIO DONEGÁ</s>
    <s>VEREADOR DA REGIÃO É PRESO SUSPEITO DE SEQUESTRO</s>
    <s>MORADORES DA FAVELA DO BREJO COMEÇARAM A SER REMOVIDOS PARA CONJUNT</s>
    <s>VANDALISMO NUMA AGÊNCIA DA CAIXA FEDERAL EM RIBEIRÃO PRETO</s>
    <s>ADOLESCENTES FORAM DETIDOS COM MOTO ROUBADA</s>
    <s>PRIMEIRO DIA DE AUMENTO DA TARIFA DO TRANSPORTE COLETIVO É MARCADO</s>
    <s>AUMENTO POPULACIONAL NA ZONA SUL DA CIDADE</s>
    <s>REPERCUSSÃO AUMENTO POPULACIONAL NA ZONA SUL DA CIDADE</s>
    <s>HISTÓRIA DE AMOR FIRMADA DENTRO DO HOSPITAL DAS CLÍNICAS</s>
    <s>CORRIDA &quot;SEIS MILHAS DOS BOMBEIROS&quot;</s>
    <s>CONSULTA POPULAR PODERÁ SER DEFINITIVA NA ESCOLHA DA PARCERIA PÚBL</s>
    <s>REPERCUSSÃO CONSULTA POPULAR PODERÁ SER DEFINITIVA NA ESCOLHA DA P</s>
    <s>CLIENTES DA CPFL TERÃO MAIS UM PROBLEMA PARA PAGAR A CONTA DE ENERG</s>
    <s>REPERCUSSÃO CLIENTES DA CPFL TERÃO MAIS UM PROBLEMA PARA PAGAR A C</s>
    <s>INCÊNDIO NA USINA DESATIVADA &quot; GALO BRAVO &quot;</s>
    <s>APÓS RECESSO VEREADORES RETOMAM AS ATIVIDADES</s>
    <s>AVENIDA DE RIBEIRÃO DEVE SER INTERDITADA POR TRÊS MESES</s>
    <s>PREFEITURA TERÁ MUITO TRABALHO NA LIMPEZA DA FAVELA DO BREJO</s>
    <s>MINISTÉRIO PÚBLICO ENTRARÁ COM AÇÃO CONTRA O HOSPITAL DAS CLÍ</s>
    <s>PROBLEMAS EM TORNO DA CPFL PARECEM NÃO TER FIM</s>
    <s>REPERCUSSÃO PROBLEMAS EM TORNO DA CPFL PARECEM NÃO TER FIM</s>
    <s>OBRAS NO ANTIGO CINE SÃO PAULO VOLTARAM A SER EMBARGADAS</s>
    <s>HOSPITAL DAS CLÍNICAS SERÁ ALVO DE UMA AÇÃO DO MINISTÉRIO PUBLI</s>
    <s>REPERCUSSÃO HOSPITAL DAS CLÍNICAS SERÁ ALVO DE UMA AÇÃO DO MINI</s>
    <s>COMISSÃO PROCESSANTE TEM DIFICULDADES PARA INTIMAR O VEREADOR OLIVE</s>
    <s>MOTIM NA FUNDAÇÃO CASA E FUNCIONÁRIO É AGREDIDO</s>
    <s>DÉFICIT NAS CONTAS PÚBLICAS DA PREFEITURA DE RIBEIRÃO PRETO</s>
    <s>DEPOIMENTO DO VEREADOR OLIVEIRA JUNIOR FOI ADIADO PARA SEGUNDA-FEIRA</s>
    <s>PELA COPA PAULISTA O COMERCIAL VENCEU APÓS DUAS DERROTAS SEGUIDAS</s>
    <s>DÁRCY VERA CONSEGUE VENCER MAIS UMA QUEDA DE BRAÇO</s>
    <s>REPERUSSÃO DÁRCY VERA CONSEGUE VENCER MAIS UMA QUEDA DE BRAÇO</s>
    <s>MORTE APOSENTADA</s>
    <s>NO IPIRANGA DROGA FOI ENCONTRADA NUM TERRENO</s>
    <s>INVASÃO E DANOS AMBIENTAIS EM ÁREAS DE PRESERVAÇÃO PERMANENTE</s>
    <s>REPERCUSSÃO INVASÃO E DANOS AMBIENTAIS EM ÁREAS DE PRESERVAÇÃO</s>
    <s>VENCEU O PRAZO PARA ENCAMINHAR OS MORADORES DA FAVELA DA FAMÍLIA PA</s>
    <s>CONDUTA DO VEREADOR DE PITANGUEIRAS PODE NÃO SER INVESTIGADA PELA C</s>
    <s>MARCAS DE AÇÚCAR QUE ESTARIAM CONTAMINADAS TIVERAM A VENDA PROIBID</s>
    <s>REPERCUSSÃO MARCAS DE AÇÚCAR QUE ESTARIAM CONTAMINADAS TIVERAM A</s>
    <s>COMERCIANTES DA AVENIDA FRANCISCO JUNQUEIRA FORAM À PREFEITURA COBR</s>
    <s>DÁRCY VERA, FOI ONTEM PESSOALMENTE À CÂMARA AGRADECER PELA DOAÇ</s>
    <s>REPERCUSSÃO DÁRCY VERA, FOI ONTEM PESSOALMENTE À CÂMARA AGRADECE</s>
    <s>REUNIÃO CONDEMA CANCELADA</s>
    <s>HOMEM É ENCONTRADO MORTO NO CANTEIRO DE OBRAS DA AVENIDA JERÔNIMO</s>
    <s>IMPRUDÊNCIA DEIXA CICLISTA FERIDO NA AVENIDA COSTA E SILVA</s>
    <s>BOM JESUS DA LAPA</s>
    <s>CIRETRAN REALIZA LEILÃO NO PÁTIO DA TRANSERP</s>
    <s>PREFEITA DÁRCY VERA PASSA POR CIRURGIA</s>
    <s>REUNIÃO MENSAL REALIZADA PELO COMDEMA FOI CANCELADA POR FALTA DE QU</s>
    <s>REPERCUSSÃO REUNIÃO MENSAL REALIZADA PELO COMDEMA FOI CANCELADA PO</s>
    <s>DESPEJO DE RESÍDUOS DA CONSTRUÇÃO CIVIL NUMA ÁREA SEM LICENÇA</s>
    <s>REPERCUSSÃO DESPEJO DE RESÍDUOS DA CONSTRUÇÃO CIVIL NUMA ÁREA S</s>
    <s>MORADORES DO JARDIM NOVO MUNDO RECLAMAM DA FALTA DÁGUA</s>
    <s>INTERDITADO O TRECHO DA AVENIDA JERÔNIMO GONÇALVES</s>
    <s>IMPLANTAÇÃO DE UM PARQUE NA ÁREA DA ANTIGA PEDREIRA</s>
    <s>REPERCUSSÃO IMPLANTAÇÃO DE UM PARQUE NA ÁREA DA ANTIGA PEDREIRA</s>
    <s>PANFLETOS DE PROPAGANDAS ENTREGUES NAS CASAS PODEM ESTAR COM OS DIAS</s>
    <s>REPERCUSSÃO PANFLETOS DE PROPAGANDAS ENTREGUES NAS CASAS PODEM ESTA</s>
    <s>ESTÁ CADA VEZ MAIS DIFÍCIL PRATICAR ESPORTE EM RIBEIRAO PRETO</s>
    <s>REPERCUSSÃO ESTÁ CADA VEZ MAIS DIFÍCIL PRATICAR ESPORTE EM RIBEIR</s>
    <s>FALTA DÁGUA CHEGA EM BAIRROS QUE NUNCA ENFRENTARAM O PROBLEMA</s>
    <s>LIMINAR PARA MANTER TRABALHANDO NO HOSPITAL DAS CLÍNICAS</s>
    <s>CARGOS PARA PESSOAS COM NECESSIDADES</s>
    <s>AUDIÊNCIA DA COMISSÃO QUE ANALISA O CASO OLIVEIRA JUNIOR</s>
    <s>REPERCUSSÃO AUDIÊNCIA DA COMISSÃO QUE ANALISA O CASO OLIVEIRA JUN</s>
    <s>PREFEITURA RECEBE DOAÇÕES DE AÇÕES DA TRANSERP</s>
    <s>REPERCUSSÃO PREFEITURA RECEBE DOAÇÕES DE AÇÕES DA TRANSERP</s>
    <s>SOCIEDADE ORGANIZADA SE MOBILIZA PARA EXIGIR MAIS DEMOCRACIA</s>
    <s>REPERCUSSÃO SOCIEDADE ORGANIZADA SE MOBILIZA PARA EXIGIR MAIS DEMOC</s>
    <s>PROIBIÇÃO DE BEBIDAS ALCOÓLICAS NOS POSTOS DE COMBUSTÍVEIS</s>
    <s>BOTAFOGO EMPATA E FICA AINDA MAIS LONGE DA ZONA DE CLASSIFICAÇÃO</s>
    <s>MOTO ROUBADA NA VILA TIBÉRIO FOI RECUPERADA</s>
    <s>3 MIL TONELADAS DE ENTULHO JÁ FORAM RETIRADAS DAS ANTIGAS FAVELAS</s>
    <s>REPERCUSSÃO 3 MIL TONELADAS DE ENTULHO JÁ FORAM RETIRADAS DAS ANTI</s>
    <s>REVOGAÇÃO DA EMENDA QUE PREVÊ O AUMENTO NO NÚMERO DE VEREADORES</s>
    <s>IPEM VERIFICA RADARES</s>
    <s>ANIMAIS PODE AJUDAR NO TRATAMENTO DE UMA DOENÇA</s>
    <s>SERTÃOZINHO CONSTRUIU UM POSTO DE SAÚDE MAS AINDA NÃO FOI INAUGUR</s>
    <s>CASAS LOTÉRICAS VOLTAM A RECEBER CONTAS DE ENERGIA DA CPFL</s>
    <s>PARQUE FICARÁ FECHADO TODAS AS SEGUNDAS-FEIRAS</s>
    <s>POLÍTICA AGITADA DURANTE O FIM DE SEMANA</s>
    <s>REPERCUSSÃO POLÍTICA AGITADA DURANTE O FIM DE SEMANA</s>
    <s>RISCO AMBIENTAL EM ÁREA DA VIA NORTE</s>
    <s>REPERCUSSÃO RISCO AMBIENTAL EM ÁREA DA VIA NORTE</s>
    <s>CICLISTAS, POLÍCIA MILITAR E AUTORIDADES TENTAR COIBIR A PRÁTICA D</s>
    <s>TRENZINHO É FLAGRADO COM OCUPANTES CONSUMINDO BEBIDA ALCOÓLICA</s>
    <s>REPERCUSSÃO TRENZINHO É FLAGRADO COM OCUPANTES CONSUMINDO BEBIDA A</s>
    <s>BOTIJÃO DE GÁS EXPLODE NO PARQUE DAS ANDORINHAS E HOMEM TEVE MAIS</s>
    <s>BATIDA ENTRE DOIS CARROS DEIXOU UM CASAL FERIDO</s>
    <s>INFRAESTRUTURA AEROPORTUÁRIA ABAIXO DA MÉDIA</s>
    <s>REPERCUSSÃO INFRAESTRUTURA AEROPORTUÁRIA ABAIXO DA MÉDIA</s>
    <s>MAIS UMA IRREGULARIDADE ENVOLVENDO A EMPRESA LEÃO AMBIENTAL</s>
    <s>GREVE DOS MÉDICOS ASSISTENTES DO HOSPITAL DAS CLÍNICAS</s>
    <s>REPERCUSSÃO GREVE DOS MÉDICOS ASSISTENTES DO HOSPITAL DAS CLÍNICA</s>
    <s>EMENDA TRANSPORTE COLETIVO</s>
    <s>MULHER ESFAQUEA O NAMORADO E TENTA MATAR A ENTEADA</s>
    <s>AÇÃO DA OAB EXIGINDO QUE A TRANSERP SEJA IMPEDIDA DE APLICAR MULTA</s>
    <s>BASE DA POLÍCIA MILITAR FOI ALVEJADA POR CRIMINOSOS</s>
    <s>REUNIÃO ESTACIONAMENTO DA AVENIDA FRANCISCO JUNQUEIRA</s>
    <s>CAÇAMBAS APREENDIDAS</s>
    <s>RODOVIA JOSÉ FREGONESI TEM REDUÇÃO NO LIMITE DE VELOCIDADE</s>
    <s>COMERCIANTES DA FRANCISCO JUNQUEIRA CONTINUAM PRESSIONANDO A PREFEIT</s>
    <s>REPERCUSSÃO COMERCIANTES DA FRANCISCO JUNQUEIRA CONTINUAM PRESSIONA</s>
    <s>MOTORISTA DA PREFEITURA DESCARREGA LIXO EM LOCAL PROIBIDO</s>
    <s>REPERCUSSÃO MOTORISTA DA PREFEITURA DESCARREGA LIXO EM LOCAL PROIBI</s>
    <s>PESQUISA TRANSERP CONCLUÍDA</s>
    <s>BANCO GENÉTICO FLORESTAL DA USP É DESTRUÍDO EM INCÊNDIO</s>
    <s>REPERCUSSÃO BANCO GENÉTICO FLORESTAL DA USP É DESTRUÍDO EM INCÊ</s>
    <s>MINISTRO DA JUSTIÇA EM RIBEIRÃO PRETO</s>
    <s>SAÚDE PÚBLICA AINDA É ALVO DE MUITAS RECLAMAÇÕES</s>
    <s>REPERCUSSÃO SAÚDE PÚBLICA AINDA É ALVO DE MUITAS RECLAMAÇÕES</s>
    <s>MUDANÇAS NO TRANSPORTE COLETIVO</s>
    <s>ESCOLA INTERDITADA EM RIBEIRÃO PRETO</s>
    <s>PROMOTORIA APURA DENUNCIA DAERP</s>
    <s>CAMINHÃO TOMBA NA AVENIDA CELSO CHARURI</s>
    <s>FUMAÇA TOMA CONTA DA AVENIDA CELSO CHARURI</s>
    <s>FOGO EM MATO DA AVENIDA THOMAZ ALBERTO WHATELY</s>
    <s>RODOVIA JOSÉ FREGONESI TEM REDUÇÃO NO LIMITE DE VELOCIDADE</s>
    <s>OLIVEIRA JR PEDE ARQUIVAMENTO DA INVESTIGAÇÃO</s>
    <s>MUDANÇAS NO TRANSPORTE COLETIVO</s>
    <s>REPERCUSSÃO MUDANÇAS NO TRANSPORTE COLETIVO</s>
    <s>MORADORES TEM DIFICULDADES DE ADAPTAÇÃO</s>
    <s>REPECURSSÃO MORADORES TEM DIFICULDADES DE ADAPTAÇÃO</s>
    <s>PARADA GAY</s>
    <s>INSTALAÇÃO DE NOVOS RADARES</s>
    <s>REPERCUSSÃO INSTALAÇÃO DE NOVOS RADARES</s>
    <s>BASE DE APOIO COMUNITÁRIA FOI INVADIDA NO JARDIM HEITOR RIGON</s>
    <s>RELATÓRIO DO CIDADE LIMPA SERÁ ENTREGUE ESTA SEMANA</s>
    <s>REPERCUSSÃO RELATÓRIO DO CIDADE LIMPA SERÁ ENTREGUE ESTA SEMANA</s>
    <s>PEDÁGIO DE DUMONT VOLTA A FUNCIONAR</s>
    <s>ÉGUA COM SUSPEITA DE MAUS TRATOS É ENCAMINHADA A ZOONOSES</s>
    <s>REVITALIZAÇÃO DAS QUADRAS NO JARDIM ROBERTO BENEDETTI</s>
    <s>TERRENO DA ANTIGA CIANÊ PREOCUPA OS VIZINHOS</s>
    <s>REPERCUSSÃO TERRENO DA ANTIGA CIANÊ PREOCUPA OS VIZINHOS</s>
    <s>MARIEL SILVESTRE DARÁ EXPLICAÇÕES SOBRE A DECLARAÇÃO DO VEREADO</s>
    <s>REPERCUSSÃO MARIEL SILVESTRE DARÁ EXPLICAÇÕES SOBRE A DECLARAÇ</s>
    <s>RESULTADO DO ESTUDO DA CPI DO ASFALTO</s>
    <s>ANDARILHO AGREDIDO</s>
    <s>GUARDAS DA USP QUEREM MUDANÇAS</s>
    <s>MARIEL SILVESTRE SE COLOCOU À DISPOSIÇÃO DA CÂMARA PARA EXPLICA</s>
    <s>ENCONTRO DAS ACIS DA REGIÃO</s>
    <s>TRABALHO DA POLÍCIA MILITAR É DEBATIDO</s>
    <s>REPERCUSSÃO TRABALHO DA POLÍCIA MILITAR É DEBATIDO</s>
    <s>VENDA DO SÍTIO DA USINA GALO BRAVO</s>
    <s>89 REPRESENTAÇÕES CONTRA EMPRESAS DA CONSTRUÇÃO CIVIL SÃO INSTA</s>
    <s>REPERCUSSÃO 89 REPRESENTAÇÕES CONTRA EMPRESAS DA CONSTRUÇÃO CIV</s>
    <s>CÂMARA DE RIBEIRÃO PRETO ENFRENTA ESCÂNDALOS</s>
    <s>REPERCUSSÃO CÂMARA DE RIBEIRÃO PRETO ENFRENTA ESCÂNDALOS</s>
    <s>REALIZADA A QUINTA AUDIÊNCIA PÚBLICA DO ORÇAMENTO ESTADUAL</s>
    <s>OFICIALIZAÇÃO DA FILIAÇÃO DO JUIZ APOSENTADO JOÃO GANDINI</s>
    <s>UNIÃO DOS ESTUDANTES DE RIBEIRÃO PRETO</s>
    <s>VILA DIGNIDADE</s>
    <s>MANISFESTO NA PEDREIRA DA USP</s>
    <s>WORKSHOP DA ONG INTERNACIONAL BRHAMA KUMARIS</s>
    <s>REBELIÃO NA FUNDAÇÃO CASA</s>
    <s>SUPERLOTAÇÃO NO POSTO DE SAÚDE DA RUA CUIABÁ</s>
    <s>VENDA DA INDÚSTRIA DE ALIMENTOS NILZA</s>
    <s>INDÚSTRIA DA REPROVA</s>
    <s>REPERCUSSÃO INDÚSTRIA DA REPROVA</s>
    <s>DIRETORIA DO CIESP DENUNCIA QUE ESTÁ SENDO PRESSIONADA PELA CÂMAR</s>
    <s>REPERCUSSÃO DIRETORIA DO CIESP DENUNCIA QUE ESTÁ SENDO PRESSIONADA</s>
    <s>GOVERNO DÁRCY VERA PODE TER MUDANÇAS EM BREVE</s>
    <s>REPERCUSSÃO GOVERNO DÁRCY VERA PODE TER MUDANÇAS EM BREVE</s>
    <s>REALIZADA A TERCEIRA CONFERÊNCIA REGIONAL DE POLÍTICAS PARA MULHER</s>
    <s>REBELIÃO NA FUNDAÇÃO CASA</s>
    <s>REPERCUSSÃO REBELIÃO NA FUNDAÇÃO CASA</s>
    <s>COMISSÃO ENTREGA PROJETO PARA MELHORAR O VISUAL DA CIDADE</s>
    <s>REPERCUSSÃO COMISSÃO ENTREGA PROJETO PARA MELHORAR O VISUAL DA CID</s>
    <s>SINDICÂNCIA PARA APURAR FALTAS INJUSTIFICADAS DE FUNCIONÁRIO PÚBL</s>
    <s>REPERCUSSÃO SINDICÂNCIA PARA APURAR FALTAS INJUSTIFICADAS DE FUNCI</s>
    <s>MUDANÇAS NO PRIMEIRO ESCALÃO DA ADMINISTRAÇÃO DÁRCY VERA</s>
    <s>REALIZADA A TERCEIRA RODADA DE AUDIÊNCIAS DO CASO OLIVEIRA JR</s>
    <s>PRESIDENTE DA FEDERAÇÃO PAULISTA DE FUTEBOL ESTEVE EM RIBEIRÃO</s>
    <s>INCÊNDIO NA AVENIDA CELSO CHARURI</s>
    <s>CASA DE BINGO NO ALTO DA BOA VISTA</s>
    <s>PROJETO DO NOVO COMPLEXO VIÁRIO PASSA POR ANÁLISES DA ARTESP</s>
    <s>FALTA DÁGUA CANSA MORADORES</s>
    <s>REPERCUSSÃO FALTA DÁGUA CANSA MORADORES</s>
    <s>DEVE SUBIR O VALOR DA MULTA PARA TERRENOS SUJOS</s>
    <s>IMPLANTAÇÃO DA TERCEIRA ETAPA DO DISTRITO EMPRESARIAL</s>
    <s>REPERCUSSÃO IMPLANTAÇÃO DA TERCEIRA ETAPA DO DISTRITO EMPRESARIAL</s>
    <s>&quot;CEE&quot; SOBRE CONSUMO DE BEBIDAS ALCOÓLICAS NOS POSTOS DE COMBUSTÍ</s>
    <s>CRESCE O NÚMERO DE INTERNAÇÕES PELO SUS MOTIVADAS POR ACIDENTES</s>
    <s>SECRETÁRIO ESTADUAL DAS RELAÇÕES DE TRABALHO E EMPREGO ESTEVE EM</s>
    <s>CHUVA RÁPIDA SURPREENDEU OS RIBEIRÃOPRETANOS</s>
    <s>MORADORES RECLAMAM DAS CONDIÇÕES DA ESTRUTURA DAS CASAS</s>
    <s>REPERCUSSÃO MORADORES RECLAMAM DAS CONDIÇÕES DA ESTRUTURA DAS CAS</s>
    <s>POLÍCIA E POPULAÇÃO AINDA TENTA ENTENDER OS MOTIVOS DO CRIME DE L</s>
    <s>REPERCUSSÃO POLÍCIA E POPULAÇÃO AINDA TENTA ENTENDER OS MOTIVOS</s>
    <s>CARRO CAI NO CÓRREGO DA AV. FRANCISCO JUNQUEIRA</s>
    <s>LEI DAS CADEIRINHAS COMPLETA UM ANO</s>
    <s>ADIADA A PORTARIA QUE DETERMINA A INSTALAÇÃO DO PONTO ELETRÔNICO</s>
    <s>PROJETO DE LEI É RETIRADO DA PAUTA DA CÂMARA</s>
    <s>PROCESSO SELETIVO COM CARÁTER DE URGÊNCIA DA PREFEITURA</s>
    <s>INSCRIÇÕES PARA O PRIMEIRO MUTIRÃO DE CONCILIAÇÃO DA ACI</s>
    <s>CASOS DE FUNCIONÁRIAS FANTASMAS MOSTRA FRAGILIDADE NO CONTROLE</s>
    <s>REPERCUSSÃO CASOS DE FUNCIONÁRIAS FANTASMAS MOSTRA FRAGILIDADE NO</s>
    <s>POLÍCIAS CIVIL E MILITAR DIVULGARAM O BALANÇO DA OPERAÇÃO REALI</s>
    <s>ACIDENTE CONGESTIONOU A AVENIDA CELSO CHARURI</s>
    <s>FOI REALIZADA A QUARTA OITIVA DO CASO OLIVEIRA JR</s>
    <s>AÇÃO DE VÂNDALOS</s>
    <s>REPERCUSSÃO AÇÃO DE VÂNDALOS</s>
    <s>ENTREVISTA DÁRCY VERA</s>
    <s>FOI ALTERADA A VELOCIDADE NA RODOVIA QUE LIGA RIBEIRÃO A BONFIM</s>
    <s>PRORROGADO O PRAZO DE ADAPTAÇÃO AO NOVO SISTEMA DE PONTO ELETRÔNI</s>
    <s>DAERP DEVE INVESTIR MAIS DE TRÊS MILHÕES PARA CONTER O DESPERDÍCI</s>
    <s>MORADORES DE CRAVINHOS AGUARDAM LAUDO SOBRE QUALIDADE DA ÁGUA</s>
    <s>POLÍCIA FEDERAL APREENDEU CERCA DE CINCO TONELADAS DE MACONHA</s>
    <s>REPERCUSSÃO POLÍCIA FEDERAL APREENDEU CERCA DE CINCO TONELADAS DE</s>
    <s>MUDANÇAS NO PRIMEIRO ESCALÃO DA PREFEITURA DE RP</s>
    <s>DIA MAIS SECO DO ANO EM RP DEIXA A CIDADE EM ESTADO DE EMERGÊNCIA</s>
    <s>PREFEITA DÁRCY VERA PODE SE REUNIR COM O GOVERNADOR GERALDO ALCKMIN</s>
    <s>NOVO SECRETÁRIO DE GOVERNO TOMA POSSE E ANUNCIA MUDANÇAS</s>
    <s>REPERCUSSÃO NOVO SECRETÁRIO DE GOVERNO TOMA POSSE E ANUNCIA MUDAN</s>
    <s>REUNIÃO TRABALHADORES DA USINA IPIRANGA DE MOCOCA</s>
    <s>REVISÃO DA LEI ORGÂNICA</s>
    <s>QUEDAS CONSTANTES DE VEÍCULOS NO RETIRO SAUDOSO PREOCUPAM OS MOTORI</s>
    <s>PM ENCONTRA MACONHA E COCAINA ENTERRADA NUM BARRACO NA VILA ELISA</s>
    <s>DIFICULDADE PARA ATRAIR GRANDES INVESTIDORES</s>
    <s>REPERCUSSÃO DIFICULDADE PARA ATRAIR GRANDES INVESTIDORES</s>
    <s>RESPONSABILIDADE DA ILUMINAÇÃO PÚBLICA</s>
    <s>REPERCUSSÃO RESPONSABILIDADE DA ILUMINAÇÃO PÚBLICA</s>
    <s>PROIBIDA A COMERCIALIZAÇÃO DO AÇUCAR CRISTAL &quot;CAMPO DOCE&quot;</s>
    <s>FERIADO FOI DE TEMPERATURA ELEVADA E TEMPO SECO</s>
    <s>MOTO ROUBADA EM SERTÃOZINHO FOI RECUPERADA PELA PM</s>
    <s>APOSENTADO MORREU ATROPELADO POR UMA MOTO NA RUA AVANHANDAVA</s>
    <s>VICINAL OCTÁVIO VERRI INTERDITADA CAUSA PREJUÍZOS E DESCONTENTAMEN</s>
    <s>REPERCUSSÃO VICINAL OCTÁVIO VERRI INTERDITADA CAUSA PREJUÍZOS E D</s>
    <s>ÚLTIMA RODADA DE DEPOIMENTOS</s>
    <s>REPERCUSSÃO ÚLTIMA RODADA DE DEPOIMENTOS</s>
    <s>VÁRIOS FOCOS DE INCÊNDIO PREJUDICARAM AINDA MAIS A QUALIDADE DO AR</s>
    <s>INSTITUTO PITÁGORAS É INVESTIGADA</s>
    <s>DÁRCY VERA PEDE AOS MORADORES QUE DENÚNCIEM QUEIMADAS ILEGAIS</s>
    <s>EXPECTATIVA DE NEGÓCIOS DO MERCADO AUTOMOTIVO FOI SUPERADA EM RP</s>
    <s>MUDANÇAS NA CAMPANHA ELEITORAL DE 2012 EM RP</s>
    <s>REPERCUSSÃO MUDANÇAS NA CAMPANHA ELEITORAL DE 2012 EM RP</s>
    <s>FOI REALIZADA MAIS UMA ASSEMBLEIA DOS MÉDICOS ASSISTENTES DO HC</s>
    <s>REPORTAGEM DO JORNAL DA CLUBE FOI EXIBIDA NA COMISSÃO DO CASO OLIVE</s>
    <s>NENHUMA VEGETAÇÃO PARECE ESTAR A SALVO DAS QUEIMADAS EM RP</s>
    <s>MORTALIDADE INFANTIL</s>
    <s>UMA ÁREA NA CARAMURU É USADA PARA DEPÓSITO DE LIXO</s>
    <s>ACIDENTE NO CRUZAMENTO DAS AVENIDAS LUZITANIA COM ANDRADAS</s>
    <s>AÇÃO CIDADANIA NO JARDIM MARIA CASA GRANDE</s>
    <s>DÁRCY VERA VISITOU O GOVERNADOR E COBROU APOIO EM RELAÇÃO AO LEIT</s>
    <s>DESTINO DA TRANSERP</s>
    <s>GOVERNO AUTORIZA NOVA EMPRESA A OPERAR NOS PEDÁGIOS PAULISTAS</s>
    <s>REPERCUSSÃO GOVERNO AUTORIZA NOVA EMPRESA A OPERAR NOS PEDÁGIOS PA</s>
    <s>PREFEITA DÁRCY VERA RECLAMA DA LENTIDÃO DO ESTADO</s>
    <s>REPERCUSSÃO PREFEITA DÁRCY VERA RECLAMA DA LENTIDÃO DO ESTADO</s>
    <s>CPFL FOI CONDENADA A PAGAR INDENIZAÇÃO POR COBRANÇA INDEVIDA</s>
    <s>REPERCUSSÃO CPFL FOI CONDENADA A PAGAR INDENIZAÇÃO POR COBRANÇA</s>
    <s>MULHER FOI FERIDA A FACADAS NO PARQUE RIBEIRÃO</s>
    <s>DÁRCY VERA COBRA DOS GOVERNOS UMA DEFINIÇÃO PARA O LEITE LOPES</s>
    <s>NOVO CAPÍTULO DA NOVELA OLIVEIRA JUNIOR</s>
    <s>COMERCIANTES RECLAMAM DA INSEGURANÇA NOS CAMPOS ELÍSEOS</s>
    <s>MORADORES DA ANTIGA FAVELA DA FAMÍLIA COMEÇAM A LEVANTAR NOVOS BAR</s>
    <s>BOTAFOGO VENCE DE VIRADA A FRANCANA E ESTÁ NO G-4</s>
    <s>UMA BOMBA FOI ENCONTRADA EM UM SUPERMERCADO</s>
    <s>DÁRCY VERA VISITOU AS OBRAS DA AV. HENRY NESTLE</s>
    <s>BATIDA ENTRE DOIS CAMINHÕES E UM CARRO PERTO DE PONTAL</s>
    <s>CANCELADO EM RIBEIRÃO PRETO O SHOW DA CANTORA IVETE SANGALO</s>
    <s>REPERCUSSÃO BOMBA É ENCONTRADA EM UM SUPERMERCADO</s>
    <s>ESCRITÓRIO DE ADVOCACIA É SUSPEITO DE VIOLAR DADOS PESSOAIS DE CLI</s>
    <s>PROJETOS PARA REVITALIZAÇÃO DO CENTRO ESTÃO EM ANDAMENTO</s>
    <s>BULLYING E OMISSÃO DE SOCORRO A UM ALUNO PORTADOR DE NECESSIDADES E</s>
    <s>ANIMAIS SILVESTRES SÃO AS MAIORES VÍTIMAS DAS QUEIMADAS NAS MATAS</s>
    <s>REPERCUSSÃO PROJETOS PARA REVITALIZAÇÃO DO CENTRO ESTÃO EM ANDAM</s>
    <s>GREVE DOS CORREIOS COMEÇA A DAR PREJUÍZOS À POPULAÇÃO</s>
    <s>REPERCUSSÃO GREVE DOS CORREIOS COMEÇA A DAR PREJUÍZOS À POPULAÇ</s>
    <s>ÁGUA DO RIO PARDO PODERÁ SER USADA PARA O CONSUMO</s>
    <s>ACONTECEU EM RP A PRIMEIRA CONFERÊNCIA MUNICIPAL DA JUVENTUDE</s>
    <s>DOADORES CADASTRADOS NO BANCO DE MEDULA ÓSSEA AUMENTA</s>
    <s>REPERCUSSÃO DOADORES CADASTRADOS NO BANCO DE MEDULA ÓSSEA AUMENTA</s>
    <s>CAIXAS ELETRÔNICOS DA CÂMARA FORAM FURTADOS DURANTE A MADRUGADA</s>
    <s>CÂMARA DE GUARÁ CASSA O MANDATO DA VEREADORA VANETE GAMBI CHAGAS</s>
    <s>REPERCUSSÃO CÂMARA DE GUARÁ CASSA O MANDATO DA VEREADORA VANETE G</s>
    <s>IMPLANTAÇÃO DE UMA FACULDADE FEDERAL EM RIBEIRÃO PRETO</s>
    <s>REPERCUSSÃO IMPLANTAÇÃO DE UMA FACULDADE FEDERAL EM RIBEIRÃO PRE</s>
    <s>ÁGUA CONTAMINADA PELO ESGOTO IN NATURA É USADA NA IRRIGAÇÃO DE P</s>
    <s>REPERCUSSÃO ÁGUA CONTAMINADA PELO ESGOTO IN NATURA É USADA NA IRR</s>
    <s>DIG INVESTIGA UMA POSSÍVEL FRAUDE NO APARELHO DE PEDÁGIO &quot;SEM PAR</s>
    <s>EMPREGADA DOMÉSTICA É SUSPEITA DE PRATICAR TRÊS CRIMES NAS CASAS</s>
    <s>EMPURRA EMPURRA DE AUTORIDADES SOBRE IRRIGAÇÃO COM ÁGUA DE ESGOTO</s>
    <s>REPERCUSSÃO EMPURRA EMPURRA DE AUTORIDADES SOBRE IRRIGAÇÃO COM Á</s>
    <s>PERSEGUIÇÃO TERMINOU COM UM SUSPEITO BALEADO NA ESTRADA VELHA DE J</s>
    <s>INSTALAÇÃO DE DIVISÓRIAS NOS CAIXAS DAS AGÊNCIAS BANCÁRIA</s>
    <s>JUSTIÇA INOCENTOU TRÊS ESTUDANTES DE RIBEIRÃO PRETO</s>
    <s>REPERCUSSÃO JUSTIÇA INOCENTOU TRÊS ESTUDANTES DE RIBEIRÃO PRETO</s>
    <s>EMPRESAS NÃO CUMPREM LEI DA PANFLETAGEM EM RIBEIRÃO PRETO</s>
    <s>REPERCUSSÃO EMPRESAS NÃO CUMPREM LEI DA PANFLETAGEM EM RIBEIRÃO P</s>
    <s>FUNCIONÁRIOS DA LEÃO AMBIENTAL PARALISAM AS ATIVIDADES</s>
    <s>DÁRCY VERA QUER TRAZER UNIVERSIDADE FEDERAL PARA RP</s>
    <s>DÁRCY VERA DIZ QUE ASSUMIU A PREFEITURA COM NÚMEROS &quot;MAQUIADOS&quot;</s>
    <s>COMEÇOU A TEMPORADA 2011 DA INSPEÇÃO VEICULAR REALIZADA PELA TRAN</s>
    <s>INVERNO SECO SE DESPEDE COM MAIS UM DIA DE QUEIMADA</s>
    <s>CASA DE BINGO É FECHADA NOS CAMPOS ELÍSEOS</s>
    <s>VEÍCULOS DO TRANSPORTE ESCOLAR RECEBEM SELO DE QUALIDADE</s>
    <s>PROIBIDA A IMPLANTAÇÃO DE NOVOS LOTEAMENTOS EM JARDINÓPOLIS</s>
    <s>REPERCUSSÃO PROIBIDA A IMPLANTAÇÃO DE NOVOS LOTEAMENTOS EM JARDIN</s>
    <s>CONTINUA A POLÊMICA SOBRE A LOCALIZAÇÃO DA RECICLAX</s>
    <s>PRISÃO TEMPORÁRIA DE PM É NOVAMENTE DECRETADA EM SERTÃOZINHO</s>
    <s>OLIVEIRA JUNIOR TENTA BARRAR O ANDAMENTO DA COMISSÃO PROCESSANTE</s>
    <s>CARRO DESGOVERNADO CAUSOU ESTRAGOS NA AVENIDA MEIRA JUNIOR</s>
    <s>DROGAS APREENDIDAS NO JD. AEROPORTO EM RP</s>
    <s>QUEIMADAS CONTINUAM NA REGIÃO</s>
    <s>ENGAVETAMENTO NA RODOVIA ABRÃO ASSED DEIXOU CINCO PESSOAS FERIDAS</s>
    <s>COMPLICADA A SITUAÇÃO FINANCEIRA DO CARREFOUR</s>
    <s>REPERCUSSÃO CONTINUA A POLÊMICA SOBRE A LOCALIZAÇÃO DA RECICLAX</s>
    <s>RIBEIRÃO PRETO FOI TOMADA POR UMA GRANDE QUANTIDADE DE FUMAÇA</s>
    <s>REPERCUSSÃO RIBEIRÃO PRETO FOI TOMADA POR UMA GRANDE QUANTIDADE DE</s>
    <s>FORÇA TAREFA É FEITA PARA AJUDAR FAMÍLIAS DO MARIA CASAGRANDE</s>
    <s>REINAUGURADA A AGÊNCIA DO INSS EM RP</s>
    <s>PROJETO QUE ALTERA A ÁREA DE EXPANSÃO URBANA DA ZONA LESTE</s>
    <s>REPERCUSSÃO PROJETO QUE ALTERA A ÁREA DE EXPANSÃO URBANA DA ZONA</s>
    <s>DENÚNCIAS SOBRE IRREGULARIDADES DA EMPRESA LEÃO AMBIENTAL SÃO APR</s>
    <s>REPERCUSSÃO DENÚNCIAS SOBRE IRREGULARIDADES DA EMPRESA LEÃO AMBIE</s>
    <s>TENTATIVA DE FUGA É REGISTRADA NA PENITENCIÁRIA MASCULINA DE RP</s>
    <s>CAPOTAMENTO NA AVENIDA DO CAFÉ</s>
    <s>REPERCUSSÃO TENTATIVA DE FUGA É REGISTRADA NA PENITENCIÁRIA MASCU</s>
    <s>RIBEIRÃO PRETO É A SEXTA CIDADE COM MELHOR SANEAMENTO BÁSICO</s>
    <s>REPERCUSSÃO RIBEIRÃO PRETO É A SEXTA CIDADE COM MELHOR SANEAMENTO</s>
    <s>SITUAÇÃO DA ANTIGA CIDADE DA CRIANÇA NO MORRO DO CIPÓ</s>
    <s>REPERCUSSÃO SITUAÇÃO DA ANTIGA CIDADE DA CRIANÇA NO MORRO DO CIP</s>
    <s>CRIANÇA DE 4 ANOS É ATROPELADA MAS TEVE APENAS FERIMENTOS LEVES</s>
    <s>FOI DISCUTIDO OS ÚLTIMOS CAPÍTULOS DO CÓDIGO DE ÉTICA DA CÂMARA</s>
    <s>PRINCIPAIS FONTES DE ARRECADAÇÃO DA CIDADE SÃO DE ICMS E IPVA</s>
    <s>PARABÉNS AO MERCADÃO</s>
    <s>ACIDENTE EM CAJURU DEIXA TRÊS PESSOAS MORTAS E DUAS FERIDAS</s>
    <s>MORTE DE JOVEM NO TRÂNSITO ASSUSTOU MORADORES DA VILA TIBÉRIO</s>
    <s>REPERCUSSÃO MORTE DE JOVEM NO TRÂNSITO ASSUSTOU MORADORES DA VILA</s>
    <s>PREFEITURA ANUNCIOU A VENDA PARA A CAIXA FEDERAL DA FOLHA DE PAGAMEN</s>
    <s>REPERCUSSÃO PREFEITURA ANUNCIOU A VENDA PARA A CAIXA FEDERAL DA FOL</s>
    <s>PRINCIPAIS FONTES DE ARRECADAÇÃO DA CIDADE SÃO DE ICMS E IPVA</s>
    <s>REPERCUSSÃO PRINCIPAIS FONTES DE ARRECADAÇÃO DA CIDADE SÃO DE IC</s>
    <s>CRIANÇA DE 6 ANOS É FLAGRADA COM FACA EM UMA ESCOLA</s>
    <s>PM ENCONTRA MOTO ROUBADA NO JD. PROGRESSO</s>
    <s>LICITAÇÃO DAS OBRAS</s>
    <s>COMISSÃO PROCESSANTE ENTREGA O RELATÓRIO DAS INVESTIGAÇÕES</s>
    <s>REPERCUSSÃO COMISSÃO PROCESSANTE ENTREGA O RELATÓRIO DAS INVESTIG</s>
    <s>EMPRESA SEM PARAR FOI CONDENADA A PAGAR INDENIZAÇÃO POR DANOS MORA</s>
    <s>REPERCUSSÃO EMPRESA SEM PARAR FOI CONDENADA A PAGAR INDENIZAÇÃO P</s>
    <s>VÁRIAS OCORRÊNCIAS REGISTRADAS NA DISE DE RP</s>
    <s>MAIS DE 2 KG DE COCAÍNA SÃO APREENDIDAS EM RP</s>
    <s>EMPRESA RECICLAX NÃO CUMPRE PRAZO PARA ENCERRAR AS ATIVIDADES</s>
    <s>ENTREGUES AS ÚLTIMAS UNIDADES DO CONJUNTO HABITACIONAL WILSON TONI</s>
    <s>MORADORES TENTAM RECOMEÇAR A VIDA APÓS INCÊNDIO</s>
    <s>ACIDENTE NA AVENIDA ITATIAIA</s>
    <s>CONTAMINAÇÃO DAS LAGOAS DE AFLORAMENTO DO AQUÍFERO GUARANI</s>
    <s>REPERCUSSÃO CONTAMINAÇÃO DAS LAGOAS DE AFLORAMENTO DO AQUÍFERO G</s>
    <s>EMPRESA RECICLAX SUSPENDEU AS ATIVIDADES NA AVENIDA DOS ANDRADAS</s>
    <s>VEREADORES CASSAM MANDATO DE OLIVEIRA JUNIOR E ATENDEM APELO POPULAR</s>
    <s>BATE BOCA ENTRE MORADOR E SUPERVISOR DA LEÃO AMBIENTAL</s>
    <s>REPERCUSSÃO BATE BOCA ENTRE MORADOR E SUPERVISOR DA LEÃO AMBIENTAL</s>
    <s>QUEDA DE 6% NA SAFRA DA CANA</s>
    <s>RECUPERADA A ARMA ROUBADA DE UM GUARDA CIVIL NUM ASSALTO NA CÂMARA</s>
    <s>ONDA DE ASSALTO NO BOULEVARD PREOCUPA OS COMERCIANTES</s>
    <s>PREFEITURA PRETENDE DESAPROPRIAR A FAVELA DA MATA</s>
    <s>REPERCUSSÃO PREFEITURA PRETENDE DESAPROPRIAR A FAVELA DA MATA</s>
    <s>RIBEIRÃO PRETO É A SEXTA CIDADE DO PAÍS COM MELHOR SANEAMENTO BÁ</s>
    <s>REPERCUSSÃO RIBEIRÃO PRETO É A SEXTA CIDADE DO PAÍS COM MELHOR S</s>
    <s>PRÉDIO DA ASSOCIAÇÃO DOS APOSENTADOS DEVE SER ENTREGUE À PREFEIT</s>
    <s>REPERCUSSÃO PRÉDIO DA ASSOCIAÇÃO DOS APOSENTADOS DEVE SER ENTREG</s>
    <s>OPERAÇÃO DA POLÍCIA MILITAR NO TRÂNSITO</s>
    <s>MUDANÇA NO CENÁRIO POLÍTICO DE RP</s>
    <s>DAERP CONCLUIU OS SERVIÇOS NA ZONA SUL</s>
    <s>ANDARILHO É ENCONTRADO MORTO NA ZONA SUL</s>
    <s>DÁRCY VERA E QUATRO VEREADORES SAEM DO DEM E VÃO PARA O PSD</s>
    <s>REPERCUSSÃO DÁRCY VERA E QUATRO VEREADORES SAEM DO DEM E VÃO PARA</s>
    <s>JUSTIÇA NEGOU RECURSO DA PREFEITURA DE BARRINHA</s>
    <s>REPERCUSSÃO JUSTIÇA NEGOU RECURSO DA PREFEITURA DE BARRINHA</s>
    <s>IGREJA SÃO BENEDITO DE CRAVINHOS FOI REINAUGURADA</s>
    <s>ÔNIBUS DO TRANSPORTE COLETIVO SE ENVOLVEU NUMA BATIDA</s>
    <s>LANÇADA EM RIBEIRÃO PRETO A CAMPANHA &quot;ASSENTO PREFERENCIAL&quot;</s>
    <s>FUNCIONÁRIO DE UM SUPERMERCADO NA AVENIDA BRASIL FOI FEITO REFÉM</s>
    <s>QUANTIDADE DE ETANOL NA GASOLINA FOI REDUZIDA PELO GOVERNO FEDERAL</s>
    <s>O SECRETÁRIO DA SAÚDE DE RP CRITICOU O PLANO ESTADUAL DE COMBATE A</s>
    <s>REPERCUSSÃO O SECRETÁRIO DA SAÚDE DE RP CRITICOU O PLANO ESTADUAL</s>
    <s>CÓDIGO DO CONSELHO DE ÉTICA DA CÂMARA DE RP ESTÁ QUASE PRONTO</s>
    <s>REPERCUSSÃO CÓDIGO DO CONSELHO DE ÉTICA DA CÂMARA DE RP ESTÁ QU</s>
    <s>O DEMOCRATAS AINDA É ALVO DE DISPUTA EM RIBEIRÃO PRETO</s>
    <s>REPERCUSSÃO O DEMOCRATAS AINDA É ALVO DE DISPUTA EM RIBEIRÃO PRET</s>
    <s>CEE ANALISA PROIBIÇÃO DO CONSUMO DE BEBIDAS ALCOÓLICAS NOS POSTOS</s>
    <s>POLÍCIA FEDERAL DE RP PARTICIPOU DA OPERAÇÃO &quot;BLACK OPS&quot;</s>
    <s>MAUS TRATOS CONTRA ANIMAIS NO TANQUINHO MOBILIZA AUTORIDADES</s>
    <s>PELO 7º ANO MOTO CLUBE DE RP REALIZA A CAMPANHA DE ARRECADAÇÃO DE</s>
    <s>COMERCIAL INICIA A SEGUNDA FASE DA COPA PAULISTA</s>
    <s>CAIXAS DE LEITE ARRECADADAS POR UM MOTO CLUBE DE RP FORAM DOADAS</s>
    <s>POLÍCIA RODOVIARIA ESTARÁ NAS RODOVIAS DA REGIÃO PARA ORIENTAR OS</s>
    <s>O COMERCIAL FUTEBOL CLUBE COMEMORA O CENTENÁRIO DE FUNDAÇÃO</s>
    <s>MORREU AOS 97 ANOS O FUNDADOR DA UNAERP ELECTRO BONINI</s>
    <s>REPERCUSSÃO MORREU AOS 97 ANOS O FUNDADOR DA UNAERP ELECTRO BONINI</s>
    <s>POLÍCIA FEDERAL DE RP INCINEROU QUASE 4 TONELADAS DE MACONHA E COCA</s>
    <s>O CHANCELER ELECTRO BONINI REVOLUCIONOU O ENSINO NA CIDADE DE RP</s>
    <s>FORMADA A COMISSÃO QUE FARÁ A AUDITORIA DOS INVESTIMENTOS DA SOCIC</s>
    <s>AUDIÊNCIA REALIZADA ENTRE PROMOTORES DO GAEMA E ESPECIALISTAS</s>
    <s>JUSTIÇA MANTEVE TOQUE DE RECOLHER PARA MENORES DE IDADE EM CAJURU</s>
    <s>UM CADÁVER FOI ENCONTRADO NO MORRO DO SÃO BENTO EM RP</s>
    <s>GRANDE QUANTIDADE DE DROGAS FORAM APREENDIDAS EM RP</s>
    <s>FALTA D'ÁGUA CONTINUA EM VÁRIOS CONDOMÍNIOS DA ZONA SUL DE RP</s>
    <s>NA LAGOINHA UMA ESTETICISTA FOI BALEADA ONTEM A NOITE EM UM ROUBO NU</s>
    <s>VEREADORES DE RIBEIRÃO PRETO REJEITARAM O PROJETO DA PREFEITA DÁRC</s>
    <s>REPERCUSSÃO VEREADORES DE RIBEIRÃO PRETO REJEITARAM O PROJETO DA P</s>
    <s>EM SERRANA VÁRIAS HOMENAGENS SÃO PRESTADAS À NOSSA SENHORA APAREC</s>
    <s>REPERCUSSÃO DIA DE NOSSA SENHORA APARECIDA</s>
    <s>CRIANÇAS DO JD. IARA FORAM PRESENTEADAS COM UMA FESTA MUITO ANIMADA</s>
    <s>BATIDA ENTRE DOIS CARROS DEIXOU UMA MULHER FERIDA EM RIBEIRÃO PRETO</s>
    <s>POLÍCIA MILITAR RECUPERA MOTO ROUBADA ADELINO SIMIONI</s>
    <s>COMERCIAL FICOU NO EMPATE CONTRA O AUDAX NO ESTÁDIO SANTA CRUZ</s>
    <s>SUBSTITUIDA COMISSÃO ESPECIAL DE ESTUDOS QUE INVESTIGA SOCICAM</s>
    <s>REPERCUSSÃO SUBSTITUIDA COMISSÃO ESPECIAL DE ESTUDOS QUE INVESTIGA</s>
    <s>VEREADORES REJEITARAM O PROJETO DA PREFEITA DÁRCY VERA</s>
    <s>PM PRENDEU UMA DUPLA ESPECIALIZADA EM FURTAR VEÍCULOS NO HC</s>
    <s>JOVEM FICOU FERIDO NUMA BATIDA ENTRE CARRO E ÔNIBUS EM RIBEIRÃO PR</s>
    <s>JUSTIÇA DÁ NOVO PRAZO PARA FAMÍLIAS DESOCUPAREM ÁREA PÚBLICA IN</s>
    <s>COHAB COMEÇOU A RECEBER A DOCUMENTAÇÃO DAS FAMÍLIAS DA FAVELA DA</s>
    <s>JUSTIÇA NEGOU O PEDIDO DA OAB PARA A TRANSERP DEIXAR DE APLICAR MUL</s>
    <s>PROIBIÇÃO DO CONSUMO DE BEBIDAS ALCOÓLICAS NOS POSTOS DE COMBUST</s>
    <s>NOVIDADE NO JARDIM JULIANA EM RIBEIRÃO PRETO</s>
    <s>VACINAÇÃO CONTRA A NOVA GRIPE É DESCARTADA EM RP</s>
    <s>UM DOS ACESSOS À ZONA LESTE INCOMODA MORADORES</s>
    <s>ACIDENTE NA ROD. ABRÃO ASSED DEIXA TRÊS PESSOAS FERIDAS</s>
    <s>EM SÃO CARLOS FOI DESENVOLVIDA UMA ARMA DE FOGO &quot;INTELIGENTE&quot;</s>
    <s>FISCALIZAÇÃO GERAL DENUNCIOU QUE ÁREAS DA PREFEITURA SÃO USADAS</s>
    <s>OBRA DE UM HOSPITAL FOI EMBARGADA PELA PREFEITURA DE RP</s>
    <s>A CHUVA TROUXE AINDA MAIS PREOCUPAÇÃO PARA A ZONA LESTE DE RIBEIR</s>
    <s>PROBLEMAS NA DUPLICAÇÃO DA AVENIDA HENRI NESTLÉ EM RIBEIRÃO PRET</s>
    <s>DIMINUIU O NÚMERO DE QUEIMADA DA PALHA DA CANA NA REGIÃO</s>
    <s>PREFEITA DÁRCY VERA COMPAROU O DEM A UMA MULHER VÍTIMA DE VIOLÊNC</s>
    <s>REPERCUSSÃO PREFEITA DÁRCY VERA COMPAROU O DEM A UMA MULHER VÍTIM</s>
    <s>PROCURADORIA DO ESTADO DE RP FOI OCUPADA POR INTEGRANTES DO &quot;MST&quot;</s>
    <s>&quot;FARMÁCIA DA GENTE&quot; JÁ ENTREGOU R$ 2 MILHÕES E MEIO EM MEDICAME</s>
    <s>MOTOCICLISTA TROPELADO POR UMA PERUA DA PREFEITURA ESPERA AJUDA DO M</s>
    <s>CETESB ESTIMA QUE A COLHEITA DA CANA DESTE ANO SEJA 65 PORCENTO MECA</s>
    <s>REPERCUSSÃO CETESB ESTIMA QUE A COLHEITA DA CANA DESTE ANO SEJA 65</s>
    <s>APARTAMENTOS QUE SERIAM ENTREGUES EM NOVEMBRO AINDA NÃO SAIRAM DO P</s>
    <s>REPERCUSSÃO APARTAMENTOS QUE SERIAM ENTREGUES EM NOVEMBRO AINDA NÃ</s>
    <s>FÓRUM &quot;2021&quot; PARA MELHOR PLANEJAR A CIDADE</s>
    <s>REPERCUSSÃO FÓRUM &quot;2021&quot; PARA MELHOR PLANEJAR A CIDADE</s>
    <s>LOTÉRICA É ASSALTADA POR BANDIDOS ARMADOS NA AV. SAUDADE</s>
    <s>ÍNDICE DE EXPECTATIVA DOS EMPRESÁRIOS DE RP REGISTROU QUEDA</s>
    <s>LEÃO ENGENHARIA ENVOLVIDA EM MAIS UMA POLÊMICA</s>
    <s>BOTAFOGO VENCE VELO CLUBE E SALTA NA TABELA</s>
    <s>COMERCIAL PERDEU PARA O VELO CLUBE ESTÁDIO SANTA CRUZ NÃO DEU SOR</s>
    <s>Add Video to Your Blog</s>
    <s>Links directas:</s>
    <s>Embuta código:</s>
    <s>: Adquira Costume Embuta Código</s>
    <s>Sistema Clube de Comunicação Ltda. © 2011, Todos direitos reservados.</s>
    <s>PHPmotion - Video Script</s>
  </text>
</page>
