<?xml version="1.0" encoding="UTF-8"?>
<!DOCTYPE page SYSTEM "page.dtd">
<page>
  <lang>pt</lang>
  <url>http://namitec.cti.gov.br/index.php%3Foption%3Dcom_page%26Itemid%3D26</url>
  <title>INCT NAMITEC - Colóquios Namitec</title>
  <snippet>
    <s>Colóquios programados; Colóquios realizados; Conferência via Web. Os Colóquios Resumo - Apresentação de slides - Parte 1 - Parte 2 - Parte 3. 29/10 /2010 </s>
  </snippet>
  <text>
    <s>!INCT NAMITEC</s>
    <s>CNPq processo no.573738/2008-4 - Período: 2009 a 2014</s>
    <s>FAPESP processo no.2008/57862-6 - Período: 2009 a 2014</s>
    <s>Campinas, 18 de Outubro de 2011</s>
    <s>Quem somos</s>
    <s>Eventos Namitec</s>
    <s>Colóquios Namitec</s>
    <s>Serviços e Produtos</s>
    <s>Galeria de fotos</s>
    <s>Instruções e Forms.</s>
    <s>Efetuar login</s>
    <s>Colóquios de Micro e Nanoeletrônica</s>
    <s>Colóquios programados</s>
    <s>Colóquios realizados</s>
    <s>Conferência via Web</s>
    <s>Os Coloquios de Micro e Nanoeletronica objetivam promover a interaçao entre grupos participantes do INCT NAMITEC, criar uma rede ampliada que inclua alunos e disseminar conhecimento dos maiores especialistas da area. Sao abordados temas de interesse comum dentro da rede e visando a divulgaçao para a sociedade.</s>
    <s>Coloquios programados</s>
    <s>Coloquios realizados</s>
    <s>13/05/2011 - 8º Coloquio</s>
    <s>ESD+RFIC Co-Design</s>
    <s>An IEEE EDS Distinguished Lecture</s>
    <s>Albert Wang, PhD, Fellow-IEEE</s>
    <s>Professor of Electrical and Computer Engineering, U California-Riverside (USA)</s>
    <s>20/04/2011 - 7º Coloquio</s>
    <s>Grafeno : Premio Nobel em Fisica de 2010 e Perspectivas Tecnologicas</s>
    <s>Prof. Yakov Kopelevich (UNICAMP)</s>
    <s>Resumo - Apresentaçao de slides</s>
    <s>13/12/2010 - 6º Coloquio</s>
    <s>SOI MOSFET: do Planar ao FinFET</s>
    <s>Prof. Dr. Joao Antonio Martino - PSI/EPUSP</s>
    <s>Resumo - Apresentaçao de slides - Parte 1 - Parte 2 - Parte 3</s>
    <s>29/10/2010 - 5º Coloquio</s>
    <s>More Moore and More Than Moore</s>
    <s>Antonio Luis Pacheco Rotondaro, PhD - CTI Renato Archer</s>
    <s>Resumo - Apresentaçao de slides</s>
    <s>&quot;Streamming&quot; gravada - Parte1 - Parte2 - Parte3</s>
    <s>30/04/2010 - 4º Coloquio</s>
    <s>Analysis and design of CMOS analog building blocks</s>
    <s>Prof. Dr. Marcio Cherem Schneider - UFSC</s>
    <s>Resumo - Apresentaçao de slides</s>
    <s>&quot;Streamming&quot; gravada - Parte 1 - Parte 2 - Parte 3 - Parte 4</s>
    <s>26/03/2010 - 3º Coloquio</s>
    <s>Compact models of DC, AC, noise and mismatch for the MOSFET</s>
    <s>Prof. Dr. Carlos Galup Montoro - UFSC</s>
    <s>Resumo - Apresentaçao de slides</s>
    <s>13/11/2009 - 2º Coloquio</s>
    <s>Redes de Sensores sem Fio</s>
    <s>Profa. Dra. Linnyer Beatrys Ruiz (UEM)</s>
    <s>Resumo - WebConf gravada - Apresentaçao de slides</s>
    <s>16/10/2009 - 1º Coloquio</s>
    <s>Nanotubos de carbono: sintese, caracterizaçao e aplicaçoes</s>
    <s>Prof. Dr. Stanislav Moshkalev (Centro de Componentes Semicondutores da Unicamp)</s>
    <s>Resumo - Apresentaçao de slides</s>
    <s>Conferencia via Web</s>
    <s>1) Streamming transmitido pelo CTI Renato Archer</s>
    <s>(acesso disponivel na hora do evento, entre no Windows Media Player, clique em &quot;Arquivo&quot; -&gt; &quot;Abrir URL&quot; e digite o endereço acima).</s>
    <s>2) Guia de utilizaçao da WizIQ</s>
    <s>Elaborado por Protasio (UFPB): download</s>
    <s>3) Guia do usuario de WebConf (RNP):</s>
    <s>http://www.rnp.br/conferenciaweb/guia usuario.html</s>
  </text>
</page>
