<?xml version="1.0" encoding="UTF-8"?>
<!DOCTYPE page SYSTEM "page.dtd">
<page>
  <lang>pt</lang>
  <url>http://www.conferenciamobilidade.imtt.pt/media.php</url>
  <title>Conferência Mobilidade › Media</title>
  <snippet>
    <s>14 abr. 2010 Comissário da Conferência: Robert Stüssi. Programa Topicos:Cidades com propostas para transportes mais limpos e melhores. documento </s>
  </snippet>
  <text>
    <s>Conferência Mobilidade</s>
    <s>12-14 Abril 2010 -- Museu do Oriente Lisboa</s>
    <s>Comissário da Conferência: Robert Stüssi</s>
    <s>Dia 1</s>
    <s>Dia 2</s>
    <s>Dia 3</s>
    <s>Aviso do concurso</s>
    <s>Cidades Móveis</s>
    <s>Pacote Mobilidade</s>
    <s>Gestão Mobilidade</s>
    <s>Civitas em Portugal</s>
    <s>Feira de Projectos</s>
    <s>Açoriano Oriental</s>
    <s>Topicos:Cidades com propostas para transportes mais limpos e melhores.</s>
    <s>!documento Descarregar PDF</s>
    <s>Topicos:IMTT, Conferência da Mobilidade</s>
    <s>!documento Descarregar PDF</s>
    <s>Diário dos Açores</s>
    <s>Topics: Transportes: Só com aposta forte nas redes pedonais se vence a batalha.</s>
    <s>!documento Descarregar PDF</s>
    <s>Diário de Aveiro</s>
    <s>Topicos: Concelho adere à rede &quot;Cidades Móveis&quot;</s>
    <s>!documento Descarregar PDF</s>
    <s>Diário de Notícias</s>
    <s>Topicos: Conferência da Mobilidade no Museu do Oriente.</s>
    <s>!documento Descarregar PDF</s>
    <s>DN da Madeira</s>
    <s>Topicos: Estacionamento grátis acaba em todo o Funchal.</s>
    <s>!documento Descarregar PDF</s>
    <s>Jornal de Negócios</s>
    <s>Topicos: Plano Estratégico dos Transportes será debatido ainda este mês.</s>
    <s>!documento Descarregar PDF</s>
    <s>Notícias Online</s>
    <s>Topicos: Notícias Online</s>
    <s>!documento Descarregar PDF</s>
    <s>Notícias Prémio de Acessibilidade</s>
    <s>Topicos: Notícias Prémio Acessibilidade.</s>
    <s>!documento Descarregar PDF</s>
    <s>Primeiro de Janeiro</s>
    <s>Topicos:Mobilidade Sustentável discutida em Lisboa.</s>
    <s>!documento Descarregar PDF</s>
    <s>Transportes em Revista</s>
    <s>Topicos:Planos de Mobilidade deveriam ser obrigatórios para cidades de 100 mil habitantes.</s>
    <s>!documento Descarregar PDF</s>
    <s>Ligações Úteis</s>
    <s>Press Releases</s>
    <s>Açoriano Oriental</s>
    <s>Auto Foco</s>
    <s>Diário dos Açores</s>
    <s>Diário de Aveiro</s>
    <s>Diário de Notícias</s>
    <s>DN da Madeira</s>
    <s>Jornal de Negócios</s>
    <s>Notícias On-Line</s>
    <s>Notícias Prémio de Acessibilidade</s>
    <s>Transportes em Revista</s>
    <s>Web Design Dicas&amp;Pistas | Criado para IMTT</s>
  </text>
</page>
