<?xml version="1.0" encoding="UTF-8"?>
<!DOCTYPE page SYSTEM "page.dtd">
<page>
  <lang>pt</lang>
  <url>http://www.europarl.europa.eu/parliament/expert/staticDisplay.do%3Fid%3D53%26pageRank%3D2%26language%3DPT</url>
  <title>A Conferência dos Presidentes</title>
  <snippet>
    <s>Apresentação &middot; Em detalhe &middot; Arquivos. Organização e Procedimentos A Conferência dos Presidentes é o órgão político do Parlamento Europeu com </s>
  </snippet>
  <text>
    <s>!Parlamento Europeu</s>
    <s>EP Live</s>
    <s>bg - български es - español cs - čeština da - dansk de - Deutsch et - eesti keel el - ελληνικά en - English fr - français it - italiano lv - latviešu valoda lt - lietuvių kalba hu - magyar mt - Malti nl - Nederlands pl - polski pt - português ro - română sk - slovenčina sl - slovenščina fi - suomi sv - svenska</s>
    <s>Em detalhe</s>
    <s>Organização e Procedimentos</s>
    <s>O Presidente do Parlamento</s>
    <s>Órgãos políticos</s>
    <s>Protecção de dados</s>
    <s>Documentos de referência</s>
    <s>Subsídios e abonos</s>
    <s>Fichas técnicas sobre a União Europeia</s>
    <s>Parlamentos nacionais</s>
    <s>Observação eleitoral</s>
    <s>Contratos e subvenções</s>
    <s>Convites à manifestação de interesse</s>
    <s>Contratos adjudicados</s>
    <s>Subvenções a fundações e partidos políticos</s>
    <s>Grupos de interesses acreditados</s>
    <s>por organização</s>
    <s>por nome</s>
    <s>Órgãos políticos</s>
    <s>A Conferência dos Presidentes</s>
    <s>A Conferência dos Presidentes é o órgão político do Parlamento Europeu com competência para decidir sobre</s>
    <s>a organização dos trabalhos do PE e a programação legislativa,</s>
    <s>a atribuição das competências das comissões e das delegações e respectivas composições,</s>
    <s>as relações com as restantes instituições da União Europeia, os parlamentos nacionais e os países terceiros.</s>
    <s>A Conferência dos Presidentes elabora o calendário da Instituição e a ordem do dia dos períodos de sessões e procede à distribuição dos lugares dos deputados no hemiciclo.</s>
    <s>A Conferência dos Presidentes, sua composição</s>
    <s>A Conferência dos Presidentes é composta pelo Presidente do Parlamento e pelos presidentes dos grupos políticos.</s>
    <s>Um representante dos deputados não-inscritos também participa nas suas reuniões mas não tem direito de voto.</s>
    <s>As decisões da Conferência dos Presidentes são tomadas por consenso ou por votação ponderada em função dos efectivos de cada grupo político.</s>
    <s>!Artigo 24º do Regimento</s>
    <s>!A lista dos deputados</s>
    <s>Introdução Anterior</s>
    <s>Seguinte Fim</s>
  </text>
</page>
