<?xml version="1.0" encoding="UTF-8"?>
<!DOCTYPE page SYSTEM "page.dtd">
<page>
  <lang>pt</lang>
  <url>http://www.blogdopaulonunes.com/v3/2011/02/27/copa-2014-empresarios-reconhecem-compromisso-do-governo-municipal/</url>
  <title>Copa 2014: empresários reconhecem compromisso do governo ...</title>
  <snippet>
    <s>27 fev. 2011 encaminhada pelo Comitê Organizador da Copa do Mundo da FIFA Serviços de banquete/restaurante (capacidade mínima de 50 pessoas, estilo Buffet);. • Sala para Conferência de Imprensa (capacidade mínima de 100 </s>
  </snippet>
  <text>
    <s>Paulo Nunes</s>
    <s>Vitória da Conquista</s>
    <s>Fale Conosco</s>
    <s>Copa 2014: empresários reconhecem compromisso do governo municipal</s>
    <s>27/fev/2011 . 12:50 Economia, Esporte, Vitória da Conquista Autor: Paulo Nunes Comente</s>
    <s>!O Governo Municipal e os diversos setores da sociedade civil organizada - empresários, sindicalistas, dirigentes esportivos, comerciantes, ente outros - reafirmaram na manhã da última sexta-feira, 25, a parceria para tornar Vitória da Conquista Campo de Treinamento ou aclimatação para as seleções de futebol que estarão no Brasil em 2014.</s>
    <s>“A iniciativa privada está apoiando essa idéia da Prefeitura de tornar Vitória da Conquista sub-sede da Copa de 2014, pois entende que essa ação vai gerar oportunidade de investimentos, gerar mais empregos, trazer mais benefícios para toda a cidade e toda região sudoeste”, afirmou o empresário José Maria Caires.</s>
    <s>O empresário aproveitou para destacar o empenho do Governo Municipal para que essa expectativa se concretize: “Conversei com o prefeito e percebi nos olhos dele a vontade, o interesse de entrar nessa luta. Sabemos das adversidades que vamos encontrar e verificamos que todas são passíveis de vencer e saímos convictos de que podemos, somos capazes e Conquista será sub-sede da Copa de 2014”, concluiu José Maria.</s>
    <s>Uma comissão com representantes da Prefeitura, do legislativo municipal e da sociedade civil será criada para encaminhar os assuntos relacionados à candidatura Vitória da Conquista à sub-sede da Copa. O presiden!te da Câmara Municipal de Vereadores, Fernando Vasconcelos, destacou que o legislativo está unido em torno desse projeto que vai fortalecer a cidade. &quot;Pela capacidade, clima e estrutura de Vitória da Conquista não tenho dúvidas que vamos conseguir atingir esse objetivo”.</s>
    <s>Pré-requisitos- De acordo com a correspondência encaminhada pelo Comitê Organizador da Copa do Mundo da FIFA Brasil 2014, os pré-requisitos mínimos para uma cidade ser Campo de Treinamento ou aclimatação para as seleções de futebol são:</s>
    <s>•    Alojamento com 50 quartos com ar condicionado ou aquecedor (considerando o clima na região em junho/julho);</s>
    <s>•    Serviços de banquete/restaurante (capacidade mínima de 50 pessoas, estilo Buffet);</s>
    <s>•    Sala para Conferência de Imprensa (capacidade mínima de 100 pessoas, estilo de cinema);</s>
    <s>•    Centro Esportivo / SPA / piscina / Área de fitness;</s>
    <s>•    Um campo de Treinamento. Preferência no local. Para algumas equipes a distância máxima aceitável é de 15 a 20 minutos de ônibus;</s>
    <s>•    Proximidade a um aeroporto</s>
    <s>Fotos: Emanuel Nem Moraes</s>
    <s>Tags: aeroporto, Copa 2014, FIFA, prefeitura</s>
    <s>Imprimir | Envie | 264 visualizações</s>
    <s>Deixe seu comentário</s>
    <s>Nome (requerido)</s>
    <s>E mail (ficará oculto) (requerido)</s>
    <s>Spam Protection by WP-SpamFree</s>
    <s>TV BLOG DO PAULO NUNES</s>
    <s>Em quem você votaria para prefeito de Vitória da Conquista em 2012? (Início da Enquete: 27/08/2011)</s>
    <s>NÃO É PESQUISA</s>
    <s>Selecionar o mês outubro 2011 (122) setembro 2011 (148) agosto 2011 (124) julho 2011 (190) junho 2011 (252) maio 2011 (227) abril 2011 (230) março 2011 (196) fevereiro 2011 (293) janeiro 2011 (208) dezembro 2010 (299) novembro 2010 (192) outubro 2010 (245) setembro 2010 (203) agosto 2010 (238) julho 2010 (205) junho 2010 (196) maio 2010 (228) abril 2010 (101) fevereiro 2010 (1) janeiro 2010 (3) dezembro 2009 (14)</s>
    <s>Seu recado!</s>
    <s>Colunistas (481)</s>
    <s>Edmilson S. Silva (64)</s>
    <s>Erner Machado (9)</s>
    <s>Fábio Sena (9)</s>
    <s>Sérgio Fonsêca (22)</s>
    <s>Ubaldino Figueiredo (123)</s>
    <s>Ezequiel Sena (11)</s>
    <s>Francisco Silva (11)</s>
    <s>Jeremias Macário (58)</s>
    <s>Paulo Nunes (31)</s>
    <s>Paulo Pires (95)</s>
    <s>Ruy Medeiros (9)</s>
    <s>Esportes (105)</s>
    <s>Fotografia é História (6)</s>
    <s>Geral (704)</s>
    <s>Imagens (1)</s>
    <s>Participação do leitor (18)</s>
    <s>PMVC (38)</s>
    <s>Artigos diversos (411)</s>
    <s>Câmara VC (72)</s>
    <s>Documentos (1)</s>
    <s>Governo da Bahia (32)</s>
    <s>História (59)</s>
    <s>direito (107)</s>
    <s>DEBATE (2)</s>
    <s>Benjamin Nunes (3)</s>
    <s>Entrevistas (14)</s>
    <s>Notícias (2891)</s>
    <s>Bahia (461)</s>
    <s>Brasil (333)</s>
    <s>Cultura (224)</s>
    <s>Economia (233)</s>
    <s>Educação (226)</s>
    <s>Eleições 2010 (470)</s>
    <s>Esporte (63)</s>
    <s>Polícia (267)</s>
    <s>Política (1021)</s>
    <s>Saúde (120)</s>
    <s>Vitória da Conquista (1032)</s>
    <s>Especiais (59)</s>
    <s>Fotos de Vitória da Conquista (7)</s>
    <s>Áudios (87)</s>
    <s>Humor (5)</s>
    <s>Vídeos (141)</s>
    <s>Imagens e Fotos (15)</s>
    <s>Revistas (58)</s>
    <s>Cartas (4)</s>
    <s>Recomende o Blog</s>
    <s>!Hoje Pesquisas</s>
    <s>TRE Bahia</s>
    <s>Sam em Educação de Licínio de Almeida é destaque em revista nacional</s>
    <s>Luiza em POLICIAIS RODOVIÁRIOS FEDERAIAS APREENDEM COCAÍNA E CRACK NA BR116</s>
    <s>Lúcia em POLICIAIS RODOVIÁRIOS FEDERAIAS APREENDEM COCAÍNA E CRACK NA BR116</s>
    <s>JOSE CARLOS em PEQUENAS NOTAS : Ser ou não ser, eis a questão</s>
    <s>Joselito em Nota Pública: Movimentos sociais contestam os números da revitalização do rio São Francisco</s>
    <s>Arquivo BPN</s>
    <s>usuários online</s>
    <s>Blog do Paulo Nunes</s>
    <s>Posts RSS</s>
    <s>RSS dos comentários</s>
    <s>*RSS: em inglês: Really Simple Syndication</s>
  </text>
</page>
