<?xml version="1.0" encoding="UTF-8"?>
<!DOCTYPE page SYSTEM "page.dtd">
<page>
  <lang>pt</lang>
  <url>http://www.datavenia.net/opiniao/motivosparacriacaonovaordemeconomicaposguerra.html</url>
  <title>artigos - Datavenia</title>
  <snippet>
    <s>A conferência de Bretton Woods foi convocada para construir uma nova dólar- ouro, que passaria a ser a principal moeda de reserva mundial, sendo que os com a bipolaridade EUA-URSS, chamada Guerra-Fria, os norte-americanos, </s>
  </snippet>
  <text>
    <s>- Ano X - novembro - 2006 - Nº 94</s>
    <s>MOTIVOS PARA A CRIAÇÃO DE UMA NOVA ORDEM ECONÔMICA NO PERÍODO DO PÓS-GUERRA E OS PILARES JURÍDICOS DESSA NOVA ORDEM</s>
    <s>RENATO RIBEIRO VELLOSO(*)</s>
    <s>A Segunda Guerra Mundial nao foi mais do que a Primeira, uma luta de credos rivais pela</s>
    <s>supremacia. A partir de 1945, houve prolongada inimizade entre a America e a URSS; a Ásia e partes da África foram libertadas do dominio europeu.</s>
    <s>Como no final da Primeira Guerra Mundial, houve muita discussao sobre democracia e sobre a necessidade de organizar a paz. A Organizaçao das Naçoes Unidas foi criada para substituir a velha Liga, e todas as potencias, exceto as vencidas, nela ingressaram. Mas a URSS, embora dissessem falar tambem em nome da democracia, do direito de cada povo governar-se a si proprio, e da cooperaçao internacional, nao queriam que o Ocidente usasse tais principios contra eles. Assim o mundo passou a ser dividido em dois blocos: o Ocidental (capitalista) e o Oriental (socialista/comunista). O Ocidental ficou sendo liderado pelos Estados Unidos e o bloco Oriental liderado pela Uniao das Republicas Socialistas Sovieticas (URSS).</s>
    <s>A URSS desejava estender suas fronteiras para oeste, estabelecer Estados satelites ao longo delas, e manter a Alemanha dividida, visto que, unida, iria ela juntar-se as potencias capitalistas. Para alcançar tais objetivos, usaram força onde foi necessario. O que fez crescer um clamor contra o imperialismo sovietico e contra a conspiraçao para tornar o mundo comunista.</s>
    <s>Um ano antes do termino da guerra, em 1944, foi realizada nos Estados Unidos a conferencia monetaria de Bretton Woods, visando assegurar a estabilidade monetaria internacional, impedindo que o dinheiro escapasse dos paises e restringindo a especulaçao com as moedas mundiais.</s>
    <s>A conferencia de Bretton Woods foi convocada para construir uma nova ordem economica mundial que impedisse novos cataclismos como os que ocorreram durante a Grande Depressao dos anos 30, abrangeram um conjunto de reunioes, nas quais os lideres das principais naçoes capitalistas acordaram uma serie de protocolos nas areas comercial, cambial e financeira, com o intuito de conferir maior estabilidade as relaçoes economicas entre os paises. A America que acumulou grande parte da riqueza da epoca impos algumas medidas como, a criaçao do padrao monetario dolar-ouro, que passaria a ser a principal moeda de reserva mundial, sendo que os paises participantes fixaram o valor de sua moeda em relaçao ao novo padrao, criando uma paridade internacional fixa; e a criaçao do Banco Mundial (Bird), e do Fundo Monetario Internacional (FMI), com sede em Washington, o que demonstrava o poder norte-americano nesses organismos. Essas medidas foram criadas para a reconstruçao da economia mundial capitalista, dos paises devastados pela Guerra.</s>
    <s>Com o fito de fortalecer o mundo nao comunista, os Americanos lançaram em 1947 o plano Marshall, que visava a reconstruçao dos paises europeus destruidos pela guerra, e restaurar as economias dos Estados amigos, com esse plano os paises que aceitaram a ajuda norte-americana, poderiam comprar produtos a preços baixos, importariam tecnologia, materias-primas e equipamentos pesados, em 1949 fundaram a Organizaçao do Tratado do Atlantico Norte (OTAN), para a defesa comum contra a agressao comunista, e na decada de 50, lançou tambem o plano Colombo, que tinha como objetivo, o desenvolvimento dos paises do sul e sudeste asiatico.</s>
    <s>Os metodos usados pelos norte-americanos, chamados de defensivos, foram considerados ofensivos pela URSS, que tentaram, mediante ameaças veladas e promessas equivocas, torna-los ineficazes. Entao, em 1949, a URSS criou o Conselho de Assistencia Economica Mutua (COMECON), que tinha por objetivo estimular o desenvolvimento dos paises aliados a ela.</s>
    <s>Nos primeiros vinte anos do pos-guerra, com a bipolaridade EUA-URSS, chamada Guerra-Fria, os norte-americanos, com sua politica de investir recursos nao apenas na reconstruçao europeia, mas na montagem de um sistema multilaterais nos planos politico e economico, fez com que o PIB americano, ficasse tres vezes maior que o da URSS.</s>
    <s>O pos-guerra tem uma caracteristica importante da ordem mundial, o compromisso liberal, com a economia internacional permitindo a liberalizaçao economica multilateral, regulado pelo GATT, que foi se aperfeiçoando com sucessivas rodadas, eliminando barreiras tarifarias, abrindo a economia dos paises, mas garantindo a estabilidade domestica.</s>
    <s>O GATT surgiu, estabelecendo um conjunto de normas e concessoes tarifarias, e tinha o objetivo de impulsionar a liberalizaçao multilateral do comercio, que consiste na negociaçao dos mais diversos temas, que variam desde comercio internacional ate segurança coletiva, com a participaçao efetiva de tres ou mais paises e combater as praticas protecionistas, que vinham sendo adotadas pelos paises desde a decada de 20. As negociaçoes a cerca de normas para o comercio internacional tem inicio, formalmente, com o GATT, que devia ter um carater provisorio e vigir apenas ate a criaçao da Organizaçao Internacional do Comercio, que acabou nao sendo criada, pois o Congresso dos Estados Unidos se recusou a ratificar o acordo, por problemas politicos internos, e por receio de que a ratificaçao do acordo pudesse afetar a soberania e autonomia comercial.</s>
    <s>O comercio internacional se desenvolveu atraves de regras estabelecidas pelo GATT, onde se aprofundou as negociaçoes multilaterais, ja que inicialmente eram feitas entre dois paises, ou seja, bilateralmente.</s>
    <s>A liberalizaçao economica se fixou no rebaixamento de barreiras alfandegarias, por meio de concessao tarifarias entre os paises membros do GATT, regulados pelo principio multilateral da nao-discriminaçao, representado na pela clausula da naçao mais favorecida, permitindo aos paises subdesenvolvidos participar e auferir os beneficios da liberalizaçao economica sem concessoes equivalentes.</s>
    <s>As premissas economicas do GATT, a primeira vista, possuem teor mercantilista, entretanto, grupos domesticos, legitimam a troca de favores no GATT, alem da vantagem de poder acomodar negociaçoes de mais de dois parceiros, exigidas pelo criterio de equivalencia de concessoes.</s>
    <s>As concessoes tarifarias foram concentradas entre os paises desenvolvidos atraves de listas de ofertas, sendo, os paises em desenvolvimento, marginalizados nas negociaçoes, participando, apenas em decorrencias da clausula de naçao mais favorecida, ja que as concessoes trocadas entre os paises desenvolvidos eram universalmente aplicaveis.</s>
    <s>No inicio da decada de 60, foi criado a UNCTAD (Conferencia das Naçoes Unidas para o Comercio e Desenvolvimento), um organismo intergovernamental da ONU para o tratamento integrado do comercio e desenvolvimento, serve como um forum multilateral para apoiar os paises em desenvolvimento na formulaçao de politicas nos ambitos nacionais e internacionais que levam ao desenvolvimento. O trabalho da UNCTAD tem se concentrado no comercio internacional, commodities, questoes monetarias e financeiras, auxilio ao desenvolvimento, endividamento externo, entre outras questoes de politicas de desenvolvimento. Tambem serviu de forum para negociaçoes, criaçao de regras e estabelecimento de normas nas areas de comercio e commodities, cooperaçao sul-sul e reforma dos sistemas financeiros e monetarios.</s>
    <s>Com as negociaçoes relativas a UNCTAD, começou a criar-se um panorama mais favoravel a obtençao de vantagens por parte dos paises em desenvolvimento, sem a necessidade de concessoes reciprocas aos paises desenvolvidos, foi criado entao, o Sistema Geral de Preferencias (SGP), no qual foram estabelecidos regimes tarifarios preferenciais, com base na discriminaçao em beneficio dos paises em desenvolvimento.</s>
    <s>O GATT, em resposta as gestoes na UNCTAD limitava-se a sublinhar a ausencia de efetivas obrigaçoes legais por parte dos paises em desenvolvimento, evitando qualquer compromisso quanto a concessoes, por parte dos paises desenvolvidos.</s>
    <s>Como a principal preocupaçao dos paises em desenvolvimento era a falta de um orgao responsavel pela soluçao de controversias e limitaçoes ao seu controle de exportaçoes, e a inclusao de novos temas mais complexos, a Rodada Uruguai verificou que o GATT, estava defasado. Os paises em desenvolvimento pouca voz tiveram em sua criaçao e poucos beneficios tambem. A operaçao dos mecanismos criados provocou o descompasso do crescimento economico, criando insatisfaçoes, fato de esses temas possuirem alto grau de complexidade, sua regulamentaçao, so poderia se dar no ambito de uma Organizaçao Internacional, prevista na Declaraçao de Marrakesh, foi criada assim a Organizaçao Mundial do Comercio (OMC), que entrou em vigor em 1º de janeiro de 1995.</s>
    <s>A OMC e uma organizaçao que tem por funçoes principais facilitar a aplicaçao das normas do comercio internacional ja acordada internacionalmente e serve tambem como foro para negociaçoes de novas regras, dotada tambem de um sistema de controversias em comercio internacional. Surgiu ao final da Rodada Uruguai. Engloba nao so acordos referentes ao comercio de bens agricolas e industriais, como tambem serviços, propriedade intelectual, soluçao de controversias, regras de origem e outros, buscando assim promover a efetiva liberalizaçao do comercio entre seus membros. A OMC tem sede em Genebra, Suiça.</s>
    <s>A internacionalizaçao das economias, levando a expansao do comercio, instalaçao de empresas transnacionais, livre circulaçao de capitais e tecnologias, livre circulaçao de capitais e de tecnologias, o aumento da circulaçao de capitais do sistema financeiro internacional, a liberalizaçao do comercio internacional de bens e serviços, e com o final da Guerra Fria, a bipolaridade entre os EUA e URSS, que dividiu o mundo em capitalistas e socialistas, deu o inicio a globalizaçao economica mundial, que se deu na segunda metade do seculo XX.</s>
    <s>A globalizaçao conduz a crescente integraçao das economias das sociedades dos varios paises, especialmente no que toca a produçao de mercadorias e serviços, aos mercados financeiros, e a difusao de informaçoes, ou seja, corresponde a internacionalizaçao do setor produtivo, possibilitando a comercializaçao (compra/venda) de mercadorias ou serviços em qualquer parte do mundo; tudo objetivando uma melhor competitividade mundial.</s>
    <s>GARCIA, Prod. Eduardo. Historia da civilizaçao, Sao Paulo - Ed.Egeria, 1978</s>
    <s>THORTENSEN, Vera. OMC - Organizaçao Mundial do Comercio: As Regras do Comercio Internacional e a Rodada do Milenio. - Sao Paulo: Aduaneiras.</s>
    <s>Site do Instituto de Estudos do Comercio e Negociaçoes Internacionais - ICONE - Sobre Comercio e Negociaçoes - http://www.iconebrasil.org.br</s>
    <s>Site da Associaçao Latino-Americana de Integraçao - ALADI -Glosario de Terminos Aduaneros y de Comercio Exterior / Glosario Basico de la ALADI - http://www.aladi.org</s>
    <s>(*) RENATO RIBEIRO VELLOSO (renatov@ajato.com.br) - Pos-graduado em Direito Penal Economico Internacional, pelo Instituto de Direito Penal Economico e Europeu da Universidade de Coimbra, Portugal, e cursando MBA em Economia e Direito do Sistema Internacional, pela Universidade de Sao Paulo - USP</s>
  </text>
</page>
