<?xml version="1.0" encoding="UTF-8"?>
<!DOCTYPE page SYSTEM "page.dtd">
<page>
  <lang>pt</lang>
  <url>http://www.careerjet.pt/emprego-recepcao/distrito-de-santarem-124579.html</url>
  <title>Empregos recepcao - Distrito de Santarém | careerjet.pt</title>
  <snippet>
    <s>colaborador para as áreas de Recepção / Sala e Bar das instalações do armazém • Recepção das mercadorias e materiais, conferência, controlo de stocks de acordo com Precisa-se Técnico Oficial de Contas_ Urgente_ Entroncamento </s>
  </snippet>
  <text>
    <s>Gratuito : : :</s>
    <s>Criar alertas de empregos</s>
    <s>| Enviar Curriculum Vitae</s>
    <s>Registar | Aceder</s>
    <s>Título do emprego :</s>
    <s>Onde :</s>
    <s>Busca avançada</s>
    <s>Empregos por localidade</s>
    <s>Anunciantes Afiliados Candidatos</s>
    <s>Distrito de Santarém</s>
    <s>Torres Novas</s>
    <s>Tipo de contrato</s>
    <s>Horário parcial</s>
    <s>Horário completo</s>
    <s>Pesquisas recentes</s>
    <s>recepcao, Distrito de Santarém</s>
    <s>Ofertas de emprego recepcao - Distrito de Santarém</s>
    <s>Início &gt; Ofertas de emprego Distrito de Santarém &gt; Emprego recepcao &gt; Emprego recepcao - Distrito de Santarém</s>
    <s>colaborador para as áreas de Recepção / Sala e Bar</s>
    <s>O Benvente Vila Hotel encontra-se em fase de recrutamento para as áreas de Recepção / Sala e Bar. Somos uma nova unidade hoteleira, situada </s>
    <s>Precisa-se Operadores de Loja m/f - SANTARÉM - URGENTE</s>
    <s>ATLANCO - Santarem</s>
    <s>responsabilidades da função: - Atendimento e aconselhamento a clientes; - Caixa; - Recepção e reposição de produtos. Duração: De 22/08 a 30/09 (Reforço </s>
    <s>RESPONSÁVEL DEPARTAMENTO AGRONOMIA</s>
    <s>, bem como a secção de recepção da matéria-prima (total de 12 pessoas). Conjuntamente, terão de planear, organizar e executar as actividades agrícolas e o uso </s>
    <s>Técnico Operacional de Logística</s>
    <s>, garantindo o cumprimento dos procedimentos de carregamento, transporte e recepção das mercadorias, o abastecimento às lojas, bem como os níveis </s>
    <s>Operador de Armazém (m/f) - Benavente</s>
    <s>; Residência na Zona. Funções: Recepção de mercadorias; Cargas e descargas de material; Condução de empilhadores. Para responder a esta oferta clique </s>
    <s>Encarregado De Pátio/Produção, Riachos - Torres Novas</s>
    <s>Riachos, Torres Novas</s>
    <s>. Descrição Gestão da equipa de produção (recepção, classificação, lavagem; Controlo de Stocks, análise de produtividade; Gestão de recursos Humanos;Gestão </s>
    <s>SUPERVISORA COMERCIAL</s>
    <s>funcionalidades que, consequentemente, impliquem a recepção ou o uso das informações </s>
    <s>Formador de Inglês - Benavente</s>
    <s>inicial e continua - Remuneração compatível com a experiência demonstrada RECEPÇÃO DE CANDIDATURAS: Caso reúna os requisitos exigidos e pretenda </s>
    <s>Operador de Armazém Santarém</s>
    <s>; - Recepção e arrumação de mercadorias. Perfil: - Experiência na área de logística; - Formação académica ao nível do 9º ano; - Residência na zona </s>
    <s>Precisa-se Técnico Oficial de Contas Urgente Entroncamento</s>
    <s>; - Recepção, análise, organização, arquivo, classificação e lançamento dos documentos contabilísticos; - Reconciliações bancárias; - Conciliações </s>
    <s>Operador de loja-Departamento Informático SANTARÉM com experiência</s>
    <s>e aconselhamento a Clientes; - Caixa; - Recepção de mercadorias e reposição de artigos; - Apoio na limpeza da loja Perfil: - Facilidade de comunicação </s>
    <s>Operador de loja SANTARÉM</s>
    <s>: ASSISTENTE DE LOJA (m/f). Local de Trabalho: Santarém Funções: - Atendimento e aconselhamento a Clientes; - Caixa; - Recepção de mercadorias </s>
    <s>Precisa-se Chefe de Armazém para Samora Correia</s>
    <s>Samora Correia, Benavente</s>
    <s>das instalações do armazém • Recepção das mercadorias e materiais, conferência, controlo de stocks de acordo com os procedimentos definidos. • Colocação </s>
    <s>Operador de Loja m/f - Santarém</s>
    <s>: - Atendimento e aconselhamento a clientes; - Satisfação e fidelização de clientes; - Caixa; - Recepção e reposição de produtos. Duração </s>
    <s>Operador de Loja-Departamento Informático SANTARÉM</s>
    <s>e aconselhamento a Clientes; - Caixa; - Recepção de mercadorias e reposição de artigos; - Apoio na limpeza da loja Perfil: - Facilidade de comunicação </s>
    <s>Operador de Armazém Santarém</s>
    <s>: OPERADOR DE ARMAZÉM (m/f). Local de Trabalho: Santarém Funções: - Picking; - Recepção e arrumação de mercadorias. Perfil: - Experiência na área </s>
    <s>Operador de Armazém - TOMAR - URGENTE</s>
    <s>(factor preferencial) - Conhecimentos de picking - Recepção, arrumação e manipulação de mercadorias - Forte sentido de responsabilidade </s>
    <s>Recrutamos Operador de Armazém para Torres Novas</s>
    <s>Torres Novas</s>
    <s>A Atlanco Recursos Humanos está a recrutar para empresa cliente com entrada imediata: OPERADORES DE ARMAZÉM M/F FUNÇÃO: Recepção </s>
    <s>Assistente de Logística e Expedição (m/f)</s>
    <s>como principais responsabilidades: - Executar e orientar actividades de recepção, controlo, movimentação, manuseamento, arrumação de materiais </s>
    <s>Operador de Loja Santarém</s>
    <s>a Clientes; - Caixa; - Recepção de mercadorias e reposição de artigos; - Apoio na limpeza da loja Perfil: - Facilidade de comunicação </s>
    <s>página: 1 | &gt;&gt;</s>
    <s>Sobre nós | Buscas Frequentes | Empregos por título | Empregos por localidade | Empregos por empresa</s>
    <s>(C) 2011 Careerjet</s>
  </text>
</page>
