<?xml version="1.0" encoding="UTF-8"?>
<!DOCTYPE page SYSTEM "page.dtd">
<page>
  <lang>pt</lang>
  <url>http://www.orkut.com/CommMsgs%3Fstart%3D1%26tid%3D5633739612055107276%26cmm%3D103897929%26hl%3Dpt-BR</url>
  <title>orkut - Chamada de trabalhos para II Conferência (2012)</title>
  <snippet>
    <s>Chamada de trabalhos para II Conferência (2012). III Conferência Brasileira de Estudos Mórmons Conferência Anual da Associação Brasileira de Estudos Mórmons </s>
  </snippet>
  <text>
    <s>Conteúdo disponível apenas no novo orkut</s>
    <s>O conteúdo que você procura só está disponível na nova versão do orkut. Você pode voltar para esta versão a qualquer momento.</s>
    <s>Levaremos você para o novo orkut agora.</s>
    <s>página inicial |</s>
    <s>participe do orkut</s>
    <s>An error ocurred!</s>
    <s>Conferência de Estudos Mórmons</s>
    <s>(32 membros)</s>
    <s>ver perfil</s>
    <s>Chamada de trabalhos para II Conferência (2012)</s>
    <s>Início &gt; Comunidades &gt; Religiões e Crenças &gt; Conferência de Estudos Mórmons &gt; Fórum: &gt; Chamada de trabalhos para II Conferência (2012)</s>
    <s>primeira | &lt; anterior | próxima &gt; | última mostrando 1-7 de 7</s>
    <s>26 jul</s>
    <s>Chamada de trabalhos para II Conferência (2012)</s>
    <s>III Conferência Brasileira de Estudos Mórmons</s>
    <s>Conferência Anual da Associação Brasileira de Estudos Mórmons (ABEM)</s>
    <s>“Mormonismo e sua relação com outras denominações”</s>
    <s>28 de janeiro de 2012</s>
    <s>São Paulo, Brasil</s>
    <s>Chamada de trabalhos</s>
    <s>A tradição religiosa mórmon se fundamenta sobre o conceito de uma apostasia de todas as denominações cristãs e sua consequente falta de autoridade divina, de onde vem a afirmação de constituir a “única igreja viva e verdadeira”. Por outro lado, a mesma tradição enfatiza a mais ampla liberdade religiosa, assim como a necessidade, por parte de seus aderentes, de reconhecer e buscar toda verdade, a partir de qualquer fonte, inclusive outras tradições religiosas. Essa dualidade de tendências que excluem e incluem crenças, práticas e instituições tem criado ao longo da história um rico e complexo diálogo entre mórmons e não-mórmons. No Brasil, a tradicional existência do sincretismo e a cada vez maior diversidade religiosa tornam de extrema importância o entendimento dessa dicotomia para o estudo do mormonismo em nossa realidade.</s>
    <s>26 jul</s>
    <s>Como exemplos de tópicos a serem abordados, sugerimos os seguintes:</s>
    <s>- a influência doutrinária, organizacional ou ritualística de fontes não-mórmons sobre o mormonismo e vice-versa;</s>
    <s>- as relações entre a Igreja de Jesus Cristo dos Santos dos Últimos Dias e outras denominações cristãs e não-cristãs, seus conflitos e parcerias, tentativas de diferenciação e integração, bem como reflexos no proselitismo;</s>
    <s>- as diferentes percepções entre mórmons sobre religiões majoritárias no Brasil e América Latina, tais como catolicismo, protestantismo, neopetencostalismo, espiritismo e religiões de origem africana;</s>
    <s>- as relações entre a Igreja de Jesus Cristo dos Santos dos Últimos Dias e outras denominações que reivindicam a restauração liderada por Joseph Smith, presentes no Brasil e América Latina; o uso inclusivo ou exclusivo da palavra “mórmon”;</s>
    <s>- a representação do mormonismo por outras denominações religiosas e a mídia em geral e seu impacto sobre seus membros e a população local;</s>
    <s>- as relações entre política e religião, estado, organizações religiosas e ensino religioso em escolas públicas; reações de mórmons e outras denominações frente a decisões políticas e novos contextos sociais; limites e perspectivas da liberdade religiosa;</s>
    <s>- o uso acadêmico, devocional e missionário da internet por mórmons e outras denominações; administração de conflitos e cyberbullying em fóruns de discussão inter e intrarreligiosa;</s>
    <s>26 jul</s>
    <s>- a representação de mórmons em obras ficcionais;</s>
    <s>- a identidade visual de vestuário e a identidade arquitetônica, seu papel na percepção social das instituições religiosas e seus membros;</s>
    <s>- a percepção do mormonismo e outras denominações como igrejas “brasileiras” ou “estrangeiras”.</s>
    <s>26 jul</s>
    <s>Trabalhos que não abordem o tema central da Conferência também poderão ser aceitos, desde que considerados relevantes. Interessados em apresentar artigos ou organizar mesas-redondas deverão enviar seu resumo de aproximadamente 250 palavras até 01 de outubro de 2011 para BMSC10@gmail.com, acompanhado de uma breve biografia ou currículo. Os inscritos serão notificados pela comissão avaliadora sobre a aceitação de sua proposta até 01 de novembro de 2011. Versões completas dos trabalhos aceitos deverão ser enviadas até 01 de janeiro de 2012. Os trabalhos devem ser suficientes para um tempo de leitura de 25 a 30 minutos (aproximadamente 3500 palavras), depois do qual será reservado um período para perguntas e respostas.</s>
    <s>26 jul</s>
    <s>Apresentações artísticas e literárias também são encorajadas para a Conferência, sendo nesse caso válidas as mesmas datas para envio do resumo e notificação da aceitação.</s>
    <s>26 jul</s>
    <s>PARA MAIORES INFORMAÇÕES:</s>
    <s>Associação Brasileira de Estudos Mórmons</s>
    <s>E-mail: BMSC10@gmail.com</s>
    <s>25 ago</s>
    <s>Ops.. falha minha.</s>
    <s>Leia-se III Conferência.</s>
    <s>primeira | &lt; anterior | próxima &gt; | última</s>
    <s>denunciar spam!</s>
    <s>« voltar aos tópicos</s>
    <s>| Sobre o orkut | Blog | Desenvolvedores | Central de segurança | Privacidade | Termos de uso | Publicidade | Ajuda</s>
  </text>
</page>
