<?xml version="1.0" encoding="UTF-8"?>
<!DOCTYPE page SYSTEM "page.dtd">
<page>
  <lang>pt</lang>
  <url>http://www.acaoeducativa.org/index.php%3Foption%3Dcom_content%26task%3Dview%26id%3D2356%26Itemid%3D2</url>
  <title>Ação Educativa - Após Conferência, plano de educação segue para ...</title>
  <snippet>
    <s>A tarefa não era simples: durante a Conferência de Educação da cidade de São de 6 mil propostas recebidas – para o plano de educação da capital paulista. </s>
  </snippet>
  <text>
    <s>Acao Educativa - Pagina inicial</s>
    <s>ter 18 de outubro de 2011</s>
    <s>Quem somos</s>
    <s>Videoteca Virtual</s>
    <s>Ponto de Cultura Periferia no Centro</s>
    <s>Editais abertos</s>
    <s>Menu - Secundario</s>
    <s>Aponferia, plano de educa segue para a Cra dos Vereadores</s>
    <s>A Conferencia foi a terceira etapa do processo de construçao participativa do plano, que contou com 2 mil atividades e envolveu 21 mil pessoas de todos os segmentos da educaçao.</s>
    <s>A tarefa nao era simples: durante a Conferencia de Educaçao da cidade de Sao Paulo, entre 18 e 20 de junho, cerca de 1.500 pessoas, eleitas delegadas em etapas anteriores, tinham como meta discutir e votar 866 propostas - resultado da sistematizaçao de 6 mil propostas recebidas - para o plano de educaçao da capital paulista.</s>
    <s>Veja a cobertura completa no site De Olho no Plano</s>
    <s>A Conferencia foi a terceira etapa do processo de construçao participativa do plano, que contou com 2 mil atividades, sobretudo em escolas, em que se envolveram cerca de 21 mil pessoas de todos os segmentos da educaçao: pais e maes, estudantes, gestores, profissionais da educaçao, foruns e movimentos.</s>
    <s>O evento foi aberto na noite de sexta-feira, 18, com a presença do prefeito Gilberto Kassab e do secretario municipal de educaçao, Alexandre Schneider. Embora o plano regulamente o ensino em todo o territorio de Sao Paulo, incluindo a rede estadual, o secretario de educaçao do estado, Paulo Renato Souza, e o presidente do Conselho Estadual de Educaçao, Arthur Fonseca, nao compareceram, enviando representantes para a mesa de abertura.</s>
    <s>&quot;Cidade injusta&quot;</s>
    <s>Schneider destacou que a educaçao infantil seria a questao central da Conferencia - como de fato foi - e que a nao inclusao de milhares de crianças reflete o fato de que Sao Paulo ainda e uma cidade injusta, apesar dos avanços.</s>
    <s>&quot;Hoje estamos resgatando uma divida historica com o municipio de Sao Paulo&quot;, disse o secretario, ao abrir a Conferencia. &quot;Nos e os 21 mil que participaram de todo o processo&quot;.</s>
    <s>&quot;A construçao do Plano Municipal de Educaçao de Sao Paulo e fundamental para que possamos romper com esse ciclo vicioso de descontinuidade das politicas publicas&quot;, afirmou o deputado estadual Carlos Gianazzi (PSOL), tambem presente na mesa.</s>
    <s>Estavam presentes ainda na abertura os vereadores Eliseu Gabriel (PSB) e Claudio Fonseca (PPS), alem de representantes de todas as organizaçoes que integram a Comissao Executiva do Plano.</s>
    <s>Plenarias de eixo</s>
    <s>No sabado de manha, foram realizadas as plenarias de eixo. Das 8h00 as 10h00, os delegados deveriam optar entre uma das tematicas: gestao educacional e regime de colaboraçao; educaçao e meio ambiente; gestao democratica, controle social e participaçao; desigualdades, discriminaçoes e diversidades; financiamento da educaçao; valorizaçao dos (das) profissionais de educaçao; educaçao a distancia.</s>
    <s>Das 10h00 ao meio dia, outras plenarias foram realizadas: educaçao de jovens e adultos; educaçao profissional; ensino medio; educaçao inclusiva; ensino superior; ensino fundamental e educaçao indigena. No caso de educaçao infantil, que recebeu o maior numero de propostas (1.781, no total), a plenaria se estendeu por toda a manha.</s>
    <s>Os delegados poderiam apresentar destaques e recursos para incluir propostas que nao constavam do documento-base da Conferencia. No entanto, as discussoes sobre as propostas se alongaram, e em diversas plenarias nao houve tempo para apreciar todas as propostas de eixo. Foi o caso da educaçao infantil, ensino medio, valorizaçao dos profissionais e educaçao especial e inclusiva - tematicas em que havia mais polemicas.</s>
    <s>Plenaria final</s>
    <s>Com o regimento aprovado pela plenaria, deveriam ser apreciadas em primeiro lugar aquelas propostas que nao chegaram a ser lidas em seus eixos tematicos. Depois, seriam apreciadas aquelas que obtiveram minoria de votos (de 30 a 50%).</s>
    <s>Os eixos de educaçao basica (com propostas gerais que nao constavam de nenhum eixo especifico), educaçao de jovens e adultos, educaçao especial e inclusiva, ensino fundamental e medio e educaçao infantil foram os unicos eixos completamente apreciados.</s>
    <s>No eixo de valorizaçao dos profissionais, um acordo foi feito entre os sindicatos e a proposta de aprovar alguns itens do documento foi aprovada pela plenaria. Em todos os outros eixos tematicos, a decisao foi de que as propostas que tiveram mais de 50% de aprovaçao serao encaminhadas diretamente para o documento final do plano.</s>
    <s>Propostas que determinavam o congelamento ou fim do modelo de conveniamento de creches foram os grandes pontos polemicos da Conferencia. Na noite de sabado, perto das 21 horas (horario previsto na programaçao para o termino), uma proposta (nº 166 do documento-base) que dizia respeito a essa questao foi aprovado, causando protestos de integrantes de entidades conveniadas. Atualmente, cerca de mil creches conveniadas funcionam em Sao Paulo.</s>
    <s>Na manha seguinte, as entidades tentaram apresentar recurso para continuar a votaçao das outras propostas sobre o mesmo tema, que foram consideradas superadas pela aprovaçao da proposta 166, mas a plenaria nao permitiu. Mesmo que o tema tenha sido aprovado, o secretario declarou a jornais como Valor Economico e Jornal da Tarde que nao apoiara a decisao: &quot;o fim dos convenios e uma açao inexequivel e vai contra o proprio historico da oferta de atendimento na cidade, e eu defenderei sua manutençao na Camara&quot;, afirmou Schneider ao Valor.</s>
    <s>A intensa participaçao da comunidade surda foi destaque em diversos momentos da Conferencia. A organizaçao disponibilizou interpretes de Libras em todos os espaços de discussao e teloes.</s>
    <s>Na plenaria final, quando se discutiram as muitas propostas de educaçao inclusiva, houve varios momentos em que pessoas surdas se dirigiram a mesa por meio da interpretaçao em LIBRAS para apresentar emendas e questionar encaminhamentos. Apesar do grande numero de propostas, a discussao foi organizada e chegou a ser completada em plenario.</s>
    <s>A equipe de sistematizaçao trabalha agora numa versao final do documento, com as aprovaçoes e alteraçoes feitas na Conferencia. Todos os recursos apresentados e as propostas nao apreciadas ou minoritarias serao apensados a memoria da Conferencia, que tambem sera encaminhada pela Comissao Executiva do Plano a Camara dos Vereadores. &quot;Apesar da conclusao da Conferencia nao ter sido o que desejavamos, demos sim um importante passo na luta pelo direito humano a educaçao de qualidade em nossa cidade. Nos ultimos dez anos, foram varias as tentativas frustradas de alavancar a construçao participaçao de um plano. Agora a luta continua na Camara&quot;, afirma Denise Carreira, da Açao Educativa e representante do GT Educaçao do Movimento Nossa Sao Paulo na Comissao Executiva.</s>
    <s>Na Camara, havera uma serie de audiencias publicas e o projeto de lei podera receber emendas dos vereadores. Se aprovado, seguira para sançao do prefeito.</s>
    <s>A na Justi/a&gt;</s>
    <s>[Educa de Jovens e Adultos</s>
    <s>A na escola</s>
    <s>Diversidade, rae participa</s>
    <s>Observat da Educa</s>
    <s>Espade Cultura</s>
  </text>
</page>
