<?xml version="1.0" encoding="UTF-8"?>
<!DOCTYPE page SYSTEM "page.dtd">
<page>
  <lang>pt</lang>
  <url>http://www.filemakerlatino.com/devcon2011br/bases.html</url>
  <title>Concurso FileMaker DevCon 2011</title>
  <snippet>
    <s>2 ago. 2011 Participe desta promoção, crie um vídeo-tutorial sobre FileMaker 11 e O Organizador se reserva o direito de difundir o nome, a imagem e a voz do ingresso para assistir a Conferência de desenvolvedores DevCon 2011, </s>
  </snippet>
  <text>
    <s>FileMaker DevCon 2011 San Diego</s>
    <s>San Diego, California</s>
    <s>Tuesday, August 02, 2011</s>
    <s>Você acha que seu conhecimento é pouco, mas pode ajudar a muitos</s>
    <s>Faça parte da comunidade de FileMaker, compartilhe um pouco de seu conhecimento e ganhe amigos, clientes e grandes prêmios com FileMaker.</s>
    <s>Participe desta promoção, crie um vídeo-tutorial sobre FileMaker 11 e concorra a um ingresso gratuito para a DevCon 2011 ou ganhe um FileMaker Training Series!</s>
    <s>PROMOÇÃO AMERICA LATINA - DEVCON 2011</s>
    <s>REGULAMENTO, BASES E CONDIÇÕES</s>
    <s>1. A seguinte promoção (a &quot;Promoção&quot;) organizada por FileMarker Inc. (o &quot;Organizador&quot;) com endereço em 5201 Patrick Henry Dr., Santa Clara, CA 95054 USA, é de alcance regional para a América Latina e será válida a partir do dia 1º de Abril até 3 de Junho de 2011.</s>
    <s>2. Somente poderão participar pessoas maiores de idade com seu passaporte válido por pelo menos seis meses a partir da data de viagem, assim como o VISTO de imigração para os Estados Unidos. Não poderão participar da promoção funcionários nem familiares diretos da Organização nem da agência de serviços na América Latina. Os participantes devem ser residentes ou cidadãos de países de América Latina, Caribe, ou Brasil, e deverão ser usuários registrados do Facebook da FileMaker Latinoamérica e/ou Brasil e de YouTube.</s>
    <s>3. A participação na Promoção não implica obrigação de compra. As pessoas que desejarem participar do sorteio deverão enviar um vídeo-tutorial ou segredo de uso sobre produtos de FileMaker de versões vigentes, para poder participar do concurso, completando todos os dados solicitados para este fim. Cada participante poderá registrar-se com vários vídeos durante todo o período desta Promoção, obtendo um número de sorteio com cada vídeo enviado, aumentando as suas probabilidades segundo a quantidade.</s>
    <s>4. A probabilidade matemática da obtenção do prêmio dependerá da quantidade de participantes e videos enviados durante o período da Promoção. De acordo com o volume de usuários para a qual será enviado o comunicado, a probabilidade é de 1 em 10.000.</s>
    <s>5. Critérios técnicos: O participante deve publicar os seus vídeo-tutoriais ou segredos de uso de FileMaker em Youtube, em sua própria conta de usuário registrado e enviar somente o link e as informações necessárias como indicado a seguir. Os vídeos devem cumprir os seguintes critérios técnicos para ser considerados para este concurso:</s>
    <s>&gt; a. O vídeo deve ser não-comercial em seu tema (por exemplo, o vídeo não pode ser um comercial de TV ou uma propaganda de um produto ou serviço). O participante deve garantir que a sua participação não viola contratos, acordos, normas ou regulamento (incluindo, sem limitar-se a, quaisquer compromisso escolar, gremial ou sindical).</s>
    <s>b. O vídeo deve cumprir e respeitar a Licença de Uso do Software de FileMaker disponível em www.filemaker.com/company/legal/docs/eula/fmp eula wwe.pdf e os Termos de Serviço de YouTube, disponíveis em http://www.youtube.com/static?gl=BR&amp;template=terms&amp;hl=pt e guias da comunidade de Facebook, disponíveis em http://www.facebook.com/terms.php .</s>
    <s>c. O vídeo deve ser próprio, e apenas uma pessoa por vídeo será considerada como criadora do vídeo. Se o seu vídeo for selecionado ganhador, você deverá verificar que o vídeo foi criado por você, e será solicitado a licenciar todos os direitos necessários para promocioná-lo na página web do Organizador;</s>
    <s>d. O vídeo deve ter áudio ou legendas em português ou espanhol, e não deve ter mais de dez (10) minutos de duração;</s>
    <s>e. O participante utilizará os recursos que acredite necessários para criar uma apresentação de qualidade para o vídeo-tutorial ou segredo de uso, seja software para captura de tela, locução, edição de imagens ou efeitos, etc. A qualidade da imagen deve permitir identificar claramente as telas e menús do software apresentado, de maneira legível e coerente. Assim como as indicações legendadas ou com áudio direto, devem ser claramente compreensíveis para o usuário comum.</s>
    <s>f. O vídeo deve ser formatado e codificado de acordo com a lista de requisitos do website YouTube disponível em http://www.google.com/support/youtube/bin/answer.py?hl=pt-BR&amp;answer=57924</s>
    <s>g. Seu vídeo deve ter a funcionalidade de encaixe no YouTube “ativada” e não pode estar definido como “private” (privado).</s>
    <s>h. O Organizador se reserva o direito de difundir o nome, a imagem e a voz do ganhador pelo término de um ano nos meios e formas que considere convenientes sem o direito de qualquer compensação.</s>
    <s>6. Declaração Escrita: Para enviar seu vídeo para consideração, seu material deve ser acompanhado de uma declaração por escrito com não mais de 400 palavras de comprimento. Tal declaração deve explicar a intenção do seu vídeo-tutorial ou segredo de uso e nível de dificuldade (Básico, Médio, ou Expert). Para completar a sua inscrição, deve enviar um texto incluindo título do vídeo, link do Youtube onde se encontra publicado, nome completo do participante, endereço completo, cidade, país, telefones para contato, emails para contato, através do formulário que aparecerá ao aceitar os termos e condições no final desta página.</s>
    <s>7. Processo de seleção: FileMaker Inc. possui critério exclusivo e definitivo sobre todas as questões relacionadas à revisão, seleção, e exibição dos vídeos para o concurso DevCon 2011. Todas as decisões do Organizador são finais. Durante o período de apresentação, os usuários registrados na página de Facebook (seguidores) de FileMaker Latinoamérica e/ou Brasil poderão indicar se os vídeos são de sua preferência clicando no botão “Gosto”. Não serão considerados os usuários que não possuam informações básicas no perfil e que não tenham mais atividades que as referentes ao voto, ficando sob critério do júri a sua aceitação e validade.</s>
    <s>Quando finalizar o período de apresentação, serão selecionados os cinco (5) vídeo-tutoriais ou segredos de uso que mais votos a favor tiverem por parte dos seguidores de Facebook de FileMaker Latinoamérica e/ou Brasil, dos quais os dois (2) primeiros correspondem aos vencedores e os restantes três (3) aos suplentes. Em caso de empate, o Organizador realizará um sorteio entre os dois semifinalistas que tiverem obtido a maior quantidade de votos, para a eleição do primeiro e segundo lugares, ou entre os suplentes quando tiverem obtido a mesma quantidade de votos. O sorteio será realizado no dia 6 de Junho de 2011, no domicílio do Organizador acompanhado por um Escrivão Público, o qual será a única autoridade verificadora da validade e autenticidade, cujo efeito assinará a ata correspondente. Prévia notificação, o Organizador reserva-se o direito de modificar a data e o horário do sorteio, dando em seu caso a devida comunicação e a publicidade a todos os participantes.</s>
    <s>8. O autor do vídeo-tutorial ou segredo de uso mais votado, primeiro vencedor, será merecedor de um prêmio que consiste em um ingresso para assistir a Conferência de desenvolvedores DevCon 2011, que se realizará do dia 2 ao 5 de agosto de 2011 em San Diego – California, Estados Unidos. O prêmio inclui um “FREE admission ticket” valorizado em U$1549 dólares para as conferências. Gastos de bilhetes aéreos, viagem e hospedagem não estão incluídos neste prêmio. O segundo vencedor será merecedor de um prêmio que consiste em um manual “FileMaker Training Series”, versão digital do currículo oficial de ensino de FileMaker, valorizado em U$99 dólares, que será entregue de forma eletrônica. O mesmo vencedor não poderá ganhar mais de um prêmio.</s>
    <s>9. O prêmio é pessoal e intransferível e não poderá ser trocado por outros produtos ou dinheiro.</s>
    <s>10. Os vencedores serão notificados através de telefone e email (por esta razão pedimos os dados completos de código DDI e DDD para as ligações internacionais e ao menos 2 – dois – emails válidos). O Organizador oferecerá um prazo de 3 (três) dias a partir da recepção do comunicado para a aceitação do prêmio. Os vencedores deverão responder ao email devcon2011@filemakerlatino.com com os seus dados completos confirmados para a verificação de reservas. Uma vez decorrido o prazo, os vencedores serão desclassificados e o Organizador seguirá o mesmo procedimento com os respectivos suplentes, por ordem de quantidade de votos obtidos. E caso acontecer o mesmo com todos os suplentes, o prêmio ficará no poder do Organizador.</s>
    <s>11. Para o primeiro vencedor, o Organizador entregará um certificado digital em nome do ganhador para ser trocado por um “FREE admission ticket” para a DevCon 2011 na data de abertura das conferências, estabelecida no ítem 8. No caso, se o ganhador não utilizar o prêmio na data especificada, por qualquer causa, perderá automaticamente todo o direito sobre o mesmo e não existirá responsabilidade econômica e de nenhuma outra índole por parte do Organizador para com o ganhador. Para o segundo vencedor o Organizador enviará um email com as instruções para o download da versão eletrônica do manual “FileMaker Training Series”.</s>
    <s>12. O Organizador se reserva o direito da decisão a respeito de todas as situações não previstas no regulamento, prévia consulta e autorização da autoridade de aplicação, quando corresponda. As decisões ao respeito serão definitivas e inapeláveis.</s>
    <s>13. O ganador do “FREE admission ticket” para a DevCon 2011 será o único responsável em providenciar a documentação para a viagem, incluindo passaportes em condições, Visto de imigração para os Estados Unidos e autorizações necessárias para sair do país. Providenciar estes documentos e a possível recusa dos mesmos, incluindo eventuais escalas, impedimento da entrada ou permanência no país de destino, mesmo tendo toda a documentação necessária para entrar no país, não é responsabilidade do Organizador. O Organizador não será responsável pelos danos ou prejuízos que possa causar ao ganhador pelo motivo e/ou participação na Promoção e/ou pelo uso do prêmio, dando o declínio a qualquer tipo de responsabilidade contratual e/ou extra-contratual para o ganhador, o que é aceito incondicionalmente por cada participante. Também não terá nenhuma responsabilidade e o prêmio ficará automaticamente cancelado pela suspensão do evento por causas alheias ao Organizador, como desastres naturais ou qualquer outra causa de força maior. O reclamo do prêmio implicará a aceitação desta condição e a renúncia a formular qualquer reclamo pelas causas anteriores. O Organizador não assume nenhuma responsabilidade pela qualidade dos serviços ou ainda o cumprimento das obrigações por parte dos fornecedores escolhidos para a contribuição dos diferentes serviços envolvidos. Qualquer controvérsia com relação aos mesmos deverá ser resolvido entre o ganhador e o fornecedor. Salvo o que consta no presente regulamento, o Organizador não será responsável por nenhum gasto que possa acarretar o ganhador, incluindo passagens aéreas ou de qualquer tipo, taxas de embarque ou de qualquer outro tipo, hospedagem, ligações telefônicas, comidas, bebidas, transporte, excesso de bagagem e/ou gorjetas. Todos estes gastos serão por conta exclusiva do ganhador. O Organizador não assume a responsabilidade econômica pela perda e/ou furtos ou roubos da bagagem que poderá sofrer o ganhador durante sua viagem.</s>
    <s>14. A participação em esta Promoção implica a aceitação dos termos e condições do regulamento e a Política de Privacidade de FileMaker Inc, disponível em http://www.filemaker.com/company/legal/privacy.html</s>
    <s>Aceito as Bases da Promoção “América Latina DevCon 2011”:</s>
    <s>Sim - Não</s>
    <s>e inscrição</s>
    <s>FileMaker Developer Conference 2011</s>
    <s>DevCon 2011 especial</s>
    <s>para Latinoamérica</s>
    <s>Training Series</s>
    <s>Veja as bases do concurso, envíe-nos seu vídeo-tutorial ou segredo de FileMaker 11 e comece a participar</s>
    <s>Formulário de inscrição</s>
    <s>!DevCon 2011</s>
    <s>Assista a maior reunião mundial de desenvolvedores FileMaker, do 2 ao 5 de Agosto em San Diego</s>
    <s>Mais informações.</s>
    <s>!FileMaker Latinoamérica</s>
    <s>Agenda exclusiva para potencializar os seus negócios na América Latina:</s>
    <s>2/8 - Latinoamérica Kick Off</s>
    <s>3/8 - Negocios con FileMaker en América Latina</s>
    <s>4/8 - Mesa redonda para Latinoamérica</s>
    <s>!FileMaker Training Series</s>
    <s>O manual de ensino oficial, e um recurso chave para se formar como desenvolvedor certificado de FileMaker.</s>
    <s>Saber mais</s>
    <s>Copyright © 1994-2011, FileMaker, Inc.</s>
    <s>Política de Privacidade</s>
    <s>Siga-nos em Facebook</s>
    <s>A utilização deste website significa que você está de acordo com os Termos de uso.</s>
  </text>
</page>
