<?xml version="1.0" encoding="UTF-8"?>
<!DOCTYPE page SYSTEM "page.dtd">
<page>
  <lang>pt</lang>
  <url>http://www.radiocidadenet.com/noticia.php%3Fid%3D796</url>
  <title>RADIO CIDADE NET - (42)3523-2251 - Notícia : 6ª CONFERÊNCIA ...</title>
  <snippet>
    <s>O evento acontece no Salão Paroquial da Catedral, a partir das 09h. A conferência vai abordando o tema: Mobilização, Implementação e Monitoramento da </s>
  </snippet>
  <text>
    <s>Copa Gas do Igua/a&gt;</s>
    <s>[Quem somos</s>
    <s>VIDEOS - RCN</s>
    <s>NOTICIAS 02</s>
    <s>Notas Local</s>
    <s>timas notas</s>
    <s>BAILE DEFINE REPRESENTANTE DA 5 FESTA NACIONAL DO STEINHAEGER E DO XIXO</s>
    <s>Continuar lendo</s>
    <s>DIA 18 DE OUTUBRO DIA DO MICO</s>
    <s>Continuar lendo</s>
    <s>DIA D RECORDE DE NEROS. MAIS DE 700 EXAMES</s>
    <s>Continuar lendo</s>
    <s>SECRETARIA DE AGRICULTURA, PECUIA E ABASTECIMENTO DE UVA LAN O PROGRAMA TROCA TROCA DE SEMENTES</s>
    <s>Continuar lendo</s>
    <s>CRAS DE UNI DA VITIA COMEMORA O DIA DAS CRIANS</s>
    <s>Continuar lendo</s>
    <s>EMPOSSADO NOVOS CONSELHEIROS EM UNI DA VITIA</s>
    <s>Continuar lendo</s>
    <s>JOVEM ATROPELA CASAL NA VIA DE PEDESTRE DA PONTE MACHADO DA COSTA</s>
    <s>Continuar lendo</s>
    <s>PORTO GOLEIA EM CASA E ATROPELA ATLICO IBIRAMA</s>
    <s>Continuar lendo</s>
    <s>ELEITA A NOVA RAINHA DA 5 FESTA DO STEINHAEGER E DO XIXO</s>
    <s>Continuar lendo</s>
    <s>PRESO UM HOMEM E DOIS ADOLESCENTES INVESTIGADOS POR PARTICIPAO EM LATROCIOS DE BITURUNA</s>
    <s>Continuar lendo</s>
    <s>6 CONFERCIA MUNICIPAL DOS DIREITOS DA CRIAN E DO ADOLESCENTE DE UVA</s>
    <s>O evento acontece no Salao Paroquial da Catedral, a partir das 09h. A conferencia vai abordando o tema: Mobilizaçao, Implementaçao e Monitoramento da Politica Municipal e do Plano Decenal de Direitos Humanos de Crianças e Adolescentes no Municipio. Durante a tarde, havera a eleiçao para compor o Conselho Municipal de Direitos da Criança e do Adolescente, no periodo de 2011/2013.</s>
    <s>Nesta terça-feira (11) acontece a 6ª Conferencia Municipal dos Direitos da Criança e do Adolescente de Uniao da Vitoria, no Salao Paroquial da Catedral, com inicio as 09h. A conferencia vai abordando o tema: 'Mobilizaçao, Implementaçao e Monitoramento da Politica Municipal e do Plano Decenal de Direitos Humanos de Crianças e Adolescentes no Municipio', promovida pela Prefeitura Municipal, Secretaria Municipal de Açao Social e Conselho Municipal dos Direitos da Criança e do Adolescente.</s>
    <s>O evento contara, no periodo da manha, com a participaçao do Juiz de Direito da Vara da Infancia e Juventude, e anexos de Uniao da Vitoria, Dr. Carlos Eduardo Mattioli Kockanny, fazendo parte da mesa e tambem explanando sobre as atividades desenvolvidas na Comarca envolvendo a questao.</s>
    <s>Durante a tarde, havera a eleiçao dos representantes governamentais e da sociedade civil para a Conferencia Regional dos Direitos da Criança e do Adolescente, trabalhos de grupo, e em especial, o referendamento dos representantes governamentais e da sociedade civil, titulares e suplentes para compor o Conselho Municipal de Direitos da Criança e do Adolescente - CMDCA no periodo de 2011/2013.</s>
    <s>!Imprimir esta nota</s>
    <s>(C) RADIO CIDADE NET - (42)3523-2251</s>
  </text>
</page>
