<?xml version="1.0" encoding="UTF-8"?>
<!DOCTYPE page SYSTEM "page.dtd">
<page>
  <lang>pt</lang>
  <url>http://www2.uol.com.br/percurso/main/pcs26/entrevista26.htm</url>
  <title>O valor da transmissão - UOL</title>
  <snippet>
    <s>Meu maior prazer é quando dou uma conferência ou um curso, e o ouvinte me . É um autor que li muito e que teve muita influência no meu modo de pensar o </s>
  </snippet>
  <text>
    <s>&gt; Juan-David Nasio</s>
    <s>O valor da transmiss/font&gt;</s>
    <s>Juan-David Nasio nasceu em Roso (Argentina) em 1942, formou-se em psiquiatria em seu pade origem, e estadicado em Paris hais de trinta anos, onde exerce sua clca com adultos, adolescentes e crian. uma figura de destaque na psi-canse francesa e igualmente conhecido no Brasil, sobretudo pelos ins livros aqui publicados, entre os quais: Lis sobre os 7 conceito cruciais da psicanse, A histeria, O olhar em psicanse, O prazer de ler Freud, Os olhos de Laura, Como trabalha um psicanalista?. Sua escrita revela uma preocupa em transmitir a psicanse de maneira bastante acessl, caracterica que marca igualmente sua atividade docente. Nasio foi professor da Universidade de Paris VII-Sorbonne por mais de trinta anos, e atualmente leciona nos Seminos Psicanalcos de Paris, associa que fundou e dirige desde 1986.</s>
    <s>Nessa entrevista, feita atravde uma conversa telefa num domingo de junho passado, pudemos conhecer os principais marcos de sua trajet e a paixcom que exerce o ofo de psicanalista. De filia laca-niana, Nasio tem se preocupado em desenvolver hipes sobre o inconsciente, a transferia, a dor psica, assim como ampliar conceitos jxistentes, como caso da forcluslocal, que permite dar conta de fenos patolos da clca. Dentre as vas consideras feitas nesta oportunidade, Nasio assevera: o motor do tratamento que ninguagem, afirma que resitua as crcas freqente feitas lca lacaniana, esclarecendo um mal entendido teo fundamental.</s>
    <s>Percurso: Juan-David Nasio, gostaros que o Sr. nos contasse um pouco de seu percurso como psicanalista.</s>
    <s>Nasio: Eu me apresentaria de trmaneiras, com tridentidades. Diria que sou, antes de mais nada, um clco. Dedico a maior parte do tempo de minha atividade lca, o que me produz a maior satisfa, sobretudo por se tratar dessa experiia , excepcional, que nsicanalistas temos, que experiia da escuta. Para mim, o momento mais belo momento da escuta do paciente quando estou concentrado em tratar de penetrar na vida interior dele, quando comprometo minha identidade mais ima, quer dizer, o meu pro inconsciente. O inconsciente verdadeiro instrumento do analista. Esta ma hipe nova que estou desenvolvendo e que deve sair em um pro livro. Esta primeira apresenta: a de ser um clco e fazer a experiia da escuta, de modo a deixar ecoar, atravdo meu inconsciente, as mmas vibras do inconsciente do paciente. Minha segunda identidade e transmissor. Para mim, ensinar a psicanse ambuma experiia que fahuitos anos, que me toma muito tempo, mas que igualmente me duitimo prazer. Pouco a pouco, foi se criando um estilo de ensino no meu trabalho: um ensino que m prazer indiscutl. Esse prazer que eu tenho na transmissdo saber tambse transmite. Napenas transmito o saber como transmito o prazer de transmitir o saber, de ensinar o saber. E, quando um ouvinte percebe o meu entusiasmo, se sente imediatamente acolhido em seu desejo de aprender, o que reassegura o meu pro entusiasmo. Meu maior prazer uando dou uma conferia ou um curso, e o ouvinte me conta depois: noite, depois da conferia, fui para casa e me pus a estudarIsso para mim melhor coisa que pode acontecer.</s>
    <s>Percurso: Onde o Sr. ensina?</s>
    <s>Nasio: Nos Seminos Psicanalcos de Paris, que associa que fundei. Durante trinta anos ensinei na Sorbonne, ensino apenas nos Seminos e tambtsurgido diferentes convites: houco estive em Moscou. Jstive no Jap no Brasil, em diversos lugares Nviajo muito. Vou a um paa cada ano e sempre ma experiia de transmissde um saber, de despertar o entusiasmo pela psicanse e fazer sentir que a psicanse m ofo apaixonante</s>
    <s>Percurso: E a terceira identidade?</s>
    <s>Nasio: A terceira identidade de escritor. Escrevo com muita emo, com muito prazer. E com muita dor tamb porque sou muito exigente e sempre que estou diante de uma folha de papel tenho como que dois personagens sentados inha frente, dois fantasmas. Um, quele dos mestres: vezes, tenho Lacan na minha cabe vezes, Freud Em outras, tenho um desconhecido que m personagem-pai, um personagem-mestre, que pode, no limite, ser uma figura supereg. Para ele tenho que escrever com rigor, com muita exigia, com muita precis E, do outro lado da mesa, estentada uma figura que m jovem, um jovem de 18 anos que pergunta o que psicanse, que quer saber, a quem hue se transmitir o que psicanse. Esse jovem pode ser eu mesmo quando era estudante de medicina e que, aos 16-17 anos, estava um dia na faculdade (de medicina) quando ainda nem pensava na psicanse e o que me interessava era a filosofia e, de repente, passo diante de um anfiteatro repleto. Cedo inha curiosidade e me sento nas as fileiras do anfiteatro. Imediatamente, como se acabasse de ser picado por uma agulha, fui subjugado pela eloq de um professor que ensinava psicanse.</s>
    <s>Percurso: Quem era?</s>
    <s>Nasio: Era Rascovsky, Arnaldo Rascovsky. Muito tempo depois o esqueci e, muitos anos mais tarde soube que esse professor era um dos grandes psicanalistas da ca. Como v, meu encontro com a psicanse foi marcado por uma palavra de transmissor, e hoje eu mesmo sou um transmissor Mas, continuo tendo esse jovem presente. Gosto muito quando me convidam para ir a um colo fazer uma conferia. Vocsabem, me convidam para muitas coisas e muitas vezes recuso, ntenho tempo. No entanto, quando um diretor de escola vem e me diz: Doutor, gostaria que viesse falar de psicanse para os alunos do o ano do colegial, vou correndoPor que? Porque penso que ma experiia extraordina transmitir para os jovens e, se quisermos que a psicanse sobreviva, temos que pensar nos jovens. Essa ma das grandes falhas dos psicanalistas de hoje em dia, que muitas vezes se fecham entre si para discutir questpolcas, sociais, demasiadamente abstratas, questmuito exas, sofisticadas, e se esquecem de que se nse preocuparem com os que vdepois nhaversicanseE devo dizer-lhes que, se hoje somos psicanalistas vocam SPaulo, eu aqui em Paris, outros na Ita, nos Estados Unidos orque nossos mestres, nossos antepassados falaram para que gente jovem como ne interessasse. Se Arnaldo Rascovsky ntivesse ido aculdade de medicina pode ser que o meu destino tivesse sido outroNsei Em resumo, ocupar-se dos jovens hoje em dia, uma palavra de ordem.</s>
    <s>Ent essa mistura de rigor e de preocupa em transmitir tem como resultado o meu estilo que procuro que seja claro e fluido. Por isso escrevo de uma maneira que nuito comum os colegas. Muitos escrevem no jargpsicanalco, e hextos muito interessantes nesse jarg Mas, para mim, o desafio screver na lua de todo mundo, tratar de maneira clara um conceito difl e complicado.</s>
    <s>Percurso: Seus livros sbastante difundidos entre ne sabemos de sua ascendia lacaniana. Gostaros que o Sr. falasse um pouco sobre seu percurso, sobre outras influias que recebeu jue em seu trabalho podemos notar elaboras pessoais a partir de outros autores.</s>
    <s>Nasio: Bom, meu percurso esse nome da revista de voc neu o coloco entre aspas. Meu percurso m percurso enriquecido por diferentes influias: minha anse foi uma anse kleiniana, minha forma foi, antes de mais nada, a de um psiquiatra onde a psicose teve um lugar predominante. Depois, tive uma influia e uma forma eminentemente lacaniana. Tambestive muito em contato com os livros de Bion, de Winnicott. E, por o, os grandes autores que me influenciaram foram os filos e os escritores franceses. Quais filos? vocpoderiam perguntar. Em especial, Plat Li muitimo Plat Espinosa. Trabalhei muito os ests, em especial, o conceito dos incorporais que muito me ensinou e que utilizo bastante em psicanse. Tambfilos mais pros a ncomo Merleau-Ponty, Deleuze Depois, os grandes literatos, que sob uma forma derivada tambsfilos, como o poeta Renhar, ou Henri Michaux, Victor Hugo, Bonsuet E Deleuze muito mais do que Foucault. Depois, estos filos italianos como Antonio Gramsci, Galvano Della Volpe, um filo marxista muito importante dos anos sessenta, jalecido, que desenvolveu uma teo-ria da estca e da ca que muito me influenciou na juventude. E Heidegger, claroum autor que li muito e que teve muita influia no meu modo de pensar o tempo, o tempo do inconsciente. Assim como Plotino. Sempre aconselho sua leitura para quem se interesse pelo tema do tempo circular.</s>
    <s>Percurso: E quanto a Derrida?</s>
    <s>Nasio: Penso que ele nome que permanece como o grande filo da nossa ca; ent evidentemente, hm interesse por ele. Respeito-o, li seus trabalhos, mas nme aprofundei muito em sua obra.</s>
    <s>Percurso: Boa parte de seus livros dedica-se ransmissda psicanse. O Sr. poderia discorrer sobre a sua concep de transmiss bem como sobre a forma do analista?</s>
    <s>Nasio: Bom, o tema da transmissme uito pro e tem muito a ver com o que estava dizendo a respeito do ensino e da escrita. Mas, acrescentaria tambque para mim uito importante, alda clareza, estimular o ouvinte ou o leitor e, dessa maneira, facilitar a aquisi do saber. Por isso trato de personificar os conceitos, de humanizos como se fossem personagens de uma fic cientca. Esse modo de transmiss que conduz o ouvinte a antropomorfizar uma entidade abstrata e dela se apropriar, eu o chamei de dramatizar um conceito. Eu sou muito visual ao tratar de teoria. vezes preciso explicar um conceito difl em meu semino privado e me ocorre expresso com gestos eloq. Por exemplo, outro dia eu estava expondo o conceito de &quot;divisdo sujeito&quot;. Surpreendi-me ilustrando-o atravde um gesto tco do esquizofrco na fase de despersonaliza. Enquanto falava, sem me dar conta, comecei a reproduzir o movimento que tantas vezes observei no psico: aproximar lentamente uma mdos olhos, girando-a, olhando-a fixamente, e perguntar com ang se essa mestranha realmente minha. Para aqueles que conhecem os esquizofrcos, esse m gesto muito comum do feno de despersonaliza, ma mca da despersonaliza. As perguntas que se seguiram inha exposi provaram que a mca havia permitido um acesso imediato a uma no tcomplexa. Ou ent vezes, o que faramatizar um conceito como se ele falasse. Por exemplo, na conferia sobre o ipo que dei no Rio de Janeiro, ao final, para resumir o que era o ipo do menino e o ipo da menina, fiz o inconsciente do menino edco e da menina edca falarem.</s>
    <s>Quanto orma do analista, para mim, a primeira coisa que forma um analista pra experiia de anse.</s>
    <s>Percurso: E sua experiia de anse foi sempre kleiniana?</s>
    <s>Nasio: Sim. Eu me analisei apenas uma vez, com um salista. diferente dos dias de hoje onde as pessoas se separam e voltam a se casar, tvas anses e vos analistas. Sou fiel a minha experiia de anse com Emiliano del Campo. Gostaria que, nesta entrevista, vocanotassem a minha filia analca: Emiliano del Campo me analisou, tendo sido ele analisado por Josleger, que, por sua vez, foi analisado por Enrique Pichivi. Este o, sempre na Argentina, foi analisado por Angel Garma e Angel Garma foi analisado por Theodor Reik. Theodor Reik foi analisado por Karl Abraham e teve uma pequena experiia com Freud. De modo que o meu bisavu meu tatarav ou o meu tataratataravKarl Abraham e Theodor Reik. Mas a anse que fiz com Emiliano del Campo foi tipicamente kleiniana, visto que, naquele momento, na Argentina, o que dominava era o kleinismo.</s>
    <s>Percurso: E como foi que o Sr. conheceu Lacan?</s>
    <s>Nasio: Comecei a ler Lacan em 1966. Interessei-me de tal forma que decidi vir para a Franem 69 para estudar com ele. Quando cheguei em Paris, aprendi o france em seguida fui ver Lacan que simpatizou muito comigo. Ser um jovem que vinha de tlonge para estudar ajudou muito na nossa boa rela. Pouco tempo depois, Lacan pe-diu que eu revisasse a versem espanhol dos Escritos. Foram ins as vezes em que jantamos juntos, e eu trazia meus pap, perguntava sobre temas dos Escritos, e discutos Isso foi algo extraordino, ainda mais para um jovem de 28 anos. Nvoltei mais para a Argentina porque o que aconteceu comigo foi algo muito especial. H3 anos que me encontro na Frane hcontecimentos que marcaram minha trajet aqui. Um deles sse encontro com Lacan. Outro, foi fazer uma conferia no semino de Leclaire no ano em que cheguei. Em seguida, Leclaire me pediu um artigo para sair em seu livro. Produzir, aqui na Fran um artigo num livro de um dos maiores psicanalistas da ca, publicar um artigo no livro do maior psicanalista em Paris, ou um dos maiores em todo caso, foi algo que me instalou imediatamente no meio psicanalco franc E aome a minha carreira.</s>
    <s>Um outro grande acontecimento deu-se com Lacan novamente, em 79, e, ainda que ele jstivesse velho, estava perfeitamente l, nera a ca da doen Eu fazia superviscom Lacan regularmente heis anos, todas as segundas-feiras 11 horas da manhe numa dessas segundas ele me disse: Bom, Nasio, amanhocai dar o meu seminoQuando ele veio com isso, sao seu consult como se tivesse tomado uma espe de droga, atordoado, nsabia o que fazer Imagine falar no semino de Lacan, no lugar de Lacan, diante de oitocentas pessoas!, na ter ao meio-dia Era a maior honra que se podia obter em nosso meio psicanalcoBem, e assim foi. Cancelei todos os pacientes dessa segunda-feira como medida mma, ndormi durante a noite e retomei um trabalho que eu havia feito sobre o sujeito. No dia seguinte ao meio-dia dei o semino no lugar de Lacan. Ele se encontrava sentado a meu lado enquanto eu falava. Isto foi em 15 de maio de 1979. Outra honra foi quando Renhom, pro Nobel em matemca, pediu-me que fosse a Bures-sur-Yvette ( local dos cientistas, equivalente a Princeton nos Estados Unidos) dar um curso sobre topologia lacaniana. Por o, recebi a Legide Honra francesa hm ano e meio. Sesses os momentos, as balizas mais importantes do meu percurso.</s>
    <s>Percurso: E a sua experiia com Franse Dolto? Gostaros que o Sr. nos contasse a respeito dos atendimentos conjuntos, tsui generis, que ela coordenou e que o senhor relata no seu livro Introdu bra de Freud, Ferenczi, Groddeck, Klein, Winnicott, Dolto.1 Que aportes trouxeram para o seu trabalho na clca?</s>
    <s>Nasio: A experiia com Dolto foi um momento muito marcante. Quando jovem eu havia trabalhado com crian no Hospital Lan Argentina. Depois, como estava tinteressado por Lacan, acabei abandonando esse trabalho. Nos anos 80 eu retomei o contato com Dolto. amos muito amigos desde a minha chegada aqui, mas nunca tinha me interessado por sua teoria. Ela me propr a suas consultas com crian e pouco a pouco me converti no seu disclo preferido e aprendi mui- to. Produzimos um livro juntos e Dolto tambconstituiu uma grande influia.</s>
    <s>Ela atendia crian s, institucionalizadas, com mais vinte analistas que ali estavam para aprender. Na realidade, todos narticipmos do atendimento mas a minha posi era um pouco privilegiada. Dolto atendia todas as sextas-feiras e estmos divididos em dois grupos que se revezavam a cada quinze dias. No meu grupo era eu quem a substitu quem intervinha mais ativamente e, no outro grupo, havia uma senhora que ocupava a mesma posi. Evidentemente que, durante todos esses anos, 83,84,85, at sua morte em 88, tivemos uma rela muito estreita e, muito intensa. Fizemos esse trabalho clco que eu chamo a caberto. Ela dizia que nera consulta e sim, anse de crian. Anse de crian a caberto: anse de crian aberta scuta de outros que se encontravam presentes como testemunhas, como um coro grego.</s>
    <s>Percurso: Como era isso para as crian?</s>
    <s>Nasio: A crianentrava, n cumprimentmos: Bom dia, Martine!, por exemplo, ela respondia e depois se punha a trabalhar com Dolto, e era como se nmais existemos. vezes, Dolto dava a volta e nos dizia: Que lhes parece? ou nos dava a oportunidade de intervir. Em outras oportunidades nossa interven consistia em cantarmos todos uma can de ninar que Dolto havia pedido. Enfim, tamos uma participa ativa, discreta, e posso garantir que nperturbava de nenhuma maneira a rela transferencial da criancom Dolto. Posso asseguro porque acompanhei esse trabalho, nessas condis, durante quatro ou cinco anos. Certamente a criantambtransferia conosco. Mas a transferia com o grupo estava submetida ransferia com Dolto.</s>
    <s>Percurso: E o Sr. considera vda essa experiia de anse e ensino?</s>
    <s>Nasio: AbsolutamenteNslida, do ponto de vista psicanalco, como eficaz, porque as crian melhoravamIsto importante: as crian sofriam menos depois desse trabalho. Havia crian que vieram durante um ano ou dois, que quando chegaram estavam muito perturbadas, tinham transtornos gravimos, psicas, e que ao final estavam num estado que era surpreendenteSurpreendente vas tmudadas, ttransformadasDo ponto de vista da efica terapica nhenhuma d. E, do ponto de vista do setting psicanalco, do enquadre padr posso dizer que era diferente daquilo que habitualmente fazemos nos consults particulares, mas esse modelo psicanalco se manteve perfeitamente bem e o adaptmos sem alterar nenhum dos princos fundamentais em psicanse.</s>
    <s>Percurso: E, como ensino, o senhor tambconsidera vdo?</s>
    <s>Nasio: Como ensino era extraordinoImagine Dolto sentada a uma mesa e vocobservando-a de costas. direita de Dolto estentada a crian Vocas observam da mesma maneira que hoje em dia se observa um campeonato de ts em Roland Garros: eu observava Dolto fazer a interpreta e a minha cabeia para a direita para ver como ue a crianreagia; depois observava Dolto squerda Minha cabepassava fazendo um movimento da esquerda para a direita como num jogo de ts. Aldisso, Dolto me pedia para que eu me sentasse num lugar privilegiado, muito pro da mesa. E ver Dolto e a criancomo que num bate-bola, assim, trocando palavras, desenhos e interpretas era extraordinoFoi uma das experiias de ensino mais ricas, mais fecundas que jamais tive. Vi Lacan fazer entrevistas com pacientes psicos mas nme impressionou tanto quanto Dolto nesse tratamento das crian, ou como me impressionou meu pro professor de psiquiatria na Argentina, Mauro Goldenberg. Era extraordino vo trabalhar atendendo um paciente. Lacan ntinha esta ductibilidade, esta arte extraordina do digo com o ser humano doente. Conseguir estabelecer uma comunica com um delirante ou uma mulher que sofre de depress em que o sujeito fale com voc, pouco a pouco, ve revelando, como se estivesse se abrindo uma espe de mundo fechado, de onde vsurgindo imagens, figuras e hists isso xtraordinoVi isso funcionar com Mauro Goldenberg e tambcom Franse Dolto.</s>
    <s>Percurso: Em nosso meio, difundiu-se, amplamente, do ensino lacaniano toda a temca da ordem do simbo em detrimento do pulsional. Entretanto, esta posi nparece refletir aquela de Lacan, que teorizou extensamente sobre a puls athe outorgar o lugar de um dos quatro conceitos fundamentais da psicanse (juntamente com inconsciente, transferia e repeti). Quais seriam as conseqs e os riscos dessa dissocia para a prca clca?</s>
    <s>Nasio: Creio que hm grande mal-entendido em rela osi de Lacan no que diz respeito ao problema do corpo e da alma, da pulse da linguagem etc. Cada vez que se fala de Lacan, omo se pensemos que ele acreditava, visto que o inconsciente eststruturado como uma linguagem, que a psicanse ma rela na qual o elemento dominante seja a linguagem. Isso nestorretoDe maneira algumaEstou totalmente em desacordo com essa posiQuem diz isso nconhece LacanE o digo de maneira taxativa. Ncostumo ser taxativo, mas, aqui, vou ser: aquele que diz que segundo a teoria lacaniana a linguagem elemento dominante na rela analca nconhece a teoria lacaniana. Ao contro, Lacan dizia que o que dominava numa rela analca era justamente o que n linguagemE chamava isso objeto a. O objeto a justamente, o que ninguagem, o que nignificante, palavra, pensamento. E, se tivemos que aproximo de algo, trataros de associo mo, ao vivido, ao inexpriml, ao indefinl, inominlPor isso Lacan considera que o objeto a esta posi de agente do discurso analco2. Portanto, ora de dissipar mal-entendidos de uma vez por todas: a posi de Lacan de que o motor do tratamento n linguagem. O motor do tratamento que ninguagem</s>
    <s>Percurso: Atualmente existe uma meta difundida pela ma, de elimina da dor, seja ela fca ou psica. O Sr. escreveu O Livro do Amor e da Dor3 onde, ao invde propor o esquecimento ou elimina da dor, propue ela seja tematizada e pensada. No Brasil, o refrde uma m bastante conhecida pergunta: &quot;Para que rimar amor e dor? Gostaros de encaminhar este refrao Sr.</s>
    <s>Nasio: O tema da dor foi pouco tratado na psicanse, pelo menos por nossos mestres, como Freud, como Lacan, e para mim foi um desafio abordar um tema pouco desenvolvido nas obras dos psicanalistas. Huitas hipes em meu livro sobre a dor e o amor, e hipes novas procuro hipes novas, que possam ser utilizadas por outros , mas hma que de pensar o amor como condi pra da dor psica: nhor sem amor, porque a dor psica rea afetiva ante uma perda. Por essa perda perda de algo, ou de algucom quem tenho uma ima liga de amor. Eu nposso sofrer dor da perda de alguque namo. Se amanhochegar em sua casa e lhe derem a nota de que o porteiro morreu, vocai ficar afetada, por nvai sofrer dor. Se, ao contro, lhe avisam da perda de alguque lhe bsolutamente indispensl em sua vida, algucom quem tem um vulo dependente, aim vocai sofrer dorDor psica, ndor moral. Por isso digo que a dor tem por condi o amor, um vulo estreito de amor; e considero que existem quatro objetos com os quais temos uma rela permanente de amor.</s>
    <s>Um objeto ser que amo, aquele com quem compartilho minha vida seja um pai, uma m um filho, a mulher ou o homem, pouco importa , aquele com quem partilho minha vida e tenho uma rela estreita de fantasma. Se essa pessoa morre vou sofrer de dor, e a essa dor vou chamar de dor de luto.</s>
    <s>Em seguida, penso em outro feno que diz respeito a uma rela estreita de amor com um partner, com um parceiro, que pode ir-se, abandonar-me, ir-se com outro. Nque ele morra, mas que voluntariamente decida nmais manter o vulo comigo. Aambvou sofrer uma dor, a dor de abandono.</s>
    <s>Outro objeto com o qual tenho uma rela de amor muito intensa, um amor esponto, tesponto como a respira, eu pro corpo. Por ele tenho um amor no qual npenso, que ntreco a meu pro ser, porse acontece alguma coisa com, ele, se amanhenho um acidente e perco algo da integridade de meu corpo, vou sofrer dor, e essa dor chamo de dor da mutila ou dor da amputa.</s>
    <s>E tenho outra instia, outro objeto com o qual tambmantenho uma rela de amor implto, tta, que vezes nem me dou conta e que inha pra imagem, a imagem de mim mesmo. Se essa imagem lterada, seja por uma humilha ou pelo impacto de alguque me trata mal, que me despreza, vou sofrer uma dor muito intensa, que chamo de dor de humilha.</s>
    <s>Essas sas quatro dores que proponho, que sreas ante a perda de um objeto de amor, seja o ser querido que morreu, seja o ser querido que se vai, seja uma parte de meu corpo, a integridade de meu corpo ou minha pra imagem.</s>
    <s>Percurso: Sim, em rela a isso, retornando rimeira parte da pergunta que diz respeito retensda medicina de eliminar a dor, a medicina que agora estpreocupada em eliminar a dor, que lhe parece isso?</s>
    <s>Nasio: E me parece bem. O tema da dor na medicina, hoje, estuito na moda, e hrandes avan que foram feitos nos os cinco, dez anos, avan extraordinos na compreensda neurofisiologia e da neuroquca da dor; e, aldisso, no tratamento e no como evitar a dor naqueles que sofrem, em particular, nas crian, sobretudo nos beb</s>
    <s>O meu interesse pela dor, no entanto, ndata de agora, ele remonta a um semino que dei nos anos 85-86, quando nem mesmo a medicina se interessava pelo tema, nestava na moda. Comecei a escrever esse livro sobre a dor em 85, e ele si publicado 10 ou 15 anos mais tarde. Digo isso porque ele nma resposta preocupas da medicina de hoje, ma preocupa de um psicanalista em rela a um tema pouco tratado em psicanse e que remonta a muitos anos. Com rela edicina, minha posi logiosa, penso que uito bom que ela avance nesse tema e trate para que os seres humanos sofram menos. Ju, o que busco nesse livro onceituar a dor, fazer da dor um conceito psicanalco, o que no toje. Provavelmente meu livro vai favorecer isso, porque depois de sua publica, tanto no Brasil, como na Argentina e na Fran muitos psicanalistas estse preocupando com esse tema. O livro abriu um campo novo de investiga e, para mim, isso otivo de orgulho.</s>
    <s>Percurso: Num dos primeiros caplos de seu livro Como trabalha um psicanalista, o Sr. afirma que nem todos os pacientes que procuram uma anse sanalisis, e estabelece uma se de critos para avaliar a analisabilidade do futuro analisando. O Sr. poderia desenvolver em poucas palavras como concebe esses critos?</s>
    <s>Nasio: O tema da analisabilidade foi objeto de diversos debates na comunidade analca. Lembro-me de um congresso que houve em 1960, 65, organizado pelos ingleses, cujo tema foi a analisabilidade. Hoje, eu diria que a psicanse nm mdo aplicl a todos. Nem todo mundo nalisl. Quais s ent os critos para pensar se algunalisl ou n</s>
    <s>Para mim, hos critos e penso isso como analista que recebe um paciente em uma primeira entrevista. Primeiro: o homem, a mulher ou a crianque consulta, deve ser um ser que sofre, no limite do suportl, e se queixa. A queixa ssencial. Primeiramente, ent sofrer e queixar-se.</s>
    <s>Segundo. Tem que ser alguque se pergunte por que sofre e que procure responder (a essa pergunta). Isso parece elementar, por undamental. Ser analisl significa perguntar-se Por que sofro? Por que vou mal? e tratar de dar-se uma resposta.</s>
    <s>A terceira condi justamente, esta atitude de responder ao por- quo sofrimento. Sofrer, interrogar-se sobre a causa do sofrimento e tratar de responder. Essas sas trprimeiras condis para iniciar uma anse. Hutras condis. que o futuro analisante espere da anse uma solu para seu problema. Essa seria a quarta condi. Por quPorque penso que esta espera undamental. sino de esperane vocsabem que a esperan forque anima a cura atue o paciente melhore.</s>
    <s>Do ponto de vista teo, Lacan propma fla muito expressiva para nomear essa esperan que se chama o sujeito suposto saber; que nodemos traduzir por analista suposto saber. Quer dizer, um analista que creio ser suficientemente competente para me ajudar a encontrar uma solu. por isso que a espera da melhoria ambuma cren E a crenundamental, porque ela ma forque contribui ao desenvolvimento da psicanse, ao desenvolvimento da cura.</s>
    <s>A a condi de analisabilidade deriva naturalmente dessa espera crescente, e se trata da ang. Pode parecer curioso, mas undamental que aquele que vem onsulta tenha medo de come uma anse. O medo de se expor analca undamental. O paciente que vem se consultar e ntem medo, para mim, isso jndica a ausia de uma das condis de analisabilidade. Quando um paciente vem me ver e chega muito tranqsenta-se na sala de espera como se fosse sua casa, ou fala comigo pelo celular estou falando da primeira vez, eu me digo que esse paciente ou j um velho analisante, joi analisado antes, ou m paciente que nestm condis de anse, nem sequer de uma rela mais aberta com a anse. Nquero dizer a anse como se fosse um mdo muito fechado, mas uma rela analca em todas suas variantes. Vou fazer esfor, vou tomar isso em conta, mas provavelmente m paciente com muita dificuldade. Por quPorque faz falta o medo, a d, a introspec. necesso que o paciente tenha um certo movimento em dire ao interior de si mesmo e, se ele estuito extrovertido, muito voltado para fora, vai ser muito difl.</s>
    <s>Percurso: Essa rela de interioridade nos psicos e nas crian com dificuldades importantes de constitui psica omplicada, n</s>
    <s>Nasio: Sim, por isso digo que vezes um paciente pode ser psico e ter essa presenem rela a seu pro interior e, contrariamente ao que dizia Freud, penso que os pacientes esquizofrcos ou depressivos melancos uma melancolia ma psicose podem perfeitamente estabelecer uma transferia. Js crian ntum movimento natural de introspec, por tuma grande transparia do inconsciente, o que uito importante. E isso ma questdo analista escuto assim.</s>
    <s>Percurso: Mais do que outros autores de procedia freudo-laca-niana, o Sr. privilegia o tema da percep. Fala de perceps inconscientes, fala da percep quando trata da alucina e das formas de objeto a imaginas. Por que, para pensar esses fenos, o Sr. escolheu o termo percep?</s>
    <s>Nasio: O tema da percep, na verdade, ma parte de meus conceitos que utilizo muito tanto percep endopsica como percep inconsciente , e que poucos autores o fazem. Por nse trata da introdu de um conceito novo e sim do renascimento de um conceito jtilizado por Freud e abandonado logo em seguida, que percep endopsica. Isso tem a ver com o que falmos houco. Penso que um paciente analisl m paciente que estisposto a fazer essa percep endopsica, a ver-ser no interior de si mesmo. E penso que esse conceito m conceito para compreender outros problemas, como a forclus a psicose ou a forcluslocal, como a chamo. muito para o trabalho do analista. Eu trabalho muito com a percep endopsica do analista e isto ambuma proposi que me essoal.</s>
    <s>Percurso: Esse tema de seu novo livro que o Sr. mencionou no ino?</s>
    <s>Nasio: Exato, tema do inconsciente como instrumento. O pro livro deve se chamar O inconsciente instrumental do analista.</s>
    <s>Percurso: Nas suas propostas para pensar a clca, tem-se a impressde que a no de estruturas bem delimitadas e diferenciadas (neurose e psicose) se dissolve. Na sua perspectiva, ainda faz sentido pensar a questdo diagnco diferencial? Por qu/i&gt;</s>
    <s>Nasio: Nposso dizer que o conceito de estrutura se dissolva, porerdade que sofreu uma revisdevido lca. A clca me mostrou que hacientes que podem ser neuros com sinto- mas ditos psicos e hacientes psicos que tcomportamentos perfeitamente normais, ls, fora de qualquer realidade delirante. Essa observa clca, que qualquer psicanalista pode fazer, me levou ormula da teoria da forcluslocal.</s>
    <s>Percurso: Com esse conceito de forcluslocal, o Sr. propma contribui eoria da forclus que permite compreender fenos clcos que nconseguiam ser tematizados, tais como a passagem ao ato, a alucina e a lesdenominada psicossomca. Mais do que uma contribui, o Sr. npensa que esse conceito subverte a teoria lacaniana das psicoses?</s>
    <s>Nasio: Essa teoria parte do princo de que o sujeito qualquer sujeito , nma unidade; ao contro, somos uma multiplicidade de estados subjetivos, s e enfermos, e cada um desses estados subjetivos m fantasma, em geral, inconsciente, composto de dois personagens, inseridos num ceno que se organiza ao redor de uma emo intensa. Poderia dizer assim: eu sou uma pluralidade de cenas, uma pluralidade de fantasmas, s e enfermos, a maior parte recalcada, e alguns delirantes, que sos fantasmas como que empilhados, uns sobre os outros, unidos por um fio invisl que assegura minha identidade de sujeito. uma teoria que poderia chama a teoria do sujeito folhado. O sujeito folhado, como mil folhas.</s>
    <s>Percurso: Uma metra gastrona.</s>
    <s>Nasio: Essa inha teoria. Lacan diria o sujeito dividido, eu prefiro dizer o sujeito folhado. Lacan o dividia em dois, eu o multiplico por uma infinidade de folhas e cada um de node ser perfeitamente normal em sua rela cotidiana e, localmente, delirante sob a influia transit de um fantasma psico. E, ao contro, um doente sofrendo uma psicose grave pode conservar regisem seu psiquismo. Por isso digo que a forclusocal. O mecanismo do fantasma delirante pode ser perfeitamente local e perturbar um fantasma ou uma realidade local e nperturbar o resto.</s>
    <s>Percurso: Dentre as suas contribuis sicanse, qual delas o Sr. elegeria como a mais significativa?</s>
    <s>Nasio: Hos pontos que poderos resumir assim: a primeira de minhas contribuis, a que mais me entusiasma e mantenho desde os anos 1977, 1975, hipe de que nosso inconsciente nico, acontecimental e produzido, o que significa que o inconsciente nexiste a todo instante. Ele aparece somente em momentos privilegiados quando ocorre um acontecimento singular na cura, quando analisante e analista vivem uma emo muito intensa ou deixam escapar uma palavra que os modifica. Diante disso, nhnconsciente nem antes nem depois, sendurante o acontecimento. Ele ntreco, imanente ao acontecimento, o que implica e essa segunda caracterica que ele nestli como um tesouro a ser descoberto, como muitas vezes se imagina, n reservat da alma, mas, tsomente, uma faa que nasce nos instantes cruciais do encontro analista-analisante.</s>
    <s>E a terceira caracterica ua notl mobilidade, a tal ponto que pode ter sua fonte pulsional em uma pessoa e manifestar-se em outra com quem se tem um vulo muito estreito. Assim, diria que o analista sonha em voz alta o que o paciente recalca em silio. Ou, para ser mais exato, o analista percebe nele os conflitos recalcados de seu analisante. Em uma slavra: o inconsciente nndividual, mas comum aos dois membros do encontro analco.</s>
    <s>Essa contribui tea de um inconsciente , acontecimental e produzido nestm contradi com a segunda hipe, a do inconsciente instrumental do analista, porque quando um analista percebe com seu inconsciente o conflito recalcado do paciente e o traduz em palavras, ele estmergulhado em seu analisante que a fronteira entre o inconsciente de um e do outro desaparece.</s>
    <s>Percurso: Seguindo o que o Sr. estizendo, esse sofrimento com que o paciente chega nseria, ent produto de seus fantasmas inconscientes, jue o inconsciente viria a se constituir somente na rela. Esse sofrimento com que ele vem seria produto do quComo chamaros isso?</s>
    <s>Nasio: O paciente vai construir seus fantasmas em fun de minha pra escuta, por o sofrimento com que ele vem seria produto de sua pra hist, um sofrimento inconsciente em rela a outro sujeito. Sempre o inconsciente inconsciente do Outro. Lacan dizia que o desejo desejo do Outro, eu diria que o inconsciente inconsciente do Outro. Sempre hutro com aquele que sofre, seja a m o pai, o irm a noiva, o cachorro. E o analista o que faz izer-lhe: deixe-me ser seu Outro, compartilhe comigo seu inconsciente, e pode ser que eu possa ajudo a minorar seu sofrimento.</s>
    <s>Creio que um outro tema da forma do objeto a. uma teoria para dar conta de fenos mdos que aparecem no tratamento e que a ele resistem, como as passagens ao ato compulsivas, certas doen psicossomcas, alucinas. Para mim, haveria dois tipos de formas: forma do inconsciente e forma do objeto a (ou forma do gozo, que vem a ser o mesmo).</s>
    <s>O outro tema da forcluslocal, da qual jalamos, e a outra hipe da dor, tamb como uma forma do objeto a.</s>
    <s>1. Nasio, J(org) Introdu Obras de Freud,</s>
    <s>Ferenczi, Groddeck, Klein, Winnicott, Dolto RJ: Jorge Zahar Ed, 1995.</s>
    <s>2. J. Lacan, O Semino, Livro 17, &quot;O Avesso da Psicanse&quot;, RJ, Zahar, 1992.</s>
    <s>3. J. Nasio (org), O Livro do Amor e da Dor, RJ, Zahar, 1997.</s>
    <s>OBRAS CITADAS</s>
    <s>J. Nasio Os Olhos de Laura. Porto Alegre Artes Mcas, 1991.</s>
    <s>J. Nasio - Lis Sobre os Sete Conceitos Cruciais da Psicanse. Rio Janeiro: Jorge Zahar Ed, 1989.</s>
    <s>J. Nasio - A Histeria. Rio Janeiro: Jorge Zahar Ed., 1991</s>
    <s>J. Nasio - O Olhar em Psicanse. Rio Janeiro: Jorge Zahar Ed, 1995.</s>
    <s>J. Nasio - O Prazer de Ler Freud. Rio Janeiro: Jorge Zahar Ed., 1999.</s>
    <s>J. Nasio - Como Trabalha um Psicanalista? Rio Janeiro: Jorge Zahar Ed, 1999.</s>
    <s>J. Nasio (org) - O Livro do Amor e da Dor. Rio Janeiro: Jorge Zahar Ed, 1997.</s>
  </text>
</page>
