<?xml version="1.0" encoding="UTF-8"?>
<!DOCTYPE page SYSTEM "page.dtd">
<page>
  <lang>pt</lang>
  <url>http://www.athoele.com/forum/viewtopic.php%3Ff%3D17%26t%3D129</url>
  <title>Fórum Brasil Suíça - Ver Tópico - Conferência Brasileiros no Mundo ...</title>
  <snippet>
    <s>Administrador. Data de registro: Qua Jul 23, 2008 7:36 pm abaixo-assinado, em julho, na Conferência sobre emigração, no Rio de Janeiro. </s>
  </snippet>
  <text>
    <s>Pagina principal • athoele.com</s>
    <s>Registrar • FAQ • Busca • Entrar</s>
    <s>Hoje e Ter Out 18, 2011 1:22 pm</s>
    <s>Ver mensagens sem resposta | Ver topicos ativos</s>
    <s>Pagina Principal » Vida na Suíça » Vida na Suíça</s>
    <s>Todos os Horarios estao como UTC + 1 hora DST</s>
    <s>Conferência Brasileiros no Mundo - candidatura 2</s>
    <s>Pagina 1 de 1</s>
    <s>1 Mensagem</s>
    <s>Visualizar Impressao</s>
    <s>Exibir Topico Anterior | Exibir Proximo Topico</s>
    <s>Conferência Brasileiros no Mundo - candidatura 2</s>
    <s>Autor Mensagem</s>
    <s>Data de registro: Qua Jul 23, 2008 9:36 pm</s>
    <s>Mensagens: 19</s>
    <s>Conferência Brasileiros no Mundo - candidatura 2</s>
    <s>Para manter a neutralidade deste espaço, coloca agora a mensagem dos outros candidatos à representação na 2° Conferência Brasileiros no Mundo</s>
    <s>Seguem aqui as instruções para votação via internet do representante europeu junto à comissão do Ministério das Relações Exteriores.</s>
    <s>Eleição de um representante europeu na comissão de organização do II° Seminário de Brasileiros no Mundo.</s>
    <s>Escolha como representante alguém que você conhece e que lutou pelos direitos de seus filhos. (E que também é o responsável por esta primeira votação in­ter­nacional, pela Internet, entre os emigrantes brasileiros)</s>
    <s>Você ajudou ou apoiou o movimento inter­nacional de cidadania Brasileirinhos Apátridas a recuperar a nacionalidade brasileira nata para os brasileirinhos nascidos no Exterior. Seus filhos ou seus netos são hoje brasileiros natos e não correm mais o risco de se tornarem apátridas.</s>
    <s>Você participou, e se orgulha, de uma ação inédita – a mudança da Constituição por simples cidadãos, reunidos num movimento apartidário, láico, independente, sem subvenções e sem dinheiro.</s>
    <s>Agora é hora de se pensar no futuro dos 4 milhões de emigrantes brasileiros adultos, para que possam assumir eles mesmos seu destino, numa grande Federação, Conselho internacional ou Estado do Emigrante.</s>
    <s>Para que esse projeto inovador prossiga é preciso apoiar seu idealizador, Rui Martins, que foi também o criador do movimento dos Brasileirinhos Apátridas</s>
    <s>E votar nele para que participe de uma Comissão representativa dos emigrantes junto ao Ministério das Relações Exteriores, criada por sua iniciativa num abaixo-assinado, em julho, na Conferência sobre emigração, no Rio de Janeiro.</s>
    <s>Para votar é simples – copie o texto abaixo e envie um email para o Itamaraty com os seguintes endereços (mobilize seus amigos, quanto mais votos tiver maior será a força do nosso movimento):</s>
    <s>brasileirosnomundo@mre.gov.br; marcos@cca-online.nl; martinsrp@hotmail.com</s>
    <s>Meu voto é para Rui Martins, criador do movimento de cidadania Brasileirinhos Apátridas e idealizador do projeto apartidário e láico Estado do Emigrante.</s>
    <s>Quem não tem email, pode datar e copiar o mesmo texto numa carta ou no verso de um cartão-postal endereçada ao</s>
    <s>Ministério das Relações Exteriores</s>
    <s>Brasileiros no Mundo</s>
    <s>Aos cuidados de Eduardo Gradilone</s>
    <s>Esplanada dos Ministérios</s>
    <s>BRASILIA – Brasil</s>
    <s>Sex Set 19, 2008 11:54 am</s>
    <s>Mostrar mensagens anteriores: Todas as mensagens1 dia7 dias2 semanas1 mes3 meses6 meses1 ano Organizar por AutorHora da MensagemAssunto CrescenteDecrescente</s>
    <s>Pagina 1 de 1</s>
    <s>1 Mensagem</s>
    <s>Pagina Principal » Vida na Suíça » Vida na Suíça</s>
    <s>Todos os Horarios estao como UTC + 1 hora DST</s>
    <s>Quem esta online</s>
    <s>Usuarios vendo este forum: Nenhum usuario registrado online e 2 visitantes</s>
    <s>Voce nao pode criar novos topicos neste forum</s>
    <s>Voce nao pode responder topicos neste forum</s>
    <s>Voce nao pode editar suas mensagens neste forum</s>
    <s>Voce nao pode excluir suas mensagens neste forum</s>
    <s>Procurar por:</s>
    <s>Ir para: Selecionar um forum ------------------ Geral Quem somos? Como usar o fórum Endereços importantes e dicas Novidades Comentários sobre o fórum Vida na Suíça Questões legais Moradia Vida na Suíça Eventos Trabalho &amp; Estágio Família &amp; Educação Turismo Quadro de anúncios Pequenos anúncios Contatos - fazer amigos Papo-furado Kleine Anzeige auf Deutsch</s>
    <s>(C) 2011 Alexander Thoele - Switzerland</s>
    <s>*DST: Daylight Saving Time</s>
  </text>
</page>
