<?xml version="1.0" encoding="UTF-8"?>
<!DOCTYPE page SYSTEM "page.dtd">
<page>
  <lang>pt</lang>
  <url>http://www.seppir.gov.br/publicacoes/conferencia_durban/</url>
  <title>Conferência de Revisão de Durban — SECRETARIA DE ...</title>
  <snippet>
    <s>A Conferência de Revisão de Durban aconteceu entre os dias 20 e 24 de abril em Genebra, Documento Final da Conferência de Revisão de Durban </s>
  </snippet>
  <text>
    <s>Skip to content. | Skip to navigation</s>
    <s>SECRETARIA DE POLÍTICAS DE PROMOÇÃO DA IGUALDADE RACIAL</s>
    <s>Advanced Search…</s>
    <s>!Fale com o Governo Fale com o Governo</s>
    <s>Notícias da Presidência</s>
    <s>Informações Históricas</s>
    <s>SECRETARIA DE POLÍTICAS DE PROMOÇÃO DA IGUALDADE RACIAL</s>
    <s>Você está aqui: Página Inicial -&gt; Publicações -&gt; Conferência de Revisão de Durban</s>
    <s>Document Actions</s>
    <s>Conferência de Revisão de Durban</s>
    <s>A Conferência de Revisão de Durban aconteceu entre os dias 20 e 24 de abril em Genebra, na Suíça. O encontro avaliou o progresso das metas estabelecidas na III Conferência das Nações Unidas contra o Racismo, a Discriminação Racial, a Xenofobia e as Intolerâncias Correlatas, realizada em Durban, na África do Sul, em 2001.</s>
    <s>A Conferência de Revisão serviu ainda para reforçar o compromisso das nações em torno do cumprimento da Declaração e Plano de Ação de Durban, com o revigoramento das ações, iniciativas e soluções práticas no combate ao racismo.</s>
    <s>Confira nos links abaixo o documento final aprovado em Genebra e os discursos do chefe da delegação brasileira, ministro Edson Santos, proferidos na abertura e no encerramento da Conferência.</s>
    <s>Discurso do Min. Edson Santos na Abertura da Conferência de Revisão de Durban</s>
    <s>Discurso do Min. Edson Santos no Encerramento da Conferência de Revisão de Durban</s>
    <s>Documento Final da Conferência de Revisão de Durban</s>
    <s>Sobre a Secretaria</s>
    <s>Convênios e Contratos</s>
    <s>Relatórios de Gestão</s>
    <s>Ações, programas e projetos</s>
    <s>Notícias e Imagens</s>
    <s>Conferência de Revisão de Durban</s>
    <s>Fale conosco</s>
    <s>Portal Brasil</s>
    <s>Mapa do Site</s>
  </text>
</page>
