<?xml version="1.0" encoding="UTF-8"?>
<!DOCTYPE page SYSTEM "page.dtd">
<page>
  <lang>pt</lang>
  <url>http://itcpfgv.org.br/noticias/moedas-complementares-e-moedas-sociais-30-anos-depois/</url>
  <title>Moedas Complementares e Moedas Sociais, 30 anos depois ...</title>
  <snippet>
    <s>27 jan. 2011 “Moedas Sociais 30 anos depois”: entre 15 e 18 de Fevereiro Conferência Internacional sobre Moedas sociais e complementares 2011 Site do Evento: http://conferences.ish-lyon.cnrs.fr/index.php/cc-conf/2011 </s>
  </snippet>
  <text>
    <s>Quem somos?</s>
    <s>Ações realizadas</s>
    <s>Atividades do semestre</s>
    <s>Parceiros Mantenedores</s>
    <s>Parceiros Investidores</s>
    <s>Parceiros Tecnológicos</s>
    <s>Parceiros Comerciais</s>
    <s>Parceiros de Execução</s>
    <s>Doces Talentos</s>
    <s>Limpet Tonato</s>
    <s>Limpet Valongo</s>
    <s>Sonhos e Sabores</s>
    <s>Arte e Luz da Rua</s>
    <s>Comercialização Solidária</s>
    <s>Finanças Solidárias</s>
    <s>Agência de Comunicação e Comércio Solidário</s>
    <s>Finanças Solidárias</s>
    <s>Feira de Trocas Solidárias</s>
    <s>Incubação de Empreendimentos</s>
    <s>Programa de Formação</s>
    <s>Ensino à Distância</s>
    <s>Disco Virtual</s>
    <s>Incubação Online</s>
    <s>Rede Social</s>
    <s>Gestão Integrada</s>
    <s>Ambiente de Pesquisa</s>
    <s>!Conferência Internacional sobre Moedas sociais e complementares 2011</s>
    <s>!Aniversário CEPS1º Aniversario do Centro Público de Economia Solidária</s>
    <s>!Feira Troca-TrocaFeira Troca-Troca de Livros</s>
    <s>!conferenciatrabalhodecente1ª CONFERÊNCIA MUNICIPAL DE EMPREGO E TRABALHO DECENTE 2011</s>
    <s>!feira-de-trocas-capao-redondoO Clube de Trocas do Jardim Angela voltou!</s>
    <s>!1º Encontro da Rede de Negócios Inclusivos!ITCP realiza o 1º Encontro da Rede de Negócios Inclusivos</s>
    <s>Manoel Mendonça: Foi um momento muito democrático. Parabéns a todos .</s>
    <s>Tereza Cristina mesquita da Silva: Que ótima noticía a feirinha do Jardim Angela está de volta a 2 anos atrás era ALES ag </s>
    <s>maristoni: Muito bom aqui no centro de porto alegre no projeto que desenvolvemos temos ponto fixo de </s>
    <s>maristoni: penso que nesta Luz que temos que semear nos vendos como parte ..muito Bom o tema tenho </s>
    <s>Francisca rabelo: Parabens atodos felicidades </s>
    <s>Participação da ITCP-FGV na Expoidea 2010</s>
    <s>2 comments</s>
    <s>Banco de Talentos ITCP-FGV</s>
    <s>2 comments</s>
    <s>FEIRA DE TROCAS SOLIDARIAS – FESTA JUNINA</s>
    <s>2 comments</s>
    <s>Palestra sobre o Projeto Células de Transformação</s>
    <s>1 comments</s>
    <s>Comemoração de 6 anos da Cooperglicério</s>
    <s>1 comments</s>
    <s>agricultura ata atividade externa comercialização solidária Heloisa Primavera institucional Petrobras Projeto Caoby Rede Cananéia</s>
    <s>Vídeos da Economia Solidária</s>
    <s>Centro Público de Economia Solidária do Espírito Santo</s>
    <s>Brasil Sem Miséria</s>
    <s>II Conferência Estadual de Economia Solidária</s>
    <s>UNCTAD destaca bancos comunitários com exemplo de economia criativa no Brasil.</s>
    <s>Câmara de Vila Velha aprova projeto de lei da Economia Solidária</s>
    <s>FEIRA DE ECONOMIA SOLIDÁRIA DO MERCOSUL</s>
    <s>Mailing ITCP-FGV</s>
    <s>Arquivo ITCP-FGV</s>
    <s>outubro 2011</s>
    <s>setembro 2011</s>
    <s>agosto 2011</s>
    <s>julho 2011</s>
    <s>junho 2011</s>
    <s>maio 2011</s>
    <s>abril 2011</s>
    <s>março 2011</s>
    <s>fevereiro 2011</s>
    <s>janeiro 2011</s>
    <s>dezembro 2010</s>
    <s>novembro 2010</s>
    <s>Comercialização Solidária</s>
    <s>Finanças Solidárias</s>
    <s>Mobilização de Recursos</s>
    <s>Sem categoria</s>
    <s>!Agência de Comércio Solidário</s>
    <s>Moedas Complementares e Moedas Sociais, 30 anos depois</s>
    <s>Categoria: Notícias -- Enviado por grupobrasilianas em 27 de janeiro de 2011 20:54</s>
    <s>Acontecerá na cidade de Lyon (França) o Coloquio Internacional sobre Moedas Complementares e Moedas Sociais, onde a Professora Heloisa Primavera representará a ITCP-FGV.</s>
    <s>&quot;Moedas Sociais 30 anos depois&quot;: entre 15 e 18 de Fevereiro acontecerá o seminário internacional de moedas sociais e complementares em Lyon, França.</s>
    <s>Estaremos sendo representados pela Professora Heloisa Primavera, professora da Universidade de Buenos Aires, fundadora da RedLASES e consultora da ITCP FGV desde 2006.</s>
    <s>Atualmente, Heloisa coordena o Núcleo de Pesquisa e Desenvolvimento em Moedas Sociais da Incubadora.  Ela estará numa Conferência para o grande público no dia 17 de fevereiro e no dia 18 numa oficina de diálogo entre promotores de diversos sistemas vindos de todas as partes do mundo. A apresentação da Incubadora levará a esse público os diferentes projetos atualmente em desenvolvimento, nossos êxitos e nossos fracassos, para avançar numa estratégia de inteligência coletiva a nível global, reconhecendo os diferentes contextos históricos e socioeconômicos existentes e  a responsabilidade futura como coletivos atuantes nessa área inovadora.</s>
    <s>Suas exposições serão respectivamente sobre:</s>
    <s>&quot;Paradigma da escassez ou da abundância. Reflexões sobre experiências recentes na América Latina.&quot;</s>
    <s>&quot;Mudar de moeda ou mudar de paradigma?&quot;</s>
    <s>Site do Evento: http://conferences.ish-lyon.cnrs.fr/index.php/cc-conf/2011</s>
    <s>Programação: http://conferences.ish-lyon.cnrs.fr/public/conferences/4/schedConfs/3/program-en US.pdf</s>
    <s>TAGS: Heloisa Primavera</s>
    <s>0 Comentários</s>
    <s>Você pode ser o primeiro a publicar uma opinião sobre esse post.</s>
    <s>Publique sua Opinião</s>
    <s>Clique aqui para cancelar a resposta.</s>
    <s>E-Mail (required)</s>
    <s>!Assinar RSS Assinar RSS</s>
    <s>Ou cadastre seu e-mail para ser informado das novidades da nossa rede de sites da economia solidaria.</s>
    <s>Digite seu e-mail:</s>
    <s>Incubadora Tecnológica de Cooperativas Populares da FGV</s>
    <s>Av. Nove de Julho 2029 - São Paulo - SP - CEP: 01313-902</s>
    <s>itcpfgv@itcpfgv.org.br Tel 11 3799-3367</s>
    <s>Este site foi produzido pela Agência de Comércio Solidário da ITCP-FGV com Wordpress.</s>
  </text>
</page>
