<?xml version="1.0" encoding="UTF-8"?>
<!DOCTYPE page SYSTEM "page.dtd">
<page>
  <lang>pt</lang>
  <url>http://www.sieg.com.br/cbf.html</url>
  <title>Conferência de Busca do Futuro (CBF)</title>
  <snippet>
    <s>inicial &gt;&gt;Nossos produtos &gt;&gt; Conferências de Busca do Futuro Etapa A: O &quot; Patrocinador&quot;, pessoa física ou jurídica, que tendo significativa influência sobre o </s>
  </snippet>
  <text>
    <s>Quem Somos</s>
    <s>Nossos Produtos</s>
    <s>A Empresa</s>
    <s>Nossos Clientes</s>
    <s>Voce esta aqui:</s>
    <s>inicial &gt;&gt;Nossos produtos &gt;&gt; Conferencias de Busca do Futuro</s>
    <s>Outros Produtos SIEG CDS - Conferencias Dialogos Seriadas HD - Dinamicas Humanas SII - Sistema Inteligente de Informaçoes SPG - Sabedoria Profunda em Gerenciamento GProj - Gerenciamento por Projetos EPG - Expertise em Processos Gerenciais</s>
    <s>Conferencia de Busca do Futuro (CBF)</s>
    <s>!CBF - Conferência de Busca do Futuro</s>
    <s>O QUE CBF ?</s>
    <s>uma metodologia participativa de planejamento estratco de organizas e comunidades, com a particularidade de permitir reunir grandes grupos de at20 pessoas e deles obter consenso para construir um futuro comum. Ela ficaz mesmo com a participa de grupos de pessoas com posis totalmente antagas. Isto porque as pessoas sabem, em geral o que precisa ser mudado dentro das organizas e das comunidades. Todavia nsabem explicar o &quot;porque&quot; nem como mudar. Ntem habitualmente possibilidade de conversar sobre o assunto com outras pessoas. A CONFERCIA propicia esta ocasie consegue fazer com que todos os participantes falem e sejam ouvidos. Atravdo digo, as pessoas aprendem que as ids de mudannsas mesmas e que ecesso buscar os pontos que existem em comum. Estes sdescobertos e conscientizados, por meio da metodologia. A diversidade cultural contribui de forma decisiva para o sucesso do processo. Assim a participa de todas as facs do sistema social envolvido em torno do tema ou atividade a ser planejada, ondi fundamental para o sucesso. Estas facs ou segmentos sociais sdenominados &quot;Grupos de Interesse&quot;.</s>
    <s>Ao final da &quot;SessCentral&quot; (o evento principal), obtum &quot;Plano de As&quot;, aceito unanimemente. Este &quot;Plano de As&quot; sermplementado pelos pros participantes, com eventual auxo de pessoas dos grupos envolvidos. Geralmente se compe 5 a 10 as importantes, cujas realizas devem ser gerenciadas &quot;Por Projetos&quot;.</s>
    <s>As &quot;Conferias de Busca do Futuro&quot; tiveram origem na Inglaterra em 1960, num trabalho organizado pelo Tavistock Institute, com importante participa do socio Eric Trist, primeiro estudioso dos grupos auto gerenciados. Da Inglaterra passaram para a Austra, onde foram sistematizados por Fred Emery e sua esposa. A seguir estudiosos americanos (Sandra Jannoff e Martin Weisboard, entre outros) comeam a usas, principalmente na a dda, para fazer planificas estratcas e a cria de viscompartilhada em organizas e comunidades. No Brasil, as Conferias foram inicialmente utilizadas na a empresarial, a partir de 1994. Desde ent a SIEG fez a facilita das 14 realizadas no pa participantes, estabelece-se o digo de Aprendizado Coletivo&quot;. .</s>
    <s>ETAPAS DA METODOLOGIA:</s>
    <s>Etapa A: O &quot;Patrocinador&quot;, pessoa fca ou jurca, que tendo significativa influia sobre o Sistema a ser planejado, contrata o &quot;Facilitador&quot; e define com ele, o propo e o desenrolar da Conferia (&quot;Caderno de Encargos&quot;).</s>
    <s>Etapa B: O &quot;Patrocinador&quot;, assessorado pelo &quot;Facilitador&quot;, constitui o &quot;Comit de Coordena&quot;, responsl pela anse do sistema envolvido, identifica e motiva dos &quot;Grupos de Interesse&quot;. Em geral, nas maiorias dos Sistemas Organizacionais, sidentificados de 8 a 10 &quot;Grupos de Interesse&quot;.</s>
    <s>Etapa C: Escolha e prepara dos representantes dos &quot;Grupos de Interesse&quot;, por processos definidos pelos respectivos grupos, de forma a assegurar a melhor representatividade. Cada grupo deverer representado por 8 a 10 pessoas. As etapas B e C duram aproximadamente 3 a 4 meses.</s>
    <s>Etapa D: Realiza da SESS CENTRAL (a conferia propriamente dita), com dura de 3 dias, geralmente em &quot;regime residencial&quot;. O n de participantes poderer entre 80 e 120, conforme o n de &quot;Grupos de Interesse&quot;.</s>
    <s>Etapa E: acompanhamento da realiza das as decididas.</s>
    <s>RESPONSABILIDADE DOS PARTICIPANTES:</s>
    <s>Preparar-se para a Sess Central selecionando informas (por exemplo: artigos de publicas pertinentes) sobre o tema e escolhendo um objeto de uso pessoal que empregarna abertura dos trabalhos como instrumento atrav do qual se apresentaraos companheiros da mesa e aos demais membros presentes.</s>
    <s>assumir publicamente responsabilidade pela seq / acompanhamento do trabalho pessCentral.</s>
    <s>participar ativamente das equipes de projeto, que vexecutar as decistomadas ao final da SessCentral.</s>
    <s>AGENDA DA SESS CENTRAL (A CONFERCIA PROPRIAMENTE DITA)</s>
    <s>1 DIA: Tarde: Foco no passado - Foco no presente: as tendias externas (ino)</s>
    <s>2 DIA: ManhAs tendias externas (conclus - Foco no presente: &quot;assumindo a nossa parte&quot;. Tarde: Cenos ideais para o futuro - identificar bases consensuais.</s>
    <s>3 DIA: ManhConfirmar bases consensuais - Planejamento das As.</s>
    <s>&quot;uma metodologia participativa de planejamento estratco de organizas e comunidade&quot;</s>
    <s>&quot;A diversidade cultural contribui de forma decisiva para o sucesso do processo.&quot;</s>
    <s>2008 SIEG - Sociedade Internacional para Excelencia Gerencial.</s>
  </text>
</page>
