<?xml version="1.0" encoding="UTF-8"?>
<!DOCTYPE page SYSTEM "page.dtd">
<page>
  <lang>pt</lang>
  <url>http://mdt-mdt.blogspot.com/2010/06/4a-conferencia-reune-conselheiros-de.html</url>
  <title>MDT: 4a. Conferência reúne conselheiros de todo o país para ...</title>
  <snippet>
    <s>22 jun. 2010 Presidente e Ministro das Cidades. Considerado o maior evento de discussão sobre o desenvolvimento urbano do país, a Conferência reúne </s>
  </snippet>
  <text>
    <s>skip to main | skip to sidebar</s>
    <s>O MDT é uma articulação de organizações não governamentais, entidades representativas de trabalhadores, empresas operadoras e fabricantes de equipamentos para o transporte público, associações de profissionais liberais, universidades, movimentos populares e governos</s>
    <s>terça-feira, 22 de junho de 2010</s>
    <s>4a. Conferência reúne conselheiros de todo o país para sistematizar e votar temas relacionados à Política Nacional de Desenvolvimento Urbano</s>
    <s>!Presidente Lula</s>
    <s>O presidente Luiz Inácio Lula da Silva participou nesta segunda-feira, 21/06 de plenária da 4ª Conferência Nacional das Cidades, em Brasília em clima de despedida de Governo. O representante da ANTP, Nazareno Stanislau Affonso esteve presente na mesa de abertura entre outras entidades e foi tratado com carinho pelo Presidente que até brincou que com &quot;este nome, Nazareno Sposito Neto Stanislau Affonso - eu seria Presidente&quot;. Lula se diz satisfeito com a viabilização da proposta de construção de 1 milhão de casas no Programa &quot;Minha Casa, Minha Vida&quot; e com o Programa de Aceleração do Crescimento - PAC, que representa um Plano estratégico para de investimentos para o Governo Federal e uma retomada da capacidade orientadora do Estado no crescimento e desenvolvimento econômico e social do País, por meio do investimento público e privado em áreas consideradas estratégicas e essenciais, como infraestrutura logística, energética e social urbana. Já na área da Mobilidade e Acessibilidade Urbana, os investimentos prioritários têm sido a retomada de projetos no sistema metroferroviário e a elaboração de projetos para os municípios sede da Copa do Mundo de 2014, entre outros.</s>
    <s>Presidente e Ministro das Cidades!</s>
    <s>Considerado o maior evento de discussão sobre o desenvolvimento urbano do país, a Conferência reúne em Brasília cerca de 3 mil pessoas, entre delegados, observadores, autoridades internacionais e servidores do Ministério das Cidades. A abertura oficial do evento foi no sábado (18) e segue até quarta-feira próxima. (23).</s>
    <s>A quarta edição da conferência tem como tema &quot;Cidade para todos e todas com gestão democrática, participativa e controle social&quot;. Estão em debate, entre 19 e 23 de junho, avanços, dificuldades e desafios na implantação da Política Nacional de Desenvolvimento Urbano.</s>
    <s>Para o ministro das Cidades, Marcio Fortes de Almeida, a tarefa de garantir que cada moradia receba água tratada, coleta de esgoto e de lixo, que cada habitação tenha em seus arredores escola, comércio, praças e acesso ao transporte público, é muito maior do que a capacidade que tem isoladamente cada uma das esferas de governo. E é também maior do que a capacidade que possuem, em conjunto, os governos federal, estaduais e municipais.</s>
    <s>!Márcio Fortes</s>
    <s>&quot;Agora, pela quarta vez, nos deparamos com a oportunidade de levar à administração pública a tradução da vontade popular de discutir as cidades&quot;, conclui Márcio Fortes.</s>
    <s>Esta conferência dá prosseguimento a um processo iniciado em 2003, ano em que foi realizada a 1ª Conferência Nacional das Cidades e criado o Conselho das Cidades.</s>
    <s>O Conselho das Cidades apontou quatro eixos temáticos que refletem os principais desafios para implantação desta política: &quot;criação e implementação de conselhos das cidades, planos, fundos e seus conselhos gestores nos níveis federal, estadual, municipal e no Distrito Federal&quot;; &quot;aplicação do Estatuto da Cidade, dos planos diretores e a efetivação da função social da propriedade do solo urbano&quot;; &quot;a integração da política urbana no território: política fundiária, habitação e saneamento&quot;; e &quot;relação entre os programas governamentais - como PAC e Minha Casa, Minha Vida - e a política de desenvolvimento urbano&quot;. No âmbito da mobilidade urbana, o papel da União se dá por meio de políticas de priorização do transporte público coletivo, de transporte não motorizado e da garantia de acessibilidade universal, entre outras.</s>
    <s>Cristina Baddini Lucas - Assessora do MDT</s>
    <s>Postado por MDT às 6/22/2010 05:24:00 PM</s>
    <s>Marcadores: Conferência das Cidades, Mobilidade Urbana</s>
    <s>0 comentários:</s>
    <s>Postar um comentário</s>
    <s>Postagem mais recente Postagem mais antiga Início</s>
    <s>Assinar: Postar comentários (Atom)</s>
    <s>Arquivo do blog</s>
    <s>▼ (123)</s>
    <s>▼ Junho (13)</s>
    <s>► Jun 02 (1)</s>
    <s>► Jun 10 (1)</s>
    <s>► Jun 16 (1)</s>
    <s>► Jun 17 (1)</s>
    <s>► Jun 18 (1)</s>
    <s>► Jun 21 (1)</s>
    <s>▼ Jun 22 (1)</s>
    <s>4a. Conferência reúne conselheiros de todo o país </s>
    <s>► Jun 24 (1)</s>
    <s>► Jun 27 (1)</s>
    <s>► Jun 28 (1)</s>
    <s>► Jun 29 (2)</s>
    <s>► Jun 30 (1)</s>
    <s>► Julho (20)</s>
    <s>► Jul 01 (1)</s>
    <s>► Jul 03 (1)</s>
    <s>► Jul 04 (1)</s>
    <s>► Jul 06 (1)</s>
    <s>► Jul 07 (1)</s>
    <s>► Jul 08 (1)</s>
    <s>► Jul 09 (1)</s>
    <s>► Jul 13 (1)</s>
    <s>► Jul 14 (1)</s>
    <s>► Jul 15 (1)</s>
    <s>► Jul 18 (1)</s>
    <s>► Jul 19 (1)</s>
    <s>► Jul 20 (1)</s>
    <s>► Jul 21 (1)</s>
    <s>► Jul 22 (1)</s>
    <s>► Jul 25 (1)</s>
    <s>► Jul 27 (1)</s>
    <s>► Jul 28 (1)</s>
    <s>► Jul 29 (1)</s>
    <s>► Jul 30 (1)</s>
    <s>► Agosto (21)</s>
    <s>► Ago 02 (1)</s>
    <s>► Ago 03 (1)</s>
    <s>► Ago 04 (1)</s>
    <s>► Ago 05 (1)</s>
    <s>► Ago 09 (1)</s>
    <s>► Ago 10 (1)</s>
    <s>► Ago 11 (2)</s>
    <s>► Ago 12 (1)</s>
    <s>► Ago 16 (1)</s>
    <s>► Ago 17 (1)</s>
    <s>► Ago 18 (1)</s>
    <s>► Ago 19 (1)</s>
    <s>► Ago 20 (1)</s>
    <s>► Ago 23 (1)</s>
    <s>► Ago 24 (1)</s>
    <s>► Ago 25 (1)</s>
    <s>► Ago 26 (1)</s>
    <s>► Ago 27 (1)</s>
    <s>► Ago 30 (1)</s>
    <s>► Ago 31 (1)</s>
    <s>► Setembro (21)</s>
    <s>► Set 02 (1)</s>
    <s>► Set 03 (1)</s>
    <s>► Set 06 (1)</s>
    <s>► Set 08 (1)</s>
    <s>► Set 09 (1)</s>
    <s>► Set 10 (1)</s>
    <s>► Set 13 (1)</s>
    <s>► Set 14 (1)</s>
    <s>► Set 15 (1)</s>
    <s>► Set 16 (1)</s>
    <s>► Set 17 (1)</s>
    <s>► Set 20 (1)</s>
    <s>► Set 21 (2)</s>
    <s>► Set 23 (1)</s>
    <s>► Set 24 (2)</s>
    <s>► Set 27 (1)</s>
    <s>► Set 28 (1)</s>
    <s>► Set 29 (2)</s>
    <s>► Outubro (16)</s>
    <s>► Out 04 (1)</s>
    <s>► Out 05 (1)</s>
    <s>► Out 06 (1)</s>
    <s>► Out 07 (1)</s>
    <s>► Out 12 (1)</s>
    <s>► Out 13 (1)</s>
    <s>► Out 14 (1)</s>
    <s>► Out 15 (1)</s>
    <s>► Out 18 (1)</s>
    <s>► Out 19 (1)</s>
    <s>► Out 20 (1)</s>
    <s>► Out 21 (1)</s>
    <s>► Out 23 (1)</s>
    <s>► Out 25 (1)</s>
    <s>► Out 27 (1)</s>
    <s>► Out 29 (1)</s>
    <s>► Novembro (14)</s>
    <s>► Nov 04 (1)</s>
    <s>► Nov 07 (1)</s>
    <s>► Nov 10 (1)</s>
    <s>► Nov 12 (1)</s>
    <s>► Nov 15 (1)</s>
    <s>► Nov 16 (1)</s>
    <s>► Nov 19 (1)</s>
    <s>► Nov 22 (1)</s>
    <s>► Nov 23 (1)</s>
    <s>► Nov 24 (1)</s>
    <s>► Nov 25 (2)</s>
    <s>► Nov 29 (1)</s>
    <s>► Nov 30 (1)</s>
    <s>► Dezembro (18)</s>
    <s>► Dez 01 (1)</s>
    <s>► Dez 02 (1)</s>
    <s>► Dez 06 (2)</s>
    <s>► Dez 07 (1)</s>
    <s>► Dez 08 (1)</s>
    <s>► Dez 13 (1)</s>
    <s>► Dez 14 (1)</s>
    <s>► Dez 15 (1)</s>
    <s>► Dez 17 (1)</s>
    <s>► Dez 21 (1)</s>
    <s>► Dez 22 (1)</s>
    <s>► Dez 23 (3)</s>
    <s>► Dez 27 (1)</s>
    <s>► Dez 28 (1)</s>
    <s>► Dez 29 (1)</s>
    <s>► (167)</s>
    <s>► Janeiro (20)</s>
    <s>► Jan 03 (1)</s>
    <s>► Jan 04 (1)</s>
    <s>► Jan 05 (1)</s>
    <s>► Jan 06 (2)</s>
    <s>► Jan 10 (1)</s>
    <s>► Jan 11 (1)</s>
    <s>► Jan 12 (2)</s>
    <s>► Jan 13 (1)</s>
    <s>► Jan 17 (1)</s>
    <s>► Jan 18 (1)</s>
    <s>► Jan 19 (1)</s>
    <s>► Jan 20 (1)</s>
    <s>► Jan 21 (1)</s>
    <s>► Jan 24 (1)</s>
    <s>► Jan 25 (1)</s>
    <s>► Jan 26 (1)</s>
    <s>► Jan 28 (1)</s>
    <s>► Jan 31 (1)</s>
    <s>► Fevereiro (12)</s>
    <s>► Fev 01 (1)</s>
    <s>► Fev 02 (1)</s>
    <s>► Fev 07 (1)</s>
    <s>► Fev 08 (1)</s>
    <s>► Fev 10 (1)</s>
    <s>► Fev 15 (1)</s>
    <s>► Fev 16 (1)</s>
    <s>► Fev 21 (1)</s>
    <s>► Fev 22 (1)</s>
    <s>► Fev 23 (2)</s>
    <s>► Fev 28 (1)</s>
    <s>► Março (20)</s>
    <s>► Mar 01 (1)</s>
    <s>► Mar 02 (2)</s>
    <s>► Mar 04 (2)</s>
    <s>► Mar 07 (1)</s>
    <s>► Mar 11 (2)</s>
    <s>► Mar 14 (1)</s>
    <s>► Mar 15 (1)</s>
    <s>► Mar 16 (2)</s>
    <s>► Mar 21 (1)</s>
    <s>► Mar 22 (1)</s>
    <s>► Mar 23 (1)</s>
    <s>► Mar 24 (1)</s>
    <s>► Mar 28 (1)</s>
    <s>► Mar 29 (1)</s>
    <s>► Mar 30 (2)</s>
    <s>► Abril (14)</s>
    <s>► Abr 01 (1)</s>
    <s>► Abr 05 (1)</s>
    <s>► Abr 06 (1)</s>
    <s>► Abr 07 (1)</s>
    <s>► Abr 11 (1)</s>
    <s>► Abr 12 (1)</s>
    <s>► Abr 13 (1)</s>
    <s>► Abr 14 (1)</s>
    <s>► Abr 18 (1)</s>
    <s>► Abr 19 (1)</s>
    <s>► Abr 20 (1)</s>
    <s>► Abr 25 (1)</s>
    <s>► Abr 27 (1)</s>
    <s>► Abr 28 (1)</s>
    <s>► Maio (18)</s>
    <s>► Mai 02 (1)</s>
    <s>► Mai 03 (1)</s>
    <s>► Mai 04 (1)</s>
    <s>► Mai 05 (1)</s>
    <s>► Mai 11 (1)</s>
    <s>► Mai 12 (1)</s>
    <s>► Mai 13 (1)</s>
    <s>► Mai 16 (1)</s>
    <s>► Mai 17 (1)</s>
    <s>► Mai 18 (1)</s>
    <s>► Mai 20 (1)</s>
    <s>► Mai 23 (1)</s>
    <s>► Mai 24 (1)</s>
    <s>► Mai 25 (1)</s>
    <s>► Mai 27 (1)</s>
    <s>► Mai 30 (2)</s>
    <s>► Mai 31 (1)</s>
    <s>► Junho (15)</s>
    <s>► Jun 01 (1)</s>
    <s>► Jun 02 (1)</s>
    <s>► Jun 03 (1)</s>
    <s>► Jun 06 (1)</s>
    <s>► Jun 07 (1)</s>
    <s>► Jun 08 (1)</s>
    <s>► Jun 10 (1)</s>
    <s>► Jun 13 (1)</s>
    <s>► Jun 14 (1)</s>
    <s>► Jun 15 (1)</s>
    <s>► Jun 16 (1)</s>
    <s>► Jun 20 (1)</s>
    <s>► Jun 22 (1)</s>
    <s>► Jun 27 (1)</s>
    <s>► Jun 28 (1)</s>
    <s>► Julho (18)</s>
    <s>► Jul 04 (2)</s>
    <s>► Jul 06 (1)</s>
    <s>► Jul 07 (1)</s>
    <s>► Jul 08 (2)</s>
    <s>► Jul 11 (2)</s>
    <s>► Jul 12 (1)</s>
    <s>► Jul 13 (1)</s>
    <s>► Jul 14 (1)</s>
    <s>► Jul 18 (2)</s>
    <s>► Jul 20 (1)</s>
    <s>► Jul 21 (1)</s>
    <s>► Jul 25 (1)</s>
    <s>► Jul 26 (1)</s>
    <s>► Jul 27 (1)</s>
    <s>► Agosto (21)</s>
    <s>► Ago 01 (1)</s>
    <s>Fórum Paulista de Secretários de Transporte e Trân </s>
    <s>► Ago 02 (1)</s>
    <s>NTU - A evolução da Mobilidade Urbana - 25 e 26 de </s>
    <s>► Ago 03 (1)</s>
    <s>Em seu boletim de julho, MDT afirma repúdio à tent </s>
    <s>► Ago 04 (1)</s>
    <s>17ª SEMANA DE TECNOLOGIA</s>
    <s>► Ago 05 (1)</s>
    <s>NTU participa de workshop para discutir desafios d </s>
    <s>► Ago 08 (1)</s>
    <s>FNRU e MDT NA 10ª JORNADA BRASILEIRA &quot;na cidade, s </s>
    <s>► Ago 09 (1)</s>
    <s>Investimentos públicos em mobilidade urbana para a </s>
    <s>► Ago 11 (2)</s>
    <s>Não perca o Encontro da NTU</s>
    <s>Colóquio sobre Mobilidade Urbana Sustentável reune </s>
    <s>► Ago 12 (1)</s>
    <s>Dilma e a mobilidade urbana na Copa</s>
    <s>► Ago 15 (1)</s>
    <s>TRANSMILENIO - V Feira Internacional de Transporte </s>
    <s>► Ago 16 (1)</s>
    <s>Cedatt promove I Fórum Paulista de Prevenção de Ac </s>
    <s>► Ago 17 (1)</s>
    <s>Fórum Nacional de Reforma Urbana reivindica a apro </s>
    <s>► Ago 18 (1)</s>
    <s>Colóquio aponta soluções técnica para Mobilidade </s>
    <s>► Ago 22 (1)</s>
    <s>Foi um sucesso o lançamento do MDT Goiás</s>
    <s>► Ago 23 (1)</s>
    <s>Vários políticos pretigiaram o lançamento do MDT - </s>
    <s>► Ago 24 (1)</s>
    <s>Êxito na realização do curso 'Mobilidade Urbana e </s>
    <s>► Ago 25 (2)</s>
    <s>Entrevistas ao vivo</s>
    <s>Seminário na USP discute relação entre poluição e </s>
    <s>► Ago 29 (1)</s>
    <s>25º Seminário Nacional NTU em São Paulo debateu mo </s>
    <s>► Ago 31 (1)</s>
    <s>Com presença do Presidente da ANTP, Ailton Brasili </s>
    <s>► Setembro (20)</s>
    <s>► Set 01 (1)</s>
    <s>London School conclui que Ciclismo na Cidade de Lo </s>
    <s>► Set 03 (1)</s>
    <s>Senadores analisam Política de Mobilidade Urbana p </s>
    <s>► Set 05 (1)</s>
    <s>Fórum Nacional da Reforma Urbana e Frente nacional </s>
    <s>► Set 06 (2)</s>
    <s>17a Semana de Tecnologia Metroferroviária da Assoc </s>
    <s>Veja o lançamento do MDT- GO em solenidade com am </s>
    <s>► Set 07 (1)</s>
    <s>MDT realiza seu primeiro Colóquio sobre mobilidade </s>
    <s>► Set 08 (3)</s>
    <s>Bus Rapid Transit (BRT) como elemento estruturador </s>
    <s>X Jornada Brasileira &quot;na cidade, sem meu carro&quot;: M </s>
    <s>Na TV, Eduardo Campos vai propor corte de impostos </s>
    <s>► Set 12 (1)</s>
    <s>Júlio Arcoverde toma posse no Denatran</s>
    <s>► Set 13 (1)</s>
    <s>Neste 22 de setembro, acontece a nova edição da Jo </s>
    <s>► Set 14 (1)</s>
    <s>RECOMEÇOU A ANDAR O PL DO BARATEAMENTO DAS TARIFA </s>
    <s>► Set 15 (1)</s>
    <s>O PL da Mobilidade foi finalmente aprovado</s>
    <s>► Set 19 (1)</s>
    <s>DIA MUNDIAL SEM CARRO: Empresas do setor realizam </s>
    <s>► Set 22 (1)</s>
    <s>Dia Mundial Sem Carro incentiva o uso do transport </s>
    <s>► Set 23 (1)</s>
    <s>Suplicy aderiu ao Dia sem Carro</s>
    <s>► Set 26 (1)</s>
    <s>O coordenador do MDT participou de debate em Flori </s>
    <s>► Set 28 (1)</s>
    <s>Movimento pede políticas de mobilidade urbana e re </s>
    <s>► Set 29 (1)</s>
    <s>Usar bicicleta como meio de transporte sai mais ba </s>
    <s>► Set 30 (1)</s>
    <s>O MDT participará da Jornada da Moradia e da Refor </s>
    <s>► Outubro (9)</s>
    <s>► Out 03 (1)</s>
    <s>Mobilidade Urbana na Marcha da Reforma Urbana em B </s>
    <s>► Out 05 (1)</s>
    <s>Coordenador do MDT, Nazareno Affonso é contra esta </s>
    <s>► Out 07 (2)</s>
    <s>Professor Anísio Brasileiro foi empossado nesta qu </s>
    <s>PL DA MOBILIDADE - Veto ameaça sanção presidencia </s>
    <s>► Out 10 (1)</s>
    <s>8 ANOS do MDT</s>
    <s>► Out 11 (1)</s>
    <s>Google mostra melhor rota para ciclistas nos EUA</s>
    <s>► Out 13 (2)</s>
    <s>Quase metade de moradores de SP ouvidos em pesquis </s>
    <s>Absurdo juiz fixar fiança de R$ 245 mil para moto </s>
    <s>► Out 17 (1)</s>
    <s>Não perca esta semana o 18º Congresso da ANTP</s>
    <s>MDT - Movimento Nacional pelo Direito ao Transporte Público de Qualidade para Todos</s>
    <s>É objetivo do MDT - Movimento Nacional pelo Direito ao Transporte Público de Qualidade para Todos inserir na agenda social e econômica da Nação o Transporte Público, um serviço essencial, como um direito para todos, visando à inclusão social, à melhoria da qualidade de vida e ao desenvolvimento sustentável com geração de emprego e renda. Os cinco eixos do MDT para a concretização deste objetivo são estes: 1. Mobilidade para todos 2. Investimento permanente no transporte coletivo 3. Barateamento das tarifas para a inclusão social 4. Prioridade ao Transporte Público no Trânsito 5. Transporte Público com Desenvolvimento Tecnológico e Respeito ao Meio Ambiente</s>
    <s>Visualizar meu perfil completo</s>
    <s>Seja bem vindo ao Blog do MDT</s>
    <s>É necessário lutar por um transporte público bom e barato. Junte-se a nós.</s>
    <s>*6/22/2010 05:24:00 PM: 2010-06-22T17:24:00-07:00</s>
  </text>
</page>
