<?xml version="1.0" encoding="UTF-8"?>
<!DOCTYPE page SYSTEM "page.dtd">
<page>
  <lang>pt</lang>
  <url>http://uab.capes.gov.br/index.php%3Foption%3Dcom_content%26view%3Darticle%26id%3D26%26Itemid%3D35</url>
  <title>Tutoriais</title>
  <snippet>
    <s>Página inicial Ajuda Tutoriais Acesse, a seguir, instruções automatizadas para o uso da Conferência Web, Instruções para usuários apresentadores </s>
  </snippet>
  <text>
    <s>Página inicial</s>
    <s>Sobre a UAB</s>
    <s>O que é</s>
    <s>Como funciona</s>
    <s>Como participar</s>
    <s>Legislação UAB</s>
    <s>Cursos ofertados</s>
    <s>Instituições participantes</s>
    <s>Orientação para estudantes</s>
    <s>O que é um polo de apoio presencial</s>
    <s>Modelo de polo</s>
    <s>Avaliação de polos</s>
    <s>Pular para: Menu Conteúdo Busca</s>
    <s>CAPES Universidade Aberta do Brasil</s>
    <s>Aumenta Fonte Diminui Fonte Restaurar a fonte Alto Contraste</s>
    <s>Página inicialAjudaTutoriais</s>
    <s>Conferência Web</s>
    <s>Acesse, a seguir, instruções automatizadas para o uso da Conferência Web, disponibilizadas pela Rede Nacional de Ensino e  Pesquisa (RNP):</s>
    <s>Instruções para todos os usuários</s>
    <s>1. Entrando na sala de meeting</s>
    <s>2. Usando o assistente do áudio</s>
    <s>3. Iniciando a câmera e o microfone</s>
    <s>4. Usando o microfone</s>
    <s>5. Usando a câmera</s>
    <s>6. Compartilhando conteúdos - 1</s>
    <s>7. Compartilhando conteúdos - 2</s>
    <s>8. Compartilhando conteúdos - 3</s>
    <s>9. Usando o chat</s>
    <s>10. Utilizando a janela de lista de participantes</s>
    <s>11. Utilizando a janela de anotações</s>
    <s>12. Utilizando a janela de compartilhamento de arquivos</s>
    <s>13. Utilizando a janela de compartilhamento de links web</s>
    <s>Instruções para usuários apresentadores</s>
    <s>1. Criando layouts</s>
    <s>2. Área de preparação de layout</s>
    <s>3. Comandos restritos do apresentador - Módulo 1</s>
    <s>4. Comandos restritos do administrador - Módulo 2</s>
    <s>5. Comandos restritos do administrador - Módulo 3</s>
    <s>6. Orientando os participantes</s>
    <s>7. Melhores práticas com o Adobe Connect</s>
    <s>Seleção de Estudantes</s>
    <s>Adesão de IPES e Polos à UAB</s>
    <s>Seleção de Tutores</s>
    <s>Acúmulo de Bolsas</s>
    <s>O que você deseja consultar na UAB?</s>
    <s>Página inicial</s>
    <s>Sobre a UAB</s>
    <s>Acesso Rápido</s>
    <s>Legislação UAB</s>
    <s>Perguntas Frequentes</s>
    <s>Mapa do Site</s>
    <s>Fone:0800 616161</s>
    <s>Coordenação de Aperfeiçoamento de Pessoal de Nível Superior - Capes Diretoria de Educação a Distância Universidade Aberta do Brasil Setor Bancário Norte, Quadra 2, Bloco L, Lote 06, 7º andar - Brasilia - DF - CEP 70040-020</s>
    <s>Acesse também</s>
    <s>Plataforma Freire Portal do Professor Portal dos Periódicos Domínio Público Banco Internacional de Objetos Educacionais</s>
  </text>
</page>
