<?xml version="1.0" encoding="UTF-8"?>
<!DOCTYPE page SYSTEM "page.dtd">
<page>
  <lang>pt</lang>
  <url>http://www.feis.unesp.br/dincon2011/convidados.php</url>
  <title>DINCON&#39;2011 - Conferência Brasileira de Dinâmica, Controle e ...</title>
  <snippet>
    <s>Página : DINCON&#39;2011 - Palestrantes Convidados e </s>
  </snippet>
  <text>
    <s>Home | Fale Conosto</s>
    <s>29 de Agosto a 02 de Setembro de 2011</s>
    <s>Águas de Lindóia, SP</s>
    <s>X Conferência Brasileira de Dinâmica, Controle e Aplicações</s>
    <s>Livro de Programa</s>
    <s>e Resumos</s>
    <s>Comitê Ciêntifico</s>
    <s>Comitê Organizador</s>
    <s>Palestrantes Convidados</s>
    <s>Como Chegar</s>
    <s>Fale Conosco</s>
    <s>Chamada de Trabalhos</s>
    <s>Datas Importantes</s>
    <s>Instrução para Autor</s>
    <s>Instrução para Revisor</s>
    <s>Submissão de Trabalhos e</s>
    <s>Sessões Plenárias</s>
    <s>Palestrantes Convidados</s>
    <s>Alameda Rio de Janeiro, 266</s>
    <s>Centro - 15385-000</s>
    <s>Ilha Solteira - SP</s>
    <s>Tel.: +55 (18) 37 43 10 30</s>
    <s>Fax :+55 (18) 37 43 11 55</s>
    <s>E-mail: dincon2011@gmail.com</s>
    <s>Página : DINCON'2011 - Palestrantes Convidados e Confirmados</s>
    <s>Palestrantes Convidados</s>
    <s>Alexander Sukanov</s>
    <s>Space Research Institute (IKI)</s>
    <s>Russian Academy of Sciences, Russia</s>
    <s>Celso Pascoli Bottura</s>
    <s>Unicamp, Campinas, SP</s>
    <s>Changsong Zhou</s>
    <s>HK Baptist Univesrity</s>
    <s>Hong Kong</s>
    <s>Erik Bollt</s>
    <s>Clarkson University</s>
    <s>Estados Unidos</s>
    <s>Lipo Wang</s>
    <s>Nayang Technological University</s>
    <s>Peter Ashwin</s>
    <s>University of Exeeter</s>
    <s>Robert Gilmore</s>
    <s>Drexel University</s>
    <s>Estados Unidos</s>
    <s>Ulrich Parlitz</s>
    <s>Max Planck Institute for Dynamics</s>
    <s>and Self-Organization, Alemanha</s>
    <s>Jason Gallas</s>
    <s>Univ Fedaral do Rio Grande do Sul UFRGS</s>
    <s>Univ Federal da Paraíba – UFPB, Brasil</s>
    <s>Jonh Allen Burns</s>
    <s>Virginia Polytechnic Institute</s>
    <s>and State Universit - USA</s>
    <s>José Roberto Castilho Piqueira</s>
    <s>Escola Politécnica da USP</s>
    <s>Luis Antonio Aguirre</s>
    <s>Universidae Federal de Minas Gerais - UFMG</s>
    <s>Luís Castro</s>
    <s>Centro de I&amp;D; em Matemática e Aplicações</s>
    <s>Universidade de Aveiro, Portugal</s>
    <s>Luis Fernando Costa Alberto</s>
    <s>Escola de Engenharia de São Carlos - USP</s>
    <s>Luiz Henrique Alves Monteiro</s>
    <s>Universidade Presbiteriana Mackenzie, UPM</s>
    <s>Escola Politácnica da USP, Brasil</s>
    <s>Marcelo A. Savi</s>
    <s>COPPE - Univers Federal do Rio de Janeiro</s>
    <s>UFRJ, Brasil</s>
    <s>Maria do Rosário Pinho</s>
    <s>Universidade do Porto</s>
    <s>Mauro Copelli</s>
    <s>Universidade Federal de Pernambuco</s>
    <s>Milan Tvrdy</s>
    <s>Institute of Mathematics of the Academy</s>
    <s>of Sciences of the Czech Republic</s>
    <s>Ricardo Egydio</s>
    <s>Universidade Estadual Paulista</s>
    <s>Ricardo Luiz Viana</s>
    <s>Universidade Federal do Paraná - UFPR</s>
    <s>Roland Köberle</s>
    <s>Instituto de Física de São Carlos - USP</s>
    <s>Rubens Sampaio</s>
    <s>Pontifícia Univers Católica do Rio de Janeiro</s>
    <s>Terry L. Herdman</s>
    <s>ICAM - Interdisciplinary Center for</s>
    <s>Applied Mathematics, Blacksburg, USA</s>
    <s>Tiago Pereira</s>
    <s>Universidade Federal do ABC</s>
    <s>Copyright DINCON © 2011 - Todos os Direitos Reservados</s>
    <s>Desenvolvimento por : André L. Toniati</s>
  </text>
</page>
