<?xml version="1.0" encoding="UTF-8"?>
<!DOCTYPE page SYSTEM "page.dtd">
<page>
  <lang>pt</lang>
  <url>http://www.bcb.gov.br/fis/tarifas/htms/htar100411a.asp%3Fidpai%3DTARIFA</url>
  <title>Exportação: Conferência de Documentos - Pessoa jurídica</title>
  <snippet>
    <s>Exportação: Conferência de Documentos - Pessoa jurídica. Posição em 03/10 </s>
  </snippet>
  <text>
    <s>Pna principal do site</s>
    <s>Mapa do site</s>
    <s>Perguntas Frequentes</s>
    <s>Polca de privacidade</s>
    <s>Fale conosco</s>
    <s>Detalhes das teclas de atalho</s>
    <s>Saltar para o ino da pna corrente</s>
    <s>Saltar para o menu principal</s>
    <s>Saltar para o novo contea&gt;</s>
    <s>Perguntas frequentes | Glosso | Mapa do site | Sisbacen | Ouvidoria | Fale conosco | Links | English</s>
    <s>Busca avançada</s>
    <s>!Logomarca BCB</s>
    <s>Sobre a Institui</s>
    <s>Acordos e convos</s>
    <s>Calendo de funcionamento</s>
    <s>CMN - Conselho Moneto Nacional - Secretaria</s>
    <s>Concursos pos</s>
    <s>Endere, Telefones e CNPJ</s>
    <s>Organiza administrativa</s>
    <s>Imagens do BC</s>
    <s>Licitas e contratos</s>
    <s>Planejamento no BC</s>
    <s>Presta de contas ociedade</s>
    <s>Textos e apresentas</s>
    <s>Sistema de Metas para a Infla</s>
    <s>Histo das Metas para Infla</s>
    <s>Relat de Infla</s>
    <s>Sala do Investidor</s>
    <s>Economia e finan</s>
    <s>Boletim do BC</s>
    <s>Boletim Regional</s>
    <s>Dda pa</s>
    <s>FMI - PEDD - Informas Macroeconas Harmonizadas</s>
    <s>G 20</s>
    <s>Indicadores de conjuntura</s>
    <s>Juros e Spread Banco</s>
    <s>Notas econo-financeiras para a imprensa</s>
    <s>Notas ticas</s>
    <s>Polca Moneta - Relat de Atividades</s>
    <s>Programa Moneta</s>
    <s>Relat de Estabilidade Financeira</s>
    <s>Selic - Mercado de tlos pos</s>
    <s>Ses temporais</s>
    <s>Trabalhos para discuss/a&gt;</s>
    <s>[Cio e Capitais Internacionais</s>
    <s>Assinatura digital de contratos de cio</s>
    <s>CBE - Capitais brasileiros no exterior</s>
    <s>CCR - Convo de Pagamentos e Crtos Recocos</s>
    <s>Censo de capitais estrangeiros no pa/a&gt;</s>
    <s>[Dealers de cio</s>
    <s>Instituis que atuam no mercado de cio</s>
    <s>Investimento estrangeiro direto</s>
    <s>Legisla e normas</s>
    <s>Manuais do registro declarat eletro</s>
    <s>Registros de capitais estrangeiros</s>
    <s>SML - Sistema de Pagamentos em Moeda Local</s>
    <s>Taxas de cio</s>
    <s>Sistema de Pagamentos Brasileiro</s>
    <s>Aspectos Institucionais</s>
    <s>Instrumentos de Pagamento</s>
    <s>Sistemas de liquida</s>
    <s>Rede do Sistema Financeiro Nacional</s>
    <s>Estaticas do SPB</s>
    <s>Reforma do sistema de pagamentos de varejo</s>
    <s>Reestrutura de abril de 2002</s>
    <s>Transferia de arquivos</s>
    <s>STR - Sistema de Transferia de Reservas</s>
    <s>Sistema Financeiro Nacional</s>
    <s>CCS - Cadastro de Clientes do SFN</s>
    <s>Composi e evolu do SFN</s>
    <s>Crto Rural</s>
    <s>CRSFN - Conselho de Recursos</s>
    <s>FGC - Fundo Garantidor de Crtos</s>
    <s>Informas cadastrais e contis</s>
    <s>Informas sobre operas bancas</s>
    <s>Microfinan, cooperativismo e inclusfinanceira</s>
    <s>Organiza do Sistema Financeiro</s>
    <s>SCR - Sistema de Informas de Crto</s>
    <s>SFH - Sistema Financeiro de Habita</s>
    <s>Sistema Bacen Jud</s>
    <s>UNICAD - Informas sobre entidades de interesse do Banco Central</s>
    <s>Supervisdo SFN</s>
    <s>Processos administrativos punitivos</s>
    <s>Sobre a supervis/a&gt;</s>
    <s>[Preven da lavagem de dinheiro e do financiamento do terrorismo</s>
    <s>Instituis supervisionadas</s>
    <s>Estaticas sobre o SFN</s>
    <s>Publicas sobre supervis/a&gt;</s>
    <s>[Intervens, liquidas e privatizas</s>
    <s>Liquida extrajudicial, Interven e RAET</s>
    <s>Saneamento e desestatiza</s>
    <s>» Sistema Financeiro Nacional</s>
    <s>» Informas sobre operas bancas</s>
    <s>» Tarifas bancas</s>
    <s>Exportaçao: Conferencia de Documentos - Pessoa juridica</s>
    <s>Posiçao em 18/10/2011</s>
    <s>Segmento das Instituis - Consolidado Geral</s>
    <s>Valor maximo</s>
    <s>DIDIER LEVY BCO DE CAMBIO S.A. -</s>
    <s>Por evento</s>
    <s>BCO CITIBANK S.A. - CITIBANK</s>
    <s>Por evento</s>
    <s>BCO SCHAHIN S.A. - SCHAHIN</s>
    <s>Por evento</s>
    <s>BCO BNP PARIBAS BRASIL S A - BNP PARIBAS</s>
    <s>Por evento</s>
    <s>BCO MODAL S.A. - MODAL</s>
    <s>Por evento</s>
    <s>BCO PINE S.A. - PINE</s>
    <s>Por evento</s>
    <s>BCO BANESTES S.A. - BANESTES</s>
    <s>Por evento</s>
    <s>COLUNA S.A. DTVM - COLUNA</s>
    <s>Por evento</s>
    <s>BES INVEST.BRASIL S.A. - BI - BES INVEST.</s>
    <s>Por evento</s>
    <s>BCO INTERCAP S.A. - INTERCAP</s>
    <s>Por evento</s>
    <s>DEUTSCHE BANK S.A.BCO ALEMAO - DEUTSCHE</s>
    <s>Por evento</s>
    <s>BCO CRIT AGRICOLE BR S.A. - BCAB</s>
    <s>Por evento</s>
    <s>UNIBANCO-UNIAO BCOS BRAS S.A. - UNIBANCO</s>
    <s>Por evento</s>
    <s>BCO WESTLB BRASIL S.A. - WESTLB</s>
    <s>Por evento</s>
    <s>BCO SANTANDER (BRASIL) S.A. - SANTANDER</s>
    <s>Por evento</s>
    <s>BCO LA NACION ARGENTINA - BANCNACION</s>
    <s>Por evento</s>
    <s>TREVISO CC S.A. - TREVISO</s>
    <s>Por evento</s>
    <s>BCO MERCANTIL DO BRASIL S.A. - BMB</s>
    <s>Por evento</s>
    <s>BCO FATOR S.A. - FATOR</s>
    <s>Por evento</s>
    <s>BCO PROSPER S.A. - PROSPER</s>
    <s>Por evento</s>
    <s>GRADUAL CCTVM S.A. - GRADUAL</s>
    <s>Por evento</s>
    <s>BCO MERCANTIL DE INVS S/A - MERCANTIL</s>
    <s>Por evento</s>
    <s>BCO BANKPAR S.A. - BANKPAR</s>
    <s>Por evento</s>
    <s>BCO INDUSVAL S.A. - INDUSVAL</s>
    <s>Por evento</s>
    <s>BCO CRUZEIRO DO SUL S.A. - CRUZEIRO</s>
    <s>Por evento</s>
    <s>BCO RENDIMENTO S.A. - RENDIMENTO</s>
    <s>Por evento</s>
    <s>BCO TOKYO-MITSUBISHI BM S.A. - BTMUB</s>
    <s>Por evento</s>
    <s>BCO BRADESCO S.A. - BRADESCO</s>
    <s>Por evento</s>
    <s>BCO BBM S.A. - BANCO BBM</s>
    <s>Por evento</s>
    <s>BCO ABC BRASIL S.A. - ABC BRASIL</s>
    <s>Por evento</s>
    <s>INTERCAM CC LTDA - INTERCAM</s>
    <s>Por evento</s>
    <s>BCO RURAL S.A. - RURALMINAS</s>
    <s>Por evento</s>
    <s>BCO DAYCOVAL S.A - DAYCOVAL</s>
    <s>Por evento</s>
    <s>BCO ITABBA S.A. - ITABBA</s>
    <s>Por evento</s>
    <s>BCO J.P. MORGAN S.A. - J.P. MORGAN</s>
    <s>Por evento</s>
    <s>BCO CAIXA GERAL BRASIL S.A. - BCGB</s>
    <s>Por evento</s>
    <s>ITAUNIBANCO BM S.A. - ITAU</s>
    <s>Por evento</s>
    <s>BCO ALFA DE INVESTIMENTO S.A. - ALFA</s>
    <s>Por evento</s>
    <s>BCO CREDIBEL S.A. - CREDIBEL</s>
    <s>Por evento</s>
    <s>BCO VOTORANTIM S.A. - VOTORANTIM</s>
    <s>Por evento</s>
    <s>BCO DO EST. DO RS S.A. - BANRISUL</s>
    <s>Por evento</s>
    <s>BCO INDUSTRIAL DO BRASIL S.A. - INDUSTRIAL</s>
    <s>Por evento</s>
    <s>BCO. J.SAFRA S.A. - JSAFRA</s>
    <s>Por evento</s>
    <s>BCO INDUSTRIAL E COMERCIAL S.A - BIC</s>
    <s>Por evento</s>
    <s>BCO SAFRA S.A. - SAFRA</s>
    <s>Por evento</s>
    <s>BCO SOFISA S.A. - SOFISA</s>
    <s>Por evento</s>
    <s>BCO DO BRASIL S.A. - BB</s>
    <s>Por evento</s>
    <s>HSBC BANK BRASIL SA BCO MULTIP - HSBC BANK</s>
    <s>Por evento</s>
    <s>BCO DO NORDESTE DO BRASIL S.A. - BNB</s>
    <s>Por evento</s>
    <s>CREDIFIBRA S.A. - CFI - CREDIFIBRA</s>
    <s>Por evento</s>
    <s>SCOTIABANK BRASIL - SCOTIABANK</s>
    <s>Por evento</s>
    <s>BCO BVA S.A. - BVA</s>
    <s>Por evento</s>
    <s>BANIF BRASIL BM S.A. - BANIF PRIMUS</s>
    <s>Por evento</s>
    <s>BCO REP ORIENTAL URUGUAY BCE - BROU</s>
    <s>Por evento</s>
    <s>BCO FIBRA S.A. - FIBRA</s>
    <s>Por evento</s>
    <s>BCO SUMITOMO MITSUI BRASIL S.A. - SMBC</s>
    <s>Por evento</s>
    <s>BCO SOCIETE GENERALE BRASIL - SOCIETE GENERAL</s>
    <s>Por evento</s>
    <s>B &amp; T ASSOCIADOS CC LTDA. - B &amp; T</s>
    <s>Por evento</s>
    <s>NBC BANK BRASIL S.A. - BM -</s>
    <s>Por evento</s>
    <s>EBS CAPITAL CC S.A. - EBS</s>
    <s>Por evento</s>
    <s>BCO DA AMAZONIA S.A. - BASA</s>
    <s>Por evento</s>
    <s>BCO KDB BRASIL S.A. - KDB BRASIL</s>
    <s>Por evento</s>
    <s>MULTIMONEY CC LTDA. - MULTIMONEY</s>
    <s>Por evento</s>
    <s>CATEDRAL CCTM - CATEDRAL</s>
    <s>Por evento</s>
    <s>BPN BRASIL BM S.A. - BPN BRASIL</s>
    <s>Por evento</s>
    <s>BCO PAULISTA S.A. - PAULISTA</s>
    <s>Por evento</s>
    <s>BCO CONFIDENCE DE CBIO S.A. -</s>
    <s>Por evento</s>
    <s>CCPEMM DA BAIXADA CUIABANA - SICOOBINTEGRA</s>
    <s>Por evento</s>
    <s>CC REGIAO DE CARATINGA - CREDCOOPER</s>
    <s>Por evento</s>
    <s>CCR PORTO VELHO LTDA - PORTOCREDI</s>
    <s>Por evento</s>
    <s>CCR DE BOM JARDIM LTDA. - BOM-CREDI</s>
    <s>CCR ARAGUARI - ARACREDI</s>
    <s>SICOOB CENTRAL MT/MS - SICOOB CEN MTMS</s>
    <s>AGK CC S.A. - AGK</s>
    <s>BCO POTTENCIAL S.A. - POTTENCIAL</s>
    <s>COINVALORES CCVM LTDA. - COINVALORES</s>
    <s>BCO BGN S.A. - BGN</s>
    <s>CCLA S JOSDO CERRITO - CREDICARU</s>
    <s>CECM COMERC. DE CONF. PARACATU - SICOOB CREDIPAR</s>
    <s>CECMS DO DISTRITO FEDERAL LTDA - COOSERVCRED</s>
    <s>CECMS PUBLICOS MUN JABOTICABAL - COOPERSERV</s>
    <s>BCO RABOBANK INTL BRASIL S.A. - RABOBANK</s>
    <s>CECMF DA COMIGO - CECMFCOMIGO</s>
    <s>CCR INT SOL ABELARDO LUZ - CRESOL/CREDILUZ</s>
    <s>CCR DE BRASIA - CREDIBRASILIA</s>
    <s>CECM MEDICOS D.P.S. TOLEDO REG - UNICRED PION.PR</s>
    <s>OPPORTUNITY DTVM LTDA - OPPORTUNITY</s>
    <s>CC CAMPINA VERDE - CREDICAMPINA</s>
    <s>CCR VALE PARANAPANEMA - CREDIVALE</s>
    <s>CECM REPR.COM.AUT.DO RJ LTDA - CCVA</s>
    <s>CECM PROF SAE E EMP OESTE PARAN- UNICRED OEST PR</s>
    <s>CECM M E CREA DE PELOTAS - UNICRED PELOTAS</s>
    <s>CECMS INSS PB COOPREV LTDA - COOPREV</s>
    <s>CECMPAS PIRACICABA E REGIAO - CECMPAS PIRA</s>
    <s>CECMM JABOTICABAL COPERMED - COPERMED JABOTI</s>
    <s>CECM MDPNSAS OURINHOS - OURICRED</s>
    <s>CECM MDPS VALE DO PARAA - UNICRED VALE PA</s>
    <s>CECM M DE CACHOEIRA DO SUL - UNICRED CACHOEI</s>
    <s>CECMM DPNSAS DE GUARULHOS - CECMMDPNSAS GUA</s>
    <s>CECMF RAPIDO LUXO CAMPINAS - CECMF RLC</s>
    <s>BCO KEB DO BRASIL SA - KEB</s>
    <s>GREENCRED - CECM - GREENCRED</s>
    <s>CECM SICOOB CREDCOOP - SICOOB CREDCOOP</s>
    <s>CECMF BULK MOLDING - MERIDIAN</s>
    <s>CCLA SICOOB SUDOESTE - SICOOB SUDOESTE</s>
    <s>CCLA NOVA TRENTO - TRENTOCREDI</s>
    <s>CCR INT SOL DE CONSTANTINA - CRESOL CONSTANT</s>
    <s>CECM M JOABA - COLIBERTE</s>
    <s>CCPEMM PROF SAE REG GRD FLOR - SICOOBMULTICRED</s>
    <s>CECM PANIFICADORES DE NATAL - CREDIPAN</s>
    <s>CCR SICOOB PDE SERRA - SICOOB-PE DE SE</s>
    <s>CECM PROF EDUC FLUMINENSE -</s>
    <s>CRESOL DE NOVA PRATA DO IGUACU - CRESOL NPIGUACU</s>
    <s>CECMS PODER JUDICIARIO EST. MT - CREDIJUD</s>
    <s>C.E.C.M. DOS SERV. PUB. EST PB - CREDS</s>
    <s>BRASCAN CIA. HIPOTECARIA - BRASCAN</s>
    <s>CECME EMPR METALURG OSASCO REG - CREDMETAL</s>
    <s>CREDSEF-CECMS DA SEC. FAZ. DF - CREDSEF</s>
    <s>BCO CARGILL S.A. - CARGILL</s>
    <s>FEDERALCRED CEAR- FEDERALCRED</s>
    <s>CECM COM VEIC DE POA E RM - SIVEICRED</s>
    <s>CCLA ALTO PAJE- CREDIPAJE/td&gt;</s>
    <s>CECMEI.QUIM.FAR.SUL.FLUM.LDA - COOPERQUIM</s>
    <s>CCLA VALES ITAJAE ITAPOC- BLUCREDI</s>
    <s>CCR INT SOL XAXIM - CRESOL XAXIM</s>
    <s>CCR SICOOB ITABAT- SICOOB ITABAT/td&gt;</s>
    <s>VISION S.A. CC - VISION CC</s>
    <s>CECMS POL MIL SP COP CREDMIL - CREDMIL</s>
    <s>CCPEMM DE CONCDIA E REGI - TRANSCREDI</s>
    <s>NOVA FUTURA DTVM LTDA - NOVA FUTURA</s>
    <s>AUTOCRED - AUTOCRED</s>
    <s>CCMF METRA - CCMF METRA</s>
    <s>CCR INT SOL DE TENENTE PORTELA - CRESOL TEN PORT</s>
    <s>CECME ESTAB BANCARIOS TERESINA - COOPERBAN</s>
    <s>ARC CORRETORA CAMBIO S.A. - ARC CC SA</s>
    <s>CCM DESPACHANTES TRANSITO/SC - CREDITRAN</s>
    <s>CECM SERV JUSTI E AFINS RO - CREDJURD</s>
    <s>CECM SERV PUBL PINH - CRESERV-PINH</s>
    <s>BCO STANDARD INV S.A. - STANDARD BI</s>
    <s>CONFIDENCE CC S.A. - CONFIDENCE</s>
    <s>CRESOL DE SALTO DO LONTRA - CRESOL S LONTRA</s>
    <s>CCR INT SOL DE SARANDI - CRESOL SARANDI</s>
    <s>SICOOB EDUC PARA - SICOOB EDUCPARA</s>
    <s>COOPERASA CECMF AGUIA PARTIC - COOPERASA</s>
    <s>CCM POLICIAIS FEDERAIS MG - FEDERALCRED</s>
    <s>CECME BANC.DIVINOPOLIS E REG. - DIVIBANC</s>
    <s>JURISCRED TERESINA - JURISCRED</s>
    <s>CCM MAGISTRATURA - COOMAMP</s>
    <s>PLANNER SCM S.A. - PLANNER SCM</s>
    <s>CENTRAL CECM ESP. SANTO - CECOOPES</s>
    <s>CCMF DA RICLAN - COOPRICLAN</s>
    <s>PREVIBANK S.A. DTVM - PREVIBANK</s>
    <s>CCM ESTIVADORES DE ITAJA- ESTIVACREDI</s>
    <s>ONNIX CC LTDA. -</s>
    <s>CCM DESPACHANTES DO ESTADO SP - COOPERDESP</s>
    <s>CCR INT SOL OURO - CRESOL OURO</s>
    <s>CECM MICOS S LU - UNIC. S LU</s>
    <s>CCR INT SOL S MIGUEL DO OEST -</s>
    <s>CREDEMPRESAS/RO - CREDEMPRESAS/RO</s>
    <s>CCR INT SOL GUARANI MISSS - CRESOL GUARANI</s>
    <s>CCPEMM CABREA E LOUVEIRA - SICOOB CREDESP</s>
    <s>CCM SERV PUB MUNIC BARRETOS - CREDISERV</s>
    <s>CRESOL ENEAS MARQUES - CRESOL ENEAS M</s>
    <s>CECM EMP LENCOIS PAULISTA - CRED-ACILPA</s>
    <s>CECM ENG. ARQ. AGR. AFINS RS - CREACRED-RS</s>
    <s>SOCRED S.A. SCM -</s>
    <s>CCR AGRICUL. FAMILIAR IBIA -</s>
    <s>CCR REG SUL MA SICOOB CREDISUL - SICOOB CREDISUL</s>
    <s>CCR ECOSOL/MORRO DO CHAP - ECOSOL/M CHAP</s>
    <s>CC DIST ATAC REG GOIANIA RIALM -</s>
    <s>DOMUS CH - DOMUS</s>
    <s>BCO DA CHINA BRASIL S.A. - BOC</s>
    <s>DISTRI-CASH DTVM LTDA -</s>
    <s>TURMALINA CC LTDA - TURMALINA</s>
    <s>BCO BANDEPE S.A. - BANDEPE</s>
    <s>CCR INT SOL DE MARILENA - CRESOL MARILENA</s>
    <s>CCR INT SOL DE IBAITI - CRESOL IBAITI</s>
    <s>CCR INT SOL DE ALTO PARAN- CRESOL A.PARAN/td&gt;</s>
    <s>MONEY PLUS SCMEPP LTDA - MONEY PLUS</s>
    <s>BARCLAYS CTVM S.A. -</s>
    <s>CECM EMP CAMPINA GRANDE -</s>
    <s>CCR ILHEUS - CREDILHS</s>
    <s>SITA SCCVM S.A. - SITA</s>
    <s>CECMS PUBL. VALE DO A - COSMIPA</s>
    <s>CECME GRUPO ARCELORMITTAL INOX - COPESITA</s>
    <s>PARMETAL DTVM LTDA - PARMETAL</s>
    <s>GERALDO CORREA - CVM S/A - GERALDO CORREA</s>
    <s>CC DE BOM DESPACHO LTDA - SICOOB CREDIBOM</s>
    <s>CC REGI GUARANIA - RURALCREDI</s>
    <s>GUITTA CC LTDA - GUITTA</s>
    <s>SICOOB COCRESUL - SICOOB COCRESUL</s>
    <s>BB-BANCO DE INVESTIMENTO S.A. - BB</s>
    <s>CC PATOS DE MINAS - CREDIPATOS</s>
    <s>SICOOB CENTRAL CREDIMINAS - SICCOOBCENTRALC</s>
    <s>CC CARMO DO RIO CLARO - CREDICARMO</s>
    <s>BANCO BTG PACTUAL S.A. - BTG PACTUAL</s>
    <s>BCO CLASSICO S.A. - CLASSICO</s>
    <s>BCO GUANABARA S.A. - GUANABARA</s>
    <s>CCR SICOOB CREDICOOGRAP - SICOOB CREDICOO</s>
    <s>FAIR CC S.A. - FAIR CC S.A.</s>
    <s>MERCANTIL BRASIL FIN S.A. CFI - MERC. DO BRASIL</s>
    <s>DILLON S/A DTVM - DILLON</s>
    <s>BCO BRASCAN S.A. - BRASCAN</s>
    <s>BI CREDIT SUISSE (BRASIL) S.A. - CREDIT SUISSE</s>
    <s>CC SICOOB CENTRAL BA -</s>
    <s>KRAUS - SCC LTDA - KRAUS</s>
    <s>FLUXO COR. CAMBIO S.A. - FLUXO</s>
    <s>HOYA CVC LTDA. - HOYA</s>
    <s>MIDAS S C C S.A - MIDAS</s>
    <s>PRIME S/A CCV - PRIME</s>
    <s>C CENTRO BRAS ECM PROF SAUDE - UNICREDI</s>
    <s>CC DE PIMENTA LTDA - CREDIPIMENTA</s>
    <s>MOEDA SCC LTDA - MOEDA</s>
    <s>CECME RHODIA PAULINIA - RODHIAPAULINIA</s>
    <s>ALFA AM S.A. - ALFA</s>
    <s>CECME COOP - COOPER.CONSUMO - CECME DA COOP</s>
    <s>CECMF OWENS CORNING FIBERGLAS - CECMFOWENS</s>
    <s>ING BANK N.V. - ING BANK</s>
    <s>LEVYCAM CCV LTDA - LEVYCAM</s>
    <s>SLW CVC LTDA - SLW</s>
    <s>DIDIER-LEVY CC S.A. - DIDIER-LEVY</s>
    <s>CECMF IESA E COMVES ARARAQUARA - SICOOB IESACRED</s>
    <s>TORRE CC LTDA - TORRE CC</s>
    <s>CECME GRUPO TELEFONICA - CECMETELEFONICA</s>
    <s>TENDCIA CCTVM LTDA - TENDCIA</s>
    <s>PATAO DTVM LTDA. - PATAO</s>
    <s>CCR ALTA PAULISTA - COCREALPA</s>
    <s>BCO ITAUBANK S.A. - ITAUBANK</s>
    <s>BCO BARCLAYS S.A. - BARCLAYS</s>
    <s>BCO BMG S.A. - BMG</s>
    <s>COIN DTVM LTDA - COIN</s>
    <s>SCHAHIN CCVM S.A. - SCHAHIN</s>
    <s>COR SOUZA BARROS CT S.A. - SOUZA BARROS</s>
    <s>RENASCENCA DTVM LTDA - RENASCENCA</s>
    <s>CECM POL MIL SERV SSPSP - COOPMIL</s>
    <s>INDUSVAL S.A. CTVM - INDUSVAL</s>
    <s>CCR CANDIDO MOTA - CREDIMOTA</s>
    <s>PLANNER TRUSTEE DTVM LTDA - PLANNER</s>
    <s>CECMF TETRA PAK - CECMFTETRA</s>
    <s>S. HAYATA CC S.A. - S. HAYATA</s>
    <s>LLA DTVM LTDA - LLA</s>
    <s>NUMBER ONE SCC LTDA - NUMBER ONE</s>
    <s>J ALVES CC LTDA - J. ALVES</s>
    <s>CECEMS UNESP - COOPUNESP</s>
    <s>CCR CAMPO BELO - SICOOB CREDIBEL</s>
    <s>CCLA CENTRO-OESTE DE MINAS - CREDICARMOMINAS</s>
    <s>CREDICORP CCTVM LTDA - CREDICORP</s>
    <s>ICARO CC LTDA - ICARO</s>
    <s>RENOVA S.A. CC - RENOVA</s>
    <s>EXIM CC LTDA - EXIM</s>
    <s>ESTRATEGIA INVEST S.A.- CVC - ESTRATEGIA</s>
    <s>CCPEMM VALE DO JAGUARIBE - UNIC JAGUARIBE</s>
    <s>TOV CCTVM LTDA - TOV CCTVM LTDA</s>
    <s>OLIVEIRA FRANCO SCVM - OLIVEIRA FRANCO</s>
    <s>DOURADA CORRETORA - DOURADA</s>
    <s>BCO OURINVEST S.A. - OURINVEST</s>
    <s>CCLA VALE DO RIO DO PEIXE - SICOOB CREDIRIO</s>
    <s>CORREPARTI CC LTDA - CORREPARTI CC</s>
    <s>SICREDI COOFATO - CREDIFATO</s>
    <s>CCLA DO VALE DO VINHO - SICOOB VIDEIRA</s>
    <s>CCLA S MIGUEL DO OESTE - SICOOB S MIGUEL</s>
    <s>CECME SUP. REG. BELEM CPRM - COOCPRM</s>
    <s>SICOOB COOMINAGRI BEL - COOMINAGRI</s>
    <s>CCLA LITOREA - SICOOB CREDIJA</s>
    <s>CECM MED PROF SAUDE SOBRAL - UNICRED SOBRAL</s>
    <s>CECM DOS EMPR DA AREVA LTDA - COOPERAREVA</s>
    <s>CECM EMPR GRUPO SAINT GOBAIN - CREDI SAINT-GOB</s>
    <s>EBADIVAL - E BAGGIO DTVM LTDA - EBADIVAL</s>
    <s>CECM FUNC DANA INDUSTRIAS - COOFAL</s>
    <s>ADVANCED CC LTDA - ADVANCED CC</s>
    <s>GERAL CCVM LTDA - CORRETORA GERAL</s>
    <s>DIFERENCIAL CTVM S.A. - DIFERENCIAL CTV</s>
    <s>DECYSEO CC LTDA. - DECYSEO</s>
    <s>CECM M DO PLANALTO MIO/RS - CREDIPLAN</s>
    <s>Fonte: Instituiçoes financeiras (o teor das informaçoes e de responsabilidade das instituiçoes financeiras, representadas por seus administradores, gerentes, membros do conselho de administraçao, fiscal e semelhantes, e a sua inexatidao sujeita-os as penalidades previstas em lei)</s>
    <s>Atendimento: 0800 979 2345 | Deficiente auditivo/fala: 0800 642 2345 | Fale conosco | Ajuda</s>
    <s>Politica de privacidade | Politica de acessibilidade | (C) Banco Central do Brasil - Todos os direitos reservados</s>
  </text>
</page>
