<?xml version="1.0" encoding="UTF-8"?>
<!DOCTYPE page SYSTEM "page.dtd">
<page>
  <lang>pt</lang>
  <url>http://www.sindifars.com.br/index.asp%3Fsubopcao%3Dnoticialer%26titulo%3Dnoticias%26idnews%3D591</url>
  <title>Conferência Municipal de Saúde começa - SINDIFARS</title>
  <snippet>
    <s>Saúde: 300 vagas disponíveis para ouvintes na conferência Municipal de Saúde ocorre dias 30 de junho, 1º e 2 de julho, no Salão de Atos da PUCRS. </s>
  </snippet>
  <text>
    <s>Conferencia Municipal de Saude começa quinta-feira</s>
    <s>Foto: Divulgaçao/PMPA</s>
    <s>Reunioes previas aprovaram temas para debate na Conferencia Municipal</s>
    <s>As propostas mais votadas nas pre-conferencias realizadas pelas oito distritais de Porto Alegre, entre 7 de maio e 11 de junho, serao agora levadas para debates na 6ª Conferencia Municipal de Saude, dias 30 de junho, 1º e 2 de julho, no Salao de Atos da Pucrs.</s>
    <s>Estao automaticamente inscritos para a Conferencia Municipal 1.237 participantes que tiveram o minimo de 75% de presença nas pre-conferencias. Outros interessados em acompanhar as discussoes podem se inscrever como ouvintes, pelo site www2.portoalegre.rs.gov.br/cmsaude - acessavel tambem pela pagina da Secretaria Municipal de Saude na Internet (www2.portoalegre.rs.gov.br/sms). O limite para ouvintes e de 300 pessoas.</s>
    <s>Organizada a cada quatro anos pela Secretaria Municipal de Saude e pelo Conselho Municipal de Saude, a Conferencia tem como tema, neste ano, &quot;Todos Usam o SUS - Acesso e Acolhimento em Porto Alegre&quot;. Entre os 1.237 inscritos para avaliar a situaçao dos atendimentos oferecidos na Capital e propor medidas para a qualificaçao, 448 sao usuarios do sistema municipal de Saude, 605 sao trabalhadores do setor, 159 sao gestores e 25 sao prestadores de serviços.</s>
    <s>&quot;Durante as pre-conferencias, tivemos um bom nivel de debates em torno de questoes de grande importancia e que merecem atençao para que as pessoas que utilizam a assistencia de saude publica recebam, cada vez mais, um melhor atendimento. Mais relevante torna-se essa conquista na medida em que ela se da com o envolvimento de gestores, profissionais de Saude e usuarios, buscando soluçoes em conjunto, a partir das pre-conferencias e das conferencias&quot;, diz o secretario municipal de Saude, Carlos Henrique Casartelli.</s>
    <s>Saude: 300 vagas disponiveis para ouvintes na conferencia</s>
    <s>Estao automaticamente inscritos para a 6ª Conferencia Municipal de Saude 1.237 participantes que tiveram o minimo de 75% de presença nas oito pre-conferencias, realizadas pelas distritais de Porto Alegre entre 7 de maio e 11 de junho. Clique aqui para conferir a relaçao de nomes.</s>
    <s>Outros interessados em acompanhar os debates podem se inscrever como ouvintes, pelo site da conferencia, que pode ser acessado tambem pela pagina da Secretaria Municipal de Saude (SMS) na Internet. O limite para ouvintes e de 300 pessoas.</s>
    <s>Organizada a cada quatro anos pela SMS e pelo Conselho Municipal de Saude, a conferencia tem como tema deste ano Todos usam o SUS - Acesso e Acolhimento em Porto Alegre. Entre os 1.237 inscritos para avaliar a situaçao dos atendimentos oferecidos na Capital e propor medidas para a qualificaçao, 448 sao usuarios do sistema municipal de Saude, 605 sao trabalhadores do setor, 159 sao gestores e 25 sao prestadores de serviços. A 6ª Conferencia Municipal de Saude ocorre dias 30 de junho, 1º e 2 de julho, no Salao de Atos da PUCRS. Confira a programaçao completa neste link.</s>
    <s>Sindicato dos Farmacicos no Estado do Rio Grande do Sul</s>
    <s>Rua Dr. Alcides Cruz, 305 - 90630.160 - Porto Alegre - RS Fone/Fax: 51 - 3333.4584</s>
    <s>E-mail:sindifars@sindifars.com.br / Expediente Externo: 2 das 13h 18h</s>
    <s>CNPJ - 88.012.919/0001-46 Insc. Estadual - Isento / Co da entidade - 557.183.87505-8</s>
    <s>Carta Sindical -Processo n MTB. 330.040 de 1974</s>
    <s>Carta Registrada no Livro 74 fls.47 em pngde Julho de 1975</s>
    <s>Site desenvolvido pelaSindisoft - Servi de Informca Ltda- Todos os direitos reservados</s>
  </text>
</page>
