<?xml version="1.0" encoding="UTF-8"?>
<!DOCTYPE page SYSTEM "page.dtd">
<page>
  <lang>pt</lang>
  <url>http://www.orkut.com/CommMsgs%3Ftid%3D5380992705094496326%26cmm%3D697641%26hl%3Dpt-BR</url>
  <title>orkut - I Conferência Regional-Sul de Tubas e Eufônios</title>
  <snippet>
    <s>Olá, estamos organizando uma Conferência de Tubas e Eufônios aqui na o evento é exclusivo para Tubistas e Eufonistas, como participantes ativos é claro. </s>
  </snippet>
  <text>
    <s>Conteúdo disponível apenas no novo orkut</s>
    <s>O conteúdo que você procura só está disponível na nova versão do orkut. Você pode voltar para esta versão a qualquer momento.</s>
    <s>Levaremos você para o novo orkut agora.</s>
    <s>página inicial |</s>
    <s>participe do orkut</s>
    <s>An error ocurred!</s>
    <s>Oficina de Música de Curitiba</s>
    <s>(608 membros)</s>
    <s>ver perfil</s>
    <s>I Conferência Regional-Sul de Tubas e Eufônios</s>
    <s>Início &gt; Comunidades &gt; Artes e Entretenimento &gt; Oficina de Música de Curitiba &gt; Fórum: &gt; I Conferência Regional-Sul de Tubas e Eufônios</s>
    <s>primeira | &lt; anterior | próxima &gt; | última mostrando 1-1 de 1</s>
    <s>I Conferência Regional-Sul de Tubas e Eufônios</s>
    <s>Olá, estamos organizando uma Conferência de Tubas e Eufônios aqui na Região Sul,</s>
    <s>Como é um evento regional, estamos abrindo em véspera a divulgação ampla.</s>
    <s>A Realização do evento será no município de Biguaçu / Florianópolis no estado de Santa Catarina dos dias 14 a 18 de outubro de 2009.</s>
    <s>O intuito é iniciar um movimento destes instrumentos por aqui, saber quem toca, onde toca, pretensões de carreira, fazer bastante som, enfim, conferenciar sobre música e conectar os instrumentistas para que o cenário tenda a fluir cada vez mais.</s>
    <s>Já estamos com uma porcentagem das vagas preenchidas. Criamos uma &quot;cota sul&quot; em função do foco e os apoiadores serem Regionais, portanto, se és &quot;sulino&quot; garanta já sua vaga.</s>
    <s>Se você for de outra região e interessar a proposta, informe-se sobre o evento e sinta-se a vontade para fazer a inscrição pois ficaremos muito honrados com sua presença e o trazer dos seus saberes para a Conferência.</s>
    <s>Não temos restrição de nível ou idade, o que lembramos é que o evento é exclusivo para Tubistas e Eufonistas, como participantes ativos é claro. Porém, Todos estão convidados a conferir a programação da Conferência.</s>
    <s>A I Conferência Regional-Sul de Tubas e Eufônios tem apoio da Organização Musical Catarinense, da Escola de Música e Belas Artes do Paraná (Universidade do Estado), e da Orquestra Sinfônica de Porto Alegre.</s>
    <s>O contato principal é tubaeufoniosul@gmail.com</s>
    <s>A web oficial da conferência é: www.tubaeufoniosul.com</s>
    <s>Se puder, ajude-nos a divulgar.</s>
    <s>muito obrigado.</s>
    <s>primeira | &lt; anterior | próxima &gt; | última</s>
    <s>denunciar spam!</s>
    <s>« voltar aos tópicos</s>
    <s>| Sobre o orkut | Blog | Desenvolvedores | Central de segurança | Privacidade | Termos de uso | Publicidade | Ajuda</s>
  </text>
</page>
