<?xml version="1.0" encoding="UTF-8"?>
<!DOCTYPE page SYSTEM "page.dtd">
<page>
  <lang>pt</lang>
  <url>http://www.anpei.org.br/imprensa/noticias/abertas-as-inscricoes-para-a-apresentacao-de-cases-na-x-conferencia-anpei/</url>
  <title>Abertas as inscrições para a apresentação de cases na X Conferência</title>
  <snippet>
    <s>23 dez. 2009 Abertas as inscrições para a apresentação de cases na X Conferência Anpei conta o diretor da Anpei e coordenador-geral da Conferência, </s>
  </snippet>
  <text>
    <s>A + A -</s>
    <s>quarta-feira, 23 de dezembro de 2009 às 18:28</s>
    <s>Abertas as inscrições para a apresentação de cases na X Conferência Anpei</s>
    <s>O conhecimento produzido nas universidades e instituições de pesquisa do mundo todo costuma ser explícito em artigos – ou papers , no jargão acadêmico – que descrevem, em um exemplo simplista, como andar de bicicleta. Já o conhecimento gerado nas empresas como, seguindo a analogia, pegar a bicicleta e sair andando, geralmente não é registrado e expresso e, por isso mesmo, é classificado como conhecimento tácito.</s>
    <s>Para possibilitar que esse conhecimento seja revelado e compartilhado, a Anpei incentiva as empresas inovadoras a apresentarem suas experiências no desenvolvimento de novos produtos ou processos durante suas Conferências anuais sob a forma de estudos de casos – ou cases , no jargão empresarial. Único foro existente no calendário de eventos voltados para a inovação tecnológica, a mostra de cases nas Conferências da Anpei permite o compartilhamento e a troca de experiências entre gestores de P, D&amp;I por meio dos estudos apresentados.</s>
    <s>Distribuídos em sessões plenárias ou simultâneas da Conferência, a mostra desperta o interesse por parte tanto de quem os apresenta como do público, ávido por saber como as empresas conseguem transformar seus desenvolvimentos em inovações. “Na Conferência de 2009 esperávamos receber 20 estudos de casos e recebemos 92, que foram enviados por 55 empresas e ICTs”, conta o diretor da Anpei e coordenador-geral da Conferência, Mario Eduardo Barra. “Foram aprovados 64 cases , mas pelas limitações de tempo e de espaço, conseguimos viabilizar a apresentação de 46 deles. Todos os aprovados foram incluídos nos anais do evento”, informa.</s>
    <s>Call for cases – Os casos são selecionados para apresentação nas Conferências da Anpei de acordo com procedimentos semelhantes aos adotados pela academia. Tal como a call for papers – ou chamada para artigos – feita pelas instituições universitárias para a escolha de trabalhos a serem apresentados em congressos ou para publicação em revistas científicas, a Anpei promove uma call for cases – chamada para casos – para convidar os interessados a apresentarem estudos de caso em sua Conferência anual. A chamada de casos para X Conferência, que será realizada de 26 a 28 de abril de 2010 na sede da Federação das Indústrias do Estado do Paraná (Fiep), em Curitiba, foi lançada no início de novembro e estará disponível no site do evento.</s>
    <s>No comunicado, que já foi enviado para as empresas e instituições de C,T&amp;I associadas à Anpei e será remetido por e-mail aos não associados, estão detalhados todos os procedimentos para orientar os interessados a submeterem suas propostas de casos para apresentação. Eles deverão focalizar os temas escolhidos para a X Conferência – “Cooperação para Inovação Sustentável” –, que, na avaliação de Barra, “são os três pilares sobre os quais as empresas inovadoras vêm construindo o seu futuro”.</s>
    <s>“Sem inovação não há sustentabilidade e para haver sustentabilidade é preciso ter inovação”, diz o coordenador do evento. “Por outro lado, cabe às empresas compartilharem seus conhecimentos seja internamente, com seus colaboradores, por meio da construção de redes internas ou estimulando a construção de um ambiente inovador, ou externamente, com o mercado, por meio de redes abertas e da prática da open innovation . O título da Conferência reflete o imbricamento desses três conceitos”, explica.</s>
    <s>Entre os critérios que serão usados para avaliação das propostas para a apresentação dos casos estão o enquadramento em um dos três temas – inovação, cooperação ou sustentabilidade –, e sua abrangência, que deverá refletir a visão externa ou interna dos autores. Os trabalhos serão enquadrados em um dos sextantes criados pelo comitê técnico para auxiliar os autores a contextualizarem suas apresentações.</s>
    <s>Os resumos deverão ser encaminhados até 15 de fevereiro ao comitê técnico da X Conferência Anpei de Inovação Tecnológica, que garante sigilo absoluto durante o processo de avaliação. O objetivo dos organizadores é que a apresentação dos cases não fiquem limitados à Conferência. “Vamos tentar fazer com que eles sejam compartilhados de alguma forma, como por meio de redes, após a sua apresentação”, antecipa Barra.</s>
    <s>Indique para um amigo Imprima esta página</s>
    <s>Notícias recentes</s>
    <s>11 out</s>
    <s>Congresso Internacional de Inovação debate as nações emergentes</s>
    <s>11 out</s>
    <s>Frente Parlamentar da Pesquisa e Inovação defende 2,5% do PIB para C&amp;T</s>
    <s>11 out</s>
    <s>Química de oportunidades</s>
    <s>11 out</s>
    <s>Sebrae completou 39 anos no domingo, dia 09</s>
    <s>11 out</s>
    <s>Finep lança campanha publicitária do Programa Inova Brasil</s>
    <s>11 out</s>
    <s>Centro de Inovação da PUCRS realiza abertura do Students to Business</s>
    <s>11 out</s>
    <s>UECE e Fiec realizam seminário internacional de inovação</s>
    <s>11 out</s>
    <s>C2i, da Fiep, promove palestras para estimular a prática inovadora nas empresas</s>
    <s>11 out</s>
    <s>Suvinil, marca de tintas da Basf, é eleita a mais inovadora do Brasil</s>
    <s>04 out</s>
    <s>SBPC e ABC tentam sensibilizar parlamentares para incluir educação e C,T&amp;I no bolo do pré-sal</s>
    <s>Associação Nacional de Pesquisa e Desenvolvimento das Empresas Inovadoras</s>
    <s>Rua Helena, 170 - 13º andar - Cj. 134 Vila Olímpia - 04552-050 São Paulo - SP</s>
    <s>Telefone: +55 (11) 3842-3533</s>
  </text>
</page>
