<?xml version="1.0" encoding="UTF-8"?>
<!DOCTYPE page SYSTEM "page.dtd">
<page>
  <lang>pt</lang>
  <url>http://www.city.ogaki.lg.jp.p.ab.hp.transer.com/0000011286.html</url>
  <title>Cultura coordenador educação conferência local | Ogaki-shi</title>
  <snippet>
    <s>Cultura coordenador educação conferência local. [15 de julho de 2011]. O Ogaki- shi cultivam corporação abre a conferência para expor uma vela de ignição </s>
  </snippet>
  <text>
    <s>!É o topo da página</s>
    <s>!Salte cardápios comuns; e para o texto</s>
    <s>Por favor valide um JavaScript (manuscrito ativo) para usar uma função de mudança de tamanho. Quando eu mudar um tamanho como invalidez por um JavaScript (manuscrito ativo), por favor mude um tamanho do cardápio de indicação do browser do uso.</s>
    <s>Procure no local</s>
    <s>!É o término do cardápio.</s>
    <s>Cultura coordenador educação conferência local</s>
    <s>15 de julho de 2011</s>
    <s>　O Ogaki-shi cultivam corporação abre a conferência para expor uma vela de ignição para amarrar cultura tradicional e um cidadão para e o coordenador que é contar na próxima era enquanto utilizando cultura tradicional agora dentro.</s>
    <s>Cada &lt; conferência é comum＞</s>
    <s>・Capacidade　：　Para cada 30 (base primeiro-vir-primeiro-servida)</s>
    <s>・Instrução　：　Cada conferência 1,000 iene (eu coleciono isto na primeira vez)</s>
    <s>・Aplicação　：　Para a corporação (TEL 82-2310)</s>
    <s>Toda a conferência (1) cultura tradicional&quot; &lt; seis vezes de Ogaki&quot;＞</s>
    <s>・Tempo　：　De 2:00 da tarde a 3:30 (só como para o quinto 6:00 da tarde )</s>
    <s>・Lugar　：　Centro cívico (como durante quartas .5 vezes, local)</s>
    <s>Conferência (1) cultura tradicional&quot; de Ogaki&quot;</s>
    <s>Sábado, julho 30</s>
    <s>Característica da cultura tradicional de Ogaki</s>
    <s>Sábado, agosto 6</s>
    <s>Evento montês festivo do festival de Ogaki</s>
    <s>Sábado, agosto 20</s>
    <s>Evento montês festivo do festival de Ogaki</s>
    <s>Sábado, setembro 3</s>
    <s>Sepultura azul dança de tambor grande</s>
    <s>Domingo, setembro 4</s>
    <s>Hassaku festival laranja de Makidaueno</s>
    <s>Sábado, setembro 24</s>
    <s>De sucessão e isto da cultura tradicional</s>
    <s>!Fotografia do festival de Ogaki</s>
    <s>Festival de Ogaki</s>
    <s>Toda a conferência (2) &quot;inflexão &lt; oito vezes da herança cultural&quot;＞</s>
    <s>・Tempo　：　De 7:00 da tarde a 8:30</s>
    <s>・Lugar　：　Sui Topia centram reunião quarto 3</s>
    <s>Conferência (2) &quot;inflexão da herança cultural&quot;</s>
    <s>Quinta-feira, agosto 4</s>
    <s>Eu abro herança cultural na área</s>
    <s>Quinta-feira, agosto 11</s>
    <s>Promoção de turismo para utilizar herança cultural dentro</s>
    <s>Quinta-feira, agosto 18</s>
    <s>Fundamentos do plano</s>
    <s>Quinta-feira, agosto 25</s>
    <s>Fundamentos da informação pública</s>
    <s>Quinta-feira, setembro 1</s>
    <s>Papel do coordenador</s>
    <s>Quinta-feira, setembro 8</s>
    <s>Herança cultural e promoção local</s>
    <s>Quinta-feira, setembro 15</s>
    <s>Recuperação de recursos do negócio</s>
    <s>Quinta-feira, setembro 22</s>
    <s>Eu deixei herança cultural arraigar na área</s>
    <s>!Fotografia do Mino Kokubunji rastro</s>
    <s>Mino Kokubunji rastro</s>
    <s>(15 de julho, 2011 assunto)</s>
    <s>≫Eu volto a um índice</s>
    <s>Conte uma opinião</s>
    <s>A informação desta página era útil?</s>
    <s>Eu era útil Eu posso dizer nenhum Eu era inútil</s>
    <s>Era fácil de achar a informação desta página?</s>
    <s>Era fácil de achar isto Eu posso dizer nenhum Era difícil de achar isto</s>
    <s>Eu volto ao topo da página</s>
    <s>Mapa de local</s>
    <s>Sobre homepage de Ogaki-shi</s>
    <s>Política de privacidade</s>
    <s>503-8601 Ogaki-shi. 2-29, Marunouchi, Ogaki-shi, telefones de Gifu: 0584-81-4111 (representante) fac-símile: 0584-81-4460 (representante) As horas empresariais. de 8:30 para 17:15 feriado. sábados, domingos, e feriados, ano-fim e feriado de Ano novo (de 29 de dezembro a 3 de janeiro)</s>
    <s>Copyright (C) Ogaki City All Rights Reserved.</s>
  </text>
</page>
