<?xml version="1.0" encoding="UTF-8"?>
<!DOCTYPE page SYSTEM "page.dtd">
<page>
  <lang>pt</lang>
  <url>http://www.tudobox.com/327/modelo_de_oficio_para_patrocinio.html</url>
  <title>Modelo de Ofício para Patrocínio</title>
  <snippet>
    <s>9 jul. 2009 Um pedido de patrocínio normalmente precisa ser formalizado em um documento e entregue a empresa ou órgão a que se destinada para </s>
  </snippet>
  <text>
    <s>Editorial | Polca de Privacidade | Contato</s>
    <s>Ferramenta de Busca</s>
    <s>Capa | Modelos de Documentos | Htos Eficientes | Perda de Peso | Dinheiro | Programas | Saa&gt; | [Veja Todos os Temas</s>
    <s>Modelo de Ofo para Patroco</s>
    <s>Publicada em 9 de Julho de 2009</s>
    <s>Modelo de Ofo para Patroco | Um funcional ofo de pedido de patroco que pode ser adaptado suas necessidades.</s>
    <s>Um pedido de patroco normalmente precisa ser formalizado em um documento e entregue a empresa ou o a que se destinada para obten de uma resposta positiva.</s>
    <s>Portanto, segue abaixo um modelo de ofo para patroco:</s>
    <s>br&gt;(empresa ou o)</s>
    <s>(departamento, se conhecido)</s>
    <s>Apoio / Patroco</s>
    <s>Vimos pelo presente expor e solicitar a Vossa Senhoria apoio para o (nome do evento) a ser realizado no dia (dia) de (m de (ano), no (informar o local de realiza).</s>
    <s>O evento vai proporcionar (descrever todos os benefos e a visibilidade alcana pelo evento a ser patrocinado, seja na TV, ro, jornais ou pela quantidade de participantes).</s>
    <s>Anexo a este ofo, segue projeto do evento, programa e cotas de patroco, que podem ser alteradas conforme acordo entre as partes.</s>
    <s>Certos de que poderemos contar com seu importante apoio, nos colocamos isposi no aguardo da resposta.</s>
    <s>(nome completo)</s>
    <s>(institui, se for o caso)</s>
    <s>(enderee telefones de contato)</s>
    <s>Temas Abrangidos</s>
    <s>Modelos de Documentos</s>
    <s>Festas e Eventos</s>
    <s>As Matas Relacionadas</s>
    <s>Modelo de Pedido de Patroco</s>
    <s>Disponibilizamos um modelo de pedido de patroco que pode ser adaptado suas necessidades.</s>
    <s>Modelo de Ofo para Prefeitura</s>
    <s>Um funcional modelo de ofo que pode ser adaptado para seu uso.</s>
    <s>Modelo de Convite de Formatura</s>
    <s>Encontre o modelo de convite de formatura que voceseja.</s>
    <s>Modelo de Convite de Batizado</s>
    <s>Fornecemos um eficiente convite de batismo para seu uso.</s>
    <s>Modelo de Aditivo de Contrato de Compra e Venda</s>
    <s>Um simples modelo de termo aditivo de contrato de compra e venda.</s>
    <s>Modelo de Aviso de Greve</s>
    <s>Um simples modelo de aviso de greve para Sindicatos.</s>
    <s>Modelo de Requerimento de Dispensa no Servi/a&gt;</s>
    <s>Pedido de dispensa no servipor compromisso de grande importia.</s>
    <s>[Modelo de Termo de Responsabilidade Hospitalar</s>
    <s>Um modelo de termo de responsabilidade para a a mca.</s>
    <s>Modelo de Pedido de Exame de LesCorporal</s>
    <s>Um modelo objetivo de requisi de exame de lescorporal.</s>
    <s>Modelo de Edital de Convoca</s>
    <s>Um modelo simples e objetivo de convoca para assembl.</s>
    <s>Modelo de Etiqueta para Correspondia</s>
    <s>Uma eficiente etiqueta para envelopes de correspondia.</s>
    <s>Modelo de Atestado de Sacupacional</s>
    <s>Um eficiente modelo de atestado de sacupacional.</s>
    <s>Clique aqui e confira outros destaques</s>
    <s>Tambno TudoBox</s>
    <s>Veja-se livre dos Adwares com o software da Lavasoft</s>
    <s>O Ad-Aware m utilito importante na limpeza dos espide seu computador.</s>
    <s>Imagens de Animais na Internet</s>
    <s>Onde encontrar as melhores imagens de animais na web.</s>
    <s>Como Medir os Batimentos Cardos</s>
    <s>Saiba como medir os batimentos cardos sem a necessidade de um aparelho medidor.</s>
    <s>Como Instalar Ilumina de Natal com Seguran/a&gt;</s>
    <s>Saiba como proceder para realizar as instalas de ilumina natalina na sua casa com seguran</s>
    <s>[Site do Corinthians</s>
    <s>Acesse o site do Corinthians que vocrocura na web.</s>
    <s>Modelo de Interpela Extrajudicial</s>
    <s>Fauso desde modelo de interpela extrajudicial sempre que necesso.</s>
    <s>Links Patrocinados</s>
    <s>Produtos Recomendados</s>
    <s>Veja Todos os Temas</s>
    <s>Alimenta, Beba&gt;, [Carro, Casa, Celulares e PDAs, Corinthians, Crian, Curriculum Vitae, Detran, Dinheiro, Doen, Educa, Esportes, Estca, Festas e Eventos, Forma Fca, Gravidez, Htos Eficientes, Imagens, Informca, Internet, Jovem, Jurco, Mensagens, Mercado de Trabalho, Modelos de Documentos, Mulher, Muscula, Palmeiras, Perda de Peso, Portugue Gramca, Religi/a&gt;, [Rotina, Saa&gt;, [Software, Tecnologia, Utilidades, Webmaster, Mais Recentes</s>
    <s>Todos os direitos reservados</s>
    <s>Proibida a reprodu total ou parcial sem autoriza</s>
  </text>
</page>
