<?xml version="1.0" encoding="UTF-8"?>
<!DOCTYPE page SYSTEM "page.dtd">
<page>
  <lang>pt</lang>
  <url>http://www.pucgoias.edu.br/puc/portal/home/secao.asp%3Fid_secao%3D380</url>
  <title>:: CERTIFICADOS - Universidade Católica de Goiás</title>
  <snippet>
    <s>VII Jornada de Produção Científica - Ouvinte Conferência: Educação Básica - Desafios e Perspectivas Workshop de Iniciação Científica: como participar? </s>
  </snippet>
  <text>
    <s>:: Problemas ao imprimir?</s>
    <s>Saiba como configurar sua impressora.</s>
    <s>SELECIONE UMA DAS OPES ABAIXO:</s>
    <s>VI Jornada de Produ Cientca - Todas Categorias</s>
    <s>VII Jornada de Produ Cientca - Colaborador</s>
    <s>VII Jornada de Produ Cientca - Ouvinte</s>
    <s>Mesa-Redonda: Esquizofrenia</s>
    <s>VI Semino de Licenciaturas</s>
    <s>VI Semino de Licenciaturas - Monitores</s>
    <s>Aula Inaugural - Curso de Pedagogia 2008/1</s>
    <s>IV Semana Cientco-Pedaga da Administra Seminos Avanos - O Papel do Empreendedor e do Administrador VII Jornada Goiana de Fonoaudiologia</s>
    <s>CEAD - Programa de Apoio ao Aluno 2008/1</s>
    <s>Departamento de Administra - Bancas de Esto Supervisionado II</s>
    <s>Responsabilidade Social Empresarial E Desenvolvimento Sustentl</s>
    <s>Curso de Pedagogia: Atividade Acadca Cientco-Cultural</s>
    <s>Departamento de Educa: Aula Magna 2008/2</s>
    <s>Departamento de Educa: Mesa Redonda - Enade 2008</s>
    <s>VIII Jornada de Produ Cientca</s>
    <s>I Encontro Cientco de Gerontologia</s>
    <s>Departamento de Educa: Mesa Redonda II - Enade 2008</s>
    <s>V Semana Cientco-Pedaga da Administra</s>
    <s>IV Semana Integrada de Ciia e Tecnologia da Engenharia</s>
    <s>I SBMI - Simp de Biotecnologia Molecular Industrial</s>
    <s>IV Semana Integrada de Ciia e Tecnologia da Arquitetura</s>
    <s>V Simp em Educa</s>
    <s>I Semino de Pesquisa em Pradua em Hist UFG/UCG</s>
    <s>CEAD - Programa de Apoio ao Aluno 2008/2</s>
    <s>IV Semana Integrada de Ciia e Tecnologia do MAF</s>
    <s>Departamento de Administra - Bancas de Esto 2008/2</s>
    <s>Departamento de Pedagogia - Aula Inaugural 2009/1</s>
    <s>Departamento de Psicologia - Mesa Redonda: Construindo com Alicerce</s>
    <s>Palestra: Enologia: O Fascinante Mundo do Vinho</s>
    <s>XII Encontro Ambientalista</s>
    <s>CEAD - Programa de Apoio ao Aluno 2009/1</s>
    <s>Conferia: Educa Bca - Desafios e Perspectivas</s>
    <s>Departamento de Pedagogia - Aula Inaugural 2009/2</s>
    <s>Semana Integrada de Quca 2009</s>
    <s>Programa de Forma Continuada de Professores na UCG - 5 Etapa</s>
    <s>Departamento de Ciias Jurcas - Estudo de Caso: Veias e Vinhos</s>
    <s>Departamento de Ciias Jurcas - Palestra: Pera Criminal</s>
    <s>Departamento de Ciias Jurcas - Palestra: Controle de Constitucionalidade 2007-1</s>
    <s>Departamento de Ciias Jurcas - Aula Magna 2007-1</s>
    <s>Departamento de Ciias Jurcas - Alteras da Legisla Penal</s>
    <s>Departamento de Ciias Jurcas - Tribunal do Jimulado 2007-1</s>
    <s>Departamento de Ciias Jurcas - Semino O Mercador de Veneza - 04 horas - 2007-1</s>
    <s>Departamento de Ciias Jurcas - Semino O Mercador de Veneza - 08 horas - 2007-1</s>
    <s>Departamento de Ciias Jurcas - Relas Comerciais Entre Brasil e Israel - 2007-1</s>
    <s>Departamento de Educa - O Trabalho Interdisciplinar</s>
    <s>Departamento de Ciias Jurcas - Palestra: Fraternidade e Seguran- 2009-1</s>
    <s>Departamento de Ciias Jurcas - Tribunal do Jur 2009-1</s>
    <s>Departamento de Psicologia - Semino: Reflexdo Cotidiano</s>
    <s>Departamento de Ciias Jurcas - Congresso Franco Brasileiro</s>
    <s>Departamento de Pedagogia - Poesia/Prosa - Musicaliza Infantil</s>
    <s>Departamento de Pedagogia - Fono-InConcert</s>
    <s>Departamento de Ciias Jurcas - Semana da OAB 2009-2</s>
    <s>Departamento de Psicologia - IX Jornada de Produ Cientca</s>
    <s>Departamento de Pedagogia - PNE - CONAE</s>
    <s>Departamento de Pedagogia - De UCG UC - Desafios/Perspectivas</s>
    <s>Departamento de Ciias Jurcas - ENADE 2009-2</s>
    <s>Semana de Ciia e Tecnologia da Universidade Cata de Goi(outubro de 2009)</s>
    <s>Departamento de Pedagogia - Atividades Culturais - M e Danbr/&gt; Departamento de Pedagogia - Atividades Culturais - M e Teatro</s>
    <s>Departamento de Administra - Semana Pedago Cientifica 2009-2</s>
    <s>MAF - V Semana Integrada de Ciia e Tecnologia</s>
    <s>CEAD - Programa de Apoio ao Aluno 2009/2</s>
    <s>II Encontro Cientco de Gerontologia</s>
    <s>II Encontro Cientco de Gerontologia - ComissOrganizadora</s>
    <s>ENG - V Semana Integrada de Ciia e Tecnologia - Outros</s>
    <s>Workshop de Inicia Cientca: Como Concorrer?</s>
    <s>Departamento de Administra - Semino: Oceano Azul</s>
    <s>Departamento de Administra - Seminos Avanos 2009-2</s>
    <s>Departamento de Fonoaudiologia - Palestra: A Voz Na Globaliza</s>
    <s>Departamento de Ciias Jurcas - Curso de Concilia 2010-1</s>
    <s>VI Semana de Cultura e Cidadania - Bolsistas OVG</s>
    <s>Departamento de Fonoaudiologia - Mesa Redonda: Respira Oral</s>
    <s>Departamento de Pedagogia - Conferia Inaugural</s>
    <s>VI Semana de Cultura e Cidadania - Monitoria</s>
    <s>CEAD - Programa de Apoio ao Aluno 2010/1</s>
    <s>Departamento de Administra - Semino de Integra do 1 Pero 2010-1</s>
    <s>Departamento de Ciias Jurcas - Tribunal do Jur 2010-1</s>
    <s>VI Semana de Cultura e Cidadania - Curso de Eventos</s>
    <s>I Encontro de Ligas Acadcas</s>
    <s>PROAFRO - Divulga do Selo Milton Gongalves</s>
    <s>VI Semana de Cultura e Cidadania - Monitoria da Esta Sar/&gt; IX Pro Galo da Propaganda</s>
    <s>IV Simp do Instituto Dom Fernando</s>
    <s>Semino de Psicologia Escolar</s>
    <s>13 Encontro Ambientalista</s>
    <s>Departamento de Administra - Bancas de Esto Supervisionado 2010-1</s>
    <s>Departamento de Educa - Atividade Cientco-Cultural - Aprendizagem Escolar</s>
    <s>Departamento de Educa - Aula Inaugural 2010-2</s>
    <s>Departamento de ServiSocial - Conferia: A Polca Social</s>
    <s>II Aula Magna de Comunica</s>
    <s>Departamento de Ciias Jurcas - Palestra: Um Olhar Crco Sobre o Tribunal do Jr/&gt; Departamento de Comunica - 2 Edi da Comunica Em Pauta</s>
    <s>Semana de Ciia e Tecnologia da PUC Goi2010</s>
    <s>Certificado do II Encontro de Extensbr/&gt; Certificados - III Encontro Cientco de Gerontologia Social</s>
    <s>Certificados - III Encontro Cientco de Gerontologia Social - ComissOrganizadora</s>
    <s>Certificados - Mda Consciia Negra na PUC GOI</s>
    <s>Certificados - Mda Consciia Negra na PUC GOI - ComissOrganizadora</s>
    <s>VI Semana Integrada de Ciia e Tecnologia da ea III</s>
    <s>CEAD - Programa de Apoio ao Aluno 2010/2</s>
    <s>7 Semana Pedago-Cientca do Departamento de Administra</s>
    <s>VI Simp em Educa</s>
    <s>I Encontro Regional de Profissionais da Gagueira e Pessoas que Gaguejam</s>
    <s>X Jornada de Produçao Cientifica do Curso de Psicologia</s>
    <s>Semana Academica do Curso de Serviço Social</s>
    <s>I Semana de Arte e Cultura da PUC Goias: Extensao Ensino e Pesquisa</s>
    <s>II Jornada Cientifica de Nutriçao</s>
    <s>Oficina Regional Centro-Oeste da ABEPSS</s>
    <s>Workshop de Inicia Cientca: como participar?</s>
    <s>Departamento de Ciencias Juridicas - Semino Estudo de Caso: Tropa de Elite</s>
    <s>Departamento de Ciencias Juridicas - I Ciclo de Palestra de Capacita</s>
    <s>Uma concep contempora do comportamento depressivo: evolu e crca</s>
    <s>Conferia Problemas da Pesquisa em Clca: delineamentos e mensura</s>
    <s>Aula Inaugural - Polca Social e Marxismo</s>
    <s>Departamento de Ciencias Juridicas - I Simp Interdisciplinar sobre acidente com o Co-137</s>
    <s>Conferia - A conjuntura polca no Oriente Mo</s>
    <s>XXVII Jornada de Pesquisa no bito da Gradua em Enfermagem</s>
    <s>I Sinal Verde</s>
    <s>II Sinal Verde</s>
    <s>1 edi do SER in CINE - &quot;Rosa, uma hist brasileira&quot;</s>
    <s>Treinamento da UTI VIDA MEL</s>
    <s>Departamento de Ciencias Juridicas - I Colo de Direitos Humanos</s>
    <s>Certificados Departamento Psicologia: Transtorno Opositivo Desafiador</s>
    <s>O Plano Nacional da Educa no contexto das polcas pas</s>
    <s>I Semino Integrado do PIBID/PUC Goibr/&gt; Palestra - Aula inaugural do curso de Fonoaudiologia da PUC Gaibr/&gt; Depto de Ciias Jurcas - &quot;O Brasil e a Ordem Constitucional Vigente&quot;</s>
    <s>Depto de Ciias Jurcas - &quot;A Crise Econa Mundial e seus Reflexos nas Relas Jurcas&quot;</s>
    <s>II Semino Multiprofissional sobre a Srome de Down&quot;</s>
    <s>II Simp de Fisoterapia&quot;</s>
    <s>II Ciclo de Debates</s>
    <s>Cinema Negro na PUC Goi Atlico Negro: Na rota dos Orix</s>
    <s>Conferia Educa, Cultura, Cultura Escolar? - Prof. Dr. Alfredo Veiga Neto</s>
    <s>II Simp Goiano de ServiSocial</s>
    <s>Declara - Encantos e Desencantos em Rede dirigido por Michael Valim (UFG)</s>
    <s>Conferia - Fama e Polca Social proferida pela professora Dr. Regina Mioto</s>
    <s>Conferia - &quot;A produ do Conhecimento&quot; proferida pela Prof Dr Albertina Vicntini Assump</s>
    <s>Departamento de Ciencias Juridicas - Curso de Atualiza em Direito Penal e Processo Penal</s>
    <s>Declara - A tima Clareza dirigido pelo Prof. Amarildo Pessoa (PUC GO)</s>
    <s>Departamento de ServiSocial - F de Esto</s>
    <s>I Encontro de Egressos Ciias Aeronicas</s>
    <s>Departamento de Ciias Juridicas - Semana Jurca PUC Goibr/&gt; Declara - O Legado da Declara dos Direitos Humanos</s>
    <s>III Jornada Cientifica de Nutri</s>
    <s>XXIX Jornada Cientifica de Enfermagem</s>
    <s>VII Sma Semana de Cultura e Cidadania - Monitoria</s>
    <s>Declara - Palestra &quot;Meio Ambiente e Sustentabilidade&quot;</s>
    <s>CEAD - Programa de Apoio ao Aluno 2011/1</s>
    <s>Certificado Colo Interlinhas de Pesquisa</s>
    <s>Certificado - Conferia &quot;Escola pa brasileira na atualidade lis da hist&quot;</s>
    <s>VII Semana de Cultura e Cidadania - Monitoria da Esta Sar/&gt; Departamento de Ciias Jurcas - Palestra Diretor do Forum &quot;Dr. Carlos Elias da Silva&quot;</s>
    <s>I EACRI - &quot;Encontro Acadco Cientco de Relas Internacionais&quot;</s>
    <s>Departamento de Ciias Juridicas - Ciclo de Palestras do JUR 2011</s>
    <s>Certificado - 4 Aula Magna de Comunica Social - 2011 - Tema: &quot;A ma e o futuro.&quot;</s>
    <s>Aula Inaugural &quot;Qualifica da Forma Acadca e Profissional&quot;</s>
    <s>III Encontro de Estudantes da Extensda PUC Goibr/&gt; Departamento de Ciias Juridicas - Semino &quot;Mem, Verdade e Justi</s>
    <s>Colo sobre a questda mulher e a prepara para a Conferia Municipal</s>
    <s>Curso de Forma de Professores: Metodologia Semi-Presencial</s>
    <s>XIII Semino de Ciias Aeronicas</s>
    <s>Departamento de Ciias Juridicas: Sessdo Tribunal do J Dr. Jesseir Coelho de Alcara</s>
    <s>Copyrights 2011 Equipe Internet - Todos direitos reservados.</s>
    <s>Universidade Cata de Goi- Brasil - Av. Universita 1.440 - Setor Universito - Goia-GO - CEP 74605-010</s>
  </text>
</page>
