<?xml version="1.0" encoding="UTF-8"?>
<!DOCTYPE page SYSTEM "page.dtd">
<page>
  <lang>pt</lang>
  <url>http://ictsd.org/i/news/pontes/57118/</url>
  <title>ICTSD • O dólar como moeda internacional de referência: é possível ...</title>
  <snippet>
    <s>Em julho de 1944, foram assinadas as Declarações da Conferência de Bretton Woods, as quais definiram os rumos Arranjos de pagamento em moeda local </s>
  </snippet>
  <text>
    <s>ICTSD in English 中文网</s>
    <s>International Centre for</s>
    <s>Trade and Sustainable Development</s>
    <s>Fale conosco • Mapa do sitio</s>
    <s>Pagina Principal</s>
    <s>News, Analysis and Opinion</s>
    <s>ICTSD Highlights Highlights of ICTSD's news, analysis, publications, events, and research</s>
    <s>WTO Ministerial Conference Coverage News, analysis, documents, and information emerging from WTO Ministerial Conferences</s>
    <s>Bridges Review Information, analysis, and views on trade and sustainable development</s>
    <s>Bridges Weekly Trade News Digest Weekly trade news from a sustainable development perspective</s>
    <s>Bridges Trade BioRes Review Quarterly analysis, news, and views at the intersection of trade and environment</s>
    <s>Bridges Trade BioRes Biweekly news, events and resources at the intersection of trade and environment</s>
    <s>Puentes Bimestral Publicación bimestral de información y análisis sobre comercio y desarrollo sostenible para América Latina</s>
    <s>Puentes Quincenal El repaso de las noticias más relevantes para América Latina sobre comercio y desarrollo sostenible</s>
    <s>Pontes Bimestral Informações e análises relevantes para o Brasil e a América do Sul em matéria de comércio e desenvolvimento sustentável</s>
    <s>Pontes Quinzenal Revisão quinzenal das mais importantes notícias para o Brasil e a América do Sul sobre comércio e desenvolvimento sustentável</s>
    <s>Passerelles Bimestriel Bimestriel africain, revue d’analyses et d’informations couvrant les négociations commerciales dans une perspective de développement durable</s>
    <s>Passerelles Synthese Bimensuel africain, bulletin électronique d’informations couvrant les négociations commerciales dans une perspective de développement durable</s>
    <s>Мосты между торговлей и устойчивым развитием</s>
    <s>Дайджест новостей «Мосты» новости торговли и устойчивого развития</s>
    <s>Блог публикации «Мосты» Последние новости по вопросам торговли и устойчивого развития</s>
    <s>Trade Negotiations Insights Monthly news and analysis on trade and economic issues related to African, Caribbean and Pacific countries from a sustainable development perspective</s>
    <s>Eclairage sur les Négociations Revue mensuelle d'informations et d'analyses liées aux questions économiques et commerciales des pays d'Afrique, des Caraïbes et du Pacique dans une perspective de développement durable.</s>
    <s>桥 (Qiáo) 关于贸易和可持续发展的中文双月刊</s>
    <s>Thematic and research priorities</s>
    <s>Agriculture Advocates the integration of food security, equity and environmental sustainability in agricultural trade</s>
    <s>Aid for Trade Helps Aid for Trade beneficiaries participate fully and competitively in international trade systems and global markets</s>
    <s>中文网 China Promotes the integration of a sustainable China into global governance systems and international trade regimes through language- and region-specific research, analysis and activities</s>
    <s>Competitiveness and Development Empowers developing countries to benefit fully from trade liberalization and to influence trade negotiations from a sustainable development perspective</s>
    <s>Dispute Settlement and Legal Aspects of International Trade Strengthens the ability of developing countries to understand and navigate dispute settlement systems so as to advance and defend their trade rights</s>
    <s>EPAs and Regionalism Articulates the obligations, rights, and trade policies of multilateral and regional trading systems in an effort to help developing countries fully exploit benefits offered through these regimes</s>
    <s>Global Platform on Climate Change, Trade and Sustainable Energy Contributes to the economic architecture of a global climate agreement</s>
    <s>Environment and Natural Resources Supports the sustainable use of the environment and natural resources within the international trade system</s>
    <s>Innovation, Technology and Intellectual Property Facilitates pro-sustainable development outcomes in innovation, technology and intellectual property related negotiations</s>
    <s>Services Aids developing countries’ efforts to increase trade flow in services sectors within sustainable frameworks</s>
    <s>Periodicals ICTSD news and analysis by Bridges, BioRes, Passerelles, Puentes, Pontes, Mosty, TNI, and Eclairage.</s>
    <s>ICTSD Publications ICTSD's latest issue papers, policy briefs, information notes, and working papers.</s>
    <s>ICTSD Books Books published, written, and/or edited by ICTSD.</s>
    <s>Dialogues and conferences</s>
    <s>ICTSD Dialogues ICTSD dialogues convene governments, trade negotiators, practitioners, academics, and civil society to exchange views and information on topics relevant to trade and sustainable development</s>
    <s>ICTSD Participates ICTSD participates in a number of events around the world</s>
    <s>ICTSD Recommends In this section are dialogues, conferences and seminars that ICTSD considers of interest, where views and issues related to trade and sustainable development are shared and discussed</s>
    <s>Trade and Development Symposia Innovative thinking, analysis, and dialogue on the sidelines of WTO Ministerial Conferences</s>
    <s>Bridges China Dialogues An annual exploration of issues related to China, trade, and sustainable development</s>
    <s>GLOBAL PLATFORM ON CLIMATE CHANGE</s>
    <s>Building economic resilience and addressing the climate change and poverty interface Fosters economic, social, and environmental resilience</s>
    <s>Carbon leakage and competitiveness concerns Border adjustments, carbon offset requirements, broader economic concerns and their compatibility with the global trading system</s>
    <s>Addressing emissions from international transport Emissions from the international transport sector, carbon accounting and labelling initiatives and their impact on global trade</s>
    <s>Research and Analysis An overview of issue papers, policy discussion papers and other publications related to climate change</s>
    <s>Events An overview of past and future dialogues, seminars and stakeholder meetings</s>
    <s>Global Platform Team Get to know who ICTSD's climate change experts are and contact them</s>
    <s>Bridges Copenhagen Updates Trade and climate change updates from the Fifteenth UNFCCC COP</s>
    <s>ICTSD’s Events at the Climate Change Conference in Copenhagen UNFCCC COP 15</s>
    <s>Bridges Cancun Updates Trade and climate change updates from the Sixteenth UNFCCC COP</s>
    <s>ICTSD Events at the Climate Change Conference in Cancun</s>
    <s>Press Releases Breaking news from ICTSD</s>
    <s>ICTSD Media Contacts Contact an expert at ICTSD's Geneva office</s>
    <s>ICTSD in the News Find out where ICTSD is making headlines</s>
    <s>Contact Us Our email addresses, telephone and fax numbers, and postal address</s>
    <s>Mailing Lists Join our email mailing lists to stay up to date on ICTSD's news, analysis, publications and dialogues</s>
    <s>Social Networking Follow us on Twitter, Facebook, and LinkedIn</s>
    <s>ICTSD On the Go Impressions, analysis and observations by ICTSD staff attending trade and sustainable development-related events around the world</s>
    <s>Finance, governance and staff</s>
    <s>About Us The ICTSD story and mission</s>
    <s>Accountability Internal and external reports and assessments</s>
    <s>Work with Us Vacancies, internships and volunteer opportunities</s>
    <s>Contact Us Our email addresses, telephone and fax numbers and postal address</s>
    <s>How to Find Us Map and directions to the ICTSD office</s>
    <s>Staff Team Current ICTSD employees and interns, including contact details</s>
    <s>Financial and Institutional Support</s>
    <s>Governance Our governing board and executive committee</s>
    <s>Pontes • Volume 5 • Numero 4 • outubro de 2009</s>
    <s>O dólar como moeda internacional de referência: é possível sua substituição?</s>
    <s>*Henri Kistler</s>
    <s>Cadastre-se ao Pontes Alerta</s>
    <s>Cadastre-se ao Pontes</s>
    <s>Campo obrigatorio</s>
    <s>Endereço eletronico:</s>
    <s>Albania Algeria American Samoa Andorra Angola Anguilla Antarctica Antigua And Barbuda Argentina Armenia Aruba Australia Austria Azerbaijan Bahamas, The Bahrain Bangladesh Barbados Belarus Belgium Belize Benin Bermuda Bhutan Bolivia Bosnia and Herzegovina Botswana Bouvet Island Brazil British Indian Ocean Territory Brunei Bulgaria Burkina Faso Burundi Cambodia Cameroon Canada Cape Verde Cayman Islands Central African Republic Chad Chile China Christmas Island Cocos (Keeling) Islands Colombia Comoros Congo Congo, Democractic Republic of the Cook Islands Costa Rica Cote D'Ivoire (Ivory Coast) Croatia (Hrvatska) Cuba Cyprus Czech Republic Denmark Djibouti Dominica Dominican Republic East Timor Ecuador Egypt El Salvador Equatorial Guinea Eritrea Estonia Ethiopia Falkland Islands (Islas Malvinas) Faroe Islands Fiji Islands Finland France French Guiana French Polynesia French Southern Territories Gabon Gambia, The Georgia Germany Ghana Gibraltar Greece Greenland Grenada Guadeloupe Guam Guatemala Guinea Guinea-Bissau Guyana Haiti Heard and McDonald Islands Honduras Hong Kong S.A.R. Hungary Iceland India Indonesia Iran Iraq Ireland Israel Italy Jamaica Japan Jordan Kazakhstan Kenya Kiribati Korea Korea, North Kuwait Kyrgyzstan Laos Latvia Lebanon Lesotho Liberia Libya Liechtenstein Lithuania Luxembourg Macau S.A.R. Macedonia, Former Yugoslav Republic of Madagascar Malawi Malaysia Maldives Mali Malta Marshall Islands Martinique Mauritania Mauritius Mayotte Mexico Micronesia Moldova Monaco Mongolia Montserrat Morocco Mozambique Myanmar Namibia Nauru Nepal Netherlands Antilles Netherlands, The New Caledonia New Zealand Nicaragua Niger Nigeria Niue Norfolk Island Northern Mariana Islands Norway Oman Pakistan Palau Panama Papua new Guinea Paraguay Peru Philippines Pitcairn Island Poland Portugal Puerto Rico Qatar Reunion Romania Russia Rwanda Saint Helena Saint Kitts And Nevis Saint Lucia Saint Pierre and Miquelon Saint Vincent And The Grenadines Samoa San Marino Sao Tome and Principe Saudi Arabia Senegal Seychelles Sierra Leone Singapore Slovakia Slovenia Solomon Islands Somalia South Africa South Georgia And The South Sandwich Islands Spain Sri Lanka Sudan Suriname Svalbard And Jan Mayen Islands Swaziland Sweden Switzerland Syria Taiwan Tajikistan Tanzania Thailand Togo Tokelau Tonga Trinidad And Tobago Tunisia Turkey Turkmenistan Turks And Caicos Islands Tuvalu Uganda Ukraine United Arab Emirates United Kingdom United States United States Minor Outlying Islands Uruguay Uzbekistan Vanuatu Vatican City State (Holy See) Venezuela Vietnam Virgin Islands (British) Virgin Islands (US) Wallis And Futuna Islands Yemen Yugoslavia Zambia Zimbabwe</s>
    <s>Ramo de atividade:</s>
    <s>Digite as letras que aparecem na imagem acima</s>
    <s>Download this issue</s>
    <s>Volume 5 Numero 4 PDF • 0.47 MB</s>
    <s>Itens relacionados</s>
    <s>Primeira cúpula dos BRIC: economias emergentes pressionam por influência global</s>
    <s>China promove transações em yuan</s>
    <s>Argentina e Brasil negociarão em moeda local</s>
    <s>Brasil empresta US$ 10 bilhões ao FMI</s>
    <s>Países del ALBA utilizarán moneda propia para intercambios comerciales</s>
    <s>Discuss this articleShare your views with other visitors, and read what they have to say</s>
    <s>É crescente o debate em torno da possibilidade de criação de uma cesta de moedas de países emergentes, de modo a substituir o dólar como moeda internacional de referência. Este artigo analisa a situação do dólar nas reservas mundiais, no comércio internacional e nos arranjos de pagamento em moeda local e conclui que a medida referida acima não parece provável no curto prazo por razões técnicas.</s>
    <s>É crescente o debate em torno da possibilidade de criação de uma cesta de moedas de países emergentes, de modo a substituir o dólar como moeda internacional de referência. Este artigo analisa a situação do dólar nas reservas mundiais, no comércio internacional e nos arranjos de pagamento em moeda local e conclui que a medida referida acima não parece provável no curto prazo por razões técnicas.</s>
    <s>Em julho de 1944, foram assinadas as Declarações da Conferência de Bretton Woods, as quais definiram os rumos da nova ordem econômica global após a segunda guerra mundial. Entre as principais decisões, destaca-se a criação do padrão ouro – sugerida pelos Estados Unidos da América (EUA) –, por meio do qual os países se comprometiam a manter uma política em que suas moedas não flutuassem mais de 1% em relação ao ouro. A partir desta idéia, o dólar – que seria livremente conversível em ouro ao valor de US$ 35 por onça – seria transformado em moeda de comércio e de reserva internacionais. Finalmente, criava-se o Fundo Monetário Internacional (FMI), que emprestaria para os países com saldo negativo no balanço de pagamentos e sem reservas suficientes para cobri-lo.</s>
    <s>Contudo, este padrão não poderia durar para sempre. A inflação acumulada em muitos anos derruba a cotação nominal de qualquer moeda em relação ao ouro. Ressalte-se que atualmente são necessários US$ 1.000 para comprar uma onça de ouro. A queda do sistema foi finalmente determinada pela passagem dos EUA de um superávit de US$ 2,1 bilhões, em 1970, para um déficit de US$ 2,7 bilhões, em 1971. Em uma situação de livre flutuação, sucessivos déficits desvalorizam a moeda. Dessa forma, o presidente Nixon em agosto de 1971 eliminou a conversibilidade acordada em Bretton Woods, desvalorizando o dólar em 8%.</s>
    <s>Mesmo assim, de lá para cá o dólar manteve-se como moeda de referência internacional, em razão de dois principais fatores: o uso em reservas internacionais e o volume de comércio dos EUA. Não é à toa que estes dois conceitos são utilizados para o cálculo do Direito Especial de Saque (SDR, sigla em inglês) do FMI, “moeda virtual” cuja recomposição de 2005 passou a apresentar 44% de dólares, 34% de euros, 11% de yenes e 11% de libras esterlinas.</s>
    <s>O dólar ainda impera como reserva internacional. Em 1975 – portanto, após o fim da conversibilidade – estimava-se que 80% das reservas dos diversos países se encontravam em dólar. Em 2005, este valor passou para 66% e atualmente, para 64% (ver tabela 1). Vale ressaltar que boa parte dessa queda se deve mais à desvalorização do dólar (16% sobre uma cesta de moedas no período) do que a uma efetiva troca nas reservas internacionais.</s>
    <s>Quanto ao comércio, é nítida a queda da participação dos EUA no total mundial; todavia, o país permanece como o principal exportador (ainda que seguido de perto da China), mas ainda constitui o principal importador, como pode ser visto nos gráficos abaixo.</s>
    <s>É importante frisar que, mesmo no comércio em que os EUA não estão diretamente envolvidos, ainda impera o uso do dólar, em grande parte porque este constitui moeda de referência para reservas internacionais e pela liquidez dos títulos estadunidenses.</s>
    <s>Parece nítido que o yuan poderia compor a cesta de moedas do FMI. Contudo, a moeda chinesa não é livremente conversível: sua cotação é administrada pelo governo chinês, o que impede sua livre flutuação, condição primordial para que o yuan seja futuramente classificado como livremente utilizável pelo FMI e faça parte da cesta que compõe o SDR.</s>
    <s>Arranjos de pagamento em moeda local</s>
    <s>É possível minimizar o uso do dólar em redes de comércio bilateral ou mesmo multilateral, e isto é particularmente interessante em épocas de enxugamento da liquidez internacional, como observado recentemente.</s>
    <s>A afirmação acima fica evidente no caso Brasil-Argentina. Entre 1999 e 2008, o Brasil exportou para a Argentina o equivalente a US$ 85 bilhões e importou US$ 72, gerando um fluxo de pagamento em dólares de US$ 157 bilhões. Mas seria possível desenvolver um arranjo em que apenas o valor líquido da diferença (no caso, US$ 13 bilhões) poderiam ser efetivamente transferidos de um país ao outro ? A resposta é sim. Em 2006, os presidentes dos Bancos Centrais e ministros da Fazenda do Brasil e Argentina assinaram um Memorando de Entendimento nesse sentido. Todavia, não é o tipo de arranjo desenvolvido facilmente.</s>
    <s>O primeiro passo foi aceitar que as exportações brasileiras fossem recebidas em outras moedas além do dólar, inclusive o próprio real – note-se que até hoje o Brasil não aceita sua própria moeda para a maioria dos pagamentos internacionais. Ainda, é preciso monitorar e intervir para evitar o ganho de arbitragem na triangulação de moeda, o que exige manter uma cotação real/peso em linha com real/dólar-dólar/peso. É necessário ainda certo volume de comércio para dar liquidez ao sistema e, portanto, esse tipo de arranjo bilateral não é facilmente extensível a países com baixo volume de trocas internacionais.</s>
    <s>Outra dificuldade – talvez a principal – é assegurar o arcabouço técnico e legal para que ambos os bancos centrais aceitem as moedas dos outros países, as quais, por sua vez, farão parte de suas reservas. Somente em agosto de 2009, três anos após o memorando de entendimento, definiu-se que o Banco Central do Brasil colocará à disposição da Argentina R$ 3,5 bilhões e, em troca, a Argentina disponibilizará 7 bilhões de pesos (cerca de US$ 1,8 bilhões para ambos os lados). Finalmente, vale notar que, por enquanto, mesmo sendo possível o uso de moeda local, os exportadores brasileiros e argentinos continuam usando preferencialmente o dólar na corrente de comércio bilateral.</s>
    <s>Os arranjos de pagamentos multilaterais também são possíveis. Um caso que funciona razoavelmente bem há alguns anos é o Convênio de Crédito Recíproco (CCR), criado em 1982. Dele participam doze países: Argentina, Bolívia, Brasil, Chile, Colômbia, Equador, México, Paraguai, Peru, República Dominicana, Uruguai e Venezuela. Na prática, o CCR constitui um sistema de compensação de pagamentos. Logo após o encerramento de cada período de compensação (quadrimestre), somente se transfere ou se recebe o saldo global do banco central de cada país perante os demais, compensação esta feita em dólares. Novamente, para um sistema como esse são necessários diversos arranjos legais e técnicos. No caso específico, há garantias recíprocas de conversibilidade (conversão imediata para dólares dos EUA dos pagamentos efetuados por suas instituições em moeda local), de transferibilidade (remessa dos dólares correspondentes aos pagamentos efetuados) e de reembolso (aceitação irrevogável dos débitos que lhes forem imputados sob o Convênio). Finalmente, vale notar que o sistema enseja aos bancos centrais participantes um risco de crédito não diretamente associado à suas atividades típicas.</s>
    <s>Considerações finais</s>
    <s>Atualmente, comenta-se muito a respeito da criação de uma cesta de moedas de países emergentes, que contenha, por exemplo, reais, rublos (Rússia), rúpias (Índia), rands (África do Sul) – os “4 Rs”, que possuem flutuação de mercado, e os yuanes (China), que não a possuem. Contudo, por enquanto isso não tende a ocorrer por razões técnicas. Primeiramente, países como o Brasil requerem que os títulos de suas reservas internacionais sejam predominantemente de risco AAA, o que ainda não ocorre com os títulos dos países emergentes. Segundo, porque a criação da referida cesta de moedas implicaria um risco cambial adicional, na medida em que as moedas de países emergentes são mais voláteis que as internacionailmente aceitas. Terceiro, por uma questão de liquidez. Os títulos em dólares e euros são líquidos internacionalmente, característica importante na hora de vender reservas. Quarto, o volume de comércio entre estes países ainda é relativamente baixo, o que talvez justifique a adoção de, no máximo, arranjos bilaterais, por exemplo, entre Brasil e China – se os chineses se interessarem em ter reais em suas reservas. Por outro lado, como o câmbio é controlado na China, manter yuanes em reserva implica um risco de se sujeitar às vontades das autoridades chinesas quanto ao valor de sua moeda.</s>
    <s>Comenta-se também em trocar o padrão dólar por uma cesta de moedas similar ao SDR. Curiosamente, a idéia não é nova. Durante a conferência de Bretton Woods, essa idéia foi apresentada por John Keynes, representante do Reino Unido, mas foi sobrepujada pela proposta do padrão ouro/dólar, de Dexter White. Vale notar que Keynes propôs a criação de uma central de liquidação internacional, a ICU (sigla em inglês para International Clearing Unit ). Em linhas gerais, a ICU emitiria uma “moeda de intercâmbio”, o bancor, que poderia ser livremente convertido em qualquer outra moeda. Os países com superávit comercial poderiam acumular bancors em suas reservas, as quais renderiam juros; os demais poderiam tomá-los emprestados, de modo que o saldo líquido dessa moeda fosse nulo. Este mecanismo permitiria de fato a solução de um dos problemas que persistem até hoje: países com déficits comerciais sucessivos – à exceção dos EUA, que se financiam em sua própria moeda e outros países desenvolvidos que dispõem de credibilidade para financiamento a longo prazo –, experimentam desvalorização cambial, e em um jogo de ovo e galinha, o mercado financeiro não os financia a longo prazo exatamente por não poder mensurar este risco. Assim, muitos países procuram acumular moeda forte por meio de exportações, pois reservas internacionais elevadas são sinal de solidez macroeconômica, e proporcionam equilíbrio no preço da moeda local.</s>
    <s>Vale notar ainda que, como a soma das exportações e importações mundiais é zero, os países que adotam esta estratégia só podem acumular reservas mediante déficit comercial alheio (notadamente, estadunidense). Não obstante, a perdurar a situação de déficit comercial, a tendência é a desvalorização do dólar. Vale frisar, porém, que isto não interessa a muitos países, especialmente aos chineses, na medida em que suas reservas trilionárias em dólares poderiam sofrer fortes perdas reais. Note-se, finalmente, que os chineses procuram diversificar suas reservas não por meio de títulos de países emergentes, e sim, incentivando investimentos chineses no exterior, o que aliás, em conjunto com a idéia de fundos soberanos, é ótima estratégia para países que já possuem um nível de reservas elevado.</s>
    <s>Respondendo à pergunta inicial deste artigo, não acredito em uma troca nos próximos anos do padrão dólar, pois é ainda a moeda que o mercado e os próprios governos mais aceitam. Você leitor, o que escolheria? Ter US$ 1000 ou o seu equivalente em rublos, rúpias ou yuanes? E se tivesse milhões para investir, o quanto colocaria em títulos de países emergentes? A longo prazo, porém, as incertezas existem.</s>
    <s>Henri Kistler , chefe da assessoria da Secretaria de Assuntos Internacionais do Ministério da Fazenda .</s>
    <s>N.E. Ver Pontes Bimestral, Vol. 5, No. 1, mar. 2009. Disponível em: &lt;http://ictsd.net/i/news/pontes/43383/&gt;.</s>
    <s>Add a comment</s>
    <s>Enter your details and a comment below, then click Submit Comment. We'll review and publish the best comments.</s>
    <s>Email addressrequired</s>
    <s>ICTSD, International Environment House 2, Chemin de Balexert 7, 1219 Châtelaine, Geneva, Switzerland</s>
    <s>+41 22 917-8492</s>
    <s>Volume 5)</s>
  </text>
</page>
