<?xml version="1.0" encoding="UTF-8"?>
<!DOCTYPE page SYSTEM "page.dtd">
<page>
  <lang>pt</lang>
  <url>http://www.guiatutoriais.com/page/5/</url>
  <title>GuiaTutoriais.com - Tutoriais de WordPress, Tutoriais de Photoshop ...</title>
  <snippet>
    <s>O Google detecta o seu país e faz a conversão para a moeda. ou mais amigos simultâneamente(conhecido como conferência); Conversão com voz, ou seja, </s>
  </snippet>
  <text>
    <s>Site, SEO, Wordpress, Photoshop, Dreamweaver, PHP e mais…</s>
    <s>Sistemas Web</s>
    <s>eBook de Photoshop</s>
    <s>Borda Fácil</s>
    <s>17 Mar, 2008 Sem comentarios</s>
    <s>!Para adicionar bordas é muito simples, em poucos passos será feita uma borda perfeita.</s>
    <s>Leia mais »</s>
    <s>Efeito Grama</s>
    <s>4 Mar, 2008 Sem comentarios</s>
    <s>!Aprenda a fazer um efeito digital de uma grama. Efeito muito realista e simples de ser feito. Bom para quem está iniciando no photoshop.</s>
    <s>Leia mais »</s>
    <s>Planeta Vermelho</s>
    <s>23 Feb, 2008 Sem comentarios</s>
    <s>!Aprenda a fazer um imagem como se fosse um planeta. Um planeta vermelho.</s>
    <s>Leia mais »</s>
    <s>Cotação do dólar com o Google</s>
    <s>13 Feb, 2008 Sem comentarios</s>
    <s>Estava lendo meus feeds quando vi uma matéria muito interessante no Blog de um dos funcionários do Google, o Matt Cutts.</s>
    <s>O artigo se refere a conversão de moedas. Isso é muito interessante para quem quer fazer contações do dólar ou de qualquer outra moeda. Vamos ao primeiro exemplo:</s>
    <s>Se você quiser saber quanto vale 1 dólar, digite apenas 1 dólar</s>
    <s>!Cotação de moedas do Google</s>
    <s>Observe que você pode digitar apenas &quot;dólar&quot; . O Google detecta o seu país e faz a conversão para a moeda.</s>
    <s>Você também pode fazer a cotação no plural, ou seja, 100 dólares, 1000 dólares, etc.</s>
    <s>!Cotação de moedas do Google</s>
    <s>Como teste, eu tentei fazer a conversão para pesos mexicanos, mas não funcionou com site do Google em português. Colocando na página do Google em Inglês, funciona perfeitamente.</s>
    <s>Para alterar o idioma do Google, na página inicial, clique em Google.com in English</s>
    <s>!Google.com in English</s>
    <s>Agora já podemos fazer a nossa pesquisa:</s>
    <s>!Google conversão de real para pesos mexicanos</s>
    <s>Você também pode usar no plural. Por exemplo, 100 reais in mxn</s>
    <s>Observe que nesse caso eu coloquei 100 reais in mxn.</s>
    <s>MXN é a abreviação da moeda mexicana.</s>
    <s>!Cotação de moedas do Google</s>
    <s>Além disso, no Blog do Matt Cutts tem outras inúmeras dicas para a calculadora do Google. Vale a pena a visita.</s>
    <s>Fonte: Blog do Matt Cutts</s>
    <s>Cuidado com emails do BBB8</s>
    <s>9 Feb, 2008 Sem comentarios</s>
    <s>Recebi a poucos minutos em meu webmail um spam e nele, um vírus.</s>
    <s>!e-mail do gmail com spam</s>
    <s>Primeiramente, observe o email Globo@servidor.com</s>
    <s>A Globo, jamais usaria um email desses. No mínimo eles iriam usar xxx@globo.com</s>
    <s>Ao colocar a seta do mouse sobre o link &quot;Download&quot;, vejam:</s>
    <s>!link do vírus</s>
    <s>vivof0t0torpedo? Bem, trocaram o O pelo 0(zero) para confundir os iniciantes. E ainda sim, esse site com o O mesmo, não existe.</s>
    <s>Cuidado com esses emails que prometem serviços gratuitos, como o BBB8, FOTOS DE MULHERES NUAS, e outros. Esses emails tentam simplesmente fazer com o que usuário novato clique sobre o link com essas promessas de serviços gratuitos ou muito barato e ganhe de presente um vírus.</s>
    <s>Removendo Queimaduras</s>
    <s>21 Jan, 2008 1 Comment</s>
    <s>!Remover queimaduras parece uma missão quase impossível, veremos que é simples!</s>
    <s>Leia mais »</s>
    <s>Sun compra MySQL por US$ 1 bi</s>
    <s>16 Jan, 2008 Sem comentarios</s>
    <s>Sun pagará US$ 800 mi em dinheiro e o resto em opções de ações por desenvolvedora sueca.</s>
    <s>A Sun Microsystems pagará um bilhão de dólares para a companhia sueca de software MySQL, cujo banco de dados em código aberto é usado por alguns dos sites mais populares do mundo.</s>
    <s>A Sun afirmou que o acordo melhorará sua posição no mercado de TI corporativa, parte de um mercado de banco de dados avaliado em 15 bilhões de dólares.</s>
    <s>O linha de produtos da MySQL ajudará a Sun a dar maior suporte à plataforma de código aberto online LAMP, acrônimo para o sistema operacional Linux, o servidor web Apache, o banco de dados MySQL e as linguagens de programação PHP/Perl.</s>
    <s>A força do MySQL nas ofertas de software como serviço - onde aplicações são oferecidas pela internet por um navegador - também são um acréscimo, afirma a Sun.</s>
    <s>Bancos de dados são cruciais para aplicações online que ofereçam os mais amplos serviços, de e-commerce a redes sociais.</s>
    <s>A Sun pagará 800 milhões de dólares em dinheiro e 200 milhões em opções de ações.</s>
    <s>A compra da Sun acaba com a especulação de que a MySQL poderia se tornar uma companhia pública ao abrir seu capital para investimentos em um IPO.</s>
    <s>O MySQL se tornou um competidor formidável para outros sistemas de banco de dados relacionáveis de companhias como Oracle e IBM. O próprio banco de dados é gratuito para ser baixado por usuários, e o MySQL ganha dinheiro oferecendo pacotes de suporte.</s>
    <s>Fonte: IDGNow</s>
    <s>Link para o site do MySQL: Sun to Acquire MySQL</s>
    <s>Orkut permite criar álbuns de fotos</s>
    <s>4 Jan, 2008 Sem comentarios</s>
    <s>Hoje, li sobre uma grande novidade sobre o Orkut. Agora é possível organizar suas fotos em álbuns. Você pode, por exemplo, ter um álbum de fotos de &quot;Animais&quot;, &quot;Festas&quot;, &quot;Baladas&quot;, &quot;Ano novo&quot; :), &quot;Futebol&quot;, &quot;Montagens no Photoshop&quot;, etc.</s>
    <s>!Álbum do Orkut</s>
    <s>Para criar seus álbuns no orkut, basta você clicar no opção &quot;Fotos&quot; no menu lateral esquerdo e na página que irá se abrir você pode criar o nome do álbum e uma descrição.</s>
    <s>Será que o limite de fotos do orkut vai aumentar? É bom para quem quer ter um &quot; fotolog &quot; no Orkut.</s>
    <s>Cartão de Natal</s>
    <s>14 Dec, 2007 Sem comentarios</s>
    <s>!Aprenda em poucos passos a criar um Cartão de Natal simples.</s>
    <s>Leia mais »</s>
    <s>5 Dec, 2007 Sem comentarios</s>
    <s>A partir de hoje irei começar a postar sobre MSN. O MSN é um programa de comunicação instantânea e é um dos programas mais utilizados do mundo para esse fim.</s>
    <s>Alguma das principais características são:</s>
    <s>Conversa com 1 ou mais amigos simultâneamente(conhecido como conferência)</s>
    <s>Conversão com voz, ou seja, você com um fone ouve o que seu contato está dizendo.</s>
    <s>Assistir WebCam, caso seu contato tenha uma WebCam</s>
    <s>Permite enviar arquivos</s>
    <s>E muito mais…</s>
    <s>Se você por acaso chegou nesse blog procurando sobre o site do MSN:</s>
    <s>http://br.msn.com/ - Página oficial do MSN no Brasil.</s>
    <s>http://webmessenger.msn.com/ - Site para acessar o MSN pela web.</s>
    <s>Iremos colocar diversas novidades, plugins, dicas, e muito mais. Por isso, fique atento(a)!</s>
    <s>Page 5 of 10« First «5» Last »</s>
    <s>Feed disponiveis</s>
    <s>Entries RSS</s>
    <s>Comments RSS</s>
    <s>October 2009</s>
    <s>August 2009</s>
    <s>July 2009</s>
    <s>April 2009</s>
    <s>March 2009</s>
    <s>January 2009</s>
    <s>October 2008</s>
    <s>September 2008</s>
    <s>August 2008</s>
    <s>July 2008</s>
    <s>June 2008</s>
    <s>May 2008</s>
    <s>Log in</s>
    <s>Livro de Hardware liberado para leitura online</s>
    <s>Problemas com audio do Skype no Ubuntu</s>
    <s>Resenha do livro Linux, Guia Prático</s>
    <s>Resenha: Smartphones Guia Prático</s>
    <s>Farol da BMW</s>
    <s>Circuito Elétrico</s>
    <s>Botão Gel</s>
    <s>Criando um Porta-Retrato</s>
    <s>Simulação de uma bactéria</s>
    <s>Resenha - Hardware: o Guia Definitivo</s>
    <s>Politica de Privacidade</s>
    <s>Palavras Iluminadas</s>
    <s>Guia do Hardware</s>
    <s>Zoom Digital</s>
    <s>Jogos Grátis</s>
    <s>(C) 2006 - 2011 GuiaTutoriais.com | Theme (Not so) Fresh | 29 consultas - 0.451 segundos.</s>
    <s>XHTML CSS Hospedado por Hostnet Hospedagem de Sites</s>
  </text>
</page>
