<?xml version="1.0" encoding="UTF-8"?>
<!DOCTYPE page SYSTEM "page.dtd">
<page>
  <lang>pt</lang>
  <url>http://www.coied.com/2011/actividades/e-posters/tema6/</url>
  <title>Posters da Conferência Online de Informática Educacional</title>
  <snippet>
    <s>19 fev. 2011 Muitos participantes adentram ao espaço, sendo trazidos por aqueles por 104 usuários, sendo que 68 foram considerados membros ativos. </s>
  </snippet>
  <text>
    <s>07 Fev 2011 - 19 Fev 2011</s>
    <s>Com. Organizadora</s>
    <s>Com. Científica</s>
    <s>Certificado Participação</s>
    <s>Sociedade do Séc. XXI (Soc. da Informação e Soc. do Conhecimento)</s>
    <s>Aprendizagem formal e informal</s>
    <s>Práticas pedagógicas com as Tecnologias da Informação e da Comunicação</s>
    <s>Potencial educativo das ferramentas da Web 2.0 e/ou do Second Life</s>
    <s>Comunidades e Aprendizagem</s>
    <s>As redes sociais e a aprendizagem</s>
    <s>As Tecnologias da Informação e da Comunicação e o desenvolvimento profissional docente</s>
    <s>Esqueceu a palavra-chave?</s>
    <s>Não se registou ainda?</s>
    <s>As redes sociais e a aprendizagem</s>
    <s>NOTA: Os textos publicados nos trabalhos finais não foram objecto de validação final por parte da Comissão Científica, mas apenas dos resumos submetidos.</s>
    <s>EADSUNDAY, UMA EXPERIÊNCIA BEM SUCEDIDA NO TWITTER</s>
    <s>Categoria: As redes sociais e a aprendizagem</s>
    <s>!Ver autores</s>
    <s>Autores: Antonia Alves Pereira</s>
    <s>A pesquisa que se tornou uma monografia de final da disciplina &quot;Comunicaçao, Educaçao e Linguagem&quot; do programa de Pos-Graduaçao em Ciencias da Comunicaçao da Universidade de Sao Paulo (USP), realizou-se durante os meses de outubro e novembro de 2010 com os educadores da Educaçao a Distancia (EAD) que se reunem aos domingos no Twitter em torno da hashtag eadsunday. Deu-se por meio de uma investigaçao etnografica das discussoes e de um questionario online para identificar o perfil demografico e tecnologico dos usuarios, bem como a maneira como se deu a apropriaçao do espaço em vista da EAD.</s>
    <s>Partindo de um estudo etnografico de observaçao intensa, pode-se perceber o grau de interaçao entre os participantes, a seleçao de informaçoes que sao twittadas e retwittadas (RT), as conversas paralelas tecidas entre dois ou mais usuarios em meio a tempestade - divulgaçao continua - de links que, em sua maioria, sobre eventos e/ou informaçoes relevantes sobre EAD, TIC, redes sociais, dentre outros.</s>
    <s>Muitos participantes adentram ao espaço, sendo trazidos por aqueles assiduos que acrescentam a hashtag a mensagem com a intençao de coloca-la no eadsunday surgem outras hashtags, vindas junto com esses, que na pesquisa foram denominadas de vozes a partir do conceito de polifonia de Bakthin.</s>
    <s>Alem do conceito de vozes polifonicas, foram trabalhados ainda, os de interaçao discursiva e dialogismo para sondar de que forma, os usuarios constroem esse espaço significativo. Observou-se o numeros de tweets postados, bem como os perfis que mais contribuiram com o ambiente e sua repercussao.</s>
    <s>Foi interessante percebe que as discussoes nao param aos domingos, pois continuam ao longo da semana, recebendo novas interaçoes e posts nos blogs dos participantes. Foi isso que se constatou dessa experiencia bem sucedida. Por este motivo, quis se fazer a investigaçao de como se deu a apropriaçao da ferramenta e o percurso da linguagem utilizada nesse lugar social chamado eadsunday.</s>
    <s>Foram 1.633 tweets postados por 104 usuarios, sendo que 68 foram considerados membros ativos. Apenas 29 responderam ao questionario, no entanto, os dados do questionario foram confrontados com a observaçao e se mostrou similar.</s>
    <s>!Ver e-Poster</s>
    <s>28 Visualizações</s>
    <s>O USO DE REDE SOCIAL NO ENSINO DA LITERATURA NO COLÉGIO DE APLICAÇÃO DA UFRGS</s>
    <s>Categoria: As redes sociais e a aprendizagem</s>
    <s>!Ver autores</s>
    <s>Autores: Rita de Cássia Cavalcante</s>
    <s>O projeto de ensino intitulado &quot;LiteraCap&quot; se propos a criaçao e manutençao de rede social</s>
    <s>voltada a extensao dos estudos curriculares de Literatura, alem de pesquisa de instrumentos que propiciassem a produçao de leitura e escrita, a formulaçao de argumentos, bem como a interaçao entre alunos das diferentes series do Ensino Medio do Colegio de Aplicaçao e representantes dos outros ambitos da comunidade escolar: pais, professores, ex-alunos, funcionarios. A açao foi desenvolvida ao longo de 2010 em dois espaços diferenciados (www.literacap.ning.com.br, no primeiro semestre e grou.ps/literap, no segundo semestre). Sua elaboraçao e manutençao contou ainda com o apoio dos monitores de graduaçao Kauan Negri e Giselle Bayan.</s>
    <s>Toda a açao teve como suporte pedagogico os computadores fornecidos pelo Governo Federal atraves do Projeto UCA: Um Computador por Aluno, do qual o Colegio de Aplicaçao faz parte.</s>
    <s>!Ver e-Poster</s>
    <s>21 Visualizações</s>
  </text>
</page>
