<?xml version="1.0" encoding="UTF-8"?>
<!DOCTYPE page SYSTEM "page.dtd">
<page>
  <lang>pt</lang>
  <url>http://www.site.paroquiaspc.com.br/ja-sao-400-mil-inscritos-na-jornada-mundial-da-juventude/</url>
  <title>Paróquia São Paulo da Cruz » Já são 400 mil inscritos na Jornada ...</title>
  <snippet>
    <s>1 jun. 2011 Preparar o banquete Músico, saiba como se preparar para tocar na Santa Missa &middot; Papa confia presidente do comitê organizador local da Jornada Mundial da Juventude (JMJ), pronunciou a conferência “A três meses da </s>
  </snippet>
  <text>
    <s>Busca no Site</s>
    <s>Pesquisar por:</s>
    <s>Nossa Paróquia</s>
    <s>A Paróquia</s>
    <s>Horarios das Missas celebradas nas comunidades da Paróquia São Paulo da Cruz</s>
    <s>Nosso Paróco</s>
    <s>Nosso Vigário</s>
    <s>Área restrita</s>
    <s>Liturgia Diária</s>
    <s>Santo do Dia</s>
    <s>Espaço Criança</s>
    <s>Espaço Jovem</s>
    <s>Galeria de Fotos</s>
    <s>Mais Recentes</s>
    <s>Ano da Fé: Vaticano divulga Carta Apostólica de Bento XVI</s>
    <s>Festividade de São Paulo da Cruz</s>
    <s>Vai à missa? Veja onde.</s>
    <s>Preparar o banquete Músico, saiba como se preparar para tocar na Santa Missa</s>
    <s>Papa confia jovens e doentes a Nossa Senhora de Fátima</s>
    <s>Apascenta as minhas ovelhas&quot; é tema da RCC para 2012</s>
    <s>Missa em solenidade a Nossa Senhora Aparecida</s>
    <s>Concílio Vaticano II: a Igreja em diálogo com a sociedade moderna</s>
    <s>Padre Pedro já está fora de perigo.</s>
    <s>Um grande desafio (a começar, para os jovens)</s>
    <s>O Antigo Testamento</s>
    <s>Mês das missões: Discípulos e missionários, ide e evangelizai</s>
    <s>Cadastre-se para receber atualizações e informações de nossa paróquia:</s>
    <s>Assinar Remover</s>
    <s>Home » Notícias » Já são 400 mil inscritos na Jornada Mundial da Juventude</s>
    <s>Já são 400 mil inscritos na Jornada Mundial da Juventude</s>
    <s>!Cardeal Rouco: oportunidade de descobrir os fundamentos da vida</s>
    <s>Na última quinta-feira, o cardeal arcebispo de Madri, Antonio María Rouco Varela, presidente do comitê organizador local da Jornada Mundial da Juventude (JMJ), pronunciou a conferência &quot;A três meses da Jornada Mundial da Juventude&quot;, no Fórum da Nova Sociedade.</s>
    <s>Já há 400 mil inscritos no evento, de 182 países.</s>
    <s>&quot;Os jovens têm ‘toda uma vida adiante’ e a JMJ é uma oportunidade para que se deixem iluminar por Cristo e, no fundo do seu coração e em seus sentimentos de entrega e solidariedade, podem descobrir os fundamentos da sua vida&quot;, explicou.</s>
    <s>&quot;Os frutos de entrega das JMJ podem ser observados claramente: são muitas as vocações ao sacerdócio, à vida consagrada, ao matrimônio, que surgem de da JMJ. Mas também, a longo prazo, supõem uma contribuição para a sociedade atual: energia para resolver a crise e fortalecer o caminho da paz&quot;, destacou.</s>
    <s>&quot;Os problemas dos jovens estão nas situações de desemprego, mas sobretudo em seu coração, e este é o único lugar em que podem ser solucionados. A democracia vive de pressupostos que ela mesma não se pode dar. Deve beber de outras fontes de humanidade&quot;, sublinhou.</s>
    <s>O cardeal de Madri utilizou a comparação de uma casa em chamas com a situação atual: &quot;Se estamos nesta situação, o importante é chamar os bombeiros, mas sobretudo, o mais importante é agir para que isso não volte a ocorrer e, para isso, é preciso algo mais do que soluções técnicas&quot;.</s>
    <s>As JMJ &quot;são uma iniciativa pessoal de João Paulo II, que apostou em uma nova geração de jovens de 2000. Agora, Bento XVI retoma este legado. É o Papa quem convoca e atrai os jovens. Em sua última encíclica, Caritas in Veritate , ele aborda muitos problemas da sociedade atual, mas sempre há um ponto de referência: a entrega, a solidariedade, a caridade&quot;, recordou.</s>
    <s>&quot;Não podemos nos esquecer de que a escolha da Espanha não foi por acaso, mas tem a ver com a projeção de riqueza espiritual da história deste país na história da Igreja e na cultura do Ocidente. Basta ver o selo espiritual dos padroeiros da JMJ: Inácio de Loyola, Teresa de Ávila, Rosa de Lima, Francisco Xavier&quot;, destacou.</s>
    <s>&quot;A imagem de Madri mudará durante os dias da JMJ, pois este acontecimento é da Igreja universal, mas também um grande encontro para a sociedade e a cidade que o acolhe&quot;, destacou.</s>
    <s>Na JMJ, além dos atos com o Papa, haverá todo um rico e polifacético programa de atividades culturais.</s>
    <s>O cardeal de Madri agradeceu pelo apoio de todas as pessoas e empresas sem as quais não seria possível este acontecimento: &quot;Agradeço às administrações públicas, que estão colaborando sem reservas, a toda a comunidade de Madri, às paróquias e movimentos, às comunidades de vida contemplativa, que nos apoiam com a sua oração, e muito especialmente aos milhares de voluntários da JMJ de todas as nacionalidades, que formam uma ‘ONU’ muito especial&quot;.</s>
    <s>Fonte: Biblia Catolica</s>
    <s>Inserido por Richard, em 01/06/11 às 9:00</s>
    <s>COMPARTILHE ESTA PÁGINA:</s>
    <s>Deixe um comentário</s>
    <s>Clique aqui para cancelar a resposta.</s>
    <s>(Não será publicado) ( )</s>
    <s>CAPTCHA Code</s>
    <s>!Imagem CAPTCHA</s>
    <s>!Reapresentar imagem</s>
    <s>© Copyright 2011 - Paróquia São Paulo da Cruz - Osasco/SP - Todos os direitos reservados</s>
    <s>Este website é melhor visualizado em 1280x900px - Preferencialmente Utilizar Internet Explorer 8 ou Firefox 3.6 - Pode haver erros em navegadores inferiores.</s>
  </text>
</page>
