<?xml version="1.0" encoding="UTF-8"?>
<!DOCTYPE page SYSTEM "page.dtd">
<page>
  <lang>pt</lang>
  <url>http://www.cultivandoaguaboa.com.br/noticias/participantes-dos-comites-debatem-a-rio20</url>
  <title>Participantes dos comitês debatem a Rio+20 | Cultivando Água Boa</title>
  <snippet>
    <s>19 set. 2011 Além de gestores do programa nos 29 municípios que compõem a Bacia representante da Vita Civillis e membro do Comitê Facilitador da Rio+20. com as propostas que serão apresentadas na conferência da ONU. </s>
  </snippet>
  <text>
    <s>Portal itaipu</s>
    <s>Fale conosco</s>
    <s>Acesso Rápido</s>
    <s>O PROGRAMA</s>
    <s>Sobre o Programa</s>
    <s>O que mudar</s>
    <s>Onde agir</s>
    <s>Como atuar</s>
    <s>Monitoramento e avaliação</s>
    <s>Mecanismos de intercâmbio</s>
    <s>AS AÇÕES</s>
    <s>Educação Ambiental</s>
    <s>Valorização do Patrimônio Institucional e Regional</s>
    <s>Gestão por Bacias</s>
    <s>Infraestrutura Eficiente</s>
    <s>Biodiversidade, Nosso Patrimônio</s>
    <s>Desenvolvimento Rural Sustentável</s>
    <s>Plantas Medicinais</s>
    <s>Produção de Peixes em Nossas Águas</s>
    <s>Sustentabilidade de Segmentos Vulneráveis</s>
    <s>Monitoração e Avaliação Ambiental</s>
    <s>Saneamento da Região</s>
    <s>Ações Transversais e Complementares</s>
    <s>AS NOTÍCIAS</s>
    <s>Blog da Gente</s>
    <s>AS NOTÍCIAS</s>
    <s>O PROGRAMA</s>
    <s>AS AÇÕES</s>
    <s>Blog da Gente</s>
    <s>Tamanho da Letra</s>
    <s>Versão para imprimir</s>
    <s>Enviar para um amigo</s>
    <s>NOTICIAS / Institucional</s>
    <s>Participantes dos comitês debatem a Rio+20</s>
    <s>O Programa Cultivando Água Boa (CAB) promoveu na ultima sexta-feira (16), no Refugio Biologico Bela Vista (RBV), uma serie de atividades preparatorias para o encontro anual, que sera realizado nos dias 24 e 25 de novembro. Alem de gestores do programa nos 29 municipios que compoem a Bacia Hidrografica do Parana 3, a reuniao contou com a presença de Fabrizio Violini, representante da Vita Civillis e membro do Comite Facilitador da Rio+20.</s>
    <s>Violini promoveu um dialogo sobre os temas da Rio+20 (Economia Verde, Erradicaçao da Pobreza e Governança Global) com as lideranças do CAB, incluindo colaboradores da Diretoria de Coordenaçao e Meio Ambiente da Itaipu e integrantes dos Comites Gestores Municipais do CAB. A apresentaçao de Violini foi precedida de uma apresentaçao do jornalista Romeu de Bruns, da CSIM.GB, sobre o site do CAB e sua integraçao com redes sociais.</s>
    <s>Violini estimulou os participantes do CAB a contribuirem com as propostas que serao apresentadas na conferencia da ONU. Segundo ele, a sociedade civil tem sido o motor dessas discussoes, enquanto os governos, mais &quot;engessados&quot;, nao estao contribuindo como poderiam. Ele citou como exemplo o fracasso da conferencia de Copenhague, quando se esperava que as principais lideranças politicas mundiais chegassem a um acordo sobre as medidas para enfrentamento das mudanças climaticas.</s>
    <s>&quot;Um dos temores em relaçao a da Rio+20 e de que justamente a falta de consenso que ocorreu em Copenhague se repita&quot;, afirmou Violini. &quot;Mas, ao mesmo tempo, ha uma grande mobilizaçao para que isso nao ocorra e que se chegue a um documento politico mais focado e um compromisso politico renovado&quot;, acrescentou. E destacou: &quot;É importante frisar que a Rio+20 e uma conferencia sobre desenvolvimento e nao um encontro de ambientalistas&quot;.</s>
    <s>Apos um debate seguido de almoço, os representantes dos Comites Municipais do CAB discutiram as praticas sustentaveis que o programa esta desenvolvendo em cada municipio.</s>
    <s>saiba mais</s>
    <s>ver todas as notícias</s>
    <s>AS AÇÕES / PROGRAMAS</s>
    <s>Plantas Medicinais Projeto da Itaipu envolve produtores, profissionais de saúde e comunidades em torno da produção e difusão de fitoterápicos. Saiba mais</s>
    <s>O PROGRAMA / SOBRE O PROGRAMA</s>
    <s>Como atuar Um programa ambiental da dimensão e da complexidade do Cultivando Água Boa requer uma base sólida e claramente definida. Saiba mais</s>
    <s>AS NOTÍCIAS / NOTÍCIAS</s>
    <s>Responsabilidade Planetária será tema de Fórum em Foz do Iguaçu O objetivo do evento é promover o diálogo entre acadêmicos, cientistas, empresários, ambientalistas, gestores e demais interessados em buscar soluções atuais para gerar comunidades sustentáveis. Saiba mais</s>
    <s>Fique por dentro da Conferência Rio+20</s>
    <s>Acesse o site da Plataforma Itaipu de Energias Renováveis</s>
    <s>Acesse o site do programa Multicurso Água Boa - Gestão de Bacias Hidrográficas.</s>
    <s>Página Inicial</s>
    <s>O Programa</s>
    <s>As Ações</s>
    <s>As Notícias</s>
    <s>Fale Conosco</s>
  </text>
</page>
