<?xml version="1.0" encoding="UTF-8"?>
<!DOCTYPE page SYSTEM "page.dtd">
<page>
  <lang>pt</lang>
  <url>http://www.w3c.br/Noticias</url>
  <title>W3C Brasil - World Wide Web Consortium Escritório Brasil</title>
  <snippet>
    <s>O Comitê de Programa da Conferência Web W3C Brasil divulgou a lista dos trabalhos, . O W3C publicou hoje a chamada para ampla revisão do HTML5 e outras e Coordenação do Ponto BR - NIC.br, ofertará curso sobre HTML5 e CSS3. </s>
  </snippet>
  <text>
    <s>Sobre o W3C</s>
    <s>Navegação no site</s>
    <s>Padrões web</s>
    <s>Web Design e Aplicações</s>
    <s>Arquitetura Web</s>
    <s>Web Semântica</s>
    <s>Tecnologia XML</s>
    <s>Web de serviços</s>
    <s>Web de dispositivos</s>
    <s>Navegadores e ferramentas de autoria</s>
    <s>… mais</s>
    <s>Notícias 2011</s>
    <s>Notícias 2010</s>
    <s>Press Releases W3C Brasil</s>
    <s>Notícias W3C Internacional</s>
    <s>Press Releases W3C Internacional</s>
    <s>Web para Todos</s>
    <s>Notícias do W3C</s>
    <s>W3C de A a Z</s>
    <s>Mobile Web</s>
    <s>Web para o desenvolvimento social</s>
    <s>ir para conteúdo</s>
    <s>W3C.br »</s>
    <s>Notícias 2011</s>
    <s>Trabalhos selecionados para a Conferência Web W3C Brasil</s>
    <s>13 de outubro de 2011</s>
    <s>O Comitê de Programa da Conferência Web W3C Brasil divulgou a lista dos trabalhos, casos de uso e tutoriais selecionados para compor a programação da conferência. Foram selecionados 3 tutoriais, 4 casos de uso e 8 trabalhos, abrangendo temas de HTML5, CSS3, Web Semântica, Dados Abertos, Ontologias, entre outros. Todos os setores estarão representados na conferência com a seleção de trabalhos vinculados à pesquisa acadêmica, ao mercado, à comunidade de desenvolvedores e aos governos. A lista completa dos trabalhos selecionados encontra-se no site da conferência http://conferenciaweb.w3c.br/trabalhos-selecionados. A III Conferência Web W3C Brasil 2011 será realizada na cidade do Rio de Janeiro nos dias 17 e 18 de novembro de 2011.</s>
    <s>Jeffrey Zeldman cancela participação na Conferência Web W3C Brasil</s>
    <s>11 de outubro de 2011</s>
    <s>ATUALIAZADO em 18/out Imprevistos pessoais impedem Jeffrey Zeldman de participar da Conferência Web W3C Brasil (http://conferenciaweb.w3c.br). Inicialmente programado como Keynote Speaker, Zeldman está entre os mais conhecidos Web designers do mundo. Autor de livros best sellers como Taking Your Talent to the Web e o Designing with Web Standards, editado no Brasil com o título Criando Design com Padrões Web. Não há projetista web que não conheça a muito famosa revista on-line A List Apart (http://alistapart.com) com artigos publicados desde 1998 e da qual Jeffrey Zeldman é diretor, editor e um dos fundadores.</s>
    <s>Outros nomes de palestrantes internacionais serão confirmados nos próximos dias. A conferência será realizada no Rio de Janeiro nos dias 17 e 18 de novembro de 2011. As inscrições podem ser efetuadas através do site http://conferenciaweb.w3c.br/inscricoes</s>
    <s>Aberta temporada de inscrições para 3a Conferência Web W3C Brasil</s>
    <s>3 de outubro de 2011</s>
    <s>A Conferência Web W3C Brasil acontecerá nos dia 17 e 18/nov na cidade do Rio de Janeiro. Criada para oferecer ao público brasileiro um amplo fórum anual de discussão e debate sobre a evolução da Web, a Conferência reunirá pesquisadores, desenvolvedores, usuários, empresas, agências digitais, mídia e todos aqueles que são apaixonados pela Web e que têm algo a oferecer, usar e debater. O período para inscrições está aberto, com taxas de desconto para os que se inscreverem até 17/outubro. http://conferenciaweb.w3c.br/inscricoes</s>
    <s>W3C Brasil lança publicação sobre Dados Abertos para desenvolvedores</s>
    <s>05 de setembro de 2011</s>
    <s>O W3C Brasil lançou sua nova publicação projetada para desenvolvedores que queiram trabalhar com dados abertos. O Manual dos Dados Abertos: desenvolvedores apresenta os principais conceitos dos dados abertos, por que abrir dados, como publicá-los em formato aberto e como desenvolver aplicações reutilizando-os. O manual foi redigido colaborativamente e contou com a parceria da Comunidade São Paulo Perl Mongers e do Laboratório de Cultura Digital. O manual traz também diversos artigos sobre como publicar e desenvolver aplicações com dados abertos em diversas linguagens de programação como Perl, Python, Ruby, LUA, PHP. A primeira edição não objetiva ser completa na abordagem das linguagens de programação, mas introduzir o tema aos desenvolvedores e abrir um canal para que novos artigos sobre o tema sejam publicados. O download da versão eletrônica do Manual pode ser feito a partir da página de publicações do W3C.</s>
    <s>Concorrente do Paraná vence Concurso Logo WWW 2013</s>
    <s>18 de julho de 2011</s>
    <s>A Comissão Julgadora do Concurso para a Logo Oficial da WWW2013 - Rio escolheu a uma das propostas de Alan Pablo Montenegro a vencedora da disputa. A Conferência WWW, inédita no Brasil, é o fórum global mais importante para discussão e debate sobre a evolução da Web, os seus avanços científicos e tecnológicos, a padronização de suas tecnologias, e o seu impacto na sociedade e cultura. O vencedor conquistou a inscrição, passagens e diárias para participar da conferência no Rio de Janeiro. Acesse a página de divulgação para ver o logo vencedor.</s>
    <s>W3C Brasil transmite ao vivo na web Workshop de Ontologias</s>
    <s>13 de julho de 2011</s>
    <s>O I Workshop de Introdução à Engenharia de Ontologias e Web Semântica que o W3C Brasil realiza em Brasília-DF no próximo 13/julho/2011 será também transmitido ao vivo pela web. O link para a transmissão mms://200.160.1.20/w3c-workshop-intro-ontologias estará funcional na manhã do dia 13/07. Para assistir a transmissão é necessário software com suporte a MMS previamente instalado . Pode-se também obter informações pelo twitter http://twitter.com/!/w3cbrasil. O conteúdo do workshop foi elaborado pelo Prof. Giancarlo Guizzardi do Núcleo de Estudos em Modelagem Conceitual e Ontologias (NEMO) da Universidade Federal do Espírito Santo. &lt;http://nemo.inf.ufes.br/pt-br&gt; . A iniciativa é do W3C Brasil, do CGI.br - Comitê Gestor da Internet no Brasil e da SLTI-MPOG Secretaria de Logística e Tecnologia da Informação do Ministério do Planejamento, Orçamento e Gestão e conta com o apoio da ENAP - Escola Nacional de Administração Pública e a parceria do NEMO-UFES. Veja a programação completa.</s>
    <s>Chamada de Trabalhos para a 3a Conferencia Web W3C Brasil</s>
    <s>11 de julho de 2011</s>
    <s>Aberta a temporada de Chamada de Trabalhos para a 3a. Conferência Web W3C Brasil. Nesse anos de 2011 a conferência acontecerá no Rio de Janeiro nos dias 17 e 18 de novembro. Trabalhos, Casos de uso e Tutoriais podem ser inscritos até o dia 09/09/2011 para serem submetidos à avaliação do Comitê de Programa. O endereço para envio dos trabalhos é http://www.easychair.org/conferences/?conf=webw3c2011. Orientações sobre como proceder podem ser obtidas na página da conferência http://conferenciaweb.w3c.br/chamada-de-trabalhos.</s>
    <s>W3C Brasil assina Protocolo de Intenções de Projeto Dados Abertos com Governo do Estado do RS</s>
    <s>01 de julho de 2011</s>
    <s>Participando da 12a. edição do Fórum Internacional de Software Livre - FISL em Porto Alegre, RS, o W3C Brasil assina protocolo de intenções com representantes do Governo do Estado do Rio Grande do Sul para publicação de Dados Abertos. O protocolo será firmado entre o CGI.br/W3C.br, a PROCERGS, a Casa Civil, a Secretaria da Fazenda e Secretaria da Segurança Pública do Rio Grande do Sul. Dentre outras atividades, o W3C Brasil lançará também no FISL o Manual de Dados Abertos: Governo, publicado em parceria com a comunidade Transparência Hacker. Três outras atividades têm a participação do W3C: palestra sobre HTML5 e Acessibilidade e um painel sobre Dados Abertos. Veja a lista completa da atividades do W3C Brasil nas trilhas de programação do FISL.</s>
    <s>W3C Brasil promove Workshop de Ontologias</s>
    <s>27 de junho de 2011</s>
    <s>Parte integrante das atividades do Grupo de Trabalho de Ontologias, o W3C Brasil promove o I Workshop de Introdução à Engenharia de Ontologias e Web Semântica em Brasília-DF no próximo mês de julho. A participação no workshop é gratuita, mediante inscrição prévia através do formulário &lt;http://migre.me/52YS4&gt;. O conteúdo do é elaborado pelo Prof. Giancarlo Guizzardi do Núcleo de Estudos em Modelagem Conceitual e Ontologias (NEMO) &lt;http://nemo.inf.ufes.br/pt-br&gt;. A iniciativa é do W3C Brasil, do CGI.br - Comitê Gestor da Internet no Brasil e da SLTI-MPOG Secretaria de Logística e Tecnologia da Informação do Ministério do Planejamento, Orçamento e Gestão e conta com o apoio da ENAP - Escola Nacional de Adminsitração Pública e a parceria do NEMO-UFES. Veja a programação completa.</s>
    <s>W3C inicia Grupo de Trabalho em Dados Abertos Governamentais</s>
    <s>6 de maio de 2011</s>
    <s>O Consórcio W3C internacional iniciou hoje novo Grupo de Trabalho em Dados Abertos Governamentais com a missão de prover padrões e contribuir com informações para que governos ao redor do mundo publiquem seus dados de modo eficaz e utilizando tecnologia de Web Semântica e Dados Linkados (veja o plano completo). Também hoje o W3C renovou o Grupo de Interesse em eGov, um fórum para a construção e fortalecimento da comunidade que utiliza ou promove o uso das tecnologias Web para melhor acesso ao Governo. Esse grupo identifica e debate as áreas essenciais da tecnologia e as questões políticas relacionadas, veja o plano completo do Grupo de Interesse em eGov e saiba mais sobre eGovernment no W3C.</s>
    <s>Última Chamada: W3C convida para revisão ampla do HTML5 e outras 5 especificações</s>
    <s>25 de maio de 2011</s>
    <s>O W3C publicou hoje a chamada para ampla revisão do HTML5 e outras cinco especificações relacionadas que constituem a base da Plataforma Aberta da Web do W3C. O HTML5, no cerne desta plataforma, oferece ferramentas poderosas para o desenvolvimento de aplicações Web que podem ser executadas em qualquer dispositivo. Ao anunciar a última chamada (Last Call), o Grupo de Trabalho HTML incentiva para que todos comentem sobre em que medida confiam de que os requisitos técnicos tenham sido atendidos e de que dependências significativas com outros grupos de trabalho, internos ou externos ao W3C, tenham sido satisfeitas. Comentários são bem-vindos até 3 de agosto. Veja as instruções para feedback na seção status de cada um dos documentos publicados:</s>
    <s>HTML+RDFa 1.1</s>
    <s>HTML Microdata (Microdados)</s>
    <s>HTML Canvas Contexto 2D</s>
    <s>Markup poliglota: documentos HTML e XHTML compatíveis</s>
    <s>HTML5: Técnicas para prover textos alternativos úteis</s>
    <s>O Grupo de Trabalho HTML publicou também hoje três outros documentos (mas ainda não em Last Call): HTML: Referência da linguagem de marcação, Diferenças entre HTML5 e HTML4, HTML Guia de implementação de APIs para plataforma de acessibilidade.</s>
    <s>Leia o press release e o FAQ do Last Call HTML5 para informar-se mais sobre HTML.</s>
    <s>W3C Brasil inicia nova turma de Curso HTML5 e CSS3</s>
    <s>23 de maio de 2011</s>
    <s>O W3C Escritório Brasil, iniciativa do Comitê Gestor da Internet no Brasil - CGI.br e do Núcleo de Informação e Coordenação do Ponto BR - NIC.br, ofertará curso sobre HTML5 e CSS3. A próxima turma acontecerá nos dias 23, 24, 25 e 26 de maio, seguindo a estratégia de difundir e debater as novidades da nova versão das linguagens HTML e CSS. O programa do curso abrange as principais novidades das novas versões das linguagens até o momento, priorizando a apresentação e o debate semântico dos novos elementos. Todo o conteúdo do curso, inclusive a apostila de HTML5 e apostila de CSS3, pode ser livremente acessado e utilizado.</s>
    <s>W3C Brasil inicia estudos sobre Certificação Profissional em Padrões Web</s>
    <s>17 de maio de 2011</s>
    <s>O escritório brasileiro do W3C iniciou grupo de trabalho, com a participação de filiados brasileiros ao consórcio e parceiros, com o objetivo de estudar e levantar hipóteses para implantar processo de certificação profissional em padrões web. A iniciativa, além de analisar limites e possibilidades para esse processo, visa atender demanda dos profissionais do mercado brasileiro que há tempos buscam maneiras de certificar-se nos diversos padrões do W3C. Ainda que os estudos sejam iniciais e que não haja previsão de sua consecução, os interessados em opinar, acompanhar notícias a respeito ou mesmo indicar interesse em candidatar-se a exames para obtenção de certificação podem cadastrar-se no formulário web constante no endereço http://migre.me/4yPeG.</s>
    <s>Finalistas apresentam propostas finais para Logo WWW2013 - Rio</s>
    <s>5 de maio de 2011</s>
    <s>Atendendo pedido da Comissão Julgadora do Concurso para a Logo Oficial da WWW2013 - Rio os finalistas concorrentes Alan Pablo Montenegro, Max da Pieve, Robson de Oliveira Pinto e Wesley Jefferson de Faria apresentaram as adaptações em suas propostas com o grafismo oficial da conferência, inclusive na versão P&amp;B. Com as adaptações enviadas pelos concorrentes a Comissão Julgadora escolherá e anunciará em breve a Logo Oficial e o concorrente vencedor. As logos finalistas com suas adaptações pode ser vistas na página de divulgação.</s>
    <s>Finalistas do Concurso Logo Conferência WWW2013 - Rio</s>
    <s>25 de abril de 2011</s>
    <s>A Comissão Julgadora do Concurso para a Logo Oficial da WWW2013 - Rio escolheu cinco propostas de logo como finalistas. As cinco propostas finalistas podem ser vistas na página de divulgação. A Comissão Julgadora entrará em contato com os concorrentes Alan Pablo Montenegro, Max da Pieve, Robson de Oliveira Pinto e Wesley Jefferson de Faria para que apresentem adaptações em suas propostas. Os quatro concorrentes (um deles teve duas de suas propostas selecionadas) deverão agora apresentar suas propostas com o grafismo oficial da conferência, inclusive na versão P&amp;B. Com as adaptações enviadas pelos concorrentes a Comissão Julgadora escolherá finalmente a Logo Oficial, anunciando o concorrente vencedor.</s>
    <s>Concurso Logo Oficial para a Conferência WWW2013 - Rio</s>
    <s>4 de abril de 2011</s>
    <s>O prazo de inscrição para o Concurso Logo Oficial da WWW2013 termina essa semana, quinta-feira dia 7 de abril.</s>
    <s>Todos os concorrentes com suas propostas de logo estão publicados na página http://www.w3c.br/ConcursoLogo2013/LogosConcorrentes, que pode ser consultada.</s>
    <s>As condições para participação e concorrer à inscrição podem ser consultadas no edital do concurso.</s>
    <s>Cresce muito o número de linked data publicado</s>
    <s>31 de março</s>
    <s>O workshop sobre Linked Data na Web foi um dos destaques da WWW2011. Desde 2008, o workshop trata da publicação e consumo de dados linkados, principalmente aqueles relacionados com a &quot;web das coisas&quot;. Os organizadores divulgaram um crescimento significativo no volume de dados publicados em RDF por tipo de domínio. Segundo Chris Bizer (Freie Universität Berlin), o número de RDFs publicados mais do que triplicou em 2010, comparando com 2009, em aplicações em diferentes setores da sociedade. Os números, baseados no catálogo de data sets CKAN, refletem que cada vez mais a web será semântica, fortemente conectada e referenciada, ligando coisas, mais do que documentos.</s>
    <s>W3C Brasil publica primeiro vídeo em HTML5 e TTML1.0</s>
    <s>30 de março de 2011</s>
    <s>Importante vídeo sobre acessibilidade na Web agora está disponível também em HTML5 e TTML 1.0</s>
    <s>O W3C Brasil, em parceria com Acesso Digital, um grupo de pesquisa em acessibilidade, usabilidade e padrões Web, disponibiliza uma nova versão do vídeo &quot;Acessibilidade Web: Custo ou Benefício?&quot;, utilizando agora o padrão HTML5 e com legendas em inglês, espanhol e português no padrão TTML 1.0 (Timed Text Markup Language).</s>
    <s>O vídeo demonstra a importância que a utilização do HTML5 e TTML 1.0, aliada ao uso dos padrões de acessibilidade para a Web, tem na construção de uma plataforma realmente aberta. O objetivo é garantir que, em sua evolução, a Web mantenha-se sempre aberta, interoperável, colaborativa e livre, fiel às suas características originais.</s>
    <s>Web for All (W4A) trata de acessibilidade na WWW2011</s>
    <s>29 de março de 2011</s>
    <s>A oitava edição do evento W4A nos dois primeiros dias da WWW2011, na Índia, apresentou trabalhos voltados a acessibilidade na web. O tema foi &quot;Crowdsourcing the Cloud: An Inclusive Web by All and For All?&quot;</s>
    <s>Manish Gupta, Diretor de pesquisas da IBM Índia abriu com um projeto de acesso a web via telefonia convencional que possibilita que milhares de pessoas acessem e publiquem informações em um portal web de voz. Indicado para aqueles que estariam excluídos da web tradicional via computador / teclado.</s>
    <s>Apresentações que se destacaram: Emmanuelle Gutiérrez, da Sidar Foundation, falou sobre o upgrade do Hera-FFX, uma extensão do validador de acessibilidade Hera para Firefox, com as recomendações do WCAG 2.0 e Silvia Mirri, da Universidade de Bologna, Itália, apresentou os resultados de um trabalho no qual foram desenvolvidos scripts para tornar as grandes redes sociais (como Twitter, Facebook, Linkedin, etc) acessíveis.</s>
    <s>Iniciou hoje em Hyderabad a 20a Conferência WWW</s>
    <s>28 de março de 2011</s>
    <s>De hoje, 28 de março, até 01 de abril em Hyderabad, Índia, acontece a 20a. Conferência WWW Internacional. Há 20 anos que a Web vem revolucionando o modo como nos comunicamos, trabalhamos e vivemos. 24 horas por dia, sete dias na semana compartilhamos conhecimento e rompemos fronteiras na era da informação e da economia digital. Mas a Web ainda é um benefício para uma parcela pequena da população humana. A Conferência WWW de 2011 com o tema &quot;A Web para Todos&quot; e sendo organizada na Índia, um país em desenvolvimento que reúne tradição da história humana e inovação tecnológica, busca debater com pesquisadores de todo o mundo a necessidade de ampliar os horizontes da Web, tornando-a mais inclusiva e abrangente, alcançando todas as dimensões da vida.</s>
    <s>Novo prazo para envio de propostas para o logo oficial da WWW 2013</s>
    <s>O W3C Brasil prorroga para o dia 7 de abril o prazo para envio de propostas para o Concurso Logo Oficial da WWW2013. Essa nova data atende a pedidos para possibilitar maior participação da comunidade de desenvolvedores e designers.</s>
    <s>Até o momento, já foram recebidas 38 propostas. Com base no item 3.10 do edital do concurso, a Comissão Julgadora decidiu dar ampla transparência ao processo de seleção do melhor logo e publicar todas as propostas recebidas na página web do concurso.</s>
    <s>W3C Brasil lança seu novo site</s>
    <s>17 de março de 2011</s>
    <s>O escritório brasileiro do W3C (W3C.br) lançou hoje seu novo site. Além de adequar o leiaute ao modelo adotado pelo W3C internacional, a plataforma do novo ambiente dará ao escritório maior agilidade na publicação de informações, buscando promover a necessária interação com a comunidade brasileira de desenvolvimento web, cada vez mais opinativa e atuante na evolução da Plataforma Aberta da Web.</s>
    <s>Escritório W3C Brasil lança concurso para escolha do logo oficial da Conferência WWW2013</s>
    <s>21 de fevereiro de 2011</s>
    <s>O escritório brasileiro do W3C (W3C.br) anuncia o “Concurso Logo Oficial - Conferência WWW2013”. A produção selecionada será utilizada em todos os materiais que identifiquem o evento, inédito no País, que ocorrerá no Rio de Janeiro no primeiro semestre de 2013.</s>
    <s>A Conferência WWW, inédita no Brasil, é o fórum global mais importante para discussão e debate sobre a evolução da Web, os seus avanços científicos e tecnológicos, a padronização de suas tecnologias, e o seu impacto na sociedade e cultura. O edital e o Cadastro de Participação no Concurso estão disponíveis no sítio do Escritório W3C Brasil – http://www.w3c.br/logowww2013/. As inscrições são gratuitas e as propostas devem ser encaminhadas para o e-mail concursow3c@nic.br até o dia 21 de março.</s>
    <s>W3C confirma Last Call do HTML5 para maio de 2011 e padrão completo para 2014</s>
    <s>14 de fevereiro de 2011</s>
    <s>O W3C referendou os estatutos do Grupo de Trabalho HTML com objetivos claros para o HTML5, a pedra angular do Plataforma Web Aberta do W3C para o desenvolvimento de aplicações. Em maio de 2011, o Grupo de Trabalho vai avançar para o &quot;Last Call&quot; do HTML5, que é um convite para comunidades dentro e fora do W3C para confirmar a adequação técnica das especificações. A seguir, o grupo mudará o foco para reunir ao resultados de testes de implementação. O W3C está desenvolvendo uma suíte de testes abrangentes para alcançar a interoperabilidade ampla para a especificação completa em 2014, a data prevista para a Recomendação. &quot;Mesmo que a inovação siga seu curso, avançar o HTML5 para Recomendação fornecerá a todo o ecossistema da Web um padrão estável, testado e interoperável&quot;, disse Jeff Jaffe, diretor executivo do W3C. &quot;A decisão de agendar o Last Call do HTML5 para maio de 2011 foi um passo importante no balizamento das expectativas da indústria. Hoje nós demos o próximo passo ao anunciar 2014 como o objetivo para se tornar Recomendação&quot;.</s>
    <s>W3C anuncia Logo HTML5</s>
    <s>18 de janeiro de 2011</s>
    <s>O W3C anunciou hoje o logo HTML5, uma identidade visual para a plataforma web aberta. O W3C incentiva os desenvolvedores a usar o HTML5 e convida a fornecerem feedback ao Grupo de Trabalho de HTML, como parte do processo de padronização. Agora há logos para aqueles que já utilizam algo do HTML5 em seus sites e para quem deseja dizer ao mundo que está usando HTML5, CSS3, SVG, WOFF, e outras tecnologias para criar aplicativos da Web moderna. A home page do logo HTML5 inclui um construtor de selo identificador (gerando o código para exibir os logos correspondentes), uma galeria de sites que utilizam o logotipo, links para a compra de camisetas do HTML5, instruções para obter adesivos, e muito mais. O logotipo está publicado em &quot;Creative Commons 3.0&quot; permitindo a adoção e uso por designers de acordo com suas necessidades e criação. Veja também a página com FAQ e aprenda mais sobre HTML5. Mostre como você usa o Logo HTML5 pelo twitter `html5logo` .</s>
    <s>Links rápidos</s>
    <s>Notícias 2011</s>
    <s>Notícias 2010</s>
    <s>Press releases W3C Brasil</s>
    <s>Twitter W3C Brasil</s>
    <s>Notícias W3C Internacional</s>
    <s>Press releases W3C Internacional</s>
    <s>Navegação rodapé</s>
    <s>Sobre o W3C</s>
    <s>Ajuda e FAQ</s>
    <s>e-mail (listas)</s>
    <s>Copyright © 2011 W3C ® (MIT, ERCIM,Keio) Políticas de uso.</s>
  </text>
</page>
