<?xml version="1.0" encoding="UTF-8"?>
<!DOCTYPE page SYSTEM "page.dtd">
<page>
  <lang>pt</lang>
  <url>http://www.livinggold2012.com/fees-por/</url>
  <title>Living Gold 2012 - Custos da Conferência</title>
  <snippet>
    <s>Há um limitado número de bolsas para atender à conferência. Se você quiser Para converter dólares canadenses em sua moeda local, clique aqui. • • • • • • • </s>
  </snippet>
  <text>
    <s>Conference Information</s>
    <s>Travel Arrangements</s>
    <s>Excursions &amp; Tours</s>
    <s>Child &amp; Youth Activities</s>
    <s>Event Calendar</s>
    <s>About Living Gold</s>
    <s>History of Money</s>
    <s>Choose Language</s>
    <s>Living Gold 2012 Updates</s>
    <s>Landing English</s>
    <s>Landing Spanish</s>
    <s>Landing Portuguese</s>
    <s>Links - The Christian Community</s>
    <s>Links - Anthroposophy</s>
    <s>Living Gold 2012</s>
    <s>Spiritual Origins | Fallen History | Future Redemption – – CONFERENCE - July 2012 – – Site under construction.</s>
    <s>Conference Information</s>
    <s>Travel Arrangements</s>
    <s>Excursions &amp; Tours</s>
    <s>Child &amp; Youth Activities</s>
    <s>Event Calendar</s>
    <s>About Living Gold</s>
    <s>History of Money</s>
    <s>Choose Language</s>
    <s>Living Gold 2012 Updates</s>
    <s>Landing English</s>
    <s>Landing Spanish</s>
    <s>Landing Portuguese</s>
    <s>Links - The Christian Community</s>
    <s>Links - Anthroposophy</s>
    <s>SideNav portuguese</s>
    <s>Boa vinda</s>
    <s>Informação da conferência</s>
    <s>Arranjos de curso</s>
    <s>Excursões e Passeios</s>
    <s>Outras Atividades</s>
    <s>ENGLISH | ESPAÑOL | PORTUGUÊS</s>
    <s>Por favor observe que todas as tarifas sao em dolares canadenses.</s>
    <s>Custos da Conferencia</s>
    <s>O custo da conferencia e de $399 por pessoa.</s>
    <s>Entretanto, ha uma reduçao para $299 se voce se inscrever ate 31 de janeiro de 2012.</s>
    <s>O custo sera reduzido para $349 se voce inscrever e pagar ate 8 de abril de 2012.</s>
    <s>Ha um limitado numero de bolsas para atender a conferencia. Se voce quiser pedir ajuda, por favor, baixe o formulario Pedido de Ajuda Financeira aqui.</s>
    <s>Custos Adicionais sao:</s>
    <s>Taxa de uso das acomodaçoes durante o dia de $80 se voce nao esta hospedado no campus.</s>
    <s>Accommodations and Meal Packages On-Campus</s>
    <s>All Accommodation Packages include 8 breakfasts, 8 lunches and 7 dinners. There is no dinner served on Wednesday evening and attendees will be responsible for their own beverages or snacks between meals.</s>
    <s>Most rooms are shared accommodations with 2, 3, or 4 beds and communal bathrooms. The higher priced rooms are newer and have more privacy with fewer rooms sharing bathrooms. There may be a small number of private rooms available reserved for those with special needs. Be sure to let us know if you have a special need that would be supported with a private room.</s>
    <s>We are in the process of taking pictures of the rooms which will be posted as soon as they are available.</s>
    <s>Hospedagem e Refeiçoes no local</s>
    <s>Pacote A - $760</s>
    <s>Pacote B - $710</s>
    <s>Pacote C - $640</s>
    <s>Pacotes de Alimentaçao apenas</s>
    <s>8 - Cafe da Manha - $100</s>
    <s>8 - Almoço - $124</s>
    <s>7 - Jantar - $133 (nao ha jantar na quarta-feira)</s>
    <s>Pacote Completo de Alimentaçao - $357</s>
    <s>O custo de hospedageme alimentaçao tem desconto de 50% para criançcas com 10 anos ou menos.</s>
    <s>Custos para as atividades das crianças (day camp), apenas palestras ou apenas oficinas serao adicionadas em futuro breve. Por favor, contate a coordenadora da Conferencia para saber mais.</s>
    <s>Para baixar um arquivo pdf dos custos acima, clique aqui.</s>
    <s>Para converter dolares canadenses em sua moeda local, clique aqui.</s>
    <s>• • • • • • •</s>
    <s>Package A - Kayes House with 3 beds and shared bathroom</s>
    <s>Package A - Strathcona House with 2 beds and shared bathroom</s>
  </text>
</page>
