<?xml version="1.0" encoding="UTF-8"?>
<!DOCTYPE page SYSTEM "page.dtd">
<page>
  <lang>pt</lang>
  <url>http://www.ua.pt/de/PageText.aspx%3Fid%3D5735</url>
  <title>de › teresa maria bettencourt da cruz - Universidade de Aveiro</title>
  <snippet>
    <s>Conferência convidada no Congresso Ensino a Distância, Lisboa: Universidade Aberta. Conferência proferida em Second Life® por Cleo Bekkers, 1 Junho. </s>
  </snippet>
  <text>
    <s>Para que esta página funcione corretamente deve ativar a execução de scripts. Se tal não for possível, algumas funcionalidades poderão estar limitadas. Nesse caso sugere-se a navegação pelo mapa do sítio.</s>
    <s>publicaçoes 1</s>
    <s>publicaçoes 2</s>
    <s>orgaos de gestao</s>
    <s>nao docentes</s>
    <s>bolseiros de pos-doutoramento</s>
    <s>bolseiros de doutoramento</s>
    <s>bolseiros de investigaçao</s>
    <s>bolseiros tecnicos de </s>
    <s>licenciaturas (1º ciclo)</s>
    <s>educaçao basica</s>
    <s>mestrados academicos (2º ciclo)</s>
    <s>ciencias da educaçao</s>
    <s>promoçao da leitura e bibliotecas </s>
    <s>mestrados profissionalizantes </s>
    <s>educaçao pre-escolar e 1ºceb</s>
    <s>ensino 1º e 2º ceb</s>
    <s>ensino de artes visuais</s>
    <s>ensino de biologia e geologia</s>
    <s>ensino de fisica e quimica</s>
    <s>ensino de matematica</s>
    <s>psicologia clinica e da saude</s>
    <s>psicologia forense</s>
    <s>programa doutoral (3º ciclo)</s>
    <s>em psicologia</s>
    <s>didactica e formaçao</s>
    <s>multimedia em educaçao</s>
    <s>centro de investigaçao</s>
    <s>jardim da ciencia</s>
    <s>projecto xplika</s>
    <s>em curso</s>
    <s>arquivo 2011</s>
    <s>ciencias da educaçao e psicologia</s>
    <s>viii gedei</s>
    <s>da investigaçao a pratica</s>
    <s>transversalidade da lingua </s>
    <s>seminario cts</s>
    <s>reflexao sobre o ensino da </s>
    <s>research on questioning: </s>
    <s>jornadas das linhas 1 &amp; 3 do </s>
    <s>sexualidade e educaçao sexual</s>
    <s>candidaturas (2º ciclo)</s>
    <s>e-learning na ua</s>
    <s>portal academico</s>
    <s>biblioteca digital</s>
    <s>contactos na ua</s>
    <s>arquivo bibliografico</s>
    <s>nao docentes</s>
    <s>sites ua</s>
    <s>encontro do leip</s>
    <s>seminario tempo geologico</s>
    <s>seminario jean clandinin</s>
    <s>teresa maria bettencourt da cruz</s>
    <s>- Bettencourt, T. (2009). Second Life® em Contextos Educativos. Conferência convidada no Congresso Ensino a Distância, Lisboa: Universidade Aberta. Conferência proferida em Second Life® por Cleo Bekkers, 1 Junho.</s>
    <s>- Bettencourt, T. (2009). Mundos virtuais – interrogações na busca de uma nova Didáctica. Conferência convidada no Congresso 7º SENAED – Seminário Nacional ABED de Ensino a Distância , Universidade de Unisinos, Universidade Anhembi Morumbi e Universidade Rio Grande do Sul. Conferência proferida em Second Life® por Cleo Bekkers, 23 Maio.</s>
    <s>Vídeo em http://www.joaomattar.com/7senaed/Encerramento.mp3</s>
    <s>- Bettencourt, T. (2009). Novos relacionamentos na sociedade da informação e do conhecimento. Palestra convidada no II Encontro Espaços Partilhados, A Educação Sexual na Sociedade da Informação e do Conhecimento , Lisboa: Centro de Investigação em Educação, Faculdade de Ciências, Universidade de Lisboa, 14 Fevereiro.</s>
    <s>- Bekkers, C. (SL) / Bettencourt, T. (2009). Teaching &amp; learning in SL®: figuring out some variables. SL Education Support Faire 25-30th January. Presentation made in-world by Cleo Bekkers. Available at http://wiki.secondlife.com/wiki/Education Support Faire and http://cleobekkers.wordpress.com/2009/01/28/teaching-learning-in-sl-figuring-%20out-some-variables/</s>
    <s>- Bettencourt, T. (2008). Mundos Virtuais como meios inovadores de ensinos e de aprendizagens – o caso de Second Life®. Palestra convidada no Seminário ISEP-TREE, Teaching Resources for Engineering Education . Porto: Instituto Superior de Engenharia do Porto, 17 Setembro.</s>
    <s>- Bettencourt, T. &amp; Abade, A. (2008). Mundos Virtuais de Aprendizagem e de Ensino – uma caracterização inicial. IE communications, Revista Iberoamericana de Informática Educativa , Nº 7/8, Enero/Diciembre, pp.3-16. Available at: http://161.67.140.29/iecom/index.php/IECom/issue/view/41/showToc</s>
    <s>- Bettencourt-da-Cruz, T.M. (2006). A Internet na Construção de Conhecimento Didáctico . Tese de Doutoramento. Aveiro: Universidade de Aveiro.</s>
    <s>- Chagas, I., Bettencourt, T., Matos, J. e Sousa, J. ( 2005 ). Utilización del hipertexto en la comunicación cientifica y educativa. Tarbiya , nº 36, pp.81-102</s>
    <s>- Bettencourt, T, Chagas, I. e Marques, L. (2002). A Internet na Formação Inicial de Professores de Biologia – Contributos para a Construção de Conhecimento Didáctico. Proceedings of the International Conference on New Technologies in Science Education (I), Breda, A., Bajuelos, A. e Catalano, D. (Eds), Coimbra: Gráfica de Coimbra, Lda., pp. 257-266 (ISBN: 972-789-028-8).</s>
    <s>- Bettencourt, T. (1994) Um Estudo sobre a Utilização de um Sistema de Aquisição e Tratamento de Dados no Laboratório de Biologia do Ensino Secundário, Tomo I e II. Dissertação de Mestrado. Braga: Instituto de Educação, Universidade do Minho.</s>
  </text>
</page>
