<?xml version="1.0" encoding="UTF-8"?>
<!DOCTYPE page SYSTEM "page.dtd">
<page>
  <lang>pt</lang>
  <url>http://www.diarioonline.com.br/noticia-164762-ufpa-sedia-iii-conferencia-de-telecomunicacoes.html</url>
  <title>DOL - Diário Online - UFPA sedia III Conferência de ...</title>
  <snippet>
    <s>1 set. 2011 A Conferência Latino-Americana em Telecomunicações (IEEE LATINCOM) incluem sessões técnicas, tutoriais, minicursos, palestras, painéis e O coordenador da Conferência, professor Antônio Abelém, explica que “a </s>
  </snippet>
  <text>
    <s>01 de Setembro de 2011</s>
    <s>Buscar por:</s>
    <s>Todo o DOL Galerias Áudios Imagens Vídeos</s>
    <s>Pará Brasil Mundo Polícia Tecnologia Cultura</s>
    <s>Futebol Pará Futebol Brasil Futebol Mundo Outros esportes</s>
    <s>Agito Blogs Cinema Ensaio Fama Games iMusica Kids</s>
    <s>Agenda Belém</s>
    <s>DOL TV Vídeo Imagem Áudio</s>
    <s>DOL TV</s>
    <s>Orgulho do Pará</s>
    <s>Na estrada</s>
    <s>| Notícias |</s>
    <s>+ Pará</s>
    <s>UFPA sedia III Conferência de Telecomunicações</s>
    <s>Quinta-Feira, 01/09/2011, 18:27:11</s>
    <s>Tamanho da fonte: A- A+</s>
    <s>A Conferencia Latino-Americana em Telecomunicaçoes (IEEE LATINCOM) acontecera pela primeira vez no Brasil. A 3ª ediçao do evento sera organizada pela Universidade Federal do Para (UFPA), com o apoio tecnico do Institute of Electrical and Electronics Engineers (IEEE) da Sociedade Brasileira de Microondas &amp; OptoEletronica (SBMO) e da Sociedade Brasileira de Computaçao (SBC). A Conferencia sera realizada em Belem, no Centro de Convençoes e Feiras da Amazonia - Hangar, no periodo de 24 a 26 de outubro.</s>
    <s>O evento internacional e anual, sem fins lucrativos e possibilita a troca de conhecimento e intercambio de alunos, professores, pesquisadores e empresas de todo o mundo. Em 2011, o encontro incluira topicos relacionados a sustentabilidade, a computaçao verde, a eficiencia energetica, ao smart grid, a multimidia, a comunicaçao sem fio, ao processamento de sinais e a qualidade de serviço.</s>
    <s>As atividades, nos tres dias de evento, incluem sessoes tecnicas, tutoriais, minicursos, palestras, paineis e debates, alem de exposiçoes de empresas que atuam na area.</s>
    <s>Publico - A ediçao de 2011 da Conferencia espera receber cerca de 500 pesquisadores do mundo todo. Mais de 109 trabalhos foram submetidos, dos quais, 48 foram aceitos.</s>
    <s>O evento e direcionado para alunos, pesquisadores e profissionais interessados nas areas de Tecnologia da Informaçao, Rede de Computadores, Sistemas de Telecomunicaçoes, Desenvolvimento de Software e Sistemas de Energia Eletrica, assim como para os demais setores da telecomunicaçao e energia eletrica (geraçao, transmissao e distribuiçao).</s>
    <s>Desafios - Os topicos que serao debatidos no evento estao entre os cinco &quot;Grandes Desafios da Computaçao no Brasil: 2006-2016&quot;, definidos pela Sociedade Brasileira de Computaçao (SBC), e os desafios do Brasil no que diz respeito a Ciencia, Tecnologia e Inovaçao, segundo o Ministerio de Ciencia e Tecnologia.</s>
    <s>III IEEE LATINCOM e coordenada pelo diretor do Parque de Ciencia e Tecnologia Guama, professor Antonio Abelem, e pelo professor da Faculdade de Engenharia da Computaçao (Engcomp), Joao Crisostomo da Costa. A coordenaçao do Comite do Programa e do professor Eduardo Cerqueira, da Engcomp.</s>
    <s>Os assuntos abordados no evento estao diretamente ligados aos Programas de Graduaçao em Ciencia da Computaçao, Sistemas de Informaçao, Engenharia da Computaçao e Engenharia Eletrica. A Conferencia ira proporcionar uma interface de comunicaçao entre empresas nacionais e internacionais, como Nokia, Ericsson, Petrobras, Vale e Eletronorte, e alunos da UFPA, bem como um intercambio didatico-cientifico com alunos e professores do mundo todo.</s>
    <s>Historia - A criaçao do IEEE LATINCOM foi motivada pela carencia de eventos cientificos e pela dificuldade em se promover foruns para intercambio didatico-cientifico nas areas das TICs, na America Latina.</s>
    <s>O coordenador da Conferencia, professor Antonio Abelem, explica que &quot;a terceira ediçao do IEEE LATINCOM pretende proporcionar debates e intercambios de conhecimentos na area de telecomunicaçoes e promover a integraçao das demais areas, estimulando o ensino e as investigaçoes cientificas da tecnologia&quot;. &quot;O evento tambem vai colaborar com a educaçao continuada, o aperfeiçoamento e a atualizaçao de academicos e profissionais da area&quot;, conclui o professor. (Ascom UFPA)</s>
    <s>Serviço: III Conferencia Latino-Americana em Telecomunicaçoes (IEEE LATINCOM), com o tema &quot;Desenvolvimento das Telecomunicaçoes de Forma Sustentavel para um Mundo Verde&quot;</s>
    <s>Periodo: 24 a 26 de outubro de 2011</s>
    <s>Local: Centro de Convençoes e Feiras da Amazonia - Hangar</s>
    <s>Mais informaçoes no site http://www.ieee-latincom.ufpa.br/</s>
    <s>Que nota você dá para esta notícia?</s>
    <s>Notificar erro</s>
    <s>Adicionar ao meu perfil</s>
    <s>Informe o Codigo:</s>
    <s>Aviso Importante: Os comentários publicados não refletem a opinião deste site. Os comentários publicados através deste sistema são de exclusiva e integral responsabilidade dos seus autores. Não serão publicados comentários totalmente em letras maiusculas (caixa alta). O site reserva-se o direito de excluir comentários e textos que julgar ofensivos, difamatórios, caluniosos, preconceituosos ou de alguma forma prejudiciais a terceiros. Textos de caráter promocional também serão excluídos.</s>
    <s>Notificar erro</s>
    <s>Seu E-mail:</s>
    <s>Informe o Codigo:</s>
    <s>Sua correção da notícia:</s>
    <s>Compartilhar por email</s>
    <s>Seu E-mail:</s>
    <s>E-mail do seu amigo: Informe o Codigo:</s>
    <s>Recado para o amigo:</s>
    <s>Mais em Pará</s>
    <s>01/09/2011 | Inscrições para o PSE terminam dia 8</s>
    <s>01/09/2011 | Servidores da Sema conhecem o programa Bolsa Verde</s>
    <s>01/09/2011 | Governo doa imóveis para beneficiar famílias</s>
    <s>01/09/2011 | Prefeitos do Marajó participam de reunião na Sespa</s>
    <s>01/09/2011 | Comunidades do Marajó e Colares recebem barcos</s>
    <s>+ Pará</s>
    <s>DOL MOBILE</s>
    <s>Condições gerais de uso Diário Online | © Copyright 2010 Diário Online</s>
  </text>
</page>
