<?xml version="1.0" encoding="UTF-8"?>
<!DOCTYPE page SYSTEM "page.dtd">
<page>
  <lang>pt</lang>
  <url>http://www.premiercoaching.com.br/nossos-instrutores/instrutor-cleudo-lopes.html</url>
  <title>Premier Coaching</title>
  <snippet>
    <s> Pública do Governo do Paraná. É docente de graduação na disciplina de Economia e palestrante convidado para conferências, palestras e seminários. </s>
  </snippet>
  <text>
    <s>Mapa do Site</s>
    <s>Tel.: +55 11 4083-2551</s>
    <s>Premier Coaching</s>
    <s>!Seja Premier</s>
    <s>Por que Premier?</s>
    <s>Tudo Sobre Coaching</s>
    <s>Certificação e Curso</s>
    <s>Sobre o Premier</s>
    <s>Nossos Instrutores</s>
    <s>Sobre a SBC®</s>
    <s>!Nossos instrutores forneceram as ferramentas para o seu sucesso!</s>
    <s>Instrutor Cleudo Lopes</s>
    <s>!Instrutor Cleudo</s>
    <s>Master Coach, Executive Coach e Personal &amp; Professional Coach certificado pela Sociedade Brasileira de Coaching®.</s>
    <s>Master Coach pelo BCI – Behavioral Coaching Institute.</s>
    <s>É instrutor licenciado da Sociedade Brasileira de Coaching® para formação em Personal &amp; Professional Coaching®.</s>
    <s>Graduado em Economia pelas Faculdades Integradas de Marília, pós-graduado em Administração pelo IBMEC de São Paulo (MBA), especializado em Alta Gestão Bancária pelo INESE de Madri, Espanha, em Administração e Negócios pela FIA/USP, em Administração de Instituições Financeiras pela EAESP / FGV-SP, e em Administração Hospitalar pelas Faculdades Evangélicas de Curitiba.</s>
    <s>É fundador e diretor-presidente do Instituto Lopes Brasil, instituição que atua em serviços de desenvolvimento do potencial humano.</s>
    <s>Possui mais de 28 anos de experiência executiva em cargos estratégicos no Banespa/Santander, com destacada atuação na transição para a privatização e integração do Banespa ao Grupo Santander. Trabalhou mais de sete anos como diretor de Instituição de Saúde Pública do Governo do Paraná.</s>
    <s>É docente de graduação na disciplina de Economia e palestrante convidado para conferências, palestras e seminários.</s>
    <s>Conheça nossos outros instrutores:</s>
    <s>Utilize o formulário abaixo para</s>
    <s>entrar em contato conosco:</s>
    <s>*Todos os campos são obrigatórios</s>
    <s>Ou se preferir,</s>
    <s>ligue para nós e</s>
    <s>tire suas dúvidas:</s>
    <s>(11) 4083-2551</s>
    <s>Sobre o Premier</s>
    <s>Nossos Instrutores</s>
    <s>Sobre a SBC®</s>
    <s>Tudo Sobre Coaching</s>
    <s>O que é Coaching?</s>
    <s>Por que ser Coaching?</s>
    <s>Onde é utilizado?</s>
    <s>Tire suas Dúvidas</s>
    <s>Certificação e Curso</s>
    <s>Investimento e Retorno</s>
    <s>Por que é importante?</s>
    <s>Como funciona?</s>
    <s>Atue com coaching</s>
    <s>Jornais e Revistas</s>
    <s>Veja mais onde nos encontrar:</s>
    <s>Copyright© 2010 Premier Coaching - Todos os Direitos Reservados - Telefone 55 (11) 4083-2551</s>
  </text>
</page>
