<?xml version="1.0" encoding="UTF-8"?>
<!DOCTYPE page SYSTEM "page.dtd">
<page>
  <lang>pt</lang>
  <url>http://negocios.centralblogs.com.br/post.php%3Fhref%3Dpalestra%2Bescola%2Bdinheiro%2Bna%2Bconferencia%2Bfreelancer%2Bportugal%26KEYWORD%3D8848%26POST%3D3886345</url>
  <title>Palestra Escola Dinheiro na Conferência Freelancer Portugal</title>
  <snippet>
    <s>Palestra Escola Dinheiro na Conferência Freelancer Portugal Fomos a Escola Dinheiro foi convidada a dar uma palestra sobre Monetização de A Moeda Revolucionária? - 10 coisas que aprendi na ExpOn 2011 de São Paulo; - PagTotal ? </s>
  </snippet>
  <text>
    <s>Central Blogs - Diret de Blogs</s>
    <s>Siga seus blogs favoritos!</s>
    <s>CADASTRAR BLOG</s>
    <s>Palestra Escola Dinheiro na Conferia Freelancer Portugal</s>
    <s>Palestra Escola Dinheiro na Conferia Freelancer Portugal Fomos convidados pela colega e blogueira Ana Martelo a participar da Conferia &quot;Ser Freelancer em Portugal&quot; que se vai realizar no pro dia 2 de Abril na cidade de Aveiro (Portugal). com enorme prazer que fazemos parte de uma equipa de 9 profissionais que irrealizar sensivelmente 8 horas de palestras durante um dia inteiro para aqueles que desejarem estar presentes no audit do IPJ de Aveiro Continuar lendo.</s>
    <s>Veja: Concursos Pn style=&quot;text-align: center&quot;&gt;blicos Abertos</s>
    <s>| 25/02/11 - 13:08</s>
    <s>Tos relacionados:</s>
    <s>Palestra ?Como viver de blogs?? na Conferia Ser Freelancer| 05/04/11</s>
    <s>Palestra &quot;Como viver de blogs?&quot; na Conferia Ser Freelancer Durante o fim-de-semana, parte da equipe das escolas educacionais, mais concretamente o Paulo Faustino, R </s>
    <s>Palestra Escola Dinheiro ? Monetiza de Blogs| 03/02/11</s>
    <s>Palestra Escola Dinheiro - Monetiza de Blogs No passado dia 1 de Fevereiro, a Escola Dinheiro foi convidada a dar uma palestra sobre Monetiza de Blogs, na Escola Profissiona </s>
    <s>Assista alestra da Escola Dinheiro na ExpOn em SPaulo com 10% de desconto| 03/06/11</s>
    <s>Assista alestra da Escola Dinheiro na ExpOn em SPaulo com 10% de descontoFomos convidados pelo time da ExpOn a participar nesse que onsiderado o maior evento de SEO, Li </s>
    <s>Escola Freelancer ? Lanento Oficial| 10/01/11</s>
    <s>Escola Freelancer - Lanento Oficialcom grande felicidade e entusiasmo que anunciamos o lanento oficial da Escola Freelancer, o nosso mais recente projeto da rede educaci </s>
    <s>Elance: Ganhe dinheiro com trabalho freelancer| 07/10/10</s>
    <s>Profissionais que desenvolvem alguma atividade na internet, sempre procuram por atividades rentis, que possam trazer uma boa remunera. Assim, designers, editores, programadores, entre outros pro </s>
    <s>Fique Rico</s>
    <s>Categoria: Negs</s>
    <s>Votos: 2 | !Seguidores: 0</s>
    <s>Parcerias: N</s>
    <s>Descriao: Escola online para blogueiros e webmasters. Um espade aprendizagem de ticas para ganhar dinheiro com website e blogs, programas de afilia, Google Adsense, Webmastering, etc.</s>
    <s>Comentarios(0) |Reportar |Feeds | !Proprietario | !Seguir</s>
    <s>cache: 02/08/2011 - 01:08:29 PM</s>
    <s>{Ver todos} Topicos</s>
    <s>- Link Ninja ? Mais trgo para seus conte/a&gt;</s>
    <s>- [Bitcoin ? A Moeda Revoluciona?</s>
    <s>- 10 coisas que aprendi na ExpOn 2011 de SPaulo</s>
    <s>- PagTotal ? Pagamentos na internet com seu celular</s>
    <s>- 10 raz(e convites) para blogueiros usarem o Google+</s>
    <s>Central Blogs</s>
  </text>
</page>
