<?xml version="1.0" encoding="UTF-8"?>
<!DOCTYPE page SYSTEM "page.dtd">
<page>
  <lang>pt</lang>
  <url>http://www.uzbektraveller.com/index.php%3Ftitle%3DConfer%25C3%25AAncia,_Forma%25C3%25A7%25C3%25A3o,_Semin%25C3%25A1rio%26setlang%3Dpt</url>
  <title>Conferência, Formação, Seminário - UzbekTraveller.com - travel ...</title>
  <snippet>
    <s>5 jun. 2011 Procurando um lugar para realizar suas conferências, treinamentos ou seminários? Conferência, Formação, Seminário &middot; Banquetes e festas </s>
  </snippet>
  <text>
    <s>Imom Ismoil Al Bukhariy Memorial Complex, Bukhara</s>
    <s>Registan - star of the East, Samarkand</s>
    <s>Kalta Minor and the Old City, Khiva</s>
    <s>Somsa - time to have a snack</s>
    <s>Ver fonte</s>
    <s>Ver histórico</s>
    <s>Conferência, Formação, Seminário</s>
    <s>Da UzbekTraveller.com - travel Silk Road and share</s>
    <s>Ir para: navegação, pesquisa</s>
    <s>Conferência, Formação, Seminário</s>
    <s>Conferência Municipal</s>
    <s>Sala de Conferência</s>
    <s>Procurando um lugar para realizar suas conferências, treinamentos ou seminários? Nós podemos ajudá-lo. Podemos oferecer-lhe um lugar agradável com todas as facilidades para realizar conferências, treinamentos e seminários. O local e os equipamentos serão adaptados às suas necessidades e exigências. Uma opção de ter um almoço ou jantar também está disponível.</s>
    <s>Fale conosco para saber mais.</s>
    <s>Obtida de &quot;http://www.uzbektraveller.com/index.php/Confer%C3%AAncia, Forma%C3%A7%C3%A3o, Semin%C3%A1rio&quot;</s>
    <s>Ferramentas pessoais</s>
    <s>Entrar / criar conta</s>
    <s>Nossos pacotes de turismo</s>
    <s>Most Popular Tours</s>
    <s>Mega Info Tour</s>
    <s>Acampamento de Verão Feliz</s>
    <s>Exposições 2011</s>
    <s>5 Dias para a história</s>
    <s>Fim de semana Tours para a História</s>
    <s>Patrimônio da Timurids</s>
    <s>Vozes dos séculos</s>
    <s>Visita programada 2011</s>
    <s>Tours Navruz</s>
    <s>Aventuras BTT</s>
    <s>Camel Tour Riders (pt)</s>
    <s>Magic Valley (pt)</s>
    <s>Meu País</s>
    <s>Enigmas de cidades antigas</s>
    <s>Silk Road Tour (pt)</s>
    <s>Ásia Central Tour (pt)</s>
    <s>Antiga preferidas</s>
    <s>Patrimônio Espiritual do Usbequistão</s>
    <s>A beleza do Oriente</s>
    <s>Specialty Tours (pt)</s>
    <s>Passo a Passo de Marco Polo</s>
    <s>Diversão sobre a Água</s>
    <s>Antiga Usbequistão</s>
    <s>Tesouros do Usbequistão</s>
    <s>Tashkent City Tour (pt)</s>
    <s>Bazar de turismo</s>
    <s>Personalize o pacote de turismo</s>
    <s>Os Nossos Serviços</s>
    <s>Nossos pacotes de turismo</s>
    <s>Personalize o pacote de turismo</s>
    <s>Suporte Visa</s>
    <s>Airport Pick-up (pt)</s>
    <s>Alojamento de apoio</s>
    <s>Casa ou apartamento privados</s>
    <s>Consultoria Geral</s>
    <s>Assistência privada</s>
    <s>Escort 24 horas</s>
    <s>Serviço de Transporte</s>
    <s>Money Exchange (pt)</s>
    <s>Idioma Interpretação</s>
    <s>Cursos de línguas</s>
    <s>Conferência, Formação, Seminário</s>
    <s>Banquetes e festas</s>
    <s>Entrega de encomendas</s>
    <s>Childcare (pt)</s>
    <s>Lavagem a seco</s>
    <s>Aeroporto de despedida</s>
    <s>Deve visitar!</s>
    <s>Tashkent (pt)</s>
    <s>Samarkand (pt)</s>
    <s>Bukhara (pt)</s>
    <s>Khiva (pt)</s>
    <s>Vale de Fergana</s>
    <s>Madrasahs (pt)</s>
    <s>Minaretes (pt)</s>
    <s>Metro (pt)</s>
    <s>Museus (pt)</s>
    <s>Beldirsay (pt)</s>
    <s>Charvak (pt)</s>
    <s>Chatkal (pt)</s>
    <s>Chimgan (pt)</s>
    <s>Sky Village (pt)</s>
    <s>Parques Nacionais</s>
    <s>Cinemas (pt)</s>
    <s>Cafés e bares</s>
    <s>Night Clubs (pt)</s>
    <s>Sobre Usbequistão</s>
    <s>Rota da Seda</s>
    <s>Antiga Cidades</s>
    <s>Geografia - Mapa</s>
    <s>Tempo - Clima</s>
    <s>Vestido (pt)</s>
    <s>Vídeo (pt)</s>
    <s>Cultura (pt)</s>
    <s>Usos e Costumes</s>
    <s>Festas e feriados</s>
    <s>Ásia Central</s>
    <s>Informações Úteis</s>
    <s>Deve saber</s>
    <s>Guia Linguístico</s>
    <s>Chave Glossário</s>
    <s>How to Call Home (pt)</s>
    <s>Números de Emergência</s>
    <s>Vôos Internacionais</s>
    <s>Os vôos domésticos</s>
    <s>Ferroviária Agenda</s>
    <s>Embaixadas em Tashkent</s>
    <s>Embaixadas no exterior</s>
    <s>Internet (pt)</s>
    <s>Rafting (pt)</s>
    <s>SPA e Fitness</s>
    <s>Shopping Centers</s>
    <s>Lojas de Souvenir</s>
    <s>Salões de Beleza</s>
    <s>Drug Stores</s>
    <s>Centros Médicos</s>
    <s>Métricas (pt)</s>
    <s>Zonas de Tempo</s>
    <s>Página principal</s>
    <s>Página aleatória</s>
    <s>Mudanças recentes</s>
    <s>Carregar ficheiro</s>
    <s>Páginas especiais</s>
    <s>Páginas afluentes</s>
    <s>Alterações relacionadas</s>
    <s>Páginas especiais</s>
    <s>Versão para impressão</s>
    <s>Link permanente</s>
    <s>Carregar vários ficheiros</s>
    <s>More on Uzbekistan Weather Maps</s>
    <s>CONTACT US</s>
    <s>!Call us (+998 97) 440-9440</s>
    <s>!Call us (+998 97) 405-2677</s>
    <s>Esta página foi modificada pela última vez às 15h27min de 5 de Junho de 2011.</s>
    <s>Esta página foi acedida 170 vezes.</s>
    <s>Política de privacidade</s>
    <s>Sobre a UzbekTraveller.com - travel Silk Road and share</s>
    <s>Exoneração de responsabilidade</s>
    <s>2011 (C) UzbekTraveller.com</s>
    <s>Visits: !size=25</s>
  </text>
</page>
