<?xml version="1.0" encoding="UTF-8"?>
<!DOCTYPE page SYSTEM "page.dtd">
<page>
  <lang>pt</lang>
  <url>http://www.sice.oas.org/dictionary/gt_p.asp</url>
  <title>SICE - Dicionário de Termos de Comércio - Termos Gerais</title>
  <snippet>
    <s>Conferência das Nações Unidas sobre Comércio e Desenvolvimento O Grupo de Revisão da Implementação de Cúpulas (GRIC) foi criado em março de 1995 . Uma moeda comum, o “Euro”, que substituiu as antigas moedas Dinamarca, </s>
  </snippet>
  <text>
    <s>Novidades - Índice - Calendario Acordos Comerciais - Processo ALCA</s>
    <s>Temas Comerciais</s>
    <s>English - espa/a&gt; - [français</s>
    <s>Temas Gerais de Negocia</s>
    <s>Termos Gerais</s>
    <s>Polca de Concorria</s>
    <s>Procedimentos Aduaneiros</s>
    <s>Solu de Controvias</s>
    <s>Compras Governamentais</s>
    <s>Direitos de Propriedade Intelectual</s>
    <s>Regime de Origem</s>
    <s>Subsos, Antidumping e Direitos</s>
    <s>Tarifas e Medidas NTarifas</s>
    <s>Barreiras Ticas ao Comio</s>
    <s>DICIONIO DE TERMOS DE COMCIO</s>
    <s>O propo desse diciono e apresentar uma ampla lista de termos comumente usados nas negocias comerciais e especialmente no contexto da ea de Livre Comio das Amcas (ALCA), com vistas a proporcionar um instrumento de informa para o po em geral. O diciono presentado nos quatro idiomas oficiais da ALCA: espanhol, franc/a&gt;, [ingl/a&gt; e [portugu/a&gt;.</s>
    <s>Esta compila npretende esgotar o universo dos termos usados nem prejulgar ou influenciar, de algum modo, definis ou enfoques atualmente propostos por qualquer paem uma negocia de comio. De fato, foram exclus muitas das definis que aparecem na Minuta do Acordo da ALCA disponl para o po e que tsido motivo de difis debates . As definis foram obtidas de fontes de dados amplamente conhecidas,</s>
    <s>inclusive outros acordos de comio.</s>
    <s>Inclui-se uma [lista dos termos em ordem alfabca para facilitar o uso do diciono. Os termos e suas definis sapresentados por tema geral de negocia no ito da ALCA e de outras negocias de comio.</s>
    <s>Uma verseletra deste original pode ser encontrada nos seguintes Web sites:</s>
    <s>OEA, BID e CEPAL.</s>
    <s>TERMOS GERAIS</s>
    <s>Acordo Geral de Comio de Servi (GATS)</s>
    <s>O Acordo Geral de Comio de Servi (GATS) primeiro conjunto multilateral e juridicamente vinculante de regras que abrangem o comio internacional de servi. O GATS surgiu em janeiro de 1995 como parte integrante da OMC. O funcionamento do GATS sa responsabilidade do Conselho para o Comio de Servi, constituido de representantes de todos os pas da OMC.</s>
    <s>Acordo Geral sobre Tarifas e Comio (GATT)</s>
    <s>O Acordo Geral sobre Tarifas e Comio (GATT), foi suplantado como organiza internacional por a Organiza Mundial do Comio. Um Acordo Geral atualizado gora um dos acordos da OMC. Ver Organiza Mundial do Comio, pagina 15 .</s>
    <s>Acordo Norte-Americano de Livre Comio (NAFTA)</s>
    <s>O Acordo Norte-Americano de Livre Comio (NAFTA) m acordo abrangente de livre comio em que estmetidos CanadMco e os Estados Unidos, estabelecido em 1 de janeiro de 1994. Seus objetivos incloem: eliminar barreiras ao comio dentro, e facilitar o movimento de mercadorias e servi atravdas fronteiras; promover condis de concorria justa; aumentar oportunidades de investimento; prover prote suficiente e efetiva e aplica de direitos de propriedade intelectual; criar processos efetivos para a implementa e a aplica do Acordo, para sua administra conjunta e a resolu de disputas; e estabelecer uma base para mais coopera trilateral, regional e multilateral. http://www.nafta-sec-alena.org</s>
    <s>ea de Livre Comio das Amcas (ALCA)</s>
    <s>Os Chefes de Estado e de Governo das 34 democracias do hemisfo, na C das Amcas realizada em Miami em 1994, acordaram a cria de uma ea de Livre Comio das Amcas (ALCA), na qual sereliminadas progressivamente as barreiras ao comio e ao investimento, bem como a conclusdas negocias do Acordo at005. http://www.ftaa-alca.org</s>
    <s>Associa Latino-Americana de Integra (ALADI)</s>
    <s>A Associa Latino-Americana de Integra (ALADI) foi estabelecida por o Tratado de Montevideo em agosto de 1980 e ficou operacional em marde 1981. A Associa procura fomentar a coopera econa entre seus membros, inclu por meio da realiza de acordos de comio regionais e de acordos setorais. Os membros (12) incloem: Argentina, Bola, Brasil, Chile, Cola, Cuba, Equador, Mco, Paraguai, Peru, Uruguai e Venezuela. A ALADI substituiu ssocia Latino-Americana de Livre Comio, que foi estabelecida em 1960 com o objetivo de desenvolver um mercado comum na Amca Latina. http://www.aladi.org</s>
    <s>Banco Interamericano de Desenvolvimento (BID)</s>
    <s>Criado em 1959, o Banco Interamericano de Desenvolvimento (BID) apoia o desenvolvimento econo e social e a integra regional na Amca Latina e no Caribe. Ele faz isso principalmente por meio de emprestar a instituis pas, mas tambfinancia projetos privados, geralmente em infra-estrutura e desenvolvimento de mercados de capital. Os membros incloem: Alemanha, Argentina, stria, Bahamas, Barbados, Bica, Belize, Bola, Brasil, CanadChile, Cola, Costa Rica, Croa, Dinamarca, El Salvador, Equador, Eslova, Espanha, Estados Unidos, Finlia, Fran Guatemala, Guiana, Haiti, Holanda, Honduras, Israel, Ita, Jamaica, Jap Mco, Nicara, Noruega, PanamParaguai, Peru, Portugal, Reino Unido, Repa Dominicana, Sua, Su, Suriname, Trinidad e Tobago, Uruguai e Venezuela. http://www.iadb.org</s>
    <s>Capacita em comio</s>
    <s>Desenvolvimento e melhoramento da capacidade e das qualificas bcas dos pas na a do comio, mediante coopera tica e outras formas de ajuda, a fim de otimizar sua participa em negocias, implementar seus compromissos de comio e enfrentar os desafios para a maximiza dos benefos da integra hemisfca. Ver Programa de Coopera Hemisfca, pagina 15 .</s>
    <s>Comissdas Nas Unidas sobre o Direito Mercantil Internacional (UNCITRAL)</s>
    <s>Criada em dezembro de 1966; a Comissdas Nas Unidas sobre o Direito Mercantil Internacional (UNCITRAL) tem o objetivo de promover a harmoniza e a unifica progressivas do direito mercantil internacional. Os membros (36) incloem: Alemanha, Antiga Repa Iugoslava da Maced, Argentina (alternando anualmente com o Uruguai), stria, Benin, Brasil, Burquina Faso, Camar CanadChina, Cingapura, Cola, Espanha, Estados Unidos, Federa Russa, Fiji, Fran Honduras, Hungria, dia, IrIta, Jap Litua, Marrocos, Mco, Paraguai, Qua, Reino Unido da Grretanha e Irlanda do Norte, Roma, Ruanda, Serra Leoa, Sud Sua, Tailia e Uganda. http://www.uncitral.org</s>
    <s>ComissEcona das Nas Unidas para a Amca Latina e o Caribe (CEPAL)</s>
    <s>A ComissEcona das Nas Unidas para a Amca Latina e o Caribe (CEPAL) ma das cinco comissregionais das Nas Unidas. Foi criada para para o objetivo de contribuir para o desenvolvimento econo da Amca Latina, mediante a coordena de as destinadas a essa finalidade, e fortalecer as relas econas entre os pas e com as demais nas do mundo. A promo do desenvolvimento social da regifoi posteriormente inclu entre seus objetivos principais. Seus membros (41) incloem: Anta e Barbuda, Argentina, Bahamas, Barbados, Belize, Bola, Brasil, CanadChile, Cola, Costa Rica, Cuba, Dominica, El Salvador, Equador, Espanha, Estados Unidos, Fran Grenada, Guatemala, Guiana, Haiti, Holanda, Honduras, Ita, Jamaica, Mco, Nicara, PanamParaguai, Peru, Portugal, Reino Unido da Grretanha e Irlanda do Norte, Repa Dominicana, Saint Kitts e Nevis, Santa L SVicente e Granadinas, Suriname, Trinidad e Tobago, Uruguai e Venezuela; membros associados Anguila, Aruba, Bonaire, Ilhas Virgens, Ilhas Virgens Britcas, Porto Rico e Montserrat. http://www.eclac.org</s>
    <s>Comite Negocias Comerciais (CNC)</s>
    <s>Como parte do processo da ea de Livre Comio das Amcas, o Comite Negocias Comerciais (CNC), supervisiona e administra o processo de negocia da ALCA no nl vice-ministerial. O CNC tem a responsabilidade de orientar o trabalho dos grupos de negocia e de comitespeciais da ALCA e de decidir sobre a estrutura geral do Acordo e sobre quest institucionais.</s>
    <s>O Comitripartite constitu pelo Banco Interamericano de Desenvolvimento (BID), a Organiza dos Estados Americanos (OEA) e a ComissEcona das Nas Unidas para a Amca Latina e o Caribe (CEPAL). Ela proporciona apoio analco, tico e financeiro ao processo da ALCA e manta pna eletra oficial da ALCA . Cada uma das instituis do Comitripartite tambatende solicitas de assistia tica relacionadas com os assuntos da ALCA, especialmente das economias menores do Hemisfo.</s>
    <s>Comunidade Andina (CAN)</s>
    <s>Antes conhecida como Grupo Andino (criada em 1969) e como Mercado Comum Andino, a Comunidade Andina (CAN) ma organiza sub-regional constitu de Bola, Cola, Equador, Peru e Venezuela e das entidades e instituis que formam o Sistema de Integra Andina. Os objetivos chaves da Comunidade Andina s promover o desenvolvimento equilibrado e harmo dos pas membros em condis eqvas; estimular o crescimento por meio da integra e da coopera econa e social; melhorar a participa no processo de integra regional com o intuito da forma progressiva de um mercado comum latino-amcano; lutar por uma melhoria gradual do padrde vida dos seus habitantes. http://www.comunidadandina.org</s>
    <s>Comunidade e Mercado Comum do Caribe (CARICOM)</s>
    <s>A CARICOM m grupo de 15 pas membros criado por o Tratado de Chaguaramas em 1973 para promover a integra econa por meio da circula livre de mercadorias e a coopera operacional nas as da educa e da saO Tratado foi revisado em 2001 para fazer do mercado comum uma uniecona, o Mercado e a Economia Comuns do Caribe (CSME), o qual preve o livre movimento de mercadorias, servi, capital e mde-obra, a coordena de polcas macroeconas e a harmoniza das leis e das instituis. Os pas membros (15) s Anta e Barbuda, Bahamas, Barbados, Belize, Dominica, Grenada, Guiana, Haiti, Jamaica, Montserrat, Saint Kitts e Nevis, Santa L SVicente e Granadinas, Suriname e Trinidad e Tobago. As Bahamas sum membro da Comunidade mas ndo Mercado Comum. Snclus nos membros associados (3): Anguila, Ilhas Turk e Caicos e Ilhas Virgens Britcas. http://www.caricom.org</s>
    <s>Conferia das Nas Unidas sobre Comio e Desenvolvimento (UNCTAD)</s>
    <s>Criada em dezembro de 1964, a Conferia das Nas Unidas sobre Comio e Desenvolvimento (UNCTAD) tem o objetivo de aumentar a integra de pas em desenvolvimento na economia mundial. A UNCTAD ponto central dentro das Nas Unidas para o tratamento integrado do comio e do desenvolvimento e de assuntos correlacionados nas as das finan, da tecnologia, do investimento e do desenvolvimento sustentl. Os membros (191) incloem todos os membros das Nas Unidas, mais a Santa S http://www.unctad.org</s>
    <s>Coopera Econa da ia e do Pacco (APEC)</s>
    <s>Criada em novembro de 1989, a Coopera Econa da ia e do Pacco (APEC) primeiro f para facilitar o crescimento econo, a coopera, o comio e o investimento na Bacia do Pacco. Os membros da APEC (21) sAustra, Brunei, Canad Chile, China, Cingapura, Cor do Sul, Estados Unidos, Filipinas, Hong Kong, Indona, Jap Mala, Mco, Nova Zelia, Papua-Nova GuinPeru, R, Tailia, Taiwan e Vietn http://www.apecsec.org.sg</s>
    <s>C das Amcas</s>
    <s>O processo da C das Amcas, que come depois da primeira C das Amcas em dezembro de 1994, res Chefes de Estado e de Governo do Hemisfo Ocidental para discutir preocupas comuns, procurar solus e formar uma viscompartilhada do futuro desenvolvimento da regi de natureza econa, social ou polca. http://www.summit-americas.org</s>
    <s>Estratas nacionais de fortalecimento da capacidade comercial</s>
    <s>No contexto do Programa de Coopera Hemisfca da ALCA, alguns pas tdesenvolvido estratas nacionais ou regionais que definem, priorizam, e articulam suas necessidades relacionadas a fortalecer sua capacidade para: preparar-se para negocias; implementar compromissos comerciais e adaptar-se ntegra. Para facilitar a coordena e compartilhar experiias, as estratas siguem um formato comum que foi desenvolvido por o Grupo Consultativo sobre Economias mais Pequenas, com a ajuda do Comitripartite.</s>
    <s>F das Amcas sobre Comio e Desenvolvimento Sustentl</s>
    <s>Evento paralelo realizado por vas organizas da sociedade civil com rela eunidos Ministros Responsis do Comio no Hemisfo que participam negocias da ea de Livre Comio das Amcas (ALCA). http://www.miami.edu/nsc/pages/FTAA.html</s>
    <s>F de Negs das Amcas (ABF)</s>
    <s>Evento paralelo realizado pelo setor privado com rela eunidos Ministros Responsis do Comio no Hemisfo que participam negocias da ea de Livre Comio das Amcas (ALCA). http://www.abfmiami2003.com</s>
    <s>Grupo de Revisda Implementa de Cs (GRIC)</s>
    <s>O Grupo de Revisda Implementa de Cs (GRIC) foi criado em marde 1995 com o objetivo de coordenar e implementar os mandatos do Plano de A de Miami. O GRIC onstitu dos 34 governos eleitos democraticamente do hemisfo, que srepresentados por sus Coordenatores Nacionais nomeados. O GRIC esponsl para relatar anualmente o progresso realizado na satisfa do Plano de A aos Ministros Exteriores. Os Ministros revisa informa na ocasida SessRegular da Assembl Geral da OEA.</s>
    <s>Medidas de facilita de negs</s>
    <s>No contexto da ALCA, conjunto de medidas aprovadas pelos Ministros Responsis por Comio na ReuniMinisterial de Toronto, em 4 de novembro de 1999. Delas consta uma se de oito medidas relacionadas com alfega e dez medidas relacionadas com transparia, inclus, respectivamente, no Anexo II e no Anexo III da Declara Ministerial de Toronto. http://www.ftaa-alca.org/ministerials/minis e.asp</s>
    <s>Mercado Comum Centro-Americano (MCCA)</s>
    <s>O Mercado Comum Centro-Americano foi criado em 13 de dezembro de 1960 quando Guatemala, El Salvador, Honduras e Nicaragua assinaram o Tratado Geral de Integra Econa Centro-Americana. Costa Rica acedeu em 23 de julho de 1962. Em outubro de 1993, os cinco pas do MCCA assinaram o Protocolo de Guatemala, o qual emendou o Tratado Geral de 1960. O Protocolo redefine os objetivos, princos e etapas de integra econa, e convoca os membros para estabelecer uma unialfega. Mais especificamente, o Protocolo de Guatemala convoca os membros para concretizar a a de livre comio do MCCA por meio da elimina gradual de tarifas e de barreiras comerciais, conceder o tratamento nacional ao comio intra-regional, e a ado de um quadro legal regional que cobra as regras de origem, salvaguardas, prcas comerciais injustas, propriedade intelectual, servi, medidas sanitas e fito-sanitas, e critos e regras ticas. http://www.sieca.org.gt</s>
    <s>Mercado Comum do Sul (MERCOSUL)</s>
    <s>O Mercado Comum do Sul (MERCOSUL) foi criado por meio do Tratado de Asuncim 26 de marde 1991. Entre 1991 e 1995, os membros do MERCOSUL, Argentina, Brasil, Paraguai e Uruguai, se envolveram numa se de negocias para estabelecer uma tarifa externa comum, o qual se realizou em 1 de Janeiro de 1995. O prazo final para a implementa integral da unialfandega por todos os membros em todos os setores 006. O novo lanento do processo de integra do MERCOSUL em 2000 exigia uma coordena macroecona mais estreita e outros assuntos de prioriza como o fortalecimento das instituis, a tarifa externa comum, a resolu de disputas, remos ao comio e polca de concorria, e incentivos ao investimento. Chile e Bola se tornaram em membros associados, respectivamente, em 1996 e em 1997. http://www.mercosul.org.uy</s>
    <s>Organiza de Coopera e Desenvolvimento Econo (OCDE)</s>
    <s>A Organiza de Coopera e Desenvolvimento Econo (OCDE) agrupa 30 pas membros num f para discutir, desenvolver e aprimorar polcas econas e sociais. Foi estabelecida em dezembro de 1960 e esta em funcionamento desde setembro de 1961. Os membros (30) incloem Alemanha, Austra, stria, Bica, CanadCor do Sul, Dinamarca, Eslovia, Espanha, Estados Unidos, Finlia, Fran Gra, Holanda, Hungria, Irlanda, Islia, Ita, Jap Luxemburgo, Mco, Noruega, Nova Zelia, Pol, Portugal, Reino Unido, Repa Tcheca, Sua, Su e Turquia. http://www.oecd.org</s>
    <s>Organiza dos Estados Americanos (OEA)</s>
    <s>Em 30 de abril de 1948, a Carta da Organiza dos Estados Americanos (OEA) foi adotada por 21 nas do hemisfo. Afirmava seu compromisso atbjetivos comuns e respeito para a soberania de cada na. Desde ent a OEA tem expandido para incluir as nas do Caribe e CanadAtravdo processo da C das Amcas, os Chefes de Estado e de Governo do hemisfo tdado responsabilidades e mandatos importantes EA, incluindo: direitos humanos; participa da sociedade civil; melhorar a coopera para tratar o problema de drogas ilegais; apoiar o processo para criar a ea de Livre Comio das Amcas; a educa, a justie a seguran Os membros (35) incloem: Anta e Barbuda, Argentina, Bahamas, Barbados, Belize, Bola, Brasil, CanadChile, Cola, Costa Rica, Cuba (exclu da participa formal desde 1962), Dominica, El Salvador, Equador, Estados Unidos, Grenada, Guatemala, Guiana, Haiti, Honduras, Jamaica, Mco, Nicara, PanamParaguai, Peru, Repa Dominicana, Saint Kitts e Nevis, Santa L SVicente e Granadinas, Suriname, Trinidad e Tobago, Uruguai e Venezuela. http://www.oas.org</s>
    <s>Organiza Mundial de Alfegas (OMA)</s>
    <s>Criada em 1952 como Conselho de Coopera Alfandega, o Conselho adotou o nome de trabalho Organiza Mundial de Alfegas (OMA) em 1994, para refletir mais claramente sua transi para uma institui intergovernamental verdadeiramente mundial. A OMA m o intergovernamental independente cuja misselhorar a efica e a eficiia das administras aduaneiras no mundo inteiro. Com 159 pas membros, organiza intergovernamental mundial com competia em assuntos aduaneiros. http://www.wcoomd.org</s>
    <s>Organiza Mundial de Propriedade Intelectual (WIPO)</s>
    <s>Criada em 1967, a Organiza Mundial de Propriedade Intelectual (WIPO) ma organiza internacional dedicada a promover o uso e a prote de obras literas, articas e cientcas. A WIPO ma das 16 agias especializadas do sistema das Nas Unidas. Ela administra 23 tratados internacionais que tratam de diferentes aspeitos da prote da propriedade intelectual. A Organiza tem 179 pas membros. http://www.wipo.org</s>
    <s>Organiza Mundial do Comio (OMC)</s>
    <s>A Organiza Mundial do Comio sucedeu ao Acordo Geral sobre Tarifas e Comio (GATT) em 1 de janeiro de 1995. a sganiza multilateral que serve como f de negocia para a liberaliza do comio, uma entidade para supervisionar a implementa de regras comerciais multilateralmente aceitadas e comprometedoras e um f para a solu de controvias de comio. O objetivo da OMC e promover a liberaliza e a expansdo comio internacional de mercadorias e servi sob condis certas e previsis. A OMC tem 146 membros. http://www.wto.org</s>
    <s>Pna eletra da ALCA</s>
    <s>Pna eletra oficial da ea de Livre Comio das Amcas - http://www.ftaa-alca.org</s>
    <s>Programa de Coopera Hemisfca (PCH)</s>
    <s>O Programa de Coopera Hemisfca (PCH) pretende fortalecer as capacidades dos pas que procuram ajuda para participar nas negocias da ALCA, implementar seus compromissos comerciais, e tratar os desafios e maximizar os benefos da integra hemisfca, incluindo a capacidade produtiva e a competitividade na regi O Programa inclm mecanismo para ajudar esses pas a elaborar estratas nacionais e/ou regionais destinadas a aprimorar a capacita na a do comio que definem, priorizam e articulam suas necessidades e programas que perseguem essas estratas, e identificar fontes de apoio financeiro e nfinanceiro para satisfazer essas necessidades. O PCH foi endossado por os Ministros da ALCA Responsis do Comio durante a reuniem Quito, em novembro de 2002. http://www.ftaa-alca.org/ministerials/quito/minist e.asp</s>
    <s>Programa de elimina de tarifas</s>
    <s>Cronogramas de elimina de tarifas das Partes de um acordo de comio.</s>
    <s>A reuniperia dos Ministros Responsis do Comio dos 34 pas participantes na ea de Livre Comio das Amcas.</s>
    <s>Rodada Uruguai de Negocias Comerciais Multilaterais</s>
    <s>Iniciada em setembro de 1986 em Punta del Este, Uruguai, a oitava rodada de negocias comerciais multilaterais abrangia uma agenda de amplo alcance que cobria muitos novos assuntos de polca comercial. O acordo resultante, conclu em dezembro de 1993 e assinado em abril de 1994, estendeu o sistema de comio multilateral dentro de varias novas as, especialmente o comio de servi e os direitos da propriedade intelectual, e trazeu os importantes setores da agricultura e da inda til nas regras comerciais multilaterais. O resultado da Rodada Uruguai foi o estabelecimento da Organiza Mundial do Comio em janeiro de 1995. http://www.wto.org/english/thewto e/whatis e/tif e/fact5 e.htm</s>
    <s>Tratamento de diferen nos nis de desenvolvimento e tamanho das economias</s>
    <s>Princo que proporciona a pas com diferentes nis de tamanho e de desenvolvimento a possibilidade de obter um tratamento diferente no contexto das negocias da ALCA. Os Princos para esse tratamento sdetalhados no documento do Comite Negocias Comerciais intitulado Princos ou Diretrizes para o Tratamento das Diferen nos Nis de Desenvolvimento e de Tamanho de Economias. http://www.ftaa-alca.org/TNC/tn18e.asp</s>
    <s>UniEurop (UE)</s>
    <s>A UniEurop (UE) agrupa quinze Estados membros por meio de uma se de instituis comuns onde decissobre assuntos especcos de interesse conjunto s tomadas ao nl europ. Foi fundada como a Comunidade Europ depois da Segunda Guerra Mundial para melhorar a coopera polca, econa e social entre os seus membros. O mercado , adotado em 1992 por meio do Tratado de nacionais em 12 pas da UE, junto com um Banco Central Europ, surgiu em 1 de janeiro de 2002. Os Estados membros (15) sAlemanha, stria, Bica, Maastricht, centro da atual UniEurop. Abrange a liberdade de movimento para mercadorias, servi, pessoas e capital e mbasada por uma variedade de polcas de apoio. Uma moeda comum, o Euro, que substituiu as antigas moedas Dinamarca, Espanha, Finlia, Fran Gra, Holanda, Irlanda, Ita, Luxemburgo, Portugal, Reino Unido e Sua. Dez novos pas membros foram invitados a juntarse E em 1 de maio de 2004: Chipre, Eslovia, Eslova, Est, Hungria, Let, Litua, Malta, Pol, Repa Tcheca. http://europa.eu.int</s>
    <s>Acordos | Temas | Negociaçoes | Paises | Recursos</s>
    <s>Home | Novidades | Mapa do Site | Busca | Limitaçao de Responsabilidade</s>
  </text>
</page>
