<?xml version="1.0" encoding="UTF-8"?>
<!DOCTYPE page SYSTEM "page.dtd">
<page>
  <lang>pt</lang>
  <url>http://www.junqueiraemarin.com.br/publicacoes.php%3Ftitulo%3D65</url>
  <title>TEMAS EM EDUCAÇÃO ... - Junqueira&amp;Marin Editores | Catálogo</title>
  <snippet>
    <s> DA RELAÇÃO PEDAGÓGICA ENTRE PROFESSOR OUVINTE E ALUNO SURDO . . O congresso envolveu uma conferência de abertura, 10 mesas- redondas, para 3 revisores &quot;ad hoc&quot;, pesquisadores da área de Educação Especial. </s>
  </snippet>
  <text>
    <s>Junqueira&amp;Marin Editores</s>
    <s>Enviar para um(a) amigo(a)</s>
    <s>fechar janela x</s>
    <s>Seu nome</s>
    <s>Seu email</s>
    <s>Nome do(a) amigo(a)</s>
    <s>Email do(a) amigo(a)</s>
    <s>!TEMAS EM EDUCAO ESPECIAL: deficiias sensoriais e deficiia mental</s>
    <s>R$ 35,00</s>
    <s>!enviar oferta para um(a) amigo(a)</s>
    <s>TEMAS EM EDUCAO ESPECIAL: deficiias sensoriais e deficiia mental</s>
    <s>Maria Amelia Almeida, Eniceia Gonçalves Mendes &amp; Maria Cristina Piumbato Innocentini Hayashi - orgs. (saiba mais)</s>
    <s>Mais de 400 trabalhos foram apresentados durante o II Congresso Brasileiro de Educaçao Especial. Desses, 147 foram indicados com potencial para publicaçao. Depois de todo um processo de revisao de pares, somente 81 foram, efetivamente, aprovados para publicaçao. Esses trabalhos foram entao agrupados por tematicas e distribuidos em dois livros. Como havia um contingente bastante expressivo de trabalhos que abordavam a tematica das deficiencias sensoriais, resolvemos agrupar estes com aqueles que abordavam a deficiencia mental e compor um livro.</s>
    <s>Assim, o presente livro foi dividido em duas partes: deficiencias sensoriais e deficiencia mental, conforme pode ser observado no Sumario do livro inserido logo abaixo.</s>
    <s>Esta ediçao contou com o apoio da CAPES - Coordenaçao de Aperfeiçoamento de Pessoal de Nivel Superior, por meio do PROESP - Programa de Apoio a Educaçao Especial.</s>
    <s>Nº de p: 364</s>
    <s>ISBN: 978-85-86305-68-9</s>
    <s>Edi: 1 - 2008</s>
    <s>APRESENTAÇÃO .. 11</s>
    <s>INTRODUÇÃO .. 15</s>
    <s>PARTE I</s>
    <s>DEFICIÊNCIAS SENSORIAIS</s>
    <s>REVISÃO DA LITERATURA SOBRE A EDUCAÇÃO DE DEFICIENTES AUDITIVOS E SURDOS: O ANTAGONISMO DE PERSPECTIVAS/PRÁTICAS PERSISTE .. 27</s>
    <s>Shirley Teles Barbosa e Katia de Souza Amorim</s>
    <s>INCLUSÃO/EXCLUSÃO: MECANISMOS PARA GERENCIAR A ANORMALIDADE SURDA .. 36</s>
    <s>Marcia Lise Lunardi</s>
    <s>DA CLASSE ESPECIAL À CLASSE REGULAR: UM ESTUDO DA DINÂMICA INTERATIVA ENTRE ALUNOS SURDOS E OUVINTES .. 44</s>
    <s>Edinalma Rosa Oliveira Bastos</s>
    <s>A FORMAÇÃO DA IDENTIDADE DE UMA ADOLESCENTE SURDA NAS RELAÇÕES COM A FAMÍLIA DE OUVINTES E PROFESSOR SURDO .. 54</s>
    <s>Francisco Mauricio Araujo dos Santos</s>
    <s>O PAPEL DO INSTRUTOR SURDO EM PROJETOS DE INCLUSÃO ESCOLAR E DE EDUCAÇÃO BILÍNGÜE .. 63</s>
    <s>Lara Ferreira dos Santos, Maria Cecilia Rafael de Goes e Cristina Broglia Feitosa de Lacerda</s>
    <s>O INTÉRPRETE EDUCACIONAL: QUEM É? O QUE FAZ? .. 71</s>
    <s>Celeste Azulay Kelman</s>
    <s>O SURDO E A REDE TECIDA NO TRABALHO COLABORATIVO .. 80</s>
    <s>Lucyenne Matos da Costa</s>
    <s>FORMAÇÃO CONTINUADA, PRÁTICA PEDAGÓGICA E PESQUISA-AÇÃO COLABORATIVO-CRÍTICA: UM ENTRELAÇAMENTO POSSÍVEL REFLEXÕES SOBRE A PRÁTICA COM O ALUNO SURDO .. 89</s>
    <s>Mariangela Lima de Almeida e Sulamar Snaider Loreto</s>
    <s>CONSTRUÇÃO DA RELAÇÃO PEDAGÓGICA ENTRE PROFESSOR OUVINTE E ALUNO SURDO .. 98</s>
    <s>Marines Amalia Zampieri</s>
    <s>ALUNOS SURDOS X PROFESSORES DE CLASSES REGULARES: DIFICULDADES NA RELAÇÃO ALUNO PROFESSOR .. 107</s>
    <s>Cibele Cristina Boscolo, Daniela Borges e Maria da Piedade Resende da Costa</s>
    <s>A PRÁTICA DOCENTE EM ATENÇÃO À DIVERSIDADE: A INCLUSÃO DOS ALUNOS SUDOS E OUVINTES NO ENSINO REGULAR .. 119</s>
    <s>Lucimere Rodrigues de Souza</s>
    <s>AS CONTRIBUIÇÕES DO JOGO DE XADREZ PARA O DESENVOLVIMENTO COGNITIVO E LINGÜÍSTICO DE ALUNOS SURDOS .. 128</s>
    <s>Fernanda Paloma Antiqueira e Maria Nilcilene Menezes</s>
    <s>JOGO - FACES E INTERFACES NA EDUCAÇÃO DE SURDOS .. 133</s>
    <s>Gizeli Aparecida Ribeiro de Alencar, Jennifer Morozini e Adriano Marcos Ribas</s>
    <s>PROGRAMA DE ENSINO INFORMATIZADO E INDIVIDUALIZADO DO ALFABETO DIGITAL POR EQUIVALÊNCIA DE ESTÍMULOS .. 145</s>
    <s>Dariel de Carvalho, Edson Massayuki Huziwara, Lidia Maria Marson Postalli e Deisy das Graças de Souza</s>
    <s>O RECONTAR DE HISTÓRIAS POR CRIANÇAS SURDAS EM LÍNGUA BRASILEIRA DE SINAIS LIBRAS .. 155</s>
    <s>Aparecida Helena Ferreira Hachimine, Tarcia Regina da Silveira Dias e Andre Luis Matiolli Rosa</s>
    <s>DESEMPENHO ACADÊMICO DE CRIANÇAS COM DEFICIÊNCIA AUDITIVA USUÁRIAS DE IMPLANTE COCLEAR: ESTUDO PILOTO COM INFORMAÇÕES DOS PROFESSORES .. 166</s>
    <s>Joseli Soares Brazorotto, Maria da Piedade Resende da Costa e Maria Cecilia Bevilacqua</s>
    <s>A EVOLUÇÃO DO VOCABULÁRIO DE CRIANÇAS SURDAS USUÁRIAS DE IMPLANTE COCLEAR .. 176</s>
    <s>Carla Aparecida de Urzedo Fortunato-Queiroz, Maria da Piedade Resende da Costa e Maria Cecilia Bevilacqua</s>
    <s>AVALIAÇÃO DOS BENEFÍCIOS PROPORCIONADOS PELO APARELHO DE AMPLIFICAÇÃO SONORA INDIVIDUAL (AASI) EM CRIANÇAS E JOVENS DA FAIXA ETÁRIA DE 7 A 14 ANOS .. 185</s>
    <s>Cibele Cristina Boscolo e Maria da Piedade Resende da Costa</s>
    <s>UTILIZAÇÃO DE UM PROCEDIMENTO DE DISCRIMINAÇÃO SEM ERRO (FADING OUT) PARA ENSINO DE DISCRIMINAÇÕES AUDITIVO-VISUAIS A USUÁRIOS DE IMPLANTE COCLEAR .. 196</s>
    <s>Edson Massayuki Huziwara, Lidia Maria Marson Postalli, Deisy das Graças de Souza, Wagner Rogerio da Silva e Maria Cecilia Bevilacqua</s>
    <s>SAÚDE OCULAR DE SURDOS MATRICULADOS NO ENSINO MÉDIO .. 206</s>
    <s>Krandila Oliveira Bordin Junqueira de Araujo, Fatima Ali Abdalah Abdel Cader-Nascimento e Kelly Mara Seabra Lima de Moura</s>
    <s>DEFICIÊNCIA VISUAL</s>
    <s>PROVER: TECNOLOGIAS ASSISTIVAS VOLTADAS PARA PESSOAS CEGAS OU COM VISÃO SUBNORMAL - ENTRE O QUE SE ESPERA E O QUE SE ENCONTRA .. 217</s>
    <s>Aline Piccoli Otalara, Deisy Piedade Munhoz Lopes, Alzira Cristina Stein-Barana e Leandro Xavier Moreno</s>
    <s>A INTERAÇÃO SOCIAL ENTRE CRIANÇAS CEGAS E VIDENTES NA SALA DE AULA INCLUSIVA .. 226</s>
    <s>Nelma de Cassia Silva Sandes Galvao</s>
    <s>A DIGITAÇÃO DE LIVROS EM BRAILLE: UMA EXPERIÊNCIA ÍMPAR NO CAP MA .. 235</s>
    <s>Sandra Regina Costa Pereira, Josefa Lida Costa Pereira e Maria da Piedade Resende da Costa</s>
    <s>A HABILIDADE DE PRODUÇÃO TEXTUAL NO SISTEMA BRAILLE .. 245</s>
    <s>Clarissa de Arruda Nicolaiewsky e Jane Correa</s>
    <s>ENSINO DE ARTE E ATENDIMENTO AO ALUNO COM DEFICIÊNCIA VISUAL NA REDE PÚBLICA ESTADUAL DE ENSINO EM SALVADOR (BA) .. 253</s>
    <s>Eliane de Sousa Nascimento e Roberto Sanches Rabello</s>
    <s>A APLICAÇÃO DAS ARTES PLÁSTICAS PARA DEFICIENTES VISUAIS NA TERCEIRA IDADE .. 262</s>
    <s>Maria da Paz Silva Sousa, Josefa Lidia Costa Pereira e Maria da Piedade Resende da Costa</s>
    <s>A EDUCAÇÃO DO SURDOCEGO-DIRETRIZES BÁSICAS PARA PESSOAS NÃO ESPECIALIZADAS .. 273</s>
    <s>Shirley Rodrigues Maia</s>
    <s>PARTE II</s>
    <s>DEFICIÊNCIA MENTAL</s>
    <s>CONCEPÇÕES INFANTIS SOBRE A DEFICIÊNCIA MENTAL: EFEITOS DE UM PROGRAMA INFORMATIVO .. 289</s>
    <s>Camila Mugnai Vieira e Fatima Elisabeth Denari</s>
    <s>UM POR TODOS E TODOS PELO OUTRO: AS INTERAÇÃOES SOCIAIS E A CONSTRUÇÃO DE PROCESSOS IDENTITÁRIOS DO DEFICIENTE MENTAL NA CLASSE REGULAR .. 298</s>
    <s>Suely de Melo Calixto</s>
    <s>AS CRIANÇAS COM SÍNDROME DE DOWN E A LEITURA DE TEXTOS IMAGÉTICOS .. 306</s>
    <s>Antonilma Santos Almeida Castro</s>
    <s>O COMPORTAMENTO DE ESCOLHA EM PESSOAS COM DEFICIÊNCIA MENTAL: UMA REVISÃO .. 315</s>
    <s>Giovana Escobal e Celso Goyos</s>
    <s>A CONSTITUIÇÃO DE SUJEITOS COM DEFICIÊNCIA NO GRUPO TERAPÊUTICO FONOAUDIOLÓGICO: A PASSAGEM DO FUNCIONAMENTO INTERSUBJETIVO PARA O INTRA-SUBJETIVO .. 323</s>
    <s>Carolina Ávila Cisotto e Maria Ines Bacellar Monteiro</s>
    <s>UM ESTUDO SOBRE A DINÂMICA DIALÓGICA EM UM GRUPO DE JOVENS COM DEFICIÊNCIA MENTAL .. 330</s>
    <s>Debora Dainez e Ana Paula de Freitas</s>
    <s>SUPORTE COMUNITÁRIO PARA O TRABALHO DO ADULTO COM DEFICIÊNCIA MENTAL: REVISÃO DE UM PROCESSO .. 338</s>
    <s>Eliane Aparecida Campanha Araujo, Giovana Escobal e Celso Goyos</s>
    <s>REPERTÓRIO SOCIAL DE TRABALHADORES COM DEFICIÊNCIA MENTAL: PONTO DE VISTA DE SEUS SUPERVISORES .. 346</s>
    <s>Juliane Ap. de Paula Perez Campos e Maria Amelia Almeida</s>
    <s>QUALIDADE DE VIDA DE ADULTOS COM DEFICIÊNCIA MENTAL LEVE: A RELAÇÃO ENTRE A AVALIAÇÃO DOS CUIDADORES E DAS PRÓPRIAS PESSOAS COM DEFICIÊNCIA .. 354</s>
    <s>Fernanda Saviani-Zeoti e Eucia Beatriz Lopes Petean</s>
    <s>Ha exatamente 30 anos, um grupo de professores liderado pela saudosa professora Dra. Carolina Martuscelli Bori criou, na Universidade Federal de Sao Carlos, o Programa de Mestrado em Educaçao Especial (PMEE) com area de concentraçao em Deficiencia Mental, que contou com a experiencia de pesquisadores em Psicologia, Filosofia e Educaçao. Apesar desses pesquisadores nunca terem trabalhado diretamente com as principais questoes relativas a Educaçao Especial, uma vez que nao havia na instituiçao (nem no Brasil) um nucleo com tradiçao de pesquisa e de ensino nessa area, dispuseram-se a enfrentar o problema e a iniciar, com os alunos, um programa de pesquisas. Ao longo da historia, para atender aos objetivos de formaçao de professores e profissionais para a Educaçao Especial, a estrutura curricular do PPGEEs sofreu tres grandes reformulaçoes (nos anos de 1986, 1990 e 1997), sempre com o objetivo de encontrar formas melhores e mais efetivas de organizaçao e de funcionamento. Assim, em 1986, ocorreu a alteraçao na denominaçao do curso de Programa de Mestrado em Educaçao Especial (PMEE) para Programa de Pos-Graduaçao em Educaçao Especial (PPGEEs), e na area de concentraçao, de &quot;Deficiencia Mental&quot; para &quot;Educaçao do Individuo Especial&quot;, visando a uma maior abrangencia do curso. Em 1997, o programa passou por mais uma reformulaçao em funçao da criaçao do doutorado, que foi recomendado pela CAPES em 1999. Atualmente, o PPGEEs tem conceito 5.</s>
    <s>Nesses 30 anos de existencia, o PPGEEs ja formou 382 mestres e 62 doutores. A trajetoria para consolidar condiçoes institucionais permanentes para a pesquisa em Educaçao Especial incluiu o preparo e o envolvimento dos proprios docentes com a pesquisa e o ensino nessa area, resultando em uma solida interaçao com centros congeneres no pais e no exterior. Os grupos constituidos pelo corpo docente, juntamente com os estudantes de graduaçao e de pos-graduaçao, integram em seu cotidiano de trabalho o ensino, a pesquisa e a extensao, estabelecendo um ambiente universitario propicio para a formaçao de novos pesquisadores e docentes do ensino superior.</s>
    <s>Com o objetivo de criar um espaço interno de intercambio entre alunos e professores, o PMEE organizou em 1982 o I Ciclo de Estudos sobre Deficiencia Mental. Em atençao a crescente demanda de espaços de divulgaçao da produçao em Educaçao Especial no pais, posteriormente, o PPGEEs optou por socializar o evento e esses ciclos se tornaram eventos regulares, passando a se configurar como espaço importante para intercambio cientifico no pais. Ate 1994, foram realizados 8 eventos. A realizaçao desses ciclos oportunizou a criaçao da coletanea Temas em Educaçao Especial, cujos livros foram organizados a partir dos trabalhos apresentados nos ciclos. Ao todo, foram organizados 4 livros. No entanto, devido a dificuldade de obtençao de financiamento junto as agencias de fomento em 1996 a organizaçao dos ciclos foi suspensa.</s>
    <s>Nessa ocasiao, a Associaçao Brasileira de Pesquisadores em Educaçao Especial - ABPEE ja contava com 3 anos de existencia, tendo iniciado com um numero reduzido de socios. Conta hoje com mais de 300 socios regularmente afiliados. Trata-se de uma sociedade civil de direito privado, sem fins lucrativos, que tem por objetivo congregar pesquisadores da area de Educaçao Especial, promover ou apoiar conclaves cientificos, cursos de aperfeiçoamento e especializaçao em parceria com universidades e manter um veiculo de publicaçao visando a disseminaçao e a socializaçao do conhecimento cientifico produzido na area de Educaçao Especial. A ABPEE mantem um periodico na area desde 1992 a Revista Brasileira de Educaçao Especial que, embora tenha sofrido problemas de atraso na periodicidade, mantem-se regular desde 2001, conquistando no Qualis/CAPES a classificaçao de periodico B (Nacional). Na reuniao da ANPEd de 2007, foi anunciada a sua classificaçao para periodico Qualis A (Nacional) pela Comissao de Avaliaçao da ANPEd.</s>
    <s>No ano de 2003, o PPGEEs completaria 25 anos de existencia, enquanto a ABPEE completaria seus 10 anos. Com intuito de comemorar momentos tao significativos para as duas entidades, seus dirigentes resolveram estabelecer uma parceria e promover o I Congresso Brasileiro de Educaçao Especial, retomando, assim, o espaço de intercambio cientifico da area, que estava inativo desde 1994 com a suspensao dos ciclos de estudos do PPGEEs.</s>
    <s>O I Congresso Brasileiro de Educaçao Especial foi realizado no periodo de 11 a 14 de novembro de 2003 nas dependencias da Universidade Federal de Sao Carlos e congregou mais de 700 participantes, entre pesquisadores, profissionais e estudantes. O programa do evento envolveu a realizaçao de 12 simposios, 8 mesas redondas, 28 mini- cursos e a apresentaçao de 350 trabalhos em paineis e comunicaçoes orais. Com a finalidade de marcar a realizaçao desse primeiro congresso, foi organizada a coletanea Temas em Educaçao Especial: Avanços Recentes, que teve por objetivo publicar os trabalhos apresentados e discutidos nas mesas redondas e simposios, sendo 46 trabalhos de pesquisadores da area de Educaçao Especial provenientes de varias Instituiçoes de Ensino Superior do pais.</s>
    <s>Em 2005, novamente a ABPEE e o PPGEEs/UFSCar estabeleceram mais uma parceria para organizarem o II Congresso Brasileiro de Educaçao Especial, que foi realizado no periodo de 3 a 5 de novembro de 2005 no Campus da Universidade Federal de Sao Carlos. O congresso envolveu uma conferencia de abertura, 10 mesas-redondas, 6 simposios e 37 mini-cursos cobrindo temas de alta relevancia cientifica e interesse dentro da multiplicidade de temas cobertos pela area de Educaçao Especial . O quadro de convidados compos-se de 50 pesquisadores de diferentes universidades do pais, representantes do MEC, da Secretaria Municipal de Educaçao e ONGs, alem de dois pesquisadores do exterior (Departamento de Educaçao Especial da Universidade de Iowa e da Escola de Medicina da Universidade de Massachusetts, USA). Alem dessas atividades, tambem foram apresentados 485 trabalhos. Compareceram ao evento mais de 1.000 pessoas.</s>
    <s>As sessoes de comunicaçao oral e de poster foram coordenadas por pesquisadores devidamente convidados para essa atividade que tinham como incumbencia indicar os melhores trabalhos para possivel publicaçao. Foram indicados 147 trabalhos. O PPGEEs enviou correspondencia para os respectivos autores, com as normas para publicaçao, convidando-os a submeterem os trabalhos para avaliaçao. Foram recebidos 97 trabalhos, que passaram por revisao de pares. Para tanto, cada trabalho foi enviado para 3 revisores &quot;ad hoc&quot;, pesquisadores da area de Educaçao Especial. Mais de 80% desses trabalhos receberam parecer favoravel a publicaçao, sendo que a grande maioria recebeu dos revisores indicaçoes de correçoes e sugestoes para aprimoramento do texto. Os trabalhos foram, entao, novamente enviados para os autores para incorporaçao das correçoes e sugestoes feitas pelos revisores. Ao final, foram aprovados 81 trabalhos para publicaçao, que foram agrupados por tematicas e resultaram em dois livros: Temas em Educaçao Especial: Multiplos Olhares e Temas em Educaçao Especial: Deficiencias Sensoriais e Deficiencia Mental.</s>
    <s>O livro Temas em Educaçao Especial: Multiplos Olhares reune tematicas variadas, como Inclusao: Produçao Cientifica, Politicas Publicas, Formaçao de Professores, Ensino Colaborativo; Representaçoes Sociais e Formaçao Docente; Alunos com Necessidades Especiais no Ensino Superior: Acesso, Permanencia e Preparaçao de Professores; A Questao do Aborto por Anomalia Fetal, Recem-Nascidos de Risco e Pre-Escolares Agressivos; Familiares de Crianças com Necessidades Especiais: Questoes Variadas; Contribuiçoes do Campo das Habilidades Sociais para a Educaçao Especial; Atendimento a Alunos com Altas Habilidades; Autismo: Aspectos Comunicativos; Tecnologia Assistiva, Terapia Ocupacional, Escolarizaçao, Iniciaçao Cientifica.</s>
    <s>O livro Temas em Educaçao Especial: Deficiencias Sensoriais e Deficiencia Mental reune tematicas relacionadas a Surdez, Deficiencia Visual, Surdocegueira e Deficiencia Mental.</s>
    <s>O PPGEEs e a ABPEE acreditam que a publicaçao desses livros tenha propiciado o registro de debates importantes que os trabalhos de demanda espontanea trouxeram para o II Congresso Brasileiro de Educaçao Especial, disponibilizando-os para aqueles que nao puderam estar presentes durante o referido evento, alem de contribuir para a produçao do conhecimento na area da Educaçao Especial.</s>
    <s>A comissao atribui o sucesso do evento ao apoio financeiro que complementou o orçamento tornando o evento viavel, e por isso agradece as agencias patrocinadoras: CNPq, FAPESP e CAPES.</s>
    <s>Por fim, o profundo agradecimento a &quot;amiga do PPGEEs&quot;, funcionaria Elza Fatima P. Zotesso, pela sua dedicaçao e empenho constante na realizaçao desta obra.</s>
    <s>Sao Carlos, outubro de 2008</s>
    <s>Maria Amelia Almeida</s>
    <s>Eniceia Gonçalves Mendes</s>
    <s>Maria Cristina Piumbato Innocentini Hayashi</s>
    <s>2011 - Junqueira&amp;Marin Editores. Todos os direitos reservados.</s>
    <s>J.M. Editora e Comercial Ltda.</s>
    <s>newsletter | como comprar</s>
    <s>Advocacia na a de direitos autorais</s>
    <s>papel de parede decora, pisos laminados, persianas, cortinas</s>
    <s>Ginica Laboral, Cinesioterapia Laboral, Anse Ergona do Trabalho, Avalia biomecca prdmissional e peria, Implanta dos Comitde Ergonomia, Implanta de ambulat de Fisioterapia dentro da empresa, Quick-massage</s>
    <s>roupas infantis, roupas para crian, roupas para beb/a&gt;</s>
    <s>[Condensador Evaporativo, Doiler, Engenharia, Evaporador de Energia Reciclada, Evaporador de Na Turbulenta, Prensa Vertical, Resfriador seccional, Secador de Baga Silo de Frutas, Tanques em ainoxidl, Tanques Farms</s>
    <s>renata figuieredo, can nova</s>
    <s>international symposium on non-crystalline solids in brazil</s>
    <s>cooperativa de crto, Cooperativa de Crto Mtabela price, Sistema de corre</s>
    <s>carla souto, jm editora, anuo de teatro de grupo da cidade de spaulo, editora jm, compreensdo professor com os alunos, o inferno de todos nos, celia maria guimaraes, nelson rodrigues, julia formosinho, publicas, professores, forma de professores, educa, A televisna escola Afinal, que pedagogia sta?, Aprendizagem Conceitual e Organiza do Ensino - contribuis da teoria da atividade, Atua de Professores [propostas para a reflexiva no ensino fundamental, Autoridade Policial na Escola, Ciclos de Aprendizagem e Avalia de Alunos: o que a prca escolar nos revela, Cotidiano Escolar e Forma Reflexiva do Professor: moda ou valoriza do saber docente]</s>
  </text>
</page>
