<?xml version="1.0" encoding="UTF-8"?>
<!DOCTYPE page SYSTEM "page.dtd">
<page>
  <lang>pt</lang>
  <url>http://www.visaosocioambiental.com.br/site/index.php%3Foption%3Dcom_content%26task%3Dview%26id%3D114%26Itemid%3D56</url>
  <title>Revista Visão Socioambiental - fracasso em Copenhague</title>
  <snippet>
    <s>18 dez. 2009 O final da conferência decorreu de forma dramática, neste sábado (19/12), após uma pela maior fatia desse indigesto banquete de falsas promessas. Na submissão do “Acordo de Copenhague” à Plenária, vários países, </s>
  </snippet>
  <text>
    <s>ARTHUR SOFFITATI</s>
    <s>FERNANDO MARCELO</s>
    <s>MEIO AMBIENTE</s>
    <s>GALERIA DE VEOS</s>
    <s>GALERIA DE FOTOS</s>
    <s>FALE CONOSCO</s>
    <s>Joomla Random Flash Module by DART Creations</s>
    <s>O fracasso em Copenhague</s>
    <s>Esse 18 de dezembro de 2009 ficara marcado na historia como o dia no qual os principais lideres mundiais falharam na tentativa de chegar a um acordo capaz de salvar o planeta da maior ameaça com a qual nossa civilizaçao ja se defrontou: o aquecimento global.</s>
    <s>O presidente Lula, na abertura de seu discurso na plenaria, resumiu o sentimento que tomava grande parte dos participantes da conferencia: &quot;Sinto-me muito frustrado&quot;.</s>
    <s>O final da conferencia decorreu de forma dramatica, neste sabado (19/12), apos uma interminavel sessao plenaria, durante a madrugada, com falas veementes e muitas vezes passionais dos negociadores dos 193 paises-membros desta Convençao das Naçoes Unidas. E de quem e a culpa por esse historico fracasso? Como os paises foram capazes de negociar por dois anos - desde a conferencia da ONU de Bali, em 2007 - e nao chegar a um acordo, aqui em Copenhague, a altura do problema climatico, como era esperado por todo o mundo? Agora a decisao fica para 2010 e a expectativa transfere-se para a proxima conferencia, no Mexico.</s>
    <s>Sem duvida, os Estados Unidos respondem pela maior fatia desse indigesto banquete de falsas promessas. Muita esperança foi depositada no presidente Barack Obama, que em sua campanha eleitoral mostrava-se totalmente comprometido com a soluçao do aquecimento global. Porem, aqui em Copenhague, o que assistimos foi um Obama muito preocupado com sua popularidade entre o reacionario eleitorado norte-americano, que pouco acredita nas causas e consequencias do aquecimento global. A sobrevivencia da humanidade ficou em segundo plano para o sr. Obama e sua secretaria de Estado, Hillary Clinton.</s>
    <s>Visivelmente abatido, Paulo Adario, diretor do Greenpeace Brasil e um veterano das negociaçoes climaticas, ressaltou: &quot;Isso e um fracasso, um desastre. Qual e o legado que vamos deixar com isso? Obama discursou nao olhando para a opiniao publica mundial, e sim para Sara Pallin e para o seu eleitor. O mundo nao pode ficar refem das decisoes do Congresso americano. Sem os Estados Unidos fortemente engajados nesse processo, nao ha acordo. A conta das emissoes simplesmente nao fecha&quot;.</s>
    <s>Membro do Parlamento alemao e porta-voz do Partido Verde, Hermann Ott lamentou a perda de legitimidade que o processo de negociaçao de mudanças climaticas sofreu nesta conferencia de Copenhague. &quot;As decisoes sao tomadas por pequenos grupos de paises e a sociedade civil foi totalmente colocada de lado no processo&quot;, criticou referindo-se a restriçao feita as ONGs em participar da conferencia. No ultimo dia de negociaçoes, apenas 90 representantes de organizaçoes nao governamentais foram autorizados a entrar no Bella Center. As duas semanas da conferencia foram marcadas por protestos e prisoes de ativistas.</s>
    <s>(Des)Acordo de Copenhague</s>
    <s>Durante toda a tarde do ultimo dia de negociaçoes, o presidente Obama costurou o que foi chamado de &quot;Acordo de Copenhague&quot;. Por algumas horas, o &quot;Acordo&quot; foi considerado o resultado final da Conferencia. Os sites dos tres principais jornais brasileiros informavam equivocadamente que a conferencia estava encerrada e que o resultado final era o decepcionante &quot;Acordo de Copenhague&quot;. A delegaçao brasileira, incluindo o ministro do Meio Ambiente, Carlos Minc, concedeu entrevista prematuramente, dando o fato como consolidado.</s>
    <s>O que parecia ser o fim dessa opera ainda nao tinha chegado, como anunciado, ao seu ultimo ato. O &quot;Acordo de Copenhague&quot;, que foi elaborado por um grupo de apenas 25 paises, incluindo o grupo Basic (formado por Brasil, África do Sul, Índia e China), alem de Estados Unidos e outras grandes economias, nao havia sido submetido a Plenaria da Convençao de Mudanças Climaticas, na qual qualquer decisao precisa ser aprovada por consenso entre os 193 paises participantes.</s>
    <s>Em lugar de um documento com poder legal, contendo metas de reduçao dos gases de efeito estufa para o periodo entre 2012 e 2020, o &quot;Acordo de Copenhague&quot; e uma especie de &quot;carta de intençoes&quot;, sem nenhuma obrigaçao e, sobretudo, sem o esperado envolvimento dos Estados Unidos no processo. Como disse o consultor especial do Ministerio do Meio Ambiente, Tasso Azevedo, foi melhor nao chegarmos a nenhum acordo do que aceitarmos um acordo insuficiente como o proposto, no qual nao havia mençao ao item mais importante do processo: o percentual de reduçao global das emissoes dos gases de efeito estufa.</s>
    <s>Na submissao do &quot;Acordo de Copenhague&quot; a Plenaria, varios paises, começando por Tuvalu, criticaram e se negaram a aceitar o documento. Muitos acusaram que o documento foi formulado sem transparencia. O negociador do Sudao afirmou: &quot;Todo o principio de transparencia foi violado, e e imoral pensar que esse documento foi elaborado no corpo de uma conferencia da ONU. Ninguem, nem Obama, pode forçar a África a destruir a si propria&quot;, ressaltou.</s>
    <s>Os negociadores boliviano, cubano e colombiano tambem criticaram a falta de transparencia no processo de redaçao do documento. &quot;Por que esse documento nao foi discutido com todos nos? Por que nos temos apenas uma hora para aceita-lo ou nao?&quot;, perguntou o diplomata boliviano, acrescentando que o processo da ONU esta sendo conduzido de forma ditatorial, sem transparencia e legitimidade. E o cubano acrescentou: &quot;Nao aceitamos esse documento e declaro que nesta conferencia nao existe consenso. O texto do documento so contem frases vagas e e incompativel com os criterios cientificos&quot;.</s>
    <s>Alguns paises que se opuseram ao &quot;Acordo de Copenhague&quot; defenderam o estabelecimento de uma meta que permita manter a temperatura abaixo dos 1,5º C, um limite mais seguro para garantir sua sobrevivencia. O bispo sul-africano Desmond Tutu, Nobel da Paz, por exemplo, afirmou na conferencia que a meta de 2º C (proposta pelo &quot;Acordo&quot;) e fatal para a África e nao sera suficiente para evitar drasticas consequencias ao continente, como o aumento da desertificaçao, que causara fome, pobreza e transformara milhares de africanos em refugiados ambientais.</s>
    <s>O &quot;Acordo de Copenhague&quot; foi, dessa forma, recusado como o documento final da conferencia, sendo apenas incluido como uma nota a ser considerada nesta conferencia. &quot;Isso e o que de mais fraco poderia acontecer. A Convençao apenas toma nota da proposta&quot;, explicou Tasso.</s>
    <s>Diante da inercia das negociaçoes, alguns passos foram dados em Copenhague. Do ponto de vista de financiamento para mitigaçao e adaptaçao aos efeitos das mudanças climaticas, foi acordado que serao investidos entre 2010 e 2012 o total de US$ 30 bilhoes, alocados sobretudo nos paises mais vulneraveis, como os Estados-ilhas e os paises mais pobres da África.</s>
    <s>No longo prazo foi anunciado o objetivo de captar, tanto no mercado quanto em financiamento publico, o total de US$ 100 bilhoes anuais, ate 2020, para serem investidos em paises em desenvolvimento. Esses investimentos serao condicionados a verificaçao internacional que priorize a transparencia dos dados para consulta e analise internacional, como requisitado pelos paises desenvolvidos.</s>
    <s>Ciencia e diplomacia: fora de compasso</s>
    <s>Uma mensagem esta clara nesta conferencia da ONU: a velocidade das negociaçoes diplomaticas e politicas nao estao acompanhando a velocidade na qual avança o problema do aquecimento global, tal como relatam os seguidos estudos cientificos divulgados. Mesmo diante de uma catastrofe ambiental anunciada, os lideres foram incapazes de chegar a um consenso capaz de construir um acordo com metas de reduçao para o periodo entre 2012 e 2020.</s>
    <s>Se reduzirmos em 50% as emissoes de gases do efeito estufa ate 2050, a probabilidade de que a temperatura global nao ultrapasse os 2º C e de apenas 15%, como informou o cientista do Instituto Nacional de Pesquisas Espaciais (Inpe) e presidente do Forum Brasileiro de Mudanças Climaticas, Carlos Nobre. Isso significa que mesmo as metas que vinham sendo colocadas na mesa e nao foram alcançadas ja estavam, do ponto de vista cientifico, muito aquem do necessario para evitar, com margens seguras, os efeitos mais danosos ao clima. Para se chegar a um nivel mais seguro seria preciso negociar reduçoes globais entre 70% e 80% nas emissoes de gases de efeito estufa ate 2050 em relaçao aos niveis de 1990, apontou Nobre.</s>
    <s>Por Juliana Radler, especial de Copenhague / Fonte: Rede Brasileira de Informaçao Ambiental (Rebia</s>
    <s>Escrever comento</s>
    <s>Por favor, o assunto do seu comento precisa ser relevante ao assunto.</s>
    <s>Ataques pessoais serdeletados.</s>
    <s>Por favor, nuse os comento para fazer propaganda de seu site ou sereletado.</s>
    <s>Comentos (1)</s>
    <s>13-05-2010 19:54</s>
    <s>o nosso planeta e nstamos lascados !:cry</s>
    <s>!Cadastro Newsletter</s>
    <s>..Todos os direitos reservado para Revista Visao Socioambiental - 2009</s>
    <s>..(C) Site Desenvolvido por ACONCORRENTE.COM</s>
    <s>&lt;script language='JavaScript' type='text/javascript'&gt;</s>
    <s>var prefix = 'ma' + 'il' + 'to';</s>
    <s>var path = 'hr' + 'ef' + '=';</s>
    <s>var addy77282 = 's' + '@';</s>
    <s>addy77282 = addy77282 + 'bol' + '.' + 'comNOSPAM';</s>
    <s>document.write( '&lt;a ' + path + '\'' + prefix + ':' + addy77282 + '\'&gt;' );</s>
    <s>document.write( addy77282 );</s>
    <s>document.write( '&lt;\/a&gt;' );</s>
    <s>//--&gt;\n &lt;/script&gt;&lt;script language='JavaScript' type='text/javascript'&gt;</s>
    <s>document.write( '&lt;span style=\'display: none;\'&gt;' );</s>
    <s>&lt;/script&gt;Este enderede e-mail estrotegido contra spam bots, pelo que o Javascript tere estar activado para poder visualizar o enderede email</s>
    <s>&lt;script language='JavaScript' type='text/javascript'&gt;</s>
    <s>document.write( '&lt;/' );</s>
    <s>document.write( 'span&gt;' );</s>
  </text>
</page>
