<?xml version="1.0" encoding="UTF-8"?>
<!DOCTYPE page SYSTEM "page.dtd">
<page>
  <lang>pt</lang>
  <url>http://www.conasems.org.br/site/index.php/cit/finish/8/277</url>
  <title>Slide 1 - CONASEMS</title>
  <snippet>
    <s> MULTIPLICADO, POR QUALQUER MEIO, INDEPENDENTE DE AUTORIZAÇÃO DO AUTOR. O QUE É UMA CS CONFERÊNCIA DE SAÚDE; OBJETIVO; TEMA E SUB-TEMA E SUGESTÃO “A CONFERÊNCIA DE SAÚDE REUNIR-SE-Á A CADA QUATRO ANOS COM OS VÁRIOS . “BANQUETE DE DEMOCRACIA” </s>
  </snippet>
  <text>
    <s>JoomlaGuides, Joomla Tutorials and Templates</s>
    <s>Boletim de Legislação</s>
    <s>Leis e Decretos</s>
    <s>Notas Jurídicas</s>
    <s>Últimas Notícias</s>
    <s>Município em Foco</s>
    <s>Banco de Imagens</s>
    <s>CONASEMS na Mídia</s>
    <s>Todas as Notícias </s>
    <s>Rede COSEMS</s>
    <s>Congresso 2011</s>
    <s>Carta de Brasília</s>
    <s>Arquivos e Apresentações</s>
    <s>Atualizar Meus Dados</s>
    <s>Acesso não autorizado para downloads</s>
    <s>Você tentou efetuar um download de um material não autorizado ou seu navegador de internet não enviou a variável Referrer</s>
    <s>se você desativou a variável Referrer do seu navegador, por favor, ative novamente para efetuar o download</s>
    <s>Ultimas Portarias</s>
    <s>PT-MS-GM nº 2.073 de 31.08.11-Padrões de interop </s>
    <s>PT-MS-GM nº 2.026 de 24.08.11 - SAMU</s>
    <s>PT-MS-GM nº 2.027 de 25.08.11 - Carga Horária M..</s>
    <s>PT-MS-GM Nº 719 de 07.04.11 - Programa Academia d </s>
    <s>PT-MS-GM Nº 1.402 de 15.06.11 - Programa Academia </s>
    <s>PT-MS-GM Nº 1.401 de 15.06.11 - Pólos da Academi </s>
    <s>PT-MS-GM 768 de 13.04.11 - Termo de Ajuste Sanitá </s>
    <s>PT-MS-SAS 134 de 04.04.11 - CNES</s>
    <s>ANEXO PT-MS-GM nº 184 de 03.02.11 - Farmácia Pop </s>
    <s>PT-MS-GM 185 de 03.02.11 - Comitê Técnico Farmá </s>
    <s>CONASEMS na mídia</s>
    <s>Para ministro, Brasil deve repensar (Terra Brasil)</s>
    <s>Câmara convoca comissão para receber (Band News)</s>
    <s>Bebês nascidos em Pelotas em 2015 serão (Folha)</s>
    <s>AGÊNCIA CÂMARA - Movimento Primavera da (Band News)</s>
    <s>Agência Câmara promoverá chat sobre (Outros)</s>
    <s>Médicos de PSF poderão ter várias cargas (Outros)</s>
    <s>Especialista defende reformulação do PSF (Estadão)</s>
    <s>Saúde da Família adota jornada de meio (Estadão)</s>
    <s>O Diário do Norte do Paraná - Secretário (Outros)</s>
    <s>Justiça autoriza médicos uruguaios a (Folha)</s>
    <s>Menu Principal</s>
    <s>O Conasems</s>
    <s>Sec. Extraordinária</s>
    <s>Conselho Honorário</s>
    <s>Redes Institucionais</s>
    <s>Prestação de Contas</s>
    <s>Tese do CONASEMS</s>
    <s>Núcleos Temáticos</s>
    <s>Área de Arquivos</s>
    <s>Links recomendados</s>
    <s>Trabalhe Conosco</s>
    <s>Datas Conferências</s>
    <s>Rede COSEMS</s>
    <s>Enquete !</s>
    <s>Seu município já fez Plano de Contingência da Dengue este ano?</s>
    <s>Em elaboração</s>
    <s>PAB Fixo</s>
    <s>PAB Fixo Geral 2011</s>
    <s>Decreto 7508</s>
    <s>14ª CNS</s>
    <s>Esplanada dos Ministérios, Bloco G, Anexo B, sala 144</s>
    <s>CEP: 70058-900 Brasília-DF Tel/Fax: (61)3223-0155</s>
  </text>
</page>
