<?xml version="1.0" encoding="UTF-8"?>
<!DOCTYPE page SYSTEM "page.dtd">
<page>
  <lang>pt</lang>
  <url>http://www6.senado.gov.br/legislacao/ListaNormas.action%3Fnumero%3D35912%26tipo_norma%3DDEC%26data%3D19540728%26link%3Ds</url>
  <title>Senado Federal Subsecretaria de Informações Este texto não ...</title>
  <snippet>
    <s>b) controlar e orientar a distribuição das moedas metálicas. XX - eleger na última sessão ordinária de cada ano, o substituto do . V - lavrar, em livros próprios, os têrmos de conferência de notas substituídas, trocadas, resgatadas ou inutilizadas; . II - orientar e fiscalizar a execução dos serviços, manter coordenação do </s>
  </snippet>
  <text>
    <s>Senado Federal</s>
    <s>Subsecretaria de Informaçoes</s>
    <s>Este texto nao substitui o original publicado no Diario Oficial.</s>
    <s>DECRETo nº 35.912, de 28 de julho de 1954.</s>
    <s>Aprova o Regimento da Caixa de Amortização.</s>
    <s>O PRESIDENTE DA REPÚBLICA, usando da atribuição que lhe confere o art. 87, nº I, da Constituição,</s>
    <s>Art.1º Fica aprovado o Regimento da Caixa de Amortização, que com êste baixa, assinada pelo Ministro da Fazenda.</s>
    <s>Art. 2º Êste Decreto entrará em vigor na data de sua publicação.</s>
    <s>Art. 3º Revogam-se as disposições em contrário.</s>
    <s>Rio de Janeiro, 28 de julho de 1954; 133º da independência de 66º da República.</s>
    <s>GETÚLIO VARGAS</s>
    <s>Oswaldo Aranha</s>
    <s>Regimento da Caixa de Amortização</s>
    <s>TÍTULO I</s>
    <s>Da Finalidade e das Atribuições</s>
    <s>CAPÍTULO I</s>
    <s>DA FINALIDADE</s>
    <s>Art. 1º A Caixa de Amortização (C.A.), órgãos integrante do Ministério da Fazenda, diretamente subordinada ao respectivo Ministro de Estado, tem por finalidade realizar estudos e executar ou superintender os serviços relativos à dívida federal interna fundada e ao meio circulante.</s>
    <s>CAPÍTULO II</s>
    <s>DAS ATRIBUIÇÕES</s>
    <s>Art. 2º A C.A. compete:</s>
    <s>I - quanto à dívida federal interna fundada:</s>
    <s>a) realizar a emissão, inscrição, substituição, transferência, amortização e o resgate dos respectivos títulos;</s>
    <s>b) emitir, quando necessário, cautelas provisórias representativas do referidos títulos;</s>
    <s>c) executar os serviços de pagamento de juros e incineração de título e cupões;</s>
    <s>d) administrar o “Fundo de Amortização dos Empréstimos Internos papel”, criado pelo decreto nº 4.382, de 8 de abril de 1902, e quaisquer outros que venham ser criados em relação à espécie.</s>
    <s>II - quanto ao meio circulante:</s>
    <s>a) emitir, trocar, substituir, recolher, resgatar e incinerar o papel moeda;</s>
    <s>b) controlar e orientar a distribuição das moedas metálicas.</s>
    <s>TÍTULO II</s>
    <s>Da Organização</s>
    <s>Art. 3º À C.A. compreende:</s>
    <s>I - Junta Administrativa.</s>
    <s>II - Auditoria (Aud.).</s>
    <s>a) Seção Técnica (S.T.);</s>
    <s>b) Seção de Juros e Transferências (S.J.T.);</s>
    <s>c) Seção de Contrôle (S.C.).</s>
    <s>III - Serviço de Obrigações de Guerra (S.O.G.).</s>
    <s>IV - Se00rviço da Dívida Interna Fundada (S.D.F.).</s>
    <s>a) Seção de Títulos ao Portador (S.T.P.);</s>
    <s>b) Seção de Títulos Nominativos (S.T.N.);</s>
    <s>c) Seção de Mecanização (S.M.).</s>
    <s>V - Serviço de Meio Circulante (S.M.C.).</s>
    <s>VI - Tesouraria da Dívida Interna Fundada (T.D.F.).</s>
    <s>VII - Tesouraria do Meio Circulante (T.M.C.).</s>
    <s>VIII - Serviço de Administração (S.A.).</s>
    <s>a) Seção de Pessoal (S.P.);</s>
    <s>b) Seção de Material e Orçamento (S.M.O.);</s>
    <s>c) Seção de Comunicações (S.C.);</s>
    <s>d) Turma de Mecanografia (T.M.);</s>
    <s>e) Portaria (P.).</s>
    <s>Parágrafo único. De acôrdo com as necessidades do serviço, os órgãos da C.A. poderão desdobrar-se em Turmas, por ato do Ministro de Estado, mediante proposta do Diretor.</s>
    <s>Art. 4º Ficam sob a jurisdição da C.A. as Delegacias Fiscais do Tesouro Nacional, nêste Regimento referidas como Delegacias Fiscais, e quaisquer outras repartições, para efeito de orientação técnica em assuntos relativos à dívida federal interna fundada e ao meio circulante.</s>
    <s>Art. 5º A. C.A. terá um Diretor, nomeado, em comissão, pelo Presidente da República.</s>
    <s>Parágrafo único. O Diretor terá um Secretário e um Assistente.</s>
    <s>Art. 6º A orientação superior da C.A. caberá à junta Administrativa, nêste Regimento referida como Junta, constituída do Ministro de Estado, do Diretor e de cinco (5) membros designados pelo Presidente da República.</s>
    <s>Art. 7º A Junta terá um Secretário, os Serviços, Seções e Turmas terão Chefes e a Auditoria terá um Auditor-Chefe, designados, na forma dêste Regimento.</s>
    <s>§ 1º O Auditor-Chefe será escolhido entre um dos Auditores da C.A.</s>
    <s>§ 2º Os Tesoureiros serão nomeados pelo Presidente da República, na forma da Lei nº 403, de 24 de setembro de 1943.</s>
    <s>Art. 8º Os órgãos da C.A. funcionarão harmônicamente articulados, em regimento de mútua colaboração, sob a orientação do Diretor.</s>
    <s>TÍTULO III</s>
    <s>Da Competência e do Funcionamento dos órgãos</s>
    <s>CAPÍTULO I</s>
    <s>DA JUNTA ADMINISTRATIVA</s>
    <s>Art. 9º À Junta compete:</s>
    <s>I - Supervisionar todo o serviço da C.A. ao que diz respeito às suas atribuições específicas;</s>
    <s>II - aprovar normas regimentais complementares dispondo sôbre o funcionamento;</s>
    <s>III - velar pelo fiel cumprimento atos normativos em vigor, no que concerne à dívida federal interna fundada e ao meio circulante;</s>
    <s>IV - decidir os casos duvidosos referente a serviços afetos à C.A., quando submetidos a seu exame pelo Diretor;</s>
    <s>V - balancear, pelo menos trimestralmente, os valores existentes nas tesourarias;</s>
    <s>VI - administrar o “Fundo de Amortização dos Empréstimos Internos-Papel”, nos têrmos do art. 1º letra “c”, do Decreto nº 4.382, de 8 de abril de 1902;</s>
    <s>VII - determinar, observadas as estipulações legais, as estampas e demais características das notas de papel moeda que tenham de ser fabricadas e resolver sôbre o respectivo recolhimento;</s>
    <s>VIII - autorizar a circulação das notas novas e resolver sôbre a substituição das que estiverem em circulação;</s>
    <s>IX - realizar o sorteio dos títulos a serem resgatados;</s>
    <s>X - estudar os problemas básicos da dívida pública interna fundada e do meio circulante, por iniciativa própria ou tomando conhecimento de sugestões que lhes forem encaminhadas;</s>
    <s>XI - elaborar anteprojetos de leis e de decretos relativos à dívida pública interna fundada e ao meio circulante e opinar, quando consultada, sôbre projetos atinentes à matéria;</s>
    <s>XII fiscalizar, por um de seus membros, quando julgar oportuno, os trabalhos de destruição de valores;</s>
    <s>XIII - deliberar sôbre a forma de inutilização de notas;</s>
    <s>XIV - aprovar os modêlos de cautelas e títulos da dívida federal interna fundada;</s>
    <s>XV - decidir sôbre encomendas de papel moeda, ou de títulos da dívida pública, determinando sempre a forma mais conveniente, atentas às necessidades dos serviços;</s>
    <s>XVI - apreciar concorrências e contratos para fabricação e fornecimento de títulos da dívida pública interna fundada e notas de papel moeda;</s>
    <s>XVII - estudar, quando houver por oportuno, a adoção de novos valores para as notas;</s>
    <s>XVIII - decidir, em grau de recurso, sôbre despacho do Diretor ou de repartições subordinadas versando assuntos relativos à dívida federal interna fundada e ao meio circulante;</s>
    <s>XIX - autoriza a circulação e a substituição dêsses títulos, quando previstos em lei;</s>
    <s>XX - eleger na última sessão ordinária de cada ano, o substituto do Presidente, excluído da eleição o Diretor;</s>
    <s>XXI - designar, na última sessão ordinária de cada ano, a comissão que se encarregará do exame dos valores a serem destruídos no ano seguinte;</s>
    <s>XXII - apreciar o relatório das atividades da C.A. anualmente apresentado pelo Diretor;</s>
    <s>XXIII - autorizar em casos excepcionais, na forma das instruções que baixar e de acôrdo com as autoridades competentes, que outras repartições, além das Delegacias Fiscais, efetuem trocos ou substituição de notas e de papel moeda, ou o pagamento dos juros dos títulos da dívida federal interna fundada.</s>
    <s>Art. 10. A Junta será presidida pelo Ministro de Estado, e na ausência dêste, pelo Membro para esse fim eleito.</s>
    <s>Art. 11. A Junta reunir-se-á ordinariamente, uma vez por semana e, extraordinariamente, mediante convocação do Ministro de Estado ou do Diretor, ou por solicitação de qualquer dos seus Membros.</s>
    <s>Art. 12. A Junta deliberará quando presentes 4 (quatro) de seus membros, no mínimo, e suas resoluções serão tomadas por maioria dos votos presentes.</s>
    <s>§ 1º Ocorrendo empate ou diferença de um voto nas deliberações, o Ministro de Estado usará do voto de qualidade.</s>
    <s>§ 2º Na ausência do Ministro de Estado, se ocorrer uma das hipóteses do parágrafo anterior o assunto será submetido à sua apreciação, para pronunciamento do voto de qualidade.</s>
    <s>Art. 13. De cada sessão lavrar-se-á ata circunstanciada mencionando as deliberações tomadas e os votos divergentes.</s>
    <s>Art. 14. Os membros da Junta prestarão compromisso perante o Ministro de Estado que lhes dará posse e exercício.</s>
    <s>CAPÍTULO II</s>
    <s>DA AUDITORIA</s>
    <s>Art. 15. À Aud. compete assistir ao Diretor no Estudo dos assuntos relativos à dívida pública e ao meio circulante e velar pela observância dos atos normativos em vigor atinentes aos mesmos.</s>
    <s>Art. 16. À S.T. compete:</s>
    <s>I - emitir parecer sôbre os assuntos de natureza jurídica que lhe sejam encaminhados;</s>
    <s>II - opinar nos processos de gravação e eliminação de cláusulas ou condições onerosas que incidam sôbre os títulos da dívida federal interna fundada e, bem assim, sôbre a capacidade civil de seus possuidores;</s>
    <s>III - propôr as providências que julgar adequadas à fiel observância dos atos normativos em vigor atinentes à dívida federal interna fundada e ao meio circulante;</s>
    <s>IV - organizar um ementário de leis, regulamentos, portarias, circulares, instruções e quaisquer atos normativos ou jurisdicionais que digam respeito à dívida pública interna fundada e ao meio circulante.</s>
    <s>Art. 17. À S.J.T. compete:</s>
    <s>I - examinar os processos referentes à transferência de apólices e ao pagamento de juros;</s>
    <s>II - preparar os têrmos de transferência de títulos nominativos;</s>
    <s>III - guardar, quando ainda em uso, os livros de registro de transferência de títulos nominativos;</s>
    <s>IV - proceder à entrega das guias para pagamento de juros aos possuidores de títulos, exigindo-lhes a necessária identificação;</s>
    <s>V - expedir guia para cobrança de selo por verba na Recebedoria do Distrito Federal, quando necessário;</s>
    <s>VI - fiscalizar a cobrança, quando a cargo da C.A., de tributos que recaiam sôbre títulos da união, e de descontos previstos em lei que aos mesmos se refiram.</s>
    <s>Art. 18. À S. Co. compete:</s>
    <s>I - controlar a entrada e saída de papéis, verificando a conformidade dos documentos apresentados pelas partes com as estipulações legais e regulamentares;</s>
    <s>II - informar e orientar aos possuidores de título sôbre o andamento dos processos de seu interêsse;</s>
    <s>III - organizar e manter atualizado um sistema de contrôle das contas dos possuidores de títulos;</s>
    <s>IV - promover o envio, à T.D.F., todos os semestres, dos autógrafos dos servidores a quem caiba assinar as guias do pagamento de juros.</s>
    <s>CAPÍTULO III</s>
    <s>DO SERVIÇO DE OBRIGAÇÕES DE GUERRA</s>
    <s>Art. 19. Ao S.O.G. compente:</s>
    <s>I - processar todo o expediente concernente à emissão, substituição, suprimentos, juros, resgate e quaisquer outras operações concernentes às obrigações de Guerra;</s>
    <s>II - escriturar os registros das operações de qualquer natureza que tenham por objeto as Obrigações de Guerra e seus juros, e devam ser cumpridas na C.A.;</s>
    <s>III - manter atualizada a relação numérica das Obrigações de Guerra dos diversos valores sujeitas a impedimento administrativo ou judicial, total ou parcial;</s>
    <s>IV - verificar todas as relações de Obrigações de Guerra apresentadas na C.A. para efeito de pagamento de juros;</s>
    <s>V - reconferir, posteriormente ao pagamento, todos os cupões de Obrigações de Guerra previamente inutilizados nas repartições pagadoras e enviados ao S.O.G., de acôrdo com as disposições legais vigentes;</s>
    <s>VI - organizar mapas demonstrativos dos cupões pagos diariamente na C.A.;</s>
    <s>VII - promover a incineração das obrigações de Guerra substituídas ou inutilizadas, bem como dos cupões pagos;</s>
    <s>VIII - superintender técnicamente os Serviço de Obrigações de Guerra das Delegacias Fiscais, levando ao reconhecimento do Diretor as irregularidades que verificar;</s>
    <s>IX - passar certidões referentes à emissão e circulação das Obrigações de Guerra, bem como a sua amortização e outras circunstâncias que lhes digam respeito, quando autorizado pelo Diretor e se tais documentos tiverem por base processos ou livros não arquivados;</s>
    <s>X - processar a substituição de Obrigações de Guerra dilaceradas, destruídas ou extraviadas, fazendo as anotações devidas;</s>
    <s>XI - processar as relações de Obrigações de Guerra para efeito de cobrança de tributos ou de descontos previstos em lei.</s>
    <s>CAPÍTULO IV</s>
    <s>Do Serviço da Divida Interna Fundada</s>
    <s>Art. 20. Ao S.D.F. competem tôdas as atividades referentes ao processamento e contrôle da dívida federal interna fundada, salvo Obrigações de Guerra.</s>
    <s>Art. 21. A S.T.M. compete:</s>
    <s>I - registrar as emissões de títulos nominativos e processar todo o expediente relativo a tais operações;</s>
    <s>II - escriturar as contas correntes dos possuidores de títulos nominativos;</s>
    <s>III - manter registros especificados do movimento semestral dos títulos nominativos;</s>
    <s>IV - registrar diariamente os pagamentos dos juros;</s>
    <s>V - registrar os títulos sorteados a resgatados, bem como lavrar os têrmos a que essas operações dêem lugar;</s>
    <s>VI - copiar as guias de transferência de assentamento de títulos nominativos para as repartições subordinadas;</s>
    <s>VII - conferir com as respectivas contas correntes as propostas para transferência de títulos nominativos, encaminhando-as, em seguida, à Auditoria, para os devidos fins;</s>
    <s>VIII - processar a transferência do assentamento de título para as partições competentes, expedindo as respectivas guias, à vista da autorização do Diretor;</s>
    <s>IX - averbar, nas contas correntes dos possuidores, as guias de transferência de assentamento de títulos;</s>
    <s>X - passar certidões do assentamento de títulos normativos, quando autorizadas pelo Diretor e se o seu objetivo tiver fundamento em livros ou papéis a cargo da Seção;</s>
    <s>XI - processar a substituição de título nominativos dilacerados, destruídos ou extraviados e fazer as anotações decorrentes dêsses fatos;</s>
    <s>XII - informar aos papéis relativos às contas de possuidores de títulos;</s>
    <s>XIII - anotar, no registro competente, as alterações resultantes dos processos que informar, bem como as que decorrerem de despacho do Diretor;</s>
    <s>XIV - organizar a estatística semestral do movimento de transferência das apólices nas contas correntes da repartição;</s>
    <s>XV - conferir as demonstrações dos saldos das apólices inscritas nas Delegacias Fiscais à vista dos registros de que trata o item III dêste artigo, a fim de ser autorizado o pagamento dos respectivos juros;</s>
    <s>XVI - apurar os saldos semestrais das contas correntes dos possuidores inscritos em seus livros, calcular e creditar os respectivos juros e preparar as guias para o seu pagamento, anotando-o quando efetuado;</s>
    <s>XVII - preparar o sorteio dos títulos e cancelar no livro competente os que forem sorteados, processando todo o expediente do resgate;</s>
    <s>XVIII - proceder semestralmente ao levantamento geral dos títulos nominativos, a fim de verificar a exatidão dos títulos em circulação com os respectivos registros de emissão;</s>
    <s>XIX - extrair as guias de débito e crédito da T. D. F. relativas a títulos nominativos bem como as relativas à cobrança de tributos e a descontos previstos em lei que se refiram àqueles títulos.</s>
    <s>XX - escriturar os “caixas” auxiliares extraindo boletins diários das operações realizadas pela T. D. F., para efeito de fiscalização no que concerne aos títulos nominativos.</s>
    <s>Art. 22. À S.T.P. compete:</s>
    <s>I - registrar as emissões de títulos ao portador, a exceção das Obrigações de Guerra, e processar todo o expediente relativo a tais operações;</s>
    <s>II - fiscalizar o serviço a cargo da T.D.F. no que concerne aos títulos ao portador;</s>
    <s>III - proceder semestralmente ao levantamento geral dos títulos ao portador, a fim de verificar a exatidão dos títulos em circulação com os respectivos registros de emissão;</s>
    <s>IV - verificar tôdas as relações de títulos ao portador apresentadas na C.A. para efeito de pagamento de juros, exceto das referentes às Obrigações de Guerra;</s>
    <s>V - reconferir, posteriormente ao pagamento, todos os cupões de títulos ao portador, exceto “Obrigações de Guerra”, previamente inutilizados nas repartições pagadoras;</s>
    <s>VI - extrair as guias de débito e crédito da T.D.F. relativas a títulos ao portador;</s>
    <s>VII - processar as relações de títulos ao portador, salvo Obrigações de Guerra, para efeito de cobrança de tributos ou para descontos previstos em lei;</s>
    <s>VIII - escriturar os “caixa” auxiliares, extraindo boletins diários das operações realizadas pela T.D.F., para efeito de fiscalização do que concerne aos títulos ao portador;</s>
    <s>IX - processar a substituição de títulos ao portador dilacerados, fazendo as anotações correspondentes;</s>
    <s>X - promover a incineração dos títulos ao portador substituídos ou inutilizados, bem como dos cupões pagos;</s>
    <s>XI - passar certidões referentes à emissão e circulação de títulos ao portador, exceto Obrigações de Guerra, bem como sua amortização e outras circunstâncias, quando autorizado pelo Diretor e se o seu objeto tiver fundamento em livros ou papéis a cargo da Seção;</s>
    <s>XII - escriturar o “caixa” geral da dívida federal interna fundada.</s>
    <s>Art. 23. À S. Me. Compete executar os trabalhos de contrôle e apuração de dados estatísticos e contábeis por processos mecânicos ou elétricos mecânicos com o equipamento de eu fõr dotada e cujas unidades e características serão modificadas de acôrdo com as necessidades do serviço.</s>
    <s>CAPÍTULO V</s>
    <s>Do Serviço do Meio Circulante</s>
    <s>Art. 24. Ao S.M.C. compete:</s>
    <s>I - organizar o registro de todas as operações de qualquer natureza referentes ao meio circulante;</s>
    <s>II - registrar, em livro próprio, as cédulas novas recebidas dos fabricantes;</s>
    <s>III - escriturar o livro “caixa” do papel moeda e apresentar diariamente o balancete das operações;</s>
    <s>VI - escriturar todos os “caixas” auxiliares do papel moeda e moeda metálica;</s>
    <s>V -  lavrar, em livros próprios, os têrmos de conferência de notas substituídas, trocadas, resgatadas ou inutilizadas;</s>
    <s>VI - conferir as notas novas assinadas;</s>
    <s>VII - conferir as notas velhas recolhidas à C.A. para substituição, trôco, resgate ou recolhimento;</s>
    <s>VIII - examinar notas falsas ou falsificadas e propor as medidas cabíveis;</s>
    <s>IX - informar os papéis relativos ao trôco de notas dilaceradas ou viciadas;</s>
    <s>X - organizar os mapas de conferência das remessas de notas substituídas, trocadas ou resgatadas, feitas pelas Delegacias Fiscais, e os de trôco diário efetuado na T.M.C.;</s>
    <s>XI - lavrar os têrmos de diferenças verificadas na conferência dessas notas, bem como os de exame das cédulas do papel moeda;</s>
    <s>XII - organizar as demonstrações do resultado da conferência das remessas de notas substituídas ou dilaceradas, feitas pelas Delegacias Fiscais, para o fim de ser recolhido o respectivo valor em notas novas a crédito do Tesouro Nacional;</s>
    <s>XIII - organizar e encaminhar ao Diretor as demonstrações de notas novas recebidas dos fabricantes;</s>
    <s>XIV - organizar os demonstrativos das notas a serem incineradas;</s>
    <s>XV - lavrar, em livro próprio, os têrmos de conferência e incineração dessas notas;</s>
    <s>XVI - organizar mensalmente o quadro demonstrativo da circulação do papel moeda;</s>
    <s>XVII - remeter à Contadoria Seccional os documentos necessários à escrituração, depois de os haver registrado em seus próprios livros;</s>
    <s>XVIII - remeter à Contadoria Sec-relativos ao meio circulante que lhes sejam designados pelo Diretor;</s>
    <s>XIX - fiscalizar todo o serviço a cargo da T.M.C.;</s>
    <s>XX - extrair as guias de débito e crédito da T.M.C.</s>
    <s>CAPÍTULO VI</s>
    <s>Da Tesouraria da Dívida Interna Fundada</s>
    <s>Art. 25. A T.D.F., além das atribuições comuns às tesourarias do serviço público, compete especificamente:</s>
    <s>I - efetuar o pagamento dos juros vencidos dos títulos da dívida federal interna fundada, quando exigíveis na C.A., cumprindo-lhe verificar previamente se as guias estão assinadas pelos servidores encarregados da entrega e pelos interessados, senão contém rasuras ou emendas e se conferem com a demonstração correspondente;</s>
    <s>II - custodiar os títulos pertencentes ao Fundo de Amortização dos Empréstimos Internos-Papel e receber seus juros;</s>
    <s>III - custodiar os títulos e as cautelas destinadas à emissão ou substituição dos que se extraviarem, destruirem ou dilacerarem, e entregá-los a quem de direito;</s>
    <s>IV - providenciar a remessa de títulos às repartições, quando autorizada pelo Diretor;</s>
    <s>V - receber e custodiar os títulos e cupões procedentes de outras repartições;</s>
    <s>VI - custodiar títulos a serem incinerados, providenciando a reconferência, pelo S.D.F., dos cupões pagos da  C.A. ou em qualquer outra repartição ou entidades;</s>
    <s>VII - custodiar outros valores que o Diretor resolva colocar sob a sua guarda;</s>
    <s>VIII - adquirir títulos para o Fundo de Amortização dos Empréstimos Internos Papel, de acôrdo com as instruções do Diretor;</s>
    <s>IX - receber e custodiar importâncias destinadas ao pagamento de juros vencidos.</s>
    <s>CAPÍTULO VII</s>
    <s>Da Tesouraria do Meio Circulante</s>
    <s>Art. 26. A T.M.C., além das atribuições comuns às tesourarias do serviço público, compete especificamente:</s>
    <s>I - guardar as notas novas sem assinatura, bem como às já assinadas ou chanceladas destinadas ao trôco diário efetuado na repartição;</s>
    <s>II - manter sob a guarda, até ser determinado o devido destino, as notas novas preparadas para os serviços de emissão autorizada em lei;</s>
    <s>III - realizar o trôco de notas dilaceradas e em substituição;</s>
    <s>IV - custodiar as notas que receber, bem como entregar à comissão competente as destinadas à incineração;</s>
    <s>V - entregar ao S.M.C., com as devidas formalidades, as notas novas ou velhas que tenham de ser ali conferidas;</s>
    <s>VI - efetuar o resgate de notas do papel moeda por moedas metálicas, recebendo os suprimentos desta espécie que se fizerem necessários ao serviço;</s>
    <s>VII - fazer distribuição das notas novas para assinatura, de acôrdo com as necessidades do serviço e instruções do Diretor;</s>
    <s>VIII - custodiar outros valores que o Diretor resolva colocar sob a sua guarda.</s>
    <s>CAPÍTULO VIII</s>
    <s>Do Serviço de Administração</s>
    <s>Art. 27. Ao S.A. compete executar as atividades de administração geral necessárias ao desempenho das atribuição da C.A., cumprindo-lhe velar pela observância das normas prescritas pelos órgãos centrais de administração geral do Ministério da Fazenda.</s>
    <s>Art. 28. A S.P. compete:</s>
    <s>I - opinar sôbre a aplicação da legislação relativa ao pessoal;</s>
    <s>II - fazer o resumo do ponto do pessoal da C.A. e organizar os boletins de freqüência;</s>
    <s>III - organizar a escala geral de férias do pessoal lotado na C.A., em face das escalas remetidas pelos Chefes de Serviços;</s>
    <s>IV - coligir elementos relativos à vida funcional dos servidores da C.A. e remetê-los ao Serviço do Pessoal da Fazenda;</s>
    <s>V - emitir a caderneta de identificação dos servidores;</s>
    <s>VI - coligir e fornecer elementos para a elaboração da proposta orçamentária, na parte relativa às despesas com o pessoal da C.A.;</s>
    <s>VII - escriturar os créditos relativos ao pessoal da C.A.;</s>
    <s>VIII - velar pela observância dos atos normativos concernentes a pessoal.</s>
    <s>Art. 29. A S.M.O. compete:</s>
    <s>I - providenciar a requisição do material necessário aos serviços da repartição, aceitando ou rejeitando o material requisitado, de acôrdo com legislação em vigor;</s>
    <s>II - fiscalizar a entrada de material no depósito, registrando a data da entrega, espécie, quantidade qualidade, pêso o valor;</s>
    <s>III - zelar pela guarda e conservação do material permanente e de consumo e providenciar a sua distribuição pelos demais órgãos da C.A., de acôrdo com as necessidades dos serviços;</s>
    <s>IV - controlar a saída do material requisitado;</s>
    <s>V - controlar o estoque do depósito;</s>
    <s>VI - organizar a pauta de consumo;</s>
    <s>VII - catalogar os modelos impressos em uso na repartição;</s>
    <s>VIII - organizar o inventário dos bens móveis em uso nas dependência da C.A.;</s>
    <s>IX - fazer a classificação, codificação e marcação do material permanente;</s>
    <s>X - providenciar o reparo do material permanente;</s>
    <s>XI - propôr a troca, cessão ou baixa do material;</s>
    <s>XII - arquivar os pedidos, notas e faturas concernentes ao material;</s>
    <s>XIII - assistir o Chefe do S.A. na elaboração da proposta orçamentária da C.A.;</s>
    <s>XIV - escriturar e fiscalizar a aplicação dos adiantamentos recebidos;</s>
    <s>XV - escriturar a movimentação das dotações orçamentárias consignadas à C.A. salvo as referentes a pessoal, de modo a serem apurados de pronto, os saldos existentes.</s>
    <s>Art. 30. A S.C. compete:</s>
    <s>I - receber, registrar, distribuir e arquivar os papéis afetos à C.A.;</s>
    <s>II - numerar e arquivar, classificando-as com indicações precisas, as cópias de ofícios, portarias, telegramas e demais documentos expedidos pela C.A.;</s>
    <s>III - controlar a entrada e a saída de quaisquer papéis ou documentos;</s>
    <s>IV - prestar informações sôbre o andamento e despacho dos processos, salvo quanto aos de natureza reservada;</s>
    <s>V - atender ao público e orientá-lo quanto ao modo de apresentar suas solicitações, sugestões ou reclamações.</s>
    <s>Art. 31. A T.M. compete executar os trabalhos datilográficos e mimeográficos da C.A.</s>
    <s>Art. 32. A Portaria compete:</s>
    <s>I - zelar pela limpeza, boa ordem e conservação do edifício em que funciona a repartição;</s>
    <s>II - impedir a entrada e a permanência de pessoas estranhas ao serviço no recinto da repartição fora das horas do expediente normal, salvo quando devidamente autorizadas, devendo então ser mantida rigorosa fiscalização;</s>
    <s>III - impedir a saída de qualquer pessoa, servidor ou não, que conduza objetos, livros ou documentos da repartição, sem estar, devidamente autorizada;</s>
    <s>IV - fiscalizar o pessoal encarregado da vigilância do edifício, mantendo postos em locais apropriados;</s>
    <s>V - dar conhecimento, ao Chefe do S.A., de toda e qualquer anormalidade que ocorre no recinto da repartição;</s>
    <s>VI - promover, junto à autoridade competente, a prisão de qualquer pessoa que se portar inconvenientemente ou seja surpreendida praticando ato desonesto ou degradante.</s>
    <s>TÍTULO IV</s>
    <s>Das atribuições do pessoal</s>
    <s>Art. 33. Ao Diretor incumbe:</s>
    <s>I - orientar, coordenar e controlar todos os serviços da C.A.;</s>
    <s>II - representar a Junta e fazer executar suas deliberações;</s>
    <s>III - despachar os papéis e submeter à deliberação da Junta aquêles os quais julgar necessária a sua apreciação ou decisão;</s>
    <s>IV - balancear, quando julgar conveniente, os valores existentes nas Tesourarias, designando para isto comissões especiais;</s>
    <s>V - corresponder-se, diretamente, com os Secretários de Estado e quaisquer outras autoridades e entidades, em matéria referente aos serviços da C.A.; observados os princípios de hierarquia prevalecentes no serviço público;</s>
    <s>VI - prestar diretamente ao Procurador Geral da República, ou a outra autoridade competente, os esclarecimentos que os habitem a defender os interesses da União em ações contra ela propostas, e pertinentes a dívida pública interna federal fundada ou ao meio circulante;</s>
    <s>VII - assinar toda a correspondência oficial;</s>
    <s>VIII - resolver sôbre os pedidos de certidões, deferindo-os quando não haja inconveniente na publicação dos assuntos a que se referirem;</s>
    <s>IX - despachar com o Ministro de Estado;</s>
    <s>X - apresentar, anualmente, ao Ministro de Estado, relatório das atividades da C.A., dando conhecimento do mesmo à Junta;</s>
    <s>XI - distribuir os servidores pelos diversos órgãos que compõem a D.A.;</s>
    <s>XII - propor ao Ministro de Estado a designação de seu substituto eventual;</s>
    <s>XIII - designar o seu Secretário, o seu Assistente, o Secretário da Junta e os chefes dos diferentes órgãos da C.A., bem como os respectivos substitutos;</s>
    <s>XIV - manter a ordem e a disciplina na repartição tomando as medidas que se tornarem necessárias para êsse fim;</s>
    <s>XV - elogiar e aplicar penas disciplinares, inclusive a de suspensão ate 30 (trinta) dias, aos servidores em exercício na C.A., propondo ao Ministro de Estado a aplicação de penalidade que exceder de sua alçada;</s>
    <s>XVI - abrir, rubricar e encerrar os livros necessários aos trabalhos da repartição, podendo delegar essa função a servidores de sua confiança;</s>
    <s>XVII - iniciar o expediente visando a cotação de títulos da Dívida Federal Interna Fundada na Bôlsa de Valores do Rio de Janeiro;</s>
    <s>XVIII - baixar portarias, instruções e ordens de serviço;</s>
    <s>XIX - fixar a quantidade e o valor das notas que devam constituir cada suprimento da C.A. às Delegacias Fiscais;</s>
    <s>XX - designar, se for o caso, as comissões encarregadas de transportar valores a seu destino.</s>
    <s>Art. 34. A cada Chefe de Serviço incumbe:</s>
    <s>I - orientar, coordenar e controlar a execução do trabalhos afetos ao Serviço;</s>
    <s>II - despachar com o Diretor;</s>
    <s>III - propor a concessão de vantagens aos servidores em exercício no Serviço;</s>
    <s>IV - distribuir o pessoal pelas Seções;</s>
    <s>V - propor ao Diretor o elogio ou a aplicação de penas disciplinares aos servidores que lhes forem subordinados;</s>
    <s>VI - propor ao Diretor a designação e dispensa dos ocupantes das funções gratificadas do Serviço;</s>
    <s>VII - organizar e alterar a escala de férias do pessoal do Serviço;</s>
    <s>VIII - expedir boletins de merecimento;</s>
    <s>IX - apresentar, anualmente, ao Diretor, um relatório sôbre as atividades do Serviço.</s>
    <s>Parágrafo único. Ao Chefe do S.M.C., além das atribuições gerais conferidas ao Chefes de Serviço, incumbe ainda;</s>
    <s>I - rubricar os têrmos de conferência;</s>
    <s>II - assistir ao recebimento, pelo tesoureiro competente, das notas, na Casa da Moeda ou na Alfândega, conforme o caso, ou designar uma comissão de servidores para êsse fim.</s>
    <s>Art. 35. Aos Tesoureiros, além das atribuições gerais conferidas no artigo anterior aos Chefes de Serviço, incumbem também as previstas no Regimento Padrão das Tesourarias do Serviço Público.</s>
    <s>§ 1º Na T.D.F., incumbe ainda ao respectivo Tesoureiro:</s>
    <s>I - providenciar, com suficiente antecedência, para que, pela autoridade competente, seja sempre suprida a conta adequada, no Banco do Brasil, das importâncias necessárias aos pagamentos a seu cargo;</s>
    <s>II - receber os títulos, na Casa da Moeda, se impressos no país, e na Alfândega, se no estrangeiro, conferindo-os e rubricando-os, sob a fiscalização imediata do Serviço controlador competente;</s>
    <s>III - representar o Fundo de Amortização dos Empréstimos Internos Papel em atos de transferência.</s>
    <s>§ 2º Na T.M.C., incumbe ainda ao respectivo Tesoureiro:</s>
    <s>I - designar servidores, quando necessário, para cooperar com os Tesoureiros Auxiliares na inutilização correspondente em duas vias;</s>
    <s>II - assistir à abertura dos volumes em que venham acondicionadas as notas, assinando a relação correspondente em duas vias;</s>
    <s>III - assistir ao exame, no ato do respectivo recebimento, dos volumes contendo dinheiro trocado, substituído ou resgatado, proveniente das Delegacias Fiscais;</s>
    <s>IV - assistir ao acondicionamento do papel moeda novo a ser remetido às Delegacias Fiscais;</s>
    <s>V - assinar os têrmos de entrega de notas às comissões que as devam transportar;</s>
    <s>VI - receber, do Departamento dos Correios e Telégrafos ou de Estradas de Ferro, os volumes, por um dêsses meios transportados, contendo dinheiro trocado, substituído ou resgatado proveniente das Delegacias Fiscais.</s>
    <s>Art. 36. Cada Tesoureiro, como claviculário, deverá abrir e fechar as casas fortes na presença do respectivo Tesoureiro-Auxiliar designado como claviculário, cumprindo a ambos, quando da abertura da casa forte, observar a regularidade e normalidade dos respectivos valores.</s>
    <s>Art. 37. A cada Chefe de Seção e, no que couber, ao da T.M., incumbe:</s>
    <s>I - distribuir o trabalho pelos seus subordinados;</s>
    <s>II - orientar e fiscalizar a execução dos serviços, manter coordenação do pessoal e determinar as normas e métodos de trabalho que se fizerem aconselháveis;</s>
    <s>III - despachar com o Chefe do Serviço;</s>
    <s>IV - emitir parecer sôbre os assuntos que lhes forem pertinente;</s>
    <s>V - apresentar, mensalmente, um boletim das atividades da Seção e, anualmente, um relatório sôbre os trabalhos realizados e em andamento;</s>
    <s>VI - propor ao Chefe do Serviço as medidas que julgar adequadas à boa execução dos trabalhos;</s>
    <s>VII - expedir os boletins de merecimento dos servidores que lhes forem subordinados;</s>
    <s>VIII - organizar a escala de férias do pessoal que lhe é subordinado e submetê-la ao Chefe do Serviço;</s>
    <s>IX - zelar pela disciplina no recinto da Seção;</s>
    <s>X - indicar seu substituto eventual;</s>
    <s>XI - organizar e manter atualizados repositórios de legislação, instruções e decisões referentes aos serviços sob sua chefia;</s>
    <s>XII - determinar o arquivamento de livros e processos findos, nos limites da competência da Seção.</s>
    <s>Parágrafo único. Ao Chefe da Portaria, além das atribuições gerais conferidas no artigo anterior aos Chefes de Seção, incumbe ainda:</s>
    <s>I - abrir e fechar a repartição nas horas que lhe for determinado;</s>
    <s>II - prover à vigilância das dependências da C.A.</s>
    <s>Art. 38. Ao Assistente do Diretor incumbe:</s>
    <s>I - cooperar no estudo dos assuntos dependente de deliberação do Diretor;</s>
    <s>II - colaborar no preparo do relatório anual sôbre a gestão da C.A.;</s>
    <s>III - representar o Diretor quando para isto designado.</s>
    <s>Art. 39. Ao Secretário do Diretor incumbe:</s>
    <s>I - atender às pessoas que desejarem comunicar-se com o Diretor, encaminhando-as ou dando a este conhecimento do assunto a tratar;</s>
    <s>II - redigir a correspondência do Diretor;</s>
    <s>III - manter atualizado o contrôle dos papéis que forem a despacho ou estudo do Diretor.</s>
    <s>Art. 40. Ao Secretário da Junta incumbe:</s>
    <s>I - secretariar as sessões;</s>
    <s>II - lavrar as atas;</s>
    <s>III - lavrar os têrmos de compromisso e posse dos Membros da Junta;</s>
    <s>IV - lavrar os têrmos dos balanços realizados pela Junta;</s>
    <s>V - guardar os livros da Junta, bem como processos ou documentos que acompanhem valores ou sejam reservados;</s>
    <s>VI - manter atualizado um ementário das decisões da Junta;</s>
    <s>VII - manter atualizado o contrôle dos papéis que forem a estudo ou deliberação da Junta.</s>
    <s>TÍTULO V</s>
    <s>Do horário</s>
    <s>Art. 41. O horário normal do trabalho será fixado pelo Diretor, respeitado o mínimo de horas semanais ou mensais estabelecido para o Serviço Público.</s>
    <s>TÍTULO VI</s>
    <s>Das substituições</s>
    <s>Art. 42. Serão substituídos automaticamente, em suas faltas e impedimentos eventuais, até 30 (trinta) dias:</s>
    <s>I - O Diretor pelo Assistente ou pelo Chefe de Serviço de sua indicação, designado pelo Ministro de Estado;</s>
    <s>II - cada Chefe de Serviço, exceto o S.O.G., por um Chefe de Seção de sua indicação, designada pelo Diretor;</s>
    <s>III - o Chefe do S.O.G., cada Chefe de Seção e o da T.M. por um servidor de sua indicação, designado pelo Diretor.</s>
    <s>TÍTULO VII</s>
    <s>Disposições gerais</s>
    <s>Art. 43. Cada órgão da C.A. deverá organizar e manter atualizado uma coleção de lei, regulamentos, circulares, portarias, instruções e ordens de serviço, que digam respeito às suas atividades específicas.</s>
    <s>Art. 44. O Chefe da Portaria terá residência obrigatória na sede da C.A.</s>
    <s>Art. 45. Os casos omissos neste Regimento serão resolvidos pelo Ministro da Fazenda, mediante proposta do Diretor.</s>
    <s>Rio de Janeiro, em 28 de julho de 1954.</s>
    <s>Osvaldo Aranha</s>
  </text>
</page>
