<?xml version="1.0" encoding="UTF-8"?>
<!DOCTYPE page SYSTEM "page.dtd">
<page>
  <lang>pt</lang>
  <url>http://www.al.anpuh.org/conteudo/view%3FID_CONTEUDO%3D563</url>
  <title>ANPUH-AL - Associação Nacional de História - Seção Alagoas - II ...</title>
  <snippet>
    <s>O texto integral deverá ser entregue ao coordenador da Sessão de formulário de inscrição junto com o comprovante da taxa correspondente. 19h30 - Apresentação cultural; Homenagem a Dirceu Lindoso e Conferência de abertura </s>
  </snippet>
  <text>
    <s>!Anpuh Nacional</s>
    <s>ea do Associado | Entre em contato</s>
    <s>Pna Inicial</s>
    <s>II Encontro Estadual de Hist</s>
    <s>Filia Quem somos Grupos de Trabalhos Agenda Notas Publicas Links Anpuh Nacional Contato</s>
    <s>Informe ANPUH-AL:</s>
    <s>Mantenha-se atualizado. Receba no seu e-mail atualizas sobre congressos, cursos e publicas.</s>
    <s>Pna inicial</s>
    <s>II Encontro Estadual de Hist</s>
    <s>II Encontro Estadual de Hist</s>
    <s>!II Encontro Estadual de Hist</s>
    <s>Caminhos da diversidade:</s>
    <s>trajets e perspectivas da Hist em Alagoas</s>
    <s>22 a 25 de setembro de 2010</s>
    <s>Universidade Federal de Alagoas Campus Maceipan&gt;</s>
    <s>Acesse aqui a programa em PDF:</s>
    <s>http://www.al.anpuh.org/download/download?ID DOWNLOAD=271</s>
    <s>Inscris com apresenta de trabalhos (Comunica Oral e Painel): at5 de setembro de 2010 (no ato da inscri deve ser entregue o resumo do trabalho em CD-ROM na Secretaria do Evento ou via correio eletro (encontro estadual anpuhal@yahoo.com.br), junto com o comprovante da taxa de inscri. O texto integral deverer entregue ao coordenador da Sessde Comunicas durante o evento em CD-ROM junto com c impressa).</s>
    <s>Inscri como ouvinte: at ino do evento, de acordo com a disponibilidade de vagas ou via correio eletro (encontro estadual anpuhal@yahoo.com.br), enviando formulo de inscri junto com o comprovante da taxa correspondente.</s>
    <s>Inscri em Mini Cursos: durante o credenciamento sem nenhum custo adicional.</s>
    <s>A organiza do evento destinarspa para reunide trabalho na tarde da sexta-feira, dia 24/09, obedecendo a ordem de solicita e a disponibilidade de espa.</s>
    <s>SESS DE COMUNICAES</s>
    <s>Cultura historiogrca e Hist de Alagoas;</s>
    <s>Historiografia, teoria e metodologia;</s>
    <s>Diversidade cultural e ico-racial;</s>
    <s>Patrim cultural;</s>
    <s>Arquivos: acervos e polcas</s>
    <s>Cultura e Identidade;</s>
    <s>Hist e Poder;</s>
    <s>Hist e Gro;</s>
    <s>Hist e Literatura;</s>
    <s>Ensino de Hist e Educa</s>
    <s>ESTRUTURA DO EVENTO</s>
    <s>8h -</s>
    <s>8h - Mini-cursos</s>
    <s>8h - Mini-cursos</s>
    <s>8h - Mini-cursos</s>
    <s>9h45 - Mesas-redondas</s>
    <s>9h45 - Mesas-redondas</s>
    <s>9h45 - Mesas-redondas</s>
    <s>14h - Credenciamento;</s>
    <s>13h - Apresenta cultural;</s>
    <s>13h - Apresenta cultural;</s>
    <s>13h - Apresenta cultural;</s>
    <s>14h - Sessde Comunicas.</s>
    <s>14h - Sessde Comunicas.</s>
    <s>14h - Mesas-redondas.</s>
    <s>16h30 - Reunide Trabalho;</s>
    <s>16h30 - Conferia de encerramento;</s>
    <s>17h30 - Programa cultural</s>
    <s>17h30 - Lanento de livros- Dirceu Lindoso</s>
    <s>Programa cultural</s>
    <s>18:00 - Confraterniza</s>
    <s>19h30 - Apresenta cultural; Homenagem a Dirceu Lindoso e Conferia de abertura</s>
    <s>18:30h - F das Graduas</s>
    <s>19:00h - Assembl Geral da ANPUH-AL</s>
    <s>PROGRAMAO DO EVENTO</s>
    <s>CONFERCIA DE ABERTURA:</s>
    <s>Convidado: Durval Muniz de Albuquerque Junior (UFRN).</s>
    <s>Presidente Nacional da ANPUH</s>
    <s>Tema: Hist e diversidade</s>
    <s>Local: Audit JoSampaio - Faculdade de Ciias Sociais Aplicadas - FCSA/CESMAC (Rua Co Machado, s/n)</s>
    <s>Hora: 19h30</s>
    <s>CONFERCIA DE ENCERRAMENTO:</s>
    <s>Convidado: Luiz So de Almeida (FEJAL/CESMAC)</s>
    <s>Tema: Cultura e minorias sociais em Alagoas</s>
    <s>Local: Tenda Cultural - Campus A. C. Sim/p&gt;</s>
    <s>Hora: 16h30</s>
    <s>MESA 01 (23/09 - 9h30)</s>
    <s>TEMA: Hist, sociedade, gro e violia</s>
    <s>MEDIADOR: Profa. Irani da Silva Neves (SEE)</s>
    <s>Ca Nonato (UFAL) - Historiografia e crime: estudos e debates</s>
    <s>Rute Vasconcelos (UFAL) - Os tra constituintes e constitutivos da violia em tempos de modernidade lida: ofracasso da palavra e o nreconhecimento do outro como um sujeito de direitos.</s>
    <s>Maria Alcina Ramos de Freitas - Homofobia e homossexualidades: uma anse da prca curricular na escola pa alagoana</s>
    <s>MESA 02 (23/09 - 9h30)</s>
    <s>TEMA: Livros didcos de Hist.</s>
    <s>MEDIADOR: Ana Luiza Araorto (IFAL)</s>
    <s>Wesley Garcia Ribeiro Silva (UFRN) - As polcas pas sobre o livro didco</s>
    <s>Itamar Freitas (UFS) - A questindna no livro didco</s>
    <s>Nanci Helena Rebou Franco (CEDU/UFAL) -</s>
    <s>MESA 03 (23/09 - 9h30)</s>
    <s>TEMA: Agenda Alagoas: Tecnologias Sociais, Hist e Periferia</s>
    <s>MEDIADORA: Daniela Bulh(IFAL)</s>
    <s>Rosana vilela e Luiz So de Almeida (UFAL e CESMAC) - O Negro em Alagoas: a doenFalciforme;</s>
    <s>Lenilda Austrilino (Secretaria Estadual de Ciia e Tecnologia de Alagoas) - A Inova Tecnola em alagoas;</s>
    <s>Viviane Rodrigues (Secreta do CEPA - Um Quilombo Chamado Jacintinho)- Periferia e Movimentos Culturais: a forma no bairro Jacintinho, Macei;</s>
    <s>Zo Boi - A Hist do Bumba-Meu-Boi em Alagoas;</s>
    <s>Pai Elias - A Hist do Maracatu em Alagoas.</s>
    <s>MESA 04 (24/09 - 9h30)</s>
    <s>TEMA: Trabalhadores e esquerda em Alagoas</s>
    <s>MEDIADOR: Alberto Saldanha (ICHICA/UFAL)</s>
    <s>Airton de Souza Melo - Operos teis Sindicalismo e Repressem Alagoas</s>
    <s>Anderson Vieira Moura - Os comunistas e os trabalhadores urbanos em Alagoas.</s>
    <s>Osvaldo Maciel (UFAL): Imprensa Opera em Alagoas</s>
    <s>MESA 05 (24/09 - 9h30)</s>
    <s>TEMA: Sem terras de Alagoas: hist e reforma agra</s>
    <s>MEDIADOR: Juliana Alves de Andrade (UFRPE)</s>
    <s>Josarlos Lima (CPT/AL)</s>
    <s>Dra Nunes (MST)</s>
    <s>Cro Albuquerque (UFAL/Campus Arapiraca)</s>
    <s>Antonio Barbosa L(UNEAL)</s>
    <s>Josascimento (UFAL)</s>
    <s>MESA 06 (24/09 - 9h30)</s>
    <s>TEMA: Religiosidade afrobrasileira</s>
    <s>MEDIADOR: Irani da Silva Neves (SEE)</s>
    <s>Irineia Franco (UFAL) - Fontes Histas sobre as ReligiAfro-Brasileiras</s>
    <s>Clo Correia de AraUNEAL) - Religiosidade afrobrasileira em Macei&gt;</s>
    <s>Paulo Vitor de Oliveira (N de Cultura Aforbrasileira Iya Ogun T- O Candomblm Alagoas.</s>
    <s>Pai Co (Casa de Iemanj- Cultos afrobrasileiros em Alagoas</s>
    <s>MESA 07 (25/09 - 9h30)</s>
    <s>TEMA: Polca e Sociedade em Alagoas</s>
    <s>MEDIADOR: Osvaldo Maciel</s>
    <s>Douglas Apratto Ten (FEJAL/CESMAC): Arcaismo polco e tentativas de moderniza.</s>
    <s>Alberto Saldanha (ICHCA/UFAL) - O &quot;populismo&quot; e a tradi trabalhista</s>
    <s>Golbery Lessa - Trabalhadores, modernidade e cidadania em Alagoas</s>
    <s>MESA 08 (25/09 - 9h30)</s>
    <s>TEMA: Hist, Mem e Teatro no Nordeste</s>
    <s>MEDIADOR: Cro Pcles DE Carvalho (UFAL)</s>
    <s>Prof. Dr. Flo Weinstein Teixeira (UFPE) - Teatro de Estudante de Pernambuco (TEP): caminhos da renova cultural em Pernambuco</s>
    <s>Prof. MSc. Sio Onofre Seixas de AraUFAL/Polo Penedo) -</s>
    <s>Prof. MSc. Ronaldo de Andrade Silva (UFAL/ICHCA-TEATRO) -</s>
    <s>MESA 09 (25/09 - 9h30)</s>
    <s>TEMA: dios de Alagoas: Temas e problemas</s>
    <s>MEDIADOR: Gilberto Geraldo Ferreira (SEE)</s>
    <s>Cotidiano indna:</s>
    <s>Rogo Rodrigues e Cro Pereira</s>
    <s>Geografia indna:</s>
    <s>So de Almeida (FEJAL/CESMAC) e Gilberto Ferreira</s>
    <s>Historiografia indna:</s>
    <s>Amaro Ho Leite da Silva (IFAL) e Aldemir Barros</s>
    <s>Etno-Hist indna:</s>
    <s>Ivan Soares e Jorge Vieira (FEJAL/CESMAC)</s>
    <s>MESA 10 (25/09 - 14:00h)</s>
    <s>TEMA: Negros em Alagoas</s>
    <s>MEDIADOR: Marcos Ricardo Lima (Campus SertUFAL)</s>
    <s>Clara Suassuna Fernandes (UFAL) - O aluno negro urbanoou remanescente de quilombono ensino mo e superior - excluse inclus/p&gt;</s>
    <s>Zezito AraFEJAL/CESMAC) - As comunidades quilombolas em Alagoas</s>
    <s>Cristiano Barros (ITERAL) -</s>
    <s>Maria ter Ferreira da Silva (UFAL/Campus Arapiraca) - Quilombos em Alagoas: Mem, Identidade e Exclus/p&gt;</s>
    <s>MESA 11 (25/09 - 14:00h)</s>
    <s>TEMA: O arquivo do DOPS em Alagoas: percursos de um acervo</s>
    <s>MEDIADOR: Alberto Saldanha (ICHICA/UFAL).</s>
    <s>Fernando Medeiros (CEDU/UFAL) - Alagoas nos arquivos das polas polcas e dos os de seguran</s>
    <s>Cristiane Cyrino EstevOliveira (Diretora do Sistema de Bibliotecas da UFAL)</s>
    <s>Pedro LuRocha Montenegro (Secreto Municipal de Direitos Humanos, SeguranComunita e Cidadania).</s>
    <s>FUM DE GRADUAO (23/09 - 19h)</s>
    <s>Ana Luiza Araorto (IFAL)</s>
    <s>Profa. Dra. Ana Clia Aymorartins - Coordenador do Curso de Bacharelado em Hist da UFAL/Campus A. C. Sim</s>
    <s>Prof. Dr. Alberto Vivar Flores - Coordenador do Curso de Licenciatura em Hist da UFAL/Campus A. C. Sim</s>
    <s>Coordenador do Curso de Licenciatura em Hist da UFAL/Campus Sert</s>
    <s>Prof. MSc. Francisco Pinto - Coordenador do Curso de Licenciatura em Hist da UNEAL/Arapiraca;</s>
    <s>Profa. Francisca Maria Neta - Coordenador do Curso de Licenciatura em Hist da UNEAL/Palmeira dos dios;</s>
    <s>Profa. Clia de Almeida - Coordenadora do Curso de Licenciatura em Hist do CESMAC</s>
    <s>LANMENTOS E HOMENAGENS</s>
    <s>Homenagem Especial:</s>
    <s>Tarde de autfos de Dirceu Lindoso</s>
    <s>Sexta-feira - 24/09/2010</s>
    <s>Local: Tenda Cultural - Campus da UFAL Maceitrong&gt;</s>
    <s>Hora: 17h30</s>
    <s>P Mundo (Ed. Joslio, 1981);</s>
    <s>Uma cultura em Quest a alagoana (Macei981);</s>
    <s>DiferenSelvagem (Civiliza Brasileira, 1983);</s>
    <s>Liberdade e Socialismo (Ed. Ampm, Rio de Janeiro, 1987);</s>
    <s>O Mar das Lajes (Edufal, 1999);</s>
    <s>Forma de Alagoas Boreal (Catavento, 2000);</s>
    <s>A Interpreta da Provia (2 edi pela Edufal, 2005);</s>
    <s>Marenem&gt; (Imprensa Oficial, 2006);</s>
    <s>As invens da escrita (Imprensa Oficial, 2006);</s>
    <s>A Utopia Armada (1 edi, Paz e Terra; 2 edi pela Edufal);</s>
    <s>Poder Quilombola (Edufal, 2007);</s>
    <s>Ensaios de Etnologia Geral/Dois Estudos de Etnologia (Edufal, 2009).</s>
    <s>Mini-curso 01: Fazendo Hist a partir das indicas contidas nas Luas</s>
    <s>Prof. Dr. William de Siqueira PiauFilosofia)</s>
    <s>Profa. Dra. Juliana Cecci Silva (Letras)</s>
    <s>Resumo: no ano de 1710 o filo alemG. W. Leibniz (1646-1716) publica na &quot;Ata dos eruditos da Academia de Berlim&quot; (espe de revista acadca) o texto &quot;Breve plano das reflexsobre as origens dos povos a partir das indicas contidas nas luas&quot; (Brevis designatio meditationum de Originibus Gentium, ductis potissimum ex indicio linguarum) ainda into em lua portuguesa do Brasil. Alde ser considerado um marco inaugural nas reflexsobre linga hista, trata-se de (como o pro tlo esclarece) uma se de consideras em torno da possibilidade de reconstituir a Hist da origem de variados povos a partir das Luas que foram faladas em determinadas regi o que na ca (slo XVIII) era uma maneira nova de se fazer Hist. Pretendemos discutir o primeiro rascunho da tradu do texto com uma se de consideras que o contextualize e mostrem de que maneira a investiga filola e etimola, isto como as ferramentas da Linga Hista Comparativa podem contribuir em muito para a realiza da pesquisa hista.</s>
    <s>Mini-curso 02: As letras do racismo</s>
    <s>Profa. Ana Ma Henriques Lopes - Doutora em Hist (UFMG) e professora de Hist da rica na Universidade Federal de Alagoas.</s>
    <s>Resumo: Discursos estigmatizantes que identificam caractericas fcas ra do carr e da inteligia de alguns indivos fomentaram prcas de segrega que chegaram a questionar a humanidade da popula negra. Neste curso pretendemos discutir a forma de alguns desses discursos e a sua longa permania em nossa sociedade.</s>
    <s>Mini-curso 03: Educa e diversidade ico-racial</s>
    <s>Prof. MSc. Clo Correia de Ara professor da UNEAL.</s>
    <s>Resumo: Prope, nesse mini-curso, uma anse uz do Estudos Culturais acerca das transformas histas que caracterizam o momento atual, no que diz respeito aos processos de forma de identidades coletivas e seus impactos no campo da educa. Nesse sentido, cabe igualmente uma reflexem torno da implementa da Lei 10.639, que torna obrigat o ensino da hist da rica e da cultura afro-brasileira na educa bca brasileira, considerando-se a trajet brasileira de defini de um sentido de povo e na. Ainda nessa dire, iremos discutir os desafios para a constru de polcas educacionais orientadas pelo respeito iversidade cultural, tendo como foco o caso alagoano, suas especificidades histas e culturais.</s>
    <s>Mini-curso 04: RadiodifusComunita: democratiza da comunica e mobiliza social.</s>
    <s>Prof. Dr. Mac-Dawison Buarque Lins Costa - professor do Campus Arapiraca da Universidade Federal de Alagoas.</s>
    <s>Profa. MSc. La Ramires - professora do Campus Sertda Universidade Federal de Alagoas.</s>
    <s>Resumo: O curso possibilita uma aproxima teo-prca sobre a radiodifuscomunita como fator de democratiza da comunica e como elemento essencial a conquista do direito de acesso nforma e aos conteculturais, bem como do direito ao exerco de uma radiodifusdemocratizada e participativa, nos maios diversos setores da sociedade. Para tal, o curso aborda, inicialmente, o surgimento da atividade comunita de ro e televiscomo ma independente, a partir da observa hista do feno das ros livres, populares e alternativas em diversas partes do mundo; assim como a sua evolu diante do avantecnolo. Ademais, procura dotar o po das nos jurcas pertinentes utorga de autoriza para execu do servide radiodifuscomunita (RadCom).</s>
    <s>Mini-curso 05: Uma centelha no canavial: a rebelidos trabalhadores rurais da cana-de-aar em Alagoas.</s>
    <s>Prof. MSc. Cro Ferreira de Albuquerque - Professor da Universidade Federal de Alagoas (UFAL), graduado em Hist e mestre em Sociologia, membro do Gupo de Pesquisa Trabalho e Contemporo, autor de &quot;Cana, Casa e Poder&quot;, publicado pela Edufal.</s>
    <s>Resumo: A realidade de pobreza tem levado os trabalhadores canavieiros a desencadear um processo de luta polca into na hist de Alagoas. Nos os quatro anos um conjunto de manifestas tomou conta dos canaviais, milhares de trabalhadores pararam suas atividades, fecharam estradas, ocuparam parques industrias reclamando melhores condis de trabalho e maiores salos. Tais manifestas dconta de um processo histo marcado pelo aprofundamento da explora capital e trabalho no contexto da reestrutura produtiva. Compreender tal dinca tarefa que nos motiva.</s>
    <s>Mini-curso 06: Jogos da Mem: entre o lembrar e o esquecer</s>
    <s>Prof. Ms. Wesley Garcia Ribeiro Silva - UFRN - Possui Gradua (2007) e Mestrado (2010) em Hist pela Universidade Federal do Rio Grande do Norte - UFRN, atualmente rofessor Substituto do Departamento de Hist da UFRN e consultor tico do Memorial do PNLD.</s>
    <s>Resumo: Este Mini-Curso pretende discutir relas entre a disciplina hista e a constru da mem. Durante muito tempo a hist foi identificada em. Dessa rela, mitos de origens e regimes identitos foram sendo elaborados e institus. Nobstante, a partir da inscri de um carr cientco da hist, de uma &quot;hist-crca&quot; operou-se uma dissocia, uma oposi entre os dois termos. Por mais que uma sobreposi ou uma dissocia radical, a escrita da hist contempora vem privilegiando estudos que procuram problematizar a mem pela hist, destacando os jogos de lembrar e de esquecer em que se inserem os grupos sociais. desse percurso relacional entre mem e hist - de identifica/ oposi/ problematiza - que o Mini-Curso se prop debater, procurando destacar a pra dimenshumana da temporalidade.</s>
    <s>Mini-curso 07: Copistas, tradutores e autores: a circula dos livros na Idade Ma.</s>
    <s>Profa. Dra. Raquel de Fma Parmegiani - Professora de Hist Antiga e Medieval do curso de Hist da UFAL</s>
    <s>Profa. Ms. Roberta Magalh Miquelanti - Professora de Filosofia Medieval do curso de Filosofia da UFAL.</s>
    <s>Resumo: O minicurso tem o objetivo pensar o universo dos livros na Idade Ma a partir de duas perspectivas: num primeiro momento abordaremos abordado o universo das bibliotecas e as prcas de leitura na Alta Idade Ma; a segunda parte tratara circula e tradu de textos filosos que retornaram ao ocidente latino pela mdos bes a partir do slo XI.</s>
    <s>Mini-curso 08: A hist e a cultura indna na sala de aula</s>
    <s>Prof. MSc. Gilberto Geraldo Ferreira</s>
    <s>Possui gradua em Historia, Especialista em Forma de Professores em Geo-Hist e Mestrado em Educa Brasileira - todos pela Universidade Federal de Alagoas - UFAL. Atualmente rofessor titular das Secretarias Municipal (Macei Estadual (Alagoas) de Educa. Principais temas de atua: hist, cultura, identidade e educa escolar indna.</s>
    <s>Resumo: Estudo dos processos de forma dos povos indnas de Alagoas em face contradis da implementa e obrigatoriedade do ensino da hist e cultura indna nos estabelecimentos de ensino fundamental e mo, po e privado.</s>
    <s>Mini-curso 09: Entre linhas e entrelinhas: a constru da consciia hista nas aulas de Hist na Educa Bca.</s>
    <s>Profa. Juliana de Andrade - Licenciada em Hist- UFAL, Mestre em Hist- UFPB e Doutoranda- UFPE. Professora de Metodologia do Ensino de Hist da UFRPE</s>
    <s>Resumo: Este curso pretende debater o processo de aprendizagem dos contede Hist pelos alunos do Ensino fundamental e Mo. Para isso, discutiremos os elementos que compos saberes docentes, tais como: os instrumentos de organiza do trabalho docente, os contedisciplinares selecionados, as linguagens (som, imagem, fotografias) utilizadas, e os procedimentos. Nesse sentido, nosso objetivo azer um debate sobre os saberes e prcas fundamentais ao professor de hist para a constru de uma aula problematizadora, logo, a forma da consciia critica dos alunos.</s>
    <s>Mini-curso 10: Contribuis para o ensino de Hist Africana, Afrobrasileira e Indna na sala de aula.</s>
    <s>Prof. Marcus Swell BrandMenezes (SEMED) - Licenciado em Hist (UFAL); Especialista em Geo-Hist (UFAL); Praduando em GestPa Municipal (UFAL) e Membro do N de Estudos e Pesquisas sobre a Diversidade nicorracial (NEDER/SEMED/Macei/p&gt;</s>
    <s>Profa. Ana Carla Farias Alves (SEMED / SEE) - Graduada em Hist (UFPB) e praduada em Forma Docente para o Ensino das Ciias Humanas aplicadas duca Bca (UFAL)</s>
    <s>Resumo: Perspectivas e possis abordagens da hist da rica, da hist Afrobrasileira e Indna no ensino bco a partir das leis 10.639/03 e 11.645/08.</s>
    <s>Mini-curso 11: Produ textual para o ensino da Hist no Ensino Fundamental.</s>
    <s>Profa. Regina Lucia Buarque da Silva - Licenciada em Letras e Mestra em Educa - linha de pesquisa: Educa e Linguagem (UFAL).</s>
    <s>Profa. Quita Pereira de Assis - Licenciada em Pedagogia e Mestra em Educa - linha de pesquisa: Educa e Linguagem (UFAL).</s>
    <s>Resumo: Este curso tem por objetivo promover um espade debates e discussteas que norteara realiza de oficinas pedagas de produ de textos nas aulas de Hist do ensino fundamental, a partir da interdisciplinaridade entre as disciplinas de Hist e Lua Portuguesa, em que, utilizando-se de ticas desta, buscaremos desenvolver um trabalho mais rico e eficaz daquelas objetivando construirmos com os alunos uma Hist viva e eficaz que rompa com a velha, mas infelizmente, ainda corrente, imagem de Hist como um &quot;saber ine chato&quot; (ENGEL, 2004). Abordaremos tambas possibilidades de aprimoramento das prcas de leitura e produ de textos a partir do saber histo e fazendo da disciplina Hist um lugar tambresponsl pelo aprofundamento da lua escrita.</s>
    <s>Associa Nacional de Hist - ANPUH / SessAlagoas</s>
    <s>Associa Nacional de Hist - ANPUH / SessAlagoas;</s>
    <s>Universidade Federal de Alagoas - UFAL;</s>
    <s>Instituto Federal de Alagoas - IFAL.</s>
    <s>FAPEAL; SEMED; SEE;</s>
    <s>VALOR DAS INSCRIES</s>
    <s>ATO EVENTO</s>
    <s>quite com a anuidade de 2010</s>
    <s>A taxa deve ser depositada na conta poupando Banco do Brasil, Agia 3057-0, Conta Poupann 19504-9, Varia: 01, (Em nome de Sio Onofre S de Ara</s>
    <s>SECRETARIA DO EVENTO</s>
    <s>Universidade Federal de Alagoas - UFAL</s>
    <s>Instituto de Ciias Humanas, Comunica e Artes - ICHCA</s>
    <s>Sala do Centro de Pesquisa e Documenta Hista - CPDHIS</s>
    <s>Campus A. C. Sim BR 104 norte - km-96,7,</s>
    <s>Tabuleiro do Martins, Macei - CEP.: 57072-970.</s>
    <s>Fones: (82) 9972-4362 / 9993-0100 / 3214-1340 (CPHIS) /</s>
    <s>9993-0100 (Sio Onofre) / 9978-57663 (Ana Luiza);</s>
    <s>COMISS ORGANIZADORA</s>
    <s>Dr. Luiz So de Almeida (FEJAL/CESMAC);</s>
    <s>Dr. Ca Nonata (ICHCA/UFAL);</s>
    <s>Dr. Clara Suassuna (ICHCA/UFAL);</s>
    <s>Dr. Alberto Vivar Flores (ICHCA/UFAL);</s>
    <s>Dr. Mac-Davison Buarque Lins Costa (UFAL/C. Arapiraca)</s>
    <s>MSc. Clo Correia de AraUNEAL);</s>
    <s>MSc. Fernando Antonio Mesquita de Medeiros (CEDU/UFAL);</s>
    <s>Msc. Sio Onofre Seixas de AraUFAL/C. Arapiraca);</s>
    <s>MSc. Amaro Ho Leite da Silva (IFAL);</s>
    <s>Msc. Ana Luiza Araorto (SEMED);</s>
    <s>MSc. Quita Pereira de Assis (SEE);</s>
    <s>MSc. Regina LBuarque da Silva (SEE - SEMED);</s>
    <s>COMISS CIENTICA</s>
    <s>Dr. Luiz So de Almeida (FEJAL/CESMAC);</s>
    <s>Dr. Douglas Apratto Ten (FEJAL/CESMAC);</s>
    <s>Dr. Itamar Freitas (UFRN);</s>
    <s>Dr. Margarida Dias de Oliveira (UFRN);</s>
    <s>Dr. Clara Suassuna Fernandes (ICHCA/UFAL);</s>
    <s>Dr Ca Nonata (ICHCA/UFAL);</s>
    <s>Dr. Ana Ma Henriques Lopes (ICHCA/UFAL);</s>
    <s>Dr Leda Maria de Almeida (CEDU/UFAL);</s>
    <s>Dr. Mac-Davison Buarque Lins Costa (C. Arapiraca/UFAL);</s>
    <s>Dr. Alberto Vivar Flores (ICHCA/UFAL);</s>
    <s>Ms. Clo Correia de Ara/p&gt;</s>
    <s>Ms. Amaro Ho Leite da Silva (IFAL);</s>
    <s>Ms. Fernando Ant Mesquita de Medeiros;</s>
    <s>Ms. Sio Onofre Seixas de AraC. Arapiraca/UFAL);</s>
    <s>Ms. Ana Luiza Araorto (SEMED - IFAL);</s>
    <s>Compartilhe |</s>
    <s>ANPUH-AL - Associa Nacional de Hist - Se Alagoas</s>
    <s>Pna Inicial | II Encontro Estadual de Hist | Filia | Quem somos</s>
    <s>Grupos de Trabalhos | Agenda | Notas | Publicas</s>
    <s>Links | Anpuh Nacional | ContatoCopyright 2010 - Todos os direitos reservados</s>
  </text>
</page>
