<?xml version="1.0" encoding="UTF-8"?>
<!DOCTYPE page SYSTEM "page.dtd">
<page>
  <lang>pt</lang>
  <url>http://pt.wikipedia.org/wiki/Usu%25C3%25A1rio_Discuss%25C3%25A3o:201.37.59.153</url>
  <title>Usuário Discussão:201.37.59.153 – Wikipédia, a enciclopédia livre</title>
  <snippet>
    <s>e atuou no comitê de organização e de programa de diversas conferências ( incluindo </s>
  </snippet>
  <text>
    <s>Usuário Discussão:201.37.59.153</s>
    <s>Origem: Wikipédia, a enciclopédia livre.</s>
    <s>Ir para: navegação, pesquisa</s>
    <s>Carlos Becker Westphall - professor titular do Departamento de Informática e Estatística da Universidade Federal de Santa Catarina que prestou serviços para classe de professores universitários do Brasil ao atuar no GT (Grupo de Trabalho) Fundações do ANDES-SN (Sindicato Nacional dos Docentes das Instituições de Ensino Superior) no período em que foi Diretor da APUFSC (Associação dos Professores da UFSC). Também contribuiu no combate ao Assédio Moral como diretor da Seção Sindical do ANDES-SN na UFSC. Fundador e supervisor do LRG (Laboratório de Redes e Gerência) da UFSC. Fundou a conferência LANOMS (Latin American Network Operations and Management Symposium). Também prestou serviços: para IEEE atuando no CNOM (Committe on Network Operation and Management); para IFIP atuando no &quot;WG6.6 - Management of Networks and Distributed Systems&quot;; para Elsevier como editor do COMNET (Computer Networks Journal); e para Springer como editor sênior do JNSM (Journal of Network and Systems Management).</s>
    <s>1 Notabilidade</s>
    <s>2 Contribuições ao ANDES-SN e APUFSC</s>
    <s>3 Contribuições ao LRG e UFSC</s>
    <s>4 Contribuições para Periódicos e Conferências</s>
    <s>5 Links Externos</s>
    <s>6 Referências</s>
    <s>[editar] Notabilidade</s>
    <s>Carlos Becker Westphall publicou um artigo em 1984, intitulado &quot;Receiver for modem in accordance with CCITT Recommendation V.22&quot;, permitindo o desenvolvimento deste tipo de modem no Brasil. Defendeu a primeira dissertação de mestrado no Brasil sobre Gerência de Redes, intitulada &quot;Proposition for Data Communications Management Functions&quot; em 1988. Foi o Professor Tutular mais jovem do Brasil nas Universidades Federais com 31 anos de idade, em 1993. Outras publicações importantes são: &quot;OSI Usage Metering Function for the OSIMIS Management Platform&quot;, em 1996; &quot;Distributed Network Management Using SNMP, Java, WWW and CORBA&quot;, em 2000, &quot;Decentralized Network Management Using Distributed Artificial Intelligence&quot;, em 2001; &quot;Grids of Agents for Computer and Telecommunication Network Management&quot;, em 2004, e &quot;Intrusion Detection Techniques in Grid and Cloud Computing Environment&quot;, em 2010. Tem mais de 400 publicações e contribuiu no comitê de organização e de programa de mais de 265 conferências na área de redes de computadores e gerência de redes.</s>
    <s>[editar] Contribuições ao ANDES-SN e APUFSC</s>
    <s>Como diretor da APUFSC o professor Carlos Becker Westphall atuou, principalmente, na Comissão para Incorporação e Extensão da URP (Unidade de Referência de Preço) e GT Fundações, atuando também no GT Fundações do ANDES-SN. Posteriormente como diretor da Seção Sindical do ANDES-SN na UFSC se dedicou no combate ao Assédio Moral.</s>
    <s>[editar] Contribuições ao LRG e UFSC</s>
    <s>Como fundador e Supervisor do LRG (Laboratório de Redes e Gerência) da UFSC o professor Carlos Becker Westphall coordenou diversos projetos de pesquisa aprovados e fomentados pelo CNPq, orientando doutorandos, mestrandos, trabalhos de conclusão de cursos e bolsistas. O LRG foi pioneiro internacionalmente na solução de diversos aspectos relacionados com plataformas para gerência de redes, gerência proativa a autonômica, segurança e gerência de redes, gerência de redes distribuída, gerência para computação em grade e computação em nuvem.</s>
    <s>[editar] Contribuições para Periódicos e Conferências</s>
    <s>O professor Carlos Becker Westphall atuou como membro do corpo editorial de diversos periódicos (incluindo periódicos da Elsevier, Springer, IEEE ) e atuou no comitê de organização e de programa de diversas conferências (incluindo conferências da IEEE, IFIP, ACM, SBC, SBrT ). Além de ter realizado e colaborado em mais de 390 publicações.</s>
    <s>[editar] Links Externos</s>
    <s>Carlos Becker Westphall</s>
    <s>JNSM da Springer</s>
    <s>COMNET da Elsevier</s>
    <s>IEEE CNOM</s>
    <s>IFIP WG6.6</s>
    <s>[editar] Referências</s>
    <s>http://www.informatik.uni-trier.de/~ley/db/indices/a-tree/w/Westphall:Carlos Becker.html</s>
    <s>http://scholar.google.com.br/scholar?hl=pt-BR&amp;q=carlos++westphall&amp;btnG=Pesquisar&amp;lr=&amp;as ylo=&amp;as vis=0</s>
    <s>http://en.scientificcommons.org/carlos becker westphall</s>
    <s>http://en.scientificcommons.org/carlos westphall</s>
    <s>http://books.google.com/books?&amp;as brr=0&amp;as epq=Carlos+Becker+Westphall</s>
    <s>Informações sobre esta página</s>
    <s>Esta página é uma página de discussão de um endereço numérico de IP que serve para colocar mensagens destinadas a pessoas que utilizem este endereço IP e que não tenham criado uma conta na Wikipédia. Notar que normalmente os endereços IP são alterados constantemente e podem ser utilizados em simultâneo por várias pessoas. Por isso pode receber mensagens nesta página que se destinem eventualmente a outra pessoa que utilize ou tenha utilizado também este endereço IP. Para evitar eventuais confusões ou bloqueios que se destinem a outros usuários crie uma conta ou entre numa que já tenha criado. Para mais informações consulte as páginas de ajuda: como criar uma conta e por que criar uma conta?</s>
    <s>[WHOIS · RBLs · Traceroute · Cidade · verificar TOR · Busca ] · Regionais: [América · Europa · África · Ásia-Pacífico · América latina/Caraíbas ] Contrib. globais · Bloqueios · Bloqueios gama IP · Bloqueios globais</s>
    <s>Obtida de &quot;http://pt.wikipedia.org/w/index.php?title=Usu%C3%A1rio Discuss%C3%A3o:201.37.59.153&amp;oldid=26249917&quot;</s>
    <s>Universidade Federal de Santa Catarina</s>
    <s>Pesquisadores do Brasil</s>
    <s>Ferramentas pessoais</s>
    <s>Entrar / criar conta</s>
    <s>Espaços nominais</s>
    <s>Página de usuário(a)</s>
    <s>Ver histórico</s>
    <s>Página principal</s>
    <s>Conteúdo destacado</s>
    <s>Eventos atuais</s>
    <s>Página aleatória</s>
    <s>Informar um erro</s>
    <s>Página de testes</s>
    <s>Portal comunitário</s>
    <s>Mudanças recentes</s>
    <s>Criar página</s>
    <s>Páginas novas</s>
    <s>Criar um livro</s>
    <s>Descarregar como PDF</s>
    <s>Versão para impressão</s>
    <s>Páginas afluentes</s>
    <s>Alterações relacionadas</s>
    <s>Carregar ficheiro</s>
    <s>Páginas especiais</s>
    <s>Ligação permanente</s>
    <s>Esta página foi modificada pela última vez à(s) 00h43min de 27 de julho de 2011.</s>
    <s>Este texto é disponibilizado nos termos da licença Atribuição - Partilha nos Mesmos Termos 3.0 Não Adaptada (CC BY-SA 3.0); pode estar sujeito a condições adicionais. Consulte as condições de uso para mais detalhes.</s>
    <s>Política de privacidade</s>
    <s>Sobre a Wikipédia</s>
    <s>Avisos gerais</s>
    <s>Versão móvel</s>
    <s>Utilize o botão &quot;Antever resultado&quot; antes de gravar, por favor. e)</s>
  </text>
</page>
