<?xml version="1.0" encoding="UTF-8"?>
<!DOCTYPE page SYSTEM "page.dtd">
<page>
  <lang>pt</lang>
  <url>http://www.flordeutopia.pt/</url>
  <title>Flor de Utopia :: Sistemas de Informação, Internet e Multimédia</title>
  <snippet>
    <s>O webChairing é um sistema de suporte à gestão científica de conferências, dos artigos na conferência, desde a sua submissão até à aceitação/rejeição final , </s>
  </snippet>
  <text>
    <s>A implementaçao do produto WorkingOnWeb no ambito do projecto OpenNet - Open Interconnect for the Internet Community foi um sucesso, tendo sido referenciada pela Comissao Europeia no seu relatorio final, baseado na avaliaçao ao projecto pela Direcçao Geral de Sistemas de Informaçao e Multimedia: &quot; The collaboration web site is of high quality, both in terms of presentation and functionality and gives a good insight into the work carried out during the project. &quot;</s>
    <s>Iniciada campanha do novo produto rdonweb.</s>
    <s>A Flor de Utopia mudou de instalaçoes. Agora estamos na Rua Dom Joao de Castro, Lote 15 - Loja G.</s>
    <s>Lançado o novo Website da empresa juntamente com uma nova imagem.</s>
  </text>
</page>
