<?xml version="1.0" encoding="UTF-8"?>
<!DOCTYPE page SYSTEM "page.dtd">
<page>
  <lang>pt</lang>
  <url>http://www.ilo.org/ilolex/portug/docs/C160.htm</url>
  <title>Welcome to Adobe GoLive 6</title>
  <snippet>
    <s>A Conferência Geral da Organização Internacional do Trabalho: Após ter decidido adoptar diversas propostas relativas à revisão da Convenção (nº quando tal for apropriado, as taxas de salários ao tempo e a duração normal do trabalho; . e verificará se deverá inscrever-se na ordem de trabalhos da Conferência a </s>
  </snippet>
  <text>
    <s>&gt; &gt; Convençao nº 160</s>
    <s>&gt;&gt; Convençao sobre as estatisticas do trabalho</s>
    <s>&gt;&gt; A Conferencia Geral da Organizaçao Internacional do Trabalho:</s>
    <s>&gt;&gt; Convocada para Genebra pelo conselho de administraçao da Repartiçao Internacional do Trabalho, e ai reunida a 7 de Junho de 1985, na sua 71.ª sessao;</s>
    <s>&gt;&gt; Apos ter decidido adoptar diversas propostas relativas a revisao da Convençao (nº 63) sobre as estatisticas dos salarios e das horas de trabalho, 1938, questao que constitui o 5 ponto da ordem de trabalhos da sessao;</s>
    <s>&gt;&gt; Considerando que essas propostas devem tomar a forma de uma convençao internacional;</s>
    <s>&gt;&gt; adopta, aos 25 dias do mes de Junho de 1985, a seguinte Convençao, que sera denominada Convençao sobre as Estatisticas do Trabalho, 1985:</s>
    <s>&gt;&gt; I</s>
    <s>&gt;&gt; Disposiçoes gerais</s>
    <s>&gt;&gt; Artigo 1</s>
    <s>&gt;&gt; Qualquer membro que ratifique a presente Convençao compromete-se a recolher, compilar e publicar regularmente estatisticas de base do trabalho, que deverao, tendo em conta os seus recursos, alargar-se progressivamente aos seguintes dominios:</s>
    <s>&gt;&gt;&gt; a) A populaçao activa, o emprego, o desemprego, se houver razao para tal, e, se possivel, o subemprego visivel;</s>
    <s>&gt;&gt;&gt; b) A estrutura e repartiçao da populaçao activa, a fim de se poder proceder a analises aprofundadas e de se dispor de dados de referencia;</s>
    <s>&gt;&gt;&gt; c) Os ganhos medios e a duraçao media do trabalho (horas efectivamente trabalhadas ou horas remuneradas) e, quando tal for apropriado, as taxas de salarios ao tempo e a duraçao normal do trabalho;</s>
    <s>&gt;&gt;&gt; d) A estrutura e repartiçao dos salarios;</s>
    <s>&gt;&gt;&gt; e) O custo da mao-de-obra;</s>
    <s>&gt;&gt;&gt; f) Os indices dos preços no consumidor;</s>
    <s>&gt;&gt;&gt; g) As despesas domesticas ou, quando tal for apropriado, as despesas familiares e, se possivel, os rendimentos domesticos ou, quando tal for apropriado, os rendimentos familiares;</s>
    <s>&gt;&gt;&gt; h) As lesoes profissionais e, tanto quanto possivel, as doenças profissionais;</s>
    <s>&gt;&gt;&gt; i) Os conflitos de trabalho.</s>
    <s>&gt;&gt; Artigo 2</s>
    <s>&gt;&gt; Por altura da elaboraçao ou da revisao dos conceitos, das definiçoes e da metodologia utilizados para a recolha, compilaçao e publicaçao das estatisticas requeridas em virtude da presente Convençao, os membros devem tomar em consideraçao as normas e directivas mais recentes estabelecidas sob os auspicios da Organizaçao Internacional do Trabalho.</s>
    <s>&gt;&gt; Artigo 3</s>
    <s>&gt;&gt; Quando da elaboraçao ou da revisao dos conceitos, das definiçoes e da metodologia utilizados para a recolha, compilaçao e publicaçao das estatisticas requeridas em virtude da presente Convençao, as organizaçoes representativas dos empregadores e dos trabalhadores, quando as houver, devem ser consultadas, para que as suas necessidades sejam tidas em conta e fique assegurada a sua colaboraçao.</s>
    <s>&gt;&gt; Artigo 4</s>
    <s>&gt;&gt; Nada na presente Convençao impoe a obrigaçao de publicar ou revelar dados que ocasionem, de qualquer maneira, a divulgaçao de informaçoes relativas a uma unidade estatistica individual tal como uma pessoa, um agregado familiar, um estabelecimento ou uma empresa.</s>
    <s>&gt;&gt; Artigo 5</s>
    <s>&gt;&gt; Qualquer membro que ratifique a presente Convençao compromete-se a comunicar a Repartiçao Internacional do Trabalho, logo que tal seja viavel, as estatisticas compiladas e publicadas em virtude da Convençao, e informaçoes relativas a publicaçao daquelas e, em particular:</s>
    <s>&gt;&gt;&gt; a) As informaçoes apropriadas aos meios de difusao utilizados (titulos e numeros de referencia no caso de publicaçoes impressas ou descriçoes equivalentes no caso de dados difundidos sob qualquer outra forma);</s>
    <s>&gt;&gt;&gt; b) As datas ou os periodos mais recentes para os quais estao disponiveis as diversas especies de estatisticas e as datas da sua publicaçao ou difusao.</s>
    <s>&gt;&gt; Artigo 6</s>
    <s>&gt;&gt; Descriçoes pormenorizadas das fontes, dos conceitos, das definiçoes e da metodologia utilizados por ocasiao da recolha e compilaçao das estatisticas em conformidade com a presente Convençao devem ser:</s>
    <s>&gt;&gt;&gt; a) Produzidas e actualizadas para reflectir as mudanças significativas;</s>
    <s>&gt;&gt;&gt; b) Comunicadas a Repartiçao Internacional do Trabalho logo que tal for realizavel;</s>
    <s>&gt;&gt;&gt; c) Publicadas pelo organismo nacional competente.</s>
    <s>&gt;&gt; II</s>
    <s>&gt;&gt; Estatisticas de base do trabalho</s>
    <s>&gt;&gt; Artigo 7</s>
    <s>&gt;&gt; Devem ser compiladas estatisticas correntes sobre a populaçao activa, o emprego, o desemprego, se houver razao para isso, e, se possivel, o subemprego visivel, de modo que elas representem o conjunto do pais.</s>
    <s>&gt;&gt; Artigo 8</s>
    <s>&gt;&gt; Para se poder proceder a analises aprofundadas e dispor de dados de referencia, devem ser compiladas estatisticas sobre a estrutura e repartiçao da populaçao activa, de modo que representem o conjunto do pais.</s>
    <s>&gt;&gt; Artigo 9</s>
    <s>&gt;&gt;&gt; 1 - Devem ser compiladas estatisticas correntes sobre os ganhos medios e a duraçao media do trabalho (horas efectivamente trabalhadas ou horas remuneradas) para todas as categorias importantes de assalariados e todos os ramos importantes de actividade economica, de modo que essas estatisticas representem o conjunto do pais.</s>
    <s>&gt;&gt;&gt; 2 - Quando tal for apropriado, devem ser compiladas estatisticas sobre as taxas de salario ao tempo e a duraçao normal do trabalho, para profissoes ou grupos importantes de profissoes em ramos de actividade economica importantes, de modo que essas estatisticas representem o conjunto do pais.</s>
    <s>&gt;&gt; Artigo 10</s>
    <s>&gt;&gt; Devem ser compiladas estatisticas sobre a estrutura e repartiçao dos salarios, para ramos importantes de actividade economica.</s>
    <s>&gt;&gt; Artigo 11</s>
    <s>&gt;&gt; Devem ser compiladas estatisticas sobre o custo da mao-de-obra para ramos importantes de actividade economica. Essas estatisticas devem, se possivel, ser compativeis com os dados sobre o emprego e a duraçao do trabalho (horas efectivamente trabalhadas ou horas remuneradas) que abranjam o mesmo campo.</s>
    <s>&gt;&gt; Artigo 12</s>
    <s>&gt;&gt; Devem ser calculados indices de preços no consumidor, a fim de medir as variaçoes no tempo dos preços de artigos representativos dos habitos de consumo de grupos de populaçao significativos ou do conjunto da populaçao.</s>
    <s>&gt;&gt; Artigo 13</s>
    <s>&gt;&gt; Devem ser compiladas estatisticas sobre as despesas domesticas ou, quando tal for apropriado, sobre as despesas familiares e, se possivel, sobre os rendimentos domesticos ou, quando tal for apropriado, sobre os rendimentos familiares, para todas as categorias e dimensoes de agregados familiares privados ou de familias, de modo que essas estatisticas representem o conjunto do pais.</s>
    <s>&gt;&gt; Artigo 14</s>
    <s>&gt;&gt;&gt; 1 - Devem ser compiladas estatisticas sobre as lesoes profissionais, de modo que representem o conjunto do pais, e, se possivel, para todos os ramos de actividade economica.</s>
    <s>&gt;&gt;&gt; 2 - Tanto quanto possivel, devem ser compiladas estatisticas sobre as doenças profissionais para todos os ramos de actividade economica, de modo que representem o conjunto do pais.</s>
    <s>&gt;&gt; Artigo 15</s>
    <s>&gt;&gt; Devem ser compiladas estatisticas sobre os conflitos de trabalho, de modo que representem o conjunto do pais, e, se possivel, para todos os ramos de actividade economica.</s>
    <s>&gt;&gt; III</s>
    <s>&gt;&gt; Aceitaçao das obrigaçoes</s>
    <s>&gt;&gt; Artigo 16</s>
    <s>&gt;&gt;&gt; 1 - Qualquer membro que ratifique a presente Convençao deve aceitar, em virtude das obrigaçoes gerais referidas na parte I, as obrigaçoes decorrentes da Convençao no que diz respeito a um ou a mais artigos da parte II.</s>
    <s>&gt;&gt;&gt; 2 - Qualquer membro deve especificar, na sua ratificaçao, o artigo ou artigos da parte II para os quais aceita as obrigaçoes decorrentes da presente Convençao.</s>
    <s>&gt;&gt;&gt; 3 - Qualquer membro que tenha ratificado a presente Convençao pode posteriormente notificar ao director-geral da Repartiçao Internacional do Trabalho que aceita as obrigaçoes decorrentes da Convençao no que respeita a um ou a mais artigos da parte II que nao tenham ja sido especificados na sua ratificaçao. Essas notificaçoes terao força de ratificaçao desde a data da sua comunicaçao.</s>
    <s>&gt;&gt;&gt; 4 - Qualquer membro que tenha ratificado a presente Convençao deve expor, nos seus relatorios sobre a aplicaçao da Convençao apresentados em virtude do artigo 22 da Constituiçao da Organizaçao Internacional do Trabalho, a posiçao da sua legislaçao e da sua pratica quanto aos dominios cobertos pelos artigos da parte II para os quais nao tenha aceitado as obrigaçoes decorrentes da Convençao, precisando em que medida foi dado efeito ou se tenciona dar efeito ao disposto na Convençao relativamente a esses dominios.</s>
    <s>&gt;&gt; Artigo 17</s>
    <s>&gt;&gt;&gt; 1 - Qualquer membro pode limitar inicialmente o campo das estatisticas visadas pelo artigo ou artigos da parte II para os quais tenha aceitado as obrigaçoes decorrentes da presente Convençao a certas categorias de trabalhadores, certos sectores da economia, certos ramos de actividade economica ou certas regioes geograficas.</s>
    <s>&gt;&gt;&gt; 2 - Qualquer membro que limite o campo das estatisticas em cumprimento do paragrafo 1 supra deve indicar, no seu primeiro relatorio sobre a aplicaçao da Convençao apresentado em virtude do artigo 22 da Constituiçao da Organizaçao Internacional do Trabalho, o artigo ou artigos da parte II aos quais se aplica essa limitaçao, precisando a natureza e as razoes da mesma; deve expor nos seus relatorios ulteriores os progressos que pode realizar ou que se propoe realizar para incluir outras categorias de trabalhadores, sectores da economia, ramos de actividade economica e regioes geograficas.</s>
    <s>&gt;&gt;&gt; 3 - Apos ter consultado as organizaçoes representativas dos empregadores e dos trabalhadores interessadas, qualquer membro pode, em cada ano, numa declaraçao comunicada ao director-geral da Repartiçao Internacional do Trabalho no mes que seguir a data da entrada em vigor inicial da Convençao, introduzir, no plano tecnico, limitaçoes ulteriores no campo das estatisticas abrangidas pelo artigo ou artigos da parte II para os quais tenha aceitado as obrigaçoes decorrentes da Convençao. Essas declaraçoes entrarao em vigor um ano depois de terem sido registadas. Qualquer membro que introduza tais limitaçoes devera fornecer, nos seus relatorios sobre a aplicaçao da Convençao apresentados em virtude do artigo 22 da Constituiçao da Organizaçao Internacional do Trabalho, os pormenores mencionados no paragrafo 2 do presente artigo.</s>
    <s>&gt;&gt; Artigo 18</s>
    <s>&gt;&gt; A presente Convençao reve a Convençao sobre as Estatisticas dos Salarios e Horas de Trabalho, 1938.</s>
    <s>&gt;&gt; IV</s>
    <s>&gt;&gt; Disposiçoes finais</s>
    <s>&gt;&gt; Artigo 19</s>
    <s>&gt;&gt; As ratificaçoes formais da presente Convençao serao comunicadas ao director-geral da Repartiçao Internacional do Trabalho e por ele registadas.</s>
    <s>&gt;&gt; Artigo 20</s>
    <s>&gt;&gt;&gt; 1 - A presente Convençao obrigara apenas os membros da Organizaçao Internacional do Trabalho cuja ratificaçao tenha sido registada pelo director-geral.</s>
    <s>&gt;&gt;&gt; 2 - Entrara em vigor 12 meses depois de as ratificaçoes de dois membros terem sido registadas pelo director-geral.</s>
    <s>&gt;&gt;&gt; 3 - Posteriormente, esta Convençao entrara em vigor para cada membro 12 meses apos a data em que tiver sido registada a sua ratificaçao.</s>
    <s>&gt;&gt; Artigo 21</s>
    <s>&gt;&gt;&gt; 1 - Qualquer membro que tenha ratificado a presente Convençao pode denuncia-la quando da expiraçao de um periodo de 10 anos apos a data da entrada em vigor inicial da Convençao, por um acto comunicado ao director-geral da Repartiçao Internacional do Trabalho e por ele registado. A denuncia entrara em vigor apenas um ano depois de ter sido registada.</s>
    <s>&gt;&gt;&gt; 2 - Qualquer membro que tenha ratificado a presente Convençao e que, no prazo de um ano apos a expiraçao do periodo de 10 anos mencionado no paragrafo anterior, nao fizer uso da faculdade de denuncia prevista pelo presente artigo ficara obrigado por um novo periodo de 10 anos e, posteriormente, podera denunciar a presente Convençao quando da expiraçao de cada periodo de 10 anos nas condiçoes previstas no presente artigo.</s>
    <s>&gt;&gt;&gt; 3 - Depois de ter consultado as organizaçoes representativas dos empregadores e dos trabalhadores interessadas, qualquer membro que tenha ratificado a presente Convençao pode, quando da expiraçao de um periodo de cinco anos apos a data da entrada em vigor inicial da Convençao, por uma declaraçao comunicada ao director-geral da Repartiçao Internacional do Trabalho, retirar a sua aceitaçao das obrigaçoes decorrentes da Convençao no que respeite a um ou mais artigos da parte II, com a condiçao de que mantenha a sua aceitaçao dessas obrigaçoes no que respeite pelo menos a um desses artigos. Essa declaraçao entrara em vigor apenas um ano depois de registada.</s>
    <s>&gt;&gt;&gt; 4 - Qualquer membro que tenha ratificado a presente Convençao e que, no prazo de um ano apos a expiraçao do periodo de cinco anos mencionado no paragrafo 3 supra, nao fizer uso da faculdade prevista nesse paragrafo ficara obrigado pelos artigos da parte II em virtude dos quais aceitou as obrigaçoes decorrentes da Convençao, durante um novo periodo de cinco anos e, posteriormente, pode retirar a sua aceitaçao dessas obrigaçoes quando da expiraçao de cada periodo de cinco anos nas condiçoes previstas no presente artigo.</s>
    <s>&gt;&gt; Artigo 22</s>
    <s>&gt;&gt;&gt; 1 - O director-geral da Repartiçao Internacional do Trabalho notificara a todos os membros da Organizaçao Internacional do Trabalho o registo de todas as ratificaçoes e denuncias que lhe forem comunicadas pelos membros da Organizaçao.</s>
    <s>&gt;&gt;&gt; 2 - Ao notificar aos membros da Organizaçao o registo da segunda ratificaçao que lhe tiver sido comunicada, o director-geral chamara a atençao dos membros da Organizaçao para a data em que a presente Convençao entrara em vigor.</s>
    <s>&gt;&gt; Artigo 23</s>
    <s>&gt;&gt; O director-geral da Repartiçao Internacional do Trabalho comunicara a Secretaria-Geral das Naçoes Unidas, para efeitos de registo, de acordo com o artigo 102 da Carta das Naçoes Unidas, informaçoes completas sobre todas as ratificaçoes e todos os actos de denuncia que tiver registado de acordo com os artigos anteriores.</s>
    <s>&gt;&gt; Artigo 24</s>
    <s>&gt;&gt; Sempre que o considere necessario, o conselho de administraçao da Repartiçao Internacional do Trabalho apresentara a Conferencia Geral um relatorio sobre a aplicaçao da presente Convençao e verificara se devera inscrever-se na ordem de trabalhos da Conferencia a questao da sua revisao total ou parcial.</s>
    <s>&gt;&gt; Artigo 25</s>
    <s>&gt;&gt;&gt; 1 - Se a Conferencia vier a adoptar uma nova convençao que reveja total ou parcialmente a presente Convençao, e a nao ser que a nova convençao disponha de outra forma:</s>
    <s>&gt;&gt;&gt; a) A ratificaçao por um membro da nova convençao que efectua a revisao implicara de pleno direito, nao obstante o artigo 21 da presente Convençao, a denuncia imediata desta, desde que a nova convençao que efectua a revisao tenha entrado em vigor;</s>
    <s>&gt;&gt;&gt; b) A partir da data de entrada em vigor da nova convençao que efectua a revisao, a presente Convençao deixara de estar aberta a ratificaçao pelos membros.</s>
    <s>&gt;&gt;&gt; 2 - A presente Convençao manter-se-a, todavia, em vigor na sua forma e conteudo para os membros que a tiverem ratificado e que nao ratificarem a convençao que efectua a revisao.</s>
    <s>&gt;&gt; Artigo 26</s>
    <s>&gt;&gt; As versoes francesa e inglesa do texto da presente Convençao fazem igualmente fe.</s>
  </text>
</page>
