<?xml version="1.0" encoding="UTF-8"?>
<!DOCTYPE page SYSTEM "page.dtd">
<page>
  <lang>pt</lang>
  <url>http://www.slideshare.net/redejovensdacapital/manual-para-ajudar-nas-inscries-conferncia-jovens-da-capital</url>
  <title>Manual para ajudar nas inscrições - Conferência Jovens da Capital</title>
  <snippet>
    <s>Se a pessoa quiser só fazer a inscrição para a Conferência, sem a camiseta oficial do evento, ela paga a taxa normal de R$15,00, que apenas pode ser paga </s>
  </snippet>
  <text>
    <s>SlideShare. Present yourself.</s>
    <s>Login or Signup</s>
    <s>Go Pro</s>
    <s>Manual para ajudar nas inscrições - Conferência Jovens da Capital</s>
    <s>1 month ago</s>
    <s>Favorited ×</s>
    <s>Copy and paste this code into your blog or website Copy Customize Without related content Start from slide number 1 2 3 4 5 6 7 8 9 Size (px) 460 x 349 Shortcode for WordPress.com blogs ? Copy Old embed code ? Copy</s>
    <s>We have emailed the verification/download link to &quot;&quot;.</s>
    <s>Login to your email and click the link to download the file directly.</s>
    <s>To request the link at a different email address, update it here. Close</s>
    <s>Validation messages. Success message. Fail message.</s>
    <s>Check your bulk/spam folders if you can't find our mail.</s>
    <s>No comments yet</s>
    <s>Embed Video Subscribe to comments</s>
    <s>Post Comment</s>
    <s>Edit your comment Cancel</s>
    <s>Speaker Notes on slide 1</s>
    <s>Manual para ajudar nas inscrições - Conferência Jovens da Capital - Presentation Transcript</s>
    <s>1. MANUAL PARA AJUDAR NAS INSCRIÇÕES</s>
    <s>2. Você sempre terá um computador com uma planilha aberta no Excel comoessa abaixo: FICHA DE INSCRIÇÃO•  O campo “Nº de Inscrição” já está automaticamente preenchido. Preencha apenas os campos seguintes.•  Se a pessoa quiser só fazer a inscrição para a Conferência, sem a camiseta oficial do evento, ela paga a taxa normal de R$15,00, que apenas pode ser paga em dinheiro.•  Se ela quiser a camiseta, a taxa é de R$40,00, que já inclui o evento e a camiseta. Nesse caso, ela pode pagar em dinheiro ou passar cartão na máquina da igreja. Não esqueça de pegar a via da loja para entregar ao tesoureiro ao final do dia.•  Marque com um “x” a coluna que mostra se o pagamento foi em cartão ou dinheiro. Lembrando que o pagamento em cartão só pode ser feito no valor de R$40,00 ou mais.•  Na coluna “Camiseta”, marque um “x” na coluna “Não”, caso ela não tenha pago por uma camiseta.•  Se ela tiver pago por uma camiseta, marque P / M / G / GG na coluna “Baby” (de Babylook) ou na coluna “Normal”, de acordo com o que a pessoa quiser.•  Termine colocando de qual igreja a pessoa é e a data da inscrição.</s>
    <s>3. Após realizar a inscrição na planilha, você precisa entregar um recibo(comprovante) para a pessoa inscrita. PREENCHENDO O RECIBO DE INSCRIÇÃOOs recibos de Inscrição são como este aqui:•  Preencha normalmente, de acordo com a inscrição que você fez previamente na planilha.•  Não esqueça de marcar se a pessoa possui ou não a camiseta. Caso ela possua, se é normal ou Babylook e o tamanho.•  O mais importante é você colocar corretamente o Nº de Inscrição no quadrado superior do lado direito, de acordo com a primeira coluna da planilha de inscrições.•  Veja dois exemplos nos próximos slides.</s>
    <s>4. EXEMPLO DE RECIBO PREENCHIDO COM CAMISETA A3XLuciana Araujo40 00X0901 X</s>
    <s>5. EXEMPLO DE RECIBO PREENCHIDO SEM CAMISETA A9Maria Cecília Almeida06 0915 00!!X</s>
    <s>6. •  Ao final das inscrições do culto que você estiver, entregue o dinheiro para um dos nossos DINHEIRO PARA OS TESOUREIROS tesoureiros, que são a Daisy e o Talles.•  Junto com um dos dois, vocês precisam conferir as inscrições feitas naquele dia e se o dinheiro está batendo direitinho.•  Eles irão preencher essa planilha aqui junto com vocês depois disso tudo:•  Lembrando que a partir dos próximos cultos, o dinheiro só poderá ser entregue para a Daisy ou para o Talles.•  Espere que o tesoureiro confira o dinheiro e as inscrições antes de ir embora.</s>
    <s>7. ESCALA DE PESSOAS EM INSCRIÇÕES E DIVULGAÇÃO</s>
    <s>8. Observações finais:•  São três planilhas, A, B e C. O número de inscrição de cada pessoa começa sempre de acordo com a planilha em que a inscrição dela foi feita.•  O número de inscrição é essencial para facilitar na hora da Conferência para entregarmos as pulseiras de entrada, portanto, prestem atenção nele.•  As planilhas A e B ficarão no Plano Piloto e a planilha C em Taguatinga.•  As camisetas serão entregues no primeiro dia da Conferência, junto com a pulseira de entrada no evento.•  Caso você esteja na escala de inscrições ou divulgação e não possa comparecer, procure outra pessoa para estar no seu lugar e comunique a liderança.•  Informe para a pessoa que se inscreveu que o Recibo de Inscrição é essencial no dia da Conferência para garantir que ela de fato se inscreveu e facilitar a entrada de todos lá na hora.•  Qualquer dúvida, entrem em contato com: -  Paula (9277-4949 – paulacalais89@gmail.com) ou -  Marlon (7816-7179 – marlon.valadao@gmail.com)</s>
    <s>9. OBRIGADA PELA AJUDA E QUE DEUS ABENÇOE VOCÊS</s>
    <s>+ Follow !Processing </s>
    <s>165 views, 0 favs, 0 embeds</s>
    <s>More by user</s>
    <s>View all presentations from this user</s>
    <s>Remove related content</s>
    <s>About this presentation</s>
    <s>Usage Rights</s>
    <s>(C) All Rights Reserved</s>
    <s>0 Favorites</s>
    <s>0 Comments</s>
    <s>0 Downloads</s>
    <s>165 Views on</s>
    <s>0 Views on</s>
    <s>165 Total Views</s>
    <s>View text version</s>
    <s>Additional Details</s>
    <s>Uploaded via SlideShare</s>
    <s>Uploaded as Adobe PDF</s>
    <s>Flagged as inappropriate Flag as inappropriate Flag as inappropriate</s>
    <s>Select your reason for flagging this presentation as inappropriate. If needed, use the feedback form to let us know more details.</s>
    <s>None Pornographic Defamatory Illegal/Unlawful Spam Other Terms Of Service Violation Cancel</s>
    <s>File a copyright complaint</s>
    <s>jovens da capital</s>
    <s>modal signup</s>
    <s>Learn About Us</s>
    <s>Our Blog</s>
    <s>Contact us</s>
    <s>Help &amp; Support</s>
    <s>Using SlideShare</s>
    <s>SlideShare 101</s>
    <s>Terms of Use</s>
    <s>Privacy Policy</s>
    <s>Copyright &amp; DMCA</s>
    <s>Community Guidelines</s>
    <s>SlideShare Outside</s>
    <s>SlideShare Mobile New</s>
    <s>Facebook App</s>
    <s>LinkedIn App</s>
    <s>Widgets for your blog</s>
    <s>Pro &amp; more</s>
    <s>Go PRO</s>
    <s>Business Solutions</s>
    <s>Advertise with us</s>
    <s>Get featured on homepage</s>
    <s>Developers &amp; API</s>
    <s>Developers Section</s>
    <s>Developers Group</s>
    <s>Engineering Blog</s>
    <s>SlideShare is the world's largest community for sharing presentations. Upload and share on blogs, Twitter, Facebook or LinkedIn. Over 60 million people use SlideShare every month for research, sharing ideas, connecting with others, and generating business leads. SlideShare also supports documents, PDFs, and videos. Get an account.</s>
    <s>Follow @SlideShare</s>
    <s>(C) 2011 SlideShare Inc. All rights reserved.</s>
    <s>FavoritedYou could add some tags too</s>
    <s>Have an opinion? Make a quick comment as well. Cancel</s>
    <s>Edit your favorites</s>
    <s>É um prazer te ter por aqui.</s>
    <s>E a gente se encontra pessoalmente no sábado às 20h ;))</s>
  </text>
</page>
