<?xml version="1.0" encoding="UTF-8"?>
<!DOCTYPE page SYSTEM "page.dtd">
<page>
  <lang>pt</lang>
  <url>http://cajanmed.wordpress.com/2011/07/12/programacao-9%25C2%25AA-conferencia-municipal-de-cuiaba/</url>
  <title>Programação 9ª Conferência Municipal de Cuiaba « CAJAN</title>
  <snippet>
    <s>12 jul. 2011 Coordenador: Antônio Pires – Secretário de Saúde de Cuiabá e Presidente do CMS. em Saúde Coletiva pela Universidade Federal de Mato Grosso – Assessora de Guest; Iniciar Sessão; Iniciar Sessão; Iniciar Sessão </s>
  </snippet>
  <text>
    <s>Pular para o conteúdo</s>
    <s>Centro Academico Joao Alberto Novis</s>
    <s>Oficina de Iniciação em Clown</s>
    <s>Por que contribuir com o CAJAN</s>
    <s>João Alberto Novis</s>
    <s>Ajudinha Acadêmica</s>
    <s>Programação 9ª Conferência Municipal de Cuiaba</s>
    <s>12 12UTC julho 12UTC 2011</s>
    <s>por cajanmed</s>
    <s>“Todos usam o SUSSUS na Seguridade Social, Política Pública e Patrimônio do</s>
    <s>Povo Brasileiro!!”</s>
    <s>LOCAL: HOTEL FAZENDA MATO GROSSO</s>
    <s>13/07/2011 (Quarta Feira)</s>
    <s>19:00 h – Credenciamento</s>
    <s>19:30 h – Abertura Oficial</s>
    <s>Composição da Mesa Oficial:</s>
    <s>Coordenador: Antônio Pires - Secretário de Saúde de Cuiabá e Presidente do CMS.</s>
    <s>- Exibição do Cordel do SUS</s>
    <s>Programação Cultural</s>
    <s>20:00 h - Conferência de Abertura: Organização do Sistema de Serviços de Saúde de Cuiabá-MT</s>
    <s>Conferencista: Antônio Pires - Secretário de Saúde de Cuiabá e Presidente do CMS.</s>
    <s>20:15 h – Política Nacional de Saúde</s>
    <s>Palestrante: Representante do Ministério da Saúde</s>
    <s>20:30 h – Conferência Magna: “Todos usam o SUSSUS na seguridade social, política pública e patrimônio do povo brasileiro!!”</s>
    <s>Conferencista: Dr. Júlio Strubing Muller Neto – Doutor em Saúde Pública</s>
    <s>Coordenador: Euze Márcio de Carvalho – Coordenador da 9ª Conferência Municipal de Saúde de Cuiabá.</s>
    <s>21:15 h – Debate</s>
    <s>22:00 h - Encerramento</s>
    <s>14/07/2011 (Quinta – Feira)</s>
    <s>8:00 h - Leitura e aprovação do Regimento da 9º Conferência Municipal de Saúde de Cuiabá.</s>
    <s>Coordenador: Euze Márcio de Carvalho – Coordenador da 9º Conferência Municipal de Saúde de Cuiabá e Secretário Adjunto de Assistência/SMS-Cuiabá</s>
    <s>9:00 h - Análise da Situação de Saúde de Cuiabá</s>
    <s>Palestrante: Ms. Nilva Maria Fernandes de Campos – Mestre em Saúde Coletiva pela Universidade Federal de Mato Grosso - Assessora de Planejamento e Gestão SMS-Cuiabá.</s>
    <s>9:45 – Controle Social: Conferência de Saúde, Conselho Municipal de Saúde e Ouvidoria</s>
    <s>Palestrante: Ms. Maria Ângela Conceição Martins – Mestre em Saúde Coletiva pela Faculdade de Ciências Médicas da Santa Casa de São Paulo - Vice-Presidente do Conselho Municipal de Saúde.</s>
    <s>10:15 h – MESA 1: ACESSO E ACOLHIMENTO</s>
    <s>Conferencista:  Ms. Fátima Ticianel Schrader – Mestre em Saúde Coletiva pela UFMT-Universidade Federal de Mato Grosso</s>
    <s>11:00 h - MESA 2: GESTÃO DO SUS</s>
    <s>Conferencista: Dra. Wildce da Graça Araújo Costa - Doutora em Saúde Pública pela FSP-Universidade de São Paulo</s>
    <s>Coordenadora de Mesa: Nilva Maria Fernandes (Assessora de Planejamento/SMS)</s>
    <s>Debatedores: Representante da Secretaria Municipal de Saúde de Cuiabá</s>
    <s>Representante do Conselho Municipal de Saúde de Cuiabá</s>
    <s>11:45 h - Debate</s>
    <s>12:30 h – Almoço</s>
    <s>13:30 h – MESA 3: PARTICIPAÇÃO DA COMUNIDADE</s>
    <s>Conferencista: Ms. Maria Salete Ribeiro - Mestre em Serviço Social pela Pontifícia Universidade Católica do Rio Grande do Sul</s>
    <s>Coordenador de Mesa: Narciso Santana da Silva (Conselheiro Municipal de Saúde/CMS-Cbá)</s>
    <s>Debatedores: Representante da Secretaria Municipal de Saúde de Cuiabá</s>
    <s>Representante do Conselho Municipal de Saúde de Cuiabá</s>
    <s>14:15 h – Debate</s>
    <s>15:00 h – Trabalhos em Grupo/Eixo</s>
    <s>18:00 h - Encerramento</s>
    <s>15/11/09 (Sexta – Feira)</s>
    <s>08:00 h – Dinâmica de Abertura</s>
    <s>Rosean Glória (Bia)</s>
    <s>08:30 h – Retomada dos Trabalhos em Grupo/Eixo</s>
    <s>12:00 h – Almoço</s>
    <s>13:00 h – Plenária Final e Eleição de Delegados para a 7ª Conferência Estadual de Saúde</s>
    <s>18:00 h – Encerramento</s>
    <s> Texto na integra:Programação 9ª Conferência</s>
    <s>Like this:</s>
    <s>Be the first to like this post.</s>
    <s>from -&gt; Informativo</s>
    <s>&lt;- 9ª Conferência Municipal de Saúde de Cuiabá</s>
    <s>CAJAN solicita reunião com a Pró-Reitoria -&gt;</s>
    <s>No comments yet</s>
    <s>Deixar uma Resposta Cancelar resposta</s>
    <s>Escreva o seu comentário aqui </s>
    <s>Iniciar Sessão</s>
    <s>Iniciar Sessão</s>
    <s>Iniciar Sessão</s>
    <s>Email (obrigatório) (Not published)</s>
    <s>Nome (obrigatório)</s>
    <s>!WordPress.com Logo</s>
    <s>Please log in to WordPress.com to post a comment to your blog.</s>
    <s>!Imagem do Twitter</s>
    <s>You are commenting using your Twitter account. ( Log Out )</s>
    <s>!Facebook photo</s>
    <s>You are commenting using your Facebook account. ( Log Out )</s>
    <s>Connecting to %s</s>
    <s>Notificar-me os comentários mais recentes via e-mail.</s>
    <s>Notifique-me de novos artigos por e-mail</s>
    <s>Oficina de Iniciação em Clown</s>
    <s>O que e o CAJAN?</s>
    <s>Finalidades Do CAJAN</s>
    <s>Estatuto do CAJAN</s>
    <s>Órgãos Subsidiários</s>
    <s>Projetos CAJAN</s>
    <s>Acadêmicos no País das Medicinas – Ciclo de Palestras Mensais</s>
    <s>Como Cancelar sua Contribuição</s>
    <s>Blog no WordPress.com.</s>
    <s>Theme: Vigilance by The Theme Foundry.</s>
    <s>Follow CAJAN</s>
    <s>Get every new post delivered to your Inbox.</s>
    <s>Powered by WordPress.com</s>
  </text>
</page>
