<?xml version="1.0" encoding="UTF-8"?>
<!DOCTYPE page SYSTEM "page.dtd">
<page>
  <lang>pt</lang>
  <url>http://www.adsum.com.br/siteAdsum/adsum/adsumConference.jsp</url>
  <title>Adsum | Vídeo Conferência</title>
  <snippet>
    <s>O Adsum® Conferência é um ambiente virtual que simula uma sala de conferência Esse ambiente prevê a presença de um palestrante, responsável pela Os participantes podem pedir a palavra e, se concedida, têm a possibilidade de </s>
  </snippet>
  <text>
    <s>Adsum® Conference</s>
    <s>Ambiente virtual ideal para conferias, palestras e aulas, para n ilimitado de participantes.</s>
    <s>O Adsum® Conferia m ambiente virtual que simula uma sala de conferia presencial. Esse ambiente prev presende um palestrante, responsl pela condu do evento, comporta a participa de uma plateia ilimitada e otado de sofisticados recursos de apoio, chamados de recursos de colabora. Os participantes podem pedir a palavra e, se concedida, ta possibilidade de interagir com o palestrante e serem vistos e ouvidos por toda a audiia. Os participantes podem estar em qualquer parte do mundo, acessando a sala de conferia da Plataforma Adsum® via Internet. A intera ealizada utilizando-se webcam, microfone e fones de ouvido ou simplesmente via chat.</s>
    <s>Caractericas principais</s>
    <s>baseado em web, nrequer instala, exceto do driver de captura para quem necessitar exibir sua tela *</s>
    <s>multiplataforma (Windows, Linux e MacOS)e multibrowser(IE, Firefox, Safari e Chrome)</s>
    <s>checagem automca da banda de conexcom a internet</s>
    <s>n ilimitado de participantes</s>
    <s>palestrante responsl pela coordena do evento e pelo uso dos recursos de colabora</s>
    <s>disponibilidade de chat po e privado</s>
    <s>painel de feedback da plat para o palestrante</s>
    <s>todas as funcionalidades sassistidas por um recurso de ?Ajuda? para orientar a utiliza</s>
    <s>para a funcionalidade de Captura de Tela, ecessa a instala de um driver (somente para aquele que captura a tela)</s>
    <s>Recursos de colabora</s>
    <s>Transferia de arquivo</s>
    <s>Lousa(quadro branco)</s>
    <s>Editor de texto</s>
    <s>Apresenta de slides</s>
    <s>Compartilhamento de imagem</s>
    <s>Exibi de vo</s>
    <s>Gerador de ata</s>
    <s>Captura de tela</s>
    <s>Grava do evento</s>
    <s>Por favor espere enquanto meus tweets carregam.</s>
    <s>(C) 2010</s>
    <s>AD INFINITUM SOLUES</s>
    <s>Termos de uso Privacidade</s>
  </text>
</page>
