<?xml version="1.0" encoding="UTF-8"?>
<!DOCTYPE page SYSTEM "page.dtd">
<page>
  <lang>pt</lang>
  <url>http://www.orkut.com/CommMsgs%3Ftid%3D2470055637762027750%26cmm%3D7032611%26hl%3Dpt-BR</url>
  <title>orkut - Adesão de Bezerra de Menezes ao Espiritismo</title>
  <snippet>
    <s>&quot;Conferência Espírita - Hoje às 7 horas da noite, no salão da Guarda Velha, O orador, por mais de uma hora, teve presa a atenção de seus ouvintes, que o </s>
  </snippet>
  <text>
    <s>Conteúdo disponível apenas no novo orkut</s>
    <s>O conteúdo que você procura só está disponível na nova versão do orkut. Você pode voltar para esta versão a qualquer momento.</s>
    <s>Levaremos você para o novo orkut agora.</s>
    <s>página inicial |</s>
    <s>participe do orkut</s>
    <s>An error ocurred!</s>
    <s>Memória Espírita</s>
    <s>(5.700 membros)</s>
    <s>ver perfil</s>
    <s>Adesão de Bezerra de Menezes ao Espiritismo</s>
    <s>Início &gt; Comunidades &gt; Religiões e Crenças &gt; Memória Espírita &gt; Fórum: &gt; Adesão de Bezerra de Menezes ao Espiritismo</s>
    <s>primeira | &lt; anterior | próxima &gt; | última mostrando 1-6 de 6</s>
    <s>Adesão de Bezerra de Menezes ao Espiritismo</s>
    <s>Adesão de Bezerra de Menezes ao Espiritismo</s>
    <s>Na reunião a seguir, o Dr. Adolpho Bezerra de Menezes aderiu publicamente ao Espiritismo.</s>
    <s>Naquela época era preciso muita coragem para fazer isso. Sua adesão chocou muitas pessoas e fez com que muitos antigos amigos se afastassem dele.</s>
    <s>Esse foi um dia de glória para o Espiritismo no Brasil.</s>
    <s>&quot;Conferência Espírita - Hoje às 7 horas da noite, no salão da Guarda Velha, à Rua do Senador Dantas, fará a Federação Espírita Brasileira uma conferência sobre o Espiritismo, sendo o orador o Exmo. Sr. Dr. Adolfo Bezerra de Menezes. Entrada Franca. - O Secretário, R. Nunes Victoria.&quot; (Diário de Notícias, 16 de Agosto de 1886)</s>
    <s>&quot;A Federação Espírita Brasileira faz hoje uma conferência, às 7 horas da tarde, no salão da Guarda Velha, sendo orador o Sr. Dr. A. Bezerra de Menezes.&quot; (O Paiz, 16 de Agosto de 1886)</s>
    <s>&quot;Conferência Espírita - Foi grande ontem a concorrência de senhoras e cavalheiros no salão da Guarda Velha, para ouvirem o Sr. Dr. A. Bezerra de Menezes.</s>
    <s>O orador começou explicando os motivos poderosos que o levaram a abraçar o Espiritismo, de entre os quais dominava o preceito de que os princípios da religião estão fora do alcance da compreensão da razão, preceito que assim inutiliza a ação da mais elevada faculdade do homem.</s>
    <s>Foi estudando a moral e a teogonia romana que o orador se convenceu da veracidade dos ensinos espiríticos, completamente conformes com aquela, e se discordam desta, é por ser esta, como ele demonstra, o fruto de interpretações humanas.</s>
    <s>Tratou depois largamente da Doutrina Espírita; sendo acolhido, ao terminar, por calorosos aplausos.&quot; (Diário de Notícias, 16 de Agosto de 1886)</s>
    <s>&quot;Foi grande a concorrência ontem (*) ao salão da Guarda Velha, para ouvir a conferência sobre o Espiritismo, feita pelo Sr. Dr. Bezerra de Menezes.</s>
    <s>O orador, discorrendo sobre os motivos que o levaram a abraçar a nova doutrina, fez uma brilhante comparação entre as teogonias romana e espírita, concluindo que esta e não aquela era o digno coroamento da teodicéia e da moral cristã.</s>
    <s>Demonstrou que as interpretações humanas deram à teogonia romana um caráter todo humano, rebaixando a Divindade, e fazendo nascer a descrença naqueles que buscam compreendê-la à luz da razão.</s>
    <s>O orador, por mais de uma hora, teve presa a atenção de seus ouvintes, que o receberam com uma salva de palmas ao deixar a tribuna.</s>
    <s>O salão, que comporta número superior a 1500 pessoas, esteve completamente cheio.&quot; ( O Paiz, 18 de Agosto de 1886)</s>
    <s>(*) Erro do jornal. O certo seria anteontem.</s>
    <s>&quot;Conferência Espírita. Hoje às 7 horas da noite, no Salão da Guarda Velha, à rua do Senador Dantas, fará a Federação Espírita Brasileira uma conferência sobre o Espiritismo, sendo orador o Exm. Sr. Dr. Adolpho Bezerra de Menezes. Entrada Franca. O Secretário, R. Nunes Victoria.&quot; (Diário de Notícias, 16 de Agosto de 1886)</s>
    <s>&quot;Conferência Espirita. Foi grande, ontem, a concorrência de senhoras e cavalheiros ao salão da Guarda Velha, para ouvirem o Sr. Dr. A. Bezerra de Menezes.</s>
    <s>O orador começou explicando os motivos poderosos que o levaram a abraçar o Espiritismo, de entre os quais dominava o preceito de que os princípios da religião estão fora do alcance da compreensão da razão, preceito que assim inutiliza a ação da mais elevada faculdade do homem.</s>
    <s>Foi estudando a moral e a teogonia romana que o orador se convenceu da veracidade dos ensinos espiríticos , completamente conformes com aquela, e se discordam d'esta, é por ser esta, como ele demonstra, o fruto de interpretações humanas.</s>
    <s>Tratou depois largamente da doutrina espírita; sendo acolhido, ao terminar, por calorosos aplausos.&quot; (Diário de Notícias, 17 de Agosto de 1886)</s>
    <s>&quot;Conferência. Ante um auditório de cerca de duas mil pessoas, no salão da Guarda Velha, ocupou a tribuna de conferências espiríticas, na noite de 16 do mês último, o nosso distinto confrade, ilustrado e provecto médico, o Sr. Dr. A. Bezerra de Menezes. Seu grandioso trabalho, exposição minuciosa de profundo estudo que tem feito da matéria, e das lutas que se empenharam no seu íntimo, quando, à luz da razão esclarecida, se entregou ao estudo dos dogmas e preceitos da religião romana, em que foi educado, esteve acima de todo elogio, e impressionou profundamente o ânimo de seus ouvintes.</s>
    <s>Foi belíssimo o estudo por ele feito das teogonias mosaica-romana e espirítica; demonstrando ter sido aquela um fruto de interpretações humanas, em manifesta contradição, em muitos pontos, com a moral e a teodicéia cristãs, e que por sua grandeza, simplicidade e sublimidade é a teogonia espirítica o digno coroamento, o complemento natural dessa moral e dessa teodicéia.</s>
    <s>Seus numerosos ouvintes manifestaram-lhe sua satisfação e entusiasmo acolhendo-o com uma salva de palmas, ao deixar ele a tribuna.&quot; (Reformador, 1 de Setembro de 1886)</s>
    <s>RETIRADO DO LIVRO &quot;MEMÓRIA ESPÍRITA&quot;, DE JOÃO MARCOS WEGUELIN</s>
    <s>VALE A PENA LER DE NOVO</s>
    <s>Divulguem o livro &quot;Memória Espírita&quot;</s>
    <s>primeira | &lt; anterior | próxima &gt; | última</s>
    <s>denunciar spam!</s>
    <s>« voltar aos tópicos</s>
    <s>| Sobre o orkut | Blog | Desenvolvedores | Central de segurança | Privacidade | Termos de uso | Publicidade | Ajuda</s>
  </text>
</page>
