<?xml version="1.0" encoding="UTF-8"?>
<!DOCTYPE page SYSTEM "page.dtd">
<page>
  <lang>pt</lang>
  <url>http://www.derepente.org/portal/evento/conferencia-brasileira-sobre-nagios-recruta-palestrantes/</url>
  <title>De Repente – Conferência brasileira sobre Nagios recruta palestrantes</title>
  <snippet>
    <s>3 fev. 2011 Conferência brasileira sobre Nagios recruta palestrantes e oferecerem uma introdução a algum tópico específico, ou casos de sucesso. </s>
  </snippet>
  <text>
    <s>Wiki Alagoas</s>
    <s>Alagoas Colaborativo</s>
    <s>Início \ Blog \ Conferência brasileira sobre Nagios recruta palestrantes</s>
    <s>Conferência brasileira sobre Nagios recruta palestrantes</s>
    <s>3 fevereiro, 2011 | Sem comentários | Evento</s>
    <s>A organização da 1ª Nagios World Conference da América Latina está cadastrando especialistas em monitoramento e gerenciamento para palestrar durante o evento, que será realizado de 13 a 15 de abril, em São Paulo. A conferência vai trazer Ethan Galstad, pai do Nagios, ferramenta open source de monitoramento e gerenciamento em TI com mais de 400 mil usuários em todo o mundo.</s>
    <s>Os interessados podem enviar sua proposta de palestra acompanhada de currículo no formulário contido no link: www.monitoringconferencelatinamerica.com/chamada-de-palestras. Os palestrantes selecionados terão sua inscrição gratuita para participarem de todo o evento.</s>
    <s>As palestras deverão ser realizadas em um tempo médio de 45 minutos e oferecerem uma introdução a algum tópico específico, ou casos de sucesso. As apresentações poderão ser feitas em português, espanhol ou inglês. A seleção dos palestrantes e respectivos temas será feita até o dia 15 de março.</s>
    <s>O que é Nagios?</s>
    <s>O Nagios é uma ferramenta que permite operacionalizar a detecção de alarmes, envio de notificações e visualização dos primeiros relatórios de disponibilidade de serviços de TI como e-mails, sistemas, sites. “A área de TI sobrevaloriza a ferramenta em relação ao &quot;know-how&quot; de gerenciamento. É como achar que comprar materiais de desenho de última geração vai te fazer um “DaVinci””, afirma Sandro Vaz, um dos organizadores do evento no Brasil.</s>
    <s>Fonte: Convergência Digital</s>
    <s>TAGS: Brasileira, Conferência, Nagios, palestrantes, recruta</s>
    <s>Back to Blog</s>
    <s>Posts recentes</s>
    <s>14 outubro, 2011 0 comments</s>
    <s>Governo de Alagoas inaugura telecentro em Craíbas nesta sexta-feira</s>
    <s>Leia mais </s>
    <s>14 outubro, 2011 0 comments</s>
    <s>Para a escola aproveitar o acesso do aluno à tecnologia</s>
    <s>Leia mais </s>
    <s>Deixe seu comentário</s>
    <s>Clique aqui para cancelar a resposta.</s>
    <s>N0me: (required)</s>
    <s>Email: (required, will not be published)</s>
    <s>Website: (not required)</s>
    <s>Mensagem: (required)</s>
    <s>CAPTCHA Code</s>
    <s>!Imagem CAPTCHA</s>
    <s>!Reapresentar imagem</s>
    <s>Alagoas Colaborativo (17)Alagoas no Mapa (4)Concurso (22)Cultura (10)Curso (11)Dados Abertos (72)Destaques (59)Digitalagoas (4)Edital (34)Educação (84)Evento (61)Geral (532)Jogos (53)Oficina (4)Oportunidade (133)Palestra (1)Segurança (128)Tópicos (4)</s>
    <s>Últimos comentários</s>
    <s>About 1 month ago</s>
    <s>@jorssan92RFS implanta TV Digital em AlagoasMuito bem. mas quando o sinal chega no interior ? Já passou da hora de ter chegado </s>
    <s>About 1 month ago</s>
    <s>Luiz Carlos NogueiraBenedito Bentes tem 29 Microprojetos Territórios de Paz aprovadosOlaSou Luiz Carlos formado em artes cenicas e informática profissionalizante </s>
    <s>About 1 month ago</s>
    <s>Alberto1° Conferência Internacional de Crowdsourcing, Co-Criação e ComunidadesÓtima iniciativa!O assunto não é tão novo fora do Brasil, mas dá para perceber </s>
    <s>About 2 months ago</s>
    <s>Instituto CrescerProjeto promove intercâmbio online entre professores brasileiros e de outros paísesCaros,Agradecemos a correção!-- Abraços,Equipe Instituto Crescerhttp://www.institutocrescer </s>
    <s>About 2 months ago</s>
    <s>nyrium Elenilson FariasInternautas estão se cansando das redes sociais, aponta pesquisaEnquanto diz-se que os estão se cansando dar redes ao mesmo tempo Elas são as </s>
    <s>About 2 months ago</s>
    <s>Carlos AlexandrePrêmio Alagoas de Histórias em Quadrinhos 2011Sou Alagoano e responsável pelo site www.humordaterra.com onde divulgo há mais </s>
    <s>Realização: !</s>
    <s>Integrante do Programa: !</s>
  </text>
</page>
