<?xml version="1.0" encoding="UTF-8"?>
<!DOCTYPE page SYSTEM "page.dtd">
<page>
  <lang>pt</lang>
  <url>http://conferenciadebisposindependente.weebly.com/constituiccedilatildeo.html</url>
  <title>Constituição - Conferência Episcopal de Bispos Independentes ...</title>
  <snippet>
    <s>Conferência Episcopal dos Bispos Independente- CEBI Aprovado em 15 de Novembro, 2010. Artigo Primeiro : O nome desta organização é Conferência </s>
  </snippet>
  <text>
    <s>Conferencia Episcopal de Bispos Independentes</s>
    <s>Organizaçao Eclesiastica dos Bispos Nacionais</s>
    <s>Igrejas filiadas</s>
    <s>Declaraçao de Fe</s>
    <s>Credo Social</s>
    <s>II Galeria</s>
    <s>Ficha cadastro</s>
    <s>Dretoria Executiva do CBI</s>
    <s>Brasao da Conferencia que representa a missao de cada bispo, o cajado, a Cruz, os passos de Jesus, a BIBLIA e o Globo tudo isso faz parte da missao dos bispos</s>
    <s>IDE E EVANGELIZAI!</s>
    <s>Conferencia Episcopal dos Bispos Independente- CEBI</s>
    <s>Aprovado em 15 de Novembro, 2010.</s>
    <s>Artigo Primeiro : O nome desta organizaçao e Conferencia Episcopal dos Bispos Independente - CEBI, a seguir denominada &quot;Conferencia&quot;.</s>
    <s>Artigo II - FINALIDADES: O objetivo da Conferencia e o de apoiar e incentivar a intercomunhao e comunhao entre bispos catolicos independentes para servir a Livre Fe Catolica em geral.</s>
    <s>Artigo Terceiro - FILIAÇÃO: Qualquer bispo da Igreja Catolica Apostolica legalmente consagrados na valida sucessao Apostolica e elegivel para se candidatar a adesao.</s>
    <s>Os candidatos qualificados poderao ser eleitos para a adesao por uma maioria de votos, 51%.</s>
    <s>O Socio podera ser suspenso ou rescindido por uma maioria de tres Votos / 2.</s>
    <s>Artigo Quarto - ALTERAÇÃO DA CONSTITUIÇÃO : A 3 voto majoritario / 2 dos membros da Conferencia inteiro e obrigado a emendar a Constituiçao.</s>
    <s>REGIMENTO INTERNO</s>
    <s>Conferencia Episcopal dos Bispos Independente - CEBI</s>
    <s>§ Paragrafo Único - OFICIAIS</s>
    <s>A Conferencia sera regido pela assembleia e adesao a Conferencia em sessao, e devidamente eleitas.</s>
    <s>Seçao II - Eleiçao dos dirigentes</s>
    <s>Os oficiais da Conferencia serao eleitos pelos membros do Conferencia.</s>
    <s>Diretores sao eleitos por uma maioria de 51%.</s>
    <s>Os oficiais podem ser destituidos por maioria de votos a 3 / 2.</s>
    <s>A Diretoria e composta pelo seguinte:</s>
    <s>Presidente e Secretario-Geral, cujas responsabilidades sao gerais como seguinte forma:</s>
    <s>O presidente responsabilidades incluem:</s>
    <s>Supervisionar e coordenar as atividades da Conferencia</s>
    <s>Convocar e presidir reunioes ordinarias e extraordinarias</s>
    <s>Garantir a realizaçao da Reuniao Anual, como solicitado pelo regimento interno</s>
    <s>Servir como um membro de todas as comissoes, com direito a voto e nomeaçoes ou comissoes ad hoc para a Conferencia</s>
    <s>Cadeiras nomeaçoes de todos os comites ad hoc</s>
    <s>Cadeiras de Indicaçao de todas as comissoes permanentes</s>
    <s>Atuar como principal porta-voz da Conferencia</s>
    <s>O Secretario de responsabilidades incluem:</s>
    <s>Dar aviso de reunioes</s>
    <s>Tomar e distribuiçao de atas da reuniao</s>
    <s>Manter um registro permanente de todos os processos e totalizaçao de votos</s>
    <s>Manter e fazer circular o atual Constituiçao e Estatutos</s>
    <s>Publicaçao de documentos oficiais da Conferencia</s>
    <s>atendimento gravaçao em reunioes</s>
    <s>Apresentaçao de um relatorio anual ao Presidente sobre o estado da Conferencia</s>
    <s>Seçao III - TERMOS DE SERVIÇO DE DIRIGENTES</s>
    <s>Diretores sao eleitos para um mandato de um ano, podendo ser reeleito para termos adicionais.</s>
    <s>Seçao IV - QUÓRUM E VOTAÇÃO</s>
    <s>O quorum da Conferencia e composto por um minimo de 51% dos associados com pelo menos o atual Presidente e Secretario-Geral em atendimento.</s>
    <s>Açao da Conferencia deve ser por maioria de votos, 51% do quorum, salvo indicaçao em contrario no regimento interno.</s>
    <s>Seçao V - COMISSÕES</s>
    <s>O Presidente pode nomear ad hoc e comissoes permanentes, conforme necessario.</s>
    <s>O Presidente pode nomear os presidentes de todas as comissoes ad hoc.</s>
    <s>a 51% Presidentes de cada Comissao Permanente devera ser aprovada por pelo menos um 51% ou maioria de votos.</s>
    <s>Clausula Sexta - REUNIÕES</s>
    <s>A Reuniao Anual da Conferencia sera realizada em Novembro de cada ano em data, hora e local ou por via eletronica, o Presidente podera designar, com a devida notificaçao a ser enviada a todos os membros.</s>
    <s>Qualquer membro pode participar.</s>
    <s>As reunioes extraordinarias da Conferencia pode ser chamado quando considerados necessario pelo presidente ou por 51% dos membros.</s>
    <s>Aviso de tais da reuniao pode ser fornecido por e-mail ou serviço postal, desde que tal aviso e dado pelo menos sete dias antes da reuniao.</s>
    <s>REGRAS DE ORDEM</s>
    <s>As regras de ordem sera regulamentado o procedimento parlamentar em todos os reunioes, salvo disposiçao em contrario na Constituiçao ou regimento interno.</s>
    <s>ALTERAÇÃO DOS ESTATUTOS</s>
    <s>O presente Regulamento podera ser alterado por maioria simples de votos a 3 / 2.</s>
    <s>Create a free website with Weebly</s>
  </text>
</page>
