<?xml version="1.0" encoding="UTF-8"?>
<!DOCTYPE page SYSTEM "page.dtd">
<page>
  <lang>pt</lang>
  <url>http://evtdigital.wordpress.com/2010/04/28/apresentacao-workshop-conferencia-educacao-artistica-e-educacao-tecnologica/</url>
  <title>Apresentação Workshop – Conferência Educação Artística e ...</title>
  <snippet>
    <s>28 abr. 2010 Aqui fica a apresentação que servirá de apoio à Workshop a realizar dia 28 de Abril de 2010, no Funchal – Madeira, no âmbito da Conferência </s>
  </snippet>
  <text>
    <s>Ferramentas Web, Web 2.0 e Software Livre em EVT</s>
    <s>Sobre o Estudo</s>
    <s>Guias e Manuais</s>
    <s>Lista Temática Completa</s>
    <s>« Helium Frog Animator | Início | Apresentação no Encontro &quot;As Artes na Educação&quot; »</s>
    <s>Apresentação Workshop - Conferência Educação Artística e Educação Tecnológica</s>
    <s>Aqui fica a apresentação que servirá de apoio à Workshop a realizar dia 28 de Abril de 2010, no Funchal - Madeira, no âmbito da Conferência da Educação Artística e Educação Tecnológica promovida pela APEVT - Madeira.</s>
    <s>Para acederem à apresentação, podem carregar AQUI ou na imagem abaixo para aceder à lista de aplicações que já estão listadas no estudo (e outras que estão a caminho).</s>
    <s>Gostar disto:</s>
    <s>Be the first to like this post.</s>
    <s>1. Nuno Pinto diz:</s>
    <s>Tive a oportunidade de participar num workshop na EBS de Fajões no dia 3 de Maio, desde já obrigado pelo trabalho de pesquisa e divulgação destas ferramentas. Aproveito igualmente para sugerir duas outras ferramentas que merecem figurar neste glossário. A primeira intitula-se Alchemy, foi desenvolvida por uma equipa de programadores em parceria com o artista Andrew Jones, esta ferramenta pretende afastar-nos do desenho convencional no sentido de criar resultados originais, podemos assim desenhar com formas, figuras, pincéis e uma panóplia de efeitos que nos afastam do rigor e da tendência para controlar o traço, evitando cair numa redundância pouco criativa.</s>
    <s>A segunda ferramenta consiste num addon para o GIMP, trata-se do projecto GIMPPAINTSTUDIO (GPS), desenvolvido pelo pintor Ramon Miranda e pelo desenhista e ilustrador brasileiro, Mozart Couto, em parceria com outros artistas. Na prática este addon resulta num conjunto de pincéis e parâmetros que transformam o GIMP convencional num poderoso ateliê de pintura digital, os pincéis são numerosos e extremamente realistas. O GIMP associado a este addon torna-se uma alternativa de qualidade face à oferta comercial, nomeadamente do Painter XI e do recente Photoshop CS5 que já dispõe de uma interface e instrumentos mais vocacionados para a pintura ou ilustração digital.</s>
    <s>Mais uma vez obrigado e continuação de um óptimo trabalho</s>
    <s>Informações e downloads</s>
    <s>Já agora façam uma visita ao site do Andrew Jones, vale a pena</s>
    <s>| Responder Publicado 1 year, 5 months ago</s>
    <s>jarodrigues diz:</s>
    <s>Muito obrigado por ter participado no Workshop.</s>
    <s>Peço desculpa por só agora responder mas, infelizmente, sem que saiba porquê, a sua mensagem acabou por cair no SPAM.</s>
    <s>Agradeço também, imenso, a partilha dessas ferramentas que, efectivamente não conhecia. É por estas razões que este mundo é fantástico: estamos sempre a aprender e a descobrir coisas novas.</s>
    <s>Muito obrigado pelo contributo e, até breve no EVTdigital</s>
    <s>| Responder Publicado 1 year, 5 months ago</s>
    <s>Deixar uma resposta Cancelar resposta</s>
    <s>Escreva o seu comentário aqui </s>
    <s>Iniciar sessão</s>
    <s>Iniciar sessão</s>
    <s>Iniciar sessão</s>
    <s>Email (obrigatório) (Not published)</s>
    <s>Nome (obrigatório)</s>
    <s>!WordPress.com Logo</s>
    <s>Inicie a sessão no WordPress.com para publicar um comentário no seu blog.</s>
    <s>!Imagem do Twitter</s>
    <s>You are commenting using your Twitter account. ( Log Out )</s>
    <s>!Facebook photo</s>
    <s>You are commenting using your Facebook account. ( Log Out )</s>
    <s>Connecting to %s</s>
    <s>Quero ser notificado de comentários adicionais por email.</s>
    <s>Quero ser notificado de novos posts por email.</s>
    <s>This Entry</s>
    <s>&quot;Apresentação Workshop - Conferência Educação Artística e Educação Tecnológica&quot; was written Abril 28th, 2010 by jarodrigues, and filed under EVTdigital, Workshops and com etiqueta artística, conferência, Educação, lista, tecnológica, Workshop.</s>
    <s>There are 2 responses.</s>
    <s>↓ Read comments, respond or follow responses via RSS.</s>
    <s>Trackback this entry.</s>
    <s>RSS das Entradas | RSS dos Comentários | Blog em WordPress.com. | Tema: Fauna por Noscope.</s>
    <s>Follow Ferramentas Web, Web 2.0 e Software Livre em EVT</s>
    <s>Get every new post delivered to your Inbox.</s>
    <s>Join 111 other followers</s>
    <s>Powered by WordPress.com</s>
    <s>Enviar para endereço de Email O seu nome O seu endereço de email</s>
    <s>!loading Cancelar</s>
    <s>Post não foi enviado - por favor verifique os seus endereços de email</s>
    <s>A verificação do email falhou, tente de novamente</s>
    <s>Lamentamos, mas o seu blog não pode partilhar posts por email.</s>
  </text>
</page>
