<?xml version="1.0" encoding="UTF-8"?>
<!DOCTYPE page SYSTEM "page.dtd">
<page>
  <lang>pt</lang>
  <url>http://www.hotelopia.pt/portugal/porto/porto-cidade/</url>
  <title>Porto cidade - Hotelopia hoteis</title>
  <snippet>
    <s>Hotéis Porto cidade, Porto - Reserva o teu hotel em Porto cidade. À sua espera terá um hall de entrada com recepção em funcionamento sob 24 h, cofre televisão, um restaurante climatizado, uma sala de conferências e acesso à Internet. </s>
  </snippet>
  <text>
    <s>A sua reserva</s>
    <s>Reserva de grupos</s>
    <s>no legendLíngua: English English (USA) Español Deutsch Nederlands Italiano Français Português Català Ελληνικά Dansk Svenska Español (México) Português (Brasil)R$ Australian Dollar (AUD) Dollar Canada (CAD) Dollar USA (USD) Euro (EUR) Kroner (DKK) Kronor (SEK) Norsk Krone (NOK) Peso Mexicano (MXN) Polski Zloty (PLN) Pounds Sterling (GBP) Real Brasileiro (BRL) Schweizer Franken (CHF) Singapore Dollar (SGD)</s>
    <s>Telefone-nos! 800 891 7593</s>
    <s>Refª: HOTBR   Contactos</s>
    <s>Hotéis Portugal&gt;</s>
    <s>Hotéis Porto&gt;</s>
    <s>Hotéis Porto cidade&gt;</s>
    <s>Hotéis - Porto cidade</s>
    <s>Procura e reserva o teu hotel preferido em Porto cidade temos mais de 46 hotéis disponíveis em Porto cidade, Porto. Na nossa selecção de hotéis poderás encontrar desde os mais baratos 1-3 estrelas, até aos de luxo de 4-5 estrelas. Comprova tu mesmo os nossos hotéis em Porto cidade. Poderás igualmente aproveitar as nossas ofertas e promoções e reservar o teu hotel em Porto cidade a um preço especial.</s>
    <s>Hotéis Recomendados - Porto cidade</s>
    <s>Tryp Porto Centro !stars</s>
    <s>Porto cidade, Porto</s>
    <s>avaliações: 4.2 / 5</s>
    <s>Construído em 2004, o hotel de 6 andares dispõe de um total de 62 quartos. À sua espera terá um hall de entrada com recepção em funcionamento sob 24 h, cofre, elevador e guichet para câmbio monetário. As comodidades do hotel incluem um café, um bar, um quiosque, mini-mercado, sala de televisão, um restaurante climatizado, uma sala de conferências e acesso à Internet. O hotel conta ainda com serviço de quarto e de lavandaria, como também com um parque de estacionamento.</s>
    <s>A partir deR$106Ver mais</s>
    <s>HF Ipanema Porto !stars</s>
    <s>Porto cidade, Porto</s>
    <s>avaliações: 4.2 / 5</s>
    <s>O primoroso hotel dispõe de 10 andares com um total de 150 quartos, dos quais 10 elegantes suites. À disposição dos hóspedes, um generoso hall de entrada com elevadores, cofres, guichet para câmbio monetário e uma recepção disponível 24 h por dia. O hotel conta também com uma sala de televisão, um quiosque, um bar e um agradável restaurante. Para empresários existem várias divisões para conferências e reuniões, assim como acesso à Internet. O hóspede poderá adicionalmente recorrer dos serviços de quarto, de lavandaria e assistência médica. É possível estacionar a sua viatura no parque de estacionamento mediante taxa extra.</s>
    <s>A partir deR$118Ver mais</s>
    <s>HF Ipanema Park !stars</s>
    <s>Porto cidade, Porto</s>
    <s>avaliações: 3.9 / 5</s>
    <s>O hotel dispõe de um edifício principal de 15 andares com um total de 281 quartos e 14 suites. É totalmente climatizado e dispõe de um hall de entrada com uma recepção disponível 24 h por dia. À sua disposição terá também um bar e um restaurante climatizado. O hotel conta ainda com acesso à Internet, serviço de quartos e de lavandaria, bem como com um parque de estacionamento e uma garagem (alguns destes serviços poderão ter um custo adicional).</s>
    <s>A partir deR$123Ver mais</s>
    <s>Quality Inn Portus Cale !stars</s>
    <s>Porto cidade, Porto</s>
    <s>avaliações: 4.2 / 5</s>
    <s>O hotel climatizado, inaugurado em 2001, compreende 7 andares com um total de 72 quartos, dos quais 72 duplos e uma suite. À sua disposição terá um generoso hall de entrada com elevadores, cofres de aluguer e uma recepção disponível 24 h por dia. O hotel contempla ainda uma sala de televisão, um confortável bar e uma sala de pequenos-almoços climatizada. Existem também salas de conferências e acesso à Internet (taxa extra) ao dispor de empresários. Os serviços de quarto e de lavandaria são outras das ofertas que podem ser requeridas. Os hóspedes do hotel poderão também usufruir das possibilidades de estacionamento em parque ou garagem (taxa extra).</s>
    <s>A partir deR$130Ver mais</s>
    <s>Vila Gale Porto !stars</s>
    <s>Porto cidade, Porto</s>
    <s>avaliações: 4.2 / 5</s>
    <s>Construído no ano de 1999, este hotel de 21 andares dispõe de um total de 292 quartos, dos quais 260 duplos, 13 individuais e 19 suites. À sua espera, um hall de entrada com recepção em funcionamento sob 24 h. Conta adicionalmente com um bar, uma sala para jogos, um restaurante à la carte climatizado, uma sala de televisão, salas de conferências e acesso à Internet. Terá também serviço de quartos, de lavandaria e assistência médica, bem como um parque de estacionamento.</s>
    <s>A partir deR$166Ver mais</s>
    <s>Axis Porto Bussiness &amp; SPA Hotel !stars</s>
    <s>Porto cidade, Porto</s>
    <s>avaliações: 4.5 / 5</s>
    <s>O hotel urbano foi construído em 2009 e conta com um total de 145 quartos, distribuídos por 9 andares com temas diferentes. Os corredores estão revestidos com painéis de madeira e apresentam fotos da cidade, de monumentos emblemáticos e de casas antigas. As comodidades incluem um hall de entrada com recepção e serviço de check-out sob 24 h, cofre, área de estar com televisão, instalações para conferências e sala de pequeno-almoço. Os hóspedes poderão usufruir do serviço de quartos mediante pagamento adicional e existe ainda um parque de estacionamento ao dispor.</s>
    <s>A partir deR$166Ver mais</s>
    <s>Tiara Park Atlantic Porto !stars</s>
    <s>Porto cidade, Porto</s>
    <s>avaliações: 4.5 / 5</s>
    <s>O hotel dispõe de 232 quartos dos quais 42 são suites, distribuídos por 15 andares. O edifício contempla um hall de entrada com recepção (disponível 24 h por dia), guichet para câmbio monetário, cofre e elevador. Coloca ainda à sua disposição um bar e um restaurante à la carte climatizado. O hotel compreende adicionalmente uma sala de conferências. Poderá estacionar o seu automóvel na garagem do hotel.</s>
    <s>A partir deR$180Ver mais</s>
    <s>AC Porto !stars</s>
    <s>Porto cidade, Porto</s>
    <s>avaliações: 4.3 / 5</s>
    <s>Este hotel urbano, construído em 2006, é ideal tanto para turistas como para empresários. O hotel totalmente climatizado compreende um total de 128 quartos. Contempla hall de entrada com recepção em serviço sob 24 h, cofre, restaurante, sala de televisão, instalações para conferências, acesso à Internet (também sem fios) e serviço de quartos 24 h por dia. O serviço de lavandaria e as possibilidades de estacionamento completam estas ofertas.</s>
    <s>A partir deR$194Ver mais</s>
    <s>Infante de Sagres - Small Luxury Hotels of the Wor !stars</s>
    <s>Porto cidade, Porto</s>
    <s>avaliações: 4.3 / 5</s>
    <s>O hotel, renovado em 2001, dispõe de um edifício principal de 5 andares com um total de 73 quartos, dos quais 64 duplos e 9 suites. Contempla um hall de entrada com recepção (disponível 24 h por dia), cofre, bengaleiro e elevador. À sua disposição encontrará também um excelente bar e um restaurante à la carte climatizado de categoria, assim como autênticos salões. O edifício contempla ainda uma sala para conferências, acesso à Internet, assim como serviço de quartos, de lavandaria, assistência médica, parque de estacionamento e uma garagem pública (mediante pagamento adicional) a cerca de 50 m</s>
    <s>A partir deR$245Ver mais</s>
    <s>Sheraton Porto Hotel &amp; Spa !stars</s>
    <s>Porto cidade, Porto</s>
    <s>avaliações: 4.5 / 5</s>
    <s>O hotel, inaugurado no ano de 2003, consiste numa impressionante construção de aço e vidro. Localiza-se num jardim de cerca de 1638 m² e dispõe de 12 andares com um total de 266 quartos, dos quais 17 suites. Contempla um hall de entrada com recepção (serviço sob 24 h), cofre, elevador e guichet para câmbio monetário. Conta ainda com um quiosque, uma loja, um cabeleireiro, um bar, uma sala para jogos, um restaurante à la carte climatizado, uma sala de conferências e um acesso à Internet. O hotel coloca à sua disposição serviço de quartos, de lavandaria e assistência médica. Os hóspedes poderão usufruir do parque de estacionamento e da garagem mediante pagamento adicional.</s>
    <s>A partir deR$379Ver mais</s>
    <s>Ver mais hotéis em Porto cidade</s>
    <s>Procurar outros destinos</s>
    <s>Se estiver interessado numa zona ou destino concreto, procure-o aqui</s>
    <s>Escreva aqui o seu destino </s>
    <s>Hotéis mais populares - Porto cidade</s>
    <s>AC Porto,</s>
    <s>Axis Porto Bussiness &amp; SPA Hotel,</s>
    <s>Belver Beta Porto,</s>
    <s>Bessa Hotel,</s>
    <s>Best Western Hotel Inca,</s>
    <s>Da Bolsa,</s>
    <s>Dom Henrique - Downtown,</s>
    <s>Eurostars das Artes,</s>
    <s>Eurostars Oporto,</s>
    <s>Grande Hotel de Paris,</s>
    <s>Grande Hotel do Porto,</s>
    <s>HF Fenix Porto,</s>
    <s>HF Ipanema Park,</s>
    <s>HF Ipanema Porto,</s>
    <s>HF Tuela Porto,</s>
    <s>Hotel Carris Porto Ribeira,</s>
    <s>Hotel Premium Porto,</s>
    <s>Ibis S. Joao - Porto,</s>
    <s>Infante de Sagres - Small Luxury Hotels of the Wor,</s>
    <s>Inlima Hotel e Spa,</s>
    <s>Intercontinental Porto Palacio das Cardosas,</s>
    <s>Internacional Porto,</s>
    <s>Mercure Porto Centro,</s>
    <s>Pestana Porto Hotel &amp; World Heritage Site,</s>
    <s>Porto Antas Hotel,</s>
    <s>Porto Mar Hotel,</s>
    <s>Porto Palacio Congress Hotel &amp; Spa,</s>
    <s>Pousada Condeixa a Nova Santa Catarina,</s>
    <s>Pousada do Porto - Palácio do Freixo,</s>
    <s>Quality Inn Portus Cale,</s>
    <s>Quality Inn Praça da Batalha,</s>
    <s>Residencial Aviz,</s>
    <s>Residencial Pão de Açucar,</s>
    <s>Residencial Porto Madrid,</s>
    <s>Sao Gabriel,</s>
    <s>Sao Jose,</s>
    <s>Sheraton Porto Hotel &amp; Spa,</s>
    <s>Star Inn Porto,</s>
    <s>Teatro Hotel,</s>
    <s>Tiara Park Atlantic Porto,</s>
    <s>Tivoli Porto,</s>
    <s>Tryp Porto Centro,</s>
    <s>Vera Cruz Residential,</s>
    <s>Vila Gale Porto</s>
    <s>O seu comentário</s>
    <s>*Correio electrónico:*Nome de utilizador:</s>
    <s>Destino / HotéisEscreva aqui o seu destino</s>
    <s>Out 2011 Nov 2011 Dez 2011 Jan 2012 Fev 2012 Mar 2012 Abr 2012 Mai 2012 Jun 2012 Jul 2012 Ago 2012 Set 2012 Out 2012 Nov 2012 Dez 2012 Jan 2013 Fev 2013 Mar 2013 1 2 3 4 5 6 7 8 9 10 11 12 13 14 15 16 17 18 19 20 21 22 23 24 25 26 27 28 29 30 31</s>
    <s>Out 2011 Nov 2011 Dez 2011 Jan 2012 Fev 2012 Mar 2012 Abr 2012 Mai 2012 Jun 2012 Jul 2012 Ago 2012 Set 2012 Out 2012 Nov 2012 Dez 2012 Jan 2013 Fev 2013 Mar 2013 1 2 3 4 5 6 7 8 9 10 11 12 13 14 15 16 17 18 19 20 21 22 23 24 25 26 27 28 29 30 31</s>
    <s>1 Quartos 2 Quartos 3 Quartos 4 Quartos 5 Quartos</s>
    <s>Quarto 1Adultos / Crianças</s>
    <s>1 2 3 4 5 6</s>
    <s>0 1 2 3 4</s>
    <s>Idade das crianças 0 1 2 3 4 5 6 7 8 9 10 11 12 0 1 2 3 4 5 6 7 8 9 10 11 12 0 1 2 3 4 5 6 7 8 9 10 11 12 0 1 2 3 4 5 6 7 8 9 10 11 12</s>
    <s>Quarto 2Adultos / Crianças</s>
    <s>1 2 3 4 5 6</s>
    <s>0 1 2 3 4</s>
    <s>Idade das crianças 0 1 2 3 4 5 6 7 8 9 10 11 12 0 1 2 3 4 5 6 7 8 9 10 11 12 0 1 2 3 4 5 6 7 8 9 10 11 12 0 1 2 3 4 5 6 7 8 9 10 11 12</s>
    <s>Quarto 3Adultos / Crianças</s>
    <s>1 2 3 4 5 6</s>
    <s>0 1 2 3 4</s>
    <s>Idade das crianças 0 1 2 3 4 5 6 7 8 9 10 11 12 0 1 2 3 4 5 6 7 8 9 10 11 12 0 1 2 3 4 5 6 7 8 9 10 11 12 0 1 2 3 4 5 6 7 8 9 10 11 12</s>
    <s>Quarto 4Adultos / Crianças</s>
    <s>1 2 3 4 5 6</s>
    <s>0 1 2 3 4</s>
    <s>Idade das crianças 0 1 2 3 4 5 6 7 8 9 10 11 12 0 1 2 3 4 5 6 7 8 9 10 11 12 0 1 2 3 4 5 6 7 8 9 10 11 12 0 1 2 3 4 5 6 7 8 9 10 11 12</s>
    <s>Quarto 5Adultos / Crianças</s>
    <s>1 2 3 4 5 6</s>
    <s>0 1 2 3 4</s>
    <s>Idade das crianças 0 1 2 3 4 5 6 7 8 9 10 11 12 0 1 2 3 4 5 6 7 8 9 10 11 12 0 1 2 3 4 5 6 7 8 9 10 11 12 0 1 2 3 4 5 6 7 8 9 10 11 12</s>
    <s>Recomendado hotel</s>
    <s>!Grande Hotel do Porto</s>
    <s>Grande Hotel do Porto !H-3EST</s>
    <s>Porto cidade, Porto</s>
    <s>!avaliações   4,20  (14 avaliações)</s>
    <s>O hotel, construído em 1880 e renovado em 2002, dispõe de um edifício principal de 5 andares com um total de 99 quartos, dos quais 91 duplos e 8 suites. Espera-o um hall de entrada com recepção (abert </s>
    <s>O que pensam os nossos clientes </s>
    <s>!Localização do Hotel; Bom em relação à qualidade-preço; e uma boa recuperação das novas instalações.!</s>
    <s>Cliente da Hotelopia, 13/07/2011</s>
    <s>Ver mais</s>
    <s>Hotéis melhor cotados</s>
    <s>Vila Gale Porto !H-4EST</s>
    <s>4.2 / 5 (69 avaliações)</s>
    <s>Tiara Park Atlantic Porto !H-5EST</s>
    <s>4.5 / 5 (33 avaliações)</s>
    <s>Sao Jose !H-HS3</s>
    <s>3.1 / 5 (2 avaliações)</s>
    <s>HF Ipanema Porto !H-4EST</s>
    <s>4.2 / 5 (12 avaliações)</s>
    <s>Infante de Sagres - Small Luxury Hotels of the Wor !H-5EST</s>
    <s>4.3 / 5 (16 avaliações)</s>
    <s>Vantagens Hotelopia</s>
    <s>Os melhores preços</s>
    <s>Sem encargos adicionais, sem comissões por cartão. Melhor preço garantido.</s>
    <s>Falamos consigo</s>
    <s>Serviço de atenção ao cliente dedicado e multilingue. 24 horas 7 dias por semana.</s>
    <s>Segurança e qualidade</s>
    <s>Parte do TUI Travel PLC com mais de 40 anos de experiência e mais de 30 milhões de clientes por ano.</s>
    <s>Opiniões reais</s>
    <s>Mais de 130.000 opiniões dos nossos clientes em mais de 35.000 hotéis e apartamentos.</s>
    <s>Acessos rápidos</s>
    <s>Sobre o site</s>
    <s>Acerca de nós | Condições gerais | Política de privacidade | Membros Aderentes e Hotéis</s>
    <s>Atendimento ao Cliente</s>
    <s>Ajuda | Contacte-nos | Centro de Atendimento ao Cliente</s>
    <s>Newsletter | Pago no hotel | Transferência bancária</s>
    <s>Hotelopia Internacional</s>
    <s>Alemanha | Canadá | Espanha | Estados Unidos | França | Países Baixos | Irlanda | Itália | Reino Unido | Suécia | Dinamarca | Portugal</s>
    <s>Inscreva-se na nossa Newsletter</s>
    <s>Correio electrónico</s>
    <s>Aceito a Política de Privacidade</s>
    <s>Copyright HOTELOPIA S.L.U.2010 - BAL 481 MD</s>
    <s>Certificada pela autoridade líder mundial</s>
    <s>Métodos de pagamento</s>
    <s>Siga-nos no</s>
  </text>
</page>
