<?xml version="1.0" encoding="UTF-8"?>
<!DOCTYPE page SYSTEM "page.dtd">
<page>
  <lang>pt</lang>
  <url>http://www.erme.com.br/produtosVoce_ermeDesktopFAQ11.html</url>
  <title>FAQ | Slide Show VoIP-PPT - .: CMSW.Telecom - Convergência Absoluta :.</title>
  <snippet>
    <s>5) O palestrante tem algum controle sobre os convidados? Só serão admitidos na &quot;sala de conferência&quot; os assinantes aceitos pelo palestrante </s>
  </snippet>
  <text>
    <s>Home » Produtos » para VOC» erme.Desktop » FAQ | Slide Show VoIP-PPT</s>
    <s>1) O que Slide Show VoIP-PPT?</s>
    <s>O Slide Show VoIP-PPT ma apresenta on-line de arquivos do MicrosoftPowerPoint que possibilita ua empresa a realiza de eventos sem a necessidade de deslocar os convidados ou a equipe de eventos para o mesmo local. As apresentas acontecem via internet.</s>
    <s>2) Quais os tipos de arquivo que posso utilizar para realizar as apresentas?</s>
    <s>O tipo de arquivo aceito pelo Slide Show VoI-PPT omente o MicrosoftPowerPoint formato PPT e PPS.</s>
    <s>3) Possl que, durante a apresenta, o convidado faalgum comento ou esclarealguma d?</s>
    <s>Sim. O Slide Show VoIP-PPT otalmente interativo, sendo possl ao palestrante e convidado interagirem em tempo real, realizarem debates ou qualquer tipo de discusssem o menor problema.</s>
    <s>4) Como fazer uma pergunta ao palestrante?</s>
    <s>O convidado que estssistindo a apresenta vai ter um &quot;botpara requisitar o microfone e perguntar&quot;.</s>
    <s>5) O palestrante tem algum controle sobre os convidados? Caso mais de um convidado tenham comentos a ser feitos, a apresenta nse torna uma bagun</s>
    <s>O palestrante tem total controle sobre seus convidados, por isso, caso os convidados tenham alguma pergunta, ecesso primeiro que o palestrante o autorize, o que torna o evento organizado e controll.</s>
    <s>6) Durante a exibi da palestra eu posso utilizar o meu computador normalmente?</s>
    <s>Sim. O seu computador iruncionar normalmente durante a apresenta da palestra, por todas as funcionalidades do erme.Desktop ficam no modo &quot;nperturbe&quot;, evitando assim, que o convidado seja interrompido durante a apresenta.</s>
    <s>7) Quantos convidados podem assistir a apresenta?</s>
    <s>O n mmo de convidados para assistir a apresenta e 80 pessoas, por o n de acessos com rela ao arquivo armazenado (ap apresenta interativa) limitado.</s>
    <s>8) Qual a diferenentre apresentas pas e privadas?</s>
    <s>Na apresenta privada, somente as pessoas autorizadas pelo palestrante, e que receberam o co da apresenta, poderparticipar da prele. Em contraposi, a apresenta pa, estisponl para qualquer usuo do erme.Desktop.</s>
    <s>9) Qualquer pessoa pode ter acesso ao Slide Show Voip-PPT?</s>
    <s>Para ter acesso ao Slide Show VoIP-PPT basta ser cadastrado como usuo ao erme.Desktop. Com rela ao acesso da pasta privada, alde ser um assinante CMSW.Telecom, o convidado deve ter o co de acesso fornecido pelo palestrante.</s>
    <s>10) O que reciso para realizar uma palestra no Slide Show VoIP-PPT?</s>
    <s>Para realizar sua palestra, basta ser usuo do erme.Desktop e possuir crtos em sua conta.</s>
    <s>11) Como convidar pessoas para o meu evento online?</s>
    <s>As pessoas serconvidadas pelo pro apresentador da forma que ele achar melhor (email, telefone,etc).</s>
    <s>12) O palestrante tem controle sobre a lista de pessoas que irassistir ao seu evento?</s>
    <s>Sim. Os convidados se inscrevem para assistir a apresenta. O palestrante aceita ou rejeita essas inscris.</s>
    <s>Sradmitidos na &quot;sala de conferia&quot; os assinantes aceitos pelo palestrante</s>
    <s>13) Existe algum limite de tamanho do arquivo a ser apresentado?</s>
    <s>N Vocode apresentar uma palestra do tamanho que quiser. Sem limites.</s>
    <s>14) A apresenta serpenas mostrada aos convidados ou sersalvas em seu computador?</s>
    <s>A apresenta serostrada. Claro que ela foi salva antes em &quot;local ninformado&quot; ao assinante.</s>
    <s>Veja Tamb/td&gt;</s>
  </text>
</page>
