<?xml version="1.0" encoding="UTF-8"?>
<!DOCTYPE page SYSTEM "page.dtd">
<page>
  <lang>pt</lang>
  <url>http://www.uem.mz/index.php%3Foption%3Dcom_content%26task%3Dview%26id%3D242%26Itemid%3D47</url>
  <title>Universidade Eduardo Mondlane - Seminário de lançamento da 4ª ...</title>
  <snippet>
    <s>No âmbito da preparação desta Conferência a SEANAC, a Universidade Eduardo parceiras na organização deste evento, organizam no dia 03 de Março de </s>
  </snippet>
  <text>
    <s>Skip to content</s>
    <s>Home !seta Ans e Eventos !seta Semino de lanento da 4 Conferia Internacional SEANAC 2012</s>
    <s>Semino de lanento da 4 Conferia Internacional SEANAC 2012</s>
    <s>No ambito da realizaçao da ultima conferencia da SEANAC, que teve lugar em Ezulwini na Swazilandia em Julho de 2009, foi escolhida a Universidade Eduardo Mondlane como a instituiçao hospedeira da proxima conferencia da SEANAC, que tera lugar em Julho de 2012, ano que coincide com o decimo aniversario desta organizaçao.</s>
    <s>No ambito da preparaçao desta Conferencia a SEANAC, a Universidade Eduardo Mondlane e a Academia de Ciencias de Moçambique, parceiras na organizaçao deste evento, organizam no dia 03 de Março de 2011, as 14 horas, no Girassol - Indy Congress Hotel &amp; Spa um seminario de lançamento da conferencia.</s>
    <s>Clique aqui para saber mais.</s>
    <s>&lt; Artigo anterior</s>
    <s>Artigo seguinte &gt;</s>
    <s>[ Voltar ]</s>
    <s>ANO SAMORA MACHEL</s>
    <s>Programa Social de Actividade Fisica, Saude e Lazer:</s>
    <s>&quot;Movimento Saudavel&quot;</s>
    <s>Mestrado em Fisica</s>
    <s>Anuncio de mestrado em Fisica 2012/2013</s>
    <s>Mestrado em Fisica - Ficha de candidatura</s>
    <s>Ferramentas Pedagas</s>
    <s>UEM nas redes sociais</s>
    <s>Academia CISCO - CIUEM</s>
    <s>Consulte aqui informaçoes sobre os cursos da CISCO</s>
    <s>Actividades Extra-curriculares - Musica</s>
    <s>Regulamento Pedago</s>
    <s>Novo Regulamento Pedagogico da UEM aqui.</s>
    <s>Skype na UEM</s>
    <s>CALENDIO ACADICO 2011</s>
    <s>Ja esta disponivel o Calendario Academico para o ano 2011, clique aqui para consultar.</s>
    <s>SME Toolkit</s>
    <s>Portugues || English</s>
    <s>Sobre na&gt;</s>
    <s>[A Reitoria</s>
    <s>Orgaos Centrais</s>
    <s>Faculdades e Escolas</s>
    <s>Centros &amp; Museus</s>
    <s>Ans e Eventos</s>
    <s>Boletim Informativo da UEM</s>
    <s>Realizas da UEM em 2010</s>
    <s>Links eis</s>
    <s>Aceda seu email</s>
    <s>Barometro da UEM</s>
    <s>&quot;espaço&quot; de dialogo atraves do qual a UEM e sua comunidade discute todos os aspectos relacionados com a vida academica, pesquisa e extensao da Universidade. Clique aqui</s>
    <s>Reposit SABER</s>
    <s>Produçao cientifica moçambicana de acesso livre</s>
    <s>Boletim Informativo da UEM</s>
    <s>Ediçao 51 - Agosto de 2011</s>
    <s>Difusde Notas</s>
    <s>Notas da UEM</s>
    <s>Copyright (C) 2011 - Universidade Eduardo Mondlane - Mocambique</s>
  </text>
</page>
