<?xml version="1.0" encoding="UTF-8"?>
<!DOCTYPE page SYSTEM "page.dtd">
<page>
  <lang>pt</lang>
  <url>http://aprendercrescerconcretizar.wordpress.com/2011/05/19/workshop-e-conferencia-internacional-no-iscte-de-lisboa/</url>
  <title>Workshop e Conferência Internacional no ISCTE de Lisboa ...</title>
  <snippet>
    <s>19 maio 2011 Workshop e Conferência Internacional no ISCTE de Lisboa. O PAPEL DO – 17.30 h) no Laboratório OS1 CONFERÊNCIA (18 h) no Auditório Afonso de Barros (Ala Autónoma) Autor: Aprendercrescerconcretizar. Deixe um </s>
  </snippet>
  <text>
    <s>Follow this blog</s>
    <s>Aprendercrescerconcretizar's Blog</s>
    <s>Bons Investimentos em Impacto Social: Oportunidade em uma classe de activos emergente</s>
    <s>Um quarto das pessoas com Rendimento Social de Inserção não deixam de ser pobres e repetem ajuda</s>
    <s>Associações querem ver reforçadas verbas do POPH dirigidas às empresas</s>
    <s>DROGA EM FACTOS: Cafés holandeses já só vão vender canábis “light”</s>
    <s>Seminário Internacional “Políticas Sociais e Envelhecimento”</s>
    <s>Acerca da Dianova</s>
    <s>Workshop e Conferência Internacional no ISCTE de Lisboa</s>
    <s>!O PAPEL DO MARKETING SOCIAL NA MELHORIA DE COMPORTAMENTOS COM O PROFESSOR JEFF FRENCH - FUNDADOR DO NATIONAL SOCIAL MARKETING CENTRE INGLÊS</s>
    <s>DIA 14 JUNHO 15 HORAS</s>
    <s>WORKSHOP (15 –17.30 h) no Laboratório OS1</s>
    <s>CONFERÊNCIA (18 h) no Auditório Afonso de Barros (Ala Autónoma)</s>
    <s>INSCRIÇÃO GRATUITA COM DIPLOMA DE PARTICIPAÇÃO</s>
    <s>Informações e inscrições prévias para o workshop: geral.ipps@iscte.pt</s>
    <s>15 H | WORKSHOP</s>
    <s>MARKETING SOCIAL E MUDANÇA DE COMPORTAMENTOS SOCIAIS DE SAÚDE</s>
    <s>Laboratório OS1</s>
    <s>FORMAÇÃO EM CD CYNERGY</s>
    <s>Criado pela Turning Point Social Marketing National Excellence Collaborative, em cooperação com o Centers for Disease Control and Prevention (USA), o CD Cynergy é um excelente instrumento operativo de intervenção em processos de mudança de comportamentos sociais.</s>
    <s>Orientação de Carlos Oliveira Santos (Course of Social Marketing in Public Health. University of South Florida, USA)</s>
    <s>18 H | CONFERÊNCIA</s>
    <s>MUDANÇA DOS COMPORTAMENTOS DE SAÚDE – A EXPERIÊNCIA INGLESA</s>
    <s>PROFESSOR JEFF FRENCH</s>
    <s>Auditório Afonso de Barros (Ala Autónoma)</s>
    <s>PARTICIPAÇÃO GRATUITA –COM DIPLOMA DE PARTICIPAÇÃO</s>
    <s>Informações e inscrições prévias para o Workshop: geral.ipps@iscte.pt</s>
    <s>No Facebook search: Mudança Social ISCTE</s>
    <s>39.133285 -9.190411</s>
    <s>Gostar disto:</s>
    <s>Be the first to like this post.</s>
    <s>Categorias: Marketing Social, Saúde, Workshop . . Autor: Aprendercrescerconcretizar</s>
    <s>Deixe um Comentário</s>
    <s>Ainda sem comentários.</s>
    <s>RSS dos Comentários URI de Identificação do Trackback</s>
    <s>Deixar uma resposta Cancelar resposta</s>
    <s>Escreva o seu comentário aqui </s>
    <s>Iniciar sessão</s>
    <s>Iniciar sessão</s>
    <s>Iniciar sessão</s>
    <s>Email (obrigatório) (Not published)</s>
    <s>Nome (obrigatório)</s>
    <s>!WordPress.com Logo</s>
    <s>Inicie a sessão no WordPress.com para publicar um comentário no seu blog.</s>
    <s>!Imagem do Twitter</s>
    <s>You are commenting using your Twitter account. ( Log Out )</s>
    <s>!Facebook photo</s>
    <s>You are commenting using your Facebook account. ( Log Out )</s>
    <s>Connecting to %s</s>
    <s>Quero ser notificado de comentários adicionais por email.</s>
    <s>Quero ser notificado de novos posts por email.</s>
    <s>Como nomear um Herói CNN? O quinto Anual Forrester Groundswell Awards, e um olhar para trás</s>
    <s>Actividade Física</s>
    <s>Agricultura social</s>
    <s>Ética Empresarial</s>
    <s>Bairros Sociais</s>
    <s>Bolsa Valores Lisboa</s>
    <s>Bolsa Valores Sociais</s>
    <s>Capital Social</s>
    <s>Carta Europeia</s>
    <s>Centro de Atendimento</s>
    <s>Coesão Social</s>
    <s>Comissão Europeia</s>
    <s>Comportamento de Risco</s>
    <s>Comportamentos Desviantes</s>
    <s>Comunicação Interna</s>
    <s>Comunidade Educativa</s>
    <s>Comunidade Terapêutica</s>
    <s>Desenvolvimento Comunitário</s>
    <s>Desenvolvimento Social</s>
    <s>Doença mental</s>
    <s>Economia Social</s>
    <s>Energias Renováveis</s>
    <s>Estilos vida saudáveis</s>
    <s>Estudo de Mercado</s>
    <s>Gesão Conhecimento</s>
    <s>Gestão de Projectos</s>
    <s>Gestão Talento</s>
    <s>Hepatite B</s>
    <s>Hepatite C</s>
    <s>Heróis Sociais</s>
    <s>Impacto Social</s>
    <s>Imprensa estrangeira</s>
    <s>Informações falsas</s>
    <s>Instituições Sociais</s>
    <s>Investimento Social</s>
    <s>Investimento Sustentável</s>
    <s>Marketing Social</s>
    <s>Marketing Verde</s>
    <s>Mercado de Trabalho</s>
    <s>Organizações Sociais</s>
    <s>Planeamento familiar</s>
    <s>Plano Nacional</s>
    <s>Prestação Contas</s>
    <s>Promoção Saúde</s>
    <s>Psicologia Comunitária</s>
    <s>Quinta Lapas</s>
    <s>Recursos Humanos</s>
    <s>Rede Dianova</s>
    <s>Rede Social</s>
    <s>Redes Sociais</s>
    <s>Relatório Sustentabilidade</s>
    <s>Responsabilidade Social</s>
    <s>Social Media</s>
    <s>Terceiro Sector</s>
    <s>Tratamento Alcoolismo</s>
    <s>Tratamento toxicodependência</s>
    <s>União Europeia</s>
    <s>Violência doméstica</s>
    <s>Violência género</s>
    <s>Visitas de estudo</s>
    <s>Outubro 2011</s>
    <s>Setembro 2011</s>
    <s>Agosto 2011</s>
    <s>Julho 2011</s>
    <s>Junho 2011</s>
    <s>Maio 2011</s>
    <s>Abril 2011</s>
    <s>Março 2011</s>
    <s>Fevereiro 2011</s>
    <s>Janeiro 2011</s>
    <s>Dezembro 2010</s>
    <s>Novembro 2010</s>
    <s>Outubro 2010</s>
    <s>Setembro 2010</s>
    <s>Agosto 2010</s>
    <s>Julho 2010</s>
    <s>Junho 2010</s>
    <s>Maio 2010</s>
    <s>ANDC Microcrédito</s>
    <s>Ashoka Social Entrepreneurs</s>
    <s>Bolsa Valores Sociais</s>
    <s>BR Institute for Corporate Ethics</s>
    <s>Civil Society Network</s>
    <s>CSR Europe</s>
    <s>Dianova International</s>
    <s>Dianova Portugal</s>
    <s>Dianova Portugal Flickr</s>
    <s>Dianova Portugal ISSUU</s>
    <s>Dianova Portugal Slideshare</s>
    <s>Dianova Portugal Twitter</s>
    <s>Dianova Portugal You Tube</s>
    <s>Euclid Network</s>
    <s>European Action On Drugs</s>
    <s>European Commission</s>
    <s>European Fundraising Association</s>
    <s>Global Forum on NGO Governance</s>
    <s>GRI NGO Sector Supplement</s>
    <s>INGO Accountability Charter</s>
    <s>Institute of Business Ethics</s>
    <s>Institute of Fundraising</s>
    <s>Instituto Ethos</s>
    <s>International Drug Policy Consortium</s>
    <s>Mashable The Social Media Guide</s>
    <s>NIDA Drug Abuse</s>
    <s>REDE RSO PT</s>
    <s>Skoll Foundation</s>
    <s>UN Economic and Social Council</s>
    <s>UN Millennium Goals</s>
    <s>Viena NGO Committee on Narcotic Drugs</s>
    <s>Subscrição por Email</s>
    <s>Indique o seu endereço de email para subscrever este blog e receber notificações de novos posts por email.</s>
    <s>Join 11 other followers</s>
    <s>Maio 2011</s>
    <s>S T Q Q S S D</s>
    <s>« Abr</s>
    <s>Jun »</s>
    <s>Accountability Comissão Europeia Comunicação Confiança Crescimento económico Crianças Crise desemprego Dianova drogas Educação EUA European Action On Drugs Eurostat Facebook Governance GRI Inclusão Social José Sócrates Jovens Medicamentos OCDE ONU Organizações Sociais Pobreza Portugal Prevenção PSD Redes Sociais Reputation Reputação Saúde Segurança Social SIDA SNS Social Media Solidariedade SOLIS Sustentabilidade toxicodependência Trust União Europeia UNODC VIH Violência doméstica</s>
    <s>RSS - Posts</s>
    <s>RSS - Comments</s>
    <s>Tema: Neo-Sapien por WP Designer.</s>
    <s>Blog em WordPress.com.</s>
    <s>Follow Aprendercrescerconcretizar's Blog</s>
    <s>Get every new post delivered to your Inbox.</s>
    <s>Powered by WordPress.com</s>
    <s>A Economia Digital, Direitos de Autor e a Economia Marginal</s>
    <s>Fumar tornou-se um hábito incontrolável na China</s>
    <s>Estratégia da UE para a biodiversidade tendo em conta o factor ambiental)</s>
    <s>Borras de whisky geram novo combustível energético para Escoceses)</s>
    <s>Novas drogas debatidas em Lisboa</s>
    <s>Rastreio Gratuito para Avaliação do Risco Cardiovascular e da Diabetes</s>
    <s>Lead Generation Quick-Start Series</s>
    <s>13ª Conferência da Federação Europeia das Comunidades Terapêuticas</s>
    <s>Aventura Social promove questionário sobre a sexualidade juvenil)</s>
    <s>Seminário “Boas Práticas na Luta Contra a Homofobia e a Transfobia em Portugal”)</s>
    <s>Por que razão os homens russos bebem tanto?)</s>
    <s>O quinto Anual Forrester Groundswell Awards, e um olhar para trás)</s>
    <s>“Uma perspectiva sobre a Medicina Interna”)</s>
  </text>
</page>
