<?xml version="1.0" encoding="UTF-8"?>
<!DOCTYPE page SYSTEM "page.dtd">
<page>
  <lang>pt</lang>
  <url>http://www.contactcenterworld.com/conferences/why-sponsor.aspx%3Flang%3D3fa4ec76-2d9f-4c9b-bfa1-ade16bdb2ec9</url>
  <title>ContactCenterWorld: Top Ranking Performers Conferences ...</title>
  <snippet>
    <s>Temos várias oportunidades de patrocínio para grandes empresas do envolver- se em nossa série de conferências exclusivo global! Como patrocinador você </s>
  </snippet>
  <text>
    <s>Online Contacts (0) CHAT!</s>
    <s>World Awards</s>
    <s>Orlando, Florida: Jun 14-17, 2011</s>
    <s>London: Jul 5-8, 2011</s>
    <s>Gold Coast, Australia: Jul 19-22, 2011</s>
    <s>Las Vegas: Nov 1-4, 2011</s>
    <s>English Français Español Português Deutsch العربية Indonesian 日本語 Русский 中国（简体） 中國（繁體）</s>
    <s>Fale Conosco</s>
    <s>Galeria de Fotos</s>
    <s>Falar com delegados passado!</s>
    <s>Visitantes estrangeiros</s>
    <s>Preciso de um visto?</s>
    <s>CLIQUE AQUI</s>
    <s>Cartas de visto (se necessário) estão disponíveis quando você confirmar os detalhes para cada portador do bilhete.</s>
    <s>Cronograma em resumo:</s>
    <s>• November 1, 2011</s>
    <s>1 º dia de conferência</s>
    <s>• November 2, 2011</s>
    <s>Dia 2 de conferência</s>
    <s>• November 3, 2011</s>
    <s>Dia 3 de conferência</s>
    <s>• November 4, 2011</s>
    <s>Dia 4 - Jantar de Gala</s>
    <s>Endossado por:</s>
    <s>ADMA - Australian Direct Marketing Association</s>
    <s>American Teleservices Association (ATA)</s>
    <s>Asociacion Colombiana de Call Centers</s>
    <s>Ver Todos os Parceiros</s>
    <s>Bookmark &amp; Share</s>
    <s>Select Your Service</s>
    <s>!Google Bookmarks</s>
    <s>!Mister Wong</s>
    <s>Mister Wong</s>
    <s>!Yahoo Bookmarks</s>
    <s>Awards Conference Sponsorship</s>
    <s>Por que patrocinar?</s>
    <s>This unique and exclusive series of global conferences is yet another ContactCenterWorld.com industry first. As a leader we are proud to launch this innovative program to enhance the industry and we have developed a range of opportunities for organizations who provide products and services to the contact center community to showcase their solutions.</s>
    <s>ContactCenterWorld.com has a diverse, growing membership of industry professionals around the world and our geographic reach surpasses every other resource for the industry, thereby providing a unique opportunity for local as well as truly global contact center solutions providers. Add to this the support from our partners - premiere industry associations around the world - and you have a unique opportunity to reach a very targeted audience. !</s>
    <s>Existem tantas razões para patrocinar tal evento da indústria de prestígio:</s>
    <s>1. Para promover seus produtos e / ou serviços</s>
    <s>2. Para posicionar as suas soluções com líderes da indústria</s>
    <s>3. Para mostrar-lhe apoiar a iniciativa da indústria para melhoria de imagem</s>
    <s>4. De felicitar os vencedores e comemorar suas conquistas premiada</s>
    <s>Porque este é um evento único, os patrocinadores também beneficiar de várias oportunidades muito original para compartilhar seus conhecimentos e competências. Delegados são executivos seniores a partir dos centros de contato de melhor em suas respectivas regiões.</s>
    <s>Há apenas um evento por região a cada ano e se você perder a oportunidade que você terá que esperar mais um ano!</s>
    <s>Tipos de patrocínio</s>
    <s>Esta é a sua oportunidade de patrocinar um evento que reúne os principais executivos e os futuros líderes que se esforça para ser o melhor na indústria de contact center. Temos várias oportunidades de patrocínio para grandes empresas do envolver-se em nossa série de conferências exclusivo global!</s>
    <s>Como patrocinador você pode selecionar várias oportunidades, incluindo patrocínio de eventos individuais, demonstrando suas soluções e serviços para os participantes, networking, apresentando prêmios no jantar de gala, patrocinando almoços e muito mais.</s>
    <s>In total there are 4 events for the Conference Series where sponsorship opportunities are available.</s>
    <s>These events for 2011 include:</s>
    <s>GOLD COAST, AUSTRALIA: JUL 19-22, 2011 - Best in Asia Pacific</s>
    <s>LONDON, ENGLAND: JUL 5-8, 2011 - Best in Europe, Middle East &amp; Africa</s>
    <s>ORLANDO, FL USA: JUN 14-17, 2011 - Best in Americas</s>
    <s>LAS VEGAS, NV USA: NOV 1-4, 2011 - Best in the World</s>
    <s>2011 Conferences are just around the corner!</s>
    <s>Get an early start and see how you can get involved. Prospecto pedido de patrocínio</s>
    <s>- Voltar ao Topo -</s>
    <s>(C) ContactCenterWorld.com 1999-2011</s>
    <s>A Organização de Apoio Global Para Profissionais de Contact Center</s>
  </text>
</page>
