<?xml version="1.0" encoding="UTF-8"?>
<!DOCTYPE page SYSTEM "page.dtd">
<page>
  <lang>pt</lang>
  <url>http://www.fapesp.br/6168</url>
  <title>FAPESP :: Eventos - Programação completa do Ciclo de Conferências</title>
  <snippet>
    <s>Eventos. Ciclo de Conferências Ano Internacional da Química – 2011 Coordenador: Arnaldo Alves Cardoso (IQ-Unesp, Araraquara, SP) - PDF . Esta sessão do Ciclo de Conferências abordará a interação entre essas duas áreas tão </s>
  </snippet>
  <text>
    <s>Acordos e convos</s>
    <s>Agia FAPESP</s>
    <s>Altera na concess/a&gt;</s>
    <s>[Altera de responsabilidade e institui</s>
    <s>Biblioteca Virtual</s>
    <s>Bolsas como itens orentos em Auxos</s>
    <s>Chamada de propostas</s>
    <s>Consulta a processos</s>
    <s>Ds frequentes</s>
    <s>Equipamentos em disponibilidade</s>
    <s>Equipamentos Multiusuos</s>
    <s>Informe de rendimentos</s>
    <s>Parque de equipamentos</s>
    <s>Pontos de apoio</s>
    <s>Presta de contas</s>
    <s>Reserva Tica</s>
    <s>Revista Pesquisa FAPESP</s>
    <s>Sistemca de anse</s>
    <s>Sobre a FAPESP</s>
    <s>Tabela de eas</s>
    <s>Termo de Outorga</s>
    <s>Valores de Bolsas e dias</s>
    <s>Converse com a FAPESP</s>
    <s>Ciclo de Conferias Ano Internacional da Quca 2011</s>
    <s>Home » A Institui » Eventos</s>
    <s>Programa completa do Ciclo de Conferias</s>
    <s>Ciclo de Conferias Ano Internacional da Quca - 2011</s>
    <s>04/04/2011 - Fontes alternativas de energia e mudan climcas</s>
    <s>12/05/2011 -Novos Materiais</s>
    <s>08/06/2011 -Quca medicinal: desafios e perspectivas</s>
    <s>19/07/2011 -Biodiversidade &amp; Quca</s>
    <s>03/08/2011- A quca doce, amarga e perfumada</s>
    <s>14/09/2011 -Doen negligenciadas e os desafios no desenvolvimento de novos medicamentos</s>
    <s>05/10/2011 - A Quca no contexto da Educa, Ciia, Tecnologia e Inova</s>
    <s>19/10/2011 - Novas fronteiras tecnolas da quca</s>
    <s>09/11/2011 -A contribui de Marie Curie para a ciia e um olhar sobre o papel das mulheres cientistas</s>
    <s>09/11/2011 -A Quca inteligente a servida medicina</s>
    <s>Fontes alternativas de energia e mudan climcas(Voltar ao ice)</s>
    <s>4 de abril de 2011 (14:00 - 18:00)</s>
    <s>EspaAPAS - Rua Pio XI, 1200</s>
    <s>Coordenador: Arnaldo Alves Cardoso (IQ-Unesp, Araraquara, SP) -</s>
    <s>Jailson B. de Andrade (IQ-UFBA, Salvador) -</s>
    <s>Carlos Nobre (Inpe, SJosos Campos, SP) -</s>
    <s>Glia Mendes Souza (IQ-USP, SPaulo) -</s>
    <s>Luiz Ramos (UFPR, Curitiba).</s>
    <s>Vos do workshop</s>
    <s>, , , , , , , ,</s>
    <s>Cientistas de vas partes do mundo deram um alerta no final do slo XX: havia fortes evidias da ocorria de mudan climcas que se intensificariam ao longo das pras ddas. Hoje se sabe que ecesso diminuir as emissde dio de carbono, em grande parte geradas na produ de energia, como modo de evitar o agravamento do aquecimento global. Uma das solus em discussseria investir mais em biocombustis. A quca, sempre importante nos processos industriais, tem participa indispensl na produ de energia mais limpa.</s>
    <s>No final do slo XIX a humanidade javia enfrentado outra grande amea Como aumentar a produ de alimentos na mesma propor do crescimento da popula? O conhecimento quco deu a resposta, uma das maiores contribuis ao bem-estar da humanidade: a transforma do gnitrogo, componente do ar, em nitrogo assimill pelas plantas pelo processo Haber-Bosch (1909). Essa tica possibilitou o desenvolvimento de fertilizantes qucos nitrogenados e a consequente revolu agrla no campo, que hoje permite alimentar mais de 6 bilhde pessoas. O trabalho de Fritz Haber e Carl Bosch foi tsignificativo que a mudangeopolca atual - com a entrada em cena de pas como Brasil, dia, China e R - ambresultado do mercado de commodities agrlas e, indiretamente, da disponibilidade de nitrogo assimill.</s>
    <s>Poderia a agricultura moderna produzir alimentos e tambenergia no campo para minimizar os efeitos das mudan ambientais em curso? Qual seria o papel da quca neste novo ceno? Qual a intensidade das mudan climcas globais ora em curso? A quca conseguiria repetir hoje o papel que jeve no ino do slo XX e prover um slo XXI melhor? Essas salgumas questrelevantes que serdiscutidas dentro do Ciclo de Conferias.</s>
    <s>Novos Materiais (voltar ao ice)</s>
    <s>12 de maio (13:30 - 18:00)</s>
    <s>EspaAPAS - Rua Pio XI, 1200</s>
    <s>Coordenadora: Roso Elida Suman Bretas (CCET-UFSCar, SCarlos, SP)</s>
    <s>Fernando Galembeck (IQ- Unicamp, Campinas, SP)</s>
    <s>Oswaldo Alves (IQ- Unicamp, Campinas, SP)</s>
    <s>Henrique Toma (IQ-USP, SPaulo)</s>
    <s>A era dos materiais nano, com o tamanho de algumas poucas centenas de mos, jome. Materiais salicerces da tecnologia. Eles marcaram os vos estos do desenvolvimento humano, desde a idade da pedra, do bronze e do ferro. Tambrevolucionaram a ciia com os vidros, materiais cos e lasers e mudaram o conceito da eletra moderna, com o planejamento molecular, sol-gel e deposi de vapores qucos. Agora, velhos conhecidos tornaram-se novos materiais incorporando os avan da miniaturiza e da microtecnologia.</s>
    <s>Com novos recursos de imagem e manipula na escala nanomica, o mundo dos biominerais comea ser revelado ao mesmo tempo em que nanopartlas, nanofios, nanotubos e nanofilmes impulsionam a nanotecnologia, como aditivos de performance, sensores, transportadores e catalisadores, por meio de suas propriedades cas, magncas, biolas e plasmas. Nanomateriais de segunda gera jncorporam funcionalidade; os de terceira gera, as nanoarquiteturas. Em breve, teremos os nanomateriais de quarta gera, mais inteligentes e versis, imitando os biomateriais que a natureza vem aperfeindo nos os bilhde anos. Nesta conferia serossl conhecer mais sobre esse novo mundo explorado pelos qucos.</s>
    <s>Quca medicinal: desafios e perspectivas(voltar ao ice)</s>
    <s>08 de junho (13:30 - 18:00)</s>
    <s>Local: FAPESP - Audit Governador Carlos Alberto de Carvalho Pinto, Rua Pio XI, 1500, Alto da Lapa, SPaulo</s>
    <s>Coordenadora: Helo Beraldo (UFGM, Belo Horizonte) -</s>
    <s>Eliezer J. Barreiro (Lassbio-UFRJ, Rio de Janeiro) -</s>
    <s>Silvia Regina Rogatto (FM-Unesp, Botucatu, SP) -</s>
    <s>Luiz Carlos Dias (IQ-Unicamp, Campinas, SP) -</s>
    <s>O processo de descoberta e desenvolvimento de facos omplexo, longo e de alto custo e igado, quase sempre, inovas cientcas e tecnolas. A quca medicinal tem papel central no processo de pesquisa e desenvolvimento de facos e caracteriza-se pela multidisciplinaridade. Ela abrange especialidades como a quca orgca, bioquca, farmacologia, informca, biologia molecular e estrutural, entre outras.</s>
    <s>De acordo com a UniInternacional de Quca Pura e Aplicada, a quca medicinal envolve inven, descoberta, planejamento, identifica, prepara e interpreta do mecanismo de a molecular de compostos biologicamente ativos. Alda descoberta de mollas bioativas, esse ramo da quca tambincorpora os estudos do metabolismo e das relas entre a estrutura quca e atividade. No Ciclo de Conferias serdiscutidos os desafios e perspectivas em quca medicinal para o desenvolvimento de novos facos e a produ de medicamentos gencos no Brasil.</s>
    <s>Biodiversidade &amp; Quca(voltar ao ice)</s>
    <s>19 de julho (13:30 - 18:00)</s>
    <s>Local: FAPESP - Audit Governador Carlos Alberto de Carvalho Pinto, Rua Pio XI, 1500, Alto da Lapa, SPaulo</s>
    <s>Coordenadora: Dulce Helena Siqueira Silva (IQ-Unesp, Araraquara, SP)</s>
    <s>Carlos Joly (IB-Unicamp, Campinas, SP)</s>
    <s>Vanderlan da Silva Bolzani (IQ-Unesp, Araraquara, SP)</s>
    <s>Anita Marsaioli (IQ-Unicamp, Campinas, SP)</s>
    <s>Biodiversidade e Quca</s>
    <s>Em 2010 comemorou-se o Ano Internacional da Biodiversidade e, em 2011, o mundo celebra o Ano Internacional da Quca. uma feliz coincidia jue essas duas as do conhecimento tuma enorme afinidade por tratarem dos conceitos fundamentais que regem a vida. A no de variedade biola onhecida desde a Gra antiga. No entanto, o conceito de biodiversidade ecente e, alde expressar a riqueza biola na Terra, tambengloba a fantica diversidade quca dos organismos vivos de todas as origens e espes. Isso ocorre pelo fato de que todas as formas de vida t na sua essia, um componente quco responsl pela sua fisiologia, regula e adapta.</s>
    <s>Como ciia crucial ao entendimento da maquinaria metaba, a quca participa dos mecanismos complexos das funs vitais e, portanto, complementa o entendimento de reas celulares essenciais ao funcionamento do sistema biolo. A biodiversidade tambma fonte inesgotl de inspira micro e macromolecular, que revolucionou a sese orgca de novas estruturas moleculares e a produ de facos, cosmcos e agroqucos disponis no mercado, reconhecidos pelo imenso valor econo e social para a qualidade de vida da espe humana. Esta sessdo Ciclo de Conferias abordar intera entre essas duas as timportantes, quca e biodiversidade. </s>
    <s>A quca doce, amarga e perfumada(voltar ao ice)</s>
    <s>03 de agosto (13:30 - 18:00)</s>
    <s>Local: FAPESP - Audit Governador Carlos Alberto de Carvalho Pinto, Rua Pio XI, 1500, Alto da Lapa, SPaulo</s>
    <s>Coordenador:Norberto Peporine Lopes (USP-RibeirPreto, SP)</s>
    <s>Claudia Rezende (IQ-UFRJ, Rio de Janeiro)</s>
    <s>Vitor Ferreira (IQ-UFF, NiterRJ)</s>
    <s>gelo da Cunha Pinto (IQ-UFRJ, Rio de Janeiro)</s>
    <s>As sensas de amargo, doce e dos odores fazem parte do conjunto das perceps das plantas e dos animais. Para os seres humanos elas sresponsis por diversos momentos da vida, mas para os animais algumas dessas sensas representam a diferenentre a vida e a morte. Essas perceps scausadas por substias qucas naturais ou sintcas que representam cadeias produtivas importantes para a economia dos pas.</s>
    <s>Os produtos naturais como carboidratos, terpenos, fragrias, alcaloides e flavonoides, entre outros, sutilizados in natura ou servem de inspira para novos facos, adotes sintcos, fragrias. Esta conferia pretende mostrar os aspectos das sensas de amargo e doce e dos odores e suas correlas com o desenvolvimento atual cientco e tecnolo.</s>
    <s>Doen negligenciadas e os desafios no desenvolvimento de novos medicamentos(voltar ao ice)</s>
    <s>14 de setembro (13:30 - 18:00)</s>
    <s>Local: FAPESP - Audit Governador Carlos Alberto de Carvalho Pinto, Rua Pio XI, 1500, Alto da Lapa, SPaulo</s>
    <s>Coordenador: Carlos A. Montanari (IQ-USP, SCarlos, SP)</s>
    <s>Celia Garcia (IB-USP, SPaulo)</s>
    <s>Glaucius Oliva (IF-USP, SCarlos, SP)</s>
    <s>Adriano Andricopulo (IF-USP, SCarlos, SP)</s>
    <s>As doen tropicais negligenciadas (DTN) afetam mais de 1 bilhde pessoas, de acordo com dados da Organiza Mundial de SaEssas doen afetam as populas mais pobres e vulneris do planeta e causam grande impacto socioecono sobre o desenvolvimento das regiatingidas. Os medicamentos disponis sextremamente limitados e apresentam sos problemas, como baixa efica e elevada toxicidade. Nesta sessdo Ciclo de Conferias serdiscutidos os desafios e oportunidades para o desenvolvimento de novos medicamentos para as DTN, com ase nos aspectos relevantes em ciia, tecnologia e inova.</s>
    <s>A Quca no contexto da Educa, Ciia, Tecnologia e Inova(voltar ao ice)</s>
    <s>05 de outubro (13:30 - 18:00)</s>
    <s>Local: FAPESP - Audit Governador Carlos Alberto de Carvalho Pinto, Rua Pio XI, 1500, Alto da Lapa, SPaulo</s>
    <s>Coordenador: Paulo Cezar Vieira (UFSCar, SCarlos)</s>
    <s>Cezar Zucco (IQ-UFSC, Florianis)</s>
    <s>Carlos Henrique de Brito Cruz (FAPESP, SPaulo)</s>
    <s>Ronaldo Mota (MCT, Brasa)</s>
    <s>Pesquisa e inova tecnola salguns dos pilares de sustenta de uma na desenvolvida e soberana. E ambas sfruto de um conjunto de fatores tendo como base um sistema de educa so em todos os nis, com gera de ciia feita na fronteira do conhecimento e um setor industrial apto a absorver as novas informas para aprimoras e transformas em produtos. Os avan tecnolos em vas as de pesquisa, com destaque para a quca, suma realidade em setores industriais estratcos para a economia nacional.</s>
    <s>Nos os anos, a ciia e tecnologia de pas emergentes como Brasil, China e dia vocupando espa importantes nas discussinternacionais, destacando-se de maneira competitiva. O Brasil encontra-se hoje diante de um quadro rico em oportunidades que lhe permite dar um salto qualitativo atntnconseguido em sua hist. Esse modelo, em que a educa, a ciia e a tecnologia dependem de uma a constante do Estado, das organizas empresariais, sociais e dos cidad (professores, ticos, cientistas, gestores, empresos, polcos), seriscutido neste Ciclo de Conferias.</s>
    <s>Novas fronteiras tecnolas da quca(voltar ao ice)</s>
    <s>19 de outubro (13:30 - 18:00)</s>
    <s>Local: Audit FAPESP - Rua Pio XI, 1500, Alto da Lapa, SPaulo</s>
    <s>Coordenador: Josernando Perez (Recepta Biopharma, SP)</s>
    <s>Luiz Eugo Mello (Vale, RJ)</s>
    <s>Edmundo Aires (Braskem, SP)</s>
    <s>Carlos Tadeu Fraga (Petrobras/Cenpes, RJ) - (a confirmar)</s>
    <s>Algumas empresas brasileiras do setor quco sinternacionalmente reconhecidas por seu potencial inovador, para o qual, em muitos casos elas ndispensam a colabora com as universidades. dos sucessos e novos desafios dessas empresas que o ciclo de debates tambvai tratar. Como sabemos, a quca, ciia que estuda a mata e suas transformas, ma das as do conhecimento de maior impacto para o desenvolvimento de uma na e de maior presenno cotidiano de todos nFornecedora de matas-primas e manufaturados para todos os setores produtivos, da agricultura ao segmento aeroespacial, a inda quca, tem na inova radical ou incremental um de seus imperativos, visto que ela caminho para a competitividade e para o sucesso de mercado. No Brasil, o setor quco segundo em importia na forma do PIB Industrial, desempenhando, portanto, relevante papel na economia nacional, ainda que deva continuar avando a passos largos no ito da inova.</s>
    <s>13h30 - Credenciamento e cafr /&gt; 14h00 - Abertura</s>
    <s>14h10 - Coordenador: Josernando Perez (Recepta Biopharma, SP)</s>
    <s>14h30 - Luiz Eugo Mello (Vale, RJ)</s>
    <s>15h30 - Edmundo Aires (Braskem, SP)</s>
    <s>16h30 - Coffee Break</s>
    <s>17h00 - Petrobras - a confirmar</s>
    <s>A contribui de Marie Curie para a ciia e um olhar sobre o papel das mulheres cientistas(voltar ao ice)</s>
    <s>09 de novembro (09:00 - 12:00)</s>
    <s>Local: FAPESP - Audit Governador Carlos Alberto de Carvalho Pinto, Rua Pio XI, 1500, Alto da Lapa, SPaulo</s>
    <s>Coordenadora: Mara O. F. Goulart (Departamento de Quca, UFAL, Maceidiv&gt;</s>
    <s>Maria Vargas (IQ-UFF, NiterRio)</s>
    <s>Ana Maria Alfonso-Goldfarb (PUC-SP)</s>
    <s>Gabriel Pugliese (Escola de Sociologia e Polca, SPaulo)</s>
    <s>As celebras do Ano Internacional da Quca e as homenagens a Marie Curie caminharjuntas em 2011. A cientista foi a primeira mulher a ser laureada com o Premio Nobel de Quca, hem anos, o que contribuiu para que a Unesco e UniInternacional de Quca Pura e Aplicada escolhessem a data. A pesquisadora polonesa radicada na Franatoje, a pessoa a receber duas vezes o Nobel em as diferentes da ciia. Aldo pro em Quca - ganho pela descoberta dos elementos pol e ro e por ter isolado o ro -, levou tambo de Fca em 1903, dividido com Pierre Curie, seu marido, e com Henri Becquerel, pelos estudos sobre radioatividade esponta.</s>
    <s>Marie Curie figura na Enciclopa Britca como uma das 300 mulheres reconhecidas pelas contribuis que mudaram o mundo. Mesmo com todo o sucesso e reconhecimento cientco, ela nfoi poupada de preconceitos inerentes mulheres que, ao longo do tempo, vsendo revistos. As conquistas femininas hoje sevidentes e as mulheres, incluindo as pesquisadoras, ganham cada vez mais espaem todos os setores da sociedade. A conferia abordars contribuis de Madame Curie e as dificuldades e conquistas das cientistas mulheres.</s>
    <s>A Quca inteligente a servida medicina(voltar ao ice)</s>
    <s>09 de novembro (14:00 - 18:00)</s>
    <s>Local: FAPESP - Audit Governador Carlos Alberto de Carvalho Pinto, Rua Pio XI, 1500, Alto da Lapa, SPaulo</s>
    <s>Coordenador: Leandro Helgueira (IQ-USP, SPaulo)</s>
    <s>Luiz Henrique Catalani (IQ-USP, SPaulo)</s>
    <s>Jerson Lima Silva (IB-UFRJ, Rio de Janeiro)</s>
    <s>Sidney de Lima Ribeiro (IQ-Unesp, Araraquara, SP)</s>
    <s>Etelvino Bechara (Unifesp, Diadema, SP)</s>
    <s>A medicina moderna depende cada vez mais de uma compreensprofunda da la molecular que rege a vida. A quca complementa a medicina em diversos campos: diagnco, cirurgias, desenvolvimento de novos facos, engenharia biomca e outros. Por muito tempo a bioquca e a fisiologia celular fizeram a ponte de conexentre quca e medicina, dois ramos da ciia aparentemente distantes. Hoje, avan impostos pela atual sociedade do conhecimento tornaram a interdisciplinaridade indispensl a todas as ciias.</s>
    <s>eas cientcas que no passado andavam isoladas agora mantestreitos vulos de colabora, um arranjo indispensl para ganhar mais saber e desenvolver novas tecnologias. Esta sessdo Ciclo de Conferias tratare exemplificar aspectos da quca fundamental que apresentam forte integra com os os avan no estado da arte da medicina moderna.</s>
    <s>Verspara impress/a&gt; Enviar por e-mail Compartilhar: URL: fapesp.br/6168</s>
    <s>R. Pio XI, 1500 - Alto da Lapa - CEP 05468-901 SPaulo/SP - Brasil</s>
    <s>Tel: (+55) 11 3838-4000 Fax: (+55) 3645-2421</s>
  </text>
</page>
