<?xml version="1.0" encoding="UTF-8"?>
<!DOCTYPE page SYSTEM "page.dtd">
<page>
  <lang>pt</lang>
  <url>http://www.projetomemoria.art.br/RuiBarbosa/periodo3/lamina17/index.htm</url>
  <title>1907 - Rui Barbosa</title>
  <snippet>
    <s>Depois de banquete oferecido pelo presidente do estado, José Marcelino, Rui em 1914, a Conferência da Paz reuniu diplomatas das potências ocidentais. </s>
  </snippet>
  <text>
    <s>1907 - Rui Barbosa</s>
    <s>Em 1907, logo apssumir a Presidia da Repa, Afonso Pena comea cogitar da representa do Brasil na Segunda Conferia da Paz, que teria lugar em Haia. O primeiro encontro, realizado oito anos antes, ncontara com a presendo pa ausente em protesto pela exclusde outras repas sul-americanas.Agora, tratava-se de encontrar um jurista de peso para a importante miss Ministro das Relas Exteriores, o Bardo Rio Branco sugeria o nome de Joaquim Nabuco, mas a imprensa - capitaneada pelo Correio da Manh refletindo a preferia do povo - aclamava Rui Barbosa para participar do conclave.</s>
    <s>!Rui Barbosa</s>
    <s>27/2/1907 - Rui Barbosa recebe do Bardo Rio Branco convite oficial para representar o Brasil em Haia</s>
    <s>01/5 - Decreto presidencial nomeia Rui Barbosa embaixador extraordino e plenipotencio, e delegado do Brasil na Conferia da Paz</s>
    <s>22/5 - Rui Barbosa, acompanhado de sua fama e comitiva, embarca no navio &quot;Araguaia&quot; rumo uropa</s>
    <s>24/5 - O &quot;Araguaia&quot; chega a Salvador, Bahia. Depois de banquete oferecido pelo presidente do estado, Josarcelino, Rui prossegue viagem</s>
    <s>05/6 - Escala em Lisboa, com almona Lega do Brasil. tarde o navio parte para Cherbourg, na Fran/font&gt;</s>
    <s>Convocada pela Rainha da Holanda e pelo Czar da R com o objetivo de discutir o desarmamento ante a perspectiva de uma guerra de propors mundiais, que viria a se tornar realidade em 1914, a Conferia da Paz reuniu diplomatas das potias ocidentais. O Brasil chamava pouca aten, pois dele se esperava uma postura de submissdecisda grande na norte-americana. E sua presenpassaria atesmo despercebida nfossem as brilhantes intervens de Rui Barbosa na maior assembl diplomca internacional atntrealizada.</s>
    <s>!Passagem de Rui Barbosa por Lisboa</s>
    <s>08/6 - Rui e comitiva desembarcam em Cherbourg e dali seguem de trem, chegando apital francesa no mesmo dia</s>
    <s>12/6 - O jornal Le Brl oferece recep de honra a Rui. Presente, entre outros, Joaquim Nabuco, embaixador em Washington</s>
    <s>13/6 - Rui Barbosa chega a Haia</s>
    <s>15/6 - Abertura solene da Conferia da Paz</s>
    <s>!Bosque de Sheveningen, nos arredores de Haia, onde se hospedou a delegação brasileira</s>
  </text>
</page>
