<?xml version="1.0" encoding="UTF-8"?>
<!DOCTYPE page SYSTEM "page.dtd">
<page>
  <lang>pt</lang>
  <url>http://www.lionsilhasolteira.com.br/index.php%3Facao%3Dmostrarpagina%26num_secao%3D1302290622</url>
  <title>Governador 2011/2012 - LIONS CLUBE de Ilha Solteira</title>
  <snippet>
    <s>Programas Juvenis É membro da Academia Européia de Medicina do Envelhecimento – EAMA dentre outras sociedades Contribuiu para a Campanha SightFirst II no Distrito LC 8, Campanha Banquete SightFirst II e “Um Cruzeiro em prol da Visão”. Foi membro do Comitê de Ação Brasileiro da Campanha SightFirst II. </s>
  </snippet>
  <text>
    <s>Indice de Instrus</s>
    <s>Galeria de Governadores</s>
    <s>Primeiro Vice-Governador</s>
    <s>Governador 2011/2012</s>
    <s>Palavra do Presidente</s>
    <s>Rela de Associados</s>
    <s>Departamento das Domadoras</s>
    <s>O Lions</s>
    <s>Programas Juvenis</s>
    <s>Fatos &amp; Fotos</s>
    <s>Galeria - Presidentes</s>
    <s>Instrus Leonicas</s>
    <s>O Clube</s>
    <s>Governador 2011/2012</s>
    <s>!ricardo komatsufamilia bio-300x199</s>
    <s>CL Ricardo Shoiti Komatsu, CaL Gl</s>
    <s>mco clco e geriatra, com especializa em administra hospitalar e de sistemas de samestre em epidemiologia, doutor em educa, professor doutor e chefe da Disciplina de Geriatria e Gerontologia da Faculdade de Medicina de Mara Famema, Autarquia da Secretaria de Ensino Superior do Governo do Estado de SPaulo.</s>
    <s>Teve a oportunidade de ser convidado para visitas ticas, como consultor e professor visitante, e para seminos, conferias, simps e congressos em universidades nacionais e estrangeiras envolvendo mais de vinte pas. Foi professor em sessdo prestigioso Salzburg Seminar, em Salzburg, stria. Foi presidente da Sociedade Brasileira de Geriatria e Gerontologia do Estado de SPaulo (1995-1998). membro da Academia Europ de Medicina do Envelhecimento EAMA dentre outras sociedades cientcas.</s>
    <s>Ingressou no Lions Clube de Mara Terceiro Milo, Distrito LC 8, Mara-SP, em 2003.</s>
    <s>No Distrito: Foi Coordenador da Campanha Viver se aprende vivendo!, AL 2004/2005, quando doou os direitos da edi do livro de poesias de sua autoria CIF. Assessor Distrital para a Conscientiza acerca da Diabetes por dois anos e Presidente de RegiD (2007/2008).</s>
    <s>Foi Coordenador de Grupo da Campanha SightFirst II, DivisD1, Distrito LC 8, 2006/2008. Contribuiu para a Campanha SightFirst II no Distrito LC 8, Campanha Banquete SightFirst II e Um Cruzeiro em prol da Vis. Foi membro do Comite A Brasileiro da Campanha SightFirst II. Recebeu o pro M Auxiliadoras de LCIF e o tlo de Paladino da Bravura da Campanha Sight First II, aldos pros Top One no Distrito e Top Five no Setor.</s>
    <s>No Distrito Mlo: Assessor de Extensdo DMLC.</s>
    <s>Internacionlmente integra como Consultor de Desenvolvimento de Novos Clubes a Equipe Latinoamericana de Extensde Lions Clubs International desde janeiro de 2008, e iaison Lion do Global Membership Team GMT no Distrito Mlo LC.</s>
    <s>Participou dos Institutos de Liderande LCI: Instituto de Prepara de Instrutores (SJosos Campos, maio de 2007) e Instituto de Liderande LeSeniores (Santiago, Chile, setembro de 2007). Foi instrutor do Instituto de LideranRegional: Instituto de Prepara de Instrutores (SJosos Campos, dezembro de 2007), instrutor em seminos de lideranregionais e distritais, palestrante e orador em reunide conselho distrital.</s>
    <s>Recebeu Pros do Presidente Internacional: Jimmy Ross e Mahendra Amarasuriya, Pro Internacional de Lideran(Mahendra Amarasuriya), quatro Certificados de Aprecia de Presidentes Internacionais, Certificado de Relas Internacionais de LCI, Certificado de Reconhecimento do Distrito Mlo LC pela expressiva participa na Campanha SightFirst II, Pros Presidente Excelia nos dois anos frente ao seu Clube, reconhecimentos por aumento de associados, conserva de associados, cinco Pros de Extenspela funda de novos clubes, e Pro S Chave Edificante Sor pelo patroco de 15 novos associados.</s>
    <s>LeOrientador Certificado do LC Mara Augustin Soliva. Companheiro Melvin Jones Progressivo. Casado com Gloria, advogada, Companheira de Melvin Jones Progressiva, com quem tem a filha Caroline. Reside em sua cidade natal, Mara SP e aprecia poesia,fotografia e m.</s>
    <s>Lions Clube de Ilha Solteira - Tel.(18)3743-3814</s>
    <s>Site by ISAWeb**</s>
  </text>
</page>
