<?xml version="1.0" encoding="UTF-8"?>
<!DOCTYPE page SYSTEM "page.dtd">
<page>
  <lang>pt</lang>
  <url>http://cimm.ucr.ac.cr/ocs/index.php/xiii_ciaem/xiii_ciaem/about/organizingTeam</url>
  <title>Comitê Organizador</title>
  <snippet>
    <s>Informações sobre a Conferência. » Visão Geral; » Comitês científicos INTERAMERICANA DE EDUCAÇÃO MATEMÁTICA &gt; Sobre a Conferência &gt; Comitê Organizador </s>
  </snippet>
  <text>
    <s>!Imagem de cabeçalho de páginas internas</s>
    <s>Idioma English Español Português</s>
    <s>Conteúdo da Conferência Pesquisa</s>
    <s>Todos Autor Título Resumo Termos indexados Texto Completo</s>
    <s>Informações sobre a Conferência</s>
    <s>» Visão Geral</s>
    <s>» Comitês científicos</s>
    <s>» Temas e revisão científica</s>
    <s>» Programa científico</s>
    <s>» Sessão CIAEM: 50 anos</s>
    <s>» Medalha Luis Santaló</s>
    <s>» Cronograma</s>
    <s>» Oradores principais</s>
    <s>» Sede do evento</s>
    <s>» Hotéis e facilidades</s>
    <s>» Inscrição e Pagamento</s>
    <s>» Trabalhos</s>
    <s>» Envio de trabalho</s>
    <s>» Apresentações</s>
    <s>» Agenda da Conferência</s>
    <s>» Datas importantes</s>
    <s>» Downloads</s>
    <s>» Organizadores</s>
    <s>Programa Científico</s>
    <s>» Calendário Eventos Especiais</s>
    <s>» Programa Comunicações</s>
    <s>» Programa Oficinas</s>
    <s>» Programa Pósters</s>
    <s>» Programa Minicursos</s>
    <s>» Programa Dialogos</s>
    <s>Eventos Satélite</s>
    <s>» Encontro de Educação Estatística</s>
    <s>» SIEMAT</s>
    <s>Links especiais</s>
    <s>» CIAEM</s>
    <s>» ICMI</s>
    <s>» ICME-12 Korea</s>
    <s>» Revisores</s>
    <s>» Autores e Leitores</s>
    <s>Lembrar de mim</s>
    <s>Para leitores</s>
    <s>Para Autores</s>
    <s>Tamanho da fonte</s>
    <s>Assinar / Cancelar assinatura de notificações</s>
    <s>Capa &gt; XIII CONFERÊNCIA INTERAMERICANA DE EDUCAÇÃO MATEMÁTICA &gt; XIII CONFERÊNCIA INTERAMERICANA DE EDUCAÇÃO MATEMÁTICA &gt; Sobre a Conferência &gt; Comitê Organizador</s>
    <s>Comitê Organizador</s>
    <s>A Comissao Organizadora do XIII CIAEM agradece as seguintes organizaçoes por seu patrocinio</s>
    <s>Comité Interamericano de Educación Matemática</s>
    <s>International Commission on Mathematical Instruction</s>
    <s>Universidade Federal de Pernambuco (Brasil)</s>
    <s>Centro de Investigaciones Matemáticas y Metamatemáticas (Costa Rica)</s>
    <s>Centro Comenius (Chile)</s>
    <s>Agências de Fomento</s>
    <s>A Comissao Organizadora do XIII CIAEM agradece as seguintes organizaçoes por sua colaboraçao</s>
    <s>Universidad de Costa Rica</s>
    <s>Este trabalho está licenciado sob uma Licença Creative Commons Attribution 3.0 .</s>
    <s>! !Logomarca CNPq !!facepe ﻿</s>
    <s>! ﻿﻿</s>
  </text>
</page>
