<?xml version="1.0" encoding="UTF-8"?>
<!DOCTYPE page SYSTEM "page.dtd">
<page>
  <lang>pt</lang>
  <url>http://www.espacoacademico.com.br/094/94lima.htm</url>
  <title>Sobre o cochicho nas reuniões</title>
  <snippet>
    <s>Na conferência o convidado lê um texto previamente elaborado, porque ela Já na palestra[4], além de dispensar o texto para ser lido, o palestrante pode muito contente de estar aqui com pessoas muito queridas, nessa cidade que amo. </s>
  </snippet>
  <text>
    <s>RAYMUNDO DE LIMA</s>
    <s>Formado em Psicologia, Mestre em Psicologia Escolar (UGF) e Doutor em Educa pela Universidade de SPaulo (USP). Atualmente rofessor do Depto. Fundamentos da Educa, na a de Metodologia da Pesquisa, da Universidade Estadual de MaringUEM)</s>
    <s>compartilhe indique este artigo aos amigos</s>
    <s>Sobre o cochicho nas reuni/b&gt;</s>
    <s>Raymundo de Lima</s>
    <s>O cochicho ou conversa paralela em reunide condomo, sindicato, igreja, em aula, palestra ou conferia parece ser natural para num dos sintomas do 'jeitinho' brasileiro. Para o historiador ingl Peter Burke (2003) &quot;em alguns pas, incluindo a Inglaterra, cochichar no ouvido do vizinho durante uma palestra ou uma conferia onsiderado ultrajante&quot;.</s>
    <s>Embora a autoridade docente hoje esteja em crise, pegando carona no declo da autoridade do pai, entre n ainda hrofessores que nse omitem e nse acovardam em denunciar o zunzuzum que atrapalha a concentra na exposi. Mas eles scada vez mais raros; as novas geras de docentes sfruto da sociedade liberal-permissiva cujo superego 'poderno' nreprime, nem educa, mas imp8220;vocode falar o que quiser em qualquer hora e em qualquer lugar&quot;.</s>
    <s>Venho observando no meio universito que a conversinha paralela durante as aulas faz parte da cultura de alguns cursos. Alunas de uma determinada a do conhecimento sentem-se mais autorizadas a atitudes pouco pedagas, como: cochichos, risinhos, lixar unhas, retoques de maquiagem, passar escova no cabelo, folhear revistas de artistas - atos esses que jamais seriam admitidos nos cursos considerados 'positivos'. Os professores dessa 'determinada'a, sem d, smais tolerantes com tais atitudes ou mesmo as ignoram; talvez porque eles pros spropensos a conversinhas paralelas durante suas reunide trabalho.</s>
    <s>Confesso que fico envergonhado quando vejo principalmente professores cochichando durante uma conferia de um convidado ilustre. Provavelmente o conferencista voltarara sua terra com uma mmpressdo audit pouco civilizado para escutar e indisposto prender. Soube de um que interrompeu sua conferia para expressar sua indigna ao ver no audit algu tranquilamente abrir um jornal pra ler. Afinal, ler jornal no momento da exposi denuncia mais que desinteresse do sujeito, revela falta de educa e respeito. Pior aber que o mal educado, no caso, era professor.</s>
    <s>Causas e efeitos do cochicho</s>
    <s>Voltando ao assunto principal, diversos sos motivos que levam algua cochichar durante uma exposi. O cochicho pode ser uma rea de protesto velado m convidado que demonstra desrespeito ou distia afetiva e cultural da plat. Por exemplo, um palestrante muito focado no seu assunto n conscientemente deixa passar autosuficiia, arrogia, como se descartasse a audiia para estabelecer um vulo com ele e/ou suas ids. Assim, a rea natural lgupuxar conversa com o vizinho. Tal rea de protesto tambpode ser um exerco para afiar a pra lua do cochichador e tambganhar adeptos contra a exposi. Nesse caso, o cochichador logo toma a palavra para expor seu ponto de vista e se contrapor. Se os demais ficam do seu lado estrmada a dispers rebeli e fugas do recinto.</s>
    <s>O esvaziamento do recinto tambpode representar uma rea esponta e pessoal contra a monotonia da exposi, a antipatia do palestrante, ou a falta de competia para discorrer sobre um assunto de modo organizado, claro e leve.</s>
    <s>Sair do recinto no meio da fala de um convidado ais freqem conferias do que palestras. Na conferia o convidado lm texto previamente elaborado, porque ela cumpre com a formalidade do encontro e a sintonia do campo transferencial entre os presentes. Ja palestra, alde dispensar o texto para ser lido, o palestrante pode demonstrar versatilidade e criatividade na exposi, causar empatia com a plat, por exemplo, fazendo uma introdu aparentemente natural e agradl: &quot;estou muito contente de estar aqui com pessoas muito queridas, nessa cidade que amo &quot;. Trata-se, nesse momento, de usar uma tica de orat, captatio benevolentiae , que &quot;tem por finalidade angariar a simpatia do audit para com o orador, motivo a ouvir, predisp a aceitar a pessoa que vai falar&quot; (LEAL, p.28). Obviamente o orador deve ser sincero ao procurar captar a benevolia, porque caso contro pode transparecer hipocrisia, politiquismo, bajula, etc. Um professor hl, por exemplo, quele que, no primeiro dia de aula, procura captar a benevolia dos alunos, e tamb esclarecer certos pontos do contrato pedago: &quot; - como venho aqui por inteiro, gostaria que voctambestivessem aqui por inteiro, comprometidos com o nosso curso; noutras palavras, evitem atitudes pouco pedagas, como conversas paralelas &quot;.</s>
    <s>Ao contro dos europeus que geralmente se comportam em silio nas conferias, os brasileiros preferem palestras, por serem dincas, criativas, vezes viram shows, e, tambporque permitirem cochichos. Quanto mais dinca exposi, menos probabilidade de cochichos haverE os palestrantes que se tornam meros &quot;leitores de Power Points&quot; ? Depende de como sado esse recurso tecnolo. Nraro, o escurinho e a forma de exposi causam to e sono na audiia. Autorizar as imagens dizerem 'tudo', escartar a importia do expositor. Ainda, pode causar certo mal-estar se o expositor fica de costas para os ouvintes. Como novidade, os slides geralmente conseguem prender a aten do audit, mas na hora que o palestrante tomar a palavra - aper passado as imagens - pode provocar cochichos e desconcentrar o audit para o assunto agora falado.</s>
    <s>O lado psicolo </s>
    <s>Cochichar em reuniseria uma falha da educa desde a infia? Falta de limite nsinalizado pela autoridade simba do pai? Seria uma repeti compulsiva surgido desde a infia com pais que nunca se importavam serem interrompidos nas conversas entre adultos?</s>
    <s>Os professores do ensino bco hoje se queixam que passam mais tempo pedindo aten aos alunos do que ensinando; os bibliotecos tambse estressam pedindo silio no recinto. E os mais educados se sentem ref da incivilidade nestes ambientes. Burke sugere que no caso dos pas latinos, deve-se logo &quot;aprender que ecesso ouvir, ou ao menos tentar ouvir, muitas pessoas falando ao mesmo tempo&quot; (BURKE, 1995, p. 126).</s>
    <s>Alda hipe que aponta um modo da cultura, a conversinha paralela pode ser uma forma de repeti compulsiva , isto a pessoa sempre estochichando, porque ela ominada por impulso cujo propo ransgredir (perverter ou quebrar regras). Principalmente em ambientes que exigem muita aten e respeito, ela se vominada por tais impulsos de fundo perverso.</s>
    <s>Assim, a conversa paralela (dentre as atitudes anti-pedagas aqui mencionadas) sugere perversvisto ser um ato transgressor das regras de boa convivia. Essa hipe pode ser testada no dia-a-dia das aulas: o professor ao convidar o cochichador compulsivo ocializar o seu cochicho, geralmente ele se omite, revelando covardia, egoo ou ressentimento. Tamb porque o cochichador compulsivo parece mais disposto para falar 'palavras vazias', fora-de-hora e fora-de-lugar, do que acender 'palavra plena', na hora-certa, e lugar-certo, e contextualizar a pra com o discurso do expositor. O problema, portanto, n fazer um ou outro cochicho durante uma reuni mas nse dar conta de estar pervertendo o espa Em vez de assumir um dizer em po, arriscando a crcas, ele se deixa levar pelo gozo do ato, logo, aliena.</s>
    <s>Os cuidados de capta da benevolia, sincronia dos gestos e frases, controle da expressfacial, boa dic, imposta da voz, polidez, tudo isso leva o palestrante a prender a aten dos ouvintes. Pode atontribuir para civilizar um grupo social pouco acostumado a tais encontros. Fazer com que o po concentre toda sua aten na palestra como quem assiste a uma cena de suspense dos filmes de Hitchcock, evita cochichos e fugas do recinto. Mas, certamente, nevita a presende mal educados.</s>
    <s>BARBOSA, La. O jeitinho brasileiro: a arte de ser mais igual que os outros. Rio de Janeiro: Campus, 1992.</s>
    <s>BURKE, Peter. Oralidade nos bancos da academia. In: Folha de S. Paulo, cad. Mais13/07/2003.</s>
    <s>. A arte da conversa. SPaulo: Unesp, 1995.</s>
    <s>LEAL, Josarlos. A arte de falar em po. Rio de Janeiro: ETC, 1995.</s>
    <s>ZIZEK, S. O superego poderno. In: Folha de S. Paulo - Mais**23/ maio/ 1999, p. 5-8.</s>
    <s>Sugiro o excelente estudo de La Barbosa: &quot; O jeitinho brasileiro: a arte de ser mais igual que os outros&quot;. Rio: Campus, 1992.</s>
    <s>Professores considerados ntiga geralmente inspiravam 'temor reverencial', nsrque exigiam plena concentra dos alunos sobre um assunto de aula, mas porque faziam parte de uma rede simba de sustenta da Lei-do-Pai. Ao menor sinal de desvio da aten dos alunos, bastava ele mirar um olhar fulminante cuja mensagem era &quot;n se atreva&quot;.</s>
    <s>ZIZEK, S. O superego poderno. In: Folha de S. Paulo - Mais23/ maio/ 1999, p. 5-8.</s>
    <s>Ver nessa revista: &quot;Palestras e palestrantes, em baixa!&quot;&lt;http://www.espacoacademico.com.br/022/22ray.htm&gt;.</s>
    <s>!verspara imprimir (arquivo em pdf)</s>
    <s>!incluir email</s>
    <s>cadastre seu email e receba a REA</s>
    <s>!clique e acesse todos os artigos publicados </s>
    <s>http://www.espacoacademico.com.br - Copyleft 2001-2009</s>
    <s>livre a reprodu para fins ncomerciais, desde que o autor e a fonte sejam citados e esta nota seja inclu</s>
  </text>
</page>
