<?xml version="1.0" encoding="UTF-8"?>
<!DOCTYPE page SYSTEM "page.dtd">
<page>
  <lang>pt</lang>
  <url>http://www.hayata.com.br/legislacao/circular/2997.asp</url>
  <title>Circular n.º 2997</title>
  <snippet>
    <s>tituídos por conferência de bens tangíveis ou intangíveis, importados sem cobertura cambial; empresas no País, pertencentes a pessoas físicas ou jurídicas resi- dentes Art. 7º Incluir no Módulo RDE-IED o registro em moeda nacional dos </s>
  </snippet>
  <text>
    <s>CIRCULAR 2.997</s>
    <s>Institui e regulamenta o regis-</s>
    <s>tro declarat eletro de</s>
    <s>investimentos externos diretos -</s>
    <s>Mo RDE-IED.</s>
    <s>A Diretoria Colegiada do Banco Central do Brasil, em sess</s>
    <s>realizada em 2 de agosto de 2000, tendo em vista o disposto no art.</s>
    <s>3 da Resolu n 2.337, de 28 de novembro de 1996, do Conselho</s>
    <s>Moneto Nacional,</s>
    <s>D E C I D I U:</s>
    <s>Art. 1 Instituir e regulamentar, na forma do Regulamento</s>
    <s>anexo a esta Circular, o registro declarat eletro de investi-</s>
    <s>mentos externos diretos no Pa por intermo do Mo RDE-IED,</s>
    <s>que passa a integrar o Sistema de Informas Banco Central -</s>
    <s>SISBACEN, destinado ao registro e oleta de informas relativas a</s>
    <s>investimentos externos diretos no Brasil, compreendendo:</s>
    <s>I - investimentos em moeda;</s>
    <s>II - investimento em bens, assim denominados aqueles cons-</s>
    <s>titus por conferia de bens tangis ou intangis, importados</s>
    <s>sem cobertura cambial;</s>
    <s>III - convers em investimento direto, de direitos e/ou</s>
    <s>crtos remissis ao exterior;</s>
    <s>IV - reinvestimentos por capitalizas de lucros, juros</s>
    <s>sobre capital pro e reservas de lucros;</s>
    <s>V - capitalizas de reservas de capital e de reavalia;</s>
    <s>VI - reaplicas de capitais e rendimentos de investimen-</s>
    <s>tos externos diretos jxistentes no Pa</s>
    <s>VII - reorganizas societas decorrentes de incorpora-</s>
    <s>, fuse cis</s>
    <s>VIII - permutas e conferias de as ou quotas;</s>
    <s>IX - destina e remessa ao exterior de recursos classifi-</s>
    <s>cis como retorno de capital ou valoriza, na forma definida no</s>
    <s>Regulamento anexo, decorrentes de aliena de participa societ</s>
    <s>ria a residentes no Pa de redu de capital para restitui a</s>
    <s>s ou de liquida de empresa, ou classificis como dividendos,</s>
    <s>lucros ou juros sobre capital pro;</s>
    <s>X - alteras que impliquem mudan nas caractericas</s>
    <s>do investimento externo direto e/ou patrim lido da empresa</s>
    <s>receptora do investimento; e</s>
    <s>XI - informas econo-financeiras.</s>
    <s>Art. 2 Definir como investimento externo direto, para os</s>
    <s>fins e efeitos desta Circular, as participas, no capital social de</s>
    <s>empresas no Pa pertencentes a pessoas fcas ou jurcas resi-</s>
    <s>dentes, domiciliadas ou com sede no exterior, integralizadas ou</s>
    <s>adquiridas na forma da legisla em vigor, bem como o capital desta-</s>
    <s>cado de empresas estrangeiras autorizadas a operar no Pa observado</s>
    <s>o disposto no art. 10 desta Circular.</s>
    <s>Art. 3 Estabelecer que o registro dos investimentos exter-</s>
    <s>nos diretos no Pa independentemente da forma de sua realiza,</s>
    <s>deve ser efetuado no Mo RDE-IED.</s>
    <s>Parafo 1 Para os efeitos desta Circular, o termo</s>
    <s>&quot;registro&quot; designa a atribui de um n permanente para o par</s>
    <s>Investidor-Receptora e respectivas inclus e mutas referentes</s>
    <s>aos eventos de que trata o art. 1 deste normativo.</s>
    <s>Parafo 2 A efetiva do registro, observadas as dispo-</s>
    <s>sis legais e regulamentares vigentes, de responsabilidade da</s>
    <s>empresa receptora do investimento externo direto e do investidor n</s>
    <s>residente por intermo de seu(s) representante(s) no Pa</s>
    <s>Parafo 3 Para qualquer movimenta financeira com o</s>
    <s>exterior o n RDE-IED deve ser informado, obrigatoriamente, no</s>
    <s>campo apropriado do contrato de cio ou na tela de registro das</s>
    <s>movimentas em contas de domiciliados no exterior, observado o</s>
    <s>disposto no Caplo XI do Regulamento anexo a esta Circular.</s>
    <s>Parafo 4 Nos casos de investimentos externos diretos em</s>
    <s>instituis autorizadas a funcionar pelo Banco Central do Brasil, o</s>
    <s>registro dos atos societos no Mo RDE-IED deve ser precedido de</s>
    <s>autoriza do Departamento de Organiza do Sistema Financeiro</s>
    <s>(DEORF), na forma da regulamenta em vigor.</s>
    <s>Art. 4 O registro a que se refere o parafo 1 do artigo</s>
    <s>anterior deve ser efetuado no prazo de 30 (trinta) dias contados da</s>
    <s>data do evento que lhe deu origem, observadas as disposis do Regu-</s>
    <s>lamento anexo e dos demais normativos aplicis ata.</s>
    <s>Parafo . Excetua-se do prazo previsto neste artigo</s>
    <s>o registro dos investimentos em bens tangis, devendo, neste caso,</s>
    <s>ser observado o prazo de 90 (noventa) dias a contar da data do</s>
    <s>Art. 5 O prazo mencionado no artigo anterior nse aplica</s>
    <s>aos casos de adiantamento para futuro aumento de capital (AFAC)</s>
    <s>permitidos pela regulamenta em vigor.</s>
    <s>Parafo . O eventual retorno ao exterior dos recur-</s>
    <s>sos ingressados e porventura n capitalizados depende de pra</s>
    <s>autoriza do Departamento de Capitais Estrangeiros - FIRCE.</s>
    <s>Art. 6 Os detentores de investimentos externos diretos,</s>
    <s>parcial ou totalmente ainda nregistrados no FIRCE, at data de</s>
    <s>publica desta Circular, devem providenciar, at31.12.2000, o</s>
    <s>respectivo registro ou sua atualiza no Mo RDE-IED.</s>
    <s>Art. 7 Incluir no Mo RDE-IED o registro em moeda</s>
    <s>nacional dos recursos externos ingressados no Pa ap8.11.1996,</s>
    <s>por investidor nresidente para constitui de investimento exter-</s>
    <s>no direto.</s>
    <s>Art. 8 Considerar cancelados, a partir de 04.09.2000, os</s>
    <s>Certificados de Registro de prefixos-base 60 e 61 emitidos pelo</s>
    <s>FIRCE anteriormente mplanta do Mo RDE-IED, os quais</s>
    <s>devem ser devolvidos ao setor responsl por sua emiss no prazo</s>
    <s>previsto no art. 6 deste normativo.</s>
    <s>Art. 9 O FIRCE e o Departamento de Informca</s>
    <s>(DEINF) devem adotar as medidas necessas com vistas igra,</s>
    <s>para o Mo RDE-IED, da base de dados referente aos Certificados de</s>
    <s>Registro jmitidos.</s>
    <s>Art. 10. Excluir das disposis desta Circular as partici-</s>
    <s>pas societas de investidores nresidentes adquiridas nos mer-</s>
    <s>cados financeiro e de capitais, bem como os rendimentos delas decor-</s>
    <s>rentes, que constituam investimentos em portf regidos por normas</s>
    <s>especcas, passis de registro no FIRCE por meio de procedimentos</s>
    <s>e transas pras do SISBACEN.</s>
    <s>Art. 11. Autorizar o FIRCE a adotar as medidas e baixar as</s>
    <s>normas complementares que se fizerem necessas xecu do dis-</s>
    <s>posto nesta Circular, inclusive alterar o Regulamento anexo no que se</s>
    <s>referir a procedimentos operacionais.</s>
    <s>Art. 12. Esta Circular entra em vigor na data de sua publi-</s>
    <s>ca, produzindo efeitos a partir de 4 de setembro de 2000, quando</s>
    <s>ficarrevogadas as Circulares ns 1.884, de 24 de janeiro de 1991</s>
    <s>e 2.439, de 30 de junho de 1994; as Cartas-Circulares ns 298, de 29</s>
    <s>de dezembro de 1978; 2.144, de 08 de fevereiro de 1991; 2.148, de 26</s>
    <s>de fevereiro de 1991; 2.161, de 18 de abril de 1991; 2.165, de 13 de</s>
    <s>maio de 1991; 2.198, de 15 de agosto de 1991; 2.266, de 13 de mar</s>
    <s>de 1992; 2.282 de 02 de junho de 1992; 2.313, de 01 de setembro de</s>
    <s>1992 e 2.323, de 01 de outubro de 1992; e o Comunicado FIRCE n 28,</s>
    <s>de 10 de abril de 1978.</s>
    <s>Brasa, 15 de agosto de 2000</s>
    <s>Daniel Luiz Gleizer</s>
    <s>REGULAMENTO ANEXO CIRCULAR N 2.997, DE 15 DE AGOSTO DE 2000, QUE</s>
    <s>DISCIPLINA O REGISTRO DECLARATIO ELETRICO DOS INVESTIMENTOS</s>
    <s>EXTERNOS DIRETOS (RDE-IED) NO PA.</s>
    <s>Caplo I</s>
    <s>Do Registro Inicial</s>
    <s>Art. 1 O registro declarat eletro de investimentos</s>
    <s>externos diretos no Mo RDE-IED de que trata a Circular 2.997, de</s>
    <s>2000, deve ser efetuado pelo(s) representante(s), no Pa da empresa</s>
    <s>receptora do investimento externo direto e do investidor nresi-</s>
    <s>Parafo 1 Para os fins deste Regulamento entende-se por:</s>
    <s>I - empresa receptora, a empresa brasileira, constitu e</s>
    <s>com sede e administra no Pa que conte ou que venha a contar com</s>
    <s>a participa de investidor nresidente em seu capital social em</s>
    <s>virtude do investimento a ser efetuado, na forma prevista neste Regu-</s>
    <s>lamento, bem como a filial de empresa estrangeira autorizada a operar</s>
    <s>no Brasil;</s>
    <s>II - investidor n residente ou investidor externo, a</s>
    <s>pessoa fca ou jurca residente, domiciliada ou com sede no exte-</s>
    <s>rior, que detenha ou venha a deter investimento direto em empresa no</s>
    <s>Parafo 2 Preliminarmente ao registro das operas</s>
    <s>deve(m) o(s) responsl(eis) pelo registro se cadastrar no SISBACEN</s>
    <s>- Sistema de Informas Banco Central, conforme instrus contidas</s>
    <s>na &quot;home page&quot; do Banco Central do Brasil (www.bcb.gov.br), op</s>
    <s>SISBACEN - Informca, item Acesso Institucional ao SISBACEN.</s>
    <s>Parafo 3 As instrus para o declarante efetuar o re-</s>
    <s>gistro no sistema estconsignadas no Manual do RDE-IED, disponl</s>
    <s>na &quot;home page&quot; do Banco Central do Brasil, to Manuais e Outras</s>
    <s>Art. 2 condi precedente obten do registro</s>
    <s>inicial no Mo RDE-IED a presta de informas cadastrais da</s>
    <s>empresa receptora, do investidor externo e de seus representantes,</s>
    <s>mediante utiliza das seguintes transas do SISBACEN:</s>
    <s>I - PEMP500, para inclusdos dados cadastrais da empresa</s>
    <s>receptora, do investidor externo e de seus respectivos representan-</s>
    <s>II - PEMP600, para consultas sobre os dados cadastrais.</s>
    <s>Art. 3 O registro no Mo RDE-IED ndividualizado por</s>
    <s>investidor externo e respectiva empresa receptora no Pa abrangendo</s>
    <s>o registro inicial e todas as mutas e destinas subseq,</s>
    <s>devendo ser efetuado mediante utiliza da transa PRDE600 do</s>
    <s>Art. 4 O registro declarat eletro inicial e suas</s>
    <s>atualizas constituem requisito para quaisquer movimentas de</s>
    <s>recursos do e para o exterior relativas onstitui, mutas ou</s>
    <s>distribui de rendimentos do investimento externo direto.</s>
    <s>Caplo II</s>
    <s>Do item Investimento</s>
    <s>Art. 5 Sregistrados no item investimento do Mo RDE-</s>
    <s>IED, na moeda estrangeira efetivamente ingressada no Pa os valores</s>
    <s>correspondentes ntegraliza da participa de nresidentes no</s>
    <s>capital social, subscrito ou destacado, de empresas no Pa ou rela-</s>
    <s>tivos ao pagamento da aquisi de as ou quotas integralizadas de-</s>
    <s>tidas por residentes no capital social de empresas no Pa mediante</s>
    <s>utiliza de moeda, direitos credits ou bens conferidos, na</s>
    <s>forma das normas vigentes e nos termos deste Regulamento.</s>
    <s>Parafo 1 Stambregistrados no item investimento do</s>
    <s>Mo RDE-IED os valores aplicados em integralizas ou aquisis</s>
    <s>de as ou quotas correspondentes a:</s>
    <s>I - rendimentos auferidos por investidor externo que forem</s>
    <s>reaplicados em empresas receptoras diversas daquelas que originaram</s>
    <s>os rendimentos;</s>
    <s>II - reaplicas de recursos passis de transferia</s>
    <s>financeira internacional a tlo de retorno de capital ou de valori-</s>
    <s>III - valores oriundos de convers em investimento de di-</s>
    <s>reitos credits constitus na forma das normas vigentes, obser-</s>
    <s>vado o disposto no caplo pro deste Regulamento.</s>
    <s>Parafo 2 Entende-se por valoriza, exclusivamente</s>
    <s>para fins de registro no Mo RDE-IED e de codifica das transfe-</s>
    <s>rias financeiras pertinentes, a diferenpositiva entre o valor</s>
    <s>das as ou quotas correspondentes que vier a ser declarado no sis-</s>
    <s>tema, direta ou indiretamente, por ocasida aliena a residentes,</s>
    <s>liquida de empresa receptora ou redu de capital para restitui-</s>
    <s>a s, e o valor pelo qual essas as ou quotas se acham re-</s>
    <s>gistradas no Mo RDE-IED, nse confundindo com o ganho de capi-</s>
    <s>tal a ser apurado na forma das normas tributas. Se negativa, a</s>
    <s>diferenratada como desvaloriza.</s>
    <s>Art. 6 Para os fins deste Regulamento, investimentos em</s>
    <s>bens tangis caracterizam-se pela capitaliza de valores corres-</s>
    <s>pondentes a bens de propriedade de nresidentes, importados sem co-</s>
    <s>bertura cambial, objeto de registro no Mo ROF (Registro de Opera-</s>
    <s>s Financeiras) do Sistema RDE, na modalidade pra e com vincu-</s>
    <s>la a Declara de Importa (DI) desembaraa, devendo o regis-</s>
    <s>tro desse investimento ser efetuado na moeda constante do ROF corres-</s>
    <s>Parafo 1 Os bens tangis ingressados no Pasem co-</s>
    <s>bertura cambial, para fins de investimento externo direto, devem ser</s>
    <s>destinados exclusivamente a integraliza de capital, observado o</s>
    <s>prazo de que trata o parafo do artigo 4 da Circular n</s>
    <s>2.997, de 2000.</s>
    <s>Parafo 2 Para fins de registro de investimento externo</s>
    <s>direto, a importa sem cobertura cambial de bens intangis, quan-</s>
    <s>do admitida pelas normas vigentes, sujeita-se ra autoriza do</s>
    <s>Caplo III</s>
    <s>Das Transferias de Investimentos</s>
    <s>Art. 7 As transferias de outras modalidades de aplica-</s>
    <s>do capital estrangeiro no Brasil para a modalidade objeto deste</s>
    <s>Regulamento e vice-versa dependem de pra e expressa autoriza do</s>
    <s>FIRCE, sujeitando-se ealiza de operas simultas de compra</s>
    <s>e venda de cio, sem expedi de ordem de pagamento do ou para o</s>
    <s>exterior, e ao cumprimento das obrigas tributas aplicis.</s>
    <s>Caplo IV</s>
    <s>Das Conversde Crtos em Investimento</s>
    <s>Art. 8 Considera-se conversem investimento externo di-</s>
    <s>reto, para os efeitos deste Regulamento, a opera por intermo da</s>
    <s>qual crtos passis de gerar transferias ao exterior, com base</s>
    <s>nas normas vigentes, sutilizados pelo credor nresidente para</s>
    <s>aquisi ou integraliza de participa no capital social de em-</s>
    <s>presa no Pa</s>
    <s>Parafo . O registro da aquisi ou integraliza</s>
    <s>de capital referida neste artigo somente pode ser processado ap</s>
    <s>recebimento, pela empresa receptora do investimento, de:</s>
    <s>I - declara do credor e promitente investidor definindo</s>
    <s>precisamente os vencimentos das parcelas e respectivos valores a</s>
    <s>serem convertidos e, no caso de juros e outros encargos, tamb o</s>
    <s>pero a que se referem e as taxas e culos empregados;</s>
    <s>II - declara irretratl do credor concordando com a</s>
    <s>Art. 9 As convers em investimento externo direto de</s>
    <s>crtos remissis devem ser processadas com a realiza de opera-</s>
    <s>s simultas de compra e venda de moeda estrangeira, sem expedi-</s>
    <s>de ordem de pagamento do ou para o exterior, mediante utiliza</s>
    <s>de natureza-fato correspondente ao tipo de crto empregado e ao</s>
    <s>investimento externo direto realizado, e co de grupo especco.</s>
    <s>Parafo . Em se tratando de opera nregistrada</s>
    <s>no Sistema RDE, a realiza das operas simultas de cio re-</s>
    <s>feridas neste artigo depende de autoriza pra do FIRCE, devendo</s>
    <s>ser apresentados Gerias Ticas de Capitais Estrangeiros, ob-</s>
    <s>servado o zoneamento geogrco em vigor, aldos documentos referi-</s>
    <s>dos no parafo do art. 8, outros elementos julgados necess</s>
    <s>rios erfeita caracteriza do crto a ser convertido.</s>
    <s>Caplo V</s>
    <s>Do item Reinvestimento</s>
    <s>Art. 10. S registradas no item reinvestimento do Mo</s>
    <s>RDE-IED as capitalizas de lucros, de juros sobre capital pro e</s>
    <s>de reservas de lucros, proporcionalmente articipa de cada in-</s>
    <s>vestidor externo no n total de as ou quotas integralizadas do</s>
    <s>capital social na mesma empresa receptora em que foram gerados os</s>
    <s>respectivos rendimentos no Pa</s>
    <s>Parafo 1 Excetuam-se da proporcionalidade de que trata</s>
    <s>este artigo situas especcas amparadas pela legisla em vigor.</s>
    <s>Parafo 2 O registro do reinvestimento fetuado na moe-</s>
    <s>da do papara o qual poderiam ter sido remetidos os rendimentos,</s>
    <s>ressalvada a hipe do artigo 20.</s>
    <s>Art. 11. A capitaliza de reservas de capital, de reava-</s>
    <s>lia, de contingia, de lucros a realizar e de doas produz</s>
    <s>ajuste exclusivamente na quantidade de as ou quotas integralizadas</s>
    <s>detidas pelo investidor e/ou na correspondente fra do capital</s>
    <s>social integralizado, nimplicando alteras nos valores em moeda</s>
    <s>estrangeira ou nacional constantes do registro nos itens investimento</s>
    <s>e reinvestimento.</s>
    <s>Caplo VI</s>
    <s>Da Defini da Contrapartida</s>
    <s>Art. 12. O valor da contrapartida em moeda estrangeira, nos</s>
    <s>casos previstos nos incisos I e II do parafo 1 do art. 5 e no</s>
    <s>art. 10, e o valor da contrapartida em moeda nacional, no caso pre-</s>
    <s>visto no parafo 1 do art. 6, sercalculados mediante aplica</s>
    <s>da ma aritmca entre as taxas cambiais de compra e de venda v</s>
    <s>lidas para o dia do ato societo da empresa receptora, disponis</s>
    <s>na op 5 da transa PTAX800 do SISBACEN.</s>
    <s>Caplo VII</s>
    <s>Dos Lucros, Dividendos e Juros sobre Capital Pro</s>
    <s>Art. 13. A parcela dos lucros, dividendos e juros sobre</s>
    <s>capital pro distribu a investidor nresidente deve ter sua</s>
    <s>destina registrada no Mo RDE-IED, na propor da respectiva</s>
    <s>participa no total de as ou quotas que compo capital social</s>
    <s>integralizado da empresa receptora do investimento.</s>
    <s>Parafo . Excetuam-se da proporcionalidade de que</s>
    <s>trata este artigo situas especcas amparadas pela legisla em</s>
    <s>Caplo VIII</s>
    <s>Das Reorganizas Societas</s>
    <s>Art. 14. O registro de fus incorpora ou cis de</s>
    <s>empresas receptoras de investimento externo deve ser efetuado obser-</s>
    <s>I - a participa de cada investidor externo no patrim</s>
    <s>nio lido da empresa de origem do investimento;</s>
    <s>II - o valor patrimonial das participas societas</s>
    <s>III - a transferia de investimentos e reinvestimentos</s>
    <s>entre as empresas;</s>
    <s>IV - a distribui proporcional das as ou quotas re-</s>
    <s>gistradas e dos valores registrados em moeda estrangeira ou nacional.</s>
    <s>Parafo . Nos casos de incorpora com aumento de</s>
    <s>capital social da incorporadora pelo valor do patrim lido da</s>
    <s>incorporada, observados, no que cabl, os efeitos decorrentes de</s>
    <s>vulo de controle existente entre as mesmas, as reservas de lucros</s>
    <s>e os lucros acumulados constantes do balan patrimonial levantado</s>
    <s>pela incorporada para fins de incorpora s consignados ao final</s>
    <s>do processamento da incorpora no Mo RDE-IED, no item reinves-</s>
    <s>timento dos registros de investimento externo direto da incorporadora</s>
    <s>e seus investidores externos.</s>
    <s>Art. 15. O registro da conferia e da permuta de as ou</s>
    <s>quotas, no Pa envolvendo investimentos externos registrados no</s>
    <s>Mo RDE-IED, implica transferia dos valores registrados na pro-</s>
    <s>por da quantidade de as ou quotas transacionadas, observada a</s>
    <s>situa patrimonial de cada empresa.</s>
    <s>Parafo 1 Para os fins deste Regulamento, entende-se</s>
    <s>I - permuta de as ou quotas no Pa a troca de parti-</s>
    <s>cipas societas, sendo pelo menos uma registrada no Mo RDE-</s>
    <s>IED, realizada entre investidores residente e nresidente, ou entre</s>
    <s>investidores nresidentes;</s>
    <s>II - conferia de as ou quotas no Pa a da de</s>
    <s>as ou quotas integralizadas do capital de uma empresa no Pa</s>
    <s>detidas pelo investidor nresidente, para integraliza de capital</s>
    <s>por ele subscrito em outra empresa receptora no Pa</s>
    <s>Caplo IX</s>
    <s>Do Retorno de Capital</s>
    <s>Art. 16. Observada a participa do investidor externo no</s>
    <s>capital social da empresa receptora, a destina de recursos apura-</s>
    <s>dos na aliena de participa societa, redu de capital para</s>
    <s>restitui a s ou liquida de empresas deve ser registrada no</s>
    <s>Mo RDE-IED.</s>
    <s>Parafo 1 Pode o FIRCE, sempre que julgar necesso,</s>
    <s>solicitar a apresenta de laudo de avalia elaborado em conformi-</s>
    <s>dade com as normas vigentes, bem como outros elementos que considere</s>
    <s>relevantes para a perfeita caracteriza da opera e aferi da</s>
    <s>razoabilidade dos valores envolvidos.</s>
    <s>Parafo 2 O registro das operas de que trata este</s>
    <s>artigo implica ajustes proporcionais nos itens relativos aos regis-</s>
    <s>tros de investimento e reinvestimento no Mo RDE-IED.</s>
    <s>Caplo X</s>
    <s>Das Movimentas Financeiras com o Exterior</s>
    <s>Art.17. Para qualquer movimenta financeira com o exte-</s>
    <s>rior o n RDE-IED deve, obrigatoriamente, constar no campo apro-</s>
    <s>priado do contrato de cio ou na tela de registro das movimentas</s>
    <s>em contas de domiciliados no exterior, observado o disposto no Cap</s>
    <s>tulo XI do Regulamento anexo a esta Circular.</s>
    <s>Art. 18. O cliente nas transferias financeiras do e para</s>
    <s>o exterior deve ser o beneficio ou tomador da ordem de pagamento</s>
    <s>recebida ou expedida pelo banco do/ao exterior.</s>
    <s>Caplo XI</s>
    <s>Do Registro em Moeda Nacional</s>
    <s>Art. 19. Nas integralizas de capital e pagamento de</s>
    <s>aquisis de participa de residentes de que trata o artigo 5</s>
    <s>deste Regulamento, para os quais sejam empregados recursos em moeda</s>
    <s>nacional, brigat que os recursos sejam originos de conta</s>
    <s>corrente, no Pa titulada pelo pro investidor domiciliado ou</s>
    <s>com sede no exterior, aberta e mantida na forma das normas vigentes.</s>
    <s>Parafo . O FIRCE pode reverter o registro do inves-</s>
    <s>timento externo direto cujas informas apresentarem irregularidades</s>
    <s>na apura da origem da moeda nacional, sem preju das penalidades</s>
    <s>porventura cabis.</s>
    <s>Art. 20. O registro do reinvestimento decorrente de inves-</s>
    <s>timento registrado em moeda nacional e registrado em moeda nacional.</s>
    <s>Art. 21. Na hipe de pagamento de lucros, dividendos,</s>
    <s>juros sobre capital pro, ou retorno de investimento em moeda na-</s>
    <s>cional obrigat que os recursos sejam creditados em conta</s>
    <s>corrente, no Pa titulada pelo pro investidor domiciliado ou</s>
    <s>com sede no exterior.</s>
    <s>Art. 22. O registro no SISBACEN das transferias interna-</s>
    <s>cionais em moeda nacional, de que trata a Circular n 2677, de</s>
    <s>10.04.96, relacionadas ao investimento externo, requer a existia</s>
    <s>do n RDE-IED em campo apropriado da tela de registro das movi-</s>
    <s>mentas em moeda nacional.</s>
    <s>Caplo XII</s>
    <s>Das Demais Alteras Cadastrais e de Registro</s>
    <s>Art. 23. Constituem alteras com obrigatoriedade de re-</s>
    <s>gistro no Mo RDE-IED todos os eventos societos ou contratuais</s>
    <s>que impliquem modifica de dados de registro existente no referido</s>
    <s>sistema, destacando-se:</s>
    <s>I - aquisi ou cess no exterior, entre investidores</s>
    <s>nresidentes, de participa societa em empresa no Pa</s>
    <s>II - aumento ou redu de capital social de empresa re-</s>
    <s>ceptora sem participa de investidor nresidente;</s>
    <s>III - transforma de as para quotas ou vice-versa, em</s>
    <s>face da mudanda natureza jurca da empresa receptora, ou altera-</s>
    <s>da quantidade das as ou quotas, por desdobramento ou grupamen-</s>
    <s>to, sem modifica do valor do capital social integralizado;</s>
    <s>IV - redu de capital para absor de prejus;</s>
    <s>V - outras que alterem os termos da participa societa</s>
    <s>de investidor externo.</s>
    <s>Art. 24. Devem ser comunicadas ao FIRCE quaisquer modifica-</s>
    <s>s relativas aos titulares de registro no Mo RDE-IED, destacan-</s>
    <s>do-se as que envolvam:</s>
    <s>I - denomina ou raz social de empresa receptora e/ou</s>
    <s>de investidor externo;</s>
    <s>II - enderede sede social de empresa receptora e/ou de</s>
    <s>investidor externo;</s>
    <s>III - representantes da empresa receptora e/ou de investi-</s>
    <s>dor externo para fins de RDE-IED;</s>
    <s>IV - n da empresa receptora no Cadastro Nacional de</s>
    <s>Pessoa Jurca - CNPJ.</s>
    <s>Caplo XIII</s>
    <s>Das Informas Econo-Financeiras</s>
    <s>Art. 25. obrigat o registro no Mo RDE - IED, at</s>
    <s>30 de abril de cada ano, de informa ou atualiza de dados eco-</s>
    <s>no-financeiros da empresa receptora de investimento externo, com</s>
    <s>data-base em 31 de dezembro do ano anterior.</s>
    <s>Parafo . A atualiza referente ao exerco de</s>
    <s>1999 deve ser efetuada at1.12.2000.</s>
    <s>Art. 26. Todo registro de evento no Mo RDE - IED impli-</s>
    <s>ca obrigatoriedade de inclus ou atualiza pra dos saldos das</s>
    <s>contas abaixo discriminadas e deve estampar valores apurados em</s>
    <s>balanou balancete levantado at0 (trinta) dias antes da data do</s>
    <s>evento cujo registro se efetua, abrangendo:</s>
    <s>I - capital social integralizado;</s>
    <s>II - quantidade de as ou quotas representativas do</s>
    <s>capital social integralizado;</s>
    <s>III - quantidade de as ou quotas em tesouraria;</s>
    <s>IV - reservas de capital;</s>
    <s>V - reservas de lucros;</s>
    <s>VI - lucros/prejus acumulados;</s>
    <s>VII - custo das as ou quotas em tesouraria;</s>
    <s>VIII - total do patrim lido.</s>
    <s>Caplo XIV</s>
    <s>Das Disposis Gerais</s>
    <s>Art. 27. Os responsis pelo registro devem manter os do-</s>
    <s>cumentos comprobats das declaras prestadas disposi do</s>
    <s>Banco Central do Brasil, em perfeita ordem, pelo prazo de 5 (cinco)</s>
    <s>anos contados da data de cada declara no Mo RDE - IED.</s>
    <s>Art. 28. A presta de informas incorretas, incompletas</s>
    <s>ou intempestivas, ou a omissde informas no SISBACEN sujeitam os</s>
    <s>responsis penalidades previstas nas normas vigentes, bem como,</s>
    <s>a crito do FIRCE, a suspensou cancelamento do registro.</s>
    <s>Art. 29. O FIRCE pode proceder nclusde registros, no</s>
    <s>Mo RDE - IED, em situas excepcionais que impossibilitem ou n</s>
    <s>recomendem sua introdu no sistema por parte dos pros interes-</s>
    <s>sados ou de seus representantes, bem como proceder aos ajustes julga-</s>
    <s>dos necessos em qualquer dos itens do registro.</s>
    <s>S.HAYATA Corretora de Cio</s>
    <s>Rua Boa Vista n. 230 - 3 e 4 andares</s>
    <s>CEP 01014-906 - Centro</s>
    <s>SPaulo - SP - Brasil</s>
    <s>Telefone (0xx11) 3241-4166</s>
    <s>e-mail: shc@s.hayata.com.br</s>
  </text>
</page>
