<?xml version="1.0" encoding="UTF-8"?>
<!DOCTYPE page SYSTEM "page.dtd">
<page>
  <lang>pt</lang>
  <url>http://www.oabpa.org.br/vconferenciaadv/programacao.htm</url>
  <title>PROGRAMAÇÃO GERAL - V CONFERENCIA DA OAB</title>
  <snippet>
    <s>19h00 – CONFERÊNCIA INAUGURAL MINISTRO CEZAR PELUSO. Presidente do SUPREMO 18h00 - Palestra: “POLÍTICA SOCIAL DA ONU PARA PREVENÇÃO DO CRIME E CONVIDADO IES: FACI – Prof. IVANILSON RAYOL Coordenação: JARBAS VASCONCELOS (Presidente OAB-PA). *. LOCAL: SALA II </s>
  </snippet>
  <text>
    <s>PATRONO: Dr. JULIO AUGUSTO ALENCAR</s>
    <s>DIA 12/09 SEGUNDA-FEIRA</s>
    <s>LOCAL: AUDITIO PRINCIPAL</s>
    <s>15h00 CREDENCIAMENTO</s>
    <s>18h00 CERIMIA DE ABERTURA</s>
    <s>Presidente: JARBAS VASCONCELOS</s>
    <s>Secreto: ALBERTO CAMPOS</s>
    <s>- Condecora com a ORDEM DO MITO ADVOCATIO</s>
    <s>19h00 CONFERCIA INAUGURAL MINISTRO CEZAR PELUSO</s>
    <s>Presidente do SUPREMO TRIBUNAL FEDERAL</s>
    <s>20h30 - LANMENTO DO LIVRO PRICAS MERCANTIS NO DIREITO DO CONSUMIDOR, Dr. REYNALDO SILVEIRA</s>
    <s>DIA 13/09 TER-FEIRA</s>
    <s>LOCAL: SALA III</s>
    <s>15h00 - WORKSHOP FERRAMENTAS TECNOLICAS NO PROCESSO JURICO</s>
    <s>- FIO CEZAR MASSOUD SALAME DA SILVA - Secretaria de Informca do TJE-PA</s>
    <s>- MARCO AURIO FIDELIS REGO Secretaria de Tecnologia e Informa do TRT8</s>
    <s>Coordena: ALBERTO CAMPOS</s>
    <s>Facilitadores: AMADEU VIDONHO e JOSMARIA VIEIRA (Presidente da ATEP)</s>
    <s>LOCAL: SALA IV</s>
    <s>15h00 REUNI DO FORUM PERMANENTE DE ENSINO JURICO</s>
    <s>COORDENAO: Profa. STELA CAMPOS (Pte. Comissde Ensino Jurco OAB-PA)</s>
    <s>JANAA CALANDRINI (Presidente em Exerco da Comissde Exame de Ordem)</s>
    <s>JULIANN LENNON ComissJovens Advogados</s>
    <s>Representantes de todas as Instituis Superiores de Ensino Jurco CESUPA, ESMAC, FABEL, FACI, FAP, FAPAN, FCAT, FIBRA, FIT, UFOPa, UFPa, ULBRA, UNAMA, e UNIVERSO.</s>
    <s>LOCAL: AUDITIO PRINCIPAL</s>
    <s>18h00 - Palestra: POLICA SOCIAL DA ONU PARA PREVENO DO</s>
    <s>CRIME E CONTROLE E DROGAS NO BRASIL E NO CONE SUL</s>
    <s>Prof. BO MATHIASEN Diretor do ONUDC para o Brasil e Cone Sul</s>
    <s>PRESIDENTE: CLODOMIR ARAO JUNIOR</s>
    <s>RELATOR: IVANILDA PONTES</s>
    <s>CONVIDADO IES: FACI Prof. IVANILSON RAYOL</s>
    <s>COMENTARISTA: ANTONIO ROBERTO CARDOSO (Defensor Po Geral)</s>
    <s>19h00 - Palestra: A ONU E O COMBATE AO CRIME ORGANIZADO</s>
    <s>Prof. EMILIO VIANO (Diretor da American University/Washington College of Law)</s>
    <s>PRESIDENTE: LUIZ ALBERTO ROCHA</s>
    <s>RELATOR: ALINE ATHAYDE</s>
    <s>CONVIDADO IES: UFPA Prof. FRANCISCO FREITAS</s>
    <s>COMENTARISTA: GILBERTO MARTINS (Conselheiro do CNJ)</s>
    <s>GERALDO ARAO (Delegado da Pola Federal)</s>
    <s>20h00 - Palestra A ESTRUTURA GLOBAL DA ONU NO BITO DOS SISTEMAS DE JUSTI PENAL</s>
    <s>Prof. EDMUNDO OLIVEIRA (Representante no Brasil da Funda Internacional Penal e Penitencia da ONU)</s>
    <s>PRESIDENTE: EDUARDO IMBIRIBA</s>
    <s>RELATOR: CLEANS BONFIM</s>
    <s>CONVIDADO IES: UNAMA - Profa. CRISTINA LOUREN</s>
    <s>COMENTARISTA: YUDICE RANDOL ANDRADE</s>
    <s>21h00 Palestra SEGURAN PLICA COM A PARTICIPAO DA COMUNIDADE: A EXPERICIA DO GOVERNO DO PAR</s>
    <s>Dr. LUIZ FERNANDES ROCHA Secreto de Estado de SeguranPa do Parspan&gt;</s>
    <s>PRESIDENTE: OSVALDO COELHO</s>
    <s>RELATOR: AGNALDO CORREA</s>
    <s>CONVIDADO IES: FIBRA Prof. MAURICIO MIRANDA FERREIRA</s>
    <s>COMENTARISTA: FREDERICO OLIVEIRA</s>
    <s>DIA 14/09 QUARTA-FEIRA</s>
    <s>LOCAL: SALA I</s>
    <s>10h00 ELABORAO DA CARTA DO PAR/span&gt;</s>
    <s>Coordena: JARBAS VASCONCELOS (Presidente OAB-PA)</s>
    <s>LOCAL: SALA II</s>
    <s>08h00 - SIMPIO SOBRE ICA -</s>
    <s>Realiza ASSBRAC em parceria com a COMISS PRICA, do TRIBUNAL DE ICA E DISCIPLINA (TED) da OAB-PA</s>
    <s>Presidente: JOS ROBERTO MAIA BEZERRA</s>
    <s>Secreta: ANAMARIA STILIANIDI</s>
    <s>09h00 1 CONFERCIA: ICA CRISTDA HUMANIDADE</s>
    <s>Dom ALBERTO TAVEIRA CORREA (Arcebispo Metropolitano de Bel</s>
    <s>10h00 - 2 CONFERCIA: ICA NA SOCIEDADE E NA ADVOCACIA</s>
    <s>Prof. Doutor JOS HENRIQUE MOUTA ARAO</s>
    <s>11h00 HOMENAGEM: HONRA AO MITO</s>
    <s>AGRACIADO: DOM VICENTE JOAQUIM ZICO (Arcebispo Emto de Bel</s>
    <s>OUTORGANTE: JARBAS VASCONCELOS (presidente OAB-PA)</s>
    <s>LOCAL: SALA IV</s>
    <s>09h00 APRESENTAO DE TRABALHOS</s>
    <s>Clca de Direitos Humanos do Centro Universito do Par CESUPA</s>
    <s>A UHE DE BELO MONTE NO SISTEMA INTERAMERICANO DE DIREITOS HUMANOS</s>
    <s>Apresenta: Layla Daou</s>
    <s>1. O SISTEMA INTERAMERICANO DE DIREITOS HUMANOS:</s>
    <s>- Domingos Assun Neto</s>
    <s>- Caio Cesar Gadelha</s>
    <s>2. O CASO DA UHE DE BELO MONTE NO BITO INTERNO:</s>
    <s>- Caroline Matos</s>
    <s>- Valdenor Brito J</s>
    <s>3. O CASO DA UHE DE BELO MONTE NO SISTEMA INTERAMERICANO DE DH:</s>
    <s>- Fernando Alberto Campos</s>
    <s>- Kecya Matos</s>
    <s>- Sociedade Paraense de Defesa dos Direitos Humanos SDDH - Roberta Amanaj/span&gt;</s>
    <s>LOCAL: SALA V</s>
    <s>10h00 DEBATE: JUSTI DE TRANSIO: O CASO DOS CAMPONESES DA</s>
    <s>GUERRILHA DO ARAGUAIA</s>
    <s>PRESIDENTE DA MESA: MARIO VINICIUS HESKETH</s>
    <s>RELATOR: ACREANO BRASIL JUNIOR - SECRETIO DE ESTADO DE JUSTI E DIREITOS HUMANOS</s>
    <s>PAULO ABRAH - PRESIDENTE DA COMISS DE ANISTIA</s>
    <s>LEILA MOUR - FUNDAO MAURIO GRABOIS</s>
    <s>PAULO FONTELES FILHO - MEMBRO DO GRUPO INTERMINISTERIA ARAGUAIA</s>
    <s>PRESEN DOS CAMPONESES DO ARAGUAIA</s>
    <s>EVENTO REALIZADO PELA FUNDAO MAURIO GRABOIS</s>
    <s>LOCAL SALA III</s>
    <s>15h00 OFICINA DE CCULOS TRABALHISTAS (JURICALC)</s>
    <s>- RAIMUNDO NONATO MOTA DE SOUZA</s>
    <s>COORDENAO: CELESTE VASCONCELOS</s>
    <s>LOCAL: SALA IV</s>
    <s>15h00 - DEBATE DIREITO MARIMO E A SEGURAN NA NAVEGAO</s>
    <s>CONVIDADO ESPECIAL: MATUSAL PIMENTA</s>
    <s>PRESIDENTE: JOSMARIO DA COSTA SILVA</s>
    <s>RELATOR: Capitde Fragata GENIVALDO RODRIGUES TOSTA</s>
    <s>DEBATEDORES:CAPIT DOS PORTOS / ANTAQ / SINDARPA/ CDP / CIABA / MARINHA</s>
    <s>DO BRASIL (4 DISTRITO NAVAL)</s>
    <s>LOCAL: AUDITIO PRINCIPAL</s>
    <s>15h00 - PALESTRA: DIREITO INTERNACIONAL E O MULTILATERALISMO</s>
    <s>Embaixador BAENA SOARES (Ex Secreto Geral da OEA)</s>
    <s>PRESIDENTE: STAEL LIMA</s>
    <s>RELATOR: EDILSON DANTAS</s>
    <s>CONVIDADO IES: FCAT Profa. EVA FRANCO</s>
    <s>COMENTARISTAS: ADHERBAL MEIRA MATOS</s>
    <s>JORGE PINHEIRO</s>
    <s>18h00 CONFERCIA DIREITOS HUMANOS: UNIVERSALIDADE E AMBIGDADES</s>
    <s>Dr. CEZAR BRITTO (Ex Presidente do Conselho Federal e Presidente da</s>
    <s>ComissNacional de Relas Internacionais da ORDEM DOS ADVOGADOS DO BRASIL)</s>
    <s>PRESIDENTE: HIND GHASSAN KAYATH</s>
    <s>RELATOR: BIANCA ORMANES</s>
    <s>CONVIDADO IES: FABEL Profa. MAGDA EL HOSN</s>
    <s>COMENTARISTAS: DES. GEORGENOR DE SOUSA FRANCO FILHO</s>
    <s>ANTONIO JOSDE MATOS NETO</s>
    <s>19h00 - PAINEL A DECIS DA CORTE INTERAMERICANA DE DIREITOS HUMANOS</s>
    <s>SOBRE A LEI DA ANISTIA E SEU CUMPRIMENTO NO BRASIL</s>
    <s>Dra. NADINE BORGES (Assessora da Secretaria Especial de Direitos Humanos da Presidia da Repa)</s>
    <s>PRESIDENTE: MARCELO FREITAS</s>
    <s>RELATOR: PAULO WEYL</s>
    <s>CONVIDADO IES: CESUPA Prof. PAULO KLAUTAU</s>
    <s>DEBATEDORES: Deputado Federal ZENALDO COUTINHO Ex-Secreto Especial de Estado</s>
    <s>de Prote e Desenvolvimento Social ANTONIO MAU</s>
    <s>20h00 - PAINEL SUSTENTABILIDADE AMBIENTAL: INTERFACES COM DIVERSOS RAMOS DO DIREITO</s>
    <s>PROF. MCIO CAMMAROSANO (Coordenador do Curso de Pradua em Direito Ambiental da PUC/SP)</s>
    <s>PRESIDENTE: JOSCARLOS LIMA</s>
    <s>RELATOR: GRACO IVO ALVES COELHO</s>
    <s>CONVIDADO IES: FACI Profa. SYGLEA LOPES</s>
    <s>DEBATEDORES: LUCIANA FONSECA</s>
    <s>ADNAN DEMACKI (Prefeito de Paragominas)</s>
    <s>21h00 - PAINEL O ATIVISMO JUDICIAL E A EFETIVIDADE DOS DIREITOS FUNDAMENTAIS</s>
    <s>PROF. ZENO VELOSO (Doutor Honoris Causa da Universidade da Amaz)</s>
    <s>PROFA. GISELE GS (Doutora em Direito Processual Civil pela PUC/SP)</s>
    <s>PRESIDENTE: LUIZ ALBERTO ROCHA</s>
    <s>RELATOR: BRUNO BRASIL DE CARVALHO</s>
    <s>CONVIDADO IES: FAPAN Prof. TIAGO SILVA BRITO</s>
    <s>COMENTARISTAS: HOMERO LAMAR NETO</s>
    <s>DIA 15/09 - QUINTA FEIRA</s>
    <s>LOCAL : SALA III</s>
    <s>15h00 - AUDICIA PLICA DA COMISS DE LEGISLAO PARTICIPATIVA</s>
    <s>COORDENAO: DEPUTADO ARNALDO JORDY</s>
    <s>PRESIDENTE: ROBIO DOLIVEIRA</s>
    <s>SECRETIO: ALDENOR BOHADANA</s>
    <s>DEBATEDORES: DES.LEONAM GONDIM DA CRUZ JR.</s>
    <s>LUANNA TOMAZ</s>
    <s>LOCAL: SALA IV</s>
    <s>15h00 - DEBATE FRAUDES FUNDIIAS E A DECIS DO CNJ**</s>
    <s>PRESIDENTE: CARLOS PLATILHA</s>
    <s>RELATOR: FELIX OLIVEIRA</s>
    <s>CONVIDADO IES: FACULDADE UNIVERSO Prof. VANDERLEI PORTES DE OLIVEIRA</s>
    <s>CONVIDADO ESPECIAL: PARAGUASSU ERES</s>
    <s>DEBATEDORES: FAEPA / ITERPA / ANOREG</s>
    <s>LOCAL: ESTANDE DA OAB-PA</s>
    <s>17h00 Lanento do livro O SISTEMA DE COTAS DE ACESSO AO MERCADO DE TRABALHO PARA PESSOAS COM DEFICICIA (Prof. Ariolino Junior)</s>
    <s>LOCAL: AUDITIO PRINCIPAL</s>
    <s>9h00 - HOMENAGENS ESPECIAIS LABOR ET HONOR</s>
    <s>Coordena: OSVALDO COELHO e FRANKLIN RABELO</s>
    <s>14h00 APRESENTAES DE TRABALHOS ACADICOS (ComissJovens Advogados)</s>
    <s>15h00 PALESTRA GARANTIAS DO PROCESSO PENAL E AS PRERROGATIVAS DO ADVOGADO</s>
    <s>Dr. ALBERTO ZACHARIAS TORON (Mestre e Doutor em Direito Penal pela USP)</s>
    <s>Coordena: COMISS DE PRERROGATIVAS</s>
    <s>18h00 CONFERCIA PRERROGATIVA CONSTITUCIONAL E ACESSIBILIDADE</s>
    <s>Prof. LUIZ ALBERTO DAVID ARAO (Professor Emto da FADTUR)</s>
    <s>PRESIDENTE: MARCELO NOBRE</s>
    <s>RELATOR: CRISTINA CARVALHO</s>
    <s>CONVIDADO IES: CESUPA- Prof. SANDRO SIMS</s>
    <s>COMENTARISTAS: WALDIR MACIEIRA</s>
    <s>JOSCLDIO MONTEIRO BRITO FILHO</s>
    <s>19h00 - CONFERCIA: DIREITO DO TRABALHO NA PROMOO DOS DIREITOS HUMANOS</s>
    <s>Ministro AUGUSTO CAR LEITE DE CARVALHO (TST)</s>
    <s>PRESIDENTE: JER KAHWAGE</s>
    <s>RELATOR: EMILIA FARINHA</s>
    <s>CONVIDADO IES: ESMAC Prof. LUIS ROBERTO LOBATO DOS SANTOS</s>
    <s>COMENTARISTAS: DES. JOSMARIA QUADROS DE ALENCAR (TRT)</s>
    <s>MARCELO FREIRE SAMPAIO COSTA (MPT)</s>
    <s>PAULA FRASSINETI MATTOS</s>
    <s>20h00 - PAINEL DIREITO DO TRABALHO</s>
    <s>Prof. MAURO MENEZES DIREITOS INDIVIDUAIS DO TRABALHO NOS DIREITOS FUNDAMENTAIS</s>
    <s>Prof. LUCIANO MARTINEZ DIREITOS COLETIVOS DO TRABALHO NOS DIREITOS FUNDAMENTAIS</s>
    <s>PRESIDENTE: ANTONIO BARRA BRITTO</s>
    <s>RELATOR: IRACLIDES HOLANDA DE CASTRO</s>
    <s>CONVIDADO IES: FAP- Profa. ANA CAROLINA GLUCK PAUL PERACCHI</s>
    <s>DEBATEDORES: ANTONIO BERNARDES</s>
    <s>HERMES TUPINAMBNETO</s>
    <s>21h00 - CONFERCIA DE ENCERRAMENTO</s>
    <s>Dr. OPHIR CAVALCANTE JIOR PRESIDENTE DO CONSELHO FEDERAL DA OAB</s>
    <s>Esta Mesa seromposta pelo Presidente da OAB-PA JARBAS VASCONCELOS, que juntamente com os diretores ALBERTO CAMPOS e EDUARDO IMBIRIBA. recebem como convidados especiais os Ex Presidentes desta Seccional: OPHIR FILGUEIRAS CAVALCANTE, MILTON AUGUSTO DE BRITO NOBRE, FRANCISCO BRASIL MONTEIRO, EDILSON OLIVEIRA E SILVA, SERGIO ALBERTO FRAZ DO COUTO, MARIA AVELINA IMBIRIBA HESKETH, ANGELA SERRA SALLES e JULIO AUGUSTO DE ALENCAR, Patrono da V Conferia.</s>
    <s>MINI CURSOS</s>
    <s>01. DIREITO PREVIDENCIIO</s>
    <s>Dias 13, 14 e 15 /09</s>
    <s>Horo: 15h 17h</s>
    <s>LOCAL Sala I</s>
    <s>Ministrantes: Profs. Ms. e doutorandos em Direito Previdencio OCIO DE JESUS C. MORAIS, DENILSON VICTOR TEIXEIRA E ROBERTA SOARES DA SILVA</s>
    <s>COMPETCIA DA JUSTI DO TRABALHO NA PREVIDCIA SOCIAL</s>
    <s>PRICA PROCESSUAL PREVIDENCIIA E DESAPOSENTAO</s>
    <s>DANO MORAL PREVIDENCIIO</s>
    <s>Coordenadores: GraBendelack e Marcela Coelho</s>
    <s>02. ARGUMENTACI JURICA, BIOICA Y MEDIO AMBIENTE</s>
    <s>Dias 13, 14 e 15/09</s>
    <s>Horo: 15h 17h</s>
    <s>Local: Sala II</s>
    <s>Ministrantes: Prof. EDUARDO TINANT (Universidad Nacional de La Plata/Argentina) e Prof.EDUARDO TURIEL</s>
    <s>LA ARGUMENTACION JURIDICA, HERRAMIENTA IMPRESCINDIBLE DEL ABOGADO Y EL JUEZ</s>
    <s>LOS CASOS DIFICILES A LA LUZ DE LA BIOICA JURICA</s>
    <s>ACTIVISMO CONSTITUCIONAL Y JUDICIAL EM LA PROTECCION DE LA NATURALEZA Y EL AMBIENTE</s>
    <s>Coordenadores: Gustavo Koury e Lilian Haber</s>
    <s>03. PRICA DE PROCESSO ADMINISTRATIVO FISCAL FEDERAL</s>
    <s>Dias 14 e 15/09</s>
    <s>Horo: 09h00 12h00</s>
    <s>Local: Sala III</s>
    <s>Ministrante: Prof.Dr..FLIO ALBERTO GONLVES GALV (Prof. na a de Direito Tributo da PUC/SP e da gradua e pradua em Direito nas FMU)</s>
    <s>Coordenador: Michel Viana</s>
    <s>FIM *</s>
  </text>
</page>
