<?xml version="1.0" encoding="UTF-8"?>
<!DOCTYPE page SYSTEM "page.dtd">
<page>
  <lang>pt</lang>
  <url>http://www.unilestemg.br/noticia/807/docente-e-convidado-a-atuar-como-revisor-de-publicacoes-internacionais</url>
  <title>Docente é convidado a atuar como revisor de publicações ...</title>
  <snippet>
    <s>30 jun. 2011 Docente é convidado a atuar como revisor de publicações internacionais Francisco Reinaldo explica que a Conferência é organizada pela Sociedade O programa científico inclui palestras de abertura, apresentações de </s>
  </snippet>
  <text>
    <s>Inicial Fale Conosco</s>
    <s>Vale do Aço,</s>
    <s>SEJA BEM-VINDO(A)Ensino</s>
    <s>Vestibular Graduaçao Pos-graduaçao EspecializaçaoMestrado Educaçao a Distancia Capacitaçao</s>
    <s>Unileste UBEC FGPA Colegios Bolsas e Financiamentos Centro de Reabilitaçao Geral</s>
    <s>Pesquisa e Iniciaçao Cientifica Comite de Ética Comissao de Ética no Uso de Animais Publicaçoes</s>
    <s>Extensao Projetos de Extensao 2011 Como Participar SIEX</s>
    <s>Docente é convidado a atuar como revisor de publicações internacionais</s>
    <s>Publicado em 30/06/2011</s>
    <s>!Imagem: Prof. Francisco Reinaldo Prof. Francisco Reinaldo Os cursos de Computaçao - Sistemas de Informaçao e Tecnologia em Redes do Centro Universitario do Leste de Minas Gerais (Unileste-MG) serao representados pelo professor Francisco Antonio Fernandes Reinaldo em comites de revisores de publicaçoes internacionais na area cientifica. Os convites resultaram de uma intensa atividade de pesquisa, publicaçoes e contatos, por meio do Laboratorio de Inteligencia Computacional (LIC) do Centro Universitario.</s>
    <s>Um dos convites veio da revista IEEE America Latina. A publicaçao e produzida pela IEEE, considerada a maior organizaçao tecnico-profissional do mundo, direcionada a contribuiçoes ao desenvolvimento da ciencia e engenharia.</s>
    <s>Outra participaçao relevante do docente sera realizada por meio da atuaçao no comite de Inteligencia Artificial para ediçao do livro Springer LNAI Series . A publicaçao e resultado das apresentaçoes feitas na M exican International Conference on Artificial Intelligence (MICAI 2011), realizada anualmente, e que neste ano acontecera no periodo de 26 de novembro a 4 de dezembro.</s>
    <s>Francisco Reinaldo explica que a Conferencia e organizada pela Sociedade Mexicana para a Inteligencia Artificial. O programa cientifico inclui palestras de abertura, apresentaçoes de trabalhos, tutoriais, paineis e workshops. &quot;Cada um dos ultimos eventos do MICAI recebeu mais de 400 apresentaçoes, em media, de mais de 40 paises&quot;, ressalta.</s>
    <s>PracTeX Journal</s>
    <s>O docente tambem participara como editor de produçao da nova ediçao da revista internacional eletronica PracTeX Journal . Com acesso gratuito por meio do endereço www.tug.org/pracjourn, a PracTeX Journal e a segunda maior revista internacional no que e refere a abordagem de assuntos relacionados a area de programaçao denominada LaTeX .</s>
    <s>Francisco Reinaldo explica que o LaTeX , tema de pesquisa da revista, e uma ferramenta tipografica de altissimo nivel, que permite construir textos sem se preocupar com a estilizaçao/formataçao. A revista tem o suporte do TeX User Groups (www.tug.org), grupo de pesquisa internacional.</s>
    <s>&quot;É uma ferramenta muito utilizada por profissionais de construçao de texto, revisores de originais e editores de diferentes areas cientificas. Os beneficios que esta ferramenta oferece sao inumeros, pois e possivel resgatar a criatividade na elaboraçao de textos, perdida com ferramentas de escritorio&quot;, afirma o docente.</s>
    <s>Relevancia internacional</s>
    <s>Para Marcos Vinicius da Silva, coordenador dos cursos de Computaçao - Sistemas de Informaçao e Tecnologia em Redes do Unileste, &quot;a participaçao do docente nos comites revisores coloca em evidencia, no meio cientifico, nao apenas o nome da Instituiçao, mas principalmente as pesquisas realizadas no LIC, que ja conta com diversas publicaçoes internacionais, por meio da orientaçao do professor Reinaldo aos estudantes&quot;, finaliza.</s>
    <s>Compartilhar |</s>
    <s>ACESSO RÁPIDO</s>
    <s>Home Unileste</s>
    <s>Lista de Noticias</s>
    <s>Conheça o Unileste</s>
    <s>(C) 2011</s>
    <s>- Todos os direitos reservados</s>
    <s>Campus Coronel Fabriciano: Av. Tancredo Neves, 3500, B. Universitario, 35170-056 - (31) 3846-5500</s>
    <s>Campus Ipatinga: Rua Barbara Heliodora, 725, Bom Retiro, 35160-215 - (31) 3846-5561</s>
    <s>0800 283 7944 Fale Conosco Trabalhe Conosco RSS</s>
  </text>
</page>
