<?xml version="1.0" encoding="UTF-8"?>
<!DOCTYPE page SYSTEM "page.dtd">
<page>
  <lang>pt</lang>
  <url>http://www.htai2011.org/comite_ispc.asp</url>
  <title>COMITÊ INTERNACIONAL DE PROGRAMA CIENTÍFICO - HTAi 2011</title>
  <snippet>
    <s>Caro Participante, Sua opinião é muito importante para nós. Por favor, responda o questionário on-line a respeito de sua experiência na 8ª Conferência Anual </s>
  </snippet>
  <text>
    <s>Boas vindas</s>
    <s>[Patrocinio &amp; Exposiçao</s>
    <s>SessPlenas [NOVO]</s>
    <s>Programa Cientifico</s>
    <s>Atividades Pronferia</s>
    <s>Pros [NOVO]</s>
    <s>Trabalhos Cientcos</s>
    <s>Hospedagem e Passeios</s>
    <s>Programa Social</s>
    <s>Bolsas de Viagem</s>
    <s>Informas de Viagem</s>
    <s>Compensaçao de Carbono</s>
    <s>Sobre o Rio de Janeiro</s>
    <s>Links Úteis</s>
    <s>Login de congressistas</s>
    <s>Caro Participante,</s>
    <s>Sua opiniuito importante para nPor favor, responda o questiono on-line a respeito de sua experiia na 8 Conferia Anual HTAi.</s>
    <s>Acesse: http://www.surveymonkey.com</s>
    <s>Equipe Organizadora do HTAi 2011</s>
    <s>As cinzas vulccas provenientes do Chile nestafetando voos de e para o Rio de Janeiro, e ndeve haver interrups nas viagens dos participantes da conferia.</s>
    <s>Mas pessoas que voam de e para as do sul podem ser afetadas - elhor verificar com a companhia aa antes de viajar.</s>
    <s>COMITINTERNACIONAL DE PROGRAMA CIENTICO</s>
    <s>Prof varo Atallah co-presidente</s>
    <s>Centro Cochrane do Brasil</s>
    <s>Dra Berit Md co-presidente</s>
    <s>Centro de Conhecimento Noruegupara Servi de Sar&gt; Noruega</s>
    <s>Dr Andres Pichon Rivi</s>
    <s>Instituto de Efica Clca e Polca de Sar&gt;</s>
    <s>Mr David Grainger</s>
    <s>Eli Lilly e Companhia</s>
    <s>Prof Siebert Uwe</s>
    <s>Universidade de Ciias da Sar&gt;</s>
    <s>Dr Reinaldo Guimar</s>
    <s>Consultor Independente</s>
    <s>Profa Maria Novaes</s>
    <s>Associa Brasileira de Pradua em Saa</s>
    <s>Profa Carisi Polanczyk</s>
    <s>Universidade Federal do Rio Grande do Sul</s>
    <s>Prof Bruce Duncan</s>
    <s>Universidade Federal do Rio Grande do Sul</s>
    <s>Prof Paulo Dornelles Picon</s>
    <s>Universidade Federal do Rio Grande do Sul</s>
    <s>Dra Tammy Clifford</s>
    <s>Agia Canadense de Medicamentos e Tecnologias na Sar&gt;</s>
    <s>Dra Sun Hae Lee Robin</s>
    <s>Autoridade Nacional para a Sar&gt;</s>
    <s>Dr Joseph Mathew</s>
    <s>Centro de Pediatria Avana</s>
    <s>Dr Ryan Mairin</s>
    <s>gde Informa em Sa Qualidade</s>
    <s>Dr Marco Marchetti</s>
    <s>Hospital Universito Agostino Gemelli</s>
    <s>Dr Andy Oxman</s>
    <s>Centro de Conhecimento Noruegupara Servi de Sar&gt;</s>
    <s>Dra Rabia Kahveci</s>
    <s>Ministo da Sar&gt;</s>
    <s>REINO UNIDO</s>
    <s>Prof Mike Drummond</s>
    <s>Universidade de York</s>
    <s>Dr Chris Henshall</s>
    <s>Consultor HTAi</s>
    <s>ESTADOS UNIDOS DA AMÉRICA</s>
    <s>Ms Jean Slutsky</s>
    <s>Agia de Pesquisa da Qualidade do Sistema de Sar&gt;</s>
  </text>
</page>
