<?xml version="1.0" encoding="UTF-8"?>
<!DOCTYPE page SYSTEM "page.dtd">
<page>
  <lang>pt</lang>
  <url>http://www.beth-shalom.com.br/artigos/declaracoes_durban2.html</url>
  <title>Declarações Sobre a Conferência Durban II | Artigos | Beth-Shalom</title>
  <snippet>
    <s>&quot;Conferência da ONU sobre Racismo&quot; ou palanque para o antissemitismo? fato de que esta pessoa seja convidada à ONU é algo que não posso compreender. “O Brasil atribui grande importância à “Conferência de Revisão de Durban </s>
  </snippet>
  <text>
    <s>Declaraçoes Sobre a Conferencia Durban II</s>
    <s>&quot;Conferencia da ONU sobre Racismo&quot; ou palanque para o antissemitismo?</s>
    <s>Assista a um video, acesse aqui.</s>
    <s>Mahmoud Ahmadinejad em seu discurso.</s>
    <s>Documento da &quot;Conferencia Mundial sobre o Racismo&quot; e aprovado por consenso - Mais de 150 paises, entre eles o Ira, aprovaram uma declaraçao da ONU que pede o combate mundial a intolerancia e a xenofobia. A versao final do texto da &quot;Conferencia Mundial sobre o Racismo&quot; foi adotado por consenso apos dias de negociaçoes. A aprovaçao ocorreu depois que os paises islamicos cederam em suas exigencias e concordaram com um paragrafo que diz: &quot;o Holocausto jamais deve ser esquecido&quot; . De acordo com Ban Ki-moon, secretario-geral da ONU , &quot;o documento e muito equilibrado e estabelece um marco concreto de açao em uma campanha global na busca da justiça para as vitimas do racismo no mundo&quot; . Leia na integra o rascunho do texto aprovado (em ingles).</s>
    <s>Ban Ki-moon, secretario-geral da ONU - &quot;Lamento a utilizaçao desta plataforma pelo presidente iraniano para fazer acusaçoes, dividir e mesmo provocar. É profundamente lamentavel que meu apelo para que olhassemos para um futuro de unidade nao tenha sido ouvido pelo presidente iraniano. Antes do discurso, tive um longo encontro com o presidente Ahmadinejad e pedi que ele desse uma contribuiçao balanceada e construtiva a conferencia, porque ele era o unico chefe de Estado presente&quot;. Neste encontro, de 75 minutos, Ban Ki-moon lembrou ao lider iraniano que a ONU aprovou varias resoluçoes &quot;que eliminam a equaçao de sionismo com racismo e reafirmam os fatos historicos do Holocausto&quot; .</s>
    <s>Vaticano - A decisao do papa Bento XVI de enviar uma delegaçao do Vaticano a conferencia provocou nova ruptura nas relaçoes com grupos judaicos. &quot;Com sua participaçao, o Vaticano deu seu endosso ao que foi preparado contra Israel&quot; , afirmou o rabino-chefe de Roma, Riccardi Di Segni, ao jornal italiano La Stampa. Ja Shimon Samuels, diretor do escritorio europeu do Centro Simon Wiesenthal, disse que o Vaticano &quot;esta dando o selo de sua aprovaçao a campanha de odio&quot; contra Israel. &quot;Nao e uma posiçao sobre a qual seja possivel transigir. Nao e possivel ficar em cima do muro. O Vaticano e uma voz poderosa, e um boicote dele teria tido efeito demonstrativo poderoso &quot;.</s>
    <s>Delegados europeu se retiram da &quot;Conferencia da ONU sobre Racismo&quot; em protesto contra as palavras do presidente iraniano Mahmoud Ahmadinejad.</s>
    <s>Elie Wiesel, &quot;Premio Nobel da Paz&quot; e sobrevivente do Holocausto - &quot;O fato de que esta pessoa seja convidada a ONU e algo que nao posso compreender. Por que ele teve permissao para dizer o que disse, por que o presidente nao o interrompeu, e algo que nao compreendo. A presença de Ahmadinejad e seu discurso foram um insulto a nossa inteligencia, um insulto a nossa sensibilidade e um insulto a nossa memoria. Aqui estamos nas Naçoes Unidas, uma organizaçao criada como uma resposta as atrocidades da II Guerra Mundial, e temos que protestar contra um discurso antissemita&quot; . Para Wiesel, Ahmadinejad insiste com os comentarios contra Israel porque &quot;deseja entrar para a historia do Isla como o primeiro e unico lider islamico que aniquilou o povo judeu. Ele e uma vergonha para todo o mundo, a diplomacia, as relaçoes internacionais e para os que ainda acreditam nas pessoas&quot; .</s>
    <s>Reuven Rivlin, presidente do Parlamento israelense (Knesset) - &quot;O odio expressado pelo presidente do Ira e uma advertencia a toda humanidade: corremos o perigo de ver a repetiçao do Holocausto e isso sera causado por pessoas como Mahmoud Ahamdinejad. Desta vez ele usa barba e fala persa, mas suas palavras sao as mesmas, as aspiraçoes sao as mesmas e a determinaçao de buscar armas para alcançar essas ideias tem a mesma ameaçadora determinaçao&quot;.</s>
    <s>Benjamin Netanyahu, primeiro-ministro de Israel - &quot;Nao vamos tolerar que aqueles que negam o Holocausto realizem um novo massacre contra o povo judeu. Essa e a tarefa mais importante dos que estao em Israel e e minha tarefa mais importante como primeiro-ministro&quot;.</s>
    <s>Silvan Shalom, vice-primeiro-ministro de Israel - &quot;O que o Ira trata de fazer atualmente e o que Hitler fez com o povo judeu ha 65 anos. Com os seus misseis de longo alcance, o Ira pode atacar Londres, Paris, Berlim, Roma e o sul da Russia&quot;.</s>
    <s>Avigdor Liberman, ministro das Relaçoes Exteriores de Israel - &quot;Israel decidiu boicotar a conferencia internacional que supostamente deveria promover a luta contra o racismo, realizada em Genebra, porque chegou a triste conclusao que, ao inves de tratar de questoes relacionadas a luta internacional contra o racismo e a xenofobia, a conferencia sera mais uma vez usada para denegrir e criticar Israel. Este foi o caso da primeira conferencia de Durban em 2001, durante a qual as questoes relevantes na agenda internacional foram ignoradas em favor dos ferrenhos ataques contra o Estado de Israel. Uma conferencia internacional na qual Ahmadinejad - um racista conhecido por sua constante pregaçao contra a destruiçao de Israel - nao e apenas convidado a participar, mas e recebido como um dos principais palestrantes, demonstra claramente os objetivos e carater verdadeiro da conferencia. Israel nao pode ignorar o fato de que a conferencia, que esta recebendo alguem que nega constantemente o Holocausto esta acontecendo no mesmo dia em que milhoes de judeus se recordam das seis milhoes de vitimas do Holocausto, assassinados na Europa pela Alemanha nazista e seus seguidores. O Estado de Israel expressa sua gratidao aqueles paises que ja anunciaram o boicote a conferencia de hipocrisia realizada em Genebra, e conclama a outros paises a seguirem seu exemplo&quot; .</s>
    <s>Jack Terpins, presidente do Congresso Judaico Latino Americano - &quot;Alguns repudiaram as declaraçoes de Ahmadinejad, mas nos surpreende enormemente a passividade de determinados paises. O fato lembra o inicio do nazismo na Alemanha. Esperamos que ainda emitam sua voz embora ja devessem ter feito&quot;.</s>
    <s>Governo brasileiro - A delegaçao brasileira esta sendo liderada na &quot;Conferencia Mundial sobre o Racismo&quot; pelo ministro-chefe da Secretaria Especial de Politicas de Promoçao da Igualdade Racial, Edson Santos. Segundo a Secretaria, o ministro e o restante da delegaçao brasileira permaneceram no recinto durante o discurso de Ahmadinejad sem, no entanto, &quot;fazer nenhuma mençao negativa ou positiva&quot; em relaçao as palavras do presidente iraniano. Porem, ontem (dia 21 de abril), Edson Santos afirmou: &quot; Ahmadinejad esteve aqui com um discurso agressivo, de intolerancia, que nao reconhece fatos historicos condenados pela Humanidade, a saber, o Holocausto&quot;. Ele tambem criticou o boicote de alguns paises ao encontro: &quot;acho inconcebivel a postura intransigente e intolerante de determinados paises evidentemente liderados por Israel e pelos EUA&quot; . Ja o Itamaraty emitiu a seguinte nota oficial: &quot;O Brasil atribui grande importancia a &quot;Conferencia de Revisao de Durban sobre Discriminaçao Racial&quot;, que ocorre em Genebra entre 20 e 24 de abril. Para alcançar os objetivos da conferencia, o engajamento de todos no dialogo internacional e crucial. O governo brasileiro tomou conhecimento, com particular preocupaçao, do discurso do presidente iraniano que, entre outros aspectos, diminui a importancia de acontecimentos tragicos e historicamente comprovados, como o Holocausto. O governo brasileiro considera que manifestaçoes dessa natureza prejudicam o clima de dialogo e entendimento necessario ao tratamento internacional da questao da discriminaçao. O governo brasileiro aproveitara a visita do presidente Ahmadinejad, prevista para o dia 06 de maio, para reiterar ao governo iraniano suas opinioes sobre esses temas&quot; .</s>
    <s>Claudio Lottenberg, presidente da Confederaçao Israelita do Brasil/Conib - &quot;A Confederaçao Israelita do Brasil repudia veementemente o discurso feito nesta segunda-feira pelo presidente do Ira, Mahmoud Ahmadinejad, que usou uma tribuna das Naçoes Unidas para atacar, de forma inaceitavel, o Estado de Israel, criado em 1948 a partir de uma decisao da propria ONU. Com sua retorica beligerante, o dirigente iraniano evidenciou mais uma vez a face de um regime notorio por suas açoes para a desestabilizaçao do Oriente Medio e pela sistematica violaçao de direitos humanos perpetrada pelo regime de Teera. Interessado em semear a intolerancia, Mahmoud Ahmadinejad ignorou apelos do secretario-geral da ONU, Ban Ki-moon, que havia pedido ao presidente iraniano moderaçao em seu discurso. Ha poucos dias, o presidente dos Estados Unidos, Barack Obama, tambem tinha sinalizado sua disposiçao em dialogar com Teera, o que levou observadores mais otimistas a apostarem na possibilidade de o Ira responder a esses apelos com um novo rumo em sua relaçao com os paises ocidentais. Mahmoud Ahmadinejad, que ja manifestou o desejo de &quot;varrer Israel do mapa&quot; e negou a existencia do Holocausto, responde agora a ofertas de dialogo com mais intolerancia e agressividade. Seu discurso na segunda-feira provocou a saida de dezenas de diplomatas, boa parte deles de paises da Uniao Europeia, do recinto em Genebra onde se realizava a sessao da conferencia da ONU. O presidente do Ira, mais uma vez, voltou a provocar a comunidade internacional. Sua atuaçao nao representa uma ameaça apenas a Israel, mas a todas as naçoes comprometidas com a democracia. No caso do programa nuclear iraniano, Teera ja ignora tres rodadas de sançoes aprovadas pelo Conselho de Segurança da ONU e leva adiante suas ambiçoes atomicas. É inaceitavel o descaso com que o presidente do Ira trata uma instituiçao como a ONU e toda a comunidade internacional. Mahmoud Ahmadinejad despreza o dialogo e a democracia, dois ingredientes fundamentais para a busca da paz, da justiça e da segurança nos dias de hoje. Acreditamos ainda que a visita de Ahmadinejad ao Brasil, prevista para maio, nao responde aos interesses da construçao da democracia em nosso pais e tampouco envia a sinalizaçao correta a um lider que, em vez de priorizar o dialogo, cultiva o confronto. Repudiamos a eventual presença de Ahmadinejad no solo de um pais como o nosso, democratico e hospitaleiro, que acolheu tantos sobreviventes do Holocausto. Esperamos que o presidente Luiz Inacio Lula da Silva, com seu historico de comprometimento com a democracia e com os direitos humanos, nao permita que o presidente do Ira acredite ter um aliado em Brasilia&quot;. (extraido de www.jornalalef.com.br)</s>
    <s>Leia tamb/dt&gt; O Direito Internacional e Jerusal</s>
    <s>Vota na ONU sobre a cria de um Estado palestino - Perguntas &amp; Respostas</s>
    <s>Mitos e Fatos sobre a flotilha rumo a Gaza</s>
    <s>Desmascarando um mito sobre Jerusalcomo capital da Palestina</s>
    <s>O Mais &quot;Importante&quot; srael</s>
    <s>Palestina ou Israel Qual o Nome da Terra Santa?</s>
    <s>Goldstone se retrata</s>
    <s>Material recomendado</s>
    <s>12 DVDs do Congresso Profco de 2010</s>
    <s>Filho do Hamas</s>
    <s>MP3 do Congresso Profco de 2010</s>
    <s>DVDs O Interminl Conflito no Oriente Mo e a Bia</s>
    <s>Revista Notas de Israel, outubro de 2011</s>
    <s>Revista Notas de Israel - assinatura de 1 ano</s>
    <s>Revista Notas de Israel, setembro de 2011</s>
    <s>Mais sobre este assunto</s>
    <s>Mensagens e artigos</s>
    <s>Temas diversos</s>
    <s>Mensagens de paz</s>
    <s>Jesus Cristo, salvaçao</s>
    <s>Israel e o Oriente Medio</s>
    <s>E-livro GRÁTIS</s>
    <s>Atualizaçao Diaria</s>
    <s>Perolas Diarias</s>
    <s>Todo Dia Com as Escrituras</s>
    <s>Todo Dia Com Jesus</s>
    <s>Todo Dia Com Paz</s>
    <s>Protetores de tela</s>
    <s>Papeis de parede</s>
    <s>Material para evangelizar</s>
    <s>Fotos de Israel</s>
    <s>Livraria Virtual</s>
    <s>Vos e DVDs</s>
    <s>K7s de Mensagens</s>
    <s>Cursos Bicos</s>
    <s>Outros Materiais</s>
    <s>Nossos sites</s>
    <s>Destino Final</s>
    <s>Orni, Torrinco e Orniquito</s>
    <s>Turma do Edi</s>
    <s>Meditaçoes Diarias</s>
    <s>Biblia Online</s>
    <s>Viagem a Israel</s>
    <s>Quem Somos</s>
    <s>Fale Conosco</s>
    <s>Boas Novas</s>
    <s>Defesa da Fa&gt;</s>
    <s>Estudo Bico</s>
    <s>Guerra em Gaza</s>
    <s>Ma Tendenciosa</s>
    <s>Nova Era e Misticismo</s>
    <s>Oriente Mo</s>
    <s>Seitas e Heresias</s>
    <s>Vida Crista&gt;</s>
    <s>12 DVDs do Congresso Profco de 2010</s>
    <s>R$ 119,00</s>
    <s>confira »</s>
    <s>Filho do Hamas</s>
    <s>de R$ 29,90</s>
    <s>por R$ 21,90</s>
    <s>confira »</s>
    <s>MP3 do Congresso Profco de 2010</s>
    <s>R$ 60,00</s>
    <s>confira »</s>
    <s>DVDs O Interminl Conflito no Oriente Mo e a Bia</s>
    <s>R$ 39,90</s>
    <s>confira »</s>
    <s>Revista Notas de Israel, outubro de 2011</s>
    <s>R$ 3,50</s>
    <s>confira »</s>
    <s>Revista Notas de Israel - assinatura de 1 ano</s>
    <s>de R$ 42,00</s>
    <s>por R$ 24,90</s>
    <s>confira »</s>
    <s>Revista Notas de Israel, setembro de 2011</s>
    <s>R$ 3,50</s>
    <s>confira »</s>
    <s>Mais sugest</s>
    <s>Livraria Virtual</s>
    <s>Bia Online</s>
    <s>Meditas Dias</s>
    <s>Cursos Bicos</s>
    <s>Destino Final</s>
    <s>Orni, Torrinco e Orniquito</s>
    <s>Turma do Edi</s>
    <s>Mais Vendidos</s>
    <s>CDs de Mensagens</s>
    <s>Cursos Bicos</s>
    <s>Outros Materiais</s>
  </text>
</page>
