<?xml version="1.0" encoding="UTF-8"?>
<!DOCTYPE page SYSTEM "page.dtd">
<page>
  <lang>pt</lang>
  <url>http://portuguese.alibaba.com/gs-suppliers_anjiboya/all-products.html</url>
  <title>Cadeira do escritório , Cadeira do engranzamento do escritório ...</title>
  <snippet>
    <s>Cadeira do escritório da conferência (BY-5008) &middot; Cadeira do escritório de recepção (BY-5005) &middot; Cadeira do escritório de recepção &middot; Cadeira da recepção do </s>
  </snippet>
  <text>
    <s>Bem-vindo ao Alibaba.com, Inscreva-se gratuitamente agora| Inscreva-se no</s>
    <s>Meu Alibaba</s>
    <s>Centro de Mensagens</s>
    <s>Configuraçoes da Conta</s>
    <s>Português | English</s>
    <s>Suas Pesquisas Recentes:</s>
    <s>Todos os Produtos</s>
    <s>Estas informações de produtos ou fornecedores já foram traduzidas para a sua conveniência usando ferramentas de linguagem. Se você tem qualquer sugestão sobre os nossos resultados de tradução, é favor nos informar para o melhoramento.</s>
    <s>Seleccionado para Contacte o fornecedor</s>
    <s>Ver como : Ver lista de produtos Ver sala de exposição de produtos</s>
    <s>20 32 48 itens por página</s>
    <s>Cadeira do escritorio do metal</s>
    <s>Cadeira Elevada-para tras do escritorio do engranzamento (BY-238)</s>
    <s>Cadeira do escritorio da tarefa (BY-8003)</s>
    <s>Cadeira da tarefa (BY-8001)</s>
    <s>Cadeira do escritorio da conferencia (BY-5008)</s>
    <s>Cadeira do escritorio de recepçao (BY-5005)</s>
    <s>Cadeira do escritorio de recepçao</s>
    <s>Cadeira da recepçao do escritorio (BY-318)</s>
    <s>Cadeira da reuniao do escritorio (BY-315)</s>
    <s>Cadeira do escritorio de recepçao (BY-313)</s>
    <s>Cadeira do engranzamento do escritorio (BY-236)</s>
    <s>Cadeira do gerente, cadeira da recepçao (BY-312A)</s>
    <s>Cadeira moderna do escritorio da reuniao (BY-312)</s>
    <s>Cadeira simples do metal (BY-311)</s>
    <s>Cadeira do escritorio do metal (BY-310)</s>
    <s>Cadeira elevada do escritorio traseiro, cadeira do engranzamento (BY-235A)</s>
    <s>Cadeira popular do engranzamento do escritorio (BY-235)</s>
    <s>Cadeira do escritorio de Presider</s>
    <s>Cadeira executiva do escritorio da alta qualidade (BY-027)</s>
    <s>Cadeira do escritorio de gerente (BY-025)</s>
    <s>Página 1 de 8 1 próxima&gt;&gt; Ir para a página</s>
    <s>Seleccionado para Contacte o fornecedor</s>
    <s>Anji Bo Ya Furniture Co., Ltd.</s>
    <s>Zhejiang, China (Mainland)</s>
    <s>Tipo de Negócio:Fabricante, Trading Company, Associaçao</s>
    <s>Detalhes para Contactos Fornecedor Ouro [ 2º ano ] A&amp;V; Verificado</s>
    <s>Perfil da Empresa</s>
    <s>Produtos (144)</s>
    <s>Cadeira do escritorio (35)</s>
    <s>Cadeira do engranzamento do escritorio (50)</s>
    <s>Cadeira da conferencia/recepçao (7)</s>
    <s>Tamboretes de barra (19)</s>
    <s>Cadeira do metal (25)</s>
    <s>Cadeira da tarefa (3)</s>
    <s>Jantando a cadeira (4)</s>
    <s>desagrupados (1)</s>
    <s>Mostra de Producto</s>
    <s>Cadeira Elevada-para tras do escritorio do engranzamento (BY-238)</s>
    <s>Preço de Fob: US $27 - 28 / pedaço</s>
    <s>escritorio 2010 que compete a cadeira (BY-234)</s>
    <s>Preço de Fob: US $30 - 35 / pedaço</s>
    <s>Cadeira plastica do engranzamento do escritorio</s>
    <s>Preço de Fob: US $26 - 32 / pedaço</s>
    <s>Envie esta página Imprima esta página Marque esta página URL cópia</s>
    <s>Google Delicious Facebook Twitter</s>
    <s>Informaçoes da companhia - Partnerships</s>
    <s>Fabricantes - Venda Por Atacado - Fornecedor de Ouro - compra - venda - Feiras - Minha Alibaba - Serviços de exportaçoes da china - Ajuda - Mapa local - Serviços dos clientes - UK - Australia</s>
    <s>Consulte alfabeticamente: Todos os produtos, importadores, China, paises</s>
    <s>Groupo de Alibaba</s>
    <s>Produto listagem Politica - Politica de Propriedade Intelectual e alega violaçao - Politica de Privacidade - Termos de Uso - termos de uso - pontas seguras da troca-Relatorio direito de propriedade intelectual violaçao</s>
    <s>Direitos autoridades (C) 1999-2011 Alibaba.com Limitado e/ou seus subsidiarias e concessores de licenças. Todos os direitos reservados.</s>
    <s>Todas as traduçoes em detalhe dos produtos sao fornecidas pelo</s>
  </text>
</page>
