<?xml version="1.0" encoding="UTF-8"?>
<!DOCTYPE page SYSTEM "page.dtd">
<page>
  <lang>pt</lang>
  <url>http://www.flashwebtraining.com/tutoriais/actionscript/prog_design_expr/01.php</url>
  <title>Programação para Designers - Expressões</title>
  <snippet>
    <s>Os melhores tutoriais de Flash escritos em Português. open sources. Milhares e sons para Flash. Artigos técnicos indispensáveis para profissionais em Flash. </s>
  </snippet>
  <text>
    <s>Forum de discussao sobre Flash moderados por especialistas.</s>
    <s>Os melhores tutoriais de Flash escritos em Portugues.</s>
    <s>Milhares de &quot; open sources &quot; devidamente catalogadas e classificadas.</s>
    <s>Centenas de viciantes jogos desenvolvidos em Flash.</s>
    <s>Selecçao dos melhores websites em Flash.</s>
    <s>Bibliotecas de software, componentes, fontes e sons para Flash.</s>
    <s>Artigos tecnicos indispensaveis para profissionais em Flash.</s>
    <s>Receba todos os dias a newsletter do Flash Web Training com as principais noticias sobre tecnologia e informatica.</s>
    <s>Curso de Flash 5 e MX com acompanhamento de formadores especializados.</s>
    <s>Online Store com os melhores produtos dedicados ao Flash.</s>
    <s>Principais conferencias e eventos sobre Internet e Novas Tecnologias.</s>
    <s>Anuncios de emprego para empresas que procuram profissionais de Flash.</s>
    <s>Caso tenha alguma dificuldade, contacte o nosso suporte tecnico.</s>
    <s>Este tutorial faz parte de um grupo de tutoriais (Programaçao para Designers) cujo objectivo e ensinar actionscripting a quem nao tem bases de programaçao.</s>
    <s>Escrever Expressoes</s>
    <s>Uma expressao pode ser uma variavel, texto, numero e operador ou alguma combinaçao dos itens anteriores. O mais importante a reter e que de uma expressao o resultado e um sempre valor, podendo este ser string, numero ou boleano.</s>
    <s>Em actionscript uma expressao tem muitas utilizaçoes. Uma das mais obvias e a atribuiçao de um valor a uma variavel. No exemplo a seguir estamos a atribuir o valor 2 a variavel &quot;Contador&quot;:</s>
    <s>(expressoes a vermelho)</s>
    <s>Set Variable: &quot;Contador&quot; = 2</s>
    <s>Outro exemplo e o uso de expressao para evoluir uma variable. Temos uma variavel &quot;primeiro nome&quot; com o valor &quot;Ze&quot;. A variavel &quot;parabens&quot; evolui assim para &quot;Bem Vindo Ze, ao meu site&quot;:</s>
    <s>Set Variable: &quot;primeiro nome&quot; = &quot;Ze&quot;</s>
    <s>Set Variable: &quot;parabens&quot; = &quot;Bem Vindo&quot; &amp; primeiro nome &amp; &quot;, ao meu site.&quot;</s>
    <s>Aqui usamos uma expressao para calcular a frame para onde o filme deve saltar:</s>
    <s>Set Variable: &quot;frame&quot; = 3</s>
    <s>Go To and Play (frame + 6)</s>
    <s>Finalmente este exemplo e um script de acesso. Este script tem como output &quot;Accesso Rejeitado&quot; porque a variavel &quot;lastname&quot; e igual a &quot;Fagunde&quot; e nao &quot;Fagundes&quot;.</s>
    <s>Set Variable: &quot;firstname&quot; = &quot;Ze&quot;</s>
    <s>Set Variable: &quot;lastname&quot; = &quot;Fagunde&quot;</s>
    <s>If ((firstname = &quot;Ze&quot;) and (lastname = &quot;Fagundes&quot;))</s>
    <s>Set Variable: &quot;output&quot; = &quot;Ola Sr&quot; &amp; lastname</s>
    <s>Begin Tell Target (&quot;/membersarea&quot;)</s>
    <s>Go to and play (&quot;enter&quot;)</s>
    <s>End Tell Target</s>
    <s>Set Variable: &quot;output&quot; = &quot;Accesso Rejeitado&quot;</s>
    <s>Go to and play(&quot;start&quot;)</s>
    <s>End If</s>
    <s>Quando trabalhamos com expressoes temos sempre que saber qual o tipo de valor que queremos, uma string, um numero ou um valor booleano.</s>
    <s>Relembrar o que foi referido no tutorial Variaveis acerca das aspas, porque as aspas ajudam a determinar qual o tipo da expressao. Observar os exemplos seguintes e descobrir as diferenças:</s>
    <s>Set Variable: &quot;myvariable&quot; = &quot;450&quot;</s>
    <s>a string</s>
    <s>Set Variable: &quot;myvariable&quot; = 450</s>
    <s>a number</s>
    <s>Set Variable: &quot;myvariable&quot; = True</s>
    <s>a boolean value</s>
    <s>Set Variable: &quot;myvariable&quot; = &quot;True&quot;</s>
    <s>a string</s>
    <s>Go to and Play (myvariable)</s>
    <s>go to and play frame 450</s>
    <s>Go to and Play (&quot;myvariable&quot;)</s>
    <s>go to and play label myvariable</s>
    <s>Ja sabemos trabalhar com expressoes, para continuar a aprender actionscripting aconselhamos o tutorial - Operadores</s>
    <s>« Anterior</s>
    <s>Copyright (C)2002-2008 [ Todos os direitos reservados</s>
  </text>
</page>
