<?xml version="1.0" encoding="UTF-8"?>
<!DOCTYPE page SYSTEM "page.dtd">
<page>
  <lang>pt</lang>
  <url>http://www.conjur.com.br/2010-mai-07/conferencia-administracao-legal-discute-mercado-escritorios-eua</url>
  <title>Conferência de Administração Legal discute mercado de escritórios ...</title>
  <snippet>
    <s>7 maio 2010 Consultor Jurídico - Notícias, 7/5/2010 - Conferência de Administração Legal discute mercado de escritórios nos EUA [Administrativo, </s>
  </snippet>
  <text>
    <s>ISSN 1809-2829</s>
    <s>Cadastre-se para receber o Boletim de Notícias!</s>
    <s>7 maio 2010</s>
    <s>Administração de escritórios</s>
    <s>Conferência discute mercado de escritórios nos EUA</s>
    <s>Por Anna Luiza Boranga</s>
    <s>A ALA Association of Legal Administration promove anualmente a Conferencia Anual de Administraçao Legal, que este aconteceu no Centro de Convençoes de Boston, com a presença de participantes do Canada, Nigeria, Inglaterra e cinco representantes do Brasil. Escritorios de todos os portes enviam seus administradores (em alguns casos, o proprios socios comparecem) para se atualizar em relaçao a questoes de gestao. Cerca de 200 empresas expositoras apresentam softwares, mobiliario, papelaria, maquinas e equipamentos especiais para advogados.</s>
    <s>Viemos aqui para confirmar a participaçao do presidente da ALA, Patti Groff, como palestrantes da Fenalaw 2010 em Sao Paulo. E tambem a de um consultor, socio da Hlldebrandt Internacional, que e uma grande empresa internacional de consultoria em administraçao legal.</s>
    <s>Entre as novidades discutidas na conferencia deste ano:</s>
    <s>-- a forma de fazer o marketing de serviços corretamente em outras praças. Se o escritorio fica nos Estados Unidos e tem filiais em outros paises, como gerenciar o marketing?;</s>
    <s>-- cobrança de honorarios: alternativas a cobrança por hora, pois nos Estados Unidos os clientes nao aceitam outras formas. No Brasil, somos especialistas em cobranças alternativas, como fixo, partido, contrato. Podemos ensinar a eles, porque atuamos exatamente ao contrario. Nossos advogados detestam marcar hora;</s>
    <s>-- nos EUA tambem os pequenos escritorios reinam, pois existem muitos, ao contrario do que se pensa no Brasil. Existem varios escritorios atuando em nichos: butique com ate 700 advogados, pequenos com ate 30 advogados fazendo de tudo, grandes espalhados pelo mundo;</s>
    <s>-- os escritorios querem entrar na China: esse e o principal mercado que lhes interessa;</s>
    <s>-- concorrencia dos advogados ingleses: motivo de grande preocupaçao;</s>
    <s>-- estao entrando no Brasil, apenas de o mercado chines lhes parecer mais interessante;</s>
    <s>-- muitas palestras visando motivaçao e integraçao da equipe;</s>
    <s>-- preocupaçao com planos de aposentadoria para socios mais antigos.</s>
    <s>Anna Luiza Boranga consultora em gerenciamento de escritórios de advocacia e departamentos jurídicos.</s>
    <s>Revista Consultor Jurídico, 7 de maio de 2010</s>
    <s>Enviar por email</s>
    <s>Leia também: Textos relacionados</s>
    <s>05/05/2010 Mercado Jurídico: TozziniFreire ajudou na reorganização da BrasilPrev</s>
    <s>15/04/2010 Consultoria colhe dados para estudo sobre marketing jurídico</s>
    <s>10/04/2010 Empresas buscam escritórios de advocacia especializados e de menor porte</s>
    <s>08/04/2010 DVDs ensinam atalhos para expandir advocacia com internet</s>
    <s>21/12/2009 Marketing Jurídico deixou de ser ornamento para se tornar imprescindível</s>
    <s>11/11/2009 MERCADO JURÍDICO: Futuro de escritórios está no planejamento estratégico</s>
    <s>11/08/2009 Fenalaw no Rio Grande do Sul é adiada para outubro por conta da Gripe A</s>
    <s>05/06/2009 Fenalaw Nordeste discute gestão familiar nos escritórios de advocacia</s>
    <s>17/05/2009 Fenalaw reúne especialistas em gestão e estratégia no mercado jurídico</s>
    <s>30/04/2007 Diretor da Telefônica ensina como mostrar serviço</s>
    <s>10/04/2007 Diretor jurídico do Carrefour dá palestra sobre gestão</s>
    <s>16/03/2007 Seminário ensina advogados a mostrar serviço</s>
    <s>31/05/2005 Fórum discute gestão de departamento jurídico de empresas</s>
    <s>Comentários de leitores: 0 comentários</s>
    <s>A seção de comentários deste texto foi encerrada em 15/05/2010.</s>
    <s>Mídias sociais</s>
    <s>Siga as novidades e promoções da ConJur.</s>
    <s>RSS Feed</s>
    <s>Adicione o feed em seus favoritos.</s>
    <s>Acompanhe o lançamento de cada notícia.</s>
    <s>Cadastro no boletim</s>
    <s>Quem somos</s>
    <s>Fale conosco</s>
    <s>Reprodução de notícias</s>
  </text>
</page>
