<?xml version="1.0" encoding="UTF-8"?>
<!DOCTYPE page SYSTEM "page.dtd">
<page>
  <lang>pt</lang>
  <url>http://www.oroc.pt/gca/index.php%3Fid%3D1078</url>
  <title>Conferência da ... - Ordem dos Revisores Oficiais de Contas</title>
  <snippet>
    <s>Divulgação efectuada ao abrigo do protocolo celebrado entre a Ordem dos Revisores Oficiais de Contas e a Associação Fiscal Portuguesa. CONFERÊNCIA DA </s>
  </snippet>
  <text>
    <s>Escolha Noticias Sugira Eleis</s>
    <s>!A Ordem</s>
    <s>!Sec Regional Norte</s>
    <s>!ica e Deontologia</s>
    <s>!Acesso rofiss/a&gt;</s>
    <s>![Membros da Ordem</s>
    <s>!Supervise Qualidade</s>
    <s>!Departamento de Forma</s>
    <s>!Departamento Tico</s>
    <s>!Normativo Tico</s>
    <s>!Legisla Comunita</s>
    <s>!Protocolos e Outras Divulgas</s>
    <s>!Links com Relevia para a Profiss/a&gt;</s>
    <s>!ea Reservada</s>
    <s>!X Congresso</s>
    <s>!Information about OROC</s>
    <s>Conferia da Associa Fiscal Portuguesa sobre Desafios para o Sistema Fiscal: Uma Perspectiva de Longo Prazo&quot;</s>
    <s>Divulga efectuada ao abrigo do protocolo celebrado entre a Ordem dos Revisores Oficiais de Contas e a Associa Fiscal Portuguesa</s>
    <s>CONFERCIA DA ASSOCIAO FISCAL PORTUGUESA</s>
    <s>Caros Associados e Amigos,</s>
    <s>A Associa Fiscal Portuguesa associa-se irec Geral dos Impostos na comemora do seu 160 aniverso e tem a honra de os convidar para a Conferia que vai realizar no pro dia 22 de Abril em Lisboa, pelas 18h e que vai ter como Orador Convidado o Dr. Paulo Moita de Macedo, vice-presidente do Conselho de Administra Executivo do Banco Comercial Portugu S.A. e Director Geral dos Impostos de Maio de 2004 a Julho de 2007.</s>
    <s>O tema desta Conferia seguinte:</s>
    <s>DESAFIOS PARA O SISTEMA FISCAL: UMA PERSPECTIVA DE LONGO PRAZO</s>
    <s>A conferia vai decorrer, como abitual, no SalNobre da Sede da AFP, sita na Rua Portas de Santo Ant89, em Lisboa.</s>
    <s>Serm prazer contar com a sua presen</s>
    <s>Com os melhores cumprimentos,</s>
    <s>O Presidente da Associa Fiscal Portuguesa</s>
    <s>Dr. Rogo M. Fernandes Ferreira</s>
    <s>NOTA: A participa na conferia estujeita a inscri pra para todos os participantes, mediante resposta a este e-mail com preenchimento do boletim abaixo, inscri no site da AFP, em Eventos e Iniciativas/Calendoou, em alternativa, envio via fax.</s>
    <s>Telefones: 213 467 494 / 961 327 671 Fax: 213 224 051 E-mail: afp@afp.pt afiscalp@sapo.pt www.afp.pt</s>
    <s>BOLETIM DE INSCRIO 22 de Abril de 2010</s>
    <s>DESAFIOS PARA O SISTEMA FISCAL: UMA PERSPECTIVA DE LONGO PRAZO</s>
    <s>Dr. Paulo Moita de Macedo</s>
    <s>CONFERCIA DA ASSOCIAO FISCAL PORTUGUESA LISBOA</s>
    <s>Agradecemos actualiza dos seus dados de contacto, caso tenha havido alteras .</s>
    <s>Co Postal</s>
    <s>Data Nascimento</s>
    <s>Associado AFP</s>
    <s>NAssoc. (40,00)</s>
    <s>Inst. c/acordo especial (20,00)</s>
    <s>Pagamento em nome da Associa Fiscal Portuguesa atravdo cheque n Valor</s>
    <s>s/ ou por transferia banca para o NIB: 0033 0000 01280100491 24 Millennium BCP</s>
    <s>Isabel Andrade</s>
    <s>Secreta da Direc</s>
    <s>Associa Fiscal Portuguesa</s>
    <s>Tel.: +351 213 467 494 Fax: +351 213 224 051 Telem: +351 961 327 671 E-mail: afp@afp.pt www.afp.pt</s>
    <s>Associa de Utilidade Pa</s>
    <s>Despacho n 14837/2009 de 27 Maio</s>
    <s>[ voltar</s>
  </text>
</page>
