<?xml version="1.0" encoding="UTF-8"?>
<!DOCTYPE page SYSTEM "page.dtd">
<page>
  <lang>pt</lang>
  <url>http://www.tedxcampos.com.br/sobreoted/</url>
  <title>Sobre o TED e TEDx</title>
  <snippet>
    <s>Sobre o TEDx, x= evento TED organizado de forma independente A conferência TED fornece um guia geral para o programa TEDx, mas os TEDx são eventos mundiais são convidados a fazer, em 18 minutos, a palestra de suas vidas. </s>
  </snippet>
  <text>
    <s>Sobre |</s>
    <s>TEDTalks |</s>
    <s>Palestrantes |</s>
    <s>Local |</s>
    <s>Realizaçao |</s>
    <s>Atras Musicais |</s>
    <s>Blog |</s>
    <s>Noticias |</s>
    <s>Facebook Twitter</s>
    <s>TEDxCampos | 11 JUN</s>
    <s>Sobre o TEDx, x= evento TED organizado de forma independente</s>
    <s>No espto das ideias que merecem ser espalhadas, o TEDx m programa de eventos locais, auto organizados, onde pessoas se para compartilhar uma experiia TED. Em um evento TEDx, os vos das TEDTalks e as palestras ao vivo scombinadas para d espertar dicussprofundas e uma conexem grupos pequenos. Esses eventos locais levam a marca TEDx, onde o x= evento TED organizado de forma independente. A conferia TED fornece um guia geral para o programa TEDx, mas os TEDx seventos auto organizados (sujeitos a certas regras)</s>
    <s>Sobre o TED</s>
    <s>O TED ma organiza sem fins lucrativos que se dedica as ideias que merecem ser espalhadas. Nasceu como uma conferia de 4 dias na California, 26 anos atr mas o TED cresceu para dar suporte a essas ideias que mudam o mundo atravde mlas iniciativas. No TED, os maiores pensadores mundiais sconvidados a fazer, em 18 minutos, a palestra de suas vidas. Elas sdisponibilizadas, gratuitamente, no site TED.com. Os palestrantes do TED incluem Bill Gates, Jane Goodall, Elizabeth Gilbert, Sir Richard Branson, Benoit Mandelbrot, Philippe Starck, Ngozi Okonjo-Iweala, Isabel Allende e o ex primeiro ministro da Inglaterra, Gordon Brown. Dois grandes eventos TED acontecem por ano: a Conferia TED acontece toda primavera em Long Beach, Califa (junto com uma conferia paralela, TEDActive, em Palm Springs), e a TEDGlobal acontece no verem Edimburgo, Esc.</s>
    <s>As iniciativas de ma do TED incluem o TED.com, site onde as TEDTalks spostadas diariamente; o novo TED Conversations, possibilitando conversas entre os fdo TED; e o Projeto de Tradu Aberta, que fornece legendas e transcris interativas, alde permitir que qualquer TEDTalk seja traduzida por voluntos ao redor do mundo</s>
    <s>O TED estabeleceu o anual TED Prize, um espaonde indivos excepcionais com vontade de mudar o mundo ganham uma oportunidade de colocar seus desejos em a; TEDx, que oferece a pessoas ou a grupos a possibilidade de organizar um evento local ao redor do mundo; e o programa TED Fellows, que ajuda inovadores de todo o planeta a participarem da comunidade TED e, com nossa ajuda, amplificar o impacto de seus projetos e atividades.</s>
    <s>Para informas a respeito das pras conferias, visite http://www.ted.com/registration</s>
    <s>Siga o TED no Twitter http://twitter.com/TEDTalks, ou no Facebook http://www.facebook.com/TED</s>
    <s>Voltar ao Topo ▲</s>
    <s>Ao contrario do que acontece com o nosso corpo, alimentar o cerebro nunca e demais. E foi com isso em mente que reunimos profissionais e pensadores das mais diversas areas do saber para falar sobre gastronomia e nutriçao. Um dia de palestras, discussoes e troca de ideias, em que o conhecimento foi o prato principal e muito mais do que simples receitas foram compartilhadas.</s>
    <s>Este evento TEDx independente acontece sob licendo TED.</s>
    <s>Este evento nestendo organizado pelo TED conferences. Este m evento TED organizado de forma independente.</s>
  </text>
</page>
