<?xml version="1.0" encoding="UTF-8"?>
<!DOCTYPE page SYSTEM "page.dtd">
<page>
  <lang>pt</lang>
  <url>http://fcplp.ist.utl.pt/index_files/Page1177.html</url>
  <title>Custos/Inscrição - Conferência de Física da CPLP</title>
  <snippet>
    <s>Acompanhantes têm também direito ao Banquete (Hotel Polana) e a uma visita guiada pela cidade. TAXAS DE INSCRIÇÃO. Early Bird (até 30 de Junho, 2010) </s>
  </snippet>
  <text>
    <s>Os estudantes devem apresentar uma carta da institui do ensino superior que comprove a sua condi de estudante e a c do cartde estudante.</s>
    <s>Participantes regulares, estudantes e acompanhantes tdireito ao Cocktail de recep (Clube Naval), 3 almo, 6 coffee-breaks. Seristribu uma pasta com documenta aos participantes regulares e estudantes. Acompanhantes ttambdireito ao Banquete (Hotel Polana) e a uma visita guiada pela cidade.</s>
    <s>early registration : until Jun 30, 2010</s>
    <s>late registration : until August 30, 2010</s>
    <s>3. Devido a redu das taxas, propomos a retirada dos 20% de restitui do</s>
    <s>valor da inscri para os que tenham feito a inscri no pero regular.</s>
    <s>4. Nhaverevolu de valores a delegados a pessoas que faltem ao evento aper pago a inscri.</s>
    <s>Vocode efectuar o pagamento directamente online ou efectuo mais tarde. Em</s>
    <s>ambos os casos receberm recibo.</s>
    <s>O pagamento pode ser feito online de forma segura com cartVISA, ou via PayPal ou por</s>
    <s>transferia banca. Em ambos os casos receberm recibo.</s>
    <s>Ao inscrever-se online pode igualmente submeter o(s) seu(s) abstract(s) (tamanho folha</s>
    <s>REGISTO ONLINE DOS PARTICIPANTES</s>
    <s>O pagamento da inscri (em USD) pode ser feito por transferia banca:</s>
    <s>View My Stats</s>
    <s>1 Conferia de Fca da Comunidade de Pas de Lua Portuguesa</s>
    <s>REGISTO dos PARTICIPANTES</s>
    <s>!!Text Box: WEBPAGE CREDITSWe thank Gary Tongue (Visionafar.com) the kind permission to freely use one of his beautiful drawings in our Webpage.</s>
    <s>This page requires frame support. Please use a frame compatible browser to see the amiando ticket sales widget.</s>
    <s>Try out the online event registration system from amiando.</s>
    <s>Online Event Registration with amiando</s>
    <s>!Text Box: DEPARTAMENTO DE FICA, FACULDADE DE CICIASUNIVERSIDADE EDUARDO MONDLANEAV. JULIUS NYERERE, 3453CEP 1100MAPUTOMOMBIQUETEL.+258 828492180FAX: +258 21 493377EMAIL: conf.fisica cplp@uem.mz!Text Box: AGRADECIMENTOS:Agradecemos a todos quantos nos tajudado na constru desta pna, em especial a Sio Mota (Instituto de Plasmas e FusNuclear) e Ant Josa Silva (CIIST/IST)</s>
    <s>TAXAS DE INSCRIO</s>
    <s>Early Bird (at0 de Junho, 2010)</s>
    <s>Late registration (at0 de Agosto, 2010)</s>
    <s>Participante regular</s>
    <s>250 USD</s>
    <s>350 USD</s>
    <s>Participante regular*</s>
    <s>(inclui Banquete)</s>
    <s>300 USD</s>
    <s>400 USD</s>
    <s>50 USD</s>
    <s>100 USD</s>
    <s>(inclui Banquete)</s>
    <s>100 USD</s>
    <s>150 USD</s>
    <s>150 USD</s>
    <s>200 USD</s>
    <s>VOLTAR Back To Top</s>
    <s>CLIQUE AQUI PARA SUBIR</s>
    <s>VOLTAR Back To Top</s>
    <s>Numero da conta: 73597975</s>
    <s>Nome: UEM-DEP-FISICA- RP</s>
    <s>Moeda: USD</s>
    <s>IBAN: MZ59000100000007359797557</s>
    <s>NIB: 000100000007359797557</s>
    <s>SWIFT: BIMOMZMXXXX</s>
    <s>Enderedo banco:</s>
    <s>Av: 25 de setembro, 1800</s>
    <s>Agradece-se que ap efectiva da transferia enviem o confirmativo do banco</s>
    <s>para o Fax. +258 21 493377</s>
  </text>
</page>
