<?xml version="1.0" encoding="UTF-8"?>
<!DOCTYPE page SYSTEM "page.dtd">
<page>
  <lang>pt</lang>
  <url>http://www.slideshare.net/guest3f4c03/sadc-3440060</url>
  <title>SADC</title>
  <snippet>
    <s>SADC Conferência para o Desenvolvimento da África Austral. De acordo com a meta da organização, após a criação da zona econômica, serão em 2016 e em 2018, segundo planejado, todos os países membros utilizarão moeda única. </s>
  </snippet>
  <text>
    <s>SlideShare. Present yourself.</s>
    <s>Login or Signup</s>
    <s>Go Pro</s>
    <s>1 year ago</s>
    <s>Favorited ×</s>
    <s>Copy and paste this code into your blog or website Copy Customize Without related content Start from slide number 1 2 3 4 5 6 7 8 9 10 11 12 13 14 15 16 Size (px) 460 x 349 Shortcode for WordPress.com blogs ? Copy Old embed code ? Copy</s>
    <s>We have emailed the verification/download link to &quot;&quot;.</s>
    <s>Login to your email and click the link to download the file directly.</s>
    <s>To request the link at a different email address, update it here. Close</s>
    <s>Validation messages. Success message. Fail message.</s>
    <s>Check your bulk/spam folders if you can't find our mail.</s>
    <s>Flash Player 9 (or above) is needed to view presentations.</s>
    <s>We have detected that you do not have it on your computer. To install it, go here.</s>
    <s>1 comment</s>
    <s>Comments 1 - 1 of 1 comment previous next</s>
    <s>4 months ago</s>
    <s>&gt; Agora são 15 países o Seicheles tambem esta no grupo , quem estiver fazendo trabalho sobre isto este video é uma boa http://www.youtube.com/watch?v=tQLjXKE7t8k , falou valeu !!!</s>
    <s>Embed Video Subscribe to comments</s>
    <s>Post Comment</s>
    <s>Edit your comment Cancel</s>
    <s>Speaker Notes on slide 1</s>
    <s>SADC - Presentation Transcript</s>
    <s>Conferência para o Desenvolvimento da África Austral</s>
    <s>2.1960-1970 período de descolonização e independência na</s>
    <s>África do Sul</s>
    <s>A presença do colonizador era considerável, houve resistência à descolonização</s>
    <s>Com independência de Moçambique,Angola e Zimbábue, os Estados da Linha de Frente resolveu criar alguma forma de mecanismo regional que examinasse, monitorasse e coordenasse questões de desenvolvimento econômico nos países independentes da África Austral.</s>
    <s>Esse mecanismo veio a se tornar a Conferência de Coordenação para o Desenvolvimento da África Austral (SADC)</s>
    <s>Fundação do SADC</s>
    <s>3.A SADC foi estabelecida por meio de um tratado, em 1992. Esse tratado tem por objetivo melhorar as habilidades técnicas e administrativas dentro da região e estipula o estabelecimento de uma série de protocolos voltados para uma maior integração regional.</s>
    <s>O principal parceiro econômico externo ao SADC é a UE que, com o bloco mencionado realiza importantes trocas há alguns anos e ainda representam a maior parte das exportações e importações externas ao grupo . Há planos de integração entre o Mercosul e a SADC, mais especificamente entre o Brasil e a África do Sul. Esse acordo de comércio seria do interesse brasileiro para, além dos motivos óbvios, não se mostrar submisso à proposta da ALCA.</s>
    <s>A integração do SADC</s>
    <s>4. 1. reduzir a dependência do mundo exterior e em particular, da África do Sul; 2. promover a autoconfiança coletiva dos Estados membros; 3. promover e coordenar a cooperação econômica por meio de um projeto e de uma abordagem orientada por setor; 4. promover uma ação conjunta para garantir a compreensão internacional e seu apoio prático para a estratégia da SADCC Objetivos iniciais</s>
    <s>6.A SADC tem uma visão de um futuro comum, dentro de uma comunidade regional que vai garantir bem-estar econômico, a melhoria dos padrões de vida e a qualidade de vida, liberdade e justiça social, paz e segurança para os povos da África Austral</s>
    <s>7.Embora todos os membros declarem democráticos, bem poucos contêm as instituições que caracterizam as modernas democracias sem seus sistemas políticos, como eleições livres e justas, e uma imprensa livre.</s>
    <s>Pelo menos dois dos estados membros, Angola e República Democrática do Congo, estão envolvidos em contínuas guerras civis</s>
    <s>Existe O PROGRAMA DE AÇÃO SADC. Que é um conjunto de programas setoriais, com os seus objetivos, estratégias e projetos destinados a concretizar os objetivos gerais da SADC.</s>
    <s>Sobre a política</s>
    <s>8.As economias da região são estruturalmente variadas e estão em variados estágios de desenvolvimento.</s>
    <s>O PIB da África do Sul, de US$ 131 bilhões, é maior do que a soma do PIB de todos os outros países da SADC.</s>
    <s>A SADC está enfrentando sérios desafios para estabelecer um bloco regional viável, dadas as suas disparidades econômicas</s>
    <s>De acordo com a meta da organização, após a criação da zona econômica, serão estabelecidos a aliança de impostos em 2010, mercado comum em 2015, banco central regional e aliança monetária em 2016 e em 2018, segundo planejado, todos os países membros utilizarão moeda única.</s>
    <s>Sobre a economia</s>
    <s>9.República democrática do Congo</s>
    <s>África do Sul</s>
    <s>Os seus membros atuais são:</s>
    <s>10.África do Sul : Finanças e Investimentos</s>
    <s>Angola : Comissão de Energia</s>
    <s>Botsuana : Investigação Agrária e Produção animal e Controle de doenças de animais</s>
    <s>Lesoto : Conservação da Água e solo e utilização da terra e Turismo</s>
    <s>Malauí : Pesca, área florestal e vida selvagem;</s>
    <s>Maurício : Não tem um grande objetivo</s>
    <s>Moçambique : Cultura, informação, esportes, comissão de transportes e comunicação;</s>
    <s>Namíbia : Pescas</s>
    <s>Suazilândia : Desenvolvimento de Recursos Humanos</s>
    <s>Tanzânia : Indústria e Comércio</s>
    <s>Zâmbia : emprego, trabalho e mineração</s>
    <s>Zimbábue : produção agrícola, alimentação, recursos agrícolas e naturais.</s>
    <s>Os países e suas funções:</s>
    <s>11.População: 202,9 milhões</s>
    <s>PIB: US$ 173,5 bilhões</s>
    <s>Exportações: US$ 53,5 bilhões</s>
    <s>Importações: US$ 52,8 bilhões</s>
    <s>13.Igualdade para todos os estados membros</s>
    <s>Solidariedade, paz e segurança</s>
    <s>Direitos humanos, democracia, e a régua da lei</s>
    <s>Benefício mútuo</s>
    <s>Estabelecimento calmo das disputas.</s>
    <s>Aumentar a participação da mulher em todas as camadas da sociedade</s>
    <s>14. Oscilação na quantidade de mulheres no governo.</s>
    <s>2° A</s>
    <s>9420 views, 0 favs, 1 embed</s>
    <s>More by user</s>
    <s>View all presentations from this user</s>
    <s>Remove related content</s>
    <s>About this presentation</s>
    <s>Usage Rights</s>
    <s>(C) All Rights Reserved</s>
    <s>0 Favorites</s>
    <s>1 Comments</s>
    <s>0 Downloads</s>
    <s>9,399 Views on</s>
    <s>21 Views on</s>
    <s>9,420 Total Views</s>
    <s>Embed views</s>
    <s>21 views on http://www.slideshare.net</s>
    <s>Embed views</s>
    <s>21 views on http://www.slideshare.net</s>
    <s>View text version</s>
    <s>Additional Details</s>
    <s>Uploaded via SlideShare</s>
    <s>Uploaded as Microsoft PowerPoint</s>
    <s>Flagged as inappropriate Flag as inappropriate Flag as inappropriate</s>
    <s>Select your reason for flagging this presentation as inappropriate. If needed, use the feedback form to let us know more details.</s>
    <s>None Pornographic Defamatory Illegal/Unlawful Spam Other Terms Of Service Violation Cancel</s>
    <s>File a copyright complaint</s>
    <s>News &amp; Politics</s>
    <s>modal signup</s>
    <s>Learn About Us</s>
    <s>Our Blog</s>
    <s>Contact us</s>
    <s>Help &amp; Support</s>
    <s>Using SlideShare</s>
    <s>SlideShare 101</s>
    <s>Terms of Use</s>
    <s>Privacy Policy</s>
    <s>Copyright &amp; DMCA</s>
    <s>Community Guidelines</s>
    <s>SlideShare Outside</s>
    <s>SlideShare Mobile New</s>
    <s>Facebook App</s>
    <s>LinkedIn App</s>
    <s>Widgets for your blog</s>
    <s>Pro &amp; more</s>
    <s>Go PRO</s>
    <s>Business Solutions</s>
    <s>Advertise with us</s>
    <s>Get featured on homepage</s>
    <s>Developers &amp; API</s>
    <s>Developers Section</s>
    <s>Developers Group</s>
    <s>Engineering Blog</s>
    <s>SlideShare is the world's largest community for sharing presentations. Upload and share on blogs, Twitter, Facebook or LinkedIn. Over 60 million people use SlideShare every month for research, sharing ideas, connecting with others, and generating business leads. SlideShare also supports documents, PDFs, and videos. Get an account.</s>
    <s>Follow @SlideShare</s>
    <s>(C) 2011 SlideShare Inc. All rights reserved.</s>
    <s>FavoritedYou could add some tags too</s>
    <s>Have an opinion? Make a quick comment as well. Cancel</s>
    <s>Edit your favorites</s>
  </text>
</page>
