<?xml version="1.0" encoding="UTF-8"?>
<!DOCTYPE page SYSTEM "page.dtd">
<page>
  <lang>pt</lang>
  <url>http://smarttech.com/br/Solutions/Higher%2BEducation%2BSolutions/Products%2Bfor%2Bhigher%2Beducation/Software/SMART%2BBridgit</url>
  <title>Software de conferências SMART Bridgit - SMART Technologies</title>
  <snippet>
    <s>O software de conferências SMART Bridgit é ideal para educação à Qualquer participante de sessão pode compartilhar o quadro interativo SMART Board ou </s>
  </snippet>
  <text>
    <s>Sign in</s>
    <s>SMART Technologies</s>
    <s>Soluções de educação superior</s>
    <s>Produtos para educação superior</s>
    <s>Software de conferências SMART Bridgit</s>
    <s>Soluções de educação</s>
    <s>Soluções de educação superior</s>
    <s>Soluções corporativas</s>
    <s>Soluções para governo</s>
    <s>Soluções customizadas</s>
    <s>Procurar todos os produtos</s>
    <s>Treinamento e PD</s>
    <s>Publicações SMART</s>
    <s>Pesquisa e dados</s>
    <s>Briefing center</s>
    <s>SMART Exchange</s>
    <s>Mídias sociais</s>
    <s>Procurar no suporte</s>
    <s>Downloads do administrador</s>
    <s>Registro do produto</s>
    <s>Conesul Plus</s>
    <s>Loja Online SMART</s>
    <s>Sobre a SMART</s>
    <s>Relações com o investidor</s>
    <s>Fale conosco</s>
    <s>Sala de imprensa</s>
    <s>Trabalhando na SMART</s>
    <s>Histórias de clientes</s>
    <s>Software de conferências SMART Bridgit</s>
    <s>!Bridgit software package with examples of monitors shared with Bridgit during conference</s>
    <s>Agilize a educação à distância ou a colaboração remota com o software de conferências SMART Bridgit™. É uma maneira simples e acessível de compartilhar voz, vídeo e dados pela Internet. Compartilhe tudo que estiver aberto na sua área de trabalho ou no quadro interativo SMART Board e faça anotações que todos os participantes da sessão possam ver em suas telas. Com o recurso VoIP e de compartilhamento de vídeos, é fácil e rápido - uma solução de colaboração completa.</s>
    <s>Baixar o folheto</s>
    <s>Visão geral</s>
    <s>Mais que uma teleconferência</s>
    <s>O SMART Bridgit torna interativas a colaboração e a educação à distância. Qualquer participante de sessão pode compartilhar o quadro interativo SMART Board ou a área de trabalho com o grupo, para que todos possam ver os mesmos aplicativos, documentos, apresentações ou sites. Realce as informações escrevendo sobre uma área de trabalho compartilhada ou controle a área de trabalho de outro participantes para demonstrar um conceito ou fornecer assistência. Mais de uma pessoa pode escrever sobre uma área de trabalho ao mesmo tempo, então é possível trocar ideias rápida e facilmente.</s>
    <s>!SMART Bridge more than a call</s>
    <s>Você pode compartilhar e assistir a vídeos de até quatro participantes com suporte multipontos para webcam. E o recurso VoIP incorporado funciona com o conjunto de fones de ouvido/microfone ou com o microfone de conferência, permitindo que os participantes sejam ouvidos sem precisar de uma ponte de conferência de áudio adicional. Suas conferências online são fáceis e eficazes.</s>
    <s>!SMART Bridge connect</s>
    <s>Conecte em 3 etapas fáceis</s>
    <s>Basta dar um nome à sessão, convidar os participantes e começar. Os participantes podem entrar através de um simples convite por e-mail, sem que seja necessário fazer instalação. Em menos de um minuto, você pode responder aos alunos, obter feedback dos colegas ou iniciar uma palestra ou apresentação. Independentemente de você estar lecionando ou colaborando com os colegas no hall ou pelo mundo, o software de conferência SMART Bridgit facilita a manutenção da conexão.</s>
    <s>!SMART Bridge effective</s>
    <s>Acessível e eficaz</s>
    <s>Com uma simples conexão de Internet, você pode escrever sobre qualquer aplicativo ou compartilhar seu computador com alunos ou colegas e discutir com eles em qualquer contexto – tudo em tempo real, direto de sua mesa ou do quadro interativo SMART Board™. Reduza custos de viagem, troque ideias rapidamente, estimule os alunos com o conteúdo dinâmico do curso e mantenha o trabalho sob controle, incluindo todos os participantes, independentemente de onde se encontrem no mundo.</s>
    <s>Compartilhamento com um toque</s>
    <s>Compartilhe sua área de trabalho ou o quadro interativo SMART Board instantaneamente pressionando um único botão. Os participantes podem ver tudo o que você executa na sua área de trabalho, como planilhas, apresentações ou sites, e você pode alternar o controle da área de trabalho com facilidade.</s>
    <s>Integração com Microsoft Exchange e Outlook</s>
    <s>Use a opção SMART Scheduler para criar sessões no Microsoft Outlook que sejam iniciadas automaticamente no software SMART Bridgit Server.</s>
    <s>Anotações na área de trabalho</s>
    <s>Destaque informações escrevendo em um computador compartilhado. Mais de um participante pode fazer anotações ao mesmo tempo.</s>
    <s>Integração com o quadro interativo SMART Board</s>
    <s>Escreva anotações diretamente em um arquivo do SMART Notebook aberto ao usar o SMART Bridgit com um quadro interativo SMART Board. Você também pode compartilhar múltiplos quadros interativos SMART Board ao mesmo tempo.</s>
    <s>VoIP incorporado</s>
    <s>Escute todos os participantes da sessão sem precisar adquirir um dispositivo de áudio para conferência adicional ou pagar taxas de chamadas de longa distância. O SMART Bridgit funciona com seu conjunto de fones de ouvido/microfone ou com o microfone de conferência.</s>
    <s>Suporte para webcam integrado</s>
    <s>Assista a vídeos de até 4 sites de participantes simultaneamente.</s>
    <s>Mensagens instantâneas</s>
    <s>O programa de mensagens instantâneas integrado permite que os participantes façam perguntas ou iniciem discussões de uma maneira que não incomoda durante sessões colaborativas.</s>
    <s>Convites automáticos</s>
    <s>Envie convites por um e-mail gerado automaticamente.</s>
    <s>Compatibilidade com Firewall</s>
    <s>Evite problemas com firewalls. O software foi desenvolvido para funcionar com firewalls institucionais, o que simplifica a configuração de sessões, já que não são necessárias configurações especiais.</s>
    <s>Ferramentas de apresentação</s>
    <s>Direcione a atenção para uma área específica da tela com a ferramenta ponteiro.</s>
    <s>Controle remoto</s>
    <s>Tenha o controle do computador de outro participante para demonstrar uma solução ou oferecer ajuda técnica.</s>
    <s>Suporte a idiomas</s>
    <s>O Bridgit inclui 13 idiomas. Você pode facilmente alternar de um idioma para o outro direto da interface.</s>
    <s>Barra de ferramentas simples</s>
    <s>Acesse de forma rápida e fácil controles de vídeo e de áudio, listas de participantes e ferramentas para direcionar a atenção.</s>
    <s>Ambiente seguro e confiável</s>
    <s>Proteja as informações com opções de senha e criptografia SSL de 256 bits.</s>
    <s>Encontre informações técnicas sobre este produto, incluindo detalhes como requisitos do sistema operacional.</s>
    <s>!Bridgit icon</s>
    <s>SMART Bridgit - Especificações completas - SMART Bridgit (PDF - 1,42 MB)</s>
    <s>Treinamento e desenvolvimento profissional SMART</s>
    <s>!Illustration of woman in front of certificate</s>
    <s>Conheça nossa grande variedade de recursos de treinamento e de desenvolvimento profissional. Na SMART, temos programas que se adéquam a toda agenda, orçamento e nível de habilidade.</s>
    <s>Visite o Centro de treinamento SMART</s>
    <s>Site do SMART Exchange</s>
    <s>!SMART Board 685ix with flying content screens - matte blue</s>
    <s>Acesse recursos preparados para sala de aula, fáceis de usar e relevantes, além de uma comunidade online crescente e vibrante no SMART Exchange.</s>
    <s>Visite o site</s>
    <s>Onde comprar</s>
    <s>!Illustration of magnifying glass over earth</s>
    <s>Você está pronto para comprar produtos SMART? Localize um revendedor licenciado perto de você.</s>
    <s>Pesquisa por um revendedor SMART</s>
    <s>SMART Support</s>
    <s>!Illustration of man wearing headset</s>
    <s>Escolha dentre diversas opções de suporte, desde nossa ampla base de conhecimento com documentos técnicos de fácil acesso até contato direto com funcionários especializados em suporte técnico via bate-papo, e-mail ou telefone.</s>
    <s>Acesse o Suporte SMART</s>
    <s>Mapa do site</s>
    <s>Onde comprar</s>
    <s>Fale conosco</s>
    <s>© 2011 SMART Technologies | Legais</s>
  </text>
</page>
