<?xml version="1.0" encoding="UTF-8"?>
<!DOCTYPE page SYSTEM "page.dtd">
<page>
  <lang>pt</lang>
  <url>http://www.instituto-camoes.pt/comunicacao/comunicados-de-imprensa/2378-antonio-vitorino-em-conferencia-sobre-imigracao-no-kings-college</url>
  <title>Instituto Camões de Portugal - António Vitorino em conferência ...</title>
  <snippet>
    <s>9 maio 2011 António Vitorino em conferência sobre imigração no King&#39;s College acrescenta a investigadora portuguesa, que considera o tópico de grande atualidade. A conferência conta com o patrocínio do IC, da Embaixada de </s>
  </snippet>
  <text>
    <s>Instituto Camões de Portugal</s>
    <s>Informação Institucional</s>
    <s>Presidente | Ana Paula Laborinho</s>
    <s>Carta de Missão</s>
    <s>Vice – presidente | Maria Dinah Bandeira Santos Silva Azevedo Neves</s>
    <s>Carta de Missão</s>
    <s>Vice – presidente | Mário José Filipe da Silva</s>
    <s>Carta de Missão</s>
    <s>Quem Somos</s>
    <s>Conselho Estratégico</s>
    <s>Conselho Consultivo</s>
    <s>Organização e Funções</s>
    <s>Documentos de Gestão</s>
    <s>SIADAP 2 e SIADAP 3</s>
    <s>Planos e Relatórios de Atividades</s>
    <s>Balanço Social</s>
    <s>Recursos Humanos</s>
    <s>Despachos de Gestão</s>
    <s>Inquéritos de Satisfação</s>
    <s>Plano de Prevenção de Riscos e Infrações Conexas</s>
    <s>Dívidas a Fornecedores</s>
    <s>Procedimentos Concursais</s>
    <s>Recrutamento de Pessoal</s>
    <s>Recrutamento Local de Professores</s>
    <s>Concurso Anual de Professores</s>
    <s>Resoluções do Conselho de Ministros</s>
    <s>Instituto Camões - Sede</s>
    <s>História do IC</s>
    <s>Palacete Seixas</s>
    <s>Atividades na Sede</s>
    <s>Logótipos para Descarregar</s>
    <s>Rede IC</s>
    <s>Língua e Ensino</s>
    <s>Centros de Língua Portuguesa</s>
    <s>Adis Abeba</s>
    <s>S. Tomé</s>
    <s>América do Norte</s>
    <s>Cidade do México</s>
    <s>América Central e do Sul</s>
    <s>Buenos Aires</s>
    <s>Ásia e Oceânia</s>
    <s>América do Sul</s>
    <s>Ásia e Oceânia</s>
    <s>Coreia do Sul</s>
    <s>Nova Zelândia</s>
    <s>Reino Unido</s>
    <s>República Checa</s>
    <s>África do Sul</s>
    <s>Cabo Verde</s>
    <s>Costa do Marfim</s>
    <s>S. Tomé e Príncipe</s>
    <s>América do Norte</s>
    <s>Estados Unidos da América</s>
    <s>Reino Unido</s>
    <s>Coordenações de Ensino EPE</s>
    <s>Procedimentos Concursais EPE</s>
    <s>Perguntas Frequentes</s>
    <s>Formação e Investigação</s>
    <s>Ensino da Língua e Cultura Portuguesas</s>
    <s>Formação de Professores</s>
    <s>Formação de Quadros</s>
    <s>Formação de Tradutores e Intérpretes</s>
    <s>Investigação sobre Língua e Cultura Portuguesas</s>
    <s>Centro Virtual Camões</s>
    <s>Bolsas de Estudo</s>
    <s>Cidadãos Estrangeiros</s>
    <s>Cidadãos Portugueses</s>
    <s>Bolsas atribuídas em 2011</s>
    <s>Anos Anteriores</s>
    <s>Bolsas atribuídas em 2010</s>
    <s>Bolsas atribuídas em 2009</s>
    <s>Bolsas atribuídas em 2008</s>
    <s>Bolsas atribuídas em 2007</s>
    <s>Rede de ex-Bolseiros</s>
    <s>Ação Cultural Externa</s>
    <s>Acordos Culturais</s>
    <s>Apoio à Edição</s>
    <s>Atividades das Redes Externas</s>
    <s>Perguntas Frequentes</s>
    <s>Centros Culturais</s>
    <s>Maputo - Pólo na Beira</s>
    <s>Praia - Pólo no Mindelo</s>
    <s>Rabat - Pólo em Casablanca</s>
    <s>S. Tomé</s>
    <s>S. Tomé - Pólo na Ilha do Príncipe</s>
    <s>América do Sul</s>
    <s>Ásia e Oceania</s>
    <s>Nova Deli</s>
    <s>Revista Camões</s>
    <s>Encarte JL</s>
    <s>Catálogo IC</s>
    <s>Obras Traduzidas</s>
    <s>Biblioteca Digital Camões</s>
    <s>Rede de Bibliotecas do Instituto Camões</s>
    <s>Maputo - Pólo na Beira</s>
    <s>Praia - Pólo no Mindelo</s>
    <s>Rabat - Pólo em Casablanca</s>
    <s>S. Tomé</s>
    <s>S. Tomé - Pólo na Ilha do Príncipe</s>
    <s>América Central e do Sul</s>
    <s>Ásia e Oceania</s>
    <s>Nova Deli</s>
    <s>Encarte JL</s>
    <s>Centro Virtual Camões</s>
    <s>Centro Virtual Camões (o que é)</s>
    <s>Tecnologias para a língua</s>
    <s>Aprender Português em Portugal</s>
    <s>Skip to content</s>
    <s>Comunicação | Contactos | Mapa do Site | FAQ</s>
    <s>Está em Entrada | Comunicação | Comunicados de Imprensa | António Vitorino em conferência sobre imigração no King’s College</s>
    <s>António Vitorino em conferência sobre imigração no King’s College</s>
    <s>Criado em 09 Maio 2011</s>
    <s>O antigo comissario europeu e ex-governante portugues Antonio Vitorino vai ser o orador principal da conferencia internacional sobre 'Politicas de Imigraçao e Direitos Humanos' que, a 16 de maio, reune em Londres um conjunto de especialistas em ciencias sociais que trabalham em instituiçoes britanicas, norte-americanas e portuguesas.</s>
    <s>A conferencia e organizada por iniciativa do Instituto Camoes Centre for Studies in Portuguese Language and Culture at King's College of London (CELPC/IC), de que e atualmente diretora a investigadora Luisa Pinto Teixeira, em parceria com o Instituto Portugues de Relaçoes Internacionais (IPRI-UNL), dirigido por Carlos Gaspar, ex-assessor e consultor do antigo Presidente da Republica Jorge Sampaio.</s>
    <s>Alem de Vitorino, outro ex- governante portugues Nuno Severiano Teixeira (IPRI) intervira na sessao de abertura, juntamente com o embaixador de Portugal no Reino Unido, Joao de Vallera. O antigo embaixador do Reino Unido em Portugal entre 2007 e 2010, Alexander Ellis, proferira a alocuçao de encerramento da conferencia.</s>
    <s>«Pretende-se contextualizar as politicas de imigraçao e direitos humanos no cenario recente das politicas de imigraçao da Uniao Europeia, onde a especificidade de Portugal sera objeto de particular analise», declara Luisa Pinto Teixeira sobre esta reuniao cientifica que e a conferencia inaugural do CELPC/IC, recentemente.</s>
    <s>«Desafiamos os conferencistas a tratarem o tema central desta conferencia tendo em atençao a economia politica e social dos fluxos migratorios e a ressurgencia dos nacionalismos», acrescenta a investigadora portuguesa, que considera o topico de grande atualidade.</s>
    <s>A conferencia conta com o patrocinio do IC, da Embaixada de Portugal no Reino Unidos e da Fundaçao Calouste Gulbenkian, que apresentara o documentario Migrant Voices - Lisbon streets testimonies on MIPEX III (Migrant Integration Policy Index III. Portugal) key findings, para alem de uma comunicaçao da administradora da FCG Isabel Mota, secretaria de Estado do Planeamento e Desenvolvimento Regional entre 1987 e 1995.</s>
    <s>Os investigadores portugueses estarao em força na sessao da tarde, presidida por Ricardo Soares de Oliveira (University of Oxford), com comunicaçoes de Veronica Policarpo (Universidade Catolica Portuguesa), Rui Pena Pires (CIES-ISCTE), (SOCIUS/ISEG) e Madalena Resende (IPRI-UNL).</s>
    <s>Na sua parte final, a conferencia tera uma mesa redonda presidida por Stephen Meili, da University of Minnesota Law School, com a participaçao de Satvinder Juss, Jean-Pierre Gauci e Leila Simona Talani, todos os tres do King's College London, Adam Hanieth, da reputada School of Oriental and African Studies (SOAS) e Philip Marfleet (University of East London).</s>
    <s>O encerramento da conferencia sera seguido do lançamento do livro Crisis, immigration and the labour market in Portugal: return, regulation or resistance? (Crise, Imigraçao e Mercado de Trabalho: Retorno, Regulaçao ou Resistencia?), de Joao Peixoto e Juliana Iorio (Principia, 2011) e a apresentaçao de Portugal: Atlas das Migraçoes Internacionais, de Rui Pena Pires (org.), Programa Gulbenkian de Desenvolvimento Humano, 2011.</s>
    <s>O CELPC/IC foi criado em 2010 para reforçar o estatuto da lingua portuguesa, atraves do desenvolvimento de Estudos Portugueses e dos conhecimentos sobre a cultura, historia, politica, sociedade e a lusofonia.</s>
    <s>Luisa Pinto Teixeira acredita que «uma maneira de alcançar estes objetivos e atraves da organizaçao de simposios interdisciplinares com a participaçao de academicos portugueses e membros da sociedade civil portuguesa, bem como da CPLP, mediando protocolos com universidades portuguesas e outras instituiçoes, envolvendo as culturas lusofonas africanas e o Brasil, e promovendo o intercambio de professores e estudantes».</s>
    <s>Comunicados de Imprensa</s>
    <s>Logótipos para Descarregar</s>
    <s>Boletim de Informação</s>
    <s>III Encontro de Teatro dos leitorados do Instituto Camões</s>
    <s>Correio | Intranet | Copyright (C) 2011 Instituto Camões de Portugal. Todos os direitos reservados. Design e Programação YD.</s>
  </text>
</page>
