<?xml version="1.0" encoding="UTF-8"?>
<!DOCTYPE page SYSTEM "page.dtd">
<page>
  <lang>pt</lang>
  <url>http://pt-br.facebook.com/pages/VideoJogos-2011-Confer%25C3%25AAncia-de-Ci%25C3%25AAncias-e-Artes-dos-Videojogos/211541415530850%3Fsk%3Dwall%26filter%3D12</url>
  <title>VideoJogos 2011 - Conferência de Ciências e Artes dos Videojogos ...</title>
  <snippet>
    <s>As conferências realizam-se anualmente onde o encontro e a promoção da investigação e a O NOSSO SALAO DE FESTAS É O ESTADIO DA LUZ os prazos estão a chegar ao fim: submissão de full papers até dia 1 de Outubro e </s>
  </snippet>
  <text>
    <s>Mantenha-me conectado</s>
    <s>Esqueceu sua senha?</s>
    <s>Cadastre-seNo Facebook você pode se conectar e compartilhar o que quiser com quem é importante em sua vida.</s>
    <s>Facebook © 2011 · Português (Brasil)</s>
    <s>Celular · Localizar amigos · Atalhos · Pessoas · Páginas · Sobre · Anúncios · Crie uma página · Desenvolvedores · Carreiras · Privacidade · Termos · Ajuda</s>
  </text>
</page>
