<?xml version="1.0" encoding="UTF-8"?>
<!DOCTYPE page SYSTEM "page.dtd">
<page>
  <lang>pt</lang>
  <url>http://www.usjt.br/cursos/lacce/letras/modelo_traducao.php</url>
  <title>Escritório Modelo de Tradução - Universidade São Judas Tadeu</title>
  <snippet>
    <s>Trabalhar em escritórios de tradução como conferente, revisor e tradutor. Atuar como intérprete em eventos, palestras e conferências ou em outras situações </s>
  </snippet>
  <text>
    <s>LETRAS | Habilita em PortuguIngl | Habilita em Tradutor e Intrete | Faculdade de Letras, Artes, Comunicaçao e Ciencias da Educaçao</s>
    <s>Como Ingressar</s>
    <s>O Curso</s>
    <s>Corpo Docente</s>
    <s>Profissao e Mercado</s>
    <s>Arquivo de Notas</s>
    <s>Atividades de Extensao</s>
    <s>Biblioteca USJT</s>
    <s>Calendario Escolar 2011</s>
    <s>Curriculo do Curso</s>
    <s>Cursos de Extensao</s>
    <s>Cursos de Pos-Graduaçao</s>
    <s>Diferenciais do Curso</s>
    <s>Enade 2008</s>
    <s>Escritorio Modelo de Traduçao</s>
    <s>Learning Center Magazine</s>
    <s>Outras Bibliotecas</s>
    <s>Particularidades do Curso</s>
    <s>Pratica Educacional</s>
    <s>Sites dos Cursos</s>
    <s>Como Chegar</s>
    <s>Unidade Mooca</s>
    <s>Unidade Butanta</s>
    <s>ESCRITIO MODELO DE TRADUO DO CURSO DE LETRAS</s>
    <s>Quem Somos</s>
    <s>O Escritorio Modelo Traduçao presta de serviços gratuitos de traduçao nos pares linguisticos ingles-portugues e portugues-ingles para as comunidades interna e externa da Universidade Sao Judas Tadeu oferecendo aprendizado pratico ao discente de Letras - Bacharelado, Licenciatura e Habilitaçao em Tradutor e Interprete e de Tradutor e Interprete.</s>
    <s>Localizaçao: Piso Intermediario sala I05C</s>
    <s>Tel: 2799-1374</s>
    <s>Horarios: de 2ª a 6ª feira, das 17h as 19h00</s>
    <s>E-mail: escritoriotraducao@usjt.br.</s>
    <s>A equipe:</s>
    <s>Profa. Nivia Marcello - coordenadora do Escritorio Modelo de Traduçao e docente de Letras - Bacharelado, Licenciatura e Habilitaçao em Tradutor e Interprete - e de Tradutor e Interprete.</s>
    <s>Cristiane Pereira de Araujo - discente do curso de Tradutor e Interprete</s>
    <s>Viviani Hellwald Barini - discente do curso de Tradutor e Interprete</s>
    <s>Regulamento e Relatorio das Atividades do Escritorio</s>
    <s>!pdf Regulamento</s>
    <s>!pdf Relatorio das Atividades do Escritorio</s>
    <s>Mande sua solicita</s>
    <s>Para solicitar nossos servi, envie o material ou documentos digitalizados para o e-mail: escritoriotraducao@usjt.br, com as seguintes informaçoes: **Nome completo*, Turma*, E-mail*, Telefone e o arquivo digitalizado em anexo.*</s>
    <s>dados obrigatorios.</s>
    <s>As solicitas a partir de material impresso deverser entregues monitoras no horo de funcionamento do Escrit.</s>
    <s>Dicas de Palavras</s>
    <s>1. AWESOME (impressionante; legal; da hora; animal)</s>
    <s>Your new car is awesome!</s>
    <s>-&gt; palavra começou a ser usada nos anos 90 com a popularidade do desenho As Tartarugas Ninjas. Os personagens usavam muito &quot;awesome&quot; para denominar coisas animais.</s>
    <s>2. TO CRASH (entrar numa festa ou evento sem convite; dar uma de penetra)</s>
    <s>They tried to crash the party, but couldn't get in .</s>
    <s>-&gt; penetra = gatecrash</s>
    <s>SCHOLES, JACK. Girias Atuais do Ingles . Sao Paulo: Disal, 2010.</s>
    <s>Esse livro faz parte do acervo da Biblioteca da USJT &quot;Profa. Alzira Altenfelder Mesquita&quot;.</s>
    <s>NÚMERO DE CHAMADA POR BIBLIOTECA</s>
    <s>Biblioteca Central: 427.03 S368s</s>
    <s>• Ir para Biblioteca</s>
    <s>Dicas de Palavras - Links Anteriores</s>
    <s>!DOC Eventually</s>
    <s>Mercado de trabalho</s>
    <s>PERGUNTA: Onde o bacharel em Traduçao e Interpretaçao pode trabalhar?</s>
    <s>Escritorio de Traduçao: Considerando o fato de Sao Paulo, capital, ser importante polo industrial, comercial e de serviços para os quais ha diferentes niveis de relaçoes internacionais, o bacharel em Traduçao e em Interpretaçao da Universidade Sao Judas Tadeu e um profissional capacitado a:</s>
    <s>• Trabalhar com traduçao de textos escritos e audiovisuais.</s>
    <s>• Trabalhar em escritorios de traduçao como conferente, revisor e tradutor.</s>
    <s>• Trabalhar como tradutor de obras literarias, tecnicas, cientificas, didaticas entre outras.</s>
    <s>• Atuar como interprete em eventos, palestras e conferencias ou em outras situaçoes em que se faça necessaria a atuaçao de um interprete.</s>
    <s>• Trabalhar em entidades publicas, privadas e associaçoes empresariais que operem nas relaçoes internacionais.</s>
    <s>Portifolio de Trabalho de Alunos</s>
    <s>1) Traduçao de website</s>
    <s>Os usuarios de computador trabalham com programas cujas informaçoes e instruçoes estao em portugues, embora a maioria desses programas nao tenha sido criada no Brasil. Esse trabalho de traduçao da interface do software para o usuario faz parte de um processo chamado de localizaçao de software que, grosso modo, adapta um produto ao mercado local. Da mesma forma, empresas multinacionais adaptam a interface de seus websites e conteudos eletronicos para a lingua e cultura de cada pais.</s>
    <s>Visando a formaçao dos alunos, os alunos do quarto ano do Curso de Tradutor e Interprete fazem a traduçao para o portugues de um website internacional para atender as exigencias da disciplina Traduçao Comentada 3 - Ingles, ministrada pela Profa. Nivia Marcello.</s>
    <s>2) Glossario</s>
    <s>Os alunos do Curso de Tradutor e Interprete elaboram um glossario sobre textos tecnico-cientificos como parte do Estagio Supervisionado do Curso.</s>
    <s>!DOCGlossario de TI</s>
    <s>!XLSGlossario de RH</s>
    <s>Cat Tools</s>
    <s>O mercado de tradu no Brasil exige que o tradutor trabalhe com ferramentas de auxo radu. Essas ferramentas, conhecidas como CAT Tools (Computer Aided Translation Tools), facilitam a tradu, possibilitam a cria de uma base de dados e glossos e aumentam a produtividade do tradutor. Dentre essas ferramentas, destaca-se o Wordfast que m programa de mem de tradu bastante conhecido e fl de usar. Ele istribu gratuitamente para projetos de at00 segmentos. O Escrit de Tradu disponibiliza a apostila traduzida por Flo Steffen.</s>
    <s>!PDFApostila de WORDFAST</s>
    <s>INFOGRICO DIGITAL DA UNIDADE MOOCA | PROUNI | CAPES | PROGRAMA ESCOLA DA FAMIA | FIES | CIPA | TRABALHE CONOSCO</s>
    <s>Unidade Mooca - R. Taquari, 546 - Mooca - SPaulo/SP - CEP 03166-000 | Unidade Butant Av. Vital Brasil, 1000 - Butant SPaulo/SP - CEP 05503-001</s>
    <s>(C) 2000 / 2011 Universidade SJudas Tadeu</s>
  </text>
</page>
