<?xml version="1.0" encoding="UTF-8"?>
<!DOCTYPE page SYSTEM "page.dtd">
<page>
  <lang>pt</lang>
  <url>http://www.ilo.org/public/portugue/region/eurpro/lisbon/html/portugal_newslet_10_pt.htm</url>
  <title>Dezembro - OIT</title>
  <snippet>
    <s>Visita da Ministra do Emprego de Cabo Verde ao Escritório da OIT em Lisboa Os principais temas debatidos neste encontro centraram-se nas áreas do Emprego, A Conferência reuniu mais de 200 participantes, especialistas do mundo . seu contributo para reflexão - «Movimento cooperativo - actor activo em prol do </s>
  </snippet>
  <text>
    <s>!OIT Logo</s>
    <s>Inicio | Mapa do Sitio | Contactos | Sala de Imprensa | Visita Guiada</s>
    <s>Lisboa, 15 de Dezembro de 2010</s>
    <s>OIT LISBOA</s>
    <s>Perfil do Escritorio</s>
    <s>Eixos de Intervençao</s>
    <s>Equipa Actual</s>
    <s>Anteriores Membros da Equipa</s>
    <s>Informaçao e Publicaçoes em Lingua Portuguesa</s>
    <s>Centro de Documentaçao e Informaçao</s>
    <s>Pesquisa Bibliografica</s>
    <s>Catalogo de Publicaçoes</s>
    <s>Publicaçoes por Titulo</s>
    <s>Convençoes OIT</s>
    <s>Convençoes por tema</s>
    <s>Convençoes por numero</s>
    <s>Programas e Projectos</s>
    <s>Em Portugal</s>
    <s>Programas e Projectos em curso</s>
    <s>No ambito da CPLP</s>
    <s>Programas e Projectos em curso</s>
    <s>Relaçoes OIT / Portugal</s>
    <s>Historia e Acordos</s>
    <s>Delegaçoes a Conferencia</s>
    <s>Projecto Memoria Futura</s>
    <s>Relaçoes OIT / CPLP</s>
    <s>Lingua Portuguesa na OIT</s>
    <s>Escritorios e Parceiros</s>
    <s>Escritorios que abrangem Estados-membros da CPLP</s>
    <s>Parceiros Sociais nos paises da CPLP</s>
    <s>Delegaçoes a Conferencia</s>
    <s>Formaçao em Turim</s>
    <s>Ligaçoes das Instituiçoes Parceiras</s>
    <s>Inicio »</s>
    <s>NEWSLETTER | Ano 4 | Numero 10 | Dezembro de 2006</s>
    <s>&gt; &gt; Balanço e Perspectivas</s>
    <s>&gt; Conclusoes da VII Reuniao dos Ministros do Trabalho da CPLP em Bissau</s>
    <s>&gt; Visita da Ministra do Emprego de Cabo Verde ao Escritorio da OIT em Lisboa</s>
    <s>&gt; Conclusoes da VII Reuniao dos Ministros do Trabalho da CPLP em Bissau</s>
    <s>CPLP / OIT - Formaçao em Turim no ambito do combate ao Trabalho Infantil</s>
    <s>&gt; Inspecçao do Trabalho da CPLP - Conclusoes da 1ª reuniao do Conselho de Parceiros</s>
    <s>Visita de Estudo de formandos do Centro da OIT em Turim</s>
    <s>Estudo portugues apresentado em Viena</s>
    <s>&gt; Mulheres e Mercado de Trabalho</s>
    <s>&gt; INSCOOP</s>
    <s>TEMA EM FOCO</s>
    <s>&gt; &gt; Tendencias Mundiais do Emprego Juvenil</s>
    <s>NOVAS PUBLICAÇÕES DO BIT EM PORTUGUÊS</s>
    <s>A OIT/LISBOA ESTEVE PRESENTE </s>
    <s>Balanço e Perspectivas</s>
    <s>!boas festas</s>
    <s>2006 foi um ano de confirmaçao do papel do Escritorio em torno daqueles que sao os seus tres eixos estrategicos de intervençao: dialogo politico em prol do «trabalho digno», parcerias tecnicas com instituiçoes nacionais e interface com o mundo de lingua portuguesa.</s>
    <s>Estivemos empenhados em quatro grandes conferencias de dimensao mundial (inclusao social), europeia (trabalho forçado) e CPLP (inspecçao do trabalho e trabalho infantil). Operacionalizamos programas e reforçamos instrumentos de trabalho.</s>
    <s>Cabe aqui um particular destaque para o nosso portal. A nossa aposta numa actualizaçao permanente dum sitio com conteudo e virado para um vasto publico lusofono tem vindo a ser largamente correspondida pelo crescimento ininterrupto do numero de visitas. Ultrapassamos recentemente a barreira das 100 mil buscas/mes.</s>
    <s>Em 2007 daremos continuidade aquelas tres prioridades estrategicas mas cabe aqui destacar tres novos desafios. O primeiro prende-se com uma velha aspiraçao nossa: a de promover a presença da OIT, dos seus valores e dos seus instrumentos, nos curricula das universidades portuguesas.</s>
    <s>O segundo semestre do ano sera tambem seguramente pautado por uma participaçao activa da OIT na reflexao sobre o emprego e a politica social no ambito da Presidencia Portuguesa da Uniao Europeia.</s>
    <s>Finalmente, 2007 sera ainda o ano do Relatorio Global da OIT sobre a nao-discriminaçao e a igualdade de oportunidades, o que dara origem a um leque muito variado de iniciativas.</s>
    <s>Paulo Barcia</s>
    <s>Director do Escritorio da OIT em Lisboa</s>
    <s>Conclusoes da VII Reuniao dos Ministros do Trabalho da CPLP em Bissau</s>
    <s>Decorreu, de 4 a 5 de Setembro, em Bissau, a VII Reuniao dos Ministros do Trabalho e dos Assuntos Sociais da CPLP, na qual esteve presente, a titulo de observador, o Director do Escritorio da OIT em Lisboa.</s>
    <s>Os principais temas debatidos neste encontro centraram-se nas areas do Emprego, Formaçao Profissional e Protecçao Social, com particular incidencia nas questoes relativas ao HIV/SIDA.</s>
    <s>Na Declaraçao final de Bissau, os Estados-Membros da CPLP decidiram, entre outros:</s>
    <s>- recomendar a adopçao do Codigo de Conduta da OIT sobre o HIV/SIDA, de acordo com a realidade de cada pais;</s>
    <s>- adoptar o Acordo de Parceiros incluindo o respectivo documento de Projecto - «A Cooperaçao na area da Inspecçao do Trabalho nos Estados-Membros da CPLP»;</s>
    <s>- adoptar o Plano de Acçao sobre o combate a exploraçao do trabalho infantil no mundo de lingua portuguesa.</s>
    <s>Foto: Dr. Fernando Medina (Secretario de Estado do Emprego e da Formaçao Profissional de Portugal) / Dr. Carlos Costa (Ministro da Funçao Publica e Trabalho da Guine Bissau).</s>
    <s>Visita da Ministra do Emprego de Cabo Verde ao Escritorio da OIT em Lisboa</s>
    <s>A Ministra Adjunta do Primeiro Ministro e da Qualificaçao e Emprego de Cabo Verde, Dra. Sara Lopes, visitou o Escritorio da OIT em Lisboa, no passado dia 14 de Novembro. Na reuniao com a Equipa do Escritorio, foram equacionadas varias formas de colaboraçao na area do emprego e qualificaçao.</s>
    <s>Conferencia Mundial &quot;Protecçao Social e Inclusao: convergencia de esforços numa perspectiva global&quot;</s>
    <s>Realizou-se em Lisboa, nos dias 2 e 3 de Outubro de 2006 uma Conferencia Mundial sobre «Protecçao Social e Inclusao: convergencia de esforços numa perspectiva global», iniciativa conjunta do BIT, do Governo de Portugal e da Comissao Europeia.</s>
    <s>A Conferencia reuniu mais de 200 participantes, especialistas do mundo academico, personalidades politicas e activistas no combate a exclusao social. Delegaçoes de mais de 50 paises puderam partilhar as suas experiencias no dominio da concepçao e aplicaçao de politicas, estrategias e instrumentos de protecçao e inclusao social. O BIT fez-se representar atraves de dois dos seus Directores Executivos - Assan Diop, Director para a Protecçao Social e Jose Manuel Salazar, Director para o Emprego.</s>
    <s>A globalizaçao trouxe novas oportunidades de crescimento atraves da expansao global dos mercados, mas revelou-se insuficiente para oferecer a todos um trabalho digno. A pobreza e a exclusao social crescentes constituem uma negaçao dos direitos humanos universais, prejudicando a paz social e, em ultima instancia, o proprio progresso economico.</s>
    <s>Foi este o ponto de partida para a discussao e relato de experiencias bem sucedidas e inovadoras desenvolvidas em varias regioes do mundo.</s>
    <s>Dr. Vieira da Silva,</s>
    <s>Ministro do Trabalho</s>
    <s>e da Solidariedade Social</s>
    <s>Margarida Farran (Directora do Programa PROPOLI-Peru)</s>
    <s>e Jose manuel Salazar (Director Executivo do BIT)</s>
    <s>Tres paineis de discussao centraram a reflexao a volta dos seguintes temas:</s>
    <s>- modernizar a assistencia social para promover a inclusao social;</s>
    <s>- abordagens economicas e sociais integradas para combater a exclusao social a nivel local;</s>
    <s>- promover o acesso de grupos vulneraveis a serviços sociais cobrindo necessidades basicas.</s>
    <s>No primeiro painel foram referidos mecanismos de assistencia social que favorecem a inclusao social, entre outros, novos programas de transferencias condicionais de rendimento e as alteraçoes em curso nos mecanismos de rendimento minimo e nas pensoes sociais.</s>
    <s>O segundo painel centrou-se nos beneficios da integraçao das estrategias sociais e economicas ilustrados atraves da apresentaçao de iniciativas que combinam, a nivel local, a criaçao de emprego e de rendimento e a protecçao social.</s>
    <s>No terceiro painel foram abordados casos que ilustram situaçoes de exclusao ao nivel do acesso a serviços sociais e as respostas inovadoras que permitiram melhorar a sua acessibilidade por parte dos grupos mais vulneraveis.</s>
    <s>Foi ainda dado particular destaque as vantagens dos sistemas que favorecem uma maior representaçao dos trabalhadores, nomeadamente daqueles que trabalham no sector informal.</s>
    <s>Dra Idalia Moniz, Secretaria de Estado</s>
    <s>Adjunta e da Reabilitaçao e</s>
    <s>Eng. Francisco Van-Zeller, Presidente da CIP</s>
    <s>Os organizadores da Conferencia divulgaram uma Declaraçao Final da qual destacamos os seguintes pontos:</s>
    <s>- as prestaçoes sociais sao instrumentos potencialmente poderosos para uma directa e rapida reduçao da pobreza no mundo;</s>
    <s>- o impacto das prestaçoes sociais na reduçao da pobreza e na inclusao social e reforçado quando intimamente articuladas com medidas que asseguram um melhor acesso aos serviços sociais basicos e a politicas de emprego;</s>
    <s>- as iniciativas a nivel local, conjugadas com estrategias economicas e sociais a nivel nacional e desenvolvidas num processo de dialogo social, contribuem para a eficacia das politicas sociais de combate a pobreza e a exclusao social.</s>
    <s>Para mais informaçao sobre as apresentaçoes e conclusoes ver:</s>
    <s>À margem dos trabalhos da Conferencia, Portugal, atraves do Ministro do Trabalho e da Solidariedade Social - Dr. Vieira da Silva e o BIT, atraves do seu Director Executivo para a Protecçao Social - Sr. Assan Diop, firmaram o Projecto da fase III do Programa STEP/Portugal. Trata-se da continuaçao de um programa de combate a exclusao social, financiado pelo governo portugues, e que tem como principais beneficiarios os PALOP.</s>
    <s>CPLP / OIT - Formaçao em Turim no ambito do combate ao Trabalho Infantil</s>
    <s>O IPEC, o Centro de Formaçao da OIT em Turim e os Escritorios da OIT de Brasilia e Lisboa, com o apoio dos governos do Brasil e de Portugal, organizam uma formaçao no ambito do «Combate ao trabalho infantil nos paises de lingua portuguesa». Esta iniciativa, a ter lugar entre 11 e 15 de Dezembro, enquadra-se no Plano de Acçao aprovado na Conferencia de Lisboa e adoptado na Guine-Bissau, durante a VII Reuniao dos Ministros do Trabalho e dos Assuntos Sociais da CPLP.</s>
    <s>Inspecçao do Trabalho da CPLP - Conclusoes da 1ª reuniao do Conselho de Parceiros</s>
    <s>Fotos relativas ao Seminario, a 1ª Reuniao do Conselho</s>
    <s>de Parceiros e a visita as instalaçoes da Inspecçao do</s>
    <s>Trabalho da Guine-Bissau</s>
    <s>A primeira reuniao do Conselho de Parceiros, no ambito da Cooperaçao na area da Inspecçao do Trabalho nos Estados- Membros da CPLP, teve lugar no dia 31 de Agosto em Bissau.</s>
    <s>Neste encontro foi aprovado o Documento de Projecto previsto no Acordo assinado em Santa Maria da Feira. O Documento reflecte as necessidades sentidas pelos paises beneficiarios: reforço institucional, informaçao e trabalho em rede e formaçao e desenvolvimento de competencias.</s>
    <s>Nos dias que antecederam a reuniao, tiveram lugar o Seminario «O quadro estatutario da Inspecçao do Trabalho» e uma visita as instalaçoes da Inspecçao do Trabalho do Ministerio da Funçao Publica e Trabalho da Guine-Bissau.</s>
    <s>Visita de Estudo de formandos do Centro da OIT em Turim</s>
    <s>Uma delegaçao de Gestores de Recursos Humanos e de Representantes Sindicais da Administraçao Publica dos PALOP e do Brasil, integrados no curso de formaçao do Centro de Turim - «Gestao da Reforma da Administraçao Publica», esteve em Portugal na semana de 3 a 8 de Setembro. O grupo visitou diversas instituiçoes e organismos da Administraçao Publica em Portugal com vista a conhecer a experiencia portuguesa naquele dominio.</s>
    <s>O Escritorio da OIT em Lisboa agradece o excelente acolhimento e o importante contributo proporcionado pelas seguintes entidades: Secretaria de Estado da Administraçao Publica, INA, Instituto da Loja do Cidadao, DGAP, UMIC, Camara Municipal de Lisboa e STE.</s>
    <s>Estudo portugues apresentado em Viena</s>
    <s>O estudo portugues realizado por Joao Vasconcelos e Sonia Pereira, no ambito do projecto da OIT «Capacity building to combat the forced labour outcomes of human trafficking», cujo seminario de encerramento decorreu em Lisboa em Junho, foi escolhido para ser apresentado numa conferencia em Viena, organizada pela Organizaçao para a Cooperaçao e Segurança na Europa (OSCE), a 16 e 17 de Novembro.</s>
    <s>Mulheres e Mercado de Trabalho</s>
    <s>França, Malta e Portugal discutem, no dia 14 de Dezembro, a participaçao das mulheres no mercado de trabalho a partir de tres experiencias que estao a ser desenvolvidas no quadro da Iniciativa Comunitaria EQUAL.</s>
    <s>A proposito do VII Encontro Cooperativo dos Povos de Lingua Portuguesa, em Luanda, nos dias 26 e 27 de Outubro, o Escritorio preparou, em conjunto com o INSCOOP, a ediçao em lingua portuguesa da Recomendaçao da OIT sobre a Promoçao das Cooperativas. O Escritorio da OIT em Lisboa enviou ainda o seu contributo para reflexao - «Movimento cooperativo - actor activo em prol do trabalho digno e de uma globalizaçao justa».</s>
    <s>TEMA EM FOCO</s>
    <s>Tendencias Mundiais do Emprego Juvenil</s>
    <s>Entre 1995 e 2005 o numero de jovens desempregados aumentou de 74 para 85 milhoes, traduzindo-se num crescimento de 14,8%. A taxa de desemprego juvenil mais elevada foi registada no Sudeste Asiatico, na África Subsariana e na America Latina. Sao estes os dados do novo estudo da OIT, que revelam ainda que</s>
    <s>cerca de 25% da populaçao juvenil vive com menos de dois euros por dia.</s>
    <s>Segundo o relatorio, o numero de jovens desempregados representa quase metade da totalidade das pessoas sem trabalho. A probabilidade de um jovem ficar sem trabalho e tres vezes maior quando comparada com um adulto.</s>
    <s>o Director-Geral da OIT sauda a criaçao da nova Confederaçao Sindical Internacional, que favorecera a «concretizaçao de um novo contrato social global, que todos desejamos».</s>
    <s>o CDI do Escritorio iniciou em Junho o processo de introduçao de exemplares no Labordoc (base bibliografica da OIT).</s>
    <s>a OIT, atraves do seu Instituto Internacional de Estudos Sociais, lança pela primeira vez um Premio destinado a distinguir a investigaçao no dominio do trabalho digno. A apresentaçao de candidaturas devera ser efectuada ate 31 de Dezembro de 2006. Para mais informaçoes, consulte www.ilo.org/lisbon</s>
    <s>a medica Margaret Chan, de nacionalidade chinesa, e a nova Directora-Geral da OMS. Na tomada de posse afirmou uma clara prioridade a favor da saude do povo africano e das mulheres.</s>
    <s>NOVAS PUBLICAÇÕES DO BIT EM LÍNGUA PORTUGUESA</s>
    <s>Inspecçao do Trabalho: um guia da profissao</s>
    <s>Inspecçao do Trabalho: um guia da profissao</s>
    <s>IGT/Portugal e Escritorio da OIT em Lisboa, 2006,</s>
    <s>ISBN 978-972-32-1429-1</s>
    <s>O Escritorio e a IGT/Portugal promoveram a ediçao em portugues do livro «Inspecçao do Trabalho: um guia da profissao» de Wolfgang von Richthofen. Esta publicaçao constitui uma obra de referencia para as inspecçoes do trabalho. Traduzida em 12 linguas, encontra-se disponivel na rede nacional livreira, numa</s>
    <s>ediçao da Coimbra Editora.</s>
    <s>Recomendaçao sobre a Promoçao das cooperativas, R193 (2002)</s>
    <s>INSCOOP e Escritorio da OIT em Lisboa, 2006,</s>
    <s>ISBN 978-972-99783-6-4</s>
    <s>Esta ediçao conjunta com o INSCOOP, traduz-se num guia de politicas e praticas facilitadoras do desenvolvimento do cooperativismo, nomeadamente atraves do reforço das legislaçoes nacionais, com o objectivo de contribuir para a luta contra a pobreza. Face aos novos desafios impostos pelo processo de</s>
    <s>globalizaçao, as cooperativas desempenham no mundo de hoje, um papel inestimavel no combate por um trabalho digno e por uma globalizaçao justa.</s>
    <s>A OIT/LISBOA ESTEVE PRESENTE </s>
    <s>Durante o ultimo trimestre, o Escritorio da OIT em Lisboa interveio, organizou ou participou em varias iniciativas. Destacamos (para alem do ja relatado noutros espaços desta Newsletter):</s>
    <s>Sessao de formaçao no quadro do «Percurso Lusofono», organizado pelo STEP e pelo CIARIS, entre 4 e 8 de Setembro;</s>
    <s>Apresentaçao publica do Relatorio do FNUAP «Passagem para a esperança. Mulheres e Migraçoes Internacionais», organizada pela Secretaria de Estado dos Negocios Estrangeiros e da Cooperaçao e pela APF, a 6 de Setembro;</s>
    <s>sessao na Comissao Justiça e Paz sobre a Dimensao Social da Globalizaçao, a 13 de Setembro;</s>
    <s>formaçao inicial sobre Igualdade de Genero, organizada pela CIDM a 25 de Setembro;</s>
    <s>audiçao publica no Parlamento sobre Trabalho Forçado, organizada pela Sub Comissao para a Igualdade de Oportunidades, a 26 de Setembro;</s>
    <s>seminario sobre o Quadro Estatutario das Inspecçoes do Trabalho, em Bissau, de 28 a 30 de Setembro;</s>
    <s>seminario «A reintegraçao socio-profissional da pessoa com deficiencia adquirida por acidente de trabalho», organizado pela Associaçao Nacional dos Deficientes Sinistrados no Trabalho, a 29 de Setembro;</s>
    <s>lançamento da publicaçao «Inspecçao do Trabalho - um Guia para a Profissao», organizada conjuntamente com a IGT, a 4 de Outubro;</s>
    <s>conferencia internacional sobre trafico de seres humanos em Portugal, organizada pela Associaçao Nacional de ex Voluntarios Europeus, a 9 de Outubro;</s>
    <s>ciclo de Cinema sobre Segurança e Higiene no Trabalho, organizado com apoio do ISHST, Viseu, a 24 de Outubro;</s>
    <s>seminario Final do Projecto MULTIPLICAR - Strategies, Tools and Actors, organizado pela Rede Europeia Anti Pobreza/Portugal (REAPN), a 27 de Outubro, no Porto;</s>
    <s>seminario sobre «Qualificaçao e Mobilidade das Pessoas Portadoras de Deficiencia», organizada pela APD a 13 de Novembro;</s>
    <s>comissao do Premio &quot;Igualdade e Qualidade&quot;, organizada pela CITE, a 17 de Novembro;</s>
    <s>III Forum Internacional Criteos, painel sobre Flexibilidade e Competitividade, organizado pelo ISCTE, a 24 de Novembro.</s>
    <s>OIT INTERNACIONAL</s>
    <s>!decent work</s>
    <s>Rua Viriato, 7 -- 7º e 8º Andar, 1050-233 Lisboa (Portugal)</s>
    <s>Tel.: 00 351 21 317 34 40 /9 | Fax: 00 351 21 314 01 49</s>
    <s>[Inicio | Mapa do Site | Contactos ]</s>
    <s>Copyright (C) 1996-2008 Organizaçao Internacional do Trabalho (OIT)</s>
    <s>Isento de Responsabilidade</s>
  </text>
</page>
