<?xml version="1.0" encoding="UTF-8"?>
<!DOCTYPE page SYSTEM "page.dtd">
<page>
  <lang>pt</lang>
  <url>http://www.brasilautogestionario.org/bancos-comunitarios/brasil-itas-sabias-e-feiticeiros-substituem-moeda-nacional-e-ajudam-comunidades-pobres/</url>
  <title>Brasil Autogestionário | Itas, sabiás e feiticeiros substituem moeda ...</title>
  <snippet>
    <s>11 abr. 2009 “A gente recebe a moeda normalmente e troca no banco Tremembé – uma ita por um real. De acordo com o coordenador-geral do projecto de bancos .. Iª Conferência Nacional de Economia Solidária da Cultura (1) </s>
  </snippet>
  <text>
    <s>Um blog sobre autogestão e revolução.</s>
    <s>Brasil Autogestionário</s>
    <s>Itas, sabiás e feiticeiros substituem moeda nacional e ajudam comunidades pobres.</s>
    <s>Posted on April 11, 2009 by luciouberdan</s>
    <s>Por Carla Mendes, da Agência Lusa.</s>
    <s>Ita significa pedra em tupi-guarani, mas na aldeia dos índios Tremembé, que ajudaram os portugueses a expulsar os holandeses do Estado do Ceará no século XVI, ita também é o nome de uma moeda que tem trazido muitos benefícios para a comunidade.</s>
    <s>A ita é utilizada para comprar mercadorias, contratar serviços e alavancar os empreendimentos solidários, com validade apenas na área de actuação do Banco de Tremembé, um dos 44 bancos comunitários que existem hoje no Brasil.</s>
    <s>&quot;Em Maio a gente comemora um ano que a ita circula na nossa localidade e este projecto já amparou muita gente pobre e está ajudando a desenvolver toda a nossa aldeia, porque o dinheiro fica na nossa comunidade, não vai para fora&quot;, disse à Lusa o cacique Tremembé João Venâncio, 54 anos.</s>
    <s>O cacique contou que muitos indígenas usam a ita para comprar alimentos, gás e outros produtos e que tem crescido o número de pessoas beneficiadas com empréstimos do Banco de Tremembé.</s>
    <s>&quot;Mudou a vida da nossa comunidade, amenizou muitas carências. Agora uma pessoa tem a chance de pedir empréstimo para melhorar a sua lavoura e quase não paga juros. É muito genial. Foi uma coisa que veio do céu mesmo&quot;, afirmou Venâncio.</s>
    <s>O líder indígena lembrou que o Banco de Tremembé atende também não-índios, como pequenos comerciantes da região.</s>
    <s>É o caso de Lúcia Rosa dos Santos, 51 anos, dona de uma pousada e de um restaurante em Almofala, vilarejo do município de Itarema, a cerca de 250 quilómetros da capital Fortaleza.</s>
    <s>&quot;A gente recebe a moeda normalmente e troca no banco Tremembé - uma ita por um real. E tem dado certo, porque está havendo mais dinheiro na nossa comunidade&quot;, disse Lúcia Rosa à Lusa.</s>
    <s>De acordo com o coordenador-geral do projecto de bancos comunitários do Ministério do Trabalho e Emprego, Haroldo Mendonça, a experiência que atinge sete estados brasileiros surgiu há 11 anos no bairro Palmeiras, na periferia de Fortaleza, com a criação de uma moeda local, a palma.</s>
    <s>O sucesso do projecto levou o Governo Lula a difundir, a partir de 2005, a metodologia dos bancos comunitários, uma ferramenta eficaz de desenvolvimento local.</s>
    <s>&quot;Os bancos comunitários não visam ao lucro e funcionam como um muro para o dinheiro não sair da comunidade. Por detrás desta iniciativa, há a intenção de realizar o desenvolvimento local e recuperar a economia de comunidades empobrecidas. É muito mais que a experiência de Bangladesh de microcréditos&quot;, destacou Mendonça à Lusa.</s>
    <s>Hoje são muitas as chamadas moedas sociais a circular no Brasil. Além da ita, há a castanha, a paz, o sabiá, o guará, o girassol, o cocal, o feiticeiro, entre outras - todas com cotação oficial idêntica à da moeda brasileira.</s>
    <s>Segundo o coordenador-geral do projecto, os bancos comunitários movimentaram nos últimos dois anos cerca de 1,2 milhões de reais (400 mil euros) e o índice de inadimplência não ultrapassa dois por cento, quatro vezes menor do que a taxa do mercado financeiro convencional.</s>
    <s>&quot;Existe uma fiscalização dentro da própria comunidade, que é a dona do negócio. A fofoca é o instrumento mais eficiente neste caso. Os vizinhos ajudam o agente de crédito do banco a conceder o aval para os empréstimos&quot;, explicou Haroldo Mendonça.</s>
    <s>Cada banco comunitário, conta na criação com a parceria do Banco do Brasil, que empresta 30 mil reais (10 mil euros) a juros muito baixos.</s>
    <s>Recebe também o apoio do Ministério do Trabalho e Emprego (MTE), que capacita lideranças locais e realiza encontros com empreendedores das comunidades.</s>
    <s>A intenção do Governo brasileiro é criar mais 150 bancos comunitários até ao final de 2010 e quadruplicar a circulação das moedas alternativas no país.</s>
    <s>Apesar de acompanhadas pelo MTE, as emissões das moedas sociais ainda não são controladas por nenhum órgão oficial.</s>
    <s>Já há, entretanto, um projecto a tramitar no Congresso Nacional que institui mecanismos de controlo para os bancos comunitários.</s>
    <s>A previsão é de que o projecto parlamentar seja votado dentro de um ano.</s>
    <s>Se gostou acima, leia mais abaixo:</s>
    <s>Carta da Rede de Bancos Comunitários.</s>
    <s>Alcântara/MA opera com moeda própria.</s>
    <s>Moedas sociais crescem e fortalecem economias locais em todo o país.</s>
    <s>Banco Palmas na TV Brasil (Economia Solidária RS/Post 197)</s>
    <s>Bancos Comunitários querem Poupança Própria.</s>
    <s>São Leopoldo prepara banco comunitário (Economia Solidária RS/Post 402)</s>
    <s>Como criar uma moeda social e um Banco Comunitário (Akatu)</s>
    <s>&quot;CoberturaFSM2009″ Fórum Social Mundial terá moeda de circulação própria (Economia Solidária RS/Post 186)</s>
    <s>Inaugurado o Banco Casa do Sol-Cairu-BA.</s>
    <s>Inadimplência de 10% não é problema para o Banco Bem.</s>
    <s>Tags: Agência Lusa, Bancos Comunitários, Brasil, Moedas Sociais, Portugual</s>
    <s>Category Bancos Comunitários, Desenvolvimento Local Sustentável, Economia Solidária, Moedas Sociais, Políticas Públicas, SENAES/MTE</s>
    <s>Trackback: trackback from your own site.</s>
    <s>Leave a Reply</s>
    <s>Click here to cancel reply.</s>
    <s>Mail (will not be published)</s>
    <s>&lt;- ZH mergulha de vez no gênero “panfleto político”.</s>
    <s>CTMC permanece em Canoas. -&gt;</s>
    <s>Um blog sobre Autogestão no trabalho.</s>
    <s>Stats: 2,420 Posts, 1,355 Comments</s>
    <s>Recent Posts</s>
    <s>10 - 15</s>
    <s>Assim como Prometeu, acampamento 15opoa tem a tecnologia como apoio dos seres humanos globalchange</s>
    <s>10 - 15</s>
    <s>Duas mil pessoas saem às ruas por democracia real em Porto Alegre 15oPoa 15o</s>
    <s>10 - 15</s>
    <s>Blog Retransmitindo ao vivo o 15opoa 15oct GlobalChange em Porto Alegre</s>
    <s>10 - 15</s>
    <s>Chamada Internacional: 15 de outubro – Unidos por uma mudança global 15opoa</s>
    <s>10 - 15</s>
    <s>15opoa 15oct GlobalChange terá transmissão on-line ao vivo.</s>
    <s>10 - 15</s>
    <s>15 de outubro: Porto Alegre por Mudanças Globais 15opoa 15oct GlobalChange</s>
    <s>10 - 05</s>
    <s>150 trabalhadores das obras da Arena do Grêmio pedem demissão.</s>
    <s>09 - 30</s>
    <s>O Mamute está livre</s>
    <s>09 - 25</s>
    <s>Rio Grande do Sul: Economia Solidária quer fatia da copa do mundo 2014</s>
    <s>09 - 24</s>
    <s>Governo @tarsogenro apresenta a cadeia binacional solidária do PET na Argentina</s>
    <s>Esta obra de http://www.brasilautogestionario.org/, foi licenciada com uma Licença Creative Commons - Atribuição - Uso Não Comercial - Partilha nos Mesmos Termos 3.0 Não Adaptada.</s>
    <s>Campanha Banda Larga</s>
    <s>October 2011</s>
    <s>M T W T F S S</s>
    <s>« Sep</s>
    <s>Inscreva-se: Digite o seu email</s>
    <s>Delivered by FeedBurner</s>
    <s>Pessoas on-line agora</s>
    <s>Log in</s>
    <s>Entries RSS</s>
    <s>Comments RSS</s>
    <s>October 2011 (7)</s>
    <s>September 2011 (13)</s>
    <s>August 2011 (5)</s>
    <s>July 2011 (6)</s>
    <s>June 2011 (10)</s>
    <s>May 2011 (8)</s>
    <s>April 2011 (13)</s>
    <s>March 2011 (1)</s>
    <s>February 2011 (10)</s>
    <s>January 2011 (32)</s>
    <s>December 2010 (50)</s>
    <s>November 2010 (48)</s>
    <s>October 2010 (20)</s>
    <s>September 2010 (36)</s>
    <s>August 2010 (37)</s>
    <s>July 2010 (42)</s>
    <s>June 2010 (66)</s>
    <s>May 2010 (55)</s>
    <s>April 2010 (91)</s>
    <s>March 2010 (110)</s>
    <s>February 2010 (61)</s>
    <s>January 2010 (86)</s>
    <s>December 2009 (108)</s>
    <s>November 2009 (118)</s>
    <s>October 2009 (130)</s>
    <s>September 2009 (149)</s>
    <s>August 2009 (131)</s>
    <s>July 2009 (106)</s>
    <s>June 2009 (139)</s>
    <s>May 2009 (167)</s>
    <s>April 2009 (127)</s>
    <s>March 2009 (128)</s>
    <s>February 2009 (106)</s>
    <s>January 2009 (112)</s>
    <s>December 2008 (66)</s>
    <s>November 2008 (26)</s>
    <s>Mario on Blog Retransmitindo ao vivo o 15opoa 15oct GlobalChange em Porto Alegre</s>
    <s>Estudante UFRB on Apresentação</s>
    <s>Sartori on Apresentação</s>
    <s>Paulo Carvalho on Aposentadoria para donas de casa com contribuição de R$ 27,25/mês sai em outubro.</s>
    <s>Anonymous on MTE atualiza a lista do sistema escravocrata e dos contemporâneos &quot;senhores de engenho&quot;</s>
    <s>elizabety on Aposentadoria para donas de casa com contribuição de R$ 27,25/mês sai em outubro.</s>
    <s>maria josé moraes dos santos on Aposentadoria para donas de casa com contribuição de R$ 27,25/mês sai em outubro.</s>
    <s>Wellington Pinheiro on &quot;Uma resposta contra o racismo&quot; Prof. Kabengele Munanga.</s>
    <s>Renata Benfica on Mulheres da Cidade de Deus inventam moda e acessórios sustentáveis</s>
    <s>Solange on Aposentadoria para donas de casa com contribuição de R$ 27,25/mês sai em outubro.</s>
    <s>Brasil Autogestionário | Governo @tarsogenro apresenta a cadeia … | Info Brasil on Governo @tarsogenro apresenta a cadeia binacional solidária do PET na Argentina</s>
    <s>Brasil Autogestionário | Hoje Forum10: A primeira festa-debate … | Info Brasil on Hoje Forum10: A primeira festa-debate com shows, cerveja e transmissão ao vivo</s>
    <s>Lucio Uberdan on Feiras de Economia Solidária poderão perder seu espaço no Glênio Peres.</s>
    <s>Segetto on Pesquisa Ibope Eleições 2012 em Porto Alegre, de decidido apenas a irrelevância da direita</s>
    <s>Bruna on &quot;Nesse dia&quot; 11 de setembro de 1973, Salvador Allende era assassinado.</s>
    <s>A) Tags-especiais</s>
    <s>Cobertura FSM2009</s>
    <s>Sábados Lúdicos</s>
    <s>Trocando Páginas</s>
    <s>B) Boa Informação</s>
    <s>Agência Brasil</s>
    <s>Agência Chasque</s>
    <s>Antonio Cattani</s>
    <s>Blog do Gilmar da Rosa</s>
    <s>Blog do Iran Pas</s>
    <s>Café e Aspirina</s>
    <s>Cine Bancários</s>
    <s>Cloaca News</s>
    <s>Diário Gauche</s>
    <s>Humanitas Unisinos</s>
    <s>Muda Mundo</s>
    <s>Observatorio da Imprensa</s>
    <s>Ofensiva Contra o Machismo</s>
    <s>Outras Palavras</s>
    <s>Passa Palavra</s>
    <s>Rádio Com</s>
    <s>Revista Fórum</s>
    <s>Somos Andando</s>
    <s>Teia Livre</s>
    <s>C) EcoSol</s>
    <s>Banco Palmas</s>
    <s>Código Libre</s>
    <s>Coope Ufrj</s>
    <s>Economia Socialista</s>
    <s>ES e Agroenergia</s>
    <s>Espaço Cubo</s>
    <s>Faces do Brasil</s>
    <s>Feira de trocas - Valinhos</s>
    <s>Itcp Fgv</s>
    <s>ITCP Unicamp</s>
    <s>Jornal do MAUSS</s>
    <s>Justa Trama</s>
    <s>Juventude Solidária</s>
    <s>Massa Coletiva</s>
    <s>Produção Economica</s>
    <s>Rede de Trocas Prosol</s>
    <s>Rede Solidaria da Pesca</s>
    <s>Slow Food</s>
    <s>Unisol Brasil</s>
    <s>17ª Feicoop (10)</s>
    <s>1º Encontro de Blogueiros Progressistas (13)</s>
    <s>2ª Conferência Nacional de Economia Solidária (122)</s>
    <s>Abertura do dia. (66)</s>
    <s>ABRAÇO (2)</s>
    <s>Acre (1)</s>
    <s>Afrodescendentes (1)</s>
    <s>Agora é Dilma (5)</s>
    <s>Agricultura Familiar (96)</s>
    <s>Agroecologia (6)</s>
    <s>Agroindústrias (12)</s>
    <s>Agronegócio (24)</s>
    <s>América Latina (70)</s>
    <s>Ambientalismo (41)</s>
    <s>Ambientalistas (19)</s>
    <s>Analine Specht (13)</s>
    <s>Anarquistas (3)</s>
    <s>Anúncios (2)</s>
    <s>Angela Comunal (1)</s>
    <s>Animais (1)</s>
    <s>Antonio Cattani (1)</s>
    <s>Antropologia (3)</s>
    <s>Apresentação (2)</s>
    <s>Argentina (8)</s>
    <s>Arte (5)</s>
    <s>Artesanato (9)</s>
    <s>Artigos (33)</s>
    <s>Assentamentos da Reforma Agrária (5)</s>
    <s>Atividades (1)</s>
    <s>Audiências Públicas (3)</s>
    <s>Autogestão (35)</s>
    <s>Índios (4)</s>
    <s>Bahia (2)</s>
    <s>Bancos Comunitários (28)</s>
    <s>Bem Viver (2)</s>
    <s>Bens Imateriais (1)</s>
    <s>Bicicleta (1)</s>
    <s>BlogProgRS (2)</s>
    <s>Blogues (10)</s>
    <s>Boa literatura (1)</s>
    <s>Bolívia (7)</s>
    <s>Brasil (22)</s>
    <s>Brasil Autogestionário (49)</s>
    <s>Brasil Local (2)</s>
    <s>Buenos Aires (1)</s>
    <s>Cadeia da Reciclagem (19)</s>
    <s>Camara dos Deputados (1)</s>
    <s>Campanha da Fraternidade 2010 CFE Economia e Vida (14)</s>
    <s>Campanhas (4)</s>
    <s>Capitalismo (82)</s>
    <s>Catadores (1)</s>
    <s>Catadores(as) (27)</s>
    <s>Cíntia Barenho (1)</s>
    <s>Ceará (3)</s>
    <s>Centro de Formação em Economia Solidária (14)</s>
    <s>Centros Públicos de Economia Solidária (12)</s>
    <s>Chamada Pública (7)</s>
    <s>Charge (11)</s>
    <s>Ciência (2)</s>
    <s>Cibercultura (10)</s>
    <s>Cidades (1)</s>
    <s>Cinema (1)</s>
    <s>Clipping (24)</s>
    <s>Clipping Solidário. (17)</s>
    <s>Clube de Trocas (7)</s>
    <s>CoberturaFSM2009 (35)</s>
    <s>Colaboradores (1)</s>
    <s>Comércio Justo e Solidário (40)</s>
    <s>Comunicação (9)</s>
    <s>Comunidades Tradicionais (1)</s>
    <s>Comunistas (3)</s>
    <s>Conceitos do Domingo (12)</s>
    <s>Confecção (2)</s>
    <s>Conferências (11)</s>
    <s>Conflitos (1)</s>
    <s>Congressos (12)</s>
    <s>Conhecimento Livre (30)</s>
    <s>Conselho de Economia Solidária (8)</s>
    <s>Conselhos (4)</s>
    <s>Consumismo (7)</s>
    <s>Consumo consciente (15)</s>
    <s>contra-hegemonia (1)</s>
    <s>Cooperativismo (26)</s>
    <s>Coopergato (2)</s>
    <s>Copa do Mundo 2010 (1)</s>
    <s>Copa do Mundo Africa do Sul (2)</s>
    <s>Corrupção (2)</s>
    <s>Crédito Solidário (15)</s>
    <s>Creative Commons (4)</s>
    <s>Crise Mundial 2007-2008-2009 (31)</s>
    <s>Cuba (1)</s>
    <s>Cultura (16)</s>
    <s>cultura livre (23)</s>
    <s>FMB2010 (1)</s>
    <s>Cursos (5)</s>
    <s>Debates (11)</s>
    <s>Democracia (5)</s>
    <s>Desenvolvimento Local Sustentável (31)</s>
    <s>Diga SIM ao PL 336/2007 (1)</s>
    <s>Dilma Rousseff (7)</s>
    <s>direito autoral (14)</s>
    <s>Discontraindo (4)</s>
    <s>Ditadura Nunca Mais(5)</s>
    <s>Documentos (1)</s>
    <s>Downloads (21)</s>
    <s>e-solidaria.net (1)</s>
    <s>Economia (12)</s>
    <s>Economia da Cultura Livre (7)</s>
    <s>Economia Solidária (571)</s>
    <s>Economia Solidária no mundo (26)</s>
    <s>Editais (39)</s>
    <s>Educação (11)</s>
    <s>Eleições 2010 (58)</s>
    <s>eleições 2012 (1)</s>
    <s>Empreendimentos Economicos Solidários (31)</s>
    <s>Empresas de comunicação (4)</s>
    <s>Empresas Recuperadas (14)</s>
    <s>Enquete (1)</s>
    <s>Entidades de Apoio (3)</s>
    <s>Entidades de Representação Nacional (4)</s>
    <s>Entrevistas (16)</s>
    <s>Estágios (1)</s>
    <s>Esther Vivas (15)</s>
    <s>Etnodesenvolvimento (1)</s>
    <s>Eventos (5)</s>
    <s>Everton Rodrigues (28)</s>
    <s>ExpoCatadores 2010 (2)</s>
    <s>Fábricas Ocupadas (9)</s>
    <s>Fórum Brasileiro de Economia Solidária FBES (17)</s>
    <s>Fórum Igualdade (1)</s>
    <s>Fórum Social Mundial (18)</s>
    <s>Fórum Social Mundial 10 anos Grande Porto Alegre (66)</s>
    <s>Fórum Social Mundial Temático Bahia 2010 (4)</s>
    <s>Fóruns de Economia Solidária (29)</s>
    <s>FBES (34)</s>
    <s>FeiraMDA (20)</s>
    <s>Feiras de Economia Solidária (89)</s>
    <s>Feiras de Trocas (10)</s>
    <s>Feminismo (55)</s>
    <s>FGEPS (2)</s>
    <s>Filmes para Revolução (3)</s>
    <s>Filosofia (3)</s>
    <s>Finanças Solidária (6)</s>
    <s>Formações (9)</s>
    <s>Fotografia (1)</s>
    <s>Fotos (1)</s>
    <s>Frente Parlamentar de Economia Solidária (6)</s>
    <s>Frida Kahlo (2)</s>
    <s>FSM 2011 Dakar (3)</s>
    <s>FSM2009Belem (9)</s>
    <s>GDF (1)</s>
    <s>Gestores/as de Economia Solidária (16)</s>
    <s>Governo Dilma (3)</s>
    <s>Governo Tarso Genro (2)</s>
    <s>Grito dos Excluídos e Excluídas (1)</s>
    <s>Grupos de Estudos (1)</s>
    <s>Habitação (4)</s>
    <s>Henry Chiroque Solano (4)</s>
    <s>História (2)</s>
    <s>I Fórum Social e I Feira Mundial de Economia Solidária (10)</s>
    <s>Iª Conferência Nacional de Economia Solidária da Cultura (1)</s>
    <s>II Feira nacional de Economia Solidária (7)</s>
    <s>IIª Conferência Estadual de Economia Solidária RS (3)</s>
    <s>Incubadoras de Economia Solidária (24)</s>
    <s>Indígenas (17)</s>
    <s>Informes (2)</s>
    <s>Instituto Marista Solidariedade (1)</s>
    <s>Intelectuais (1)</s>
    <s>Internet Livre (6)</s>
    <s>ITCP (2)</s>
    <s>João Bernardo (2)</s>
    <s>Jornalismo de verdade (3)</s>
    <s>Justiça brasileira (2)</s>
    <s>Juventude (14)</s>
    <s>Karl Marx (14)</s>
    <s>Lançamentos (1)</s>
    <s>Legislações (32)</s>
    <s>Lei Nacional de Economia Solidária (3)</s>
    <s>Leonardo Pinho (5)</s>
    <s>Literatura (3)</s>
    <s>Livros (25)</s>
    <s>Lucio Uberdan (41)</s>
    <s>Lula (16)</s>
    <s>Mahesh (5)</s>
    <s>Manutenção (1)</s>
    <s>María Florencia Rodríguez (1)</s>
    <s>Marcha Mundial de Mulheres (1)</s>
    <s>Mídia Canalha (11)</s>
    <s>Mídia de verdade (71)</s>
    <s>Mídia de verdade (11)</s>
    <s>Música de verdade (23)</s>
    <s>Música Livre (6)</s>
    <s>FimLivre (3)</s>
    <s>Músicas (7)</s>
    <s>MDA (16)</s>
    <s>Microfinanças (2)</s>
    <s>Militantes Sociais (2)</s>
    <s>Milton Pantaleão (2)</s>
    <s>MNCR (4)</s>
    <s>Moedas Sociais (16)</s>
    <s>Movimentos Sociais (149)</s>
    <s>MPB Música Para Baixar (10)</s>
    <s>MPE (1)</s>
    <s>MST (29)</s>
    <s>Mulheres (2)</s>
    <s>Mundo do Trabalho (37)</s>
    <s>Natalia Lazarini (1)</s>
    <s>NEATES (11)</s>
    <s>Neoliberalismo (1)</s>
    <s>Nesse-dia (14)</s>
    <s>Notícias (4)</s>
    <s>Notícias de Sabojiú (16)</s>
    <s>Novidades (1)</s>
    <s>O Teatro Mágico (1)</s>
    <s>Ongs (3)</s>
    <s>Paraná (1)</s>
    <s>Pará (1)</s>
    <s>Partidos Políticos (8)</s>
    <s>Paul Lafargue (1)</s>
    <s>Paul Singer (39)</s>
    <s>Paulo Leboutte (20)</s>
    <s>Paulo Marques (88)</s>
    <s>Pauta Nacional (2)</s>
    <s>Peixe-Podre (15)</s>
    <s>Pequena e Microempresa (2)</s>
    <s>PERU (1)</s>
    <s>PIG-Partido da Imprensa Golpista (3)</s>
    <s>Poesia (2)</s>
    <s>Política (31)</s>
    <s>Política Internacional (9)</s>
    <s>Políticas Públicas (133)</s>
    <s>Pré Conferência Nacional de Música (1)</s>
    <s>Prefeituras (6)</s>
    <s>Projetos (5)</s>
    <s>Prout (2)</s>
    <s>Publicações (19)</s>
    <s>Qualificação de Trabalhadores (2)</s>
    <s>Quilombolas (16)</s>
    <s>Raul Pont (1)</s>
    <s>Rádios Comunitárias (4)</s>
    <s>Reciclagem (1)</s>
    <s>Redes (9)</s>
    <s>Reflexão (6)</s>
    <s>Reforma Agrária (12)</s>
    <s>Registros históricos (1)</s>
    <s>Relações de Trabalho (2)</s>
    <s>Repressão (1)</s>
    <s>Resenhas (3)</s>
    <s>Revistas (4)</s>
    <s>Revoluções (20)</s>
    <s>Rio Grande do Sul (14)</s>
    <s>Rita Escobar (6)</s>
    <s>Saúde Mental (3)</s>
    <s>Sabojiú (15)</s>
    <s>Santa Catarina (1)</s>
    <s>Sábados Lúdicos (17)</s>
    <s>São Paulo (1)</s>
    <s>Segurança Alimentar (2)</s>
    <s>Seleção Pública (1)</s>
    <s>Seminários (68)</s>
    <s>Senado Federal (2)</s>
    <s>SENAES/MTE (75)</s>
    <s>Serviços Públicos (1)</s>
    <s>Setor Energético (1)</s>
    <s>Seu Carlos (7)</s>
    <s>SIES (5)</s>
    <s>Sindicalismo (1)</s>
    <s>Soberania Alimentar (5)</s>
    <s>Socialismo (18)</s>
    <s>Software Livre (17)</s>
    <s>Sustentabilidade (1)</s>
    <s>Tarso Genro (1)</s>
    <s>Tecnologias Livres (12)</s>
    <s>Tecnologias Sociais (12)</s>
    <s>Trabalho formal e informal (1)</s>
    <s>Trangênicos (1)</s>
    <s>Trocando Páginas (1)</s>
    <s>Trocas Solidárias (1)</s>
    <s>Turismo Rural (3)</s>
    <s>Uncategorized (54)</s>
    <s>UNISOL BRASIL (2)</s>
    <s>Universidades (26)</s>
    <s>Uruguai (7)</s>
    <s>Valeria Mutuberría (13)</s>
    <s>Vídeos (12)</s>
    <s>Vergonha (1)</s>
    <s>Via Campesina (1)</s>
    <s>XXVII ALAS (2)</s>
    <s>↑ Top</s>
    <s>Brasil Autogestionário (C) Powered by WordPress 3.2.1</s>
    <s>Vita 1.6 design by WP GPL</s>
    <s>*RSS: Really Simple Syndication</s>
  </text>
</page>
