<?xml version="1.0" encoding="UTF-8"?>
<!DOCTYPE page SYSTEM "page.dtd">
<page>
  <lang>pt</lang>
  <url>http://revistaconecta.com/conectados/zentgraf_nova_lei.htm</url>
  <title>A Educação ... - Conect@ - Revista on-line de Educação a Distância</title>
  <snippet>
    <s> de Encontros, Jornadas, Seminários e Cursos, na cidade do Rio de Janeiro. . Em decorrência de compromisso assumido na Conferência Mundial sobre Art. 80. O Poder Público incentivará o desenvolvimento e a veiculação de resida aí a principal razão da rejeição que ela encontra sistematicamente no contexto </s>
  </snippet>
  <text>
    <s>Conect@ - n 1 - julho/2000</s>
    <s>A Educa Distia, a nova lei do ensino e o professor</s>
    <s>Maria Christina Zentgraf</s>
    <s>Doutora em Educa pela UFRJ</s>
    <s>foi Professora-Adjunta da Faculdade de Educa da UERJ</s>
    <s>Atualmente onsultora da Associa Brasileira de Tecnologia Educacional (ABT)</s>
    <s>Professora Associada junto ao Programa de Teleduca</s>
    <s>da Universidade Castelo Branco (UCB) e do CEP/UFRJ</s>
    <s>Leia entrevista com a autora</s>
    <s>Anos atrquando exerci a fun de Coordenadora de Projetos de Desenvolvimento de Recursos Humanos para a Educa, na Funda CDRH, da Secretaria de Educa do Estado do Rio de Janeiro, vi-me diante de uma realidade que prejudicava a execu do programa de atualiza e aperfeimento dos profissionais da a. Assim ue, a maioria do professorado, por questeconas, trabalhava em escolas publicas e particulares, cumprindo horos variados e excessivos.</s>
    <s>Este fato os impedia de freq os cursos presenciais que lhes eram oferecidos em seus pros municos e, principalmente, de se deslocaram para participar de Encontros, Jornadas, Seminos e Cursos, na cidade do Rio de Janeiro.</s>
    <s>Diante dessa dura realidade, juntamente com a equipe que comigo trabalhava, optei por oferecer diferentes alternativas de programa a fim de que a clientela dela participasse segundo suas conveniias. Desse modo, foram organizados cursos intensivos na capital e nos demais municos; cursos no turno da manha, da tarde ou da noite; cursos em dias e horos alternados; cursos presenciais e, como total novidade, cursos por correspondia.</s>
    <s>Serue esses cursos por correspondia desenvolvidos sem a rela direta professor-aluno tinham a mesma qualidade dos demais?</s>
    <s>Nos cursos oferecidos atravda correspondia, a comunica professor-aluno se concretizava por escrito, utilizando-se material instrucional - mos de ensino - encaminhado ao aluno pelo sistema postal. Os mos, elaborados por professores especialistas nos diferentes conte continham as mesmas matas e atividades dos cursos presenciais. O cursista durante e aps estudos de cada mo realizava os exercos e atividades que enviava ao professor, tambpelo correio. Corrigidas as tarefas, se o aluno estivesse em condis de continuar os estudos, a coordena remeteria o material seguinte. Caso contro, eram encaminhadas tarefas para o reestudo. E, assim, prosseguia o curso. Nos casos de programas de maior peso para a vida profissional eram feitas avalias presenciais. Quando os cursos eram fruto do interesse e motiva do pro cursista, geralmente as avalias se desenvolviam por correspondia.</s>
    <s>Com essa estrata, foi possl ecretaria de Educa atender a uma clientela bem mais numerosa, respeitando suas disponibilidades de horo e de locais para estudo. As avalias dos cursos, realizadas pela clientela, demonstraram que a proposta atingiu seus objetivos e que o programa teve grande aceita por parte daqueles que ancontraram respostas as suas necessidades e expectativas, o que seria invil se nlhes tivesse sido oferecida esta oportunidade.</s>
    <s>Atualmente, os cursos em que a comunica professor-aluno ediatizada, prioritariamente, por um moderno recurso da tecnologia da informa/comunica - no exemplo citado foram usados o material impresso e o correio - passaram a ser chamados de Ensino istia.</s>
    <s>POR QUE ESSA MUDAN DE DENOMINAO?</s>
    <s>A resposta a esta indaga seracilmente encontrada se forem observados os avan da tecnologia e dos meios de comunica.</s>
    <s>Assim, hoje, aldo material impresso e do correio, nos cursos npresenciais, a comunica professor-aluno poderer concretizada por telefone, fax, ro, televis fitas de io e vo-cassete, computador e tambservi de tutorial presencial.</s>
    <s>Sexemplos do uso dessas diferentes tecnologias, aqui no Rio de Janeiro, os cursos semi-presenciais dos Centros de Estudos Supletivos da Secretaria Estadual de Educa; o Telecurso 2000, iniciativa da Funda Roberto Marinho em parceria com a FIESP/CIES/SESI/SENAI/IRS; o Salto para o Futuro e a TV Escola, do MEC, em parceria com as Secretarias Estaduais de Educa; os cursos de pradua do CEP/UFRJ; os cursos de extensdo Centro Universito Carioca e da especializa, da COPE/UFRJ, ambos atravda Internet e muitos outros.</s>
    <s>Em suma, o ensino por correspondia oje apenas uma modalidade de educa istia; esta dispe muitas outras alternativas para aproximar professores e alunos. No Canad nos Estados Unidos, por exemplo, este tornando comum o uso das io e vo-conferias em instituis de ensino. Este fato leva rganiza de cursos com alunos presenciais e npresenciais nas mesmas turmas (Axelband, 1996). No Brasil, a UFSC ioneira na cria de uma Universidade Virtual.</s>
    <s>Nse pode perder de vista, no entanto, que o uso das tecnologias na educa varia em decorria das possibilidades s-economicas e tecnolas do pa das instituis de ensino e, em especial, do alunado. O somat desses trelementos ireterminar o meio ou meios a serem utilizados na educa istia. Em decorria, convivem hoje na teleduca, desde o ensino por correspondia ats tecnologias da multima e da Internet. Todos to seu lugar em fun do contexto em que atuam.</s>
    <s>DEFINIO DE EDUCAO A DISTCIA</s>
    <s>As reflexatqui desenvolvidas me levam a considerar a defini elaborada por Aretio (in Ibz, 1996) a partir da anse de trabalhos de estudiosos do tema, bastante adequada ao esto atual da teleduca. Diz ele:</s>
    <s>O ensino istia m sistema tecnolo de comunica bidirecional, que pode ser de massa e que substitui a intera pessoal entre professor e aluno na sala de aula, como meio preferencial do ensino, pela a sistemca e conjunta de diversos recursos didcos e pelo apoio de uma organiza e tutoria que propiciam a aprendizagem auta dos estudantes (Aretio, in Ibz, 1996, p. 10).</s>
    <s>Na sua defini, Aretio destaca o aspecto bidirecional da comunica nos cursos istia. a rela diala, interativa entre o professor-tutor e seu aluno, anteriormente pouco valorizada e hoje considerada essencial, embora ainda represente um desafio para muitos programas de educa istia.</s>
    <s>POR QUE ESSENCIAL E POR QUE AINDA UM DESAFIO?</s>
    <s>Usando como pano de fundo o sistema educacional brasileiro, recordo que nducadores adotmos na dda de setenta, uma linha de ensino que privilegiava excessivamente a tecnologia educacional, transformando professores e alunos em meros executores e receptores de projetos elaborados em gabinetes e desvinculados do contexto social a que se destinavam. Esse tipo de abordagem ficou conhecida como Pedagogia Tecnicista, de caractericas autoritas, ndialas, na qual cabia ao aluno assimilar passivamente os contetransmitidos pelo professor. Isto ocorria tanto no ensino presencial quanto nos programas npresenciais.</s>
    <s>Vivemos agora um outro momento. Os educadores visam a forma de cidad participativos, conscientes de seus direitos e deveres e preocupados com a transforma e o aperfeimento da sociedade. Nessa perspectiva, a abordagem de ensino e o relacionamento professor-aluno soutros. o que Libo (1995), representando o pensamento de um grupo de educadores, denominou de Pedagogia Progressista.</s>
    <s>Na pratica, muitas escolas e professores tdificuldade em assumir essa postura. Tratando-se do ensino istia, as dificuldades sainda maiores. Os problemas come na etapa de planejamento e produ do curso que deveria ser precedida do conhecimento da realidade, das necessidades e expectativas da clientela, nem sempre possl. Os textos e demais materiais didcos devem ser concebidos segundo linguagem e ticas que levem o aluno a refletir, a desenvolver o espto crco-criativo, a relacionar o aprendizado a seu contexto social, a ser participativo. o que Gutierrez e Pietro (1994) denominam de media pedaga.</s>
    <s>Durante a execu do curso, os exercos e as avalias npodem se restringir a questcom respostas preterminadas pelo professor e registradas em gabaritos. Para evitar esta situa, torna-se cada vez mais freqa ado de sistemas de tutoria; isto possibilita a realiza de atividades contextualizadas segundo a realidade do cursista, exercos de resolu de problemas, enfim, aprendizagens significativas e intera entre o tutor e o aluno, que passa a ser visto como um interlocutor ativo.</s>
    <s>Estudiosos da educa istia como Bordenave (1995), Gutierrez e Pietro (1994), vapresentando caminhos nesta dire e, no Brasil, algumas experiias isoladas tsido efetivadas.</s>
    <s>Um outro aspecto destacado por Aretio em sua defini de educa istia aprendizagem auta.</s>
    <s>QUAL O SENTIDO DESTA EXPRESS?</s>
    <s>A teleduca pelas suas caractericas - principalmente o pouco contato entre o professor e o aluno - requer do cursista qualidades nem sempre valorizadas no ensino presencial; a autonomia, o autodidatismo e a autodisciplina, dentre outras. Quem pretende ingressar nesta modalidade de curso deverer informado sobre a liberdade que terara estabelecer seus horos e locais de estudo, selecionar os materiais didcos indicados para complementar a aprendizagem, comunicar-se com o tutor quando necesso e encaminhar suas tarefas para corre quando as concluir. A partir das orientas recebidas no manual, que geralmente precede o encaminhamento do material didco, deveresenvolver sua auto-aprendizagem, o que o tornarm autodidata, qualidade que provavelmente o acompanharara o resto da vida.</s>
    <s>Para que cumpra os seus compromissos de estudo ao longo do curso, mprescindl que organize um cronograma semanal, compatibilizando seus horos de estudo com sua vida profissional e domestica. Essa situa requer grande dose de autodisciplina uma vez que o pro aluno ser supervisor de seus atos e do cumprimento de sua programa.</s>
    <s>Muitos cursistas se iludem com a liberdade e flexibilidade dos programas, atrasam o cumprimento das tarefas e acabam por abandonar o curso, em decorria do ac da mata para estudo. Por este motivo, a evasna teleduca pode atingir a 50% das matrlas.</s>
    <s>POR QUE UMA POLICA DE EDUCAO DISTCIA?</s>
    <s>Como explica Niskier (1996), a educa istia no Brasil ercada de preconceitos e considerada um ensino de segunda classe, muito embora o sistema regular de ensino seja impotente para atingir todo o pa Esta situa difere inteiramente do que ocorre em ins pas em desenvolvimento que hnos vadotando esta modalidade de ensino a ela atribuindo o mesmo valor e credibilidade dos cursos convencionais.</s>
    <s>Em decorria de compromisso assumido na Conferia Mundial sobre Educa para Todos, realizada na Tailia em 1990, foi elaborado no Brasil o Plano Decenal de Educa para Todos, para o pero compreendido entre 1993 e 2003 cujo item 8, trata do Sistema Nacional de Educa istia. O Sistema deverprimorar o programa de atualiza e capacita de professores e avaliar os projetos de educa istia, dentre outras atribuis. Estirecionado para a prscola, a educa especial, o ensino bco e tecnolo (Universidade Castelo Branco, 1996).</s>
    <s>Com a nova Lei de Diretrizes e Bases da Educa Nacional (Lei Federal 9394/96) sancionada pelo Presidente da Repa em 20 de dezembro passado, a educa ganhou amparo legal podendo contribuir para a solu dos graves problemas educacionais do pa Estabelece o Art. 80 da referida lei:</s>
    <s>Art. 80. O Poder Po incentivar desenvolvimento e a veicula de programas de ensino istia, em todos os nis e modalidades de ensino, e de educa continuada.</s>
    <s>1o - A educa istia, organizada com abertura e regime especiais, serferecida por instituis especificamente credenciadas pela Uni</s>
    <s>2o - A Uniregulamentars requisitos para a realiza de exames e registros de diplomas relativos a cursos de educa istia.</s>
    <s>3o - As normas para produ, controle e avalia de programas de educa istia e a autoriza para sua implanta, caberaos os normativos dos respectivos sistemas de ensino, podendo haver coopera e integra entre os diferentes sistemas.</s>
    <s>4o - A educa istia gozare tratamento diferenciado que incluirbr&gt; I - custos de transmissreduzidos em canais comerciais de radiodifussonora e de sons imagens.</s>
    <s>II - concessde canais com finalidades exclusivamente educativas.</s>
    <s>III - reserva de tempo mmo, sem para o Pode Po, pelos concessionos de canais comerciais (Brasil, 1996, p. 27841).</s>
    <s>A partir de agora, abre-se a perspectiva de o ensino bco e outros nis, chegarem a todo territ nacional atravde cursos npresenciais cujos certificados tervalidade legal.</s>
    <s>Deve-se ter em mente que a educa istia penas uma estrata, uma metodologia de ensino a servida educa. Desse modo, a estrutura do curso, o currlo, os critos de avalia seros mesmos aprovados para os cursos convencionais. Serdiferentes apenas, as atribuis do professor, a rela professor-aluno, os meios usados para veicular o conhecimento e a organiza tico-administrativa do setor responsl pelo programa de cursos.</s>
    <s>A recente regulamenta do Art. 80 veio permitir que se trace uma polca nacional de educa istia e se fixem diretrizes norteadoras para os sistemas de ensino. fundamental a cria de um sistema integrado e harmonioso de educa istia em nl nacional, aspecto particularmente delicado e complexo por se tratar de uma modalidade de ensino que tem condis de cobrir todo o pa</s>
    <s>COMO COMPATIBILIZAR ESTE SISTEMA COM AUTONOMIA DOS DIFERENTES SISTEMAS ESTADUAIS DE ENSINO?</s>
    <s>Assim, questtais como a a de abrangia a ser coberta por cursos veiculados em diferentes sistemas estaduais, reconhecimento de certificados e diplomas, sistema de superviseducacional para acompanhamento dos cursos; capacita de um corpo de supervisores para lidar com as especificas da teleduca e muitos outros pontos, deverser objeto de decise normas (Zentgraf, 1992 a).</s>
    <s>PODE A EDUCAO DISTCIA PRESCINDIR DO PROFESSOR?</s>
    <s>Segundo Gatti (1993) uma das reas mais comuns dos educadores inovas, ceticismo cro provocado pela descrenfrente a programas mal implementados e interrompidos a cada novo governo, aliado a uma resistia natural mudan e inovas.</s>
    <s>No aspecto especifico da educa istia, a essas motivas detectadas por Gatti, vem se somar a crendifundida na a educacional de que a teleduca prescindo do professor. Talvez resida a principal razda rejei que ela encontra sistematicamente no contexto educacional, onde ista como concorrente do professor.</s>
    <s>Esta metodologia, no entanto, quer na fase de planejamento do curso, da elabora e produ do material instrucional ou de sua execu, tem no professor o elemento chave das equipes interdisciplinares que se constituem. Essas equipes formadas por professores, pedagogos, especialistas em tecnologia da informa e da comunica e administradores educacionais, desenvolvem atividades que perpassam todas as etapas de um curso, desde a sua cria a sua utiliza. Sempre que possl, a partir do conhecimento das reais necessidades da clientela, do currlos e das ementas das disciplinas - que nos cursos nformais smontados pela pra equipe - sselecionados os contee os meios que os veicular calculados os recursos financeiros e estabelecidos os cronogramas.</s>
    <s>A presende educadores atualizados em conteespeccos, psicologia da aprendizagem, didca, metodologia do ensino, sistemas de avalia, tecnologia educacional e muitas outras as do conhecimento mprescindl na etapa de elabora e produ de material impresso, programas de ro, TV, software educativos, etc., cujas caractericas sbastante diferentes de recursos didcos que apenas ap o professor nas aulas presenciais. Durante a execu do curso mais uma vez a presendo professor mprescindl na fun de tutor, na corre das tarefas, na realiza de encontros presenciais, na avalia e aperfeimento do pro curso (Zentgraf, 1992 b).</s>
    <s>Depoimentos de professores que tparticipado de experiias da teleduca revelam que a elabora e produ de material instrucional se constituem em poderoso recurso de atualiza de seus conhecimentos. Nesse aspecto portuno lembrar que os cursos istia sofrem uma avalia publica, uma vez que os meios que utilizam podem ser lidos, vistos, ouvidos por qualquer um enquanto que a aula presencial fica apenas entre o professor e o seu grupo de alunos. Verifica-se, portanto, que a teleduca m incentivo ao aperfeimento docente.</s>
    <s>Outro ponto importante para a reflexdos educadores que consideram o ensino baseado na tecnologia da comunica/informa como de segunda categoria questdo uso desta tecnologia no ensino presencial.</s>
    <s>Serossl, ao professor, nos dias atuais, prescindir da tecnologia de comunica em sua sala de aula?</s>
    <s>A respeito diz Moran:</s>
    <s>Temos que desenvolver processos de comunica ricos, e cada vez mais profundos. Abrir as escolas ao mundo, ida. Criar ambientes de ensino-aprendizagem mais atraentes, envolventes e multi-sensoriais ( .). As tecnologias, dentro de um projeto pedago inovador, facilitam o processo de ensino-aprendizagem; sensibilizam para novos assuntos, trazem informas novas, diminuem a rotina, nos ligam com o mundo, com as outras escolas, aumentam a intera (redes eletras), permitem a personaliza (adapta do trabalho ao ritmo de cada aluno) e se comunicam facilmente com o aluno, porque trazem para a sala de aula as linguagens e meios de comunica do dia-a-dia (Moran, 1996, p. 21).</s>
    <s>Uma vez sensibilizados para essas realidades, serais fl aos professores aceitarem alternativas de aprendizagem que ta sua base, no processo de comunica npresencial.</s>
    <s>No decorrer deste texto, mostrei que a teleduca vem caminhando no sentido de ampliar a rela direta tutor-aluno em seus programas. Cabe ao ensino presencial, por sua parte, abrir as portas para incorporar a seu cotidiano, as novas tecnologias da comunica.</s>
    <s>A integra entre os dois sistemas ampliaromo conseq, as oportunidades de acesso e permania das crian, jovens e adultos nos sistemas educacionais, democratizando o ensino no territ nacional.</s>
    <s>Cabe, a nducadores, a responsabilidade de optar por cursos de qualidade ou de segunda categoria quer sejam presenciais ou npresenciais.</s>
    <s>REFERCIAS BIBLIOGRICAS</s>
    <s>AXELBAND, Elliot. Tecnologias para Educa a Distia. Conferia. Semino Internacional de Redes e Educa istia. Rio de Janeiro: SENAI, 4-6/12/1996.</s>
    <s>BORDENAVE, Juan Diaz. Pedagogia Problematizadora na Forma istia em Enfermagem. Tecnologia Educacional. Rio de Janeiro, v.22, n. 123/124, p. 32-34, mar/ju. 1995.</s>
    <s>BRASIL, Congresso Nacional, Lei 9394/96. Dio Oficial, 23/12/96.</s>
    <s>GATTI, Bernadete A. Os Agentes Escolares e o Computador no Ensino. ACESSO. SPaulo, Edi especial, p. 22-27, dez 1993.</s>
    <s>GUTIERREZ, Francisco; PRIETO, Daniel. A Media Pedaga. Educa a Distia Alternativa. Campinas, SP: Papirus, 1994.</s>
    <s>IBEZ, Ricardo Marin. A Educa istia. Suas modalidades e economia. Tradu de Ivana de Mello Medeiros e Ana de Lourdes Barbosa Castro. Rio de Janeiro: UCB, 1996.</s>
    <s>LIBEO, Josarlos. Democratiza da Escola Pa. A Pedagogia Crco-Social dos Conte SPaulo: Loyola, 1995.</s>
    <s>MORAN, Josanuel. Interferias dos Meios de comunica no Nosso Conhecimento. XXVIII Semino Brasileiro de Tecnologia Educacional. Rio de Janeiro: ABT, 1996.</s>
    <s>NISKIER, Arnaldo. LDB: a nova lei da educa. Rio de Janeiro: Consultor, 1996.</s>
    <s>UNIVERSIDADE CASTELO BRANCO. Curso de especializa em educa istia. Rio de Janeiro: UCB, 1996.</s>
    <s>ZENTGRAF, Maria Christina. A posi de especialistas em educa istia e em supervisdo ensino superior com rela aos cursos de especializa e aperfeimento istia. Journal of Distance Education. Otawa, CanadCADE, v. VII, n. 3, p. 47-64, Fall/Automne, 992a.</s>
    <s>Um Salto para o Futuro: teleduca como meio de capacita docente. Tecnologia Educacional. Rio de Janeiro, v. 21, n. 105/106, p. 7-11, mar/jun. 1992 b.</s>
  </text>
</page>
