<?xml version="1.0" encoding="UTF-8"?>
<!DOCTYPE page SYSTEM "page.dtd">
<page>
  <lang>pt</lang>
  <url>http://www.uff.br/peteconomia/pages/textospage/petianos/clarisse/a_evolucao_do_mov_amb/aevdomovambframe004.htm</url>
  <title>Programa de Educação Tutorial da Faculdade de Economia da UFF</title>
  <snippet>
    <s>Em 1971, na Suíça, ocorreu a Conferência de Founex, que abordou a A qual se pretendia fazer uma ampla revisão dos progressos alcançados na </s>
  </snippet>
  <text>
    <s>&gt; &gt; !</s>
    <s>&gt; &gt; A Evolu do Movimento Ambientalista no mundo</s>
    <s>&gt;&gt; Clarisse Coutinho</s>
    <s>&gt;&gt; O movimento ambientalista surgiu em vos lugares do mundo, em cas distintas e tendo diferentes motivos. Portanto, ntem um marco definido de onde e quando se iniciou. As primeiras preocupas s-ambientais surgem a partir de meados do slo XIX. Segundo McCormick, essas se iniciam devido aos problemas locais e dos &quot;custos mais imediatos e pessoais da polui, da caou da perda das florestas&quot;. George Perkins Marsh, em 1864, publicou o livro Man and Nature, que onsiderado por muitos um marco do ambientalismo americano. Este livro enfocava a questdo aumento do desperdo e da destrui como razda destrui do planeta, tornando assim, inabitl para todos os seres humanos.</s>
    <s>&gt;&gt; Apesar do problemas ambientais terem aumentado e intensificado cada vez mais ao longo do tempo e tornado um problema a nl mundial, o movimento ambientalista nseguiu esta mesma trajet, tendo peros de expanse outros de &quot;sonolia&quot; (McCormick, 1989).</s>
    <s>&gt;&gt; Os movimentos ambientalistas tornaram-se mais dincos no ino do slo XX. Pors pero pegunda Grande Guerra Mundial que se observaram os primeiros passos do que se pode chamar de Revolu Ambiental em nl mundial. Isso ocorreu devido amea dos testes nucleares, ao intensivo aumento das indas, assim como uma eleva da concentra urbana, acarretando um elevado consumo de recursos naturais e um crescente aumento da polui.</s>
    <s>&gt;&gt; Um primeiro marco desse aumento de dinamismo do movimento ambientalista, foi a realiza , em 1949, da Conferia das Nas Unidas sobre a Conserva e Utiliza de Recursos, onde se debateu a questdo aumento da utiliza dos recursos naturais e seus problemas gerados. Porficou apenas no ito dos debates, nhavendo imposis governamentais.</s>
    <s>&gt;&gt; A publica do livro intitulado &quot;Silent Spring&quot; (Primavera Silenciosa), em 1962, da bia norte-americana Rachel Carson, foi um marco para a Revolu Ambiental, dando uma alavancada no movimento ambientalista. Esse livro analisou os efeitos que do DDT (diclorodifeniltricloruetano) o mais poderoso pesticida desde ent na natureza e na saumana. Verificou que alde penetrar na cadeia alimentar, acumulava-se nos tecidos gordurosos dos animais, inclusive no homem. Com risco de causar dano genco e doen como o cer. Para Carson, se nparassem com a utiliza do DDT, que levava entre outros malefos a destrui dos paros, as pras primaveras seriam silenciosas, pois esses nexistiriam mais. O escritor E. W. Teale, alertava: &quot;Um spray que atua de forma tindiscriminada como o DDT, pode perturbar a economia da natureza tanto quanto uma revolu perturba a economia social. Noventa por cento dos insetos sbencos e, se s eliminados, as coisas em pouco tempo fogem do controle&quot;.</s>
    <s>&gt;&gt; A Primavera Silenciosa foi um livro provocativo e polco, nsordava os perigos do DDT, mas outrossim questionava de forma clara a confiandestemida da humanidade no progresso tecnolo. Ajudou assim a abrir espapara o movimento ambientalista que se prosseguiu. Assim como o bio Renubos, Rachel Carson foi uma das primeiras pesquisadoras a fomentar a conscientiza de que os homens e os animais estem constante intera com o meio ambiente.</s>
    <s>&gt;&gt; No final dos anos de 1960 surgiu o Clube de Roma, tendo diversos encontros que tinham como objetivo analisar a situa mundial e oferecer solus e indicativos para o futuro da sociedade. Em 1968, na sua primeira reunimais significativa, chegaram a conclusque se mundo continuasse a sua crescente produ em larga escala, teria que diminua. Para que os recursos naturais fossem menos utilizados e atentando para uma redu progressiva dos resos, principalmente no lixo industrial. Poressa primeira proposta nvingou, sendo interpretada como algo invil.</s>
    <s>&gt;&gt; Contudo o Clube de Roma ncessou suas atividades, produziu diversos relats, entre eles, &quot;Os Limites do Crescimento&quot;, em 1972, que foi uma anse detalhada do que poderia acontecer com a humanidade caso nmudasse seus mdos econos e polcos. Este relat se tornou um marco do reconhecimento dos problemas ambientais no campo polco institucional. As suas propostas nforam bem aceitas entre cientistas e polcos, tanto dos de pas desenvolvidos quanto os dos em via de desenvolvimento, ou seja, eram contra o &quot;crescimento zero&quot; como forma de esboroar os impactos do crescimento sobre o meio ambiente.</s>
    <s>&gt;&gt; Sendo que na dda de 1970, grande parte dos pas em desenvolvimento, principalmente os pas da Amca Latina, estava com projetos de desenvolvimento acelerado, o qual tinha como condi sine qua non o crescimento via industrializa. Contudo, esse relat teve grande importia pois levantou a questda &quot;irracionalidade&quot; econa capitalista em nl internacional. O que ofereceu maior vigor ao movimento ambientalista, ampliando de forma significativa os debates e encontros internacionais sobre o tema. Assim como a cria da United Nations Environmental Program (UNEP).</s>
    <s>&gt;&gt; Em 1971, na Su, ocorreu a Conferia de Founex, que abordou a preocupa dos problemas ambientais gerados pelo desenvolvimento, apontando a importia de haver uma integra entre meio ambiente e desenvolvimento. Esta conferia serviu como base para a famosa conferia de Estocolmo no ano seguinte.</s>
    <s>&gt;&gt; Foi entque em 1972 foi realizada em Estocolmo a primeira Conferia das Nas Unidas sobre Meio Ambiente Humano. Onde a comunidade internacional se reuniu para discutir o meio ambiente global e as necessidades de desenvolvimento. Onde se tirou a Carta de Estocolmo, a qual ressaltava para &quot;a necessidade de uma nova postura civilizat, onde a utiliza dos recursos naturais deveria atender necessidades das geras presentes, assim como garantir o suprimento das necessidades das geras futuras&quot;. Esta passagem da carta passou a ser institu como o conceito mais aceitl para o chamado Desenvolvimento Sustentl. Ainda que nse tenha definido como alcanlo. Essa Conferia, conduziu outrossim, ormula do Programa das Nas Unidas para o Meio Ambiente (PNUMA). Conseguiu conglobar pas em via de desenvolvimento e desenvolvidos, iniciando uma seq de Conferias da ONU.</s>
    <s>&gt;&gt; Em 1982, em Nair foi feita uma avalia da Conferia de Estocolmo sob a coordena do PNUMA. Nesse encontro partiu a id de se formar uma ComissMundial de Meio Ambiente e Desenvolvimento, sendo implementada em 1983, com o objetivo de avaliar os avan dos processos de degrada ambiental e a efica das polcas ambientais para enfrentos. Apranos de muito estudo, 1987, a Comisspublicou suas conclusno Relat intitulado de Nosso Futuro Comum, tambconhecido como Relat de Brundtland (devido residia da Comisspela entPrimeira-Ministra da Noruega, Gro Harlem Brundtland).</s>
    <s>&gt;&gt; O Relat indica a necessidade de uma maior igualdade, capaz de dissolver os diferentes interesses dos pas, povos e classes sociais, que paira os conflitos de desenvolvimento. Nesse documento, pela primeira vez, foi marcado a clica defini de Desenvolvimento Sustentl, caracterizado como &quot;um processo que permite satisfazer as necessidades da popula atual sem comprometer a capacidade de atender as geras futuras&quot;. Para isso, baseia-se em um trip desenvolvimento econo eficiente, eq social e equilio ambiental.</s>
    <s>&gt;&gt; Em 1990, a Assembl Geral das Nas Unidas decidiu realizar a Conferia das Nas Unidas sobre Meio Ambiente e Desenvolvimento na cidade do Rio de Janeiro em junho de 1992. Essa Conferia tambficou conhecida como conferia do Rio, Rio-92 e tambcomo C da Terra. Teve como conclusos seguintes documentos: Agenda 21, Declara do Rio, Declara de Princos sobre Florestas, Conven sobre Diversidade Biola e Conven sobre Mudan Climcas.</s>
    <s>&gt;&gt; A Agenda 21, o seu principal documento, m programa global, afim de regulamentar o processo de desenvolvimento com base nos princos da sustentabilidade. Definindo polcas essenciais que atendesse os interesses dos pobres e reconhecesse os limites do desenvolvimento, de forma a atender as necessidades de todos os pas. Onde essas necessidades nsinterpretadas apenas em termos econos, mas tambincluindo as necessidades tanto de dimens ambiental quanto a humana.</s>
    <s>&gt;&gt; Em 2000, a Comissde Desenvolvimento Sustentl da ONU (CDS) prop realiza de uma nova c mundial, pordesta vez sobre Desenvolvimento Sustentl. Ent em 2002, foi realizada a C Mundial sobre Desenvolvimento Sustentl em Joanesburgo, na rica do Sul. A qual se pretendia fazer uma ampla revis dos progressos alcanos na implementa da Agenda 21, desde sua aprova, em 1992. A C deveria ainda resultar na renova de compromissos polcos para se alcan o desenvolvimento sustentl. Contudo, esses objetivos nforam plenamente alcanos.</s>
    <s>&gt;&gt; Diversos relats e conferias de vos organismos das Nas Unidas v sendo elaborados e realizados visando a busca de um maior equilio ambiental e do desenvolvimento sustentl. Incluem-se a Perspectivas Globais para o Meio Ambiente (GEO), do Programa das Nas Unidas para o Meio Ambiente (PNUMA), o Relat de Desenvolvimento Humano, do Programa das Nas Unidas para o Desenvolvimento (PNUD), o Relat Mundial da Sada Organiza Mundial da Sa (OMS), o Relat Mundial sobre Desenvolvimento, do Banco Mundial e o Relat Mundial de Desenvolvimento da ua, da UNESCO.</s>
    <s>&gt; !</s>
  </text>
</page>
