<?xml version="1.0" encoding="UTF-8"?>
<!DOCTYPE page SYSTEM "page.dtd">
<page>
  <lang>pt</lang>
  <url>http://cmdss2011.org/site/opinioes/%25E2%2580%259Csaude-para-todos%25E2%2580%259D-e-%25E2%2580%259Ctodos-pela-equidade%25E2%2580%259D-sera-a-cmdss-uma-nova-alma-ata/</url>
  <title>“Saúde para Todos” e “Todos pela Equidade”: Será a CMDSS uma ...</title>
  <snippet>
    <s>2 set. 2011 Conferência Mundial sobre Determinantes Sociais da Saúde - Página Além de conseguir o compromisso político dos governos participantes da formuladas no Documento Básico da Conferência e se expressam manter-se ativo ao longo desses anos e deve ganhar maior impulso com a CMDSS. </s>
  </snippet>
  <text>
    <s>Conferência Mundial sobre Determinantes Sociais da Saúde - Página Inicial</s>
    <s>Documentos de Referência</s>
    <s>BVS DSS</s>
    <s>“Saúde para Todos” e “Todos pela Equidade”: Será a CMDSS uma nova Alma-Ata?</s>
    <s>Por Alberto Pellegrini Filho</s>
    <s>02/09/11 | 00:09</s>
    <s>Conferência de Alma-Ata</s>
    <s>Em 1977, a 30a. Assembléia Mundial de Saúde aprovou a resolução 30.43 que estabelecia como principal meta dos governos e da OMS nas décadas seguintes o alcance por parte de todos os povos do mundo de um nível de saúde que lhes permitisse levar uma vida social e economicamente produtiva. Tal meta ficou conhecida como “Saúde para Todos”, seguramente a idéia força mais mobilizadora já concebida por um organismo internacional de saúde.</s>
    <s>Em 1978, na Conferência Internacional sobre Cuidados Primários de Saúde, conhecida como reunião de Alma-Ata, “Saúde para Todos” deixou de ser um slogan. Além de conseguir o compromisso político dos governos participantes da reunião que expressam em sua Declaração Final o reconhecimento de que a saúde é um direito humano fundamental e que as chocantes desigualdades no estado de saúde entre países e no interior dos mesmos é política, social e economicamente inaceitável, a reunião de Alma-Ata lançou as bases da estratégia de Atenção Primária da Saúde, como chave para que a meta de Saúde para Todos fosse atingida. Até hoje as bases fundamentais dessa estratégia inspiram reformas nos sistemas de saúde que buscam equidade no acesso e qualidade dos serviços, tal como inspiraram o SUS e seus programas como o de Saúde da Família.</s>
    <s>A idéia força da Conferência Mundial sobre DSS (CMDSS) que ocorrerá no Rio de Janeiro de 19 a 21 de outubro, “Todos pela Equidade”, evidentemente busca retomar o espírito de Alma-Ata. Exprime o entendimento de que para lograr “Saúde para Todos” é fundamental que todos participem. A construção da equidade em saúde exige a contribuição de todos os setores do governo, de todos os segmentos da sociedade e da comunidade internacional em ações organizadas por políticas públicas baseadas em evidências que incidam sobre os determinantes sociais da saúde. A grande expectativa com relação aos resultados da CMDSS é que além do compromisso político dos países para o combate às iniquidades, ela consiga, assim como foi possível em Alma-Ata, transformar um ideal em realidade, estabelecendo as bases estratégicas para a promoção da equidade em saúde. Estas bases estratégicas estão formuladas no Documento Básico da Conferência e se expressam nos cinco temas em torno dos quais se desenvolverão os debates e se discutirão experiências: governança/intersetorialidade; papel do setor saúde; participação social; ação internacional e medição e monitoramento das iniquidades em saúde.</s>
    <s>Vivemos um momento extremamente propício para sermos otimistas com relação a este desafio. O movimento global ao redor dos DSS desencadeado pela OMS ao criar em 2005 a Comissão sobre DSS (CDSS) tem conseguido manter-se ativo ao longo desses anos e deve ganhar maior impulso com a CMDSS. A CDSS conseguiu colocar os DSS novamente na agenda global e, através de suas diversas atividades, permitiu o acúmulo de uma série de elementos técnicos e políticos que devem facilitar o alcance das expectativas com relação à CMDSS. Os países parceiros da CDSS, entre os quais o Brasil, desenvolveram uma série de políticas e experiências que devem ser avaliadas e compartilhadas. Foram criadas pela CDSS as chamadas “redes de conhecimento (RC)” em nove temas intimamente relacionados com os DSS. Cada RC esteve integrada por especialistas de vários países do mundo que coletaram, analisaram e organizaram o conhecimento produzido nos respectivos temas, por meios de Relatórios Finais das RC.  Outra importante linha de ação da CDSS foi a promoção da mobilização da sociedade civil em diversos países, inclusive o Brasil, debatendo questões relativas aos DSS, o que é fundamental para lograr o apoio político necessário às medidas de redistribuição de poder e recursos recomendadas pela Comissão.</s>
    <s>Este acúmulo de conhecimentos, experiências e mobilização política conseguido nos últimos anos cria um ambiente propício para o alcance dos objetivos não só da CMDSS como de vários outros eventos relacionados aos determinantes sociais que devem ocorrer nos próximos meses. De fato, além da CMDSS teremos ao final de setembro de 2011 a discussão sobre Doenças Crônicas Não Transmissíveis no âmbito da Assembléia Geral da ONU, onde se espera a definição de metas e estratégias de controle destas enfermidades através da ação sobre os DSS.</s>
    <s>Em Novembro teremos a 10a. Conferência Internacional de Saúde Urbana em Belo Horizonte. Esta Conferência deverá discutir como as instituições e os governos podem desenvolver e implementar intervenções que melhorem a equidade na saúde no âmbito das cidades. Serão discutidos vários temas como alterações climáticas, poluição atmosférica, atividade física, serviços de saúde, violência e segurança, transporte, uso de substâncias e populações vulneráveis, habitação e infraestrutura, nos bairros e no ambiente urbano, entre outros. Em junho de 2012 teremos no Rio de Janeiro a Conferência das Nações Unidas para o Desenvolvimento Sustentável (UNCSD, na sigla em inglês), ou a Rio+20, pois ocorrerá 20 anos após a ECO-92. Espera-se que esta Conferência permita chegar a acordos sobre como tornar a economia mais &quot;verde&quot; e obter energia limpa e água potável para todos.</s>
    <s>Como vemos, com exceção da Assembléia da ONU, todos os demais eventos ocorrerão no Brasil num período de tempo relativamente curto. Não podemos perder esta oportunidade única para que estes eventos tenham um impacto importante nas políticas públicas do país relacionadas aos temas tratados nestas reuniões internacionais de alto nível, todos eles relacionados com os determinantes sociais da saúde. Para que isto ocorra é necessário um aprofundamento do debate destes temas por todos os setores de governo e da sociedade civil, o que tem sido o objetivo deste Portal. Como vimos, há muitas razões para otimismo e não podemos esquecer que os determinantes sociais não são uma fatalidade, mas produto da ação humana que, portanto, podem e devem ser transformados pela ação humana organizada.</s>
    <s>Referência Bibliográfica</s>
    <s>Declaração de Alma-Ata. In: Conferência Internacional sobre Cuidados Primários de Saúde. 1978 Set 6-12; Alma Ata, Cazaquistão.</s>
    <s>OMS-Organização Mundial da Saúde. Diminuindo diferenças: a prática das políticas sobre os determinantes sociais da saúde. Documento Técnico para a Conferência Mundial sobre Determinantes Sociais da Saúde. Rascunho 26 Jul 2011.</s>
    <s>World Health Organization homepage na internet. Geneva: WHO; c2011 atualizada em 2011 Set 2; acesso em 2011 Set 2. Social determinants themes; aproximadamente 9 telas. Disponível em: http://www.who.int/social determinants/themes/en/index.html</s>
    <s>Citação Bibliográfica</s>
    <s>Pellegrini Filho A. “Saúde para Todos” e “Todos pela Equidade”: Será a CMDSS uma nova Alma-Ata? artigo na internet 2011 Set acesso em. Disponível em: http://cmdss2011.org/site/?post type=opinioes&amp;p;=3275&amp;preview;=true</s>
    <s>Alberto Pellegrini Filho</s>
    <s>Alberto Pellegrini Filho é Coordenador do Centro de Estudos, Políticas e Informação sobre Determinantes Sociais da Saúde (CEPI-DSS) da Escola Nacional de Saúde Pública Sergio Arouca da FIOCRUZ.</s>
    <s>Tags: Atenção Primária à Saúde, Determinantes Sociais da Saúde, Equidade em Saúde, Iniquidade em Saúde, Intersetorialidade, Políticas Públicas em Saúde</s>
    <s>Deixe um comentario</s>
    <s>E-mail (nao sera publicado)</s>
    <s>Esta seção está aberta a matérias de opinião de profissionais de diversas áreas e do público em geral sobre temas relacionados aos Determinantes Sociais da Saúde. Como ocorre com todas as demais seções do Portal estas matérias podem ser objeto de comentários.</s>
    <s>[Veja todas as Opiniões]</s>
    <s>Últimas Publicações</s>
    <s>18/10/11 | 13:10</s>
    <s>CMDSS será exibida ao vivo e integralmente pelo Canal Saúde</s>
    <s>18/10/11 | 06:10</s>
    <s>Brasil é destaque na agenda internacional sobre Determinantes Sociais da Saúde</s>
    <s>13/10/11 | 23:10</s>
    <s>Tema 5: Monitorando o progresso: mensurações e análises para informar as políticas sobre determinantes sociais</s>
    <s>13/10/11 | 11:10</s>
    <s>Tema 4: Ação Global sobre os DSS</s>
    <s>12/10/11 | 22:10</s>
    <s>Tema 4: Ação global sobre os determinantes sociais: alinhando prioridades e parceiros interessados</s>
    <s>12/10/11 | 22:10</s>
    <s>Publicada a última versão do Documento Técnico da CMDSS &quot;Diminuindo diferenças: a prática das políticas sobre os determinantes sociais da saúde&quot;</s>
    <s>11/10/11 | 22:10</s>
    <s>Tema 3: O papel do setor saúde (incluindo os programas de saúde pública) na redução das desigualdades em saúde</s>
    <s>10/10/11 | 23:10</s>
    <s>Tema 2: Há um consenso e um discurso generalizado a favor das vantagens da participação. E na prática?</s>
    <s>[Veja mais]</s>
    <s>Notícias »</s>
    <s>Sobre o Portal da Conferência »</s>
    <s>Contato »</s>
    <s>CM DSS 2011 (C) 2011 Fiocruz | by wezen | powered by wordpress | RSS</s>
  </text>
</page>
