<?xml version="1.0" encoding="UTF-8"?>
<!DOCTYPE page SYSTEM "page.dtd">
<page>
  <lang>pt</lang>
  <url>http://www.casadamoeda.gov.br/portal/hot/gpspa/index.html</url>
  <title>13ª Conferência da GPSPA Government ... - Casa da Moeda do Brasil</title>
  <snippet>
    <s>13ª Conferência da GPSPA (Government Postage Stamp Printers&#39; Association </s>
  </snippet>
  <text>
    <s>13 Conferia da Associa de Impressores Governamentais de Selos Postais</s>
    <s>Entre os dias 20 e 24 de setembro estarendo realizada no Brasil a 13 Conferia da GPSPA (Government Postage Stamp Printers Association - Associa de Impressores Governamentais de Selos Postais). O evento, que acontece a cada dois anos, pela primeira vez na hist terugar em um pada Amca Latina.</s>
    <s>Para nossa satisfa, coube a href=&quot;http://www.casadamoeda.gov.br&quot;&gt;Casa da Moeda, com a colabora dos Correios, o privilo de organizar o encontro, que tem por objetivo reunir empresas do governo, produtoras de selos postais. Nessa reunistrocadas informas sobre desenho/projeto de selos postais, mdos de produ, equipamentos, materiais, pesquisa e desenvolvimento tico-cientco, prcas de gerenciamento, entre outros temas. Por essa raz essa Conferia ganha um carr especial para a CMB. O Brasil estonquistando cada vez mais espano mercado de tecnologia da produ de selos postais. Agora, sediando um evento desse porte, que res principais impressores de todo o mundo, conquistamos mais espanesse seleto grupo.</s>
    <s>Copyright - Casa da Moeda do Brasil - 2010</s>
  </text>
</page>
