<?xml version="1.0" encoding="UTF-8"?>
<!DOCTYPE page SYSTEM "page.dtd">
<page>
  <lang>pt</lang>
  <url>http://www.dignow.org/post/brasil-game-show-abre-submiss%25C3%25A3o-para-palestras-em-sua-nova-confer%25C3%25AAncia-2252254-19360.html</url>
  <title>Brasil Game Show abre submissão para palestras em sua nova Conferência</title>
  <snippet>
    <s>10 jun. 2011 Esta aberto o período para submissão de sugestões de conteúdo e palestrantes para a Conferência profissional da Feira Brasil Game Show(BGS). </s>
  </snippet>
  <text>
    <s>Animais de Estimaçao</s>
    <s>Arte &amp; Cultura</s>
    <s>Comida e Bebida</s>
    <s>Foto Blog</s>
    <s>Literatura &amp; Poesia</s>
    <s>Video Game</s>
    <s>Botoes para seu blog</s>
    <s>Recursos para seu blog</s>
    <s>Cadastre seu blog</s>
    <s>Reportar Abuso</s>
    <s>Brasil Game Show abre submissao para palestras em sua nova Conferencia 0 0</s>
    <s>Os candidatos a palestrante devem mandar suas propostas ate o dia 30 de junho. Esta aberto o periodo para submissao de sugestoes de conteudo e palestrantes para a Conferencia profissional da Feira Brasil Game Show(BGS). Voltada para profissionais do mercado de games nacional e latino-americano, a Conferencia vai acontecer entre os dias 5 e 7 </s>
    <s>10/06/2011 | Programadoresdejogos Veja os Games de Outra Maneira Sony Microsoft Nintendo PC PSP NDS |</s>
    <s>Topicos Relacionados:</s>
    <s>Brasil Game Show abre submissao para palestras | 09/06/2011</s>
    <s>Voltada para profissionais do mercado de games nacional e latino-americano, a Conferencia vai acontecer entre os dias 05 e 07/10, no Centro de Convençoes SulAmerica.</s>
    <s>Promoview Marketing Promocional e Noticias</s>
    <s>Palestrantes Internacionais marcam presença na Feira Brasil Game Show | 19/11/2010</s>
    <s>Palestrantes Internacionais marcam presença na Feira Brasil Game Show Hector Sanchez, produtor do game Mortal Kombat, participa pela primeira vez de um evento no pais. Ele promete dar detalhes do novo Mortal Kombat em uma apresentaçao no auditorio, sabado as 14h e domingo as 18h. A organizaçao da Feira Brasil Game Show(BGS) revelou a lista de palestrantes convidados para o evento. Entre os destaques, estao grandes nomes do mercado nacional e tambem muitos convidados internacionais. O f </s>
    <s>Games Mais Br</s>
    <s>Novo site do Brasil Game Show 2011 esta no ar com novidades sobre o evento | 01/06/2011</s>
    <s>Chegou o dia mais esperado pelos gamers brasileiros, depois de bastante expectativa entrou no ar o novo site do Brasil Game Show, anunciando todas as novidades que teremos no evento deste ano. Diferentemente do ano passado, a feira agora acontecera em 5 dias e nao somente em 2, sendo que nos dois primeiros dias ele sera totalmente fechado para conferencias que reunirao profissionais e desenvolvedores e os 3 dias seguintes aberto ao publico, acontecendo no horario das 11:00 ate as 20:00 </s>
    <s>Aglomerado News</s>
    <s>Palestrantes Internacionais marcam presença na Brasil Game Show | 19/11/2010</s>
    <s>Hector Sanchez, produtor do game Mortal Kombat, participa pela primeira vez de um evento no pais. Ele promete dar detalhes do novo Mortal Kombat em uma apresentaçao no auditorio, sabado as 14h e domingo as 18h.A organizaçao da Feira Brasil Game Show(BGS) revelou a lista de palestrantes convidados para o evento. Entre os destaques, estao grandes nomes do mercado nacional e tambem muitos convidados internacionais. O foco das palestras sera o desenvolvimento de games e um debate sobre as </s>
    <s>Palestrantes Internacionais marcam presença na Brasil Game Show | 18/11/2010</s>
    <s>Hector Sanchez, produtor do game Mortal Kombat, participa pela primeira vez de um evento no pais. Ele promete dar detalhes do novo Mortal Kombat em uma apresentaçao no auditorio, sabado as 14h e domingo as 18h. A organizaçao da Feira Brasil Game Show(BGS) revelou a lista de palestrantes convidados para o evento. Entre os destaques, estao grandes nomes do mercado nacional e tambem muitos convidados internacionais. O foco das palestras sera o desenvolvimento de games e um debate sobre as </s>
    <s>Falando de feiras</s>
    <s>Programadoresdejogos Veja os Games de Outra Maneira Sony Microsoft Nintendo PC PSP NDS</s>
    <s>Blog sobre games em geral Nostalgia e a Nova Geraçao tratada de uma maneira nao convencional por nossos colaboradores Agora tambem com Podcast</s>
    <s>!categoryVideo Game</s>
    <s>Home • Ajuda • Contato • Termo de Uso • Privacidade • Anuncio</s>
    <s>(C) 2007-2011 DigNow.</s>
  </text>
</page>
