<?xml version="1.0" encoding="UTF-8"?>
<!DOCTYPE page SYSTEM "page.dtd">
<page>
  <lang>pt</lang>
  <url>http://www.oticsss.org/oticsss/publicacoes/documentos-de-apoio</url>
  <title>Documentos de Apoio — Observatório T.I.C. em Sistemas e ...</title>
  <snippet>
    <s>Resumo: documento que sistematiza princípios e diretrizes da política de informação e informática em saúde, após a aprovação na 12ª Conferência Nacional </s>
  </snippet>
  <text>
    <s>Ir para o conteúdo. | Ir para a navegação</s>
    <s>Mapa do Site</s>
    <s>apenas nesta seção</s>
    <s>Busca Avançada…</s>
    <s>Ferramentas Pessoais</s>
    <s>Você está aqui: Página Inicial -&gt; Repositório -&gt; Documentos de Apoio</s>
    <s>Nome do Usuário</s>
    <s>Os cookies não estão habilitados. Você precisa ativar os cookies antes de poder acessar.</s>
    <s>Esqueceu sua senha?</s>
    <s>Documentos de Apoio</s>
    <s>Documentos de apoio importantes para o trabalho desenvolvido no OTICSSS</s>
    <s>!Link Indicadores de Salud</s>
    <s>OPS. Indicadores de Salud: Elementos Básicos para el Análisis de la Situación de Salud. Boletim Epidemiológico, vol 22, Nº 4, 2001. Resumo: Apresenta os indicadores de saúde como elementos básicos para a análise da situação de saúde.</s>
    <s>!Link Indicadores básicos para a saúde no Brasil</s>
    <s>RIPSA. Indicadores básicos para a saúde no Brasil: conceitos e aplicações. 2ª Edição. Brasília: OPAS, 2008. Resumo: livro de referência para a pesquisa e a análise das condições de saúde no Brasil, apresenta indicadores, metodologias para a construção e interpretação de indicadores e outros conceitos relevantes para a análise da situação de saúde. É um produto da cooperação interagencial do projeto RIPSA. RIPSA. Indicadores básicos para a saúde no Brasil: conceitos e aplicações. 2ª Edição. Brasília: OPAS, 2008. Resumo: livro de referência para a pesquisa e a análise das condições de saúde no Brasil, apresenta indicadores, metodologias para a construção e interpretação de indicadores e outros conceitos relevantes para a análise da situação de saúde. É um produto da cooperação interagencial do projeto RIPSA. Outro link para acesso: http://tabnet.datasus.gov.br/cgi/idb2006/indicadores.pdf</s>
    <s>!Link Indicadores básicos para a saúde no Brasil - em Espanhol</s>
    <s>RIPSA. Indicadores básicos para a saúde no Brasil: conceitos e aplicações. 2ª Edição. Brasília: OPAS, 2008. Resumo: livro de referência para a pesquisa e a análise das condições de saúde no Brasil, apresenta indicadores, metodologias para a construção e interpretação de indicadores e outros conceitos relevantes para a análise da situação de saúde. É um produto da cooperação interagencial do projeto RIPSA.</s>
    <s>!Link Política Nacional de Informação e Informática em Saúde do SUS (PNIIS)</s>
    <s>BRASIL. Ministério da Saúde. Política Nacional de Informação e Informática em Saúde do SUS (PNIIS). Brasília: Ministério da Saúde/Datasus, 2004. Resumo: documento que sistematiza princípios e diretrizes da política de informação e informática em saúde, após a aprovação na 12ª Conferência Nacional de Saúde.</s>
    <s>!Link Relatório da 12ª Conferência Nacional de Saúde</s>
    <s>Resumo: documento que sistematiza princípios e diretrizes da política de informação e informática em saúde, após a aprovação na 12ª Conferência Nacional de Saúde.</s>
    <s>!Link Ambiente Virtual sobre a PNIIS</s>
    <s>Ambiente Virtual sobre a Política Nacional de Informação e Informática em Saúde do SUS (PNIIS).</s>
    <s>!Link Informação como suporte à gestão</s>
    <s>FERLA, A.A.; RIBEIRO, L.R.; OLIVEIRA, F.P.; GEYER, C.; ALVARES. L.O.. Informação como suporte à gestão: desenvolvimento de parâmetros para acompanhamento à gestão a partir da análise integrada dos sistemas de informação em saúde. Resumo: relato analítico da experiência de gestão da política estadual de informação e informática em saúde da Secretaria da Saúde do Estado do Rio Grande do Sul no período de 1999 a 2002. Analisa o projeto premiado pelo Ministério da Saúde no Concurso Nacional de Experiências Inovadoras no SUS de acompanhamento dos sistemas locorregionais de saúde por meio da análise integrada de informações e desenvolvimento de parâmetros.</s>
    <s>!Link Departamento de Informática do SUS (Datasus)</s>
    <s>Página eletrônica que disponibiliza bases de informação do Ministério da Saúde e ferramentas de tratamento e acesso, além de documentos e outras bases de conhecimento.</s>
    <s>!Link Rede Interagencial de Informações para a Saúde (RIPSA)</s>
    <s>Projeto de cooperação que congrega instituições responsáveis por informação em saúde no Brasil, com o objetivo de produzir subsídios para políticas públicas de saúde. Disponibiliza documentos, publicações na íntegra, projetos e informações de interesse para a saúde.</s>
    <s>!Link Un. Téc. de Informação para a Decisão de Políticas de Saúde da OPAS</s>
    <s>Unidade Técnica de Informação para a Decisão de Políticas de Saúde da Organização Pan-Americana de Saúde (OPAS) Resumo: Projeto que apóia o fortalecimento da capacidade nacional para a produção, análise e disseminação de informações sobre as condições de saúde da população brasileira, com o objetivo de subsidiar a formulação e a implementação de políticas públicas no âmbito do Sistema Único de Saúde (SUS). O ambiente da Unidade contém documentos, projetos, publicações e outros subsídios à problemática do uso da informação para a tomada de decisões na área da saúde.</s>
    <s>!Link Biblioteca Virtual em Saúde do Ministério da Saúde (BVS)</s>
    <s>Portal de acesso a bases de dados e conhecimentos de relevância à saúde, inclusive ao acervo de publicações do Ministério da Saúde: documentos, publicações institucionais, políticas e projetos.</s>
    <s>!Link ICICT - Fiocruz</s>
    <s>Instituto de Comunicação e Informação Científica e Tecnológica em Saúde (ICICT) da Fundação Oswaldo Cruz (Fiocruz) Resumo: Página eletrônica do ICICT, com informações, documentos, projetos, cursos e iniciativas no âmbito da informação e comunicação científica e tecnológica em saúde.</s>
    <s>!Link Reciis (ICICT - Fiocruz)</s>
    <s>Revista Eletrônica de Comunicação, Informação &amp; Inovação em Saúde – Reciis.</s>
    <s>!Link A experiência brasileira em sistemas de informação em saúde, v.1</s>
    <s>Brasil. Ministério da Saúde. A experiência brasileira em sistemas de informação em saúde, v.1. Brasília: Ministério da Saúde, 2009. Publicação conjunta da FIOCRUZ, Ministério da Saúde e OPAS/OMS no Brasil. Os sistemas de informação em saúde evoluem rapidamente. Além das mudanças tecnológicas, os conceitos e métodos para armazenar, tratar e disseminar informação para que seja utilizada da melhor forma por diferentes públicos (gestores, acadêmicos e sociedade em geral) têm se desenvolvido rapidamente. Importantes diferenças são identificadas entre as experiências de diferentes países, que correspondem aos processos históricos e às características das instituições e das necessidades dos sistemas de atenção. O primeiro volume da série traz textos de pesquisadores da área sobre: sistema de informações de nascidos vivos, sistema de informações de notificação, sistema de informações hospitalares, sistema de informações de mortalidade, experiência de disseminação de informações do Datasus e a experiência da RIPSA.</s>
    <s>!Link A experiência brasileira em sistemas de informação em saúde, v.2</s>
    <s>Brasil. Ministério da Saúde. A experiência brasileira em sistemas de informação em saúde, v.2. Brasília: Brasília: Ministério da Saúde, 2009. Publicação conjunta da Fiocruz, Ministério da Saúde e OPAS/OMS no Brasil. Os sistemas de informação em saúde evoluem rapidamente. Além das mudanças tecnológicas, os conceitos e métodos para armazenar, tratar e disseminar informação para que seja utilizada da melhor forma por diferentes públicos (gestores, acadêmicos e sociedade em geral) têm se desenvolvido rapidamente. Importantes diferenças são identificadas entre as experiências de diferentes países, que correspondem aos processos históricos e às características das instituições e das necessidades dos sistemas de atenção. O segundo livro da série traz textos sobre os principais sistemas de informação em saúde e de experiências de uso da informação.</s>
    <s>Ações do documento</s>
    <s>OTICSSS (C) 2010</s>
    <s>Impulsionado pelo Plone</s>
    <s>XHTML Válido</s>
    <s>CSS Válido</s>
    <s>Seção 508</s>
    <s>Resumo: Apresenta os indicadores de saúde como elementos básicos para a análise da situação de saúde.)</s>
    <s>Resumo: livro de referência para a pesquisa e a análise das condições de saúde no Brasil, apresenta indicadores, metodologias para a construção e interpretação de indicadores e outros conceitos relevantes para a análise da situação de saúde. É um produto da cooperação interagencial do projeto RIPSA.</s>
    <s>RIPSA. Indicadores básicos para a saúde no Brasil: conceitos e aplicações. 2ª Edição. Brasília: OPAS, 2008.</s>
    <s>Resumo: livro de referência para a pesquisa e a análise das condições de saúde no Brasil, apresenta indicadores, metodologias para a construção e interpretação de indicadores e outros conceitos relevantes para a análise da situação de saúde. É um produto da cooperação interagencial do projeto RIPSA.</s>
    <s>Outro link para acesso: http://tabnet.datasus.gov.br/cgi/idb2006/indicadores.pdf</s>
    <s>Resumo: livro de referência para a pesquisa e a análise das condições de saúde no Brasil, apresenta indicadores, metodologias para a construção e interpretação de indicadores e outros conceitos relevantes para a análise da situação de saúde. É um produto da cooperação interagencial do projeto RIPSA.)</s>
    <s>Resumo: documento que sistematiza princípios e diretrizes da política de informação e informática em saúde, após a aprovação na 12ª Conferência Nacional de Saúde.)</s>
    <s>Resumo: relato analítico da experiência de gestão da política estadual de informação e informática em saúde da Secretaria da Saúde do Estado do Rio Grande do Sul no período de 1999 a 2002. Analisa o projeto premiado pelo Ministério da Saúde no Concurso Nacional de Experiências Inovadoras no SUS de acompanhamento dos sistemas locorregionais de saúde por meio da análise integrada de informações e desenvolvimento de parâmetros.)</s>
    <s>Resumo: Projeto que apóia o fortalecimento da capacidade nacional para a produção, análise e disseminação de informações sobre as condições de saúde da população brasileira, com o objetivo de subsidiar a formulação e a implementação de políticas públicas no âmbito do Sistema Único de Saúde (SUS). O ambiente da Unidade contém documentos, projetos, publicações e outros subsídios à problemática do uso da informação para a tomada de decisões na área da saúde.)</s>
    <s>Resumo: Página eletrônica do ICICT, com informações, documentos, projetos, cursos e iniciativas no âmbito da informação e comunicação científica e tecnológica em saúde. )</s>
    <s>Publicação conjunta da FIOCRUZ, Ministério da Saúde e OPAS/OMS no Brasil. Os sistemas de informação em saúde evoluem rapidamente. Além das mudanças tecnológicas, os conceitos e métodos para armazenar, tratar e disseminar informação para que seja utilizada da melhor forma por diferentes públicos (gestores, acadêmicos e sociedade em geral) têm se desenvolvido rapidamente. Importantes diferenças são identificadas entre as experiências de diferentes países, que correspondem aos processos históricos e às características das instituições e das necessidades dos sistemas de atenção. O primeiro volume da série traz textos de pesquisadores da área sobre: sistema de informações de nascidos vivos, sistema de informações de notificação, sistema de informações hospitalares, sistema de informações de mortalidade, experiência de disseminação de informações do Datasus e a experiência da RIPSA.)</s>
    <s>Publicação conjunta da Fiocruz, Ministério da Saúde e OPAS/OMS no Brasil. Os sistemas de informação em saúde evoluem rapidamente. Além das mudanças tecnológicas, os conceitos e métodos para armazenar, tratar e disseminar informação para que seja utilizada da melhor forma por diferentes públicos (gestores, acadêmicos e sociedade em geral) têm se desenvolvido rapidamente. Importantes diferenças são identificadas entre as experiências de diferentes países, que correspondem aos processos históricos e às características das instituições e das necessidades dos sistemas de atenção. O segundo livro da série traz textos sobre os principais sistemas de informação em saúde e de experiências de uso da informação.)</s>
  </text>
</page>
