<?xml version="1.0" encoding="UTF-8"?>
<!DOCTYPE page SYSTEM "page.dtd">
<page>
  <lang>pt</lang>
  <url>http://www.med.gov.ao/Institucional.aspx%3Fop%3D4</url>
  <title>Ministério da Educação</title>
  <snippet>
    <s>Desempenhou depois várias tarefas, onde se destaca a Coordenação do Projecto “Formação em Planificação e Administração da Educação” organizado pela Conferência sobre a Pedagogia 86 realizada pelo Ministério da Educação de </s>
  </snippet>
  <text>
    <s>Você está aqui: !Skip Navigation LinksInicio &gt;&gt; Institucional &gt;&gt; Perfil do Ministro</s>
    <s>Informações Institucionais</s>
    <s>Quem é Quem</s>
    <s>Perfil do Ministro</s>
    <s>Serviços para o Cidadão</s>
    <s>Legislação Vigente</s>
    <s>Prestadores de Serviço ao Cidadão</s>
    <s>Agenda Pública</s>
    <s>Agenda de Eventos</s>
    <s>Perguntas e Respostas</s>
    <s>Solicitação de Audiência</s>
    <s>Centro de Contactos</s>
    <s>Links de Interesse</s>
    <s>Portais de Angola</s>
    <s>Perfil do Ministro</s>
    <s>Pinda Simão</s>
    <s>Pinda Simã nasceu a 21 de Outubro de 1949, em Maquela de Zombo, na província de Uíge.</s>
    <s>É licenciado em Matemática pela Universidade Nacional do Zaire (actual Congo Democrático), mas aprimorou a sua formação académica com inúmeros cursos realizados na Europa e em África.</s>
    <s>A nível profissional toda a sua carreira foi dedicada à educação. Começou como Professor de Matemática e de Física, passando depois pela chefia do Departamento de Ciências de Base na Faculdade de Ciências Agrárias no Huambo. Desempenhou depois várias tarefas, onde se destaca a Coordenação do Projecto de Reabilitação de Infra-Estruturas das Faculdades da Universidade Agostinho Neto, em 1992.</s>
    <s>Desempenhou o cargo de vice-ministro da Educação até ser nomeado titular da mesma pasta em 2010.</s>
    <s>!Síntese Biográfica </s>
    <s>Informação Pessoal</s>
    <s>Data de Nascimento: 21 de Outubro de 1949;</s>
    <s>Local de Nascimento: Maquela de Zombo, Uíge;</s>
    <s>País de Nascimento: Angola;</s>
    <s>Estado civil: Casado;</s>
    <s>N.º de filhos: Cinco.</s>
    <s>Curriculum Académico</s>
    <s>Certificado da Escola Primária, obtido na Escola Santa Teresa de Thysville na Republica do Zaire, (1963);</s>
    <s>Diploma do Estado, obtido no Liceu de Nso-Nkulu em Mbanza-Ngungu na República do Zaire, (1969);</s>
    <s>Diploma de Licenciatura em Matemática da Universidade Nacional do Zaíre (Actualmente Congo Democrático), (1974);</s>
    <s>“Formação em Planificação e Administração da Educação” organizado pela UNESCO junto do Bureau Regional da Educação em Africa em Dakar – República do Senegal (Fevereiro/Setembro 1983);</s>
    <s>“Formação em Estatística Escolar” organizado pela Divisão de Estatística da UNESCO em Luanda – Republica de Angola (Dezembro), (1984);</s>
    <s>“Formação em Avaliação de Projectos e Gestão de Empréstimos”, organizado pelo centro de Formação do Banco Africano de Desenvolvimento em Abidjan – República da Costa do Marfim. (Março – Abril), (1987);</s>
    <s>“Formação em Gestão de Projectos”, organizado conjuntamente pelo Instituto de Administração de Portugal e o Instituto Nacional de Organização e Administração do Estado em Luanda – República de Angola, (1988);</s>
    <s>Diploma de Estudos Superiores Especializados em Planificação da Educação, obtido junto do Departamento de Ciências de Educação da Universidade François Rebelais de Tours na República de França, (1992);</s>
    <s>Formação sobre a “Pilotagem e Avaliação da Qualidade de Educação, os Projectos de Desenvolvimento, e os Processos Orçamentais”, organizado pelo Instituto Internacional de Planificação da Educação, em Paris – França. (Março – Abril), (1995).</s>
    <s>Curriculum Político e Associativo</s>
    <s>Renomeado Ministro da Educação em Fevereiro de 2010, no âmbito da reformulação da Constituição da República de Angola;</s>
    <s>Vice-Ministro da Educação para a Reforma Educativa, (1997/2000).</s>
    <s>Curriculum Profissional</s>
    <s>Professor de Matemática e de Física no Instituto de Nsona-Nkulu em Mbanza-Ngungu na República do Zaire, (1974/1976);</s>
    <s>Professor de Matemática na Faculdade de Ciências Agrárias da Universidade Agostinho Neto no Huambo, (1976/1981);</s>
    <s>Chefe do Departamento de Ciências de Base na Faculdade de Ciências Agrárias no Huambo, (1978/1980);</s>
    <s>Director do Gabinete do Plano do Ministério da Educação em Luanda, (1981/1983);</s>
    <s>Responsável do Departamento de Estatística do Gabinete do Plano do Ministério da Educação em Luanda, (1983-1985);</s>
    <s>Director de Bureau de Execução do Projecto Educação I financiado pelo Banco Africano de Desenvolvimento (BAD) para a construção e equipamento de dois (2) Institutos Médios Técnicos em Luanda e em Malange, (1984/1989);</s>
    <s>Director do Gabinete de Intercâmbio Internacional do Ministério da Educação – Luanda, (1986/1988);</s>
    <s>Director do Gabinete Técnico do Ministério da Educação – Luanda, (1987/1989);</s>
    <s>Responsável de Execução do Projecto ANG/88/P03 financiado pelo Fundo das Nações Unidas para a População sobre o Ensino de Demografia na Universidade Agostinho Neto, (1989/ 1990);</s>
    <s>Coordenador do Projecto de Reabilitação de Infra-Estruturas das Faculdades da Universidade Agostinho Neto, (1992);</s>
    <s>Director do Primeiro Projecto da Educação financiado pela Associação Internacional de Desenvolvimento (Banco Mundial) (1992/1997);</s>
    <s>Director do Gabinete de Estudos, Planos e Projectos do Ministério da Educação, (1992/1997).</s>
    <s>Membro de</s>
    <s>Membro da Comissão de Reforma do Sistema de Ensino na República de Angola, (1985-1989);</s>
    <s>Membro do Comité de Peritos da Comissão Económica e Social do Conselho de Ministros, (1988-1989).</s>
    <s>Seminários, Congressos, Colóquios e Jornadas</s>
    <s>Conferência dos Ministros de Educação e de Planificação de África, organizada pela UNESCO em Harare – Zimbabwé. (1982);</s>
    <s>Conferência sobre a Pedagogia 86 realizada pelo Ministério da Educação de Cuba – Havana, (1986);</s>
    <s>Conferência Regional (África Austral e do Este) sobre a Educação para Todos com vista a preparação da Conferência Internacional, organizada pela UNESCO em Nairobi – Kenya,(1989);</s>
    <s>Conferência sobre a matéria de População, organizado pela Associação Brasileira em Matéria de População em Caxambu – Minas Gerais / Brasil, (1990);</s>
    <s>Seminário sobre a “População e Desenvolvimento Económico”, organizado pela Direcção do Fundo das Nações Unidas para a População (FNUAP), (1992);</s>
    <s>Conferência Constitutiva do Bureau Lusófono de Educação em África (BULEA) Estrutura Pedagógica do Bureau Africano de Ciências de Educação (BASE OUA). (Dezembro), (1993);</s>
    <s>XXVII Conferência Geral da UNESCO – Paris – France (Novembro), (1993);</s>
    <s>Conferência do Ministros Africanos de Educação e dos Doadores de Fundos para a Educação em África – Angers/France. (Outubro), (1993);</s>
    <s>Seminário sobre a “Elaboração de Projectos”, Organizado pelo Bureau do PNUD na República de Angola – Luanda, (1988);</s>
    <s>XXVIII Conferência Geral da UNESCO, (1995);</s>
    <s>Seminário sobre as “Dimensões Críticas na Gestão das Operações”, organizado pela L.T.ASSOCIATES, INC, em Quatre Bornes – Ilhas Maurícias. (Fevereiro), (1997).</s>
    <s>“Aplicações dos Desenvolvimento Limitados”. Tese apresentada com vista em obter o Diploma em Pedagogia Aplicada, opção Matemática/Física, (1974);</s>
    <s>“Programa de Construções Escolares no Ensino de Base em Angola”. Trabalho apresentado no decorrer do Seminário de Formação em Planificação e Administração Escolar – BREDA, Dakar (1983);</s>
    <s>“Diagnóstico do Sistema Educativo em Angola”. Elaborado no âmbito do grupo de Trabalho, (Junho de 1986)</s>
    <s>“Medidas de Saneamento e estabilização de Actual Sistema Educativo e Bases Gerais para um novo Modelo”. Elaborado no âmbito do Grupo de Trabalho, (Maio de 1988);</s>
    <s>“Os Efeitos do Crescimento Demográfico em Angola sobre a vida da população”. Apresentado na Conferencia em Matéria de População em Caxambu – Brasil, (Setembro de 1990);</s>
    <s>“Procedimentos e Práticas de Planificação de Educação no Gabão”. Tese apresentada com vista em obter o Diploma de Estudo Superior Especializado em Planificação da Educação, (França de 1992);</s>
    <s>“Estratégias de Implementação do Novo Sistema Educativo em Angola”. Trabalho apresentado na mesa redonda sobre a Lei de Bases do Sistema Educativo, (Setembro de 1993);</s>
    <s>“Opções para a Reconstrução do Sistema Educativo - «Estudo Sectorial». Vol 1 e 2.”. Elaborado no âmbito de um Grupo de Trabalho do Ministério da Educação, UNESCO e UNICEF, (Dezembro de 1993);</s>
    <s>“Educação em Angola na Era pós-Apartheid”. Pública na Revista transcending The LEGACY. Children in the Bew Southern Afrique. SARD e UNICEF, (Agosto de 1995).</s>
    <s>Perfil do Vice-Ministro</s>
    <s>Vice-Ministro para formação e Ensino Técnico-Profissional</s>
    <s>Narciso Damásio dos Santos Benedito</s>
    <s>!Síntese Biográfica </s>
    <s>Curriculum Político e Associativo</s>
    <s>Renomeado Vice-Ministro para a Formação e Ensino Técnico-Profissional, em Fevereiro de 2010, no âmbito de reformulação da Constituição da República de Angola.</s>
    <s>Perfil do Secretário</s>
    <s>Vice-Ministra para o Ensino Geral e Acção Social</s>
    <s>Ana Paula Inês Luís N'Dala Fernando</s>
    <s>!Síntese Biográfica </s>
    <s>Curriculum Político e Associativo</s>
    <s>Renomeada Vice-Ministra para o Ensino Geral e Acção Social, em Fevereiro de 2010, no âmbito da reformulação da constituição da República de Angola.</s>
    <s>Busca Avançada</s>
    <s>Informe o conteúdo que deseja pesquisar</s>
    <s>2006 - Projecto Portal do Governo da República de Angola - Copyright - Política de Privacidade</s>
  </text>
</page>
