<?xml version="1.0" encoding="UTF-8"?>
<!DOCTYPE page SYSTEM "page.dtd">
<page>
  <lang>pt</lang>
  <url>http://www.apdee.org/index.php%3Fpageid%3D1266</url>
  <title>Resumo Biográfico - APDEE</title>
  <snippet>
    <s>É revisor do IEEE(Institute of Electrical Engineers) e integra várias </s>
  </snippet>
  <text>
    <s>Login !</s>
    <s>Username Password</s>
    <s>Site Language !</s>
    <s>Short Biography</s>
    <s>Curriculum Vitae</s>
    <s>Short Biography</s>
    <s>Research Interests</s>
    <s>Recent Publications</s>
    <s>Curriculum Vitae</s>
    <s>Short Biography</s>
    <s>Home &gt; Short Biography</s>
    <s>Carlos F. R. Lemos Antunes was born in Lisbon (Portugal) in 1951, and received the Diplom in Electrical Engineering Degree from the Faculty of Engineering of the University of Porto (Portugal) in 1974.</s>
    <s>He received the PhD Degree from Imperial College of Science and Technology (London) in 1981, where he joined the research group of Professors Silvester, Lowther and Freeman.</s>
    <s>Since 1992 he is Full Professor in the University of Coimbra (U.C.), Portugal, at the Electrical Engineering and Computers Department (DEEC) of the Faculty of Sciences and Technology. He is responsible for the Chairs of Electromagnetic Compatibility, Applied Electrotechnics and High Voltage Techniques and Protection Devices. He has circa 35 years experience in the University life and has been responsible for the Chairs of around 25 different disciplines.</s>
    <s>His research interests are concerned with CAD/CAE techniques in the analysis and optimization of electromagnetic devices. In particular he works in computational applied electromagnetics in electrical machines and high voltage systems, thermal field analysis in electrical devices, electromagnetic compatibility, electromagnetic fields interaction with human beings.</s>
    <s>He his author of more than 200 papers published in International and National Journals and Conferences in the areas mentioned, and editor of 8 Books.</s>
    <s>He is the General Secretary of the International Steering Committee for the International Conference on Electrical Machines - ICEM.</s>
    <s>He is a Member of International Steering Committees of Conferences in Electrical Engineering as ICEM (International Conference on Electrical Machines), ISEF (International Symposium on Electromagnetic Fields), CLEEE, CHLIE (Portuguese and Spanish International Conferences in Electrical Engineering), EHE (International Conference on Electromagnetic Fields, Health and Environment).</s>
    <s>He was the co-founder of the International Conferences CLEEE, CHLIEE and the founder of International Conference EHE.</s>
    <s>Since 2008, he is &quot;External Expert on Risk Assessment&quot; on Electromagnetic Fields, Health and Enviorment for the European Union.</s>
    <s>He is Member/Senior Member of several national and international societies in Electrical Engineering as COMPUMAG (Computation of Electromagnetic Fields Society), IEEE Societies like Magnetics Society, Power Engineering Society, Electromagnetic Compatibility Society, Education Society, Communications Society, Engineering in Medicine &amp; Biology Society , APDEE (Portuguese Association for the Development of Electrical Engineering), AEDIE (Spanish Association for the Development of Electrical Engineering), OE (Portuguese Engineers Society).</s>
    <s>He is reviewer in the IEEE(Institute of Electric Engineers) for Scientific Committees of several International Conferences as COMPUMAG, CEFC, CLEEE, CHLIE, ICREPQ, and is the General Chairman of the International Conferences CLEEE, CHLIE in the years 1990 (Vigo), 1991 (Coimbra),1993 (Barcelona),1995 (Porto),1997 (Salamanca),1999 (Lisbon), 2001 (Madrid), 2003 (Vilamoura), 2005 (Marbella), 2007 (Funchal). He has also been Chairman of Technical Sessions in several International Conferences as COMPUMAG, ICEM, CEFC, ISEF, ICREPQ, CLEEE, and CHLIE.</s>
    <s>Regarding managing experience he is the founder, owner and CEO of the Company Enaco Lda (www.enaco.pt ) since 1987, he is the founder, owner and CEO of RIANDA Research - Centro de Investigação em Energia, Saúde e Ambiente. He is the Chairman of the Board of the Portuguese Association APDEE, and Vice Chairman of the Board of the Spanish Association AEDIE. He was President of the Electrical Engineering Department DEEC between 1985-87. He is the Director of CAD/CAE Lab in Electrical Engineering Department of U.C.(DEEC) and the responsible of the CAD/CAE of DEEUC and CASE research groups in Covilhã(UBI).</s>
    <s>He is Advisory Member of Ordem dos Engenheiros (the highest distinction of the Portuguese Engineers Society).</s>
    <s>Tel: +351 239 780 237</s>
    <s>Fax: +351 239 701 543</s>
    <s>Skype: comercial-enaco</s>
    <s>Powered By</s>
    <s>WhiteStyle, Linux, Apache, PHP and MySQL</s>
    <s>Developed by Softcontrol, Sistemas Informáticos : Powered by WhiteStyle 0.9.7b</s>
    <s>Logged User: guest</s>
    <s>Page Language: UNITED KINGDOM UTF-8!UNITED KINGDOM</s>
    <s>Browser: Mozilla Firefox!</s>
    <s>OS: Linux !Linux</s>
    <s>Copyright © 2005 APDEE- Associação Portuguesa para a Promoção e Desenvolvimento da Engenharia Electrotécnica. É expressamente proibida a reproducão dos conteúdos deste site, na totalidade ou em parte, em qualquer tipo de suporte, sem prévia permissão da APDEE- Associação Portuguesa para a Promoção e Desenvolvimento da Engenharia Electrotécnica.</s>
  </text>
</page>
