<?xml version="1.0" encoding="UTF-8"?>
<!DOCTYPE page SYSTEM "page.dtd">
<page>
  <lang>pt</lang>
  <url>http://www.viva-agenda.com/evento/1460/Congresso%2BInternacional%2BTurismo,%2BLazer%2Be%2BCultura</url>
  <title>Congresso Internacional Turismo, Lazer e Cultura, Conferência ...</title>
  <snippet>
    <s>Página inicial » Eventos » Conferência &amp; Congresso » Congresso </s>
  </snippet>
  <text>
    <s>INSERIR EVENTO</s>
    <s>Página inicial » Eventos » Conferência &amp; Congresso » Congresso Internacional Turismo, Lazer e Cultura</s>
    <s>Congresso Internacional Turismo, Lazer e Cultura @ Universidade Coimbra, 28/09/11</s>
    <s>Partilhar no Facebook</s>
    <s>quarta-feira, 28 de setembro de 2011</s>
    <s>AddAdicionar aos Favoritos AddAdicionar aos Favoritos RemoveRemover dos Favoritos</s>
    <s>0 utilizador gosta disto</s>
    <s>Universidade Coimbra</s>
    <s>Palácio dos Grilos</s>
    <s>3004 Coimbra</s>
    <s>Mapa | Procurar Alojamento</s>
    <s>Detalhes do Evento</s>
    <s>Website do Evento</s>
    <s>Visitar site</s>
    <s>O Congresso Internacional Turismo, Lazer e Cultura. Destinos, Sustentabilidade e Competitividade que vai ter lugar na cidade de Coimbra, de 27 a 29 de Setembro de 2011, pretende contribuir para enriquecer o diálogo entre a comunidade académica (professores, investigadores e estudantes), decisores políticos, investidores públicos e privados, profissionais ligados a organizações, entidades, empresas e associações que actuam no âmbito do turismo a diferentes escalas.</s>
    <s>A abertura do Congresso Internacional Turismo, Lazer e Cultura. Destinos, Sustentabilidade e Competitividade marca o Dia Mundial do Turismo (27 de Setembro). Para além disto, o Congresso celebra os 100 anos que decorreram desde o Primeiro Congresso de Turismo realizado em Portugal (IV Congresso Internacional de Turismo, Lisboa 1911) e, por último, mas não menos relevante, associa-se às Comemorações do Centenário da Faculdade de Letras da Universidade de Coimbra (1911-2011). Neste ano centenário que é de celebração a Universidade de Coimbra, detentora das mais recentes graduações – licenciatura, mestrado e doutoramento – em Turismo no Ensino Superior Universitário em Portugal, convida-o/a a vir ao Centro de Portugal e à cidade de Coimbra de 27 a 29 de Setembro de 2011.</s>
    <s>Registe-se e seja o primeiro a deixar um comentário.</s>
    <s>@ Coimbra</s>
    <s>Leituras Atravessadas</s>
    <s>Pessoa - O Grande Ausente</s>
    <s>Liga Universitária Casino Figueira 2011</s>
    <s>O Lago dos Cisnes</s>
    <s>Ver Todos</s>
    <s>@ Universidade Coimbra</s>
    <s>Ver Todos</s>
    <s>@ Conferência &amp; Congresso</s>
    <s>Ciclo Conferências Qualidade em Saúde</s>
    <s>Narrativa e Medicina 2011 : Contar a Doença, Falar do Sofrimento</s>
    <s>Conferências Internacionais de Design</s>
    <s>Repensar o 11 Setembro 10 anos depois</s>
    <s>IV Ciclo de palestras “Aveirenses Ilustres”</s>
    <s>Ver Todos</s>
    <s>Para usar esta funcionalidade faça login ou registe-se.</s>
    <s>Encontre, partilhe e crie eventos em qualquer lugar de Portugal.</s>
    <s>Mantenha-se a par dos seus artistas preferidos.</s>
    <s>Obtenha alertas de eventos na caixa de e-mail.</s>
    <s>Registe-se já</s>
    <s>É gratuito!</s>
    <s>Nome de Utilizador *</s>
    <s>Password *</s>
    <s>Código de Verificação</s>
    <s>Por favor, insira as letras e números que estão na imagem acima.</s>
    <s>Termos de Utilização</s>
    <s>Copyright (C) 2011 Viva Agenda.</s>
    <s>Todos os direitos reservados.</s>
  </text>
</page>
