<?xml version="1.0" encoding="UTF-8"?>
<!DOCTYPE page SYSTEM "page.dtd">
<page>
  <lang>pt</lang>
  <url>http://www.conahec.org/conahec/Conferences/Puebla2011/pt/Registration_pt.html</url>
  <title>CONAHEC Puebla 2011 -</title>
  <snippet>
    <s>Inscrição atrasada/durante a conferência, iniciando na: não é membro, junte- se ao CONAHEC http://conahec.org e economize nas suas taxas de inscrição. Favor visitar a seção de reservas de hotel para obter maiores detalhes. </s>
  </snippet>
  <text>
    <s>Pre para inscri:</s>
    <s>Inscriçao antecipada, ate:</s>
    <s>Sexta Feira, 9 de Setembro de 2011</s>
    <s>Regular, ate:</s>
    <s>Sexta-Feira, 23 de Setembro de 2011</s>
    <s>Inscriçao atrasada/durante a conferencia, iniciando na:</s>
    <s>Sexta-Feira, 23 de Setembro de 2011</s>
    <s>Membros do CONAHEC</s>
    <s>$350 US</s>
    <s>$450 US</s>
    <s>$585 US</s>
    <s>$450 US</s>
    <s>$550 US</s>
    <s>$685 US</s>
    <s>Conferencia Estudantil (SONA)</s>
    <s>$125 US</s>
    <s>$150 US</s>
    <s>$200 US</s>
    <s>Nao-membros: Se sua instituiçao nao e membro, junte-se ao CONAHEC http://conahec.org e economize nas suas taxas de inscriçao.</s>
    <s>O sistema de registro online:</s>
    <s>IMPORTANTE: Pagamentos tem de ser recebidos pelo CONAHEC antes ou nas das datas especificadas acima. Caso contrario, a taxa cobrada sera a de maior preço de acordo com a data.</s>
    <s>Nos aceitamos cheques enviados por correio, transferencias bancarias (as taxas de transferencia e do banco tem de ser pre-pagas pelo registrante) e cartoes de credito, utilizando o sistema online ou por telefone. Para as inscriçoes atrasadas/durante a conferencia, so serao aceitos pagamentos com cartoes de credito ou transferencias bancarias, e que devem ser recebidos nos escritorios do CONAHEC um dia antes da conferencia. Caso contrario, outro metodo de pagamento devera ser feito na area de registro da conferencia.</s>
    <s>Sexta-Feira, 23 de Setembro de 2011 e o ultimo dia para receber reembolso parcial pelo cancelamento da inscriçao (menos $100 taxa de cancelamento). Reembolsos nao serao oferecidos por cancelamentos Sabado, 24 de Setembro, 2011 e depois. O registro e transferivel, se voce nao puder comparecer, favor considere enviar alguem para a conferencia.</s>
    <s>Por favor, levar em conta que as taxas de inscriçao nao incluem hospedagem ou reservas de hotel. Favor visitar a seçao de reservas de hotel para obter maiores detalhes.</s>
    <s>Para informaçoes sobre registro, ligar para +1 (520) 626-7761,</s>
    <s>ou entrar em contato com Marianna Velazquez pelo e-mail: mariannv@email.arizona.edu.</s>
    <s>!Organizadores y co-sedes</s>
  </text>
</page>
