<?xml version="1.0" encoding="UTF-8"?>
<!DOCTYPE page SYSTEM "page.dtd">
<page>
  <lang>pt</lang>
  <url>http://cnsc2009forum.bligoo.com/documento-final-antes-da-conferencia-de-imprensa</url>
  <title>Documento FINAL antes da Conferencia de imprensa</title>
  <snippet>
    <s>22 ago. 2011 Documento FINAL antes da Conferencia de imprensa que o mais importante é falar de objectivos, princípios (transparência, gestão participativa, os grupos de coordenação, etc. Inicie sua sessão ou Cadastre-se grátis » </s>
  </snippet>
  <text>
    <s>Inicio | Site da III CNSC | Capacitaçao | Links | Contato</s>
    <s>Terra, Habitaçao e Cidade</s>
    <s>Meio Ambiente</s>
    <s>Debates por Regi/h2&gt;</s>
    <s>TODAS (Nacional)</s>
    <s>Contemais lidos</s>
    <s>Mais lidos</s>
    <s>O Que ociedade Civil ?</s>
    <s>Informaçoes de Utilidade Publica O Que e Sociedade Civil ? Sao diversas formas de organizaçao (Ler mais) (2223 visitas)</s>
    <s>Orento po municipal</s>
    <s>O desafio de promover e garantir os direitos passa necessariamente por uma maior eficiencia, equidade (Ler mais) (1405 visitas)</s>
    <s>Lei da Organiza e Funcionamento dos g da Administra do Estado</s>
    <s>Esta em anexo o novo Decerto-lei nº 17/10 de 29 de Julho, sobre a Organizaçao (Ler mais) (600 visitas)</s>
    <s>Anse do OGE 2010</s>
    <s>O OPSA (com o apoio da ADRA e financiamento da Ajuda Popular da Noruega) esta (Ler mais) (574 visitas)</s>
    <s>&quot;A nova Constitui e os Desafios do Processo de Consolida do Estado Democrco e de Direito&quot;</s>
    <s>Objectivo geral: Contribuir para consolidaçao do Estado Democratico e de Direito no quadro da nova (Ler mais) (377 visitas)</s>
    <s>Os 11 Compromissos pela crian assumidos pelos Chefes de Estado e de Governo</s>
    <s>I. Declaraçao 1. Ha 11 anos, durante a Cupula Mundial pela Criança, os dirigentes mundiais (Ler mais) (287 visitas)</s>
    <s>Documento FINAL antes da Conferencia de imprensa</s>
    <s>Enviado por Ala Gamito em 22/08/2011 /span&gt; 8:38</s>
    <s>Caro Wardemar, companheiros e companheiras</s>
    <s>Boa Noite.</s>
    <s>Gostaria que entendesse que a minha participaçao tem, unicamente, objectivo de ajudar o processo. Sinto que nao necessito de termos de referencia para ajudar a si e a conferencia Angolana da Sociedade Civil. Tambem lhe digo que nao posso assumir o papel de facilitador desta TAREFA, porque a minha disponibilidade e cada vez menor, na proxima semana estarei na Huila e a seguir vou fazer um curso em Portugal e mais tarde, se todo correr bem vou ate ao Brazil. Isso para dizer, que o tempo passa, as oportunidades surgem e se nao estivermos atentos, acabamos por perde-las e nao voltam mais.</s>
    <s>A) Gostaria de propor que sem demoras se inicie com o processos de recolha de contribuiçoes para melhorar o documento final (periodo maximo uma semana);</s>
    <s>B) Rapidamente se deve escolher o facilitador e orientador deste debate, na plenaria virtual. Qual seria a responsabilidade do facilitador (o grupo deveria, em meu entender monitorar o papel do facilitador. Se ele se omitir ou nao assumir as funçoes devera rapidamente ser substituido)</s>
    <s>1) Compilar todas as contribuiçoes, começando pela contribuiçao da Tina,</s>
    <s>2) Recolher a informaçao por um periodo estabelecido - Uma semana?</s>
    <s>3) Identificar as convergencias que devem ser acrescimos ao documento</s>
    <s>4) Identificar as divergencias - atraves da pergunta colocar estas questoes em debate.</s>
    <s>C) Realizar duas conferencias de imprensa, uma na provincia e outra em Luanda, elas deverao ocorrer logo que se termine este processo para finalizar a proposta final do documento a entregar a financiadores e parceiros. Para a conferencia de imprensa parece-me que o mais importante e falar de objectivos, principios (transparencia, gestao participativa, os grupos de coordenaçao, etc.), o processo, os eventuais temas que serao debatidos;</s>
    <s>D) Em relaçao as provincias com maior dificuldade para organizar a conferencia, sugiro que identifique a partir deste grande numero de endereços, pessoas que se pre-disponham a apoiar e facilitar que se estabeleçam contactos com eventuais organizadores.</s>
    <s>Vantagens de finalizar o documento:</s>
    <s>u Ampliar e aprofundar o conhecimento / entendimento dos objectivos de curto, medio e longo prazo</s>
    <s>u Garantir que os principios sejam conhecidos e defendidos por todos</s>
    <s>u Garantir da transparencia</s>
    <s>u Garantir uma gestao participativa da conferencia;</s>
    <s>u Atrair apoios: reconhecimento, capacidades tecnicas, ampliar a rede de contactos, atrais recursos materias e recursos financeiros</s>
    <s>u Legitimar o processo</s>
    <s>u Partilhar as responsabilidades da preparaçao e realizaçao da conferencia (no final se alguma coisa corre mal, nos fizemos, ou nao fizemos)</s>
    <s>u Evitar que no momento da conferencia ocorram situaçoes imprevistas</s>
    <s>Desvantagens de nao fazer o debate do documento final:</s>
    <s>u Processo autoritario, conduzido de cima para baixo;</s>
    <s>u Processo pouco inclusivo</s>
    <s>u Processo fechado, pouco aberto a sugestoes, propostas, criticas</s>
    <s>u Retracçao de apoios (humanos, materias e financeiros e a mobilizar os grupos de coordenaçao das outras provincias)</s>
    <s>u Processo sem vitalidade, sem conteudo e sem proposito</s>
    <s>u Desmobilizaçao de pessoas chave ao processo</s>
    <s>u Fracasso ( neste caso o que se podera dizer: o coordenador, ou o grupo de coordenaçao, ou o grupo de apoio nao estiveram capazes de conduzir a realizaçao da Conferencia Nacional da Sociedade Civil)</s>
    <s>Ha sempre situaçoes dificeis de equacionar, por isso nessa altura e importante a voz do coordenado. É preciso decidir. Nao permita vazios / silencios…, a ausencia de resposta as questoes fundamentais, a falta de seguimento das recomendaçoes pelo grupo de coordenaçao e grupo de apoio, faz com que o processo nao consiga ganhar vida, vitalidade. Os debates por vezes acalorados, sao motivadores e inspiradores para acçao. Principalmente quando uma pessoa sente que a sua contribuiçao e tida em consideraçao. Ao contrario, quando entramos todos em ataques e contra ataques frontais ou de outra natureza, perdemos todos interesse neste processo. No final perdemos todos.</s>
    <s>A vida e muito interessante. Existem mil possibilidade de nos engajarmos e participarmos como membros da sociedade civil, sem necessariamente ter que lidar com um &quot;rame-rame&quot; que nao sai do mesmo lugar (ja passaram mais de duas semanas do momento que o documento esta para ser analisado). Isto para lhe dizer a si a todos os companheiros que a responsabilidade de dar um rumo diferente a Conferencia, esta profundamente na mao e na cabeça de cada um. Todos nos queixamos, todos desejamos viver numa sociedade diferente, mas ela tem que começar a ser diferente começando por cada um e tera de ser construida por nos e nao sera facil, disso estou certa.</s>
    <s>OBS: e importante, que sobre estes assuntos tome uma decisao e coloque o barco em alto mar.</s>
    <s>Logo que possa envio as minhas contribuiçoes para o documento.</s>
    <s>Alexandra Gamito</s>
    <s>Debates por Regi/span&gt; .Todas (Nacional)</s>
    <s>Compartilhar | Comentar |</s>
    <s>0 Comenarios</s>
    <s>Publicidade de Bligoo.com</s>
    <s>Escreva um comento</s>
    <s>Desea usar sua foto? - Inicie sua sess/a&gt; ou [Cadastre-se grs</s>
    <s>Nome (Necesso)</s>
    <s>E-mail (Necesso)</s>
    <s>Tlo do comento</s>
    <s>Receber notificas de novos comentos</s>
    <s>Comentos a este artigo no RSS</s>
    <s>Usuos cadastrados</s>
    <s>Lembrar-me neste computador</s>
    <s>ou Inscreva-se</s>
    <s>Esqueceu sua senha?</s>
    <s>timos comentos do po</s>
    <s>sobre orento publico </s>
    <s>h dias</s>
    <s>encontro das comunidades </s>
    <s>hma semana</s>
    <s>mudande horo de </s>
    <s>h semanas</s>
    <s>VOLTO A REFLECTIR NESTE </s>
    <s>h semanas</s>
    <s>Coeria de posis</s>
    <s>h semanas</s>
    <s>timas pesquisas</s>
    <s>Porque vocpublica e comenta mais?</s>
    <s>Dificuldades com o computador e este site</s>
    <s>Custa-me escrever algo para publicar</s>
    <s>Ntenho muito para dizer</s>
    <s>Falta-me tempo disponl para isto</s>
    <s>Enquetes anteriores</s>
    <s>ESCRAVOS DO S. XXI</s>
    <s>h m/span&gt;</s>
    <s>h m/span&gt;</s>
    <s>CERCO SENZALAS DA MODA</s>
    <s>h m/span&gt;</s>
    <s>EXCRAVATURA DO SULO XXI</s>
    <s>h m/span&gt;</s>
    <s>TRABALHO ESCRAVO</s>
    <s>h m/span&gt;</s>
    <s>CAMPANHA FIM DOS PARAOS FISCAIS</s>
    <s>h meses</s>
    <s>Vo muito instrutivo sobre o direito omunica</s>
    <s>h ano</s>
    <s>Petr e Angola</s>
    <s>h ano</s>
    <s>Lavagem cerebral da ma</s>
    <s>h ano</s>
    <s>Arte ao servida consciencializa</s>
    <s>h ano</s>
    <s>Esta comunidade utiliza a</s>
    <s>plataforma social Bligoo</s>
  </text>
</page>
