<?xml version="1.0" encoding="UTF-8"?>
<!DOCTYPE page SYSTEM "page.dtd">
<page>
  <lang>pt</lang>
  <url>http://www.iscte-iul.pt/servicos/servicos_academicos/apresentacao.aspx</url>
  <title>Apresentação - ISCTE-IUL</title>
  <snippet>
    <s>Apresentação e Contactos Conferência e Workshop com Jeff French: Mudanças de Comportamento nas Intervenções Sociais &middot; Conferência: Rumor, fama e </s>
  </snippet>
  <text>
    <s>Todo o Portal</s>
    <s>QUEM SOMOS</s>
    <s>UNIDADES DE INVESTIGAÇÃO</s>
    <s>INSERÇÃO PROFISSIONAL</s>
    <s>BUSINESS SCHOOL</s>
    <s>TRANSFERÊNCIA DE CONHECIMENTO</s>
    <s>Os termos MAIS PROCURADOS:</s>
    <s>Nome de utilizador:</s>
    <s>Palavra - Passe:</s>
    <s>Mapa do Site</s>
    <s>Termos de Utilização</s>
    <s>Perguntas Frequentes</s>
    <s>QUEM SOMOS</s>
    <s>O ISCTE-IUL em Números</s>
    <s>Orgãos do ISCTE-IUL</s>
    <s>Conselho de Curadores</s>
    <s>Conselho Geral</s>
    <s>O Reitor</s>
    <s>Conselho Científico</s>
    <s>Conselho Pedagógico</s>
    <s>Conselho de Gestão</s>
    <s>Fiscal Único</s>
    <s>Provedor do Estudante</s>
    <s>Mensagem do Reitor</s>
    <s>Trabalhar no ISCTE-IUL</s>
    <s>Instituições de Ensino Nacionais</s>
    <s>Instituições de Ensino Internacionais</s>
    <s>Associações e Redes Universitárias</s>
    <s>Campus Universitário</s>
    <s>Complexo do ISCTE 1976-2005</s>
    <s>Os três lados do pentágono</s>
    <s>Raúl Hestnes Ferreira</s>
    <s>Entidades Participadas e Associadas</s>
    <s>INDEG - Formação de Executivos</s>
    <s>IT - Laboratório Associado de Telecomunicações</s>
    <s>Centro de Ciência Viva do Lousal</s>
    <s>AUDAX - Centro de Empreendedorismo</s>
    <s>IPPS - Formação em Politicas Públicas</s>
    <s>Legislação e Regulamentação</s>
    <s>Como chegar ao ISCTE</s>
    <s>!quem somos</s>
    <s>Corpo Docente</s>
    <s>Unidades Curriculares</s>
    <s>Rel. Internacionais</s>
    <s>Conferências e Seminários</s>
    <s>Arquitectura e Urbanismo</s>
    <s>Corpo Docente</s>
    <s>Unidades Curriculares</s>
    <s>Rel. Internacionais</s>
    <s>Conferências e Eventos</s>
    <s>Ciência Política e Políticas Públicas</s>
    <s>Corpo Docente</s>
    <s>Unidades Curriculares</s>
    <s>Ciências e Tecnologias de Informação</s>
    <s>Corpo Docente</s>
    <s>Unidades Curriculares</s>
    <s>Rel. Internacionais</s>
    <s>Economia Política</s>
    <s>Corpo Docente</s>
    <s>Unidades Curriculares</s>
    <s>Corpo Docente</s>
    <s>Unidades Curriculares</s>
    <s>Rel. Internacionais</s>
    <s>Conferências e Outros Eventos</s>
    <s>Marketing Operações e Gestão Geral</s>
    <s>Métodos de Pesquisa Social</s>
    <s>Corpo Docente</s>
    <s>Unidades Curriculares</s>
    <s>Métodos Quantitativos</s>
    <s>Psicologia Social e das Organizações</s>
    <s>Corpo Docente</s>
    <s>Unidades Curriculares</s>
    <s>Rel. Internacionais</s>
    <s>Recursos Humanos e Comportamento Organizacional</s>
    <s>Corpo Docente</s>
    <s>Unidades Curriculares</s>
    <s>Rel. Internacionais</s>
    <s>Links Úteis</s>
    <s>Nestas páginas encontra informação genérica sobre cada departamento, incluíndo uma lista dos docentes que constituem o departamento e das Unidades Curriculares oferecidas pelo departamento.</s>
    <s>UNIDADES DE INVESTIGAÇÃO</s>
    <s>Adetti-IUL, Centro para o Desenvolvimento das Técnicas Informáticas</s>
    <s>CEA-IUL, Centro de Estudos Africanos</s>
    <s>CEHC-IUL, Centro de Estudos de História Contemporânea</s>
    <s>CIES-IUL, Centro de Investigação e Estudos de Sociologia</s>
    <s>Cis-IUL, Centro de investigação e de Intervenção Social</s>
    <s>CRIA-IUL, Pólo do Centro em Rede de Investigação em Antropologia</s>
    <s>Dinâmia/CET-IUL, Centro de Estudos sobre a Mudança Socioeconómica e o Território</s>
    <s>IT-IUL, Delegação do Instituto de Telecomunicações</s>
    <s>Unide-IUL, Unidade de Investigação em Desenvolvimento Empresarial</s>
    <s>Apoio à Investigação</s>
    <s>Unidades de Investigação</s>
    <s>Business School</s>
    <s>Escola de Sociologia e Políticas Públicas</s>
    <s>Escola de Ciências Sociais e Humanas</s>
    <s>Escola de Tecnologias e Arquitectura</s>
    <s>Cursos em Parceria</s>
    <s>Competências Transversais</s>
    <s>Funcionamento das UCs</s>
    <s>Competências Instrumentais</s>
    <s>Competências interpessoais</s>
    <s>Competências sistémicas</s>
    <s>O ISCTE orgulha-se do trabalho que tem desenvolvido desde 1972. As prioridades do Instituto são a inovação, a qualidade e a diversidade, tanto na educação como na pesquisa académica.</s>
    <s>Job vacancies</s>
    <s>Universidades parceiras</s>
    <s>Mobilidade Out</s>
    <s>Programa ERASMUS</s>
    <s>Programa Almeida Garrett</s>
    <s>Programa Leonardo da Vinci</s>
    <s>Programa Marco Polo</s>
    <s>Cooperação Internacional</s>
    <s>Projecto Buddy</s>
    <s>Incoming Students</s>
    <s>Exchange Programmes</s>
    <s>Application Process</s>
    <s>Buddy Mentoring</s>
    <s>Academic Information</s>
    <s>Portuguese Language Courses</s>
    <s>Practical Information</s>
    <s>Check List</s>
    <s>Mobilidade Docente</s>
    <s>Mobilidade Erasmus</s>
    <s>Processo de Candidatura</s>
    <s>Cursos/programas internacionais</s>
    <s>Em Língua Inglesa</s>
    <s>Em Português</s>
    <s>IEPM - International Exchange Programmes in Management</s>
    <s>ECTS (European Credit Transfer System)</s>
    <s>Introduction to ECTS</s>
    <s>European Credit Transfer System</s>
    <s>Histórias de Sucesso</s>
    <s>Gabinete de Relações Internacionais</s>
    <s>Coordenadores Académicos</s>
    <s>Incentivar e impulsionar a cooperação transnacional entre universidades, quer em programas europeus de cooperação interuniversitária, quer através de protocolos de colaboração recíproca celebrados com instituições espalhadas pela Ásia, África e América</s>
    <s>INSERÇÃO PROFISSIONAL</s>
    <s>Antigos Alunos</s>
    <s>Career Services Gestão</s>
    <s>!insercao profissional</s>
    <s>Serviços Académicos</s>
    <s>Informações 1º Ciclo</s>
    <s>Informações 2º e 3º Ciclos</s>
    <s>Normas e Regulamentos</s>
    <s>Impressos e Requerimentos</s>
    <s>Formulários de Inscrição - 2º ano de Mestrado</s>
    <s>Secretariado das Escolas</s>
    <s>Gabinete de Acesso ao Ensino Superior</s>
    <s>Acesso ao Ensino Superior</s>
    <s>Concurso Nacional - Contingente Geral</s>
    <s>Concurso Nacional - Contingente Especial</s>
    <s>Regime Especial</s>
    <s>Residência ISCTE-IUL</s>
    <s>Residência ISCTE-IUL</s>
    <s>Competências Transversais</s>
    <s>Apoio / Aconselhamento ao Aluno</s>
    <s>Apoio de Emergência / Situações Excepcionais</s>
    <s>Precisas de Ajuda?</s>
    <s>Bolsas de Estudo</s>
    <s>Saúde e Desporto</s>
    <s>Regulamento de Atribuição de Bolsas de Estudo</s>
    <s>Resultados de Candidaturas Bolsas de Estudo</s>
    <s>Serviços de Informática</s>
    <s>Apoio ao utente</s>
    <s>Aluguer de Espaços</s>
    <s>Gab. Estudos, Avaliação, Planeamento e Qualidade</s>
    <s>Estudos e Avaliação</s>
    <s>Planeamento e Qualidade</s>
    <s>Gabinete de Comunicação e Imagem</s>
    <s>Serviços de Informação e Documentação</s>
    <s>Gabinete de Inserção Profissional</s>
    <s>Gabinete de Relações Internacionais</s>
    <s>Gabinete de Apoio à Investigação</s>
    <s>Outros serviços</s>
    <s>Gabinete de Apoio à Reitoria</s>
    <s>Gabinete de Gestão Curricular</s>
    <s>Núcleo de relações institucionais e Assessorias</s>
    <s>Serviços Financeiros, Patrimonial e de Recursos Humanos</s>
    <s>Encontre aqui:</s>
    <s>Normas e Regulamentos</s>
    <s>Impressos e Requerimentos</s>
    <s>Acesso ao Ensino Superior</s>
    <s>Bolsas de Estudo</s>
    <s>Aluguer de espaços ISCTE-IUL</s>
    <s>Catálogo Bibliográfico da Biblioteca</s>
    <s>Página Inicial</s>
    <s>Horário e Localização</s>
    <s>Blogoteca - Blog da Biblioteca</s>
    <s>Facebook da Biblioteca</s>
    <s>Leitura Presencial</s>
    <s>Empréstimo Domiciliário</s>
    <s>Renovação de obras emprestadas</s>
    <s>Encomendas de Obras</s>
    <s>Empréstimo Interbibliotecas</s>
    <s>Referência e Pesquisa</s>
    <s>Salas de Estudo em Grupo</s>
    <s>Actividades de Dinamização Cultural</s>
    <s>Qualidade dos Serviços</s>
    <s>Procedimentos da Qualidade</s>
    <s>Questionário à Satisfação</s>
    <s>Formação de Utilizadores</s>
    <s>Formação aos Novos Alunos</s>
    <s>Formação em Pesquisa e Análise de Informação</s>
    <s>Perguntas Frequentes</s>
    <s>Guias e Ajudas</s>
    <s>Recursos de Informação</s>
    <s>Catálogo Bibliográfico da Biblioteca</s>
    <s>Open Science Directory</s>
    <s>Catálogo de Rev. Cient. FCT</s>
    <s>Google Académico</s>
    <s>Teses e Dissertações</s>
    <s>Bases de Dados</s>
    <s>Livros Electrónicos</s>
    <s>Revistas e Artigos Científicos</s>
    <s>Cadernos Temáticos</s>
    <s>Factor de Impacto - ISCTE-IUL</s>
    <s>A BiblioNews da Biblioteca do ISCTE tem como objectivo informar regularmente os utilizadores sobre todos os novos recursos e serviços disponibilizados.</s>
    <s>Apresentação e Contactos</s>
    <s>Eventos em agenda</s>
    <s>Amadora Empreende</s>
    <s>Using Measures of Brain Activity to Inform Theories of Social Behavior</s>
    <s>A Religião e a Política nos Açores</s>
    <s>IndieLisboa apresenta festival no ISCTE-IUL</s>
    <s>Global Village - 2st Semester</s>
    <s>Exibição do Documentário Dundo: Memória colonial</s>
    <s>Conferência 'Facial reactions and facial feedback'</s>
    <s>Symposium on Ethics and Social Responsibility Research</s>
    <s>The institutional future of the European Union</s>
    <s>No Performance's Land</s>
    <s>ISCTE-IUL atribui doutoramento Honoris Causa a José Veiga Simão e André Jordan</s>
    <s>The Political Systems in the Baltic States</s>
    <s>Exposição: Luiz Cunha: 57 anos de Desenho, Arte, Arquitectura e Urbanismo</s>
    <s>FISTA 2011: Companies powered by Universities</s>
    <s>Conferência com Dolf Zilmann</s>
    <s>Conferência: Sistema Nacional de Qualificações</s>
    <s>Conferência: International Business</s>
    <s>Colóquio: 3º ano do Programa de Doutoramento em Sociologia</s>
    <s>Exibição do filme Cemetery State de Filip De Boecke e Sarah Vanagt</s>
    <s>Conferência: Basileia III e a Regulação do Sistema Financeiro</s>
    <s>Exposição Bibliográfica: mISCuTEm - 10 Anos - Retrospectiva do percurso do Grupo de Teatro do ISCTE-IUL</s>
    <s>&quot;Arte da Terra - Cerâmica&quot; exposição de Maria Carvalho e José Teixeira</s>
    <s>Representações museológicas do Boi Maranhense</s>
    <s>Conferência &quot;The Left-right Divide in New Democratic Regimes&quot;</s>
    <s>Conferência Internacional Toastmasters Portugal</s>
    <s>Work and Industrial relations in times of crisis: European Perspectives</s>
    <s>Jornadas de Ciência Política</s>
    <s>Seminário: How to implement corporate social responsability in the virtual world of Internet</s>
    <s>Imigração e Trabalho Doméstico: itinerários locais de um tráfego global</s>
    <s>Ciclo de Seminários: Business Intelligence – Novas Tendências</s>
    <s>Seminário de Estudos Africanos: Preservação Ambiental e Desenvolvimento Comunitário</s>
    <s>IBS Annual Finance Conference: Commodities &amp; Energy Markets</s>
    <s>Symposium on Recent Advances in Methods for the Analysis of Panel Data</s>
    <s>Seminário: A sociedade portuguesa do fim do século XX na publicidade de imobiliário</s>
    <s>Lançamento de livro &amp; Mesa-redonda: 'Antropologia da Cidade'</s>
    <s>Conferência e Workshop com Jeff French: Mudanças de Comportamento nas Intervenções Sociais</s>
    <s>Conferência: Rumor, fama e espaço vivido: uma etnografia com famílias ciganas do Algarve</s>
    <s>Seminário: Blessed be the Good Soldier: Cinema, Media and the Manufacturing of Nationhood in Post 9/11 Italy</s>
    <s>Conferência: Democracia, Retórica e Cidadania - Desafios para o Século XXI</s>
    <s>Conferência: Estudiar emociones en contexto de laboratorio</s>
    <s>Conferência: Atención exógena a estímulos emocionales</s>
    <s>Conferência: Ciberdemocracia parlamentar - Campanhas e jornalismo em Espanha</s>
    <s>Seminário: Afropolis: On the making of an exhibition on art and urban practices</s>
    <s>Conferência 'How Facebook, YouTube and Twitter are Changing our Media and our Politics' com Jonathan Taplin</s>
    <s>Conferência 'Global Circuits Of Gender: Women And High-Tech Work In India And The U.S.’ com Winifred Poster</s>
    <s>Seminário interdisciplinar 'Desenvolvimento e Bem-Estar’ com Stefano Bartolini,</s>
    <s>Conferência 'Possible futures' com Craig Calhoun</s>
    <s>Lançamento do Livro 'Ser Jornalista em Portugal – Perfis Sociológicos'</s>
    <s>10ª Conferência anual de Empreendedorismo e Criação de Empresas</s>
    <s>Dia da Investigação ISCTE-IUL 2011</s>
    <s>Exposição de Antropologia Visual - Turismo, Peregrinação e Transformação</s>
    <s>Workshop 'Estratégias e Tecnologias Open Source' com Stefano Zacchiroli e Flávio Moringa</s>
    <s>Symposium Digital Fabrication - State of Art</s>
    <s>Reunião de Embaixadores e Conselheiros Económicos/Comerciais do Continente Africano</s>
    <s>Fluxus - Conference on Social Appropriations and Usage Conflicts in African Cities</s>
    <s>Lançamento do Livro: Música Migrante em Lisboa</s>
    <s>Jornadas do Sucesso Académico ISCTE-IUL</s>
    <s>Final Track - ISCTE-IUL/MIT Portugal Venture Competition</s>
    <s>Talking about : going and coming back - Representations of Migration in Mali</s>
    <s>How to study party attitudes through party manifestos</s>
    <s>Sessão de acolhimento aos alunos do Programa Erasmus</s>
    <s>Conversa da Biblioteca a partir do livro do Professor Abílio Oliveira &quot;O Desafio da Vida&quot;.</s>
    <s>Sessão de Formação &quot;Buddy Mentoring&quot;</s>
    <s>Apresentação do livro &quot;Projectos de Inovação na Gestão Pública&quot;</s>
    <s>Conferência &quot;Grounding Knowledge in the Brain’s Modal Systems&quot;</s>
    <s>Conferência &quot;Horizontal asymmetries: Distal and proximal causes of the spatial agency bias&quot;</s>
    <s>Conferência &quot;Horizontal asymmetries: Distal and proximal causes of the spatial agency bias&quot;</s>
    <s>4.º Ciclo de Conferências Internacionais em Serviço Social</s>
    <s>ABORNE: &quot;Crossing African Borders: Migration and Mobility&quot;</s>
    <s>Debate &quot;Doing border: building and overcoming fences&quot;</s>
    <s>Conferência e sessão de apresentação do livro Amílcar Cabral (1924-1973) – Vida e Morte de um Revolucionário Africano</s>
    <s>A Crise Financeira: Origens e Consequências</s>
    <s>Grupo Nabeiro. Gestão Sustentada e Sucesso Empresarial. 15 Lições práticas de Gestão</s>
    <s>Olhares e narrativas sobre migrações em Portugal</s>
    <s>Lançamento de livro &quot;Corporate Governance no Espaço Lusófono&quot;</s>
    <s>Conferência: &quot;Cultura Pirata na Sociedade da Informação&quot;</s>
    <s>Apresentação de livro: &quot;Porque prevaleceu a paz – Moçambicanos respondem&quot;</s>
    <s>I Seminário Contemporaneidade vs Antiguidade - Arquitectura</s>
    <s>I Seminário Contemporaneidade vs Antiguidade - Cinema</s>
    <s>I Seminário Contemporaneidade vs Antiguidade - Pintura</s>
    <s>I Seminário Contemporaneidade vs Antiguidade - Literatura</s>
    <s>I Seminário Contemporaneidade vs Antiguidade - Teatro</s>
    <s>I Seminário Contemporaneidade vs Antiguidade - Religião</s>
    <s>I Seminário Contemporaneidade vs Antiguidade - Música</s>
    <s>Famílias no Plural: alargar o conceito, largar o preconceito</s>
    <s>Índia, Cinema e Sociedade</s>
    <s>Cerimónia de Abertura do Ano Lectivo 2011/2012</s>
    <s>Conferência internacional: &quot;A Prevenção e a Resolução de Conflitos em África&quot;</s>
    <s>Conferência &quot;O Plágio no Ensino Superior: contextos, estratégias, estratégias e ferramentas&quot;</s>
    <s>Conferência &quot;Tributo à Habitação: Cidade, Bairro, Casa&quot;</s>
    <s>Conferência &quot;Trabalho Digno - Género, Migrações e Trabalho Doméstico&quot; &quot;</s>
    <s>Conferência &quot;Comment humaniser les marchés&quot;</s>
    <s>Conferência Internacional &quot;Sucesso Escolar: da compreensão do fenómeno as estratégias para o alcançar”</s>
    <s>Conferência Internacional &quot;Sucesso Escolar: da compreensão do fenómeno as estratégias para o alcançar”</s>
    <s>Conferência: &quot;Race, Neoliberalism and Media in the US&quot;</s>
    <s>Sessão de Boas Vindas aos Estudantes de Antropologia</s>
    <s>Press Kit</s>
    <s>Press releases</s>
    <s>Identidade Visual</s>
    <s>O Gabinete de Comunicação e Imagem do Instituto Universitário de Lisboa (ISCTE - IUL) estabelece a ligação entre a universidade e as audiências, com os seus parceiros e os media. Coloca também à disposição um quadro de especialistas em diversas áreas científicas e académicas, disponível para contactos com os media.</s>
    <s>Serviços Académicos</s>
    <s>Secretariado das Escolas</s>
    <s>Gabinete de Acesso ao Ensino Superior</s>
    <s>Residência ISCTE-IUL</s>
    <s>Competências Transversais</s>
    <s>Apoio / Aconselhamento ao Aluno</s>
    <s>Serviços de Informática</s>
    <s>Aluguer de Espaços</s>
    <s>Gab. Estudos, Avaliação, Planeamento e Qualidade</s>
    <s>Gabinete de Comunicação e Imagem</s>
    <s>Serviços de Informação e Documentação</s>
    <s>Gabinete de Inserção Profissional</s>
    <s>Gabinete de Relações Internacionais</s>
    <s>Gabinete de Apoio à Investigação</s>
    <s>Outros serviços</s>
    <s>SERVIÇOS ACADÉMICOS</s>
    <s>Informações 1º Ciclo</s>
    <s>Informações 2º e 3º Ciclos</s>
    <s>Normas e Regulamentos</s>
    <s>Impressos e Requerimentos</s>
    <s>Formulários de Inscrição - 2º ano de Mestrado</s>
    <s>Serviços Académicos</s>
    <s>Aos Serviços Académicos compete garantir o funcionamento das actividades referentes à concessão de graus académicos e à organização e gestão dos processos dos alunos, assim como a prestação de informação e apoio aos candidatos ao ensino superior operacionalizando o gabinete de acesso em época de candidatura.</s>
    <s>Os Serviços Académicos compreendem a:</s>
    <s>- Unidade de Estudos Graduados(1º Ciclo);</s>
    <s>- Unidade de Estudos Pós-Graduados de 2.º Ciclo;</s>
    <s>- Núcleo de Estudos Pós-Graduados de 3.º Ciclo.</s>
    <s>Informações 1º Ciclo</s>
    <s>Informações 2º e 3º Ciclos</s>
    <s>Normas e Regulamentos</s>
    <s>Impressos e Requerimentos</s>
    <s>Formulários de Inscrição - 2º ano de Mestrado</s>
    <s>CONTACTOS INSTITUCIONAIS</s>
    <s>Av.ª das Forças Armadas, 1649-026 Lisboa</s>
    <s>Tel.: +351 217903000</s>
    <s>Fax: +351 217964710</s>
    <s>ISCTE © 2011</s>
    <s>desenvolvido por mongoose</s>
    <s>!Karma Insight</s>
  </text>
</page>
