<?xml version="1.0" encoding="UTF-8"?>
<!DOCTYPE page SYSTEM "page.dtd">
<page>
  <lang>pt</lang>
  <url>http://www.apgeo.pt/index.php%3Fsection%3D30%26action%3Dview%26id%3D116%26module%3Dnewsmodule</url>
  <title>CONFERÊNCIA SOBRE “A REVISÃO DO PDM DE LISBOA</title>
  <snippet>
    <s>16 maio 2011 Conferência sobre “A Revisão do PDM de Lisboa”, pelo Vereador Manuel Salgado, Sociedade de Geografia de Lisboa, 18 de Maio, às 18 </s>
  </snippet>
  <text>
    <s>Org Sociais</s>
    <s>Notas da Direc!</s>
    <s>2011 | Notas da Direc!</s>
    <s>Notas da Direc 20 - 24/01/2011!</s>
    <s>Notas da Direc 21 - 14/04/2011</s>
    <s>Notas da Direc 22 - 18/04/2011</s>
    <s>Notas da Direc 23 - 23/05/2011</s>
    <s>Notas da Direc 24 - 30/05/2011</s>
    <s>Notas da Direc 25 - 16/06/2011</s>
    <s>Notas da Direc 26 - 12/09/2011</s>
    <s>Notas da Direc 27 - 15/09/2011</s>
    <s>Notas da Direc 28 - 11/10/2011</s>
    <s>Notas da Direc 29 - 12/10/2011</s>
    <s>2010 | Notas da Direc!</s>
    <s>Notas da Direc 11 - 08/03/2010</s>
    <s>Notas da Direc 12 - 11/03/2010</s>
    <s>Notas da Direc 13 - 11/03/2010</s>
    <s>Notas da Direc 14 - 15/03/2010</s>
    <s>Notas da Direc 15 - 17/03/2010</s>
    <s>Notas da Direc 16 - 06/05/2010</s>
    <s>Notas da Direc 17 - 08/07/2010</s>
    <s>Notas da Direc 18 - 03/09/2010</s>
    <s>Notas da Direc 19 - 23/12/2010</s>
    <s>2009 | Notas da Direc!</s>
    <s>Notas da Direc 04 - 25/02/2009</s>
    <s>Notas da Direc 05 - 05/03/2009</s>
    <s>Notas da Direc 06 - 19/03/2009</s>
    <s>Notas da Direc 07 - 23/03/2009</s>
    <s>Notas da Direc 08 - 27/07/2009</s>
    <s>Notas da Direc 09 - 03/09/2009</s>
    <s>Notas da Direc 10 - 04/11/2009</s>
    <s>Notas da Direc sn - 22/12/2009</s>
    <s>2008 | Notas da Direc!</s>
    <s>Notas da Direc 01 06/06/2008</s>
    <s>Notas da Direc 02 - 01/09/2008</s>
    <s>Notas da Direc 03 - 23/12/2008</s>
    <s>2007 | Notas da Direc !</s>
    <s>Notas da Direc 00 - 11/05/2007</s>
    <s>Grupos de Trabalho Temcos (GTT)</s>
    <s>Ns Regionais</s>
    <s>Capitulo II</s>
    <s>Capitulo III</s>
    <s>Capitulo IV</s>
    <s>Capitulo V</s>
    <s>Capitulo VI</s>
    <s>Capitulo VII</s>
    <s>Anexo Eleitoral</s>
    <s>Pro Nacional de Geografia Orlando Ribeiro</s>
    <s>Documentos APG</s>
    <s>Protocolos Geopoint!</s>
    <s>Benefos - Geopoint</s>
    <s>Protocolos Sucessways!</s>
    <s>Benefos - Sucessways</s>
    <s>Protocolos Europcar!</s>
    <s>Benefos - Europcar</s>
    <s>Protocolos CarLife - Centro Auto!</s>
    <s>Benefos - CarLife - Centro Auto</s>
    <s>Protocolos Papelaria Fernandes!</s>
    <s>Benefos - Papelaria Fernandes</s>
    <s>Protocolos Agia Abreu!</s>
    <s>Benefos - Agia Abreu</s>
    <s>Protocolos A Vida ela!</s>
    <s>Benefos - A Vida ela</s>
    <s>Protocolos Holmes Place!</s>
    <s>Benefos - Holmes Place</s>
    <s>Protocolos Hoteis Accor‏ !</s>
    <s>Benefos - Hoteis Accor‏</s>
    <s>Protoclos Mar Energco!</s>
    <s>Benefos Mar Energco</s>
    <s>Protocolos ChequeHotel !</s>
    <s>Benefos - ChequeHotel</s>
    <s>Protocolos Massagem!</s>
    <s>Benifos Massagem</s>
    <s>Protocolos Zapp!</s>
    <s>Benefos Zapp</s>
    <s>[A profiss&quot;Gefo&quot;</s>
    <s>eas de actua</s>
    <s>Guia Caracteriza Profissional</s>
    <s>P-GRADUAES EM GEOGRAFIA 2009/10!</s>
    <s>Universidade do Minho, Instituto de Ciias Sociais</s>
    <s>Universidade do Porto / Faculdade de Letras</s>
    <s>Universidade de Coimbra/Faculdade de Letras</s>
    <s>Universidade de Lisboa/ Faculdade de Letras |IGOT Instituto de Geografia e Ordenamento do Territ</s>
    <s>Universidade Nova de Lisboa/ Faculdade de Ciias Sociais e Humanas</s>
    <s>Universidade Lusa de Humanidades e Tecnologias - Faculdade de Arquitectura, Urbanismo e Artes</s>
    <s>Universidade de ora</s>
    <s>2011 - Corrente!</s>
    <s>Conferia ica e Territ | Inscris‏</s>
    <s>Peti Pa Nacional | Forma auta dos professores de Geografia e Hist | Forma inicial de qualidade</s>
    <s>VIII CONGRESSO DA GEOGRAFIA PORTUGUESA!</s>
    <s>PRIO NACIONAL DE GEOGRAFIA ORLANDO RIBEIRO 2011</s>
    <s>Base de Dados dos Gefos Portugueses - Formulo | 2011</s>
    <s>2010 - Arquivo Histo!</s>
    <s>Inquto omunidade Geogrca 2009 | Resultados</s>
    <s>XII COLUIO IBICO DE GEOGRAFIA - Porto</s>
    <s>XII Colo Ibco de Geografia | Prt Sc do site</s>
    <s>Festa Geografia | Mirandela | 21-23 de Maio de 2010</s>
    <s>2009 - Arquivo Histo!</s>
    <s>Inquto omunidade Geogrca</s>
    <s>Ciclo de Conferias: &quot;Ordenamento do Territ e CoesTerritorial&quot;!</s>
    <s>Ciclo de Conferias Ordenamento do Territ e CoesTerritorial | Livro Verde</s>
    <s>VII CONGRESSO DA GEOGRAFIA PORTUGUESA!</s>
    <s>ComissCientca &amp; Organizadora</s>
    <s>Eixos Temcos</s>
    <s>Visitas de Estudo</s>
    <s>Como Chegar</s>
    <s>Onde Ficar</s>
    <s>Datas Importantes</s>
    <s>Inscris Online</s>
    <s>2008 - Arquivo Histo!</s>
    <s>XI COLUIO IBICO DE GEOGRAFIA - ALCALDE HENARES</s>
    <s>2007 - Arquivo Histo!</s>
    <s>VI CONGRESSO DA GEOGRAFIA PORTUGUESA!</s>
    <s>ComissCientca &amp; Organizadora</s>
    <s>Eixos Temcos</s>
    <s>Como Chegar</s>
    <s>Onde Ficar</s>
    <s>Datas Importantes</s>
    <s>Ciclo de Conferias: &quot;30 Anos de Geografia e Ordenamento do Territ em Democracia&quot;</s>
    <s>Sistema de Acredita e Registo dos Profissionais de Planeamento e Gestdo Territ</s>
    <s>Festa da Geografia 2007</s>
    <s>2006 - Arquivo Histo!</s>
    <s>SESS DE DISCUSS PLICA DO PROGRAMA NACIONAL DA POLICA DE ORDENAMENTO DO TERRITIO SOCIEDADE DE GEOGRAFIA DE LISBOA</s>
    <s>2005 - Arquivo Histo!</s>
    <s>X COLOQUIO IBICO DE GEOGRAFIA - ora</s>
    <s>2004 - Arquivo Histo!</s>
    <s>V Congresso da Geografia Portuguesa</s>
    <s>Iniciativa Silva Telles</s>
    <s>Inforgeo I</s>
    <s>Inforgeo II</s>
    <s>Inforgeo III</s>
    <s>Inforgeo IV</s>
    <s>Inforgeo V</s>
    <s>Inforgeo VI</s>
    <s>Inforgeo VII e VIII</s>
    <s>Inforgeo IX e X</s>
    <s>Inforgeo XI</s>
    <s>Inforgeo XII e XIII</s>
    <s>Inforgeo IV</s>
    <s>Inforgeo XV</s>
    <s>Inforgeo XVI e XVII</s>
    <s>Inforgeo XVIII e XIX</s>
    <s>Inforgeo XX e XXI</s>
    <s>Inforgeo XXII e XXIII</s>
    <s>Inforgeo XXIV</s>
    <s>II Congresso da Geografia Portuguesa</s>
    <s>IV Congresso da Geografia Portuguesa</s>
    <s>V Congresso da Geografia Portuguesa</s>
    <s>VI Congresso da Geografia Portuguesa</s>
    <s>VII Congresso da Geografia Portuguesa</s>
    <s>X Colo Ibco de Geografia!</s>
    <s>X Colo Ibco de Geografia A</s>
    <s>X Colo Ibco de Geografia B</s>
    <s>X Colo Ibco de Geografia C</s>
    <s>X Colo Ibco de Geografia D</s>
    <s>X Colo Ibco de Geografia E</s>
    <s>X Colo Ibco de Geografia F</s>
    <s>X Colo Ibco de Geografia G</s>
    <s>X Colo Ibco de Geografia H</s>
    <s>X Colo Ibco de Geografia I</s>
    <s>X Colo Ibco de Geografia J</s>
    <s>X Colo Ibco de Geografia L</s>
    <s>XI Colo Ibco de Geografia</s>
    <s>Centros de Investiga e Ensino Superior</s>
    <s>Organismos Pos</s>
    <s>Revistas e bibliotecas</s>
    <s>Planeamento Regional e Urbano</s>
    <s>Geografia Social e Cultural</s>
    <s>Geografia Rural</s>
    <s>Conferia sobre A Revisdo PDM de Lisboa | 18 de Maio | 18 horas</s>
    <s>Editado 16 Maio de 2011</s>
    <s>Conferia sobre A Revisdo PDM de Lisboa, pelo Vereador Manuel Salgado, Sociedade de Geografia de Lisboa, 18 de Maio, 18 horas.</s>
    <s>Ver convite</s>
    <s>COLUIO DE ABERTURA DA EXPOSIO COMEMORATIVA DOS 100 ANOS DO NASCIMENTO - ORLANDO RIBEIRO (1911-1987) : PONTO DE PARTIDA, LUGAR DE ENCONTRO | 26/10/2011 | ANFITEATRO DA BNP |17H00 | ENTRADA LIVRE</s>
    <s>NORMA TNICA SOBRE O MODELO DE DADOS PARA O PLANO DIRECTOR MUNICIPAL</s>
    <s>GERAFOS E CADASTRO: NOTA DA APG DIRIGIDA A SUA EXCELCIA A MINISTRA DA AGRICULTURA, DO MAR, DO AMBIENTE E DO ORDENAMENTO DO TERRITIO</s>
    <s>APRESENTAO DO PONTO DE CONTACTO NACIONAL DO PROGRAMA ESPON (ECP-PT) | 13 DE OUTUBRO | 10.30H E AS 12.30H | AUDITIO DGOTDU</s>
    <s>MUNDO RURAL: O REGRESSO AO FUTURO? DEBATE EM TORNO DO LIVRO &quot;ENTRE AS CIDADES E A SERRA&quot; | 14 DE OUTUBRO | 18H30 | LIVRARIA LER DEVAGAR (LX FACTORY)‏</s>
    <s>7TH INTERNATIONAL CONFERENCE ON VIRTUAL CITIES AND TERRITORIES | 11TH TO 13TH OCTOBER 2011 | LISBON</s>
    <s>PETIO PLICA NACIONAL: POR UMA FORMAO AUTOMA DOS PROFESSORES DE GEOGRAFIA E HISTIA.</s>
    <s>VER TODAS AS NOTÍCIAS</s>
    <s>Mailing List</s>
    <s>IMPLEMENTAÇÃO: SIMBIOSE</s>
    <s>var gaJsHost = ((&quot;https:&quot; == document.location.protocol) ? &quot;https://ssl.&quot; : &quot;http://www.&quot;); document.write(&quot;\&lt;script src='&quot; + gaJsHost + &quot;google-analytics.com/ga.js' type='text/javascript'&gt;\&lt;\/script&gt;&quot; ); var pageTracker = gat. getTracker(&quot;UA-3239862-1&quot;); pageTracker. initData(); pageTracker. trackPageview(&quot;Notas&quot;);</s>
  </text>
</page>
