<?xml version="1.0" encoding="UTF-8"?>
<!DOCTYPE page SYSTEM "page.dtd">
<page>
  <lang>pt</lang>
  <url>http://www.youtube.com/watch%3Fv%3DhoHdmkzelCw</url>
  <title>Banquete da Conferencia - Show de tambores em Kyoto - YouTube</title>
  <snippet>
    <s>2 jul. 2009 Grupo Batiholic fazendo uma apresentação absolutamente emocionante no Banquete da Conferencia - Show de tambores em Kyoto </s>
  </snippet>
  <text>
    <s>Criar conta Fazer login Pesquisar</s>
    <s>!Teclado virtual</s>
    <s>ProcurarMúsicaEnviar vídeos</s>
    <s>Bem-vindo ao YouTube!</s>
    <s>Idioma sugerido (definimos sua preferência para este): Português (Brasil)</s>
    <s>Filtro de local sugerido (definimos a sua preferência para este): Brasil</s>
    <s>O filtro de local mostra os vídeos populares do país ou região selecionada em listas como Mais vistos e em resultados de pesquisa.Se você quiser alterar uma dessas preferências, use os links no rodapé, na parte inferior da página.</s>
    <s>Clique em &quot;OK&quot; para aceitar estas configurações ou clique em &quot;Cancelar&quot; para definir a sua preferência de idioma para &quot;Português (Brasil)&quot; e seu filtro de local para &quot;Global&quot;.</s>
    <s>OK Cancelar</s>
    <s>Welcome to YouTube!</s>
    <s>Suggested Language (we have set your preference to this): Portuguese</s>
    <s>Suggested Location Filter (we have set your preference to this): Brazil</s>
    <s>The location filter shows you popular videos from the selected country or region on lists like Most Viewed and in search results. If you would like to change either of these preferences, please use the links in the footer at the bottom of the page.</s>
    <s>Click &quot;OK&quot; to accept these settings, or click &quot;Cancel&quot; to set your language preference to &quot;English (US)&quot; and your country filter to &quot;Worldwide&quot;.</s>
    <s>OK Cancel</s>
    <s>Show message in English</s>
    <s>Hide message in English</s>
    <s>Banquete da Conferencia - Show de tambores em Kyoto</s>
    <s>atanaistInscrever-se Inscrito Cancelar inscrição !</s>
    <s>Faça login ou inscreva-se agora</s>
    <s>44 vídeos !</s>
    <s>Faça login ou inscreva-se agora</s>
    <s>!Ícone de alerta</s>
    <s>É necessário ter o Adobe Flash Player para assistir a este vídeo.</s>
    <s>Faça o download no site da Adobe.</s>
    <s>!Ícone de alerta</s>
    <s>Atualize para o Flash Player 10 para obter um desempenho de reprodução aprimorado. Atualize agora ou obtenha mais informações.</s>
    <s>378 exibições !</s>
    <s>!Gostei!Adicionar aCompartilhar !</s>
    <s>!Ícone de alerta</s>
    <s>Faça login ou inscreva-se agora</s>
    <s>!Ícone de alerta</s>
    <s>Enviado por atanaist em 02/07/2009</s>
    <s>Grupo Batiholic fazendo uma apresentação absolutamente emocionante no encerramento do evento em Kyoto. Acompanhem o som da natureza que vem da flauta de bambu e sintam-se parte de um Japão de tradições e muita cultura.</s>
    <s>Licença padrão do YouTube</s>
    <s>0 pessoa(s) gosta(m), 0 pessoa(s) não gosta(m)</s>
    <s>Exibir mais !Exibir mais</s>
    <s>Mostrar menos !Mostrar menos</s>
    <s>Link para este comentário:</s>
    <s>Compartilhar com:!</s>
    <s>Todos os comentários (0)</s>
    <s>Faça login ou Inscreva-se agora para postar um comentário!</s>
    <s>Sinalização de spam</s>
    <s>Bloquear usuário</s>
    <s>Desbloquear usuário</s>
    <s>Carregando mais sugestões </s>
    <s>Carregar mais sugestões</s>
    <s>Imprensa e blogs</s>
    <s>Direitos Autorais</s>
    <s>Criadores e parceiros</s>
    <s>Informar um erro</s>
    <s>Tente algo novo!</s>
    <s>Idioma: Português</s>
    <s>Local: Brasil</s>
    <s>Modo de segurança: desativado</s>
    <s>!Ícone de alerta</s>
    <s>!!!Lista de reprodução não salva (0)OpçõesVoltar para a lista ativa !!!</s>
    <s>1. Sua fila está vazia. Adicione vídeos à fila usando este botão:</s>
    <s>ou faça login para carregar uma lista diferente.</s>
    <s>Limpar todos os vídeos desta lista</s>
    <s>Saiba mais</s>
    <s>Faça login para adicionar este vídeo a uma lista de reprodução</s>
  </text>
</page>
