<?xml version="1.0" encoding="UTF-8"?>
<!DOCTYPE page SYSTEM "page.dtd">
<page>
  <lang>pt</lang>
  <url>http://educacao.centralblogs.com.br/post.php%3Fhref%3Dorganizacao%2Bdas%2Bnacoes%2Bunidas%2Bquer%2Bnova%2Bmoeda%2Bglobal%26KEYWORD%3D24387%26POST%3D3849864</url>
  <title>Organização das Nações Unidas quer Nova Moeda Global</title>
  <snippet>
    <s>Dinheiro &amp; Ouro Organização das Nações Unidas quer Nova Moeda Global Conferência das Nações Unidas sobre o Meio Ambiente Humano | 16/10/09 </s>
  </snippet>
  <text>
    <s>Central Blogs - Diret de Blogs</s>
    <s>Siga seus blogs favoritos!</s>
    <s>CADASTRAR BLOG</s>
    <s>Organiza das Nas Unidas quer Nova Moeda Global</s>
    <s>(Bloomberg/Telegraph. Textos traduzidos e adaptados) O d deve ser substitu por uma nova moeda global, diz a ONU, a Organiza das Nas Unidas, propondo uma das maiores mudan econas internacionais da Hist desde a Segunda Guerra Mundial. Em afirmas radicais, na Conferia sobre Comio e Desenvolvimento (UNCTAD), a Organiza das Nas Unidas afirma que o atual sistema de moedas-correntes e as regras sobre o mercado de capitais internacional, o qual ent Continuar lendo.</s>
    <s>Veja: Concursos Pn style=&quot;text-align: center&quot;&gt;blicos Abertos</s>
    <s>| 30/08/10 - 01:15</s>
    <s>Tos relacionados:</s>
    <s>Organiza das Nas Unidas - Antecedentes| 10/01/10</s>
    <s>Um dos resultados importantes da Segunda Guerra Mundial foi a tomada de consciia por parte dos governos, de que era necessa a existia de um organismo internacional que tivesse como fun </s>
    <s>ORGANIZAO DAS NAES UNIDAS FAZ CRICA CONDIO DOS NEGROS E DOS INDENAS NO BRASIL| 13/11/09</s>
    <s>Afro-brasileiros e indnas est&quot;atolados&quot; na pobreza, diz alta-comissa da ONU Paula Laboissi Repr da Agia Brasil A alta-comissa da ONU para Direitos Humanos, Navanethe </s>
    <s>Conferia das Nas Unidas sobre o Meio Ambiente Humano| 16/10/09</s>
    <s>Em 1968, a Assembl Geral das Nas Unidas (ONU) apnalisar os problemas ambientais que afetavam o mundo, resolveu convocar os pas para uma conferia que discutisse aos efeitos da a </s>
    <s>Honoros fixados em moeda estrangeira devem ser pagos em moeda nacional| 24/11/10</s>
    <s>A Quarta Turma do Superior Tribunal de Justi(STJ) rejeitou os argumentos expostos num recurso apresentado por empresa que acertou pagamento de honoros advocatos em d. Segundo os minist </s>
    <s>Correio Forense - Honoros fixados em moeda estrangeira devem ser pagos em moeda nacional - Direito Processual Civil| 25/11/10</s>
    <s>25-11-2010 11:00 Honoros fixados em moeda estrangeira devem ser pagos em moeda nacional A Quarta Turma do Superior Tribunal de Justi(S </s>
    <s>Dinheiro &amp; Ouro</s>
    <s>Categoria: Educa</s>
    <s>Votos: 2 | !Seguidores: 0</s>
    <s>Parcerias: Sim</s>
    <s>Descriao: Estem que o povo desta na ncompreenda nem o nosso sistema moneto e nem o nosso sistema banco, pois caso compreendessem, eu acredito que haveria uma revolu antes que o dia amanhecesse Henry Ford</s>
    <s>Comentarios(0) |Reportar |Feeds | !Proprietario | !Seguir</s>
    <s>cache: 10/08/2011 - 09:07:39 PM</s>
    <s>{Ver todos} Topicos</s>
    <s>- Ouro moneto</s>
    <s>- Uma trincheira contra a crise</s>
    <s>- Clube de Bilderberg</s>
    <s>- Chegou a Hora para a Classe Ma investir em Ouro!</s>
    <s>- O ouro npode ser removido do sistema financeiro</s>
    <s>Central Blogs</s>
  </text>
</page>
