<?xml version="1.0" encoding="UTF-8"?>
<!DOCTYPE page SYSTEM "page.dtd">
<page>
  <lang>pt</lang>
  <url>http://www.ie.ufrj.br/moeda/artigos_de_opiniao.php</url>
  <title>Artigos de Opinião</title>
  <snippet>
    <s>Artigos de Opinião. Data, Título, Autor(es), Veículo, Tamanho.</s>
  </snippet>
  <text>
    <s>Artigos de Opini/h2&gt;</s>
    <s>Data Tlo Autor(es) Velo Tamanho</s>
    <s>Inserçao externa e desenvolvimento economico</s>
    <s>MODENESI, A.M. &amp; VIANNA, S.W.</s>
    <s>Valor Economico</s>
    <s>Contra o vies deflacionario do Banco Central do Brasil</s>
    <s>MODENESI, A.M.; VIANNA, S.W. &amp; BRUNO, M.P.</s>
    <s>Valor Economico</s>
    <s>Controle de capitais sem preconceito</s>
    <s>MODENESI, A.M. &amp; MODENESI, R.L.</s>
    <s>Valor Economico</s>
    <s>A simples matemca da determina da renda</s>
    <s>Valor Ecico</s>
    <s>Por que a Selic Alta no Brasil</s>
    <s>Andrelo Modenesi</s>
    <s>Jornal do Economistas</s>
    <s>Por que a taxa de Juros alta no Brasil</s>
    <s>Andrelo Modenesi</s>
    <s>Valor Econo</s>
    <s>Antto contra o Spread Banco</s>
    <s>Luiz Fernando de Paula e Rodrigo Mendes Leal</s>
    <s>Revista Custo Brasil</s>
    <s>Fim da cobertura cambial e a forma de reservas</s>
    <s>Valor Econo</s>
    <s>Conceps e riscos do fim da cobertura cambial</s>
    <s>Valor Econo</s>
    <s>Conselhos de ano novo para o ministro Palocci</s>
    <s>Valor Econo</s>
    <s>Um PIB medre mas absolutamente previsl</s>
    <s>Valor Econo</s>
    <s>44 KB</s>
    <s>O Fracasso da Ortodoxia</s>
    <s>Luiz Fernando de Paula</s>
    <s>Folha de S.Paulo</s>
    <s>Uma Avalia do Regime de Metas de Infla no Brasil</s>
    <s>Luiz Fernando de Paula</s>
    <s>Valor Econo</s>
    <s>Desindexar reciso</s>
    <s>Andre Melo Modenesi / Rui Lyrio Modenesi</s>
    <s>Jornal dos Economistas</s>
    <s>35 KB</s>
    <s>Os pre administrados comprometem crescimento</s>
    <s>Valor Econo</s>
    <s>74 KB</s>
    <s>Lula ou FHC?</s>
    <s>Jornal do Brasil</s>
    <s>A Economia estlindada?</s>
    <s>Valor Econo</s>
    <s>possl afirmar que a polca econa do governo Lula proporciona maior distribui de renda que a do governo Fernando Henrique?</s>
    <s>Jornal do Brasil</s>
    <s>Jul 2005</s>
    <s>O Diabo ue na China e na dia o Cio nFlutua</s>
    <s>Luiz F. de Paula</s>
    <s>Valor Econo</s>
    <s>O Esgotamento da Polca Moneta</s>
    <s>Fernando Fr Rui Modenesi e Androdenesi</s>
    <s>O Estado de S. Paulo</s>
    <s>29 KB</s>
    <s>A frl tese de bancos centrais Independentes</s>
    <s>Andre Melo Modenesi / Rui Lyrio Modenesi</s>
    <s>Valor econo</s>
    <s>Conversibilidade do real e redu da taxa de juros.</s>
    <s>Luiz Fernando de Paula</s>
    <s>Valor Econo</s>
    <s>25 KB</s>
    <s>Fenda Aberta</s>
    <s>Manoel Carlos de Castro Pires</s>
    <s>Foco: Economia e Negs</s>
    <s>Fatores macroeconos do spread banco.</s>
    <s>Jos. Oreiro e Luiz F. de Paula</s>
    <s>Valor Econo</s>
    <s>Por que um novo desenvolvimentismo?</s>
    <s>JoSicsiz F. de Paula e Renaut Michel</s>
    <s>Jornal do Economista (CORECON-RJ)</s>
    <s>Controle de Capitais ou Liberaliza Financeira?</s>
    <s>Cartilha Liberdade Brasil</s>
    <s>Alvo ico, Pontaria Incerta</s>
    <s>Foco: economia e negs</s>
    <s>Crescimento econo e supert fiscal.</s>
    <s>Josuis Oreiro e Luiz Fernando de Paula.</s>
    <s>Valor Econo.</s>
    <s>Os Perigos da Busca da Estabilidade</s>
    <s>Rui Lyrio Modenesi e Andre Melo Modenesi</s>
    <s>Gazeta Mercantil</s>
    <s>Se o senhor vice-presidente, Joslencar, me perguntasse </s>
    <s>Correiro da Cidadania</s>
    <s>hora de o Brasil rever ops de polca moneta.</s>
    <s>JoSicsernando Cardim de Carvalho.</s>
    <s>Valor Econo</s>
    <s>Mais uma Bandeira se Desmancha</s>
    <s>Andre Melo Modenesi e Roberta de Oliveira Guimar</s>
    <s>Jornal do Brasil</s>
    <s>Regime de Metas: Controlando a infla com desemprego e falias</s>
    <s>Foco: Economia e negs</s>
    <s>Conversibilidade plena do real: a quem interessa?</s>
    <s>JosuOreiro e Luiz Fernando de Paula</s>
    <s>Jornal dos Economistas (CORECON-RJ)</s>
    <s>A Selic e o dilema entre infla e crescimento.</s>
    <s>Josuis Oreiro.</s>
    <s>Gazeta Mercantil</s>
    <s>TrControles para os Capitais</s>
    <s>Fernando Cardim de Carvalho e JoSics&gt;</s>
    <s>Revista Reportagem</s>
    <s>Com Mercado e Estado Forte</s>
    <s>Os Custos dos Juros Altos</s>
    <s>Fernando Cardim de Carvalho</s>
    <s>Folha de SPaulo</s>
    <s>Crescimento econo: o espetlo censurado.</s>
    <s>Jennifer Hermann.</s>
    <s>Valor Econo</s>
    <s>Um Novo Modelo Econo para o Brasi</s>
    <s>SICS J., OREIRO, J.L. &amp; DE PAULA, L.F</s>
    <s>Jornal dos Economistas</s>
    <s>Sem espetlo.</s>
    <s>Jennifer Hermann.</s>
    <s>O Globo.</s>
    <s>Perdas e danos no jogo de erros da polca econa</s>
    <s>Fernando Cardim de Carvalho</s>
    <s>Observat da Cidadania</s>
    <s>Os Equcos do Governo Lula</s>
    <s>Fernando Cardim de Carvalho</s>
    <s>Ciia Hoje</s>
    <s>Abrindo a Caixa-Preta do Spread</s>
    <s>Luiz Fernando de Paula</s>
    <s>Folha de S. Paulo</s>
    <s>Desemprego Zero e a Agenda Brasil</s>
    <s>Jornal do Brasil</s>
    <s>Luiz Fernando de Paula</s>
    <s>Peynesianos e o Intervencionismo Estatal</s>
    <s>JosuOreiro e Luiz Fernando de Paula</s>
    <s>Valor Econo</s>
    <s>A Forde Kirchner</s>
    <s>Jornal do Brasil</s>
    <s>Pela Busca do Desenvolvimento</s>
    <s>Fernando Cardim de Carvalho</s>
    <s>Folha de SPaulo</s>
    <s>Plano Real, o que restou?</s>
    <s>Luiz Fernando de Paula</s>
    <s>Jornal do Brasil</s>
    <s>A Transi do Modelo de Polca Econa: a Transi do Plano A para o Plano A+</s>
    <s>Correio da Cidadania</s>
    <s>Do Plano A para o Plano A+: a polca econa de Luiz Ino</s>
    <s>Revista Inteligia</s>
    <s>Bancos Europeus no Brasil: raze resultados da onda recente</s>
    <s>Luiz Fernando de Paula</s>
    <s>Jornal dos Economistas (Corecon Rio)</s>
    <s>O Micro Crto e o Sistema Financeiro</s>
    <s>Fernando Cardim de Carvalho</s>
    <s>Folha de SPaulo</s>
    <s>Defesa da Concorria e os Spreads Bancos</s>
    <s>Jorge Fagundes e Rogo Sobreira</s>
    <s>A Transi do Modelo de Polca Econa: Uma Transi do Plano A para o Plano A+</s>
    <s>Clique aqui para ver a coluna de Cl Rossi na Folha de SPaulo 03/05/2003.</s>
    <s>Oito Mitos da Polca Macroeconomica Brasileira</s>
    <s>Fernando Cardim de Carvalho</s>
    <s>Folha de SPaulo</s>
    <s>Sustentabilidade da dda: uma proposta de longo prazo.</s>
    <s>Josuis Oreiro e Luiz Fernando de Paula</s>
    <s>Jornal dos Economistas (Corecon-Rio)</s>
    <s>A Verdadeira Li Argentina</s>
    <s>Fernando Cardim de Carvalho</s>
    <s>Revista Inteligia</s>
    <s>Autonomia para o BC?</s>
    <s>Debate sobre Controle de Capitais</s>
    <s>JoSicsrnando Cardim, Josuis Oreiro e Luiz Fernando de Paula</s>
    <s>Jornal Valor Econo</s>
    <s>Crise financeira, ciclo interminl?</s>
    <s>Fernando Cardim de Carvalho</s>
    <s>Observat da Cidadania, n.6</s>
    <s>Alca e Reforma Tributa</s>
    <s>O Globo</s>
    <s>Benefos do Controle de Capitais</s>
    <s>Folha de SPaulo</s>
    <s>A Consolida Banca no Brasil</s>
    <s>Luiz Fernando de Paula</s>
    <s>Argentina: sa ar fim a paridade</s>
    <s>JosuOreiro &amp; Flavia Dias Rangel</s>
    <s>Jornal dos Economistas (Corecon-Rio)</s>
    <s>Uma Agenda para o Desenvolvimento</s>
    <s>Fernando Cardim de Carvalho</s>
    <s>Democracia Viva, n.11</s>
    <s>Mecanismos de Controle Inflaciono</s>
    <s>Gazeta Mercantil</s>
    <s>Democracia Politica y Aspiraciones Incumplidas</s>
    <s>Fernando Cardim de Carvalho</s>
    <s>Configuraciones, Revista de la Fundaciarlos Pereyra, n.3-4</s>
    <s>Atue ponto o Brasil honrou os compromissos da conferia de Copenhagen?</s>
    <s>Fernando Cardim de Carvalho e Ca L. Kerstenetzky</s>
    <s>Observat da Cidadania, n. 4</s>
    <s>Sinal de alerta para os bancos dos EUA e da Europa</s>
    <s>Luiz Fernando de Paula</s>
    <s>Gazeta Mercantil</s>
    <s>O programa de ajuste do FMI e as ops para a economia brasileira</s>
    <s>Democracia Viva, n.7</s>
    <s>Macroeconomia Moderna: Keynes e a economia contempora</s>
    <s>LIMA, G.T., SICS J. &amp; DE PAULA, L.F.</s>
    <s>Jornal dos Economistas, Corecon/RJ</s>
    <s>O que revela a queda dos spreads Bancos?</s>
    <s>Antonio Alves Jr., Luiz Fernando de Paula e Maria Beatriz Marques</s>
    <s>Gazeta Mercantil</s>
    <s>Metas de Infla: experiias</s>
    <s>O Globo</s>
    <s>Metas Inflacionas e mitos monetos</s>
    <s>Gazeta Mercantil</s>
    <s>Cio e a bolha inflaciona</s>
    <s>Luiz Fernando de Paula</s>
    <s>O Globo</s>
    <s>O FMI e o Risco-Brasil.</s>
    <s>Jennifer Hermann.</s>
    <s>Jornal do Economista - Corecon/SP.</s>
    <s>Acordo com FMI precisa ser revisto.</s>
    <s>Jennifer Hermann.</s>
    <s>Gazeta Mercantil.</s>
    <s>A reestrutura das finan internacionais</s>
    <s>Fernando Ferrari Filho e Luiz Fernando de Paula</s>
    <s>Folha de SPaulo</s>
    <s>Quando todos sKeynesianos</s>
    <s>Gazeta Mercantil</s>
    <s>Globaliza, Banco Central Independente</s>
    <s>O Globo</s>
    <s>Ataques especulativos e o Real: a Cra de uma crise anunciada</s>
    <s>Luiz Fernando de Paula e</s>
    <s>Antonio Alves Jr.</s>
    <s>Jornal dos Economistas (CORECON-Rio)</s>
    <s>A Crise das Bolsas e Suas Causas: Minsky Tinha Raz</s>
    <s>Rumos do Desenvolvimento</s>
    <s>Crise, fragilidade externa e desemprego</s>
    <s>Fernando de Paula e Antonio Alves Jr.</s>
    <s>Gazeta Mercantil</s>
    <s>Porque o &quot;pacote&quot; neficaz.</s>
    <s>Jennifer Hermann.</s>
    <s>Folha de SPaulo.</s>
    <s>A fragilidade externa e o Real</s>
    <s>Luiz Fernando de Paula e Antonio Alves Jr.</s>
    <s>Folha de SPaulo</s>
    <s>Fuse incorporas de bancos</s>
    <s>Luiz Fernando de Paula</s>
    <s>Gazeta Mercantil</s>
    <s>Keynes e a dimensda atividade banca</s>
    <s>Luiz Fernando de Paula</s>
    <s>Gazeta Mercantil</s>
    <s>Juros e Dcit Po: rica ao Prof. J. M. Camargo.</s>
    <s>Jennifer Hermann.</s>
    <s>Jornal dos Economistas - Corecon/RJ.</s>
    <s>Jennifer Hermann (com John Harris).</s>
    <s>O Globo.</s>
    <s>A Independia do Banco Central Nada Resolve</s>
    <s>Fernando Cardim de Carvalho</s>
    <s>O Globo</s>
    <s>Os juros e a forma da TR.</s>
    <s>Jennifer Hermann (com John Harris).</s>
    <s>Folha de SPaulo.</s>
    <s>Questfiscal e estabiliza no Brasil.</s>
    <s>Jennifer Hermann.</s>
    <s>Jornal dos Economistas - Corecon/RJ.</s>
    <s>A encruzilhada do Real</s>
    <s>PAULA, L.F. de &amp; SICS J</s>
    <s>Jornal do Economista - Corecon/SP</s>
    <s>cora Moneta: principais dificuldades</s>
    <s>BEZERRA, R.S., PAULA, L.F. de &amp; SICS J.</s>
    <s>Jornal do Economista - Corecon/PE</s>
    <s>Banco Central Independente? Conven-nos!</s>
    <s>SICS J</s>
    <s>Jornal do Commercio</s>
    <s>Metas monetas: ora ou armadilha?</s>
    <s>SICS J. &amp; PAULA, L.F</s>
    <s>Jornal dos Economistas</s>
    <s>Perda e ganho salarial na passagem para o real</s>
    <s>SICS J. &amp; MICHEL, R</s>
    <s>Jornal do Commercio</s>
    <s>Afinal quais sas oras do real?</s>
    <s>PAULA, L.F. de &amp; SICS J.</s>
    <s>Folha de SPaulo</s>
    <s>As metas monetas</s>
    <s>JoSicsiz Fernando de Paula &amp; Renaut Michel</s>
    <s>O Estado de SPaulo</s>
    <s>Perda e ganho salarial na passagem para o real</s>
    <s>JoSicsenaut Michel</s>
    <s>Jornal do Commercio</s>
    <s>Afinal quais sas oras do real?</s>
    <s>Luiz Fernando de Paula &amp; JoSics&gt;</s>
    <s>Folha de SPaulo</s>
    <s>O dia D da terceira fase.</s>
    <s>JoSicsiz Fernando de Paula e Renaut Michel</s>
    <s>Jornal do Brasil</s>
    <s>Sete Falas</s>
    <s>PAULA, L.F. de &amp; SICS J.</s>
    <s>Jornal do Commercio</s>
    <s>O Plano protege os salos?</s>
    <s>SICS J. &amp; PAULA, L.F. de</s>
    <s>Jornal do Commercio</s>
    <s>Pontos Polcos do Plano</s>
    <s>SICS J</s>
    <s>Jornal do Commercio</s>
    <s>Lis da hiperinfla alemtd&gt;</s>
    <s>SICS J. &amp; BEZERRA, R.S.</s>
    <s>Jornal do Commercio</s>
    <s>Pre e Salos</s>
    <s>SICS J</s>
    <s>Jornal do Commercio</s>
    <s>As dificuldades do Plano</s>
    <s>SICS J</s>
    <s>Jornal do Commercio</s>
    <s>cora Cambial: uma Aposta Arriscada</s>
    <s>SICS J</s>
    <s>Jornal do Commercio</s>
    <s>UFRJ - Instituto de Economia</s>
  </text>
</page>
