<?xml version="1.0" encoding="UTF-8"?>
<!DOCTYPE page SYSTEM "page.dtd">
<page>
  <lang>pt</lang>
  <url>http://ifttabrasil.com/%3Fauthor%3D3</url>
  <title>Wyllelm - IFTTA BRASIL</title>
  <snippet>
    <s>28 jan. 2011 Co-organizador da 21a.Conferência Internacional do IFTTA em 2009 realizada no Brasil (São Paulo e Ilhabela). Membro do Comitê de Educação do IFTTA Internacional desde 2009. sobre extravio de bagagens — 05/10/2011; Promessa de Edição e revisão de Normas pela ANAC para final de 2011. </s>
  </snippet>
  <text>
    <s>Subscribe to RSS feed</s>
    <s>IFTTA Brasil</s>
    <s>Divisão Brasileira do IFTTA - Fórum Internacional de Advogados de Viagem e Turismo.</s>
    <s>CONFERÊNCIA DO IFTTA</s>
    <s>Quem somos</s>
    <s>Regulamento da Lei do Turismo</s>
    <s>TORONTO: 23a. Conferência Internacional</s>
    <s>Veja como obter a versão completa de 393 páginas do livro eletrônico da Conferência no IFTTA BRASIL.</s>
    <s>Get the complete version of 393 pages of the Conference eBook in IFTTA BRAZIL. See how.</s>
    <s>Author's details</s>
    <s>Name: Wyllelm Santos</s>
    <s>Date registered: 16/12/2010</s>
    <s>URL: http://iftta.org/users/wyllelm-rinaldo-rodrigues-dos-santos</s>
    <s>Advogado em São Paulo. Co-organizador da 21a.Conferência Internacional do IFTTA em 2009 realizada no Brasil (São Paulo e Ilhabela). Membro do Comitê de Educação do IFTTA Internacional desde 2009.</s>
    <s>Latest posts</s>
    <s>1. Decisão confirma aplicação do CDC e afasta Convenção de Varsóvia sobre extravio de bagagens -- 05/10/2011</s>
    <s>2. Promessa de Edição e revisão de Normas pela ANAC para final de 2011. -- 03/10/2011</s>
    <s>3. Atendimentos nos Juizados Especiais nos aeroportos de Congonhas e Cumbica em 2011 -- 28/01/2011</s>
    <s>Author's posts listings</s>
    <s>Decisão confirma aplicação do CDC e afasta Convenção de Varsóvia sobre extravio de bagagens</s>
    <s>Transportador Aéreo</s>
    <s>by Wyllelm</s>
    <s>Por Wyllelm Rinaldo Rodrigues dos Santos, Advogado e membro do IFTTA. Em decisão recente registrada em 28 de setembro de 2011, o acórdão relatado pelo Desembargador Francisco Barbosa Filho, da 5ª. Câmara Cível do Tribunal de Justiça do Estado do Ceará, confirma e amplia condenação da Empresa Aérea estrangeira AIR CANADÁ ao pagamento de Indenização …</s>
    <s>Continue reading »</s>
    <s>Tags: Anac, Código de Defesa do Consumidor, Convenção de Varsóvia, danos materiais, danos morais, Extravio de Bagagens, iftta, ifttabrasil, jurisprudência, Responsabilidade objetiva no transporte, Transporte Aéreo, viagens e turismo</s>
    <s>Leave comment</s>
    <s>Promessa de Edição e revisão de Normas pela ANAC para final de 2011.</s>
    <s>Transportador Aéreo</s>
    <s>by Wyllelm</s>
    <s>Por Wyllelm Rinaldo Rodrigues dos Santos, Advogado e Membro do IFTTA. Promessa de Edição e revisão de Normas pela ANAC para final de 2011. Não há dúvida de que os eventos esportivos que acontecerão no Brasil em 2014 e 2016 aquecerão o setor de Viagens e Turismo. A par disso, com o óbvio crescimento das …</s>
    <s>Continue reading »</s>
    <s>Tags: Aeroportos, Anac, atraso de voo, Cancelamento de voo, companhias aéreas, Copa do Mundo de Futebol, direito do consumidor, Fifa, informações aos passageiros, Jogos Olímpicos, multas por atrasos em voo, normas Anac, tamanho das poltronas, Transporte Aéreo</s>
    <s>Leave comment</s>
    <s>Atendimentos nos Juizados Especiais nos aeroportos de Congonhas e Cumbica em 2011</s>
    <s>Transportador Aéreo</s>
    <s>by Wyllelm</s>
    <s>Por Wyllelm Rinaldo Rodrigues dos Santos, advogado, membro do IFTTA. Como todo final de ano, este não foi diferente nos aeroportos do país. Atrasos em voos, overbooking, cancelamento de voos, extravio e violação de bagagens e falta de informações claras sobre estes aspectos por parte das empresas de transporte aéreo foram as reclamações mais frequentes …</s>
    <s>Continue reading »</s>
    <s>Tags: juizados especiais cíveis nos aeroportos; horários dos juizados nos aeroportos; atraso em voo; overbooking; ifttabrasil; infraero; Provimento 11/10 CNJ; check-in</s>
    <s>Leave comment</s>
    <s>Select Category Agências de turismo CADASTUR Governo Internacional Legislação/regulamentação Material científico Meios de hospedagem Organizadores de eventos Parques temáticos Transportador Aéreo Transportador turístico Turismo ecológico Turismo náutico Uncategorized Viagem e Planejamento</s>
    <s>IFTTA Brasil Legislação</s>
    <s>Livro 21a. Conferência do IFTTA</s>
    <s>O que é o IFTTA Brasil.</s>
    <s>O que é o Turismo para o IFTTA Brasil</s>
    <s>Daniel Carvalho Armond advogado - Minas Gerais</s>
    <s>Geraldo Alves Taveira Junior advogado - Paraná.</s>
    <s>Luciana Atheniense advogada - Minas Gerais</s>
    <s>Maria Goretti Sanches Lima advogada - São Paulo</s>
    <s>Nivia Aparecida de Souza Azenha advogada - São Paulo</s>
    <s>Ronaldo Armond advogado - Minas Gerais</s>
    <s>Silvia Huallem advogada - São Paulo</s>
    <s>Wyllelm Rinaldo Rodrigues dos Santos advogado - São Paulo</s>
    <s>Banco de Leis</s>
    <s>Leis Municipais Mecanismo de busca de fonte privada</s>
    <s>Senado Federal Mecanismo de busca de fonte autorizativa</s>
    <s>Links relacionados</s>
    <s>IFTTA Argentina</s>
    <s>IFTTA Internacional</s>
    <s>Log In</s>
    <s>Remember Me</s>
    <s>Lost Password</s>
    <s>Aeroportos agência de viagem Anac atraso de voo Bagagem Bagagem violada Cancelamento de voo cartão de crédito cartão pré-pago cartão pós-pago cartão viagem Companhia aérea consumidor contrato de prestação de serviço Código do Consumidor dano material Dano moral estatística de turismo extravio de bagagem falsidade documental fomento furto Gol hotel idoso Ilhabela Ilhas imposto de renda IN 1119 indenização isenção tributária Lista de proibição meios de hospedagem overbooking pacote de viagem pacote turístico prestadores de serviços turísticos responsabilidade civil risco ambiental Segurança Aérea Transporte Aéreo Transporte Rodoviário Turista União Européia Viagens Marítimas</s>
    <s>Who's Online</s>
    <s>1 visitors online now</s>
    <s>IFTTA Brasil - Todos os direitos reservados. Copyright 2010-2011</s>
    <s>Valid XHTML 1.0 Strict Valid CSS Level 2.1</s>
    <s>IFTTA Brasil site Graphene sob licença GNU.</s>
  </text>
</page>
