<?xml version="1.0" encoding="UTF-8"?>
<!DOCTYPE page SYSTEM "page.dtd">
<page>
  <lang>pt</lang>
  <url>http://www.iesalc.unesco.org.ve/index.php%3Foption%3Dcom_content%26view%3Darticle%26id%3D549:segunda-conferencia-mundial-de-ensino-superior-gera-qmuitas-expectativasq-entre-representantes-latino-americanos%26catid%3D19:internacional%26Itemid%3D153</url>
  <title>Segunda Conferência Mundial de Ensino Superior gera &quot;muitas ...</title>
  <snippet>
    <s>Segunda Conferência Mundial de Ensino Superior gera &quot;muitas do Equador e membro do Conselho Nacional de Ensino Superior do Equador, disse que &quot; Um de nossos objetivos principais é carregar para casa um documento que valida Jorge Sequera, Diretor do Escritório Regional da UNESCO para Educação na </s>
  </snippet>
  <text>
    <s>Skip to content</s>
    <s>Skip to main navigation</s>
    <s>Skip to 1st column</s>
    <s>Skip to 2nd column</s>
    <s>!Increase font size</s>
    <s>!Default font size</s>
    <s>!Decrease font size</s>
    <s>Segunda Conferência Mundial de Ensino Superior gera &quot;muitas expectativas&quot; entre representantes latino americanos</s>
    <s>!unesco05062009 009.jpg</s>
    <s>EDIÇÃO ESPECIAL No. 193</s>
    <s>Vários dos integrantes das delegações Latino Americanas que assistem a Segunda Conferência Mundial em Ensino Superior, na sede da UNESCO em Paris espera que as conclusões deste encontro impulsem ainda mais as transformações do ensino superior na região.</s>
    <s>Ernesto Álvarez, presidente da Associação de Professores do Equador e membro do Conselho Nacional de Ensino Superior do Equador, disse que ele e outros membros da sua delegação estão atentos às propostas sobre internacionalização do ensino superior e a criação de um currículo mundial.</s>
    <s>&quot;Estamos promovendo isto dentro do regulamento do regime acadêmico. A respeito da homologação de currículo e mobilidade estudantil, eu vejo uma necessidade&quot;, disse Álvarez.</s>
    <s>Ele explicou que este ano seu país iniciou a unificação acadêmica. &quot;Acreditamos que tais reformas devem acontecer na América Latina e nesta reunião da UNESCO, nós acreditamos que deve acontecer numa base mundial&quot;, adicionou.</s>
    <s>Carina Rodriguez, vice-ministra da Juventude do Paraguai, e representante do Departamento de Educação na Segunda Conferência Mundial de Ensino Superior realçou o fato de que Paraguai voltou a participar deste tipo de reunião.</s>
    <s>&quot;Um de nossos objetivos principais é carregar para casa um documento que valida uma política de ensino superior que inclui a política de portas abertas, sem qualquer tipo de discriminação&quot;, disse Carina.</s>
    <s>Ela ainda adicionou que esperam que a Conferência da UNESCO sugira que o ensino superior seja um direito e um serviço que deve ser garantido pelo Estado.</s>
    <s>Jorge Sequera, Diretor do Escritório Regional da UNESCO para Educação na América Latina e o Caribe, disse ter &quot;muitas expectativas&quot; e adicionou que está disposto a pôr em prática as recomendações desta Conferência por causa do papel da educação no desenvolvimento, um tema chave para a região.</s>
    <s>&quot;Esta Conferência é importante porque o crescimento de escola secundária e educação de nível universitário foi fenomenal em anos recentes mas ainda há muito o que fazer em termos de melhora da qualidade e quantidade. É importante fazer melhoras em todas áreas especialmente em relação ao mundo do trabalho no contexto da crise econômica atual&quot;.</s>
    <s>Mais de mil participantes de 70 países assistiram a abertura da Segunda Conferência Mundial em Ensino Superior em Paris este domingo. O tema da conferencia é &quot;Novas Dinâmicas do Ensino Superior e a Pesquisa para a Mudança Social e o Desenvolvimento&quot;, convocada pela Organização das Nações Unidas para a Educação, a Ciência e a Cultura, UNESCO.</s>
    <s>IESALC Informa/ Jose Baig de Paris</s>
  </text>
</page>
