<?xml version="1.0" encoding="UTF-8"?>
<!DOCTYPE page SYSTEM "page.dtd">
<page>
  <lang>pt</lang>
  <url>http://www.cmac.org.br/nordeste/2011/submissao.php</url>
  <title>Submissão de Trabalhos</title>
  <snippet>
    <s>Conferências; Mesas Redondas; Minicursos; Minissimpósios; Sessões do apresentador será feita em uma etapa posterior de vinculação de trabalhos, onde o </s>
  </snippet>
  <text>
    <s>Congresso de Matemca Aplicada e Computacional</s>
    <s>pending registration fee | settings | logout</s>
    <s>JavaScript do seu browser estesabilitado!</s>
    <s>Para navegar neste site ecesso habilitar JavaScripts. Aprenda a habilitar JavaScripts.</s>
    <s>Datas Importantes</s>
    <s>Sessoes Tecnicas</s>
    <s>Mesas Redondas</s>
    <s>Sessoes Tecnicas</s>
    <s>Perguntas Frequentes</s>
    <s>Submissao de Trabalhos</s>
    <s>Submissao de Trabalhos</s>
    <s>Acesso ao SISTEMA DE SUBMISSÃO DE TRABALHOS</s>
    <s>Diferentemente do CNMAC, a submissao do trabalho poderer feita por qualquer um dos autores do trabalho e nobrigatoriamente pelo autor que apresentar trabalho no congresso. A defini do apresentador sereita em uma etapa posterior de vincula de trabalhos, onde o autor-apresentador irincular-se ao trabalho que irpresentar.</s>
    <s>Para a submissao de trabalhos e necessario que o autor tenha feito a pre-inscriçao no congresso.</s>
    <s>O login e senha, a serem usados na submissao dos trabalhos, serao enviados para o email cadastrado pelo autor no pre-registro ou na inscriçao.</s>
    <s>Para que os trabalhos aceitos sejam incluidos no programa do evento e necessario que ocorra a vincula do trabalho a um dos autores do mesmo. IMPORTANTE: Para que o autor possa vincular-se ao trabalho, ecesso que ele tenha feito o pagamento da taxa de inscriçao ate o dia 21 de Marde 2011.**</s>
    <s>Cada taxa de inscriçao permite a apresentaçao de, no maximo, 02 (dois) trabalhos.</s>
    <s>A aceitaçao definitiva para publicaçao nos Anais do CMAC somente ocorrera se o trabalho for apresentado no congresso.</s>
    <s>Apos o evento, todos os trabalhos aceitos e apresentados ficarao armazenados em uma &quot;biblioteca on-line&quot; mantida pela SBMAC e organizados de tal forma a se distribuirem por eventos, cada um deles contendo codigo de catalogaçao bibliografica.</s>
    <s>Todos os trabalhos serem forma de resumo extendido. (veja o template abaixo). No CMAC sao consideradas contribuiçoes de 3 (tres) categorias:</s>
    <s>Categoria 1: Resumo estendido de uma a trpnas para trabalhos originais de Inicia Cientca (pelo menos um dos autores ntem gradua completa). Esses trabalhos serapresentados na Sessde Pain de Inicia Cientca.</s>
    <s>Categoria 2: Resumo estendido de duas a quatro pnas para trabalhos de pesquisa originais em andamento ou com resultados conclusivos. Esses trabalhos serao apresentados na Sessde Pain Gerais.</s>
    <s>Categoria 3*: Para pesquisadores convidados para conferias, mesas redondas e apresentas em minisimps. Resumo estendido de duas a quatro pnas para trabalhos de pesquisa originais em andamento ou com resultados conclusivos.</s>
    <s>Para convidados que queiram publicar suas apresentas nos anais do CMAC.</s>
    <s>Observaçao: Conferencistas e pesquisadores convidados de minisimposios que desejarem submeter trabalhos devem faze-lo na Categoria 3.</s>
    <s>Para cada trabalho deverao ser submetidos dois tipos de arquivos:</s>
    <s>1. Arquivo.pdf (que sera usado na avaliaçao e na publicaçao nos Anais)</s>
    <s>2. Arquivo.tex ou Arquivo.doc que deu origem ao Arquivo.pdf acima (em caso de trabalhos gerados pelo Latex que tenham figuras, enviar uma pasta.zip contendo o Arquivo.tex e as as respectivas figuras)</s>
    <s>Para acessar o sistema de submiss ecesso estar prnscrito no congresso</s>
    <s>Ainda nao possui pre-inscriçao? Clique aqui</s>
    <s>Acesso ao SISTEMA DE SUBMISSÃO DE TRABALHOS</s>
    <s>Em eventos anteriores, observou-se que numerosos autores costumam faltar na apresentaçao do trabalho sem avisar os organizadores. Este fato tem prejudicado a dinamica do congresso. Portanto, se um autor nao puder comparecer, solicita-se que envie uma mensagem para sbmac@icmc.usp.br comunicando o fato, com antecedencia.</s>
    <s>Avisos Importantes</s>
    <s>A submissao de trabalhos para o CMAC Nordeste 2011 terno no dia 10 de Janeiro 2011.</s>
    <s>O prazo final para a submissao de trabalhos e 04 de Marde 2011.</s>
    <s>Os expositores em paineis gerais (Categoria 2), terao de dois a tres minutos para fazer uma apresentaçao oral de seu trabalho (3 ou 4 slides) em sessao semi-plenaria anteriormente a sessao em que seu painel sera posicionado.</s>
    <s>Todos os co-autores devem ser cadastrados no sistema de submissao para que os mesmos apareçam no programa e no indice dos Anais do CMAC.</s>
    <s>Para evitar prejuizos a dinamica do congresso, se o trabalho nao puder ser apresentado, solicita-se a gentileza de enviar uma comunicaçao com a maxima antecedencia para sbmac@sbmac.org.br</s>
    <s>Modelos para Resumos Extendidos</s>
    <s>Para ter uma referencia rapida na maneira correta de preparar seu trabalho para a submissao, imprima o Template abaixo.</s>
    <s>Clique aqui com o botao direito e escolha &quot;salvar destino como &quot; para obter o modelo do trabalho completo em LATEX</s>
    <s>Clique aqui com o botao direito e escolha &quot;salvar destino como &quot; para obter o modelo do trabalho completo em PDF</s>
    <s>Normas para os Paineis (Gerais e IC)</s>
    <s>Apesar de nao disponibilizarmos templates para a apresentaçao dos paineis, seguem abaixo algumas normas importantes que deverao ser consideradas pelos autores nas Categorias 1 e 2.</s>
    <s>Dimensoes: 90 cm de largura por 100 cm de altura.</s>
    <s>Os autores deverao disponibilizar, no ato da apresentaçao, copias do trabalho de no minimo 1 pagina, em espaço simples, para que interessados possam levar embora.</s>
    <s>Cada painel fixado devera estar identificado com um numero em uma etiqueta colada, que sera providenciada pelo Comite do CMAC responsavel pela organizaçao dos paineis. Este Comite tera uma lista de controle da identificaçao do(s) autores com assinatura.</s>
    <s>Somente autor(es) inscrito(s) podera(ao) apresentar o trabalho. Ficara vetado fixaçao de trabalhos que nao tenham passado pelo controle de identificaçao.</s>
    <s>Publicaçao dos trabalhos:</s>
    <s>Para que os trabalhos aceitos sejam incluidos no programa do evento e necessario o pagamento da taxa de inscriçao pelo autor vinculado ao trabalho, ate o dia 21 de Marde 2011.</s>
    <s>Cada taxa de inscriçao permite a apresentaçao de, no maximo, 2 (dois) trabalhos.</s>
    <s>A aceitaçao definitiva para publicaçao nos Anais do CMAC somente ocorrera se o trabalho for apresentado no congresso.</s>
    <s>Apos o evento, todos os trabalhos aceitos e apresentados ficarao armazenados em uma &quot;biblioteca on-line&quot; mantida pela SBMAC e organizados de tal forma a se distribuirem por eventos, cada um deles contendo codigo de catalogaçao bibliografica.</s>
    <s>A publicaçao nos Anais nao requer cessao de copyright. Os trabalhos publicados podem ser ressubmetidos na TEMA, na CAM ou em qualquer outro veiculo, desde que os autores mencionem na nova publicaçao que o trabalho ja foi publicado nos Anais.</s>
    <s>Os autores dos melhores trabalhos serconvidados pela ComissCientca para submetos evista TEMA.</s>
    <s>Acesso ao SISTEMA DE SUBMISSÃO DE TRABALHOS</s>
    <s>Uma soluçao</s>
    <s>cubomultimidia® sistemas academicos</s>
    <s>Developed for:</s>
    <s>CMAC-Nordeste Congresso de Matemca Aplicada e Computacional RegiNordeste</s>
    <s>10 a 13 de abril de 2011</s>
    <s>Porto de Galinhas-PE, Brasil</s>
  </text>
</page>
