<?xml version="1.0" encoding="UTF-8"?>
<!DOCTYPE page SYSTEM "page.dtd">
<page>
  <lang>pt</lang>
  <url>http://www.cidadedosaber.org.br/wp/2011/07/27/conferencia-municipal-de-assistencia-social-acontece-no-tcs/</url>
  <title>Cidade do Saber» Arquivo do Blog » Conferência Municipal de ...</title>
  <snippet>
    <s>27 jul. 2011 Conferência Municipal de Assistência Social acontece no TCS O evento acontece na Cidade do Saber, das 8h às 17h, e deve reunir cerca </s>
  </snippet>
  <text>
    <s>Seu Nome</s>
    <s>Seu Email</s>
    <s>Nome Dele</s>
    <s>Email Dele</s>
    <s>Indique este artigo | Imprimir</s>
    <s>Conferência Municipal de Assistência Social acontece no TCS</s>
    <s>!A Sedes (Secretaria do Desenvolvimento Social) realiza, quarta e quinta-feira (27 e 28/07), a 5ª Conferência Municipal de Assistência Social.</s>
    <s>O evento acontece na Cidade do Saber, das 8h às 17h, e deve reunir cerca de 400 pessoas, dentre profissionais da área da assistência social do Município, sociedade civil, usuários do serviço e autoridades locais.</s>
    <s>A conferência tem como objetivo avaliar e propor diretrizes para o aprimoramento da gestão do SUAS (Sistema Único da Assistência Social) na perspectiva da valorização dos trabalhadores e da qualificação dos serviços, programas, projetos e benefícios.</s>
    <s>Com o tema Consolidar o SUAS e valorizar seus trabalhadores, a conferência vai discutir propostas para encaminhar ao Conselho Estadual da Assistência Social (CEAS). Na oportunidade, serão formados grupos de trabalho para garantir o aprofundamento das discussões que irão debater os sub-temas Estratégias para a estruturação da gestão do trabalho no SUAS, Reordenamento e qualificação dos serviços sócio-assistenciais, Fortalecimento da participação e do controle social, A centralidade SUAS na erradicação da extrema pobreza no Brasil.</s>
    <s>Durante a conferência também serão eleitos seis delegados que irão representam o Município na etapa Estadual, marcada para o final do mês de outubro, em Salvador.</s>
    <s>Os interessados em participar da conferência podem efetuar a inscrição pela internet ou de forma presencial. Quem optar por se inscrever via web, o prazo vai até terça-feira (26/07), através do link da conferência disponível no correio eletrônico da Prefeitura (www.camacari.ba.gov.br).</s>
    <s>É necessário baixar o arquivo, preencher e imprimir a ficha de inscrição para apresentá-la aos organizadores no dia do evento. A inscrição presencial será feita no início da conferência, mediante a apresentação do documento de identidade.</s>
    <s>Após as discussões na esfera Estadual, as propostas apresentadas serão levadas para a Conferência Nacional, que acontece entre os dias 7 e 10 de dezembro, em Brasília.</s>
    <s>Visando dar subsídios aos profissionais que irão participar das oficinas temáticas na Conferência Municipal de Assistência Social, foi realizada, na manhã desta segunda-feira (25/07), no Espaço Conviver (Centro de Convivência do Idoso de Camaçari), uma pré-conferência.</s>
    <s>Na oportunidade, estiveram presentes representantes da Sedes, do Conselho Municipal de Assistência Social, do Cras (Centro de Referência de Assistência Social), do Creas (Centro de Referência e Especialidade em Saúde), do Conviver, de Casa da Criança e da Segurança Alimentar e Nutricional do Município.</s>
    <s>PROGRAMAÇÃO DA CONFERÊNCIA</s>
    <s>27/07 (quarta-feira)</s>
    <s>8h às 11h – Credenciamento no Foyer do Teatro da Cidade do Saber</s>
    <s>8h30 - Mesa de Abertura Oficial</s>
    <s>9h - Conferência Magna sobre o tema Consolidar o SUAS (Sistema Único da Assistência Social) e valorizar seus trabalhadores</s>
    <s>10h - Leitura do Regimento Interno</s>
    <s>13h30 - Oficinas Temáticas nos auditórios 1, 2, 3 e 4 sobre os sub-temas:</s>
    <s>Estratégias para a estruturação da gestão do trabalho no SUAS</s>
    <s>Reordenamento e qualificação dos serviços sócio-assistenciais</s>
    <s>Fortalecimento da participação e do controle social</s>
    <s>A centralidade SUAS na erradicação da extrema pobreza no Brasil</s>
    <s>15h- Intervalo</s>
    <s>15h30 - Retomada das Oficinas Temáticas nos auditórios 1, 2, 3 e 4</s>
    <s>17h - Encerramento</s>
    <s>28/07 (quinta-feira)</s>
    <s>8h30 - Abertura / Apresentação Cultural</s>
    <s>9h - Oficinas Temáticas nos auditórios 1, 2, 3 e 4 sobre os sub-temas:</s>
    <s>Estratégias para a estruturação da gestão do trabalho no SUAS</s>
    <s>Reordenamento e qualificação dos serviços sócio-assistenciais</s>
    <s>Fortalecimento da participação e do controle social</s>
    <s>A centralidade SUAS na erradicação da extrema pobreza no Brasil</s>
    <s>12h - Intervalo para o almoço</s>
    <s>13h30 - Plenária Final e Eleição de Delegados</s>
    <s>16h30 - Encerramento</s>
    <s>Esse post foi publicado de quarta-feira, 27 de julho de 2011 às 10:39, e arquivado em Noticias e Oportunidades. Você pode acompanhar os comentários desse post através do feed RSS 2.0. Você pode comentar ou mandar um trackback do seu site pra cá.</s>
    <s>2 comentários para &quot;Conferência Municipal de Assistência Social acontece no TCS&quot;</s>
    <s>1.ana paula disse:</s>
    <s>27 de julho de 2011 às 12:19</s>
    <s>quero participar</s>
    <s>2.ASCOM disse:</s>
    <s>27 de julho de 2011 às 12:56</s>
    <s>Bom dia Ana Paula,</s>
    <s>As inscrições via web, foram encerradas ontem (26/07), entretanto você também pode efetuar sua inscrição presencialmente. Ela será feita no início da conferência, mediante a apresentação do documento de identidade.</s>
    <s>Para obter mais informações, pedimos-lhe que entre em contato com a organização do evento.</s>
    <s>Secretaria do Desenvolvimento Social</s>
    <s>Tel.: 3644-5711/ 5702 Cel.: 9979-5481 ou ramal: 7423</s>
    <s>Assessoria de Comunicação - Cidade do Saber</s>
    <s>Deixe um comentário</s>
    <s>Nome (obrigatório)</s>
    <s>Email (não será publicado) (obrigatório)</s>
    <s>Quem Somos</s>
    <s>Linhas de Açao</s>
    <s>Centro de Eventos</s>
    <s>Selecionar o mês outubro 2011 (59) setembro 2011 (106) agosto 2011 (113) julho 2011 (88) junho 2011 (68) maio 2011 (85) abril 2011 (79) março 2011 (65) fevereiro 2011 (57) janeiro 2011 (21) dezembro 2010 (43) novembro 2010 (64) outubro 2010 (55) setembro 2010 (37) agosto 2010 (56) julho 2010 (54) junho 2010 (46) maio 2010 (50) abril 2010 (42) março 2010 (53) fevereiro 2010 (24) janeiro 2010 (23) dezembro 2009 (34) novembro 2009 (68) outubro 2009 (79) setembro 2009 (67) agosto 2009 (95) julho 2009 (97) junho 2009 (62) maio 2009 (80) abril 2009 (71) março 2009 (38) fevereiro 2009 (26) janeiro 2009 (18) dezembro 2008 (13) novembro 2008 (1) outubro 2008 (2) setembro 2008 (1) fevereiro 2008 (1) janeiro 2008 (2)</s>
    <s>Noticias e Oportunidades</s>
    <s>CIDADE DO SABER - Instituto Professor Raimundo Pinheiro - CEP: 42.809-000 - www.cidadedosaber.org.br</s>
    <s>RUA DO TELÉGRAFO - S/Nº - BAIRRO DO NATAL - CAMAÇARI - BAHIA - BRASIL - Tel. +55 71 3644 1631</s>
  </text>
</page>
