<?xml version="1.0" encoding="UTF-8"?>
<!DOCTYPE page SYSTEM "page.dtd">
<page>
  <lang>pt</lang>
  <url>http://www.cnbbco.org.br/noticias_detalhe.php%3Fid_noticia%3D141</url>
  <title>Documento de Aparecida ilumina assembléia ... - CNBB</title>
  <snippet>
    <s>De acordo com padre Placimário Ferreira, coordenador geral do evento, o Documento de Aparecida é a alma da Assembléia. “É muito interessante, porque </s>
  </snippet>
  <text>
    <s>Documento de Aparecida ilumina assembl arquidiocesana de Brasa</s>
    <s>06 11 2007</s>
    <s>Da agia Zenit</s>
    <s>Santidade na Unidade foi o tema da IV Assembl Arquidiocesana de Brasa (Brasil), que reuniu, neste fim de semana, cerca de mil representantes de todas as paras, movimentos e pastorais arquidiocesanas, no Centro de Convens Ulisses Guimar, em Brasa.</s>
    <s>O arcebispo de Brasa, Dom JoBraz de Aviz, inaugurou o evento ressaltando o momento que a Igreja no Brasil estivenciando desde a Conferia do Episcopado Latino-Americano, que ocorreu em maio na cidade de Aparecida.</s>
    <s>A Igreja hamada a repensar e revitalizar sua missde an do Evangelho uz das novas exigias da nossa realidade. Ressaltou, no entanto, que essa revitaliza ndepende de grandes projetos, mas de homens e mulheres novos que sejam missionos de Cristo. Para Dom Jo o grande desafio ecome a partir de Cristo. O trabalho maior estentro de nesmos, diz o arcebispo.</s>
    <s>De acordo com padre Placimo Ferreira, coordenador geral do evento, o Documento de Aparecida alma da Assembl. muito interessante, porque estamos preparando nossa Assembl hranos. Ou seja, a prepara da nossa Assembl coincidiu com a prepara e realiza da Conferia de Aparecida. Ent podemos dizer que a temca, o espto e o Documento de Aparecida iluminaram muito as nossas reflex.</s>
    <s>O objetivo da Assembl foi possibilitar greja em Brasa conhecer-se melhor e conhecer a realidade do Distrito Federal, avaliar o que joi realizado, quais os desafios para o futuro e, por fim, planejar as linhas de a pastoral para os pros anos.</s>
    <s>A Assembl focalizou trtemas: Fama, Catequese e Miss Para isso, foram realizadas assembls paroquiais onde os fi puderam discutir e identificar dificuldades e propostas. Esses dados foram compilados no documento Instrumento de Trabalho e Guia para as Celebras Litas, distribu durante a Assembl.</s>
    <s>Padre Placimo Ferreira, em entrevista enit, identificou alguns pontos relevantes desse documento. Hma sede muito grande de comunhe de forma. Ou seja, um desejo de termos catequistas e agentes de pastoral familiar bem formados. Tambexiste uma grande valoriza do aspecto missiono, que estespertando Brasa.</s>
    <s>O coordenador geral comentou o caso da MissRoraima, realizada entre a Arquidiocese de Brasa e a Diocese de Roraima em que dez missionos da capital irem missao norte do padurante dois anos. A MissRoraima vai ser um arranque muito forte para essa consciia missiona em Brasa, comentou.</s>
    <s>O tema da Assembl centrou-se no conceito de comunh de unidade. E sobre isso, todos os conferencistas, Dom Joe padre Placimo ressaltaram a importia do trabalho conjunto entre todos os segmentos da Igreja.</s>
    <s>Para o coordenador-geral da Assembl, o primeiro objetivo foi fazer uma sensibiliza de como mportante trabalhar juntos enquanto arquidiocese. &quot;Temos vas atividades nas paras, movimentos, setores da arquidiocese, mas nueremos que todos nuntos tomemos consciia dessa necessidade de sermos disclos missionos de Cristo, afirmou.</s>
    <s>Para o futuro, jlanos de um congresso sobre o Documento de Aparecida. Nas paras de Brasa jstsendo realizados estudos sobre o Documento.</s>
    <s>Para quem jeu o Documento de Aparecida, vemos que m texto muito rico em sugestpastorais, principalmente em rela paras, atequese de inicia cristara como uma rede de comunidades. Tambm documento rico em indicas para a espiritualidade do sacerdote, do dino, e dos fi leigos. um documento muito rico em aplicas, concluiu padre Placimo.</s>
    <s>Noticias recentes:</s>
    <s>19 09 2011</s>
    <s>Dom Guilherme recebe Medalha Mto Legislativo</s>
    <s>12 08 2011</s>
    <s>8 Romaria Diocesana a Nossa Senhora da Salete</s>
    <s>15 06 2011</s>
    <s>Papa nomeia Dom Sio para Arquidiocese de Brasa</s>
    <s>19 05 2011</s>
    <s>Regional Centro-Oeste busca uma aproxima maior com os jovens</s>
    <s>18 05 2011</s>
    <s>Frei Sebastide Pires do Rio denitia diferente e estimula o cuidado com o meio ambiente</s>
    <s>[ voltar ]</s>
    <s>Leia o Boletim</s>
    <s>Todos os direitos reservados - SINTONIA WEB</s>
  </text>
</page>
