<?xml version="1.0" encoding="UTF-8"?>
<!DOCTYPE page SYSTEM "page.dtd">
<page>
  <lang>pt</lang>
  <url>http://www.apgeo.pt/index.php%3Fsection%3D30%26action%3Dview_all_news%26module%3Dnewsmodule</url>
  <title>TODAS AS NOTÍCIAS - Associação Portuguesa de Geògrafos</title>
  <snippet>
    <s>Ciclo de Conferências: &quot;Ordenamento do Território e Coesão Territorial&quot; 0 GEOGRAFIA Portuguesa | ADIAMENTO DA DATA PARA SUBMISSÃO DE ARTIGO: 19 de 18 de Maio | 14:30h | Universidade de Lisboa | Salão Nobre da Reitoria </s>
  </snippet>
  <text>
    <s>Org Sociais</s>
    <s>Notas da Direc!</s>
    <s>2011 | Notas da Direc!</s>
    <s>Notas da Direc 20 - 24/01/2011!</s>
    <s>Notas da Direc 21 - 14/04/2011</s>
    <s>Notas da Direc 22 - 18/04/2011</s>
    <s>Notas da Direc 23 - 23/05/2011</s>
    <s>Notas da Direc 24 - 30/05/2011</s>
    <s>Notas da Direc 25 - 16/06/2011</s>
    <s>Notas da Direc 26 - 12/09/2011</s>
    <s>Notas da Direc 27 - 15/09/2011</s>
    <s>Notas da Direc 28 - 11/10/2011</s>
    <s>Notas da Direc 29 - 12/10/2011</s>
    <s>2010 | Notas da Direc!</s>
    <s>Notas da Direc 11 - 08/03/2010</s>
    <s>Notas da Direc 12 - 11/03/2010</s>
    <s>Notas da Direc 13 - 11/03/2010</s>
    <s>Notas da Direc 14 - 15/03/2010</s>
    <s>Notas da Direc 15 - 17/03/2010</s>
    <s>Notas da Direc 16 - 06/05/2010</s>
    <s>Notas da Direc 17 - 08/07/2010</s>
    <s>Notas da Direc 18 - 03/09/2010</s>
    <s>Notas da Direc 19 - 23/12/2010</s>
    <s>2009 | Notas da Direc!</s>
    <s>Notas da Direc 04 - 25/02/2009</s>
    <s>Notas da Direc 05 - 05/03/2009</s>
    <s>Notas da Direc 06 - 19/03/2009</s>
    <s>Notas da Direc 07 - 23/03/2009</s>
    <s>Notas da Direc 08 - 27/07/2009</s>
    <s>Notas da Direc 09 - 03/09/2009</s>
    <s>Notas da Direc 10 - 04/11/2009</s>
    <s>Notas da Direc sn - 22/12/2009</s>
    <s>2008 | Notas da Direc!</s>
    <s>Notas da Direc 01 06/06/2008</s>
    <s>Notas da Direc 02 - 01/09/2008</s>
    <s>Notas da Direc 03 - 23/12/2008</s>
    <s>2007 | Notas da Direc !</s>
    <s>Notas da Direc 00 - 11/05/2007</s>
    <s>Grupos de Trabalho Temcos (GTT)</s>
    <s>Ns Regionais</s>
    <s>Capitulo II</s>
    <s>Capitulo III</s>
    <s>Capitulo IV</s>
    <s>Capitulo V</s>
    <s>Capitulo VI</s>
    <s>Capitulo VII</s>
    <s>Anexo Eleitoral</s>
    <s>Pro Nacional de Geografia Orlando Ribeiro</s>
    <s>Documentos APG</s>
    <s>Protocolos Geopoint!</s>
    <s>Benefos - Geopoint</s>
    <s>Protocolos Sucessways!</s>
    <s>Benefos - Sucessways</s>
    <s>Protocolos Europcar!</s>
    <s>Benefos - Europcar</s>
    <s>Protocolos CarLife - Centro Auto!</s>
    <s>Benefos - CarLife - Centro Auto</s>
    <s>Protocolos Papelaria Fernandes!</s>
    <s>Benefos - Papelaria Fernandes</s>
    <s>Protocolos Agia Abreu!</s>
    <s>Benefos - Agia Abreu</s>
    <s>Protocolos A Vida ela!</s>
    <s>Benefos - A Vida ela</s>
    <s>Protocolos Holmes Place!</s>
    <s>Benefos - Holmes Place</s>
    <s>Protocolos Hoteis Accor‏ !</s>
    <s>Benefos - Hoteis Accor‏</s>
    <s>Protoclos Mar Energco!</s>
    <s>Benefos Mar Energco</s>
    <s>Protocolos ChequeHotel !</s>
    <s>Benefos - ChequeHotel</s>
    <s>Protocolos Massagem!</s>
    <s>Benifos Massagem</s>
    <s>Protocolos Zapp!</s>
    <s>Benefos Zapp</s>
    <s>[A profiss&quot;Gefo&quot;</s>
    <s>eas de actua</s>
    <s>Guia Caracteriza Profissional</s>
    <s>P-GRADUAES EM GEOGRAFIA 2009/10!</s>
    <s>Universidade do Minho, Instituto de Ciias Sociais</s>
    <s>Universidade do Porto / Faculdade de Letras</s>
    <s>Universidade de Coimbra/Faculdade de Letras</s>
    <s>Universidade de Lisboa/ Faculdade de Letras |IGOT Instituto de Geografia e Ordenamento do Territ</s>
    <s>Universidade Nova de Lisboa/ Faculdade de Ciias Sociais e Humanas</s>
    <s>Universidade Lusa de Humanidades e Tecnologias - Faculdade de Arquitectura, Urbanismo e Artes</s>
    <s>Universidade de ora</s>
    <s>2011 - Corrente!</s>
    <s>Conferia ica e Territ | Inscris‏</s>
    <s>Peti Pa Nacional | Forma auta dos professores de Geografia e Hist | Forma inicial de qualidade</s>
    <s>VIII CONGRESSO DA GEOGRAFIA PORTUGUESA</s>
    <s>PRIO NACIONAL DE GEOGRAFIA ORLANDO RIBEIRO 2011</s>
    <s>Base de Dados dos Gefos Portugueses - Formulo | 2011</s>
    <s>2010 - Arquivo Histo!</s>
    <s>Inquto omunidade Geogrca 2009 | Resultados</s>
    <s>XII COLUIO IBICO DE GEOGRAFIA - Porto</s>
    <s>XII Colo Ibco de Geografia | Prt Sc do site</s>
    <s>Festa Geografia | Mirandela | 21-23 de Maio de 2010</s>
    <s>2009 - Arquivo Histo!</s>
    <s>Inquto omunidade Geogrca</s>
    <s>Ciclo de Conferias: &quot;Ordenamento do Territ e CoesTerritorial&quot;!</s>
    <s>Ciclo de Conferias Ordenamento do Territ e CoesTerritorial | Livro Verde</s>
    <s>VII CONGRESSO DA GEOGRAFIA PORTUGUESA!</s>
    <s>ComissCientca &amp; Organizadora</s>
    <s>Eixos Temcos</s>
    <s>Visitas de Estudo</s>
    <s>Como Chegar</s>
    <s>Onde Ficar</s>
    <s>Datas Importantes</s>
    <s>Inscris Online</s>
    <s>2008 - Arquivo Histo!</s>
    <s>XI COLUIO IBICO DE GEOGRAFIA - ALCALDE HENARES</s>
    <s>2007 - Arquivo Histo!</s>
    <s>VI CONGRESSO DA GEOGRAFIA PORTUGUESA!</s>
    <s>ComissCientca &amp; Organizadora</s>
    <s>Eixos Temcos</s>
    <s>Como Chegar</s>
    <s>Onde Ficar</s>
    <s>Datas Importantes</s>
    <s>Ciclo de Conferias: &quot;30 Anos de Geografia e Ordenamento do Territ em Democracia&quot;</s>
    <s>Sistema de Acredita e Registo dos Profissionais de Planeamento e Gestdo Territ</s>
    <s>Festa da Geografia 2007</s>
    <s>2006 - Arquivo Histo!</s>
    <s>SESS DE DISCUSS PLICA DO PROGRAMA NACIONAL DA POLICA DE ORDENAMENTO DO TERRITIO SOCIEDADE DE GEOGRAFIA DE LISBOA</s>
    <s>2005 - Arquivo Histo!</s>
    <s>X COLOQUIO IBICO DE GEOGRAFIA - ora</s>
    <s>2004 - Arquivo Histo!</s>
    <s>V Congresso da Geografia Portuguesa</s>
    <s>Iniciativa Silva Telles</s>
    <s>Inforgeo I</s>
    <s>Inforgeo II</s>
    <s>Inforgeo III</s>
    <s>Inforgeo IV</s>
    <s>Inforgeo V</s>
    <s>Inforgeo VI</s>
    <s>Inforgeo VII e VIII</s>
    <s>Inforgeo IX e X</s>
    <s>Inforgeo XI</s>
    <s>Inforgeo XII e XIII</s>
    <s>Inforgeo IV</s>
    <s>Inforgeo XV</s>
    <s>Inforgeo XVI e XVII</s>
    <s>Inforgeo XVIII e XIX</s>
    <s>Inforgeo XX e XXI</s>
    <s>Inforgeo XXII e XXIII</s>
    <s>Inforgeo XXIV</s>
    <s>II Congresso da Geografia Portuguesa</s>
    <s>IV Congresso da Geografia Portuguesa</s>
    <s>V Congresso da Geografia Portuguesa</s>
    <s>VI Congresso da Geografia Portuguesa</s>
    <s>VII Congresso da Geografia Portuguesa</s>
    <s>X Colo Ibco de Geografia!</s>
    <s>X Colo Ibco de Geografia A</s>
    <s>X Colo Ibco de Geografia B</s>
    <s>X Colo Ibco de Geografia C</s>
    <s>X Colo Ibco de Geografia D</s>
    <s>X Colo Ibco de Geografia E</s>
    <s>X Colo Ibco de Geografia F</s>
    <s>X Colo Ibco de Geografia G</s>
    <s>X Colo Ibco de Geografia H</s>
    <s>X Colo Ibco de Geografia I</s>
    <s>X Colo Ibco de Geografia J</s>
    <s>X Colo Ibco de Geografia L</s>
    <s>XI Colo Ibco de Geografia</s>
    <s>Centros de Investiga e Ensino Superior</s>
    <s>Organismos Pos</s>
    <s>Revistas e bibliotecas</s>
    <s>Planeamento Regional e Urbano</s>
    <s>Geografia Social e Cultural</s>
    <s>Geografia Rural</s>
    <s>Colo de abertura da Exposi Comemorativa dos 100 anos do Nascimento - Orlando Ribeiro (1911-1987) : Ponto de Partida, Lugar de Encontro | 26/10/2011 | Anfiteatro da BNP |17h00 | Entrada Livre</s>
    <s>Editado 16 Outubro de 2011</s>
    <s>Ler Mais </s>
    <s>Norma Tica sobre o Modelo de Dados para o Plano Director Municipal</s>
    <s>Editado 13 Outubro de 2011</s>
    <s>Ler Mais </s>
    <s>Gefos e cadastro: Nota da APG dirigida a sua Excelia a Ministra da Agricultura, do Mar, do Ambiente e do Ordenamento do Territ</s>
    <s>Editado 11 Outubro de 2011</s>
    <s>Ler Mais </s>
    <s>Apresenta do Ponto de Contacto Nacional do programa ESPON (ECP-PT) | 13 de Outubro | 10.30h e as 12.30h | Audit DGOTDU</s>
    <s>Editado 09 Outubro de 2011</s>
    <s>Ler Mais </s>
    <s>Mundo Rural: O Regresso ao Futuro? Debate em torno do livro &quot;Entre as Cidades e a Serra&quot; | 14 de Outubro | 18h30 | Livraria Ler Devagar (Lx Factory)‏</s>
    <s>Ler Mais </s>
    <s>7th International Conference on Virtual Cities and Territories | 11th to 13th October 2011 | Lisbon</s>
    <s>Editado 09 Outubro de 2011</s>
    <s>Ler Mais </s>
    <s>Peti Pa Nacional: Por uma forma auta dos professores de Geografia e Hist.</s>
    <s>Editado 07 Outubro de 2011</s>
    <s>Ler Mais </s>
    <s>Conferia: ica e Territ | 19 de Setembro de 2011 | 14:30 - 17:00 | Funda Calouste Gulbenkian | Audit 3</s>
    <s>Editado 12 Setembro de 2011 / Reeditado 27 Setembro de 2011</s>
    <s>Ler Mais </s>
    <s>&quot;Fazer (colaborativamente) Cidade: o envolvimento da Comunidade no projecto Urbano&quot; | dia 23 de Setembro | FCSH-UNL | Av. de Berna</s>
    <s>Editado 07 Setembro de 2011</s>
    <s>Ler Mais </s>
    <s>Semino Internacional: 'Urban Govrnance in the South of Europe' | 8 de Julho | ICS | Lisboa</s>
    <s>Editado 27 Junho de 2011</s>
    <s>Ler Mais </s>
    <s>Notas da Direc 25 - URGENTE: VIII Congresso da GEOGRAFIA Portuguesa | ADIAMENTO DA DATA PARA SUBMISS DE ARTIGO: 19 de Junho de 2011</s>
    <s>Editado 14 Junho de 2011</s>
    <s>Ler Mais </s>
    <s>VIII Congresso da GEOGRAFIA Portuguesa | ADIAMENTO DA DATA PARA SUBMISS DE ARTIGO</s>
    <s>Editado 28 Maio de 2011</s>
    <s>Ler Mais </s>
    <s>Conferia sobre A Revisdo PDM de Lisboa | 18 de Maio | 18 horas</s>
    <s>Editado 16 Maio de 2011</s>
    <s>Ler Mais </s>
    <s>&quot;Alde nMudanna Paisagem&quot; | 2 de Maio | 23 horas | RTP 1</s>
    <s>Editado 30 Abril de 2011</s>
    <s>Ler Mais </s>
    <s>Lanento do DVD: Portugal - Um Retrato Ambiental &amp; Homenagem a Correia da Cunha | 28 de Abril | 18horas | Audit 2 | Funda Calouste Gulbenkian</s>
    <s>Editado 26 Abril de 2011</s>
    <s>Ler Mais </s>
    <s>PALESTRA com SASKIA SASSEN e JO FERR | LANMENTO DA REDE 'GLOBAL CITY 2.0' | 18 ABRIL | 18:00 | LISBOA | Livraria Ler Devagar</s>
    <s>Ler Mais </s>
    <s>PRIO NACIONAL DE GEOGRAFIA ORLANDO RIBEIRO 2011</s>
    <s>Estaberto o concurso ao PRIO NACIONAL DE GEOGRAFIA ORLANDO RIBEIRO 2011</s>
    <s>Ler Mais </s>
    <s>Novo PDM de Lisboa 7 Abril a 20 de Maio SessPublicas</s>
    <s>Ver Convite | Ver Programa</s>
    <s>Ler Mais </s>
    <s>Norma Tica sobre o Modelo de Dados para o Plano Director Municipal | Consulta Publica</s>
    <s>A Direc Geral de Ordenamento do Territ e Desenvolvimento Urbano, dando cumprimento ao n 7 do artigo 6 do Decreto Regulamentar n 10/2009, de 29 de Maio, elaborou uma norma tica sobre a estrutura em sistema de informa geogrca da informa que integra o Plano Director Municipal.</s>
    <s>Ler Mais </s>
    <s>Quantum GIS Day | 14 de Abril | Instituto de Geografia e Ordenamento do Territ | FLUL</s>
    <s>Encontro dos utilizadores OpenSource GIS</s>
    <s>Ler Mais </s>
    <s>Conferia 25 ANOS DE DESENVOLVIMENTO REGIONAL E URBANO EM PORTUGAL - 16 Mar- 17.30h - Audit Sedas Nunes ICS</s>
    <s>Ler Mais </s>
    <s>ASSEMBLEIA GERAL DA ASSOCIAO PORTUGUESA DE GERAFOS - 30 de MAR - 18h - ICS</s>
    <s>Ler Mais </s>
    <s>VIII CONGRESSO DA GEOGRAFIA PORTUGUESA REPENSAR A GEOGRAFIA PARA NOVOS DESAFIOS | Competias, Investiga, Ac 26, 27 , 28 e 29 de Outubro de 2011 | Lisboa</s>
    <s>O Instituto de Geografia e Ordenamento do Territ (IGOT) da Universidade de Lisboa e a APG, to prazer de informar que o VIII Congresso da Geografia Portuguesa irecorrer durante os dias 26, 27 , 28 e 29 de Outubro de 2011, em Lisboa.</s>
    <s>Ler Mais </s>
    <s>Especial Sistemas de informa Geogrca | artigo no Dio Econo N 5117 DE 17 FEVEREIRO 2011 | Paulo Morgado</s>
    <s>Aceda ao Especial Sistemas de informa Geogrca, artigo no Dio Econo N 5117 DE 17 FEVEREIRO 2011, onde pode observar a entrevista a Paulo Morgado, vogal da APG.</s>
    <s>Ler Mais </s>
    <s>Documento Orlando Ribeiro | 13 Fevereiro | 21.00h | RTP2</s>
    <s>Documento Orlando Ribeiro</s>
    <s>Ler Mais </s>
    <s>Base de Dados dos Gefos Portugueses</s>
    <s>Ler Mais </s>
    <s>Cidades do Futuro: Prospectiva, Planeamento e Gest</s>
    <s>CURSO P‐GRADUADO DE ACTUALIZAO CIDADES DO FUTURO: PROSPECTIVA, PLANEAMENTO E GEST</s>
    <s>Ler Mais </s>
    <s>XII Colo Ibco de Geografia‏</s>
    <s>Estisponl no site do colo informa relevante sobre a realiza do mesmo. Verifique se o seu resumo se encontra na lista de resumos aceites e inscreva-se no colo.</s>
    <s>Ler Mais </s>
    <s>Guia dos Contratos para Planeamento (Colec Documentos de Orienta DGOTDU/2010) Observa erspara Consulta</s>
    <s>Na sequia da Consulta Pa sobre o Guia dos Contratos para Planeamento promovida pela DGOTDU, a Direc da APG, entendeu pronunciar-se tendo enviado o contributo que aqui se disponibiliza.</s>
    <s>Ler Mais </s>
    <s>Festa da Geografia: &quot;Territs de Risco | Mirandela | 21 e 23 de Maio de 2010</s>
    <s>A Festa da Geografia 2010, sob o tema: &quot;Territs de Risco&quot;, ocorre este ano entre 21 e 23 de Maio de 2010, como habitualmente na cidade de Mirandela. Neste ano a Associa Portuguesa de Gefos est organizar o evento conjuntamente com a Cra Municipal de Mirandela.</s>
    <s>Ler Mais </s>
    <s>II Conferias do IGOT: A Geografia no Ordenamento do Territ | 18 de Maio | 14:30h | Universidade de Lisboa | SalNobre da Reitoria</s>
    <s>Ler Mais </s>
    <s>FESTA DA GEOGRAFIA | Concurso Nacional de Fotografia Territs de Risco | Mirandela 21-23 de Maio de 2010</s>
    <s>Organizada pela APG e Cra Municipal de Mirandela, realizar-se-ntre 21 e 23 de Maio de 2010 -A Festa da Geografia, sob o tema: &quot;Territs de Risco&quot; num esforintegrado de compreensdas amea e perigos que se colocam aos territs e acs para os evitar e minimizar, desafio cada vez mais presente no labor dos gefos e nas preocupas sociais das populas.</s>
    <s>Ler Mais </s>
    <s>XII Colo Ibco de Geografia | Universidade do Porto | de 6 a 9 de Outubro de 2010 Prorroga de prazos</s>
    <s>Limite de submissdos resumos: 15 de Abril.</s>
    <s>Ler Mais </s>
    <s>Lanento do o n da Revista INFORGEO: Planear o Local</s>
    <s>Programa do lanento do o n da Revista INFORGEO: Planear o Local, que terugar no ICS, dia 20 de Marde 2010, no dia das Eleis para os Corpos Sociais e da Assembleia Geral da APG .</s>
    <s>Ler Mais </s>
    <s>Conferia &quot;A Evolu do Territ da Galiza ao longo dos Slos&quot; | Sec de Hist da Sociedade de Geografia de Lisboa |19 de Marde 2010 | 18h00</s>
    <s>&quot;A Evolu do Territ da Galiza ao longo dos Slos&quot;.</s>
    <s>Ler Mais </s>
    <s>CONVITE | Cerim de Assinatura do Termo de Depo do Esp de Orlando Ribeiro | 5 feira | 18 de Mar| 16H00 | BNP</s>
    <s>Ler Mais </s>
    <s>XII Colo Ibco de Geografia | Universidade do Porto | de 6 a 9 de Outubro de 2010</s>
    <s>Ler Mais </s>
    <s>Conferia de Empregabilidade A Geografia e a empregabilidade dos Gefos</s>
    <s>Conferia de Empregabilidade A Geografia e a empregabilidade dos Gefos</s>
    <s>Ler Mais </s>
    <s>Conferia: A GEOGRAFIA E OS OUTROS / A GEOGRAFIA DOS OUTROS</s>
    <s>SALA DE REUNIS DA FLUP (PISO 2)</s>
    <s>Ler Mais </s>
    <s>ASSEMBLEIA ELEITORAL DA APG - 20 de Mar‏ 2010</s>
    <s>Caro(a) associado(a)</s>
    <s>Ler Mais </s>
    <s>XII Colo Ibco de Geografia | Universidade do Porto | de 6 a 9 de Outubro de 2010</s>
    <s>Em Outubro de 2010 (dias 6 a 9), decorrer XII Colo Ibco de Geografia, cuja organiza foi delegada, pela APG e pela Asociacie Gefos Espas (AGE), no Departamento de Geografia da Faculdade de Letras da Universidade do Porto.</s>
    <s>Ler Mais </s>
    <s>IV Congresso Ibco de Didica da Geografia</s>
    <s>A Associa de Professores de Geografia, o IGOT Instituto de Geografia e Ordenamento do Territ da Universidade de Lisboa e o grupo de Didica da Associa de Gefos Espanhvlevar a cabo o IV Congresso Ibco de Didica da Geografia, que se irealizar nos dias 6 e 7 de Novembro deste ano, na Torre do Tombo e na Faculdade de Letras de Lisboa, contando com a participa de mais de 100 professores de vos pas.</s>
    <s>Ler Mais </s>
    <s>Inquto omunidade Geogrca</s>
    <s>Para melhorar a sua actua e proporcionar uma resposta adequada pretensdos seus associados, a Associa Portuguesa de Gefos (APG) quer refor a aproxima entre a Associa e a comunidade geogrca, valorizando o digo e promovendo uma maior participa de todos.</s>
    <s>Ler Mais </s>
    <s>Encontro Anual da Associa Americana de Gefos | 14 a 18 de Abril de 2010 | Washington DC</s>
    <s>Ler Mais </s>
    <s>CONFERCIA INTERNACIONAL - NECESSIDADES DE ACESSIBILIDADE E DESIGN FOR ALL NO TURISMO PARA TODOS | 19 e 20 de Novembro | Lousdiv&gt;</s>
    <s>Ler Mais </s>
    <s>IV CONGRESSO INTERNACIONAL DE ORDENAMENTO DO TERRITIO: INFRA-ESTRUTURAS E DESENVOLVIMENTO REGIONAL | 25 a 27 de Novembro de 2009 | Alto da Ajuda | Lisboa</s>
    <s>Entre os dias 25 e 27 de Novembro de 2009, realizar-se- IV CONGRESSO INTERNACIONAL DE ORDENAMENTO DO TERRITIO: INFRA-ESTRUTURAS E DESENVOLVIMENTO REGIONAL.</s>
    <s>Ler Mais </s>
    <s>Workshop DPP/ANEOP - Que Forma(s) Urbana (s) para as Cidades Sustentis do Futuro? | 27 de Outubro | Culturgeste</s>
    <s>O DPP (Departamento de Prospectiva e Planeamento e Relas Internacionais do MAOTDR), em parceria com a ANEOP (Associa Nacional de Empreiteiros de Obras Pas) irrealizar no pro dia 27 de Outubro, na sala 2 da Culturgeste, em Lisboa, um Workshop sob o tema: Que Forma(s) Urbana(s) para as Cidades Sustentis do Futuro?</s>
    <s>Ler Mais </s>
    <s>VII Congresso da Geografia Portuguesa | Foi prorrogado o prazo para a apresenta das Comunica ao VII Congresso da Associa Portuguesa de Gefos Trunfos de uma Geografia Activa</s>
    <s>Foi prorrogado o prazo para a apresenta das Comunica ao VII Congresso da Associa Portuguesa de Gefos Trunfos de uma Geografia Activa / Desenvolvimento local, ambiente, ordenamento e tecnologia.</s>
    <s>Ler Mais </s>
    <s>Lanento do N 22/23 da Revista INFORGEO Riscos e Ambiente | 07/09/2009 | Instituto de Ciias Sociais | Audit Seda Nunes</s>
    <s>O Lanento do N 22/23 da Revista INFORGEO Riscos e Ambiente, terugar no Audit Seda Nunes, no Instituto de Ciias Sociais, em Lisboa, no dia 7 de Setembro, segunda-feira, pelas 18h. A sessserresidida pelo Sr. Secreto de Estado da Protec Civil, Dr. Josiguel Medeiros.</s>
    <s>Ler Mais </s>
    <s>II Semino Internacional TPT.09 - &quot;Turismos de Nicho: territs, culturas e sustentabilidade&quot;</s>
    <s>Anfiteatro IV | FLUL-UL | 6 de Novembro de 2009‏</s>
    <s>Ler Mais </s>
    <s>Ciclo de seminos sobre os novos Decretos Regulamentares do RJIGT‏</s>
    <s>1 de Julho | Santar| Teatro Sa Bandeira | 15:00h 18:00h // 2 de Julho | AlijAudit Municipal | 10:00h 13:00h // 3 de Julho | Viana do Alentejo | Cine-Teatro | 15:00h 18:00h</s>
    <s>Ler Mais </s>
    <s>CONCURSO PARA BOLSA DE INTEGRAO NA INVESTIGAO DA FCT</s>
    <s>Encontra-se aberto concurso para 7 bolsas, destinadas a alunos do 1 ciclo de Geografia ou de qualquer ciia afim, a serem desenvolvidas no e-GEO Centro de Estudos de Geografia e Planeamento Regional. Os bolseiros serintegrados em projectos de investiga fundamental ou aplicada. As candidaturas, acompanhadas de CV tipo europass devem ser enviadas por correio normal at dia 22 de Junho.</s>
    <s>Ler Mais </s>
    <s>Jornadas de Ordenamento do Territ da C.M. Nisa - ‏ 15 e 16 de Maio | Cine Teatro de Nisa</s>
    <s>Nos pros dias 15 e 16 de Maio, Jornadas de Ordenamento e Desenvolvimento em Territs de Baixa Densidade.</s>
    <s>Ler Mais </s>
    <s>Instituto de Geografia e Ordenamento do Territ - Teve ino, a 17 de Marde 2009, o processo de instala do Instituto de Geografia e Ordenamento do Territ (IGOTUL)</s>
    <s>Recentemente criado, o IGOT-UL ma nova unidade orgca da Universidade de Lisboa integrada na ea Estratca de Ciias Sociais.</s>
    <s>Ler Mais </s>
    <s>FESTA DA GEOGRAFIA 2009 - Mirandela | 21 a 23de Maio 2009 | Audit da Cra Municipal</s>
    <s>Mirandela | 21 a 23de Maio 2009 | Audit da Cra Municipal</s>
    <s>Ler Mais </s>
    <s>VII CONGRESSO DA GEOGRAFIA PORTUGUESA - TRUNFOS DE UMA GEOGRAFIA ACTIVA - Desenvolvimento local, ambiente, ordenamento e tecnologia</s>
    <s>Estisponl, informa actualizada sobre submissde Resumos | Poster | Comunicas</s>
    <s>Ler Mais </s>
    <s>II Jornadas do Observat da Imigra - ACIDI, I.P. - 6 de Abril - Audit 3 e Sala 1 Funda Calouste Gulbenkian</s>
    <s>Ver cartaz</s>
    <s>Ler Mais </s>
    <s>&quot;ORDENAMENTO DO TERRITIO E COES TERRITORIAL. CONTRIBUTO PARA O DEBATE PLICO DO LIVRO VERDE SOBRE COES TERRITORIAL EUROPEIA&quot;</s>
    <s>Ler Mais </s>
    <s>7. CONFERCIA (PONTA DELGADA) - &quot;ORDENAMENTO DO TERRITIO E COES TERRITORIAL. CONTRIBUTO PARA O DEBATE PLICO DO LIVRO VERDE SOBRE COES TERRITORIAL EUROPEIA&quot;</s>
    <s>Ler Mais </s>
    <s>6. CONFERCIA (FUNCHAL) - &quot;ORDENAMENTO DO TERRITIO E COES TERRITORIAL. CONTRIBUTO PARA O DEBATE PLICO DO LIVRO VERDE SOBRE COES TERRITORIAL EUROPEIA&quot;</s>
    <s>Est decorrer o Ciclo de Conferias Ordenamento do Territ e CoesTerritorial, cuja sexta sessse realizaro dia 18 de Fevereiro em Funchal - Audit da Secretaria Regional do Ambiente e Recursos Naturais.</s>
    <s>Ler Mais </s>
    <s>5. CONFERCIA (COIMBRA) - &quot;ORDENAMENTO DO TERRITIO E COES TERRITORIAL.CONTRIBUTO PARA O DEBATE PLICO DO LIVRO VERDE SOBRE COES TERRITORIAL EUROPEIA&quot;</s>
    <s>Est decorrer o Ciclo de Conferias Ordenamento do Territ e CoesTerritorial, cuja quinta sessse realizaro dia 12 de Fevereiro em Coimbra.</s>
    <s>Ler Mais </s>
    <s>4 CONFERCIA (PORTO) - &quot;ORDENAMENTO DO TERRITIO E COES TERRITORIAL.CONTRIBUTO PARA O DEBATE PLICO DO LIVRO VERDE SOBRE COES TERRITORIAL EUROPEIA&quot;</s>
    <s>Est decorrer o Ciclo de Conferias Ordenamento do Territ e CoesTerritorial, cuja quarta sessse realizaro dia 28 de Janeiro no Porto.</s>
    <s>Ler Mais </s>
    <s>Ciclo de Conferias: Ordenamento do Territ e CoesTerritorial. Contributo para o debate po do Livro Verde sobre CoesTerritorial Europeia</s>
    <s>A Direc da APG est organizar o &quot;Ciclo de Conferias Ordenamento do Territ e CoesTerritorial&quot;. O evento, pretende ser um contributo para o debate po do Livro Verde sobre CoesTerritorial Europeia, promovido pela APG com a colabora de associas profissionais com interesses e responsabilidades no territ.</s>
    <s>Ler Mais </s>
    <s>Lanento do Livro &quot;ua: uma Geografia Sentimental&quot;, na Sociedade de Geografia de Lisboa‏</s>
    <s>No pro dia 27 de Novembro, terugar na Sociedade de Geografia de Lisboa, o lanento do Livro: &quot;ua: uma Geografia Sentimental&quot;, da autoria de Josanuel Simdo Centro de Estudos Geogrcos da Universidade de Lisboa. A sesster apresenta do arquitecto Josanuel Fernandes.</s>
    <s>Ler Mais </s>
    <s>31 GeoForum: 3 de Dezembro, 19 h - &quot;O pro ciclo de Planos Directores Municipais: mudan expectis em contexto de incerteza&quot;</s>
    <s>Oradora: Prof Doutora Margarida Pereira, Dept. de Geografia e Planeamento Regional, FCSH/UNL</s>
    <s>Ler Mais </s>
    <s>Encontro anual Os Dez anos da LBPOTU - 12 de Dezembro - Laborat Nacional de Engenharia Civil - Lisboa</s>
    <s>2. Divulga/Actualiza</s>
    <s>Ler Mais </s>
    <s>Congresso internacional City Futures, Madrid Junho 2009 - Convocat para apresenta de comunicas</s>
    <s>Los d 4 a 6 de junio de 2009 se va a celebrar en Madrid la Conferencia Internacional City Futures '09. Es la segunda edicie esta Conferencia Internacional quinquenal, cuya primera ediciuvo lugar en Chicago en julio de 2004.</s>
    <s>Ler Mais </s>
    <s>BRASIL - Concurso po professor assistente - 05 vagas para Geografia</s>
    <s>Dedica exclusiva universidade federal do ParBelPar 05 vagas para Geografia</s>
    <s>Ler Mais </s>
    <s>Colo Internacional: The Walker and the City - O Pee a Cidade</s>
    <s>Dia 12 de Novembro das 9.45h 18.00h.</s>
    <s>Ler Mais </s>
    <s>Semino: Cidades que caminhos para a sustentabilidade</s>
    <s>O Centro de Informa Europeia Jacques Delors realiza com o Departamento de Prospectiva e Planeamento e Relas Internacionais do Ministo do Ambiente, do Ordenamento do Territ e do Desenvolvimento Regional um semino sobre Cidades que caminhos para a sustentabilidade, no contexto da apresenta da revista Europa: Novas Fronteiras, n. 22, dedicada Polca Energca Europeia.</s>
    <s>Ler Mais </s>
    <s>II Conferia Internacional de Geografia Cultural Universidade do Minho</s>
    <s>O Departamento de Geografia da Universidade do Minho organiza o &quot;II International Meeting in Cultural Geography&quot; que tem como tema as Geografias Poloniais que terugar no dia 11 de Novembro na Universidade do Minho.</s>
    <s>Ler Mais </s>
    <s>3 Workshop APDR - 24 de Abril de 2009 - Ponta Delgada</s>
    <s>Universidade dos Aes</s>
    <s>Ler Mais </s>
    <s>1 Workshop APDR - 28 de Novembro de 2008</s>
    <s>Lisboa Anfiteatro do Complexo Interdisciplinar do Instituto Superior Tico de Lisboa</s>
    <s>Ler Mais </s>
    <s>2 Workshop APDR - 13 de Marde 2009 - ora Universidade de ora - Colo Espto Santo</s>
    <s>Cenos de Transforma da Paisagem Face aos Factores de MudanGlobais</s>
    <s>Ler Mais </s>
    <s>6-11 Julho 2009/ APDR - Universidade Jean Piaget de Cabo Verde, Cidade da Praia</s>
    <s>15 Congresso da APDR</s>
    <s>Ler Mais </s>
    <s>Encontro: Os dez anos da Lei de Bases da Polca de Ordenamento do Territ e de Urbanismo</s>
    <s>GESE E EVOLUO DO SISTEMA DE GEST TERRITORIAL</s>
    <s>Ler Mais </s>
    <s>CICLO DE CONFERCIAS - Tecnociia , Risco e Responsabilidade</s>
    <s>27 Outubro - 18h - Sala Polivalente - ICS‏</s>
    <s>Ler Mais </s>
    <s>Ciclo de Conferias A Cidade no Slo XXI</s>
    <s>Novembro 2008</s>
    <s>Ler Mais </s>
    <s>Orento Participativo no Jornal &quot;Po&quot; - 9Jun08</s>
    <s>Saiu em 09 Junho de 2008 no Jornal &quot;Po&quot; uma reportagem do Jornalista varo Vieira sobre os Orentos Participativos em Portugal. Para quem nnbsp;teve oportunidade de comprar o jornal anexamos o texto.</s>
    <s>Ler Mais </s>
    <s>Sistema de Acredita e Registo dos Profissionais de Planeamento e Gestdo Territ</s>
    <s>A APG participa no grupo de trabalho que irreparar o quadro tico e administrativo para a cria do Sistema de Acredita e Registo dos Profissionais de Planeamento e Gestdo Territ.</s>
    <s>Ler Mais </s>
    <s>PNPOT - A APG veconhecido o seu papel na elabora do PNPOT</s>
    <s>No ito da aprecia do PNPOT pela Assembleia da Repa, realizou-se no passado dia 16 de Fevereiro, um debate em Pleno, a que se sucederrevemente a aprecia na especialidade.</s>
    <s>Ler Mais </s>
    <s>COLUIO DE ABERTURA DA EXPOSIO COMEMORATIVA DOS 100 ANOS DO NASCIMENTO - ORLANDO RIBEIRO (1911-1987) : PONTO DE PARTIDA, LUGAR DE ENCONTRO | 26/10/2011 | ANFITEATRO DA BNP |17H00 | ENTRADA LIVRE</s>
    <s>NORMA TNICA SOBRE O MODELO DE DADOS PARA O PLANO DIRECTOR MUNICIPAL</s>
    <s>GERAFOS E CADASTRO: NOTA DA APG DIRIGIDA A SUA EXCELCIA A MINISTRA DA AGRICULTURA, DO MAR, DO AMBIENTE E DO ORDENAMENTO DO TERRITIO</s>
    <s>APRESENTAO DO PONTO DE CONTACTO NACIONAL DO PROGRAMA ESPON (ECP-PT) | 13 DE OUTUBRO | 10.30H E AS 12.30H | AUDITIO DGOTDU</s>
    <s>MUNDO RURAL: O REGRESSO AO FUTURO? DEBATE EM TORNO DO LIVRO &quot;ENTRE AS CIDADES E A SERRA&quot; | 14 DE OUTUBRO | 18H30 | LIVRARIA LER DEVAGAR (LX FACTORY)‏</s>
    <s>7TH INTERNATIONAL CONFERENCE ON VIRTUAL CITIES AND TERRITORIES | 11TH TO 13TH OCTOBER 2011 | LISBON</s>
    <s>PETIO PLICA NACIONAL: POR UMA FORMAO AUTOMA DOS PROFESSORES DE GEOGRAFIA E HISTIA.</s>
    <s>VER TODAS AS NOTÍCIAS</s>
    <s>Mailing List</s>
    <s>IMPLEMENTAÇÃO: SIMBIOSE</s>
    <s>var gaJsHost = ((&quot;https:&quot; == document.location.protocol) ? &quot;https://ssl.&quot; : &quot;http://www.&quot;); document.write(&quot;\&lt;script src='&quot; + gaJsHost + &quot;google-analytics.com/ga.js' type='text/javascript'&gt;\&lt;\/script&gt;&quot; ); var pageTracker = gat. getTracker(&quot;UA-3239862-1&quot;); pageTracker. initData(); pageTracker. trackPageview(&quot;Notas&quot;);</s>
  </text>
</page>
