<?xml version="1.0" encoding="UTF-8"?>
<!DOCTYPE page SYSTEM "page.dtd">
<page>
  <lang>pt</lang>
  <url>http://www.mat.ufpb.br/ebed/crbst_1.html</url>
  <title>IV EBED - Inscrição</title>
  <snippet>
    <s>Os professores convidados a ministrar mini-cursos, plenárias e conferências Temos um número limitado de vagas ainda a ser definido pelo comitê organizador. Os demais participantes (ouvintes) são encorajados a se inscrever o mais </s>
  </snippet>
  <text>
    <s>As inscriçoes sao feitas mediante preenchimento de formulario online. Os professores convidados a ministrar mini-cursos, plenarias e conferencias devem se inscrever ate 17/06/2011, preenchendo o formulario e anexando ao mesmo o resumo de seu trabalho. Este resumo deve constar de apenas uma pagina seguindo o modelo em arquivo .tex abaixo: Pede-se aos autores que, por favor, NÃO modifiquem o formato do arquivo, por exemplo, aumentando as dimensoes das paginas, inserindo numeraçao e/ou modificando o cabeçalho. Estamos aceitando inscriçoes de posteres. Os candidatos inscritos serao selecionados pelo comite cientifico. Temos um numero limitado de vagas ainda a ser definido pelo comite organizador. O prazo para submissao de poster e de 28/03/2011 a 17/06/2011. - Para inscriçao de poster, o candidato deve enviar uma versao PDF do mesmo anexada ao formulario de inscriçao online bem como um resumo de seu trabalho, em uma pagina, seguindo o mesmo modelo disponibilizado acima. Os demais participantes (ouvintes) sao encorajados a se inscrever o mais rapido possivel, para uma melhor organizaçao do evento. A inscriçao de participantes ouvintes e aceita nesse formulario online ate o dia 19/08/2011. A taxa de inscriçao e de R$ 100,00 para professores e R$ 70,00 para estudantes. No formulario online ha espaço para upload do comprovante de deposito da taxa de inscriçao. O pagamento devera ser efetuado em deposito bancario para a seguinte conta-corrente: Joao Marcos Bezerra do Ó Ag.: 1619-5 (bco do brasil) C/c.: 19741-6 Aceitamos inscriçoes sem envio de comprovante de pagamento, desde que o mesmo seja enviado para ebed@mat.ufpb.br dentro do periodo de inscriçao. FORMULÁRIO DE INSCRIÇÃO Maiores informaçoes, mande-nos um mail para ebed@mat.ufpb.br .</s>
    <s>IV EBED - INSCRIÇÕES</s>
    <s>Informaçoes e Contato Inscriçoes Home Participantes ProgramaçaoBUSCA NO SITE</s>
    <s>Joao Pessoa - PB 22 a 26 de agosto de 2011</s>
    <s>IV EBED - Escola Brasileira de Equaçoes Diferenciais</s>
    <s>THIS SITE IN ENGLISH</s>
    <s>IV EBED - DM-UFPB 22 a 26 de agosto de 2011</s>
  </text>
</page>
