<?xml version="1.0" encoding="UTF-8"?>
<!DOCTYPE page SYSTEM "page.dtd">
<page>
  <lang>pt</lang>
  <url>http://cmdss2011.org/</url>
  <title>CM DSS 2011</title>
  <snippet>
    <s>4 dias atrás Portal da Conferência Mundial de Determinantes da Saúde. A saúde e setor saúde devem estar presentes e ativos nos temas globais que impactam os DSS 11/10/11; Paulo Buss { parabens dora, marilia e demais pelo excelente artigo; admiro muito o trabalho de Sobre | Participantes | Programa </s>
  </snippet>
  <text>
    <s>Conferência Mundial sobre Determinantes Sociais da Saúde - Página Inicial</s>
    <s>Documentos de Referência</s>
    <s>BVS DSS</s>
    <s>CMDSS será exibida ao vivo e integralmente pelo Canal Saúde</s>
    <s>Por Equipe CMDSS</s>
    <s>18/10/11 | 13:10</s>
    <s>A CMDSS se projeta como um importante marco global e particularmente para o Brasil na discussão e elaboração de estratégias, metodologias e experiências para políticas de combate às iniquidades em saúde por meio da ação sobre os DSS seguindo o contexto de cada país. Os acordos comporão a Carta do Rio. O Canal Saúde transmitirá ao vivo toda a conferência.</s>
    <s>[Leia Mais] |</s>
    <s>Tema 5: Monitorando o progresso: mensurações e análises para informar as políticas sobre determinantes sociais</s>
    <s>Por Alberto Pellegrini Filho</s>
    <s>13/10/11 | 23:10</s>
    <s>Políticas informadas em saúde com centralidade nos determinantes sociais, na identificação e superação das iniquidades envolvem a coleta, organização, processamento e disseminação ubíqua de dados, informação, conhecimento e evidências sensíveis e aplicáveis em todo gradiente social.</s>
    <s>[Leia Mais] | 2 Comentarios »</s>
    <s>Tema 4: Ação Global sobre os DSS</s>
    <s>Por Ronald Labonté</s>
    <s>13/10/11 | 11:10</s>
    <s>Resumo da Nota Introdutória de Labonté ao tema 4 questiona se é possível maior coerência nas políticas globais de crescimento e constata que, não obstante avanços na difusão dos direitos humanos, de gênero e em empoderemento, as limitações na cooperação internacional e o colapso do mercado financeiro, o colapso ecológico e as crescentes desigualdades não sugerem uma resposta afirmativa.</s>
    <s>[Leia Mais] |</s>
    <s>Nuvem de Tags</s>
    <s>Acesso aos serviços de saúde AIDS Atenção Primária à Saúde cidadania Condições de Vida Conferência Mundial Desenvolvimento Social Desenvolvimento Sustentável Desigualdades em Saúde Determinantes Sociais Determinantes Sociais da Saúde Dotação de recursos para cuidados de saúde DSS Equidade Equidade em Saúde Estilo de Vida Fatores Socioeconômicos Indicadores Básicos de Saúde Iniquidade em Saúde Iniquidades Iniquidade Social iniquidades sociais intersetorial Intersetorialidade Mortalidade Mortalidade Infantil Participação Social Pobreza Política Pública Políticas Públicas Políticas Públicas de Saúde Políticas Públicas em Saúde Promoção da Saúde proteção social Saneamento Saúde Saúde Pública Segurança Alimentar e Nutricional Serviços de Saúde sociedade civil SUS sustentabilidade Tabagismo Tuberculose violência</s>
    <s>Comentários Recentes</s>
    <s>Paula Xavier dos Santos { Prezados organizadores, parabéns pela realização deste evento que ao colocar o tema dos Determinantes Sociais em Saúde em foco, toca no ponto mais importante para } – 18/10/11</s>
    <s>Vera Lucia Luiza { Este tema é da maior relevância. Há bastante material produzido, mas que não chega aos tomadores de decisão. Por outro lado, o filtro de material } – 17/10/11</s>
    <s>Isabel Cruz { Da atenção primária à quaternária, todos os níveis devem pensar em como &quot;zerar&quot; os diferenciais de cuidado em saúde. Se na atenção primária, chama atenção } – 16/10/11</s>
    <s>Isabel Cruz { É perceptível a evolução na qualidade do discursoFinalmente uma defesa da desagregação dos dados pela variável raça/cor também. Precisamos avançar e desenvolver indicadores de } – 16/10/11</s>
    <s>Conferência Mundial sobre os Determinantes Sociais da Saúde</s>
    <s>Governos e sociedade civil rumo ao compromisso coletivo de combate às iniquidades em saúde</s>
    <s>About | Participants | Program</s>
    <s>List of Stakeholder Events</s>
    <s>Discussion Paper</s>
    <s>Sobre | Participantes | Programa</s>
    <s>Documento de Discussão</s>
    <s>Seminário Preparatório - Memória</s>
    <s>Últimas Publicações</s>
    <s>18/10/11 | 13:10</s>
    <s>CMDSS será exibida ao vivo e integralmente pelo Canal Saúde</s>
    <s>18/10/11 | 06:10</s>
    <s>Brasil é destaque na agenda internacional sobre Determinantes Sociais da Saúde</s>
    <s>13/10/11 | 23:10</s>
    <s>Tema 5: Monitorando o progresso: mensurações e análises para informar as políticas sobre determinantes sociais</s>
    <s>13/10/11 | 11:10</s>
    <s>Tema 4: Ação Global sobre os DSS</s>
    <s>12/10/11 | 22:10</s>
    <s>Tema 4: Ação global sobre os determinantes sociais: alinhando prioridades e parceiros interessados</s>
    <s>12/10/11 | 22:10</s>
    <s>Publicada a última versão do Documento Técnico da CMDSS &quot;Diminuindo diferenças: a prática das políticas sobre os determinantes sociais da saúde&quot;</s>
    <s>11/10/11 | 22:10</s>
    <s>Tema 3: O papel do setor saúde (incluindo os programas de saúde pública) na redução das desigualdades em saúde</s>
    <s>10/10/11 | 23:10</s>
    <s>Tema 2: Há um consenso e um discurso generalizado a favor das vantagens da participação. E na prática?</s>
    <s>[Veja mais]</s>
    <s>Notícias »</s>
    <s>Sobre o Portal da Conferência »</s>
    <s>Contato »</s>
    <s>CM DSS 2011 (C) 2011 Fiocruz | by wezen | powered by wordpress | RSS</s>
  </text>
</page>
