<?xml version="1.0" encoding="UTF-8"?>
<!DOCTYPE page SYSTEM "page.dtd">
<page>
  <lang>pt</lang>
  <url>http://www.wmfbr.com/Event.aspx%3Fid%3D613530</url>
  <title>Patrocinadores e Expositores - IQPC Waste Management Forum</title>
  <snippet>
    <s>7 out. 2011 Detalhes da Conferência. Vantagens em Acesse entrevistas, artigos e podcast com os palestrantes, aqui. Oportunidades de Patrocínio </s>
  </snippet>
  <text>
    <s>IQPC Home</s>
    <s>&lt;!-- uploaded by strad --&gt;divReplace(&quot;ContentBlock1&quot;,&quot;eventText&quot;);</s>
  </text>
</page>
