<?xml version="1.0" encoding="UTF-8"?>
<!DOCTYPE page SYSTEM "page.dtd">
<page>
  <lang>pt</lang>
  <url>http://www.designfor21st.com/pg.cfm%3Fnid%3D226%26l%3Den</url>
  <title>Designing for the 21st Century III</title>
  <snippet>
    <s>3 out. 2011 Comitê Internacional Organizador. Conferência. Presidentes: Valerie Fletcher Membros do Comitê de Planejamento. Francesc Aragall </s>
  </snippet>
  <text>
    <s>!Skip to Main Content</s>
    <s>!Designing for the 21st Century 3, An International Conference on Universal Design</s>
    <s>Keynote Presentations</s>
    <s>Participant List</s>
    <s>About the Conference</s>
    <s>Program &amp; Schedule</s>
    <s>Call for Proposals</s>
    <s>Student Design Competition</s>
    <s>Contact Us</s>
    <s>Projetando Para o Seculo 21 III: Uma Conferencia Internacional sobre Desenho Universal</s>
    <s>[Back to About the Conference (English) ]</s>
    <s>Rio de Janeiro de 7 a 12 de Dezembro de 2004</s>
    <s>Este e um momento extraordinirio: Hoje mais do que nunca na historia da humanidade, temos mais diversidade em idades e habilidades. Ha uma demanda urgente para a troca de ideias sobre o desenho de espaços, objetos e informaçoes, que demonstra o poder do design na estruturaçao de um seculo 21 que atenda a todos nos.</s>
    <s>Por favor consulte nossa pagina www.designfor21st.org para obter informaçoes completas sobre a submissao de trabalhos. As opçoes de propostas incluem trabalhos( papers), aulas-praticas (workshops de um dia e meio nas sessoes intensivas da Pre-Conferencia, e com apresentaçoes de 40 minutos na Conferencia), grupos de trabalho sobre topicos especificos e estudos de caso praticos (charrettes). Terao prioridade as propostas que envolverem os participantes. Os trabalhos (papers) aceitos, serao publicados antes da conferencia.</s>
    <s>Perguntas: Web: www.designfor21st.org</s>
    <s>Email: conferenceatAdaptiveEnvironmentsdotorg</s>
    <s>Telefone: 1 617 695 1225</s>
    <s>Fax: 1 617 482 8099</s>
    <s>Promoçao e Realizaçao:</s>
    <s>Adaptive Environments</s>
    <s>Coordenaçao Local:</s>
    <s>Centro de Vida Independente do Rio de Janeiro (CVI-Rio)</s>
    <s>NEC Foundation of America</s>
    <s>Universal Design Consortium (Japan)</s>
    <s>Comite Internacional Organizador</s>
    <s>Valerie Fletcher</s>
    <s>Jim Sandhu</s>
    <s>Concurso de Design para estudantes</s>
    <s>Ricardo Gomes</s>
    <s>Forum Internacional de Educadores</s>
    <s>Elaine Ostroff</s>
    <s>Marcelo Guimaraes</s>
    <s>Membros do Comite de Planejamento</s>
    <s>Francesc Aragall</s>
    <s>Singanapillai Balaram</s>
    <s>Veronica Camisao</s>
    <s>Sylvia Clark</s>
    <s>Roger Coleman</s>
    <s>Marcelo Guimaraes</s>
    <s>Keiji Kawahara</s>
    <s>Yoshihiko Kawauchi</s>
    <s>Ruth Morrow</s>
    <s>Laurie Ringaert</s>
    <s>Eugene Williams</s>
    <s>(C)2004 Designing for the 21st Century III | version 1.00 | updated 18-Oct-11 | visitors: 30780 | design:artchaology</s>
  </text>
</page>
