<?xml version="1.0" encoding="UTF-8"?>
<!DOCTYPE page SYSTEM "page.dtd">
<page>
  <lang>pt</lang>
  <url>http://www.sinpro-rio.org.br/atualidades/noticias-gerais-2011-mar-15-conap.php</url>
  <title>Conap realiza encontro no Rio de Janeiro - SinproRio &gt; Atualidades</title>
  <snippet>
    <s>15 mar. 2011 A Conap tem como objetivo avaliar as Universidades que recebem o 9h30 às 10h - Conferência I: o Programa Universidade para Todos </s>
  </snippet>
  <text>
    <s>SinproRio - Sindicato dos Professores do Município do Rio de Janeiro e Região</s>
    <s>Quem Somos</s>
    <s>Pisos e Acordos</s>
    <s>Escola do Professor</s>
    <s>Mapa do Site</s>
    <s>Siga-nos no Twitter</s>
    <s>Feed RSS</s>
    <s>Notícias Gerais</s>
    <s>Campanha Salarial</s>
    <s>Educação Superior</s>
    <s>Educação Básica</s>
    <s>Saúde do Professor</s>
    <s>Voz para Educar</s>
    <s>Sala de Imprensa</s>
    <s>Jornal do Professor</s>
    <s>Revista Sinpro-Rio</s>
    <s>Revista Sinpro-Rio - Suplementos &quot;Desafio de Educar&quot;</s>
    <s>Boletim Especial</s>
    <s>Matérias e Artigos</s>
    <s>Fotos e Vídeos</s>
    <s>Notícias Gerais</s>
    <s>Notícias Gerais</s>
    <s>Conap realiza encontro no Rio de Janeiro</s>
    <s>A Comissão Nacional de Acompanhamento e Controle Social do Programa Universidade para Todos (Conap) realizará o Seminário “Controle Social do Programa Universidade para Todos - Prouni” no Rio de Janeiro, no dia 25 de março, sexta-feira, das 8 às 18h, na PUC-Rio, auditório Del Castilho (RDC).</s>
    <s>A Conap tem como objetivo avaliar as Universidades que recebem o Prouni, além de promover a articulação e a comunicação do MEC com a sociedade. Já o seminário tem por objetivo estimular a criação das comissões locais, as chamadas Colaps. A comissão nacional está vinculada à Secretaria de Ensino Superior, dentro da Diretoria de Políticas e Programas de Graduação, do Ministério da Educação (MEC).</s>
    <s>“De âmbito nacional, a Conap tem por finalidade o acompanhamento e controle social do Prouni, além de promover a articulação e a comunicação do MEC com a sociedade. E é uma vitória dos trabalhadores e dos movimentos social e sindical”, destacou o professor Wanderley Quêdo, presidente do Sinpro-Rio e membro da Conap.</s>
    <s>A Comissão Nacional pretende ter o controle social das mais de 400 mil bolsas e matrículas espalhadas pelo Brasil, através da instalação de comissões locais de acompanhamento. “Temos contribuído não somente dentro do que propõe a Confederação, como também a CUT, que aponta para um controle social de políticas públicas para a educação. Nosso papel é o de, dentro das Universidades privadas a que temos acesso e trabalhamos o conjunto dos professores, estudantes e demais membros, organizarmos o maior número possível de comissões locais para o acompanhamento de todo o processo”, esclarece. Para ele, no entanto, não basta dar bolsa: “é preciso acompanhar e apoiar o aluno para que ele permaneça na Universidade até o fim do curso”, defende o educador.</s>
    <s>São integrantes da Conap dois representantes do corpo discente das Insituições de Ensino Superior (IES), designados pela UNE; dois do corpo docente das IES, indicados pela CNTE e pela Contee; dois dirigentes das IES (Abmes e Crub), da sociedade civil indicados pelo MEC; e dois do próprio Ministério.</s>
    <s>Veja a programação do dia 25 de março:</s>
    <s>8 às 9h - Credenciamento</s>
    <s>9h às 9h30 - Solenidade de abertura: Prof. Alencar Mello Proença, presidente da Conap; e Prof. Augusto Sampaio, vice-reitor para Assuntos Comunitários da PUC-Rio;</s>
    <s>9h30 às 10h - Conferência I: o Programa Universidade para Todos - Prouni: histórico e perspectivas; com Paula Branco de Mello, representante do MEC na Conap e diretora de Políticas e Programas de Graduação;</s>
    <s>10h às 10h30 - Conferência II: a supervisão do Prouni; com Lilian Nascimento, representante do MEC na Conap - coordenadora-geral de Relações Acadêmicas de Graduação;</s>
    <s>10h30 às 11h - Intervalo para o café;</s>
    <s>11h às 11h30 - Conferência III: o controle social do Prouni na perspectiva de seu coordenador, com Prof. Augusto Sampaio, coordenador do Prouni na PUC-Rio;</s>
    <s>11h30 às 12h - Conferência IV: a experiência do Prounir na PUC-Rio, com a conferencista Profª. Norma Franco, coordenadora-geral do Prounir.</s>
    <s>12 às 13h - Perguntas e debates;</s>
    <s>13h às 14h30 - Intervalo para almoço;</s>
    <s>14h30 às 15h - Conferência V: o bolsista Prouni e seu compromisso com a sociedade, com Márcio Roberto Bico (da UNE), representante dos discentes das IES;</s>
    <s>15h às 15h30 - Conferência VII: o papel dos trabalhadores em educação diante do Prouni, com o Prof. Wanderley Quêdo (Contee), representante dos docentes das IES;</s>
    <s>15h30 às 16h - Conferência VIII: o Prouni e a visão da sociedade civil - Edcler Tadeu dos Santos Pereira (Educafro), representante da sociedade civil.</s>
    <s>16h às 16h30 - Conferência VI: a Comissão Nacional de Acompanhamento e Controle Social do Prouni e o papel das Comissões Locais de Acompanhamento e Controle Social do Prouni, com Alencar Mello Proença, presidente da Conap;</s>
    <s>16h30 às 17h30 - Perguntas e debates;</s>
    <s>17h30 às 18h - Encerramento com atividade cultural.</s>
    <s>Inscrições através do email: seminarioprouni2011@puc-rio.br</s>
    <s>2011 - SinproRio</s>
    <s>Sindicato dos Professores do Município do</s>
    <s>Rio de Janeiro e Região</s>
    <s>Filiado a</s>
  </text>
</page>
