<?xml version="1.0" encoding="UTF-8"?>
<!DOCTYPE page SYSTEM "page.dtd">
<page>
  <lang>pt</lang>
  <url>http://www.trt3.jus.br/informe/calculos/depositos/valores.htm</url>
  <title>Depósitos recursais - TRT 3ª Região</title>
  <snippet>
    <s>Instrução Normativa nº 03/1993/TST (DJU 12.03.1993): &quot;Interpreta o art. . de 29/ 6/2010, não têm natureza jurídica de taxa de recurso, mas de garantia do juízo . mediante a juntada aos autos da guia GFIP devidamente autenticada, e na . do Brasil S/A deverão manter, para conferência, cartões de assinatura do MM. </s>
  </snippet>
  <text>
    <s>!TRT da 3ª Região</s>
    <s>Conheça o TRT</s>
    <s>Gestao Estrategica</s>
    <s>Como funciona a JT</s>
    <s>Varas do Trabalho</s>
    <s>Juizes Titulares</s>
    <s>Juizes Substitutos</s>
    <s>Calendario correiçoes</s>
    <s>Correiçoes realizadas</s>
    <s>Coletanea de atos</s>
    <s>Estatistica processual</s>
    <s>Produtividade Magistrados</s>
    <s>Escola Judicial</s>
    <s>Centro de Memoria</s>
    <s>Telefones e endereços</s>
    <s>TV TRT-MG</s>
    <s>Radio TRT-MG</s>
    <s>Revista Interativa</s>
    <s>Artigos e Discursos</s>
    <s>Galeria de Fotos</s>
    <s>Calculos Judiciais</s>
    <s>Depositos Recursais</s>
    <s>Custas e Emolumentos</s>
    <s>Salario minimo</s>
    <s>Contas Publicas</s>
    <s>Gestao Documental</s>
    <s>Hist. Dissidio Coletivo</s>
    <s>TRTer Saude</s>
    <s>Endereços e Telefones</s>
    <s>Formas de pagamento</s>
    <s>Numero Único</s>
    <s>Por OAB</s>
    <s>1ª Instancia</s>
    <s>Nº na Vara</s>
    <s>Nº de CDA</s>
    <s>2ª Instancia</s>
    <s>Classe Processual</s>
    <s>Nº na origem</s>
    <s>Nº de CDA</s>
    <s>Nº Justiça Fed./Estadual</s>
    <s>Nº do Precatorio</s>
    <s>Nº na origem</s>
    <s>Ordem cronologica</s>
    <s>Incluidos no orçamento</s>
    <s>Ordem de Serviço</s>
    <s>Juizo Auxiliar</s>
    <s>Bases Juridicas</s>
    <s>Acordaos na integra</s>
    <s>Pelo nº do processo</s>
    <s>Pesquisa textual</s>
    <s>Pesq. text. simples antiga</s>
    <s>Pesq. text. avanc. antiga</s>
    <s>Jurisprudencia antiga</s>
    <s>Atas Pleno/Órgao Esp.</s>
    <s>Atos Administrativos</s>
    <s>Precedentes Normativos</s>
    <s>Orient. Jurisprudenciais</s>
    <s>Escola Judicial - Revista</s>
    <s>Boletins Jurisprudencia</s>
    <s>Regimento Interno</s>
    <s>Resol. Administrativas</s>
    <s>TRT-MG Push</s>
    <s>1ª Instancia</s>
    <s>2ª Instancia</s>
    <s>Juizo Auxiliar</s>
    <s>Sustentaçao Oral</s>
    <s>Certidao de Feitos Trab.</s>
    <s>Carga Programada</s>
    <s>Legisl. e Jurisprudencia</s>
    <s>Protocolo Integrado</s>
    <s>Sala da OAB</s>
    <s>Informe-se!SetaCalculos Judiciais!SetaDepositos Recursais</s>
    <s>Dispositivos legais que norteiam o cabimento, o calculo e o pagamento/recolhimento do deposito recursal no ambito da Justiça do Trabalho da 3ª Regiao.</s>
    <s>Ato nº 449/2011 (DEJT/TST 26/07/2011): &quot;Edita os novos valores alusivos aos limites de deposito recursal.&quot;</s>
    <s>Art. 899, §§ 1º, 2º, 4º, 5º e 6º, CLT (Decreto-Lei 5.452/1943).</s>
    <s>Instruçao Normativa nº 03/1993/TST (DJU 12.03.1993): &quot;Interpreta o art. 8º da Lei nº 8.542, de 23/12/92 (DOU de 24/12/92), que trata do deposito para recurso nas açoes na Justiça do Trabalho&quot;.</s>
    <s>Instruçao Normativa nº 18/1999/TST (DJU 12.01.2000): &quot;Adota criterios de validade do comprovante de deposito recursal na Justiça do Trabalho.&quot;</s>
    <s>Instruçao Normativa nº 26/2004/TST (DJU 14.09.2004; REP . DJU 17.09.2004): &quot;Dispoe sobre a guia de recolhimento do deposito recursal.&quot;</s>
    <s>Instruçao Normativa nº 27/2005/TST (DJU 22.02.2005; REP . DJU 05.07.2005): &quot;Dispoe sobre normas procedimentais aplicaveis ao processo do trabalho em decorrencia da ampliaçao da competencia da Justiça do Trabalho pela Emenda Constitucional nº 45/2004.&quot;</s>
    <s>Ato nº 04/2010 TST/GCGJT (Divulgaçao: DEJT 05.05.2010): Dispensa a aposiçao nas guias eletronicas do digito verificador e do digito identificador do orgao ou segmento do Poder Judiciario.</s>
    <s>Portaria nº 210/1997/TRT 3ª R. (DJMG 31.12.1997): &quot;Autoriza o Banco do Brasil S/A a movimentar contas de depositos judiciais e recolhimentos de custas.&quot;</s>
    <s>Instruçao Normativa nº 01/1998/TRT 3ª R. (DJMG 13.05.1998): &quot;Expede instruçoes complementares a aplicaçao da PORTARIA nº 210, de 15 de dezembro de 1997, do Senhor Presidente do Eg. Tribunal Regional do Trabalho da 3ª Regiao.&quot;</s>
    <s>Instruçao Normativa nº 15, 08/10/1998/TST (DJU 15.10.1998): Aprova normas relativas ao deposito recursal na Justiça do Trabalho.&quot;</s>
    <s>Orientaçoes Jurisprudenciais</s>
    <s>TST/SDI 1 13, 140, 217 e 264.</s>
    <s>TRT 3ª R./Turmas 05</s>
    <s>TABELA DE VALORES DE DEPÓSITOS RECURSAIS</s>
    <s>DATA DE</s>
    <s>RECURSO DE REVISTA</s>
    <s>RECURSO EXTRAORDINÁRIO</s>
    <s>RECURSO EM AÇÃO RESCISÓRIA</s>
    <s>ATO Nº</s>
    <s>R$ 6.290,00</s>
    <s>R$ 12.580,00</s>
    <s>R$ 12.580,00</s>
    <s>DEJT/TST 21.07.2010</s>
    <s>ATO Nº 334/2010</s>
    <s>R$ 5.889,50</s>
    <s>R$ 11.779,02</s>
    <s>R$ 11.779,02</s>
    <s>DEJT/TST 16.07.2009</s>
    <s>ATO Nº 447/2009</s>
    <s>R$ 5.621,90</s>
    <s>R$ 11.243,81</s>
    <s>R$ 11.243,81</s>
    <s>V. Ato Conjunto TST/CSJT nº 15, de 05.06.2008 (DJU 09.06.2008), que &quot;Institui o Diario Eletronico da Justiça do Trabalho e estabelece normas para envio, publicaçao e divulgaçao de materias dos Órgaos da Justiça do Trabalho&quot; e estabelece em seu art. 6º que considera-se como data da publicaçao o primeiro dia util seguinte ao da divulgaçao do Diario Eletronico no Portal da Justiça do Trabalho, e que os prazos processuais terao inicio no primeiro dia util que seguir ao considerado como data da publicaçao .</s>
    <s>DATA DA</s>
    <s>RECURSO DE REVISTA</s>
    <s>RECURSO EXTRAORDINÁRIO</s>
    <s>RECURSO EM AÇÃO RESCISÓRIA</s>
    <s>DJU 21.07.2008</s>
    <s>ATO Nº 493/2008</s>
    <s>R$ 5.357,25</s>
    <s>R$ 10.714,51</s>
    <s>R$ 10.714,51</s>
    <s>DJU 19.07.2007</s>
    <s>ATO 251/2007</s>
    <s>R$ 4.993,78</s>
    <s>R$ 9.987,56</s>
    <s>R$ 9.987,56</s>
    <s>DJU 17.07.2006</s>
    <s>ATO GP</s>
    <s>R$ 4.808,65</s>
    <s>R$ 9.617,29</s>
    <s>R$ 9.617,29</s>
    <s>DJU 29.07.2005</s>
    <s>ATO GDGCJ GP 173/2005 alterado pelo ATO 179/2005</s>
    <s>R$ 4.678,13</s>
    <s>R$ 9.356,25</s>
    <s>R$ 9.356,25</s>
    <s>DJU 05.08.2004</s>
    <s>ATO GP 371/2004</s>
    <s>R$ 4.401,76</s>
    <s>R$ 8.803,52</s>
    <s>R$ 8.803,52</s>
    <s>DJU 25.07.2003, REP.DJU 31.07.2003</s>
    <s>ATO GP 294/2003</s>
    <s>R$ 4.169,33</s>
    <s>R$ 8.338,66</s>
    <s>R$ 8.338,66</s>
    <s>DJU 25.07.2002</s>
    <s>ATO GP 284/2002</s>
    <s>R$ 3.485,03</s>
    <s>R$ 6.970,05</s>
    <s>R$ 6.970,05</s>
    <s>DJU 26.07.2001 (OBS.: JORNAL QUE SÓ CIRCULOU 01.08.2001)</s>
    <s>ATO.GDGCJ.CP 278/2001</s>
    <s>R$ 3.196,10</s>
    <s>R$ 6.392,20</s>
    <s>R$ 6.392,20</s>
    <s>DJU 26.07.2000</s>
    <s>R$ 2.957,81</s>
    <s>R$ 5.915,62</s>
    <s>R$ 5.915,62</s>
    <s>DJU 02.08.1999</s>
    <s>R$ 2.801,49</s>
    <s>R$ 5.602,98</s>
    <s>R$ 5.602,98</s>
    <s>DJU 31. 07.1998</s>
    <s>R$ 2.709,64</s>
    <s>R$ 5.419,27</s>
    <s>R$ 5.419,27</s>
    <s>DJU 01.08.1997</s>
    <s>R$ 2.591,71</s>
    <s>R$ 5.183,42</s>
    <s>R$ 5.183,42</s>
    <s>DJU 05. 09.1996</s>
    <s>R$ 2.446,86</s>
    <s>R$ 4.893,72</s>
    <s>R$ 4.893,72</s>
    <s>DJU 30. 08.1995</s>
    <s>R$ 2.103,92</s>
    <s>R$ 4.207,84</s>
    <s>R$ 4.207,84</s>
    <s>DJU 04. 08.1994 Rep. 05.08.1994</s>
    <s>R$ 1.577,39</s>
    <s>R$ 3.154,78</s>
    <s>R$ 3.154,78</s>
    <s>DJU 04. 07.1994</s>
    <s>R$ 1.538,10</s>
    <s>R$ 3.076,21</s>
    <s>R$ 3.076,21</s>
    <s>DJU 16. 05.1994</s>
    <s>CR$ 4.100.420,44</s>
    <s>CR$ 4.100.420,44</s>
    <s>DJU 23.03.1994</s>
    <s>CR$ 2.006.076,54</s>
    <s>CR$ 2.006.076,54</s>
    <s>DJU 17. 01.1994</s>
    <s>CR$ 504.927,39</s>
    <s>CR$ 1.009.854,79</s>
    <s>CR$ 1.009.854,79</s>
    <s>DJU 16.11.1993</s>
    <s>CR$ 269.567,77</s>
    <s>CR$ 539.135,55</s>
    <s>CR$ 539.135,55</s>
    <s>DJU 13. 09.1993</s>
    <s>CR$ 148.195,59</s>
    <s>CR$ 296.391,18</s>
    <s>CR$ 296.391,18</s>
    <s>DJU O2.O7.1993</s>
    <s>Cr$ 169.676.666,55</s>
    <s>DJU 29.04.1993</s>
    <s>Cr$ 104.803.376,50</s>
    <s>12.O3.1993 Rep. 16.03.1993</s>
    <s>Cr$ 64.276.833,20</s>
    <s>Cr$ 64.276.833,20</s>
    <s>DOU 24.12.1992</s>
    <s>Lei nº 8542,</s>
    <s>art. 8º</s>
    <s>Cr$ 40.000.000,00</s>
    <s>DOU O4.O3.1991</s>
    <s>Lei nº 8177,</s>
    <s>art. 40</s>
    <s>Cr$ 420.000,00</s>
    <s>Cr$ 840.000,00</s>
    <s>Cr$ 840.000,00</s>
    <s>Fontes: Arquivos da DSDLJ e site do Tribunal Superior do Trabalho (www.tst.gov.br)</s>
    <s>CONSOLIDAÇÃO DAS LEI DO TRABALHO - CLT (Decreto-Lei 5.452/1943)</s>
    <s>Art. 899. Os recursos serao interpostos por simples petiçao e terao efeito meramente devolutivo, salvo as exceçoes previstas neste Titulo, permitida a execuçao provisoria ate a penhora.</s>
    <s>§ 1º Sendo a condenaçao de valor ate 10 (dez) vezes o valor-de-referencia regional, nos dissidios individuais, so sera admitido o recurso, inclusive o extraordinario, mediante previo deposito da respectiva importancia. Transitada em julgado a decisao recorrida, ordenar-se-a o levantamento imediato da importancia do deposito, em favor da parte vencedora, por simples despacho do juiz.</s>
    <s>§ 2º Tratando-se de condenaçao de valor indeterminado, o deposito correspondera ao que for arbitrado para efeito de custas, pela Junta ou Juizo de Direito, ate o limite de 10 (dez) vezes o valor-de referencia regional.</s>
    <s>§ 4º O deposito de que trata o § 1º far-se-a na conta vinculada do empregado a que se refere o art. 2º da Lei nº 5.107, de 13 de setembro de 1966, aplicando-se-lhe os preceitos dessa lei, observando, quanto ao respectivo levantamento, o disposto no § 1º.</s>
    <s>§ 5º Se o empregado ainda nao tiver conta vinculada aberta em seu nome, nos termos do art. 2º da Lei nº 5.107, de 13 de setembro de 1966, a empresa procedera a respectiva abertura, para efeito do disposto no § 2º.</s>
    <s>§ 6º Quando o valor da condenaçao, ou o arbitrado para fins de custas, exceder o limite de 10 (dez) vezes o valor-de-referencia regional, o deposito para fins de recursos sera limitado a este valor.</s>
    <s>INSTRUÇÃO NORMATIVA Nº 03 - TST</s>
    <s>(DEJT/TST 12.08.2010)</s>
    <s>Interpreta o art. 8º da Lei nº 8542, de 23/ 12/92 (DOU de 24.12.92), que trata do deposito para recurso nas açoes na Justiça do Trabalho e a Lei nº 12.275, de 29 de junho de 2010, que altera a redaçao do inciso I do § 5º do art. 897 e acresce o § 7º ao art. 899, ambos da Consolidaçao das Leis do Trabalho - CLT, aprovada pelo Decreto-Lei nº 5.452, de 1º de maio de 1943.</s>
    <s>I - Os depositos de que trata o art. 40, e seus paragrafos, da Lei nº 8.177/1991, com a redaçao dada pelo art. 8º da Lei nº 8.542/1992, e o deposito de que tratam o § 5º, I, do art. 897 e o § 7º do art. 899, ambos da CLT, com a redaçao dada pela Lei nº 12.275, de 29/6/2010, nao tem natureza juridica de taxa de recurso, mas de garantia do juizo recursal, que pressupoe decisao condenatoria ou executoria de obrigaçao de pagamento em pecunia, com valor liquido ou arbitrado.</s>
    <s>II - No processo de conhecimento dos dissidios individuais o valor do deposito e limitado a R$5.889,50 (cinco mil, oitocentos e oitenta e nove reais e cinquenta centavos), ou novo valor corrigido, para o recurso ordinario, e a R$11.779,02 (onze mil, setecentos e setenta e nove reais e dois centavos), ou novo valor corrigido, para cada um dos recursos subsequentes, isto e, de revista, de embargos (ditos impropriamente infringentes) e extraordinario, para o Supremo Tribunal Federal, observando-se o seguinte:</s>
    <s>a) para o recurso de agravo de instrumento, o valor do &quot;deposito recursal correspondera a 50% (cinquenta por cento) do valor do deposito do recurso ao qual se pretende destrancar&quot;;</s>
    <s>b) depositado o valor total da condenaçao, nenhum deposito sera exigido nos recursos das decisoes posteriores, salvo se o valor da condenaçao vier a ser ampliado;</s>
    <s>c) se o valor constante do primeiro deposito, efetuado no limite legal, e inferior ao da condenaçao, sera devida complementaçao de deposito em recurso posterior, observado o valor nominal remanescente da condenaçao e/ou os limites legais para cada novo recurso;</s>
    <s>d) havendo acrescimo ou reduçao da condenaçao em grau recursal, o juizo prolator da decisao arbitrara novo valor a condenaçao, quer para a exigibilidade de deposito ou complementaçao do ja depositado, para o caso de recurso subsequente, quer para liberaçao do valor excedente decorrente da reduçao da condenaçao;</s>
    <s>e) nos dissidios individuais singulares o deposito sera efetivado pelo recorrente, mediante a utilizaçao das guias correspondentes, na conta do empregado no FGTS - Fundo de Garantia do Tempo de Serviço, em conformidade com os §§ 4º e 5º do art. 899 da CLT, ou fora dela, desde que feito na sede do juizo e permaneça a disposiçao deste, mediante guia de deposito judicial extraida pela Secretaria Judiciaria;</s>
    <s>f) nas reclamatorias plurimas e nas em que houver substituiçao processual, sera arbitrado o valor total da condenaçao, para o atendimento da exigencia legal do deposito recursal, em conformidade com as alineas anteriores, mediante guia de deposito judicial extraida pela Secretaria Judiciaria do orgao em que se encontra o processo;</s>
    <s>g) com o transito em julgado da decisao condenatoria, os valores que tenham sido depositados e seus acrescimos serao considerados na execuçao;</s>
    <s>h) com o transito em julgado da decisao que absolveu o demandado da condenaçao, ser-lhe-a autorizado o levantamento do valor depositado e seus acrescimos.</s>
    <s>III - Julgada procedente açao rescisoria e imposta condenaçao em pecunia, sera exigido um unico deposito recursal, ate o limite maximo de R$11.779,02 (onze mil, setecentos e setenta e nove reais e dois centavos), ou novo valor corrigido, dispensado novo deposito para os recursos subsequentes, salvo o deposito do agravo de instrumento, previsto na Lei nº 12.275/2010, observando-se o seguinte:</s>
    <s>a) o deposito sera efetivado pela parte recorrente vencida, mediante guia de deposito judicial expedida pela Secretaria Judiciaria, a disposiçao do juizo da causa;</s>
    <s>b) com o transito em julgado da decisao, se condenatoria, o valor depositado e seus acrescimos serao considerados na execuçao; se absolutoria, sera liberado o levantamento do valor do depositado e seus acrescimos.</s>
    <s>IV - A exigencia de deposito no processo de execuçao observara o seguinte:</s>
    <s>a) a inserçao da virgula entre as expressoes &quot; aos embargos&quot; e &quot;a execuçao &quot; e atribuida a erro de redaçao, devendo ser considerada a locuçao &quot;embargos a execuçao&quot;;</s>
    <s>b) dada a natureza juridica dos embargos a execuçao, nao sera exigido deposito para a sua oposiçao quando estiver suficientemente garantida a execuçao por deposito recursal ja existente nos autos, efetivado no processo de conhecimento, que permaneceu vinculado a execuçao, e/ou pela nomeaçao ou apreensao judicial de bens do devedor, observada a ordem preferencial estabelecida em lei;</s>
    <s>c) garantida integralmente a execuçao nos embargos, so havera exigencia de deposito em qualquer recurso subsequente do devedor se tiver havido elevaçao do valor do debito, hipotese em que o deposito recursal correspondera ao valor do acrescimo, sem qualquer limite;</s>
    <s>d) o deposito previsto no item anterior sera efetivado pelo executado recorrente, mediante guia de deposito judicial expedida pela Secretaria Judiciaria, a disposiçao do juizo da execuçao;</s>
    <s>e) com o transito em julgado da decisao que liquidar a sentença condenatoria, serao liberados em favor do exequente os valores disponiveis, no limite da quantia exequenda, prosseguindo, se for o caso, a execuçao por credito remanescente, e autorizando-se o levantamento, pelo executado, dos valores que acaso sobejarem.</s>
    <s>V - Nos termos da redaçao do § 3º do art. 40, nao e exigido deposito para recurso ordinario interposto em dissidio coletivo, eis que a regra aludida atribui apenas valor ao recurso, com efeitos limitados, portanto, ao calculo das custas processuais.</s>
    <s>VI - Os valores alusivos aos limites de deposito recursal serao reajustados bimestralmente pela variaçao acumulada do INPC do IBGE dos dois meses imediatamente anteriores, e serao calculados e publicados no Diario Eletronico da Justiça do Trabalho por ato do Presidente do Tribunal Superior do Trabalho, tornando-se obrigatoria a sua observancia a partir do quinto dia seguinte ao da publicaçao.</s>
    <s>VII - Toda decisao condenatoria iliquida devera conter o arbitramento do valor da condenaçao. O acrescimo de condenaçao m grau recursal, quando iliquido, devera ser arbitrado tambem ara fins de deposito.</s>
    <s>VIII - O deposito judicial, realizado na conta do empregado no FGTS u em estabelecimento bancario oficial, mediante guia a disposiçao o juizo, sera da responsabilidade da parte quanto a exatidao dos valores depositados e devera ser comprovado, nos autos, pelo recorrente, no prazo do recurso a que se refere, independentemente da sua antecipada interposiçao, observado o limite do valor vigente na data da efetivaçao do deposito, bem como o contido no item VI, salvo no que se refere a comprovaçao do deposito recursal em agravo de instrumento, que observara o disposto no art. 899, § 7º, da CLT, com a redaçao da Lei nº 12.275/2010.</s>
    <s>IX - e exigido deposito recursal para o recurso adesivo, observados os mesmos criterios e procedimentos do recurso principal previsto nesta Instruçao Normativa.</s>
    <s>X - Nao e exigido deposito recursal, em qualquer fase do processo ou grau de jurisdiçao, dos entes de direito publico externo e das pessoas de direito publico contempladas no Decreto-Lei nº 779, de 21.8.69, bem assim da massa falida, da herança jacente e da parte que, comprovando insuficiencia de recursos, receber assistencia judiciaria integral e gratuita do Estado (art. 5º, LXXIV, CF).</s>
    <s>XI - Nao se exigira a efetivaçao de deposito em qualquer fase ou grau recursal do processo, fora das hipoteses previstas nesta Instruçao Normativa.</s>
    <s>XII - Os processos em curso no periodo intercorrente entre 24 de dezembro de 1992 e 15 de março de 1993, data da vigencia desta Instruçao Normativa, serao a ela adequados quanto ao deposito para recurso, por iniciativa do juiz ou orgao julgador competente, que determinara, quando for o caso, a intimaçao da parte para que regularize o deposito no prazo de oito dias.</s>
    <s>XIII - Havendo acordo para extinçao do processo, as partes disporao sobre o valor depositado. Na ausencia de expressa estipulaçao dos interessados, o valor disponivel sera liberado em favor da parte depositante.</s>
    <s>XIV - Esta Instruçao Normativa entrara em vigor no dia 15 de março de 1993 e sera reexaminada, no que couber, para guardar conformidade com o que vier a ser decidido pelo Supremo Tribunal Federal na Açao Direta de Inconstitucionalidade nº 836 - 6/ DF, ficando revogada a Instruçao Normativa nº 2, de 30 de abril de 1991, deste Tribunal.</s>
    <s>INSTRUÇÃO NORMATIVA Nº 18, DE 17 DE DEZEMBRO DE 1999 - TST</s>
    <s>(DJU 12.01.2000)</s>
    <s>Considera-se valida para comprovaçao do deposito recursal na Justiça do Trabalho a guia respectiva em que conste pelo menos o nome do Recorrente e do Recorrido; o numero do processo; a designaçao do juizo por onde tramitou o feito e a explicitaçao do valor depositado, desde que autenticada pelo Banco recebedor.</s>
    <s>Revogam-se as disposiçoes em contrario.</s>
    <s>Sala de Sessoes, 17 de dezembro de 1999.</s>
    <s>Luzia de Andrade Costa Freitas - Diretora-Geral de Coordenaçao Judiciaria</s>
    <s>INSTRUÇÃO NORMATIVA Nº 26, DE 02 DE SETEMBRO DE 2004 - TST</s>
    <s>(DJU 14.09.2004; REP . DJU 17.09.2004)</s>
    <s>Dispoe sobre a guia de recolhimento do deposito recursal.</s>
    <s>O Tribunal Superior do Trabalho, no gozo de suas prerrogativas constitucionais e legais,</s>
    <s>Considerando que o deposito recursal, nos termos do art. 899 da CLT, deve ser feito em conta vinculada do Fundo de Garantia do Tempo de Serviço - FGTS, aberta para fim especifico;</s>
    <s>Considerando que os recolhimentos, a titulo de deposito recursal, realizam-se por intermedio da Guia de Recolhimento do FGTS e Informaçoes a Previdencia Social - GFIP, de conformidade com o disposto no item 10.2 da Circular Caixa nº 321, de 20 de maio de 2004;</s>
    <s>Considerando a possibilidade da emissao da Guia de Recolhimento do FGTS e Informaçoes a Previdencia Social pelo aplicativo da Caixa Economica Federal denominado &quot;Sistema Empresa de Recolhimento do FGTS e Informaçoes a Previdencia Social - SEFIP&quot; (GFIP emitida eletronicamente), conforme previsto no item 4.1.1 da Circular Caixa nº 321, de 20 de maio de 2004;</s>
    <s>Considerando a inovaçao trazida pela Circular Caixa nº 321, de 20 de maio de 2004, item 10.4, autorizando o recolhimento do deposito recursal mediante a utilizaçao da Guia de Recolhimento do FGTS e Informaçoes a Previdencia Social - GFIP, emitida pelo aplicativo &quot;SEFIP&quot; (GFIP emitida eletronicamente), sem prejuizo do uso da GFIP avulsa;</s>
    <s>RESOLVEU expedir as seguintes instruçoes:</s>
    <s>I - O deposito recursal previsto no art. 899 da CLT podera ser efetuado mediante a utilizaçao da Guia de Recolhimento do FGTS e Informaçoes a Previdencia Social - GFIP, gerada pelo aplicativo da Caixa Economica Federal denominado &quot;Sistema Empresa de Recolhimento do FGTS e Informaçoes a Previdencia Social - SEFIP&quot; (GFIP emitida eletronicamente), conforme Anexo 1, ou por intermedio da GFIP avulsa, disponivel no comercio e no sitio da Caixa Economica Federal (Anexo 2).</s>
    <s>II - A GFIP emitida eletronicamente, para fins de deposito recursal, ostentara no seu cabeçalho o seguinte titulo &quot;Guia de Recolhimento para Fins de Recurso Junto a Justiça do Trabalho&quot;.</s>
    <s>III - O empregador que fizer uso da GFIP gerada eletronicamente podera efetuar o recolhimento do deposito judicial via Internet Banking ou diretamente em qualquer agencia da Caixa Economica Federal ou dos bancos conveniados.</s>
    <s>IV - A comprovaçao da efetivaçao do deposito recursal, dar-se- a obrigatoriamente das seguintes formas:</s>
    <s>No caso de pagamento efetuado em agencias da Caixa Economica Federal ou dos bancos conveniados, mediante a juntada aos autos da guia GFIP devidamente autenticada, e na hipotese de recolhimento feito via Internet, com a apresentaçao do &quot;Comprovante de Recolhimento/FGTS - via Internet Banking&quot; (Anexo 3), bem como da Guia de Recolhimento para Fins de Recurso Junto a Justiça do Trabalho (Anexo 2), para confrontaçao dos respectivos codigos de barras, que deverao coincidir.</s>
    <s>Sala de Sessoes, 2 de setembro de 2004.</s>
    <s>Valerio Augusto Freitas do Carmo - Diretor-Geral de Coordenaçao Judiciaria</s>
    <s>(*) OS ANEXOS MENCIONADOS NO TEXTO ENCONTRAM-SE À DISPOSIÇÃO DOS INTERESSADOS NOS ENDEREÇOS ABAIXO:</s>
    <s>ANEXO I: (http://www.tst.gov.br/DGCJ/IndiceResolucoes/Resolucoes/res124 an1.jpg)</s>
    <s>ANEXO II: (http://www.tst.gov.br/DGCJ/IndiceResolucoes/Resolucoes/res124 an2.jpg)</s>
    <s>ANEXO III: (http://www.tst.gov.br/DGCJ/IndiceResolucoes/Resolucoes/res124 an3.jpg)</s>
    <s>Nao e essencial para a validade da comprovaçao do deposito recursal a indicaçao do numero do PIS/PASEP na guia respectiva.</s>
    <s>INSTRUÇÃO NORMATIVA Nº 27, DE 16 DE FEVEREIRO DE 2005 - TST</s>
    <s>(DJU 22.02.2005 - REPUBLICAÇÃO: DJU 05.07.2005)</s>
    <s>Dispoe sobre normas procedimentais aplicaveis ao processo do trabalho em decorrencia da ampliaçao da competencia da Justiça do Trabalho pela Emenda Constitucional nº 45/2004.</s>
    <s>Art. 1º As açoes ajuizadas na Justiça do Trabalho tramitarao pelo rito ordinario ou sumarissimo, conforme previsto na Consolidaçao das Leis do Trabalho, excepcionando-se, apenas, as que, por disciplina legal expressa, estejam sujeitas a rito especial, tais como o Mandado de Segurança, Habeas Corpus, Habeas Data, Açao Rescisoria, Açao Cautelar e Açao de Consignaçao em Pagamento.</s>
    <s>Art. 2º A sistematica recursal a ser observada e a prevista na Consolidaçao das Leis do Trabalho, inclusive no tocante a nomenclatura, a alçada, aos prazos e as competencias.</s>
    <s>Paragrafo unico. O deposito recursal a que se refere o art. 899 da CLT e sempre exigivel como requisito extrinseco do recurso, quando houver condenaçao em pecunia.</s>
    <s>Art. 3º Aplicam-se quanto as custas as disposiçoes da Consolidaçao das Leis do Trabalho.</s>
    <s>§ 1º As custas serao pagas pelo vencido, apos o transito em julgado da decisao.</s>
    <s>§ 2º Na hipotese de interposiçao de recurso, as custas deverao ser pagas e comprovado seu recolhimento no prazo recursal (artigos 789, 789-A, 790 e 790-A da CLT).</s>
    <s>§ 3º Salvo nas lides decorrentes da relaçao de emprego, e aplicavel o principio da sucumbencia reciproca, relativamente as custas.</s>
    <s>Art. 4º Aos emolumentos aplicam-se as regras previstas na Consolidaçao das Leis do Trabalho, conforme previsao dos artigos 789-B e 790 da CLT.</s>
    <s>Paragrafo unico. Os entes publicos mencionados no art. 790-A da CLT sao isentos do pagamento de emolumentos.</s>
    <s>- Nota: Paragrafo unico acrescentado pela Resoluçao TST n° 133, de 16.06.2005 (DJU 05.07.2005).</s>
    <s>Art. 5º Exceto nas lides decorrentes da relaçao de emprego, os honorarios advocaticios sao devidos pela mera sucumbencia.</s>
    <s>Art. 6º Os honorarios periciais serao suportados pela parte sucumbente na pretensao objeto da pericia, salvo se beneficiaria da justiça gratuita.</s>
    <s>Paragrafo unico. Faculta-se ao juiz, em relaçao a pericia, exigir deposito previo dos honorarios, ressalvadas as lides decorrentes da relaçao de emprego.</s>
    <s>Art. 7º Esta Resoluçao entrara em vigor na data da sua publicaçao.</s>
    <s>Sala de Sessoes, 16 de fevereiro de 2005.</s>
    <s>VALÉRIO AUGUSTO FREITAS DO CARMO - Diretor-Geral de Coordenaçao Judiciaria</s>
    <s>ATO TST/GCGJT Nº 04, DE 03 DE MAIO DE 2010</s>
    <s>(Divulgaçao: DEJT 05.05.2010)</s>
    <s>O CORREGEDOR-GERAL DA JUSTIÇA DO TRABALHO, no uso das atribuiçoes que lhe sao conferidas pelos arts. 5°, inciso III, do Regimento Interno da Corregedoria-Geral da Justiça do Trabalho, e 39 do Regimento Interno do Tribunal Superior do Trabalho,</s>
    <s>Considerando que, com a implantaçao e padronizaçao da numeraçao de processos no ambito de todo o Poder Judiciario pelo Conselho Nacional de Justiça, as guias destinadas ao recolhimento dos depositos recursal e judicial, bem como das custas e emolumentos, disponibilizadas eletronicamente pelas instituiçoes oficiais e demais orgaos publicos nao mais contemplam espaços suficientes a aposiçao da integralidade dos numeros identificadores;</s>
    <s>Considerando que as referidas guias sao utilizadas para a comprovaçao de recolhimentos no ambito da Justiça do Trabalho e tambem como pressuposto da admissibilidade de recursos;</s>
    <s>Considerando a necessidade de garantir aos jurisdicionados e advogados maior segurança juridica na pratica dos atos processuais de preenchimento das respectivas guias;</s>
    <s>Considerando a ausencia de normatizaçao especifica pelo Conselho Nacional de Justiça em relaçao a materia e que compete a Corregedoria-Geral da Justiça do Trabalho disciplinar, ainda que em carater emergencial, a adequaçao dos procedimentos ao novo criterio de numeraçao;</s>
    <s>R E S O L V E:</s>
    <s>Art. 1° Ate ulterior modificaçao do parametro de caracteres numericos do campo destinado a inserçao da identificaçao do processo judicial nas guias eletronicas em uso na Justiça do Trabalho, com a observancia da numeraçao unica instituida pela Resoluçao nº 65/2008 do Conselho Nacional de Justiça-CNJ, fica dispensada a aposiçao nas respectivas guias do digito verificador e do digito identificador do orgao ou segmento do Poder Judiciario de que tratam os paragrafos segundo e quarto do art. 1º da mencionada Resoluçao do CNJ.</s>
    <s>Art. 2° Este Ato entra em vigor na data de sua publicaçao.</s>
    <s>Publique-se no Boletim Interno e no Diario Eletronico da Justiça do Trabalho.</s>
    <s>Brasilia, 03 de maio de 2010.</s>
    <s>MINISTRO CARLOS ALBERTO REIS DE PAULA - Corregedor-Geral da Justiça do Trabalho</s>
    <s>PORTARIA Nº 210, DE 15 DE DEZEMBRO DE 1997 - TRT 3ª R.</s>
    <s>(DJMG 31.12.1997)</s>
    <s>Autoriza o Banco do Brasil S/A a movimentar contas de depositos judiciais e recolhimentos de custas.</s>
    <s>O PRESIDENTE do Tribunal Regional do Trabalho da 3ª Regiao, no uso de suas atribuiçoes legais e regulamentares e considerando a necessidade de ampliar a capacidade de atendimento aos usuarios desta Justiça Especializada, RESOLVE:</s>
    <s>Art. 1º Autorizar o Banco do Brasil S/A a movimentar contas de depositos judiciais e recolhimentos de custas, na Terceira Regiao, sem prejuizo da movimentaçao feita na Caixa Economica Federal, ficando a escolha a criterio da parte.</s>
    <s>Art. 2º Para cada deposito efetuado sera aberta uma conta em nome do beneficiario, a qual devera ser corrigida monetariamente conforme legislaçao vigente.</s>
    <s>Art. 3º Os depositos e levantamentos serao efetuados atraves de guia propria a ser fornecida pelo banco autorizado.</s>
    <s>Art. 4º As agencias do Banco do Brasil S/A deverao manter, para conferencia, cartoes de assinatura do MM. Juiz Presidente e do Diretor de Secretaria de cada Junta de Conciliaçao e Julgamento existente em sua area, bem como de seus respectivos substitutos.</s>
    <s>Art. 5º Todas as guias de deposito/levantamento serao expedidas em cinco vias, ja carbonadas, sendo: 1ª via, comprovante do depositante; 2ª via, destinada ao processo; 3ª via, destinada a agencia arrecadadora; 4ª via, comprovante do Banco do Brasil S/A apos o saque, e, 5ª via, comprovante do processo, apos o levantamento.</s>
    <s>Art. 6º Deverao ser preenchidos, nos campos proprios da guia de deposito/levantamento, o numero da agencia arrecadadora, a Junta, o numero do processo, o nome do beneficiario ou de seu procurador constituido nos autos, com respectivo numero de inscriçao na Ordem dos Advogados do Brasil.</s>
    <s>Art. 7º Apos o recebimento dos depositos judiciais, a agencia arrecadadora devera devolver as MM. Juntas as vias destinadas ao processo e a autorizaçao de levantamento.</s>
    <s>Art. 8º Os levantamentos serao autorizados pelo Diretor de Secretaria ou seu substituto regimental e as vias destinadas ao levantamento somente deverao ser assinadas quando, na epoca propria, o interessado comparecer na Secretaria da Junta para seu recebimento.</s>
    <s>Art. 9º O Diretor de Secretaria, no caso de mudança do procurador, podera autorizar a inclusao do outro nome no verso das vias que autorizam o levantamento.</s>
    <s>Art. 10. Apos o levantamento dos valores da conta, a agencia arrecadadora devolvera as MM. Juntas o respectivo comprovante, o qual devera conter o recibo do beneficiario ou de seu procurador, para juntada aos autos.</s>
    <s>Art. 11. Quando houver importancia depositada a disposiçao do Juizo, a liberaçao se fara exclusivamente atraves de alvara judicial assinado pelo MM. Juiz Presidente e pelo Diretor de Secretaria da Junta, identificadas as assinaturas atraves de carimbo ou outro meio, vedado o uso de rubrica.</s>
    <s>Paragrafo unico. É vedado o uso de carbono em assinatura na via de levantamento da guia de deposito, podendo esta ser recusada pelas agencias do Banco do Brasil S/A.</s>
    <s>Art. 12. O MM. Juiz Presidente exercera fiscalizaçao permanente no controle do levantamento dos depositos, podendo a qualquer tempo solicitar ao banco autorizado extrato para conferencia da movimentaçao das contas referentes aos processos de sua competencia.</s>
    <s>Art. 13. Encerrado o processo e existindo deposito judicial, antes de se remeterem os autos ao arquivo, o MM. Juiz Presidente determinara o seu levantamento, fornecendo alvara a parte interessada.</s>
    <s>Art. 14. A douta Corregedoria Regional, se entender necessario, expedira instruçoes complementares.</s>
    <s>Gabriel de Freitas Mendes - Juiz Presidente do TRT da 3ª Regiao</s>
    <s>INSTRUÇÃO NORMATIVA Nº 01, DE 30 DE ABRIL DE 1998 - TRT 3ª R.</s>
    <s>(DJMG 13.05.1998; REP . DJMG 15.05.1998)</s>
    <s>Expede instruçoes complementares a aplicaçao da PORTARIA nº 210, de 15 de dezembro de 1997, do Senhor Presidente do Eg. Tribunal Regional do Trabalho da 3ª Regiao.</s>
    <s>Os MM. JUÍZES CORREGEDOR E VICE-CORREGEDOR do Egregio Tribunal Regional do Trabalho da 3ª Regiao, no uso de suas atribuiçoes legais e regimentais e, considerando o disposto no art. 14 da Portaria nº 210, de 15 de dezembro de 1997, do Senhor Juiz Presidente do Egregio Tribunal Regional do Trabalho da 3ª Regiao, RESOLVEM:</s>
    <s>Art. 1º Estendem-se ao Banco do Brasil S/A, no que couberem, as disposiçoes do Provimento nº 26, de 05 de outubro de 1988, relativas ao movimento de custas e depositos judiciais.</s>
    <s>Art. 2º Quando ocorrer penhora sobre dinheiro, o valor respectivo podera ser depositado tambem no Banco do Brasil S/A, ainda quando seja ele o executado, nos termos do art. 666 do CPC.</s>
    <s>Art. 3º Esta Instruçao Normativa entrara em vigor na data de sua publicaçao.</s>
    <s>Belo Horizonte, 30 de abril de 1998.</s>
    <s>Antonio Miranda de Mendonça - Juiz Corregedor do TRT da 3ª Regiao</s>
    <s>Marcio Ribeiro do Valle - Juiz Vice-Corregedor do TRT da 3ª Regiao</s>
    <s>INSTRUÇÃO NORMATIVA Nº 15, DE 08 DE OUTUBRO DE 1998</s>
    <s>(DJU 15.10.1998)</s>
    <s>Aprova normas relativas ao deposito recursal na Justiça do Trabalho.</s>
    <s>O Órgao Especial do Tribunal Superior do Trabalho, no uso das suas atribuiçoes legais e regimentais,</s>
    <s>considerando o cancelamento dos Enunciados 216 e 165;</s>
    <s>considerando a nova regulamentaçao do deposito recursal constante da Circular nº 149/98, da Caixa Economica Federal, publicada no Diario Oficial da Uniao de 04.09.1998;</s>
    <s>considerando a necessidade de uniformizaçao de entendimentos quanto a regularidade do deposito recursal na Justiça do Trabalho;</s>
    <s>R E S O L V E</s>
    <s>Que a validade do deposito recursal na Justiça do Trabalho condiciona-se a observancia das exigencias contidas no item 5 e seus subitens, da Circular nº 149/98**(*), da Caixa Economica Federal, a seguir transcrita:</s>
    <s>- (*)*Nota: A Circular Caixa nº 149/1998 (DOU 04.09.1998) foi revogada pela Circular CAIXA nº 151/1998 (DOU 21.10.1998) e, atualmente, o assunto esta regulamentado pelo Item 12 e subitens (transcritos ao final deste documento) da Circular Caixa nº 372, de 25.11.2005 (DOU 29.11.2005).</s>
    <s>&quot;5. DO DEPÓSITO RECURSAL</s>
    <s>5.1 Deposito, referente a causas trabalhistas, previsto no artigo 899 da Consolidaçao das Leis do Trabalho - CLT, efetuado como condiçao necessaria a interposiçao de recurso contra decisao proferida pela Justiça do Trabalho.</s>
    <s>5.2 Deve ser efetivado em conta vinculada do FGTS, aberta para este fim especifico, mediante GRE, avulsa e apresentada em 3 (tres) vias, com a seguinte destinaçao:</s>
    <s>- 1ª Via - CAIXA/BANCO;</s>
    <s>- 2ª Via - EMPREGADOR;</s>
    <s>- 3ª Via - PROCESSO/JCJ.</s>
    <s>5.3 Cada GRE abrigara o deposito recursal relativo a apenas um processo, identificado no campo 17, e podera ser autenticada em qualquer agencia bancaria, no ato da efetivaçao do deposito.</s>
    <s>5.4 Sao informaçoes indispensaveis a qualificaçao dos recolhimentos referentes ao deposito recursal.</s>
    <s>5.4.1 Do Depositante (Empregador)</s>
    <s>- Razao Social/Nome do Empregador (campo 03);</s>
    <s>- CGC/CNPJ/CEI (campo 04);</s>
    <s>- Endereço (campos 05 a 09).</s>
    <s>5.4.1.1 Na inexistencia por impossibilidade de cadastramento do empregador junto ao CGC/CNPJ/CEI, admite-se, excepcionalmente, a indicaçao do CPF do empregador.</s>
    <s>5.4.1.2 No caso de empregado domestico devera ser indicado o numero do CPF do empregador.</s>
    <s>5.4.2 Do Trabalhador</s>
    <s>- Nome (campo 21);</s>
    <s>- Numero PIS/PASEP (campo 23).</s>
    <s>5.4.2.1 No caso de Sindicato, Federaçao ou Confederaçao atuando como substituto processual, devera ser informado, no campo 21, o nome/razao social do mesmo.</s>
    <s>5.4.2.2 Tratando-se de açao conjunta, devera ser indicado, no campo 21, o nome de um dos reclamantes, seguido da expressao &quot;E OUTROS&quot;.</s>
    <s>5.4.2.3 Na hipotese da inexistencia, por impossibilidade de cadastramento do trabalhador junto ao cadastro do PIS/PASEP e para aqueles cujas relaçoes trabalhistas tenham encerrado anteriormente a 01/01/72, admite-se, excepcionalmente, a indicaçao do numero do Processo/Juizo.</s>
    <s>5.4.3 Do Processo</s>
    <s>- Informaçoes complementares (campo 17): devera ser preenchido com o numero do processo, bem como do Juizo correspondente (na forma: nº do processo, Seçao, Vara, etc.).</s>
    <s>5.4.4 Do Deposito</s>
    <s>- Competencia (campo 18) - devera ser preenchido no formato MM/AA correspondente ao mes/ano em que o recolhimento esta sendo efetuado;</s>
    <s>- Codigo de recolhimento (campo 19): devera ser preenchido sempre com o codigo 418;</s>
    <s>- Valor (campo 27): devera ser preenchido com o valor determinado pelo Juizo.</s>
    <s>5.5 A movimentaçao da conta aberta para abrigar deposito recursal dar-se-a, exclusivamente, atraves de Alvara Judicial, em qualquer Agencia da CAIXA ou, nao estando esta presente na localidade, em qualquer banco integrante da rede arrecadadora e pagadora do FGTS.</s>
    <s>5.5.1 O Alvara devera ser dirigido a CAIXA ECONÔMICA FEDERAL (mantenedora legal das contas vinculadas do FGTS), devendo nele constar:</s>
    <s>- identificaçao do processo;</s>
    <s>- identificaçao do depositante;</s>
    <s>- nome(s) do(s) beneficiario(s) e forma de rateio (percentual/valor), quando for o caso.&quot;</s>
    <s>Sala de Sessoes, 8 de outubro de 1998.</s>
    <s>LUZIA DE ANDRADE COSTA FREITAS - Diretora-Geral de Coordenaçao Judiciaria</s>
    <s>Circular Caixa nº 372, de 25.11.2005 (DOU 29.11.2005), Item 12 e subitens:</s>
    <s>&quot;12 DO DEPÓSITO RECURSAL - CÓDIGO 418</s>
    <s>12.1 Deposito estabelecido pelo art. 899 da Consolidaçao das Leis do Trabalho - CLT, devido em decorrencia de processo trabalhista, como condiçao essencial a interposiçao de recurso do empregador contra decisao proferida pela Justiça do Trabalho.</s>
    <s>12.2 Deve ser efetivado em conta vinculada do FGTS, aberta para este fim especifico, mediante apresentaçao da guia de recolhimento, em 2 (duas) vias com a seguinte destinaçao:</s>
    <s>1ª Via - CAIXA/BANCO CONVENIADO</s>
    <s>2ª Via - EMPREGADOR</s>
    <s>12.3 Cada guia de recolhimento corresponde ao deposito recursal relativo apenas a um processo.</s>
    <s>12.3.1 A guia de recolhimento pode ser quitada em qualquer agencia da CAIXA ou dos Bancos conveniados.</s>
    <s>12.4 A guia para fins de deposito recursal pode ser apresentada de duas formas:</s>
    <s>- Guia de Recolhimento para Fins de Recurso junto a Justiça do Trabalho - emitida pelo SEFIP</s>
    <s>Plataforma Grafica;</s>
    <s>- GFIP Avulsa.</s>
    <s>12.4.1 Para o preenchimento da GFIP avulsa deve-se observar as instruçoes constantes no item 4.4 e subitens.</s>
    <s>12.4.2 O nao preenchimento dos campos sera motivo de recusa do recebimento da GFIP pelos bancos.&quot;</s>
    <s>ORIENTAÇÕES JURISPRUDENCIAIS / SDI 1 - TST</s>
    <s>13. APPA. DEC-LEI 779/1969. DEPÓSITO RECURSAL E CUSTAS. NÃO ISENÇÃO. (INSERIDA EM 14.03.1994)</s>
    <s>140. DEPÓSITO RECURSAL E CUSTAS. DIFERENÇA ÍNFIMA. DESERÇÃO. OCORRÊNCIA. (INSERIDA EM 27.11.1998 - alterada DJU 20.04.2005)</s>
    <s>Ocorre deserçao do recurso pelo recolhimento insuficiente das custas e do deposito recursal, ainda que a diferença em relaçao ao &quot;quantum&quot; devido seja infima, referente a centavos.</s>
    <s>217. AGRAVO DE INSTRUMENTO. TRASLADO. LEI 9.756/1998. GUIAS DE CUSTAS E DE DEPÓSITO RECURSAL. (INSERIDA EM 02.04.2001)</s>
    <s>Para a formaçao do Agravo de Instrumento, nao e necessaria a juntada de comprovantes de recolhimento de custas e de deposito recursal relativamente ao Recurso Ordinario, desde que nao seja objeto de controversia no Recurso de Revista a validade daqueles recolhimentos.</s>
    <s>264. DEPÓSITO RECURSAL. PIS/PASEP. AUSÊNCIA DE INDICAÇÃO NA GUIA DE DEPÓSITO RECURSAL. VALIDADE. (INSERIDA EM 27.09.2002)</s>
    <s>ORIENTAÇÃO JURISPRUDENCIAL DAS TURMAS - TRT 3ª R.</s>
    <s>05. ENTIDADE FILANTRÓPICA. JUSTIÇA GRATUITA. DEPÓSITO RECURSAL.</s>
    <s>A condiçao de entidade filantropica nao enseja a reclamada, pessoa juridica de direito privado, a concessao dos beneficios da Justiça Gratuita ou a dispensa de realizaçao do deposito recursal.</s>
    <s>Diretoria da Secretaria de Documentaçao, Legislaçao e Jurisprudencia</s>
  </text>
</page>
