<?xml version="1.0" encoding="UTF-8"?>
<!DOCTYPE page SYSTEM "page.dtd">
<page>
  <lang>pt</lang>
  <url>http://portosdeportugal.pt/sartigo/index.php%3Fx%3D5169</url>
  <title>www.portosdeportugal.pt &gt; Artigo &gt; Salamanca acolhe 1.ª ...</title>
  <snippet>
    <s>6 maio 2011 Início &gt; Artigo &gt; Salamanca acolhe 1.ª conferência do </s>
  </snippet>
  <text>
    <s>AGENDA APP em foco Clipping Notas GEO OPINI Cruzeiros Desporto LAZER Ambiente</s>
    <s>Fotos Blogs Facebook Twitter Slideshare YouTube ARTE</s>
    <s>APP no TWITTER: http://twitter.com/portosportugal</s>
    <s>APP no FACEBOOK: http://www.facebook.com/portosdeportugal</s>
    <s>APP no YOUTUBE: http://www.youtube.com/portosdeportugal</s>
    <s>Hotsite do III Encontro de Portos da CPLP disponl em http://www.cplpportos.com/</s>
    <s>Utilidades APLOP Newsletters MediaMar EDUCARE Biblos Museus Hist Pros Associativismo</s>
    <s>CONTACTOS Localiza Objectivos Corp. Sociais Associados Estatutos VÍDEOSREGISTAR-SELOGIN</s>
    <s>Inicio &gt; Artigo &gt; Salamanca acolhe 1. conferia do projecto E-80</s>
    <s>HOJE, SEXTA-FEIRA</s>
    <s>Salamanca acolhe 1. conferia do projecto E-80</s>
    <s>&quot;O papel dos corredores de mercadorias no fomente da intermodalidade&quot; e o tema da 1.ª Conferencia do Projecto Intermodalidade E-80, que se realiza hoje, 6 de Maio, em Salamanca. Com este evento, os promotores do Projecto E-80 pretendem difundir entre os operadores interessados uma visao do &quot;estado da arte&quot; e das perspectivas de desenvolvimento futuro da intermodalidade nas regioes abrangidas, ou seja, o Norte e Centro de Portugal, Castela e Leao e o Norte de Espanha ate alem-Pirineus.</s>
    <s>O programa contempla, por isso, apresentaçoes da rede Cylog (sobre o modelo de gestao integrada de plataformas logisticas em Castela e Leao), da PLAE - Plataforma Logistica da Aquitania-Euskadi (sobre a promoçao do Corredor Ferroviario Atlantico) e do ACTE (sobre optimizaçao da rede de &quot;nos&quot; logisticos).</s>
    <s>Depois havera lugar a uma mesa-redonda em que o tema sera o &quot;novo paradigma&quot; da gestao dos serviços multimodais de base ferroviaria. E nela participarao, entre outros, representantes da Adif, da CP Carga, da Luis Simoes e da Transitex.</s>
    <s>A sessao sera moderada pelo director do TRANSPORTES &amp; NEGÓCIOS.</s>
    <s>O Projecto Intermodalidade E-80 e uma iniciativa conjunta da Zaldeza (Zona de Actividades Logisticas de Salamanca), do Porto de Leixoes e do Porto de Aveiro, que visa identificar os entraves a intermodalidade e promover o desenvolvimento de soluçoes logisticas de base ferroviaria e/ou de TMCD.</s>
    <s>O projecto e apoiado pelo Marco Polo II, enquanto acçao de aprendizagem comum.</s>
    <s>A conferencia desta sexta-feira, em Salamanca, sucede a um evento realizado no passado dia 29 de Abril, em Leixoes, e onde o tema central foi precisamente a intermodalidade ferro-maritima.</s>
    <s>FONTE: TRANSPORTES &amp; NEGÓCIOS</s>
    <s>Data: 2011-05-06</s>
    <s>Artigos relacionados:</s>
    <s>Semino A Intermodalidade FerroMarma: Oportunidades de Melhoria</s>
    <s>Leixdebate intermodalidade ferro-marma</s>
    <s>Newsletter de Marjisponl</s>
    <s>Refordo transporte intermodal inevitl a mo e longo prazo</s>
    <s>Segundo Semino hoje, dia 11, em Salamanca</s>
    <s>Newsletter do Projecto INTERMODALIDADE E-80</s>
    <s>Porto de Aveiro presente no semino que hoje se realiza em Salamanca</s>
    <s>Secreto de Estado dos Transportes no 14. Congresso da APLOG</s>
    <s>Cais da Mem - 1875-1928</s>
    <s>A moda de ir raia 1900-1920</s>
    <s>Arquivo Histo do Porto de Aveiro</s>
    <s>Sea Tube 2</s>
    <s>Paquete Principe Perfeito - Ferias no Mar (1971)</s>
    <s>Chegada de Gago Coutinho e Sacadura Cabral a Lisboa</s>
    <s>Paquete VERA CRUZ</s>
    <s>Paquete INFANTE D. HENRIQUE</s>
    <s>Cruzeiros n. 9 - SIC</s>
    <s>VIAGEM AO FUNDO DO MAR O aquo natural</s>
    <s>Constitui da APLOP 13.05.2011 vo-foto</s>
    <s>Inaugura do novo Cais de Cruzeiros do Porto de Leix/h4&gt;</s>
    <s>O Porto, os Navios e a Cidade - CONCURSO DE FOTOGRAFIA</s>
    <s>Porto de Aveiro Imagens aas 19.09.2008</s>
    <s>Porto de Set Fotos com hist</s>
    <s>Porto de Lisboa - Slideshow</s>
    <s>Paquete Pripe Perfeito - Fas no Mar (1971)</s>
    <s>Paquete Pripe Perfeito - Chegada a Lisboa (1968)</s>
    <s>Portos dos Aes</s>
    <s>Portos da Madeira</s>
    <s>APP no slide.com</s>
    <s>APP no SLIDESHARE</s>
    <s>APP no FACEBOOK</s>
    <s>Porto de Set a nascente</s>
    <s>Associaçao dos Portos de Portugal (C) 2010 - Design by ECTEP, LDA</s>
  </text>
</page>
