<?xml version="1.0" encoding="UTF-8"?>
<!DOCTYPE page SYSTEM "page.dtd">
<page>
  <lang>pt</lang>
  <url>http://conselho.saude.gov.br/14cns/10_out_solenidade_pernambuco.html</url>
  <title>Começa 7ª Conferência ... - 14ª Conferência Nacional de Saúde</title>
  <snippet>
    <s>10 out. 2011 Começa 7ª Conferência Estadual de Saúde de Pernambuco Para coordenador de plenária John Pontes Pessoa, “nós que estamos hoje </s>
  </snippet>
  <text>
    <s>!Governo Federal</s>
    <s>Sobre a Conferência</s>
    <s>Comissão Organizadora</s>
    <s>Comitê Executivo</s>
    <s>História das Conferências</s>
    <s>Tire Dúvidas</s>
    <s>Documento Orientador</s>
    <s>Proposta de Regulamento</s>
    <s>10 de outubro de 2011</s>
    <s>Começa 7ª Conferência Estadual de Saúde de Pernambuco</s>
    <s>A 7ª Conferência de Saúde de Pernambuco iniciou com ritmo e cadência. Delegados e delegadas dos 183 municípios foram recepcionados com muita alegria e cor, ao som de uma atração cultural peculiar à Terra, o conhecido e tradicional Candomblé de Rua – Afoxé Oyá Alaxe. As evoluções do grupo contagiaram todos os participantes para iniciar os trabalhos, que começam nesse domingo, 9, no Centro de Convenções de Olinda e finalizam na terça-feira, 11.</s>
    <s>Participaram da cerimônia de abertura o ministro da Saúde e presidente do Conselho Nacional de Saúde (CNS), Alexandre Padilha; o secretário Estadual de Saúde e presidente do Conselho Estadual de Saúde, Antônio Carlos Figueira; o secretário de Gestão Estratégica e Participativa do Ministério da Saúde (Sgep/MS), Odorico Monteiro; a presidente do Colegiado de Secretários Municipais de Saúde de Pernambuco, Cristina Sette; a coordenadora geral da 7ª Conferência, Ana Paula Soter; e o representante de Pernambuco na Coordenação Nacional de Plenárias de Conselhos de Saúde, John Pontes Pessoa.</s>
    <s>Para coordenador de plenária John Pontes Pessoa, “nós que estamos hoje aqui temos um papel fundamental, representamos o controle social, e por isso devemos ser os guardiões do Sistema Único de Saúde e de todo povo brasileiro”. Pontes conclamou aos delegados que utilizem bem esta oportunidade para contribuir positivamente para uma saúde pública com acesso e qualidade para todos.</s>
    <s>O ministro da saúde e presidente do CNS, Alexandre Padilha, defendeu, na manhã deste domingo (9), na 7ª Conferência Estadual de Saúde de Pernambuco, a criação, ampliação e funcionamento das Unidades de Pronto Atendimento (Upas). Salientou também que a melhoria no atendimento é visível em toda a rede de prestação de serviço à saúde, citando a rede de alta complexidade, como é o caso dos Hospitais da Restauração (HR) e Getúlio Vargas (HGV), onde se fez presente antes de sua palestra na conferência.</s>
    <s>“As unidades estão dando certo em todos os estados e vão dar também em Pernambuco. Antes das Upas era comum ver pacientes no chão, ou em macas nos corredores dos hospitais e agora com as unidades em funcionamento, pude observar o desafogamento nos hospitais, como é caso do HR e HGV, nos quais visitei esta manhã”, enfatizou Padilha.</s>
    <s>Ainda de acordo com o ministro há outros projetos a serem implantados pelo Ministério da Saúde (MS), destinados especialmente à atenção básica, a exemplo dos agentes de saúde, que estão prestes a conquistarem o piso nacional. Lembrou ainda que será implantado o Sistema de Controle de Identificação para verificar se as equipes estão ou não realizando suas atividades, e caso atinjam as metas, receberão uma bonificação. Por fim, Padilha assegurou que o MS irá garantir o reconhecimento das práticas exercidas pelas parteiras em todo o país.</s>
    <s>Para o secretário Antônio Carlos Figueira, “hoje é um momento muito importante, pois teremos a oportunidade de discutir diretrizes para o Sistema Único de Saúde, que é a nossa principal bandeira. É a luta que todos que estão aqui travam, seja usuário, trabalhador ou gestor. O SUS é o patrimônio mais importante do povo brasileiro. Todos utilizam o SUS, seja na assistência à saúde, no transplante de órgão ou na vigilância sanitária”, falou o secretário.</s>
    <s>Ainda na cerimônia de abertura do evento, o ministro da Saúde, Alexandre Padilha anunciou investimentos de mais de R$ 77 milhões em três hospitais pernambucanos: Hospital Ermírio Coutinho, em Nazaré da Mata; Hospital Pelópidas Silveira, no Recife; e Hospital Regional Sílvio Magalhães, em Palmares.</s>
    <s>E para proferir a Conferência Magna, cujo tema é “Todos (as) usam SUS O SUS na Seguridade Social – Política Pública Patrimônio do Povo Brasileiro”, participou Humberto Costa, ex- ministro da Saúde e atual Senador da Republica (PT/PE).</s>
    <s>Homenagem - O evento realizou uma homenagem a dois brasileiros que lutaram pela saúde do povo, a médica e fundadora da Pastoral da Criança Zilda Arns, que morreu em 2010 após um violento terremoto no Haiti, e João Francisco Gonçalves, pernambucano da cidade de Orobó, fundador do Hospital Severino Távora. Familiares dos dois receberam dos conselheiros de saúde troféu em memória aos serviços prestados.</s>
    <s>O evento, que se estenderá até a terça-feira (11), terá entre seus objetivos, avaliar a situação da saúde, de acordo com os princípios e as diretrizes do Sistema Único de Saúde (SUS), previstos na Constituição Federal e na Lei Orgânica da Saúde, além de eleger os 124 delegados que irão participar da 14ª Conferência Nacional de Saúde, em Brasília, de 30 de novembro a 4 de dezembro de 2011.</s>
    <s>Acompanhe a 14ª CNS pelo:</s>
    <s>Conselho Nacional de Saúde – Esplanada dos Ministérios, Bloco “G” - Edifício Anexo, Ala “B” - 1º andar - Sala 103-B</s>
    <s>CEP.: 70058-900 - Brasília, DF – Fone: (61) 3315-2880 / 3566 – E-mail: 14cns@saude.gov.br</s>
  </text>
</page>
