<?xml version="1.0" encoding="UTF-8"?>
<!DOCTYPE page SYSTEM "page.dtd">
<page>
  <lang>pt</lang>
  <url>http://www.psdvalongo.net/conferencia-de-imprensa-pedro-passos-coelho-12-de-marco-2011</url>
  <title>Conferência de Imprensa – Pedro Passos Coelho -12 de Março 2011</title>
  <snippet>
    <s>12 mar. 2011 O Orçamento é «a rejeição do colapso do País» Miguel Relvas em conferência de imprensa – 14 de Março » Agenda (3); Agenda Campanha Legislativas 2011 (18); Comunicados / Artigos de Opinião da Concelhia (18); Notícias (383); Povo Crescimento criador de emprego necessita «coordenação </s>
  </snippet>
  <text>
    <s>Orgãos Concelhios</s>
    <s>Regulamentos e Estatutos</s>
    <s>Normas de Imagem</s>
    <s>Resultados Eleitorais</s>
    <s>Concelho Valongo</s>
    <s>Freguesia Alfena</s>
    <s>Freguesia Campo</s>
    <s>Freguesia Ermesinde</s>
    <s>Freguesia Sobrado</s>
    <s>Freguesia Valongo</s>
    <s>Concelho Valongo</s>
    <s>Freguesia Alfena</s>
    <s>Freguesia Campo</s>
    <s>Freguesia Ermesinde</s>
    <s>Freguesia Sobrado</s>
    <s>Freguesia Valongo</s>
    <s>Concelho Valongo</s>
    <s>Freguesia Alfena</s>
    <s>Freguesia Campo</s>
    <s>Freguesia Ermesinde</s>
    <s>Freguesia Sobrado</s>
    <s>Freguesia Valongo</s>
    <s>Concelho Valongo</s>
    <s>Freguesia Alfena</s>
    <s>Freguesia Campo</s>
    <s>Freguesia Ermesinde</s>
    <s>Freguesia Sobrado</s>
    <s>Freguesia Valongo</s>
    <s>Câmara Municipal</s>
    <s>Concelho Valongo</s>
    <s>Assembleia Municipal</s>
    <s>Concelho Valongo</s>
    <s>Assembleia Freguesia</s>
    <s>Concelho Valongo</s>
    <s>Concelho Valongo</s>
    <s>Freguesia Alfena</s>
    <s>Freguesia Campo</s>
    <s>Freguesia Ermesinde</s>
    <s>Freguesia Sobrado</s>
    <s>Freguesia Valongo</s>
    <s>Câmara Municipal</s>
    <s>Assembleia Municipal</s>
    <s>Vida Laranja</s>
    <s>Comunicados / Artigos de Opinião da Concelhia</s>
    <s>Povo Livre</s>
    <s>Adira PSD</s>
    <s>Pedro Passos Coelho no debate quinzenal de 14 de Outubro: As medidas são minhas mas o défice que as obriga não é meu.</s>
    <s>2011-10-14 Veja o Video aqui «As medidas são minhas mas o défice que as obriga não é meu», afirmou o Primeiro-Ministro Pedro Passos Coelho no debate quinzenal na Assembleia da República. «O Instituto Nacional de Estatística foi claro: nos primeiros seis meses, </s>
    <s>Leia Mais</s>
    <s>Comunicado da Comissão Política de Secção - Valongo - Oposição prejudica Empresas, IPSS’s, Escolas e Associações Locais - 13/10/2011</s>
    <s>Valongo - Oposição prejudica Empresas, IPSS’s, Escolas e Associações Locais Apostado em honrar os seus compromissos financeiros, o Executivo apresentou, hoje, em reunião de Câmara, a proposta de revisão do Plano de Saneamento Financeiro, no sentido de garantir o pagamento imediato </s>
    <s>Leia Mais</s>
    <s>O Orçamento é «a rejeição do colapso do País»</s>
    <s>2011-10-13 Veja o Video aqui «O Orçamento para 2012 é absolutamente decisivo e coincide com o momento em que muito duramente enfrentamos a realidade», afirmou o Primeiro-Ministro Pedro Passos Coelho numa declaração em que apresentou ao País as medidas mais difíceis do </s>
    <s>Leia Mais</s>
    <s>Secretário-Geral José Matos Rosa saúda vitória do PSD-Madeira e responsabilidade cívica dos madeirenses nas eleições para a Assembleia Legislativa Regional, dia 9 de Outubro</s>
    <s>9 Outubro 2011 Veja o Video aqui</s>
    <s>Leia Mais</s>
    <s>2ª parte do programa Prós e Contras na RTP sobre a Reforma da Administração Local - 03/10/2011</s>
    <s>REFORMA ADMINISTRATIVA Veja o Video aqui A reforma do Poder Local. Menos freguesias, Menos vereadores, Menos empresas municipais. E no futuro menos concelhos. É a maior redução de sempre no mundo autárquico. 37 anos depois do 25 de Abril, o poder local prepara-se para a revolução administrativa. Frente a </s>
    <s>Leia Mais</s>
    <s>1ª parte do programa Prós e Contras na RTP sobre a Reforma da Administração Local - 03/10/2011</s>
    <s>REFORMA ADMINISTRATIVA Veja o Video aqui A reforma do Poder Local. Menos freguesias, Menos vereadores, Menos empresas municipais. E no futuro menos concelhos. É a maior redução de sempre no mundo autárquico. 37 anos depois do 25 de Abril, o poder local prepara-se para a revolução administrativa. Frente a </s>
    <s>Leia Mais</s>
    <s>Nova Comissão Política de Concelhia da JSD de Valongo</s>
    <s>No passado dia 24 de Setembro comemorou-se o início de mandato da nova Comissão Política de Concelhia da JSD de Valongo presidida por César Vasconcelos. Foi um jantar que contou com a presença do Vice-Presidente do PSD e nosso conterrâneo, </s>
    <s>Leia Mais</s>
    <s>Comunicado sobre o Relatório relativo à situação financeira na Região Autónoma da Madeira</s>
    <s>Madeira tem dívida de 6.328 milhões de euros. A dívida da Madeira vale &quot;123% do PIB da região e corresponde a 600% da receita efetiva em 2010 e 927% das receitas fiscais&quot;,anunciou Vítor Gaspar. Veja o Video aqui A Região Autónoma da Madeira </s>
    <s>Leia Mais</s>
    <s>Comunicado do Conselho de Ministros de 29 de Setembro de 2011</s>
    <s>Veja o Video aqui O Conselho de Ministros de 29 de Setembro aprovou os decretos-leis que aprovam a oitava fase do processo de reprivatização do capital social da EDP e a segunda fase do processo de reprivatização do capital social da </s>
    <s>Leia Mais</s>
    <s>Os 100 primeiros dias do XIX Governo Constitucional</s>
    <s>2011-09-28 Nunca outros fizeram tanto em tão pouco tempo; porém este muito sabe a pouco, quando se conhece a dimensão dos problemas que o País enfrenta e tudo aquilo que ainda falta fazer, para colocar Portugal no caminho do crescimento económico. Com </s>
    <s>Leia Mais</s>
    <s>1 2 3 4 5 6 7 8 9 10</s>
    <s>« POVO LIVRE 9 DE MARÇO DE 2011</s>
    <s>Miguel Relvas em conferência de imprensa - 14 de Março »</s>
    <s>Conferência de Imprensa - Pedro Passos Coelho -12 de Março 2011</s>
    <s>Comments (1)</s>
    <s>1 written by game soundtracks</s>
    <s>about 2 months ago</s>
    <s>Reply Quote</s>
    <s>Hi there, I found your blog via Google while searching for a related topic, your site came up, it looks good.</s>
    <s>No trackbacks yet.</s>
    <s>Subscreva a newsletter preenchendo o formulário abaixo, indicando o nome completo, endereço de email e a freguesia a que pertence. Caso não pertença a nenhuma das freguesias indique se é Nacional ou Internacional. Um e-mail de confirmação será enviado para o seu e-mail. Obrigado</s>
    <s>Flickr Gallery</s>
    <s>Recent comments</s>
    <s>Popular posts</s>
    <s>Agenda (3)</s>
    <s>Agenda Campanha Legislativas 2011 (18)</s>
    <s>Comunicados / Artigos de Opinião da Concelhia (19)</s>
    <s>Notícias (385)</s>
    <s>Povo Livre (29)</s>
    <s>VOTO PSD … VOTO PASSOS COELHO (9)</s>
    <s>acordo politico alfena artigo opiniao assembleia da republica campanha eleitoral campo castelo de vide CDS-PP comunicado conselho de ministros debate deputada psd deputado deputado psd educaçao eleiçoes ermesinde fotos campanha governo legislativas marco antonio costa matos rosa miguel relvas miguel santos ministro das finanças noticias opinião parlamento passos coelho pedro passos coelho porto povo livre primeiro ministro programa eleitoral programa governo psd psd valongo saude secretario geral psd sobrado universidade de verao universidade de verao psd valongo video vídeo da Campanha</s>
    <s>Outubro 2011 (22)</s>
    <s>Setembro 2011 (79)</s>
    <s>Agosto 2011 (27)</s>
    <s>Julho 2011 (36)</s>
    <s>Junho 2011 (44)</s>
    <s>Maio 2011 (149)</s>
    <s>Abril 2011 (60)</s>
    <s>Março 2011 (34)</s>
    <s>Fevereiro 2011 (2)</s>
    <s>Janeiro 2011 (4)</s>
    <s>Novembro 2010 (1)</s>
    <s>Outubro 2010 (2)</s>
    <s>Setembro 2010 (1)</s>
    <s>Julho 2010 (1)</s>
    <s>Comunicado do Conselho de Ministros de 8 de Setembro de 2011 (3)</s>
    <s>Pedro Passos Coelho reuniu com os cabeças de lista do PSD (2)</s>
    <s>Pedro Passos Coelho recebeu o apoio de ex-presidentes do PSD (2)</s>
    <s>Troika comprova que PEC IV era insuficiente e que Sócrates estava errado (2)</s>
    <s>Comunicado do Conselho de Ministros de 15 de Setembro de 2011 (2)</s>
    <s>Conferência de Imprensa - Pedro Passos Coelho -12 de Março 2011 (1)</s>
    <s>Pedro Passos Coelho visita a Escola Secundária de Forte da Casa (1)</s>
    <s>JSD/Lisboa apela à mudança nas comemorações do 25 de Abril (1)</s>
    <s>Alfena já é Cidade(1)</s>
    <s>Passos Coelho demarca-se de Sócrates e assume-se como o líder que o País precisa (1)</s>
    <s>!Pedro Passos Coelho no debate quinzenal de 14 de Outubro: &quot;As medidas são minhas mas o défice que as obriga não é meu&quot;.: [ de euros. Essa tributação será agravada em pelo menos 5%» - medida não referida na decl ]</s>
    <s>!O Orçamento é «a rejeição do colapso do País»: [ que muito duramente enfrentamos a realidade», afirmou o Primeiro-Ministro Pedro Passos Coelho ]</s>
    <s>!Novo regime de taxas moderadoras do SNS beneficia os mais desfavorecidos: [ Conselho de Ministros de 29 de Setembro aprovou um decreto-lei que regula as condições e ]</s>
    <s>!Novo regime baixa preços dos medicamentos: [ Conselho de Ministros de 29 de Setembro aprovou o regime de formação do preço dos me ]</s>
    <s>!Reformar a Administração Local para criar «ciclo sustentado de desenvolvimento económico e social»: [ - Crescimento criador de emprego necessita «coordenação económica à escala global» Refor ]</s>
    <s>!Reforma da Administração Local: [ Resolução do Conselho de Ministros sobre a Reforma da Administração Local ]</s>
    <s>!Reformar a Administração Local para criar «ciclo sustentado de desenvolvimento económico e social»: [ Pedro Passos Coelho afirmou que «só com um Poder Local preparado para os desafios do futuro é ]</s>
    <s>!Primeiro Ministro discursa nas Nações Unidas - Crescimento criador de emprego necessita «coordenação económica à escala global»: [ regional, depende hoje, em larga medida, de uma coordenação económica à escala global». No seu ]</s>
    <s>Comunicados / Artigos de Opinião da Concelhia</s>
    <s>Comunicado da Comissão Política de Secção - &quot;Valongo - Oposição prejudica Empresas, IPSS’s, Escolas e Associações Locais&quot; - 13/10/2011</s>
    <s>Entrevista de João Paulo Baltazar ao &quot;verdadeiro olhar&quot;, novo semanário em Valongo - 29/07/2011</s>
    <s>Eleições da Comissão Política de Secção de Valongo e Núcleos de Campo, Ermesinde e Sobrado</s>
    <s>Eleição dos Órgãos Distritais do PSD Porto</s>
    <s>&quot;O Governo que vai mudar o rumo do País&quot;</s>
    <s>PSD Valongo no Facebook</s>
    <s>Outubro 2011</s>
    <s>Setembro 2011</s>
    <s>Agosto 2011</s>
    <s>Julho 2011</s>
    <s>Junho 2011</s>
    <s>Maio 2011</s>
    <s>Abril 2011</s>
    <s>Março 2011</s>
    <s>Fevereiro 2011</s>
    <s>Janeiro 2011</s>
    <s>Novembro 2010</s>
    <s>Outubro 2010</s>
    <s>Setembro 2010</s>
    <s>Julho 2010</s>
    <s>© 2010 PSD - Concelhia de Valongo. Política de Privacidade</s>
  </text>
</page>
