<?xml version="1.0" encoding="UTF-8"?>
<!DOCTYPE page SYSTEM "page.dtd">
<page>
  <lang>pt</lang>
  <url>http://www.angola24.net/ver-noticia/capital-mocambicana-recebe-jogos-africanos</url>
  <title>Capital moçambicana recebe Jogos Africanos</title>
  <snippet>
    <s>2 set. 2011 O comité organizador dos Jogos Africanos de Maputo&#39;2011 realiza hoje, uma conferência de imprensa para falar sobre as questões organizativas e do Programa de emprego de Obama rejeitado pelo Senado americano </s>
  </snippet>
  <text>
    <s>Notas do mundo</s>
    <s>Notas de Angola</s>
    <s>WEB IMAGENS NOTIAS MUSICAS MP3 DOWNLOADS VIDEOS</s>
    <s>!Pesquise nos principais motores de busca mundiais, com um sickPesquise notas, imagens,</s>
    <s>ficheiros para download, vos e musicas em MP3</s>
    <s>Capital mobicana recebe Jogos Africanos</s>
    <s>Criada: Sexta-feira, 02 de Setembro de 2011, arquiva em geral</s>
    <s>!Capital mobicana recebe Jogos Africanos O comitrganizador dos Jogos Africanos de Maputo'2011 realiza hoje, 11h00 locais (10h00 em Angola), no esto do Zimpeto, uma conferia de imprensa para falar sobre as questorganizativas e do programa da cerim de abertura da competi.</s>
    <s>Durante o encontro com os jornalistas nacionais e estrangeiros, Rodney Swigelaar, director regional da Agia Mundial Anti-Doping, vai debru-se sobre o que foi preparado e as novidades. O director regional tem como assistente,Nathalie Bashala.</s>
    <s>O laborat do controlo anti-doping estontado numa das salas do esto do Zimpeto.</s>
    <s>A vila olica apresenta um movimento frenco, com a entrada de vas delegas desportivas, para competirem nos Jogos Africanos, cuja cerim de abertura manho Esto Nacional do Zimpeto com capacidade para 42 mil pessoas. Na vila olica encontram-se js representantes de Angola, ica do Sul, Arga, Egipto, Qua, Lesoto, Mobique, Nama, Niga, Ruanda, Uganda, STom Pripe e Zimbabwe.</s>
    <s>O Comitrganizador dos Jogos de Maputo-2011 (COJA) aguarda a chegada dos restantes pas participantes no maior acontecimento desportivo africano. &quot;As condis smas e o clima daqui mesmo de Angola&quot;, disse ao nosso jornal o pugilista Victor Adriano &quot;Tony Estraga&quot; da delega angolana. A selec de Mobique foi a primeira delega a entrar na vila olica do Complexo Desportivo do Zimpeto, no fim-de-semana passado, seguindo-se depois da Niga.</s>
    <s>Os nigerianos foram a primeira caravana desportiva estrangeira a juntar-se aos anfitrina vila olica, no domingo.</s>
    <s>Veja tambem </s>
    <s>2011-10-17 - UniEuropeia saleis</s>
    <s>2011-10-17 - Presidente Chz em Cuba para fazer exames de saa&gt;</s>
    <s>2011-10-17 - [Junta Militar emite decreto contra discrimina racial</s>
    <s>2011-10-17 - Rebeldes do Boko Haram atacam campo da Pola</s>
    <s>2011-10-17 - Obama evoca Luther King para superar dificuldades</s>
    <s>2011-10-17 - Mudan climcas em conferia na Eti</s>
    <s>2011-10-17 - Indignados mantos protestos</s>
    <s>2011-10-17 - Primeiro-ministro pede que gregos ajudem a evitar uma catrofe</s>
    <s>2011-10-17 - EUA retiram soldados ataneiro</s>
    <s>2011-10-17 - Nas Unidas anunciam sa de tropas no Haiti</s>
    <s>2011-10-17 - Nordeste do Brasil facilita comio</s>
    <s>2011-10-17 - Camponeses recebem fertilizantes em Tchindjendje</s>
    <s>2011-10-17 - Sal com iodo tem o aval do INADEC</s>
    <s>2011-10-17 - Processamento em Mobique com milhares de empregos</s>
    <s>2011-10-17 - Programa de fomento agrla na Hu beneficia duas mil famas associadas</s>
    <s>2011-10-17 - Palestras sobre reforma tributa</s>
    <s>2011-10-17 - Amboim reclama conserva de produtos</s>
    <s>2011-10-17 - U ganha Agia Kixicrto</s>
    <s>2011-10-17 - Pola Econa redobra combate actividades ilegais no Cunene</s>
    <s>2011-10-17 - Produtores agro-pecuos do Namibe mostram pontencialidades na Bibala</s>
    <s>Notas por temas</s>
    <s>Ver todas</s>
    <s>Disponibilizamos no nosso portal vas ferramentas , nomeadamente uma a de downloads, pesquisa de musica angolana. Notas de rica, Angola e Luanda.</s>
    <s>Angola24, todos os direitos reservados.</s>
    <s>Termos de uso |</s>
    <s>Politica Privacidade</s>
  </text>
</page>
