<?xml version="1.0" encoding="UTF-8"?>
<!DOCTYPE page SYSTEM "page.dtd">
<page>
  <lang>pt</lang>
  <url>http://aux.zicklin.baruch.cuny.edu/critical/Portuguesefinal.html</url>
  <title>Portuguese- Conference Info&lt;/head&gt;</title>
  <snippet>
    <s>Os patrocinadores anteriores e participantes da Conferência incluem o Centro para éticas da contabilidade (universidade de Binghamton), a Seção de Interesse </s>
  </snippet>
  <text>
    <s>Portuguese Translation:</s>
    <s>Descri e informa da conferia</s>
    <s>Quinta-feira 25 de Abril - Sdo 27 de Abril de 2002 Baruch College: A universidade da cidade de Nova York</s>
    <s>OBJETIVOS E EA DE AO</s>
    <s>A Conferia 2002 sobre perspectivas crcas em contabilidade, oferece um forum que explora a pesquisa crca em assuntos emergentes da contabilidade e auditoria. Integra funcionos da faculdade, profissionais, os escritores das regras, os estudantes de contabilidade e outros interessados nos assuntos profissionais e regulats das corporas, universidade, governo, e setores financeiros.</s>
    <s>TICOS E TEMAS</s>
    <s>A conferia procura contribuis originais que examinem assuntos organizacionais e sociais da contabilidade, que atualmente se deparam profissionais, educadores, e estudantes. Diversas sess&quot; boutique &quot; estplanejadas, seguindo o gro das conferias precedentes:</s>
    <s>Os seguintes silustrativos, mas nexaustivos, temas gerais da conferia: Prca e ensino; Assuntos de Ra&amp; Multicultura; Poesia da contabilidade; Falhas Institutionais - Lito, Abuso &amp; Competi; Impacto da tecnologia da informa; Auditoria social, Contabilidade &amp; O Estado; Ecologia &amp; Contabilidade Verde; Relas Do Gro &amp; Teorias Feministas; Globaliza &amp; Assuntos Internacionais; Hists crcas - Auditoria como o digo social; Assuntos do Setor po e de SaNovas tecnologias em ensino &amp; em prca; Desenvolvimento da Geria da Contabilidade; Regulamento, ajuste do padre mercados de capital; Ethnografia Crca.</s>
    <s>LOCAL E DATAS</s>
    <s>A conferia sernas facilidades da Baruch College de quinta-feira a sdo, 25 a 27 de abril, de 2002, comedo com uma recep e um registo na noite de quinta-feira, e terminando na tarde de sdo (permitindo que os visitantes apreciem a cidade e suas atras no restante do final de semana).</s>
    <s>PRAZO para SUBMISS e Suporte publicito</s>
    <s>Os manuscritos completos, portfolio, os sumos e as propostas do painel sbem-vindos. Todas as submissdevem ser feitas como um anexo, por email (um arquivo), e com o envio do disco de 3.5&quot; atravdo correio regular. Use formato recente do Word ou do Wordperfect. As submissdevem incluir o nome, o endere o email, o telefone, e os ns do FAX de todos os autores, designando o autor correspondente. A submisseita significando que o(s) autor(es) concede a permisspara ter seu trabalho apresentado no website da conferia. Incentivamos submissadiantadas. O fim do prazo 0 de Janeiro de 2002. Os autores seravisados sobre a decisdo painel editorial at5 de Fevereiro de 2002. Uma sele dos manuscritos serublicada em Perspectivas Crcas da Contabilidade (Critical Perspectives on Accounting) e em outros jornais patrocinadores do evento. Os editores do jornal contatarautores independentemente sobre os trabalhos que serconsiderados pelo jornal.</s>
    <s>Os patrocinadores anteriores e participantes da Conferia incluem o Centro para cas da contabilidade (universidade de Binghamton), a Se de Interesse Po e a Se do gro da Associa Americana da Contabilidade (AAA), o Jornal Avan do Interesse Po na Contabilidade, o Forum da Contabilidade , e Contabilidade, Auditoria, e Jornal de Contabilidade (AAAJ ).</s>
    <s>INFORMAO PARA CONTATO:</s>
    <s>Professor Tony Tinker</s>
    <s>Baruch College: Box E-0723</s>
    <s>City University of New York</s>
    <s>17 Lexington Avenue New York, NY 10010</s>
    <s>USA Telefone nos EUA: 646-212-3175 Fax: 646-312-3161</s>
    <s>EMail: Tony Tinker@Baruch.cuny.edu TonyTinker@MSN.com Home</s>
    <s>Translated by: Elida</s>
  </text>
</page>
