<?xml version="1.0" encoding="UTF-8"?>
<!DOCTYPE page SYSTEM "page.dtd">
<page>
  <lang>pt</lang>
  <url>http://www.folharenascer.net/noticias/newscbm_341874/50/</url>
  <title>Notícias :: FOLHA RENASCER - Igreja Renascer em Cristo, Igospel ...</title>
  <snippet>
    <s>FOLHA RENASCER - Igreja Renascer em Cristo, Igospel , artigos bíblicos, cultos ao Sucesso Apostólico é tema no segundo dia da Conferência apostólica .. COMUNICAR ERRO Rejeitado Um ouvinte da rádio Gospel Fm, pertencente a </s>
  </snippet>
  <text>
    <s>FOLHA RENASCER - Igreja Renascer em Cristo, Igospel , artigos bíblicos, cultos ao vivo, filmes online, notícias gospel, renascer hall, O2church, apóstolo Estevam, bispa sonia, renascer,</s>
    <s>Página inicial &gt; Notícias</s>
    <s>Com ministração excepcional, Estevam encerra Conferência</s>
    <s>2011-07-17 19:29</s>
    <s>COMUNICAR ERRO Foto: Estevam ministra no ultimo dia da Conferência Apostólica 2011 Na noite do ultimo sábado, 17 de julho, o apóstolo Estevam encerrou a Conferência Apostólica com uma ministração excepcional. Com base em Romanos 8, Estevam falou sobre o &quot;herdeiro apostólico&quot;: </s>
    <s>Renê cria mal-estar ao chamar bispa Sonia de apóstola</s>
    <s>2011-07-16 20:44</s>
    <s>COMUNICAR ERRO Na Conferência Apostólica realizada na tarde deste sábado, 16 de julho, o apóstolo Renê Terra Nova chamou a bispa Sonia Hernandes de &quot;apóstola do avivamento&quot;. A afirmação de Renê criou mal-estar na liderança da Igreja Renascer em Cristo. Já na reunião da noite, o </s>
    <s>As heresias de Renê Terra Nova na Conferência Apostólica</s>
    <s>2011-07-15 21:32</s>
    <s>COMUNICAR ERRO A participação do patriarca Renê Terra Nova na Conferência apostólica da ultima sexta-feira, 15 de julho, foi um verdadeiro &quot;terrorismo&quot; aos ensinamentos bíblicos. Por orientação de Renê, os participantes da conferência tiveram que repetir por diversas vezes &quot;eu </s>
    <s>Esposa do Kaká afirma que na Renascer aprendeu coisas que não estavam na Bíblia</s>
    <s>2011-07-15 18:47</s>
    <s>COMUNICAR ERRO Celico via erros nas ministrações e na liderança da Igreja Caroline Celico, esposa do jogador Kaká, deu uma entrevista para a coluna de Mônica Bergamo da Folha de São Paulo, falando sobre o que pensa sobre o dízimo e também sobre não estar seguindo a nenhuma </s>
    <s>Sucesso Apostólico é tema no segundo dia da Conferência apostólica</s>
    <s>2011-07-13 23:41</s>
    <s>COMUNICAR ERRO Foto: Apóstolo Patrick, para ele a Igreja não tem membros e sim filhos e filhas O apóstolo Patrick Isaac encerrou, nesta quarta-feira, a segunda noite de ministrações da Conferência Apostólica, que acontece nesta semana no Ginásio da Portuguesa, em São Paulo. Ele </s>
    <s>Conferência apostólica fica abaixo do esperado</s>
    <s>2011-07-12 22:10</s>
    <s>COMUNICAR ERRO No periodo da tarde o número de pessoas foi ainda menor O primeiro dia da Conferência apostólica que aconteceu na ultima terça-feira, 12 de julho, ficou abaixo do esperado, segundo os oficiais menos de mil pessoas estiveram na reunião do periodo da noite no Ginásio da </s>
    <s>Com acordo, Renascer Santana não será despejada</s>
    <s>2011-07-11 21:00</s>
    <s>COMUNICAR ERRO Renascer faz acordo e dá como garantia terreno em Itapeva A Igreja Renascer em Cristo firmou acordo junto à Ouro Verde Participações proprietária do imovel alugado pela igreja localizado na Avenida General Ataliba Leonel 1155 em Santana. A Renascer pretende </s>
    <s>Rádio Gospel FM continua crescendo em São Paulo</s>
    <s>2011-07-09 22:50</s>
    <s>COMUNICAR ERRO A Gospel Fm vai bem obrigado Depois de anos amargando o anonimato, a falta de profissionalismo e as constantes trocas de frequência, a rádio Gospel Fm emissora pertencente a Igreja Renascer, vem crescendo passando da décima nona posição para décima sétima, tornando-se </s>
    <s>Veja as doze bençãos para o mês de julho</s>
    <s>2011-07-09 21:25</s>
    <s>COMUNICAR ERRO Durante a Ceia de Oficiais do mês de julho, realizada neste sábado, dia 9, no Ginásio da Portuguesa, o apóstolo Estevam Hernandes ministrou sobre a Oferta de Barnabé, basedo no texto de Atos 4.33-36. “Ele entregou tudo, sem reservas, era ordem do Senhor e não de </s>
    <s>Renê Terra Nova o patriarca do século XXI na Conferência Apostólica</s>
    <s>2011-07-08 23:16</s>
    <s>COMUNICAR ERRO O polémico apóstolo Renê Terra Nova que aparece na mídia apenas quando pratica heresias, estará pela primeira vez na Conferência apostólica 2011. Recentemente Renê se auto-intitulou &quot;patriarca&quot; o que revoltou diversos líderes religiosos. Segundo esses líderes os que </s>
    <s>Deputados gays afirmam: A bíblia é um mito</s>
    <s>2011-07-07 21:47</s>
    <s>COMUNICAR ERRO Alguns políticos pró-gays foram flagrados em um evento atacando os cristãos e suas crenças. O vídeo foi divulgado pela FENASP, Frente Evangélica Nacional de Ação Social e Política. Visite: Gospel +, Noticias Gospel, Videos Gospel, Musica Gospel Entre os presentes </s>
    <s>Balada Sky acontece em Agosto no Renascer Hall</s>
    <s>2011-07-07 20:29</s>
    <s>COMUNICAR ERRO Mais uma balada promete agitar a noite da Igreja Renascer em Cristo Mooca. Dia 27 de agosto acontece a balada Sky com a presença das bandas: Ao cubo, Templo Soul, banda do PA e Dj MP7. Os ingressos já estão sendo vendidos no Renascer Hall no valor de R$15 pista e R$30 </s>
    <s>Renascer não cumpre acordo e juiz autoriza força policial</s>
    <s>2011-07-05 20:24</s>
    <s>COMUNICAR ERRO Vergonhoso: Renascer prega prosperidade mas acumula dívidas A administração da Igreja Renascer não cumpriu o acordo de pagamento do aluguel no valor de R$40 mil reais. Segundo ação que tramita na 5ª vara Cível de Santana, a Renascer não cumpriu o acordo de </s>
    <s>Conferência Apostólica começa dia 12 de julho</s>
    <s>2011-07-05 19:57</s>
    <s>COMUNICAR ERRO Do dia 12 à 16 de julho acontece no Ginásio da Portuguesa a Conferência apostólica 2011 com a presença dos apóstolos: Estevam, Renê Terra Nova, Cesar Augusto, Patrik Isaac, profetisa Eliane Isaac, Bispa Sonia e pastor Fadi Faraj. A conferência acontece em três </s>
    <s>Colunista da revista Veja defende evangélicos</s>
    <s>2011-06-27 20:52</s>
    <s>COMUNICAR ERRO O colunista da Folha de São Paulo, Revista Veja e da Rádio CBN, Gilberto Dimenstein, causou polêmica nesta semana ao escrever em seu blog o texto “São Paulo é mais gay ou evangélica?”. Na análise, o jornalista argumenta que “os gays usam a alegria para falar e se </s>
    <s>Gravação do Renascer Praise 17 será em Setembro</s>
    <s>2011-06-26 12:18</s>
    <s>COMUNICAR ERRO Gravação A gravação do CD e DVD Renascer Praise 17 será dia 7 de setembro. O local não foi definido pelos organizadores, entretanto há informações de que a gravação ocorra em Salvador ou São Paulo. Tudo indica que a cidade baiana será a cidade </s>
    <s>Conferência apostólica acontece em Julho</s>
    <s>2011-06-25 13:08</s>
    <s>COMUNICAR ERRO A Conferência Apostólica 2011 acontece nos dias 12 à 16 de julho no Ginásio da Portuguesa em São Paulo com a presença confirmada dos seguintes preletores: Apóstolo Estevam, Bispa Sonia, Apóstolo Patrick Isaac e Profetisa Eliane Isaac, Apóstolo Cesar Algusto e </s>
    <s>Grupo afirma ter sofrido agressões na Marcha para Jesus</s>
    <s>2011-06-24 14:44</s>
    <s>COMUNICAR ERRO Foto: Grupo afirma ter sofrido agressões na Marcha para Jesus Paulo Siqueira líder do Movimento pela Ética Evangélica Brasileira, teólogo, pastor da Igreja Quadrangular e idealista de manifestações contra a Igreja Renascer em Cristo na Marcha para Jesus, afirmou </s>
    <s>5 milhões de pessoas participaram da Marcha para Jesus</s>
    <s>2011-06-23 17:05</s>
    <s>COMUNICAR ERRO Foto: De manhã até o fim da tarde cerca de 5 milhões participaram da Marcha pra Jesus. Portal Terra Segundo os organizadores da Marcha para Jesus, cerca de cinco milhões de pessoas participaram do evento. A Polícia Militar </s>
    <s>Selo em homenagem ao Renê Terra Nova não foi feito pelos Correios</s>
    <s>2011-06-22 18:44</s>
    <s>COMUNICAR ERRO Foto: Renê afirma que selo foi elaborado pelos Correios. Empresa desmente. Diferente do que foi publicado por diversos veículos de comunicação inclusive no site oficial da Igreja Renascer em Cristo, o selo supostamente feito pelos Correios em homenagem aos 50 </s>
    <s>Show do Third Day faz Renascer Hall lotar</s>
    <s>2011-06-19 20:07</s>
    <s>COMUNICAR ERRO Presente Imagem: Third Day no Renascer Hall. Foto: Gilberto Teles / Leonardo Junior / Kamila Emerick O show da banda norte americana Third Day foi um sucesso, mais de 1500 pessoas fizeram parte do 21º aniversário da Rádio Gospel Fm. Apesar do atraso, as pessoas </s>
    <s>Pastor Silas Malafaia estará na Marcha para Jesus em São Paulo</s>
    <s>2011-06-18 14:44</s>
    <s>COMUNICAR ERRO A marcha para Jesus em São Paulo acontece dia 23 de junho com presença garantida do pastor e líder da Assembléia de Deus Vitória em Cristo, Silas Malafáia que também esteve presente na marcha para Jesus no Rio de Janeiro. O trajeto da marcha será o mesmo </s>
    <s>Banda passa vergonha na Marcha para Jesus RJ</s>
    <s>2011-06-17 22:00</s>
    <s>COMUNICAR ERRO Era dia 02 de Junho de 2011 quando a Rádio Gospel FM (empresa do Apóstolo Estevão Hernandes) anunciava a NS4 como a ganhadora da promoção da banda escolhida pelo público para se apresentar na Marcha para Jesus 2011, no Rio de Janeiro. Para nós da Banda NS4, alegria .</s>
    <s>DIP: Pastor é assassinado a tiros na Nigéria</s>
    <s>2011-06-16 21:43</s>
    <s>COMUNICAR ERRO No dia 7 de junho extremistas muçulmanos da seita Boko Haram atiraram contra uma igreja no norte da Nigéria matando o reverendo David Usman, 45 anos, e seu secretário Hamman Andrew. O reverendo Tito Dama Pona, pastor da Igreja Evangélica Vencendo Tudo (ECWA) em </s>
    <s>Christafari nega vinda ao Brasil em junho</s>
    <s>2011-06-14 20:39</s>
    <s>COMUNICAR ERRO Diferente do noticiado pelo Apóstolo Estevam, Christafari não virá ao Brasil Christafari não se apresentará na Marcha para Jesus dia 23 de junho em São Paulo. A Folha Renascer entrou em contato com Kevin McIntyre, assessor da banda, segundo ele o grupo não se </s>
    <s>Mais um bispo deixa Igreja Renascer em Cristo</s>
    <s>2011-06-12 12:56</s>
    <s>COMUNICAR ERRO Deus abençoe Mais um bispo deixa a igreja Renascer, Jefferson ex-presidente da extinta Fundação Renascer decidiu juntamente com sua esposa Bispa Dinalva, sair da Igreja Renascer em Cristo. Pessoas próximas afirmam que a pressão por metas foi um dos motivos. Procurada a </s>
    <s>Leia as doze bençãos para o mês de junho</s>
    <s>2011-06-11 20:59</s>
    <s>COMUNICAR ERRO O apóstolo Estevam Hernandes ministrou sobre a Oferta de Lídia neste sábado, dia 11 de junho, na Ceia de Oficiais realizada no Ginásio da Portuguesa, em São Paulo. “Nós, muitas vezes, não entendemos a importância do nosso dinheiro na Sua obra. Quando nós </s>
    <s>Rádio Vida e Gospel FM são destaques no ibope</s>
    <s>2011-06-11 12:15</s>
    <s>COMUNICAR ERRO A Vida FM 96.5 é novamente mais um dos destaques de audiência do rádio de São Paulo. Na última medição realizada pelo Instituto Ibope na capital paulista, a 96.5 FM superou a marca de 95 mil ouvintes por minuto na média geral (05h-00h, todos os dias e locais), número </s>
    <s>Marcelo Aguiar nega conduta ilícita na Câmara</s>
    <s>2011-06-09 23:18</s>
    <s>COMUNICAR ERRO A assessoria de imprensa do deputado e cantor Marcelo Aguiar, entrou em contato com a Folha Renascer para negar as acusações de conduta ilícita na Câmara dos deputados, confira a notícia: Marcelo Aguiar emprega músicos de sua banda como funcionários </s>
    <s>Rede Globo fará cobertura da Marcha para Jesus em São Paulo</s>
    <s>2011-06-09 14:49</s>
    <s>COMUNICAR ERRO A primeira edição da marcha no Brasil aconteceu em 1993 em São Paulo, naquele ano milhares de pessoas caminharam da Avenida Paulista até o vale do Anhangabaú evidenciando o nome de Jesus, desde então todos os anos os cristãos se reúnem para um ato de expressão </s>
    <s>Marcelo Aguiar emprega músicos de sua banda como funcionários da Câmara</s>
    <s>2011-06-07 20:04</s>
    <s>COMUNICAR ERRO Foto: Marcelo Aguiar Cantor gospel famoso e deputado de primeiro mandato, Marcelo Aguiar (PSC-SP) tem conjugado a vida parlamentar ao ofício de artista religioso. O músico nomeou integrantes de sua banda para os quadros de funcionários da Câmara e usou </s>
    <s>Estado de saúde do Bispo Tid</s>
    <s>2011-06-05 20:19</s>
    <s>COMUNICAR ERRO Diante do Trono A igreja Renascer em Cristo convidou o Ministério Diante do Trono para participar da marcha para Jesus em São Paulo, de acordo com ana Paula Valadão será impossível: &quot; Obrigada pelo carinhoso convite q ns honrou mt Agradeço a compreensão d vcs </s>
    <s>Marcha para Jesus reúne multidão no Rio de Janeiro</s>
    <s>2011-06-04 22:19</s>
    <s>COMUNICAR ERRO Mais de 100 mil pessoas Marcharam para Jesus no Rio Uma multidão participou da Marcha para Jesus, evento organizado por pastores de igrejas evangélicas que começou às 13h. Sete trios elétricos já saíram da central do Brasil em direção à Câmara dos Vereadores, na </s>
    <s>Renascer Santo Amaro pode ser fechada por não pagar aluguel</s>
    <s>2011-06-04 13:37</s>
    <s>COMUNICAR ERRO Uma nova igreja Renascer poderá ser despejada caso a liderança não tome as devidas providências. Com exclusividade a Folha Renascer teve acesso aos processos que estão em andamento na justiça do estado de São Paulo, a Renascer Santo Amaro tem uma dívida que ultrapassa </s>
    <s>Banda de reggae Christafari desembarca no Brasil em Junho</s>
    <s>2011-05-31 20:34</s>
    <s>COMUNICAR ERRO Foi confirmado pelo líder da Igreja Renascer em Cristo, apóstolo Estevam Hernandes, que a banda internacional de reggae Christafari estará na Marcha para Jesus em São Paulo dia 23 de junho. Christafari já esteve na Igreja Renascer em Cristo no ano passado para um evento </s>
    <s>Conferência apostólica acontece em Julho</s>
    <s>2011-05-31 00:12</s>
    <s>COMUNICAR ERRO Reunião Foi divulgado pelo apóstolo Estevam que na segunda semana do mês de julho acontece a Conferência Apostólica 2011 com a presença dos mesmos preletores do ano passado. Marcha Segundo informações a banda de reggae Christafari poderá desembarcar no Brasil dia </s>
    <s>Igreja Renascer realiza Escola Apostólica com palestrantes internacionais</s>
    <s>2011-05-28 19:38</s>
    <s>COMUNICAR ERRO Com o intuito de disseminar a visão apostólica sob fundamentos bíblicos, o CER (Centro de Estudos Renascer) realizará a Escola Apostólica. O curso intensivo será acontecerá de 13 a 17 de junho, das 19h às 21h30, e no dia 18 de junho, das 15h30 às 21h30, </s>
    <s>Show da banda Third Day e Oficina G3 na Igreja Renascer</s>
    <s>2011-05-24 20:09</s>
    <s>COMUNICAR ERRO No aniversário da Rádio Gospel FM a Igreja Renascer fará um show dia 17 de junho com as bandas Oficina G3, Katsbarnea o DJMP7 além das atrações internacionais Kerrie Roberts e Third Day. Os ingressos podem ser adquiridos pela internet no site www.gospelbay.com.br no </s>
    <s>Marcha para Jesus leva 150 mil pessoas as ruas de Curitiba</s>
    <s>2011-05-22 22:38</s>
    <s>COMUNICAR ERRO Foto: Multidão marchando em Curitiba A Caminhada para Jesus, evento anual que reúne as congregações evangélicas de Curitiba cruzou as ruas centrais da Capital a partir das 10 horas do ultimo sábado, 21 de maio. Mais de 150 mil pessoas participam da caminhada, </s>
    <s>Oficina G3 é presença garantida na Marcha para Jesus</s>
    <s>2011-05-20 20:41</s>
    <s>COMUNICAR ERRO Banda confirma presença na Marcha para Jesus dia 23 de junho Com exclusividade a Folha Renascer informa que a banda Oficina G3 se apresenta dia 23 de junho na Marcha para Jesus em São Paulo. A banda retorna ao palco da marcha depois de quase 6 anos longe do </s>
    <s>Vetado reconstrução da Renascer Sede</s>
    <s>2011-05-19 12:55</s>
    <s>COMUNICAR ERRO O Tribunal de Justiça de São Paulo manteve a liminar que proíbe a Igreja Renascer em Cristo a iniciar reconstrução de seu tempo religioso no Cambuci (zona sul de SP). A antiga unidade foi demolida após o teto desabar sobre fiéis, matando nove delas e </s>
    <s>Fim de expediente: Estado de saúde do bispo Tid</s>
    <s>2011-05-15 19:01</s>
    <s>COMUNICAR ERRO Gays I O líder da Igreja Casa da Rocha, ex-bispo da Renascer e ex-deputado, José Bruno afirmou concordar com as leis que criminaliza a homofobia, famosa PL 122: &quot;Eu tenho uma opinião a respeito disso. Pode ser que as pessoas não gostem muito. A PLC 122 tem textos muito </s>
    <s>Gospel FM estreia programa esportivo na segunda-feira</s>
    <s>2011-05-15 18:18</s>
    <s>COMUNICAR ERRO Várias emissoras de São Paulo viram na transmissão de eventos esportivos, principalmente o futebol, o grande filão para conseguir conquistar uma fatia do mercado que vem crescendo, principalmente devido aos eventos que serão realizados no Brasil, como a Copa </s>
    <s>Third Day fará show na Igreja Renascer em junho</s>
    <s>2011-05-14 21:36</s>
    <s>COMUNICAR ERRO Com exclusividade a Folha Renascer informa que a banda Third Day se apresenta dia 17 de junho no Renascer Hall. Segundo informações, o show acontecerá na igreja as 19:00 com entrada gratuita. A banda esteve na Marcha para Jesus de 2009 e cantou seus maiores sucessos .</s>
    <s>Marcha para Jesus no Rio de Janeiro terá o Pastor Silas Malafaia</s>
    <s>2011-05-14 21:17</s>
    <s>COMUNICAR ERRO No sábado, dia 04 de junho, a cidade do Rio de Janeiro que se consolida nessa década como realizadora de grandes eventos mundiais, receberá a maior edição da Marcha para Jesus de todos os tempos no estado. A organização promete realizar um evento histórico e </s>
    <s>Gospel FM se nega a tocar banda Resgate</s>
    <s>2011-05-13 19:22</s>
    <s>COMUNICAR ERRO Rejeitado Um ouvinte da rádio Gospel Fm, pertencente a Igreja Renascer, teve seu pedido negado pela emissora. O ouvinte ligou para a rádio e solicitou uma música da banda Resgate: &quot;Liguei hoje na Gospel pedindo para tocar uma musica da banda Resgate musica esta em que </s>
    <s>Estevam fala sobre perseguição e 25 anos da Renascer</s>
    <s>2011-05-13 18:11</s>
    <s>COMUNICAR ERRO Antes de fundar a Igreja Apostólica Renascer em Cristo, Estevam Hernandes Filho, o apóstolo Estevam, tinha uma promissora carreira na área de vendas e marketing. Chegou a ocupar cargos de destaque em empresas como Itautec e Xerox, mas, no final dos anos 80, o que nasceu </s>
    <s>Estevam diz: A marcha é patrimônio do Corpo de Cristo</s>
    <s>2011-05-13 00:11</s>
    <s>COMUNICAR ERRO O primeiro café da Confederação das Igrejas Evangélicas Apostólicas do Brasil (CIEAB) de 2011 teve como tema central a “Marcha Para Jesus”, caminhada que acontece em São Paulo no dia 23 de junho. Cerca de 800 pessoas lotaram o auditório do Renascer Hall para </s>
    <s>Bancada evangélica barra votação de lei gay</s>
    <s>2011-05-13 00:02</s>
    <s>COMUNICAR ERRO O projeto de Lei 122/2006 seria votado nesta manhã pela Comissão de Direitos Humanos do Senado, mas a pressão da bancada evangélica fez com que a votação fosse adiada sem previsão de ser retomada. Alguns representantes da Frente Parlamentar Evangélica presentes à </s>
    <s>Morre diácono da Igreja Renascer em Cristo</s>
    <s>2011-05-11 22:49</s>
    <s>COMUNICAR ERRO Bruno foi vítima de afogamento no litoral paulista Bruno, um jovem diácono da Igreja Renascer Gianetti de apenas 18 anos foi vítima de afogamento na praia de Peruíbe em São Paulo no dia 30 de abril . Bruno estava brincando na praia em companhia de </s>
    <s>&lt;&lt; &lt; | 2 | | | &gt; &gt;&gt;</s>
    <s>Tv Gospel Rio está com documentação e impostos atrasados</s>
    <s>2011-10-17 17:17</s>
    <s>COMUNICAR ERRO A Rede Gospel de Televisão no Rio de Janeiro está fora do ar há um mês. Segundo </s>
    <s>Marcha para Jesus em São Bernardo reúne 6 mil pessoas</s>
    <s>2011-10-16 20:25</s>
    <s>COMUNICAR ERRO Foto: Marcha para Jesus agita São Bernardo Nem a chuva espantou os fiéis, e </s>
    <s>Ateus em cheque: comprovada existência de instinto moral em bebês</s>
    <s>2011-10-16 19:11</s>
    <s>COMUNICAR ERRO A Folha de S. Paulo publicou em sua edição de ontem, 11 de outubro, uma matéria </s>
    <s>Canzion Brasil contrata Oseas Silva do Renascer Praise</s>
    <s>2011-10-14 22:48</s>
    <s>COMUNICAR ERRO Conhecido pelos sucessos no grupo Renascer Praise, como </s>
    <s>Igreja Renascer projeta crescimento nos próximos anos</s>
    <s>2011-10-12 18:30</s>
    <s>COMUNICAR ERRO Neste feriado de 12 de outubro a Igreja Renascer inaugurou 12 </s>
    <s>Balada Reborn acontece dia 29 de outubro</s>
    <s>2011-10-11 22:31</s>
    <s>COMUNICAR ERRO O O2Church, grupo de jovens da Igreja Renascer, está organizando a balada Reborn dia 29/10 a </s>
    <s>Música de Michel Teló vira tema de culto na Renascer</s>
    <s>2011-10-09 18:27</s>
    <s>COMUNICAR ERRO Fonte: Folha Renascer Sertanejo em culto Você já pensou alguma vez em ouvir a </s>
    <s>Número de processos contra a Igreja Renascer aumenta</s>
    <s>2011-10-08 23:18</s>
    <s>COMUNICAR ERRO Fonte: Folha Renascer Foto: No acampamento de carnaval deste ano, Estevam </s>
    <s>Leia as doze bençãos para o mês de Outubro</s>
    <s>2011-10-08 19:57</s>
    <s>COMUNICAR ERRO Neste ultimo sábado, 8 de outubro, o apóstolo Estevam Miinistrou sobre a oferta </s>
    <s>Renascer Praise é indicado para segunda fase do Trofeu Talento</s>
    <s>2011-10-08 13:00</s>
    <s>COMUNICAR ERRO Das quatro categorias que concorreu, o Renascer Praise passou apenas em </s>
    <s>Sobrinha de Estevam depõe contra José Bruno</s>
    <s>2011-10-06 19:46</s>
    <s>COMUNICAR ERRO Parentes de Estevam e Sonia Hernandes depõe contra o ex-bispo A sobrinha do </s>
    <s>Balada Fantasy com a presença de Edu Ribeiro</s>
    <s>2011-10-05 23:30</s>
    <s>COMUNICAR ERRO A balada Fantasy acontece dia 26 de novembro as 23:00 horas no Renascer Hall em </s>
    <s>Zé Bruno afirma que Bispo Carlinhos está denegrindo seu nome</s>
    <s>2011-10-04 21:38</s>
    <s>COMUNICAR ERRO Após matéria no Jornal O Estado de São Paulo afirmando que Zé Bruno cometeu atos </s>
    <s>Zé Bruno é acusado de participar de esquema quando era deputado</s>
    <s>2011-10-04 18:04</s>
    <s>COMUNICAR ERRO O Pastor Zé Bruno, ex-Bispo Primaz da Igreja Renascer em Cristo e hoje líder da </s>
    <s>Banda do PA grava DVD no Renascer Hall</s>
    <s>2011-10-04 07:57</s>
    <s>COMUNICAR ERRO &quot;Alegria que vem do céu&quot;, este é o título do primeiro dvd da banda do PA. O </s>
    <s>Santa Ceia de Oficiais</s>
    <s>2011-10-02 17:14</s>
    <s>COMUNICAR ERRO Ceia A Santa Ceia de Oficial do mês de outubro acontece dia 8 na Expo </s>
    <s>Guerra judicial termina e Renascer compra emissora carioca</s>
    <s>2011-09-30 20:19</s>
    <s>COMUNICAR ERRO Estevam entra em acordo com antigo proprietário e obtém </s>
    <s>Culto de Obede Edom acontece neste sábado</s>
    <s>2011-09-30 18:55</s>
    <s>COMUNICAR ERRO Foto: Objeto que será entregue aos membros Para consagrar o último </s>
    <s>Bispo Betão salta de Bungee Jumping na África</s>
    <s>2011-09-28 21:08</s>
    <s>COMUNICAR ERRO Audacioso, sábio e inovador esses são alguns dos adjetivos que descrevem o bispo </s>
    <s>Site oficial da Renascer estimula ida em eventos seculares</s>
    <s>2011-09-27 20:20</s>
    <s>COMUNICAR ERRO O site oficial da Igreja Renascer resolveu estimular os </s>
    <s>Todos os artigos</s>
    <s>1 | | | | &gt; &gt;&gt;</s>
    <s>Folha Renascer - Redação</s>
    <s>São Paulo - SP</s>
    <s>!http://www.igospel.org.br/imagesgeral/302888842127207092444916982611383790705756768815650180431084570456 p.jpg</s>
    <s>Atendimento Online</s>
    <s>Cadastre seu email abaixo</s>
    <s>Delivered by FeedBurner</s>
    <s>Faça uma doação</s>
    <s>/&lt;!CDATA[ */ RubicusFrontendIns.addAbsoluteHeaderBlockId('menuzone'); /]&gt; */ /&lt;!CDATA[ */ build menu(); /]&gt; */ /&lt;!CDATA[ */ RubicusFrontendIns.addObserver ({ onContentChange: function () { RubicusFrontendIns.faqInit('faq', 'answerBlock'); build menu(); setContentSize(); }, onStartSlideshow: function() { $('slideshowControl').innerHTML = '&lt;span&gt;Pausa&lt;'+'/span&gt;'; $('slideshowControl').title = 'Pausa a apresentação'; $('slideshowControl').onclick = RubicusFrontendIns.stopSlideshow.bind(RubicusFrontendIns); }, onStopSlideshow: function() { $('slideshowControl').innerHTML = '&lt;span&gt;Apresentação&lt;'+'/span&gt;'; $('slideshowControl').title = 'Inicia a apresentação'; $('slideshowControl').onclick = RubicusFrontendIns.startSlideshow.bind(RubicusFrontendIns); }, onShowImage: function() { if (RubicusFrontendIns.isSlideshowMode()) { $('slideshowControl').innerHTML = '&lt;span&gt;Pausa&lt;'+'/span&gt;'; $('slideshowControl').title = 'Pausa a apresentação'; $('slideshowControl').onclick = RubicusFrontendIns.stopSlideshow.bind(RubicusFrontendIns); } setContentSize(); } }); if (!$('detailScript')) { window.onload = setContentSize; } document.body.onresize = setContentSize; window.onresize = setContentSize; RubicusFrontendIns.addFileToPreload('http://static-cdn3.webnode.com/ system/skins/v4/50000977/img/loading.gif'); RubicusFrontendIns.addFileToPreload('http://static-cdn4.webnode.com/ system/skins/v4/50000977/img/menu hover.png'); RubicusFrontendIns.addFileToPreload('http://static-cdn1.webnode.com/ system/skins/v4/50000977/img/submenu bg.png'); RubicusFrontendIns.addFileToPreload('http://static-cdn2.webnode.com/ system/skins/v4/50000977/img/li.png'); /]&gt; */</s>
    <s>var gaq = gaq || ; gaq.push(' setAccount', 'UA-9640026-3'); gaq.push(' trackPageview'); (function() { var ga = document.createElement('script'); ga.type = 'text/javascript'; ga.async = true; ga.src = ('https:' == RubicusFrontendIns.location.protocol ? 'https://ssl' : 'http://www') + '.google-analytics.com/ga.js'; var s = document.getElementsByTagName('script'); s.parentNode.insertBefore(ga, s); })(); var gaq = gaq || ; gaq.push(' setAccount', 'UA-25940403-1'); gaq.push(' setDomainName', 'folharenascer.net'); gaq.push(' setAllowLinker', true); gaq.push(' trackPageview'); (function() { var ga = document.createElement('script'); ga.type = 'text/javascript'; ga.async = true; ga.src = ('https:' == RubicusFrontendIns.location.protocol ? 'https://ssl' : 'http://www') + '.google-analytics.com/ga.js'; var s = document.getElementsByTagName('script'); s.parentNode.insertBefore(ga, s); })();</s>
    <s>var gaJsHost = ((&quot;https:&quot; == RubicusFrontendIns.location.protocol) ? &quot;https://ssl.&quot; : &quot;http://www.&quot;);document.write(unescape(&quot;%3Cscript src='&quot; + gaJsHost + &quot;google-analytics.com/ga.js' type='text/javascript'%3E%3C/script%3E&quot;));try { var pageTrackerAll = gat. getTracker(&quot;UA-797705-6&quot;); pageTrackerAll. trackPageview(); } catch(err) {};var pageTrackerAllTrackEvent = function(category, action, opt label, opt value) { if (pageTrackerAll) { try { pageTrackerAll. trackEvent(category, action, opt label, opt value);}catch(err){}}};</s>
    <s>&lt;!-- document.write ('&lt;img src=&quot;http://toplist.cz/dot.asp?id=745118&amp;amp;http='+escape(document.referrer)+'&amp;amp;t='+escape(document.title)+'&quot; width=&quot;1&quot; height=&quot;1&quot; border=0 alt=&quot;TOPlist&quot; /&gt;'); //--&gt;</s>
    <s>var gaJsHost = ((&quot;https:&quot; == RubicusFrontendIns.location.protocol ) ? &quot;https://ssl.&quot; : &quot;http://www.&quot;);document.write(unescape(&quot;%3Cscript src='&quot; + gaJsHost + &quot;google-analytics.com/ga.js' type='text/javascript'%3E%3C/script%3E&quot;));try {var userPageTracker = gat. getTracker(&quot;UA-25940403-1&quot;);userPageTracker. trackPageview();} catch (err) {}</s>
  </text>
</page>
