<?xml version="1.0" encoding="UTF-8"?>
<!DOCTYPE page SYSTEM "page.dtd">
<page>
  <lang>en</lang>
  <url>http://en.wikipedia.org/wiki/United_States_House_Committee_on_Financial_Services</url>
  <title>United States House Committee on Financial Services - Wikipedia ...</title>
  <snippet>
    <s>1 History; 2 Current members, 112th Congress; 3 Subcommittees; 4 Chairmen </s>
  </snippet>
  <text>
    <s>United States House Committee on Financial Services</s>
    <s>From Wikipedia, the free encyclopedia</s>
    <s>Jump to: navigation, search</s>
    <s>Meeting of the House Financial Services Committee</s>
    <s>The United States House Committee on Financial Services (also referred to as the House Banking Committee) is the committee of the United States House of Representatives that oversees the entire financial services industry, including the securities, insurance, banking, and housing industries. The Committee also oversees the work of the Federal Reserve, the United States Department of the Treasury, the U.S. Securities and Exchange Commission, and other financial services regulators. It is chaired by Spencer Bachus (R-AL) and the ranking Democrat is Barney Frank (D-MA).</s>
    <s>1 History</s>
    <s>2 Current members, 112th Congress</s>
    <s>3 Subcommittees</s>
    <s>4 Chairmen</s>
    <s>4.1 As Committee on Banking and Currency (1865–1968)</s>
    <s>4.2 As House Committee on Banking, Finance, and Urban Affairs</s>
    <s>4.3 As House Committee on Banking and Financial Services</s>
    <s>4.4 As House Committee on Financial Services (since 2001)</s>
    <s>5 See also</s>
    <s>6 References</s>
    <s>7 External links</s>
    <s>[edit] History</s>
    <s>The committee was once known as the Committee on Banking and Currency. The Banking and Currency Committee was created in 1865 to take over responsibilities previously handled by the Ways and Means Committee. It continued to function under this name until 1968, when it assumed the current name.</s>
    <s>[edit] Current members, 112th Congress</s>
    <s>Majority Minority</s>
    <s>Spencer Bachus, Alabama, Chairman</s>
    <s>Peter T. King, New York</s>
    <s>Ed Royce, California</s>
    <s>Frank Lucas, Oklahoma</s>
    <s>Donald A. Manzullo, Illinois</s>
    <s>Walter B. Jones, North Carolina</s>
    <s>Judy Biggert, Illinois</s>
    <s>Gary Miller, California</s>
    <s>Shelley Moore Capito, West Virginia</s>
    <s>Jeb Hensarling, Texas, Vice Chair</s>
    <s>Scott Garrett, New Jersey</s>
    <s>Randy Neugebauer, Texas</s>
    <s>Patrick McHenry, North Carolina</s>
    <s>John Campbell, California</s>
    <s>Michele Bachmann, Minnesota</s>
    <s>Thaddeus McCotter, Michigan</s>
    <s>Kevin McCarthy, California</s>
    <s>Steve Pearce, New Mexico</s>
    <s>Bill Posey, Florida</s>
    <s>Mike Fitzpatrick, Pennsylvania</s>
    <s>Lynn Westmoreland, Georgia</s>
    <s>Blaine Luetkemeyer, Missouri</s>
    <s>Bill Huizenga, Michigan</s>
    <s>Sean Duffy, Wisconsin</s>
    <s>Nan Hayworth, New York</s>
    <s>Jim Renacci, Ohio</s>
    <s>Robert Hurt, Virginia</s>
    <s>Robert Dold, Illinois</s>
    <s>David Schweikert, Arizona</s>
    <s>Michael Grimm, New York</s>
    <s>Quico Canseco, Texas</s>
    <s>Steve Stivers, Ohio</s>
    <s>Stephen Fincher, Tennessee</s>
    <s>Barney Frank, Massachusetts, Ranking Member</s>
    <s>Maxine Waters, California</s>
    <s>Carolyn B. Maloney, New York</s>
    <s>Luis Gutierrez, Illinois</s>
    <s>Nydia Velázquez, New York</s>
    <s>Mel Watt, North Carolina</s>
    <s>Gary Ackerman, New York</s>
    <s>Brad Sherman, California</s>
    <s>Gregory W. Meeks, New York</s>
    <s>Michael Capuano, Massachusetts</s>
    <s>Ruben Hinojosa, Texas</s>
    <s>William Clay, Jr., Missouri</s>
    <s>Carolyn McCarthy, New York</s>
    <s>Joe Baca, California</s>
    <s>Stephen Lynch, Massachusetts</s>
    <s>Brad Miller, North Carolina</s>
    <s>David Scott, Georgia</s>
    <s>Al Green, Texas</s>
    <s>Emanuel Cleaver, Missouri</s>
    <s>Gwen Moore, Wisconsin</s>
    <s>Keith Ellison, Minnesota</s>
    <s>Ed Perlmutter, Colorado</s>
    <s>Joe Donnelly, Indiana</s>
    <s>André Carson, Indiana</s>
    <s>Jim Himes, Connecticut</s>
    <s>Gary Peters, Michigan</s>
    <s>John Carney, Delaware</s>
    <s>Resolutions electing Republican members (H.Res. 6, H.Res. 33)</s>
    <s>Resolutions electing Democratic members (H.Res. 7, H.Res. 39)</s>
    <s>[edit] Subcommittees</s>
    <s>The Financial Services Committee operates with six subcommittees. This is an increase from five subcommittees in the 110th Congress. The former Domestic and International Monetary Policy, Trade, and Technology Subcommitee has been split into two subcommittees. The jurisdiction over insurance was transferred in 2001 to the then-House Banking and Financial Services Committee from the House Energy and Commerce Committee. Since that time it had been the purview of the Subcommittee on Capital Markets, Insurance and Government Sponsored Enterprises. But &quot;with plans to reform Fannie Mae and Freddie Mac expected to take up much of that panel's agenda, insurance instead was moved to a new Subcommittee on Insurance, Housing and Community Opportunity as of the [112th Congress].&quot;</s>
    <s>Subcommittee Chair Ranking Member</s>
    <s>Capital Markets and Government-Sponsored Enterprises</s>
    <s>Scott Garrett (R-NJ)</s>
    <s>Maxine Waters (D-CA)</s>
    <s>Financial Institutions and Consumer Credit</s>
    <s>Shelley Moore Capito (R-WV)</s>
    <s>Carolyn B. Maloney (D-NY)</s>
    <s>Insurance, Housing and Community Opportunity</s>
    <s>Judy Biggert (R-IL)</s>
    <s>Luis Gutierrez (D-IL)</s>
    <s>Domestic Monetary Policy and Technology</s>
    <s>Ron Paul (R-TX)</s>
    <s>William Clay, Jr. (D-MO)</s>
    <s>International Monetary Policy and Trade</s>
    <s>Gary Miller (R-CA)</s>
    <s>Carolyn McCarthy (D-NY)</s>
    <s>Oversight and Investigations</s>
    <s>Randy Neugebauer (R-TX)</s>
    <s>Michael Capuano (D-MA)</s>
    <s>[edit] Chairmen</s>
    <s>[edit] As Committee on Banking and Currency (1865–1968)</s>
    <s>1920–1931: Louis T. McFadden</s>
    <s>1931–1943: Henry B. Steagall</s>
    <s>1963–1975: Wright Patman</s>
    <s>[edit] As House Committee on Banking, Finance, and Urban Affairs</s>
    <s>1975–1981: Henry S. Reuss</s>
    <s>(as House Committee on Banking, Currency, and Housing from 1975–1977)</s>
    <s>1981–1989: Fernand St. Germain</s>
    <s>1989–1995: Henry B. González</s>
    <s>[edit] As House Committee on Banking and Financial Services</s>
    <s>1995–2001: Jim Leach</s>
    <s>[edit] As House Committee on Financial Services (since 2001)</s>
    <s>2001–2007: Mike Oxley</s>
    <s>2007–2011: Barney Frank</s>
    <s>2011-present: Spencer Bachus</s>
    <s>[edit] See also</s>
    <s>United States Senate Committee on Banking, Housing, and Urban Affairs</s>
    <s>[edit] References</s>
    <s>1. ^ &quot;Chapter 5. Records of the Banking and Currency Committees&quot;. Guide to the Records of the U.S. House of Representatives at the National Archives, 1789-1989 (Record Group 233) . National Archives and Records Administration. http://www.archives.gov/legislative/guide/house/chapter-05.html. Retrieved 26 November 2010.</s>
    <s>2. ^ &quot;Bachus Announces Ranking Members for Subcommittees&quot; (Press release). Committee on Financial Services Republicans. 8 January 2009. http://republicans.financialservices.house.gov/index.php?option=com content&amp;task=view&amp;id=309&amp;Itemid=43. Retrieved 26 November 2010.</s>
    <s>3. ^ Lehmann, R.J. (2011-01-20). &quot;Insurance gets top billing on new House subcommittee&quot;. SNL Financial. Archived from the original on 2011-01-27. http://www.webcitation.org/5w2vompPu. Retrieved 2011-01-27.</s>
    <s>4. ^ &quot;Oxley Chosen as Financial Services Committee Chair&quot;. Insurance Journal . 5 January 2001. http://www.insurancejournal.com/news/national/2001/01/05/13669.htm. Retrieved 26 November 2010.</s>
    <s>5. ^ &quot;House Financial Services Committee Chairman Oxley Announces Retirement&quot;. National Association of Professional Insurance Agents. 8 November 2005.</s>
    <s>[edit] External links</s>
    <s>House Committee on Financial Services Homepage</s>
    <s>v · d · eCurrent United States congressional committees</s>
    <s>Aging (Special) · Agriculture, Nutrition and Forestry · Appropriations · Armed Services · Banking, Housing, and Urban Affairs · Budget · Commerce, Science and Transportation · Energy and Natural Resources · Environment and Public Works · Ethics (Select) · Finance · Foreign Relations · Health, Education, Labor, and Pensions · Homeland Security and Governmental Affairs · Indian Affairs · Intelligence (Select) · Judiciary · Rules and Administration · Small Business and Entrepreneurship · Veterans' Affairs</s>
    <s>Agriculture · Appropriations · Armed Services · Budget · Education and the Workforce · Energy and Commerce · Ethics · Financial Services · Foreign Affairs · Homeland Security · House Administration · Intelligence (Permanent Select) · Judiciary · Natural Resources · Oversight and Government Reform · Rules · Science, Space and Technology · Small Business · Transportation and Infrastructure · Veterans' Affairs · Ways and Means · (Whole)</s>
    <s>Joint (list)</s>
    <s>(Conference) · Deficit Reduction (Select) · Economic · Inaugural Ceremonies (Special) · Library · Printing · Taxation</s>
    <s>Defunct committees</s>
    <s>This United States Congress-related article is a stub. You can help Wikipedia by expanding it. v · d · e</s>
    <s>Retrieved from &quot;http://en.wikipedia.org/w/index.php?title=United States House Committee on Financial Services&amp;oldid=455633959&quot;</s>
    <s>Committees of the United States House of Representatives</s>
    <s>United States Congress stubs</s>
    <s>Personal tools</s>
    <s>Log in / create account</s>
    <s>View history</s>
    <s>Main page</s>
    <s>Featured content</s>
    <s>Current events</s>
    <s>Random article</s>
    <s>Donate to Wikipedia</s>
    <s>About Wikipedia</s>
    <s>Community portal</s>
    <s>Recent changes</s>
    <s>Contact Wikipedia</s>
    <s>What links here</s>
    <s>Related changes</s>
    <s>Upload file</s>
    <s>Special pages</s>
    <s>Permanent link</s>
    <s>Cite this page</s>
    <s>Create a book</s>
    <s>Download as PDF</s>
    <s>Printable version</s>
    <s>This page was last modified on 15 October 2011 at 03:11.</s>
    <s>Text is available under the Creative Commons Attribution-ShareAlike License; additional terms may apply. See Terms of use for details.</s>
    <s>Wikipedia® is a registered trademark of the Wikimedia Foundation, Inc., a non-profit organization.</s>
    <s>Contact us</s>
    <s>Privacy policy</s>
    <s>About Wikipedia</s>
    <s>Mobile view</s>
    <s>Please use the preview button before saving. e)</s>
  </text>
</page>
