<?xml version="1.0" encoding="UTF-8"?>
<!DOCTYPE page SYSTEM "page.dtd">
<page>
  <lang>en</lang>
  <url>http://gprwebserver.com/wlive/tcch/welcome/welcome.htm</url>
  <title>Country Hotel Nottingham, Accommodation, Restaurant, Wedding ...</title>
  <snippet>
    <s>For a memorable country hotel wedding reception, The Country Cottage Hotel Conference and meeting rooms are available in varying sizes with facilities to </s>
  </snippet>
  <text>
    <s>THE Country Cottage</s>
    <s>Hotel &amp; Restaurant</s>
    <s>Suttons Courtyard, Easthorpe Street</s>
    <s>Ruddington, Nottingham. NG11 6LA</s>
    <s>Tel : 0115 984 6882 Fax : 0115 921 4721</s>
    <s>e-mail : cottagehotel@ntlworld.com</s>
    <s>Special Events</s>
    <s>A warm welcome awaits you at your 17th century renovated country hotel accommodation, set in the picturesque village of Ruddington, a few minutes away from the city of Nottingham. For discerning travellers looking for country hotel accommodation near the city of Nottingham, The Country Cottage Hotel &amp; Restaurant is the perfect balance of location and the comfort of natural surroundings With 22 individually designed en-suite rooms of varying size we are sure your stay will be relaxing and invigorating.</s>
    <s>As you would expect with a country hotel there are beautiful grounds surrounding the hotel with picturesque views from your hotel accommodation. The hotel boasts award winning gardens and courtyard to walk around at your leisure during your stay.</s>
    <s>For a memorable country hotel wedding reception, The Country Cottage Hotel can offer the perfect venue with a restaurant to suit up to a 100 guests. After your wedding reception you can choose from one of our honeymoon suites to end your perfect day with hotel accommodation for family or friends to stay if required.</s>
    <s>Why not try some food from one of our award winning Courtyard Restaurants? Menus include luncheon, dinner or our speciality Sunday lunch menu.</s>
    <s>Conference and meeting rooms are available in varying sizes with facilities to suit most business needs, for more information visit our conferences section or you can call or fax us with your requirements.</s>
    <s>We look forward to seeing you.</s>
    <s>Julie &amp; Andrew Sturt.</s>
    <s>The Country Cottage Hotel 2010 |</s>
    <s>Hotel DVD | Enquire about a reservation | Sitemap</s>
    <s>Web Design Solutions: GPR.NET</s>
  </text>
</page>
