<?xml version="1.0" encoding="UTF-8"?>
<!DOCTYPE page SYSTEM "page.dtd">
<page>
  <lang>en</lang>
  <url>http://engagingcities.com/event/2012-international-town-gown-association-7th-annual-university-city-relations-conference</url>
  <title>2012 International Town &amp; Gown Association: 7th Annual University ...</title>
  <snippet>
    <s>2012 International Town &amp; Gown Association: 7th Annual University-City Relations Conference. Event Dates: June 4, 2012 (All day) - June 8, 2012 (All day) </s>
  </snippet>
  <text>
    <s>Hello Visitor!</s>
    <s>Log In or Register</s>
    <s>About Us</s>
    <s>Contact Us</s>
    <s>Share |</s>
    <s>2012 International Town &amp; Gown Association: 7th Annual University-City Relations Conference</s>
    <s>Event Dates: June 4, 2012 (All day) - June 8, 2012 (All day)</s>
    <s>Eastern Kentucky University and the City of Richmond will host the International Town and Gown Association's seventh annual University-City Relations Conference in 2012.</s>
    <s>Conference planners expect the event, scheduled for June 4-8, will attract at least 400 attendees, representing educational institutions and communities from throughout the U.S., Canada and several other countries, as well as representatives from institutions and communities in Europe, South America, and Asia with which EKU enjoys exchange agreements. Representatives are also expected from Australia.</s>
    <s>The theme for the 2012 conference is &quot;Town and Gown Partnerships for the Present and Future.&quot;</s>
    <s>Conference sessions will be conducted in the historic Keen Johnson Building and the nearby John Grant Crabbe Library and its Noel Studio for Academic Creativity. The opening reception will be held Monday, June 4, in the Keen Johnson Ballroom. In addition to keynote addresses delivered by leading figures in higher education and community development, breakout sessions and roundtable discussions will focus on a wide variety of topics in economic development, urban planning, student affairs, community relations, law enforcement, bioenergy, education, city/university planning, arts and culture and much more. The final day of the conference will focus on certain aspects of the community and EKU that will be of specific interests to community and higher education leaders.</s>
    <s>The evenings will feature special events designed to allow attendees to capture a flavor of Richmond and Eastern's &quot;Southern Hospitality.&quot; Also as a part of the conference activities, the EKU Center for the Arts (set to open in Fall 2011) will present a joint performance by three classic acts from the early days of rock 'n' roll: The Drifters, The Coasters and The Platters. (The concert will be open to the public as well.)</s>
    <s>Get Full Event Details &gt;&gt;</s>
    <s>Related Terms:</s>
    <s>American Association of State Colleges and Universities</s>
    <s>Eastern Kentucky University</s>
    <s>Eastern Kentucky University</s>
    <s>Eastern Kentucky University</s>
    <s>International Town</s>
    <s>Madison County, Kentucky</s>
    <s>South America</s>
    <s>Southern Association of Colleges and Schools</s>
    <s>Town and gown</s>
    <s>Talk to usWe’d love to hear your stories and perspectives on engaging community planning. Or send us your post ideas and questions -- there are many ways to get involved.</s>
    <s>Follow us on:</s>
    <s>Facebook Twitter Flickr YouTube</s>
    <s>Subscribe to EngagingCities</s>
    <s>Email Address: *</s>
    <s>Latest News</s>
    <s>About Us</s>
    <s>Terms of Use</s>
    <s>Privacy Policy</s>
    <s>Contact Us</s>
    <s>Community Guidelines</s>
    <s>Powered by Phase2 Technology</s>
  </text>
</page>
