<?xml version="1.0" encoding="UTF-8"?>
<!DOCTYPE page SYSTEM "page.dtd">
<page>
  <lang>en</lang>
  <url>http://iatefl.britishcouncil.org/2010/forum/message-all-iatefl-harrogate-presenters-iatefl-conference-committee</url>
  <title>A message to all IATEFL Harrogate Presenters from the IATEFL ...</title>
  <snippet>
    <s>First, we are inviting all the Harrogate Conference presenters to upload their presentations (abstract, PowerPoint presentations, handouts, </s>
  </snippet>
  <text>
    <s>Live Channel</s>
    <s>Roving Reporters</s>
    <s>Harrogate Team</s>
    <s>Home › Forums › Harrogate Online support forums - General news and announcements › Harrogate Presenters: Uploading materials to Harrogate Online</s>
    <s>A message to all IATEFL Harrogate Presenters from the IATEFL Conference Committee</s>
    <s>6 replies Last post</s>
    <s>Sun, 2010-03-14 23:41</s>
    <s>!User offline. Last seen 28 weeks 14 hours ago. Offline</s>
    <s>Joined: 2009-02-05</s>
    <s>Dear Harrogate IATEFL Presenter,</s>
    <s>We hoping that this year the Online Conference coverage – Harrogate Online - will be even more successful than before.</s>
    <s>The Harrogate Online project aims to provide teachers worldwide with an opportunity to share ideas with colleagues before, during and after the conference.</s>
    <s>As a presenter, you have a vital role in the Harrogate Online project.</s>
    <s>First, we are inviting all the Harrogate Conference presenters to upload their presentations (abstract, PowerPoint presentations, handouts, etc.) to the Harrogate Online website.</s>
    <s>Each session will have its own unique webpage on the Harrogate Online website. Users will be able to post comments on each session which will allow you – the presenters - to interact with online delegates via each session page.</s>
    <s>Uploading your session to the Harrogate Online website</s>
    <s>Here are some instructions on how to upload your materials to this website:</s>
    <s>(1) Go to the front page of this website: http://iatefl.britishcouncil.org/2010</s>
    <s>(2) In the top-right of the Harrogate Online homepage, click on</s>
    <s>- Register for an account –</s>
    <s>This takes you to the ‘User account’ page</s>
    <s>If you registered for Cardiff Online last year, you can use the same login details, and if you have forgotten your login details you can request them to be sent to your email.</s>
    <s>(3) Type your name in the user name box and type in your email address</s>
    <s>(4) In the area below ‘apply for a role’, click ‘presenter’.</s>
    <s>Then ‘create new account’</s>
    <s>(5) The Harrogate Online team will then verify this presenter registration request.</s>
    <s>Please note: we apologise in advance for any delay in approving registration requests. Each request is approved manually.</s>
    <s>Once we have approved your account request, you will receive an email with your account details. This email will include your password (which you can change later) and a web link.</s>
    <s>Click on the link to activate your account.</s>
    <s>*Please note: you should save this email as you may need it later if you forget your username or password</s>
    <s>(6) You will now be on your profile page.</s>
    <s>On the right, you will see an ‘Create a session’ button, click the ‘create a session’ button.</s>
    <s>(7) You will now be on the session upload page – please read the information at the top of this page.</s>
    <s>(8) Enter details of your session. Further instructions are provided on the upload page to help you with this process. Please make sure you go through all the tabs (Session details, When and Where, and Associated Documents)</s>
    <s>*Please note (i):</s>
    <s>Presenter names entered on this presentation upload page need to be the user names from this website. When uploading your presentation details, please use your user name as the presenter of the session.</s>
    <s>- If two people are co-presenting your session, you can add more than one name (all session presenters should be registered on the site first)</s>
    <s>- You can come back to this page and edit your session information at any time</s>
    <s>- There is a maximum file size (20MB) for each file you upload</s>
    <s>- If you need to check the abstract you submitted to IATEFL, please refer to your proposal and copy the text you submitted (there is a 60 word limit for your abstract)</s>
    <s>*Please note (ii):</s>
    <s>- If you have any problems with uploading documents or any other information to the Harrogate Online website, please use the ‘contact us’ form on the Harrogate Online website.</s>
    <s>Note: that if you have several attachments, the upload process can take some time. Please don’t close your browser window until the screen refreshes and you see the message: Session XYZ has been created</s>
    <s>We very much hope that you’ll be able to upload your session materials before coming to Harrogate.</s>
    <s>Many thanks,</s>
    <s>The IATEFL Conference Committee and Harrogate Online Team</s>
    <s>Mon, 2010-03-15 10:01</s>
    <s>Martina Emke</s>
    <s>!User offline. Last seen 1 year 26 weeks ago. Offline</s>
    <s>Joined: 2010-03-15</s>
    <s>Thanks for the comprehensive information, Julian, I find it easy to follow and very helpful. :-))</s>
    <s>Wed, 2010-03-17 08:03</s>
    <s>Izzy Orde</s>
    <s>!User offline. Last seen 1 year 26 weeks ago. Offline</s>
    <s>Joined: 2010-03-17</s>
    <s>Yes, thank you. This is very clear Julian.</s>
    <s>PS. Martina, I've seen your doing a poster presentationAnthony and I will definitely come and see you - we're doing a workshop on Thursday afternoon 'Teacher Training Unplugged'. Looking forward to seeing you again!</s>
    <s>Thu, 2010-03-18 01:28</s>
    <s>!User offline. Last seen 28 weeks 14 hours ago. Offline</s>
    <s>Joined: 2009-02-05</s>
    <s>Thanks for the feedback Martina &amp; Izzy - glad the information was useful</s>
    <s>Julian &amp; HO team</s>
    <s>Mon, 2010-03-22 17:04</s>
    <s>!User offline. Last seen 13 weeks 2 days ago. Offline</s>
    <s>Joined: 2009-02-04</s>
    <s>Dear Presenters</s>
    <s>We have noticed that some presentation have more then one document to upload. In order for them to be displayed in the pop up window, you need to enter the name of the document. This can be it's original document name or an user friendly name.</s>
    <s>Easy Steps</s>
    <s>1) Browse your computer for the document</s>
    <s>2) Upload document (Document need to be uploaded before you save your session)</s>
    <s>3) Description: This needs to entered in order for it to be displayed correctly.</s>
    <s>4) Repeat process for other documents.</s>
    <s>This process will enable the visuals do identify various documents on the pop-up session documents window.</s>
    <s>Martin &amp; Harrogate Online team</s>
    <s>Wed, 2010-03-24 22:36</s>
    <s>Latsouck GUEYE</s>
    <s>!User offline. Last seen 1 year 27 weeks ago. Offline</s>
    <s>Joined: 2010-03-23</s>
    <s>Hi all!</s>
    <s>My name is Latsouck GUEYE coming from Sedhiou, in the south of Senegal, West Africa.</s>
    <s>Hope you're all doin' well.</s>
    <s>Thu, 2010-03-25 11:51</s>
    <s>Latsouck GUEYE</s>
    <s>!User offline. Last seen 1 year 27 weeks ago. Offline</s>
    <s>Joined: 2010-03-23</s>
    <s>Dear all!</s>
    <s>Am Latsouck GUEYE, from Senegal,</s>
    <s>Affiliation: Ibou DIALLO High School of Sedhiou.</s>
    <s>Hope you're all having fun.</s>
    <s>My second presentation will be done at the LASIG PCE, on Exploiting Radio News Headlines in Class: 'Building independent and life-long learners in Senegal'.</s>
    <s>Here is the abstract: Using radio News Headlines in Class, the presentation will show ways of building independent and life-long learners within the constrains often facing classrooms in Senegal, such as lack of materials and large classes.</s>
    <s>The presentation will show students at work in groups engaged in collaborative learning, for example &quot; Think-Pair-Share processes. It will describe how the various activities taking place support the development of learner autonomy as the foundation of life-long learning. It will further describe the role of the techer as well as that of the students in the classroom setting.</s>
    <s>Hope you'll like it as well as the one at the conference intitled: Practical swapshop on writing:(From gyidance to autonomy'.</s>
    <s>All the best.</s>
    <s>| | | | | |</s>
    <s>Useful Links</s>
    <s>British Council</s>
    <s>IATEFL Associates</s>
    <s>IATEFL Scholarship Winners</s>
    <s>Conference Programme (PDF)</s>
    <s>Harrogate 2010 Local Organising Committee</s>
    <s>Harrogate Promotion</s>
    <s>How it works</s>
    <s>Twitter Updates</s>
    <s>Contact Us</s>
    <s>Report a Bug</s>
    <s>Latest Images from Flickr</s>
    <s>Search this site:</s>
    <s>Active forum topics</s>
    <s>Teacher less classroom</s>
    <s>Career training</s>
    <s>Good teachers</s>
    <s>ccna training in chennai</s>
    <s>software testing training institutes in chennai</s>
    <s>The Role of Social Networks in Empowering Teacher Education/Training/Supervision</s>
    <s>Motivation strategies for a disinterested set of learners: Share ideas</s>
    <s>Learners Personality Types</s>
    <s>testing in literature</s>
    <s>Should we allow students to use their home laguage in the class ?</s>
    <s>Introductory Messages - say 'hi'</s>
    <s>Why literature?</s>
    <s>Recent comments</s>
    <s>I've never thought of an</s>
    <s>38 weeks 17 hours ago</s>
    <s>I have to say that I know</s>
    <s>38 weeks 19 hours ago</s>
    <s>In my view, a Good teacher</s>
    <s>39 weeks 4 days ago</s>
    <s>I have been fascinated by the</s>
    <s>45 weeks 2 days ago</s>
    <s>dears, I asked Heike,the</s>
    <s>52 weeks 53 min ago</s>
    <s>Salom Mohammad Manasreh, I've</s>
    <s>52 weeks 22 hours ago</s>
    <s>Hi Mohammad Manasreh, I</s>
    <s>1 year 2 days ago</s>
    <s>I believe that creative</s>
    <s>1 year 4 days ago</s>
    <s>Salom MiguelMendoza, @your</s>
    <s>1 year 2 weeks ago</s>
    <s>Salom dear Khalil Zakari and</s>
    <s>1 year 3 weeks ago</s>
    <s>Tweets from Iateflonline</s>
    <s>Twitter Updates</s>
    <s>follow iateflonline on Twitter</s>
    <s>About Us</s>
    <s>Privacy Policy</s>
    <s>Term and conditions</s>
    <s>Please note: The views expressed on this website represent the views of individual web-users and not those of IATEFL or the British Council.</s>
  </text>
</page>
