<?xml version="1.0" encoding="UTF-8"?>
<!DOCTYPE page SYSTEM "page.dtd">
<page>
  <lang>en</lang>
  <url>http://5imdc.wordpress.com/sponsorship/</url>
  <title>Sponsorship « 5imdc.org</title>
  <snippet>
    <s>Download sponsorship form here (fillable PDF file; 120KB). Approximately 400 participants are expected to attend the 2011 conference, including policy and </s>
  </snippet>
  <text>
    <s>5th International Marine Debris Conference</s>
    <s>!Sponsorship Benefits</s>
    <s>To learn more about this opportunity, download our 5IMDC Sponsorship Prospectus:</s>
    <s>High resolution pdf document (PDF file; 13.1MB)</s>
    <s>Low resolution pdf document(PDF file; 942 KB)</s>
    <s>Download sponsorship form here (fillable PDF file; 120KB).</s>
    <s>Government and non-governmental organizations and businesses are invited to help support the Fifth International Marine Debris Conference. By supporting the 5IMDC, your organization will help foster change at a critical time for marine debris issues and be instrumental in establishing the international agenda for marine debris for years to come. The sponsorship opportunities offered are tailored to showcase your organization, demonstrate your commitment to addressing marine debris, and enhance your visibility.</s>
    <s>Connect with Marine Debris Professionals</s>
    <s>Approximately 400 participants are expected to attend the 2011 conference, including policy and decision makers, state and federal coastal and ocean resource managers, local planners, academics from a variety of disciplines, business and industry personnel, teachers, graduate students, engineers, and consultants. Facilitating connections and transcending geographic boundaries and disciplines is a highlight of the conference. Make your connections with colleagues and clients even stronger by attending as a conference sponsor.</s>
    <s>Discover Solutions</s>
    <s>The Fifth International Marine Debris Conference will provide a forum for interdisciplinary education and discussion of issues surrounding marine debris. Speakers debate issues in plenary sessions, creating an awareness of issues, successes, and gaps, and offering opportunities for innovative solutions to problems. In concurrent sessions, attendees share cutting-edge research and strategies, sparking new ideas. As a sponsor, you can attend and participate in the discovery.</s>
    <s>Promote Your Organization’s Role in Marine Debris Issues</s>
    <s>Sponsors interested in marine debris issues will have the opportunity to foster dialogue, forge partnerships, and promote communication and education. Conference sponsors will receive highly visible recognition for their support in making the 5IMDC a success. Bring your organization to the center of this dialogue and communicate your expertise to conference participants.</s>
    <s>Sponsor Interaction</s>
    <s>Sponsors have ample opportunity to mingle informally with conference attendees at educational sessions, lunches, and receptions. Highly visible formal recognition will be given to sponsors in all conference materials including the registration packet, final program, conference proceedings, and during individually sponsored events. Lists of sponsors are prominently displayed during the conference. Sponsors of $10,000 and above receive the highest-visibility exhibit spaces.</s>
    <s>Sponsorship Options</s>
    <s>A successful conference cannot be produced without conference sponsorships. Unrestricted funds as charitable donations to Ocean Conservancy (www.oceanconservancy.org) as a 501(c) (3) nonprofit organization have the greatest benefit to both the conference and the sponsor. However, if corporate or government agency giving restrictions apply, sponsorships will be acknowledged as support for the conference within the range of permissible activities. For the types of conference activities and their associated costs, please consider our Sponsorship Opportunities.</s>
    <s>If you are interested in taking advantage of this sponsorship opportunity to help protect our oceans, please contact Kris McElwee or Sarah Morison.</s>
    <s>Kris McElwee NOAA Marine Debris Program</s>
    <s>Phone: +1 (808) 532-3207</s>
    <s>Email: Kris.McElwee@noaa.gov</s>
    <s>Time Zone: Hawaii Standard Time / UCT10</s>
    <s>Sarah Morison</s>
    <s>NOAA Marine Debris Program</s>
    <s>Phone: +1 (301) 713-4248 ext. 120</s>
    <s>Email: Sarah.Morison@noaa.gov</s>
    <s>Time Zone: Eastern Daylight Time / EST5EDT</s>
    <s>Download our Sponsorship Prospectus:</s>
    <s>High resolution pdf document (PDF file; 13.1MB)</s>
    <s>Low resolution pdf document (PDF file; 942KB)</s>
    <s>Twitter Updates</s>
    <s>Saving corals and tackling marine debris in Puerto RicoFind out more at http://t.co/MjAG3gAy. 1 week ago</s>
    <s>2011 Japan Tsunami Marine Debris Info - http://t.co/SE1WSAN 5 months ago</s>
    <s>5IMDC FaceBook Page</s>
    <s>NOAA Marine Debris Program</s>
    <s>United Nations Environment Programme</s>
    <s>FOR MORE INFORMATION</s>
    <s>For questions regarding the 5IMDC, please email 5imdconf@gmail.com.</s>
    <s>Marine debris is everyone's problem</s>
    <s>More Photos</s>
    <s>5th International Marine Debris ConferencePromote Your Page Too</s>
    <s>Blog at WordPress.com. | Theme: Ocean Mist by Ed Merritt.</s>
    <s>Follow 5imdc.org</s>
    <s>Get every new post delivered to your Inbox.</s>
    <s>Powered by WordPress.com</s>
  </text>
</page>
