<?xml version="1.0" encoding="UTF-8"?>
<!DOCTYPE page SYSTEM "page.dtd">
<page>
  <lang>en</lang>
  <url>http://cssa.ucsd.edu/%3Fpage_id%3D56</url>
  <title>Committees « CSSA</title>
  <snippet>
    <s>The Conference Committee is in charge of helping organize the Annual Cognitive and Bonfire) and think of more social and/or academic events each quarter! </s>
  </snippet>
  <text>
    <s>Current Board Members</s>
    <s>Past Board Members</s>
    <s>In the Spotlight</s>
    <s>The following CSSA committees are groups of students who are dedicated to specific events and topics involving cognitive science.</s>
    <s>Conference Committee</s>
    <s>Committee Chair: Jinny Wong</s>
    <s>Officers: Rosalynn Landazuri, Amanda Sui, Sumeela Hariharan, Young Hui</s>
    <s>The Conference Committee is in charge of helping organize the Annual Cognitive Science Conference at UCSD with the executive board of CSSA.  The next Conference will be in Spring of 2011.</s>
    <s>Download the Application!</s>
    <s>View the Application in PDF</s>
    <s>Public Relations Committee</s>
    <s>Chairs: Stephanie Morgan and Alan Tran</s>
    <s>Officers: Richard Chen and Mitchell Celaya</s>
    <s>This committee works closely with other committees to help advertise and spread the word about CSSA and CSSA events in order to recruit members and help gain interest for sponsorships and professional contacts.</s>
    <s>Download the Application!</s>
    <s>View the Application in PDF</s>
    <s>Professional Network Committee</s>
    <s>Chair: Pratik Pramanik</s>
    <s>Officer: Graham Chuck</s>
    <s>This committee help organize and reach out to the professional industry for career opportunities, fundraising, events, and sponsorships.</s>
    <s>Download the Application!</s>
    <s>View the Application in PDF</s>
    <s>Events Committee</s>
    <s>Chair: Clarice Robenalt</s>
    <s>Officers: Adam Powers and Chris Gauthier</s>
    <s>This committee is responsible for planning and organizing quarterly events for the CSSA.  Members help implement traditional events (Feed the Professor, Pub the Grad, and Bonfire) and think of more social and/or academic events each quarter!</s>
    <s>Download the Application!</s>
    <s>View the Application in PDF</s>
    <s>PI(CS)^2 Committee</s>
    <s>Chair: Kyle Shannon</s>
    <s>Officers: Alan Tran, Rodya Perez, Mandy Wong</s>
    <s>Pi(CS)^2 stands for People Implementing Cognitive Science and Community Service. We are an outreach group to the community. A few examples of what we do: Going to high schools and spreading the word about Cognitive Science at UCSD through presentations, giving lab tours to high school students.  Future projects include fund raising and working on projects to enhance the CogSci department's physical, social, and conceptual spaces. !:)  We need people who have good communication skills, are able to work well in a team, and have a general interest in helping out others.</s>
    <s>Download the Application!</s>
    <s>View the Application in PDF</s>
    <s>(comments disabled)</s>
    <s>Upcoming Events</s>
    <s>October 2011 »</s>
    <s>Events on October 4, 2011</s>
    <s>Officer Meeting (?)</s>
    <s>Starts: October 4, 2011, 5:00 pm</s>
    <s>Ends: October 4, 2011, 5:30 pm</s>
    <s>Location: GBM host</s>
    <s>More details</s>
    <s>FA GBM 1</s>
    <s>Starts: October 4, 2011, 5:30 pm</s>
    <s>Ends: October 4, 2011, 7:30 pm</s>
    <s>Location: TBA</s>
    <s>More details</s>
    <s>Events on October 10, 2011</s>
    <s>Officer Meeting</s>
    <s>Starts: October 10, 2011, 5:00 pm</s>
    <s>Ends: October 10, 2011, 6:00 pm</s>
    <s>Location: CSB 114</s>
    <s>Description: Finalize Fall quarter Calendar</s>
    <s>5:15 meeting with Jaime Pineda, Porter's Pub?</s>
    <s>More details</s>
    <s>Ice Cream Social</s>
    <s>Starts: October 10, 2011, 6:00 pm</s>
    <s>Ends: October 10, 2011, 7:30 pm</s>
    <s>Location: CSB 114</s>
    <s>More details</s>
    <s>Events on October 17, 2011</s>
    <s>Officer Meeting</s>
    <s>Starts: October 17, 2011, 5:00 pm</s>
    <s>Ends: October 17, 2011, 6:00 pm</s>
    <s>Location: CSB 114</s>
    <s>More details</s>
    <s>Events on October 21, 2011</s>
    <s>Starts: October 21, 2011, 4:00 pm</s>
    <s>Ends: October 21, 2011, 8:00 pm</s>
    <s>Location: La Jolla Shores</s>
    <s>More details</s>
    <s>Events on October 24, 2011</s>
    <s>Officer Meeting</s>
    <s>Starts: October 24, 2011, 5:00 pm</s>
    <s>Ends: October 24, 2011, 6:00 pm</s>
    <s>Location: CSB 114</s>
    <s>More details</s>
    <s>Events on October 26, 2011</s>
    <s>Pub The Grad</s>
    <s>Starts: October 26, 2011, 6:00 pm</s>
    <s>Ends: October 26, 2011, 7:00 pm</s>
    <s>Location: The Pub</s>
    <s>Description: Principle Members meet 30 min prior</s>
    <s>Andrew; Esther; Luke; Jamie</s>
    <s>More details</s>
    <s>Events on October 31, 2011</s>
    <s>Officer Meeting</s>
    <s>Starts: October 31, 2011, 5:00 pm</s>
    <s>Ends: October 31, 2011, 6:00 pm</s>
    <s>Location: CSB 114</s>
    <s>More details</s>
    <s>Flickr Photostream</s>
    <s>Recent Posts</s>
    <s>Invitation to June 15th SandCHI: &quot;Essential Tools for UX Professionals&quot;</s>
    <s>BONFIRE this FRIDAY!RSVP below</s>
    <s>Spring Retreat (Brain Style!)</s>
    <s>Nice little video on the comparsion of Placebos</s>
    <s>GBM+FREE PIZZA+YOU= February 23, 2011, 6pm</s>
    <s>Recent Comments</s>
    <s>CSSA Website</s>
    <s>June 2011</s>
    <s>May 2011</s>
    <s>April 2011</s>
    <s>February 2011</s>
    <s>January 2011</s>
    <s>November 2010</s>
    <s>(C) 2011 CSSA.</s>
    <s>CSSA thanks AddictionSearch.com, a provider of Drug Treatment Centers for helping to fund our semesters events. They help to find the right drug rehab center or alcohol rehab facility. Also be sure to look out our for, Incontinence Information answers your questions and helps you find the supplies you need and check out the Barcelona Hotel list to find great rates in Spain.</s>
    <s>*S: Sunday</s>
    <s>*M: Monday</s>
    <s>*T: Thursday</s>
    <s>*W: Wednesday</s>
    <s>*F: Friday</s>
  </text>
</page>
