<?xml version="1.0" encoding="UTF-8"?>
<!DOCTYPE page SYSTEM "page.dtd">
<page>
  <lang>en</lang>
  <url>http://acvc.org/</url>
  <title>Atlantic Coast Veterinary Conference</title>
  <snippet>
    <s>Atlantic City Convention Center, Atlantic City, NJ proceedings access ( excludes Practice Registrations); FREE CD copy of the conference proceedings ( also </s>
  </snippet>
  <text>
    <s>October 10 13, 2011</s>
    <s>Atlantic City Convention Center, Atlantic City, NJ</s>
    <s>Offering the BEST VALUE in Veterinary Continuing Education</s>
    <s>Venue / Hotel</s>
    <s>LATEST NEWS</s>
    <s>2011 ACVC Online Proceedings Access is Now Available</s>
    <s>Special Offers Exclusively for ACVC attendees at Il Mulino!</s>
    <s>Online registration has officially opened Click here to Register</s>
    <s>Download the 2011 ACVC Registration Brochure</s>
    <s>Vet and Tech/Mgmt Program grids are now available. Download them here!</s>
    <s>2010 Conference</s>
    <s>Details from the 2010</s>
    <s>Conference - Click here</s>
    <s>2009 Conference</s>
    <s>Need details from the 2009 Conference? Click here</s>
    <s>2008 Conference</s>
    <s>Need details from the 2008 Conference? Click here</s>
    <s>ONLINE REGISTRATION IS NOW CLOSED. ON-SITE REGISTRATION WILL BE AVAILABLE BEGINNING MONDAY, OCTOBER 10. ON-SITE REGISTRATION HOURS ARE AS FOLLOWS:</s>
    <s>&gt; Monday, October 10th: 4:00 PM to 8:00 PM</s>
    <s>Tuesday, October 11th: 7:00 AM to 5:00 PM</s>
    <s>Wednesday, October 12th: 7:00 AM to 5:00 PM</s>
    <s>Thursday, October 13th: 7:00 AM to 1:30 PM</s>
    <s>Veterinary Program grids</s>
    <s>Complete Veterinary Program Grid (Tuesday-Thursday)</s>
    <s>Tuesday Veterinary Program Grid</s>
    <s>Wednesday Veterinary Program Grid</s>
    <s>Thursday Veterinary Program Grid</s>
    <s>technician/Management/Front Office grids</s>
    <s>Complete Tech/Mgmt/FO Program Grid (Tuesday-Thursday)</s>
    <s>Tuesday Tech/Mgmt/FO Program Grid</s>
    <s>Wednesday Tech/Mgmt/FO Program Grid</s>
    <s>Thursday Tech/Mgmt/FO Program Grid</s>
    <s>OUR MISSION: The intention of the annual Atlantic Coast Veterinary Conference is to provide valuable and pertinent educational information on new techniques and advancements in the veterinary field, with the goal of obtaining Continuing Education Credits for license renewal, as well as creating business collaboration with the veterinary vendor community.</s>
    <s>Dont miss out on what we offer to all of our attendees</s>
    <s>20 RACE approved Continuing Education credits in a relaxed environment, featuring more than 40 of the foremost veterinary speakers across the United States</s>
    <s>Over 150 of the leading suppliers of veterinary goods and services in the Exhibit Hall</s>
    <s>General Session full breakfasts on Tuesday, Wednesday &amp; Thursday</s>
    <s>Tuesday &amp; Wednesday Evening Receptions in Exhibit Hall</s>
    <s>Monday Evening General Session</s>
    <s>Opportunities to talk with our renowned speakers at our Lunch with the Professors</s>
    <s>Pre-conference on-line proceedings access (excludes Practice Registrations)</s>
    <s>FREE CD copy of the conference proceedings (also available in printed version at an additional fee)</s>
    <s>&gt; &gt; Atlantic Coast Veterinary Conference 2008</s>
    <s>390 Amwell Road, Suite 403, Hillsborough, NJ 08844</s>
    <s>Phone (908) 359-1184, Email info@acvc.org</s>
    <s>Web Design by Reichard Computing Solutions, LLC.</s>
  </text>
</page>
