<?xml version="1.0" encoding="UTF-8"?>
<!DOCTYPE page SYSTEM "page.dtd">
<page>
  <lang>en</lang>
  <url>http://growingventuresolutions.com/tags/conference-organizing-distribution</url>
  <title>conference organizing distribution | Growing Venture Solutions - GVS</title>
  <snippet>
    <s>Selecting conference session proposals: popular vote? selection committee? Enhanced conference administration menu; Automated sponsorship sales; Birds </s>
  </snippet>
  <text>
    <s>Skip to Navigation</s>
    <s>Growing Venture Solutions - GVS</s>
    <s>services +</s>
    <s>Conference and event sites</s>
    <s>Usability, content strategy, IA and QA</s>
    <s>Site building</s>
    <s>Time-based support</s>
    <s>Drupal training</s>
    <s>about +</s>
    <s>Working with GVS</s>
    <s>What is Drupal?</s>
    <s>GVS logos</s>
    <s>team +</s>
    <s>Bios and photos</s>
    <s>Join the GVS team</s>
    <s>Search this site:</s>
    <s>Home ›</s>
    <s>conference organizing distribution</s>
    <s>Selecting conference session proposals: popular vote? selection committee?</s>
    <s>Submitted by Greg on Wed, 2011-08-03 16:32</s>
    <s>Planet Drupal</s>
    <s>conference organizing distribution</s>
    <s>I was on the &quot;Ecosystem&quot; track session selection team for Drupalcon London, which motivated me to finally do some more analysis on the traditional pre-selection session voting. Specifically, I wanted to compare the votes a session receives against the evaluations submitted after the conference.</s>
    <s>By the way, if you have the opportunity, I highly suggest going to a Drupalcon; they are always great events.</s>
    <s>Here are some conclusions based on analysis of the evaluation and voting data from DrupalCon Chicago:</s>
    <s>Voting was not a useful predictor of high quality sessions!</s>
    <s>The pre-selected sessions did not fare better in terms of evaluation than the other sessions (though they may have served a secondary goal of getting attendees to sign up earlier).</s>
    <s>We should re-evaluate how we do panels. They tend to get lower scores in the evaluation.</s>
    <s>The number of evaluations submitted increased 10% compared to San Francisco, which seems great (Larry Garfield theorizes it is related to the mobile app, I think there are a lot of factors involved)</s>
    <s>Is voting a good way to judge conference session submissions?</s>
    <s>Drupalcon has historically used a voting and committee system for session selection that is pretty common. This is also the default workflow for sites based on the Conference Organizing Distribution.</s>
    <s>Typical system:</s>
    <s>1. Users register on the site</s>
    <s>2. They propose sessions (and usually there is a session submission cutoff date before voting)</s>
    <s>3. Voting begins: people (sometimes registered users, sometimes limited to attendees) can vote on their favorite sessions</s>
    <s>4. During steps 2 and 3, a session selection committee is encouraging submissions and contacting the session proposers to improve their session descriptions</s>
    <s>Related Project:</s>
    <s>DrupalCon Chicago 2011 Site</s>
    <s>5 comments</s>
    <s>Read more</s>
    <s>COD Beta1 Released, Packed with Features</s>
    <s>Submitted by Ezra on Wed, 2011-07-13 12:27</s>
    <s>Planet Drupal</s>
    <s>conference organizing distribution</s>
    <s>We're excited to announce that COD Beta1 has been released and is loaded with great new features, including:</s>
    <s>Enhanced conference administration menu</s>
    <s>Automated sponsorship sales</s>
    <s>Birds of a Feather scheduling tool</s>
    <s>Automated speaker confirmation and contact</s>
    <s>More granular control over the event registration workflow</s>
    <s>Ability to collect profile information for free events</s>
    <s>Session editing for multiple speakers</s>
    <s>Improved attendee check-in</s>
    <s>Better Ubercart reporting for purchased registrations</s>
    <s>Integration with RegOnline and Etouches</s>
    <s>You can read more about these features on UseCOD.com.</s>
    <s>Login to post comments</s>
    <s>Marketing, beauty, the senses, and Agile at Big Apple Redux 2011</s>
    <s>Submitted by lisa on Wed, 2011-06-01 19:14</s>
    <s>conference organizing distribution</s>
    <s>interaction design</s>
    <s>In May, I had the pleasure of attending the IXDA NYC's &quot;redUX&quot;, showcasing some of the talks from Interaction 11 conference earlier this year (where possible, I've linked to the video from the Interaction 11 session).</s>
    <s>Ray DeLaPena (@rayraydel) did an excellent writeup of the talks in Big Apple Redux Recap, so I'm going to focus on the talks that I could relate to the most (and they were the ones where I captured the most notes).</s>
    <s>Marketing is not a 4 Letter Word by Megan Grocki</s>
    <s>Many folks, particularly designers and developers, have a negative reaction to the word &quot;marketing&quot;.</s>
    <s>Megan says, &quot;Marketing is like matchmaking&quot;. You want people to know about your work, your portfolio, your company or your product. It's a nice little ecosystem where something that is well designed gets promoted, and then you're more likely to get more work like it.</s>
    <s>Who is doing marketing right? The Disney experience is immersive and enchanting and when you get home, they remind you to book your next tripNetflix has great branding and also immersive. It's pretty easy to spend ages in their site rating, reviewing and being shown suggestions for things you might like. I agree with both those examples. Megan also cited Zipcar as a product with excellent user experience.</s>
    <s>Login to post comments</s>
    <s>Read more</s>
    <s>Branding Exercise Leaves Fish Dead, Owl Satisfied, Drupalers sad</s>
    <s>Submitted by Ezra on Fri, 2011-04-01 09:24</s>
    <s>Planet Drupal</s>
    <s>conference organizing distribution</s>
    <s>Drupal Scout</s>
    <s>event management</s>
    <s>A routine branding exercise went awry early Friday in Brooklyn when Growing Venture Solutions performed a &quot;mind map&quot; exercise to aid in the creation of logos for two of their flagship products, the Scout hosted sercurity review service and COD, the Conference Organizing Distribution for Drupal.</s>
    <s>!Drupal Scout Logo!Conference Organizing Distribution logo</s>
    <s>&quot;Connecting to the unintellectualized, visceral, gut responses we get from each logo helps us maximize branding potential so that we can produce marketing collateral that's sure to engage members of our target market segments, helping them to connect to each brand at an emotional level, which results in increased conversions&quot; said social media expert Robert H. McJellyPants. He added, &quot;Tachyon converter beam subspace electron resonance tuning.&quot;</s>
    <s>Unfortunately, while exercise participants were discussing their friendly, communal associations with schools of smiling fish in the COD logo, as well as some of the more stern, defensive associations evoked by the Scout owl logo, the owl took flight and picked up the fish, instantly crushing the fish's vital internal organs with its beak.</s>
    <s>!Scout owl logo eating COD fish logo</s>
    <s>Illustration by Carl Wiedemann.</s>
    <s>Needless to say, participants were horrified at the sudden attack by the owl but impressed by its swift, decisive action in the face of what the owl saw as a potential security risk to its personal website, SupercuteCatsWearingWigsandSmallDressesTailoredEspciallyforCatsNoThisisnotajoke.com/website.</s>
    <s>Login to post comments</s>
    <s>Read more</s>
    <s>DrupalCon Copenhagen wrapup and recovery</s>
    <s>Submitted by lisa on Tue, 2010-09-14 13:49</s>
    <s>Planet Drupal</s>
    <s>conference organizing distribution</s>
    <s>This year's European Drupal conference has sadly come and gone. Ezra Gildesgame, Ben Jeavons, Lisa Rex and Carl Weidemann were in Copenhagen representing Growing Venture Solutions. Here are a few of our highlights. Links to the videos will be added when they are available.</s>
    <s>Theme Preprocess Functions</s>
    <s>Carl presented Theme Preprocess Functions: an Introduction, where he showed a packed room how to bring and flexibility into the hands of the themer. Preprocess functions are a key component of Drupal theming and when first learned, open up a whole new world of possibility. Carl received some positive feedback on the session and hopes to continue to give it at future conferences, adapting it to stay current with future versions of Drupal.</s>
    <s>COD (Conference Organizing Distribution)</s>
    <s>Ezra (our COD ringleader) and Ben co-presented Building Conference &amp; Event Websites in Drupal with COD, with Lisa there to lend support. COD is a Drupal distrubution for building event websites.</s>
    <s>Login to post comments</s>
    <s>Read more</s>
    <s>Drupalcamp Atlanta and best practices for event websites in Drupal</s>
    <s>Submitted by Greg on Wed, 2010-09-01 18:58</s>
    <s>Planet Drupal</s>
    <s>conference organizing distribution</s>
    <s>uc signup</s>
    <s>Drupalcamp Atlanta recently launched their new site for the 2010 Camp. I reviewed some of their features and found it to be a solid site. As the GVS team increases our focus on selling events with Drupal, I wanted to hear more about the backend of the site. So, I got in touch with Brent Ratliff who was the lead developer on the site, to find out how the site was built.</s>
    <s>Adding Signups and Payment to an Event Site: UC Signup</s>
    <s>In 2009, the site was a standard build relying mostly on Views and content types. For 2010 they needed all of the features from the previous year but also needed to charge an entry fee for the event, for individual sponsorships, as well as the ability to submit and vote on sessions. The Atlanta Drupal Users Group decided to base their 2010 site on the acclaimed 2009 Drupalcamp LA site that was released as a zip file. The LA code, updated with new module releases, handled the voting, some nice Views, helpful theme functions, context, and some of the &quot;attendee logic,&quot; but not the e-commerce portion. Brent was familiar with using the UC Node Checkout module for building an event site, but ultimately decided to go with the Ubercart Signup integration module along with Rules and custom hooks to handle workflow. UC Signup allows them to collect profile information from users during checkout and helps keep track of attendees using the Signup module. They also grant roles to users based on which products they have purchased.</s>
    <s>Login to post comments</s>
    <s>Read more</s>
    <s>GVS is now part of Acquia.</s>
    <s>Contact Acquia if you are interested in a Drupal Support or help with any products GVS offered such as the Conference Organizing Distribution (COD).</s>
    <s>We Wrote the Book On Drupal Security:</s>
    <s>contact form</s>
    <s>call us</s>
    <s>Working with GVS</s>
    <s>What is Drupal?</s>
    <s>GVS logos</s>
    <s>Bios and photos</s>
    <s>Join the GVS team</s>
    <s>Latest blog post</s>
    <s>The Economist</s>
    <s>Top Notch Themes</s>
    <s>visit us in nyc</s>
    <s>18 Bridge Street</s>
    <s>Suite 2D</s>
    <s>Brooklyn, NY 11201</s>
    <s>send us mail</s>
    <s>3121 S. Race St.</s>
    <s>Englewood, CO 80113</s>
    <s>All content copyright (C) 2011 GVS.</s>
    <s>GVS blog posts and resources are licensed under a Creative Commons Attribution-ShareAlike 2.5 License.</s>
  </text>
</page>
