<?xml version="1.0" encoding="UTF-8"?>
<!DOCTYPE page SYSTEM "page.dtd">
<page>
  <lang>en</lang>
  <url>http://132.195.116.184/ecmi2010/index.php%3Fpage%3Dsubmission</url>
  <title>ECMI 2010 - Full Paper Submission</title>
  <snippet>
    <s>All authors of accepted abstracts who have properly registered to ECMI2010 All full papers, whether being presented as an invited talk, oral talk, or poster, will be treated equally in the review process of the hardcover post-conference book. </s>
  </snippet>
  <text>
    <s>Full Paper Submission</s>
    <s>Public Lecture</s>
    <s>News &amp; Important Dates</s>
    <s>Accommodation &amp; Travel</s>
    <s>Awards &amp; Grants</s>
    <s>July 26-30, 2010</s>
    <s>[Important Dates]</s>
    <s>General Instructions</s>
    <s>All authors of accepted abstracts who have properly registered to ECMI2010 are encouraged to submit a full paper to ECMI2010, not later than Friday, October 1, 2010</s>
    <s>The full paper should describe original scientific work. Although the full paper is expected to be an extension of the abstract, it can also contain new research and results not presented in the abstract.</s>
    <s>The maximum length of the full paper is 6 pages, including references. (Exception: for invited speakers, including the Anile-ECMI prize winner, the maximum length is 12 pages, for joint papers the maximum length is 10 pages.) Full papers exceeding the maximum length will not be accepted.</s>
    <s>All full papers, whether being presented as an invited talk, oral talk, or poster, will be treated equally in the review process of the hardcover post-conference book.</s>
    <s>Typesetting the Full Paper</s>
    <s>The full paper must be typset with LaTeX using the class file `svmult.cls` by Springer provided below.</s>
    <s>By default, do not use MS Word or any other word processor to typeset your full paper, as it will not be accepted. However, the ECMI2010 Local Organizing Committee offers to convert your MS Word full paper at a fee of 100 EUR + VAT per page of the submitted full paper. The Spinger template `p001.dot` might help you typesetting a MS Word full paper comparable to the LaTeX class svmult. If you have any questions regarding the conversion, please contact the ECMI2010 organizing committee, via email at office ecmi2010@math.uni-wuppertal.de.</s>
    <s>You may use any program to draw figures, but save your figures as Encapsulated Postscript (EPS) files. If you include color pictures, please make sure that a black and white version is available as well, since the book may be published in black and white only. Then, include these EPS figures into your full paper. To generate your bibliography, you may either use LaTeX directly or use BibTeX.</s>
    <s>We provide you below with an example template file `p001.tex` for the full paper. Note that the full paper layout is one-column style, as required by Springer, the prospective publisher of the post-conference proceedings.</s>
    <s>Files to be downloaded:</s>
    <s>You will find below an example template and other necessary files required to generate an example full paper. You may download the required files individually by clicking each file name below:</s>
    <s>the Springer LaTeX class file</s>
    <s>the text body template</s>
    <s>`p001 fig1.eps`</s>
    <s>a figure (EPS file, black and white / color)</s>
    <s>`p001 ref.tex` or `p001 ref.bib`</s>
    <s>a bibliography template for direct use in LaTeX or a bibliography database for BibTeX users</s>
    <s>a ready, printable full paper (which is not required to generate the full paper)</s>
    <s>the Springer BibTeX style file for BibTeX users</s>
    <s>Alternatively, click here to download the file ecmi2010fullpaperfiles.tar.gz containing all seven of the above files, packed and compressed with gzip (zipped tarball).</s>
    <s>To unpack the downloaded zipped tarball on Linux computers, write, on the command line,</s>
    <s>`tar -zxvf ecmi2010fullpaperfiles.tar.gz`</s>
    <s>and press the enter key. If this does not work for you, as may happen on some Unix computers, try</s>
    <s>`gunzip ecmi2010fullpaperfiles.tar.gz`</s>
    <s>`tar -xvf ecmi2010fullpaperfiles.tar`</s>
    <s>Bibliography directly with LaTeX:</s>
    <s>The file `p001.tex` is set to create the bibliography directly by inputing the references contained in `authorref.tex`. Run LaTeX twice to get the cross-references correct, i.e., type `latex p001.tex`</s>
    <s>`latex p001.tex`</s>
    <s>to obtain the dvi file.</s>
    <s>For BibTeX users:</s>
    <s>Edit the last few lines of the file author.tex appropriately, following the instructions there, so that the reference database in authorref.bib is used. Then, to obtain the dvi file with correct cross-referencing, type the following:</s>
    <s>`latex p001.tex`</s>
    <s>`bibtex p001`</s>
    <s>`latex p001.tex`</s>
    <s>`latex p001.tex`</s>
    <s>Viewing the full paper:</s>
    <s>You may view the typeset dvi file (the EPS figures may not appear correctly) by writing</s>
    <s>`xdvi p001.dvi`</s>
    <s>or you may create the pdf file which you may then view with your favourite viewer (acroread, xpdf, kpdf, etc):</s>
    <s>`ldvips -P pdf -o p001.ps p001.dvi`</s>
    <s>`lps2pdf p001.ps`</s>
    <s>`lacroread p001.pdf`</s>
    <s>File-naming convention:</s>
    <s>Your full paper source and pdf files should be named so that they begin with the letter &quot;p&quot; followed by the ID of your contribution as specified in ConfTool followed by the appropriate extension.</s>
    <s>Upload Contribution</s>
    <s>For the time being please upload a pdf file of your full paper using ConfTool. At</s>
    <s>you choose the link &quot;Upload Contribution&quot;.</s>
    <s>If your paper has been accepted for publication we will ask you to submit the full paper source files.</s>
    <s>Copyright Bergische Universitat Wuppertal, AMNA, 2010</s>
    <s>conference office</s>
  </text>
</page>
