<?xml version="1.0" encoding="UTF-8"?>
<!DOCTYPE page SYSTEM "page.dtd">
<page>
  <lang>en</lang>
  <url>http://austria.tribe.net/event/95f31ffe-1b06-4467-930f-ef7923d83420</url>
  <title>Art Conference inviting participants! - Austria - tribe.net</title>
  <snippet>
    <s>Aug 9, 2011 International Conference - Russia, Japan, USA, India, South Africa, Canada, Hawaii, South Korea, Iran Please forward this invitation to your c </s>
  </snippet>
  <text>
    <s>- local favorites</s>
    <s>- miscellaneous</s>
    <s>- services</s>
    <s>- jobs</s>
    <s>- housing</s>
    <s>- for sale</s>
    <s>blog post</s>
    <s>personal message</s>
    <s>create a tribe</s>
    <s>sign in</s>
    <s>remember me</s>
    <s>listings » events » arts »</s>
    <s>Art Conference inviting participants</s>
    <s>129 views since posting on Tue, August 9, 2011 - 11:53 AM</s>
    <s>Date &amp; Time:</s>
    <s>Thursday, August 25, 2011 - Monday, August 29, 2011</s>
    <s>1:00 PM</s>
    <s>International Conference - Russia, Japan, USA, India, South Africa, Canada, Hawaii, South Korea, Iran</s>
    <s>Please forward this invitation to your colleagues - performers, teachers and students</s>
    <s>At the moment there are some places left</s>
    <s>International Conference</s>
    <s>&quot;Performing Arts Between Tradition and Contemporaneity&quot;</s>
    <s>is inviting participants</s>
    <s>August 25 - 29, 2011</s>
    <s>Leitring bei Leibnitz, AUSTRIA</s>
    <s>Accommodation and meals are organized for participants.</s>
    <s>The working language - English.</s>
    <s>To apply for participation, candidates should send brief CV/resume with photo and a cover letter stating the event dates to</s>
    <s>At the moment there are some places with discount</s>
    <s>Special reduced participation fee for groups: 95 EUR per person; for individuals - 150 EUR.</s>
    <s>The fee covers participation in all events of the programme:</s>
    <s>practical workshops, performances, lectures, presentations, discussions.</s>
    <s>CONFERENCE PROGRAMME: practical workshops, presentations, lectures, performances and discussions</s>
    <s>with performing arts experts and teachers from Russia, USA, India, South Africa, Japan, Canada, Hawaii, South Korea and Iran.</s>
    <s>More details: www.iugte.com/projects/co ug/Programme</s>
    <s>IUGTE help to organize comfortable accommodation and meals. Accommodation in shared twin room (two persons share one room with separate beds, shower/wc) is 38 EUR per day including all meals (breakfast, lunch, dinner). Single room is extra 7 EUR per day. The event will take place in Leitring bei Leibnitz, the beautiful town located in the &quot;Green Heart&quot; of Austria, Styria Region. The nearest international airports - Graz and Vienna. The programme will take place in the historic 15th century castle located about 30min drive from Graz Airport.</s>
    <s>PAST EVENTS: www.iugte.com/photo</s>
    <s>Posted by:</s>
    <s>!offline Art Conference</s>
    <s>0 friends</s>
    <s>send to a friend</s>
    <s>flag for review</s>
    <s>best of tribe</s>
    <s>Boston | Chicago | Los Angeles | Miami | New York City | Philadelphia | San Diego | SF Bay Area | Seattle | more cities »</s>
    <s>home | about | why join? | advertise | terms of use | privacy | contact | FAQ</s>
    <s>Copyright (C) 2011 Utah Street Networks, Inc. All rights reserved.</s>
    <s>Portions may be patented and or licensed under U.S. Patent No. 6,175,831.</s>
  </text>
</page>
