<?xml version="1.0" encoding="UTF-8"?>
<!DOCTYPE page SYSTEM "page.dtd">
<page>
  <lang>en</lang>
  <url>http://expopromoter.com/events/131753/konferentsiya_investitsii_v_gorodskuyu_nedvizhimost_finansirovanie_i_perspektivy_2011_2/</url>
  <title>Conference: «INVESTMENTS INTO CITY REAL ESTATE ...</title>
  <snippet>
    <s>Ukraine, Kiev, 40-B Peremohy Ave. One of reasons why people go to Ukraine is participation in the Conference: «INVESTMENTS INTO CITY REAL ESTATE. </s>
  </snippet>
  <text>
    <s>ExpoPromoter combines 82,364 eventsby more than 8,538 event organizers</s>
    <s>Add your Event to ExpoPromoter Network!</s>
    <s>Become an Affiliate Partner and start to earn profit!</s>
    <s>Business Events</s>
    <s>Event Organizers</s>
    <s>! Deutsch</s>
    <s>! Italiano</s>
    <s>! Español</s>
    <s>! Français</s>
    <s>! Čeština</s>
    <s>! Русский</s>
    <s>! 中文</s>
    <s>All Events</s>
    <s>!Conference: «INVESTMENTS INTO CITY REAL ESTATE. FINANCING AND FUTURE PERSPECTIVES.» logo of the conference - Expopromoter</s>
    <s>Conference: «INVESTMENTS INTO CITY REAL ESTATE. FINANCING AND FUTURE PERSPECTIVES.»</s>
    <s>Ukraine, Kiev</s>
    <s>1 - 2 December 2011</s>
    <s>Conference: «INVESTMENTS INTO CITY REAL ESTATE. FINANCING AND FUTURE PERSPECTIVES.»</s>
    <s>Go to the conference's website</s>
    <s>ACCO International, Exhibition Complex</s>
    <s>Ukraine, Kiev, 40-B Peremohy Ave.</s>
    <s>One of reasons why people go to Ukraine is participation in the Conference: «INVESTMENTS INTO CITY REAL ESTATE. FINANCING AND FUTURE PERSPECTIVES.» conference. ExpoPromoter offers you to visit Conference: «INVESTMENTS INTO CITY REAL ESTATE. FINANCING AND FUTURE PERSPECTIVES.», which will take place on 2011, December, 01 in ACCO International, Exhibition Complex, Kiev.</s>
    <s>Organizers did their best to make this conference pleasing and interesting for visitors, and appropriate for participants to be able to present their goods, ideas or services completely and effectively. Visiting Conference: «INVESTMENTS INTO CITY REAL ESTATE. FINANCING AND FUTURE PERSPECTIVES.» you get the possibility to learn about current tendencies, meet your future colleagues, partners and clients. Read about the event, find and book a hotel near its venue using ExpoPromoter.</s>
    <s>Read moreMinimize</s>
    <s>About Conference: «INVESTMENTS INTO CITY REAL ESTATE. FINANCING AND FUTURE PERSPECTIVES.»</s>
    <s>Theme 1: Value of the Ukrainian and Western investment in real estate.</s>
    <s>Topic 2: Investment in Ukraine - a view of the foreign investor.</s>
    <s>Theme 3:Co-investment in development. / A new form of investment in real estate lease-back.</s>
    <s>Topic 4: Investment Climate and &quot;Euro 2012&quot; / What projects (offices / trade / housing) have a preferential right?</s>
    <s>Topic 5: Which banks are willing to provide project funding?How are banks lending portfolio of large investment projects? Selection criteria?</s>
    <s>Topic 6: The cost of high-quality object / Pricing / object payback period - Myths and Reality.</s>
    <s>Topic 7: The Covenant of Cooperation between developers and bankers:trends and specific proposals</s>
    <s>Theme 8: Investments in real estate development VS ready objects.</s>
    <s>Organized by</s>
    <s>Центр Торговых Компетенций</s>
    <s>Contact person:</s>
    <s>- Choose - Afghanistan Åland Islands Albania Algeria American Samoa Andorra Angola Antarctic Antigua and Barbuda Argentina Armenia Aruba Australia Austria Azerbaijan Bahama Islands Bahrain Bangladesh Barbados Belarus Belgium Belize Benin Bermuda Bhutan Bolivia Bosnia and Herzegovina Botswana Bouvet Island Brazil British Indian Ocean Territory British Virgin Islands Brunei Bulgaria Burkina Faso Burundi Cambodia Cameroon Canada Cape Verde Cayman Islands Central African Republic Chad Chile China Christmas Island Cocos Keeling Islands Colombia Comoro Islands Congo Cook Islands Costa Rica Croatia Cuba Cyprus Czech Republic Democratic Republic of the Congo Denmark Djibouti Dominica Dominican Republic East Timor Ecuador Egypt El Salvador Equatorial Guinea Eritrea Estonia Ethiopia Falkland Islands Faroe Islands Fiji Finland France French Guiana French Polynesia French Southern Territories Gabon Gambia Georgia Germany Ghana Gibraltar Greece Greenland Grenada Guadeloupe Guam Guatemala Guernsey Guinea Guinea-Bissau Guyana Haiti Heard and McDonald Islands Honduras Hong Kong Hungary Iceland India Indonesia Iran Iraq Ireland Isle of Man Israel Italy Ivory Coast Jamaica Japan Jersey Jordan Kazakhstan Kenya Kiribati Korea Kosovo Kuwait Kyrgyzstan Laos Latvia Lebanon Lesotho Liberia Libya Liechtenstein Lithuania Luxembourg Macau Macedonia Madagascar Malawi Malaysia Maldives Mali Malta Mariana Islands Marshall Islands Martinique Mauritania Mauritius Mayotte Mayotte Mexico Micronesia Moldova Monaco Mongolia Montenegro Montserrat Morocco Mozambique Myanmar Namibia Nauru Nepal Netherlands Netherlands Antilles New Caledonia New Zealand Nicaragua Niger Nigeria Niue Norfolk Norway Oman Pakistan Palau Palestinian Territories Panama Papua New Guinea Paraguay Peru Philippines Pitcairn Island Poland Portugal Puerto Rico Qatar Reunion Romania Russia Rwanda Saint Barthélemy Saint Helena Saint Kitts and Nevis Saint Lucia Saint Martin Saint Pierre and Miquelon Saint Vincent and the Grenadines Samoa San Marino Sao Tomoe and Principe Saudi Arabia Senegal Serbia Seychelles Sierra Leone Singapore Slovakia Slovenia Solomon Islands Somalia South African Republic South Georgia and the South Sandwich Islands South Korea Spain Sri Lanka Sudan Suriname Svalbard and Jan Mayen Swaziland Sweden Switzerland Syria Taiwan Tajikistan Tanzania Thailand Togo Tokelau Tonga Trinidad and Tobago Tunisia Turkey Turkmenistan Turks and Caicos Islands Tuvalu U.S. Minor Outlying Islands U.S. Virgin Islands Uganda Ukraine United Arab Emirates United Kingdom Uruguay USA Uzbekistan Vanuatu Vatican City Venezuela Vietnam Wallis and Futuna Islands Western Sahara Yemen Zambia Zimbabwe</s>
    <s>Request purpose:</s>
    <s>for visiting for possible participation to order advertising in the official catalogue to order advertising materials distribution other</s>
    <s>Your question:</s>
    <s>Ukraine, Kiev, ул.Мечникова 14/1</s>
    <s>+38 044 496 07 82</s>
    <s>People who viewed this event also viewed these </s>
    <s>12 - 16</s>
    <s>12 Oct 2011 16 Oct 2011</s>
    <s>Frankfurt Book Fair</s>
    <s>Germany, Frankfurt am Main</s>
    <s>More info Find hotel Go to the event's website Map</s>
    <s>13 - 16</s>
    <s>13 Oct 2011 16 Oct 2011</s>
    <s>Turkey, Istanbul</s>
    <s>International Medical Products, Laboratory &amp; Hospital Equipment Exhibition</s>
    <s>More info Find hotel Go to the event's website Map</s>
    <s>13 - 16</s>
    <s>13 Oct 2011 16 Oct 2011</s>
    <s>Croatia, Dubrovnik</s>
    <s>More info Find hotel Go to the event's website</s>
    <s>Hosted buyers</s>
    <s>Buyer programs include:</s>
    <s>Free visa invitation</s>
    <s>Hotel discounts</s>
    <s>Transfers to the venue</s>
    <s>and even more </s>
    <s>Modef Expo</s>
    <s>17-23 October 2011</s>
    <s>Intertextile Shanghai Apparel Fabrics</s>
    <s>18-21 October 2011</s>
    <s>China International Trade Fair for Apparel Fabrics and Accessories</s>
    <s>Yapex Building Exhibition</s>
    <s>27-30 October 2011</s>
    <s>International Building and Construction Exhibition</s>
    <s>Vietnam International Shop+Franchise show</s>
    <s>3-5 November 2011</s>
    <s>Korea Food Expo</s>
    <s>9-12 November 2011</s>
    <s>International Food Exhibition</s>
    <s>China Inter Lubric</s>
    <s>16-18 November 2011</s>
    <s>China International Lubricating Oil, Grease and Refining Technology Exhibition</s>
    <s>World Smart Grid Expo</s>
    <s>16-18 November 2011</s>
    <s>Korea International Expo for Smart Grid technologies</s>
    <s>17-19 November 2011</s>
    <s>LED/OLED Application &amp; Technology Show, Digital Signage &amp; KIOSK Show</s>
    <s>« All special offers</s>
    <s>About ExpoPromoter</s>
    <s>Terms of use</s>
    <s>Privacy policy</s>
    <s>Partner centre</s>
    <s>Add event</s>
    <s>Ticketing service</s>
    <s>Hotel Booking</s>
    <s>Buyer Program</s>
    <s>Affiliate Program</s>
    <s>EVENTS BY COUNTRY</s>
    <s>Events in USA</s>
    <s>Events in China</s>
    <s>Events in Italy</s>
    <s>Events in Germany</s>
    <s>Events in France</s>
    <s>Events in Ukraine</s>
    <s>EVENTS BY INDUSTRY</s>
    <s>Building: Technology, Machinery, Materials</s>
    <s>Interior, Decor, Design, Gifts, …</s>
    <s>Tourism, Leisure, Sport</s>
    <s>Food, Drinks, Packaging, Equipment, …</s>
    <s>Fashion, Clothing, Shoes, Fabrics, Leather, …</s>
    <s>Member of</s>
    <s>Copyright © 2008—2011 ExpoPromoter. All rights reserved.</s>
  </text>
</page>
