<?xml version="1.0" encoding="UTF-8"?>
<!DOCTYPE page SYSTEM "page.dtd">
<page>
  <lang>en</lang>
  <url>http://forum.mmaglobal.com/newyorkcity2011/workshops</url>
  <title>Pre-Conference Sessions - New York City 2011 | forum.mmaglobal.com</title>
  <snippet>
    <s>Jun 15, 2011 Come ready for an interactive event with leading industry speakers, panel sessions, case studies demos, and audience participation through </s>
  </snippet>
  <text>
    <s>Upcoming MMA Forums</s>
    <s>October - London October - São Paulo November - Los Angeles</s>
    <s>Sponsorship Opportunites</s>
    <s>Speaking Opportunities</s>
    <s>Mobile Experience Lab</s>
    <s>The Pitch</s>
    <s>Advisory Board</s>
    <s>Past 2011 MMA Forums</s>
    <s>May - Singapore June - New York City</s>
    <s>Mobile Marketing Assoc.</s>
    <s>Pre-Conference Sessions - New York City 2011</s>
    <s>Pre-Conference Sessions</s>
    <s>June 15th, 2011</s>
    <s>Welcome and Introduction</s>
    <s>Michael Becker: Managing Director, North America; Mobile Marketing Association</s>
    <s>The Universal Truths of Mobile Marketing: A Mobile Marketing Association Educational Workshop</s>
    <s>Sponsored by:</s>
    <s>Join us to learn the universal truths of mobile marketing. You'll develop the following:</s>
    <s>An understanding of the mobile consumer and their universal behaviors and attitudes</s>
    <s>A familiarity of the latest mobile capabilities, technologies, standards and guidelines</s>
    <s>Actionable steps on how to develop and execute a successful, industry compliant, mobile marketing strategy</s>
    <s>A roadmap to navigating the mobile marketing ecosystem and a clear understanding of how to engage the players in the industry</s>
    <s>The workshop incorporates hands-on exercises, real-world case studies and actionable insights to help you apply the acquired knowledge immediately within your business. Moreover, it will prepare you for the Mobile Marketing Association Certified Mobile Marketer Course (attendees of this program will receive 50% off the MMA Certification Assessment Test).</s>
    <s>Introduction by:</s>
    <s>Scott Jensen: Vice President of Digital Products; The Weather Channel</s>
    <s>John Arnold: Director of Education; Mobile Marketing Association</s>
    <s>Sponsored Lunch and Presentation</s>
    <s>Ensuring Relevant Consumer Engagement: how Open APIs are Changing the Mobile Marketing Landscape</s>
    <s>Sponsored by:</s>
    <s>The mobile landscape is changing. Today mobile carriers are starting to expose network data via mobile cloud services in order to enable rich, relevant and targeted engagements with consumers. During this lunch, learn how to tap into location, device type, data plan, subscriber profile, billing and related value added carrier services. These services are made available through standard application interfaces to streamline mobile solution development. Neustar will demonstrate, through text messaging and mobile barcode case studies, how the latest industry innovations of mobile cloud computing and access to carrier APIs can drive these relevant consumer engagements.</s>
    <s>Lisa Peterson: Director of Marketing &amp; Business Development; Neustar Intelligent Cloud</s>
    <s>Matthew Valleskey: Director of Marketing, Mobile &amp; Registry Services; Neustar, Inc.</s>
    <s>Advertising, Analytics and App Stores: How to Drive New Revenues through the Mobile Marketing Ecosystem</s>
    <s>Sponsored by:</s>
    <s>Barriers between mobile and web have a habit of collapsing at the same time as internet-ready devices are increasingly transporting massive amounts of data through mobile networks. Carriers, media companies, brands, and other internet stake holders share a simple, common yet conflicting goal: How to create new revenues? The ways in which user data can be collated and exploited to power a variety of revenue models is the theme of this workshop.</s>
    <s>Our discussions will include:</s>
    <s>Markets and trends - figures that really matter? What are other operators / regions doing especially when it comes to user data? And crucially, who is making money?</s>
    <s>The Dawn of New Monetisation Models. Mobile Advertising alone is unlikely to deliver the numbers needed, and neither is the App Store model. We will review and discuss the options available for these two paradigms including freemium, subscription, placement, and various advertising supported models - which models are working and which are clearly not?</s>
    <s>The difference that can be made by razor sharp recommendation and discovery engines in targeted promotions</s>
    <s>Spinning marketing gold from the volumes of user data on an operator's network - fact V fantasy</s>
    <s>You will come away from this workshop with:</s>
    <s>An up to date understanding of the latest industry thinking and innovation in the monetization of mobile data for advertising and apps</s>
    <s>An overall understanding of the challenges to leverage user and usage data as a marketing tool</s>
    <s>A good grasp of where the app store models, mobile advertising models, and the two combined are leading</s>
    <s>Knowledge of real deployments that have worked - and failed - in practice</s>
    <s>Workshop Format</s>
    <s>Come ready for an interactive event with leading industry speakers, panel sessions, case studies demos, and audience participation through facilitated talk-backs. This will be a packed event</s>
    <s>Michael Bayle: Vice President Monetization; Amobee</s>
    <s>Vishal Chordia: Sr. Product Manager; Openwave</s>
    <s>Chris Goswami: Director Strategic Marketing; Openwave</s>
    <s>Patrick Mork: Chief Marketing Officer; GetJar</s>
    <s>Hannu Verkasalo: Chief Executive Officer; Zokem Ltd.</s>
    <s>Roundtable for Brands and Retailers: &quot;Insights into Advanced Mobile Marketing Targeting Strategies and Tactics: The 360 View of Consumer Engagement (Qualified Brands &amp; Retailers Only)</s>
    <s>This workshop is designed to bring together senior marketing leaders in brand and retailer communities to create peer-to-peer discussions and share strategic insights and tactics on what is working and what is not working in mobile marketing across marketing sectors. What are the lessons learned from the trenches? How do brands translate results into ROI? How do we manage and evaluate inventory and how do we as an industry standardize these models? Attendees will have a chance to learn from leading brands, agencies, ad network publishers and analysts in an engaging, interactive environment.</s>
    <s>Roundtable Format</s>
    <s>Part 1: Opening Keynote and Discussion: &quot;State of the Mobile Advertising Industry and Overview of Poynt&quot;. This will be followed by an interactive discussion with the audience to frame the day.</s>
    <s>Part 2: Case Study review: Examples of User Engagement and Measurement. Panel participants to be confirmed.</s>
    <s>BREAK (15 minutes)</s>
    <s>Part 3: Roundtable Breakouts: Five themes/five teams</s>
    <s>Display Advertising -</s>
    <s>Couponing/Daily Deals - Sarah Colwell, E-Prize</s>
    <s>Brand -</s>
    <s>Agency -</s>
    <s>Measurement &amp; Analytics - Discussion themes: CRM/CA, Market Measurement, DSP/SSP/RTB, Privacy, POS</s>
    <s>Part 4: Panel &amp; Group Q&amp;A: Each of the team leaders to discuss overview on small group discussions and closing statement</s>
    <s>Michelle Sklar: Director, Marketing &amp; PR, Europe; Poynt Corporation</s>
    <s>Presenters and Breakout Moderators:</s>
    <s>Michael Boland: Senior Analyst &amp; Program Director; BIA Kelsey Group</s>
    <s>Mark Fiske: Director Business Development Mobile; The GAP</s>
    <s>Margaret Glover-Campbell: VP Marketing &amp; PR; Poynt Corporation</s>
    <s>Matt Kojalo: VP Global Advertising Solutions; Poynt Corporation</s>
    <s>Sara Kowal: Vice President of Innovation; ePrizeJulie Preis: VP, Product Marketing, Mocean Mobile; Mojiva</s>
    <s>Jack Mackin: Senior Manager Business Development; NAVTEQ</s>
    <s>Julie Preis: VP, Product Marketing, Mocean Mobile; Mojiva</s>
    <s>*Attendance to this workshop will be limited to qualified brand, retail and agency executives. Attendee qualification is determined solely by the MMA. Attendance is limited to 50.</s>
    <s>Roundtable: Bringing Mobile Marketing Leadership to the Newspaper &amp; Publishing Industry (Qualified Publishers Only)</s>
    <s>In partnership with: Newspaper Association of America and the Tribune Company</s>
    <s>Sponsored by:</s>
    <s>With nearly half of Americans accessing their local news on a mobile device it is imperative for publishing executives to develop a familiarity of consumer viewpoints surrounding mobile and the needs of brand marketers to engage them within this new medium. In this workshop attendees will learn to:</s>
    <s>leverage the latest mobile capabilities, technologies, standards and guidelines for engaging consumers and driving revenue</s>
    <s>take actionable steps for successfully developing and executing industry compliant, mobile marketing strategies</s>
    <s>navigate the mobile marketing ecosystem and engage the leading industry</s>
    <s>In addition, attendees will have the opportunity to interact with each other to exchange insights and collaborate on strategies for today and the future.</s>
    <s>leverage the best practices for selecting the right mobile measurement and optimization strategy</s>
    <s>Roundtable Format</s>
    <s>Part 1: Open Discussion (Broad Stroke Themes Review)</s>
    <s>Part 2: Keynote and Case Study Review</s>
    <s>Part 3: Roundtable Breakouts: Five teams review themes</s>
    <s>Part 4: Panel and group Q&amp;A</s>
    <s>Andy Vogel: SVP, Digital/Mobile; Tribune Company</s>
    <s>Presenters and Breakout Moderators:</s>
    <s>Lee Durham: President; LSN Mobile</s>
    <s>Angus Frame: Vice President, Digital and Mobile; The Globe and Mail</s>
    <s>Kevin Knowles: VP Product Development, Advanced Solutions and Innovation; First Data</s>
    <s>Joe Lalley: Vice President Digital Products for Global Digital Media; MTV Networks</s>
    <s>Ray Pun: Senior Product Marketing Manager, Mobile, Adobe Omniture Business Unit</s>
    <s>Mike Vangel: Vice President, Client Strategy; TMP Worldwide Advertising &amp; Communications, LLC</s>
    <s>*Attendance to this workshop will be limited to qualified publishing executives and salespeople within the publisher industry. Attendee qualification is determined solely by the MMA. Attendance is limited to 50.</s>
    <s>Privacy | Membership | Contact | About MMA</s>
    <s>(C) 2011 Mobile Marketing Forum</s>
  </text>
</page>
