<?xml version="1.0" encoding="UTF-8"?>
<!DOCTYPE page SYSTEM "page.dtd">
<page>
  <lang>en</lang>
  <url>http://blog.postersession.com/</url>
  <title>postersession | Just another WordPress.com site</title>
  <snippet>
    <s>So the next time you land a trip to the old country to present a scientific poster, be sure you download the free powerpoint template with a vertical orientation. </s>
  </snippet>
  <text>
    <s>Just another WordPress.com site</s>
    <s>Skip to content</s>
    <s>About postersession.com founder Jay Buckley</s>
    <s>&lt;- Older posts</s>
    <s>Research Poster Printing from Mac Files</s>
    <s>Posted on October 6, 2011 by Jay Buckley</s>
    <s>One of our Macs</s>
    <s>We lost a visionary in the industry yesterday with the death of Steve Jobs. The world is different because of his vision, and his achievements are to be admired. I had the opportunity to meet him back in 1981, and it's amazing what he accomplished in his all too short life.</s>
    <s>We see a lot of research posters that are designed on the Mac. It's often the platform of choice in academia and graphic design.</s>
    <s>Those who have taken their Mac research poster files between the Mac and PC platforms have struggled with how things jump around when you go from one to the other. Things just happen differently between the platforms, and something as complicated as a research poster will often display differently.</s>
    <s>We solve this problem by asking you which platform and version of PowerPoint you used when you designed your research poster, and then printing on whichever platform you used with the same version. That gives us reliable resultsIf your research poster printer isn't asking you which version and platform you used, be prepared for things to go crazy on you. Our competition often requires you to send them a pdf, which means that problems with your file become your problem.</s>
    <s>It takes a lot more knowledge, money, and effort to print your files reliably from either platform. We are dedicated to printing your Mac designed poster files properly, and it's one of the reasons we stand above other research poster printers.</s>
    <s>Posted in Scientific Posters | Tagged mac poster templates, mac research poster, macintosh research poster, printing mac poster files | Leave a comment</s>
    <s>Word Poster Templates</s>
    <s>Posted on October 3, 2011 by Jay Buckley</s>
    <s>Research Poster Session</s>
    <s>Every now and then I get someone who wants a poster template for Microsoft Word. Here are the reasons I give them that Word is not such a good program for designing a poster:</s>
    <s>1. Word is made for producing documents, and forces margins on the sides, above, and below whatever you type. You really don't want a foot of white space around your poster, but that's what a Microsoft Word poster would get.</s>
    <s>2. Word will drive you nuts because it wants to fit everything into paragraphs of text. Try moving a picture to the bottom right hand corner of a page, it pops back to wherever Word thinks it should goPowerPoint lets you put things anywhere you want on the page.</s>
    <s>3. If you have Word, you probably have PowerPoint. We've got great templates in PowerPoint that you can download for free. If you don't have PowerPoint, try using Open Office, which you can also download for free. It will open our PowerPoint templates, which are in ppt file format.</s>
    <s>4. Maximum page size in Word is 22″ in either dimension, for PowerPoint it's 56″. The less we scale the page, the better for print quality, so especially for large size posters Microsoft poster templates should be in PowerPoint!</s>
    <s>Posted in Uncategorized | Leave a comment</s>
    <s>Vertical Poster Templates for Free</s>
    <s>Posted on September 28, 2011 by Jay Buckley</s>
    <s>Vertical Poster Template 36×60</s>
    <s>I had a conversation with a customer yesterday, and we were quite a way into our talk when it came out that he was going to Europe to present his research poster.  Most scientific poster sessions in Europe use a vertical poster template, and he had set his up to be horizontal (landscape orientation).  It would be a real mess to go all that way and find your research poster didn't fit on the board!</s>
    <s>So the next time you land a trip to the old country to present a scientific poster, be sure you download the free powerpoint template with a vertical orientation. Careful about sizes too-they are metric over there, and will give you poster dimensions that way. We have free metric templates as well on our web site. Very often you can copy and paste information from your existing poster into a metric template with a minimum of fuss.</s>
    <s>We also have a large library of special size free research poster templates that we have done over the years, and we are happy to send you one if you need it. We'll even design a poster template in a special size for you!</s>
    <s>Posted in Poster Templates | Tagged european poster templates, free research poster templates, free scientific poster templates, vertical poster templates | Leave a comment</s>
    <s>Research Poster Printing</s>
    <s>Posted on September 26, 2011 by Jay Buckley</s>
    <s>Poster Printed by Postersession.com</s>
    <s>There's some fuzzy math going on out there, so I thought I'd set people straight. Somehow they think it's less expensive to print a poster themselves than to buy it from a company that specializes in the printing of research posters.</s>
    <s>People think: I can buy a poster printing machine for $10,000, and then the paper and ink for a 3×5′ research poster will only cost me about $15, where buying the poster costs $75.</s>
    <s>I only wish I made $60 on every $75 scientific poster I soldHere are the things they forget to consider:</s>
    <s>1. Somebody has to spend their time printing the poster. They need to be trained and managed. They get medical, vacation and other benefits. What's your fully costed rate if it takes a half hour?</s>
    <s>2. They need to dedicate space to the printer, the cutting table, the tools, etc.</s>
    <s>3. Someone who has printed posters for years can help your poster be better, both by seeing problems and by fixing them. There's a lot to be said for having an expert looking it over.</s>
    <s>4. You need to buy inventory and make sure it's being replenished.</s>
    <s>5. Are you going to qualify materials so you're sure to get a nice, bright print? How about learning the different setting on your print driver that give you the best color, and often need to be changed when doing things like X-rays?</s>
    <s>6. Print 100 research posters a year on that machine, and over a 5 year life that's $20 per poster. Oh, did I mention that the service contract on the poster printer is $2500 a year? Add another $25 a poster.</s>
    <s>We pay for people, equipment and space, and so does anybody else. At the end of the day, we probably make $10 on a poster, and we earn it!</s>
    <s>Posted in Uncategorized | Leave a comment</s>
    <s>Custom Poster Templates in PowerPoint</s>
    <s>Posted on September 22, 2011 by Jay Buckley</s>
    <s>Custom Poster Template</s>
    <s>Over the last several months, we've generated scientific poster templates for a number of our customers. It seems that hospitals, especially, want to put their brand identity into the scientific posters they produce. We help by generating a scientific poster PowerPoint template using their logo and brand identity look.</s>
    <s>If your corporate marketing types want to extend their brand identities to your scientific posters, give us a call. It is usually not terribly difficult to put together a free poster template that you can then use to design your scientific posters. We'll make sure the colors are rendering properly and that you've got a nice crisp logo. We can talk to your marketing folks and make it happen pretty easily, and we don't charge for it.</s>
    <s>From then on, you can drop your text, charts and graphs, and photos into the custom design poster template and send the file to us for printing. You can be assured that your scientific poster will be printed properly and beautifully. The poster at the right is one done from a PowerPoint poster template, and it looks fantastic!</s>
    <s>Posted in Scientific Posters | Tagged free scintific poster template, poster template powerpoint, scientific poster templates | Leave a comment</s>
    <s>Metric and Special Size Free Poster Templates</s>
    <s>Posted on September 16, 2011 by Jay Buckley</s>
    <s>Free Poster Templates</s>
    <s>When it comes to making a scientific poster in a special size, we can helpOur website posts scientific poster templates in PowerPoint file format in the common sizes we see, including metric size and portait oriented templates that are common in European poster sessions.</s>
    <s>If you can't find your wanted poster template size, give us a call. We've created templates in many special sizes over the years, such as an a0 poster template size, and we can generate one for you if we don't have it already.</s>
    <s>Also on our website are scientific poster examples that our customers have sent us, just to give you an idea of what people have done. Remember that you are welcome to change anything you want on the poster template, we simply provide them as a starting point for your design. Change the backgound, use different headings, we are fine with it!</s>
    <s>If you need some advice about how to design a scientific poster, there are lots of tips right on the poster, as well as in the FAQ section of our website. If you get stuck, feel free to call us, our phone support is always free!</s>
    <s>Posted in Poster Templates, Scientific Posters | Tagged biology posters, chemistry posters, conference posters, physics posters | Leave a comment</s>
    <s>In Stock Foldable Fabric</s>
    <s>Posted on August 11, 2011 by Jay Buckley</s>
    <s>Foldable Fabric poster goes in a box</s>
    <s>Last spring there was a shortage of the fabric for printing our foldable posters. We hate being out of anything, so we worked with our vendor to locate and qualify another supplier. We were successful in doing that, and we never ran out of the material for making your foldable fabric posters. Other people ran out.</s>
    <s>We've just learned that the original supplier is no longer going to offer the material at all, so we are going full steam ahead with the replacement product. We actually like it better, since it can be trimmed more smoothly.</s>
    <s>Rest assured that if the other guys don't have foldable fabric for the busy fall poster season, we will!</s>
    <s>Posted in Scientific Posters | Tagged fabric poster, foldable poster, research poster, scientific poster | Leave a comment</s>
    <s>How Far We've Come…</s>
    <s>Posted on August 3, 2011 by Jay Buckley</s>
    <s>Why we do what we do</s>
    <s>We get so used to the beautiful single piece posters that we print all day that we forget what people used to do. So when I saw this poster at a postersession recently, I had to take a picture of it to remind me of how far we've come in the last 10 years.</s>
    <s>Do you remember when a poster was page size chunks of text, an odd photo, and had hand drawn charts and graphs? It wasn't that long ago.</s>
    <s>Can anyone argue that we aren't doing a better job these days? I would think that it took this student hours to produce all those pieces, and almost as long to get them all arranged on the board. Worst still, it looks like, well, like a kid did it.</s>
    <s>Budgets rear their ugly head, of course. It just seems hard to argue that it wouldn't have been worth $75 to make this presentation more professional. And, the more you value your time, the easier that decision is to make.</s>
    <s>Posted in Scientific Posters | Tagged medical posters, poster session, research posters, Scientific Posters | Leave a comment</s>
    <s>New Matte Laminate for Research Posters</s>
    <s>Posted on June 12, 2011 by Jay Buckley</s>
    <s>New and Old Matte Laminate</s>
    <s>We have recently changed the matte laminate that we use for our research posters, and the new material is a truly better product!</s>
    <s>Our old matte laminate was good for cutting glare, but it reduced the contrast in photos. That was the trade-off we always thought we had to make when going from gloss laminate to matte.</s>
    <s>No longerOur new matte laminate cuts glare better, and keeps the brilliance of colors. It's a totally new technology in poster laminates, and we believe the innovation is a wonderful one. The photo shows the difference between the two laminates, the new material is on the left.</s>
    <s>Best of all, the pricing is the sameThat's right, you get the better product at the same price.</s>
    <s>Posted in Scientific Posters | Tagged laminated posters, poster presentations, research posters, Scientific Posters | 1 Comment</s>
    <s>Cloth Research Posters</s>
    <s>Posted on May 26, 2011 by Jay Buckley</s>
    <s>Fabric Poster</s>
    <s>OK, we've always called them fabric posters. But whether they are called cloth or fabric, these scientific research posters are a breeze to travel with. You get them in a box that's 12×12″ and an inch thick. You can easily put it in your carry on or in your luggage. And, since a carrying tube counts as a carry-on item, the cloth poster can save you money, or at least time waiting for your luggage.</s>
    <s>We've just started using a cardboard core to wrap the cloth poster around, which increases the diameter of poster folds, and makes your poster look even better coming out of the box.</s>
    <s>And, by the way, we still have plenty of fabric, so we can ship your cloth posters the same day if we have your file by noon!</s>
    <s>Posted in Scientific Posters | Tagged cloth posters, fabric posters, foldable posters | Leave a comment</s>
    <s>&lt;- Older posts</s>
    <s>Search for:</s>
    <s>Recent Posts</s>
    <s>Research Poster Printing from Mac Files</s>
    <s>Word Poster Templates</s>
    <s>Vertical Poster Templates for Free</s>
    <s>Research Poster Printing</s>
    <s>Custom Poster Templates in PowerPoint</s>
    <s>October 2011</s>
    <s>September 2011</s>
    <s>August 2011</s>
    <s>June 2011</s>
    <s>May 2011</s>
    <s>April 2011</s>
    <s>March 2011</s>
    <s>February 2011</s>
    <s>January 2011</s>
    <s>December 2010</s>
    <s>August 2010</s>
    <s>June 2010</s>
    <s>May 2010</s>
    <s>April 2010</s>
    <s>March 2010</s>
    <s>February 2010</s>
    <s>January 2010</s>
    <s>December 2009</s>
    <s>Poster Templates</s>
    <s>Scientific Posters</s>
    <s>Log in</s>
    <s>Entries RSS</s>
    <s>Comments RSS</s>
    <s>Postersession News</s>
    <s>Custom Wallpaper from MegaPrint http://t.co/Pmqujn4k constantcontacthttp://www.postersession.com2 weeks ago</s>
    <s>MegaPrint - FTP Changes http://conta.cc/iza1wl via constantcontacthttp://www.postersession.com3 months ago</s>
    <s>@raa8 Make it easyFree templates and expert printing at http://www.postersession.comhttp://www.postersession.com11 months ago</s>
    <s>@chrisjrn Make it easyFree templates and expert printing at http://www.postersession.comhttp://www.postersession.com11 months ago</s>
    <s>@pidgirl Make it easy- free poster templates and expert printing at http://www.postersession.comhttp://www.postersession.com11 months ago</s>
    <s>Filtering is on </s>
    <s>14,136 spam comments blocked by</s>
    <s>Theme: Twenty Ten Blog at WordPress.com.</s>
    <s>Follow postersession</s>
    <s>Get every new post delivered to your Inbox.</s>
    <s>Powered by WordPress.com</s>
    <s>*RSS: Really Simple Syndication</s>
  </text>
</page>
