<?xml version="1.0" encoding="UTF-8"?>
<!DOCTYPE page SYSTEM "page.dtd">
<page>
  <lang>en</lang>
  <url>http://ictde2011.com/page/hotels.html</url>
  <title>TRAVEL ARRANGEMENTS</title>
  <snippet>
    <s>Alternatively, The organizing committee has arranged for an international travel agency to assist conference participants with every aspect of their trip. Al Tayyar </s>
  </snippet>
  <text>
    <s>ABOUT ICTDE</s>
    <s>CONFERENCE THEMES</s>
    <s>KEYNOTE SPEAKERS</s>
    <s>INVITED SPEAKERS</s>
    <s>CONFERENCE PROGRAM</s>
    <s>STEERING COMMITTEE</s>
    <s>ORGANIZING COMMITTEE</s>
    <s>SCIENTIFIC COMMITTEE</s>
    <s>BEST PRACTICE COMMITTEE</s>
    <s>TRAVEL PROGRAMS</s>
    <s>ABOUT JUBAIL &amp; AL ASHA</s>
    <s>TRAVEL ARRANGEMENTS</s>
    <s>CONFERENCE VENUE</s>
    <s>SOCIAL PROGRAM/TOURS</s>
    <s>PROPOSAL SUBMISSION</s>
    <s>PROPOSAL GUIDELINES</s>
    <s>ONLINE SUBMISSION</s>
    <s>INVITATION LETTER</s>
    <s>REGISTER NOW</s>
    <s>OBTAINING YOUR VISA</s>
    <s>ICTDE EXHIBITION</s>
    <s>ABOUT THE EXHIBITION</s>
    <s>FLOOR PLAN</s>
    <s>EXHIBITOR'S LIST</s>
    <s>BOOK YOUR SPACE</s>
    <s>FAQ's FOR VISITORS</s>
    <s>Home Contact Us عربي</s>
    <s>26-30 November 2011</s>
    <s>01-05 Muharram 1433</s>
    <s>JOIN OUR NETWORK</s>
    <s>TRAVEL ARRANGEMENTS</s>
    <s>There are two options for conference participants to meet their travel needs. Participants can book their flights, hotels and transportation directly (using their local travel agency), and the conference organizers will provide support for the issuance of visas (using the form on the Obtaining Your Visa link under the Registration tab on the right side of the page). Alternatively, The organizing committee has arranged for an international travel agency to assist conference participants with every aspect of their trip. Al Tayyar Group will assist participants in their travel arrangements from A to Z. They will assist with making airline reservations, processing visas, arranging accommodations, and facilitating ground transportation upon arrival and departure. In addition, Al Tayyar Group can offer scenic and historical tours for participants who choose to stay on after the conference.</s>
    <s>In addition, recognizing the special circumstances for female visitors to the Kingdom of Saudi Arabia we have arranged for a conference representative to address the specific concerns and questions of female visitors. Ms. Basmah Bushnak can be contacted directly at the following email address: faqs@ictde-2011.com</s>
    <s>!If you are traveling from outside a Gulf Cooperative Council (GCC) country you will need a visa to enter Saudi Arabia. In order to process your visa request and make airline, hotel, and transportation arrangements, please use the link below to go to the Al-Tayyar Group website, fill out the booking and reservation form, submit a scanned copy of your passport, and a representative from Al Tayyar Group will respond shortly with a quotation:</s>
    <s>Note: flight itineraries should be scheduled to arrive at King Fahd International Airport in Dammam (Airport Code: DMM); the closest airport to the conference site.</s>
    <s>InterContinental Jubail Hotel</s>
    <s>00966 3 3417000</s>
    <s>00966 3 3412212</s>
    <s>Click image to zoom</s>
    <s>Karan Hotel</s>
    <s>00966 3 3471144</s>
    <s>00966 3 3471133</s>
    <s>Click image to zoom</s>
    <s>WESTERN PARK COMPOUND</s>
    <s>00966 3 3448888</s>
    <s>00966 3 3448484</s>
    <s>Click image to zoom</s>
    <s>CORAL BEACH HOTEL</s>
    <s>00966 3 3628800</s>
    <s>00966 3 3628788</s>
    <s>Click image to zoom</s>
    <s>Important Links</s>
    <s>Brochure (English)</s>
    <s>Keynote Speakers</s>
    <s>Online Submission</s>
    <s>Best practice guidelines</s>
    <s>Brochure (Arabic)</s>
    <s>MEDIA SPONSORS</s>
    <s>Home | News | About ICTDE | Committies | Travel Programs | ICTDE Exhibition</s>
    <s>visitor counts : 39844</s>
    <s>FAQs | Proposals Submission | Registration | Contact us</s>
  </text>
</page>
