<?xml version="1.0" encoding="UTF-8"?>
<!DOCTYPE page SYSTEM "page.dtd">
<page>
  <lang>en</lang>
  <url>http://ciarastewart.com/tag/2009-emerald-city-writers-conference/</url>
  <title>Ciara Stewart » 2009 Emerald City Writers Conference</title>
  <snippet>
    <s>Mark your calendars for the upcoming Emerald City Writers&#39; Conference Book Fair on October 10th. We have a fabulous list of authors, mostly romance but also </s>
  </snippet>
  <text>
    <s>Posts Tagged '2009 Emerald City Writers Conference'</s>
    <s>30th September</s>
    <s>Seattle Romance Book Fair: October 10, 4:30-6, Bellevue Hilton</s>
    <s>I've been MIA since I'm working hard to finish my manuscript by tomorrow's deadline. At midnight I turn into a pumpkin. Mark your calendars for the upcoming Emerald City Writers' Conference Book Fair on October 10th. We have a fabulous list of authors, mostly romance but also some fantasy. Come join us and be sure to say hi!</s>
    <s>Local Book Fair Offers Opportunity to Chat with Best Selling Authors</s>
    <s>The Greater Seattle Romance Writers of America is sponsoring a Book Fair on October 10, 2009 at the Bellevue Hilton. The event runs from 4:30-6:00 pm in the Skyview Ballroom and includes signing opportunities with the more than fifty best selling and award winning authors listed below. This is a free event and open to the public. A portion of the proceeds will go to support DAWN, the Domestic Abuse Women's Network of King County. The Bellevue Hilton is located at 300 112th Avenue SE in Bellevue, Washington. Their phone number is 425-455-1300.</s>
    <s>!!Cherry Adair</s>
    <s>PJ Alderman</s>
    <s>Elizabeth Amber</s>
    <s>Susan Andersen</s>
    <s>Jenna Bayley Burke</s>
    <s>Hanna Rhys Barnes</s>
    <s>Susan Colleen Browne</s>
    <s>Mary Buckham</s>
    <s>Wendy Burge</s>
    <s>Megan Chance</s>
    <s>Eileen Cook</s>
    <s>Deborah Cooke</s>
    <s>Lacy Danes</s>
    <s>B.J. Daniels</s>
    <s>!!Heather Davis</s>
    <s>Claire Delacroix</s>
    <s>Cait Donnelly</s>
    <s>Robert Dugoni</s>
    <s>Bonnie Edwards</s>
    <s>Yasmine Galenorn</s>
    <s>Lisa Hendrix</s>
    <s>Mark Henry</s>
    <s>Lisa Jackson</s>
    <s>Delle Jacobs</s>
    <s>Paty Jager</s>
    <s>Jean Johnson</s>
    <s>Janice Kay Johnson</s>
    <s>Rosemary Jones</s>
    <s>Kris Kennedy</s>
    <s>!!Cindy Kirk</s>
    <s>Anthea Lawson</s>
    <s>Linda Hope Lee</s>
    <s>Anne Lethbridge</s>
    <s>Jennie Lucas</s>
    <s>Susan Lyons</s>
    <s>Kate MacAlister</s>
    <s>Susan Mallery</s>
    <s>Margaret Mallory</s>
    <s>Delilah Marvelle</s>
    <s>Phoebe Matthews</s>
    <s>Bob Mayer</s>
    <s>Terry McLaughlin</s>
    <s>Minette Meador</s>
    <s>!Debra Mullins</s>
    <s>Hannah Murray</s>
    <s>Alexis Morgan</s>
    <s>Jane Porter</s>
    <s>Therese Daly Ramin</s>
    <s>Terri Reed</s>
    <s>Serena Robar</s>
    <s>Gina Robinson</s>
    <s>Jacquie Rodgers</s>
    <s>Gerri Russell</s>
    <s>Jessa Slade</s>
    <s>Shelli Stevens</s>
    <s>Christine Warren</s>
    <s>Susan Wingate</s>
    <s>Linda Wisdom</s>
    <s>Robin Wood</s>
    <s>Michelle Ann Young</s>
    <s>Tags: 2009 Emerald City Writers Conference, author signing, romance book fair, Seattle book fair</s>
    <s>Posted in Book Signings | 1 Comment »</s>
    <s>2nd May</s>
    <s>2009 Emerald City Writers Conference &amp; Contest</s>
    <s>It's that time again: send in your entries to the Emerald City Open (ECO) and sign up for the Emerald City Writer's Conference for fabulous workshops, the chance to dazzle agents and editors, and a rollicking good time with fellow writers. I had a lovely time last year and intend to be there this year too.</s>
    <s>Conference registration begins May 16th.</s>
    <s>ECO contest deadline June 1st.</s>
    <s>Christine Warren at ECWC 2008</s>
    <s>20th Anniversary</s>
    <s>Emerald City Writer's Conference</s>
    <s>Sponsored by the Greater Seattle Romance Writer's of America</s>
    <s>October 9-11, 2009</s>
    <s>Bellevue Hilton</s>
    <s>Bellevue, Washington</s>
    <s>• Editor &amp; Agent Appointments</s>
    <s>• Educational &amp; Inspirational Sessions</s>
    <s>• Bookfair</s>
    <s>• Chat Sessions with Your Favorite Authors</s>
    <s>• Social Events for Networking</s>
    <s>Join us as we celebrate the 20th Anniversary of the first Emerald City Writers Conference. In addition to group editor and agent appointments, the conference features educational sessions taught by published authors and experts in their field. Classes cover everything from the writing craft to online marketing. Chat sessions with best selling authors are also featured.</s>
    <s>The annual bookfair offers opportunities to mingle with your favorite authors. Several social events provide opportunities for networking with other writers, published authors, editors and agents making this annual conference a not-to-miss event.</s>
    <s>Our Speakers</s>
    <s>Keynote Speaker: Claire Delacroix</s>
    <s>Featured Speakers: Lisa Jackson &amp; Christine Warren</s>
    <s>Special Guests</s>
    <s>Cherry Adair, Elizabeth Boyle, Stella Cameron, Megan Chance, Bob Dugoni, Yasmine Galenorn, Susan Mallery, Bob Mayer, Jane Porter and more!</s>
    <s>Editor &amp; Agent Appointments</s>
    <s>Registrants are offered the opportunity to pitch in group appointments to editors and agents of their choice; appointments are scheduled on a first come, first served basis, so register todayEmerald City Opener finalists will receive private appointments.</s>
    <s>• Wanda Ottewell, Editor: Harlequin</s>
    <s>• Peter Senftleben, Editor: Kensington</s>
    <s>NOTE: Peter will also be speaking at a session entitled &quot;The Editor/Author Relationship: How to work with your editor from the call to published book and beyond&quot;</s>
    <s>• Megan McKeever, Editor: Pocket Books</s>
    <s>• Steven Axelrod, Agent: The Axelrod Agency</s>
    <s>• Alexandra Machinist, Agent: Linda Chester Literary Agency</s>
    <s>NOTE: Alexandra is also speaking at a session entitled &quot;What Every Agent Wishes Every Author Knew.&quot;</s>
    <s>• Vivian Chum, Agent: Prospect Agency</s>
    <s>Registration is limited. To register, visit www.gsrwa.org.</s>
    <s>!Emerald City Opener</s>
    <s>Deadline June 1</s>
    <s>Does your first scene compel editors to ask for more?</s>
    <s>Your opener is the hook that attracts an editor or makes a potential reader decide to purchase your book.</s>
    <s>Polish the first seven pages of your manuscript and send them to the Emerald City Opener Contest . You will receive feedback in the form of detailed score sheets. Your judges (published writers or Golden Heart finalists and winners) are encouraged to include comments on your entry. First, second, and third place winners in each category will receive an award certificate and an individual editor or agent appointment at the Emerald City Writers' Conference (Oct. 9-11, 2009). In addition, the first place winner in each category will receive a $25 gift card.</s>
    <s>Tags: 2009 Emerald City Opener, 2009 Emerald City Writers Conference, GSRWA, Seattle, writing</s>
    <s>Posted in Writer's Cramp | 3 Comments »</s>
    <s>Author News</s>
    <s>Book Recommendations</s>
    <s>Book Signings</s>
    <s>Guest Posts</s>
    <s>Literary Tourism</s>
    <s>Nothing To Do With Romance Novels</s>
    <s>Publishing Industry News</s>
    <s>Romance Writers of America</s>
    <s>Thursday Thirteen</s>
    <s>Writer's Cramp</s>
    <s>Recent Posts</s>
    <s>Alriiight….let's do this thing!</s>
    <s>Cast on, cast off</s>
    <s>Guess Whoo's Turning 1?</s>
    <s>October 2011</s>
    <s>M T W T F S S</s>
    <s>« Apr</s>
    <s>(C) 2009 Ciara Stewart. All rights reserved. | Site by Will Design for Chocolate</s>
    <s>Entries (RSS) and Comments (RSS).</s>
  </text>
</page>
