<?xml version="1.0" encoding="UTF-8"?>
<!DOCTYPE page SYSTEM "page.dtd">
<page>
  <lang>en</lang>
  <url>http://aptpreservation.wordpress.com/page/2/</url>
  <title>Association for Preservation Technology | Technology Empowering ...</title>
  <snippet>
    <s>Sep 9, 2010 Each APT Local Conference Committee includes a Program APT received more than 130 abstracts to fill 64 paper slots in the program. </s>
  </snippet>
  <text>
    <s>Association for Preservation Technology</s>
    <s>Technology Empowering the Past</s>
    <s>Skip to content</s>
    <s>&lt;- Older posts</s>
    <s>Newer posts -&gt;</s>
    <s>People, Techniques and Technology for Preserving Landscape Features</s>
    <s>Posted on October 14, 2011 by danaapti</s>
    <s>Session CS06 “People, Techniques and Technology for Preserving Landscape Features” offered a student scholarship presentation by Serra Akboy, titled “An Examination of HABS Culture of Documentation to Develop Strategies on How to Record Cultural Landscapes with Digital Technologies.”  She served as an international intern with HABS and interviewed current staff and past and present interns involved with the Historic American Building Survey (HABS) program with the US National Park Service.  Through her research, she discovered the following answers to these questions below:</s>
    <s>Why is drawing important to HABS</s>
    <s>It engages with cultural heritage</s>
    <s>It provides an educational setting for the documenter</s>
    <s>It communicates cultural and social values</s>
    <s>It provides outreach to different stakeholders</s>
    <s>It achieves documentation for ongoing historical record</s>
    <s>What does the use of technology offer for HABS?</s>
    <s>It facilitates field work</s>
    <s>It improves the documentation of massive structures and sites</s>
    <s>It can facilitate to demonstrate 3D information and movement through the site, which 2D drawings cannot provide</s>
    <s>It facilitates the sharing of heritage information to a wider audience</s>
    <s>Her conclusions were:</s>
    <s>Do not underestimate the power of drawing</s>
    <s>Produce 2D and 3D analytical diagrams to elaborate the evolution of the cultural landscape</s>
    <s>Use 3D technologies to demonstrate the context</s>
    <s>Use 3D technology to explore or reflect on the spatial experience</s>
    <s>Use technology to document the physical qualities of the space and cultural landscape</s>
    <s>Lonnie J. Hovey, AIA, FAPT</s>
    <s>Program Manager, Historic Preservation</s>
    <s>V I T E T T A</s>
    <s>Posted in APT Conference | Tagged aptvictoria2011 | Leave a comment</s>
    <s>Materials Reacting to Water</s>
    <s>Posted on October 14, 2011 by danaapti</s>
    <s>Session CS04, Materials Reacting to Water, on Thursday offered a student scholarship presentation by Kara Dotter. She is studying the weathering of conservation mortars and their implication for historic preservation as her PhD. She outlined her two-pronged approach, which includes both field work and lab experimentation involving six sites across Northern Ireland. All the sites involve sandstone and mortars that date from the 17th century, which have been in state care for at least 40 years. Her lab work involved accelerated weathering and used locally sourced stones with one of three types of mortar placed in between the blocks. The mortar mixes included 1:3 binder to aggregate as well as the standard mix of 1:1:6. The accelerated weathering process involved curing the samples over one month, then firing the samples and subjecting them to salts and freeze/thaw cycles. Her conclusions included the following:</s>
    <s>The salts had the most damaging effect upon the materials especially when subjected to the freeze/thaw cycles with the temperature variations.</s>
    <s>Pollutants from the firing may be more damaging over time than the fire itself, depending on the severity, extent and fire control mechanism.</s>
    <s>Modern weathering effects are directly influenced by a legacy of inherited damage from past weathering.</s>
    <s>Portland cement is too impermeable for successful use with the most weathered stone.</s>
    <s>Tooling mortar joints compacts the surface, decreasing the porosity, leading to salt sub-florescence and flaking of mortar surface.</s>
    <s>Lime mortar may perform better after fires due to its ability to heal itself.</s>
    <s>One binder/aggregate/ mortar mix does not suit every project.</s>
    <s>Overall, it was a very interesting presentation with lots of technical nitty-gritty, which an APT member has come to expect from the conferences.</s>
    <s>Lonnie J. Hovey, AIA, FAPT</s>
    <s>Program Manager, Historic Preservation</s>
    <s>V I T E T T A</s>
    <s>Posted in APT Conference | Tagged aptvictoria2011 | Leave a comment</s>
    <s>O Canada and O Canada Architect</s>
    <s>Posted on October 14, 2011 by danaapti</s>
    <s>One thing noticed when immediately setting foot in Victoria is how clean the city is and the pride in preservation. A custom truck goes around town with workers taking the milk white globes from the street lights and washes them in a custom bath unit on the front of the truck. A quick visit to the 1896 neo-baroque Parliament Building shows an attention to design detail that is truly magnificent. The stained glass windows, mosaic flooring and oak architectural trim work will leave you amazed. But, it is the floors that are so polished; the stone, ceramic mosaic, and tile, that they all look like fine glass. One should be barefoot to walk in this placeAn employee sweeping the stairs apologizes for the small amount of dust she has collected and we need to step over. O Canada, I am impressed!</s>
    <s>While in the Capitol you will notice the framed ink on linen original design drawings proudly hung about the public spaces. We learn of the work of architect Francis Mawson Rattenbury (1867-1935) who designed the Parliament Building in 1893 at age 25. He was also the architect for the APT Conference hotel, the Empress. His design work on paper and in stone is great.</s>
    <s>I thought only American architects had the colorful lives, of shall we say passion, of Frank Lloyd Wright and his much publicized affair, or that of the murder of Sanford White, but then I learn of Mr. Rattenbury. It appears that Mr. Rattenbury’s second wife of ten years (who he met through an affair when he as married to his first wife of 27 years) ended up having an affair with her 17 year-old chauffeur-gardener, George Stoner. Stoner attacked Rattenbury on the night of March 24, 1935 with a mallet, wherein he died the next day. His wife then committed suicide and Stoner had a life sentence. O My</s>
    <s>Posted in APT Conference | Tagged aptvictoria2011 | Leave a comment</s>
    <s>Congratulations to our Student Scholars</s>
    <s>Posted on October 13, 2011 by danaapti</s>
    <s>APT International extends a warm round of applause for this year’s student scholars. The continued growth of the student scholars program is a testament to the quality of preservation technology scholarship being produced at the university level across the world and also to the passion of our students and young practitioners. Congratulations to you all!</s>
    <s>Please share in our excitement by congratulating the current student scholars as you encounter them around the conference and by joining us at the APT Student Scholarship and Outreach Committee Social this evening.</s>
    <s>Find our student scholars on the conference website at:</s>
    <s>Martin Weaver Student Scholar 2011</s>
    <s>Roha Khalaf, University of Montréal</s>
    <s>APT Victoria 2011 Student Scholars</s>
    <s>Catherine Armwood, University of Nebraska-Lincoln</s>
    <s>Anthony Bentivegna, The University of Texas at Austin</s>
    <s>Jessica Blemker-Ferree, School of the Art Institute of Chicago</s>
    <s>Caitlin Chamberlain, Savannah College of Art and Design</s>
    <s>Kara Dotter, Queen's University Belfast</s>
    <s>Matthew Hayes, Savannah College of Art and Design</s>
    <s>Justin Henderson, University of Colorado</s>
    <s>Phyllis Henderson, University of Florida</s>
    <s>Danielle Potts, School of the Art Institute of Chicago</s>
    <s>Bahareh Reza, UBC</s>
    <s>Sara Rogers, University of Pennsylvania</s>
    <s>Amy Swift, Columbia University</s>
    <s>Alexandra Terpeluk, The University of Texas at Austin</s>
    <s>Nicole Trujillo, The Pennsylvania State University</s>
    <s>Posted in APT Conference | Tagged aptvictoria2011 | Leave a comment</s>
    <s>Wood and Water</s>
    <s>Posted on October 13, 2011 by danaapti</s>
    <s>The presentation titled “Wood and Water” presented by Ron Anthony and Kim Dugan was very good. Kim provided a good basic overview of the fundamentals involving wood, such as if the moisture content is greater than 20% it is wet and can decay and if it is less than 20% it is dry; however, this cannot be assumed for every situation. If mortar abuts the wood, it could be wet, but can’t be sure because you can’t see beam pocket. It is important to know the maintenance and use history of the site to know more about the potential for decay.</s>
    <s>Points that were made include: Wood is hygroscopic; it takes in or gives off moisture to equal the environment that it is within. It is always changing as it is very dependent upon relative humidity (RH) and affects wood performance.</s>
    <s>Wood can reach a fiber saturation point (FSP), but can vary from species to species as well as tree to tree, and even from wood cut from different parts of the tree. Below the FSP, movement of the wood can happen within a structure.</s>
    <s>As many know, shrinkage and distortion of flat, square and round wood pieces are affected by the direction of the growth rings; tangential shrinkage is about twice as great as radial. When RH increases the equilibrium of moisture content increases, and it is at a 5:1 ratio. Based on this, to reach 20% or higher moisture content, the RH needs to be nearly 100%, and long enough for the 20% content to be reached.</s>
    <s>With all of those possible problems, Kim asked how can we make wood last? The answer is to keep the wood dry through construction details and maintenance, but it is much easier said than done. How to do this is in the details.</s>
    <s>Moisture diagnostics can be done using moisture meters. They are very easy to use, but the right tools are needed as RH and moisture content are always changing in a building, and the results that are determined by the meters is just a snapshot in time. There are two types of meters: Capacitance meters, which are pinless; and conductance meter with pin probes that are used on large wood members.</s>
    <s>Following the overview, Ron provided a few case studies, especially looking at Fort Adams, in Newport, RI, which is a strong marine environment. Wood is saturated there, but it can &quot;broom out&quot; or spread at the base of a column, not due to decay, but due to the wood expanding under saturated conditions. &quot;Hairy&quot; wood can also be seen in marine environments. He raised some important questions: What is the effect of salts on wood in a marine environment? He has not seen this extensively studied or published. Also, if wood was treated with a preservative that is not used today, but makes the wood more hygroscopic, how can that be dealt with?</s>
    <s>The key issue is that one can use wood in a wet environment, but it is critical to properly specify the material and properly detail the structure to handle water.</s>
    <s>From your roving reporter,</s>
    <s>Lonnie J. Hovey, AIA, FAPT</s>
    <s>Program Manager, Historic Preservation</s>
    <s>V I T E T T A</s>
    <s>Posted in APT Conference | Tagged aptvictoria2011 | Leave a comment</s>
    <s>Cast Iron Plate Lighthouses</s>
    <s>Posted on October 13, 2011 by danaapti</s>
    <s>Just attended the session on Cast Iron Plate Lighthouses in the US, presented by Lori Aument and Michael Falstad of John Milner Associates. Lori provided a great outline of lighthouse elements (foundation, tower, and light), which provides a good background for the lighthouse sessions to come in the afternoon. Lori outlined that the cast iron lighthouse type was developed in 1874 and used till 1911. Typically, they were placed on a concrete caisson, with a cast iron tower. She provided a great overview of cast iron construction and design prior to 1874 and cast iron lighthouse construction in the US before 1874. Her research found that in 1852, the US Lighthouse Board was established, which researched lighthouse types around the world to improve lighthouse design for the US; and then developed prototypes and tested them. In 1872, they developed caissons for use as foundations using lessons learned from bridge construction. As can be expected, the cast iron plate was a maintenance headache from the start of construction requiring constant attention to keep in service.</s>
    <s>Typical elements of deterioration include both brick and metal deterioration, efflorescence, loss of cast iron plate from storm damage; seabird droppings, cracking and corroded fasteners, loss of decorative trim, corrosion on decks, between plates, wrought iron elements split, galvanic action between lanterns and cast iron trim and loss of windows.</s>
    <s>Repair challenges include the constraints of a continued need for maintenance and limited access, limited potable water, plus the environmental recapture of any runoff due to the location of lighthouses on waterways. There is often a need to use a barge to serve as a platform to conduct the work, plus there is a limited period of time to work on the structure in each given year. Cast iron repairs can be effected, but the repairs need very good surface preparation. All in all, a great presentation that should be submitted as a Bulletin article.</s>
    <s>Lonnie J. Hovey, AIA, FAPT</s>
    <s>Program Manager, Historic Preservation</s>
    <s>V I T E T T A</s>
    <s>Posted in APT Conference | Tagged aptvictoria2011 | 1 Comment</s>
    <s>Dar She Blows!</s>
    <s>Posted on October 13, 2011 by danaapti</s>
    <s>For the many years I’ve attended APT Conferences, having the opportunity to explore the local area is always one of those fun little extra events. For Victoria, that meant hopping on a whale watching trip. My wife Linda had this event as one of her highest priorities during the trip. We are yet to see whales in Michigan!</s>
    <s>We went on a three hour cruise (no Gilligan was not First Mate) out near the San Juan Islands where we were treated to multiple pods of Orcas for over an hour. We would see over a dozen at any one time of resident Orca traveling south looking for a salmon lunch. Getting a good picture with my phone camera was a challenge, but you’ll at least see one. We then moved to just south of Victoria Harbor to see 7 humpback whales starting their migration to Hawaii for the winter.</s>
    <s>A definite fun little side trip. Seeing our Conference hotel from the water when the sun broke out … was just icing to the cake.</s>
    <s>Today’s conference time!</s>
    <s>Posted in APT Conference | Tagged aptvictoria2011 | Leave a comment</s>
    <s>Playing Hooky in Victoria</s>
    <s>Posted on October 12, 2011 by danaapti</s>
    <s>Marilyn Kaplan and I played hooky today and spent the morning at Butchart Gardens.  If you have and interest in horticulture and the opportunity to get away, it will certainly be worth your time.</s>
    <s>There are shuttle buses that run to the gardens several times of day or you can use a cab; the bus is $10-12 dollars, and the cab ride is about $50.00 each way. Admission to the gardens is $24.00.</s>
    <s>Now to return to the Sustainability Symposium and learn about the results of the APT brain trust work on the Inherently Sustainable Features matrix…..</s>
    <s>Posted by Kent Diebolt</s>
    <s>October 12, 201112:45 PM</s>
    <s>Posted in APT Conference | Tagged aptvictoria2011 | Leave a comment</s>
    <s>It's about the journey: Taking off!</s>
    <s>Posted on October 12, 2011 by danaapti</s>
    <s>Posted in APT Conference | Tagged aptvictoria2011 | Leave a comment</s>
    <s>It’s about the journey, not the destination?</s>
    <s>Posted on October 12, 2011 by danaapti</s>
    <s>Well that all depends on who you ask the question.   Since the conference in Victoria was announced Ron Staley of The Christman Company’s Washington DC office dreamed of flying into Victoria’s Inner Harbour in a sea plane.  Arriving in Seattle from Michigan, Ron and wife Linda took Kenmore Air’s service from Seattle to Victoria, meeting up at the sea plane base with John Dumsick from Robert Silman’s Washington DC office.  Departing from scenic Lake Union in Seattle, taxing out past the famous waterfront houseboats, we three joined seven others in a turbine powered Otter seaplane below an overcast sky.  Flying for a short 30 minute flight at 2000 feet above forests, water, hills of the Pacific Northwest, the big mountains of the Cascades and Olympic Mountains were shrouded by low clouds.    John Dumsick is in the back of the plane looking at his map and using his iPhone GPS to track were we are. I’m sure the pilot appreciated the confirmation!</s>
    <s>Seeing the local geography and geology, architecture and commerce from the air gives one a great perspective on an area never before seen by these travelers.   Final approach into the Inner Harbour, flaps down, descending right turn, flare onto the floats, and the dream come true, landing in front of the APT Conference Hotel.  The architecture is unbelievable. A water taxi stops to let us dock and head through Customs.</s>
    <s>The initial journey is complete; it was great, but the venue and conference are now for us to explore … more journeys to follow!</s>
    <s>Posted by Ron Staley</s>
    <s>Tuesday at 7:45 pm</s>
    <s>Posted in APT Conference | Tagged aptvictoria2011 | Leave a comment</s>
    <s>&lt;- Older posts</s>
    <s>Newer posts -&gt;</s>
    <s>Search for:</s>
    <s>Recent Posts</s>
    <s>Dessert Auction a Great Success</s>
    <s>State of Conservation and World Heritage Policies</s>
    <s>Conservation in the Time of Cholera</s>
    <s>Adaptive Use: Community Revitalized Through Urban Agriculture</s>
    <s>Conserving Ecologically and Culturally Significant Military Landscapes</s>
    <s>Email Subscription</s>
    <s>Enter your email address to subscribe to this blog and receive notifications of new posts by email.</s>
    <s>Join 2 other followers</s>
    <s>October 2011</s>
    <s>October 2010</s>
    <s>September 2010</s>
    <s>APT Conference</s>
    <s>Preservation Research</s>
    <s>Log in</s>
    <s>Entries RSS</s>
    <s>Comments RSS</s>
    <s>Association for Preservation Technology</s>
    <s>Theme: Twenty Ten Blog at WordPress.com.</s>
    <s>Follow Association for Preservation Technology</s>
    <s>Get every new post delivered to your Inbox.</s>
    <s>Powered by WordPress.com</s>
    <s>*RSS: Really Simple Syndication</s>
  </text>
</page>
