<?xml version="1.0" encoding="UTF-8"?>
<!DOCTYPE page SYSTEM "page.dtd">
<page>
  <lang>en</lang>
  <url>http://en.wikipedia.org/wiki/Sokal_affair</url>
  <title>Sokal affair - Wikipedia, the free encyclopedia</title>
  <snippet>
    <s>The conference announced the prank of having accepted the article as not Jan Hendrik Schön: published 28 fraudulent papers in Nature, Science, and the </s>
  </snippet>
  <text>
    <s>Sokal affair</s>
    <s>From Wikipedia, the free encyclopedia</s>
    <s>Jump to: navigation, search</s>
    <s>Not to be confused with the Sokol affair involving Warren Buffett's company Berkshire Hathaway.</s>
    <s>The Sokal affair, also known as the Sokal hoax, was a publishing hoax perpetrated by Alan Sokal, a physics professor at New York University. In 1996, Sokal submitted an article to Social Text , an academic journal of postmodern cultural studies. The submission was an experiment to test the publication's intellectual rigor and, specifically, to learn if such a journal would &quot;publish an article liberally salted with nonsense if it (a) sounded good and (b) flattered the editors' ideological preconceptions.&quot;</s>
    <s>The article &quot;Transgressing the Boundaries: Towards a Transformative Hermeneutics of Quantum Gravity&quot;, published in the Social Text Spring/Summer 1996 &quot;Science Wars&quot; issue, proposed that quantum gravity is a social and linguistic construct. At that time, the journal did not practice academic peer review and did not submit the article for outside expert review by a physicist. On its date of publication (May 1996), Sokal revealed in Lingua Franca that the article was a hoax, identifying it as &quot;a pastiche of Left-wing cant, fawning references, grandiose quotations, and outright nonsense . . . structured around the silliest quotations by postmodernist academics he could find about mathematics and physics&quot;.</s>
    <s>The resultant academic and public quarrels concerned the scholarly merit, or lack thereof, of humanistic commentary about the physical sciences; the influence of postmodern philosophy on social disciplines in general; academic ethics, including whether Sokal was wrong to deceive the editors and readers of Social Text ; and whether the journal had exercised the appropriate intellectual rigor before publishing the pseudoscientific article.</s>
    <s>1 Background</s>
    <s>2 The article</s>
    <s>2.1 Content of the article</s>
    <s>2.2 Publication</s>
    <s>2.3 Peer review</s>
    <s>3 Responses</s>
    <s>3.1 Follow up between Sokal and the editors</s>
    <s>3.2 Mainstream media coverage</s>
    <s>3.3 Academic criticism</s>
    <s>3.4 Science war commentary</s>
    <s>3.5 Book by Sokal and Bricmont</s>
    <s>4 Sociological replication</s>
    <s>5 Similar scandals</s>
    <s>6 See also</s>
    <s>7 References</s>
    <s>7.1 Notes</s>
    <s>7.2 Bibliography</s>
    <s>8 Further reading</s>
    <s>9 External links</s>
    <s>[edit] Background</s>
    <s>In an interview on the NPR program All Things Considered , Sokal said he was inspired to submit the hoax article after reading Higher Superstition: The Academic Left and Its Quarrels With Science (1994), by Paul R. Gross and Norman Levitt. In their book, Gross and Levitt reported an anti-intellectual trend in university liberal arts departments (especially English departments) which had caused them to become dominated by a &quot;trendy&quot; branch of post-modernist deconstructionism.</s>
    <s>Higher Superstition argued that in the 1990s, a group of academics whom the authors referred to collectively as &quot;the Academic Left&quot; was dominated by professors who concentrated on racism, sexism, and other perceived prejudices, and that science was eventually included among their targets—later provoking the &quot;Science Wars&quot;, which questioned the validity of scientific objectivity. Academic journals in the humanities were publishing articles by writers who, scientists argued, demonstrated little or no knowledge of science. Per the introduction: &quot;A curious fact about the recent left-critique of science is the degree to which its instigators have overcome their former timidity, of indifference towards the subject, not by studying it in detail, but rather by creating a repertoire of rationalizations for avoiding such study.&quot;</s>
    <s>After analyzing essays from &quot;the academic Left&quot;, scientists argued that some of these critical writers were ignorant of the original scientific documents they were criticizing and, therefore, were making a series of nonsensical statements about the nature and intent of science. Gross and Levitt found it especially troubling that academic journals were not judging the intellectual integrity of the scholarship through peer review but were merely judging papers according to their political tilt. Higher Superstition argued that for an article to be published in some academic journals, especially those associated with the humanities, it needed only to display &quot;the proper leftist thought&quot; and to be written by—or to quote—well-known leftist authors. [page needed ]</s>
    <s>Thus, Higher Superstition was an attempt to challenge purportedly uncritical subjectivist thought, the validity of which otherwise went largely uncriticized. Moreover, the book served as an argument from scientists that the Science Wars were primarily fought by non-scientists who were pushing contentious claims about the dubiousness of scientific objectivity. [page needed ]</s>
    <s>[edit] The article</s>
    <s>Sokal reasoned that, if the presumption of editorial laziness were correct, Need quotation to [verify ] the nonsensical content of his article would be irrelevant to whether the editors would publish it. What would matter would be ideologic obsequiousness, fawning references to deconstructionist writers, and sufficient quantities of feminist and socialist terminology. [page needed ]</s>
    <s>[edit] Content of the article</s>
    <s>This section requires expansion.</s>
    <s>Sokal wrote &quot;Transgressing the Boundaries: Towards a Transformative Hermeneutics of Quantum Gravity&quot;, an article proposing that quantum gravity has progressive political implications, and that the &quot;morphogenetic field&quot; (a New Age concept by Rupert Sheldrake) could be a cutting-edge theory of quantum gravity. He concluded that, since &quot;physical reality&quot; is, at bottom, a social and linguistic construct, a &quot;liberatory science&quot; and an &quot;emancipatory mathematics&quot;, spurning &quot;the elite caste canon of 'high science'&quot;, must be established for a &quot;postmodern science that provides powerful intellectual support for the progressive political project.&quot; Moreover, the article's footnotes contain obvious (to mathematicians) jokes, such as:</s>
    <s>&gt; Just as liberal feminists are frequently content with a minimal agenda of legal and social equality for women and 'pro-choice', so liberal (and even some socialist) mathematicians are often content to work within the hegemonic Zermelo–Fraenkel framework (which, reflecting its nineteenth-century liberal origins, already incorporates the axiom of equality) supplemented only by the axiom of choice.</s>
    <s>[edit] Publication</s>
    <s>Sokal submitted the article to Social Text , whose editors were collecting articles for the Science Wars issue. &quot;Transgressing the Boundaries: Towards a Transformative Hermeneutics of Quantum Gravity&quot; was the only article submitted by a natural scientist. Later, after Sokal's self-exposure of his pseudoscientific hoax article in the journal Lingua Franca , the Social Text editors explained that they had requested editorial changes that Sokal refused to make, and had had concerns about the quality of the writing. Need quotation to [verify ] Nonetheless, despite designating the physicist as a &quot;difficult, uncooperative author,&quot; and noting that such writers were &quot;well known to journal editors&quot;, Social Text published the article in acknowledgment of the author's credentials in the May 1996 Spring/Summer &quot;Science Wars&quot; issue.</s>
    <s>[edit] Peer review</s>
    <s>In 1996, Social Text did not conduct peer review because its editors believed that an editorial open policy would stimulate more original, less conventional research. The editors argued that, in that context, Sokal's article, &quot;Transgressing the Boundaries: Towards a Transformative Hermeneutics of Quantum Gravity&quot;, was a fraudulent betrayal of their trust. Moreover, they further argued that scientific peer review does not necessarily detect intellectual fraud, viz. the later Schön scandal (2002), the Bogdanov Affair (2002), and other instances of published poor science. After the Sokal Hoax, Social Text established an article peer review process.</s>
    <s>[edit] Responses</s>
    <s>[edit] Follow up between Sokal and the editors</s>
    <s>In the May 1996 issue of Lingua Franca , in the article &quot;A Physicist Experiments With Cultural Studies&quot;, Sokal revealed that his &quot;Transgressing the Boundaries&quot; was a hoax and concluded that Social Text &quot;felt comfortable publishing an article on quantum physics without bothering to consult anyone knowledgeable in the subject&quot; because of its ideological proclivities and editorial bias. In their defense, the Social Text editors said they believed that &quot;Transgressing the Boundaries: Towards a Transformative Hermeneutics of Quantum Gravity&quot;, &quot;was the earnest attempt of a professional scientist to seek some kind of affirmation from postmodern philosophy for developments in his field&quot; and that &quot;its status as parody does not alter, substantially, our interest in the piece, itself, as a symptomatic document.&quot; Besides criticizing his writing style, the Social Text editors accused Sokal of behaving unethically in deceiving them. Need quotation to [verify ]</s>
    <s>In response, Sokal said that their response illustrated the problem he highlighted. Social Text , as an academic journal, published the article not because it was faithful, true, and accurate to its quantum gravity subject, but because an &quot;Academic Authority&quot; had written it and because of the appearance of the obscure writing. The editors admitted that was true; they said they considered it poorly written but published it because they felt Sokal was an academic seeking their intellectual affirmation. Sokal stated in his response:</s>
    <s>&gt; My goal isn't to defend science from the barbarian hordes of lit crit (we'll survive just fine, thank you), but to defend the Left from a trendy segment of itself. . . . There are hundreds of important political and economic issues surrounding science and technology. Sociology of science, at its best, has done much to clarify these issues. But sloppy sociology, like sloppy science, is useless, or even counterproductive.</s>
    <s>[edit] Mainstream media coverage</s>
    <s>In the United States, as the hoax was revealed by Sokal, French philosopher Jacques Derrida was initially one of the favourite targets of discredit, particularly in newspapers coverage. For instance a US weekly magazine used two images of Derrida, a photo and a caricature, to illustrate a &quot;dossier&quot; on the Sokal affair in which Derrida's name didn't appear once.</s>
    <s>Asked for a response by daily Le Monde , Derrida said that the aim of the US media was &quot;to discredit what is considered the exorbitant and cumbersome 'credit' of a foreign professor.&quot;</s>
    <s>[edit] Academic criticism</s>
    <s>Stephen Hilgartner, the Cornell University science and technologies department chairman, wrote &quot;The Sokal Affair in Context&quot; (1997) comparing Sokal's hoax to &quot;Confirmational Response: Bias Among Social Work Journals&quot; (1990), an article by William M. Epstein published in Science, Technology, &amp; Human Values . Epstein used a similar setup to Sokal's: he submitted fictitious articles to real academic journals to measure their response. Though far more methodologically rigorous than Sokal's work, it received scant media attention. Hilgartner thus argued that the intellectual impact of the successful Sokal hoax cannot be attributed to its quality as a &quot;demonstration&quot; but rather to journalistic hyperbole and the anti-intellectual biases of some American journalists.</s>
    <s>The Sokal Affair scandal extended from academia to the public press. The anthropologist Bruno Latour, criticized in Fashionable Nonsense: Postmodern Intellectuals' Abuse of Science (1998), described the scandal as a &quot;tempest in a tea cup&quot;. The mathematician Gabriel Stolzenberg wrote essays meant to discredit the claims of Sokal and his allies, arguing that Sokal and allies insufficiently grasped the philosophy they are criticizing, hence, rendering their criticism meaningless. In the Social Studies of Science journal, Bricmont and Sokal responded to Stolzenberg, denouncing his &quot;tendentious misrepresentations&quot; of their work, and criticizing Stolzenberg's commentary about the Strong programme. In the same issue, Stolzenberg replied, arguing that their critique and allegations of misrepresentation were based upon misreadings. He advised readers to slowly and skeptically examine the arguments proposed by each party, bearing in mind the dictum that &quot;the obvious is sometimes the enemy of the true&quot;.</s>
    <s>[edit] Science war commentary</s>
    <s>In spring of 1997, the postmodern philosopher Fred Newman responded to the Sokal Affair publishing hoax in the paper &quot;Science Can Do Better than Sokal: A Commentary on the So-Called Science Wars&quot;, which he presented at the Postmodernism and the Social Sciences conference at the New School for Social Research; Alan Sokal was a participant. Newman calls for the union of science and postmodernism—proposing that postmodernism is not a critique of science, per se , but of the inappropriate application of the scientific paradigm to psychology.</s>
    <s>[edit] Book by Sokal and Bricmont</s>
    <s>In 1997, Sokal and Jean Bricmont co-wrote Impostures Intellectuelles (US: Fashionable Nonsense: Postmodern Intellectuals' Abuse of Science , UK: Intellectual Impostures , 1998). The book featured analysis of writing extracts from established intellectuals that contained blatant abuses of scientific terminology. It closed with a critical summary of postmodernism and criticism of the Strong programme of social constructionism in the sociology of scientific knowledge.</s>
    <s>[edit] Sociological replication</s>
    <s>Even though many people found Sokal's hoax convincing, it was a demonstration as opposed to a rigorous scientific study. For this reason, its main hypothesis was later replicated in a controlled experiment by Cornell sociologist Robb Willer, who self-published the results in his homepage; the report was not published by a peer-reviewed journal, which returned it with a &quot;Revise and Resubmit&quot; advice.</s>
    <s>Student subjects randomly separated into treatment and control groups, and both groups were presented with copies of Sokal's hoax article. Those in the control condition were led to believe that it was penned by another student, while those in the treatment condition were told it was written by a famous academic. The experimenters found that those subjects who believed that the author of the text was a high-status intellectual were significantly more likely to claim that the text was comprehensible, interesting and valuable. The results of the experiment thus suggested that Sokal was correct to claim that academic status may account for the intellectual appeal of unintelligible academic texts.</s>
    <s>[edit] Similar scandals</s>
    <s>SCIgen program: a paper randomly generated by the SCIgen program was accepted without peer-review for presentation at the 2005 World Multiconference on Systemics, Cybernetics and Informatics (WMSCI). The conference announced the prank of having accepted the article as not peer reviewed, despite none of the three assigned peer-reviewers having submitted an opinion about its fidelity, veracity, or accuracy to its subject. The three MIT graduate students who wrote the hoax article said they were ignorant of the Sokal Affair until after submitting their article.</s>
    <s>Bogdanov Affair</s>
    <s>Jan Hendrik Schön</s>
    <s>Rosenhan experiment</s>
    <s>The Report from Iron Mountain</s>
    <s>Project Alpha</s>
    <s>Atlanta Nights</s>
    <s>The Ern Malley affair - A similar hoax, in which deliberately nonsensical poems were accepted for publication by a popular modernist magazine.</s>
    <s>Spectra: A Book of Poetic Experiments</s>
    <s>Nat Tate</s>
    <s>WIA &lt; &gt; WIA by Niklas Roy</s>
    <s>[edit] See also</s>
    <s>Chip Morningstar, a software developer known for his early hoax involving postmodern deconstruction at the 2nd International Conference on Cyberspace in 1991.</s>
    <s>Fictitious entry</s>
    <s>Dr. Fox effect, an actor gave a lecture to a group of experts with almost no content but was praised.</s>
    <s>&quot;Politics and the English Language&quot; (1946), by George Orwell, criticizing the use of verbose language in contemporary political British writing.</s>
    <s>Postmodernism Generator, a program that automatically produces imitations of postmodernist writing</s>
    <s>snarXiv, a website that generates plausible sounding titles and abstracts of high-energy physics papers</s>
    <s>[edit] References</s>
    <s>[edit] Notes</s>
    <s>1. ^ a b c d Derrida (1997)</s>
    <s>2. ^ a b c Sokal, Alan (May 1996). &quot;A Physicist Experiments With Cultural Studies&quot;. Lingua Franca. http://www.physics.nyu.edu/faculty/sokal/lingua franca v4/lingua franca v4.html. Retrieved April 3, 2007.</s>
    <s>3. ^ Sokal, Alan (1994-11-28, revised 1995-05-13, published May 1996). &quot;Transgressing the Boundaries: Towards a Transformative Hermeneutics of Quantum Gravity&quot;. Social Text 46/47 (spring/summer 1996) . Duke University Press. pp. 217–252. http://www.physics.nyu.edu/faculty/sokal/transgress v2/transgress v2 singlefile.html. Retrieved April 3, 2007.</s>
    <s>4. ^ a b c d e Bruce Robbins; Andrew Ross (July 1996). &quot;Mystery science theater&quot;. Lingua Franca . http://linguafranca.mirror.theinfo.org/9607/mst.html. . Reply by Alan Sokal.</s>
    <s>5. ^ Higher Supersitition , pg. 6.</s>
    <s>6. ^ Andrew Ross , &quot;A discussion of Jacques Derrida and Deconstruction&quot;, 24 May 1996</s>
    <s>7. ^ Stephen Hilgartner (Autumn 1997). &quot;The Sokal Affair in Context&quot;. Science, Technology, &amp; Human Values 22 (4): 506–522. doi</s>
    <s>8. ^ William M. Epstein (1990). &quot;Confirmational response bias among social work journals&quot;. Science, Technology, &amp; Human Values 15 (1): 9–38. doi</s>
    <s>9. ^ Gabriel Stolzenberg, &quot;Debunk: Expose as a Sham or False&quot;</s>
    <s>10. ^ &quot;Reply to Gabriel Stolzenberg&quot;, Social Studies of Science</s>
    <s>11. ^ http://math.bu.edu/people/nk/rr/reply to bs.pdf</s>
    <s>12. ^ a b Robb Willer. (self published study) The Effects of Author's Status on the Evaluation of Unintelligible Texts. , report on his personal homepage. quote:</s>
    <s>&gt; an unintelligible text evaluated as significantly better The results further suggest that high academic status could lead readers to evaluate an unintelligible text as intelligible. The research offers insights on the social psychological basis of biased evaluations of scholarship and points to one reason why unintelligible texts might be praised in academic discourse.</s>
    <s>[edit] Bibliography</s>
    <s>Derrida (1997) Sokal et Bricmont ne sont pas sérieux in Le Monde , 20 November 1997, page 17. English translation in Derrida (2005) Paper Machine as &quot;Sokal and Bricmont Aren't Serious&quot; pp.70-2</s>
    <s>Gross, Paul R. and Levitt, Norman. Higher Superstition: The Academic Left and Its Quarrels With Science . Baltimore: Johns Hopkins University Press, 1994. ISBN 0-8018-4766-4</s>
    <s>Ross, Andrew, ed. Science Wars . Duke University Press, 1996. ISBN 0-8223-1881-4.</s>
    <s>Sokal, Alan D. and Bricmont, Jean. Impostures Intellectuelles . Editions Odile Jacob, 1997.</s>
    <s>Sokal, Alan D. and Bricmont, Jean. Fashionable Nonsense: Postmodern Intellectuals' Abuse of Science . Picador USA: New York, 1998. ISBN 0-312-19545-1</s>
    <s>Editors of Lingua Franca. The Sokal Hoax: The Sham That Shook the Academy . University of Nebraska Press, 2000. ISBN 0-8032-7995-7</s>
    <s>[edit] Further reading</s>
    <s>Callon, Michel (1999). &quot;Whose Impostures? Physicists at War with the Third Person&quot;. Social Studies of Science 29 (2): 261–86. doi</s>
    <s>Sokal, Alan D. and Bricmont, Jean. (1997) Réponse à Jacques Derrida et Max Dorra , in Le Monde , 12 December 1997, page 23.</s>
    <s>[edit] External links</s>
    <s>Alan Sokal Articles on the Social Text Affair Alan Sokal's own page with very extensive links; includes the original article</s>
    <s>Original hoax article (HTML)</s>
    <s>Sokal Affair quotes</s>
    <s>Sokal's response to the editors</s>
    <s>A discussion by Richard Dawkins of nonsense in post-modernist literature</s>
    <s>the new site for Andrew Bulkan's Postmodernism Generator mentioned in Richard Dawkins' article above</s>
    <s>Gabriel Stolzenberg's collected essays on this and related topics</s>
    <s>The Sokal Hoax: At Whom Are We Laughing?</s>
    <s>Retrieved from &quot;http://en.wikipedia.org/w/index.php?title=Sokal affair&amp;oldid=454089794&quot;</s>
    <s>1996 in science</s>
    <s>Academic scandals</s>
    <s>Criticism of postmodernism</s>
    <s>Duke University</s>
    <s>Hoaxes in science</s>
    <s>Hoaxes in the United States</s>
    <s>Academic journal articles</s>
    <s>Literary hoaxes</s>
    <s>Science and technology studies</s>
    <s>Scientific misconduct</s>
    <s>Sociology of scientific knowledge</s>
    <s>1996 hoaxes</s>
    <s>Hidden categories:</s>
    <s>All pages needing cleanup</s>
    <s>Wikipedia articles needing page number citations from April 2011</s>
    <s>Wikipedia articles needing factual verification from April 2011</s>
    <s>Articles to be expanded from April 2011</s>
    <s>All articles to be expanded</s>
    <s>Personal tools</s>
    <s>Log in / create account</s>
    <s>View history</s>
    <s>Main page</s>
    <s>Featured content</s>
    <s>Current events</s>
    <s>Random article</s>
    <s>Donate to Wikipedia</s>
    <s>About Wikipedia</s>
    <s>Community portal</s>
    <s>Recent changes</s>
    <s>Contact Wikipedia</s>
    <s>What links here</s>
    <s>Related changes</s>
    <s>Upload file</s>
    <s>Special pages</s>
    <s>Permanent link</s>
    <s>Cite this page</s>
    <s>Create a book</s>
    <s>Download as PDF</s>
    <s>Printable version</s>
    <s>This page was last modified on 5 October 2011 at 16:08.</s>
    <s>Text is available under the Creative Commons Attribution-ShareAlike License; additional terms may apply. See Terms of use for details.</s>
    <s>Wikipedia® is a registered trademark of the Wikimedia Foundation, Inc., a non-profit organization.</s>
    <s>Contact us</s>
    <s>Privacy policy</s>
    <s>About Wikipedia</s>
    <s>Mobile view</s>
    <s>Please use the preview button before saving. e)</s>
  </text>
</page>
