<?xml version="1.0" encoding="UTF-8"?>
<!DOCTYPE page SYSTEM "page.dtd">
<page>
  <lang>en</lang>
  <url>http://hometeamsonline.com/</url>
  <title>HomeTeamsONLINE - Sports Web Site Templates for Teams ...</title>
  <snippet>
    <s> WEBSITES. College Park Falcons; Army Xtreme; BC Football Conference; South Jersey Lynx . Track game, season, and career stats for each player. </s>
  </snippet>
  <text>
    <s>Team Website Pricing</s>
    <s>League Website Pricing</s>
    <s>Sports HQ</s>
    <s>Sign Up</s>
    <s>Make an instant Flash banner for your team, league or school sports web site. Try it Now&gt;&gt;&gt;</s>
    <s>MANAGE YOUR WEBSITE</s>
    <s>Forgot? Username Password</s>
    <s>FIND A TEAM OR LEAGUE</s>
    <s>Browse Team Name, City, etc.</s>
    <s>Check out</s>
    <s>created by</s>
    <s>our users </s>
    <s>FOOTBALL WEBSITES</s>
    <s>College Park Falcons</s>
    <s>Army Xtreme</s>
    <s>BC Football Conference</s>
    <s>South Jersey Lynx</s>
    <s>LACROSSE WEBSITES</s>
    <s>University of Oregon</s>
    <s>Hilton Cadets Lacrosse</s>
    <s>UCF Women's Lacrosse</s>
    <s>Walled Lake Knights</s>
    <s>HOCKEY WEBSITES</s>
    <s>St. Louis University</s>
    <s>Alaska All-Stars</s>
    <s>Grand Rapids HS</s>
    <s>University of Rhode Island</s>
    <s>BASEBALL WEBSITES</s>
    <s>Lincoln Trojans</s>
    <s>Play Ball USA</s>
    <s>Kelowna Falcons</s>
    <s>San Diego Show</s>
    <s>SOCCER WEBSITES</s>
    <s>Belleview United 94/95</s>
    <s>Washington Premier FC</s>
    <s>Augusta Amateur Soccer</s>
    <s>BASKETBALL WEBSITES</s>
    <s>Valley High Lady Vikings</s>
    <s>North Sevier Wolves</s>
    <s>Atlanta BattleCats</s>
    <s>N.Y.C. Finest</s>
    <s>SOFTBALL WEBSITES</s>
    <s>Georgia Fire-Kayler</s>
    <s>Crossfire Softball</s>
    <s>Bolton Lady Wildcats</s>
    <s>OTHER SPORTS</s>
    <s>New York Futsal</s>
    <s>St. John Eagle Volleyball</s>
    <s>Wakeland HS Wrestling</s>
    <s>Rugby Ohio</s>
    <s>Elite Hockey League</s>
    <s>Wake County Club Baseball</s>
    <s>Starting 5ive Basketball</s>
    <s>Potomac Valley Football</s>
    <s>Brunswick Comm. College</s>
    <s>Harper Creek Athletics</s>
    <s>Fr. Gabriel Richard HS</s>
    <s>Cabrillo High School</s>
    <s>STOP PLAYING</s>
    <s>GET SERIOUS</s>
    <s>WITH YOUR GAME</s>
    <s>school websites</s>
    <s>team websites</s>
    <s>league sites</s>
    <s>YOU PLAY TO WIN, we sweat the details</s>
    <s>Managing teams is hard work.</s>
    <s>We are here to help you </s>
    <s>• Make sites for JV and Varsity programs</s>
    <s>• Instantly text and email schedule changes</s>
    <s>• Easy online fundraising for booster clubs</s>
    <s>Call 800-486-0505 to get started</s>
    <s>Sign Up ►►</s>
    <s>START WITH A 30 DAY FREE TRIAL</s>
    <s>more school website features ►►</s>
    <s>Make your own sports website</s>
    <s>GREAT SUPPORT</s>
    <s>REAL PEOPLE. REAL ANSWERS.</s>
    <s>AWESOME STYLES</s>
    <s>QUICK TEMPLATES - easy to customize</s>
    <s>EMAIL &amp; TEXT ALERTS</s>
    <s>Instant notification for players &amp; fans</s>
    <s>PRIVACY. NO ADS. NO SPAM.</s>
    <s>Sign Up ►►</s>
    <s>TRY FOR FREE, NO OBLIGATION TO BUY</s>
    <s>more team website features ►►</s>
    <s>Great for AAU and USSSA Clubs</s>
    <s>UPDATE SCORES AND STATS</s>
    <s>Great Recruiting Tool for players</s>
    <s>EMAIL AND TEXT ALERTS</s>
    <s>Instant updates for players &amp; fans</s>
    <s>SPORT WEBSITE TEMPLATES</s>
    <s>Pick Professional Styles &amp; Customize</s>
    <s>PRIVACY. NO ADS. NO SPAM.</s>
    <s>Sign Up ►►</s>
    <s>TRY FOR FREE, NO OBLIGATION TO BUY</s>
    <s>more about club websites ►►</s>
    <s>Manage Your League ONLINE</s>
    <s> with the leader in sports website technology</s>
    <s>• Automatic Standings &amp; Stat leaders</s>
    <s>• Manage score input &amp; team disputes</s>
    <s>• Online Registration</s>
    <s>• Free scheduling tool - try it &gt;&gt;</s>
    <s>Call 800-486-0505 to get started</s>
    <s>Sign Up ►►</s>
    <s>START WITH A 30 DAY FREE TRIAL</s>
    <s>more league features ►►</s>
    <s>TEAM WEBSITE PRICING</s>
    <s>START WITH A FREE TEAM WEBSITE PLAN</s>
    <s>Home Page, Standings, Schedule, Box Scores, Roster, Player Profiles &gt;</s>
    <s>Player Stats, Photos &amp; Media, Flash Banner, Staff, B-Board &gt;</s>
    <s>FREE DOMAIN INCLUDED</s>
    <s>Custom Nav Bar, News, Sponsors, Guestbook, Custom Pages, Links &gt;</s>
    <s>FREE DOMAIN INCLUDED</s>
    <s>Online Registration Forms, Store, Fundraising Tools, Sponser Banners &gt;</s>
    <s>FREE DOMAIN NAME</s>
    <s>FREE WITH ALL-STAR AND CHAMPION PACKAGE</s>
    <s>!Use Your Own Domain Name</s>
    <s>Sign Up &gt;&gt;</s>
    <s>TRY FOR 30 DAYS FREE</s>
    <s>NO OBLIGATION TO BUY</s>
    <s>LEAGUE &amp; SCHOOL WEBSITES</s>
    <s>COLLEGESCLUBSATHLETIC PROGRAMS</s>
    <s>THE EASY WAY TO MANAGE LARGE SPORTS PROGRAMS</s>
    <s>TRY DEMO ►►</s>
    <s>PRICE BASED ON TEAMS - CALCULATE NOW!</s>
    <s>LEAGUESCHOOL PRICES ►►</s>
    <s>CUSTOMIZE YOUR SPORT SITE</s>
    <s>Pick a Style. Click. It's that easy!</s>
    <s>!standard !gymrat !elfuego !shortcircuit !gridiron !roadsidediner !sleeksilver !concretejungle</s>
    <s>PERSONALIZE YOUR TEAM WEBSITE</s>
    <s>TONS OF CUSTOMIZATION OPTIONS</s>
    <s>Team Web Site Templates</s>
    <s>HomeTeamsONLINE websites include many great features on your Web page templates (even if you don't use the statistics software):</s>
    <s>ROOKIE (FREE)</s>
    <s>This is a FREE Website to get you started. You can set up your roster, schedule, and post game scores and highlights.</s>
    <s>PRO-STYLE ($45 per year)</s>
    <s>A more professional feel for your team or league with the Flash Banner &amp; Photos. Track game, season, and career stats for each player. Easy posting of photographs, game highlights, player and coach biographies, and much more.</s>
    <s>ALL-STAR ($95 per year)</s>
    <s>This advanced package allows you to customize your nav bar and create custom pages and links. It also has a page for your sponsor banners, guest book, links page and a news article manager. FREE DOMAIN INCLUDED</s>
    <s>CHAMPION ($195 per year)</s>
    <s>Our premier package gives you the ability to sell and post your own advertisements online with the ONLINE DONATION MANAGER and AD BANNER MAKER, which are both excellent tools for raising money for your team, as well as a great way to support local communities, schools and universities. It also features Online Registration and an Online Store for your team to use to sell merchandise on the Web!</s>
    <s>Automated Stats Management Program Built In</s>
    <s>If you get a PRO-STYLE or better website for major team sports websites (Statistics Feature is only available for Baseball, Softball, Hockey, Soccer, Football, Basketball, and Lacrosse teams) and enter the game stats you get sortable team stats, player histories, averages and derived stats all calculated for you. A full featured stats program whether you just track a few things or want comprehensive stats for recruiting!</s>
    <s>League Web Site Templates</s>
    <s>All your teams can be managed from your league website. You can also allow each team to have their own web site with a separate login account. Coaches can submit rosters, schedules and scores from their sites directly. PRICING BASED ON NUMBER OF TEAMS.</s>
    <s>HomeTeamsONLINE News</s>
    <s>Use all our great sports website</s>
    <s>features for 30 days FREE</s>
    <s>You have the option to purchase a one year subscription for the sports website that fits your needs, either CHAMPION, ALL-STAR, or PRO-STYLE, or keep using the ROOKIE features.</s>
    <s>NEWOnline Donation Manager</s>
    <s>The Champion level package now allows you to collect Online Donations. Take the hassle out of team fundraising - set up your sponsor banner ads, and other cool pre-made donation packages that can be set up in seconds</s>
    <s>See Sample &gt;&gt;</s>
    <s>Set up Your School Sports or League Website</s>
    <s>Do you have a complicated league with conferences, divisions, or different age groups? Just sign up for a FREE league web site and try the &quot;Sports HQ&quot; today. You will have any sports program website up in minutesSee Demo &gt;&gt;</s>
    <s>Upload Music, Photos and Videos</s>
    <s>With the Website Media Manager on all our sites, uploading music, photos and videos could not be easier with the HTML editor tool built into every text areaAutomatically place any standard format (jpg, mpg, mp3) image, audio or video file on your website.</s>
    <s>Online Registration Forms</s>
    <s>You can create your own custom forms (as many as you need!) and even accept payments online. Registration forms are available with the CHAMPION web site.</s>
    <s>HOME TEAMS ONLINE HTO SPORTS WEBSITE TEMPLATES</s>
    <s>DOMAINS | SPORTS HQ DEMO | FUNDRAISING | PRESS INFO | SCHEDULER | SIGN-UP | HOME</s>
    <s>Copyright 2000-2011 HOME TEAMS ONLINE HTOSPORTS</s>
    <s>Privacy Policy and Terms of Service</s>
    <s>Sign Up &gt;&gt;</s>
  </text>
</page>
