<?xml version="1.0" encoding="UTF-8"?>
<!DOCTYPE page SYSTEM "page.dtd">
<page>
  <lang>en</lang>
  <url>http://callfora.com/2011/05/30/nepal-kathmandu-ah-ici2011-call-for-papersdeadline-august-15-2011-conference-date-4th-5th-and-6th-of-november2011/</url>
  <title>Nepal , Kathmandu, AH-ICI2011 call for papers,deadline August 15 ...</title>
  <snippet>
    <s>May 30, 2011 AH – ICI 2011 conference is technically co-sponsored by IEEE. Accepted papers include Engineering Index (EI) and EI Compendex and IEEE </s>
  </snippet>
  <text>
    <s>Call For Papers</s>
    <s>call for papers,call for paper, call for position,call for conference</s>
    <s>« ATNAC 2011, 9-11 NOV , Melbourne,Australia (Extended Due date)</s>
    <s>Call for Papers for the 4th IEEE InternationalWorkshop on Wireless Sensor, Actuator and Robot Networks (WiSARN-FALL 2011) »</s>
    <s>Nepal , Kathmandu, AH-ICI2011 call for papers,deadline August 15, 2011, conference date: 4th, 5th and 6th of November,2011</s>
    <s>Call For Papers - Second IEEE/IFIP Asian Himalayas International Conference</s>
    <s>on Internet</s>
    <s>Hyatt Regency Kathmandu, KATHMUNDU, NEPAL</s>
    <s>AH-ICI2011 conference 4th, 5th and 6th of November 2011, Hyatt Regency</s>
    <s>Kathmandu, KATHMUNDU, NEPAL.</s>
    <s>Is organized by Nepal Engineering College and Nepal College of</s>
    <s>information technology, Institute of Engineering IOE Nepal, Ministry of</s>
    <s>Environment Science and Technology National Information Technology Center in</s>
    <s>Nepal and technical co-sponsorship by IEEE.</s>
    <s>Important Dates</s>
    <s>Paper Submissions Deadline extended: August 15, 2011</s>
    <s>Notification of Acceptance: August 25, 2011</s>
    <s>Camera Ready Version Due: September 5, 2011</s>
    <s>Conference date: 4th, 5th and 6th of November, 2011</s>
    <s>Paper submission link at:</s>
    <s>Revised versions of selected papers will be published in international peer</s>
    <s>reviewed journals.</s>
    <s>AH - ICI 2011 conference is technically co-sponsored by IEEE.</s>
    <s>Accepted papers include Engineering Index (EI) and EI Compendex and IEEE</s>
    <s>IEEE Catalog Number: CFP1131H-CDR and ISBN: 978-1-4577-1088-9 and ISSN:</s>
    <s>Elsevier publishing house will be receiving all the titles of the accepted</s>
    <s>papers from IEEE AH - ICI 2011 conference for inclusion in its databases,</s>
    <s>The identification numbers, the IEEE catalog number and ISBN and ISSN has</s>
    <s>been assigned to AH - ICI 2011 accepted papers.</s>
    <s>IEEE Communications Society Tech. Committee on Computer Communications</s>
    <s>(TCCC) - for discussions on computer networking and communication.</s>
    <s>2011-05-30 by cfp |Category: August, call for papers | Tags: AH-ICI2011 |</s>
    <s>Comments are closed.</s>
    <s>cfp by date</s>
    <s>May 2011</s>
    <s>M T W T F S S</s>
    <s>« Apr</s>
    <s>Jun »</s>
    <s>cfp by Tag</s>
    <s>ATNAC Beijing Changsha china COMCOM CPSCom Dalian DESE2011 DSRC France Germany GLOBECOM Hawaii ICA3PP ICDCN ICESS ICNC ICOIN ICQT ICUMT IJAOCN IJRRWSN ITST LCN MMFI MobiCom MobiSys MobiWac P2MNet Postdoc RABAN RNDM Russia SCVN SenseApp Singapore Spain SPVC Taiwan TrustCom Ubicomp WASA WiMob WMCNT WPES</s>
    <s>October 2011</s>
    <s>September 2011</s>
    <s>August 2011</s>
    <s>June 2011</s>
    <s>May 2011</s>
    <s>April 2011</s>
    <s>February (EOD) (1)</s>
    <s>January (EOD) (5)</s>
    <s>April (EOD) (3)</s>
    <s>August (12)</s>
    <s>call for papers (338)</s>
    <s>December (EOD) (4)</s>
    <s>July (EOD) (50)</s>
    <s>June (EOD) (108)</s>
    <s>May (EOD) (108)</s>
    <s>November (EOD) (6)</s>
    <s>October (EOD) (14)</s>
    <s>others (8)</s>
    <s>position (30)</s>
    <s>September (EOD) (11)</s>
    <s>Recent Entries</s>
    <s>CALL FOR WORKSHOP PROPOSALS: WoWMoM 2012</s>
    <s>Call for participation - ATNAC 2011, 9-11 NOV 11, Melbourne,Australia</s>
    <s>Call for Participation - Workshop on Privacyin the Electronic Society (WPES 2011)</s>
    <s>IEEE SAFECONFIG Student Travel Award -- DEADLINE: Oct 13,2010, 11:59, EST</s>
    <s>CFP SPECTS 2012- Genoa Italy</s>
    <s>Postdoc position at Los Alamos National Laboratory</s>
    <s>Second Call: International Journal of Research and Reviews in NGN - December 2011 issue</s>
    <s>Steve Jobs (1955-2011)</s>
    <s>Student Travel grant for WUWNet11</s>
    <s>Tenure-track assistant professor position at University of Helsinki, Finland</s>
    <s>Copyright (C) 2011 Call For Papers All rights reserved.</s>
    <s>ProSense theme by Dosh Dosh , SEO by Lesishu.cn</s>
  </text>
</page>
