<?xml version="1.0" encoding="UTF-8"?>
<!DOCTYPE page SYSTEM "page.dtd">
<page>
  <lang>en</lang>
  <url>http://cmt.research.microsoft.com/</url>
  <title>Microsoft&#39;s Conference Management Toolkit</title>
  <snippet>
    <s>CMT is capable of handling the complex workflow of an academic conference including: Multiple roles such as Program Chair, Reviewer, MetaReviewers </s>
  </snippet>
  <text>
    <s>Welcome to CMT: Microsofts Academic Conference Management Service</s>
    <s>!Microsoft's Conference Management Toolkit</s>
    <s>Overview Click here to submit a new conference site request</s>
    <s>The Conference Management Toolkit (CMT) is a free conference management service sponsored by Microsoft Research. CMT is capable of handling the complex workflow of an academic conference including:</s>
    <s>Multiple roles such as Program Chair, Reviewer, MetaReviewers (commonly referred to as area chairs) Author, Proceedings Editor</s>
    <s>Customizable paper submission, reviewer, metareviewer and author feedback forms</s>
    <s>Abstract and paper submission, supplementary material</s>
    <s>Invitations to and management of reviewers (program committee)</s>
    <s>Management of conflicts of interest</s>
    <s>Reviewer bidding and preferences</s>
    <s>Suggestion of candidates for reviewing by area chairs</s>
    <s>Automatic and manual assignment of papers to reviewers</s>
    <s>Review submission</s>
    <s>Threaded discussions and online Program Committee meeting</s>
    <s>Author notification</s>
    <s>Camera-ready paper submission</s>
    <s>Integration with IEEE eCF service to manage electronic copyrights for IEEE conferences for accepted papers (new!)</s>
    <s>Creation of sessions for accepted papers</s>
    <s>Uploading slide decks for paper presentation</s>
    <s>Interoperation with archival systems (Arxiv)</s>
    <s>Graphical navigation, browsing and analysis of data by chairs (new!)</s>
    <s>CMT provides rich support to the Program Committee chairs for managing the conference workflow including customization of conference properties e.g., multiple tracks, deadlines, author submission and reviewer forms, double-blind reviewing, allowing authors to mark conflicts of interest with reviewers, use of external reviewers and meta reviewers. CMT also provides filtering, sorting and aggregation functionality as well as emailing capability to authors and reviewers that makes it easy to handle conferences with a large number of reviewers and submissions. CMT's extensive auditing capabilities allow Program Committee Chairs to track accesses to conference data. CMT enables the Program Committee chairs to easily bulk-import data as well as bulk-export conference data and reports in popular formats such as XML and Excel.</s>
    <s>CMT is a free and hosted service, and its functionalities are fully accessible through web based interfaces. CMT is built using Microsoft technologies including Windows Server, ASP.Net, Internet Information Server (IIS) and SQL Server. The interfaces support a wide range of browsers on multiple platforms.</s>
    <s>In the last two years, CMT has been used for more than 700 conferences, workshops, and various other programs. In the past one year alone, CMT has been used for 400+ conferences including several large ACM and IEEE conferences. Some examples of conferences that have used CMT this past year are:</s>
    <s>International Conference on Machine Learning ( ICML )</s>
    <s>World Wide Web Conference ( WWW )</s>
    <s>Neural Information Processing Systems ( NIPS ) Conference</s>
    <s>IEEE Computer Society Conference on Computer Vision and Pattern Recognition ( CVPR )</s>
    <s>IEEE International Conference on Data Engineering ( ICDE )</s>
    <s>IEEE Data Compression Conference</s>
    <s>IEEE International Conference on e-Science</s>
    <s>ACM Special Interest Group on Management of Data ( SIGMOD )</s>
    <s>ACM Special Interest Group on Knowledge Discovery and Data Mining ( SIGKDD )</s>
    <s>ACM SIGSPATIAL International Conference on Advances in Geographic Information Systems ( GIS )</s>
    <s>International Conference on International Conference on Very Large Data Bases ( VLDB )</s>
    <s>European Conference on Computer Vision ( ECCV )</s>
    <s>Asian Conference on Computer Vision ( ACCV )</s>
    <s>International Conference on Extending Database Technology ( EDBT )</s>
    <s>The architect of the Conference Management Toolkit is Surajit Chaudhuri, a Research Area Manager at Microsoft Research. CMT was first developed for ACM SIGKDD 1999. Since then, CMT has undergone several major improvements and extensions and has been used in over 1000 conferences to date.</s>
    <s>Using CMT</s>
    <s>To use CMT for your conference, please use the online conference site request form (click here) to submit a new request. We will get back to you within 2-3 working days.</s>
    <s>CMT provides email based support Monday through Friday, 9am to 5pm Pacific Time. Please contact cmt@microsoft.com for support issues. Since CMT is developed, operated and managed by a small team, support is limited. However, we will do our best to respond to issues in a timely manner (usually within 24 hours). We prefer if you can arrange abstract submission, paper submission and reviewer submission deadlines to fall on Tuesday, Wednesday or Thursday in order to ensure quick response from the CMT team. See the overview page for more details about CMT.</s>
    <s>User Roles in CMT</s>
    <s>There are three key roles in CMT in a typical conference: Chairs (e.g., Program Committee chairs) who customize and control the workflow of the conference, Authors who submit papers, and Reviewers assigned by the Chair to review the submissions. The activities of a user in each of these roles over the lifecycle of a conference are summarized here.</s>
    <s>Last updated on: July 2010</s>
    <s>Copyright 2009 Microsoft Corporation</s>
    <s>Review our Privacy Statement, Terms of Use</s>
    <s>If you have any comments, please write cmt@microsoft.com</s>
  </text>
</page>
