<?xml version="1.0" encoding="UTF-8"?>
<!DOCTYPE page SYSTEM "page.dtd">
<page>
  <lang>en</lang>
  <url>http://calendar.ucsd.edu/SearchResult.asp%3FResultType%3DOTHER</url>
  <title>Other ... - UC SAN DIEGO NEWS CENTER : CALENDAR OF EVENTS</title>
  <snippet>
    <s>Location: Dean&#39;s Conference Room - IR/PS Robinson Building Complex . science section of the Union Tribune and assistance from the listeners of the Science </s>
  </snippet>
  <text>
    <s>Query Go</s>
    <s>Advanced | A-Z Site Index</s>
    <s>Find Faculty/Staff</s>
    <s>Query Search</s>
    <s>NEWS CENTER</s>
    <s>ABOUT THE CALENDAR</s>
    <s>RELATED CALENDARS</s>
    <s>UCSD NEWS</s>
    <s>CAMPUS MAPS</s>
    <s>UCSD HOME</s>
    <s>Calendar of Events</s>
    <s>Search for Events:</s>
    <s>Advanced Search</s>
    <s>Other Events</s>
    <s>Results: 50 event(s) found.</s>
    <s>Zee Avi with Matt Grundy</s>
    <s>Date: Sunday, October 16, 2011 from 8:00 PM</s>
    <s>Location: The Loft - 2nd floor price center</s>
    <s>To coincide with the release of her sophomore album 'Ghostbird' The Loft is excited to welcome back Zee Avi to it's stage more</s>
    <s>Snorkel La Jolla Cove</s>
    <s>Date: Sunday, October 16, 2011 from 10:00 AM</s>
    <s>Location: Meet at the Outback Rental Shop near Pepper Canyon</s>
    <s>Explore the diverse coastal ecosystem of La Jolla cove more</s>
    <s>Dr. Thomas Lemieux (University of British Columbia)</s>
    <s>Date: Monday, October 17, 2011 from 2:00 PM</s>
    <s>Location: Economics Building Rm. 300</s>
    <s>Dr. Thomas Lemieux from the University of British Columbia will present Minimum Wages and the Joint Distribution Employment and Wages. more</s>
    <s>Program Abroad EXPO</s>
    <s>Date: Monday, October 17, 2011 from 10:00 AM</s>
    <s>Location: Library Walk</s>
    <s>Don't Miss the Programs Abroad EXPO on Monday, October 17th, 2011. Representatives from more than 70 international study, work, volunteer and internship programs will meet with students, faculty, and community members. more</s>
    <s>Dr. Frederico Finan (UC Berkeley)</s>
    <s>Date: Tuesday, October 18, 2011 from 3:30 PM</s>
    <s>Location: Dean's Conference Room - IR/PS Robinson Building Complex</s>
    <s>Dr. Frederico Finan from UC Berkeley will present Strengthening State Capabilities: The Role of Financial Incentives in the Call to Public Service. more</s>
    <s>Dr. Jonathon Wright (Johns Hopkins University)</s>
    <s>Date: Tuesday, October 18, 2011 from 3:30 PM</s>
    <s>Location: Economics Building Rm. 300</s>
    <s>Dr. Jonathon Wright from Johns Hopkins University will present his current research. more</s>
    <s>Conscious and Unconscious Memory Systems of the Mammalian Brain</s>
    <s>Date: Tuesday, October 18, 2011 from 12:00 PM</s>
    <s>Location: Biomedical Library</s>
    <s>Dr. Larry R. Squire will speak about conscious and unconscious memory systems of the mammalian brain in the Biomedical Library Events Room. more</s>
    <s>Dr. Matthias Blonski (Goethe Universitat)</s>
    <s>Date: Wednesday, October 19, 2011 from 2:00 PM</s>
    <s>Location: Economics Building Rm. 300</s>
    <s>Dr. Matthias Blonski from Goethe Universitat will present Equilibrium Selection in the Repeated Prisoner's Dilemma: Axiomatic Approach and Experimental Evidence. more</s>
    <s>Teachers, Protests, and Parties: The Political Economy of Educational Transfers in Mexico</s>
    <s>Date: Wednesday, October 19, 2011 from 3:30 PM</s>
    <s>Location: Institute of the Americas Building</s>
    <s>Marco Fernandez is a USMEX Visiting Fellow and a PhD candidate in Political Science at Duke University. more</s>
    <s>Connect with Rady School of Management: Full-Time MBA Open House</s>
    <s>Date: Wednesday, October 19, 2011 from 6:00 PM</s>
    <s>Location: Otterson Hall - MPR2</s>
    <s>Join Rady alumni, current students, and the Admissions team in an informal setting to ask questions and gain insight on what it takes to be a Full-Time MBA student at Rady. Live too far away to join us? We'll have a virtual option through Skype. more</s>
    <s>Dr. Pablo Kurlat (Stanford University)</s>
    <s>Date: Thursday, October 20, 2011 from 3:30 PM</s>
    <s>Location: Economics Building Rm. 300</s>
    <s>Dr. Pablo Kurlat from Stanford University will present his current research. more</s>
    <s>Why Can't California Fix Itself? The View from Washington</s>
    <s>Date: Thursday, October 20, 2011 from 6:30 PM</s>
    <s>Location: UCSD Faculty Club</s>
    <s>Congresswoman Karen Bass of California's 33rd Congressional District who serves on the House Steering and Policy Committee will give the fourth Charles Nathanson Memorial Lecture. more</s>
    <s>Charles Nathanson Memorial Lecture with Congresswoman Karen Bass</s>
    <s>Date: Thursday, October 20, 2011 from 6:30 PM</s>
    <s>Location: UCSD Faculty Club</s>
    <s>The Fourth Charles Nathanson Memorial Lecture, featuring Congresswoman Karen Bass. more</s>
    <s>Nest of Pirates: Piracy and the Formalization of the First British Empire</s>
    <s>Date: Thursday, October 20, 2011 from 1:00 PM</s>
    <s>Location: Geisel Library</s>
    <s>Professor Mark Hanna will discuss how pirates during most of the early modern period were actually actively welcomed and supported on the peripheries of what would become the first British Empire. more</s>
    <s>Older Than America</s>
    <s>Date: Thursday, October 20, 2011 from 12:00 PM</s>
    <s>Location: Ambulatory Care Center, Hillcrest</s>
    <s>Please join us for a suspenseful movie on Native American culture and the atrocities endured by Native American in boarding schools. Hosted by Natchee Blu Narnd, Ph.D more</s>
    <s>Connect with CONNECT</s>
    <s>Date: Thursday, October 20, 2011 from 5:00 PM</s>
    <s>Location: UC San Diego Sulpizio Cardiovascular Center 9434 Medical Center Drive La Jolla Ca, 92093</s>
    <s>Eat/drink/connect with 450+ business leaders from San Diego's most innovative industries on October 20 at Connect with CONNECT--the latest in Bio more</s>
    <s>Rady School of Management Presents the Postdoc MBA Information Session</s>
    <s>Date: Thursday, October 20, 2011 from 6:30 PM</s>
    <s>Location: Otterson Hall - Executive Education Suite (4th Floor)</s>
    <s>Assistant Dean JoAnne Starr will provide an overview of the Rady MBA and fellowship funding available for Postdocs. For participation details, please visit our website. more</s>
    <s>Chancellor's Challenge 5K Run/Walk for Scholars</s>
    <s>Date: Friday, October 21, 2011 from 10:30 AM</s>
    <s>Location: Recreation Intramural Athletic Complex (RIMAC)</s>
    <s>The Chancellor's Challenge 5K is an important campus tradition with a legacy that will last long into the future. Established in 1996, the Chancellor's Challenge 5K has raised more than $2.5 million, benefiting more than 850 students. more</s>
    <s>Rady School of Management at a Virtual Full-Time MBA Information Session</s>
    <s>Date: Friday, October 21, 2011 from 2:00 PM</s>
    <s>Location: Online</s>
    <s>Interested in our Full-Time MBA program, but haven't had an opportunity to stop by for more information? Join us for a virtual information session during your lunch hour. more</s>
    <s>UCSD-TV Premiere: La Jolla Music Society: SummerFest 2011: Finale</s>
    <s>Date: Friday, October 21, 2011 from 8:00 PM</s>
    <s>Location: UCSD-TV</s>
    <s>The 25th Anniversary concludes with works by Saint-Saens, Mendelssohn &amp; Enescu. more</s>
    <s>Dr. Katrine Loken (University of Bergen)</s>
    <s>Date: Monday, October 24, 2011 from 2:00 PM</s>
    <s>Location: Economics Building Rm. 300</s>
    <s>Dr. Katrine Loken from the University of Bergen will present her current researcher. more</s>
    <s>Kristy Buzard (UC San Diego)</s>
    <s>Date: Tuesday, October 25, 2011 from 3:30 PM</s>
    <s>Location: Dean's Conference Room - IR/PS Robinson Building Complex</s>
    <s>Kristy Buzard from UC San Diego will present her current research. more</s>
    <s>Rady School of Management's Virtual FlexMBA Information Session</s>
    <s>Date: Tuesday, October 25, 2011 from 6:00 PM</s>
    <s>Location: Online</s>
    <s>Interested in our FlexMBA program, but haven't had an opportunity to stop by for more information? Join us for a virtual information session. Rady School's Assistant Dean, JoAnne Starr, will present information on our FlexMBA program in a webinar. more</s>
    <s>Dr. David Dillenberger (University of Pennsylvania)</s>
    <s>Date: Wednesday, October 26, 2011 from 2:00 PM</s>
    <s>Location: Economic Building Rm. 300</s>
    <s>Dr. David Dillenberger from the University of Pennsylvania will present his current research. more</s>
    <s>International Relations Graduate School Fair (APSIA)</s>
    <s>Date: Wednesday, October 26, 2011 from 5:00 PM</s>
    <s>Location: Great Hall</s>
    <s>Are you interested in a career focused on international affairs? Come meet reps from top international affairs graduate degree programsNineteen APSIA schools (Association of Professional Schools of International Affairs) will be in attendance. more</s>
    <s>COLLABORATIONS WITH MY OTHER SELF</s>
    <s>Date: Thursday, October 27, 2011 from 5:00 PM</s>
    <s>Location: Atkinson Hall</s>
    <s>Harold Cohen more</s>
    <s>UCSD-TV Premiere: Taking Control of Your Diabetes: Sleep Apnea from A to Zzz</s>
    <s>Date: Thursday, October 27, 2011 from 8:00 PM</s>
    <s>Location: UCSD-TV</s>
    <s>Type 2 diabetes and the dangers of sleep apnea. more</s>
    <s>Faculty Seminar: Dr. Jeffrey Clemens (UC San Diego)</s>
    <s>Date: Friday, October 28, 2011 from 12:00 PM</s>
    <s>Location: Economics Building Rm. 300</s>
    <s>Dr. Jeffrey Clemens will present How Does Medical Practice Respond to Prices? Evidence from Shocks to Medicare Reimbursement Rates more</s>
    <s>Trespassing: The Future of the Humanities, a tribute to Professor Emeritus Masao Miyoshi</s>
    <s>Date: Friday, October 28, 2011 from 9:30 AM</s>
    <s>Location: Geisel Library</s>
    <s>Friends, colleagues, and former students will convene at the Seuss Room at the UCSD Geisel Library to explore the many facets of this complex thinker and his deep commitment to always improving humanistic inquiry. more</s>
    <s>Dr. Cristina Arellano (The Federal Reserve Bank of Minneapolis)</s>
    <s>Date: Saturday, October 29, 2011 from 3:30 PM</s>
    <s>Location: Economics Building Rm. 300</s>
    <s>Dr. Cristina Arellano from The Federal Reserve Bank of Minneapolis will present her current research. more</s>
    <s>Rock Climbing at Mission Gorge</s>
    <s>Date: Saturday, October 29, 2011 from 7:00 AM</s>
    <s>Location: Meet at the Outback Rental Shop near Pepper Canyon</s>
    <s>Learn to rock climb more</s>
    <s>Passage to Proxima</s>
    <s>Date: Sunday, October 30, 2011 from 7:00 PM</s>
    <s>Location: Geisel Library</s>
    <s>Special premiere performance of a live sci-fi radio drama written in an old-school style with assistance from the readers of the science section of the Union Tribune and assistance from the listeners of the Science Talk show on WsRadio.com. more</s>
    <s>Ben Backs (UC San Diego)</s>
    <s>Date: Monday, October 31, 2011 from 2:00 PM</s>
    <s>Location: Economics Building Rm. 300</s>
    <s>Ben Backs from UC San Diego will present his current research. more</s>
    <s>Silent Film: Dr. Jekyll and Mr. Hyde</s>
    <s>Date: Monday, October 31, 2011 from 7:00 PM</s>
    <s>Location: Geisel Library</s>
    <s>The Teeny-Tiny Pit Orchestra for Silent Films offers a special Halloween screening of the 1920 silent classic ''Dr. Jekyll and Mr. Hyde'' with live music and sound effects. more</s>
    <s>UCSD Halloween Costume Contest Invitation to Students, Faculty &amp; Staff</s>
    <s>Date: Monday, October 31, 2011 from 11:30 AM</s>
    <s>Location: Price Center West Plaza</s>
    <s>UCSD students, faculty &amp; staff are invited to enter the campus' traditional Halloween Costume Contest. Two winners in four categories. Prizes are awesome. Or choose to participate as a spectator of all the fun and shenanigans. more</s>
    <s>Chat with Rady School of Management's MBA Admissions</s>
    <s>Date: Thursday, November 03, 2011 from 12:00 PM</s>
    <s>Location: Online</s>
    <s>Join our admissions representative for an online chat. They will be available to answer questions about the admissions process, application, curriculum, networking and more. For participation details, please visit our website. more</s>
    <s>Moonlight Kayak on Mission Bay</s>
    <s>Date: Friday, November 04, 2011 from 6:00 PM</s>
    <s>Location: Meet at the Outback Rental Shop near Pepper Canyon</s>
    <s>Enjoy the beauty of Mission Bay's moonlit, glassy waters by kayak more</s>
    <s>The Scripps Research Institute's 50th Anniversary Gala</s>
    <s>Date: Saturday, November 05, 2011 from 6:00 PM</s>
    <s>Location: Estancia La Jolla Hotel &amp; Spa</s>
    <s>Join and/or support the Institute's inaugural gala fundraising event marking their 50th anniversary: &quot;A Tribute to Five Decades of Visionary Leadership, Scientific Breakthroughs and Educational Excellence. more</s>
    <s>Moonlight Hike at Cowles Mountain</s>
    <s>Date: Sunday, November 06, 2011 from 6:00 PM</s>
    <s>Location: Meet at the Outback Rental Shop near Pepper Canyon</s>
    <s>Hike to the top of San Diego with Outback Adventures more</s>
    <s>Skype with Rady School of Management Admissions</s>
    <s>Date: Monday, November 07, 2011 from 1:00 PM</s>
    <s>Location: Online</s>
    <s>Our Admissions Officer will be available by Skype from 1pm to 4pm (Pacific Standard Time) for any questions or concerns. Simply log into www.skype.com, and search for Anna Roybal (Skype ID: anna.at.rady). more</s>
    <s>UCSD Sustainability Networking Happy Hour</s>
    <s>Date: Wednesday, November 09, 2011 from 3:30 PM</s>
    <s>Location: Sustainability Resource Center, Price Center, UCSD</s>
    <s>All students, faculty, and staff interested in environmental sustainability are invited to join the UC San Diego Sustainability Solutions Institute and the Sustainability Resource Center for a sustainability networking happy hour on Wednesday, November 9. more</s>
    <s>Date: Thursday, November 17, 2011 from 4:00 PM</s>
    <s>Location: Thurgood Marshall College Field</s>
    <s>The original fall carnival-concert at Thurgood Marshall College with its iconic Ferris wheel, festive atmosphere and great bands you haven't heard of yet. Stay tuned for details. more</s>
    <s>Pure Spin Currents: Discharing Spintronics</s>
    <s>Date: Tuesday, November 22, 2011 from 3:30 PM</s>
    <s>Location: Center for Magnetic Recording Research</s>
    <s>As semiconducting electronic devices are miniaturized to ever-smaller dimensions, power dissipation becomes an ever-increasing problem due to leakage charge currents. Spintronics may help addressing some of these issues. more</s>
    <s>Annual Turkey Calling Show</s>
    <s>Date: Wednesday, November 23, 2011 from 12:00 PM</s>
    <s>Location: Geisel Library</s>
    <s>Hosted by sound effects wizard Scott Paulson (outreach coordinator of the UCSD Arts Library) this annual turkey calling show is presented in the style of an old-school radio show. more</s>
    <s>UC San Diego World AIDS Day</s>
    <s>Date: Thursday, December 01, 2011 from 7:00 AM</s>
    <s>Location: Price Center</s>
    <s>UC San Diego will honor World AIDS Day on Thursday, December 1, 2011 more</s>
    <s>CONNECT &quot;MIP&quot; Most Innovative New Product Awards</s>
    <s>Date: Friday, December 09, 2011 from 10:00 AM</s>
    <s>Location: Hilton La Jolla Torrey Pines</s>
    <s>CONNECT's Most Innovative New Product Awards are to San Diego's technology industry what the Academy Awards™ are to the movie business. more</s>
    <s>17th Annual Equal Opportunity/Affirmative Action Diversity Awards</s>
    <s>Date: Tuesday, February 14, 2012 from 2:00 PM</s>
    <s>Location: Price Center</s>
    <s>To recognize, students, faculty, staff and organizational units, departments and other members of the UCSD community who have made an outstanding contribution in the areas of Equal Opportunity, Affirmative Action &amp; Diversity more</s>
    <s>2012 Fiesta de las Estrellas</s>
    <s>Date: Thursday, April 12, 2012 from 6:00 PM</s>
    <s>Location: International House Great Hall</s>
    <s>Founded in 1998, the UCSD Hispanic Scholarship Council created an annual event to raise scholarship dollars at the University of California, San Diego. more</s>
    <s>Mexico Moving Forward II Conference</s>
    <s>Date: Thursday, May 03, 2012 through Friday, May 04, 2012 from 8:00 AM</s>
    <s>Location: Institute of the Americas Building</s>
    <s>Mexico Moving Forward is a two-day event where Mexico's visionary leaders will celebrate the country's excellence with a rare and open dialogue on Mexico's future. more</s>
    <s>Science &amp; Religion Panel Discussion</s>
    <s>Date: Monday, November 11, 2024 from 7:00 PM to 9:00 PM</s>
    <s>Location: Price Center</s>
    <s>Send us your feedback</s>
    <s>!Small UCSD Logo</s>
    <s>Official Web site of the University of California, San Diego</s>
    <s>University of California, San Diego, 9500 Gilman Dr., La Jolla, CA 92093</s>
    <s>(858) 534-2230</s>
    <s>Copyright (C)2001 Regents of the University of California. All rights reserved.</s>
    <s>Terms and Conditions of Use</s>
  </text>
</page>
