<?xml version="1.0" encoding="UTF-8"?>
<!DOCTYPE page SYSTEM "page.dtd">
<page>
  <lang>en</lang>
  <url>http://dche.blogspot.com/2010/11/poster-call-2011-conference.html</url>
  <title>SLA Chemistry Division (SLA-DCHE): Poster Call - 2011 Conference</title>
  <snippet>
    <s>Nov 30, 2010 Poster Call - 2011 Conference. CALL FOR ABSTRACTS! CALL FOR ABSTRACTS! All Sciences Poster Session – June 2011 in Philadelphia, </s>
  </snippet>
  <text>
    <s>skip to main | skip to sidebar</s>
    <s>SLA Chemistry Division (SLA-DCHE)</s>
    <s>News and Information from the Special Libraries Association Chemistry Division</s>
    <s>November 30, 2010</s>
    <s>Poster Call - 2011 Conference</s>
    <s>CALL FOR ABSTRACTSCALL FOR ABSTRACTS</s>
    <s>All Sciences Poster Session - June 2011 in Philadelphia, Pennsylvania</s>
    <s>SESSION CO-SPONSORS:</s>
    <s>SLA Biomedical &amp; Life Sciences, Chemistry, Engineering, Food Agriculture and Nutrition, Physics-Astronomy-Mathematics, and Science-Technology Divisions</s>
    <s>Conference theme this year is &quot;FUTURE READY&quot;</s>
    <s>&gt; Your poster presentation could help your colleagues immeasurably as we all seek to cultivate or enhance scientists' knowledge management skills and to demonstrate the value of our services to our parent organizations or potential clients. The poster session provides an informal and lively venue for sharing your innovative ideas on an important topic.</s>
    <s>Any SLA member is welcome to submit an abstract. In the event that a greater number of submissions are received than can be accommodated, members of the sponsoring science divisions will be given first preference.</s>
    <s>GUIDELINES and LAYOUT:</s>
    <s>Guidelines for materials and layout of poster presentations are available on the SLA Chemistry Division website at http://www.sla.org/division/dche/poster.html</s>
    <s>SUBMISSION of ABSTRACT:</s>
    <s>DEADLINE is February 1, 2011</s>
    <s>Please submit your name, institution, email address, poster title, and description (250 words or less) by email to SLAposter2011@gmail.com</s>
    <s>NOTIFICATION of ACCEPTANCE:</s>
    <s>All applicants will be notified re: poster proposal acceptance on or before March 1, 2011.</s>
    <s>FOR QUESTIONS, CONTACT:</s>
    <s>Rebecca A. Godwin</s>
    <s>Library / Resources Management</s>
    <s>Samuel Roberts Noble Foundation</s>
    <s>2510 Sam Noble Parkway</s>
    <s>Ardmore, Oklahoma 73401</s>
    <s>Posted by Teri at 12:08 PM</s>
    <s>Categories: 2011 Conference, Presentation and Poster Calls</s>
    <s>Newer Post Older Post Home</s>
    <s>Linda Maddux, Reed College</s>
    <s>Webmaster, SLA Chemistry Division</s>
    <s>Teri Vogel, UC San Diego</s>
    <s>2010 Chair, SLA Chemistry Division</s>
    <s>Recent Posts</s>
    <s>View RSS feed</s>
    <s>SLA Chemistry Division homepage</s>
    <s>Special Libraries Association</s>
    <s>RSS Feed</s>
    <s>2007 Conference (25)</s>
    <s>2008 Conference (6)</s>
    <s>2009 Conference (10)</s>
    <s>2010 Conference (13)</s>
    <s>2011 Conference (3)</s>
    <s>Alignment (1)</s>
    <s>Awards (10)</s>
    <s>Chem Resources (2)</s>
    <s>Chemistry (3)</s>
    <s>continuing education (2)</s>
    <s>courses (2)</s>
    <s>education (3)</s>
    <s>Executive/Advisory Board (9)</s>
    <s>Information Literacy (1)</s>
    <s>Information Outlook (1)</s>
    <s>Leadership Summit (4)</s>
    <s>MRM Section (3)</s>
    <s>Name Change (2)</s>
    <s>Newsletters (12)</s>
    <s>Posters (12)</s>
    <s>Presentation and Poster Calls (3)</s>
    <s>Presentations (3)</s>
    <s>professional partnerships (1)</s>
    <s>project (1)</s>
    <s>students (1)</s>
    <s>webcasts (2)</s>
    <s>wiki (1)</s>
    <s>► (4)</s>
    <s>► Jun 2011 (1)</s>
    <s>2011 Nominating Committee Report</s>
    <s>► Apr 2011 (2)</s>
    <s>Call for volunteers</s>
    <s>Early Bird Registration for Annual ends Friday, Ap </s>
    <s>► Feb 2011 (1)</s>
    <s>DCHE CE Courses at the 2011 Conference</s>
    <s>▼ (22)</s>
    <s>▼ Nov 2010 (2)</s>
    <s>Poster Call - 2011 Conference</s>
    <s>Webcast Recording &amp; Slides - Chem Info for the Non </s>
    <s>► Oct 2010 (3)</s>
    <s>Call for Wiggins-Roth Award</s>
    <s>Web Conference Opens Today!</s>
    <s>Chemical Info for the Non-Practitioner (10/19 Webc </s>
    <s>► Jul 2010 (4)</s>
    <s>2011 Chair-Elect, 2011-2012 Treasurer</s>
    <s>Future of Science Librarianship - Contributed Pape </s>
    <s>Polymer Information Resources: Bibliography</s>
    <s>Collection Intelligence: Presentations</s>
    <s>► Jun 2010 (3)</s>
    <s>2010 Conference - THANKS</s>
    <s>Conference Meeting Documents Posted</s>
    <s>DCHE Survey on SLA's 2009 Proposed Name Change</s>
    <s>► May 2010 (4)</s>
    <s>2010 Sparks Award for Ye Li</s>
    <s>Sci-Tech News - Issue 2 Online</s>
    <s>Chemistry Division Breakfasts at SLA Conference</s>
    <s>Nominations Announced</s>
    <s>► Mar 2010 (1)</s>
    <s>Sci-Tech News - Now Online</s>
    <s>► Feb 2010 (2)</s>
    <s>Assessing Collections &amp; Information Resources in S </s>
    <s>Call for Posters: 2010 Conference</s>
    <s>► Jan 2010 (3)</s>
    <s>2010 Chemistry Division CE Courses</s>
    <s>DCHE Executive Board for 2010</s>
    <s>2010 Sparks Award for Professional Development</s>
    <s>► (15)</s>
    <s>► Dec 2009 (1)</s>
    <s>The Vote Is In: SLA will remain SLA</s>
    <s>► Oct 2009 (1)</s>
    <s>2009 SLA All Sciences Online Poster Session now un </s>
    <s>► Aug 2009 (1)</s>
    <s>SLA DCHE Survey</s>
    <s>► Jun 2009 (2)</s>
    <s>DCHE Session on Interdisciplinary Science (Inside </s>
    <s>April - June 2009 Newsletter Available</s>
    <s>► May 2009 (5)</s>
    <s>All Sciences Poster Session Abstracts Available</s>
    <s>Nominations Announced</s>
    <s>Cancelled CE Course</s>
    <s>ACS New Professional Award: Paulina Borrego</s>
    <s>Sparks Award Winner: Li Zhang</s>
    <s>► Mar 2009 (2)</s>
    <s>2009 Conference Schedule Now Online</s>
    <s>Jan-Mar 2009 Newsletter Available</s>
    <s>► Feb 2009 (1)</s>
    <s>Click U Online Courses Now Included in SLA Members </s>
    <s>► Jan 2009 (2)</s>
    <s>Division CE Courses at SLA 2009</s>
    <s>Call for Posters: 2009 in Washington DC</s>
    <s>► (17)</s>
    <s>► Dec 2008 (2)</s>
    <s>A Note from the Chair-Elect</s>
    <s>News from the MRM Section Chair</s>
    <s>► Nov 2008 (1)</s>
    <s>2009 Sparks Award</s>
    <s>► Oct 2008 (4)</s>
    <s>Poster Web Conference, Session 2 (Oct 28-Nov 11)</s>
    <s>Chemistry Division Posters Online</s>
    <s>Poster Web Conference, Session 1 (Oct 6-21)</s>
    <s>July - September 2008 Newsletter</s>
    <s>► Sep 2008 (1)</s>
    <s>MRM Business Meeting Minutes</s>
    <s>► Jun 2008 (3)</s>
    <s>ACS Professional Development Award Winner: Carrie </s>
    <s>► Apr 2008 (1)</s>
    <s>► Mar 2008 (2)</s>
    <s>► Feb 2008 (1)</s>
    <s>► Jan 2008 (2)</s>
    <s>► (38)</s>
    <s>► Nov 2007 (4)</s>
    <s>► Sep 2007 (1)</s>
    <s>► Aug 2007 (4)</s>
    <s>► Jul 2007 (2)</s>
    <s>► Jun 2007 (5)</s>
    <s>► May 2007 (5)</s>
    <s>► Apr 2007 (5)</s>
    <s>► Mar 2007 (4)</s>
    <s>► Feb 2007 (5)</s>
    <s>► Jan 2007 (3)</s>
    <s>► (3)</s>
    <s>► Dec 2006 (3)</s>
  </text>
</page>
