<?xml version="1.0" encoding="UTF-8"?>
<!DOCTYPE page SYSTEM "page.dtd">
<page>
  <lang>en</lang>
  <url>http://ddc.typepad.com/025431/ddc_in_the_conference_hall/</url>
  <title>025.431: The Dewey blog: DDC in the conference hall</title>
  <snippet>
    <s>Posted by Joan at 04:38 PM in DDC in the conference hall | Permalink | Comments (0) | TrackBack (0) . The first day gives a review of the CrissCross project. </s>
  </snippet>
  <text>
    <s>025.431: The Dewey blog</s>
    <s>Everything you always wanted to know about the Dewey Decimal Classification® system but were afraid to ask </s>
    <s>September 2011</s>
    <s>August 2011</s>
    <s>July 2011</s>
    <s>June 2011</s>
    <s>May 2011</s>
    <s>April 2011</s>
    <s>March 2011</s>
    <s>February 2011</s>
    <s>January 2011</s>
    <s>December 2010</s>
    <s>Recent Posts</s>
    <s>New Add Table at 155 Differential and developmental psychology</s>
    <s>Population: Forecasting and Forecasts</s>
    <s>Happy Retirement, Giles!</s>
    <s>Computer programming, programs, and data</s>
    <s>Letitia (Tish) Reigle</s>
    <s>Wars and Participation of a Specific Ethnic Group in a Specific Country's Forces</s>
    <s>Electronica festivals</s>
    <s>Selected Topics in 297.1-.8 Islam: Draft for comment by August 12, 2011</s>
    <s>Dewey Events at IFLA 2011</s>
    <s>Networking and computer communications</s>
    <s>Recent Comments</s>
    <s>red bottom heel on Cholera</s>
    <s>moncler jackets on Public Debt</s>
    <s>supra womens shoes on Greenhouse Gas Mitigation and Prevention of Deforestation</s>
    <s>Jimmy Choo Chaussures on MARBI Proposals</s>
    <s>bieber supra on UFOs: Roswell and Elsewhere</s>
    <s>supra for boy on One segmentation or two, vicar?</s>
    <s>mac leasing on Computer Hardware and Storage</s>
    <s>carpinteyroegz on Snowstorms have ramifications</s>
    <s>lmsmuoci on Hubble Space Telescope</s>
    <s>Sarah on WebDewey 2.0 is now available!</s>
    <s>DDC people</s>
    <s>Joan Mitchell</s>
    <s>Julianne Beall</s>
    <s>assistant editor</s>
    <s>Rebecca Green</s>
    <s>assistant editor</s>
    <s>Michael Panzer</s>
    <s>assistant editor</s>
    <s>Bob Van Volkenburg</s>
    <s>director, cataloging products and services</s>
    <s>Libbie Crawford</s>
    <s>product manager</s>
    <s>Karl E. Debus-López</s>
    <s>chief, U. S. General Division, Library of Congress</s>
    <s>Eve Dickey</s>
    <s>section head, Dewey Section, Library of Congress</s>
    <s>July 01, 2011</s>
    <s>Dewey Events at IFLA 2011</s>
    <s>OCLC is sponsoring two important Dewey events in conjunction with the 2011 World Library and Information Conference (IFLA 2011) in San Juan, Puerto Rico, in August 2011.</s>
    <s>A DDC 23 training workshop will be held immediately preceding IFLA 2011 on 12 August at Universidad Metropolitana in San Juan, Puerto Rico. Registration (with a link to the agenda) is open at http://registration.oclc.org/reg/?pc=DDC23IFLAwkshp.</s>
    <s>The International Dewey Users Meeting (formerly known as the Dewey Translators Meeting) is scheduled for Tuesday, 16 August, 9:00–11:00, Room 202A, Puerto Rico Convention Center. The agenda will include highlights of DDC 23, additional proposed expansions to 297.1-297.8 Islam, features and planned enhancements to WebDewey 2.0, recent developments in the MARC 21 formats concerning DDC data, extensions to Dewey linked data, and an update from OCLC Research. Registration will be available on the OCLC IFLA web site the week of July 11. You may also contact me directly to register at mitchelj@oclc.org.</s>
    <s>Posted by Joan at 04:38 PM in DDC in the conference hall | Permalink | Comments (0) | TrackBack (0)</s>
    <s>June 17, 2011</s>
    <s>Dewey at the ALA Annual Conference</s>
    <s>Register here for Dewey Breakfast/Update on Saturday, 25 June, 7:00–8:30 am, in the Hilton Riverside Hotel, Marlborough Rooms A/B. The program will feature presentations on DDC 23, WebDewey 2.0, DDC-based discovery tools prototyped by OCLC Research, and the use of new and proposed DDC fields in MARC 21 formats. The ALCTS Public Libraries Technical Services Interest Group will meet in the same room directly following the Dewey Breakfast/Update.</s>
    <s>Juli Beall is among the speakers at the program “Children’s Cataloger’s Sandbox: Using Tools of Cataloging Correctly for Kids, 5th edition” on Sunday, 26 June, 4:00–5:30 pm, Morial Convention Center, Room 285. She will address tools for assigning Dewey numbers to children’s materials.</s>
    <s>Finally, I’ll present “DDC 23 in Context” during the meeting of ALCTS CCS Subject Analysis Committee meeting, Monday, 27 June, Hilton Riverside, Grand Salon C. The meeting runs 1:30-5:30 p.m.; my presentation is scheduled to begin around 3:00 p.m.</s>
    <s>Posted by Joan at 04:08 PM in DDC in the conference hall | Permalink | Comments (0) | TrackBack (0)</s>
    <s>March 16, 2011</s>
    <s>DDC 23 Webinar</s>
    <s>The “DDC 23: Sneak Preview” webinar presented twice on March 10 (and attended by 800+ Dewey users from around the world) is now available for playback or download here. We will address some of the questions submitted by webinar participants over the next few weeks on this blog, starting tomorrow with an answer to the question about Option B in 340 Law. Stay tuned!</s>
    <s>Posted by Joan at 04:29 PM in DDC in the conference hall | Permalink | Comments (0) | TrackBack (0)</s>
    <s>March 01, 2011</s>
    <s>DDC 23: A Sneak Preview</s>
    <s>I’ll be presenting two 30-minute webinars next week to provide a sneak preview of DDC 23, the new print edition of the Dewey Decimal Classification that is currently in final production. Each webinar includes the same content and will address the following topics:</s>
    <s>Major changes across DDC 23</s>
    <s>Selected major updates</s>
    <s>Selected new numbers</s>
    <s>The role of the worldwide community of Dewey users</s>
    <s>How to learn more about DDC 23</s>
    <s>The webinar is being offered twice on 10 March 2011 (11 March 2011 in some time zones) to accommodate participants across the worldwide Dewey community. Please register now to attend one of the free, live sessions using the links below:</s>
    <s>DDC 23: A Sneak Preview, 10:00 a.m. Eastern Standard Time (U.S.)</s>
    <s>DDC 23: A Sneak Preview, 3:00 p.m. Pacific Standard Time (U.S.)</s>
    <s>Posted by Joan at 11:59 PM in DDC in the conference hall | Permalink | Comments (0) | TrackBack (0)</s>
    <s>December 17, 2010</s>
    <s>Dewey Breakfast/Update at ALA Midwinter 2011</s>
    <s>Please join us for the Dewey Breakfast/Update at the ALA Midwinter Meeting on Saturday, January 8, 7:00–8:00 a.m., Hilton San Diego Bayfront Hotel, Sapphire Ballroom A. The program will feature a demonstration of WebDewey 2.0 (it’s here!), practical applications of our linked data web service dewey.info, and a sneak preview of DDC 23. The ALCTS Public Libraries Technical Services Interest Group will meet in the same room directly following the Dewey Breakfast/Update.</s>
    <s>If you haven’t done so already, please register for the meeting here. See you in San Diego!</s>
    <s>Posted by Joan at 03:37 PM in DDC in the conference hall | Permalink | Comments (0) | TrackBack (0)</s>
    <s>July 28, 2010</s>
    <s>International Dewey Users Meeting</s>
    <s>OCLC will host the annual International Dewey Users Meeting (formerly known as the Dewey Translators Meeting) in conjunction with the World Library and Information Congress (76th IFLA General Conference and Assembly) in Göteborg, Sweden. The meeting will be held Friday, 13 August, 16:00-18:00, in Swedish Conference Centre, Meeting Room J2. The agenda includes presentations on WebDewey 2.0, the Swedish mixed translation, the expansion of 297 Islam under way in cooperation with the Arabic translation team, and activities of the European DDC Users’ Group. Please register here by 4 August if you plan to attend the meeting.</s>
    <s>Posted by Joan at 06:54 PM in 200-299 Religion, DDC in the conference hall, DDC in the weird and wonderful web-world, DDC translations | Permalink | Comments (0) | TrackBack (0)</s>
    <s>European DDC Users' Group (EDUG)</s>
    <s>A brief bit of news on the European DDC Users’ Group (EDUG): The group met in Egypt at Bibliotheca Alexandrina (BA) 26-27 April 2010. The first day was devoted to meetings of three working groups (370, 930, and IT), plus the EDUG business meeting. (The EDUG 340 Law Working Group was not able to meet in Alexandria, but has planned a meeting in conjunction with IFLA.) On 27 April, EDUG and BA co-sponsored a full-day seminar, “Bridging the Class(ification) Divide: The New DDC Languages and Retrieval Possibilities.” The seminar featured speakers from the Arab region, Europe, and the United States. Presentations from the seminar are now available here.</s>
    <s>Posted by Joan at 06:44 PM in 300-399 Social sciences, 900-999 History &amp; geography, DDC in the conference hall, DDC in the research lab, DDC translations | Permalink | Comments (0) | TrackBack (0)</s>
    <s>June 14, 2010</s>
    <s>CrissCross and Concepts in Context</s>
    <s>The CrissCross research project was first mentioned in this blog in a report on the 2006 meeting of translators and representatives of national libraries and bibliographies using the DDC; the meeting had the theme “Dewey Numbers in Authority Files.” The project has been funded by the German Research Foundation and conducted by the German National Library and the Cologne University of Applied Sciences. Michael Panzer, now DDC assistant editor, was once team leader of CrissCross.</s>
    <s>Here from the CrissCross site is a brief description:</s>
    <s>&gt; In CrissCross the subject headings of the German subject headings authority file (SWD) are mapped to notations of the Dewey Decimal Classification (DDC). The method chosen for the mapping procedure is a directional one: the German subject headings function as initial vocabulary, the DDC as target classification. Appropriate DDC numbers are added directly to the particular SWD data record. The SWD Subject Groups serve as a starting point for the creation of work packages.</s>
    <s>The mapping is carried out as specific as possible (Deep level mapping); if necessary, institutional notations are built according to the DDC number building instructions. Due to the referential polysemy of many subject headings, one subject heading can be assigned to several DDC classes (One-to-many mapping). The strength of correspondence of SWD terms and DDC classes is expressed by a code, the so-called &quot;Degree of Determinacy&quot; (abbreviated: Det). In future retrieval systems the Degrees of Determinacy shall be used for ranking as well as for regulation of recall and precision of search results.</s>
    <s>The CrissCross web site has more information and many links to publications, presentations, and related projects.</s>
    <s>If you can be in the home of CrissCross in July, you are invited to a conference.</s>
    <s>Conference title:</s>
    <s>Concepts in Context – Cologne Conference on Interoperability and Semantics in Knowledge Organization</s>
    <s>Cologne University of Applied Sciences, Cologne, Germany</s>
    <s>Date: July 19th and 20th, 2010</s>
    <s>Short conference description:</s>
    <s>In cooperation with the German National Library (DNB), the Institute of Information Management (IIM) at the Cologne University of Applied Sciences would like to invite you to attend the Cologne Conference on Interoperability and Semantics in Knowledge Organization Concepts in Context on July 19th and 20th at the Cologne University of Applied Sciences in Cologne, Germany. The first day gives a review of the CrissCross project. The attendance of the event is free of charge. You will find the programme as well as further information and a registration form on the conference website: http://linux2.fbi.fh-koeln.de/cisko2010/index en.html.</s>
    <s>Posted by Juli at 02:33 PM in DDC in the conference hall, DDC in the research lab, Knowledge organization: events | Permalink | Comments (0) | TrackBack (0)</s>
    <s>March 04, 2010</s>
    <s>Dewey Breakfast at PLA 2010</s>
    <s>Please join us for the Dewey Breakfast/Update at the PLA National Conference 2010 on Thursday, March 25, 7:00–8:00 a.m., Doubletree Hotel Portland, Oregon Room.</s>
    <s>To keep you up to date with all matters Dewey, we will have presentations on the new WebDewey 2.0 (the development of which is coming along nicely) and on applications of our linked data web service dewey.info (with an exciting real-live demo of how the service has been implemented using mobile devices to support multilingual access into a public library’s catalog). There will also be an open discussion period—bring those burning Dewey questions and suggestions!</s>
    <s>If you haven’t done so already, please register for the Dewey Breakfast/Update here. See you soon in Portland!</s>
    <s>Posted by Michael Panzer at 11:00 AM in DDC in the conference hall | Permalink | Comments (0) | TrackBack (0)</s>
    <s>January 25, 2010</s>
    <s>Dewey Breakfast/Update at ALA Midwinter 2010: Presentations + 370 Education Discussion Paper</s>
    <s>The presentations from the Dewey Breakfast/Update on January 16, 2010, at the ALA Midwinter Meeting in Boston are now available on the Dewey web site at http://www.oclc.org/dewey/news/conferences/default.htm.</s>
    <s>Libbie Crawford gave a general DDC product update, and discussed the new screen layouts and features in WebDewey 2.0. Juli Beall presented work to date on improvements to 281.5-281.9 Eastern churches and 340 Law. Proposed changes to the development for 281 Eastern churches are currently out for an initial round of review with a group of experts in Orthodox Christianity. (Note: Rebecca Green is the lead editor on this work, but did not attend ALA.) Juli is working closely with the European DDC Users’ Group (EDUG) 340 Law Working Group on improvements to 340 Law to address European Union law, criminal courts and procedures, and general issues related to legal systems based on civil law.</s>
    <s>I discussed our work on 370 Education. For several years, we have been studying improvements to 370 Education to make the schedule a more useful general framework for the organization of education in a global context. We have focused initially on two areas in the 370 Education schedule: primary education in specific subjects (372.3-372.8) and levels of education (372-374, 378). To date, we have received advice from the EDUG 370 Education Working Group, members of the American Association of School Librarians, and the Decimal Classification Editorial Policy Committee (EPC). There is a discussion paper available on the Dewey web site that describes our current proposals. The revisions proposed in the paper are still preliminary, and subject to further development and review. We are seeking comments on the proposed revisions and open questions in the paper by February 27, 2010—interested parties can comment directly here on the blog, or e-mail their comments to me at mitchelj@oclc.org.</s>
    <s>I also gave a quick update on the project under way with the OCLC Research to create a BISAC authority file and add Dewey numbers to the records. Michael Panzer wrapped up the meeting with a demonstration of some applications of the current set of Dewey linked data available at dewey.info. He also discussed our plans to link Table 2 (Geographic Areas, Historical Periods, Persons) records with FAST geographic headings—besides the usefulness of additional terminology, the Table 2-FAST links will be a path to associate geographic coordinates with Table 2 records (records for FAST geographic headings include geographic coordinates algorithmically assigned from GeoNames). Exciting stuff!</s>
    <s>The next Dewey Breakfast/Update will be held in conjunction with the Public Libraries Association 13th National Conference in Portland, Oregon, on Thursday, March 25, 7:00-8:00 a.m. (place to be announced). Mark the date—we expect lots of new developments over the next two months!</s>
    <s>Posted by Joan at 05:45 PM in 200-299 Religion, 300-399 Social sciences, DDC in the conference hall, DDC in the research lab, DDC in the weird and wonderful web-world, DDC tables | Permalink | Comments (0) | TrackBack (0)</s>
    <s>Next »</s>
    <s>Dewey Decimal Classification FAQ</s>
    <s>025.431: The Dewey blog FAQ</s>
    <s>000-099 Computer science, information &amp; general works</s>
    <s>100-199 Philosophy &amp; psychology</s>
    <s>200-299 Religion</s>
    <s>300-399 Social sciences</s>
    <s>400-499 Language</s>
    <s>500-599 Science</s>
    <s>600-699 Technology</s>
    <s>700-799 Arts &amp; recreation</s>
    <s>800-899 Literature</s>
    <s>900-999 History &amp; geography</s>
    <s>DDC editorial projects</s>
    <s>DDC in arts and culture</s>
    <s>DDC in history</s>
    <s>DDC in the classroom</s>
    <s>DDC in the conference hall</s>
    <s>DDC in the research lab</s>
    <s>DDC in the weird and wonderful web-world</s>
    <s>DDC mappings from CSH</s>
    <s>DDC mappings from LCSH</s>
    <s>DDC number of the day</s>
    <s>DDC tables</s>
    <s>DDC tip of the week</s>
    <s>DDC translations</s>
    <s>Knowledge organization: events</s>
    <s>Knowledge organization: issues</s>
    <s>September 2011</s>
    <s>Sun Mon Tue Wed Thu Fri Sat</s>
    <s>Legal information:</s>
    <s>All copyright rights in the Dewey Decimal Classification system are owned by OCLC. Connexion, DDC, Dewey, Dewey Decimal Classification, OCLC, WebDewey, and WorldCat are registered trademarks of OCLC. All other service names are registered with their respective companies.</s>
    <s>Blog powered by TypePad</s>
    <s>Subscribe to this blog's feed</s>
  </text>
</page>
