<?xml version="1.0" encoding="UTF-8"?>
<!DOCTYPE page SYSTEM "page.dtd">
<page>
  <lang>en</lang>
  <url>http://iaprcommence.sourceforge.net/intro.html</url>
  <title>Untitled Document - IAPR Commence Conference System</title>
  <snippet>
    <s>IAPR COMMENCE helps the conference chair by performing the following tasks: Australian Pattern Recognition Society); Logo for Conference – An image file </s>
  </snippet>
  <text>
    <s>What does IAPR Commence do?</s>
    <s>IAPR COMMENCE helps the conference chair by performing the following tasks:</s>
    <s>Collection of expressions of interest and contact details</s>
    <s>Electronic submission of papers and author details</s>
    <s>Electronic bidding by reviewers for papers</s>
    <s>Assignment of Papers to reviewers</s>
    <s>Collection of reviewer comments and recommendations</s>
    <s>Emailing letters of acceptance and rejection</s>
    <s>Allowing authors to submit revised papers after reading reviewers comments</s>
    <s>Extracting the final papers to the web, CD-ROM, or print publication</s>
    <s>Printing name tags for participating members</s>
    <s>What is the Conference Info?</s>
    <s>Conference Info is information relating to the conference that can be set from the administrator interface. It comprises:</s>
    <s>Conference Name - The name of the conference (e.g., Workshop on Digital Image Computing 2003)</s>
    <s>Conference Code Name - The abbreviation for the conference (e.g., WDIC2003)</s>
    <s>Conference Date - The date(s) of the conference</s>
    <s>Conference Location - The location of the conference (e.g., Brisbane, Australia)</s>
    <s>Conference Hostname - The name of the sponsoring organisation (e.g., Australian Pattern Recognition Society)</s>
    <s>Logo for Conference - An image file of the logo of the conference</s>
    <s>What are the Phases?</s>
    <s>Phases are different modes of operation used for running the conference. Each phase has its own set of privileges and operations available to the users, reviewers, and administrators. The available phases are:</s>
    <s>Paper Submission</s>
    <s>Reviewer Bidding</s>
    <s>Final Paper Submission</s>
    <s>Paper Submission - allows the registered users to submit their paper proposals. The users are able to submit and and edit their papers during this phase.</s>
    <s>Behaviour of Paper Submission Phase:</s>
    <s>The user may submit a new paper or edit a submitted paper</s>
    <s>The user may withdraw papers</s>
    <s>The reviewer accounts are not active in this phase although they can be set up.</s>
    <s>Reviewer Bidding - allows the reviewer to indicate (bid on) which papers they wish to review or not to review. The administrator or chair can skip this phase if he wishes to assign papers directly.</s>
    <s>Behaviour of Reviewer Bidding Phase:</s>
    <s>The user is prevented from submitting and editing papers</s>
    <s>The reviewer indicates preferences on submitted papers</s>
    <s>The administrator checks the reviewer preferences and assigns papers to the most appropriate reviewers</s>
    <s>Reviewing - allows the reviewers to make reviews on papers assigned to them.</s>
    <s>Behaviour of Reviewing Phase:</s>
    <s>The user is prevented from submitting new papers and editing submitted papers</s>
    <s>The user can see how many reviews have come in but cannot see any decision on their papers</s>
    <s>The reviewer makes their reviews on the papers assigned to him.</s>
    <s>The administrator view the reviews and decide to accept or reject the paper. After the paper is accepted or rejected, emails are be sent to inform authors of the decision.</s>
    <s>Final Paper Submission - allows the users to submit their final accepted papers for the conference.</s>
    <s>Behaviour of Final Paper Submission:</s>
    <s>The users can see reviewer comments and the final decision on their papers</s>
    <s>The users may submit a revised copy of their accepted papers for presentation at the conference and correct details such as paper title and author precedence</s>
    <s>The reviewer accounts are inactive</s>
    <s>The administrator can extract all the revised papers and publish them to the web, CDROM, or print. They can also print name tags for all the participants.</s>
  </text>
</page>
