<?xml version="1.0" encoding="UTF-8"?>
<!DOCTYPE page SYSTEM "page.dtd">
<page>
  <lang>en</lang>
  <url>http://eipbn.org/registration/</url>
  <title>EIPBN Nanopatterning Conference Registration | EIPBN</title>
  <snippet>
    <s>Full Conference w/ Proceeding and Banquet, 690, 790, 790. Full Conference w/ Additional Welcome Reception Ticket, 60, 60, 60. Additional Proceedings, 80 </s>
  </snippet>
  <text>
    <s>Call for Papers</s>
    <s>Abstract Submission</s>
    <s>Abstract Review Instructions and Links</s>
    <s>Sponsors and Exhibitors</s>
    <s>EIPBN 2011 Sponsors</s>
    <s>EIPBN 2011 Exhibitors</s>
    <s>About EIPBN</s>
    <s>EIPBN History Table</s>
    <s>Organizing Committee</s>
    <s>Advisory Committee</s>
    <s>Sister Conferences</s>
    <s>EIPBN Historical Websites</s>
    <s>Sister Conferences</s>
    <s>MNC 2011</s>
    <s>MNE 2011</s>
    <s>Conference Archives</s>
    <s>About Nano- Patterning</s>
    <s>Micrograph Contest</s>
    <s>Entrepreneur's Challenge</s>
    <s>Contact Us</s>
    <s>Advanced Registration for EIPBN 2012 will open soon.</s>
    <s>Early Registration 5/1/2012</s>
    <s>Late Registration 5/2/12 to 5/18/12</s>
    <s>Full Conference w/ Proceeding and Banquet</s>
    <s>Full Conference w/ Proceeding (No Banquet)</s>
    <s>Student with Banquet</s>
    <s>Student (No Banquet)</s>
    <s>Additional Banquet Ticket</s>
    <s>Additional Welcome Reception Ticket</s>
    <s>Additional Proceedings</s>
    <s>Cancellaion Fee</s>
    <s>Commercial Session</s>
    <s>Booth 10ft x 10ft</s>
    <s>Booth 20ft x 10ft (double size)</s>
    <s>Extra Welcome Reception</s>
    <s>Extra Banquet Ticket</s>
    <s>Student Support</s>
    <s>Corporate Name on Bag/Pad Folio</s>
    <s>Partial Sponsorship</s>
    <s>Exclusive Sponsorship</s>
    <s>Corporate Name on Lanyard</s>
    <s>Partial Sponsorship</s>
    <s>Exclusive Sponsorship</s>
    <s>Coffee/Breakfast/Snack Break (per Break, one event)</s>
    <s>Partial Sponsorship</s>
    <s>Exclusive Sponsorship</s>
    <s>Reginald C. Farrow Conference Chairman EIPBN2012 51 Van Doren Ave Somerset, NJ 08873 (973) 596-2473</s>
    <s>Before 5/4/2010</s>
    <s>Late Registration 5/4/10 to 5/18/10 On-line Registration Closed</s>
    <s>Full Conference w/ Proceeding and Banquet</s>
    <s>Full Conference w/ Proceeding (No Banquet)</s>
    <s>Student with Banquet</s>
    <s>Student (No Banquet)</s>
    <s>Additional Banquet Ticket</s>
    <s>Additional Welcome Reception Ticket</s>
    <s>Additional Proceedings</s>
    <s>Cancellation Fee</s>
    <s>Committee Login</s>
    <s>Sponsors for 2011:</s>
    <s>HOME | EIPBN CONFERENCE 2011 | SPONSORS | ABOUT EIPBN | ABOUT NANOPATTERNING | CONTACT US</s>
    <s>(C) 2011 - 2012 EIPBN. All rights reserved.</s>
  </text>
</page>
