<?xml version="1.0" encoding="UTF-8"?>
<!DOCTYPE page SYSTEM "page.dtd">
<page>
  <lang>en</lang>
  <url>http://chn.loyno.edu/mathematics/success/invited-speaker-international-conference-held-beijing-china</url>
  <title>Invited Speaker At An International Conference Held In Beijing ...</title>
  <snippet>
    <s>Invited speaker at an international conference held in Beijing, China Office Location: Monroe Hall, Room 540 | Mailing Address: 6363 St. Charles Avenue, Box </s>
  </snippet>
  <text>
    <s>Loyola University New Orleans</s>
    <s>Loyola Home | A-Z Index | Calendar | Monroe Library | Find People</s>
    <s>College of HUNS Home | LORA | Blackboard | WolfMail</s>
    <s>College of Humanities and Natural Sciences</s>
    <s>Bachelor of Science in Mathematics</s>
    <s>Bachelor of Science in Computational Mathematics</s>
    <s>About Mathematics</s>
    <s>Programs of Study</s>
    <s>Faculty + Staff</s>
    <s>Return to the College of Humanities + Natural Sciences Homepage</s>
    <s>Upcoming Events</s>
    <s>Thursday, October 27, 2011</s>
    <s>Biological Sciences Career Seminars: Osteopathic Medicine in the South</s>
    <s>Tuesday, November 1, 2011</s>
    <s>Biological Sciences Research Seminar: &quot;Targeting Src kinase and microtubules&quot; by Dr. Rowan</s>
    <s>Thursday, November 3, 2011</s>
    <s>Biological Sciences Career Seminar: Opportunities in Dentistry</s>
    <s>View all events »</s>
    <s>Mathematical Sciences</s>
    <s>Faculty Successes</s>
    <s>Invited speaker at an international conference held in Beijing, China</s>
    <s>Invited speaker at an international conference held in Beijing, China</s>
    <s>!Dr. Michael Kelly, Dept of Mathematical Sciences, Loyola University New Orleans</s>
    <s>Michael Kelly, Professor of Mathematics, was an invited speaker at the International Conference on Nielsen Fixed Point Theory and related topics. The conference was held at Capital Normal University, Beijing, China, June 20-24, 2011. He gave a presentation entitled &quot;Graph representatives for planar surface mappings.&quot;</s>
    <s>Loyola University New Orleans is a member of the Association of Jesuit Colleges &amp; Universities</s>
    <s>Department of Mathematics | College of Humanities + Natural Sciences | Phone: 504-865-3340 | Fax: 504-865-2051</s>
    <s>College Intranet | Mathematics Intranet</s>
    <s>Office Location: Monroe Hall, Room 540 | Mailing Address: 6363 St. Charles Avenue, Box 35, New Orleans, LA 70118</s>
    <s>Copyright (C) 1996-2011 Loyola University New Orleans | Emergency Information</s>
    <s>Popular Searches</s>
    <s>Campus Maps</s>
    <s>Employment at Loyola</s>
    <s>Academic Calendars</s>
    <s>Study Abroad</s>
    <s>Student Records</s>
    <s>Parking Services</s>
    <s>Faculty + Staff</s>
    <s>Human Resources</s>
    <s>Faculty Innovation</s>
    <s>Administrative Senate</s>
    <s>University Senate</s>
    <s>Mission Statements</s>
    <s>Marketing + Communications</s>
    <s>Admissions Office</s>
    <s>Student Finance</s>
    <s>Scholarships + Financial Aid</s>
    <s>Federal Work Study Program</s>
    <s>LORA | Bulletin | Blackboard | Wolfmail</s>
    <s>Connect with Loyola</s>
    <s>Loyola Social Hub</s>
    <s>Give Now</s>
  </text>
</page>
