<?xml version="1.0" encoding="UTF-8"?>
<!DOCTYPE page SYSTEM "page.dtd">
<page>
  <lang>en</lang>
  <url>http://digitalcommons.kennesaw.edu/facpubs/476/</url>
  <title>&quot;Live From Across the Country: A Conference Session of In-Class ...</title>
  <snippet>
    <s>We describe a conference session designed to present teaching demonstrations, especially for the introductory course. The session has been well received at </s>
  </snippet>
  <text>
    <s>Skip to main content</s>
    <s>DigitalCommons@Kennesaw State University</s>
    <s>My Account</s>
    <s>&lt; Previous Article</s>
    <s>Next Article &gt;</s>
    <s>Home &gt; Faculty Publications &gt;</s>
    <s>Faculty Publications</s>
    <s>Live From Across the Country: A Conference Session of In-Class Demonstrations</s>
    <s>G. William Hill IV, Kennesaw State University</s>
    <s>Joseph J. Palladino, University of Southern Indiana</s>
    <s>Randolph A. Smith, Kennesaw State University</s>
    <s>Document Type</s>
    <s>Publication Date</s>
    <s>We describe a conference session designed to present teaching demonstrations, especially for the introductory course. The session has been well received at various conferences and has several benefits for presenters and participants. Suggestions for those interested in scheduling such a session are offered.</s>
    <s>Recommended Citation</s>
    <s>Hill IV, G., Palladino, J., &amp; Smith, R. (1992). Live From Across the Country: A Conference Session of In-Class Demonstrations. Teaching of Psychology, 19(1), 54-55.</s>
    <s>Tell a Colleague</s>
    <s>Enter search terms:</s>
    <s>Select context to search:</s>
    <s>in this series in this repository across all repositories</s>
    <s>Notify me via email or RSS</s>
    <s>Author Corner</s>
    <s>Author FAQ</s>
    <s>Digital Commons</s>
    <s>Home | About | FAQ | My Account | Accessibility Statement</s>
  </text>
</page>
