<?xml version="1.0" encoding="UTF-8"?>
<!DOCTYPE page SYSTEM "page.dtd">
<page>
  <lang>en</lang>
  <url>http://grantprofessionals.org/professional-development/conference/conference-tips</url>
  <title>Conference Tips</title>
  <snippet>
    <s>Most conference participants wear business clothes for day and evening events. Vegas is usually very comfortable, and it&#39;s a great time to be active outdoors. GPA&#39;s Exhibit Hall features products and services that can help you succeed in </s>
  </snippet>
  <text>
    <s>GPC Credential | Conference | Join</s>
    <s>info@grantprofessionals.org | 913.788.3000 | Login</s>
    <s>Job Center</s>
    <s>Find a Consultant</s>
    <s>Professional Development</s>
    <s>Get Involved</s>
    <s>Job Center</s>
    <s>Find a Consultant</s>
    <s>Professional Development</s>
    <s>How to Register</s>
    <s>Featured Speakers</s>
    <s>Workshop Information</s>
    <s>Accommodations and Travel</s>
    <s>Conference Tips</s>
    <s>Sponsors, Exhibitors and Advertisers</s>
    <s>History and Future</s>
    <s>Silent Auction</s>
    <s>GPA Community</s>
    <s>GPC Credential</s>
    <s>Mentoring Program</s>
    <s>Get Involved</s>
    <s>What's New?</s>
    <s>GPA Endorses The FundBook!</s>
    <s>NEW MEMBER BENEFITS JUST ANNOUNCED!</s>
    <s>Upcoming Webinars</s>
    <s>Journal Now Available</s>
    <s>Welcome To GPA!</s>
    <s>Join GPA Email List</s>
    <s>Conference Tips</s>
    <s>Welcome to The Entertainment Capital of the World</s>
    <s>Below are a few tips for enjoying the GPA Conference.</s>
    <s>Conference Attire</s>
    <s>Most conference participants wear business clothes for day and evening events.</s>
    <s>October weather in Las Vegas is usually very comfortable, and it's a great time to be active outdoors. The weather keeps getting cooler as the month goes on; the daily high will drop more than 10 degrees. The temperature drops quickly when the sun goes down, and surprises many people when they walk out the door of a Las Vegas Hotel at 4PM without a jacket and they're trembling at 7PM. Be prepared for a little cool weather at night, but enjoy the great daytime Las Vegas October weather. It's a great time for just about any outdoor activity, although swimming may be a little hard by the end of the month, on some days. - Information from website: Las Vegas Weather</s>
    <s>October Temperature</s>
    <s>Highs - 82 degrees</s>
    <s>Lows - 54 degrees</s>
    <s>Exhibit Hall</s>
    <s>GPA's Exhibit Hall features products and services that can help you succeed in the grants profession. Make sure to bring plenty of business cards and stop by and visit all of the exhibit booths.</s>
    <s>Give Back</s>
    <s>As has become custom at the national conference, the local committee has chosen a nonprofit organization for us to have the opportunity to give back to their local community.</s>
    <s>The Shade Tree, a non-profit 501 © 3 organization, would like to be the recipient of toiletry items collected during the Grant Professionals Association Conference and CharityChannel Summit in October 2011 at Bally's Hotel and Casino. The items would be a gift from the members of the event to the residents of The Shade Tree for their personal use. Please find the following information regarding The Shade Tree for use to describe the organization to potential toiletry donors.</s>
    <s>Since 1990, The Shade Tree has served homeless and abused women and children; victims of domestic violence, elder abuse, street violence; female veterans; homeless youth; and the physically disabled in its 38,000-sq. ft. facility. The shelter is the largest of its kind in the state, and is accessible 24/7. Amenities include: libraries, training rooms, play rooms, and 364 beds in sleeping rooms along with an on-site animal sanctuary for the pets of sheltered guests. There is a &quot;dayroom,&quot; medical clinic, and laundry room for every guest. Using programs offered by The Shade Tree, women can rebuild their lives and begin the journey back to having a home of their own and healing from the events that lead them to the shelter. The Shade Tree provides some 109,000 nights of shelter each year.</s>
    <s>More details to follow </s>
    <s>First Timers</s>
    <s>GPA welcomes individuals who are either new to grant writing or attending the Annual Conference for the first time. Special programs such as the First Timers Welcome &amp; Breakfast on Thursday morning, introduces newcomers to GPA and to the National Conference.</s>
    <s>The Annual Conference is an exceptional venue for peer networking, exchanging best practices and tips, and making life-long friendships. We offer a Welcome Reception on Wednesday evening as well as Thursday morning workshops geared specifically toward networking with other attendees in your Special Interest Group. Bring your business cards and be ready to mingle.</s>
    <s>Optional Activities or Evenings Out</s>
    <s>We will not be hosting an optional evening outing this year. There is a wealth of entertainment activities available in Las Vegas. It would be virtually impossible to make a decision on choosing only one activity. The local conference committee will have a hospitality table in the exhibit area. They will have lots of ideas to share for activities you could do during your free time. Also, the hotel concierge has a large number of options available. See below for other ideas.</s>
    <s>Things to Do &amp; See In Las Vegas</s>
    <s>Visit the Official Las Vegas Tourism Site.</s>
    <s>Click here to view the online version of the Las Vegas Visitors Guide.</s>
    <s>Las Vegas: Things to Do Besides Gamble (provided by TripAdvisor.com)</s>
    <s>Other Things to Do:</s>
    <s>Visit The Neon Museum (This museum is dedicated to perserving and displaying old neon signs.)</s>
    <s>Take in a show - The Beatles &quot;Love&quot; (Cirque du Soleil); Barry Manilow (Paris Las Vegas); Blue Man Group (Venetian); Celine Dion (Caesar's Palace); Disney's The Lion King (Mandalay Bay); Donnie and Marie (Flamingo) and much more!</s>
    <s>Tour the Hoover Dam - Details</s>
    <s>Join GPA | About GPA | FAQ</s>
    <s>Calendar | Job Center | Professional Development | Publications</s>
    <s>Chapters | Get Involved | GPA Store | Home | Contact Us</s>
    <s>Grant Professionals Association</s>
    <s>1333 Meadowlark Lane, Suite 105 | Kansas City, KS 66102</s>
    <s>Phone (913) 788-3000 | Fax (913) 788-3398 | info@grantprofessionals.org</s>
    <s>Terms Of Use | Privacy Statement</s>
    <s>(C) Copyright Grant Professionals Association (R) - All Rights Reserved</s>
    <s>Website by Cheryl Hanback Consulting LLC</s>
  </text>
</page>
