<?xml version="1.0" encoding="UTF-8"?>
<!DOCTYPE page SYSTEM "page.dtd">
<page>
  <lang>en</lang>
  <url>http://crd.lbl.gov/~dhbailey/dhbtalks/</url>
  <title>Talks Directory</title>
  <snippet>
    <s>Jul 10, 2011 Here are some of my recent talks. SIAM Computational Science and Engineering Conference, invited talk, Miami, FL (Mar 2009). and Social Studies of Biology (ISHPSSB 2011), Salt Lake City, UT (10-15 Jul 2011). PDF.</s>
  </snippet>
  <text>
    <s>Talks Directory</s>
    <s>David H. Bailey</s>
    <s>Update: 10 Jul 2011</s>
    <s>Here are some of my recent talks. These are listed in approximate chronological order, with most recent talks listed last.</s>
    <s>1. &quot;High-Precision Arithmetic and Experimental Mathematics,&quot; presentation to Sun Microsystems, Berkeley, CA (Jan 2009). PDF</s>
    <s>2. &quot;High-Precision Numerical Integration on High-Performance Computers,&quot; High-Dimensional Approximation 2009 (HDA'09), invited talk, Sydney, Australia (Feb 2009). PDF</s>
    <s>3. &quot;Experimental Mathematics, Multicore Processors and Highly Parallel Computing,&quot; SIAM Computational Science and Engineering Conference, invited talk, Miami, FL (Mar 2009). PDF</s>
    <s>4. &quot;High-Precision Arithmetic and Mathematical Physics,&quot; invited lecture at Computer Algebra and Particle Physics (CAPP) school, DESY, Zeuthen, Germany (Mar 2009); similar talk given at ETH-Zurich, Zurich, Switzerland (Apr 2009). PDF</s>
    <s>5. &quot;High-Precision Arithmetic and Experimental Mathematics,&quot; invited seminar talk, Grinnell College, Grinnell, Iowa (Apr 2009): PDF</s>
    <s>6. &quot;High-Precision Arithmetic and Experimental Mathematics,&quot; invited talk, East Coast Computer Algebra Day, Kingstown, RI (May 2009): PDF</s>
    <s>7. &quot;High-Precision Arithmetic and Mathematical Physics,&quot; invited lecture, ENRAGE09, Max-Planck Institute, Dresden, Germany (May 2009): PDF</s>
    <s>8. &quot;Misleading Performance Claims in Parallel Computations,&quot; invited talk, 2009 Design Automatation Conference, San Francisco (Jul 2009): PDF</s>
    <s>9. &quot;Computing: The Third Mode of Scientific Discovery,&quot; invited convocation talk, Grinnell College, Grinnell, Iowa (Apr 2009); updated version given at University of Newcastle, Australia (Aug 2009): PDF</s>
    <s>10. &quot;Experimental Mathematics Meets Mathematical Physics,&quot; invited lecture, CARMA Workshop on Multidimensional Numerical Integration and Special Function Evaluation, University of Newcastle, Australia (Aug 2009); also given at Macquarie University (Dept. of Mathematics), Sydney, Australia (Aug 2009); updated version presented to Fields Institute Workshop on Experimentation in Number Theory, Simon Fraser University, Burnaby, BC Canada (Sep 2009): PDF</s>
    <s>11. &quot;Experimental Mathematics, Multicore Processors and Highly Parallel Computing,&quot; University of Sydney (Dept. of Mathematics), Sydney, Australia, invited seminar (Sep 2009), also given at Macquarie University (Dept. of Electrical Engineering), Sydney, Australia (Sep 2009). PDF</s>
    <s>12. &quot;Computing as the Third Mode of Scientific and Mathematical Discovery,&quot; University of Delaware (Dept. of Computer Science), Wilmington, DE, invited seminar (Mar 2010), also given as keynote address at SharcNet Users Group Meeting, Toronto, Canada (May 2010); also given at the Barcelona Supercomputer Center (Jun 2010). PDF</s>
    <s>13. &quot;High-Precision Computation: Mathematical Physics and Dynamics,&quot; Joint SIAM/RSME-SCM-SEMA Meeting on Emerging Topics in Dynamical Systems and Partial Differential Equations, minisymposium talk Barcelona, Spain (June 2010). PDF</s>
    <s>14. &quot;High-Precision, Highly Parallel Numerical Integration,&quot; University of Zaragoza (Dept. of Mathematics), Zaragoza, Spain, invited seminar (Jun 2010). PDF</s>
    <s>15. &quot;A Mathematical and Data-Driven Approach to Cybersecurity,&quot; SIAM Annual Conference, minisymposium talk, Pittsburgh, PA (Jul 2010). PDF</s>
    <s>16. &quot;High-Precision Numerical Integration and Experimental Mathematics,&quot; University of Newcastle (CARMA center), Newcastle, Australia (18 Aug 2010). PDF</s>
    <s>17. &quot;The PSLQ Algorithm: Techniques for Efficient Computation,&quot; University of Newcastle (CARMA center), Newcastle, Australia (24 Aug 2010). PDF</s>
    <s>18. &quot;Hand-to-Hand Combat with Thousand-Digit Integrals,&quot; Western Number Theory Conference, Provo, UT (17 Dec 2010). PDF</s>
    <s>19. &quot;12 Ways to Fool the Masses: Fast Forward to 2011,&quot; Manycore and Accelerator-based High-performance Scientific Computing Workshop, University of California, Berkeley (26-29 Jan 2011). PDF</s>
    <s>20. &quot;A Quartically Convergent Square Root Algorithm&quot; (talk on Indian mathematics), Workshop on Computational and Analytical Mathematics in Honour of Jonathan Borwein 60th Birthday, Simon Fraser University, Burnaby, BC, Canada (16-20 May 2011). PDF</s>
    <s>21. &quot;Hand-to-Hand Combat with Thousand-Digit Integrals,&quot; Workshop on Computational and Analytical Mathematics in Honour of Jonathan Borwein's 60th Birthday, Simon Fraser University, Burnaby, BC, Canada (16-20 May 2011). PDF</s>
    <s>22. &quot;Performance Tuning of Science Applications,&quot; Discovery 2015: HPC and Cloud Computing Workshop, Berkeley, CA (15-24 Jun 2011). Also given at Extreme Computing and Its Applications for the Nuclear Physics/Applied Mathematics/Computer Science Interface, Seattle, WA (28-29 Jun 2011). PDF</s>
    <s>23. &quot;Creationism and Intelligent Design: False Friends,&quot; International Society for the History, Philosophy, and Social Studies of Biology (ISHPSSB 2011), Salt Lake City, UT (10-15 Jul 2011). PDF</s>
  </text>
</page>
