<?xml version="1.0" encoding="UTF-8"?>
<!DOCTYPE page SYSTEM "page.dtd">
<page>
  <lang>en</lang>
  <url>http://icmmi.polsl.pl/</url>
  <title>International Conference on Man-Machine Interactions - Home</title>
  <snippet>
    <s> Conference on Man-Machine Interactions About the Conference All accepted papers will be published in the conference proceedings by Springer- Verlag. </s>
  </snippet>
  <text>
    <s>Call for Papers</s>
    <s>Paper Format</s>
    <s>Registration and login</s>
    <s>ICMMI 2011</s>
    <s>Call for Papers</s>
    <s>Photo Competition</s>
    <s>Invited Speakers</s>
    <s>Paper Format</s>
    <s>Submission Procedure</s>
    <s>Registration and login</s>
    <s>Paper Review</s>
    <s>Presentation Information</s>
    <s>Related events</s>
    <s>ICMMI 2009</s>
    <s>Conference Report</s>
    <s>Call for Papers</s>
    <s>Keynote Speakers</s>
    <s>In Memoriam</s>
    <s>ICMMI 2011</s>
    <s>International Conference</s>
    <s>on Man-Machine Interactions</s>
    <s>October 6-9, 2011</s>
    <s>The Beskids, Poland</s>
    <s>Institute of Informatics</s>
    <s>Silesian University of Technology</s>
    <s>Institute of Theoretical and Applied Informatics</s>
    <s>Polish Academy of Sciences</s>
    <s>About the Conference</s>
    <s>Whether we like it or not, machines have become an indispensable part of a man’s life. There are those who say that humans are enslaved to modern technology and reject progress and new technological achievements on principle, while, on the other hand, fanatics of new trends simply must have not only the latest necessary and useful tools but every gadget and gimmick as well. Oftentimes we put our lives into the virtual or quite literal hands of machines when we accept that they make life-or-death decisions for us. They are considered with philosophical or ethical attitude when we ask questions if artificial intelligence is real, or talk about thinking machines. They enable us to study secrets of DNA on the micro, and the whole Universe on the macro scale.</s>
    <s>This conference covers the whole spectrum of theory and practice of man-machine interactions, focusing on automatic knowledge acquisition and processing employed in decision support systems, constantly evolving computational techniques, specialised user interfaces accessible also for disabled, and artificial intelligence methods applied in such areas as computer vision or biosciences. The ICMMI Conference is inherently interdisciplinary as it aims to bring together scientists working in all these fields, providing an international forum for exchanging ideas, setting questions and problems for discussion, sharing the experience and knowledge among wide community of scientists.</s>
    <s>All accepted papers will be published in the conference proceedings by Springer-Verlag.</s>
    <s>The first ICMMI in 2009 led to a special issue of Wiley-Blackwells Expert Systems: The Journal of Knowledge Engineering. Discussions with the editor Dr. Jon Hall on a further special issue that will invite the best papers from ICMMI 2011 are nearing their conclusion.</s>
    <s>Copyright (C) ICMMI 2011</s>
  </text>
</page>
