<?xml version="1.0" encoding="UTF-8"?>
<!DOCTYPE page SYSTEM "page.dtd">
<page>
  <lang>en</lang>
  <url>http://content.asce.org/conferences/india2010/registration.html</url>
  <title>India 2010</title>
  <snippet>
    <s>You will receive your conference badge, conference proceedings, and a For exact currency conversion rate, please check with currency exchange centers. Your name badge is your admission to the technical sessions, Exhibit Hall, social </s>
  </snippet>
  <text>
    <s>!3rd International Perspecive on Current &amp; Future State of Water resources &amp; the Environment</s>
    <s>Key Dates</s>
    <s>Conference Overview</s>
    <s>Technical Program</s>
    <s>Conference Venue: IIT Madras Campus</s>
    <s>Destination: Chennai</s>
    <s>Cooperating Organizations</s>
    <s>Steering Committee</s>
    <s>Contact Us</s>
    <s>Chennai 2010 Home</s>
    <s>ASCE Home</s>
    <s>EWRI Home</s>
    <s>Upcoming Events</s>
    <s>Important Points Regarding Registration</s>
    <s>General Registration</s>
    <s>Onsite Registration</s>
    <s>Cancellation Policy</s>
    <s>Registration Confirmation</s>
    <s>Payment Information</s>
    <s>Scholarships/Travel Funds</s>
    <s>Important Registration Information for Authors</s>
    <s>Important Points Regarding Registration</s>
    <s>Please note the following important points regarding registration:</s>
    <s>1. You will receive your conference badge, conference proceedings, and a package f or all previously registered participants at the IIT Madras conference venue.</s>
    <s>2. Direction for the conference venue will be posted within the campus for your convenience.</s>
    <s>3. For those who have not registered, on-line registration will end on December 8, 2009. After that registration will be on-site in Chennai at IIT Madras. See details on the conference web site.</s>
    <s>4. From December 9, 2009 until January 7, 2010, the on-site registration will be only at IIT Madras, Chennai, India. Please note that the registration fee will be accepted in CASH in Indian rupees only.</s>
    <s>For international attendees, please note that the most of the business accept international credit cards. However, some business may accept transaction in cash only. Please insure that you have sufficient funds in Indian rupees for your transactions. Please note that one US dollar is exchanged between 44 to 48 Indian rupees. For exact currency conversion rate, please check with currency exchange centers.</s>
    <s>General Registration - Onsite Only</s>
    <s>ONLY Onsite Registration is available at this time. All individuals who wish to register for the conference or purchase additional tickets must register and pay onsite. (Pre-conference Registration is now closed).</s>
    <s>INCLUDED IN YOUR REGISTRATION FEE</s>
    <s>Exhibit Hall</s>
    <s>Conference Sessions</s>
    <s>Tuesday Luncheon</s>
    <s>Wednesday Luncheon</s>
    <s>AM &amp; PM</s>
    <s>Theme Dinner</s>
    <s>Conference Proceedings</s>
    <s>Full Registration</s>
    <s>Spouse/Guest Registration</s>
    <s>Registration Fees</s>
    <s>Registration rates are based upon the yearly World Bank World Development Indicators. Click here to view the Country Tier Listing. Registration fees are fixed as shown below (Registration discounts or special rates are not available).</s>
    <s>Full Registration</s>
    <s>Onsite Registration Fee (ONS)</s>
    <s>in Indian Rupees</s>
    <s>Tier-1 Registration</s>
    <s>IDR 22,500</s>
    <s>Tier-2 Registration</s>
    <s>IDR 16,250</s>
    <s>Tier-3 Registration</s>
    <s>IDR 7,500</s>
    <s>Spouse/Guest Registration Package</s>
    <s>Onsite Registration Fee</s>
    <s>**(After 11/26/09)</s>
    <s>Spouse/Guest Registration</s>
    <s>IDR 6,500</s>
    <s>Special Events/Additional Guest Tickets</s>
    <s>Tuesday, January 5 Theme Dinner</s>
    <s>IDR 1,000</s>
    <s>Additional Conference Proceedings</s>
    <s>IDR 1,250</s>
    <s>Friday, January 8 Mahabalipuram - Cultural Tour</s>
    <s>IDR 1,250</s>
    <s>NOTE: All other tours must be purchased through Travel Agency. Click here for additional information.</s>
    <s>Early-Bird Registration Discount - CLOSED</s>
    <s>To receive a badge, you must register. Your name badge is your admission to the technical sessions, Exhibit Hall, social activities, and tours. Pre-registered participants are to pick up their badges upon checking in at the Onsite Registration Counter at the Indian Institute of Technology Madras.</s>
    <s>Badge Sharing Not Allowed</s>
    <s>Please take note that registration is per individual and is not exchangeable between colleagues.</s>
    <s>Cancellation Policy**</s>
    <s>India 2010 Conference Management must receive your cancellation request in writing or via email. A refund, minus $50 USD (Rs. 2,000 Indian rupees) processing fee, will be issued, if the cancellation request is received by November 26, 2009*. Please send cancellation request to registrations@asce.org or fax to 703-295-6371. No refunds will be made for cancellations received after November 26, 2009.</s>
    <s>Confirmation of Registration</s>
    <s>Confirmations are e-mailed to all who provide valid e-mail addresses. If you do not receive confirmation within three weeks, please contact the appropriate individual based on the way you registered for the conference:</s>
    <s>Online Registrations or Registrations Faxed to EWRI prior to December 8, 2009 ONLY, contact:</s>
    <s>&gt; Safisha Mance</s>
    <s>&gt; EWRI Conference Registrar</s>
    <s>&gt; Email: smance@manceandassociates.com</s>
    <s>&gt; Phone: 1-202-667-9332</s>
    <s>Registrations Submitted to Dr. K.P. Sudheer, Indian Institute of Technology Madras (IITM), contact:</s>
    <s>&gt; Dr. K.P. Sudheer</s>
    <s>&gt; IITM Conference Registrar</s>
    <s>&gt; Email: register.asce.iitm@gmail.com</s>
    <s>&gt; Phone: 91-44-22574288</s>
    <s>Payment Information</s>
    <s>Payments must be made at time of registration. Registration will not be processed without the full payment. Please ensure that you have sufficient funds in Indian rupees for your transactions.</s>
    <s>&gt; Onsite Registration Payment Requirements:</s>
    <s>&gt; Only payments in Indian Rupees (IDR) will be accepted onsite.</s>
    <s>&gt;Payments must be made in cash. Other currencies will NOT be accepted.</s>
    <s>&gt;Payments by check, wire transfer and Purchase Order (P.O.) will NOT be accepted after December 8, 2009 or onsite.</s>
    <s>&gt; Converting Currencies to Indian Rupees:</s>
    <s>&gt;You may exchange money at the airport.</s>
    <s>&gt;IITM Campus bank has a foreign exchange facility that can be used to convert currency. You will be able to do foreign currency exchange at this bank.</s>
    <s>Scholarships/Travel Funds</s>
    <s>Scholarship and/or travel funds are NOT available for conference participants. All attendees are required to pay conference registration fees and expenses related to travel.</s>
    <s>Tours of Chennai and other locations in India must be arranged and paid for by the participants independent of the conference registration fee. Click here to view Information regarding tour options.</s>
    <s>Tour companies have registration miminums and reserve the right to cancel a tour based on insufficient number of tour registrants. Please check the website regularly for updates!</s>
    <s>Important Registration Information for Authors</s>
    <s>All authors of accepted abstracts are required to register (with payment) and upload a final paper before the extended deadline of November 26, 2009 in order to be included in the technical program and proceedings. As the deadline has been extended, NO LATE REGISTRATIONS OR FINAL PAPER UPLOADS WILL BE ACCEPTED.</s>
    <s>After the submission/registration deadline, the Steering Committee will review all papers uploaded by registered authors and assign them to either an Oral or Technical Poster Session.</s>
    <s>Authors whose abstracts are accepted for oral presentations or technical posters and who submit a final paper are expected to attend the India 2010 conference, pay the appropriate registration fees and make their presentation(s) in person.</s>
    <s>Expenses related to preparing and presenting the papers, including camera-ready manuscripts and illustrations, are the responsibility of the authors and coauthors.</s>
    <s>&lt;back to top&gt;</s>
  </text>
</page>
