<?xml version="1.0" encoding="UTF-8"?>
<!DOCTYPE page SYSTEM "page.dtd">
<page>
  <lang>en</lang>
  <url>http://129.105.161.80/wp/%3Fcategory_name%3Dconference_proceedings</url>
  <title>Conference Proceedings | Virtual Worlds Observatory</title>
  <snippet>
    <s>University of Chicago &middot; University of Illinois &middot; University of Minnesota &middot; Northwestern University Category Archives: Conference Proceedings Online Multi-Player Games,” Proceedings of the Pacific-Asia Conference on Knowledge Discovery </s>
  </snippet>
  <text>
    <s>Virtual Worlds Observatory</s>
    <s>Research on MMOs, social networks and more…</s>
    <s>Skip to content</s>
    <s>About Us</s>
    <s>By Year</s>
    <s>By Type</s>
    <s>Conference Proceedings</s>
    <s>Book Chapters</s>
    <s>By Author</s>
    <s>University of Chicago</s>
    <s>University of Illinois</s>
    <s>University of Minnesota</s>
    <s>Northwestern University</s>
    <s>University of Southern California</s>
    <s>University of Texas - Dallas</s>
    <s>Brock University</s>
    <s>Category Archives: Conference Proceedings</s>
    <s>&lt;- Older posts</s>
    <s>DeLong, C., Pathak, N., Erickson, K., Perrino, E., Shim, K. J., Srivastava, J. &quot;TeamSkill: Modeling Team Chemistry in Online Multi-Player Games,&quot; Proceedings of the Pacific-Asia Conference on Knowledge Discovery and Data Mining (PAKDD-11). Shenzhen, China, May 24-27, 2011.</s>
    <s>Shim, K. J., Hsu, K. W., Srivastava, J. &quot;Modeling Player Performance in Massively Multiplayer Online Role-Playing Games: The E ects of Diversity in Mentoring Network,&quot; Proceedings of ASONAM 2011.</s>
    <s>Shim, K. J., Hsu, K. W., Srivastava, J. &quot;Effects of Mentoring on Player Performance in Massively Multiplayer Online Role-Playing Games (MMORPGs),&quot; Proceedings of ASONAM 2011.</s>
    <s>Shim, K. J., Srivastava, J. &quot;Sequence Alignment Based Analysis of Player Behavior in Massively Multiplayer Online Role-Playing Games (MMORPGs),&quot; Proceedings of the IEEE International Conference on Data Mining (ICDM-10). Workshop on Domain-Driven Data Mining.</s>
    <s>This study proposes a sequence alignment-based behavior analysis framework (SABAF) developed for predicting inactive game players that either leave the game permanently or stop playing the game for a long period of time. Sequence similarity scores and derived statistics form … Continue reading -&gt;</s>
    <s>Shim, K. J., Srivastava, J. &quot;Team Performance Prediction in Massively Multiplayer Online Role-Playing Games (MMORPGs),&quot; Proceedings of the IEEE Social Computing (SocialCom-10). Minneapolis, Minnesota, USA, August 20-22, 2010.</s>
    <s>In this study, we propose a comprehensive performance management tool for measuring and reporting operational activities of teams. This study uses performance data of game players and teams in EverQuest II, a popular MMORPG developed by Sony Online Entertainment, to … Continue reading -&gt;</s>
    <s>Shim, K. J., Srivastava, J. &quot;Behavioral Profiles of Character Types in EverQuest II&quot;, Proceedings of the IEEE Conference on Computational Intelligence and Games (CIG-10). Copenhagen, Denmark, August 18-21, 2010.</s>
    <s>This study examines behavioral profiles of different character types in EverQuest II, a popular massively multiplayer online role-playing game (MMORPG) developed by Sony Online Entertainment. The study uses the game's player activity data to construct behavioral profiles of online game … Continue reading -&gt;</s>
    <s>Shim, K. J., Sharan, R. , Srivastava, J. &quot;Player Performance Prediction in Massively Multiplayer Online Role-Playing Games (MMORPGs),&quot; Proceedings of the Pacific-Asia Conference on Knowledge Discovery and Data Mining (PAKDD-10). Hyderabad, India, June 21-24, 2010.</s>
    <s>In this study, we propose a comprehensive performance management tool for measuring and reporting operational activities of game players. This study uses performance data of game players in EverQuest II, a popular MMORPG developed by Sony Online Entertainment, to build … Continue reading -&gt;</s>
    <s>Ahmad, M., Keegan, B., , Williams, D., Srivastava, J., Contractor, N. (2011). Trust Amongst Rogues? A Hypergraph Approach for Comparing Clandestine Trust Networks in MMOGs. 5th International AAAI Conference on Weblogs and Social Media (ICWSM-11)</s>
    <s>Gold farming and real money trade refer to a set of illicit practices in massively multiplayer online games (MMOGs) whereby players accumulate virtual resources to sell for ―real world‖ money. Prior work has examined trade relationships formed by gold farmers … Continue reading -&gt;</s>
    <s>Keegan, B., Ahmad, M., Williams, D., Srivastava, J., Contractor, N. (2011). Using ERGMs to Map Online Clandestine Behavior to Offline Criminal Activity. Paper to be presented at Sunbelt (XXXI)</s>
    <s>The analysis of criminal and clandestine organizations presents unique theoretical and methodological problems. However, empirical analyses of these organizations’ structures have received scant attention because data is necessarily hard to obtain. Contemporary studies have been handicapped by data that effaces … Continue reading -&gt;</s>
    <s>Keegan, B., Ahmad, M., Williams, D., Srivastava, J., Contractor, N. (2011). Mapping Gold Farming Back to Offline Clandestine Organizations: Methodological, Theoretical, and Ethical Challenges. Paper to be presented at Game Behind the Game.</s>
    <s>“Clandestine”, “covert”, “dark” and “illicit” organizations are primarily characterized by the need to engage in coordination and collective action while also emphasizing secrecy and security (Ayling, 2009). Whether the object is to study hooligans and petty criminals, entrepreneurial drug traffickers … Continue reading -&gt;</s>
    <s>Keegan, B., Ahmad, M., Williams, D., Srivastava, J., Contractor, N. (2011). Sic Transit Gloria Mundi Virtuali? Promise and Peril at the Intersection of Computational Social Science and Online Clandestine Organizations. WebSci11. Koblenz, Germany.</s>
    <s>“Clandestine”, “covert”, “dark” and “illicit” organizations are primarily characterized by the need to engage in coordination and collective action while also emphasizing secrecy and security (Ayling, 2009). As with any organization, the structure of clandestine organizations like petty crime rings, … Continue reading -&gt;</s>
    <s>Welles, B.F., Shim, K.J., Ratan, R.A., Kennedy, T. L. M., Rousse, T.H., Contractor, N., Srivastava, J., Williams, D. (2011). Disambiguating Age, Gender and Skill: An Exploration of Online Chat Among MMOG Players. Paper presented at 2011 International Sunbelt Social Network Conference (XXXI).</s>
    <s>Disambiguating age, gender and skills… Continue reading -&gt;</s>
    <s>Ahmad, M., Borbora, Z., Srivastava, J., Contractor, N. (2010). Link Prediction Across Multiple Social Networks” Domain Driven Data Mining Workshop (DDDM2010), ICDM 2010. Sydney, Australia</s>
    <s>Ahmad,M, Huffaker, D., Wang, J., Treem, J., Kumar, D., Poole, S., &amp; Srivastava, J. (2010). The Many Faces of Mentoring in an MMORPG. IEEE Social Computing (SocialCom-10). Workshop on Social Intelligence in Applied Gaming. Minneapolis, MN.</s>
    <s>Ahmad, M., Poole, S., Srivastava, J. (2010). Network Exchange in Trust Networks. IEEE Social Computing (SocialCom-10). Workshop on Social Intelligence in Applied Gaming. Minneapolis, MN.</s>
    <s>Ahmad, M., Huffakar, D., Wang, J., Treem, J., Poole, S., Srivastava, J. (2010). GTPA: A Generative Model for Online Mentor-Apprentice Networks. Twenty-Fourth AAAI Conference on Artificial Intelligence. Atlanta, Georgia</s>
    <s>Foucault Welles, B., Van Devender, A. &amp; Contractor, N. (2010). Is a “Friend” a Friend? Investigating the Structure of Friendship Networks in Virtual Worlds. Work-in-Progress Poster presented at the CHI2010 Conference on Human Factors in Computing Systems.</s>
    <s>In this paper, we examine online friendships at a network level… Continue reading -&gt;</s>
    <s>Foucault Welles, B., Van Devender, A. Contractor, N. (2010). Is a “Friend” a Friend?: Comparing the Structure of Online and Offline Friendship Networks. Paper presented at 2010 International Sunbelt Social Network Conference.</s>
    <s>Is a “Friend” a Friend? Continue reading -&gt;</s>
    <s>Keegan, B., Ahmad, M., Srivastava, J., Williams, D., N. Contractor (2010). Dark Gold: Statistical Properties of Clandestine Networks in Massively Multiplayer Online Games. Proceedings of IEEE, SocialComm-10.</s>
    <s>Using anonymized data from a popular online game to construct networks of characters involved in gold farming, we examine the trade networks of gold farmers, their trading affiliates, and uninvolved characters at large… Continue reading -&gt;</s>
    <s>Ahmad M., Pathak, N., Ramakrishnan, R., Srivastava, J. (2009). Social Network Based Churn Analysis in a Virtual World. Paper presented at International Sunbelt Social Network Conference (XXIX), San Diego, CA</s>
    <s>Ahmad, M., Huffaker, D., Wang, J., Treem, J., Fullerton, L., Poole, S., &amp; Contractor, N. (2009). Social and Collaboration Networks in Multiplayer Online games. Paper presented at International Sunbelt Social Network Conference (XXIX), San Diego, CA</s>
    <s>Ahmad, M., Keegan, B., Srivastava, J., Williams, D., Contractor, N. (2009). Mining for Gold Farmers: Automatic Detection of Deviant Players in MMOGS. Proceedings of the 2009 IEEE Social Computing (SocialCom-09). Symposium on Social Intelligence and Networking (SIN-09). Vancouver, Canada.</s>
    <s>In this paper we use data from the Massively Multiplayer Online Role Playing Game (MMO) EverQuest II to identify gold farmers… Continue reading -&gt;</s>
    <s>Foucault, B. Zhu, M., Huang Y. Atrash, Z, Contractor, N. (2009). Will You Be My Friend? An Exploration of Adolescent Friendship Online in Teen Second Life. Paper presented at the 59th Annual Conference of the International Communication Association. Chicago, IL.</s>
    <s>This study presents the results of a large scale social network analysis based on computer logs of friendships in Teen Second Life… Continue reading -&gt;</s>
    <s>Huang, Y, Shen C, Williams D, Contractor N. (2009). Virtually There: Exploring Proximity and Homophily in a Virtual World. Computational Science and Engineering, IEEE International Conference on Social Computing 4:354-359</s>
    <s>In this study, we examine the impact of offline proximity and homophily of players on their online interactions in EverQuest II… Continue reading -&gt;</s>
    <s>Huang, Y., Zhu, M., Wang, J., Pathak, N., Shen, C., Keegan, B., Williams, D., Contractor, N. (2009). The Formation of Task-Oriented Groups: Exploring Combat Activities in Online Games. Computational Science and Engineering, IEEE International Conference on Social Computing 4:122-127.</s>
    <s>In this paper, we investigated group combat activities in Sony’s EverQuest II game to identify the role of player and group attributes on group formation… Continue reading -&gt;</s>
    <s>&lt;- Older papers</s>
    <s>Search for:</s>
    <s>Papers in categories</s>
    <s>Book Chapters (3)</s>
    <s>Conference Proceedings (29)</s>
    <s>Dmitri Williams (1)</s>
    <s>Journals (12)</s>
    <s>Kyong Jin Shim (1)</s>
    <s>Northwestern University (18)</s>
    <s>University of Illinois (7)</s>
    <s>University of Minnesota (29)</s>
    <s>University of Southern California (25)</s>
    <s>University of Texas - Dallas (6)</s>
    <s>Contact Us</s>
    <s>Email: info@vwobservatory.com</s>
    <s>Twitter: (Chirping soon)</s>
    <s>Log in</s>
    <s>Entries RSS</s>
    <s>Comments RSS</s>
    <s>Tags for papers</s>
    <s>Amogh Mahapatra Anne Van Devender Brian Keegan Brooke Foucault Welles Colin DeLong Cuihua Shen Data Mining David Huffaker Dmitri Williams economics Groups Jaideep Srivastava Jane Wang Jeff Treem Kyong Jin Shim Lindsay Fullerton Li Xiong M. Scott Poole Mengxiao Zhu Muhammad Ahmad Nishith Pathak Noshir Contractor psychosocial Rabindra Ratan role play social Social Networks theory Tracy Kennedy Yun Huang Zoheb Borbora</s>
    <s>Virtual Worlds Observatory</s>
    <s>Proudly powered by WordPress.</s>
    <s>*RSS: Really Simple Syndication</s>
  </text>
</page>
