<?xml version="1.0" encoding="UTF-8"?>
<!DOCTYPE page SYSTEM "page.dtd">
<page>
  <lang>en</lang>
  <url>http://education.ucf.edu/isss/proposal.cfm</url>
  <title>ISSS 2012 Annual Conference Proposal Submission</title>
  <snippet>
    <s>The International Society for the Social Studies invites proposals for sessions The ISSS Annual Conference provides all presenters with quality technology to to be contacted once a year to act as a referee for conference abstracts/papers. </s>
  </snippet>
  <text>
    <s>ISSS 2012 Annual Conference Proposal Submission</s>
    <s>Proposal Submission Deadline - November 15, 2011</s>
    <s>Proposals are peer reviewed as they are submitted. The peer review process typically takes 2-4 weeks.</s>
    <s>The International Society for the Social Studies invites proposals for sessions that discuss effective teaching ideas, reports on research, and/or conceptual analyses of various social studies topics.</s>
    <s>PRESENTATION FORMATS</s>
    <s>Regular Presentation: Regular presentations provide individuals with about 15-20 minutes to present their information. Regular presentation topics range from teaching ideas to research reports. Regular presentations are grouped by topics in a 50 minute session. Each regular presentations session typically includes 2-3 regular presentations by different presenters.</s>
    <s>Teacher Workshop: Teacher workshops are typically &quot;how to&quot; sessions designed for the p-12 educator. Teacher workshops are 50 minutes in length.</s>
    <s>Panel/Symposium: A panel/symposium is designed to explore a specific topic through active discussion. This type of session may showcase a panel discussion among the participants and discussants. Panel/Symposium sessions are 50 minutes in length.</s>
    <s>Poster Session: Poster sessions range from teaching ideas to research reports. Each poster presenter displays his/her poster in a 50 minute session. Each poster sessions includes 8-12 poster presenters. Standard poster boards are provided.</s>
    <s>TECHNOLOGY &amp; FACILITIES</s>
    <s>The International Society for the Social Studies is very proud of the conference facilities and technologies. The ISSS Annual Conference provides all presenters with quality technology to enhance the conference experience. Every presentation room is equipped with wireless Internet, LCD Projector, PC Laptop, video screen, and quality audio speakers. If you plan to use any additional equipment, you must bring your own.</s>
    <s>*denotes required field</s>
    <s>REGISTRANT INFORMATION</s>
    <s>*First name:</s>
    <s>*Last name:</s>
    <s>*Zip Code:</s>
    <s>Mailing Address:</s>
    <s>(if different from above)</s>
    <s>POSITION TYPE</s>
    <s>University/College Faculty member</s>
    <s>K-12 Classroom Teacher</s>
    <s>Other (please specify)</s>
    <s>PROPOSAL INFORMATION</s>
    <s>*TITLE (14 word max)</s>
    <s>PROGRAM SUMMARY</s>
    <s>Provide a summary of your presentation (40 words max) in the space below.</s>
    <s>This will be printed in the conference program.</s>
    <s>ABSTRACT/BRIEF PAPER</s>
    <s>Insert the abstract/brief paper (1000 words max) in the space below.</s>
    <s>All submissions are blind reviewed and should not include any identifying information.</s>
    <s>If you prefer to submit a full paper, send it as an attachment (word document only) to ISSS@ucf.edu and inform us that you are doing so in the space below.</s>
    <s>List all authors (including you) in the order in which they should appear. Be sure to include author's institutional affiliation and country.</s>
    <s>For example, Jean Grey, University of Central Florida (USA) &amp; Peter Parker, University of London (United Kingdom).</s>
    <s>Select the area that best fits your proposal:</s>
    <s>(Check all that apply)</s>
    <s>Citizenship Education</s>
    <s>Democratic Education</s>
    <s>Global Education</s>
    <s>Interdisciplinary Studies</s>
    <s>Political Science</s>
    <s>Social Studies Education</s>
    <s>Teacher Education</s>
    <s>Various Social Sciences</s>
    <s>Other (Please Specify)</s>
    <s>Select the track that best fits your proposal:</s>
    <s>Select the level that best fits your proposal:</s>
    <s>(Check all the apply)</s>
    <s>Elementary (K-5)</s>
    <s>Middle (6-8)</s>
    <s>Secondary (6-12)</s>
    <s>Session type Preferred:</s>
    <s>Regular Presentation (15-20 Minutes)</s>
    <s>Teacher Workshop (50 Minutes)</s>
    <s>Poster Presentation (50 Minutes)</s>
    <s>Panel (50 Minutes)</s>
    <s>If your preferred session type is unavailable would you consider another type?</s>
    <s>I would like to be contacted once a year to act as a referee for conference abstracts/papers.</s>
    <s>ISSS typically does not provide travel grants or financial aid for its annual conferences. Are you willing and financially able to attend the conference without ISSS financial support?</s>
    <s>If my proposal is accepted, I agree to register for the conference, pay the registration fee before the presenter deadline, and present at whenever time my presentation is scheduled.</s>
    <s>I AGREE</s>
    <s>I DISAGREE</s>
    <s>PRIVACY POLICY</s>
    <s>The International Society for the Social Studies (ISSS) does not sell, rent, or lease contributor's information to third parties. Nor does ISSS share any information contained herein with professional organizations, universities or other third parties. All submissions are blind reviewed. Contributor's names and information will appear in the conference program.</s>
    <s>ISSS CONFERENCE PROCEEDINGS</s>
    <s>The International Society for the Social Studies (ISSS) provides presenters with the opportunity to have their abstract/brief paper included in the ISSS Conference Proceedings. Copyright is left to all authors. If you wish to grant ISSS permission to include your abstract/brief paper in the ISSS Conference Proceedings, you must check &quot;YES&quot; below. The proceedings will be available to all ISSS members and distributed via ERIC. Final revised versions of the abstract/brief paper to be included in the ISSS Conference Proceedings will be due after the ISSS Annual Conference.</s>
    <s>YES, I want to be considered for the ISSS Conference Proceedings .</s>
    <s>No, I do NOT want to be considered for the ISSS Conference Proceedings .</s>
  </text>
</page>
