<?xml version="1.0" encoding="UTF-8"?>
<!DOCTYPE page SYSTEM "page.dtd">
<page>
  <lang>en</lang>
  <url>http://handsonblog.org/2011/05/09/5670/</url>
  <title>2011 National Conference on Volunteering and Service | HandsOn ...</title>
  <snippet>
    <s>May 9, 2011 This year&#39;s National Conference on Volunteering and Service is being held in thousands of volunteers from all across the country came to New Orleans and the Sessions in the impact track focus on specific solutions that </s>
  </snippet>
  <text>
    <s>Write A Guest Post!</s>
    <s>Join Us</s>
    <s>Inspiring Books</s>
    <s>2011 National Conference on Volunteering and Service</s>
    <s>Posted by HandsOn Network | Category: Education, Environment, Equip, Events, Faith, Impact | 3 Comments</s>
    <s>!This year’s National Conference on Volunteering and Service is being held in New Orleans; a city that understands the effect that volunteers can have on a city. After hurricane Katrina and the Gulf oil spill, thousands of volunteers from all across the country came to New Orleans and the Gulf Coast to help rebuild and recover. These volunteers have given of their money and time to help rebuild, but there’s still a lot of work done to bring the Gulf Coast back to the way it was before the recent disasters.</s>
    <s>While, overall, the conference helps people who work with volunteers in the nonprofit and for profit sector, there are three program tracts that will help attendees to tailor their experience to be the most useful for them. The tracts look at the impact that volunteers can have on their community, the strength that volunteers bring to bear when they serve, and how volunteers help to build and support communities.</s>
    <s>Looking at the impact of volunteers highlights the individual, institutional, and community change that volunteers can bring about through their service. Sessions in the impact track focus on specific solutions that volunteers can bring to economic, environmental, and health problems, disaster management, and veterans’ and education issues that our communities face.</s>
    <s>The strength of volunteers is highlighted in sessions that help volunteer managers to more efficiently direct that strength. These sessions will help to harness the innovative ideas, partnerships, and passion that volunteers bring to the organizations that they serve with. Proven methods and emerging trends in volunteer management will be shared in sessions that can help volunteer programs to adapt to the ever changing social and socio-economic realities of society and the volunteering sector.</s>
    <s>These sessions will help you to learn how to more effectively manage volunteers and manage for results, how to bring the power of technology and media to bear to support your programs, how to leverage partnerships for results, and how to work with businesses to build successful employee volunteer programs.</s>
    <s>Sessions that focus on community not only look at the places where live, but the groups that people belong to and build themselves. These communities can be harnessed to create massive change, and are already primed for volunteering, leadership, and service.</s>
    <s>!Boomers and youth have a lot to contribute to their communities. There are Cities of Service across the country that are using volunteers to address some of those cities’ most pressing issues. Faith-based and neighborhood organizations are stepping up to fill in where services are lacking in communities. Service is being reimagined across the country, especially service in rural areas.</s>
    <s>This year’s Conference is taking shape to be the largest Conference to date. There will be knowledge shared and connections made here that couldn’t happen anywhere else. And, among all of the learning and networking, we’ll be sure to take some time to celebrate everyone that is working so hard to improve their world through service.</s>
    <s>To find out how to register for the National Conference on Volunteering and Service, click here. To find out more about what will be happening at the Conference, follow @NCVS and like the Conference Facebook page.</s>
    <s>You can find out more about the National Conference on Volunteering and Service on the Points of Light Blog, which looks at what the Conference offers the volunteering sector, and a video from New Orleans mayor Mitch Landrieu .</s>
    <s>3 Comments to &quot;2011 National Conference on Volunteering and Service&quot;</s>
    <s>1. 2011 National Conference on Volunteering and Service | Points of Light Blog says:</s>
    <s>May 9, 2011 at 9:19 am</s>
    <s> here to visit the HandsOn Network blog to read more in depth about the Conference  session </s>
    <s>2. New Orleans Oil Spill Volunteer - OIL WORLD says:</s>
    <s>May 21, 2011 at 5:13 pm</s>
    <s> 2011 National Conference on Volunteering and Service | HandsOn BlogDescription : This year's National Conference on Volunteering and Service is being held in New Orleans; a city that understands the effect that volunteers can have on a city. After hurricane Katrina and the Gulf oil spill, thousands of volunteers …http://handsonblog.org/2011/05 .. </s>
    <s>3. New Orleans Oil Spill Volunteer - GREEN PROTECTION says:</s>
    <s>May 22, 2011 at 5:56 am</s>
    <s> 2011 National Conference on Volunteering and Service | HandsOn BlogDescription : This year's National Conference on Volunteering and Service is being held in New Orleans; a city that understands the effect that volunteers can have on a city. After hurricane Katrina and the Gulf oil spill, thousands of volunteers …http://handsonblog.org/2011/05 .. </s>
    <s>Leave a Reply</s>
    <s>Click here to cancel reply.</s>
    <s>Name (required)</s>
    <s>E-mail (required)</s>
    <s>« 10 Steps to Giving Your Mom the best Mother's Day Gift of All Social Media for Social Good Camp »</s>
    <s>Join HandsOn Network</s>
    <s>Follow @HandsOnNetwork</s>
    <s>Get HandsOn</s>
    <s>9 Rules of Volunteer Recognition</s>
    <s>Be a Leader</s>
    <s>Build A Mentoring Program</s>
    <s>Building Community</s>
    <s>Building Partnerships That Work</s>
    <s>Community Needs Assesment</s>
    <s>Counting Volunteers</s>
    <s>Crafting a Recruitment Message</s>
    <s>Day of Project Checklist</s>
    <s>Day of Project Timeline</s>
    <s>Decide Where to Serve</s>
    <s>Defining Civic Involvement</s>
    <s>Developing a Work Plan</s>
    <s>Developing Volunteer Leaders</s>
    <s>Developing Workplace Volunteer Programs</s>
    <s>Engaging Others</s>
    <s>Evaluating Youth Service Projects</s>
    <s>Family Friendly Project Checklist</s>
    <s>Finding Resources</s>
    <s>Finding Service Projects</s>
    <s>Impact of Service Learning</s>
    <s>Invite Others to Help</s>
    <s>Neighboring Action Kit</s>
    <s>Neighboring Essential Strategies</s>
    <s>On Project Leadership</s>
    <s>Passion to Action Worksheet</s>
    <s>Recognizing Employee Volunteers</s>
    <s>Recruitment Strategies</s>
    <s>School Volunteer Resource Guide</s>
    <s>Start A Community Garden</s>
    <s>Start an EVP</s>
    <s>HandsOn Action Center Blogs</s>
    <s>Chicago Cares</s>
    <s>HandsOn Bay Area</s>
    <s>HandsOn Greater Portland</s>
    <s>HandsOn Gulf Coast</s>
    <s>HandsOn Jacksonville</s>
    <s>HandsOn NEGA</s>
    <s>HandsOn Northeast Ohio</s>
    <s>HOTC Blog</s>
    <s>LA Works</s>
    <s>Lewis, Mason &amp; Thurston VC</s>
    <s>Metro Volunteers</s>
    <s>New York Cares</s>
    <s>Seattle Works</s>
    <s>United Way of King County</s>
    <s>Volunteer Arlington</s>
    <s>Volunteer Broward</s>
    <s>Volunteer Center of Bergen County</s>
    <s>Volunteer Center of Story County</s>
    <s>Volunteer Howard</s>
    <s>Volunteer San Diego</s>
    <s>Volunteer Santa Cruz</s>
    <s>National Network</s>
    <s>AmeriCorps Alums</s>
    <s>generation ON</s>
    <s>HandsOn Corps</s>
    <s>HandsOn Flickr</s>
    <s>HandsOn Network</s>
    <s>HandsOn YouTube Channel</s>
    <s>Kids Care Clubs</s>
    <s>Our Merger</s>
    <s>Points of Light Institute</s>
    <s>50 &amp; Up Volunteering</s>
    <s>All For Good</s>
    <s>Allison Fine</s>
    <s>Amy Sample Ward</s>
    <s>Beth Kanter</s>
    <s>Blogging Basics 101</s>
    <s>Community Organizer 2.0</s>
    <s>Energize, Inc. News Feed</s>
    <s>Engaging Volunteers</s>
    <s>National Service Resources</s>
    <s>Nonprofit Leadership 601</s>
    <s>One Thousand Mitzvahs</s>
    <s>Rosabeth Moss Kanter</s>
    <s>Snap Impact</s>
    <s>Social Citizens</s>
    <s>Volunteer Spot</s>
    <s>Youth &amp; Life Long Service</s>
    <s>Volunteering Blogs</s>
    <s>Year of Giving</s>
    <s>Recent Posts</s>
    <s>Taking Service From Nice to Smart – Using Service-Learning Techniques to Build Your Service Experiences with Youth</s>
    <s>Helping Children Develop Compassionate Muscles</s>
    <s>3 Make Your Mark Week Innovations</s>
    <s>3 Steps to a Successful Volunteer Project!</s>
    <s>15 Benefits of Family Volunteering</s>
    <s>October 2011</s>
    <s>September 2011</s>
    <s>August 2011</s>
    <s>July 2011</s>
    <s>June 2011</s>
    <s>May 2011</s>
    <s>April 2011</s>
    <s>March 2011</s>
    <s>February 2011</s>
    <s>January 2011</s>
    <s>December 2010</s>
    <s>November 2010</s>
    <s>October 2010</s>
    <s>September 2010</s>
    <s>August 2010</s>
    <s>July 2010</s>
    <s>June 2010</s>
    <s>May 2010</s>
    <s>April 2010</s>
    <s>March 2010</s>
    <s>February 2010</s>
    <s>April 2009</s>
    <s>February 2009</s>
    <s>January 2009</s>
    <s>Change Notes</s>
    <s>Cultural Differences</s>
    <s>Disaster Relief</s>
    <s>Family Volunteering</s>
    <s>Fundraising &amp; Development</s>
    <s>Get HandsOn</s>
    <s>Just for Fun</s>
    <s>Michelle Nunn</s>
    <s>News &amp; Links</s>
    <s>Service Learning</s>
    <s>Social Justice</s>
    <s>Social Media</s>
    <s>Stories from the Road</s>
    <s>Tools You Can Use</s>
    <s>Voice of Change</s>
    <s>Volunteer Leader</s>
    <s>Volunteer Management</s>
    <s>Volunteer Project Development</s>
    <s>Volunteer Recognition</s>
    <s>Volunteer Recruitment</s>
    <s>Volunteer Reflection</s>
    <s>911Day NCVS AmeriCorps AmeriCorps Alums Children Youth and Family Community Community service Corporate Social Responsibility Corporation for National and Community Service CSR Education Education Nation employee volunteer programs Facebook family volunteering generationOn Get HandsOn Global Youth Service Day Gulf Coast Haiti HandsOn Network Hurricane Katrina Make A Difference Day National Conference on Volunteering and Service National Service National Volunteer Week New Orleans Non-profit organization Opportunities Philanthropy Points of Light Institute Service Service Learning SM4SG Social Media social media for social good Twitter volunteer Volunteering Volunteering in Schools Volunteerism volunteer recruitment Volunteers Youth Youth Service</s>
    <s>Lijit Search</s>
    <s>HandsOn Blog</s>
    <s>Powered by WordPress and Belle Entries RSS and Comments RSS</s>
  </text>
</page>
