<?xml version="1.0" encoding="UTF-8"?>
<!DOCTYPE page SYSTEM "page.dtd">
<page>
  <lang>en</lang>
  <url>http://aba.lemoyne.edu/archives/global_trends_program_00.htm</url>
  <title>Academy of Business Administration: Global Trends Conference ...</title>
  <snippet>
    <s>TUESDAY, December 19, 2000. 11:00 AM - 11:30 AM COFFEE BREAK. 11:30 AM - 1:00 PM GLOBAL ECONOMICS &amp; FINANCE. Meeting Room B Session </s>
  </snippet>
  <text>
    <s>ACADEMY OF BUSINESS ADMINISTRATION</s>
    <s>GLOBAL TRENDS CONFERENCE</s>
    <s>Hyatt Regency Hotel Cancun</s>
    <s>DECEMBER 18 THROUGH DECEMBER 23, 2000</s>
    <s>Special Events Schedule</s>
    <s>Conference Program</s>
    <s>Program Committee</s>
    <s>Return to Contents</s>
    <s>I am pleased to extend a warm welcome to all participants of the 2000 Global Trends Conference of the Academy of Business Administration.</s>
    <s>I would like to take this opportunity to express my appreciation to everyone who contributed their time, energy, and expertise to make this conference a success. It is truly a global conference in that we have participants from several countries and much of the research to be discussed has a global perspective. Each participant's contribution is a valuable asset in helping the Academy fulfill its mission of disseminating high quality research.</s>
    <s>Each conference has as its backbone the program committee. No conference could be successful without the diligent work of the Program Chair and the Track Chairs; the 2000 Global Trends Conference Program Committee was extremely efficient in performing their duties. My sincere appreciation goes to Dr. Sam Fullerton who served in the role of Program Chair; he is to be commended for continuing to assume an important leadership role in the ABA and for exhibiting professionalism in the planning and implementation of the Conference program.</s>
    <s>Each of the aforementioned individuals has made important contributions in helping the ABA achieve its goal of excellence, and I would again like to thank everyone for being a part of the continuous progress of the ABA. I hope that you enjoy the conference and your stay in the wonderful resort city of Cancun.</s>
    <s>Dr. David L. Moore</s>
    <s>Conference Chair</s>
    <s>A WORD FROM THE PROGRAM CHAIR</s>
    <s>Welcome to the 2000 Global Trends Conference of the Academy of Business Administration. I am certain that you will find the sessions interesting and enlightening. I am very pleased with the number of participants who will be presenting papers, participating in the special sessions, and assisting in the day-to-day operations of the conference. Your willingness to devote your time and energy is a sign that our efforts were a good investment.</s>
    <s>While the participants are the lifeblood of the conference, I would be remiss if I failed to acknowledge the incredibly important contributions of those individuals who have served as track chairs and reviewers. Without these individuals, a conference of this size would not be possible, so I thank each of these individuals for helping to make this conference a reality. I'm also grateful to have the able assistance and tireless efforts of Dr. David Moore who provides invaluable help to conference attendees and deserves the credit for arranging to hold our conference at this fine venue. We also hope that those of you who knew him will take a moment to remember our founder and friend, Dr. Sammy Amin. His ultimate concern was always focused upon the customer; what do we need to do to make your experience a more pleasurable one. He instilled within us that initiative, and we hope that we are making him proud. If you enjoy this conference, even in his absence, much of the credit belongs to Sammy. (We miss you, Bubba.)</s>
    <s>Special thanks go to the Department of Marketing at Eastern Michigan University and the Department of Business Administration at LeMoyne College for their support and understanding.</s>
    <s>Last year's conference in St. Thomas will be a hard act to follow. But I hope that you will take advantage of the excellent program planned for you, and I hope that you enjoy your stay in Cancun Please feel free to contact David Moore or me if you have any questions. We want to make your stay one which will encourage you to participate in our future conferences. Welcome to Cancun!</s>
    <s>Dr. Sam Fullerton</s>
    <s>Program Chair</s>
    <s>Return to Contents</s>
    <s>Return to Contents</s>
    <s>SCHEDULE FOR SPECIAL EVENTS</s>
    <s>MONDAY, DECEMBER 18</s>
    <s>4:00 PM - 6:00 PM Registration</s>
    <s>7:00 PM - 9:00 PM Welcome Reception &amp; Registration</s>
    <s>TUESDAY, DECEMBER 19</s>
    <s>9:00 AM - 1:00 PM Registration</s>
    <s>9:00 AM - 9:30 AM Coffee</s>
    <s>9:30 AM - 11:00 AM Competitive Sessions</s>
    <s>11:00 AM - 11:30 AM Coffee Break</s>
    <s>11:30 AM - 1:00 PM Competitive Sessions</s>
    <s>7:00 PM - 9:00 PM Reception</s>
    <s>WEDNESDAY, DECEMBER 20</s>
    <s>9:00 AM - 1:00 PM Registration</s>
    <s>9:00 AM - 9:30 AM Coffee</s>
    <s>9:30 AM - 11:00 AM Competitive Sessions</s>
    <s>11:00 AM - 11:30 AM Coffee Break</s>
    <s>11:30 AM - 1:00 PM Competitive Sessions</s>
    <s>1:30 PM - 3:00 PM Luncheon</s>
    <s>THURSDAY, DECEMBER 21</s>
    <s>9:00 AM - 1:00 PM Registration</s>
    <s>9:00 AM - 9:30 AM Coffee</s>
    <s>9:30 AM - 11:00 AM Competitive Sessions</s>
    <s>11:00 AM - 11:30 AM Coffee Break</s>
    <s>11:30 AM - 1:00 PM Competitive Sessions</s>
    <s>6:00 PM - 7:00 PM Hospitality Hour</s>
    <s>7:00 PM - 10:00 PM Dinner &amp; Awards Banquet</s>
    <s>FRIDAY, DECEMBER 22</s>
    <s>9:00 AM - 1:00 PM Registration</s>
    <s>9:00 AM - 9:30 AM Coffee</s>
    <s>9:30 AM - 11:00 AM Competitive Sessions</s>
    <s>11:00 AM - 11:30 AM Coffee Break</s>
    <s>11:30 AM - 1:00 PM Special Session:</s>
    <s>Research in Sports and Event Marketing</s>
    <s>11:30 AM - 1:00 PM Competitive Sessions</s>
    <s>7:00 PM - 10:00 PM Farewell Cancun, Hello San Antonio Reception</s>
    <s>SATURDAY, DECEMBER 23 HAVE A SAFE TRIP HOME!</s>
    <s>Return to Contents</s>
    <s>Return to Contents</s>
    <s>2000 PROGRAM COMMITTEE</s>
    <s>CONFERENCE CHAIR PROGRAM CHAIR SPECIAL SESSIONS CHAIR</s>
    <s>Dr. David Moore Dr. Sam Fullerton Dr. Vish Iyer</s>
    <s>LeMoyne College Eastern Michigan University Northern Colorado University</s>
    <s>INTERNATIONAL COORDINATORS</s>
    <s>Dr. Peter Wyer, DuMontfort University, Bedford, ENGLAND</s>
    <s>Dr. David Taylor, University of Waikato, Hamilton, NEW ZEALAND</s>
    <s>Dr. Malik Mirza, Queensland University of Technology, Brisbane, AUSTRALIA</s>
    <s>Dr. Bun Wong Kim, Dongguk University KOREA</s>
    <s>Dr. Christo Bischoff, University of Potchefstrom REPUBLIC OF SOUTH AFRICA</s>
    <s>Dr. Ramadan Al-Sharrah, Public Authority of Applied Education &amp; Training KUWAIT</s>
    <s>Dr. Michael Schreiber, University of Business &amp; Economics, Vienna, AUSTRIA</s>
    <s>Dr. Jackie Akoka, ESSEC, Cergy FRANCE</s>
    <s>Dr. Ahmed Ghoneim, Cairo University EGYPT</s>
    <s>Dr. Turken Onder, Marmara University TURKEY</s>
    <s>Dr. Faud Najig Al-Shaikh, Yarmouk University JORDAN</s>
    <s>Dr. B. C. Ghosh, Nanyang Technological University SINGAPORE</s>
    <s>Dr. Jeffrey Kantor, Bar-Ilan University, ISRAEL</s>
    <s>TRACK CHAIRS</s>
    <s>Dr. Malik Mirza, Queensland University of Technology (Australia)</s>
    <s>Dr. Howard Bunsis, Eastern Michigan University</s>
    <s>Dr. Mary Scott, Northwest Missouri State University</s>
    <s>Dr. Lianzan Xu, The William Paterson University of New Jersey</s>
    <s>BUSINESS COMMUNICATION</s>
    <s>Dr. Lillian Chaney, University of Memphis</s>
    <s>Dr. Kathy Hill, Sam Houston State University</s>
    <s>Dr. Barbara Davis, University of Memphis</s>
    <s>Dr. Sara Hart, Sam Houston State University</s>
    <s>Dr. Richard Featheringham, Central Michigan University</s>
    <s>Prof. Bonni Baker, Siena College</s>
    <s>CONTEMPORARY BUSINESS</s>
    <s>Dr. Roy Farris, Southeast Missouri State University</s>
    <s>Dr. Frank Chong, Southeast Missouri State University</s>
    <s>Dr. Arthur Marinelli, Ohio University</s>
    <s>Dr. Nancy Csapo, Central Michigan University</s>
    <s>Dr. Arnie Hilgert, Northern Arizona University - Yuma</s>
    <s>Dr. Bala Maniam, Sam Houston State University</s>
    <s>Dr. Demetri Kantarelis, Assumption College</s>
    <s>Dr. Terry Young, Pepperdine University</s>
    <s>Dr. Ramesh Garg, Eastern Michigan University</s>
    <s>Dr. Ginette McManus, Saint Joseph's University</s>
    <s>Dr. Mahmud Rahman, Eastern Michigan University</s>
    <s>Dr. Dimitrios Tsoukalas, Purdue University - Calumet</s>
    <s>INFORMATION SYSTEMS &amp; DECISION SCIENCES</s>
    <s>Dr. Rao Tummala, Eastern Michigan University</s>
    <s>Dr. Nancy Goettel, Coastal Carolina University</s>
    <s>Dr. Virginia Levsen, Coastal Carolina University</s>
    <s>Dr. Mary Lemons, University of Tennessee - Martin</s>
    <s>Dr. Stephen Knouse, University of Louisiana at Lafayette</s>
    <s>Dr. Ray Hill, Eastern Michigan University</s>
    <s>Prof. Rita Thakur, University of La Verne</s>
    <s>Dr. Tom Zimmerer, Drury University</s>
    <s>Prof. Claudia Blanchard, Siena Heights University</s>
    <s>Dr. Jim Murrow, Drury College</s>
    <s>Dr. S. Altan Erdem, University of Houston, Clear Lake</s>
    <s>Dr. David Moore, LeMoyne College</s>
    <s>Dr. Sam Fullerton, Eastern Michigan University</s>
    <s>Dr. Mohan K. Menon, University of South Alabama</s>
    <s>Dr. Janis Dietz, University of La Verne</s>
    <s>PUBLIC ADMINISTRATION &amp; NON-PROFIT ORGANIZATIONS</s>
    <s>Dr. Ted Helmer, University of Northern Arizona</s>
    <s>Dr. Audrey Mathews, California State University, San Bernardino</s>
    <s>Dr. Mitchell Rice, Texas A&amp;M University</s>
    <s>Return to Contents</s>
    <s>Return to Contents</s>
    <s>Adnan Abdeen California State University, Los Angeles</s>
    <s>Felix Abeson Coppin State College</s>
    <s>Azmi Ahmad Southern Arkansas University</s>
    <s>Frank Anderra Central Michigan University</s>
    <s>Rhett Atkins Nova Southeastern University</s>
    <s>Bonni Baker Siena College</s>
    <s>Martha Balachandran Middle Tennessee State University</s>
    <s>William Banks Wilfrid Laurier University</s>
    <s>Casimir Barczyk Purdue University, Calumet</s>
    <s>Robert Barker California State University, Northridge</s>
    <s>Peter Barr Coastal Carolina University</s>
    <s>Potkin Basseer California State University, Dominguez Hills</s>
    <s>James Bell Southwest Texas State University</s>
    <s>Jim Bexley Sam Houston State University</s>
    <s>Monica Bissell Plymouth State University</s>
    <s>Nick Blanchard Eastern Michigan University</s>
    <s>Michael Boroom California State University, San Bernardino</s>
    <s>Glenda Brock California State Polytechnic University, Pomona</s>
    <s>Jean Bush-Bacelis Eastern Michigan University</s>
    <s>Greg Bushong Wright State University</s>
    <s>Constance Campbell Georgia Southern University</s>
    <s>Charles Capps Sam Houston State University</s>
    <s>Lillian Chaney University of Memphis</s>
    <s>Amitava Chatterjee Fayetteville State University</s>
    <s>Frank Chong Southeast Missouri State University</s>
    <s>John Cirone Pensacola Christian College</s>
    <s>Sharon Clinebell University of Northern Colorado</s>
    <s>Dennis Coates Florida Atlantic University</s>
    <s>R. Morris Coats Nicholls State University</s>
    <s>Gary Coombs Ohio University</s>
    <s>Deborah Cours California State University, Northridge</s>
    <s>Christopher Coyne Saint Joseph's University</s>
    <s>Cheryl A. Cruz California State University, Los Angeles</s>
    <s>Nancy Csapo Central Michigan University</s>
    <s>Mary Currens California State University, Northridge</s>
    <s>Peter Dadalt Southern Illinois University</s>
    <s>Susan Dahl Kansas State University</s>
    <s>Barbara Davis University of Memphis</s>
    <s>John Day Ohio University</s>
    <s>Sahab Dayal Eastern Michigan University</s>
    <s>Frederick Decasperis Siena College</s>
    <s>M. Wayne DeLozier Nicholls State University</s>
    <s>Roger Deveau University of Massachusetts</s>
    <s>Al Diallo Eastern Michigan University</s>
    <s>Roger Dickinson University of Texas, Arlington</s>
    <s>Janis Dietz University of La Verne</s>
    <s>Nicholas DiMarco Webster University</s>
    <s>Paul Dion Susquehanna University</s>
    <s>Joe Dobson Western Illinois University</s>
    <s>John Dorocak California State University, San Bernardino</s>
    <s>James Eason Coastal Carolina University</s>
    <s>Spyros Economides California State University, Hayward</s>
    <s>S. Altan Erdem University of Houston, Clear Lake</s>
    <s>Massoud Farahbakhsh Salem State College</s>
    <s>Roy Farris Southeast Missouri State University</s>
    <s>Richard Featheringham Central Michigan University</s>
    <s>Sam Fullerton Eastern Michigan University</s>
    <s>Ramesh Garg Eastern Michigan University</s>
    <s>Wilbur Garland Coastal Carolina University</s>
    <s>Waqar Ghani Saint Joseph's University</s>
    <s>Claire Gilmore Southern State Connecticut University</s>
    <s>Donald Glover Metropolitan State College of Denver</s>
    <s>Nancy Goettel Coastal Carolina University</s>
    <s>Alan Goldberg California State University, Hayward</s>
    <s>Pradeep Gopalakrishna Pace University</s>
    <s>Kathleen Green University of Memphis</s>
    <s>Joel Greene Hofstra University</s>
    <s>Martin Griffin Sam Houston State University</s>
    <s>Barbara Gross California State University, Northridge</s>
    <s>Peter Hackbert California State University, Monterey Bay</s>
    <s>Al Hagan Pepperdine University</s>
    <s>Craig Hansen Metropolitan State University</s>
    <s>Nancy Hard East Texas State University</s>
    <s>Marion Harris Bowie State University</s>
    <s>Sara Hart Sam Houston State University</s>
    <s>Ted Helmer University of Northern Arizona</s>
    <s>Judith Hennessey California State University, Northridge</s>
    <s>John Henry Georgia Southern University</s>
    <s>Peter Hermann Coastal Carolina University</s>
    <s>Arnie Hilgert Northern Arizona University, Yuma</s>
    <s>Kathy Hill Sam Houston State University</s>
    <s>Pamela Hill Eastern Michigan University</s>
    <s>Ray Hill Eastern Michigan University</s>
    <s>Pam Hillery Nova Southeastern University</s>
    <s>Karen Hogan Saint Joseph's University</s>
    <s>Andrew Holmes Sam Houston State University</s>
    <s>Evelyn Hume University of Texas-Pan American</s>
    <s>Harold Hurry Sam Houston State University</s>
    <s>Marguerite Hutton Western Washington University</s>
    <s>Joe James Sam Houston State University</s>
    <s>Barbara Jefferson University of La Verne</s>
    <s>Keith Jenkins Sam Houston State University</s>
    <s>Bill Johnson Nova Southeastern University</s>
    <s>Robert Joy Central Michigan University</s>
    <s>Demetri Kantarelis Assumption College</s>
    <s>Marios Katsioloudes Coastal Carolina University</s>
    <s>Susan Kattelus Eastern Michigan University</s>
    <s>Gwen Rowe Kelly University of the District of Columbia</s>
    <s>Omar Khalil University of Massachusetts, Dartmouth</s>
    <s>Zafar Khan Eastern Michigan University</s>
    <s>David Kirch Ohio University</s>
    <s>Donald Kirchner California State University, Northridge</s>
    <s>Arno Kleimenhager University of Wisconsin, Whitewater</s>
    <s>Stephen Knouse University of Louisiana at Lafayette</s>
    <s>Syrous Kooros Nicholls State University</s>
    <s>Roberta Krapels University of Mississippi</s>
    <s>David Kunz Southeast Missouri State University</s>
    <s>H. Bruce Lammers California State University, Northridge</s>
    <s>John Lanasa Duquesne University</s>
    <s>Darla Lang Sam Houston State University</s>
    <s>Hadley Leavell Sam Houston State University</s>
    <s>Dong-Woo Lee California State University, Los Angeles</s>
    <s>Mary Lemons University of Tennessee - Martin</s>
    <s>Patricia Leonard Rider College</s>
    <s>Greg Lepak LeMoyne College</s>
    <s>Virginia Levsen Coastal Carolina University</s>
    <s>Edward Liebow Battelle Seattle Research Center</s>
    <s>Linda Loehr Northeastern University</s>
    <s>Gary Lubbert Rockford College</s>
    <s>Richard Malama California State University, Dominguez Hills</s>
    <s>Bala Maniam Sam Houston State University</s>
    <s>Franklyn Manu Morgan State University</s>
    <s>Jeffery Manzi Ohio University</s>
    <s>Arthur Marinelli Ohio University</s>
    <s>Treba Marsh Stephen F. Austin State University</s>
    <s>Norton Marks California State University, San Bernardino</s>
    <s>Mark Martinko Florida State University</s>
    <s>Lance Masters California State University, Hayward</s>
    <s>Brenda Ponceford Masters California State University, Sonoma</s>
    <s>Audrey Mathews California State University, San Bernardino</s>
    <s>Gary McCombs Eastern Michigan University</s>
    <s>Carl McGowan California State University, Hayward</s>
    <s>Sandra McKay Southeastern Louisiana University</s>
    <s>Kim McKeage University of Maine</s>
    <s>Ginette McManus Saint Joseph's University</s>
    <s>Martin Meloche Western Michigan University</s>
    <s>Michael Menasco University of Redlands</s>
    <s>Mohan K. Menon University of South Alabama</s>
    <s>Gulser Meric Rowan College of New Jersey</s>
    <s>Ilhan Meric Rider University</s>
    <s>Azmi Mikhail Ohio University</s>
    <s>Alan Miller Tennessee State University</s>
    <s>George Milne University of Massachusetts, Amherst</s>
    <s>Malik Mirza Queensland University of Technology</s>
    <s>John Mittelsteadt University of Wyoming</s>
    <s>David Moore LeMoyne College</s>
    <s>Archie Morris Bowie State University</s>
    <s>Sherry Moss Florida International University</s>
    <s>Ralph Mullin Central Missouri State University</s>
    <s>Jim Murrow Drury College</s>
    <s>Rose Mary Murtagh-Achey Nova Southeastern University</s>
    <s>G. M. Naidu University of Wisconsin, Whitewater</s>
    <s>Robert Nale Coastal Carolina University</s>
    <s>Lakshmi S. Narain Georgia College and State University</s>
    <s>Morton Nelson Wilfrid Laurier University</s>
    <s>Linda Nichols Texas Tech University</s>
    <s>Mary Ellen Nourse Boise State University</s>
    <s>Douglas O'Bannon Webster University</s>
    <s>Muhammed Obeidat Southern Polytechnic State University</s>
    <s>Pat Obi Purdue University</s>
    <s>Alphonso Ogbuehi Lincoln University</s>
    <s>Jane Park California State University, Los Angeles</s>
    <s>D. J. Parker University of Washington - Tacoma</s>
    <s>John Penrose San Diego State University</s>
    <s>Susan Petroshius Bowling Green State University</s>
    <s>Donna Phillips Stephen F. Austin State University</s>
    <s>Sanjeev Phukan Bemidji State University</s>
    <s>Stephen Pirog Seton Hall University</s>
    <s>Dick Plank Western Michigan University</s>
    <s>Merton Powell Central Michigan University</s>
    <s>V. Kanti Prasad University of Wisconsin, Milwaukee</s>
    <s>Ellen Pullins University of Toledo</s>
    <s>Zinovy Radovilsky California State University, Hayward</s>
    <s>Mahmud Rahman Eastern Michigan University</s>
    <s>Ganas Rakes Ohio University</s>
    <s>D. V. Rama University of Massachusetts</s>
    <s>Nanda Rangan Ohio University</s>
    <s>Henry Raymond Bowie State University</s>
    <s>David Reid University of Toledo</s>
    <s>Gary Renz Webster University</s>
    <s>Mitchell Rice Texas A&amp;M University</s>
    <s>Anthony Rodriguez Texas A&amp;M International University</s>
    <s>Violet Rogers Stephen F. Austin State University</s>
    <s>Joseph Rosetti Siena College</s>
    <s>Maryellen O'Brien Rosetti Hudson Valley Community College</s>
    <s>William Salatka Wilfrid Laurier University</s>
    <s>Peter Schneider Seton Hall University</s>
    <s>Mary Scott Northwest Missouri State University</s>
    <s>Richard Sebastian St. Cloud State University</s>
    <s>Alan Seidman Nova Southeastern University</s>
    <s>Teri Shaffer Southeastern Louisiana University</s>
    <s>Hany Shawky SUNY of Albany</s>
    <s>Hugh Sherman Ohio University</s>
    <s>Ashraf Shirani Hofstra University</s>
    <s>Shomir Sil Purdue University, Calumet</s>
    <s>Deborah Skinner University of Maine</s>
    <s>Aileen Smith Stephen F. Austin State University</s>
    <s>Stephanie Smith Texas A&amp;M International University</s>
    <s>Lucian Spataro Ohio University</s>
    <s>Stanley Stough Southeast Missouri State University</s>
    <s>Charles Stowe Sam Houston State University</s>
    <s>Susan Switzer Central Michigan University</s>
    <s>Mohammed H. A. Tafti Hofstra University</s>
    <s>Michael Taku Christopher Newport University</s>
    <s>Uday Tate Southeastern Louisiana University</s>
    <s>Sandra Taylor Georgia Southern University</s>
    <s>Ahmet Tezel Saint Joseph's University</s>
    <s>James Thacker University of Windsor</s>
    <s>Rita Thakur University of La Verne</s>
    <s>Larry Thomas Central Michigan University</s>
    <s>Philip Titus Bowling Green State University</s>
    <s>Hope Torkornoo Kennesaw State College</s>
    <s>Rao Tummala Eastern Michigan University</s>
    <s>Rick Utecht University of Texas at San Antonio</s>
    <s>Farok Vakil St. John's University</s>
    <s>Demos Vardiabasis Pepperdine University</s>
    <s>Gary S. Vazzana Central Missouri State University</s>
    <s>Gretchen Vik San Diego State University</s>
    <s>Charles Vitaska Metro State College at Denver</s>
    <s>Phillip Vorherr University of Dayton</s>
    <s>Fraya Wagner-Marsh Eastern Michigan University</s>
    <s>Jean Walker University of Houston - Clear Lake</s>
    <s>John Waltman Eastern Michigan University</s>
    <s>Samuel Wathan Coastal Carolina University</s>
    <s>Brian Watts California State University, San Bernardino</s>
    <s>Don Weinrauch Tennessee Technological University</s>
    <s>Gayle White Southern Arkansas University</s>
    <s>Bobbie Williams Georgia Southern University</s>
    <s>Tim Wise Southern Arkansas University</s>
    <s>Robert Witherell University of Massachusetts</s>
    <s>Chester Wolford Pennsylvania State University</s>
    <s>Lianzan Xu The William Paterson State University</s>
    <s>Asad Yavari Chapman University</s>
    <s>Burhan Yavas California State University, Dominguez Hills</s>
    <s>Terry Young Pepperdine University</s>
    <s>Tom Zimmerer Drury College</s>
    <s>Return to Contents</s>
    <s>Return to Contents</s>
    <s>YOUR PROGRAM COMMITTEE IS</s>
    <s>PLEASED TO PRESENT YOUR PROGRAM</s>
    <s>FOR THE 2000 GLOBAL TRENDS CONFERENCE</s>
    <s>OF THE ACADEMY OF BUSINESS ADMINISTRATION</s>
    <s>TUESDAY, December 19, 2000</s>
    <s>9:00 AM - 9:30 AM COFFEE</s>
    <s>9:30 AM - 11:00 AM ACCOUNTING &amp; SMALL BUSINESS</s>
    <s>Meeting Room A Session Chair: Mary Scott</s>
    <s>Missouri Western State University</s>
    <s>Section 263A and the Small Merchandiser</s>
    <s>Rob Blatz</s>
    <s>Central Connecticut State University</s>
    <s>The Exploration of Product Costing Methods in the</s>
    <s>Current Manufacturing Environment</s>
    <s>Joan K. Myers</s>
    <s>LeMoyne College</s>
    <s>Interaction of Locus of Control, Organizational Rewards</s>
    <s>And Budget Participation Level on an Individual's</s>
    <s>Perceived Dysfunctional Budget Behavior of Others</s>
    <s>Mary K. Collins</s>
    <s>LeMoyne College</s>
    <s>TUESDAY, December 19, 2000</s>
    <s>9:00 AM - 9:30 AM COFFEE</s>
    <s>9:30 AM - 11:00 AM ESTIMATES OF PAY SENSITIVITY, CURRENCY</s>
    <s>CRISIS, AND INVESTMENT BARRIERS</s>
    <s>Meeting Room B Session Chair: Bala Maniam</s>
    <s>Sam Houston State University</s>
    <s>The Potential Effects of Shifts in the Supply and Demand of</s>
    <s>Human Capital on Ordinary Least Squares Estimates of</s>
    <s>Pay Sensitivity</s>
    <s>Peter Woodlock</s>
    <s>Youngstown State University</s>
    <s>The Asian Currency Crisis: Causes, Lessons, and Implications</s>
    <s>On the United States Economy</s>
    <s>Bala Maniam, Sam Houston State University</s>
    <s>Darla Lang, Sam Houston State University</s>
    <s>Sara Hart, Sam Houston State University</s>
    <s>Eastern Europe: Investment Opportunities and Barriers</s>
    <s>Bala Maniam, Sam Houston State University</s>
    <s>Darla Lang, Sam Houston State University</s>
    <s>W. Hadley Leavell, Sam Houston State University</s>
    <s>TUESDAY, December 19, 2000</s>
    <s>9:00 AM - 9:30 AM COFFEE</s>
    <s>9:30 AM - 11:00 AM LEGAL AND REGULATORY ISSUES IN BUSINESS</s>
    <s>Meeting Room C Session Chair: Art Marinelli</s>
    <s>Ohio University</s>
    <s>*Is the United States Placing Renewed Emphasis on</s>
    <s>Corrective Advertising?</s>
    <s>Fred Naffziger</s>
    <s>Indiana University - South Bend</s>
    <s>Monle Lee</s>
    <s>Indiana University - South Bend</s>
    <s>National Survey Preliminary Report: How Are States Regulating Law Firm Internet Advertising?</s>
    <s>Mary Virginia Moore</s>
    <s>Southeast Missouri State University</s>
    <s>Gary G. Johnson</s>
    <s>Southeast Missouri State University</s>
    <s>An Employer's Liability for Sexual Harassment**</s>
    <s>Arthur J. Marinelli</s>
    <s>Ohio University</s>
    <s>TUESDAY, December 19, 2000</s>
    <s>9:00 AM - 9:30 AM COFFEE</s>
    <s>9:30 AM - 11:00 AM THE NONPROFIT COMMUNITY: ISSUES THAT IMPACT</s>
    <s>THE PUBLIC SECTOR IN NON-TRADITIONAL WAYS</s>
    <s>Meeting Room D Session Chair: Audrey Mathews</s>
    <s>California State University - San Bernardino</s>
    <s>*Nonprofit Organizations and the News Media: Their Mutually</s>
    <s>Beneficial Relationships Vs. the Public's Right to Know</s>
    <s>Barry Friedman</s>
    <s>North Georgia College and State University</s>
    <s>From Fairy Tale to Reality:</s>
    <s>Establishing a Nonprofit Organization</s>
    <s>Marjorie B. Lewis</s>
    <s>Center for Community Excellence &amp; Social Justice</s>
    <s>The Power of Nonprofit Organizations:</s>
    <s>Education in the New Millennium**</s>
    <s>Gary Rodwell</s>
    <s>Alliance Organizing Project</s>
    <s>Non-Profit Community-Based Organizations:</s>
    <s>Rebuilding Minority Communities</s>
    <s>Audrey J. Mathews</s>
    <s>California State University, San Bernardino</s>
    <s>Michael J. Siler</s>
    <s>California State University, Los Angeles</s>
    <s>TUESDAY December 19, 2000</s>
    <s>11:00 AM - 11:30 AM COFFEE BREAK</s>
    <s>11:30 AM - 1:00 PM CONTEMPORARY MANAGEMENT ISSUES</s>
    <s>Meeting Room A Session Chair: Mary Lemons</s>
    <s>University of Tennessee - Martin</s>
    <s>Measuring Job Satisfaction Dimensions in a Workplace:</s>
    <s>A Comparative Analysis John Knappenberger</s>
    <s>Mesa State University</s>
    <s>Action Research in Team Building at a Child Care Center</s>
    <s>Using Appreciative Inquiry</s>
    <s>Kelly Guest</s>
    <s>Auraria Higher Education Center</s>
    <s>Madison Holloway</s>
    <s>Metropolitan State College of Denver</s>
    <s>Retaining Unskilled Workers During High Employment</s>
    <s>Ralph Drtina</s>
    <s>Rollins College</s>
    <s>Does Sex Make a Difference in Justice Assessment?</s>
    <s>An Invited Replication of Sweeney and McFarlin's Study</s>
    <s>Mary A. Lemons</s>
    <s>University of Tennessee - Martin</s>
    <s>Sanjib Chowdhury</s>
    <s>University of Tennessee - Martin</s>
    <s>TUESDAY, December 19, 2000</s>
    <s>11:00 AM - 11:30 AM COFFEE BREAK</s>
    <s>11:30 AM - 1:00 PM GLOBAL ECONOMICS &amp; FINANCE</s>
    <s>Meeting Room B Session Chair: Dimitrios Tsoukalis</s>
    <s>Purdue University - Calumet</s>
    <s>*Relationship Between Stock Returns, Fiscal and Monetary</s>
    <s>Policy in an Emerging Economy: Evidence from the</s>
    <s>Cypriot Stock Market</s>
    <s>Dimitrios Tsoukalas</s>
    <s>Purdue University - Calumet</s>
    <s>Pat Obi</s>
    <s>Purdue University - Calumet</s>
    <s>Shomar Sil</s>
    <s>Purdue University - Calumet</s>
    <s>Mario Mavrides</s>
    <s>Cyprus College (Cyprus)</s>
    <s>Testing the Appropriateness of Linear Econometric</s>
    <s>Models for Financial and Macroeconomic Stationary</s>
    <s>Time Series Analysis Models</s>
    <s>Dimitrios Tsoukalas</s>
    <s>Purdue University - Calumet</s>
    <s>The Decentralization Theorem and the Club Goods Model</s>
    <s>Amlan Mitra</s>
    <s>Purdue University - Calumet</s>
    <s>Macroeconomic Fundamentals in the Context of Admission</s>
    <s>into the European Union**</s>
    <s>Dimitrios Tsoukalas</s>
    <s>Purdue University - Calumet</s>
    <s>Kasia Firlej</s>
    <s>Purdue University - Calumet</s>
    <s>TUESDAY, December 19, 2000</s>
    <s>11:00 AM - 11:30 AM COFFEE BREAK</s>
    <s>11:30 AM - 1:00 PM MIS</s>
    <s>Meeting Room C Session Chair: Virginia Levsen</s>
    <s>Coastal Carolina University</s>
    <s>*The Inquiring Organization: Facilitating Organizational</s>
    <s>Learning by Encouraging Communities of Practice and</s>
    <s>Learning Networks</s>
    <s>Dianne J. Hall</s>
    <s>Texas A&amp;M University</s>
    <s>A Comparison of the Computer Literacy Rates between Freshmen and Pre-Business College Students in 1996 and 2000</s>
    <s>Virginia B. Levsen</s>
    <s>Coastal Carolina University</s>
    <s>Nancy Goettel</s>
    <s>Coastal Carolina University</s>
    <s>Economic and Commercial Applications and Data Handling</s>
    <s>Requirements of Global Positioning Systems*Thomas Secrest</s>
    <s>Coastal Carolina University</s>
    <s>TUESDAY, December 19, 2000</s>
    <s>11:00 AM - 11:30 AM COFFEE BREAK</s>
    <s>11:30 AM - 1:00 PM HEALTH &amp; PUBLIC ADMINISTRATION</s>
    <s>Meeting Room D Session Chair: John Green</s>
    <s>Texas A&amp;M University</s>
    <s>*Flu Immunization Return on Investment:</s>
    <s>Should Companies Pay for Flu Shots?</s>
    <s>Jeff Brizzolara</s>
    <s>Methodist Health Care System</s>
    <s>John S. Green</s>
    <s>Texas A&amp;M University</s>
    <s>Windsor Group Therapy Project: A Case Study of Board</s>
    <s>Governance in the Life History of an Agency</s>
    <s>Norman King</s>
    <s>University of Windsor (Canada)</s>
    <s>George Lan</s>
    <s>University of Windsor (Canada)</s>
    <s>Sharon McMahon</s>
    <s>University of Windsor (Canada)</s>
    <s>Jang Singh</s>
    <s>University of Windsor (Canada)</s>
    <s>Evolution of HMOs in the 21st Century**</s>
    <s>Charlotte Hall</s>
    <s>Sam Houston State University</s>
    <s>Jason Hall</s>
    <s>Sam Houston State University</s>
    <s>Sara Hart</s>
    <s>Sam Houston State University</s>
    <s>Balasundram Maniam</s>
    <s>Sam Houston State University</s>
    <s>WEDNESDAY, December 20, 2000</s>
    <s>9:00 AM - 9:30 AM COFFEE</s>
    <s>9:30 AM - 11:00 AM SPORTS MARKETING</s>
    <s>Meeting Room A Session Chair: Peter Hackbert</s>
    <s>California State University - Monterey Bay</s>
    <s>*The Relationship Between Marketing and Spectator</s>
    <s>Attendance at Arena Indoor Football</s>
    <s>Ann Walters</s>
    <s>United States Sports Academy</s>
    <s>James Grant</s>
    <s>American University of Sharjah (UAE)</s>
    <s>Kathryn Dobie</s>
    <s>North Carolina A&amp;T University</s>
    <s>An American Perspective on Sports Sponsorship</s>
    <s>H. Robert Dodge</s>
    <s>Eastern Michigan University</s>
    <s>Sam Fullerton</s>
    <s>Eastern Michigan University</s>
    <s>David L. Moore</s>
    <s>LeMoyne College</s>
    <s>David B. Taylor</s>
    <s>University of Waikato (NZ)</s>
    <s>Entrepreneurial Opportunity Recognition: Using Cluster</s>
    <s>Analysis to Support the Creation and Retention of Quality</s>
    <s>Jobs: Sport Recreation and Participation as a Case Study**</s>
    <s>Peter Hackbert</s>
    <s>California State University - Monterey Bay</s>
    <s>WEDNESDAY, December 20, 2000</s>
    <s>9:00 AM - 9:30 AM COFFEE</s>
    <s>9:30 AM - 11:00 AM GLOBAL ACCOUNTING</s>
    <s>Meeting Room B Session Chair: Gary Johnson</s>
    <s>Southeast Missouri State University</s>
    <s>*Taxing Internet Transactions: Local, National and</s>
    <s>International Implications</s>
    <s>Gary G. Johnson</s>
    <s>Southeast Missouri State University</s>
    <s>Christine Wiehe</s>
    <s>Southeast Missouri State University</s>
    <s>Financial Accounting Standards Board Pronouncements 116;</s>
    <s>117; 124 and 136: Do They Protect the Interests of Cash</s>
    <s>Contributors to Non-Profit Organizations?</s>
    <s>Lawrence N. Waterbury</s>
    <s>Quinnipiac College</s>
    <s>Standards-Setting in an Environment of Global Integration**</s>
    <s>Carl R. Borgia</s>
    <s>Florida Atlantic University</s>
    <s>WEDNESDAY, December 20, 2000</s>
    <s>9:00 AM - 9:30 AM COFFEE</s>
    <s>9:30 AM - 11:00 AM QUANTITATIVE METHODS</s>
    <s>Meeting Room C Session Chair: John Considine</s>
    <s>LeMoyne College</s>
    <s>*Structural Hybrid Conjoint Modeling:</s>
    <s>An Application in the Marketing of Subsidized Housing</s>
    <s>Greg M. Lepak</s>
    <s>LeMoyne College</s>
    <s>David L. Moore</s>
    <s>LeMoyne College</s>
    <s>Neural Network Training:</s>
    <s>An Investigation of Some Relevant Questions</s>
    <s>Moncef Belhadjali</s>
    <s>Norfolk State University</s>
    <s>Gary L. Whaley</s>
    <s>Norfolk State University</s>
    <s>WEDNESDAY, December 20, 2000</s>
    <s>9:00 AM - 9:30 AM COFFEE</s>
    <s>9:30 AM - 11:00 AM BUSINESS COMMUNICATIONS &amp; EDUCATION</s>
    <s>Meeting Room D Session Chair: Mike McDonald</s>
    <s>Georgia Southern University</s>
    <s>*Perceived Differences in the Communication Styles</s>
    <s>Of NAFTA Members</s>
    <s>Gina Bean</s>
    <s>University of Memphis Lillian H. Chaney</s>
    <s>University of Memphis</s>
    <s>Communication Network Analysis</s>
    <s>Kathy L. Hill</s>
    <s>Sam Houston State University</s>
    <s>John S. Green</s>
    <s>Texas A&amp;M University</s>
    <s>An Initial Study of Students' Assumptions: A Comparison**</s>
    <s>Frank Chong</s>
    <s>Southeast Missouri State University</s>
    <s>Roy Farris</s>
    <s>Southeast Missouri State University</s>
    <s>WEDNESDAY, December 20, 2000</s>
    <s>11:00 AM - 11:30 AM COFFEE BREAK</s>
    <s>11:30 AM - 1:00 PM TOURISM</s>
    <s>Meeting Room A Session Chair: James Bradshaw</s>
    <s>Brigham Young University - Hawaii</s>
    <s>*Strategic Considerations of Electronic Commerce and</s>
    <s>Tourism Promotion in Canada</s>
    <s>Gurprit S. Kindra</s>
    <s>University of Ottawa (Canada)</s>
    <s>Subit Bandyopadhyay</s>
    <s>University of Ottawa (Canada)</s>
    <s>Jane Saber</s>
    <s>University of Ottawa (Canada)</s>
    <s>The Czech Republic 2000 Tourism Promotion</s>
    <s>Ollice H. Embrey</s>
    <s>Columbus State University</s>
    <s>WEDNESDAY, December 20, 20000</s>
    <s>11:00 AM - 11:30 AM COFFEE BREAK</s>
    <s>11:30 AM - 1:00 PM GLOBAL FINANCE</s>
    <s>Meeting Room B Session Chair: Ramesh Garg</s>
    <s>Eastern Michigan University</s>
    <s>*Financial Solvency of Reinsurers During a Period of</s>
    <s>Consolidation and Globalization</s>
    <s>Mark Cross</s>
    <s>Miami University</s>
    <s>Robert Hershbarger</s>
    <s>Mississippi State University</s>
    <s>Towards a Model of Optimal Timing for International</s>
    <s>Debt Default - A Macro Level Approach</s>
    <s>Robert G. Vambery</s>
    <s>Pace University</s>
    <s>James Gabberty</s>
    <s>Pace University</s>
    <s>Globalization of Financial Services by the Big Six Accounting</s>
    <s>Firms and Foreign Exchange Risk Management</s>
    <s>Ramesh Garg</s>
    <s>Eastern Michigan University</s>
    <s>Jochen Buehler</s>
    <s>KPMG Consulting GmbH (Germany) **</s>
    <s>WEDNESDAY, December 20, 2000</s>
    <s>11:00 AM - 11:30 AM COFFEE BREAK</s>
    <s>11:30 AM - 1:00 PM DIVERSITY, CULTURE, GENDER &amp; ETHNICITY</s>
    <s>Meeting Room C Session Chair: Mitchell F. Rice</s>
    <s>Texas A&amp;M University</s>
    <s>*Race, Gender, and Ethnicity: Issues Facing African</s>
    <s>American Ph.D. Candidates</s>
    <s>Wendy Sloane</s>
    <s>Cleveland State University</s>
    <s>Diversity in Diversity Research</s>
    <s>Robert C. Holland</s>
    <s>University of Pennsylvania</s>
    <s>Elizabeth Scott</s>
    <s>Pennsylvania State University</s>
    <s>South Florida's Working Poor Female: An Exploratory</s>
    <s>Study of Cultural Dimensions**</s>
    <s>Sabrina Segal</s>
    <s>Keiser College</s>
    <s>Melinda L. Cato</s>
    <s>New York Institute of Technology</s>
    <s>Ronald Needleman</s>
    <s>Nova Southeastern University</s>
    <s>WEDNESDAY, December 20, 2000</s>
    <s>11:00 AM - 11:30 AM COFFEE BREAK</s>
    <s>11:30 AM - 1:00 PM STRATEGIC MARKETING APPLICATIONS</s>
    <s>Meeting Room D Session Chair: Monsoor Alshimali</s>
    <s>Public Authority for Applied Education &amp; Training (Kuwait)</s>
    <s>*Will She Dance? A Framework for Understanding</s>
    <s>Consumers' Response to Business Overtures and</s>
    <s>Its Implications</s>
    <s>Jagdip Singh</s>
    <s>Case Western Reserve University</s>
    <s>Testimonial Advertising: The Case of Motion Pictures</s>
    <s>Print Production: How Movies Are Promoted in Newspapers and Magazines</s>
    <s>George A. Gekas</s>
    <s>Algoma University College (Canada)</s>
    <s>Benefits of a Marketing Orientation for Religious</s>
    <s>John Considine</s>
    <s>LeMoyne College</s>
    <s>THURSDAY, December 21, 2000</s>
    <s>9:00 AM - 9:30 AM COFFEE</s>
    <s>9:30 AM - 11:00 AM TECHNOLOGY AND BUSINESS EDUCATION</s>
    <s>Meeting Room A Session Chair: John Seffel</s>
    <s>University of the Incarnate Word</s>
    <s>*Sense and Sensibility in the Nuclear World:</s>
    <s>A Rich Pedagogic Experience</s>
    <s>Maud Tixier</s>
    <s>ESSEC (France)</s>
    <s>Developing a Consortium Internet MBA Using a</s>
    <s>Marketing Framework</s>
    <s>J. Michael McDonald</s>
    <s>Georgia Southern University</s>
    <s>Carl Gooding</s>
    <s>Georgia Southern University</s>
    <s>Using Web-Sites as a Teaching Aid**</s>
    <s>Fahri Karakaya</s>
    <s>University of Massachusetts - Dartmouth</s>
    <s>THURSDAY, December 21, 2000</s>
    <s>9:00 AM - 9:30 AM COFFEE</s>
    <s>9:30 AM - 11:00 AM ECONOMICS &amp; PRICING</s>
    <s>Meeting Room B Session Chair: Terry Young</s>
    <s>Pepperdine University</s>
    <s>*Price Discovery and Spillovers in Petroleum Futures:</s>
    <s>The Case of the Crack Spread</s>
    <s>Arjun Chatrath</s>
    <s>University of Portland</s>
    <s>Bahram Adrangi</s>
    <s>University of Portland</s>
    <s>Pricing Decisions in an Environment of Fluctuating</s>
    <s>Exchange Rates</s>
    <s>William R. Smith, Jr.</s>
    <s>Pepperdine University</s>
    <s>Spreadsheet Solution of Integrated Pricing-Transportation</s>
    <s>Kingsley Gnanendran</s>
    <s>University of Scranton</s>
    <s>THURSDAY, December 21, 2000</s>
    <s>9:00 AM - 9:30 AM COFFEE</s>
    <s>9:30 AM - 11:00 AM GLOBAL MARKETING</s>
    <s>Meeting Room C Session Chair: Peter Hackbert</s>
    <s>California State University, Monterey Bay</s>
    <s>*Street Vendors as a Viable Channel of Distribution in</s>
    <s>Developing Markets - The Case of Mexico City</s>
    <s>Jose F. Medina</s>
    <s>University of the Incarnate Word</s>
    <s>Javier Cervantes</s>
    <s>University of the Incarnate Word</s>
    <s>A Healthy Experience: A Marketing Strategy to Export</s>
    <s>Malaysian Palm Oil to the United States</s>
    <s>Lee Lai Fatt</s>
    <s>Nicholls State University</s>
    <s>M. Wayne DeLozier</s>
    <s>Nicholls State University</s>
    <s>The Chinese Consumer Goods Market - Environment for</s>
    <s>Foreign Marketers and the Chinese Perspective**</s>
    <s>C. L. Hung</s>
    <s>University of Calgary (Canada)</s>
    <s>THURSDAY, December 21, 2000</s>
    <s>9:00 AM - 9:30 AM COFFEE</s>
    <s>9:30 AM - 11:00 AM ISSUES IN HUMAN RELATIONS</s>
    <s>Meeting Room D Session Chair: Rebecca Gatlin-Watts</s>
    <s>University of Central Arkansas</s>
    <s>*Old and Knew: Expanding the Resume</s>
    <s>Gretchen Vanneman</s>
    <s>Pennsylvania State University - Erie</s>
    <s>Results of a College Level Grammar Exam in Comparing</s>
    <s>Native English Language Students with Students Where</s>
    <s>English Is a Second or Third Language: Implications</s>
    <s>For the Business Communications Course Instructor</s>
    <s>James R. Bradshaw</s>
    <s>Brigham Young University - Hawaii</s>
    <s>Collaborative Communications Technologies:</s>
    <s>A Participatory Approach**</s>
    <s>Rebecca Gatlin-Watts</s>
    <s>University of Central Arkansas</s>
    <s>Linda Bean</s>
    <s>Arkansas Tech University</s>
    <s>Tim Weaver</s>
    <s>University of South Carolina</s>
    <s>Kathy Lewis</s>
    <s>University of North Alabama</s>
    <s>THURSDAY, December 21, 2000</s>
    <s>11:00 AM - 11:30 AM COFFEE BREAK</s>
    <s>11:30 AM - 1:00 PM BUSINESS EDUCATION</s>
    <s>Meeting Room A Session Chair: Gretchen Vanneman</s>
    <s>Pennsylvania State University - Erie</s>
    <s>*Marketing Higher Education Across Borders:</s>
    <s>The Australian Experience</s>
    <s>Manir Zaman</s>
    <s>Maonash University (Australia)</s>
    <s>Mike Berrell</s>
    <s>Monash University (Australia)</s>
    <s>Executive Leadership: The Major Texts</s>
    <s>Chester L. Wolford</s>
    <s>Pennsylvania State University - Erie</s>
    <s>An Outcomes Assessment of an Internship Program**</s>
    <s>Bonni Perrott Baker</s>
    <s>Siena College</s>
    <s>Charles F. Seifert</s>
    <s>Siena College</s>
    <s>THURSDAY, December 21, 2000</s>
    <s>11:00 AM - 11:30 AM COFFEE BREAK</s>
    <s>11:30 AM - 1:00 PM MARKET DEVELOPMENT</s>
    <s>Meeting Room B Session Chair: Mansoor Alshimali</s>
    <s>Public Authority for Applied Education &amp; Training (Kuwait)</s>
    <s>*Industrial Ecology: Making It Work</s>
    <s>M. B. Neace</s>
    <s>Mercer University</s>
    <s>Asian Crisis: Causes, Reforms, and Prospects</s>
    <s>Terry W. Young</s>
    <s>Pepperdine University</s>
    <s>Linnea McCord</s>
    <s>Pepperdine University</s>
    <s>Commercializing Developing Market Crafts -</s>
    <s>The Pottery from Ortiz, Mexico**</s>
    <s>Esmeralda de los Santos</s>
    <s>University of the Incarnate Word</s>
    <s>Jose F. Medina</s>
    <s>University of the Incarnate Word</s>
    <s>Maria de Jesus Gonzalez</s>
    <s>University of the Incarnate Word</s>
    <s>THURSDAY, December 21, 2000</s>
    <s>11:00 AM - 11:30 AM COFFEE BREAK</s>
    <s>11:30 AM - 1:00 PM DIRECT MARKETING &amp; SHOPPING STYLES</s>
    <s>Meeting Room C Session Chair: Pamela Alreck</s>
    <s>Salisbury State University</s>
    <s>*American Consumers' Adoption of Internet Shopping</s>
    <s>Robert B. Settle</s>
    <s>Salisbury State University</s>
    <s>Pamela L. Alreck</s>
    <s>Salisbury State University</s>
    <s>QVC: The Sales Leader in the TV Home Shopping Industry</s>
    <s>K. Morris (Moshe) Speter</s>
    <s>Berkeley College</s>
    <s>Judy Russo</s>
    <s>University of New Haven</s>
    <s>Shopping Styles and Preferences of</s>
    <s>American Men and Women**</s>
    <s>Pamela L. Alreck</s>
    <s>Salisbury State University</s>
    <s>Robert B. Settle</s>
    <s>Salisbury State University</s>
    <s>THURSDAY, December 21, 2000</s>
    <s>11:00 AM - 11:30 AM COFFEE BREAK</s>
    <s>11:30 AM - 1:00 PM MANAGEMENT STRATEGY &amp; A LOOK AT OSHA</s>
    <s>Meeting Room D Session Chair: Pamela E. Hill</s>
    <s>Eastern Michigan University</s>
    <s>*PC Industry in China: The Critical Success Factors</s>
    <s>Alev M. Efendioglu</s>
    <s>University of San Francisco</s>
    <s>Dispositional Trust: A Key For Internet Partnering</s>
    <s>Gregory S. Black</s>
    <s>Texas A&amp;M University</s>
    <s>Renee T. Moore</s>
    <s>University of the Incarnate Word</s>
    <s>Judith F. Vogt</s>
    <s>USAA Financial Services Corporation</s>
    <s>Attitudes Toward OSHA**</s>
    <s>Robert Alexander</s>
    <s>Marshall University</s>
    <s>Gale Daggett</s>
    <s>Marshall University</s>
    <s>Yuan Rong Jia</s>
    <s>Marshall University</s>
    <s>FRIDAY, December 22, 2000</s>
    <s>9:00 AM - 9:30 AM COFFEE</s>
    <s>9:30 AM - 11:00 AM BUSINESS EDUCATION</s>
    <s>Meeting Room A Session Chair: John Seffel</s>
    <s>University of the Incarnate Word</s>
    <s>*A Comparison of Cheating Activities Between Students in the</s>
    <s>College of Business Administration and Students in Other</s>
    <s>Virginia B. Levsen</s>
    <s>Coastal Carolina University</s>
    <s>Misty Pendergraft</s>
    <s>Coastal Carolina University</s>
    <s>Shellie White</s>
    <s>Coastal Carolina University</s>
    <s>Statistics Anxiety: Pre and Post Comparisons in Statistics</s>
    <s>James A. Bell</s>
    <s>University of Central Arkansas</s>
    <s>The Business of Teaching Business:</s>
    <s>The Reform of Russian Higher Education**</s>
    <s>John H. Seffel</s>
    <s>University of the Incarnate Word</s>
    <s>Victor Korsunov</s>
    <s>Sakhalin State University (Russia)</s>
    <s>FRIDAY, December 22, 2000</s>
    <s>9:00 AM - 9:30 AM COFFEE</s>
    <s>9:30 AM - 11:00 AM NATIONAL AND INTERNATIONAL ORGANIZATIONAL</s>
    <s>Meeting Room B Session Chair: Stephen B. Knouse</s>
    <s>University of Louisiana at Lafayette</s>
    <s>*A Module to Internationalize the Organizational</s>
    <s>Behavior Course</s>
    <s>Pyung E. Han</s>
    <s>Truman State University</s>
    <s>Who Trusts Whom? Trust in the Context of National Culture</s>
    <s>Meridith Downes</s>
    <s>Illinois State University</s>
    <s>Masoud Hemmasi</s>
    <s>Illinois State University</s>
    <s>Lee A. Graf</s>
    <s>Illinois State University</s>
    <s>Lane Kelley</s>
    <s>University of Hawaii at Manoa</s>
    <s>Leonard Huff</s>
    <s>University of Hawaii at Manoa</s>
    <s>The Work Goals of U.S. Business Students**</s>
    <s>Clinton H. Richards</s>
    <s>University of Nevada at Las Vegas</s>
    <s>William J. Corney</s>
    <s>University of Nevada at Las Vegas</s>
    <s>FRIDAY, December 22, 2000</s>
    <s>9:00 AM - 9:30 AM COFFEE</s>
    <s>9:30 AM - 11:00 AM INVESTMENTS</s>
    <s>Meeting Room C Session Chair: Ronald P. Volpe</s>
    <s>Youngstown State University</s>
    <s>*IPO Performance Discrepancies</s>
    <s>Merouane Lakehal-Ayat</s>
    <s>Saint John Fisher University</s>
    <s>Growing Financial Advisors and Stock Market Behavior</s>
    <s>Anthony Yanxiang Gu</s>
    <s>State University of New Yourk - Geneseo</s>
    <s>A Survey of the Financial Literacy of Online Investors**</s>
    <s>Ronald P. Volpe</s>
    <s>Youngstown State University</s>
    <s>FRIDAY, December 22, 2000</s>
    <s>9:00 AM - 9:30 AM COFFEE</s>
    <s>9:30 AM - 11:00 AM E-COMMERCE</s>
    <s>Meeting Room D Session Chair: Jim Murrow</s>
    <s>Drury University</s>
    <s>*The Movement to Cyberbanking -</s>
    <s>A Comparison of the Last Four Years</s>
    <s>Steven Hall</s>
    <s>Texas A&amp;M University - Corpus Christi</s>
    <s>Ray E. Whitmire</s>
    <s>Texas A&amp;M University - Corpus Christi</s>
    <s>Dianne Hall</s>
    <s>Texas A&amp;M University</s>
    <s>e-Commerce and the Internet in China: The People's View</s>
    <s>Sabrina Segal</s>
    <s>Keiser College</s>
    <s>Fan Shang Feng</s>
    <s>Zhenhua Port Machinery Co., Ltd. (China)</s>
    <s>Physician as a Decision-Maker: Impact of the Internet</s>
    <s>And the Demands of the Online Healthcare Consumer</s>
    <s>Linda W. Zimmerer</s>
    <s>Primary Care Network &amp; EDUS, Inc</s>
    <s>Thomas W. Zimmerer</s>
    <s>Drury University **</s>
    <s>FRIDAY, December 22, 2000</s>
    <s>11:00 AM - 11:30 AM COFFEE BREAK</s>
    <s>11:30 AM - 1:00 PM SPECIAL SESSION</s>
    <s>SPORTS AND EVENT MARKETING RESEARCH</s>
    <s>Meeting Room A</s>
    <s>Participants interested in research within the sports and event marketing fields are encouraged to attend and participate. The session will consist of the presentation of one paper followed by a panel discussion and open forum on sports marketing. The specifics are as follow:</s>
    <s>Paper to be presented:</s>
    <s>*Economic Analysis of a Community-Sponsored Marathon:</s>
    <s>A Study of Research Methods</s>
    <s>Peter H. Hackbert</s>
    <s>California State University - Monterey Bay</s>
    <s>Gerald Slater</s>
    <s>California State University - Monterey Bay</s>
    <s>Brian Mielke</s>
    <s>California State University - Monterey Bay</s>
    <s>PANEL DISCUSSION**</s>
    <s>Research in the Sports Marketing Arena</s>
    <s>Panel Members: Peter Hackbert, Gerald Slater, David Moore, and Sam Fullerton</s>
    <s>FRIDAY, December 22, 2000</s>
    <s>11:00 AM - 11:30 AM COFFEE BREAK</s>
    <s>11:30 AM - 1:00 PM DIVERSITY IN ORGANIZATIONAL BEHAVIOR</s>
    <s>Meeting Room B Session Chair: Steven B. Knouse</s>
    <s>University of Louisiana at Lafayette</s>
    <s>*Networks Among Women and Minorities in Organizations</s>
    <s>Stephen B. Knouse</s>
    <s>University of Louisiana at Lafayette</s>
    <s>Schuyler C. Webb</s>
    <s>U.S. Navy Personnel Center</s>
    <s>A Model of Diversity, Sexual Harassment, Time</s>
    <s>And Group Performance</s>
    <s>Shirley H. Tucker</s>
    <s>Sam Houston State University</s>
    <s>Gary L. Whaley</s>
    <s>Norfolk State University</s>
    <s>A Comparative Study of the Personality and Motivational</s>
    <s>Profiles of Caucasian and African-American Entrepreneurs**</s>
    <s>Masoud Hemmasi</s>
    <s>Illinois State University</s>
    <s>Lee A. Graf</s>
    <s>Illinois State University</s>
    <s>FRIDAY, December 22, 2000</s>
    <s>11:00 AM - 11:30 AM COFFEE BREAK</s>
    <s>11:30 AM - 1:00 PM GLOBAL ECONOMICS II</s>
    <s>Meeting Room C Session Chair: Muhammad Mustafa</s>
    <s>South Carolina State University</s>
    <s>*Inflation, Output, and Stock Prices: Evidence from Brazil</s>
    <s>Bahram Adrangi</s>
    <s>University of Portland</s>
    <s>Arjun Chatrath</s>
    <s>University of Portland</s>
    <s>Switching Costs and Buyer Behavior: The Disconnect Between</s>
    <s>Managerial Application and Existing Research Framework</s>
    <s>Richard A. L. Caldarola</s>
    <s>American Intercontinental University</s>
    <s>Cointegration and Causality Between U.S. Terms of Trade</s>
    <s>And External Value of the Dollar Under the Floating</s>
    <s>Exchange Rate System**</s>
    <s>Matiur Rahman</s>
    <s>McNeese State University</s>
    <s>Muhammad Mustafa</s>
    <s>South Carolina State University</s>
    <s>FRIDAY, December 22, 2000</s>
    <s>11:00 AM - 11:30 AM COFFEE BREAK</s>
    <s>11:30 AM - 1:00 PM INTERNET COMMERCE</s>
    <s>Meeting Room D Session Chair: Thomas Zimmerer</s>
    <s>Drury University</s>
    <s>E-tailing Versus Retailing: The Impact of the Internet</s>
    <s>On Consumer Marketing</s>
    <s>Rama Yelkur</s>
    <s>University of Wisconsin - Eau Claire</s>
    <s>James N. Pathos</s>
    <s>University of Wisconsin - Eau Claire</s>
    <s>Assessing Perceived Quality of Website Information</s>
    <s>And Purchasing Behavior</s>
    <s>Kathy Wachter</s>
    <s>University of Mississippi</s>
    <s>Diane Tidwell</s>
    <s>University of Mississippi</s>
    <s>Miyoung Jeong</s>
    <s>Iowa State University</s>
    <s>The Internet and the New Era of Pharmaceuticals</s>
    <s>R. Amman</s>
    <s>Concordia University (Canada)</s>
    <s>K. L. McGown</s>
    <s>Concordia University (Canada)</s>
    <s>Return to Contents</s>
    <s>Return to Contents</s>
    <s>INDEX OF PARTICIPANTS</s>
    <s>Adnan Abdeen . . . . . . . . . . . 13</s>
    <s>Felix Abeson . . . . . . . . . . . 13</s>
    <s>Bahram Adrangi . . . . . . . . 38, 51</s>
    <s>Azmi Ahmad . . . . . . . . . . . 13</s>
    <s>Jacky Akoka . . . . . . . . . . . . 10</s>
    <s>Robert Alexander . . . . . . . . . 44</s>
    <s>Pamela Alreck . . . . . . . . . 43</s>
    <s>Faud Najig Al-Shaikh . . . . . . . 10</s>
    <s>Ramadan Al-Sharrah . . . . . . . 10</s>
    <s>Monsoor Alshimali . . . . . . 36, 42</s>
    <s>Sammy Amin . . . . . . . . . . . . 5</s>
    <s>R. Amman . . . . . . . . . . . . . 52</s>
    <s>Frank Anderra . . . . . . . . . 10, 13</s>
    <s>Rhett Atkins . . . . . . . . . . . . . 13</s>
    <s>Bonni Baker . . . . . . . . . 10, 13, 41</s>
    <s>Martha Balachandran . . . . . . . 13</s>
    <s>Subit Bandyopadhyay . . . . . . . 33</s>
    <s>William Banks . . . . . . . . . . . . 13</s>
    <s>Casimir Barczyk . . . . . . . . . . . 13</s>
    <s>Robert Barker . . . . . . . . . . . . 13</s>
    <s>Peter Barr . . . . . . . . . . . . . . 13</s>
    <s>Potkin Basseer . . . . . . . . . . . . 13</s>
    <s>Gina Bean . . . . . . . . . . . . 32</s>
    <s>Linda Bean . . . . . . . . . . . . . 40</s>
    <s>Moncef Belhadjali . . . . . . . . 31</s>
    <s>James Bell . . . . . . . . . . . . . 13, 45</s>
    <s>Mike Berrell . . . . . . . . . . . . . 41</s>
    <s>Jim Bexley . . . . . . . . . . . . . 13</s>
    <s>Christo Bischoff . . . . . . . . . . . 10</s>
    <s>Monica Bissell . . . . . . . . . . . . 13</s>
    <s>Gregory S. Black . . . . . . . . . . 44</s>
    <s>Claudia Blanchard . . . . . . . . . 11</s>
    <s>Nick Blanchard . . . . . . . . . . . . 13</s>
    <s>Rob Blatz . . . . . . . . . . . . 21</s>
    <s>Carl Borgia . . . . . . . . . . . . . 30</s>
    <s>Michael Boroom . . . . . . . . . . . 13</s>
    <s>James Bradshaw . . . . . . . . . 33, 40</s>
    <s>Jeff Brizzolara . . . . . . . . . . . 28</s>
    <s>Glenda Brock . . . . . . . . . . . . . 13</s>
    <s>Jochen Buechler . . . . . . . . . . . 34</s>
    <s>Howard Bunsis . . . . . . . . . . . 10</s>
    <s>Jean Bush-Bacelis . . . . . . . . . . 13</s>
    <s>Greg Bushong . . . . . . . . . . . . . 13</s>
    <s>Richard A. L. Caldarola . . . . . . 51</s>
    <s>Constance Campbell . . . . . . . . 13</s>
    <s>Charles Capps . . . . . . . . . . . . 13</s>
    <s>Melina L. Cato . . . . . . . . . . . 35</s>
    <s>Javier Cervantes . . . . . . . . . . . 38</s>
    <s>Lillian Chaney . . . . . . . . 10, 13, 32</s>
    <s>Arjun Chatrath . . . . . . . . . 38, 51</s>
    <s>Amitava Chatterjee . . . . . . . . . . 13</s>
    <s>Frank Chong . . . . . . . . .11, 13, 32</s>
    <s>Sanjib Chowdhury . . . . . . . . . 25</s>
    <s>John Cirone . . . . . . . . . . . . . . 13</s>
    <s>Sharon Clinebell . . . . . . . . . . . 13</s>
    <s>Dennis Coates . . . . . . . . . . . . 13</s>
    <s>R. Morris Coats . . . . . . . . . . . 13</s>
    <s>Mary Collins . . . . . . . . . . . . . 21</s>
    <s>John Considine . . . . . . . . . 31, 36</s>
    <s>Gary Coombs . . . . . . . . . . . . . 13</s>
    <s>Deborah Cours . . . . . . . . . . . . 13</s>
    <s>Christopher Coyne . . . . . . . . . 13</s>
    <s>Mark Cross . . . . . . . . . . . . . . 34</s>
    <s>Cheryl A. Cruz . . . . . . . . . . . . 13</s>
    <s>Nancy Csapo . . . . . . . . . . .11, 13</s>
    <s>Mary Currens . . . . . . . . . . . . . 14</s>
    <s>Peter DaDalt . . . . . . . . . . . . . 14</s>
    <s>Susan Dahl . . . . . . . . . . . . . 14</s>
    <s>Gale Daggett . . . . . . . . . . . . 44</s>
    <s>Barbara Davis . . . . . . . . . 10, 14</s>
    <s>John Day . . . . . . . . . . . . . . . . 14</s>
    <s>Sahab Dayal . . . . . . . . . . . . . 14</s>
    <s>Frederick Decasperis . . . . . . . . 14</s>
    <s>M. Wayne DeLozier . . . . . 14, 39</s>
    <s>Roger Deveau . . . . . . . . . . . . 14</s>
    <s>Al Diallo . . . . . . . . . . . . . . . . 14</s>
    <s>Roger Dickinson . . . . . . . . . . . 14</s>
    <s>Janis Dietz . . . . . . . . . . . . 11, 14</s>
    <s>Nicholas DiMarco . . . . . . . 11, 14</s>
    <s>Paul Dion . . . . . . . . . . . . . . 14</s>
    <s>Kathryn Dobie . . . . . . . . . . 14, 29</s>
    <s>Joe Dobson . . . . . . . . . . . . . . 14</s>
    <s>H. Robert Dodge . . . . . . . . . . 29</s>
    <s>John Dorocak . . . . . . . . . . . . . 14</s>
    <s>Merideth Downes . . . . . . . . . 46</s>
    <s>Ralph Drtina . . . . . . . . . . . . . 25</s>
    <s>James Eason . . . . . . . . . . . . . . 14</s>
    <s>Spyros Economides . . . . . . . . . 14</s>
    <s>Alev M. Efendioglu . . . . . . . . 44</s>
    <s>Ollice Embrey . . . . . . . . . . . . 33</s>
    <s>S. Altan Erdem . . . . . . . . . . 11, 14</s>
    <s>Massoud Farahbakhsh . . . . . . . . 14</s>
    <s>Roy Farris . . . . . . . . . . 11, 14, 32</s>
    <s>Lee Lai Fatt . . . . . . . . . . . . . . 39</s>
    <s>Richard Featheringham . . . . . 10, 14</s>
    <s>Fan Shang Feng . . . . . . . . . . . 48</s>
    <s>Kasia Firlej . . . . . . . . . . . . . . 26</s>
    <s>Barry Friedman . . . . . . . . . . . 24</s>
    <s>Sam Fullerton 3, 5, 10, 11, 14, 29, 49</s>
    <s>James Gabberty . . . . . . . . . . . 34</s>
    <s>Ramesh Garg . . . . . . . . . 11, 14, 34</s>
    <s>Wilbur Garland . . . . . . . . . . . 14</s>
    <s>Rebecca Gatlin-Watts . . . . . . . 40</s>
    <s>George Gekas . . . . . . . . . . . . 36</s>
    <s>Waqar Ghani . . . . . . . . . . . . . 14</s>
    <s>Ahmed Ghoneim . . . . . . . . . . . 10</s>
    <s>B. C. Ghosh . . . . . . . . . . . . . 10</s>
    <s>Claire Gilmore . . . . . . . . . . . . 14</s>
    <s>Donald Glover . . . . . . . . . . . . 14</s>
    <s>Kingsley Gnanendran . . . . . . . 38</s>
    <s>Nancy Goettel . . . . . . . 11, 14, 27</s>
    <s>Alan Goldberg . . . . . . . . . . . . 14</s>
    <s>Carl Gooding . . . . . . . . . . . . 37</s>
    <s>Pradeep Gopalakrishna . . . . . . . 14</s>
    <s>Lee A. Graf . . . . . . . . . . . 46, 50</s>
    <s>James Grant . . . . . . . . . . . . . 29</s>
    <s>John Green . . . . . . . . . . . . 28, 32</s>
    <s>Kathleen Green . . . . . . . . . . . . 14</s>
    <s>Joel Greene . . . . . . . . . . . . . 14</s>
    <s>Martin Griffin . . . . . . . . . . . . . 14</s>
    <s>Barbara Gross . . . . . . . . . . . . . 14</s>
    <s>Anthony Yanxiang Gu . . . . . . . . 47</s>
    <s>Kelly Guest . . . . . . . . . . . . . . 25</s>
    <s>Peter Hackbert . . . . . 14, 29,39, 49</s>
    <s>Al Hagan . . . . . . . . . . . . . . . 15</s>
    <s>Charlotte Hall . . . . . . . . . . . . 28</s>
    <s>Diane Hall . . . . . . . . . . . . 27, 48</s>
    <s>Jason Hall . . . . . . . . . . . . . . 28</s>
    <s>Steven Hall . . . . . . . . . . . . . . 48</s>
    <s>Pyung E. Han . . . . . . . . . . . . 46</s>
    <s>Craig Hansen . . . . . . . . . . . . 15</s>
    <s>Nancy Hard . . . . . . . . . . . . . 15</s>
    <s>Marion Harris . . . . . . . . . . . . 15</s>
    <s>Sara Hart . . . . . . . . 10,15, 22, 28</s>
    <s>Ted Helmer . . . . . . . . . . . .11, 15</s>
    <s>Masoud Hemmasi . . . . . . . . 46, 50</s>
    <s>Judith Hennessy . . . . . . . . . . . 15</s>
    <s>John Henry . . . . . . . . . . . . . . 15</s>
    <s>Peter Hermann . . . . . . . . . . . . 15</s>
    <s>Robert Hershbarger . . . . . . . . 34</s>
    <s>Arnie Hilgert . . . . . . . . . . . . 11, 15</s>
    <s>Kathy Hill . . . . . . . . . . . 10, 15, 32</s>
    <s>Pamela Hill . . . . . . . . . . . 15, 44</s>
    <s>Ray Hill . . . . . . . . . . . . . . . 11, 15</s>
    <s>Pam Hillery . . . . . . . . . . . . . . 15</s>
    <s>Karen Hogan . . . . . . . . . . . . . 15</s>
    <s>Robert Holland . . . . . . . . . . . . 35</s>
    <s>Madison Holloway . . . . . . . . . 25</s>
    <s>Andrew Holmes . . . . . . . . . . . 15</s>
    <s>Leonard Huff . . . . . . . . . . . . 46</s>
    <s>Evelyn Hume . . . . . . . . . . . . 15</s>
    <s>C. L. Hung . . . . . . . . . . . . . . 39</s>
    <s>Harold Hurry . . . . . . . . . . . . . 15</s>
    <s>Marguerite Hutton . . . . . . . . . . 15</s>
    <s>Vish Iyer . . . . . . . . . . . . . . . . 10</s>
    <s>Joe James . . . . . . . . . . . . . . . 15</s>
    <s>Barbara Jefferson . . . . . . . . . . 15</s>
    <s>Keith Jenkins . . . . . . . . . . . . . 15</s>
    <s>Miyoung Jeong . . . . . . . . . . . . . 52</s>
    <s>Maria de Jesus Gonzalez . . . . . . 42</s>
    <s>Juan Rong Jia . . . . . . . . . . . . . 44</s>
    <s>Bill Johnson . . . . . . . . . . . . . 15</s>
    <s>Gary Johnson . . . . . . . . . . . 23, 30</s>
    <s>Robert Joy . . . . . . . . . . . . . . . 15</s>
    <s>Demetri Kantarelis. . . . . . . . 11, 15</s>
    <s>Jeffrey Kantor . . . . . . . . . . . . 10</s>
    <s>Fahri Karakaya . . . . . . . . . . . 37</s>
    <s>Marios Katsioloudes . . . . . . . . . 15</s>
    <s>Susan Kattelus . . . . . . . . . . . . 15</s>
    <s>Lane Kelley . . . . . . . . . . . . . 46</s>
    <s>Omar Khalil . . . . . . . . . . . . . 15</s>
    <s>Zafer Khan . . . . . . . . . . . . . 15</s>
    <s>Bun Wong Kim . . . . . . . . . . . 10</s>
    <s>Gurprit Kindra . . . . . . . . . . . . 33</s>
    <s>Norman King . . . . . . . . . . . . 28</s>
    <s>David Kirch . . . . . . . . . . . . . 15</s>
    <s>Donald Kirchner . . . . . . . . . . . 15</s>
    <s>Arno Kleimenhager . . . . . . . . . 15</s>
    <s>John Knappenberger . . . . . , . . 25</s>
    <s>Stephen Knouse . . . . 11, 15, 46, 50</s>
    <s>Syrous Kooros . . . . . . . . . . . . 15</s>
    <s>Victor Korsunov . . . . . . . . . . 45</s>
    <s>Roberta Krapels . . . . . . . . . . . 15</s>
    <s>David Kunz . . . . . . . . . . . . . 16</s>
    <s>Merouane Lakehal-Ayat . . . . . 47</s>
    <s>H. Bruce Lammers . . . . . . . . . . 16</s>
    <s>George Lan . . . . . . . . . . . . . . 28</s>
    <s>John Lanasa . . . . . . . . . . . . . 16</s>
    <s>Darla Lang . . . . . . . . . . . 16, 22</s>
    <s>Hadley Leavell . . . . . . . . . . 16, 22</s>
    <s>Dong-Woo Lee . . . . . . . . . . . . 16</s>
    <s>Monle Lee . . . . . . . . . . . . . . . 23</s>
    <s>Mary Lemons . . . . . . . . 11, 16, 25</s>
    <s>Patricia Leonard . . . . . . . . . . . 16</s>
    <s>Greg Lepak . . . . . . . . . . . . 16, 31</s>
    <s>Virginia Levsen . . . . . . . .11, 16, 27</s>
    <s>Kathy Lewis . . . . . . . . . . . . . 40</s>
    <s>Marjorie Lewis . . . . . . . . . . . . 24</s>
    <s>Edward Liebow . . . . . . . . . . . . 16</s>
    <s>Linda Loehr . . . . . . . . . . . . . 16</s>
    <s>Gary Lubbert . . . . . . . . . . . . 16</s>
    <s>Richard Malama . . . . . . . . . . . 16</s>
    <s>Balasundram Maniam . 11, 16, 22, 28</s>
    <s>Jeffery Manzi . . . . . . . . . . . . 16</s>
    <s>Arthur Marinelli . . . . . . 11, 16, 23</s>
    <s>Norman Marks . . . . . . . . . . . . 16</s>
    <s>Treba Marsh . . . . . . . . . . . . . . 16</s>
    <s>Mark Martinko . . . . . . . . . . . 16</s>
    <s>Lance Masters . . . . . . . . . . . . 16</s>
    <s>Brenda Ponceford Masters . . . . . 16</s>
    <s>Audrey Mathews . . . . . 11, 16, 24</s>
    <s>Mario Mavrides . . . . . . . . . . . 26</s>
    <s>Gary McCombs . . . . . . . . . . . 16</s>
    <s>Linnea McCord . . . . . . . . . . . 42</s>
    <s>Michael McDonald . . . . . . . 32, 37</s>
    <s>Carl McGowan . . . . . . . . . . . . 16</s>
    <s>K. L. McGown . . . . . . . . . . . 52</s>
    <s>Sandra McKay . . . . . . . . . . . 16</s>
    <s>Kim McKeage . . . . . . . . . . . . 16</s>
    <s>Sharon McMahon . . . . . . . . . . 28</s>
    <s>Ginette McManus . . . . . . . 11, 16</s>
    <s>Jose F. Medina . . . . . . . . . . 39, 42</s>
    <s>Martin Meloche . . . . . . . . . . 16</s>
    <s>Michael Menasco . . . . . . . . . . 16</s>
    <s>Mohan Menon . . . . . . . . . . 11, 16</s>
    <s>Gulser Meric . . . . . . . . . . . . 16</s>
    <s>Ilhan Meric . . . . . . . . . . . . . . 16</s>
    <s>Brian Miekle . . . . . . . . . . . . 49</s>
    <s>Azmi Mikhail . . . . . . . . . . . . . 16</s>
    <s>Alan Miller . . . . . . . . . . . . . . 16</s>
    <s>George Milne . . . . . . . . . . . . 17</s>
    <s>Malik Mirza . . . . . . . . . . . 10, 17</s>
    <s>John Mittelsteadt . . . . . . . . . . 17</s>
    <s>Amlan Mitra . . . . . . . . . . . . . 26</s>
    <s>David Moore 3, 5, 10, 11, 17, 29, 31, 49</s>
    <s>Mary Virginia Moore . . . . . . . 23</s>
    <s>Archie Morris . . . . . . . . . . . . 17</s>
    <s>Sherry Moss . . . . . . . . . . . . . 17</s>
    <s>Ralph Mullin . . . . . . . . . . . . . 17</s>
    <s>Jim Murrow . . . . . . . . 11, 17, 48</s>
    <s>Rose Mary Murtagh-Achey . . . 17</s>
    <s>Muhammad Mustafa . . . . . . . . 51</s>
    <s>Joan Myers . . . . . . . . . . . . . . 21</s>
    <s>Fred Naffziger . . . . . . . . . . . 23</s>
    <s>G. M. Naidu . . . . . . . . . . . . . 17</s>
    <s>Robert Nale . . . . . . . . . . . . . 17</s>
    <s>Lakshmi Narain . . . . . . . . . . . 17</s>
    <s>M. B. Neace . . . . . . . . . . . . . 42</s>
    <s>Ronald Needleman . . . . . . . . . 35</s>
    <s>Morton Nelson . . . . . . . . . . . 17</s>
    <s>Linda Nichols . . . . . . . . . . . . 17</s>
    <s>Mary Ellen Nourse . . . . . . . . . 17</s>
    <s>Douglas O'Bannon . . . . . . . . . 17</s>
    <s>Muhammad Obeidat . . . . . . . . 17</s>
    <s>Pat Obi . . . . . . . . . . . . . 17, 26</s>
    <s>Alphonso Ogbuehi . . . . . . . . . 17</s>
    <s>Turken Onder . . . . . . . . . . . . 10</s>
    <s>Jane Park . . . . . . . . . . . . . . . . 17</s>
    <s>D. J. Parker . . . . . . . . . . . . . 17</s>
    <s>James N. Pathos . . . . . . . . . . 52</s>
    <s>Misty Pendergraft . . . . . . . . . 45</s>
    <s>John Penrose . . . . . . . . . . . . 17</s>
    <s>Susan Petroshius . . . . . . . . . . 17</s>
    <s>Donna Phillips . . . . . . . . . . . 17</s>
    <s>Sanjeev Phukan . . . . . . . . . . 17</s>
    <s>Stephen Pirog . . . . . . . . . . . . 17</s>
    <s>Richard Plank . . . . . . . . . . . 17</s>
    <s>Merton Powell . . . . . . . . . . . . 17</s>
    <s>V. Kanti Prasad . . . . . . . . . . . 17</s>
    <s>Ellen Pullins . . . . . . . . . . . . . 17</s>
    <s>Zinovy Radovilsky . . . . . . . . . 17</s>
    <s>Mahmud Rahman . . . . . . . . 11, 17</s>
    <s>Matiur Rahman . . . . . . . . . . . 51</s>
    <s>Ganas Rakes . . . . . . . . . . . . . 17</s>
    <s>D.V. Rama . . . . . . . . . . . . . 17</s>
    <s>Nanda Rangan . . . . . . . . . . . . 17</s>
    <s>Henry Raymond . . . . . . . . . . . 17</s>
    <s>David Reid . . . . . . . . . . . . . . 18</s>
    <s>Gary Renz . . . . . . . . . . . . . . 18</s>
    <s>Mitchell Rice . . . . . . . . 11, 18, 35</s>
    <s>Gary Rodwell . . . . . . . . . . . . 24</s>
    <s>Anthony Rodriguez . . . . . . . . . 18</s>
    <s>Violet Rogers . . . . . . . . . . . . . 18</s>
    <s>Joseph Rosetti . . . . . . . . . . . . 18</s>
    <s>Maryellen Rosetti . . . . . . . . . . 18</s>
    <s>Jane Saber . . . . . . . . . . . . . . . 33</s>
    <s>William Salatka . . . . . . . . . . . 18</s>
    <s>Esmerelda de los Santos . . . . . . 42</s>
    <s>Peter Schneider . . . . . . . . . . . 18</s>
    <s>Michael Schreiber . . . . . . . . . . 10</s>
    <s>Elizabeth Scott . . . . . . . . . . . . 35</s>
    <s>Mary Scott . . . . . . . . . . 10, 18, 21</s>
    <s>Richard Sebastian . . . . . . . . . . 18</s>
    <s>Thomas Secrest . . . . . . . . . . . 27</s>
    <s>John Seffel . . . . . . . . . . . . 37, 45</s>
    <s>Sabrina Segal . . . . . . . . . . 35, 48</s>
    <s>Alan Seidman . . . . . . . . . . . . 18</s>
    <s>Charles F. Seifert . . . . . . . . . . 41</s>
    <s>Robert Settle . . . . . . . . . . . . 43</s>
    <s>Teri Shaffer . . . . . . . . . . . . . 18</s>
    <s>Hany Shawky . . . . . . . . . . . . 18</s>
    <s>Hugh Sherman . . . . . . . . . . . . 18</s>
    <s>Ashraf Shirani . . . . . . . . . . . . 18</s>
    <s>Shomir Sil . . . . . . . . . . . . 18, 26</s>
    <s>Michael Siler . . . . . . . . . . . . . 24</s>
    <s>Jang Singh . . . . . . . . . . . . . . . 28</s>
    <s>Jagdip Singh . . . . . . . . . . . . . . 36</s>
    <s>Deborah Skinner . . . . . . . . . . 18</s>
    <s>Gerald Slater . . . . . . . . . . . . 49</s>
    <s>Wendy Sloane . . . . . . . . . . . . . 35</s>
    <s>Aileen Smith . . . . . . . . . . . . . 18</s>
    <s>Stephanie Smith . . . . . . . . . . . 18</s>
    <s>William Smith, Jr. . . . . . . . . . 38</s>
    <s>Lucian Spataro . . . . . . . . . . . 18</s>
    <s>K. Morris (Moshe) Speter . . . . 43</s>
    <s>Stan Stough . . . . . . . . . . . . . . 18</s>
    <s>Charles Stowe . . . . . . . . . . . . . 18</s>
    <s>Susan Switzer . . . . . . . . . . . . . 18</s>
    <s>Mohammed H. A. Tafti . . . . . . 18</s>
    <s>Michael Taku . . . . . . . . . . . . 18</s>
    <s>Uday Tate . . . . . . . . . . . . . . . 18</s>
    <s>David Taylor . . . . . . . . . . . 10, 29</s>
    <s>Sandra Taylor . . . . . . . . . . . . 18</s>
    <s>Ahmet Tezel . . . . . . . . . . . . . 18</s>
    <s>James Thacker . . . . . . . . . . . . 18</s>
    <s>Rita Patel Thakur . . . . . . . 11, 18</s>
    <s>Larry Thomas . . . . . . . . . . . . 18</s>
    <s>Diane Tidwell . . . . . . . . . . . . 52</s>
    <s>Philip Titus . . . . . . . . . . . . . . 18</s>
    <s>Maud Tixier . . . . . . . . . . . . . 37</s>
    <s>Hope Torkornoo . . . . . . . . . . 18</s>
    <s>Dimitri Tsoukalas . . . . . . . . 11, 26</s>
    <s>Shirley Tucker . . . . . . . . . . . . 50</s>
    <s>Rao Tummala . . . . . . . . . . 11, 18</s>
    <s>Rick Utecht . . . . . . . . . . . . . 18</s>
    <s>Farok Vakil . . . . . . . . . . . . . 19</s>
    <s>Robert Vambery . . . . . . . . . . 34</s>
    <s>Gretchen Vanneman . . . . . . 40, 41</s>
    <s>Demos Vardiabasis . . . . . . . . . 19</s>
    <s>Gary S. Vazzana . . . . . . . . . . 19</s>
    <s>Gretchen Vik . . . . . . . . . . . . 19</s>
    <s>Charles Vitaska . . . . . . . . . . . 19</s>
    <s>Judith F. Vogt . . . . . . . . . . . . 44</s>
    <s>Ronald P. Volpe . . . . . . . . . . . 47</s>
    <s>Phillip Vorherr . . . . . . . . . . . 19</s>
    <s>Kathy Wachter . . . . . . . . . . . 52</s>
    <s>Fraya Wagner-Marsh . . . . . . . . 19</s>
    <s>Jean Walker . . . . . . . . . . . . . 19</s>
    <s>Ann Walters . . . . . . . . . . . . . . 29</s>
    <s>John Waltman . . . . . . . . . . . . 19</s>
    <s>Lawrence Waterbury . . . . . . . . 30</s>
    <s>Samuel Wathan . . . . . . . . . . . . 19</s>
    <s>Bryan Watts . . . . . . . . . . . . . 19</s>
    <s>Tim Weaver . . . . . . . . . . . . . 40</s>
    <s>Schuyer C. Webb . . . . . . . . . 50</s>
    <s>Don Weinrach . . . . . . . . . . . . 19</s>
    <s>Gary Whaley . . . . . . . . . . 31, 50</s>
    <s>Gayle White . . . . . . . . . . . . . 19</s>
    <s>Shellie White . . . . . . . . . . . . . 45</s>
    <s>Ray E. Whitmire . . . . . . . . . . . 48</s>
    <s>Christine Wiehe . . . . . . . . . . . 30</s>
    <s>Bobbie Williams . . . . . . . . . . . 19</s>
    <s>Tim Wise . . . . . . . . . . . . . . 19</s>
    <s>Robert Witherell . . . . . . . . . . . 19</s>
    <s>Chester Wolford . . . . . . . . . 19, 41</s>
    <s>Peter Woodlock . . . . . . . . . . . 22</s>
    <s>Peter Wyer . . . . . . . . . . . . . . 10</s>
    <s>Lianzan Xu . . . . . . . . . . . . 10, 19</s>
    <s>Asad Yavari . . . . . . . . . . . . . . 19</s>
    <s>Burhan Yavas . . . . . . . . . . . . 19</s>
    <s>Rama Yelkur . . . . . . . . . . . . 52</s>
    <s>Terry Young . . . . 11, 19, 38, 42</s>
    <s>Manir Zaman . . . . . . . . . . . . 41</s>
    <s>Linda W. Zimmerer . . . . . . . . . 48</s>
    <s>Thomas Zimmerer . 11, 19, 48, 52</s>
    <s>Return to Contents</s>
    <s>Managed by: David Moore, Associate Professor, Business Administration</s>
    <s>Updated by: Bill Thieke Lemoyne College Information Technology</s>
    <s>Le Moyne College Homepage</s>
  </text>
</page>
