<?xml version="1.0" encoding="UTF-8"?>
<!DOCTYPE page SYSTEM "page.dtd">
<page>
  <lang>en</lang>
  <url>http://econ.worldbank.org/WBSITE/EXTERNAL/EXTDEC/0,,contentMDK:22596512~pagePK:64165401~piPK:64165026~theSitePK:469372,00.html</url>
  <title>Data &amp; Research - Post-Crisis Growth and Development Conference</title>
  <snippet>
    <s>Co-hosted by the Presidential Committee for the G20 Summit and the World Bank , with the support of the Korea Institute for 2nd Floor Lobby, Coffee Break </s>
  </snippet>
  <text>
    <s>• Site Map</s>
    <s>• Index</s>
    <s>• FAQs</s>
    <s>• Contact Us</s>
    <s>Data &amp; Research</s>
    <s>Projects &amp; Operations</s>
    <s>Search Data &amp; Research All</s>
    <s>Home &gt; Data &amp; Research &gt; Post-Crisis Growth and Development Confe </s>
    <s>!Document Search</s>
    <s>!About Us</s>
    <s>!Prospects for Development</s>
    <s>!News &amp; Events</s>
    <s>!Knowledge for Change Program</s>
    <s>!Impact Evaluation</s>
    <s>!People &amp; Bios</s>
    <s>Site Tools</s>
    <s>Site Map</s>
    <s>Contact Us</s>
    <s>Related Sites</s>
    <s>Post-Crisis Growth and Development Conference</s>
    <s>!Korea Conference Banner</s>
    <s>Co-hosted by the Presidential Committee for the G20 Summit and the World Bank, with the support of the Korea Institute for International Economic Policy (KIEP)</s>
    <s>The objective of the conference is to call attention to the importance of development in the global agenda and discuss a set of issues that are central to inclusive, sustainable, and balanced growth in the medium- and long-term. Specifically, the conference will address the following issues: (i) a global economy with multiple growth poles, (ii) the development implications of the G-20 Growth and Mutual Assessment Process, (iii) the Korean development experience, and (iv) four sectoral topics: aid for trade; food security; infrastructure, innovation, and green growth; and inclusive finance. A round table panel discussion will close the conference.</s>
    <s>Thursday, June 3</s>
    <s>4:00-6:45 pm</s>
    <s>2nd Floor Lobby</s>
    <s>6:30-7:00 pm </s>
    <s>Capri Room</s>
    <s>Reception (by invitation)</s>
    <s>7:00-9:00 pm</s>
    <s>Capri Room   </s>
    <s>Welcoming Dinner for Conference Participants</s>
    <s>(by invitation)</s>
    <s>Friday, June 4</s>
    <s>7:00-8:00 am</s>
    <s>2nd Floor Lobby</s>
    <s>8:00-8:15 am</s>
    <s>Grand Ballroom</s>
    <s>Opening Remarks Il SaKong (Chairman, Presidential Committee for the G20 Summit)</s>
    <s>8:15-8:30 am</s>
    <s>Grand Ballroom  </s>
    <s>Introductory Remarks Ngozi Okonjo-Iweala (Managing Director, World Bank)</s>
    <s>Session 1. Development in the G20 Agenda: An Imperative</s>
    <s>8:30-9:45 am</s>
    <s>Grand Ballroom  </s>
    <s>A Global Economy with Multiple Growth Poles. Preventing persistent global stagnation or slow growth should be a key priority for policy makers around the world. Developing countries, including low-income countries, can assist in the future global recovery if they invest today. To build multiple growth poles, it is necessary to remove bottlenecks and boost productivity through investments in infrastructure and energy, private sector expansion, and regional integration linked to open markets. The session will offer key reforms to contribute to sustainable and balanced global.</s>
    <s>Chair: Trevor Manuel (Minister in the Presidency, South Africa National Planning Commission)</s>
    <s>Presenter: Justin Yifu Lin (Senior Vice President and Chief Economist, World Bank) </s>
    <s>Discussants: Ifzal Ali (Chief Economist, Islamic Development Bank), Jong-Wha Lee (Chief Economist, Asian Development Bank), and Tunde Lemo (Deputy Governor, Operations Directorate, Central Bank of Nigeria)</s>
    <s>9:45-11:00 am</s>
    <s>Grand Ballroom</s>
    <s>G20 and Global Development. Inclusion of implications for development in the G20 Growth Framework and Mutual Assessment Process provides an opportunity to bring development issues more systematically into G20 policy discussions. This topic will address the linkages between G20 policies and prospects and growth, poverty reduction, and MDGs in developing countries, as well as the key areas of collective action that would enhance development prospects.</s>
    <s>Chair: Graeme Wheeler (Managing Director, World Bank)</s>
    <s>Presenter: Zia Qureshi (Senior Adviser, Development Economics, World Bank)</s>
    <s>Discussants: Danny M. Leipziger (Vice-Chair, Growth Commission and Professor of International Business), Mahmoud Mohieldin (Minister of Investment, Arab Republic of Egypt) and Robert Vos (Director, Development Policy and Analysis Division, Department of Economic and Social Affairs, United Nations) </s>
    <s>11:00-11:15 am</s>
    <s>2nd Floor Lobby</s>
    <s>Coffee Break</s>
    <s>11:15-12:30 pm</s>
    <s>Grand Ballroom  </s>
    <s>Lessons from the Korean Development Experience. This topic will highlight Korea’s pragmatic development strategies geared toward maximizing economic growth through industrialization and export-promotion with a government that played a guiding role in the economy, complementing the private sector.</s>
    <s>Chair: Yoon Je Cho (Professor and Dean, Graduate School of International Studies Sogang University)</s>
    <s>Presenter: Wonhyuk Lim (Senior Research Fellow and Director, Policy Research, Korea Development Institute)</s>
    <s>Discussants: Amar Bhattacharya (Director, G24 Secretariat), Danny M. Leipziger (Vice-Chair, Growth Commission and Professor of International Business, George Washington University), and Klaus Rohland (Country Director, Korea and China, World Bank)</s>
    <s>Session 2. &quot;Achieving the MDGs in the Aftermath of the Global Economic Crisis&quot; (Working Lunch)</s>
    <s>12:30-2:00 pm</s>
    <s>Grand Ballroom  </s>
    <s>Achieving the MDGs in the Aftermath of the Global Economic Crisis. This topic will discuss the impact that the global economic crisis may have had on the gains in living standards that the developing world has made over the last decade, as well as longer-lasting impacts on other MDGs, including health and education.</s>
    <s>Chair: Shahrokh Fardoust (Director, Operations and Strategy, World Bank) </s>
    <s>Presenters: Jomo Kwame Sundaram (Assistant Secretary-General on Economic Development, Department of Economic and Social Affairs, United Nations) and Hans Timmer (Director, Prospects Group, World Bank)  </s>
    <s>2:00-2:15 pm</s>
    <s>2nd Floor Lobby</s>
    <s>Coffee Break</s>
    <s>Session 3. Parallel Sessions</s>
    <s>2:15-3:30 pm</s>
    <s>Grand Ballroom  </s>
    <s>Aid for Trade: Building on Progress to Date. This topic will discuss the links between foreign aid, trade facilitation, and trade policy reform, in order to support multilateral cooperation on trade as a key instrument to accelerate growth and reduce poverty in developing countries. </s>
    <s>Chair: Ernesto Zedillo (Director, Center for the Study of Globalization, Yale University) </s>
    <s>Presenters: Bernard Hoekman (Sector Director, Poverty Reduction and Economic Management, World Bank) and John Wilson (Lead Economist, Development Economics, World Bank)</s>
    <s>Discussants: Arancha González (Chef de Cabinet, World Trade Organization) and Alan Winters (Chief Economist, Department for International Development)</s>
    <s>2:15-3:30 pm</s>
    <s>Capri Room</s>
    <s>Infrastructure and Sustainable Development. This topic will discuss the importance of more, better, and cleaner infrastructure for sustainable development in order to highlight opportunities for achieving these goals through national actions and multinational cooperation.</s>
    <s>Chair: Soogil Young (President, National Strategy Institute)</s>
    <s>Presenters: Marianne Fay (Chief Economist, Sustainable Development Network, World Bank) and Michael Toman (Research Manager, Development Economics, World Bank)</s>
    <s>Discussants: Kiyoshi Kodera (Vice-President, Japanese International Cooperation Agency), Haeryong Kwon ( Director General, Presidential Committee for the G20 Summit), and Helen Mountford (Deputy Director, Environment Directorate, OECD) </s>
    <s>3:30-3:45 pm</s>
    <s>2nd Floor Lobby</s>
    <s>Coffee Break</s>
    <s>Session 4. Parallel Sessions</s>
    <s>3:45-5:00 pm </s>
    <s>Grand Ballroom  </s>
    <s>Food Security: The Need for Multilateral Action. This topic will focus on long-term policies to ensure food security by scaling-up efforts to spur agricultural productivity, improve linkages from farmers to markets, reduce risk and vulnerability, facilitate agriculture entry and exit, and enhance environmental services and sustainability.</s>
    <s>Chair: Hak-Su Kim (Chairman, Asia Economic Community Foundation and former Under-Secretary General, United Nations)  </s>
    <s>Presenter: Christopher Delgado (Adviser, Agriculture and Rural Development, World Bank)</s>
    <s>Discussants: David Nabarro (Secretary General's Special Representative for Food Security and Nutrition, United Nations), Cheikh Sourang (Senior Programme Manager, Country Strategies, International Fund for Agricultural Development), and Joachim von Braun (Director of the Center for Development Research and Professor for Economic and Technological Change, University of Bonn)</s>
    <s>3:45-5:00 pm</s>
    <s>Capri Room</s>
    <s>Inclusive Finance. This topic will present country development practices on inclusive finance and operational instruments to address the constraints that exclude people from full participation in the financial sector in LICs and MICs.</s>
    <s>Chair: Princess Máxima of the Netherlands (UN Secretary-General’s Special Advocate for Inclusive Finance for Development)</s>
    <s>Presenters: Peer Stein (Senior Manager, Access to Finance Advisory , IFC)</s>
    <s>Discussants: Alfred Hannig (Executive Director, Alliance for Financial Inclusion) and Yongbeom Kim (Director General, Presidential Committee for the G20 Summit)  </s>
    <s>5:00-5:15 pm</s>
    <s>2nd Floor Lobby</s>
    <s>Coffee Break</s>
    <s>Session 5. Round Table Discussion</s>
    <s>5:15-6:45 pm</s>
    <s>Grand Ballroom  </s>
    <s>Round Table Discussion. The objective of this session is to begin to formulate concrete policy suggestions, based on the results of the conference, which may be incorporated into the G20 agenda.</s>
    <s>Chair: Il SaKong (Chairman, Presidential Committee for the G20 Summit) </s>
    <s>Lead Panelist: Ngozi Okonjo-Iweala (Managing Director, World Bank)</s>
    <s>Eminent Practitioners and Policymakers: Justin Yifu Lin (Senior Vice President and Chief Economist, World Bank),Trevor Manuel (Minister in the Presidency, South Africa National Planning Commission), Princess Máxima of the Netherlands (UN Secretary-General’s Special Advocate for Inclusive Finance for Development), Reza Moghadam (Director, Strategy, Policy, and Review Department, IMF), Mahmoud Mohieldin (Minister of Investment, Arab Republic of Egypt), , Changyong Rhee (Secretary-General and Sherpa, Presidential Committee for the G20 Summit), Jomo Kwame Sundaram (Assistant Secretary-General on Economic Development),and Ernesto Zedillo (Director, Center for the Study of Globalization, Yale University)</s>
    <s>Closing Dinner</s>
    <s>7:00-9:00 pm</s>
    <s>Garden  </s>
    <s>Closing Dinner. The Post-Crisis Growth Agenda.</s>
    <s>Chair: Wook Chae (President, KIEP)</s>
    <s>Closing Speech: Ernesto Zedillo (Director, Center for the Study of Globalization, Yale University)</s>
    <s>Contact Information</s>
    <s>For questions on the program, please contact Ms. Claudia Sepúlveda, Senior Economist, Development Economics, World Bank at csepulveda@worldbank.org and for conference logistics, Ms. Rachel Lee of the Korea-World Bank Conference Secretariat at kor-wb@ioconvex.com</s>
    <s>The conference will take place in Paradise Hotel, Busan</s>
    <s>Address: 1408-5, Jung-dong, Haeundae-gu, Busan 612-846, Korea</s>
    <s>Tel: +82-51-742-2121 Fax: +82-51-742-210</s>
    <s>Opening Remarks by Il SaKong (Chairman, Presidential Committee for the G20 Summit)</s>
    <s>Introductory Remarks by Ngozi Okonjo-Iweala (Managing Director, World Bank)</s>
    <s>A Global Economy with Multiple Growth Poles by Justin Yifu Lin</s>
    <s>| Presentation</s>
    <s>G20 and Global Development by Zia Qureshi</s>
    <s>| Presentation</s>
    <s>Lessons from the Korean Development Experience by Wonhyuk Lim</s>
    <s>| Presentation</s>
    <s>Achieving the MDGs in the Aftermath of the Global Economic Crisis by Jomo Kwame and Hans Timmer</s>
    <s>| Presentation by Jomo Kwame | Presentation by Hans Timmer</s>
    <s>Aid for Trade: Building on Progress to Date by Bernard Hoekman and John Wilson | Presentation</s>
    <s>Infrastructure and Sustainable Development by Marianne Fay and Michael Toman | Presentation</s>
    <s>Food Security: The Need for Multilateral Action by Christopher Delgado</s>
    <s>| Presentation</s>
    <s>Inclusive Finance by Peer Stein</s>
    <s>| Presentation</s>
    <s>The on-line registration is required to participate in the conference and it will be available on the website at http://members.ioconvex.com/KOR WB/</s>
    <s>MEDIA INQUIRIES</s>
    <s>For World Bank media-related questions, email Ms Merrell Tuck-Primdahl, Senior Communications Officer, Development Economics: mtuckprimdahl@worldbank.org or Camille Funnell, Senior Communications Officer, The World Bank Group cfunnell@worldbank.org, Mobile number: +61 423606850</s>
    <s>Other Links</s>
    <s>G20 Official Site http://www.g20.org/ </s>
    <s>Korea Institute for International Economic Policy, KIEP http://www.kiep.go.kr/eng/</s>
    <s>Permanent URL for this page: http://go.worldbank.org/SSW3BIOGX1</s>
    <s>Home |</s>
    <s>Site Map |</s>
    <s>Index |</s>
    <s>FAQs |</s>
    <s>Contact Us |</s>
    <s>Search |</s>
    <s>(C) 2011 The World Bank Group, All Rights Reserved. Legal</s>
  </text>
</page>
