<?xml version="1.0" encoding="UTF-8"?>
<!DOCTYPE page SYSTEM "page.dtd">
<page>
  <lang>en</lang>
  <url>http://blog.uml.edu/nanoehs/</url>
  <title>Nano EHS</title>
  <snippet>
    <s>http://www.uml.edu/nano/nanoehs/Conferences/Program_and_Agenda.html Early Registration and Late Breaking Papers Open! Please forward any submissions to Maria Scholl, the conference administrator, at maria_s@turi.org. </s>
  </snippet>
  <text>
    <s>Nano EHS</s>
    <s>Agenda Annoucement</s>
    <s>By Scholl, Maria on June 6, 2011 8:36 AM | Permalink | Comments (0) | TrackBacks (0)</s>
    <s>The agenda is now available on our website</s>
    <s>You can view this along with our 'program at a glance' here:</s>
    <s>http://www.uml.edu/nano/nanoehs/Conferences/Program and Agenda.html</s>
    <s>Early Registration Closes</s>
    <s>By Scholl, Maria on May 26, 2011 11:38 AM | Permalink | Comments (0) | TrackBacks (0)</s>
    <s>Less than a week left to take advantage of the savings for early registration fees</s>
    <s>Symposium fees:</s>
    <s>$550 regular attendee (early registration)</s>
    <s>$595 regular attendee (regular registration)</s>
    <s>$265 student registration (early registration)</s>
    <s>$300 student registration (regular registration</s>
    <s>The registration fee includes all conference plenary and breakout sessions, three full continental breakfasts, morning and afternoon refreshment breaks, three lunches and free access to exhibitors. The first-day continuing-education courses, symposium banquet, and social activities on the afternoon of the final day will all be optional with separate fees. Maximum number of attendees is limited to 700. Discount hotel rooms are limited as well, please register early</s>
    <s>New Registration Payment Information</s>
    <s>By Scholl, Maria on April 20, 2011 12:05 PM | Permalink | Comments (0) | TrackBacks (0)</s>
    <s>As Early registration has started, a few changes have been made to the payment process:</s>
    <s>The university will only be able to accept credit cards or checks.</s>
    <s>Furthermore, if you have submitted registration and paid by check, it must be sent out no later than FIVE BUSINESS DAYS after you have completed the</s>
    <s>registration form</s>
    <s>Early Registration and Late Breaking Papers Open!</s>
    <s>By Scholl, Maria on April 5, 2011 10:03 AM | Permalink | Comments (0) | TrackBacks (0)</s>
    <s>Early Registration for the 5th International Symposium on Nanotechnology- Occupational Safety and Heath is now openPlease feel free to visit our registration page for details and to fill out the registration form.</s>
    <s>Late breaking papers is also open. For further details, please visit our call for papers page. The due date to submit an abstract is April 18th. Please forward any submissions to Maria Scholl, the conference administrator, at maria s@turi.org.</s>
    <s>Announcement of Plenary Speakers</s>
    <s>By Scholl, Maria on March 4, 2011 9:43 AM | Permalink | Comments (0) | TrackBacks (0)</s>
    <s>We are proud to announce the plenary speakers for the 5th International Symposium on Nanotechnology on Occupational Health and Safety</s>
    <s>August 10th- Dr. John Howard</s>
    <s>August 11th- Dr. Mihail Roco</s>
    <s>August 12th- Dr. Gunter Oberder</s>
    <s>Please feel free to check the website as more updates will be made this month</s>
    <s>Call For Papers Deadline Passed</s>
    <s>By Scholl, Maria on January 14, 2011 8:45 AM | Permalink | Comments (0) | TrackBacks (0)</s>
    <s>The call for papers has come to a close. You will be notified via e-mail whether your submission was chosen or denied. Please continue to check the website for updates on the symposium. Thank you all for your hard work and dedication</s>
    <s>Call For Papers: New Deadline</s>
    <s>By Scholl, Maria on December 29, 2010 9:14 AM | Permalink | Comments (0) | TrackBacks (0)</s>
    <s>Due to the holiday season, the call for papers deadline</s>
    <s>has been extended to January 14th 2011 12pm EST.</s>
    <s>Tips for abstract preparation</s>
    <s>A 300 word limit allows you to prepare a good, concise abstract. This is important, as it is part of the evaluation process.</s>
    <s>Figures and tables are not required. Preliminary results from on-going research is acceptable for submission, as the research/project scope is important for paper selection.</s>
    <s>You have to follow the four categories: (1) Research Significance (2) Methods (3) Results (4) Conclusion to prepare your content. The significance of your work is helpful for paper selection.</s>
    <s>NIOSH and ICON Announcements</s>
    <s>By Scholl, Maria on December 20, 2010 9:29 AM | Permalink | Comments (0) | TrackBacks (0)</s>
    <s>The National Institute for Occupational Safety and Health (NIOSH) and The International Council On Nanotechnology (ICON) announce the partnership and NanOHS2011 symposium on their web pages</s>
    <s>OHS Magazine</s>
    <s>By Scholl, Maria on December 15, 2010 8:58 AM | Permalink | Comments (0) | TrackBacks (0)</s>
    <s>Occupational Health and Safety Magazine agrees, nanotechnology is moving forward</s>
    <s>Umass Lowell Announcement</s>
    <s>By Scholl, Maria on December 14, 2010 9:20 AM | Permalink | Comments (0) | TrackBacks (0)</s>
    <s>Umass Lowell announces:</s>
    <s>Worker Safety is the Goal of New Partnership Between NIOSH and the Center for High-rate Nanomanufacturing</s>
    <s>Press Release</s>
    <s>UML Media News</s>
    <s>Tag Cloud</s>
    <s>Monthly Archives</s>
    <s>June 2011 (1)</s>
    <s>May 2011 (1)</s>
    <s>April 2011 (2)</s>
    <s>March 2011 (1)</s>
    <s>January 2011 (1)</s>
    <s>December 2010 (6)</s>
    <s>May 2010 (1)</s>
    <s>!Subscribe to feed Subscribe to this blog's feed</s>
    <s>addthis pub = 'uml'; addthis logo = 'http://www.uml.edu/logo.png'; addthis logo background = 'efefef'; addthis logo color = '28518a'; addthis brand = 'UMass Lowell'; addthis options = 'favorites, email, digg, delicious, myspace, facebook, google, live, more'; var strOutput = '&lt;a href=\&quot;http:\/\/www.addthis.com\/bookmark.php\&quot; onmouseover=\&quot;return addthis open(this, \'\', \'URL\', \'TITLE\')\&quot; onmouseout=\&quot;addthis close()\&quot; onclick=\&quot;return addthis sendto()\&quot;&gt;&lt;img src=\&quot;http:\/\/s9.addthis.com\/button1-share.gif\&quot; width=\&quot;125\&quot; height=\&quot;16\&quot; border=\&quot;0\&quot; alt=\&quot;\&quot; \/&gt;&lt;\/a&gt;\n&lt;script type=\&quot;text\/javascript\&quot; src=\&quot;http:\/\/s7.addthis.com\/js\/152\/addthis widget.js\&quot;&gt;&lt;\/script&gt;'; document.write( strOutput );</s>
  </text>
</page>
