<?xml version="1.0" encoding="UTF-8"?>
<!DOCTYPE page SYSTEM "page.dtd">
<page>
  <lang>en</lang>
  <url>http://code.activestate.com/lists/tcl-announce/362/</url>
  <title>[Tcl-announce] 1st Call For Papers, 18th Annual Tcl/Tk Conference ...</title>
  <snippet>
    <s>Apr 4, 2011 The program committee is asking for papers and presentation proposals from The conference program committee would like to encourage </s>
  </snippet>
  <text>
    <s>Downloads ▼</s>
    <s>ActivePerl Pro Studio</s>
    <s>ActiveTcl Pro Studio</s>
    <s>Perl Dev Kit</s>
    <s>Tcl Dev Kit</s>
    <s>Komodo IDE</s>
    <s>more ▼</s>
    <s>PyPM Index</s>
    <s>| Store | Cart</s>
    <s>ActiveState Code » Lists</s>
    <s>Perl Lists Python Lists PHP Lists Ruby Lists Tcl Lists ActiveState Lists</s>
    <s>Lists » tcl-announce</s>
    <s>Tcl-announce 1st Call For Papers, 18th Annual Tcl/Tk Conference 2011</s>
    <s>From: Andreas Kupries &lt;andr @activestate.com&gt;</s>
    <s>Mon, 04 Apr 2011 16:31:15 -0700</s>
    <s>18th Annual Tcl/Tk Conference (Tcl'2011)</s>
    <s>October 24 - 28, 2011</s>
    <s>Comfort Suites Manassas</s>
    <s>Manassas, Virgina, USA</s>
    <s>Important Dates:</s>
    <s>Abstracts and proposals due August 26, 2011</s>
    <s>Notification to authors September 12, 2011</s>
    <s>WIP and BOF reservations open August 1, 2011</s>
    <s>Author materials due October 9, 2011</s>
    <s>Tutorials Start October 24, 2011</s>
    <s>Conference starts October 26, 2011</s>
    <s>Email Contact: tclc @googlegroups.com</s>
    <s>Submission of Summaries</s>
    <s>Tcl/Tk 2011 will be held in Manassas, Virgina, USA from</s>
    <s>October 24 - 28, 2011. The program committee is asking for papers and</s>
    <s>presentation proposals from anyone using or developing with Tcl/Tk</s>
    <s>(and extensions). Past conferences have seen submissions covering a</s>
    <s>wide variety of topics including:</s>
    <s>Scientific and engineering applications</s>
    <s>Industrial controls</s>
    <s>Distributed applications and Network Managment</s>
    <s>Object oriented extensions to Tcl/Tk</s>
    <s>New widgets for Tk</s>
    <s>Simulation and application steering with Tcl/Tk</s>
    <s>Tcl/Tk-centric operating environments</s>
    <s>Tcl/Tk on small and embedded devices</s>
    <s>Medical applications and visualization</s>
    <s>Use of different programming paradigms in Tcl/Tk and proposals for new</s>
    <s>New areas of exploration for the Tcl/Tk language</s>
    <s>This year is the fourth year that the Tcl community is participating</s>
    <s>in the Google Summer of Code. The conference program committee would</s>
    <s>like to encourage submissions that report on the Tcl projects selected</s>
    <s>for Google SoC 2011.</s>
    <s>Submissions should consist of an abstract of about 100 words and a</s>
    <s>summary of not more than two pages, and should be sent as plain text</s>
    <s>to &lt;tclconference AT googlegroups DOT com&gt; no later than August 30,</s>
    <s>2011. Authors of accepted abstracts will have until October 14, 2011</s>
    <s>to submit their final paper for the inclusion in the conference</s>
    <s>proceedings. The proceedings will be made available on digital media,</s>
    <s>so extra materials such as presentation slides, code examples, code</s>
    <s>for extensions etc. are encouraged.</s>
    <s>Printed proceedings will be produced as an on-demand book at lulu.com</s>
    <s>The authors will have 25 minutes to present their paper at the</s>
    <s>The program committee will review and evaluate papers according to the</s>
    <s>following criteria:</s>
    <s>Quantity and quality of novel content</s>
    <s>Relevance and interest to the Tcl/Tk community</s>
    <s>Suitability of content for presentation at the conference</s>
    <s>Proposals may report on commercial or non-commercial systems, but</s>
    <s>those with only blatant marketing content will not be accepted.</s>
    <s>Application and experience papers need to strike a balance between</s>
    <s>background on the application domain and the relevance of Tcl/Tk to</s>
    <s>the application. Application and experience papers should clearly</s>
    <s>explain how the application or experience illustrates a novel use of</s>
    <s>Tcl/Tk, and what lessons the Tcl/Tk community can derive from the</s>
    <s>application or experience to apply to their own development efforts.</s>
    <s>Papers accompanied by non-disclosure agreements will be returned to</s>
    <s>the author(s) unread. All submissions are held in the highest</s>
    <s>confidentiality prior to publication in the Proceedings, both as a</s>
    <s>matter of policy and in accord with the U. S. Copyright Act of 1976.</s>
    <s>The primary author for each accepted paper will receive registration</s>
    <s>to the Technical Sessions portion of the conference at a reduced rate.</s>
    <s>Other Forms of Participation</s>
    <s>The program committee also welcomes proposals for panel discussions of</s>
    <s>up to 90 minutes. Proposals should include a list of confirmed</s>
    <s>panelists, a title and format, and a panel description with position</s>
    <s>statements from each panelist. Panels should have no more than four</s>
    <s>speakers, including the panel moderator, and should allow time for</s>
    <s>substantial interaction with attendees. Panels are not presentations</s>
    <s>of related research papers.</s>
    <s>Slots for Works-in-Progress (WIP) presentations and Birds-of-a-Feather</s>
    <s>sessions (BOFs) are available on a first-come, first-served basis</s>
    <s>starting in August 1, 2011. Specific instructions for reserving WIP</s>
    <s>and BOF time slots will be provided in the registration information</s>
    <s>available in June 2011. Some WIP and BOF time slots will be held open</s>
    <s>for on-site reservation. All attendees with an interesting work in</s>
    <s>progress should consider reserving a WIP slot.</s>
    <s>Registration Information</s>
    <s>More information on the conference is available the conference Web</s>
    <s>site (http://www.tcl.tk/community/tcl2011/) and will be published on</s>
    <s>various Tcl/Tk-related information channels.</s>
    <s>To keep in touch with news regarding the conference and Tcl events in</s>
    <s>general, subscribe to the tcl-announce list. See:</s>
    <s>http://aspn.activestate.com/ASPN/Mail/ to subscribe to the</s>
    <s>tcl-announce mailing list.</s>
    <s>Conference Committee</s>
    <s>Clif Flynt Noumena Corp General Chair, Website Admin</s>
    <s>Andreas Kupries ActiveState Software Inc. Program Chair</s>
    <s>Cyndy Lilagan Iomas Research, LLC</s>
    <s>Brian Griffin Mentor Graphics</s>
    <s>Ron Fox NSCL/FRIB Michigan State University</s>
    <s>Arjen Markus Deltares</s>
    <s>Mike Doyle Iomas Research, LLC</s>
    <s>Gerald Lester KnG Consulting, LLC</s>
    <s>Donal Fellows University of Manchester</s>
    <s>Jeffrey Hobbs ActiveState Software Inc.</s>
    <s>Steve Landers Digital Smarties</s>
    <s>Kevin Kenny GE Global Research Center</s>
    <s>Larry Virden Tcl FAQ Maintainer</s>
    <s>Steve Redler IV		SR Technology</s>
    <s>Contact Information tclc @googlegroups.com</s>
    <s>Tcl'2011 would like to thank those who are sponsoring the conference:</s>
    <s>ActiveState Software Inc.</s>
    <s>Buonacorsi Foundation</s>
    <s>Mentor Graphics</s>
    <s>Noumena Corp.</s>
    <s>SR Technology</s>
    <s>Tcl Community Association</s>
    <s>Tcl-announce mailing list</s>
    <s>To unsubscribe: http://listserv.ActiveState.com/mailman/mysubs</s>
    <s>Recent Messages in this Thread</s>
    <s>Tcl-announce 1st Call For Papers, 18th Annual Tcl/Tk Conference 2011</s>
    <s>Andreas Kupries</s>
    <s>Apr 04, 2011 11:31 pm</s>
    <s>Previous post: [Tcl-announce Tcl-URL- weekly Tcl news and links (Mar 29)]</s>
    <s>Next post: [Tcl-announce Tcl-URL- weekly Tcl news and links (Apr 5)]</s>
    <s>Subscribe to the tcl-announce Mailing List</s>
    <s>Subscribe to the tcl-announce RSS feed</s>
    <s>List Archives</s>
    <s>Perl Lists</s>
    <s>Python Lists</s>
    <s>PHP Lists</s>
    <s>Ruby Lists</s>
    <s>Tcl Lists</s>
    <s>ActiveState Lists</s>
    <s>Manage ActiveState Subscriptions</s>
    <s>Feedback &amp; Information</s>
    <s>Give Site Feedback</s>
    <s>Report a Site Problem</s>
    <s>Terms of Service</s>
    <s>ActiveState Blog</s>
    <s>Perl Solutions</s>
    <s>Python Solutions</s>
    <s>Tcl Solutions</s>
    <s>Download ActivePerl</s>
    <s>Download ActivePython</s>
    <s>Download ActiveTcl</s>
    <s>About ActiveState</s>
    <s>(C) 2010 ActiveState Software. All rights reserved. Privacy Policy | Contact Us | Support</s>
  </text>
</page>
