<?xml version="1.0" encoding="UTF-8"?>
<!DOCTYPE page SYSTEM "page.dtd">
<page>
  <lang>en</lang>
  <url>http://discotec.project.cwi.nl/index.php/Coordination:CFP</url>
  <title>Call for Papers - DisCoTec10</title>
  <snippet>
    <s>Jan 25, 2010 1 About the Conference; 2 Topics of Interest: 3 Invited Speaker The COORDINATION 2010 conference solicits high quality papers reporting </s>
  </snippet>
  <text>
    <s>Call for Papers</s>
    <s>From DisCoTec10</s>
    <s>Main Page</s>
    <s>Important Dates</s>
    <s>| Programme</s>
    <s>Social Event</s>
    <s>Main Page</s>
    <s>Important Dates</s>
    <s>Invited Speaker</s>
    <s>Call for Papers</s>
    <s>Accepted Papers</s>
    <s>Previous Conferences</s>
    <s>Main Page</s>
    <s>Important Dates</s>
    <s>Invited Speaker</s>
    <s>Call for Papers</s>
    <s>Accepted Papers</s>
    <s>Previous Conferences</s>
    <s>FMOODS &amp; FORTE</s>
    <s>Main Page</s>
    <s>Important Dates</s>
    <s>Invited Speaker</s>
    <s>Call for Papers</s>
    <s>Accepted Papers</s>
    <s>Previous Conferences</s>
    <s>Main Page</s>
    <s>Call for Workshops</s>
    <s>Call for Workshops</s>
    <s>Call for Workshops (obsolete)</s>
    <s>Jump to: navigation, search</s>
    <s>COORDINATION 2010</s>
    <s>12th International Conference on Coordination Models and Languages</s>
    <s>Amsterdam, Netherlands, 7-9 June 2010</s>
    <s>1 About the Conference</s>
    <s>2 Topics of Interest:</s>
    <s>3 Invited Speaker</s>
    <s>4 Submission Guidelines</s>
    <s>5 Important Dates</s>
    <s>6 Committees</s>
    <s>6.1 DisCoTec General Chair</s>
    <s>6.2 PC Chairs</s>
    <s>6.3 Steering Committee</s>
    <s>6.4 Program Committee</s>
    <s>About the Conference</s>
    <s>The 12th International Conference on Coordination Models and Languages (COORDINATION) is part of the IFIP federated event on Distributed Computing Techniques (DisCoTec), together with the 10th IFIP International Conference on Distributed Applications and Interoperable Systems (DAIS) and the IFIP International Conference on Formal Techniques for Distributed Systems (FMOODS &amp; FORTE). The DisCoTec conferences jointly cover the complete spectrum of distributed computing subjects ranging from theoretical foundations to formal specification techniques to practical considerations. The event is hosted by the Centrum Wiskunde &amp; Informatica (CWI), Amsterdam.</s>
    <s>Topics of Interest:</s>
    <s>COORDINATION 2010 topics of interest include:</s>
    <s>Distributed and concurrent programming</s>
    <s>multicore programming</s>
    <s>stream programming</s>
    <s>data parallel programming</s>
    <s>event-driven programming</s>
    <s>web programming</s>
    <s>Foundations of distributed and concurrent interaction</s>
    <s>models for processes</s>
    <s>service composition and orchestration</s>
    <s>workflow management</s>
    <s>data query</s>
    <s>tuple spaces</s>
    <s>Specification, verification, and types</s>
    <s>modelling and analysis of types and properties related to security</s>
    <s>resource consumption</s>
    <s>component conformance for concurrent and distributed systems</s>
    <s>High-level optimisations</s>
    <s>program transformations for performance enhancement</s>
    <s>runtime load balancing techniques</s>
    <s>static and dynamic resource management</s>
    <s>Quality of service</s>
    <s>fault-tolerant programming models and runtime support</s>
    <s>models with responsiveness guarantees</s>
    <s>Distributed software management</s>
    <s>component and module systems for distributed software</s>
    <s>dynamic software evolution and update technologies</s>
    <s>configuration and deployment architectures</s>
    <s>System support for programming models</s>
    <s>P2P frameworks, mobile ad-hoc networks</s>
    <s>sensor networks</s>
    <s>publish-subscribe systems</s>
    <s>event processing</s>
    <s>Case studies</s>
    <s>application of novel distributed and concurrent techniques in business process modelling</s>
    <s>factory automation</s>
    <s>command and control</s>
    <s>Invited Speaker</s>
    <s>Joe Armstrong (Ericsson Telecom AB): Erlang-style concurrency</s>
    <s>Submission Guidelines</s>
    <s>The COORDINATION 2010 conference solicits high quality papers reporting research results and/or experience reports related to the topics mentioned above. All papers must be original, unpublished, and not submitted for publication elsewhere. Contributions should be submitted electronically as postscript or PDF, using the SPRINGER LNCS style. Papers should not exceed 15 pages in length. Each paper will undergo a thorough process of review and the conference proceedings will be published by Springer-Verlag in the LNCS series. Proceedings will be made available at the conference. Submission implies the acceptance that at least one author will attend the conference if the paper is accepted.</s>
    <s>Selected papers will be invited to a special issue of The Science of Computer Programming journal.</s>
    <s>Important Dates</s>
    <s>Abstract submission: February 15, 2010 (Extended)</s>
    <s>Paper submission: February 19, 2010 (Extended)</s>
    <s>Author notification: March 19, 2010</s>
    <s>Camera-ready version: April 2, 2010</s>
    <s>Early registration: May 17, 2010</s>
    <s>Online registration: June 4, 2010</s>
    <s>Conferences: June 7-9, 2010</s>
    <s>Co-located events: June 10, 2010</s>
    <s>There will be NO DEADLINE EXTENSION.</s>
    <s>DisCoTec General Chair</s>
    <s>Frank S. de Boer</s>
    <s>Centrum Wiskunde &amp; Informatica (CWI), The Netherlands</s>
    <s>PC Chairs</s>
    <s>Dave Clarke</s>
    <s>Katholieke Universiteit Leuven, Belgium</s>
    <s>Gul Agha</s>
    <s>University of Illinois at Urbana-Champaign, USA</s>
    <s>Steering Committee</s>
    <s>Rocco De Nicola (chair)</s>
    <s>University of Florence, Italy</s>
    <s>Farhad Arbab</s>
    <s>CWI, The Netherlands</s>
    <s>Jan Vitek</s>
    <s>Purdue University, USA</s>
    <s>Carolyn Talcott</s>
    <s>SRI, USA</s>
    <s>Herbert Wiklicky</s>
    <s>Imperial College London, GB</s>
    <s>Chris Hankin</s>
    <s>Imperial College London, GB</s>
    <s>Doug Lea</s>
    <s>State University of New York at Oswego, USA</s>
    <s>Gruia-Catalin Roman</s>
    <s>Washington University in Saint Louis, USA</s>
    <s>Gianluigi Zavattaro</s>
    <s>University of Bologna, Italy</s>
    <s>Jean-Marie Jacquet</s>
    <s>University of Namur, Belgium</s>
    <s>Vasco T. Vasconcelos</s>
    <s>University of Lisbon, Portugal</s>
    <s>Amy L. Murphy</s>
    <s>ITC-IRST, IT &amp; University of Lugano, Switzerland</s>
    <s>John Field</s>
    <s>IBM Research, USA</s>
    <s>Program Committee</s>
    <s>Dave Clarke</s>
    <s>Katholieke Universiteit Leuven, Belgium</s>
    <s>Gul Agha</s>
    <s>University of Illinois at Urbana-Champaign, USA</s>
    <s>Mirko Viroli</s>
    <s>Università di Bologna, Italy</s>
    <s>Shangping Ren</s>
    <s>Illinois Institute of Technology, USA</s>
    <s>Marjan Sirjani</s>
    <s>Reykjavik University, Iceland</s>
    <s>Patrick Eugster</s>
    <s>Purdue University, USA</s>
    <s>Carolyn Talcott</s>
    <s>SRI, USA</s>
    <s>Jean-Marie Jacquet</s>
    <s>University of Namur, Belgium</s>
    <s>Wolfgang de Meuter</s>
    <s>Vrij Universiteit Brussel, Belgium</s>
    <s>Carlos Canal</s>
    <s>Universidad de Málaga, Spain</s>
    <s>Vasco T. Vasconcelos</s>
    <s>University of Lisbon, Portugal</s>
    <s>Rocco De Nicola</s>
    <s>University of Florence, Italy</s>
    <s>Susan Eisenbach</s>
    <s>Imperial College London, GB</s>
    <s>Roberto Bruni</s>
    <s>University of Pisa, Italy</s>
    <s>Amy L. Murphy</s>
    <s>ITC-IRST, IT &amp; University of Lugano, Switzerland</s>
    <s>John Field</s>
    <s>IBM Research, USA</s>
    <s>MohammadReza Mousavi</s>
    <s>Eindhoven University of Technology, The Netherlands</s>
    <s>Retrieved from &quot;http://discotec.project.cwi.nl/index.php/Coordination:CFP&quot;</s>
    <s>Main Page</s>
    <s>Main Page</s>
    <s>Invited Speaker</s>
    <s>Call for Papers</s>
    <s>Accepted Papers</s>
    <s>Previous Conferences</s>
    <s>Main Page</s>
    <s>FMOODS &amp; FORTE</s>
    <s>Main Page</s>
    <s>DCDP 2010</s>
    <s>Personal tools</s>
    <s>This page was last modified on 25 January 2010, at 15:46.</s>
    <s>This page has been accessed 3,531 times.</s>
    <s>Privacy policy</s>
    <s>About DisCoTec10</s>
    <s>Powered by MediaWiki 1.15.1</s>
  </text>
</page>
