<?xml version="1.0" encoding="UTF-8"?>
<!DOCTYPE page SYSTEM "page.dtd">
<page>
  <lang>en</lang>
  <url>http://conference.archimuse.com/mw2011/call.html</url>
  <title>Museums and the Web 2011 (MW2011): Call For Participation ...</title>
  <snippet>
    <s>Sep 27, 2010 An annual conference exploring the social, cultural, design, technological, Even the best ideas may be rejected if proposed for a less than are usually presented in a formal sessions with other papers and discussion. </s>
  </snippet>
  <text>
    <s>Skip to main content</s>
    <s>Museums and the Web</s>
    <s>An annual conference exploring the social, cultural, design, technological, economic, and organizational issues of culture, science and heritage on-line.</s>
    <s>Museums and the web 2012</s>
    <s>April 5-9, 2011, Philadelphia, PA, USA</s>
    <s>produced by Archives &amp; Museum Informatics</s>
    <s>New Account</s>
    <s>Search this site:</s>
    <s>You are here:</s>
    <s>MW2011 »</s>
    <s>Museums and the Web 2011 (MW2011): Call For Participation</s>
    <s>Museums and the Web 2011 will take place April 6-9, 2011 in Philadelphia, Pennsylvania, USA.</s>
    <s>The MW program is built from the ground up, based on your suggestions. Proposals are encouraged on any topic related to museums creating, facilitating, delivering or participating in culture, science and heritage on-line – wherever the network may reach.</s>
    <s>Demonstration Proposals are due December 31, 2010 (written paper optional)</s>
    <s>Proposals were due September 30, 2010 for papers, workshops, mini-workshops + professional forums (written paper required by Jan. 31, 2011)</s>
    <s>All accepted papers must be submitted in written form, according to the Guidelines, by January 31, 2011.</s>
    <s>Make a Proposal</s>
    <s>Submit your proposal using our on-line form.</s>
    <s>You must be logged in to do this; if you're not, create a profile and then log in. Your proposal will be linked to your profile for further reference.</s>
    <s>Download the Call for Participation (PDF).</s>
    <s>Session Formats</s>
    <s>Carefully choose the right presentation format for your proposal. Even the best ideas may be rejected if proposed for a less than appropriate presentation format. See the description of session formats for further details.</s>
    <s>Paper in a Session</s>
    <s>Research results and case studies are usually presented in a formal sessions with other papers and discussion.</s>
    <s>Recent implementations are often best shown in this intimate, face-to-face, format which ensures almost all delegates will see you, and have a chance to ask questions.</s>
    <s>Workshops (full or half-day) or Mini-workshop (1hr)</s>
    <s>If you have something you can teach others, relating to methods or techniques, offer an interactive workshop.</s>
    <s>Professional Forums</s>
    <s>This is the best way to engage colleagues in a debate around a topic of concern to the field or to explore an opportunity for collaboration</s>
    <s>Exhibit Hall</s>
    <s>Commercial products and services are featured in the Exhibit Hall. See the Exhibitor Information Package (PDF).</s>
    <s>Exhibitor Briefing</s>
    <s>Exhibitors of commercial products and services are offered the opportunity to give briefings on recent projects, along with exhibiting products.</s>
    <s>Performances? Interactions? Services?</s>
    <s>Propose any other format of participation + explain how it works. We're open to new ideas.</s>
    <s>Multiple Submissions</s>
    <s>Please co-ordinate your proposals with your collaborators. Multiple proposals about the same project will not be accepted. Multiple submissions from the same person are rarely accepted</s>
    <s>Session Proposals</s>
    <s>Proposals for sessions should be submitted as individual papers with a covering note. Each paper will be reviewed individually. Full sessions are rarely accepted.</s>
    <s>Proposal Submission</s>
    <s>Submit your proposal using our on-line form.</s>
    <s>Proposal Peer Review</s>
    <s>MW2011 Program Committee and the MW2011 Co-Chairs will review all proposals (except Exhibitor Briefings) and make selections for the conference program.</s>
    <s>The Program Committee will communicate its decision by email to the address(es) given in your proposal. Successful proposers must return the Speaker Acceptance Form (PDF).</s>
    <s>Acceptance may be conditional upon refining the proposal, and may require the submission of a revised abstract. The Committee may judge that a different format is more appropriate for the proposed content, e.g. a Demonstration rather than a formal Paper, and offer an alternative slot in the program.</s>
    <s>The results of the Program Committee's review will be communicated by November 30, 2010.</s>
    <s>The decision of the MW2011 Program Committee is final.</s>
    <s>Written Papers</s>
    <s>Written papers are required for all presentation types except Demonstrations and Workshops (where they may be optionally submitted).</s>
    <s>Papers are due January 31, 2011, and must follow the Guidelines for Papers.</s>
    <s>Meeting Registration</s>
    <s>All paper presenters are expected to register for the full MW2011 conference and pay the appropriate fees. See the Registration page for details.</s>
    <s>Further Details?</s>
    <s>For more information contact the MW2011 Conference Co-Chairs</s>
    <s>David Bearman + Jennifer Trant, Archives &amp; Museum Informatics</s>
    <s>Login or register to post comments</s>
    <s>call for participation</s>
    <s>!jtrant's picture</s>
    <s>by jennifer trant - Sep 27 2010 - 6:51pm</s>
    <s>thanks to everyone who's sharing the news of the MW2011 Deadline</s>
    <s>j. trant co-chair Museums and the Web | partner archives &amp; museum informatics www.archimuse.com</s>
    <s>Login or register to post comments</s>
    <s>Visit the Community Site</s>
    <s>Share on</s>
    <s>Tag museweb or mw2011</s>
    <s>MW2011 Main Menu</s>
    <s>About MW2011</s>
    <s>Best of the Web</s>
    <s>Program Committee</s>
    <s>MW Online</s>
    <s>Local Information</s>
    <s>Key Dates</s>
    <s>Visit the Community Site</s>
    <s>Share on</s>
    <s>Tag museweb or mw2011</s>
    <s>RT @museweb: it's job seasoncheck out the list of museums and the web-related postings @ http://ow.ly/5jdQe</s>
    <s>it's job seasoncheck out the list of museums and the web-related postings @ http://ow.ly/5jdQe</s>
    <s>RT @museweb: Job: Web Developer, Cleveland Museum of Art http://ow.ly/5iGEM</s>
    <s>RT @museweb: Job: Web Developer, Cleveland Museum of Art http://ow.ly/5iGEM</s>
    <s>Job: Web Developer, Cleveland Museum of Art http://ow.ly/5iGEM</s>
    <s>Founded by Archives &amp; Museum Informatics</s>
    <s>158 Lee Avenue</s>
    <s>Ontario M4E 2P3 Canada</s>
    <s>info @ archimuse.com</s>
    <s>Managed by Museums and the Web LLC</s>
    <s>703 Dale Drive</s>
    <s>Silver Spring MD 20910 USA</s>
    <s>info @ musuemsandtheweb.com</s>
    <s>t: 240.839.1114</s>
    <s>f: 240.986.9546</s>
    <s>Terms and Conditions</s>
  </text>
</page>
