<?xml version="1.0" encoding="UTF-8"?>
<!DOCTYPE page SYSTEM "page.dtd">
<page>
  <lang>en</lang>
  <url>http://2011globalhealth.org/welcome.html</url>
  <title>Welcome | 2011 Global Health Conference</title>
  <snippet>
    <s>McGill Global Health Programs The conference events will begin with an opening session on Sunday morning followed by three Program Committee Chair </s>
  </snippet>
  <text>
    <s>Global Health</s>
    <s>November 13-15</s>
    <s>Montreal, Canada</s>
    <s>Event Information</s>
    <s>Scientific Program</s>
    <s>Satellite Sessions</s>
    <s>Documentary Films</s>
    <s>Confirmed Speakers</s>
    <s>Program Committee</s>
    <s>Participating Organizations</s>
    <s>Financial Assistance</s>
    <s>Global Health TV</s>
    <s>Registration Information</s>
    <s>Online Registration Form</s>
    <s>Abstract Submission Information</s>
    <s>Online Abstract Submission Form</s>
    <s>Travel &amp; Lodging</s>
    <s>About Montreal</s>
    <s>CONFERENCE CO-SPONSORS</s>
    <s>Canadian Society for International Health</s>
    <s>Consortium of Universities for Global Health</s>
    <s>Global Health Education Consortium</s>
    <s>COLLABORATING ORGANIZATIONS</s>
    <s>International Society for Infectious Diseases</s>
    <s>McGill Global Health Programs</s>
    <s>English | Français</s>
    <s>Dear Colleagues,</s>
    <s>Individuals as diverse as G8 leaders, undergraduate students and community-based service providers increasingly recognize that the world needs to better understand global health challenges and their solutions. Yet what global health means continues to be defined as many people seek to understand how we may effectively collaborate across cultures, disciplines, languages and sometimes wide-ranging differences in resources and training to solve shared challenges to ensuring equitable health for all. The obstacles are substantial, but the opportunities are greater. This fall marks one such opportunity, when the Global Health Education Consortium (GHEC), the Consortium of Universities for Global Health (CUGH) and the Canadian Society for International Health (CSIH) will come together from November 13-15 to hold a joint global health conference in Montreal, Canada. Harnessing the energy of these three leading societies, this combined conference will be a unique chance to showcase and shape global health research, education and advocacy with colleagues from across the wide spectrum of backgrounds, interests and stages of training that make global health the dynamic field that it is.</s>
    <s>With world-renowned keynote speakers and plenary panels, invited speakers, oral abstracts and poster presentations from across the many disciplines that contribute to the growth and development of global health, the joint 2011 conference should be an exciting and educational event for any practitioner, researcher or learner in this emerging field. In addition, special activities will be held specifically to address the interests of trainees and individuals new to global health.</s>
    <s>The conference will take place at the Hilton Montreal Bonaventure in Montreal, Quebec, Canada, and more information will be available soon about registration, abstract submission and program details. The conference events will begin with an opening session on Sunday morning followed by three full days of sessions on Sunday, Monday and Tuesday. Conference sessions, including plenary lectures, invited symposia and panels, and both oral and poster presentations of submitted abstracts, will be organized across the following broad themes:</s>
    <s>Global burden of disease</s>
    <s>Innovations and interventions to advance global Health equity</s>
    <s>Globalization, global trade and movement of populations as drivers of health inequity</s>
    <s>Partnerships and capacity building for education and research in global health</s>
    <s>Social, economic and environmental determinants of health</s>
    <s>Human rights, legal issues, ethics and policy</s>
    <s>Nestled between Mount Royal and the mighty St. Lawrence River, Montreal features a unique mélange of European history and charm with modern facilities and attractions. One of the world’s most livable cities, Montreal offers an exciting mix of traditional and avant-garde from historic Old Montreal cobblestone streets to downtown’s sleek office towers and exciting night life. We look forward to welcoming you to one of North America’s greatest cities for an engaging and exciting scientific program at one of the largest academic global health meetings in North America.</s>
    <s>Timothy Brewer, MD, MPH, FACP</s>
    <s>Program Committee Chair</s>
    <s>For information please contact:</s>
    <s>Doris Steinbach</s>
    <s>2011 Global Health Conference Office</s>
  </text>
</page>
