<?xml version="1.0" encoding="UTF-8"?>
<!DOCTYPE page SYSTEM "page.dtd">
<page>
  <lang>en</lang>
  <url>http://en.wikipedia.org/wiki/History_of_Programming_Languages</url>
  <title>History of Programming Languages - Wikipedia, the free encyclopedia</title>
  <snippet>
    <s>The papers and presentations went through extensive review by the program committee (and revisions by the authors), far beyond the norm for conferences and </s>
  </snippet>
  <text>
    <s>History of Programming Languages</s>
    <s>From Wikipedia, the free encyclopedia</s>
    <s>Jump to: navigation, search</s>
    <s>This article may require cleanup to meet Wikipedia's quality standards. (Consider using more specific cleanup instructions.) Please help improve this article if you can. The talk page may contain suggestions. (December 2009)</s>
    <s>History of Programming Languages (HOPL) is an infrequent ACM SIGPLAN conference. Past conferences were held in 1978, 1993, and 2007.</s>
    <s>1 HOPL I</s>
    <s>2 HOPL II</s>
    <s>3 HOPL III</s>
    <s>4 External links</s>
    <s>[edit] HOPL I</s>
    <s>HOPL I was held June 1–3, 1978 in Los Angeles, California. Jean E. Sammet was both the General and Program Committee Chair. John A. N. Lee was the Administrative Chair. Richard L. Wexelblat was the Proceedings Chair. From Jean Sammet's introduction: The HOPL Conference &quot;is intended to consider the technical factors which influenced the development of certain selected programming languages.&quot; The languages and presentations in the first HOPL were by invitation of the program committee. The invited languages must have been created and in use by 1967. They also must have remained in use in 1977. Finally, they must have had considerable influence on the field of computing.</s>
    <s>The papers and presentations went through extensive review by the program committee (and revisions by the authors), far beyond the norm for conferences and commensurate with some of the best journals in the field. [citation needed ] The languages (and speakers) included in HOPL-I were:</s>
    <s>ALGOL 60 - Alan J. Perlis and Peter Naur</s>
    <s>APL - Adin D. Falkoff and Kenneth E. Iverson</s>
    <s>APT - Douglas T. Ross</s>
    <s>BASIC - Thomas E. Kurtz</s>
    <s>COBOL - Jean E. Sammet</s>
    <s>FORTRAN - John Backus</s>
    <s>GPSS - Geoffrey Gordon</s>
    <s>JOSS - Charles L. Baker</s>
    <s>JOVIAL - Jules I. Schwartz</s>
    <s>LISP - John McCarthy</s>
    <s>PL/I - George Radin</s>
    <s>SIMULA - Kristen Nygaard</s>
    <s>SNOBOL - Ralph E. Griswold</s>
    <s>Preprints of the proceedings were published in &quot;SIGPLAN Notices&quot;, volume 13, number 8, August 1978. The final proceedings, including transcripts of question and answer sessions, was published as a book in the ACM Monograph Series: &quot;History of Programming Languages&quot;, edited by Richard L. Wexelblat. Academic press, 1981.</s>
    <s>[edit] HOPL II</s>
    <s>HOPL II was held April 20–23, 1993 in Cambridge, Massachusetts. John A. N. Lee was the Conference Chair and Jean E. Sammet was the Program Chair. In contrast to HOPL I, HOPL II included both invited papers and papers submitted in response to an open call. The scope also expanded. Where HOPL I had only papers on the early history of languages, HOPL II solicited contributions on:</s>
    <s>early history of specific languages,</s>
    <s>evolution of a language,</s>
    <s>history of language features and concepts, and</s>
    <s>classes of languages for application-oriented languages and paradigm-oriented languages.</s>
    <s>The submitted and invited languages must have been documented by 1982. They also must have been in use or taught by 1985.</s>
    <s>As in HOPL I, there was a rigorous multi-stage review and revision process. The selected papers and authors were:</s>
    <s>Monitors and Concurrent Pascal - Per Brinch Hansen</s>
    <s>Prolog - Alain Colmerauer and Phillipe Roussel</s>
    <s>Icon - Ralph E. Griswold and Madge T. Griswold</s>
    <s>Smalltalk - Alan C. Kay</s>
    <s>ALGOL 68 - C. H. Lindsey</s>
    <s>CLU - Barbara Liskov</s>
    <s>Discrete Event Simulation programming languages - Richard E. Nance</s>
    <s>Forth - Elizabeth Rather, Donald R. Colburn, and Charles H. Moore</s>
    <s>C - Dennis Ritchie</s>
    <s>FORMAC - Jean E. Sammet</s>
    <s>Lisp - Guy L. Steele, Jr. and Richard P. Gabriel</s>
    <s>C++ - Bjarne Stroustrup</s>
    <s>Ada - William A. Whitaker</s>
    <s>Pascal - N. Wirth</s>
    <s>Preprints of the proceedings were published in &quot;SIGPLAN Notices&quot;, volume 28, number 3, March 1993. The final proceedings, including copies of the presentations and transcripts of question and answer sessions, was published as the ACM Press book : &quot;History of Programming Languages&quot;, edited by Thomas J. Bergin and Richard G. Gibson. Addison Wesley, 1996.</s>
    <s>[edit] HOPL III</s>
    <s>HOPL III was held June 9–10, 2007 in San Diego, California. Brent Hailpern and Barbara G. Ryder were the Conference co-Chairs. HOPL III had an open call for participation and asked for papers on either the early history or the evolution of programming languages. The languages must have come into existence before 1996 and been widely used since 1998, either commercially or within a specific domain. Research languages that had a great influence on subsequent programming languages were also candidates for submission.</s>
    <s>As with HOPL I and HOPL II, the papers were managed with a multiple stage review/revision process.</s>
    <s>Accepted Papers for HOPL III were:</s>
    <s>&quot;A history of Erlang&quot; by Joe Armstrong</s>
    <s>&quot;A history of Modula-2 and Oberon&quot; by Niklaus Wirth</s>
    <s>&quot;AppleScript&quot; by William R. Cook</s>
    <s>&quot;Evolving a language in and for the real world: C++ 1991–2006&quot; by Bjarne Stroustrup</s>
    <s>&quot;Self&quot; by David Ungar, Randall B. Smith</s>
    <s>&quot;Statecharts in the making: a personal account&quot; by David Harel</s>
    <s>&quot;The design and development of ZPL&quot; by Lawrence Snyder</s>
    <s>&quot;The development of the Emerald programming language&quot; by Andrew P. Black, Norman Hutchinson, Eric Jul and Henry M. Levy</s>
    <s>&quot;The evolution of Lua&quot; by Roberto Ierusalimschy, Luiz Henrique de Figueiredo, and Waldemar Celes</s>
    <s>&quot;A history of Haskell</s>
    <s>&quot;The rise and fall of High Performance Fortran</s>
    <s>&quot;The when, why and why not of the BETA programming language&quot; by Bent Bruun Kristensen, Ole Lehrmann Madsen, Birger Møller-Pedersen</s>
    <s>The HOPL III programming languages can be broadly categorized into five classes (or paradigms): Object-Oriented (Modula-2, Oberon, C++, Self, Emerald, and BETA), Functional (Haskell), Scripting (AppleScript, Lua), Reactive (Erlang, StateCharts), and Parallel (ZPL, High Performance Fortran). Each HOPL III paper describes the perspective of the creators of the language.</s>
    <s>[edit] External links</s>
    <s>Official HOPL III conference website</s>
    <s>HOPL: an interactive Roster of Programming Languages</s>
    <s>History of Programming Languages Conference Records 1972-1993. Charles Babbage Institute, University of Minnesota, Minneapolis.</s>
    <s>A history of the history of programming languages by Thomas J. (Tim) Bergin</s>
    <s>Retrieved from &quot;http://en.wikipedia.org/w/index.php?title=History of Programming Languages&amp;oldid=418656497&quot;</s>
    <s>Association for Computing Machinery</s>
    <s>Computer science conferences</s>
    <s>History of software</s>
    <s>Programming languages conferences</s>
    <s>Hidden categories:</s>
    <s>Articles needing cleanup from December 2009</s>
    <s>All articles needing cleanup</s>
    <s>All articles with unsourced statements</s>
    <s>Articles with unsourced statements from June 2009</s>
    <s>Personal tools</s>
    <s>Log in / create account</s>
    <s>View history</s>
    <s>Main page</s>
    <s>Featured content</s>
    <s>Current events</s>
    <s>Random article</s>
    <s>Donate to Wikipedia</s>
    <s>About Wikipedia</s>
    <s>Community portal</s>
    <s>Recent changes</s>
    <s>Contact Wikipedia</s>
    <s>What links here</s>
    <s>Related changes</s>
    <s>Upload file</s>
    <s>Special pages</s>
    <s>Permanent link</s>
    <s>Cite this page</s>
    <s>Create a book</s>
    <s>Download as PDF</s>
    <s>Printable version</s>
    <s>This page was last modified on 13 March 2011 at 19:22.</s>
    <s>Text is available under the Creative Commons Attribution-ShareAlike License; additional terms may apply. See Terms of use for details.</s>
    <s>Wikipedia® is a registered trademark of the Wikimedia Foundation, Inc., a non-profit organization.</s>
    <s>Contact us</s>
    <s>Privacy policy</s>
    <s>About Wikipedia</s>
    <s>Mobile view</s>
    <s>Please use the preview button before saving. e)</s>
  </text>
</page>
