<?xml version="1.0" encoding="UTF-8"?>
<!DOCTYPE page SYSTEM "page.dtd">
<page>
  <lang>en</lang>
  <url>http://azsa.org/index.cfm%3FpID%3D4581</url>
  <title>ASA - Arizona School Administrators: Award Programs &amp; Nominations</title>
  <snippet>
    <s>ASA Arizona School Administrators Nomination deadline: April 15, 2011 At the ASBA/ASA Superintendents Division joint convention, we will present three </s>
  </snippet>
  <text>
    <s>!ASA Arizona School Administrators</s>
    <s>ASA BenefitsMembershipASA Business PartnersASA ApplicationsLegal Services</s>
    <s>SuperintendentsEducational ServicesHigher EducationSecondaryMiddle LevelElementary</s>
    <s>Award WinnersPrograms &amp; Nominations</s>
    <s>ASA Business PartnersOur Business Partners</s>
    <s>Job OpeningsASA UpdateLegislative CornerLegal ServiecsLegal Services Request Form</s>
    <s>!Award Programs &amp; Nomination Forms</s>
    <s>We are proud to support several awards programs that recognize outstanding Arizona administrators for their professionalism, dedication, leadership, and exemplary contributions to education.</s>
    <s>Please review the various award programs, and submit your nominations by the indicated deadlines. Best wishes!</s>
    <s>!NAESP National Distinguished Principal</s>
    <s>Established in 1984, The National Distinguished Principals Program annually honors exemplary elementary and middle school principals who set the pace, character, and quality of the education children receive during their early school years.</s>
    <s>Nominations Closed</s>
    <s>!MetLife/NASSP Principal of the Year</s>
    <s>This program began in 1993 as a means to recognize outstanding middle level and high school principals. It honors secondary school principals for their exemplary contributions to their profession as well as having succeeded in providing high-quality learning opportunities for students.</s>
    <s>Nominations Closed</s>
    <s>!NASS/Virco Assitant Principal of the Year</s>
    <s>This award recognizes secondary school assistant principals for their dedication and success in school leadership. It was established in 2004.</s>
    <s>Nominations Closed</s>
    <s>!Dr. Raymond Leadership Award</s>
    <s>ASA established the Dr. Raymond Sterling Kellis Leadership Award to recognize the outstanding life-long contributions Dr. Raymond Sterling Kellis made to leadership in education in our state. ASA presents this award to a person who most exemplifies the leadership style of the late Dr. Kellis. This is a singular award given at the discretion of the ASA Executive Board at the summer conference on the occasion that an applicant/nominee is deemed to have met the criteria.</s>
    <s>Nomination deadline: April 15, 2011</s>
    <s>!All Arizona Superintendent</s>
    <s>At the ASBA/ASA Superintendents Division joint convention, we will present three significant awards to three outstanding superintendents.</s>
    <s>Nominations Closed</s>
    <s>!ASA Distinguished Administrator</s>
    <s>ASA will honor a distinguished administrator from each division (elementary, secondary, middle level, superintendents, educational services, and higher education) at our annual summer conference. Selections will be made by committee.</s>
    <s>Nominations Closed</s>
    <s>!Elementary Rookie Principal of the Year</s>
    <s>At our summer conference, The Elementary Division of ASA will honor an elementary rookie principal (1 - 3 years). A committee from the Elementary Division selects the winner.</s>
    <s>Nomination Deadline: April 29, 2011</s>
    <s>!Nomination Forms</s>
    <s>NAESP National Distinguished Principal</s>
    <s>MetLife/NASSP Principal of the Year</s>
    <s>NASSP/Virco Assistant Principal of the Year</s>
    <s>Dr. Raymond Sterling Kellis Leadership</s>
    <s>All Arizona Superintendent</s>
    <s>ASA Distinguished Administrator</s>
    <s>Elementary Rookie Principal of the Year</s>
    <s>!Award Program Nominations and Forms</s>
    <s>Copyright (C)2011 Arizona School Administrators | Site designed and maintained by School Webmasters</s>
  </text>
</page>
