<?xml version="1.0" encoding="UTF-8"?>
<!DOCTYPE page SYSTEM "page.dtd">
<page>
  <lang>en</lang>
  <url>http://icmm2.ensmp.fr/%3Fpage%3D4</url>
  <title>Local Organizing Committee - 2nd ICMM - MINES ParisTech</title>
  <snippet>
    <s>2nd International Conference on Material Modelling. 2 ICMM &middot; Scientific Objectives &middot; Main Topics &middot; Location &middot; Local Organizing Committee &middot; Conference Program </s>
  </snippet>
  <text>
    <s>2nd International Conference on Material Modelling</s>
    <s>2nd ICMM</s>
    <s>Scientific Objectives</s>
    <s>Main Topics</s>
    <s>Local Organizing Committee</s>
    <s>Conference Program</s>
    <s>Conference Proceedings</s>
    <s>Conference Fees</s>
    <s>Technical details for presentations</s>
    <s>Scientific Committee</s>
    <s>Flyer download</s>
    <s>Social Events</s>
    <s>Local Organizing Committee</s>
    <s>Jacques Besson</s>
    <s>Samuel Forest</s>
    <s>Georges Cailletaud</s>
    <s>Matthieu Mazi</s>
    <s>Thilo Morgeneyer</s>
    <s>David Ryckelynck</s>
    <s>Sabine Cantournet</s>
    <s>Centre des Materiaux</s>
    <s>Mines ParisTech</s>
    <s>email: icmm2@mat.ensmp.fr</s>
  </text>
</page>
