<?xml version="1.0" encoding="UTF-8"?>
<!DOCTYPE page SYSTEM "page.dtd">
<page>
  <lang>en</lang>
  <url>http://ictde2011.com/page/proposals_guidlines.html</url>
  <title>PROPOSAL GUIDELINES</title>
  <snippet>
    <s>All participants are welcome to take an active part in our conference. please be aware that you may be invited to create a poster instead of a presentation. </s>
  </snippet>
  <text>
    <s>ABOUT ICTDE</s>
    <s>CONFERENCE THEMES</s>
    <s>KEYNOTE SPEAKERS</s>
    <s>INVITED SPEAKERS</s>
    <s>CONFERENCE PROGRAM</s>
    <s>STEERING COMMITTEE</s>
    <s>ORGANIZING COMMITTEE</s>
    <s>SCIENTIFIC COMMITTEE</s>
    <s>BEST PRACTICE COMMITTEE</s>
    <s>TRAVEL PROGRAMS</s>
    <s>ABOUT JUBAIL &amp; AL ASHA</s>
    <s>TRAVEL ARRANGEMENTS</s>
    <s>CONFERENCE VENUE</s>
    <s>SOCIAL PROGRAM/TOURS</s>
    <s>PROPOSAL SUBMISSION</s>
    <s>PROPOSAL GUIDELINES</s>
    <s>ONLINE SUBMISSION</s>
    <s>INVITATION LETTER</s>
    <s>REGISTER NOW</s>
    <s>OBTAINING YOUR VISA</s>
    <s>ICTDE EXHIBITION</s>
    <s>ABOUT THE EXHIBITION</s>
    <s>FLOOR PLAN</s>
    <s>EXHIBITOR'S LIST</s>
    <s>BOOK YOUR SPACE</s>
    <s>FAQ's FOR VISITORS</s>
    <s>Home Contact Us عربي</s>
    <s>26-30 November 2011</s>
    <s>01-05 Muharram 1433</s>
    <s>JOIN OUR NETWORK</s>
    <s>PROPOSAL GUIDELINES</s>
    <s>International Conference for Talent Development and Excellence</s>
    <s>2nd Conference of the IRATDE, Jubail, Kingdom of Saudi Arabia | November 26 - 30, 2011</s>
    <s>Proposal submission: January 1, 2011 - June 30, 2011</s>
    <s>Acceptance notification: July 31, 2011</s>
    <s>With great pleasure we invite you to participate in the 2nd Conference of the International Research Association for Talent Development and Excellence (IRATDE) in Jubail, Saudi Arabia, from 26 until 30 November 2011</s>
    <s>Conference Theme</s>
    <s>The theme for our conference 2011 is:</s>
    <s>Talent &amp; Excellence: Parallel Paths - New Beginnings</s>
    <s>Call for Proposals</s>
    <s>All participants are welcome to take an active part in our conference.</s>
    <s>The conference offers two strands: a scientific strand and a best practice strand. Each strand includes three different proposal formats: presentations, posters and symposiums. All formats will be reviewed in our peer feedback process.</s>
    <s>The conference language is English. However, there will be special presentations in Arabic as well. In addition, all keynote speeches will be simultaneously translated in Arabic.</s>
    <s>If you wish to submit a proposal, please, read the following instructions:</s>
    <s>1A. SCIENTIFIC STRAND</s>
    <s>1.a) Presentations:</s>
    <s>Papers will be presented together with other conceptually linked papers in a paper session. Each presentation will last 20 minutes followed by 10 minutes of scheduled time for discussion and questions.</s>
    <s>In the event that there are too many presentations, please be aware that you may be invited to create a poster instead of a presentation.</s>
    <s>1.b) Posters:</s>
    <s>Posters are also linked thematically in groups of four. Each poster should be introduced with a brief oral description. After this introduction there will be time to discuss the posters of one thematic group.</s>
    <s>1.c) Symposia:</s>
    <s>Symposiums present thematically related research addressing significant problems or controversies. Symposia bring together leading researchers to present current developments and planned research directions. Each symposium should include three conceptually linked presentations. After a short introduction by the convener, each presentation will last 20 minutes. At the end of the symposium there will be a general discussion by a discussant and an opportunity for questions.ns.</s>
    <s>1B. BEST PRACTICE STRAND</s>
    <s>Best practice is the result of an organizational service, function, or process which, when applied to a particular setting, achieves the desired outcome and/or meets or exceeds a benchmark for a standard. A best practice must be evaluated empirically in order to be considered evidence-based practice.</s>
    <s>1.a) Presentations:</s>
    <s>Papers will be presented together with other conceptually linked papers in a paper session. Each presentation will last 20 minutes followed by 10 minutes of scheduled time for discussion and questions.</s>
    <s>In the event that there are too many presentations, please be aware that you may be invited to create a poster instead of a presentation.</s>
    <s>1.b) Posters:</s>
    <s>Posters are also linked thematically in groups of four. Each poster should be introduced with a brief oral description. After this introduction there will be time to discuss the posters of one thematic group.</s>
    <s>1.c) Symposia:</s>
    <s>Symposiums present thematically related best practice examples that already have been evaluated or for which a scientific evaluation is planned. Symposia bring together leading practitioners and administrators to present current developments and best practice examples from different countries. Each symposium should include three conceptually linked presentations. After a short introduction by the convener, each presentation will last 20 minutes. At the end of the symposium there will be a general discussion by a discussant and the opportunity for questions.</s>
    <s>2. DEADLINES AND GUIDELINES FOR SUBMISSION</s>
    <s>2.a) Submission of abstract and summary</s>
    <s>Your proposal should include an abstract (max. 300 words; incl. references). Please submit your proposals online according to the instructions detailed on the Online submission page from the homepage menu.</s>
    <s>2.b) Review process</s>
    <s>Scientific Strand:</s>
    <s>Your paper, poster or symposium proposal will be reviewed by two experts.</s>
    <s>In order to be accepted for presentation your proposal should fulfill the following criteria:</s>
    <s>1. Your research should be based in the field of talent development and excellence.</s>
    <s>2. Your proposal should include a clear:</s>
    <s>1. theoretical grounding</s>
    <s>2. statement of the research question</s>
    <s>3. research design</s>
    <s>4. methodology</s>
    <s>5. main result</s>
    <s>6. conclusion</s>
    <s>3. Your research should be significant for the practical or theoretical development of your research field.</s>
    <s>Notifications of acceptance will be sent via e-mail by the end of July, 2011. If your submission is accepted, you will be invited to write a full paper.</s>
    <s>Best practice strand:</s>
    <s>To submit a best practice for our consideration, please provide the following information:</s>
    <s>Name of the main organization, along with any other organizations that are participating in the best practice</s>
    <s>Brief description of the identified need</s>
    <s>Brief description of the theoretical background</s>
    <s>Brief description of the best practice</s>
    <s>Description of the talents or persons for which the best practice is focused</s>
    <s>Brief description of evaluation results, including any impact on talent development and excellence</s>
    <s>Implications for future practice</s>
    <s>2.c) Submission of full paper</s>
    <s>After the conference full papers of the presentations will be published in books. Full papers should contain max. 4000 words (without abstract and references). The font type should be Times New Roman, 12 point, double-spaced, no hyphenation.</s>
    <s>Please structure your paper clearly and be alert to coherence. Please also try to write with attention to clear language.</s>
    <s>Your paper should consist of the following parts:</s>
    <s>Authors (presenting author listed at first - affiliation - contact address(es) - country)</s>
    <s>Abstract (max. 300 words)</s>
    <s>Keywords (3 to 5 central words)</s>
    <s>Theoretical background (literature review - research problem)</s>
    <s>Research question and hypotheses (for scientific papers) / aim of best practice example (for best practice papers)</s>
    <s>Method (sample - design - materials - procedure) (for scientific papers) / participants and best practice example (for best practice papers)</s>
    <s>Results (statistical techniques - data analyses - results in text, figures and/or tables) (for scientific papers) / results of evaluation (for best practice papers)</s>
    <s>Discussion (conclusions - theoretical/practical implications)</s>
    <s>References (most relevant sources - conform to APA editorial style)</s>
    <s>All full papers will be reviewed.</s>
    <s>2.d) Creation of the presentation or poster</s>
    <s>Having received feedback, you can start to prepare your presentation or your poster.</s>
    <s>Presentations and posters should also consist of the aforementioned elements in the table above.</s>
    <s>As well as a paper presentation, a poster should inform the audience about:</s>
    <s>Title and authors</s>
    <s>Research problem statement or objective of the project</s>
    <s>Hypothesis or research questions</s>
    <s>Method: A description of the sample, design, materials and procedure of the</s>
    <s>Analyses of the study</s>
    <s>Most important results</s>
    <s>Major conclusions, theoretical and/or practical implications</s>
    <s>A poster should be as self-explanatory as possible so that your main job is to supplement the information it contains. To reach this aim, make it clear, structured, concise and attractive.</s>
    <s>General Considerations</s>
    <s>The size of your poster should be ISO A0 in portrait format. Easels and pins will be provided. It is recommended that the presenter has a number of copies of the poster in the form of handouts in ISO A4 format (or the extended summary) to distribute to interested participants.</s>
    <s>Clearness and structure</s>
    <s>The title and authors' names and affiliations should be at the top of the poster.</s>
    <s>Although there is room for flexibility, it is often useful to have panels indicating for example the aims of the research, the methods and subjects involved and the material used. Other panels might highlight the most important results and the conclusions. Diagrams, graphs and tables can be used effectively to visualize results.</s>
    <s>As space is very limited, be sure to present the most important information only and effectively. Don't overcrowd the poster with too much data or too much text.</s>
    <s>The title and the conclusion are the most important &quot;eye catchers&quot;.</s>
    <s>Make sure that the message you want to convey is transported by the information and not lost in it. Although concise, make sure you give the necessary theoretical information.</s>
    <s>Be aware that your poster is viewed from a distance. Therefore, all text should be large enough to be read from a distance of about 1.5 m. The major titles/subtitles should be in large letters, at least 2-3 cm. There should be enough space between text lines (1.5 - 2 line spaces). You can use background colors (they should not distract) and arrangements of columns or rows to connect portions visually that are related conceptually. Such layouts help guide the audience through the poster. For further reference, you can find an example of a poster here.</s>
    <s>3. BOOK PUBLICATIONS</s>
    <s>Full papers will be published as a chapter in our conference book.</s>
    <s>Publication of full papers (see above) is pending final approval of the scientific committee.</s>
    <s>Looking forward to meeting you in Jubail!</s>
    <s>Organizing committee of the 2011 IRATDE conference.</s>
    <s>Important Links</s>
    <s>Brochure (English)</s>
    <s>Keynote Speakers</s>
    <s>Online Submission</s>
    <s>Best practice guidelines</s>
    <s>Brochure (Arabic)</s>
    <s>MEDIA SPONSORS</s>
    <s>Home | News | About ICTDE | Committies | Travel Programs | ICTDE Exhibition</s>
    <s>visitor counts : 39350</s>
    <s>FAQs | Proposals Submission | Registration | Contact us</s>
  </text>
</page>
