<?xml version="1.0" encoding="UTF-8"?>
<!DOCTYPE page SYSTEM "page.dtd">
<page>
  <lang>en</lang>
  <url>http://acrofiiv.heroku.com/presentation_instructions</url>
  <title>Presentation instructions - ACROFI IV</title>
  <snippet>
    <s>Invited talks are 30 minutes. The conference hall is equipped with a multimedia projector and PC computer. Presentations must be prepared in Microsoft Power </s>
  </snippet>
  <text>
    <s>Scientific program</s>
    <s>Location of Conference</s>
    <s>Thematic Sessions</s>
    <s>Important Dates</s>
    <s>Petroleum FI Workshop</s>
    <s>Scientific Committee</s>
    <s>Organising Committee</s>
    <s>Field Trip</s>
    <s>Social Events</s>
    <s>Fees and Registration info</s>
    <s>Contact us</s>
    <s>Abstract submission</s>
    <s>Presentation instructions</s>
    <s>Transport to Brisbane</s>
    <s>Presentation Instructions</s>
    <s>Oral presentations</s>
    <s>Ordinary oral presentations should be 15 minutes plus 5 minutes for questions. Invited talks are 30 minutes. The conference hall is equipped with a multimedia projector and PC computer. Presentations must be prepared in Microsoft Power Point and uploaded in the conference hall on the day before the talk, or,at the latest, in the morning of the day of talk 20 min before the start of the session.</s>
  </text>
</page>
