<?xml version="1.0" encoding="UTF-8"?>
<!DOCTYPE page SYSTEM "page.dtd">
<page>
  <lang>en</lang>
  <url>http://digitalcommons.macalester.edu/libtech_conf/2011/presenter_info/</url>
  <title>Information for Presenters | Library Technology Conference 2011</title>
  <snippet>
    <s>Dec 15th - Jan 3rd, Conference planners will be in touch with presenters to finalize session details. Jan 3rd, Conference Registration Opens. Feb 11th, Deadline </s>
  </snippet>
  <text>
    <s>Skip to main content</s>
    <s>My Account</s>
    <s>Home &gt; Library Technology Conference &gt; &gt; presenter info</s>
    <s>!Library Technology Conference</s>
    <s>Information for Presenters</s>
    <s>Thank you for your interest in presenting at the the upcoming 2011 Library Technology Conference. We look forward to working with you in order to provide a high quality conference experience for attendees. Below is some information to help you plan your presentation.</s>
    <s>If you have additional questions as you are preparing for your session, please contact laura.wight@msugf.edu or libtechconference@macalester.edu.</s>
    <s>Members of the Concurrent Sessions Program Planning Committee:</s>
    <s>Laura Wight, Montana State University/Great Falls (chair)</s>
    <s>Peter Kirlew, University of Minnesota/Twin Cities</s>
    <s>Deborah Kloiber, St. Catherine University</s>
    <s>Mary Beth Sancomb-Moran, University of Minnesota/Rochester</s>
    <s>Ann Walker-Smalley, Metronet</s>
    <s>IMPORTANT DATES FOR PRESENTERS</s>
    <s>Dec 15th - Jan 3rd</s>
    <s>Conference planners will be in touch with presenters to finalize session details</s>
    <s>Jan 3rd</s>
    <s>Conference Registration Opens</s>
    <s>Feb 11th</s>
    <s>Deadline for presenters to complete online registration process</s>
    <s>Feb 28th</s>
    <s>Deadline for submitting equipment needs for your presentation</s>
    <s>Mar 9th</s>
    <s>Deadline for submitting presentation materials and handouts for conference web site</s>
    <s>Mar 16th-17th</s>
    <s>LibTech 2011 Conference</s>
    <s>CONFERENCE SCOPE</s>
    <s>The Library Technology Conference is intended to be a conference that mixes traditional lecture-style presentations, panel discussions, hands-on workshops, and poster sessions highlighting many of the technologies affecting how users interact with libraries, as well as how libraries are using technology to create new and better ways to manage their resources. The focus is on sessions that are interactive and which provide practical information that will allow participants to apply what they've learned at their own library. The total number of conference participants will be limited to 450 in order to help ensure a quality conference experience and to help facilitate the interactive and hands-on nature of many of the sessions.</s>
    <s>WHO IS EXPECTED TO ATTEND</s>
    <s>Library professionals and technologists from as many as 150 institutions are expected to attend. While the conference attracts a majority of its attendees from the midwest region (Minnesota, Iowa, Wisconsin, as well as North and South Dakota), it is also expected that a significant number will be attending from around the United States as well as from Canada. In previous years, the highest percentage of attendees have come from academic libraries but we also had a high number of participants from public libraries. A smaller number of attendees have come from school (K-12) and special libraries. Because of the wide range of participants, presenters should aim their presentation to be of interest to as wide a library audience as possible.</s>
    <s>PRESENTER REGISTRATION</s>
    <s>Session presenters are encouraged to participate in as much of the conference as their schedule will allow. To help facilitate this and in recognition of their contribution to the conference, presenters are given one-day complimentary registration on the day of their presentation . Presenters who choose to participate in the second day of the conference will be expected to pay the single-day conference registration rate. All conference presenters should complete the online registration process once it is made available in order to indicate lunch and session preferences. Conference registration includes attendance at conference sessions; access to conference presentation materials, participation in sponsor exhibitions and events, continental breakfast, lunch and breaks each day, as well as all other conference-related activities.</s>
    <s>PRESENTATION MATERIALS AND HANDOUTS</s>
    <s>In an effort to keep the conference as 'green' as possible, we ask that presenters only bring printed handouts that are absolutely necessary. All presenters are expected to provide presentation materials (Powerpoint slides, etc) and any additional supporting handouts to be made available to participants on the conference web site and to be placed in the conference repository. The deadline for presenters to do this is Wednesday, March 9th. Submission in PDF or PowerPoint format is preferred. These should be sent to laura.wight@msugf.edu or libtechconference@macalester.edu. Presenters who choose to distribute print handouts are responsible for duplicating these on their own.</s>
    <s>RESOURCES AVAILABLE IN EACH PRESENTATION SPACE</s>
    <s>Wired and wireless internet as well as projection capabilities will be available in all conference presentation spaces. The following resources will also be available upon request by a presenter: laptops (PC or Mac) for use during your presentation; audio equipment for sound files, projection equipment for transparencies, a whiteboard or easel pad, and other audio/visual equipment. Every effort will be made to meet any other needs as requested by presenters. Please contact laura.wight@msugf.edu or libtechconference@macalester.edu with any additional needs.</s>
    <s>LOADING SOFTWARE ON LAB PRESENTATION SPACE COMPUTERS</s>
    <s>We recognize that specific software may need to be installed and made available on presentation and/or lab computers, especially for lab-based hands-on sessions. We will work with presenters to facilitate this prior to the dates of the conference. Presenters needing to have software available should contact laura.wight@msugf.edu or libtechconference@macalester.edu to coordinate this effort.</s>
    <s>SCHEDULING AND FINALIZING SESSION DETAILS</s>
    <s>Session details including final title/description and presenter information for your session need to be completed no later than January 3rd - the date that registration is scheduled to open. Conference planners will be in contract with the primary contact person for each submitted session to coordinate the gathering of this information.</s>
    <s>The final schedule for presentation sessions will be set by that date. Every effort will be made to schedule sessions during time slots that were identified in the proposal submission as a preferred time. However, because a limited number of sessions will be offered during each time slot and some session times are typically heavily requested, we regret that not all specific time requests may be able to be met. We will work with presenters to find a convenient and appropriate time slot for their presentation.</s>
    <s>ADDITIONAL INFORMATION FOR VARIOUS TYPES OF CONCURRENT SESSIONS</s>
    <s>Traditional Lecture-Style Sessions</s>
    <s>Sixty minute lecture-style presentation highlighting a technology, resource or service. Typically having no limit on participants unless one is requested by the presenter. Presenters should plan to leave a few time at the end of their session to respond to questions from participants.</s>
    <s>Hands-On Sessions</s>
    <s>Ninety minute session offering participants a more in-depth, active learning opportunity or hands-on experience working with a technology or learning the details of a software resource. Typically limited to a maximum of 30 participants unless a different maximum number of participants has been requested. Lab spaces will include from 15-30 PC or Macintosh computers and may require session participants to work in groups of two per computer workstation depending on number of conference participants that sign up for the session. Conference participants will also be encouraged to bring their laptop or wireless internet device to the conference for use in some sessions.</s>
    <s>Technology Dialogue / Panel Sessions</s>
    <s>Sixty or ninety minute session offering participants a more in-depth opportunity with a technology-related topic. Should be interactive / active learning experience for participants. Typically no limit on number of attendees unless requested by the presenter(s). Conference participants will also be encouraged to bring their laptop or wireless internet device to the conference for use in some sessions.</s>
    <s>Poster Sessions</s>
    <s>Sessions will include posters and handouts describing and explaining a technology resource or service of interest to libraries. Easels and chairs will be provided. If requested, additional resources (such as table space, computer workstation/laptop, audio/visual equipment, etc) will be provided as availability allows. Primary poster session period will be during the 'poster session reception' to be held on Thursday of the conference. Poster session presenters should plan to be present at their poster to offer further explanation and answer questions during the primary poster seesion time. However, poster session participants are encouraged to set up their poster by 8:00am on Thursday, if possible, and have the poster available for viewing throughtout the day.</s>
    <s>Thanks for participating in the 2011 Library Technology Conference</s>
    <s>Enter search terms:</s>
    <s>Select context to search:</s>
    <s>in this collection in this repository across all repositories</s>
    <s>Notify me via email or RSS</s>
    <s>Author Corner</s>
    <s>Author FAQ</s>
    <s>Submit Session Proposal</s>
    <s>Digital Commons</s>
    <s>Home | About | FAQ | My Account | Accessibility Statement</s>
  </text>
</page>
