<?xml version="1.0" encoding="UTF-8"?>
<!DOCTYPE page SYSTEM "page.dtd">
<page>
  <lang>en</lang>
  <url>http://caspian.switchinc.org/~distlearn/manual/calcom.html</url>
  <title>DLS Manual: Calendar for Committee Chairs</title>
  <snippet>
    <s>Chair committee meetings (see &quot;Checklist for Running a Committee Meeting&quot;, of a committee that take place at one Midwinter or Annual Conference) without </s>
  </snippet>
  <text>
    <s>DLS Manual: Calendar for Committee Chairs</s>
    <s>Distance Learning Section</s>
    <s>Note: This calendar applies to all committee chairs. The Communications, Conference Program Planning, Membership, Nominating, Planning and Discussion Group chairs should also refer to the specialized calendars that follow for tasks specific to your committee.</s>
    <s>September - February</s>
    <s>Members of section committees (ad hoc or standing) are appointed or reappointed by the vice-chair/chair-elect. The vice-chair seeks recommendations and advice on section members interested in serving on committees for terms during year when the vice-chair serves as chair. Committee chairs do not make committee appointments, but are encouraged to make suggestions to the vice-chair/chair-elect. The vice-chair should contact committee chairs for recommendations of members to be reappointed.</s>
    <s>The vice-chair sends a letter of invitation to serve on/chair a committee to all potential appointees and reappointees; the Appointment Acceptance form is included.</s>
    <s>The vice-chair will appoint a chair for each committee.</s>
    <s>New appointees/reappointees: Send Appointment Acceptance forms to the vice-chair.</s>
    <s>Current and incoming chairs: Arrange to discuss the work and direction of the committee and any specific responsibilities which have been assumed by committee members.</s>
    <s>Contact incoming committee members, welcoming them and giving them the schedule for meetings at the Annual Conference. Invite new members to attend the Annual Conference committee meeting as a visitor, to help make the transition a more effective one. Mail copies of Midwinter Conference minutes to incoming members as background.</s>
    <s>Prepare agenda for meetings to be held at Annual Conference; send copies to current and incoming committee members, to the archivist, and to the DLS chair. Include the DLS conference schedule and room assignments. Extra agenda copies should be available at the meeting.</s>
    <s>Contact all current members to verify attendance. Compile list of hotels where members are staying, in case you need to get in touch. Tell committee members where you will be staying.</s>
    <s>Chair committee meetings (see &quot;Checklist for Running a Committee Meeting&quot;, (DLS Section Manual, page 4-16 ).</s>
    <s>Keep minutes for the meeting, or assign committee member to act as secretary.</s>
    <s>Ensure that each member is assigned committee work; let none go &quot;taskless,&quot; including anyone absent from the meeting.</s>
    <s>With committee members, review &quot;Year-End Review&quot; form provided by the archivist, to insure that copies of all vital documents are in the section archives.</s>
    <s>Determine whether any committee members should be considered for removal, as per policy: &quot;It is ALA policy that committee members are expected to attend all meetings. Failure to attend two consecutive meetings or group of meetings (defined as all meetings of a committee that take place at one Midwinter or Annual Conference) without an explanation acceptable to the committee chair constitutes grounds for removal upon request by the chair and approval of the appropriate official or governing board.&quot;</s>
    <s>Attend the DLS Executive Committee and section meetings. Chairs will report on the committee activities. If any committee members are being recommended for removal, the situation should be discussed at Executive Committee, as per ALA policy (see above).</s>
    <s>If you have not done so already, discuss with incoming committee chair the work and direction of the committee and any specific responsibilities which have been assumed by committee members, .</s>
    <s>Incoming chairs: Attend new chair orientation, presented by the past chair.</s>
    <s>Immediately following annual conference</s>
    <s>Incoming committee chairs assume responsibility for the work of the committee immediately after the annual conference. Committee appointments also take effect at that time. The first required meeting for new committee chairs and members is the Midwinter Conference meetings following the appointment. However, new as well as continuing members may be asked to assume committee tasks prior to Midwinter.</s>
    <s>Outgoing/continuing chairs: Submit expense reimbursement requests to the DLS chair by August 1.</s>
    <s>Outgoing/continuing chairs: Within one month of the conference, send copies of the minutes to current and outgoing committee members, and to the archivist. Keep an archival copy with the committee files and file a copy in the DLS Section Manual.</s>
    <s>Outgoing chair: Transfer committee materials and your copy of the DLS Section Manual to the new chair and the inactive files to the section archivist for forwarding to ALA/ACRL official archives at the University of Illinois.</s>
    <s>Outgoing chair: Advise past chair of any corrections, revisions or additions to the section manual.</s>
    <s>Incoming/continuing committee chairs: Prepare a roster of current names/addresses/phone numbers/fax numbers/e-mail addresses of all committee members and distribute the roster to all committee members. If possible, set up an electronic listserv or distribution list for convenient communication between meetings.</s>
    <s>Incoming/continuing chairs: Call any committee members with unexcused absence(s) at annual conference, to encourage participation and to see if the person intends to be active. Give committee assignment(s), as appropriate. Follow up with boilerplate letter, on DLS committee expectations. Let the chair know of anyone who does not respond to the letter.</s>
    <s>Respond to budget information forwarded from the section chair. It is up to the committee chair to anticipate the budget needs of the committee. Requests made in December are for the following fiscal year - September 1 to August 31.</s>
    <s>DLS chair notifies committee chairs of ACRL approved budget.</s>
    <s>Prepare agenda for meetings to be held at Midwinter; send copies to committee members, to the archivist, and to the DLS chair. Include the DLS section conference schedule and room assignments. Extra agenda copies should be available at the meeting.</s>
    <s>Just Prior to Midwinter</s>
    <s>Contact all current members to verify attendance. Compile list of hotels where members are staying, in case you need to get in touch. Tell committee members where you will be staying.</s>
    <s>Midwinter Meeting</s>
    <s>Chair committee meetings (see &quot;Checklist for Running a Committee Meeting&quot;, DLS Section Manual, page 4-16 ).</s>
    <s>Keep minutes for the meeting, or assign committee member to act as secretary.</s>
    <s>Ensure that each member is assigned committee work; let none go &quot;taskless,&quot; including anyone absent from the meeting.</s>
    <s>Submit highlights form to the chair of the Planning Committee before leaving the meeting area.</s>
    <s>Determine whether any committee members should be considered for removal, as per policy: &quot;It is ALA policy that committee members are expected to attend all meetings. Failure to attend two consecutive meetings or group of meetings (defined as all meetings of a committee that take place at one Midwinter or Annual Conference) without an explanation acceptable to the committee chair constitutes grounds for removal upon request by the chair and approval of the appropriate official or governing board.&quot;</s>
    <s>Attend the DLS Executive Committee and section meetings. Chairs will report on the committee activities. If any committee members are being recommended for removal, the situation should be discussed at Executive Committee, as per ALA policy (see above).</s>
    <s>Immediately Following Midwinter</s>
    <s>Within one month of the conference, send copies of the minutes to each committee member, and to the archivist. Keep an archival copy with the committee files and file a copy in the DLS Section Manual.</s>
    <s>Call any committee members with unexcused absence at annual conference, to encourage participation and to see if the person intends to be active. Give committee assignment(s), as appropriate. Follow up with boilerplate letter, on DLS committee expectations. Let the chair know of anyone who does not respond to the letter.</s>
    <s>DLS Home</s>
    <s>Revised May 26, 1999</s>
  </text>
</page>
