<?xml version="1.0" encoding="UTF-8"?>
<!DOCTYPE page SYSTEM "page.dtd">
<page>
  <lang>en</lang>
  <url>http://girardin.org/fabien/presentations/index.html</url>
  <title>Fabien Girardin - Talks</title>
  <snippet>
    <s>People as sensors; people as actors (slides), Data City workshop at the World Information City conference, Paris, France, May 31, 2009. People as sensors </s>
  </snippet>
  <text>
    <s>Fabien Girardin - Talks</s>
    <s>Cities, Networks, Frictions (slides, video), Mobile Design Conference, Barcelona Design Week, Barcelona, Spain, October 21, 2010.</s>
    <s>Network data as material to shape urban strategies, (slides), Lift France 2010, Marseilles, France, July 6, 2010.</s>
    <s>Exploiting Network Data to Assess Urban Strategies (slides, video), BDigital Global Congress, Barcelona, Spain, May 20, 2010.</s>
    <s>When mobile technologies get embedded in our streets (video), NOW, Centre de Cultura Contemporania de Barcelona, Spain, March 27, 2010.</s>
    <s>Mieux comprendre l'espace physique a partir des activites numeriques (slides, video), Conference Technokark 2010, Sierre, Switzerland, January 29, 2010.</s>
    <s>Analysis of Visitors from their Digital Activities (slides), The First International Conference on the Measurement and Economic Analysis of Regional Tourism, Donostia - San Sebastian, Spain, October 28, 2009.</s>
    <s>Pratiques des nouveaux espaces numeriques (slides, video), La Terre Vue du Web, Paris, France, October 7, 2009.</s>
    <s>New maps and practices of hybrid spaces (slides), My Map is Not Your Map workshop, San Sebastian, Spain, September 23, 2009.</s>
    <s>Considerations on the recorded, quantified, communicated and apprised self (slides), Information Kinetics- Egoviz, San Sebastian, Spain, August 19, 2009.</s>
    <s>Considerations on the recorded, quantified, communicated and apprised self (slides), Information Kinetics- Egoviz, San Sebastian, Spain, August 19, 2009.</s>
    <s>&quot;Not So&quot; Volunteered Geographic Information (slides), International Citizen Cartography meeting, Gijon, Spain, July 30, 2009.</s>
    <s>People + technology + space (slides, video), Design Hub Barcelona session on New Landscapes - Architecture Beyond Leisure, Barcelona, Spain, June 4, 2009.</s>
    <s>People as sensors; people as actors (slides), Data City workshop at the World Information City conference, Paris, France, May 31, 2009.</s>
    <s>People as sensors; people as actors (slides, video, interview), Workshop on &quot;La Ciudad Hibrida&quot;, Sevilla, Spain, May 12, 2009.</s>
    <s>La ville 2.0 existe deja, on l'a rencontree (slides), Villes 2.0 &amp; Co, Paris, France, January 8, 2009.</s>
    <s>From Sentient to Responsive Cities (slides, video), Visualizar Database City workshop at MediaLab Prado, Madrid, Spain, November 3, 2008.</s>
    <s>From Sentient to Responsive Cities (slides), Workshop on Intelligent Cities of the Next Generation, Barcelona, Spain, June 26, 2008.</s>
    <s>Reveler le pouls de la ville (slides), Salon 'Immo TIC - Domo TIC AGORA, Sophia Antipolis, France, December 7, 2007.</s>
    <s>Mapping of city dynamics (slides), Mobile Monday Barcelona, Spain, December 3, 2007.</s>
    <s>The Design of Everyday Pervasive Things (slides), Picnic Conference, Amsterdam, Netherlands, September 29, 2007.</s>
    <s>Embracing the Real World's Messiness (slides, video), Lift Conference, Geneva, Switzerland, February 9, 2007.</s>
    <s>People-centric sensing in the city of the near future (slides), YahooResearch seminar, Barcelona, Spain, January 22, 2009.</s>
    <s>Integration des technologies et de l'intelligence ambiante dans les environnements urbains (slides), Forum Chronos, Paris, France, November 24, 2008.</s>
    <s>Location-Aware Applications in the City (slides), MIT SENSEable City Lab, Boston, USA, May 23, 2007.</s>
    <s>Bridging the Social-Technical Gap in Location-Aware Computing (slides), Urban Mapping, San Francisco, USA, April 27, 2007.</s>
    <s>(C) 2010 - Fabien Girardin</s>
  </text>
</page>
