<?xml version="1.0" encoding="UTF-8"?>
<!DOCTYPE page SYSTEM "page.dtd">
<page>
  <lang>en</lang>
  <url>http://goodwin.drexel.edu/profiles/Michel_Miller.php</url>
  <title>Michel Miller | Drexel University</title>
  <snippet>
    <s>Administrator Support of special education teachers: defining it and measuring it. Invited research presentation at the 2007 PACASE Convention, Grantville, PA. </s>
  </snippet>
  <text>
    <s>!Drexel Logo</s>
    <s>Drexel Home Site Map</s>
    <s>Go to Colleges/Schools Office/Departments Faculty (by School) Student Organizations</s>
    <s>Goodwin College</s>
    <s>School of Education</s>
    <s>School of Technology &amp; Professional Studies</s>
    <s>Adult Education</s>
    <s>Customized Learning Solutions</s>
    <s>Message from the Dean</s>
    <s>History &amp; Vision</s>
    <s>Faculty &amp; Staff</s>
    <s>Academic Programs</s>
    <s>Certificates &amp; Certifications</s>
    <s>Adult Education</s>
    <s>Certificates &amp; Certifications</s>
    <s>Adult Education</s>
    <s>Areas of Study</s>
    <s>News &amp; Events</s>
    <s>Press Releases</s>
    <s>Center for the Prevention of School-Aged Violence</s>
    <s>Evaluation and Research Network</s>
    <s>Torrance Center</s>
    <s>Multicultural Collaborative</s>
    <s>The Math Forum</s>
    <s>Contact Us</s>
    <s>Overview Message from the Dean History and Vision Faculty and Staff</s>
    <s>• Full-Time Faculty • Advisors • Administration</s>
    <s>Locations Giving</s>
    <s>Dr. Michel L. Miller, Assistant Professor in Special Education, Director of Special Education Programs</s>
    <s>Program(s) Association(s):</s>
    <s>B.S., BS in Education, BS/MS in Education</s>
    <s>M.S., MSSI, Masters of Science in Special Education</s>
    <s>Doctoral Ed. D. &amp; Ph.D.</s>
    <s>Certification All Teaching Certs</s>
    <s>Certificate Autism Spectrum Disorders &amp; Special Education Leadership</s>
    <s>Doctor of Philosophy: Teaching &amp; Learning</s>
    <s>Doctor of Philosophy: School System Leadership</s>
    <s>Supervisory Certification: Special Education Administration</s>
    <s>Master of Education: Special Education</s>
    <s>Bachelor of Science: Elementary Education and Early Childhood</s>
    <s>Areas of Expertise:</s>
    <s>Educational Administration</s>
    <s>Special Education Leadership</s>
    <s>Autism Spectrum Disorders</s>
    <s>High Incident Disabilities</s>
    <s>Research interests:</s>
    <s>Autism Spectrum Disorders</s>
    <s>Special Education Leadership</s>
    <s>Special Education Teacher Support</s>
    <s>Program Evaluation</s>
    <s>Selected Works:</s>
    <s>Hudson Baker, P. &amp; Miller, M. (2009, November - December). CASE monthly web research question results: What is “co-leadership” when administrating programs for special education? In CASE, 50(8), 6 – 7, 10.</s>
    <s>Miller, M. (2009, July - August). CASE monthly web research question results: What activities do special education professionals consider as important for their building level administrator and district level administrator to provide to them? In CASE, 50(6), 11 – 16.</s>
    <s>Miller, M. &amp; Hudson Baker, P. (2009, May - June). CASE monthly web research question results: What are the needs of beginning special education administrators? In CASE, 50(5), 6 – 10.</s>
    <s>Miller, M. (2009, January - February). CASE monthly web research question results: What activities do administrators consider as important for supporting special education teachers? In Case, 50(4), 12 – 15.</s>
    <s>Bessell, A., Mesler, J., Miller, M. &amp; Elbaum, B., (2009). Handbook for teachers of hospital / homebound students. Florida Department of Education.</s>
    <s>Miller, M. &amp; Scala, G. (2010, April - Accepted) How principals and special education leaders can support special education teachers. Research to be presented at the 2010 National CEC Convention, Nashville, TN.</s>
    <s>Miller, M. &amp; Hudson Baker, P. (2010, April - Accepted) Addressing the needs of new special education administrators: Mentoring and beyond. Research to be presented at the 2010 National CEC Convention, Nashville, TN.</s>
    <s>Miller, M. &amp; Hudson Baker, P. (2009, November). Special education administrators: From needing to leading. Research to be presented at the 2009 National CASE Convention, San Diego, CA.</s>
    <s>Grdina, M. &amp; Miller, M. (2009, October). Physics at the art museum. Informative presentation for the 2009 NSTA Fort Lauderdale Area Conference on Science Education, Fort Lauderdale, FL.</s>
    <s>Urias, D. &amp; Miller M. (2009, April) Evaluation of international education masters programs based on standards and benchmarks. Research presented at the AERA National Conference, San Diego, CA.</s>
    <s>Miller, M. (2009, April) Administrator support of special education teachers scale (ASSETS): Put in practice. Research presented at the AERA National Conference, San Diego, CA.</s>
    <s>Miller, M. (2008, April) Administrator support of special education teachers: theory to practice. Research presented at the 2008 National CEC Convention, Boston, MA.</s>
    <s>Miller, M. (2008, February) Overview of special education and differentiated instruction. Invited presentation for the Transition to Teachers’ fellows at Drexel University, Philadelphia, PA</s>
    <s>Miller, M. (2007, November). Administrator Support of special education teachers: defining it, measuring it, and applying the model. Invited research presentation at the 2007 National CASE Convention, Long Beach, CA.</s>
    <s>Miller, M. (2007, November). Administrator Support of special education teachers: defining it and measuring it. Invited research presentation at the 2007 PACASE Convention, Grantville, PA.</s>
    <s>Miller, M., &amp; Scala, G. (2007, July). Framework for connecting and implementing state performance plans and processes. Invited presentation at the 2007 Special Education Leadership Summer Academy, Bedford Springs, PA.</s>
    <s>Miller, M. (2007, April). Administrator Support of special education teachers: defining it and measuring it. Poster session presented at the Citizen’s Board Research &amp; Creativity Forum, University of Miami, Miami, FL.</s>
    <s>Miller, M. (2006). Understanding Special Education. Invited presentation for Law school at the University of Miami, Miami, FL</s>
    <s>Dietz, S., Dixon, J., Miller, M., &amp; Montague, M. (2005, April). Longitudinal Study of Co-Morbid Disorders in Children and Adolescents. Research presented at the National Council for Exceptional Children Conference, Baltimore, MD.</s>
    <s>!Dr. Michel L. Miller, Assistant Professor in Special Education, Director of Special Education Programs</s>
    <s>Dr. Michel L. Miller, Assistant Professor in Special Education, Director of Special Education Programs</s>
    <s>School: School of Education</s>
    <s>Telephone: 215-895-0219</s>
    <s>Email: mlm334@drexel.edu</s>
    <s>Fax: 215-895-5879</s>
    <s>Office: 215-895-0219</s>
    <s>Quick Links:</s>
    <s>Adult Education</s>
    <s>School of Education</s>
    <s>School of Technology and Professional Studies</s>
    <s>Customized Learning Solutions</s>
  </text>
</page>
