<?xml version="1.0" encoding="UTF-8"?>
<!DOCTYPE page SYSTEM "page.dtd">
<page>
  <lang>en</lang>
  <url>http://icst.org/evaluate-conference-community-oriented-societies/</url>
  <title>Evaluate Conference: Community-Oriented Societies ICST: Institute ...</title>
  <snippet>
    <s>The key factor is the need for a new validation currency. Your opinion on the proposed Conference. (Please rate on Technical Program Committee Member </s>
  </snippet>
  <text>
    <s>THE FIRST WEB MODERATED PROFESSIONAL SOCIETY</s>
    <s>Driving the ICT Revolution in Service of Humanity</s>
    <s>Login | Sign up | Contact</s>
    <s>About Us</s>
    <s>Home &gt; Evaluate Conferences &gt; Evaluate Conference: Community-Oriented Societies</s>
    <s>ICST AGORA</s>
    <s>Evaluate Conference: Community-Oriented Societies</s>
    <s>Just before the web emerged, many tiny but significant symptoms of new ways to organize human gathering and communication showed up.</s>
    <s>The epitome &quot;Network Society&quot; and &quot;Online Communities&quot; were premature intuitions on where both media, economies and social restructuring would bring us at the dawn of the 2nd decade of the 21st century.</s>
    <s>Three major sectors have been restructured lately: Education, Care and Finances. Its underlying trend is the shift from trust-based into evidence-based and back into trust-based. The key factor is the need for a new validation currency. From institutional into community anchorage. This conference addresses the recent phenomena from nationalised, via privatised into cooperation-wise ventures. We see the growing need for bridging scientific, ideological and pragmatic understanding and offer you the opportunity to witness the world top experts as keynote speakers and build your own network among international specialists in working groups and discussions.</s>
    <s>Your opinion on the proposed Conference</s>
    <s>(Please rate on the scale of 1 to 5: 5 being of highest value)</s>
    <s>1. Topical relevance to be the field of Information and Communication technology (ICT)?</s>
    <s>2. Scientific value?</s>
    <s>3. Topical scope is appropriate to the complexity of the topic?</s>
    <s>4. How likely are you to submit a paper?</s>
    <s>5. How likely are you to attend the event without submitting a paper?</s>
    <s>6. Would you be interested to volunteer as a member of the event’s Planning Committee?</s>
    <s>Yes No</s>
    <s>If Yes, please select preferred role of interest and visit ICST Conference Organizing Manual to learn more about the current roles, responsibilities and general procedures that apply. If interested to pursue, please visit Agora page.</s>
    <s>General Chair</s>
    <s>Workshops Chair</s>
    <s>Tutorial Chair</s>
    <s>Technical Program Committee Chair</s>
    <s>Workshop Chair</s>
    <s>Session Chair</s>
    <s>Technical Program Committee Member</s>
    <s>Sponsorship Chair</s>
    <s>Local Chair</s>
    <s>Publications Chair</s>
    <s>Panels Chair</s>
    <s>Web Chair</s>
    <s>Publicity Chair</s>
    <s>Demos and Exhibits Chair</s>
    <s>Student Volunteers</s>
    <s>7. If you have a corporate affiliation, would your organization be interested in providing financial sponsorship for Conference on Social Networks in ICT?</s>
    <s>Yes No</s>
    <s>If you answered Yes, please specify the exact nature of your proposed cooperation:</s>
    <s>8. If you have a media affiliation, would your organization be interested in becoming a media partner of Conference on Social Networks in ICT?</s>
    <s>Yes No</s>
    <s>If you answered Yes, please specify the exact ways in which you could contribute to the promotion and coverage of the event:</s>
    <s>9. Do you have any general comments and suggestions?</s>
    <s>Your Name</s>
    <s>Your CV (Max. 1500 Words)</s>
    <s>Your e-mail:</s>
    <s>Print This Post</s>
    <s>Evaluate Conferences</s>
    <s>Evaluate Conference: 1st International ICST Conference on Resilient, Reliable and Robust Complex Networks</s>
    <s>Evaluate Conference: 1st International ICST Conference on Future Cities</s>
    <s>Evaluate Conference: International ICST Conference on Public Safety Communication</s>
    <s>Evaluate Conference: 1st International ICST Conference on Finance IT</s>
    <s>Evaluate Conference: Community-Oriented Societies</s>
    <s>Upcoming Events</s>
    <s>Xi'an - People's Republic of China</s>
    <s>Los Angeles - United States</s>
    <s>Dublin - Republic of Ireland</s>
    <s>Beijing - People's Republic of China</s>
    <s>Malaga - Spain</s>
    <s>Zanzibar - Tanzania</s>
    <s>York - Great Britain</s>
    <s>View all upcoming events</s>
    <s>Join the team for</s>
    <s>recurring events</s>
    <s>View past events</s>
    <s>Digital Forensics Conference Grabs Media Attention in the Middle East</s>
    <s>UCMedia Participants Share their Impressions on YouTube</s>
    <s>CHINACOM Presents a Diverse Program and 9 Best Paper Awards</s>
    <s>All News</s>
    <s>Home | ICST Terms and Ethical Code | Copyright 2010 ICST - All Rights Reserved</s>
  </text>
</page>
