<?xml version="1.0" encoding="UTF-8"?>
<!DOCTYPE page SYSTEM "page.dtd">
<page>
  <lang>en</lang>
  <url>http://dese.mo.gov/commissioner/adminconf/</url>
  <title>Annual Cooperative Conference for School Administrators</title>
  <snippet>
    <s>Online evaluation – Your feedback helps us improve future conferences. Inevitable: Mass Customized Learning, Beatrice McGarvey, co-author, &quot;Inevitable </s>
  </snippet>
  <text>
    <s>Missouri Department of Elementary and Secondary Education - State Board of Education</s>
    <s>skip navigationContact Us | Site Map | Jobs | missouri.gov</s>
    <s>Google Search</s>
    <s>Advanced Search</s>
    <s>About the State Board</s>
    <s>Board Agendas &amp; Minutes</s>
    <s>Board Meeting Schedule</s>
    <s>Commissioner of Education</s>
    <s>Mission, Vision &amp; Goals</s>
    <s>Organizational Chart</s>
    <s>Strategic Plan</s>
    <s>Administrative Memos</s>
    <s>Electronic Mailbag</s>
    <s>DESE Web Application</s>
    <s>Home &gt;&gt; Commissioner of Education</s>
    <s>50th Annual Cooperative Conference</s>
    <s>for School Administrators</s>
    <s>July 31-Aug. 2</s>
    <s>Online evaluation - Your feedback helps us improve future conferences.</s>
    <s>Participants in the Data Fair</s>
    <s>Presentation Materials</s>
    <s>Keynote Presentations</s>
    <s>SMARTER Balanced Assessment</s>
    <s>Susan A. Gendron, policy advisor SMARTER Balanced Assessment Consortium</s>
    <s>Inevitable: Mass Customized Learning</s>
    <s>Beatrice McGarvey, co-author, &quot;Inevitable - Mass Customized Learning</s>
    <s>Pioneers in Education</s>
    <s>Student Speaker</s>
    <s>Michael Tatum</s>
    <s>Commissioner Remarks</s>
    <s>Chris L. Nicastro</s>
    <s>(19 min.)</s>
    <s>National Issues</s>
    <s>Adam Ezring, Council of Chief State School Officials</s>
    <s>(35 min.)</s>
    <s>State Financial Update</s>
    <s>Linda Luebbering, Office of Administration</s>
    <s>Closing Remarks</s>
    <s>Gov. Jay Nixon</s>
    <s>(33 min.)</s>
    <s>Concurrent Sessions</s>
    <s>Topic Presentor(s)</s>
    <s>Slides (PDF)</s>
    <s>Missouri's Workforce Needs and Economic Development</s>
    <s>Mike Downing, Deputy Director; and Sonal Hate, Workforce Research Manager, Dept. of Economic Development</s>
    <s>Strategic Initiative for Economic Growth</s>
    <s>Top 10 by 20: Missouri's Plan for Education Reform</s>
    <s>Stephen Barr, Special Education; Karla Eslinger, Educator Quality; Margie Vandeven, Quality Schools</s>
    <s>Measuring Missouri Students' Growth in Achievement</s>
    <s>Sharon Ford Schattgen, Office of Social and Economic Data Analysis, University of Missouri</s>
    <s>Next Steps for Implementing the Common Core State Standards in English/Communication Arts</s>
    <s>Diane Audsley, Communication Arts Curriculum Consultant</s>
    <s>(52 min.)</s>
    <s>Next Steps for Implementing the Common Core State Standards in</s>
    <s>Cindy Bryant, Mathematics Curriculum Consultant</s>
    <s>(43 min.)</s>
    <s>How Afterschool Programs Support the Show-Me Standards</s>
    <s>Early Learning Utilizing Multiple Funding Sources</s>
    <s>The Missouri Center for Education Safety</s>
    <s>Paul Fennewald, Coordinator, Missouri Office of Homeland Security; Joel Denney, Associate Executive Director, Missouri School Boards Association; and Gary Moore and Chris Ricks, Missouri Center for Education Safety</s>
    <s>Email: Communications</s>
    <s>Phone: 573-751-4212 Fax: 573-751-8613</s>
    <s>Last Revised: September 27, 2011</s>
    <s>Note To Our Users | Online Privacy Policy | Non-Discrimination Policy</s>
  </text>
</page>
