<?xml version="1.0" encoding="UTF-8"?>
<!DOCTYPE page SYSTEM "page.dtd">
<page>
  <lang>en</lang>
  <url>http://ctwomensalliance.com/%3Fpage_id%3D11</url>
  <title>CT Women&#39;s Conference speakers | Author Joan Anderson | Mary ...</title>
  <snippet>
    <s>Sep 9, 2011 CT Women&#39;s Conference speakers include Joan Anderson, author of in other parts of the country and abroad such as Sonoma, California, </s>
  </snippet>
  <text>
    <s>Connecticut Women's Summit 2011</s>
    <s>Register for CWA Summit 2011</s>
    <s>Summit VIP Registration</s>
    <s>Summit Previews</s>
    <s>2011 Woman of Distinction Award</s>
    <s>About the Woman of Distinction Award</s>
    <s>2011 Conference Highlights</s>
    <s>Speaker Form</s>
    <s>Charitable Donation</s>
    <s>Directions to Conference</s>
    <s>Press Room</s>
    <s>WOMEN OF INFLUENCE TO SPEAK AT SUMMIT</s>
    <s>Connecticut Women's Alliance</s>
    <s>Inspiring women to courageously pursue their true purpose!</s>
    <s>About Us</s>
    <s>You are here: Home / Conference / Speakers</s>
    <s>Joan Anderson - Luncheon Keynote</s>
    <s>!Joan Anderson</s>
    <s>Joan Anderson</s>
    <s>Ever since I can remember I have been curious—asking questions, trying to figure out life’s meaning—all in an effort to live fully and get it right. My career began as a stringer reporter for the Gannett newspaper chain. As I practiced the craft of writing, I moved on to photo essays books for children, then the breakthrough book, Breaking the TV Habit , and finally into the genre of memoir. The latter happened quite by accident after I ran away from home, lived a year by the sea on my own, and realized that there was something in this experience worth writing about. So many women I knew wanted or needed to stop the craziness of their lives but had not the will or the ability to do so. By writing my story it has given hundreds of thousands of women the excuse to take themselves away, have their turn, and see who they are beyond the roles that they play.</s>
    <s>The five books that have come out of my experiences have all been best sellers and many have been printed in foreign languages. My big boost came when Oprah called and invited me on her show—not once, but twiceThere have been several appearances on the Today Show, Good Morning America, ten book tours, and numerous articles headlining me as the “woman who got away,” the runaway wife,” or “the woman who took a sabbatical.” Actually, I’m not any one of these descriptions. I am simply a person who wanted to become a scholar of self and soul.</s>
    <s>A vocation has come as a result of my search and my books. I conduct weekends by the sea on Cape Cod for women seeking nourishment and weekend retreats in other parts of the country and abroad such as Sonoma, California, Sedona, Arizona, and Iona, Scotland. Beyond that, I have the pleasure of speaking on women’s topics for organizations throughout the country (see past appearances). I guess you could say that I am truly “as unfinished as the shoreline along the beach, meant to transcend myself again and again.” It is my delight to encourage women to know they too are unfinished.</s>
    <s>Joan Anderson has been writing for thirty years—first for magazines, then features for Gannett Newspapers. Her non-fiction book, Breaking the TV Habit was the forerunner of NO-TV WEEK in schools throughout the country.</s>
    <s>She is the author of 16 children’s books and more recently the author of five memoirs- A Year By the Sea, An Unfinished Marriage, A Walk on the Beach , and A Weekend to Change Your Life , and The Second Journey-The Road Back to Yourself published by Random House and most recently, Hyperion/Voice. She has appeared on Oprah twice in connection with these books as well as the Today Show, Good Morning America, and other local affiliates. Several titles have made it to the New York Times Best Seller List. A Year by the Sea was on the list for 32 weeks. Her books have been translated into 19 languages.</s>
    <s>She runs Weekend by the Sea programs on Cape Cod for women seeking to find themselves beyond the roles that they play. She is a frequent lecturer at conferences throughout the country. She feels strongly that memoir should be less biographical and more universal. Her belief is that as an author, if you don’t pass on universal truths, your work isn’t worth a damn.</s>
    <s>Mary Jones - Emcee</s>
    <s>Mary Jones</s>
    <s>Host of The Mary Jones Show WDRC-AM, and All That &amp; More , NBC Connecticut.</s>
    <s>Believe in Yourselfis Mary's motto. It’s the signature sign-off and overall theme of her radio show, weekly TV segments, keynote speaking, emceeing, and of the books she's  co-authored.  It’s the message of her Girl's Night Out events and Image Workshops.  Mary believes that attitude underlies all our activities - all of our successes and failures spring from our attitude about ourselves. We have the power to create the life we want!  Celebrate life, living and laughter!</s>
    <s>Mary will be Emceeing the conference. Her positive and contagious enthusiasm will enhance your conference experience.</s>
    <s>&quot;Courage and Conviction: Taking the Leap&quot; A panel discussion</s>
    <s>As little girls, we aren’t taught to be courageous, and yet courage is precisely what we need to live fully. Without it, we will miss the greatest opportunities for growth that life presents. The panelists will each bring to the discussion their respective life experiences as women taking the leap and leading their lives with conviction. What does it take to have courage? From where can one summon the guts to get going with difficult projects or choices? How can one lead a more authentic life? These are some of the questions that the panelists will discuss, led by professional moderator, L. Kay Wilson, Esq.</s>
    <s>L. Kay Wilson, Esq., Panel Moderator</s>
    <s>!L. Kay Wilson</s>
    <s>L.Kay Wilson</s>
    <s>Kay is professional speaker, executive coach and facilitator whose passion is developing the leadership of women and increasing their influence. Kay started as a trial attorney with an unconventional habit of speaking truth to power and winning hard cases. Kay was a federal attorney representing the United States Postal Service from 2001 to 2006, where she distinguished herself as an awarding winning developer of innovative training programs for improving the workplace environment and harnessing the power of diversity.</s>
    <s>She headlines regularly as a popular moderator and facilitator of programs featuring panel discussions on relevant current event topics. She is an expert on the issues of gender, diversity, fair uses of power, negotiations and persuasion. Kay recently innovated an executive coaching process called Charm School for Mavericks.</s>
    <s>Teresa Younger</s>
    <s>Theresa Younger</s>
    <s>Teresa Younger is the Executive Director of the Connecticut General Assembly’s Permanent Commission on the Status of Women (PCSW). The PCSW has been the State’s leading force for women’s equality for 38 years by fulfilling its mandate to: study all matters concerning women; inform leaders and the public about the nature and scope of discrimination; promote consideration of women for government positions; and work with State agencies to assess programs and practices as they affect women (per Connecticut General Statute 46a).</s>
    <s>Prior to joining the PCSW, Younger was the Director of Affiliate Organizational Development at the American Civil Liberties Union National Office, where she assisted affiliates throughout the country with organization and management issues. Prior to her tenure with ACLU National, Younger became the first woman and the first African American to serve as Executive Director of the ACLU of Connecticut.</s>
    <s>Younger has a diverse array of policy and management experience, from corporate philanthropy to youth development. She is the president of the board of the Girl Scouts of Connecticut, which serves 44,000 Connecticut girls and is a member of the GSUSA National President’s Advisory Council.</s>
    <s>Younger serves on several other boards including the Women’s Campaign School at Yale University, the Connecticut Women’s Hall of Fame, the Universal Health Care Foundation of Connecticut and the National Association of Commissions for Women. She also serves on the Connecticut Health Foundation’s Health Justice Connecticut Advisory Board and the Academy of Educational Development’s New Voices National Advisory Board. She was identified by the Connecticut NAACP as one of the “100 Most Influential Blacks in the State of Connecticut 2009,” and was named by Hartford Business Journal as one of “2008 Eight Remarkable Women in Business.” Younger has continually been recognized for her commitment to civil rights and civil liberties by numerous organizations.</s>
    <s>She holds a bachelor’s degree from the University of North Dakota and lives in Shelton with her husband, Ronald Preston.</s>
    <s>Dr. Dorothy Martin Neville</s>
    <s>!Dottie Martin Neville</s>
    <s>Dottie Martin Neville, PhD</s>
    <s>Dorothy A. Martin-Neville, PhD, is an international speaker, author, and psychotherapist. Having been refused entry to nursing school because her inner city high school was unaccredited, Dorothy became a Clinical Instructor at a Medical School and the founder of an institute affiliated with over 40 hospitals and medical facilities where her students did medical internships. After being told to become a waitress, Dorothy proceeded to become a nun, an airline stewardess, wife, mother, PhD recipient and more plus living in the Caribbean for almost 10 years. Dorothy’s message is to achieve both success and health by passionately living this journey rather than surviving it and fully becoming more and more of who you are meant to be, throughout your life, one dream at a time…</s>
    <s>Carol A. Harnett, M.S., GBDS</s>
    <s>Carol Harnett</s>
    <s>Benefits Columnist, Human Resource Executive</s>
    <s>Chair, Health and Performance Innovation Institute</s>
    <s>Co-Founder, Friends at Play</s>
    <s>Carol Harnett is a health care consultant as well as a speaker, writer and trendspotter in the fields of health and productivity management, health and performance innovation, and value-based health. She strategizes with a confidential list of employers, insurance companies, consultants, and health and disability industry organizations on customized methods to address employee-related health and disability.</s>
    <s>Carol’s approach focuses on decreased or maintained benefits costs, improved employee performance, corporate profitability, and innovation-within-reach projects. Carol is also a clinical physiologist with broad experience in sports medicine, physical medicine and industrial rehabilitation.</s>
    <s>Carol writes the Benefits column for HR Executive and now includes social media navigation in her consulting practice. You may follow Carol on Twitter via @carolharnett.</s>
    <s>Carol held key positions in the insurance industry as the Vice President and National Disability and Life Practice Leader for The Hartford and The Prudential's Director of Resources and Rehabilitation Services. She currently chairs the Health and Performance Innovation Institute Board and sits on the Boards of Directors of the American College of Sports Medicine Foundation and Disabled Sports / USA as well as numerous industry boards and think tanks.</s>
    <s>Carol received a Bachelor of Science degree in Biological Chemistry from St. Peter’s College and a Master of Science degree in Physiology and Biophysics from Rutgers University.</s>
    <s>Tracy E. Casey, CCDP/AP, Director of Diversity</s>
    <s>Tracy Casey</s>
    <s>Tracy Casey joined Aetna, one of the leading diversified health care benefits companies in the U.S. and around the world, as Director of Diversity in July 2010. In this role, she is responsible for driving and executing Aetna’s Diversity strategy, providing diversity business consulting and ensuring business results are obtained. Further, she manages on-going client relationships, as well as complex, large-scale business initiatives.</s>
    <s>Prior to Aetna, Tracy was Vice President, Senior Manager, Diversity and HR Services at Webster Financial Corporation for close to five years. She was responsible for leading Webster’s Diversity and Work/Life initiatives, managing their HR compliance program and the HR Services Department, and was accountable for ensuring all HR policies supported a progressive culture.</s>
    <s>Previous to Webster, Tracy was employed with Unilever Home and Personal Care – North America for over 17 years. In her last role at Unilever, Tracy was Senior Manager, Diversity and Equal Employment Opportunities where she was responsible for creating and implementing its diversity mission and strategy, launching its Diversity Council and developing diversity educational programs.</s>
    <s>Tracy graduated Cum Laude from Northwestern University with a B.S. in Organization Behavior. She completed Cornell University’s Diversity Management program, achieved Cornell’s Certified Diversity Professional/Advanced Practitioner (CCDP/AP) credential and is currently pursuing her MBA at the University of Connecticut School of Business. She is an elected Board of Education member in the City of Milford, Connecticut, serving her second term, and is on the Board of Directors of the Connecticut Alliance for Business Opportunities (CABO). She has served on the Board of Directors of the Equal Employment Advisory Council in Washington DC, its Executive Committee and Capital Workforce Partners in Hartford, Connecticut. Tracy, her husband and four children reside in Milford, Connecticut.</s>
    <s>Contact Us</s>
    <s>(888) 577-9458</s>
    <s>Join the CT Women's Alliance</s>
    <s>!Email Newsletter icon, E-mail Newsletter icon, Email List icon, E-mail List icon Sign up for our Email Newsletter</s>
    <s>For Email Marketing you can trust</s>
    <s>Seeking talented, dynamic women</s>
    <s>We are seeking dynamic women who would like to help our committee chairs in any of the following categories.</s>
    <s>Sponsorship administration and solicitation</s>
    <s>Public Relations - help us spread the word about our events and programs</s>
    <s>Web site management - help update and maintain the website</s>
    <s>Graphic design - help design and produce print materials</s>
    <s>Talent - help identify and </s>
    <s>Charitable Donation</s>
    <s>The Connecticut Women's Conference has selected the Connecticut Women's Education and Legal Fund as its recipient of a charitable donation from the 2011 conference. More about the CWEALF.</s>
    <s>Can't attend the conference? Please support CWEALF by making a donation.</s>
    <s>Recent Blog Posts</s>
    <s>September 9, 2011 By L. Kay Wilson, Esq. Leave a Comment</s>
    <s>A new episode of the blogtalkradio show, SMART BRAVE STRONG, featuring Kathy McShane of Ladies Who Launch and host, Kay Wilson.  Kathy McShane will … [Read More ]</s>
    <s>September 6, 2011 By L. Kay Wilson, Esq. Leave a Comment</s>
    <s>Please join me in listening to a new episode of SMART BRAVE STRONG featuring Teresa Younger, with me, your host, Kay Wilson.  Teresa and I had a … [Read More ]</s>
    <s>September 4, 2011 By Dorothy Martin Neville Leave a Comment</s>
    <s>A frequent lament of so many is that times are changing in ways we no longer understand.  I can see that yes, the distractions while driving are now … [Read More ]</s>
    <s>Facebook Like Box</s>
    <s>Joan Anderson's Online Retreat</s>
    <s>Dune Grass Wisdom</s>
    <s>Such a surprise!</s>
    <s>One Mother’s Metamorphosis</s>
    <s>Spring Forward (as written in my e-newsletter)</s>
    <s>A Place for Women</s>
    <s>Only 7 days until the CT Women's Alliance Summit - Register Todayhttp://t.co/aHgW0g0g constantcontact about 17 days ago</s>
    <s>Only 12 days until the CT Women's Alliance Summit - Register Todayhttp://t.co/NKLNCSYI constantcontact about 23 days ago</s>
    <s>CT Women's Alliance Summit - Register Todayhttp://t.co/FeVZFlrd constantcontact about 25 days ago</s>
    <s>2011 CT Women's Conference Sponsors</s>
    <s>!Ruby Sponsors</s>
    <s>!Pearl Sponsors</s>
    <s>Supporting Sponsors</s>
    <s>!Cynthia Lang Photography</s>
    <s>Social Slider</s>
    <s>Return to top of page</s>
    <s>Copyright (C) 2011Prose Theme on Genesis FrameworkWordPressLog in</s>
  </text>
</page>
