<?xml version="1.0" encoding="UTF-8"?>
<!DOCTYPE page SYSTEM "page.dtd">
<page>
  <lang>en</lang>
  <url>http://conference.xbrl.org/plenary</url>
  <title>Conference Program | XBRL Conferences</title>
  <snippet>
    <s>Program:Week at a Glance &middot; Conference Program &middot; Tracks </s>
  </snippet>
  <text>
    <s>Chairman's Welcome</s>
    <s>About the Organisers</s>
    <s>Key Contacts for XBRL Conferences</s>
    <s>Past Presentations</s>
    <s>About Montreal</s>
    <s>Things To Do</s>
    <s>Program:Week at a Glance</s>
    <s>Conference Program</s>
    <s>XBRL Training Courses</s>
    <s>How To Participate</s>
    <s>Interactive Legislative Panel</s>
    <s>How to Register</s>
    <s>Registration &amp; Fees</s>
    <s>Are You XBRL Ready? Show Your XBRL Solutions.</s>
    <s>Why Sponsor or Exhibit?</s>
    <s>Sponsorship/Exhibitor Packages &amp; Benefits At-A-Glance</s>
    <s>Participate in the Exclusive XBRL Solutions Track: Interactive Data Made Simpler</s>
    <s>How to reserve your Exhibit booth or Sponsorship</s>
    <s>Sponsor/Exhibitor Manual &amp; Audio/Visual Equipment</s>
    <s>Virtual Exhibit Hall</s>
    <s>Media Center</s>
    <s>Conference News &amp; Press</s>
    <s>Media Contacts</s>
    <s>About XBRL</s>
    <s>Conference Program</s>
    <s>Tuesday, 25 October 2011, 14:00 - 18:00</s>
    <s>Presentations are available at the bottom of the page.</s>
    <s>PS1-Welcome to XBRL22</s>
    <s>Mr Wasim Thaha, XBRL23 Conference Chairman</s>
    <s>PS2- The State of XBRLWelcome WWeWelcA Belgian WelcomeWelcomeW</s>
    <s>Mrs. Arleen Thomas, Chair of XII Board of Directors, Senior Vice President AICPA</s>
    <s>PS3- US SEC</s>
    <s>Mr. Mike Starr, Deputy Chief Accountant, US Securites &amp; Echange Commission</s>
    <s>PS4- Management Information System (MIS) Reporting: Supervisory Expectations for Financial Institutions</s>
    <s>Mr. James Dennison, Managing Director, Operational Risk &amp; Capital, Officeof the Superintendent of Financial Institutions</s>
    <s>PS5- Deposit Insurance Corporation of Ontario (DICO) Implementation in Canada</s>
    <s>Mr. Dan Loney, Vice President, SQL Power Group</s>
    <s>PS6- XBRL in Government</s>
    <s>Mrs. Kim Wallin, State Controller, Nevada USA</s>
    <s>Refreshment Break &amp; Exhibition</s>
    <s>15:25- 15:45</s>
    <s>PS7- Usability of Data</s>
    <s>Mr. Robert Farrell, CEO, EDGAR Online, Inc</s>
    <s>PS8- Interview with Robert Herz</s>
    <s>Mr. Robert Herz, immediate past Chairman, Financial Accounting Standards Board (interviewed by Arleen Thomas, XII Chairman of the Board)</s>
    <s>PS9- Update from US SEC</s>
    <s>Mr. Mike Starr, Deputy Chief Accountant, US SEC</s>
    <s>PS10-How is XBRL being used for Business Performance Panel</s>
    <s>Mr. Mike Willis, Moderator, Senior Partner, PwC</s>
    <s>Panellists: TBA</s>
    <s>PS11- Day1 Wrap up</s>
    <s>Mr Wasim Thaha, XBRL23 Conference Chairman</s>
    <s>AICPA Networking Reception</s>
    <s>XBRL23 Exhibition Hall</s>
    <s>Wednesday, 26 October, 08:45-11:00</s>
    <s>PS12-Welcome &amp; Introductions</s>
    <s>Mr Wasim Thaha, XBRL23 Conference Chairman</s>
    <s>PS13- The State of XBRL International, Inc</s>
    <s>Mr. Anthony Fragnito, CEO, XBRL International, Inc (XII)</s>
    <s>PS14- Roadmap to XBRL Adoption in Canada</s>
    <s>Mr. Gord Beal, Principal, CICA &amp; Mr. Geoff Zakaib, Chairman, XBRL Canada</s>
    <s>PS15- UAE/ Securities &amp; Commodities Authority Implementation Project</s>
    <s>Dr. Ryan Lemand,Senior Economic Advisor and the Head of Risk Management at the Emirates Securities &amp; Commodities Authority</s>
    <s>PS16- IFRS Updates from IASB &amp; Canada</s>
    <s>Mr. Olivier Servais, Director of XBRL Activities at the IFRS Foundation, the oversight body of the IASB, Mr. Gord Beal, Principal Canadian Institute of Chartered Accountants (CICA)</s>
    <s>Break &amp; Exhibitions</s>
    <s>Break Out Sessions Begin</s>
    <s>Track 1: Assurance:Increasing trust and promoting quality in XBRL-tagged information</s>
    <s>Track 2: The Hot Topics: What's New, What's Next</s>
    <s>Track 3: Interactive Data Made Simpler</s>
    <s>Track 4: Streamlining IFRS Reporting with XBRL</s>
    <s>See Tracks for detail</s>
    <s>12:30- 14:00</s>
    <s>Conference Luncheon &amp; Eshibition</s>
    <s>Track 1: Assurance:Increasing trust and promoting quality in XBRL-tagged information</s>
    <s>Track 2: The Hot Topics: What's New, What's Next</s>
    <s>Track 3: Interactive Data Made Simpler</s>
    <s>Track 4: Streamlining IFRS Reporting with XBRL</s>
    <s>See Tracks for detail</s>
    <s>Refreshment Break &amp; Exhibition</s>
    <s>Track 1: Assurance:Increasing trust and promoting quality in XBRL-tagged information</s>
    <s>Track 2: The Hot Topics: What's New, What's Next</s>
    <s>Track 3: Interactive Data Made Simpler</s>
    <s>Track 4: Streamlining IFRS Reporting with XBRL</s>
    <s>See Tracks for detail</s>
    <s>19:00 - 23:00</s>
    <s>Gala Reception and Dinner Event</s>
    <s>Ballroom West- Le Centre</s>
    <s>Thursday, 27 October, 9:00 - 18:00</s>
    <s>Trea TrackTrack 5TrTrack 5: Academic Research &amp; Insight</s>
    <s>Track 6: Integrated Reporting: Trends in Non-financial Disclosure to Stakeholders</s>
    <s>Track 7: Global Implementation and Project Case Studies</s>
    <s>Track 8: XBRL Technology &amp; Practices</s>
    <s>See Tracks for detail</s>
    <s>Refreshment Break &amp; Exhibitions</s>
    <s>Track 5: Academic Research &amp; Insight</s>
    <s>Track 6: Integrated Reporting: Trends in Non-financial Disclosure to Stakeholders</s>
    <s>Track 7: Global Implementation and Project Case Studies</s>
    <s>Track 8: XBRL Technology &amp; Practices</s>
    <s>See Tracks for detail</s>
    <s>Conference Luncheon &amp; Exhibitions</s>
    <s>***NEWInteractive Panel Discussion: New and Anticipated US XBRL Mandated Data Standards and Its Impact on Government &amp; Capital Markets Reporting</s>
    <s>Following video remarks from House Oversight and Government Reform Committee Chairman Darrell Issa(R-CA), join in an interactive discussion featuring David Blaszkowsky from the U.S. Treasury, Kim Wallin, State Controller of Nevada and IMA board member, Deanna Deem, Senior Manager, Congressional and Political Affairs and David Colgren, CEO of the Colcomgroup and Chair of the IMA XBRL Sub-Committee on Advocacy and Adoption of XBRL and strategic advisor to XBRL International.</s>
    <s>Ballroom West</s>
    <s>Track 5:Academic Research &amp; Insight</s>
    <s>Track 6: Integrated Reporting: Trends in Non-financial Disclosure to Stakeholders</s>
    <s>Track 7: Global Implementation and Project Case Studies</s>
    <s>Track 8: Interactve Data Made Simple- XBRL Solutions</s>
    <s>Track 4: Interactive Data Analysis</s>
    <s>Track 5: Academic</s>
    <s>Track 6: XBRL Technology and Best Practices</s>
    <s>Track 7: Interactve Data Made Simple- XBRL Solutions Track 4: Interactive Data Analysis</s>
    <s>Track 5: Academic</s>
    <s>Track 6: XBRL Technology and Best Practices</s>
    <s>Track 7: Interactve Data Made Simple- XBRL Solutions Track 4: Interactive Data Analysis</s>
    <s>Track 5: Academic</s>
    <s>Track 6: XBRL Technology and Best Practices</s>
    <s>Track 7: Interactve Data Made Simple- XBRL Solutions Track 4: Interactive Data Analysis</s>
    <s>Track 5: Academic</s>
    <s>Track 6: XBRL Technology and Best Practices</s>
    <s>Track 7: Interactve Data Made Simple- XBRL Solutions Track 4: Interactive Data Analysis</s>
    <s>Track 5: Academic</s>
    <s>Track 6: XBRL Technology and Best Practices</s>
    <s>Track 7: Interactve Data Made Simple- XBRL Solutions Track 4: Interactive Data Analysis</s>
    <s>Track 5: Academic</s>
    <s>Track 6: XBRL Technology and Best Practices</s>
    <s>Track 7: Interactve Data Made Simple- XBRL Solutions</s>
    <s>See Tracks for detail</s>
    <s>Break BreaBreakBreak &amp; Exhibitions</s>
    <s>Closing Conference Main Stage</s>
    <s>Mr. Wasim Thaha, Chairman, XBRL 23</s>
    <s>CP02- Introduction of Sponsors and XII appreciation</s>
    <s>Mr. Tony Fragnito, CEO XII</s>
    <s>CP03- Sponsor Awards &amp; Drawings</s>
    <s>HIGHLIGHTS FROM XBRL23 TRACK PROGRAMS</s>
    <s>CP04- Assurance:Increasing trust and promoting quality in XBRL-tagged information</s>
    <s>CP05- The Hot Topics: What's New, What's Next</s>
    <s>CP06- Streamlining IFRS Reporting with XBRL</s>
    <s>CP07-Academic Research &amp; Insight</s>
    <s>CP08- Integrated Reporting: Trends in Non-financial Disclosure to Stakeholders</s>
    <s>CP09- Global Implementation and Project Case Studies</s>
    <s>CP10- XBRL Technology &amp; Practices</s>
    <s>CP11- XBRL International Drawings</s>
    <s>Tony Fragnito, CEO, XBRL International</s>
    <s>CP12-Thank you for Coming!**</s>
    <s>Wasim Thaha, Chairman XBRL23</s>
    <s>Conference News &amp; Press</s>
    <s>September 29th, 2011</s>
    <s>XBRL23 Welcomes Association Partners</s>
    <s>September 29th, 2011</s>
    <s>Make your hotel reservations today - special rates last only until October 7, 2011!</s>
    <s>September 15th, 2011</s>
    <s>XBRL23 Welcomes Fujitsu as a Silver Sponsor</s>
    <s>September 7th, 2011</s>
    <s>Attn: ALL Exhibitors / Sponsors - Updated Shipping, Audio/Visual and Customs Information</s>
    <s>XBRL23 On Twitter</s>
    <s>Want to leave XBRL23 with real skills? Sign up today for preconference training. http://t.co/eSb1bdGK Course 1: XBRL ovrvw &amp; 2, 3: XBRL GL</s>
    <s>Integrated reporting next development for XBRL? Hear more at XBRL23 http://t.co/TT18ERzS</s>
    <s>is CFPB getting on board with XBRL and the DATA Act for financial transparency? http://t.co/MHgQWGHR http://t.co/iBJgzMhd xbrl23</s>
    <s>Updated XBRL23 Program Enhancing Business Performance http://t.co/Il75k6Yc</s>
    <s>(C) 2011 XBRL International, Inc.All rights reserved.</s>
    <s>XBRL InternationalUser Login</s>
  </text>
</page>
