<?xml version="1.0" encoding="UTF-8"?>
<!DOCTYPE page SYSTEM "page.dtd">
<page>
  <lang>en</lang>
  <url>http://cse.stfx.ca/~cse09/sub/</url>
  <title>Home ^page</title>
  <snippet>
    <s>The 12th IEEE International Conference on Computational Science and Using the administrator interface You can configure the system, create new reviewers, </s>
  </snippet>
  <text>
    <s>The 12th IEEE International Conference on Computational Science and Engineering (CSE-09)</s>
    <s>Contact: ieee-cse09@googlegroups.com</s>
    <s>!Menu for authors</s>
    <s>Welcome to the MyReview web-based conference management system for The 12th IEEE International Conference on Computational Science and Engineering (CSE-09)</s>
    <s>Please take alternatively the role of the three main types of actors:</s>
    <s>1. Authors As an author, you can submit an abstract for a paper that you intend to submit, using the abstract submission interface . The system will provide you with an id and a password. You can then access the paper submission interface to upload the file of your complete paper.</s>
    <s>2. Reviewers As a reviewer, you can access the reviewing interface , download your papers, submit and update your reviews. You need a login and a password.</s>
    <s>3. Administrator This is the most important role. Using the administrator interface You can configure the system, create new reviewers, enter research topics, evaluation criterias, papers' status codes for your conference, ask reviewers to select their preferred topics, assign manually or automatically papers to reviewers, consult the marks of papers, send mails to everybody, etc.</s>
    <s>Paper submission system -- MyReview</s>
    <s>Copyright: Philippe Rigaux</s>
  </text>
</page>
