<?xml version="1.0" encoding="UTF-8"?>
<!DOCTYPE page SYSTEM "page.dtd">
<page>
  <lang>en</lang>
  <url>http://csta2011.sched.org/event/4a3b97aa8af124419401c796842ab04d</url>
  <title>California Science Education Conference: Coffee Break</title>
  <snippet>
    <s>Check out the schedule and attendee directory for California Science Education Conference.</s>
  </snippet>
  <text>
    <s>California Science Education Conference</s>
    <s>View Full Schedule</s>
    <s>Friday October 21</s>
    <s>to 8:00AM</s>
    <s>Coffee Break</s>
    <s>Coffee service beginning at 7:00 am in the registration area, while supply lasts.</s>
    <s>Sponsored by Molina Healthcare</s>
    <s>Time Friday October 21, 2011 7:00am - 8:00am</s>
    <s>Venue Pasadena Convention Center 300 E. Green Street, Pasadena, CA 91101</s>
    <s>Type Coffee Break</s>
    <s>Host Organization(s) CSTA</s>
    <s>Seats 500</s>
    <s>!Linda Kazibwe-James</s>
    <s>!Jessica Sawko</s>
    <s>!Laura Secord</s>
    <s>!Linda Conn</s>
    <s>!Yanette De La Riva</s>
    <s>!John Fong</s>
    <s>Note: Number reflects attendee interest not registrations or attendance. Get there early</s>
    <s>Sign Up or Log In</s>
    <s>See people you know from Facebook, Twitter &amp; LinkedIn. Create &amp; share your schedule!</s>
    <s>Switch to Grid</s>
    <s>People Directory</s>
    <s>Awards Breakfast</s>
    <s>Coffee Break</s>
    <s>Commercial Workshop</s>
    <s>Environmental Science</s>
    <s>Integrated Science</s>
    <s>Life Science</s>
    <s>Multidisciplinary Science</s>
    <s>Physical Science</s>
    <s>Evening Event</s>
    <s>Earth-Space Science</s>
    <s>Integrated Science</s>
    <s>Exhibit Hall</s>
    <s>Field Course</s>
    <s>Earth-Space Science</s>
    <s>Life Science</s>
    <s>Multidisciplinary Science</s>
    <s>Focus Speaker</s>
    <s>Earth-Space Science</s>
    <s>Multidisciplinary Science</s>
    <s>Physical Science</s>
    <s>General Session</s>
    <s>Multidisciplinary Science</s>
    <s>Short Course</s>
    <s>Earth-Space Science</s>
    <s>Environmental Science</s>
    <s>Life Science</s>
    <s>Multidisciplinary Science</s>
    <s>Physical Science</s>
    <s>Earth-Space Science</s>
    <s>Environmental Science</s>
    <s>Integrated Science</s>
    <s>Life Science</s>
    <s>Multidisciplinary Science</s>
    <s>Physical Science</s>
    <s>Most Popular</s>
    <s>Presenter School/Company</s>
    <s>PD Strand</s>
    <s>Grade Level/Audience</s>
    <s>Presenter School/Company</s>
    <s>3D Molecular Designs &amp; MSOE Center for BioMolecular Modeling</s>
    <s>4-H Youth Development Program</s>
    <s>Abrams Planetarium</s>
    <s>AESP NASA-JPL</s>
    <s>Alameda COE</s>
    <s>Alta Sierra Intermediate School</s>
    <s>Animo Jefferson Charter Middle School</s>
    <s>ANIMO Leadership Charter High School</s>
    <s>Animo Leadership High School</s>
    <s>Ascension Lutheran School</s>
    <s>Astronomical Society of the Pacific</s>
    <s>Bell Gardens Elementary School</s>
    <s>Bella Vista Middle School</s>
    <s>Bemis Elementary School</s>
    <s>Bio-Rad Laboratories</s>
    <s>Biology Department</s>
    <s>Bolsa Grande High School</s>
    <s>California Academy of Sciences</s>
    <s>California Coastal Commission</s>
    <s>California Department of Education</s>
    <s>California Environmental Protection Agency</s>
    <s>California Geological Survey</s>
    <s>California Institute of Technology</s>
    <s>California Project WET</s>
    <s>California State Polytechnic University</s>
    <s>Caltech CCI</s>
    <s>Carolina Biological Supply Company</s>
    <s>Center for Math and Science Education</s>
    <s>Century High School</s>
    <s>Cerritos College</s>
    <s>Cerritos Community College</s>
    <s>Cleveland High School</s>
    <s>Coachella USD</s>
    <s>Connections Academy</s>
    <s>Consumnes Oak High School</s>
    <s>CPO Science-School Specialty Science</s>
    <s>CSU East Bay</s>
    <s>CSU Long Beach</s>
    <s>CSU Long Beach; K-12 Alliance</s>
    <s>CSU Sacramento</s>
    <s>CSU San Diego</s>
    <s>Curriculum &amp; Instruction</s>
    <s>Department of Fish and Game</s>
    <s>Discovery Education</s>
    <s>Division of Chemistry and Chemical Engineering</s>
    <s>Educational Innovations</s>
    <s>Eleanor Roosevelt High School</s>
    <s>Ensign Intermediate School</s>
    <s>Escondido USD; K-12 Alliance</s>
    <s>Exploratorium Teacher Institute</s>
    <s>Fisher Science Education</s>
    <s>Flinn Scientific</s>
    <s>Francisco Bravo Medical Magnet High School</s>
    <s>Fresno COE</s>
    <s>Frey Scientific</s>
    <s>Georgia Institute of Technology</s>
    <s>Get Inspired!</s>
    <s>Gold Coast Science Network</s>
    <s>Graduate Student</s>
    <s>Grand View Elementary School</s>
    <s>Hacienda La Puente USD</s>
    <s>Hanger Prosthetics and Orthotics</s>
    <s>Happy Hollow School</s>
    <s>Heifer International</s>
    <s>Heritage College Ready Academy High School</s>
    <s>Highland High School</s>
    <s>Holland Middle School</s>
    <s>Inner City Education Foundation</s>
    <s>Jet Propulsion Laboratory</s>
    <s>K-12 Alliance</s>
    <s>K-12 Alliance-WestEd</s>
    <s>KQED Public Broadcasting</s>
    <s>Lake Elsinore USD; K-12 Alliance</s>
    <s>Lakewood High School</s>
    <s>LAUSD - ELA MST Center</s>
    <s>Lawrence Hall of Science</s>
    <s>Lennox M. S.</s>
    <s>Lincoln High School</s>
    <s>Long Beach USD</s>
    <s>Los Alamitos High School</s>
    <s>Los Angeles COE</s>
    <s>Loyola High School</s>
    <s>Loyola Mount University</s>
    <s>Matthew Gage Middle School</s>
    <s>Meadows Elementary School</s>
    <s>Menifee Valley Middle School</s>
    <s>Metropolitan Water District of Southern California</s>
    <s>Middle College High School</s>
    <s>Montebello USD</s>
    <s>Monterey Bay Aquarium</s>
    <s>Monterey Bay National Marine Sanctuary</s>
    <s>Mountain Vista School</s>
    <s>NASA Dryden Educator Resource Center</s>
    <s>NASA Jet Propulsion Laboratory</s>
    <s>NASA-AERO Institute</s>
    <s>National Energy Education Development</s>
    <s>National Nanotechnology Infrastructure Network</s>
    <s>Nightingale Middle School</s>
    <s>Nobel Middle School Math</s>
    <s>Northwood High School</s>
    <s>Orinda Intermediate</s>
    <s>Oxnard College</s>
    <s>Pacific Elementary School</s>
    <s>Palm Springs USD-K-12 Alliance</s>
    <s>PASCO scientific</s>
    <s>Pennsylvania State University</s>
    <s>Petaluma High School</s>
    <s>Point Loma Nazarene University</s>
    <s>Polytechnic High School</s>
    <s>Project Learning Tree</s>
    <s>Project WILD</s>
    <s>Purdue University</s>
    <s>Redlands East Valley High School</s>
    <s>Retired Staff Astronomer</s>
    <s>Reuben H. Fleet Science Center</s>
    <s>Reyburn Intermediate School</s>
    <s>Riverside COE</s>
    <s>Roosevelt Elementary School</s>
    <s>Sacramento Area Science Project</s>
    <s>San Diego COE</s>
    <s>San Diego Science Alliance</s>
    <s>San Francisco USD</s>
    <s>San Luis Obispo COE</s>
    <s>San Mateo High School</s>
    <s>San Ramon Valley USD</s>
    <s>Santa Ana Watershed Association</s>
    <s>Santa Barbara COE</s>
    <s>Santa Clara COE</s>
    <s>School of Education</s>
    <s>Science Education Consultant</s>
    <s>Science for Public Understanding Program</s>
    <s>Science Kit-Wards Natural Science</s>
    <s>Sequoia High School</s>
    <s>Sequoia Riverlands Trust</s>
    <s>SETI Institute</s>
    <s>Sierra Intermediate-UC Irvine</s>
    <s>Silicon Valley Education Foundation</s>
    <s>Sobrato High School</s>
    <s>Sonoma County Water Agency</s>
    <s>Sonoma State University</s>
    <s>South Pasadena Middle School</s>
    <s>Southland Instruments</s>
    <s>Space Sciences Laboratory</s>
    <s>Stanford Solar Center</s>
    <s>Stanford University</s>
    <s>Teacher Created Resources</s>
    <s>The Forest Foundation</s>
    <s>The HELP Group</s>
    <s>The Science Collaborative</s>
    <s>Thurgood Marshall Middle School</s>
    <s>Tincher Preporatory School</s>
    <s>Tracy High School; Bio-Rad</s>
    <s>Twelve Bridges Middle School</s>
    <s>UC Berkeley</s>
    <s>UC Davis</s>
    <s>UC Irvine</s>
    <s>UC Los Angeles</s>
    <s>UC Museum of Paleontology</s>
    <s>University of Nevada</s>
    <s>USC Sea Grant</s>
    <s>Ventura COE</s>
    <s>Venture Academy</s>
    <s>Vernier Software &amp; Technology</s>
    <s>Warren High School</s>
    <s>Washington Middle School</s>
    <s>Whitney High School</s>
    <s>Wilson Elementary School; K-12 Alliance</s>
    <s>Windward School</s>
    <s>Wrigley Institute for Environmental Studies</s>
    <s>Classroom Management</s>
    <s>Informal Science</s>
    <s>Preservice Teacher Education</s>
    <s>Science Leadership</s>
    <s>PD Strand</s>
    <s>New Teacher</s>
    <s>Grade Level/Audience</s>
    <s>Tell Everyone You're Attending!</s>
    <s>We use SCHED, the best social event calendar and mobile event apps for conferences and festivals of all sizes.</s>
  </text>
</page>
