<?xml version="1.0" encoding="UTF-8"?>
<!DOCTYPE page SYSTEM "page.dtd">
<page>
  <lang>en</lang>
  <url>http://angelaevanspodiatrists.com.au/about.html</url>
  <title>About - Dr Angela Evans - Podiatrist</title>
  <snippet>
    <s>Western Australian Podiatry Conference, Perth. * Invited Speaker; International Red Cross Ponseti clubfoot seminar for Vietnamese doctors – Ho Chi Minh City </s>
  </snippet>
  <text>
    <s>Dr Angela Evans - Podiatrist</s>
    <s>Research adds weight to growing pains in children</s>
    <s>!Dr Angela measuring a foot</s>
    <s>Link to full article</s>
    <s>UNIVERSITY OF SOUTH AUSTRALIA</s>
    <s>Doctor of Philosophy - Research – Health Science</s>
    <s>UNIVERSITY OF SOUTH AUSTRALIA</s>
    <s>Graduate Diploma of Social Science - Child Development</s>
    <s>AUSTRALIAN ACADEMY OF PODIATRIC SPORTS MEDICINE</s>
    <s>Professional Fellowship</s>
    <s>SOUTH AUSTRALIAN INSTITUTE OF TECHNOLOGY</s>
    <s>Diploma of Applied Science (Podiatry)</s>
    <s>Awards (since 2005)</s>
    <s>Commonwealth Games Commemorative Medal</s>
    <s>Melbourne 2006 Commonwealth Games Corporation</s>
    <s>Best conference presentation</s>
    <s>Australian Podiatry Association Conference, Adelaide</s>
    <s>Special Olympics IX National Games Commemorative Medal</s>
    <s>Adelaide 2010 Special Olympics Australia</s>
    <s>Chancellor's Commendation – University of South Australia</s>
    <s>Special Olympics IX National Games – &quot;Fit Feet&quot;</s>
    <s>Conference presentations (since 2005)</s>
    <s>Wound management protocols in athletes. AAPSM acute injury management seminar, Melbourne *Invited Speaker</s>
    <s>Lower limb growth plate injuries, Sports Medicine Australia (SA)</s>
    <s>Ponseti clubfoot seminars for Vietnamese doctors – Q. Ngai (June), Q. Tri (August) (translated)</s>
    <s>Biomechanics of the foot &amp; ankle.  National Sonography conference, Adelaide*Invited Speaker**</s>
    <s>Biomechanics: current developments, clinical applications, Queensland State Podiatry conference, MooloolabaInvited Speaker</s>
    <s>Common paediatric conditions, Queensland State Podiatry conference, Mooloolaba   Invited Speaker</s>
    <s>Serial casting of infants, SA State podiatry conference, AdelaideInvited Speaker</s>
    <s>Are foot posture and functional health different in children with growing pains? International Pediatric pain forum, Nova Scotia, Canada</s>
    <s>International Red Cross Ponseti clubfoot seminar for Vietnamese doctors – Ho Chi Minh City (translated)* Invited Speaker**</s>
    <s>Sports Medicine Update for GP's, Sports Medicine Australia, AdelaideInvited Speaker</s>
    <s>The flat-footed child. To treat or not to treat, what is the clinician to do? Australasian Podiatry Conference, HobartInvited Speaker</s>
    <s>Paediatric podiatry and clinical research. Australasian Podiatry Conference, Hobart.Invited Speaker</s>
    <s>The flat-footed child - what is the clinician to do. Auckland University of Technology, New Zealand.Magnus Key-note Lecture</s>
    <s>The flat-footed child. To treat or not to treat, what is the clinician to do? Western Australian Podiatry Conference, PerthInvited Speaker</s>
    <s>Paediatric podiatry and clinical research. Western Australian Podiatry Conference, Perth.Invited Speaker</s>
    <s>International Red Cross Ponseti clubfoot seminar for Vietnamese doctors – Ho Chi Minh City (translated)** Invited Speaker**</s>
    <s>Vietcot Ponseti clubfoot seminar for Vietnamese doctors – Hanoi (translated)Invited Speaker</s>
    <s>Key-stone paediatric podiatry seminar - SydneyInvited Speaker</s>
    <s>New Zealand Podiatry Conference, AucklandInvited Speaker</s>
    <s>Society of Chiropodists and Podiatrists Annual conference, Bournemouth, UKInternational Key-note Speaker</s>
    <s>International Red Cross - Ponseti clubfoot seminar for Bangladesh doctors*Invited Speaker/Trainer</s>
    <s>                                                                                                                                                **</s>
    <s>Sports Medicine Update for GP's, Sports Medicine Australia, AdelaideInvited Speaker</s>
    <s>Paediatric assessment, University of Newcastle, Podiatry students – day seminar *Invited Speaker</s>
    <s>The revised paediatric flat foot proforma (p-FFP). Australasian Podiatry Conference, Gold Coast.             </s>
    <s>Restless legs syndrome. Australasian Podiatry Conference, Gold Coast</s>
    <s>Key-stone paediatric podiatry seminar – paediatric assessment, SydneyInvited Speaker</s>
    <s>Key-stone paediatric podiatry seminar – paediatric assessment; hypermobility Auckland *Invited Speaker</s>
    <s>Paediatric screening guidelines – Australian Podiatry Association (SA), Adelaide *Invited Speaker</s>
    <s>Australasian Podiatry Association (Tas) conference - paediatric assessment; joint hypermobility; using the evidence, Hobart *Keynote Speaker</s>
    <s>Australian Diabetes Educators Association – diabetic foot assessment, Adelaide</s>
    <s>International Red Cross - Ponseti clubfoot seminar for Bangladesh doctors*Invited Speaker/Trainer**</s>
    <s>Australasian Podiatry Association (Vic) Paediatrics conference, Melbourne**   Keynote Speaker**</s>
    <s>Australian Podiatry Association (SA) conference - paediatric flatfoot ** *Best paper award **</s>
    <s>Australian Podiatry Association (SA) conference – Diabetic foot – ABCS assessment</s>
    <s>Paediatric flat foot - New Zealand Podiatry Conference, Wellington              </s>
    <s>'Walk for Life' - Ponseti clubfoot seminar for Bangladesh doctors* *Invited Speaker/Trainer**</s>
    <s>Paediatric flat foot: an evidence based approach. Illinois Podiatric Medical Association conference, Chicago, USAKeynote Speaker</s>
    <s>Paediatrics: The year in Review. Evans A. Australasian Podiatry conference, Melbourne, 2011</s>
    <s>Development of a parental report questionnaire for restless legs syndrome (p-RLS) in children: thep-RLSQ. Evans A, Blunden S, Spooner R. Australasian Podiatry conference, Melbourne, 2011</s>
    <s>'Highs and lows' of paediatric foot assessment: separating the wheat from the chaff. Evans A, Burns J (workshop). Australasian Podiatry conference, Melbourne, 2011</s>
    <s>Special Olympics IX National Games, Healthy Athletes Program – 'Fit Feet' (poster). Angela Evans , Meagan Reeve,  Rebecca Rundell , Wen Qi Ng , Daina Walton. Australasian Podiatry conference, Melbourne, 2011.</s>
    <s>Clinical measures of paediatric foot posture: a critical review (poster). Angela Evans , Sheila Scutter, Katherine Kneebone. Australasian Podiatry conference, Melbourne, 2011.</s>
    <s>Paediatric podiatry  – professional peers workshop, AUT University, Auckland, New Zealand. May 14, 2011</s>
    <s>AUT University, New Zealand – paediatrics block teaching, undergraduate students</s>
    <s>Country Health SA – day workshops – podiatrists and physiotherapists - Tanunda, Whyalla, Mt Gambier</s>
    <s>International Red Cross - Ponseti clubfoot seminar for Bangladesh doctors Invited Speaker/Trainer</s>
    <s>About . .</s>
  </text>
</page>
