<?xml version="1.0" encoding="UTF-8"?>
<!DOCTYPE page SYSTEM "page.dtd">
<page>
  <lang>en</lang>
  <url>http://elitineurope.net/node/53</url>
  <title>Conference Participants Should Register Before August 14th ...</title>
  <snippet>
    <s>Jul 31, 2008 Conference Participants Should Register Before August 14th. We ask that conference participants whose papers or works have been accepted </s>
  </snippet>
  <text>
    <s>Electronic Literature in Europe</s>
    <s>Paper Abstracts</s>
    <s>Conference Participants Should Register Before August 14th</s>
    <s>We ask that conference participants whose papers or works have been accepted for this seminar please register on this site as soon as possible. We will not be able to guarantee a place in the program, at the conference dinner, or wireless internet access to people who have not registered by August 14th.</s>
    <s>The abstracts of accepted papers, and descriptions of accepted works, are available on this site (under the &quot;Paper Abstracts&quot; and &quot;Works&quot; tabs). In addition, we will post full papers so that conference participants will be able to read and discuss each other's work in a more detailed way than will be allowed by a short verbal presentation. Please remember to submit your full papers before September 1st.</s>
    <s>About 50 scholars, artists, and writers from all over Europe and from North America will be participating in this seminar. We look forward to an exciting and informative gathering.</s>
    <s>By srettberg at 07/31/2008 - 12:05</s>
    <s>Login to post comments</s>
  </text>
</page>
