<?xml version="1.0" encoding="UTF-8"?>
<!DOCTYPE page SYSTEM "page.dtd">
<page>
  <lang>en</lang>
  <url>http://ahic.nihi.ca/index.php%3FMenuItemID%3D30</url>
  <title>Conference Committee - Conference Organization - Advances in ...</title>
  <snippet>
    <s>Advances in Health Informatics Conference Ms. Shirley Fenton (Chair, Organizing Committee). Vice President and Director / Managing Director. National </s>
  </snippet>
  <text>
    <s>Call for Papers</s>
    <s>Call for Submissions</s>
    <s>Permission to Publish</s>
    <s>Program Schedule</s>
    <s>Submission Dates</s>
    <s>Formatting Instructions</s>
    <s>Paper Review</s>
    <s>Submission Process</s>
    <s>Documents to Download</s>
    <s>Conference Organization</s>
    <s>Contact Us</s>
    <s>PRINTABLE VERSION</s>
    <s>Conference Committee</s>
    <s>Conference Committee</s>
    <s>Prof. Dominic Covvey</s>
    <s>President and Director</s>
    <s>National Institutes of Health Informatics</s>
    <s>Ms. Gail Crook</s>
    <s>CEO and Registrar</s>
    <s>Canadian Health Information Management Association (CHIMA)</s>
    <s>Ms. Shirley Fenton (Chair, Organizing Committee)</s>
    <s>Vice President and Director / Managing Director</s>
    <s>National Institutes of Health Informatics / Waterloo Institute for Health Informatics Research, University of Waterloo</s>
    <s>Dr. John Holmes</s>
    <s>Associate Professor (Medical Informatics in Epidemiology at HUP) / Director, Doctoral Program</s>
    <s>Epidemiology Center for Clinical Epidemiology and Biostatistics, University of Pennsylvania School of Medicine</s>
    <s>Dr. Katrina Hurley</s>
    <s>Assistant Professor (Emergency Medicine) / Director, Medical Informatics</s>
    <s>Division of Medical Education, Dalhousie University</s>
    <s>Dr. Penny Jennett</s>
    <s>Emeritus Professor</s>
    <s>Faculty of Medicine, University of Calgary</s>
    <s>Dr. Andre Kushniruk</s>
    <s>School of Health Information Science, University of Victoria</s>
    <s>Mr. Sam Marafioti</s>
    <s>Vice President, Corporate Strategy &amp; Development / Chief Information Officer</s>
    <s>Sunnybrook Health Sciences Centre</s>
    <s>Dr. Carolyn McGregor</s>
    <s>Canada Research Chair in Health Informatics / Associate Professor</s>
    <s>Faculty of Business and IT / Faculty of Health Sciences, University of Ontario Institute of Technology</s>
    <s>Dr. Tom Rosenal</s>
    <s>Associate Professor Emeritus / Honorary Medical Staff</s>
    <s>Critical Care Medicine, Faculty of Medicine, University of Calgary / Alberta Health Services</s>
    <s>Mr. Paul E. Rummell</s>
    <s>Senior Executive</s>
    <s>Infosys Technologies Ltd.</s>
    <s>Mr. Brendan Seaton</s>
    <s>ITAC Health, Information Technology Association of Canada</s>
    <s>Dr. Nicola Shaw (Chair, Scientific Program Committee)</s>
    <s>Research Chair, Health Informatics/ Associate Professor &amp; Health Services Researcher</s>
    <s>Department of Family Medicine, University of Alberta</s>
    <s>Mr. Doug Tessier</s>
    <s>Senior VP (A), Development and Implementation</s>
    <s>eHealth Ontario</s>
    <s>Official Media Sponsors:</s>
    <s>Conference Hosts:</s>
    <s>Copyright 2009 - 2011 National Institutes of Health Informatics</s>
  </text>
</page>
