<?xml version="1.0" encoding="UTF-8"?>
<!DOCTYPE page SYSTEM "page.dtd">
<page>
  <lang>en</lang>
  <url>http://docwiki.cisco.com/wiki/Cisco_Unified_MeetingPlace_Release_6.1_--_Raw_Meeting_Participant_Information_Data</url>
  <title>Cisco Unified MeetingPlace Release 6.1 -- Raw Meeting Participant ...</title>
  <snippet>
    <s>Mar 28, 2011 Name header text. ASCII text-0 to 17. SpeakingAbility. If participant is allowed to speak in this meeting. SpeakerPlus/Listener. NVUIODsMade </s>
  </snippet>
  <text>
    <s>Please Note: DocWiki is now running on new hardware and a new version of MediaWiki. Please report any problems to docwiki-support@cisco.com.</s>
    <s>Cisco Unified MeetingPlace Release 6.1 -- Raw Meeting Participant Information Data</s>
    <s>From DocWiki</s>
    <s>Jump to: navigation, search</s>
    <s>Cisco Unified MeetingPlace Release 6.1 &gt; Cisco Unified MeetingPlace Audio Server &gt; Maintaining &gt; Running Reports &gt; About Raw Data Reports &gt; Raw Data Export Specifications</s>
    <s>Table: Raw Meeting Participant Information Data describes raw meeting participant information data.</s>
    <s>Table: Table C-5 Raw Meeting Participant Information Data</s>
    <s>Field Name Description Type of Value, and Size</s>
    <s>Meeting participant identification number</s>
    <s>An unsigned integer</s>
    <s>Unique conference number assigned to records for meetings that were successfully scheduled</s>
    <s>An unsigned integer</s>
    <s>User ID of participant</s>
    <s>ASCII text-0 to 17</s>
    <s>Seconds participant spent in meeting (voice)</s>
    <s>An unsigned integer</s>
    <s>Seconds participant spent in meeting (workstation)</s>
    <s>An unsigned integer</s>
    <s>Seconds participant spent on outdials</s>
    <s>An unsigned integer</s>
    <s>Participant name recording</s>
    <s>Recorded/Not Recorded</s>
    <s>Number of outdials initiated by this participant</s>
    <s>An unsigned integer</s>
    <s>Number of outdial retries initiated by this participant</s>
    <s>An unsigned integer</s>
    <s>Name header text</s>
    <s>ASCII text-0 to 17</s>
    <s>If participant is allowed to speak in this meeting</s>
    <s>Number of phone-initiated outdials made by this participant</s>
    <s>An unsigned integer</s>
    <s>Number of times a question was asked by a participant</s>
    <s>An unsigned integer</s>
    <s>Number of times the floor was given to a participant in this meeting</s>
    <s>An unsigned integer</s>
    <s>Date and time of last change or modifications to a file or record</s>
    <s>MM/DD/YYYY HH:MM</s>
    <s>Total number of seconds this participant attended the web conference</s>
    <s>An unsigned integer</s>
    <s>Amount of time participant spent listening to meeting recordings and other notes</s>
    <s>Integer representing number of seconds</s>
    <s>Participant is a video terminal</s>
    <s>Type of video codec used</s>
    <s>Receive bandwidth (in bps)</s>
    <s>An unsigned integer</s>
    <s>Transmit bandwidth (in bps)</s>
    <s>An unsigned integer</s>
    <s>Retrieved from &quot;http://docwiki.cisco.com/wiki/Cisco Unified MeetingPlace Release 6.1 -- Raw Meeting Participant Information Data&quot;</s>
    <s>View source</s>
    <s>Personal tools</s>
    <s>Log in</s>
    <s>Main Page</s>
    <s>Recent changes</s>
    <s>Random page</s>
    <s>What links here</s>
    <s>Related changes</s>
    <s>Special pages</s>
    <s>Printable version</s>
    <s>Permanent link</s>
    <s>Print as PDF</s>
    <s>This page was last modified on 28 March 2011, at 21:23.</s>
    <s>This page has been accessed 61 times.</s>
    <s>© 1992-2011 Cisco Systems, Inc. All rights reserved. Trademarks</s>
    <s>Privacy policy</s>
    <s>About DocWiki</s>
    <s>Terms of Use</s>
    <s>You can view its source e)</s>
  </text>
</page>
