<?xml version="1.0" encoding="UTF-8"?>
<!DOCTYPE page SYSTEM "page.dtd">
<page>
  <lang>en</lang>
  <url>http://2011.science-society.com/call-for-papers/index.html</url>
  <title>Call for Papers « science-society.com</title>
  <snippet>
    <s>You may submit a proposal to the Conference Review Committee for an your presentation(s) will be scheduled in the draft program of the Conference. Note that The Science in Society Conference is a participants&#39; conference comprised of </s>
  </snippet>
  <text>
    <s>An international CONFERENCE, a scholarly JOURNAL, a BOOK series, and an online KNOWLEDGE COMMUNITY</s>
    <s>Login to CGPublisher</s>
    <s>Sign Up: Our Newsletter</s>
    <s>]] ] ] ]</s>
    <s>Search for:</s>
    <s>Call for Papers</s>
    <s>Submission Deadline</s>
    <s>Proposal Types</s>
    <s>Submission Process (30-minute Paper, 60-minute Workshop)</s>
    <s>Submission Process (90-minute Colloquium)</s>
    <s>Submission Process (Virtual)</s>
    <s>[Can I submit more than one proposal?</s>
    <s>Do you provide invitation or visa letters?</s>
    <s>You may submit a proposal to the Conference Review Committee for an In-Person Presentation, or a Virtual paper at the International Conference on Science in Society. If your Conference proposal is accepted you may submit a written paper to The International Journal of Science in Society. All proposals, presentations and papers must be in English.</s>
    <s>Submission Deadline</s>
    <s>The deadline for the final round in the Call for Papers for this conference has now passed. Please visit the Call for Papers page for next year's conference for in-person and virtual submissions.</s>
    <s>Submission Process</s>
    <s>In-person Proposal (30-minute Paper or 60-minute Workshop):</s>
    <s>1. Submit an in-person proposal via the 'Submit Proposal' link on this page.</s>
    <s>2. Once a proposal is accepted, the author must submit a paid registration for the Conference. Note that, only one proposal in any format may be accepted per registered presenter, except in the following case:An author submits Proposal A for one in-person paper, and submits Proposal B for an additional, co-authored, in-person paper. This author will submit a paid in-person registration for Proposal A, and at least one of her/his Proposal B co-authors must submit a paid in-person registration. The two registrations (for Proposal A and Proposal B) permit both papers to be presented at the Conference and submitted to the Journal. If all of the co-authors of Proposal B are unable to attend, one of the co-authors will need to submit a paid virtual registration in order to submit the paper to the Journal.</s>
    <s>3. Once we receive the necessary paid registration(s), your presentation(s) will be scheduled in the draft program of the Conference. Note that we cannot schedule your session(s) in the program until we receive the paid registration(s). The draft program of the Conference is usually available about 4 weeks prior to the Conference.</s>
    <s>In-person Proposal (90-minute Colloquium):</s>
    <s>1. Submit an in-person proposal via the 'Submit Proposal' link on this page. Remember, there must be at least 5 participants – for example, 4 presenters and a chairperson. All participants must be listed on the proposal submission form (list as one primary author, and 4 co-authors).</s>
    <s>2. Once the proposal for the colloquium is accepted, each participant must submit a paid registration for the Conference.</s>
    <s>3. Once we receive all participants' paid registrations, the colloquium will be scheduled in the draft program of the Conference. Note that we cannot schedule the colloquium in the program until we receive all participants' paid registrations. The draft program of the Conference is usually available about 4 weeks prior to the Conference.</s>
    <s>Virtual Proposal:</s>
    <s>1. Submit a virtual proposal via the 'Submit Proposal' link on this page.</s>
    <s>2. Once a proposal is accepted, the author must submit a paid registration for the Conference. Note that, only one proposal in any format may be accepted per registered presenter, except in the following case:</s>
    <s>An author submits Proposal A for one virtual paper, and submits Proposal B for an additional, co-authored, virtual paper. This author will submit a paid virtual registration for Proposal A, and at least one of her/his Proposal B co-authors must submit a paid virtual registration. The two registrations (for Proposal A and Proposal B) permit both papers to be submitted to the Journal.</s>
    <s>3. Once we receive the necessary paid registration(s), your paper(s), if accepted, will be published in the Journal. Note that we cannot publish the accepted paper(s) in the Journal until we receive the paid registration(s).</s>
    <s>For further information, contact the Conference Secretariat.</s>
    <s>Proposal Types</s>
    <s>In-Person Presentations</s>
    <s>Non-Attending Presentation</s>
    <s>Presentation/Paper Focus</s>
    <s>The Science in Society Conference is a participants' conference comprised of numerous parallel sessions and selected plenary sessions. Participants are invited to submit proposals as either 30-minute, 60-minute or jointly presented 90-minute sessions. A virtual participation is also available if you are unable to attend the conference in-person. All proposals, presentations and papers must be in English.</s>
    <s>Only one proposal for an in-person presentation may be accepted per registered presenter. This means that two proposals may be accepted in the case of two registered presenters in a joint presentation, as long as both presenters are registered as in-person participants. If one person registers as a virtual participant (instead of an in-person participant) the paper on which they are a co-author will be fully eligible for journal submission, but will not be listed in the Conference program.</s>
    <s>If your proposal for an in-person presentation has been accepted, we cannot schedule your session in the Conference program until you have submitted a paid registration.</s>
    <s>In-Person Presentations</s>
    <s>30-Minute Presentation</s>
    <s>A Conference session involving a 15 minute speaker presentation, followed by questions and answers. Common Ground usually provides graduate students to chair all of the parallel sessions. If you wish, you are welcome to chair your own session or provide your own chair or facilitator for your session. The chair's role is to introduce the presenter and keep the presentation within the time limit. We recommend against reading entire papers, and suggest that handouts (20 or 30 copies-please bring these with you, as there are no photocopying facilities at the Conference) and visual supports (data slides or overhead transparencies) to assist delivery. Multiple-authored presentations are welcome, though only one article may be submitted to the Journal based on each presentation.</s>
    <s>60-Minute Workshop</s>
    <s>A workshop, crafted panel, staged conversation, dialogue or debate. This is a Conference session involving substantial interaction with the audience. It must not simply be a long paper - papers are for 30-minute sessions only. If you wish to submit an article to the Journal based on a workshop session, it should be a single article, jointly authored if appropriate.</s>
    <s>90-Minute Colloquium</s>
    <s>A Conference session involving at least five registered participants (for instance, a chair or facilitator plus four or more presenters who present for no more than 15 minutes each). At least 15 minutes must be left for audience interaction. The Conference committee does not organise these sessions. Presenters need to conceive and design the session and submit a proposal through the 'Submit Proposal' link on this page. All participants must be listed on the proposal submission form (list as one primary author, and 4 or more co-authors). Either a single article or multiple articles may be submitted to the Journal based on the content of a colloquium session.</s>
    <s>Non-Attending Presentation</s>
    <s>Virtual Presentation</s>
    <s>A paper submitted without the participant attending the Conference in person, but eligible to be refereed and published (if accepted) in the Journal. A virtual registration allows you to join the Conference community in the following ways:</s>
    <s>Your Conference proposal will be listed in the Session Descriptions of the Conference. Acceptance of a Conference proposal for a virtual participant is based on the same criteria as that for an attending participant.</s>
    <s>You may submit a paper to The International Journal of Science in Society.</s>
    <s>Your Journal paper submission will be refereed by Conference participants and you will in turn referee paper submissions of other Conference participants.</s>
    <s>If accepted, your paper will be published in the same volume as Conference participants from the same year. You will also have online access to all papers published in the Journal from the time of registration until one year after the Conference end date.</s>
    <s>You will receive the Community Newsletter.</s>
    <s>Presentation/Paper Focus: Practice, Research or Theory</s>
    <s>Referees for presentation proposals and of submitted papers will base their assessment upon the kind of focus of a particular presentation or paper.</s>
    <s>Practice Focus</s>
    <s>A presentation or publication which describes innovative or exemplary practices or programs in the community, in workplaces, in education institutions and the like. This may take the form of case studies, narratives, demonstrations or technical reports. The outcomes of practice may be improved frameworks, concepts, understandings or structures, such as enhanced capacity through the development of skills, knowledge and operational effectiveness. This kind of work may involve putting theory and research into practice.</s>
    <s>Research Focus</s>
    <s>A presentation or publication reporting upon original research, based on the systematic collection and analysis of data or facts. This kind of work may involve the application or testing of theory.</s>
    <s>Theory Focus</s>
    <s>A presentation or publication which is broad and generalising in its emphasis, reflecting upon and systematically referenced against one or more bodies of literature or systems of thought.</s>
    <s>Conference Overview</s>
    <s>Call for Papers</s>
    <s>Advisory Board</s>
    <s>Plenary Speakers</s>
    <s>Online Presentations</s>
    <s>Graduate Scholar Recipients</s>
    <s>Frequently Asked Questions</s>
    <s>Activities and Extras</s>
    <s>Conference Poster (pdf)</s>
    <s>Past Conferences</s>
    <s>(C) Common Ground Publishing | Entries Feed | Comments Feed | Conditions</s>
  </text>
</page>
