<?xml version="1.0" encoding="UTF-8"?>
<!DOCTYPE page SYSTEM "page.dtd">
<page>
  <lang>en</lang>
  <url>http://2010mac.eventbrite.com/</url>
  <title>2010 RPAA MBA Admissions Conference - Participant... - Eventbrite</title>
  <snippet>
    <s>Aug 14, 2010 Don&#39;t miss this valuable pre-conference workshop lead by Alex and 150 participants came together for a valuable day of workshops and </s>
  </snippet>
  <text>
    <s>Invalid quantity. Please enter a quantity of 1 or more.</s>
    <s>There are not enough tickets to satisfy your request.</s>
    <s>Please enter your name.</s>
    <s>Please enter an email address.</s>
    <s>Please enter a valid email address.</s>
    <s>Please enter your message or comments.</s>
    <s>Please enter the code as shown on the image.</s>
    <s>Please select the date you would like to attend.</s>
    <s>Please enter an email address.</s>
    <s>Please enter a valid email address in the To: field.</s>
    <s>Please enter a subject for your message.</s>
    <s>Please enter a message.</s>
    <s>You can only send this invitations to 10 email addresses at a time.</s>
    <s>$$$$ is not a properly formatted color. Please use the format RRGGBB for all colors.</s>
    <s>Please limit your message to $$$$ characters. There are currently ££££.</s>
    <s>$$$$ is not a valid email address.</s>
    <s>Please enter a discount code.</s>
    <s>Sold Out</s>
    <s>You have exceeded the time limit and your reservation has been released.</s>
    <s>The purpose of this time limit is to ensure that registration is available to as many people as possible. We apologize for the inconvenience.</s>
    <s>This is option is not available anymore. Please choose a different option.</s>
    <s>Please read and accept the waiver.</s>
    <s>All fields marked withare required.</s>
    <s>Please double check your email address. The email address format does not appear valid.</s>
    <s>$$$$ requires a number between ££££ and §§§§</s>
    <s>US Zipcodes need to be 5 digits.</s>
    <s>Please double check your website URL.</s>
    <s>All fields marked withare required.</s>
    <s>Your credit card expiration date is in the past.</s>
    <s>Your credit card CSC needs to be 4 digits.</s>
    <s>Please confirm your order:</s>
    <s>You have selected to Pay by Check.</s>
    <s>Click OK to confirm your order.</s>
    <s>Please confirm your order:</s>
    <s>You have selected to Pay at the Door.</s>
    <s>Click OK to confirm your order.</s>
    <s>Please confirm your order:</s>
    <s>You have selected to Pay upon Receiving an Invoice.</s>
    <s>Click OK to confirm your order.</s>
    <s>Your credit card CSC needs to be 3 digits.</s>
    <s>Your billing zip code needs to be 5 digits.</s>
    <s>There was a problem saving your address.</s>
    <s>There was a problem saving your credit card info.</s>
    <s>There was a problem saving your personal information.</s>
    <s>Please select the date you would like to attend.</s>
    <s>McAfee Secure sites help keep you safe from identity theft, credit card fraud, spyware, spam, viruses and online scams.</s>
    <s>Copying Prohibited by Law - McAfee Secure is a Trademark of McAfee, Inc.</s>
    <s>Unknown card type.</s>
    <s>No card number provided.</s>
    <s>Credit card number is in invalid format.</s>
    <s>Wrong card type or credit card number is invalid.</s>
    <s>Credit card number has an inappropriate number of digits.</s>
    <s>Please enter numbers here.</s>
    <s>Please enter an integer value.</s>
    <s>Numbers must be less or equal to $$$$</s>
    <s>All the required fields have not been filled out. Click OK to proceed without all the required information, or click Cancel to finish entering the missing data.</s>
    <s>Sorry, invalid event registration form.</s>
    <s>Sorry, invalid event or database error.</s>
    <s>Sorry, quantity must be a positive integer.</s>
    <s>Sorry, you did not select a valid ticket.</s>
    <s>Sorry, invalid event organizer email address.</s>
    <s>Your order was canceled.</s>
    <s>Thank You. Your order has been successfully completed. Your name and email address have been added to the list of event attendees.</s>
    <s>Sorry, that option is sold out.</s>
    <s>Sorry, that option is no longer available.</s>
    <s>Sorry, there are only tickets of that type still available.</s>
    <s>Sorry, you entered an invalid quantity. Please enter a quantity of 1 or more next to the type or types of tickets you would like to purchase.</s>
    <s>Sorry, you did not select any tickets to purchase. Please enter a quantity of 1 or more next to the type or types of tickets you would like to purchase.</s>
    <s>Sorry, there are no tickets left for this event.</s>
    <s>The tickets, ticket quantity or date and time you've requested are no longer available, due to previous sales. Please choose a different date, time or number of tickets and place your order again.</s>
    <s>Sorry, one or more of the tickets you requested are no longer available for purchase.</s>
    <s>Sorry, you need to select the date you want to attend.</s>
    <s>Sorry, the discount code you entered is not valid yet.</s>
    <s>Sorry, the discount code you entered has expired.</s>
    <s>Sorry, the discount code you entered is not valid.</s>
    <s>Your session has expired. Try ordering again.</s>
    <s>Sorry, the discount code you entered is not available any more.</s>
    <s>Sorry, you need to enable javascript to place an order.How do I enable JavaScript on my computer?</s>
    <s>Sorry, the tickets you are trying to order are not currently available.</s>
    <s>Sorry, the payment type chosen is invalid for this event.</s>
    <s>Sorry, there is only 1 ticket left for this event.</s>
    <s>Sorry, there are only tickets left for this event.</s>
    <s>We're sorry, this invitation is invalid.</s>
    <s>We're sorry, this invitation has already been used.</s>
    <s>We're sorry, you already have an order being processed for this event. Please wait a few minutes and try again.</s>
    <s>We're sorry, there is a problem with your invitation. Please try again.</s>
    <s>Sorry, the payment type chosen is invalid for this event.</s>
    <s>Sorry, your billing address was not saved properly, please try again.</s>
    <s>Sorry, we experienced an internal error, please try again.</s>
    <s>The captcha you entered is invalid. Please try again.</s>
    <s>Invalid credit card selected. You have been logged out.</s>
    <s>Sorry, the payment type chosen is invalid for this event.</s>
    <s>Sorry, your billing address was not saved properly, please try again.</s>
    <s>Sorry, we experienced an internal error, please try again.</s>
    <s>Zip Code</s>
    <s>Postal Code</s>
    <s>Eventbrite Contact Riordan Programs Alumni Association for event and ticket information.</s>
    <s>Invite friends via email Share on LinkedIn Share on Twitter</s>
    <s>This event has ended!</s>
    <s>View current events hosted by Riordan Programs Alumni Association</s>
    <s>2010 RPAA MBA Admissions Conference - Participant Registration</s>
    <s>Saturday, August 14, 2010 from 8:00 AM to 5:30 PM (PT)</s>
    <s>Los Angeles, CA</s>
    <s>!2010 RPAA MBA Admissions Conference - Participant </s>
    <s>Ticket Information</s>
    <s>Ticket Type</s>
    <s>Sales End</s>
    <s>MBA Admissions Conference - Registration &amp; Pre-Conference Webinar Package (Best Value-Save $15!)</s>
    <s>MBA Admissions Conference - Late Registration</s>
    <s>Pre-Conference Webinar more info</s>
    <s>Don't miss this valuable pre-conference workshop lead by Alex Lawrence, Executive Director of the Riordan Programs. 1.5 hour webinar will be held August 4th, and will include: tips on how to make the most of your conference day, insider tips about each school, great questions to ask the Admissions Officers, and overall, how to make sure you have a successful conference experience. You can ask questions and get your answers live. Limited Spots Available</s>
    <s>Share thisInvite friends via email Share on LinkedIn Share on Twitter</s>
    <s>Event Details</s>
    <s>The 2010 MAC was a huge success</s>
    <s>Admissions officers from the top 22 MBA schools and 150 participants came together for a valuable day of workshops and round table meetings.</s>
    <s>- View Photos on Facebook -</s>
    <s>- View Photos on Flickr -</s>
    <s>Update 08-06-2010 - Online Registration is now closed</s>
    <s>On-site registration is available for $100 (cash or check). Please arrive promptly at check-in to register (see conference schedule below).</s>
    <s>Please park at Sunset Village Parking (PSV). The kiosk accepts cash only. There will be no opportunity to pay for parking via check or credit card. Daily parking is $10. See map located at</s>
    <s>The closest parking lot to the conference is at Sunset Village Parking, and will have a parking attendant from 7:30-9:30am. If arriving earlier, you can get a parking permit at the main UCLA parking kiosk located at Westwood and Strathmore</s>
    <s>Directions to the main UCLA parking kiosk at Westwood and Strathmore from the 405 North are:</s>
    <s>From the 405 North Exit Wilshire Blvd East and head straight on Wilshire Blvd for 3 blocks</s>
    <s>On Westwood Blvd. make a left turn</s>
    <s>Head straight on Westwood Blvd. until you pass the UCLA Medical Center</s>
    <s>Keep straight and you will see a parking kiosk on your left right before you reach Strathmore Place</s>
    <s>From the kiosk, make a left turn on Strathmore Place</s>
    <s>At the first light, make a right turn on Charles E. Young Drive</s>
    <s>Make a left at DeNeve Dr.</s>
    <s>Take this street straight until you arrive at Sunset Village Parking.</s>
    <s>See map located at:</s>
    <s>Conference Updates</s>
    <s>*Conference freebies will be available to attendees thanks to Princeton Review</s>
    <s>We will also be auctioning off GMAT Prep classes for Veritas Prep and Charles Trent Private GMAT Instruction</s>
    <s>!2010 MBA Admissions Conference</s>
    <s>The MBA Admissions Conference (MAC) is an annual conference that connects talented underrepresented candidates who wish to pursue a degree in management with the top business schools in the country. </s>
    <s>The conference allows attendees to connect with MBA Admissions Directors from the country's top business schools, learn about the MBA Admissions process and the relative strengths of the attending business school's curriculum and student culture.</s>
    <s>Attire: Business Formal.</s>
    <s>What's in it for you?</s>
    <s>• Create personal relationships with Admissions Officers from over 20 of that nation's top business schools including Stanford, Harvard and Wharton</s>
    <s>• Workshops and panels with Admissions Officers focusing on how to distinguish yourself as a top candidate</s>
    <s>• MBA roundtables led by Admissions Officers for you to get your questions answered in a more intimate setting so that you can be better prepared for the application and interview process. (Only 10 participants per table with an Admissions Officer!)</s>
    <s>• The conference is limited to 200 attendees - Most MBA Conferences are held at convention centers where thousands of prospects are bombarding a handful of admissions officers!</s>
    <s>!2010 MBA Admissions Conference</s>
    <s>Early Registration Benefits!</s>
    <s> Assignments to MBA round table sessions are based on order of registration. (Harvard, Stanford, and Wharton tables fill up quickly so the sooner you sign up, the more likely you are to sit at their tables). Sign up early and get first pick on your top schools</s>
    <s>2010 Participating Schools Include:</s>
    <s>Columbia Business School</s>
    <s>Darden Graduate School of Business Administration – UVA</s>
    <s>Emory University - Goizueta Business School</s>
    <s>Fuqua School of Business – Duke</s>
    <s>Haas School of Business - UC Berkeley</s>
    <s>Harvard Business School</s>
    <s>Indiana University, Bloomington (Kelley)</s>
    <s>The Johnson School - Cornell University</s>
    <s>Kellogg School of Management – Northwestern University</s>
    <s>USC Marshall School of Business </s>
    <s>McCombs School of Business - UT Austin</s>
    <s>MIT - Sloan School of Management</s>
    <s>Ross School of Business - University of Michigan</s>
    <s>Stern School of Business - New York University</s>
    <s>Stanford Graduate School of Business</s>
    <s>Tepper School of Business - Carnegie Mellon University</s>
    <s>Tuck School of Business at Dartmouth</s>
    <s>UCLA Anderson School of Management</s>
    <s>UNC Kenan-Flagler</s>
    <s>The University of Chicago, Booth School of Business</s>
    <s>The Wharton School, University of Pennsylvania</s>
    <s>Yale School of Management</s>
    <s>!2010 MBA Admissions Conference</s>
    <s>NEW THIS YEAR</s>
    <s>Pre-Conference Webinar</s>
    <s>Date: Wednesday August 4th, 2010</s>
    <s>Time: 12-1:30PM</s>
    <s>Put your best foot forward and get ahead of your competition!   Lead by Alex Lawrence, Executive Director of the Riordan Programs (MBA, UCLA), attendees find the workship very helpful towards with the schools and making the most of the conference.Pre-Conference.  A portion of proceeds from the webinar will go towards Riordan Programs Business School Fellowship. More details to come for 2010 MAC</s>
    <s>Pre-Conference Workshop will include:</s>
    <s>&gt; &gt;Strategies on how to make the most of your conference day</s>
    <s>&gt;&gt;Detailed information about each school</s>
    <s>&gt;&gt;Great questions to ask the Admissions Officers</s>
    <s>&gt;&gt;Tips on to make sure you have a successful conference experience. </s>
    <s>&gt;&gt;Information on Financial Aid resources including Toigo, The Consortium, Forte Foundation, NSHMBA scholarship and more!</s>
    <s>&gt;&gt; (Workshop has a limited number of attendees in order to provide customized feedback for each participant, so don't miss out!)</s>
    <s>MAC Conference Event Schedule</s>
    <s>7:30 – 8:30 AM       Registration &amp; Continental Breakfast</s>
    <s>8:30 – 8:40 AM       Welcome Address</s>
    <s>8:40 – 8:50 AM       Opening Remarks</s>
    <s>8:50 – 9:00 AM       Opening Remarks</s>
    <s>9:00 – 9:10 AM       A Word from The Robert Toigo Foundation</s>
    <s>9:10 – 9:50 AM       The Consortium  - Presentation and Alumni Panel</s>
    <s>9:55 – 10:00 AM     Transition to workshops</s>
    <s>10:10 – 11:10 AM   Workshop I – MBA Admissions (With Guest Panel of Admissions Officers)</s>
    <s>11:15 – 12:30 PM    Workshop II – MBA School Highlights (With Guest Panel of Admissions Officers)</s>
    <s>12:30 – 1:30 PM      Catered Lunch</s>
    <s>Transition to MBA Roundtable Sessions</s>
    <s>1:30 – 2:00 PM        MBA Roundtable Session Round I</s>
    <s>2:05 – 2:35 PM        MBA Roundtable Session Round II</s>
    <s>2:35 – 2:55 PM        Refreshment Break</s>
    <s>2:55 – 3:25 PM        MBA Roundtable Session Round III</s>
    <s>3:30 – 4:00 PM        MBA Roundtable Session Round IV</s>
    <s>4:05 – 4:15 PM        Closing Address</s>
    <s>4:15 – 5:00 PM        Information Booths</s>
    <s>Partnering Organizations:</s>
    <s>ALPFA – The Association of Latino Professionals in Finance &amp; Accounting</s>
    <s>NSHMBA – The National Society of Hispanic MBAs</s>
    <s>Robert Toigo - The Robert Toigo Foundation</s>
    <s>USC MAAA – The USC Mexican American Alumni Association &amp; Young Leader's Council</s>
    <s>CGSM – The Consortium</s>
    <s>SEO - Sponsors for Educational Opportunity</s>
    <s>NBMBAA - National Black MBA Association</s>
    <s>NAWMBA - The National Association of Women MBAs</s>
    <s>RPAA – The Riordan Programs Alumni Association</s>
    <s>StartingBloc (LA) - StartingBloc</s>
    <s>LAULYP - Los Angeles Urban League Young Professsionals</s>
    <s>When &amp; Where</s>
    <s>UCLA - Covell Commons</s>
    <s>Grand Horizon Room</s>
    <s>330 DeNeve Drive</s>
    <s>Los Angeles, CA 90095</s>
    <s>Saturday, August 14, 2010 from 8:00 AM to 5:30 PM (PT)</s>
    <s>Add to my calendar</s>
    <s>Outlook Calendar</s>
    <s>Google Calendar</s>
    <s>iCal Calendar</s>
    <s>Hosted By</s>
    <s>Riordan Programs Alumni Association</s>
    <s>Contact the Host</s>
    <s>Started in 2000, the Riordan Programs Alumni Association (RPAA) provides graduates of the Riordan Programs an extension of their professional, educational and personal leadership development through collaborative efforts to develop tomorrow's leaders and serve the community. The RPAA achieves these goals through its two flagship initiatives: The Saturday Business Academy (SBA), a program designed to prepare traditionally disadvantaged and underserved high school students with the skills and academic guidance necessary to become future business leaders. And, through the annual MBA Admissions Conference (MAC), held every summer where the nation’s top business schools seek to recruit talented candidates from underrepresented backgrounds. Learn more about the RPAA at www.riordanalumni.com</s>
    <s>[View other Riordan Programs Alumni Association events ]</s>
    <s>Subscribe to receive notifications of future events by this host</s>
    <s>View XML Feed</s>
    <s>Subscribe to RSS Feed</s>
    <s>Subscribe to Atom Feed</s>
    <s>Add to Google</s>
    <s>Add to My Yahoo!</s>
    <s>Add to My AOL</s>
    <s>Add to My MSN</s>
    <s>Contact Riordan Programs Alumni Association for event and ticket information.</s>
    <s>Eventbrite Use Eventbrite for event ticketing and online event registration.</s>
    <s>(C) 2011 Eventbrite. All Rights Reserved. Terms of Service. Privacy Policy.</s>
  </text>
</page>
