<?xml version="1.0" encoding="UTF-8"?>
<!DOCTYPE page SYSTEM "page.dtd">
<page>
  <lang>en</lang>
  <url>http://acah.iafor.org/</url>
  <title>The Asian Conference on Arts &amp; Humanities</title>
  <snippet>
    <s>The Third Asian Conference on Arts and Humanities aims to build on the strengths and Chairman, Japan Society of Scotland &amp; Chairman IAFOR IAB publishing their associated paper in the official conference proceedings, and a selection </s>
  </snippet>
  <text>
    <s>!http://acah.iafor.org/img/banner main16.gif</s>
    <s>Welcome to ACAH2012</s>
    <s>The International Academic Forum in conjunction with its global partners is proud to announce the Third Asian Conference on the Arts and Humanities, to be held from April 5-8 2012, at the Ramada Hotel, Osaka, Japan.</s>
    <s>Hear the latest research, publish before a global audience, present in a supportive environment, network, engage in new relationships, experience Japan, explore Osaka and Kyoto, join a global academic community </s>
    <s>More than 600 academics from over forty-five different nations attended the 2010 and 2011 events. The Third Asian Conference on Arts and Humanities aims to build on the strengths and successes of the previous two years by offering a true celebration of interdisciplinary study in a stimulating scholarly environment, and in the wonderfully rich physical and cultural environment of Japan. This international conference will again bring together university scholars working throughout Japan, Asia, and beyond to share ideas and forge working relationships with each other over a stimulating, challenging, and fun long weekend.</s>
    <s>!http://acah.iafor.org/picken head.jpg</s>
    <s>The 2012 conference theme is &quot;Encounters and Exchanges&quot; and the organizers hope that this will again encourage and inspire exciting new research avenues, and further encourage academic and personal encounters and exchanges across national, religious, cultural and disciplinary divides.</s>
    <s>We look forward to seeing you (again) in Osaka in 2012</s>
    <s>Professor Stuart D.B. Picken</s>
    <s>Order of the Sacred Treasure, B.D., Ph.D., F.R.A.S.</s>
    <s>Chairman, Japan Society of Scotland &amp; Chairman IAFOR IAB</s>
    <s>Conference Chair, The Asian Conference on Arts &amp; Humanities 2012</s>
    <s>Abstract Submissions Deadline December 1 2011</s>
    <s>To submit a paper through the online system, please click on the submissions tab above</s>
    <s>Publishing Opportunities: Authors of Accepted Abstracts will have the opportunity of publishing their associated paper in the official conference proceedings, and a selection of papers will be considered for inclusion in the IAFOR Journal of Arts and Humanities. For more information about the journal, click here.</s>
    <s>For an idea of what IAFOR events are like, see our 2011/2012 brochure:</s>
    <s>Please Click here to view the IAFOR Keynote Series</s>
    <s>For photos, videos and publications associated with the 2010 &amp; 2011 conferences, click on the link below:</s>
    <s>ACAH2010 ACAH2011</s>
    <s>ACAH 2012 will be held alongside the Second Asian Conference on Literature and Librarianship - LibrAsia 2012, and registrants for either conference will be given the opportunity to attend sessions in the parallel event at no extra charge. Please click on the banner below to go to the Librasia 2012 sister site.</s>
    <s>Our 2011 event featured readings by His Excellency Dr Drago Stambuk, twice winner of the Yomiuri Prize, Kazuko Shiraishi and Bashabi Fraser. For more information about LibrAsia 2011 as well as associated multimedia and publications, please click here.</s>
    <s>For information about other IAFOR events, please click below:</s>
    <s>IAFOR CONFERENCE EVENTS</s>
    <s>ACAH 2011 is pleased to be associated with the following affiliates</s>
    <s>April 5-8 Osaka, Japan</s>
    <s>Copyright 2012 The International Academic Forum</s>
    <s>Home |</s>
    <s>Program |</s>
    <s>Submit Online |</s>
    <s>Registration |</s>
    <s>Venue |</s>
    <s>Archive |</s>
    <s>Visa |</s>
    <s>FAQ |</s>
  </text>
</page>
