<?xml version="1.0" encoding="UTF-8"?>
<!DOCTYPE page SYSTEM "page.dtd">
<page>
  <lang>en</lang>
  <url>http://ec.europa.eu/research/mariecurieactions/conference-2010-programme.cfm</url>
  <title>Programme - Conference 9-10 December 2010: Marie Curie Actions ...</title>
  <snippet>
    <s>Dec 10, 2010 11.30 - 12.00, Networking coffee break. 12.00 - 13.15. Keynote Speakers: Moderator: Speakers: SESSION 2: Enhancing EXCELLENCE </s>
  </snippet>
  <text>
    <s>Go to main content shortcut key S, by skipping site tools, language selector, navigation path and navigation menu</s>
    <s>Go to navigation menu, by skipping site tools, language selector and navigation path</s>
    <s>Go to navigation path, by skipping site tools and language selector</s>
    <s>Go to language selector, by skipping site tools</s>
    <s>Go to site tools</s>
    <s>European Commission</s>
    <s>A to Z</s>
    <s>About this site</s>
    <s>Legal notice</s>
    <s>European Commission</s>
    <s>Marie Curie Actions</s>
    <s>Conference 2010: programme</s>
    <s>Conference 2010: programme</s>
    <s>Programme | 25 Researchers | Country fact sheets | Gallery</s>
    <s>9 December</s>
    <s>OFFICIAL OPENING SESSION</s>
    <s>&gt; Keynote Speakers:</s>
    <s>&gt; Moderator:</s>
    <s>&gt; !Barroso</s>
    <s>José Manuel Barroso, President of the European Commission (Speech)</s>
    <s>&gt; !Buzek</s>
    <s>Jerzy Buzek, President of the European Parliament (Speech)</s>
    <s>Celebrating the 50 000th Marie Curie Researchers</s>
    <s>&gt; !Vassiliou</s>
    <s>Androulla Vassiliou, European Commissioner for Education, Culture, Multilingualism and Youth (Speech)</s>
    <s>&gt; Picture with the 50.000th Marie Curie Fellows</s>
    <s>&gt; !Truszczynski</s>
    <s>Jan Truszczyński, Director General, Directorate General Education and Culture, European Commission</s>
    <s>&gt; 10.30-11.15</s>
    <s>Keynote Speaker:</s>
    <s>SESSION 1: Fostering MOBILITY</s>
    <s>Promoting circulation of researchers and knowledge from country to country</s>
    <s>&gt; !Madurell</s>
    <s>Teresa Riera Madurell, Member of the European Parliament</s>
    <s>Jordi Curell Gotor548 KB , Director Lifelong learning, higher education and international affairs, DG Education and Culture, European Commission</s>
    <s>&gt; Marina Resmini, Reader in Organic Chemistry at Queen Mary, University of London, Coordinator of the Marie Curie Research Training Network</s>
    <s>Nascent and of the Marie Curie Industry-Academia Partnership IRMED</s>
    <s>&gt; !Catalucci</s>
    <s>Daniele Catalucci9.1 MB , Institute of Biomedical Technologies, National Research Council (CNR), beneficiary of Marie Curie Outgoing International Fellowship Pumping up the heart</s>
    <s>11.15 - 11.30</s>
    <s>Questions and Answers</s>
    <s>11.30 - 12.00</s>
    <s>Networking coffee break</s>
    <s>12.00 - 13.15</s>
    <s>Keynote Speakers:</s>
    <s>SESSION 2: Enhancing EXCELLENCE</s>
    <s>Promoting circulation of researchers and knowledge between disciplines</s>
    <s>&gt; !Mas-Colell</s>
    <s>Andreu Mas-Colell, Professor at University Pompeu Fabra</s>
    <s>Graham Stroud177 KB</s>
    <s>Director of the Research Executive Agency</s>
    <s>&gt; !Bingen</s>
    <s>Georges Bingen1.5 MB , Head of the Unit: People Programme; Marie Curie Actions, DG Education and Culture, European Commission</s>
    <s>&gt; !Torsi</s>
    <s>Luisa Torsi5.6 MB , 2010 Heinrich Emanuel Merck Award for Analytical Sciences, Professor at University of Bari, Coordinator of the Marie Curie Initial Training Network Flexsmell</s>
    <s>&gt; !Keysers</s>
    <s>Christian Keysers955 KB , Professor University Medical Centre Groningen, Marie Curie Excellence Team Leader of the NeuroEmpathy Project.</s>
    <s>13.15 - 13.30</s>
    <s>Questions and Answers</s>
    <s>13.30 - 15.00</s>
    <s>Networking Standing Lunch (Movies and Exhibition of posters)</s>
    <s>15.00 - 16.15</s>
    <s>Keynote Speaker:</s>
    <s>SESSION 3: Strengthening INNOVATION</s>
    <s>Equipping researchers with key skills by promoting circulation of researchers and knowledge between education, research and business</s>
    <s>&gt; !Burtscher</s>
    <s>Wolfgang Burtscher, Deputy Director-General of Research DG</s>
    <s>Begoña Arano1.1 MB , Head of the Communication Unit, Research DG, European Commission</s>
    <s>William Gallagher13.1 MB , Professor at University College Dublin, Coordinator of the Marie Curie Industry-Academia Partnership TARGET-MELANOMA .</s>
    <s>&gt; !Witte</s>
    <s>Peter Witte650 KB , BASF Nederland B.V.</s>
    <s>Member of the Marie Curie Initial Training Network - Nano-Host</s>
    <s>Pauliina Damdimopoulou2.3 MB , Karolinska Institute, Marie Curie Fellow of the Industry-Academia Partnership SME Receptor</s>
    <s>16.15 - 16.30</s>
    <s>Questions and Answers</s>
    <s>16.30 - 17.00</s>
    <s>Networking coffee break</s>
    <s>17.00 - 18.15</s>
    <s>Keynote Speaker:</s>
    <s>SESSION 4: Addressing SOCIETAL CHALLENGES</s>
    <s>Ensuring freedom of research to address future and unknown challenges</s>
    <s>&gt; !Cerexhe</s>
    <s>Benoît Cerexhe, Minister of the Government of the Brussels-Capital Region, responsible for the Economy, Employment, Scientific Research and Foreign Trade</s>
    <s>Alessandra Luchetti165 KB , Acting Head of the Unit: FP6 Marie Curie Actions, Research DG, European Commission</s>
    <s>&gt; !Duplissy</s>
    <s>Jonathan Duplissy3.9 MB , CERN,</s>
    <s>Marie Curie Fellow - Initial Training Network CLOUD ITN</s>
    <s>Constanze Lamprecht12.7 MB , University of Linz,</s>
    <s>Marie Curie Fellow - Research Training Network Carbio</s>
    <s>Mark Leenen5.8 MB , Evonik Degussa GmbH,</s>
    <s>Marie Curie Fellow - Research Training Network Nanomatch</s>
    <s>Roberta Carafa6.7 MB , URS Corporation</s>
    <s>Marie Curie Fellow - Research Training Network Keybioeffects</s>
    <s>Cocktail and Conference Dinner at Autoworld with Jazz music</s>
    <s>10 December</s>
    <s>SESSION 5: Shaping the FUTURE</s>
    <s>Next generation of Marie Curie Actions, perspectives for the future</s>
    <s>&gt; !Currel Gotor</s>
    <s>Jordi Curell Gotor, Director Lifelong learning, higher education and international affairs, DG Education and Culture, European Commission</s>
    <s>Fausto Pedrazzini, Principal Researcher at Istituto di Fisiologia Clinica CNR, Member of the People Advisory Group</s>
    <s>&gt; !Heuer</s>
    <s>Rolf-Dieter Heuer, Director General of CERN</s>
    <s>Pauline Mattsson, Member of the Euroscience Governing Council</s>
    <s>Conor O'Carroll, Research Director at the Irish Universities Association</s>
    <s>&gt; !Vulpescu</s>
    <s>George Dragos Vulpescu, Total</s>
    <s>Stijn Donders, LMS International</s>
    <s>Izabela Stanisławiszyn, President of Eurodoc</s>
    <s>Guggi Kofod, Chair of the Marie Curie Fellowship Association</s>
    <s>Networking Coffee break</s>
    <s>Keynote Speaker:</s>
    <s>CELEBRATING MOBILE RESEARCHERS IN EUROPE AND BEYOND 2.0 MB</s>
    <s>Celebration of the 50 000th Marie Curie Fellows</s>
    <s>&gt; !Jordi Curell Gotor</s>
    <s>Jordi Curell Gotor, Director Lifelong learning, higher education and international affairs, DG Education and Culture, European Commission</s>
    <s>&gt; !Jan</s>
    <s>Jan Truszczyński, Director General, Directorate General Education and Culture, European Commission</s>
    <s>&gt; !Verelst</s>
    <s>David Verelst838 KB , Riso-Technical University of Danemark,</s>
    <s>Marie Curie Fellow – Industry-Academia Partnership Windflower</s>
    <s>Edith Joseph398 KB , Swiss National Museum,</s>
    <s>Marie Curie Fellow – Intra-European Fellowship Bahamas</s>
    <s>Azadeh Attari3.4 MB , University College Dublin,</s>
    <s>Marie Curie Fellow – Initial Training Network Team</s>
    <s>Tatsuaki Mizutani7.2 MB , Ludwig Boltzmann Institute for Cancer Research, Marie Curie Fellow – International Incoming Fellowship CMLMULTIHIT</s>
    <s>CLOSING of the Conference by Mr Jan Truszczyński, Director General, Directorate General Education and Culture, European Commission</s>
    <s>Networking Standing Lunch**</s>
  </text>
</page>
