<?xml version="1.0" encoding="UTF-8"?>
<!DOCTYPE page SYSTEM "page.dtd">
<page>
  <lang>en</lang>
  <url>http://firsthomedesign.com/tag/conference-decor</url>
  <title>conference decor - First Home Design</title>
  <snippet>
    <s>Minimalist conference room decor by mejiro architecture. September 28th, 2011 By Admin # furniture, interior design. here are Minimalist conference room decor </s>
  </snippet>
  <text>
    <s>Privacy Policy</s>
    <s>Posts Tagged 'conference decor'</s>
    <s>Minimalist conference room decor by mejiro architecture</s>
    <s>September 28th, 2011 By Admin furniture, interior design</s>
    <s>here are Minimalist conference room decor by mejiro architecture a minimalist interior design of a conference room, using wood as the primary element. What's in your mind when you are entering a conference room of an office? Perhaps, a room that rigid and sinister, or a room with the uncomfortable interior design, that makes</s>
    <s>Minimalist conference room decor by mejiro architecture</s>
    <s>September 28th, 2011 By Admin furniture, interior design</s>
    <s>here are Minimalist conference room decor by mejiro architecture a minimalist interior design of a conference room, using wood as the primary element. What's in your mind when you are entering a conference room of an office? Perhaps, a room that rigid and sinister, or a room with the uncomfortable interior design, that makes</s>
    <s>Justin Bieber bedroom decoration ideas with blue color</s>
    <s>bedroom design</s>
    <s>Posted by Admin</s>
    <s>purple room combination decor ideas</s>
    <s>interior design</s>
    <s>Posted by Admin</s>
    <s>best pink room decor ideas for home</s>
    <s>interior design</s>
    <s>Posted by Admin</s>
    <s>today's inspiration of modern home design</s>
    <s>home design</s>
    <s>Posted by Admin</s>
    <s>2 hanging accessories for interior party by martha stewart concept</s>
    <s>party design</s>
    <s>Posted by Admin</s>
    <s>great choice for blinds colors</s>
    <s>interior design</s>
    <s>Posted by Admin</s>
    <s>Contemporary Garden decorating by 1moku</s>
    <s>exterior design</s>
    <s>Posted by Admin</s>
    <s>bedroom interior decor by martha stewart</s>
    <s>bedroom design</s>
    <s>Posted by Admin</s>
    <s>cheap twins baby room decoration ideas</s>
    <s>baby room design</s>
    <s>Posted by Admin</s>
    <s>Sponsored Link</s>
    <s>Popular Design</s>
    <s>Strong Homes with Optimized Space by Tomiarc Architecture</s>
    <s>here are Strong Homes with Optimized Space, Strong Homes with Optimized Space Design </s>
    <s>Luscious Garden design by Hirofumi Suga</s>
    <s>here are Luscious Garden design, Garden design that use natural material and connecting </s>
    <s>Modern Elegance Interior Decoration by Tetsushi Tominaga</s>
    <s>here are Modern Elegance Interior Decoration,  Interior Decoration by combining wooden materials and </s>
    <s>Last Gallery</s>
    <s>Strong Home with Optimized Space Design by Tomiarc.com-the final design</s>
    <s>Strong Home with Optimized Space Design by Tomiarc.com-the stairs lighting</s>
    <s>Strong Home with Optimized Space Design by Tomiarc.com-the solar lamp</s>
    <s>Strong Home with Optimized Space Design by Tomiarc.com-the kitchen</s>
    <s>Strong Home with Optimized Space Design by Tomiarc.com-the steel stairs</s>
    <s>Strong Home with Optimized Space Design by Tomiarc.com-the wooden partition room</s>
    <s>baby room design</s>
    <s>bathroom design</s>
    <s>bedroom design</s>
    <s>dining room design</s>
    <s>exterior design</s>
    <s>home design</s>
    <s>interior design</s>
    <s>kitchen design</s>
    <s>living room design</s>
    <s>party design</s>
    <s>wedding design</s>
    <s>Join With Us</s>
    <s>colorful home design</s>
    <s>Girly Furniture and House Design</s>
    <s>home improvement tips</s>
    <s>interior design sharing</s>
    <s>La News</s>
    <s>making your interior dream</s>
    <s>Modern Interior Decor</s>
    <s>sample home design</s>
    <s>good girl decor pink bathroom dining room decor modern lighting ideas luxury swimming pool apartment party modern home inspiration flower decor for home new home concept princess wedding yellow room nice kitchen room cube shaped houses home office bridge house baby room furniture television room DIY project comfortable bedroom martha stewart interior martha stewart fish pond flower floor blue color popular design fantastic party hall twins ornament beds for kids home of the year Martha Stewart decoration</s>
    <s>First Home Design is proudly powered by WordPress - Theme By Home of Us.</s>
    <s>Entries (RSS) and Comments (RSS). w3Checker CSSValidator</s>
  </text>
</page>
