<?xml version="1.0" encoding="UTF-8"?>
<!DOCTYPE page SYSTEM "page.dtd">
<page>
  <lang>en</lang>
  <url>http://icots6.haifa.ac.il/refereeing_guidelines.htm</url>
  <title>Refereeing process</title>
  <snippet>
    <s>Jul 2, 2002 Author&#39;s instructions when preparing the paper for submission that the review of papers gives conference participants some confidence to have their papers rejected unless they can return the restyled paper within 5 days. </s>
  </snippet>
  <text>
    <s>Paper Refereeing Process</s>
    <s>Note: Instruction for non-refereed papers are given in the general authors' instructions page.</s>
    <s>Author's instructions when preparing the paper for submission</s>
    <s>Key dates for the refereeing process</s>
    <s>ICOTS-6 Proceedings Editorial Committee</s>
    <s>ICOTS-6 refereed paper checklist (To download the Form click here)</s>
    <s>Author's Warranty and Indemnity</s>
    <s>DOWNLOAD: ICOTS-6 Full Paper Refereeing Response Form</s>
    <s>1. GENERAL</s>
    <s>Papers for inclusion in the ICOTS-6 proceedings as refereed publication will be reviewed by three referees selected from a panel of peers approved by the International Program Committee (IPC). The paper must be accepted by at least two referees before being accepted for presentation as refereed paper.</s>
    <s>The review process is &quot;double blind&quot; - identification of both authors and referees is removed from all documentation. The ICOTS-6 IPC believes that the review of papers gives conference participants some confidence in the quality of the publication of the papers specified as &quot;refereed&quot; in the proceedings.</s>
    <s>Referees are asked to comment on the suitability of papers for presentation at the conference as a refereed paper. While the refereeing process essentially relies on subjective judgments, referees are asked to compare the paper being reviewed against a broad interpretation of the accepted norms for reporting of research. Usually it is expected that the paper represents a significant contribution to knowledge about statistics education or the research processes in statistics education. It is assumed that the refereed published papers are substantially different from papers which have been previously published elsewhere. Where a paper has been presented previously or has been modified from previous presentations, this should be clearly acknowledged. All referees' comments will be returned to the authors as anonymous critiques.</s>
    <s>Papers must meet the standards of presentation described in the instructions to authors for ICOTS-6 as given on the ICOTS-6 IPC Website in the Announcements page under Guidelines for authors about preparation of manuscripts (http://www.beeri.org.il/icots6/). This includes basic requirements such as readability, being free of grammatical and typographical errors, and strict adherence to style requirements as well as the extra requirements for papers to meet the refereeing standards. The refereed papers have the same length and formatting requirements of the all papers (maximum six A4 pages for invited papers and four A4 pages for contributed refereed papers). They will appear in the same volumes of the proceedings as the other papers presented at the conference, but will be noted that they have satisfied the refereeing process .</s>
    <s>Authors can optimize the chance of acceptance if they make the focus clear, draw on relevant literature, justify and explain the methodology, present data and findings clearly, and use the data to frame logical conclusions. Papers should stand up to the normal criteria applied in refereed journals.</s>
    <s>Authors desiring their papers to be refereed must submit the final version to their Session Organizer by November 1, 2001. Papers not satisfying the referees can still appear in the proceedings if they satisfy the general authors' instructions. Authors of papers which do not conform to the style requirements are likely to have their papers rejected unless they can return the restyled paper within 5 days. Papers accepted for publication by referees will not be included in the proceedings until the conference registration fee is received. The editors cannot accept late submissions due to the tight deadlines.</s>
    <s>Back to top</s>
    <s>2. AUTHOR'S INSTRUCTIONS WHEN PREPARING THE PAPER FOR SUBMISSION</s>
    <s>When submitting your paper please complete and include the form Author Checklist for Refereed Papers ((To download the Form in WORD format click here).</s>
    <s>The files should be sent via e-mail attachment to the Session Organizer who will check that the formatting style has been followed and if so will send it to the Editor of the ICOTS-6 Proceedings, Brian Phillips, bphillips@swin.edu.au.</s>
    <s>If not it will be returned for correction.</s>
    <s>The copy which is sent to the referees will have the author's identification removed by the Conference Editor.</s>
    <s>Back to top</s>
    <s>3. KEY DATES FOR THE REFEREEING PROCESS</s>
    <s>By April 1, 2001:</s>
    <s>Submit title and abstract (up to 500 words) to Session Organizers indicating your intention to submit your paper for refereeing . A panel will assess the suitability of the proposed paper as refereed contribution to ICOTS-6.</s>
    <s>By Oct. 1, 2001:</s>
    <s>Invited and Contributed Authors are encouraged to submit a draft version to their Session Organizer for suggestions and comments. This is especially important for papers to be refereed.</s>
    <s>By Nov. 1, 2001:</s>
    <s>Final Invited and Contributed refereed papers must be submitted to their Session Organizer. The Session Organizer checks the paper has meet the formatting and embalm it as an attachment to the Editor of the ICOTS-6 Proceedings, Brian Phillips, bphillips@swin.edu.au.</s>
    <s>The Editor or sub-editors will give the paper a unique code and remove any author identification on the paper then send a copy to three appropriate members of the Peer Review Panel.</s>
    <s>Note :</s>
    <s>All papers which meet the instructions to authors will be published in the proceedings. Furthermore, those which also meet the refereeing process, will be identified as having satisfied the refereeing process.</s>
    <s>By Jan. 1, 2002:</s>
    <s>The referees return their comments to the ICOTS-6 Proceedings Editor. At least two of the referees must agree that the paper satisfies the refereeing requirements. The editor will contact the authors with the results of the refereeing process.</s>
    <s>By Feb. 1, 2002:</s>
    <s>Final refereed papers ready.</s>
    <s>Back to top</s>
    <s>4. ICOTS-6 PROCEEDINGS EDITORIAL COMMITTEE</s>
    <s>Brian Phillips, bphillips@swin.edu.au</s>
    <s>Editorial Committee:</s>
    <s>Lucy Busija (Assistant Editor)</s>
    <s>Catherine Bailey (Sub Editor)</s>
    <s>Immacolata Guarnieri (Sub Editor)</s>
    <s>Jane Pontikis (Sub Editor)</s>
    <s>Tracey Shea (Sub Editor)</s>
    <s>Debbie Voogd (Sub Editor)</s>
    <s>Peer Review Panel:</s>
    <s>Listed in the ICOTS-6 Peer Review Panel page.</s>
    <s>If you have questions regarding these guidelines, please contact the Editor.</s>
    <s>ICOTS-6 AUTHOR'S CHECKLIST (To download the Form click here)</s>
    <s>REFEREED PAPER</s>
    <s>(Click here for Non-refereed paper checklist)</s>
    <s>PAPERS WILL ONLY BE ELIGIBLE FOR ACCEPTANCE ON THE COMPLETION OF THIS FORM</s>
    <s>1. PERSONAL INFORMATION</s>
    <s>First name:</s>
    <s>Last name:</s>
    <s>Title (e.g., Dr., Prof. etc.):</s>
    <s>Gender (Optional):</s>
    <s>Zip/Post Code:</s>
    <s>Tel. (W):</s>
    <s>Tel. (H) (Optional):</s>
    <s>Website (Optional):</s>
    <s>Session Name:</s>
    <s>Session Number:</s>
    <s>Paper Title:</s>
    <s>2. CHECKLIST (FOR REFEREED PAPER)</s>
    <s>NOTE: Please tick each box.</s>
    <s>I would like to submit my paper to a blind referee process. Yes No</s>
    <s>If Yes, complete the following checklist for those submitting their paper for refereeing.</s>
    <s>NOTE: Please tick each box.</s>
    <s>My refereed paper:</s>
    <s>makes a genuine contribution to the development of knowledge in statistical education;</s>
    <s>has taken into account the relevant literature on the topic and is adequately referenced;</s>
    <s>is a scholarly presentation which is a new contribution to the field and has not been published elsewhere;</s>
    <s>reports a significant outcome or event, or a novel experience;</s>
    <s>has been proofread by at least one peer (once the review process begins it is unlikely that alterations can be made);</s>
    <s>is within the guidelines described in the instructions to authors for ICOTS-6;</s>
    <s>is in English and has been submitted to spell checking (English or American accepted);</s>
    <s>is readable by MS Word 97 (or newer versions) for PC;</s>
    <s>has been provided electronically to the Session Organizer with accompanying hard copy;</s>
    <s>I understand that the paper will be refereed by three independent experts blindly, that is without the author being identified.</s>
    <s>Illustrations are:</s>
    <s>in an approved file format, provided in the body of the manuscript; or</s>
    <s>in an approved file format, provided on separate files; or</s>
    <s>provided on separate sheets of white paper, in black art line ink and clearly marked.</s>
    <s>Bibliography is:</s>
    <s>complete and consistent with guidelines.</s>
    <s>4. AUTHOR'S WARRANTY AND INDEMNITY</s>
    <s>I, ( full name )</s>
    <s>to International Association for Statistical Education (IASE) that the paper entitled:</s>
    <s>( title )</s>
    <s>submitted for possible inclusion in the ICOTS-6 Conference Proceedings is an original work of mine (and, where applicable, joint authors) and does not infringe the copyright or any other right of any other party and that I am the sole proprietor of all rights in the work. I agree to indemnify, and keep effectively indemnified, IASE from and against all actions, proceedings, costs, damages, claims, demands, expenses, loss and liability whatsoever arising out of or by reason of any breach by me of this warranty.</s>
    <s>Dated this ( date )</s>
    <s>Of the month of ( month )</s>
    <s>Year ( year )</s>
    <s>Signed ( Your signature )</s>
    <s>At ( City/Country )</s>
    <s>In the presence of ( Witness signature )</s>
    <s>PLEASE NOTE: IF THERE IS MORE THAN ONE AUTHOR, EACH AUTHOR MUST COMPLETE AND SIGN A SEPARATE AUTHOR'S WARRANTY AND INDEMNITY</s>
    <s>Download the full Refereeing Guidelines document in WORD format.</s>
    <s>Download the form: &quot;Author's checklist for refereed paper&quot; in WORD format.</s>
    <s>Download the ICOTS-6 Full Paper Refereeing Response Form. New</s>
    <s>Back to top</s>
    <s>ICOTS-6, The Sixth International Conference on Teaching Statistics - International Program Committee (IPC) Website.</s>
    <s>Copyright (C) 2001 by the IASE. All rights reserved. This information is subject to change without notice. This page was last modified on July 2, 2002.</s>
    <s>For questions or comments, contact the Webmaster, Dagan Ben-Zvi.</s>
  </text>
</page>
