<?xml version="1.0" encoding="UTF-8"?>
<!DOCTYPE page SYSTEM "page.dtd">
<page>
  <lang>en</lang>
  <url>http://explorepahistory.com/attraction.php%3Fid%3D1-B-2F7F</url>
  <title>The Country Place Retreat and Conference Center - Explore PA History</title>
  <snippet>
    <s>The Country Place Retreat and Conference Center Attraction </s>
  </snippet>
  <text>
    <s>Stories from PA History</s>
    <s>Visit PA Regions</s>
    <s>Teach PA History</s>
    <s>!top curve</s>
    <s>Visit PA Regions</s>
    <s>advanced search</s>
    <s>The Country Place Retreat and Conference Center Attraction Details</s>
    <s>The Country Place Retreat and Conference Center</s>
    <s>A serene, tranquil retreat environment for corporate off-site meetings, organizational retreats, family reunions, gatherings or weddings. Nestled on 450 acres of rolling woodlands and meadows in the foothills of the Pocono Mountains. Dorm-style lodging and private rooms. Inclusive rate including lodging, gourmet meals, conference room and more. On-site Spa and a Team Challenge Course, a custom designed low ropes course to build better communication and decision making skills. Variable rate based on group size. Located about 2 hours from Philadelphia. Year round retreat center, offering enrichment programs, youth leadership camp and adult leadership development. Also open to groups for their own programming.</s>
    <s>45 Country Place Lane</s>
    <s>White Haven, PA 18661</s>
    <s>Phone: 570-636-3858</s>
    <s>Handicap Access? N</s>
    <s>All Accommodations Nearby</s>
    <s>Mountain Laurel Resort (0.89 Miles)</s>
    <s>Deer Meadow Inn (3.93 Miles)</s>
    <s>Hotels &amp; Motels Nearby</s>
    <s>Budget Inn Lake Harmony Road (2.13 Miles)</s>
    <s>Family Restaurants Nearby</s>
    <s>White Haven Family Diner (0.65 Miles)</s>
    <s>Hanna's Ugly Mug Restaurant (0.65 Miles)</s>
    <s>Denny's - White Haven (1.09 Miles)</s>
    <s>Accommodations &amp; Dining Nearby</s>
    <s>Deer Meadow Inn (3.93 Miles)</s>
    <s>All Dining Nearby</s>
    <s>Denny's - White Haven (1.09 Miles)</s>
    <s>Golfing Nearby</s>
    <s>North (Public) Course at Split Rock Resort and Convention Center (4.59 Miles)</s>
    <s>Nature &amp; Outdoors Nearby</s>
    <s>D and L Trail - Lehigh Gorge State Park Trail (0.41 Miles)</s>
    <s>Lehigh Gorge Outfitters (0.63 Miles)</s>
    <s>Lehigh Gorge State Park - White Haven Access Area (0.66 Miles)</s>
    <s>Pennsylvania Greenway Sojourn 2006 (1.32 Miles)</s>
    <s>State &amp; National Parks Nearby</s>
    <s>Lehigh River Gorge (0.42 Miles)</s>
    <s>Lehigh Gorge State Park - White Haven Access Area (0.66 Miles)</s>
    <s>Pennsylvania Greenway Sojourn 2006 (1.32 Miles)</s>
    <s>Hickory Run State Park (4.16 Miles)</s>
    <s>Resorts Nearby</s>
    <s>Mountain Laurel Resort (0.89 Miles)</s>
    <s>Mountain Laurel Resort &amp; Spa (1.33 Miles)</s>
    <s>North (Public) Course at Split Rock Resort and Convention Center (4.59 Miles)</s>
    <s>Arts &amp; Entertainment Nearby</s>
    <s>Lehigh Gorge Outfitters (0.63 Miles)</s>
    <s>C &amp; B Trains and Museum (0.65 Miles)</s>
    <s>White Haven Walking Tours (0.72 Miles)</s>
    <s>A.S.A. of PA Jake Kislan Softball Complex (3.88 Miles)</s>
    <s>Shopping Nearby</s>
    <s>Lehigh Gorge Outfitters (0.63 Miles)</s>
    <s>Adventure Campground at Whitewater Challengers (3.54 Miles)</s>
    <s>Whitewater Challengers - Weatherly (3.71 Miles)</s>
    <s>Biking Nearby</s>
    <s>D and L Trail - Lehigh Gorge State Park Trail (0.41 Miles)</s>
    <s>Pennsylvania Greenway Sojourn 2006 (1.32 Miles)</s>
    <s>Camping Nearby</s>
    <s>Sandy Valley (1.09 Miles)</s>
    <s>Hickory Run State Park (4.16 Miles)</s>
    <s>Hiking Nearby</s>
    <s>D and L Trail - Lehigh Gorge State Park Trail (0.41 Miles)</s>
    <s>Outfitters Nearby</s>
    <s>Lehigh Gorge Outfitters (0.63 Miles)</s>
    <s>Lehigh Rafting Rentals, Inc. (1.1 Miles)</s>
    <s>Whitewater Challengers Outdoor Center (1.65 Miles)</s>
    <s>Adventure Campground at Whitewater Challengers (3.54 Miles)</s>
    <s>River Adventures Nearby</s>
    <s>Lehigh Rafting Rentals, Inc. (1.1 Miles)</s>
    <s>Whitewater Challengers Outdoor Center (1.65 Miles)</s>
    <s>Adventure Campground at Whitewater Challengers (3.54 Miles)</s>
    <s>Whitewater Challengers - Weatherly (3.71 Miles)</s>
    <s>Water Activities Nearby</s>
    <s>D and L Trail - Lehigh Gorge State Park Trail (0.41 Miles)</s>
    <s>Lehigh River Gorge (0.42 Miles)</s>
    <s>Lehigh Rafting Rentals, Inc. (1.1 Miles)</s>
    <s>Whitewater Challengers Outdoor Center (1.65 Miles)</s>
    <s>Boating &amp; Sailing Nearby</s>
    <s>D and L Trail - Lehigh Gorge State Park Trail (0.41 Miles)</s>
    <s>Lehigh River Gorge (0.42 Miles)</s>
    <s>Hunting &amp; Fishing Nearby</s>
    <s>D and L Trail - Lehigh Gorge State Park Trail (0.41 Miles)</s>
    <s>Museums Nearby</s>
    <s>C &amp; B Trains and Museum (0.65 Miles)</s>
    <s>Tours Nearby</s>
    <s>C &amp; B Trains and Museum (0.65 Miles)</s>
    <s>White Haven Walking Tours (0.72 Miles)</s>
    <s>Pennsylvania Greenway Sojourn 2006 (1.32 Miles)</s>
    <s>Historic Places Nearby</s>
    <s>White Haven Walking Tours (0.72 Miles)</s>
    <s>Exploring Audubon's Lehigh (0.85 Miles)</s>
    <s>Pennsylvania Greenway Sojourn 2006 (1.32 Miles)</s>
    <s>History Tours Nearby</s>
    <s>White Haven Walking Tours (0.72 Miles)</s>
    <s>Exploring Audubon's Lehigh (0.85 Miles)</s>
    <s>Driving Tours Nearby</s>
    <s>Exploring Audubon's Lehigh (0.85 Miles)</s>
    <s>All Tours Nearby</s>
    <s>White Haven Walking Tours (0.72 Miles)</s>
    <s>Pennsylvania Greenway Sojourn 2006 (1.32 Miles)</s>
    <s>Haunted Happenings Nearby</s>
    <s>White Haven Walking Tours (0.72 Miles)</s>
    <s>Historic Towns Nearby</s>
    <s>Pennsylvania Greenway Sojourn 2006 (1.32 Miles)</s>
    <s>Railroads Nearby</s>
    <s>Pennsylvania Greenway Sojourn 2006 (1.32 Miles)</s>
    <s>Action Sports Nearby</s>
    <s>Lehigh River Gorge (0.42 Miles)</s>
    <s>Pennsylvania Greenway Sojourn 2006 (1.32 Miles)</s>
    <s>Rails to Trails Nearby</s>
    <s>Lehigh Gorge Trail (0.78 Miles)</s>
    <s>Pennsylvania Greenway Sojourn 2006 (1.32 Miles)</s>
    <s>Wildlife Nearby</s>
    <s>Lehigh River Gorge (0.42 Miles)</s>
    <s>Pennsylvania Greenway Sojourn 2006 (1.32 Miles)</s>
    <s>Hickory Run State Park (4.16 Miles)</s>
    <s>Campgrounds Nearby</s>
    <s>Sandy Valley (1.09 Miles)</s>
    <s>Adventure Campground at Whitewater Challengers (3.54 Miles)</s>
    <s>Skiing &amp; Winter Sports Nearby</s>
    <s>Pennsylvania Ski Areas Association (1.9 Miles)</s>
    <s>Diners Nearby</s>
    <s>White Haven Family Diner (0.65 Miles)</s>
    <s>Cabins Nearby</s>
    <s>Sandy Valley (1.09 Miles)</s>
    <s>View All Categories </s>
    <s>Back to Top</s>
    <s>!bottom curve</s>
    <s>Contact Us | Disclaimer | Privacy Policy | Help | Credits | Sponsors</s>
    <s>Copyright (C) 2011 WITF, Inc.</s>
    <s>Historical Marker ® 2011 PHMC</s>
    <s>Validate: XHTML | CSS</s>
  </text>
</page>
