<?xml version="1.0" encoding="UTF-8"?>
<!DOCTYPE page SYSTEM "page.dtd">
<page>
  <lang>en</lang>
  <url>http://artandseek.org/organization.php%3Fid%3D3362</url>
  <title>Art&amp;Seek | Cityplace Conference and Event Center--42nd Floor ...</title>
  <snippet>
    <s>Organization ·. Cityplace Conference and Event Center--42nd Floor Club. With a variety of special event spaces, Cityplace has the versatility to make any event </s>
  </snippet>
  <text>
    <s>Public Media for North Texas</s>
    <s>KERA News</s>
    <s>October 15, 2011</s>
    <s>A SERVICE OF KERA</s>
    <s>» SUPPORT ART&amp;SEEK «</s>
    <s>Organization *</s>
    <s>Cityplace Conference and Event Center--42nd Floor Club</s>
    <s>With a variety of special event spaces, Cityplace has the versatility to make any event a smashing success. Whether you prefer the classic sophistication of the 42nd Floor with an unparalleled view of downtown Dallas, a traditional ballroom, a contemporary five-story vaulted atrium with floor to ceiling windows or a hip warehouse feel, Cityplace is the place to entertain your guests.</s>
    <s>Update This Organization</s>
    <s>If you would like to update this organization, please fill out the form below completely.</s>
    <s>Your full name:</s>
    <s>Your email address:</s>
    <s>Your organization: (if applicable)</s>
    <s>Your phone number:</s>
    <s>Internet Address</s>
    <s>What changes do you recommend we make to this page? Please be specific, providing correct dates, spelling, etc.</s>
    <s>Remember Me</s>
    <s>Check here if you plan to enter or update more events or organizations in the next 90 days and would prefer not to re-type your information above each time.</s>
    <s>Update this page</s>
    <s>Visitor Information</s>
    <s>Cityplace Conference and Event Center--42nd Floor Club</s>
    <s>2711 North Haskell Avenue</s>
    <s>Dallas, TX 75204</s>
    <s>214-515-5100 phone</s>
    <s>visit website</s>
    <s>map &amp; directions</s>
    <s>October November December January 2012 February 2012 March 2012 April 2012 May 2012 June 2012 July 2012 August 2012 September 2012</s>
    <s>» by category</s>
    <s>» by location</s>
    <s>» submit event</s>
    <s>» arts groups</s>
    <s>» advanced search</s>
    <s>You must have Java enabled to view headlines.</s>
    <s>» More News and Features</s>
    <s>Art&amp;Seek Sponsor:</s>
    <s>Support Art&amp;Seek</s>
    <s>About Art&amp;Seek</s>
    <s>Art&amp;Seek is a service from KERA for North Texas where creative people can come together to find, discuss, create and react to art.</s>
    <s>Learn more »</s>
    <s>Who We Are</s>
    <s>Anne Bothwell Director</s>
    <s>Jerome Weeks Arts Reporter/Producer</s>
    <s>Stephen Becker Calendar/Content Editor</s>
    <s>Nilufer Arsala Radio Calendar Producer</s>
    <s>Gila Espinoza Calendar Coordinator</s>
    <s>Therese Powell Calendar Coordinator</s>
    <s>Our Supporters »</s>
    <s>Submit an event</s>
    <s>Contact us</s>
    <s>Help us build a digital community for the arts in North Texas with your contribution</s>
    <s>Give Now »</s>
    <s>Copyright (C) 2011. Art and Seek, Art&amp;Seek and the Art&amp;Seek logo are service marks of KERA, North Texas Public Broadcasting. All rights reserved. Privacy Policy</s>
    <s>Calendar powered by Zero Defect Design LLC | About Culture Guides</s>
  </text>
</page>
