<?xml version="1.0" encoding="UTF-8"?>
<!DOCTYPE page SYSTEM "page.dtd">
<page>
  <lang>en</lang>
  <url>http://ctec.g8rweb.com/ctec/txp/index.php%3Fs%3Dmidwinter</url>
  <title>2011 Conference - AEJMC | Communication Technology Division</title>
  <snippet>
    <s>Authors of accepted abstracts must submit complete papers (not exceeding 30 pages) to the discussant of their conference session least two weeks before the </s>
  </snippet>
  <text>
    <s>Annual Report</s>
    <s>National Conference</s>
    <s>2011 Conference</s>
    <s>Jung-Sook Lee Competition</s>
    <s>Midwinter Conference</s>
    <s>2011 Conference</s>
    <s>Best of the Web</s>
    <s>Call for Entries</s>
    <s>Competition Rules</s>
    <s>Previous Winners</s>
    <s>Contact the Division</s>
    <s>AEJMC 2011 Midwinter Conference</s>
    <s>Conference in Brief</s>
    <s>Dates: March 4-5, 2011</s>
    <s>Location: University of Oklahoma</s>
    <s>Questions: Elanie Steyn, Conference Site Host</s>
    <s>DEADLINES: Panel proposals &amp; Papers due by noon, December 3, 2010</s>
    <s>Website: www.ou.edu/gaylord/home/main/outreach/aejmc mid winter.html</s>
    <s>About the Conference</s>
    <s>The AEJMC Midwinter Conference is an annual forum for the presentation of research and debate in areas relevant to the 13 AEJMC groups (divisions, interest groups and commissions) sponsoring the event. The conference provides a platform for presentations and extended discussions in a relaxed setting.</s>
    <s>The upcoming conference is scheduled for March 4-5, 2011 at the Gaylord College of Journalism and Mass Communication (University of Oklahoma) in Norman, Oklahoma. For the third year in a row, conference participants will be able to enjoy the College’s state-of-the-art teaching and research facilities, as well as many winter diversions outside the conference activities, including world-class museums and art galleries.</s>
    <s>Paper abstract submissions:</s>
    <s>Authors are invited to submit research paper abstracts of between 600 and 800 words (word count excludes author information and references). Abstracts should give a clear sense of relevant literature, research objectives, methodological approach, stage of research project (conceptual, data gathering, data interpreting), findings and conclusions.</s>
    <s>Submissions should be made by e-mail to the midwinter chair (from the list below) of the group authors wish to submit to. Note that authors can only submit a paper abstract to one participating group – submitting the same paper abstract to several groups will result in disqualification and withdrawal from the review process. Do not submit full papers.</s>
    <s>Authors of accepted papers will be notified by mid-January 2011. Papers presented at the midwinter conference are also eligible for presentation at the AEJMC national convention. Authors are encouraged to use the midwinter conference as an opportunity to get feedback on their research, improve and finalize it for submission to the national conference.</s>
    <s>Authors of accepted abstracts must submit complete papers (not exceeding 30 pages) to the discussant of their conference session least two weeks before the conference.</s>
    <s>At least one author of each accepted paper must register and attend the conference to read the paper.</s>
    <s>Panel submissions:</s>
    <s>In addition, the organizers are also inviting panel proposals sent to the relevant midwinter chair of the group they wish to present the panel to. Panel submissions should include the panel title, a description of the session’s focus, the issues to be discussed, and a list of panelists (potential and confirmed), including affiliation. Panel proposals should not exceed two double-spaced pages.</s>
    <s>Submission format</s>
    <s>All submissions (for paper abstracts and panels) should include the name(s) of the author(s) or panels organizer(s) on the title page only. The title page should also include the corresponding author’s mailing address, telephone number and e-mail address. The title should be on the first page of the text and on running heads on each page of text. Authors should e-mail their abstracts or proposals as attachments (saved with the author’s last name as file name) in a standard word-processing format (preferably Word or RTF) to the relevant midwinter chair. Authors must ensure that they remove any identifying information from their document (with the exception of the title page).</s>
    <s>All submissions should reach the appropriate group’s midwinter chair by noon, December 3, 2010.</s>
    <s>The University of Oklahoma is located in Norman, 20 miles south of Oklahoma City, with easy access to the Will Rogers World Airport. Details on conference registration, hotel accommodation and airport transportation will be available at http://www.ou.edu/gaylord.</s>
    <s>For more information, please contact Elanie Steyn, Conference Site Host (elanie@ou.edu).</s>
    <s>AEJMC 2011 Midwinter Chairs by Division/Interest Group/Commission</s>
    <s>Civic &amp; Citizen Journalism Interest Group</s>
    <s>Burton St. John, Old Dominion University (BSaintJo@odu.edu)</s>
    <s>Communication Technology Division</s>
    <s>Carmen Stavrositu, University of Colorado at Colorado Springs (cstavros@uccs.edu)</s>
    <s>Commission on the Status of Women</s>
    <s>Barbara Friedman, University of North Carolina (bfriedman@unc.edu)</s>
    <s>Cultural and Critical Studies Division</s>
    <s>Susan Brockus, California State University (sbrockus@csuchico.edu)</s>
    <s>Entertainment Studies Interest Group</s>
    <s>Mina Tsay, Boston University (minatsay@bu.edu)</s>
    <s>Graduate Education Interest Group</s>
    <s>J.J. De Simone, University of Wisconsin-Madison (jjdesimone@gmail.com)</s>
    <s>International Communication Division</s>
    <s>Heloiza Herscovitz, California State University Long Beach (heloiza@journalism.com)</s>
    <s>Magazine Division</s>
    <s>Liz Fakazis, University of Wisconsin-Stevens Point (liz.fakazis@uwsp.edu)</s>
    <s>Mass Communication &amp; Society Division</s>
    <s>Lisa Paulin, North Carolina Central University (lpaulin@nccu.edu)</s>
    <s>Media Management and Economics Division</s>
    <s>Sue Alessandri, Suffolk University, (salessandri@suffolk.edu)</s>
    <s>Minorities and Communication Division</s>
    <s>Felicia McGhee-Hilt, University of Tennessee at Chattanooga (felicia-hilt@utc.edu)</s>
    <s>Religion and Media Interest Group</s>
    <s>Amanda Sturgill, Elon University (asturgill@elon.edu)</s>
    <s>Visual Communication Division</s>
    <s>Bruce Thorson, University of Nebraska-Lincoln (bthorson2@unl.edu)</s>
    <s>Content (C) 2011 Communication Technology Division</s>
    <s>Design (C) 2006 David Stanton</s>
    <s>HARDCORE VIDEOS free download | траверсы, крюки и стальной канат, скобы, вертлюги, стропы текстильные и талреп | Be or not to be - sites to watch movies for free . My Lands is on-line gameHit 2010.</s>
  </text>
</page>
