<?xml version="1.0" encoding="UTF-8"?>
<!DOCTYPE page SYSTEM "page.dtd">
<page>
  <lang>en</lang>
  <url>http://2011.impa.net/topics.php</url>
  <title>Topics | IMPA 2011 Exhibition &amp; Conference</title>
  <snippet>
    <s>IMPA 2011 Exhibition &amp; Conference 14 &amp; 15 September 2011 London, United Kingdom Register Today! Conference Workshop Sessions </s>
  </snippet>
  <text>
    <s>Garden Party</s>
    <s>Back to IMPA.net</s>
    <s>IMPA 2011</s>
    <s>IMPA 2011 Exhibition &amp; Conference 14 &amp; 15 September 2011 London, United Kingdom Register Today!</s>
    <s>The World Class Event for Marine Purchasing &amp; Supply</s>
    <s>Opening Ceremony Presentations</s>
    <s>Keynote Address (Day 1: 10:30 - 11:00)</s>
    <s>A strategic Perspective</s>
    <s>Thomas Woidemann, Lauritzen Kosan A/S President</s>
    <s>The scene-setting keynote speech, A Strategic Perspective, comes from industry high-flier Thomas Woidemann, a former management apprentice who recently became president of Lauritzen Kosan (LK) – the gas carrier division of Denmark’s J.Lauritzen group – at the age of just 36.</s>
    <s>Thomas has a lot planned for the future of the business and will be sharing some of these thoughts in a wide-ranging start to the conference. His presentation will examine what makes the gas market special and how LK is positioning itself to meet global demands. He will also explore his company’s approach to crew development and environmental management.</s>
    <s>Delegates can look forward to unique and fascinating insights from one of the most charismatic and entertaining captains of the industry.</s>
    <s>Presentation (Day 1: 11:15-12:00)</s>
    <s>Determining Priorities in Ship Supply</s>
    <s>Captain Peter Machado, COO, EMS Ship Supply</s>
    <s>This relevant and thought provoking presentation given by EMS Ship Supply COO Captain Peter Machado, will begin by discussing results of the recent 2011 IMPA survey. It will then continue by looking at the results of asking 4 key questions of significance to various facets of the global shipping industry, which uncovered some enlightening results </s>
    <s>Conference Workshop Sessions</s>
    <s>Session 1 (Day 1: 14:00-15:00)</s>
    <s>Spare parts procurement - The debate </s>
    <s>Rob Scharff &amp; Simon Veldman</s>
    <s>Procurement strategy for spare parts is one of the most debated subjects amongst marine purchasers today </s>
    <s>The central issue is about buying genuine and original equipment manufacturer spares as opposed to non-genuine and pirate parts - but different people have different definitions and opinions on what is genuine or original and what is not. Market forces, economic cycles, budgets and changing manufacturer strategies along with other factors will either bring manufacturers and shipowners closer together, or make them drift further apart - the dilemma or opportunity of alternative suppliers will catalyse this phenomenon either way.</s>
    <s>Don’t miss this exciting and though provoking conference session where (based on their own positive and negative experiences with both non-genuine products and original manufacturers) Rob and Simon will cover the subject of spare parts procurement in detail covering such items as manufacturing processes, alternative strategies, partnerships, dual or multiple sourcing and much more.</s>
    <s>Session 2 (Day 2: 14:00-15:00)</s>
    <s>Supplier Auditing &amp; Evaluation</s>
    <s>Steve Malcolm, Linstar Consultants</s>
    <s>This workshop has been developed to look at supply chain management that should be in place to ensure that confidence in supplier capability is known and understood. It will look at critical factors such as: type and extent of control over suppliers, the need for robust evaluation and re-evaluation activities and the impact that misaligned objectives can have in price over quality. It will also explore Influences that are shaping purchasing processes such as environmental, ethical and business continuity concerns.</s>
    <s>The workshop will also provide an insight into what certification bodies look for and expect to see when reviewing the purchasing elements of Quality and Environmental management systems. This will allow those involved with purchasing and supply chain management to understand and influence these elements of a management system.</s>
    <s>A Q&amp;A; session will follow the presentation where delegates will be able to raise any queries they may have on the subjects covered and to quiz Steve on anything to do with ISO certification challenges and processes.</s>
    <s>The Briefing Sessions</s>
    <s>3 Sessions</s>
    <s>This year also sees the welcome return of briefing sessions </s>
    <s>Each of these sessions will take part in the small hall and will cover topics relevant to their respective industry areas. The briefing sessions are free for all to attend and will provide an opportunity to discuss and analyse current debates, as well as recent developments in each respective area of the industry.</s>
    <s>Session 2: (Day 1) 15.30 - 16.30</s>
    <s>EDB Ergo Group</s>
    <s>On day one, the briefing sessions continue with a presentation by EDB ErgoGroup, a leading IT service provider in the Nordic region with 50 years of experience from Norwegian and Nordic IT Innovation. EDB ErgoGroup has around 10,000 employees and a combined turnover of NOK 12 billion. The company is listed on the Oslo Stock Exchange with their HQ in Oslo and with significant operations in both the Norwegian and Swedish markets.</s>
    <s>This session will cover the latest news and updates regarding their popular MarineLink product offering.</s>
    <s>Session 1: (Day 1) 12:30 - 13:30</s>
    <s>A Sustainable View of Food Sourcing</s>
    <s>This session, organised by Garrets International - a leading marine catering management company – and including speakers from the Marine Stewardship Council and Sustainable Fish City will include a general overview of how to develop a healthy and sustainable view of food sourcing for provisions supply, as well as a brief outline on what the implications of the forthcoming HACCP regulations are and how they will effect ship owners and managers.</s>
    <s>Session 3: (Day 2) 11.30 - 12.30</s>
    <s>ShipServ - The marine &amp; offshore e-marketplace</s>
    <s>ShipServ helps marine and offshore buyers to find the best suppliers easily, trade efficiently and build trusted relationships. A range of products and services bring buyers and suppliers together online, in print, on ship and in person. ShipServ offer the largest online trading platform, the most used supplier search engine, the leading ordering guide and the first online ad network.</s>
    <s>This session will cover the very latest news and updates to the ShipServ range of products – ShipServ Pages, ShipServ TradeNet and the ShipServ AdNetwork</s>
    <s>Event Sponsors (would you like your logo here?)</s>
    <s>!ISS Machinery Services</s>
    <s>!Fuji Trading</s>
    <s>!National Ship Chandlers</s>
    <s>!Atlas Ship Supply</s>
    <s>!Fred Olsen</s>
    <s>!ILS Supply Chain Solutions</s>
    <s>!Marinetrans Benelux BV</s>
    <s>!Mares Shipping</s>
    <s>!Hanseatic Marine Services</s>
    <s>(C)2010-2011 SA Maritime &amp; International Marine Purchasing Association. All Rights Reserved.</s>
    <s>IMPA, East Bridge House, East Street, Colchester, Essex, CO1 2TX UK | +44 (0) 1206 798900</s>
  </text>
</page>
