<?xml version="1.0" encoding="UTF-8"?>
<!DOCTYPE page SYSTEM "page.dtd">
<page>
  <lang>en</lang>
  <url>http://digitalcommons.bepress.com/dc_events/2011/all_events/18/</url>
  <title>ER&amp;L Conference, Buzz Session</title>
  <snippet>
    <s>Open Event. Tell a Colleague Print COinS. Feb 28th, 4:00 PM Feb 28th, 4:45 PM. ER&amp;L Conference, Buzz Session. Austin, TX. Join us for the Buzz session: </s>
  </snippet>
  <text>
    <s>Skip to main content</s>
    <s>Enter search terms: Search</s>
    <s>Digital Commons</s>
    <s>&lt; Previous Event</s>
    <s>Next Event &gt;</s>
    <s>Home &gt; Digital Commons Events &gt; DC Events 2011 &gt;</s>
    <s>Digital Commons Events 2011</s>
    <s>Event Title</s>
    <s>ER&amp;L; Conference, Buzz Session</s>
    <s>Presenter Information</s>
    <s>Patti French, Berkeley Electronic Press</s>
    <s>Austin, TX</s>
    <s>Start Date</s>
    <s>2-28-2011 4:00 PM</s>
    <s>End Date</s>
    <s>2-28-2011 4:45 PM</s>
    <s>Join us for the Buzz session: &quot;Make it YourselfAcademic library as publisher of print and online products.&quot; This session will feature Patti French from Berkeley Electronic Press.</s>
    <s>Buzz sessions focus on a single topic and allow plenty of discussion – there will be time for several quick presentations per session with lots of time to discuss and collaborate afterward.</s>
    <s>Registration Information</s>
    <s>For more information about ER&amp;L; and to register, visit the website at: http://www.electroniclibrarian.com/.</s>
    <s>Open Event</s>
    <s>Tell a Colleague</s>
    <s>Feb 28th, 4:00 PM Feb 28th, 4:45 PM</s>
    <s>ER&amp;L; Conference, Buzz Session</s>
    <s>Austin, TX</s>
    <s>Join us for the Buzz session: &quot;Make it YourselfAcademic library as publisher of print and online products.&quot; This session will feature Patti French from Berkeley Electronic Press.</s>
    <s>Buzz sessions focus on a single topic and allow plenty of discussion – there will be time for several quick presentations per session with lots of time to discuss and collaborate afterward.</s>
    <s>Digital Commons in Action</s>
    <s>DC in Action</s>
    <s>DC Customers</s>
    <s>Map View</s>
    <s>Journal Gallery</s>
    <s>Scholar Pages</s>
    <s>Scholar Gallery</s>
    <s>Books Gallery</s>
    <s>Conferences Gallery</s>
    <s>Image Galleries</s>
    <s>Theses and Dissertations</s>
    <s>About Digital Commons</s>
    <s>About DC</s>
    <s>For Publishing</s>
    <s>For Scholars</s>
    <s>Support and Hosting</s>
    <s>Why Hosted?</s>
    <s>Contact Us</s>
    <s>Digital Commons Events</s>
    <s>Digital Commons Newsletter</s>
    <s>Research on IRs</s>
    <s>Reference Materials</s>
    <s>Toolkits and Tutorials</s>
    <s>Digital Commons</s>
    <s>Contact us | 510-665-1200 |</s>
    <s>About bepress | Accessibility Statement</s>
    <s>*Feb 28th, 4:45 PM: 2011-02-28T164500</s>
    <s>*Feb 28th, 4:00 PM: 2011-02-28T160000</s>
  </text>
</page>
