<?xml version="1.0" encoding="UTF-8"?>
<!DOCTYPE page SYSTEM "page.dtd">
<page>
  <lang>en</lang>
  <url>http://health.usf.edu/publichealth/officeresearch/sharp.html</url>
  <title>Office of Research</title>
  <snippet>
    <s>Aug 15, 2011 Conference Registration Fee(s): are allowable expenses . For more information , please contact the Administrator in your academic department. ribbon; a photograph of the student at the poster/oral presentation; etc. </s>
  </snippet>
  <text>
    <s>This Page is moved</s>
    <s>Student Honorary Award for Research and Practice has moved to a new location.</s>
    <s>You will be redirected to the new website in a few seconds.</s>
    <s>The new website is located at:http://health.usf.edu/publichealth/officeresearch/Student+Honorary+Award.htm</s>
    <s>Please bookmark our new location.</s>
  </text>
</page>
