<?xml version="1.0" encoding="UTF-8"?>
<!DOCTYPE page SYSTEM "page.dtd">
<page>
  <lang>en</lang>
  <url>http://gardo1.rice.iit.edu/webconf/</url>
  <title>IIT Web Conference</title>
  <snippet>
    <s>For demonstration at 7th Annual Real-Time Communications Conference and Expo, allows you to do multiparty audio and video conferences and slide presentation. Then you send an email to your participants giving the link to this web </s>
  </snippet>
  <text>
    <s>IIT Web Conference</s>
    <s>For demonstration at 7th Annual Real-Time Communications Conference and Expo, Oct 4-6, 2011, Chicago Area</s>
    <s>1. Main</s>
    <s>2. Video Conference</s>
    <s>3. Preferences</s>
    <s>4. Help</s>
    <s>Join Existing Web Conference</s>
    <s>Your full name:</s>
    <s>Select a conference:</s>
    <s>No Available Conference</s>
    <s>Moderator password:</s>
    <s>Create New Web Conference</s>
    <s>Your full name:</s>
    <s>Conference name:</s>
    <s>Moderator password:</s>
    <s>Password again:</s>
    <s>Login to Receive Invite</s>
    <s>Your name:</s>
    <s>Who is Online?</s>
    <s>Select and send</s>
    <s>Minimum Requirements</s>
    <s>(met by Google Chrome web browser).</s>
    <s>1. Lastest Flash Player plugin</s>
    <s>2. Good Internet connectivity</s>
    <s>3. Open and less restrictive NAT/firewall</s>
    <s>Text Chat !</s>
    <s>Change Moderator Password</s>
    <s>Enter current password:</s>
    <s>Enter new password:</s>
    <s>Re-enter new password:</s>
    <s>Conference Settings</s>
    <s>Is this a persistent conference:</s>
    <s>Auto-start new participant's video:</s>
    <s>Show per participant video controls:</s>
    <s>Allow HTML in text chat:</s>
    <s>Show header banner at top:</s>
    <s>Show footer banner at bottom:</s>
    <s>Media and Device Settings</s>
    <s>Please click on &quot;Allow&quot; and &quot;Remember&quot; below.</s>
    <s>Visual Layout (only for your view)</s>
    <s>Show or hide the participant list box:</s>
    <s>Position of participant list box: Left or Right</s>
    <s>Show or hide the text chat messages box:</s>
    <s>Position of chat history box: Left or Right</s>
    <s>Transmit Media Quality</s>
    <s>Microphone quality pooraverage good very goodexcellent</s>
    <s>Camera quality pooraverage good very goodexcellent automatic b/w very lowlow average highvery high automatic</s>
    <s>frames/second pooraverage good very goodexcellent current value: 0</s>
    <s>dimension x-smallsmall medium largex-large loopback</s>
    <s>Network Quality</s>
    <s>Links to Project Resources (C) 2010-2011, Kundan Singh, All Rights Reserved.</s>
    <s>Voice and Video on Web, Flash-based Audio and Video Communication, SIP APIs for web communications</s>
  </text>
</page>
