<?xml version="1.0" encoding="UTF-8"?>
<!DOCTYPE page SYSTEM "page.dtd">
<page>
  <lang>en</lang>
  <url>http://gestalttheory.net/conv/</url>
  <title>Gestalt - Organization - Development. 17th Scientific Convention of ...</title>
  <snippet>
    <s>Please send your registration via e-mail to the Conference Committee Potsdam 2011: gta2011@gestalttheory.net and pay the conference fee to the GTA bank </s>
  </snippet>
  <text>
    <s>The International</s>
    <s>SOCIETY FOR GESTALT THEORY AND ITS APPLICATIONS</s>
    <s>(founded in 1978)</s>
    <s>Gesellschaft fur Gestalttheorie und ihre Anwendungen - Societe pour la theorie de la Gestalt et ses applications - Associazione della Teoria della Gestalt e delle sue applicazioni - Sociedad para la teoria de Gestalt y sus aplicaciones - Sociedade para a teoria de Gestalt e suas aplicaçoes</s>
    <s>!GTA logo</s>
    <s>This was the Announcement for the</s>
    <s>17th Scientific Gestalt Theory Convention of the GTA</s>
    <s>The lectures of this conference will be published in Gestalt Theory 2/2011</s>
    <s>March 30 - April 2, 2011</s>
    <s>Potsdam, Germany</s>
    <s>in cooperation with the</s>
    <s>Business School Potsdam</s>
    <s>for Management and Health</s>
    <s>Gestalt - Organization - Development</s>
    <s>Kurt Lewin and Organization Development</s>
    <s>Zur deutschsprachigen Tagungsseite</s>
    <s>Head of Conference Committee:</s>
    <s>Univ.-Prof. Herbert Fitzek</s>
    <s>You are cordially invited to attend the international 17th Scientific Convention of the GTA at the Business School Potsdam (Germany), on March 30-April 2nd, 2011.</s>
    <s>Development and Organization are core topics of Gestalt psychology. Kurt Lewin defined them as basic concepts of a psychological analysis of social and economical issues. The conference essentially refers to the question, how Gestalt and field theory give an insight on the dynamics of groups and institutional processes. Furthermore, it will focus on their contribution to a psychological diagnosis and consultation of organizational cultures.</s>
    <s>But the conference theme - Gestalt - Organization - Development - is intended to suggest rather than restrict topics for consideration. Presentations may focus specifically on this conference theme or on other related subjects from a variety of fields of research and application of Gestalt theory which serve the discussion and advancement of the Gestalt-theoretical approach. In this way the meeting is open for theoretical and practical presentations and discussions on Gestalt - Development - Organization also in other fields of science, research and application in the sense of an interdisciplinary dialogue.</s>
    <s>Part of the convention will be an excursion on Saturday to Berlin sites relevant for Gestalt theory´s history.</s>
    <s>The program of the conference will feature plenary lectures, workshops and poster sessions. Conference languages are German and English.</s>
    <s>Preliminary list of Presentations</s>
    <s>Lectures, Workshops, Posters</s>
    <s>For a more detailed program please click here</s>
    <s>Key Note Address - Festvortrag :</s>
    <s>Helmut Luck, Hagen: Kurt Lewin - Anfange der Wirtschaftspsychologie (Kurt Lewin - Beginnings of Economic Psychology)</s>
    <s>Lectures - Workshops - Posters:</s>
    <s>Norbert Andersch, London:</s>
    <s>Kurt Lewin - Gespannte Systeme und Genesereihen</s>
    <s>Anna Arfelli Galli, Macerata:</s>
    <s>Interaktive Didaktik: Lewin und Tavistock</s>
    <s>Tobias Braun / Rainer Zeichhardt, Potsdam:</s>
    <s>Organisation und Entwicklung - A Case Study</s>
    <s>J. Claussen, Potsdam:</s>
    <s>Organisationsentwicklung in einem Start up - Unternehmen</s>
    <s>Herbert Fitzek, Potsdam:</s>
    <s>Lewin und Aktionsforschung</s>
    <s>Rainer Kastl, Lindau /B. Lindorfer, Vienna:</s>
    <s>Anna Khodorenko, Dnjepropretowsk:</s>
    <s>Linguistic Gestalt and Language Units Hierarchy</s>
    <s>Gisela Kubon-Gilke, Darmstadt:</s>
    <s>Gestalttheoretische Hintergrunde zum Zusammenhang von Wirtschafts- und Sozialstaatskrise</s>
    <s>Hellmuth Metz-Gockel, Dortmund:</s>
    <s>Duale Prozess-Theorien in der Psychologie</s>
    <s>Raymond Pavloski, Indiana:</s>
    <s>Recurrent Neural Networks as a Model of Gestalten?</s>
    <s>Klaus Schwarzfischer, Regensburg :</s>
    <s>Integrative Ästhetik / Integrative Aesthetics</s>
    <s>Marianne Soff, Karlsruhe:</s>
    <s>Lewin als Pionier der Burnout-Forschung</s>
    <s>Gerhard Stemberger, Vienna:</s>
    <s>Das Ich - Konstruktion, Illusion oder Realitat?</s>
    <s>Katharina Sternek, Vienna / Thomas Fuchs, Bonn:</s>
    <s>Gestalttheoretische Psychotherapie - Einfuhrung</s>
    <s>Thomas Stocker, Potsdam:</s>
    <s>Der Lebensraum als Moglichkeitsraum fur Training, Beratung und Coaching</s>
    <s>Jaana Vainio-Utriainen, Helsinki:</s>
    <s>Bauhaus and Gestalt Theory</s>
    <s>Uta Wedam, Graz:</s>
    <s>Die Gestalt des Fremden in der Gesellschaft</s>
    <s>Pola Zugge, Gudrun Schoppe, Kathalin Laser und Eva Graubner (Potsdam):</s>
    <s>Conference fee:</s>
    <s>190 € (till March 15th, 2011), then 230 €.</s>
    <s>Conference fee for GTA-members:</s>
    <s>160 € (till March 15th, 2011), then 200 €.</s>
    <s>Reduced fee upon request: 70 € (till January 31th, 2011).</s>
    <s>Registration and payment:</s>
    <s>Please send your registration via e-mail to the Conference Committee Potsdam 2011: gta2011@gestalttheory.net and pay the conference fee to the GTA bank account:</s>
    <s>Spar- und Kreditbank Gemunden</s>
    <s>Konto-Nr: 826413</s>
    <s>BLZ: 52069029</s>
    <s>IBAN: DE83 5206 9029 0000 8264 13</s>
    <s>BIC: GENODEF1GMD</s>
    <s>Payment reference: Conference 2011</s>
    <s>The registration´s confirmation and further information will be sent to you upon registration and payment.</s>
    <s>For a more detailed program please click here.</s>
    <s>For organizational information (Hotels, transport, restaurants) please click here.</s>
    <s>If there is anything you would like to ask or suggest, please do not hesitate to contact the Conference Committee Potsdam 2011 by eMail:</s>
    <s>Email Conference Committee</s>
    <s>Click here for a list of the Scientific Conventions of the GTA 1979-2009</s>
    <s>!GTA Symposium in Helsinki 2012</s>
    <s>Home GTA International</s>
    <s>GESTALT INFOSPACE - Gestalt Resources | GESTALT ARCHIVE | Journal GESTALT THEORY</s>
    <s>Gestalt People | Gestalt Publications | Gestalt Conferences | Gestalt Theoretical Psychotherapy</s>
    <s>About Gestalt Theory and the GTA</s>
    <s>!GTA Home page Deutsch |!GTA Home page Italiano |!GTA Home page Français</s>
  </text>
</page>
