<?xml version="1.0" encoding="UTF-8"?>
<!DOCTYPE page SYSTEM "page.dtd">
<page>
  <lang>en</lang>
  <url>http://conference.collegeart.org/2011/schedule/meetings.php</url>
  <title>Committee Meetings | CAA 2011 Annual Conference | College Art ...</title>
  <snippet>
    <s>11 5:30–7:00 PM CAA Annual Members&#39; Business Meeting and Reception Meetings are open to committee members only. Annual Conference Committee </s>
  </snippet>
  <text>
    <s>Blog | Maps | Downloads | Contact | Join | CAA</s>
    <s>Home Registration</s>
    <s>Travel and Lodging!</s>
    <s>Conference Hotels Travel and Transportation Special Accomodations</s>
    <s>Overview Committee Meetings Affiliated Society Meetings Receptions</s>
    <s>Program Sessions Centennial Sessions Poster Sessions</s>
    <s>Career Services!</s>
    <s>Overview Interview Hall Employers Job Seekers Professional Development</s>
    <s>Workshops Mentoring Roundtable Discussions</s>
    <s>Book and Trade Fair</s>
    <s>Overview ARTspace Sessions Media Lounge ARTexchange</s>
    <s>Student Registration SEP Lounge</s>
    <s>Special Events Museums and Galleries Free and Open</s>
    <s>Committee Meetings</s>
    <s>Friday, Feb. 11</s>
    <s>5:30–7:00 PM</s>
    <s>CAA Annual Members' Business Meeting and Reception</s>
    <s>Rendezvous Trianon, 3rd Floor, Hilton New York</s>
    <s>A reception will immediately follow the meeting. Please join us to toast the launch of the Centennial year.</s>
    <s>CAA is deeply grateful to The Art Institute of Atlanta for sponsoring this reception.</s>
    <s>CAA Committee Meetings</s>
    <s>Meetings are open to committee members only. All meetings are at the Hilton Hotel, unless otherwise noted.</s>
    <s>Wednesday, February 9</s>
    <s>7:30–9:00 AM</s>
    <s>Services to Artists Committee</s>
    <s>Harlem Suite, 4th Floor</s>
    <s>NOON–2:30 PM</s>
    <s>Art Journal Editorial Board</s>
    <s>Green Room 4th Floor</s>
    <s>12:30–2:00 PM</s>
    <s>Annual Conference Committee</s>
    <s>Holland Suite, 4th Floor</s>
    <s>Committee on Women in the Arts</s>
    <s>Hudson Suite, 4th Floor</s>
    <s>Thursday, February 10</s>
    <s>7:00–9:30 AM</s>
    <s>The Art Bulletin Editorial Board</s>
    <s>Holland Suite, 4th Floor</s>
    <s>7:30–9:00 AM</s>
    <s>International Committee</s>
    <s>Hudson Suite, 4th Floor</s>
    <s>12:30–2:00 PM</s>
    <s>Education Committee</s>
    <s>Harlem Suite, 4th Floor</s>
    <s>5:30–7:00 PM</s>
    <s>Committee on Intellectual Property</s>
    <s>Hudson Suite, 4th Floor</s>
    <s>Friday, February 11</s>
    <s>7:30–9:00 AM</s>
    <s>caa.reviews Editorial Board</s>
    <s>Hudson Suite, 4th Floor</s>
    <s>Committee on Diversity Practices</s>
    <s>Green Room, 4th Floor</s>
    <s>Museum Committee</s>
    <s>Midtown Suite, 4th Floor</s>
    <s>12:30–2:00 PM</s>
    <s>Student and Emerging Professionals Committee</s>
    <s>Midtown Suite, 4th Floor</s>
    <s>5:00–6:30 PM</s>
    <s>caa.reviews Council of Field Editors</s>
    <s>Concourse E, Concourse Level</s>
    <s>Saturday, February 12</s>
    <s>7:30–9:00 AM</s>
    <s>Professional Practices Committee</s>
    <s>Holland Suite, 4th Floor</s>
    <s>8:30–10:30 AM</s>
    <s>Publications Committee</s>
    <s>Hudson Suite, 4th Floor</s>
    <s>10:00–11:00 AM</s>
    <s>Vice President for Committees with Award Jury Chairs and Professional Interests, Practices, and Standards Committee Chairs</s>
    <s>New York Suite, 4th Floor</s>
    <s>11:00 AM–NOON</s>
    <s>Board of Directors with All Committee and Award Jury Chairs</s>
    <s>New York Suite, 4th Floor</s>
    <s>12:30–2:00 PM</s>
    <s>Board of Directors with Affiliated Societies</s>
    <s>New York Suite, 4th Floor</s>
    <s>2:00–3:00 PM</s>
    <s>Nominating Committee</s>
    <s>Hudson Suite, 4th Floor</s>
    <s>4:30–8:00 PM</s>
    <s>Executive Committee</s>
    <s>Hudson Suite, 4th Floor</s>
    <s>Sunday, February 13</s>
    <s>8:00 AM–3:00 PM</s>
    <s>Board of Directors</s>
    <s>Regent Parlor, 2nd Floor</s>
    <s>Go to top of page</s>
    <s>!Duke University Press: Artists All Around!Summer Arts at Columbia University School of The Arts!CAA Art Blog!College of Visual Arts + Design!CAA Art Blog</s>
    <s>Copyright (C) 2011 College Art Association | CAA | 275 Seventh Avenue, 18th Floor, New York, NY 10001 | T: 212-691-1051 | F: 212-627-2381</s>
    <s>Image courtesy of Queens Museum of art</s>
    <s>The College Art Association: advancing the history, interpretation, and practice of the visual arts for over a century.</s>
    <s>Privacy Policy | Refund Policy | Register Now</s>
  </text>
</page>
