<?xml version="1.0" encoding="UTF-8"?>
<!DOCTYPE page SYSTEM "page.dtd">
<page>
  <lang>en</lang>
  <url>http://blackauthors.ning.com/forum/topics/its-writers-conference-time</url>
  <title>It&#39;s Writer&#39;s Conference Time - Black Author Showcase</title>
  <snippet>
    <s>Apr 10, 2011 (April 14-16; Las Vegas, NV) Sams Town Hotel and Gambling Hall American Society of Journalists and Authors 2011 Conference (April 29-May </s>
  </snippet>
  <text>
    <s>Sign Up</s>
    <s>Sign In</s>
    <s>Agents of Literary Change</s>
    <s>Social Networking</s>
    <s>Site Features</s>
    <s>BAS Products Store</s>
    <s>Google Docs</s>
    <s>Free Classifieds</s>
    <s>Submit Poetry</s>
    <s>All Discussions</s>
    <s>My Discussions</s>
    <s>It's Writer's Conference Time</s>
    <s>Posted by Black Author Showcase on April 10, 2011 at 8:12pm in Writer's Workshops News</s>
    <s>View Discussions</s>
    <s>!While you may have missed a few in the beginning of the year (Arizona State University's 2011 Writers' Conference - &quot;Desert Nights, Rising Stars&quot;, Tallahassee Book Festival and Writers Conference, Tennessee Mountain Writers, Inc. Annual Conference, University of North Dakota Writers Conference, Dallas Area Romance Authors 2011 - Dreamin' In Dallas, Carolinas Writers Conference</s>
    <s>and Missouri Writers Guild - Just WriteConference), there are still loads more available to further your writing skills and to commiserate with your fellow authors.</s>
    <s>Check out the list below.</s>
    <s>Las Vegas Writers Conference</s>
    <s>(April 14-16; Las Vegas, NV)</s>
    <s>Sams Town Hotel and Gambling Hall</s>
    <s>American Society of Journalists and Authors 2011 Conference</s>
    <s>(April 29-May 1; New York, NY)</s>
    <s>Roosevelt Hotel</s>
    <s>Los Angeles Times' Festival of Books</s>
    <s>(April 29-May 1; Los Angeles, CA)</s>
    <s>University of Southern California</s>
    <s>Oklahoma Writers' Federation 2011 Conference</s>
    <s>(May 5-7; Oklahoma City, OK)</s>
    <s>Embassy Suites</s>
    <s>Pennwriters 2011 Writers Conference</s>
    <s>(May 13-15; Pittsburgh, PA)</s>
    <s>Pittsburgh Airport Marriott</s>
    <s>WisCon 35</s>
    <s>(May 26-30; Madison, WI)</s>
    <s>Concourse Hotel</s>
    <s>Bear River Writers' Conference</s>
    <s>(June 2-6; Camp Michigania, MI)</s>
    <s>Philadelphia Writers Conference</s>
    <s>(June 3-5; Philadelphia, PA)</s>
    <s>70th Indiana University Writers' Conference</s>
    <s>(June 5-10; Bloomington, IN)</s>
    <s>Odyssey: The Fantasy Writing Workshop</s>
    <s>(June 6-July 15; Manchester, NH)</s>
    <s>Writers League of Texas: Agents Conference</s>
    <s>(June 10-12; Austin, TX)</s>
    <s>Wesleyan Writers Conference</s>
    <s>(June 16-20; Middletown, CT)</s>
    <s>Santa Barbara Writers Conference</s>
    <s>(June 18-23; Santa Barbara, CA)</s>
    <s>Hotel Mar Monte</s>
    <s>Romance Writers of America 31st Annual Conference</s>
    <s>(June 28-July 1; New York, NY)</s>
    <s>Marriott Marquis</s>
    <s>Southampton Writers' Conference</s>
    <s>(July 13-24; Southampton, NY)</s>
    <s>Stony Brook Southampton Campus</s>
    <s>The Alabama Writers Conclave</s>
    <s>(July 15-17; Huntsville, AL)</s>
    <s>Huntsville Alabama Marriott</s>
    <s>West Virginia Writers' Workshop</s>
    <s>(July 21-24; Morgantown, WV)</s>
    <s>West Virginia University</s>
    <s>The Mayborn Literary Nonfiction Conference</s>
    <s>(July 22-24; Grapevine, TX)</s>
    <s>Napa Valley Writers' Conference</s>
    <s>(July 24-29; Napa Valley, CA)</s>
    <s>Mendocino Coast Writers Conference</s>
    <s>(July 28-30; Mendocino, CA)</s>
    <s>Midwest Writers Workshop</s>
    <s>(July 28-30; Muncie, IN)</s>
    <s>Ball State University Alumni Center</s>
    <s>Art and Craft: the Northwestern University Summer Writers' Conference</s>
    <s>(August 3-5; Evanston, IL)</s>
    <s>University Hall, Evanston Campus, Northwestern University</s>
    <s>Pacific Northwest Writers Association Summer Conference</s>
    <s>(August 4-7; Bellevue, WA)</s>
    <s>Bellevue Hyatt and Conference Center</s>
    <s>Willamette Writers Conference 2011</s>
    <s>(August 5-7; Portland, OR)</s>
    <s>Portland Sheraton Airport Hotel</s>
    <s>University of North Florida - 2011 Writers' Conference</s>
    <s>(August 5-7; Jacksonville, FL)</s>
    <s>University of North Florida</s>
    <s>Society of Children's Book Writers and Illustrators 2011 Summer Conference</s>
    <s>(August 5-8; Los Angeles, CA)</s>
    <s>Hyatt Regency Century Plaza</s>
    <s>Bread Loaf Writers' Conference</s>
    <s>(August 10-20; Middlebury, CT)</s>
    <s>Sun Valley Writers' Conference</s>
    <s>(August 20-23; Ketchum, ID)</s>
    <s>Sun Valley Resort</s>
    <s>Killer Nashville</s>
    <s>(August 26-28; Nashville, TN)</s>
    <s>Hutton Hotel</s>
    <s>Self-Publishing Book Expo</s>
    <s>(October 22; New York, NY)</s>
    <s>Sheraton New York</s>
    <s>Tags: authors, conferences, workshops, writers</s>
    <s>Share Twitter Facebook Facebook</s>
    <s>Views: 16</s>
    <s>▶ Reply to This</s>
    <s>Replies to This Discussion</s>
    <s>Welcome to</s>
    <s>Black Author Showcase</s>
    <s>Sign Up</s>
    <s>or Sign In</s>
    <s>SPAM IS SO NOT COOL!</s>
    <s>Please do not greet everyone on the site with large images and announcements of your book or business. Yes, you want to tell the world, but learn the fine art of subtlety. A simple welcome and signature/link is fine. Let them ask you for more.</s>
    <s>We have lost numerous members because of the amount of 'friend' mail they instantly receive. This Hurts Everyone.</s>
    <s>Spam is unsolicited advertising, whether it is posted as comments on other members' pages or is emailed for marketing purposes.</s>
    <s>Please be considerate. Post your advertisement in the proper Articles/Forum or Group. There are free classifieds on the Pages tab. You can post your information on your profile and even update your blog as often as you like.</s>
    <s>We are not into censorship, so please don't make us ask you to leave. Be kind and unselfish - don't spam.</s>
    <s>SPAMMING IS STRICTLY PROHIBITED</s>
    <s>↑ Grab this Headline Animator</s>
    <s>Get It, Mail It, Share ItFresh BAS - Share the Literary Love</s>
    <s>Click Here to DONATE TODAY</s>
    <s>Let the Black Author Showcase come to you: Subscribe to the Articles Newsletter</s>
    <s>Enter your email address:</s>
    <s>Delivered by FeedBurner</s>
    <s>Share This On Your Website</s>
    <s>Get Badge</s>
    <s>Latest Activity</s>
    <s>The 3rd Annual Authors Literary Festival at The Hotel Sierra at Short Pump Town Center</s>
    <s>November 5, 2011 from 11am to 5pm</s>
    <s>The 3rd Annual Authors Literary Festival will play host to 26 authors and 2 non-author vendors. Our authors are a mixture of seasoned award winning and breakout writers. Come out and mix, mingle and enjoy a great afternoon of fun.</s>
    <s>Event posted by Savannah J 14 hours ago</s>
    <s>0 Comments</s>
    <s>Christian Writer's Literary Festival - December 10, 2011 (Baltimore, MD)</s>
    <s>See More</s>
    <s>Lynn Pinder added a discussion to the group Readers &amp; Book Clubs 23 hours ago</s>
    <s>0 Comments</s>
    <s>Lynn Pinder commented on Milton Davis's group 'Sword and Soul' 23 hours ago</s>
    <s>Christian Writer's Literary Festival - Baltimore, MD at Central Branch of Enoch Pratt Free Library</s>
    <s>December 10, 2011 from 11am to 4pm</s>
    <s>See More</s>
    <s>Event posted by Lynn Pinder 23 hours ago</s>
    <s>0 Comments</s>
    <s>Tahanee left a comment for melissa love</s>
    <s>Hello Melissa, Thank youWe air every Friday @ 9pm (except for today) on NYC's 90.3 FM if you are not in the NYC area you can watch us live at www.allblackradio.com. Inbox meI'm feeling the &quot;Street Novel,&quot; idea :-)</s>
    <s>Tahanee commented on La'John Media's event 'La'John Media, LLC Presents It's An Author's Affair/Wine About Books'</s>
    <s>Greetings, I am interested in attending. Please contact me with more information. Thank you!</s>
    <s>La'John Media, LLC Presents It's An Author's Affair/Wine About Books at TBD</s>
    <s>June 15, 2012 at 6pm to June 16, 2012 at 1pm</s>
    <s>We are looking for authors, artists, bands, poets, spoken word of any kind, actors, actresses, etc. And there will be food, music, arts and things for the kids. Bring the whole family out.If you are interested in participating, please go to http://lajohnmedia.webs.com and leave your information in the contact form. We will contact you when registration opens. Or just leave a message here. Look forward to seeing you all.See More</s>
    <s>Tahanee is attending La'John Media's event yesterday</s>
    <s>7 Comments</s>
    <s>Tahanee commented on Diane's event 'The Eleventh National Black Writers Conference'</s>
    <s>Is there a way for authors to register if they want to sale their work?</s>
    <s>Click here to visit BookCoverPro website</s>
    <s>© 2011 Created by Diane. Powered by .</s>
    <s>Badges | Report an Issue | Terms of Service</s>
    <s>Hello, you need to enable JavaScript to use Black Author Showcase.</s>
    <s>Please check your browser settings or contact your system administrator.</s>
  </text>
</page>
