<?xml version="1.0" encoding="UTF-8"?>
<!DOCTYPE page SYSTEM "page.dtd">
<page>
  <lang>en</lang>
  <url>http://dartcenter.org/event/conference-injured-cities-urban-afterlives</url>
  <title>Events in October, 2011 | Dart Center for Journalism &amp; Trauma</title>
  <snippet>
    <s>Conference: Injured Cities, Urban Afterlives. 11:00 AM. At Columbia University in New York City, ten years after 9/11, a two-day workshop exploring the effects of </s>
  </snippet>
  <text>
    <s>Dart Center for Journalism and Trauma</s>
    <s>A resource for journalists who cover violence</s>
    <s>Join the Dart Network</s>
    <s>Gateways for</s>
    <s>Researchers and Scholars</s>
    <s>Events in October, 2011</s>
    <s>Friday Oct 7 2011</s>
    <s>Launch Event: Border Journalism Network</s>
    <s>6:00 PM</s>
    <s>In Tuscon, Arizona, a press conference and launch party for new websites for educators and students from the Border Journalism Network / La red de periodismo de la frontera.</s>
    <s>The group, representing nine universities and colleges along the US-Mexico border, will unveil its first border-wide, student reporting project, &quot;On the Line/Al borde,&quot; which will showcase the multimedia work of young journalists from member institutions. It will also present its interactive website that provides faculty with teaching and training resources to assist in guiding their student journalists who cover border issues. The projects are sponsored by the Dart Center and Gannett Media Grants.</s>
    <s>6:00 - 7:30 p.m.</s>
    <s>The Riverpark Inn, Cactus Ballroom</s>
    <s>350 South Freeway</s>
    <s>Tucson, Arizona</s>
    <s>Saturday Oct 8 2011</s>
    <s>Workshop: Dealing with Extreme Situations</s>
    <s>8:00 AM</s>
    <s>In Bielefeld, Germany, a workshop on dealing with extreme situations and self care management for radio reporters.</s>
    <s>Thomas Gorger, freelance broadcast journalist, with support from Dart Center Germany, will conduct a workshop on how to prepare radio journalists, whether reporters, media workers or managers, in trauma awareness. What do we need to know about challenging situations? How can we prepare ourselves? Thomas Gorger is an experienced journalist who covered local news as well as conflict regions like</s>
    <s>Haiti and Africa for several years.</s>
    <s>For more information on this event, see the official, website (in German).</s>
    <s>Friday Oct 14 2011</s>
    <s>Conference: Injured Cities, Urban Afterlives</s>
    <s>11:00 AM</s>
    <s>At Columbia University in New York City, ten years after 9/11, a two-day workshop exploring the effects of catastrophe on cities and their inhabitants.</s>
    <s>This conference will take place on October 14 and 15.</s>
    <s>The focal point of the conference will be the September 11, 2001 Oral History Narrative and Memory Project of Columbia's Oral History Research Office, an oral history archive of 600 life stories of diverse New York City communities. The collection documents the multiple ways that &quot;difference&quot; - in the form of geography, cultural memory, ethnic identity, class, gender, generation, religious and political affiliation - affects how individuals are subject to and assign meaning to historical catastrophe, both immediately after the event and in the months and years following.</s>
    <s>For more information, and to register, see the official website.</s>
    <s>Friday Oct 21 2011</s>
    <s>Workshop: Reporting on Intimate Partner Violence</s>
    <s>8:00 AM</s>
    <s>At the Columbia Journalism School in New York City, a two-day workshop to help journalists and news organizations cover a crucial public health issue.</s>
    <s>This workshop, supported by funding from the Robert Wood Johnson Foundation, will feature a wide range of national and local mental health and policy experts, award-winning journalists, educators and prevention advocates.</s>
    <s>Participation is open to working reporters, editors, photographers, producers or bloggers for print, broadcast or online media. Staff, contract and freelance journalists are eligible. Twenty-five individuals will be selected for the workshop. Applications are due September 26.</s>
    <s>The workshop will take place on October 21 and 22.</s>
    <s>For more information and to apply for the workshop, see the official announcement.</s>
    <s>Saturday Oct 22 2011</s>
    <s>Conference: The Aftermath of Terror Attacks in Norway</s>
    <s>9:00 AM</s>
    <s>At Sundvollen in Norway, a two-day conference exploring the consequences of the extremist attack on Oslo and the island of Utøya in July.</s>
    <s>This year the Gull og Grastein conference for journalists working in the region around Norway will be focussing on the terror attack in July 22 that left 77 people dead.</s>
    <s>Dart Centre Europe and the Norwegian Union of Journalists will be inviting journalists who covered the attacks and others to attend a series of panels exploring the aftermath of the tragedy. Trond Idas will be presenting results from a survey examining the impact of the event on the first journalists on the scene; Klas Backholm will be sharing insight from the experience of the school shootings in Finland; and Gavin Rees will be leading discussions on interviewing victims and on strategies for bolstering resilience during traumatic assignments.</s>
    <s>The conference is located at the Sundvollen hotel where the victims from Utøya stayed for the first days after the tragedy. For more information visit the official website.</s>
    <s>Saturday Oct 29 2011</s>
    <s>Conference Session: When Things Go Wrong</s>
    <s>1:30 PM</s>
    <s>At the National Associated Collegiate Press/College Media Advisers Annual Conference in Orlanda, Florida, a session on accurate, ethical and sensitive coverage of tragedy</s>
    <s>This session will featuring Dart Center Academic Fellow Dan Close (Wichita State University) speaking on the need to think more critically and passionately about local, national and international news involving death and disaster.</s>
    <s>See the official website for conference information.</s>
    <s>Regional Dates</s>
    <s>All Events</s>
    <s>North America</s>
    <s>Asia Pacific</s>
    <s>Upcoming Events</s>
    <s>October 6 Events</s>
    <s>November 3 Events</s>
    <s>Past Events</s>
    <s>March 1 Events</s>
    <s>April 3 Events</s>
    <s>May 5 Events</s>
    <s>June 4 Events</s>
    <s>July 2 Events</s>
    <s>August 3 Events</s>
    <s>September 4 Events</s>
    <s>October 14 Events</s>
    <s>November 5 Events</s>
    <s>January 1 Events</s>
    <s>February 6 Events</s>
    <s>March 7 Events</s>
    <s>April 10 Events</s>
    <s>May 6 Events</s>
    <s>June 7 Events</s>
    <s>July 2 Events</s>
    <s>August 5 Events</s>
    <s>September 2 Events</s>
    <s>October 8 Events</s>
    <s>November 11 Events</s>
    <s>December 4 Events</s>
    <s>January 4 Events</s>
    <s>February 2 Events</s>
    <s>March 8 Events</s>
    <s>April 11 Events</s>
    <s>May 4 Events</s>
    <s>June 15 Events</s>
    <s>July 2 Events</s>
    <s>August 7 Events</s>
    <s>September 9 Events</s>
    <s>The Dart Center</s>
    <s>Mission Statement</s>
    <s>Advisory Council</s>
    <s>Affiliates and Partners</s>
    <s>Contact Us</s>
    <s>Programs and Events</s>
    <s>Global Programs</s>
    <s>Dart Centre Europe</s>
    <s>Dart Centre Asia Pacific</s>
    <s>Fact Sheets</s>
    <s>Tips &amp; Tools</s>
    <s>Booklets and DVDs</s>
    <s>Dart Media</s>
    <s>Dart Blog</s>
    <s>Dart Society Journalists Who Cover Violence</s>
    <s>The Dart Society is comprised of journalists who have won fellowships and awards from the Dart Center. The Dart Society is not affiliated with Columbia University.</s>
    <s>The Journalism School Columbia University</s>
    <s>The Dart Center is a project of the Columbia University Graduate School of Journalism.</s>
    <s>RSS | Privacy Policy</s>
    <s>(C) Trustees of Columbia University in the City of New York</s>
  </text>
</page>
