<?xml version="1.0" encoding="UTF-8"?>
<!DOCTYPE page SYSTEM "page.dtd">
<page>
  <lang>en</lang>
  <url>http://discussion.euro.who.int/xn/detail/5270326:Comment:5406</url>
  <title>Ottawa Charter - 25th anniversary commemoration - Public health ...</title>
  <snippet>
    <s>Jul 13, 2011 List of Ottawa conference participants (1986) - PDF (2 MB) As the person intially responsible for the Ottawa Charter activities in the WHO I am delighted by this activity of the Regional I look forward to an active exchange! </s>
  </snippet>
  <text>
    <s>Sign Up</s>
    <s>Sign In</s>
    <s>My Page</s>
    <s>Discussion forum</s>
    <s>About this forum</s>
    <s>Disclaimer &amp; principles</s>
    <s>WHO/Europe web site</s>
    <s>All Discussions</s>
    <s>My Discussions</s>
    <s>Ottawa Charter - 25th anniversary commemoration</s>
    <s>Posted by WHO/Europe on July 13, 2011 at 3:56pm in HIV/AIDS</s>
    <s>View Discussions</s>
    <s>With the birth of the Ottawa Charter 25 years ago, a milestone was reached in the history of public health which provided a breakthrough for the way we deal with health issues today. The upcoming Regional Committee in Baku will commemorate the 25th birthday of the Ottawa Charter for Health Promotion. In connection with this, WHO EURO is collecting documentation, photos, and memories of the event itself as well as its impact further on. This forum is set up for you to share any materials you may have (list of participants, photos, papers, etc.).  including sending us the e-mail addresses for early health promoters, Ottawa participants, etc.</s>
    <s>Please engage in the exchange.</s>
    <s>Read the Ottawa Charter on the WHO/Europe web site</s>
    <s>List of Ottawa conference participants (1986) - PDF (2 MB)</s>
    <s>Share Twitter Facebook</s>
    <s>Views: 349</s>
    <s>▶ Reply to This</s>
    <s>Replies to This Discussion</s>
    <s>Permalink Reply by Ilona Kickbusch on July 15, 2011 at 10:52am</s>
    <s>As the person intially responsible for the Ottawa Charter activities in the WHO I am delighted by this activity of the Regional Office for Europe. I look forward to an active exchangeIlona Kickbusch</s>
    <s>▶ Reply</s>
    <s>Permalink Reply by Sheng Zhang on July 31, 2011 at 12:09am</s>
    <s>It will become the Mecca of Public Health of the World, I have long be respecting to the Ottawa Charter, so pay salutation to you and your collegure.</s>
    <s>▶ Reply</s>
    <s>Permalink Reply by Gauden Galea on July 15, 2011 at 5:05pm</s>
    <s>There will be a commemoration session on the 25th Anniversary of Ottawa in the Regional Committee Meeting in September 2011. Through this site we would like to get as many of the people involved in the development of health promotion to pass on a short message, memories, and lessons learned. We would like the younger generation, inspired by Ottawa to say how it has made a difference for them. We will launch other activities as time goes by, but here's looking forward to everyone's contributions.</s>
    <s>If you are not logged in to the WHO network, the link above may not work and instead the Ottawa Charter may be accessed here, or through the HQ page.</s>
    <s>As one who started my career in the Ottawa Conference, as the first international meeting that I attended, it is a landmark in my own career and I am happy to see this inspirational milestone being commemorated. I look forward to your contributions here over the coming days to weeks.</s>
    <s>▶ Reply</s>
    <s>Permalink Reply by WHO/Europe on July 15, 2011 at 6:10pm</s>
    <s>The link is now corrected. Sorry for the error and inconvenience.</s>
    <s>▶ Reply</s>
    <s>Permalink Reply by Cristian Avalos Jonhston on July 31, 2011 at 12:56pm</s>
    <s>How important it is for the world to overturn the eyes effectively to the promotion of health. Never be enough effort to devote to it as public health professionals for the welfare of the people and the most vulnerable. Celebrate this anniversary by asking ourselves that we need to do locally</s>
    <s>Cristian Avalos Jonhston MD, Public Health professional</s>
    <s>▶ Reply</s>
    <s>Permalink Reply by Mary Stewart Burgher on August 3, 2011 at 10:05am</s>
    <s>As a very small measure of the Charter's impact, I can remember that, before the Conference, translators said the term health promotion didn't exist in and couldn't be translated into other languages, such as Russian. That's certainly not true now.</s>
    <s>▶ Reply</s>
    <s>Permalink Reply by Kokeny Mihaly on August 4, 2011 at 6:53am</s>
    <s>Dear Friends,</s>
    <s>I am happy that WHO/EURO has proudly gone ahead with the legacy of Ottawa in times of drafting a new European health policy (Health2020).</s>
    <s>Let me share some of my anniversary thoughts as a member of the then steering group and one of the participants of the conference.</s>
    <s>Who would have thought 25 years ago that the health promotion race would haver run so long?  Accross the world  now there are government health promotion strategies, foundations, journals and university departments.  One can say without exaggeration that although the document was much ahead of its time, the fortunate combination of social determinants approach and a commitment to community actions, created a unique breakthrough in public health or as Breslow stated, the beginning of a public health revolution.</s>
    <s>While the key messages of this historical paper have not lost their timeliness, health promotion decreased in radicalism, its clash with the overmedicalized model of prevention and  healing is no more observed. A sober conciliation of the medical discourse and the empowerment  approaches  was pressed forward by evidence-based health technology progress and a strong need for alliance building in health policy. Political expectations also contributed to the recognition of long untapped, last area of the Ottawa Charter: the reorientation of health services to better address communities became a crucial part of health system reforms.</s>
    <s>WHO organized 7 global conferences on health promotion so far: all have reinforced what had been put down in Ottawa. However, the balance of the original areas rolled over, policy parts became dominant, probably that is why the last major document/The Nairobi Call to Action,2009/ urged the repositioning of health promotion with more emphasis on local capacity building.</s>
    <s>In Hungary Ottawa conference had an immediate impact much before the political changes: by elaborating the first national public health strategy, a document which had never been drafted earlier in Central and Eastern Europe. Institutional frameworks as well as a state health promotion fund was established by 1988 and Hungary joined to many of the setting networks. Unfortunately a year later the massive political transition swept away all of these and in the early nineties my country turned back to the all models, but the spirit remained alive and in the last 20 years there were a lot of initiatives, of course, ups and downs in health promotion </s>
    <s>I was and will always be committed to the Ottawa spirit in my public health activities.</s>
    <s>Mihály Kökény</s>
    <s>▶ Reply</s>
    <s>Permalink Reply by Joan R Villalbi on August 4, 2011 at 1:33pm</s>
    <s>As a participant in the Conference, which shaped a lot my way of thinking and working, I'm delighted that this is happening. The beat goes on!</s>
    <s>▶ Reply</s>
    <s>Permalink Reply by Helle Møller on August 10, 2011 at 5:20pm</s>
    <s>I have placed some photos from the conference here:</s>
    <s>▶ Reply</s>
    <s>Permalink Reply by Kokeny Mihaly on August 10, 2011 at 6:38pm</s>
    <s>This is great. Thank you, Helle.</s>
    <s>Other colleagues are more than welcome to do the same.</s>
    <s>▶ Reply</s>
    <s>Permalink Reply by Tina Kiaer on August 12, 2011 at 3:03pm</s>
    <s>We have now activated a photo album where participants easily can upload their pictures. Just click on the PHOTOS tab on the top bar of this page. Looking forward to see more faces of old friends!</s>
    <s>▶ Reply</s>
    <s>Permalink Reply by WHO/Europe on August 16, 2011 at 2:41pm</s>
    <s>Here is the original list of participants of the Ottawa conference in 1986, courtesy and thanks to Hans Saan.</s>
    <s>Ottawa 86 Participants list.pdf, 2.1 MB</s>
    <s>▶ Reply</s>
    <s>Welcome to</s>
    <s>Public health forum</s>
    <s>Sign Up</s>
    <s>or Sign In</s>
    <s>You can also sign up with:</s>
    <s>Translate this site</s>
    <s>Disclaimer &amp; principles of use</s>
    <s>The information provided on this site is not the responsibility of the World Health Organization (WHO). All information is the responsibility of the individual users.</s>
    <s>Read the full disclaimer and terms of use</s>
    <s>© 2011 Created by WHO/Europe.</s>
    <s>Badges | Report an Issue | Terms of Service</s>
    <s>Hello, you need to enable JavaScript to use Public health forum.</s>
    <s>Please check your browser settings or contact your system administrator.</s>
  </text>
</page>
