<?xml version="1.0" encoding="UTF-8"?>
<!DOCTYPE page SYSTEM "page.dtd">
<page>
  <lang>en</lang>
  <url>http://cogito.lagado.org/book/export/html/221</url>
  <title>Second SIFA Graduate Conference</title>
  <snippet>
    <s>The conference will be structured around plenary sessions with the keynote speakers and the contributed papers selected out of a call for papers. Coffee Break 12 a.m.-1 p.m.. W. Wieland Accepted papers will be available at the conference in booklet form and also available online before the conference. Selected </s>
  </snippet>
  <text>
    <s>Second SIFA Graduate Conference</s>
    <s>Language, Epistemology and History</s>
    <s>Italian Society for Analytic Philosophy (SIFA)</s>
    <s>Cogito Research Centre</s>
    <s>Bologna (Italy), 29th-31st October 2009</s>
    <s>The SIFA's Steering Committee aims at improving the interaction among younger scholars and researchers in philosophy, both from Italy and elsewhere, by promoting the second Italian graduate conference in analytic philosophy.</s>
    <s>This year, the event is organized by Cogito Research Centre and will focus on the three research areas of the centre: epistemology, philosophy of language and history of analytic philosophy.</s>
    <s>Keynote speakers</s>
    <s>Micheal Beaney (University of York)- History of Analytic Philosophy</s>
    <s>Annalisa Coliva (University of Modena and Reggio Emilia) - Epistemology</s>
    <s>Peter Pagin (University of Stockolm) - Philosophy of Language</s>
    <s>Conference Schedule</s>
    <s>The conference will be structured around plenary sessions with the keynote speakers and the contributed papers selected out of a call for papers.</s>
    <s>Organizing committee</s>
    <s>Sebastiano Moruzzi (University of Bologna)</s>
    <s>Delia Belleri (University of Bologna)</s>
    <s>Scientific committee</s>
    <s>Marilena Andronico (University of Ferrara)</s>
    <s>Micheal Beaney (University of York)</s>
    <s>Francesco Berto (CNRS, Sorbonne-École Normale Supérieure, Paris)</s>
    <s>Massimiliano Carrara (University of Padoa)</s>
    <s>Annalisa Coliva (University of Modena and Reggio Emilia)</s>
    <s>Richard Davies (University of Bergamo)</s>
    <s>Richard Dietz (University of Leuven)</s>
    <s>Wolfgang Huemer (University of Parma)</s>
    <s>Elisabetta Lalumera (University of Milan La Bicocca)</s>
    <s>Paolo Leonardi (University of Bologna)</s>
    <s>Vittorio Morato (university of Padoa)</s>
    <s>Sebastiano Moruzzi (University of Bologna)</s>
    <s>Peter Pagin (University of Stockolm)</s>
    <s>Eva Picardi (University of Bologna)</s>
    <s>Marco Santambrogio (University of Parma)</s>
    <s>Marina Sbisà (University of Trieste)</s>
    <s>Andrea Sereni (University of San Raffaele)</s>
    <s>Giorgio Volpe (University of Bologna)</s>
    <s>Elia Zardini (University of St Andrews)</s>
    <s>Ugo Zilioli (IRCHSS)</s>
    <s>For any query please write to:</s>
    <s>Conference Schedule</s>
    <s>Second SIFA Graduate Conference Schedule</s>
    <s>All talks will take place at the &quot;Dipartimento di Discipline della Comunicazione&quot;, via Azzo Gardino, 23, Bologna.</s>
    <s>Venue: &quot;Sala Rossa&quot; (Red Room), 3rd floor.</s>
    <s>Thu 29/ DAY 1</s>
    <s>History of Analytic Philosophy</s>
    <s>Venue: Sala Rossa</s>
    <s>Morning, chair P. Leonardi (University of Bologna)</s>
    <s>9-9.30 a.m.</s>
    <s>Coffee Start</s>
    <s>9.30-10.30 a.m.</s>
    <s>M. Casu</s>
    <s>(University of Genoa)</s>
    <s>&quot;Wittgenstein, Moore and the Skeptic&quot;</s>
    <s>10.30-11.30 a.m.</s>
    <s>Sebastian Lutz</s>
    <s>(Utrecht University)</s>
    <s>&quot;Carnap's Unchanging Correspondence Rules&quot;</s>
    <s>11.30-12 a.m.</s>
    <s>Coffee Break</s>
    <s>12 a.m.-1 p.m.</s>
    <s>W. Wieland</s>
    <s>(Ghent University)</s>
    <s>&quot;The Shandy Regress, Not Paradox&quot;</s>
    <s>1-2 p.m.</s>
    <s>Afternoon, chair A. Sereni (Vita-Salute San Raffaele University)</s>
    <s>2-2.30 p.m.</s>
    <s>Coffee Start</s>
    <s>2.30-3.30 p.m.</s>
    <s>L. Thompson</s>
    <s>(Monash University)</s>
    <s>&quot;How Quine subverts relativism in Carnap's program of rational reconstruction&quot;</s>
    <s>3.30-4.30 p.m.</s>
    <s>M. Plebani</s>
    <s>(University Ca' Foscari, Venice)</s>
    <s>&quot;Wittgenstein, Fictionalism and the problem of Aboutness&quot;</s>
    <s>4.30-5 p.m.</s>
    <s>Coffee Break</s>
    <s>5-6.30 p.m.</s>
    <s>Keynote Speaker: Mike Beaney</s>
    <s>(University of York)</s>
    <s>&quot;The Development of the Idea of Rational Reconstruction&quot;</s>
    <s>8.30-10.30 p.m.</s>
    <s>Dinner at</s>
    <s>&quot;Cucchiaio d'oro&quot;</s>
    <s>via Petroni 6/a</s>
    <s>Fri 30/ DAY 2</s>
    <s>Philosophy of Language</s>
    <s>Venue: Sala Rossa</s>
    <s>Morning, chair G. Volpe (University of Bologna)</s>
    <s>9-9.30 a.m.</s>
    <s>Coffee Start</s>
    <s>9.30-10.30 a.m.</s>
    <s>F. Luzzi</s>
    <s>(University of St. Andrews)</s>
    <s>&quot;Contextualism and Counter-Closure&quot;</s>
    <s>10.30-11.30 a.m.</s>
    <s>C. Baker</s>
    <s>(Univeristy of Leeds)</s>
    <s>&quot;Contextualism, Disagreement and Presupposition&quot;</s>
    <s>11.30-12 a.m.</s>
    <s>Coffee Break</s>
    <s>12 a.m.-1 p.m.</s>
    <s>S. Hirvonen</s>
    <s>&quot;Relativism and the Problem of Retraction&quot;</s>
    <s>1-2 p.m.</s>
    <s>Afternoon, chair V. Morato (Univesity of Padoa)</s>
    <s>2-2.30 p.m.</s>
    <s>Coffee Start</s>
    <s>2.30-3.30 p.m.</s>
    <s>H. Zhou</s>
    <s>(Wolfgang Goethe Universitat, Frankfurt)</s>
    <s>&quot;A Dilemma for Use-Functionalist Theories of Meaning&quot;</s>
    <s>3.30-4.30 p.m.</s>
    <s>F. Domaneschi</s>
    <s>(University of Genoa)</s>
    <s>&quot;Understanding Metaphors&quot;</s>
    <s>4.30-5 p.m.</s>
    <s>Coffee Break</s>
    <s>5-6.30 p.m.</s>
    <s>Keynote Speaker: Peter Pagin</s>
    <s>(University of Stockholm)</s>
    <s>&quot;Assertion, Inference, and Consequence&quot;</s>
    <s>8.30-10.30 p.m.</s>
    <s>Dinner at</s>
    <s>Via De' Fusari, 9/B</s>
    <s>Sat 31/ DAY 3</s>
    <s>Venue: Sala Rossa</s>
    <s>Morning, chair E. Lalumera (Milano-Bicocca University)</s>
    <s>9-9.30 a.m.</s>
    <s>Coffee Start</s>
    <s>9.30-10.30 a.m.</s>
    <s>G. Gardiner</s>
    <s>(University of Edinburgh)</s>
    <s>&quot;Defending Robust Virtue Epistemology&quot;</s>
    <s>10.30-11.30 a.m.</s>
    <s>D. Kovacs</s>
    <s>(Eotvos Lorand University of Science and Erasmus College)</s>
    <s>&quot;Does Factual Memory Imply Belief?&quot;</s>
    <s>11.30-12 a.m.</s>
    <s>Coffee Break</s>
    <s>12 a.m.-1 p.m.</s>
    <s>A. Tomasetta</s>
    <s>(University Vita-Salute S. Raffaele, Milan)</s>
    <s>&quot;Logic, Modal Epistemology and Counterfactual Knowledge&quot;</s>
    <s>1-2 p.m.</s>
    <s>Afternoon, chair E. Picardi (University of Bologna)</s>
    <s>2-2.30 p.m.</s>
    <s>Coffee Start</s>
    <s>2.30-3.30 p.m.</s>
    <s>A. G. Kennedy</s>
    <s>(University of Virginia)</s>
    <s>&quot;Speech, Intuition, Epistemic Theory Acceptance&quot;</s>
    <s>3.30-4.30 p.m.</s>
    <s>F. Ferrari- E. Orlandelli</s>
    <s>(University of Aberdeen, University of Bologna)</s>
    <s>&quot;Liberalising Moderatism&quot;</s>
    <s>4.30-5 p.m.</s>
    <s>Coffee Break</s>
    <s>5-6.30 p.m.</s>
    <s>Keynote Speaker: Annalisa Coliva</s>
    <s>(University of Modena and Reggio Emilia)</s>
    <s>&quot;Moderatism, transmission failures, closure and skepticism&quot;</s>
    <s>8.30-10.30 p.m.</s>
    <s>Dinner at</s>
    <s>&quot;Cucchiaio d'oro&quot;</s>
    <s>via Petroni 6/a</s>
    <s>Call for Papers</s>
    <s>The call for papers is closed</s>
    <s>Although submissions in these fields are open, priority will be given to papers at the heart of the thematic interests of the Centre, which are</s>
    <s>Philosophy of Language</s>
    <s>History of Analytic Philosophy</s>
    <s>Contributed papers should last around 45 minutes and allow 15 minutes for discussion. Fifteen papers will be selected with double blind-refereeing.</s>
    <s>Submission of papers</s>
    <s>Papers no longer than 2,000 words, completed with a 250-word abstract, are invited on any topic in broad areas indicated.</s>
    <s>Please submit your paper (in .doc, .rtf, .pdf, .ps, .dvi), in format suitable for blind refereeing, through the following form:</s>
    <s>Deadline: August 30th 2009.</s>
    <s>Acceptances will be notified by September 25th 2009. Accepted papers will be available at the conference in booklet form and also available online before the conference.</s>
    <s>Selected papers may be published in the proceedings. The language of the conference is English.</s>
    <s>Submission Form</s>
    <s>The call for papers is closed.</s>
    <s>Please notice that:</s>
    <s>papers have to be no longer than 2,000 words together with a 250-word abstract;</s>
    <s>papers' topics have to belong to at least one of the broad areas indicated;</s>
    <s>papers' format must be suitable for blind refereeing;</s>
    <s>allowed file formats are: .doc, .rtf, .pdf, .ps, .dvi.</s>
  </text>
</page>
