<?xml version="1.0" encoding="UTF-8"?>
<!DOCTYPE page SYSTEM "page.dtd">
<page>
  <lang>en</lang>
  <url>http://133.220.110.102/conf/aina/2012/cfp.html</url>
  <title>Call For Paper</title>
  <snippet>
    <s>Distinguished papers accepted and presented at the conference and also including call for paper, number of papers to be accepted, contact person, </s>
  </snippet>
  <text>
    <s>| Home | Call For Paper | Organizing Committee | Important Dates | Keynote Speakers | Final Program | Workshops | Registration |</s>
    <s>| Special Issues of Journals | Conference Venue | Local Information | Author Instructions | Paper Submission | Accepted Paper List |</s>
    <s>| Accommodation | Visa Information | Previous AINA |</s>
    <s>Plese download TXT and PDF version of CFP from here: TXT | PDF</s>
    <s>Paper submission deadline extended.</s>
    <s>In response to many requests, the paper submission deadline of AINA 2012 conference was extended to October 15, 2011.</s>
    <s>AINA 2012 organization committee (2011-9-29)</s>
    <s>Call for Papers</s>
    <s>The 26th IEEE International Conference on Advanced Information</s>
    <s>Networking and Applications (AINA-2012)</s>
    <s>Sponsored by:</s>
    <s>IEEE Computer Society, Technical Committee on Distributed Processing (TCDP)</s>
    <s>Fukuoka Institute of Technology (FIT), Fukuoka, Japan,</s>
    <s>March 26-29, 2012</s>
    <s>IMPORTANT DATES</s>
    <s>Workshop Proposal Due: June 30, 2011</s>
    <s>Submission Deadline: October 15, 2011 (EXTENDED)</s>
    <s>Author Notification: December 1, 2011</s>
    <s>Author Registration: December 23, 2011</s>
    <s>Final Manuscript Due: January 6, 2012</s>
    <s>As one of the most important international conferences sponsored by the TCDP of the IEEE Computer Society, the International Conference on Advanced Information Networking and Applications (AINA-2012) will be held in Fukuoka, March 26-29, 2012. The conference covers theory, design and application of computer networks and distributed computing and information systems. Aside from the regular presentations, the conference will include keynote addresses with speakers from both industry and academia. Prospective authors are invited to submit papers in any of the following areas (not limited to):</s>
    <s>Communication Protocol and Architecture</s>
    <s>High-speed Communication and Network</s>
    <s>Wireless Communication and Network</s>
    <s>Multimedia Communication and System</s>
    <s>Personal Communication System</s>
    <s>Mobile Ad-hoc and Sensor Network</s>
    <s>Low-power Network and System</s>
    <s>Wearable Network and System</s>
    <s>Embedded System and Networking</s>
    <s>Internet Technology and IP-based Applications</s>
    <s>Network Control and Management</s>
    <s>Network Performance, Analysis and Evaluation</s>
    <s>Quality of Services (QoS)</s>
    <s>Multicast Routing and Technology</s>
    <s>Security, Privacy and Trust</s>
    <s>Fault-tolerant and Dependable System</s>
    <s>Multi-agent System and Applications</s>
    <s>Parallel/Distributed Algorithm and Architecture</s>
    <s>Distributed Database and Data Mining</s>
    <s>Distributed Graphics and VR/AR/MR System</s>
    <s>Distributed AI and Soft/Natural Computing</s>
    <s>Biological Informatics and Computing</s>
    <s>E-Learning, E-Commerce, E-Society, etc.</s>
    <s>Grid, Cluster and Internet Computing</s>
    <s>Peer-to-Peer (P2P) System</s>
    <s>Service-oriented Framework and Middleware</s>
    <s>Autonomic Computing and Communication</s>
    <s>WWW, Semantic Web and Cyber World</s>
    <s>Mobile and Context-aware Computing</s>
    <s>Ubiquitous/Pervasive Networks and Computing</s>
    <s>Ubiquitous Intelligence and Smart World</s>
    <s>Smart Object, Space/Environment and System</s>
    <s>Innovative Networking and Applications</s>
    <s>Social, Ethical &amp; Other Issues of Networked World</s>
    <s>Network and Application Hardware</s>
    <s>Cognitive Network Access</s>
    <s>Digital Eco Systems</s>
    <s>PAPER SUBMISSION GUIDELINE</s>
    <s>Submit a full paper of at most 8 pages (IEEE Computer Society Proceedings</s>
    <s>Manuscripts style: two columns, single-spaced), including figures and</s>
    <s>references, using 10 fonts, and number each page. You can confirm the IEEE</s>
    <s>Computer Society Proceedings Author Guidelines at the following web page:</s>
    <s>URL: http://www.computer.org/portal/web/cscps/submission.</s>
    <s>AINA-2012 submission web site is in following URL.</s>
    <s>Accepted papers will be given guidelines in preparing and submitting</s>
    <s>the final manuscript(s) together with the notification of acceptance. The</s>
    <s>proceedings will be published by IEEE Computer Society Press with 8 pages</s>
    <s>for each paper. Authors of accepted papers, or at least one of them, are</s>
    <s>requested to register and present their work at the conference, otherwise</s>
    <s>their papers will be removed from the digital library after the conference.</s>
    <s>Distinguished papers accepted and presented at the conference and also</s>
    <s>the workshops of AINA-2012, after further revisions, will be published in special issues</s>
    <s>of prestigious international journals.</s>
    <s>AINA-2012 ORGANIZING COMMITTEE</s>
    <s>General Co-Chairs</s>
    <s>Takuo Nakashima, Tokai University, Japan</s>
    <s>Hui-Huang Hsu, Tamkang University, Taiwan</s>
    <s>Wenny Rahayu, La Trobe University, Australia</s>
    <s>Program Committee Co-Chairs</s>
    <s>Tomoya Enokido, Rissho University, Japan</s>
    <s>Jong Hyuk Park, Seoul National University of Science and Technology(SeoulTech), Korea</s>
    <s>Markus Aleksy, ABB AG, Germany</s>
    <s>Workshops Co-Chairs</s>
    <s>Fatos Xhafa, Technical University of Catalonia, Spain</s>
    <s>Minoru Uehara, Toyo University, Japan</s>
    <s>David Taniar, Monash University, Australia</s>
    <s>Sang-Soo Yeo, Mokwon University, Korea</s>
    <s>Program Vice Chairs and Research Tracks</s>
    <s>1. Opportunistic and Delay Tolerant Networks</s>
    <s>Stephane Maag, TELECOM SudParis, France</s>
    <s>Jung-Shian Li, National Cheng Kung University, Taiwan</s>
    <s>2. Ad Hoc, Mesh and Sensor Networks</s>
    <s>Han-Chieh Chao, National Ilan University, Taiwan</s>
    <s>Sherali Zeadally, University of the District of Columbia, USA</s>
    <s>Whai-En Chen, National Ilan University, Taiwan</s>
    <s>3. Pervasive/Ubiquitous Computing and Services</s>
    <s>Mikko Rissanen, ABB Corporate Research, Sweden</s>
    <s>Joseph Kee-Yin Ng, Hong Kong Baptist University, Hong Kong</s>
    <s>4. Vehicular Networks and Applications</s>
    <s>Vamsi Krishna Paruchuri, University of Central Arkansas, USA</s>
    <s>Hiroshi Shigeno, Keio University, Japan</s>
    <s>5. Distributed and Parallel Systems</s>
    <s>Cho-Li Wang, University of Hong Kong, Hong Kong</s>
    <s>Anne Benoit, ENS Lyon et IUF, France</s>
    <s>Weisong Shi Wayne State University, USA</s>
    <s>6. Distributed Database and Data Mining</s>
    <s>Akimitsu Kanzaki, Osaka University, Japan</s>
    <s>Eric Pardede, La Trobe University, Australia</s>
    <s>7. Grid, P2P and Scalable Computing</s>
    <s>Heinz Kredel, University of Mannheim, Germany</s>
    <s>Hanh Le, University of Cape Town, South Africa</s>
    <s>8. Internet Computing and Web Applications</s>
    <s>Yuka Kato, Advanced Institute of Industrial Technology, Japan</s>
    <s>Ralf Gitzel, ABB Corporate Research Center, Germany</s>
    <s>9. Service Oriented Architecture and Applications</s>
    <s>Axel Korthaus, Victoria University, Australia</s>
    <s>Takuo Suganuma, Tohoku University, Japan</s>
    <s>10. Multimedia and Social Networking</s>
    <s>Changhoon Lee, Hanshin University, Korea</s>
    <s>Hiroaki Nishino, Oita University, Japan</s>
    <s>11. Agent Systems, Intelligent Computing and Applications</s>
    <s>Giacomo Cabri, University of Modena and Reggio Emilia, Italy</s>
    <s>Kuo-Ming Chao, Conventry University, UK</s>
    <s>12. Security, Privacy and Trust</s>
    <s>Taeshik Shon, Ajou University, Korea</s>
    <s>Joonsang Baek, Institute for Infocomm Research (I2R), Singapore</s>
    <s>Stefan Sackmann, Martin Luther University, Halle, Germany</s>
    <s>13. Communications Network and Protocols</s>
    <s>Song Guo, The University of Aizu, Japan</s>
    <s>Geyong Min, University of Bradford, UK</s>
    <s>14. Mobile Networks and Applications</s>
    <s>Agustinus Borgy Waluyo, Monash University, Australia</s>
    <s>Fumio Teraoka, Keio University, Japan</s>
    <s>15. Dependable Systems and Autonomic Computing/Networking</s>
    <s>Elhadi Shakshuki, Acadia University, Canada</s>
    <s>Tsang-Ling Sheu, National Sun Yat-Sen University, Kaoshiung, Taiwan</s>
    <s>16. Semantics in Collaborative Systems</s>
    <s>Young-Sik Jeong, Wonkwang University, Korea</s>
    <s>Dumitru Roman, SINTEF, Norway</s>
    <s>International Journal Co-Chairs</s>
    <s>Ilsun You, Korean Bible University, Korea</s>
    <s>Takahiro Hara, Osaka University, Japan</s>
    <s>Ching-Hsien (Robert) Hsu, Chung Hua University, Taiwan</s>
    <s>Farookh Hussain, Curtin University, Australia</s>
    <s>Award Co-Chairs</s>
    <s>Yoshitaka Shibata, Iwate Prefectural University, Japan</s>
    <s>Arjan Durresi, Indiana University-Purdue University Indianapolis, USA</s>
    <s>Winston Seah, Victoria University of Wellington, New Zealand</s>
    <s>Irfan Awan, Bradford University, UK</s>
    <s>Publicity Co-Chairs</s>
    <s>Salvatore Vitabile, University of Palermo, Italy</s>
    <s>Chunming Rong, University of Stavanger, Norway</s>
    <s>Hiroaki Nishino, Oita University, Japan</s>
    <s>Chungmin Huang, National Cheng Kung University, Taiwan</s>
    <s>International Liaison Co-Chairs</s>
    <s>Hwee-Pink Tan, Institute for Infocomm Research, Singapore</s>
    <s>Kin Fun Li, University of Victoria, Canada</s>
    <s>Muhammad Younas, Oxford Brookes University, UK</s>
    <s>Jianhua Ma, Hosei University, Japan</s>
    <s>Publication Co-Chairs</s>
    <s>Akio Koyama, Yamagata University, Japan</s>
    <s>Stephen Huang, The University of Houston, USA</s>
    <s>Nik Bessis, University of Derby, UK</s>
    <s>Jiandong Li, Xidian University, China</s>
    <s>Treasurer / Finance Co-Chairs</s>
    <s>Makoto Ikeda, Fukuoka Institute of Technology, Japan</s>
    <s>Valbona Barolli, Seikei University, Japan</s>
    <s>Local Arrangements Chair</s>
    <s>Ailixier Aikebaier, Seikei University, Japan</s>
    <s>Steering Committee Co-Chairs</s>
    <s>Makoto Takizawa, Seikei University, Japan</s>
    <s>Steering Committee Chair and Founder of AINA</s>
    <s>Leonard Barolli, Fukuoka Institute of Technology, Japan</s>
    <s>Steering Committee Co-Chair</s>
    <s>WORKSHOP PROPOSAL</s>
    <s>In conjunction with the AINA-2012 conference, some number of one-day workshops</s>
    <s>will be held.</s>
    <s>If you would like to organize a workshop, please submit a workshop proposal</s>
    <s>including call for paper, number of papers to be accepted, contact person,</s>
    <s>to the AINA-2012 workshop Co-Chairs:</s>
    <s>Fatos Xhafa (fatos.xhafa{at}gmail.com), Technical University of Catalonia, Spain</s>
    <s>Minoru Uehara (uehara{at}toyo.jp), Toyo University, Japan</s>
    <s>David Taniar (dtaniar{at}gmail.com), Monash University, Australia</s>
    <s>Sang-Soo Yeo (sangsooyeo{at}gmail.com), Mokwon University, Korea</s>
    <s>by June 30, 2011. Proceedings of the AINA-2012 workshops will be published</s>
    <s>by IEEE CPS. The schedule of each workshop should follow the conference schedule.</s>
    <s>FURTHER INFORMATION</s>
    <s>For further information, please contact the steering committee chairs:</s>
    <s>Leonard Barolli (barolli{at}fit.ac.jp), Fukuoka Institute of Technology, Japan</s>
    <s>Makoto Takizawa (makoto.takizawa{at}computer.org), Seikei University, Japan</s>
    <s>For further information, please contact the steering committee chairs:</s>
    <s>Professor Leonard Barolli (barolli{at}fit.ac.jp), Fukuoka Institute of Technology, Japan</s>
    <s>Professor Makoto Takizawa (makoto.takizawa{at}computer.org), Seikei University, Japan</s>
    <s>Copyright (C) 2011-2012 by AINA 2012 Committee. All rights reserved.</s>
  </text>
</page>
