<?xml version="1.0" encoding="UTF-8"?>
<!DOCTYPE page SYSTEM "page.dtd">
<page>
  <lang>en</lang>
  <url>http://biomed.science.ulster.ac.uk/hucbms/Registration,3.html</url>
  <title>Registration - HUCBMS conference 2011</title>
  <snippet>
    <s>Register for the conference and book your accommodation: Registration is now open. Please complete the University of Ulster Logo Please complete the registration form below and submit to the Conference Administrator. There is no </s>
  </snippet>
  <text>
    <s>!University of Ulster Logo</s>
    <s>Getting here</s>
    <s>Location and Social Programme</s>
    <s>Biomedical Sciences</s>
    <s>Univeristy of Ulster</s>
    <s>Register for the conference and book your accommodation:</s>
    <s>Registration is now open. Please complete the registration form below and submit to the Conference Administrator. There is no on-line registration available.</s>
    <s>Registration will close on 31st July 2011.</s>
    <s>Conference dinner, car parking and transfer information</s>
    <s>Please complete the attached form which includes information on:</s>
    <s>Menu choices for conference dinner</s>
    <s>Request for University Parking</s>
    <s>Request for airport transfer</s>
    <s>Request for packed lunch at the end of the conference</s>
    <s>Requests must be made by August 11th 2011.</s>
    <s>Further information on registration is available from the conference administrator:</s>
    <s>Miss Shauna Harte</s>
    <s>HUCBMS Conference Administrator,</s>
    <s>School of Biomedical Sciences,</s>
    <s>University of Ulster,</s>
    <s>Cromore Road,</s>
    <s>BT52 1SA</s>
    <s>Telephone Number: +44 28 70124233</s>
    <s>E-mail: HUCBMS@ulster.ac.uk</s>
    <s>(C)2010 - University of Ulster | Freedom of Information | Contact Ulster</s>
  </text>
</page>
