<?xml version="1.0" encoding="UTF-8"?>
<!DOCTYPE page SYSTEM "page.dtd">
<page>
  <lang>en</lang>
  <url>http://ecai2010.appia.pt/index.php%3Foption%3Dcom_content%26task%3Dview%26id%3D73%26Itemid%3D124</url>
  <title>Full Papers Accepted - ECAI 2010</title>
  <snippet>
    <s>Full Papers Accepted. Narrow screen resolution Wide screen </s>
  </snippet>
  <text>
    <s>Important dates</s>
    <s>Program ECAI</s>
    <s>ECCAI Award Talk</s>
    <s>Plenary Speakers</s>
    <s>Tutorial Speakers</s>
    <s>WS1 :: CLIMA</s>
    <s>WS2 :: ConfWS</s>
    <s>WS3 :: M-PREF</s>
    <s>WS4 :: MRC</s>
    <s>WS5 :: ARCOE</s>
    <s>WS6 :: ExaCt</s>
    <s>WS7 :: LPE</s>
    <s>WS8 :: CMNA</s>
    <s>WS9 :: PlanLearn</s>
    <s>WS10 :: ERLARS</s>
    <s>WS11 :: BIMRS</s>
    <s>WS12 :: I-KBET</s>
    <s>WS13 :: UDM</s>
    <s>WS14 :: WASSA</s>
    <s>WS15 :: AISSAI</s>
    <s>WS16 :: LaTeCH</s>
    <s>WS17 :: IAT4EB</s>
    <s>WS18 :: A2HC</s>
    <s>WS19 :: KR4HC</s>
    <s>WS20 :: AILog</s>
    <s>WS21 :: STeDY</s>
    <s>About ECAI</s>
    <s>Topics of interest</s>
    <s>ECAI Call for Papers</s>
    <s>ECAI Submission Instructions</s>
    <s>Call for WS Proposals</s>
    <s>PAIS Call for Papers</s>
    <s>STAIRS Call for Papers</s>
    <s>Local information</s>
    <s>Venue &amp; location</s>
    <s>Getting to Lisbon</s>
    <s>Conference Banquet</s>
    <s>Home !arrow Full Papers Accepted</s>
    <s>!Narrow screen resolution !Wide screen resolution !default color !green color !orange color</s>
    <s>Photo Report</s>
    <s>ECAI 2010</s>
    <s>Staff &amp; Volunteers</s>
    <s>Plenary Sessions</s>
    <s>Opening &amp; Welcome</s>
    <s>ECAI 2010 Banquet</s>
    <s>ECAI 2010</s>
    <s>Important dates</s>
    <s>Topics of Interest</s>
    <s>Full Papers Accepted</s>
    <s>Poster Papers</s>
    <s>Plenary Speakers</s>
    <s>Tutorial Speakers</s>
    <s>Area Chairs</s>
    <s>Program Committee</s>
    <s>ECCAI Award Talk</s>
    <s>Visa Letter Request</s>
    <s>Press Releases</s>
    <s>PAIS Call for Papers</s>
    <s>Submission Instructions</s>
    <s>PAIS Papers Accepted</s>
    <s>PAIS Program Committee</s>
    <s>PAIS Program</s>
    <s>STAIRS Call for Papers</s>
    <s>STAIRS Papers Accepted</s>
    <s>STAIRS Program Committee</s>
    <s>STAIRS Program</s>
    <s>Workshops List</s>
    <s>Full Papers Accepted</s>
    <s>7: Computation in Extended Argumentation Frameworks</s>
    <s>Paul Dunne, Sanjay Modgil, Trevor Bench-Capon</s>
    <s>20: Social Recommendation with Interpersonal Influence</s>
    <s>Junming Huang, Jiafeng Guo, Huawei Shen, Kun Yang, Xueqi Cheng</s>
    <s>27: Verifying Properties of Infinite Sequences of Description Logic Actions</s>
    <s>Franz Baader, Hongkai Liu, Anees ul Mehdi</s>
    <s>30: An Axiom System for a Spatial Logic with Convexity</s>
    <s>Adam Trybus</s>
    <s>43: Analysis of Inverse Reinforcement Learning with Perturbed Demonstrations</s>
    <s>Francisco Melo, Ricardo Ferreira, Manuel Lopes</s>
    <s>45: Case-Based Multiagent Reinforcement Learning: Cases as Heuristics for Selection of Actions</s>
    <s>Reinaldo Bianchi, Ramon Lopez de Mantaras</s>
    <s>46: An Efficient Procedure for Multi-agent Negotiation with CP-nets</s>
    <s>Minyi Li, Bao Vo, Ryszard Kowalczyk</s>
    <s>53: Temporal Relations Learning with a Bootstrapped Cross-document Classifier</s>
    <s>Seyed Abolghasem Mirroshandel, Gholamreza Ghassem-Sani</s>
    <s>56: Behavior-oriented Commitment-based Protocols</s>
    <s>Matteo Baldoni, Cristina Baroglio, Elisa Marengo</s>
    <s>65: Foundations of Tree-like Local Model Updates</s>
    <s>Yan Zhang, Michael Kelly, Yi Zhou</s>
    <s>67: Diagnosing Process Trajectories Under Partially Known Behavior</s>
    <s>Gerhard Friedrich, Wolfgang Mayer, Markus Stumptner</s>
    <s>68: Decision-theoretic Optimal Sampling with Hidden Markov Random Fields</s>
    <s>Regis Sabbadin, Nathalie peyrard</s>
    <s>91: Mining Outliers with Adaptive Cutoff Update and Space Utilization (RACAS)</s>
    <s>Chi-Cheong Szeto, Edward Hung</s>
    <s>92: Adaptive Branching for Constraint Satisfaction Problems</s>
    <s>Thanasis Balafoutis, Kostas Stergiou</s>
    <s>97: A note on the complexity of some multiobjective Asearch algorithms</s>
    <s>Lawrence Mandow, Jose Luis Perez-de-la-Cruz</s>
    <s>111: Combining Local and Global KNN With Cotraining</s>
    <s>Victor Laguna, Alneu Lopes</s>
    <s>112: Parallel Model Checking for Epistemic Logics</s>
    <s>Marta Kwiatkowska, Alessio Lomuscio, Hongyang Qu</s>
    <s>124: ISAC -- Instance-Specific Algorithm Configuration</s>
    <s>Serdar Kadioglu, Yuri Malitsky, Meinolf Sellmann, Kevin Tierney</s>
    <s>125: Automating Layouts of Sewers in Subdivisions</s>
    <s>Neil Burch, Robert Holte, Martin Mueller, David O'Connell, Jonathan Schaeffer</s>
    <s>136: Designing a Successful Adaptive Agent for TAC Ad Auction</s>
    <s>Meng Chang, Minghua He, Xudong Luo</s>
    <s>139: Computational Aspects of Extending Shapley Value to Coalitional Games with Externalities</s>
    <s>Tomasz Michalak, Macin Szamotulski, Dorota Marciniak, Talal Rahwan, Nicholas R. Jennings</s>
    <s>146: Event Model Learning from Complex Videos using ILP</s>
    <s>Krishna Dubba, Anthony Cohn, David Hogg</s>
    <s>148: LP Solvable Models for Multiagent Fair Allocation problems</s>
    <s>Julien Lesca, Patrice Perny</s>
    <s>153: Automatic free-text-tagging of online news archives</s>
    <s>Richard Farkas, Berend Gabor, Istvan Heged&amp;369;s, Andras Karpati, Balazs Krich</s>
    <s>162: Symmetries of Symmetry Breaking Constraints</s>
    <s>George Katsirelos, Toby Walsh</s>
    <s>168: Enriching EL-Concepts with Greatest Fixpoints</s>
    <s>Carsten Lutz, Robert Piro, Frank Wolter</s>
    <s>177: Learning better together : the roles of broadcast and forgetness</s>
    <s>Gauvain Bourgne, Henry Soldano, Amal EL Fallah Seghrouchni</s>
    <s>188: An Equilibrium Analysis of Competing Double Auction Marketplaces using Fictitious Play</s>
    <s>Bing Shi, Enrico Gerding, Perukrishnen Vytelingum, Nicholas R. Jennings</s>
    <s>191: An Argumentation-based Approach to Database Repair</s>
    <s>Emanuel Santos, Joao Pavao Martins, Helena Galhardas</s>
    <s>197: An Empirical Study of the Manipulability of Single Transferable Voting</s>
    <s>Toby Walsh</s>
    <s>202: On the Verification of Very Expressive Temporal Properties of Non-terminating Golog Programs</s>
    <s>Jens Classen, Gerhard Lakemeyer</s>
    <s>215: Soft Nearest Convex Hull Classifier</s>
    <s>Georgi Nalbantov, Evgueni Smirnov</s>
    <s>216: Logical Ontology Validation Using an Automatic Theorem Prover</s>
    <s>Tim vor der Bruck, Holger Stenzhorn</s>
    <s>232: Improving Hierarchical Classification with Partial Labels</s>
    <s>Nam Nguyen</s>
    <s>233: Diagnosability Analysis of Discrete Events Systems with Autonomous Components</s>
    <s>Lina Ye, Philippe DAGUE</s>
    <s>236: Recognising Agent Behaviour During Variable Length Activities</s>
    <s>Rolf Baxter, David Lane</s>
    <s>238: Variable Level-Of-Detail Motion Planning in Environments with Poorly Predictable Bodies</s>
    <s>Stefan Zickler, Manuela Veloso</s>
    <s>246: Parallel TBox Classification in Description Logics - First Experimental Results</s>
    <s>Mina Aslani, Volker Haarslev</s>
    <s>247: Fair Division under Ordinal Preferences: Computing Envy-Free Allocations of Indivisible Goods</s>
    <s>Sylvain Bouveret, Ulle Endriss, Jerome Lang</s>
    <s>249: Using Domain Knowledge to Guide Lattice-based Complex Data Exploration</s>
    <s>Nizar Messai, Marie-Dominique Devignes, Amedeo Napoli, Malika Smail-Tabbone</s>
    <s>261: Deep Reasoning in Clarification Dialogues with Mobile Robots</s>
    <s>Cui Jian, Desislava Zhekova, Hui Shi, John Bateman</s>
    <s>265: Feature Selection by Approximating the Markov Blanket in a Kernel-Induced Space</s>
    <s>Qiang Lou, Zoran Obradovic</s>
    <s>268: Detecting Ironic Intent in Creative Comparisons</s>
    <s>Tony Veale, Yanfen Hao</s>
    <s>273: Strengthening Landmark Heuristics via Hitting Sets</s>
    <s>Blai Bonet, Malte Helmert</s>
    <s>274: Adaptive Gaussian Process for Short-Term Wind Speed Forecasting</s>
    <s>Xiaoqian Jiang, Bing Dong</s>
    <s>278: Learning to Author Text with textual CBR</s>
    <s>Ibrahim Adeyanju, Nirmalie Wiratunga, Juan Recio-Garcia, Robert Lothian</s>
    <s>279: The Complexity of Epistemic Model Checking: Clock Semantics and Branching Time</s>
    <s>Huang Xiaowei, Ron van der Meyden</s>
    <s>293: Predicting Responsiveness of BDI Agent</s>
    <s>Huiliang Zhang</s>
    <s>296: Tableau-based Forgetting in ALC Ontologies</s>
    <s>Zhe Wang, Kewen Wang, Xiaowang Zhang, Rodney Topor</s>
    <s>298: LTL Goal Specifications Revisited</s>
    <s>Patrik Haslum, Andreas Bauer</s>
    <s>310: Is it Possible to Model Check Resource-Bounded Agents? Part I: (Un)decidablity</s>
    <s>Nils Bulling, Berndt Farwer</s>
    <s>312: Brothers in Arms? On AI Planning and Cellular Automata</s>
    <s>Joerg Hoffmann, Nazim Fates, Hector Palacios</s>
    <s>314: Dynamic Matching with a Fall-back Option</s>
    <s>Sujit Gujar, David Parkes</s>
    <s>327: Bayesian Monte Carlo for the Global Optimization of Expensive Functions</s>
    <s>Perry Groot, Adriana Birlutiu, Tom Heskes</s>
    <s>328: Cross-Domain Contextualisation of Sentiment Lexicons</s>
    <s>Stefan Gindl, Albert Weichselbraun, Arno Scharl</s>
    <s>336: Propagation of Opinions in Structural Graphs</s>
    <s>Nardine Osman, Carles Sierra, Jordi Sabater-Mir</s>
    <s>353: Uncertainty Propagation for Efficient Exploration in Reinforcement Learning</s>
    <s>Alexander Hans, Steffen Udluft</s>
    <s>359: Adaptive Markov Logic Networks: Learning Statistical Relational Models with Dynamic Parameters</s>
    <s>Dominik Jain, Andreas Barthels, Michael Beetz</s>
    <s>362: On Semantic Update Operators for Answer-Set Programs</s>
    <s>Martin Slota, Joao Leite</s>
    <s>368: Multitask Kernel-based Learning with Logic Constraints</s>
    <s>Michelangelo Diligenti, Marco Gori, Marco Maggini, Leonardo Rigutini, Leonardo Rigutini</s>
    <s>374: Stream-Based Reasoning Support for Autonomous Systems</s>
    <s>Fredrik Heintz, Jonas Kvarnstrom, Patrick Doherty</s>
    <s>377: Sound and Complete Landmarks for And/Or Graphs</s>
    <s>Emil Keyder, Silvia Richter, Malte Helmert</s>
    <s>380: Classifier Ensemble using Multiobjective Optimization for Named Entity Recognition</s>
    <s>Asif Ekbal, Sriparna Saha</s>
    <s>383: Hybrid Continuous Max-Sum Algorithms for Decentralised Coordination</s>
    <s>Thomas Voice, Ruben Stranders, Alex Rogers, Nicholas R. Jennings</s>
    <s>392: Tractable Reasoning with DL-Programs over Datalog-rewritable Description Logics</s>
    <s>Stijn Heymans, Thomas Eiter, Guohui Xiao</s>
    <s>401: Landmarks in Hierarchical Planning</s>
    <s>Mohamed Elkawkagy, Bernd Schattenberg, Susanne Biundo</s>
    <s>409: Context-Specific Independence in Directed Relational Probabilistic Models</s>
    <s>Daan Fierens</s>
    <s>423: Abduction of distributed theories through local interactions</s>
    <s>Gauvain Bourgne, Nicolas Maudet, Katsumi Inoue</s>
    <s>427: Boosting Clustering by Active Constraint Selection</s>
    <s>Viet-Vu Vu, Nicolas Labroche, Bernadette Bouchon-Meunier</s>
    <s>435: Using background knowledge to support coreference resolution</s>
    <s>Volha Bryl, Claudio Giuliano, Luciano Serafini, Kateryna Tymoshenko</s>
    <s>440: On Testing Answer-Set Programs</s>
    <s>Tomi Janhunen, Ilkka Niemela, Johannes Oetsch, Joerg Puehrer, Hans Tompits</s>
    <s>448: Constraint Based Planning with Composable Substate Graphs</s>
    <s>Peter Gregory, Derek Long, Maria Fox</s>
    <s>449: Modeling the problem of many hands in organisations</s>
    <s>TIAGO DE LIMA, LAMBÈR ROYAKKERS, FRANK DIGNUM</s>
    <s>450: Extending Clause Learning DPLL with Parity Reasoning</s>
    <s>Tero Laitinen, Tommi Junttila, Ilkka Niemela</s>
    <s>453: Optimal Tableaux for Conditional Logics with Cautious Monotonicity</s>
    <s>Lutz Schroder, Dirk Pattinson, Daniel Hausmann</s>
    <s>456: Integrating Bipolar Fuzzy Mathematical Morphology in Description Logics for Spatial Reasoning</s>
    <s>Celine HUDELOT, Jamal Atif, Isabelle Bloch</s>
    <s>459: Semantics for the Jason Variant of AgentSpeak (Plan Failure and some Internal Actions)</s>
    <s>Rafael Bordini, Jomi Hubner</s>
    <s>470: Learning When to Use Lazy Learning in Constraint Solving</s>
    <s>Ian Gent, Chris Jefferson, Lars Kotthoff, Ian Miguel, Neil Moore, Peter Nightingale, Karen Petrie</s>
    <s>478: BnB-ADOPT+ with Several Soft AC Levels</s>
    <s>Patricia Gutierrez, Pedro Meseguer</s>
    <s>480: The epistemic view of belief merging: can we track the truth?</s>
    <s>Patricia Everaere, Sebastien Konieczny, Pierre Marquis</s>
    <s>481: Solving Pseudo-Boolean Modular Constraints</s>
    <s>Carlos Ansotegui, Ramon Bejar, Cesar Fernandez, Francesc Guitart, Carles Mateu</s>
    <s>486: ProbLog Technology for Inference in a Probabilistic First Order Logic</s>
    <s>Maurice Bruynooghe, Luc De Raedt, Gerda Janssens, Angelika Kimmig, Theofrastos Mantadelis, Joost Vennekens</s>
    <s>490: Learning conditionally lexicographic preference relations</s>
    <s>Richard Booth, Yann Chevaleyre, Jerome Lang, Jerome Mengin, Chattrakul Sombattheera</s>
    <s>494: Higher-Order Coalition Logic</s>
    <s>Valerio Genovese, Guido Boella, Dov Gabbay, Leendert van der Torre</s>
    <s>503: Active Testing Strategy to Predict the Best Classification Algorithm via Sampling and Metalearning</s>
    <s>Rui Leite, Pavel Brazdil</s>
    <s>534: Top-Down Algorithms for Constructing Structured DNNF: Theoretical and Practical Implications</s>
    <s>Knot Pipatsrisawat, Adnan Darwiche</s>
    <s>538: The Dynamics of Multi-Agent Reinforcement Learning</s>
    <s>Luke Dickens, Krysia Broda, Alessandra Russo</s>
    <s>541: Min-based causal possibilistic networks : Handling interventions and analyzing the possibilistic co</s>
    <s>Karim Tabia, Salem Benferhat</s>
    <s>543: Computing Data Semantics of WSDL Specifications via Gradient Boosting</s>
    <s>Alexandros Valarakos, George Vouros</s>
    <s>544: Constraint-based Controller Synthesis in Non-Deterministic and Partially Observable Domains</s>
    <s>Cedric Pralet, Gerard Verfaillie, Michel Lemaitre, Guillaume Infantes</s>
    <s>552: Optimal Task Migration in Service-Oriented Systems: Algorithms and Mechanisms</s>
    <s>Sebastian Stein, Enrico Gerding, Nicholas R. Jennings</s>
    <s>553: Kernel-Based Hybrid Random Fields for Nonparametric Density Estimation</s>
    <s>Antonino Freno, Edmondo Trentin, Marco Gori</s>
    <s>555: The Complexity of Handling Minimal Solutions in Logic-Based Abduction</s>
    <s>Reinhard Pichler, Stefan Woltran</s>
    <s>556: On the stability of an Optimal Coalition Structure</s>
    <s>Stephane Airiau, Sandip Sen</s>
    <s>557: Addressing the Exposure Problem of Bidding Agents Using Flexibly Priced Options</s>
    <s>Valentin Robu, Ioannis Vetsikas , Enrico Gerding, Nicholas R. Jennings</s>
    <s>561: Fast Local Search for Fuzzy Job Shop Scheduling</s>
    <s>Jorge Puente, Camino R Vela, Ines Gonzalez Rodriguez</s>
    <s>571: Knowledge Compilation Using Interval Automata and Applications to Planning</s>
    <s>Alexandre Niveau, Helene Fargier, Cedric Pralet, Gerard Verfaillie</s>
    <s>574: Modelling Multilateral Negotiation in Linear Logic</s>
    <s>Daniele Porello, Ulle Endriss</s>
    <s>577: On the Use of Logical Interactions for Establishing Decomposability</s>
    <s>Knot Pipatsrisawat, Adnan Darwiche</s>
    <s>579: Metric Propositional Neighborhood Logics: Expressiveness, Decidability, and Undecidability</s>
    <s>Davide Bresolin, Dario Della Monica, Valentin Goranko, Angelo Montanari, Guido Sciavicco</s>
    <s>581: A Common Computational Framework for Semiring-based Argumentation Systems</s>
    <s>Stefano Bistarelli, Francesco Santini</s>
    <s>584: Regression Learning with Multiple Noisy Oracles</s>
    <s>Kosta Ristovski, Debasish Das, Vladimir Ouzienko, Yuhong Guo, Zoran Obradovic</s>
    <s>587: Iterative Bounding LAO*</s>
    <s>Hakan Warnquist, Jonas Kvarnstrom, Patrick Doherty</s>
    <s>604: EA^2: The Winning Strategy for the Inaugural Lemonade Stand Game Tournament</s>
    <s>Adam M. Sykulski, Archie Chapman, Enrique Munoz de Cote, Nicholas R. Jennings</s>
    <s>609: A Decentralised Symbolic Diagnosis Approach</s>
    <s>Anika Schumann, Yannick Pencole, Sylvie Thiebaux</s>
    <s>611: Complexity of Axiom Pinpointing in the DL-Lite Family of Description Logics</s>
    <s>Rafael Peñaloza, Baris Sertkaya</s>
    <s>614: Opinion Question Answering: Towards a Unified Approach</s>
    <s>Alexandra Balahur, Ester Boldrini, Andres Montoyo, Patricio Martinez-Barco</s>
    <s>617: Majority Merging: from Boolean Spaces to Affine Spaces</s>
    <s>Jean-François Condotta, Souhila Kaci, Pierre Marquis, Nicolas Schwind</s>
    <s>619: Relative-Order Abstractions for the Pancake Problem</s>
    <s>Malte Helmert, Gabriele Roger</s>
    <s>623: The Necessity of Bounded Treewidth for Efficient Inference in Bayesian Networks</s>
    <s>Johan H.P. Kwisthout, Hans L. Bodlaender, Linda van der Gaag</s>
    <s>627: Compiling Uncertainty Away in Non-Deterministic Conformant Planning</s>
    <s>Alexandre Albore, Hector Palacios, Hector Geffner</s>
    <s>632: Unsupervised Layer-wise Model Selection in Deep Neural Networks</s>
    <s>Ludovic Arnold, Helene Paugam-Moisy, Michele Sebag</s>
    <s>641: Belief-Goal Relationships in Possibilistic Goal Generation</s>
    <s>Celia da Costa Pereira, Andrea Tettamanzi</s>
    <s>643: Introducing Personality into Team Dynamics</s>
    <s>Prada Rui, Samuel Ma, Joao Camilo</s>
    <s>660: Planning with Concurrency under Resources and Time Uncertainty</s>
    <s>Eric Beaudry, Froduald Kabanza, Francois Michaud</s>
    <s>680: Learning Aggregation Functions for Expert Search</s>
    <s>Cummins Ronan, Mounia Lalmas, Colm O'Riordan</s>
    <s>681: On Computing Backbones of Propositional Theories</s>
    <s>Joao Marques-Silva, Mikolas Janota, Ines Lynce</s>
    <s>682: From Bursty Patterns to Bursty Facts: The effectiveness of temporal text mining for news</s>
    <s>Ilija Subasic, Berendt Bettina</s>
    <s>690: A Unified Framework for Non-standard Reasoning Services in Description Logics</s>
    <s>Simona Colucci, Tommaso Di Noia, Eugenio Di Sciascio, Francesco Donini, Azzurra Ragone</s>
    <s>695: Analyzing Flexible Timeline-based Plans</s>
    <s>Amedeo Cesta, Alberto Finzi, Simone Fratini, AndreA Orlandini, Enrico Tronci</s>
    <s>705: Implicit Learning of Compiled Macro-Actions for Planning</s>
    <s>M.A.Hakim Newton, John Levine</s>
    <s>707: Kernel Methods for Revealed Preference Analysis</s>
    <s>Sebastien Lahaie</s>
    <s>715: Linear Logic for Non-Linear Storytelling</s>
    <s>Anne-Gwenn Bosser, Marc Cavazza, Ronan Champagnat</s>
    <s>728: Recommendations Over Domain Specific User Graphs</s>
    <s>Makoto Nakatsuji, Yasuhiro Fujiwara, Akimichi Tanaka, Tadasu Uchiyama, Toru Ishida</s>
    <s>732: Contract Search : Heuristic Search under Node Expansion Constraints</s>
    <s>Sandip Aine</s>
    <s>734: Continuous Conditional Random Fields for Regression in Remote Sensing</s>
    <s>Vladan Radosavljevic, Slobodan Vucetic, Zoran Obradovic</s>
    <s>761: Extraction of Places Related to Flickr Tags</s>
    <s>Yukino Baba, Fuyuki Ishikawa, Shinichi Honiden</s>
    <s>764: A Very Fast Method for Clustering Big Text Datasets</s>
    <s>Frank Lin, William W. Cohen</s>
    <s>768: EP for Efficient Stochastic Control with Obstacles</s>
    <s>Thomas Mensink, Jakob Verbeek, Bert Kappen</s>
    <s>789: Open-ended Grounded Semantics</s>
    <s>Michael Spranger, Martin Loetzsch, Simon Pauw</s>
    <s>800: A NEAT Way for Evolving Echo State Networks</s>
    <s>Kyriakos Chatzidimitriou, Pericles Mitkas</s>
    <s>804: Mental State Ascription Using Dynamic Logic</s>
    <s>Michal Sindlar, Mehdi Dastani, John-Jules Meyer</s>
    <s>811: Multi Grain Sentiment Analysis using Collective Classification</s>
    <s>Shivashankar S, Ravindran B</s>
    <s>812: Describing the Result of a Classifier to the End-User: Geometric-based Sensitivity</s>
    <s>Isabelle Alvarez, Sophie Martin, Salma Mesmoudi</s>
    <s>822: Acquisition of Grammar in Autonomous Artificial Systems</s>
    <s>Kateryna Gerasymova, Michael Spranger</s>
    <s>[ Back ]</s>
    <s>Copyright (C) 2006 JA Mercury. Joomlais Free Software released under the GNU/GPL License</s>
  </text>
</page>
