<?xml version="1.0" encoding="UTF-8"?>
<!DOCTYPE page SYSTEM "page.dtd">
<page>
  <lang>en</lang>
  <url>http://cityofpasadena.net/PermitCenter/PAC/</url>
  <title>Pre-Application Conference - Planning - City of Pasadena, California</title>
  <snippet>
    <s>It is an opportunity for the staff to identify any discretionary reviews and approvals necessary, inform you of any possible conflicts with City policies and </s>
  </snippet>
  <text>
    <s>Sorry about that!</s>
    <s>We were unable to complete your request.</s>
    <s>Why don’t you try visiting our homepage?</s>
    <s>We’ll be right back…</s>
  </text>
</page>
