<?xml version="1.0" encoding="UTF-8"?>
<!DOCTYPE page SYSTEM "page.dtd">
<page>
  <lang>en</lang>
  <url>http://ccil.org/~wcc_ws/index.htm</url>
  <title>White Clay Creek Watershed Management Committee</title>
  <snippet>
    <s>The conference was hosted by the White Clay Creek Watershed Management Committee, which </s>
  </snippet>
  <text>
    <s>the Home Page of the</s>
    <s>White Clay Creek</s>
    <s>Watershed Management Committee</s>
    <s>for the</s>
    <s>White Clay Creek</s>
    <s>National Wild &amp; Scenic River</s>
    <s>Chester County, Pennsylvania</s>
    <s>New Castle County, Delaware</s>
    <s>Recommended minimum screen resolution for viewing website is 800 x 600.</s>
    <s>Next Meeting of the Watershed Management Committee</s>
    <s>2006 Activities Report</s>
    <s>Watershed Management Committee Report for 2002-2004 Plus 2005 Updates</s>
    <s>White Clay Creek Fish Advisory</s>
    <s>Clayton Hall Conference - April 14, 2005</s>
    <s>National Wild And Scenic River Outreach</s>
    <s>Proposed London Tract National Historic District</s>
    <s>The Act of Congress Designating the White Clay Creek as Wild &amp; Scenic</s>
    <s>The Management Plan</s>
    <s>Previous Meetings of the Watershed Management Committee</s>
    <s>Related Organizations</s>
    <s>White Clay Creek River Administrator - Linda Stapleford</s>
    <s>In Memoriam - Robert Bruce Cheyne</s>
    <s>Useful Information</s>
    <s>Financial Information</s>
    <s>Next Meeting of the Watershed Management Committee:</s>
    <s>The next meeting of the White Clay Creek Watershed Management Committee is scheduled for:</s>
    <s>Tuesday, September 11, 2007 1:003:00 p.m.</s>
    <s>New Garden Township Building</s>
    <s>299 Starr Road, Landenberg, PA 19350</s>
    <s>Welcome and Introductions</s>
    <s>Approval of April 10, 2007 Minutes &amp; schedule the next meeting</s>
    <s>New Castle County Sewage Pumping Station Failure/Fish Kill: Lessons learned, Tony Schiavi, Special Services, New Castle County</s>
    <s>West Chester University Broad Run 3D stormwater modeling project and GIS outreach opportunities, Dr. Gary Coutu, Dept. Geography &amp; Planning</s>
    <s>UD State of Watershed Report Brief Update, Jerry Kauffman, UD Water Resources Agency</s>
    <s>Subcommittee Reports - Includes updates on second outreach poster, Pennsylvania land conservation projects, trail guide &amp; proposed Chester County White Clay multi-municipal trail project</s>
    <s>National Park Service Report</s>
    <s>Local River Administrator Report  Budget, fall lecture series: Native Plants in My Yard?; Dockstader grant for Chester County Homeowner Association Habitat Restoration workshops; update on Delaware properties: Stopyra, Newark Country Club, Paper Mill Road parcels; CC Conserv. District request for stricter review of White Clay construction projects; Creek Fest?</s>
    <s>Old Business</s>
    <s>New Business</s>
    <s>Directions to New Garden Twp Building</s>
    <s>If you have any questions please contact Linda Stapleford, White Clay Creek Wild &amp; Scenic Program Administrator at 302-731-1756 or</s>
    <s>R i v e r A d m i n i s t r a t o r @ W h i t e C l a y . o r g</s>
    <s>2006 Activities Report</s>
    <s>The 2006 Report of the Management Committee's Work is now available.</s>
    <s>Click here to download a .pdf version of the report</s>
    <s>Watershed Management Committee Report for 2002-2004 plus 2005 Update</s>
    <s>The White Clay Creek Watershed Management Committee's first biennial report presents information intended to provide the watershed partners, legislators and the community with background information on the White Clay Creek National Wild and Scenic River and an update on the current activities of the Watershed Management Committee in the watershed.</s>
    <s>photo by Chuck Barscz</s>
    <s>Executive Summary</s>
    <s>Watershed Management Committee</s>
    <s>National Park Service</s>
    <s>River Administrator</s>
    <s>Program Accomplishments</s>
    <s>Open Space Preservation</s>
    <s>Municipal Outreach</s>
    <s>Special Events</s>
    <s>SMART yards</s>
    <s>Watershed Signage</s>
    <s>Education Mini-Grants</s>
    <s>Issue Forums</s>
    <s>Watershed Conference 2005</s>
    <s>Trails &amp; Recreation</s>
    <s>Flora and Fauna</s>
    <s>Historic and Cultural Resources</s>
    <s>National Wild &amp; Scenic Designation</s>
    <s>Timeline for White Clay Creek Program</s>
    <s>Download a printer friendly PDF of the 2004 Report (4 MB)</s>
    <s>Download a printer friendly PDF of the 2005 Update (3.5 MB)</s>
    <s>White Clay Creek Fish Advisory:</s>
    <s>Rick Greene, Water Quality, and Roy Miller, Fisheries, both of the Delaware Dept. of Natural Resources and Environental Control (DNREC), met recently with the White Clay Creek Management Committee to discuss the recent stricter Fish Advisory placed on White Clay Creek for both stocked and naturally occurring fish caught in the White Clay Creek from Paper Mill bridge north to the state line.</s>
    <s>The full fish advisory is available at www.dnrec.state.de.us/fw/advisory.htm. Changes for the upper portion of White Clay Creek include recommendations to eat no more than one 8-ounce meal of resident fish or stocked trout from those waters per month. The advisories reflect recent data on chemicals of concern such as PCBs, dioxins, pesticides and mercury in certain fish species and take into consideration the general health benefits of eating a variety of fish. Rick detailed the various contaminants that were tested, outlined the testing procedures, explained the resulting data graphs, and the risk assessment procedure. Delaware spends considerable money on sophisticated testing and utilizes a conservative risk assessment protocol to protect the health of its citizens.</s>
    <s>Contaminant problems with stocked trout are nationwide in scope and oftentimes result from low level contamination in fish feeds. (Fish oils used in the manufacture of trout feed can contain low levels of PCBs.) Differences in risk assessment procedures among states may result in less restrictive fish advisories in other states such as Pennsylvania.</s>
    <s>Recommendations that were discussed included:</s>
    <s>Investigation of better feedstock for trout hatcheries. This problem is getting national attention and may result in reduced contamination. Delaware is such a small player in this arena that we have little clout by ourselves to make an impact. Roy noted he is investigating other hatcheries and staying on top of the national and regional discussion. A Delaware owned hatchery was suggested but it was noted that it is an expensive venture requiring a continuous high quality water supply.</s>
    <s>Including a handout detailing the stocked trout advisory for trout stamps sold before the new Fishing Guide is printed with these revised fish advisories.</s>
    <s>WCCWMC assisting with public education outreach for fishermen in DE and PA. This would focus on fish contamination, risk assessment, and also the role of cleaning and cooking techniques to reduce the amount of toxic material ingested. An outreach effort would include helping to distribute and post on our website the fish contamination brochure now being printed by DNREC. Outreach could also note that while the risk to health has been quantified, in general eating fish has health benefits.</s>
    <s>Rick will follow up with the DE Department of Health regarding posting warning signs in WCC State Park. It was suggested that parking lots may be the best spot for signage.</s>
    <s>WCCWMC inviting PA Fish and Boat Commission to a meeting to discuss the PA risk assessment procedure.</s>
    <s>Clayton Hall Conference - April 14, 2005 :</s>
    <s>Water and Our Changing Landscape</s>
    <s>Perspectives from the Wild and Scenic White Clay Watershed</s>
    <s>April 14, 2005</s>
    <s>Clayton Hall, University of Delaware</s>
    <s>National Park Service Perspective - Edward O'Donnell substituting for Chuck Barscz, NPS</s>
    <s>Wild &amp; Scenic White Clay Creek Report - Linda Stapleford, River Administrator</s>
    <s>Open Space Preservation</s>
    <s>Trails and Recreation</s>
    <s>Flora and Fauna</s>
    <s>Historic Resources</s>
    <s>Kranz Farm Situation</s>
    <s>Recognition of Delaware &amp; Pennsylvania Officials - Judy Schuler</s>
    <s>Presentation of Robert Cheyne Memorial Plaque - Judy Schuler</s>
    <s>White Clay Creek: A Historical &amp; Scientific Perspective - Bernard Sweeney, Stoud Water Research</s>
    <s>Keynote: The Liveable Landscape - Rick Darke</s>
    <s>Stormwater Management Panel - Andy Urquat, moderator</s>
    <s>Stormwater Utilities - Fran Piorko, DNREC</s>
    <s>Recharge and Facilty Design - Jeffrey Bross, Duffield Associates</s>
    <s>Pennsylvania's Initiative: New Stormwater Manual - Wesley Horner</s>
    <s>Chester County Initiatives - Daniel J Greig, Chester County Conservation District</s>
    <s>Backyard Habitats, SMART yards - John Harrod, Delaware Nature Society</s>
    <s>Question &amp; Answers</s>
    <s>Lunch Table Discussions:</s>
    <s>Agricultural Issues</s>
    <s>Gardening for Healthy Watersheds</s>
    <s>London Tract Historic District</s>
    <s>Municipal Ordinances</s>
    <s>Stream/Riparian Restoration</s>
    <s>Water Quality</s>
    <s>Water Supply/Aquifer Capacity</s>
    <s>Water Quality/Water Supply Capacity</s>
    <s>The conference was hosted by the White Clay Creek Watershed Management Committee, which oversees the National Wild and Scenic River program for the White Clay, and the National Park Service and White Clay Watershed Association. Co-sponsors included the University of Delaware Institute for Public Administration Water Resources Agency, Delaware Water Resources Center at the University of Delaware, Delaware Division of Water Resources, Delaware Department of Transportation, Chester County Conservation District, Partnership for the Delaware Estuary, and United Water Delaware and Bethel. Other contributors include Artesian Water Company, Chester Water Authority, City of Newark, Delaware Nature Society, Kennett Township, London Grove Township, New Castle County Conservation District, New Garden Township, Penn Township, and Stroud Water Research Center.</s>
    <s>National Wild And Scenic River Outreach - SMART YARDS Project :</s>
    <s>Do you hike, bike, or fish along the White Clay Creek and its tributaries?  or enjoy its scenic vistas as you drive through Chester or New Castle County? The watershed is one of only a few relatively unspoiled river systems remaining in our highly congested region. To promote its long-term protection the White Clay Wild and Scenic Program is conducting two outreach projects this spring: homeowner backyard stewardship and watershed education for schools.</s>
    <s>SMART YARDS , a homeowner backyard stewardship project, is being piloted in the Hills of Sullivan, just outside of Avondale, Pennsylvania and at the Fred S. Engle Middle School in Avon Grove, Pennsylvania, and the Shue-Medill Middle School in Newark, Delaware. SMART YARDS motivates homeowners to become better watershed stewards by explaining how landscapes affect watershed health and providing plants, materials, and tools to create a landscape with positive watershed benefits. Tiring of the expense and hassle of mowing, fertilizing, and applying pesticides, more people are eager to convert a part of their lawn to an attractive landscape feature. These native trees, shrubs, wildflowers, and groundcovers help reduce stormwater runoff and water pollution, and require less water, fertilizer, pesticides, and maintenance than lawns or exotic plants. They also attract birds and butterflies. Individually SMART YARDS are a visible reminder of the landscapes connection to the watershed; collectively they can make a difference. Funding for this project comes from the National Park Service Partnership Wild and Scenic Rivers Program and the E. Kneale Dockstader Foundation; it is administered by the White Clay Creek Watershed Management Committee in partnership with the Watershed Stewardship program of the Delaware Nature Society.</s>
    <s>The school outreach project consists of classroom programs and a field trip for selected seventh grade classes from the Engle and Shue Schools. Students will become better acquainted with the watersheds boundaries, characteristics, and ecology and will investigate the creeks water quality using water-testing kits. The highlight of the program is a trip to the protected headwaters of the East Branch at Stroud Water Research Center above Avondale. This program is free of charge thanks to support of the National Park Service Partnership Wild and Scenic Rivers Program and the Chichester du Pont Foundation and is being administered by the White Clay Creek Watershed Management Committee in partnership with the Stroud Water Research Center.</s>
    <s>SMART YARDS and the school outreach program further the goals of the White Clay Wild and Scenic Rivers Watershed Management Plan (and Chester Countys Watersheds) to balance human activities with the preservation of the watershed resources. LOOK for further news about these and other White Clay Creek Wild and Scenic Program projects and plan to visit the public demonstration SMART YARDS at the Fred S. Engle and Shue-Medill Middle Schools later this spring or summer.</s>
    <s>Click to view Avon Grove Sun's article about the project at Fred S. Engle Middle School</s>
    <s>For more information contact Linda Stapleford, River Administrator at 302-731-1756 or</s>
    <s>R i v e r A d m i n i s t r a t o r @ W h i t e C l a y . o r g</s>
    <s>Proposed London Tract National Historic District :</s>
    <s>At the suggestion of one of the local property owners, the Wild &amp; Scenic Management Committee explored the possibility of getting the valley around the Headquarters of the Preserve in Pennsylvnia listed as a National Register Historic District. Unfortunately the Pennsylvania Historical and Museum Commission determined the district to be ineligible. Now the Management Committee is looking at the possiblity of getting individual sites within the district nominated to the National Historic Register. The Management Committee has obtained the services of Wise Preservation Planning to guide us through the process.</s>
    <s>Click here for more information</s>
    <s>The Act of Congress Designating the White Clay Creek as Wild &amp; Scenic</s>
    <s>!(click to view White Clay legislation)</s>
    <s>The legislation that designated the White Clay Creek and its tributaries in Delaware and Pennsylvania into the National Wild and Scenic Rivers System was introduced in 2000 Congress by Congressmen Michael Castle (DE) and Joseph Pitts (PA); and by Senators Joseph Biden (DE), William Roth (DE), Rick Santorum (PA), and Arlen Specter (PA). This legislation, P.L. 106-357, was passed by both houses of Congress and signed into law by President William Clinton on October 24, 2000.</s>
    <s>The Management Plan</s>
    <s>(click to view Management Plan)</s>
    <s>The management plan proposes a strategy for managing the White Clay Creek as a National Wild and Scenic River. It was prepared as part of a study to evaluate the White Clay Creek for inclusion in the National Wild and Scenic Rivers System.</s>
    <s>Previous Meetings of the Watershed Management Committee</s>
    <s>Full Committee - April 10, 2007 at the Judge Morris Estate, Newark</s>
    <s>Backyard Habitat Assistance For Homeowners</s>
    <s>FY07 and FY08 Budgets</s>
    <s>Watershed Welcome Packets</s>
    <s>London Tract Historic District Appeal</s>
    <s>Botanical Surveys</s>
    <s>Trail Map Project</s>
    <s>Colonial Pipeline</s>
    <s>Master Trail Project</s>
    <s>Open Space Projects</s>
    <s>Municipal Ordinance Review</s>
    <s>Wilkins Tract Easement</s>
    <s>Partnership River program cited by Harvard Kennedy School</s>
    <s>Homeowner Association Habitat Restoration Workshops</s>
    <s>U of D Web Design Assistance</s>
    <s>United Water Delaware Donation</s>
    <s>Native Plant Retail</s>
    <s>Full Committee - Jan 9, 2007 at the London Britain Township Building</s>
    <s>White Clay Creek State of the Watershed Report</s>
    <s>London Grove Community Park</s>
    <s>Watershed Welcome Packets</s>
    <s>London Track Historic District</s>
    <s>Botanical Surveys</s>
    <s>Linking Hiking Trails</s>
    <s>Open Space</s>
    <s>NPS W&amp;S Rivers Website</s>
    <s>Management Committee Funding</s>
    <s>Homeowner Association Habitat Restoration Workships</s>
    <s>Website Design Assistance</s>
    <s>New co-chairs</s>
    <s>New Pennsylvania DNR Grant Cycles</s>
    <s>Full Committee - Sept 12, 2006 at the Judge Morris Estate</s>
    <s>Municipal Ordinance Survey</s>
    <s>Welcome Packets</s>
    <s>London Track Historic District</s>
    <s>Delaware School for the Deaf classes at White Clay Creek State Park</s>
    <s>London Grove Twp Botanical Surveys</s>
    <s>Open Space</s>
    <s>Cell Phone Tower</s>
    <s>Status of Undesignated portions of White Clay Creek</s>
    <s>Possible National Interest Electric Transmission Coordor Intrusion</s>
    <s>Fall Lectures</s>
    <s>Home Owner Association Workshops</s>
    <s>Partnership W&amp;S River 2007 Funding Status</s>
    <s>Newark Floodplain Ordinance Defeat</s>
    <s>Plans for foot bridge in Pa Preserve</s>
    <s>Landowner assistance for Riparian Buffers</s>
    <s>Full Committee - June 8, 2006 at the New Garden Township Building</s>
    <s>Bog Turtles</s>
    <s>Education Committee - Tackboard Displays, Welcome Packets</s>
    <s>Trail Brochure</s>
    <s>Open Space</s>
    <s>Cellphone Tower</s>
    <s>Habitat Restoration</s>
    <s>Partnership Funding</s>
    <s>Special Meeting - May 18, 2006 at Water Resources Agency, University of Delaware</s>
    <s>DNREC briefing on new fish advisory for White Clay Creek</s>
    <s>Full Committee - Apr 6, 2006 at the Judge Morris Estate</s>
    <s>Budget Update</s>
    <s>Watershed Welcome Packets</s>
    <s>Watershed roadway signs in Pennsylvania</s>
    <s>Recreational Trail Guide</s>
    <s>Municipal ordinance survey (Pa)</s>
    <s>London Tract Historic District ineligible finding</s>
    <s>Spring Lecture Series</s>
    <s>Homeowner Association Outreach</s>
    <s>Full Committee - Jan 17, 2006 at the London Grove Township Building</s>
    <s>Rain Garden Presentation by Elaine Grehl</s>
    <s>2006 Budget</s>
    <s>Watershed Welcome Packets</s>
    <s>Watershed Road Signs</s>
    <s>Trail Guide</s>
    <s>Flora and Wildlife Surveys</s>
    <s>Land Preservation Work</s>
    <s>Historic Districts - PHMC Visit</s>
    <s>Spring Lecture Series</s>
    <s>Homeowner Association Outreach</s>
    <s>Citizen Volunteers for Invasive Control</s>
    <s>Municipal MS4 Outreach Assistance</s>
    <s>Stroud Water Research Center Stream Watch Analysis</s>
    <s>UD State of the Watershed Report</s>
    <s>Arrowhead Found</s>
    <s>London Grove Twp Referendum</s>
    <s>Full Committee - Sept 14, 2005 at 7:00 p.m. - held at the Judge Morris Estate</s>
    <s>Rt 41 Project at Avondale</s>
    <s>5th Anniversary Celebration Plans</s>
    <s>Streamwatch 2005 Results</s>
    <s>Watershed Signage Project Report</s>
    <s>Recreational Trail Guide Project Report</s>
    <s>London Tract Historic District Project Report</s>
    <s>Stream Restoration Projects Reports</s>
    <s>Full Committee - June 7, 2005 at 7:00 p.m. - held at the New Garden Township Building</s>
    <s>Marilyn Flannery</s>
    <s>Scott Gantt</s>
    <s>Budget Approval</s>
    <s>Mainstem restoration funding</s>
    <s>Bog Turtle Habitat Investigation</s>
    <s>Fall Celebration</s>
    <s>Subcommittee Reports</s>
    <s>Education Subcommittee</s>
    <s>Watershed Welcome Packet</s>
    <s>Recreational Trails Subcommittee</s>
    <s>Trail Map</s>
    <s>Fish &amp; Wildlife Subcommittee</s>
    <s>Open Space Subcommittee</s>
    <s>Growing Greener referendum (PA)</s>
    <s>New Garden Township Open Space referendum</s>
    <s>Municipal Ordinance Reviews</s>
    <s>New Garden Open Space Report</s>
    <s>Historical and Cultural Resources Subcommittee</s>
    <s>London Tract Historic District</s>
    <s>Landenberg Historic District</s>
    <s>National Park Service Report</s>
    <s>New Section 7 Review Procedure</s>
    <s>Administrator Report</s>
    <s>April 14th White Clay Creek Conference</s>
    <s>Biennial Report</s>
    <s>MBNA Deerfield Property</s>
    <s>Old Business</s>
    <s>Lamborn Run</s>
    <s>Full Committee - Jan 11, 2005 at 1:00 p.m. - held at the City of Newark Municipal Building</s>
    <s>DelDOT I-95 Expansion Project</s>
    <s>Tweed's Tavern</s>
    <s>Chester County Planning Commission 537 Sewer Module Planning Review</s>
    <s>Fiscal Procedures</s>
    <s>White Clay Symposium - April 14th</s>
    <s>Subcommittee Reports</s>
    <s>Open Space</s>
    <s>Fish &amp; Wildlife</s>
    <s>Recreational Trails</s>
    <s>Historical and Cultural Resources</s>
    <s>National Park Service Report</s>
    <s>Section 7 Review</s>
    <s>2005 Budget</s>
    <s>George Wright Society Field Trip</s>
    <s>New Garden Township</s>
    <s>Lamborn Run</s>
    <s>Administrator Report</s>
    <s>Old Business</s>
    <s>Stroud Grants for Riparian Buffers</s>
    <s>Miller Property proposed stream discharge (Franklin Twp)</s>
    <s>New Business</s>
    <s>Christina Basin TMDLs</s>
    <s>Draft Management Plan for Pennsylvania Preserve</s>
    <s>Resident's Stewardship</s>
    <s>Full Committee - September 9, 2004 at 9:30 a.m. - held at the London Grove Township Building</s>
    <s>WCWA FY 04 Accounting Agreement And Fiscal Procedures</s>
    <s>Municipal Open Space Workshop</s>
    <s>Stroud Riparian Buffer Grant</s>
    <s>Approval of Historic/Cultural Resources Subcommittee</s>
    <s>Subcommittee Reports</s>
    <s>Education Subcommittee</s>
    <s>Fish &amp; Wildlife</s>
    <s>Open Space</s>
    <s>Recreational Trails</s>
    <s>National Park Service Report</s>
    <s>Avondale East Branch, Indian Run Restoration Project</s>
    <s>Bridge Replacement SR3004</s>
    <s>Administrator Report</s>
    <s>Spring 05 watershed conference</s>
    <s>Website Changes</s>
    <s>Update on Needham property</s>
    <s>Miller property proposed stream discharge</s>
    <s>DE 303(d) List Proposed changes</s>
    <s>New Business</s>
    <s>Hills of Sullivan footbridge</s>
    <s>Full Committee - June 8, 2004 - held in the Newark Council Chambers</s>
    <s>Discussion Homeowner Associations and Open Space/Stormwater Management Concerns</s>
    <s>FY '04 Accounting Agreement and Budget Implications</s>
    <s>Subcommittee Reports</s>
    <s>Fish &amp; Wildlife</s>
    <s>Open Space</s>
    <s>Recreational Trails</s>
    <s>National Park Service Report</s>
    <s>Administrator Report</s>
    <s>Spring 2005 Watershed Conference</s>
    <s>Management Committee Biennial Report</s>
    <s>SMART YARDS Project</s>
    <s>Bob Cheyne Memorial</s>
    <s>Municipal outreach - Franklin Township</s>
    <s>14 White Clay Drive Update</s>
    <s>Update on Needham Property</s>
    <s>Proposed Historic District</s>
    <s>I-95 Project</s>
    <s>Delware's White Clay Creek State Park Master Plan</s>
    <s>Full Committee - April 19, 2004 - held at the Franklin Township Building</s>
    <s>Approval of FY 2004 Budget</s>
    <s>Election of Co-Chairs</s>
    <s>Subcommittee Reports</s>
    <s>Fish &amp; Wildlife</s>
    <s>Open Space</s>
    <s>Recreational Trails</s>
    <s>London Tract Historic District</s>
    <s>National Partk Service Report</s>
    <s>DNREC Wedgewood Trail Extension</s>
    <s>Pike Creek Restoration Project</s>
    <s>Mill Creek Restoration in Delaware Park Golf Course</s>
    <s>Administrator Report</s>
    <s>Proposed Spring 2005 Watershed Conference</s>
    <s>Municipal outreach</s>
    <s>SMART YARDS Project</s>
    <s>14 White Clay Creek Drive update (Newark)</s>
    <s>Bob Cheyne memorials</s>
    <s>WCC Water Withdrawal Data Base status</s>
    <s>Outreach: Stroud Water Festival</s>
    <s>Update on Newark Reservoir</s>
    <s>Update on Needham property</s>
    <s>Full Committee - Jan 13, 2004 - held at the Judge Morris Estate</s>
    <s>Education Subcommittee Report</s>
    <s>Fish &amp; Wildlife Subcommittee Report</s>
    <s>Open Space Subcommittee Report</s>
    <s>Recreational Trails Subcommittee Report</s>
    <s>DNREC Wedgewood Trail Extension</s>
    <s>Pike Creek Restoration Project</s>
    <s>Partners in Stewardship Conference</s>
    <s>SMART YARDS Project</s>
    <s>Proposed Bread and Cheese Island Project</s>
    <s>14 White Clay Creek Drive Update</s>
    <s>National Historic District Proposal for archaeological sites and Landenberg Village</s>
    <s>Bi-state Preserve Buildings</s>
    <s>Full Committee - Sept 9, 2003 - held at the Londonderry Township Building</s>
    <s>Approval of FY03 Budget</s>
    <s>Education Subcommittee Report</s>
    <s>Fish &amp; Wildlife Subcommittee Report</s>
    <s>Open Space Subcommittee Report</s>
    <s>Recreational Trails Subcommittee Report</s>
    <s>Logo Design</s>
    <s>DNREC Wedgewood Trail Extension</s>
    <s>Gouge Subdivision Trail Plan, London Grove Township</s>
    <s>DelDOT Hockessin Park Stormwater Plan</s>
    <s>Partners in Stewardship Conference</s>
    <s>Dockstader Foundation Grant</s>
    <s>Water Quality / Municipal Outreach</s>
    <s>London Grove Proposed Automotive Repair Shop</s>
    <s>Groundwater Withdrawals / DRBC Ground Water Protection Area</s>
    <s>Lamborn Run</s>
    <s>Pesticide-Free Zone Signs Available</s>
    <s>Full Committee - June 3, 2003 - held at the Judge Morris Estate</s>
    <s>Fish &amp; Wildlife Subcommittee Report</s>
    <s>Education Subcommittee Report</s>
    <s>Open Space Subcommittee Report</s>
    <s>Recreation Trails Subcommittee Report</s>
    <s>Presentation: Mushromm Farm BMPs and Water Quality Issues</s>
    <s>London Grove and New Garden Township's Trail Systems</s>
    <s>Wilkinson Seeding Access Road on Steep Slope Property</s>
    <s>Budget Discussion</s>
    <s>Discussion of Extension of Groundwater Resource Protection Area</s>
    <s>Full Committee - March 11, 2003 - held at the London Britain Township Building</s>
    <s>Education Subcommittee Report</s>
    <s>Recreation Subcommittee Report</s>
    <s>Upstream Festival Announcement</s>
    <s>Open Space Subcommittee Report</s>
    <s>Artesian Well Issue Report</s>
    <s>WCWA Report</s>
    <s>Selection of River Manager</s>
    <s>Trout Run Water Quality Issue</s>
    <s>Full Committee - January 15, 2003 - held at Newark City Hall, Newark</s>
    <s>Open Space Subcommittee Report</s>
    <s>Recreational Trails Subcommittee Report</s>
    <s>Education Subcommittee Report</s>
    <s>Presentation from Artesian Water Company - New Garden Well</s>
    <s>Full Committee - November 13, 2002 - held at the London Britain Township Building</s>
    <s>Open Space Subcommittee Report</s>
    <s>Recreational Trails Subcommittee Report</s>
    <s>Education Subcommittee Report</s>
    <s>Brandywine Conservancy Presentation - Critical Areas Update</s>
    <s>Landstudies, Inc. Presentation - Riparian Evaluation for London Grove Township</s>
    <s>Full Committee - Sept 18, 2002 - held at the London Britain Township Building</s>
    <s>Open Space Subcommittee Report</s>
    <s>Recreational Trails Subcommittee Report</s>
    <s>Education Subcommittee Report</s>
    <s>Fish and Wildlife Subcommittee Report</s>
    <s>Artesian Water Company Presentation - New Garden Well</s>
    <s>PennDOT Presentation - Rt 41 Enhancement Project</s>
    <s>Full Committee - June 12, 2002 - held at the London Britain Township Building</s>
    <s>FY02 Funding Proposal &amp; Executive Committee Membership</s>
    <s>Local River Manager Position</s>
    <s>Presentation: Jan Bowers, Executive Director, Chester County Water Resources Authority</s>
    <s>New Garden Township - Artesian Water Co. New Well</s>
    <s>Cooperative Agreements With National Park Service</s>
    <s>Funding Subcommittee - May 7, 2002 - held at the Water Resources Agency, University of Delaware</s>
    <s>Name Change to &quot;Executive Committee&quot;</s>
    <s>Funding Discussion</s>
    <s>Full Committee - April 9, 2002 - held at Newark City Hall, Newark</s>
    <s>Jake Michael, Chester County Planning Commission: Presentation on Landscapes.</s>
    <s>Kyle Gulbronson, (DNREC), Division of Parks &amp; Recreation: Presentation on Green Infrastructure Program.</s>
    <s>Jack Stefferud, Natural Lands Trust: Presentation on Projects within the White Clay Watershed.</s>
    <s>Kristen Travers, Stroud Water Research Center: Presentation on Educational Programs.</s>
    <s>Robert Lonsdorf, Brandywine Conservancy: Projects within the White Clay Watershed.</s>
    <s>Lou Kaplan, London Grove Township: Concerns about Route 41 Bypass and Expansion Project.</s>
    <s>London Grove Township Hearing Board: Concerns about Taybro Corp. Application for Zoning Variance for propane storage in the flood plane.</s>
    <s>Project Selection and SubCommittees.</s>
    <s>Related Organizations</s>
    <s>National Park Service</s>
    <s>The National Park Service cares for special places saved by the American people so that all may experience our heritage.</s>
    <s>National Wild And Scenic Rivers System</s>
    <s>In the 1960s, the country began to realize that our rivers were being dammed, dredged, diked, diverted and degraded at an alarming rate. To lend balance to our history of use and abuse of our waterways, Congress created the National Wild and Scenic Rivers System.</s>
    <s>White Clay Watershed Association</s>
    <s>The White Clay Watershed Association is a non-profit community organization established in 1965 and dedicated to the protection and improvement of the environmental quality of the White Clay Creek and valley.</s>
    <s>Friends of White Clay Creek State Park</s>
    <s>The Friends of White Clay Creek State Park is a nonprofit volunteer organization whose mission is the protection and preservation of the park and surrounding creek valley through needs assessment, enhancement projects, public relations, and education.</s>
    <s>White Clay Creek State Park - Delaware</s>
    <s>The lush greenery and sparkling streams of White Clay Creek State Park offer a refreshing change of pace from the encroaching urban development of New Castle County. Whether it's an activity at the Carpenter Recreation Area, a retreat into the pristine White Clay Creek Preserve, a hike along the peaceful trails of Possum Hill, or just a few hours of fishing in the creek, visitors of all ages will enjoy the natural beauty of the White Clay Valley.</s>
    <s>White Clay Creek Preserve - Pennsylvania</s>
    <s>The White Clay Creek Valley forms the core of the Preserve. The park varies from steep to rolling terrain with some flat bottomland. There are many historical points of interest in and around the park. The Preserve is managed for low intensity recreational day use activities throughout the year.</s>
    <s>Delaware Nature Society</s>
    <s>The Delaware Nature Society promotes understanding, appreciation, and enjoyment of the natural world for all ages through educational programs ranging from inspecting microscopic aquatic creatures to scanning panoramic views from mountain tops. DNS is active in land preservation, promotes environmental stewardship through Stream Watch and Backyard Habitat programs, and offers volunteer opportunities in environmental advocacy. DNS also maintains four nature preserves in Delaware for research and educational programs.</s>
    <s>Stroud Water Research Center</s>
    <s>The White Clay Creek's Stroud Water Research Center located near Avondale is internationally acclaimed for its pioneering research on streams and rivers. It's scientists work in interdisciplinary research teams, blending their individual talents in chemistry, microbial ecology, invertebrate biology, watershed ecology, and ecosystem modeling to study the physical, chemical, and biological processes of streams and rivers, the life histories of individual organisms, and the ecology of watersheds.</s>
    <s>Conservation Districts</s>
    <s>Working with landowners, other organizations and agency partners, districts have helped protect our soil, water, forests, wildlife and other resources for over 60 years.</s>
    <s>Chester County Conservation District</s>
    <s>&gt; !</s>
    <s>New Castle County Conservation District</s>
    <s>&gt; phone 302-832-3100, ext.3</s>
    <s>2430 Old County Road, Newark 19702</s>
    <s>Chester County Water Resources Agency</s>
    <s>Provides the water resources science, engineering and planning necessary to protect public safety, to preserve the integrity of Chester County's natural water resources and watershed systems, and to balance the needs of all water users in support of Landscapes , Watersheds , and planned growth for Chester County.</s>
    <s>Water Resources Agency at the University of Delaware</s>
    <s>Provides technical assistance for water resources and watershed policy and to governments in Delaware and the Delaware Valley through the University's public service, education, and research role.</s>
    <s>Pennsylvania Organization for Watersheds and Rivers, Inc.</s>
    <s>POWR is a non-profit organization composed of individuals, watershed associations, conservation organizations and other corporations who support the goals and mission of POWR. POWR advocates for the protection, restoration and enjoyment of our common wealth of water resources, and conducts programs that foster stewardship, communication, leadership and action.</s>
    <s>River Network</s>
    <s>River Network works to help people understand, protect and restore rivers and their watersheds. They provide watershed organizations with information, training, consultation, grants, referrals to other service organizations and networking opportunities</s>
    <s>White Clay Creek River Administrator</s>
    <s>Linda Stapleford</s>
    <s>!The Watershed Management Committee has appointed of Linda Stapleford as the first White Clay Creek River Administrator. In this role, Linda acts as spokesperson for the Committee and oversees implementation of a variety of special projects. She works to help educate the general public in understanding and appreciating the special qualities of the White Clay Creek, and travels throughout the watershed looking for opportunities to implement the recommendations of the White Clay Creek Wild and Scenic River Management Plan.</s>
    <s>Linda was involved at the Delaware Nature Society for many years where she was the Associate Director for Natural Resources Conservation and served as the Delaware Stream Watch Coordinator. She served as the Executive Director for the video production Protecting Our Water: Whos Got the Power? , an educational video that explains basic watershed ecosystem principles and encourages citizens to take an active role in solving the problems causing stream degradation. This video has been shown on WHYY and has been adopted for the Delaware 7th grade watershed curriculum. Linda has also served on the board of the White Clay Watershed Association.</s>
    <s>Linda received her Bachelor of Arts Degree as a Biology major with a minor in Education from Denison University in Granville, Ohio. Her undergraduate work concentrated on Microbiology. She received her Masters Degree in Applied Sciences from the University of Delaware, where she studied Environmental Engineering. Her thesis work involved an investigation of microbial water treatment efficiency.</s>
    <s>In Memoriam - Robert Bruce Cheyne :</s>
    <s>In Memoriam of</s>
    <s>Robert Bruce Cheyne</s>
    <s>For his dedication and love for the White Clay Creek</s>
    <s>On October 3, 2003, southeastern Pennsylvania lost a tireless community servant and good friend in the passing of Bob Cheyne. A resident of Kemblesville, he was devoted to serving his township and preserving the charm and beauty of Chester County and the White Clay watershed. As an avid enthusiast for outdoor pursuits such as sailing and camping, he valued nature and worked to ensure that future generations would be able to do likewise.</s>
    <s>Bobs affection for the White Clay prompted him to be an early supporter of its National Wild and Scenic River System designation. His leadership in local government and rapport with other officials was instrumental in gaining the necessary local support and federal congressional endorsement of the designation. An eloquent speaker, he was one of the local spokespersons to testify at the designation hearing before the U.S. Congress.</s>
    <s>He was much-beloved in his own township of London Britain where he was serving his second term as a Supervisor. He is remembered for his dedication and ability to successfully apply the skills and 35 years of experience as a professional engineer to better his community. His knowledge of construction, planning, budgeting, and project controls served the township well. He was also a strong advocate for land preservation as seen through his efforts to set aside public lands for the Mason Dixon Greenway.</s>
    <s>Bobs memory will live on not just with his wife, Sally, of 37 years, and his two children, Thomas K. Cheyne of New Jersey and Mary Cheyne of Maryland, but in the hearts of many who were touched and benefited by his life. The members of the White Clay Creek Management Committee honor the memory of Bob Cheyne and extend their sympathies to the family.</s>
    <s>Useful Information &amp; Other Websites</s>
    <s>Rain Gardens</s>
    <s>Rain gardens are gardens designed to look good AND help soak up rain water that drains off your roof, driveway, and yard and ordinarily would be running into a storm drain. They are planted with native wildflowers, ground cover, shrubs, and trees. Rain gardens are designed to hold a few inches or more of water that then slowly filters into the ground water instead of running off to a storm drain. As a general rule of thumb they allow about 30% more water to soak into the ground than a typical lawn.</s>
    <s>Besides helping to reduce flooding in developed areas, rain gardens also reduce the amount of pollutants such as fertilizers and herbicides that wash off yards and enter storm sewers and eventually into nearby streams.</s>
    <s>There is a demonstration rain garden at the University of Delaware. It is set back off Academy Street in Newark, between Delaware Ave. and East Park, and right next to the Perkins Student Center and in front of the Water Resources Agency.</s>
    <s>Native Species for Use in Vegetative Stormwater BMPs</s>
    <s>Bioretention/Rain Garden websites</s>
    <s>Recommended Native Plants</s>
    <s>List of recommended Native Plants prepared by the Delaware Nature Society</s>
    <s>Pike Creek Watershed Initiative</s>
    <s>A website aimed at educating Pike Creek residents about watershed projects and issues affecting water supply in the area.</s>
    <s>Financial Information</s>
    <s>Finances for the White Clay Creek Watershed Management Committee are handled by the White Clay Watershed Association. Financial Information can be found at the WCWA's website.</s>
    <s>Please report technical problems with this website to</s>
    <s>W e b M a s t e r @ W h i t e C l a y . o r g</s>
    <s>Please include the URL for the page with the problem and what version browswer you are using (see your browser's Help/About menu).</s>
  </text>
</page>
