<?xml version="1.0" encoding="UTF-8"?>
<!DOCTYPE page SYSTEM "page.dtd">
<page>
  <lang>en</lang>
  <url>http://aappolicy.aappublications.org/cgi/content/full/pediatrics%3B124/5/1488</url>
  <title>Impact of Music, Music Lyrics, and Music Videos on Children and ...</title>
  <snippet>
    <s>Nov 1, 2009 FORMER EXECUTIVE COMMITTEE. . related to the age of the listener and the experiences or preconceived ideas they bring to .. Presented at: the International Communication Association Conference; Dresden, Germany, </s>
  </snippet>
  <text>
    <s>About AAP Policy|</s>
    <s>AAP Policy Collections|</s>
    <s>Contact Us</s>
    <s>Advanced Search</s>
    <s>aap policy</s>
    <s>Policy Statements</s>
    <s>AAP President's Comments</s>
    <s>Clinical Reports</s>
    <s>Technical Reports</s>
    <s>Clinical Practice Guidelines</s>
    <s>Parent Pages</s>
    <s>endorsed policy</s>
    <s>Policy Statements</s>
    <s>Clinical Reports</s>
    <s>Technical Reports</s>
    <s>Clinical Practice Guidelines</s>
    <s>affirmation of value</s>
    <s>Clinical Practice Guidelines</s>
    <s>aap policy collections</s>
    <s>AAP Policy Collections</s>
    <s>AAP Journals</s>
    <s>Red Book</s>
    <s>Other AAP Manuals</s>
    <s>National Guideline</s>
    <s>Would you be interested in accessing AAP Policy with a mobile app for smartphones/tablets?online surveys</s>
    <s>This policy is a revision of the policy posted on December 1, 1996.</s>
    <s>POLICY STATEMENT</s>
    <s>Published online November 1, 2009</s>
    <s>PEDIATRICS Vol. 124 No. 5 November 2009, pp. 1488-1494 (doi:10.1542/peds.2009-2145)</s>
    <s>This Article</s>
    <s>!Right arrow</s>
    <s>Abstract !Freely available</s>
    <s>!Right arrow</s>
    <s>Full Text (PDF)</s>
    <s>!Right arrow</s>
    <s>E-mail this article to a friend</s>
    <s>!Right arrow</s>
    <s>Similar articles in this journal</s>
    <s>!Right arrow</s>
    <s>Similar articles in PubMed</s>
    <s>!Right arrow</s>
    <s>Download to citation manager</s>
    <s>Citing Articles</s>
    <s>!Right arrow</s>
    <s>Citing Articles via HighWire</s>
    <s>!Right arrow</s>
    <s>Citing Articles via Google Scholar</s>
    <s>Google Scholar</s>
    <s>!Right arrow</s>
    <s>Search for Related Content</s>
    <s>!Right arrow</s>
    <s>PubMed Citation</s>
    <s>POLICY STATEMENT</s>
    <s>Impact of Music, Music Lyrics, and Music Videos on Children and Youth</s>
    <s>Council on Communications and Media</s>
    <s>Council on Communications and </s>
    <s>FORMER EXECUTIVE COMMITTEE </s>
    <s>Music plays an important role in the socialization of children and adolescents. Popular music is present almost everywhere, and it is easily available through the radio, various recordings, the Internet, and new technologies, allowing adolescents to hear it in diverse settings and situations, alone or shared with friends. Parents often are unaware of the lyrics to which their children are listening because of the increasing use of downloaded music and headphones. Research on popular music has explored its effects on schoolwork, social interactions, mood and affect, and particularly behavior. The effect that popular music has on children's and adolescents' behavior and emotions is of paramount concern. Lyrics have become more explicit in their references to drugs, sex, and violence over the years, particularly in certain genres. A teenager's preference for certain types of music could be correlated or associated with certain behaviors. As with popular music, the perception and the effect of music-video messages are important, because research has reported that exposure to violence, sexual messages, sexual stereotypes, and use of substances of abuse in music videos might produce significant changes in behaviors and attitudes of young viewers. Pediatricians and parents should be aware of this information. Furthermore, with the evidence portrayed in these studies, it is essential for pediatricians and parents to take a stand regarding music lyrics.</s>
    <s>Key Words: music  lyrics  music videos  adolescents  violence</s>
    <s>Council on Communications and </s>
    <s>FORMER EXECUTIVE COMMITTEE </s>
    <s>Music plays an important role in the socialization of children and adolescents.1-3 Listening to popular music is considered by society to be a part of growing up.2 Music provides entertainment and distraction from problems and serves as a way to relieve tension and boredom. Some studies have reported that adolescents use popular music to deal with loneliness and to take control of their emotional status or mood.2,4 Music also can provide a background for romance and serve as the basis for establishing relationships in diverse settings.2 Adolescents use music in their process of identity formation,4-11 and their music preference provides them a means to achieve group identity and integration into the youth culture.5,7-9,12,13 Some authors have suggested that popular music provides adolescents with the means to resolve unconscious conflicts related to their particular developmental stage2,7,12,14 and that their music preference might reflect the level of turmoil of this stage.14-17</s>
    <s>Adolescents' choice of music and their reactions to and interpretations of it vary with age, culture, and ethnicity.2,13,14,18-25 Research has shown that there also is a difference in these variables between the genders.25 Female adolescents are more likely than male adolescents to use music to reflect their emotional state, in particular when feeling lonely or &quot;down.&quot;2,26,27 Male adolescents, on the other hand, are more likely to use music as a stimulant, as a way to &quot;boost&quot; their energy level, or to create a more positive image of themselves.2,4,26</s>
    <s>To understand the importance of music in the life of adolescents, a survey performed in the early 1990s of 2760 American adolescents aged 14 through 16 years revealed that they listened to music an average of 40 hours per week.28 In another study in 2000, North et al4 found that a sample of 2465 adolescents in England reported listening to music for an average of 2.45 hours per day. On a study performed in 2005 to assess media use of 8- to 18-year-olds in the United States, Roberts et al25 reported that on a given day, 85% of 8- to 18-year-olds listen to music. Although time devoted to listening to music varies with age group, American youth listen to music from 1.5 to 2.5 hours per day. Still, a study performed with a small sample of at-risk youth revealed an average of up to 6.8 hours of music-listening per day.29 Furthermore, Roberts et al found that 33% of those listening to music did so while performing other tasks or activities. These data support the idea that the prevalence of music-listening in adolescents may be even higher than that of television viewing. The reason for this is that popular music is present almost everywhere, from the supermarket to the mall, often as background music. It also is easily available through the radio, various recordings, the Internet, and new technologies,11,25 allowing adolescents to hear it in diverse settings and situations, alone or shared with friends.</s>
    <s>Adolescents are not the only young consumers of popular music. A study with 100 fourth- through sixth-graders revealed that 98% of these children listened to popular music, 72% of them on &quot;most days&quot; or every day.30 Furthermore, it has been reported that children 8 to 10 years of age listen to music an average of 1 hour per day.25 With many children and adolescents listening on iPods or other devices using headphones, parents may have little knowledge of what their children are listening to.</s>
    <s>Research on popular music has explored several areas such as its effects on schoolwork,31 social interactions, mood and affect,20,26,27,32,33 and particularly behavior.10,11,34-36 Several theories have been developed to explain the relationship between music and behavior,15,37,38 and a number of studies have demonstrated that there is a relationship between music and emotions, regardless of age.20,23,27,39-41 Although the emotional response to music depends on the way it is presented, it is also true that it is closely related to the age of the listener and the experiences or preconceived ideas they bring to the music.2,14,39 The effect that popular music has on children's and adolescents' behavior and emotions is of paramount concern.40 There is particular concern related to the lyrics of some genres of music and their effect on children and adolescents.3,10,11,42-45</s>
    <s>Lyrics have become more explicit in their references to drugs, sex, and violence over the years.11 A content analysis of the top 10 CDs performed by the National Institute on Media in 1999 revealed that each of these CDs included at least 1 song with sexual content. Forty-two percent of the songs on these CDs contained very explicit sexual content.46 Lyrics of some music genres, such as rock, heavy metal, rap, and new emerging genres such as reggaeton, have been found to revolve around topics such as sexual promiscuity, death, homicide, suicide, and substance abuse.9,13,17,43,45,46-53 Most recently, some rap music has been characterized by the presence of explicit sexual language in its lyrics as well as messages of violence, racism, homophobia, and hatred toward women.9,10,42,54 Drug, tobacco, and alcohol use also tend to be glorified in these songs.</s>
    <s>In refuting concerns about the effect of lyrics, some have argued that children and adolescents use music only for entertainment, that little or no attention is paid to the words, and if any attention is given, understanding tends to be limited and related to the experiences lived by the listener.32,55 However, other studies have demonstrated the contrary.56 Approximately 17% of male adolescents and 25% of female adolescents expressed that they liked their favorite songs specifically because the lyrics were a reflection of their feelings.2 Also, it has been found that the more importance adolescents give to a certain type of music, the more attention they will pay to the lyrics.2,55,57,58 Furthermore, Knobloch-Westerwick et al have stated that although young listeners might not understand all the details in lyrics, they recognize enough to obtain a general idea of the message they bring.11</s>
    <s>Regarding the effects of popular music on behavior, several studies have demonstrated that preference for certain types of music could be correlated or associated with certain behaviors,such as the association of drug and alcohol use with &quot;rave&quot; music or electronic music dance events.13,50,51,62 Roberts et al39 performed a study in 1997 at an adolescent clinic, and their results suggested that probably the best predictor of risk in adolescents related to music is their self-report of negative feelings or emotions when listening to any type of music. The authors of that study described an association between negative emotional response to music and risk-taking behaviors and even suggested that what triggers risky behavior in some adolescents is the negative emotional response rather than the type of music. Scheel and Westefeld61 supported this suggestion in 1999. Heavy metal and some rock music have been associated in some studies with an increased risk of suicide.17,61,63,66,67 Fans of heavy metal music have been reported in the literature to have more problems with school authorities and teachers than students who are not fans of that type of music.2 Heavy metal music-listening has also been associated with increased depression, delinquency risk behavior,63-65 smoking, and conduct problems.60 Fans of heavy metal and rap music showed a greater tendency to engage in reckless behavior than their peers who were not fans of those types of music.2,14,37,68 A study performed to explore the possible effect of heavy metal music containing either sexually violent or nonviolent lyrics on males' attitudes toward women revealed that those exposed to heavy metal music, with either sexually violent or nonviolent lyrics, showed significantly more negative stereotyped attitudes toward women than those in a group instead exposed to classical music.2,69 Likewise, in a study performed by Fischer and Greitemeyer,42 men who listened to misogynistic lyrics showed increased aggressive responses toward women as well as a more negative perception of them.</s>
    <s>In a study in which adolescents who preferred heavy metal and rap music were compared with those who preferred other types of music, results indicated that the former consistently showed below-average current and elementary school grades, with a history of counseling in elementary school for academic problems.14 A study performed in 1999 with a sample of 345 mothers from public schools revealed that 47% of the mothers believed that violent messages in rap music contribute to school violence70; yet, according to a 2007 report from the Kaiser Family Foundation on parents, children, and the media,44 only 9% of parents revealed being concerned about inappropriate content in music.</s>
    <s>The preference for heavy metal music, rap, and associated genres among adolescents must alert us to an increased vulnerability and tendency toward risky behaviors. Adolescents at risk and with a feeling of alienation because of previous failures or problems tend to prefer these types of music, which might reflect their pessimistic view of life and the world.2,9,14,17,19,37,71 Correlational studies, however, have inherent limitations and cannot identify cause-and-effect relationships, but the associations reflect the status of the current research.</s>
    <s>Research related to music and its effects on children and adolescents has been expanded into another expression of popular music: the music video. Music videos are appealing to children and adolescents. Considering that music videos mix 2 media that are attractive to youth (television and popular music), it is important to study their effects on a young audience and to be concerned about the messages these music videos promote.30,72 Music videos have been widely studied.29,30,55,72-93 They are mainly classified as either performance or concept videos. For a performance video, an artist or a group is filmed during a performance, usually a concert. Concept videos, on the other hand, tell the viewer a story that may or may not evolve from the song. This story may sometimes add content to the lyrics and provide a particular interpretation that is reinforced every time the viewer hears the song.72,73,75 As with popular music, the perception and the effect of music-video messages on children and adolescents is related to the age and developmental and emotional stage of the viewer, as well as the level of exposure.</s>
    <s>The prevalence of music-video-watching has been studied in both the United States and Europe.30,79,90,92,94 A study of 100 fourth- to sixth-graders revealed that 75% of them watched music videos, with 60% of them self-describing their frequency of viewing videos as either &quot;pretty much&quot; or &quot;a lot.&quot; Of these children, 62% watched music videos either &quot;most days&quot; or &quot;every day,&quot; and 7% watched them even before going to school.30 In 2003, a report of the Kaiser Family Foundation90 revealed that 3 of 4 of those in the 16- to 24-year-old group watch MTV, 58% watch it at least once a week, and 20% watch it for an hour or more every day. More recently, a study revealed that a sample of 12- to 15-year-olds watched music videos on an average of 4.3 days per week.92</s>
    <s>Research on music videos has been focused mainly on content analyses. A study published in 1997 by DuRant et al76,82 described an analysis of 518 music videos on 4 television networks (MTV, VH1, CMT, and BET). This study revealed that the percentage of violence in music videos ranged from 11.5% to 22.4%, with the most violent videos having been presented on MTV. When analyzed according to type of music, rap videos had the highest portrayal of violence (20.4%), closely followed by rock videos (19.8%). Using the same sample, another study revealed that although the percentage of videos that portrayed alcohol use showed no significant differences among networks, the percentage portrayed was still significant, ranging from 18.7% to 26.9%. Of the networks, MTV had the highest percentage of alcohol representation and also the highest percentage of videos that portrayed smoking behaviors (25.7%). Of these videos, rap music videos showed a higher content of alcohol or tobacco use than did other types of videos.75 In 1998, Rich et al82 reported on the findings of content analyses that looked for gender or race differences in aggressors or victims of acts of violence portrayed in the same sample of 518 music videos. The analyses showed that black individuals were overrepresented as aggressors (25%) and as victims (41%), compared with the percentage of black individuals in the general population (12%). Studies performed by Smith and Boyson in 200293 and Gruber et al in 200591 validated these findings.</s>
    <s>Analysis of the content in music videos is important, because research has reported that exposure to violence, sexual messages, sexual stereotypes, and use of substances of abuse in music videos might produce significant changes in behaviors and attitudes of young viewers.!{dagger} Frequent watching of music videos has been related to an increased risk of developing beliefs in false stereotypes and an increased perceived importance of appearance and weight in adolescent girls.83 In studies performed to assess the reactions of young males exposed to violent rap music videos or sexist videos, participants reported an increased probability that they would engage in violence, a greater acceptance of the use of violence, and a greater acceptance of the use of violence against women than did participants who were not exposed to these videos.29,35,77,78,92</s>
    <s>In 1999 Kalof84 reported that college students who were exposed to videos with stereotyped sexual images showed more acceptance of adversarial relationships than those who were not exposed. Kaestle et al92 reported in 2007 that in a group of seventh- and eighth-grade boys, watching music videos and professional wrestling was associated with an increased acceptance of date rape. A survey performed among 214 adolescents revealed that there was an association between music-video-watching and permissive sexual behaviors.76 It has also been reported that after watching MTV, adolescents' attitudes were more accepting of premarital sex.52,53,80 A survey performed among 2760 American adolescents demonstrated that listening to music and watching television and music videos more frequently was associated with increased risky behaviors68 and alcohol use85,86; these results were validated by vandenBulck and Beullens,94 who demonstrated a longitudinal relationship between adolescents' exposure to music videos and alcohol use while going out to a bar, party, disco, etc. In 2003, Wingwood et al89 reported on a study in which 522 black female adolescents with a median exposure to rap music videos of 14 hours per week were followed for 12 months. After controlling for all the covariates, greater exposure to rap music videos was independently associated with a wide variety of risky behaviors such as increased promiscuity and use of drugs and alcohol, among others. Of importance, a study performed by Austin et al98 in 2000 revealed that the potential risks of exposure to music videos can be moderated by parental reinforcement and counterreinforcement of conducts observed.</s>
    <s>Council on Communications and </s>
    <s>FORMER EXECUTIVE COMMITTEE </s>
    <s>The American Academy of Pediatrics understands that, given the findings presented and our knowledge of child and adolescent development, pediatricians and parents should be aware of this information. Furthermore, with the evidence portrayed in these studies, it is essential for pediatricians and parents to take a stand regarding this issue. Therefore, the following recommendations are made.</s>
    <s>1. Pediatricians should become familiar with the role of music in the lives of children and adolescents and identify music preferences of their patients as clues to emotional conflict or problems.99</s>
    <s>2. Pediatricians should become familiar with the literature available on the effects of music and music videos on children and adolescents.36,38,100-103</s>
    <s>3. Pediatricians should explore with patients and their parents what types of music they listen to and music videos they watch and under which circumstances they consume these media.</s>
    <s>4. Pediatricians should encourage parents to take an active role in monitoring the type of music to which their children and adolescents are exposed and to be aware of the music they purchase.104-106 Parents can find lyrics by typing &quot;music lyrics&quot; into an Internet search engine and accessing 1 or more of the Web sites that appear. Pediatricians also should counsel parents and caregivers to monitor and regulate television-viewing according to the age and maturity of their children and adolescents.</s>
    <s>5. Pediatricians should encourage parents and caregivers to become media literate.</s>
    <s>6. Pediatricians should sponsor and participate in local and national coalitions to discuss the effects of music on children and adolescents to make the public and parents aware of sexually explicit, drug-oriented, or violent lyrics on CDs and cassettes, in music videos, on the Internet, and in emerging technologies.</s>
    <s>7. The public, and parents in particular, should be aware of and use the music industry's parental advisory warning of explicit content. The advisory label is a black-and-white logo and should be located on the front of the CD, cassette, album, videocassette, or DVD. It may help protect children from certain offensive materials.</s>
    <s>8. Performers should serve as positive role models for children and teenagers.</s>
    <s>9. The music-video industry should produce videos with more positive themes about relationships, racial harmony, drug avoidance, nonviolent conflict resolution, sexual abstinence, pregnancy prevention, and avoidance of promiscuity.</s>
    <s>10. Further research on the effects of popular music, lyrics, and music videos on children and adolescents is important and should be conducted.107</s>
    <s>Council on Communications and Media Executive Committee, 2008-2009</s>
    <s>Council on Communications and </s>
    <s>FORMER EXECUTIVE COMMITTEE </s>
    <s>Gilbert L. Fuld, MD, Chairperson</s>
    <s>Deborah A. Mulligan, MD, Chairperson-Elect</s>
    <s>Tanya Remer Altmann, MD</s>
    <s>Ari Brown, MD</s>
    <s>Dimitri Christakis, MD</s>
    <s>Kathleeen Clarke-Pearson, MD</s>
    <s>Benard P. Dreyer, MD</s>
    <s>Holly L. Falik, MD</s>
    <s>Kathleen G. Nelson, MD</s>
    <s>Gwen S. O'Keefe, MD</s>
    <s>Victor C. Strasburger, MD</s>
    <s>FORMER EXECUTIVE COMMITTEE MEMBERS</s>
    <s>Council on Communications and </s>
    <s>FORMER EXECUTIVE COMMITTEE </s>
    <s>*M. Rosario Gonzalez deRivas, MD</s>
    <s>Regina M. Milteer, MD</s>
    <s>Donald L. Shifrin, MD</s>
    <s>Council on Communications and </s>
    <s>FORMER EXECUTIVE COMMITTEE </s>
    <s>Michael Brody, MD</s>
    <s>American Academy of Child and Adolescent Psychiatry</s>
    <s>Brian Wilcox, PhD</s>
    <s>American Psychological Association</s>
    <s>Council on Communications and </s>
    <s>FORMER EXECUTIVE COMMITTEE </s>
    <s>Veronica Laude Noland</s>
    <s>Gina Ley Steiner</s>
    <s>This document is copyrighted and is property of the American Academy of Pediatrics and its Board of Directors. All authors have filed conflict of interest statements with the American Academy of Pediatrics. Any conflicts have been resolved through a process approved by the Board of Directors. The American Academy of Pediatrics has neither solicited nor accepted any commercial involvement in the development of the content of this publication.</s>
    <s>Lead author !Back</s>
    <s>Refs 2, 10, 17, 29, 37, 39, 42, and 59-65. !Back</s>
    <s>!{dagger} Refs 29, 35, 52, 53, 68, 72, 76-78, 80, 85, 89, 92 and 94-97. !Back</s>
    <s>Council on Communications and </s>
    <s>FORMER EXECUTIVE COMMITTEE </s>
    <s>1. Roe K. Swedish youth and music: listening patterns and motivations. Communic Res. 1985;12 (3):353 -362[Abstract]</s>
    <s>2. Roberts DF, Christensen PG. Popular music in childhood and adolescence. In: Singer DG, Singer JL, eds. Handbook of Children and the Media . Thousand Oaks, CA: Sage Publications; 2001:395-410</s>
    <s>3. Leming JS. Rock music in the socialization of moral values in early adolescence. Youth Soc. 1987;18 (4):363 -383[CrossRef]</s>
    <s>4. North AC, Hargreaves DJ, O'Neill SA. The importance of music to adolescents. Br J Educ Psychol. 2000;70 (pt 2):255 -272[CrossRef][Web of Science][Medline]</s>
    <s>5. Chapman AJ, Williams AR. Prestige effects and aesthetic experiences: adolescents' reactions to music. Br J Soc Clin Psychol. 1976;15 (1):61 -72[Web of Science]</s>
    <s>6. Seelow D. Listening to youth: Woodstock, music, America, and Kurt Cobain's suicide. Child Youth Care Forum. 1996;25 (1):49 -60[CrossRef]</s>
    <s>7. Rosenblum DS, Daniolos P, Kass N, Martin A. Adolescents and popular culture: a psychodynamic overview. In: Solnit AJ, Neubauer PB, Abrams S, Dowling AS, eds. The Psychoanalytic Study of the Child . CT: Yale University Press; 1999:319-338Vol 54. New Haven</s>
    <s>8. Tarrant M, North AC, Hargreaves DJ. Social categorization, self-esteem, and the estimated musical preferences of male adolescents. J Soc Psychol. 2001;141 (5):565 -581[Web of Science][Medline]</s>
    <s>9. Reddick BH, Beresin EV. Rebellious rhapsody: metal, rap, community and individuation. Acad Psychiatry. 2002;26 (1):51 -59[Abstract/Free Full Text]</s>
    <s>10. Martino SC, Collins RL, Elliot MN, Stratchman A, Kanouse DE, Berry SH. Exposure to degrading versus nondegrading music lyrics and sexual behavior among youth. Pediatrics. 2006;118 (2). Available at: www.pediatrics.org/cgi/content/full/118/2/e430</s>
    <s>11. Knobloch-Westerwick S, Musto P, Shaw K. Rebellion in the top music charts: defiant messages in rap/hip hop and rock music--1993-2003. Presented at: the International Communication Association Conference; Dresden, Germany, June 19-23, 2006</s>
    <s>12. Clarke P. Teenagers' co-orientation and information-seeking about pop music. Am Behav Sci. 1973;16 (4):551 -566[CrossRef][Web of Science]</s>
    <s>13. Diamond S, Bermudez R, Schensul J. What's the rap about ecstasy? Popular music lyrics and drug trends among American youth. J Adolesc Res. 2006;21 (3):269 -298[Abstract/Free Full Text]</s>
    <s>14. Took KJ, Weiss DS. The relationship between heavy metal and rap music and adolescent turmoil: real or artifact? Adolescence. 1994;29 (115):613 -621[Web of Science][Medline]</s>
    <s>15. Chapin JR. Adolescent sex and mass media: a developmental approach. Adolescence. 2000;35 (140):799 -811[Web of Science][Medline]</s>
    <s>16. Villani S. Impact of media on children and adolescents: a 10-year review of the research. J Am Acad Child Adolesc Psychiatry. 2001;40 (4):392 -401[CrossRef][Web of Science][Medline]</s>
    <s>17. North AC, Hargreaves DJ. Problem music and self-harming. Suicide Life Threat Behav. 2006;36 (5):582 -590[CrossRef][Web of Science][Medline]</s>
    <s>18. Denisoff RS. Youth and popular music: test of taste culture hypothesis. Youth Soc. 1972;4 (2):237 -255[CrossRef]</s>
    <s>19. Epstein JS, Pratto DJ, Skipper JK. Teenagers, behavioral problems and preferences for heavy metal and rap music: a case study of a southern middle school. Deviant Behav. 1990;11 (4):381 -394[Web of Science]</s>
    <s>20. Hakanen EA. Emotional use of music by African American adolescents. Howard J Commun. 1995;5 (3):214 -222</s>
    <s>21. Roe K. Adolescents' media use: a European view. J Adolesc Health. 2000;27 (2 suppl):15 -21[CrossRef][Web of Science][Medline]</s>
    <s>22. O'Connor LA, Brooks-Gunn J, Graber J. Black and white girls' racial preferences in media and peer choices and the role of socialization for black girls. J Fam Psychol. 2000;14 (3):510 -521[CrossRef][Web of Science][Medline]</s>
    <s>23. Crust L, Clough PJ. The influence of rhythm and personality in the endurance response to motivational asynchronous music. J Sports Sci. 2006;24 (2):187 -195[CrossRef][Web of Science][Medline]</s>
    <s>24. Recording Industry Association of America. Market Data on Hispanic Consumers and Pre-recorded Music . Washington, DC: Recording Industry Association of America; 1999. Available at: www.riaa.com/newsitem.php?news year filter=1999&amp;resultpage=&amp;id=9D438995-0F74-BCF4-63F8-5C3920048218. Accessed December 10, 2007</s>
    <s>25. Roberts DF, Foehr UG, Rideout V. Generation M: Media in the Lives of 8-18 Year-Olds. Menlo Park, CA: Henry J. Kaiser Family Foundation; 2005. Available at: www.kff.org/entmedia/7251.cfm. Accessed December 10, 2007</s>
    <s>26. Wells A, Hakanen EA. The emotional use of popular music by adolescents. Journal Q. 1991;68 (3):445 -454[Web of Science]</s>
    <s>27. Gibson R, Aust CF, Zillmann D. Loneliness of adolescents and their choice and enjoyment of love-celebrating versus love-lamenting popular music. Empir Stud Arts. 2000;18 (1):43 -48[CrossRef]</s>
    <s>28. American Academy of Pediatrics, Committee on Communications. Impact of music lyrics and music videos on children and youth. Pediatrics. 1996;98 (6 pt 1):1219 -1221[Abstract/Free Full Text]</s>
    <s>29. Ward LM, Hansbrough E, Walker E. Contributions of music videos exposure to black adolescents' gender and sexual schemas. J Adolesc Res. 2005;20 (2):143 -166[Abstract]</s>
    <s>30. Christenson P. Preadolescent perceptions and interpretations of music videos. Pop Music Soc. 1992;16 (3):63 -74</s>
    <s>31. La Voie JC, Collins BR. Effect of youth culture music on high school students' academic performance. J Youth Adolesc. 1975;4 (1):57 -65[CrossRef][Web of Science]</s>
    <s>32. Sousou SD. Effects of melody and lyrics on mood and memory. Percept Mot Skills. 1997;85 (1):31 -40[Web of Science][Medline]</s>
    <s>33. Burns JL, Labbe E, Arke B, et al. The effects of different types of music on perceived and physiological measures of stress. J Music Ther. 2002;39 (2):101 -116[Web of Science][Medline]</s>
    <s>34. Anderson CA, Carnagey NL, Eubanks J. Exposure to violent media: the effects of songs with violent lyrics in aggressive thoughts and feelings. J Pers Soc Psychol. 2003;84 (5):960 -971[CrossRef][Web of Science][Medline]</s>
    <s>35. Bushman BJ, Huesmann LR. Short-term and long-term effects of violent media on aggression in children and adults. Arch Pediatr Adolesc Med. 2006;160 (4):348 -352[Abstract/Free Full Text]</s>
    <s>36. Hogan MJ. Adolescents and media violence: six crucial issues for practitioners. Adolesc Med Clin. 2005;16 (2):249 -268, vii[CrossRef][Medline]</s>
    <s>37. Gardstrom SC. Music exposure and criminal behavior: perceptions of juvenile offenders. J Music Ther. 1999;36 (3):207 -221[Web of Science][Medline]</s>
    <s>38. Strasburger VC. Risky business: what primary care practitioners need to know about the influence of the media on adolescents. Prim Care Clin Off Pract. 2006;33 (2):317 -348[CrossRef]</s>
    <s>39. Roberts KR, Dimsdale J, East P, Friedman L. Adolescent emotional response to music and its relationship to risk-taking behaviors. J Adolesc Health. 1998;23 (1):49 -54[Web of Science][Medline]</s>
    <s>40. Strasburger VC. Adolescents, sex, and the media: oooo, baby, baby--a Q &amp; A. Adolesc Med Clin. 2005;16 (2):269 -288, vii[CrossRef][Medline]</s>
    <s>41. Field T, Martinez A, Nawrocki T, Pickens J, Fox NA, Schanberg S. Music shifts frontal EEG in depressed adolescents. Adolescence. 1998;33 (129):109 -116[Web of Science][Medline]</s>
    <s>42. Fischer P, Greitemeyer T. Music and aggression: the impact of sexual-aggressive song lyrics on aggression-related thoughts, emotions, and behavior toward the same and opposite sex. Pers Soc Psychol Bull. 2006;32 (9):1165 -1176[Abstract/Free Full Text]</s>
    <s>43. Herd D. Changes in the prevalence of alcohol use in rap song lyrics, 1979-1997. Addiction. 2005;100 (9):1258 -1269[CrossRef][Web of Science][Medline]</s>
    <s>44. Henry J. Kaiser Family Foundation. Parents, Children &amp; Media: A Kaiser Family Foundation Survey. Menlo Park, CA: Henry J. Kaiser Family Foundation; 2007. Available at: www.kff.org/entmedia/upload/7638.pdf. Accessed December 10, 2007</s>
    <s>45. Brookshire T, Davis C, Stephens E, Bryant S. Substance use references in the lyrics of favorite songs of African-American adolescents. J Young Investig. 2003;8 (1). Available at: www.jyi.org/volumes/volume8/issue1/articles/brookshire.html. Accessed December 10, 2007</s>
    <s>46. Gentile DA. Teen-Oriented Radio and CD Sexual Content Analysis . Minneapolis, MN: National Institute of Media and the Family; 1999. Available at: www.mediafamily.org/research/report radiocontentanalysis.pdf. Accessed December 10, 2007</s>
    <s>47. Plopper BL, Ness ME. Death as portrayed to adolescents through top 40 rock and roll music. Adolescence. 1993;28 (112):793 -807[Web of Science][Medline]</s>
    <s>48. Chen MJ, Miller BA, Grube JW, Waiters ED. Music substance use and aggression. J Stud Alcohol. 2006;67 (3):373 -381[Web of Science][Medline]</s>
    <s>49. Bedi G, Redman J. Recreational ecstasy use: acute effects potentiated by ambient conditions? Neuropsychobiology. 2006;53 (2):113[CrossRef][Web of Science][Medline]</s>
    <s>50. Furr-Holden D, Voas RB, Kelley-Baker T, Miller B. Drug and alcohol-impaired driving among electronic music dance event attendees. Drug Alcohol Depend. 2006;85 (1):83 -86[CrossRef][Web of Science][Medline]</s>
    <s>51. Chinet L, Stephan P, Zobel F, Halfon O. Party drug use in techno nights: a field survey among French-speaking Swiss attendees. Pharmacol Biochem Behav. 2007;86 (2):284 -289[CrossRef][Web of Science][Medline]</s>
    <s>52. Brown JD, L'Engle KL, Pardum CJ, Guo GJ, Kenneavy K, Jackson C. Sexy media matter: exposure to sexual content in music, movies, television, and magazines predicts black and white adolescents' sexual behavior. Pediatrics. 2006;117 (4):1018 -1027[Abstract/Free Full Text]</s>
    <s>53. L'Engle KL, Brown JD, Kenneavy K. The mass media are an important context for adolescents' sexual behavior. J Adolesc Health. 2006;38 (3):186 -192[CrossRef][Web of Science][Medline]</s>
    <s>54. Segal D. Grammy's discordant note. The Washington Post. January 5, 2001:A01</s>
    <s>55. Greenfield PM, Bruzzone L, Koyamatsu K, et al. What is rock music doing to the minds of our youth? A first experimental look at the effects of rock music lyrics and music videos. J Early Adolesc. 1987;7 (3):315 -329[CrossRef]</s>
    <s>56. Wass H, Raup JL, Cerullo K, Martel LG, Mingione LA, Sperring AM. Adolescents' interest in and views of destructive themes in rock music. Omega. 1989/1988;19 (3):177 -186</s>
    <s>57. Arnett J. Adolescents and heavy metal music: from the mouths of metalheads. Youth Soc. 1991;23 (1):76 -98[CrossRef]</s>
    <s>58. Kilgour AR, Jakobson LS, Cuddy LL. Music training and rate of presentation as mediators of text and song recall. Mem Cognit. 2000;28 (5):700 -710[Web of Science][Medline]</s>
    <s>59. Forsyth AJ, Barnard M, McKeganey NP. Musical preference as an indicator of adolescent drug use. Addiction. 1997;92 (10):1317 -1325[CrossRef][Web of Science][Medline]</s>
    <s>60. Pedersen W, Skrondal A. Ecstasy and new patterns of drug use: a normal population study. Addiction. 1999;94 (11):1695 -1706[CrossRef][Web of Science][Medline]</s>
    <s>61. Scheel KR, Westefeld JS. Heavy metal music and adolescent suicidality: an empirical investigation. Adolescence. 1999;34 (134):253 -273[Web of Science][Medline]</s>
    <s>62. Weir E. Raves: a review of the culture, the drugs, and the prevention of harm. CMAJ. 2000;162 (13):1843 -1848[Abstract/Free Full Text]</s>
    <s>63. Martin G, Clarke M, Pearce C. Adolescent suicide: music preference as an indicator of vulnerability. J Am Acad Child Adolesc Psychiatry. 1993;32 (3):530 -535[Web of Science][Medline]</s>
    <s>64. Wass H, Miller MD, Redditt CA. Adolescents and destructive themes in rock music: a follow up. Omega. 1991;23 (3):199 -206</s>
    <s>65. Arnett J. Heavy metal and reckless behavior among adolescents. J Youth Adolesc. 1991;20 (6):573 -592[CrossRef][Web of Science]</s>
    <s>66. Litman RE, Farberow NL. Pop-rock music as precipitating cause in youth suicide. J Forensic Sci. 1994;39 (2):494 -499[Web of Science][Medline]</s>
    <s>67. Burge M, Goldblat C, Lester D. Music preferences and suicidality: a comment on Stack. Death Stud. 2002;26 (6):501 -504[CrossRef][Web of Science][Medline]</s>
    <s>68. Klein JD, Brown JD, Childers KW, Olivieri J, Porter C, Dykers C. Adolescents' risky behavior and mass media use. Pediatrics. 1993;92 (1):24 -31[Abstract/Free Full Text]</s>
    <s>69. St Lawrence JS, Joyner DJ. The effects of sexually violent rock music on males' acceptance of violence against women. Psychol Women Q. 1991;15 (1):49 -63[Abstract/Free Full Text]</s>
    <s>70. Kandakai TL, Price JH, Telljohann SK, Wilson CA. Mothers' perception of factors influencing violence in schools. J Sch Health. 1999;69 (5):189 -195[CrossRef][Web of Science][Medline]</s>
    <s>71. Roberts DF, Henriksen L, Christenson PG. Substance Use in Popular Movies and Music . Washington, DC: National Youth Anti-Drug Media Campaign, Office of National Drug Control Policy, and Department of Health and Human Services, Substance Abuse and Mental Health Services Administration; 1999</s>
    <s>72. Ashby SL, Rich M. Video killed the radio star: the effects of music videos on adolescent health. Adolesc Med Clin. 2005;16 (2):371 -393, ix[CrossRef][Medline]</s>
    <s>73. Willis E, Strasburger VC. Media violence. Pediatr Clin North Am. 1998;45 (2):319 -331[CrossRef][Web of Science][Medline]</s>
    <s>74. Kubey R, Larson R. The use and experience of the new video media among children and young adolescents. Communic Res. 1990;17 (1):107 -130[Abstract]</s>
    <s>75. DuRant RH, Rome ES, Rich M, Allred E, Emans SJ, Woods ER. Tobacco and alcohol use behaviors portrayed in music videos: a content analysis. Am J Public Health. 1997;87 (7):1131 -1135[Abstract/Free Full Text]</s>
    <s>76. Strouse JS, Buerkel-Rothfuss N, Long EC. Gender and family as moderators of the relationship between music video exposure and adolescent sexual permissiveness. Adolescence. 1995;30 (119):505 -521[Web of Science][Medline]</s>
    <s>77. Johnson JD, Jackson LA, Gatto L. Violent attitudes and deferred academic aspirations: deleterious effects of exposure to rap music. Basic Appl Soc Psych. 1995;16 (1-2):27 -41[CrossRef][Web of Science]</s>
    <s>78. Johnson JD, Adams MS, Ashburn L, Reed W. Differential gender effects of exposure to rap music on African American adolescents' acceptance of teen dating violence. Sex Roles. 1995;33 (7-8):597 -605[CrossRef][Web of Science]</s>
    <s>79. Roe K, Cammaer G. Delivering the young audience to advertisers: music television and Flemish youth. Communications. 1993;18 (2):169 -177[CrossRef]</s>
    <s>80. Greeson LE, Williams RA. Social implications of music videos for youth: an analysis of the content and effects of MTV. Youth Soc. 1986;18 (2):177 -189[CrossRef]</s>
    <s>81. DuRant RH, Rich M, Emans SJ, Rome ES, Allred E, Woods ER. Violence and weapon carrying in music videos: a content analysis. Arch Pediatr Adolesc Med. 1997;151 (5):443 -448[Abstract/Free Full Text]</s>
    <s>82. Rich M, Woods ER, Goodman E, Emans SJ, DuRant RH. Aggressors or victims: gender and race in music video violence. Pediatrics. 1998;101 (4 pt 1):669 -674[Abstract/Free Full Text]</s>
    <s>83. Borzekowski DL, Robinson TN, Killen JD. Does the camera add 10 pounds? Media use, perceived importance of appearance, and weight concerns among teenage girls. J Adolesc Health. 2000;26 (1):36 -41[CrossRef][Web of Science][Medline]</s>
    <s>84. Kalof L. The effects of gender and music videos imagery on sexual attitudes. J Soc Psychol. 1999;139 (3):378 -385[Web of Science][Medline]</s>
    <s>85. Robinson TN, Chen HL, Killen JD. Television and music video exposure and risk of adolescent alcohol use. Pediatrics. 1998;102 (5). Available at: www.pediatrics.org/cgi/content/full/102/5/e54</s>
    <s>86. Strasburger VC. Alcohol advertising and adolescents. Pediatr Clin North Am. 2002;49 (2):353 -376, vii[CrossRef][Web of Science][Medline]</s>
    <s>87. Rustad RA, Small JE, Jobes DA, Safer MA, Peterson RJ. The impact of rock videos and music with suicidal content on thoughts and attitudes about suicide. Suicide Life Threat Behav. 2003;33 (2):120 -131[CrossRef][Web of Science][Medline]</s>
    <s>88. Strasburger VC, Hendren RL. Rock music and music videos. Pediatr Ann. 1995;24 (2):97 -103[Web of Science][Medline]</s>
    <s>89. Wingood GM, DiClemente RJ, Bernhart JM, Harrington K, Davies SL, Hook EW III. A prospective study of exposure to rap music videos and African American female adolescents' health. Am J Public Health. 2003;93 (3):437 -439[Free Full Text]</s>
    <s>90. Henry J. Kaiser Family Foundation. Reaching the MTV generation: recent research on the impact of the Kaiser Foundation/MTV public education campaign on sexual health. Available at: www.kff.org/entmedia/Reaching-the-MTV-Generation-Report.cfm. Accessed December 10, 2007</s>
    <s>91. Gruber EL, Thau HM, Hill DL, Fisher DA, Gruber JW. Alcohol, tobacco and illicit substances in music videos: a content analysis of prevalence and genre. J Adolesc Health. 2005;37 (1):81 -83[CrossRef][Web of Science][Medline]</s>
    <s>92. Kaestle CE, Halpern CT, Brown JD. Music videos, pro wrestling and acceptance of date rape among middle school males and females: an exploratory analysis. J Adolesc Health. 2007;40 (2):185 -187[CrossRef][Web of Science][Medline]</s>
    <s>93. Smith SL, Boyson AR. Violence in music videos: examining the prevalence and context of physical aggression. J Commun. 2002;52 (1):61 -83[CrossRef][Web of Science]</s>
    <s>94. van den Bulck J, Beullens K. Television and music video exposure, and adolescent alcohol use while going out. Alcohol Alcohol. 2005;40 (3):249 -253[Abstract/Free Full Text]</s>
    <s>95. Hansen CH, Hansen RD. How rock music videos can change what is seen when boy meets girl: priming stereotypic appraisal of social interactions. Sex Roles. 1998;19 (5-6):287 -316</s>
    <s>96. Tucker JB, Barone JE, Stewart J, Hogan RJ, Sarnelle JA, Blackwood MM. Violence prevention: reaching adolescents with the message. Pediatr Emerg Care. 1999;15 (6):436 -439[Web of Science][Medline]</s>
    <s>97. Kronenberger WG, Mathews VP, Dunn DW, et al. Media violence exposure and executive functioning in aggressive and control adolescents. J Clin Psychol. 2005;61 (6):725 -737[CrossRef][Web of Science][Medline]</s>
    <s>98. Austin EW, Pinkleton BE, Fujioka Y. The role of interpretation processes and parental discussion in the media's effects on adolescents' use of alcohol. Pediatrics. 2000;105 (2):343 -349[Abstract/Free Full Text]</s>
    <s>99. Brown EF, Hendee WR. Adolescents and their music. JAMA. 1989;262 (12):1659 -1663[Abstract/Free Full Text]</s>
    <s>100. Strasburger VC, Donnerstein E. Children, adolescents, and the media: issues and solutions. Pediatrics. 1999;103 (1):129 -139[Free Full Text]</s>
    <s>101. Rich M, Bar-on M. Child health in the information age: media education of pediatricians. Pediatrics. 2001;107 (1):156 -162[Abstract/Free Full Text]</s>
    <s>102. American Academy of Pediatrics, Committee on Public Education. Media education. Pediatrics. 1999;104 (2 pt 1):341 -343[Abstract/Free Full Text]</s>
    <s>103. American Academy of Pediatrics, Committee on Public Education. Children, adolescents, and television. Pediatrics. 2001;107 (2):423 -426[Abstract/Free Full Text]</s>
    <s>104. Federal Trade Commission. Marketing Violent Entertainment to Children: A Review of Self-regulation and Industry Practices in the Motion Picture, Music Recording, and Electronic Games Industries. Report of the Federal Trade Commission. Washington, DC: Federal Trade Commission; 2000</s>
    <s>105. Christenson P. The effects of parental advisory labels on adolescent music preferences. J Commun. 1992;42 (1):106 -113[CrossRef][Web of Science]</s>
    <s>106. Federal Trade Commission. Follow-up Report on Marketing of Violent Entertainment to Children . Washington, DC: Federal Trade Commission; 2001</s>
    <s>107. Escobar-Chaves SL, Tortolero SR, Markham CM, Low BJ, Eitel P, Thickstun P. Impact of the media on adolescent sexual attitudes and behaviors. Pediatrics. 2005;116 (1):303 -326[CrossRef][Web of Science][Medline]</s>
    <s>PEDIATRICS (ISSN 1098-4275). (C)2009 by the American Academy of Pediatrics</s>
    <s>The following policy statement has been revised:</s>
    <s>Impact of Music Lyrics and Music Videos on Children and Youth (RE9144) COMMITTEE ON COMMUNICATIONS</s>
    <s>Pediatrics 1996 98: 1219-1221. [Abstract] [PDF]</s>
    <s>This article has been cited by other articles:</s>
    <s>R. C. W. Hall, T. Day, and R. C. W. Hall</s>
    <s>A Plea for Caution: Violent Video Games, the Supreme Court, and the Role of Science</s>
    <s>Mayo Clin. Proc., April 1, 2011; 86(4): 315 - 321.</s>
    <s>[Abstract] [Full Text] [PDF]</s>
    <s>D. Ma</s>
    <s>**Bad rapCan music lyrics with negative references affect kids' behavior?*</s>
    <s>AAP News, November 1, 2009; 30(11): 24 - 24.</s>
    <s>[Full Text] [PDF]</s>
    <s>This Article</s>
    <s>!Right arrow</s>
    <s>Abstract !Freely available</s>
    <s>!Right arrow</s>
    <s>Full Text (PDF)</s>
    <s>!Right arrow</s>
    <s>E-mail this article to a friend</s>
    <s>!Right arrow</s>
    <s>Similar articles in this journal</s>
    <s>!Right arrow</s>
    <s>Similar articles in PubMed</s>
    <s>!Right arrow</s>
    <s>Download to citation manager</s>
    <s>Citing Articles</s>
    <s>!Right arrow</s>
    <s>Citing Articles via HighWire</s>
    <s>!Right arrow</s>
    <s>Citing Articles via Google Scholar</s>
    <s>Google Scholar</s>
    <s>!Right arrow</s>
    <s>Search for Related Content</s>
    <s>!Right arrow</s>
    <s>PubMed Citation</s>
    <s>Contact AAP | Privacy Statement | About</s>
    <s>2009 (C) Copyright American Academy of Pediatrics. All rights reserved.</s>
    <s>American Academy of Pediatrics, 141 Northwest Point Blvd., Elk Grove Village, IL, 847-434-4000</s>
    <s>&amp;link type=GOOGLESCHOLAR</s>
    <s>&amp;link type=GOOGLESCHOLARRELATED</s>
  </text>
</page>
