<?xml version="1.0" encoding="UTF-8"?>
<!DOCTYPE page SYSTEM "page.dtd">
<page>
  <lang>en</lang>
  <url>http://2011.icse-conferences.org/content/workshop-proposals</url>
  <title>Workshop Proposals | ICSE 2011</title>
  <snippet>
    <s>ICSE Conferences Website &middot; ICSE Conferences Email List will be reviewed by the ICSE 2011 Workshop Committee according to the criteria defined below. </s>
  </snippet>
  <text>
    <s>Skip to Main Content</s>
    <s>Search this site:</s>
    <s>Home :: Submissions ::</s>
    <s>Conference Program</s>
    <s>Main Conference Program</s>
    <s>Pre-/Post-Conference Program</s>
    <s>Room Locations</s>
    <s>Research/Technical Track</s>
    <s>SEIP Track</s>
    <s>NIER Track</s>
    <s>Demonstrations Track</s>
    <s>Impact Project Focus Area</s>
    <s>Technical Briefings</s>
    <s>Doctoral Symposim</s>
    <s>New Faculty and Researchers Symposium</s>
    <s>Festschrift for Lee Osterweil</s>
    <s>Travel and Venue</s>
    <s>Room Reservations</s>
    <s>Transportation and Parking</s>
    <s>Visiting Honolulu</s>
    <s>Visa Information</s>
    <s>Co-located Events</s>
    <s>Social Events</s>
    <s>Community Meetings</s>
    <s>BoF Meetings</s>
    <s>Sponsors and Supporters</s>
    <s>Support Opportunities</s>
    <s>Organizing Committee</s>
    <s>Program Committee</s>
    <s>SEIP Committee</s>
    <s>NIER Committee</s>
    <s>Demonstrations Committee</s>
    <s>Impact Committee</s>
    <s>Workshop Committee</s>
    <s>Technical Briefings Committee</s>
    <s>Doctoral Symposium Committee</s>
    <s>SRC Committee</s>
    <s>Student Programs</s>
    <s>Student Volunteers Program</s>
    <s>ACM Student Research Competition</s>
    <s>CAPS Funding Program</s>
    <s>ACM-W Scholarships</s>
    <s>Call for Submissions</s>
    <s>Technical/Research Track</s>
    <s>Software Engineering in Practice Track</s>
    <s>New Ideas and Emerging Results Track</s>
    <s>Demonstrations Track</s>
    <s>Impact Project Focus Area</s>
    <s>Workshop Proposals</s>
    <s>Technical Briefings Proposals</s>
    <s>Doctoral Symposium</s>
    <s>ACM Student Research Competition</s>
    <s>Mentoring Program</s>
    <s>ICSE 2011 Logos</s>
    <s>Printed Materials</s>
    <s>ICSE Information</s>
    <s>ICSE Conferences Website</s>
    <s>ICSE Conferences Email List</s>
    <s>User login</s>
    <s>Username: *</s>
    <s>Password: *</s>
    <s>Request new password</s>
    <s>Workshop Proposals</s>
    <s>Scope and Goals</s>
    <s>The 2011 International Conference on Software Engineering (ICSE) Workshops provide a forum for a group of 20-50 participants to discuss topics in software engineering research and practice. ICSE Workshops will provide opportunities for researchers to exchange and discuss scientific and engineering ideas at a stage before they have matured to warrant conference or journal publication. ICSE Workshops also serve as incubators for scientific communities that form and share a particular research agenda.</s>
    <s>Workshop proposals will be reviewed by the ICSE 2011 Workshop Committee according to the criteria defined below. ICSE 2011 Workshops may be either one or two days long and may be held before or after the main conference. Participation in ICSE workshops is typically open. ICSE workshops frequently publish a call for papers to produce workshop proceedings to be published in the ACM Digital Library.</s>
    <s>Proposal Submissions</s>
    <s>Proposals must not exceed four pages in length, must follow the ICSE 2011 Workshop Proposal Template (doc, pdf) and must include the following information in the order specified:</s>
    <s>1. full contact information for all organizers of the workshop;</s>
    <s>2. identify a main contact for the workshop;</s>
    <s>3. the desired length of the workshop (i.e., one or two days);</s>
    <s>4. desired workshop date(s) and scheduling constraints; as usual workshops will be scheduled before and after the main ICSE 2011 conference;</s>
    <s>5. a one-page outline of the theme and goals of the workshop including a brief abstract (less than 175 words) intended for the ICSE 2011 web site;</s>
    <s>6. a statement discussing the relevance to the field of software engineering;</s>
    <s>7. plans for generating and stimulating discussion at the workshop;</s>
    <s>8. the desired minimum and maximum number of workshop participants;</s>
    <s>9. links for the preliminary web site of the workshop and call for papers;</s>
    <s>10. a list of program committee members including proposed and committed members;</s>
    <s>11. the participant solicitation and selection process including whether the workshop will be open or closed;</s>
    <s>12. plans for the workshop proceedings including an ideal number of papers and the maximum number of pages per paper imposed by the workshop (i.e., 7 pages);</s>
    <s>13. plans for electronic submission of papers; ICSE 2011 workshops may use a submission system of their choosing, such as, CyberChairPRO or EasyChair;</s>
    <s>14. a statement and justification of the expected number of participants to help determine whether the workshop is financially feasible - in case of previously held workshops, the number of submissions and registered attendees as well as the web site must be included;</s>
    <s>15. equipment, room capacity, and other logistic constraints; and</s>
    <s>16. a brief description of each organizer's background, including relevant past experience in organizing conferences and workshops.</s>
    <s>We strongly encourage you to communicate the topic of your workshop to the workshop co-chairs by e-mail as early as possible to be able to recognize and resolve topic conflicts and overlaps before the proposal submission deadline.</s>
    <s>Proposals must be submitted electronically via CyberChairPRO. The deadline for workshop proposal submission is Friday, 17 September 2010.</s>
    <s>Review and Evaluation Criteria</s>
    <s>Workshop proposals will be reviewed by the ICSE 2011 Workshop Committee and evaluated according to the following criteria:</s>
    <s>The potential to advance the state of software engineering research and practice</s>
    <s>The organizers' commitment to stimulate discussion at the workshop</s>
    <s>The organizers' experience and ability to lead a successful workshop</s>
    <s>Timeliness and expected interest in the workshop topics</s>
    <s>The balance and synergy between all ICSE 2011 events</s>
    <s>Each accepted workshop will have two (2) pages for a summary in the conference proceedings: this summary must be submitted by the ICSE 2011 camera-ready copy deadline (11 Feb 2011). Upon notification of acceptance, all authors of accepted workshops will be asked to complete an ACM Copyright form and will receive further instructions for preparing their camera ready versions according to the ICSE 2011 Format and Submission Guidelines. Accepted workshops must adhere to the common deadlines listed below for submission of workshop papers, notification of acceptance of workshop papers, and preparation of the workshop proceedings. Workshop organizers must limit the length of any requested workshop papers to seven (7) pages and must follow the ICSE 2011 Format and Submission Guidelines.</s>
    <s>Important Dates</s>
    <s>Submission Due Date</s>
    <s>Friday, September 17, 2010</s>
    <s>Notification Date</s>
    <s>Friday, November 19, 2010</s>
    <s>Camera-Ready Date</s>
    <s>Friday, February 11, 2011</s>
    <s>ICSE 2011 will not pay for registration, travel, or other arrangements for workshop organizers or any of their invited speakers or guests. All participants, including workshop organizers, keynote speakers, and invited guests, must register for the workshop.</s>
    <s>Workshop Co-Chairs</s>
    <s>Matt Dwyer</s>
    <s>University of Nebraska - Lincoln</s>
    <s>United States of America</s>
    <s>Wolfgang Emmerich</s>
    <s>University College London</s>
    <s>United Kingdom</s>
    <s>Workshop Committee</s>
    <s>See the workshop committee page.</s>
    <s>!Sponsor Footer</s>
  </text>
</page>
