<?xml version="1.0" encoding="UTF-8"?>
<!DOCTYPE page SYSTEM "page.dtd">
<page>
  <lang>en</lang>
  <url>http://147.156.155.104/%3Fq%3Dnode/233</url>
  <title>CFP: Eleventh International IHPST Conference - Thessaloniki, July 1 ...</title>
  <snippet>
    <s>After that date, all unregistered authors will have their papers removed from the draft programme. History The IHPST group staged its first conference in </s>
  </snippet>
  <text>
    <s>About STEP</s>
    <s>Steering Committee</s>
    <s>Join STEP</s>
    <s>7th STEP Meeting</s>
    <s>Former STEP meetings</s>
    <s>Calls for Papers</s>
    <s>Jobs, Grants and Prizes</s>
    <s>Meetings and Seminars</s>
    <s>Museums and Collections</s>
    <s>Scholarly Politics</s>
    <s>Websites and Mailing lists</s>
    <s>Recent Publications</s>
    <s>Perspectives on contemporary history of science in Portugal</s>
    <s>Origins of the historiography of modern Greek science</s>
    <s>Ahmed Midhat and Adnan Adivar on history of science and civilizations</s>
    <s>Boundaries and audiences of national histories of science: insights from the history of science and technology of the Netherlands</s>
    <s>User login</s>
    <s>Username: *</s>
    <s>Password: *</s>
    <s>Create new account</s>
    <s>Request new password</s>
    <s>CFP: Eleventh International IHPST Conference - Thessaloniki, July 1-5, 2011 - Deadline: Feb. 19, 2011</s>
    <s>Mon, 06/12/2010 - 09:02 — josepsimon</s>
    <s>The eleventh conference of the International History, Philosophy and Science Teaching Group will</s>
    <s>be held in Aristotle University in Thessaloniki, Greece, Friday July 1 (5pm) to Tuesday July 5</s>
    <s>(5pm) 2011. It will be held in conjunction with the 6th Greek History, Philosophy and Science</s>
    <s>Teaching conference. All academics, researchers and teachers interested in participating in the</s>
    <s>Conference should submit title, abstract (500 words) and a proposal draft (1,500 words) by</s>
    <s>February 19, 2011.</s>
    <s>Registration The registration fee will be approximately EUR250 (ordinary) EUR170 (student,</s>
    <s>depressed economy, retired). The exact amount will is subject to some unresolved funding</s>
    <s>applications. Registration is to be paid by May 3rd 2011, thereafter registration increases by</s>
    <s>EUR25 (ordinary) and EUR15(concession).</s>
    <s>In addition, and in keeping with standard practice of other academic organisations, participants will</s>
    <s>be required to be either a member of the IHPST group, or one-year s membership will be added to</s>
    <s>Importantly, authors of accepted papers need to register by the due date, May 3rd. After that date,</s>
    <s>all unregistered authors will have their papers removed from the draft programme.</s>
    <s>The IHPST group staged its first conference in Tallahassee (1989), then Kingston (1992),</s>
    <s>Minneapolis (1995), Calgary (1997), Pavia (1999), Denver (2001), Winnipeg (2003), Leeds (2005),</s>
    <s>Calgary (2007) and Notre Dame (2009). The Greek HPS&amp;ST conferences have been held</s>
    <s>biennially since 2001 in Thessaloniki (2001), Athens (2003, 2007), Patras (2005) and Nicosia</s>
    <s>(2007). Between 80-280 academics and teachers have contributed to these Greek meetings; they</s>
    <s>have been the basis of a number of Science &amp; Education special issues (vol.14 no.7-8, vol.17 no.6,</s>
    <s>vol.18 no.9).</s>
    <s>The IHPST conferences are attended by about 200 researchers and teachers. Usually about 25-30</s>
    <s>countries are represented at each conference. The conferences have been very well received, with</s>
    <s>participants remarking that no other scholarly conference brings together the spread of</s>
    <s>philosophers, historians, educators, scientists and teachers that the IHPST conference does. They</s>
    <s>are typified by the pleasing mix of serious scholarship and collegial</s>
    <s>Organising Committee</s>
    <s>Fanny Seroglou - Aristotle University of Thessaloniki (CHAIR)</s>
    <s>Vassilis Koulountzos - Aristotle University of Thessaloniki</s>
    <s>Anastasios Siatras - Aristotle University of Thessaloniki</s>
    <s>Paris Papadopoulos - Aristotle University of Thessaloniki</s>
    <s>Ageliki Lefkaditou - Aristotle University of Thessaloniki</s>
    <s>Panagiotis Piliouras</s>
    <s>National Primary Education Council</s>
    <s>Nikos Kanderakis</s>
    <s>National Secondary Education Council</s>
    <s>Dimitris Koliopoulos - University of Patras</s>
    <s>Ioannis Markopoulos - Aristotle University of Thessaloniki</s>
    <s>Dimitra Kogidou - Aristotle University of Thessaloniki</s>
    <s>Submission Process</s>
    <s>All academics, researchers and teachers interested in participating in the Conference should submit</s>
    <s>title, abstract (500 words) and a proposal draft (1,500 words) by February 19, 2011. All</s>
    <s>submissions should be in MS Word using Times New Roman 12pt and following the style of the</s>
    <s>Science &amp; Education journal. In brief this means first line, title (upper and lower case, bold);</s>
    <s>second line, author s name (upper and lower case, bold); third line, institution and email.</s>
    <s>All proposals will be reviewed by members of the scientific committee of the conference. After</s>
    <s>review, the accepted abstracts will be included in the Conference Book of Abstracts.</s>
    <s>Abstracts (500 words) and proposal drafts (1500 words) should be sent by February 19th, 2011 to:</s>
    <s>Two files should be submitted as Word attachments with files named using author s family name or</s>
    <s>surname. Thus one labeled SURNAME ABSTRACT, the other labeled SURNAME PROPOSAL.</s>
    <s>Thus, smith abstract.doc, smith proposal.doc. The abstract file of successful proposals will be</s>
    <s>used in the Conference Abstract Book.</s>
    <s>Panel proposals are also encouraged. These could have 3-5 presenters. An abstract is required,</s>
    <s>panelists should be identified, and the file should be labeled SURNAME PANEL.</s>
    <s>Authors of successful proposals will be invited to submit a paper (3,000 - 4,000 words) for the</s>
    <s>Conference Proceedings. All submissions should be in MS Word using Times New Roman 12pt</s>
    <s>and following the style of the Science &amp; Education journal.</s>
    <s>Papers (3,000 - 4,000 words) for the proceedings should be sent till April 30th, 2011 to:</s>
    <s>A Conference Book of Proceedings will be published and distributed during the Thessaloniki</s>
    <s>IHPST2011 Conference and will also appear on line at the conference website:</s>
    <s>Scientific Committee</s>
    <s>An international committee of scholars from the fields of science education and history and</s>
    <s>philosophy of science will appraise all conference proposals.</s>
    <s>Augustín Adúriz-Bravo, Universidad de Buenos Konstantinos Korfiatis, University of Cyprus</s>
    <s>Theodore Arabatzis, University of Athens</s>
    <s>Fabio Bevilacqua, University of Pavia</s>
    <s>Cibelle Celestino Silva, Universidade de São Paulo</s>
    <s>Michael P. Clough, University of Iowa</s>
    <s>Kostas Gavroglou, University of Athens</s>
    <s>Dietmar Höttecker, University of Kaiserslautern</s>
    <s>Kostas Kampourakis, Geitonas School, Athens</s>
    <s>Stephen Klassen, Winnipeg University</s>
    <s>Panos Kokkotas, University of Athens</s>
    <s>Dimitris Koliopoulos, Patras University</s>
    <s>Ismo T. Koponen, University of Helsinki</s>
    <s>Panagiotis Koumaras, Aristotle University of</s>
    <s>Michael R. Matthews, University of New South</s>
    <s>William F. McComas, University of Arkansas</s>
    <s>Stathis Psillos, University of Athens</s>
    <s>David W. Rudge, Western Michigan University</s>
    <s>Demetra Sfendoni-Mentzou, Aristotle University of</s>
    <s>Constantine Skordoulis, University of Athens</s>
    <s>Jinwoong Song, Seoul National University</s>
    <s>Alice Wong, University of Hong Kong</s>
    <s>Springer Lecturer: Stathis Psillos</s>
    <s>Graduate Student Summer School</s>
    <s>The IHPST 2011 conference in Thessaloniki will also host a joint Summer School for PhD students.</s>
    <s>In 2009 at the IHPST Conference in Notre Dame, USA a first meeting for PhD students in History,</s>
    <s>Philosophy and Science Teaching took place. Carrying forward this experience, in Thessaloniki this</s>
    <s>international summer school meets with the Greek Science Education Association (EDIFE)</s>
    <s>Summer School for PhD students. In the joint Summer School, researchers, starting their PhD or</s>
    <s>during their PhD research, are welcome to participate and share their projects and ideas with senior</s>
    <s>researchers and academics.</s>
    <s>Participants may send their submission by February 19th, 2011 to: ihpst2011@eled.auth.gr</s>
    <s>Submission should include: Title, abstract (500 words), research questions (200 words) and keyresearch-</s>
    <s>difficulties facing at the moment (200 words).</s>
    <s>After submission selection, Summer School participants are also invited to submit a paper (3,000</s>
    <s>4,000 words) for the Conference Proceedings. All submissions should be in MS Word using Times</s>
    <s>New Roman 12pt and following the style of the Science &amp; Education journal. Papers (3,000 - 4,000</s>
    <s>words) for the proceedings should be sent till April 30th, 2011 to: ihpst2011@eled.auth.gr</s>
    <s>Summer School sessions will be part of the Conference sessions and may be attend by all</s>
    <s>conference participants. Summer School paper presentations are considered to be Conference</s>
    <s>For any questions concerning accommodation at Thessaloniki hotels please contact with Mr Spiros</s>
    <s>Theodoridis at the MINIMA TRAVEL travel agency that has been engaged to help in the</s>
    <s>organization of the IHPST2011 Thessaloniki Conference at the website http://www.airshop.gr</s>
    <s>and/or at the e-mail address: spiros@minima.gr</s>
    <s>Full details of the conference (registrations, submission process, accommodation options, etc.) are</s>
    <s>available on the conference web site: http://ihpst2011.eled.auth.gr</s>
    <s>Calls for Papers</s>
    <s>STEP: An International Research Group on History of Science, Medicine and Technology</s>
    <s>STEP list: nodus@uv.es</s>
    <s>Contact STEP</s>
    <s>Research Groups</s>
    <s>Cross-National, Comparative and Transnational History of STM</s>
    <s>Experts in the Periphery</s>
    <s>Material Culture of Science: Museums and Collections in the Periphery</s>
    <s>Popularization of Science and Technology: Centres and Peripheries</s>
    <s>Science and the Press</s>
    <s>Universities in the Periphery</s>
    <s>Women in Science, Women in the ‘Periphery’</s>
  </text>
</page>
