<?xml version="1.0" encoding="UTF-8"?>
<!DOCTYPE page SYSTEM "page.dtd">
<page>
  <lang>en</lang>
  <url>http://amsta-11.kesinternational.org/sessions.php</url>
  <title>KES-AMSTA-11 : Sessions</title>
  <snippet>
    <s>Conference Sessions. The General Track. Papers on any subject within the scope of the conference may be submitted to the General Track. These papers will </s>
  </snippet>
  <text>
    <s>!KES Logo</s>
    <s>!KES Logo</s>
    <s>KES International</s>
    <s>KES Journal</s>
    <s>IDT Journal</s>
    <s>KES Conferences</s>
    <s>KES AMSTA 2010</s>
    <s>KES IDT 2010</s>
    <s>KES IIMSS 2010</s>
    <s>KES 2010</s>
    <s>KES AMSTA 2011</s>
    <s>KES IDT 2011</s>
    <s>KES IIMSS 2011</s>
    <s>KES 2011</s>
    <s>Focus Groups</s>
    <s>Agent/Multi-Agent Systems</s>
    <s>Intelligent Decision Technologies</s>
    <s>KES Portal</s>
    <s>About KES AMSTA 2011</s>
    <s>NEWFinal Conference Programme</s>
    <s>[Conference Scope</s>
    <s>Call for Papers</s>
    <s>Doctoral Track</s>
    <s>General &amp; Invited Sessions</s>
    <s>Submission of Papers</s>
    <s>The Review Process</s>
    <s>Copyright Form</s>
    <s>Keynote Speakers</s>
    <s>Registration &amp; Charges</s>
    <s>Dates and Deadlines</s>
    <s>International Programme Committee</s>
    <s>Conference Venue &amp;</s>
    <s>Hotel Accommodation</s>
    <s>Social Events</s>
    <s>Visa Information</s>
    <s>Terms and Conditions</s>
    <s>PROSE Paper Submission &amp; Review System Login</s>
    <s>!KES Head !LNAI</s>
    <s>Conference Sessions</s>
    <s>The General Track</s>
    <s>Papers on any subject within the scope of the conference may be submitted to the General Track. These papers will be reviewed by knowledgeable referees, and if accepted, allocated to oral or poster sessions for presentation at the conference. Authors may submit to the General Track, or to an Invited Session if their paper fits the scope of the session.</s>
    <s>Invited Sessions</s>
    <s>Invited Sessions are organised and chaired by senior researchers who have knowledge of, and a special interest in, the topic of the session.</s>
    <s>A List of Invited Sessions being organised can be seen here .</s>
    <s>We invite researchers into emerging topics and new areas of investigation within the scope of the conference to organise invited sessions, or parallel workshops of a half or full day, gathering a minimum of five papers from a wide range of research expertise from around the world.</s>
    <s>Organisers of Invited Sessions undertake to:</s>
    <s>Select a topic of interest to themselves and to conference delegates;</s>
    <s>Obtain papers on this topic, normally a minimum of 5 for an invited session, but often more. If there are sufficient papers, the session may become a workshop.</s>
    <s>Ensure the papers are submitted through the PROSE online review system;</s>
    <s>Manage the review process for these papers using PROSE;</s>
    <s>Provide suitable reviewers for the reviews of the papers and enter these on the PROSE system;</s>
    <s>Ensure the final versions of the papers are uploaded before the deadline;</s>
    <s>Attend the conference and chair the session.</s>
    <s>Guidance notes for Invited Session Chairs are available .. here ..</s>
    <s>Call for Invited Sessions</s>
    <s>Researchers who would like to organise one or more Invited Sessions on topics falling within the scope of the conference are invited to submit a proposal for consideration. This should include:</s>
    <s>The title of the session;</s>
    <s>A paragraph describing the theme of the session - all invited sessions must be within the scope of the conference;</s>
    <s>A short-form CV for the proposed Invited Session Chair(s).</s>
    <s>Contact details for the Chair(s).</s>
    <s>If accepted, the Invited Session Chair will be asked to provide the URL of a web page containing the Invited Session Call for Papers (CFP). The Invited Session details and the link to the web page CFP will be placed on the table of Invited Sessions (a link to this is available on this page). Alternatively, the information can be made available as a PDF document.</s>
    <s>Click here to download an MS Word template that can be used for Invited Session details.</s>
    <s>Invited Session Chairs are ex-officio members of the International Programme Committee. We thank them for the valuable contribution they make to the conference.</s>
    <s>KES AMSTA 2011</s>
    <s>Manchester, UK</s>
    <s>29 June - 1 July 2011</s>
    <s>!Manchester Metropolitan University</s>
  </text>
</page>
