<?xml version="1.0" encoding="UTF-8"?>
<!DOCTYPE page SYSTEM "page.dtd">
<page>
  <lang>en</lang>
  <url>http://articles.timesofindia.indiatimes.com/2011-09-12/jaipur/30144952_1_lok-sabha-speaker-deputy-speakers-rajasthan-assembly</url>
  <title>City to host 5-day meet of speakers - Times Of India</title>
  <snippet>
    <s>Sep 12, 2011 The five-day conference aims to coordinate parliamentary procedures throughout the country. Addressing a news conference at the state </s>
  </snippet>
  <text>
    <s>You are here: Home&gt;Collections&gt;Meira Kumar</s>
    <s>City to host 5-day meet of speakers</s>
    <s>TNN Sep 12, 2011, 05.57am IST</s>
    <s>Rajasthan assembly</s>
    <s>JAIPUR: The Rajasthan assembly will host the 76th conference of the presiding officers and secretaries of the Lok Sabha, Rajya Sabha and the legislatures of the state from September 20 here. The five-day conference aims to coordinate parliamentary procedures throughout the country.</s>
    <s>Addressing a news conference at the state assembly here on Sunday, its speaker, Deependra Singh Shekhawat said, &quot;A meeting of the standing committee of presiding officers, chaired by Lok Sabha speaker Meira Kumar, has given a final shape to the conference. It is taking place here after 33 years. Jaipur hosted the event in 1978 when the late Mahrawal Laxman Singh was the Rajasthan speaker.&quot;</s>
    <s>The event is going to bring together the presiding officers (speakers) and deputy speakers of the state assemblies and Vidhan Parishads and secretaries-general of the Lok Sabha and the Rajya Sabha.</s>
    <s>&quot;The event also includes a symposium on subjects including &quot;The role of legislature in making laws for good governance&quot; and &quot;Era of Coalition government – its compulsion and challenges,&quot; the Shekhawat added.</s>
    <s>A symposium would be held on September 23 to be inaugurated by the chief minister Ashok Gehlot.</s>
    <s>On the objectives and importance of such conferences, the speaker, said, &quot;These conferences bring out the best practices which improves functioning of legislatures state legislatives. I think it is important for the development of democracy in the country.&quot;</s>
    <s>He added that during the conference an exhibition on 'Parliamentary Democracy in India – A historical Perspective' would be organised.</s>
    <s>The speaker added that Rajasthan, especially Jaipur, plans to be the perfect host to the dignitaries. As apart from the day-to-day conference and symposiums all delegates would be taken for sight-seeing along with cultural programmes during their stay.</s>
    <s>&quot;We will ensure every dignitary enjoy their stay in Rajasthan for the five days. The dignitary would not only enrich himself or herself with the knowledge provided but will get a sneak preview of the colorful state,&quot; he added.</s>
    <s>FEATURED ARTICLES</s>
    <s>Daily dose of chocolate to lower BP</s>
    <s>Bodyguard: Movie Review</s>
    <s>Vidya in The Dirty Picture</s>
    <s>17 Things to do when you are pregnant</s>
    <s>Vidya in The Dirty Picture</s>
    <s>iBall launches tablet @ Rs 13,995</s>
    <s>Jagjit Singh, the ghazal maestro, dies</s>
    <s>World's cheapest tablet launched at Rs 2250</s>
    <s>An IIT, IISc-designed laptop for just Rs 1500</s>
    <s>RELATED ARTICLES</s>
    <s>Frontrunner for Speaker's post Meira Kumar meets Sonia</s>
    <s>May 31, 2009</s>
    <s>Speaker proposes happy lunch hours for MLAs</s>
    <s>June 20, 2009</s>
    <s>Meira Kumar quits as minister, set to become first woman </s>
    <s>June 2, 2009</s>
    <s>IN-DEPTH COVERAGE</s>
    <s>Meira Kumar</s>
    <s>THE TIMES OF INDIA</s>
    <s>© 2011 Bennett, Coleman &amp; Co. Ltd. All rights reserved</s>
    <s>Index by Keyword</s>
    <s>Index by Date</s>
    <s>Privacy Policy</s>
    <s>Terms of Use</s>
    <s>Advertise with us</s>
  </text>
</page>
