<?xml version="1.0" encoding="UTF-8"?>
<!DOCTYPE page SYSTEM "page.dtd">
<page>
  <lang>en</lang>
  <url>http://dhi.ucdavis.edu/%3Fp%3D7890</url>
  <title>Humanities Institute » 3rd Annual International Conference on ...</title>
  <snippet>
    <s>Deadline Oct Sat 15th » National Humanities Center Fellowships (euro), covering access to all sessions, two lunches, coffee breaks and conference material. </s>
  </snippet>
  <text>
    <s>Humanities Institute</s>
    <s>Calendar (Click to see more)</s>
    <s>Add Event to the calendar</s>
    <s>Oct Thu 20th » Pivot Training Webinar</s>
    <s>Oct Fri 21st » The Arabs and the Holocaust: The Arab-Israeli War of Narratives</s>
    <s>Grants, Fellowships &amp; CFPs</s>
    <s>Add grant to the website</s>
    <s>Deadline Oct Mon 17th » CFP: IGCC Northern California Symposium</s>
    <s>Deadline Oct Wed 19th » DHI Faculty Research Seminar: Call for Proposals</s>
    <s>Join the DHI email listserv</s>
    <s>Follow us on Facebook</s>
    <s>3rd Annual International Conference on Visual and Performing Arts</s>
    <s>Deadline: Monday, November 14th, 2011</s>
    <s>3rd Annual International Conference on Visual and Performing Arts</s>
    <s>Only Graduate Students, Recent PhDs, and Faculty are eligible for this grant, fellowship, or residency.</s>
    <s>Dr. Gregory T. Papanikos (President of the Athens Institute for Education and Research &amp; Visiting Professor, University of Strathclyde, U.K.) and Dr. Stephen Andrew Arbury, Academic Member of ATINER and Professor, Radford University, USA invites proposals for presentation at the 3rd Annual International Conference on Visual and Performing Arts, 4-7 June 2012 organized by the Arts and Science Research Division of the Athens Institute for Education and Research (ATINER). The registration fee is â‚¬300 (euro), covering access to all sessions, two lunches, coffee breaks and conference material. Special arrangements will be made with a local luxury hotel for a limited number of rooms at a special conference rate. In addition, a number of social events will be organized: A Greek night of entertainment with dinner, a special one-day cruise in the Greek islands, an archaeological tour of Athens and a one-day visit to Delphi. Details of the social program are available at http://www.atiner.gr/soc/2012SOC-ART.htm Papers (in English) from all areas of from all areas of Visual Arts (such as Animation, Architecture, Art History, Art Education, Book Arts, Ceramics, Community Arts, Fashion Design, Fiber, Furniture/Woodworking, Glass, Graphic Design, Illustration, Industrial Design, Interior Design, Jewellery/Metal Arts, Media Arts, Painting/Drawing, Photography, Printmaking, Sculpture, Fiber Arts, Visual Studies, Writing and Literature, etc) and Performing Arts (such as music, drama, dance, etc). Panel organizers are encouraged to submit their proposals by inviting other scholars that do research in the area. You may participate as panel organizer, presenter of one paper, chair a session or observer. For programs of previous conferences and other information visit the conference website www.atiner.gr/arts.htm. Selected papers will be published in a Special Volume of the Conference Proceedings or Edited Books as part of ATINER's philosophy book series. Please submit a 300-word abstract by 14 November 2011, by email, atiner@atiner.gr to: Dr. Stephen Andrew Arbury, Academic Member of ATINER and Professor, Radford University, USA. Please include: Title of Paper, Full Name (s), Current Position, Institutional Affiliation, an email address and at least 3 keywords that best describe the subject of your submission. Please use the abstract submitting form available at http://www.atiner.gr/docs/2012FORM-ART.doc. Announcement of the decision is made within 4 weeks after submission, which includes information on registration deadlines and paper submission requirements. If you want to participate without presenting a paper, i.e. chair a session, evaluate papers to be included in the conference proceedings or books, contribute to the editing of a book, or any other contribution, please send an email to Dr. Gregory T. Papanikos (gtp@atiner.gr), President, ATINER.</s>
    <s>For more information please contact: http://www.atiner.gr</s>
    <s>For more information on this announcement or event please contact the organizing entity listed. The DHI lists the information above as service to the UC Davis community, but is not the organizing entity. To list your event or announcement with us click here.</s>
    <s>Next »</s>
    <s>« Previous</s>
    <s>Posted in Grants, Fellowships &amp; CFPs No Comments »</s>
    <s>227 Voorhies Hall ● One Shields Avenue ● Davis, CA 95616 ● phone: (530) 752-2295 ● fax: (530)752-4263</s>
    <s>All content © 2011 UC Regents. All rights reserved. Humanities Institute is powered by WordPress Entries (RSS) and Comments (RSS).</s>
  </text>
</page>
