<?xml version="1.0" encoding="UTF-8"?>
<!DOCTYPE page SYSTEM "page.dtd">
<page>
  <lang>en</lang>
  <url>http://europe.nokia.com/support/product-support/e63/faq</url>
  <title>Nokia Europe - FAQ - Nokia E63 support</title>
  <snippet>
    <s>How do I make a conference call on my Nokia device? How can I print messages, documents or files on my Nokia device? When the new call is answered, to join the first participant in the conference Note: to mute the microphone of your device during the conference call, in the active call mode, select Options &gt; Mute. </s>
  </snippet>
  <text>
    <s>You are here - Nokia EuropeSupport</s>
    <s>Product support</s>
    <s>Nokia E63</s>
    <s>Find products</s>
    <s>Apps, Maps and more</s>
    <s>Find a store</s>
    <s>My Nokia</s>
    <s>Product support</s>
    <s>Repair &amp; recycle</s>
    <s>Contact us</s>
    <s>Nokia E63 support</s>
    <s>Nokia E63</s>
    <s>How to</s>
    <s>Total: count Recommended links</s>
    <s>Support search Nokia E63</s>
    <s>Answers to important questions about Nokia E63</s>
    <s>How do I format my Nokia device?</s>
    <s>How can I check the WLAN MAC address of my Nokia phone?</s>
    <s>Why can I not install the latest Mobile VPN client in my E63, E66 or E71 device?</s>
    <s>How do I lock my Nokia device remotely?</s>
    <s>How do I make a conference call on my Nokia device?</s>
    <s>How do I change the language settings on my Nokia device?</s>
    <s>How do I copy the contacts from the SIM card to the phone memory on my Nokia device?</s>
    <s>Can I use WLAN and Bluetooth connection at the same time?</s>
    <s>How do I reset some of the settings to their original values?</s>
    <s>How can I print messages, documents or files on my Nokia device?</s>
    <s>How do I format my Nokia device?</s>
    <s>You can format your device by typing *7370 in standby mode. Before the device is reset, you may need to provide the lock code. The default lock code is 12345.</s>
    <s>IMPORTANT NOTICE!</s>
    <s>Formatting the device will permanently erase all user data and settings as well as add-on applications and operator specific settings.</s>
    <s>If you have made a backup of the device data, the data can be restored from the backup after formatting but some add-on applications can have restrictions that they are not restored from the backup.</s>
    <s>If you use formatting to repair faulty behaviour of the device, restoring the backed-up data files may restore the unwanted behaviour as well. In that case, a partial restore may resolve the situation.</s>
    <s>The contents of the SIM card and memory card (MMC) are not erased during formatting. Note, however, that in some device models (e.g. Nokia N8-00, E7-00, E6-00 and X7-00) the internal mass memory E: will be formatted in this situation. It is therefore important that you back up all your data from the E: mass memory before resetting the device. Use Nokia Ovi Suite to back up the contents to your PC.</s>
    <s>How can I check the WLAN MAC address of my Nokia phone?</s>
    <s>To check the unique Wireless Local Area Network (WLAN) Media Access Control (MAC) address that identifies your Nokia phone, enter *62209526 in the idle mode (or with touch screen phones after opening the dialler).</s>
    <s>Why can I not install the latest Mobile VPN client in my E63, E66 or E71 device?</s>
    <s>The sis-file of Nokia Mobile VPN Client cannot be installed to the following Nokia device software versions:</s>
    <s>E71 v300.21.012</s>
    <s>E66 v300.21.012</s>
    <s>E63 v200.21.012</s>
    <s>Upgrade to the latest device software version to be able to install the latest Mobile VPN client version.</s>
    <s>In the above device versions, the built-in Mobile VPN Client version must be used and it cannot be upgraded. The problem occurs only with the above software versions, with the earlier and later device software versions the Mobile VPN Client can be successfully upgraded.</s>
    <s>The device version can be checked by the command below:</s>
    <s>How do I lock my Nokia device remotely?</s>
    <s>1. Depending on your device model, select one of the following:</s>
    <s>1. Menu &gt; Tools &gt; Settings &gt; Security &gt; Phone and SIM.</s>
    <s>2. Menu &gt; Tools &gt; Settings &gt; General &gt; Security &gt; Phone and SIM.</s>
    <s>3. Menu &gt; Settings &gt; Phone &gt; Phone mgmt. &gt; Security &gt; Phone and SIM card.</s>
    <s>4. Menu &gt; Settings &gt; Settings &gt; General &gt; Security &gt; Phone and SIM card.</s>
    <s>2. Scroll to Allow remote lock (or Remote phone locking) &gt; Enabled.</s>
    <s>3. Enter the remote locking message and confirm the message. The message must be at least 5 characters long.</s>
    <s>4. Enter the lock code for confirmation. Default lock code is 12345.</s>
    <s>5. Now you can lock the device remotely by sending a text message which contains the remote locking message.</s>
    <s>Note: When the device is locked, calls may be possible to the official emergency number.</s>
    <s>How do I make a conference call on my Nokia device?</s>
    <s>Conference call is a network service, make sure that the conference call is supported by your network operator or service provider before following the steps below.</s>
    <s>To make a conference call on your device:</s>
    <s>1. Make a call to the first participant.</s>
    <s>2. To make a call to another participant, select Options &gt; New call. The first call is automatically put on hold.</s>
    <s>3. When the new call is answered, to join the first participant in the conference call, select Options &gt; Conference.</s>
    <s>4. To add a new person to the call, repeat step 2, and select Options &gt; Conference &gt; Add to conference.</s>
    <s>5. To have a private conversation with one of the participants, select Options &gt; Conference &gt; Private (or in some devices select the Participants option shown on the screen). Select a participant and Private. The conference call is put on hold on your device. The other participants can still continue the conference call.</s>
    <s>6. After you finish the private conversation, select Options &gt; Add to conference to return to the conference call (or in some devices select the Conference call option shown on the screen).</s>
    <s>7. To drop a participant, select Options &gt; Conference &gt; Drop participant, scroll to the participant, and select Drop (or in some devices select Participants option on the screen, scroll to the participant and select Drop participant) .</s>
    <s>8. To end the active conference call, press the end key.</s>
    <s>Note: to mute the microphone of your device during the conference call, in the active call mode, select Options &gt; Mute.</s>
    <s>How do I change the language settings on my Nokia device?</s>
    <s>Select Settings and from the following:</s>
    <s>Phone language: Change the language of the display. Note that changing the language also affects the format used for date and time and the separators used, for example, in calculations. Automatic selects the language according to your SIM card.</s>
    <s>Writing language: Change the input language. The characters, special characters and the predictive text dictionary are changed based on the input language.</s>
    <s>Predictive text: Set the predictive text input on or off. Note that the predictive text dictionary is not available for all languages.</s>
    <s>How do I copy the contacts from the SIM card to the phone memory on my Nokia device?</s>
    <s>This only applies for Symbian S60 3.0 and 3.1 devices. The instructions may vary depending on the device model. The best source of information is the User guide of device.</s>
    <s>Example of copying contacts from a SIM card to a phone memory (Nokia N95):</s>
    <s>1. Open Contacts</s>
    <s>2. Select Options &gt; SIM contacts &gt; SIM directory</s>
    <s>3. Select Options &gt; Mark/Unmark &gt; Mark (or Mark all)</s>
    <s>4. Select Options &gt; Copy to Contacts</s>
    <s>Can I use WLAN and Bluetooth connection at the same time?</s>
    <s>Your Nokia phone supports simultaneous WLAN and Bluetooth connections. However, simultaneous use can cause interference and decrease the performance of the connections.</s>
    <s>How do I reset some of the settings to their original values?</s>
    <s>To reset some of the settings to their original values, select (depending on your device):</s>
    <s>Menu &gt; Tools &gt; Settings &gt; General &gt; Factory settings</s>
    <s>Menu &gt; Settings &gt; Phone &gt; Phone mgmt. &gt; Factory settings</s>
    <s>To do this, you need the lock code. The default lock code is 12345. After resetting, the device may take a longer time to power on. Documents and files are unaffected.</s>
    <s>Note: If your Nokia device support encryption of the device memory or the memory card, make sure you decrypt them before you restore the factory setting or your data may be lost.</s>
    <s>How can I print messages, documents or files on my Nokia device?</s>
    <s>NoteThere is only native support for the HP printers on current Nokia devices. You may get improved results by using the HP driver even for non-HP printers, but the best results would be gained by using either a) brand &amp; model-specific drivers for the printers in question (funded by printer manufacturers and released to Symbian Foundation), or b) a generic PCL5c/PCL5e/PCL6 driver (funded by Nokia, proprietary and included in all devices?).</s>
    <s>You can print documents, such as files, messages, or web pages, from the device, preview a print job, define page layout options, select a printer, or print to a file. You may not be able to print all types of documents.</s>
    <s>To configure a printer for your device, select Menu &gt; Office &gt; Printers &gt; Options &gt; Add or Modify and following:</s>
    <s>1. Printer - Enter a name for the printer. This could be anything.</s>
    <s>2. Driver - Select a printer driver; either the HP Mobile printing (or General depending on your printer). The General printer driver has limited print support that may allow you to print text to other printers.</s>
    <s>3. Bearer - Select how to connect to the printer; either Socket/HP JetDirect or LPR for WLAN connection. Select the LPR if you know that your printer support LPR connection. Other selections are Bluetooth or a file (or Infrared if it is available on the device).</s>
    <s>4. Access point - Select the WLAN access point. This setting is available for the Socket/HP JetDirect and LPR connections.</s>
    <s>5. Host - Enter the host name (DNS name) or the IP address of the printer. This option is visible only if Socket/HP JetDirect or LPR is selected on the Bearer.</s>
    <s>6. Port - Enter port number for the printer. Default value is 9100. This setting is available only for the Socket/HP JetDirect connection.</s>
    <s>7. User - Enter the username. This setting is available for the LPR connection.</s>
    <s>8. Queue - Enter the print queue. This setting is available for the LPR connection.</s>
    <s>9. Orientation - Select paper orientation; either the Portrait or Landscape.</s>
    <s>10. Paper size - Select the paper size from the list. The default is A4.</s>
    <s>11. Quality mode - Select either; Normal for balance between printing speed and color quality, Draft for fast printing with limited color reproduction, or Best for printing for example images.</s>
    <s>12. Media type - Select the type of the paper, either the Plain for the text or Photo for printing images.</s>
    <s>13. Color mode - Select whether to print in color or grayscale.</s>
    <s>14. Printer model - Select the printer model from the list. If you printer model is not listed, select a similar model.</s>
    <s>Note: The available options may vary.</s>
    <s>To set the printer as the default printer, select Options &gt; Set as default.</s>
    <s>Print files</s>
    <s>Before you print; make sure your device is properly connected to the printer.</s>
    <s>To print a message or a file, select Options &gt; Print.</s>
    <s>To print to a file, select Options &gt; Printing options &gt; Print to file, and determine the location for the file.</s>
    <s>To preview a file or message before you print, select Options &gt; Printing options &gt; Preview.</s>
    <s>To change the page layout before printing, select Options &gt; Printing options &gt; Page setup. You can change the paper size and orientation, define the margins, and insert a header or footer. The maximum length of the header and footer is 128 characters.</s>
    <s>Nokia for Business</s>
    <s>Corporate responsibility</s>
    <s>About Nokia</s>
    <s>Nokia Developer</s>
    <s>Nokia worldwide</s>
    <s>Site index</s>
    <s>Site terms</s>
    <s>Privacy policy</s>
    <s>Contact us</s>
    <s>Copyright (C) 2011 Nokia. All rights reserved. Follow Nokia:</s>
  </text>
</page>
