<?xml version="1.0" encoding="UTF-8"?>
<!DOCTYPE page SYSTEM "page.dtd">
<page>
  <lang>en</lang>
  <url>http://faculty.cs.tamu.edu/guofei/sec_conf_stat.htm</url>
  <title>Security Conference Ranking and Statistic</title>
  <snippet>
    <s>so they just submit papers to local conferences. Thus, normally </s>
  </snippet>
  <text>
    <s>Computer Security Conference Ranking and Statistic</s>
    <s>Guofei Gu</s>
    <s>How to judge how good a conference is? In my opinion, here are several criteria:</s>
    <s>&gt; Acceptance ratio: definitely an important metric (maybe the easiest metric that can be quantified), but not the only metric</s>
    <s>&gt; Paper quality and impact: how many classic papers are from this conference? how much impact do papers from this conference have on the community? are they well cited and studied?</s>
    <s>&gt; Committee member quality: what's the quality of TPC members? are they noted researchers in this area? This is an important factor because they will affect the quality of submission (good papers will prefer to submit to the conference with noted researchers in the committee), and control the quality of accepted papers.</s>
    <s>&gt; Attendee/Paper number ratio: another quantified metric. This somehow reflects the influence of this conference on the community</s>
    <s>&gt; Location: a beautiful place has some attraction. In addition, many researchers (but not all) are not very willing to travel to other countries due to limited funding or time (or VISA problem ), so they just submit papers to local conferences. Thus, normally the conferences located in USA are better than in Europe, which is also better than in Asia.</s>
    <s>&gt; H istory: a conference with a long history may have a good tradition and reputation</s>
    <s>&gt; Industry connection: this somehow reflects the impact on the industry. Normally, conferences on more applied techniques will attract more industry partners (so have more money to improve the quality of conference)</s>
    <s>Combining the first few criteria mentioned above, Dr. Jianying Zhou proposed a more quantitative metric (Conference Impact Factor, CIF). Please check out his page here.</s>
    <s>This ranking list is only in my opinion. It is not official, nor accurate, only for reference. Some good workshops are also included.</s>
    <s>I'm probably biased because I'm mainly a network/system security researcher. Notify me if you have different views, or you find significant conferences missing/bias. I'm more than happy to hear from you.</s>
    <s>Some conferences are arguably better belonging to rank 1.5 or 2.5. At this time, I'm not going to differentiate these. Let me know if you have some strong comments.</s>
    <s>Currently, I mainly focus on academic conferences amd scientific publications. Thus, do not be surprised if you find other great conferences like Defcon/BlackHat are not included here.</s>
    <s>Long time ago, I maintained a general computer science conference ranking (a mirror of my previous Georgia Tech page).</s>
    <s>Rank 1</s>
    <s>S&amp;P (Oakland)</s>
    <s>IEEE Symposium on Security and Privacy</s>
    <s>ACM Conference on Computer and Communications Security</s>
    <s>International Cryptology Conference</s>
    <s>European Cryptology Conference</s>
    <s>Usenix Security Symposium</s>
    <s>ISOC Network and Distributed System Security Symposium</s>
    <s>Rank 2</s>
    <s>European Symposium on Research in Computer Security</s>
    <s>International Symposium on Recent Advances in Intrusion Detection</s>
    <s>Annual Computer Security Applications Conference</s>
    <s>The International Conference on Dependable Systems and Networks</s>
    <s>CSF (CSFW)</s>
    <s>IEEE Computer Security Foundations Symposium.</s>
    <s>Supersedes CSFW (Computer Security Foundations Workshop)</s>
    <s>Theory of Cryptography Conference</s>
    <s>International Conference on the Theory and Application of Cryptology and Information Security</s>
    <s>Internet Measurement Conference</s>
    <s>Rank 3</s>
    <s>IEEE Communications Society/CreateNet Internation Conference on Security and Privacy for Emerging Areas in Communication Networks</s>
    <s>GI SIG SIDAR Conference on Detection of Intrusions and Malware and Vulnerability Assessment</s>
    <s>ACM Symposium on Information, Computer and Communications Security</s>
    <s>International Conference on Applied Cryptography and Network Security</s>
    <s>International Conference on Financial Cryptography and Data Security</s>
    <s>ACM Symposium on Applied Computing</s>
    <s>Australasia Conference on Information Security and Privacy</s>
    <s>International Conference on Information and Communications Security</s>
    <s>Information Security Conference</s>
    <s>International Conference on Information Security and Cryptology</s>
    <s>ACM Symposium on Access Control Models and Technologies</s>
    <s>RSA Conference, Cryptographers' Track</s>
    <s>IFIP International Information Security Conference</s>
    <s>(WiSe, SASN)</s>
    <s>ACM Conference on Wireless Network Security</s>
    <s>Supersedes WiSe (ACM Workshop on Wireless Security) and SASN (ACM Workshop on Security of Ad-Hoc and Sensor Networks)</s>
    <s>Symposium On Usable Privacy and Security</s>
    <s>IFIP WG 11.9</s>
    <s>IFIP WG 11.9 International Conference on Digital Forensics</s>
    <s>-- Workshops below --</s>
    <s>Digital Forensic Research Conference</s>
    <s>Fast Software Encryption workshop</s>
    <s>International Workshop on Public-Key Cryptography</s>
    <s>New Security Paradigms Workshop</s>
    <s>Workshop on Information Hiding</s>
    <s>Workshop on Security and Privacy in E-commerce</s>
    <s>ACM Workshop on Digital Rights Management</s>
    <s>IEEE International Information Assurance Workshop</s>
    <s>IEEE SMC Information Assurance Workshop &quot;The West Point Workshop&quot;</s>
    <s>Workshop on Cryptographic Hardware and Embedded Systems</s>
    <s>USENIX Workshop on Steps to Reducing Unwanted Traffic on the Internet</s>
    <s>USENIX Workshop on Hot Topics in Security</s>
    <s>USENIX Workshop on Large-scale Exploits and Emergent Threats</s>
    <s>Supersedes HotBots (USENIX Workshop on Hot Topics in Understanding Botnets) and WORM (ACM Workshop on Recurring/Rapid Malcode)</s>
    <s>Others (not ranked)　</s>
    <s>Information Security Practice and Experience Conference</s>
    <s>International Conference on Information Theoretic Security</s>
    <s>Acceptance Ratio Statistic</s>
    <s>This could be the most complete (and accurate?) list of computer security conference statistics you can find on Internet. There are still some blanks in this list. If you have any reliable source of these information (or some other security conferences), please email me ( guofei AT cs.tamu.edu ). Thanks.</s>
    <s>You can see from the following statistic, security conferences are becoming harder and harder to get in in the recent five yearsAnd I think this trend will possible continue in the near future.</s>
    <s>Rank 1</s>
    <s>Rank 2</s>
    <s>Rank 3</s>
    <s>IEEE S&amp;P</s>
    <s>ACM CCS</s>
    <s>USENIX Security</s>
    <s>11.6% (31/267)</s>
    <s>22%(47/211, both short and full)</s>
    <s>15% (25/166)</s>
    <s>10% (26/253)</s>
    <s>11.7% (20/171)</s>
    <s>22.4%(41/183, both short and full)</s>
    <s>25.3%(19/75,full paper)</s>
    <s>22.4% (33/147, regular)</s>
    <s>27% (40/147)</s>
    <s>21% (32/150)</s>
    <s>11.2% (28/249)</s>
    <s>15.9% (27/170)</s>
    <s>17.8% (21/118)</s>
    <s>17.3%(32/185,both short and full)</s>
    <s>17.6% (32/182,regular)</s>
    <s>22.5% (41/182)</s>
    <s>8% (20/246,full paper)</s>
    <s>12% (29/246)</s>
    <s>18% (55/303)</s>
    <s>12.3% (23/187)</s>
    <s>14.4% (18/125)</s>
    <s>18% (18/100)</s>
    <s>24.4%(21/86, full paper)</s>
    <s>18.3% (33/180,regular)</s>
    <s>29.4% (53/180, including short paper)</s>
    <s>12% (31/260)</s>
    <s>9.2% (23/251, full paper)</s>
    <s>12.7% (32/251)</s>
    <s>12.3% (22/179)</s>
    <s>13.4% (17/127)</s>
    <s>17% (16/93)</s>
    <s>21% (19/92, full paper track)</s>
    <s>17.7% (33/186) Start from 2006</s>
    <s>15.1% (33/218)</s>
    <s>8.9% (17/192)</s>
    <s>15.2% (38/250)</s>
    <s>14.8% (22/149)</s>
    <s>12.9% (16/124)</s>
    <s>20.8% (20/96)</s>
    <s>17.0% (27/159)</s>
    <s>20.5% (17/83)</s>
    <s>22.8% (45/197)</s>
    <s>27% (22/82, full paper)</s>
    <s>22.2% (32/144, full paper)</s>
    <s>36.1% (52/144)</s>
    <s>Start from 2005</s>
    <s>22.2% (35/158)</s>
    <s>10.2% (19/186)</s>
    <s>13.9% (35/251)</s>
    <s>12.0% (22/184)</s>
    <s>16.3% (16/98)</s>
    <s>? (20/?)</s>
    <s>17.0% (27/159)</s>
    <s>13.5% (16/118)</s>
    <s>26.1% (35/134)</s>
    <s>19% (19/98,full paper)</s>
    <s>Start from 2004</s>
    <s>12.1% (36/297)</s>
    <s>14.5% (19/131)</s>
    <s>13.8% (35/253)</s>
    <s>16.4% (21/128)</s>
    <s>20.5% (17/83)</s>
    <s>? (17/?)</s>
    <s>16.7% (19/114)</s>
    <s>29.5% (13/44)</s>
    <s>26% (19/73, full paper)</s>
    <s>16.8% (32/191)</s>
    <s>Start from 2003</s>
    <s>22.1% (21/95)</s>
    <s>17.6% (27/153)</s>
    <s>16.9% (22/130)</s>
    <s>19.0% (15/79)</s>
    <s>27.4% (23/84)</s>
    <s>19.3% (16/83)</s>
    <s>25.0% (16/64)</s>
    <s>24% (15/62, full paper)</s>
    <s>17.8% (19/107)</s>
    <s>17.6% (27/153)</s>
    <s>28.9% (24/83)</s>
    <s>24.2% (16/66)</s>
    <s>38.9% (21/54)</s>
    <s>not held</s>
    <s>21.8% (12/55)</s>
    <s>26% (14/53), Start from 2001</s>
    <s>13.1% (18/137)</s>
    <s>21.2% (28/132)</s>
    <s>29.4% (15/51)</s>
    <s>45.8% (22/48)</s>
    <s>25.3% (19/75)</s>
    <s>53.8% (14/26)</s>
    <s>24.6% (15/61)</s>
    <s>19.3% (16/83)</s>
    <s>40.4% (19/47)</s>
    <s>not held</s>
    <s>? (32/?)</s>
    <s>16.4% (19/116)</s>
    <s>20.0% (17/85)</s>
    <s>33.3% (15/45)</s>
    <s>40.4% (23/57)</s>
    <s>67.3% (35/52)</s>
    <s>Start from 1998</s>
    <s>18.2% (20/110)</s>
    <s>26.6% (17/64)</s>
    <s>not held</s>
    <s>not held</s>
    <s>29.9% (20/67)</s>
    <s>32.2% (19/59)</s>
    <s>36.2% (21/58)</s>
    <s>27.8% (20/72)</s>
    <s>not held</s>
    <s>not held</s>
    <s>29.2% (19/65)</s>
    <s>44.3% (31/70)</s>
    <s>not held</s>
    <s>Start from 1994?</s>
    <s>36.6% (26/71)</s>
    <s>24.3% (17/70)</s>
    <s>45.0% (27/60)</s>
    <s>Start from 1993</s>
    <s>not held</s>
    <s>23.6% (21/89)</s>
    <s>? (24/?)</s>
    <s>30.4% (28/92)</s>
    <s>not held</s>
    <s>Start from 1990?</s>
    <s>? (?/?)</s>
    <s>Start from 1990</s>
    <s>Start from 1988</s>
    <s>27.5% (25/91)</s>
    <s>39.7% (25/63)</s>
    <s>Start from 1985</s>
    <s>64.1% (25/39)</s>
    <s>67.6% (23/34)</s>
    <s>55.9% (19/34)</s>
    <s>100% (19/19)</s>
    <s>Start from 1980</s>
    <s>Thanks the following people for information and suggestions/comments on the ranking and statistic: Kevin Almeroth, Marco Balduzzi, Jihyuk Choi, Nicolas Christin, Mihai Christodorescu, Ton van Deursen, David Evans, Simson Garfinkel, Edy Glatz, Payas Gupta, Ragib Hasan, Thorsten Holz, Ashar Javed, Paul A. Karger, Jonathan Katz, Brian Levine, Zhiqiang Lin, Abedelaziz Mohaisen, Lukasz Olejnik, Monirul Sharif, Robin Sommer, Vinod Yegneswaran, Jianying Zhou, Thomas Zimmermann, and you.</s>
  </text>
</page>
