<?xml version="1.0" encoding="UTF-8"?>
<!DOCTYPE page SYSTEM "page.dtd">
<page>
  <lang>en</lang>
  <url>http://icec06.net/CallForPapers.htm</url>
  <title>Call For Papers Workshops Tutorials - ICEC2006</title>
  <snippet>
    <s>Sep 27, 2006 Call for Workshop / Tutorial Proposals. Call for Papers ( PDF file ). The International Conference on Electronic Commerce (ICEC) brings </s>
  </snippet>
  <text>
    <s>The Eighth International Conference on Electronic Commerce</s>
    <s>August 14-16, 2006</s>
    <s>Delta Fredericton</s>
    <s>Fredericton, New Brunswick, Canada</s>
    <s>Call for Workshop / Tutorial Proposals</s>
    <s>Call for Papers ( PDF file )</s>
    <s>The International Conference on Electronic Commerce (ICEC) brings together the top of the scientific research community in e-commerce and e-business from all over the world. Making its first trip to Canada, ICEC'06 will feature invited presentations, high-level panels, refereed paper presentations, tutorials and workshops aimed at taking stock of e-commerce today and at uncovering future opportunities and challenges. In addition, ICEC'06 will focus on bringing together academic researchers and industry leaders in an effort to connect the needs of businesses in the marketplace with leading edge technologies.</s>
    <s>While more and more people do business on the Internet each year, statistics show that the volume of online transactions is still a small fraction of worldwide expenditures. The theme of ICEC'06 will focus on the discovery of innovative techniques and technologies that strive to identify and overcome such difficulties, and set the foundation for new research endeavours that will allow e-commerce to grow much more rapidly in the years to come. ICEC'06 will be organized into seven tracks:</s>
    <s>Multiagent Systems and Electronic Markets</s>
    <s>Semantic Web Ontologies, Rules and Services</s>
    <s>Privacy, Security and Trust</s>
    <s>E-government, Policy and Law</s>
    <s>Mobile and Pervasive Commerce</s>
    <s>Business-to-Business E-Commerce</s>
    <s>Business-to-Consumer E-Commerce</s>
    <s>High-quality papers in all e-Commerce related areas which, at the time of submission, have not been published, accepted for publication or submitted for review are welcome. All submitted papers will be reviewed on the basis of technical quality, relevance, significance and clarity. All accepted papers will be published in the conference proceedings. The best papers from ICEC'06 will be invited for submission to a special issue of Electronic Commerce Research and Applications (ECRA).</s>
    <s>Author Instructions</s>
    <s>Submissions are encouraged as long papers (maximum of 12 pages) or short papers (maximum of 5 pages). Papers must be submitted in either Word or PDF, according to the ACM Proceedings Format (http://www.acm.org/sigs/pubs/proceed/template.html). Note that authors of accepted short papers will be allowed to make a very short presentation during the main sessions, and will be invited to display a poster.</s>
    <s>Important Dates</s>
    <s>Electronic Paper Submission Deadline:</s>
    <s>March 6, 2006 (New )</s>
    <s>Notification of Acceptance:</s>
    <s>April 30, 2006 (New )</s>
    <s>Camera-Ready Versions</s>
    <s>May 31, 2006</s>
    <s>Workshop/Tutorial Proposals</s>
    <s>February 1, 2006</s>
    <s>Workshop Notification:</s>
    <s>February 15, 2006</s>
    <s>Workshop/Tutorial Date</s>
    <s>August 13, 2006</s>
    <s>Conference Dates:</s>
    <s>August 14 -16, 2006</s>
    <s>Conference Co-Chairs</s>
    <s>Mark S. Fox, Professor of Industrial Engineering at University of Toronto, and Chairman/CEO Novator Systems</s>
    <s>Bruce Spencer, Group Leader, Internet Logic Group, Institute for Information Technology - E-business, National Research Council Canada and Professor, Faculty of Computer Science, University of New Brunswick</s>
    <s>Program Chairs:</s>
    <s>Weichang Du, University of New Brunswick, Canada</s>
    <s>Donglei Du, University of New Brunswick, Canada</s>
    <s>Organization Chair</s>
    <s>Scott Buffett, National Research Council Canada</s>
    <s>Web Chair</s>
    <s>Ilia Goldfarb, National Research Council Canada</s>
    <s>Advisory Board</s>
    <s>Robert Kauffman, University of Minnesota, USA</s>
    <s>Jae Kyu Lee , School of Information Systems, Singapore Management University, Singapore</s>
    <s>Qi Li, Xi'an Jiaotong University, China</s>
    <s>Ting-Peng Liang, Sun Yat-Sen University, Taiwan, China</s>
    <s>Zhangxi Lin, Texas Technology University, USA</s>
    <s>Norman Sadeh, Carnegie Mellon University, USA</s>
    <s>R.W. Wagenaar, Delft University of Technology, Netherlands</s>
    <s>Andrew B. Whinston, University of Texas, Austin, U.S.A</s>
    <s>Call for Workshop/Tutorial Proposals</s>
    <s>The Eighth International Conference on Electronic Commerce (ICEC 2006) invites proposals for workshops and tutorials to be held at Delta Hotel, Fredericton, New Brunswick, Canada on August 14-16, 2006.</s>
    <s>Proposals for workshops and tutorials should include:</s>
    <s>1. Title of the workshop or tutorial.</s>
    <s>2. Description of topic(s) and content(s) of the workshop or tutorial.</s>
    <s>3. Detailed contact information of the workshop organizer(s) or tutorial presenter(s).</s>
    <s>4. Length (half day or one day) of the proposed workshop or tutorial.</s>
    <s>5. Estimate number of participants.</s>
    <s>6. Schedule and agenda of the workshop or tutorial</s>
    <s>7. Resources (other than room) required to be provided by the conference organizer.</s>
    <s>8. Proposals should be related to the themes of the conference:</s>
    <s>Multiagent Systems and Electronic Markets</s>
    <s>Semantic Web Ontologies, Rules and Services</s>
    <s>Privacy, Security and Trust</s>
    <s>E-government, Policy and Law</s>
    <s>Mobile and Pervasive Commerce</s>
    <s>Business-to-Business E-Commerce</s>
    <s>Business-to-Consumer E-Commerce</s>
    <s>If you have any inquiry about proposing a workshop or tutorial, please contact the ICEC Program Chairs at programchairs@icec06.net</s>
    <s>Please submit your workshop or tutorial proposal by e-mail to the ICEC Program Chairs at programchairs@icec06.net</s>
    <s>Important Dates for Workshop/Tutorial</s>
    <s>Submission Deadline for Workshop/Tutorial Proposals:</s>
    <s>February 1, 2006</s>
    <s>Notification of Acceptance of Workshop/Tutorial Proposals:</s>
    <s>February15, 2006</s>
    <s>Workshop/Tutorial date</s>
    <s>August 13, 2006</s>
    <s>Click titles for full track descriptions</s>
    <s>Multiagent Systems and Electronic Markets</s>
    <s>Tim Finin, University of Maryland, Baltimore County, USA</s>
    <s>Filip Perich, Cougaar Software, USA</s>
    <s>Agents, multi-agent systems and market-based mechanisms applied to ecommerce. Auction models and automated market places/exchanges/technology, market clearing and winner determination, game theoretic/economic foundations, agent-based methods. Agent-mediated electronic commerce, trading agents, supply chain management and optimization.</s>
    <s>Michael Wellman, University of Michigan, USA</s>
    <s>Semantic Web Ontologies, Rules, and Services</s>
    <s>Yevgen Biletskiy, University of New Brunswick, Canada</s>
    <s>Harold Boley, National Research Council Canada</s>
    <s>Seeking papers for all three (Semantic) Web technology layers, and their combinations, as relevant for e-commerce applications. Ontologies permit to specify, standardize, and formalize the conceptualization of a business domain, rules can be utilized to model (onto)logical/empirical constraints, business policies and government regulations, while services enable us to describe (e.g., with rules) business workflows and processes for web service discovery, composition, choreography, execution, monitoring, and recovery.</s>
    <s>Hai Zhuge, Chinese Academy of Sciences, Beijing, China</s>
    <s>Privacy, Security and Trust</s>
    <s>Mark Dibben, Lincoln University, New Zealand</s>
    <s>Yingjiu Li, Singapore Management University , Singapore</s>
    <s>Privacy enhancing technologies, identity and trust management, network and wireless security, intrusion detection, representations and formalizations of trust, PST challenges in eHealth, eLearning, eGovernment and eCommerce, digital rights management, lawful surveillance, reputation, handling spam, anonymity, identity theft, RFID technologies</s>
    <s>Steve Marsh, National Research Council Canada</s>
    <s>E-government, Policy and Law</s>
    <s>Francesco Bolici Luiss University, Italy</s>
    <s>Alessandro D'Atri, Luiss &quot;Guido Carli&quot; University, Italy</s>
    <s>Intends to assess the state of the art in e-government/governance, including related laws and policies, and to provide guidance for research, development and applications. Innovative research and studies of e-government projects and of systems implementation are especially welcomed. F ameworks and guidelines for e-government, e-governance and e-democracy, e-government policies, strategies and implementation. Methods and tools for e-government research.</s>
    <s>Antonio Cordella, London School of Economics, UK</s>
    <s>Mobile and Pervasive Commerce</s>
    <s>Els van de Kar, Delft Technical University, The Netherlands</s>
    <s>Norman Sadeh, Carnegie Mellon University, USA</s>
    <s>Topics include: Technologies and solutions for m-commerce, architectures for integrating mobile service in daily life and work, localisation and personalisation technology, agent technologies. Security and privacy issues, pull and push mobile services, location-dependent mobile services, mobile payment services, mobile workforce management, mobile commerce strategies and implications. Building mobile applications, technology convergence (e.g. wLAN/3G), component based design, analysis and design approaches for mobile services.</s>
    <s>Norman Sadeh, Carnegie Mellon University, USA</s>
    <s>Business-to-Business E-Commerce</s>
    <s>Patrick Y. K. Chau, University of Hong Kong,</s>
    <s>Jae Kyu Lee, School of Information Systems, Singapore Management University, Singapore</s>
    <s>B2B is the major portion of E-Commerce activities. However, many third party exchanges suffer in making their business successful. B2B standards and ebXML are not widely accepted in the real world as we have anticipated. Understanding the exact reason why seems one of the fundamental research that we have to investigate. For this purpose, we need to understand the characteristics of B2B activities and corporates' real needs, cost, and situation for collaboration, phenomena from the perspective of technology of agents and interoperability and also from the social political perspective of motivation.</s>
    <s>Mike Shaw, University of Illinois, USA</s>
    <s>Business-to-Consumer E-Commerce</s>
    <s>Khaled Hassanein, McMaster University, Canada</s>
    <s>Milena Head, McMaster University, Canada</s>
    <s>This track seeks to explore the successes and failures of B2C e-Commerce with an objective to identify the barriers and facilitators of this sector. Suitable topics for this track may include, but are not limited to: Effective B2C business models, social, cultural, usability and logistical issues in B2C. Web data mining, online consumer behaviour, customer adoption studies, online advertising, online pricing, channel conflict and disintermediation</s>
    <s>Roger Clarke, Xamax Consultancy Pty Ltd, Canberra</s>
    <s>News | Call for Papers/Workshops/Tutorials | Research Tracks | Workshop/tutorials | Brokerage Session | Author Instructions</s>
    <s>Accommodations | Organization | Registration | Program | Keynote Speakers | Online Submission</s>
    <s>Sponsors/Sponsorship | Contact | Photo Report | Links | Home</s>
    <s>Copyright (C) 2004-2006 &quot;ICEC2006&quot; conference . All Rights Reserved.</s>
    <s>last revised September 27, 2006</s>
  </text>
</page>
