<?xml version="1.0" encoding="UTF-8"?>
<!DOCTYPE page SYSTEM "page.dtd">
<page>
  <lang>en</lang>
  <url>http://en.oreilly.com/mysql2010/public/schedule/detail/12438</url>
  <title>MySQL Cluster Tutorial: O&#39;Reilly MySQL Conference &amp; Expo 2010 ...</title>
  <snippet>
    <s>Apr 12, 2010 This tutorial aims to guide normal MySQL users and DBAs into the world of your clusters over the great distance of the conference room! </s>
  </snippet>
  <text>
    <s>Schedule Grid</s>
    <s>Sessions by Track</s>
    <s>Architecture and Technology</s>
    <s>Business and Case Studies</s>
    <s>Cloud Computing</s>
    <s>Data Warehousing and Business Intelligence</s>
    <s>MySQL Cluster and High Availability</s>
    <s>Performance Tuning and Benchmarking</s>
    <s>PHP and MySQL</s>
    <s>Replication and Scale-Out</s>
    <s>Ruby and MySQL</s>
    <s>Security and Database Administration</s>
    <s>Storage Engine Development and Optimization</s>
    <s>Web 2.0, Ajax, and Emerging Technologies</s>
    <s>Products and Services</s>
    <s>Keynote Speakers</s>
    <s>Speaker Slides &amp; Video</s>
    <s>Birds of a Feather Sessions</s>
    <s>Get MySQL Certified</s>
    <s>Onsite Info Guide</s>
    <s>Expo Hall</s>
    <s>Information &amp; Sponsors</s>
    <s>Media &amp; Promotional Partners</s>
    <s>About MySQL Conference &amp; Expo</s>
    <s>Santa Clara Attractions</s>
    <s>External Links</s>
    <s>MySQL Conference &amp; Expo 2009</s>
    <s>O'Reilly Media</s>
    <s>O'Reilly Conferences</s>
    <s>Conference Diversity</s>
    <s>Contact Us</s>
    <s>Promote O'Reilly MySQL Conference &amp; Expo</s>
    <s>Attendee Directory</s>
    <s>News &amp; Coverage</s>
    <s>Related Reading</s>
    <s>External Links</s>
    <s>Planet MySQL</s>
    <s>MySQL Conference &amp; Expo Newsletter (login required)</s>
    <s>O'Reilly Radar</s>
    <s>Your Account</s>
    <s>Join Attendee Network</s>
    <s>Add to Your Schedule</s>
    <s>MySQL Cluster Tutorial</s>
    <s>Average rating</s>
    <s>(3.50, 6 ratings)</s>
    <s>Add your rating</s>
    <s>Andrew Morgan (Oracle), Geert Vanderkelen (Sun Microsystems), Andrew Hutchings (SkySQL)</s>
    <s>8:30am Monday, 04/12/2010</s>
    <s>MySQL Cluster and High Availability, Tutorial</s>
    <s>Location: Ballroom A</s>
    <s>Presentations: MySQL Cluster Tutorial Presentation ODP,</s>
    <s>MySQL Cluster Tutorial Presentation 1 PDF</s>
    <s>This tutorial aims to guide normal MySQL users and DBAs into the world of MySQL Cluster. From installing and configuring to creating your first clustered table and finally node failure handling. At the end of the session you'll will be the proud owner of a full blown, tiny MySQL Cluster which you can show off at work. The data nodes will gently keep you lap warm when the air conditioning is set too low, and the cluster log will help you through sleepless nights.</s>
    <s>Morning Session</s>
    <s>At the beginning of the tutorial you will be supplied with a DVD containing a fully functioning MySQL cluster 7.0 on a VirtualBox virtual machine. We will then take you on the journey of getting the cluster up and running, using the laptops of other attendees as part for your cluster. Once you have the cluster up and running we will take you through the various components of the cluster, the data nodes (ndbd and ndbmtd), management nodes and SQL nodes. We will explain what node's role is in the cluster and why it is important, and also cover the best and worst ways to set a cluster up (in terms of a node's physical location).</s>
    <s>The cluster is useless if it cannot store dataSo we will guide you through creating your first clustered table and inserting and selecting data from it (even seeing the data instantly on your partner's machine!).</s>
    <s>Finally we will cover useful management node commands for controlling and getting information from the nodes as well as understanding the management node's cluster log.</s>
    <s>All this is done with the aim that you can follow the tutorial on your own cluster learning about it along the way.</s>
    <s>Afternoon Session</s>
    <s>Now that we have mastered the basic concepts in part 1 of this tutorial we will delve into slightly more complex topics. Starting with good and bad use cases for cluster, we will then go on to node failure handling and finally geographical replication. At the end of this session you will be able to drop a car from a height onto a server (although our budget will not extend to this exact demonstration), have zero downtime from it and know how to bring it back to full working order. You will also be able to geographically send your data half way across the world (or the room) without the complexity of handling it in your application.</s>
    <s>MySQL Cluster may be transactional but it is not a direct replacement for InnoDB. We will demonstrate examples of good and bad schema and queries for MySQL Cluster and explain the reasons why they do/don't perform as expected.</s>
    <s>Occasionally when running a cluster things can go wrong, it could be because a configuration needs tweaking or a server is on fire, DON'T PANICWe will explain what happens when this happens, what you would expect to see and how to rectify the situation.</s>
    <s>MySQL Cluster is NoSQL tooWe will give a taste of NDB API and MGM API so that your applications can monitor cluster and interface directly with the data nodes without the SQL layer!</s>
    <s>Geographical asynchronous replication will be our final topic, this lets the cluster in your New York office asynchronously replicate to your Santa Clara office and back again with ease. We will demonstrate how this works and even get some of you to geographically replicate your clusters over the great distance of the conference room!</s>
    <s>As Geert would put it, this will be one clusterful day!</s>
    <s>People planning to attend this session also want to see:</s>
    <s>High-throughput MySQL</s>
    <s>MySQL Cluster - Deployment Best Practices</s>
    <s>Introduction to InnoDB Monitoring System and Resource &amp; Performance Tuning</s>
    <s>Replication Tricks &amp; Tips</s>
    <s>!Photo of Andrew Morgan</s>
    <s>Andrew Morgan</s>
    <s>Andrew is the MySQL Product Manager responsible for High Availability Solutions - in particular MySQL Cluster and replication. He is based in United Kingdom and has worked for MySQL/Sun/Oracle since February 2009.Before joining MySQL he was responsible for delivering High Availability telecoms applications which is where he became exposed to MySQL Cluster - replacing proprietary and other 3rd party databases. His primary roles in MySQL are working with engineers to make sure that MySQL Cluster &amp; replication evolve to meet the needs of their users as well as spreading the word on the what people can get from these technologies.</s>
    <s>Web site</s>
    <s>!Photo of Geert Vanderkelen</s>
    <s>Geert Vanderkelen</s>
    <s>Sun Microsystems</s>
    <s>Geert Vanderkelen is a member of the MySQL Support Team at Sun Microsystems. He is based in Germany and has worked for MySQL AB since April, 2005.</s>
    <s>Before joining MySQL he worked as developer, DBA and SysAdmin for various companies in Belgium and Germany.</s>
    <s>Today Geert specializes in MySQL Cluster and works together with colleagues around the world to ensure continued support for both customers and community. He's also the maintainer of Sun's MySQL Connector/Python.</s>
    <s>Web site</s>
    <s>!Photo of Andrew Hutchings</s>
    <s>Andrew Hutchings</s>
    <s>Andrew Hutchings (aka LinuxJedi) is a Senior Sustaining Engineer for SkySQL and is physically based in the United Kingdom. He is also co-author of the book MySQL 5.1 Plugins Development. Before joining SkySQL he was a Software Developer on the Drizzle project at Rackspace and a Senior MySQL Support Engineer for Sun Microsystems / Oracle Corporation specialising in MySQL Cluster and C/C++ APIs.</s>
    <s>Web site</s>
    <s>Comments on this page are now closed.</s>
    <s>Suhas Mallya</s>
    <s>04/14/2010 2:51pm PDT</s>
    <s>Instructors were helpful and overall a good session. I thought the post-lunch session was better than the pre-lunch session. Sharing the scripts while the tutorial was in progress would have helped.</s>
    <s>Schedule views</s>
    <s>Mon 12 Apr</s>
    <s>Tue 13 Apr</s>
    <s>Wed 14 Apr</s>
    <s>Thu 15 Apr</s>
    <s>Full listing</s>
    <s>Personal schedule</s>
    <s>Founding Sponsor</s>
    <s>Platinum Sponsor</s>
    <s>Gold Sponsors</s>
    <s>Joint Gold Sponsors</s>
    <s>Premier Media Partner</s>
    <s>Sponsorship Opportunities</s>
    <s>For information on exhibition and sponsorship opportunities at the conference, contact Yvonne Romaine at yromaine@oreilly.com</s>
    <s>Download the O'Reilly MySQL Conference &amp; Expo Sponsor/ Exhibitor Prospectus</s>
    <s>Media Partner Opportunities</s>
    <s>Download the Media &amp; Promotional Partner Brochure (PDF) for information on trade opportunities with O'Reilly conferences or contact mediapartners@ oreilly.com</s>
    <s>Press and Media</s>
    <s>For media-related inquiries, contact Maureen Jennings at maureen@oreilly.com</s>
    <s>O'Reilly MySQL Conference Newsletter</s>
    <s>To stay abreast of conference news and to receive email notification when registration opens, please sign up for the O'Reilly MySQL Conference newsletter (login required).</s>
    <s>Contact Us</s>
    <s>View a complete list of O'Reilly MySQL Conference contacts.</s>
    <s>O'Reilly Home | Privacy Policy | Contact Us | Sitemap | conf-webmaster@oreilly.com</s>
    <s>(C) 2010, O'Reilly Media, Inc. | (707) 827-7000 / (800) 998-9938</s>
    <s>O’Reilly and the O'Reilly logo are trademarks of O'Reilly Media, Inc. All other trademarks are property of their respective owners.</s>
  </text>
</page>
