<?xml version="1.0" encoding="UTF-8"?>
<!DOCTYPE page SYSTEM "page.dtd">
<page>
  <lang>en</lang>
  <url>http://chrisbetcher.com/tag/unconference/</url>
  <title>Unconference | Betchablog</title>
  <snippet>
    <s>At the first social event of the conference, participants were encouraged to write on a large sheet of paper a topic that they&#39;d like to learn about. Equally, they </s>
  </snippet>
  <text>
    <s>Betchablog education + technology + ideas</s>
    <s>Subscribe via RSS</s>
    <s>In Person</s>
    <s>Totally Unorganised</s>
    <s>!I think I can safely say I've just been to one of the best conferences I've ever attended.  It was well run, well organised and I believe provided content that was highly relevant to all the participants.  The irony is that the day before it all started, it was completely unorganised and had virtually no content planned at all.  I'm talking about the Learning 2.010 Conference held last week at Concordia International School in Shanghai, China.</s>
    <s>I think it's really important to draw a clear distinction between being unorganised and being disorganised.  Disorganised is when things are a complete mess, no one has any idea of what's happening, people are not getting their needs met and it leads to frustration for everyone involved.  This conference was definitely not disorganised.</s>
    <s>Unorganised, on the other hand, implies a understanding that learning is messy and that when we need to learn something we learn it best if we can learn it just-in-time, not just-in-case.  When you put together a conference about learning, being unorganised means recognising that you can't meet someones needs until you know what those needs are.  Being unorganised means that you don't assume that you know what's best for people, but rather, you ask them what they need.  Being unorganised implies flexibility, adaptability, and a willingness to listen to what people really want, at the point when they want it.</s>
    <s>It also implies a huge risk, since you are inviting people to attend (and prepay for) an event that essentially does not yet exist. It would be far easier, far safer, far less risky, to run a conference the way they are traditionally organised Bring in some smart people to speak, get them to stand on the stage and impart their wisdom to the assembled masses, and perhaps preplan some added workshops on what you think people need.  That's the accepted way to run a conference, the safe way, the &quot;normal&quot; way, the organised way doing it any other way is a risk and a challenge to the status quo, and potentially a threat to people's expectations.</s>
    <s>However, those with the goal of shifting and reshaping education know inherently that this traditional model of conference planning flies in the face of what we proclaim learning is truly about.  It's ironic (and hypocritical) that conferences about contemporary learning should remain modeled on a structure that so blatantly contradicts the way we keep saying that learning should work in the 21st century.</s>
    <s>The organisers of Learning 2.010 accepted this risk and, from what I could see, it paid off handsomely.  The event was run on the basis of having two quite different component parts the first was based on a cohort (team) of learners that gathered around a key idea and worked together to explore that idea in depth over the two days, and the second component was an unconference that ran 90 minute workshops in whatever content emerged from the participants.</s>
    <s>The cohorts were led by a team of international educators who were hand picked by the Learning 2.010 organisers (or should that be unorganisers?) and I felt extremely honoured to have been included in this group.  These are some of the smartest, most forward thinking, contemporary educators I've ever had the pleasure to work with, many of whom I already felt I knew well from their blogs and online presence. There were many that I've wanted to meet in person for a very long time and others I hadn't previously known of, but it quickly became pretty clear that this was an extraordinary group of talented educators.</s>
    <s>As one of the invited cohort facilitators, I arrived into Shanghai the day before the conference started so I could be part of a brainstorming and planning session with the other facilitators about what and how we might make the cohort component of the conference best happen.  Although we did have general themes to guide us, the exact structure of how we'd run the sessions, what resources we'd include, how we'd manage our cohort groups, etc, was all fluid essentially, we had four 90 minute sessions over the 2 days and we could do whatever we wanted in them. Most themes had two cohorts, each with its own facilitator, that could be run independently from each other, or could be combined together, or some combination of these.</s>
    <s>!I was lucky enough to be teamed up with Melinda Alford, a teacher at Concordia (the host school) on the topic of Creating a Culture of Learning and Creativity.  Originally from Atlanta, Georgia, but having now worked in Shanghai for the past six years, I'd not met Melinda before in fact she was one of those teachers that wasn't even on my PLN radar. But after working with her for a few days I have to say she is one of the most talented natural teachers I've ever met and it was a real joy to be able to work with her. It's so nice when you get to work with someone who is really on the same wavelength. who shares so many of the same ideals about learning and education and is so easy to work with.</s>
    <s>As we started to plan how our cohorts would operate, we decided not to run in two groups, but rather to combine them into one.  Our general plan was to facilitate a guided conversation about the ideas of creativity and curiosity in learning, follow it up with some ideas and examples and strategies for developing creative opportunities for students, and then allow our group to organically break up into small teams based on interest and need, and produce something to share with the whole group in the final session.  The &quot;something&quot; was open-ended, but was basically a resource, an activity, a plan, something, that could be put to use the next week in their classroom.  We wanted to challenge the thinking of our cohort, but be practical and get them to actually create something they could use.  We were also very focused on the idea of creating a learning environment for our cohort participants that modeled the type of learning that we were expecting them to create for their students open ended, flexible, learned centered, challenging, hard fun.  Our plan was to facilitate, not lecture. Share, not teach. Encourage, not demand.</s>
    <s>!We spent part of that first planning day tossing ideas around and creating some visual prompts. One of my big beliefs about the notion of creativity is that it should come from both sides of your brain. We were both very keen to encourage the idea that creativity is not something that just applies to &quot;the arts&quot;, not something that you only find in strange &quot;arty&quot; types who dress in strange clothes, not something that is applied to problems occasionally in a superficial way we wanted to get the idea across that creativity is a critical thinking skill that applies to all disciplines, in all sorts of ways, all of the time.  Melinda and I both had backgrounds in the creative arts as well as science and engineering, so we found it easy to weave this into our planning.  To make the point, at the social event held the evening before the conference officially started, we got up on stage to promote our cohort sessions, me dressed in Elmo pyjama pants and a set of large donkey ears, and Melinda in a giant chicken outfit.  At least we got noticed!</s>
    <s>So, in a 24 hour period, we went from having a cohort session with no structure, no content and no ideas, to having a session which was highly personalised, based on meeting the needs of the participants and built on the strengths of the facilitators.  I might write more about the cohort sessions later, but I felt like it was a great success.</s>
    <s>!The other component of the conference was the unconference. Again, the problem with traditional conferences is that you sometimes don't learn what you'd really like to learn, and it treats the &quot;presenters&quot; and the &quot;audience&quot; as two groups.  If you believe that learners and teachers can have a much flatter relationship that that, the unconference model makes a lot of sense.  At the first social event of the conference, participants were encouraged to write on a large sheet of paper a topic that they'd like to learn about.  Equally, they were also encouraged to write down a topic they'd like to share about.  These pieces of paper were then sticky-tacked to the wall and people could add a vote to the ones they were interested in the most.  The ones that had enough votes then ran in the next unconference session time.</s>
    <s>So, for example, I offered to run a session on teaching kids to think using Scratch, since I've been doing a lot of work on this back at school.  So, I offered the topic, volunteered to be a presenter for it, people selected it, and it ran successfully.  Conversely, someone else added a request for a session about Photoshop. They were not willing or able to run it themselves, but they were very interested in learning about it.  Because I'm a bit of a Photoshop guy, I was happy to add my name to that as the presenter, and the session went ahead.!This is really the spirit of an unconference.  It's about flexibly and dynamically connecting learners together to learn about the things that interest them.  You can't plan that sort of thing in advance because you have no advance idea of what those interests will be.  An unconference only works if you place your trust in the wisdom of the crowds, if you believe that none of us is as good as &quot;all of us&quot;.  If you believe that someone in the crowd will have the expertise to share with others, and the humility to accept that that expertise can come from anywhere, then learners become teachers and teachers become learners and our learning environment becomes flatter and less hierarchical.  It goes from being about teacher and student, moving away from being about &quot;us and them&quot; to just being about &quot;us&quot;.  And this is so much more reflective of the way true learning actually works.</s>
    <s>Of course, you can see why this is risky.  If participants turn up as empty vessels waiting to be filled, who see professional development as something that is done &quot;to them&quot; by someone else, then this is all destined to fail miserably. What I like about the unconference model is not just that it's a far superior way to learn - because it is - but that it works on the underlying assumption that people are inherently good.  It's based on the fundamental ideals of sharing and teamwork, and the belief that most people are just as eager to give as to take.</s>
    <s>It assumes the best from people, and that's always a better environment to work in.</s>
    <s>Popularity: 10% [?]</s>
    <s>Tagged as: learning2010, learning2cn, shanghai, unconference 5 Comments</s>
    <s>No Such Thing As A Free Lunch</s>
    <s>!I recently wrote about the Apple ITSC events that I was lucky enough to have been a part of.  They're all over now, and after having participated at ITSCs on the Gold Coast, Adelaide, Perth and Melbourne (as well as the one in my home town of Sydney) I have to say that I thoroughly enjoyed being involved in them.  One of the best aspects of the way ITSC was run this year was the way they leveraged the unconference concept and tried to break away from the traditional &quot;sit and git&quot; model of learning at conferences.  The unconference model is a good model for learning because it attempts to meet people's needs for knowledge, allowing those with expertise to share it and those with questions to ask them.  The lack of rigid structure is what makes it work along with the fact that you learn more when you get actively involved in learning about things that are directly relevant to you.</s>
    <s>If you ever want to run an unconference, there is plenty of advice online about how you might do it, but when it's all boiled down, the &quot;rules&quot; for an unconference could be summarised as </s>
    <s>1. The people who come are the best people who could have come.</s>
    <s>2. Whatever happens is the only thing that could have happened.</s>
    <s>3. It starts when it starts.</s>
    <s>4. It's over when it's over.</s>
    <s>5. The Law of Two Feet (&quot;If you are not learning or contributing to a talk or presentation or discussion it is your responsibility to find somewhere where you can contribute or learn&quot;).</s>
    <s>My first real unconference experience happened in Christchurch NZ last year at the ULearn event.  It was organised - or rather, unorganised - by a small group of volunteers, and it's notable feature was the lack of any rigid structure.  A few tables were set up, people joined in conversations taking place at the tables and then just moved around the room whenever they felt they wanted to move on.  We had some really great conversations about all manner of things that really made a difference to what I took away from the main conference.</s>
    <s>MCloser to home, my partner Linda was recently part of an international team of people who planned an unconference event for the IABC World Conference held recently in Toronto, Canada.  So I've seen first hand just what's involved in planned a great unconference event.  While there is definitely a lot of planning involved, on the actual day it works best if there is a great deal of flexibility in how people interact with the event.  People give what they can give, and they take what they can take.  That's the spirit of an unconference.</s>
    <s>Which brings me to the main point of this post. I spent most of today at MoodleCamp Sydney, an unconference-style event for people interested in the open source learning management system called Moodle.  It was organised by Sydney Moodler Jason Hando, a guy I've known online for quite a few years, although we only met in person recently for the first time.  I got an email from Jason inviting me to the MoodleCamp event and I signed up right away, with an intention to not only attend but to contribute something from my own school's journey with Moodle over the last few years.  Jason also emailed me a few days before the event and asked for some extra assistance with the design and creation of some certificates of attendance for the participants, as well as asking if I'd help out with facilitating one of the rooms on the day.  Naturally, wanting to be helpful, I agreed to both.</s>
    <s>So today, I turned up at the Sydney Distance Education High School at Wolloomooloo to join my fellow Moodlers to learn lots of cool stuff about Moodle.  For a variety of reasons the event didn't really hit the mark for me, partly because the organisation of it was not particularly like an unconference, but mostly because of a very public falling out with Jason Hando over an issue in which I thought he was being particularly obnoxious and belligerent, and which escalated into a very ugly situation for everyone.</s>
    <s>The first concern was with the way the event was organised.  And ok, maybe I'm being picky, but for an event that was constantly being promoted (positively) as &quot;unorganised&quot;, &quot;unofficial&quot;, &quot;ad-hoc&quot;, etc, right through to the way participants were being referred to as &quot;unparticipants&quot;, when push came to shove it was just as traditional as a normal conference event.  I'm sure Jason had put a lot of time and effort into making the event happen, including providing a rather good looking lunch (I never ate any of it, so I don't know how it tasted, but it looked good). The venue as very nice, and the potential was there for it to be a really good event.  However, as the day unfolded it turned out to be not so much an unconference, but rather just a series of short traditional presentations, mostly given in a fairly transmissive mode from speaker to audience.</s>
    <s>The day was split into 20 minute sessions, and while I understood the reasoning for this, I didn't think it was really in the spirit of the way an unconference is meant to work it was simply too structured. Just as I found myself engaging with ideas that were raised, it was time to move on to the next session.  Most of the speakers (including myself) were just trying to get through all they wanted to say in their 20 minute slot, so there wasn't nearly enough time for questions, conversations and actual sharing.  I felt that just as things got interesting, the &quot;bell would go&quot; and it was time to move to the next lesson. On the flipside, some sessions would drag on past the point at which I was finding them useful, but we kept going anyway because our 20 minutes wasn't up yet so much for the Law of Two Feet. For an event that was constantly promoted as being somewhat counter-cultural, it was surprisingly traditional.  Even the layout of the room was surprisingly traditional the main part of the room was set up with rows of chairs facing the front, where &quot;the front&quot; was a stage with a lectern on it, a projector screen and plenty of PowerPoint/Keynote slides full of bulleted text.  The two breakout rooms were also set up with rows of chairs facing the front, with a screen and a place for &quot;the teacher&quot; to talk to &quot;the students&quot;.  The best parts of the day were the breaks between sessions where the conversation flowed freely and people were sharing ideas and showing each other things on their laptops but in an unconference, this is what the sessions are supposed to feel like, not just the breaks between the sessions.</s>
    <s>The other big issue I had with the day (and which possibly coloured my entire experience of the event) was the very public dressing-down I got from Jason Hando over an issue that he and I did not see eye to eye on.  It's a long story and I don't want to embarrass the other person involved, but the belligerence and unreasonableness from Jason was completely over the top.  Another participant arrived at the event - someone I know quite well and whom I consider a friend - and apparently Jason took exception to both his presence at the event and what he planned to present.  This person is extremely active and well known in the Moodle community, and has a reputation for being generous with both his time and his considerable expertise. To contribute to the event, as well as running a very valuable session, he wanted to donate some Moodle books as prizes and also to host a quick Skype call to a surprise guest Moodler. I'm sure that both of these things would have been exceptionally well received by everyone at the event.</s>
    <s>Instead of welcoming this person and valuing the great contribution they might be able to make to MoodleCamp, Jason saw this person as a threat and told them to leave and that he was not welcome.  When I found out what happened I tried to act as a voice of reason to settle the disagreement, and I managed to get both parties in the other room to try and sort out what should have been a minor misunderstanding.  Instead, I got a hostile, antagonistic diatribe from Jason about why this person's motives (which I KNOW were pure) were unacceptable to him. Jason was upset that this person had not contacted him in advance to advise that there would be free books and a Skype call taking place. I explained that I disagreed, that the whole point of an unconference was to be spontaneous, and that no one should have to &quot;clear things&quot; with the organisers if they were obviously in the interests of all participants. Jason expressed concern that this other person would somehow try to commercialise &quot;his&quot; event and he took exception to the fact that this person wore a shirt with a Moodle logo on it he somehow saw this as a indication that someone from Moodle was &quot;checking up&quot; on him. (For the record, the shirt was one that any active member of the Moodle community is entitled to wear). When I disagreed with Jason's view, he started ranting about how I was &quot;in bed with&quot; this other person and that I was clearly part of the problem.  The illogical nature of Jason's reasoning got more and more surreal, and the conversation got more and more heated.  When we were finally joined by Jason's offsider Danielle, who also spouted the same unreasonable nonsense as Jason, I threw my hands up and exclaimed in absolute frustration &quot;You've got to be fucking kidding!&quot;  Jason and Danielle both immediately switched the focus of the issue to the use of the word &quot;fuck&quot; and started carrying on about how offended they were because I swore at them.  Just to be clear, I didn't swear AT them, I swore NEAR them.  Danielle went off her head about it, and her and Jason started telling me I wasn't welcome and that I had to leave.</s>
    <s>To say I was pissed off is a massive understatement.  I was pissed off at the ludicrous argument that Jason proposed as to why giving away books or wearing a shirt with a particular logo on it was inappropriate at an unconference.  I was pissed off that he had such unfounded, unreasonable suspicions about the motives of one of the most generous people I know. I was pissed off that he was acting like a completely spoiled child who wanted to take an &quot;it's my unconference and I'll do whatever I want&quot; attitude to it.  And I was pissed off that he was taking the democratic, free speech ideals of the unconference concept and micromanaging and filtering it in a way that would make even Steve Jobs cringe.</s>
    <s>So, having been asked to leave, I left.  But as I walked back to the car, I thought to myself &quot;Hang on, I came here to learn. I'm not going to let some upstart with a bad attitude ruin that&quot;.  So I went back into the room and sat down.  By this point, Jason was standing on the stage, welcoming people and thanking everyone who helped make the day happen.  He then had the audacity to list me as one of his helpers (which, until that point, I was) then he paused, pointed a finger at me from the stage and said &quot;Didn't I just tell you to leave?&quot;</s>
    <s>&quot;Yeah, but I came back.&quot;</s>
    <s>&quot;I want you to leave.  You're not welcome.&quot;  Then he addressed the entire audience who were present and relayed his distorted version of what happened in the back room.  Not the whole story mind you, just the fact that I said &quot;fuck&quot;. In fact, according to Jason I said it 5 or 6 times, which is actually untrue.  He also said that I directed the swearing at Danielle, which was also untrue.</s>
    <s>So he then asked me, publicly from the stage, to leave.  I said no. He said he would not continue talking until I left and he walked away from the microphone. I said I was staying. Long pause.  I then suggested that he stop carrying on like a belligerent child and move on, but he refused.  It was embarrassing.  Not for me.  For him.  His puerile behaviour made him look like a complete jackass, but I was certainly not impressed with the very public airing of our dirty laundry.  To have a disagreement with someone is one thing.  To have it escalate into an argument is unfortunate, but we could have dealt with it.  But to air that argument in public, in front of a room full of people, giving only his side of the story, and to make it seem like the core of the issue was because I used a &quot;bad word&quot; is quite another thing.  In the end, I made it clear that I had no intention of leaving, and he eventually continued, but only after demanding a public apology for what he saw as the issue. He was embarrassingly immature in front of the whole room of people.</s>
    <s>Let's be clear. The issue was not the swear word.  The real issue was Jason's totally unreasonable attitude towards a conference participant who he clearly had a longstanding beef with. The real issue was the fact that, even when he dragged me in as an &quot;adjudicator&quot;, when he didn't get the agreement from me that he wanted, he turned nasty about it. The real issue was that he acted like this was &quot;his&quot; event, and not the participants' event. The real issue was the &quot;right of veto&quot; nonsense he tried to pull when he felt that someone else might pick up some consultancy work as a result of the day (something which is very clearly in competition with his own business goals)  The real issue was the massive dummy spit he had when people didn't share his views, to the point where he felt he could order them to leave.  Jason's business is doing Moodle consultancy and there's no doubt in my mind that MoodleCamp was a way of expanding his own customer base.  Reading between the lines, the thought of someone else coming along who might be seen as having more expertise, and therefore being a threat to his business, was too much for him and he snapped.</s>
    <s>For the record, I approached Danielle afterwards and offered my apology if I caused her offence, and pointed out that my frustration was not directed at her.  I also, despite the fact that I really didn't feel much like making any contributions at all after that, still presented a session since that's part of the reason I came in the first place. And as for the &quot;free lunch&quot;, maybe it's just cutting off my nose to spite my face, but there was no way I was going to take anything from someone who feels it's ok to publicly embarrass me like that.</s>
    <s>I don't normally take my disagreements public but since that's what Jason decided to do from the stage, I'm not going to take it lying down.  As another delegate confided to me later, &quot;I can't believe what an idiot he was to do that.  Of all the people to do that to, he should know better than to do it to you.&quot;  Publicly embarrassing a blogger?  Bad idea.</s>
    <s>The comments are open.  I'm quite happy to get an apology from Jason.  Otherwise, bring it on baby, because I'm filthy dirty about the way I was treated.</s>
    <s>Popularity: 8% [?]</s>
    <s>Tagged as: hando, Moodle, moodlecamp, unconference 16 Comments</s>
    <s>Things I said recently…</s>
    <s>Enough is Enough</s>
    <s>Lessons from the Yamanote Line</s>
    <s>G'day from Yokohama</s>
    <s>Push Me, Pull Me</s>
    <s>Catching up (and some slides)</s>
    <s>ISTE in less than 140 Characters*</s>
    <s>Everything is a Remix</s>
    <s>The Interactive Teaching and Learning Masterclass Conference</s>
    <s>Name that Network</s>
    <s>Things you said recently…</s>
    <s>Tammy on Tiny Bursts of Learning</s>
    <s>Meeting with the Geeks » Machiko Romaine on Coincidence or Connection?</s>
    <s>Frankie Kam on The World According to Steve Jobs</s>
    <s>Chris Betcher on Enough is Enough</s>
    <s>Rachel Boyd on Lessons from the Yamanote Line</s>
    <s>Rachel B on Enough is Enough</s>
    <s>Chris Betcher on Enough is Enough</s>
    <s>Chris Betcher on Enough is Enough</s>
    <s>Phil Bradley on Enough is Enough</s>
    <s>David Andrade on Enough is Enough</s>
    <s>Ah, Nostalgia!</s>
    <s>Select Month October 2011 September 2011 July 2011 June 2011 May 2011 April 2011 March 2011 February 2011 January 2011 December 2010 November 2010 October 2010 September 2010 August 2010 July 2010 June 2010 May 2010 April 2010 March 2010 February 2010 January 2010 December 2009 November 2009 October 2009 September 2009 July 2009 June 2009 May 2009 April 2009 March 2009 February 2009 January 2009 December 2008 November 2008 October 2008 September 2008 August 2008 July 2008 June 2008 May 2008 April 2008 March 2008 February 2008 January 2008 December 2007 November 2007 October 2007 September 2007 August 2007 July 2007 June 2007 May 2007 April 2007 February 2007 January 2007 December 2006 November 2006 October 2006 September 2006 August 2006</s>
    <s>Posts you apparently liked </s>
    <s>1. 100% Tiny Bursts of Learning</s>
    <s>2. 94% You Don't Have To Like It</s>
    <s>3. 45% Taking control of your Calendars: Part 2</s>
    <s>4. 40% Taking control of your Calendars: Part 1</s>
    <s>5. 40% The Cloud</s>
    <s>6. 35% Teaching Kids To Think Using Scratch</s>
    <s>7. 31% The Interactive Teaching and Learning Masterclass Conference</s>
    <s>8. 31% Not Opinions. Facts.</s>
    <s>9. 30% Name that Network</s>
    <s>10. 29% Is the live lecture dead?</s>
    <s>The way I see things</s>
    <s>More Photos</s>
    <s>Site Admin</s>
    <s>Log in</s>
    <s>Entries RSS</s>
    <s>Comments RSS</s>
    <s>Copyright (C) 2011 BetchablogPowered by WordPress</s>
    <s>Lightword Theme by Andrei Luca Go to top ↑</s>
    <s>*RSS: Really Simple Syndication</s>
  </text>
</page>
