<?xml version="1.0" encoding="UTF-8"?>
<!DOCTYPE page SYSTEM "page.dtd">
<page>
  <lang>en</lang>
  <url>http://en.wikipedia.org/wiki/University_of_Toledo</url>
  <title>University of Toledo - Wikipedia, the free encyclopedia</title>
  <snippet>
    <s>The University&#39;s sports teams play in the Mid-American Conference. Among other sports, Toledo consistently fields strong cross country and distance running </s>
  </snippet>
  <text>
    <s>University of Toledo</s>
    <s>From Wikipedia, the free encyclopedia</s>
    <s>Jump to: navigation, search</s>
    <s>This article needs additional citations for verification. Please help improve this article by adding citations to reliable sources. Unsourced material may be challenged and removed. (June 2009)</s>
    <s>For other universities that use the UT mnemonic, see UT.</s>
    <s>The University of Toledo</s>
    <s>Coadyuvando El Presente, Formando El Porvenir (Spanish for &quot;Guide to the Present, Moulder of the Future&quot;)</s>
    <s>$136.8 million</s>
    <s>Lloyd A. Jacobs</s>
    <s>Academic staff</s>
    <s>Toledo, OH, USA</s>
    <s>Varsity Football Div 1A, Men's and Women's Basketball Div 1, Men's Baseball Div 1, Women's Softball, Swimming, Diving, Field Hockey, Soccer, Track and Field,Crew Team</s>
    <s>Midnight Blue and Gold</s>
    <s>Rocky the Rocket</s>
    <s>The University of Toledo is a public university in Toledo, Ohio, United States. The Carnegie Foundation classified the university as &quot;Doctoral/Research Extensive.&quot;</s>
    <s>1 National recognition</s>
    <s>2 History</s>
    <s>2.1 1992 Murder of Pi Beta Phi Sorority Sister Melissa Anne Herstrum</s>
    <s>2.2 Recent developments (1992-2008)</s>
    <s>3 The Wright Center for PVIC</s>
    <s>4 Academics</s>
    <s>5 Campus sustainability</s>
    <s>6 Athletics</s>
    <s>7 Notable alumni</s>
    <s>8 Notes</s>
    <s>9 References</s>
    <s>10 External links</s>
    <s>[edit] National recognition</s>
    <s>Newsweek featured an article on Xunming Deng, a physics professor at the University of Toledo, on the state-of-the-art research being conducted on solar technology at the University of Toledo and the surrounding Toledo area.</s>
    <s>[edit] History</s>
    <s>[edit] 1992 Murder of Pi Beta Phi Sorority Sister Melissa Anne Herstrum</s>
    <s>On Jan. 26, 1992, 19-year-old Melissa Anne Herstrum, was killed by university police officer Jeffrey Hodge on the University of Toledo’s Scott Park Campus.</s>
    <s>[edit] Recent developments (1992-2008)</s>
    <s>After a protracted protest by students, staff, faculty and community members; the board of trustees of the university agreed to include domestic partner benefits in the health care portion of the contract for faculty and staff with an effective start date of April 1, 2006. This development made the University of Toledo the first state university to begin covering domestic partners after the passage of Ohio Issue 1, several others had partner benefits before and continued them after the ban. The protest gained momentum after November 2004, when issue 1 was voted into law as an Ohio Constitutional amendment but began over a decade earlier with the work of several faculty members.</s>
    <s>On March 31, 2006, Governor Bob Taft signed House Bill 478, which merged the University of Toledo with the Medical University of Ohio. The merger became effective on July 1, 2006. The institution retained the University of Toledo name, and the former Medical University of Ohio facilities are referred to as the Health Science Campus. Toledo became the third largest public university in Ohio in terms of its operating budget, as well as one of only 17 public universities in the country that has colleges of business, education, engineering, law, medicine and pharmacy. As a result of this merger, the College of Pharmacy will be one of only 45 American Colleges of Pharmacy located in an academic health science center. The college's &quot;Future of Pharmacy&quot; campaign (2008–2010) was initiated to raise scholarship and equipment funds for the college's expansion into a new building on the health science campus, an expansion that will increase educational and research opportunities for students and faculty.</s>
    <s>[edit] The Wright Center for PVIC</s>
    <s>The University of Toledo (UT)has assembled a team of faculty whose research involved establishing science and technology platforms employing second and third generation photovoltaics (PV) materials and devices tailored for applications in clean electricity generation. The three primary locations of the Wright Center for Photovoltaics Innovation and Commercialization (PVIC) include The University of Toledo, The Ohio State University, and Bowling Green State University.</s>
    <s>The Center's research is focused on improving large area materials and devices, increasing the efficiency of solar technologies, and lowering production costs - with the ultimate goal of increasing the number of solar-powered electrical generation systems in homes, businesses, and utilities, as well as supporting the nation's defense and aerospace needs for advanced solar energy systems.</s>
    <s>Fields of study in photovoltaics include Physics, Chemistry, Materials Science and Engineering, Optical Engineering, Chemical Engineering, Mechanical Engineering, Architectural and Civil Engineering, Industrial Engineering, Biological Sciences, Atmospheric Sciences, Remote Sensing, Computer Science, and Mathematics.</s>
    <s>Job opportunities in the photovoltaic industry range from entry level to management, in both the scientific and non-scientific fields such as research and development, engineering, manufacturing, design, construction, information technology, communication, education, marketing, finance, accounting, administration, and sales.</s>
    <s>[edit] Academics</s>
    <s>This section requires expansion.</s>
    <s>The University of Toledo, as of 2006, offers over 250 academic programs; all are a part of the University's 10 colleges: Arts and Sciences, Business and Innovation, Education, Engineering, Health Science and Human Service, Law, Medicine, Nursing, Pharmacy, and University of Toledo's University College.</s>
    <s>In 2006, The Princeton Review named the University of Toledo College of Engineering Graduate School as the 18 engineering graduate school in the United States.</s>
    <s>In the Spring Semester of 2007, President Lloyd Jacobs announced that the tuition for the 2007-2008 academic year would remain the same as it was in the 2006-2007 school year. This was the first time in 33 years that the University of Toledo did not raise tuition costs. This move was made to counter the statewide trend of steadily increasing four-year college tuition costs.</s>
    <s>[edit] Campus sustainability</s>
    <s>In April 2009, Aramark Higher Education, the dining service of the University of Toledo, launched the “Green Stakes” campaign. The campaign will make dining more sustainable by using recycled products, using less water, offer more sustainable food options, and implement a re-use container program. The university is also in the process of converting the Scott Park Campus to create a campus devoted solely to sustainable research, including a solar panel field and a series of wind turbines.</s>
    <s>[edit] Athletics</s>
    <s>Main article: Toledo Rockets</s>
    <s>The University of Toledo's athletic teams play as the Rockets, and uniforms sport the colors midnight blue and gold. The University's sports teams play in the Mid-American Conference. The Rockets football team holds nine Mid-American Conference Championships, in 1969, 1970, 1971, 1981, 1984, 1990 (co-champs with Western Michigan), 1995, 2001, and 2004. The Toledo Crew team although a club team is widely known. Glenn Smith aka the x-factor, often noted as having the fastest erg times ever is known as the toledo crew teams claim to fame.</s>
    <s>Toledo's principal football rivals are the Falcons of Bowling Green State University. The two teams play for a trophy each year known as the Peace Pipe, a prize that originated in basketball but progressed to football in 1980. BGSU currently holds a 39-33-4 advantage over the Rockets, with Toledo winning the most recent contest, 33-14.</s>
    <s>Toledo Men's Tennis Team has shown a big improvement in last few years under the supervision of Head Coach Al Wermer. In the season of 2009, the team finished 2nd in regular season with an 17-10 record, and reached the finals of the MAC tournament for the first time in 35 years.</s>
    <s>The University of Toledo also has an official spirit crew known as Blue Crew. They attend numerous athletic events and are present throughout the community.</s>
    <s>The University of Toledo Rocket Marching Band performs a pre-game show and halftime show at all home football games in the Glass Bowl. The band program at the University of Toledo is directed by Dr. Jason Stumbo and Mr. Rick Napierala.</s>
    <s>Toledo Rockets football will be playing in the Little Caesars Bowl December, 26, 2010 against Florida International.</s>
    <s>Among other sports, Toledo consistently fields strong cross country and distance running teams; Briana Shook '04, who was also an assistant track coach at the school, held the American record for the steeplechase. The women's cross country has won three MAC Championships (2001, 2002, 2010) and three MAC Runner-up finishes (2003, 2005, 2009). The women's cross country team finished 28th at the NCAA Championships in 2010.</s>
    <s>The UT rockets have the second longest winning streak in division 1-A football history (1969–1971) 35-0.</s>
    <s>The Toledo Rockets men's basketball team was the 2006-07 Mid-American Conference champion under Head Coach Stan Joplin, a former star player for the Rockets during the late 1970s, and was an assistant coach from 1984-90. He was fired after slumping to a 11-19 record in 2007-08.</s>
    <s>Men's Basketball Receives NCAA Award For High Academic Performance Toledo tied for third-best APR mark in nation and leads MAC for second straight year. The University of Toledo men's basketball program ranks at the top of the Mid-American Conference for a second straight year in the National Collegiate Athletic Association's Academic Performance Rating (APR) release this week. Toledo's 994 rating is tied for third place among all NCAA Division I men's basketball programs and trails only Columbia and Davidson.</s>
    <s>The University of Toledo is also nationally recognized for its club sports. These sports include bowling, fencing, ice hockey, men's lacrosse, men's soccer, crew, sailing, tennis, ultimate disc, wilderness expedition, women's basketball, women's lacrosse, women's soccer, wrestling, and women's volleyball.</s>
    <s>A few recent accomplishments of the University of Toledo Sport Club accomplishments include: 3 individual wrestling national championships (2006–2008) by Adam Murray, ACHA Division II National Championship from the Ice Hockey Team (1992), and 3 Midwest-Collegiate Sailing Association Championships (1950, 2008,2009), and 2 Inter-Collegiate Sailing Association National Championship appearances (2008,2009) by the Sailing Team.</s>
    <s>In the Spring of 2011, the University of Toledo women's basketball team won the WNIT, becoming the first MAC team in any sport to win a conference in modern times.</s>
    <s>[edit] Notable alumni</s>
    <s>Main article: List of University of Toledo people</s>
    <s>[edit] Notes</s>
    <s>1. ^ As of June 30, 2009. &quot;U.S. and Canadian Institutions Listed by Fiscal Year 2009 Endowment Market Value and Percentage Change in Endowment Market Value from FY 2008 to FY 2009&quot; (PDF). 2009 NACUBO-Commonfund Study of Endowments . National Association of College and University Business Officers. http://www.nacubo.org/Documents/research/2009 NCSE Public Tables Endowment Market Values.pdf. Retrieved March 8, 2010.</s>
    <s>2. ^ The Power Of the Sun | Newsweek Technology | Newsweek.com</s>
    <s>3. ^ Kalmes, Justin R. (January 26, 2007). &quot;Herstrum’s life casts echoes 15 years after brutal murder&quot;. Toledo Free Press . http://www.toledofreepress.com/2007/01/26/herstrums-life-casts-echoes-15-years-after-brutal-murder/. Retrieved 16 October 2011.</s>
    <s>4. ^ utrockets.com</s>
    <s>[edit] References</s>
    <s>&quot;The University of Toledo - History&quot;. History of The University of Toledo . Archived from the original on 2005-04-03. http://web.archive.org/web/20050403072837/http://www.utoledo.edu/index.asp?id=71. Retrieved 2005-05-20.</s>
    <s>&quot;The Princeton Review&quot;. The Princeton Review Top 20 Graduate Engineering Programs . http://www.princetonreview.com/grad/research/articles/find/engineering.asp. Retrieved 2006-10-29.</s>
    <s>[edit] External links</s>
    <s>University of Toledo Home Page</s>
    <s>University of Toledo Medical Center Home Page</s>
    <s>University of Toledo Rockets Official Athletics Home Page</s>
    <s>University of Toledo Sport Clubs Home Page</s>
    <s>University of Toledo College of Pharmacy Home Page</s>
    <s>125 Years of the University of Toledo</s>
    <s>Walking Tour of the University of Toledo</s>
    <s>The University of Toledo Library System</s>
    <s>The Center for Photovoltaics Innovation and Commercialization (PVIC)</s>
    <s>UT Matters Educational site</s>
    <s>Toledo Rockets Hockey</s>
    <s>v · d · eToledo, Ohio</s>
    <s>Catholic Diocese · City League · Climate · Government · Mayors · Media · Metropolitan Area · Port Authority · Rivers (Maumee · Ottawa) · TARTA · Terrorism · Toledo War</s>
    <s>Arboretum · ARCA 200 · Art Museum · Huntington Center · Express Airport · Fifth Third Field · Fort Meigs · Imagination Station · Inverness Club · Library · Lighthouse · Maumee Bay · Mud Hens · One SeaGate · Sculpture in the Park · Speedway · Sports Arena · Stranahan Theater · Raceway Park · Suburban Airport · Symphony Orchestra · Yacht Club · Zoo</s>
    <s>Bend View · Blue Creek · Fallen Timbers · Botanical Garden · Farnsworth · Oak Openings · Pearson's · Providence · Secor · Side Cut · Swan Creek · Wildwood</s>
    <s>Shopping malls</s>
    <s>Westfield Franklin Park · The Shops at Fallen Timbers · Woodville Mall · North Towne Square (defunct) · Southwyck Mall (defunct)</s>
    <s>Toledo Complex · The Blade · The Village Voice · Toledo Free Press · Jeep · Toledo Transmission</s>
    <s>St. Anne · St. Charles · St. Vincent · St. Vincent Children's</s>
    <s>Bay Park · Flower · St. Luke's · Toledo · Toledo Children's</s>
    <s>Catholic · Public</s>
    <s>Bowling Green State University · Davis College · Lourdes College · Mercy College of Northwest Ohio · Monroe County Community College · Owens Community College · Professional Skills Institute · Stautzenberger College · Toledo Academy of Beauty · University of Toledo</s>
    <s>Allen Twp. · Assumption · Bedford Twp. · Berkey · Bowling Green · Clay Twp. · Delta · Elmore · Erie Twp. · Genoa · Holland · Jerusalem Twp. · Lake Twp. · Lambertville · Luna Pier · Lyons · Maumee · Metamora · Millersville · Monclova Twp. · Monroe · Northwood · Oregon · Ottawa Hills · Perrysburg · Perrysburg Twp. · Providence Twp. · Rossford · Springfield Twp. · Swanton · Sylvania · Sylvania Twp. · Temperance · Walbridge · Waterville · Wauseon · Whiteford Twp. · Whitehouse · Woodville</s>
    <s>v · d · eMid-American Conference</s>
    <s>East Division</s>
    <s>Akron Zips • Bowling Green Falcons • Buffalo Bulls • Kent State Golden Flashes • Miami RedHawks • Ohio Bobcats</s>
    <s>West Division</s>
    <s>Ball State Cardinals • Central Michigan Chippewas • Eastern Michigan Eagles • Northern Illinois Huskies • Toledo Rockets • Western Michigan Broncos</s>
    <s>Chicago State (men's tennis) • Evansville (men's swimming and diving) • Florida Atlantic (men's soccer) • Hartwick (men's soccer) • UMass (football, 2012) • Missouri State (field hockey, men's swimming and diving) • Southern Illinois (men's swimming and diving) • Temple (football)</s>
    <s>2007–08 • 2008–09 • 2009–10</s>
    <s>Championships &amp; awards</s>
    <s>Conference champions</s>
    <s>v · d · eUniversity System of Ohio</s>
    <s>Akron • Bowling Green • Central State • Cincinnati • Cleveland State • Kent State • Miami • Northeast Ohio Medical University • Ohio State • Ohio • Shawnee State • Toledo • Wright State • Youngstown State</s>
    <s>Retrieved from &quot;http://en.wikipedia.org/w/index.php?title=University of Toledo&amp;oldid=455900797&quot;</s>
    <s>Educational institutions established in 1872</s>
    <s>University of Toledo</s>
    <s>Association of Public and Land-Grant Universities</s>
    <s>American Association of State Colleges and Universities</s>
    <s>Mid-American Conference</s>
    <s>Urban 13 universities</s>
    <s>North Central Association of Colleges and Schools</s>
    <s>Buildings and structures in Toledo, Ohio</s>
    <s>Visitor attractions in Toledo, Ohio</s>
    <s>Education in Toledo, Ohio</s>
    <s>Hidden categories:</s>
    <s>Articles needing additional references from June 2009</s>
    <s>All articles needing additional references</s>
    <s>Articles to be expanded from May 2008</s>
    <s>All articles to be expanded</s>
    <s>Personal tools</s>
    <s>Log in / create account</s>
    <s>View history</s>
    <s>Main page</s>
    <s>Featured content</s>
    <s>Current events</s>
    <s>Random article</s>
    <s>Donate to Wikipedia</s>
    <s>About Wikipedia</s>
    <s>Community portal</s>
    <s>Recent changes</s>
    <s>Contact Wikipedia</s>
    <s>What links here</s>
    <s>Related changes</s>
    <s>Upload file</s>
    <s>Special pages</s>
    <s>Permanent link</s>
    <s>Cite this page</s>
    <s>Create a book</s>
    <s>Download as PDF</s>
    <s>Printable version</s>
    <s>‪Norsk (bokmål)‬</s>
    <s>Simple English</s>
    <s>This page was last modified on 16 October 2011 at 20:28.</s>
    <s>Text is available under the Creative Commons Attribution-ShareAlike License; additional terms may apply. See Terms of use for details.</s>
    <s>Wikipedia® is a registered trademark of the Wikimedia Foundation, Inc., a non-profit organization.</s>
    <s>Contact us</s>
    <s>Privacy policy</s>
    <s>About Wikipedia</s>
    <s>Mobile view</s>
    <s>Please use the preview button before saving. e)</s>
  </text>
</page>
