<?xml version="1.0" encoding="UTF-8"?>
<!DOCTYPE page SYSTEM "page.dtd">
<page>
  <lang>en</lang>
  <url>http://fefe.arizona.edu/node/1539</url>
  <title>2011 FEFE Conference Participants | Family Economics and ...</title>
  <snippet>
    <s>Jun 27, 2011 2011 FEFE Conference Participants. You must Especially when it comes to abstract things like web 2.0 projects, jingles, etc. Do you have any </s>
  </snippet>
  <text>
    <s>!CONTACT US</s>
    <s>!SIGN IN | CREATE AN ACCOUNT</s>
    <s>About FEFE</s>
    <s>By Educators For Educators</s>
    <s>National Master Educators</s>
    <s>State Educator Team</s>
    <s>TCAI Research</s>
    <s>Consumer Jungle</s>
    <s>Become Our Partner</s>
    <s>FEFE History</s>
    <s>FEFE Team</s>
    <s>Teaching Family Finance</s>
    <s>New to FEFE?</s>
    <s>Navigating the FEFE Curriculum</s>
    <s>Curriculum Types</s>
    <s>Introductory Lessons</s>
    <s>Advanced Lessons</s>
    <s>45 Minute Lessons</s>
    <s>Finance Simulations</s>
    <s>Active Learning Tools</s>
    <s>Enhancement Tools</s>
    <s>Bulletin Boards</s>
    <s>Integrating Finance</s>
    <s>Family Finance Courses</s>
    <s>Content Specific Course Support</s>
    <s>Integrating Technology</s>
    <s>Search Free Lesson Plans</s>
    <s>State and National Standards</s>
    <s>Educator Support</s>
    <s>Building Local Partners</s>
    <s>Promoting Your Program</s>
    <s>State Resources</s>
    <s>Professional Development</s>
    <s>Content Update Trainings</s>
    <s>National Training</s>
    <s>East Coast Training</s>
    <s>New &amp; Updated Resources</s>
    <s>Specialized Trainings</s>
    <s>FREE Online Support</s>
    <s>Credit Scoring</s>
    <s>Think Nudge</s>
    <s>Community of Practice</s>
    <s>FEFE Online Community</s>
    <s>Demonstrations and Samples</s>
    <s>Lesson Plan Demonstrations</s>
    <s>Classroom Samples</s>
    <s>Become a Partner</s>
    <s>Download Free Lesson Plans</s>
    <s>Become Our Partner</s>
    <s>My Groups</s>
    <s>Not a member of any groups.</s>
    <s>Join the FEFE community here</s>
    <s>2011 FEFE Conference Participants</s>
    <s>You must register or login in order to post into this group.</s>
    <s>2011 FEFE Conference Participants</s>
    <s>Hopefully we can connect with new friends and share ideas that we learned from our time at the conference :)</s>
    <s>FEFE In the classroom - Year 1</s>
    <s>Submitted by michellek on Tue, 10/11/2011 - 12:22pm</s>
    <s>My nine weeks ends Friday, how about anyone else? Feeling a little crunched for time? I have completed many items already, getting ready to jump into grocery shopping and depository unitsAnyone feeling a little overwhelmed and need a little boost? Please post question, I will be glad to answerMichelle Keech NME Tremont, IL</s>
    <s>Login or register to post comments</s>
    <s>Student or Teacher Samples</s>
    <s>Submitted by shellyfefe@hotm on Sat, 09/24/2011 - 8:42pm</s>
    <s>Students seem to create much better products when they have amazing examples to look at. Especially when it comes to abstract things like web 2.0 projects, jingles, etc. Do you have any great student or teacher examples you would be willing to share?</s>
    <s>26 comments</s>
    <s>Hi everyone!</s>
    <s>Submitted by a4smith on Mon, 06/27/2011 - 9:39pm</s>
    <s>I did not see a lot of choices for groups so I decided to form one where all of us could share ideas and keep in touch with those we have met from around the world here in Tucson</s>
    <s>11 comments</s>
    <s>A collaborative project among:</s>
  </text>
</page>
