<?xml version="1.0" encoding="UTF-8"?>
<!DOCTYPE page SYSTEM "page.dtd">
<page>
  <lang>en</lang>
  <url>http://aclweb.org/portal/content/ijcnlp-2011-5th-international-joint-conference-natural-language-processing</url>
  <title>IJCNLP 2011: The 5th International Joint Conference on Natural ...</title>
  <snippet>
    <s>Dec 14, 2010 November 09 - 11, 2011 Conference period. Organizing Committee. Honorary Conference Chair Thaweesak Koanantakool (NSTDA, Thailand) </s>
  </snippet>
  <text>
    <s>Member Portal</s>
    <s>ACL News</s>
    <s>ACL Wiki</s>
    <s>ACL Member Portal</s>
    <s>The Association for Computational Linguistics Member Portal</s>
    <s>Home -&gt; IJCNLP 2011: The 5th International Joint Conference on Natural Language Processing</s>
    <s>IJCNLP 2011: The 5th International Joint Conference on Natural Language Processing</s>
    <s>Submitted by kevin on 14 December 2010 - 12:59pm</s>
    <s>Natural Language Processing</s>
    <s>Abbreviated Title:</s>
    <s>IJCNLP 2011 CFP</s>
    <s>Call for Papers</s>
    <s>Submission Deadline:</s>
    <s>20 May 2011</s>
    <s>Event Dates:</s>
    <s>8 Nov 2011 - 13 Nov 2011</s>
    <s>Shangri-La Hotel</s>
    <s>Chiang Mai</s>
    <s>Call for Papers</s>
    <s>The 5th International Joint Conference on Natural Language Processing (IJCNLP2011)</s>
    <s>November 8-13, 2011</s>
    <s>Shangri-La Hotel, Chiang Mai, Thailand</s>
    <s>The 5th International Joint Conference on Natural Language Processing, organized by the Asian Federation of Natural Language Processing will be held in Chiang Mai, Thailand on November 8-13, 2011. The conference will cover a broad spectrum of technical areas related to natural language and computation. IJCNLP 2011 will include full papers, short papers, oral presentations, poster presentations, demonstrations, tutorials, and workshops.</s>
    <s>IJCNLP 2011 invites the submission of papers on original and unpublished research on all aspects of language processing and computational linguistics,including, but not limited to:</s>
    <s>Phonology/morphology, tagging and chunking, and word segmentation</s>
    <s>Grammar induction and development</s>
    <s>Parsing algorithms and implementations</s>
    <s>Mathematical linguistics and grammatical formalisms</s>
    <s>Lexical and ontological semantics</s>
    <s>Formal semantics and logic</s>
    <s>Word sense disambiguation</s>
    <s>Semantic role labeling</s>
    <s>Textual entailment and paraphrasing</s>
    <s>Discourse, dialogue, and pragmatics</s>
    <s>Language generation</s>
    <s>Machine translation</s>
    <s>Information retrieval</s>
    <s>Information extraction</s>
    <s>Sentiment analysis and opinion mining</s>
    <s>Question answering</s>
    <s>Text mining and natural language processing applications</s>
    <s>NLP in vertical domains, such as biomedical, chemical and legal text</s>
    <s>NLP on noisy unstructured text, such as email, blogs, and SMS</s>
    <s>Spoken language processing</s>
    <s>Speech recognition and synthesis</s>
    <s>Spoken language understanding and generation</s>
    <s>Language modeling for spoken language</s>
    <s>Multimodal representations and processing</s>
    <s>Rich transcription and spoken information retrieval</s>
    <s>Speech translation</s>
    <s>Statistical and machine learning methods</s>
    <s>Language modeling for text processing</s>
    <s>Lexicon and ontology development</s>
    <s>Treebank and corpus development</s>
    <s>Evaluation methods and user studies</s>
    <s>Science of annotation</s>
    <s>Important Dates</s>
    <s>May 20, 2011 Submission deadline</s>
    <s>July 22, 2011 Notification of acceptance</s>
    <s>August 19, 2011 Camera-ready submission</s>
    <s>October 28, 2011 Early Registration Deadline</s>
    <s>November 09 - 11, 2011 Conference period</s>
    <s>Organizing Committee</s>
    <s>Honorary Conference Chair</s>
    <s>Thaweesak Koanantakool (NSTDA, Thailand)</s>
    <s>General Chair</s>
    <s>Kam-Fai Wong (Chinese University of Hong Kong, Hong Kong)</s>
    <s>Program Co-Chairs</s>
    <s>Haifeng Wang (Baidu, China)</s>
    <s>David Yarowsky (John Hopkins University, USA)</s>
    <s>Organisation Co-Chairs</s>
    <s>Virach Sornlertlamvanich (NECTEC, Thailand)</s>
    <s>Hitoshi Isahara (Toyohashi University of Technology, Japan)</s>
    <s>Workshop Co-Chairs</s>
    <s>Sivaji Bandyopadhyay (Jadavpur University, India)</s>
    <s>Jong Park (KAIST, Korea)</s>
    <s>Noriko Kando (NII, Japan)</s>
    <s>Tutorial Co-Chairs</s>
    <s>Kentaro Inui (Tohoku University, Japan)</s>
    <s>Wei Gao (The Chinese University of Hong Kong, Hong Kong)</s>
    <s>Dawei Song (Robert Gordon University, UK)</s>
    <s>Demonstration Co-Chairs</s>
    <s>Ken Church (John Hopkins University, USA)</s>
    <s>Yunqing Xia (Tsinghua University, China)</s>
    <s>Publication Co-Chairs</s>
    <s>Min Zhang (I2R, Singapore)</s>
    <s>Sudeshna Sarkar (IIT Kharagpur, India)</s>
    <s>Finance Co-Chairs</s>
    <s>Vilas Wuwongse (AIT, Thailand)</s>
    <s>Gary Lee (POSTECH, Korea)</s>
    <s>Sponsorship Co-Chairs</s>
    <s>Asanee Kawtrakul (Kasetsart University, Thailand)</s>
    <s>Hiromi Nakaiwa (NTT, Japan)</s>
    <s>Publicity Committee</s>
    <s>Steven Bird (University of Melbourne, Australia)</s>
    <s>Le Sun (CIPS, China)</s>
    <s>Kevin Knight (USC, USA)</s>
    <s>Nicoletta Calzolari (Istituto di Linguistica Computazionale del CNR,Italy)</s>
    <s>Thanaruk Theeramunkong (SIIT, Thailand)</s>
    <s>Swit Phuvipadawat (Tokyo Institute of Technology, Japan)</s>
    <s>Wirat Chinnan, (SIIT, Thailand)</s>
    <s>Local Organizers</s>
    <s>National Electronics and Computer Technology Center (NECTEC, Thailand)</s>
    <s>Sirindhorn International Institute of Technology (SIIT), Thammasat University</s>
    <s>Chiang Mai University (CMU, Thailand)</s>
    <s>More Information</s>
    <s>Any question can be sent to process, e-mail: pcatijcnlp2011.org</s>
    <s>Portal Services</s>
    <s>Browse ACL Events</s>
    <s>Browse Non-ACL Events</s>
    <s>Browse the Entire Events Database</s>
    <s>Add an Event to the Database</s>
    <s>Browse the Participants List</s>
    <s>Advanced Search</s>
    <s>Contact Us</s>
    <s>My Membership</s>
    <s>Manage My Journal Alerts</s>
    <s>Manage My Event Alerts</s>
    <s>View Membership Fees</s>
    <s>Pay My Membership and/or Donate</s>
    <s>Update My Profile</s>
    <s>Other ACL Services</s>
    <s>Access the Computational Linguistics Journal</s>
    <s>Access Publishers' Discounts</s>
    <s>Visit the ACL Anthology</s>
    <s>User login</s>
    <s>Username: *</s>
    <s>Password: *</s>
    <s>Create New Member Account</s>
    <s>Request New Password</s>
    <s>Request Username Reminder</s>
    <s>Search this site:</s>
  </text>
</page>
