<?xml version="1.0" encoding="UTF-8"?>
<!DOCTYPE page SYSTEM "page.dtd">
<page>
  <lang>en</lang>
  <url>http://archives.record-eagle.com/2004/apr/28track.htm</url>
  <title>BOYS TRACK OVERVIEW: Traverse City Central eyes Big North ...</title>
  <snippet>
    <s>Apr 28, 2004 TRAVERSE CITY - TC CENTRAL has won five of the six Big North Conference boys&#39; track titles. The Trojans are looking to making it six of </s>
  </snippet>
  <text>
    <s>Home | News | Opinion | Sports | Features | Columns &amp; Blogs | Photography | Milestones | Classifieds | Special Sections | Obituaries | Archive |</s>
    <s>Region | Business | Michigan | Nation &amp; World |</s>
    <s>April 28, 2004</s>
    <s>BOYS TRACK OVERVIEW</s>
    <s>Traverse City Central eyes Big North Conference repeat</s>
    <s>Record-Eagle staff writer</s>
    <s>TRAVERSE CITY - TC CENTRAL has won five of the six Big North Conference boys' track titles.</s>
    <s>The Trojans are looking to making it six of seven this spring.</s>
    <s>Dual meet records will not count in the final standings this year - there will be a winner-take-all league meet in late May - but Central has demonstrated it has the balance to compete for another title.</s>
    <s>The Trojans have one of the most dominant runners in the Big North in sprinter Erik Burke, who owns the school record in the 100 with a time of 10.79. The senior has run a 22.4 in the 200.</s>
    <s>&quot;Without a doubt, he's among the cream of the crop,&quot; said John Lober, now in his 40th year of high school coaching. &quot;He's one of the best sprinters I have had the privilege of coaching.&quot;</s>
    <s>Burke was second in the 100 in the Division I regional last year.</s>
    <s>Burke is just one of 10 seniors on a roster of 75.</s>
    <s>&quot;This is a young team,&quot; Lober said.</s>
    <s>In addition to Burke, the Trojans return Nathan Breithaupt, who led Central to a 1-2-3 sweep in the pole vault at the league meet. Breithaupt has gone 13'6&quot; this spring. Cody Omilusik has soared 13'.</s>
    <s>Central is well stocked in the shot put and discus with Andrew Hanna, Ryan Schechter and Adam Valentino.</s>
    <s>Sophomore Cam White and junior Mike Zernow lead the way in the high jump and long jump, respectively.</s>
    <s>Zernow teams with Omilusik and Bob MacArthur to give the Trojans depth in the hurdles.</s>
    <s>White will join Burke in the sprints.</s>
    <s>Tyler Spagnuolo will run the 400 and 800. He was second in the 800 in the regional. He's covered the 800 in 1:57.7. Dominic Merica will also run the 800, along with the 1600.</s>
    <s>Harrison Beeby, Brent Miller, Erik Alanson, Ryan Harper and Adam Schwartz are also penciled in for the 1600 and 3200.</s>
    <s>&quot;One of our strengths is that we have people who can score in every event,&quot; Lober said. &quot;I feel good about this team.&quot;</s>
    <s>The year Central did not win the conference, TRAVERSE CITY WEST did. The Titans finished third a year ago.</s>
    <s>West returns a couple individual champions, Anthony Wolf in the 400 and Cullen Jamison in the discus. Wolf is also a top hurdler.</s>
    <s>The Titans tied for third in the regional last spring.</s>
    <s>Tim Kenny was the league's premier distance runner in cross country. He'll run the 800, 1600 and 3200. He was second in the 3200 in the regional and ran a sizzling 1:55 to anchor West's winning 3200 relay.</s>
    <s>Junior John Hall will also run the distances. Dave Cholger will be in middle distances.</s>
    <s>Sophomore Tony Thompson has already won races at 400 and 800 meters this spring.</s>
    <s>Like Central, West has a young squad.</s>
    <s>&quot;Seventy-five percent of the team's underclassmen,&quot; Titans coach Jerry Ruskowski said. &quot;We have a lot of freshmen, a lot of sophomores. We'll be a different team in a couple weeks - once we get some meets in.&quot;</s>
    <s>PETOSKEY is the team that seems primed to make a run at ending Traverse City's domination. The Northmen beat West in a dual meet and won the Falcon Invitational last weekend.</s>
    <s>Sophomore Van Tate is a standout in the distances. He was second to Kenny in cross country.</s>
    <s>The Northmen will also count heavily on Keith Sterly in the shot put and discus, Corbin Donaldson in the hurdles, Matt Hewson in the sprints, Jordan Munson in the 400 and Justin Szajnecki in the high jump and long jump.</s>
    <s>LAKE MICHIGAN</s>
    <s>HARBOR SPRINGS won the Lake Michigan Conference last spring and the Rams return a good nucleus.</s>
    <s>In fact, Harbor Springs destroyed the competition Monday in the Boyne Rotary Invitational - a meet that brought all the league teams together.</s>
    <s>The Rams finished with 166 points. Charlevoix was a distant second with 86.</s>
    <s>Harbor Springs has a talented cast that includes James Loubert, Mark Morse, Josh Hofbauer, Jake Kloss and Luke Rondel.</s>
    <s>Loubert was the league's discus and shot put champ. Morse was the high jump champ. Hofbauer and Kloss led the Rams to a state cross country championship in the fall.</s>
    <s>Kloss and Rondel were on the 3200 relay that finished second in the state.</s>
    <s>At Boyne, Kloss captured the 800 and 1600 , Hofbauer took the 3200 and sprinter Danny Edgers the 200. Edgers was second in the 100.</s>
    <s>CHARLEVOIX, second last year, appears the closest challenger.</s>
    <s>Key returnees include Kyle Kramer and Ben Bergmann. Kramer won the league 100 and 200 last year while Bergmann claimed the 300 hurdles. The versatile Kramer, a state qualifier in the pole vault two years ago, won the 110 hurdles and took third in the discus at Boyne.</s>
    <s>Jeff Urban, who has had to overcome a football injury, won the 100 Monday.</s>
    <s>The Rayders also welcomed Scott Friske out this spring. The All-State basketball player is throwing the shot put and discus.</s>
    <s>GRAYLING, in its first year in the league, has surprised some coaches with its early showing. The Vikings are led by Tyler Cragg in the 400 and Ryan Schmidt in the hurdles</s>
    <s>KALKASKA features one of the more explosive sprinters in the league in Drew Gillespie.</s>
    <s>BOYNE CITY'S Randall Sutton is back. He was the league's long jump champ last spring. Ian Smith in the 800 and John Kurtz in the hurdles will be point producers, too.</s>
    <s>ST. FRANCIS is led by hurdler Egan Quinn and distance runner Nate Farley.</s>
    <s>EAST JORDAN is paced by hurdler Kyle Daneff and high jumper Rhett Malpass.</s>
    <s>KINGSLEY won its third consecutive Northwest Conference crown last year and will be the team to beat again.</s>
    <s>The Stags have been getting contributions from numerous athletes this spring. Leading the way: Jason Darling in the 100 and long jump; Sean Frentner in the 400, 800 and high jump; Chris Baier in the 1600 and 3200; Nick Weber and Aaron Bott in the shot put and discus; Drew Wyse in the hurdles and discus; and Jack Richards in the middle distances.</s>
    <s>SUTTONS BAY was a close second to the Stags a year ago but lost Jason Stewart to graduation.</s>
    <s>The Norsemen are led by hurdler Patrick Harrelson, distance runner Jeff Kohler, pole vaulter Dan McKisson and sprinter Steve Brockman.</s>
    <s>If Stewart was the league's top performer last year, GLEN LAKE'S Andrew Kemp might be this spring. Kemp has been dominant in the shot put and discus. He recently set a school record in the discus with a toss of 157'3&quot;. He's also done well in the long jump and 100. Kemp was the league champ in the discus. Teammate Tom King is back. He won the 3200 a year ago.</s>
    <s>MANTON, third a year ago, has a solid team with two defending league champs leading the charge. Stephen Labuda won the 300 hurdles and Ryan Newson the 110 hurdles. Labuda was third in the state. The Rangers also have a formidable duo in sprints with Matt Schwab and Leroy Zagata and in the throws with Joe Stockwell and Justin Paquett. Josh Woodcock is the team's top pole vaulter and long jumper.</s>
    <s>FRANKFORT is usually strong in relays and that should be the case again. Brad Nostrandt, Kris Snyder and Cory Lietaert key the relays. Football standout Greg Walton runs sprints and also throws the shot put and discus.</s>
    <s>MESICK has been paced by Jim Breitmeyer in the 400 and Rey Soto in the 200.</s>
    <s>SKI VALLEY</s>
    <s>PELLSTON has looked sharp early. The Hornets recently won a five-team league meet at Inland Lakes.</s>
    <s>Pellston is led by Matt Buhr in the hurdles and high jump, Mike Buhr in the 100 and 200 and Lee Dyer in the 1600 and pole vault.</s>
    <s>CENTRAL LAKE will rely on All-State distance runner Stephan Shay, who has already broken his brother Ryan's school record in the 400. Shay won the 3200 at the Division 4 state meet. Wes Eggebrecht has had a strong early spring in the high jump, long jump and 400. Michael Boni in the 3200 and Ernie Shove in the sprints have been key contributers, too.</s>
    <s>BELLAIRE will be one of the top teams in the Ski Valley. The Eagles feature Adam Puroll, a threat in the 100, 200 and long jump; and Jim Folker, who excels in the shot put and discus.</s>
    <s>JOHANNESBURG'S Dale Tusek has been an early star for the Cardinals, scoring in the hurdles and discus.</s>
    <s>GAYLORD ST. MARY has a top distance runner in Ben Tarbutton. FOREST AREA features pole vaulter in Adam Sieting.</s>
    <s>Defending Division 3 state shot put champion John Plumstead leads BENZIE CENTRAL. Plumstead, who also throws the discus and runs the sprints, had a state-best toss of 57'11&quot; in the shot a year ago. Preston Bellows gives the Huskies another threat in the throws. Ben Miller is a top distance runner.</s>
    <s>BUCKLEY has one of the top distance runners in the area in Takis Pifer. He's been running the 800 and 1600. Josh Stanley is a point producer in the shot put and discus.</s>
    <s>McBAIN is strong in shot put and discus with Darin Bazuin and Alex Gilde.</s>
    <s>!Premier Guide</s>
    <s>!Find a business</s>
    <s>!Walking Fingers</s>
    <s>Maps, Menus, Store hours, Coupons, and more </s>
    <s>!Premier Guide</s>
    <s>Popular business directory searches</s>
    <s>Auto Dealers</s>
    <s>Auto Parts</s>
    <s>Auto Repair</s>
    <s>Beauty Salons</s>
    <s>Car Rental</s>
    <s>Tax Preparation</s>
    <s>Find a new or used car</s>
    <s>Find a new home</s>
    <s>Find a new job</s>
    <s>Top Autos &amp; More</s>
    <s>Top Stuff</s>
    <s>Top Real Estate</s>
    <s>Top Rentals</s>
    <s>=90&amp;t= blank</s>
    <s>h=90&amp;t= blank</s>
    <s>=250&amp;t= blank</s>
    <s>h=250&amp;t= blank</s>
  </text>
</page>
