<?xml version="1.0" encoding="UTF-8"?>
<!DOCTYPE page SYSTEM "page.dtd">
<page>
  <lang>en</lang>
  <url>http://gita.org/events/oil_gas/08/cfp.asp</url>
  <title>GITA&#39;s GIS for Oil &amp; Gas Conference: Call for Papers</title>
  <snippet>
    <s>Each speaker will receive a complimentary registration to the 2008 GIS for Oil &amp; Gas Conference; in addition, all accepted papers will be published in the </s>
  </snippet>
  <text>
    <s>MEMBERS ONLY LOGIN</s>
    <s>User Name:</s>
    <s>Join Our E-mail List</s>
    <s>Find Us On:</s>
    <s>Call for Papers</s>
    <s>The Call for Papers deadline has passed.</s>
    <s>Thank you to all who submitted your ideas--we received a record-breaking 105 abstracts this year</s>
    <s>The Call for Paper Deadline was April 21, 2008</s>
    <s>Quick Links:</s>
    <s>Download a PDF of the Call for Papers</s>
    <s>See Submission Topics</s>
    <s>An Invitation to Present</s>
    <s>GITA is pleased to invite you to participate in the 17th Annual GIS for Oil &amp; Gas Conference. Set for September 21-24, 2008, in Houston, Texas, the</s>
    <s>conference will provide opportunities for you to share your knowledge with an audience of hundreds of industry professionals. The GIS for Oil &amp;</s>
    <s>Gas Conference is the only event of its kind--nowhere else can oil and gas professionals get targeted, high-quality information that will help</s>
    <s>them maximize their geospatial information. Join the prestigious group of presenters who provide valuable information about real-worldapplications of GIS technology in the energy industry..</s>
    <s>Each speaker will receive a complimentary registration to the 2008 GIS for Oil &amp; Gas Conference; in addition, all accepted papers will be published in the Conference Proceedings.</s>
    <s>Who Will Be Attending</s>
    <s>GIS Analysts (Right-of-Way Analysts) • Technicians • Project Coordinators • Geotech/Geophysical support • Drilling Engineers • Surface/Land Managers • Web Developers • Database Administrators • GIS Managers • Spatial Data Managers • Programmers • Application Developers • GIS Developers • System Integrators • Drilling Managers • Seismic Managers • Right-of-Way Managers • Tax Managers • Emergency Response</s>
    <s>Personnel • Oil and Gas Operators • Pipeline Managers • Engineers and Constructors • Mapping Professionals • Gas/Power Marketers • Safety and Compliance Officers • Local Distribution Company (LDC) Managers and Staff • Landmen • Distribution Staff • Information Systems Staff • Exploration and Production Managers • Tax and Plant Accounting Personnel • Environmental Coordinators • Corrosion and Cathodic</s>
    <s>Protection Staff • Risk Analysis Personnel • Geoscientists • Risk and Integrity Engineers • Other Personnel Benefiting From Geospatial Technology</s>
    <s>The GIS for Oil &amp; Gas Conference is devoted to technologies that have potential applications in:</s>
    <s>Exploration &amp; Production</s>
    <s>Gathering Systems</s>
    <s>Public Awareness</s>
    <s>Environmental Systems</s>
    <s>Local Distribution</s>
    <s>• Marketing</s>
    <s>Abstract Format</s>
    <s>Speaker Information: List the names of presenter and copresenters, organization, and complete address,</s>
    <s>including phone, fax, and e-mail. Please note that only presenters and copresenters listed on the abstract form may present at the</s>
    <s>conference. Unfortunately, substitutions cannot be made, so be sure to list all copresenters.</s>
    <s>Presentation Information: List the title of the abstract (7-word limit), and be sure to indicate the</s>
    <s>audience for which your presentation is most appropriate:</s>
    <s>● 1. Managers</s>
    <s>● 2. Developers</s>
    <s>● 3. End Users</s>
    <s>Next, please indicate which subject matter topic(s) your paper will address. Then, please write three concise learning objectives for your presentation, focusing on what the participant will gain from your presentation. Please keep each objective to 10 words or less. Then, write two clear, concise descriptions of the presentation. The 200-word description is for the committee to review and rate. If your abstract is</s>
    <s>accepted, the 75-word description will be included in the conference program. Finally, fill out the agreement/publication permission form.It is your responsibility to confirm that your abstract was received, so please give us a call to make sure we received it.</s>
    <s>All lead presenters will receive a complimentary full conference registrationPlease assist us in providing quality, unbiased education by adhering to our philosophy that all presentations be non-commercial. Speakers whose abstracts are accepted will be asked to submit their papers and PowerPoint presentations for inclusion in the Conference Proceedings. Detailed written paper submission requirements and presentation</s>
    <s>guidelines will be sent following abstract acceptance. The Conference Committee will review all papers and speakers may be asked to edit their papers as needed.</s>
    <s>Paper Editing</s>
    <s>The Conference Committee will review all papers and speakers may be asked to edit their papers as needed. Edited papers must be returned to GITA by July 31, 2008, for inclusion in the Conference Proceedings.</s>
    <s>Selection Criteria</s>
    <s>Basic Theme : The abstract must convey the basic theme of the presentation.</s>
    <s>Value of the Subject : The presentation scope and originality must be of interest to a significant number of expected conference attendees.</s>
    <s>Topic : Presentations can address one of the key focus areas listed below.</s>
    <s>Subject Matter Topics</s>
    <s>Business Process Integration</s>
    <s>Papers in this category should focus on the resolution of issues and the role geospatial technology can play in</s>
    <s>the implementation and integration of new business processes across an enterprise.</s>
    <s>● Facility Lifecycle Management (Proposed to In-service Engineering and Operational Practices)</s>
    <s>● Mobile Application Solutions</s>
    <s>● Web-based Solutions</s>
    <s>● External Data Integration</s>
    <s>● Workflow and Systems Integration</s>
    <s>Corridor Management</s>
    <s>Presentations should cover the integration and management of non-facility datasets that are required as part of</s>
    <s>the ongoing operation of a linear energy asset.</s>
    <s>● System Design and Asset Management</s>
    <s>● Land Management Restoration and Maintenance</s>
    <s>● Public Awareness Data Management and Compliance Reporting</s>
    <s>● Damage Prevention and Encroachment Management (One-call and Call Centers)</s>
    <s>● Proximity Data Management And Reporting (Structure and Infrastructure Data)</s>
    <s>Emergency Response/Damage Prevention</s>
    <s>Presenters will be able to share ways they have prevented, planned for, and responded to emergencies while</s>
    <s>dealing with the pressures of safety and regulatory compliance, shrinking budgets, and limited resources.</s>
    <s>● Public awareness &amp; Notifications</s>
    <s>● One-call</s>
    <s>● Critical Infrastructure Protection (CIP)</s>
    <s>● Technologies to Facilitate Emergency Response</s>
    <s>New and Evolving Technology</s>
    <s>Topics presented will include new and innovative approaches to leveraging existing technology, as well as provide</s>
    <s>insight into what's on the horizon.</s>
    <s>● Web Technology</s>
    <s>● Appliance-based Solutions</s>
    <s>● Use of Third-party Products</s>
    <s>● Cool LiDAR Applications</s>
    <s>● Data Model Directions</s>
    <s>● Innovative Spatial Processing</s>
    <s>● PODS, APDM, Custom Vertical Integration</s>
    <s>● Geospatial Within IT Framework</s>
    <s>Regulatory Compliance and Integrity Management</s>
    <s>Presenters on this topic can choose from a wide range of subjects related to regulatory compliance, pipeline</s>
    <s>risk assessment, or integrity management for liquid/gas gathering, transmission, or gas distribution systems.</s>
    <s>● Risk Assessment and Risk Mitigation Strategies</s>
    <s>● Regulation, Compliance, and the Related Requirements</s>
    <s>● Data Requirements</s>
    <s>● Integrity Management Life Cycle</s>
    <s>● Risk and Integrity Management for Integrated Distribution and Transmission</s>
    <s>● The Role of Technology</s>
    <s>● Audit Experiences</s>
    <s>● Use Cases and Lessons Learned</s>
    <s>Note: Abstracts must be submitted by April 21, 2008. It is your responsibility to confirm that your abstract was</s>
    <s>received, so please give us a call to make sure we received it. Remember, presentations must be noncommercial.</s>
    <s>Speakers whose abstracts are accepted will be asked to submit their papers and PowerPoint presentations</s>
    <s>for inclusion in the Conference Proceedings. Detailed written paper submission requirements and presentation</s>
    <s>guidelines will be sent following abstract acceptance.</s>
    <s>Abstracts due:</s>
    <s>Noon MST April 21, 2008</s>
    <s>Notification sent to accepted speakers:</s>
    <s>May 9, 2008</s>
    <s>Notification sent to declined speakers:</s>
    <s>May 12, 2008</s>
    <s>Paper due to GITA:</s>
    <s>Noon MST July 31, 2008</s>
    <s>Presentation slides due:</s>
    <s>Noon MST August 22, 2008</s>
    <s>Conference dates:</s>
    <s>Sept. 21-24, 2008</s>
    <s>Paper Editing</s>
    <s>The Conference Committee will review all papers and speakers may be asked to edit their papers as needed. Edited papers must be returned to GITA by July 31, 2008, for inclusion in the Conference Proceedings</s>
    <s>&quot;I attend GITA to network and learn about emerging technologies. Presenting gives a chance to share some real-world experience</s>
    <s>including whats hot and whats not for GIS users.&quot; Devon Humphrey, National Spill Control School at Texas A&amp;M University Corpus Christi</s>
    <s>and GITA Speaker Award winner</s>
    <s>Questions about the GIS for Oil &amp; Gas Conference? Contact us</s>
    <s>Phone: 303-337-0513 Fax: 303-337-1001 E-mail: info@gita.org</s>
    <s>Copyright (C) GITA</s>
    <s>The Premier Educational Association for GIS Professionals | Privacy Policy</s>
    <s>home | about GITA | events | membership | chapters | resources | solution providers | GITA in action | contact us</s>
  </text>
</page>
