<?xml version="1.0" encoding="UTF-8"?>
<!DOCTYPE page SYSTEM "page.dtd">
<page>
  <lang>en</lang>
  <url>http://canadainternational.gc.ca/g20/resources-ressources/videos/chair-statement-president.aspx%3Flang%3Deng</url>
  <title>G-20 Chair&#39;s Press Conference</title>
  <snippet>
    <s>Feb 3, 2011 G-20 Chair&#39;s Press Conference and balanced growth will lead us to country level assessments as we approach the next meeting in Seoul. </s>
  </snippet>
  <text>
    <s>Skip to main content</s>
    <s>Skip to primary navigation</s>
    <s>!Government of Canada</s>
    <s>!Symbol of the Government of Canada</s>
    <s>Common menu bar</s>
    <s>Contact Us</s>
    <s>1. Home</s>
    <s>2. &gt;</s>
    <s>3. Resource Centre</s>
    <s>4. &gt;</s>
    <s>5. Video Gallery</s>
    <s>G-20 Chair's Press Conference</s>
    <s>G-20 Chair's Press Conference</s>
    <s>27 June, 2010</s>
    <s>Toronto, Ontario</s>
    <s>Greetings once again, we arrived here amid growing concerns over the growth of sovereign debt as we strive to build strong, sustainable and balanced economies. That is the issue we have had to tackle head on and we have arrived at firm targets for advanced economies on debt reduction and reducing debt/GDP ratios. The targets are a 50% deficit reduction by 2013 and a debt to GDP ratio that should be at least stabilized or on a downward trend by 2016.</s>
    <s>Now that said all leaders recognize that fiscal consolidation is not an end in itself. There will be a continued role for ongoing stimulus in the short term as we develop the framework for strong, sustainable and balanced growth.</s>
    <s>In terms of the framework, we want to applaud a number of recent actions that are important down payments on that framework, if I can use that term. First of all, the budget of the United Kingdom which strongly tackled the British deficit; Chinese flexibility on exchange rates and the new US law on financial sector reform.</s>
    <s>The G-20 Summit Declaration, that puts some of the meat on the bones of the framework of strong, sustainable and balanced growth will lead us to country level assessments as we approach the next meeting in Seoul. It's also important to note agreement on ongoing and important financial sector reforms, specifically to increase the quality and quantity of capital standards, to enhance prudent regulatory oversight, and a commitment most importantly to accelerate this work and complete it by the Summit in South Korea. I should note as well the issue of bank levies has been left to individual countries.</s>
    <s>There are important agreements on a number of other matters. I'll just mention a couple: continued progress on anti protectionism. We've agreed to extend the Washington Standstill for another three years and debt relief for the country of Haiti which as you know is an important priority for Canada. There's also some important work that's been completed, I should mention as well on reform of international institutions and that work will also continue as we move forward.</s>
    <s>The G-20 still has a lot to do to fully entrench the global recovery but these are important steps forward and as you know they were steps that Canada has been seeking.</s>
    <s>Primary navigation</s>
    <s>Summit Documents</s>
    <s>About the G-20</s>
    <s>Resource Centre</s>
    <s>Photo Gallery</s>
    <s>Video Gallery</s>
    <s>Related Links</s>
    <s>Frequently Asked Questions</s>
    <s>Ex Gratia Payments</s>
    <s>Date Modified:</s>
    <s>Top of Page</s>
    <s>Important Notices</s>
  </text>
</page>
