<?xml version="1.0" encoding="UTF-8"?>
<!DOCTYPE page SYSTEM "page.dtd">
<page>
  <lang>en</lang>
  <url>http://en.wikipedia.org/wiki/Republican_Conference_Chairman_of_the_United_States_House_of_Representatives</url>
  <title>Republican Conference Chairman of the United States House of ...</title>
  <snippet>
    <s>This is a list of Republican Conference Chairmen of the United States House </s>
  </snippet>
  <text>
    <s>Republican Conference Chairman of the United States House of Representatives</s>
    <s>From Wikipedia, the free encyclopedia</s>
    <s>Jump to: navigation, search</s>
    <s>This is a list of Republican Conference Chairmen of the United States House of Representatives.</s>
    <s>Chairman State Congress Dates</s>
    <s>Justin S. Morrill</s>
    <s>Robert C. Schenck/</s>
    <s>Nathaniel P. Banks</s>
    <s>Austin Blair</s>
    <s>Horace Maynard</s>
    <s>George W. McCrary</s>
    <s>Eugene Hale</s>
    <s>William P. Frye</s>
    <s>George M. Robeson</s>
    <s>Joseph G. Cannon</s>
    <s>Thomas J. Henderson</s>
    <s>Charles H. Grosvenor</s>
    <s>Joseph G. Cannon</s>
    <s>William P. Hepburn</s>
    <s>Frank D. Currier</s>
    <s>William S. Greene</s>
    <s>Horace M. Towner</s>
    <s>Sydney Anderson</s>
    <s>Willis C. Hawley</s>
    <s>Robert Luce</s>
    <s>Frederick R. Lehlbach</s>
    <s>Roy Woodruff</s>
    <s>Clifford Hope</s>
    <s>Charles Hoeven</s>
    <s>Gerald Ford</s>
    <s>Melvin Laird</s>
    <s>John B. Anderson</s>
    <s>Samuel L. Devine</s>
    <s>Jack Kemp</s>
    <s>Dick Cheney</s>
    <s>Jerry Lewis</s>
    <s>Richard Armey</s>
    <s>John Boehner</s>
    <s>J.C. Watts</s>
    <s>Deborah Pryce</s>
    <s>Adam Putnam</s>
    <s>Mike Pence</s>
    <s>Jeb Hensarling</s>
    <s>[edit] References</s>
    <s>1. ^ http://clerk.house.gov/art history/house history/rep conf.html</s>
    <s>v · d · eParty caucuses and conferences in the United States Congress</s>
    <s>Senate Republican Conference Senate Senate Democratic Caucus</s>
    <s>Conference Chair</s>
    <s>Caucus Chair</s>
    <s>Conference Vice-Chair/Secretary</s>
    <s>Caucus Secretary</s>
    <s>Policy Committee Chair</s>
    <s>Policy Committee</s>
    <s>Policy Committee Chair</s>
    <s>House Republican Conference House of Representatives House Democratic Caucus</s>
    <s>Conference Chair</s>
    <s>Presiding Officer</s>
    <s>Caucus Chair</s>
    <s>Vice Chair</s>
    <s>Vice-Chair / Secretary</s>
    <s>Conference Secretary</s>
    <s>Policy Committee Chair</s>
    <s>Policy Committee</s>
    <s>Policy Committee Co-Chair</s>
    <s>v · d · eUnited States Congress</s>
    <s>House of Representatives • Senate • 112th Congress</s>
    <s>Current members</s>
    <s>By length of service • Freshmen • Youngest members • Resident Commissioner of Puerto Rico • Delegates • Longest-serving members ever</s>
    <s>Current • Current by seniority • Current by age • Dean of the Senate • Former senators • Living former senators • Oldest • Earliest serving • Earliest living • Expelled or censured • Classes</s>
    <s>Current • Current by seniority • Current by age • Dean of the House • Former representatives • Living former representatives • Oldest • Oldest living • Expelled, censured, and reprimanded • Deaths by year ( • • • )</s>
    <s>Women and</s>
    <s>minority members</s>
    <s>African American members • Hispanic and Latino members • Asian Pacific American members • Congressional Member Organizations (caucuses) • Women in the House • Women in the Senate</s>
    <s>Apportionment • Districts by area</s>
    <s>Privileges and benefits</s>
    <s>Salaries • Franking • Congressional immunity</s>
    <s>President (list) • President pro tempore (list) • Majority and minority leaders • Assistant party leaders • Democratic Caucus (Chair • Secretary • Policy Committee Chair) • Republican Conference (Chair • Vice-Chair • Policy Committee Chair)</s>
    <s>Speaker (list) • Majority and minority leaders • Party whips • Bipartisan Legal Advisory Group • Democratic Caucus • Republican Conference</s>
    <s>Offices and</s>
    <s>Government Accountability Office (Comptroller General) • Congressional Budget Office • Architect of the Capitol • Capitol Police (Capitol Police Board) • Capitol Guide Service (Capitol Guide Board) • Office of Compliance • Library of Congress • Government Printing Office • Office of Technology Assessment</s>
    <s>Senate employees</s>
    <s>Secretary • Chaplain • Sergeant at Arms and Doorkeeper • Curator • Historian • Librarian • Parliamentarian • Pages</s>
    <s>Senate offices</s>
    <s>Office of the Secretary: Senate Library • Office of Senate Curator • Senate Historical Office</s>
    <s>House employees</s>
    <s>Clerk • Chief Administrative Officer • Chaplain • Doorkeeper • Postmaster • Sergeant at Arms • Historian • Parliamentarian • Reading Clerk • Pages (Page Board)</s>
    <s>House leadership</s>
    <s>Majority Floor Services Chief • Director of Floor Operations</s>
    <s>House offices</s>
    <s>Congressional Ethics • Emergency Planning, Preparedness, and Operations • Interparliamentary Affairs • Law Revision Counsel</s>
    <s>and customs</s>
    <s>Article I • Taxing and Spending • Commerce • Dormant Commerce • Naturalization • Copyright • Declaration of War Clause • Impeachment • Power of enforcement</s>
    <s>Necessary and Proper Clause • Contempt of Congress</s>
    <s>Legislative and</s>
    <s>Act of Congress (list) • Rider • Sponsorship • Discharge petition • Unanimous consent • Suspension of the rules • Joint resolution • Concurrent resolution • Appropriation bill • Enrolled bill • Engrossed bill • Budget resolution • Continuing resolution • House procedures • Expulsion of members • Joint session (list) • House closed sessions • Senate closed sessions • Lame duck session • Cloture • Reconciliation • Veto override</s>
    <s>Oversight • Hearings • Discharge petition • Markup • Chairman and ranking member • Standing committees • Select and special committees • Joint committees • Subcommittees • Committee of the Whole House on the State of the Union • Conference committee • Special committee • List of Senate committees • List of House committees</s>
    <s>Presiding Officer • Jefferson's Manual • Standing Rules of the Senate • Riddick's Senate Procedure • Seniority • Classes of Senators • Traditions • Tie-breaking votes • Advice and consent • Recess appointment • Executive session • Senatorial courtesy • Filibuster • Nuclear option • Executive communication • Secret hold • Ratification of treaties • Senate Journal</s>
    <s>Mace of the House • Gavels</s>
    <s>History of the Senate • History of the House of Representatives • Historical party control • Gerrymandering</s>
    <s>Dome • Rotunda • Crypt • National Statuary Hall • Capitol Visitor Center • The Apotheosis of Washington • Statue of Freedom</s>
    <s>Cannon • Ford • Longworth • Rayburn • O'Neill • House Office Building Commission</s>
    <s>Dirksen • Hart • Russell</s>
    <s>Botanic Garden • Old Supreme Court Chamber • Senate Staff Health and Fitness Facility • Capitol Power Plant • Old Senate Chamber • House Recording Studio • Daniel Webster Senate Page Residence • Subway system</s>
    <s>Library of</s>
    <s>Congress and</s>
    <s>Printing Office</s>
    <s>Library of</s>
    <s>Congressional Research Service (reports) • Law Library • THOMAS • Copyright Office (Register of Copyrights) • Poet Laureate • Jefferson Building • Adams Building • Madison Building</s>
    <s>Printing Office</s>
    <s>Public Printer of the United States • Congressional Record • Official Congressional Directory • United States Congressional Serial Set • United States Statutes at Large • United States Code</s>
    <s>C-SPAN • Congressional Quarterly • The Hill • Politico • Roll Call</s>
    <s>Lists of congressional lists • Congressional staff • Dear colleague letter • Divided government • Saxbe fix • Senate election disputes</s>
    <s>Websites: House of Representatives • Senate</s>
    <s>Retrieved from &quot;http://en.wikipedia.org/w/index.php?title=Republican Conference Chairman of the United States House of Representatives&amp;oldid=443639049&quot;</s>
    <s>Leaders of the United States House of Representatives</s>
    <s>Republican Party (United States)</s>
    <s>Personal tools</s>
    <s>Log in / create account</s>
    <s>View history</s>
    <s>Main page</s>
    <s>Featured content</s>
    <s>Current events</s>
    <s>Random article</s>
    <s>Donate to Wikipedia</s>
    <s>About Wikipedia</s>
    <s>Community portal</s>
    <s>Recent changes</s>
    <s>Contact Wikipedia</s>
    <s>What links here</s>
    <s>Related changes</s>
    <s>Upload file</s>
    <s>Special pages</s>
    <s>Permanent link</s>
    <s>Cite this page</s>
    <s>Create a book</s>
    <s>Download as PDF</s>
    <s>Printable version</s>
    <s>This page was last modified on 8 August 2011 at 07:27.</s>
    <s>Text is available under the Creative Commons Attribution-ShareAlike License; additional terms may apply. See Terms of use for details.</s>
    <s>Wikipedia® is a registered trademark of the Wikimedia Foundation, Inc., a non-profit organization.</s>
    <s>Contact us</s>
    <s>Privacy policy</s>
    <s>About Wikipedia</s>
    <s>Mobile view</s>
    <s>Please use the preview button before saving. e)</s>
  </text>
</page>
