<?xml version="1.0" encoding="UTF-8"?>
<!DOCTYPE page SYSTEM "page.dtd">
<page>
  <lang>en</lang>
  <url>http://appablog.wordpress.com/2011/01/25/press-conference-of-the-chairperson-of-the-prc/</url>
  <title>Press conference of the Chairperson of the PRC « Database of Press ...</title>
  <snippet>
    <s>Jan 25, 2011 Press conference of the Chairperson of the PRC. ADDIS ABABA, Ethiopia, January 25, 2011/African Press Organization (APO)/ — The Chairperson </s>
  </snippet>
  <text>
    <s>Database of Press Releases related to Africa - APO-Source</s>
    <s>Base de données de communiqués de presse liés à l'Afrique - APO-Source</s>
    <s>Posted by: africanpressorganization | 25 January 2011</s>
    <s>Press conference of the Chairperson of the PRC</s>
    <s>Press conference of the Chairperson of the PRC</s>
    <s>ADDIS ABABA, Ethiopia, January 25, 2011/African Press Organization (APO)/ -- The Chairperson of the Permanent Representatives' Committee (PRC), Ambassador Munlo, will hold a press conference, on Wednesday 26 January 2011, at 20:30 in the Plenary Hall of the African Union, Addis Ababa, Ethiopia.</s>
    <s>During the press conference, which is held within the framework of the 16th AU Summit, Ambassador will address the following issue:</s>
    <s>Outcomes of the 21st Ordinary Session of the PRC</s>
    <s>Journalists are invited to attend and to cover the press conference.</s>
    <s>African Union Commission (AUC)</s>
    <s>Like this:</s>
    <s>Be the first to like this post.</s>
    <s>Posted in AFRICAN UNION / UNION AFRICAINE, Ethiopia, MAV Media Advisory/Invitation/Agenda</s>
    <s>« Denmark / Implementation support and specialised technical assistance to the trade union congress of Tanzania 2011–2013</s>
    <s>Statement attributable to the Spokesperson for the UN Secretary-General on the surrender of FDLR Executive Secretary Callixte Mbarushimana to the International Criminal Court in The Hague »</s>
    <s>A -TOPIC</s>
    <s>AGR Agriculture</s>
    <s>AIR Airlines/Aviation</s>
    <s>ART Art</s>
    <s>ASI Asian Related News</s>
    <s>AWD Awards</s>
    <s>BFA Broadcast Feed Announcement</s>
    <s>BKS Books</s>
    <s>BLK Black-oriented News</s>
    <s>CCA Conference Call Announcements</s>
    <s>CHI Children Related News</s>
    <s>DSC Oil/Gas Discoveries</s>
    <s>ECO Economic News, Trends, Analysis</s>
    <s>EDU Education</s>
    <s>ENT Entertainment</s>
    <s>FLM Film/Motion Picture</s>
    <s>FOR Foreign Policy</s>
    <s>HEA Healthcare/Hospitals</s>
    <s>IDC Infectious Disease Control</s>
    <s>LBR Labor News</s>
    <s>MLM Multimedia/Online/Internet</s>
    <s>MNG Mining/Metals</s>
    <s>MUS Music</s>
    <s>NTP Not for Profit</s>
    <s>OIL Oil/Energy</s>
    <s>PER Personnel Announcements</s>
    <s>RAD Radio</s>
    <s>REL Religion</s>
    <s>SPT Sports</s>
    <s>TLS Telecommunications</s>
    <s>TRD Trade Policy</s>
    <s>TRN Transport</s>
    <s>TVN Television</s>
    <s>WOM Women Related News</s>
    <s>AFRICA / AFRIQUE</s>
    <s>African Dev. Bank - Banque Afr. de Développement</s>
    <s>AFRICAN UNION / UNION AFRICAINE</s>
    <s>Afrique du Sud</s>
    <s>Burkina Faso</s>
    <s>Cape Verde</s>
    <s>Central African Rep</s>
    <s>Congo (RDC)</s>
    <s>Dem. Rep. Congo (Zaire)</s>
    <s>Equatorial Guinea</s>
    <s>FMI - IMF</s>
    <s>Guinée Bissau</s>
    <s>Guinée Equatoriale</s>
    <s>Guinea Bissau</s>
    <s>International Development</s>
    <s>Islamic Republic of Iran</s>
    <s>Ivory Coast</s>
    <s>JOB / EMPLOI</s>
    <s>MAV Media Advisory/Invitation/Agenda</s>
    <s>PR Newswire</s>
    <s>Sao Tomé</s>
    <s>Sao Tome e Principe</s>
    <s>São Tomé and Principe</s>
    <s>São Tomé e Príncipe</s>
    <s>Sierra Leone</s>
    <s>South Africa</s>
    <s>South Sudan</s>
    <s>Sud Soudan</s>
    <s>United Kingdom</s>
    <s>UNITED NATIONS - ONU</s>
    <s>World Bank - Banque Mondiale</s>
    <s>REACH OUR MAIN WEBSITE NOTRE SITE INTERNET :</s>
    <s>APO-SOURCE on Twitter</s>
    <s>Select Category A -TOPIC AFRICA / AFRIQUE African Dev. Bank - Banque Afr. de Développement AFRICAN UNION / UNION AFRICAINE Afrique du Sud AGR Agriculture AIR Airlines/Aviation Algérie Algeria Angola APO-Newsroom ART Art ASI Asian Related News Austria AUTRES/OTHERS AWD Awards BADEA Bénin Belgique Belgium BFA Broadcast Feed Announcement BKS Books BLK Black-oriented News Blogoliste Botswana Burkina Faso Burundi Cameroon Cameroun Canada Cap-Vert Cape Verde CCA Conference Call Announcements Centrafrique Central African Rep Chad CHI Children Related News China/Chine Comores Comoros Congo Congo (RDC) Cote-d'Ivoire Dem. Rep. Congo (Zaire) Denmark Djibouti DSC Oil/Gas Discoveries ECO Economic News, Trends, Analysis EDU Education Egypt Egypte ENT Entertainment Equatorial Guinea Eritrea Erythrée Espagne Ethiopia Ethiopie EUROPE FLM Film/Motion Picture FMI - IMF FOR Foreign Policy FRANCE Gabon Gambia Gambie Germany Ghana Guinée Guinée Bissau Guinée Equatoriale Guinea Guinea Bissau HEA Healthcare/Hospitals IDC Infectious Disease Control India International Development Ireland Islamic Republic of Iran Israel Italy Ivory Coast Japan Japon JOB / EMPLOI Kenya LBR Labor News Lesotho Libéria Libya Libye Madagascar MALAWI Mali Maroc Maurice Mauritania Mauritanie Mauritius MAV Media Advisory/Invitation/Agenda MLM Multimedia/Online/Internet MNG Mining/Metals Morocco Mozambique MUS Music Namibia Namibie netherland Netherlands Niger Nigeria Norway NTP Not for Profit OIL Oil/Energy Ouganda Pays-Bas PER Personnel Announcements Portugal PR Newswire Press/Presse RAD Radio REL Religion Royaume-Uni Russia Russie/Russia Rwanda Sao Tomé Sao Tome e Principe São Tomé and Principe São Tomé e Príncipe SENEGAL Seychelles Sierra Leone Singapore Somalia Somalie Soudan South Africa South Sudan SPT Sports Sud Soudan Sudan suisse Swaziland Sweden Switzerland Tanzania Tanzanie TCHAD TLS Telecommunications Togo TRD Trade Policy TRN Transport Tunisia Tunisie Turkey TVN Television Uganda United Kingdom UNITED NATIONS - ONU USA Vatican WOM Women Related News World Bank - Banque Mondiale Zambia Zambie Zimbabwe</s>
    <s>A -TOPIC (1)</s>
    <s>AFRICA / AFRIQUE (2568)</s>
    <s>African Dev. Bank - Banque Afr. de Développement (971)</s>
    <s>AFRICAN UNION / UNION AFRICAINE (2743)</s>
    <s>Afrique du Sud (144)</s>
    <s>AGR Agriculture (699)</s>
    <s>AIR Airlines/Aviation (104)</s>
    <s>Algérie (115)</s>
    <s>Algeria (77)</s>
    <s>Angola (140)</s>
    <s>APO-Newsroom (274)</s>
    <s>ART Art (1)</s>
    <s>ASI Asian Related News (8)</s>
    <s>Austria (26)</s>
    <s>AUTRES/OTHERS (1809)</s>
    <s>AWD Awards (215)</s>
    <s>BADEA (90)</s>
    <s>Bénin (125)</s>
    <s>Belgique (242)</s>
    <s>Belgium (28)</s>
    <s>BFA Broadcast Feed Announcement (30)</s>
    <s>BKS Books (28)</s>
    <s>BLK Black-oriented News (26)</s>
    <s>Blogoliste (2)</s>
    <s>Botswana (77)</s>
    <s>Burkina Faso (231)</s>
    <s>Burundi (232)</s>
    <s>Cameroon (112)</s>
    <s>Cameroun (113)</s>
    <s>Canada (291)</s>
    <s>Cap-Vert (20)</s>
    <s>Cape Verde (55)</s>
    <s>CCA Conference Call Announcements (28)</s>
    <s>Centrafrique (215)</s>
    <s>Central African Rep (148)</s>
    <s>Chad (152)</s>
    <s>CHI Children Related News (460)</s>
    <s>China/Chine (274)</s>
    <s>Comores (55)</s>
    <s>Comoros (20)</s>
    <s>Congo (73)</s>
    <s>Congo (RDC) (664)</s>
    <s>Cote-d'Ivoire (2153)</s>
    <s>Dem. Rep. Congo (Zaire) (550)</s>
    <s>Denmark (6)</s>
    <s>Djibouti (120)</s>
    <s>DSC Oil/Gas Discoveries (3)</s>
    <s>ECO Economic News, Trends, Analysis (2152)</s>
    <s>EDU Education (266)</s>
    <s>Egypt (347)</s>
    <s>Egypte (176)</s>
    <s>ENT Entertainment (43)</s>
    <s>Equatorial Guinea (84)</s>
    <s>Eritrea (58)</s>
    <s>Erythrée (28)</s>
    <s>Espagne (6)</s>
    <s>Ethiopia (770)</s>
    <s>Ethiopie (261)</s>
    <s>EUROPE (1770)</s>
    <s>FLM Film/Motion Picture (41)</s>
    <s>FMI - IMF (753)</s>
    <s>FOR Foreign Policy (2984)</s>
    <s>FRANCE (3340)</s>
    <s>Gabon (404)</s>
    <s>Gambia (80)</s>
    <s>Gambie (30)</s>
    <s>Germany (133)</s>
    <s>Ghana (259)</s>
    <s>Guinée (182)</s>
    <s>Guinée Bissau (70)</s>
    <s>Guinée Equatoriale (46)</s>
    <s>Guinea (118)</s>
    <s>Guinea Bissau (100)</s>
    <s>HEA Healthcare/Hospitals (611)</s>
    <s>IDC Infectious Disease Control (458)</s>
    <s>India (5)</s>
    <s>International Development (2769)</s>
    <s>Ireland (18)</s>
    <s>Islamic Republic of Iran (4)</s>
    <s>Israel (3)</s>
    <s>Italy (292)</s>
    <s>Ivory Coast (4)</s>
    <s>Japan (159)</s>
    <s>Japon (13)</s>
    <s>JOB / EMPLOI (110)</s>
    <s>Kenya (642)</s>
    <s>LBR Labor News (18)</s>
    <s>Lesotho (51)</s>
    <s>Libéria (299)</s>
    <s>Libya (622)</s>
    <s>Libye (306)</s>
    <s>Madagascar (223)</s>
    <s>MALAWI (116)</s>
    <s>Mali (220)</s>
    <s>Maroc (161)</s>
    <s>Maurice (20)</s>
    <s>Mauritania (95)</s>
    <s>Mauritanie (147)</s>
    <s>Mauritius (26)</s>
    <s>MAV Media Advisory/Invitation/Agenda (4197)</s>
    <s>MLM Multimedia/Online/Internet (156)</s>
    <s>MNG Mining/Metals (107)</s>
    <s>Morocco (116)</s>
    <s>Mozambique (99)</s>
    <s>MUS Music (33)</s>
    <s>Namibia (61)</s>
    <s>Namibie (15)</s>
    <s>netherland (13)</s>
    <s>Netherlands (100)</s>
    <s>Niger (318)</s>
    <s>Nigeria (502)</s>
    <s>Norway (87)</s>
    <s>NTP Not for Profit (2618)</s>
    <s>OIL Oil/Energy (228)</s>
    <s>Ouganda (69)</s>
    <s>Pays-Bas (86)</s>
    <s>PER Personnel Announcements (547)</s>
    <s>Portugal (30)</s>
    <s>PR Newswire (1141)</s>
    <s>Press/Presse (1493)</s>
    <s>RAD Radio (206)</s>
    <s>REL Religion (80)</s>
    <s>Royaume-Uni (10)</s>
    <s>Russia (24)</s>
    <s>Russie/Russia (19)</s>
    <s>Rwanda (482)</s>
    <s>Sao Tomé (1)</s>
    <s>Sao Tome e Principe (7)</s>
    <s>São Tomé and Principe (5)</s>
    <s>São Tomé e Príncipe (3)</s>
    <s>SENEGAL (404)</s>
    <s>Seychelles (107)</s>
    <s>Sierra Leone (179)</s>
    <s>Singapore (19)</s>
    <s>Somalia (782)</s>
    <s>Somalie (370)</s>
    <s>Soudan (563)</s>
    <s>South Africa (651)</s>
    <s>South Sudan (29)</s>
    <s>SPT Sports (165)</s>
    <s>Sud Soudan (11)</s>
    <s>Sudan (1826)</s>
    <s>suisse (114)</s>
    <s>Swaziland (76)</s>
    <s>Sweden (85)</s>
    <s>Switzerland (27)</s>
    <s>Tanzania (631)</s>
    <s>Tanzanie (49)</s>
    <s>TCHAD (209)</s>
    <s>TLS Telecommunications (168)</s>
    <s>Togo (140)</s>
    <s>TRD Trade Policy (116)</s>
    <s>TRN Transport (256)</s>
    <s>Tunisia (224)</s>
    <s>Tunisie (205)</s>
    <s>Turkey (19)</s>
    <s>TVN Television (66)</s>
    <s>Uganda (294)</s>
    <s>United Kingdom (146)</s>
    <s>UNITED NATIONS - ONU (10194)</s>
    <s>USA (1710)</s>
    <s>Vatican (11)</s>
    <s>WOM Women Related News (349)</s>
    <s>World Bank - Banque Mondiale (283)</s>
    <s>Zambia (130)</s>
    <s>Zambie (20)</s>
    <s>Zimbabwe (710)</s>
    <s>Most consulted /Les plus consultés</s>
    <s>UEMOA / Appel à candidature pour le recrutement de cadres junior</s>
    <s>Burundi: un désinvestissement des partenaires internationaux serait désastreux pour le processus de paix et pour les perspectives de développement</s>
    <s>UN Security Council committee concerning Libya announces availability of updated travel ban and asset freeze list</s>
    <s>Le nouveau représentant permanent de Maurice auprès des Nations Unies présente ses lettres de créance</s>
    <s>Avis de recrutement / Expert local en communication / Burkina Faso</s>
    <s>17th Africa Oil Week / 1st-5th November 2010, BMW Pavilion, Cape Town, South Africa</s>
    <s>La richesse tirée des ressources naturelles doit profiter à tous les Africains</s>
    <s>Lettre de félicitations du Président de la République Française au Président de la République de Zambie</s>
    <s>Laurent Lamothe et l'ancien Président des États-Unis Bill Clinton co-présideront le Conseil consultatif sur la croissance économique et l'investissment d'Haïti</s>
    <s>Egypte / Communiqué du Président de la République française</s>
    <s>Le Sahara Occidental doit être décolonisé</s>
    <s>AFRICA / AFRIQUE African Dev. Bank - Banque Afr. de Développement AFRICAN UNION / UNION AFRICAINE AGR Agriculture AUTRES/OTHERS Congo (RDC) Cote-d'Ivoire Dem. Rep. Congo (Zaire) ECO Economic News, Trends, Analysis Ethiopia EUROPE FMI - IMF FOR Foreign Policy FRANCE HEA Healthcare/Hospitals International Development Kenya Libya MAV Media Advisory/Invitation/Agenda NTP Not for Profit Press/Presse PR Newswire Somalia Soudan South Africa Sudan Tanzania UNITED NATIONS - ONU USA Zimbabwe</s>
    <s>Twitter Updates</s>
    <s>Green Cross launches hygiene training in Ghana to mark Global Handwashing Day:     Green Cross launches hygiene http://t.co/1pyqeujW 1 day ago</s>
    <s>Statement by High Representative Catherine Ashton on the ratification of the Rome Statute of the International C http://t.co/q89Q430w 1 day ago</s>
    <s>4th session of the African Union conference of Ministers of Sport:   4th session of the African Union conference http://t.co/2tSCc9zu 1 day ago</s>
    <s>Verhofstadt: EU should offer Tunisia more than privileged partnership:     Verhofstadt: EU should offer Tunisia http://t.co/4juTKh7R 1 day ago</s>
    <s>Statement by ICC Prosecutor Luis Moreno-Ocampo on official visit to Côte d’Ivoire, October 15-16:     Statement http://t.co/THbKdQUs 1 day ago</s>
    <s>Bulletin du Bureau de Liaison du CTA à Bruxelles:     Bulletin du Bureau de Liaison du CTA à Bruxelles   BRUXELL http://t.co/zn07IHhK 1 day ago</s>
    <s>Plans for joint EAC, Private Sector and Civil Society Forum take shape:     Plans for joint EAC, Private Sector http://t.co/uRfACMJj 1 day ago</s>
    <s>A União Africana condena firmemente o sequestro de dois trabalhadores humanitários espanhóis no campo de refugia http://t.co/K36R0ttL 1 day ago</s>
    <s>L’Union africaine condamne fermement l’enlèvement de deux travailleurs humanitaires espagnols dans le camp de re http://t.co/bvSF4snj 1 day ago</s>
    <s>The African Union strongly condemns the kidnapping of two Spanish humanitarian workers in the Dadaab refugee cam http://t.co/EZjB5KmI 1 day ago</s>
    <s>Follow @apo source</s>
    <s>Press releases by days</s>
    <s>January 2011</s>
    <s>M T W T F S S</s>
    <s>« Dec</s>
    <s>Feb »</s>
    <s>APO-SOURCE RSS Feed</s>
    <s>An error has occurred; the feed is probably down. Try again later.</s>
    <s>APO-SOURCE : The African News Source</s>
    <s>Welcome on APO-SOURCE, the data base of press releases related to Africa. Bienvenue sur APO-SOURCE, la base de données de communiqués de presse liés à l'Afrique. AFRIQUE AFRICA AFRICAIN AFRICAN PRESSE PRESS NEWS ACTUALITE &quot;ACTUALITE AFRIQUE&quot; &quot;ACTUALITE AFRICAINE&quot; &quot;AFRICAN NEWS&quot; &quot;AFRICA NEWS&quot; STATEMENT SPEECH COMMUNIQUE INSTITUTION &quot;UNITED NATIONS&quot; &quot;NATIONS UNIES&quot; USA FRANCE WFP PAM ONU UN EUROPE EU UE &quot;UNION AFRICAINE&quot; UA &quot;AFRICAN UNION&quot; IMF FMI &quot;WORLD BANK&quot; &quot;BANQUE MONDIALE&quot; BAD BAFD AFDB ADB &quot;BANQUE AFRICAINE DE DEVELOPPEMENT&quot; &quot;AFRICAN DEVELOPMENT BANK&quot; ACP KONARE KABERUKA KI-MOON MONTAS KAPUTIN SUMMIT UNHCR AFRICOM AMNESTY INTERNATIONAL APO OPA AFRICAN PRESS ORGANIZATION ORGANISATION DE LA PRESSE AFRICAINE APPA PANAFRICAINE PANAFRICAN BADEA CHINA CHINE CILSS ICRC CICR CPI ICC DFID EAC FCO FOREIGN COMMONWEALTH AFFAIRS SPAIN ESPAGNE FAO FIDH FIFA IFAD HUMAN RIGHT DROITS HOMME HRW IFAW FIJ IFJ JOURNALISTE JOURNALIST IOM OIM MIGRATION IRD JAPAN JAPON TICAD MAE MFA MSF MEDEF NEPAD OCDE OXFAM SG UIT UNHCR MONUC ONUCI UNMIS AMIS SOUDAN DARFOUR DARFUR SOMALI SOMALIE UNESCO UNICEF UNOG USAID &quot;DEPARTEMENT OF STATE&quot; WHO OMS UEMOA BEAC BCEAO OCDE OECD &quot;ASSOCIATION DE LA PRESSE PANAFRICAINE&quot; &quot;PANAFRICAN PRESS ASSOCIATION&quot; APPA PANAFRICAN PANAFRICAIN PRESSEAFRICAINE GOUVERNANCE DEVELOPPEMENT DEVELOPMENT GOVERNANCE &quot;COMMUNICATION POUR LE DEVELOPPEMENT&quot; &quot;COMMUNICATION FOR DEVELOPMENT&quot; &quot;EUROPE-AFRIQUE&quot; &quot;EU-AFRICA&quot; &quot;EUROPE-AFRICA&quot; SARKOZY RICE BROWN &quot;WEST ARICA&quot; &quot;CENTRAL AFRICA&quot; « AFRIQUE DU SUD » « SOUTH AFRICA » VIDEOCONFERENCE &quot;PRESS VIDEOCONFERENCE&quot; VIDEOCONFERENCE DE PRESSE&quot; &quot;RELATIONS PRESSE&quot; &quot;PUBLIC RELATION&quot; ACCREDITATION Europe-Africa Summit Sommet Europe-Afrique Lisbonne Lisbon UE-Afrique EU-Africa Portugal ANGOLA BENIN BOTSWANA BURKINA FASO BURUNDI CAMEROUN CAMEROON CAP-VERT « CABO VERDE » CENTRAFRIQUE CONGO RDC DRC COTE-D'IVOIRE DJIBOUTI ERYTHREE ETHIOPIE GABON GAMBIE GHANA GUINEE GUINEE BISSAU GUINEE EQUATORIALE KENYA LESOTHO LIBERIA MADAGASCAR MALAWI MALI MAURITANIE MOZAMBIQUE NAMIBIE NIGER NIGERIA OUGANDA RWANDA SAO TOME SENEGAL SIERRA LEONE SOMALIE SOUDAN SWAZILAND TANZANIE TCHAD TOGO ZAMBIE ZIMBABWE ALGERIA CENTRAL AFRICAN REP CHAD CONGO « DEMOCRATIC REPUBLIC OF CONGO » « REPUBLIC OF CONGO » EGYPT EQUATORIAL GUINEA ERITREA ETHIOPIA GAMBIA GUINEA BISSAU GUINEA IVORY COAST LIBYA MAURITANIA MAURITIUS MOROCCO NAMIBIA SOMALIA SUDAN TANZANIA TUNISIA UGANDA ZAMBIA République sahraouie, RASD</s>
    <s>October 2011</s>
    <s>September 2011</s>
    <s>August 2011</s>
    <s>July 2011</s>
    <s>June 2011</s>
    <s>May 2011</s>
    <s>April 2011</s>
    <s>March 2011</s>
    <s>February 2011</s>
    <s>January 2011</s>
    <s>December 2010</s>
    <s>November 2010</s>
    <s>October 2010</s>
    <s>September 2010</s>
    <s>August 2010</s>
    <s>July 2010</s>
    <s>June 2010</s>
    <s>May 2010</s>
    <s>April 2010</s>
    <s>March 2010</s>
    <s>February 2010</s>
    <s>January 2010</s>
    <s>December 2009</s>
    <s>November 2009</s>
    <s>October 2009</s>
    <s>September 2009</s>
    <s>August 2009</s>
    <s>July 2009</s>
    <s>June 2009</s>
    <s>May 2009</s>
    <s>April 2009</s>
    <s>March 2009</s>
    <s>February 2009</s>
    <s>January 2009</s>
    <s>December 2008</s>
    <s>November 2008</s>
    <s>October 2008</s>
    <s>September 2008</s>
    <s>August 2008</s>
    <s>July 2008</s>
    <s>June 2008</s>
    <s>May 2008</s>
    <s>April 2008</s>
    <s>March 2008</s>
    <s>February 2008</s>
    <s>January 2008</s>
    <s>December 2007</s>
    <s>November 2007</s>
    <s>October 2007</s>
    <s>September 2007</s>
    <s>August 2007</s>
    <s>Log in</s>
    <s>Entries RSS</s>
    <s>Comments RSS</s>
    <s>Blog at WordPress.com. | Theme: Ocean Mist by Ed Merritt.</s>
    <s>Follow Database of Press Releases related to Africa - APO-Source</s>
    <s>Get every new post delivered to your Inbox.</s>
    <s>Join 28 other followers</s>
    <s>Powered by WordPress.com</s>
    <s>*RSS: Really Simple Syndication</s>
  </text>
</page>
