<?xml version="1.0" encoding="UTF-8"?>
<!DOCTYPE page SYSTEM "page.dtd">
<page>
  <lang>en</lang>
  <url>http://en.olympic.cn/news/sports_news/2011-04-19/2137197.html</url>
  <title>FISU to co-organise City Events conference - Official Website of the ...</title>
  <snippet>
    <s>Apr 18, 2011 A 90 minutes speed-meeting session is planned to allow representatives from cities to meet as many sports professionals as possible, in a </s>
  </snippet>
  <text>
    <s>Official Website of the Chinese Olympic Committee</s>
    <s>China Interactive Sports</s>
    <s>The Games</s>
    <s>China &amp; Olympic Movement</s>
    <s>Sport for All</s>
    <s>Home &gt;&gt; News &gt;&gt; Sports News</s>
    <s>FISU to co-organise City Events conference</s>
    <s>2011-04-19 09:54:00 FISU</s>
    <s>BRUSSELS, April 18, 2011 - From November 16 to 18, 2011, host cities and International sports Federations will meet in Lausanne (Switzerland) to build tomorrow's international sporting events, during the second edition of City Events.</s>
    <s>This year, City Events will bring together international host cities, International Federations, events organisers and suppliers around one theme: &quot;the three dimensions of successful event hosting&quot;. These three dimensions are the economic, social and promotional impacts that successful sporting events can have for their hosts.</s>
    <s>Last year in Brussels, 290 participants, representing 57 countries addressed forward-looking ideas and experiences about future international sporting competitions.</s>
    <s>City Events is organised by GL Events and FISU (International University Sports Federation), in collaboration with TSE Consulting. After its first edition already, City Events has become a major meeting place for the main stakeholders of international sporting events. All aspects required for organising successful sporting events will be discussed by experts over 3 days.</s>
    <s>City Events is the place that will provide ambitious host cities with the information and the networking opportunities that they need. Indeed, being placed in Lausanne, The Olympic Capital, home to more than 50 international sports organisations, City Events can guarantee that cities will make the right connections. City Events is also ideal for Federations willing to identify their future host. Suppliers will be able to develop new commercial contacts.</s>
    <s>This year programme offers a perfect balance between Conferences and networking. Each plenary session will be followed by two break-out sessions during which participants will be able to interact in a more informal manner with the plenary session speakers. A 90 minutes speed-meeting session is planned to allow representatives from cities to meet as many sports professionals as possible, in a quick and efficient manner.</s>
    <s>City Events programme committee will be composed of representatives from: GL Events, FISU, TSE Consulting, Lagardere, Eurosport, Sportcal, Sport Business, City of Lausanne </s>
    <s>City Events' organisation is supported by major industry players such as: TSE consulting, EUROSPORT, Sportcal, SPORT Strategies, Sport business </s>
    <s>Related Story</s>
    <s>Swiss University Sport Federation: Strategic Seminar in Berne(04-12 09:48)</s>
    <s>FISU at SportAccord 2011(04-08 09:51)</s>
    <s>FISU launches &quot;Young Sport Journalist Seminar&quot; at Shenzhen Universiade(04-08 09:48)</s>
    <s>2013 SU Update: Cheerleading Championship takes place at Universiade Village(04-02 09:51)</s>
    <s>2013 WU update: Work meeting in Maribor(04-02 09:45)</s>
    <s>Find an athlete</s>
    <s>Copyright (C) 2003 - 2009 Chinese Olympic Committee. All rights reserved.</s>
    <s>Powered by China Interactive Sports.</s>
    <s>ICP: Beijing ICP030713-2</s>
    <s>Multilingual service by TRANSN</s>
    <s>Contact Us: webmaster@olympic.cn</s>
  </text>
</page>
