<?xml version="1.0" encoding="UTF-8"?>
<!DOCTYPE page SYSTEM "page.dtd">
<page>
  <lang>en</lang>
  <url>http://en.wikipedia.org/wiki/National_Council_of_University_Research_Administrators</url>
  <title>National Council of University Research Administrators - Wikipedia ...</title>
  <snippet>
    <s>2.1.1 Annual Meeting; 2.1.2 Financial Research Administration Conference; 2.1.3 Pre-Award Research Administration. 2.2 Traveling Workshops </s>
  </snippet>
  <text>
    <s>National Council of University Research Administrators</s>
    <s>From Wikipedia, the free encyclopedia</s>
    <s>Jump to: navigation, search</s>
    <s>This article is an orphan, as few or no other articles link to it. Please introduce links to this page from related articles; suggestions may be available. (November 2006)</s>
    <s>NCURA, founded in 1959, is an organization of individuals with professional interests in the administration of sponsored programs (research, education and training), primarily at colleges and universities, with a common desire to:</s>
    <s>Promote the development of more effective policies and procedures relative to the administration of sponsored programs to assure the achievement of the maximum potential in academic programs.</s>
    <s>Provide a forum through national and regional meetings for the discussion and exchange of information and experiences related to sponsored programs in colleges and universities.</s>
    <s>Provide for the dissemination of current information and exchange of views on mutual concerns.</s>
    <s>Promote the development of college and university research administration and the administration of other sponsored programs as a professional field, and to stimulate the personal growth of the members of the Council.</s>
    <s>1 History</s>
    <s>1.1 The Formation of NCURA (1958-1960)</s>
    <s>1.2 Core Purpose and Mission</s>
    <s>1.3 Governance</s>
    <s>1.3.1 Officers and Board of Directors</s>
    <s>1.3.1.1 2011 Officers</s>
    <s>1.3.1.2 2011 Board of Directors</s>
    <s>1.3.2 Past Presidents</s>
    <s>1.3.3 Committees</s>
    <s>1.3.3.1 Nominating and Leadership Development Committee</s>
    <s>1.3.3.2 Professional Development Committee</s>
    <s>1.3.3.3 Financial Management Committee</s>
    <s>1.3.4 Policies</s>
    <s>2 Programs/Education</s>
    <s>2.1 Conferences</s>
    <s>2.1.1 Annual Meeting</s>
    <s>2.1.2 Financial Research Administration Conference</s>
    <s>2.1.3 Pre-Award Research Administration</s>
    <s>2.2 Traveling Workshops</s>
    <s>2.2.1 Fundamentals of Research Administration</s>
    <s>2.2.2 Financial Research Administration</s>
    <s>2.2.3 Departmental Research Administration</s>
    <s>2.2.4 Sponsored Projects Administration Level II</s>
    <s>2.3 On Campus Workshops</s>
    <s>2.4 Online Programs</s>
    <s>2.4.1 Webinars</s>
    <s>2.4.2 Online Tutorials</s>
    <s>2.4.2.1 A Primer on Clinical Trials</s>
    <s>2.4.2.2 A Primer on Federal Contracting</s>
    <s>2.4.2.3 A Primer on Subawards under Federal Assistance Awards</s>
    <s>2.5 NCURATV</s>
    <s>2.5.1 NCURA TV 2011 Programming</s>
    <s>2.5.2 NCURA TV 2010 Programming</s>
    <s>2.5.3 NCURA TV 2009 Programming</s>
    <s>2.5.4 Previous NCURA TV Programs</s>
    <s>2.6 CPE/CEU Information</s>
    <s>3 Publications</s>
    <s>3.1 NCURA Magazine</s>
    <s>3.2 Research Management Review (RMR)</s>
    <s>3.2.1 Training Materials</s>
    <s>4 Membership</s>
    <s>4.1 Types of Membership</s>
    <s>4.1.1 Regular Membership</s>
    <s>4.1.2 Associate Membership</s>
    <s>4.1.3 Emeritus Membership</s>
    <s>4.2 Member Benefits</s>
    <s>4.3 Regions and Neighborhoods</s>
    <s>4.3.1 Regions</s>
    <s>4.3.1.1 Region 1</s>
    <s>4.3.1.2 Region 2</s>
    <s>4.3.1.3 Region 3</s>
    <s>4.3.1.4 Region 4</s>
    <s>4.3.1.5 Region 5</s>
    <s>4.3.1.6 Region 6</s>
    <s>4.3.1.7 Region 7</s>
    <s>4.3.2 Neighborhoods</s>
    <s>4.3.2.1 Compliance</s>
    <s>4.3.2.2 Departmental Administration</s>
    <s>4.3.2.3 Electronic Research Administration</s>
    <s>4.3.2.4 Financial Research Administration</s>
    <s>4.3.2.5 International</s>
    <s>4.3.2.6 Pre-Award</s>
    <s>4.3.2.7 Predominantly Undergraduate Institutions</s>
    <s>5 Links</s>
    <s>6 Calendar</s>
    <s>6.1 2011 Calendar</s>
    <s>6.1.1 January 31 – February 2, 2011</s>
    <s>6.1.2 March 4-6, 2011</s>
    <s>6.1.3 April 3-6, 2011</s>
    <s>6.1.4 April 16-20, 2011</s>
    <s>6.1.5 April 17-20, 2011</s>
    <s>6.1.6 May 1-3, 2011</s>
    <s>6.1.7 May 1-4, 2011</s>
    <s>6.1.8 May 15-18, 2011</s>
    <s>6.1.9 July, 2011</s>
    <s>6.1.10 November 6 – November 9, 2011</s>
    <s>[edit] History</s>
    <s>[edit] The Formation of NCURA (1958-1960)</s>
    <s>The National Council of University Research Administrators (NCURA) was initiated in 1958 to aid in the evolution of the profession of Research Administration from that of a part-time job performed by persons with other primary duties into that of a full-time profession with specific requirements. NCURA has been the premier professional association for university research administrators since that time.</s>
    <s>At a conference on research administration held in Estes Park, Colorado in June 1958, a plan was developed for a clearinghouse for the exchange of information about research administration. In a subsequent meeting in November held at the Cornell Aeronautical Laboratory in Buffalo, a group of eight administrators “agreed that there was a need for some kind of group or organization that would look beyond business and fiscal matters into the broader aspects of research administration,” as reported by Donald S. Murray of the University of Pennsylvania.</s>
    <s>In December 1958, Raymond Ewell of the State University of New York at Buffalo wrote Murray that he and William C. Wheadon of Syracuse University had been discussing the possibility of organizing a group of research administrators from eastern universities to discuss mutual problems, again as the result of the Estes Park meeting. An opportunity for advancing these ideas arose in September 1959 when an informal meeting was held by about 25 participants at the 13th National Conference on the Administration of Research (NCAR) at Manchester, Vermont. This meeting determined that a national organization of university research administrators would serve a useful purpose. Thus, the concept of NCURA was born.</s>
    <s>To bring the concept to fruition, the group appointed a five member organizing committee, which consisted of Raymond Ewell, William Wheadon, Donald Murray, Sidney Roth of New York University, and John Hastie of Cornell University. These five met in New York City on October 28, 1959 and adopted a set of recommendations for presentation to a formal organizing group, scheduled to meet on January 26, 1960 in Chicago. The recommendations included: • Membership to be on an individual, rather than institutional, basis. • Membership initially to be limited “to persons employed by universities or university-integrated research institutes having sponsored research programs in excess of $1,000,000 per year.” (In 1959, there were only about 70-75, such institutions.This principle applied only “initially”; no such limits have been considered since.) • Regional councils to be established within the national organization. (Although it took ten years to establish regions, it is important to note that regional organizations were planned at the outset.) The group also decided to invite to the January organization meeting “an Ad Hoc Organizing Committee of about 25 members to work out the organization further, elect officers for 1960, discuss possible affiliation, and discuss objectives and modi operandi.” The name, “National Council of University Research Administrators,” appeared for the first time in the report of the October 28 meeting.</s>
    <s>[edit] Core Purpose and Mission</s>
    <s>i. NCURA serves its members and advances the field of research administration through education and professional development programs, the sharing of knowledge and experience, and by fostering a professional, collegial, and respected community. ii. Goals</s>
    <s>Goal A: NCURA will be the leader in professional development, knowledge exchange, and individual development for research administration</s>
    <s>Goal B: NCURA will be the leading information resource for the research administration community</s>
    <s>Goal C: NCURA will have sufficient financial resources and infrastructure to meet its objectives and respond quickly and creatively to opportunities</s>
    <s>Goal D: Research administration will be a respected and valued profession within the research community</s>
    <s>[edit] Governance</s>
    <s>The Council is governed by the Board of Directors, which consists of the President, Vice President, Secretary, Treasurer, Immediate Past President, Executive Director, seven regional elected representatives, four at-large members, and up to three presidential appointments.</s>
    <s>[edit] Officers and Board of Directors</s>
    <s>[edit] 2011 Officers</s>
    <s>President: Judy Fredenberg, University of Montana</s>
    <s>Vice President: Dan Nordquist, Washington State University</s>
    <s>Treasurer: Mario Medina, The University of Texas at San Antonio</s>
    <s>Secretary: Barbara Gray, Valdosta State University</s>
    <s>Immediate Past President: David Richardson, Pennsylvania State University</s>
    <s>Executive Director: Kathleen Larmett, National Council of University Research Administrators</s>
    <s>[edit] 2011 Board of Directors</s>
    <s>Ralph Brown, Colorado School of Mines</s>
    <s>Csilla Csaplar, Stanford University</s>
    <s>Thomas Egan, Massachusetts Institute of Technology</s>
    <s>Betty Farbman, New York University</s>
    <s>Josie Jimenez, New Mexico State University</s>
    <s>Antoinette Lawson, University of Maryland, College Park</s>
    <s>Debbie Newton, University of Tulsa</s>
    <s>Heather Offhaus, University of Michigan Medical School</s>
    <s>Craig Reynolds, University of Michigan-Ann Arbor</s>
    <s>Georgette Sakumoto, University of Hawaii</s>
    <s>Steve H. Smartt, Vanderbilt University</s>
    <s>Jill Tincher, University of Miami School of Medicine</s>
    <s>Anthony Ventimiglia, Auburn University</s>
    <s>Samantha Westcott, University of California, Irvine</s>
    <s>[edit] Past Presidents</s>
    <s>1967 William Wheadon, Syracuse University</s>
    <s>1968 Donald Murray, University of Pennsylvania</s>
    <s>1969 Raymond Woodrow, Princeton University</s>
    <s>1970 Sidney Roth, New York University</s>
    <s>1971 George R. Holcomb, University of North Carolina at Chapel Hill</s>
    <s>1972 David Bacon, Stanford University</s>
    <s>1973 John F. Adams, Georgia State University</s>
    <s>1974 Clark A. Mccartney, University of Southern California</s>
    <s>1975 Perry B. Hendricks, Jr., Pacific Lutheran University</s>
    <s>1976 Eric R. Rude, University of Wisconsin</s>
    <s>1977 Harold B. Hunnicutt, Arizona State University</s>
    <s>1978 Margery E. Hoppin, University of Iowa</s>
    <s>1979 Truman F. Cook, Southern Methodist University</s>
    <s>1980 Dennis W. Barnes, University of Virginia</s>
    <s>1981 Frederick Sudermann, Wichita State University</s>
    <s>1982 Anthony Merritt, University of Pennsylvania</s>
    <s>1983 Mark Elder, University of Oklahoma</s>
    <s>1984 Edward L. Maccordy, Washington University</s>
    <s>1985 Earl J. Freise, University of Nebraska - Lincoln</s>
    <s>1986 Mary Ellen Sheridan, SUNY at Binghamton</s>
    <s>1987 Allen J. Sinisgalli, Princeton University</s>
    <s>1988 Julie T. Norris, University of Houston</s>
    <s>1989 Jane A. Youngers, University of Rochester</s>
    <s>1990 Frederick Bentley II, Stanford University</s>
    <s>1991 Stephen Erickson, Harvard University</s>
    <s>1992 Ardis M. Savory, University of South Carolina</s>
    <s>1993 Henry O. Hooper, Northern Arizona University</s>
    <s>1994 Steven H. Smartt, Vanderbilt University</s>
    <s>1995 Richard P. Seligman, University of California, Los Angeles</s>
    <s>1996 Kim Moreland, University of Kansas</s>
    <s>1997 Steve Hansen, Southern Illinois University at Edwardsville</s>
    <s>1998 Mary Husemoller, University of Nevada, Reno</s>
    <s>1999 Cheryl Lee Howard, The Johns Hopkins University</s>
    <s>2000 Nancy Wilkinson, Emory University</s>
    <s>2001 Regina H. White, University of Vermont</s>
    <s>2002 John Case, University of North Carolina at Chapel Hill</s>
    <s>2003 Robert J. Killoren, Jr., Pennsylvania State University</s>
    <s>2004 Patrick W. Fitzgerald, Massachusetts Institute of Technology</s>
    <s>2005 Jerry Fife, Vanderbilt University</s>
    <s>2006 Laura Wade, University of Houston</s>
    <s>2007 Pamela Whitlock, University of North Carolina at Wilmington</s>
    <s>2008 David Mayo, California Institute of Technology</s>
    <s>2009 Denise Clark, University of Maryland, College Park</s>
    <s>2010 Dave Richardson, Pennsylvania State University</s>
    <s>2011 Judy Fredenberg, University of Montana</s>
    <s>[edit] Committees</s>
    <s>Many activities of the Council are conducted through three Standing Committees, which include Financial Management Committee (FMC), Professional Development Committee (PDC), Nominating and Leadership Development Committee (N&amp;LDC), and certain Select Committees and Task Force.</s>
    <s>[edit] Nominating and Leadership Development Committee</s>
    <s>The Nominating and Leadership Development Committee (N&amp;LDC) is responsible for the development of leaders within NCURA, overseeing the selection of candidates for national office and Board positions, and management of NCURA’s awards and recognition programs</s>
    <s>[edit] Professional Development Committee</s>
    <s>The Professional Development Committee (PDC) helps to set the agenda for professional development programming and publications of the organization. In addition to overseeing production of the Annual Meeting and the NCURA journal, Research Management Review, it also recommends new special topic conferences, manages the evaluation process for ongoing programming, recommends faculty for the traveling workshops, and evaluates new educational tools.</s>
    <s>[edit] Financial Management Committee</s>
    <s>The Financial Management Committee (FMC) is responsible for the preparation and oversight of NCURA’s annual and projected budgets and oversight of NCURA’s investment, revenue, and expenditure strategies.</s>
    <s>[edit] Policies</s>
    <s>i. Articles of Confederation</s>
    <s>ii. Bylaws</s>
    <s>iii. Administrative Policies</s>
    <s>[edit] Programs/Education</s>
    <s>[edit] Conferences</s>
    <s>[edit] Annual Meeting</s>
    <s>The NCURA Annual Meeting is a meeting of the NCURA membership. The meeting is a three-day program of concurrent, sessions, discussion groups, and plenary sessions with an additional one to one and a half days of intensive workshops. The dates for the 2011 Annual Meeting are November 6- 9, 2011</s>
    <s>[edit] Financial Research Administration Conference</s>
    <s>The community of those engaged in the financial administration of research was brought together in 2000 for a special topic conference on post-award issues. This community has come together each year since then for their own conference which has grown from 300 participants in the year 2000 to over 700 in 2010. This conference travels to a new location each year and is held between February - April each year. The 2011 dates and location are March 4-6, 2011 in San Diego, CA.</s>
    <s>FRA 12</s>
    <s>[edit] Pre-Award Research Administration</s>
    <s>In 2006, the NCURA Board of Directors unanimously agreed to offer a Pre-Award Research Administration (PRA) Conference in the summer. The vision for this conference is to create an annual PRA Conference complementing the existing FRA (Financial Research Administration) annual conference. This in depth and targeted training and professional development includes offerings for those new to the profession through to our most senior level members. PRA offers concurrent sessions, open forums, discussion groups, workshops and exhibits from our vendor partners who support Pre-award activities</s>
    <s>[edit] Traveling Workshops</s>
    <s>[edit] Fundamentals of Research Administration</s>
    <s>Individuals involved in sponsored projects administration are faced with a multitude of challenges: becoming knowledgeable about federal regulations and individual agency requirements, providing assistance to faculty, gathering information, administration of awards, and many other tasks. The purpose of this program is to provide participants with a broad overview of the various aspects involved in sponsored projects administration, including preparation and review of proposals; negotiation and acceptance of awards; financial and administrative management, closeout and audit, as well as the relevant compliance issues.</s>
    <s>[edit] Financial Research Administration</s>
    <s>This workshop provides an in-depth look at financial compliance issues through a combination of lecture, case studies, review of Federal audit reports, and a discussion of best practices. The workshop presents the financial issues of sponsored programs management using a ‘cradle-to-grave’, award lifecycle approach, and discusses the impact of the financial issues at each stage of award management.</s>
    <s>[edit] Departmental Research Administration</s>
    <s>NCURA is proud to offer a new workshop geared specifically for the departmental administrator, the Departmental Research Administration Workshop (DRA). Administrators who work at the department and college level have unique challenges. Like central offices, we must have the knowledge of pre- and post-award functions. What distinguishes the departmental research administrator from other research support functions is being intimately involved with all facets of the administration process, daily interaction with faculty, as well as other departmental-specific responsibilities.</s>
    <s>[edit] Sponsored Projects Administration Level II</s>
    <s>For more experienced research administrators, NCURA created &quot;Sponsored Project Administration: Level Two, Critical Issues in Research Administration&quot; (commonly referred to as &quot;SPA II&quot;). This two and a half day professional development program offers participants an opportunity for in-depth instruction in four core aspects of research administration: institutional compliance responsibilities, proposal creation and submission, contract and subaward review, and post award financial administration. Each of these topics will be explored through a combination of case study analysis and discussion.</s>
    <s>SPA II differs from the Fundamentals of Sponsored Project Administration program in a number of important ways. Though Fundamentals is not a prerequisite to enrolling in SPA II, attendees are encouraged to have a minimum of three years of sponsored projects administration experience in order to understand and contribute to the discussion. Where Fundamentals provides a broad, sweeping overview of sponsored projects from &quot;cradle to grave,&quot; SPA II takes a focused, in-depth view of a limited number of topics and issues. This approach enables the use of discussion and case studies to provide for greater audience participation. The Open Forum is another unique feature of SPA II where participants can pose questions and engage in lively discussion about virtually any aspect of research administration.</s>
    <s>[edit] On Campus Workshops</s>
    <s>NCURA offers the opportunity for any of the above four workshops—Fundaments, Financial Research Administration, Departmental Research Administration, and Sponsored Projects Administration II—to travel to campuses across the country and world. In order to bring a workshop to your institution, you need to have a minimum of 60 participants. These can be individuals from your campus, system as well as neighboring institutions. You supply the workshop on-campus location, the meals and beverage breaks, and the necessary AV equipment and NCURA will provide the rest - a faculty, who are leaders in the field, and all workshop materials. This is an incredibly cost effective way to educate a large number of people on the critical issues surrounding departmental research administration.</s>
    <s>[edit] Online Programs</s>
    <s>[edit] Webinars</s>
    <s>[edit] Online Tutorials</s>
    <s>[edit] A Primer on Clinical Trials</s>
    <s>We have developed a thorough overview of this complex process. As a primer it is intended for those new to clinical trials, or who have had very limited exposure. The course will focus on key administrative, financial, and regulatory issues that arise in planning, funding, conducting, and closing-out clinical trials. You will not become an expert in every aspect of clinical trials but you will become knowledgeable about many facets of the clinical trial process.</s>
    <s>[edit] A Primer on Federal Contracting</s>
    <s>Since Federal contracts are very different from federal grants, we have developed a thorough overview of this complex process. As a primer it is intended for those new to the federal contracting arena, or who have had very limited exposure.</s>
    <s>[edit] A Primer on Subawards under Federal Assistance Awards</s>
    <s>We have developed an overview of this complex process. As a primer it is intended for those new to subawards, or who have had very limited exposure. This online tutorial is focused on subcontracting programmatic effort under federal grants and other financial assistance awards. &quot;Subcontracting&quot; and &quot;third party agreements&quot; cover a wide variety of activities, too broad to be thoroughly addressed in an online tutorial. To alleviate this issue, the course has been divided into a series of lessons that deal with aspects of the subaward crucial to the Research Administrator. You will not become an expert in every aspect of subawards but you will become knowledgeable about many facets of the subawards.</s>
    <s>[edit] NCURATV</s>
    <s>[edit] NCURA TV 2011 Programming</s>
    <s>ABC's of the Federal Cost Principles</s>
    <s>Managing Interactions and Potential Conflicts of Interest With University Spinoffs and Other Small Businesses for the Department Administrator</s>
    <s>The Fiscal Aspects of Human Subjects Compliance</s>
    <s>International Collaborations: Negotiations and Compliance</s>
    <s>[edit] NCURA TV 2010 Programming</s>
    <s>Managing Financial Requirements of Awards</s>
    <s>Critical Issues for the Department Administrator</s>
    <s>Non-Financial Research Compliance</s>
    <s>Negotiating Federal Contracts and Pass-Through Awards</s>
    <s>[edit] NCURA TV 2009 Programming</s>
    <s>[edit] Previous NCURA TV Programs</s>
    <s>[edit] CPE/CEU Information</s>
    <s>One Continuing Education Unit (CEU) is defined as ten contact hours of participation in an organized continuing education experience under responsible sponsorship, capable direction, and qualified instruction.</s>
    <s>CEU’s are available for NCURA Traveling Workshops, National Conferences, Online Tutorials, Webinars and NCURA TV with appropriate documentation.</s>
    <s>Continuing Profession Education (CPE) credits are for Certified Public Accountants. NCURA is a program sponsor, accredited each year by NASBA.</s>
    <s>CPE credits are awarded for Traveling Workshops, National Meetings, National meeting concurrent sessions and workshops only, and live viewings of NCURATV with appropriate documentation.</s>
    <s>[edit] Publications</s>
    <s>[edit] NCURA Magazine</s>
    <s>NCURA Magazine is a member only magazine available both in print and online for all NCURA members. The articles cover everything from changing trends in Research Administration, to breaking government news, to interviews with prominent officials, and essays by Research Administrators. NCURA Magazine is published 6 times a year, with one issue released electronically-only.</s>
    <s>[edit] Research Management Review (RMR)</s>
    <s>As the scholarly journal for the National Council of University Research Administrators, the RMR is concerned with the broad range of issues affecting the administration of research and the changing research environment at the national and international levels. The RMR provides a forum for the dissemination of knowledge about the study and practice of the research administration profession.</s>
    <s>[edit] Training Materials</s>
    <s>[edit] Membership</s>
    <s>[edit] Types of Membership</s>
    <s>[edit] Regular Membership</s>
    <s>Available to any individual engaged in the administration of sponsored programs in a college or university, a teaching hospital or not for profit hospital an independent not for profit research institute, or an organization wholly organized and administered by a college or university or a consortium of colleges and universities, or an association or society with individual or institutional members predominantly from colleges and universities.</s>
    <s>[edit] Associate Membership</s>
    <s>Available to any individual who is not qualified for Regular Membership, but whose activities are related to the administration of sponsored programs at colleges and universities.</s>
    <s>[edit] Emeritus Membership</s>
    <s>Available to any person who has been a Regular Member or Associate Member for five years prior to retirement. Those persons may, under the guidelines set forth in the Council's administrative policies and procedures, become an Emeritus Member or Emeritus.</s>
    <s>[edit] Member Benefits</s>
    <s>The Council maintains an Office located in Washington, D.C. The NCURA staff coordinates activities of the Council, facilitates communications among its members and, in general, serves the membership.</s>
    <s>The NCURA Magazine , published six times a year, will keep you up-to-date on current issues, features topics of particular interest to research administrators and highlights NCURA's activities Nationally and Regionally. A calendar of events is published and announcements of position openings are advertised in each issue.</s>
    <s>The online NCURA Directory is a listing of all current members that’s updated daily. In addition to an alphabetical listing of individual members, the directory lists each member by region.</s>
    <s>The NCURA Journal Research Management Review , discusses the broad range of issues affecting the administration of research, and is published online with new articles throughout the year.</s>
    <s>Additional books and training materials that deal with certain aspects of research administration are published and made available to the membership at a discounted rate.</s>
    <s>Position Openings are announced in the NCURA Magazine and in the NCURA Career Center.</s>
    <s>The Annual Meeting of the Council, held in Washington, D.C., usually in November, is an opportunity for research administrators to discuss and exchange ideas on research policies and problems.</s>
    <s>[edit] Regions and Neighborhoods</s>
    <s>[edit] Regions</s>
    <s>NCURA’s members are currently organized into seven different geographically based regions which encompass all states in the United States. International members are invited to join any of the seven regions based on their preference. The organization of these regions allows for a smaller geographic community within the larger NCURA community. Each region hosts its own Regional Meeting annually, coordinated by the region leadership. The seven regions are as follows:</s>
    <s>[edit] Region 1</s>
    <s>Connecticut • Maine • Massachusetts • New Hampshire • Rhode Island • Vermont</s>
    <s>[edit] Region 2</s>
    <s>Delaware • Maryland • New Jersey • New York • Pennsylvania • Washington, D.C. • West Virginia</s>
    <s>[edit] Region 3</s>
    <s>Alabama • Arkansas • Florida • Georgia • Kentucky • Louisiana • Mississippi • North Carolina • Puerto Rico • South Carolina • Tennessee • Virgin Islands • Virginia</s>
    <s>[edit] Region 4</s>
    <s>Illinois • Indiana • Iowa • Kansas • Michigan • Minnesota • Missouri • Nebraska • North Dakota • Ohio • South Dakota • Wisconsin</s>
    <s>[edit] Region 5</s>
    <s>Oklahoma • Texas</s>
    <s>[edit] Region 6</s>
    <s>Alaska • California • Hawaii • Nevada • Oregon • Washington</s>
    <s>[edit] Region 7</s>
    <s>Arizona • Colorado • Idaho • Montana • New Mexico • Utah • Wyoming</s>
    <s>[edit] Neighborhoods</s>
    <s>NCURA’s neighborhoods are online communities of professional interest. They provide a forum for topic based education, exchange, and discussion. The seven areas of interest are:</s>
    <s>[edit] Compliance</s>
    <s>[edit] Departmental Administration</s>
    <s>[edit] Electronic Research Administration</s>
    <s>[edit] Financial Research Administration</s>
    <s>[edit] International</s>
    <s>[edit] Pre-Award</s>
    <s>[edit] Predominantly Undergraduate Institutions</s>
    <s>[edit] Links</s>
    <s>[edit] Calendar</s>
    <s>[edit] 2011 Calendar</s>
    <s>[edit] January 31 – February 2, 2011</s>
    <s>Fundamentals of Sponsored Project Administration Workshop</s>
    <s>San Francisco, CA</s>
    <s>Sponsored Project Administration Level II Workshop</s>
    <s>San Francisco, CA</s>
    <s>[edit] March 4-6, 2011</s>
    <s>Financial Research Administration (FRA) 12 Conference: Looking Forward Strategically: Balancing Collaboration, Problem-Solving and Accountability</s>
    <s>Manchester Grand Hyatt San Diego, CA</s>
    <s>[edit] April 3-6, 2011</s>
    <s>Region VI / VII (Western/Rocky Mountain) Denver, CO</s>
    <s>[edit] April 16-20, 2011</s>
    <s>Region IV (Mid-America) Cleveland, OH</s>
    <s>[edit] April 17-20, 2011</s>
    <s>Region V (Southwestern) Houston, TX</s>
    <s>[edit] May 1-3, 2011</s>
    <s>Region II (Mid-Atlantic) New York, NY</s>
    <s>[edit] May 1-4, 2011</s>
    <s>Region III (Southeastern) Isle of Palms, SC</s>
    <s>[edit] May 15-18, 2011</s>
    <s>Region I (New England) New Haven, CT</s>
    <s>[edit] July, 2011</s>
    <s>Pre-Award Research Administration 5 Conference TBD</s>
    <s>[edit] November 6 – November 9, 2011</s>
    <s>53rd Annual Meeting Washington Hilton Washington, DC</s>
    <s>Retrieved from &quot;http://en.wikipedia.org/w/index.php?title=National Council of University Research Administrators&amp;oldid=445604313&quot;</s>
    <s>Educational organizations based in the United States</s>
    <s>Hidden categories:</s>
    <s>Orphaned articles from November 2006</s>
    <s>All orphaned articles</s>
    <s>Personal tools</s>
    <s>Log in / create account</s>
    <s>View history</s>
    <s>Main page</s>
    <s>Featured content</s>
    <s>Current events</s>
    <s>Random article</s>
    <s>Donate to Wikipedia</s>
    <s>About Wikipedia</s>
    <s>Community portal</s>
    <s>Recent changes</s>
    <s>Contact Wikipedia</s>
    <s>What links here</s>
    <s>Related changes</s>
    <s>Upload file</s>
    <s>Special pages</s>
    <s>Permanent link</s>
    <s>Cite this page</s>
    <s>Create a book</s>
    <s>Download as PDF</s>
    <s>Printable version</s>
    <s>This page was last modified on 19 August 2011 at 02:36.</s>
    <s>Text is available under the Creative Commons Attribution-ShareAlike License; additional terms may apply. See Terms of use for details.</s>
    <s>Wikipedia® is a registered trademark of the Wikimedia Foundation, Inc., a non-profit organization.</s>
    <s>Contact us</s>
    <s>Privacy policy</s>
    <s>About Wikipedia</s>
    <s>Mobile view</s>
    <s>Please use the preview button before saving. e)</s>
  </text>
</page>
