<?xml version="1.0" encoding="UTF-8"?>
<!DOCTYPE page SYSTEM "page.dtd">
<page>
  <lang>en</lang>
  <url>http://archive.ifla.org/IV/ifla61/rthist94.htm</url>
  <title>Round Table on Library History - 61st IFLA General Conference</title>
  <snippet>
    <s>One of the goals of the Round Table is to arrange for translations of the papers of speakers at IFLA Conferences. The Secretary was assisted by both the </s>
  </snippet>
  <text>
    <s>61st IFLA General Conference - Conference Proceedings - August 20-25, 1995</s>
    <s>Round Table on Library History</s>
    <s>Annual Report 1994</s>
    <s>Paul Sturges Department of Library and Information Studies</s>
    <s>Loughborough University of Technology, Loughborough</s>
    <s>Leics. LE11 3TU</s>
    <s>Fax: (44-509) 223053</s>
    <s>e-mail: r.p.sturges@lut.ac.uk is Chair of the Round Table on Library History.</s>
    <s>Stephen Massil University of London Library</s>
    <s>Senate House</s>
    <s>Malet Street</s>
    <s>London WC1E 7HU</s>
    <s>Fax: (44-171) 4361494</s>
    <s>e-mail: smassil@uk.ac.lon.consull is Secretary.</s>
    <s>Executive Committee</s>
    <s>The Round Table has an Executive Committee of 22 members from 13 countries.</s>
    <s>Projects and Activities</s>
    <s>Pamela Spence Richards is the editor of the RTLH Newsletter for which a UK ISSN has been secured.</s>
    <s>One of the goals of the Round Table is to arrange for translations of the papers of speakers at IFLA Conferences. The Secretary was assisted by both the speakers and by Annie Gachon (Aix, France) so there were English, French and German versions of one or both of the papers presented at the Havana Conference.</s>
    <s>International Directory of Experts in Library History</s>
    <s>Work on the 2nd edition of the Directory of Experts in Library History is progressing and the Round Table expects to publish it at the end of 1995.</s>
    <s>Future Conferences</s>
    <s>Istanbul 1995</s>
    <s>The Round Table plans for a pre-conference seminar and, following initial correspondence with the 1995 Organizing Committee, agreement has been reached with the Department of Library Science at Istan bul University to host the seminar and undertake local arrangements. The Secretary visited Istanbul in June 1994 to work though the arrangements and to view the proposed venue for the meeting. Plans for the open session have been developed and two speakers have confirmed acceptance.</s>
    <s>Havana Meeting</s>
    <s>The Round Table held an open session in Havana with two papers presented:</s>
    <s>La historia de las bibliotecas en Mco, un tema olvidado</s>
    <s>by ROSA MARIA FERNANDEZ DE ZAMORA</s>
    <s>The development of the historical research carried out during the last ten years is presented, with special attention to its great contribution to the history of the Mexican culture and stressing th e fact that there is still more to be done, in spite of the progress made.</s>
    <s>Expectations and a Worthy, Respectable Position in Society: Means and Aims of Library Work within the Early Labour Movement in Sweden</s>
    <s>by MAGNUS TORSTENSSON</s>
  </text>
</page>
