<?xml version="1.0" encoding="UTF-8"?>
<!DOCTYPE page SYSTEM "page.dtd">
<page>
  <lang>en</lang>
  <url>http://140.185.104.240/index.php%3Foption%3Dcom_docman%26task%3Ddoc_details%26gid%3D578%26Itemid%3D33</url>
  <title>Document Details | OEA Session Evaluation Form - Sustaining ...</title>
  <snippet>
    <s>Aug 3, 2011 Home &middot; Resource Library &middot; Resource Library Home OEA Session Evaluation Form - Sustaining Military Readiness Conference Nashville, TN, </s>
  </snippet>
  <text>
    <s>eGrants Login</s>
    <s>EADS Login</s>
    <s>EAC Login</s>
    <s>EA Clearinghouse</s>
    <s>Contact Us</s>
    <s>Site Map</s>
    <s>OEA Home</s>
    <s>About Us</s>
    <s>About OEA</s>
    <s>Our Director</s>
    <s>Our Staff</s>
    <s>Our History</s>
    <s>Economic Adjustment Committee (EAC)</s>
    <s>Project Highlights</s>
    <s>News &amp; Announcements</s>
    <s>Contact Us</s>
    <s>Assistance Programs</s>
    <s>Assistance Programs Information</s>
    <s>Base Realignment &amp; Closure</s>
    <s>Defense Industry Adjustment</s>
    <s>Compatible Use</s>
    <s>Mission Growth</s>
    <s>Federal Assistance</s>
    <s>Resource Library</s>
    <s>Resource Library Home</s>
    <s>My Town Hall</s>
    <s>My Town Hall Home</s>
    <s>Mail Subscriptions</s>
    <s>Grants Information</s>
    <s>Electronic Code of Federal Regulations</s>
    <s>Department of Defense</s>
    <s>U.S. Air Force</s>
    <s>U.S. Army</s>
    <s>U.S. Navy</s>
    <s>Federal Agencies - Workforce</s>
    <s>Federal Agencies - Environment</s>
    <s>Federal Agencies - Transportation</s>
    <s>Federal Agencies - Others</s>
    <s>External Support Organizations</s>
    <s>Base Reuse Websites</s>
    <s>Land Use Planning</s>
    <s>State Military Councils</s>
    <s>Resource Library</s>
    <s>Resource Library Home</s>
    <s>Can't View PDF?</s>
    <s>Download the latest version of Adobe Reader</s>
    <s>Can't Listen to MP3?</s>
    <s>Download any one of the following players:</s>
    <s>Windows Media Player</s>
    <s>RealOne Player (RealAudio)</s>
    <s>Top 10 Documents</s>
    <s>2009 Defense Community Conference Agenda</s>
    <s>Base Reutilization Status – 1988, 1991, 1993, and 1995 BRAC Action</s>
    <s>National Naval Medical Center (NNMC) Bethesda, MD</s>
    <s>Army National Guard Readiness Center, VA</s>
    <s>JLUS Case Study For NAS Pensacola And NAS Whiting Field - Speaker: Rich Tenga</s>
    <s>Mark Center</s>
    <s>Compatible Use - Collaborative Land Use Case Studies - Speakers: Harris, Tenga, Triello, Dougherty</s>
    <s>The Practical Guide to Compatible Civilian Development Near Military Installations</s>
    <s>HASC Military Construction, Housing, Base Closure, Facilities Operation</s>
    <s>EAC Catalog of Federal Assistance</s>
    <s>HomeResource LibraryResource Library HomeOEA Session Evaluation Form - Sustaining Military Readiness Conference Nashville, TN, July 25-29</s>
    <s>Text size:</s>
    <s>Details for OEA Session Evaluation Form - Sustaining Military Readiness Conference Nashville, TN, July 25-29</s>
    <s>OEA Session Evaluation Form - Sustaining Military Readiness Conference Nashville, TN, July 25-29</s>
    <s>OEA Session Evaluation Form.PDF</s>
    <s>29.94 kB</s>
    <s>PDF (Mime Type: application/pdf)</s>
    <s>Created On:</s>
    <s>08/03/2011 11:40</s>
    <s>Maintained by:</s>
    <s>265 Hits</s>
    <s>Last updated on:</s>
    <s>08/03/2011 11:41</s>
    <s>eGrants Login | EADS Login | EAC Login | EA Clearinghouse | Contact Us | FAQs | Site Map | Help</s>
    <s>Page Last Updated: June 3, 2011 | This site is Section 508 compliant | Site Security Notice</s>
  </text>
</page>
