<?xml version="1.0" encoding="UTF-8"?>
<!DOCTYPE page SYSTEM "page.dtd">
<page>
  <lang>en</lang>
  <url>http://annualmeeting.aaaai.org/attendee/registration_housing.php</url>
  <title>Registration and Housing - Annual Meeting - AAAAI</title>
  <snippet>
    <s>Discounted Registration Fee for Fellows/Members from Developing Countries The discount program for members from developing countries offers current </s>
  </snippet>
  <text>
    <s>Registration and Housing</s>
    <s>2011 Annual Meeting</s>
    <s>2011 Abstract Supplements</s>
    <s>2011 Handouts</s>
    <s>2011 Virtual Annual Meeting</s>
    <s>Claim your 2011 CME Credits</s>
    <s>Ambassador Program</s>
    <s>ARTrustTM Meeting Information</s>
    <s>General Information</s>
    <s>Guest/Associate Information</s>
    <s>Military Allergy Symposium</s>
    <s>Orlando Information</s>
    <s>Preliminary Program</s>
    <s>Registration and Housing</s>
    <s>Exhibitor Application</s>
    <s>Exhibitor Deadlines</s>
    <s>Exhibitor Forms</s>
    <s>Adverising Rate Card</s>
    <s>Exhibit Application &amp; Contract</s>
    <s>Function Space Request</s>
    <s>Giveaway Request</s>
    <s>Mailing List Request</s>
    <s>Exhibitor Prospectus</s>
    <s>Floor Plan</s>
    <s>Registration and Housing</s>
    <s>Speaker Toolkit</s>
    <s>Registration and Housing</s>
    <s>Media Policies</s>
    <s>Meeting Information</s>
    <s>Contact Us</s>
    <s>AAAAI Home</s>
    <s>Registration &amp; Housing Information</s>
    <s>Important Dates</s>
    <s>Wednesday, October 12, 2011</s>
    <s>Registration and housing opens for AAAAI Fellows</s>
    <s>Wednesday, October 26, 2011</s>
    <s>Registration and housing opens for AAAAI Members</s>
    <s>Wednesday, November 9, 2011</s>
    <s>Registration and housing opens to all delegates</s>
    <s>What your Registration Fee Includes:</s>
    <s>-Access to the Exhibit Hall</s>
    <s>-Access to more than 350 educational sessions</s>
    <s>-Featured Poster Session &amp; Reception</s>
    <s>-Poster Hall</s>
    <s>-Handouts on flash drive</s>
    <s>-Abstracts on flash drive</s>
    <s>Registration Fees</s>
    <s>AAAAI Members On or before Feb. 1 After Feb. 1</s>
    <s>Fellow, Member</s>
    <s>Discounted Fee for Fellows/Members from Developing Countries</s>
    <s>Allied Health Member</s>
    <s>Emeritus Fellow, Emeritus Member, Fellow-in-Training Member, PhD Postdoc</s>
    <s>Virtual Annual Meeting</s>
    <s>MD, DO, PhD, PharmD</s>
    <s>Clinical Research Coordinator, Dietician/Nutritionist, Medical Administrator, Nurse, Nurse Practitioner, Pharmacist, Physician Assistant, Respiratory Therapist</s>
    <s>Other Non-Members (non-MD, non-DO, non-PhD, Industry Representative)</s>
    <s>Virtual Annual Meeting</s>
    <s>Must attach proof of enrollment at time of registration in order to register at the reduced rate. Fellows-in-Training and Residents must submit a letter signed by their Program Director. Medical Students must submit a copy of their valid student ID. If proof of enrollment does not accompany the registration form, you will not be registered until proof is received.</s>
    <s>Discounted Registration Fee for Fellows/Members from Developing Countries</s>
    <s>The discount program for members from developing countries offers current AAAAI Fellows and members in countries designated as &quot;low income&quot; or &quot;lower-middle income&quot; by the World Bank (based on gross national income per capita) a 50% discount on registration fees. Your eligibility requirements will be verified before your registration is processed. Developing Country Discount Registration Deadline: February 1, 2012.</s>
    <s>Eligibility Requirements:</s>
    <s>1. Current AAAAI Fellows and members, paid through December 2010 are eligible for this discounted registration.</s>
    <s>2. In order for a non-member to qualify as a paid member, all membership application materials must be received by the AAAAI executive office by September 15.</s>
    <s>3. Only individual delegates who pre-register by February 1, 2012 for the Annual Meeting are eligible for this discount. This discount is not available to groups or individuals who register onsite.</s>
    <s>4. The registering delegate must permanently reside in one of these eligible countries: Afghanistan, Angola, Armenia, Bangladesh, Belize, Benin, Bhutan, Bolivia, Burkina Faso, Burundi, Cambodia, Cameroon, Cape Verde, Central African Republic, Chad, Comoros, Democratic Republic of Congo, Republic of Congo, Cote d'Ivoire, Djibouti, Arab Republic of Egypt, El Salvador, Eritrea, Ethiopia, Fiji, The Gambia, Georgia, Ghana, Guatemala, Guinea, Guinea-Bissau, Guyana, Haiti, Honduras, India, Indonesia, Iraq, Kenya, Kiribati, Democratic Republic of Korea, Kosovo, Kyrgyz Republic, Lao People's Democratic Republic, Lesotho, Liberia, Madagascar, Malawi, Mali, Marshall Islands, Mauritania, Federated States of Micronesia, Moldova, Mongolia, Morocco, Mozambique, Myanmar, Nepal, Nicaragua, Niger, Nigeria, Pakistan, Papua New Guinea, Paraguay, Philippines, Rwanda, Samoa, Sao Tome and Principe, Senegal, Sierra Leone, Solomon Islands, Somalia, Sri Lanka, Sudan, Swaziland, Syrian Arab Republic, Tajikistan, Tanzania, Timor-Leste, Togo, Tonga, Turkmenistan, Tuvalu, Uganda, Ukraine, Uzbekistan, Vanuatu, Vietnam, West Bank and Gaza, Republic of Yemen, Zambia and Zimbabwe.</s>
    <s>Allied Health/In-Training Member Credit</s>
    <s>In-training and allied health members of the AAAAI will be given up to a $40 credit to be used towards ticketed sessions. In order to receive this credit, you must be an in-training member or allied health member and you must have registered for ticketed sessions.</s>
    <s>Guest Registration</s>
    <s>Registered guests and spouses will be admitted to the Hospitality Suite, the Exhibit Hall and the Associates to the AAAAI (Spouses &amp; Friends) activities. The registration fee is $100 for each spouse/guest 18 years or older. No fee is required for guests aged 17 or under. Fee includes membership dues in the Associates and helps fund various Associates programs and activities.</s>
    <s>Registration Refund Policy</s>
    <s>Registration cancellations and requests for a refund should be submitted in writing to CMR by fax to (415) 216-2553 or email AAAAIreg@cmrus.com prior to the February 13, 2012 deadline. All registration fees, less a $75 administrative charge, will be refunded if a written request is received before the February 15 deadline. After this date, no refunds will be issued.</s>
    <s>Registration and Housing Bureau</s>
    <s>Convention Management Resources (CMR)</s>
    <s>33 New Montgomery, Suite 1100</s>
    <s>San Francisco, CA 94105</s>
    <s>(888) 869-0189</s>
    <s>(415) 979-2277</s>
    <s>(415) 216-2553</s>
    <s>Housing Reservations</s>
    <s>Because of the popularity of certain properties in the 2012 Annual Meeting hotel block, delegates are encouraged to make their hotel reservations at the earliest possible date. Rooms will be reserved on a strict first-come, first-served basis. All delegate hotel reservations must be made no later than February 1, 2012. After this date, the AAAAI cannot guarantee any delegate a room in any of the designated 2012 Annual Meeting hotels.</s>
    <s>If you book your hotel reservation online, you will receive a confirmation via email immediately upon completion. If you submit a housing request form, a confirmation of your hotel reservation will be sent to you by CMR within 24 hours of receipt of your housing form. These confirmations will be issued by CMR and will contain a CMR confirmation number. This is the only confirmation number you will need. Your hotel will not issue a confirmation of your reservation.</s>
    <s>Changes and Cancellations</s>
    <s>All changes or cancellations to existing delegate hotel reservations must be made no later than February 15, 2012. CMR must be notified of all changes or cancellations to your hotel reservation. Do not contact the AAAAI. Deposits will only be refunded for cancellations made with CMR before February 15. After that date, no changes or cancellations will be accepted and no deposits will be refunded for any delegate reservations.</s>
    <s>Each delegate hotel reservation must be guaranteed with a first night deposit by credit card (American Express, Discover, MasterCard or VISA) or a check deposit in the amount of $300/room or $500/suite. Checks should be made out to Convention Management Resources in U.S. funds drawn on a U.S. bank and include the ABA encryption code. Credit card information will be forwarded to the hotel for possible deposit pre-charging at their discretion.</s>
    <s>Guaranteed Payment Policy</s>
    <s>When the hotel reservation is made and confirmed through CMR, the 2012 Annual Meeting hotels may hold delegates individually responsible for all charges that accrue for the use or non-use of that reservation. For this reason, please be sure to have any necessary changes or cancellations to your reservation made by February 15. Delegates who fail to arrive on their scheduled arrival date or depart before their scheduled departure date, may be charged for all nights of their confirmed reservation whether they actually utilized the hotel room or not. Such major credit card companies as VISA and MasterCard will allow hotels to collect charges if they can demonstrate that you were made aware of the policy. In light of this, please be sure your confirmed hotel reservation matches your itinerary.</s>
    <s>Hotel Name Room Rates Distance from Orange County Convention Center</s>
    <s>The Peabody Orlando</s>
    <s>9801 International Drive</s>
    <s>$245.00 (s/d)</s>
    <s>Connected to the Orange County Convention Center</s>
    <s>Hilton Orlando</s>
    <s>6001 Destination Parkway</s>
    <s>$238.00 (s/d), $263.00 (t), $288.00 (q)</s>
    <s>Connected to the Orange County Convention Center</s>
    <s>Hampton Inn &amp; Suites</s>
    <s>8900 Universal Boulevard</s>
    <s>.8 miles</s>
    <s>Rosen Centre</s>
    <s>9840 International Drive</s>
    <s>$199.00 (s/d), $219.00 (t)</s>
    <s>.3 miles</s>
    <s>International Groups</s>
    <s>CMR Global Group Services offers all-inclusive travel packages for international delegates. Breakfast, taxes, porterage and gratuities are all included. Optional services include ground transportation, restaurant reservations and event tickets. Other benefits include onsite multilingual meeting planners, online group booking, secured payment processing, live technical support and the lowest hotel rates at preferred and guaranteed properties. Please visit www.aaaai-cmrglobalgroupservices.com to make your reservations.</s>
    <s>Special Accommodations</s>
    <s>Should you require any special accommodations or services in your hotel room, please inform CMR to assure the proper arrangements can be made.</s>
    <s>Group Registration &amp; Housing</s>
    <s>For more information on Group Registration and housing, please contact the AAAAI Registration &amp; Housing Bureau, Convention Management Resources (CMR) at (415) 979-2211 or AAAAIgroups@cmrus.com.</s>
    <s>(C) 1996-2011 All Rights ReservedAmerican Academy of Allergy, Asthma &amp; ImmunologyDisclaimers and Contact Information</s>
  </text>
</page>
