<?xml version="1.0" encoding="UTF-8"?>
<!DOCTYPE page SYSTEM "page.dtd">
<page>
  <lang>en</lang>
  <url>http://asiaiberoamerica.org/%3Fp%3D1475</url>
  <title>Bogotá, Prime Candidate City for the 3rd Unesco World Conference ...</title>
  <snippet>
    <s>The Seoul conference&#39;s declaration, “Development Goals” was finally presented during the closing ceremony on May 28 through the plenary session, the main </s>
  </snippet>
  <text>
    <s>Hola Asia</s>
    <s>Arts Education &amp; Social Dedication</s>
    <s>Cultural Exchange</s>
    <s>Editorial Review</s>
    <s>Subscribe via RSS</s>
    <s>Languages: Español</s>
    <s>Bogotá, Prime Candidate City for the 3rd Unesco World Conference on Arts Education 2014</s>
    <s>The 2nd Unesco World Conference on Arts Education was held in Seoul, Rep. of Korea from 25 to 28 of May, 2010 with the slogan ‘Arts for society, Education for creativity’.  About 2,000 arts education officials from 129 countries were participated during 4 days of this mega event.</s>
    <s>Before the 2nd world conference in Seoul, the experts on arts educations and the social opinion leaders of Colombia also have gathered and started to cooperate in various ways. It was held the Latinamerican &amp; Caribbean region summit in Nov. 2009 in Bogotá, Colombia for the success of the 2nd Seoul conference.  Then, in Mar. of 2010, preparatory committee for the 3rd conference was established to get the active support by Colombian government and attract all the parties concerned.</s>
    <s>For the 2nd Seoul conference, FCAI, as one of the principal committee members, has played a bridge role between Colombia and the Organizing Committee for the Second Seoul Conference cooperating KACES(Korea Art, Culture and Education Service).  Through the works behind the scenes, we could see the presence of Cecilia Maria Velez, the Minister of Education of Colombia, on the Ministry Round Table during the conference.  As well, the presence of the Colombian panels such as Anamarta de Pizarro, the director of Iberoamerican Theater Festival, Nelson Cordoba, the president of NGO Movimiento Conciencia, Olga Olaya, the Director of AMBAR, Flor Alba Garzón, Coordinator of Education of Cultural Promotion of Gold Museum of Bank of Republic, Samil Yang, the president of FCAI and etc. graced the occasions.</s>
    <s>The Seoul conference’s declaration, “Development Goals” was finally presented during the closing ceremony on May 28 through the plenary session, the main conference session, the international advisory committee meeting, workshops and NGO forums. Taking its cues from the UNESCO Road Map for Arts Education formulated in Lisbon, the declaration laid out goals and a doctrine for the promotion of international arts education.</s>
    <s>And at the same time, Colombia received intense attention by media and the conference participants.  The official statement by the Minister of Education of Colombia was made during the closing ceremony, which was suggested Bogota to be considered by UNESCO as the venue for the 3rd World Conference on Arts Education.  Especially, the statement was unconventional that is suggested to be held during the season of Iberoamerican Theater Festival, one of the world biggest festival in Colombia, to offer the precious experience sharing information among the theoretical art educators, the artists and the public.</s>
    <s>In July of 2010 after the change of the Colombian government, the preparatory committee of Bogota for the 3rd Unesco World conference on Arts Education appointed Dr. Maria Cecilia Velez, the former Minister of Education, to the president and put all efforts to be the core of the development of arts education in Latinamerica.  The selection of the venue will be made in 2011 by UNESCO.</s>
    <s>October 2011</s>
    <s>S M T W T F S</s>
    <s>« Jul</s>
    <s>(C)2011 Asia-Iberoamerica Cultural Foundation</s>
    <s>Design by Jacobestudio, Powered by WordPress and Graph Paper Press.</s>
  </text>
</page>
