<?xml version="1.0" encoding="UTF-8"?>
<!DOCTYPE page SYSTEM "page.dtd">
<page>
  <lang>en</lang>
  <url>http://coloradobrownfields.org/conference_2011.htm</url>
  <title>Colorado Brownfields Conference|2011</title>
  <snippet>
    <s>$175. Students $50. Registration includes: » Conference Sessions. » Evening Reception. » Continental Breakfast. » Lunch. » Conference Materials. » Resource </s>
  </snippet>
  <text>
    <s>Colorado Brownfields Foundation</s>
    <s>Colorado Department of Public Health &amp; Environment</s>
    <s>US Environmental Protection Agency | Region 8</s>
    <s>Proudly Present:</s>
    <s>Special thanks to the generous support of our sponsors!</s>
    <s>Gold Sponsors</s>
    <s>Silver Sponsors</s>
    <s>Media Sponsor</s>
    <s>Register Now!</s>
    <s>Students $50</s>
    <s>Registration includes:</s>
    <s>Conference Sessions</s>
    <s>Evening Reception</s>
    <s>Continental Breakfast</s>
    <s>Conference Materials</s>
    <s>Resource Directory</s>
    <s>Continuing Ed Credits:</s>
    <s>▪ Real Estate</s>
    <s>▪ Cont. Legal Ed (pending)</s>
    <s>▪ APA/AICP (pending)</s>
    <s>Conference Lodging</s>
    <s>Conference Facility</s>
    <s>Culinary Sponsors</s>
    <s>Evening Reception</s>
    <s>Become a Culinary Sponsor!</s>
    <s>Now Available </s>
    <s>- Breakfast Sponsor</s>
    <s>- Luncheon</s>
    <s>Bronze Sponsors</s>
    <s>The Colorado State Brownfields Conference</s>
    <s>provides a forum to educate communities, local governments,</s>
    <s>and businesses about opportunities for economic revitalization.</s>
    <s>Emerging economic conditions and associated changes</s>
    <s>in the real estate development climate create opportunities</s>
    <s>to foster community reinvestment, regional partnerships,</s>
    <s>and creative partnering.</s>
    <s>This conference will explore the issues around policy, planning</s>
    <s>and implementation of economic redevelopment projects.</s>
    <s>Conference Schedule of Sessions</s>
    <s>Pre-Conference Seminars</s>
    <s>Introduction to Brownfields</s>
    <s>Brownfields defined, voluntary cleanups and future use-based closure, no further action letters, liability management provided by federal and state statues and programs, federal and state grant and loan programs, nonprofit technical assistance resources available.</s>
    <s>Redevelopment Showcase</s>
    <s>Presentations highlighting the brownfields redevelopment process from inception to implementation. This session will provide a national perspective on public-private and public-public partnering, infrastructure planning and funding, and also tell the story of the Derby Neighborhood Redevelopment Project in Commerce City, CO addressing blight conditions, and community engagement, sustainability considerations, public and private finance opportunities, and City Council adoption of PUD and design standards.</s>
    <s>Conference Sessions</s>
    <s>Brownfields Briefing</s>
    <s>Colorado Department of Public Health &amp; Environment, U.S. Environmental Protection Agency, and Colorado Brownfields Foundation will each provide a brief overview of their organizations role in brownfields and the types of information and knowledge that attendees should walk away with from the conference.</s>
    <s>Colorados Emerging State Blueprint for Economic Development</s>
    <s>Since Jan. 11, 2011, the Hickenlooper Administration has engaged more than 5,000 Coloradans from all 64 counties in developing a comprehensive and collaborative approach to economic development. Every county put together a summary expressing the needs, priorities, vision, strengths and weaknesses of its local economy. This session will present the resulting vision, priorities, and initiatives, of the Colorado Blueprint.</s>
    <s>Redevelopment In Progress: Lamar Station Transit Oriented Development Lakewood, CO</s>
    <s>Metro West Housing Solutions is in the process of implementing redevelopment for a transit-oriented mixed market rate/affordable housing project adjacent to the 13th and Lamar light rail station in Lakewood, Colorado. The project will utilize green construction, bring new investment to an economically stressed part of town, and utilize a variety of funding mechanisms including tax credits, a USEPA Brownfields cleanup grant, and assistance through the State of Colorado Brownfields program.</s>
    <s>Renewable Energy Technologies and Financing for Brownfields Redevelopment</s>
    <s>The National Renewable Energy Program (NREL) is working in partnership with USEPAs Office of Brownfields and Land Revitalization RePower America Program to identify and support the integration of renewable energy into brownfields redevelopment projects. Members of NRELs team will convey important information on technologies and financing tools for renewable energy projects.</s>
    <s>By the Numbers: an outlook on Colorados Economy and Demographics</s>
    <s>Emerging economic conditions and changing demographics profoundly impact Colorados opportunities for investment, economic development, and real estate investment. What does the economic future hold for Colorado? What demographic trends will be impacting Colorado the most and how are we likely to change over the next 20 years? This session will provide insights into Colorados economic and demographic outlook for those trying to understand how Colorado is changing.</s>
    <s>Sustainable Reuse of Brownfields Properties</s>
    <s>EPA created the Land Revitalization Initiative to promote cross-program coordination on land reuse and revitalization projects to ensure that contaminated property is appropriately put back into productive use. David Lloyd, Director, Office of Brownfields and Land Revitalization will discuss USEPAs program priorities including: building partnerships through collaboration with state, tribal and local governments as well as regional and federal partnerships to bolster land revitalization efforts; Cleaning up communities through sustainable site reuse and community agriculture; environmental justice through meaningful citizen involvement; and fostering green cleanups that minimize the environmental footprints of cleanup activities and address legal, financial and information challenges to redevelopment.</s>
    <s>ASARCO Redevelopment, Globeville, CO:</s>
    <s>Straddling Communities, Politics and Vision</s>
    <s>The 78 acre former metal smelting operation redevelopment site in north Denver crosses the boundaries of the City &amp; County of Denver and Adams County and promises beneficial reuse to the surrounding communities. The principals of this project negotiated politics, legislation, funding, site bankruptcy, and a myriad of environmental issues and the site is now propelling toward cleanup and redevelopment. Local government representatives and the site developers will each provide their perspectives on creating cooperation, bundling creative funding sources, and navigating the regulatory environment.</s>
    <s>Redesign, Reinvest &amp; Redevelop Longmont:</s>
    <s>Experience the Process</s>
    <s>This day-long series of three conference sessions puts Longmonts Southeast Urban Renewal Area on center stage. The Southeast Urban Renewal Area, one of the Citys two urban renewal districts, is a 583-acre area located just south of downtown Longmont adjacent to Main Street and the Ken Pratt Boulevard bypass. The area includes an intriguing mix of uses with the western portion of the area located within the Downtown Development Authority (DDA) boundaries and the planned transit hub for bus/commuter rail as part of the FasTracks transit station site. The eastern portion of the area encompasses a vacant sugar beet factory. Other uses within the redevelopment area include light industrial/storage, strip commercial along Main Street, open space and a number of public uses (e.g. wastewater treatment plant, recycling facility and electric utility). The area is located along the St. Vrain River Corridor and Greenway, one of Longmonts most valuable community recreational and wildlife assets, whose future plans include a whitewater kayak course.</s>
    <s>Each session will be a roundtable discussion that progressively contributes to the process for redevelopment and reinvestment planning of this key area in the City of Longmont. Discussions will revolve around visioning and community engagement , environmental challenges and solutions for reuse , and redevelopment, public-private development opportunities, and innovative financing and funding strategies . These sessions are further described:</s>
    <s>&gt; 1 | Envisioning a Renewed Longmont</s>
    <s>Successful redevelopment requires strong political leadership, support from city staff, and buy-in from the community. This session explores the process of engaging the community in area-wide revitalization efforts in Longmont and surrounding communities. Panelists will discuss small area design options which support redevelopment and integrate former small scale and large site industrial uses, greenways, a future FasTracks transit stop, and the introduction of new street infrastructure. The panel will provide specific examples and lessons learned on working with citizens and maintaining relationships among city staff, elected officials, and advisory boards as vital components of redevelopment. The panelists will also discuss the implementation of redevelopment plans that entail addressing existing land uses, capital investment, and the creation of a new physical environment while integrating with existing long-range planning mechanisms. An interactive Q&amp;A session follows the panel presentations.</s>
    <s>&gt; 2 | Environmental Challenges and Liability Relief</s>
    <s>Former industrial users in SE Longmont operated long before our modern awareness of environmental hazards. At the Longmont site there is the potential for environmental impacts from former sugar beet processing operations, rail lines, various small industrial and service operations, and issues yet to be discovered. Panelists will discuss potential impacts of environmental conditions on site development, liability management, voluntary cleanup and no further action letters. Additionally, brownfields funding sources including the CO Brownfields Revolving Loan Fund, the Colorado Underground Storage Tank Fund and others will be discussed.</s>
    <s>3 | Development &amp; Public-Private Financing</s>
    <s>Priming the redevelopment pump that results in successful reinvestment in these challenged areas will require a flexible regulatory environment, supportable market conditions, partnerships between the public and private sectors and the use of innovative financing and funding strategies. Panelists will discuss public/private partnership approaches, land assembly strategies, and use of various funding and financing sources within urban renewal and infill areas that result in successful reinvestment of these areas that are often challenged by environmental issues, fractured and multiple property ownership, untested markets, and poor aesthetics. Explore the ways that a vision for redevelopment can be realized by entering into strategic partnerships with public and private sector entities, engaging the community and property owners, and taking advantage of innovative financing and funding opportunities that result in real change.</s>
    <s>What You Need to Know: Real Estate Due Diligence &amp; Liability Protection</s>
    <s>Federal legislation and state programs have established means to provide environmental liability protection for property transactions. Learn the right way to undertake due diligence, manage environmental issues inherent in redevelopment projects, and maintain legal defenses into the future. Topics include All Appropriate Inquiry, continuing environmental obligations, and the CO Voluntary Cleanup Program.</s>
    <s>On the Horizon: A discussion on Public Policies Impacting Redevelopment</s>
    <s>A roundtable discussion on the following: Urban Renewal legislative reforms; Colorado Brownfields Tax Credit reauthorization; Xcel/PUC environmental tariff. The goals of this interactive session are to educate stakeholders, engage strategic discussion, and identify action items.</s>
    <s>Mining Reclamation and Good Samaritan Legislation</s>
    <s>Across the western United States there are hundreds of historic hard-rock mines polluting rivers with toxic acid mine drainage that arent being addressed because certain provisions in the federal Clean Water Act create a major stumbling block. Good Samaritans have had to walk away from mine cleanup projects for fear that they may be sued by third-party citizen or environmental groups. This session will present short videos illustrating recently completed and ongoing reclamation projects and describes the background and intent of federal Good Samaritan legislation that is being sought to allow cleanup of acid mine drainage.</s>
    <s>Were From The Government And Were Here To Help . . .</s>
    <s>State and federal funding and technical assistance providers will provide an overview of their funding and technical assistance resources available and describe their needs in terms of proposals points? what are the critical factors for them to consider? Best ways to contact and approach them? How to know when you are ready to talk? What to expect?</s>
    <s>Maximizing Limited Resources through Alternative Funding Sources and Best Practices for More Efficient Remediation of Contaminated Soil and Ground Water</s>
    <s>This session will discuss how to identify and access alternative funding sources for the remediation of brownfield sites which can then be used to apply phased technologies to more cost effectively clean up sites. Bundling the right funding with the right characterization and remediation techniques will be demonstrated.</s>
    <s>Legal Update on Laws Related to Brownfields</s>
    <s>A thorough update on statutes, regulations, case law, and agency policies will be presented. Issues to be discussed include: CERCLA cost recovery given recent lower court cases and supreme court implications; emerging Colorado regulatory policy regarding monitored natural attenuation; and brownfields developer defense under attack in federal court, the current status of bona fide prospective purchaser defense.</s>
    <s>Mountains of Success</s>
    <s>Colorados mining legacy leaves opportunities in small and large towns. This session will highlight three distinct projects with very complimentary stories of cleaning up and repurposing mining related sites for housing, cultural preservation, and eco-tourism reuse. Join the communities of Colorado Springs, Park County, and Silverton and hear how they have achieved success.</s>
    <s>For More Information Contact:</s>
    <s>Shirley Esher | Colorado Brownfields Foundation</s>
    <s>10184 W. Belleview Avenue | Suite 100 | Littleton, CO, 80127</s>
    <s>303-962-0941 | Shirley@ColoradoBrownfields.org</s>
  </text>
</page>
