<?xml version="1.0" encoding="UTF-8"?>
<!DOCTYPE page SYSTEM "page.dtd">
<page>
  <lang>en</lang>
  <url>http://chn.loyno.edu/success/professor-cooks-paper-accepted-international-conference</url>
  <title>Professor Cook&#39;s Paper Accepted At International Conference ...</title>
  <snippet>
    <s>Professor Cook&#39;s paper accepted at International Conference Office Location: Bobet Hall, Room 202 | Mailing Address: 6363 St. Charles Avenue, Campus Box </s>
  </snippet>
  <text>
    <s>Loyola University New Orleans</s>
    <s>Loyola Home | A-Z Index | Calendar | Monroe Library | Find People</s>
    <s>College of HUNS Home | LORA | Blackboard | WolfMail</s>
    <s>College of Humanities + Natural Sciences</s>
    <s>!Loyola University New Orleans</s>
    <s>Undergraduate Programs»</s>
    <s>Biological Sciences</s>
    <s>Languages and Cultures</s>
    <s>Mathematical Sciences</s>
    <s>Psychological Sciences</s>
    <s>Religious Studies</s>
    <s>Interdisciplinary Prgs.</s>
    <s>University Honors Prgm.</s>
    <s>About the College of HUNS</s>
    <s>Programs of Study</s>
    <s>Faculty + Staff</s>
    <s>Prospective Students</s>
    <s>Alumni + Giving</s>
    <s>Quick Links</s>
    <s>Centers + Institutes</s>
    <s>Interdisciplinary Minors</s>
    <s>University Honors Program</s>
    <s>Return to the College of Humanities + Natural Sciences Homepage</s>
    <s>Upcoming Events</s>
    <s>Tuesday, October 25, 2011</s>
    <s>Lies My Teacher Told Me About Race and Southern History, lecture by James Loewen, Ph.D.</s>
    <s>Thursday, October 27, 2011</s>
    <s>Biological Sciences Career Seminars: Osteopathic Medicine in the South</s>
    <s>View all events »</s>
    <s>Faculty Successes</s>
    <s>Professor Cook's paper accepted at International Conference</s>
    <s>Professor Cook's paper accepted at International Conference</s>
    <s>Provost Distinguished Professor of History, Dr. Bernard Cook will present his paper, The Catholic Church in the United States and &quot;Solidarity&quot; at an International Conference in Wroclaw, Poland. The Conference is titled: The World towards &quot;Solidarity&quot; Movement 1980-1989. Dr. Cook is currently completing a military history of Bulgaria and has begun research on the history of Loyola for the university's centennial in 2012.</s>
    <s>Loyola University New Orleans is a member of the Association of Jesuit Colleges &amp; Universities</s>
    <s>College of Humanities + Natural Sciences | College Intranet | Phone: 504-865-3244 | Fax: 504-865-2059</s>
    <s>Office Location: Bobet Hall, Room 202 | Mailing Address: 6363 St. Charles Avenue, Campus Box 03, New Orleans, LA 70118-6143</s>
    <s>Copyright (C) 1996-2011 Loyola University New Orleans | Emergency Information</s>
    <s>Popular Searches</s>
    <s>Campus Maps</s>
    <s>Employment at Loyola</s>
    <s>Academic Calendars</s>
    <s>Study Abroad</s>
    <s>Student Records</s>
    <s>Parking Services</s>
    <s>Faculty + Staff</s>
    <s>Human Resources</s>
    <s>Faculty Innovation</s>
    <s>Administrative Senate</s>
    <s>University Senate</s>
    <s>Mission Statements</s>
    <s>Marketing + Communications</s>
    <s>Admissions Office</s>
    <s>Student Finance</s>
    <s>Scholarships + Financial Aid</s>
    <s>Federal Work Study Program</s>
    <s>LORA | Bulletin | Blackboard | Wolfmail</s>
    <s>Connect with Loyola</s>
    <s>Loyola Social Hub</s>
    <s>Give Now</s>
  </text>
</page>
