<?xml version="1.0" encoding="UTF-8"?>
<!DOCTYPE page SYSTEM "page.dtd">
<page>
  <lang>en</lang>
  <url>http://heasarc.nasa.gov/docs/heasarc/meetings.html</url>
  <title>Meeting Announcements</title>
  <snippet>
    <s>Dates: 2011 October 17 - 20: Deadline for Registration and Abstract Submission: including X-ray binaries, active stars and diffuse emission within the Galaxy. Prospective participants are encouraged to visit the meeting web site, and to </s>
  </snippet>
  <text>
    <s>National Aeronautics and Space Administration</s>
    <s>Goddard Space Flight Center</s>
    <s>Sciences and Exploration</s>
    <s>[Advanced Search]</s>
    <s>HEASARC Quick Links</s>
    <s>Skip Navigation (press 2)</s>
    <s>HEASARC Home</s>
    <s>About the HEASARC</s>
    <s>Resources for Scientists</s>
    <s>Site Map</s>
    <s>Other Archives</s>
    <s>Guest Observer Facilities</s>
    <s>&amp; Science Centers</s>
    <s>NASA Archives</s>
    <s>Announcements of Upcoming Meetings</s>
    <s>Notice that this list is not meant to be all-inclusive, but concentrates on meetings of potential interest to X-ray, gamma-ray, cosmic-ray, and gravitational astrophysicists. The HEASARC also maintains a list of on-line proceedings of high-energy astrophysics meetings. Updates, corrections, and/or suggestions about meetings should be sent to drake@olegacy.gsfc.nasa.gov</s>
    <s>Other Sources of Information on Upcoming Meetings</s>
    <s>Liz Bryson's list of International Astronomy meetings Jet Propulsion Laboratory (JPL) Space Calendar</s>
    <s>High Energy Astrophysics meetings</s>
    <s>2011 October 17 - 20: First eROSITA International Conference: Mapping the Structure of the Energetic Universe</s>
    <s>2011 October 26 - 28: The First Large Observatory for X-ray Timing (LOFT) Science Meeting</s>
    <s>2011 October 27 - 28: Workshop on Open Data for Gravitational-Wave Astronomy</s>
    <s>2011 November 8 - 11: High Energy Views of Galaxies and their Nuclei: A symposium to celebrate the 60th birthday of Martin Elvis &amp; Giuseppina Fabbiano</s>
    <s>2012 March 12 - 16 (Rescheduled From April 2011): IAU Symposium 279: Death of Massive Stars: Supernovae and Gamma-Ray Bursts</s>
    <s>2012 March 20 - 23: International Workshop on Positrons in Astrophysics</s>
    <s>2012 May 7 - 11: Gamma-Ray Bursts 2012 Conference</s>
    <s>2012 May 21 - 23: XMM-Newton Science Workshop 2012: Galaxy Clusters as Giant Cosmic Laboratories</s>
    <s>2012 June 12 - 14: Centenary Symposium 2012: Discovery of Cosmic Rays</s>
    <s>2012 July 14 - 22: 39th Scientific Assembly of the Committee on Space Research (COSPAR) and Associated Events: COSPAR 2012</s>
    <s>Other Selected Astronomy, Physics and Space Science meetings</s>
    <s>2011 November 29 - December 1: Near Field Cosmology as a Probe of Early Universe, Dark Matter and Gravity</s>
    <s>2012 January 8 - 12: American Astronomical Society Meeting 219</s>
    <s>2012 June 1- 14 American Astronomical Society Meeting 220</s>
    <s>2012 June 24 - 29: 17th Cambridge Workshop on Cool Stars, Stellar Systems and the Sun (Cool Stars 17)</s>
    <s>2012 August 20 - 31: International Astronomical Union General Assembly</s>
    <s>2013 January 6 - 10 American Astronomical Society Meeting 221</s>
    <s>2013 June 2 - 6: American Astronomical Society Meeting 222</s>
    <s>High Energy Astrophysics meetings</s>
    <s>First eROSITA International Conference: Mapping the Structure of the Energetic Universe</s>
    <s>Dates: 2011 October 17 - 20 Deadline for Registration and Abstract Submission: 2011 August 31 Place: Garmisch-Partenkirchen, Bavaria, Germany</s>
    <s>eROSITA (extended ROentgen Survey with an Imaging Telescope Array) is the core instrument on the Russian Spektrum-Roentgen-Gamma (SRG) mission which is currently scheduled for launch in 2013. eROSITA will perform a deep survey of the entire X-ray sky. In the soft band (0.5-2 keV), it will be about 30 times more sensitive than ROSAT, while in the hard band (2-8 keV) it will provide the first ever true imaging survey of the sky. The design driving science is the detection of large samples of galaxy clusters to redshifts z &gt; 1 in order to study the large scale structure in the Universe and test cosmological models including Dark Energy. In addition, eROSITA is expected to yield a sample of around 3 million AGN, including obscured objects, revolutionizing our view of the evolution of supermassive black holes and of their role in the structure formation process. The survey will also provide new insights into a wide range of astrophysical phenomena, including X-ray binaries, active stars and diffuse emission within the Galaxy.</s>
    <s>The first international conference is the occasion to introduce the mission concept to a wider community, to discuss its major science drivers and to gather new ideas on how to maximize the scientific output of the mission. The organizers plan to have a few talks dedicated to a description of the eROSITA telescope and the SRG mission followed by a number of broad, science-oriented sessions.</s>
    <s>The First Large Observatory for X-ray Timing (LOFT) Science Meeting</s>
    <s>Dates: 2011 October 26 - 28 Deadline for Registration and Abstract Submission: 2011 September 10 Place: Amsterdam, the Netherlands</s>
    <s>LOFT, the Large Observatory For X-ray Timing, is a newly proposed space mission that will answer fundamental questions about the motion of matter orbiting close to the event horizon of a black hole, and the state of matter in neutron stars. LOFT was recently selected by ESA as one of the four M3 mission candidates that will compete for a launch opportunity at the start of the 2020s. During this assessment phase we need to make a full study of the exciting science that could be done with such a telescope, and solidify the relationship between the science goals and the technical requirements.</s>
    <s>To do this, and to solicit full involvement from the wider astronomical community in this opportunity, this LOFT Science meeting has been organized. It will be a mix of invited reviews, contributed talks, and discussion sessions, to ensure that innovative science ideas get full exposure.</s>
    <s>Prospective participants are encouraged to visit the meeting web site, and to subscribe to the LOFT newsletter. Further general information on LOFT is available here.</s>
    <s>Workshop on Open Data for Gravitational-Wave Astronomy</s>
    <s>Dates: 2011 October 27 - 28 Place: LIGO Livingston Observatory, Livingston, Louisiana, USA</s>
    <s>Once gravitational waves are detected in the Advanced LIGO era, after 2014, LIGO will release data to the broader community. This workshop aims to bring together experts from the gravitational wave community with astronomers and open data experts in a two-day workshop to address the question: How should LIGO proceed in releasing gravitational wave data to maximize scientific return?</s>
    <s>After the first detections of astrophysical gravitational waves, the challenge will be finding photons from the same source, through a rapid-followup program -- detection of an afterglow will lead to new insight into source astrophysics and fundamental physics. The strain history (GW signal) will be a valuable proving ground for numerical relativity, and lead to further discoveries. In both cases, the more minds and telescopes brought to bear, the more science will be accomplished. This workshop will set the stage for open data in gravitational wave science, and define requirements.</s>
    <s>The workshop will be a combination of overviews and focus groups: overviews of the science and astronomy of gravitational waves, focus groups to work on specific questions. The result for the attendees will be an appreciation of how gravitational wave astronomy will affect their field, and the result for LIGO will be a path forward to the Open Data Center.</s>
    <s>The workshop is open to all who have an interest in the exciting new field of gravitational wave astrophysics: astronomers, gravitational wave experts, those associated with the LIGO, Virgo, GEO or other detectors. The organizers also hope for the wisdom of people who are experts in open data and its challenges, to put the resources where the best science can be achieved.</s>
    <s>High Energy Views of Galaxies and their Nuclei: A symposium to celebrate the 60th birthday of Martin Elvis &amp; Giuseppina Fabbiano</s>
    <s>Dates: 2011 November 8 - 11 Deadline for Registration: Extended to 2011 September 30 Deadline for Hotel Reservations: Extended to 2011 September 30 Place: Tulum, Mexico</s>
    <s>This is the year of Martin Elvis and Giuseppina Fabbiano's 60th birthdays. To celebrate this special occasion, the organizers are pleased to announce the conference. High-energy processes in galaxies and their active nuclei are closely linked. Similar physical processes take place in compact accreting objects in galaxies and in AGNs, albeit on different scales. Their observational similarities and differences provide us with insights on the details of the physical processes. The nature of a galaxy may affect the growth of its nuclear black hole and the presence of an AGN affects the galaxy as well, with inflow, outflow, ionizing radiation and jets. The intimate relationship between a galaxy and its active nucleus will be explored at this meeting.</s>
    <s>IAU Symposium 279: Death of Massive Stars: Supernovae and Gamma-Ray Bursts</s>
    <s>Dates: 2012 March 12 - 16 Deadline for Abstract Submission: TBD Deadline for Registration: TBD Place: Nikko, Japan</s>
    <s>The Death of Massive Stars is manifest as core collapse supernovae (CCSNe) and gamma-ray bursts (GRBs). Supernovae (SNe) are a key element in our understanding of stellar evolution, chemical enrichment, and the role they play in triggering star formation. Likewise, since GRBs are the brightest beacons they are strong signposts for determining the star formation rate over large cosmic distances. In a few rare cases, a firm connection between these objects has been established; in all these cases the SN resulted from the explosion of a highly stripped star (Type Ic SN), was very luminous, and exhibited a larger-than-usual kinetic energy (up to one magnitude more than in a normal SN explosion). In contrast, there are clear cases in which no bright SN was found to be associated with a GRB, and vice versa. The quest in understanding SNe and GRBs, and the connection between them, has raised many questions, which will be reviewed at the symposium.</s>
    <s>This symposium is coming at a very opportune time as new results and forthcoming surveys related to SNe and GRBs will be available in an era of new and proposed facilities such as the Advanced LIGO, Energetic X-ray Imaging Survey Telescope (EXIST), Fermi Gamma-Ray Space Telescope, IceCube, Joint Astrophysics Nascent Universe Satellite (JANUS), Joint Dark Energy Mission (JDEM), JWST, Pan-Starrs, and Space multi-band Variable Object Monitor (SVOM).</s>
    <s>Symposium topics:</s>
    <s>Progress in our understanding of CCSNe &amp; GRBs</s>
    <s>GRB-SNe connection</s>
    <s>Environments of CCSNe &amp; GRBs</s>
    <s>Progenitors of CCSNe &amp; GRBs</s>
    <s>CCSNe &amp; GRB mechanisms and subsequent evolution</s>
    <s>Continuum between CCSNe &amp; GRBs?</s>
    <s>CCSNe &amp; GRBs as cosmological tools</s>
    <s>Explosive nucleosynthesis in CCSNe &amp; GRBs</s>
    <s>International Workshop on Positrons in Astrophysics</s>
    <s>Dates: 2012 March 20 - 23 Place: Murren, Switzerland</s>
    <s>Positrons have become a major player in physics and astrophysics, spanning very disparate fields from galactic astrophysics to semi-conductor and surface physics, not to mention medical and industrial applications. A key aim of this meeting is to bring scientists working in the disciplines of atomic, molecular, surface and materials physics together with colleagues whose interests lie in various astrophysical fields.</s>
    <s>While the emphasis will be on topics directly related to positrons in physics and in astronomy, the scope of the workshop will also include other forms of antimatter both in the laboratory and in space. Review talks on a variety of antimatter topics will set the context and summarize the current state of the art in the different fields, while more specialized presentations will report on the latest developments. The objectives of the workshop are to identify the specific issues to be tackled next in each domain and to encourage future progress through interactions between the different research areas within and beyond positron science.</s>
    <s>Gamma-Ray Bursts 2012 Conference</s>
    <s>Dates: 2012 May 7 - 11 Place: Munich, Germany</s>
    <s>This will be the next combined Fermi/Swift GRB conference covering recent advances in all aspects of gamma-ray burst observations and theory. This conference follows similar previous combined Fermi/Swift meetings in Huntsville (Oct. 2008) and Annapolis (Nov. 2010). To get on the conference mailing list, drop an email to grb2012 'at' mpe.mpg.de.</s>
    <s>Gamma-ray bursts are the most energetic explosions in the Universe and are thought to be the birth signatures of black holes. This is an exciting time in the GRB field as various missions provide a wealth of new data on this still puzzling phenomenon. The Fermi misson provides unprecedented spectral coverage over 7 decades in energy, and among others discovered new spectral components which challenge our standard picture of the prompt emission. The Swift mission continuous to swiftly monitor and locate GRBs in multiple wavebands, providing the basis for all ground-based follow-up observations towards redshift measurements and afterglow and host property investigations. AGILE, INTEGRAL, Suzaku and Konus continue to provide crucial information on GRB properties, and the MAXI mission provides an all sky X-ray monitoring of transients. There is also growing capability for follow-up observations by ground-based telescopes at basically all wavelengths. Besides the classical optical/infrared/radio observations, searches are underway for TeV emission, neutrinos and gravitational waves. Moreover, new experiments are expected to have returned first data, among others POGO on the prompt polarization properties, UFFO on very early optical emission, or ALMA on sub-millimeter properties. And last but not least, the unexpected is bringing us child-like astonishment at least once per year with a &quot;GRB-trigger&quot; which turns out to be not related to GRBs. Complementing all these new observational results, a huge theoretical effort is underway to understand the GRB phenomenon and keep up with the constant new puzzles coming from the data.</s>
    <s>This conference will bring together astrophysicists, neutrino physicists and gravitational wave scientists to discuss the latest data and theories, to build synergistic collaborations between the fields and across wavelengths, and beyond better understanding the GRB phenomenon to develop GRBs as a powerful probe of a variety of fundamental questions in present-day research.</s>
    <s>XMM-Newton Science Workshop 2012: Galaxy Clusters as Giant Cosmic Laboratories</s>
    <s>Dates: 2012 May 21 - 23 Place: Villafranca del Castillo, near Madrid, Spain</s>
    <s>The XMM-Newton Science Operations Centre is organising this workshop.</s>
    <s>Galaxy clusters are interesting astrophysical laboratories to study large-scale physical processes and important probes to assess the structure and evolution of our Universe. X-ray observations provide the most detailed insight into structure, composition, and evolution of galaxy clusters.</s>
    <s>Since the launch of the XMM-Newton and Chandra observatories, our understanding of galaxy clusters has impressively improved, including paradigm changes like the physics of cooling cluster centres and the description of galaxy clusters as a tightly constrained self-similar family of objects. During this period, galaxy clusters have also helped to define the quite precisely described Concordance Cosmology Model, and they have shown how the intergalactic medium is enriched by heavy elements over the last half of the age of the Universe. Observations with XMM-Newton and Chandra have been essential for this progress and after a little more than a decade, a detailed picture of galaxy clusters has crystallised, well worth to be critically reviewed and discussed at a topical workshop.</s>
    <s>Details on the registration and abstract submission process as well as on important dates will be posted there and announced in a future XMM-Newton Newsletter.</s>
    <s>Centenary Symposium 2012: Discovery of Cosmic Rays</s>
    <s>Dates: 2012 June 12 - 14 Place: Denver, Colorado, USA</s>
    <s>This meeting will be at once a historical review of the developments of the past 100 years, a consolidation and summary of the current new data and understanding, and a look into the future of research in the field of cosmic ray research. The meeting will be held at the University of Denver. This site will be opened for registration early in 2012.</s>
    <s>Ongoing news of the program and other developments can be found at the meeting web site, or by contacting Jonathan Ormes at JFOrmes@comcast.net or 720-842-4452.</s>
    <s>39th Scientific Assembly of the Committee on Space Research (COSPAR) and Associated Events: COSPAR 2012</s>
    <s>Dates: 2012 July 14 - 22 Deadline for Abstracts: 2012 mid-February Place: Mysore, India</s>
    <s>The scientific program chair is Prof. U.R. Rao, Department of Space, India. The topics to be covered in approximately 100 meetings covering the fields of COSPAR Scientific Commissions (SC) and Panels are:</s>
    <s>- SC A: The Earth's Surface, Meteorology and Climate</s>
    <s>- SC B: The Earth-Moon System, Planets, and Small Bodies of the Solar System</s>
    <s>- SC C: The Upper Atmospheres of the Earth and Planets Including Reference Atmospheres</s>
    <s>- SC D: Space Plasmas in the Solar System, Including Planetary Magnetospheres</s>
    <s>- SC E: Research in Astrophysics from Space</s>
    <s>- SC F: Life Sciences as Related to Space</s>
    <s>- SC G: Materials Sciences in Space</s>
    <s>- SC H: Fundamental Physics in Space</s>
    <s>- Panel on Satellite Dynamics (PSD)</s>
    <s>- Panel on Scientific Ballooning (PSB)</s>
    <s>- Panel on Potentially Environmentally Detrimental Activities in Space (PEDAS)</s>
    <s>- Panel on Radiation Belt Environment Modelling (PRBEM)</s>
    <s>- Panel on Space Weather (PSW)</s>
    <s>- Panel on Planetary Protection (PPP)</s>
    <s>- Panel on Capacity Building (PCB)</s>
    <s>- Panel on Education (PE)</s>
    <s>- Panel on Exploration (PEX)</s>
    <s>- Special events: interdisciplinary lectures, round table, etc.</s>
    <s>Selected papers published in Advances in Space Research, a fully refereed journal with no deadlines open to all submissions in relevant fields.</s>
    <s>Contact: COSPAR Secretariat, c/o CNES, 2 place Maurice Quentin, 75039 Paris Cedex 01, France (Tel: +33 1 44 76 75 10, Fax: +33 1 44 76 74 37, e-mail cospar@cosparhq.cnes.fr).</s>
    <s>Other Selected Astronomy, Physics and Space Science meetings</s>
    <s>Near Field Cosmology as a Probe of Early Universe, Dark Matter and Gravity (2011 JSI Workshop)</s>
    <s>Dates: 2011 November 29 - December 1 Deadline for Early Registration and Abstract Submission: 2011 October 31 (Poster contributions will be accepted after October 31 but abstracts may not appear in the workshop booklet if submitted after November 20). Deadline for Cancellations; 2011 November 20 Place: Annapolis, Maryland, USA</s>
    <s>The Joint Space Science Institute -- consisting of astronomers, astrophysicists and physicists from the University of Maryland and NASA's Goddard Space Flight Center -- is planning this cross-cutting workshop. The organizers aim to bring together 80-100 scientists from around the world to discuss many aspects of the relevant observations, theory, and how they all fit together:</s>
    <s>One of the unsolved puzzles in modern astrophysics is understanding the early nonlinear evolution of the Universe, thus structure and galaxy formation at small scales (dwarf galaxies and smaller mass scales). Understanding the clumping of dark matter at these small scales is important for direct and indirect detections of dark matter particles and to test models on the nature of the dark matter and gravity: for instance, whether dark matter is made of cold or warm particles or is a manifestation of modified gravity at small mass scales. Different test are available to probe the smallest clumps of dark matter ranging from lensing effects to dark matter annihilation signatures to the detection of ultra-faint galaxies or dark galaxies in the Local Group. In addition, observations of rotation curves and the velocity dispersion of stars in dwarf Spheroidal galaxies still pose some challenges to cold dark matter cosmology. What is the mass number and properties of the dwarf galaxies that first formed in the universe and reionization feedback is also a related and unsolved important question. Understanding galaxy formation in small halos requires deeper insights on the physics behind stellar and black holes feedback and cosmic reionization. Surveys and detailed studies of the faint and ultra-faint dwarf galaxies in the Local Group and deep 21-cm surveys are powerful probes of dark matter clumping at small scales and a test for models of the formation of the fist galaxies.</s>
    <s>To sign up for further email announcements, or if you have any other queries about this meeting, please email Chris Reynolds (chris@astro.umd.edu) or Massimo Ricotti (ricotti@astro.umd.edu).</s>
    <s>Sessions will be organized around broad topics:</s>
    <s>Session I: Particle physics theory: dark matter (DM) candidates;</s>
    <s>Session II: Direct detection predictions and experiments;</s>
    <s>Session III: Indirect dark matter detection: DM annihilation and decay;</s>
    <s>Session IV: Formation of the first dark and luminous structures and feedback processes;</s>
    <s>Session V: Near Field Cosmology (theory): Milky Way satellites, astrophysical tests of Cold DM and gravity;</s>
    <s>Session VI: Near Field Cosmology (observations): ultra-faint satellites, gravitational lensing, 21-cm surveys.</s>
    <s>American Astronomical Society Meeting 219</s>
    <s>Dates: 2012 January 8 - 12 Deadline for Abstract Submission: 2011 October 5, 9:00pm ET Deadline for Early Registration: 2011 September 15 Deadline for Regular Registration: 2011 November 17 Deadline for Late Abstract Submission: 2011 December 1, 9:00pm ET Deadline for Hotel Reservations: 2011 December 04 Deadline for Late Registration: 2011 December 20 Place: Austin, Texas, USA</s>
    <s>American Astronomical Society Meeting 220</s>
    <s>Dates: 2012 June 10 - 14 Place: Anchorage, Alaska, USA</s>
    <s>17th Cambridge Workshop on Cool Stars, Stellar Systems and the Sun (Cool Stars 17)</s>
    <s>Dates: 2012 June 24 - 29 Deadlines:</s>
    <s>Abstract submission opens: October 24, 2011</s>
    <s>Abstract deadline for contributed talks: March 15, 2012. Notification April 20</s>
    <s>Abstract deadline for posters: May 10, 2012</s>
    <s>Splinter sessions</s>
    <s>Splinter session proposal submission opens: November 1, 2011</s>
    <s>Splinter session proposal deadline: December 16, 2011</s>
    <s>Splinter session decisions: January 20, 2012</s>
    <s>Students financial support</s>
    <s>Submission deadline: February 17, 2012</s>
    <s>Notification: March 7, 2012</s>
    <s>Early registration ends on May 10, 2012</s>
    <s>Excursions payment deadline May 10, 2012</s>
    <s>Cancellations deadline May 24, 2012 (see cancellation policy)</s>
    <s>CS18 proposals</s>
    <s>Proposal deadline to host CS18: May 10, 2012</s>
    <s>Place: Barcelona, Spain</s>
    <s>The opening reception will be on Sunday evening, June 24. Science sessions will run from Monday, June 25 through Friday, June 29The morning plenary sessions will focus on fundamental parameters and formation of cool stars and brown dwarfs, magnetic fields and activity, the solar-stellar connection and cool stars as exoplanet hosts. As usual, there will be afternoon Splinter Sessions on topics to be proposed by meeting attendees, as well as ample space and time for displaying and viewing posters.</s>
    <s>International Astronomical Union General Assembly</s>
    <s>Dates: 2012 August 20 - 31 Deadlines:</s>
    <s>September, 2011 Early Registration Open</s>
    <s>29 February, 2012 Early Registration Close</s>
    <s>1 March, 2012 Regular Registration Open</s>
    <s>10 August, 2012 Regular Registration Close</s>
    <s>19 August, 2012 On-site Registration Open</s>
    <s>Abstract Submission</s>
    <s>1 September, 2011 Online Abstract Submission Open</s>
    <s>29 February, 2012 Online Abstract Submission Close</s>
    <s>1 May, 2012 Abstract Notification to Submitters</s>
    <s>Grant Applications:</s>
    <s>15 November, 2011 Online Grant Application Open</s>
    <s>29 February, 2012 Online Grant Application Close</s>
    <s>8 May, 2012 Grant Notification to Applicants</s>
    <s>Place: Beijing, China</s>
    <s>American Astronomical Society Meeting 221</s>
    <s>Dates: 2013 January 6 - 10 Place: Long Beach, California, USA</s>
    <s>American Astronomical Society Meeting 222</s>
    <s>Dates: 2013 June 2 - 6 Place: To be determined, USA</s>
    <s>Selected Astronomy-related Technology (e.g., Instrumentation) Meetings</s>
    <s>Selected Astronomy-related Physics, Computational, Data Analysis, Software or Statistics Meetings</s>
    <s>Selected Space Science-related Education and Public Outreach Meetings</s>
    <s>Page Author: Stephen Drake</s>
    <s>HEASARC Home | Observatories | Archive | Calibration | Software | Tools | Students/Teachers/Public</s>
    <s>Last modified: Wednesday, 05-Oct-2011 10:13:18 EDT</s>
  </text>
</page>
