<?xml version="1.0" encoding="UTF-8"?>
<!DOCTYPE page SYSTEM "page.dtd">
<page>
  <lang>en</lang>
  <url>http://crc.stanford.edu/BAST/prog96.html</url>
  <title>BAST 96 Program</title>
  <snippet>
    <s>CONFERENCE COMMITTEE Program Chair: R. Chandramouli AM - 9:30 AM Session 1 BIST in the Submicron Zone Session Chair: E. J. McCluskey, CRC, </s>
  </snippet>
  <text>
    <s>BAST 96 Workshop Program</s>
    <s>The Inn at the Tides, Bodega Bay, California</s>
    <s>February 6-9, 1996</s>
    <s>CONFERENCE COMMITTEE</s>
    <s>General Chair: E. J. McCluskey</s>
    <s>Program Chair: R. Chandramouli</s>
    <s>Local Arrangements Chair: H. Hao</s>
    <s>Registration Chair: R. Norwood</s>
    <s>Finance Chair: T. Y. Chang</s>
    <s>Publicity Chair: P. Fasang</s>
    <s>Graphics Chair: S. Ma</s>
    <s>Entertainment Chair: D. Lu</s>
    <s>Tuesday, Feb 6</s>
    <s>6:30 PM - 7:30 PM Registration &amp; Reception</s>
    <s>7:30 PM	 Dinner &amp; Talk by Bob Pease, National Semiconductor</s>
    <s>Wednesday, Feb 7</s>
    <s>7:15 AM CONTINENTAL BREAKFAST</s>
    <s>8:15 AM - 8:20 AM Welcome: E. J. McCluskey, CRC, Stanford University</s>
    <s>8:20 AM - 8:25 AM Introduction: R. Chandramouli, LogicVision</s>
    <s>8:30 AM - 9:30 AM Session 1 BIST in the Submicron Zone</s>
    <s>Session Chair: E. J. McCluskey, CRC, Stanford University</s>
    <s>1.1 The Creature from the Deep Submicron Lagoon,</s>
    <s>Bernd Koenemann, LogicVision</s>
    <s>1.2 Test Point Insertion for a Specified Set of Test Patterns,</s>
    <s>Nur Touba, CRC, Stanford University</s>
    <s>1.3 BIST Algorithms &amp; Implementation in HaL's SPARC64 Processor,</s>
    <s>Nirmal Saxena, Hal Computers</s>
    <s>1.4 Firing Line: Tracy Larrabee, UC Santa Cruz</s>
    <s>Shridar Mukund, Cirrus Logic</s>
    <s>9:30 AM-10:30 AM BREAK</s>
    <s>10:30 AM - 11:30 AM Session 2 Synthesis For Test: At what level</s>
    <s>Session Chair: R. Chandramouli, LogicVision</s>
    <s>2.1 Synthesis-for-Scan and Scan Chain Ordering,</s>
    <s>Rob Norwood, CRC, Stanford University</s>
    <s>2.2 Low Overhead Scan Design Methodologies,</s>
    <s>Mike Lee, Fujitsu Labs</s>
    <s>2.3 Integration of Hierarchical Test Generation with Behavioral Synthesis</s>
    <s>of Controller and Data Path Circuits,</s>
    <s>Sandeep Bhatia, CrossCheck</s>
    <s>2.4 Firing Line: Micaela Serra, University of Victoria</s>
    <s>Prab Varma, CrossCheck</s>
    <s>12:00 PM- 1:00 PM LUNCH</s>
    <s>at Poolside (weather permitting)</s>
    <s>1:30 PM - 2:30 PM Session 3 Failures and Faults: How deep should we get in</s>
    <s>Session Chair: Robert Redinbo, UC Davis</s>
    <s>3.1 Physical Design for Testability- How can it be measured,</s>
    <s>Joel Ferguson, UC Santa Cruz</s>
    <s>3.2 Failures in the Analog Domain, Naveena Nagi,</s>
    <s>3.3 Combining Realistic Fault Models and Industrial Designs:</s>
    <s>Practical Experiences in Technology Transfer,</s>
    <s>Carl Roth, UC Santa Cruz</s>
    <s>3.4 Firing Line: Wu Tung Cheng, Mentor Graphics</s>
    <s>Farzad Zarrinfar, LSI Logic</s>
    <s>2:30 PM - 3:30 PM BREAK</s>
    <s>3:30 PM - 4:30 PM Session 4 Test Generation</s>
    <s>Session Chair: Jon Muzio, University of Victoria</s>
    <s>4.1 Checking Experiments to Test D Flip-flops,</s>
    <s>Samy Makar, Cirrus Logic</s>
    <s>4.2 Issues in IDDQ Testing, Paul Thadikaran, CrossCheck</s>
    <s>4.3 Combining Stuck-At, Delay, and IDDQ tests,</s>
    <s>Siyad Ma, AMD</s>
    <s>4.4 Firing Line: Jonathan Chang, CRC Stanford</s>
    <s>Nirmal Saxena, Hal Computers</s>
    <s>7:00 PM DINNER</s>
    <s>8:00 PM FUN &amp; GAMES</s>
    <s>Thursday, Feb 8</s>
    <s>7:30 AM CONTINENTAL BREAKFAST</s>
    <s>8:30 AM - 9:30 AM Session 5 Testability Standards: Are they here to stay</s>
    <s>Session Chair: Pat Fasang, Hitachi</s>
    <s>5.1 Testability Standards in Custom Design,</s>
    <s>Bulent Dervisoglu, Silicon Graphics</s>
    <s>5.2 Issues in ASIC Manufacturing, Nick Sporch, LSI Logic</s>
    <s>5.3 BIST in a Workstation DFT Methodology,</s>
    <s>Brent Miller, HaL Computers</s>
    <s>5.4 Firing Line: Kevin Giebel, Teradyne</s>
    <s>L. T. Wang, Syntest</s>
    <s>9:30 AM - 10:30 AM BREAK</s>
    <s>10:30 AM - 11:30 AM Session 6 Should Test Be Considered a Cost</s>
    <s>Session Chair: Ed Porter, HaL Computers</s>
    <s>6.1 Test Economics - What's It Worth?,</s>
    <s>Prab Varma, CrossCheck</s>
    <s>6.2 Cost of Ownership for Test Methodology,</s>
    <s>Farzad Zarrinfar, LSI Logic</s>
    <s>6.3 The Economics of Manufacturing Testing Beyond the Silicon,</s>
    <s>Felix Frayman, HP Labs</s>
    <s>6.4 Firing Line: Eric Larson, Teradyne</s>
    <s>Bob Huston, Credence</s>
    <s>12:00 PM - 1:00 PM LUNCH</s>
    <s>at Poolside (weather permitting)</s>
    <s>AFTERNOON FREE</s>
    <s>7:30 PM - 9:30 PM PANEL DISCUSSION</s>
    <s>at Bay View Room</s>
    <s>What is the crossover point for test cost</s>
    <s>over process and design cost?</s>
    <s>Panel Chair : Edward J. McCluskey, Stanford CRC</s>
    <s>Panelist: Ed Porter, HaL Computer Systems</s>
    <s>Bulent Dervisoglu, Silicon Graphics</s>
    <s>Bob Huston, Credence Systems</s>
    <s>Bernd Koenemann, LogicVision</s>
    <s>Friday, Feb 9</s>
    <s>7:30 AM CONTINENTAL BREAKFAST</s>
    <s>8:30 AM - 10:00 AM Session 7 Automation of Debug and Diagnostics</s>
    <s>Session Chair: Rochit Rajsuman, LSI Logic</s>
    <s>7.1 Failure Analysis for Full Scan Design,</s>
    <s>Arun Gunda, LSI Logic</s>
    <s>7.2 Automating Failure Diagnosis of Scan-Based Circuits,</s>
    <s>John Waicukauski, Mentor Graphics</s>
    <s>7.3 Diagnosis: Beyond the Byzantine Generals Problem,</s>
    <s>David Lavo, UC Santa Cruz</s>
    <s>7.5 Firing Line: Bulent Dervisoglu, Silicon Graphics</s>
    <s>Bernd Koenemann, LogicVision</s>
    <s>10:00 AM - 10:30 AM BREAK</s>
    <s>10:30 AM - 11:30 AM Session 8 Verification: A name with many faces</s>
    <s>Session Chair: Nirmal Saxena, HaL Computers</s>
    <s>8.1 Formal Verification Challenges for m-Processors,</s>
    <s>Dian Yang, Silicon Graphics</s>
    <s>8.2 Silicon Verification Using Logic Simulation Generated Test Vectors,</s>
    <s>Kirit Khichadia, Simutest</s>
    <s>8.3 Trouble with X's : Simulation versus Synthesis</s>
    <s>David Lu, IBM</s>
    <s>8.4 Firing Line: Brian Chess, Hewlett-Packard</s>
    <s>Wern-Yan Koe, Fujitsu</s>
    <s>11:30 AM - 12:00 Noon Closing Remarks</s>
    <s>Questionnaire Collection</s>
    <s>12:30 PM - 1:30 PM LUNCH</s>
    <s>at Poolside</s>
  </text>
</page>
