<?xml version="1.0" encoding="UTF-8"?>
<!DOCTYPE page SYSTEM "page.dtd">
<page>
  <lang>en</lang>
  <url>http://estetika.ff.cuni.cz/conference/conference-schedule</url>
  <title>Aesthetic Dimension of Visual Culture :: conference schedule</title>
  <snippet>
    <s>CONFERENCE PROCEEDINGS PUBLISHED. 11/07/10 07/10/09. The Conference Programme Will Be Made Public on 13 July 2:40 – 3:10 pm coffee break </s>
  </snippet>
  <text>
    <s>Aesthetic dimension of visual culture</s>
    <s>department of aesthetics</s>
    <s>call for papers</s>
    <s>conference schedule</s>
    <s>accomodation &amp; travel</s>
    <s>CONFERENCE PROCEEDINGS PUBLISHED</s>
    <s>The Conference Programme is now online</s>
    <s>The Conference Programme Will Be Made Public on 13 July</s>
    <s>Change of Venue and Extension of the Conference</s>
    <s>Due to an unexpected delay in the reconstruction of the Institute of Art History conference centre, the conference will be held in the DigiLab Hall of the Academy of Fine Arts. Also, in reaction to the staggering amount of abstracts received, the conference has been extanded to Thursday 22.</s>
    <s>Conference Programme</s>
    <s>Conference programme and timetable will be made public on 10 July the latest.</s>
    <s>CFP Uploaded</s>
    <s>Call for papers made public</s>
    <s>Website Launch</s>
    <s>Conference website launch</s>
    <s>Aesthetic Dimension of Visual Culture » conference schedule</s>
    <s>Conference schedule</s>
    <s>Tuesday 20 October</s>
    <s>9:00 – 9:30 am Conference Registration</s>
    <s>9:30 – 10:00 am Dean's Welcome</s>
    <s>Michal Stehlík, Dean of the Faculty of Arts, Charles University</s>
    <s>Chair: Aleš Erjavec (Slovenian Academy of Sciences and Arts, Ljubljana, SI)</s>
    <s>10:00 – 11:30 am KEYNOTE LECTURE</s>
    <s>Janet Wolff (University of Manchester, GB): In Defence of Sociology: Aesthetics in the Age of Uncertainty</s>
    <s>11:30 – 12:30 pm lunch break</s>
    <s>Chair: Tomáš Kulka (Charles University, Prague, CZ)</s>
    <s>12:30 – 1:10 pm Jason Gaiger (Open University, Milton Keynes, GB): Can There Be a Universal Science of Images?</s>
    <s>1:10 – 2:00 pm Pol Capdevila (University Pompeu Fabra, Barcelona, ES): Hidden Aesthetics in Documentary Images</s>
    <s>2:00 – 2:40 pm Ignaz Cassar (University of Leeds, GB): Imagining the Image: The Aesthetics of Latency</s>
    <s>2:40 – 3:10 pm coffee break</s>
    <s>Chair: Martin Kaplický (Academy of Performing Arts, Prague, CZ)</s>
    <s>3:10 – 3:50 pm Joe Grixti (Massey University, Auckland, NZ): Aesthetic Value and Commercial Media: Artworks in Popular Film and Television</s>
    <s>3:50 – 4:30 pm Stephen Snyder (Fatih University, Istanbul, TR): Narrative History and Public Art</s>
    <s>4:30 – 5:10 pm Cyrus Manasseh (University of Western Australia, Perth, AU): Art Without the Aesthetic?</s>
    <s>7:00 pm Conference Dinner</s>
    <s>8:30 pm Jazz Concert</s>
    <s>Wednesday 21 October</s>
    <s>Chair: Petra Hanáková (Charles University, Prague, CZ)</s>
    <s>9:00 – 10:30 am INVITED LECTURE</s>
    <s>Aleš Erjavec (Slovenian Academy of Sciences and Arts, Ljubljana, SI): Aesthetics, Philosophy of Culture, Art</s>
    <s>10:30 – 11:10 am Stephen Moonie (University of Essex, GB): Aesthetics in the Expanded Field of Culture</s>
    <s>11:10 – 11:50 am Kiu-wai Chu (University of Hong Kong, HK): Perspectives in Chinese Visual Culture</s>
    <s>11:50 – 12:50 pm lunch break</s>
    <s>Chair: Patricia Castello Branco (Universidade Nova, Lisbon, PT)</s>
    <s>12:50 – 2:20 pm INVITED LECTURE</s>
    <s>Ladislav Kesner (Masaryk University, Brno, CZ): Neuroscience and Art Experience: Real Promises or Real Delusions?</s>
    <s>2:20 – 3:00 pm David Reid &amp; Fiona Maclaren (Nottingham Trent University, GB): Reconsidering Visual Aesthetics: Mediation &amp; Perception in Contemporary Visual Experience</s>
    <s>3:00 – 3:40 pm Koray Degirmenci (Erciyes University, Kayseri, TR): Photographic Images in the Digital Age</s>
    <s>3:40 – 4:20 pm coffee break</s>
    <s>Chair: Ondřej Dadejík (Charles University, Prague, CZ)</s>
    <s>4:20 – 5:00 pm Liz Thomas (University of Illinois, Springfield, US): The Digital Image in Art</s>
    <s>5:00 – 5:40 pm Miloš Ševčík (Charles University, Prague, CZ): A Change in Essence</s>
    <s>5:40 – 6:20 pm Matthew MacKisack (Goldsmith College, University of London, GB): The Practicing of Divisive Imagery in Contemporary Visual Art</s>
    <s>After the last lecture Guided Tour of the Studios of the Academy of Fine Arts</s>
    <s>Thursday 22 October</s>
    <s>Chair: Josef Šebek (Charles University, Prague, CZ)</s>
    <s>9:00 – 9:40 am Berta Pérez (University of Valencia, ES): The Aesthetic Dimension of Žižek Cinema Studies</s>
    <s>9:40 – 10:20 am Temenuga Trifonova (York University, Toronto, CA): The Disappearing Image</s>
    <s>10:20 – 11:00 am Mark Titmarsh (University of Technology, Sydney, AU): Towards an Ontological Aesthetics of Expanded Painting</s>
    <s>11:00 – 12:40 pm lunch break</s>
    <s>Chair: Denis Ciporanov (Charles University, Prague, CZ)</s>
    <s>12:40 – 2:10 pm INVITED LECTURE</s>
    <s>Tomáš Kulka (Charles University, Prague, CZ): How Can Aesthetic Value Judgements be Justified</s>
    <s>2:10 – 2:50 pm Štěpán Kubalík (Charles University, Prague, CZ): Perceptual Nature of Aesthetic Properties</s>
    <s>2:50 – 3:30 pm Tereza Hadravová (Charles University, Prague, CZ): Sensations in Vision</s>
    <s>3:30 – 4:00 pm coffee break</s>
    <s>Chair: Jakub Stejskal (Charles University, Prague, CZ)</s>
    <s>4:00 – 4:40 pm Alice Jedličková &amp; Stanislava Fedrová (Czech Academy of Sciences, Prague, CZ): Why Verbal may be Experienced as Visual</s>
    <s>4:40 – 5:20 pm Patricia Castello Branco (Universidade Nova, Lisbon, PT): Haptic Visuality</s>
    <s>5:20 – 5:30 pm Close of Conference</s>
    <s>(C) 2009 Leben</s>
  </text>
</page>
