<?xml version="1.0" encoding="UTF-8"?>
<!DOCTYPE page SYSTEM "page.dtd">
<page>
  <lang>en</lang>
  <url>http://depts.washington.edu/uwconf/psgb/proceedings_intro.html</url>
  <title>Puget Sound Georgia Basin Ecosystem Conference</title>
  <snippet>
    <s>The 2009 PSGB Conference will connect scientific research and Conference participants are the driving force of this conference, and the reason for its continued success. Although Chris Townsend - Puget Sound Partnership (Co- Chair) </s>
  </snippet>
  <text>
    <s>!PSGB Banner</s>
    <s>Proceedings of the 2009 Puget Sound Georgia Basin Ecosystem Conference</s>
    <s>Link to Proceedings Table of Contents with links to contributed papers.</s>
    <s>Environment Canada and the Puget Sound Partnership, co-hosts of the 9th biennial Puget Sound Georgia Basin (PSGB) Conference, are pleased to present the online Proceedings of the 2009 Puget Sound Georgia Basin Ecosystem Conference (available early Summer 2009).</s>
    <s>The PSGB conference series is a biennial interdisciplinary conference focused on the status of the transboundary Puget Sound Georgia Basin region, pressures on the ecosystem and response approaches to emergent issues. Stakeholders recognize the conference series as the principal interdisciplinary conference focused on science, policy and action for the transboundary region.</s>
    <s>The first five conferences, between 1993 and 2001, were hosted solely by United States organizations and focused on the United States portion of the ecosystem. Since 2003, the series has been co-hosted by Environment Canada and the Puget Sound Partnership (formerly Puget Sound Action Team).</s>
    <s>At these Conferences, scientists, First Nations and tribal government leaders, resource managers, community leaders, policy makers, educators and students with a common passion for this place convene and share and scientific findings and policy insights that address regional challenges. Conference participants are the driving force of this conference, and the reason for its continued success.</s>
    <s>Although participants understand well the environmental and social challenges facing the PSGB region, the 2009 conference provided a unique opportunity to network, increase knowledge, and forge a collaborative transboundary “Call to Action.” The Conference Call to Action, read aloud by Adam Harding, age 17, from Pearson College, Vancouver Island, reflects the spirit and intentions of the conference participants and is included in these proceedings. A summary of the specific calls to action that were generated in the concurrent sessions are also included in these proceedings. </s>
    <s>1,179 participants attended the 2009 conference at the Washington State Convention and Trade Center, Feb. 8-11, 2009. The conference program featured four plenary sessions, morning and afternoon networking breaks and daily luncheons. The program featured 156 poster presentations, 259 oral paper presentations and 43 concurrent sessions.</s>
    <s>The conference program included the following highlights:</s>
    <s>Keynote address by Andrew Rosenberg, renowned ecosystem-based management expert from the University of New Hampshire</s>
    <s>“Health of the Salish Sea” Plenary featuring area scientists</s>
    <s>Coast Salish Plenary featuring Tribal and First Nation representatives</s>
    <s>Closing plenary featuring a Coast Salish witnessing ceremony and official presentation of the Conference “Call to Action,” which identified critical work to protect the transboundary ecosystem</s>
    <s>Poster Gala showcasing inspiring and informative research</s>
    <s>Artists’ Reception featuring Puget Sound photography and award-winning marine posters by children from British Columbia</s>
    <s>Second biennial Environmental Film Festival featuring short films from the U.S. and Canada</s>
    <s>Four off-program field trips to local sites</s>
    <s>The 2009 Conference theme was “The Future of the Salish Sea: A Call to Action”, with sub-themes focused on:</s>
    <s>Air quality and climate change</s>
    <s>Ecosystem management strategies and techniques</s>
    <s>Habitat, Land Use and Species</s>
    <s>Marine and Freshwater Resources</s>
    <s>Conference organizers understand the challenges facing the Salish Sea and took the following steps to reduce the impact of conference-related activities on the environment:</s>
    <s>Collaborated with the Washington State Convention and Trade Center’s catering department to reduce waste, compost and recycle food and beverage materials, and select organic and locally-sourced foods wherever possible.</s>
    <s>Promoted a “climate friendly” conference with carbon offsets donated by Offsetters.com.</s>
    <s>Selected a LEED-certified facility, the Hyatt at Olive 8, as the official conference hotel.</s>
    <s>Provided the conference abstract book on a flash drive made of renewable bamboo in order to reduce paper waste.</s>
    <s>Purchased delegate bags made of 85% post-consumer recycled plastic with the support of Metro Vancouver’s Zero Waste Challenge.</s>
    <s>The Puget Sound Partnership and Environment Canada would like to thank the following people for their dedication and commitment to making this conference a success:</s>
    <s>2009 Advisory and Review Committee Members</s>
    <s>Wayne Bourque - Parks Canada</s>
    <s>Ken Brock - Environment Canada</s>
    <s>Tracy Collier – National Oceanic and Atmospheric Administration</s>
    <s>Kristen Cooley - Puget Sound Partnership</s>
    <s>Chris Garrett - University of Victoria</s>
    <s>Bronwen Geddes - Environment Canada (Co-Chair)</s>
    <s>Simon Geerlofs - Northwest Straits Commission</s>
    <s>Eric Grossman – United States Geological Survey</s>
    <s>Ray Harris - Hul’qumi’num Treaty Group</s>
    <s>Patrick Higgins - Canadian Consulate General</s>
    <s>Ron Kreizenbeck - United States Environmental Protection Agency</s>
    <s>Debra Lekanof - Swinomish Indian Tribal Community</s>
    <s>Randall Lewis - Squamish Nation</s>
    <s>Penny Lloyd - Ministry of Environment</s>
    <s>Carol Maloy – Washington State Department of Ecology</s>
    <s>Diane Masson - Fisheries and Oceans Canada</s>
    <s>Tom Mumford - Washington State Department of Natural Resources</s>
    <s>Ian Perry – Fisheries and Oceans Canada</s>
    <s>Catherine Ponsford - Environment Canada</s>
    <s>Michael Rylko - United States Environmental Protection Agency</s>
    <s>Angela Stadel - Environment Canada</s>
    <s>Dan Stonington – Cascade Land Conservancy</s>
    <s>Ronald Thom – Pacific Northwest National Laboratory</s>
    <s>Lyman Thorsteinson - Western Fisheries Research Center, U.S. Geological Survey</s>
    <s>Karen Topelko - Ministry of Environment</s>
    <s>Chris Townsend - Puget Sound Partnership (Co-Chair)</s>
    <s>Heather Trim - People for Puget Sound</s>
    <s>Albert van Roodselaar - Metro Vancouver</s>
    <s>Raechel Waters – Washington Sea Grant</s>
    <s>Christianne Wilhelmson - Georgia Strait Alliance</s>
    <s>Lara Whitely Binder - University of Washington</s>
    <s>2009 Conference Planning Team</s>
    <s>Kristine Bell, Environment Canada</s>
    <s>Debra Bryant, University of Washington Educational Outreach</s>
    <s>Syd Fredrickson, University of Washington Educational Outreach</s>
    <s>Bronwen Geddes, Environment Canada (Co-Chair)</s>
    <s>Jan Kvamme, University of Washington Educational Outreach</s>
    <s>Thuch Mam, Puget Sound Partnership</s>
    <s>Rachel Patterson, EnviroIssues</s>
    <s>Chris Townsend, Puget Sound Partnership (Co-Chair)</s>
    <s>2009 Call to Action Team</s>
    <s>Timothy Corey, Advanced Approach</s>
    <s>Sarah Gage, Biodiversity Council</s>
    <s>Jennifer Knauer, Jones &amp; Jones</s>
    <s>Linda Lyshall, Puget Sound Partnership</s>
    <s>Tammy Owings, Puget Sound Partnership</s>
    <s>Ann Seiter, Technical Writing and Editing</s>
    <s>Angela Stadel, Environment Canada</s>
    <s>Angie Thomson, EnviroIssues</s>
    <s>Link to Proceedings Table of Contents</s>
    <s>If you are interested in further information on the shared Puget Sound Georgia Basin ecosystem, we encourage you to visit the conference hosts via their Web sites:</s>
    <s>Puget Sound Partnership www.psp.wa.gov</s>
    <s>Environment Canada www.pyr.ec.gc.ca/georgiabasin/</s>
    <s>Proceedings, updates and links to past research conference proceedings are available from the Puget Sound Partnership Web site.</s>
    <s>Chris Townsend</s>
    <s>Co-Chair, United States</s>
    <s>Telephone: (360) 464-2007</s>
    <s>E-mail: chris.townsend@psp.wa.gov</s>
    <s>Bronwen Geddes</s>
    <s>Co-Chair, Canada</s>
    <s>Telephone: (604) 664-9162</s>
    <s>E-mail: bronwen.geddes@ec.gc.ca</s>
    <s>2009 PROCEEDINGS</s>
    <s>TABLE OF CONTENTS</s>
    <s>ADVISORY COMMITTEE</s>
    <s>FILM FESTIVAL</s>
    <s>2009 SPONSORS</s>
    <s>STUDENT AWARDS</s>
    <s>CALL TO ACTION (PDF)</s>
    <s>QUESTIONS / CONTACTS</s>
  </text>
</page>
