<?xml version="1.0" encoding="UTF-8"?>
<!DOCTYPE page SYSTEM "page.dtd">
<page>
  <lang>en</lang>
  <url>http://dublincore.org/workshops/</url>
  <title>DCMI Workshops</title>
  <snippet>
    <s>The Dublin Core Metadata Initiative Conference and Workshop Series gathers to present themselves directly to the conference participants at DC-2011, to be </s>
  </snippet>
  <text>
    <s>!Dublin Core (Registered Trademark) Metadata Initiative logo and catchphrase:</s>
    <s>Making it easier to find information</s>
    <s>Jump to main content: This Page</s>
    <s>Jump to site map: New Page</s>
    <s>Global navigation options:</s>
    <s>Metadata Basics</s>
    <s>DCMI Specifications</s>
    <s>Community and Events</s>
    <s>About Us</s>
    <s>Conferences and Workshops</s>
    <s>The Dublin Core Metadata Initiative Conference and Workshop Series gathers experts from various areas in the private and public sectors, including the library world, the networking and digital library research communities, corporate knowledge management, e-government and public sector information. Initially organized as a series of invitational workshops with a main focus at the definition and finalization of the Dublin Core metadata standards, this has developed into an annual get-together of people involved in the work of DCMI and other metadata activities. Since 2001, the event includes a Tutorial track, a peer-reviewed Conference track, Special Sessions and Working Group meetings attended by hundreds of experts in the field from many countries around the world.</s>
    <s>Upcoming events</s>
    <s>DC-2011: International Conference on Dublin Core and Metadata Applications</s>
    <s>21-23 September 2011</s>
    <s>The Hague, The Netherlands</s>
    <s>The conference will be hosted by the National Library of the Netherlands (Koninklijke Bibliotheek, KB).</s>
    <s>&gt; Conference Home Page</s>
    <s>Call for Conference Sponsors</s>
    <s>Conference Program (preliminary)</s>
    <s>Online registration, early-bird discount until 21 August 2011.</s>
    <s>Register now for DC-2011</s>
    <s>2011-07-11, The online registration for DC-2011 opened on 5 July 2011. The conference itself will take place on 22 and 23 September, while on Wednesday 21 September, you have a choice between Tutorials about Dublin Core and metadata best practices, Linked Data and SKOS; and a Workshop on Vocabulary Maintenance and Alignment. Registrations are already coming in at a fast pace. Don't wait, register now!</s>
    <s>Preliminary Program for DC-2011 published</s>
    <s>2011-06-27, The organizing committee of DC-2011 has published the preliminary program of the event. On Wednesday 21 September there will be a full day of Tutorials alongside a special session on Vocabulary Management and Alignment. The program for the conference on Thursday 22 and Friday 23 September includes plenary keynotes and paper sessions, posters, workshop and special sessions, while there will also be an opportunity for people to meet in an &quot;unconference&quot; setting. You can show your interest at LinkedIn and at Lanyrd. Twitter stream at @dcmi11, hashtag dcmi11. Registration will open on 2 July 2011.</s>
    <s>DC-2011 Call for Conference Sponsors is now open</s>
    <s>2011-06-06, The National Library of the Netherlands and the DC-2011 Conference Committee are pleased to offer a limited number of sponsors the opportunity to present themselves directly to the conference participants at DC-2011, to be hosted by the National Library of the Netherlands, 21-23 September in The Hague, the Netherlands, and to a global audience beyond the conference venue. A detailed description of the options is available at the sponsorship page on the conference Web site. For arrangements to be a sponsor, please contact the National Library of the Netherlands at dcmi11-sponsor (at) dublincore (dot) net.</s>
    <s>Emmanuelle Bermes and Mikael Nilsson to give keynotes at DC-2011</s>
    <s>2011-03-21, The organizing committee of DC-2011, to be held 21-23 September 2011 in The Hague, is pleased to announce the keynote speakers for the conference: Emmanuelle Bermes who is well known for her work on the application of new technologies in the domain of libraries and cultural heritage, and Mikael Nilsson who is a leading expert in issues related to interoperability across metadata standards.</s>
    <s>DC-2011 to be held 21-23 September 2011 at the National Library of the Netherlands in The Hague</s>
    <s>2010-12-17, We are pleased to announce that DC-2011, the eleventh International Conference on Dublin Core and Metadata Applications, will take place at the National Library of the Netherlands in The Hague from 21 through 23 September 2011. The National Library of the Netherlands (KB) fosters the national infrastructure for scientific information and plays an important role in the permanent access to digital information at an international level. The KB has been involved in many international research projects in the field of digital libraries and hosts the offices of The European Library and Europeana. The European Library Office is coordinating the local organization of DC-2011. Further information about the conference will be made available in January 2011.</s>
    <s>Past events</s>
    <s>DC-2010: International Conference on Dublin Core and Metadata Applications</s>
    <s>20-22 October 2010</s>
    <s>Pittsburgh, Pennsylvania, USA</s>
    <s>The conference was held in conjunction with the Annual Meeting of the American Society for Information Science and Technology (ASIS&amp;T) on 22-27 October 2010 in the same location.</s>
    <s>&gt; Conference Home Page</s>
    <s>Conference Program</s>
    <s>DC-2010 Proceedings</s>
    <s>DC-2009: International Conference on Dublin Core and Metadata Applications</s>
    <s>&quot;Semantic Interoperability of Linked Data&quot;</s>
    <s>12-16 October 2009</s>
    <s>Seoul, Korea</s>
    <s>Hosted by the National Library of Korea and the Korean Library Association (KLA) at the National Digital Library.</s>
    <s>&gt; Conference Home Page</s>
    <s>DC-2009 Proceedings</s>
    <s>DC-2008: International Conference on Dublin Core and Metadata Applications</s>
    <s>&quot;Metadata for Semantic and Social Applications&quot;</s>
    <s>22-26 September 2008</s>
    <s>Berlin, Germany</s>
    <s>Competence Centre Interoperable Metadata (KIM), Max Planck Digital Library, Gottingen State and University Library, the German National Library and Humboldt-Universitat zu Berlin</s>
    <s>&gt; Conference Home Page</s>
    <s>Program with links to presentations</s>
    <s>DC-2008 Proceedings</s>
    <s>DC-2007: International Conference on Dublin Core and Metadata Applications</s>
    <s>&quot;Application Profiles and their Application in Practice&quot;</s>
    <s>27-31 August 2007</s>
    <s>National Library Board Singapore and Wee Kim Wee School of Communication and Information of Nanyang Technological University.</s>
    <s>&gt; Conference Home Page (cached copy)</s>
    <s>DC-2007 Proceedings</s>
    <s>DC-2006: International Conference on Dublin Core and Metadata Applications</s>
    <s>&quot;Metadata for Knowledge and Learning&quot;</s>
    <s>3-6 October 2006</s>
    <s>Manzanillo, Colima, Mexico</s>
    <s>Universidad de Colima</s>
    <s>&gt; Conference Home Page</s>
    <s>DC-2006 Proceedings</s>
    <s>DC-2005: International Conference on Dublin Core and Metadata Applications</s>
    <s>&quot;Metadata Vocabularies in Practice&quot;</s>
    <s>12-15 September 2005</s>
    <s>Leganes (Madrid), Spain</s>
    <s>Universidad Carlos III de Madrid</s>
    <s>&gt; Conference Home Page</s>
    <s>DC-2005 Proceedings</s>
    <s>DC-2004: Metadata Across Languages and Cultures</s>
    <s>10-14 October 2004</s>
    <s>Shanghai, China</s>
    <s>Shanghai Library, Library of the Chinese Academy of Sciences, National Science and Technology Library of China and DCMI.</s>
    <s>&gt; Conference Home Page</s>
    <s>DC-2004 Proceedings</s>
    <s>DC-2003: Supporting Communities of Discourse and Practice-Metadata Research &amp; Applications</s>
    <s>28 September-2 October 2003</s>
    <s>Seattle, Washington, USA</s>
    <s>Information School of the University of Washington, DCMI, University of Washington Libraries, Information Institute of Syracuse, Syracuse University</s>
    <s>&gt; Conference Home Page (cached copy)</s>
    <s>DC-2003 Proceedings</s>
    <s>DC-2002: Metadata for e-Communities: Supporting Diversity and Convergence</s>
    <s>October 14-17, 2002</s>
    <s>Florence, Italy</s>
    <s>DCMI, Associazione Italiana Biblioteche, Biblioteca Nazionale Centrale Firenze, Istituto e Museo di Storia della Scienza, Istituto Universitario Europeo, Regione Toscana, Universita di Firenze</s>
    <s>&gt; Conference Home Page</s>
    <s>DC-2002 Proceedings</s>
    <s>DC-2001: International Conference on Dublin Core and Metadata Applications</s>
    <s>October 22-26, 2001</s>
    <s>Tokyo, Japan</s>
    <s>National Institute of Informatics (NII), DCMI, Japan Science and Technology Corporation (JST)</s>
    <s>&gt; Conference Home Page [cached copy] Workshop Agenda with links to Presentations</s>
    <s>DC-2001 Proceedings</s>
    <s>DC-8: The 8th International Dublin Core Metadata Workshop</s>
    <s>October 4-6, 2000</s>
    <s>Ottawa, Canada</s>
    <s>Co-sponsored by the National Library of Canada, the IFLA UDT program and OCLC Online Computer Library Center, Inc.</s>
    <s>&gt; Agenda with links to HTML and Powerpoint presentations</s>
    <s>Report: Weibel, Stuart L. The Dublin Core Metadata Initiative: Mission, Current Activities, and Future Directions. DLib Magazine. v.6, n.12 (December 2000).</s>
    <s>DC-7: The 7th Dublin Core Metadata Workshop</s>
    <s>October 25-27, 1999</s>
    <s>Frankfurt, Germany</s>
    <s>Co-sponsored by Die Deutsche Bibliothek and OCLC Online Computer Library Center, Inc.&lt; /p&gt;</s>
    <s>&gt; Home Page (cached copy)</s>
    <s>DC-6: The 6th Dublin Core Metadata Workshop</s>
    <s>November 2-4, 1998</s>
    <s>Washington D.C. USA</s>
    <s>Co-sponsored by the Library of Congress and OCLC Online Computer Library Center, Inc. with support from the National Science Foundation and the Coalition for Network Information.</s>
    <s>&gt; Home Page</s>
    <s>Report: Weibel, Stuart. The State of the Dublin Core Metadata Initiative. D-Lib Magazine, v. 5, n. 4 (April 1999).</s>
    <s>DC-5: The 5th Dublin Core Metadata Workshop</s>
    <s>October 6-8, 1997</s>
    <s>Helsinki, Finland</s>
    <s>Co-sponsored by the National Library of Finland, OCLC Online Computer Library Center and the Coalition for Networked Information (CNI).</s>
    <s>&gt; Home Page</s>
    <s>Report: Miller, Paul and Tony Gill. Report of the 5th Dublin Core Workshop. Ariadne. Issue 12, (November 1997).</s>
    <s>Report: Weibel, Stuart and Juha Hakala. DC-5: The Helsinki Metadata Workshop. D-Lib Magazine, (February 1998).</s>
    <s>DC-4: NLA/DSTC/OCLC Dublin Core Down Under</s>
    <s>March 3-5, 1997</s>
    <s>Canberra, Australia</s>
    <s>Co-sponsored by the National Library of Australia, the Distributed Systems Technology Centre (DSTC) and OCLC Online Computer Library Center, Inc.</s>
    <s>&gt; Home Page</s>
    <s>Report: Weibel, Stuart, Warwick Cathro, and Renato Iannella. The 4th Dublin Core Metadata Workshop Report. D-Lib Magazine, (June 1997).</s>
    <s>DC-3: CNI/OCLC Workshop on Metadata for Networked Images</s>
    <s>September 24-25, 1996</s>
    <s>Dublin, Ohio USA</s>
    <s>Co-sponsored by the Coalition for Networked Information (CNI) and OCLC Online Computer Library Center, Inc.</s>
    <s>&gt; Home Page</s>
    <s>Report: Weibel, Stuart and Eric Miller. Image Description on the Internet: A Summary of the CNI/OCLC Image Metadata Workshop. DLib Magazine, (January, 1997).</s>
    <s>DC-2: OCLC/UKOLN Metadata Workshop</s>
    <s>April 1-3, 1996</s>
    <s>Warwick, U.K.</s>
    <s>Co-sponsored by the United Kingdom Office for Library &amp; Information Networking and OCLC Online Computer Library Center, Inc. with the support of the Joint Information Systems Committee, National Center for Supercomputer Applications, DLib and ERCIM.</s>
    <s>&gt; Home Page</s>
    <s>Report: Dempsey, Lorcan and Stuart L. Weibel. The Warwick Metadata Workshop: A framework for the deployment of resource description. DLib Magazine (July/August, 1996).</s>
    <s>DC-1: OCLC/NCSA Metadata Workshop</s>
    <s>March 1-3, 1995</s>
    <s>Dublin, Ohio USA</s>
    <s>Co-sponsored by the National Center for Supercomputing Applications (NCSA) and OCLC Online Computer Library Center, Inc.</s>
    <s>&gt; Home Page</s>
    <s>Report: Weibel, Stuart, Jean Godby, Eric Miller and Ron Daniel. OCLC/NCSA Metadata Workshop Report. (June 1995).</s>
    <s>Global navigation utility links:</s>
    <s>Contact Us</s>
    <s>Quick Links and Site Map</s>
    <s>Unless indicated otherwise, DCMI documents are licensed under a Creative Commons Attribution 3.0 Unported License. Please see the DCMI Document Notice for further instructions.</s>
    <s>Metadata associated with this resource: http://dublincore.org/workshops/index.shtml.rdf</s>
    <s>Copyright (C) 1995-2011 DCMI. All Rights Reserved. DCMI liability, trademark/service mark, document use and software licensing rules apply. Your interactions with this site are in accordance with our privacy statements.</s>
    <s>The Dublin Core Metadata Initiative Limited is registered in Singapore as a Company limited by Guarantee under registration number 200823602C and hosted by the National Library Board, Singapore.</s>
    <s>The DCMI Web site and Conference Paper Repository are hosted by the National Library of Korea.</s>
    <s>The Dublin Core Metadata Registry is hosted by the Research Center for Knowledge Communities at the University Of Tsukuba, Japan.</s>
    <s>Copyright (C) 1995-2011 DCMI. All Rights Reserved.</s>
  </text>
</page>
