<?xml version="1.0" encoding="UTF-8"?>
<!DOCTYPE page SYSTEM "page.dtd">
<page>
  <lang>en</lang>
  <url>http://icmpc8.umn.edu/proceedings/index.htm</url>
  <title>ICMPC8 - Conference Proceedings Instructions &amp; Copyright</title>
  <snippet>
    <s>ICMPC Conference Proceedings [ENTER]. ISBN: 1-876346-50-7 Click on the links to view the ABSTRACT CARD or MANUSCRIPT. ABSTRACT CARDS </s>
  </snippet>
  <text>
    <s>ICMPC Conference Proceedings [ENTER]</s>
    <s>ISBN: 1-876346-50-7</s>
    <s>copyright | tips | content</s>
    <s>This area of the ICMPC8 web site contains complete manuscripts for research papers presened at the conference. The manuscripts are stored in Adobe Acrobat (PDF) format. A table of contents and author index in Acrobat format allow quick access to all manuscripts.</s>
    <s>To access the proceedings, you must install the FREE Adobe Acrobat Reader (version 4.05 or later) or its equivalent commercial version. The free version of Acrobat Reader can be downloaded directly from Adobe's web site.</s>
    <s>To begin using the conference proceedings, after carefully reading the copyright statement below, simply click here.</s>
    <s>Copyright Statement (ISBN: 1-876346-50-7)</s>
    <s>Proceedings of the 8th International Conference on Music Perception &amp; Cognition (ICMPC8). (C)2004 Th eSociety for Music Perception &amp; Cognition (SMPC). Copyright of the content of an individual paper is held by the primary (first-named) author of that paper. All rights reserved. No paper from this online proceedings may be reproduced or transmitted in any form or by any means, electronic or mechanical, including photocopying, recording, or by any information retrieval systems, without permission in writing from the paper's primary author. No other part of this proceedings may be reproduced or transmitted in any form or by any means, electronic or mechanical, including photocopying, recording, or by any information retrieval system, with permission in writing from SMPC.</s>
    <s>use the Acrobat HAND tool to click on links</s>
    <s>use the bookmarks in the lefthand panel for navigation; you will always see consistent bookmarks no matter which file you are viewing. Use these bookmarks to navigate within and between the various manuscripts.</s>
    <s>all manuscripts have article threads defined; select the HAND tool and click on the manuscript page. Each click will automatically scroll the page to allow continuous reading.</s>
    <s>all proceeding files may be quickly searched using the acrobat SEARCH engine</s>
    <s>last minute information is available in the readme file</s>
    <s>The WELCOME.PDF page contains links to the following proceedings assets:</s>
    <s>HUB PAGE - allows the reader to jump to all important parts of the proceedings</s>
    <s>TABLE OF CONTENTS - shows one session per page; each session lists the titles and authors of papers presented at the session. Click on the links to view the ABSTRACT CARD or MANUSCRIPT.</s>
    <s>ABSTRACT CARDS - each manuscript has an abstract card; on the abstract card, you can click the link to view the manuscript, you can click the authro name to view the titles of other papers by the author</s>
    <s>AUTHOR INDEX - lists authors alphabetically by surname, and for each author it lists the title of papers written for this conferences by the author. Click on the links to view the ABSTRACT CARD or MANUSCRIPT</s>
  </text>
</page>
