<?xml version="1.0" encoding="UTF-8"?>
<!DOCTYPE page SYSTEM "page.dtd">
<page>
  <lang>en</lang>
  <url>http://conferences.ish-lyon.cnrs.fr/index.php/cc-conf/index/search/titles</url>
  <title>Browse Title Index</title>
  <snippet>
    <s>Items 1 - 25 of 44 Conference Content Search International Conference on Community and Complementary Currencies 2011, Vers un revenu inconditionnel municipal ? Monnaies and local currencies&#39; types and generations, Abstract </s>
  </snippet>
  <text>
    <s>!Page Header Image</s>
    <s>Language English España Castellano Français (Canada)</s>
    <s>Conference Content Search</s>
    <s>All Authors Title Abstract Index terms Full Text</s>
    <s>By Conference</s>
    <s>By Author</s>
    <s>By Title</s>
    <s>Remember me</s>
    <s>Log In</s>
    <s>Current Conferences</s>
    <s>Home &gt; Search &gt; Browse Title Index</s>
    <s>Browse Title Index</s>
    <s>Scheduled Conference</s>
    <s>International Conference on Community and Complementary Currencies 2011</s>
    <s>Vers un revenu inconditionnel municipal ? Monnaies complémentaires et relocalisation d'une politique sociale</s>
    <s>baptiste mylondo</s>
    <s>International Conference on Community and Complementary Currencies 2011</s>
    <s>Análisis sobre la estagnación del desarrollo de monedas complementarias en Japón: - Enfoque a sus propósitos y a la característica cultural del país asiático –</s>
    <s>Yasuyuki Hirota</s>
    <s>International Conference on Community and Complementary Currencies 2011</s>
    <s>Bancos de Tiempo : una reflexión desde la Psicología Social Crítica. Dificultades, éxitos e impacto de los Bancos de Tiempo españoles</s>
    <s>Cristina Cuenca García</s>
    <s>International Conference on Community and Complementary Currencies 2011</s>
    <s>Business-to-business barter exchange: A Viable Marketplace</s>
    <s>Melina Young</s>
    <s>International Conference on Community and Complementary Currencies 2011</s>
    <s>Classifying “CCs”: Community, complementary and local currencies’ types and generations</s>
    <s>Jérôme Blanc</s>
    <s>International Conference on Community and Complementary Currencies 2011</s>
    <s>Community Currencies as Integrative Communication Media for Evolutionist Institutional Design</s>
    <s>Makoto Nishibe</s>
    <s>International Conference on Community and Complementary Currencies 2011</s>
    <s>Complementary currencies methods for sustainable local economies in Latin America</s>
    <s>Erick Brenes</s>
    <s>International Conference on Community and Complementary Currencies 2011</s>
    <s>De la réforme du système monétaire à la monnaie sociale : l'apport théorique de P.-J. Proudhon</s>
    <s>nathalie ferreira</s>
    <s>International Conference on Community and Complementary Currencies 2011</s>
    <s>Democratization of Money: The Historical Relevance of Money Debates</s>
    <s>Saul Wainwright</s>
    <s>International Conference on Community and Complementary Currencies 2011</s>
    <s>Deploying Timebanking for Human-Scaled Economic Development</s>
    <s>Stephanie Ann Rearick, Preston Heath Austin, Marc Earl Brakken</s>
    <s>International Conference on Community and Complementary Currencies 2011</s>
    <s>El rol de las Monedas Provinciales y la Soberanía Monetaria en Argentina</s>
    <s>jose alberto Sbattella</s>
    <s>International Conference on Community and Complementary Currencies 2011</s>
    <s>Emerging trend of complementary currencies systems for environmental purposes: changes ahead?</s>
    <s>Hélène JOACHAIN</s>
    <s>International Conference on Community and Complementary Currencies 2011</s>
    <s>Empirical Study on the “Social Effects” of Community Currencies</s>
    <s>Hiromi Nakazato, Takeshi HIRAMOTO</s>
    <s>International Conference on Community and Complementary Currencies 2011</s>
    <s>EXCHANGE NETWORKS &amp; PARALLEL CURRENCIES ON THE MAP OF GREECE: GEOGRAPHICAL PATTERNS AND SCHEMES’ ACTIVITY</s>
    <s>Irene Sotiropoulou</s>
    <s>International Conference on Community and Complementary Currencies 2011</s>
    <s>Financement des architectes de la transition vers les monnaies complémentaires</s>
    <s>Christophe PLACE</s>
    <s>International Conference on Community and Complementary Currencies 2011</s>
    <s>Fora do Eixo Card: The Brazilian System for the Solidarity Culture</s>
    <s>Bruno Poljokan, Lenissa Lenza, Caio Eduardo Tendolini e Silva, Luiz Farias, Débora Andrade</s>
    <s>International Conference on Community and Complementary Currencies 2011</s>
    <s>GLOBAL TOOLS ENHANCE LOCAL EXCHANGE THROUGH COMMUNITY CURRENCY IN AN ALTERNATIVE GIFT ECONOMY</s>
    <s>Liezl Lambrecht Coetzee</s>
    <s>International Conference on Community and Complementary Currencies 2011</s>
    <s>Harnessing Grassroots Innovations: Complementary Currencies and sustainability</s>
    <s>Noel Andrew Longhurst, Gill Seyfang</s>
    <s>International Conference on Community and Complementary Currencies 2011</s>
    <s>La moneda social como institución potenciadora de la Economía Social y Solidaria</s>
    <s>Ricardo Marcelo Orzi</s>
    <s>International Conference on Community and Complementary Currencies 2011</s>
    <s>Le microcrédit personnel garanti en France : crédit ou monnaie solidaire ?</s>
    <s>Pascal Glémain</s>
    <s>International Conference on Community and Complementary Currencies 2011</s>
    <s>Les monnaies complémentaires et la responsabilité sociale</s>
    <s>pascale Delille</s>
    <s>International Conference on Community and Complementary Currencies 2011</s>
    <s>Les monnaies sociales en Argentine : une pratique alternative face à la crise internationale</s>
    <s>SOUMAYA MEDIOUNI</s>
    <s>International Conference on Community and Complementary Currencies 2011</s>
    <s>Lessons in monetary theory from complementary currencies</s>
    <s>josh ryan-collins</s>
    <s>International Conference on Community and Complementary Currencies 2011</s>
    <s>Local exchange trade systems in the central-european postcommunistic countries</s>
    <s>Petr Jelinek, Alois Konečný, Zsuzsanna Eszter Szalay</s>
    <s>International Conference on Community and Complementary Currencies 2011</s>
    <s>Model of a protected currency area for developing countries based on superneutrality and complementary currencies</s>
    <s>Peter Brass</s>
    <s>1 - 25 of 44 Items</s>
    <s>1 &gt; &gt;&gt;</s>
  </text>
</page>
