<?xml version="1.0" encoding="UTF-8"?>
<!DOCTYPE page SYSTEM "page.dtd">
<page>
  <lang>en</lang>
  <url>http://event.twgrid.org/isgc2010/program.html</url>
  <title>Program - ISGC 2010</title>
  <snippet>
    <s>Time, Conference Room 1, Conference Room 2, Media Conference Room. 08:30 ~ 09:00 . 12:30 ~ 14:00, Program Committee Meeting Lunch (Recreation Hall </s>
  </snippet>
  <text>
    <s>gLite Training for Trainers (5 - 7 March)</s>
    <s>Asia@home (6 March) (Closed Meeting)</s>
    <s>Security Workshop (7 March)</s>
    <s>Social Simulation Tutorial (7 March)</s>
    <s>EUAsiaGrid Workshop on Natural Disaster Mitigation - II (7 - 8 March)</s>
    <s>iRODS Workshop (8 March)</s>
    <s>APGrid PMA Meeting (8 March) (Closed Meeting)</s>
    <s>ISGC Symposium (9-12 March)</s>
    <s>Date: 9-12 March 2010</s>
    <s>Venue: 3F, Building for Humanities and Social Science, Academia Sinica</s>
    <s>9 March 2010</s>
    <s>Conference Room 1</s>
    <s>Conference Room 2</s>
    <s>Media Conference Room</s>
    <s>08:30 ~ 09:00</s>
    <s>09:00 ~ 10:40</s>
    <s>Opening Ceremony &amp;Keynote Speech I</s>
    <s>Bob JONES</s>
    <s>EGEE, CH</s>
    <s>Keynote Speakers:</s>
    <s>&quot; WLCG - Status and Outlook&quot;</s>
    <s>Ian BIRD</s>
    <s>CERN, CH</s>
    <s>&quot; European Grid Infrastructure: Enabling the Global Research Community &quot;</s>
    <s>Steven NEWHOUSE</s>
    <s>CERN, CH</s>
    <s>&quot; NAREGI Grid Middleware and Beyond - Toward Cyber Science Infrastructure &quot;</s>
    <s>Kenichi MIURA</s>
    <s>National Institute of Informatics, JP !</s>
    <s>10:40 ~ 11:10</s>
    <s>Group Photo &amp; Coffee Break</s>
    <s>11:10 ~ 12:40</s>
    <s>Grid Activities in Asia Pacific I</s>
    <s>Marco PAGANONI</s>
    <s>INFN, IT</s>
    <s>&quot; e-Science Uptakes of Taiwan &quot;</s>
    <s>Simon C. LIN &amp; Eric YEN</s>
    <s>ASGC, TW</s>
    <s>&quot; Grid Related Activities around KEK &quot;</s>
    <s>Takashi SASAKI</s>
    <s>KEK, JP</s>
    <s>&quot; Risk Management and Climate Change: El Niño Case in 2010 &quot;</s>
    <s>Royol CHITRADON</s>
    <s>HAII, TH</s>
    <s>&quot; Updates on Grid Activities in the Philippines&quot;</s>
    <s>Peter Antonio BANZON</s>
    <s>ASTI, PH</s>
    <s>&quot; Contributions of EUAsiaGrid Project and its Partners in the Next Phase Development of National Grid Initiative in Malaysia&quot;</s>
    <s>Suhaimi NAPIS</s>
    <s>UPM, MY</s>
    <s>“EU-IndiaGrid2 Sustainable e-Infrastructures Across Europe and India”</s>
    <s>Alberto MASONI</s>
    <s>INFN, IT !</s>
    <s>12:40 ~ 14:00</s>
    <s>Lunch (Recreation Hall, 4F)</s>
    <s>14:00 ~ 15:30</s>
    <s>Grid Security &amp; Networking I</s>
    <s>David KELSEY</s>
    <s>Rutherford Appleton Laboratory, UK</s>
    <s>&quot;Investigation and Analysis of Identity Management Issues by OSG and Esnet&quot;</s>
    <s>Mine ALTUNAY</s>
    <s>Fermi National Laboratory, US</s>
    <s>&quot;Model Checking Grid Policies&quot;</s>
    <s>Mine ALTUNAY ,</s>
    <s>Fermi National Laboratory, US &amp; Jeehyun HWANG North Carolina State University, US (Remotely)!</s>
    <s>&quot;Grid Operational Security&quot;</s>
    <s>Mingchao MA</s>
    <s>Science and Technology Facilities Council (STFC), UK!</s>
    <s>&quot;Managing and Preventing Security Incidents in a Production Grid Infrastructure&quot;</s>
    <s>Romain WARTEL</s>
    <s>CERN, CH</s>
    <s>Applications on High Energy Physics I</s>
    <s>Klaus-Peter MICKEL</s>
    <s>Karlsruhe Institute of Technology, DE</s>
    <s>&quot;e-infrastructure for FAIR&quot;</s>
    <s>Kilian SCHWARZ</s>
    <s>GSI Darmstadt, DE</s>
    <s>&quot;A Study of Particle Physics Based on e-Science Paradigm&quot;</s>
    <s>Kihyeon CHO</s>
    <s>KISTI, KR</s>
    <s>&quot;Belle II Distributed Computing&quot;</s>
    <s>Tom FIFIELD</s>
    <s>University of Melbourne, AU!</s>
    <s>EGI-InSPIRE Meeting (External Meeting)</s>
    <s>Steven NEWHOUSE</s>
    <s>CERN, CH</s>
    <s>Simon C. LIN</s>
    <s>ASGC, TW</s>
    <s>15:30 ~ 16:00</s>
    <s>Coffee Break</s>
    <s>16:00 ~ 17:30</s>
    <s>Grid Security &amp;Networking; II</s>
    <s>David KELSEY</s>
    <s>Rutherford Appleton Laboratory, UK</s>
    <s>&quot;Distributed Key Management System for Sensitive Data&quot;</s>
    <s>Joni HAHKALA</s>
    <s>Helsinki Institute of Physics, FL!</s>
    <s>&quot;On Certificate Issuance and User ID Management in the NAREGI Grid Middleware Integrating the Shibboleth&quot;</s>
    <s>Eisaku SAKANE</s>
    <s>National Institute of Informatics, JP</s>
    <s>&quot;TERENA eScience PKI&quot;</s>
    <s>Milan SOVA</s>
    <s>CESNET, CZ!</s>
    <s>Applications on High Energy Physics II</s>
    <s>Ian BIRD</s>
    <s>CERN, CH</s>
    <s>&quot;LHC ATLAS Analysis Activity in Japan&quot;</s>
    <s>Hiroshi SAKAMOTO</s>
    <s>University of Tokyo, JP</s>
    <s>&quot;LHC Data Taking and the Grid – An Infrastructure Perspective&quot;</s>
    <s>Jeremy COLES</s>
    <s>University of Cambridge - GridPP, UK</s>
    <s>“Grid Computing Operations for the CMS Experiment at the GRIF Tier-2 Site”</s>
    <s>Andrea SARTIRANA</s>
    <s>CNRS, FR</s>
    <s>&quot; CMS Computing Experience from the WLCG STEP'09 Challenge to the First Data Taking of the LHC Era&quot;</s>
    <s>Daniele BONACORSI</s>
    <s>University of Bologna, IT</s>
    <s>&quot;First Experiences with CMS Data Storage on the GEMMS System at INFN-CNAF Tier-1&quot;</s>
    <s>Luca DELL'AGNELLO</s>
    <s>INFN-CNAF, Bologna, IT</s>
    <s>Daniele BONACORSI</s>
    <s>University of Bologna, IT!</s>
    <s>EGI-InSPIRE Meeting (Internal Meeting)</s>
    <s>Steven NEWHOUSE</s>
    <s>CERN, CH</s>
    <s>Simon C. LIN</s>
    <s>Academia Sinica, TW</s>
    <s>Welcome Reception</s>
    <s>10 March 2010</s>
    <s>Conference Room 1</s>
    <s>Conference Room 2</s>
    <s>08:30 ~ 09:00</s>
    <s>09:00 ~ 10:30</s>
    <s>Keynote Speech II</s>
    <s>Reagan MOORE</s>
    <s>University of North Carolina at Chapel Hill (UNC-CH), US</s>
    <s>Keynote Speakers:</s>
    <s>&quot;Grid Infrastructure in Latin America - The EELA-2 Story and Legacy&quot;</s>
    <s>Bernard MARECHAL</s>
    <s>CETA- CIEMAT, ES</s>
    <s>&quot;e-Social Science: Achievements and Future Prospects &quot;</s>
    <s>Rob PROCTER</s>
    <s>University of Manchester, UK</s>
    <s>&quot; A Contribution to e-Wissenschaft &quot;</s>
    <s>Tobias BLANKE</s>
    <s>King’s College, London, UK!</s>
    <s>10:30 ~ 11:00</s>
    <s>Coffee Break</s>
    <s>11:00 ~ 12:30</s>
    <s>Grid Activities in Asia Pacific II</s>
    <s>Alberto MASONI</s>
    <s>INFN, IT</s>
    <s>&quot; RENKEI: Middleware Enabling Resource Federation for e-Science &quot;</s>
    <s>Kento AIDA</s>
    <s>National Institute of Informatics, JP</s>
    <s>&quot; Australian Research Collaboration Service (ARCS) and Grid Activities in Australia &quot;</s>
    <s>Anthony WILLIAMS</s>
    <s>ARCS, AU</s>
    <s>&quot;Pathway to the Development of Sustainable National Health Information System &quot;</s>
    <s>Sornthep VANNARAT</s>
    <s>NECTEC, TH</s>
    <s>&quot; KnowledgeGRID Malaysia Activities &quot;</s>
    <s>Bukhary Ikhwan ISMAIL</s>
    <s>MIMOS, Berhad, MY</s>
    <s>&quot; Grid Computing for Research and Educational Activity in Indonesia &quot;</s>
    <s>Basuki SUHARDIMAN</s>
    <s>ITB, ID</s>
    <s>“Grid Activity in Korea for the Discovery of Potential Inhibitors Against Diseases on WISDOM Environment”</s>
    <s>Doman KIM &amp;Hwa-Ja RYU</s>
    <s>CNU, KR</s>
    <s>&quot; Grid Enabled Medical Informatics in Vietnam &quot;</s>
    <s>Dao Van TUYET</s>
    <s>IAMI, VN!</s>
    <s>12:30 ~ 14:00</s>
    <s>Program Committee Meeting</s>
    <s>Lunch (Recreation Hall, 4F)</s>
    <s>14:00 ~ 15:30</s>
    <s>Operation &amp; Management I</s>
    <s>Steven NEWHOUSE</s>
    <s>CERN, CH</s>
    <s>&quot;SEE-GRID Infrastructure for Regional eScience&quot;</s>
    <s>Ognjen PRNJAT</s>
    <s>GRNET, GR</s>
    <s>&quot;A Grid Operations &amp; Management ROC Approach Transition from EGEE to EGI/NGI&quot;</s>
    <s>Wen MEI</s>
    <s>SCC/KIT, DE</s>
    <s>&quot;Peer-to-peer Cooperative Scheduling Architecture for National Grid Infrastructure&quot;</s>
    <s>Ludek MATYSKA</s>
    <s>CESNET, CZ</s>
    <s>&quot;User Support for Distributed Computing Infrastructures in Europe&quot;</s>
    <s>Torsten ANTONI</s>
    <s>Karlsruhe Institute for Technology, DE</s>
    <s>&quot;The EUAsiaGrid Roadmap: Paths to a Sustainable, Persistent e-Infrastructure in the Asia-Pacific Region&quot;</s>
    <s>Alexander VOSS</s>
    <s>University of St Andrews, UK!</s>
    <s>Application on Humanities &amp; Social Sciences I</s>
    <s>Tobias BLANKE</s>
    <s>King's College London, UK</s>
    <s>&quot;From Digital Archives to Digital Humanities – The NTU Approach&quot;</s>
    <s>Jieh HSIANG</s>
    <s>National Taiwan University, TW</s>
    <s>&quot;GeoParsing: the Digitization and Historical Georeferencing of Text Documents&quot;</s>
    <s>Stuart DUNN</s>
    <s>King's College London, UK</s>
    <s>&quot;GENESIS Social Simulation Modelling Progress&quot;</s>
    <s>Andy TURNER</s>
    <s>University of Leeds, UK!</s>
    <s>&quot;Achievement of TEIN 3 for Live Streaming Collaborative Cultural Performance Between Sweden and Malaysia&quot;</s>
    <s>Faridah MOHD NOOR</s>
    <s>University of Malaya, MY!</s>
    <s>15:30 ~ 16:00</s>
    <s>Coffee Break</s>
    <s>16:00 ~ 17:30</s>
    <s>Operation &amp; Management II</s>
    <s>Ludek MATYSKA</s>
    <s>CESNET, CZ</s>
    <s>&quot;From EGEE Operations Portal to EGI Operations Portal &quot;</s>
    <s>Helene CORDIER &amp; Cyril LORPHELIN</s>
    <s>CNRS, FR</s>
    <s>&quot;A Resource Allocation-Centric Grid Operations Model&quot;</s>
    <s>Tomasz SZEPIENIEC</s>
    <s>ACC CYFRONET AGH, Krakaw, PL</s>
    <s>&quot;Kolkata Grid Tier-2 Centre: Installation and Administration&quot;</s>
    <s>Vikas SINGHAL</s>
    <s>Variable Energy Cyclotron Centre, DAE, GOI, Kolkata, IN</s>
    <s>&quot;Performance Analyses of EGEE-like Grids in Asia and Latin America&quot;</s>
    <s>Marco FARGETTA</s>
    <s>INFN, IT</s>
    <s>Application on Humanities &amp; Social Sciences II</s>
    <s>Alexander VOSS</s>
    <s>University of St. Andrews, UK</s>
    <s>&quot;The Quality in Quantity - Enhancing Text-based Research&quot;</s>
    <s>Andreas ASCHENBRENNER</s>
    <s>Goettingen State and University Library, DE</s>
    <s>&quot;TEXTvre: a Virtual Research Environment for Textual Scholarship&quot;</s>
    <s>Mark HEDGES</s>
    <s>King's College London, UK</s>
    <s>&quot;Building a European Research Infrastructure for the Arts and Humanities&quot;</s>
    <s>Tobias BLANKE</s>
    <s>King's College London, UK</s>
    <s>Program Committee Dinner (invited)</s>
    <s>11 March 2010</s>
    <s>Conference Room 1</s>
    <s>Conference Room 2</s>
    <s>Media Conference Room</s>
    <s>08:30 ~ 09:00</s>
    <s>09:00 ~ 10:30</s>
    <s>Keynote Speech III</s>
    <s>Robert JONES</s>
    <s>CERN, CH</s>
    <s>Keynote Speakers:</s>
    <s>&quot; From Health-e-Child to Sim-e-Child, Experiences from　Adopting the Grid to Adapting it to Translational　Medicine for Paediatrics &quot;</s>
    <s>David MANSET</s>
    <s>MAAT-G, FR</s>
    <s>&quot; The Grid Computing Infrastructure of the LHC &quot;</s>
    <s>Patricia MENDEZ LORENZO</s>
    <s>CERN, CH</s>
    <s>&quot; Grid Computing for Civil Protection an Application about Flash Floods Forecasting: First Results and Lesson Learnt &quot;</s>
    <s>Pierre Alain AYRAL</s>
    <s>Ecole des Mines d'Ales, FR!</s>
    <s>10:30 ~ 11:00</s>
    <s>Coffee Break</s>
    <s>11:00 ~ 12:30</s>
    <s>Grid Activities in Asia Pacific III</s>
    <s>Simon C. LIN</s>
    <s>ASGC, TW</s>
    <s>&quot; Intersect Australia and Support for the Australian e-research Community &quot;</s>
    <s>Markus BUCHHORN</s>
    <s>Intersect, AU</s>
    <s>&quot; The Beijing Tier-2 Site: Current Status and Plan &quot;</s>
    <s>Lu WANG</s>
    <s>IHEP, CN</s>
    <s>“Grid Activities of KISTI in Collaboration with EGEE”</s>
    <s>Soonwook HWANG</s>
    <s>KISTI, KR</s>
    <s>&quot; Updates on GRID Computing Applications in ATENEO DE MANILA UNIVERSITY &quot;</s>
    <s>Rafael SALDANA</s>
    <s>AdMU, PH!</s>
    <s>&quot; Grid and Cloud Computing for Bioinformatics Education and Research &quot;</s>
    <s>Tin-Wee TAN</s>
    <s>NUS, SG</s>
    <s>&quot; Research and Grid Activities in Laboratory MSI of IFI &quot;</s>
    <s>Nguyen Hong QUANG</s>
    <s>&amp;Doan Trung TUNG</s>
    <s>IFI, VN</s>
    <s>” Grid Activities in Pakistan”</s>
    <s>Sajjad ASGHAR</s>
    <s>National Centre for Physics, PK!</s>
    <s>12:40 ~ 14:00</s>
    <s>Lunch (Recreation Hall, 4F)</s>
    <s>14:00 ~ 15:30</s>
    <s>Applications on Earth Sciences</s>
    <s>Monique PETITDIDIER,</s>
    <s>CERN, CH</s>
    <s>&quot;Lessons Learned from 2004 Tsunami on the Andaman Coast of Thailand&quot;</s>
    <s>Wong K SNIDVONGS</s>
    <s>HAII, TH</s>
    <s>&quot;Efficient Bulk Data Replication for the Earth System Grid&quot;</s>
    <s>Alex SIM</s>
    <s>Lawrence Berkeley National Laboratory, US</s>
    <s>&quot;Spatial Visualize Information System for Effective Disaster Management in Sri Lanka&quot;</s>
    <s>Suranga WADDUWAGE</s>
    <s>UN OCHA and National Disaster Management Centre, Sri Lanka, LK!</s>
    <s>&quot;Experiments Simulations on the GRID&quot;</s>
    <s>Antonio S. COFINO</s>
    <s>University of Cantabria, ES</s>
    <s>Grid Middleware &amp; Interoperability I</s>
    <s>Tanya LEVSHINA</s>
    <s>Fermi National Accelerator Laboratory, US</s>
    <s>&quot;Interoperating AliEn and ARC for a Distributed Tier1 in the Nordic Countries&quot;</s>
    <s>Philippe GROS</s>
    <s>Lund University, SE</s>
    <s>&quot;Towards a Scalable Virtual Organization Privileges Management Environment&quot;</s>
    <s>Nanbor WANG</s>
    <s>Tech-X Corporation, US</s>
    <s>&quot;dCache,Sstorage Interoperability Beyond WLCG&quot;</s>
    <s>Patrick FUHRMANN</s>
    <s>DESY, DE</s>
    <s>&quot; Grids and Clouds Interoperation: Development of e-Science Applications Data Manager on Grid Application Platform&quot;</s>
    <s>Wei-Long UENG</s>
    <s>ASGC, TW!</s>
    <s>Digital Library &amp; Content Management</s>
    <s>Mark HEDGES</s>
    <s>King's College London, UK</s>
    <s>&quot;Elements of a Curation Grid&quot;</s>
    <s>Andreas ASCHENBRENNER</s>
    <s>Goettingen State and University Library, DE!</s>
    <s>&quot;GRID Application Meta-Repository: Repository Interconnectivity and Cross-Domain Application Usage in Distributed Computing Environments&quot;</s>
    <s>Alexandru TUDOSE</s>
    <s>University of Westminster, London, UK!</s>
    <s>&quot;Community-Driven Development of Preservation Services&quot;</s>
    <s>Chien-Yi HOU</s>
    <s>University of North Carolina at Chapel Hill, US !</s>
    <s>15:30 ~ 16:00</s>
    <s>Coffee Break</s>
    <s>16:00 ~ 17:30</s>
    <s>Applications on Natural Disaster Mitigation</s>
    <s>Bor-Shouh HUANG</s>
    <s>Academia Sinica, TW</s>
    <s>&quot;Petascale Earthquake Simulations for Improved Seismic Hazard Analysis&quot;</s>
    <s>Yifeng CUI</s>
    <s>University of California at San Diego, US!</s>
    <s>&quot; Enhancement and Modernization Plan of the Philippine Seismic Network &quot;</s>
    <s>Bartlome C.BAUTISTA</s>
    <s>DOST, PH !</s>
    <s>&quot; USM Disaster Research Nexus: Development of Tsunami Research and Resilience &quot;</s>
    <s>Koh Hock LYE</s>
    <s>USM, MY</s>
    <s>&quot;Numerical simulation of seismic waves and its application in Taiwan&quot;</s>
    <s>Li ZHAO &amp; Shiann-Jong LEE</s>
    <s>Academia Sinica, TW</s>
    <s>Grid Middleware &amp; Interoperability II</s>
    <s>Robert JONES</s>
    <s>CERN, CH</s>
    <s>&quot;The D4Science Approach Toward Grid Resource Sharing: the Species</s>
    <s>Occurrence Maps Generation Case&quot;</s>
    <s>Pedro ANDRADE</s>
    <s>CERN, CH!</s>
    <s>&quot;Data Access with File Protocol and StoRM&quot;</s>
    <s>Riccardo ZAPPI</s>
    <s>INFN, IT!</s>
    <s>&quot;Design and Implementation of A Multi-Grid Resource Broker for Grid Computing&quot;</s>
    <s>Chao-Tung YANG &amp;</s>
    <s>Wen-Jen HU</s>
    <s>Tunghai University, TW!</s>
    <s>&quot;Quality of Service Guarantee for Storage Systems &quot;</s>
    <s>Tzi-Cker CHIUEH</s>
    <s>ITRI, TW!</s>
    <s>Operation &amp; Management III</s>
    <s>Bernard MARECHAL</s>
    <s>UFRJ, ES</s>
    <s>&quot;GOCDB-4, a New Architecture for the European Grid Initiative&quot;</s>
    <s>Mathieu GILLES</s>
    <s>Science and Technology Facilities Council (STFC), UK!</s>
    <s>&quot;An APEL Tool Based CPU Usage Accounting Infrastructure for Large Scale Computing Grids&quot;</s>
    <s>William ROGERS</s>
    <s>Science and Technology Facilities Council (STFC), UK!</s>
    <s>&quot;Using HLRmon for Advanced Monitoring of Resources Usage by Virtual Organizations&quot;</s>
    <s>Enrico FATTIBENE</s>
    <s>INFN, IT!</s>
    <s>&quot;Virtual Organizations Job Submission Activity Though the gLite WMS at INFN-CNAF&quot;</s>
    <s>Enrico FATTIBENE</s>
    <s>Daniele CESINI</s>
    <s>INFN, IT!</s>
    <s>Banquet (Invitation Only)</s>
    <s>12 March 2010</s>
    <s>Conference Room 1</s>
    <s>Conference Room 2</s>
    <s>08:30 ~ 09:00</s>
    <s>09:00 ~ 10:30</s>
    <s>Grid Computing &amp; Cloud Computing I</s>
    <s>Ludek MATYSKA</s>
    <s>CESNET, CZ</s>
    <s>&quot;Integration of Cloud and Grid Middleware at D-Grid Resource Centre Ruhr&quot;</s>
    <s>Stefan FREITAG</s>
    <s>TU Dortmund, DE!</s>
    <s>&quot;STAR’s Cloud/VM Adventures&quot;</s>
    <s>Douglas OLSON</s>
    <s>Lawrence Berkeley National Laboratory, US</s>
    <s>&amp; Levente HAJDU</s>
    <s>Brookhaven National Laboratory, US</s>
    <s>&quot;Large Scale Distributed Database Systems Based on Semantic P2P Networks&quot;</s>
    <s>Lican HUANG</s>
    <s>Zhejiang Sci-Tech University, CN!</s>
    <s>Applications on Biomedicine and Life Sciences I</s>
    <s>Yannick LEGRÉ</s>
    <s>HealthGrid, FR</s>
    <s>&quot;Applicability of Free Energy Calculations Using High-Throughput Grid Approach&quot;</s>
    <s>Jan KMUNICEK</s>
    <s>CESNET, CZ!</s>
    <s>&quot;GVSS: A New Virtual Screening Service against the Epidemic Diseases in Asia&quot;</s>
    <s>Hsin Yen CHEN &amp; Yin Ta WU</s>
    <s>Academia Sinica, TW!</s>
    <s>&quot;Grid Computing for Bioinformatics:</s>
    <s>An Implementation of a User-Friendly Web Portal for ASTI's In Silico Laboratory&quot;</s>
    <s>Rey Vincent BABILONIA &amp;Emmanuel D. ALDEA</s>
    <s>ASTI, PH</s>
    <s>&quot;Data Repository for Clinical Research&quot;</s>
    <s>Peisan, LEE</s>
    <s>National Yang Ming University, TW!</s>
    <s>10:30 ~ 11:00</s>
    <s>Coffee Break</s>
    <s>11:00 ~ 12:30</s>
    <s>Grid Computing &amp; Cloud Computing II</s>
    <s>Anthony WILLIAMS</s>
    <s>ARCS, AU</s>
    <s>&quot;Distributed Parametric Optimization Using the Geneva Library&quot;</s>
    <s>Ruediger BERLICH</s>
    <s>Karlsruhe Institute of Technology, DE!</s>
    <s>&quot;Determining Overhead, Variance &amp; Isolation Metrics in Virtualization for IaaS Cloud&quot;</s>
    <s>Bukhary Ikhwan ISMAIL</s>
    <s>MIMOS, Berhad, MY!</s>
    <s>&quot;Roadmap for Applying Hadoop Distributed File System in Scientific Grid Computing&quot;</s>
    <s>Haifeng PI</s>
    <s>Open Science Grid, UCSD, US</s>
    <s>&quot;Analyzing the Applicability of Airline Booking Systems for Cloud Computing Offerings&quot;</s>
    <s>Dieter KRANZLMüLLER &amp; Johannes WATZL</s>
    <s>Ludwig-Maximilians-Universität München, DE!</s>
    <s>Applications on Biomedicine and Life Sciences II</s>
    <s>Yannick LEGRÉ</s>
    <s>HealthGrid, FR</s>
    <s>&quot;Discovery of Novel Human Intestinal Maltase Inhibitors on WISDOM Environment and in Vitro Confirmation&quot;</s>
    <s>Hwa-Ja RYU, Hanh Thi Thanh NGUYEN &amp; Doman KIM</s>
    <s>Chonnam National University, KR!</s>
    <s>&quot;Grid-based International Network for Flu Observation&quot;</s>
    <s>Doan Trung TUNG</s>
    <s>Francophone Institute for Informatics, VN!</s>
    <s>&quot;Grid Computing Technology and Recurrence Quantification Analysis to Predict Seizure Occurrence in Patients Affected by Drug-resistant Epilepsy&quot;</s>
    <s>Giuseppe LA ROCCA</s>
    <s>INFN, IT!</s>
    <s>&quot;Construction of the Application Environment for Phylogenetic Analysis of Land Plants&quot;</s>
    <s>Zhen MENG</s>
    <s>Scientific Data Centre, Computer Network Information Centre, Chinese Academy of China, CN!</s>
    <s>12:30 ~ 13:00</s>
    <s>Closing Plenary</s>
    <s>Robert JONES</s>
    <s>CERN, CH</s>
    <s>&quot; Roadmap for the Uptake of the e-Infrastructure in the Asia-Pacific Region &quot;</s>
    <s>Marco PAGANONI</s>
    <s>INFN, IT !</s>
    <s>13:00 ~ 14:00</s>
    <s>Lunch (Recreation Hall, 4F)</s>
  </text>
</page>
