<?xml version="1.0" encoding="UTF-8"?>
<!DOCTYPE page SYSTEM "page.dtd">
<page>
  <lang>en</lang>
  <url>http://creatingstrongernations.com/index.php%3Foption%3Dcom_content%26view%3Darticle%26id%3D129</url>
  <title>The All Pueblo Tribal Enrollment Conference</title>
  <snippet>
    <s>Sep 15, 2011 The All Pueblo Tribal Enrollment Conference Agenda. Day One: 8:00am–9:00am Sign in and Coffee Break 9:00am–9:10am/ Invocation </s>
  </snippet>
  <text>
    <s>Creating Stronger Nations</s>
    <s>A Native-Owned Company</s>
    <s>Join Our Mailing List</s>
    <s>Skip to content</s>
    <s>Contact CSN</s>
    <s>Follow Us</s>
    <s>Facebook Page</s>
    <s>The All Pueblo Tribal Enrollment Conference</s>
    <s>Thursday, 15 September 2011 23:01 administrator</s>
    <s>LOCATION: Hard Rock Hotel &amp; Casino, Albuquerque, NM / Phone: 877-747-5382</s>
    <s>Be sure to tell them that you are with the group, “Creating Stronger Nations”, for the best rates.</s>
    <s>DATE: November 8-9, 2011</s>
    <s>FEE: $579 per-person</s>
    <s>The All Pueblo Tribal Enrollment Conference Agenda</s>
    <s>Day One:</s>
    <s>8:00am–9:00am Sign in and Coffee Break</s>
    <s>9:00am–9:10am/ Invocation</s>
    <s>9:10am–10:30 am/ Culture and Tradition versus the Modern Law of Enrollment – Does Tradition Trump the Law? Who has the final say?</s>
    <s>10:30am-10:45am/ Break</s>
    <s>10:45am–Noon/ Working together; The Tribal Council, the Enrollment Committee and the Staff – How to make it happen.</s>
    <s>Noon–1:15/ Lunch on your own</s>
    <s>1:15pm–2:45 pm/ Reviewing your Governing Documents – Exercises to make them sharper and more understandable</s>
    <s>2:45pm–3:00 pm/ Break</s>
    <s>3:00pm–4:00 pm/ Reviewing your Governing Documents – Exercises to make them sharper and more understandable , continued</s>
    <s>4:00 pm–4:30 pm/ Q and A</s>
    <s>4:30pm/ Adjourn for the day</s>
    <s>Day Two:</s>
    <s>8am–9am Sign in Coffee Break</s>
    <s>9:00am–9:10 am/ Blood Quantum – Does it work or does it need to be changed? – Analyzing a variety of blood quantum scenarios</s>
    <s>9:20am-10:30am/ Culture and Tradition versus the Modern Law of Enrollment</s>
    <s>10:30am–10:45am/ Break 10:45am-Noon/ Your Base Roll – What is it? And is it correct? Can you fix it?</s>
    <s>Noon–1:15pm/ Lunch on your own</s>
    <s>1:15pm–2:45pm/ Relinquishment, Disenrollment and Appeal</s>
    <s>2:45pm–3:00 pm/ Break</s>
    <s>3:00pm–4:00 pm/ The Coherent Process – Making it all Work and learning from other Pueblo Enrollment teams</s>
    <s>4:00pm-4:30pm/ Q and A and Closing prayer</s>
    <s>4:30pm/ Adjourn</s>
    <s>CLICK HERE TO REGISTER ONLINE NOW</s>
    <s>Last Updated ( Monday, 19 September 2011 22:56 )</s>
    <s>You are here: Home</s>
    <s>About Us</s>
    <s>Contact Us</s>
    <s>Join our mailing list</s>
    <s>Copyright (C) 2011 Creating Stronger Nations. All Rights Reserved. | Hosted by ArktikHosting.com</s>
  </text>
</page>
