<?xml version="1.0" encoding="UTF-8"?>
<!DOCTYPE page SYSTEM "page.dtd">
<page>
  <lang>en</lang>
  <url>http://asia-pacific.undp.org/</url>
  <title>UNDP Asia-Pacific Regional Centre</title>
  <snippet>
    <s>A main priority of the Regional Centre is to provide UNDP Country Offices in partners stood in front of large posters displayed on the walls of the meeting hall. </s>
  </snippet>
  <text>
    <s>UNDP Home</s>
    <s>About Us</s>
    <s>Fast Facts</s>
    <s>Who's Who</s>
    <s>What We Do</s>
    <s>Democratic Governance</s>
    <s>Poverty Reduction and Achievement of MDGs</s>
    <s>Crisis Prevention &amp; Recovery</s>
    <s>Environment and Energy</s>
    <s>Human Development Reports Unit</s>
    <s>DPR Korea</s>
    <s>Lao PDR</s>
    <s>Papua New Guinea</s>
    <s>Sri Lanka</s>
    <s>Viet Nam</s>
    <s>Contact Us</s>
    <s>United Nations Development Programme</s>
    <s>Asia-Pacific Regional Centre</s>
    <s>Our Work</s>
    <s>Focus Areas (Practices)</s>
    <s>Types of Services</s>
    <s>Regional Programme and Work Plan</s>
    <s>Expert Roster</s>
    <s>Services Tracker</s>
    <s>Job Opportunities &amp; Internships</s>
    <s>Requests for Proposals</s>
    <s>Call for Consultants</s>
    <s>About the Services Tracker</s>
    <s>The Services Tracker of Asia-Pacific Regional Centre is an online advisory service management tool developed to enhance their advisory services and knowledge sharing to clients. The system is developed on Microsoft Sharepoint2010 and featured with key functions for data searching, service tracking, cross-practice collaborating, feedback soliciting and service reporting. All UNDP staff can access the system via https://st.aprc.undp.org. Username is domain\name.lastname e.g.</s>
    <s>for CO staff UNDPCO\ name.lastname</s>
    <s>for HQ staff UNDPHQ\ name.lastname</s>
    <s>for APRC staff UNDPNT\ name.lastname</s>
    <s>Password is your computer log-on password.</s>
    <s>For further questions, please write to APRC.ServicesTracker@undp.org</s>
    <s>Follow UNDP on:</s>
    <s>Asia-Pacific Regional Centre: Connecting Countries to Knowledge</s>
    <s>UNDP has established the Asia-Pacific Regional Centre as well as a multi-disciplinary Pacific Centre in Suva with focus on the Pacific Islands.</s>
    <s>A main priority of the Regional Centre is to provide UNDP Country Offices in the Asia and the Pacific with easy access to knowledge through high quality advisory services based on global applied research and UNDP lessons learnt.</s>
    <s>The second priority is to build partnerships and promote regional capacity building initiatives, which allow UNDP, governments and other development partners to identify, create and share knowledge relevant to solving urgent development challenges.</s>
    <s>The Asia-Pacific Regional Centre mainly focuses on support to Democratic Governance Energy &amp; Environment, Crisis Prevention and Recovery, Poverty Reduction with an overarching effort on achieving the Millennium Development Goals and HIV/AIDS. The Regional Centre also provides support to UNDP country offices in a number of cross-cutting areas, including capacity development, gender equality, knowledge service, public-private partnerships and mine action.</s>
    <s>Video Stories</s>
    <s>Climate Change Adaptation</s>
    <s>[Lao PDR</s>
    <s>UXO - Tackling Deadly Legacy]</s>
    <s>Eco-Friendly Brick Technique</s>
    <s>As Water Recedes</s>
    <s>See more videos on YouTube/Asia and the Pacific</s>
    <s>Whats New</s>
    <s>13 October 2011</s>
    <s>Women Peace Advocates Come to Bangkok</s>
    <s>!Three dozen women peace advocates from some of the most conflict affected countries in Asia will come to Bangkok on 18-20 October to honor four of their own, and take stock of the ways in which they can strengthen women's roles in building peace and security. They are part of a regional network of some 225 women who are community leaders in conflict prevention, dispute resolution, post-crisis reconstruction and peace-building.</s>
    <s>Known as N-PEACE - Engage for Peace, Equality, Access, Community and Empowerment - their network includes women from Nepal, Indonesia, Sri Lanka and Timor-Leste who communicate online and through consultations like this one to share experiences and strategies in advocating, promoting and keeping peace in their countries. More </s>
    <s>Download Media Advisory</s>
    <s>12 October 2011</s>
    <s>Anti-corruption experts from Asia and the Pacific discuss how to better promote innovative means for curbing corruption</s>
    <s>&quot;The Government of Nepal is highly committed to combating corruption, as demonstrated by our ratification of the UN Convention against Corruption, the adoption of a national anti-corruption strategy and our push for a Right to Information law. We have a zero tolerance for corruption and are therefore very pleased to welcome so many anti-corruption practitioners from Asia and the Pacific to share their experiences in fighting corruption,&quot; said Madhav Prasad Ghimire, Chief Secretary, Government of Nepal, at the opening in Kathmandu of a three-day anti-corruption meeting organized by the UN Development Programme (UNDP). More </s>
    <s>06 October 2011</s>
    <s>Publication 'Summary of E-discussion on the Socio-economic Impact of HIV on Women and Girls'</s>
    <s>!The e-discussion, based on initial findings of the soon to be published UNDP report 'The Socio-Economic Impact of HIV at the Household Level in Asia: A Regional Analysis of the Impact on Women and Girls', leveraged on the expertise and experience of the HIV-APCoP members to i) understand the critical socio-economic impacts of HIV on women and girls; ii) to explore in-depth impact mitigation possibilities; and iii) to consolidate knowledge on gaps and best practices in existing social protection strategies and schemes. Contributions were received from government, civil society, academia, and the UN family from across the Asia-Pacific region.</s>
    <s>Download publication (2.5 MB)</s>
    <s>04 October 2011</s>
    <s>What is the impact of climate change on our cities and what can we do?</s>
    <s>On World Habitat Day, UN and partners discuss the preeminent development challenge of today's world</s>
    <s>!Bangkok, one of Asia's most rapidly growing mega-cities, is captured in thousand photos telling stories about life, place, time and surrounding that contribute to climate change. A selection of these photos, taken by ordinary citizen of the Thai capital, started their journey through various locations in Bangkok, including slum settlements on 3 October, World Habitat Day 2011. The Mobile Photo Exhibition is a gentle warning about the pressing need to manage rapid urbanization and to design climate change strategies that can transform our cities into safe, human friendly 'polis' for the future. More </s>
    <s>16 September 2011</s>
    <s>The Asia-Pacific Regional Dialogue on Climate Change Financing and Development Effectiveness: an Efficient Climate Change Response is within our Reach</s>
    <s>!Less than 80 days before the Fourth High Level Forum on Aid Effectiveness partners from across Asia-Pacific region recommend how to improve climate finance instruments.</s>
    <s>Day two of the Asia-Pacific dialogue on climate change finance and development effectiveness, started with an unusual 'reporting and sharing' session. Nearly 150 participants from governments, parliaments, and civil society as well as development partners stood in front of large posters displayed on the walls of the meeting hall. As the crowd moved slowly from poster to poster, representatives from different countries spelled out key messages that emerged from a peer-to-peer discussion on how to improve the effectiveness of climate change financing. Written concisely on paper, these messages captured the countries' current and future frameworks for managing climate finance, as well as recommendations for the development partners: More </s>
    <s>16 September 2011</s>
    <s>New publication 'Secret Lives, Other Voices - A community-based study exploring male-to-male sex, gender identity and HIV transmission risk in Fiji</s>
    <s>!This report outlines the findings of the first research study to be conducted on men who have sex with men (MSM) and transgenders (TG) in Fiji since AIDS Task Force of Fiji (ATFF) conducted its last study in 1998. Although not necessarily representative of all MSM and TG in Fiji, the data gathered in this research are extremely valuable in helping us to understand the risk behaviour and other factors among MSM and TG, and in enabling us to develop recommendations for future HIV prevention and health promotion actions. As a community-based study, this research was very much focused on generating information to help answer the question: &quot;Where to from here?&quot;</s>
    <s>Download publication (PDF, 3 MB)</s>
    <s>14 September 2011</s>
    <s>New guide to help developing countries speed up access to climate finance</s>
    <s>! The United Nations Development Programme (UNDP) today launched a guidebook aimed at helping decision makers in developing countries to better take advantage of the billions pledged to address climate change.</s>
    <s>&quot;Blending Climate Finance through National Climate Funds&quot; is based on UNDP's experience in setting up, managing and advising 750 funds and providing services for over US$5 billion in contributions pooled from multiple donors.</s>
    <s>A step-by-step guide on setting up national climate funds, the publication is a key resource for policy makers, economists, investors and donors involved in national responses to climate change. More </s>
    <s>Download publication Download Press Release</s>
    <s>09 September 2011</s>
    <s>National Human Rights Institutions from Asia and the Pacific meet Civil Society Members, UN Partners to discuss Activities and Future Cooperation</s>
    <s>!The tripartite capacity assessment initiative facilitated by the Asia-Pacific Forum of National Human Rights Institutions (APF), the Office of the High Commissioner for Human Rights (OHCHR) and UNDP praised by participants in the 16th Annual Meeting and Biennial Conference of the APF.</s>
    <s>The Asian NGO Network on National Human Rights Institutions (ANNI) and the Asia Pacific Forum of National Human Rights Institutions (APF) met this week in Bangkok. Both meetings examined the thematic issues of the right to development in celebration of the 25th anniversary of the Declaration on the Right to Development. They also discussed the issues around sexual orientation and gender identity as the current APF Advisory Council of Jurists Reference focuses on these rights. More </s>
    <s>09 September 2011</s>
    <s>Ways and Means to accelerate progress towards reaching the Millennium Development Goals</s>
    <s>UNDP and development partners discuss practical ways to advance Human Rights and Human Development in Asia and the Pacific</s>
    <s>!A two-day workshop (6 &amp; 7 September) on 'Ways and Means of Realising Economic, Social, and Cultural Rights to Strengthen MDG Achievements' offered a perfect frame for cross-practice discussions amongst members of the APRC's teams, representatives of UN agencies and a number of reputed experts. The Ways and Means dialogue was conceived by the UNDP/Asia Pacific Regional Centre as an initiative to collect and distil legal strategy and rights-based experience to identify innovations that may guide country offices and other partners to be more effective in using economic, social and cultural rights to strengthen the MDGs. The workshop evolved into a rich and engrossing knowledge sharing and consultation on practical, applicable approaches to address comprehensively human rights, democratic governance, poverty reduction, and human development in general. More </s>
    <s>07 September 2011</s>
    <s>Launch of Ensuring Inclusion: An E-Discussion on Social Protection</s>
    <s>The Asia-Pacific Regional Centre launched today Ensuring Inclusion: An e-Discussion on Social Protection with the primary aim to share and deepen knowledge on ways and means of making social protection instruments work for countries in Asia and the Pacific. More </s>
    <s>06 September 2011</s>
    <s>Millennium Declaration, Millennium Development Goals and Constitutions</s>
    <s>!&quot;How to get the spirit of the Millennium Declaration into a Constitution?&quot;, asked themselves the distinguished and well-known constitutional scholars Professors Yash Ghai and Jill Cortell when they faced the challenge to write a small book that looked at how achievement of the MDG might be enhanced through reliance on Economic, Social and Cultural Rights and especially through the incorporation of those rights into constitutions? The challenge was presented by the UNDP APRC and the UN Millennium Campaign that jointly commissioned the book on how the vision of the UN Millennium Declaration, adopted by heads of states and governments at the UN Summit in 2000, could be realized in practice. Constitutional guarantees can justify and enable many kinds of public action to empower people to claim those rights, and to realize them progressively, sooner than later. What are then the practical ways and means of claiming and enjoying rights? More </s>
    <s>25 August 2011</s>
    <s>Gender Perspectives as Integral Part of Climate Change Responses</s>
    <s>Asia-Pacific Regional Capacity Development Workshop helps partners to coordinate efforts and share lessons across countries</s>
    <s>!Convened by the Global Gender &amp; Climate Alliance (GGCA), organized by UNDP in collaboration with the Adaptation Knowledge Platform for Asia, with support from the governments of Finland and Denmark, the 'Regional Capacity Development and Planning Workshop' and related gender and climate change events take place in Bangkok (22-26 August 2011). Nearly 60 participants from governments, civil society organizations, UN agencies and UNDP Country Offices in Asia and the Pacific are contributing to the discussions on Gender and Climate Change. More </s>
    <s>22 August 2011</s>
    <s>New issue of the Quarterly Newsletter on Asia-Pacific Gender and Macroeconomic Issues has been released</s>
    <s>!The 2011 third issue of the newsletter covers events and activities across the region on macroeconomics issues from a gender perspective. Read more about UNDP Bhutan's first Gender Responsive Budgeting (GRB) Workshop, the first National Teachers Training on Gender-Aware Economics in the Philippines, presentation of research findings at International Association for Feminist Economics (IAFFE) Conference in China and the second Asia-Pacific Intensive Course on Gender and Macroeconomic Issues in Japan.</s>
    <s>Download newsletter (368 KB)</s>
    <s>01 August 2011</s>
    <s>Sharing Thoughts with the Younger Generation</s>
    <s>!On 1 August 2011, a group of students from the Seoul Youth Center for Cultural Exchange (MIZY) visited APRC to learn about UNDP's work on HIV and prevention of violence against women. The visit was an opportunity for UNDP to share with the younger generation some of the most pressing development concerns, and encouraged the students to echo our voice in their country. More </s>
    <s>01 July 2011</s>
    <s>UNDP in Asia and Europe Joined Hands in Addressing the HIV Epidemic among Men Who Have Sex with Men and Transgender Persons</s>
    <s>!This past week, the UNDP Asia-Pacific Regional Centre and the UNDP Regional Centre for Europe and CIS jointly convened an inter-regional planning meeting in Thailand with community-based organizations from Eastern Europe/Central Asia and the Asia Pacific Coalition on Male Sexual Health (APCOM) to exchange experiences to define and establish an Eastern Europe and Central Asia regional advocacy coordination body for addressing the HIV epidemic among men who have sex with men and transgender persons. More </s>
    <s>29 June 2011</s>
    <s>No Country in Asia is Immune to Electoral Violence - New Study Offers Electoral Reform to Reduce Violence</s>
    <s>!No country in Asia is immune to electoral violence, according to a new study by the United Nations Development Programme. While the nature and design of political systems are important in understanding electoral violence, all electoral systems are open to manipulation and abuse if political parties and supporters do not accept the systems' legitimacy. The study identifies real and perceived fraud, corruption, and patronage as the key 'drivers' of election- related violence.</s>
    <s>Understanding Electoral Violence in Asia is a 20-page investigation of the electoral process of seven countries in South and South-East Asia: Bangladesh, India, Indonesia, Nepal, Pakistan, Philippines, and Thailand. It draws empirical lessons and offers practical policy, legislation and institutional changes for each country to reduce electoral violence. Read Press Release</s>
    <s>Download publication</s>
    <s>27 June 2011</s>
    <s>Doing Good Is Good for Business, and Everyone Else Too</s>
    <s>UNDP Asia-Pacific Regional Centre in Bangkok hosted a lively debate among prominent business leaders, government officials and community organizations on the challenges the private sector faces in bringing environmental sustainability into their corporate social responsibility. Participants showcased some of their 'green' designs and business approaches, while also discussing constraints they have to making long-term and broad reaching environmental change. More </s>
    <s>Read Discussion Brief</s>
    <s>Read Discussion Summary</s>
    <s>24 June 2011</s>
    <s>Is Business Doing Enough for a Cleaner, Greener Urban Future in Asia?</s>
    <s>!Representatives of multinational companies as well as managers of small and medium companies shared experiences and critically assessed the way they contribute to sustainable urban habitats in the context of climate change. This dialogue helped to inform the forthcoming Asia-Pacific Human Development Report on Climate Change. Participants stressed the need for stronger public regulation whilst ensuring market incentives continued to promote the competitiveness of firms. More </s>
    <s>23 June 2011</s>
    <s>Catalyzing Movements for Change: How Civic Engagement is Transforming the Cities of the Twenty-First Century</s>
    <s>!On Day Two of the Fifth Asia-Pacific Urban Forum delegates and guests participated in the launch of the first ever State of Asian Cities Report; they debated the changing nature of social movements, highlighted the power of networks and new media to drive inclusive civic engagement in transforming the cities; and zoomed on financing and governance approaches as key drivers towards sustainable and inclusive urban development. More </s>
    <s>22 June 2011</s>
    <s>Towards an Inclusive and Sustainable Future for Cities in Asia and the Pacific</s>
    <s>!The Fifth Asia-Pacific Urban Forum kicked off today in Bangkok with a key note address delivered by HRH Princess Chulabhorn Mahidol, an opening statement by Thailand's Prime Minister Abhisit Vejjajiva and greetings from the UNESCAP Executive Secretary Dr. Noeleen Heyzer on behalf of more than 20 co-organizers and partners of the Forum.</s>
    <s>UNDP Asia-Pacific Regional Centre is one of the main partners for the event and for mobilizing stakeholder participation from public, private and non-governmental sectors from across Asia-Pacific to attend the Forum's many sessions. More </s>
    <s>10 June 2011</s>
    <s>Moving from Vulnerability to Human Development in Asia-Pacific</s>
    <s>Forthcoming dialogue with private sector representatives on climate change and sustainable development</s>
    <s>!Between 22 and 24 June 2011 the Fifth Asia-Pacific Urban Forum (APUF 5) will take place at the United Nations Conference Centre in Bangkok. The Asia-Pacific Regional Centre (APRC) of the United Nations Development Programme is one of the official co-organizers of APUF-5; as such APRC invites partners to participate at the Forum and its associated events. More </s>
    <s>More news </s>
    <s>UNDP Regional Centers</s>
    <s>Pacific Centre</s>
    <s>Arab States</s>
    <s>Latin America and the Carribbean</s>
    <s>Europe and CIS</s>
    <s>West and Central Africa</s>
    <s>Eastern and Southern Africa</s>
    <s>UNDP Country Offices in Asia-Pacific</s>
    <s>Copyrights and Terms of Use</s>
    <s>Information Disclosure Policy</s>
    <s>^ Back to top</s>
  </text>
</page>
