<?xml version="1.0" encoding="UTF-8"?>
<!DOCTYPE page SYSTEM "page.dtd">
<page>
  <lang>en</lang>
  <url>http://blogs.dallasobserver.com/unfairpark/2011/01/more_from_yesterdays_elections.php</url>
  <title>More From Yesterday&#39;s Elections Commission Meeting Turned ...</title>
  <snippet>
    <s>Jan 29, 2011 Neerman, who made a motion to open the meeting to the public and was Is Now Your Dallas County Elections Administrator September 15, </s>
  </snippet>
  <text>
    <s>ArtsMoviesThe AdsClassifiedsBlogsColumnsBest OfBars/ClubsArchivesMobile</s>
    <s>Relive Last Night's Win That Put Rangers Back in Series</s>
    <s>By Sam Merten</s>
    <s>Legal Battles</s>
    <s>Three Strip Club Dancers Sue Jaguars Over Min Wage, Overtime</s>
    <s>By Robert Wilonsky</s>
    <s>Local Music</s>
    <s>A Musical Flashback Feat. Toadies, Rhett &amp; Centro-matic</s>
    <s>By Robert Wilonsky</s>
    <s>The Courts</s>
    <s>The View From Occupy Dallas's New Campsite Starting Sunday</s>
    <s>By Leslie Minora</s>
    <s>Some Guys Don't Like to Get Pistol Whipped By Off-Duty Cops</s>
    <s>By Anna Merlan</s>
    <s>If You Take LBJ This Weekend, Well, You Were Plenty Warned</s>
    <s>By Robert Wilonsky</s>
    <s>Campaign News</s>
    <s>She Worked for Palin For Free. For Six Months. Now, Back to FW.</s>
    <s>By Anna Merlan</s>
    <s>What in the Wide World of Sports Was Wash Thinking?</s>
    <s>By Sam Merten</s>
    <s>City Hall</s>
    <s>Wildly Speculate About What City's &quot;Project Wall-E&quot; Might Be</s>
    <s>By Robert Wilonsky</s>
    <s>Cowboys Deny Report They're Making Merch in Sweatshop</s>
    <s>By Robert Wilonsky</s>
    <s>More From Yesterday's Elections Commission Meeting Turned Bruce Sherbet Rally, Including the Postgame Interview With Clay Jenkins</s>
    <s>By Sam Merten Sat., Jan. 29 2011 at 11:40 AM</s>
    <s>Categories: Politics</s>
    <s>Perhaps most disappointing to everyone gathered in support of Bruce Sherbet at yesterday's Election Commission meeting was the refusal of Dallas County Judge Clay Jenkins to face his critics after he and two other Democrats, County Clerk John Warren and County Tax Assessor-Collector John Ames, voted against reappointing Sherbet to his gig as elections administrator. Jenkins did, however, speak with reporters afterward, and you can see most of it above.</s>
    <s>Dallas County Democratic Party chair Darlene Ewing -- who voted with her counterpart, Jonathan Neerman, to keep Sherbet in place -- said the trio of Jenkins, Warren and Ames had reservations about placing Sherbet in a position he supposedly didn't want and expressed concerns about reappointing someone apparently so afraid to be reviewed that he resigned.</s>
    <s>We asked Ewing: You don't think he was really afraid of being reviewed, do you?</s>
    <s>&quot;No,&quot; she replied.</s>
    <s>Ewing said &quot;nobody contacted me&quot; about any effort to push Sherbet out of office and when asked if she thought such an attempt to do so existed, she said, &quot;Let's just say the three votes came easy.&quot;</s>
    <s>So what exactly was the original purpose of the get-together?</s>
    <s>&quot;It was just to bring the Elections Committee together and talk about the Elections Department,&quot; Ewing said she was told by Jenkins.</s>
    <s>Neerman, who made a motion to open the meeting to the public and was supported by Ewing, told us that Jenkins balked at the request because it dealt with personnel issues and said the size of the crowd created &quot;a carnival-like atmosphere.&quot; Neerman points out that these reasons contradicted the one given to him earlier: that the meeting wasn't subject to the Open Meetings Act.</s>
    <s>&quot;I'm very disappointed in our county government,&quot; he said shortly after the meeting, which included two county attorneys.</s>
    <s>Below you'll find two videos of the crowd chanting &quot;Bruce, Bruce, Bruce!&quot; before the meeting and &quot;We want Bruce backWe want Bruce back!&quot; while the commission met behind closed doors. On the following page, we've posted more pics from the event.</s>
    <s>Update: Wade Emmert, Jenkins' Republican opponent in the November election for county judge, posted this to his blog:</s>
    <s>&gt; I've withdrawn my name from Clay Jenkins' &quot;Transition Team.&quot; In the past 3 months, it's met only once and that was for the press conference. By the looks of his poor conduct and judgment over the last week, it looks like Clay's transition is complete. That didn't take long.</s>
    <s>1 | | Next Page &gt;&gt;</s>
    <s>Write CommentEmail to FriendPrint Article</s>
    <s>Related Content</s>
    <s>It's Official: Toni Pippins-Poole Is Now Your Dallas County Elections Administrator September 15, 2011</s>
    <s>Before Bipartisan Protest, County GOP Chair Pushes Judge Jenkins to Open Doors at Today's Election Commission Meeting to Public January 28, 2011</s>
    <s>News &amp; Notes: Jenkins Surgery Update, Who Sent Sherbet's Stuff Home and Former Cowboys QB Poised to Swap Senate Teams February 3, 2011</s>
    <s>Dallas County Judge Clay Jenkins Blames Bruce Sherbet for Appointment of New Elections Administrator, Then Bolts January 28, 2011</s>
    <s>If Nothing Else, Dallas County's Treatment of Election Boss Bruce Sherbet Is Bringing Dems and GOP Together (For a Protest!) January 27, 2011</s>
    <s>More About:</s>
    <s>Clay Jenkins</s>
    <s>Bruce Sherbet</s>
    <s>Darlene Ewing</s>
    <s>Jonathan Neerman</s>
    <s>Tax Assessor-Collector John Ames</s>
    <s>Please enable JavaScript to view the comments powered by Disqus.</s>
    <s>I'd like to know when Clay Jenkin's performance review will be held. After this incident I can't imagine anyone (other than JWP of course) who doesn't have &quot;concerns&quot; about his &quot;performance&quot;.</s>
    <s>Howdy Doody better be nice to the Parkland board, he is now a patient there: http://www.dallasnews.com/news/politics/local-politics/20110202-dallas-county-judge-jenkins-slips-on-ice-fractures-leg.ece</s>
    <s>You are listening to the propagandaDude we are grandparents, parents, dads, soccer moms, we are your neighbor. We do not either want to subvert the political process!We want them to follow our constitution. We want liberty, fiscal responsibility and personal responsibilityThey don't want to restrict voting rightsWhere are you getting your info, because it is obviously wrong and anti-American!!Yeah, we want citizens to vote, not illegalsWhat is wrong with that? We want people that are true citizens!!Not dead people, not felons, not people from another state, but true citizens. Hopefully that is what you want too!!You need to find another source for the biased BS you are readingThey are lying to you. You sir, are being duped.</s>
    <s>Starting to remind me of Nevada!The SEIU were the technicians in charge of the voting machines!!They've been taking lessons from Harry &quot;Pinky&quot; Ried!!</s>
    <s>Time to oust John Wiley Price, Senator Royce West, and Judge Clay Jenkins!We are NOT Chicago!!</s>
    <s>bruce serbet was ordered out of the bldg. cannot return his personal stuff will be packed up and sent to him he will be paid thru 3/1/2011.</s>
    <s>He acts like he has had extreme plastic surgery for his brows/eyes. His face just does not look normal.</s>
    <s>Just looked at the Clay Jenkins video. (1) He has the worst case of Klingon head I've seen outside of Startrek, (2) he intends to have an annual &quot;performance review&quot; of the Elections Supervisor every year (before a committee that can only hire and fire) after the election. Boy, does that send a message to the Elections Supervisor about toeing the line or what? And for the love of god, would he learn the guy's name is Sherbet, not Sherbert!</s>
    <s>Goober, giant, world class goober.</s>
    <s>Yes, I know the different roles of our local governments. My point was simply this stuff bothers me and perhaps others but no great clamor will be heard because the day to day business seems to be going along OK even considering the economic climate. It can happen to city and nearby governments as well as Dallas County. I think 14/1 was an attempt for council persons to accumulate personal power etc ..It's not only JWP but ambitious local pols and their pals who see public service as a career and primary means of attaining wealth and status, not as consequence of their achievements but as the means of achievement yada yada yada.</s>
    <s>Please let's not confuse the roles and responsibilities of the COUNTY government vs. the CITY government. The Mayor of Dallas can no more do anything at all to affect change at the County level than the Mayor of Timbuktu. Got your street fixed? Not the County's doing. Trains are running on time? Again, not the County's doing. Crime is down in your neighborhood? Not the County's doing.</s>
    <s>For me, two points in this matter stand out. 1) After Sherbet's meeting with JWP on Wednesday - where Price allegedly gave Sherbet a letter of resignation to sign - Jenkins was still saying that the Friday EC meeting was going to be a performance review. If true, does it mean Jenkins was totally out of the loop about a meeting that supposedly he (Jenkins) had called? 2) Ewing did not know what the agenda was for the EC meeting, or at least claimed that she didn't, on Wednesday. If true, does this mean she was out of the loop? By the time the third vote was taken at the EC meeting, I&quot;m guessing Ewing was reading the writing on the wall and was really voting to keep her job as Dallas County Democratic Party chair. Not sure that's still possible, if JWP is running the Democratic party like some seem to think. May be time for Jenkins and Ewing to do some serious thinking about the future of the Democratic Party in Dallas County and their role, or lack thereof, in it.</s>
    <s>I love the potential nicknames Clay-Mation Jenkins and Barney Fife Jenkins. Perhaps Claymation Fife or something will catch on. We elect people who while serving their constituents and ostensibly working hard at their jobs JWP and familia Garcia, for example, also seem obsessively intent on acquiring more and more personal power and control. With their longevity in office they accumulate a form of tenure and entitlement and no longer are answerable to authority or laws. They call the shots, endorse and elect puppets that will repay favors earned or implied. Finally when they get control of the elections they will have even less accountability. I must say that things from out here in the citizenry don't seem too bad. They fixed my street not long ago and I haven't been burgled or beaten this year. Justice seems to be getting done at the courthouse and the trains are running (I don't know if they are ever on time though as I can't figure out the schedule.) I have a natural aversion to a system where wrong-doing, crimes and mischief, are noted and reported in the media but nothing can be done to stop or correct it without spending years and millions for a Federal investigation. Maybe the Kunkle-nator will be a force for good but he's not off the best of starts getting in tight with Woolens and he won't have anything to do with Dallas County. We get the government we deserve.</s>
    <s>Jenkins campaigned on &quot;transparent&quot; and open government and pulls this garbage? Looks like J Wiley Price has got his hooks into him early and is now pulling the puppet strings. J Wiley Price, the direct contradiction to open, transparent, and honest government.</s>
    <s>What is most obvious about Judge Jenkin's impromptu press conference out of the sight of the public is that it was done because he had not managed to come up with a plausable message to spin about Bruce Sherbet's dismissal. If this Friday meeting was merely a &quot;performance review,&quot; why would John Wiley Price on Wednesday draft his own version of Sherbet's resignation letter and thrust it across at desk at Bruce for him to sign? Sherbet refused and later drafted his own. That action is clear evidence that Jenkin's spin is just that -- and nothing more. I chuckle at the ineptitude of the Jenkins' spin machine. Nothing to me is more inept than an elected official who plays dirty but doesn't even have the tongue to follow it up. I predict he will give us far more fodder in the future.</s>
    <s>Clay Jenkins interview is a textbook case of grossly disingenuous political discourse. Note that he tiptoed past the fact that someone &quot;leaked&quot; the news that they had 4 votes to remove Bruce from office earlier in the week. (Who might that leaker be, Clay?) How else was Bruce to respond to that leak? The slanderous and malicious gossip that Jenkins uttered in the interview was nothing but a bald attempt to defame a decent and honorable public servant, nothing more, nothing less. This interview sets a new low water mark in Dallas County politics. My well well informed suspicion is that had Bruce not resigned, Jenkins would have stood their and defamed him for &quot;bitterly clinging to his office&quot;. This was a raw exercise in partisan opposition for the purpose of advancing nefarious political goals and agendas from which the public would rightly recoil were those agendas to be fully exposed. This may very well signal the end of fair and honest elections in Dallas County at the hands of a political hack with so little courage and such defective moral character that he cannot face a candid public to deliver forthright answers.</s>
    <s>The County Judge corrupted the Elections Commission into a twisted and contemptible Star Chamber designed to ram a political outcome down the throat of the good citizens of our county. Welcome to the People's Republic of Dallas County. Like all banana republics we now appear to have our very own conniving tin pot despot in Clay Jenkins.</s>
    <s>Clay Jenkins has got to go. He needs a deep investigation. Lets all band together to make it a reality. John Price has never been any good. Up on rape charges, never paid child support for his own child. Low life scum elected by people who feel like this is what they need to represent them. HeinousWe either fight it or everyone and all the good Doctors move from Dallas County and let it become Detroit.</s>
    <s>Uh, HayMan, I think your bigotry is showing. If you will do a little research (you can do research, yes?) you will find that the majority of people that showed up in support of Bruce were Democrat and Republican election judges and precinct chairmen. If these essential and mainstream election volunteers are not credible in your book, then I think rational men can safely discount anything further you have to say on the matter.</s>
    <s>Appreciate the attempt to &quot;explain away in legal terms&quot; the actions of &quot;barney fife - Jenkins&quot;, but no words will justify the &quot;dingbat's actions&quot;. He is and will remain an idiot.</s>
    <s>HayMan you are so asinine. You show your lack of intelligence and your insipid insolence by your description of a group of Americans who think all America is &quot;Taxed Enough Already&quot;. I am a county employee with over 30 years of service 7-03-80 and I personally knew him. His integrity can not be matched. (Something I cannot say for the County Judge) You show your colors when you try to belittle him or the T.E.A. Party. BTW I make less than 40,000 a year so I am not a fat cat and I was a democrat until I sobered up. (Sobered up 1980 left the leftist party 3 years later.)</s>
    <s>I really fear for the state of Dallas County government if this is the type of legal advice that they are receiving from their &quot;County Attorney&quot; (I don't know if they mean the Civil Section of the DA's Office or an external attorney) because their &quot;interpretation&quot; of the Texas Election Code is dead wrong. Texas Attorney General's Opinion LO-88-62 (https://www.oag.state.tx.us/opinions/opinions/47mattox/lo/1988/pdf/lo1988062.pdf) states that &quot;nothing in the relevant statutes expressly authorizes the election commission to discipline the elections administrator;&quot; its sole purpose under §§ 31.031 - 31.038 of the Election Code is to hire/fire and fill a vacancy of an elections administrator. Nowhere does it say that it is authorized to &quot;conduct&quot; or give permission for &quot;a performance review;&quot; that would normally fall under the purview of the Commissioners' Court which oversees the Elections Department on a day-to-day basis, just as it would any department head who is not an elected official. So, at best, this was a sham cover and, at worst, a blatant lie from Jenkins on the reason to call the meeting. Second, I fear for the mental health of the employees of the Elections Department. It is well-known that Pippins-Poole's management style is far more unnecessarily aggressive than Sherbet's, to the point that one former employee of the department suffered a stroke, allegedly due to Pippins-Poole's frequent, unwarranted, and public beratings of her subordinates. It would not surprise me to see additional employees leave following Sherbet's departure. Indeed, at least one other management-level employee is retiring with Sherbet, due at least in good part to Pippins-Poole's self-admitted difficulty for employees to work with and for her. Finally, despite Jenkins's protests to the contrary, the writing on the wall is that other department heads who do not tow the new political line should fear for their continued employment, lest these illegitimately-crafted &quot;performance reviews&quot; biasedly and unfairly come after them, too.</s>
    <s>I totally agree with you. I have worked as an election judge, precinct chair and election clerk. Bruce was a very good administrator and kept elections honest. I fear for the integrity of the ballot box with the new crew in charge.</s>
    <s>You chose your words poorly. Fine, I'll give you their wanting &quot;to subvert the political process&quot;. That is exactly what we are witnessing right now in this ugly episode: a very clear example of the &quot;political process&quot; at work. Therefore, yes, I'll agree with you on that. However, had you said &quot;democratic process&quot; you would have been wrong. There is a huge difference between the &quot;political process&quot; and the democratic process. And both Dems, Reps and yes, &quot;tea Party types&quot;, realize is that Jenkins and JWP are attempting to subvert the democratic process.</s>
    <s>That is the stupidest thing I've ever read. Republicans and Democrats getting together to maintain the fact that we have had honest elections in Dallas for decades, but as soon as a &quot;tea Party type&quot; jumps in to agree, suddenly somebody's hiding something? You're a moron.</s>
    <s>@HayMan -- How do we know Bruce was doing a good job? Simple, we were his election judges and deputy voter registrars. We attended his classes, we reviewed the materials he gave us, we called his office sometimes 20 or 30 times on election day. We emailed him with questions and he answered us. We dropped off voter registration cards at his office once a week during a run up to the voter registration deadlines. We have friends on the ballot board who told us how it works. We have friends who had one-on-one dialog with Bruce about the HAVA changes and electronic voting machines. We have friends at the League of Women voters who tell us he is an open and honest communicator about matters electoral. We are the people who are involved on an intimate level with the hands-on working of our democracy and we know by all of our interactions, and all of our friends' interactions, with Bruce and his office, that he was doing a good job and he was an honest man.</s>
    <s>I don't think I've ever come across someone so easy to hate. Jenkins appears to be utterly devoid of respect or concern for the citizens of Dallas. I suspect as soon as he finishes whatever despicable assignments he's been given by John Wiley Price, Royce West and the rest of the Dallas County machine, he'll head on back to Waxahachie.</s>
    <s>Off topic here. Can't put my finger on it, but something is amiss with Jenkin's hair. Are those finger waves? Hair plugs or toupee maybe? Not that there's anything wrong with that..</s>
    <s>I'll go out on a limb and predict this Jenkins YouTube video will reappear in only slightly edited form in three years and two months.</s>
    <s>Jenkins looks like Kunkles weird little brother. He sure doesn't speak well. This is only the begining. Things will get worse</s>
    <s>This was a Kangaroo Court proceeding plain and simple. How do I know his office ran smoothly? I don't because I don't work with him. But his wide support in a very partisan environment and in a very partisan position bears his accolades out. So, In the absence of any evidence to the contrary, I continue to be dissuaded by any argument other than the simple one .Our Man Downtown wanted his own man in the Dallas County Elections Office. Tea Party protests may make headlines but the Tea Party is not the real boogeyman here.</s>
    <s>Crass, crass, crass. This is a joke. Bruce Sherbet deserves nothing but thanks for his service to this county. He's going out with class. This whole debacle is a pathetic display of arrogance and a sad start to a new administration.</s>
    <s>John Wiley Price is the Hosni Mobarak of Dallas County.</s>
    <s>&quot;Sherbet was well respected nationwide in his job keeping elections fair and running them smoothly.&quot; How do we know? How often was his agency audited (if ever)? What oversight occurred (if any)? Why did he bolt instead of defend his tenure in charge? It is Sherbet's actions that smell fishy. By the way, do not assume that I am an apologist for Commissioner Price.</s>
    <s>The &quot;Tea Party&quot; is an ANTI-political group, if you ask me. They seek to subvert the political process, not embrace it. They seek policies that restrict voting rights, not expand them. They seek to eliminate certain voting blocs, not embrace them. Putrid.</s>
    <s>Are you kidding me ..this dingbat is what the citizens of Dallas voted to be on the County Commission. Can the man string together a coherent sentence without uttering 'uh, oh, uh'. The man looks like he was caught like a deer in headlights. What a disgraceful performance. I guess in the end, while not voting for him, we get what we deserve as voters. Stupidity amazing </s>
    <s>Thanks, crispinTx. Seriously HayMan, Sherbet was universally liked by ALL persuasions locally, statewide in fact well respected nationwide in his job keeping elections fair and running them smoothly. You don't buy anyone's line that he resigned because of a job performance review do you? Don't you think in his many years on the job he would have had a hint if he was doing poorly or needed to improve? No, he resigned rather than be fired. His &quot;Godfather-style&quot; chat with JWP earlier in the week sealed the deal. Judge Clay-mation had to follow through with the political theatre which he bungled. Curiously absent is any comment by the normally caustic Price whose diarrhea of the mouth normally devolves quickly into an abject meltdown at Commissioner's Court. Very curious to see what happens next week. Sherbet has been talking and has nothing to hide. Clay-mation and Price are seeking cover from the bright lights.</s>
    <s>Oh come on. An elections administrator having the support of all political persuasions is not a BAD thing. It's a good thing.</s>
    <s>The Morning News is reporting that the Parkland Hospital Board and Ron Anderson are next. Whom will JWP appoint next? Also - why doesn't Clay Jenkins blink normally? Is it uncomfortable having JWP's hand up your backside controlling your mouth?</s>
    <s>When the &quot;Tea Party&quot; types began to speak up, I could no longer defend Sherbet. He acted like he had something to hide.</s>
    <s>just what we need Democrats in charge of elections</s>
    <s>Oh JWP man. I still love this clip: (at about :40) http://www.youtube.com/watch?v=yRxf0PFghNE&amp;feature=related “…for the most part, they feel I’m not guilty.” </s>
    <s>WHY DO I FEEL LIKE I AM WATCHING AN EPISODE OF &quot;V&quot; AND THE SKIN IS PEELING OFF REVEALING A LIZARD?</s>
    <s>Democrats should be ashamed they elected this guy. What a clown. Looks like a clown and sounds like a clown. What a disgrace to elected office.</s>
    <s>This whole episode is so disgusting it is not be be believed except in Dallas County. Who believes what this Judge and JWP is shoveling? Who is Judge Foster Gump now? At least Foster had the conviction to stand on his. Guess that's why he's out the door too. After living in Dallas for over 20 years I guess I shouldn't be too surprised so why am I still shaking my head? Too bad people are either too stupid or too scared of JWP to railroad him out of office as well. A sad, sad week in Dallas right before the big show. BRAVOReal nice.</s>
    <s>Its difficult to lie on the fly.</s>
    <s>Did this guy ever win a case? Talk about English as a Second Language.</s>
    <s>Memo to Clay Jenkins: NOBODY IS BUYING YOUR BULLSHIT!</s>
    <s>How could we known how prophetic the show Howdy Doody would produce such a star.</s>
    <s>TotalComments: 49</s>
    <s>Most Popular Stories</s>
    <s>Two Years Ago She Was DISD's Top Principal. Now, Cynthia Goodsell's Job Is Gone.</s>
    <s>Widow Sues Dallas Cowboys, Among Others, For Husband's Fatal Fall From Billboard</s>
    <s>The Black Police Association vs. The Dallas Morning News (And a Few Others Too)</s>
    <s>I Have Come to the Conclusion That Dallas's Occupiers Are a Bunch of Wusses</s>
    <s>City Grants Occupy Dallas a Special Permit</s>
    <s>More Most Popular </s>
    <s>Forever Young: Texas Rangers-Detroit Tigers ALCS Game 4 Preview and Open Thread (435)</s>
    <s>Cruz-ing to Another World Series: Rangers-Tigers ALCS Game 5 Preview and Open Thread (415)</s>
    <s>Shark-Infested Waters: Texas Rangers-Detroit Tigers ALCS Game 3 Preview and Open Thread (322)</s>
    <s>The Power of Plan B: Texas Rangers-Detroit Tigers ALCS Game 6 Preview and Open Thread (317)</s>
    <s>I Have Come to the Conclusion That Dallas's Occupiers Are a Bunch of Wusses (174)</s>
    <s>More Most Commented </s>
    <s>This Morning's Texas Centennial Expo Double Feature, With Gene Autry and Sam Fuller?</s>
    <s>The Power of Plan B: Texas Rangers-Detroit Tigers ALCS Game 6 Preview and Open Thread</s>
    <s>In Dallas Federal Court, Three Strip-Club Dancers Demand Minimum Wage, Overtime</s>
    <s>For Your Weekend Listening Pleasure: A Brief Musical History of the Toadies ( Slaphead !)</s>
    <s>Come On, DPD Chief Brown, Don't Let a Few Curse Words Get in the Way of a Good Story</s>
    <s>More Recent Entries </s>
    <s>Sign up for free stuff, news info &amp; more!</s>
    <s>Dallas Classifieds</s>
    <s>buy, sell, trade (7,212)</s>
    <s>musician (1,039)</s>
    <s>rentals (1,394)</s>
    <s>jobs (1,122)</s>
    <s>personals (1,798)</s>
    <s>adult entertainment (15,470)</s>
    <s>The Zombie Walk in Deep Ellum 2011</s>
    <s>Night Moves: The Fans at the Music Awards Showcase</s>
    <s>The People of the Observer Music Awards Showcase Main Stage</s>
    <s>More Slideshows &gt;&gt;</s>
    <s>Search Unfair Park</s>
    <s>Follow us on:</s>
    <s>Categories Archives </s>
    <s>Debutants &amp; Cowboys</s>
    <s>View Ad | View Site</s>
    <s>Leather Masters</s>
    <s>View Ad | View Site</s>
    <s>Tom Barrett Optical</s>
    <s>View Ad | View Site</s>
    <s>Aubergine Modern Design</s>
    <s>View Ad | View Site</s>
    <s>More &gt;&gt;</s>
    <s>Find A Coupon</s>
    <s>Search by CategoryEntertainment Restaurants Services Health &amp; Beauty Retail Real Estate Cars Search</s>
    <s>Popular Coupons</s>
    <s>$25 Off</s>
    <s>Venetian Furniture</s>
    <s>2430 Squire</s>
    <s>Dallas, TX 75234</s>
    <s>20% Off 2 Entrees</s>
    <s>4154 N. Central Expressway</s>
    <s>Dallas, TX 75204</s>
    <s>More Popular Coupons »</s>
    <s>Twitter Feed</s>
    <s>Follow dallas observer on Twitter</s>
    <s>More Twitter &gt;&gt;</s>
    <s>VVM on Digg</s>
    <s>The NYPD Wants to Watch You - Page 1 - News - New York - Village Voice</s>
    <s>New Rule Means Cops Now Know What Meds You Take</s>
    <s>Rightbloggers Work on the Nixonization of Occupy Wall Street</s>
    <s>4-Year-Old Boy Takes Mom's Car on Wild Ride Before Crashing and Injuring Himself</s>
    <s>The Best Signs and Posters From OccupyPhoenix [PICS]</s>
    <s>Dallas Cowboys Vehemently Deny They're Making Clothes in a Salvadoran Sweatshop</s>
    <s>Bandmate doesn't help load equipment, gets put in coma</s>
    <s>Occupy Orange County's Irvine Protest Inspires Lefty Slogans</s>
    <s>Occupy Miami: The Occupation Has Begun Outside Government Center</s>
    <s>Arrests Made at Occupy Wall Street Protest of Citibank [VIDEO]</s>
    <s>Legislation To End U.S. Marijuana Prohibition Coming Thursday</s>
    <s>Ten Signs You're an Aging Gamer</s>
    <s>7 Myths Mythbusters Proved That We Still Can't Believe Are True</s>
    <s>The U.S. Can't Justify Its Drug War Spending</s>
    <s>Neighbor mom taunts dying 7-year-old girl over Facebook</s>
    <s>The Concession Stand</s>
    <s>Al Dia</s>
    <s>Daily Campus (SMU)</s>
    <s>Denton Record Chronicle</s>
    <s>Fort Worth Star-Telegram</s>
    <s>McKinney Courier Gazette</s>
    <s>Pegasus News</s>
    <s>The Dallas Examiner</s>
    <s>The Dallas Morning News</s>
    <s>Dallas South News</s>
    <s>The Midway</s>
    <s>Barking Dogs</s>
    <s>Dallas Arena</s>
    <s>Dallas Blog</s>
    <s>Dallas Fort Worth Urban Forum</s>
    <s>Dallas Progress</s>
    <s>Dallas South</s>
    <s>Ed Bark</s>
    <s>The Fine Line</s>
    <s>Instant Tea</s>
    <s>KERA Arts + Culture</s>
    <s>Larry James Urban Daily</s>
    <s>About Us | Work for Dallas Observer | Esubscribe | Free Classifieds | Advertising | Privacy Policy | Problem With the Site? | RSS | Site Map</s>
    <s>(C)2011 Dallas Observer, LLC. All rights reserved.</s>
    <s>Browse Voice Nation</s>
    <s>Most Popular | Most Recent</s>
    <s>Profile | Newsletters | Mobile</s>
    <s>Log in</s>
    <s>Sign up</s>
    <s>New York Village Voice</s>
    <s>LA Weekly</s>
    <s>Phoenix New Times</s>
    <s>Denver Westword</s>
    <s>Houston Press</s>
    <s>Dallas Observer</s>
    <s>SF Weekly</s>
    <s>Seattle Weekly</s>
    <s>St. Louis RFT</s>
    <s>Miami New Times</s>
    <s>Minneapolis City Pages</s>
    <s>OC Weekly</s>
    <s>Broward/Palm Beach New Times</s>
    <s>Voice Places</s>
    <s>Discover restaurants, nightlife, travel, shopping </s>
    <s>VOICE Daily Deals</s>
    <s>Get 50 to 90% off every day on restaurants, movies, massages </s>
    <s>Best Of </s>
    <s>More than 10,000 of the BEST things to eat, drink, and experience</s>
    <s>My Voice Nation</s>
    <s>Join the Village Voice community and get exclusive deals and info</s>
    <s>Happy Hour</s>
    <s>Your local Happy Hour guide at your fingertips</s>
    <s>Log in or Sign up</s>
    <s>Social Connect:</s>
    <s>Use your favorite account to access My Voice Nation.</s>
    <s>Use your My Voice Nation account to log in:</s>
    <s>Forgot password? Remember me</s>
    <s>Sign Up or Log in</s>
    <s>Social Connect:</s>
    <s>Sign up for My Voice Nation with your preferred network.</s>
    <s>Sign up for a My Voice Nation account:</s>
    <s>Sign Up Privacy policy</s>
    <s>Log Out</s>
  </text>
</page>
