<?xml version="1.0" encoding="UTF-8"?>
<!DOCTYPE page SYSTEM "page.dtd">
<page>
  <lang>en</lang>
  <url>http://coltsnecktrack.com/</url>
  <title>Colts Neck Track</title>
  <snippet>
    <s>boys; girls, Cross Country, Winter Track, Spring Track . Shore Conference Division Champs, 2010, 2006, 2004, 2003, 2002, 2001, 2011 1st competition held in </s>
  </snippet>
  <text>
    <s>COLTS NECK HIGH SCHOOL Cougars</s>
    <s>Cross Country Track &amp; Field</s>
    <s>Colts Neck High School opened in the fall of 1998 with just sophomore and freshmen classes. Since then we have competed in eighteen National Championships and competed in eleven states (NH, MA, NY, NJ, PA, DE, MD, NC, IN, OR, and CA).</s>
    <s>Colts Neck All-Americans (how many times)</s>
    <s>Craig Forys (11), Ashley Higginson (7), Allison Linnell (5), Kevin O'Dowd (4), Ryan Jagielski (3), Zach Tedoff (3), Chris Clark (3), Brenden Krewer (3), Briana Jackucewicz (3), Mike O'Dowd (3), Kristen O'Dowd (2), Evan Stivala (2), Allie Flott (2), Mark Leininger (2), Shane Hart, Andrew Sobieski, Jason Weiner, Morgan Clark and Vilius Komskis. 58 total times and counting </s>
    <s>National &amp; State Champions/Record Holders</s>
    <s>boys; girls</s>
    <s>Cross Country</s>
    <s>Winter Track</s>
    <s>Spring Track</s>
    <s>National Champions (7)</s>
    <s>Ashley Higginson NTN champion 2006.</s>
    <s>Distance Medley Relay 2005, Craig Forys 2 mile 2007; Girls 4 x 1 mile Relay 2006 &amp; 2007, Ashley Higginson 2 mile 2007.</s>
    <s>Ashley Higginson 2 mile 2007.</s>
    <s>Meet of Champion winners (14, 1 team)</s>
    <s>Craig Forys 2005, 2006; Girls Team 2006.</s>
    <s>Craig Forys 1600m/3200m 2006, 3200m 2007; Ashley Higginson 3200m 2005, 2006, 2007.</s>
    <s>Craig Forys 1600m 2005, 3200m 2006, 1600/3200 2007; Ashley Higginson 3200m 2007, Allison Linnell 1600m 2008.</s>
    <s>State Champions</s>
    <s>(26 individual, 6 relays, 3 teams)</s>
    <s>Craig Forys 2005, 2006; Briana Jackucewicz 2005, Girls Team 2000, 2005, 2006.</s>
    <s>Jorge Ventura 1600m 2001, Dave Gaines 800m 2003, 4 x 800m Relay 2003, Distance Medley Relay 2006, Craig Forys 1600m/3200m 2006, 1600m/3200m 2007, Mark Leininger 3200m 2009; Pole Vault Relay 2005, High Jump Relay 2005, Ashley Higginson 3200m 2005, 2007, Distance Medley Relay 2006, 4 x 800m Relay 2007, Allison Linnell 3200m 2008, Briana Jackucewicz 3200m 2009.</s>
    <s>Jorge Ventura 1600m 2000, 2001; Ryan Jagielski 800m 2005; Craig Forys 1600/3200 2005, 1600/3200 2006, 1600/3200 2007; Ashley Higginson 3200m 2005, 2006, 2007.</s>
    <s>State Record Holders</s>
    <s>**Craig Forys Van Cortland Park 2.5mile &amp; 3.1 mile course 2006, Holmdel Park 3.1 mile course 2006*.</s>
    <s>Ashley Higginson 3000m, 2 mile 2007, Briana Jackucewiz 5000m 2007*, 4 x 1 mile relay 2007*.</s>
    <s>Boys 4 x 800 relay 2005*, Craig Forys 3000m, 3200m*, 2 mile 2007*; Ashley Higginson 2 mile, 5000m, 2000m steeplechase 2007.</s>
    <s>State Class Record Holders</s>
    <s>Craig Forys frosh Holmdel Park 2003, senior Holmdel Park, Van Cortland Park 2.5 mile &amp; 3.1 mile course 2006; Briana Jackucewicz frosh Holmdel Park 2005.</s>
    <s>Craig Forys frosh 1 mile &amp; 3200m 2004, junior 1 mile, 3000m &amp; 2 mile 2006; Ashley Higginson frosh 1 mile 2004, senior 3000m &amp; 2 mile 2007; Briana Jackucewicz frosh 1600m&amp; 3200m 2006, junior 2 mile 2008*.</s>
    <s>Craig Forys soph 1600&amp; 3000 2005, junior 1500, 3000 &amp; 3200 2006, senior 3000, 3200 &amp; 2 mile 2007; Ashley Higginson senior 2 mile, 5000 &amp; 2000m steeplechase 2007.</s>
    <s>National Ranking</s>
    <s>Girls Team - 4th in NTN Nationals 2006, ranked 17th US 2005.</s>
    <s>Craig Forys - national freshman 2 mile record 2004*</s>
    <s>Boys Team - Dyestat Web Nationals Northeast Regional Champs 2007.</s>
    <s>Footlocker Finalists</s>
    <s>Northeast Footlocker Champions</s>
    <s>National Record Holders**</s>
    <s>since broken</s>
    <s>Craig Forys 2006; Briana Jackucewicz 2005, Ashley Higginson 2006.</s>
    <s>Craig Forys 2006.</s>
    <s>*Craig Forys outdoor 3000m for 15 year olds 2005, outdoor 1600m for 14 year olds 2004*, freshman indoor 3200m 2004*.</s>
    <s>Great article about the great Hammond, IN team that had 3 guys run under 9:00 for 2 miles and lost the state meet</s>
    <s>All Six Flags Wild Safari Inv Results Boys Girls Middle School</s>
    <s>Learn more about running at www.thetrackshow.com Interviews and even the video of XCU Camp.</s>
    <s>Latest News/Important Stuff</s>
    <s>College Corner upd 5/9/11</s>
    <s>Mike O'Dowd wins the Central Jersey Group III 1600 meter title with the Rosa brothers right behind.</s>
    <s>courtesy of www.piercebrosphoto.smugmug.com there are more CN photos here</s>
    <s>Arielle Weiner at the Six Flags Wild Safari Inv</s>
    <s>Cross Country - Next</s>
    <s>Monmouth County Champs @ Holmdel Park, Tues, 10/18</s>
    <s>Cross Country Results</s>
    <s>Shore Coaches Inv @ Holmdel Park, 10/1</s>
    <s>Girls: Weiner 5th, team 5th; Boys:Leder 10th, team 8th</s>
    <s>RBC/Ocean @ Holmdel Park, 9/27</s>
    <s>Boys: beat Ocean 27-29 lose to RBC 27-30; Girls: beat Ocean 15-42, lose to RBC 18-42</s>
    <s>Six Flags Wild Safari Inv @ Six Flags, 9/24</s>
    <s>Boys: Leder 4th, Stouber 6th, Chehanske 8th, team 2nd; Girls: Weiner 5th, team 5th</s>
    <s>William &amp; Mary Inv @ Williamsburg, VA, 9/17</s>
    <s>Boys: Leder 2nd, team 5th; Girls: Weiner 8th, team 7th</s>
    <s>Cherokee Challenge @ Cherokee HS, 9/10</s>
    <s>Boys: Leder 2nd fastest time of day, Chehanske 3rd in Soph race; Girls: Hoagland 4th Frosh, Weiner 6th Senior, O'Dowd 7th Soph</s>
    <s>Spring Track Results</s>
    <s>Colts Neck Decathlon/Heptathlon @ Colts Neck, 6/18-19</s>
    <s>Boys: Harrison new soph shot put record; Girls: Petruch 2nd</s>
    <s>New Balance National Scholastic Championships @ Greensboro, NC, 6/17-18</s>
    <s>O'Dowd runs 9:30</s>
    <s>Meet of Champions re-run @ Old Bridge, 6/13</s>
    <s>O'Dowd finishes 4th in 9:11.16</s>
    <s>Meet of Champions @ Old Bridge, 6/09</s>
    <s>Mike O'Dowd 3200 stopped with one lap left</s>
    <s>CN Alumni bios/articles bios updated 4/3/11</s>
    <s>Alumni Highlights - Spring Track</s>
    <s>latest results &amp; stories all current college CN alumni</s>
    <s>w/e 5/29 Ashley Higginson (Princeton) and Craig Forys (Michigan) qualify for NCAA Div 1 Champs in the steeplechase, Craig just misses 5000m</s>
    <s>w/e 5/8 Ashley Higginson (Princeton) wins steeplechase at HEPS Champs 10:19.74 in 1st race back from stress fracture VIDEO; Meryl Wimberley (TCNJ) 2:12.73 800m; Rachel Morris (TCNJ) 39:36.13 10,000m; Kevin Kelly (South Florida) 183' 03&quot; Jav; Mark Leininger (American) 31:10.84 10,000m; Kevin O'Dowd (TCNJ) 2:02.31 800m; Dane Canonico (Albright) 45' 04.25&quot; SP, 130' 06&quot; Dis, 113' 04&quot; HT; Lindsey Rappleyea (RPI) 5' 00.25&quot; HJ, 36' 01.5&quot; TJ; 17' 00.75&quot; LJ</s>
    <s>w/e 5/1 Craig Forys (Michigan) 14:25.10 5000m; Evan Stivala (Syracuse) 6' 02.25&quot; HJ; Meryl Wimberley (TCNJ) 58.15 400m; Rachel Morris (TCNJ) 4:56.39 1500m; Kevin O'Dowd (TCNJ) 2:01.80 800m; Dane Canonico (Albright) 46' 00.75&quot; SP; Lindsey Rappleyea (RPI) 3731 heptathlon (all events on alumni results page); Tracey Vill (John Hopkins) 9' 06.25&quot; PV, 33' 00.5&quot; TJ, 15' 00.25&quot; LJ</s>
    <s>w/e 4/26 Evan Stivala (Syracuse) 11.89 100m, 6' 02.25&quot; HJ; Rachel Morris (TCNJ) 17:54.97 5000m; Dane Canonico (Albright) 47' 06.5&quot; SP, 116' 07&quot; HT; Lindsey Rappleyea (RPI) 17.91 100m hurdles, 4' 08.25&quot; HJ, 35' 04.75&quot; TJ; Tracey Vill (John Hopkins) 9' 06.25&quot; PV, 33' 06.75&quot; TJ; Alison Lang (Rhodes) 114' 06&quot; Jav, 131' 07&quot; HT</s>
    <s>4/18 Lindsey Rappleyea (RPI) wins Field events Athlete of the Week for the Liberty League</s>
    <s>w/e 4/17 Craig Forys (Michigan) 9:08.52 3000m steeplechase; Rachel Morris (TCNJ) 5:00.51 1500m; Kevin Kelly (South Florida) 175' 07&quot; Jav; Mark Leininger (American) 14:51.31 5000m; Lindsey Rappleyea (RPI) 4' 11.5&quot; HJ, 36' 00&quot; TJ; 16' 00.25&quot; LJ; Emily Laurence (South Carolina) Jav 118' 11&quot;; Alison Lang (Rhodes) 135' 04&quot; HT school record; Tracey Vill (John Hopkins) 30' 07&quot; TJ; Ashley Rizzo (WV Wesleyan) 2:35.79</s>
    <s>The Washington Womens cross Country team meets the President. That's our Allison Linnell (2008) two spots over to the right of President Obama. courtesy of NY Times</s>
    <s>Team Championships</s>
    <s>Team Championships:</s>
    <s>Boys Cross Country</s>
    <s>Boys Winter Track</s>
    <s>Boys Spring Track</s>
    <s>Girls Cross Country</s>
    <s>Girls Winter Track</s>
    <s>Girls Spring Track</s>
    <s>State Champs</s>
    <s>2006*, 2005, 2000</s>
    <s>Central Jersey Champs</s>
    <s>2004, 2000</s>
    <s>1st competition held in 2008</s>
    <s>2007, 2006, 2005, 2004, 2000</s>
    <s>1st competition held in 2008</s>
    <s>Monmouth County Champs</s>
    <s>2006, 2005</s>
    <s>2009R, 2008, 2008R, 2007, 2007R, 2006</s>
    <s>2007, 2006</s>
    <s>Shore Conference Division Champs</s>
    <s>2010, 2006, 2004, 2003, 2002, 2001</s>
    <s>2011 1st competition held in 2008</s>
    <s>2007, 2006, 2005</s>
    <s>2008, 2007, 2006, 2005, 2004, 2003, 2002, 2000</s>
    <s>2011, 2009 1st competition was 2008</s>
    <s>2009, 2008, 2007, 2006, 2005, 2004, 2003</s>
    <s>*All-Groups Champion, R Monmouth County Relay Champs (indoors only)</s>
    <s>Click CN Champions page for Boys or Girls to see all Colts Neck Cross Country and Track team and individual champions.</s>
    <s>Schedules, Results, Records, Videos, Alumni News</s>
    <s>ALUMNI NEWS</s>
    <s>click it to get more info</s>
    <s>COLTS NECK HOSTED MEETS</s>
    <s>includes high school &amp; middle school races</s>
    <s>2nd Six Flags Wild Safari Cross Country Inv</s>
    <s>Sept 24, 2011, featuring 1.2 miles through the Animal Safari and discounted admission ticket to Six Flags Great Adventure Park. click link for 2010 results/highlights</s>
    <s>CN Videos (thanks sctnf.com)</s>
    <s>2008 videos</s>
    <s>2006-07 videos</s>
    <s>Misc Videos</s>
    <s>NEW! 2011 tentative cross country schedule upd 8/26/11</s>
    <s>CN &amp; Friends Invite 2011 Results</s>
    <s>next: January 3, 2011 - Toms River Bubble</s>
    <s>forms articles on iron</s>
    <s>2011 spring track results - boys</s>
    <s>course maps links</s>
    <s>2011 spring track results - girls</s>
    <s>directions - to meets &amp; practices</s>
    <s>2010 Cross Country Boys Girls</s>
    <s>CN Relays April 16, 2011</s>
    <s>click on logo for 2010 entry info</s>
    <s>main CN Relays page</s>
    <s>results 2010 boys girls</s>
    <s>2010-11 Winter Track Boys Girls</s>
    <s>school records and top ten lists winter track top tens 5/21/11</s>
    <s>2010 Spring Track Boys Girls</s>
    <s>Freehold District Records/Lists upd 7/4/11</s>
    <s>all previous seasons - results</s>
    <s>Colts Neck Stadium records</s>
    <s>COLTS NECK HOSTED MEETS (Cont)</s>
    <s>Colts Neck All-Team boys girls upd 4/3/11</s>
    <s>Freehold District XC Champs past results</s>
    <s>Cougar XC Inv All Past Results</s>
    <s>CN Champions boys girls upd 2/20/11</s>
    <s>Club East</s>
    <s>The Freehold-based racing team for elite women's distance runners.**</s>
    <s>**To contact this website or Coach Schlentz, send an email to JSchlentz@aol.com . Or</s>
    <s>This website is a private effort and is not directly associated with the Freehold High School District and Colts Neck High School. The pictures on this website are copyrighted and should not be used in any public manner without the webmaster's approval.</s>
  </text>
</page>
