<?xml version="1.0" encoding="UTF-8"?>
<!DOCTYPE page SYSTEM "page.dtd">
<page>
  <lang>en</lang>
  <url>http://getsatisfaction.com/pandion/tags/conference</url>
  <title>Recently active topics in Pandion tagged with conference</title>
  <snippet>
    <s>1 person asked this! Click Mini_star to add your vote! * 1. Sprite_screen. How to make in conference participant&#39;s list vcard names insted </s>
  </snippet>
  <text>
    <s>!Spinner Loading Profile </s>
    <s>!User Icon</s>
    <s>Posted and</s>
    <s>Close !Loading </s>
    <s>Get Satisfaction</s>
    <s>!Combo arrow</s>
    <s>Welcome, (Account)</s>
    <s>Your Dashboard Profile Information Favorite Products &amp; Companies Email &amp; Notifications</s>
    <s>Sign out</s>
    <s>Log in or Sign up</s>
    <s>Pandion employees are here to help.</s>
    <s>Community-powered support for</s>
    <s>Community !Sprite screen</s>
    <s>Change log</s>
    <s>All Topics Questions Ideas Problems Praise Updates</s>
    <s>Get Satisfaction uses Javascript and cookies.</s>
    <s>You'll need to enable Javascript and cookies to participate.</s>
    <s>Topics tagged: &quot;conference&quot;</s>
    <s>New Activity Popular Latest Unanswered Recently active topics</s>
    <s>29 people reported thisClick !Mini star to add your vote</s>
    <s>!Sprite screen</s>
    <s>why cant i sign in to the chatroom of nimbuzz ??? please help me</s>
    <s>nadine reported32 repliesLast reply September 21, 2011 09:29 by angelfallone</s>
    <s>1 person asked thisClick !Mini star to add your vote</s>
    <s>!Sprite screen</s>
    <s>How to make in conference participant's list vcard names insted of jid's?</s>
    <s>crafter2012 asked0 repliesPosted April 06, 2011 06:54</s>
    <s>1 person asked thisClick !Mini star to add your vote</s>
    <s>!Sprite screen</s>
    <s>How to make in conference names from vcard in participant's list?</s>
    <s>crafter2012 asked0 repliesPosted April 06, 2011 05:36</s>
    <s>3 people asked thisClick !Mini star to add your vote</s>
    <s>!Sprite screen</s>
    <s>typing a message</s>
    <s>Jaymar Piamonte Lumanog asked5 repliesLast reply March 31, 2011 13:08 by lisamz</s>
    <s>2 people asked thisClick !Mini star to add your vote</s>
    <s>!Sprite screen</s>
    <s>Is it possible to minimize conference window to tray?</s>
    <s>kdebski85 asked0 repliesPosted November 22, 2010 08:09</s>
    <s>1 person asked thisClick !Mini star to add your vote</s>
    <s>!Sprite screen</s>
    <s>Doing some clever things with bookmarked conferences</s>
    <s>cromertech asked2 repliesLast reply October 26, 2010 07:14 by Uno</s>
    <s>4 people reported thisClick !Mini star to add your vote</s>
    <s>!Sprite screen</s>
    <s>Service not available when trying to access conference room</s>
    <s>saddleseller9 reported4 repliesLast reply September 02, 2010 09:11 by Gadiz Aja</s>
    <s>2 people asked thisClick !Mini star to add your vote</s>
    <s>!Sprite screen</s>
    <s>Cannot connect to conference</s>
    <s>qpajeza asked4 repliesLast reply September 01, 2010 15:25 by REY SALAZAR</s>
    <s>1 person asked thisClick !Mini star to add your vote</s>
    <s>!Sprite screen</s>
    <s>can i disable conferencename in pandion?</s>
    <s>kevin asked5 repliesLast reply August 02, 2010 14:49 by Sean Cook</s>
    <s>1 person asked thisClick !Mini star to add your vote</s>
    <s>!Sprite screen</s>
    <s>Disabling private chat from conference room.</s>
    <s>ScottGTO asked2 repliesLast reply July 20, 2010 08:38 by ScottGTO</s>
    <s>1 person reported thisClick !Mini star to add your vote</s>
    <s>!Sprite screen</s>
    <s>Pandion conference &amp; transports bugs!</s>
    <s>Gregory reported2 repliesLast reply July 08, 2010 04:51 by nickbarber1</s>
    <s>1 person asked thisClick !Mini star to add your vote</s>
    <s>!Sprite screen</s>
    <s>Conference History</s>
    <s>Ty Thornton asked4 repliesLast reply April 23, 2010 17:07 by Sebastiaan Deckers</s>
    <s>2 people asked thisClick !Mini star to add your vote</s>
    <s>!Sprite screen</s>
    <s>How do you post images to a conference room without uploading the image to a live site</s>
    <s>Keith asked12 repliesLast reply May 18, 2011 04:05 by takunechan</s>
    <s>1 person asked thisClick !Mini star to add your vote</s>
    <s>!Sprite screen</s>
    <s>Delete Conference</s>
    <s>Amir asked1 replyLast reply February 04, 2010 03:33 by Sebastiaan Deckers</s>
    <s>3 people asked thisClick !Mini star to add your vote</s>
    <s>!Sprite screen</s>
    <s>Auto Accept Conference invites</s>
    <s>andres asked14 repliesLast reply September 15, 2009 12:02 by Sebastiaan Deckers</s>
    <s>1 person asked thisClick !Mini star to add your vote</s>
    <s>!Sprite screen</s>
    <s>Please Disable RED-X on Conference System Menu</s>
    <s>Edward Comer asked0 repliesPosted August 29, 2009 14:46</s>
    <s>(C) 2011 Get Satisfaction Inc. All rights reserved.</s>
    <s>Get Satisfaction Legal | Help</s>
  </text>
</page>
