<?xml version="1.0" encoding="UTF-8"?>
<!DOCTYPE page SYSTEM "page.dtd">
<page>
  <lang>en</lang>
  <url>http://embc2011.embs.org/committees/student-activities-coordinator/</url>
  <title>Student Activities Committee « 33rd Annual International ...</title>
  <snippet>
    <s>Conference Committee &middot; Clinical Continuing Education Program Chairs &middot; Clinical New post: Free AMA-IEEE 2011 Registration for Students extended until </s>
  </snippet>
  <text>
    <s>Register Now!</s>
    <s>Conference Committee</s>
    <s>Clinical Continuing Education Program Chairs</s>
    <s>Clinical Program Advisory Board</s>
    <s>Conference Editorial Board</s>
    <s>Conference Organization Advisory Board</s>
    <s>Continuing Medical Education Program Chairs</s>
    <s>Industrial Relationships Advisory Board</s>
    <s>International Committee</s>
    <s>Local Organizing Committee</s>
    <s>Minisymposium Editorial Board</s>
    <s>Student Activities Committee</s>
    <s>Women In Engineering Committee</s>
    <s>Boston Information</s>
    <s>Dining Options</s>
    <s>Travel Visas</s>
    <s>Keynote Speakers</s>
    <s>Author Instructions</s>
    <s>IEEE-EMBS Wyss Award for Translational Research</s>
    <s>Oral Presentation Guidelines</s>
    <s>Poster Guidelines</s>
    <s>IBM Student Award Finalists</s>
    <s>Philips Young Investigator Award (PYIA)</s>
    <s>Philips Young Investigator Award (PYIA) Finalists</s>
    <s>Student Paper Competition</s>
    <s>Student Paper Competition Finalists</s>
    <s>Student Programming</s>
    <s>Volunteering Opportunities</s>
    <s>EMBC'11 Partners</s>
    <s>Partnership Opportunities</s>
    <s>Thank you for a great conference everyone!</s>
    <s>The EMBC 2011 Conference in Boston was a HUGE success and thank you for everyone who attended and contributed to its success. A blog entry will soon be up detailing the various record breaking milestones that were set this year along with pictures from the conference</s>
    <s>Committees &gt; Student Activities Committee</s>
    <s>Lei Ding</s>
    <s>University of Oklahoma</s>
    <s>Christopher J. James</s>
    <s>University of Warwick, UK</s>
    <s>Meredith Knight</s>
    <s>Tufts University</s>
    <s>Lisa Lazareck</s>
    <s>Welcome Trust</s>
    <s>Cristian A. Linte</s>
    <s>Mayo Clinic</s>
    <s>Wasim Q. Malik</s>
    <s>Harvard University</s>
    <s>Michael McShane</s>
    <s>Texas A&amp;M University</s>
    <s>Matthias K Reumann</s>
    <s>IBM Corp.</s>
    <s>Ming Jack Po</s>
    <s>Columbia University</s>
    <s>Brian Tracey</s>
    <s>Tufts University</s>
    <s>Iris Yan</s>
    <s>Penn State</s>
    <s>Committee Pages</s>
    <s>Conference Committee</s>
    <s>Clinical Continuing Education Program Chairs</s>
    <s>Clinical Program Advisory Board</s>
    <s>Conference Editorial Board</s>
    <s>Conference Organization Advisory Board</s>
    <s>Continuing Medical Education Program Chairs</s>
    <s>Industrial Relationships Advisory Board</s>
    <s>International Committee</s>
    <s>Local Organizing Committee</s>
    <s>Minisymposium Editorial Board</s>
    <s>Student Activities Committee</s>
    <s>Women In Engineering Committee</s>
    <s>EMBS Twitter!</s>
    <s>New post: Free AMA-IEEE 2011 Registration for Students extended until Monday 5 PMhttp://t.co/t4dz9Lro 2011/10/09</s>
    <s>New post: 2011 EMBC Interviews are now live on IEEEtvhttp://t.co/jwISypuV 2011/10/05</s>
    <s>Boston Dynamics' AlphaDog Quadruped Robot Prototype on Video http://t.co/x9GHtLnz 2011/10/04</s>
    <s>Keynote Speakers</s>
    <s>Mara G. Aspinall M.B.A.</s>
    <s>Chief Executive Officer</s>
    <s>On-Q-ity, Inc.</s>
    <s>Emilio Bizzi M.D., Ph.D.</s>
    <s>Institute Professor, Department of Brain and Cognitive Sciences</s>
    <s>Massachusetts Institute of Technology</s>
    <s>Dean Kamen</s>
    <s>DEKA Research and Development Corporation</s>
    <s>Kamil Ugurbil Ph.D.</s>
    <s>McKnight Presidential Endowed Chair of Radiology</s>
    <s>University of Minnesota</s>
    <s>Angela Belcher Ph.D.</s>
    <s>W.M. Keck Professor of Energy</s>
    <s>Massachusetts Institute of Technology</s>
    <s>Alex 'Sandy' Pentland Ph.D.</s>
    <s>Toshiba Professor of Media, Arts, and Sciences</s>
    <s>Massachusetts Institute of Technology</s>
    <s>John A. Parrish M.D.</s>
    <s>Chief Executive Officer</s>
    <s>Center for Integration of Medicine &amp; Innovative Technology</s>
    <s>David J. Balaban Ph.D.</s>
    <s>Vice President, Research &amp; Development Informatics</s>
    <s>Amgen Inc.</s>
    <s>J. Craig Venter Ph.D.</s>
    <s>Founder, Chairman and President</s>
    <s>J. Craig Venter Institute</s>
    <s>Subra Suresh Ph.D.</s>
    <s>National Science Foundation</s>
    <s>Dirk Beernaert</s>
    <s>Head of Unit G1 – Nano-electronics</s>
    <s>European Commission</s>
    <s>!xian en zhang.png</s>
    <s>Xian-En Zhang, Ph.D.</s>
    <s>Director General</s>
    <s>Basic Research Department, Ministry of Science &amp; Technology, China</s>
    <s>Hugh Herr Ph.D.</s>
    <s>Associate Professor</s>
    <s>MIT's Program of Media Arts and Sciences, and The Harvard-MIT Division of Health Sciences and Technology</s>
    <s>John Glaser Ph.D.</s>
    <s>Chief Operating Officer</s>
    <s>Health Services - Siemens Healthcare</s>
    <s>Copyright (C) 2010 IEEE-EMBS. All Rights Reserved. Frontpage photos taken by Werner Kunz.</s>
    <s>For questions or comments, please contact us.</s>
    <s>*2011/10/09: 2011/10/09 12:32:43</s>
    <s>*2011/10/05: 2011/10/05 19:04:32</s>
    <s>*2011/10/04: 2011/10/04 21:37:01</s>
  </text>
</page>
