<?xml version="1.0" encoding="UTF-8"?>
<!DOCTYPE page SYSTEM "page.dtd">
<page>
  <lang>en</lang>
  <url>http://chicago.latinoscoop.com/events/latism-conference-in-chicago/</url>
  <title>LATISM Conference in Chicago – Get 20% Off | LatinoScoop.com ...</title>
  <snippet>
    <s>10:30am – Coffee Break 11:00am Public Service Track: The Role of Social Media in Education The LATISM &#39;11 conference is on track to being sold out. </s>
  </snippet>
  <text>
    <s>Los Angeles</s>
    <s>Washington, D.C.</s>
    <s>Promote Your Event</s>
    <s>Contact Us</s>
    <s>About Us</s>
    <s>AdmiteUno - Chicago</s>
    <s>In Theaters</s>
    <s>On DVD</s>
    <s>Join Us on Facebook</s>
    <s>Browsing: Home » Events » Networking » LATISM Conference in Chicago - Get 20% Off</s>
    <s>!Latism Conference logo</s>
    <s>LATISM Conference in Chicago - Get 20% Off</s>
    <s>Latinos in Social Media (LATISM) Announces Preliminary Agenda for Its National 2011 Conference</s>
    <s>Two-day program in Chicago, IL to feature over 100 top speakers, performances and tracks on Public Service, Business and Leadership, Personal and Community Influence.</s>
    <s>WASHINGTON, DC – Aug 15, 2011 – With an unparallelled population growth and an undeniably noticeable presence online, Latinos’ voices are now louder than ever. Channeling those voices into action will be one of the major themes at this year’s Latinos in Social Media (LATISM) 2011 National Conference. Today LATISM, the largest organization of Latinos engaged in social media, announced the preliminary agenda for LATISM National 2011, the organization’s annual bilingual conference. Held for the first time in Chicago, IL, the LATISM ’11 conference will feature a range of inspired thinkers from around the Latino Cybersphere.</s>
    <s>The theme for this year’s bilingual Conference is “Amplifying Our Voices to Win The Future”. The lineup includes sessions on how to use of social media to amplify the impact of business leadership, personal influence and public service campaigns within the Latino community, in addition to exploring case studies in the areas of Health, Education, Economic Development and Civic initiatives.</s>
    <s>Register Here Today</s>
    <s>(Use LatinoScoop code SCP20OFF for a 20% discount)</s>
    <s>The LATISM 2011 Agenda includes:</s>
    <s>WEDNESDAY, November 9th, 2011</s>
    <s>5:00pm – Early registration at Navy Pier begins</s>
    <s>6:00pm – Opening reception &amp; cocktail</s>
    <s>THURSDAY, November 10th, 2011</s>
    <s>8:00 am – Breakfast &amp; Keynote speaker</s>
    <s>9:00 am – Breakout sessions</s>
    <s>• Public Service Track: Reaching Out for Health Through Social Media</s>
    <s>• Business Track: When Traditional Media Meets New Media To Reach Latinos</s>
    <s>• Community Track: Business 101 for the Cyber-Entrepreneur</s>
    <s> 10:30am – Coffee Break</s>
    <s>11:00am – Breakout sessions</s>
    <s>• Public Service Track: The Role of Social Media in Education</s>
    <s>• Business Track: The New Metrics of Social Success</s>
    <s>• Community Track: Social Networking for Job Search</s>
    <s>12:30pm – Lunch &amp; Keynote speaker</s>
    <s>2:00pm – Breakout sessions</s>
    <s>• Public Service Track: Social Good Goes Mobile</s>
    <s>• Business Track: Corporate Diversity and New Media</s>
    <s>• Community Track: The Riches Are In The Niches</s>
    <s>3:30pm – Coffee Break</s>
    <s>4:00pm – Breakout sessions</s>
    <s>• Public Service Track: Winning the Future: Education TownHall</s>
    <s>• Business Track: MultiCultural Social Media Campaigns That Rock</s>
    <s>• Community Track: Social Media Disruption: Finding your Voice</s>
    <s>6:00pm – LATISM Awards Dinner Gala – An evening of entertainment and giveaways</s>
    <s> FRIDAY, November 11th, 2011</s>
    <s>8:00 am – Breakfast &amp; Keynote speaker</s>
    <s>9:00 am - Breakout sessions</s>
    <s>• Public Service Track: The Future of Learning: Transmedia Education</s>
    <s>• Business Track: Spanglish: From La Calle To Madison Ave</s>
    <s>• Community Track: Blog Traffic Secrets From The Pros</s>
    <s>10:30am – Coffee Break</s>
    <s>11:00am – Breakout sessions</s>
    <s>• Public Service Track: TBA</s>
    <s>• Business Track: Creating A Win-Win Brand/Blogger Relationship</s>
    <s>• Community Track: Your Cyber Empire: Building Your Brand With Social Media</s>
    <s>12:30pm – Lunch &amp; Keynote speaker</s>
    <s>2:00pm – Breakout sessions</s>
    <s>• Public Service Track: The Social Media Movement for Civic Engagement</s>
    <s>• Business Track: Technology And Greening Of The Economy</s>
    <s>• Community Track: Workshop – Lights, Camera, VlogVlog Content production, syndication and monetization</s>
    <s>3:30pm – Coffee Break</s>
    <s>4:00pm – Breakout sessions</s>
    <s>• Public Service Track: Change Agents: Social Media For Social Change</s>
    <s>• Business Track: Workshop – Leadership Skills for a Hispanic America</s>
    <s>• Community Track: Using Google+, LinkedIn, FaceBook, Twitter for Community Building</s>
    <s>5:30pm – Keynote/ farewell</s>
    <s>7:00pm – Despedida Party</s>
    <s>“Our program this year gets at the heart of Latino life in the United States and the role of social media in shaping its future,” says Ana Roca Castro, Chair and Founder of LATISM. “We’ve assembled a program that explores all aspects of this reality, from the socio-economic, civic and cultural constructs that define or threaten our humanity, to the use of technologies and social media resources that can elevate it.”</s>
    <s>More information about the LATISM ’11 National Conference can be found at the conference website.</s>
    <s>The LATISM ‘11 conference is on track to being sold out. To register and secure your spot at one of the most anticipated events of the year, go to our Eventbrite page.</s>
    <s>ABOUT THE LATISM ’11 CONFERENCE</s>
    <s>The LATISM ’11 Conference is LATISM’s centerpiece, fully bilingual event of the year. This national event will consolidate LATISM’s mission and audience of health providers, government officials, educators, community and thought leaders. Since 2009, the Latinos in Social Media (LATISM) events have taken place in cities all around the United States, including New York, Orlando, Washington, DC, Los Angeles, CA and Silicon Valley, featuring more than 400 speakers to date. LATISM Conferences are considered an intensive educational forum for issues of importance to our community and a capstone experience for individuals and organizations interested in harnessing the power of social media in their outreach to the Latino population. Participants in the various LATISM events have included over 5,000 in-person attendees, with thousands more engaging via social media.</s>
    <s>ABOUT LATISM</s>
    <s>Latinos in Social Media (LATISM) is a 501(c) 4 nonprofit, nonpartisan organization dedicated to advancing the social, civic and economic status of the Latino community. With a network of over 140,000 members, LATISM is the largest organization for Latinos engaged in social media, including bloggers and professionals from every arena. LATISM also helps to raise awareness among corporate brands, NGOs and government entities about using social media to reach Latinos through research, event sponsorships, and leadership training. A pioneering social media organization, LATISM has been hailed as the most influential online movement in the new multicultural Web. Visit http://LATISM.org/</s>
    <s>Leave a Comment</s>
    <s>Follow LatinoScoop.com</s>
    <s>Sign up for our Newsletter</s>
    <s>Choose which cities you'd like e-mails from:</s>
    <s>Chicago, IL</s>
    <s>New York, NY</s>
    <s>Los Angeles, CA</s>
    <s>Washington DC</s>
    <s>LatinoScoop on Facebook LatinoScoop on Twitter LatinoScoop on LinkedIn LatinoScoop on YouTube LatinoScoop on Flickr LatinoScoop's RSS Feed</s>
    <s>Most Popular</s>
    <s>Facebook Fans</s>
    <s>THE THING</s>
    <s>THE THING</s>
    <s>In theaters October 14th</s>
    <s>About Our Screenings</s>
    <s>Promote Your Event</s>
    <s>Newsletter Archive</s>
    <s>Press Room</s>
    <s>Contact Us</s>
    <s>Los Angeles</s>
    <s>Washington, D.C.</s>
    <s>LatinoScoop.com - Chicago</s>
    <s>Copyright (C) LatinoScoop 2011</s>
    <s>All Rights Reserved</s>
    <s>Privacy Policy</s>
    <s>Terms of Use</s>
    <s>Site Credits</s>
    <s>Site Map</s>
  </text>
</page>
