<?xml version="1.0" encoding="UTF-8"?>
<!DOCTYPE page SYSTEM "page.dtd">
<page>
  <lang>en</lang>
  <url>http://archive.constantcontact.com/fs082/1103337379830/archive/1104410593044.html</url>
  <title>12th Sakyadhita International Conference Accommodations Details ...</title>
  <snippet>
    <s>Deadline to Register is May 1, 2011. Space is Staff greeting guests at one of the three conference hotels. Please allow some leeway for currency fluctuation. </s>
  </snippet>
  <text>
    <s>!SI bannerx600</s>
    <s>12th Sakyadhita Conference Bangkok, Thailand</s>
    <s>June 12-18, 2011</s>
    <s>Accommodations and Registration Information</s>
    <s>Deadline to Register is May 1, 2011</s>
    <s>Space is limited. Please register early.</s>
    <s>Download the Conference Brochure</s>
    <s>Your registration fee includes</s>
    <s>registration fee</s>
    <s>airport pickup</s>
    <s>local transportation</s>
    <s>One Registration option also includes simple accommodations for US$350 (or US$250 for nuns/monastics).</s>
    <s>The other Registration option does NOT include lodging; you will pay for lodging directly to your hotel.</s>
    <s>!Bangkok Resort Hotel staff greeting</s>
    <s>Bangkok Resort &amp; Spa Hotel</s>
    <s>Staff greeting guests at one of the three conference hotels.</s>
    <s>Simple Accommodations</s>
    <s>!Mahachulalongkorn University-simpleaccommodationsMahachulalongkorn University will provide simple accommodations on the floor of this hall, about 25 minutes from the conference site. Bathrooms are downstairs from the hall.</s>
    <s>TWO OPTIONS FOR REGISTRATION</s>
    <s>REGISTRATION OPTION 1</s>
    <s>Registration with Simple Accommodations Included</s>
    <s>US$250 for nuns/monastics</s>
    <s>Shared large rooms at a location 15-25 minutes drive, such as the one pictured on the left.</s>
    <s>!Bangkok Resort Hotel skyview</s>
    <s>Bangkok Resort &amp; Spa Hotel, one of the three conference hotels.</s>
    <s>REGISTRATION OPTION 2</s>
    <s>Registration only, US$250.</s>
    <s>This registration option does NOT include lodging. You must pay for lodging directly to your hotel. See hotel options below.</s>
    <s>Hotel Accommodations</s>
    <s>Special rates have been arranged at three hotels near the conference site. Please allow some leeway for currency fluctuation. These costs are the best estimates we can currently give.</s>
    <s>!Bangkok Resort Hotel amenities</s>
    <s>Both the K-Resort and Bangkok Resort hotels offer comparable amenities as pictured above.</s>
    <s>Although you will have to pay for your room directly to the hotels, we can make reservations for you at either of these two hotels:</s>
    <s>K-Resort (www.k-resortandspa.com) Located 15 min. by car from Sathira-Dhammasathan. Fifteen double rooms (2 single beds) @ 1050 baht (US$35-42).</s>
    <s>Bangkok-Resort (www.bangkokresortandspa.com) Located 15 min. by car from Sathira-Dhammasathan (next to K-Resort). Seventy single rooms (king bed) @ 850 baht (US$29-34). The owner has informed us that the website for this hotel is not currently available.</s>
    <s>The third conference hotel is the Siam Society Hotel and Resort. To lodge at this hotel, you must make your own reservations online at: http://www.siamsocietyhotel.com</s>
    <s>Siam Society Hotel and Resort (4-star, www.siamsocietyhotel.com) Located 10 minutes by car from Sathira-Dhammasathan. Six superior rooms (2 with twin beds, 4 with king beds) and 20 deluxe rooms (king bed) (from US$50).</s>
    <s>How to Register--Deadline to Register is May 1</s>
    <s>Two Ways to register:</s>
    <s>1. Register and pay online</s>
    <s>Fill out and submit the online registration form.</s>
    <s>To access the online registration Form, click on this link 12th Sakyadhita Bangkok 2011 Registration Form</s>
    <s>After you fill out and submit the online registration form, go to the Sakyadhita website and pay by credit or debit card or Paypal account using the &quot;Donate&quot; button at: http://www.sakyadhita.org (on the bottom of the web page).</s>
    <s>2. Or, register and pay by mail</s>
    <s>To register and pay by mail, download the printable registration form. Fill out the form on your computer or by hand. Mail the form with your check to the address on the form.</s>
    <s>Download a printable Travel and Information sheet with all of the information contained in this newsletter.</s>
    <s>Cancellation &amp; Refund Policy</s>
    <s>In case of cancellation, the registration fee is refundable up to May 15, minus a US$50 processing charge. For refunds, send an email to: sakyadhita12register@sakyadhita.org</s>
    <s>Conference Location</s>
    <s>!Sathira-Dhammasathan Confenence Center</s>
    <s>Sathira-Dhammasathan, conference site, Bangkok, Thailand</s>
    <s>The 12th Sakyadhita Conference will be hosted at Sathira-Dhammasathan, a learning community founded in central Bangkok in 1987 by Maechee Sansanee Sthirasuta. The center's programs for children, teenagers, parents, and abused women promote peace, harmony, compassion, and enlightenment among people of all ages, genders, and walks of life. The eco-friendly center is home to Savika Sikkahalaya Buddhist Institute, an educational project based on the experiences gained from over 20 years of Sathira Dhammasathan's social services. The center is a delightful and inspiring venue for this historical gathering.</s>
    <s>Conference Schedule</s>
    <s>June 11 Arrival in Bangkok</s>
    <s>June 12 Opening ceremony and conference sessions</s>
    <s>June 13-17 Conference Sessions: meditation, talks, discussions,</s>
    <s>workshops, and cultural programs</s>
    <s>June 18 Closing ceremony and temple tour of Bangkok</s>
    <s>June 19 Temple tour to Ayutthaya</s>
    <s>!Ayutthaya Temple Thailand</s>
    <s>Ayutthaya, Thailand</s>
    <s>Travel to Thailand</s>
    <s>The weather in Bangkok is equally warm and toasty year-round with temperatures from 24 to 33 C (75 to 91 F) in June. Light cottons are recommended. Visitors to the Kingdom of Thailand need passports (valid for at least six months from the date of entry). Citizens from many countries may get tourist visa exemptions or visas on arrival. Others may obtain visas from a Royal Thai Embassy or a Royal Thai Consulate-General.</s>
    <s>!yellow-lotuses100x100 How Can I Help?</s>
    <s>Sponsor someone to attend the conferenceOnly with your help will nuns and laywomen from developing countries (Bangladesh, Bhutan, Burma, Cambodia, India, Laos, Mongolia, Nepal, Thailand, or Sri Lanka) be able to attend. Enlarge the circle of compassion - support a life-changing experience for a future Buddhist woman leaderYou can make a donation on the registration form to help a nun or laywoman attend.</s>
    <s>Contact &amp; Updates</s>
    <s>For updates on conference information, visit the Events page on the Sakyadhita website at: http://www.sakyadhita.org/events</s>
    <s>Visit the Thai Sakyadhita Official website: http://www.thaisakyadhita.org/</s>
    <s>For questions about registration or accommodations, email sakyadhita12register@sakyadhita.org</s>
    <s>For questions about papers or other questions, email sakyadhita@gmail.com or ktsomo@sandiego.edu</s>
    <s>Looking forward to seeing you in Bangkok in June 2011</s>
    <s>The Sakyadhita International Conference Committee</s>
  </text>
</page>
