<?xml version="1.0" encoding="UTF-8"?>
<!DOCTYPE page SYSTEM "page.dtd">
<page>
  <lang>en</lang>
  <url>http://anaheimoc.org/</url>
  <title>Anaheim/Orange County - Visitor Information | Anaheim/Orange ...</title>
  <snippet>
    <s>Calendar of Events The Anaheim/OC Visitor &amp; Convention Bureau celebrates 50 years of Are you looking for Live Entertainment in Orange County? We like </s>
  </snippet>
  <text>
    <s>Skip to Main Content Area</s>
    <s>Travel Trade</s>
    <s>Leave this field blank:</s>
    <s>Log In</s>
    <s>About Anaheim/OC</s>
    <s>What To Do</s>
    <s>Theme Parks</s>
    <s>Orange County Beaches</s>
    <s>Sports &amp; Recreation</s>
    <s>Entertainment &amp; Nightlife</s>
    <s>Annual Festivals &amp; Events</s>
    <s>Arts &amp; Culture</s>
    <s>Day Trips From Anaheim/OC</s>
    <s>Where To Stay</s>
    <s>Anaheim Resort Hotels</s>
    <s>Beach Hotels and Resorts</s>
    <s>RV Parks</s>
    <s>Orange County Hotels and Motels</s>
    <s>View All Anaheim/OC Accommodations</s>
    <s>Where To Eat</s>
    <s>Anaheim Resort Dining</s>
    <s>Orange County Beach Dining</s>
    <s>Restaurants Only in Orange County</s>
    <s>Food &amp; Wine Events</s>
    <s>Dine on a Dime</s>
    <s>All Anaheim/OC Restaurants</s>
    <s>Plan Your Trip</s>
    <s>Maps and Transportation</s>
    <s>Travel Tips and Resources</s>
    <s>Suggested Itineraries</s>
    <s>Weather Averages</s>
    <s>Order Your Anaheim/OC Travel Guide</s>
    <s>Calendar of Events</s>
    <s>Current Events</s>
    <s>Ongoing/Long Term Events</s>
    <s>Deals and Discounts</s>
    <s>Free (and Almost Free) Activities</s>
    <s>Military Discounts</s>
    <s>Day Trips From Anaheim/OC</s>
    <s>Take a day to get away. Find out where you can go and what you can do all in a day's time.</s>
    <s>Happy Birthday to Us!</s>
    <s>The Anaheim/OC Visitor &amp; Convention Bureau celebrates 50 years of destination marketing.</s>
    <s>Watch Our Video</s>
    <s>Featured Events</s>
    <s>Halloween Time at Disneyland Park</s>
    <s>September 16, 2011 - October 31, 2011</s>
    <s>It's the time of year when attractions are more spooktacular, ghosts and ghouls breeze in and Disney Villains gather for the Wicked Gooey Apple AwardsCreep </s>
    <s>Read More</s>
    <s>Sep 16 - Oct 31 Halloween Time at Disneyland Park</s>
    <s>See All Events</s>
    <s>Sign Up For Our Travel Updates</s>
    <s>What's New</s>
    <s>OC Travel Tips &amp; Resources</s>
    <s>Take some work out of planning your trip to Anaheim and Orange County- we did it for youUse these helpful travel tips, websites &amp; travel apps, suggested reading and </s>
    <s>Read More</s>
    <s>Military Discounts</s>
    <s>In honoring the sacrifices and services made by the men and women of our armed forces - past and present - many Southern California organizations have put together </s>
    <s>Read More</s>
    <s>Dining on a Dime</s>
    <s>Dining on a budget can be filled with taste sensations and healthy choices. One of the best places to get the freshest local fare are Orange County's Farmers Markets. Held nearly </s>
    <s>Read More</s>
    <s>Suggested Itineraries</s>
    <s>Whatever the nature of your trip, there are plenty of options here in Anaheim/OC. If you're planning a romantic weekend getaway, spending some time with friends or taking the kids </s>
    <s>Read More</s>
    <s>OC Live Entertainment</s>
    <s>Are you looking for Live Entertainment in Orange County? We like to wind down our work week listening to live Jazz. Where will you be this weekend? Come join usThe Waterfront </s>
    <s>Read More</s>
    <s>Pelican Hill Resort Earns 2012 AAA Five Diamond Award</s>
    <s>For the third year in a row the Pelican Hill Resort in Newport Coast has earned the AAA Five Diamond Award. The award is one of the most prestigious travel ratings in the U.S.</s>
    <s>Read More</s>
    <s>Nation's First LEGOLAND® Hotel Opening Summer 2013</s>
    <s>A three-story LEGOLAND Hotel is being designed to give guests the interactive family experience that has brought success to LEGOLAND® California, SEA LIFE™ Carlsbad Aquarium and </s>
    <s>Read More</s>
    <s>Disneyland® Hotel Recognized With AAA 4-Diamond Award</s>
    <s>For the first time in 25 years, AAA has bestowed its coveted Four Diamond award upon the Disneyland® Hotel. The designation is presented to only 4 percent of the 31,000 hotel </s>
    <s>Read More</s>
    <s>Honda Center To Begin Most Extensive Improvement Project In Venue History</s>
    <s>Anaheim Arena Management, LLC, the management company for Honda Center, announced today a series of new major developments that will break ground this fall. Among the many new </s>
    <s>Read More</s>
    <s>New WestJet Service To Orange County</s>
    <s>WestJet began non-stop service from Vancouver and Calgary to Orange County, California, beginning May 2 and June 13, 2011, respectively. Launched in 2006, WestJet Vacations </s>
    <s>Read More</s>
    <s>What To Do</s>
    <s>Take a break in sunny Anaheim/Orange County to explore, play, and discover this unique Southern California destination. Smile at any one of our world-class attractions. Shop at </s>
    <s>Read More</s>
    <s>There are more attractions in the Orange County area than there are in many states. From zoos and aquariums to interactive learning centers and historic </s>
    <s>Read More</s>
    <s>Free (and Almost Free) Activities</s>
    <s>Just because you're on vacation doesn't mean you have to break the bank. Check out our list of free and almost free activities in Anaheim and OC.</s>
    <s>Read More</s>
    <s>Maps &amp; Transportation</s>
    <s>Information on the four area airports servicing Anaheim/OC, transportation options including rental cars, taxi service, airport shuttles, and public transportation and helpful </s>
    <s>Read More</s>
    <s>Theme Parks</s>
    <s>Orange County is the ideal family vacation destination and home to an array of world-class theme parks.</s>
    <s>Read More</s>
    <s>Orange County is a shopper’s dream with an oasis of shopping centers filled with an assortment of unique and trendy fashions from the latest in haute couture to casual surf wear.</s>
    <s>Read More</s>
    <s>Playdates the OC Way</s>
    <s>Cooler weather and shorter days signal that Fall is just around the corner. With school in session, parents will be looking for ways to explore, educate, and entertain their </s>
    <s>Read More</s>
    <s>Best of: OC's Hidden Gems</s>
    <s>Everyone knows that Orange County is home to Disneyland &amp; Knott's Berry Farm, tons of shopping, beautiful beaches, &amp; delicious restaurants &amp; food trucks galore. There' </s>
    <s>Read More</s>
    <s>OC Blogger Bash: A Swell Time Indeed!</s>
    <s>What do you get when you mix a &quot;Mad Men&quot; theme, 150 of SoCal's top bloggers and the Anaheim Orange County Visitor &amp; Convention Bureau? A kickin' party, that's whatThis past </s>
    <s>Read More</s>
    <s>ProstOktoberfest is Here</s>
    <s>The Oom pah pah bands play traditional polkas in their leiderhosen and the ladies in corsets serve shots of Jaeger Mister. The crowd is festive, the beers are lifted high to the </s>
    <s>Read More</s>
    <s>New Open Space In Anaheim Creates ‘BIG SKY’ Ideas</s>
    <s>Many years’ ago Joni Mitchell sang, “They paved paradise and put up a parking lot,&quot; and there certainly is a lot of that happening all over the planet. However, </s>
    <s>Read More</s>
    <s>Spotlight on: Mickey's Halloween Party</s>
    <s>Disneyland knows how bring magic like no one else on earth. And on selected evenings for the next month, they will also bring the spooky and the fun as they host Mickey’s </s>
    <s>Read More</s>
    <s>Anaheim/Orange County - Visitor Information</s>
    <s>Calendar of Events</s>
    <s>What To Do</s>
    <s>Where To Stay</s>
    <s>Where To Eat</s>
    <s>Contact Us</s>
    <s>Business Directory</s>
    <s>Meeting Hotels</s>
    <s>Event Venues</s>
    <s>Travel Trade</s>
    <s>What's New</s>
    <s>Calendar of Events</s>
    <s>Anaheim/OC Specialist</s>
    <s>What's New</s>
    <s>Press Releases</s>
    <s>Calendar of Events</s>
    <s>Media Resources</s>
    <s>Destination Overview</s>
    <s>What's New</s>
    <s>Business Directory</s>
    <s>Partner Events</s>
    <s>Become a Partner</s>
    <s>Follow Us</s>
    <s>(C) 2011 Anaheim/Orange County Visitor &amp; Convention Bureau. FAQ / Feedback / Staff Contacts / Privacy / Terms of Use</s>
  </text>
</page>
