<?xml version="1.0" encoding="UTF-8"?>
<!DOCTYPE page SYSTEM "page.dtd">
<page>
  <lang>en</lang>
  <url>http://conference.ifas.ufl.edu/tcd/sharing.htm</url>
  <title>Bridging &amp; Sharing Ideas at the Conference</title>
  <snippet>
    <s>Jan 15, 2010 59th Annual Center for Latin American Studies Conference to connect participants and track emerging themes from talks and discussions. </s>
  </snippet>
  <text>
    <s>Bridging Conservation and Development in Latin America</s>
    <s>and Africa: Changing Contexts, Changing Strategies</s>
    <s>Tropical Conservation and Development (TCD) Program</s>
    <s>59th Annual Center for Latin American Studies Conference</s>
    <s>26th Annual Center for African Studies Gwendolen M. Carter Lectures</s>
    <s>Mellon-LASA Seminar</s>
    <s>University of Florida, Gainesville, FL</s>
    <s>January 28-30, 2010 l University of Florida l Gainesville, Florida</s>
    <s>Who Should Attend</s>
    <s>Conference Topics</s>
    <s>Poster Abstracts and Displays</s>
    <s>Registration Information</s>
    <s>Travel Information</s>
    <s>Meeting Site &amp; Accommodations</s>
    <s>Conference Sponsors</s>
    <s>For More Information</s>
    <s>Bridging &amp; Sharing Ideas</s>
    <s>at the Conference</s>
    <s>Deadline for Registration is Friday, January 15, 2010.</s>
    <s>Bridging and Sharing Ideas at the Conference</s>
    <s>The overarching theme of this conference is &quot;bridging&quot;- not just regions- but ideas and strategies. At the conference we will be using some exciting online tools to provide additional platforms for participants to build these bridges. Through Twitter and ScribbleLive we hope to connect participants and track emerging themes from talks and discussions. Our goal is to promote sharing, learning and interaction not only for conference attendees, but also for those who are interested in following along in other parts of the world.</s>
    <s>Twitter provides an easy way to send comments from your phone on computer. ScribbleLive allows you to post more in-depth comments. We will also have notecards available during conference plenary sessions for those who would like to simply write down comments or questions.</s>
    <s>Please take a minute to learn how you can use these tools to post your own comments, questions, and links. We will have help desks at the conference to assist you in get started. We will have a data collection team reading your posts and tracking themes and questions as they emerge. Comments, questions and emerging discussion topics will be posted via computer monitors throughout the conference. In addition to fostering dialogue among participants, your comments and questions will help inform the small group discussion session on day 2 of the conference.</s>
    <s>Instructions on using Twitter, ScribbleLive, and Notecards</s>
    <s>Twitter.com is an online micro-blogging site where you can post short comments and questions related to the conference. Other participants will see your posts and can respond to them.</s>
    <s>Our hashtag for the conference is UFBCD</s>
    <s>Twitter Basics :</s>
    <s>1. Create an account. https://twitter.com/signup</s>
    <s>2. At your Twitter Homepage type short messages about the conference. Make sure to include UFBCD in your post.</s>
    <s>3. To read others posts about the conference type UFBCD in the search box on the right side of the Twitter Homepage screen.</s>
    <s>For answers to frequently asked questions about Twitter visit Twitter's Help Site.</s>
    <s>For a comprehensive introduction to twitter see: www.slideshare.net/Griner/the-twitter-tutorial</s>
    <s>Conference participants have already started tweeting about the conference. Search UFBCD to see what theyre saying.</s>
    <s>Scribble Live:**</s>
    <s>Scribblelive is a live blogging tool that you can use to post more in-depth comments and longer links. You can access this page here on the conference website or send and view posts here: www.scribblelive.com/Event/UFBCD. Alternatively, comments for ScribbleLive can also be e-mailed to 10924@scribblelive.com.</s>
    <s>You do not need to create an account, simply click make a comment and begin your post. A site moderator must approve your post before it goes public.</s>
    <s>Note: This site offers the feature of translating all content into Portuguese or Spanish.</s>
    <s>ScribbleLive Messageboard</s>
    <s>Paper Notecards:</s>
    <s>Not a fan of high-tech posting? Well have notecards available at the conference for you to write down your comments and questions. Our data team will post these onlineallowing you to contribute to the emerging conversation.</s>
    <s>Jeff Hoelle and John Fort</s>
    <s>Data Team Leaders</s>
    <s>Questions? Email: Jeff Hoelle (jefefla@ufl.edu) or John Fort (johndudleyfort@ufl.edu)</s>
    <s>UF/IFAS Office of Conferences and Institutes</s>
    <s>This page is designed and maintained by Greg Wilson the UF/IFAS/OCI Graphics Editor and Webmaster.</s>
  </text>
</page>
