<?xml version="1.0" encoding="UTF-8"?>
<!DOCTYPE page SYSTEM "page.dtd">
<page>
  <lang>en</lang>
  <url>http://www.fbcinc.com/ssa/</url>
  <title>Social Security Administration Small Business Procurement ...</title>
  <snippet>
    <s>Jun 24, 2011 Social Security Administration Small Business Procurement Conference The 2011 Small Business Procurement Conference is a one-day event One of the main purposes of the event is to create an opportunity for small </s>
  </snippet>
  <text>
    <s>Social Security Administration Small Business Procurement Conference</s>
    <s>June 24, 2011</s>
    <s>Altmeyer Building</s>
    <s>Baltimore, MD</s>
    <s>Directions &amp; Parking</s>
    <s>The 2011 Small Business Procurement Conference is a one-day event focusing on advocacy groups, coalitions and councils available to offer strong public policy support to small business concerns. Small business advocacy can advance the causes of small business procurement, educate entrepreneurs and help them grow and succeed. The conference format will include 4-5 briefings on how small business coalitions and councils advise, mentor and assist entrepreneurs in doing business with the federal government. The keynote speaker will be the SSA Deputy Commissioner for Budget, Finance and Management.</s>
    <s>In addition to the briefings, there will be tabletop displays from the SSA Office of Acquisition and Grants, various prime contractors and small business councils, coalitions and government advocacy organizations. Many of the large business prime contractors have a business relationship with SSA. The large business prime contractors will be seeking small businesses as potential subcontractors. One of the main purposes of the event is to create an opportunity for small business concerns to network with SSA contracting officers, prime contractors and small business advocacy groups.</s>
    <s>About SSA</s>
    <s>The Social Security Administration (SSA) is the nation’s primary income security Agency. Headed by a Commissioner, SSA and has a staff of approximately 70,000 employees. SSA delivers services through a nationwide network of over 1,400 offices, including regional offices, field offices, card centers, teleservice centers, processing centers, and hearing offices. It administers the Federal retirement, survivors and disability insurance programs, as well as security income for the aged, blind and disabled.</s>
    <s>SSA continues to be a leader in the innovative use of technology to serve the public. They continue to pursue partnerships with government and business in order to improve service delivery through shared processing or data sharing.</s>
    <s>!FBC logo</s>
    <s>(C)2011 Federal Business Council, Inc.</s>
    <s>All rights reserved.</s>
    <s>Privacy Policy</s>
  </text>
</page>
