<?xml version="1.0" encoding="UTF-8"?>
<!DOCTYPE page SYSTEM "page.dtd">
<page>
  <lang>en</lang>
  <url>http://www.ubiqus.co.uk/</url>
  <title>Ubiqus | Professional Meeting and Document Services</title>
  <snippet>
    <s>Event registration and event management software. Online registration and payment microphones. Videography. Professional conference audio recording. </s>
  </snippet>
  <text>
    <s>About Us</s>
    <s>Divisions of Ubiqus</s>
    <s>Work for Us</s>
    <s>London 2012</s>
    <s>Contact Us</s>
    <s>The Latest</s>
    <s>Ubiqus celebrates its first 20 years and announces an acquisition</s>
    <s>The group continues its expansion on the market of the translation and puts one foot in Canada. Read the press release</s>
    <s>Our services</s>
    <s>Minute taking. Summary writing. Corporate transcription services. Legal transcription services. Event reporting.</s>
    <s>Electronic Voting Systems</s>
    <s>Interactive audience response. Wireless voting keypads. Audience participation.</s>
    <s>Web marketing and access control</s>
    <s>Event registration and event management software. Online registration and payment processing. Access control. Delegate management.</s>
    <s>Personalised name badges. All shapes and sizes. Recyclable badges. Badge trays free with orders.</s>
    <s>Language translation services. Financial translation. Legal translation. Marketing translation. Medical translation. 70 languages.</s>
    <s>Language interpreting. Simultaneous interpreters. Consecutive interpreters. Interpreting booths. All major world languages.</s>
    <s>Conference Audio-Visual</s>
    <s>Conference microphone systems. Wireless microphones. Videography. Professional conference audio recording.</s>
    <s>Deaf Support Services</s>
    <s>Deaf interpreters and deaf support. British Sign Language (BSL) interpreters. Speech to Text reporters. Palantypists.</s>
    <s>Copyright (C) 131899 !Ubiqus</s>
    <s>Powered by !Kermeet | Sitemap | Harry Counsell | Westminster Sonus |</s>
  </text>
</page>
