<?xml version="1.0" encoding="UTF-8"?>
<!DOCTYPE page SYSTEM "page.dtd">
<page>
  <lang>en</lang>
  <url>http://www.simplyhired.co.uk/a/jobs/list/q-conference%2Badministrator%2B-%2Btelecoms%2B-%2Bcity%2Bof%2B...</url>
  <title>Conference Administrator - Telecoms - City of ... Jobs And ...</title>
  <snippet>
    <s>Every Conference Administrator - Telecoms - City of job and vacancy on the web. 4 jobs available. Recent Jobs: Conference Administrator - Telecoms </s>
  </snippet>
  <text>
    <s>job title, skills or company</s>
    <s>city, county or postcode</s>
    <s>Advanced Search ▪ Tips</s>
    <s>Jobs 1 - 7 of 9 from across the web</s>
    <s>conference administrator - telecoms - city of jobs and vacancies</s>
    <s>Ads by Google</s>
    <s>Sort: Relevance ▪ Date</s>
    <s>Conference Administrator - City of London - 28k </s>
    <s>Navan Fort Consulting - London, England</s>
    <s>Conference Administrator - Telecoms - City of London - £28kpa + Bonus + Benefits My winning telecoms company is looking for a Conference Administrator to join their team.</s>
    <s>From reed.co.uk - 13 days ago</s>
    <s>Share - More tools</s>
    <s>close x</s>
    <s>close x</s>
    <s>Job Summary: Conference Administrator - City of London - 28k at Navan Fort Consulting in London, England</s>
    <s>Similar Searches:</s>
    <s>Conference Administrator - City of London - 28k jobs in London</s>
    <s>Conference Administrator - City of London - 28k jobs</s>
    <s>Navan Fort Consulting jobs</s>
    <s>Conference Administrator - Telecoms - City of </s>
    <s>Navan Fort Consulting - London, England</s>
    <s>Conference Administrator - Telecoms - City of London - £28kpa + Bonus + Benefits My winning telecoms company is looking for a Conference Administrator to join their team.</s>
    <s>From reed.co.uk - 30+ days ago</s>
    <s>Share - More tools</s>
    <s>close x</s>
    <s>close x</s>
    <s>Job Summary: Conference Administrator - Telecoms - City of at Navan Fort Consulting in London, England</s>
    <s>Similar Searches:</s>
    <s>Conference Administrator - Telecoms - City of jobs in London</s>
    <s>Navan Fort Consulting jobs</s>
    <s>Meetings Co-Ordinator (to include Sales and Marketing) - City of London - 28kpa + Bonus + Benefits</s>
    <s>Ukstaffsearch - London, England</s>
    <s>Meetings Co-Ordinator (to include Sales and Marketing) - City of London - ?28kpa + Bonus + telecoms company is looking for a Meetings Co-Ordinator to join their team. This is a new </s>
    <s>From UK Staff Search - 16 days ago</s>
    <s>Share - More tools</s>
    <s>close x</s>
    <s>close x</s>
    <s>Job Summary: Meetings Co-Ordinator (to include Sales and Marketing) - City of London - 28kpa + Bonus + Benefits at Ukstaffsearch in London, England</s>
    <s>Similar Searches:</s>
    <s>Meetings Co-Ordinator (to include Sales and Marketing) - City of London - 28kpa + Bonus + Benefits jobs in London</s>
    <s>Meetings Co-Ordinator (to include Sales and Marketing) - City of London - 28kpa + Bonus + Benefits jobs</s>
    <s>Ukstaffsearch jobs</s>
    <s>Marketing Meetings Co-Ordinator - City of London - 28kpa + Bonus + Benefits</s>
    <s>Ukstaffsearch - London, England</s>
    <s>Marketing Meetings Co-ordinator - City of London - ?28kpa + Bonus + Benefits My client an etc. ? You will also complete general administrative duties, i.e. setting up new </s>
    <s>From UK Staff Search - 16 days ago</s>
    <s>Share - More tools</s>
    <s>close x</s>
    <s>close x</s>
    <s>Job Summary: Marketing Meetings Co-Ordinator - City of London - 28kpa + Bonus + Benefits at Ukstaffsearch in London, England</s>
    <s>Similar Searches:</s>
    <s>Marketing Meetings Co-Ordinator - City of London - 28kpa + Bonus + Benefits jobs in London</s>
    <s>Marketing Meetings Co-Ordinator - City of London - 28kpa + Bonus + Benefits jobs</s>
    <s>Ukstaffsearch jobs</s>
    <s>Corporate Meetings Co-Ordinator (to include Sales and Marketing) - City of London - 28kpa + Bonus + Benefits</s>
    <s>Ukstaffsearch - London, England</s>
    <s>Corporate Meetings Co-Ordinator (to include Sales and Marketing) - City of London - ?28kpa etc. ? You will also complete general administrative duties, i.e. setting up new </s>
    <s>From UK Staff Search - 16 days ago</s>
    <s>Share - More tools</s>
    <s>close x</s>
    <s>close x</s>
    <s>Job Summary: Corporate Meetings Co-Ordinator (to include Sales and Marketing) - City of London - 28kpa + Bonus + Benefits at Ukstaffsearch in London, England</s>
    <s>Similar Searches:</s>
    <s>Corporate Meetings Co-Ordinator (to include Sales and Marketing) - City of London - 28kpa + Bonus + Benefits jobs in London</s>
    <s>Corporate Meetings Co-Ordinator (to include Sales and Marketing) - City of London - 28kpa + Bonus + Benefits jobs</s>
    <s>Ukstaffsearch jobs</s>
    <s>Corporate Meetings Co-ordinator (Sales and Marketing) - City of London - 28kpa + Bonus + Benefits</s>
    <s>London, England</s>
    <s>Corporate Meetings Co-ordinator (elements of Sales &amp; Marketing) - City of London - 28kpa + lunches etc. You will also complete general administrative duties, i.e. setting up new </s>
    <s>From Bullhorn Reach - 17 days ago</s>
    <s>Share - More tools</s>
    <s>close x</s>
    <s>close x</s>
    <s>Job Summary: Corporate Meetings Co-ordinator (Sales and Marketing) - City of London - 28kpa + Bonus + Benefits in London, England</s>
    <s>Similar Searches:</s>
    <s>Corporate Meetings Co-ordinator (Sales and Marketing) - City of London - 28kpa + Bonus + Benefits jobs in London</s>
    <s>Corporate Meetings Co-ordinator (Sales and Marketing) - City of London - 28kpa + Bonus + Benefits jobs</s>
    <s>Corporate Meetings Co-Ordinator - City of Londo </s>
    <s>Navan Fort Consulting - London, England</s>
    <s>Corporate Meetings Co-Ordinator - City of London - £28kpa + Bonus + Benefits My client an etc.You will also complete general administrative duties, i.e. setting up new </s>
    <s>From reed.co.uk - 19 days ago</s>
    <s>Share - More tools</s>
    <s>close x</s>
    <s>close x</s>
    <s>Job Summary: Corporate Meetings Co-Ordinator - City of Londo at Navan Fort Consulting in London, England</s>
    <s>Similar Searches:</s>
    <s>Corporate Meetings Co-Ordinator - City of Londo jobs in London</s>
    <s>Corporate Meetings Co-Ordinator - City of Londo jobs</s>
    <s>Navan Fort Consulting jobs</s>
    <s>To simplify your job search, we have hidden jobs that are very similar to those already shown. You can repeat this search with hidden jobs included.</s>
    <s>Receive updates with the latest relevant jobs: Cancel anytime</s>
    <s>Ads by Google</s>
    <s>Create email alert</s>
    <s>Date Posted</s>
    <s>Last 24 hours</s>
    <s>Last 7 days</s>
    <s>Last 14 days</s>
    <s>Last 30 days</s>
    <s>Ukstaffsearch 5</s>
    <s>Navan Fort Consulting 3</s>
    <s>Job Type</s>
    <s>Permanent 3</s>
    <s>Recent Job Searches</s>
    <s>conference administrator - telecoms - city of </s>
    <s>Who Do I Know?</s>
    <s>Discover friends &amp; contacts who can help you land your next job. (Lunch is on you!)</s>
    <s>Connect LinkedIn | off</s>
    <s>Ads by Google</s>
    <s>Job Search About Browse Publishers Blog</s>
    <s>(C) 2011 Simply Hired, Inc. Privacy Terms</s>
    <s>South Africa Jobs</s>
    <s>Austria Jobs</s>
    <s>Belgium Jobs</s>
    <s>France Jobs</s>
    <s>Germany Jobs</s>
    <s>Ireland Jobs</s>
    <s>Italy Jobs</s>
    <s>Netherlands Jobs</s>
    <s>Portugal Jobs</s>
    <s>Russia Jobs</s>
    <s>Spain Jobs</s>
    <s>Sweden Jobs</s>
    <s>Switzerland Jobs</s>
    <s>Argentina Jobs</s>
    <s>Brazil Jobs</s>
    <s>Canada Jobs</s>
    <s>Mexico Jobs</s>
    <s>US Jobs</s>
    <s>Australia Jobs</s>
    <s>China Jobs</s>
    <s>India Jobs</s>
    <s>Japan Jobs</s>
    <s>Korea Jobs</s>
    <s>Yes, email me job leads like this one.</s>
    <s>Conference Administrator - Telecoms - City of Jobs</s>
    <s>Continue without free email updates</s>
    <s>Create a Job Email Alert</s>
    <s>Get new jobs for this search delivered to your inbox</s>
    <s>Create a free job alert by entering your email address:</s>
    <s>You can unsubscribe anytime. We respect your privacy.</s>
  </text>
</page>
