<?xml version="1.0" encoding="UTF-8"?>
<!DOCTYPE page SYSTEM "page.dtd">
<page>
  <lang>en</lang>
  <url>http://thecurrencynewshound.com/2011/10/16/iraqi-delegation-participates-in-economic-and-commercial-cooperation-of-the-organization-of-islamic-conference/</url>
  <title>Iraqi delegation participates in Economic and Commercial ...</title>
  <snippet>
    <s>1 day ago Iraqi delegation participates in Economic and Commercial </s>
  </snippet>
  <text>
    <s>Top Headlines of the Day</s>
    <s>The Web’s Only RV-O-Meter</s>
    <s>Iraq Inflation Monitor</s>
    <s>The Zero Articles Archive</s>
    <s>Iraq / Chapter VII News Archive</s>
    <s>Facebook Notes</s>
    <s>Preparing for Cash In</s>
    <s>Follow The Currency Newshound</s>
    <s>Forex &amp; Currency Converter Links</s>
    <s>The Currency Newshound</s>
    <s>TheCurrencyNewshound.com - WHERE YOU GO TO GET TODAY'S NEWS FIRST</s>
    <s>Stay updated via RSS</s>
    <s>Forex Links (IQD)</s>
    <s>Important Links</s>
    <s>(CBI) – Posted Exchange Rates</s>
    <s>Future of Iraq Project</s>
    <s>IMF–Representative Exchange Rates</s>
    <s>UN Operational Rates</s>
    <s>Social Media</s>
    <s>Search Archives</s>
    <s>Today's News Summary</s>
    <s>Reuters: CBI says core inflation 7.3% in September</s>
    <s>Economic analyst: the high inflation rate would hinder the process of investment</s>
    <s>Economist Opinion: Neglect of government behind the deterioration of the Iraqi economy</s>
    <s>Sadrists insist on the distribution of oil imports to the population</s>
    <s>Iraqi Foreign Minister invites Sec General of Arab League to visit Baghdad</s>
    <s>Iraq and US agree on the activation of the strategic framework agreement</s>
    <s>Maliki confirms the seriousness of Iraq to end the UN file</s>
    <s>Advisory board discusses practical mechanism to start implementing the reform of Iraq administrative system</s>
    <s>Iraqi Planning is seeking to activate the private sector and run the 3 million unemployed</s>
    <s>CBI calls to review the file operational budget of 2012</s>
    <s>Ministry of Planning: Rise in amounts allocated for investment projects for the current year by 3.8%</s>
    <s>Iraq prepares for celebration Oct 24th at UN Headquarters</s>
    <s>Araji: Finance Minister shows interest in implementing the demands of the chest for the distribution of oil to the Iraqi people</s>
    <s>Iraqi List sees negotiations over Erbil Agreement stalled while parliament on recess</s>
    <s>Maliki's office: US Forces withdrew air missile batteries and warplanes; Biden expected</s>
    <s>National investment is the investment activities abroad in Iraq a &quot;betrayal&quot; of the country's economy</s>
    <s>CBI Daily Currency Auction Oct 17, 2011: $202.1 million</s>
    <s>Attorney Abtan: activating the private sector will reduce the financial corruption in economic projects</s>
    <s>Jubouri: a third of Iraq's institutions administered by proxy</s>
    <s>Alshahyla: the security file was suffering from a security leaders remain unchanged</s>
    <s>Deputy for Iraq: al-Dulaimi, will remain defense minister and al-Asadi of the interior life of the government until the end of</s>
    <s>Deputy of the Committee on the economy: Enact Law to bring the acrid one investment</s>
    <s>Hassan Jihad: A delegation of Kurdistan government reach Baghdad this week .. And will sign a new agreement with Maliki</s>
    <s>Iraqi List: We did not receive a response regarding the nine candidates for Defense</s>
    <s>Erbil to Host Iraq’s Largest International Trade Fair</s>
    <s>Saudi Arabia: 7-point plan to realize a house for every Saudi</s>
    <s>Company adopts Forex mechanism in the Iraq stock exchange</s>
    <s>Iraqi delegation participates in Economic and Commercial Cooperation of the Organization of Islamic Conference</s>
    <s>Iraqi Economist: Possible global recession in 2012 however Iraq will not experience stagnation</s>
    <s>CBI Daily Currency Auction Oct 16, 2011: $172.1 million</s>
    <s>Twitter Live Feed</s>
    <s>The Currency Newshound: Iraq Inflation Monitor http://t.co/9Mt8Z8y8 /via @wordpressdotcom 12 hours ago</s>
    <s>Reuters: CBI says core inflation 7.3% in September http://t.co/AyJDrVua 12 hours ago</s>
    <s>Economist Opinion: Neglect of government behind the deterioration of the Iraqi economy http://t.co/TjEp2qlc 16 hours ago</s>
    <s>Economic analyst: the high inflation rate would hinder the process of investment http://t.co/3kyZikJ2 16 hours ago</s>
    <s>Sadrists insist on the distribution of oil imports to the population http://t.co/dFAIHkCr 17 hours ago</s>
    <s>Follow @TheCurrencyNews</s>
    <s>Follow the News on Facebook!</s>
    <s>Daily Archives</s>
    <s>October 2011</s>
    <s>M T W T F S S</s>
    <s>« Sep</s>
    <s>Video Directory</s>
    <s>Watch videos at Vodpod.</s>
    <s>Facebook Notes</s>
    <s>Follow The Currency Newshound</s>
    <s>Forex &amp; Currency Converter Links</s>
    <s>Future of Iraq Project - Unclassified (2006)</s>
    <s>Iraq / Chapter VII News Archive</s>
    <s>Iraq Inflation Monitor</s>
    <s>Preparing for Cash In</s>
    <s>The Web’s Only RV-O-Meter</s>
    <s>The Zero Articles Archive</s>
    <s>Top Headlines of the Day</s>
    <s>Network Blogs</s>
    <s>Currency Newshound / IQD News</s>
    <s>politics, currency, forex</s>
    <s>Follow my blog</s>
    <s>Follow on Facebook</s>
    <s>Just Hopin</s>
    <s>Create Your Badge</s>
    <s>Iraqi delegation participates in Economic and Commercial Cooperation of the Organization of Islamic Conference</s>
    <s>Posted: October 16, 2011 by THE CURRENCY NEWSHOUND - Just Hopin in Iraqi Dinar/Politics</s>
    <s>Tags: Baghdad, Iraq, Islam, Islamic Development Bank, Istanbul, Khairallah Hassan Babiker, Ministry of Commerce, Organisation of the Islamic Conference</s>
    <s>Iraq is a government delegation in the work of the Conference (COMCEC) in Istanbul</s>
    <s>On: Sun 10/16/2011 15:28</s>
    <s>Baghdad (news) .. to be held in the Turkish capital of Istanbul meetings of the Conference Standing Committee for Economic and Commercial Cooperation of the Organization of Islamic Conference - the COMCEC - at its twenty-seventh, and for the period from 17 to 20 of this month and part of Iraq high-level delegation headed by Minister of Trade Khairallah Hassan Babiker and includes the Director General of the Department of Foreign Economic Relations and the Department of International Organizations, Ministry of Commerce.</s>
    <s>said a press release issued by the Information Office of the Ministry of Commerce on Sunday: The trade and economy ministers of member countries in the meetings of Istanbul will discuss the Committee's agenda, which includes many important items and come in the priorities of economic developments global and the global financial crisis and high food prices and the volatility of oil price on the Islamic countries.</s>
    <s>The statement will also discuss the Trade Preferential System among the OIC Member States and raise the level of trade intra-Islamic and technical assistance to Member States to support the process of accession to the WTO and the establishment of trade fairs Islamic and that It is hoped to host Iraq show the seventh century in Baghdad, as will be discussed financial cooperation and the alleviation of poverty and the impact of transport networks on trade and tourism.</s>
    <s>It should be noted that the Iraq of the distinguished states to attend ongoing in these meetings involving many of the institutions of the Organization of Islamic cooperation, such as Islamic Development Bank and the Islamic Centre for Development of Trade and the Islamic Chamber of Commerce and Industry.</s>
    <s>Share this:</s>
    <s>Comments are closed.</s>
    <s>Iraqi Economist: Possible global recession in 2012 however Iraq will not experience stagnation</s>
    <s>Company adopts Forex mechanism in the Iraq stock exchange</s>
    <s>The Currency Newshound is an independent entity and is not affiliated with or contracted to any organization or agency, official, public or private. The Currency Newshound is soley responsible for its original content offered on this website. The information provided on The Currency Newshound is provided only to inform those who require an increase in understand about their investment in Iraqi Dinars and/or currency investing. Information provided here is shared publicly and freely. Anyone may copy, duplicate and/or paste information provided on The Currency Newshound so, long as reference links and credit to The Currency Newshound are included, without aquiring further permission. Information presented by The Currency Newshound shall not profited from as a result of said copying, duplication or pasting or any other dissemination of said information. The Currency Newshound is not compensated in any way for its services.</s>
    <s>The Currency Newshound in no way assumes any responsibility for decisions and/or opinions based on information or news collected from other agencies. The Currency Newshound and those who contribute to the site can not be held responsible for any losses incurred due to decisions you made based on any information found on this website. If you use this information to make financial decisions, you do so at your own risk. The Currency Newshound can not, will not and does not provide financial advice and none of the information found on The Currency Newshond should be construed as such. If you decide to invest, the risk is yours and yours alone. Your investment in Iraqi Dinars is an extremely high risk investment as with any currency trade. Exercise prayer and patience in your decision making process, then above all, invest wisely.</s>
    <s>© 2011 The Currency Newshound &amp; TheCurrencyNewshound.com. All Rights Reserved.</s>
    <s>Blog at WordPress.com. | Theme: Greyzed by The Forge Web Creations. Fonts on this blog.</s>
    <s>Follow The Currency Newshound</s>
    <s>Get every new post delivered to your Inbox.</s>
    <s>Join 266 other followers</s>
    <s>Powered by WordPress.com</s>
    <s>Send to Email Address Your Name Your Email Address</s>
    <s>!loading Cancel</s>
    <s>Post was not sent - check your email addresses</s>
    <s>Email check failed, please try again</s>
    <s>Sorry, your blog cannot share posts by email.</s>
  </text>
</page>
