<?xml version="1.0" encoding="UTF-8"?>
<!DOCTYPE page SYSTEM "page.dtd">
<page>
  <lang>en</lang>
  <url>https://freyr.uncg.edu/conference/lillyconference/form.jsp</url>
  <title>App Server - University Teaching &amp; Learning Center, UNCG</title>
  <snippet>
    <s>Aug 31, 2011 Presentations for the conference are selected through a peer review process that the session will stimulate active engagement of participants </s>
  </snippet>
  <text>
    <s>Skip to Main Content</s>
    <s>1. PROSPECTIVE STUDENTS</s>
    <s>2. CURRENT STUDENTS</s>
    <s>3. FACULTY &amp; STAFF</s>
    <s>4. ALUMNI</s>
    <s>5. COMMUNITY &amp; FRIENDS</s>
    <s>SITE TOOLS</s>
    <s>1. CAMPUS LINKS</s>
    <s>1. Inside UNCG</s>
    <s>2. University News</s>
    <s>3. Admissions</s>
    <s>4. Academics</s>
    <s>5. Library</s>
    <s>6. Administration</s>
    <s>7. Research &amp; Centers</s>
    <s>8. Outreach</s>
    <s>9. Non-Credit Programs</s>
    <s>10. Technology</s>
    <s>11. Arts &amp; Entertainment</s>
    <s>12. Athletics</s>
    <s>13. Employment</s>
    <s>14. Support UNCG</s>
    <s>1. Registration</s>
    <s>2. Submit Session Proposal</s>
    <s>3. Modify Session Proposal</s>
    <s>4. Evaluate Conference Sessions</s>
    <s>5. View Session Evaluation</s>
    <s>Presenters only</s>
    <s>6. Review Session Proposals</s>
    <s>Conference admins only</s>
    <s>UNCG Home &gt; Teaching &amp; Learning Center&gt; 2012 Lilly Conference</s>
    <s>Proposals will be reviewed when received. An earlier submission date will ensure an earlier response. Also note that the presentation description will appear as submitted in the conference program. The deadline for proposals in November 1, 2011.</s>
    <s>Presentations for the conference are selected through a peer review process. The 2012 Lilly Conferences on College &amp; University Teaching invite written proposals for 45-minute concurrent sessions, 75-minute workshops, and poster sessions.</s>
    <s>Proposals may be designed to be of value to both new and experienced teachers, or to one of those two groups. Because of the large number of proposals anticipated, and the time and space limitations of the conferences, it is probable that each individual will be limited to one place on the conference program. However, prospective presenters are welcome to submit more than one proposal; the conference planning committee may recommend one of the proposals over another as the program needs suggest.</s>
    <s>The following are the five primary evaluation criteria used in the review of proposals:</s>
    <s>1. Clarity and coherence of the session description and plan;</s>
    <s>2. Relevance to the Lilly Conference theme;</s>
    <s>3. Relevance to the interest of the Lilly Conference participants;</s>
    <s>4. Contributions to new or innovative practices for student and faculty development;</s>
    <s>5. Likelihood that the session will stimulate active engagement of participants</s>
    <s>Because Lilly Conferences are learning communities where each member of the community - both presenter and participant - is a valued contributor, proposal submission represents a commitment to present the session if the proposal is accepted, and to participate in the entire conference.</s>
    <s>Please complete and submit online by using the &quot;SUBMIT&quot; button. You will receive an email confirming your submission.</s>
    <s>Lilly Conference</s>
    <s>PERSONAL INFORMATION</s>
    <s>primary presenter</s>
    <s>last name:</s>
    <s>first name:</s>
    <s>middle initial:</s>
    <s>Choose a State Alabama Alaska American Samoa Arizona Arkansas California Colorado Connecticut Delaware District Of Columbia Fed. States of Micronesia Florida Georgia Guam Hawaii Idaho Illinois Indiana Iowa Kansas Kentucky Louisiana Maine Marshall Islands Maryland Massachusetts Michigan Minnesota Mississippi Missouri Montana Nebraska Nevada New Hampshire New Jersey New York North Carolina North Dakota Northern Mariana Is Ohio Oklahoma Oregon Palau Pennsylvania Oregon Puerto Rico Rhode Island South Carolina South Dakota Tennessee Texas Utah Vermont Virgin Islands Virginia Washington West Virginia Wisconsin Wyoming</s>
    <s>zip code</s>
    <s>additional presenters</s>
    <s>please list their names and</s>
    <s>their institution and department</s>
    <s>(if different from primary presenter)</s>
    <s>AMOUNT OF TIME / TYPE OF SESSION REQUESTED</s>
    <s>45-minute Individual or Team Presentation</s>
    <s>Present and explain your work using active discussion and learning strategies to engage your audience.</s>
    <s>75-minute Workshop</s>
    <s>Involve your participants in an interactive session using hands-on teaching practices to address your topic.</s>
    <s>Poster Session</s>
    <s>Share an overview of your work-in-progress. Tables and boards will be available for displaying your work.</s>
    <s>FEATURED TRACK SELECTION</s>
    <s>Select a Track Advancing Active Learning Teaching Well with Technology Engaging and Motivating Students Promoting Diversity Service/Experiential Learning Scholarship of Teaching and Learning Faculty Development</s>
    <s>AUDIO / VISUAL REQUIREMENTS</s>
    <s>Slide Projector</s>
    <s>Video Cassette Player and Monitor</s>
    <s>Overhead Projector and Screen</s>
    <s>Flip Chart</s>
    <s>All rooms will be equipped with a laptop, video/data projector and wireless Internet access.</s>
    <s>Presentation Title:</s>
    <s>Presentation Objectives:</s>
    <s>Presentation Activities:</s>
    <s>Relevant Bibliographic Citations on Topics:</s>
    <s>Presentation Description:</s>
    <s>(75 words maximum)</s>
    <s>This description will appear in the conference program.</s>
    <s>I understand that the Lilly Conferences are learning communities where each member of the community - both presenter and participant - is a valued contributor and that my proposal submission represents a commitment on my part to present the session if the proposal is accepted, and to participate in the entire conference.</s>
    <s>I agree</s>
    <s>Page updated: 31 - Aug - 2011</s>
    <s>University Teaching &amp; Learning Center, UNCG</s>
    <s>134 McIver Building</s>
    <s>Greensboro, NC 27402-6170</s>
    <s>VOICE 336.334.5078</s>
    <s>FAX 336.334.3014</s>
    <s>EMAIL utlc@uncg.edu</s>
  </text>
</page>
