<?xml version="1.0" encoding="UTF-8"?>
<!DOCTYPE page SYSTEM "page.dtd">
<page>
  <lang>en</lang>
  <url>http://physicsworld.com/cws/event/16668</url>
  <title>Event details: II International Conference for Young Scientists LOW ...</title>
  <snippet>
    <s>The Conference program will include invited talks by leading experts in the Conference fees: The Conference fee is 35 EUR for foreign participants paid in the </s>
  </snippet>
  <text>
    <s>Skip to the content</s>
    <s>] A website from the Institute of Physics</s>
    <s>Sign in</s>
    <s>Forgotten your password?</s>
    <s>Sign up</s>
    <s>Contact us</s>
    <s>Filter by topic Please select… Astronomy, astrophysics &amp; cosmology Atomic, molecular &amp; optical physics Biological &amp; medical physics Condensed matter Culture, history &amp; society Geophysics &amp; environmental physics Instrumentation &amp; measurement Nuclear &amp; particle physics Plasma &amp; fusion Statistical, mathematical &amp; computational physics</s>
    <s>In depth</s>
    <s>Buyer's guide</s>
    <s>Current events</s>
    <s>New events</s>
    <s>All events</s>
    <s>Add an event</s>
    <s>Browse events</s>
    <s>Type of event</s>
    <s>All types conferences schools workshops exhibitions lectures/talks courses conferences/exhibitions January February March April May June July August September October November December 2011 2012 2013 2014 2015 2016</s>
    <s>Online lecture</s>
    <s>!Jim Al-Khalili</s>
    <s>On the Shoulders of Eastern Giants</s>
    <s>Free online lecture about the forgotten contributions of medieval physicists, presented by Jim Al-Khalili</s>
    <s>Register now</s>
    <s>Corporate video</s>
    <s>&quot;Multiphysics simulations&quot; by COMSOL</s>
    <s>Learn more - view video</s>
    <s>Contact us for advertising information</s>
    <s>About this event</s>
    <s>Web site</s>
    <s>6-10 Jun 2011</s>
    <s>Kharkov, Kharkov, Ukraine</s>
    <s>Registration deadline</s>
    <s>Apr 11, 2011</s>
    <s>B. Verkin Institute for Low Temperature Physics and Engineering</s>
    <s>Contact address</s>
    <s>I. Olga Yuzephovich</s>
    <s>47, Lenin ave.</s>
    <s>II International Conference for Young Scientists LOW TEMPERATURE PHYSICS (ICYS–LTP–2011)</s>
    <s>The Council of Young Scientists of B.Verkin Institute for Low Temperature Physics and Engineering (ILTPE) of the National Academy of Sciences of Ukraine is organizing the 2nd International Conference of Young Scientists &quot;Low Temperature Physics&quot; ICYS-LTP-2011 to be held on June 6-10, 2011.</s>
    <s>The Conference subjects are low and ultralow temperature physics; solid state physics, nanophysics and nanotechnology (include nanobiophysics) at low temperature; low temperature material science problems; modern aspects of mathematics.</s>
    <s>Students, PhD students, young teachers, and young researchers aged under 35 years and working in the fields of experimental and theoretical physics as well as mathematics are invited to take part in the Conference. The Conference program will include invited talks by leading experts in the field of low temperature physics from Ukraine and abroad.</s>
    <s>Conference Venue: Ukraine, Kharkov 61103, 47 Lenin Ave., B. Verkin Institute for Low Temperature Physics and Engineering NAS of Ukraine.</s>
    <s>Languages - English for abstracts and visual presentations of reports; English, Ukrainian, and Russian for oral presentations.</s>
    <s>Forms of participation - oral presentations (15 min. talk), posters (format А1).</s>
    <s>Conference materials - book of abstracts.</s>
    <s>Conference fees: The Conference fee is 35 EUR for foreign participants paid in the Ukrainian national currency at the National Bank exchange rate and 100 UAH for Ukrainian participants. The Conference fee is to be paid during the registration.</s>
    <s>Privacy Policy</s>
    <s>Terms and Conditions</s>
    <s>IOP Group</s>
    <s>Environmental Policy</s>
    <s>In depth</s>
    <s>All content RSS feed</s>
    <s>News RSS feed</s>
    <s>Blog RSS feed</s>
    <s>In depth RSS feed</s>
    <s>Multimedia RSS feed</s>
    <s>Events RSS feed</s>
    <s>Companies RSS feed</s>
    <s>Products RSS feed</s>
    <s>*10 Jun 2011: 2011-06-10</s>
  </text>
</page>
