<?xml version="1.0" encoding="UTF-8"?>
<!DOCTYPE page SYSTEM "page.dtd">
<page>
  <lang>en</lang>
  <url>http://topics.dallasnews.com/article/0ecca1t1Qm9Xj%3Fq%3DHot%2BTopic%252C%2BInc.</url>
  <title>Hot Topic Tonight!!! Free Conference Call: Understanding Money ...</title>
  <snippet>
    <s>Description: We are all invested in the currency of Iraq. The more you understand about Money, the Currency Market and the Energy of Money, the better you </s>
  </snippet>
  <text>
    <s>1. Topics</s>
    <s>2. Hot Topic, Inc.</s>
    <s>3. Story</s>
    <s>Powered by</s>
    <s>!Wordpress.com: United Nation logo Wordpress.com: United Nation 3 weeks ago</s>
    <s>Hot Topic Tonight!!Free Conference Call: Understanding Money - Currency 101</s>
    <s>Description: We are all invested in the currency of Iraq. The more you understand about Money, the Currency Market and the Energy of Money, the better you will understand your investment and knowledge is powerEmpower Yourself with this understanding Full Article at Wordpress.com: United Nation</s>
    <s>Dallas Morning News stories</s>
    <s>There are no results for this module. Edit the module to change the search term used to query related articles.</s>
    <s>From the Web</s>
    <s>1. !New York Observer logo</s>
    <s>Occupy Comic Con: The 40 Hottest Nerds, Fanboys, and Cosplayers in New York [Slideshow]</s>
    <s>13 hours ago</s>
    <s>2. !Altsounds.com logo</s>
    <s>blessthefall debuts 31 on Billboard Top 200!</s>
    <s>3 days ago</s>
    <s>3. !Glen Cove Patch logo</s>
    <s>Glen Cove Parks: A Hot Topic at Town Hall</s>
    <s>3 days ago</s>
    <s>4. !The News Herald logo</s>
    <s>DOCTOR TO PATIENT: National Mammography Day is coming</s>
    <s>3 days ago</s>
    <s>5. !College Fashion .Net logo</s>
    <s>Coupons &amp; Sales: Week of 10/14/11</s>
    <s>3 days ago</s>
    <s>6. !Timbuktu Chronicles logo</s>
    <s>Niebe flour, a self raising business</s>
    <s>3 days ago</s>
    <s>View all Related Articles »</s>
    <s>Share this page</s>
    <s>Share on Facebook</s>
    <s>Your NameYour EmailRecipient's Email*(separated by commas) Message I want to share &quot;Hot Topic Tonight!!Free Conference Call: Understanding Money - Currency 101 | News for Dallas, Texas | Dallas Morning News&quot; via DallasNews.com with you.</s>
    <s>Send Done</s>
    <s>Share on Twitter</s>
    <s>Search Topics</s>
    <s>All Content</s>
    <s>Related Photos</s>
    <s>!HOLLYWOOD, CA - MAY 14: A general view of atmosphere at 'Pirates of the Caribbean: On Stranger Tides' Themed 'Pirates Day' at Hot Topic on May 14, 2011 in Hollywood, California.</s>
    <s>!HOLLYWOOD, CA - FEBRUARY 12: Dianna Agron at 'I Am Number Four' Cast Event held at Hot Topic on February 12, 2011 in Hollywood, California.</s>
    <s>!PARAMUS, NJ - JANUARY 30: Ian Somerhalder and the cast of ''The Vampire Diaries'' visit Hot Topic at the Garden State Plaza on January 30, 2010 in Paramus, New Jersey.</s>
    <s>!HOLLYWOOD - JANUARY 09: Ke$ha attends her in-store signing for her new CD 'Animal' at Hot Topic at Hollywood and Highland on January 9, 2010 in Hollywood, California.</s>
    <s>!LOS ANGELES, CA - SEPTEMBER 16: Actress Megan Fox appears at the 'Jennifer's Body' Hot Topic Fan Event at Hollywood and Highland on September 16, 2009 in Los Angeles, California.</s>
    <s>!LOS ANGELES, CA - SEPTEMBER 16: (L-R) Actors Megan Fox, Johnny Simmons, Amanda Seyfried and Adam Brody pose at the 'Jennifer's Body' Hot Topic Fan Event at Hollywood and Highland on September 16, 2009 in Los Angeles, California.</s>
    <s>!LOS ANGELES, CA - SEPTEMBER 16: (L-R) Writer Diablo Cody, director Karyn Kusama and actress Megan Fox pose at the 'Jennifer's Body' Hot Topic Fan Event at Hollywood and Highland on September 16, 2009 in Los Angeles, California.</s>
    <s>!LOS ANGELES, CA - SEPTEMBER 16: (L-R) Writer Diablo Cody, director Karyn Kusama, actors Megan Fox, Johnny Simmons and Amanda Seyfried pose at the 'Jennifer's Body' Hot Topic Fan Event at Hollywood and Highland on September 16, 2009 in Los Angeles, California.</s>
    <s>!FILE - In this Jan. 29, 1998 file photo, Iraqi Deputy Premier Tariq Aziz, left, greets President Saddam Hussein on Eid al-Fitr, the end of Ramadan in Baghdad, Iraq. Iraq's deputy justice minister says U.S. authorities have handed over 55 members of Saddam Hussein's former regime, including the </s>
    <s>Cast of Characters</s>
    <s>1. Hot Topic, Inc.</s>
  </text>
</page>
