<?xml version="1.0" encoding="UTF-8"?>
<!DOCTYPE page SYSTEM "page.dtd">
<page>
  <lang>en</lang>
  <url>http://www.ur.com/index.php/investor/</url>
  <title>United Rentals - Investor Relations</title>
  <snippet>
    <s>Home &gt; Investor Relations Third Quarter 2011 Conference Call and Audio Webcast, Wednesday, October 19, 2011 at 11:00 a.m. (ET) The presentation, which is scheduled to begin at 10:00 a.m. (EDT), will be Office: 203 618 7318 </s>
  </snippet>
  <text>
    <s>Rental Quote Requests</s>
    <s>Access E-Rentals</s>
    <s>Home &gt; Investor Relations</s>
    <s>Investor Relations</s>
    <s>Annual Report</s>
    <s>Meeting Proxy</s>
    <s>Investor Events</s>
    <s>Investor Presentations</s>
    <s>Branch Visits</s>
    <s>Conference Calls</s>
    <s>Research Coverage</s>
    <s>SEC Filings</s>
    <s>Stock Quote</s>
    <s>Corporate Governance</s>
    <s>In the News</s>
    <s>Mission Statement</s>
    <s>October 4, 2011</s>
    <s>Third Quarter 2011 Conference Call and Audio Webcast, Wednesday, October 19, 2011 at 11:00 a.m. (ET)</s>
    <s>September 22, 2011</s>
    <s>United Rentals to Present at the Oppenheimer 6th Annual Industrials Conference</s>
    <s>Read More News &gt;&gt;</s>
    <s>Investor Relations (URI: NYSE)</s>
    <s>Investor Relations Spotlight</s>
    <s>United Rentals to Present at the Oppenheimer 6th Annual Industrials Conference, Tuesday, September 27, 2011</s>
    <s>The presentation, which is scheduled to begin at 10:00 a.m. (EDT), will be available via the following link: http://www.veracast.com/webcasts/opco/industrials2011/06204387.cfm.</s>
    <s>United Rentals to Present at the 2011 Citi Global Industrials Conference, Thursday, September 22, 2011</s>
    <s>The presentation, which is scheduled to begin at 9:40 a.m. (EDT), will be available via the following link: http://www.veracast.com/webcasts/citigroup/industrials2011/22203213.cfm.</s>
    <s>United Rentals is the world's largest equipment rental company. We serve a diverse customer base with branches throughout the United States and Canada.</s>
    <s>We are listed on the New York Stock Exchange under the stock quote symbol URI.</s>
    <s>We are a member of the Standard &amp; Poor's MidCap 400 Index and part of the Russell 2000 Index.</s>
    <s>Investment professionals may contact:</s>
    <s>Fred Bratman</s>
    <s>Senior Vice President - Corporate Communications and Investor Relations</s>
    <s>Office: 203 618 7318</s>
    <s>Mobile: 917 847 4507</s>
    <s>Investor Events</s>
    <s>Learn about upcoming United Rentals presentations.</s>
    <s>Branch Visits</s>
    <s>Schedule a branch visit.</s>
    <s>Conference Calls</s>
    <s>Listen to recent financial updates.</s>
    <s>Research Coverage</s>
    <s>View our analyst coverage list.</s>
    <s>SEC Filings</s>
    <s>Download the latest 10-Qs, 10-Ks, 8-Ks, S-1s, and other filings.</s>
    <s>!Rent Equipment</s>
    <s>About United Rentals</s>
    <s>Service Center</s>
    <s>Investor Relations</s>
    <s>In The News</s>
    <s>Terms of Use</s>
    <s>Privacy Policy</s>
    <s>Copyright (C) 2011 United Rentals, Inc.</s>
  </text>
</page>
