<?xml version="1.0" encoding="UTF-8"?>
<!DOCTYPE page SYSTEM "page.dtd">
<page>
  <lang>en</lang>
  <url>http://gc.aau.org/progra.php</url>
  <title>Programme - AAU 12th General Conference</title>
  <snippet>
    <s>AAU Executive Board Meeting Meeting of the Project Steering Committee - AAU Capacity Development Project for the 15.30 - 16.00 Tea/Coffee Break </s>
  </snippet>
  <text>
    <s>Back to AAU Main Page</s>
    <s>Tel: +233-21-774495/761588</s>
    <s>Email: info@aau.org</s>
    <s>THURSDAY APRIL 30 &amp; FRIDAY MAY 1, 2009</s>
    <s>&gt; • AAU Executive Board Meeting</s>
    <s>SATURDAY MAY 2, 2009</s>
    <s>&gt; • Meeting of the Project Steering Committee - AAU Capacity Development Project for the Revitalization of African Higher Education Institutions (AAU-CADRE)</s>
    <s>• Meeting of Organising Committees</s>
    <s>SUNDAY MAY 3, 2009</s>
    <s>09.00 - 12.30 Registration of participants</s>
    <s>14.30 - 18.00 Registration continues</s>
    <s>17.30 Meeting of Elections Committee</s>
    <s>MONDAY MAY 4, 2009</s>
    <s>08.00 - 09.00 Registration continues</s>
    <s>09.00 - 10.30 OPENING CEREMONY</s>
    <s>Chair: H.E. Umaru Musa Yar'dua, President of the Federal Republic of Nigeria</s>
    <s>&gt; &gt; &gt; • Welcome Address by Prof. Nuhu Yaqub</s>
    <s>Vice Chancellor, University of Abuja, Nigeria</s>
    <s>• Statement by Prof. Njabulo Ndebele</s>
    <s>President of AAU</s>
    <s>• Goodwill Messages</s>
    <s>• Address and Opening by H.E. Umaru Musa Yar'dua, President of the Federal Republic of Nigeria</s>
    <s>• Vote of thanks by Prof. Ishaq Oloyede</s>
    <s>Vice Chancellor, University of Illorin, Nigeria</s>
    <s>10.30 - 11.30 Group Photograph</s>
    <s>&gt; &gt; &gt; Tea/Coffee Break</s>
    <s>11.30 - 13.00 AAU BUSINESS SESSION I</s>
    <s>&gt; &gt; &gt; Chair: Prof. Njabulo Ndebele, President, AAU</s>
    <s>• Adoption of Programme of the General Conference</s>
    <s>• Adoption of the Rules of Procedure</s>
    <s>• Election of the Bureau</s>
    <s>• Approval of Rules of Procedure for Elections of President, Vice-Presidents &amp; Members of the Executive Board</s>
    <s>• Membership of Elections Committee</s>
    <s>• Constitution of Working Groups &amp; Election of Chairpersons of the Groups</s>
    <s>• Appointment of Convenors for Regional Caucuses</s>
    <s>13.00 - 14.30 Lunch</s>
    <s>14.30 - 18.30 CONFERENCE OF RECTORS, VICE-CHANCELLORS AND PRESIDENTS OF AFRICAN UNIVERSITIES (COREVIP)</s>
    <s>&gt; &gt; Chair: Prof. Njabulo Ndebele, President, AAU</s>
    <s>14.30 - 15.30 Overview of Nigerian Higher Education</s>
    <s>&gt; &gt; Prof. Julius Okojie, Executive Secretary</s>
    <s>National Universities Commission, Nigeria</s>
    <s>15.30 - 16.00 Tea/Coffee Break</s>
    <s>16.00 - 17.30 Keynote Addresses:</s>
    <s>&quot;Sustainable Development in Africa: The Role of Higher Education&quot;</s>
    <s>&gt; &gt; &gt; • Dr. Kevin Urama, Executive Director African Technology Policy Studies Network, Kenya</s>
    <s>• Prof Jeffrey Sachs, Director of Earth Institute, Columbia University (video presentation)</s>
    <s>17.30 - 18.30 Sub-Regional Caucuses for Executive Board Elections (by invitation)</s>
    <s>19.00 - 21.00 Welcome Reception hosted by Universities of Abuja and Ilorin</s>
    <s>TUESDAY MAY 5, 2009</s>
    <s>Theme: &quot;Sustainable Development in Africa: The Role of Higher Education&quot;</s>
    <s>08.30 - 10.30 Scientific Session I</s>
    <s>&gt; &gt; &gt; Chair: Prof. Shamsudeen Amali, Vice President, AAU</s>
    <s>08.30 - 09.30 International Perspectives on Higher Education for</s>
    <s>&gt; &gt; &gt; Sustainable Development in Africa</s>
    <s>&gt; &gt; &gt; o UNIDO - Mr. M. Masushita, UNIDO representative Abuja</s>
    <s>o The Earth Charter - Prof. Peter Blaze Corcoran, Director of the Center for Environmental and Sustainability Education, Gulf Coast University, Florida, USA</s>
    <s>o UNEP - Dr. Akpezi Ogbuigwe, Head, Environmental Education and Training Unit</s>
    <s>09.30 - 10.30 Discussion</s>
    <s>10.30 - 11.00 Tea/Coffee Break</s>
    <s>11.00 - 12.00 Scientific Session II</s>
    <s>&gt; &gt; Chair: Prof. Matthew Aduol, Vice President, AAU</s>
    <s>&gt;&gt; National Examples on Shaping Higher Education for Sustainable Development</s>
    <s>• Brazil: Prof. Ziole Zanato Mahaldas, Federal University of Parana (UFRU), Brazil</s>
    <s>• Japan: Dr. Yuto Kitamura, Nagoya University, Japan</s>
    <s>• South Africa: Prof. Heila Lotz-Sisitka, Rhodes University, South Africa</s>
    <s>12.00 - 12.30 Discussion</s>
    <s>12.30 - 14.00 Lunch</s>
    <s>14.00 - 18.00 GROUP SESSIONS</s>
    <s>GROUP A:</s>
    <s>Chair: Prof. John Tarrant</s>
    <s>Secretary General, ACU</s>
    <s>GROUP B:</s>
    <s>Chair: Dr. Akpezi Ogbuigwe</s>
    <s>Head, Environment Education</s>
    <s>and Training, UNE</s>
    <s>- TESSA OER: A Sustainable Approach to Teacher</s>
    <s>Education in Sub-Saharan Africa</s>
    <s>- Jophus Anamuah-Mensah</s>
    <s>- A House with Twenty-Five Front Doors: Practical Teaching and Learning for Sustainable Development in Africa</s>
    <s>- William R. Godfrey</s>
    <s>- Rethinking University Education in Kenya: The Case for ESD in Higher Education</s>
    <s>- Gitile J. Naituli et al</s>
    <s>- The Curriculum as a Living Document for Achieving</s>
    <s>Education for Sustainable Development</s>
    <s>- Joe O. Akinmusuru</s>
    <s>- Sustainable Cultural and Nature- based Tourism Development in Higher Education</s>
    <s>- Matilda De Beer</s>
    <s>- Sustainable Development and the Role of Students in Africa</s>
    <s>- Oludare Ogunlana</s>
    <s>-Greening the Campus: Participatory approaches from Canada</s>
    <s>- Anthony Petroutsas</s>
    <s>- Greening the Campus Environment: The University of Ilorin Experience</s>
    <s>- Is-haq O. Oloyede, K. L. Ayorinde and F.A. Oladele</s>
    <s>- La logique controversee des universites africaines dans la promotion du developpement durable : les universites, entre theories protectrices et pratiques</s>
    <s>destructrices de l'environnement</s>
    <s>- Moussa Mbegnouga</s>
    <s>- Building capacity for innovation in Africa's largest and most diverse industry: universities in agricultural</s>
    <s>learning platforms</s>
    <s>- Ralph von Kaufmann et al</s>
    <s>- Gestion integree et developpement durable des zones cotieres ouest africaines : l'experience et le projet de la Chaire de l'UCAD</s>
    <s>- Alioune Kane</s>
    <s>- Sustainable Paths In Higher Education</s>
    <s>- Valtencir Maldonado</s>
    <s>&gt; Wednesday MAY 8, 2009</s>
    <s>09.00 - 10.00 AAU African Higher Education Award</s>
    <s>10.00 - 10.30 Tea/Coffee Break</s>
    <s>10.30 - 13.00 GROUP SESSIONS</s>
    <s>GROUP C:</s>
    <s>Chair: Prof. Heila Lotz-Sisitka,</s>
    <s>Rhodes University, South Africa</s>
    <s>GROUP D:</s>
    <s>Chair: Prof. Alioune Kane, Universite Cheikh Anta Diop, Senegal</s>
    <s>-Higher Education for Sustainable Development in China</s>
    <s>- Dongjie Niu et al</s>
    <s>- A model for building sustainable academic research - African Higher Education Research Online (AHERO)</s>
    <s>- Shehaamah Mohamed</s>
    <s>- The Challenges of Financing Research in Higher Education in Africa</s>
    <s>- Ngotho Wa Kariuki</s>
    <s>- Strengthening Natural Science Research and Education in African Universities</s>
    <s>- Marilyn Pifer</s>
    <s>- Facilitating Entrepreneurial Competence for Informal Sector Development: Challenges and Insight into the Cameroon Tertiary Sector</s>
    <s>- Fomba Emmanuel Mbebeb</s>
    <s>- Achieving Sustainability Compliance in Higher Education in Nigeria</s>
    <s>- Iyenemi Ibimina Kakulu &amp; B. B. Fakae</s>
    <s>- A Rural Clinical School as Leverage For Sustainable Rural Development: An Opportunity for the University of Stellenbosch's Health Sciences Faculty</s>
    <s>- Therese Fish</s>
    <s>- Engaging Communities in soil fertility management for Sustainable Agricultural Production: Case studies</s>
    <s>from Kakamega and Nakuru districts</s>
    <s>- F.N. Wegulo et al</s>
    <s>- From Footprinting to Sustainability: A Pedagogy of Hope</s>
    <s>- H. Russel Botman</s>
    <s>13.00 - 14.00 Lunch</s>
    <s>FREE AFTERNOON AND EVENING</s>
    <s>THURSDAY MAY 7, 2009</s>
    <s>08.30 - 10.00 PLENARY SESSION III</s>
    <s>Chair : Prof Njabulo Ndebele, President, AAU</s>
    <s>08.30 - 09.30 Report from Group Session Chairs</s>
    <s>09.30 - 10.00 Discussion</s>
    <s>10.00 - 10.30 Tea/Coffee Break</s>
    <s>10.30 - 13.00 PARALLELL EVENTS</s>
    <s>&gt; &gt; &gt; AAU Programmes</s>
    <s>&gt;&gt;&gt; • Research and Education Networking Unit</s>
    <s>• Database of African Theses and Dissertations</s>
    <s>• HIV/AIDS</s>
    <s>• Quality Assurance and Harmonisation of Higher Education</s>
    <s>13.00 - 14.00 Lunch</s>
    <s>14.00 - 15.30 PARALLEL EVENTS</s>
    <s>&gt; &gt; &gt; • Regional Centres of Expertise by the Institute of Advanced Studies of the United Nations University, Japan</s>
    <s>• Global Master's in Development Studies for Development Professionals by the Earth Institute, Columbia University, USA</s>
    <s>16.00 - 17.30 Meeting of &quot;Friends of AAU&quot; (by invitation)</s>
    <s>17.30 - 18.30 Meeting of Sub-Regional Caucuses for Executive Board Elections</s>
    <s>FRIDAY MAY 8, 2009</s>
    <s>08.30 - 10.30 AAU BUSINESS SESSION II</s>
    <s>&gt; &gt; Chair: Prof. Njabulo Ndebele, President, AAU</s>
    <s>&gt; &gt; &gt; • Executive Board Resolutions for Ratification</s>
    <s>&gt;&gt;&gt;&gt; - Admission of New Members 2005-2008</s>
    <s>- Amendments to the Bye-Laws</s>
    <s>&gt;&gt;&gt; • Proposed Amendments to the Constitution of the AAU</s>
    <s>• Proposed Amendments to the Bye-Laws of the AAU</s>
    <s>• Report of the Executive Board to the General Conference</s>
    <s>• Core Programme 2009-2013</s>
    <s>&gt;&gt;&gt; • Any Other Business</s>
    <s>10.30 - 11.00 Tea/Coffee Break</s>
    <s>11.00 - 12.30 Discussion of AAU reports in Working Groups</s>
    <s>12.30 - 14.00 Lunch</s>
    <s>14.00 - 16.00 PLENARY SESSION IV</s>
    <s>&gt; Chair: Prof. George Magoha, Member, Executive Board, AAU</s>
    <s>14.00 - 15.30 Presentation and Discussion of Reports of Working Groups</s>
    <s>15.30 - 16.00 Reports from Parallel Events</s>
    <s>16.00 - 16.15 Tea/Coffee Break</s>
    <s>16.15 - 17.00 Presentation of the Report of the General Conference by the Rapporteur-General and</s>
    <s>Adoption of Report</s>
    <s>&gt; &gt; &gt; Chair: Prof. Njabulo Ndebele, President, AAU</s>
    <s>17.00 - 18.00 ELECTION OF PRESIDENT,VICE-PRESIDENTS AND MEMBERS OF THE EXECUTIVE</s>
    <s>&gt; &gt; &gt; • Reports from the Elections Committee and Election of 1. The President. 2. The 3 Vice-Presidents. 3. Members of the Executive Board.</s>
    <s>18.00 CLOSING CEREMONY</s>
    <s>&gt; &gt; Chair: Prof. Njabulo Ndebele, AAU President</s>
    <s>&gt; &gt; • Closing Address by Prof. Ishaq Oloyede</s>
    <s>Vice Chancellor, University of Ilorin, Nigeria</s>
    <s>• Address by newly-elected President of the AAU</s>
    <s>• Vote of Thanks - Prof. Goolam Mohamedbhai, AAU Secretary-General</s>
    <s>• Closing Remarks by Prof. Njabulo Ndebele Out-going AAU President</s>
    <s>19.00 Meeting of newly-elected Executive Board</s>
    <s>19.30 Closing Reception hosted by the AAU</s>
    <s>SATURDAY MAY 9, 2009</s>
    <s>&gt; &gt; Excursion/Departure</s>
    <s>Back to Top</s>
    <s>Copyright (C) 1997 - 2008 Association of African Universities, P. O. Box AN5744, Accra-North, Ghana.</s>
  </text>
</page>
