<?xml version="1.0" encoding="UTF-8"?>
<!DOCTYPE page SYSTEM "page.dtd">
<page>
  <lang>en</lang>
  <url>http://newsletter.iacac.org/2011/03/conference-update/</url>
  <title>Update from the Conference Chair</title>
  <snippet>
    <s>Update from the Conference Chair. IACAC Conference 2011 - Going the Extra Mile for Students In the season of St. Patrick&#39;s Day, I feel so lucky to be a College </s>
  </snippet>
  <text>
    <s>IACAC Home</s>
    <s>Newsletter Home</s>
    <s>Movers &amp; Shakers</s>
    <s>Submit an Article</s>
    <s>IACAC Newsletter</s>
    <s>Update from the Conference Chair</s>
    <s>!IACAC Conference 2011 - Going the Extra Mile for StudentsIn the season of St. Patrick’s Day, I feel so lucky to be a College Counselor!  Every day I get to help students plan for their future.  As a group, we are fortunate that we have each other for help, advice, encouragement or even a much needed laugh.  As both a celebration of our hard work and an opportunity to enrich our knowledge, the conference chairs are eagerly preparing for our annual conference, “Going the Extra Mile for Students.” You will see that many things are the same; however, the conference chairs have some exciting surprises in store for you during May 4-6th at The Westin in Itasca.</s>
    <s>Opening Speaker</s>
    <s>IACAC is very excited to announce the opening speaker, Dr. Rob Kelly.</s>
    <s>!Robert Kelly, Ph.D. Loyola University ChicagoRobert Kelly is the Vice President for Student Development and clinical professor of higher education at Loyola University Chicago, the largest of the Jesuit Universities.  Previously he served in a similar role at Seattle University.  In his role he provides leadership for the advocacy, development and coordination of co-curricular and spiritual initiatives, services and activities to promote the academic, personal and professional development of all students.  Prior to these positions, he served as Assistant Vice President at Seattle University, Associate Dean of Students at The University of Vermont and Coordinator of the Academic Integrity at The University of Maryland.  Rob received his Ph.D. in Education Policy and Leadership from the University of Maryland, his master’s degree in Higher Education and Student Affairs Administration from The University of Vermont and a Bachelors degree in Political Science, from Loyola College in Maryland, where he serves on the Academic Affairs Committee of the Board of Trustees. Dr. Kelly’s research focuses on the areas of administrative ethical decision-making in Higher Education and the ways in which college students’ experiences with diversity prepare them for active citizenship and leadership.</s>
    <s>Be a volunteer for registration or evaluations. We have plenty of spaces to fill and these committees won’t take too much of your timeSigning up is as easy as filling out this online form.</s>
    <s>Project Reach and Sister Schools Project</s>
    <s>!Project ReachThe Project Reach co-chairs are working on deciding who the next recipient will be. We hope to touch the lives of many students so please consider &quot;going the extra mile&quot; and donating school supplies and college counseling items.</s>
    <s>This year, the Mentorship Committee has taken on a new project to help fellow counseling offices. The Sister Schools Project is a chance for counseling offices to donate their gently used or extra college guides and materials to schools that don’t have as many resources for their students. Please bring extra materials to conference, as there will be an opportunity to swap as needed. If you have any questions, please contact Anne Kremer, Nate Bargar, or Allegra Giulietti-Schmitt.</s>
    <s>Raffle Donations</s>
    <s>!Donate a silent auction basket for the IACAC ConferenceEach year, IACAC holds a silent auction during its annual conference to help raise funds to support our educational programs. We are now accepting donations, gift baskets and gift cards for the silent auction and would love your support!</s>
    <s>Please start by submitting your donation description. Then, please mail your donation by April 8, 2011 to: Courtney Wallace, 1416 B Skyridge Drive, Crystal Lake, IL 60014.</s>
    <s>For any questions or concerns you may contact the Raffle Co-Chairs: Courtney Wallace, (815) 236-3256, or Michelle DeFranco, (630) 617-3086.</s>
    <s>Sponsorship Opportunities</s>
    <s>!Conference 2011 Project Screen SponsorshipThis year's Conference will have an exciting addition: the Conference Social Media &amp; Communications Committee will be providing two large projectors and screens in the ballroom that will display information about upcoming Conference events, recap IACAC achievements throughout the year, and IACAC trivia before and after lunch and other meetings.</s>
    <s>This new feature will provide an excellent opportunity to get your institution's name and logo out in front of a large audience during peak Conference times. If you are interested in sponsoring, please contact Laura Docherty, Fenwick High School, Conference Chair and President-Elect.</s>
    <s>Continuing Education Units</s>
    <s>This year, CEUs will be offered to counseling professionals. As more information becomes available on this great opportunity for high school counselors, please check back on the Conference website.</s>
    <s>Conference Schedule</s>
    <s>Many great sessions and activities are planned for this year’s conference. With a wide variety of offerings, all conference attendees are sure to find something informative and entertaining. Check out the Conference-At-a-Glance Schedule and an overview of the sessions that will be offered. We're finalizing the sessions now and in-depth session descriptions will be available online shortly.</s>
    <s>In Closing…</s>
    <s>There are a lot of new and exciting things happening at this year's conference. Many surprises are in store, so don’t miss out: early registration ends on Thursday (after that, a $35 late fee applies), so register online now and reserve your hotel room. Don’t forget, wireless internet will be available at no charge in your room as a hotel guest!</s>
    <s>Laura Docherty</s>
    <s>Fenwick High School</s>
    <s>Annual Conference Chair</s>
    <s>Related Articles</s>
    <s>Help Make the Annual Conference a Success</s>
    <s>Notes from Going the Extra Mile for Students</s>
    <s>Report from the 2011 Conference: Going the Extra Mile for Students</s>
    <s>Are You Willing To Go the Extra Mile?</s>
    <s>The Human Impact of Project Reach Donations</s>
    <s>Tagged as: Conference, Conference Sessions, Continuing Education Units, Project Reach, Raffle, Sponsor, Volunteer</s>
    <s>Hi there - are there detailed descriptions of sessions, or even lists of who's running sessions, available online now? This says they'd be coming, but I'm afraid we can't find as much as we've been able to in past years, and would love that additional information to help us decide who in our office will attend what tomorrow.</s>
    <s>Previous post: 2011-2012 Membership Year to Change</s>
    <s>Next post: President’s Update: Busy time of year for IACAC!!</s>
    <s>This is the official newsletter of the Illinois Association for College Admission Counseling, an organization of counseling professionals dedicated to serving students as they explore options and make choices about pursuing postsecondary education. IACAC members are counselors, admission or financial aid officers, active retirees, or students who are concerned about the future of education in the State of Illinois and in the nation.</s>
    <s>Newsletter Archives</s>
    <s>Select Category 2010-2011 2011-2012 April 2011 February 2011 May 2011 November 2010</s>
    <s>Search the Newsletter</s>
    <s>Recent Articles</s>
    <s>Executive Board Restructuring</s>
    <s>President's Update: Who Are These Amazing Award Recipients?</s>
    <s>Notes from Going the Extra Mile for Students</s>
    <s>President-Elect, Todd Burrell</s>
    <s>Seven Elected to Executive Board</s>
    <s>2011 Board Candidate Articulation Unplugged Awards Board Structure Bus O'Fun Camp College Committee Chairs Committees Conference District Seminars Donations Elections Event Registration Events Executive Board FAFSA ISAC LDI Media Communications Membership Mentorship Mentorship Committee Middle Management Middle Management Institute Movers &amp; Shakers NACAC NACAC Conference NACAC Delegates NACAC Imagine Grant Newsletter plane o'fun President's Update professional development Project Reach Raffle Session Proposals Sessions Statement of Principles of Good Practice Students Summer Counselor Tours Summer Institute Summer Institute Committee Town Hall Meeting Volunteer Voting</s>
    <s>Recent Comments</s>
    <s>Executive Board Restructuring on Discuss Changes to Board Structure at the Town Hall Meeting</s>
    <s>Report from the 2011 Conference: Going the Extra Mile for Students on Update from the IACAC Ad Hoc Committee on Board Structure</s>
    <s>Anonymous on Movers &amp; Shakers - February 2011</s>
    <s>Cassie on Update from the Conference Chair</s>
    <s>President’s Update: Busy time of year for IACAC!on Discuss Changes to Board Structure at the Town Hall Meeting</s>
    <s>Website and digital marketing consulting by Betadac Media, LLC</s>
    <s>More in 2010-2011, April 2011 (12 of 62 articles)</s>
    <s>2011-2012 Membership Year to Change</s>
    <s>Send to Email Address Your Name Your Email Address !loading Cancel</s>
    <s>Post was not sent - check your email addresses</s>
    <s>Email check failed, please try again</s>
    <s>Sorry, your blog cannot share posts by email.</s>
  </text>
</page>
