<?xml version="1.0" encoding="UTF-8"?>
<!DOCTYPE page SYSTEM "page.dtd">
<page>
  <lang>en</lang>
  <url>http://ijcai-11.iiia.csic.es/calls/call_for_papers</url>
  <title>Call for papers - IJCAI-11</title>
  <snippet>
    <s>However, no distinction will be made between accepted papers in the conference proceedings. At least one author of each accepted paper is required to attend </s>
  </snippet>
  <text>
    <s>Sponsors &amp; Exhibits</s>
    <s>Students &amp; Mentoring</s>
    <s>Enjoying Barcelona</s>
    <s>Call for papers</s>
    <s>Call for Integrated and Embedded AI track papers</s>
    <s>Call for workshops</s>
    <s>Call for tutorials</s>
    <s>Call for videos</s>
    <s>Call for Nominations for the IJCAI-11 Awards</s>
    <s>Call for applications for the doctoral mentoring consortium</s>
    <s>Call for (US) applications for the doctoral mentoring consortium</s>
    <s>Call for European AI labs to host a US graduate student for an extended visit</s>
    <s>Formatting instructions</s>
    <s>IJCAI electronic submission website</s>
    <s>PDF Version</s>
    <s>Call for papers</s>
    <s>The IJCAI-11 Program Committee invites submissions of technical papers for IJCAI-11, to be held in Barcelona, Spain, July 19-22, 2011. Submissions are invited on significant, original, and previously unpublished research on all aspects of artificial intelligence.</s>
    <s>The theme of IJCAI-11 is “Integrated and Embedded Artificial Intelligence” (IEAI) with a focus on artificial intelligence that crosses discipline boundaries within AI, and between AI and other disciplines. Building systems often requires techniques from more than one area (e.g. both machine learning and natural language processing, or both planning and preference representation). In addition, larger systems often have AI components embedded within that provide intelligent functionalities such as learning and reasoning. The conference will include a special track dedicated to such work.</s>
    <s>Important dates</s>
    <s>Abstract submission: Jan 19, 2011 (11:59PM, UTC-12)</s>
    <s>Paper submission (1 day extension): Jan 25, 2011 (11:59PM, UTC-12)</s>
    <s>Author feedback: Feb 28-Mar 3, 2011 (11:59PM, UTC-12).</s>
    <s>Notification of acceptance/rejection: Mar 31, 2011</s>
    <s>Camera-ready copy due: Apr 15, 211</s>
    <s>Technical sessions: Jul 19-22, 2011</s>
    <s>Submission Details</s>
    <s>Submitted papers must be formatted according to IJCAI guidelines and submitted electronically through the IJCAI-11 paper submission site. Full instructions including formatting guidelines and electronic templates are available on the IJCAI-11 website: http://ijcai-11.iiia.csic.es/files/ijcai11.tar . Submission is only electronic using the IJCAI-11 paper submission software linked here.</s>
    <s>Papers will be accepted for either oral or poster presentation. However, no distinction will be made between accepted papers in the conference proceedings. At least one author of each accepted paper is required to attend the conference to present the work. Authors will be required to agree to this requirement at the time of submission.</s>
    <s>The paper title, author names, contact details, and a brief abstract must be submitted electronically by January 19, 2011 (11:59 UTC-12). Authors will also be required to indicate if their submission is for the special track on “Integrated and Embedded Artificial Intelligence” (IEAI), in which case authors are required to clarify the synergistic aspects of the integrated and embedded system. All technical papers are due electronically on January 25 (1 day extension), 2011 (11:59 UTC-12). Submissions received after the deadline or that do not meet the length or formatting requirements will not be accepted for review. No email or fax submissions will be accepted. Notification of receipt of an electronically submitted paper will be emailed to the designated contact author soon after receipt. If there are problems with the electronic submission, the program chair will contact the designated author by email. The last day for enquiries regarding lost submissions is January 28, 2011. The designated author will be emailed notification of acceptance or rejection by March 31, 2011. Authors will also be able to respond to preliminary reviews during the period Feb. 28 to March 3, 2011. Guidelines for such responses, along with details of the reviewing process will be posted on the IJCAI-11 website. Camera-ready copy of accepted papers must be received by the publisher by April 15, 2011.</s>
    <s>Authors who do not have access to the web should contact the program chair at pcchair11 -at- ijcai.org no later than January 1, 2011 for alternative submission instructions.</s>
    <s>Content Areas</s>
    <s>When submitting their abstract, authors will be required to choose at least two and at most four content area keywords. General categories should only be used if specific categories do not apply or do not accurately reflect the main contributions. Each keyword is placed within one of ten major areas; however, many of the keywords cut across multiple areas, and authors should feel free to select keywords from multiple areas.</s>
    <s>Policy on Multiple Submissions</s>
    <s>IJCAI-11 will not accept any paper which, at the time of submission, is under review for or has already been published or accepted for publication in a journal or another conference. Authors are also required not to submit their papers elsewhere during IJCAI’s review period. These restrictions apply only to journals and conferences, not to workshops and similar specialized presentations with a limited audience and without archival proceedings. Authors will be required to confirm that their submissions conform to these requirements at the time of submission.</s>
    <s>Paper Length and Format</s>
    <s>Submitted technical papers must be no longer than six pages, including all figures and references, and must be formatted according to posted IJCAI-11 guidelines. Papers must be formatted for letter-size(8.5 x 11 paper, in double-column format with a 10pt font. Electronic templates for the LaTeX typesetting package, as well as a Word template, that conform to IJCAI-11 guidelines will be made available at the conference website in December.</s>
    <s>Authors are required to submit their electronic papers in PDF format. Files in Postscript (ps), or any other format will not be accepted.</s>
    <s>Over-length papers will not be considered for review. Each accepted paper will be allowed six pages in the proceedings; up to two additional pages may be purchased at a price of $275 per page.</s>
    <s>In order to make blind reviewing possible, authors must omit their names and affiliations from the paper. Also, while the references should include all published literature relevant to the paper, including previous works of the authors, it should not include unpublished works. When referring to one’s own work, use the third person rather than the first person. For example, say “Previously, Foo and Bar have shown that ”, rather than “In our previous work we have shown that Such identifying information can be added back to the final camera-ready version of accepted papers.</s>
    <s>Review Process</s>
    <s>Papers will be subject to blind peer review. Selection criteria include accuracy and originality of ideas, clarity and significance of results and quality of the presentation. IEAI papers will be judged based on the usual measures of quality, with consideration of the synergistic aspect of the integrated and embedded components. Comparisons are encouraged to be made against single-discipline systems.</s>
    <s>The review process will include a short period for the authors to view reviews and respond to technical questions on the submitted work raised by the reviewers before discussion starts within the programme committee. The decision of the Program Committee will be final and cannot be appealed.</s>
    <s>Please send enquiries about paper submissions to Toby Walsh, Program Chair IJCAI-11, pcchair11 -at- ijcai.org.</s>
    <s>List of keywords</s>
    <s>Agent-based and Multiagent Systems</s>
    <s>Agent Theories and Architectures</s>
    <s>Agent Communication</s>
    <s>Agreement Technologies Argumentation</s>
    <s>Auctions and Market-Based Systems</s>
    <s>Coordination and Collaboration</s>
    <s>Distributed AI</s>
    <s>Game Theory</s>
    <s>Multiagent Learning</s>
    <s>Multiagent Planning</s>
    <s>Multiagent Systems</s>
    <s>Simulation and Emergent Behavior</s>
    <s>Social Choice</s>
    <s>Constraints, Satisfiability, and Search</s>
    <s>Constraint Optimization</s>
    <s>Constraint Satisfaction</s>
    <s>Distributed Constraints</s>
    <s>Dynamic Programming</s>
    <s>Evaluation and Analysis</s>
    <s>Global Constraints</s>
    <s>Heuristic Search</s>
    <s>Quantifier Formulations</s>
    <s>Solvers and Tools</s>
    <s>Knowledge Representation, Reasoning and Logic</s>
    <s>Action, Change and Causality</s>
    <s>Automated Reasoning and Theorem Proving</s>
    <s>Beliefs and Knowledge</s>
    <s>Case-based reasoning</s>
    <s>Common-Sense Reasoning</s>
    <s>Computational Complexity</s>
    <s>Description Logics and Ontologies</s>
    <s>Diagnosis and Abductive Reasoning</s>
    <s>Geometric, Spatial, and Temporal Reasoning</s>
    <s>Knowledge Representation</s>
    <s>Logic Programming</s>
    <s>Many-Valued and Fuzzy Logics</s>
    <s>Nonmonotonic Reasoning</s>
    <s>Qualitative Reasoning</s>
    <s>Reasoning with Beliefs</s>
    <s>Machine Learning</s>
    <s>Active Learning</s>
    <s>Case-based Reasoning</s>
    <s>Cost-Sensitive Learning</s>
    <s>Data Mining</s>
    <s>Deep Learning</s>
    <s>Ensemble Methods</s>
    <s>Evolutionary Computation</s>
    <s>Feature Selection/Construction</s>
    <s>Kernel Methods</s>
    <s>Learning Graphical Models</s>
    <s>Learning Preferences or Rankings</s>
    <s>Learning Theory</s>
    <s>Machine Learning</s>
    <s>Neural Networks</s>
    <s>Online Learning</s>
    <s>Reinforcement Learning</s>
    <s>Relational Learning</s>
    <s>Semi-Supervised/Unsupervised Learning</s>
    <s>Structured Learning</s>
    <s>Time-series/Data Streams</s>
    <s>Transfer, Adaptation, Multi-task Learning</s>
    <s>Multidisciplinary Topics And Applications</s>
    <s>AI and Natural Sciences</s>
    <s>AI and Social Sciences</s>
    <s>Art and Music</s>
    <s>AI and Ubiquitous Computing Systems</s>
    <s>Autonomic Computing</s>
    <s>Brain Sciences</s>
    <s>Cognitive Modeling</s>
    <s>Computational Biology and e-Health</s>
    <s>Computer Games</s>
    <s>Computer-Aided Education</s>
    <s>Human-Computer Interaction</s>
    <s>Intelligent Database Systems</s>
    <s>Intelligent User Interfaces</s>
    <s>Interactive Entertainment</s>
    <s>Knowledge-based Software Engineering</s>
    <s>Personalization and User Modeling</s>
    <s>Philosophical and Ethical Issues</s>
    <s>Real-Time Systems</s>
    <s>Security and Privacy</s>
    <s>Validation and Verification</s>
    <s>Natural-Language Processing</s>
    <s>Information Extraction</s>
    <s>Information Retrieval</s>
    <s>Machine Translation</s>
    <s>Morphology and Phonology</s>
    <s>Natural Language Generation</s>
    <s>Natural Language Semantics</s>
    <s>Natural Language Summarization</s>
    <s>Natural Language Syntax</s>
    <s>Natural Language Processing</s>
    <s>Question Answering</s>
    <s>Speech Recognition and Understanding</s>
    <s>Text Classification</s>
    <s>Planning and Scheduling</s>
    <s>Activity and Plan Recognition</s>
    <s>Applications of Planning</s>
    <s>Conformant/Contingent Planning</s>
    <s>Hierarchical Task Networks</s>
    <s>Hybrid Systems</s>
    <s>Markov Decisions Processes</s>
    <s>Plan Execution and Monitoring</s>
    <s>Planning Algorithms</s>
    <s>Planning under Uncertainty</s>
    <s>Real-time Planning</s>
    <s>Robot Planning</s>
    <s>Search in Planning and Scheduling</s>
    <s>Theoretical Foundations of Planning</s>
    <s>Robotics and Vision</s>
    <s>Behavior and Control</s>
    <s>Cognitive Robotics</s>
    <s>Human Robot Interaction</s>
    <s>Localization, Mapping, State Estimation</s>
    <s>Motion and Path Planning</s>
    <s>Multi-Robot Systems</s>
    <s>Sensor Networks</s>
    <s>Vision and Perception</s>
    <s>Uncertainty in AI</s>
    <s>Approximate Probabilistic Inference</s>
    <s>Bayesian Networks</s>
    <s>Decision/Utility Theory</s>
    <s>Exact Probabilistic Inference</s>
    <s>Graphical Models</s>
    <s>Preference Elicitation</s>
    <s>Sequential Decision Making</s>
    <s>Web and Knowledge-based Information Systems</s>
    <s>Information Extraction</s>
    <s>Information Integration</s>
    <s>Information Retrieval</s>
    <s>Knowledge Acquisition</s>
    <s>Knowledge Engineering</s>
    <s>Knowledge-based Systems</s>
    <s>Recommender Systems</s>
    <s>Semantic Web</s>
    <s>Social Networks</s>
    <s>Source Wrapping</s>
    <s>Web Mining</s>
    <s>Web Search</s>
    <s>Web Technologies</s>
  </text>
</page>
