<?xml version="1.0" encoding="UTF-8"?>
<!DOCTYPE page SYSTEM "page.dtd">
<page>
  <lang>en</lang>
  <url>http://www.internationalcompetitionnetwork.org/library.aspx</url>
  <title>Document Library</title>
  <snippet>
    <s>428 Results Working Group: Merger. Document Type: ICN Reports </s>
  </snippet>
  <text>
    <s>Document Library</s>
    <s>Working Groups</s>
    <s>News &amp; Events</s>
    <s>ICN will encourage the dissemination of antitrust experience and best practices,</s>
    <s>promote the advocacy role of antitrust agencies and seek to facilitate international cooperation.</s>
    <s>Memorandum on the Establishment and Operation of the International Competition Network</s>
    <s>HomeDocument Library</s>
    <s>Document Library</s>
    <s>428 Results found</s>
    <s>Page 1 of 43 | Next | Last</s>
    <s>Merger Working Group Comprehensive Assessment 2010-2011</s>
    <s>3.78 MB</s>
    <s>Working Group:</s>
    <s>Document Type:</s>
    <s>ICN Reports</s>
    <s>Tenth Annual Conference, The Hague, Netherlands (May 18-20,2011)</s>
    <s>File Type:</s>
    <s>Date Added:</s>
    <s>October 11, 2011</s>
    <s>Merger Working Group Comprehensive Assessment 2010-2011</s>
    <s>Price-Cost Tests in Unilateral Conduct Cases</s>
    <s>518.55 KB</s>
    <s>Working Group:</s>
    <s>Unilateral Conduct</s>
    <s>Document Type:</s>
    <s>Presentations and Speeches</s>
    <s>Teleconference Documents</s>
    <s>File Type:</s>
    <s>Date Added:</s>
    <s>July 18, 2011</s>
    <s>Price-Cost Tests in Unilateral Conduct Cases</s>
    <s>PowerPoint presentation accompanying speakers' remarks in the ICN UCWG teleseminar on Price-Cost Tests in Unilateral Conduct Cases</s>
    <s>Curriculum Project Module 4 Quiz</s>
    <s>89.12 KB</s>
    <s>Working Group:</s>
    <s>Special Projects</s>
    <s>Document Type:</s>
    <s>Practical tools (Workbooks, toolkits)</s>
    <s>Tenth Annual Conference, The Hague, Netherlands (May 18-20,2011)</s>
    <s>File Type:</s>
    <s>Date Added:</s>
    <s>July 14, 2011</s>
    <s>Curriculum Project Module 4 Quiz</s>
    <s>Quiz to accompany Module 4 of the Curriculum Project on Market Power</s>
    <s>2011-2016 Advocacy Working Group Long Term workplan</s>
    <s>64.24 KB</s>
    <s>Working Group:</s>
    <s>Document Type:</s>
    <s>Work Plans</s>
    <s>Tenth Annual Conference, The Hague, Netherlands (May 18-20,2011)</s>
    <s>File Type:</s>
    <s>Date Added:</s>
    <s>July 11, 2011</s>
    <s>2011-2016 Advocacy Working Group Long Term workplan</s>
    <s>2011 ICN Annual Conference Opening Speech</s>
    <s>Working Group:</s>
    <s>Document Type:</s>
    <s>Presentations and Speeches</s>
    <s>Tenth Annual Conference, The Hague, Netherlands (May 18-20,2011)</s>
    <s>File Type:</s>
    <s>NO FILE AVAILABLE</s>
    <s>Date Added:</s>
    <s>June 14, 2011</s>
    <s>2011 ICN Annual Conference Opening Speech</s>
    <s>2011 ICN Annual Conference Press Release</s>
    <s>37.18 KB</s>
    <s>Working Group:</s>
    <s>Document Type:</s>
    <s>Work Plans</s>
    <s>File Type:</s>
    <s>Date Added:</s>
    <s>June 14, 2011</s>
    <s>2011 ICN Annual Conference Press Release</s>
    <s>2011 - 2016 Advocacy Long-Term Work Plan</s>
    <s>64.25 KB</s>
    <s>Working Group:</s>
    <s>Document Type:</s>
    <s>Work Plans</s>
    <s>File Type:</s>
    <s>Date Added:</s>
    <s>June 14, 2011</s>
    <s>2011 - 2016 Advocacy Long-Term Work Plan</s>
    <s>2011 - 2012 Advocacy WG Work Plan</s>
    <s>65.2 KB</s>
    <s>Working Group:</s>
    <s>Document Type:</s>
    <s>Work Plans</s>
    <s>File Type:</s>
    <s>Date Added:</s>
    <s>June 14, 2011</s>
    <s>2011 - 2012 Advocacy WG Work Plan</s>
    <s>2010-2011 Summary of ICN Work Product</s>
    <s>183.92 KB</s>
    <s>Working Group:</s>
    <s>Document Type:</s>
    <s>Conference Materials</s>
    <s>ICN Reports</s>
    <s>Tenth Annual Conference, The Hague, Netherlands (May 18-20,2011)</s>
    <s>File Type:</s>
    <s>Date Added:</s>
    <s>June 3, 2011</s>
    <s>2010-2011 Summary of ICN Work Product</s>
    <s>2011 Statement of ICN Achievements</s>
    <s>80.7 KB</s>
    <s>Working Group:</s>
    <s>Document Type:</s>
    <s>ICN Reports</s>
    <s>Tenth Annual Conference, The Hague, Netherlands (May 18-20,2011)</s>
    <s>File Type:</s>
    <s>Date Added:</s>
    <s>June 3, 2011</s>
    <s>2011 Statement of ICN Achievements</s>
    <s>428 Results Found</s>
    <s>Page 1 of 43 | Next | Last</s>
    <s>Document Library</s>
    <s>ICN Discussion Forum ICN Bulletin Board &amp; Blog AISUP Get Involved</s>
    <s>Search Documents</s>
    <s>All Working Groups Advocacy Agency Effectiveness Antitrust Enforcement in Regulated Sectors (2003-2005) Capacity Building / Competition Policy Implementation (2002-2009) Cartel Competition Policy Implementation Merger Operational Framework SG member responsible for Advocacy and Implementation Special Projects Telecommunications (2005-2006) Unilateral Conduct Vice-Chairs</s>
    <s>All Document Types Conference Materials Current Documents ICN Administrative Documents ICN Reports Mandates Member Submissions Membership NGA Submission Non-Governmental Advisors Submissions Operational Framework Other Practical tools (Workbooks, toolkits) Presentations and Speeches Press Releases Questionnaires Recommended Practices Special Projects Teleconference Documents Translated Documents Vice-Chair Documents Work Plans Workshop Documents</s>
    <s>All Conference / Workshop 2002 Mergers Workshop, Washington, D.C. (November 21-22, 2002) 2004 Cartel Workshop, Sydney, Australia (November 19-21, 2004) 2004 Mergers Workshop, Brussels, Belgium (October 19 –20, 2004) 2004 Workshop on Capacity Building, Paris, France (February 11, 2004) 2005 Cartel Workshop, Seoul, Korea (November 8-10, 2005) 2006 Business Outreach Workshop, Paris, France (February 7, 2006) 2006 Cartel Workshop, The Hague, Netherlands (November 14-16, 2006) 2006 Mergers Workshop, Washington, D.C. (March 27-28, 2006) 2007 Cartel Workshop, San Salvador, El Salvador (October 30-November 1, 2007) 2007 Mergers Workshop, Dublin, Ireland (April 12-13, 2007) 2008 Cartel Workshop, Lisbon, Portugal (October 28-30, 2008) 2008 Mergers Workshop, Brno, Czech Republic (March 18-19, 2008) 2009 Cartel Workshop, Cairo, Egypt (October 27-29, 2009) 2009 Mergers Workshop, Taipei, Taiwan (March 10-11, 2009) 2009 Seminar on Competition Agency Effectiveness, Brussels, Belgium (January 22-23, 2009) 2009 Unilateral Conduct Workshop, Washington, D.C. (March 23-24, 2009) 2010 Cartel Workshop (Yokohama, Japan) 2010 ICN Agency Effectiveness Workshop 2010 UCWG Workshop, Brussels, Belgium Eighth Annual Conference, Zurich, Switzerland (June 3-5, 2009) Fifth Annual Conference, Cape Town, South Africa (May 3-5, 2006) First Annual Conference, Naples, Italy (September 28-29, 2002) Fourth Annual Conference, Bonn, Germany (June 5-8, 2005) Ninth Annual Conference, Istanbul, Turkey (April 27-29,2010) Second Annual Conference, Mérida, Mexico (June 23-25, 2003) Seventh Annual Conference, Kyoto, Japan (April 14-16, 2008) Sixth Annual Conference, Moscow, Russia (May 30-June 1, 2007) Tenth Annual Conference, The Hague, Netherlands (May 18-20,2011) Third Annual Conference, Seoul, Korea (April 21-22, 2004)</s>
    <s>Document Library</s>
    <s>Working Groups</s>
    <s>News &amp; Events</s>
    <s>Site Map</s>
    <s>(C) Copyright 2009. International Competition Network</s>
    <s>Web design + development by Atomic Motion</s>
  </text>
</page>
