<?xml version="1.0" encoding="UTF-8"?>
<!DOCTYPE page SYSTEM "page.dtd">
<page>
  <lang>en</lang>
  <url>http://www.4m-association.org/conference/2011/Sponsoring</url>
  <title>Sponsoring 4M2011 | 4m-association.org</title>
  <snippet>
    <s>&quot;Rondol are pleased to be sponsoring this year&#39;s conference. Its focus including all meals and refreshments, for 3 people; 3 copies of Conference Proceedings </s>
  </snippet>
  <text>
    <s>Interest groups</s>
    <s>Join 4M</s>
    <s>4M Conference Series</s>
    <s>Search this site:</s>
    <s>Sponsoring 4M2011</s>
    <s>Stand out from the rest in front of more than 150 micro-manufacturing experts from around the world. As a sponsor, you can promote your company’s mission even more effectively to the assembled individuals and organisations attending 4M2011 while learning about the latest advances in micro-manufacturing research.</s>
    <s>What our Sponsors say:</s>
    <s>!Victoire de Margerie &quot;Rondol are pleased to be sponsoring this year's conference. Its focus on micro-manufacturing fits well with our business and we recognise it as a valuable means of staying alert to the latest developments in various aspects of cross-sectoral research. We look forward to meeting the 4M Members and delegates in November.&quot;</s>
    <s>Victoire de Margerie, Rondol Technology Ltd.</s>
    <s>!Angelo Quadroni at 4M2010 &quot;SARIX is proud to have participated in 4M conferences for the last 6 years. The network of enthusiastic specialists in multi-material micro-manufacturing that come together in the 4M Association has been the seed of many initiatives in the field, and its events have been a source of stimuli for our activity and innovation too. We look forward to participating in this network for many more years to come.&quot;</s>
    <s>Angelo Quadroni, CEO, SARIX SA.</s>
    <s>Platinum Sponsorship Package</s>
    <s>Attendance at all 3 days of conference</s>
    <s>3m x 2m booth at Sponsor's exhibition</s>
    <s>Sponsorship of banquet, or cocktail, with opportunity to present company</s>
    <s>Sponsors logo, with link to own website, on 4M2011 website</s>
    <s>Full page advert in 4M2011 Proceedings</s>
    <s>Colour logo on outer cover of proceedings</s>
    <s>Entrance to conference, including all meals and refreshments, for 3 people</s>
    <s>3 copies of Conference Proceedings</s>
    <s>Gold Package</s>
    <s>Attendance at all 3 days of conference</s>
    <s>3m x 2m booth at Sponsor's exhibition</s>
    <s>Sponsors logo, with link to own website, on 4M2011 website</s>
    <s>Half page advert in 4M2011 Proceedings</s>
    <s>Colour logo on outer cover of proceedings</s>
    <s>Entrance to conference, including all meals and refreshments, for 2 people</s>
    <s>2 copies of Conference Proceedings</s>
    <s>Silver Package</s>
    <s>Attendance at all 3 days of conference</s>
    <s>2m x 1m booth at Sponsor's exhibition</s>
    <s>Sponsors logo, with link to own website, on 4M2011 website</s>
    <s>Quarter page advert in 4M2011 Proceedings</s>
    <s>Colour logo on outer cover of proceedings</s>
    <s>Entrance to conference, including all meals and refreshments, for 1 person</s>
    <s>1 copy of Conference Proceedings</s>
    <s>Bronze Package</s>
    <s>Attendance at 1 day of conference (TBA)</s>
    <s>Sponsors logo, with link to own website, on 4M2011 website</s>
    <s>Quarter page advert in 4M2011 Proceedings</s>
    <s>1 day entrance to conference, incl. meals and refreshments, for 1 person</s>
    <s>1 copy of Conference Proceedings</s>
    <s>If you are interested in sponsoring the conference, please contact Chris Matthews.</s>
    <s>‹ Registration &amp; fees up Our Sponsors ›</s>
    <s>Printer-friendly version</s>
    <s>4M 2011 Conference</s>
    <s>Call for Papers</s>
    <s>History of the 4M Conference</s>
    <s>Submission Guidelines</s>
    <s>Overview Programme</s>
    <s>Review Guidelines</s>
    <s>Hotels &amp; Accommodation</s>
    <s>License Agreement</s>
    <s>Organising Committee</s>
    <s>Invited Speakers</s>
    <s>Registration &amp; fees</s>
    <s>Sponsoring 4M2011</s>
    <s>Our Sponsors</s>
    <s>Sponsored by:</s>
    <s>Forthcoming Events</s>
    <s>07/11/2011 COTECH - Training for Professionals</s>
    <s>08/11/2011 4M2011</s>
    <s>21/01/2012 LAMOM XVII</s>
    <s>21/01/2012 LBMP-VI</s>
    <s>12/02/2012 IPAS2012</s>
    <s>07/03/2012 MM/MEMS/NANO Live USA 2012</s>
    <s>12/03/2012 ICOMM 2012</s>
    <s>14/03/2012 ESAFORM 2012</s>
    <s>16/04/2012 CICMT Conference</s>
    <s>18/06/2012 IWMF 2012</s>
    <s>User login</s>
    <s>Username: *</s>
    <s>Password: *</s>
    <s>Request new password</s>
    <s>copyright 2008 (C) 4M NoE</s>
  </text>
</page>
