<?xml version="1.0" encoding="UTF-8"?>
<!DOCTYPE page SYSTEM "page.dtd">
<page>
  <lang>en</lang>
  <url>http://council.nyc.gov/d3/html/members/home.shtml</url>
  <title>New York City Council - Council Speaker Christine C. Quinn</title>
  <snippet>
    <s>Speaker Quinn&#39;s Remarks for the Office of Adult and Continuing, June 28, 2010 to create a comprehensive plan for meeting the needs of an aging population. . Provides low-income seniors with free home energy services designed to </s>
  </snippet>
  <text>
    <s>About the City Council</s>
    <s>- About City Hall</s>
    <s>- Budget Process and Calendar</s>
    <s>- Legislative Process</s>
    <s>- Links and Resources</s>
    <s>- Directions to City Hall</s>
    <s>- Contact the City Council</s>
    <s>Council Members</s>
    <s>- Speaker's Page</s>
    <s>- Bronx</s>
    <s>- Brooklyn</s>
    <s>- Manhattan</s>
    <s>- Queens</s>
    <s>- Staten Island</s>
    <s>Legislation &amp; Committees</s>
    <s>- Search Legislation</s>
    <s>- Committees</s>
    <s>- NYC Council Black, Latino and Asian Caucus</s>
    <s>2009 State of the City Address</s>
    <s>City Budget</s>
    <s>- FY 2010</s>
    <s>- FY 2009</s>
    <s>- FY 2008</s>
    <s>Action Center</s>
    <s>Press Room</s>
    <s>- Press Releases</s>
    <s>- Reports &amp; Investigations</s>
    <s>- Week in Review Archives</s>
    <s>The Red Room</s>
    <s>- NYCC Photos</s>
    <s>- NYC Council Video Channel</s>
    <s>- NYCC Podcasts</s>
    <s>!Translate this Page</s>
    <s>Select a Language</s>
    <s>- Select - Arabic Bulgarian Catalan Chinese (Simplified) Chinese (Traditional) Croatian Czech Danish Dutch Filipino Finnish French German Greek Hebrew Hindi Indonesian Italian Japanese Korean Latvian Lithuanian Norwegian Polish Portuguese Romanian Russian Serbian Slovak Slovenian Spanish Swedish Ukrainian Vietnamese</s>
    <s>!Speaker Christine Quinn - 2009 State of the City</s>
    <s>District Office Address</s>
    <s>224 West 30th St (Suite 1206)</s>
    <s>New York, NY 10001</s>
    <s>District Office Phone</s>
    <s>(212) 564-7757</s>
    <s>District Office Fax</s>
    <s>(212) 564-7347</s>
    <s>Legislative Office Address</s>
    <s>250 Broadway</s>
    <s>Suite 1856</s>
    <s>New York, New York 10007</s>
    <s>Legislative Office Phone</s>
    <s>(212) 788-7210</s>
    <s>Legislative Office Fax</s>
    <s>(212) 788-7207</s>
    <s>Christine C. Quinn</s>
    <s>District 3 - Council Member - Democrat</s>
    <s>About Speaker Quinn</s>
    <s>Since her election as City Council Speaker, Christine C. Quinn has established herself as a champion for working families, fighting for policies and services that are critical to the lives of real New Yorkers. She has worked to make the Council more responsive to the needs of all New Yorkers, and dramatically increased transparency and accountability. Quinn has developed a reputation for finding innovative solutions, and furthering policies that are both creative and fiscally responsible.</s>
    <s>More about the Speaker and the role of the Council.</s>
    <s>As Speaker since 2006, she has taken on a wide range of issues in such areas as public safety, environmental protection, early childhood education, hunger and nutrition and affordable housing.</s>
    <s>Annual District Newsletter</s>
    <s>Spring 2011 District 3 Newsletter (PDF)</s>
    <s>Spring 2010 District 3 Newsletter (PDF)</s>
    <s>Spring 2009 District 3 Newsletter (PDF)</s>
    <s>Contacting Speaker Quinn</s>
    <s>To email Speaker Quinn , please click on the tab to the left &quot;Contact Speaker Quinn&quot;.</s>
    <s>For assistance in the District , please email or contact the District office, at left.</s>
    <s>For assistance with legislative items, or in response to citywide issues, please email or contact her Legislative Office, at left.</s>
    <s>Members of the press may contact the press office at 212-788-7116 or visit the Press Room to see the latest releases and statements.</s>
    <s>Christine C. Quinn on Facebook</s>
    <s>General Information</s>
    <s>Current Term Expires: 12/31/2013</s>
    <s>Neighborhoods in District: West Village, SoHo, NoHo, Flatiron, Chelsea, Hell's Kitchen/Clinton, Murray Hill (portions)</s>
    <s>Committees: Rules, Privileges &amp; Elections</s>
    <s>Speeches and Major Addresses</s>
    <s>Testimony, January 25, 2010</s>
    <s>2011 Executive Budget</s>
    <s>Speaker Quinn's Remarks at the Manhattan Chamber of Commerce, July 14, 2010</s>
    <s>Speaker Quinn's Remarks for the Crain's Small Business Symposium, June 30, 2010</s>
    <s>Speaker Quinn's Remarks for the Office of Adult and Continuing, June 28, 2010</s>
    <s>Charter Meeting Address, January 1, 2009</s>
    <s>&quot;FoodWorks&quot;, December 7, 2009</s>
    <s>First Ever Comprehensive Food System Plan will Create Jobs, Improve Health, and Protect Environment</s>
    <s>Testimony/Remarks, June 10, 2009</s>
    <s>Themes: United American Families Act</s>
    <s>State of the City February 12, 2009</s>
    <s>Themes: Job Growth, Small Businesses, Innovative Revenue Sources, Tax Reform, Reducing Unnecessary City Spending, Public Safety, Tenants and Housing</s>
    <s>Inaugural Address January 4, 2006</s>
    <s>Themes: Good government, Council's role in City governance and providing public services, Gun control, Education, Housing</s>
    <s>2006 Budget Response April 6, 2006</s>
    <s>Themes: Budget process reform, Education / Universal pre-kindergarten classes, Hunger and nutrition, Public safety / District Attorneys, Economic development and small business tax relief</s>
    <s>Crain's New York Keynote Address April 18, 2006</s>
    <s>Themes: Good government, Budget process reform, Lobby reform, CouncilStat / Constituent problem tracking</s>
    <s>Food Bank Keynote Address September 5, 2006</s>
    <s>Themes: Hunger and nutrition, School lunch program, Food stamps, Greenmarkets, Food assistance programs and Senior nutrition</s>
    <s>Empire State Pride Agenda Keynote Address October 5, 2006</s>
    <s>Themes: Marraige equality, LGBT rights</s>
    <s>Human Rights Campaign Keynote Address October 7, 2006</s>
    <s>Themes: Marraige equality, LGBT rights</s>
    <s>State of the City Address February 5, 2007</s>
    <s>Themes: Housing and education reforms, health care, more livable city for the middle class</s>
    <s>Empire State Pride Agenda, Rochester, NY May 19, 2007</s>
    <s>Themes: Civil Rights, LGBT rights, marraige equality</s>
    <s>For more information on the Speaker's speeches and major addresses, please contact the City Council Press Office at 212-788-7116.</s>
    <s>Member Bio</s>
    <s>Since her election as City Council Speaker, Christine C. Quinn has established herself as a champion for working families, fighting for policies and services that are critical to the lives of real New Yorkers. She has worked to make the Council more responsive to the needs of all New Yorkers, and dramatically increased transparency and accountability. Quinn has developed a reputation for finding innovative solutions, and furthering policies that are both creative and fiscally responsible.</s>
    <s>In the past four years, Speaker Quinn has taken on a wide range of issues, including:</s>
    <s>Housing - Speaker Quinn and the Council passed legislation to allow landlords to be taken to court for threatening tenants or interrupting essential services; as well as the Safe Housing Act, which will repair thousands of dangerous apartments. Quinn has sparked the creation of new affordable housing through an updated program providing tax incentives to developers who build affordable units. She recently announced an Affordable Housing Recovery Program that will make unsold condominiums affordable for middle income New Yorkers to buy or rent.</s>
    <s>Education - Speaker Quinn has long advocated investment in Early Childhood Education and the Middle Grades. She organized a Middle School Task Force, which created proposals to improve middle school success in New York City. Quinn worked with the administration to provide five million dollars in grants to the highest need middle schools in the city, to allow them to implement these proposals. Targeted schools have already demonstrated greater increases in test scores than the citywide average, and the Council and DOE have expanded funding to other middle schools in the city.</s>
    <s>Seniors - In 2008, Christine Quinn led the Council effort that successfully blocked a controversial proposal to overhaul the city's senior centers, which could have caused disastrous service changes for thousands of older New Yorkers. Quinn is currently working with the New York Academy of Medicine and the Administration on the &quot;Age-Friendly New York City Initiative&quot;, one of the first attempts by any city in the country to create a comprehensive plan for meeting the needs of an aging population.</s>
    <s>Environment - Quinn and the Council passed first of its kind legislation requiring manufacturers to collect and recycle electronic waste: televisions, computers, printers, and other equipment that contains toxic substances. They passed a bill requiring large stores and retail chains to accept and recycle plastic shopping bags. Earlier this year, Quinn introduced legislation to improve energy efficiency in large commercial buildings - a move that will reduce the city's carbon footprint by an amount equal to the total carbon emissions generated by Oakland, California.</s>
    <s>Small Business - Speaker Quinn has been a leader in the fight to eliminate unfair taxes on the business community, particularly the double taxation of freelancers and sole proprietors. Quinn and the Council recently passed a bill to create a penalty forgiveness period this fall, during which the city will waive late fees and penalties for businesses with outstanding violations. They also passed legislation creating a Regulatory Review Panel to find and help eliminate outdated rules that interfere with business operations.</s>
    <s>Equality and Civil Rights - As the first openly gay Speaker of the City Council, Quinn has worked extensively on issues of justice and equality. She has emerged as a leading voice in the fight for marriage equality in New York State, meeting with lawmakers and organizing grassroots efforts. Quinn has frequently organized elected officials, clergy, and community leaders in opposition to hate crimes.</s>
    <s>Health - Speaker Quinn and the Council recently passed the Clinic Access Bill, which provides women with protections against harassment and intimidation at reproductive health clinics across the city. She coordinated a public/private partnership to expand free rapid HIV testing for tens of thousands of patients at public hospitals.</s>
    <s>Food and Nutrition - Quinn has worked with the Council on the Environment of New York City to allow New Yorkers to use food stamps to buy fresh produce at Greenmarkets around the city. She coordinated a Food Stamp Data Match, which has helped enroll thousands of New Yorkers who qualify for food stamps but had not been receiving them. Quinn and the Council also passed legislation creating 1,000 new permits for green carts that exclusively sell fresh fruits and vegetables in neighborhoods that lack access to nutritious foods.</s>
    <s>Since 1999, Quinn has served as the representative for the 3rd Council District of Manhattan. She and her partner, Kim Catullo, live in Chelsea.</s>
    <s>Tenants Rights</s>
    <s>The laws governing landlord-tenant relationships have evolved over many decades and are extremely complex. As a result, there is a continuous need for understandable and up-to-date information on tenant’s rights. I hope that the information below will be useful to you.</s>
    <s>Free Legal Aid Programs</s>
    <s>LawHelp.org provides low and moderate income individuals and families with free legal aid programs in their local communities, and provides answers to questions about legal rights. For more information, follow the link.</s>
    <s>Interactive Map</s>
    <s>I hope you find the map below to be a useful resource. It provides you with the locations and contact information for free legal clinics in and around Council District 3. The primary goal of these clinics is to provide residents with information about their basic legal rights.</s>
    <s>View Housing Clinics in a larger map</s>
    <s>Fact Sheets for Rent Control and Rent Stabilized Tenants</s>
    <s>Housing and Community Renewal—the state agency responsible for administering rent regulation laws—produced 43 fact sheets regarding tenants’ rights. The fact sheets cover a wide range of issues from fuel cost adjustments to major capital improvements. For more information, follow the link.</s>
    <s>Fact Sheets on Bed Bugs</s>
    <s>City Council Funding created an online portal, where NYC residents, landlords, homeowners, businesses can learn about improved protocols for effective bed bug elimination. To find out what steps you can take to prevent bed bugs from entering your home, follow the link.</s>
    <s>Other Important Phone Numbers:</s>
    <s>Council of NYC Co-ops and Condos</s>
    <s>(212) 496-7400</s>
    <s>Metropolitan Council on Housing</s>
    <s>(212) 979-6238</s>
    <s>Goddard Riverside Community Center SRO Law Project</s>
    <s>(212) 799-9638</s>
    <s>Housing Conservation Coordinators</s>
    <s>(212) 541-5996</s>
    <s>Housing Court Answers</s>
    <s>(212) 962-4795</s>
    <s>MFY Legal Services</s>
    <s>(212) 417-3700</s>
    <s>Affordable Housing</s>
    <s>Keeping and creating new affordable housing is critical to ensure that our city stays a vibrant and diverse community. Please review the following information below. I hope that you will find these resources valuable in your search.</s>
    <s>Affordable Rental Housing Units</s>
    <s>The NYC Department of Housing Preservation and Development (HPD), the New York City Housing Development Corporation (HDC) and New York State Housing Finance Agency (HFA) oversee several housing lotteries (subsidized apartments rented through an open lottery system) with different income requirements. To apply, follow the links below, click on the advertisement for the available property and follow the instructions on the advertisement. There is no central application office for these listings.</s>
    <s>• HPD's Housing Lotteries</s>
    <s>• HDC's Housing Lotteries</s>
    <s>• HFA's Housing Lotteries</s>
    <s>Allows people to locate available housing in New York that meets their individual and family needs at a rent they can afford. Each housing listing includes detailed information about the units available. NYHousingSearch.gov not only provides FREE services for those seeking housing, it also allows housing authorities and private landlords to manage their property listings online at no cost. In addition to the applications on the site, NYHousingSearch.gov links to various external resources also designed to assist in the housing search process.</s>
    <s>Subsidized Housing Information Project</s>
    <s>Originally proposed in my 2011 State of the City Address, the SHIP database is a comprehensive listing with information on nearly 235,000 units of privately-owned subsidized rental housing throughout New York City. This database provides tenants, advocates and community-based organizations with the tools needed to protect their affordable housing stock. For more information, follow the link.</s>
    <s>The Mitchell-Lama program provides affordable rental and cooperative housing to moderate and middle income families. To apply, follow the link, check the list of Mitchell-Lama developments with open waiting lists, and send a letter to the managing agent of the development. Each development requires that you apply separately. There is no master list for applications.</s>
    <s>Public Housing</s>
    <s>The New York City Housing Authority (NYCHA) provides affordable housing in a safe and secure living environment for low and moderate income residents. For more information on how to apply, follow the link.</s>
    <s>Senior Housing</s>
    <s>The New York City Department for the Aging provides a list of senior-specific housing. To inquire about available units, follow the link, select your area and contact the number listed for the property. There is no central application office for these listings.</s>
    <s>Supportive Housing</s>
    <s>Supportive housing is permanent, affordable housing linked with services for low-income, disabled and formerly homeless people. To find a list of supportive housing providers, follow the link.</s>
    <s>Affordable Homeownership Developments</s>
    <s>HPD and HDC oversee several homeownership programs with different income requirements that enable New York's families to purchase below-market rate housing. The City itself does not sell the homes, but works with real estate professionals and community sponsors to market the homes. For more information on the available affordable units, follow the links:</s>
    <s>• HPD Homeownership Programs</s>
    <s>• HDC Homeownership Programs</s>
    <s>Senior Services</s>
    <s>Helpful information for seniors regarding a variety of topics ranging from Medicare to Reduced Fare MetroCards can provide solutions for different needs. To find out more about resources for seniors, please select a topic:</s>
    <s>• SENIOR CENTERS</s>
    <s>• FOOD, HOUSING and UTILITIES</s>
    <s>• HEALTH</s>
    <s>• TAX CREDITS and EXEMPTIONS</s>
    <s>• PUBLIC TRANSPORTATION</s>
    <s>• RETIREMENT INCOME</s>
    <s>Senior Center Map</s>
    <s>For senior centers in and around Council District 3, please see the map below</s>
    <s>View Senior Centers in Council District 3 in a larger map</s>
    <s>Food, Housing, and Utilities</s>
    <s>Food Stamp Program</s>
    <s>Allocates monthly coupons to low-income households to purchase food. For more information, follow the link, call 311, or call the Human Resources Administration at 1-877-472-8411.</s>
    <s>Senior Citizen Rent Increase Exemption (SCRIE)</s>
    <s>Provides a rent increase exemption to seniors (age 62 and older) residing in rent-regulated (rent-controlled or rent-stabilized) apartments, Mitchell-Lama and hotel tenants. For more information, follow the link or call 1-212-442-9366.</s>
    <s>Weatherization Referral and Packaging Program (WRAP)</s>
    <s>Provides low-income seniors with free home energy services designed to lower energy bills and increase the comfort of their homes. For more information, follow the link or call 1-212-442-3055.</s>
    <s>Home Energy Assistance Program (HEAP)</s>
    <s>Provides an annual grant to help low-income homeowners and renters pay fuel and utility costs. For more information, follow the link or call 311.</s>
    <s>New York Prescription Saver Card</s>
    <s>A free pharmacy discount card for New York State residents. Use this card at participating pharmacies to save as much as 60% on generics and 30% on brand name drugs. For more information, follow the link or call New York Prescription Saver at 1-800-788-6917.</s>
    <s>Helps pay certain hospital costs, including medical care after deductibles, co-insurance and/or premiums. For more information, follow the link or call 1-800-MEDICARE.</s>
    <s>Medicare Savings Program</s>
    <s>Three support programs assist low-income seniors with medical costs:</s>
    <s>Qualified Medicare Beneficiaries (QMB)</s>
    <s>Program to assist low-income seniors; Medicaid pays for the Medicare Part B premium and Medicare Part A and B deductibles and co-insurance.</s>
    <s>Specified Low-Income Medicare Beneficiaries (SLIMB)</s>
    <s>Medicaid pays for the Medicare Part B premium to assist low-income seniors.</s>
    <s>Qualified Individual 1 (QI-1)</s>
    <s>Program to assist low-income seniors; Medicaid pays for the full Medicare Part B premium.</s>
    <s>For more information on the Medicare Savings Program, follow the link, call 311, or write to Medicare Savings Program Applications, PO Box 3011, Jamaica, NY 11431.</s>
    <s>Medicare Part D Prescription Drug Coverage</s>
    <s>An insurance program for prescription drug coverage provided by Medicare-approved private companies (for everyone who qualifies for Medicare). Apply online, by phone at 1-800-772-1213, at your nearest Social Security Offices, or call 311 for additional information.</s>
    <s>Pays medical bills for low-income persons including services not covered by Medicare (e.g. dental care, home care, institutional care, prescription drugs, eye glasses, and hearing aids). For more information, follow the link or call 311.</s>
    <s>Elderly Pharmaceutical Insurance Coverage (EPIC)</s>
    <s>Saves seniors over half the cost of most prescription drugs. For more information, follow the link or call 1-800-332-3742 Monday to Friday from 8:30a.m. to 5:00p.m.</s>
    <s>Family Health Plus</s>
    <s>Provides free health coverage through a managed care plan to adults who do not have insurance through their employers, but whose income exceeds the Medicaid limit. For more information, follow the link or call 311.</s>
    <s>NYC Caregiver</s>
    <s>Information about various care and service programs available for NYC seniors. To find an NYC Caregiver Resource Center near you, follow the link. For questions about the program email: caregivers@aging.nyc.gov.</s>
    <s>Tax Credits and Exemptions</s>
    <s>New York State School Tax Relief (STAR)</s>
    <s>Provides an exemption from the school portion of property taxes for owner-occupied primary residences. For more information, follow the link or call 311.</s>
    <s>Real Property Tax Credit (IT-214)</s>
    <s>Provides cash payment or tax credit of up to $375 to homeowners or renters for part of the previous year’s rent or real property taxes. If you would like a screening for IT-214, please visit Benefit QuickCheck, or you can fill out and print a copy of the IT-214 application. For more information, follow the link or call 1-800-225-5829.</s>
    <s>Senior Citizen Homeowners Exemption (SCHE)</s>
    <s>Provides real property tax exemptions of up to 50% for homeowners who meet income guidelines. For information, follow the link or call1-212-504-4080.</s>
    <s>Public Transportation</s>
    <s>Reduced Fare MetroCard</s>
    <s>Provides individuals with reduced fare costs on NYC public transportation. To apply, follow the link, call 1-212-METROCARD or go to the MTA Customer Service Center, located at 3 Stone Street, New York, NY 10004.</s>
    <s>Access A Ride</s>
    <s>Provides transportation for people with disabilities who are unable to use public bus or subway service for some or all of their trips. It offers shared ride, door-to-door transportation service. It operates 24 hours a day, 7 days a week. For more information, follow the link. To apply, call 877-337-2017.</s>
    <s>Retirement Income</s>
    <s>Social Security (Old Age and Survivors Insurance)</s>
    <s>Provides monthly payments to insured workers and their dependents or survivors. For more information, follow the link or call Social Security toll-free at 1-800-772-1213 weekdays from 7:00a.m. to 7:00p.m.</s>
    <s>Supplemental Security Income (SSI)</s>
    <s>Provides monthly payments for disability-eligible persons of any age with physical or mental disabilities. For more information, follow the link or call 1-800-772-1213.</s>
    <s>Veterans Benefits</s>
    <s>Pensions for low-income and disabled veterans; also health care, vocational training, rehabilitation services, education, home loan, disability compensation, life insurance, burial and other benefits. Medical benefits include care in VA hospitals, nursing homes and outpatient services. Dependents and survivors may also be eligible for certain benefits. For more information, follow the link or call 1-800-827-1000 or 1-212-807-7229. Apply online or to: The U.S. Department of Veterans Affairs, NY Regional Office at 346 Broadway, 819 New York, NY 10013-3990.</s>
    <s>﻿District 3 Schools</s>
    <s>With over 30 schools throughout the district, there are plenty of programs local students can choose from as they go through their academic career. To find out more about the schools in District 3, you can download a list of schools (excel spreadsheet) or visit the Department of Education online.</s>
    <s>Interactive Map</s>
    <s>View Public Schools in Council District 3 in a larger map</s>
    <s>With nearly 40 different food related services, the 3rd Council District provides a variety of food options from green markets to food kitchens to ensure residents' food needs are met. For a complete list of all available options in and around the 3rd Council District, you can download a list of resources.</s>
    <s>Interactive Map</s>
    <s>I hope you find the map below a useful resource. Green markets are denoted by green pinpoints, soup kitchens by red, food pantries by blue, community gardens by yellow, and CSA’s by light blue. The food stamp office is denoted on the map as a purple pinpoint.</s>
    <s>View Food and Nutrition Resources in Council District 3 in a larger map</s>
    <s>From research to branch libraries, the 3rd Council District has something for everybody. To find out more about the libraries around District 3, you can download a list of resources or visit the NYPL online.</s>
    <s>Interactive Map</s>
    <s>View Libraries in Council District 3 in a larger map</s>
    <s>For more information about the New York City Public library system, please visit:</s>
    <s>District Office</s>
    <s>For information regarding my District office staff, community boards, or police precincts in the 3rd Council District, please select a topic from below.</s>
    <s>• Staff Information</s>
    <s>• Community Board Information</s>
    <s>• Precinct Community Council Information</s>
    <s>Staff Information</s>
    <s>﻿Speaker Quinn's District Office handles all issues for constituents living in New York's 3rd Council District.</s>
    <s>District Office Chief Of Staff</s>
    <s>Melanie La Rocca</s>
    <s>Legislative Aide, CB2</s>
    <s>Allie Nudelman</s>
    <s>Legislative Aide, CB4</s>
    <s>Michaela Miller</s>
    <s>Legislative Aide, CB5</s>
    <s>Yareni Sanchez</s>
    <s>Senior Legislative Aide, Housing Assistance Coordinator</s>
    <s>Jose Conde</s>
    <s>Community Board Information</s>
    <s>Community Board 2</s>
    <s>3 Washington Sq Vlg Ste 1A</s>
    <s>New York, NY 10012</s>
    <s>Phone: 212.979.2272</s>
    <s>Fax: 212.254.5102</s>
    <s>Community Board 4</s>
    <s>330 West 42nd Street</s>
    <s>26th Floor</s>
    <s>New York, NY 10036</s>
    <s>Phone: 212-736-4536</s>
    <s>Fax: 212.947.9512</s>
    <s>Community Board 5</s>
    <s>450 Seventh Avenue</s>
    <s>Suite 2109</s>
    <s>New York, NY 10123</s>
    <s>Phone: 212.465.0907</s>
    <s>Fax: 212.465.1628</s>
    <s>Precinct Community Council Information</s>
    <s>Find your Precinct</s>
    <s>1st Precinct</s>
    <s>16 Ericsson Place</s>
    <s>New York, NY 10013</s>
    <s>(212) 334-0611</s>
    <s>Meeting: Last Thursday of each month at the 1st Precinct (16 Ericsson Place) at 6:30 p.m. There are no meetings held July or August.</s>
    <s>6th Precinct</s>
    <s>233 West 10th Street</s>
    <s>New York, NY 10014</s>
    <s>(212) 741-4811</s>
    <s>Meeting: Last Wednesday of each month at Our Lady of Pompeii (25 Carmine Street) at 7:30 p.m.</s>
    <s>10th Precinct</s>
    <s>230 West 20th Street</s>
    <s>New York, NY 10011</s>
    <s>(212) 741-8211</s>
    <s>Meeting: Last Wednesday of the month at 343 8th Avenue, and throughout the precinct at 7:30 p.m.</s>
    <s>Please contact the Community Affairs officer at (212) 741-8226 for additional information.</s>
    <s>13th Precinct</s>
    <s>230 East 21st Street</s>
    <s>New York, NY 10011</s>
    <s>(212) 477-7411</s>
    <s>Meeting: Third Tuesday of the month at the 13th Precinct (230 East 21st Street) at 6:30 p.m.</s>
    <s>14th Precinct (Midtown South)</s>
    <s>357 West 35th Street</s>
    <s>New York, NY 10001</s>
    <s>(212) 239-9811</s>
    <s>Meeting: Third Thursday of the month at the New Yorker Hotel (481 8th Avenue) at 7:00 p.m.</s>
    <s>18th Precinct (Midtown North)</s>
    <s>306 West 54th Street</s>
    <s>New York, NY 10019</s>
    <s>(212) 760-8300</s>
    <s>Meeting: Third Tuesday of the month at 427 West 47th Street at 7:30 p.m.</s>
    <s>There are no meetings held in July or August.</s>
    <s>Contact Speaker Quinn</s>
    <s>Your Name</s>
    <s>Prefix *</s>
    <s>First Name*</s>
    <s>Last Name *</s>
    <s>I am writing on my behalf</s>
    <s>I am writing on behalf of an organization</s>
    <s>Your contact info</s>
    <s>Street Address</s>
    <s>StateNew YorkAlaskaAlabamaArkansasAmerica SamoaArizonaCaliforniaColoradoConnecticutD.C.DelawareFloridaGeorgiaGuamHawaiiIowaIdahoIllinoisIndianaKansasKentuckyLouisianaMassachusettsMarylandMaineMichiganMinnesotaMissouriMississippiMontanaNorth CarolinaNorth DakotaNebraskaNew HampshireNew JerseyNew MexicoNevadaNew YorkOhioOklahomaOregonPennsylvaniaPuerto RicoRhode IslandSouth CarolinaSouth DakotaTennesseeTrust TerritoryTexasUtahVirginiaVirgin IslandsVermontWashingtonWisconsinWest VirginiaWyoming- - Not US - - Zip</s>
    <s>General Issue*</s>
    <s>Affordable HousingBUD FY 11Child CareEducationEnvironmentGeneral WelfareHealth CareHousing and BuildingsHungerLand UseLGBTMiddle SchoolsQuality of LifeSanitationSeniorsSmall BusinessSOC 2010TenantTerm LimitsTransportationWomens IssuesYouth</s>
    <s>District Map</s>
  </text>
</page>
