<?xml version="1.0" encoding="UTF-8"?>
<!DOCTYPE page SYSTEM "page.dtd">
<page>
  <lang>en</lang>
  <url>http://aris.ss.uci.edu/HIPLab/OSA.html</url>
  <title>OSA/UCI Color and Vision Meeting</title>
  <snippet>
    <s>A new biennial invited talk named in honor of Robert M. Boynton will be . the OSA meeting that day, for which only a one day registration fee will be required. </s>
  </snippet>
  <text>
    <s>Optical Society of America and</s>
    <s>University of California Irvine</s>
    <s>Vision and Color meeting</s>
    <s>Saturday, October 13th to Monday, October 15th, 2001</s>
    <s>at the UCI Student Center</s>
    <s>!HOTEL GUIDE courtesy of UCI Scheduling and Conference services. The guide covers hotels in the local Irvine area, a few of which run shuttle services to the UCI campus and John Wayne/ Orange County Airport. Most hotels are not within walking distance.</s>
    <s>If you are also attending the main OSA 2001 Annual Meeting at Long Beach, see also the OSA HOUSING PAGE . Long Beach is about 26 miles from UCI.</s>
    <s>For directions to the UCI student center, including directions from Long Beach, click here.</s>
    <s>MEETING SCHEDULE</s>
    <s>The Vision and Color Division of the OSA is holding a high-quality, low-cost, 3-day satellite meeting at the University of California Irvine immediately before the OSA Annual meeting in Long Beach. Our goal is to reinvigorate our Division, which has suffered from declining attendance over recent years, and to encourage local participation.</s>
    <s>The meeting in Irvine will consist of sessions on Color and sessions on Vision. Sessions on Applications of Vision Science will be scheduled during the OSA Annual meeting in Long Beach on Tuesday, October 16th, 2001. Attendance at the satellite meeting will be FREE; there will be no formal registration fee. To attend the Applied Vision and Optics sessions, you must pay the one-day OSA registration fee.</s>
    <s>A new biennial invited talk named in honor of Robert M. Boynton will be presented on Sunday evening. The first speaker, Rhea Eskew, was chosen by Bob for his contributions to OSA and vision science. The talk will be introduced by Robert M. Boynton.</s>
    <s>Please contact any of the organizers or committee members for further information.</s>
    <s>Andrew Stockman</s>
    <s>There is no formal registration for the satellite meeting. However, if you do plan to attend and you are not presenting a paper or poster, please e-mail a.stockman@ucl.ac.uk , so that we can get an idea of the likely attendance.</s>
    <s>Audio-visual arrangements</s>
    <s>The room will have two slide projectors, one overhead, and a computer projector.</s>
    <s>Poster Dimensions</s>
    <s>Posters should be less than 48&quot; wide and 48&quot; high.</s>
    <s>The deadline for abstract submissions has passed.</s>
    <s>Nevertheless, we will continue to consider abstract submissions for posters (250 words, including titles, submitted to the OSA/UCI meeting c/o Andrew Stockman at a.stockman@ucl.ac.uk ).</s>
    <s>Young Investigator Award</s>
    <s>The Young Investigator Award is given annually to the best Presentation within the Division of Vision and Color. The award is based on: (1) the scientific rigor and/or engineering excellence of the presented work; (2) originality; (3) the clarity of the presentation. Poster presentations and oral presentations are considered equally.</s>
    <s>Eligibility: Students at the undergraduate, graduate, and postdoctoral level who are giving a presentation at the OSA/UCI Vision and Color meeting are also eligible for this award. When submitting the abstract, please notify us that you wish to be considered for this award. For further details see the OSA call for papers.</s>
    <s>SCHEDULES (the Vision Sessions and Color Workshop are listed separately).</s>
    <s>Vision Sessions</s>
    <s>October 13th and 14th, 2001</s>
    <s>OSA technical committee (Vision)</s>
    <s>Anthony Norcia, Smith-Kettlewell Institute (amn@ski.org)</s>
    <s>Miguel Eckstein, Cedars Sinai Medical Center (eckstein@psych.ucsb.edu)</s>
    <s>Invited talks will be 25 mins long with 5 mins discussion, and submitted talks 12 mins with 3 mins discussion. The workshop format is flexible. Only the presenter of the talks are listed below. Coauthors will be listed in the abstracts.</s>
    <s>AV. Noise limitations in early vision 8:00 - 9:30 AM. Organizer: Christopher Tyler, Smith-Kettlewell</s>
    <s>8:00 AV1. Lenny Kontsevich, Smith-Kettlewell</s>
    <s>Response nonlinearity and internal noise revealed by psychophysical means .</s>
    <s>8:30 AV2. Arthur Burgess, Harvard Medical School</s>
    <s>Detecting and discriminating signals in correlated noise and statistically defined backgrounds.</s>
    <s>9:00 AV3. Ted Cohn, U C Berkeley</s>
    <s>Thresholds and Noise.</s>
    <s>9:15 AV4. Albert Ahumada, NASA Ames</s>
    <s>Some Classification Image Methodology Issues.</s>
    <s>9:30 Break for coffee.</s>
    <s>BV. Optimal observers in perception and cognition 9:45 AM- 12:30 PM. Organizers: Bosco Tjan, USC and Zili Liu, UCLA</s>
    <s>9:45 BV1. Bill Geisler, Univ. of Texas, Austin</s>
    <s>Bayesian natural selection and the evolution of optimal detection.</s>
    <s>10:15 BV2. Ben Backus, Univ. of Pennsylvania</s>
    <s>Visual Statistics Pollution: should we worry?</s>
    <s>10:40 BV3. David Knill, Univ. of Rochester</s>
    <s>Mixture models and the probabilistic structure of monocular depth cues.</s>
    <s>11:10 BV4. Steven Shimozaki, U C Santa Barbara</s>
    <s>Comparison of two weighted integration models of the cueing task: optimal Bayesian and linear.</s>
    <s>11:35 BV5. Jason Gold, Indiana University</s>
    <s>Decay of visual memory is due to decreased signal, not increased noise.</s>
    <s>12:05 BV6. Stanley Klein, U C Berkeley</s>
    <s>New methods for assessing the optimality of human observers.</s>
    <s>12:30 AM - 1:30 PM Lunch</s>
    <s>CV. Perceptual Learning 1:30 - 3:15 PM. Organizer: Ione Fine, U C San Diego</s>
    <s>1:30 CV1. Manfred Fahle, University of Bremen</s>
    <s>Perceptual learning: Psychophysics and electrophysiology.</s>
    <s>2:00 CV2. Robert Jacobs, University of Rochester</s>
    <s>Learning to See in Three Dimensions .</s>
    <s>2:30 CV3. Zhong Lin Lu, USC</s>
    <s>Retuning Perceptual Templates through Perceptual Learning.</s>
    <s>2:45 CV4. Ione Fine, UC San Diego</s>
    <s>Neural and functional effects of long-term visual deprivation.</s>
    <s>3:00 CV5. Susana Chung, Indiana University</s>
    <s>Perceptual Learning in Peripheral Vision.</s>
    <s>3:15 Break for Coffee</s>
    <s>DV. Optical factors in Visual Resolution 3:45 - 5:45 PM. Organizer: Donald MacLeod, U C San Diego</s>
    <s>3:45 DV1. Matt McMahon, Univ. of Washington</s>
    <s>Retinal contrast losses and visual resolution with obliquely incident light.</s>
    <s>4:15 DV2. Austin Roorda, Univ. of Texas</s>
    <s>Title not yet provided.</s>
    <s>4:35 DV3. David Williams, Univ. of Rochester</s>
    <s>When Improving the Eye's Optics Makes Vision Worse.</s>
    <s>5:05 DV4. Donald MacLeod, U C San Diego</s>
    <s>Does the retinal mosaic limit visual resolution?</s>
    <s>5:25 DV5. Larry Thibos, Indiana University</s>
    <s>Predicting Visual Performance from Scalar Metrics of Optical Quality.</s>
    <s>EV. Workshop on Visual Attention 5:45 PM- 7:30 PM. Organizer: Miguel Eckstein, U C Santa Barbara</s>
    <s>Marisa Carrasco, NYU</s>
    <s>Barbara Dosher, UC Irvine</s>
    <s>John Palmer, Univ. of Washington</s>
    <s>George Sperling, UC Irvine</s>
    <s>Harold Pashler, UC San Diego</s>
    <s>7:30 Dinner</s>
    <s>FV. Vision poster session 8:30 - 12:00 AM</s>
    <s>(Parallel with Color Workshop).</s>
    <s>FV1. L.G. Appelbaum, Z.L. Lu and G. Sperling</s>
    <s>Facilitation of Subthreshold Contrasts by Means of Texture-Slant Discrimination.</s>
    <s>FV2. C. C. Chen and C. W. Tyler</s>
    <s>The flanker orientation effect on contrast discrimination.</s>
    <s>FV3. Amanda M. Dawson</s>
    <s>Subcortical contributions to masked scene perception.</s>
    <s>FV4. J. Gobell, C.H. Tseng, and G. Sperling</s>
    <s>Measuring the spatial resolution of visual attention.</s>
    <s>FV5. Hyungjun Kim, Zhong-Lin Lu, and George Sperling</s>
    <s>Rivalry motion: A cue to cyclopean motion perception.</s>
    <s>FV6. Hiroyuki Ito and Stuart Anstis</s>
    <s>Anomalous movements of texture-defined contours.</s>
    <s>FV7. T. Lawton</s>
    <s>Reading is controlled by magnocellular pathways: colored text read 30% slower than equiluminant grayscale text.</s>
    <s>FV8. Eriko Miyahara &amp; Mark D. Fairchild</s>
    <s>Fundamental Aspect of Image Quality Metrics: Contrast Sensitivity on Background of Varied Relative Phase.</s>
    <s>FV9. R. F. Murray, P. J. Bennett, A. B. Sekuler</s>
    <s>No early pointwise non-linearity in shape discrimination.</s>
    <s>FV10. Francesca Pei and Anthony M. Norcia</s>
    <s>Object-directed attention increases signal strength in human visual cortex.</s>
    <s>FV11. Sherif Shady, Donald I. A. MacLeod, Stephanie L. Carpenter and Sara E. Violett</s>
    <s>Flicker Adaptation from Subthreshold Modulation.</s>
    <s>FV12. Hisaaki Tabuchi and Tadayuki Tayama</s>
    <s>The effect of spatial frequency on the recognition of facial identity and expression.</s>
    <s>FV13. Chia-Huei Tseng, Yungjun Kim, Joetta L. Gobell, Zhong-Lin Lu, and George Sperling.</s>
    <s>Revisiting Stereoptic Motion Standstill: Stereoptic Motion Processing Has Lower Temporal Resolution than Shape Processing.</s>
    <s>FV14. Mieko Yanagisawa and Keiji Uchikawa</s>
    <s>Contrast sensitivity under the suppression phase of binocular rivalry for 　 normal and strabismic observers.</s>
    <s>GV. Mid-level vision 2:45 - 4:30 PM. (Parallel with second color workshop poster session)</s>
    <s>2:45 GV1. Lynn Olzak, Miami University, Ohio</s>
    <s>Contextual modulation effects in apparent contrast, contrast discriminations, and spatial frequency discriminations.</s>
    <s>3:00 GV2. Michael Rudd, University of Washington</s>
    <s>A model of brightness and darkness induction based on a neural filling-in mechanism.</s>
    <s>3:15 GV3. Bruce Bridgeman, UC Santa Cruz</s>
    <s>Polarity Reversal Does Not Destroy the Poggendorff Illusion.</s>
    <s>3:30 GV4. Stuart Anstis, UC San Diego</s>
    <s>Metacontrast masking is specific to luminance polarity.</s>
    <s>3:45 GV5. Jeffrey B. Mulligan, NASA Ames</s>
    <s>Sensory processing delays measured with the eye-movement correlogram.</s>
    <s>4:00 GV6. Christopher Tyler, Smith-Kettlewell</s>
    <s>Predicting Symmetry Perception with a Contrast Energy Model.</s>
    <s>4:15 GV7. Joseph Lappin, Vanderbilt University</s>
    <s>Sensitivities to the Changing Structure of Moving and Stationary Images</s>
    <s>Robert M. Boynton Lecture A new biennial invited talk named in his honor.</s>
    <s>5:30 First invited speaker: Rhea Eskew, NorthEastern University</s>
    <s>Odds and Ends: Asymmetric and Unipolar chromatic mechanisms.</s>
    <s>6:15 OSA Vision and Color business meeting</s>
    <s>7:00 (approx.) Dinner</s>
    <s>Color vision workshop. (See separate schedule for details.)</s>
    <s>Visual science and applications sessions will take place at the OSA annual meeting at the Long Beach convention center.</s>
    <s>We encourage you to attend the OSA meeting that day, for which only a one day registration fee will be required.</s>
    <s>Young Investigator Award</s>
    <s>In the Vision Sessions, the following have requested that they be considered for the OSA Young Investigator Award:</s>
    <s>Greg Appelbaum</s>
    <s>Joetta Gobell</s>
    <s>Hyungjun Kim</s>
    <s>Matt McMahon</s>
    <s>Richard Murray</s>
    <s>Sherif Shady</s>
    <s>Chia-Huei Tseng</s>
    <s>Color Vision Workshop</s>
    <s>October 14th and 15th, 2001</s>
    <s>Workshop organizers</s>
    <s>Mike D'Zmura, U C Irvine (mdzmura@uci.edu)</s>
    <s>Karl Gegenfurtner, University of Giessen (gegenfurtner@uni-giessen.de)</s>
    <s>Andrew Stockman, University College London (a.stockman@ucl.ac.uk)</s>
    <s>John S. Werner, U C Davis (jswerner@ucdavis.edu)</s>
    <s>OSA technical committee (Color)</s>
    <s>Vivianne Smith, University of Chicago (vc-smith@uchicago.edu)</s>
    <s>Michael Webster, University of Nevada, Reno (mwebster@scs.unr.edu)</s>
    <s>Given the number of submitted papers, we have assigned all the submitted talks to posters. Invited talks will be 25 mins long with 5 mins discussion. Presenters are listed below. The coauthors of papers will be listed in the abstracts.</s>
    <s>Vision Sessions. (See separate schedule for details.)</s>
    <s>AC. Early pathways 8:30 - 12:00 AM. Organizer: Andrew Stockman, University College London (Parallel with Vision posters.)</s>
    <s>8:30 AC1. Lindsay Sharpe, University of Newcastle</s>
    <s>The molecular genetics of color vision and colorblindness: a primer.</s>
    <s>9:00 AC2. Julie Schnapf, U C San Francisco</s>
    <s>Receptive Fields of Cones in the Primate Retina.</s>
    <s>9:30 AC3. Dennis Dacey, University of Washington</s>
    <s>Identification of an S-cone OFF opponent pathway in the macaque monkey retina.</s>
    <s>10:00 Break for coffee and posters</s>
    <s>11:00 AC4. Stan Schein, U C Los Angeles</s>
    <s>Blue OFF midget and two kinds of BY ganglion cells in macaque fovea.</s>
    <s>11:30 AC5. Kathy Mullen, McGill University</s>
    <s>Behavioral correlates of cyto-architectural differences between the L/M and S-cone opponent systems.</s>
    <s>12:00 AM - 1:00 PM Lunch</s>
    <s>BC. Developmental 1:00 - 5:30 PM. Organizer: John S. Werner, U C Davis</s>
    <s>1:00 BC1. Jay Neitz, Medical College of Wisconsin</s>
    <s>What determines if a cone will be L or M during development and the implications for red-green color vision circuitry.</s>
    <s>1:30 BC2. Karen Dobkins, U C San Diego</s>
    <s>Development of Red/Green Color Vision and Its Input to Motion Processing: Insights into Magnocellular vs. Parvocellular Development.</s>
    <s>2:00 BC3. Michael Crognale, University of Nevada, Reno</s>
    <s>Development, Maturation, and Aging of Chromatic Visual Pathways: VEP Results.</s>
    <s>2:30 Break for coffee and posters (Parallel with Mid-level vision session 2.45-4:30 PM. )</s>
    <s>4:30 BC4. Ken Knoblauch, Universite Jean Monnet</s>
    <s>Life span changes in chromatic sensitivity.</s>
    <s>5:00 BC5. John S. Werner, U C Davis</s>
    <s>What is the physiological basis for senescent elevations in cone thresholds?</s>
    <s>Robert M. Boynton Lecture A new biennial invited talk named in his honor.</s>
    <s>5:30 First invited speaker: Rhea Eskew, NorthEastern University</s>
    <s>Odds and Ends: Asymmetric and Unipolar chromatic mechanisms.</s>
    <s>6:15 OSA Vision and Color business meeting</s>
    <s>7:00 (approx.) Dinner</s>
    <s>CV. Cortical color physiology 8:00 AM- 1:00 PM. Organizer: Karl Gegenfurtner, Univ. of Giessen</s>
    <s>8:00 CV1. Peter Lennie, New York University</s>
    <s>Where Are the Chromatic Signals in Cortex?</s>
    <s>8:30 CV2. Robert Shapley, New York University</s>
    <s>New results about the role of V1 in color vision.</s>
    <s>9:00 CV3. Russ DeValois, U C Berkeley</s>
    <s>S-cone and S-opponent inputs to V1 cells.</s>
    <s>9:30 CV4. Steve Engel, UCLA</s>
    <s>Color selective signals in primary visual cortex: magnitude, independence, and orientation selectivity.</s>
    <s>10:00 Break for coffee and posters</s>
    <s>11:00 CV5. Thomas Albright, Salk Institute</s>
    <s>Neural correlates of color appearance.</s>
    <s>11:30 CV6. Brian Wandell, Stanford</s>
    <s>Color Responses Measured in Human Visual Cortex</s>
    <s>12:00 Break for lunch</s>
    <s>DV. Color perception 1:00 - 5:30 PM. Organizer: Michael D'Zmura, U C Irvine</s>
    <s>1:00 DV1. Carol Cicerone, U C Irvine</s>
    <s>Depth from subjective color and apparent motion</s>
    <s>1:30 DV2. Steven Shevell, University of Chicago</s>
    <s>Color appearance and the spatial structure of context.</s>
    <s>2:00 DV3. David Brainard, U C Santa Barbara</s>
    <s>Computational mechanisms of color constancy</s>
    <s>2:30 Break for coffee and posters</s>
    <s>4:00 DV4. Michael Webster, University of Nevada, Reno</s>
    <s>Contextual influences on color naming.</s>
    <s>4:30 DV5. Qasim Zaidi, SUNY Optometry</s>
    <s>Cues And Strategies For Color Constancy.</s>
    <s>5:00 DV6. Allen Nagy, Wright State University</s>
    <s>Are There Cardinal Color Directions in Visual Search?</s>
    <s>5:15 DV7. Carmella Moore, U C Irvine</s>
    <s>Effects of language and gender on the perceptual structure of basic colors in English and Vietnamese.</s>
    <s>5:30 Dinner.</s>
    <s>Visual science and applications sessions will take place at the OSA annual meeting at the Long Beach convention center.</s>
    <s>We encourage you to attend the OSA meeting that day, for which only a one day registration fee will be required.</s>
    <s>Poster sessions: Sunday 10:00-11:00 AM and 2:30-4:30 PM, and Monday 10:00-11:00 AM and 2:30-4:00 PM.</s>
    <s>PV1. William H. A. Beaudot and Kathy T. Mullen</s>
    <s>Is Color Vision Deficient in Shape Perception?</s>
    <s>PV2. Steven L. Buck and Roger Knight</s>
    <s>Persistence of rod influence on hue perception.</s>
    <s>PV3. J. Carroll, M. Neitz, M. &amp; J. Neitz</s>
    <s>Unique yellow settings of anomalous trichromats suggest that the red/green opponent system is normalized by visual experience.</s>
    <s>PV4. Sarina Hui-Lin Chien and Davida Y. Teller.</s>
    <s>Lightness constancy in young infants using real surfaces and real illuminations.</s>
    <s>PV5. Wendy L. Davis &amp; Karen K. De Valois</s>
    <s>Hue selectivity and the magnitude of the Ebbinghaus illusion.</s>
    <s>PV6. Peter B. Delahunt and David H. Brainard</s>
    <s>Color constancy depends on the color direction of the illuminant change.</s>
    <s>PV7. James T. Fulton</s>
    <s>Signal &amp; Threshold conditions in the luminance and chrominance channels of vision.</s>
    <s>PV8. Vitali. V. Gavrik</s>
    <s>Axial Absorbance of Outer Segments from Reflectometric and Microphotometric Data.</s>
    <s>PV9. Vitali. V. Gavrik</s>
    <s>The Yellow Sensation: Spectral Independence of the L-cone.</s>
    <s>PV10. Kristin A. Haase, Vicki J. Volbrecht, Janice L. Nerger, and Cynthia L. Angel</s>
    <s>Rod Influence on Color Naming.</s>
    <s>PV11. I.E. Intskirveli, M.O. Roinishvili, A.R. Kezeli</s>
    <s>Development of function of colour constancy in fish depends on individual visual experience.</s>
    <s>PV12. Garrett M. Johnson and Mark D. Fairchild</s>
    <s>Development and Evaluation of a Color Image Difference Metric.</s>
    <s>PV13. M. Khomeriki, N. Lomashvili, M. Malania, and M. Sharikadze</s>
    <s>The Georgian System of the basic colours and E. Hering's theory of colour opponency.</s>
    <s>PV14. Ichiro Kuriki</s>
    <s>The site of chromatic adaptation to ambient illuminant change.</s>
    <s>PV15. Patrick Monnier and Steve Shevell</s>
    <s>Induction from chromatic patterns: test of receptive field models.</s>
    <s>PV16. Maria Pereverzeva, Sarina Hui-Lin Chien, John Palmer, and Davida Y. Teller</s>
    <s>Infant color vision: Individual differences in isoluminance values in infants and adults.</s>
    <s>PV17. Nicola J. Pitchford and Kathy T. Mullen</s>
    <s>Young Children's Development of Basic Color Terms.</s>
    <s>PV18. Keizo Shinomori and Yoshinao Fukada</s>
    <s>Symmetrical elevations in chromatic discrimination thresholds under chromatic adaptation by chromatic flicker between white and one saturated color.</s>
    <s>PV19. James P. Thomas, J. Ignacio Vallines, Riklef Weerda, Mark W. Greenlee</s>
    <s>Interaction of color and shape processing: Psychophysical and imaging evaluations.</s>
    <s>PV20. Taketoshi Uchida and Keiji Uchikawa</s>
    <s>Chromatic Discrimination Mechanism revealed with inhomogeneous-field chromatic stimuli.</s>
    <s>PV21. Keiji Uchikawa, Yasuhiro Emori, Takashi Toyooka, and Kenji Yokoi</s>
    <s>Color-Category Constancy in the OSA Uniform Color Space.</s>
    <s>PV22. Y.Yamauchi, D.R.Williams, J.Carroll, J.Neitz and M.Neitz</s>
    <s>The longevity of the effects caused by a long-term chromatic alteration.</s>
    <s>PV23. Kenji Yokoi and Keiji Uchikawa</s>
    <s>Chromatic visual search mechanism based on color category of target and distractors.</s>
    <s>Young Investigator Award</s>
    <s>In the Color Vision Workshop, the following have requested that they be considered for the OSA Young Investigator Award:</s>
    <s>Joseph Caroll</s>
    <s>Sarina Hui-Lin Chien</s>
    <s>Wendy Davis</s>
    <s>Peter Delahunt</s>
    <s>Garrett Johnson</s>
    <s>Patrick Monnier</s>
    <s>Please notify us if your name has been omitted.</s>
    <s>GENERAL INFORMATION</s>
    <s>University of California Irvine Student Center.</s>
    <s>The conference facilities are within the UCI Student Center, which contains numerous food shops where lunch and snacks may be purchased. Plans for an opening reception and a banquet are under consideration.</s>
    <s>For further announcements and updates, please revisit this site:</s>
    <s>http://www-cvrl.ucsd.edu/osa or http://www.cvrl.org/osa</s>
    <s>!CVRL home page.</s>
  </text>
</page>
