<?xml version="1.0" encoding="UTF-8"?>
<!DOCTYPE page SYSTEM "page.dtd">
<page>
  <lang>en</lang>
  <url>https://cfwebprod.sandia.gov/cfdocs/CCIM/awards.cfm%3Fyear_presented%3DAll</url>
  <title>CCIM Awards</title>
  <snippet>
    <s>Adams, Brian M, Invited Talk, Uncertainty Quantification Methods Enabling of the organizing committee, 2010 DOE Applied Math Program Meeting, Office of </s>
  </snippet>
  <text>
    <s>!CCIM Logo!</s>
    <s>UNCLASSIFIED UNLIMITED RELEASE DOCUMENTS ONLY</s>
    <s>Advanced Search</s>
    <s>View Year:</s>
    <s>All 1993 1996 1999 2001 2004 2005 2006 2007 2008 2009 2010 2011 2012 2013</s>
    <s>All Awards and Recognition</s>
    <s>Adams, Brian M, Invited Talk, Uncertainty Quantification Methods Enabling Credible Simulation, North Carolina State University, Nuclear Engineering / Mathematics Joint Seminar, November 5, 2009.</s>
    <s>Adams, Brian M, Invited Talk, Global Sensitivity Analysis, Verification and Validation for Nuclear Systems Analysis: Workshop II, May 24, 2010 - May 28, 2010.</s>
    <s>Adams, Brian M, Invited Talk, Advanced Uncertainty Quantification for Optimization under Uncertainty, INFORMS Annual Meeting 2010, November 7, 2010 - November 10, 2010.</s>
    <s>Adams, Brian M, Invited Talk, Surrogate Modeling with Surfpack, INFORMS Annual Meeting 2010, November 7, 2010 - November 10, 2010.</s>
    <s>Adams, Brian M, Invited Talk, Uncertainty Quantification Methods Enabling Credible Simulation, Soceity for Experimental Mechanics, IMAC-XXIX Conference and Exposition on Structural Dynamics, January 31, 2011 - February 3, 2011.</s>
    <s>Adams, Brian M, Invited Talk, Managing complexity in simulation-based uncertainty quantification, North Carolina State University, Workshop on Future Directions in Applied Mathematics, March 10, 2011 - March 11, 2011.</s>
    <s>Adams, Brian M, Invited Talk, Simulation-based Optimization Tutorial, IPAM at UCLA, Navigating Chemical Compound Space for Materials and Bio Design Workshop, March 16, 2011.</s>
    <s>Bader, Brett W., Invited Talk, Algebraic Techniques for Multilingual Document Clustering, Google, January 25, 2011.</s>
    <s>Bader, Brett W., Invited Talk, Algebraic Techniques for Multilingual Document Clustering, Lawrence Livermore National Laboratory, January 26, 2011.</s>
    <s>Bader, Brett W., Review Board, Program Committee, Text Mining 2011: Workshop at the SIAM International Conference on Data Mining, April 30, 2011.</s>
    <s>Bader, David A, Karen D Devine, Peter Arbenz, Society/Professional Leadership, Co-Chairs, SIAM 2012 Conference on Parallel Processing, Society for Industrial and Applied Mathematics, March 1, 2010 - March 1, 2012.</s>
    <s>Ballance, Bob, Bob Benner, Courtenay Vaughan, Cynthia Phillips, Gerald Quinlan, Jim Laros, Jim Tomkins, John VanDyke, Keith Underwood, Kevin Pedretti, Lee Ann Riesen, Lee Ward, Len Stans, Linda Bonnefoy-Lev, Michael Levenhagen, Patricia Brown, Paul Iwanchuk, Rolf Riesen, Ruth Klundt, Suzanne Kelly, Trammell Hudson, Vitus Leung, William J. Camp, Award, Excellence in Technology Transfer, Federal Laboratory Consortium, Red Storm Massively Parallel Processor, April 29, 2010.</s>
    <s>Barrett, Richard F, Society/Professional Leadership, Member of the Tutorials committee, The ACM/IEEE Conference on High Performance Networking and Computing (SC10), January 1, 2010 - November 19, 2010.</s>
    <s>Barrett, Richard F, Society/Professional Leadership, Program committee, 16th International Workshop on High-Level Parallel Programming Models and Supportive Environments (HIPS'11), August 25, 2010 - May 20, 2011.</s>
    <s>Barrett, Richard F, Society/Professional Leadership, Organizing co-chair, Programming models workshop at the Los Alamos Computer Science Symposium, July 25, 2010 - October 13, 2010.</s>
    <s>Barrett, Richard F, Society/Professional Leadership, Program committee, The European MPI User's Group, January 1, 2010 - September 14, 2010.</s>
    <s>Berry, Jonathan W., Review Board, Technical Program Committee, IEEE Workshop on MultiThreaded Architectures and Applications (MTAAP), IEEE IPDPS, January 1, 2011.</s>
    <s>Bochev, Pavel, Invited Talk, Optimization-based computational modeling, or how to achieve better predictiveness with less complexity, Pontifical Catholic University of Chile, Santiago, Chile, December 9, 2010.</s>
    <s>Bochev, Pavel, Invited Talk, Optimization-based computational modeling, Institute of mathematics and its Applications, U. Minnessota, Invited talk at the IMA workshop on &quot;Numerical solution of PDEs: novel discretization techniques&quot;, November 1, 2010.</s>
    <s>Bochev, Pavel, Invited Talk, Optimization-based computational models, or how to let someone else do the hard work, University of Pavia, Workshop on “Non-standard numerical methods for PDE’s”, Pavia,Italy , June 29, 2010.</s>
    <s>Bochev, Pavel, Invited Talk, Least-squares methods for PDEs: a fair and balanced perspective, Institute of Mathematics and its Applications, University of Minnesota, Tutorial given at the IMA workshop on &quot;Numerical solution of PDEs: novel discretization techniques&quot;, November 20, 2010.</s>
    <s>Bochev, Pavel, Invited Talk, Least-squares methods for geosciences, Special Session on Advances in Computational Modeling in the Geosciences, SIAM Annual Meeting, July 14, 2010.</s>
    <s>Bochev, Pavel, Society/Professional Leadership, Member of the international scientific committee, International Conference on Finite Elements in Fluids, FEF11, Munich, Germany, July 27, 2010 - March 31, 2011.</s>
    <s>Bochev, Pavel, Society/Professional Leadership, Member of the international scientific committee, 8th International Conference on Large Scale Scientific Computing, LSSC 11, Sozopol, Bulgaria, September 1, 2010 - June 10, 2011.</s>
    <s>Bochev, Pavel, Society/Professional Leadership, Member of the organizing committee, 2010 DOE Applied Math Program Meeting, Office of Science, DOE, February 1, 2010 - May 5, 2010.</s>
    <s>Bochev, Pavel, Review Board, Numerical PDE's review panel, National Science Foundation, Division of Mathematical Sciences, March 1, 2010.</s>
    <s>Bochev, Pavel, Review Board, DOE Early Career Award Panel, Department of Energy, ASCR, January 28, 2011.</s>
    <s>Bochev, Pavel, Journal/Book Editor, Editor in chief, SIAM Journal on Numerical Analysis, SIAM, January 1, 2010.</s>
    <s>Bochev, Pavel, Award, Award for Excellence, Sandia National Laboratories, For educating the next generation of computational scientists through teaching at UNM, November 10, 2010.</s>
    <s>Bochev, Pavel, Award, Employee Recognition Award Nomination, Sandia National Laboratories, Nomination for Individual Exceptional Service, March 23, 2010.</s>
    <s>Bochev, Pavel, Award, Award for excellence, Sandia National Laboratories, For outstanding team effort on an industrial CRADA project, February 16, 2010.</s>
    <s>Boman, Erik G, Society/Professional Leadership, Supercomputing 2010(SC10) technical program committee member, ACM/IEEE, January 1, 2010 - November 30, 2010.</s>
    <s>Boslough, Mark B, Society/Professional Leadership, Fellow, Committee for Skeptical Inquiry (CSI), &quot;The twelve scholars and investigators elected are outstanding skeptics from five countries who have made major contributions to science and reason, critical inquiry, and public education.&quot;, February 7, 2011.</s>
    <s>Boslough, Mark B, Society/Professional Leadership, Program Committee, 2011 IAA Planetary Defense Conference, May 9, 2011 - May 12, 2011.</s>
    <s>Boslough, Mark B, Review Board, Mitigation Panel, National Research Council, National Academy of Sciences, Coauthored report &quot;Defending Planet Earth: Near-Earth Object Surveys and Hazard Mitigation Strategies&quot;, March 1, 2009 - February 28, 2010.</s>
    <s>Bou Rabee, Nawaf, Jerrold Marsden, Louis A Romero, Best Paper/Poster, Paper selected to be reprinted in SIGEST section of SIAM Review, Journal, Dissipation Induced Heteroclinic Orbits in Tippe Tops, , August 1, 2008.</s>
    <s>Brandt, J., V. De Sapio, A. Gentile, J. Mayo, P. Pebay, D. Roe, D. Thompson, M. Wong, Invited Talk, “Scalable HPC Monitoring and Analysis for Understanding and Automated Response”, HPC Resilience Summit 2010: Workshop on Resilience for Exascale HPC, Los Alamos Computer Science Symposium (LACSS), Los Alamos,, October 1, 2010.</s>
    <s>Brandt, J., Invited Talk, “Understanding Large Scale HPC Systems Through Scalable Monitoring and Analysis”, Department of Computer Science Colloquium, New Mexico State University, Los Cruces, NM , October 1, 2010.</s>
    <s>Brandt, J., Society/Professional Leadership, Organizing Committee, Publication Co-chair, Workshop on Resiliency in High-Performance Computing (Resilience) in Clusters, Clouds, and Grids, IEEE International Symposium on Cluster, Cloud, and Grid Computing (CCGRID), Melbourne, Australia, May 1, 2010.</s>
    <s>Brandt, J., Society/Professional Leadership, Program Committee, HPC Resilience Summit 2010: Workshop on Resilience for Exascale HPC, Los Alamos Computer Science Symposium (LACSS), Los Alamos, NM , October 1, 2010.</s>
    <s>Brandt, J., Society/Professional Leadership, Program Committee, 9th IEEE International Symposium on Parallel and Distributed Processing with Applications (ISPA), Busan, Korea, May 1, 2011.</s>
    <s>Brandt, J., Society/Professional Leadership, System Software Technical Papers Committee, SC11, Seattle WA, November 1, 2011.</s>
    <s>Brandt, J. M., Society/Professional Leadership, Lead, Working Group, HPC Monitoring and Metrics , ASC Tri-lab Common Computing Environment (CCE), Ongoing., January 1, 2009 - December 1, 2011.</s>
    <s>Brandt, J. M., Society/Professional Leadership, Working Group Member, ASC Exascale Tools, Ongoing, June 1, 2010 - December 1, 2011.</s>
    <s>Brightwell, Ron, Invited Talk, Opportunities and Approaches for System Software in Supporting Application/Architecture Co-Design, Workshop on Application/Architecture Co-design for Extreme-scale Computing, September 24, 2010.</s>
    <s>Brightwell, Ron, Invited Talk, A System Software Perspective on Resilience for Extreme-Scale Computing, Los Alamos Computer Science Symposium, October 12, 2010.</s>
    <s>Brightwell, Ron, Invited Talk, High-Performance Networking Challenges for Exacale Systems, Workshop on Reaching Exascale in this Decade, December 19, 2010.</s>
    <s>Brightwell, Ron, Society/Professional Leadership, Program Committee, IEEE International Conference on High-Performance Computing, Networking, Storage, and Analysis (SC'10), November 13, 2010 - November 19, 2010.</s>
    <s>Brightwell, Ron, Society/Professional Leadership, Program Committee, International Symposium on Computer Architecture and High-Performance Computing, October 27, 2010 - October 30, 2010.</s>
    <s>Brightwell, Ron, Society/Professional Leadership, Program Chair, IEEE Symposium on High-Performance Interconnects, August 24, 2010 - August 25, 2010.</s>
    <s>Brightwell, Ron, Society/Professional Leadership, Steering Committee, IEEE International Conference on Cluster Computing, September 20, 2010 - September 24, 2010.</s>
    <s>Brightwell, Ron, Society/Professional Leadership, Program Committee, ACM International Symposium on High-Performance Distributed Computing, June 20, 2010 - June 25, 2010.</s>
    <s>Brightwell, Ron, Society/Professional Leadership, Program Committee, European MPI Users Group Conference, September 12, 2010 - September 15, 2010.</s>
    <s>Carpenter, John H., Invited Talk, A New Wide-Range Equation of State for Xenon, 17th Biennial International Conference of the APS Topical Group on Shock Compression of Condensed Matter, June 26, 2011 - July 1, 2011.</s>
    <s>Costa, Jim, Society/Professional Leadership, SC11 and SC13 Executive Committee and SCxy Steering Committee 2011-2013, Executive Committee, January 1, 2011 - November 1, 2013.</s>
    <s>Curry, Matthew L., Anthony Skjellum, Invited Talk, A GPU-Based Storage System, EMC, a technical talk for the EMC Cloud Infrastructure Group, November 8, 2010.</s>
    <s>De Sapio, V., Invited Talk, “Task-level Strategies for Constrained Motion Control &amp; Human Motion Synthesis”, Stanford University course CS 327A – Advanced Robotic Manipulation, May 1, 2010.</s>
    <s>De Sapio, V., Journal/Book Editor, Journal Peer Review Committee, IEEE Transactions on Neural Systems &amp; Rehabilitation Engineering, Reviewer of journal articles for publication, August 1, 2010.</s>
    <s>De Sapio, V., R. Chen, Journal/Book Cover, . A Task-level Biomechanical Framework for Investigating Motion Control in Humans., . In Tarun Goswami, editor, Biomechanics / Book 3, InTech, ISBN 978-953-307-1097-4, July 1, 2011.</s>
    <s>Deccio, C., Invited Talk, Visual DNSSEC Troubleshooting with DNSViz, RIPE 60. Prague, Czech Republic, May 6, 2010.</s>
    <s>Deccio, C., Invited Talk, Modeling DNS Security: Misconfiguration, Availability, and Visualization, Brigham Young University Computer Science Colloquium. Provo, UT, September 9, 2010.</s>
    <s>Devine, Karen D, Society/Professional Leadership, IPDPS11 Program Committee, International Parallel and Distributed Processing Symposium 2011, August 1, 2010 - May 1, 2011.</s>
    <s>Devine, Karen D, Cammey Cole Manning, Carol A Woodward, Society/Professional Leadership, Chairs, Association for Women in Mathematics SIAM Workshop committee, Association for Women in Mathematics, Organized career-focused workshop for female post-docs and graduate students; sponsored by DOE ASCR and DoD ONR., August 1, 2008 - August 1, 2011.</s>
    <s>Dickey, Fred M, Scott Holswade, Louis A Romero, Patent, &quot;Gaussian Beam Profile Shaping Apparatus,&quot; No. 5,864,430,1/26/99, January 26, 1999.</s>
    <s>Dickey, Fred M , Louis A Romero, Armin W Doerry, Best Paper/Poster, Premium award, Institute of Engineering and Technology, Journal, Best paper of 2007, IET Journal of Radar, Sonar, and Navigation, &quot;Degrading Effects of the Lower Atmosphere and Long Range Airborne SAR Imaging. , September 1, 2007.</s>
    <s>Dunlavy, Daniel M., Society/Professional Leadership, Professional Development Working Group, SIAM, September 1, 2008 - September 1, 2010.</s>
    <s>Dunlavy, Daniel M., Society/Professional Leadership, NA Digest Editor, NA-Net, Weekly newsletter sent to 8500+ professionals interested in numerical analysis research, development, and education. Ongoing, December 1, 2010 - December 1, 2011.</s>
    <s>Dunlavy, Daniel M., Review Board, Program Committee, Workshop on Large-Scale Data Mining: Theory and Applications, July 25, 2010.</s>
    <s>Dunlavy, Daniel M., Review Board, Program Committee, Special Issue on Large-Scale Data Mining: Theory and Applications, ACM Transaction on Knowledge Discovery from Data, May 1, 2010 - July 1, 2010.</s>
    <s>Dunlavy, Daniel M., Society/Professional Leadership, Co-organizer, SIAM Annual Meeting, Professional Development Evening, July 15, 2010.</s>
    <s>Ebeida, Mohamed S, Patrick Knupp, Vitus J Leung, Invited Talk, Mesh Generation of Modeling and Simulation of Carbon Sequestration Processes, SIAM Conference on Computational Science and Engineering, March 1, 2011.</s>
    <s>Eldred, Michael S., Journal/Book Editor, Editorial board, International Journal for Uncertainty Quantification, December 1, 2009 - December 1, 2012.</s>
    <s>Eldred, Michael S., Journal/Book Editor, Editorial board, Structure and Infrastructure Engineering: Maintenance, Management, Life-Cycle Design and Performance, February 15, 2004 - May 31, 2009.</s>
    <s>Eldred, Michael S., Professional Society Promotion, Associate Fellow, American Institute of Aeronautics and Astronautics (AIAA), October 4, 2004.</s>
    <s>Eldred, Michael S., Society/Professional Leadership, Multidisciplinary Design Optimization Technical Committee, American Institute of Aeronautics and Astronautics (AIAA), April 1, 1996 - February 1, 2001.</s>
    <s>Eldred, Michael S., Society/Professional Leadership, Nondeterministic Approaches Technical Committee, American Institute of Aeronautics and Astronautics (AIAA), May 4, 2006 - December 31, 2011.</s>
    <s>Eldred, Michael S., Review Board, review team for Purdue PSAAP, ASC Predictive Science Academic Alliance Program (PSAAP), September 29, 2008 - September 27, 2009.</s>
    <s>Eldred, Michael S., Review Board, technical support team (TST) for Stanford PSAAP, ASC Predictive Science Academic Alliance Program (PSAAP), April 8, 2010 - December 31, 2011.</s>
    <s>Eldred, Michael S., Other External Recognition, Program committee for SciDAC 2011, Advanced Scientific Computing Research (ASCR) Scientific Discovery through Advanced Computing (SciDAC) Program, November 10, 2010 - July 14, 2011.</s>
    <s>Forsythe, Chris, Advisory Board, Member of Navy Advisory Board for Designing the Next Generation Submarine Command and Control Center, ONR, Served on advisory team to develop concepts and present them to the submarine fleet., January 1, 2010 - December 30, 2010.</s>
    <s>Forsythe, Chris, Invited Talk, Invited Talk, DoD Human Factors Technical Advisory Group, Title: Enhanced Training Effectiveness Using Automated Student Assessment, May 3, 2010.</s>
    <s>Gentile, A., Society/Professional Leadership, Program Committee, HPC Resilience Summit 2010: Workshop on Resilience for Exascale HPC, Los Alamos Computer Science Symposium (LACSS), Los Alamos, NM , October 1, 2010.</s>
    <s>Gentile, A., Society/Professional Leadership, Organizing Committee, Publication Co-chair, Workshop on Resiliency in High-Performance Computing (Resilience) in Clusters, Clouds, and Grids, IEEE International Symposium on Cluster, Cloud, and Grid Computing (CCGRID), Melbourne, Australia, May 1, 2010.</s>
    <s>Gentile, A., Society/Professional Leadership, Program Committee, 9th IEEE International Symposium on Parallel and Distributed Processing with Applications (ISPA), Busan, Korea, May 1, 2011.</s>
    <s>Gentile, A., Invited Talk, “Understanding Large Scale HPC Systems Through Scalable Monitoring and Analysis”, European Grid Initiative (EGI) Technical Forum 2010, Amsterdam, Netherlands , September 1, 2010.</s>
    <s>Gentile, Ann, Society/Professional Leadership, Working Group Member, HPC Monitoring and Metrics, ASC Tri-lab Common Computing Environment (CCE), Ongoing, January 1, 2009 - December 1, 2011.</s>
    <s>Gleich, David, Journal/Book Editor, Invited book review, Linear Algebra and its Applications, A review of &quot;Numerical algorithms for personalized search&quot;, March 1, 2011.</s>
    <s>Grace, Matthew, Constantin Brif, Andrew J. Landahl, Wayne M. Witzel, Other External Recognition, Honorarium for Organizing Workshop: &quot;Control and optimization of open quantum systems for information processing &quot;, American Institute of Mathematics, June 21, 2010 - June 25, 2010.</s>
    <s>Gray, G. A. , K. Fowler, J. D. Griffin, Best Paper/Poster, Winner, Outstanding Paper Award, Journal, For Paper, “Hybrid Optimization Schemes for Simulation Based Problems,” Procedia Computer Science, vol. 1, issue 1, pp. 1343-1351, May 2010. , May 1, 2010.</s>
    <s>Gray, Genetha A. , Invited Talk, Selected Participant, • Institute for Pure and Applied Math (IPAM), Workshops on Robust Optimization and Applications of Optimization in Science and Engineering, November 1, 2010 - December 1, 2010.</s>
    <s>Gray, Genetha A., Invited Talk, Selected Participant, Institute for Mathematics and its Applications (IMA), October 1, 2010.</s>
    <s>Gray, Genetha A. , Invited Talk, Selected Participant, American Institute of Mathematics (AIM) , Structured Quartet Research Ensemble (Square) on Hybrid Optimization, January 1, 2009 - December 1, 2011.</s>
    <s>Gray, Genetha A. , Invited Talk, AIM Square on Optimizing Resource Management Problems with Hidden Constraints, • American Institute of Mathematics (AIM) Structured Quartet Research Ensemble (Square) , AIM Square on Optimizing Resource Management Problems with Hidden Constraints, January 1, 2011 - December 1, 2012.</s>
    <s>Gray, Genetha A. , Review Board, Editorial board, Pacific Journal of Optimization, January 1, 2010 - December 1, 2012.</s>
    <s>Gray, Genetha A. , Other External Recognition, Editorial Board, Journal, International Journal of Mathematical Modeling and Optimization (2010--), January 1, 2010 - December 1, 2012.</s>
    <s>Gray, Genetha A. , Advisory Board, Board Member, University, NNSA Disaster Recovery Center, Wilberforce University (2010-2011), January 1, 2010 - December 1, 2011.</s>
    <s>Gray, Genetha A. , Society/Professional Leadership, Chair, Conference, Conference Sub-committee for the Young Researcher Connection, 2011 INFORMS Analytics Conference, January 1, 2011 - December 1, 2011.</s>
    <s>Gray, Genetha A. , Other External Recognition, Member, Scientific Program Committee, Professional society, 2011 Workshop on Computational Optimization, Modeling, and Simulation, January 1, 2011 - December 1, 2011.</s>
    <s>Gray, Genetha A. , Other External Recognition, Member, Committee of Visitors, Professional society, • National Science Foundation, Committee of Visitors, Division of Mathematical Sciences (2010), January 1, 2010 - December 1, 2011.</s>
    <s>Guba, Oksana, Review Board, reviewer, Numerical Techniques for Global Atmospheric Models (Lecture Notes in Computational Science and Engineering), May 1, 2010.</s>
    <s>Hampton, Scott S., Pratul K. Agarwal, Sadaf R. Alam, Paul S. Crozier, Best Paper/Poster, &quot;Attaining Microsecond Biological Molecular Dynamics Simulations on Hybrid Processors&quot;, International Conference on High Performance Computing &amp; Simulation in Caen, France, June 28, 2010 - July 2, 2010.</s>
    <s>Hart, William E, Invited Talk, Formulation and Optimization of Robust Sensor Placement Problems for Contaminant Warning System Design, University of Florida, January 21, 2010.</s>
    <s>Hart, William E, Invited Talk, Formulation and Optimization of Robust Sensor Placement Problems for Contaminant Warning System Design, University of Arizona, February 18, 2010.</s>
    <s>Hart, William E, Invited Talk, Formulation and Optimization of Robust Sensor Placement Problems for Contaminant Warning System Design, University of Michigan, April 6, 2010.</s>
    <s>Hart, William E, Society/Professional Leadership, Session Organizer, INFORMS Annual Meeting 2010, November 13, 2010.</s>
    <s>Hart, William E, Board of Directors, INFORMS Computing Society Board Member, INFORMS Computing Society, January 1, 2009 - December 31, 2011.</s>
    <s>Hart, William E, Society/Professional Leadership, INFORMS Computing Society Webmaster, INFORMS Computing Society, June 1, 2010 - November 1, 2011.</s>
    <s>Hart, William E, Jean-Paul Watson, Society/Professional Leadership, ICS 2013 Program Committee, INFORMS Computing Society, November 1, 2010 - January 1, 2013.</s>
    <s>Hart, William E, Advisory Board, COIN-OR Technical Leadership Council, COIN-OR, November 1, 2009 - November 1, 2012.</s>
    <s>Hart, William E, Award, R&amp;D100; Award, R&amp;DMagazine;, CANARY: Event Detection Software, June 30, 2010.</s>
    <s>Hart, William E, Shawn Martin, Award, 2011 Federal Laboratories Consortium (FLC) Interagency Partnership Award, Federal Laboratory Consortium, Sandia National Laboratories – Environmental Protection Agency, February 10, 2010.</s>
    <s>Hemmert, K. Scott, Brian Barrett, Keith Underwood, Best Paper/Poster, Using Triggered Operations to Offload Collective Communication Operations, European MPI Users Group Conference, September 15, 2010.</s>
    <s>Hemmert, Karl Scott, Journal/Book Editor, Board of Editors for the IEEE/AIP magazine Computing in Science and Engineering, IEEE, January 7, 2011.</s>
    <s>Hendrickson, Bruce, Invited Talk, Combinatorial Algorithms: The *RealPower Behind Parallel Computing, DOE Computational Sciences Graduate Fellowship Workshop, June 1, 2010.</s>
    <s>Hendrickson, Bruce, Review Board, Member of Program Committee, IEEE International Parallel and Distributed Processing Symposium, May 1, 2011.</s>
    <s>Hendrickson, Bruce, Review Board, Member of Program Committee, IEEE Workshop on Multithreaded Architectures and Applications, May 1, 2011.</s>
    <s>Hendrickson, Bruce, Society/Professional Leadership, Member of SIAM Council, SIAM, January 1, 2009 - December 31, 2011.</s>
    <s>Hoemmen, Mark Frederick, Advisory Board, Member of the George Michael Memorial ACM/IEEE HPC Fellowship Committee, ACM / IEEE, January 1, 2011 - November 18, 2011.</s>
    <s>Jam, Navid, Society/Professional Leadership, Conference Co-Chair, IEEE International Carnahan Conference on Security Technology (ICCST) San Jose, CA,, October 1, 2010.</s>
    <s>Jortner, J., Society/Professional Leadership, Executive Committee Treasurer, ACM Special Interest Group on Computer Graphics and Interactive Techniques, July 1, 2010 - July 1, 2013.</s>
    <s>Keiter, Eric R., Society/Professional Leadership, Technical Program Committee member, Asia South Pacific Design Conference (ASP-DAC), IEEE, September 1, 2007 - February 1, 2011.</s>
    <s>Keiter, Eric R., Society/Professional Leadership, Technical Program Committee, 2007 Integrated Circuit Computer-Aided Design (ICCAD) Conference., IEEE, April 1, 2007 - December 1, 2007.</s>
    <s>Keiter, Eric R., Society/Professional Leadership, Technical Program Committee, 2008 Integrated Circuit Computer-Aided Design (ICCAD) Conference, IEEE, April 1, 2008 - December 1, 2008.</s>
    <s>Keiter, Eric R., Society/Professional Leadership, Technical Program Committee, 2009 Integrated Circuit Computer-Aided Design (ICCAD) Conference., IEEE/ACM, April 1, 2009 - December 1, 2009.</s>
    <s>Keiter, Eric R., Society/Professional Leadership, Technical Program Committee, 2009 Integrated Circuit Computer-Aided Design (ICCAD) Conference., IEEE/ACM, April 1, 2009 - April 1, 2009.</s>
    <s>Keiter, Eric R., Society/Professional Leadership, Technical Program Committee, 2007 Integrated Circuit Computer-Aided Design (ICCAD) Conference., IEEE/ACM, April 1, 2010 - December 1, 2010.</s>
    <s>Keiter, Eric R., Heidi K. Thornquist, Robert J. Hoekstra, Roger P. Pawlowski, Eric L. Rankin, Rich L. Schiek, Todd S. Coffey, Scott A. Hutchinson, Ting Mei, Thomas V. Russo, Nathan L. Golden, Award, 2008 R&amp;D; 100 Award, R&amp;D; Magazine, Xyce 4.0.2, July 1, 2008.</s>
    <s>Kitajima, Annette, Society/Professional Leadership, SCinet committee member, Fiber Co-Lead, The International Conference for High Performance Computing, Networking, Storage and Analysis, (SC10); New Orleans, LA , November 1, 2010.</s>
    <s>Kolda, T., Invited Talk, • “Shifted Power Method for Computing Tensor Eigenvalues” , Conference on Tensor Decompositions and Applications, Monopoli, Bari, Italy, September 1, 2010.</s>
    <s>Kolda, T., Invited Talk, Shifted Power Method for Computing Tensor Eigenvalues, Conference on Numerical Linear Algebra: Perturbation, Performance, and Portability, Austin, Texas, July 1, 2010.</s>
    <s>Kolda, T., Invited Talk, Scalable Tensor Factorizations with Incomplete Data, 2010 SIAM Annual Meeting, Pittsburgh, Pennsylvania, July 1, 2010.</s>
    <s>Kolda, T., Invited Talk, Link Prediction on Evolving Graphs using Matrix and Tensor Factorizations, BIT 50 - Trends in Numerical Computing, Lund, Sweden, June 17, 2010 - June 20, 2010.</s>
    <s>Kolda, T., Journal/Book Editor, Section Editor, Software and High-Performance Computing, SIAM Journal on Scientific Computing (SISC), Ongoing , April 1, 2010 - March 31, 2011.</s>
    <s>Kolda, Tammy, Journal/Book Editor, Editorial Board, SIAM Journal on Matrix Analysis and Applications (SIMAX), SIMAX, 2011-2013, January 1, 2011 - December 30, 2013.</s>
    <s>Kolda, Tammy, Journal/Book Editor, Special Editor, Special issue on Tensors and Multilinear Algebra, Linear Algebra and Its Applications (LAA), June 1, 2010.</s>
    <s>Kolda, Tammy, Society/Professional Leadership, Co-organizer, Workshop, NIPS Workshop on Tensors, Kernels, and Machine Learning, Whistler, British Columbia, Canada, December 10, 2010.</s>
    <s>Kolda, Tammy, Society/Professional Leadership, Organizing Committee, AAAI 2010 Fall Symposium on Manifold Learning and its Applications, Arlington, Virginia, November 11, 2010.</s>
    <s>Kolda, Tammy, Society/Professional Leadership, Program Committee, Workshop on Dynamic Networks and Knowledge Discovery (DyNaK2010), Barcelona, Spain, September 24, 2010.</s>
    <s>Kolda, Tammy, Society/Professional Leadership, Steering Committee, Conference on Tensor Decompositions and Applications, Monopoli, Bari, Italy, September 13, 2010 - September 17, 2010.</s>
    <s>Kolda, Tammy, Society/Professional Leadership, Program Committee, ASONAM 2010: The 2010 International Conference on Advances in Social Networks Analysis and Mining, Odense, Denmark, August 9, 2010 - August 11, 2010.</s>
    <s>Kolda, Tammy, Society/Professional Leadership, Program Committee, 2nd Workshop on Large-scale Data Mining: Theory and Applications (LDMTA 2010), July 25, 2010 - July 28, 2010.</s>
    <s>Kolda, Tammy, Society/Professional Leadership, Program Committee, 2010 SIAM International Conference on Data Mining, Columbus, Ohio, April 29, 2010 - May 1, 2010.</s>
    <s>Kolda, Tammy, Society/Professional Leadership, Program Committee, Workshop on High Performance Analytics - Algorithms, Implementations, and Applications, 2010 SIAM International Conference on Data Mining, Columbus, Ohio, April 29, 2010 - May 1, 2010.</s>
    <s>Kolda, Tammy, Society/Professional Leadership, Co-organizer, AIM Workshop on Computational Optimization for Tensor Decompositions, Palo Alto, California, March 29, 2010 - April 2, 2010.</s>
    <s>Landahl, Andrew J, Advisory Board, Organizing Committee, Control and optimization of open quantum systems for information processing, American Institute of Mathematics, Competitive grant award, June 21, 2010 - June 25, 2010.</s>
    <s>Landahl, Andrew J, Invited Talk, Fault tolerant quantum computing with color codes, Sydney Quantum Information Theory Workshop, January 20, 2011.</s>
    <s>Lauritzen, P. H., C. Jablonowski, Mark A Taylor, R. Nair, Journal/Book Editor, Numerical Techniques for Global Atmospheric Models, Lecture Notes in Computational Science and Engineering, Springer, April 1, 2011.</s>
    <s>Leung, Vitus J, Randall A Laviolette, Invited Talk, Braess-Like Paradox on a Bipartite Exchange Network: More Connections are Not Always Better, New Challenges in Scheduling Theory, September 12, 2010 - September 17, 2010.</s>
    <s>Leung, Vitus J, Gerald Sabin, P Sadayappan, Invited Talk, Parallel Job Scheduling Policies to Improve Fairness: A Case Study, Knox College Department of Computer Science, November 2, 2010.</s>
    <s>Leung, Vitus J, Michael A Bender, David P Bunde, Cynthia A Phillips, Patent, &quot;Allocating application to group of consecutive processors in fault-tolerant deadlock-free routing path defined by routers obeying same rules for path selection,&quot; No. 7,565,657 , July 1, 2009.</s>
    <s>Leung, Vitus J, Society/Professional Leadership, Program Committee, International Conference on Distributed Computing Systems, October 13, 2010 - June 24, 2011.</s>
    <s>Leung, Vitus J, Michael A Bender, David P Bunde, Kevin T Pedretti, Cynthia A Phillips, Award, Compute Process Allocator (CPA), R&amp;D; 100, October 19, 2006.</s>
    <s>Leung, Vitus J, Gerald Sabin, P Sadayappan, Invited Talk, Fairness of Job Scheduling in Cplant, Scheduling Algorithms for New Emerging Applications, May 29, 2006 - June 2, 2006.</s>
    <s>Leung, Vitus J, Michael A Bender, David P Bunde, Kevin T Pedretti, Cynthia A Phillips, Invited Talk, New Experimental Results in Communication-Aware Processor Allocation for Supercomputers, New Challenges in Scheduling Theory, May 12, 2008 - May 16, 2008.</s>
    <s>Leung, Vitus J, Review Board, Early Career Principal Investigator Panel, Department of Energy, March 29, 2006 - March 30, 2006.</s>
    <s>Leung, Vitus J, Society/Professional Leadership, Program Committee, ACM Symposium on Parallelism in Algorithms and Architectures, December 1, 2008 - August 13, 2009.</s>
    <s>Leung, Vitus J, Review Board, Small Data Centers and Grid Computing Panel, National Science Foundation, April 15, 2009 - April 30, 2009.</s>
    <s>Lusk, Mark T, Ann E Mattsson, Journal/Book Editor, High-performance computing for materials design to advance energy science, Materials Research Society, Guest Editors for the March Issue of the MRS Bulletin, March 25, 2011.</s>
    <s>Magyar, Rudolph J, Award, NNSA Defense Programs Awards of Excellence, NNSA, Xe Equation of State (EOS) Team, July 1, 2010.</s>
    <s>Mapar, Jalal, Trisha Hoette, Karim Mahrous, Carmen M. Pancerella, Todd Plantenga, Christine Yang, Lynn Yang, Michael Hopmeier, Best Paper/Poster, Integrated Modeling, Mapping, and Simulation (IMMS) Framework for Exercise and Response Planning, MODSIM World Conference and Expo, October 13, 2010 - October 15, 2010.</s>
    <s>Mattsson, Ann E, Award, NNSA Defense Programs Awards of Excellence, NNSA, Xe Equation of State (EOS) Team, July 1, 2010.</s>
    <s>Mattsson, Ann E, Invited Talk, Density Functional Theory and f-electron systems: relativity and exchange-correlation functionals, Los Alamos National Laboratory, T-1 Seminar, November 4, 2010.</s>
    <s>Mattsson, Ann E, Invited Talk, Subsystem functionals and the missing ingredient of confinement physics in density functionals, 5th annual workshop on the Full Potential Linear Muffin Tin Orbitals method and the RSPt code, Uppsala, Sweden, October 4, 2010 - October 8, 2010.</s>
    <s>Mattsson, Ann E, Invited Talk, On calculating the equilibrium structure and Hugoniots of molecular crystals, 5th annual workshop on the Full Potential Linear Muffin Tin Orbitals method and the RSPt code, Uppsala, Sweden, October 4, 2010 - October 8, 2010.</s>
    <s>Mattsson, Ann E, Invited Talk, Density Functional Theory: The Bridge between Theoretical Condensed Matter Physics and Engineering., Center of Nonlinear Studies, Los Alamos National Laboratory, April 27, 2011.</s>
    <s>Matzen, Laura E, Michael Haass, Invited Talk, Using Computational Modeling to Assess Use of Cognitive Strategies, Augmented Cognition Conference 2011, July 15, 2011.</s>
    <s>Mayo, J R, D C Thompson, P Pebay, Patent, &quot;System and method for polytopic mesh refinement,&quot; No. SD-11050, June 1, 2009.</s>
    <s>McNamara, Laura A, Invited Talk, Invited Paper, &quot;Why Models Don't Forecast&quot;, National Academy of Sciences, Committee on Unifying Social Frameworks, August 16, 2010 - August 18, 2010.</s>
    <s>McNamara, Laura A, Advisory Board, Committee Member, National National Research Council, Committee on Improving the Decision Making Abilities of Small Unit Leaders, National Academy of Sciences, July 1, 2010 - June 30, 2011.</s>
    <s>McNamara, Laura A, Advisory Board, Task Force to Revise the Statement on Research Ethics, American Anthropological Association, January 1, 2010 - December 31, 2011.</s>
    <s>Moreland, Kenneth D, Review Board, SBIR Award Panel, Department of Energy, ASCR, February 8, 2011.</s>
    <s>Moreland, Kenneth D, Society/Professional Leadership, Program Committee, Eurographics Symposium on Parallel Graphics and Visualization (EGPGV 2011), February 1, 2011 - February 23, 2011.</s>
    <s>Moreland, Kenneth D, Society/Professional Leadership, Co-Chair, International Symposium on Visual Computing (ISVC'11), May 20, 2011 - June 27, 2011.</s>
    <s>Munson, Art, Review Board, Reviewed papers, Neural Information Processing Systems Conference (2010), June 1, 2010.</s>
    <s>Pancerella, Carmen, Journal/Book Editor, Managing Editor, International Journal for Chemical Kinetics, Ongoing, January 1, 2010 - December 1, 2011.</s>
    <s>Pebay, P, J Brandt, A Gentile, D Thompson, Patent, &quot;System and Method for Statistically Monitoring Sensed Conditions,&quot; No. SD-10216, March 1, 2010.</s>
    <s>Pebay, P., Journal/Book Cover, Statistics. In The VTK User's Guide, Kitware, Inc., October 1, 2010.</s>
    <s>Pebay, P., J. M. Brandt, A. C. Gentile, D. J. Hale, D. C. Thompson, Y. Marzouk, Patent, &quot;. System and method for statistically monitoring and analyzing sensed conditions,&quot; No. 7,756,682 B1 , January 25, 2011.</s>
    <s>Pedretti, Kevin, Society/Professional Leadership, Program Committee, International Conference on Parallel Processing, September 13, 2011 - September 16, 2011.</s>
    <s>Pedretti, Kevin T., Patent, &quot;Distributed Processor Allocation for Launching Applications in a Massively Connected Processors Complex,&quot; No. 7,454,595 , November 1, 2008.</s>
    <s>Phillips, Carolyn L., Paul S. Crozier, Journal/Book Cover, An energy-conserving two-temperature model of radiation damage in single-component and binary Lennard-Jones crystals, Journal of Chemical Physics, August 21, 2009.</s>
    <s>Phillips, Cynthia A, Review Board, Program Committee, IEEE, 2011 International Parallel and Distributed Processing Symposium, October 1, 2010 - December 10, 2010.</s>
    <s>Phillips, Cynthia A, Review Board, Program Committee, IEEE, 2011 International Conference On Distributed Computing Systems, December 1, 2010 - February 1, 2011.</s>
    <s>Phillips, Cynthia A, Other External Recognition, Organizing Committee, INFORMS, Computing Society Conference, September 1, 2010 - January 11, 2011.</s>
    <s>Phillips, Cynthia A, Invited Talk, invited tutorial talks, IPAM at UCLA, &quot;Introduction to Optimization&quot; and &quot;Mathematical programming and combinatorial heuristics&quot; at Tutorials week for IPAM program on Navigating Chemical Compound Space for Materials and Bio Design, March 15, 2011 - March 18, 2011.</s>
    <s>Phillips, Cynthia A, Other External Recognition, Organizing Committee, IPAM (Institute for Pure and Applied Mathematics) at UCLA, Program on Navigating Chemical Compound Space for Materials and Bio Design, Workshop II: Optimization, Search and Graph-Theoretical Algorithms for Chemical Compound Space, March 23, 2010 - April 15, 2011.</s>
    <s>Phillips, Cynthia A, Review Board, Program Committee, IEEE? , Third International Workshop on Network Science for Communication Networks, January 28, 2011 - March 8, 2011.</s>
    <s>Phillips, Cynthia A, Invited Talk, Invited participation and invited talk, New Trends in Scheduling Theory workshop, Invitation only participation. Gave invited talk &quot;Scheduling Error Correction Operations for a Quantum Computer&quot;, September 12, 2010 - September 17, 2010.</s>
    <s>Phillips, Cynthia A, Invited Talk, Invited Talk, University of New Mexico, Invited talk at computer science colloquium &quot;Scheduling Movements of Multiple Sinks to Maximize Wireless-Sensor-Network Lifetime&quot;, September 3, 2010.</s>
    <s>Phillips, Cynthia A, Invited Talk, Invited seminar and invited tutorial, University of Rome, La Sapienza, Invited presentation &quot;Sensor Placement for Municipal Water Networks&quot; and invited tutorial &quot;Introduction to Linear-Programming-Based Approximation&quot;, December 13, 2010 - December 16, 2010.</s>
    <s>Phillips, Cynthia A, Other External Recognition, Induction into IEEE Computer Society Golden Core, IEEE, &quot;This is an elite group who are recognized for their outstanding service to the society&quot;, February 16, 2011.</s>
    <s>Phillips, Cynthia A, Society/Professional Leadership, SIAM special interest group on supercomputing (SIAG/SC) chair, SIAM, January 1, 2010 - December 31, 2011.</s>
    <s>Phillips, Cynthia A, Society/Professional Leadership, Member SIAM Program Committee, SIAM, Committee to provide guidance on all SIAM conferences, January 1, 2010 - December 31, 2012.</s>
    <s>Phillips, Cynthia A, Society/Professional Leadership, SIAM Nominating Committee, SIAM, January 1, 2011 - December 31, 2012.</s>
    <s>Phillips, Cynthia A, Society/Professional Leadership, INFORMS Computing Society Board Member, INFORMS (Computing Society), January 1, 2011 - December 31, 2013.</s>
    <s>Phillips, Cynthia A, Society/Professional Leadership, Program Chair, ACM, 2010 Symposium on Parallelism in Algorithms and Architectures, September 1, 2009 - June 18, 2010.</s>
    <s>Phillips, Cynthia A, Review Board, Program Committee, Workshop on Parallel Computing and Optimization, IEEE, January 13, 2011 - February 2, 2011.</s>
    <s>Phipps, Eric Todd, Other External Recognition, Organizing committee, program committee, editorial board, 6th International Conference on Automatic Differentiation, August 18, 2008 - July 27, 2012.</s>
    <s>Phipps, Eric Todd, Invited Talk, Mathematical and Computational Tools for Predictive Simulation of Complex Coupled Systems Under Uncertainty, Workshop on Uncertainty Quantification for Multiscale Systems , July 20, 2010.</s>
    <s>Proebstel, E., Invited Talk, Cyber Security Tools to Understand and Analyze Threats, MILCOM 2010, November 1, 2010.</s>
    <s>Raybourn, Elaine M, Review Board, Crew Health NRA Space Human Factors Engineering panel, NASA and the National Space Biomedical Research Institute , February 16, 2011.</s>
    <s>Raybourn, Elaine M, Society/Professional Leadership, Program Chair, Defense GameTech Conference, March 22, 2011 - March 25, 2011.</s>
    <s>Rider, William J, Invited Talk, INL MeV Summer School Invited Lecture, Idaho Nationa Laboratory, Provided a lecture on CFD, V&amp;V; and Turbulence modeling to the summer school., July 22, 2010.</s>
    <s>Romero, Louis A, Jeff Mason, Best Paper/Poster, Featured article, Journal, Featured article in IEEE Transactions on Aerospace and Electronic Systems, &quot; Evaluation of Direct and Iterative Methods for Overdetermined Systems of TOA Geolocation Problems&quot; , April 10, 2011.</s>
    <s>Romero, Louis A, Eugene A Aronson, Todd Christneson, Patent, &quot;Passive Levitation in Alternating Magnetic Fields,&quot; No. 7,548,004, June 16, 2009.</s>
    <s>Romero, Louis A, Eugene A Aronson, Todd Christenson, Patent, &quot;Spin Stabilized Magnetic Levitation without Vertical Axis of Rotation,&quot; No. 7,545,065, June 9, 2009.</s>
    <s>Salinger, Andrew G, Invited Talk, Building an implicit climate code from Trilinos components, COSIM Climate Group at LANL, February 23, 2011.</s>
    <s>Schoenwald, David A, Invited Talk, Workshop on Autonomous Systems, The MITRE Corporation, Decentralized Control of Autonomous Systems, May 11, 2011.</s>
    <s>Schoenwald, David A., Review Board, IEEE Control Systems Society Conference Editorial Board Associate Editor, IEEE Control Systems Society, January 1, 1993 - December 31, 2011.</s>
    <s>Schoenwald, David A., Journal/Book Editor, Journal Associate Editor, Journal of Mechatronics and Applications, September 1, 2009 - December 31, 2010.</s>
    <s>Schoenwald, David A., Society/Professional Leadership, Member, Conference Program Committee, 2011 American Control Conference, July 1, 2010 - July 1, 2011.</s>
    <s>Schoenwald, David A., Advisory Board, Organizing Committee Track Co-Chair, 2011 NSF Workshop on Cooperative Autonomous Resilient Defenses in Cyberspace (CyberCARD2011), August 1, 2010 - April 1, 2011.</s>
    <s>Schoenwald, David A., Review Board, Committee Member, Student Best Paper Award Committee, 2011 American Control Conference, October 1, 2010 - July 1, 2011.</s>
    <s>Schoenwald, David A., Review Board, Review Board Member, ISA Transactions, January 1, 2005 - December 31, 2011.</s>
    <s>Schultz, Peter A., Journal/Book Editor, Executive Editorial Board, Modeling and Simulation in Materials Science and Engineering, Appointed to Board Feb. 2008., January 1, 2010 - December 31, 2010.</s>
    <s>Schultz, Peter A., Journal/Book Editor, Executive Editorial Board, Modeling and Simulation in Materials Science and Engineering, February 1, 2008 - December 31, 2011.</s>
    <s>Shadid, John N, Journal/Book Editor, Associate Editor: J. Computational Physics (2008 - present), J. Comp. Physics, January 8, 2008.</s>
    <s>Shadid, John N., Invited Talk, Invited Semi-Plenary Lecture, 16th International Conference on Finite Elements in Flow Problems, A Scalable Fully-implicit AMG Preconditioned Newton-Krylov Resistive MHD Formulation with Stabilized FE Methods, Munich Germany , March 23, 2011 - March 25, 2011.</s>
    <s>Shadid, John N., Invited Talk, Invited Keynote Lecture, 3rd International Conference on Finite Element Methods in Engineering and Science (FEMTEC 2011), Lake Tahoe, NV, Scalable AMG Preconditioned Newton-Krylov Solution of Implicit Stabilized FE Resisitive MHD Simulations, May 9, 2011 - May 13, 2011.</s>
    <s>Shadid, John N. , Other External Recognition, International Advisory Committee, 16th International Conference on Finite Elements in Flow Problems (FEF2011), Munich, Germany, March 23, 2011 - March 25, 2011.</s>
    <s>Shadid, John N. , Invited Talk, Mathematics Dept. Invited Lecture, Univ. Washington, Seattle, WA., Progress on the development of a scalable fully-implicit stabilized unstructured finite element capability for resistive MHD, February 23, 2010.</s>
    <s>Shadid, John N. , Invited Talk, Performance of Implicit Fully-coupled Solution Methods for Large-scale Stabilized FE Simulations of Resistive MHD, Copper Mountain Conf. on Iterative Methods, Copper Mnt,. CO,, Minisymposiuum, “Robust and Efficient Solution of Implicit MHD Fluid Models&quot; 2 Sessions, April 4, 2010 - April 9, 2010.</s>
    <s>Shadid, John N. , Invited Talk, Progress on the development of a scalable fully-implicit stabilized unstructured FE capability for resistive MHD, Oak RIdge National Laboratory, Computational Science and Modeling Lecture, Oak Ridge TN,, April 27, 2010.</s>
    <s>Shadid, John N. , Invited Talk, INITIAL PERFORMANCE OF FULLY-COUPLED AMG AND APPROXIMATE BLOCK FACTORIZATION PRECONDITIONERS FOR SOLUTION OF IMPLICIT FE RESISTIVE MHD, ECCOMAS CFD 2010, Lisbon Portugal, June 14, 2010 - June 17, 2010.</s>
    <s>Shadid, John N. , Invited Talk, Progress on the development and application of a Scalable Fully-implicit Fully-coupled Resistive MHD Formulation with Stabilized FE Methods, Los Alamos National Lab, October 6, 2010.</s>
    <s>Shadid, John N. , Invited Talk, Fully-coupled AMG Preconditioned Newton-Krylov Solution Methods for Strongly-coupled Multiphysics Applications, in the minisymposium - Progress in Computational Methods and Software for Tightly-coupled Multiphysics Applications, SIAM Comp. Sci. and Engineering Conference, February 28, 2011 - March 4, 2011.</s>
    <s>Shadid, John N. , Invited Talk, A Scalable Fully-implicit AMG Preconditioned Newton-Krylov Resistive MHD Formulation with Stabilized FE Methods, Mathematics Departement lecture, University Erlangen-Nuremberg, Erlangen Germany, March 17, 2011.</s>
    <s>Shapiro, Daniel G, David J Stracuzzi, Hector Munoz-Avila, Journal/Book Editor, Co-editors, special issue on Structured Knowledge Transfer, AI Magazine, November 1, 2009 - April 1, 2011.</s>
    <s>Shepherd, Jason F, Scott A Mitchell, Steven R Jankovich, Steven E Benzley, Patent, &quot;Method for Generating a Mesh Representation of a Region Characterized by a Trunk and a Branch Thereon,&quot; No. 7219039, May 1, 2007.</s>
    <s>Speed, Ann E., Other External Recognition, Patriotic Civilian Service, Department of the Army , For 3.5 years of participation on the National Research Council (of the National Academies) Standing Advisory Board for the Joint IED Defeat Organization., February 10, 2011.</s>
    <s>Speed, Ann E., Advisory Board, Membership: National Research Council Standing Committee on Operational Science and Technology Options for Defeating Improvised Explosive Devices, National Academies, May 1, 2007 - February 10, 2011.</s>
    <s>Spletzer, Barry L., George S. Davidson, Daniel J. Zimmerer, Lisa C. Marron, Patent, &quot;Fractional Screen Video Enhancement Apparatus,&quot; No. 6,919,909 B1, July 1, 2005.</s>
    <s>Spotz, William F., Advisory Board, Organizing Committee, 2011 SciDAC Conference, Applied mathematics and panel on challenges in the next decade, January 1, 2011 - July 14, 2011.</s>
    <s>Spotz, William F., Review Board, 2011 SBIR Review Panel, DOE Office of Science, February 8, 2011.</s>
    <s>Stracuzzi, David J, Other External Recognition, Program committee for 2011 conference, Florida Artificial Intelligence Research Society, November 1, 2010.</s>
    <s>Stracuzzi, David J, Other External Recognition, Program committee for 2011 conference, Innovative Applications of Artificial Intelligence Conference, December 1, 2010.</s>
    <s>Stracuzzi, David J, Other External Recognition, Program committee / meta-reviewer for 2011 conference, Cognitive Science Society, December 1, 2010.</s>
    <s>Taylor, Mark A, Advisory Board, Co-Chair, Atmosphere Model Working Group , Invited by the CESM Scientific Steering Committee, January 1, 2011 - January 1, 2012.</s>
    <s>Taylor, Mark A, Review Board, Supercomputing 2011 Technical Papers Oommittee, Invited by the SC11 Applications Area Chairs, November 1, 2011.</s>
    <s>Thompson, D., Invited Talk, “Scalable Modeling and Analysis for Resilience”, JOWOG-34, LLNL, Livermore CA, May 1, 2010.</s>
    <s>Tuminaro, Raymond S., Society/Professional Leadership, Co-Organizer of 11th &amp; 12th Copper Mountain Iterative Methods Conference, Copper Mtn Iterative Methods Conference, April 1, 2010 - April 1, 2012.</s>
    <s>Tuminaro, Raymond S., Journal/Book Editor, Editor-in-Chief of 2 SIAM SISC special issues associated with iterative methods, Copper Mtn Iterative Methods Conference, SIAM J. Sci. Comput. 32, vii (2010). Second issue to appear in 2012., April 1, 2008 - January 1, 2012.</s>
    <s>Tuminaro, Raymond S., Society/Professional Leadership, SuperComputing 2011 Technical Paper Committee, SuperComputing, September 1, 2010 - November 1, 2011.</s>
    <s>Tuminaro, Raymond S., Invited Talk, Panelist at Fast Solution Techniques Conference, Institute for Mathematics and Its Application , Panel member for Roundtable discussion: &quot;Future Trends in Scientific Computing and Fast Algorithms Research&quot;, November 29, 2011.</s>
    <s>van Bloemen Waanders, Bart, Award, Employee Recognition Award, Sandia, Sandia CRADA Team in High Performance Computing, March 23, 2010.</s>
    <s>van Bloemen Waanders, Bart, Award, Award for Excellence, Teaching, For educating the next generation of computational scientists through teaching at UNM, November 1, 2010.</s>
    <s>van Bloemen Waanders, Bart, Award, Award for Excellence, Sandia, For Oustanding Team Effort on and industrial CRADA project, February 10, 2010.</s>
    <s>Van Randwyk, Jamie, Society/Professional Leadership, Program Committee, The International Conference for High Performance Computing, Networking, Storage and Analysis, (SC10). New Orleans, LA, November 1, 2010.</s>
    <s>Van Randwyk, Jamie, Society/Professional Leadership, Organizing Committee / Chair, SCinet, November 1, 2010.</s>
    <s>Witzel, Wayne Martin, Invited Talk, Coherence of Donor Electron Spins in Isotopically Enriched Silicon, The Laboratory for Physical Sciences, October 13, 2010.</s>
    <s>Witzel, Wayne Martin, Invited Talk, Decoherence of Donor Electron Spins in Isotopically Enriched Silicon, Silicon S&amp;T; Quantum Computing 4th Annual Workshop, At the Albuquerque Marriott Hotel sponsored by Sandia's QIST LDRD project., August 23, 2010.</s>
    <s>UNCLASSIFIED UNLIMITED RELEASE DOCUMENTS ONLY</s>
    <s>Authorized Users Only:</s>
    <s>Return to Top of the Page</s>
    <s>CCIM Home</s>
    <s>Sandia National Laboratories - External or Internal (Sandia only) | Privacy and Security</s>
    <s>Contact: cr-web@sandia.gov</s>
  </text>
</page>
