<?xml version="1.0" encoding="UTF-8"?>
<!DOCTYPE page SYSTEM "page.dtd">
<page>
  <lang>en</lang>
  <url>http://www.marketingbestpractices.com/marketing-articles/sales-marketing/how-maximize-your-conference-room-sales</url>
  <title>How To Maximize your Conference Room for Sales | Small Business ...</title>
  <snippet>
    <s>Aug 19, 2011 Your conference room also should contain posters showing the products you have to offer. A variety of poster displays are available depending </s>
  </snippet>
  <text>
    <s>Member Login | Write for Us | Free Membership | About Us</s>
    <s>Search :</s>
    <s>Affiliate Marketing</s>
    <s>Article Marketing</s>
    <s>Business Networking</s>
    <s>Direct Mail Marketing</s>
    <s>Joint Venture Marketing</s>
    <s>List Building</s>
    <s>Marketing Ideas</s>
    <s>Marketing Plan</s>
    <s>Marketing Tips</s>
    <s>Mobile Marketing</s>
    <s>Offline Marketing</s>
    <s>Online Marketing</s>
    <s>Pay Per Click Marketing</s>
    <s>Postcard Marketing</s>
    <s>Print Advertising</s>
    <s>Publicity Marketing</s>
    <s>Radio Advertising</s>
    <s>Referral Marketing</s>
    <s>Sales Marketing</s>
    <s>Search Engine Marketing</s>
    <s>Seminar Marketing</s>
    <s>Social Media Marketing</s>
    <s>Television Advertising</s>
    <s>Trade Show Marketing</s>
    <s>Video Marketing</s>
    <s>Yellow Page Advertising</s>
    <s>How To Maximize your Conference Room for Sales</s>
    <s>Submitted by carrie 4 on Fri, 08/19/2011 - 10:48am</s>
    <s>Sales Marketing</s>
    <s>Your rating: None Average: 5 (1 vote)</s>
    <s>When you are expecting to host prospective customers at a meeting in your conference room, there are several steps you can take to make your conference room work for you.</s>
    <s>Make Your Decor Reflect Your Brand</s>
    <s>If you are hoping to encourage prospective customers to remember you and your product, the conference room where you meet with them should prominently reflect your company's logo and signature colors. Your logo can be featured in art or posters on the walls of the room, or even be inscribed on the surface of your conference table.</s>
    <s>The carpet and walls should be decorated using the colors that are associated with your brand. Although investing in your decor will require some expense, the payoff will be a space that customers will remember and associate with your product.</s>
    <s>Provide Business Cards and Informational Literature</s>
    <s>When your potential customers arrive in your conference room, it is important to have your business cards and informational literature readily available on the conference table and any other surfaces in the room. This information should be printed on high quality paper, using classic fonts and appropriate colors.</s>
    <s>As with the decor of your conference room, your business cards and informational literature should display your company's logo and colors. In addition, of course, they should contain your contact information and the informational literature should include accurate descriptions of your products.</s>
    <s>Poster Displays</s>
    <s>Your conference room also should contain posters showing the products you have to offer. A variety of poster displays are available depending upon the amount of space you have and the types of products you have for sale. If you have limited floor space, wall mounted posters are the best option. Floor poster stands also are available in a variety of styles and sizes. They can be used to display the poster alone, or can be ordered in models providing literature racks where you can place your brochures.</s>
    <s>If you would like to go high-tech, digital posters are available to provide a multimedia display representing the latest in advertising. Digital poster kits include TVs, multimedia players and wall-mounting brackets or stands for floor models.</s>
    <s>Although they are initially more expensive than traditional print media, they will save your business money over time by not having to reprint new posters with each sales initiative.</s>
    <s>Product Samples</s>
    <s>One sure way to spark customer interest is to provide product displays or samples in your conference room. If you have a large number of products, however, do not overwhelm your customers' senses. Instead, display only a limited variety to encourage their interest. If you know the types of products in which your potential customers are most likely to be interested, display those products only.</s>
    <s>If possible, place free samples of your products in your conference room for your customers to take with them. Obviously, if your product is one that cannot be easily distributed this way, you can still make it available in your conference room for customers to examine and test.</s>
    <s>About the Author</s>
    <s>David Ching is a marketing strategist at EQA Office Furniture, a San Fransico-based office furniture company. Package pricing and free 3D virtual walkthroughs are available on EQA 's site.</s>
    <s>View the discussion thread.</s>
    <s>E-mail: *</s>
    <s>Enter your e-mail address.</s>
    <s>Password: *</s>
    <s>Enter the password that accompanies your e-mail.</s>
    <s>Forgot Password?</s>
    <s>TOP 5 EXPERTS</s>
    <s>Zachary Skinner</s>
    <s>Harry McDuffee</s>
    <s>Raymond Laubert</s>
    <s>Diana D'Itri</s>
    <s>Dan Olson</s>
    <s>FREE STUFF</s>
    <s>Free Audio Tips</s>
    <s>ABOUT US</s>
    <s>Contact Us</s>
    <s>Terms of Use</s>
    <s>SITE MAP</s>
    <s>Business Directory</s>
    <s>NEW EXPERTS</s>
    <s>Theresa Reardon</s>
    <s>Andrew Black</s>
    <s>Dunya Carter</s>
    <s>John Lewis</s>
    <s>Riley Brown</s>
    <s>306 W.Edgwood Dr. Suite F, Friendswood, TX 77546</s>
    <s>(C) 2006-2010 MarketingBestPractices.com All Rights Reserved. Reproduction without permission prohibited.</s>
  </text>
</page>
