<?xml version="1.0" encoding="UTF-8"?>
<!DOCTYPE page SYSTEM "page.dtd">
<page>
  <lang>en</lang>
  <url>http://iphome.hhi.de/wiegand/talks.htm</url>
  <title>Wiegand</title>
  <snippet>
    <s>IPTV Congress, Hamburg, Germany, December 6, 2007, Invited Talk. on Image Processing (ICIP 2007), San Antonio, TX, USA, September 16, 2007, Tutorial. </s>
  </snippet>
  <text>
    <s>Fraunhofer Heinrich Hertz Institute</s>
    <s>Prof. Dr.-Ing. Thomas Wiegand</s>
    <s>Image Processing Department</s>
    <s>Selected Talks and Tutorials</s>
    <s>1. Thomas Wiegand:</s>
    <s>Advances in Video Compression,</s>
    <s>Picture Coding Symposium (PCS 2010), Nagoya, Japan , December 10, 2010, Keynote.</s>
    <s>2. Thomas Wiegand:</s>
    <s>Video Communication,</s>
    <s>Joint Workshop &quot;The Future of Communications: Science, Technologies, and Services&quot; of Alcatel-Lucent Bell-Labs, Fraunhofer Heinrich Hertz Institute, and Deutsche Telekom Laboratories, Berlin, Germany , June 22, 2010.</s>
    <s>3. Thomas Wiegand:</s>
    <s>High-Efficiency Video Coding,</s>
    <s>IEEE International Symposium on Consumer Electronics (ISCE2010), Braunschweig, Germany , June 9, 2010.</s>
    <s>4. Thomas Wiegand:</s>
    <s>3D Media Applications,</s>
    <s>Future Internet Assembly, Valencia, Spain , April 15, 2010, Keynote.</s>
    <s>5. Thomas Wiegand:</s>
    <s>Breaking the Wall of the Flat World of TV,</s>
    <s>The Falling Walls Conference 2009, Berlin, Germany , November 9, 2009, www.falling-walls.com.</s>
    <s>6. Thomas Wiegand:</s>
    <s>Next Generation Media,</s>
    <s>Media Convergence Summit, Hamburg, Germany , September 24, 2009.</s>
    <s>7. Thomas Wiegand:</s>
    <s>Video Communication: Future Applications Challenges and Technical Solutions,</s>
    <s>STreaming Day 2009, Genova, Italy , September 21, 2009, Best Presentation Award.</s>
    <s>8. Thomas Wiegand:</s>
    <s>The H.264/AVC Video Compression Algorithm and Future Challenges,</s>
    <s>SCTE Benelux Lectures , September 15, 2009.</s>
    <s>9. Thomas Wiegand:</s>
    <s>Advances in Video Communication,</s>
    <s>Colloquium Vodafone Test &amp; Innovation Center, Duesseldorf, Germany , June 30, 2009, Keynote.</s>
    <s>10. Thomas Wiegand:</s>
    <s>Future Trends in IPTV,</s>
    <s>IPTV Congress, Hamburg, Germany , December 6, 2007, Invited Talk.</s>
    <s>11. Thomas Wiegand:</s>
    <s>Mobile Video Transmission,</s>
    <s>ACM Multimedia Workshop on Mobile Video, Augsburg, Germany , September 28, 2007, Plenary Talk.</s>
    <s>12. Jens-Rainer Ohm and Thomas Wiegand:</s>
    <s>Scalable Video Coding and Networking,</s>
    <s>IEEE International Conference on Image Processing (ICIP 2007), San Antonio, TX, USA , September 16, 2007, Tutorial.</s>
    <s>13. Thomas Wiegand:</s>
    <s>Scalable Video Coding,</s>
    <s>Apple Inc., Cupertino, CA, USA , September 13, 2007, Invited Talk.</s>
    <s>14. Thomas Wiegand:</s>
    <s>Recent Advances in Video Coding and Trasmission,</s>
    <s>European Signal processing Conference (EUSIPCO 2007), Poznan, Poland , September 7, 2007, Plenary Talk.</s>
    <s>15. Thomas Wiegand:</s>
    <s>Recent Advances in Video Coding,</s>
    <s>European Signal processing Conference (EUSIPCO 2007), Poznan, Poland , September 3, 2007, Invited Tutorial.</s>
    <s>16. Thomas Wiegand:</s>
    <s>Video Communication,</s>
    <s>Cisco Systems, San Jose, CA, USA , April 27, 2007, Invited Talk.</s>
    <s>17. Thomas Wiegand:</s>
    <s>Scalable Video Coding,</s>
    <s>Stanford University, Stanford, CA, USA , April 18, 2007, Invited Talk.</s>
    <s>18. Thomas Wiegand:</s>
    <s>Overview of the Scalable Video Coding Extension of H.264/AVC,</s>
    <s>Dortmunder Fernsehseminar, Dortmund, Germany , March 21, 2007, Plenary Talk.</s>
    <s>19. Thomas Wiegand:</s>
    <s>Recent Advances in Video Processing and Communication,</s>
    <s>Vienna University of Technology, Vienna, Austria , February 2, 2007, Invited Talk.</s>
    <s>20. Thomas Wiegand:</s>
    <s>Free Viewpoint Video,</s>
    <s>Leibniz University of Hanover, Hanover, Germany , January 9, 2007, Invited Talk.</s>
    <s>21. Thomas Wiegand:</s>
    <s>Recent Advances in Video Coding and Transmission,</s>
    <s>Friedrich-Alexander-University Erlangen-Nuremberg, Erlangen, Germany , December 14, 2006, Invited Talk.</s>
    <s>22. Thomas Wiegand:</s>
    <s>Scalable Video Coding,</s>
    <s>Leibniz University of Hanover, Hanover, Germany , December 5, 2006, Invited Talk.</s>
    <s>23. Thomas Wiegand:</s>
    <s>New Techniques for Video Coding and Transmission,</s>
    <s>Fraunhofer-Institute for Computer Graphics (IGD), Darmstadt, Germany, Samsung Forum , November 29, 2006, Invited Talk.</s>
    <s>24. Thomas Wiegand and Jens-Rainer Ohm:</s>
    <s>Scalable Video Coding - Standardization and Beyond,</s>
    <s>IEEE International Conference on Image Processing (ICIP'06) , Atlanta, GA, USA, October 2006, Tutorial.</s>
    <s>25. Thomas Wiegand:</s>
    <s>Recent Advances in Mobile Video,</s>
    <s>European Symposium on Mobile Media Delivery, Alghero, Italy , September 20, 2006, Keynote Speech.</s>
    <s>26. Thomas Wiegand:</s>
    <s>Scalable Video Coding -SVC,</s>
    <s>Workshop GSPx TV to Mobile, Amsterdam, The Netherlands , March 29, 2006, Tutorial.</s>
    <s>27. Thomas Wiegand:</s>
    <s>New Techniques for Improved Video Coding,</s>
    <s>MPEG Workshops on Future Directions in Video Compression, Nice, France , October 16, 2005, Invited Talk.</s>
    <s>28. Thomas Wiegand:</s>
    <s>The Role of Standards in Image and Video Coding,</s>
    <s>International Workshop on Very Low Bitrate Video (VLBV'05) , Sardinia, Italy, September 2005, Invited Panelist.</s>
    <s>29. Thomas Wiegand:</s>
    <s>New Techniques for Improved Video Coding,</s>
    <s>ITU-T Headquarters, Workshop on Video and Image Coding and Applications (VICA), Geneva, Switzerland , July 23, 2005, Invited Talk.</s>
    <s>30. Thomas Wiegand:</s>
    <s>Videoubertragung auf Basis neuester Kodierverfahren - H.264/AVC und die Zukunft,</s>
    <s>Colloquium, TU Braunschweig , Braunschweig, Germany, May 2005, Invited Talk.</s>
    <s>31. Thomas Wiegand:</s>
    <s>H.264/MPEG4-AVC Tutorial,</s>
    <s>Workshop GSPx TV to Mobile , Eindhoven, The Netherlands, May 2005, Tutorial.</s>
    <s>32. Thomas Wiegand:</s>
    <s>Video Transmission Using Scalable Coding,</s>
    <s>Electronics and Telecommunications Research Institute (ETRI). Daejon, Korea , April 2005, Tutorial.</s>
    <s>33. Thomas Wiegand:</s>
    <s>Scalable Video Coding,</s>
    <s>International Conference on Video and Image Processing , Montreux, Switzerland, April 2005, Plenary Talk.</s>
    <s>34. Thomas Wiegand:</s>
    <s>Video Coding Using the Emerging H.264/AVC Standard for HDTV,</s>
    <s>Deutsche TV-Plattform , Berlin, Germany, January 2005, Invited Talk.</s>
    <s>35. Thomas Wiegand:</s>
    <s>Video Coding Using the Emerging H.264/AVC Standard and Beyond,</s>
    <s>Colloquium and Seminar on Topics in Signal Processing, TU Munich , Munich, Germany, November 2004, Invited Talk.</s>
    <s>36. Thomas Wiegand:</s>
    <s>MCTF and Scalability Extension of H.264/AVC,</s>
    <s>Signal Processing Institute, Ecole Polytechnique Frale de Lausanne (EPFL) , April 2004, Invited Talk.</s>
    <s>37. Thomas Wiegand:</s>
    <s>Video Coding Using the Emerging H.264/AVC Video Coding Standard and Beyond,</s>
    <s>Telecommunications Research Center Vienna (FTW) , November 2003, Invited Talk.</s>
    <s>38. Thomas Wiegand and Gary J. Sullivan:</s>
    <s>The New H.264 / MPEG-4 AVC Video Coding Standard,</s>
    <s>IEEE International Conference on Image Processing (ICIP'03) , Barcelona, Spain, September 2003, Tutorial.</s>
    <s>39. Thomas Wiegand:</s>
    <s>H.264/AVC Video Coding Standard for Mobile Transmission,</s>
    <s>Meeting of 3GPP SA4 , Munich, Germany, July 2003, Invited Talk.</s>
    <s>40. Thomas Wiegand:</s>
    <s>Video Coding Using the Emerging H.264/AVC Standard and Beyond, Cambridge University ,</s>
    <s>Invited Talk, Cambridge University , Cambridge, Great Britain, May 2003, Invited Talk.</s>
    <s>41. Thomas Wiegand:</s>
    <s>Optische Verkehrslageerfassung in Ballungszentren,</s>
    <s>Workshop fur Verkehrslageerfassung des BMBF , Bonn, Germany, May 2003, Invited Talk.</s>
    <s>42. Thomas Wiegand:</s>
    <s>The H.264/AVC Video Coding Standard (ITU-T Rec. H.264; ISO/IEC 14496-10 AVC),</s>
    <s>IRT Colloquium , Munich, Germany, March 2003, Invited Talk.</s>
    <s>43. Thomas Wiegand:</s>
    <s>Die JVT/H.26L-Codierung,</s>
    <s>Wissenschaftliches Kolloquium der TU-Ilmenau , Ilmenau, Germany, January 2003, Invited Talk.</s>
    <s>44. Thomas Wiegand:</s>
    <s>The Emerging JVT/H.26L Video Coding Standard,</s>
    <s>IBM Watson Research Center Research , September 2002, Invited Talk.</s>
    <s>45. Thomas Wiegand and Gary J. Sullivan:</s>
    <s>The Emerging JVT/H.26L Video Coding Standard,</s>
    <s>IEEE International Conference on Image Processing (ICIP'02) , Rochester, NY, USA, September 2002, Tutorial.</s>
    <s>46. Thomas Wiegand:</s>
    <s>Multimedia Streaming Using the Emerging JVT/H.26L Video Coding Standard,</s>
    <s>Meeting of Internet Streaming Media Alliance (ISMA) , Eindhoven, The Netherlands, September 2002, Keynote Talk.</s>
    <s>47. Thomas Wiegand:</s>
    <s>H.26L Ein neuer MPEG/ITU-T Standard fur das Video-Streaming,</s>
    <s>ITG Streaming Media Workshop , Berlin, Germany, June 2002, Invited Talk.</s>
    <s>48. Thomas Wiegand:</s>
    <s>The Emerging H.26L Video Coding Standard Overview and HHI Contributions,</s>
    <s>Colloquium, University of Hanover , Hanover, Germany, December 2001, Invited Talk.</s>
    <s>49. Thomas Wiegand:</s>
    <s>MPEG-4 and H.26L for Mobile Services,</s>
    <s>Workshop on Multiradio Mobile Communications (MMC) , Berlin, Germany, November 2001, Plenary Talk.</s>
    <s>50. Thomas Wiegand:</s>
    <s>Context-based Adaptive Coding and the Emerging H.26L Video Compression Standard,</s>
    <s>Stanford University, Stanford, CA, USA , September 2001, Invited Talk.</s>
    <s>51. Thomas Wiegand:</s>
    <s>Immersive Media: Closing the Gap to Real Live Sensation,</s>
    <s>Preparation of 6th IST Framework Programme , Brussels, Belgium, May 2001, Invited Talk.</s>
    <s>52. Thomas Wiegand:</s>
    <s>Multi-frame Motion-Compensated Prediction for Video Transmission,</s>
    <s>Colloquium, Heinrich-Hertz-Institute , Berlin, Germany, April 2000, Invited Talk.</s>
    <s>53. Thomas Wiegand:</s>
    <s>Multi-frame Motion-Compensated Prediction for Video Transmission,</s>
    <s>University of California, Los Angeles , April 2000, Invited Talk.</s>
    <s>54. Thomas Wiegand:</s>
    <s>Multi-frame Motion-Compensated Prediction for Video Transmission,</s>
    <s>AT&amp;T; Research Labs, Red Bank, NJ, USA , April 2000, Invited Talk.</s>
    <s>55. Thomas Wiegand:</s>
    <s>Rate-Constrained Video Coding Using Multi-frame Prediction,</s>
    <s>Stanford University, Stanford, CA, USA , February 1999, Invited Talk.</s>
    <s>56. Thomas Wiegand:</s>
    <s>Video Coding Using Multi-Hypothesis Prediction,</s>
    <s>PictureTel Corp , Andover, MA, USA, August 1998, Invited Talk.</s>
    <s>57. Thomas Wiegand:</s>
    <s>High-Order Motion Compensation,</s>
    <s>University of California, Berkeley , March 1998, Invited Talk.</s>
    <s>58. Thomas Wiegand:</s>
    <s>Affine Multi-frame Motion-Compensated Prediction,</s>
    <s>Microsoft Corp, Redmond, WA, USA , July 1997, Invited Talk.</s>
    <s>59. Thomas Wiegand:</s>
    <s>Affine Multi-frame Motion-Compensated Prediction,</s>
    <s>Real Networks Inc, Seattle, WA, USA , July 1997, Invited Talk.</s>
  </text>
</page>
