<?xml version="1.0" encoding="UTF-8"?>
<!DOCTYPE page SYSTEM "page.dtd">
<page>
  <lang>en</lang>
  <url>http://www.ipbrief.net/2011/04/16/2011-aba-ipl-spring-conference-a-student-report-on-hot-topics-in-ip/</url>
  <title>2011 ABA-IPL Spring Conference: A Student Report on Hot Topics ...</title>
  <snippet>
    <s>2011 ABA-IPL Spring Conference: A Student Report on Hot Topics in IP. Submitted by Griffin Barnett on April 16, 2011 – 8:00 AM309922 </s>
  </snippet>
  <text>
    <s>Available Positions</s>
    <s>Vol. 2, Issue 3</s>
    <s>Vol. 3, Issue 1</s>
    <s>Vol. 2, Issue 2</s>
    <s>Vol. 2, Issue 1</s>
    <s>Vol. 1, Issue 1</s>
    <s>2009-2010 Staff</s>
    <s>2010-2011 Staff</s>
    <s>2011-2012 Staff</s>
    <s>Featured Article</s>
    <s>A featured article from the current issue of the Intellectual Property Brief.</s>
    <s>Daily Blog</s>
    <s>A daily blog of IP-related news and issues</s>
    <s>All of the Intellectual Property Brief's published articles. All articles are hand-selected from outside submissions and from our very own IPB staff members.</s>
    <s>Blog posts featuring video clips.</s>
    <s>PDF versions of each of the Intellectual Property Brief's issues.</s>
    <s>Home » Copyright, Daily Blog, Featured</s>
    <s>2011 ABA-IPL Spring Conference: A Student Report on Hot Topics in IP</s>
    <s>Submitted by Griffin Barnett on April 16, 2011  8:00 AM309924 Commentshttp%3A%2F%2Fwww.ipbrief.net%2F2011%2F04%2F16%2F2011-aba-ipl-spring-conference-a-student-report-on-hot-topics-in-ip%2F2011+ABA-IPL+Spring+Conference%3A+A+Student+Report+on+Hot+Topics+in+IP2011-04-16+13%3A00%3A32Griffin+Barnetthttp%3A%2F%2Fwww.ipbrief.net%2F%3Fp%3D3099</s>
    <s>Last week I was very fortunate to be given the opportunity to attend the 2011 ABA Intellectual Property Law Spring Conference, which took place here in the Washington, DC area on April 6-9.  I attended as a “Student Reporter” in the first-ever Student Reporters program at the event.  As a Student Reporter, I was tasked with attending and live-tweeting several of the conference panels and blogging about the panels and my impressions of the conference.  I was assigned to four panels on a fairly wide range of IP-related topics, two of which I will discuss at some length here, one of which I will briefly summarize, and one of which has already been reported.</s>
    <s>My first panel was, “The DMCA—Is It Broken?” which focused on the limitations to copyright infringement liability for internet-based service providers like Google and YouTube, and the opposition to those limitations by content creators like Viacom.  The discussion centered around the ongoing Viacom v. YouTube (Google) litigation which is currently on appeal in the 2nd Circuit, and the panelists were, in fact, Stanley Pierre-Louis, the Vice President and Associate General Counsel of Viacom, Inc. and Andrew Bridges, part of the legal team representing YouTube.  The panel started off with some background information about the DMCA (“Digital Millenium Copyright Act”), which Congress passed in 1998 to implement World Intellectual Property Organization (WIPO) treaties involving anti-infringement and anti-piracy measures.  To protect the vitality and continued growth of the internet, Congress built in protections from liability for internet service providers regarding content posted by third parties known as “safe harbor” provisions.  These provisions protect service providers from being liable for monetary damages as long as the provider had no “actual knowledge” of infringement and did not ignore certain “red flags” (see DMCA § 512).  The main questions in the Viacom v. YouTube litigation concern the meaning of the term “actual knowledge,” what constitutes a “red flag,” and what steps must a service provider take to make itself aware of potentially infringing content and to remedy infringement.  The District Court in Viacom said that “actual knowledge” required the content owner to specifically identify the content being infringed upon to the service provider and request its removal.  The Court also said that a service provider need not actively investigate the content on its website for red flags.</s>
    <s>The panelists engaged in a very lively debate representing opposing viewpoints on the responsibility and culpability of service providers.  Mr. Pierre-Louis (Viacom) stated that user-directed sharing was becoming too easy and that companies like YouTube, by developing sharing platforms, promoted infringement.  Mr. Bridges (YouTube) countered that technology developed by companies like YouTube cannot be blamed for infringement and should not bear the burden of protecting content-owners’ rights.  He also mentioned that the DMCA was intended to protect users from getting trampled by copyright holders and that more permissive uses of copyright material on sites like YouTube can actually benefit copyright holders because user-generated or shared content can provide exposure and positive publicity to the content.  Mr. Pierre-Louis agreed that both copyright owners, service providers, and users can reap benefits from the online platforms but that ultimately the copyright owners must have control over when, where, and how their content is being distributed.  I find that both sides of the argument have merits, and it will be interesting to see how the 2nd Circuit rules (I believe they will affirm the District Court’s ruling in favor of YouTube).</s>
    <s>Another panel I attended was titled “Monetizing the News: The Role of IP in Assuring the Future of Media and Democracy.”  The panelists were Eve Burton, Senior Vice President of Hearst Corp.; Riyad Omar, Legal Director of the Associated Press; and William Patry, Deputy General Counsel at Google.  The basic argument here is similar to that in the Viacom v. YouTube case—the respective rights, responsibilities, and liabilities of content providers (in this case, news media) and service providers.  This panel was more focused on the monetization and economic implications (whereas the DMCA panel was more policy- and artistic rights-focused, although, let’s face it, it’s always about the money).  Mr. Patry began by identifying what he saw as the main business problems of traditional print news media: (1) a long term and steady decline in print news readership and the concurrent assent of competing media (cable television, for instance); (2) consolidation of news media companies and the accumulation of huge amounts of debt by those companies; (3) craigslist and other online advertising websites cutting into print classified ads and other print ad revenues; and (4) niche-specific print and digital media—traditional print required buying a broad “media package” while more focused producers were creating content that permitted more selective purchasing and consumption.  The bottom line is that media companies drive content and the service providers provide distribution—one cannot survive without the other, but how are the interests of each to be balanced?</s>
    <s>The panelists also raised a number of valid points about value.  First, value of content is user-defined and it cannot be artificially ascribed by either the creators of the content or by online and mobile service providers.  Second, there is separate and distinct value in original news content that provides full stories, unique sources, and well-crafted journalism, and aggregated news distributed across digital and mobile platforms—users will value one or the other variously at different times according to their present needs.  Third, news media companies made an economic gamble in providing digital content with the hope that increased traffic would offset lowered prices; they lost that gamble, and it was the service providers that reaped the benefits.  A final discussion about privacy issues took place, with the general consensus being that targeted online advertisements should be (as most currently are) “opt-out” rather than “opt-in” and that all media companies and service providers faced similar challenges in the international context where privacy laws differ between countries.</s>
    <s>Finally, a third panel I attended was “Tips from TTAB” that discussed new procedures at the Trademark Trial and Appeals Board, including “accelerated case resolution” procedures, internet-based evidence criteria, interlocutory procedures, party stipulations, and tips on brief-writing.  You can read more in-depth coverage of this panel in my twitter feed (see tweets from April 7th).</s>
    <s>All in all, the panels were lively, interesting, and presented discussions and debates on important current issues in IP law.  You can read all of my tweets here and all of the ABA-IPL Spring Conference Student Reporters’ tweets (including mine) here.</s>
    <s>About the Author:</s>
    <s>Author: Griffin Barnett</s>
    <s>Griffin Barnett is a 2L at WCL with an interest in IP Law, International Trade Law and Commercial Law. Griffin is a Senior Blogger and Blog Editor for the IP Brief. Currently, he is also a junior staff member of the American University International Law Review, a Dean's Fellow for the AU Legal Rhetoric Program, and the Vice President of Finance for the Business Law Society. Griffin holds a B.A. in International Studies from Johns Hopkins University. In his spare time, Griffin enjoys playing guitar, cooking, and sports of all kinds. He is from Pittsburgh, Pennsylvania.</s>
    <s>Griffin Barnett has written 7 posts for the IPB.</s>
    <s>309924 Commentshttp%3A%2F%2Fwww.ipbrief.net%2F2011%2F04%2F16%2F2011-aba-ipl-spring-conference-a-student-report-on-hot-topics-in-ip%2F2011+ABA-IPL+Spring+Conference%3A+A+Student+Report+on+Hot+Topics+in+IP2011-04-16+13%3A00%3A32Griffin+Barnetthttp%3A%2F%2Fwww.ipbrief.net%2F%3Fp%3D3099 »</s>
    <s>Rachel says:</s>
    <s>April 16, 2011 at 9:14 AM</s>
    <s>Griffin, I think you did a great job covering the conference, and I really enjoyed your tweets from the various panels and events. Reading your comments was the next best thing to actually being able to attend!</s>
    <s>Reply to this comment »</s>
    <s>@griffinbarnett says:</s>
    <s>April 18, 2011 at 9:50 PM</s>
    <s>Thanks RachelI was so honored to be selected to attend; it was an incredible educational experience!</s>
    <s>Reply to this comment »</s>
    <s>Nifty option Tips says:</s>
    <s>May 20, 2011 at 10:54 AM</s>
    <s>Good StuffI really like your post and i definitely bookmark your post and will give links to my friends as we all are a great lovers of blogs and always ready to read interesting and informative blogs. So Thanksfor sharing your post.</s>
    <s>Nifty option Tips</s>
    <s>Reply to this comment »</s>
    <s>Nifty option Tips says:</s>
    <s>May 20, 2011 at 10:54 AM</s>
    <s>Good StuffI really like your post and i definitely bookmark your post and will give links to my friends as we all are a great lovers of blogs and always ready to read interesting and informative blogs. So Thanksfor sharing your post.</s>
    <s>Nifty option Tips</s>
    <s>Reply to this comment »</s>
    <s>anonymous says:</s>
    <s>April 17, 2011 at 9:23 AM</s>
    <s>Its the Trademark Trial and Appeal Board, not Appeals</s>
    <s>Reply to this comment »</s>
    <s>Nifty option Tips says:</s>
    <s>May 20, 2011 at 10:53 AM</s>
    <s>Good StuffI really like your post and i definitely bookmark your post and will give links to my friends as we all are a great lovers of blogs and always ready to read interesting and informative blogs. So Thanksfor sharing your post.</s>
    <s>Nifty option Tips</s>
    <s>Reply to this comment »</s>
    <s>Stock Market says:</s>
    <s>July 28, 2011 at 3:29 AM</s>
    <s>very good post, i was really searching for this topic as i wanted this topic to understand completely and it is also very rare in internet that is why it was very difficult to understand</s>
    <s>thank you for sharing this.</s>
    <s>Stock Market</s>
    <s>Reply to this comment »</s>
    <s>Stock Market says:</s>
    <s>July 30, 2011 at 12:39 AM</s>
    <s>very good post, i was really searching for this topic as i wanted this topic to understand completely and it is also very rare in internet that is why it was very difficult to understand</s>
    <s>thank you for sharing this.</s>
    <s>Stock Market</s>
    <s>Reply to this comment »</s>
    <s>Share Market says:</s>
    <s>July 30, 2011 at 2:41 AM</s>
    <s>very good post, i was really searching for this topic as i wanted this topic to understand completely and it is also very rare in internet that is why it was very difficult to understand. thank you for sharing this.</s>
    <s>Share Market</s>
    <s>Reply to this comment »</s>
    <s>commodity tips says:</s>
    <s>July 31, 2011 at 10:59 PM</s>
    <s>I absolutely adore reading your blog posts, the variety of writing is smashing.This blog as usual was educational, I have had to bookmark your site and subscribe to your feed in i feed. Your theme looks lovely.Thanks for sharing.</s>
    <s>Commodity Tips</s>
    <s>Reply to this comment »</s>
    <s>intraday tips says:</s>
    <s>August 18, 2011 at 2:39 AM</s>
    <s>I really appreciate your post. It gives an outstanding idea that is very helpful for all the people on the web. Thanks for sharing this information and I'll love to read your next post too.</s>
    <s>Regards: intraday tips</s>
    <s>Reply to this comment »</s>
    <s>Gold Silver Tips says:</s>
    <s>August 19, 2011 at 4:20 AM</s>
    <s>I really appreciate your post and you explain each and every point very well.Thanks for sharing this information.And Ill love to read your next post too.</s>
    <s>Gold Silver Tips</s>
    <s>Reply to this comment »</s>
    <s>Gold Silver Tips says:</s>
    <s>September 20, 2011 at 6:37 AM</s>
    <s>I really appreciate your post and you explain each and every point very well.Thanks for sharing this information.And Ill love to read your next post too.</s>
    <s>Gold Silver Tips</s>
    <s>Reply to this comment »</s>
    <s>intraday tips says:</s>
    <s>September 21, 2011 at 3:20 AM</s>
    <s>It was a awe-inspiring post and it has a significant meaning and thanks for sharing the information.Would love to read your next post too……</s>
    <s>Intraday Tips</s>
    <s>Reply to this comment »</s>
    <s>commodity tips says:</s>
    <s>September 22, 2011 at 2:00 AM</s>
    <s>I absolutely adore reading your blog posts, the variety of writing is smashing.</s>
    <s>This blog as usual was educational, I have had to bookmark your site and subscribe to your feed in i feed.</s>
    <s>Your theme looks lovely.Thanks for sharing.</s>
    <s>Commodity Tips</s>
    <s>Reply to this comment »</s>
    <s>Gold Silver Tips says:</s>
    <s>September 22, 2011 at 6:50 AM</s>
    <s>I really appreciate your post and you explain each and every point very well.Thanks for sharing this information.And Ill love to read your next post too.</s>
    <s>Gold Silver Tips</s>
    <s>Reply to this comment »</s>
    <s>Mcx Tips says:</s>
    <s>September 23, 2011 at 7:16 AM</s>
    <s>I really appreciate your post and you explain each and every point very well.Thanks for sharing this information.And I'll love to read your next post too.</s>
    <s>Mcx Tips</s>
    <s>Reply to this comment »</s>
    <s>intraday tips says:</s>
    <s>September 28, 2011 at 6:05 AM</s>
    <s>Great posting you have it makes help me a lot about the market tips.i read your post that's really useful information about the market.</s>
    <s>Intraday Tips</s>
    <s>Reply to this comment »</s>
    <s>commodity tips says:</s>
    <s>October 8, 2011 at 7:57 AM</s>
    <s>Not all the time no one can win the match of stock market trade , humans are bounded with emotions and personal affairs that makes them to take wrong decisions at right time even though they are masters of trade. Markets dramatically change they their flow and no one exactly produce or expect 100% from their profits . Choosing the right indicator or analyzing software blended with human aspect gives better results.</s>
    <s>Commodity Tips</s>
    <s>Reply to this comment »</s>
    <s>mcx tips says:</s>
    <s>October 12, 2011 at 2:21 AM</s>
    <s>Hey, very nice site. I came across this on Google, and I am stoked that I did. I will definately be coming back here more often. Wish I could add to the conversation and bring a bit more to the table, but am just taking in as much info as I can at the moment.</s>
    <s>Thank You</s>
    <s>mcx tips</s>
    <s>Reply to this comment »</s>
    <s>Mcx Tips says:</s>
    <s>October 12, 2011 at 9:00 AM</s>
    <s>Visiting this blog is our real pleasure. Should like to thank admin for sharing such a useful information and starting this thread in addition to that we suggest traders not to panic when market is in profit booking state. Investors and traders should understand that in volatile stock market conditions they should switch to trading.</s>
    <s>Mcx Tips</s>
    <s>Reply to this comment »</s>
    <s>Mcx Tips says:</s>
    <s>October 15, 2011 at 1:25 AM</s>
    <s>I really appreciate your post and you explain each and every point very well.Thanks for sharing this information.And I'll love to read your next post too.</s>
    <s>Mcx Tips</s>
    <s>Reply to this comment »</s>
    <s>Mcx Tips says:</s>
    <s>October 17, 2011 at 4:03 AM</s>
    <s>I really appreciate your post and you explain each and every point very well.Thanks for sharing this information.And I'll love to read your next post too.</s>
    <s>Mcx Tips</s>
    <s>Reply to this comment »</s>
    <s>Mcx Tips says:</s>
    <s>October 17, 2011 at 5:13 AM</s>
    <s>I appreciate your post. I also wrote that SMS advertising provides a cost effective method of targeting promotions to specific customer profiles. You might want to remind customers of specific events or promotions, but for whatever reasons, SMS allows you to pass information directly to the right customer at very affordable prices and fast delivery.</s>
    <s>Mcx Tips</s>
    <s>Reply to this comment »</s>
    <s>Leave a comment!</s>
    <s>Click here to cancel reply »</s>
    <s>Add your comment below, or trackback from your own site. You can also subscribe to these comments via RSS.</s>
    <s>Be nice. Keep it clean. Stay on topic. No spam.</s>
    <s>Name (required)</s>
    <s>Mail (will not be published) (required)</s>
    <s>Website (optional)</s>
    <s>You can use these tags:</s>
    <s>`&lt;a href=&quot;&quot; title=&quot;&quot;&gt; &lt;abbr title=&quot;&quot;&gt; &lt;acronym title=&quot;&quot;&gt; &lt;b&gt; &lt;blockquote cite=&quot;&quot;&gt; &lt;cite&gt; &lt;code&gt; &lt;del datetime=&quot;&quot;&gt; &lt;em&gt; &lt;i&gt; &lt;q cite=&quot;&quot;&gt; &lt;strike&gt; &lt;strong&gt; `</s>
    <s>This is a Gravatar-enabled weblog. To get your own globally-recognized-avatar, please register at Gravatar.</s>
    <s>Copyright »</s>
    <s>Judge Dismisses Copyright Infringement Case Against UCLA</s>
    <s>A federal judge in California dismissed a suit for copyright infringement brought by educational video producers against UCLA.</s>
    <s>More articles »</s>
    <s>Patents »</s>
    <s>The Washington Declaration on Intellectual Property and the Public Interest</s>
    <s>From August 25-27, 2011, experts and advocates from thirty-two countries and six continents convened in Washington, D.C. at WCL for the inaugural Global Congress on Intellectual Property and the Public Interest, and produced the Washington Declaration on Intellectual Property and the Public Interest that we encourage you to read and sign.</s>
    <s>More articles »</s>
    <s>Trademark »</s>
    <s>Teaparty.com Not Owned by the Tea Party You're Thinking Of</s>
    <s>&quot;The Tea Party&quot; stands to make a lot of green in domain name sale.</s>
    <s>More articles »</s>
    <s>Accepting Submissions</s>
    <s>The IP Brief is currently accepting submissions. We are looking for papers that address a legal topic relating to any area of intellectual property. Please submit completed papers and a cover page with the name and title of the article to ipbrief at wcl.american.edu. Any questions can also be sent to this e-mail address.</s>
    <s>American University Washington College of Law</s>
    <s>Copyright Blog</s>
    <s>Intellectual Property Watch</s>
    <s>Program on Information Justice and Intellectual Property</s>
    <s>Spicy IP</s>
    <s>The TTABlog®</s>
    <s>Select Tag Infringement (80) copyright (73) Trademark (55) patent (41) USPTO (23) International (20) Music (18) internet (16) Piracy (16) Fair Use (15) Google (14) Apple (12) Software (9) Licensing (9) DMCA (8) Microsoft (8) Fashion (8) YouTube (7) Trade Secret (7) China (7) Pharmaceutical (7) Facebook (6) iPhone (6) Medicine (6) intellectual property (5) Congress (5) Patents (5) Australia (5) Movies (5) France (5) European Union (5) Video Games (5) Righthaven (5) WIPO (5) Technology (4) Twitter (4) TTAB (4) Advertising (4) Canada (4) DRM (4) drugs (3) patent pool (3) international trade commission (3) iTunes (3) Branding (3) amazon (3) trademarks (3) senate (3) pto (3) domain names (3) generic (3) FDA (3) RIAA (3) Dilution (3) Sports (3) Patent Reform Act (3) Limewire (3) trademark bullying (3) Obama (3) logos (3) federal circuit (3) America Invents Act (2) photography (2) gene (2) First-to-File (2) house (2) The Pirate Bay (2) beatles (2) record companies (2) spotify (2) Watson (2) Medicines Patent Pool (2) ISP (2) design (2) emi (2) innovation (2) logo (2) warner brothers (2) settlement (2) Netflix (2) public domain (2) lady gaga (2) Trade Dress (2) MPP (2) trademark infringement (2) streaming (2) public performance (2) SCOTUS (2) jay-z (2) Viacom (2) expedited (2) ABA (2) Unfair Competition (2) app store (2) herb kohl (2) Disney (2) Traditional Knowledge (2) Jailbreaking (2) Harry Potter (2) Moral Rights (2) Orphan Works (2) Football (2) engineering (2) EU (2) Bittorrent (2) Fox News (2) Comics (2) ITC (2) Counterfeiting (2) Copyleft (2) Sherman Act (2) NFL (2) Kappos (2) free culture (2) TRIPS (2) first-to-invent (2) reform (2) USTR (2) Sony (2) Hacking (2) epo (2) Legislation (2) Health (2) european patent office (2) app (2) U.S. Senate (2) IHOP (2) Politics (2) Target (2) Wikileaks (2) ACTA (2) Supreme Court (2) capcom (1) street fighter (1) characters (1) Ford (1) leak (1) Gaming (1) MPAA (1) Palin (1) likeness (1) Jailbreak (1) Ferrari (1) Cracking (1) Lieber (1) cars (1) unified patent (1) mpeg-la (1) vp8 (1) Bristol (1) codec (1) europatent (1) Comparative Law (1) Gaiman (1) video (1) comic book (1) lending (1) piract (1) Grokster (1) Sarah (1) Verrilli (1) Kagan (1) solicitor (1) webm (1) general (1) Donald (1) Authors (1) Hu (1) store (1) Jintao (1) Chinese (1) Defamation (1) Certification Mark (1) works for hire (1) university (1) first-to-patent (1) PIJIP (1) CSM (1) Art (1) poetry (1) bill (1) La Quadrature (1) Super Bowl (1) University of Missouri (1) Big Game (1) commercial (1) IPR (1) advertisement (1) fixed dose combination (1) Naked Cowboy (1) antibody (1) continuation-in-part (1) written description (1) mouse (1) CIP (1) Abbott (1) TNFα (1) International Law (1) UltraViolet (1) IBM (1) Centocor (1) Jeopardy (1) Humira (1) iiNet (1) aperture (1) cut-out (1) credit (1) apps (1) obviousness (1) hole (1) card (1) AFACT (1) consortium (1) studio (1) vanguard (1) computer (1) Human Rights (1) Sports Law (1) viagra (1) lipitor (1) patent cliff (1) r&amp;d (1) bristol-meyers squib (1) pfizer (1) IP Enforcement (1) ps3 (1) PlayStation (1) LG (1) Obama Administration (1) Blu-ray (1) research and development (1) drug (1) Visual Artists Rights Act (1) Berne (1) The Simpsons (1) Washington Redskins (1) Duff (1) VARA (1) Wildflower Works (1) garden (1) fdc (1) artist (1) Chapman Kelley (1) Chicago (1) Grant Park (1) AquaBounty (1) Daily Blog (1) Casino (1) Cybersquatting (1) Diamond Dallas Page (1) You Tube (1) 3OH!3 (1) Hotel (1) New York (1) Beach Towel (1) Logorama (1) Snooki (1) Jersey Shore (1) Snooky (1) p2p (1) Jazz (1) salmon (1) genetically (1) engineered (1) KSR (1) genetic (1) atlantic (1) language (1) Information Access (1) Stevie Wonder (1) LVRJ (1) translation (1) Las Vegas Review-Journal (1) Clemens Franek (1) Hyundai (1) ASICS (1) Sketchers (1) ASCAP (1) Furniture (1) Creative Commons (1) Thomas' English Muffin (1) wireless (1) South Africa (1) Verizon (1) Nintendo (1) Applications (1) Likelihood of Confusion (1) Bogart (1) FIFA (1) ACLU (1) Lucas film (1) laser (1) Mercedes (1) lightsaber (1) EFF (1) U.S. Copyright Group (1) KHORAN (1) World Cup (1) Religion (1) Pillsbury (1) iPhone Apps (1) US Copyright Group (1) Teleflex (1) TSM (1) neutrality (1) free (1) research (1) bandwidth (1) libraries (1) net (1) Hindu American Foundation (1) Anheuser-Busch (1) parody (1) commercials (1) yoga (1) sigur ros (1) limiting (1) WCL (1) 2010 (1) Jimi (1) Hendrix (1) Publicity Rights Act (1) Experience (1) patent office (1) patent application (1) retail (1) gap (1) patent rights (1) anti-trust (1) patentability (1) monopoly (1) United Brands Co. (1) Joose (1) International House of Prayer (1) USC (1) University of Southern California (1) goat (1) University of South Carolina (1) Right of Publicity (1) Associated Press (1) Africa (1) IPEC (1) Policy (1) Chanel (1) Lego (1) fragrance (1) WCL event (1) Electronic Arts (1) Lamebook (1) Parady (1) NBA (1) Milwaukee Bucks (1) NCAA (1) TV (1) MLB (1) Trademark Technical and Conforming Amendment Act of 2010 (1) Brooklyn Dodgers (1) Walgreens (1) social media (1) Power Balance (1) daily (1) newspaper (1) yankovic (1) weird al (1) South Sudan (1) technology transfer (1) patent infringement (1) alstom (1) bombardier (1) kawasaki (1) high speed rail (1) pending legislation (1) online piracy (1) WHO (1) Gilead (1) Las Vegas (1) World Health Organization (1) UNITAID (1) US Senate (1) Senator Leahy (1) Protect IP (1) Protect IP Act (1) siemens (1) Genome (1) Galaxy (1) Samsung (1) 2001: A Space Odyssey (1) Up (1) Pixar (1) Red Sole (1) Balloons (1) Bangerter (1) Utah (1) iPad (1) Termination Rights (1) music streaming (1) amici (1) Markham proceedings (1) green patents (1) download (1) packetvideo (1) Village People (1) Sweet 'n' Low (1) Splenda (1) Equal (1) Dal Toro (1) Lamborghini (1) Publicity (1) CSA (1) i4i (1) News (1) House of Representatives (1) EA Sports (1) Geek (1) NewEgg (1) Best Buy (1) willful blindness (1) Global-Tech Appliances (1) international copyright (1) royal wedding (1) women (1) Games (1) license (1) SEB (1) Digitization (1) European Commission (1) sampling (1) Antitrust (1) College Sports (1) RIM (1) Kodak (1) Gangs (1) concert (1) merchandising (1) MGM (1) Warner Bros. (1) Wizard of Oz (1) katy perry (1) Mongols (1) Employment Law (1) Pottermore (1) J.K. Rowling (1) O'Dwyer (1) ICE (1) Digital Rights (1) Publishing (1) Books (1) batmobile (1) dc comics (1) e-books (1) Louboutin (1) YSL (1) Nike (1) excite worldwide (1) excite (1) Just Do It (1) Sufficiently Similar (1) Currency Exchange Rate Oversight Reform Act (1) Trade Secrets (1) trademark dilution (1) Just Jesu It (1) national arbitration forum (1) NAF (1) author's guild (1) hathitrust (1) google books (1) University of Michigan (1) University of California (1) ladygaga.org (1) Cornell University (1) Indiana University (1) University of Wisconsin (1) Chris Coons (1) Timelines (1) anti-circumvention (1) Regents (1) Digital Millenium Copyright Act (1) Ambrose Video Publishing (1) Association for Information Media and Equipment (1) Moroccan Roll (1) Domain Name (1) Tea Party (1) DVD (1) AIME (1) AVP (1) Giants (1) San Francisco (1) trademark infrinement (1) Facebook Timeline (1) Baseball (1) Kim Kardashian (1) UCLA (1) misappropriation (1) Melissa Molinaro (1) Old Navy (1) britain (1) Greg Maxwell (1) Criminal (1) SAP (1) Oracle (1) Bullying (1) Kellog's (1) in-n-out (1) taco cabana (1) Mayan Archaeology Institute (1) MAI (1) gordon (1) jah jah (1) Celebrity (1) Christian Louboutin (1) Yves Saint Laurent (1) Romney (1) Economy (1) janine gordon (1) mcginley (1) ryan mcginley (1) photos (1) grab-n-go (1) two pesos (1) Geographical Indications (1) macy's (1) lourdes (1) Wine (1) Spirits (1) Aaron Swartz (1) JSTOR (1) United Kingdom (1) Alcohol (1) material girl (1) madonna (1) starz (1) hulu (1) qwikster (1) animal style (1) Chamber of Commerce (1) Multi-Touch (1) WPPT (1) The Who (1) Rolling Stones (1) Performers (1) fast-track (1) CIPO (1) publishers (1) Lime Group (1) Arista (1) record (1) white house (1) internet protocol (1) ICANN (1) recommendations (1) espinel (1) library (1) television (1) star wars (1) stormtrooper (1) film (1) UK (1) US (1) Thierry Guetta (1) Run-DMC (1) street art (1) Mr. Brainwash (1) patent reform act of 2011 (1) genzyme (1) margaret fulton (1) cookbook (1) organic (1) tkdl (1) digital library (1) patent trolling (1) translate (1) european (1) india (1) food (1) honest to goodness (1) mt. sinai (1) bayh-dole act (1) fabry disease (1) fabrazyme (1) nih (1) Che Guevara (1) woolworth (1) appropriation art (1) Patrick Cariou (1) Richard Prince (1) Lucas (1) Google Video (1) Carollo (1) Elvis Presley Enterprises (1) EPE (1) Pirzada (1) box set (1) redskins (1) slants (1) bootleg (1) Glass (1) presley (1) elvis (1) coica (1) time (1) radiohead (1) combating online infringement and counterfeits act (1) lessig (1) murdoch (1) wall street journal (1) wsj (1) telegraph (1) Baidu (1) IsoHunt (1) file (1) cryptographic (1) blaze (1) system (1) clipper chip (1) institute of electrical and electronics engineers (1) association for computing machinery (1) ieee (1) acm (1) matt (1) recording industry association of america (1) myriad (1) brca (1) UN (1) Demonoid (1) Remix (1) Coca-Cola (1) hack (1) bmi (1) anonymous (1) charity (1) Intellectual Ventures (1) Nathan Myrvhold (1) xoom.com (1) xoom (1) motorola (1) keyword (1) search engine (1) yankees (1) unfair business practices (1) false advertising (1) false destination of origin (1) science (1) copyright school (1) Steve Jobs (1) Android (1) Mikandi (1) misappropriation of name and likeness (1) priceline (1) happy tree friends (1) business method (1) troll (1) walker (1) buday (1) peer review (1) hiv (1) doctors without borders (1) pool (1) aids (1) developing (1) green (1) johnson &amp; johnson (1) medication (1) pricing (1) whitmill (1) tribal (1) circumvention (1) garry's mod (1) garry newman (1) budget (1) ANDA (1) generic drugs (1) tattoo (1) the hangover (1) mike tyson (1) robots (1) economic espionage (1) Ethics (1) michael blake (1) pi day (1) pi (1) lars erikson (1) pi symphony (1) birth control (1) the pill (1) mathematical constant (1) math (1) USITC (1) Nokia (1) book (1) Google Doodles (1) WTO (1) CAMR (1) FRCP 23 (1) South America (1) Entertainment (1) Comedy (1) Comedians (1) Jokes (1) duramed (1) unopposed estrogen (1) examination (1) three-track system (1) dioxide (1) superman (1) siegel (1) IP Conference (1) 304(C) (1) termination of transfer (1) shuster (1) oxide (1) titanium (1) roc (1) volcom (1) combined oral contraceptive (1) COC (1) diamond (1) roc nation (1) performance group (1) usa performance (1) christopher (1) dupont (1)</s>
    <s>October 2011</s>
    <s>September 2011</s>
    <s>August 2011</s>
    <s>July 2011</s>
    <s>June 2011</s>
    <s>May 2011</s>
    <s>April 2011</s>
    <s>March 2011</s>
    <s>February 2011</s>
    <s>January 2011</s>
    <s>December 2010</s>
    <s>November 2010</s>
    <s>October 2010</s>
    <s>September 2010</s>
    <s>August 2010</s>
    <s>July 2010</s>
    <s>June 2010</s>
    <s>May 2010</s>
    <s>April 2010</s>
    <s>March 2010</s>
    <s>January 2010</s>
    <s>Random Posts</s>
    <s>(refresh random posts)</s>
    <s>Latest Video Post</s>
    <s>Relatively New Anti-Piracy PSA: Another Analogy Comparison of Piracy to Stealing Cars or an Effective Message?</s>
    <s>Recent Posts</s>
    <s>Teaparty.com Not Owned by the Tea Party You're Thinking Of</s>
    <s>Judge Dismisses Copyright Infringement Case Against UCLA</s>
    <s>Keep Off KardashiansKim Kardashian Sues The Gap Over Alleged Misappropriation of Celebrity Persona</s>
    <s>Giants Forgot to Register Logo</s>
    <s>Facebook’s Timeline Legal Fight with Timelines, Inc.</s>
    <s>http://t.co/Z39s1UBl Not Owned by the Tea Party You're Thinking Of - http://t.co/vfG9dVCG by Hasan Tbeileh</s>
    <s>Judge Dismisses Copyright Infringement Case Against UCLA - http://t.co/iTdBzJPV by Alexandra Mackey</s>
    <s>Keep Off KardashiansKim Kardashian Sues The Gap Over Alleged Misappropriation of Celebrity Persona - http://t.co/3EZKDZwA by Sarah Leggin</s>
    <s>Giants Forgot to Register Logo - http://t.co/7wkvOF0y by Seth Dennis</s>
    <s>Copy / Paste</s>
    <s>Site Search</s>
    <s>Search &amp; Share</s>
    <s>Powered by WordPress | Log in | Entries (RSS) | Comments (RSS) | Arthemia Premium theme by Colorlabs Project</s>
    <s>The American University Intellectual Property Brief is licensed by the staff of the American University Intellectual Property Brief under a Creative Commons Attribution 3.0 United States License. IPBrief.net is hosted by Dan Rosenthal. For technical queries, contact dan@danrosenthal.org</s>
    <s>![Creative Commons License</s>
  </text>
</page>
