<?xml version="1.0" encoding="UTF-8"?>
<!DOCTYPE page SYSTEM "page.dtd">
<page>
  <lang>en</lang>
  <url>http://www.hacu.net/hacu/Annual_Conference_Student_Track.asp</url>
  <title>Conference Student Track</title>
  <snippet>
    <s>Special Student Track Workshops, Leadership Forums, Student Mixers and a Career Fair will be part of HACU&#39;s 25th Annual Conference. You can be an active </s>
  </snippet>
  <text>
    <s>Donate HACU News Job Opportunities ProTalento Scholarships Contact HACU Links Login</s>
    <s>!HACU Tagline</s>
    <s>About HACU</s>
    <s>HACU 101</s>
    <s>HACU Bylaws</s>
    <s>Qus HACU?</s>
    <s>Annual Report</s>
    <s>Governing Board</s>
    <s>Corporate and Philanthropic Council</s>
    <s>Message from the President</s>
    <s>President's Biography</s>
    <s>President's Blog</s>
    <s>About Government Relations</s>
    <s>Government Relations News</s>
    <s>HACU's Public Policy</s>
    <s>Appropriations Requests</s>
    <s>For Profits</s>
    <s>Legislative Issues - Bills</s>
    <s>Higher Education Act (HEA)</s>
    <s>Current Legislation Tracking</s>
    <s>U.S. Senate</s>
    <s>Senate HSI Coalition Members</s>
    <s>Senate Appropriations Committee</s>
    <s>Senate Budget Committee</s>
    <s>U.S. House of Representatives</s>
    <s>Congressional Hispanic Caucus</s>
    <s>Congressional Hispanic Conference Member</s>
    <s>House Budget Committee</s>
    <s>Communicating with Congress</s>
    <s>How a Bill Becomes a Law</s>
    <s>HACU's Legislative Agenda</s>
    <s>Capitol Forum</s>
    <s>Capitol Forum</s>
    <s>Advertising Opportunities (CF)</s>
    <s>Agenda (CF)</s>
    <s>Featured Sponsors (CF)</s>
    <s>Hotel Information (CF)</s>
    <s>Sponsorship Opportunities (CF)</s>
    <s>Past Highlights (CF)</s>
    <s>Federal MOUs</s>
    <s>Change Control Record</s>
    <s>Western Regional Office</s>
    <s>AZ Advisories</s>
    <s>CA Advisories</s>
    <s>NV Advisories</s>
    <s>OR Advisories</s>
    <s>WA Advisories</s>
    <s>Contact Us</s>
    <s>HACU Events</s>
    <s>Annual Conference</s>
    <s>25th Anniversary Gala</s>
    <s>Advertising Opportunities (AC)</s>
    <s>Agenda (AC)</s>
    <s>Call for Presentations (AC)</s>
    <s>Conference Student Track</s>
    <s>Exhibitor Registration &amp; Information (AC)</s>
    <s>Exhibitor Fact Sheet (AC)</s>
    <s>Featured Sponsors (AC)</s>
    <s>Hotel, Airline, and Tour Information (AC)</s>
    <s>Latino Higher Education Leadership Inst.</s>
    <s>Sponsorship Opportunities (AC)</s>
    <s>Past Highlights (AC)</s>
    <s>Capitol Forum</s>
    <s>International Conference</s>
    <s>Advertising Opportunities IC</s>
    <s>Intl Conference Agenda</s>
    <s>Hotel Information IC</s>
    <s>Registration IC</s>
    <s>Exhibitor Information IC</s>
    <s>What is HACU?</s>
    <s>Sponsorship Opportunities IC</s>
    <s>Past IC Highlights</s>
    <s>Highlights from 9th IC</s>
    <s>Highlights from 6th IC</s>
    <s>Highlights from 5th IC</s>
    <s>Featured Sponsors</s>
    <s>HACU on the Road Tour</s>
    <s>Membership and Dues Information</s>
    <s>Institutional Benefits</s>
    <s>National Membership Benefits</s>
    <s>Beneficios de Afiliacinternacional</s>
    <s>HACU Membership Brochure</s>
    <s>Member Services &amp; Initiatives</s>
    <s>Renew Your Membership</s>
    <s>New Member Application</s>
    <s>Faculty and Staff Caucus</s>
    <s>Mission &amp; Statement of Purpose</s>
    <s>Faculty and Staff Caucus Member Benefits</s>
    <s>FASC Meetings</s>
    <s>Update/ View Member Profile</s>
    <s>List of HACU Members</s>
    <s>Member FAQs</s>
    <s>Username/Password Information</s>
    <s>Discussion Boards</s>
    <s>News &amp; Alerts</s>
    <s>News Center</s>
    <s>HACU News: 2011</s>
    <s>HACU News: 2010</s>
    <s>HACU News: 2009</s>
    <s>Press Releases: 2008</s>
    <s>Press Releases: 2007</s>
    <s>Press Releases: 2006</s>
    <s>Press Releases: 2005</s>
    <s>Press Releases: 2004</s>
    <s>Press Releases: 2003</s>
    <s>Press Releases: 2002</s>
    <s>Press Releases: 2001</s>
    <s>Press Releases: 2000</s>
    <s>The Voice of Hispanic Higher Ed Magazine</s>
    <s>Rate Sheet</s>
    <s>Closing Dates</s>
    <s>Insertion Order Form</s>
    <s>Media Kit</s>
    <s>Voice Archives</s>
    <s>The Voice: 2006</s>
    <s>The Voice: 2005</s>
    <s>The Voice: 2004</s>
    <s>The Voice: 2003</s>
    <s>The Voice: 2002</s>
    <s>Member Advisory</s>
    <s>Member Advisory 2011</s>
    <s>Member Advisory 2010</s>
    <s>Member Advisory 2009</s>
    <s>Member Advisory 2008 Archives</s>
    <s>Member Advisory 2007 Archives</s>
    <s>Member Advisory 2006 Archives</s>
    <s>Member Advisory 2005 Archives</s>
    <s>Member Advisory 2004 Archives</s>
    <s>E-News Archive</s>
    <s>HSI Definition</s>
    <s>Lists of HSIs</s>
    <s>HSI Fact Sheet</s>
    <s>HACU Hispanic Education Research Collective</s>
    <s>Research links</s>
    <s>PR LogIn</s>
    <s>Media Relations Contact</s>
    <s>Overview of HACU Programs</s>
    <s>Computing Alliance of HSIs</s>
    <s>DHHS-HACU Professions Capacity Building</s>
    <s>Additional Photos of 2008 PCBP Activities</s>
    <s>Health Sciences Advisory Committee--HSAC</s>
    <s>PCBP Related Links</s>
    <s>Photos of 2008 PCBP Activities</s>
    <s>H3ERC Research Initiative</s>
    <s>Hispanic Health Issues</s>
    <s>Hispanic Serving School Districts</s>
    <s>HSSD Advisory Council</s>
    <s>HSSD Advisory Council Statement of Purpose</s>
    <s>Current HSSD Members &amp; Application</s>
    <s>Government Relations -- HSSD</s>
    <s>HSSD History</s>
    <s>K-12 Resources</s>
    <s>Student Programs</s>
    <s>Sponsors &amp; Partners</s>
    <s>Sponsors and Support</s>
    <s>2010 Partners</s>
    <s>2009 Partners</s>
    <s>2008 Partners</s>
    <s>2007 Partners</s>
    <s>Ways of Giving</s>
    <s>Strategic Alliances</s>
    <s>Donate to HACU</s>
    <s>Become a sponsor</s>
    <s>Become a sponsor</s>
    <s>Sponsor a Specific Program</s>
    <s>Sponsor a Conference or an Event</s>
    <s>Other Promotional Opportunities</s>
    <s>Combined Federal Campaign</s>
    <s>Students / Annual Conference Student Track</s>
    <s>HACU Student Programs</s>
    <s>Annual Conference Student Track</s>
    <s>Conference Student Scholarship</s>
    <s>Conference Student Ambassador Program</s>
    <s>Design Your Future</s>
    <s>Other Scholarship Resources</s>
    <s>HACU National Internship Program</s>
    <s>HACU Alumni Association</s>
    <s>College Search</s>
    <s>Study Abroad</s>
    <s>HACU Student Track</s>
    <s>Top undergraduate students from colleges and universities throughout the U.S. and Puerto Rico will be active participants at HACUs 25th Annual Conference in San Antonio, October 29-31, 2011. These students represent a wide range of academic disciplines. They arrive with resumes, eager to discuss career, internship, research and advanced education opportunities. Students represent a wealth of study, internship, workplace, research and community service experience. Special Student Track Workshops, Leadership Forums, Student Mixers and a Career Fair will be part of HACUs 25th Annual Conference. You can be an active part of the Student Track by becoming a Student Track Sponsor or by sponsoring a Student Ambassador. Students can also submit an application for a scholarship to attend this conference.</s>
    <s>Student Conference Scholarships pay for the students conference registration, travel, lodging, and one meal per day. The Student Ambassador program enables colleges and universities to sponsor students to attend HACUs Annual Conference. Applications for both programs are available online. You may also contact studenttrack@hacu.net for more information.</s>
    <s>This year's Student Track Agenda will be available in October 2011.</s>
    <s>Why sponsor Student Conference Scholars? Click here</s>
    <s>Please contact the Office of Development, for information about how corporations, federal agencies/organizations and colleges and universities can support the HACU Student Track at (210) 692-3805 or development@hacu.net.</s>
    <s>U.S. Members | International | Schools Districts | Students | Government | Corporate | Media</s>
    <s>Copyright (C) 1999-2011 HACU All rights reserved. This material may not be published, broadcast, rewritten or redistributed.</s>
    <s>Home About HACU Sitemap Privacy Policy</s>
    <s>San Antonio, TX</s>
    <s>8415 Datapoint Dr. Suite 400</s>
    <s>San Antonio, TX 78229</s>
    <s>210-692-3805 (Voice)</s>
    <s>210-692-0823 (Fax)</s>
    <s>Washington, D.C.</s>
    <s>One Dupont Circle N.W.</s>
    <s>Suite 430</s>
    <s>Washington, D.C. 20036</s>
    <s>202-833-8361 (Voice)</s>
    <s>202-261-5082 (Fax)</s>
    <s>Sacramento, CA</s>
    <s>915 L Street, Suite 1425</s>
    <s>Sacramento, CA 95814</s>
    <s>916-442-0392 (Voice)</s>
    <s>916-446-4028 (Fax)</s>
    <s>Powered By Association Catalyst</s>
    <s>Association Management Software - ESX Inc.</s>
    <s>window.jQuery || document.write('&lt;script src=&quot;/images/hacu/Template/2011/js/libs/jquery.min.js&quot;&gt;&lt;\/script&gt;') var gaq=[' setAccount','UA-5070870-1',' trackPageview']; (function(d,t){var g=d.createElement(t),s=d.getElementsByTagName(t);g.async=1; g.src=('https:'==location.protocol?'//ssl':'//www')+'.google-analytics.com/ga.js'; s.parentNode.insertBefore(g,s)}(document,'script'));</s>
  </text>
</page>
