<?xml version="1.0" encoding="UTF-8"?>
<!DOCTYPE page SYSTEM "page.dtd">
<page>
  <lang>en</lang>
  <url>http://www.tilthproducers.org/programs/conference/poster-session/</url>
  <title>TILTH PRODUCERS OF WASHINGTON | POSTER SESSION</title>
  <snippet>
    <s>Tilth Producers is pleased to announce that a Poster Session will be part of our annual conference in Yakima, Washington November 11th-13th, 2011. Our goal </s>
  </snippet>
  <text>
    <s>Event Calendar</s>
    <s>Farm Walks</s>
    <s>CONFERENCE 2011</s>
    <s>Intern Placement</s>
    <s>Join Tilth</s>
    <s>Member of the Month</s>
    <s>Fact Sheets</s>
    <s>Why Organic?</s>
    <s>Support Us</s>
    <s>General Support</s>
    <s>Board of Directors</s>
    <s>Advisory Council</s>
    <s>List Serve</s>
    <s>ecologically sound / economically viable / socially equitable</s>
    <s>TILTH PRODUCERS OF WASHINGTON</s>
    <s>POSTER SESSION</s>
    <s>Schedule / Register / Friday Symposia / Workshops / en español</s>
    <s>Meet our Sponsors / Become a Sponsor / Trade Show / Auction</s>
    <s>Poster Session / Annual Meeting &amp; Board Elections</s>
    <s>Accommodations / Directions &amp; Carpooling</s>
    <s>SHARE YOUR RESEARCH AND FARM PRACTICES</s>
    <s>Tilth Producers is pleased to announce that a Poster Session will be part of our annual conference in Yakima, Washington November 11th-13th, 2011. Our goal for this event is to encourage the exchange of new ideas and sharing of information.    Posters are being solicited from both ACADEMICS (researchers, instructors and students) and FARMERS &amp; FARM INTERNS. Whether you are a veteran researcher, weathered farmer, fresh faced graduate student, or newbie farmer with sweet farm hacks, we welcome your participation.</s>
    <s>Formal research topics of particular interest include:</s>
    <s>Soil, weed, disease and insect pest management in organic systems, seed production and variety trial results, economic and marketing research/practices in organic and local agriculture, nutritional quality of organic foods, organic livestock production, and crop-livestock integration in organic systems</s>
    <s>On-the-farm practice topics of particular interest include:</s>
    <s>Equipment – DIY tractors &amp; equipment, mechanization, hand tools, etc.</s>
    <s>New Production Techniques – Season extension, crop rotation, animal integration, on-farm compost production, greenhouses, produce processing, and grain processing, etc.</s>
    <s>New &amp; Emerging Markets &amp; Products – Direct to institutions, farmers markets, CSAs, etc.</s>
    <s>YesI’d like to present a poster…what do I do?</s>
    <s>1. Think about our theme, Designing Resilient Farms for a Changing Planet: what are you designing, planning or researching to establish resilient farms?</s>
    <s>2. Share with usSend us your name, email, phone, a topic title and abstractfor your poster. Please submit by November 1, 2011. You can submit through our online form or send us an email at organic@tilthproducers.org.</s>
    <s>3. Posters will be selected based on relevance to our audience &amp; meeting submission requirements and deadlines.</s>
    <s>4. Plan your posterGather your materials, research, pictures, testimony, etc. If you’ve never planned a poster before or want some help, let us know and we’ll hook you up with some experts. But don’t stress. We will love your poster even if you do it in crayon.</s>
    <s>5. Please no private business or product endorsements. If you want to promote a company or branded product, please contact organic@tilthproducers.org about the Trade Show.</s>
    <s>ABSTRACT? No way, I’m not writing an abstract. Don’t let the word scare youAll we need are a few sentences explaining what you want to share and why. Our poster session is not as formal as some others you’ve experienced.  See the examples below for help. We hope that folks who might not normally present their ideas, willSo be bold. Submit that “abstract” now. See our examples.</s>
    <s>Nitty Gritties</s>
    <s>You will be given wall space 4ft wide by 4ft tall to display your poster, but posters smaller than 4×4 are fine. Poster presenters must be present from 4:30 to 6:30pm Friday November 11th for a meet-and-greet with conference attendees.</s>
    <s>Posters must be set up between 9:00am and 4:00pm Friday the 11th, and may be taken down after 6:30pm Friday evening, although presenters are encouraged to keep the posters up all weekend and attend as conference registrants. Posters must be taken down 4:00pm on Sunday, November 13th.  Tilth Producers cannot be responsible for putting up, taking down, or returning any posters that are unattended.</s>
    <s>All questions should be directed to organic@tilthproducers.org.</s>
    <s>SUBMIT YOUR POSTER</s>
    <s>RESEARCH POSTER SUBMISSION</s>
    <s>Title: Reduced Tillage in Western Washington and the Impacts on Weed Populations, Preliminary Results</s>
    <s>Authors: Chris Benedict1, Andy Bary1, Craig Cogger1, Douglas Collins1, Andrew Corbin2, and Colleen Burrows3</s>
    <s>(1)Washington State University, Puyallup, WA</s>
    <s>(2)WSU Extension, Washington State University, Everett, WA</s>
    <s>(3)WSU Extension, Washington State University, Bellingham, WA</s>
    <s>Presenter: Chris Benedict, 555-555-5555 chrisbenedict@wsu.edu</s>
    <s>Abstract: Tillage and cultivation is the most commonly used weed management tool for organic vegetable producers. Reduced tillage systems often rely on herbicides not approved for organic production, but researchers in other regions of the U.S. have identified systems that do not rely on herbicides. Transferring this technology to the Pacific Northwest may be limited because of climate differences. Results from reduced tillage trials in western Washington will be highlighted as they relate to weed suppression and the hurdles towards further development and adoption of such a system.</s>
    <s>FARM PRACTICE POSTER SUBMISSION</s>
    <s>Title: Homemade, Small Scale Grain Thresher</s>
    <s>Presenter: Jane Farmer, Jane’s Organic Farm, 444-444-4444, jane@farmersrule.com</s>
    <s>Abstract: Learn how to make your own homesteader’s grain thresher. Bicycle powered, easy to assemble on your own. Poster will show materials, how to build and operate.</s>
    <s>Our Supporters</s>
    <s>See all supporters </s>
    <s>List Serve</s>
    <s>Find Crops!</s>
    <s>SUPPORT US!</s>
    <s>TILTH PRODUCERS OF WASHINGTON (C) Powered by WordPress 3.0</s>
    <s>Vita 1.6 design by WP GPL</s>
    <s>Tilth Producers of Washington</s>
    <s>4649 Sunnyside Avenue N 305</s>
    <s>Seattle WA 98103</s>
    <s>Telephone: 206-632-7506</s>
    <s>Fax: 206-632-7562</s>
  </text>
</page>
