<?xml version="1.0" encoding="UTF-8"?>
<!DOCTYPE page SYSTEM "page.dtd">
<page>
  <lang>en</lang>
  <url>http://acrlog.org/2010/02/22/paper-or-poster-session-at-acrl-making-the-choice/</url>
  <title>ACRLog » Paper Or Poster Session At ACRL: Making The Choice</title>
  <snippet>
    <s>Feb 22, 2010 I&#39;m hardly familiar with scientific conferences, but I gather from the essay that papers and posters are thought of quite differently from the ACRL </s>
  </snippet>
  <text>
    <s>Main menu:</s>
    <s>ACRLog Home</s>
    <s>ACRL Home</s>
    <s>Recent Posts</s>
    <s>Experiencing the Shift</s>
    <s>Finding Footnotes and Chasing Citations</s>
    <s>Evaluating Research By the Numbers</s>
    <s>The Bearer of Bad News</s>
    <s>Tackling Textbooks</s>
    <s>Recent Comments</s>
    <s>peter filardo on Finding Footnotes and Chasing Citations</s>
    <s>Becky Kornegay on Finding Footnotes and Chasing Citations</s>
    <s>Louise on Evaluating Research By the Numbers</s>
    <s>Guest post on ACRLog « the Undergraduate Science Librarian on Evaluating Research By the Numbers</s>
    <s>Veronica A. on Evaluating Research By the Numbers</s>
    <s>Recent Trackbacks</s>
    <s>the Undergraduate Science Librarian</s>
    <s>February 2010</s>
    <s>M T W T F S S</s>
    <s>« Jan</s>
    <s>Mar »</s>
    <s>Academic Librarian</s>
    <s>Arts and Letters Daily</s>
    <s>CogSci Librarian</s>
    <s>Columbia University Libraries FYI</s>
    <s>Crooked Timber</s>
    <s>Digital Reference</s>
    <s>Fairly Used</s>
    <s>Imaginary Journal of Poetic Economics</s>
    <s>Information Wants To Be Free</s>
    <s>Language Log</s>
    <s>Library Juice</s>
    <s>LibraryLaw Blog</s>
    <s>LJ's Academic Newswire</s>
    <s>NUL Copyright</s>
    <s>Open Access News</s>
    <s>Public Knowledge</s>
    <s>Quick Study</s>
    <s>Scholarly Communications@Duke</s>
    <s>Special and Rare On A Stick</s>
    <s>ULS Universe</s>
    <s>Wired Campus Blog</s>
    <s>WorldCat Blog</s>
    <s>Log in</s>
    <s>Entries RSS</s>
    <s>Comments RSS</s>
    <s>Search for:</s>
    <s>Why An ACRL Blog</s>
    <s>Subscribe To ACRLog</s>
    <s>Special Features</s>
    <s>Gaming Survey Results</s>
    <s>Posted Remarks From The Great Information Literacy Debate</s>
    <s>Academic Freedom Quiz Answers</s>
    <s>ALA 2008 Conference Programs For Academic Librarians</s>
    <s>ACRLog Tip Page</s>
    <s>Who We Are</s>
    <s>ACRL Chapters</s>
    <s>ACRL News</s>
    <s>ACRLog News</s>
    <s>Community Colleges</s>
    <s>Conference Blogging</s>
    <s>First Year Academic Librarian Experience</s>
    <s>Graduate Students</s>
    <s>Higher Education</s>
    <s>In The Disciplines</s>
    <s>Information Ethics</s>
    <s>information industries</s>
    <s>Information Literacy</s>
    <s>Just Thinking</s>
    <s>Librarians in Film</s>
    <s>Libraries and Community</s>
    <s>Libraries and Learning</s>
    <s>library careers</s>
    <s>LIS Education</s>
    <s>Open Access</s>
    <s>Peer Review</s>
    <s>Political political</s>
    <s>Professional Development</s>
    <s>Public Services</s>
    <s>Research Issues</s>
    <s>Scholarly Communications</s>
    <s>Simplicity vs. Complexity</s>
    <s>Student Issues</s>
    <s>sudden thoughts</s>
    <s>Technology Issues</s>
    <s>Top Issues</s>
    <s>Worth Reading</s>
    <s>Select Month October 2011 September 2011 August 2011 July 2011 June 2011 May 2011 April 2011 March 2011 February 2011 January 2011 December 2010 November 2010 October 2010 September 2010 August 2010 July 2010 June 2010 May 2010 April 2010 March 2010 February 2010 January 2010 December 2009 November 2009 October 2009 September 2009 August 2009 July 2009 June 2009 May 2009 April 2009 March 2009 February 2009 January 2009 December 2008 November 2008 October 2008 September 2008 August 2008 July 2008 June 2008 May 2008 April 2008 March 2008 February 2008 January 2008 December 2007 November 2007 October 2007 September 2007 August 2007 July 2007 June 2007 May 2007 April 2007 March 2007 February 2007 January 2007 December 2006 November 2006 October 2006 September 2006 August 2006 July 2006 June 2006 May 2006 April 2006 March 2006 February 2006 January 2006 December 2005 November 2005 October 2005 September 2005</s>
    <s>Paper Or Poster Session At ACRL: Making The Choice</s>
    <s>Given a choice between preparing and submitting a proposal for a contributed paper or a poster session at ACRL's 2011(15th) national conference, which do you think most academic librarians would choose. I need less than 2 seconds to think about this one. It's the paper.</s>
    <s>When it comes to ACRL's national conference my take is that most academic librarians will prefer to submit a proposal for a contributed paper. This post is inspired by two things. First, like me, you've probably been thinking about the 2011 conference and potential ideas to turn into proposals. That means considering whether the idea works best as a paper or panel, or perhaps a Cyber Zed Shed presentation - or even a poster. Second, I enjoyed reading Female Science Professor's Chronicle essay about the pros and cons of paper presentations and posters for scientists. I'm hardly familiar with scientific conferences, but I gather from the essay that papers and posters are thought of quite differently from the ACRL conference. For the scientist it seems that paper and poster are on near equal footing. For academic librarians, the posters are akin to a runner-up prize. I'd like to see that change.</s>
    <s>Having had papers, panels and one poster accepted at ACRL here are some thoughts on the relative merits and challenges of each, using FSP's framework for the comparison.</s>
    <s>Stress Level:This one goes to the contributed paper. If you are fortunate enough to get it accepted (and more will this year because each session will now have three - not two - paper presentations - but each gets less time), then you need to write up a paper on a deadline. Presenting a poster is fairly informal; little preparation for the actual poster session is needed. The same cannot be said for a formal paper presentation.</s>
    <s>Work Level: Once you have the basic idea for the poster worked out, and you know what's going on it, the poster presents a reasonable amount of work - and let's face it - you can put as much or as little effort into it as you like. We've all seen some pretty ratty posters. Then again, I've seen some posters where the reaction is &quot;Damn, how did they do that?&quot;. It's that good. I took the middle road, and used PosterSession.com to create my poster. That made it even less work - and they shipped the thing right to my hotel. You don't even have to schlep a poster through the airport anymore. You can't really fake the paper. Not only do you have to write it, but if you haven't put the work into it you'll look like an ass at the presentation. No librarian wants to look like an ass. This round goes to the paper.</s>
    <s>DIfficulty Level: Putting together a good poster is not easy. Compared to a paper the constraints are much greater. With limited space, what do you choose to include and omit. That's the hard part - and getting it to fit and look good. Sure, the paper presents some of the same challenges, but we all know few folks are ever going to read the paper. If you slack a bit on it no ones going to raise a fuss. But a lot is riding on the poster's organization and appearance. If it's lousy you can pretty much forget anyone coming over to talk to you. I'm going with the poster on this one.</s>
    <s>Prestige Level: Hands down - the paper. Just consider the acceptance rate as a factor. Most of the posters are the rejected papers being recycled as poster presentations. But you can be different. Make the poster session your first choice.</s>
    <s>Fun Level: Hands down - the poster. At ACRL 15th each paper presenter will get all of 12 minutes to present - and then 8 minutes for Q &amp; A. All the hard work will be over in a flash, but you will be able to add a nice notch to your CV. With a poster you get the hold the floor for nearly an hour. Paper sessions can be pretty stodgy and formal. Over in the poster session area it's a good time with lots of informal conversation. People are walking around doing their people watching. Yes, you can add the poster session to your CV, but it just won't carry the same weight. I'm not saying that's right. It's just the way it is.</s>
    <s>Let me just throw out an idea here. What if ACRL offered a version of early admissions for the conference. That is, you could submit a poster session proposal that would be given priority consideration, and by doing so you would agree not to submit the same proposal as a contributed paper. That would probably reduce the number of paper proposals and perhaps increase the quality of what is contributed because only those who felt they had a very strong shot would be likely to submit while those less certain of their chances would go for the more sure thing - the poster session. But does that then relegate the poster to lower status. Well, I think it already is lower status at our conference because the general deal is that many rejected papers become the posters. The only way we could boost the status of the poster session would be to reduce the number accepted. If there were only 50 slots for posters instead of 150, the acceptance rate would be far lower and it would be considered more on par with getting a paper accepted. Without data I can't say for sure, but perhaps that is the case with science conferences.</s>
    <s>So what will it be? A contributed paper or a poster session? Personally, I prefer the panel session. I think it offer a nice balance between the paper and the poster in terms of prestige, pressure, difficulty (not so much if you choose the right people) and fun. Whichever option you choose, good luck with your proposal.</s>
    <s>Posted: February 22, 2010 by StevenB in Professional Development.</s>
    <s>Tags: acrl conference, conference papers, conference posters</s>
    <s>« Previous post Next post »</s>
    <s>Comment from Barbara</s>
    <s>Posted: February 23, 2010 at 8:45 am</s>
    <s>The whole scarcity and status thing is an intriguing algorithm in an era when scarcity is artificially constructed. Another number to plug into the formula: how many people are proposing because they get either more travel support or they get a needed line on a CV or both?</s>
    <s>Maybe this is why I like the unconference idea. More like a fleamarket, less like a peculiarly complex derivatives market that drives value up without necessarily producing tangible goods.</s>
    <s>I've been involved enough in peer review that I respect the screening process. I just wish that the major motivator to conduct research was genuine curiosity.</s>
    <s>What would it look like if we measured intellectual productivity differently: &quot;give us your five best ideas tested by some form of peer review&quot; instead of &quot;produce as much published research as possible in the most prestigious journals (as defined by how little of what's sent to them gets published) .&quot; It would sure be easier on my library's budget, not to mention the lives of the scholars I work with.</s>
    <s>Comment from Lauren</s>
    <s>Posted: February 25, 2010 at 10:47 am</s>
    <s>This is an interesting postI've been a librarian for almost three years now and have presented numerous poster sessions at different conferences, including ARCL when it was in Seattle. In the beginning, I was vaguely aware that poster sessions carried more weight on a resume.</s>
    <s>Recently, I've actually gone out of my way to put together poster sessions instead of papers. I feel that the poster sessions give me so much more time to talk to my colleagues about projects and it is easier to have a conversation which many people came be a part of, instead of the single-opportunity Q&amp;A a paper sessions. Overall, I just find the poster sessions more enjoyable, but realize that some research is better presented in paper format. You've certainly given me something to think about!</s>
    <s>Comment from Margaret Keys</s>
    <s>Posted: February 26, 2010 at 1:59 pm</s>
    <s>Submit a poster, enjoy your time, and then spend the next year submitting the research as an article to one journal at a time, since that is the ultimate in prestige and credibility. If you can't turn it into an article. This is just one of the many reasons why posters at science conferences aren't looked down on-that and the fact that the graphs display really well on posters. If you, too, have quantifiable, graphable research, then remember what the S in your degree stands for and submit a poster presentation with pride. And no, I don't know if graphable is really a word !:) .</s>
    <s>Comment from Eric Schnell</s>
    <s>Posted: February 26, 2010 at 3:59 pm</s>
    <s>Those working at tenure track institutions need less than 2 seconds to think about this one as well. Itâ€™s the paper.</s>
    <s>While the culture is changing - slooowwwly - in many (most?) institutions a poster carries less weight during a faculty review than a paper appearing in the proceedings.</s>
    <s>I think this is in part because there is still a big focus on the medium over the message. Plus, it's easier to do a citation analysis on a paper than it is to figure out a metric to uncover the impact of a poster.</s>
    <s>Write a comment</s>
    <s>Inclusion of a posting in ACRLog does not constitute official endorsement by ACRL or ALA.</s>
    <s>(C) 2011 ACRLog - Entries (RSS) - Comments (RSS) - Log in</s>
    <s>Powered by WordPress | Theme design by Andreas Viklund</s>
    <s>Switch to our mobile site</s>
    <s>*RSS: Really Simple Syndication</s>
  </text>
</page>
