<?xml version="1.0" encoding="UTF-8"?>
<!DOCTYPE page SYSTEM "page.dtd">
<page>
  <lang>en</lang>
  <url>http://www.sanabelconf.org/Agenda.aspx</url>
  <title>Agenda - Sanabel Conference - June 2011</title>
  <snippet>
    <s>Jun 2, 2011 11:00, 11:30, Coffee Break. 11:30, 13:30. Plenary: Product Development &amp; Innovation Track. Unlocking the Sanabel Board Meeting </s>
  </snippet>
  <text>
    <s>About Sanabel</s>
    <s>Contact Us</s>
    <s>AR I FR</s>
    <s>Conference Program</s>
    <s>Last Update: June 2nd, 2011</s>
    <s>June 6th, 2011</s>
    <s>National Networks Event</s>
    <s>Policy Forum</s>
    <s>Early Registration</s>
    <s>Welcome Reception</s>
    <s>June 7th, 2011</s>
    <s>Opening Session</s>
    <s>Mr. Hassan Faried, Chairperson, Sanabel</s>
    <s>H. E. Dr. Jafaar Hassan, Minster of Planning and International Cooperation</s>
    <s>Grameen Jameel Microfinance Awards</s>
    <s>Fady Jameel, Director and President, Abdul Latif Jameel Foundation</s>
    <s>Islamic Microfinance Challenge 2010 Award</s>
    <s>Microentrepreneurs Awards</s>
    <s>MFIs’ Awards</s>
    <s>Coffee Break</s>
    <s>Plenary: Microfinance in the Arab Region: Challenges of the Past and Opportunities of the Future</s>
    <s>Keynote Speaker: Tilman Ehrbeck, Consultative Group to Assist the Poor</s>
    <s>Sanabel State of the Industry Regional Overview: Political Instability, What Does it Mean for the Industry?</s>
    <s>Presenter: Ranya Abdel-Baki, Sanabel</s>
    <s>Moderator: Nasser Al Khatani, AGFUND</s>
    <s>Essma Bin Hamida, Enda Inter-Arabe</s>
    <s>Motaz Al Tabaa, Egyptian Microfinance Network</s>
    <s>Mohammed Al-Lai, Yemen Microfinance Network</s>
    <s>Risk Management Track</s>
    <s>Responsible Finance Track</s>
    <s>Product Development &amp; Innovation Track</s>
    <s>Unlocking the Potential: Establishing Conducive Regulatory Frameworks</s>
    <s>Moderator: Johannes Majewski, Deutsche Gesellschaft für</s>
    <s>Internationale Zusammenarbeit</s>
    <s>Speaker: Alaa Abbassi, Consultant</s>
    <s>Jamal Odeh, Palestine Monetary Authority</s>
    <s>Lhassane Benhalima, Bank Al-Maghrib</s>
    <s>Majdoulin Abu-Dalhoum, Ministry of Planning and International Cooperation, Jordan</s>
    <s>(Room 1)</s>
    <s>Social Performance Tools and Impact</s>
    <s>Moderator/ Speaker: Laura Foose, Social Performance Task Force</s>
    <s>Speakers / panelists:</s>
    <s>Reem Najdawi, Grameen Jameel</s>
    <s>Isabelle Barres, Smart Campaign</s>
    <s>Salim Musallam, UNRWA</s>
    <s>(Room 2)</s>
    <s>Mobile Banking: A Means Towards Greater Outreach</s>
    <s>Moderator/ Speaker:</s>
    <s>Maher Qaddora, NextMove</s>
    <s>Speakers / panelists:</s>
    <s>Malek Abd Jabber, Zain</s>
    <s>Ziad Al Refai, Tamweelcom</s>
    <s>Ramzi Laalai, Enda</s>
    <s>(Room 3)</s>
    <s>Coffee Break</s>
    <s>Risk Management Track</s>
    <s>Responsible Finance Track</s>
    <s>Product Development &amp; Innovation Track</s>
    <s>Internal Audit Best Practices</s>
    <s>Presenter: Hani Abu Hijleh, Talal Abu Ghazaleh</s>
    <s>Moderator: Sameeh Dajani, Middle East Micro Credit Company</s>
    <s>Zahed Abdien, Dakahlya Businessmen' Association for Community Development</s>
    <s>John Yancura, FINCA Jordan</s>
    <s>(Room 1)</s>
    <s>Transparent Pricing and Returns (Mini-Training)</s>
    <s>Chuck Waterfield, MF Transparency</s>
    <s>(Room 2)</s>
    <s>Islamic Microfinance</s>
    <s>Moderator: Mohamed Khaled, Consultative Group to Assist the Poor</s>
    <s>Mohanned Ali Al-Makatry, Al-Amal Bank</s>
    <s>Ali Saleh Awad, Port Sudan Association for small enterprise</s>
    <s>Omar ElOmari, Development &amp; Employment Fund</s>
    <s>(Room 3)</s>
    <s>Networking Event</s>
    <s>Mrs. Marilou van Golstein Brouwers,</s>
    <s>Triodos SANAD, Matthias Zilbauer</s>
    <s>Sanabel Board Meeting</s>
    <s>June 8th, 2011</s>
    <s>Plenary:  The Role of Postal Networks in Financial Inclusion</s>
    <s>Moderator: Xavier Reille , Consultative Group to Assist the Poor</s>
    <s>Speaker:  Dominique Villeneuve, Planet Finance</s>
    <s>Atef Abdul Rahman, Jordan Post</s>
    <s>Abd Al Lattif Abu Ghanem , Yemen Post</s>
    <s>Motaz El Tabba, Egypt Microfinance Network</s>
    <s>Coffee Break</s>
    <s>Risk Management Track</s>
    <s>Responsible Finance Track</s>
    <s>Product Development &amp; Innovation Track</s>
    <s>Charismatic Leadership and Good Governance</s>
    <s>Presenter: Niveen Abboushi,MicroServe Consultancy</s>
    <s>Moderator : Hassan Faried , Dakahlya Businessmen' Association for Community Development</s>
    <s>Ahmed Al Zamzami, Former ED, National Microfinance Foundation  </s>
    <s>Fouad Abdel Moumni, Former ED, Former ED Al-Amana</s>
    <s> (Room 1)</s>
    <s>Avoiding Over-indebtedness of MFIs and Clients</s>
    <s>Moderator/Speaker : Mathew Titus, Sa-Dhan</s>
    <s>Hicham Talib, Al Amana Bank</s>
    <s>Sebastien Duquet, plaNIS-responsibility</s>
    <s>Mustapha Bidouj, Fondation Banque Populaire pour le Microcrédit</s>
    <s>Karim Fanous, Lead Foundation</s>
    <s> (Room 2)</s>
    <s>Agricultural Microfinance and Value Chains</s>
    <s>Moderator/Speaker: Klaus Maurer, Finance in Motion</s>
    <s>Mayada Baydas, Emkan</s>
    <s>Tawfiq Al Habashneh; Agricultural Loan Institution</s>
    <s>Bashar Ridah Abbas, Tal'afar Economic Development Center</s>
    <s>(Room 3)</s>
    <s>Risk Management Track</s>
    <s>Responsible Finance Track</s>
    <s>Product Development &amp; Innovation Track</s>
    <s>Asset /Liabilities Management (Mini-Training)</s>
    <s>Jorge Farfán, Frankfurt School of Finance &amp; Management</s>
    <s>(Room 1)</s>
    <s>Funding Opportunities &amp; Role of Social Investors</s>
    <s>Moderator: Mayada El Zoghby , Consultative Group to Assist the Poor</s>
    <s>Izzuddin Abdul Manaf , Wafaa group</s>
    <s>Nawwaf Al-Atawneh, DEEP/WAFAA Project in Palestine.</s>
    <s>Willem Enklaar, Triodos Investment Management</s>
    <s>Nasser Al Kahtani, AGFUND</s>
    <s>Julia Assaad, Grameen Jameel   </s>
    <s>(Room 2)</s>
    <s>New Products in the region (Youth Financial services, Environmental based Products, Savings)</s>
    <s>Moderator:  Hicham Bayali , International Finance Corporation</s>
    <s>Speaker:   Adil Sadoq, Mennonite economic Development Associates</s>
    <s>Hassan Jameel, Tamweelcom</s>
    <s>Ashraf Nassif,  First Microfinance Institution, Syria</s>
    <s>Nayef Stetieh, Business Development Center</s>
    <s>(Room 3)</s>
    <s>Coffee Break</s>
    <s>Risk Management Track</s>
    <s>Responsible Finance Track</s>
    <s>Product Development &amp; Innovation Track</s>
    <s>Sound Business Planning: A Must to Attract Investors</s>
    <s>Heather Henyon, Balthazar Capital</s>
    <s>(Room 1)</s>
    <s>Women Leadership in Microfinance</s>
    <s>Speaker/Moderator: Anne Folan, SEEP Gender Working Group and Co-Founder of WAM</s>
    <s>Jawaher Minsor, Abyan</s>
    <s>Reem Abboushi, Palestinian Businesswomen's Association</s>
    <s>Amina AlMagdoud, Association MicroCredit Société sans frontières</s>
    <s>(Room 2)</s>
    <s>Microinsurance (Why and How)</s>
    <s>Speaker: MicroFund for Women</s>
    <s>Moderator:  Micheal Roth,  Deutsche Gesellschaft für</s>
    <s>Internationale Zusammenarbeit</s>
    <s>Carole Servière , Planet Finance</s>
    <s>Max R. Zaccar, Commercial Insurance</s>
    <s>(Room 3)</s>
    <s>Group Dinner</s>
    <s>June 9th, 2011</s>
    <s>Plenary III: Managing Political Risk and Contingency Planning</s>
    <s>Moderator: Bassem Khanfar</s>
    <s>Presenter: Nadine Chehade, Planet Rating</s>
    <s>Youssef Fawaz, Al Majmoua</s>
    <s>Anwar Jayoussi, Palestine for Credit &amp; Development</s>
    <s>Moustafa Khaliefeh, Access to Credit Services Initiative</s>
    <s>Coffee Break</s>
    <s>Transparency Awards</s>
    <s>Closing Ceremony</s>
    <s>Mr. Hassan Farid, Chairperson, Sanabel</s>
    <s>Lunch for Sanabel Members</s>
    <s>Field Visits</s>
    <s>Sanabel General Assembly Meeting</s>
    <s>Home !</s>
    <s>&gt; Methods of payment</s>
    <s>Conference Program</s>
    <s>&gt; Agenda</s>
    <s>&gt; Sessions’ Descriptions !</s>
    <s>&gt; Speakers Biographies !</s>
    <s>Conference Events/Activities:</s>
    <s>&gt; Regional Summit for Networks in the MENA Region !</s>
    <s>&gt; Exhibition</s>
    <s>&gt; Field Visits</s>
    <s>&gt; Financing Forum</s>
    <s>&gt; Gala Dinner !</s>
    <s>&gt; Grameen-Jameel MFI Awards !</s>
    <s>&gt; Microentrepreneurs’ Souk</s>
    <s>Hotel Information</s>
    <s>Welcome to Jordan</s>
    <s>&gt; Country Overview</s>
    <s>&gt; VISA Information</s>
    <s>&gt; Airport Transportation</s>
    <s>&gt; Touristic Tours</s>
    <s>Participant List</s>
    <s>Contact Us</s>
    <s>Copyright © Sanabel 2011 . All rights reserved</s>
  </text>
</page>
