<?xml version="1.0" encoding="UTF-8"?>
<!DOCTYPE page SYSTEM "page.dtd">
<page>
  <lang>en</lang>
  <url>http://fie-conference.org/fie2011/Author/Status.html</url>
  <title>FIE Homepage</title>
  <snippet>
    <s>You must now complete your Full Paper/Work in Progress/Panel/Special Session and submit This means your abstract submission was rejected. The FIE conference has always had a history of presenting work on the Education frontier, </s>
  </snippet>
  <text>
    <s>Meaning of Status for Submissions</s>
    <s>The purpose of this page is to help you understand the meaning of your paper status and/or review comments and your required actions.</s>
    <s>Abstract Submitted</s>
    <s>This means your submission was recieved and is waiting for the Abstract review phase.</s>
    <s>What is my next step?? Nothing</s>
    <s>When the review phase is over we will notify you of the program chairs decision.</s>
    <s>Can I change the data I submitted?</s>
    <s>Abstract Accepted</s>
    <s>This means your abstract submission was accepted.</s>
    <s>What is my next step?? You must now complete your Full Paper/Work in Progress/Panel/Special Session and submit the file for peer review.</s>
    <s>When the review phase is over we will notify you of the program chairs decision.</s>
    <s>Can I change the data I submitted?</s>
    <s>Abstract Rejected</s>
    <s>This means your abstract submission was rejected.</s>
    <s>Why was the abstract rejected?</s>
    <s>There are two main reasons. One - the abstract does not fit into the basic topics stated in the call for papers. Two - The reviewers feel that the work does not represent the &quot;Frontiers in Education&quot;. That is, the work might not be innovative or the results do not support the conclusions.</s>
    <s>Final Paper Submitted</s>
    <s>This means your Final submission was recieved.</s>
    <s>Can I add more material to the paper or change the submission?</s>
    <s>Yes. But only up to June 7 when the submission site will close.</s>
    <s>ACCEPT as is</s>
    <s>This means your submission is acceptable as is and does not require any changes.</s>
    <s>Can I add more material to the paper?</s>
    <s>Do I have to resubmit the paper even if I do not make any changes? If yes why?</s>
    <s>Yes. The reason we have people resubmit the paper is in case they wish to modify the title, abstract, or any information on the author(s). It is very common for people to change positions over the course of a year, thus it is helpful if you review the material.</s>
    <s>ACCEPT with minor revisions</s>
    <s>This means your submission is acceptable with or without the suggested revisions.</s>
    <s>Can I add more material to the paper beyond the suggestions?</s>
    <s>Must I respond to every suggestion?</s>
    <s>No. The suggestions are intended to improve the quality of the paper, if you feel the comments do not accomplish this, then do not make those changes.</s>
    <s>Do I have to resubmit the paper even if I do not make any changes? If yes why?</s>
    <s>Yes. The reason we have people resubmit the paper is in case they wish to modify the title, abstract, or any information on the author(s). It is very common for people to change positions over the course of a year, thus it is helpful if you review the material.</s>
    <s>ACCEPT with major revisions</s>
    <s>This means your submission is acceptable only if you make the suggested revisions.</s>
    <s>Can I add more material to the paper beyond the suggestions?</s>
    <s>Must I respond to every suggestion?</s>
    <s>Yes. This status implies that if you do not make the changes the paper will not be accepted.</s>
    <s>Will the paper be reviewed a second time?</s>
    <s>Yes. But by different people.</s>
    <s>ACCEPT for publication as a Work in Proress</s>
    <s>This means your Full paper was rejected, but you can submit it as a two page Work in Progress.</s>
    <s>Why is the paper acceptable for publication if it was rejected?</s>
    <s>Basically what the reviewers are stating is that the material being presented is not complete enough to be presented as a final project. In their views the paper concept is valid and think the material being presented would be valiable to the conference, but they believe the project is actually a &quot;Work in Progress&quot; and not a &quot;Completed Work&quot;.</s>
    <s>What is a WIP?</s>
    <s>WIP stands for Work in Progress. The FIE conference has always had a history of presenting work on the Education frontier, thus the name of the conference. The concept is to allow people to present work that shows promise but does not have enough data to support a conclusion. The conference committee believes most education research can take 2 - 4 years before all the data can be collected to support a concept. It is believed that to wait this long to present results could stop someone else from using the concept in their classroom and thus depriving students of a improved education. Thus, the committee believes it is valuable for the society to see the work even without results.</s>
    <s>How many pages can a WIP be?</s>
    <s>This means your paper submission was rejected.</s>
    <s>Why was the paper rejected?</s>
    <s>There are two main reasons. One - the paper does not fit into the basic topics stated in the call for papers. Two - The reviewers feel that the work does not represent the &quot;Frontiers in Education&quot;. That is, the work might not be innovative or the results do not support the conclusions.</s>
    <s>Did not Submit</s>
    <s>This means at some point in the process you did not submit your paper.</s>
    <s>Why was my paper removed from the program?</s>
    <s>There are a number of steps you must follow in the process. If your abstract is accepted, but you do not submit a paper for peer review, the abstract will be rejected and your paper removed from the conference. If you submit a paper for review but do not resubmit the final paper, your paper will be rejected and removed from the conference.</s>
    <s>This means at some point in the process you withdrew your paper.</s>
    <s>Why was my paper removed from the program?</s>
    <s>Somewhere in the process, you contacted one of the program chairs and asked for your paper to be removed from the conference.</s>
  </text>
</page>
