<?xml version="1.0" encoding="UTF-8"?>
<!DOCTYPE page SYSTEM "page.dtd">
<page>
  <lang>en</lang>
  <url>http://wokinfo.com/products_tools/multidisciplinary/webofscience/cpci/usingproceedings/</url>
  <title>Using the Proceedings Paper Document Type - Science - Thomson ...</title>
  <snippet>
    <s>“A &#39;Proceedings Paper&#39; in Web of Science is a document in a journal or book that notes the work was presented - in whole or in part - at a conference. This is a </s>
  </snippet>
  <text>
    <s>Skip to navigation</s>
    <s>Skip to main content</s>
    <s>Web of Knowledge thomsonreuters.com</s>
    <s>What it is</s>
    <s>Who we are</s>
    <s>Who uses it</s>
    <s>Quick facts</s>
    <s>Master Journal List</s>
    <s>Products &amp; Tools</s>
    <s>Multidisciplinary Resources</s>
    <s>Discipline-Specific Resources</s>
    <s>Analytical Resources</s>
    <s>Bibliographic Managment</s>
    <s>Related Products</s>
    <s>Products A-Z</s>
    <s>Benefits &amp; Resources</s>
    <s>Why choose Web of Knowledge?</s>
    <s>Testimonials &amp; Case Studies</s>
    <s>Essays &amp; White Papers</s>
    <s>Promote your Subscription</s>
    <s>Master Journal List</s>
    <s>Access Usage Reports</s>
    <s>Full-text Linking</s>
    <s>Training &amp; Support</s>
    <s>Customer Support</s>
    <s>Guides &amp; Factsheets</s>
    <s>News &amp; Events</s>
    <s>What's New</s>
    <s>Latest Enhancement</s>
    <s>Events &amp; Exhibitions</s>
    <s>Press Releases</s>
    <s>Industry News</s>
    <s>Contact Us</s>
    <s>Web of Science</s>
    <s>Using the Proceedings Paper Document Type</s>
    <s>Using the Proceedings Paper Document Type</s>
    <s>SUBSCRIBER LOGIN &gt;</s>
    <s>Product Access</s>
    <s>Web of Knowledge</s>
    <s>EndNote Web</s>
    <s>Scientific WebPlus</s>
    <s>Featured Products</s>
    <s>Web of Science</s>
    <s>Biosis Citation Index</s>
    <s>Analysis Tools</s>
    <s>Recent Enhancements</s>
    <s>Conference Proceedings</s>
    <s>Regional Coverage</s>
    <s>Most Popular</s>
    <s>Web of Science</s>
    <s>Products A-Z</s>
    <s>Master Journal List</s>
    <s>Customer Service</s>
    <s>Technical Support</s>
    <s>Why has the number of articles in Web of Science gone down, and the number of proceedings papers gone up?</s>
    <s>Our recent addition of the Conference Proceedings Citation Index ™ to Web of Science ® has caused a number of changes beyond the basic added value of creating a more complete citation universe for search and discovery.</s>
    <s>One question raised recently is &quot;why has the number of articles in Web of Science gone down, and the number of proceedings papers gone up&quot;?</s>
    <s>We would like to explain the reasons for this change, and provide a method by which researchers can obtain the same search results as they did previously.</s>
    <s>What has Changed?</s>
    <s>&quot;A 'Proceedings Paper' in Web of Science is a document in a journal or book that notes the work was presented - in whole or in part - at a conference. This is a statement of the association of a work with a conference. Prior to October 2008, these items displayed as &quot;Article&quot; in the Web of Science product.</s>
    <s>These records have also been included in our Proceedings product, with the document type &quot;Proceedings Paper&quot;, since all of the documents covered in the proceedings product are in fact papers presented at conferences. Our Proceedings product has also included detailed information about the conference location and sponsor.</s>
    <s>In October 2008, the two proceedings citation indexes that formerly constituted the ISI Proceedings product were merged into Web of Science as two editions. Now, all materials in any Web of Science edition identified with a specific conference are given the document type &quot;proceedings paper&quot; to note this association. All entitled Web of Science users now benefit from the additional conference information these records contain. Note that we are not in any way commenting on the scholarly status of these documents in making this designation.</s>
    <s>This change only applies to searches in Web of Science . We have worked carefully to minimize the effects in other Thomson Reuters products. There is no effect, for example, on the denominator of the Journal Impact Factor . In Journal Citation Reports ®, proceedings papers have always been included in the count of articles in the denominator of the JIF calculation.</s>
    <s>How Can I Obtain Results Consistent with those Obtained before the Change?</s>
    <s>Web of Science users with only three editions ( SCIE ™, SSCI ®, A&amp;HCI ®) will find that a search that is limited to &quot;Article&quot; will now retrieve fewer records than it did before. To perform a comparable search the users must now extend the search limits to both &quot;Article&quot; and &quot;Proceedings Paper&quot;. (Note: To select more than one document type press the Ctrl key (Windows®) or the Command key (Macintosh®) as you click each item.)</s>
    <s>Web of Science users who have access to the Conference Proceedings Citation Index Editions ( CPCI-S , CPCI-SSH ) can exclude the added Proceedings records by de-selecting the Conference Proceedings Citation Index Editions from the search. Including these editions, of course, will provide a more robust set of search results.</s>
    <s>(C) 2011 Thomson Reuters</s>
    <s>Privacy Policy</s>
    <s>Terms of Use</s>
    <s>Contact Us</s>
  </text>
</page>
