<?xml version="1.0" encoding="UTF-8"?>
<!DOCTYPE page SYSTEM "page.dtd">
<page>
  <lang>en</lang>
  <url>http://www.marine-biodiversity.org/abstract/</url>
  <title>Abstract Submission | World Conference on Marine Biodiversity ...</title>
  <snippet>
    <s>Marine Biodiversity Conference 2011 - Abstract Submission, World Conference on Marine Biodiversity.</s>
  </snippet>
  <text>
    <s>Aims and Themes</s>
    <s>Organising Committees</s>
    <s>Scivee Terms and Conditions</s>
    <s>Abstract Submission</s>
    <s>Prize winners</s>
    <s>Registration Closed</s>
    <s>Endorsing Organisations</s>
    <s>WCMB 2014</s>
    <s>Contact Us</s>
    <s>26 - 30 September 2011</s>
    <s>Aberdeen, Scotland (UK)</s>
    <s>!Conference Logo</s>
    <s>Abstract Submission</s>
    <s>Abstract submission is now closed</s>
    <s>Over 1190 abstracts accepted from 74 countries / territories.</s>
    <s>World Conference on Marine Biodiversity, September 2011 | marine-biodiversity@abdn.ac.uk</s>
  </text>
</page>
