<?xml version="1.0" encoding="UTF-8"?>
<!DOCTYPE page SYSTEM "page.dtd">
<page>
  <lang>en</lang>
  <url>http://www.judiciary.state.nj.us/bergen/family.htm</url>
  <title>Family Division - Bergen</title>
  <snippet>
    <s>FAMILY DIVISION MAIN OFFICE OFFICE HOURS: 8:30 a.m. – 4:30 p.m. a Judge, Juvenile Referee, Probation Officer or Juvenile Conference Committee. </s>
  </snippet>
  <text>
    <s>New Jersey Courts</s>
    <s>General Information!</s>
    <s>News &amp; Publications!</s>
    <s>Programs &amp; Services!</s>
    <s>Self-Help Center</s>
    <s>|Back to Bergen Vicinage |</s>
    <s>FAMILY DIVISION INFORMATION</s>
    <s>FAMILY DIVISION MAIN OFFICE</s>
    <s>10 MAIN STREET, ROOM 163</s>
    <s>HACKENSACK, NJ 07601</s>
    <s>OFFICE HOURS: 8:30 a.m. - 4:30 p.m.</s>
    <s>Honorable Bonnie J. Mizdol, Presiding Judge Family Part</s>
    <s>Diana Moskal, Family Division Manager</s>
    <s>Anita Mochnacz, Assistant Division Manager</s>
    <s>Marcia Hartkopp, Assistant Division Manager</s>
    <s>Family Court Forms</s>
    <s>Non-Dissolution (FD Docket No.):</s>
    <s>Family Intake &amp; Interstate Support, Room 163</s>
    <s>Telephone: 201-527-2800</s>
    <s>Trial courts:</s>
    <s>Team Leader</s>
    <s>Judge Bonnie J. Mizdol, Presiding Judge</s>
    <s>Loretta Little</s>
    <s>Judge William R. De Lorenzo, Jr.</s>
    <s>Kurt Schoening</s>
    <s>Judge Lisa A. Firko</s>
    <s>Rosemarie Cuccio</s>
    <s>Judge Margaret M. Foti</s>
    <s>Carina Benenato</s>
    <s>Judge Frances A. McGrogan</s>
    <s>Jessica Mulligan</s>
    <s>Judge Peter J. Melchionne</s>
    <s>Laura Mezza</s>
    <s>Judge Ronny Jo Siegal</s>
    <s>Tracey Andolini</s>
    <s>Judge Mary F. Thurber</s>
    <s>Kelly Bigelow</s>
    <s>Judge Gary N. Wilcox</s>
    <s>Larry DeRose</s>
    <s>CENTRAL CASE PROCESSING TEAM (CCP)</s>
    <s>Complaints for paternity, custody, child support, spousal support, medical, parent and grandparent visitation are processed by this Team. Fees: A $6 IV-D application fee is required to process child support complaints, and there is a $25 fee for monitoring spousal support.</s>
    <s>The CCP Team interviews clients, prepares complaints for signature of complainant, arranges service by mail to the non-moving party, schedules hearings before an Intake Officer, the Child Support Hearing Officer or Judge and processes the Court Orders that result from such hearings. Applications to modify existing FD court orders (modify child support, parenting time, etc.) are filed with this Team.</s>
    <s>Consent hearings may also be scheduled through this Team if the parties can agree on the terms of custody, support, parenting time, etc. Applications to have direct pay child support made payable through Probation may also be made through this Team.</s>
    <s>This Team also processes genetic testing as ordered in contested paternity matters.</s>
    <s>INTERSTATE SUPPORT UNIT</s>
    <s>This Unit assists a custodial parent residing in Bergen County who is having difficulty either securing an order for paternity and/or child support, or are trying to enforce an order for child support and the non-custodial parent has moved out of the State of New Jersey. You may call a Child Support Specialist at (201) 527-2302 for additional information.</s>
    <s>Juvenile Intake Unit (FJ, FF Docket Nos.) Room 159</s>
    <s>Telephone: 201-527-2322</s>
    <s>The Juvenile Intake Unit processes all Juvenile Complaints and Crisis Petitions. Once a Complaint or Petition has been filed, it is docketed and scheduled for a hearing. That hearing may take place before a Judge, Juvenile Referee, Probation Officer or Juvenile Conference Committee.</s>
    <s>The Unit is also responsible for monitoring placement into the Juvenile Detention Center and/or Juvenile Shelter on a 24 hour a day, 7 day a week basis.</s>
    <s>Children in Court Team (FG, FN, FC, FL Docket Nos.), Room 355</s>
    <s>Telephone: 201-527-2319</s>
    <s>The Children In Court Team is responsible for the case processing of all Abuse / Neglect, Guardianship and Kinship Legal Guardianship cases filed with the court by Division of Youth and Family Services (DYFS). The Team is also responsible for the case management of matters regarding children placed outside their home by the Division of Youth and Family Services as well as managing the Child Placement Review Boards. Child Placement Review Boards are responsible for reviewing DYFS placement plans and goals and making a recommendation to the Judge. The Children In Court Team also acts as a liaison between the Courts and CASA (Court Appointed Special Advocates), a non-profit volunteer program that handles cases of children in placement.</s>
    <s>Domestic Violence Intake Office (FV, FO Docket Nos.), Room 102</s>
    <s>Telephone : 201-527-2350</s>
    <s>Office Hours: 8:30 a.m. - 4:30 p.m., filings accepted between 8:30 a.m. - 3:30 p..m.</s>
    <s>Services Performed:</s>
    <s>1. Assistance with applications for restraining orders.</s>
    <s>2. Assistance with requests for appeal hearings ( appeal of a temporary restraining order only ).</s>
    <s>3. Assistance with requests for review, modification and enforcement hearings ( i.e., post judgment proceedings ).</s>
    <s>4. Assistance with applications for support, custody and visitation when a restraining order is in effect.</s>
    <s>5. Assistance with the filing of dismissal requests.</s>
    <s>6. Bail information.</s>
    <s>7. Scheduling bail reduction or arraignment hearings ( disorderly contempt cases only ).</s>
    <s>8. Scheduling weapons forfeiture hearings.</s>
    <s>9. Assisting defendants in applying for pro bono attorneys ( in contempt cases only ).</s>
    <s>10. Faxing all restraining orders to police departments and other specified agencies.</s>
    <s>11. Reaching out for plaintiffs who do not appear for hearings.</s>
    <s>12. Processing all domestic violence motions.</s>
    <s>13. Photographing of victims where bruises or scratches are evident.</s>
    <s>A victim of domestic violence is any person who is 18 years or older who has been subjected to violence by:</s>
    <s>1. A spouse.</s>
    <s>2. A former spouse.</s>
    <s>3. Any person with whom the victim has a child in common ( i.e., never married, co-parents ).</s>
    <s>4. Any person who is a present or former household member.</s>
    <s>5. A present or former boyfriend or girlfriend. The victim who falls under the dating relationship category can be younger than 18 years of age. However, the defendant must be a present or former boyfriend or girlfriend who is 18 years or older.</s>
    <s>Acts of Domestic Violence By Statute:</s>
    <s>1. Homicide</s>
    <s>2. Criminal Sexual Contact</s>
    <s>3. Assault</s>
    <s>4. Lewdness</s>
    <s>5. Terroristic Threats</s>
    <s>6. Criminal Mischief</s>
    <s>7. Kidnapping</s>
    <s>8. Burglary</s>
    <s>9. Criminal Restraint</s>
    <s>10. Criminal Trespass</s>
    <s>11. False Imprisonment</s>
    <s>12. Harassment</s>
    <s>13. Sexual Assault</s>
    <s>14. Stalking</s>
    <s>Dissolution(FM Docket Number) &amp; Non-Dissolution (FD Docket Number) Cases Assigned to Judges</s>
    <s>Any FM document requiring a fee (Complaint, Answer/General Appearance/Answer &amp; Counterclaim, Motion, Order to Show Cause) must be filed with the Finance Division, Room 119. Any FM document not requiring a fee can be filed in Room 163 or directly with the Team for the Judge that is assigned to the case.</s>
    <s>There are 4 FM teams and 1 FD team in the Bergen Vicinage. Each team is supervised by a Team Leader. The team processes cases assigned by docket number for the nine Superior Court Judges. Once fee filings (Complaints, Motions, etc.) are processed by the Finance Division, the team assumes responsibility and completes the processing of the documents, schedules FM cases for Case Management Conferences, Mandatory Early Settlement Panel Conferences, Default and Uncontested Hearings and Trials, processes and schedules Motions and Orders to Show Cause before the Judge. Any questions about case processing or scheduling can be directed to the Team Leaders below.</s>
    <s>The Bergen County Family Division has three in-house mediators (1 primarily assigned to FD cases, 2 assigned primarily to FM cases) to conduct mediation of custody/parenting issues. Custody/parenting mediation may be ordered at any point in an ongoing case.</s>
    <s>Economic issues may be mediated through our Economic Mediation Program where cases are referred to qualified mediators, chosen from an approved list. The first hour of mediation is free and if the parties wish to continue mediation, they will be charged the mediator's regular hourly rate.</s>
    <s>Privacy Policy | Contact Us | (C) New Jersey Judiciary</s>
  </text>
</page>
