<?xml version="1.0" encoding="UTF-8"?>
<!DOCTYPE page SYSTEM "page.dtd">
<page>
  <lang>en</lang>
  <url>http://www.networkedlearningconference.org.uk/fees.htm</url>
  <title>Fees, Networked Learning Conference 2012, Lancaster University UK</title>
  <snippet>
    <s>All residential rates include Bed &amp; Breakfast on the 2nd &amp; 3rd April, attendance at conference with 3 lunches,daily refreshments and dinner on Monday </s>
  </snippet>
  <text>
    <s>!Networked learning conference Maastricht 2012</s>
    <s>Home &gt; Fees</s>
    <s>About NLC</s>
    <s>Conference Themes &amp; Call for Papers</s>
    <s>Key Dates &amp; Proposal Submission</s>
    <s>Fees &amp; Registration</s>
    <s>Conference Organisation</s>
    <s>Invited Speakers</s>
    <s>Community and Online Seminars</s>
    <s>Past Conference Proceedings</s>
    <s>!Logos for Lancaster University, The Open Universiteit Netherlands, The Open University, Aalborg University</s>
    <s>Bookings fully paid prior to 4th February, 2012 qualify for our Early Bird Fees.</s>
    <s>Full Conference Fees</s>
    <s>Type of Registration (Fees are in Euros) Early Bird</s>
    <s>Residential Fee</s>
    <s>Student Early Bird Fee</s>
    <s>Non Residential Fee</s>
    <s>Student Non Residential Fee</s>
    <s>All residential rates include Bed &amp; Breakfast on the 2nd &amp; 3rd April, attendance at conference with 3 lunches,daily refreshments and dinner on Monday &amp; Tuesday 2nd &amp; 3rd April.</s>
    <s>Daily Delegate Fees</s>
    <s>Type of Registration</s>
    <s>(Fees are in Euros) Early Bird</s>
    <s>Daily Delegate rates include attendance at conference, refreshments and lunch on selected day.</s>
    <s>We have negotiated special rates with the NH Maastricht Hotel prior to and after the conference.(These are subject to availability) Details as follows.</s>
    <s>Extra Nights</s>
    <s>Details Single Twin/Double</s>
    <s>1 Night</s>
    <s>2 nights or more</s>
    <s>Note: Extra night rates don't include city tax which is currently €3.60 per person per night.</s>
    <s>Due to limited availability of rooms, booking of extra nights is subject to confirmation by the Conference Secretariat.</s>
    <s>Payments for extra nights should NOT be included in the Payment amount, but will be made directly on site at the relevant hotel.</s>
    <s>Partner Costs</s>
    <s>Details Per night</s>
    <s>Bed &amp; Breakfast</s>
    <s>€15.00 + City Tax (tbc)</s>
    <s>Note: Partner rates don't include city tax which is currently €3.60 per person per night.</s>
    <s>The costs for attending the conference dinners will be available nearer the conference dates</s>
    <s>We are unable to take bookings for NLC2012 until the 1st November, 2011.</s>
    <s>Further details will be available nearer this date.</s>
    <s>Travel to Maastricht</s>
    <s>Joint Organising Institutions</s>
    <s>Lancaster University</s>
    <s>Open University of The Netherlands</s>
    <s>Aalborg University</s>
    <s>Open University UK</s>
    <s>Updates from the hot seats and our twitter feed will also appear on the conference facebook page</s>
    <s>![Twitter Image</s>
    <s>Follow @nlc2012 on Twitter</s>
    <s>We'll be using the hashtag nlc2012</s>
    <s>for conference-related tweets</s>
    <s>| About NLC | Conference Themes &amp; Call for Papers | Key Dates &amp; Proposal Submission |Fees &amp; Registration |Conference Organisation|Invited Speakers | Community &amp; Online Semiars | Past Conference Proceedings | Contact |</s>
  </text>
</page>
