<?xml version="1.0" encoding="UTF-8"?>
<!DOCTYPE page SYSTEM "page.dtd">
<page>
  <lang>en</lang>
  <url>http://cadlab.cs.ucla.edu/~cong/talks.html</url>
  <title>INVITED TALKS AND TUTORIALS</title>
  <snippet>
    <s> Architectures Workshop, San Diego, California, June, 2011 (Invited Talk) at Design Automation Conference, Anaheim , California , June 2008 (Invited Talk) </s>
  </snippet>
  <text>
    <s>Invited Talks and Tutorials</s>
    <s>&quot;Era of Customization and Implications to EDA&quot;, 48th Annual Design Automation Conference (DAC), San Diego, California, June 2011 ( Keynote Speech at Synopsys University Reception)</s>
    <s>&quot;Energy-Efficient Computing Beyond Parallelization&quot;, 9th IEEE Symposium on Application Specific Processors (SASP), San Diego, California, June 2011 (Keynote Speech)</s>
    <s>&quot;Hardware acceleration for EDA algorithms&quot;, Parallel Algorithms, Programming, Architectures Workshop, San Diego, California, June, 2011 (Invited Talk)</s>
    <s>&quot;Architecture Support for Customization and Specialization&quot;, Giga-Scale Research Center (GSRC) e-seminar, May 10, 2011 (Invited Talk)</s>
    <s>&quot;Customizable Domain-Specific Computing&quot;, Global Research Collaboration (GRC) Technology Transfer e-Workshop, February 17, 2011 (Invited Talk)</s>
    <s>&quot;Customizable Domain-Specific Computing&quot;, 3rd US/China Computer Science Leadership Summit, Beijing, China, June 14, 2010 (Invited Talk)</s>
    <s>&quot;Customizable Domain-Specific Computing&quot;, Distinguished Lecture at Computer Science Department of UC Irvine , April 30, 2010</s>
    <s>&quot;Customizable Domain-Specific Computing&quot;, Distinguished Lecture at Computer Science Department of UC San Diego , March 1, 2010</s>
    <s>&quot;Customizable Domain-Specific Computing&quot;, Harvard EE Seminar Series, Dec. 11, 2009 (Invited Talk)</s>
    <s>&quot;Customizable Domain-Specific Computing&quot;, International Conference on Field Programmable Logic and Applications (FPL), Prague, Czech Republic, Aug. 31- Sept. 2, 2009 (Keynote Speech)</s>
    <s>&quot;Multiband RF-Interconnect for Reconfigurable Network-on-Chip Communications&quot;, ?/span&gt;invited panelist in the panel on Impact of Emerging Interconnect Technologies on SLIP Research Directions?at the 11th International Workshop on System Level Interconnect Prediction (SLIP), San Francisco, California, July 2009</s>
    <s>&quot;From Milliwatts to Megawatts: The System-Level Power Challenge&quot;, Panel at Design Automation Conference, San Francisco, California, July 2009</s>
    <s>F.Chang, J. Cong, and G. Reinman (UCLA), &quot;RF-Interconnect and its Applications to NOC Design&quot;, 3rd ACM/IEEE International Symposium on Network-on-Chip (NOCS), San Diego, CA, May 2009 (NOCS Tutorial Course)</s>
    <s>&quot;Is the Second Wave of HLS the One Industry Will Surf on?&quot;, Panel at Design, Automation and Test in Europe (DATE 2009) , Nice, France, April 2009</s>
    <s>&quot;Customized Computing for Power Efficiency&quot;, Panel on &quot;FCCM Research: Beyond the Next 5 Years&quot; at IEEE Symposium on Field-Programmable Custom Computing Machines, Napa Valley, CA, April 2009 (Invited Panelist)</s>
    <s>&quot;Algorithmic Foundation for ESL 2.0&quot;, Workshop on &quot;High-Level Synthesis: Next Step to Efficient ESL Design&quot; at Asia South-Pacific Design Automation Conference, Yokohama, Japan, Jan. 2009 (Invited Talk)</s>
    <s>&quot;A New Generation of Behavior Synthesis Tool and Applications to Domain-Specific Computing&quot;,?ECE Department Colloquium, University of Illinois at Urbana-Champaign, Nov. 20, 2008 (Invited Speaker)</s>
    <s>&quot;3D IC Design Tools and Applications to Microarchitecture Exploration&quot;, Summer School on Nanoelectronic Circuits and Tools, The Ecole Polytechnique Frale de Lausanne (EPFL) July 2008 (Invited Lecture)</s>
    <s>&quot;Synthesis and Optimization Foundation for ESL 2.0&quot;, Workshop on &quot;High-Level Synthesis: Back to the Future&quot; at Design Automation Conference, Anaheim, California, June 2008 (Invited Talk)</s>
    <s>&quot;Thermal-Aware 3D IC Physical Design and Architecture Exploration,&quot; International 3D-System Integration Conference 2008 (3D-SIC2008), May 12-13, 2008, Tokyo, Japan (Invited Talk)</s>
    <s>&quot;New Opportunities for High-Level Synthesis&quot;, Workshop on &quot;The New Wave of the High-Level Synthesis&quot; at Design, Automation and Test in Europe (DATE 2008) , Munich, Germany, March 2008 (Invited Talk)</s>
    <s>Alberto Sangiovanni Vincentelli (UCB), Douglas Densmore (UCB), Jason Cong (UCLA), Radu Marculescu (CMU), &quot;System-Level Synthesis - Functions, Architectures, and Communications,&quot; ASPDAC 2008, January 21-24, 2008, Seoul, Korea (Invited Talk)</s>
    <s>&quot;Compilation for Domain-Specific Computing&quot;, Department of Electrical and Computer Engineering, University of Texas at Austin, September 11, 2007 (Distinguished Speaker)</s>
    <s>&quot;Compilation of Domain-Specific Computing&quot;, CANDE 2007 September 6-8, 2007, Long Beach, CA. (Invited Talk)</s>
    <s>&quot;Challenges and Opportunities for System/High-Level CAD and Architectures in FPGAs,&quot; Workshop on Grand Challenges in FPGA Research (in junction with International Symposium on FPGAs), February 2007. (Invited Talk)</s>
    <s>&quot;Advanced Routing Techniques for Nanometer IC Designs,&quot; Routing Tutorial with Tong Gao (Synopsys, Inc.) and Rob A. Rutenbar (Carnegie Mellon Univ.) at the 2006 International Conference on Computer-Aided Design, San Jose, California, November 9, 2006.</s>
    <s>&quot;3D - IC Keynote Panel Participant,&quot; VLSI Multilevel Interconnection Conference, September 2006.</s>
    <s>&quot;Platform Based Behavioral and System Synthesis,&quot; 2006 IEEE Electronic Design Process Workshop, April 2006. (Invited Talk)</s>
    <s>&quot;Platform Based Behavior-Level and System-Level Synthesis,&quot; Distinguished Speaker Seminar Series, Electrical and Computer Engineering, Univ. of Arizona (March 2006)</s>
    <s>&quot;xPilot: A Platform-Based System-Level Synthesis for Reconfigurable SOCs,&quot; International Symposium on Advanced Reconfigurable Systems, Kyoto, Japan, Canada, December 15-16, 2005.</s>
    <s>&quot;Platform-Based Synthesis for Field Programmable SOCs,&quot; IEEE 2005 Conference on Field Programmable Technology (FPT?5), Singapore, December 11-14, 2005.</s>
    <s>&quot;Large Scale Circuit Placement -- Challenges and Progress&quot;, Summer Research Institute at the Ecole Polytechnique Frale de Lausanne (EPFL), Switzerland, July 2005.?(Invited Lecture)</s>
    <s>Physical Design Automation,?NSF-SIGDA-SRC Summer School of Design Automation, June 2005. (Invited Talk)</s>
    <s>&quot;Large-Scale Circuit Placement: Gap and Progress,&quot; University of Toronto Distinguished Lecture Series, University of Toronto, Ontario, Canada, March 24, 2005.</s>
    <s>&quot;Challenges and Solutions for Nanometer SOC Designs,&quot; Invited Talk at the 2004 International SoC Design Conference, Seoul, Korea, October, 2004.</s>
    <s>&quot;Architecture and Synthesis for Power-Efficient FPGA's,&quot; (Invited Dinner Speech), 2004 IEEE Electronic Design Process Symposium (EDPS), Monterey, California, April, 2004.</s>
    <s>&quot;Large-Scale Circuit Placement: Gap and Promise,&quot; Embedded Tutorial presented at the 2003 International Conference on Computer-Aided Design, San Jose, California, November 12, 2003.</s>
    <s>&quot;Architecture and Synthesis for Multi-Cycle On-Chip Communication,&quot;Invited Talk at the 2003 International Conference on Hardware/Software Codesign and System Synthesis Newport Beach, California October 1, 2003.</s>
    <s>&quot;Architecture and Synthesis for Multi-Cycle On-Chip Communication&quot;, Intel Physical Design Research Symposium, August 2003. (Invited Talk)</s>
    <s>&quot;Architecture and Synthesis for Multi-Cycle On-Chip Communication,&quot; Keynote Speaker, International Rapid System Prototyping Workshop, San Diego, California, June 9, 2003.</s>
    <s>&quot;Large-Scale Circuit Placement: The Gap and Promise,&quot; Guest Lecturer, Georgia Institute of Technology, Atlanta, Georgia, April 17, 2003.</s>
    <s>&quot;Architecture and Synthesis for Multi-Cycle Communication,&quot;Invited Talk at the 2003 International Symposium on Physical Design, Monterrey, California, April 9, 2003.</s>
    <s>&quot;Retiming/Pipelining Over Global Interconnects,&quot; The Design Automation Professional Interest Committee at IBM Research Seminal Series, Yorktown Heights, New York, June 27, 2002.</s>
    <s>&quot;System Level Interconnects,&quot; FCRP Interconnect Workshop, University of Albany, June 28, 2002.</s>
    <s>&quot;Timing closure Based on Physical Hierarchy,&quot; Invited talk at International Symposium on Physical Design, San Diego, Californis, April 2002.</s>
    <s>&quot;An Interconnect-Centric Design Flow for Nanometer Technologies,&quot; Proceedings of the Workshop on Synthesis And Systems Integration of Mixed Technologies, Nara, Japan, October 9, 2001.</s>
    <s>&quot;Physical Hierarchy Generation,&quot;; The 3rd Intel Annual Research Symposium on Synthesis, Portland, Oregon, August 15, 2001.</s>
    <s>&quot;PLD Synthesis Algorithms,&quot; a tutorial presented at the 38th Design Automation Conference, Las Vegas, June, 2001.</s>
    <s>&quot;Timing Closure for Ultra Deep Submicron Designs&quot;, Asian and South Pacific Design Automation Conference, Jan 30-Feb 2, 2001.</s>
    <s>&quot;An Interconnect-Centric Design Flow for Nanometer Technologies&quot;, IBM T. J. Watson Research Center, Yorktown Heights, New York, December 2000.?(Invited Talk)</s>
    <s>&quot;Incremental CAD&quot;, International Conf. on Computer-Aided Design, San Jose,?California, November 2000.?(Embedded Tutorial)</s>
    <s>&quot;An Interconnect-Centric Design Flow for Nanometer Technologies&quot;, Invited talk at Motorola's Futures Forum on Circuits, Systems, and Architectures, October 16, 2000.</s>
    <s>&quot;The Quest for Synthesis and Layout Timing Closure&quot; (full day tutorial, with Olivier Coudert, Anthony Drumm, and Patrick Groeneveld), the 37th Design Automation Conference, Los Angeles, June 9, 2000.</s>
    <s>&quot;Incremental Physical Design&quot; (Invited Talk with Majid Sarrafzadeh), Int'l Symposium on Physical Design, San Diego, CA., April 2000.</s>
    <s>&quot;Synthesis Challenges for Next-Generation High-Performance and High-Density PLDs&quot; (Invited Talk), Asia and South Pacific Design Automation Conference Yokohama, Japan, Jan. 2000.</s>
    <s>&quot;An Interconnect-Centric Design Flow for Nanometer Technologies&quot; (Invited Talk), Int'l Symp. on VLSI Technology, Systems, and Applications, Taipei, Taiwan, June 1999.</s>
    <s>&quot;FPGA Synthesis: Past, Present, and Future&quot; (Keynote Speech), The Sixth Japanese FPGA/PLD Design Conference &amp; Exhibit, Pacifico Yokohama, Japan, June 1998.</s>
    <s>&quot;Deep Submicron Layout and Coupling to Logic Synthesis&quot; (invited talk), International Workshop on Logic and Architecture Synthesis (IWLAS'97), Grenoble, France, Dec. 16, 1997.</s>
    <s>&quot;VLSI Interconnect Layout Optimization In Deep Submicron Designs&quot;, UC Berkeley CAD Seminar Series, Nov. 21, 1997.</s>
    <s>&quot;Interconnect Design for Deep Submicron ICs&quot;, Embedded Tutorial, IEEE Int'l Conf. on Computer-Aided Design, Nov. 1997.</s>
    <s>&quot;Interconnect-Driven Performance Optimization for Deep Submicron Layout Systems&quot; (full day tutorial), the 34th Design Automation Conference, June 13, 1997.</s>
    <s>&quot;FPGA Mapping, Retiming, and Pipelining for Performance Optimization&quot;, UC Berkeley CAD Seminar Series, Mar. 5, 1997.</s>
    <s>&quot;Modeling and Layout Optimization of VLSI Devices and Interconnects in Deep Submicron Design&quot; (embedded tutorial), Asia and South Pacific Design Automation Conference (ASP-DAC), Chiba, Japan, Jan. 1997.</s>
    <s>&quot;Performance and Power Optimization in Synthesis and Layout of VLSI Circuits and Systems&quot; (tutorial, with Massoud Pedram), EuroDAC'96, Geneva, Switzerland, Sept. 1996.</s>
    <s>&quot;Layout Level Optimization for Low Power&quot; (invited lecture), NATO Advanced Study Institute on Low Power Design in Deep Submicron Electronics, Tuscany, Italy, Aug. 1996.</s>
    <s>&quot;Interconnect-Driven Layout for High-Performance VLSI Systems&quot; (invited talk), Intel CAD Symposium on Frontiers of CAD, April 12, 1996.</s>
    <s>&quot;Interconnect-Driven Layout Synthesis for High-Performance Low-Power VLSI Systems&quot; (short course), Tsinghua University, Taiwan, Aug. 1995.</s>
    <s>&quot;Timing-Driven Design of VLSI&quot; (tutorial, with Raul Camposano and Michael Smith), Asia and South Pacific Design Automation Conf., Chiba, Japan, Aug. 1995.</s>
    <s>&quot;Dealing with Physical Effects When Designing Deep Submicron Chips&quot; (keynote speech), Silicon Valley Research Continuing Education Series, Austin, Texas, May 4, 1995.</s>
    <s>&quot;Interconnect-Driven Layout Synthesis for High-Performance VLSI Systems&quot; (Distinguished Faculty Speaker), Intel Corporation Design Technology Innovations Workshop, Santa Clara, California, March 1994.</s>
    <s>&quot;Architecture, CAD Algorithm, and Application of SRAM-Based FPGAs&quot; (tutorial, with Michael Butts and Stephen Trimberger) IEEE Int'l Conf. on Computer-Aided Design, Santa Clara, CA, Nov. 1993.</s>
    <s>&quot;Synthesis and Optimization for FPGA Design&quot; (tutorial, with K. C. Chen), Int'l Conf. on Computer-Aided Design and Computer Graphics, Beijing, China, Aug. 1993.</s>
    <s>&quot;Performance Evaluation and Optimization in Layout Synthesis of High-Speed VLSI Systems&quot; (tutorial, with Steve Kang and C. L. Liu), 30th ACM/IEEE Design Automation Conference, Dallas, Texas, June 1993.</s>
    <s>&quot;On High-Speed VLSI Interconnects: Analysis and Design&quot; (invited talk with Andrew B. Kahng), IEEE Asian-Pacific Conference on Circuits and Systems, Sydney, Australia, Dec. 1992.</s>
    <s>&quot;Provably Good Performance-Driven Global Routing&quot; (invited talk), Dagstuhl Seminar On Theory and Practice of VLSI Layout, Dagstuhl, Germany, Sept. 1991.</s>
    <s>Invited Articals and Reports</s>
    <s>&quot;Challenges and Opportunities for Design Innovations in Nanometer Technologies&quot;, SRC Design Sciences Concept Paper, Dec. 1997.</s>
    <s>Back to Jason Cong's Home Page</s>
  </text>
</page>
