<?xml version="1.0" encoding="UTF-8"?>
<!DOCTYPE page SYSTEM "page.dtd">
<page>
  <lang>en</lang>
  <url>http://www.cortevents.com/categories/chairs/conference-chairs</url>
  <title>Rent Conference Chairs for your next event with CORT Events ...</title>
  <snippet>
    <s>Select Conference Chairs in a variety of colors and styles with CORT Events </s>
  </snippet>
  <text>
    <s>JavaScript seem to be disabled in your browser.</s>
    <s>You must have JavaScript enabled in your browser to utilize the functionality of this website.</s>
    <s>Home /</s>
    <s>Categories /</s>
    <s>Chairs /</s>
    <s>Conference Chairs</s>
    <s>Conference Chairs</s>
    <s>11 Item(s)</s>
    <s>Show 12 24 All per page</s>
    <s>Altura Drafting Stool</s>
    <s>Altura Guest Chair</s>
    <s>Altura Highback Executive Chair</s>
    <s>Altura Midback Executive Chair</s>
    <s>Altura Steno Chair</s>
    <s>Blanco Midback Executive Chair</s>
    <s>High Back Executive Chair</s>
    <s>Luxor Guest Chair</s>
    <s>Luxor Highback Executive Chair</s>
    <s>Luxor Midback Executive Chair</s>
    <s>Otto High Back Chair</s>
    <s>11 Item(s)</s>
    <s>Show 12 24 All per page</s>
    <s>Shopping Options</s>
    <s>Shop By Color</s>
    <s>1. Black (9)</s>
    <s>2. Multi (1)</s>
    <s>3. White (1)</s>
    <s>CORT Event Furnishings</s>
    <s>My Event (0)</s>
    <s>Close Recently added furniture</s>
    <s>You have not added any furniture to your event.</s>
    <s>My Account</s>
    <s>Search site: Go Advanced Search</s>
    <s>Soft Seating Sofas, Loveseats &amp; Sectionals</s>
    <s>Chairs Club, Conference &amp; Stacking</s>
    <s>Outdoor Furniture Patio, Bistro &amp; Lounge</s>
    <s>Banquettes Unique Seating</s>
    <s>Ottomans Cubes, Curves &amp; More</s>
    <s>Bars Martini &amp; Registration</s>
    <s>Barstools Modern &amp; Traditional</s>
    <s>Tables Cafe, Conference &amp; More</s>
    <s>Office Desks, Files &amp; Bookcases</s>
    <s>Product Display Etageres, Pedestals &amp; Kiosks</s>
    <s>Accessories Lighting, Pillows &amp; More</s>
    <s>Packages Bundled Savings</s>
    <s>event portfolio</s>
    <s>space planning</s>
    <s>news center</s>
    <s>contact us</s>
    <s>(C) 2011 CORT Event Furnishings</s>
    <s>ABOUT CORT EVENTS</s>
    <s>CONTACT US</s>
    <s>CORT TRADE SHOW</s>
    <s>ABOUT CORT</s>
    <s>SITE MAP</s>
    <s>LEGAL AND PRIVACY</s>
    <s>!A Berkshire Hathaway Company</s>
  </text>
</page>
