<?xml version="1.0" encoding="UTF-8"?>
<!DOCTYPE page SYSTEM "page.dtd">
<page>
  <lang>en</lang>
  <url>http://www.nera-education.org/conference/pre-conference-sessions.php</url>
  <title>Pre-Conference Sessions - NERA</title>
  <snippet>
    <s>PRE-CONFERENCE SESSION A. An Introduction to jMetrik: A Free Electronic Literature Reviews: Time Savers, Tree Savers, Life Savers. Presenter: Dr. Kelly </s>
  </snippet>
  <text>
    <s>!NERA Logo</s>
    <s>!NERA Logo</s>
    <s>Pre-Conference Sessions</s>
    <s>In addition to regular sessions, attendees will have the chance to attend pre-conference training sessions that will be offered immediately before the conference on Wednesday, October 19, 2011. These are great opportunities to learn in-depth about a topic taught by experts in the field at no chargePre-registration is required.</s>
    <s>PRE-CONFERENCE SESSION A</s>
    <s>An Introduction to jMetrik: A Free and Open-source Software Program for Comprehensive Psychometric Analysis</s>
    <s>Presenter: Dr. Patrick Meyer, University of Virginia</s>
    <s>Schedule: Wednesday, October 19th, 10:00 a.m.- 12:45 p.m.</s>
    <s>Participants will receive a fully licensed and free copy of jMetrik, a software program that can be used to conduct a variety of basic and advanced psychometric procedures with a user-friendly point-and-click interface. Participants will learn to conduct a comprehensive psychometric analysis on test data using jMetrik. In the process, all psychometric procedures will be reviewed. Participants will receive practice data files, a copy of the presentation slides, and a software user manual draft. Participants should bring a laptop computer and are encouraged to bring their own test data to analyze as well. jMetrik software can be downloaded and installed prior to the session from www.ItemAnalysis.com.</s>
    <s>J. Patrick Meyer III, Ph.D. is an Assistant Professor of Research, Statistics and Evaluation in the Department of Leadership, Foundations and Policy of the Curry School of Education at the University of Virginia. He teaches courses in statistics and educational measurement. His research focuses on technical and applied aspects of test equating, reliability estimation, and item response time modeling. In 2009, He received the Bradley Hanson Award from the National Council on Measurement in Education for creating and developing a sophisticated yet user-friendly psychometric software application for practitioners called jMetrik.</s>
    <s>PRE-CONFERENCE SESSION B</s>
    <s>Electronic Literature Reviews: Time Savers, Tree Savers, Life Savers</s>
    <s>Presenter: Dr. Kelly Godfrey, College Board</s>
    <s>Schedule: Wednesday, October 19th, 10:00 a.m. - 12:45 p.m.</s>
    <s>Is printer ink eating into your already shrinking budget? Is your university trying to limit you to 75 printouts per year? You need NVivo to conduct your literature reviewsIn one software program, you can merge, annotate, synthesize, text search, model and more all from the convenience of your computer screen. That's right, now you can keep your notes, quotes, and highlights in one convenient and secure location. This presentation is an interactive demonstration of how to use qualitative software tools like NVivo to conduct literature reviews, emphasizing the synthesis of ideas and sources to better reveal patterns, helping you organize your thoughts and formulate arguments and claims. So stop carrying around those heavy stacks of paper, and stop giving yourself headaches remembering where you read what. Save time, brain power, and some trees and conduct those literature reviews electronically!</s>
    <s>Kelly Godfrey is an Associate Research Scientist at the College Board. She received her doctoral degree from the Educational Research Methodology department at UNC Greensboro, and has been a trainer for QSR's qualitative analysis software for over 7 years. Her research focuses primarily in psychometrics, including IRT and test equating, and program evaluation, including mixed methods and responsive evaluation approaches.</s>
    <s>OTHER FEATURED SESSIONS:</s>
    <s>MENTORING ROUNDTABLES</s>
    <s>These roundtables will allow mid-level and senior scholars to work with a small number of doctoral students and junior faculty, again in the spirit of strengthening educational research.</s>
    <s>TEACHER-AS-RESEARCH AWARD WINNER PRESENTATION</s>
    <s>GRADUATE STUDENT ISSUES COMMITTEE - SPONSORED SESSIONS</s>
    <s>Pre-Conference Sessions</s>
    <s>In-Conference Sessions</s>
    <s>Invited Panels</s>
    <s>Keynote Speakers</s>
    <s>Hotel Information</s>
    <s>Conference Registration</s>
    <s>Conference Sponsors</s>
    <s>Conference Proceedings</s>
    <s>Call for Proposals</s>
    <s>Role of Discussants and Chairs (PDF)</s>
    <s>Conference Program Overview</s>
    <s>Search the Program</s>
    <s>Full NERA 2011</s>
    <s>Program (PDF)</s>
    <s>® 2011, Northeastern Educational Research Association, Inc. All rights reserved.</s>
    <s>Website by Infinite Blue Creative</s>
  </text>
</page>
