<?xml version="1.0" encoding="UTF-8"?>
<!DOCTYPE page SYSTEM "page.dtd">
<page>
  <lang>en</lang>
  <url>http://www.maine.edu/board/board_meeting_calendar.php</url>
  <title>University of Maine System | Board of Trustees - Board Meeting ...</title>
  <snippet>
    <s>Mar 14, 2011 Location: Portland. Time: 8:00 am to 11:00 am. November 13-14, 2011 - Board of Trustees Meeting. Location: University of Southern Maine, </s>
  </snippet>
  <text>
    <s>Maine's Public Universities - University of Maine System</s>
    <s>Skip to Content | Text OnlyNormal | Text Size A A | Home | Contact</s>
    <s>Prospective Students</s>
    <s>Current Students</s>
    <s>!Life the way it should be</s>
    <s>In the News</s>
    <s>About the System</s>
    <s>Board of Trustees</s>
    <s>-Agenda Calendar</s>
    <s>-Board Meeting Calendar</s>
    <s>-Board Membership</s>
    <s>-Committee Membership</s>
    <s>-Meeting Actions</s>
    <s>-Meeting Agenda</s>
    <s>-Policy Manual</s>
    <s>-Student &amp; Faculty Representatives</s>
    <s>Contact Us</s>
    <s>Distance Learning (University College)</s>
    <s>Giving to the Universities</s>
    <s>System Wide Services and Offices</s>
    <s>New Challenges, New Directions: Final Plan</s>
    <s>!Print This Page</s>
    <s>Last modified: 10/5/2011</s>
    <s>Board Meeting Calendar</s>
    <s>All Board of Trustees meetings are open to the public.</s>
    <s>Meeting Dates - Fiscal Year 2011-2012</s>
    <s>September 22, 2011 - Investment Committee Meeting</s>
    <s>Location: UMS, 3rd floor, Rudman Board Room, Bangor</s>
    <s>Time: 9:00 am to 11:30 am</s>
    <s>September 28, 2011 - Technology Committee Meeting</s>
    <s>Location: UMS, 3rd floor, Rudman Board Room, Bangor</s>
    <s>Time: 2:00 pm to 3:00 pm</s>
    <s>October 11, 2011 - Trustee Affairs Committee</s>
    <s>Location: UMS 3rd floor, Executive Conference Room, Bangor</s>
    <s>Time: 9:00 am to 12:00 noon</s>
    <s>October 14, 2011 - Chancellor Search Committee Meeting</s>
    <s>Location: Conference Call</s>
    <s>Time: 1:00 pm to 2:30 pm</s>
    <s>October 27, 2011 - Chancellor Search Committee Meeting</s>
    <s>Location: Portland</s>
    <s>Time: 8:00 am to 11:00 am</s>
    <s>November 4, 2011 - Audit Committee &amp; Finance/Facilities Committee Joint Session</s>
    <s>Location: UMS, 3rd floor, Rudman Board Room, Bangor</s>
    <s>Time: 10:00 am to 3:00 pm</s>
    <s>November 11, 2011 - Chancellor Search Committee Meeting</s>
    <s>Location: Portland</s>
    <s>Time: 8:00 am to 11:00 am</s>
    <s>November 13-14, 2011 - Board of Trustees Meeting</s>
    <s>Location: University of Southern Maine, Portland</s>
    <s>Agenda Focus: Fiscal Matters</s>
    <s>December 1 &amp; 2, 2011 - Chancellor Search Committee Meeting</s>
    <s>Location: Portland</s>
    <s>Time: all day</s>
    <s>December 19, 2011 - Chancellor Search Committee Meeting</s>
    <s>Location: Bangor</s>
    <s>Time: 10:00 am to 1:00 pm</s>
    <s>January 23, 2012 - Board of Trustees Meeting</s>
    <s>Location: UMS, 3rd floor, Rudman Board Room, Bangor</s>
    <s>Agenda Focus: Honorary Degree Nominations</s>
    <s>March 19, 2012 - Board of Trustees Meeting</s>
    <s>Location: University of Maine, Orono</s>
    <s>Agenda Focus: Tenure</s>
    <s>May 20-21, 2012 - Board of Trustees Meeting</s>
    <s>Location: UMS, 3rd floor, Rudman Board Room, Bangor</s>
    <s>Agenda Focus: Annual Meeting &amp; Operating Budgets</s>
    <s>Meeting Dates - Fiscal Year 2012-2013</s>
    <s>July 9, 2012 - Board of Trustees Meeting</s>
    <s>Location: UMS, 3rd floor, Rudman Board Room, Bangor</s>
    <s>September 24, 2012 - Board of Trustees Meeting</s>
    <s>Location: UMS, 3rd floor, Rudman Board Room, Bangor</s>
    <s>Agenda Focus: Appropriations Request &amp; Bond Proposals</s>
    <s>November 4 &amp; 5, 2012 - Board of Trustees Meeting</s>
    <s>Location: University of Maine at Presque Isle</s>
    <s>Agenda Focus: Fiscal Matters</s>
    <s>January 28, 2013 - Board of Trustees Meeting</s>
    <s>Location: UMS, 3rd floor, Rudman Board Room, Bangor</s>
    <s>Agenda Focus: Honorary Degree Nominations</s>
    <s>March 18, 2013 - Board of Trustee Meeting</s>
    <s>Location: University of Southern Maine, LAC</s>
    <s>Agenda Focus: Tenure</s>
    <s>May 19 &amp; 20, 2013 - Board of Trustees Meeting</s>
    <s>Location: UMS, 3rd floor, Rudman Board Room, Bangor</s>
    <s>Agenda Focus: Annual Meeting &amp; Operating Budgets</s>
    <s>Board of Trustees Meeting Calendar for 2011-2012 and 2012-2013 was approved by the Board on March 14, 2011.</s>
    <s>16 Central Street Bangor, ME 04401</s>
    <s>Telephone: (207) 973-3201 | Fax: (207) 973-3296</s>
    <s>Express Message: (207) 973-3399 | TTY Phone (24 Hours) (207) 973-3262</s>
    <s>Sitemap | Non-Discrimination Notice</s>
  </text>
</page>
