<?xml version="1.0" encoding="UTF-8"?>
<!DOCTYPE page SYSTEM "page.dtd">
<page>
  <lang>en</lang>
  <url>http://www.mathcs.emory.edu/~lxiong/research.html</url>
  <title>Li Xiong, Emory University</title>
  <snippet>
    <s>Proceedings co-chair, the 40th International Conference on Very Large Databases (VLDB), 2014. Workshop co-chair, the 22nd ACM Conference on Information </s>
  </snippet>
  <text>
    <s>Li Xiong</s>
    <s>Research Group</s>
    <s>Assured Information Management and Sharing (AIMS)</s>
    <s>Data and Information Management</s>
    <s>Research Areas</s>
    <s>Data privacy and security</s>
    <s>Distributed data management</s>
    <s>Biomedical and health informatics</s>
    <s>Current Projects</s>
    <s>Past Projects</s>
    <s>Professional Activities</s>
    <s>Proceedings co-chair, the 40th International Conference on Very Large Databases (VLDB), 2014</s>
    <s>Workshop co-chair, the 22nd ACM Conference on Information and Knowledge Management (CIKM), 2013</s>
    <s>Organizer and Program Co-Chair, the 5th Workshop on Privacy and Anonymity in the Information Society (PAIS), in conjunction with EDBT, 2012</s>
    <s>Registration co-chair, 2nd ACM SIGHIT International Health Informatics Symposium (IHI), 2012</s>
    <s>Program Committee, The 21st International World Wide Web Conference (WWW), poster track, 2012</s>
    <s>Associate Editor, SIGHIT Record, 2011-2012</s>
    <s>Program Committee, 20th ACM Conference on Information and Knowledge Management (CIKM), 2011</s>
    <s>Program Committee, ACM SIGMOD Conference, demonstration track, 2011</s>
    <s>Program Committee, The 20th International World Wide Web Conference (WWW), poster track, 2011</s>
    <s>Program Co-Chair, Workshop on Privacy and Anonymity in the Information Society (PAIS), in conjunction with EDBT, 2011</s>
    <s>Program Committee, ACM Conference on Information and Knowledge Management (CIKM), demonstration track, 2010</s>
    <s>Program Committee, The 36th International Conference on Very Large Data Bases (VLDB), demonstration track, 2010</s>
    <s>Program Committee, The 16th ACM SIGKDD Conference on Knowledge Discovery and Data Mining (SIGKDD), 2010</s>
    <s>Program Committee, 11th International Conference on Web-Age Information Management (WAIM), 2010</s>
    <s>Program Committee, International Symposium on Data, Privacy and E-Commerce (ISDPE), 2010</s>
    <s>Program Committee, IEEE Intelligence and Security Informatics (ISI), 2010</s>
    <s>Program Co-Chair, Workshop on Privacy and Anonymity in the Information Society (PAIS), in conjunction with EDBT, 2010</s>
    <s>Program Committee, ACM Conference on Information and Knowledge Management (CIKM), demonstration track, 2009</s>
    <s>Program Committee, International Conference on Cooperative Information Systems (CoopIS), 2009, 2008</s>
    <s>Program Co-Chair, Workshop on Privacy and Anonymity in the Information Society (PAIS), in conjunction with EDBT, 2009, 2008</s>
    <s>Program Committee, PhD Workshop on Information Knowledge Management (PIKM), in conjunction with CIKM, 2008, 2007</s>
    <s>Program Committee, InterDB Workshop, in conjunction with International Conference on Very Large Databases (VLDB), 2007</s>
    <s>Program Committee, International Symposium on Parallel Architectures, Algorithms, and Networks (ISPAN), 2007</s>
    <s>Program Co-Chair, ACM Workshop on Healthcare Information and Knowledge Management (HIKM), in conjunction with CIKM, 2006</s>
    <s>NSF Review Panel, 2006</s>
    <s>Program Committee, International Conference on Computer Communications and Networks (ICCCN), 2006.</s>
    <s>Program Committee, International Conference on Distributed Computing Systems (ICDCS), 2006</s>
    <s>Program Committee, Second International Workshop on Database Interoperability (InterDB), in conjunction with ICDE, 2006</s>
    <s>Program Committee, Reputation in Agent Societies Workshop (RAS) in conjunction with Web Intelligence (WI), 2004</s>
    <s>Reviewer for various journals (IEEE JSAC 2006, Computer 2006, ACM TOIT 2006, VLDBJ 2006, IEEE TPDS 2005, IEEE TKDE 2005, IJECR 2004, IEEE TKDE 2002)</s>
    <s>External reviewer for various conferences (ACMSE 2006, CEC 2005, SIGMOD 2004, RIDE 2004, EDBT 2004, IJCAI 2003, WISE 2002)</s>
    <s>Conference Organization Volunteer, ACM International Conference on Information and Knowledge Management (CIKM), 2001</s>
    <s>ACM and IEEE member, 2001 - present</s>
    <s>(C)2011 Li Xiong</s>
  </text>
</page>
