<?xml version="1.0" encoding="UTF-8"?>
<!DOCTYPE page SYSTEM "page.dtd">
<page>
  <lang>en</lang>
  <url>http://www.derby.ac.uk/news/proposals-deadline-looms-for-lta-conference</url>
  <title>Proposals Deadline Looms For LTA Conference - University of Derby</title>
  <snippet>
    <s>Apr 21, 2011 Those wanting to contribute academic papers, posters and discussion group ideas to the University&#39;s annual Learning, Teaching and </s>
  </snippet>
  <text>
    <s>University of Derby: University home &gt; Corporate Relations &gt; Connected online</s>
    <s>Connected online</s>
    <s>Ask us a question Search our site</s>
    <s>!Ask us I'm thinking of studying here</s>
    <s>I'm already studying here</s>
    <s>News Archive</s>
    <s>In the News</s>
    <s>Contact Us</s>
    <s>Latest News</s>
    <s>Video News</s>
    <s>John Coyne's Column</s>
    <s>News from the Faculties</s>
    <s>News from University Departments</s>
    <s>News from the University Community</s>
    <s>The Bigger Picture</s>
    <s>Find out more</s>
    <s>Order a prospectus</s>
    <s>Book an open day</s>
    <s>Print, save or share</s>
    <s>| Share</s>
    <s>Proposals Deadline Looms For LTA Conference</s>
    <s>21 April 2011</s>
    <s>!LTA conference</s>
    <s>The annual Learning, Teaching and Assessment Conference is an opportunity to share knowledge.</s>
    <s>Those wanting to contribute academic papers, posters and discussion group ideas to the University's annual Learning, Teaching and Assessment Conference have until Thursday 5 May to submit their proposals.</s>
    <s>The 2011 LTA conference - entitled Learning @ Derby: The Future Direction - will be held on Thursday 7 July at the University of Derby Buxton campus. It is organised each year by LEI.</s>
    <s>This year's keynote speaker will be Dr Colin Beard, Teaching Fellow at Sheffield Business School. Colin uses his education and training experiences to develop innovative pedagogic approaches, using experiential forms of learning.</s>
    <s>Contributions on any aspect of learning, teaching and assessment will be welcome. The particular focus for the day will be an opportunity to share good practice, and discuss with students and colleagues the future direction of learning and teaching at Derby.</s>
    <s>Contributions can be in any of the following forms:</s>
    <s>formal presentation (15 minutes presentation, 10-15 minutes discussion)</s>
    <s>themed discussion group (20-30 minutes)</s>
    <s>themed workshop (30 minutes)</s>
    <s>traditional posters</s>
    <s>interactive poster/e-posters</s>
    <s>contribution to panel debate.</s>
    <s>Proposals for contributions should be sent for consideration by Thursday 5 May to Lynda Cain, Secretary to the LTA Conference Committee, on email: l.cain@derby.ac.uk or ext.1255. A submission form is available from Lynda.</s>
    <s>Bookings to attend the conference will officially open in May. It is hoped for the first time to be able to offer online booking.</s>
    <s>For an overview of the 2010 LTA Conference see www.derby.ac.uk/ltac</s>
    <s>Use of personal data</s>
    <s>Our policy is to only use the data you supply to us for use in regard to the work of the University of Derby. We do not pass on your data to any other third party under any circumstances.</s>
    <s>Contact Us</s>
    <s>University of Derby</s>
    <s>Kedleston Road</s>
    <s>DE22 1GB</s>
    <s>Tel: 01332 590500</s>
    <s>Site Map</s>
    <s>Undergraduate courses</s>
    <s>Postgraduate and professional courses</s>
    <s>Online courses</s>
    <s>International students</s>
    <s>Services for business</s>
    <s>School leavers 16+</s>
    <s>Part time courses</s>
    <s>Buxton College</s>
    <s>Student life</s>
    <s>About the University</s>
    <s>Job vacancies</s>
    <s>Press and Community</s>
    <s>Designed and built by Silktide Studios</s>
    <s>(C) Copyright University of Derby 2011 | Accessibility | Privacy | Site map | Disclaimer | Freedom of Information | Company info | About us as a charity | Staff admin</s>
    <s>//&lt;!CDATA[ //--check if jquery is on page, and include if it's not (function() { if(typeof($) == &quot;undefined&quot;) { jqsrc = 'http://ajax.googleapis.com/ajax/libs/jquery/1.4.2/jquery.min.js'; document.write('&lt;script type=&quot;text/javascript&quot; src=&quot;'+jqsrc+'&quot;&gt;&lt;\/script&gt;'); } })(); //]&gt; //&lt;!CDATA[ var hasreset = false; var list of divs = new Array(); var checkswap = false; function loader() { //--assigns the swap search actions to the buttons onclick and builds lists of all divs to hide $(&quot;.swap-btn&quot;).click(swap search).each(build div list); if(checkswap) { $(&quot;already studying&quot;).attr('checked', true); } $(&quot;.askus-radio&quot;).click(swap form path); $(&quot;.askus-radio:checked&quot;).each(swap form path); $(&quot;questionForm .searchbox&quot;).focus(searchbox reset).click(searchbox reset).each(setup searchbox reset); } function setup searchbox reset() { if($(&quot;questionForm .searchbox&quot;).defaultValue == $(&quot;questionForm .searchbox&quot;).val()) { $(this).addClass(&quot;defaulttext&quot;); } else { hasreset = true; } } function searchbox reset() { if($(&quot;questionForm .searchbox&quot;).defaultValue == $(&quot;questionForm .searchbox&quot;).val() &amp;&amp; !hasreset) { $(this).removeClass(&quot;defaulttext&quot;); $(this).val(&quot;&quot;); } hasreset = true; } function swap search() { //--looks through all divs and hides them for(i=0; i&lt;list of divs.length; i++) { $(&quot;&quot;+list of divs[i).hide(); } //--show the div we need $(&quot;.swap-btn&quot;).each(function(){ $(this).removeClass(&quot;selected&quot;); }); $(this).addClass(&quot;selected&quot;); $(&quot;&quot;+get id from element(this)).show(); return false; } function build div list() { //--builds a list of divs with the correct name list of divslist of divs.length = get id from element(this); } function get id from element(a) { //--take the id name of the link and remove the &quot;-btn&quot; to leave us with the div id we want to hide/show btn id = $(a).attr(&quot;id&quot;); btn id parts = btn id.split(&quot;-&quot;); return btn id parts; } function swap form path() { $('questionForm').attr(&quot;action&quot;, $(this).attr(&quot;value&quot;)); } $(document).ready(loader); //--do this when the page loads //]]&gt;</s>
  </text>
</page>
