<?xml version="1.0" encoding="UTF-8"?>
<!DOCTYPE page SYSTEM "page.dtd">
<page>
  <lang>en</lang>
  <url>http://www.doble.com/topics/</url>
  <title>papers submit</title>
  <snippet>
    <s>Selected topics may be accepted as Conference papers for the Doble Client Conference. Please provide topic ideas in the form below. These topics can include </s>
  </snippet>
  <text>
    <s>Submit your topic idea for future Doble Conferences</s>
    <s>Your submissions will be discussed with the appropriate Doble Client Committee. Selected topics may be accepted as Conference papers for the Doble Client Conference</s>
    <s>Please provide topic ideas in the form below. These topics can include any subject that you deal with during the performance of your maintenance activities. The discussions may lead to papers, presentations and discussions for the Conference. If you have an author in mind please indicate the possible author's name.</s>
    <s>You may also use this form to offer a paper that you wish to author and present at the Doble Conference. You will be notified whether your paper idea has been selected.</s>
    <s>If you have multiple topic ideas, you may click the link &quot;Click here to submit another request&quot; to propose another recommendation on the next page of this form.</s>
    <s>Fields marked withare mandatory</s>
    <s>Email Address:*</s>
    <s>Topic Title:</s>
    <s>Description or Abstract:</s>
    <s>Enter a description or abstract here</s>
    <s>Specify if this proposal is for a:</s>
    <s>Presentation paper Discussion Technical questionaire I do not know</s>
    <s>Upload a document: (Limit 1 MB)</s>
    <s>For larger files, please e-mail them directly to events@doble.com or send on disk or CD by Post to Doble Events, Doble Engineering, 85 Walnut Street, Watertown, MA 02472</s>
    <s>If known, list the proposed author(s), company name and email address(es): (If applicable)</s>
    <s>Which client committee would this submission be more appropriate for:</s>
    <s>Asset and Maintenance Management</s>
    <s>Arrestors, Capacitors, Cables and Accessories</s>
    <s>Bushings, Insulators and Instrument Transformers</s>
    <s>Circuit Breakers</s>
    <s>Insulating Materials</s>
    <s>Protection, Automation, Controls &amp; Communications</s>
    <s>Rotating Machinery</s>
    <s>I Do Not Know</s>
  </text>
</page>
