<?xml version="1.0" encoding="UTF-8"?>
<!DOCTYPE page SYSTEM "page.dtd">
<page>
  <lang>en</lang>
  <url>http://www.gpd.fi/en/About-GPD/Presenters-Instructions/</url>
  <title>GPD.fi - Presenters Instructions</title>
  <snippet>
    <s>Glass Performance Days GPD 2011 Finland speakers and presenters Maximizing the value of participation requires a clear conference structure as well The Organizing Committee will finalize the program based on the received abstracts. </s>
  </snippet>
  <text>
    <s>About GPD</s>
    <s>Press Center</s>
    <s>About GPD</s>
    <s>&gt; Presenters Instructions</s>
    <s>Objectives and Values</s>
    <s>Presenters Instructions</s>
    <s>Proceedings books</s>
    <s>Presenters Instructions</s>
    <s>The GPD is built around formal presentations, informal discussions and effective networking. Maximizing the value of participation requires a clear conference structure as well as orderly rules of the game. The GPD presenter instructions have been developed for that purpose.</s>
    <s>Abstract Submission</s>
    <s>All abstracts should be submitted via the on-line Abstract Submission Form. All the required fields must be filled in for the abstract to be accepted. Presentations must be non-commercial, industrial or industrial-scientific papers. The language of the conference will be English and all presentations should be given in English.</s>
    <s>The Organizing Committee will finalize the program based on the received abstracts. The organizers have the right to publish abstracts for the various purposes of the conference. The organizing committee reserves all rights.</s>
    <s>How to write an abstract</s>
    <s>An abstract summarizes in 100 – 200 words the essential information of your presentation. It briefly describes the objective, methods, results and conclusions of your paper.</s>
    <s>How to write your personal introduction (max. 70 words)</s>
    <s>The purpose is to give a very brief introduction of the author e.g. to show the author’s level of expertise and competence on the topic.</s>
    <s>It should include:</s>
    <s>Current and past employer(s), position(s), responsibilities and relevant descriptions of these</s>
    <s>Current and past memberships in associations and other such organizations</s>
    <s>Both abstract and personal introduction are needed to:</s>
    <s>Help in selecting the presentations for the conference</s>
    <s>Give more information about the presentation for readers at www.gpd.fi</s>
    <s>Help chairmen introduce the speakers to the audience</s>
    <s>Manuscript Instructions</s>
    <s>Manuscript instructions are the same for both oral and poster presentations. The deadline for manuscript submission for GPD 2013 is 31st March, 2013 . For more information, please contact Mr. Brown Onduso. Full details on submission in the instructions.</s>
    <s>Poster presentations</s>
    <s>The only difference between a poster and oral presentation is that poster presentation is a written description of the study or article with illustrations which will be presented to the conference audience only in printed form and placed on a poster board in the poster exhibition. Please note that GPD 2013 Organization is not responsible for printing the posters.</s>
    <s>Oral presentations</s>
    <s>We recommend all oral presentator's (or speakers) to make a powerpoint to support the presentation. The powerpoints must be ready and sent to the conference organizers by 1st June 2013. If the presentation hasn't been sent by the given deadline, the organizers can not quarantee the functionality of the powerpoint in Tampere Talo.</s>
    <s>Guidelines for the PowerPoint presentation:</s>
    <s>You can use your own template</s>
    <s>All versions acceptable up to Office 2007 (pptx)</s>
    <s>Sending the PowerPoint will not release the presenter from the responsibility of taking the PPT with him/her to Finland</s>
    <s>Contact Forum</s>
    <s>Contact Forum</s>
    <s>Glass Technology Library</s>
    <s>Proceedings books</s>
    <s>Order Here!</s>
    <s>GPD 2011 Sponsors</s>
    <s>Related Materials</s>
    <s>Manuscript Instructions &gt;</s>
    <s>Poster Presentation Instructions &gt;</s>
    <s>Sitemap | Feedback</s>
    <s>(C) Copyright GPD 2010</s>
  </text>
</page>
