<?xml version="1.0" encoding="UTF-8"?>
<!DOCTYPE page SYSTEM "page.dtd">
<page>
  <lang>en</lang>
  <url>http://www.pcouncil.org/2011/01/12241/groundfish-essential-fish-habitat-review-committee-conference-call-february-25-2011/</url>
  <title>Groundfish Essential Fish Habitat Review Committee Conference ...</title>
  <snippet>
    <s>Jan 31, 2011 Groundfish Essential Fish Habitat Review Committee Conference Call (February 25, 2011). February 25, 2011. 9:00 am to 12:00 pm </s>
  </snippet>
  <text>
    <s>Pacific Fishery Management Council</s>
    <s>skip navigation</s>
    <s>About us</s>
    <s>Contact or visit us</s>
    <s>Current (or next) Council Meeting</s>
    <s>State &amp; federal contact information</s>
    <s>Resources &amp; archives</s>
    <s>Pacific Halibut</s>
    <s>Highly Migratory Species</s>
    <s>Coastal Pelagic Species</s>
    <s>Habitat and Communities</s>
    <s>Marine Reserves and Marine Protected Areas</s>
    <s>Fishing Communities</s>
    <s>Google Earth® Maps</s>
    <s>Wave, Tidal, and Offshore Wind Energy</s>
    <s>Ecosystem-Based Management</s>
    <s>Current Review Materials</s>
    <s>Background Information</s>
    <s>Council Operations</s>
    <s>Council Meetings</s>
    <s>Briefing Books</s>
    <s>Council Decisions</s>
    <s>Council and Advisory Bodies</s>
    <s>Council Staff</s>
    <s>Council Guide</s>
    <s>Travel and Reimbursement</s>
    <s>Council Operating Procedures</s>
    <s>Statement of Organization, Practices and Procedures</s>
    <s>Council agenda</s>
    <s>Hot topic: November 1-7, 2011 Council Meeting Notice and Agenda Available</s>
    <s>Current events</s>
    <s>Educational and media resources</s>
    <s>Online calendar</s>
    <s>Subscribe to Mailing List and Newsletter</s>
    <s>Upcoming events…Trawl Rationalization Regulatory Review Committee to Meet November 1-7, 2011 Council Meeting Notice and Agenda AvailableAnnual Banquet to Honor Mark Cedergreen, Jerry Mallet, and Rod Moore2012 Council Meeting ScheduleHot topic: November 1-7, 2011 Council Meeting Notice and Agenda Available</s>
    <s>Harvest Specifications, Regulations, and Seasons</s>
    <s>Fishery Management Plan and Amendments</s>
    <s>Stock Assessments and Rebuilding Analyses</s>
    <s>Groundfish Essential Fish Habitat Review Committee Conference Call (February 25, 2011)</s>
    <s>February 25, 2011</s>
    <s>9:00 am to 12:00 pm</s>
    <s>The Pacific Fishery Management Council’s (Pacific Council) Groundfish Essential Fish Habitat Review Committee (EFHRC) will hold a work session by conference call to follow up on work assignments from its December 20, 2010 meeting. The purpose of this meeting is to plan for reporting to the Council at its April, 2011 meeting in San Mateo, California.</s>
    <s>The conference call will be held on Friday, February 25, 2011, from 9:00 a.m. until 12:00 p.m.</s>
    <s>A listening station will be available to the public at the following location:</s>
    <s>&gt; Pacific Fishery Management Council</s>
    <s>Small Conference Room</s>
    <s>7700 NE Ambassador Place, Suite 101</s>
    <s>Portland, Oregon 97220</s>
    <s>Get Driving Directions</s>
    <s>The public listening station is physically accessible to people with disabilities. Requests for sign language interpretation or other auxiliary aids should be directed to Mr. Kris Kleinschmidt at 503-820-2280, at least five days prior to the meeting date.</s>
    <s>For further information please contact Mr. Kerry Griffin at 503-820-2280, ext. 409.</s>
    <s>This entry was posted on Monday, January 31st, 2011 at 11:43 am and is filed under Groundfish, Groundfish, Habitat and communities, Habitat and communities.</s>
    <s>Last modified: 01/31/2011</s>
    <s>Recent blog posts</s>
    <s>Annual Banquet to Honor Mark Cedergreen, Jerry Mallet, and Rod Moore</s>
    <s>November 1-7, 2011 Council Meeting Notice and Agenda Available</s>
    <s>Trawl Rationalization Regulatory Review Committee to Meet</s>
    <s>First Bilateral Pacific Whiting Advisory Panel Meeting Set for October 7, 2011</s>
    <s>Proposed Rule to Implement Decisions of the IATTC in the Eastern Pacific</s>
    <s>Council, States Seek Public Input on Proposed Changes to Pacific Halibut Catch Sharing Plan</s>
    <s>HMS SAFE Document Available</s>
    <s>Long-vilified swordfish industry finds support in environmental group</s>
    <s>Subscribe To Blog »</s>
    <s>View Blog »</s>
    <s>!PFMC Logo</s>
    <s>Pacific Fishery Management Council</s>
    <s>7700 NE Ambassador Place, Suite 101</s>
    <s>Portland, Oregon 97220-1384</s>
    <s>Pacific Halibut</s>
    <s>Highly Migratory Species</s>
    <s>Coastal Pelagic Species</s>
    <s>Habitat and Communities</s>
    <s>Ecosystem-Based Management</s>
    <s>Council Operations</s>
    <s>P: 503 820 2280</s>
    <s>F: 503 820 2299</s>
    <s>TF: 866 806 7204</s>
  </text>
</page>
