<?xml version="1.0" encoding="UTF-8"?>
<!DOCTYPE page SYSTEM "page.dtd">
<page>
  <lang>en</lang>
  <url>http://www.glasswebsite.com/events/fallconference/</url>
  <title>GANA Fall Conference Home</title>
  <snippet>
    <s>Sep 16, 2011 Meeting Cancellation: The registration fee is refundable (minus a Conveniently situated in the heart of downtown Kansas City&#39;s Power &amp; Light </s>
  </snippet>
  <text>
    <s>| HOME | ABOUT | JOIN | EVENTS | PUBLICATIONS | DIVISIONS | TechCENTER | PODCAST | ADVOCACY | AIA | JOBS | LOGIN |</s>
    <s>&gt; GANA Fall Conference</s>
    <s>The GANA Fall Conference is scheduled for October 17-20, 2011 in Kansas City, MO. Each Division of GANA has meetings planned at this event, along with the non-Division Committees including Fire-Rated Glazing, Glazing Industry Code Committee, Marketing, and Protective Glazing.</s>
    <s>&gt; SPONSORS</s>
    <s>&gt; ICD High Performance Coatings</s>
    <s>Meeting Booklet Sponsor</s>
    <s>&gt; Glass Coatings and Concepts</s>
    <s>Tuesday Coffee Station Sponsor</s>
    <s>&gt; Goldray Industries Ltd.</s>
    <s>Wednesday Coffee Station Sponsor</s>
    <s>&gt; Technoform</s>
    <s>Energy Division Speaker Sponsor</s>
    <s>&gt; Registration</s>
    <s>Conference fees are due when registering.</s>
    <s>&gt; Cutoff Date</s>
    <s>All registrations must be submitted by September 16, 2011.</s>
    <s>&gt; Registration Fees</s>
    <s>Members $295</s>
    <s>*Non-Members $600</s>
    <s>Spouses $150</s>
    <s>&gt; *Non-member companies attending a GANA meeting for the first time will receive a $305 discount. Non-members not eligible to receive the discount that join GANA prior to 60 days after the meeting will receive a $305 credit for its registration fees on membership dues.</s>
    <s>&gt; Cancellation Policy</s>
    <s>Meeting Cancellation: The registration fee is refundable (minus a cancellation fee of $150) if notice of cancellation is received by September 16, 2011. After this date, no refund will be issued.</s>
    <s>&gt; Accommodations</s>
    <s>The event will be hosted at the Crowne Plaza Kansas City Downtown. Conveniently situated in the heart of downtown Kansas City's Power &amp; Light Entertainment District adjacent to the Bartle Hall Kansas City Convention Center, this luxurious Crowne Plaza Hotel offers stunning views of historic downtown Kansas City and now features a Starbucks store in the lobby. The Crowne Plaza Kansas City is located within walking distance to the Power &amp; Light District, H&amp;R Block and the new Sprint Center Arena. Rooms come fully equipped with free high-speed Internet access.</s>
    <s>&gt; Room Rates</s>
    <s>Single or Double: $129 plus tax</s>
    <s>Check-In: 3:00 p.m. Check-Out: 12:00 p.m.</s>
    <s>&gt; Transportation</s>
    <s>The hotel is located 20 miles from the Kansas City International Airport. Airport shuttle transportation can be scheduled through Super Shuttle, $18/one way, $31 roundtrip, at (800) 258-3826. The hotel offers a complimentary shuttle to locations within a 5 mile radius.</s>
    <s>&gt; Kansas City Power &amp; Light District</s>
    <s>The Kansas City Power &amp; Light District is a premier dining, entertainment and shopping district in the heart of downtown Kansas City. Offering over a half million square feet, the Kansas City Power &amp; Light District is the Midwest's premier entertainment epicenter. With more than 50 unique and captivating restaurants, bars, shops and entertainment venues, the Power &amp; Light District offers something for everyone. Located in the heart of downtown, this vibrant, new nine-block neighborhood links the Convention Center to the Sprint Arena and is bringing the beat back to Kansas City.</s>
    <s>&gt; Fall Conference Program</s>
    <s>&gt; Mon day, October 17, 20 11</s>
    <s>&gt; 7:30 a.m. 5:00 p.m.</s>
    <s>&gt; Registration</s>
    <s>&gt; 8:00 a.m. 9:30 a.m.</s>
    <s>&gt; Fire-Rated Glazing Council Download Agenda</s>
    <s>&gt; Agenda Topics</s>
    <s>&gt;AIA Presentation, Conversion to Online Format</s>
    <s>&gt;Fire-Rated Glazing Changes in 2012 International Building Code (IBC)</s>
    <s>&gt;Update on Building Code Issues</s>
    <s>&gt; Fire-Rated Glazing Today</s>
    <s>Speaker: Jerry Jackson, Vetrotech Saint-Gobain</s>
    <s>&gt; 9:45 a.m. 11:45 a.m.</s>
    <s>&gt; Flat Glass Manufacturing Division Download Agenda</s>
    <s>&gt; Agenda Topics</s>
    <s>&gt;Daylighting Task Group</s>
    <s>&gt;Physical and Mechanical Properties of Typical Soda Lime Float Glass Task Group</s>
    <s>&gt;Coated Glass 101, Conversion to Online Format</s>
    <s>&gt;Environmental Committee Update</s>
    <s>&gt;Standards Design Group, Software Endorsement Agreement</s>
    <s>&gt; Glass Coating Line Emission Control System: A Case History</s>
    <s>Bud Strope, Project Integration Incorporated</s>
    <s>&gt; 11:55 a.m. 12:20 p.m.</s>
    <s>&gt; Joint FGM/Energy Division Presentation</s>
    <s>&gt; Product Category Rules (PCRs), Life Cycle Assessments (LCAs), and Environmental Product Declarations (EPDs) 101</s>
    <s>Mike Turnbull, Guardian Industries Corp.</s>
    <s>&gt; 12:30 p.m. 2:30 p.m.</s>
    <s>&gt; Energy Division Download Agenda</s>
    <s>&gt; Agenda Topics</s>
    <s>&gt;Introduction of Division Chair, Vice-Chair</s>
    <s>&gt;Division Operating Protocol</s>
    <s>&gt;Refining and Approving Division Scope and Objectives</s>
    <s>&gt;Solar Glass 101 Webinar Task Group</s>
    <s>&gt;Dynamic Glazing GIB Task Group</s>
    <s>&gt;Life Cycle Analysis</s>
    <s>&gt;Solar Products and Applications Matrix</s>
    <s>&gt; Air Leakage in Buildings: Mitigation and Code Issue</s>
    <s>Speaker: Stanley Yee, The Fae Group</s>
    <s>Sponsored by Technoform</s>
    <s>&gt; 2:45 p.m. 4:15 p.m.</s>
    <s>&gt; Marketing Committee Download Agenda</s>
    <s>&gt; Agenda Topics</s>
    <s>&gt;GANA Membership Survey Results</s>
    <s>&gt;GANA BEC Division Membership Survey</s>
    <s>&gt;Affinity Program Recommendations</s>
    <s>&gt;Membership Recruitment Campaign</s>
    <s>&gt;Online Education</s>
    <s>&gt; 4:30 p.m. 6:30 p.m.</s>
    <s>&gt; BEC Division Download Agenda</s>
    <s>&gt; Agenda Topics</s>
    <s>&gt;BIM Task Group</s>
    <s>&gt;Key Elements for Fenestration Shop Drawings Task Group</s>
    <s>&gt;Project Managers Reference Manual</s>
    <s>&gt;Safety Guidelines for Deglazing Structural Silicone Task Group</s>
    <s>&gt;Face Clearance Recommendations Task Group</s>
    <s>&gt; Current Energy Conservation Criteria</s>
    <s>Speaker: Raj Goyal, Technoform Bautec, N.A. Inc.</s>
    <s>&gt; 6:30 p.m. 7:30 p.m.</s>
    <s>&gt; Welcome Reception</s>
    <s>&gt; Tuesday, October 18, 20 11</s>
    <s>&gt; 7:30 a.m. 5:00 p.m.</s>
    <s>&gt; Registration</s>
    <s>&gt; 8:00 a.m. 9:30 a.m.</s>
    <s>&gt; Protective Glazing Committee Download Agenda</s>
    <s>&gt; Agenda Topics</s>
    <s>&gt;Screening Out Ultraviolet Radiation with Laminated Glass Informational Bulletin</s>
    <s>&gt;Update on Protective Glazing Manual</s>
    <s>&gt;Radio Frequency Glass Informational Bulletin</s>
    <s>&gt;Protective Glazing 101 Presentation, Conversion to Online Format</s>
    <s>&gt; 9:45 a.m. 12:15 p.m.</s>
    <s>&gt; Laminating Division Download Agenda</s>
    <s>&gt; Agenda Topics</s>
    <s>&gt;Laminated Glazing Reference Manual Subcommittee</s>
    <s>&gt;Sealant and Setting Block Task Group</s>
    <s>&gt;Sealant and Glazing Tape Test Method</s>
    <s>&gt;Glass in Furniture Task Group</s>
    <s>&gt;Use of Laminated Glass in Balconies</s>
    <s>&gt;Considerations for Cleaning Architectural Glass Task Group</s>
    <s>&gt;Division Chair Nominations</s>
    <s>&gt; 12:30 p.m. 2:45 p.m.</s>
    <s>&gt; Insulating Division Download Agenda</s>
    <s>&gt; Agenda Topics</s>
    <s>&gt;Insulating Division Website</s>
    <s>&gt;How to Make Insulated Glass Video</s>
    <s>&gt;Insulating Glass 101 AIA Presentation</s>
    <s>&gt;Edge Seals Task Group</s>
    <s>&gt;Gas Content Task Group</s>
    <s>&gt;Capillary Tubes Task Group</s>
    <s>&gt; NIST LCA Window Study</s>
    <s>Speaker: Urmilla Sowell, GANA</s>
    <s>&gt; 3:00 p.m. 5:45 p.m.</s>
    <s>&gt; Tempering Division Download Agenda</s>
    <s>&gt; Agenda Topics</s>
    <s>&gt;Engineering Standards Manual Subcommittee</s>
    <s>&gt;Distortion Task Group</s>
    <s>&gt;Heavy Glass Door Guidelines Task Group</s>
    <s>&gt;Best Practices of Heat Treating Glass Task Group</s>
    <s>&gt;Tempered Glass Breakage Disussion</s>
    <s>&gt;Tempered Glass 101 AIA Presentation</s>
    <s>&gt;Division Chair Nominations</s>
    <s>&gt; Wednesday, October 19, 2011</s>
    <s>&gt; 7:30 a.m. 5:00 p.m.</s>
    <s>&gt; Registration</s>
    <s>&gt; 8:00 a.m. 10:30 a.m.</s>
    <s>&gt; Decorative Division Download Agenda</s>
    <s>&gt; Agenda Topics</s>
    <s>&gt;Glazing Materials Compatibility Task Group</s>
    <s>&gt;Digital Printing on Glass Task Group</s>
    <s>&gt;Product Color and Durability Subcommittee</s>
    <s>&gt;Decorative Glass Standards Subcommittee</s>
    <s>&gt;Recyclability of Architectural Glass Task Group</s>
    <s>&gt;NeoCon 2012 Participation and Educational Seminar</s>
    <s>&gt; 10:45 a.m. 11:45 a.m.</s>
    <s>&gt; GANA Standards and Code Update</s>
    <s>Dr. Tom Culp, GANA Energy Consultant</s>
    <s>Thom Zaremba, GANA Fire/Structural Consultant</s>
    <s>Urmilla Sowell, GANA Technical Director</s>
    <s>&gt; 12:00 p.m. 2:00 p.m.</s>
    <s>&gt; Mirror Division Download Agenda</s>
    <s>&gt; Agenda Topics</s>
    <s>&gt;Handle with Extreme Care Task Group</s>
    <s>&gt;Cerium Oxide Task Group</s>
    <s>&gt;LEED Informational Task Group</s>
    <s>&gt;Division Chair Nominations</s>
    <s>&gt; 2:15 9.m. 6:00 p.m.</s>
    <s>&gt; Glazing Industry Code Committee Download Agenda (Note: Session Closed to GICC Members Only)</s>
    <s>&gt; Agenda Topics</s>
    <s>&gt;IBC Chapter 24 Revision Task Group</s>
    <s>&gt;Code Proposal Review</s>
    <s>&gt;New website unveiling</s>
    <s>&gt;Committee membership and recruitment plan</s>
    <s>&gt; 6:00 p.m. 7:00 p.m.</s>
    <s>&gt; Networking Reception</s>
    <s>&gt; Thurs day, October 20, 20 11</s>
    <s>&gt; 8:00 a.m. 12:00 p.m.</s>
    <s>&gt; GANA Board of Directors Meeting (closed)</s>
    <s>&gt; 12:00 p.m. 2:00 p.m.</s>
    <s>&gt; Centric Board of Directors Meeting (closed)</s>
    <s>&gt; 2:00 p.m. 3:00 p.m.</s>
    <s>&gt; GANA Foundation Board of Directors Meeting (closed)</s>
    <s>&gt; Click here to register online.</s>
  </text>
</page>
