<?xml version="1.0" encoding="UTF-8"?>
<!DOCTYPE page SYSTEM "page.dtd">
<page>
  <lang>en</lang>
  <url>http://www.oic-un.org/about_oic.asp</url>
  <title>About OIC</title>
  <snippet>
    <s>Presentation. The Organization of the Islamic Conference (OIC) is an international organization grouping fifty seven States which </s>
  </snippet>
  <text>
    <s>Calendar of Meetings</s>
    <s>Press Releases</s>
    <s>About OIC</s>
    <s>OIC Delegation</s>
    <s>OIC Group Geneva</s>
    <s>OIC Vienna &amp; Paris</s>
    <s>Contact us</s>
    <s>OIC Relations</s>
    <s>OIC organs</s>
    <s>OIC UN organisation</s>
    <s>About OIC</s>
    <s>OIC Committees and Bodies</s>
    <s>Secretaries General of the OIC</s>
    <s>OIC Subsidiary Organs, Specialised and Affiliated Institutions</s>
    <s>OIC Member States</s>
    <s>OIC Observers</s>
    <s>The Organization of the Islamic Conference (OIC) is an international organization grouping fifty seven States which have decided to pool their resources together, combine their efforts and speak with one voice to safeguard the interests and secure the progress and well-being of their peoples and of all Muslims in the world.</s>
    <s>The Organization was established in Rabat, Kingdom of Morocco, on 12 Rajab 1389H (25 September 1969) when the First meeting of the leaders of the Islamic world was held in the wake of the criminal Zionist attempt to burn down the Blessed Al-Aqsa Mosque on 21 August 1969 in the occupied city of Al-Quds.</s>
    <s>Under the Charter, the Organization aims to:</s>
    <s>1. Strengthen:</s>
    <s>a) Islamic solidarity among Member States;</s>
    <s>b) Cooperation in the political, economic, social, cultural and scientific fields;</s>
    <s>c) The struggle of all Muslim people to safeguard their dignity, independence and national rights.</s>
    <s>2. Coordinate action to:</s>
    <s>a) Safeguard the Holy Places;</s>
    <s>b) Support the struggle of the Palestinian people and assist them in recovering their rights and liberating their occupied territories.</s>
    <s>3. Work to:</s>
    <s>a) Eliminate racial discrimination and all forms of colonialism;</s>
    <s>b) Create a favourable atmosphere for the promotion of cooperation and understanding between Member States and other countries.</s>
    <s>The Charter also enumerates the principles governing OIC activities, namely:</s>
    <s>1. Full equality among Member States;</s>
    <s>2. Observation of the right to self-determination and non-interference in the internal affairs of Member States;</s>
    <s>3. Observation of the sovereignty, independence and territorial integrity of each State;</s>
    <s>4. The settlement of any dispute that might arise among Member States by peaceful means such as negotiations, mediation, conciliation and arbitration;</s>
    <s>5. A pledge to refrain, in relations among Member States, from resorting to force or threatening to resort to the use of force against the unity and territorial integrity or the political independence of any one of them;</s>
    <s>Back to the Top</s>
    <s>OIC Committees and Bodies</s>
    <s>In order to coordinate and boost its action, align its stands, and achieve concrete results in various fields of cooperation, political, economic, cultural, social, spiritual and scientific among Member States, the OIC Summit and Ministerial Conferences have created different committees including:</s>
    <s>-- The Al-Quds Committee</s>
    <s>-- The Standing Committee for Information and Cultural Affairs (COMIAC),</s>
    <s>-- The Standing Committee for Economic and Trade Cooperation (COMCEC),</s>
    <s>-- The Standing Committee for Scientific and Technical Cooperation (COMSTECH),</s>
    <s>-- The Islamic Commission on Economic, Cultural and Social Affairs.</s>
    <s>Back to the Top</s>
    <s>Secretaries General of the OIC</s>
    <s>His Royal Highness Tunku Abdul Rahman Putra Al-Haj, Malaysia 1970 - 1973</s>
    <s>His Excellency Hassan Al-Touhami, Egypt 1974 - 1975</s>
    <s>His Excellency Dr. Amadou Karim Gaye, Senegal 1975 - 1979</s>
    <s>His Excellency Habib Chatty, Tunisia 1979 - 1984</s>
    <s>His Excellency Syed Sharifuddin Pirzada, Pakistan 1985 - 1988</s>
    <s>His Excellency Dr. Hamid Algabid, Niger 1989 - 1996</s>
    <s>His Excellency Prof. Dr. Azeddin Laraki, Morocco 1997 - 2000</s>
    <s>His Excellency Abdelouhed Belkeziz, Morocco 2001-2004</s>
    <s>His Excellency Ekmelledin Ihsanoglu, Turkey 2005</s>
    <s>Back to the Top</s>
    <s>Organization of the Islamic Conference's Subsidiary Organs, Specialised and affiliated institutions</s>
    <s>The secondary organs and institutions working toward the achievement of the OIC objectives, cover cultural, scientific, economic, legal, financial, sports, technological, educational, media, vocational, social and humanitarian areas. Depending on their degree of autonomy vis-a-vis the parent organization,they are classified as subsidiary organs, specialized institutions and affiliated institutions.</s>
    <s>Back to the Top</s>
    <s>Permanent Missions of OIC Member States</s>
    <s>Burkina Faso</s>
    <s>Cote D'Ivoire</s>
    <s>Niger (Brussels)</s>
    <s>ASIA (CENTRAL, SOUTH &amp; SOUTH-EAST)</s>
    <s>MIDDLE EAST &amp; NORTH AFRICA</s>
    <s>Saudi Arabia</s>
    <s>United Arab Emirates</s>
    <s>EASTERN EUROPE &amp; CAUCASIA</s>
    <s>Back to the Top</s>
    <s>OIC Observer States, Communities, Organizations &amp; Institutions</s>
    <s>Bosnia &amp; Herzegovina</s>
    <s>Central African Republic</s>
    <s>Turkish Cypriot State</s>
    <s>Muslim Communities / Organizations</s>
    <s>Moro National Liberation Front</s>
    <s>Islamic Institutions</s>
    <s>Parliamentary Union of the OIC Member States (PUOICM)</s>
    <s>Islamic Conference Youth Forum for Dialogue and Cooperation (ICYFDC)</s>
    <s>International Organizations</s>
    <s>United Nations (UN)</s>
    <s>Non-Aligned Movement (NAM)</s>
    <s>League of Arab States (LAS)</s>
    <s>African Union (AU)</s>
    <s>Economic Cooperation Organization (ECO)</s>
    <s>DISCLAIMER: THE WEBSITES &amp; CORRESPONDENCE INFORMATION FOR ALL THE STATES, COMMUNITIES, INSTITUTIONS AND ORGANIZATIONS LISTED ABOVE ARE ENTIRELY UNRELATED TO THE ORGANIZATION OF THE ISLAMIC CONFERENCE (OIC) AND DO NOT IN ANY WAY REFLECT THE VIEWS OF THE OIC</s>
    <s>Back to the Top</s>
    <s>Prof. E. Ihsanoglu</s>
    <s>General secretary of OIC</s>
    <s>LATEST NEWS</s>
    <s>February 22nd 2011</s>
    <s>Ihsanoglu: Peace needs to be accompanied by Economic and Infrastructural Development in Southern Philippines…more</s>
    <s>February 22nd 2011</s>
    <s>OIC General Secretariat Condemns Strongly the Excessive Use of Force against Civilians in the Libyan Jamahiriya…more</s>
    <s>February 21st 2011</s>
    <s>OIC Secretary General Despatches Elections Observers to Uganda…more</s>
    <s>February 20th 2011</s>
    <s>Statement of the OIC Secretary General on recent developments in some of its Member States…more</s>
    <s>February 19th 2011</s>
    <s>OIC Secretary General Condemns US Veto on Security Council Resolution on Israeli Settlements…more</s>
    <s>February 15th 2011</s>
    <s>The OIC Secretary General Condemns the terrorist Act in Samarra…more</s>
    <s>(C) 2009 OIC</s>
    <s>Permanent Mission of the Organization of the Islamic Conference</s>
  </text>
</page>
