<?xml version="1.0" encoding="UTF-8"?>
<!DOCTYPE page SYSTEM "page.dtd">
<page>
  <lang>en</lang>
  <url>http://www.esee2011.org/index.php%3Fp%3D24</url>
  <title>Pre-Conference Workshop 12-14 June 2011</title>
  <snippet>
    <s>Pre-Conference Workshop 12-14 June 2011 The workshop aim to provide a venue for graduate students and young researchers 11:00-11:15, Coffee break </s>
  </snippet>
  <text>
    <s>!ESEE 2011</s>
    <s>ADVANCING ECOLOGICAL ECONOMICS</s>
    <s>THEORY AND PRACTICE</s>
    <s>› HOME PAGE</s>
    <s>› CONFERENCE INFORMATION</s>
    <s>Keynote Speakers</s>
    <s>Conference Venue</s>
    <s>› PROGRAM and ARCHIVE</s>
    <s>› SPECIAL SESSIONS</s>
    <s>› POSTER PRESENTATIONS</s>
    <s>› PRE-CONFERENCE WORKSHOP</s>
    <s>› STUDENT PRIZE</s>
    <s>› DID YOU KNOW?</s>
    <s>› OTHER INFORMATION</s>
    <s>Travel &amp; Transportation</s>
    <s>About Istanbul</s>
    <s>Currency Converter</s>
    <s>Useful Hints</s>
    <s>› CONTACT</s>
    <s>› ESEE WEBSITE</s>
    <s>Pre-Conference Workshop 12-14 June 2011</s>
    <s>We invite graduate students and young researchers to participate and contribute to the pre-conference workshop organized in Istanbul at Boğaziçi University. The workshop aim to provide a venue for graduate students and young researchers to share ideas, establish potential collaborations and create networks within ecological economics. Each day of the workshop will focus on one of the themes listed above. Lectures will be delivered by scholars on each theme, followed by student presentations, working groups, and discussion. Presentations are also open to the public.</s>
    <s>Dates and venue: The workshop will take place at Bogazici University Campus during the three days prior to the ESEE conference. It will start in the morning on June 12th, Sunday, and end in the afternoon on June 14th, Tuesday.</s>
    <s>June 12th, Sunday</s>
    <s>Theme: An overview of ecological economics</s>
    <s>Welcoming remarks, introduction by participants</s>
    <s>“Social Ecological Economics: Understanding the Past to See the Future-I”</s>
    <s>(Lecture by Clive Spash)</s>
    <s>Coffee break</s>
    <s>“Social Ecological Economics: Understanding the Past to See the Future-II”</s>
    <s>(Lecture by Clive Spash)</s>
    <s>Student presentations</s>
    <s>Coffee break</s>
    <s>Interactive session and brainstorming on issues of content/discontent within ecological economics</s>
    <s>› Background Material</s>
    <s>Røpke, I. (2004). &quot;The early history of modern ecological economics.&quot; Ecological Economics 50(3-4): 293-314.</s>
    <s>Røpke, I. (2005). &quot;Trends in the development of ecological economics from the late 1980s to the early 2000s.&quot; Ecological Economics 55(2): 262-290.</s>
    <s>Spash, C. L. (1999). &quot;The development of environmental thinking in economics.&quot; Environmental Values 8(4): 413-435.</s>
    <s>Spash, C. L. (2011). &quot;Social ecological economics: Understanding the past to see the future.&quot; American Journal of Economics and Sociology 70(2): (forthcoming)</s>
    <s>June 13th, Monday</s>
    <s>Theme: Political economy perspectives within ecological economics</s>
    <s>Breakfast and coffee</s>
    <s>“Capitalism, Growth Dynamics and (In)Compatibility with Sustainability”</s>
    <s>(Lecture by Patrick Devine)</s>
    <s>Coffee break</s>
    <s>“Participatory Mechanisms and Deliberative Institutions in Environmental Governance”</s>
    <s>(Lecture by Patrick Devine)</s>
    <s>Participant presentations</s>
    <s>Coffee break</s>
    <s>Participant presentations</s>
    <s>Workshop Cocktail</s>
    <s>› Background Material</s>
    <s>Devine, P. (2011). “Global Capitalism and Its Contradictions”, draft chapter</s>
    <s>June 14th, Tuesday</s>
    <s>Theme: Prospects for transition and de-growth discussions</s>
    <s>Coffee and breakfast</s>
    <s>Why degrowth? An introduction to the degrowth discourse: According to its different sources</s>
    <s>- Antiutilitarianism and voluntary simplicity (Lecture by Claudio Cattaneo, Giacomo Dalisa and Federico Demaria)</s>
    <s>- Bioeconomics and ecology (Lecture by Joan Martinez-Alier and Christian Kerschner)</s>
    <s>- Democracy and equity (Lecture by Giorgos Kallis)</s>
    <s>Coffee break</s>
    <s>Exploring key dimensions: What needs to degrow?</s>
    <s>- Infrastructure reduction (Lecture by Francois Schneider/Filka Sekulova)</s>
    <s>- Work redefinition and sharing (Lecture by Joachim Spangenberg)</s>
    <s>- Reducing natural resources exploitation (Lecture by Mariana Walter and Marta Conde)</s>
    <s>Group Assembly Dynamics</s>
    <s>Participants will work together in small groups on building proposals on degrowth on the key dimensions discussed in the lectures (e.g. infrastructure, work, natural resources and money) and present their findings to the rest of the group for discussion.</s>
    <s>Structure of breakout groups:</s>
    <s>- Presentation of the process/objectives of the small groups work (10 mins)</s>
    <s>- Work on proposals building in small groups (30 mins)</s>
    <s>- Getting together and discussing the proposals (20 mins)</s>
    <s>- Work on proposals improvement in small groups, using the feedback of the entire groups (30 mins)</s>
    <s>- Final discussion round (30 mins)</s>
    <s>Coffee break</s>
    <s>Panel: Introduction to de-growth (Chair: François Schneider)</s>
    <s>Degrowth is a multi-level voluntary path towards a reduction of production and consumption aiming at ecological sustainability, well-being and social justice. It is a challenge to economic growth and stems from a wide variety of areas, such as anthropology, psychology, industrial ecology, ecological economics and ecology. The session provides a general introduction to degrowth, its multiple sources, strategies, dimensions, movements and research potentials. The session features key-note speeches, followed by a debate.</s>
    <s>Degrowth history and sources, Joan Martinez-Alier, ICTA, UAB.</s>
    <s>Degrowth for happiness: from utopias to reality for nine billion people, Gjalt Huppes, CML, Leiden Universtity.</s>
    <s>Combination of degrowth proposals and strategies, François Schneider, Research &amp; Degrowth.</s>
    <s>Degrowth: a tentative research agenda, Giorgos Kallis, ICTA, UAB.</s>
    <s>› Background Material - Essential Readings</s>
    <s>Schneider, F., Kallis, G., Martinez-Alier, J. (2010). “Crisis or opportunity? Economic degrowth for social equity and ecological sustainability: Introduction to this special issue.” Journal of Cleaner Production 18: 511-518.</s>
    <s>Research &amp; Degrowth (2010). “Degrowth Declaration of the Paris 2008 conference.” Journal of Cleaner Production 18: 523-524.</s>
    <s>Degrowth Declaration Barcelona (2010). Second international Conference on Economic Degrowth for Ecological Sustainability and Social Equity, 26-29 March 2010, Barcelona</s>
    <s>Martínez-Alier, J., Pascual, U., Vivien, F.-D., Zaccai, E. (2010). “Sustainable de-growth: Mapping the context, criticisms and future prospects of an emergent paradigm.” Ecological Economics 69: 1741-1747</s>
    <s>Latouche, S. (2010). “Editorial: Degrowth.” Journal of Cleaner Production 18: 519-522.</s>
    <s>Fournier, V. (2008). “Escaping from the economy: The politics of degrowth.” International Journal of Sociology and Social Policy 28 (11/12): 528-545.</s>
    <s>› Background Material - Secondary Readings (Degrowth sources)</s>
    <s>Ellul, J. (1989). “The search for ethics in a technicist society.” In F. Ferré &amp; C. Mitcham (Eds.) Research in Philosophy &amp; Technology: An Annual Compilation of Research 9 (pp. 23-36). Dordrecht: Kluwer.</s>
    <s>Illich, I. (1973). “Convivial reconstruction.” In I. Illich, Tools for Conviviality. London: Marion Boyar Publishers.</s>
    <s>Odum, E.C. (2004). “ A prosperous way down.” In Ortega, E. &amp; Ulgiati, S. (Eds.) Proceedings of IV Biennial International Workshop “Advances in Energy Studies”. Unicamp, Campinas, SP, Brazil. June 16-19, 2004 (pp.1-10)</s>
    <s>Georgescu-Roegen, N. (1975). “Energy and Economic Myths.” Southern Economic Journal, 41 (3): 347-381.</s>
    <s>Castoriadis, C. (1985) “Reflections on ‘Rationality’ and ‘Development’”. Thesis Eleven, 10/11: 18-36.</s>
    <s>For further correspondence and questions, please contact the workshop coordinator Bengi Akbulut by sending an email: workshop.esee2011@gmail.com.</s>
    <s>ESEE 2011 Advancing Ecological Economics: Theory and Practice</s>
    <s>9th International Conference of the European Society for Ecological Economics June 14-17, 2011, Boğaziçi University, Istanbul</s>
    <s>› HOME PAGE</s>
    <s>› SPECIAL SESSIONS</s>
    <s>› POSTER PRESENTATIONS</s>
    <s>› CONFERENCE INFORMATION</s>
    <s>› OTHER INFORMATION</s>
    <s>› CONTACT</s>
    <s>› ESEE WEBSITE</s>
  </text>
</page>
