<?xml version="1.0" encoding="UTF-8"?>
<!DOCTYPE page SYSTEM "page.dtd">
<page>
  <lang>en</lang>
  <url>http://www.bme.umich.edu/labs/fanlab/publications/erp.php</url>
  <title>The Fan Lab: Editor-Reviewed Proceeding Publications</title>
  <snippet>
    <s>Novel Optical Ring Resonators for Label-free Biodetection, Mid-South Annual Engineering &amp; Sciences Conference (invited talk) (2007). 15. Lab-on-a-Chip </s>
  </snippet>
  <text>
    <s>The Fan Lab</s>
    <s>Home Research Publications Current Members Alumni Teaching News Archives Positions</s>
    <s>Editor-Reviewed Proceeding Publications</s>
    <s>30. Rapid simultaneous detection of Escherichia coli O157:H7 and Salmonella in ground beef by quantum dot labeled antibodies and immunomagnetic separation, IFT Annual Meeting, Anaheim, CA (2009)</s>
    <s>29. Rapid chemical vapor sensing and micro gas chromatography detection using optofluidic ring resonators, MRS Annual Meeting, Boston, MA (2008)</s>
    <s>28. Advances in Optical Ring Resonator Based Bio/Chemical Sensing, The 21st Annual Meeting of The IEEE Lasers &amp; Electro-Optics Society, Newport Beach, CA (2008)</s>
    <s>27. Label-free breast cancer biomarker detection using opto-fluidic ring resonator biosensor, BMES annual meeting 2008 at St. Louis, MO (2008)</s>
    <s>26. Cancer cell detection and analysis with the optofluidic ring resonator (OFRR) biosensor, BMES annual meeting 2008 at St. Louis, MO (2008)</s>
    <s>25. Integration of opto-fluidic microring resonator lasers for lab-on-a-chip development, SPIE Optics and Photonics, San Diego, CA (2008)</s>
    <s>24. Phage-based opto-fluidic ring resonator for label-free biomolecule detection, OSA, Laser Applications to Chemical, Security and Environmental Analysis (2008)</s>
    <s>23. Combining AFM and FRET for studies at the cellular level, SPIE, Photonics West (2008)</s>
    <s>22. Optofluidic ring resonator dye microlasers, SPIE, Photonics West (2008) (invited talk)</s>
    <s>21. Miniaturized opto-fluidic ring resonator for sensitive label-fee viral detection, SPIE, Photonics West (2008)</s>
    <s>20. Development of versatile waveguide-coupled optofluidic micro-ring resonator devices, SPIE, Photonics West (2008)</s>
    <s>19. Label-free DNA detection using liquid core optical ring resonators, SPIE, Optics East (2007)</s>
    <s>18. Demonstration of composite signal enhancement from surface enhanced Raman spectroscopy in a liquid core optical ring resonator, SPIE, Optics East. Proceedings of SPIE Volume 6759 (2007)</s>
    <s>17. Applications of the liquid core optical ring resonator platform, SPIE Optics East (invited talk). Proceedings of SPIE Volume 6757 (2007)</s>
    <s>16. Novel Optical Ring Resonators for Label-free Biodetection, Mid-South Annual Engineering &amp; Sciences Conference (invited talk) (2007)</s>
    <s>15. Lab-on-a-Chip based on the Liquid Core Optical Ring Resonator for DNA Detection, Institute of Biological Engineering Annual Meeting, St. Louis, March 2007 (2007)</s>
    <s>14. Fabrication and characterization of highly stable quantum dots for biosensing applications, Institute of Biological Engineering Annual Meeting, St. Louis, March 2007 (2007)</s>
    <s>13. Lab-on-a-chip bio/chemical sensing system based on the liquid core optical ring resonator, SPIE Defense and Security Conference at Orlando FL 2007 (invited talk)</s>
    <s>12. Capillary electrophoresis with liquid core optical ring resonators, Pittcon' 2007, Chicago, IL,2007 (2007)</s>
    <s>11. Overview of novel integrated optical ring resonator bio/chemical sensors, Proc. SPIE Vol. 6452, 64520M 1-20 (2007) (invited talk)</s>
    <s>10. Demonstration of a liquid core optical ring resonator sensor coupled with an ARROW waveguide array, SPIE, Photonics West, San Jose, 2007</s>
    <s>9. Thermal Characterization of Liquid Core Optical Ring Resonators, IEEE/LEOS Optical MEMS, Montana, 2006</s>
    <s>8. Novel label-free method for real-time flow rate monitoring in a capillary based on liquid core optical ring resonators, 33rd FACSS, Orlando, FL, 2006 (187)</s>
    <s>7. Liquid core optical ring resonator label-free biosensor array for lab-on-a-chip development</s>
    <s>Proc. of SPIE, Volume 6380, 63800F (full length)</s>
    <s>6. Bio/chemical sensors based on liquid core optical ring resonators, Proc. of SPIE, Volume 6223 -- Micro (MEMS) and Nanotechnologies for Space Applications, Orlando, FL 2006</s>
    <s>62230F (full length)</s>
    <s>5. Demonstration of Sub-Femtomole Sensitivity for Small Molecules with Microsphere Ring Resonator Sensors Proc. of SPIE, Volume 6092 -- Ultrasensitive and Single Molecule Detection Technologies, January 2006. (full length)</s>
    <s>4. Aqueous Mercuric Ion Detection with Microsphere Optical Ring Resonator Sensors, Proc. of American Institute of Chemical Engineers Annual Meeting 2005, 563b (2005) (full length)</s>
    <s>3. Refractometric Characterization of Microsphere Resonator Based Optical Sensors</s>
    <s>Proc. of IEEE Sensors 2005, B3L-A.4, 739-741, Irvine, CA 2005 (full length)</s>
    <s>2. Demonstration of Composite Microsphere Cavity and Surface Enhanced Raman Spectroscopy for Improved Sensitivity, Proc. of SPIE, Volume 5994 -- Chemical and Biological Sensors for Industrial and Environmental Security, Arthur J. SedlacekIII, Steven D. Christesen, Roger J. Combs, Tuan Vo-Dinh, Editors, November 2005, 59940G (full length)</s>
    <s>1. Development of Label-Free Microsphere Optical Resonator Bio/Chemical Sensors, Proc. of SPIE, Volume 6004 -- Fiber Optic Sensor Technology and Applications IV, Michael A. Marcus, Brian Culshaw, John P. Dakin, Editors , November 2005, 60040I (full length)</s>
    <s>Top of Page</s>
    <s>(C) Copyright 2010 The Regents of the University of Michigan</s>
    <s>Ann Arbor, MI 48109 USA All Rights Reserved - Non-Discrimination Policy</s>
    <s>fan lab home | Internal Resources | U-m BME gateway | U-M Gateway</s>
  </text>
</page>
