<?xml version="1.0" encoding="UTF-8"?>
<!DOCTYPE page SYSTEM "page.dtd">
<page>
  <lang>en</lang>
  <url>http://www.mostlyquantum.org/%3Fpaged%3D2</url>
  <title>Older ... - Mostly Quantum - Personal Website of Alessandro Fedrizzi</title>
  <snippet>
    <s>The conference session chair. Posted in News on July 25th, 2010 by admin – Be the first to comment The job of a session chair is really not that hard. </s>
  </snippet>
  <text>
    <s>Mostly Quantum</s>
    <s>Personal Website of Alessandro Fedrizzi</s>
    <s>Search for:</s>
    <s>The conference session chair</s>
    <s>Posted in News on July 25th, 2010 by admin - Be the first to comment</s>
    <s>QCMC is over and the physics entourage has moved on to the ICAP conference in Cairns or back home. Watching all those talks has prompted me to share my thoughts on chairing a conference session. Here they are:</s>
    <s>1. Your Speakers</s>
    <s>The job of a session chair is really not that hard. It therefore always puzzles me that some chairs don't know who the speakers in their session are, how to pronounce their names and what they are talking about. So please - memorize the list of speakers and try to talk to them before the session starts. It's a real bonus to know the title instead of awkwardly reading it off the first slide of the presentation. A particularly nice touch would be to actually introduce the speakers, i.e. where they are from, what they are working on, etc.</s>
    <s>2. Question Time</s>
    <s>When a presentation is over the chair usually prompts the audience for questions. If there aren't any, you should try not to embarrass the speaker by repeatedly asking for questions, e.g.: &quot;No questions? Really, no questions? Maybe you there, at the back? Ah, you were just scratching your nose. Well obviously, the talk was clear enough, haha.&quot;.</s>
    <s>Often, the chair will himself come up with a question to fill this dreaded silence from the audience. This is not bad as such, the chair is supposed to be an expert on the session topic after all. However, it should still be a relevant question, which may indeed have come up during the talk. Alternatively, many chairs invent token questions from the title and abstract of the respective talks but these can usually be spotted easily. Also, they can backfire pretty quickly, such as when the speaker doesn't understand your question, asks you to clarify it and therefore exposes that you have no idea (as witnessed at QCMC). So - if you have a good question, ask it. Maybe even ask first , before referring to the audience. That might break the ice. If you don't, just let it go, the next speaker will thank you for the extra 30 seconds.</s>
    <s>Another unnecessary thing is to tell the audience that there is time for &quot;one or two short questions&quot;. A question may be short but the answer might not be. And please, don't interrupt a discussion just because you're one minute late and the coffee is waiting outside. It's not the speaker's fault that he came last in the session. There will always be more coffee and discussions is what a conferences are for.</s>
    <s>3. The Equipment</s>
    <s>Know how to use the presentation hardware. Usually, you will have tech support, but what if you don't? It's therefore a good idea to check with the speakers whether they have all tried out their talks, be it on the conference system or their own computer. Also, have a laser pointer ready if at all possible.</s>
    <s>4. The Audience</s>
    <s>Have you noticed that there is someone in the audience who will have a question, or rather a long and not very relevant comment, for every single speaker? It is within your rights to ignore him.</s>
    <s>Finally, a request to the audience proper. Some speakers knowledge of the conference language does often not extend beyond giving their talk, which is actually quite a brave thing to do. If during the first question it becomes clear that they struggle to understand, please don't go on torturing them.</s>
    <s>These are my thoughts on the topic. A Google search has just unsurprisingly revealed to me that there are excellent guides for Session Chairs on the web. This one here for example.</s>
    <s>Countdown to QCMC 2010</s>
    <s>Posted in News on July 13th, 2010 by admin - 1 Comment</s>
    <s>In 5 days the QCMC 2010 is taking off here in Brisbane. We're looking forward to one week of exciting Science and free coffee.</s>
    <s>Reality Tests</s>
    <s>Posted in News on July 13th, 2010 by admin - Be the first to comment</s>
    <s>Th French magazine &quot; Pour la Science &quot; has just reprinted the 2008 Seed magazine article &quot;The Reality Tests&quot; on our Vienna Leggett inequality experiments.</s>
    <s>The original experiment on a violation of the Leggett inequality by Simon Groeblacher and colleagues garnered a lot of attention. My modest contribution was to perform more conclusive measurements for an inequality with less assumptions.</s>
    <s>The actual implications of these experiments are a little blown out of proportion by the Seed magazine article. They have however sparked a lot of additional interest in research of the foundations of quantum mechanics beyond Bell inequalities. Most proficient have been the folks in Switzerland and Singapore, who picked up on Simon's paper with amazing speed and then almost beat us to the second experiment, which we ended up publishing back-to-back. It didn't take them long to then work out an improved version of Leggett's inequality which they published in Nature Physics . Lead author was Cyril Branciard, who is now a colleague of mine in Brisbane and has helped Pour la Science translate the Seed magazine article into French. Thus closes the circle.</s>
    <s>UPS Quantum View</s>
    <s>Posted in News on May 13th, 2010 by admin - Be the first to comment</s>
    <s>Here's another entry in the list of bizarre uses for the word quantum . I'm eagerly awaiting a UPS delivery and was quite surprised to find that they offer a &quot;Quantum View&quot;:</s>
    <s>UPS Quantum View</s>
    <s>It even sports a &quot;visibility&quot;, which means it has to be good!</s>
    <s>Microsoft Random Walks</s>
    <s>Posted in News on May 7th, 2010 by admin - Be the first to comment</s>
    <s>I'm in the process of preparing a talk on our recent quantum walk paper. On the search for inspiration for an introduction to the topic, I was looking for an image to explain (classic) random walks. Google's image search did a reasonable job, returning these images as the first three results:</s>
    <s>Google Image search Result 1</s>
    <s>Google Image search result 2</s>
    <s>Google Image search result 3</s>
    <s>Decent enough, but not exactly what I was looking for. So I turned to Bing, Microsoft's rebranded Google competitor. This is the number 1 search result</s>
    <s>Microsoft's idea of a random walk</s>
    <s>Seriously, Microsoft? Apparently there is a manga called &quot;Random Walk&quot;. The first page of Bing's results is full of these. Interestingly, Google does actually also bring this up among the results but far less frequent and you can (somewhat bizarrely) filter it out if you turn &quot;safe search&quot; on, something which failed for Bing.</s>
    <s>The second Bing hit is actually related to what I was looking for, but let's see what else Microsoft has to offer:</s>
    <s>Well, that's it for me, back to Google.</s>
    <s>Quantum Technology Lab 2010</s>
    <s>Posted in News on April 18th, 2010 by admin - 4 Comments</s>
    <s>Our lab has had a good start into the year. First, our paper &quot;Towards quantum chemistry on a quantum computer&quot; appeared in Nature Chemistry . This work has received quite a lot of media attention, as chronicled by our lab website.</s>
    <s>A short time later, we published an experiment on quantum control, &quot;Experimental feedback control of quantum systems using weak measurements&quot;, in the venerable Physical Review Letters (PRL) .</s>
    <s>Now, our more recent work, &quot;Single-photon quantum walks with tunable decoherence&quot; has gone live, also in PRL , congratulations to Matt on his first first-author paper during his PhD</s>
    <s>Our quantum walk implementation. For the photo, Matt used a coherent He-Ne laser, in the actual experiment we used heralded single-photons.</s>
    <s>The photo on the right shows a few steps of our experiment. One step of the discrete quantum walk on a line consists of two operations - a coin operator, which controls the state of the quantum coin, and a shift operator, which acts on the quantum coin depending on its state. In our walk, we encoded the coin into the polarization of single photons. The coin operators are simple wave-plates, and the shift operators are calcite beam-displacers. One can clearly see how the beam displacer on the bottom right shifts the incoming beams and essentially adds one additional optical mode to the walk.</s>
    <s>Climate Lunatics</s>
    <s>Posted in News on March 24th, 2010 by admin - Be the first to comment</s>
    <s>George Monbiot has published an excellent article on deniers of man-made climate-change, &quot;The Unpersuadables&quot;.</s>
    <s>I myself like to occasionally spend some time in my local newspaper forums to convince people that climate change is both real and--at least partly--man-made. Maybe this exercise is futile; someone will always be wrong on the internet. But in the process I learned a lot about climate science myself and my scientific communication skills are almost certainly improving.</s>
    <s>It is certainly true that one can arrange factual evidence in piles as high as a mountain and people will still not be swayed in their opinions, dismissing the &quot;so-called scientific evidence&quot; with further, unrelated and equally flawed arguments.</s>
    <s>I do not think, however, that open access, for example to scientific journals dedicated to climate research, will change that at all. People want simple facts and often tell me that &quot;there is no single piece of evidence which proves that climate change is man-made&quot;. If you point them to climate blogs, such as the excellent www.climateprogress.org, which is written by a physicist who often reviews new scientific results and excerpts them in a way understandable to the public, they will reject it as being part of the big climate conspiracy. If you point them directly to the underlying scientific literature, they will say they cannot be expected to dig through pages of pages of this gobbledegook (I can't blame them, in fact. Even scientists from related fields will find it hard to follow a 4-page paper on global climate modeling). And anyway, why are they pointed to 100 different papers, when all they want is a single piece of evidence .</s>
    <s>So what's the solution then? First of all, I don't think scientists are required to convince anyone of their results. We are not the public's nanny. People, in the end, can be expected to take some responsibility on their own. Second, even if we tried, scientists will, on average, never be big communicators; rumor has it that the percentage of physicists with Asperger syndrome is far above the population's mean level. It is therefore the job of politicians, who are usually not scientists but can be expected to understand the results of climate science, to convey the scientific message and to rein in media who are way too eager to present scientists and mis-informers on an equal footing.</s>
    <s>My strategy from here on will be to answer well-meaning doubters and help them sieve through misinformation. The Unpersuadables, which are easy to identify, will from now on be confronted with the following question: In 50 years, when our heirs will be dealing with the dire consequences of today's action or inaction, which group will you have belonged to: Group 1, those who faced the scientific facts, took responsibility for their actions and tried their best to limit global warming to a level we can deal with? Or group 2, those who donned tin-foil hats and with froth around their mouths fantasized about a global conspiracy of scientists and governments who, with a mountain of carefully falsified data, tried to put up a wind turbine in their garden?</s>
    <s>Science - just mumbo-jumbo?</s>
    <s>Posted in News on March 2nd, 2010 by admin - Be the first to comment</s>
    <s>Yesterday, I watched the second part of the BBC's &quot;The race for absolute zero&quot;, a 2007 documentary on the quest to reach zero temperature. I'm a big fan of the BBC and it's documentaries and can thoroughly recommend &quot;Absolute Zero&quot;, which features eminent scientists such as Eric Cornell, Carl Wieman and Wolfgang Ketterle, who shared the 2001 physics Nobel prize for creating the first Bose-Einstein condensates (BEC). However, three quarters into the documentary, when BECs had finally been demonstrated in the lab, the following sentence came up:</s>
    <s>&quot;At last, quantum mechanics was more than just theoretical mumbo-jumbo&quot;.</s>
    <s>A surprising statement. Surely, quantum mechanics hadn't been &quot;mumbo-jumbo&quot; at any time before, especially not as late as 1995!</s>
    <s>I'll put it down to sloppy writing, with the intention to be witty. A more suspicious mind could conceive that the writers were trying to (sub-) consciously appeal to a less scientific minded crowd. But is that really necessary in a scientific documentary, dedicated to explaining ultra-cold temperatures, by the most reputable broadcast company in the world?</s>
    <s>It is easy for the scientific community to overlook these things. At least it was a documentary on science , right? Some of us were on TV , weren't they? Did you see me, Mum, all those years were not in vainBut on the other hand it's those little things which creep into the public's minds and later, when it counts, make it near impossible to discuss important matters such as global warming. After all, the scientific &quot;facts&quot; behind that could just be more &quot;theoretic mumbo-jumbo&quot;.</s>
    <s>Single-photon quantum walks</s>
    <s>Posted in News on March 1st, 2010 by admin - 1 Comment</s>
    <s>We have just added a paper to the growing collection of experimental implementations of quantum walks. Quantum walks are the quantum analogue of random walks in the classical world. The theory of quantum walks has long been established, but only last year saw a number of decent experimental realizations, with neutral atoms, ions (here and here) and, of course, photons.</s>
    <s>What makes our quantum walk special is that we can control the amount of decoherence in the walk. Decoherence, i.e. loss of coherence in the quantum system by interaction with the environment, is at the heart of many of the quantum protocols and biological processes that have partly spurred this renewed interest in quantum walks. We expect to use our new toy for a number of experiments on these phenomena in the near future.</s>
    <s>EDIT: The paper has now been published in PRL .</s>
    <s>Information Complementarity</s>
    <s>Posted in News on February 15th, 2010 by admin - 1 Comment</s>
    <s>I have a new paper, &quot;Information complementarity in quantum physics&quot; on the ArXiv preprint server. We studied the distribution of information in a whole zoo of pure and mixed two-photon quantum states and demonstrate experimentally that local information is complementary to information stored in correlations .</s>
    <s>The paper contains the probably most extensive range of experimentally created two-photon quantum states so far and a number of insights about bipartite complementarity that were previously not widely known. Most of the experimental work was done by Bojan Skerlak, a Swiss student (and surf-tourist extraordinaire) from ETH who decided to do his master's thesis here in Queensland. The theory was heavily influenced by Tomasz Paterek.</s>
    <s>« Older Entries</s>
    <s>Newer Entries »</s>
    <s>Subscribe: Entries | Comments</s>
    <s>You are currently browsing the Mostly Quantum blog archives.</s>
    <s>July 2011</s>
    <s>May 2011</s>
    <s>March 2011</s>
    <s>February 2011</s>
    <s>January 2011</s>
    <s>November 2010</s>
    <s>August 2010</s>
    <s>July 2010</s>
    <s>May 2010</s>
    <s>April 2010</s>
    <s>March 2010</s>
    <s>February 2010</s>
    <s>December 2009</s>
    <s>November 2009</s>
    <s>October 2009</s>
    <s>August 2009</s>
    <s>Cosmic Variance</s>
    <s>Life as a Physicist</s>
    <s>The ArXiv Blog</s>
    <s>The Great Beyond</s>
    <s>The Hammock Physicist</s>
    <s>The Quantum Pontiff</s>
    <s>Quantum Optics, Quantum Nanophysics, Quantum Information</s>
    <s>UQ Quantum Technology Lab</s>
    <s>Log in</s>
    <s>Valid XHTML</s>
    <s>(C) 2011. Mostly Quantum. All rights reserved. Powered by WordPress &amp; SimpleX theme.</s>
    <s>*XHTML: eXtensible HyperText Markup Language</s>
    <s>*XFN: XHTML Friends Network</s>
  </text>
</page>
