<?xml version="1.0" encoding="UTF-8"?>
<!DOCTYPE page SYSTEM "page.dtd">
<page>
  <lang>en</lang>
  <url>http://www.uneecc.org/</url>
  <title>Welcome page - UNEECC</title>
  <snippet>
    <s>The conference will be hosted by Lessius University College. The conference focuses and culture in Crisis 17.00 – 18.00 Coffee Break and Press Conference </s>
  </snippet>
  <text>
    <s>UNIVERSITY NETWORK</s>
    <s>OF THE</s>
    <s>EUROPEAN CAPITALS OF CULTURE</s>
    <s>Contact Us</s>
    <s>Welcome page</s>
    <s>About UNEECC</s>
    <s>Board Members</s>
    <s>Conference Archive</s>
    <s>Archive News</s>
    <s>Member Universities' Events</s>
    <s>V. General Assembly and Conference in Antwerp</s>
    <s>Registration info</s>
    <s>Registration form</s>
    <s>Hotel information</s>
    <s>Lessius University College</s>
    <s>City of Antwerp</s>
    <s>Getting to the Venue</s>
    <s>Member Universities/ Institutions</s>
    <s>Application for membership</s>
    <s>Membership form</s>
    <s>Membership fee</s>
    <s>Press Room</s>
    <s>European Capitals of Culture Programme</s>
    <s>Programme offices</s>
    <s>Image Gallery</s>
    <s>Welcome page</s>
    <s>The University Network of the European Capitals of Culture will hold its</s>
    <s>V. UNeECC Annual Conference</s>
    <s>‘Culture in/and Crisis’</s>
    <s>on 27-28 October, 2011 in Antwerp, Belgium</s>
    <s>The conference will be hosted by Lessius University College.</s>
    <s>The conference focuses on the following two major themes:</s>
    <s>1. Culture in/and Crisis?</s>
    <s>2. European Capitals of Culture in/and Crisis?</s>
    <s>To register, please click here</s>
    <s>Preliminary Programme</s>
    <s>Thursday 27 October 2011</s>
    <s>Venue: Campus Sint Andries, Sint-Andriesstraat 2</s>
    <s>8.30 – 9.30 Registration</s>
    <s>9.30 – 11.00 Parallel Sessions I.</s>
    <s>Session A: Culture in/and Crisis</s>
    <s>Venue: Room STA 1.33</s>
    <s>Chair: Carole Gueret, Vice-Rector in charge of International Cooperation, Director of the International Office of the University of Avignon</s>
    <s>- Danijel Rebolj, University of Maribor, Maribor: Out of the box University</s>
    <s>- Marc Delbarge, Lessius University College, Antwerp: Culture in crisis: because of Babel or monolingualism?</s>
    <s>- François Carbon, University of Luxembourg, Luxembourg: Living Culture in the University - Developing Citizens of the world. Review Transatlantic Dialogue Luxembourg Focus Way of life</s>
    <s>- Violaine Hacker, Paris Sorbonne University and 'Think tank Europe Creative', Paris: Medias Services and Culture in the Globalization: Quixotic and paradoxical choices facing the discursive democracy</s>
    <s>Session B: ECC in/and Crisis</s>
    <s>Venue: Room STA 2.10</s>
    <s>Chair: Bill Chambers, Emeritus Pro Vice-Chancellor, Liverpool Hope University</s>
    <s>- Nicole L. Immler, University Utrecht, Utrecht: ECOC - Redefining the Role of Culture? From Identity-Discourse towards Value-Discourse</s>
    <s>- Peter Campbell, University of Liverpool, Liverpool: Creative Industries in a European Capital of Culture</s>
    <s>- Anestis D. Mantatzis, London School of Economics, London: Thessaloniki ’97 European Capitals of Culture as an establishing Mechanism of elite partnerships and coalitions for development: Towards a regime approach?</s>
    <s>- Graziella Vella, Valletta 2018 – European Capital of Culture Office, Valetta: The Development of Un/Sustainable Cultural Infrastructure for Mega-Events: Towards Valletta 2018.</s>
    <s>11.00 – 11.30 Coffee Break</s>
    <s>11.30 – 13.00 Parallel Sessions II.</s>
    <s>Session A: Culture in/and Crisis</s>
    <s>Venue: Room STA 1.33</s>
    <s>Chair: Angela O’Neill, Director of Communications and Languages of the College of Europe, Bruges and Warsaw</s>
    <s>- Jo Bastiaens, Lessius University College, Antwerp: ‘Human capital’ in higher education: the potential returns of more cultural diversity</s>
    <s>- Szabolcs Zalay, Leőwey Klára Secondary School, Pécs: With Holistic Pedagogic View Against the Crisis</s>
    <s>- Gyöngyi Pozsgai - Tímea Németh, University of Pécs, Pécs: The role of creating a multicultural university environment in the era of crisis</s>
    <s>Session B: ECC in/and Crisis</s>
    <s>Venue: Room STA 2.10</s>
    <s>Chair: Krystyna Koziec, Vice-Rector for Research and International Relations of the Agricultural University in Krakow</s>
    <s>- Alexandra Appleton, University of Liverpool, LIverpool: An Eighteenth Century Capital of Culture? An examination of Liverpool’s historical battle to prove its cultural value</s>
    <s>- Astrid Huopalainen, Nina Kivinen, Mika Mard, Alf Rehn &amp; Jutta Tailas, Abo Akademi University, Abo: Cultural Capitals and Expectation Management – Solution To A Crisis Or A Crisis In Itself? The Case of Turku 2011</s>
    <s>- Boris Grésillon - Marie-Hélene Poggi - Jean-Christophe Sevin, University of Provance, University of Avignon, School for Advanced Studies in the Social Sciences, Avignon, Paris: Marseille: City and European Capital of Culture in/and crisis</s>
    <s>- Tatiana Stoitchkova, South-West University, Blagoevgrad: Arts funding vs. fundamental values and meanings – a dilemma in cultural policy</s>
    <s>13.00 – 14.30 Lunch</s>
    <s>14.30 - 16.00. Parallel Sessions IV.</s>
    <s>Session A: Culture in/and Crisis</s>
    <s>Venue: Room STA 1.33</s>
    <s>Chair: Rodica Miclea Ofelia, Prorector of the &quot;Lucian Blaga&quot; University of Sibiu</s>
    <s>- Ineta Luka - Janis Eriks Niedritis, Turiba University, Riga: The enhancement of prospective managers’ cultural awareness in business related studies</s>
    <s>- Ákos Tóth, Kecskemét College, Kecskemét: The transition in the state’s role in cultural financing caused by the financial crisis</s>
    <s>- Sarah Zalfen, Max Planck Institute for Human Development, Berlin: Operatic Crises? Cultural strategies to deal with a transformation of the state</s>
    <s>Session B: ECC in/and Crisis</s>
    <s>Venue: Room STA 2.10</s>
    <s>Chair: László I. Komlósi, Vice Rector of the University of Pécs</s>
    <s>- Jurate Černevičiute, Vilnius Gediminas Technical University, Vilnius: In searching of Vilnius identity: between arts and business</s>
    <s>- Tuuli Lähdesmäki, University of Jyväskylä, Jyväskylä: Contested Identity Politics in the European Capital Culture Program: comparison between the EU policy objectives and the reception of the program in Pécs2010</s>
    <s>- Hatto Fischer, Poiein kai Prattein – Non Profit Urban Society, Athens: ECoC and culture in Crisis</s>
    <s>17.00 – 18.00 Coffee Break and Press Conference</s>
    <s>18.00 – 19.30 Opening Ceremony and Reception</s>
    <s>Venue: Conference Hall STA 00.38</s>
    <s>Moderator: Wim Coudenys, Head of the International Office of the Lessius University College</s>
    <s>1. Plenary address by Flora Carrijn, President of UNeECC</s>
    <s>2. Plenary address by József Bódis, Rector of the University of Pécs</s>
    <s>3. Plenary address by Gabriel Fragniere, Chairman of the ’Europe of Cultures Forum’ and former Rector of the College of Europe: ’Can we get European Cultures out of Crisis?’</s>
    <s>4. Plenary address by Frans Van Daele</s>
    <s>20.00. Gala Dinner (optional upon registration)</s>
    <s>Venue: Flamant Dining, Lange Gasthuisstraat 12</s>
    <s>Friday 28 October 2011</s>
    <s>9.30 – 11.00 Parallel Sessions IV.</s>
    <s>Session A: Culture in/and Crisis</s>
    <s>Venue: Room STA 1.33</s>
    <s>Chair: Bill Chambers, Emeritus Pro Vice-Chancellor, Liverpool Hope University</s>
    <s>- Dimitri Goossens, Vrije Universiteit, Brussels: The ugliness and savagery of imagery in popular culture and art: the crisis of beauty in art and popular image as a manifestation of our western culture in crisis?</s>
    <s>- Ion M. Tomus, ’Lucian Blaga University’, Sibiu: A Case Study: Performing Arts in Sibiu European Capital of Culture, 2007</s>
    <s>- Vladimiras Grazulis - Andrius Valickas: Cultural dimension of career development (the Lithuanian case), Mykolas Romeris University, Vilnius</s>
    <s>Session B: ECC in/and Crisis</s>
    <s>Venue: Room STA 2.10</s>
    <s>Chair: Rodica Miclea Ofelia, Prorector of the &quot;Lucian Blaga&quot; University of Sibiu</s>
    <s>- Georg Friedrich Simet, Neuss University for International Business, Neuss: Possibilities of the ECoC Programme to strengthen European Identity – Istanbul’s ‘Civil Society Dialogue’ as Paradigm</s>
    <s>- Andrea Schmidt, University of Pécs, Pécs: Success of failure? The economic crisis and its influence on Pécs 2010</s>
    <s>- Domenico Crisafulli, University of Messina, Messina: European culture and the two capitals</s>
    <s>11.00 – 11.30 Coffee Break</s>
    <s>11.30 – 13.00 Parallel Sessions V.</s>
    <s>Session A: Culture in/and Crisis</s>
    <s>Venue: Room STA 1.33</s>
    <s>Chair: Krystyna Koziec, Vice-Rector for Research and International Relations of the Agricultural University in Krakow</s>
    <s>- Pavelescu Lucia-Marilena, ’Lucian Blaga’ University Sibiu, Sibiu: Training Teacher-Mentors in Secondary Schools. A European funded Human Resources Development Project</s>
    <s>- Krisztina László, University of Pécs, Pécs: The cultural industry of the EU in the light of the economic crisis</s>
    <s>- Gunilla de Graef, Lessius University College, Antwerp: Culture through crisis: conflict management skills as an essential part of intercultural competence</s>
    <s>Session B: ECC in/and Crisis</s>
    <s>Venue: Room STA 2.10</s>
    <s>Chair: Angela O’Neill, Director of Communications and Languages of the College of Europe, Bruges and Warsaw</s>
    <s>- Maja Lamza-Maronić - Jerko Glavaš - Igor Mavrin, Josip Juraj Strossmayer University in Osijek, Osijek: European Capital of Culture – From organizational crisis to the new model of cultural management in SE Europe</s>
    <s>- Tamara Rátz, Kodolányi János University of Applied Sciences, Székesfehérvár: European? Capital? of Culture? A Comparative Analysis of the Images of Pécs, Essen and Istanbul</s>
    <s>- Vesselina Dimitrova - Stanislava Genkova, Varna Municipality for ECoC, Varna: From local to European identity- case study of Varna, city candidate for ECoC in 2019</s>
    <s>13.00 – 14.00 Lunch</s>
    <s>14.00 – 15.15 Parallel Sessions VI.</s>
    <s>Session A: Culture in/and Crisis</s>
    <s>Venue: Room STA 1.33</s>
    <s>Chair: Carole Gueret, Vice-Rector in charge of International Cooperation, Director of the International Office of the University of Avignon</s>
    <s>- Renata Kurpiewska-Korbut, Jagiellonian University, Cracow: Cultural policy at the local level in Turkey</s>
    <s>- Witold Ostafinski, The Pontifical University of John Paul II in Cracow, Cracow: Is there a link between ‘culture’ and ‘cultured’ behaviour? Can art save the world?</s>
    <s>- Silvia Florea, Lucian Blaga University of Sibiu, Sibiu: Bringing Education and Culture together: on the role and mission of a UNESCO Chair in a UNeECC University</s>
    <s>15.15 – 15.45 Coffee Break</s>
    <s>15.45 – 16.45 Conference Conclusions</s>
    <s>Venue: Conference Hall STA 00.38</s>
    <s>Moderator: László I. Komlósi, Vice Rector of the University of Pécs</s>
    <s>18.30 Reception given by the Mayor of City Antwerp</s>
    <s>Venue: City Hall, Grote Markt 1</s>
    <s>Saturday 29 October 2011</s>
    <s>10:00 – 13.00 **City tour &amp; visit to MAS (Museum on the Stream) (optional upon registration)</s>
    <s>TRANSATLANTIC DIALOGUE … a point of view</s>
    <s>“Living Culture in the University – Developing Citizens of the World”</s>
    <s>was held on 25-27 May 2011, Luxembourg</s>
    <s>Result of the Videography Workshop leaded by Matthew Chilelli*</s>
    <s>Link: http://dc99.4shared.com/download/2diMFcHB/TAD promo.mov?tsid=20111010-054734-f11540</s>
    <s>Dear All,</s>
    <s>we are pleased to inform you that III. UNeECC Forum, Proceedings of the 4th Annual Conference of the University Network of the European Capitals of Culture has been published.</s>
    <s>The proceedings is available on the website in a pdf format. **To download III. UNeECC Forum please click here (cover) and here (text).</s>
    <s>Dear All,</s>
    <s>we are pleased to inform you that I. UNeECC Forum, Proceedings of the 2nd Annual Conference of the University Network of the European Capitals of Culture has been published.</s>
    <s>The proceedings is available on the website in a pdf format. To download I. UNeECC Forum please click here (cover) and here (text).*</s>
    <s>Join the University Network of the European Capitals of Culture on Facebook</s>
    <s>Join the University Network of the European Capitals of Culture on LinkedIn!</s>
    <s>About UNEECC</s>
    <s>The University Network of the European Capitals of Culture (UNeECC), an international non-profit ass ociation, was founded in Péécs Hungary in December 2006, by 15 founding members.</s>
    <s>The creation of UNeECC originates from the idea that it would be useful for Universities and establishments of Higher Education based in European Capitals of Culture to use this well known and prestigious European institution to stimulate new forms of academic and educational institutional collaboration.</s>
    <s>Read more about UNeECC</s>
    <s>!European Capital of Culture</s>
    <s>The European Capital of Culture is a city designated by the European Union for a period of one year during which it is given a chance to showcase its cultural life and cultural development. A number of European cities have used the City of Culture year to transform completely their cultural base and, in doing so, the way in which they are viewed internationally.</s>
    <s>Read more about ECC</s>
    <s>!MarkCon 2007</s>
  </text>
</page>
