<?xml version="1.0" encoding="UTF-8"?>
<!DOCTYPE page SYSTEM "page.dtd">
<page>
  <lang>en</lang>
  <url>http://www.faseb.org/LinkClick.aspx%3Flink%3D511%26tabid%3D1078</url>
  <title>Fees &amp; Payment</title>
  <snippet>
    <s>The fee also covers the scientific sessions for the participant only. Guests are not permitted to attend the conference lectures, discussion groups or poster </s>
  </snippet>
  <text>
    <s>Quality Life Through Research</s>
    <s>We Are</s>
    <s>We Do</s>
    <s>Summer Research</s>
    <s>Management Services</s>
    <s>Policy &amp;</s>
    <s>Government Affairs</s>
    <s>News &amp;</s>
    <s>MARC &amp; Professional</s>
    <s>About FASEB SRC</s>
    <s>Locations, Lodging, &amp; Travel</s>
    <s>For Attendees, Invited Speakers, &amp; Session Chairs</s>
    <s>Apply &amp; Register</s>
    <s>Abstracts Submission &amp; Formatting</s>
    <s>Awards &amp; Travel Grants</s>
    <s>Fees &amp; Payment</s>
    <s>Registration Fees</s>
    <s>Accommodation Descriptions</s>
    <s>Payment Information</s>
    <s>Other Fees</s>
    <s>Attendee Poster Info</s>
    <s>Invited Speakers</s>
    <s>Invited Speaker Reimbursement Info</s>
    <s>Important Forms</s>
    <s>General Information</s>
    <s>Interact, Network, Follow</s>
    <s>For Organizers</s>
    <s>Submit a Proposal</s>
    <s>Support an SRC</s>
    <s>Fees &amp; Payment</s>
    <s>Deadlines &amp; Policies</s>
    <s>Other Important Information</s>
    <s>FASEB Managed Meetings</s>
    <s>Home &gt; For Attendees, Invited Speakers, &amp; Session Chairs &gt; Fees &amp; Payment</s>
    <s>Fees and Payment</s>
    <s>Fees &amp; Payment</s>
    <s>In order for FASEB to secure reasonable pricing for the Summer Research Conferences we have to enter into agreements that have specific obligations. One of which is guaranteeing the venues a certain number of rooms each night of the conference. FASEB is required to pay for 5 nights of lodging (Sunday night through Thursday night) at each venue regardless as to the number of nights the participant chooses to stay at the conference. Because of this, we are not able to prorate or discount the registration fee nor are we able to transfer unused room nights for any extra night of lodging needed outside of the official conference dates. FASEB is also not able to pay for early arrivals or late check-outs.</s>
    <s>All conference participants are responsible to pay for all extra nights of lodging outside of the official conference dates and all of their incidental charges (internet fees, room service, phone calls, in-room movies, mini bar, etc.).</s>
    <s>For additional information, please contact the FASEB SRC Office.</s>
    <s>Registration Fees</s>
    <s>2011 Registration Fees</s>
    <s>Single Deluxe:</s>
    <s>Double Deluxe:</s>
    <s>Double w/Guest:</s>
    <s>Double Deluxe w/Guest:</s>
    <s>Please click here for deadline dates</s>
    <s>Accommodation Description</s>
    <s>Accommodation Descriptions</s>
    <s>Single Occupancy Fee:</s>
    <s>One (1) registered conference participant to a room.</s>
    <s>The Single Occupancy Fee covers 5 nights of lodging (Sunday through Thursday night, check-out on Friday morning), meals, and the scientific session fee.</s>
    <s>Single occupancy rooms are limited and are on a first come/first serve basis.</s>
    <s>Single Occupancy Deluxe Fee (Snowmass Village Only):</s>
    <s>One (1) registered conference participant to a room.</s>
    <s>The Single Occupancy Deluxe Fee covers 5 nights of lodging (Sunday through Thursday night, check-out on Friday morning), meals, and the scientific session fee.</s>
    <s>Single occupancy deluxe rooms are limited and are on a first come/first serve basis. Deluxe accommodations include a condominium located at the new Base Village a few steps away from the conference center and new dining and retail venues. Amenities included are: private outdoor decks and/or balconies, central cooking and heating, flat screen TVs &amp; DVD players, energy efficient front load washer/dryers, complimentary high speed internet, full service concierge, 24 hour fitness facility, lounge with TVs, pool table and hot tubs, complimentary access to the Snowmass Club and club amenities, and a welcome amenity.</s>
    <s>Double Occupancy Fee:</s>
    <s>Two (2) registered conference participants sharing one room.</s>
    <s>The Double Occupancy Fee covers 5 nights of lodging (Sunday through Thursday night, check-out on Friday morning), meals, and the scientific session fee per person.</s>
    <s>Double Occupancy Deluxe Fee (Snowmass Village Only):</s>
    <s>Two (2) registered conference participants sharing one room.</s>
    <s>The Double Occupancy Deluxe Fee covers 5 nights of lodging (Sunday through Thursday night, check-out on Friday morning), meals, and the scientific session fee per person.</s>
    <s>Deluxe accommodations include a condominium located at the new Base Village a few steps away from the conference center and new dining and retail venues. Amenities included are: private outdoor decks and/or balconies, central cooking and heating, flat screen TVs &amp; DVD players, energy efficient front load washer/dryers, complimentary high speed internet, full service concierge, 24 hour fitness facility, lounge with TVs, pool table and hot tubs, complimentary access to the Snowmass Club and club amenities, and a welcome amenity for each guest.</s>
    <s>Double Occupancy with Guest Fee:</s>
    <s>One (1) registered conference participant and one (1) guest sharing one room.</s>
    <s>The Double Occupancy with Guest Fee covers 5 nights of lodging (Sunday through Thursday night, check-out on Friday morning), and meals for both the conference participant and guest. The fee also covers the scientific sessions for the participant only. Guests are not permitted to attend the conference lectures, discussion groups or poster sessions.</s>
    <s>Double Occupancy Deluxe with Guest Fee (Snowmass Village Only):</s>
    <s>One (1) registered conference participant and one (1) guest sharing one room.</s>
    <s>The Double Occupancy Deluxe with Guest Fee covers 5 nights of lodging (Sunday through Thursday night, check-out on Friday morning), and meals for both the conference participant and guest. The fee also covers the scientific sessions for the participant only. Guests are not permitted to attend the conference lectures, discussion groups or poster sessions.</s>
    <s>Deluxe accommodations include a condominium located at the new Base Village a few steps away from the conference center and new dining and retail venues. Amenities included are: private outdoor decks and/or balconies, central cooking and heating, flat screen TVs &amp; DVD players, energy efficient front load washer/dryers, complimentary high speed internet, full service concierge, 24 hour fitness facility, lounge with TVs, pool table and hot tubs, complimentary access to the Snowmass Club and club amenities, and a welcome amenity for each guest.</s>
    <s>Off-Site Fee:</s>
    <s>The participant is responsible for making and paying for their own lodging.</s>
    <s>The off-site fee covers all group meals and the fee to attend the scientific sessions for the particpant ONLY.</s>
    <s>Payment Information</s>
    <s>Payment Information</s>
    <s>We accept Visa, MasterCard, and American Express. Checks, wire transfers and purchase orders are not accepted. Please click here to view our Payment Policy.</s>
    <s>Other Fees</s>
    <s>Other Fees</s>
    <s>The registration fee to attend a Summer Research Conference is all inclusive (lodging - if applicable, meals, and the scientific session fee) however this is a possibility of other additional fees that may apply. Below is a list of other fees that could be relevant to your participation.</s>
    <s>Payment Change Fee: $25 ( Payment Policy )</s>
    <s>Cancellation Fee: $100 ( Cancellation Policy )</s>
    <s>Continuing Medical Education (CME) Credits: $45 ( CME Application )</s>
    <s>Vermont Shuttle to/from Boston Logan Airport and Vermont Academy: $55 (one way).</s>
    <s>Reservations are required for the shuttle.</s>
    <s>Please click here to download a reservation form if necessary.</s>
    <s>Interact, Network, Follow: !!!!</s>
  </text>
</page>
