<?xml version="1.0" encoding="UTF-8"?>
<!DOCTYPE page SYSTEM "page.dtd">
<page>
  <lang>en</lang>
  <url>http://www.visweek.org/visweek/2011/info/call-participation/posters</url>
  <title>Posters | Visweek 2011</title>
  <snippet>
    <s>All authors will receive reviews of their submission explaining the decision and The chairs of each conference will award a &#39;Best Poster&#39; prize to the authors of </s>
  </snippet>
  <text>
    <s>Username: *</s>
    <s>Password: *</s>
    <s>RegisterGet new password</s>
    <s>Log In | Register Close Panel</s>
    <s>Welcome to VisWeek 2011!</s>
    <s>5days until</s>
    <s>visweek 2011</s>
    <s>1. VisInfoVisVAST</s>
    <s>VisWeek Sessions</s>
    <s>1. Keynote and Capstone</s>
    <s>2. Papers</s>
    <s>3. VisInfoVisVASTTVCG</s>
    <s>4. Posters</s>
    <s>5. Contest &amp; Challenge</s>
    <s>6. VisVAST</s>
    <s>7. Panels</s>
    <s>8. Tutorials</s>
    <s>9. Workshops</s>
    <s>10. BOF meetings</s>
    <s>Supporters and Exhibition</s>
    <s>Conference Registration</s>
    <s>Travel and Hotel</s>
    <s>1. Hotel Reservations</s>
    <s>2. Visa Assistance</s>
    <s>3. Conference Venue</s>
    <s>4. Travel Arrangements</s>
    <s>5. Restaurants and Bars</s>
    <s>Student Volunteers</s>
    <s>Professional's Compass</s>
    <s>Participant Information</s>
    <s>1. Authors</s>
    <s>2. Poster Presenters</s>
    <s>3. Session Chairs</s>
    <s>Call for Participation</s>
    <s>1. Papers</s>
    <s>2. VisInfoVisVAST</s>
    <s>3. Posters</s>
    <s>4. Contests &amp; Challenge</s>
    <s>5. VisVASTBIOVIS</s>
    <s>6. Panels</s>
    <s>7. Tutorials</s>
    <s>8. Workshops</s>
    <s>9. Doctoral Colloquium</s>
    <s>10. Discovery Exhibition</s>
    <s>11. Art Show</s>
    <s>12. BOF meetings</s>
    <s>Collocated Symposia</s>
    <s>1. IEEE LDAV 2011</s>
    <s>2. IEEE BIOVIS 2011</s>
    <s>1. Conference Committee</s>
    <s>2. Executive Committee</s>
    <s>3. Program Committees</s>
    <s>4. VisInfoVisVAST</s>
    <s>5. Steering Committees</s>
    <s>6. VisInfoVisVAST</s>
    <s>VisWeek Survey</s>
    <s>Email Us</s>
    <s>Previous Years</s>
    <s>The VisWeek 2011 Posters program offers a timely venue to present and discuss new visualization research through a forum that encourages graphical presentation, demonstration and active engagement with VisWeek participants.</s>
    <s>In addition to a poster being displayed throughout VisWeek:</s>
    <s>a two-page summary of your work will be published in the electronic Conference Proceedings.</s>
    <s>interactive poster sessions will provide a forum for presenting your work and discussing new ideas with your peers.</s>
    <s>a plenary fast-forward session will give you an opportunity to promote your work.</s>
    <s>Examples of appropriate visualization work include, but are not limited to:</s>
    <s>research exploring new problems or areas,</s>
    <s>the results of student or pilot projects,</s>
    <s>new angles on existing (collections of) work or known data sets,</s>
    <s>work in progress presented prior to its full publication, and</s>
    <s>any work that might particularly benefit from demonstration to and active discussion with the visualization community.</s>
    <s>Case studies in all application areas are welcome.</s>
    <s>We particularly encourage contributions that take advantage of the nature of the poster space and forum to present and raise awareness of the work in effective and imaginative ways.</s>
    <s>INFORMATION FOR AUTHORS</s>
    <s>Visit the Poster's FAQ page for some useful tips for authors.</s>
    <s>Poster authors must submit a two-page summary of their work in the VGTC conference two-column format in line with the VisWeek formatting guidelines found here http://www.cs.sfu.ca/~vis/Tasks/camera.html.</s>
    <s>Summaries should include a concise description of the idea, the results or findings, supporting imagery and figures, and a discussion of the implications of the work to the selected domain. Full literature searches are not expected, although relevant citations should be included.</s>
    <s>The posters themselves have no predefined formatting, but dimensions may not exceed 4' x 4' (1219mm x 1219mm / 48&quot; x 48&quot;). Popular poster sizes are A0 (841mm x 1189mm / 33.1&quot; x 46.8&quot;) or 3' x 4' (914mm x 1219mm / 36&quot; x 48&quot;). Poster authors are encouraged to include a draft or sketch of the poster layout and content in their submission to help reviewers and show that the poster format is being used effectively. This should be in PDF format.</s>
    <s>Those who intend to show demos are also highly encouraged to submit an accompanying video or other supplementary materials according to the VisWeek formatting guidelines found here http://www.cs.sfu.ca/~vis/Tasks/supplement.html.</s>
    <s>Authors whose posters are accepted for VisWeek will be asked to refine their posters and summaries based upon feedback from reviewers and to submit these along with a slide or video for presentation during the plenary fast-forward session - see 'Important Dates' below.</s>
    <s>The poster itself only needs to be prepared for and brought to the poster session at VisWeek but should hang throughout the week.</s>
    <s>SUBMISSION INSTRUCTIONS</s>
    <s>All VisWeek poster submissions should be made through a single submission category on PCS - IEEE VisWeek Poster. After logging into PCS at https://precisionconference.com/~vgtc/ , start your submission by selecting &quot;IEEE VisWeek Posters 2011&quot; and then select the conference to which you are submitting a poster:</s>
    <s>Visualization (Vis) - for conference themes see IEEE Visualization Call for Participatio</s>
    <s>Information Visualization (InfoVis) - for conference themes see IEEE Information Visualization Call for Participation</s>
    <s>Visual Analytics Science and Technologies (VAST) - for conference themes see IEEE VAST Call for Participation</s>
    <s>IMPORTANT DATES</s>
    <s>Submission Deadline: June 27, 2011</s>
    <s>Notification: July 25, 2011</s>
    <s>Final Submission of Camera Ready Summaries: August 8, 2011</s>
    <s>Submission of Fast Forward Materials: September 30, 2011</s>
    <s>POSTER SESSION</s>
    <s>Authors of accepted posters are required to bring an explanatory hardcopy poster for display during VisWeek. They should be available at the poster to discuss their work during the scheduled evening poster session(s).</s>
    <s>All authors who plan to show live demos or video should clearly indicate this fact in their submissions. We encourage you to bring a laptop to the poster session where tables will be provided.</s>
    <s>POSTER REVIEW PROCESS</s>
    <s>Each poster submission will be read and evaluated by at least two reviewers.</s>
    <s>Submissions will be evaluated according to originality, significance, suitability for the venue (levels of interest, relevance) and the potential for prompting discussion.</s>
    <s>All authors will receive reviews of their submission explaining the decision and providing feedback. Authors of posters that are accepted are expected to address any recommendations and conditions of acceptance prior to final submission.</s>
    <s>BEST POSTER AWARDS</s>
    <s>The chairs of each conference will award a 'Best Poster' prize to the authors of what is deemed the strongest submission to the conference according to the reviewing criteria.</s>
    <s>'Best Poster' authors will receive a signed certificate and be given the opportunity to present a longer summary of their work during the fast-forward session.</s>
    <s>CONFERENCE POSTER CHAIRS</s>
    <s>For details about the conferences or to discuss any aspects of your submission please communicate with the appropriate conference chairs</s>
    <s>Vis Posters (vis posters@visweek.org)</s>
    <s>Tobias Isenberg, University of Groningen</s>
    <s>Thomas Schultz, University of Chicago</s>
    <s>InfoVis Posters (infovis posters@visweek.org)</s>
    <s>Jason Dykes, City University London</s>
    <s>Jeff Heer, Stanford University</s>
    <s>VAST Posters (vast posters@visweek.org)</s>
    <s>Remco Chang, Tufts University</s>
    <s>Jo Wood, City University London</s>
    <s>Important Dates</s>
    <s>Sunday October 23rd</s>
    <s>VisWeek 2011</s>
    <s>Supporters (become one)</s>
    <s>© 2011 IEEE. Sponsored by the IEEE Computer Society Visualization and Graphics Technical Committee.</s>
  </text>
</page>
