<?xml version="1.0" encoding="UTF-8"?>
<!DOCTYPE page SYSTEM "page.dtd">
<page>
  <lang>en</lang>
  <url>http://en.wikipedia.org/wiki/Chairman</url>
  <title>Chairman - Wikipedia, the free encyclopedia</title>
  <snippet>
    <s>During meetings, the person presiding is said to be “in the chair”, the person is also who summons (convenes) a meeting, the convener may take the chair. </s>
  </snippet>
  <text>
    <s>From Wikipedia, the free encyclopedia</s>
    <s>Jump to: navigation, search</s>
    <s>&quot;Chairman of the Board&quot; redirects here. For other meanings, see Chairman of the Board (disambiguation).</s>
    <s>For the car produced by SsangYong, see SsangYong Chairman.</s>
    <s>For the Convenor of Crossbench Peers in the House of Lords, see CrossbencherConvenor.</s>
    <s>The chairman is the highest officer of an organized group such as a board, committee, or deliberative assembly. The person holding the office is typically elected or appointed by the members of the group. The chairman presides over meetings of the assembled group and conducts its business in an orderly fashion. When the group is not in session, the officer's duties often include acting as its head, its representative to the outside world and its spokesperson.</s>
    <s>1 Terminology</s>
    <s>2 Public corporations</s>
    <s>3 See also</s>
    <s>4 Notes</s>
    <s>5 References</s>
    <s>[edit] Terminology</s>
    <s>Other terms sometimes used for the office and its holder include presiding officer , president , moderator , chair , and convener . The chairman of a parliamentary chamber is often called the speaker . Though chairwoman is sometimes used as a female counterpart to chairman , the terms chair and chairperson are sometimes used to avoid gendered titles altogether. The National Association of Parliamentarians does not approve using &quot;chairperson&quot;. In the United States, the presiding officer of the &quot;lower&quot; house of a legislative body, such as the House of Representatives, is frequently titled the Speaker , while the &quot;upper&quot; house, such as the Senate, is commonly chaired by a President .</s>
    <s>A vice-chairman (or deputy chairman ), subordinate to the chairman, is sometimes chosen to assist the chairman and to serve as chairman in the absence of the chairman, or when a motion involving the chairman is being discussed. In the absence of the chairman and vice chairman, groups sometimes elect a chairman pro tempore to fill the role for a single meeting.</s>
    <s>The word chair can refer to the place from which the holder of the office presides, whether on a chair, at a lectern, or elsewhere. During meetings, the person presiding is said to be “in the chair”, the person is also referred to as “the chair.” Parliamentary procedure requires that members address the “chair” rather than the “chairman,” or by using a person's name. This is one of many customs intended to maintain the presiding officer's impartiality and insuring an objective and impersonal approach.</s>
    <s>Riddick's Rules of Procedure, among others, claim an etymology of chairman as derived from the Latin manus , or &quot;hand&quot;, and use this to claim gender-neutrality for the word. Some etymologists consider this to be incorrect, and many dictionaries claim that the word is from &quot;chair&quot; (a seat or office of authority) and &quot;man&quot;, a person.</s>
    <s>[edit] Public corporations</s>
    <s>Among public corporations, there are generally two types of chairmen, executive and non-executive. The executive chairman also serves as an executive of the company, usually the chief executive officer (CEO), although it can exist as a separate position. The non-executive chairman holds no executive position with the company, and is usually an outsider with no other current or previous ties to it.</s>
    <s>The non-executive Chairman's duties are typically limited to matters directly related to the board, such as:</s>
    <s>Chairing the meetings of the board.</s>
    <s>Organizing and coordinating the board's activities, such as by setting its annual agenda.</s>
    <s>Reviewing and evaluating the performance of the CEO and the other board members.</s>
    <s>Many U.S. companies have an executive chairman, and this method of organization is sometimes called the American model. Having a non-executive chair is common in the United Kingdom and Canada, and is sometimes called the British model. Expert opinion is rather evenly divided over which is the preferable model overall.</s>
    <s>Companies with both an executive chairman and a CEO include Ford, HSBC,, Google, and HP.</s>
    <s>[edit] See also</s>
    <s>Look up chair , chairman , chairwoman , chairperson , or preside in Wiktionary, the free dictionary.</s>
    <s>Board of Directors</s>
    <s>European company law</s>
    <s>Executive director</s>
    <s>German company law</s>
    <s>Non-executive director</s>
    <s>Parliamentary procedure in the corporate world</s>
    <s>UK company law</s>
    <s>US corporate law</s>
    <s>[edit] Notes</s>
    <s>1. ^ a b c d Robert's Rules of Order Newly Revised , 10th edition, Perseus Books Group, Cambridge MA, 2000</s>
    <s>2. ^ Sturgis, Alice; American Institute of Parliamentarians (2001). The standard code of parliamentary procedure (Fourth ed.). New York: McGraw-Hill. pp. 11. ISBN 978-0071365130</s>
    <s>3. ^ &quot;moderator&quot;. Chambers 21st century Dictionary via Search Chambers . Edinburgh: Chambers Harrap. http://www.chambersharrap.co.uk/chambers/features/chref/chref.py/main?query=Moderator&amp;title=21st.</s>
    <s>4. ^ Although convener means someone who summons (convenes) a meeting, the convener may take the chair. The Oxford English Dictionary (2nd edition 1989) offers this citation: 1833 Act 3–4 Will. IV, c. 46 §43 “The convener, who shall preside at such committee, shall be entitled to a casting vote.” This meaning is most commonly found in assemblies with Scottish heritage.</s>
    <s>5. ^ &quot;Speeches: The many roles of the Speaker&quot;. Office of the Speaker, Parliament of New Zealand. 2006-02-01. http://www.parliament.nz/en-NZ/Admin/Speaker/Speeches/1/1/9/119e71c13d954e63bd049231bdee91e9.htm.</s>
    <s>6. ^ &quot;About Parliament: The Lord Speaker&quot;. Parliament of the United Kingdom. Archived from the original on 2008-06-09. http://web.archive.org/web/20080609075343/http://www.parliament.uk/about/how/principal/lord speaker.cfm. Retrieved 2008-10-23. &quot; responsibilities of the Lord Speaker include chairing the Lords debating chamber, &quot;</s>
    <s>7. ^ a b &quot;Chairman&quot;. Dictionary.com Unabridged (v 1.1) . 2006. http://dictionary.reference.com/browse/chairman. Retrieved 2008-10-22.</s>
    <s>8. ^ &quot;Chairperson&quot;. Dictionary.com Unabridged (v 1.1) . 2006. http://dictionary.reference.com/browse/chairperson. Retrieved 2008-04-27.</s>
    <s>9. ^ Zimmerman, Doris P. (1997). Robert's Rules in Plain English . New York: HarperCollins. ISBN .</s>
    <s>10. ^ &quot;vice-chairman&quot;. dictionary.com. http://dictionary.infoplease.com/vice-chairman.</s>
    <s>11. ^ &quot;Chairman&quot;. wordorigins. http://www.wordorigins.org/index.php/site/2006/04/.</s>
    <s>12. ^ &quot;Chairman&quot;. www.dictionary.com. http://dictionary.reference.com/browse/chairman.</s>
    <s>13. ^ See also The American Heritage Dictionary, the Oxford English Dictionary, the online edition of the current Merriam-Webster dictionary, Word Origins by Anatoly Liberman (page 88), Merriam-Webster's Dictionary of English Usage (page 235)</s>
    <s>14. ^ Kefgen, Keith (2004-05-11). &quot;The Non-Executive Chairman Comes of Age&quot;. HVS web site (HVS). http://www.hvs.com/Jump/?aid=1033. Retrieved 2011-04-03.</s>
    <s>15. ^ Behan, Beverly (2008-01-10). &quot;Splitting the Chairman and CEO roles&quot;. BusinessWeek . http://www.businessweek.com/managing/content/jan2008/ca2008018 642807.htm. Retrieved 2011-04-03.</s>
    <s>16. ^ &quot;Board of Directors&quot;. Ford Motor Company. http://blog.ford.com/article display.cfm?article id=141. Retrieved 2011-04-05.</s>
    <s>17. ^ &quot;Board of Directors&quot;. HSBC. http://www.hsbc.com/1/2/about/board-of-directors. Retrieved 2011-04-05.</s>
    <s>18. ^ &quot;Management Team&quot;. Google. http://www.google.com/corporate/execs.html. Retrieved 2011-04-05.</s>
    <s>19. ^ &quot;HP Investor Relations - Board of directors&quot;. HP. http://h30261.www3.hp.com/phoenix.zhtml?c=71087&amp;p=irol-govboard. Retrieved 2011-09-24.</s>
    <s>[edit] References</s>
    <s>Alice Sturgis; American Institute of Parliamentarians (2001). &quot;19 Officers: The President &quot;. The standard code of parliamentary procedure (Fourth ed.). New York: McGraw-Hill. pp. 162–165. ISBN 978-0071365130</s>
    <s>v · d · eCorporate titles</s>
    <s>Chief officers</s>
    <s>Chief accounting officer · Chief administrative officer · Chief analytics officer · Chief audit executive · Chief brand officer · Chief business officer · Chief channel officer · Chief commercial officer · Chief communications officer · Chief compliance officer · Chief creative officer · Chief data officer · Chief executive officer · Chief financial officer · Chief human resources officer · Chief information officer · Chief information security officer · Chief knowledge officer · Chief learning officer · Chief legal officer · Chief marketing officer · Chief Merchandise Planning officer · Chief merchandising officer · Chief networking officer · Chief operating officer · Chief procurement officer · Chief product officer · Chief risk officer · Chief science officer · Chief Stores Officer · Chief strategy officer · Chief technology officer · Chief visionary officer · Chief web officer</s>
    <s>Other titles</s>
    <s>Chairman · Creative director · Executive director · General counsel · Managing director · Non-executive director</s>
    <s>Board of directors · Corporate governance · Executive pay · Senior management · Supervisory board · Talent Management</s>
    <s>v · d · eParliamentary procedure</s>
    <s>Major concepts</s>
    <s>Deliberative assembly · Motions · Main motion · Quorum · Session · Chair · Committee · Committee of the whole · Dilatory motions and tactics · Minutes · Second · History of parliamentary procedure · Principles of parliamentary procedure · Voting methods in deliberative assemblies · Floor</s>
    <s>Subsidiary motions</s>
    <s>Postpone indefinitely · Amend · Commit · Postpone to a certain time · Limit or extend limits of debate · Previous question · Lay upon the table · Place upon the table</s>
    <s>Privileged motions</s>
    <s>Call for the orders of the day · Raise a question of privilege · Recess · Adjourn · Fix the time to which to adjourn</s>
    <s>Incidental motions</s>
    <s>Point of order · Appeal · Suspend the rules · Objection to the consideration of a question · Division of a question · Consideration by paragraph or seriatim · Division of the assembly · Motions relating to methods of voting and the polls · Motions relating to nominations</s>
    <s>Incidental motions</s>
    <s>(Requests and inquiries)</s>
    <s>Parliamentary inquiry · Point of information · Request for permission to withdraw or modify a motion · Request to read papers · Request to be excused from a duty · Request for any other privilege</s>
    <s>Motions that bring a question</s>
    <s>again before the assembly</s>
    <s>Take from the table · Rescind, repeal, annul or amend something previously adopted · Discharge a committee · Reconsider</s>
    <s>Legislative procedure</s>
    <s>Call of the house · Hoist · Pass on</s>
    <s>Disciplinary procedures</s>
    <s>Censure · Declare the chair vacant · Impeach · Naming</s>
    <s>Parliamentary authorities</s>
    <s>Robert's Rules of Order Newly Revised (RONR) · The Standard Code of Parliamentary Procedure (TSC or Sturgis) · Demeter's Manual of Parliamentary Law and Procedure · Riddick's Rules of Procedure · Mason's Manual of Legislative Procedure · Erskine May: Parliamentary Practice</s>
    <s>Retrieved from &quot;http://en.wikipedia.org/w/index.php?title=Chairman&amp;oldid=454341588&quot;</s>
    <s>Management occupations</s>
    <s>Parliamentary procedure</s>
    <s>Political neologisms</s>
    <s>Personal tools</s>
    <s>Log in / create account</s>
    <s>View history</s>
    <s>Main page</s>
    <s>Featured content</s>
    <s>Current events</s>
    <s>Random article</s>
    <s>Donate to Wikipedia</s>
    <s>About Wikipedia</s>
    <s>Community portal</s>
    <s>Recent changes</s>
    <s>Contact Wikipedia</s>
    <s>What links here</s>
    <s>Related changes</s>
    <s>Upload file</s>
    <s>Special pages</s>
    <s>Permanent link</s>
    <s>Cite this page</s>
    <s>Create a book</s>
    <s>Download as PDF</s>
    <s>Printable version</s>
    <s>Bahasa Indonesia</s>
    <s>‪Norsk (bokmål)‬</s>
    <s>‪Norsk (nynorsk)‬</s>
    <s>Simple English</s>
    <s>Tiếng Việt</s>
    <s>This page was last modified on 7 October 2011 at 05:05.</s>
    <s>Text is available under the Creative Commons Attribution-ShareAlike License; additional terms may apply. See Terms of use for details.</s>
    <s>Wikipedia® is a registered trademark of the Wikimedia Foundation, Inc., a non-profit organization.</s>
    <s>Contact us</s>
    <s>Privacy policy</s>
    <s>About Wikipedia</s>
    <s>Mobile view</s>
    <s>Please use the preview button before saving. e)</s>
  </text>
</page>
