<?xml version="1.0" encoding="UTF-8"?>
<!DOCTYPE page SYSTEM "page.dtd">
<page>
  <lang>en</lang>
  <url>http://www.pftac.org/pitaa_website/us.html</url>
  <title>PITAA</title>
  <snippet>
    <s>B.ACTIVITIES -- PITAA will : 1/ Organize an annual conference for its Members; countries during the Conference; 3/ Take stock of training needs of Members, 4 / Chair &amp; Vice Chair of the Annual Conference; and 5/ Annual Conference. </s>
  </snippet>
  <text>
    <s>Pacific Islands Tax Administrators Association</s>
    <s>About PITAA</s>
    <s>Structure of PITAA</s>
    <s>Annual Conference</s>
    <s>Entry into Effect</s>
    <s>PITAA Communiques</s>
    <s>About PITAA</s>
    <s>This Memorandum of Understanding sets out the framework for the operation of PITAA. It reflects the voluntary and cooperative nature of PITAA.</s>
    <s>A. &quot;&gt;OBJECTVIES -- 1/ To be a forum where the tax administration and policy issues most relevant to Pacific Island countries can be discussed and where experiences can be shared; 2/ Promote closer cooperation and coordination of information sharing in tax administration and policy formulation in pacific countries; 3/ Help promote international standards and best tax administration practices, suitable to the characteristics of the Pacific Island countries; 4/ Encourage taxation institutions to design and adopt strategies to modernize and enhance their effectiveness and efficiency; and 5/ Enhance administrative skills and encourage the development of high professional standards by facilitating training and the dissemination of resource materials.</s>
    <s>B.ACTIVITIES -- PITAA will : 1/ Organize an annual conference for its Members; 2/ Invite donors and providers of technical assistance, including PFTAC, to attend this Annual Conference to help provide financial and technical assistance to the tax modernization projects defined by the Member countries during the Conference; 3/ Take stock of training needs of Members, including needs for attachments, workshops, and seminars, to help them address those needs; 4/ Seek funding to support PITAA and its agenda; and 5/ Publish details of its activities, including the Minutes of the Conference, on the PITAA website hosted by PFTAC.</s>
    <s>C. STRUCTURE PITAA comprises : 1/ Members; 2/ Observers; 3/ Secretariat of the Annual Conference (SAC); 4/ Chair &amp; Vice Chair of the Annual Conference; and 5/ Annual Conference.</s>
    <s>D. MEMBERS : 1/ Members are PFTAC Member countries that have agreed to subscribe to this Memorandum; 2/ Each member country is eligible to one vote on each matter to be voted on at the Annual Conference; 3/ Countries become members upon approval of an application from the country; 4/ Applications shall be made in writing to the Secretariat of the Annual Conference and any Member can withdraw its member from the Association by providing written notice to the Chair; 5/ Applications will be considered by PITAA at the Annual Conference. Countries will be admitted as Members upon approval of their application by a majority vote by the Members prsent and their subscription to the existing Memorandum of Understanding as the time of approval;</s>
    <s>E. OBSERVERS -- 1/ Non-PFTAC Member countries or organizations within the Pacific region which actively support the objectives of PITAA; 2/ Countries which are considering Membership; or 3/ Any other country or organization invited by the Chairm and to which no member objects.</s>
    <s>F. SECRETARIAT OF THE ANNUAL MEETING (SAC); 1/ The SAC is performed by the country of the venue of the Annual Conference; 2/ The SAC will : 2.1/ Help organize the Annual Conference; 2.2/ Send the invitation and draft the Annual Conference agenda; 2.3/ Draft the minutes and final communique of the annual conference; and 2.4/ Receive notices of intention to be a member or withdraw and notify members accordingly.</s>
    <s>G. CHAIRMAN &amp; VICE CHAIR OF THE ANNUAL CONFERENCE -- The Chair of the Annual Conference will be the Commissioner of the Inland Revenue Department of the country where the Annual Conference is located. The Vice Chair will be the head of the delegation from the previous host country. The Chairm will : 1.1 - Supervise the SAC; 1.2 Preside over the annual conference of PITAA; and 1.3 Oversee PITAA activities consistent with the objectives of this MOU. In the event the Chair is unable to attend the Annual Conference or have an appointee in his/her place, the Vice Chair will assume the duties of the Chair.</s>
    <s>H. ANNUAL CONFERENCE -- PITAA shall meet at least once annually, finance permitting. Arrangements for convening the meeting will be made by the SAC. The Annual Conference will : 1/ Consider and adopt the agenda; 2/ Approve applications for membership and observers; 3/ Identify projects consistent with the objectives of PITAA, and approve project timetables and establish project committees as appropriate; 4/ Discuss progress achieved in implementing the projects; 5/ Discuss any other business raised by Members; and 6/ Agree on the date and venue of the next Annual Conference.</s>
    <s>I. PROCEDURES OF THE ANNUAL CONFERENCE -- 1/ A validity constituted quorum for a meeting will exist when at least one half of the Members are present; 2/ All Members and Observers can participate in discussions at meetings; 3/ Only members present have the right to vote; 4/ Resolutions will be adopted by a majority of the Members present; 5/ All resolutions put to the annual meeting shall be decided by a vote. The vote shall take place in a manner that the Chairperson directs, and the result of the vote shall be deemed to be the resolution of that matter; and 6/ in the case of an equality of votes, the Chairperson of that meeting shall be entitled to a second vote or casting vote.</s>
    <s>J. MINUTES -- The SAC will prepare and keep minutes of proceedings at Annual Conferences of PITAA. The minutes shall be circulated to all Members and Observers.</s>
    <s>K. ENTRY INTO EFFECT -- This Memorandum will come into effect upon endorsement by the Chief Executive Officers of tax administrations authorities and Ministers of countries without such authorities, for all member countries. For new members, the Memorandum will be binding on them upon acceptance of their applications by the Association.</s>
    <s>L. AMENDMENT OF THIS MEMORANDUM -- All or any part of this Memorandum of Understanding may be amended in any manner by a resolution passed by a two-thirds majority of Members present at any Annual Conference of PITAA (except for dissolution, as indicated below).</s>
    <s>M. DISSOLUTION -- PITAA may be dissolved if, at an Annual Conference of PITAA, a resolution is passed by three-quarters of members present to the effect that PITAA be dissolved.</s>
    <s>PFTAC 2010 : Contact Us - Ms. Magaret Cotton, PFTAC Revenue Advisor; Telephone : (679) 3304866: Fax : (679) 3304045</s>
  </text>
</page>
