<?xml version="1.0" encoding="UTF-8"?>
<!DOCTYPE page SYSTEM "page.dtd">
<page>
  <lang>en</lang>
  <url>http://www.grad.illinois.edu/general/travelaward</url>
  <title>Conference Travel Awards for Graduate Students | Graduate ...</title>
  <snippet>
    <s>Deadline for students to get applications to departments: September 19, 2011 These Conference Travel Awards are intended to support students who will be </s>
  </snippet>
  <text>
    <s>E-mail and search functions</s>
    <s>A-Z Index</s>
    <s>Enter Keyword, Phrase, or Name</s>
    <s>Search Type</s>
    <s>Graduate College</s>
    <s>Graduate College at Illinois The University of Illinois at Urbana-Champaign</s>
    <s>Conference Travel Awards for Graduate Students</s>
    <s>Ready for approval</s>
    <s>Download Application (PDF)</s>
    <s>Deadlines for Fall Competition</s>
    <s>Deadline for students to get applications to departments: September 19, 2011</s>
    <s>Deadline for departments to get applications to the Graduate College: September 26, 2011</s>
    <s>Deadlines for Spring Competition</s>
    <s>Deadline for students to get applications to departments: February 20, 2012</s>
    <s>Deadline for departments to get applications to the Graduate College: February 27, 2012</s>
    <s>The Graduate College will provide awards, not to exceed $300, for students to travel to professional conferences. These Conference Travel Awards are intended to support students who will be presenting papers, posters, or creative work at the conferences they attend. Conference Travel Awards are supported by Students for Equal Access to Learning (SEAL) fees.</s>
    <s>Eligibility Requirements</s>
    <s>Following are the requirements for consideration of an application:</s>
    <s>The student must be registered and in good academic standing during the term the award is received.</s>
    <s>A student is eligible to receive only one Conference Travel Award per academic year.</s>
    <s>Non-degree students are not eligible for Conference Travel Awards.</s>
    <s>The number of applications that may be submitted is based on 10th day department enrollment numbers. Please see the following table for information on how many awards your department will be eligible to receive.</s>
    <s>The department in which the student is enrolled must endorse and approve the student's participation in the conference. The statement on the bottom of the application form will serve as the department's statement of endorsement. Departmental endorsement certifies that the department has verified the student's participation in the conference.</s>
    <s>The Conference Travel Awards are supported by Students for Equal Access to Learning (SEAL) fees. Students must have paid the SEAL fee for the current semester in order to be eligible to receive an award. Students who have received a SEAL refund are not eligible. For more fee information, see www.registrar.illinois.edu/financial/tuition details.htmlfees. Students who are exempt from the fees because they are registered in Credit Range III or IV (Credit Range IV for Summer) may participate by paying the fee at a cashier's window in 100 Henry Administration Building by the deadline of the Friday of the fourth week of the term.</s>
    <s>Conference Travel Awards</s>
    <s>Unit Size</s>
    <s>Maximum Number of Travel Awards Per Semester</s>
    <s>The application may be electronically completed and then printed from: www.grad.illinois.edu/policies/travelgrant/app.pdf.</s>
    <s>Students may not submit applications directly to the Graduate College. All applications must first be submitted to department offices, who will forward the applications to the Graduate College, 204 Coble Hall, MC-322. Please direct all questions to grad@illinois.edu or call (217) 333-0035.</s>
    <s>Submission of Receipts</s>
    <s>Students who are awarded a Conference Travel Award are required to submit to their department receipts supporting travel. The Graduate College does not require these receipts; however, the department should keep copies of the award letter, relevant vouchers, and receipts on file for audit purposes.</s>
    <s>Payment Procedure</s>
    <s>Department Contacts will receive a report of the awards given to students in their department.</s>
    <s>PDF files require Adobe Reader.</s>
    <s>Printer-friendly version</s>
    <s>Give to Grad College</s>
    <s>Find it fast!</s>
    <s>All forms</s>
    <s>All programs</s>
    <s>The Graduate College at the University of Illinois Urbana-Champaign 801 South Wright Street 204 Coble Hall, MC-322 Champaign, IL 61820-6210 Phone: (217) 333-0035 Fax: (217) 333-8019 Grad@illinois.edu</s>
    <s>Interested in Applying</s>
    <s>Apply Now</s>
    <s>Admission FAQs</s>
    <s>Programs &amp; Contacts</s>
    <s>Financial Assistance</s>
    <s>Transferring Credit</s>
    <s>Underrepresented Applicants</s>
    <s>International Applicants</s>
    <s>Academic Support</s>
    <s>Handbook / Policies</s>
    <s>Advising Services</s>
    <s>Registration / Courses</s>
    <s>Petition / Record Requests</s>
    <s>Degree Certification</s>
    <s>Thesis &amp; Dissertation</s>
    <s>Mentoring Resources</s>
    <s>Academic Conflict Resolution</s>
    <s>Professional Development</s>
    <s>Teaching Assistant Tools</s>
    <s>Language Resources</s>
    <s>Writing Resources</s>
    <s>Libraries and Research</s>
    <s>Computing Resources</s>
    <s>Career Services</s>
    <s>Graduate College Staff</s>
    <s>Funding &amp; Employment</s>
    <s>Grants &amp; Awards</s>
    <s>Student Employees</s>
    <s>Campus Job Boards</s>
    <s>Student Life</s>
    <s>Living in Urbana-Champaign</s>
    <s>Health Care and Wellness</s>
    <s>Spouses, Partners &amp; Families</s>
    <s>Arts &amp; Culture</s>
    <s>Recreation &amp; Sports</s>
    <s>Campus Calendars</s>
    <s>Student Groups</s>
    <s>Financial Support</s>
    <s>Disability Resources</s>
    <s>Summer Research &amp; Institutes</s>
    <s>Living in Urbana-Champaign</s>
    <s>English Proficiency</s>
    <s>Financial Aid</s>
    <s>Living in Urbana-Champaign</s>
    <s>International Student Resources</s>
    <s>Faculty &amp; Staff</s>
    <s>Graduate College Policies</s>
    <s>Resources for Fellowships and Assistantships</s>
    <s>Developing Courses and Programs</s>
    <s>Admissions and Recruiting Materials</s>
    <s>Mentoring Information</s>
    <s>Graduate College Data and Databases</s>
    <s>Thesis Review and Doctoral Committees</s>
    <s>Graduate Contact Resources &amp; Training Materials</s>
    <s>New Postdocs</s>
    <s>Current Postdocs</s>
    <s>Faculty Resources</s>
    <s>Alumni &amp; Friends</s>
    <s>Contact Webmaster | Emergency Contact | Staff Directory | Employment Opportunities | About the Grad College | Office of the Provost | Urbana Campus</s>
  </text>
</page>
