<?xml version="1.0" encoding="UTF-8"?>
<!DOCTYPE page SYSTEM "page.dtd">
<page>
  <lang>en</lang>
  <url>http://www.ches.org/en/professional-development/2011-conference/2011-social-events.html</url>
  <title>2011 Social Events</title>
  <snippet>
    <s> an account. Click forgot login below or contact the CHES head office for help. Home &middot; Professional Development &middot; 2011 Conference 2011 Social Events </s>
  </snippet>
  <text>
    <s>Jump to navigation Jump to content</s>
    <s>Why become a CHES member?</s>
    <s>Canadian Healthcare Engineering Society - Société canadienne d’ingénierie des services de santé</s>
    <s>About CHES</s>
    <s>Professional Development</s>
    <s>CHES at Work</s>
    <s>Industry Partners</s>
    <s>Membership Tools</s>
    <s>About CHES</s>
    <s>Professional Development</s>
    <s>2012 Conference</s>
    <s>2011 Conference</s>
    <s>General Information</s>
    <s>2011 Program</s>
    <s>Green Meetings 2011</s>
    <s>2011 Social Events</s>
    <s>2011 Registration</s>
    <s>Canadian Healthcare Construction Course</s>
    <s>Medical Gas Piping Course</s>
    <s>Past Conferences</s>
    <s>CHES Webinar Program</s>
    <s>CHES at Work</s>
    <s>Industry Partners</s>
    <s>Membership Tools</s>
    <s>Members Only Login</s>
    <s>If you are already a member you have an account. Click forgot login below or contact the CHES head office for help.</s>
    <s>Remember me</s>
    <s>Forgot login?</s>
    <s>No account yet? Register</s>
    <s>HomeProfessional Development2011 Conference2011 Social Events</s>
    <s>2011 Social Events</s>
    <s>SUNDAY SEPTEMBER 25, 2011</s>
    <s>The Great CHES Golf Game</s>
    <s>Again this year!Golf men we will be holding the Great CHES Golf Game at Bridges Golf Course and all delegates and exhibitors are invited to participate. This will be a shotgun start Texas scramble format.</s>
    <s>$85 per person (includes cart). Bus transportion provided to and from Golf Course.</s>
    <s>07:30 bus departs for Golf Course</s>
    <s>08:30 Golf Tournament begins</s>
    <s>11;30 Lunch on the 9th hole</s>
    <s>13:30 bus departs for return to hotel</s>
    <s>Grand Opening of the Trade Show &amp; Opening Reception</s>
    <s>Our conference will kick off with the Opening Reception in the Exhibit Hall Sunday evening. Join us for food, friends and fun</s>
    <s>Reception included with registration.</s>
    <s>MONDAY SEPTEMBER 26, 2011</s>
    <s>18:00-19:00 President's Reception</s>
    <s>19:00-24:00 CHES Gala Banquet</s>
    <s>!Rocki singers</s>
    <s>The CHES Gala Banquet will be held at the Winnipeg Convention Centre and will feature Rocki Rolletti and the Retro Rhythm Review.!RockiRolletti</s>
    <s>Entertainer, comic, and journalist Peter Jordan will rock your socks off at banquet. Jordan's band, Rocki Rolletti and the Retro Rhythm Review, took Winnipeg's entertainment scene by storm with its decidedly goofy take on rock n' roll in the 1980s. Jordan went on to star in the CBC-TV work series It's a Living, which aired on CBC Television from 1989-2003. The program won two Gemini awards for Best Host Lifestyle or Performing Arts Program or Series, once in 1998 and again in 2000. He was a four-time nominee in the same category. Jordan was also a regular contributor to CBWT's 24 Hours LateNight program in the 1980s. He continues to contribute to CBC-TV news on a regular basis.</s>
    <s>Banquet included with registration.</s>
    <s>Extra banquet tickets $95 per person</s>
    <s>SUNDAY SEPTEMBER 25, 2011</s>
    <s>Fort Garry/Parliament Tour</s>
    <s>Experience the Fort Garry's award-winning Sunday Brunch at this beautiful, historic hotel. Designated as a national historic site, this former Grand Trunk Pacific Railway hotel is one of Winnipeg's most prestigious landmarks. The Fort Garry is more than an elegant hotel - it is an architectural icon and one of the city's most recognizable structures.</s>
    <s>After brunch, join Frank Albo, researcher and academic inspiration behind the bestselling book, The Hermetic Code , for an unforgettable tour of decoding the famous symbols and architechture that makes the Manitoba Legislature Building truly unique. Unlock mysteries of one of Canada's most unique architectural landmarks, begin your understanding of this magnificent building, and uncover trails of occult clues concealed in the building's architecture, including hidden hieroglyphic inscriptions, numerical codes, and Freemasonic symbols so intelligently masked it has escaped historians and visitors for nearly a hundred years Is it possible that the Manitoba Legislative Building is really a conduit of magical power? Is this building's location in the centre of North America a site for numerous earth energies? Come and find out for yourself</s>
    <s>Tour: $95 per person</s>
    <s>MONDAY SEPTEMBER 26, 2011</s>
    <s>Pineridge Hollow Tour</s>
    <s>This tour has been cancelled.</s>
    <s>COMPANION MEAL PACKAGE</s>
    <s>SUNDAY SEPTEMBER 25, 2011</s>
    <s>Opening Reception, Winnipeg Convention Centre</s>
    <s>MONDAY SEPTEMBER 26, 2011</s>
    <s>Breakfast with the delegates</s>
    <s>Opening Ceremonies</s>
    <s>Keynote Address - Dr. Lloyd Axworthy</s>
    <s>President's Reception &amp; Gala Banquet</s>
    <s>TUESDAY SEPTEMBER 27, 2011</s>
    <s>Breakfast with the delegates</s>
    <s>Ticket cost: Early bird - $150; Regular - $175</s>
    <s>Main Navigation</s>
    <s>About CHES</s>
    <s>Professional Development</s>
    <s>CHES at Work</s>
    <s>Industry Partners</s>
    <s>Membership Tools</s>
    <s>Membership Tools</s>
    <s>Member Forum</s>
    <s>Employment Opportunities</s>
    <s>Document Archives</s>
    <s>CHES Journal</s>
    <s>CHES Chapters</s>
    <s>British Columbia</s>
    <s>Newfoundland &amp; Labrador</s>
    <s>Membership Categories</s>
    <s>Become a Member</s>
    <s>National Healthcare Facilities Engineering Week</s>
    <s>Renew Membership</s>
    <s>Association Management System</s>
  </text>
</page>
