<?xml version="1.0" encoding="UTF-8"?>
<!DOCTYPE page SYSTEM "page.dtd">
<page>
  <lang>en</lang>
  <url>http://www.picsymposium.com/abstracts.html</url>
  <title>Abstracts - PICS-AICS</title>
  <snippet>
    <s>The abstract submission deadline is December 1, 2011. submission process or you want to withdraw an abstract please contact the conference administrator: </s>
  </snippet>
  <text>
    <s>Live Cases</s>
    <s>Abstract Information</s>
    <s>Abstract deadline:</s>
    <s>December 1, 2011</s>
    <s>Online Abstract Submission</s>
    <s>Instructions (.PDF)</s>
    <s>Template (.DOC)</s>
    <s>ABSTRACT INFORMATION</s>
    <s>Online Abstract Submission is now open.</s>
    <s>The abstract submission deadline is December 1, 2011.</s>
    <s>How to use the online abstract submission system</s>
    <s>If you are submitting more than one abstract you can use the same login for each abstract.</s>
    <s>You can alter your abstracts at any time up to the deadline</s>
    <s>If a Word template document has been emailed to you it must be used for your abstract. If you don't use it your abstract may be rejected.</s>
    <s>Do not include author names in the title or body of your abstract because a &quot;blind&quot; reviewing process may be used - you can enter the names online during the submission process.</s>
    <s>1. The submission process</s>
    <s>Log in to the submission system when you have prepared your abstract enter your email address and the password you chose when you registered with the system.</s>
    <s>You will be taken to a screen from which the submission process starts. Please read the instructions on this screen carefully. If you want to submit a new abstract you should click the link that says &quot;Click here to submit a new abstract&quot;.</s>
    <s>Submitting an abstract is a multistep process. Each step asks several questions. Some questions are marked &quot;required&quot; and you will not be able to complete your submission until these questions have been answered.</s>
    <s>If you have to stop part way through the process your submission will be held in temporary storage until you return later and complete all the questions. When you log in again you can click on your incomplete abstract and resume submission.</s>
    <s>2. Amending a submission</s>
    <s>You may wish to change your submission. You can do this at any time up to the deadline.</s>
    <s>Log in to the abstract submission system</s>
    <s>You will see a list of the abstracts that you have submitted. Click on the abstract that you wish to change.</s>
    <s>Amending an abstract is just the same as the original submission process except that the online form will be automatically filled in with the answers that you gave previously. You don't have to change an answer if you don't want to.</s>
    <s>When you reach the final step and press &quot;Finish&quot; you will be sent an email confirming that your abstract has been amended.</s>
    <s>3. Queries</s>
    <s>If you have any queries about the submission process or you want to withdraw an abstract please contact the conference administrator: Michaeleen Wallig@rush.edu</s>
  </text>
</page>
