<?xml version="1.0" encoding="UTF-8"?>
<!DOCTYPE page SYSTEM "page.dtd">
<page>
  <lang>en</lang>
  <url>http://www.acsi.org/Educators/ConferencesWorkshops/tabid/600/itemId/2930/Default.aspx</url>
  <title>Conferences/Workshops</title>
  <snippet>
    <s>Online payment can be made only during online registration. As a delegate at this year&#39;s International Administrator&#39;s Conference, you receive Double room: €95/room/night (Split the cost with a roommate for </s>
  </snippet>
  <text>
    <s>Login Register Tuesday, October 18, 2011</s>
    <s>Home » You Are Here: Educators &gt; Conferences/Workshops</s>
    <s>IAC Europe 2012</s>
    <s>Last Updated Sep 30, 2011</s>
    <s>Printer Friendly Version</s>
    <s>Email A Friend</s>
    <s>Enter e-mail address of recipient:</s>
    <s>Please enter one or more recipients</s>
    <s>(Use a comma to separate multiple e-mail addresses.)</s>
    <s>Enter your e-mail address:</s>
    <s>Please enter your email address.</s>
    <s>Message to attach:</s>
    <s>We use this address only to tell the recipient who sent the message. We do not save or re-use it in any way.</s>
    <s>Send Email Cancel</s>
    <s>International Administrators Conference--Europe</s>
    <s>The ACSI International Administrators Conference (IAC) is for administrators, business managers, boarding administrators, curriculum coordinators, and other school leaders. Join with other leaders in your region for a time of challenge, inspiration, instruction, and networking for effective service to the expatriate community. School leaders from outside the Europe region are also invited to attend.</s>
    <s>This year, we are pleased to announce that the conference will be held in breathtaking Dublin, Ireland, at the historic Wynn's Hotel in the heart of the city.</s>
    <s>Dates: April 19-22, 2012</s>
    <s>Location: Wynn's Hotel, Dublin, Ireland</s>
    <s>Speaker: Dale B. Linton, M.A./ABD, Assistant Professor, School of Education, Spring Arbor University, Spring Arbor, MI, USA</s>
    <s>!Dale Linton has been involved educating children and adults for over thirty-three years. After teaching in public schools for fifteen years he and his wife moved their family to Addis Ababa, Ethiopia, where they taught at an international school for two years. Next, they were invited to join the teaching staff at Rift Valley Academy (RVA) in Kenya, where they taught for another six years. It was also during this time that Dale began his Ph.D. work in Curriculum and Instruction at Andrews University with a focus on international Christian schools and issues related to TCK education.</s>
    <s>Dale currently serves as an Assistant Professor of Education in the School of Education at Spring Arbor University in Spring Arbor, Michigan, where he directs the student teaching program and directs their ACSI teacher certification program. He desires use his experiences and knowledge to provide support to parents, schools, and educational agencies responsible for providing the highest levels of academic quality and care for their students. He has worked closely with educational leaders, international Christian teachers, and with ACSI, and has traveled throughout the world providing professional development opportunities for international Christian teachers.</s>
    <s>Topic: Are We Listening? TCK &amp; School Perceptions of International Christian School Teachers</s>
    <s>Housing &amp; Meals</s>
    <s>Transportation and Visas</s>
    <s>Refund Policy</s>
    <s>Contact Information</s>
    <s>Pre-Conference Course</s>
    <s>Please consider joining us early for a special pre-conference offering, presented by John and Becky Leverington of the Child Safety and Protection Network (CS&amp;PN;).</s>
    <s>Date: April 19, 8:30 a.m.-5:00 p.m.</s>
    <s>Location: Wynn's Hotel, Dublin, Ireland</s>
    <s>IAC begins with registration from 5-7 p.m. on the evening of April 19th. See the details below for a description and pricing for the course.</s>
    <s>Breaking the Silence about Child Abuse: Practical Tools for Both Prevention and Response</s>
    <s>The first and most important action we can take to prevent child abuse in our schools and organizations is to start talking about it. The Child Safety and Protection Network is a collaborative network of mission agencies, international Christian schools and faith-based NGOs intentionally and strategically addressing the issues of child protection. This session will:</s>
    <s>Share dates and examples documenting the reality of child abuse in mission organizations and international schools</s>
    <s>Describe the Best Practice Standards for preventing and responding to abuse using a case example</s>
    <s>Share model prevention seminars and sample policy documents</s>
    <s>Provide practical principles to reduce the risk of abuse</s>
    <s>Inform you about how your school can become a member of the CS&amp;PN; and the resources it provides</s>
    <s>John and Becky Leverington are licensed professional counselors and have been members of Wycliffe/SIL since 1994 serving as branch counselors in Papua New Guinea. They now serve part time for the Eurasia Area and part time in the international office in Dallas, Texas. Becky authored SIL International's Child Safety Policy and was instrumental in the development of the CS&amp;PN; and the Best Practice Standards. John &amp; Becky provide child safety prevention seminars for organizations and international schools. They also lead response teams and provide response team training and restoration retreats, and they consult with international schools and mission organizations regarding policy, response, and counseling.</s>
    <s>Cost: $105/person (includes eight hours of intensive training, coffee breaks, and lunch)</s>
    <s>Registration Deadline: March 31, 2012</s>
    <s>Use the IAC conference online registration or registration form to register for the CS&amp;PN; pre-conference through ACSI. Pre-conference price is in addition to conference registration.</s>
    <s>Conference Registration</s>
    <s>IAC registration is now openRegister now online or use the downloadable paper registration. Online payment can be made only during online registration.</s>
    <s>►Online Registration</s>
    <s>Downloadable Registration Form</s>
    <s>Deadline: March 31, 2012</s>
    <s>Rates for IAC 2012 are quoted below in USD.</s>
    <s>Registration includes:</s>
    <s>Four-day conference attendance from the evening of April 19th through April 22nd</s>
    <s>Buffet lunch on April 20th and 21st</s>
    <s>Access to exclusive nightly rates at the Wynn's Hotel, which include breakfast</s>
    <s>Free internet access in all areas of the Wynn's Hotel</s>
    <s>Encouragement, professional development, and life-giving fellowship as a part of ACSI's purpose to support international administrators throughout the world</s>
    <s>Early Registration: September-December 15</s>
    <s>Standard Registration: December 16-March 1</s>
    <s>Late Registration: March 2-March 31</s>
    <s>Full-Conference Registration</s>
    <s>Single-Day Registration (Three days max.)</s>
    <s>Please take note of the Refund and Cancellation Policy for this conference.</s>
    <s>Housing &amp; Meals</s>
    <s>Room Reservations</s>
    <s>As a delegate at this year's International Administrator's Conference, you receive exclusive access to special pricing for hotel accomodations at the Wynn's Hotel. Check out your special rates below:</s>
    <s>Single room: €70/room/night</s>
    <s>Double room: €95/room/night (Split the cost with a roommate for less than €48 per person!)</s>
    <s>Housing rates include breakfast and all applicable taxes.</s>
    <s>Room reservations will be made through the Wynn's Hotel, and each individual will be billed for their stay.</s>
    <s>To reserve a room for this event, make reservations through the Wynn's Hotel by email or by phone. Be sure to mention the &quot;Association of Christian Schools International&quot; or &quot;ACSI&quot; to receive the special pricing under the appropriate room block.</s>
    <s>Contact the Wynn's Hotel by email</s>
    <s>Call the Wynn's Hotel: 00353 18745131</s>
    <s>Check-in: 2:00 pm</s>
    <s>Check-out: 12:00 pm</s>
    <s>Reservation Deadline: March 8, 2012</s>
    <s>For more information about the hotel, please visit the Wynn's Hotel website.</s>
    <s>Breakfast is included in your room reservation. Lunch on Thursday during the pre-conference course is included in your pre-conference fee, and lunch on Friday and Saturday is included in your conference registration.</s>
    <s>For dinner, feel free to explore the many restaurants in the Dublin city centre, including many within walking distance of the Wynn's Hotel. Or, relax at the hotel restaurant, the Ristorante Tomasso. This is a great time to network with other administrators and to spend time with friends. Dinner is not included in the registration fee. Take a look at some of the nearby restaurants using the link below:</s>
    <s>Hotel Location Information</s>
    <s>The CS&amp;PN; pre-conference course will take place on April 19 from 8:30 a.m. to 5 p.m. IAC Europe begins with registration at the Wynn's Hotel from 5-7 p.m. on Thursday, April 19 and ends on the morning of Sunday, April 22. Please download the schedule below for exact times. This schedule will be updated as necessary.</s>
    <s>IAC Europe Delegate Schedule</s>
    <s>Make all flight arrangements to the Dublin International Airport (DUB). Delegates are responsible for their own transportation arrangements to and from the International Administrators Conference.</s>
    <s>The cheapest way to travel from the airport to the hotel is by bus. The Airlink 747 Bus service will bring clients to and from Dublin City Centre at a cost of €6 per person each way. The service runs approximately every 10-15 minutes.</s>
    <s>Alternatively, taxis are available also outside the Arrivals Department of Dublin Airport and can be booked at the Hotel for the return to the airport. Unfortunately, the Hotel does not have a shuttle service to/from the Airport.</s>
    <s>If you choose to drive, please be aware that there is limited free parking at the hotel. You must first check into the hotel to gain access to the lot. If, however, the lot is full, the hotel can arrange parking with the Irish Life Centre at a reduced overnight rate of €8.50. Transportation costs are not covered by conference registration.</s>
    <s>Driving Directions</s>
    <s>Visa Information</s>
    <s>Each conference delegate is responsible to determine whether or not they require a visa to enter Ireland. Citizens of the United States do not require a visa for visits up to three months in length.</s>
    <s>Request a letter of invitation</s>
    <s>Exhibitor Information</s>
    <s>If you are interested in exhibiting at IAC Europe, April 19-22, 2012, please contact the Conference Coordinator to secure a table. Electricity is available, and free internet is available throughout the hotel.</s>
    <s>Tables will only be reserved once booth fee and conference registration are received by ACSI.</s>
    <s>Cost: $325 per booth + conference registration fees, housing, and transportation</s>
    <s>Email the Conference Coordinator, or call 719.528.6906 ext. 210 for more information.</s>
    <s>Refund and Cancellation Policy</s>
    <s>The following information pertains to pre-conference and conference registration only--contact the Wynn's Hotel for information regarding room cancellations and deposits.</s>
    <s>Registrations will not be accepted after March 31, 2012. A refund of your registration fee minus $50 is available through March 30, 2012. After this time, no refund is available. Returned checks will be assessed a $25 fee, and declined credit cards will be assessed a $10 fee. Registrations sent via fax will be considered pending until payment has been received.</s>
    <s>Contact Information</s>
    <s>Mailing Address:</s>
    <s>Attn: Int'l Administrators Conference</s>
    <s>731 Chapel Hills Drive</s>
    <s>Colorado Springs, CO 80920</s>
    <s>Phone: 719.867.0210</s>
    <s>Email the International Conference Coordinator</s>
    <s>Administrator/Board Conference Dates</s>
    <s>Early Ed Conference Dates</s>
    <s>Exhibitor Overview</s>
    <s>Early Education</s>
    <s>Professional Development</s>
    <s>Advertise with Us!</s>
    <s>Contact Us</s>
    <s>Copyright 2008 by ACSI | Terms Of Use | Privacy Statement | Powered by Nimbusoft</s>
  </text>
</page>
