<?xml version="1.0" encoding="UTF-8"?>
<!DOCTYPE page SYSTEM "page.dtd">
<page>
  <lang>en</lang>
  <url>http://aesbroadcast.com/</url>
  <title>131st AES Convention | Broadcast and Media Streaming Audio ...</title>
  <snippet>
    <s>This panel will discuss listener fatigue and its impact on listener retention. . From production through transmission and reception, there are many points where </s>
  </snippet>
  <text>
    <s>Content on this page requires a newer version of Adobe Flash Player.</s>
    <s>131St AES Home</s>
    <s>AES New York 2011</s>
    <s>Broadcast and Media Streaming Session Details</s>
    <s>Thursday, October 20, 9:00 am — 10:30 am</s>
    <s>B1 - Facility Design—Renovation and Retrofitting</s>
    <s>John Storyk , Walters-Storyk Design Group</s>
    <s>Judy Elliot-Brown , Rocket Science, NY</s>
    <s>John McGowan , Director of Audio Engineering WNET TV</s>
    <s>Howie Schwartz , Howard Schwartz Recording Inc. - New York, NY, USA</s>
    <s>There continues to be an increasing need for facility upgrade and expansion in the broadcast production and post-production sectors. Numerous technical and social issues are fueling this, including changing delivery and production protocols (i.e., HDTV, surround audio, etc.); improved economic times with respect to media content organization; etc. Typically, facilities have had to expand or improve their audio production rooms by retrofitting an existing room or installing a new room within an existing production complex. This panel will explore specific techniques as well as examples dealing with the construction and more specific acoustic and technology issues, associated with retrofitting and renovating audio production facilities with an eye toward broadcasting production and post production standards.</s>
    <s>Thursday, October 20, 11:00 am — 12:30 pm</s>
    <s>B2 - Listener Fatigue and Retention</s>
    <s>David Wilson , CEA</s>
    <s>Todd Baker , SRS Labs</s>
    <s>Frank Foti , Omnia</s>
    <s>Greg Monti , Citadel Media</s>
    <s>Greg Ogonowski , Orban</s>
    <s>Sean Olive , Harman</s>
    <s>Ellyn Sheffield , Towson University</s>
    <s>This panel will discuss listener fatigue and its impact on listener retention. While listener fatigue is an issue of interest to broadcasters, it is also an issue of interest to telecommunications service providers, consumer electronics manufacturers, music producers, and others. Fatigued listeners to a broadcast program may tune out, while fatigued listeners to a cell phone conversation may switch to another carrier, and fatigued listeners to a portable media player may purchase another company’s product. The experts on this panel will discuss their research and experiences with listener fatigue and its impact on listener retention.</s>
    <s>Thursday, October 20, 4:30 pm — 6:00 pm</s>
    <s>B3 - Streaming with HTML5</s>
    <s>Valerie Tyler , College of San Mateo</s>
    <s>Greg Ogonowski , Orban</s>
    <s>Alex Zambelli , Microsoft</s>
    <s>HTML5 is a language for structuring and presenting content for the World Wide Web, a core technology of the Internet. It is the fifth revision of the HTML standard. HTML5 will have many features built into the code. One feature is the media player or how it will handle media being downloaded or streamed. This session will look into the technical considerations for media to be played back as well as the user interfaces.</s>
    <s>Friday, October 21, 9:00 am — 10:30 am</s>
    <s>B4 - Audio Processing for Radio</s>
    <s>Steve Fluker , Cox Radio</s>
    <s>Frank Foti , Omnia Audio</s>
    <s>Randy Woods, WPOZ</s>
    <s>James J. Johnston , Consultant</s>
    <s>Robert Orban , Orban</s>
    <s>There is much discussion as to why radio stations are “over-processed”—a term that is true or not depending on your point of view. This panel will be discussing audio processing in the radio environment. There will be a brief discussion of audio processing history, up to and including the advantages of using digital processors. And radio today is not just an analog medium—we will discuss do’s and don’ts for processing radio in the digital realm—and try taking a look into the future.</s>
    <s>Friday, October 21, 11:00 am — 1:00 pm</s>
    <s>B5 - Streaming &amp; Encoding</s>
    <s>David Bialik</s>
    <s>Todd Baker , SRS Labs</s>
    <s>Kirk Harnack , Telos Alliance</s>
    <s>James Johnston , Consultant</s>
    <s>Steve Lyman , Dolby</s>
    <s>Jan Nordmann , Fraunhofer USA</s>
    <s>Greg Ogonowski , Orban</s>
    <s>Geir Skaaden , DTS, Inc.</s>
    <s>William Waters , NewTek</s>
    <s>This session will discuss various methods of streaming and encoding media and how it can best be delivered to the end user over various platforms.</s>
    <s>Friday, October 21, 2:00 pm — 3:30 pm</s>
    <s>B6 - Television Loudness and Metadata</s>
    <s>Skip Pizzi , NAB</s>
    <s>Paul Keller, Harris Corp.</s>
    <s>Steve Lyman , Dolby Labs</s>
    <s>Andrew Mason , BBC R&amp;D</s>
    <s>Stephan Schreiner , Fraunhofer IIS</s>
    <s>Robert Seidel , CBS</s>
    <s>Digital television is now well established in the U.S. market, where most analog TV broadcasting was eliminated in 2009. The ATSC DTV audio system includes numerous features not previously available, including the ability to normalize audio loudness at the receiver (via the AC-3 dialnorm metadata feature). This process has not been uniformly applied, however, causing numerous listener complaints that ultimately resulted in federal legislation mandating the matching of TV commercial and program audio loudness. This new law – the Commercial Audio Loudness Mitigation (CALM) Act – is expected to become effective in January 2013, and FCC rules are currently being crafted toward its implementation, with significant input from ATSC and the industry on how to best comply with the Act’s requirements. Learn the latest about controlling TV audio loudness, and complying with the new mandates, from broadcasters, manufacturers and vendors in this timely and important session.</s>
    <s>Friday, October 21, 3:30 pm — 5:00 pm</s>
    <s>B7 - Audio Engineering Supporting People with Disabilities: A Workshop</s>
    <s>Eric Small , Modulation Sciences</s>
    <s>Steve Lyman , Dolby</s>
    <s>Alison Greenwald Neplokh , Chief Engineer, FCC Media Bureau</s>
    <s>Joel Snyder , Audio Description Project, American Council of the Blind</s>
    <s>On October 8, 2010, President Obama signed the Twenty-First Century Communications and Video Accessibility Act (CVAA) into law. The CVAA updates federal communications law to increase the access of persons with disabilities to modern communications and entertainment technology, including new digital, broadband, and mobile innovations. Since much of this law applies to the visually and hearing handicapped, it will create many challenges and opportunities for the audio engineering community. Graphic user interfaces must be made audible while audible interfaces must be made visual- and hearing aid-friendly. This workshop will explore CVAA from the viewpoint of an engineer and regulator who helped write the law and a creator of the content that implements one aspect of the law.</s>
    <s>Friday, October 21, 7:30 pm — 9:00 pm</s>
    <s>B8 - A Half Century of FM Stereo</s>
    <s>David Bialik</s>
    <s>Scott Fybush – Fybush.com / Inside Radio</s>
    <s>Richard Burden</s>
    <s>Frank Foti , Omnia Audio</s>
    <s>Richard Mertz , Cavell and Mertz</s>
    <s>Arno Meyer , Belar</s>
    <s>Robert Orban , Orban</s>
    <s>Skip Pizzi , NAB</s>
    <s>Bill Sacks, Orban</s>
    <s>Eric Small , Modulation Sciences</s>
    <s>Jeff Smith , Clear Channel</s>
    <s>Herb Squire, former Chief Engineer of WQXR</s>
    <s>Radio's first four decades were strictly monophonic. Despite some early experimentation by FM inventor Edwin Howard Armstrong, even &quot;high-fidelity&quot; FM remained mono until 1961, when the FCC chose among competing systems to declare a standard for FM stereo broadcasting.</s>
    <s>To celebrate the fiftieth anniversary of the first commercial FM stereo broadcasts in the United States, this panel discussion will bring together some of the industry's top broadcast engineers and equipment designers. Topics will include FM stereo's birth, the merits of the competing systems that sought FCC approval, the initial technical challenges faced by the new medium, the development of high-density FM audio processing and the future of analog FM stereo in an increasingly digital world.</s>
    <s>This event is being organized by the NY Section of the AES and will be held in the PC Richard &amp; Sons Theater at the Clear Channel studios, 32 Avenue of the Americas.</s>
    <s>The Audio Engineering Society thanks Clear Channel Communications for providing the theater for this event</s>
    <s>Saturday, October 22, 9:00 am — 10:30 am</s>
    <s>B9 - Sound Effects of the  Witches of Lublin</s>
    <s>Butch D'Ambrosio , SFX Artist</s>
    <s>Sylvaana Pinto , SFX Artist</s>
    <s>David Shinn , Master Engineer</s>
    <s>Mark Wiener , SFX Artist</s>
    <s>Sue Zizza , Director/Producer</s>
    <s>This session will be presented in 3 parts:</s>
    <s>a) Recording live effects—how we used our home and recorded late at night—see photos on the website in NEWS.</s>
    <s>b) Recording a large cast all together and still maintaining isolation for intercuts and post editing</s>
    <s>c) Recording live music—not as a studio production—all isolated—but as is.</s>
    <s>Saturday, October 22, 11:00 am — 12:30 pm</s>
    <s>B10 - Backhaul in the Twenty-First Century</s>
    <s>Frank Bolognino , Modular Monolith Systems</s>
    <s>Bruce Berensen , Sirius/XM</s>
    <s>Kirk Harnack , Telos Alliance</s>
    <s>Chris Tobin , Musicam USA</s>
    <s>Backhaul, or “the Clean Feed,” is transmitting point-to-point to an individual television / radio station or broadcast network. In the IP world of the 21st Century, new digital codecs and cellular technology have changed the way broadcasters get their feeds back to Master Control.</s>
    <s>Some of the items we will discuss include new hardware and software technologies; reliability; cost-effectiveness; compatibility; and latency, bandwidth, and network restriction issues.</s>
    <s>The panel will also tell of some of their experiences in planning remotes, interfacing with I.T., and some of the live events they have done using these new technologies.</s>
    <s>Saturday, October 22, 2:00 pm — 3:30 pm</s>
    <s>B11 - Lip Sync Issue</s>
    <s>Jonathan S. Abrams , Nutmeg Post</s>
    <s>Aldo Cugnini , AGC Systems LLC</s>
    <s>Adam Goldberg , AGP, LLC</s>
    <s>Steve Lyman , Dolby</s>
    <s>Jackson Wiegman, Evertz</s>
    <s>Lip sync remains a complex problem, with several causes and few solutions. From production through transmission and reception, there are many points where lip sync can either be properly corrected or made even worse. This session’s panel will discuss several key issues. Where do the latency issues exist? How can the latency be measured? What correction techniques exist for controlled environments? How does video display design affect lip sync? Who is responsible for implementing the mechanisms that ensure lip sync is maintained when the signal reaches your television?</s>
    <s>Join us as our panel addresses these questions and possible solutions.</s>
    <s>Saturday, October 22, 5:00 pm — 6:30 pm</s>
    <s>B13 - Improving the Streaming Audience Experience</s>
    <s>Bill Sacks , Orban</s>
    <s>Carl Edwards , Pandora</s>
    <s>Steven Harris , BridgeCo (SMSC)</s>
    <s>Rusty Hodge , SomaFM</s>
    <s>Greg Ogonowski , Orban</s>
    <s>Skip Pizzi , NAB</s>
    <s>In today’s highly competitive digital media environment the listener/viewer is being presented with millions of choices. They have no patience for glitchy players or phasey sounding tin horn unprocessed audio that is overly dynamic for the medium. Marshall McLuhan said this best when he said &quot;The medium is the message.&quot; Our audiences are now experiencing high quality audio on seamless players and if your stream is not one of these better quality streams, those fickle users will be lost forever with one bad experience.</s>
    <s>Saturday, October 22, 5:00 pm — 7:30 pm (1E14)</s>
    <s>LS11 - TVBDs and Geo-Location Databases: An In-Depth Look and Their Impact on Wireless Microphone Usage</s>
    <s>Henry Cohen , Production Radio</s>
    <s>Jesse Caulfield , Key Bridge Global</s>
    <s>Joe Ciaudelli , Sennheiser USA</s>
    <s>Ira Keltz , Federal Communications Commission</s>
    <s>Michael Marcus , Marcus Spectrum Solutions</s>
    <s>Steve Mendelsohn , ABC NY Jets</s>
    <s>David Pawlik , Skadden Arps</s>
    <s>Edgar Reihl , Shure, Inc.</s>
    <s>James Stoffo , independent entertainment production RF coordinator</s>
    <s>Television band devices (TVBD) are a reality and the first of the geo-location databases directing TVBD operations are in the testing phase. Operating wireless microphones, IEMs, intercoms and cueing in this new environment requires understanding how the databases work and the rules governing both licensed and unlicensed wireless production equipment. This panel brings together a diverse group of individuals intimately involved from the beginning with TVBDs, databases and the new FCC rules as well as seasoned veterans of medium to large scale wireless microphone deployments to discuss how the databases operate, how to use the database for registering TV channel usage, and best procedures and practices to insure minimal problems.</s>
    <s>Sunday, October 23, 9:00 am — 10:30 am</s>
    <s>B14 - Considerations for Facility Design</s>
    <s>Bice Wilson , Meridian Designs</s>
    <s>Examples of what we will discuss include:</s>
    <s>1. Pre-design: Translating your business plan into spaces and places. The right shapes for the creative workplace leasehold / building. Important Criteria for comparing potential leaseholds/buildings—Can you get there? Circulation &amp; pathways for People, Stuff &amp; Content; Is the structure &amp; infrastructure ready for your business?; Can your workflow work there? An Essential Design Methodology: Due Diligence, Analysis, Concepts, Policy, Design, Manage, Realize. The Project Team: Who you need, how to hire and manage them. Budget &amp; Schedule, every step of the way.</s>
    <s>2. Design: Trends in the changing multi-media workplace. Simple techniques to manage acoustical and technical performance with minimum</s>
    <s>expense. The importance of Coordination.</s>
    <s>3. Purchasing: No need to re-invent any wheels—standard processes, contracts and business structures.</s>
    <s>4. Construction Administration: Roles of Project Team members. Managing changes in scope and schedule. One place, seven contractors, one on-air date.</s>
    <s>Attendees will leave with a good overview of best practices, opportunities and pitfalls related to capital project development for the industries represented at AES.</s>
    <s>Sunday, October 23, 11:00 am — 12:30 pm</s>
    <s>B15 - New Initiatives in Digital Audio Playback and Automation for Radio</s>
    <s>Paul McLane , Radio World</s>
    <s>Hari Samrat, Broadcast Electronics</s>
    <s>Don Backus, Enco</s>
    <s>Brad Young, Wide Orbit</s>
    <s>Jeff Zigler, RCS</s>
    <s>As the line blurs between traditional radio and internet streaming, automation providers are exploring new technologies to serve broadcasters. From enhanced and simplified user interfaces to the ability to control a number of streams from a single workstation automatically, many initiatives are focused on the operator. Others, like running automation on virtualized hardware and increased utilization of cloud computing are focused on the engineering side. Learn how leading providers are addressing these and other issues to assist broadcasters in serving a rapidly changing market.</s>
    <s>Sunday, October 23, 2:30 pm — 4:00 pm</s>
    <s>B16 - Media File Management: Storage, Backup, and Retrieval of Your Assets</s>
    <s>David Prentice , Dale Pro Audio</s>
    <s>Jim Boas , RorkeData–An Avenet Company</s>
    <s>Tim Claman , AVID</s>
    <s>Alex Lelievre , Gobbler</s>
    <s>How’s your media? Is it safe? Is it accessible?</s>
    <s>Recording and production are rapidly moving into a file-based workflow with all the project materials—audio files, edits, plug-ins, automation, and video files—existing on spinning disks. During the project it’s necessary to keep track of the elements and after completion it’s vital to preserve all the work. But a project rarely remains untouched after submission so there is an increased need for media access and identification after the back-up to grab and re-purpose elements for a new job or revision. Our panel will discuss technologies including fiber, Ethernet, and cloud-based storage and retrieval for addressing the need to manage the exploding volume of media assets generated every day.</s>
    <s>Sunday, October 23, 2:00 pm — 5:00 pm</s>
    <s>B17 - Society of Broadcast Engineers Exams</s>
    <s>SBE exams will take place on October 23 at 2:00 pm during the annual AES convention. Applicants are encouraged to apply before the exams by going to www.sbe.org and accessing the certification applications. You may apply on-site for the Certified Broadcast Technologist or the Certified Broadcast Networking Technologist exams. If you wish to apply for the broadcast engineer, senior engineer or specialist certifications then you would need to pre- register by October 17. If you have any questions contact Megan Clappe, certification director at mclappe@sbe.org</s>
    <s>Conference Chair</s>
    <s>David K. Bialik</s>
    <s>Speaker Bios</s>
    <s>Jonathan S. Abrams, Nutmeg Post</s>
    <s>Todd Baker, SRS Labs</s>
    <s>Ian Bennett, Microsoft</s>
    <s>Jim Boas, Rorke Data</s>
    <s>Richard W. Burden</s>
    <s>Tim Claman, Avid</s>
    <s>Aldo Cugnini, AGC Systems LLC</s>
    <s>Carl Edwards, Pandora</s>
    <s>Judy Elliot Brown, Rocket Science NY</s>
    <s>Steve Fluker, Cox Media Group Orlando</s>
    <s>Frank Foti, Omnia Audio</s>
    <s>Scott Fybush</s>
    <s>Kirk Harnack, Telos/Omnia/Axia</s>
    <s>Steven Harris</s>
    <s>Rusty Hodge, SomaFM</s>
    <s>Paul Keller</s>
    <s>Alex Lelievre, Gobbler</s>
    <s>Thomas Lund, TC Electronic</s>
    <s>Steve Lyman, Dolby Labs</s>
    <s>Andrew Mason, BBC Research and Development</s>
    <s>John McGowan</s>
    <s>Richard H. Mertz</s>
    <s>Arno Meyer</s>
    <s>Jan Nordmann, Fraunhofer USA Digital Media Technologies</s>
    <s>Greg Ogonowski, Orban</s>
    <s>Sean Olive, Harman International</s>
    <s>Robert Orban</s>
    <s>Skip Pizzi, NAB</s>
    <s>David Prentice, Dale Pro Audio</s>
    <s>Bill Sacks, Optimod.FM</s>
    <s>Stephan Schreiner</s>
    <s>Howie Schwartz</s>
    <s>Robert Seidel</s>
    <s>Ellyn Sheffield, International Center for Accessible Radio Technology</s>
    <s>Geir Skaaden, DTS</s>
    <s>Eric Small, Modulation Sciences</s>
    <s>Herb Squire</s>
    <s>John Storyk</s>
    <s>Valerie Tyler</s>
    <s>Dave Wilson, CEA</s>
    <s>Randy Woods, Z88.3 Radio</s>
    <s>AES Links</s>
    <s>!Subscribe to Broadcast Events in iCal/Outlook</s>
    <s>AES Home</s>
    <s>AES 131st Home</s>
    <s>AES Events</s>
    <s>IMPORTANT AES CONVENTION LINKS</s>
    <s>Technical Program</s>
    <s>Detailed Calendar</s>
    <s>List of Exhibitors</s>
    <s>Exhibitor Brochure (PDF)</s>
    <s>Request More Information</s>
    <s>Exhibitor News</s>
    <s>!Add AES Dates to iCal / Google</s>
    <s>EXHIBITION HOURS</s>
    <s>Oct. 21 10am - 6pm</s>
    <s>Oct. 22 10am - 6pm</s>
    <s>Oct. 23 10am - 4pm</s>
    <s>REGISTRATION DESK</s>
    <s>Oct. 19 3pm - 7pm</s>
    <s>Oct. 20 8am - 6pm</s>
    <s>Oct. 21 8am - 6pm</s>
    <s>Oct. 22 8am - 6pm</s>
    <s>Oct. 23 8am - 4pm</s>
    <s>Copyright (C) 2011131st AES Convention | Broadcast and Media Streaming Audio Conference</s>
    <s>Powered by: Sfera Interactive</s>
    <s>RSS FeedComments</s>
    <s>131st AES Home</s>
    <s>Click here to proceed.</s>
  </text>
</page>
