<?xml version="1.0" encoding="UTF-8"?>
<!DOCTYPE page SYSTEM "page.dtd">
<page>
  <lang>en</lang>
  <url>http://www.iaea.org/newscenter/focus/npt/prepcom_sessions.shtml</url>
  <title>NPT Prepcom Sessions - International Atomic Energy Agency (IAEA)</title>
  <snippet>
    <s>Nov 17, 2009 The 2010 NPT Review Conference was held from 3 to 28 May 2010 at the United Nations Headquaters in New York, USA. Third Session of the </s>
  </snippet>
  <text>
    <s>1. Skip to navigation</s>
    <s>2. Skip to content</s>
    <s>3. Skip to secondary content</s>
    <s>4. Skip to sidebar</s>
    <s>!International Atomic Energy Agency (IAEA)</s>
    <s>Contact Us</s>
    <s>Site Index</s>
    <s>News Feeds</s>
    <s>International Atomic Energy Agency (IAEA)IAEA Home</s>
    <s>Search site</s>
    <s>About Us Who We Are</s>
    <s>Our Work What We Do</s>
    <s>News Centre Latest from IAEA</s>
    <s>Publications Books and Reports</s>
    <s>Nucleus Specialized Resources</s>
    <s>Top Stories &amp; Features</s>
    <s>Topics in Focus</s>
    <s>Press Centre</s>
    <s>IAEA and the NPT</s>
    <s>NPT &quot;PrepCom&quot; Sessions</s>
    <s>Every five years, Parties to the Nuclear Non-Proliferation Treaty meet to review its implementation. Before the Review Conferences, Preparatory Committee , or &quot;PrepCom&quot;, meetings are held.</s>
    <s>Leading up to 2010 NPT Review Conference:</s>
    <s>[2010 NPT Review Conference]</s>
    <s>The 2010 NPT Review Conference was held from 3 to 28 May 2010 at the United Nations Headquaters in New York, USA.</s>
    <s>Third Session of the Preparatory Committee, 4 - 15 May 2009, New York, USA :</s>
    <s>PrepCom2009, Background Information, Statements, Documents</s>
    <s>Second Session of the Preparatory Committee, 28 April - 9 May 2008, Geneva, Switzerland:</s>
    <s>IAEA Statement NPT PrepCom, by Vilmos Cserveny, 28 April 2008</s>
    <s>First Session of the Preparatory Committee: 30 April - 11 May 2007, Vienna, Austria:</s>
    <s>IAEA Statement NPT PrepCom, by Vilmos Cserveny, 1 May 2007</s>
    <s>Laying the Groundwork for 2010 NPT Review Conference, 30 April 2007</s>
    <s>Leading up to 2005 NPT Review Conference:</s>
    <s>[2005 NPT Review Conference]</s>
    <s>The 2005 NPT Review Conference was held from 2 to 27 May 2005 at the United Nations Headquaters in New York, USA.</s>
    <s>Third Session of the Preparatory Committee: 26 April - 7 May 2004, UN Headquarters, New York, USA:</s>
    <s>IAEA Statement NPT PrepCom, by Vilmos Cserveny, 26 April 2004 pdf</s>
    <s>Second Session of the Preparatory Committee, 28 April - 9 May 2003, Geneva, Switzerland:</s>
    <s>Run-Up Meeting to 2005 NPT Review Conference, 28 April 2003</s>
    <s>IAEA Statement NPT PrepCom, 29 April 2003 pdf</s>
    <s>First Session of the Preparatory Committee, 8 - 19 April 2002, UN Headquarters, New York, USA:</s>
    <s>IAEA Statement NPT PrepCom, 9 April 2002 pdf</s>
    <s>Main Page</s>
    <s>IAEA and the NPT</s>
    <s>NPT Resources</s>
    <s>What is NPT?</s>
    <s>Parties and Signatories</s>
    <s>Treaty, Full Text</s>
    <s>IAEA Key Roles</s>
    <s>Past NPT Review Conferences</s>
    <s>NPT Prepcom Sessions</s>
    <s>Responsible/Contact: Division of Public Information | Last update: 17 November 2009</s>
    <s>You are here:</s>
    <s>News Centre</s>
    <s>Topics in Focus</s>
    <s>IAEA and the NPT</s>
    <s>More on the IAEA</s>
    <s>Statute of the IAEA</s>
    <s>Mission Statement</s>
    <s>Business Opportunities</s>
    <s>Nuclear Energy</s>
    <s>Nuclear Safety and Security</s>
    <s>Nuclear Sciences and Applications</s>
    <s>Technical Cooperation</s>
    <s>News Centre</s>
    <s>Top Stories &amp; Features</s>
    <s>Topics In Focus</s>
    <s>Press Releases</s>
    <s>IAEA Bulletin</s>
    <s>Annual Reports</s>
    <s>Information Circulars</s>
    <s>Treaties &amp; Conventions</s>
    <s>Standards &amp; Guides</s>
    <s>Legal Agreements</s>
    <s>Safeguards &amp; Additional Protocols</s>
    <s>General Conference</s>
    <s>Board of Governors</s>
    <s>Member States</s>
    <s>Data Portals</s>
    <s>Nucleus Knowledge Portal</s>
    <s>Publications Catalogue</s>
    <s>International Nuclear Information System (INIS)</s>
    <s>Power Reactor Information System</s>
    <s>Nuclear Data Service</s>
    <s>General Conference Archive</s>
    <s>International Atomic Energy Agency</s>
    <s>Vienna International Centre, PO Box 100</s>
    <s>A-1400 Vienna, Austria</s>
    <s>Telephone: (+431) 2600-0, Facsimile (+431) 2600-7</s>
    <s>E-mail: Official Mail</s>
    <s>About Us | Our Work | News Centre | Publications | Nucleus</s>
    <s>Disclaimer | Contact Us | Site Index | News Feeds</s>
    <s>Copyright 1998-2010 (C) IAEA. All rights reserved.</s>
  </text>
</page>
