<?xml version="1.0" encoding="UTF-8"?>
<!DOCTYPE page SYSTEM "page.dtd">
<page>
  <lang>en</lang>
  <url>http://www.tall.ox.ac.uk/research/publications/index.php</url>
  <title>Publications, papers &amp; presentations | Oxford University Department ...</title>
  <snippet>
    <s>Debate panel member, City University Learning and Teaching conference, Public Seminars, University of Oxford, 11th February 2009; Presentation at the </s>
  </snippet>
  <text>
    <s>Department for</s>
    <s>Continuing EducationTechnology-Assisted</s>
    <s>Lifelong Learning</s>
    <s>Development services</s>
    <s>About TALL</s>
    <s>Current research</s>
    <s>Publications, papers &amp; presentations</s>
    <s>Past research</s>
    <s>Search site: (by Google)</s>
    <s>Publications, papers &amp; presentations</s>
    <s>Symposium: Is the VLE reborn?</s>
    <s>Patricia Forrest, Marion Manton, Phil George, Richard Hall, Gill Ferrell: 18th International Conference of the Association for Learning Technology, University of Leeds, UK, 6-8 September 2011</s>
    <s>Can technology save us? The experience of the Cascade project</s>
    <s>Marion Manton and Sean Faughnan: 18th International Conference of the Association for Learning Technology, University of Leeds, UK, 6-8 September 2011</s>
    <s>Workshop: Representing and sharing learning designs: A design support environment</s>
    <s>Diana Laurillard, Dejan Ljubojevic, Marion Manton, Brock Craft, Tom Boyle, Patricia Charlton: 18th International Conference of the Association for Learning Technology, University of Leeds, UK, 6-8 September 2011</s>
    <s>Are we in open country?</s>
    <s>Helen Beetham, Amber Thomas, David White, David Kernohan: 18th International Conference of the Association for Learning Technology, University of Leeds, UK, 6-8 September 2011</s>
    <s>Visitors and Residents: A new typology for online engagement</s>
    <s>David White and Alison Le Cornu, First Monday , Volume 16, Number 9, 5 September 2011</s>
    <s>OER Impact Study: Research Report</s>
    <s>A final report for practitioners within the OER community, assessing the current impact of OER in the light of OER activity to date.</s>
    <s>Elizabeth Masterman and Joanna Wild (with contributions from David White and Marion Manton), July 2011</s>
    <s>Open Educational Resources: The value of re-use in higher education</s>
    <s>An accessible report for non-specialists, highlighting the benefits, challenges and pathways to uptake of OER.</s>
    <s>David White and Marion Manton (with contributions from Elizabeth Masterman, Joanna Wild and Nicola Warren), July 2011</s>
    <s>Teachers’ perspectives on digital tools for pedagogic planning and design</s>
    <s>Elizabeth Masterman and Marion Manton (2011), Technology, Pedagogy and Education , 20:2, 227-246</s>
    <s>Workshop: Sustaining and embedding innovations to achieve institutional enhancement in learning and teaching</s>
    <s>Peter Bullen, Peter Chatterton, Rebecca Galley, Mark Russell, Paul Bartholomew, Marion Manton, Catherine O'Donnell: Sixth International Blended Learning Conference, University of Hertfordshire, June 2011</s>
    <s>Open Content and Open Practice - Who Benefits?</s>
    <s>David White: Invited speaker, Oxford University Press 'Get Digital' seminar series, Oxford, May 2011.</s>
    <s>OER Impact Study</s>
    <s>David White: Invited speaker, Open Nottingham Seminar, Nottingham, April 2011.</s>
    <s>JISC Curriculum Design and Delivery: Elluminate Wednesday</s>
    <s>Marion Manton: The Learning Design Support Environment and Curriculum Design, March 2011.</s>
    <s>Content or Contact?</s>
    <s>David White: Keynote, Africa Higher-Ed ICT Conference, Johannesburg, March 2011.</s>
    <s>Financial challenges - digital opportunities</s>
    <s>David White: OER strand facilitator/speaker, JISC Annual Conference, Liverpool, March 2011.</s>
    <s>Big understanding: The values of typologies of engagement?</s>
    <s>David White: Open University eLearning Community/Teaching and Learning Research Group event, February 2011.</s>
    <s>OER use/reuse workshop facilitation</s>
    <s>David White: JISC OER programme meeting, Birmingham, January 2011.</s>
    <s>Learning Without Frontiers</s>
    <s>David White: eSafety strand chair, London, January 2011.</s>
    <s>Final Report, Cascade Project</s>
    <s>Final report of the JISC-funded Cascade project, which investigated developing new models to transform the delivery and support of learning for continuing and professional learners at the University of Oxford.</s>
    <s>Marion Manton (with contributions from David Balch, Sean Faughnan, Bridget Lewis and Nicola Warren), December 2010.</s>
    <s>Cascade Project Case Studies</s>
    <s>Case Study 1: Leveraging technology to drive business performance</s>
    <s>Case Study 2: Customizing open source software: benefits and pitfalls</s>
    <s>Case Study 3: Using technology to support prospective students</s>
    <s>Case Study 4: Enabling staff to easily use a VLE to support course delivery</s>
    <s>Case Study 5: Maximising effective use of technology in new programmes</s>
    <s>David Balch, Sean Faughnan, Marion Manton, December 2010.</s>
    <s>Online distance learning: New expectations?</s>
    <s>David White: University of Leicester technology enhanced learning seminar series. December 2010.</s>
    <s>Educational Studies Department seminar series</s>
    <s>David White: Oxford. November 2010.</s>
    <s>JISC eLearning radio interview</s>
    <s>David White. November 2010.</s>
    <s>Sustaining innovation in curriculum delivery Marion Manton, Phil George and Gus Cameron, Innovating e-Learning 2010: Bringing innovation to life: From adversity comes opportunity, JISC Online conference, 23 - 26 November 2010.</s>
    <s>Study of UK Online Learning</s>
    <s>Report to HEFCE by the Department for Continuing Education, University of Oxford.</s>
    <s>David White, Nicola Warren, Sean Faughnan &amp; Marion Manton, October 2010.</s>
    <s>Supporting innovative teaching with an intelligent collaborative design environment</s>
    <s>Laurillard, D., Masterman, L., Magoulas, G., Charlton, P., Manton, M., Ljubojevic, D., Craft, B. &amp; Pujadas, R</s>
    <s>Workshop at ALT-C 2010: 17th International Conference of the Association for Learning Technology, Nottingham, 7-9 September 2010.</s>
    <s>'Sailing Against the trade winds' Invited speaker</s>
    <s>David White: ALT-C Conference, Nottingham, September 2010. Video of this talk.</s>
    <s>Transforming Curriculum Delivery through Technology Programme, overview of Cascade Bridget Lewis and Marion Manton, Learning and Teaching Practice Experts Group 20th Meeting, 13 July 2010, Bristol.</s>
    <s>Chairing discussion focused on the Study of UK Online Distance Learning</s>
    <s>David White: HEFCE Online Learning Task Force, London, June 2010.</s>
    <s>Invited expert</s>
    <s>David White: St Mary's University College TeL Study Day, Twickenham, June 2010.</s>
    <s>Keynote speaker</s>
    <s>David White: DeMontfort University TeL Symposium, Leicester, May 2010. Slides from this talk.</s>
    <s>Keynote speaker</s>
    <s>David White: Plymouth e-Learning Conference, Plymouth, April 2010. Video of this talk.</s>
    <s>Invited expert</s>
    <s>David White: Strategy Cascade, Llandudno, March 2010.</s>
    <s>Presenting our Study of UK Online Distance Learning</s>
    <s>David White: HEFCE Online Learning Task Force, London, March 2010.</s>
    <s>Running workshop on Green ICT and Social Media</s>
    <s>David White: JISC Green ICT conference, Birmingham, February 2010.</s>
    <s>Presenting initial findings of our Study of UK Online Distance Learning</s>
    <s>David White: HEFCE Online Learning Task Force, London, January 2010.</s>
    <s>‘Open Habitat Magazine’ from the Open Habitat project.</s>
    <s>Exploring the use of virtual worlds for teaching and learning in higher education.</s>
    <s>Contribution to the JISC ‘Getting Started in Second Life’ guide.</s>
    <s>‘Headlines’ report from the Isthmus project</s>
    <s>Bridging the divide between institutional elearning provision and the culture of the withed web.</s>
    <s>Report on the use of ‘Web2.0’ for the SPIRE project.</s>
    <s>Residency Relationships, and Responsibility</s>
    <s>Chapter 10, The Social Side of World of Warcraft in The Social Computing and Virtual Communities. Ed, Panayiotis Zaphiris, Chee Siang Ang. London: Chapman and Hall.</s>
    <s>Eventedness and Disjuncture in Virtual Worlds.</s>
    <s>White, D., and LeCornu, A. Eventedness and Disjuncture in Virtual Worlds. Journal of Educational Research , London: Routledge.</s>
    <s>Learning with Digital Games case study</s>
    <s>Learning with Digital Games case study: Whitton, N,. 2009. Learning with Digital Games. London: Routledge.</s>
    <s>Eventedness and Belonging in Virtual Worlds.</s>
    <s>Learning in Virtual Worlds Workshop, Coventry, November 2009.</s>
    <s>What Massively Mutliplayer Games can teach us about Social Media.</s>
    <s>TEDx, Birmingham, October 2009.</s>
    <s>It’s a nice place to visit but I wouldn’t want to live there: using the ‘Visitor-Resident’ principle to guide approaches to the participatory web.</s>
    <s>ALT-C conference, Manchester, September 2009.</s>
    <s>What is Post-Digital?</s>
    <s>ALT-C fringe session, September 2009.</s>
    <s>Theory and Reflection in Pedagogy Planner Tools to Support Learning Design</s>
    <s>Liz Masterman &amp; Marion Manton, European LAMS Conference, Open University, 7 July 2009.</s>
    <s>Does Technology Encourage or Stifle Creativity?</s>
    <s>Debate panel member, City University Learning and Teaching conference, London, June 2009.</s>
    <s>Not killing the creative: Balancing the aspirations of a multidisciplinary team at a distance.</s>
    <s>SEDA conference, Brighton, May 2009.</s>
    <s>Open Habitat project presentation.</s>
    <s>Pedagogic Theory and Pedagogic Planning in Digital Worlds</s>
    <s>Liz Masterman &amp; Marion Manton, Computers and Learning (CAL ’09) Conference, Brighton, 23–25 March 2009.</s>
    <s>Open Habitat project presentation</s>
    <s>David White, Orange Island, Second Life, April 2009. Watch a video of this talk</s>
    <s>The Visitors-Residents Principle.</s>
    <s>David White, 'Thoughtfest', Salford University, March 2009.</s>
    <s>Multi-User Virtual Enviroments Workshop.</s>
    <s>David White, Next Generation Environments conference, Loughborough &amp; 'Learn, Teach and Play in Virtual Worlds' event, City University, March 2009.</s>
    <s>Pedagogy Planning Tools: An answer to teachers’ prayers or just a good intention?</s>
    <s>Liz Masterman &amp; Marion Manton, Department of Education Public Seminars, University of Oxford, 11th February 2009</s>
    <s>Presentation at the Eduserv/JISC/Cetis event: 'Virtual Worlds for Teaching and Learning'</s>
    <s>David White, Glasgow, January 2009. View a slidecast of this talk</s>
    <s>Open Habitat project demo.</s>
    <s>David White, Online Educa conference, Berlin, December 2008.</s>
    <s>The Importance of Being Earnest: Exploring the implications of virtual worlds' capacity to foreground students' identity, role and attitude.</s>
    <s>David White, Workshop in Digital Identity at the JISC/HEA Teaching and Learning Research Programme conference, London, November 2008.</s>
    <s>The Unbearable Lightness of Being (an avatar): Three principles to guide teaching in MUVEs.</s>
    <s>David White, JISC online conference, November 2008.</s>
    <s>Swords and hairstyles: Bridging the divide between massively multiplayer game design and second life.</s>
    <s>David White, ALT-C, Leeds, September 2008. write-up of the talk</s>
    <s>Phoebe: a pedagogic planner</s>
    <s>Marion Manton, TALL Research Seminar, Oxford, August 2008. Watch a video of this talk</s>
    <s>Using virtual worlds for teaching and learning</s>
    <s>David White, TALL Research Seminar, Oxford, August 2008. Watch a video of this talk</s>
    <s>Symposium on second life</s>
    <s>David White, Steven Warburton, Helen Keegan, Steven Wheeler, Graham Atwell, Distance Learning conference, Malaysia (given onlne), July 2008.</s>
    <s>Phoebe: a Pedagogic Planning Tool</s>
    <s>Marion Manton and Liz Masterman, European LAMS Conference, Cadiz, June 2008</s>
    <s>Giving the right advice at the right time</s>
    <s>Marion Manton, Pedagogic / Activity Planner Meeting, European LAMS Conference, Cadiz, June 2008</s>
    <s>Learning from the games designers</s>
    <s>David White, Next Generations Environments Conference, Birmingham, May 2008. View a PowerPoint of the talk or a write-up of the talk</s>
    <s>Blurring boundaries: Taking advantage of society online</s>
    <s>David White, Shock of the Old conference, Oxford, April 2008. Slides from presentation</s>
    <s>Cultural capital and community development in the pursuit of dragon slaying (Massively Multiplayer guild culture as a model for sociable elearning)</s>
    <s>David White, ESRC festival of social science, City University, March 2008.</s>
    <s>The future of the pedagogic planning tool projects</s>
    <s>Liz Masterman and Marion Manton (Phoebe) and Diana Laurillard and Jonathan San-Diego (London Planner), Pedagogic Planners strategic review meeting, Birmingham, March 2008</s>
    <s>Symposium on second life</s>
    <s>David White, Steven Warburton, Helen Keegan, Steven Wheeler, Graham Atwell, Online Educa conference, Berlin, November 2007</s>
    <s>Cultural capital and community development in the pursuit of dragon slaying (Massively Multiplayer guild culture as a model for sociable elearning)</s>
    <s>David White and Deborah Goodbody, ALT-C, Nottingham, September 2007. Watch a video of this talk</s>
    <s>Phoebe: Web 2.0 technology to support innovation and collaboration among teachers (poster)</s>
    <s>Liz Masterman and Marion Manton, ALT-C, Nottingham, September 2007.</s>
    <s>Phoebe: a wiki-based pedagogic planner to promote innovative practice in Design for Learning</s>
    <s>Liz Masterman, Marion Manton, ALT-C, Nottingham, September 2007.</s>
    <s>Cultural Capital and Community Development in the Pursuit of Dragon Slaying</s>
    <s>David White, Games Learning and Society Conference, Madison, Wisconsin, July 2007.</s>
    <s>Rhizomes vs Scaffolds: Online Community and Structure, JISC/Emerge, Manchester.</s>
    <s>David White, JISC/Emerge, Manchester, July 2007.</s>
    <s>Phoebe: The role of a pedagogic planning tool in promoting effective Design for Learning</s>
    <s>Liz Masterman, European LAMS Conference, University of Greenwich. July 2007</s>
    <s>Phoebe: A Pedagogic Planner</s>
    <s>Marion Manton, Designing for Learning, University of Greenwich, July 2007.</s>
    <s>Web 2.0, Implications for Students</s>
    <s>David White, Bristol University Education Department Seminar, Bristol, June 2007.</s>
    <s>SPIRE project, Informal collaboration and Web 2.0</s>
    <s>David White, JISC Digital Repositories Conference, June 2007.</s>
    <s>Immersive Environments and Higher Education</s>
    <s>David White, JISC/Becta/Dti, Coventry, May 2007.</s>
    <s>Marion Manton and David Balch Pedagogy Forum and Educational Content SIG,.Liverpool Hope University, April 2007.</s>
    <s>Web 2.0, Institutional Policy</s>
    <s>David White, JISC Online Seminar, March 2007.</s>
    <s>Disrupt or co-opt? The role of a pedagogic planning tool in promoting effective design for learning</s>
    <s>Liz Masterman, Symposium on design for learning at CAL '07, Dublin, March 2007.</s>
    <s>WCKER - A learning design tool?</s>
    <s>Marion Manton, ALT-C, Edinburgh, September 2006.</s>
    <s>Design for Learning: a new paradigm? (Symposium)</s>
    <s>Marion Manton, Isobel Faulkner, Jane Plenderleith, ALT-C, Edinburgh, September 2006.</s>
    <s>A Practitioner-Focused Environment to Support Design for Learning</s>
    <s>Marion Manton and Liz Masterman, JISC pedagogy experts forum - University of Oxford, October 2006.</s>
    <s>Informal vs Formal technologies in relation to peer-to-peer</s>
    <s>David White, JISC Repositories Workshop, May 2006.</s>
    <s>Technical Approaches for the SPIRE project (Feasibility of peer-2-peer in FE and HE)</s>
    <s>David White, JISC Repositories Programme meeting, December 2005.</s>
    <s>Migration and transformation: two journeys to open source</s>
    <s>Tim Bilham, Graham Blacker, Geraldine Jones, Marion Manton, Lisa Williams and Simon Carter, ALT-C, Manchester, September 2005.</s>
    <s>Using Wikis For Project Management</s>
    <s>David White, JISC conference, July 2005.</s>
    <s>Wizard Extension Kit for Reload (development strategy)</s>
    <s>David White, JISC conference, April 2005.</s>
    <s>Wizard Extension Kit for Reload (initial plan)</s>
    <s>David White JISC conference, March 2004</s>
    <s>Forced to Conform? Using Common Processes and Standards to Create Effective eLearning</s>
    <s>Manton, M., Fernandez, B., Balch, D., and Meredith, M. (2004). Journal of Interactive Media in Education (Designing and Developing for the Disciplines Special Issue), 2004 (14). ISSN:1365-893X</s>
    <s>Workshop: &quot;Using XML for effective eLearning development&quot;</s>
    <s>Marion Manton, David Balch and Belen Fernandez (see case study at https://eduforge.org/wiki/wiki/exe/wiki?pagename=Case%20study%20on%20using%20XML). ALT Workshop, Oxford, July 2003.</s>
    <s>Forced to conform? Using common process and standards to create effective eLearning</s>
    <s>Marion Manton, The Shock of the Old 3: Designing and Developing for the Disciplines, Oxford, April 2003.</s>
    <s>ReliefSim: Creating computer simulations for teaching about humanitarian emergencies</s>
    <s>Marion Manton, Digital Projects in Oxford, March 2003.</s>
    <s>Developing the UKeU Community</s>
    <s>Symposium, Bruce Carter, Derek Morrison, Paul Bacsich and Marion Manton, ALT-C, Sheffield, September 2003.</s>
    <s>The global health programme - developing eLearning for African doctors</s>
    <s>Sarah Davies and Marion Manton, ALT-C, Sheffield, September 2003.</s>
    <s>OPUS - developing a personalised online learning environment for CPD</s>
    <s>Marion Manton, UACE (Universities Association for Continuing Education), University of Bath, March 2002.</s>
    <s>eUniversities workshop</s>
    <s>Marion Manton, ALT-C, Sunderland, September 2002.</s>
    <s>University of Oxford | Privacy policy | Enquiries | Keep me informed</s>
    <s>(C) 2002-2011 University of Oxford, Department for Continuing Education Rewley House, 1 Wellington Square, Oxford, Oxfordshire, OX1 2JA, United Kingdom. Tel: +44 (0)1865 270360</s>
  </text>
</page>
