<?xml version="1.0" encoding="UTF-8"?>
<!DOCTYPE page SYSTEM "page.dtd">
<page>
  <lang>en</lang>
  <url>http://helid.digicollection.org/en/d/Jwho86e/8.html</url>
  <title>New Approaches to New Realities: Conference Contributors</title>
  <snippet>
    <s>Topic 1 - Introduction and Overview: Typology and Causes of Emergency Settlement &middot; View the document &middot; Topic 2 - Planning for Preparedness: Early Warning, </s>
  </snippet>
  <text>
    <s>Home page | About this library | Help | Clear</s>
    <s>English | French | Spanish</s>
    <s>Search | Topics | Titles A-Z | Organizations | Keywords</s>
    <s>Expand Document</s>
    <s>Expand Chapter</s>
    <s>Full TOC</s>
    <s>Printable version</s>
    <s>Export document as HTML file Help</s>
    <s>Export document as PDF file</s>
    <s>New Approaches to New Realities (University of Wisconsin; 1996; 508 pages)</s>
    <s>Board of Advisors</s>
    <s>Theme ONE: Identification and Planning of Emergency Settlement</s>
    <s>Topic 1 - Introduction and Overview: Typology and Causes of Emergency Settlement</s>
    <s>Topic 2 - Planning for Preparedness: Early Warning, Contingencies, and Operations</s>
    <s>Topic 3 - Needs and Resources Assessment</s>
    <s>Topic 4 - Information Management and Communications</s>
    <s>Topic 5 - Interagency Coordination During Emergencies</s>
    <s>Topic 6 - Systemwide Institutional Response to Emergencies</s>
    <s>Theme TWO: Political, Security, Protection, Civil and Human Rights Aspects</s>
    <s>Topic 7 - Protection, Security, Civil and Human Rights</s>
    <s>Topic 8 - Provision of Assistance in Complex Emergencies</s>
    <s>Topic 9 - Special Needs of Vulnerable Groups</s>
    <s>Topic 10 - Support to Urban and Dispersed Populations</s>
    <s>Topic 11 - Repatriation, Return and Reintegration</s>
    <s>Topic 12 - Phasing Out Assistance</s>
    <s>Theme THREE: Basic Assistance Needs</s>
    <s>Topic 13 - Site Selection, Planning and Shelter</s>
    <s>Topic 14 - Environmental Health: Water, Sanitation, Hygiene, and Vector Management</s>
    <s>Topic 15 - Food, Nutrition and Medical Care</s>
    <s>Topic 16 - Household Needs</s>
    <s>Topic 17 - Logistics and Procurement</s>
    <s>Topic 18 - Population Estimation, Registration, and Distribution</s>
    <s>Theme FOUR: Social, Psychological, Economic and Developmental Issues</s>
    <s>Topic 19 - Social and Psychological Aspects of Emergency Settlement</s>
    <s>Topic 20 - Supporting Emergency Settlement Leadership and Participation</s>
    <s>Topic 21 - Support for Economic, Agricultural and Social Development</s>
    <s>Topic 22 - Education and Training</s>
    <s>Topic 23 - Cross Cultural Issues</s>
    <s>Topic 24 - Monitoring and Evaluation</s>
    <s>Conference Contributors</s>
    <s>Project Collaborators</s>
    <s>Emergency Settlement Project Background</s>
    <s>Conference Contributors</s>
    <s>The University of Wisconsin and InterWorks thank the following individuals who have contributed their time and support for this important educational project.</s>
    <s>Theme ONE: Identification and Planning of Emergency Settlements</s>
    <s>Peter Anderson, Sultan Barakat, John Bennett, Ian Davis, Maxx Dilley, Akram Eltom, Elizabeth Ferris, Barbara Harrell-Bond, George Labor, Mpho Makehma, Larry Minear, Arturo Pesigan, Pat Reed, John Telford, Jan Theunissen, Frank Verhagen, Rudy von Bernuth, Giles Whitcomb, Patricia Weiss Fagen, Neill Wright, Roger Zetter</s>
    <s>Theme TWO: Political, security, protection, civil and human rights aspects</s>
    <s>Brace Abramson, Hizkias Assefa, Costantinos Berhe-Tesfu, Mohammed Ehsan, Theresa Hicks, Homayra Etemadi, Guy Goodwin-Gill, Laura Hammond, Gaim Kibreab, Maria Lobo, Andrew Mayne, Courtney Mireille O’Connor, Steve Phillips, Pat Reed, Barry Rigby, Gerald Salole, Barry Stein, Jacques Willemse, John Williamson, Ken Wilson</s>
    <s>Theme THREE: Basic Assistance Needs</s>
    <s>Brent Burkholder, Mike Day-Thompson, Harlan Hale, Peggy Henderson, Bella Hovy, Terry Jeggle, Bill Lorance, Alessandro Loretti, Serge Male, Cyrus Mechkat, Mohammed Omer Mukheir, Mary Myers, Wolfgang Neumann, Rainer Nordberg, Matthew Owen, Eddy Perez, Claude Rakotomalala, Hussein Sasrem-Kalali, Gary Shook, Rob Stephenson, Richard Swenson, Jan Theunissen, Daniel Van Lehman</s>
    <s>Theme FOUR: Social, Psychological, Economic and Developmental issues</s>
    <s>Costantinos Berhe-Tesfu, Jean-Chrys Bisetsa, Neil Boothby, U.P. Chelliah, Ken Curtin, Kirk Felsman, Theresa Hicks, Rev. Murombedzi Kuchera, Jolyon Leslie, Lourdes C. Masing, Margaret McCallin, Lucia Ann McSpadden, Angelina Muganza, Ron Ockwell, Mary Joy Pigozzi, Adela Quesada, Margaret Sinclair, David Turton, Gustavo Wilches Chaux, John Williamson, Georges Zouain</s>
    <s>These individual contributors come from more than forty organizations which are acknowledged as project collaborators.</s>
    <s>Please provide your feedback</s>
    <s>English | French | Spanish</s>
  </text>
</page>
