<?xml version="1.0" encoding="UTF-8"?>
<!DOCTYPE page SYSTEM "page.dtd">
<page>
  <lang>en</lang>
  <url>http://www.aiche.org/Conferences/Resources/SessionChairManual.aspx</url>
  <title>Session Chair Manual - AIChE</title>
  <snippet>
    <s>GENERAL CALENDAR FOR SESSION CHAIRS . Technical Program goes live on the AIChE Meeting webpage and Paper/Extended Abstract upload begins. </s>
  </snippet>
  <text>
    <s>Home Log On Contacts Sitemap View Shopping Cart | Checkout</s>
    <s>About AIChE Press Room Advertise</s>
    <s>&gt;&gt;Advanced Search Find It FastHelpAIChE GlobalAIChE JournalAwardsAnnual MeetingCareer ResourcesCCPSCentennialCEP MagazineEnergyFAQ'sFinancial ServicesFellowsFoundationIFSNSEFPay Your DuesPlanned GivingSBESpring MeetingYoung Professionals</s>
    <s>Apply Online</s>
    <s>Download Join Application</s>
    <s>Benefits of Membership</s>
    <s>Membership Gift Program</s>
    <s>International Member Rates</s>
    <s>Membership Grades</s>
    <s>Search Member Directory</s>
    <s>Renew My Membership</s>
    <s>Membership Gift Program</s>
    <s>Update My Profile</s>
    <s>AIChE eLibrary</s>
    <s>Get Involved</s>
    <s>Financial Benefits</s>
    <s>Benefits for Young Engineers</s>
    <s>Get Insurance Information</s>
    <s>Activities Directory</s>
    <s>ChemE on</s>
    <s>Spring Meeting</s>
    <s>Annual Meeting</s>
    <s>Specialty Conferences</s>
    <s>Co-Sponsored Conferences</s>
    <s>Visa Procedure</s>
    <s>Programming Resources</s>
    <s>Call for Papers</s>
    <s>Exhibit and Sponsorships</s>
    <s>Registration Policy</s>
    <s>Past Conferences and Attendance Data</s>
    <s>Past Proceedings</s>
    <s>Chemical Engineering Progress</s>
    <s>AIChE/Wiley Press</s>
    <s>AIChE Journal</s>
    <s>Process Safety Progress</s>
    <s>Environmental Progress &amp; Sustainable Energy</s>
    <s>Biotechnology Progress</s>
    <s>Search for Books &amp; CD's</s>
    <s>AIChE eLibrary</s>
    <s>Order Reprints</s>
    <s>Ethical Guidelines</s>
    <s>Find a Job</s>
    <s>Post a Job</s>
    <s>Career Resource Network</s>
    <s>Career Development</s>
    <s>Student Focus</s>
    <s>Career Facts</s>
    <s>Career Fair</s>
    <s>Center for Chemical Process Safety</s>
    <s>Society for Biological Engineering</s>
    <s>Institute for Sustainability</s>
    <s>Safety &amp; Chemical Engineering Education</s>
    <s>Design Institute for Physical Properties</s>
    <s>Design Institute for Emergency Relief Systems</s>
    <s>Nanoscale Science Engineering Forum (NSEF)</s>
    <s>Center for Energy Initiatives (CEI)</s>
    <s>AIChE Water Initiative</s>
    <s>&amp; Forums</s>
    <s>View all Divisions &amp; Forums</s>
    <s>Join a Division</s>
    <s>Join a Forum</s>
    <s>Division &amp; Forum Awards</s>
    <s>Resources for Division &amp; Forum Leaders</s>
    <s>Local Sections</s>
    <s>&amp; Committees</s>
    <s>Join a Local Section</s>
    <s>Find a Local Section</s>
    <s>Start a Local Section</s>
    <s>Resources for Local Section Leaders</s>
    <s>Leadership Conference</s>
    <s>Past Leadership Conferences</s>
    <s>Student Chapters</s>
    <s>Young Professionals Advisory Board</s>
    <s>Join AIChE</s>
    <s>Renew My Student Membership</s>
    <s>Career Development</s>
    <s>Student Chapters</s>
    <s>Conferences &amp; Events</s>
    <s>Awards &amp; Competitions</s>
    <s>ScaleUp Sponsors</s>
    <s>Spring Meeting</s>
    <s>Key Dates for Programmers</s>
    <s>Spring Meeting Contacts</s>
    <s>Bring a Young Colleague</s>
    <s>2011 Meeting Information</s>
    <s>2010 Photos and Videos</s>
    <s>Annual Meeting</s>
    <s>Online Registration</s>
    <s>Hotels Information</s>
    <s>Area / Hotel Map</s>
    <s>Ground Transportation Information</s>
    <s>Programming Action Timetable</s>
    <s>Topical Conferences</s>
    <s>Topical Conference Contacts</s>
    <s>Core Programming</s>
    <s>Special Events</s>
    <s>Committee Meetings and Events</s>
    <s>Meeting/Event Room Request</s>
    <s>Meeting Room Capacities</s>
    <s>Short Courses</s>
    <s>Specialty Conferences</s>
    <s>Annual Safety in Ammonia</s>
    <s>PDF Registration</s>
    <s>Housing Form</s>
    <s>Co-Sponsored Conferences</s>
    <s>Exhibit and Sponsorships</s>
    <s>Past Spring Meeting Sponsors</s>
    <s>Past Annual Meeting Sponsors</s>
    <s>Visa Procedure</s>
    <s>Programming Resources</s>
    <s>FAQ - Submit Papers</s>
    <s>Guidelines and Style Manuals</s>
    <s>Presentation Record Format Guidelines</s>
    <s>Presentation Record Sample</s>
    <s>Style Manual for Authors and Speakers</s>
    <s>Topical Conference Planning</s>
    <s>AIChE Programming Committee</s>
    <s>Call For Papers</s>
    <s>Registration Policy</s>
    <s>Past Conferences and Attendance Data</s>
    <s>Past Proceedings</s>
    <s>SESSION CHAIR MANUAL</s>
    <s> Table of Contents</s>
    <s>SESSION FORMATS</s>
    <s>SESSION PROGRAM DEVELOPMENT</s>
    <s>SESSION/PAPER UPDATES </s>
    <s>SESSION MANAGEMENT </s>
    <s>GENERAL COMMENTS </s>
    <s>GENERAL CALENDAR FOR SESSION CHAIRS </s>
    <s>ROLE OF SESSION CHAIR (ON-SITE) </s>
    <s>I. SESSION FORMATS</s>
    <s>Individual technical sessions usually fall into the following categories.</s>
    <s>A. Symposia - In a Symposium, the total time devoted to a specific paper is generally 15-30 minutes including discussion time.  Five to ten minutes should be scheduled at the beginning and end of each symposium for an introduction and summary by the Session Chair.</s>
    <s>B. Tutorial - A Tutorial is appropriate when there has been 1) a rapid development in new technology which requires an update to set the stage for one or more technical sessions of the subject or 2) where there is sufficient number of attendees who would benefit from a basic primer.</s>
    <s>C. Panel Discussion – Panels are useful for communicating views and experiences by authorities in a field.  One variation is to follow the presentation of papers by a panel discussion.  The authors of the papers as well as other experts may participate on the panel.</s>
    <s>D. Poster Session – Poster Sessions are a less formal method of covering technical information.  Speakers post their papers and any other pertinent data on a bulletin board.  Attendees may then discuss the paper with the speaker in allotted time periods and gain additional input from other attendees. </s>
    <s>Back to Top</s>
    <s>II. SESSION PROGRAM DEVELOPMENT</s>
    <s>A. If a Vice Chair has not been already appointed by your Group/Area/Topical Chair, recruit and appoint one as soon as possible.  For consistency and communication purposes, it is necessary to designate only one Chair and one Vice-Chair.  However, multiple vice chairs are permitted.</s>
    <s>B. Develop a Call for Papers to announce your session’s area of interest and to encourage the submission of proposals to present.  Distribute the Call for Papers to key contacts in your session’s area of interest and include it in the appropriate Group or Division newsletters.  In addition, Topical Conference on Program Groups/Area may prepare call for papers addressing broader subject areas.  (The MPC will also list your session and your name, address, phone number and e-mail address on the AIChE web site (www.aiche.org).</s>
    <s>C. Let author know that presentation records (full paper/extended abstract) is the official policy of AIChE.  Accepted authors will be sent instructions on how to upload papers after the technical program is finalized.</s>
    <s>D. Maintain regular communication with your authors to monitor progress, remind them of deadlines, ask them to be prepared with a replacement speaker should they be unable to present their paper, and direct them to a Style Manual for Writers and Speakers.</s>
    <s>The manual is located at:  http://www.aiche.org/conferences/resources/asmanual.aspx</s>
    <s>Back to Top</s>
    <s>A. You may want to consider seeking sponsorship for refreshments to encourage more interaction and networking among session participants, but please coordinate these efforts with AIChE staff by contacting Deb Swift at debs@aiche.org.</s>
    <s>IV. SESSION/PAPER UPDATES</s>
    <s>Changes within sessions such as corrections and session changes other than changes within papers may be made through Confex up until the upload process for the CD-Rom commences.</s>
    <s>Papers within sessions may be corrected anytime up until the commencement of the meeting.</s>
    <s>Note:  Once the program book preparation has been initiated, all written changes should be minimized and will not be reflected in the on-site program book.</s>
    <s>Back to Top</s>
    <s>V. SESSION MANAGEMENT</s>
    <s>A. Two weeks prior to the meeting, communicate with each speaker to reconfirm session arrangements, schedules and plans regarding their attendance at the meeting.  Request them to arrive at the session room 30 minutes prior to the start of the session to receive any last-minute instructions.  Check that your speakers have all arrived and that you have all necessary A/V equipment.</s>
    <s>B. There may be a session aide in your meeting room.  The aide will be available to take attendance twice during each session.  You or your Vice-Chair must handle the duties of lights and audio visual monitoring.  In addition, one of you should estimate attendance during each paper presentation and turn this in to AIChE headquarters room after the session.  Audio technicians are available outside the meeting room for any issue which may arise with audiovisual equipment.</s>
    <s>C. During your session, please keep your speakers on schedule, if a scheduled paper has been cancelled or the speaker is a “no show,” fill the extra time with discussion or a break, if at all possible.  Do not advance subsequent papers ahead of the schedule printed in the Meeting Program.  “No shows” should be reported in the session attendance form in the Session Chair material provided because they seriously affect the quality of meetings and the Institutes’ reputation.</s>
    <s>Back to Top</s>
    <s>VI. GENERAL COMMENTS</s>
    <s>A. Expenses and Honoraria – Regrettably, AIChE cannot provide expense reimbursement or honoraria to session participants.</s>
    <s>B. Policy on Non Commercialism in Presentations – The aggressive promotional use of trade names or other forms of commercialism titles, text or figures is not permitted.  Authors may be shown as affiliated with companies or universities, and affiliations may be mentioned in acknowledgements.  Presentations that are promotions of a commercial product or process are not permitted.</s>
    <s>C. All Session Chairs, Vice-Chairs, and Speakers must complete a Registration Form and return it with payment.  Please refer to AIChE’s registration policy on:</s>
    <s>Requests for complimentary registrations will be considered by the Director of Meetings or Director of Programming at AIChE in accordance with the above policy.</s>
    <s>Back to Top</s>
    <s>VII. GENERAL CALENDAR FOR SESSION CHAIRS* </s>
    <s>Prior to 12 months out</s>
    <s>Accept a position as Chair of a session(s), have your name and contact information entered into the Confex online Technical Program and Abstract Collector, and receive a link and password to Confex</s>
    <s>11-5 months prior to meeting</s>
    <s>Call for Papers is officially open and chair can begin to actively solicit papers and monitor paper submission to session(s).  Any special scheduling requests need to be directed to Group/Area/Topical Chairs and MPC.</s>
    <s>~ 5 months</s>
    <s>Call for Papers is officially closed. </s>
    <s>Two weeks following close of CFP</s>
    <s>Session Chair, in compliance with any policies established by MPC and Group/Area/Topical Chairs, completes accept/reject transfer function for all submitted papers and establishes preferred order and paper duration through Confex.</s>
    <s>Occurs in the next 1-2 weeks</s>
    <s>MPC distributes draft technical program to all participants for final comment and to resolve scheduling conflicts.</s>
    <s>~ 4 months</s>
    <s>Technical Program goes live on the AIChE Meeting webpage and Paper/Extended Abstract upload begins.  Chairs should encourage all authors to upload papers.</s>
    <s>2 months</s>
    <s>Paper/Extended Abstract upload period closes.</s>
    <s>Chair should initiate and maintain contact with all accepted authors and resolve any problem in consultation with Group/Area/Topical Chair, MPC(s) and staff.</s>
    <s>Note: Dates subject to flux</s>
    <s>Back to Top</s>
    <s>VIII. ROLE OF SESSION CHAIR (ON-SITE)</s>
    <s>• Arrive to Session Room 15 minutes before Session</s>
    <s>• Check the A/V equipment and microphones.  Make sure you know how to operate the audiovisual equipment that is being used in the session and that everything is in working order.  If you do not, you may ask an audiovisual technician located nearby to ensure correct operation.  Test the microphones if time permits.</s>
    <s>• Room Lights.  Make sure you know where the light switches are and how to operate them.  (Note: Some rooms do not have dimmers.)</s>
    <s>• Session Attendance.  Session aides or AIChE will take a random head count at least twice during each session.  Session chair should also estimate attendance during each paper presentation.  Return this data to AIChE registration desk at end of session.</s>
    <s>• Seating.  As the room starts to fill up, try to direct attendees to empty seats.  Notify Staff Headquarters via the audiovisual technicians if you run out of seats.</s>
    <s>• Familiarize yourself with the safety exits in and outside the room.  Announce the safety exits and procedures to the session attendees.  Make known, in event of a fire do not use elevators, use staircases.</s>
    <s>• Refer to safety message located in the Program Book for further safety information.</s>
    <s>Back to Top</s>
    <s>Join Now | Member Center | ChemE on Demand | Conferences | Publications |  Career Resources</s>
    <s>Technical Societies | Divisions &amp; Forums | Local Sections &amp; Committees | Students </s>
    <s>Home | About AIChE | Press Room | Contacts | Advertise | Sitemap  </s>
    <s>Copyright © 2010 American Institute of Chemical Engineers | All rights reserved | Privacy &amp; Security Policy | Code of Ethics </s>
  </text>
</page>
