<?xml version="1.0" encoding="UTF-8"?>
<!DOCTYPE page SYSTEM "page.dtd">
<page>
  <lang>en</lang>
  <url>http://www.palmela2011.com/featured/omer-calev-using-panoramas-to-document-people</url>
  <title>Omer Calev – Using panoramas to document people | Palmela 2011 ...</title>
  <snippet>
    <s>Mar 29, 2011 Omer Calev – Using panoramas to document people Last call for conference speakers | Palmela 2011 - International Panoramic </s>
  </snippet>
  <text>
    <s>Palmela 2011 Brand</s>
    <s>Palmela 2011 - Press</s>
    <s>Palmela 2011 Testimonials</s>
    <s>Sponsors List</s>
    <s>Pousada Hotel</s>
    <s>How to get here</s>
    <s>Hotel do Sado Business and nature</s>
    <s>Palmela Village Golf Resort</s>
    <s>Palmela Castle</s>
    <s>Home Featured Omer Calev - Using panoramas to document people</s>
    <s>Omer Calev - Using panoramas to document people</s>
    <s>Posted by Carlos Chegado on Mar 29, 2011 in Featured, News, Speakers | 2 comments</s>
    <s>The Palmela 2011 Organization is pleased to announce Omer Calev as conference speaker:</s>
    <s>!Omer Calev</s>
    <s>Born in 1964 at Kibbutz Nir Yitzhak, Israel.</s>
    <s>Currently resides in Tel Aviv, Israel.</s>
    <s>Omer is the author &amp; co-developer, together with Sam Rohn, of PanoPress – a WordPress plug-in for 360° panoramas</s>
    <s>Started with photography at the age of 15.</s>
    <s>Served as a military photographer.</s>
    <s>Worked for newspapers &amp; magazines for over 20 years.</s>
    <s>Replaced his darkroom with computer &amp; software.</s>
    <s>Learned computer programming and works as a web developer.</s>
    <s>Omer Calev omercalev.com</s>
    <s>Omer Calev will talk about his work and the experience of using panoramas to document people. With Sam Rohn, he will cover the latest Panopress developments with practical examples on how to embed panoramas on your website plus the advantages of Panopress over other methods.</s>
    <s>Omer Calev talk is a part of Day 1 of Palmela 2011 - The Conference and is scheduled to take place June 1, 2011, in the Cine–Teatro São João, Palmela.With Sam Rohn he will talk about PanoPress on Day 3 of Palmela 2011 - The Conference scheduled to take place on June 3, 2011.Check and subscribe to the Palmela 2011 Schedule for updated details.</s>
    <s>Olive oil factory</s>
    <s>Mordechay Milgrom</s>
    <s>Shelly Semo</s>
    <s>Ali Nablusi</s>
    <s>The Hizmi family</s>
    <s>Moti Kovelsky</s>
    <s>2 Comments</s>
    <s>1. Last call for conference speakers | Palmela 2011 - International Panoramic Photography Festival. Palmela, Portugal, June 1-5, 2011 - Omer Calev – Using panoramas to document people </s>
    <s>2. Lestzer Aufruf für mögliche Sprecher auf der Konferenz | Palmela 2011 - International Panoramic Photography Festival. Palmela, Portugal, June 1-5, 2011 - Omer Calev – Using panoramas to document people </s>
    <s>Leave a Reply Cancel reply</s>
    <s>Your email address will not be published. Required fields are marked *</s>
    <s>Name *</s>
    <s>Email *</s>
    <s>You may use these HTML tags and attributes: `&lt;a href=&quot;&quot; title=&quot;&quot;&gt; &lt;abbr title=&quot;&quot;&gt; &lt;acronym title=&quot;&quot;&gt; &lt;b&gt; &lt;blockquote cite=&quot;&quot;&gt; &lt;cite&gt; &lt;code&gt; &lt;del datetime=&quot;&quot;&gt; &lt;em&gt; &lt;i&gt; &lt;q cite=&quot;&quot;&gt; &lt;strike&gt; &lt;strong&gt; `</s>
    <s>!en English</s>
    <s>Palmela 2011 gave me lots of inspiration, new insights and a chance to meet some of the best panographers from around the world. It was my first time in Portugal, which I got to know as a friendly and beautiful country. Thank you for this very well organized event.</s>
    <s>-- Pierre Gielen , Boxmeer, Netherlands</s>
    <s>Add your testimony here</s>
    <s>Thank you to our Partners</s>
    <s>See Our Other Sponsors</s>
    <s>Recent Posts</s>
    <s>Video – Alexandre Jenny</s>
    <s>Video – Thomas K. Sharpless</s>
    <s>Video – Ryan Whitehead</s>
    <s>Video – Marco Trezzini</s>
    <s>Video – Ignacio Ferrando Margeli</s>
    <s>Video – Welcome Speeches</s>
    <s>Palmela 2011 Exhibitions Map</s>
    <s>Thank you Volkswagen Autoeuropa</s>
    <s>Palmela Castle Masters Exhibition report</s>
    <s>Palmela 2011 advertising at São João Theater</s>
    <s>Palmela 2011 - Attendee Map</s>
    <s>October 2011</s>
    <s>July 2011</s>
    <s>June 2011</s>
    <s>May 2011</s>
    <s>April 2011</s>
    <s>March 2011</s>
    <s>February 2011</s>
    <s>January 2011</s>
    <s>November 2010</s>
    <s>October 2010</s>
    <s>360cities 360º Alain Hamblenne Andrew Bodrov attendees Bernard Custard Cine-Teatro São João exhibition Exhibitions Hotel Iban Borrás Serret Ignacio Ferrando Marguelí iOS iPad iPhone Jeffrey Martin Joergen Geerds Kent Durk Map Moscatel Nike Nimmo Bay Omer Calev palmela Palmela Castle Pano2VR Panopress Peninsula Pousada de Setúbal press conference roundshot Sam Rohn Speaker Speakers Thomas Rauscher Tourism Tucson 2010 twitter Urs Krebs video video 360º Video Tour ViewAt.org Wine Wordpress</s>
    <s>Presented by the International VR Photography Association</s>
    <s>*HTML: HyperText Markup Language</s>
  </text>
</page>
