<?xml version="1.0" encoding="UTF-8"?>
<!DOCTYPE page SYSTEM "page.dtd">
<page>
  <lang>en</lang>
  <url>http://www.cats-pyjamas.net/about/</url>
  <title>About - Cat&#39;s Pyjamas</title>
  <snippet>
    <s>Reviewer Plymouth e-Learning Conference 2011; Invited speaker at annual strategy meeting, . Maybe email or call me at Ministry head office in Wellington. </s>
  </snippet>
  <text>
    <s>Cat's Pyjamas</s>
    <s>Exploring education technology &amp; networked learning</s>
    <s>Moodle Tool Guide</s>
    <s>My name is Joyce Seitzinger. I’m an educational technologist working in higher education, committed to improving student learning experiences through emerging technologies and innovative teaching strategies. My special interests are Moodle, personal learning networks and networked learning, instructional design, and staff development for e-learning. I'm best known in the Moodle community for developing the Moodle Tool Guide for Teachers.</s>
    <s>I worked as eLearning advisor at the Eastern Institute of Technology until September 2011, leading a small team of Learning Technologists providing strategic advice, staff development &amp; support, instructional design and course development services. I will be starting my new role as Lecturer in Blended Learning at Deakin University in October 2011.</s>
    <s>After completing a Bachelors Degree in Celtic Studies, one of my first jobs was in e-learning and I've had a passion for education technology ever since. I completed a Master of Education Technology from the University of Southern Queensland in 2008.</s>
    <s>I'm Dutch but have lived in Germany, Ireland and Egypt. In 2006, I moved to New Zealand to work as e-learning advisor in tertiary education.</s>
    <s>Publications, Articles, Presentations &amp; Other Works</s>
    <s>Coming up:</s>
    <s>September - Invited speaker at Arab Open University, Muscat, Oman</s>
    <s>October – Keynote speaker Moodleposium, Canberra, Australia.</s>
    <s>Conference paper - Potts, L., Seitzinger, J., Jones, D., Harrison, A., (2011, October 2011). Tweeting Disaster - Hashtag Constructions and Collisions. SIGDOC Conference, Italy.</s>
    <s>December - Keynote speaker MoodleMoot Spain, Donostia, Spain</s>
    <s>Seitzinger, J. (26 January 2011). eqnz: Which Hashtag Prevails? Virtual presentation as part of workshop at IRGO Conference, Dunedin, New Zealand.</s>
    <s>Reviewer Plymouth e-Learning Conference 2011</s>
    <s>Invited speaker at annual strategy meeting, Department of Youth Unemployment (Hawke's Bay), Ministry of Social Development (February 2011). Using social media for youth interactions.</s>
    <s>Moodle Training and Moodle Masterclass. Training sessions for Pukunui Technology/Moodle.com.au, 22 &amp; 25 March 2011, Hong Kong.</s>
    <s>Moodle seminar with Shane Elliot (Pukunui Technology) at VTC, 23 March 2011, Hong Kong.</s>
    <s>Seitzinger, J. (2011, March 2011). Invited speaker CITE-seminar, Personal Learning Networks for Educators , 24 March 2011, University of Hong Kong.</s>
    <s>Henrick, G., Lasic, T., Ridden, J., Seitzinger, J., Cooch, M., Moore, M., Drechsler, M.,(30 April 2011). Course Creator Challenge - What Makes a Good Course? Panel Session at international iMoot Conference, 30 April-2 May 2011, Online, Global.</s>
    <s>Seitzinger, J. (2011, May 2011). Moodle Tool Guide - Ripples . Presentation at international iMoot Conference, 30 April-2 May 2011, Online, Global.</s>
    <s>Seitzinger, J. (2011, May 2011). Invited speaker at University of Tasmania. Personal Learning Networks for Teachers. Hobart, Australia, May 23 2011.</s>
    <s>Seitzinger, J. (2011, May 2011). Personal Learning Networks for Educators, Keynote presentation Skills Tasmania Conference.  Hobart, Australia, 24 May 2011.</s>
    <s>Seitzinger, J. (2011, May 2011). Moodle Tool Guide: an Open Educational Resource for the Moodle Community, Invited speaker, virtual presentation SUNY Delhi MoodleMoot conference.  New York, 25 May 2011.</s>
    <s>Seitzinger, J. (2011, June 2011). Invited virtual speaker at Box Hill Institute staff conference, Melbourne, Australia, 23 June 2011</s>
    <s>Seitzinger, J. (2011, July 2011). Invited speaker at Interactive Learning event at Massey University, Palmerston North, 13 July 2011.</s>
    <s>Seitzinger, J. (July, 2011).Crowdsourcing to the Mth degree – Moodle Tool Guide for Teachers. Virtual presentation at MoodleMoot Australia, Sydney 17-21 July 2011.</s>
    <s>Seitzinger, J. (July, 2011). Moodle Course Design: A High-Wire Act. Presentation at MoodleMoot New Zealand, Auckland 25-26 July 2011.</s>
    <s>Developed &amp; published Moodle Tool Guide for Teachers (18 May 2010) Creative Commons.</s>
    <s>Invited speaker at Geonet Science, Wellington (April 2010). Social Media: The Power of You.</s>
    <s>Seitzinger, J. (2010, July 2010). What My PLN Means To Me. Workshop at the PLE Conference, 7-9 July, Barcelona, Spain.</s>
    <s>Seitzinger, J. (2010, July 2010). Kia Ora and Gidday: the impact of an informal community of practice on an educator's personal learning network . Conference paper at the PLE Conference, 7-9 July, Barcelona, Spain.</s>
    <s>Seitzinger, J. (2010, September 2010). Moodle Tool Guide . Presentation at SA MoodleMeetUp, 3 September, Adelaide, Australia.</s>
    <s>Seitzinger, J. (2010, September 2010). Personal Learning Networks for Teachers. Invited speaker/Workshops at the Waiariki Institute of Technology Staff Conference, 23 September 2010, Rotorua, New Zealand.</s>
    <s>Seitzinger, J. (2010, November 2010). Personal Learning Networks: Personal, Practical, Pervasive . Keynote at Converge 10 conference, November, Melbourne, Australia.</s>
    <s>Seitzinger, J. (2010, November 2010). Moodle Tool Guide . Presentation at Converge 10 conference, November, Melbourne, Australia.</s>
    <s>Seitzinger, J. (2009, May 2009). Elements of an e-Learning Community of Practice at a NZ Institute of Technology. Poster presentation at the EDUCAUSE Australasia Conference, 3-6 May, Perth, Australia.</s>
    <s>May 2009 - Video conference session with TAFE Queensland sites. Topic: e-Learning Strategies</s>
    <s>Seitzinger, J. (2009, July 2009). Fantastic Moodles - Creating Effective &amp; Engaging Activities in Moodle. Workshop at the UCOL Moodle Staff Conference, 6-7 July 2009, Palmerston North, New Zealand.</s>
    <s>Seitzinger, J. (2009, July 2009). Web2.0 Technologies - Become a connected teacher! Invited Speaker - Workshop at the NACCQ Conference, 10-13 July 2009, Napier, New Zealand.</s>
    <s>Seitzinger, J., Jamieson J., Forlong-Ford, S., (2009, July 2009). Design By Numbers: a rubric to aid online course design. Peer-reviewed paper presented at the NACCQ Conference, 10-13 July 2009, Napier, New Zealand. Retrieved from http://hyperdisc.unitec.ac.nz/naccq09/proceedings/</s>
    <s>Co-facilitator eFest Open Space (September 2009) with David Sturrock</s>
    <s>Seitzinger, J. (2009, September 2009). You Are Not Alone Keynote eFest/Teaching &amp; Learning Conference, September 2009, Palmerston North, New Zealand.</s>
    <s>Seitzinger, J. (2009, October 2009). Introduction to Moodle Invited Speaker - Workshop at Learning Technologies Conference, October 2009, Mooloolaba, Australia.</s>
    <s>Seitzinger, J. (2009, October 2009). Engaging Activities in Moodle Invited Speaker - Workshop at Learning Technologies Conference, October 2009, Mooloolaba, Australia.</s>
    <s>Presentation to New Zealand Computer Society (November 2009) Using social media to build personal/professional learning networks</s>
    <s>Seitzinger, J. (2008). Be Constructive: Blogs, Podcasts and Wikis as Constructivist Learning Tools. In Best of The eLearning Guild's Learning Solutions: Top Articles from the eMagazine's First Five Years . San Francisco, CA: Pfeiffer.</s>
    <s>May 2008 - 2 Days Moodle/e-Learning advice and staff development at Aoraki Polytechnic, Timaru, New Zealand</s>
    <s>Seitzinger, J. (2008, July 2008). All Roads Lead To Rome: Growing an eLearning Community of Practice . Presentation at the HERDSA 2008 Conference, 1-4 July, Rotorua, New Zealand.</s>
    <s>Seitzinger, J. (2008, October 2008). Becoming a connected teacher – start your personal learning network. Workshop at the Teaching &amp; Learning Conference: Student Success: A New Era in Ways of Learning, 1-3 October, Napier, New Zealand.</s>
    <s>Seitzinger, J., Forlong-Ford, S., Leslie, A., Pascoe, R., Gardiner, J. and Manhire, K., (2008). Moodle at the Eastern Institute of Technology . Keynote at the New Zealand MoodleMoot Conference, 8-10 October 2008, Napier, New Zealand. National.</s>
    <s>Sturrock, D., Pringle, R., Seitzinger, J. and Ford, N. (2008). Moodle Networking - Getting Our (my)Learner's License. Presentation at the New Zealand MoodleMoot Conference, 8-10 October 2008, Napier, New Zealand. National.</s>
    <s>Seitzinger, J. (2007). Online Tools for CoPs. Presentation at the EIT Seminar Series 2007, 30 August 2007, Napier.</s>
    <s>Hunt, K., Seitzinger, J. (2007, June 2007). Planning and communication for online projects: How do we get where we want to go? Presentation at eFest, 25-27 June 2007, Wellington.</s>
    <s>Seitzinger, J. (2007, July 2007). Planning and Communication for Online Learning Projects. Presentation at the Teaching and Learning Conference, 5-6 July 2007, Napier.</s>
    <s>Seitzinger, J. (2006). Be Constructive: Blogs, Podcasts and Wikis as Constructivist Learning Tools. Learning Solutions e-Magazine: Practical Applications of Technology for Learning , 1-14. Retrieved from http://www.elearningguild.com/pdf/2/073106DES.pdf.</s>
    <s>14 Responses to &quot;About&quot;</s>
    <s>1. Aggie</s>
    <s>October 8th, 2009 at 5:11 pm</s>
    <s>Hi JoyceJust a quick note to thank you for inspiring workshops and presentations during e-Fest last week !:-)</s>
    <s>And thank you for helping me to find through you Father Ted on TwitterI was aslo studying in Dublin, living in Dun Laoghaire. Oh, miss it sometimes, even the bad weather. An t-adh leatAggie</s>
    <s>2. angelien</s>
    <s>November 3rd, 2009 at 3:58 am</s>
    <s>Hi Sjoishow is life in je nieuwe home?</s>
    <s>Je lijkt speedy te gaan met zoveel publicaties en optredens</s>
    <s>Wij wonen inmiddels in Frankrijk, veel houthakken en fik stoken</s>
    <s>Liefs, ook aan Hans, Angelien (Spaan koken en NN)</s>
    <s>3. Guia Moodle per al professorat « Bloc de la Biblioteca del Campus Bellvitge</s>
    <s>July 5th, 2010 at 6:02 pm</s>
    <s> creat per l'experta en disseny i gestió de sistemes d'aprenentatge en línia Joyce Seitzinger i que va publicar al seu bloc Cat's Pyjamas el passat mes de maig. La guia relaciona en una </s>
    <s>4. Guia Moodle per al professorat (via Bloc de la Biblioteca del Campus Bellvitge) « Bloc de Farmàcia / Pharmacy Blog</s>
    <s>July 6th, 2010 at 8:45 pm</s>
    <s> de l’original creat per l’experta en disseny i gestió de sistemes d’aprenentatge en línia Joyce Seitzinger i que va publicar al seu bloc Cat’s Pyjamas el passat mes de maig. La guia relaciona en una </s>
    <s>5. Guia Moodle per al professorat «</s>
    <s>July 7th, 2010 at 3:03 pm</s>
    <s> de l’original creat per l’experta en disseny i gestió de sistemes d’aprenentatge en línia Joyce Seitzinger i que va publicar al seu bloc Cat’s Pyjamas el passat mes de maig. La guia relaciona en una taula </s>
    <s>6. Guia Moodle per al professorat « Bloc d'Econòmiques i Empresarials</s>
    <s>September 13th, 2010 at 1:12 pm</s>
    <s> de l’original creat per l’experta en disseny i gestió de sistemes d’aprenentatge en línia Joyce Seitzinger i que va publicar al seu bloc Cat’s Pyjamas el passat mes de maig. La guia relaciona en una taula </s>
    <s>7. Margaret Hale</s>
    <s>September 30th, 2010 at 1:02 pm</s>
    <s>Hi Joyce,</s>
    <s>Can I just thank you for creating this blog. I have spent the last two years &quot;reforming&quot; my teaching and have begun a new mission to develop quality technology professional development for the teachers in my district (and hopefully the state of CT, USA). I have adopted your term &quot;Gateway PD.&quot;</s>
    <s>I am in the process of developing a series of monthly online workshops and have added this site as a main link. Your ideas, comments and information is so inspiring!</s>
    <s>I have, however, been asked by my superintendent to put together a face-to-face Delicious workshop and wondered if you could recommend an outline for a two hour workshop. I have quite a bit of experience with developing online modules, but this will be my first &quot;live&quot; presentation to a &quot;captive&quot; audience.</s>
    <s>Any advice would be greatly appreciated.</s>
    <s>8. perspective » Blog Archive » Moodle Tool Guide disponible en français</s>
    <s>October 21st, 2010 at 5:48 am</s>
    <s> Moodle Tool Guide, conçu et publié par Joyce Seitzinger (@catspyjamasnz), néerlandaise émigrée en Nouvelle-Zélande, est un aide-mémoire pour </s>
    <s>9. AOD work and personal learning networks | Stonetree Harm Reduction</s>
    <s>November 27th, 2010 at 7:09 pm</s>
    <s> to pursue.  One of the highlights of the conference for me was the pleniary session delivered by Joyce Seitzinger, an Education Technologist hailing from New Zealand.  Joyce's presentation about Personal </s>
    <s>10. Soren Skott</s>
    <s>December 2nd, 2010 at 9:39 pm</s>
    <s>Dear Joyce,</s>
    <s>I had the pleasure to attend your sessions at the conVerge10, recently held in Melbourne.</s>
    <s>Your entusiasm made me re-engage with Twitter. So now I'll do some experiments to see what it does to my PLN !:-)</s>
    <s>11. Clark Shah-Nelson</s>
    <s>March 1st, 2011 at 8:08 am</s>
    <s>HI Joyce,</s>
    <s>Love the Moodle tool guideWould you be at all interested and/or able to give a virtual presentation for our MoodleMoot on May 24th or 25th?</s>
    <s>If so, please email me and let me know what times of day Eastern US time (-5:00 GMT) would work for you on either day!</s>
    <s>Clark Shah-Nelson,</s>
    <s>SUNY Delhi</s>
    <s>12. Paul Seiler</s>
    <s>March 3rd, 2011 at 8:21 pm</s>
    <s>Joyce, keen to see how some of the work I fund for schools could be used by EIT, as I have few contacts/requests from HB schools. Maybe email or call me at Ministry head office in Wellington.</s>
    <s>13. Natalie Barrington</s>
    <s>April 21st, 2011 at 8:35 am</s>
    <s>Hello Joyce, I work for a publisher who would like to use some of your content. Please email me?</s>
    <s>Thank you,</s>
    <s>14. Moodle Tool Guide for Teachers « Moodle me</s>
    <s>April 29th, 2011 at 9:07 pm</s>
    <s> Joyce Seitzinger (@catspyjamasnz) put together a Moodle Tool Guide for Teachers available to download as a pdf, which lists the different activities and resources and how you would use them; all in a traffic light system ranging from great fit to not best tool for the job. </s>
    <s>Leave a reply</s>
    <s>Name (*)</s>
    <s>E-mail (*)</s>
    <s>Entries (RSS)</s>
    <s>Comments (RSS)</s>
    <s>About this blog</s>
    <s>I spend a lot of time exploring educational technology and social media, particularly looking at how they can be used for teaching &amp; learning. This blog is a place to collect what I find.</s>
    <s>The postings on this site are my own and don't necessarily represent my employer's positions, strategies, or opinions.</s>
    <s>Recent Articles</s>
    <s>Recent Comments</s>
    <s>Moodle Course Design: a high-wire act mootnz11</s>
    <s>Twitterwalls: the writing's on the wall</s>
    <s>The ID Litany</s>
    <s>weekly edtech links</s>
    <s>The Epitome of EdTech</s>
    <s>iMoot - Moodle Course Creator Challenge - The Rubric</s>
    <s>weekly edtech links</s>
    <s>Moodle Tool Guide</s>
    <s>Looking for Interesting Examples of Blended Learning</s>
    <s>Tweeting it up in the Hawke's Bay - hbtweetup</s>
    <s>Moodle Guide for Teachers of Education Pictures: [ Bojan and Simon at]</s>
    <s>Joyce Seitzinger: Thanks for kind words, Jessica!</s>
    <s>Niki: Is there a version for</s>
    <s>Jessica Allen: Hi thereJust wanted to</s>
    <s>Hilary Bowler: Hi Joyce, I am a post-graduate</s>
    <s>Start Small: [ will work and what]</s>
    <s>The Instructional Design (ID) Litany Seitzinger: [ ]</s>
    <s>Luis: Dear Joyce, Thanks a lot for</s>
    <s>Como usar as Ferramentas do Moodle | ATP - USP: [ tempo atrás traduzimos uma]</s>
    <s>murtaza kanpurwala: Thanx for sharing . I love</s>
    <s>For the Moodle Tool Guide for Teachers</s>
    <s>Learning Design</s>
    <s>Networked learning</s>
    <s>social media</s>
    <s>Staff development</s>
    <s>Past posts</s>
    <s>July 2011</s>
    <s>June 2011</s>
    <s>May 2011</s>
    <s>April 2011</s>
    <s>March 2011</s>
    <s>February 2011</s>
    <s>December 2010</s>
    <s>November 2010</s>
    <s>September 2010</s>
    <s>July 2010</s>
    <s>June 2010</s>
    <s>May 2010</s>
    <s>March 2010</s>
    <s>December 2009</s>
    <s>October 2009</s>
    <s>September 2009</s>
    <s>August 2009</s>
    <s>August 2008</s>
    <s>June 2008</s>
    <s>April 2008</s>
    <s>February 2008</s>
    <s>January 2008</s>
    <s>December 2007</s>
    <s>In the know</s>
    <s>Alan Levine</s>
    <s>Alec Couros</s>
    <s>D'Arcy Norman</s>
    <s>Danah Boyd</s>
    <s>Derek Wenmoth</s>
    <s>Jeff Utecht</s>
    <s>Jon Mott</s>
    <s>Judy O'Connell</s>
    <s>Karl Fisch</s>
    <s>Mark Smithers</s>
    <s>Nancy White</s>
    <s>Steve Wheeler</s>
    <s>Will Richardson</s>
    <s>Copyright (C) 2007 - Cat's Pyjamas - is proudly powered by WordPress</s>
    <s>Dilectio Theme is created by: Design Disease brought to you by Smashingmagazine.com</s>
    <s>*URI: Uniform Resource Identifier</s>
  </text>
</page>
