<?xml version="1.0" encoding="UTF-8"?>
<!DOCTYPE page SYSTEM "page.dtd">
<page>
  <lang>en</lang>
  <url>http://scribblersretreatwritersconference.com/schedule/schedule-may-2011</url>
  <title>Schedule for May 2011 | Scribbler&#39;s Retreat and Writer&#39;s Conference</title>
  <snippet>
    <s>May Conference a Huge Hit with Educators, Students! 4:00 - 5:00 pm, Author June Hall McCash - &quot;Writing Historical Fiction&quot; Jekyll Island&#39;s Early Years: From </s>
  </snippet>
  <text>
    <s>Recent Posts</s>
    <s>Laura Day Speaks in November!</s>
    <s>Chicago Broadcaster Gives Keynote Address</s>
    <s>Renaissance Woman, Sandra Gurvis, Rocks!</s>
    <s>May Conference a Huge Hit with Educators, Students!</s>
    <s>Phillip Margolin Speaks in May 2011</s>
    <s>&quot;Almost to Eden&quot; by June Hall McCash</s>
    <s>Presenting Diana Gabaldon November Conference!</s>
    <s>Adam Davies Speaking in November</s>
    <s>Welcome Haywood Smith &quot;The Red Hat Society&quot;!</s>
    <s>Jonathan Rabb, A Rare Talent</s>
    <s>Schedule for May 2011</s>
    <s>Fasten your seat-belts and get ready for adventure, suspense, mystery and history. Our May Conference is sure to tantalize and inspire you on your own writing journey. If you have been wondering about how to make your writing a true success story, you will really get a lot out of this conference. We are proud to present a very interesting mix of inspiring experts from a variety of backgrounds and geographies. From &quot;thriller&quot; novelists to writers of enchanting poetry and award-winning juvenile fiction writers, this conference has it all!</s>
    <s>Day 1: THURSDAY, MAY 12th</s>
    <s>Sign-in 5:00 pm Solarium Lobby</s>
    <s>Time Activity</s>
    <s>6:00 - 7:00 pm</s>
    <s>Opening Ceremonies Banquet (included in price of conference)</s>
    <s>6:00 - 7:45 pm</s>
    <s>Bookstore Open</s>
    <s>Day 2: FRIDAY, MAY 13th</s>
    <s>Time Activity</s>
    <s>7:00 - 9:00 am</s>
    <s>Complimentary Coffee Service in meeting room</s>
    <s>9:00 - 10:00 am</s>
    <s>Author Denise Tompkins - &quot;Effective Query Letter Writing &quot; Denise will explain how an effective query letter earned her an unagented request for the full manuscript from one of the &quot;big six&quot; New York publishing houses. CHALLENGE PRIZE Airplane Ride over the islands</s>
    <s>10:00 - 11:00 am</s>
    <s>Author Ricki Schultz - &quot;Online Presence Building-Made Easy&quot; Ricki is a freelance writer/editor and a recovering high school English Teacher who contributes to Writer's Digest Books and interviews literary agents for the Guide to Literary Agents blog.</s>
    <s>11:00 - 2:00 pm</s>
    <s>Break for Lunch, Book Signings, Tour the island, etc.</s>
    <s>2:00 - 3:00 pm</s>
    <s>Author Chuck Barrett - &quot;Who's Point of View is it Anyway? How Not to Confuse Your Reader&quot; The Savannah Project , Barrett's first novel interweaves his aviation expertise, a long-time passion for writing and a keen sense of suspense.</s>
    <s>3:00 - 4:00 pm</s>
    <s>Author Pat Bertram - &quot;Creating Incredible, but Credible, Characters&quot; Daughter Am I, More Deaths Than One, and A Spark of Heavenly Fire . Her fourth novel, Light Bringer , is scheduled for release March 2011.</s>
    <s>4:00 - 5:00 pm</s>
    <s>Author June Hall McCash - &quot;Writing Historical Fiction&quot; Jekyll Island's Early Years: From Pre-History, The Cultural Patronage of Medieval Women, The Jekyll Island Cottage Colony , Almost to Eden</s>
    <s>Day 3: SATURDAY, MAY 14th</s>
    <s>Time Activity</s>
    <s>7:00 - 9:00 am</s>
    <s>Complimentary Coffee Service in the meeting room.</s>
    <s>9:00 - 10:00 am</s>
    <s>Author Jane Wood - &quot;Schools, A Niche Market&quot; Award winning author of four juvenile fiction books, Voices in St. Augustine, Adventures on Amelia Island: A Pirate, A Princess and Buried Treasure and Trouble on the St. John's River . All four books received Mom's Choice Awards ®. Wood's newest book is Ghosts on the Coast: A Visit to Savannah and the Low Country .</s>
    <s>10:00 - 11:00 am</s>
    <s>Author/Poet Dr. Anya Silver &quot;Writing Poetry: The Enchanted Craft&quot; Anna has published a book of poetry, The Ninety-Third Name of God and has had her poetry published in numerous journals: Image, New Ohio Review, Witness, Prairie Schooner, Christianity and Literature, The Christian Century among others. CHALLENGE PRIZE Kayak Tour</s>
    <s>11:00 - 2:00 pm</s>
    <s>Break for Lunch, Book Signings, Tour the Island, etc.</s>
    <s>2:00 - 3:00 pm</s>
    <s>Author Victor DiGenti &quot;Revving Up Your Narrative Drive&quot; Former broadcaster, producer and reporter, Victor will help you put your writing into high gear by revealing authors' methods to &quot;pull their readers along&quot; by using secrets from novels like The Girl with the Dragon Tattoo, Silence of the Lambs, etc.. Vic's tips will add high-octane fuel to your narrative engine. Vic's Windrusher series has won numerous awards and his latest mystery Mantanzas Bay was named Book of the Year '09 Royal Palm Literary Awards Competition.</s>
    <s>3:00 - 4:00 pm</s>
    <s>Author NY Times bestseller: Phillip Margolin &quot;How to Write a Novel in Your Spare Time&quot; Phil will show how to go from your idea to beginning your book and how to work out the ending. He teaches the value of outlines in a simple and intelligent way that will help you in the writing process. His methods are certain to get you going with confidence and vigor!</s>
    <s>4:00 - 5:00 pm</s>
    <s>&quot;KEYNOTE ADDRESS&quot; Phillip Margolin - All fifteen of Margolin's novels have appeared on the New York Times Best-seller list: The Undertaker's Widow, Heartstone, The Burning Man, Lost Lake, Fugitive, Executive Privilege, Supreme Justice, Gone But Not Forgotten, Proof Positive, The Associate, After Dark, The Last Innocent Man, Ties That Bind, Sleeping Beauty and Wild Justice . Margolin is currently working on the final installment of his Washington trilogy: Capital Murder</s>
    <s>5:00 - 6:00 pm</s>
    <s>Evening With the Author reception with wine and hors d'oeuvres and entertainment.</s>
    <s>&quot;Challenge&quot; Prize Winners announced!</s>
    <s>The Entire Conference</s>
    <s>is only $395!</s>
    <s>Register Here</s>
    <s>Your donations are greatly appreciated.</s>
    <s>Win Prizes!</s>
    <s>!Challenge prizes</s>
    <s>(C) 2011 All Rights Reserved.</s>
    <s>Site by n390.com</s>
  </text>
</page>
