<?xml version="1.0" encoding="UTF-8"?>
<!DOCTYPE page SYSTEM "page.dtd">
<page>
  <lang>en</lang>
  <url>http://www.research.ibm.com/haifa/conferences/hvc2011/local.shtml</url>
  <title>HVC 2011 - Haifa Verification Conference 2011</title>
  <snippet>
    <s>Participants from most EU countries and the USA do not need visas to Israel. Please contact the conference secretariat if a letter of invitation is needed to assist in applying for a The New Israeli Shekel (NIS) is the official currency in Israel. </s>
  </snippet>
  <text>
    <s>Skip to main content</s>
    <s>[select ]</s>
    <s>!Search for:</s>
    <s>Business solutions</s>
    <s>IT services</s>
    <s>Support &amp; downloads</s>
    <s>My IBM</s>
    <s>HVC 2011</s>
    <s>Haifa Verification Conference 2011</s>
    <s>December 6-8, 2011</s>
    <s>Tutorials: December 5, 2011</s>
    <s>Organized by IBM R&amp;D Labs in Israel</s>
    <s>!image: IBM and Haifa</s>
    <s>Local Information</s>
    <s>Participants from most EU countries and the USA do not need visas to Israel. For participants from other countries, we suggest you check with your travel agent, local Israeli embassy, or consulate.</s>
    <s>All visitors to Israel must hold a passport that is valid for at least six months from the date they enter the country. Please contact the conference secretariat if a letter of invitation is needed to assist in applying for a visa. Refer to the Israeli tourism site for information on Israeli visas.</s>
    <s>Participants are advised to purchase comprehensive travel insurance coverage. The conference organizers shall not be liable for any loss or damage to property belonging to conference participants nor for personal injuries sustained during or as a result of the HVC 2010 Conference.</s>
    <s>Airport Information</s>
    <s>Ben Gurion International Airport is the main international gateway to and from Israel. It is situated approximately 50km (31 miles) west of Jerusalem.</s>
    <s>Climate and Clothing</s>
    <s>It is autumn in Israel in October. Days can be rainy and cold. In other years it might be relatively warm. Average temperatures: 18C - 28C (65F - 82F). Casual dress is appropriate for all conference occasions. Sunscreen, a sun hat, and sunglasses are essential items throughout the year.</s>
    <s>The voltage in Israel is 220-240 volt AC.</s>
    <s>Stores are generally open Sunday through Thursday 09:00-19:00 and Friday 09:00?14:00. Most shopping malls are open also on Saturday from one hour after sundown until 22:00. All &quot;Superpharm&quot; and &quot;Newpharm&quot; stores include a pharmacy.</s>
    <s>Banking and Changing Money</s>
    <s>Banks are open Sunday through Thursday 08:30-12:00 and on some afternoons. Hours vary by branch. All banks are closed on Fridays and Saturdays.</s>
    <s>The New Israeli Shekel (NIS) is the official currency in Israel. Foreign currency of all kinds may be exchanged at the airport, banks, post offices, most hotels or licensed exchange agencies. Most if not all establishments that accept credit cards will honor cards issued outside of Israel. These cards will also work in most ATMs to withdraw NIS or $US.</s>
    <s>Ben-Gurion International Airport - Haifa: 100km/ 62.5 miles</s>
    <s>Ben-Gurion International Airport - Tel-Aviv: 15km/9.5 miles</s>
    <s>Ben-Gurion International Airport - Jerusalem: 47km/ 29.5 miles</s>
    <s>Haifa - Tel Aviv: 95km/59 miles</s>
    <s>Haifa - Jerusalem: 145km/91 miles</s>
    <s>Tourism Information</s>
    <s>The InIsrael guide to Haifa</s>
    <s>The Yahoo Travel guide to Haifa</s>
    <s>The University of Haifa's guide to area attractions</s>
    <s>The Tour Haifa tourism guide</s>
    <s>Interactive tourism map</s>
    <s>Contact Information</s>
    <s>Onn Shehory</s>
    <s>General Chair</s>
    <s>Kerstin Eder</s>
    <s>Program Co-Chair</s>
    <s>Joao Lourenço</s>
    <s>Program Co-Chair</s>
    <s>Yair Harry</s>
    <s>Proceedings Publication</s>
    <s>Springer Lecture Notes in Computer Science</s>
    <s>HVC 2011 Poster</s>
    <s>Content navigation</s>
    <s>IBM R&amp;D Labs in Israel</s>
    <s>HVC 2011 Home</s>
    <s>Call for Papers</s>
    <s>Call for Students Event</s>
    <s>Important Dates</s>
    <s>Accepted Papers</s>
    <s>Invited Speakers and Special Sessions</s>
    <s>Associated Events</s>
    <s>HVC Award</s>
    <s>Venue &amp; Travel</s>
    <s>Local Information</s>
    <s>Social Events and Excursions</s>
    <s>Previous Conferences</s>
    <s>About IBM</s>
    <s>Terms of use</s>
  </text>
</page>
