<?xml version="1.0" encoding="UTF-8"?>
<!DOCTYPE page SYSTEM "page.dtd">
<page>
  <lang>en</lang>
  <url>http://www.beta.asn.au/showitem.asp%3Fpid%3D1133</url>
  <title>BETA - Conference 2011 - Conference Presenters</title>
  <snippet>
    <s>Jan 29, 2011 Beginning and Establishing Teachers Association - Conference 2010 - Conference Presenters.</s>
  </snippet>
  <text>
    <s>!Beginning and Establishing Teachers' Association</s>
    <s>!Beginning and Establishing Teachers' Association</s>
    <s>!BETA - Conference 2011 - Conference Presenters !</s>
    <s>Conference 2011</s>
    <s>Print Version</s>
    <s>Conference 2011Spirit of Learning ConferenceTownsville ConferenceThinking On Your FeetQTCUTrade Display InformationPre-service InformationHealthy Wealthy and WiseThe Art of Supply TeachingLOTE Beginning Teachers2006 Conference Review *</s>
    <s>Up one level *</s>
    <s>Spirit of Learning Conference - Conference Presenters</s>
    <s>**Conference Presenters</s>
    <s>Thank you for considering BETA's invitation to present at the Spirit of Learning Residential Conference 30 April - 1 May 2011.</s>
    <s>BETA would like to recognise the time and preparation in delivering a workshop by offering one complimentary registration to presenters (see registration inclusions) to the conference or a one day TRS grant payable to the teachers' school. Please confirm your preferred option on confirmation of your availability to present.</s>
    <s>Presenters are requested to complete the Workshop Acceptance and AV Requirements form (download file below) and email to conference@beta.asn.au. Please review the information on the Conference Handbook included on the form.</s>
    <s>Key dates for presenters -</s>
    <s>1 March 2011 - Workshop title and description, brief bio and photo (jpg format only)</s>
    <s>15 April 2011 - Conference Handbook submission and confirmed AV needs</s>
    <s>Workshop tips -**</s>
    <s>Presenters are encouraged to provide 3 strategies/ideas to implement in the classroom.</s>
    <s>A workshop session lasts for 45 minutes. Plan an exciting interaction session to engage participants and share information/ideas.</s>
    <s>The seating plan will be lecture or classroom style</s>
    <s>There will be approximately 130 delegates in attendance usually 20 per workshop</s>
    <s>Saturday 30 April 2011 - Keynote and Workshop presenters list will be updated on confirmation of their attendance.</s>
    <s>Saturday Keynote speaker - TBC</s>
    <s>Confirmed Workshop Presenters</s>
    <s>Graham Nunn, Fortitude Valley SS</s>
    <s>Janet Bannah, Zillmere SS</s>
    <s>Tarmie Bryan, Samford SS</s>
    <s>Sam Pidgeon, Runcorn SHS</s>
    <s>Jodie Hoff, St Andrew's Lutheran College</s>
    <s>Susan Kennedy-Smith, Regional Science Manager</s>
    <s>Andrew Dalgliesh, ELearning Branch</s>
    <s>Sunday 1 May 2011 - Ideas Expo and Classrooms in the Spotlight</s>
    <s>Classrooms in the Spotlight will feature experienced teachers displaying practical strategies from their classroom, such as charts/posters, organising rotations, and resources. Teachers will be available to answer questions and share their experiences.</s>
    <s>!Files to download</s>
    <s>Click the title to view/download the document</s>
    <s>Workshop Acceptance Form (98 K) - Type: MS Word file</s>
    <s>To support early promotion of the conference program to school presenters are requested to submit the completed Acceptance &amp; AV Request to conference@beta.asn.au.</s>
    <s>Last update: 29/01/2011</s>
    <s>Beginning and Establishing Teachers' Association</s>
    <s>PO Box 5379 Brendale QLD 4500 Australia</s>
    <s>Contact: BETA Executive Committee</s>
    <s>Tel: Please contact us by email</s>
    <s>ABN: 20801939902</s>
    <s>URL: http://www.beta.asn.au</s>
    <s>(C) Copyright 2005 - 2011 Beginning and Establishing Teachers' Association</s>
  </text>
</page>
