<?xml version="1.0" encoding="UTF-8"?>
<!DOCTYPE page SYSTEM "page.dtd">
<page>
  <lang>en</lang>
  <url>http://www.financialexpress.com/news/legal-concept-of-association-of-persons/372324/</url>
  <title>Legal concept of association of persons</title>
  <snippet>
    <s>Oct 12, 2008 Financial express latest business and finance news: Legal concept of association of persons.</s>
  </snippet>
  <text>
    <s>Home Print Stocks epaperArchives Company Info Edits &amp; Columns</s>
    <s>Feedback | RSS | Subscribe</s>
    <s>Financial Express IndianExpress Expressindia Web City Shopping Screenindia Delhi Bangalore Mumbai Chennai Pune Kolkata Hyderabad Ahmedabad Goa Jaipur</s>
    <s>Latest News</s>
    <s>Industry Sectors</s>
    <s>JobsCommoditiesAutomobilesInsuranceReal EstateTravel &amp; TourismHealth &amp; PharmaLifestyleMediaPowerTelecomInfotechRetailInfrastructure</s>
    <s>Research Stocks</s>
    <s>Most Read Articles</s>
    <s>Print Edition</s>
    <s>InternationalEdit &amp; ColumnFE 360PoliticsEconomySelections From The EconomistFrontpageFE InsightPersonal Finance</s>
    <s>Corporates &amp; Markets</s>
    <s>India InceFEFE InvestorBrandWagonUnion Budget 2011-12Economic Survey '10-'11</s>
    <s>International Reports</s>
    <s>Saudi Arabia Amazing Australia Malaysia Dubai: Kids Go Free Dubai Business Aviation Aero India 2011 Gateway to Australia Campus Singapore Saudi Arabia Dynamic UAE Germany: Alive With Possibilities IRISH HUB The French 'Connexion'</s>
    <s>SME World (May-July 2011)</s>
    <s>Microfinance Magazines</s>
    <s>FE Centres</s>
    <s>FE Columnists</s>
    <s>Cartoon Gallery</s>
    <s>FE Events</s>
    <s>Best Banks</s>
    <s>Express Classifieds</s>
    <s>Express Money</s>
    <s>Group Websites</s>
    <s>Indian Express</s>
    <s>City Newslines</s>
    <s>Express Cricket</s>
    <s>Express Computer</s>
    <s>Express Towers</s>
    <s>FE Home- Viewpoint - Story</s>
    <s>VIEW POINT</s>
    <s>Legal concept of association of persons</s>
    <s>HP Ranina</s>
    <s>Posted: Sunday, Oct 12, 2008 at 0154 hrs IST</s>
    <s>Tags: Tax | India</s>
    <s>!Comments !print !Financial Express</s>
    <s>: Section 4 is the charging section under the Income Tax Act, 1961, and it imposes a tax on the income earned by a person in the previous year. Person has been defined in section 2(31) of the Act to include an association of persons or a body of individuals, whether incorporated or not.</s>
    <s>For the purpose of this clause, an association of persons, or a body of individuals or a local authority, or an artificial juridical person, shall be deemed to be a person whether or not such person or body or authority or juridical person was formed or established or incorporated with the object of deriving income, or profits, or gains.</s>
    <s>As legislative history bears, there has been an amendment in section 2(31); inasmuch as prior to 1939, the phrase used in the 1922 Act was association of individuals. The amendment seems to have been made to remove any </s>
    <s>Single Page Format</s>
    <s>1 - - - Next</s>
    <s>More from Viewpoint</s>
    <s>Stocks may well grind lower in weeks aheadIn the wonderland of investmentsFor ESOPs the date for allotment or transfer is importantHrishikesh Parandekar, CEO, Karvy Private Wealth and Vikas Agnihotri, CEO, Religare Macquarie Private Wealth interacted with FE about portfolio stragtegies in current economic conditions. ExcerptsGoldman Sachs loses grip on its doomsday machineMadoff lacks what Skilling, Ebbers, Fastow hadGeorge Soros goes long as World Bank shorts recoveryFighting the crisis, roadmap for the future</s>
    <s>!Top Headline</s>
    <s>Top Headline</s>
    <s>!Most Read</s>
    <s>!Most Read</s>
    <s>!Most Emailed**</s>
    <s>!Most Emailed</s>
    <s>HCL Tech Q1 net up 50% at Rs 496 cr</s>
    <s>'Fests to fuel India's gold imports'</s>
    <s>China's GDP growth slows down to 9.1%</s>
    <s>TCS shares slump nearly 8% on poor Q2</s>
    <s>'Bharti Airtel to take Rs 10-bn forex hit'</s>
    <s>Fine Q2 lifts ING Vysya shares 9%</s>
    <s>Maruti Suzuki strike enters 12th day</s>
    <s>Morgan Stanley upgrades Mindtree stock</s>
    <s>Infosys five-pronged strategy</s>
    <s>Column : Nine months more for BSNL</s>
    <s>Trumps Infy in volume again</s>
    <s>TCS recruits 20,349 staff, 'highest-ever', in Jul-Sep period</s>
    <s>'Bharti Airtel to take Rs 10-bn forex hit'</s>
    <s>Discuss this story on expressindia forums !print !Financial Express</s>
    <s>Post Comments characters left</s>
    <s>Email ID</s>
    <s>TERMS OF USE:</s>
    <s>The views, opinions and comments posted are your, and are not endorsed by this website. You shall be solely responsible for the comment posted here. The website reserves the right to delete, reject, or otherwise remove any views, opinions and comments posted or part thereof. You shall ensure that the comment is not inflammatory, abusive, derogatory, defamatory &amp;/or obscene, or contain pornographic matter and/or does not constitute hate mail, or violate privacy of any person (s) or breach confidentiality or otherwise is illegal, immoral or contrary to public policy. Nor should it contain anything infringing copyright &amp;/or intellectual property rights of any person(s).</s>
    <s>I agree to the terms of use.</s>
    <s>» detail enquiry about association of person</s>
    <s>Posted by Nirav Gathani on 2011-09-17 15:08:16.441076+05:30</s>
    <s>1) what is the purspose of AOP 2) What are the advantages &amp; disadvantages of forming AOP 3) Joint venture between 2 individual can be an AOP</s>
    <s>Reply Forward</s>
    <s>Home Print Edition Latest News Stocks epapersArchives Subscribe Company Info</s>
    <s>!About Us | Contact Us | Advertisers | Site Map | Make us your homepage | Work for Us | Express Group | RSS | Subscribe | Electronic Edition | Privacy Policy</s>
    <s>2011: The Indian Express Limited. All rights reserved throughout the world</s>
  </text>
</page>
