<?xml version="1.0" encoding="UTF-8"?>
<!DOCTYPE page SYSTEM "page.dtd">
<page>
  <lang>en</lang>
  <url>http://www.unido.org/index.php%3Fid%3D1000257</url>
  <title>unido.org: 13th Session</title>
  <snippet>
    <s>Policymaking Organs &gt;; General Conference &gt;; 13th Session Document symbol, Title, Download pdf, Download pdf, Download pdf, Download pdf, Download </s>
  </snippet>
  <text>
    <s>Skip to: content | main navigation | sub navigation | search &amp; sites services | sitemap &amp; footer</s>
    <s>back to unido.org</s>
    <s>Meetings and other events 2011-2012</s>
    <s>General Conference</s>
    <s>Rules of procedure</s>
    <s>14th session</s>
    <s>Schedule of work</s>
    <s>Schedule of work</s>
    <s>13th Session</s>
    <s>12th Session</s>
    <s>11th Session</s>
    <s>10th Session</s>
    <s>8th Session</s>
    <s>Industrial Development Board</s>
    <s>Rules of procedure</s>
    <s>39th session</s>
    <s>38th session</s>
    <s>37th session</s>
    <s>36th session</s>
    <s>35th Session</s>
    <s>Resumed 34th Session</s>
    <s>34th Session</s>
    <s>33rd Session</s>
    <s>Programme and Budget Committee</s>
    <s>Rules of procedure</s>
    <s>27th session</s>
    <s>26th session</s>
    <s>25th Session</s>
    <s>27 Member States</s>
    <s>24th Session</s>
    <s>23rd Session</s>
    <s>22nd Session</s>
    <s>21st Session</s>
    <s>20th Session</s>
    <s>19th Session</s>
    <s>General Conference</s>
    <s>Rules of procedure</s>
    <s>14th session</s>
    <s>Schedule of work</s>
    <s>Schedule of work</s>
    <s>13th Session</s>
    <s>12th Session</s>
    <s>11th Session</s>
    <s>10th Session</s>
    <s>8th Session</s>
    <s>Policymaking Organs &gt;</s>
    <s>General Conference &gt;</s>
    <s>13th Session</s>
    <s>13th session, 7 to 11 December 2009</s>
    <s>Decisions and resolutions of the General Conference</s>
    <s>Document symbol Title Download pdf Download pdf Download pdf Download pdf Download pdf Download pdf</s>
    <s>Decisions and resolutions of the General Conference</s>
    <s>Date Download PDF Download PDF Download PDF</s>
    <s>7 December</s>
    <s>8 December</s>
    <s>9 December</s>
    <s>10 December</s>
    <s>11 December</s>
    <s>List of participants/liste des participants/lista de los participantes</s>
    <s>Document symbol Title Download</s>
    <s>List of participants/liste des participants/lista de los participantes</s>
    <s>symbol Title Download PDF Download PDF Download PDF Download PDF Download PDF Download PDF</s>
    <s>Provisional agenda</s>
    <s>Annotated provisional agenda</s>
    <s>Schedule of work</s>
    <s>Please click here for the schedule of work as of 8 December 2009.</s>
    <s>Advance information for participants</s>
    <s>Document symbol Title Download PDF Download PDF Download PDF</s>
    <s>Advance information for participants</s>
    <s>Advance information for participants. Addendum</s>
    <s>List of documents</s>
    <s>Document symbol Title Download pdf</s>
    <s>List of documents</s>
    <s>English only</s>
    <s>Document symbol Title Download PDF Download PDF Download PDF Download PDF Download PDF Download PDF</s>
    <s>Report of the Industrial Development Board on the work of its thirty-fourth session, 14-16 May 2008</s>
    <s>Report of the Industrial Development Board on the work of its resumed thirty-fourth session, 2 September 2008</s>
    <s>Report of the Industrial Development Board on the work of its thirty-fifth session, 2-3 December 2008</s>
    <s>Report of the Industrial Development Board on the work of its thirty-sixth session, 23-26 June 2009</s>
    <s>GC.13/5 IDB.36/14</s>
    <s>Implementation of the medium-term programme framework, 2008-2011. Report by the Director-General</s>
    <s>Implementation of the medium-term programme framework, 2008-2011. Report by the Director-General. Addendum</s>
    <s>Cooperation agreement with the United Nations Development Programme. Executive summary of the joint terminal evaluation</s>
    <s>Joint management response to the joint terminal evaluation of the cooperation agreement with the United Nations Development Programme</s>
    <s>Unutilized balances of appropriations. Report by the Director-General</s>
    <s>Unutilized balances of appropriations. Report by the Director-General. Addendum</s>
    <s>Forum on industrial development issues. Issues paper by the Secretariat</s>
    <s>International Public Sector Accounting Standards. Progress report by the Secretariat</s>
    <s>Matters related to intergovernmental, non-governmental, governmental and other organizations. Note by the Director-General</s>
    <s>Financial situation of UNIDO. Report by the Director-General</s>
    <s>UNIDO major conferences. Report prepared by the Secretariat</s>
    <s>Grandes conferencias de la ONUDI. Informe de la Secretar í a. Corrección</s>
    <s>Español únicamente</s>
    <s>UNIDO activities in agro-related industries and agribusiness. Note by the Secretariat</s>
    <s>Modification of Headquarters Agreement incorporating a new conference facility (M-building)</s>
    <s>Implementation of decision IDB.36/Dec.16 on UNIDO activities in agro-related industries and agribusiness. Report of the President of the Industrial Development Board (H.E. Mr. J.S. Ugokwe, Nigeria)</s>
    <s>Implementation of decision IDB.36/Dec.12 on the unutilized balances of appropriations. Report of the Chairman of the informal consultations</s>
    <s>UNIDO activities in the field of energy and environment. Note by the Secretariat</s>
    <s>New social security agreement between UNIDO and the Republic of Austria. Note by the Secretariat</s>
    <s>Report of the Main Committee. Submitted by the Chair of the Main Committee, Mr. Guido Kemmerling (Germany)</s>
    <s>Related Links</s>
    <s>General information</s>
    <s>Round tables</s>
    <s>Policymaking Organs</s>
    <s>Meetings and other events 2011-2012</s>
    <s>General Conference</s>
    <s>Rules of procedure</s>
    <s>14th session</s>
    <s>Schedule of work</s>
    <s>Schedule of work</s>
    <s>13th Session</s>
    <s>12th Session</s>
    <s>11th Session</s>
    <s>10th Session</s>
    <s>8th Session</s>
    <s>Industrial Development Board</s>
    <s>Rules of procedure</s>
    <s>39th session</s>
    <s>38th session</s>
    <s>37th session</s>
    <s>36th session</s>
    <s>35th Session</s>
    <s>Resumed 34th Session</s>
    <s>34th Session</s>
    <s>33rd Session</s>
    <s>Programme and Budget Committee</s>
    <s>Rules of procedure</s>
    <s>27th session</s>
    <s>26th session</s>
    <s>25th Session</s>
    <s>27 Member States</s>
    <s>24th Session</s>
    <s>23rd Session</s>
    <s>22nd Session</s>
    <s>21st Session</s>
    <s>20th Session</s>
    <s>19th Session</s>
    <s>Scam Alert</s>
    <s>Report Wrongdoing</s>
    <s>For Member States</s>
    <s>For Media</s>
  </text>
</page>
