<?xml version="1.0" encoding="UTF-8"?>
<!DOCTYPE page SYSTEM "page.dtd">
<page>
  <lang>en</lang>
  <url>http://technav.ieee.org/tag/2406/high-power-pulsed-accelerators</url>
  <title>IEEE Technology Navigator</title>
  <snippet>
    <s>The Scientific Program comprises invited speakers, contributed orals, poster sessions, an industrial forum, and a student program. </s>
  </snippet>
  <text>
    <s>IEEE.org | IEEE Xplore Digital Library | IEEE Standards Association | IEEE Spectrum Online | More IEEE Sites</s>
    <s>Connecting You to the IEEE Universe of Information 8,645 tags and counting Join IEEEHelp</s>
    <s>1,221 Related resources for High Power Pulsed Accelerators</s>
    <s>1. Sectors</s>
    <s>2. Organizations</s>
    <s>3. Conferences</s>
    <s>4. Periodicals</s>
    <s>5. Xplore Articles</s>
    <s>View in</s>
    <s>Back to Top</s>
    <s>Back to Top</s>
    <s>Nuclear &amp; Plasma Science</s>
    <s>Back to Top</s>
    <s>2011 IEEE Particle Accelerator Conference (PAC)</s>
    <s>The primary scope of the 2011 Particle Accelerator Conference (PAC11) is to provide a forum for networking, communication and exchange of ideas among accelerator scientists, engineers, students and industry. The Scientific Program comprises invited speakers, contributed orals, poster sessions, an industrial forum, and a student program. The wide range of technical topics covered includes detectors, radiofrequency structures, vacuum, cryogenics, diagnostics, magnets and light sources. Awards will be prese</s>
    <s>2015 IEEE International Particle Accelerator Conference (IPAC)</s>
    <s>The science, technology and engineering of all types of particle accelerator will be covered by invited speakers, contributed oral presentations and posters.</s>
    <s>2013 Particle Accelerator Conference (PAC)</s>
    <s>Topics on particle accelerators, oral and poster sessions. Conference proceedings published on DVD and JACoW website.</s>
    <s>2012 International Particle Accelerator Conference (IPAC)</s>
    <s>The science, technology and engineering of all types of particle accelerator will be covered by invited speakers, contributed oral presentations and posters. Awards will be made for outstanding work in the field and a special session will be devoted to student work. There will be an exhibition by related industrial manufacturers.</s>
    <s>2009 IEEE Particle Accelerator Conference (PAC)</s>
    <s>The primary scope of Particle Accelerator Conferences (PAC) is to provide a forum for communication and exchange of ideas among accelerator scientists, engineers, students and industry. This week-long well-established conference series takes place biennially in North America. The Scientific Program comprises invited speakers, contributed orals, poster sessions, an Industrial Forum and a Student Program. PAC09 is committed to reaching out to young researchers in the field, and has set a budget to partially</s>
    <s>2011 IEEE Pulsed Power Conference (PPC)</s>
    <s>The Pulsed Power Conference is held on a biannual basis and serves as the principal forum for the exchange of information on pulsed power technology and engineering.</s>
    <s>2014 IEEE 41st International Conference on Plasma Sciences (ICOPS)</s>
    <s>The International Conference on Plasma Science (ICOPS) is an annual conference coordinated by the Plasma Science and Application Committee (PSAC) of the IEEE Nuclear &amp; Plasma Sciences Society. The conference features a technical program with reports about new and innovative developments in the field of pulsed power, plasma science and engineering. Leading researchers gather to explore pulsed power plasmas, basic plasma physics, high-energy-density-plasmas, inertial confinement fusion, magnetic fusion, plasma diagnostics, microwave generation, lighting, micro and nano applications of plasmas, medical applications and plasma processing.</s>
    <s>2013 IEEE Pulsed Power and Plasma Science Conference (PPPS 2013)</s>
    <s>Combined conference of the IEEE International Conference on Plasma Science and the IEEE International Pulsed Power Conference</s>
    <s>2009 IEEE Pulsed Power Conference (PPC)</s>
    <s>This biennial meeting is the principal medium for communicating advances in pulsed power science, technology and applications. Topics include high voltage components, dielectric breakdown, closing / opening switches, plasma processes and various applications. The Conference Proceedings constitute the most complete record of the accomplishments of the community.</s>
    <s>2007 IEEE Pulsed Power Plasma Science Conference (PPPS 2007)</s>
    <s>2005 IEEE Pulsed Power Conference</s>
    <s>Back to Top</s>
    <s>Plasma Science, IEEE Transactions on</s>
    <s>Plasma science and engineering, including: magnetofluid dynamics and thermionics; plasma dynamics; gaseous electronics and arc technology; controlled thermonuclear fusion; electron, ion, and plasma sources; space plasmas; high-current relativistic electron beams; laser-plasma interactions; diagnostics; plasma chemistry and colloidal and solid-state plasmas.</s>
    <s>Xplore Articles</s>
    <s>Back to Top</s>
    <s>Solid-state pulsed power systems</s>
    <s>Gaudreau, M.P.J.; Casey, J.; Hawkey, T.; Mulvaney, J.M.; Kempkes, M.A. Power Modulator Symposium, 1998. Conference Record of the 1998 Twenty-Third International, 1998</s>
    <s>High energy physics, particle accelerators, and commercial semiconductor and metal treatment processes require reliable, high power, variable pulsewidth, flat top, high voltage pulses at high power. New processes for food sterilization, waste treatment, pollution control, and medical diagnostics and treatment are also being developed which also require high power, high voltage pulsed power. The technology needed to enable solid state </s>
    <s>Digest of Technical Papers. 12th IEEE International Pulsed Power Conference. (Cat. No.99CH36358)</s>
    <s>None Pulsed Power Conference, 1999. Digest of Technical Papers. 12th IEEE International, 1999</s>
    <s>The following topics were dealt with: pulsed power technology; energy storage capacitors; pulsed power switches; plasma opening switches; closing switches; commercial applications; high power microwaves; magnetic switches; diagnostic techniques; computational techniques; X-ray sources; photoconducting switches; pulsed MHD; interial power generation; explosive drivers; magnetic field generation; pulsed power supplies; electric armaments; pulsed power components; high current accelerators; insulation; dielectric breakdown; medical </s>
    <s>Development of Repetitive Pulsed Power Generators Using Power Semiconductor Devices</s>
    <s>Weihua Jiang; Oshima, N.; Yokoo, T.; Yatsui, K.; Takayama, K.; Wake, M.; Shimizu, N.; Tokuchi, A. Pulsed Power Conference, 2005 IEEE, 2005</s>
    <s>Power semiconductor devices have been used in development of various pulsed power generators for industrial applications. A repetitive pulsed high-voltage modulator using power MOSFETs has been developed for accelerator applications. It is capable of high-speed switching of 2kV at repetition rate of 1 MHz. This modulator, operating in continuous mode at average power level of 30 kW, has played an </s>
    <s>High-Current Linear Transformer Driver Development at Sandia National Laboratories</s>
    <s>Mazarakis, M.G.; Fowler, W.E.; LeChien, K.L.; Long, F.W.; Matzen, M.K.; McDaniel, D.H.; McKee, R.G.; Olson, C.L.; Porter, J.L.; Rogowski, S.T.; Struve, K.W.; Stygar, W.A.; Woodworth, J.R.; Kim, A.A.; Sinebryukhov, V.A.; Gilgenbach, R.M.; Gomez, M.R.; French, D.M.; Lau, Y.Y.; Zier, J.C.; VanDevalde, D.M.; Sharpe, R.A.; Ward, K. Plasma Science, IEEE Transactions on, 2010</s>
    <s>Most of the modern high-current high-voltage pulsed power generators require several stages of pulse conditioning (pulse forming) to convert the multimicrosecond pulses of the Marx generator output to the 40-300-ns pulses required by a number of applications including X-ray radiography, pulsed high-current linear accelerators, &lt;i&gt;Z&lt;/i&gt;-pinch, isentropic compression, and inertial fusion energy drivers. This makes the devices large, cumbersome to operate, </s>
    <s>A constant current high voltage capacitor charging power supply for pulsed power applications</s>
    <s>Rim, G.-H.; Jeong, I.-W.; Choi, Y.-W.; Ryoo, H.-J.; Kim, J.-S.; Kim, K.-H.; Lee, S.-P.; Chang, H.-K. Pulsed Power Plasma Science, 2001. IEEE Conference Record - Abstracts, 2001</s>
    <s>Summary form only given. Various industry applications such as lasers, accelerators, plasma source ion implantations and non-thermal pollution gas treatment need high voltage high repetition rate pulsed power supplies. This paper presents a compact capacitor charging power supply for gas treatment. It consists of a three-phase rectifier with soft starting, a three phase IGBT inverter, three high frequency transformers and </s>
    <s>Digest of Technical Papers. Tenth IEEE International Pulsed Power Conference</s>
    <s>None Pulsed Power Conference, 1995. Digest of Technical Papers., Tenth IEEE International, 1995</s>
    <s>The following topics are discussed: pulsed power supplies; military power; R&amp;amp;D efforts; commercial applications; high-power microwaves; HV switches; radiation sources; electromagnetic launchers; electrothermal launchers; opening switches; gas switches; vacuum switches; solid-state switches; photoconductive switches; diagnostics; computational techniques; pulsed generators; pseudospark switches; plasma switches; explosive pulsed power; high magnetic field generators; high-current accelerators; insulation breakdown; fusion power supplies; particle beam power </s>
    <s>A compact, high-voltage e-beam pulser</s>
    <s>Mazarakis, M.G.; Spielman, R.B. Pulsed Power Conference, 1999. Digest of Technical Papers. 12th IEEE International, 1999</s>
    <s>It is well established that pulsed power technology is relatively cheaper than other architectures aiming to produce high-current, high-voltage electron or ion accelerators. The footprints of most pulsed power accelerators are large, making them incompatible for applications that require either portability or a large number of similar components for very high power devices (like Z-pinch accelerators). Most of the modern </s>
    <s>Digest of Technical Papers. PPC-2003. 14th IEEE International Pulsed Power Conference (IEEE Cat. No.03CH37472)</s>
    <s>None Pulsed Power Conference, 2003. Digest of Technical Papers. PPC-2003. 14th IEEE International, 2003</s>
    <s>The following topics are dealt with: radiation sources; computational techniques and diagnostics; lasers and hydrodynamic experiments; solid state switches; high current accelerators; diagnostics and radiation sources; biological/medical application; pulsed power applications; compact pulsed power; high power microwaves; particle beams; insulation and dielectric breakdown; pulsed MHD generators; explosive-driven pulsed power; electric armaments; closing and opening switches; repetitive pulsed power system; radiography.</s>
    <s>Environmental and industrial applications of pulsed power systems</s>
    <s>Neau, E.L. Plasma Science, IEEE Transactions on, 1994</s>
    <s>The technology base formed by the development of high peak power simulators, laser drivers, free electron lasers, and inertial confinement fusion drivers from the early 60's through the late 80's is being extended to high average power short-pulse machines with the capabilities of performing new roles in environmental cleanup applications and in supporting new types of industrial manufacturing processes. In </s>
    <s>High average power, high current pulsed accelerator technology</s>
    <s>Neau, E.L. Particle Accelerator Conference, 1995., Proceedings of the 1995, 1995</s>
    <s>High current pulsed accelerator technology was developed during the late 60's through the late 80's to satisfy the needs of various military related applications such as effects simulators, particle beam devices, free electron lasers, and as drivers for inertial confinement fusion devices. The emphasis in these devices is to achieve very high peak power levels, with pulse lengths on the </s>
    <s>Back to Top</s>
    <s>Tester Survey</s>
    <s>(C) Copyright 2011 IEEE – All rights reserved. Use of this Web site signifies your agreement to the terms and conditions.</s>
  </text>
</page>
