<?xml version="1.0" encoding="UTF-8"?>
<!DOCTYPE page SYSTEM "page.dtd">
<page>
  <lang>en</lang>
  <url>http://impascience.eu/bioencapsulation/2011_Amboise/index200.html%3FPHPSESSID%3Dc1b0252f056760f7bcb320f6d5137dd9</url>
  <title>Programme</title>
  <snippet>
    <s>XIX International Conference on Bioencapsulation. Amboise, France ; October 5- 8, 10:30 - 11:00, Coffee break &amp; Poster session. 11:00 - 12:30, Session 2 </s>
  </snippet>
  <text>
    <s>XIX International Conference on Bioencapsulation</s>
    <s>Amboise, France ; October 5-8, 2011</s>
    <s>New RegistrationLog in Registration</s>
    <s>BE AWARE Some important functions in this web site requires that you enable javascript (see preferences of your navigator). Alternate menu Select Home Programme Participants Information Registration Contact Scientific committee Prof Andre Brodkorb</s>
    <s>University College Cork, Ireland</s>
    <s>Prof. Arthur Bartkowiak</s>
    <s>Westpomeranian University of Technology, Poland</s>
    <s>Dr Luz de Bashan</s>
    <s>CIBNOR, Mexico</s>
    <s>Prof. Bojana Boh</s>
    <s>Ljubljana University, Slovenia Mr Thorsten Brandau</s>
    <s>Brace GmbH, Germany</s>
    <s>Prof. Paul de Vos</s>
    <s>Groningen University, Netherlands</s>
    <s>Prof. Stephane Drusch</s>
    <s>Beuth Hochschule fur Technik, Germany</s>
    <s>Prof Luis Fonseca</s>
    <s>Instituto Superior Tecnico, Portugal</s>
    <s>Prof Franck Gu</s>
    <s>Waterloo University, Canada</s>
    <s>Prof. Igor Lacik</s>
    <s>Polymer Institute of the Slovak Academy, Slovakia</s>
    <s>Prof. Yao Olive Li</s>
    <s>Toronto University, Canada</s>
    <s>Prof. Elena Markvicheva</s>
    <s>Shemyakin-Ovchinnikov Institute of Bioorganic Chemistry, Russia</s>
    <s>Mr Jean-Antoine Meiners</s>
    <s>MCC, Switzerland</s>
    <s>Prof. Ronald J. Neufeld</s>
    <s>Queen's University, Canada</s>
    <s>Prof. Denis Poncelet</s>
    <s>Oniris, France</s>
    <s>Prof. Bruno Sarmento</s>
    <s>University of Porto, Portugal</s>
    <s>Prof. Carmen Socaciu</s>
    <s>University of Agricultural Sciences and Veterinary Medicine, Romania</s>
    <s>Prof. Thierry Vandamme</s>
    <s>Pasteur University, France</s>
    <s>Prof. Christine Wandrey</s>
    <s>EPFL, Switzerland</s>
    <s>Provisional Programme</s>
    <s>171 proposed contributions</s>
    <s>Oral sessions</s>
    <s>[1 - 2] [3 - 4] [5 - 6] [7 - 8] [9 - 9]</s>
    <s>[1 - 15] [16 - 30] [31 - 45] [46 - 60] [61 - 75] [76 - 86]</s>
    <s>October 5th, 2011</s>
    <s>16:00 - 18:00</s>
    <s>October 6th, 2011</s>
    <s>08:00 - 08:40</s>
    <s>08:40 - 09:00</s>
    <s>Denis Poncelet (President)</s>
    <s>09:00 - 10:30</s>
    <s>Session 1</s>
    <s>Missing Challenges</s>
    <s>Dr E. Perrier, LVMH, France</s>
    <s>10:30 - 11:00</s>
    <s>Coffee break &amp; Poster session</s>
    <s>11:00 - 12:30</s>
    <s>Session 2</s>
    <s>Food and Nutrition</s>
    <s>Prof J.P. Simon, Eurobiotech, Belgium</s>
    <s>12:30 - 13:30</s>
    <s>Lunch &amp; Poster session</s>
    <s>13:30 - 14:30</s>
    <s>Exhibitors Special Session</s>
    <s>J.-A. Meiners, MCC, Switzerland</s>
    <s>14:30 - 16:00</s>
    <s>Session 3</s>
    <s>Probiotic and enzyme</s>
    <s>Prof. C. Lacroix, ETHZ, Switzerland</s>
    <s>16:00 - 16:30</s>
    <s>Coffee break &amp; Poster session</s>
    <s>16:30- 18:00</s>
    <s>Session 4</s>
    <s>Environment and Agriculture</s>
    <s>Prof. B. Boh, Univ. Ljubljana, Slovenia</s>
    <s>Gala Dinner</s>
    <s>October 7th, 2011</s>
    <s>09:00 - 10:30</s>
    <s>Session 5</s>
    <s>Cell immobilization story</s>
    <s>Prof. J.N. Barbottin, France</s>
    <s>10:30 - 11:00</s>
    <s>Coffee break &amp; Poster session</s>
    <s>11:00 - 12:30</s>
    <s>Session 6</s>
    <s>Engineering: from the lab to the manufacture</s>
    <s>Prof. R.J. Neufeld, Queen's Univ.Canada</s>
    <s>12:30 - 14:00</s>
    <s>Lunch &amp; Poster session</s>
    <s>14:00 - 15:50</s>
    <s>Session 7</s>
    <s>Biopolymers: first key of success</s>
    <s>Prof C. Riley, Acadia Univ., Canada</s>
    <s>16:00 - 19:00</s>
    <s>Guided tour and visit of Chateau le Clos de Luce followed by an aperitif in Leonardo's garden.</s>
    <s>Cocktail buffet with French specialities</s>
    <s>October 8th, 2011</s>
    <s>08:30 - 10:10</s>
    <s>Session 8</s>
    <s>Deliver biopharmaceuticals</s>
    <s>Prof T. Vandamme, Strasbourg Univ., France</s>
    <s>10:10 - 10:40</s>
    <s>Coffee break &amp; Poster session</s>
    <s>10:40 - 12:30</s>
    <s>Session 9</s>
    <s>New therapies using microcapsules</s>
    <s>Prof. E. Markvicheva, IBCH, Russia</s>
    <s>12:30 - 14:00</s>
    <s>End of the conference</s>
    <s>Conference organized by Bioencapsulation Research Group - Administration and management impascience</s>
  </text>
</page>
