<?xml version="1.0" encoding="UTF-8"?>
<!DOCTYPE page SYSTEM "page.dtd">
<page>
  <lang>en</lang>
  <url>http://www.cinram.umn.edu/srwc/resources.html</url>
  <title>Resources - | Short Rotation Crops International Conference |</title>
  <snippet>
    <s>Contact Person: Fabrizio Nardin info@alasiafranco.it. Title of webpage: Weblink: www.alasiafranco.it. Organization name: Bioenergy Australia Contact Person: </s>
  </snippet>
  <text>
    <s>!Short Rotation Crops International Conference</s>
    <s>Field Tour</s>
    <s>Joint Meetings</s>
    <s>Conference Materials</s>
    <s>Contact Us</s>
    <s>Download Brochure</s>
    <s>Short Rotation Crops International</s>
    <s>This webpage is created to continue communication among conference participants and to serve as a resource for people interested in the conference material.</s>
    <s>Organization name: Alasia Franco Vivai</s>
    <s>Contact Person: Fabrizio Nardin info@alasiafranco.it</s>
    <s>Title of webpage:</s>
    <s>Weblink: www.alasiafranco.it</s>
    <s>Organization name: Bioenergy Australia</s>
    <s>Contact Person: Steve Schuck sschuck@bigpond.net.au</s>
    <s>Title of webpage: Bioenergy Australia</s>
    <s>Weblink: http://bioenergyaustralia.org/</s>
    <s>Organization name: Centre for Northern Agroforestry and Afforestation</s>
    <s>Contact Person: Ken Van Rees ken.vanrees@usask.ca</s>
    <s>Title of webpage: Centre for Northern Agroforestry and Afforestation</s>
    <s>Weblink: www.saskagroforestry.ca</s>
    <s>Organization name: Council on Sustainable Biomass Production</s>
    <s>Contact Person: John Heissenbuttel hnrc@volcano.net</s>
    <s>Title of webpage: Council on Sustinable Biomass Production</s>
    <s>Weblink: www.csbp.org</s>
    <s>Organization name: DOE's Oak Ridge National Laboratory</s>
    <s>Contact Person: Mark Downing downingme@ornl.gov</s>
    <s>Title of webpage: BFIN (Biofuels Information Network)</s>
    <s>Weblink: http://bioenergy.ornl.gov</s>
    <s>Organization name: Federal Interagency Woody Biomass Utilization Group</s>
    <s>Contact Person: Marcia Patton-Mallory mpattonmallory@fs.fed.us</s>
    <s>Title of webpage: Woody Biomass Utilization Group</s>
    <s>Weblink: www.forestsandrangelands.gov/Woody Biomass</s>
    <s>Organization name: IEA Bioenergy Task 30 Short Rotation Crops for Bioenergy Systems</s>
    <s>Contact Person: Goran Berndes goran.berndes@chalmers.se</s>
    <s>Title of webpage: Short Rotation Crops Welcome</s>
    <s>Weblink: www.shortrotationcrops.org/</s>
    <s>Organization name: Short Rotation Woody Crops Operations Working Group</s>
    <s>Contact Person: Lynn Wright wrightlld@gmail.com</s>
    <s>Title of webpage: Index page of website</s>
    <s>Weblink: www.woodycrops.org</s>
    <s>Organization name: Saskatchewan Forest Centre</s>
    <s>Contact Person: Joanne Kowalski jkowalski@saskforestcentre.ca</s>
    <s>Title of webpage: Saskatechewan Forest Centre Agroforestry webpages</s>
    <s>Weblink: http://www.saskforestcentre.ca/index.php?f=content&amp;c;=175 and http://www.saskforestcentre.ca/index.php?f=content&amp;c;=167</s>
    <s>Organization name: State University of New York- College of Environmental Science and Forestry</s>
    <s>Contact Person: Larry Abrahamson labrahamson@esf.edu, Larry Smart lbsmart@esf.edu, Timothy Volk tavolk@esf.edu</s>
    <s>Title of webpage: Willow for Bioenergy and Environmental Applications</s>
    <s>Weblink: www.esf.edu/willow/</s>
    <s>Organization name: Sun Grant Association</s>
    <s>Contact Person: James Doolittle, South Dakota State University james.doolittle@sdstate.edu</s>
    <s>Title of webpage: Sun Grant/DOE Regional Feedstock Partnerships</s>
    <s>Weblink: http://www.sungrant.org/Feedstock+Partnerships/</s>
    <s>Organization name: Sustainable Futures Institute, Michigan Technological University</s>
    <s>Contact Person: John Sutherland, David Shonnard drshonna@mtu.edu, and Jane Zhang</s>
    <s>Title of webpage: Sustainable Futures Institute</s>
    <s>Weblink: www.sfi.mtu.edu</s>
    <s>Organization name: University of Illinois Urbana-Champaign</s>
    <s>Contact Person: Tom Voigt tvoigt@uiuc.edu</s>
    <s>Title of webpage: Miscanthus at the University of Illinois</s>
    <s>Weblink: http://www.miscanthus.uiuc.edu</s>
    <s>Organization name: USDA Forest Service &amp; Natural Resources Conservation</s>
    <s>Contact Person: currently empty</s>
    <s>Title of webpage: USDA National Agroforestry Center</s>
    <s>Weblink: http://www.unl.edu/nac</s>
    <s>Organization name: US Forest Service</s>
    <s>Contact Person: Marcia Patton-Mallory mpattonmallory@fs.fed.us</s>
    <s>Title of webpage: Wood Biomass Utilization</s>
    <s>Weblink: www.fs.fed.us/woodybiomass</s>
  </text>
</page>
