<?xml version="1.0" encoding="UTF-8"?>
<!DOCTYPE page SYSTEM "page.dtd">
<page>
  <lang>en</lang>
  <url>http://www.hws.edu/itservices/catalog/conference_phone.aspx</url>
  <title>Conference Speaker Phone - Hobart and William Smith Colleges</title>
  <snippet>
    <s>Service Catalog: Conference Speaker Phone Admissions: Room 113; Alumni House: First Floor Conference Room; Bristol Gym: Gilman Room; Coxe Hall: </s>
  </snippet>
  <text>
    <s>HWS Home &gt;</s>
    <s>Offices &amp; Resources &gt;</s>
    <s>IT Services &gt;</s>
    <s>Support Center &gt;</s>
    <s>EXPERIENCE HWS</s>
    <s>ABOUT HWS</s>
    <s>STUDENT LIFE</s>
    <s>DAILY UPDATE</s>
    <s>Quicklinks Daily Update Webmail Phone/Email Search Blackboard ---------- LANDING PAGES Faculty/Staff Current Students Parents Prospective Students ---------- MORE LINKS Board of Trustees Business Office Calendar - Academic Calendar - Events Campaign for the Colleges Campus Map Campus Safety Career Services College Store Commencement Information Community Board Directions Financial Aid Information Financial Aid Office Global Education Human Resources HWS Peoplesoft Portal Information Technology Library Services Make a Gift (Support HWS) Office of the President Online Forms Pay Student Bill Provost Office Provost Search Raiser's Edge Registrar Shuttle Schedule William Smith Centennial</s>
    <s>IT Services</s>
    <s>About Us</s>
    <s>Support Center</s>
    <s>Instructions, Training Programs, &amp; Guides</s>
    <s>Blackboard Questions and Answers</s>
    <s>Post Office</s>
    <s>Print Services</s>
    <s>Service Request Forms</s>
    <s>News and Alerts</s>
    <s>Quick Access</s>
    <s>Service Catalog: Conference Speaker Phone</s>
    <s>Summary (what you get):</s>
    <s>IT Services has several options for lending conference phones for teleconferences and meetings.</s>
    <s>Services Included:</s>
    <s>A variety of spaces on campus are already enabled for teleconferences:</s>
    <s>1. Admissions: Room 113</s>
    <s>2. Alumni House: First Floor Conference Room</s>
    <s>3. Bristol Gym: Gilman Room</s>
    <s>4. Coxe Hall: Maney Room</s>
    <s>5. Finger Lakes Institute: Room 204</s>
    <s>6. Gulick Hall: Room 221/223</s>
    <s>7. Library: (Video) Conference Room</s>
    <s>8. Scandling Center: Creedon Room</s>
    <s>9. Smith Hall: Room B01</s>
    <s>10. Trinity Hall: Room 109 (Career Services)</s>
    <s>11. Williams Hall: Room 104A</s>
    <s>12. Williams Hall: Room 106</s>
    <s>13. Williams Hall: Room 116</s>
    <s>If you have teleconferencing needs in a room that is not listed, please contact the Help Desk to request to borrow a conference phone. The conference phone will be installed in the room specified in the request and removed after the conference is completed. The Help Desk also has pre-configured IP conference phones available for check-out that can be plugged into any active campus network jack for use.</s>
    <s>None, unless equipment is lost or damaged, in which case, the borrower is responsible for repair or replacement costs.</s>
    <s>Where/how to request this service:</s>
    <s>Requests for this service may be made at the Help Desk in the library, by e-mailing helpdesk@hws.edu or the online request form.</s>
    <s>Requests should be made as far ahead of time as possible to assure availability.</s>
    <s>!power button If you are having difficulty or you have unanswered questions, please submit a request, call the Help Desk at (315) 781-4357, or e-mail helpdesk@hws.edu.</s>
    <s>Service Catalog</s>
    <s>Do something</s>
    <s>Need something</s>
    <s>Administrative Privileges</s>
    <s>Borrow Equipment</s>
    <s>Borrow Multimedia Equipment</s>
    <s>Business Technology Needs Analysis</s>
    <s>Classroom Partnering</s>
    <s>Conference Speaker Phone</s>
    <s>Create a Survey</s>
    <s>Curricular Design Technology</s>
    <s>Data Restore</s>
    <s>E-mail Listserv</s>
    <s>Group Membership</s>
    <s>Multimedia Project Support</s>
    <s>Office Computer Early Replacement</s>
    <s>Operating System Reinstallation</s>
    <s>Public Folder Access</s>
    <s>Record event</s>
    <s>Remove Virus or Spyware Infection</s>
    <s>Reset a network password</s>
    <s>Software Engineering</s>
    <s>Software Install</s>
    <s>Software: Anti-Virus Install</s>
    <s>Systems Integration</s>
    <s>Training: Technology-Enhanced Classrooms</s>
    <s>Training: Software</s>
    <s>User Account Login ID</s>
    <s>Warranted Equipment/Parts Replacement</s>
    <s>Web site</s>
    <s>Web Videoconferencing</s>
    <s>Fix a problem</s>
    <s>Get information</s>
    <s>Buy something</s>
    <s>Work in IT</s>
    <s>Offer an idea/ask a question</s>
    <s>Offices and Resources</s>
    <s>Campus Directory</s>
    <s>Contact the Colleges</s>
    <s>(C) 2010 Hobart and William Smith Colleges, Geneva, NY 14456 (315) 781-3000</s>
    <s>Diversity Statement</s>
    <s>ADA Compliance</s>
    <s>Privacy Policy applicable to this site.</s>
    <s>Worlds of Experience. Lives of Consequence.</s>
  </text>
</page>
