<?xml version="1.0" encoding="UTF-8"?>
<!DOCTYPE page SYSTEM "page.dtd">
<page>
  <lang>en</lang>
  <url>http://www.linkedin.com/title/director/in-us-130-Burlington,-Vermont-Area/</url>
  <title>Director Burlington, Vermont Area profiles | LinkedIn</title>
  <snippet>
    <s>He is founding member of the Roasters Guild and is a frequent speaker and presenter at trade conferences. Spencer has published articles on coffee topics in </s>
  </snippet>
  <text>
    <s>What is LinkedIn?</s>
    <s>Join Today</s>
    <s>Sign In</s>
    <s>Keywords Search</s>
    <s>1. Keywords</s>
    <s>Director in Burlington, Vermont Area</s>
    <s>See all profiles on LinkedIn »</s>
    <s>5 of 500+ profiles | See all profiles on LinkedIn »</s>
    <s>1.View Full Profile</s>
    <s>Mark Lukens</s>
    <s>Demographic info</s>
    <s>Burlington, Vermont Area | Hospital &amp; Health Care</s>
    <s>Business Development and Planning at CVPH Medical Center, Board of Director at Behavorial Health Services, President at Augustine, Inc.</s>
    <s>President at Sirius Partners, Inc., COO at Sheppard Medical / Keystone, Deputy Director at Pennsylvania Department of Health / County of Montgomery</s>
    <s>I am a former CEO of a market leading healthcare company (5 years) and former managing partner of a management consulting company (7 years). Today, my focus is on partnering with clients to assess, develop, implement, and improve processes to support their long-term human capital needs and provide their organization with an essential competitive advantage.</s>
    <s>2.View Full Profile</s>
    <s>Rich Maggiani</s>
    <s>Communication Consultant</s>
    <s>Demographic info</s>
    <s>Burlington, Vermont Area | Professional Training &amp; Coaching</s>
    <s>Communication Consultant at Solari Communication, Columnist: Social Media Insights at STC, STC Fellow at Society for Technical Communication, Board Director-at-Large at Society for Technical Communication</s>
    <s>Speaker / Presenter at ASTD Fall Professional Day, Presenter / Speaker at PCOC - Practical Conference on Communication, Instructional Designer (contracted) at Ameriprise Financial, Speaker / Presenter at The Future of Technical Communication Conference, Speaker / Presenter at Tech Comm Summit, Instructional Designer, Instructor (contracted) at Green Mountain Coffee Roasters, Speaker / Presenter at International Professional Communicators Conference, Speaker / Presenter at Vermont Business Exposition, Speaker / Presenter at Southern Arizona STC, Writer and Designer (contracted) at ipCapital Group, Writer, Web Copy (contracted) at MobiRez-Advertising Associates International, Speaker / Presenter at DocTrain East Conference, Communication Consultant (contracted) at La Capra Associates, Speaker / Presenter at Tech Comm Summit, Adjunct Professor at Champlain College, Communication Consultant (contracted) at Anchorage Municipal Light &amp; Power, Speaker / Presenter at WritersUA Conference, Public Relations Manager at Society for Technical Communication (STC), Communication Consultant (contracted) at Ascension Technology, Communication Consultant (contracted) at Green Mountain Power, Communication Consultant (contracted) at Systems and Software, Marketing Consultant (contracted) at GE Healthcare, President and Founder at PDI Creative Communication, Board of Directors at Vermont Businesses for Social Responsibility, Communication Consultant (contracted) at Allscripts Healthcare Solutions, Vermont Leadership Institute at Snelling Center for Government, Technical Communicator (contracted) at BioTek Instruments, Adjunct Professor at Saint Michael's College, Technical Communicator at Vermont State Colleges, Information Developer at IBM</s>
    <s>Saint Michael's College, Bridgewater State College</s>
    <s>Partner with Solari Communication to realize a number of financial and workplace benefits through our core services: • Professional development in the core communication skills--writing, presenting, and listening--through our Solari Classroom. Excellent communication skills are the most highly valued attributes in professionals today. Through our Writing for Results class, you can cut your writing time by a third while increasing your writing's effectiveness by over 50%. Increase your results (include sales) by up to 75% through our Presenting with Poise class. Professionals spend up to 3 out of every 4 minutes listening; double your listening effectiveness through our Are You Listening? class. Allow us to customize these classes for you to attain a solid return on your investment. • Effective Technical Communication has the power to reduce returns and technical support calls by over 50% while doubling retention and understanding. At Solari, we are expert in making the complicated simple. We help create new profit centers within your business by capitalizing on the often overlooked yet vital role that simple, clear communication plays in the success of your company.</s>
    <s>3.View Full Profile</s>
    <s>Spencer Turer</s>
    <s>Director of Coffee Operations at Coffee Analysts</s>
    <s>Demographic info</s>
    <s>Burlington, Vermont Area | Food &amp; Beverages</s>
    <s>Director of Coffee Operations at Coffee Analysts</s>
    <s>General Manager, Sales Operations (Coffee Division) at Mitsui Foods, Inc, National Sales Manager (Coffee Division) at Mitsui Foods, Inc, Consultant at Kerry Food &amp; Beverage, Coffee Specialist at Kerry Food &amp; Beverage, Coffee Catagory Manager at Amerada Hess Corporation, Supply Chain Manager, Green Coffee at Dunkin' Donuts, Coffee Technologist - Product Development at Dunkin' Donuts, Manager, Coffee Development at Melitta USA, Store Training Specialist at Melitta USA, General Manager at Dean &amp; DeLuca, Manager at The Radnor Hotel, Restaurant Manager at Dock Street Brewing Company</s>
    <s>Johnson and Wales University, Johnson and Wales University, Cherry Hill HS East</s>
    <s>Mr. Turer began his coffee career in 1994 as a Barista/Cafe Manager and first roasted coffee in 1995. His management experience includes coffee quality testing and product development, green coffee sourcing and importing, coffee trading and commodity market analysis, retail marketing, menu development and barista training. He has traveled throughout Central and South America, touring farms and mills, sourcing the world's finest coffees. Spencer is a member of several coffee industry committees with the Specialty Coffee Association of America and the National Coffee Association of the US, including the Editorial Advisory Board for ROAST Magazine. He is founding member of the Roasters Guild and is a frequent speaker and presenter at trade conferences. Spencer has published articles on coffee topics in trade and consumer magazines, assisted book authors on coffee industry operations, and is a respected coffeetaster (cupper.) Spencer is an experienced coffee competition judge and has worked with the United States Barista Championship, Cup of Excellence, and Q-Auction events. Spencer is a Magna Cum Laude graduate of Johnson &amp; Wales University, earning degrees in Culinary Arts and Foodservice Management PUBLISHED ARTICLES: &quot;CUPPING REVISITED, A Primer for Advanced Coffee Testing&quot; ROAST Magazine (March/April 2010) &quot;Trends in Coffee: Quality is Back in Fashion&quot; MICHIGAN RESTAURATEUR (April 2008) &quot;The Secret Life of Beans: Green Coffees Trip From Port to Your Door&quot; ROAST Magazine (January/February 2008) &quot;Shot In The Dark: Sensory Perceptions of Your Cafe&quot; FRESH CUP Magazine (September 2007) &quot;Field Report: Michigan Restaurant Association Cafe&quot; Barista Magazine (February/March 2007) &quot;How Do You Brew?&quot; SAVEUR Magazine (January/February 2007) &quot;Coffee &amp; Cigars&quot; SMOKE Magazine (Fall 2006) &quot;Top of the Crop, The Q Program Defined&quot; ROAST Magazine (July/August 2004) &quot;A Roaster by Any Other Name, the importance of proper roasting titles&quot; ROAST Magazine (May/June2004)</s>
    <s>4.View Full Profile</s>
    <s>Jason Adam Oleet</s>
    <s>Demographic info</s>
    <s>Burlington, Vermont Area | Investment Banking</s>
    <s>5.View Full Profile</s>
    <s>Ron Redmond</s>
    <s>Executive Director at Church Street Marketplace District</s>
    <s>Demographic info</s>
    <s>Burlington, Vermont Area | Government Administration</s>
    <s>Executive Director at Church Street Marketplace District</s>
    <s>Marketing Communications Specialist at IDX Systems, Manager, Community Giving at Frontier Communications, Marketing Communications Manager at Philips Consumer Electronics, Manager, Marketing &amp; Public Relations at Orange County Transportation Authority</s>
    <s>Saint Michael's College, Vermont Leadership Institute, Snelling Center, University of Southern California</s>
    <s>Highly motivated, hard-working and collaborative self-starter and team builder. Led outstanding groups of people, eliciting interest, enthusiasm and drive. More than 30 years of experience managing operations, organizational change and projects. Well-developed analytical, planning and negotiating skills. Enjoy managing multiple workloads in changing and stressful environments. Committed to providing superior customer service. Personnel Management: Demonstrated expertise in managing and supervising staff and multiple long and short-term programs. Able to inspire teams to achieve measurable objectives. Experienced in budget management, consensus-building, and negotiating trade, sales and promotional agreements. Experience creating, developing, and implementing strategic marketing plans, promotional programs, local and national advertising campaigns. Skilled in directing campaigns and launching new products. Skilled in building positive, long-term relationships with working partners, community groups and the press. Excellent communication skills; accomplished spokesperson. Proven record of generating publicity that enhances brand and company image.</s>
    <s>Showing 5 of 500+ profiles | See all profiles on LinkedIn »</s>
    <s>Related Searches</s>
    <s>120M+ professionals are on LinkedIn. Join to contact and view their full profiles now.</s>
    <s>Join Now *</s>
    <s>Become a LinkedIn Member</s>
    <s>Sign Up</s>
    <s>1. First Name</s>
    <s>2. Last Name</s>
    <s>3. Email</s>
    <s>4. Password</s>
    <s>6 or more characters</s>
    <s>Already on LinkedIn? Sign in</s>
    <s>/&lt;!CDATA[ */ var google keywords = null, google ad client = 'pub-2283433109277150', google ad width = 160, google ad height = 600, google ad format = '160x600 as'; var dbl src = &quot;http://ad.doubleclick.net/adj/linkedin.dart/&quot; + dbl page + &quot;;;lang=en;tile=1;dcopt=ist;sz=160x600;&quot; + encodeURIComponent('extra=null') + &quot;;ord=&quot; + Math.random()10000000000000000 +&quot;?&quot;; document.write('&lt;script src=&quot;' + dbl src + '&quot; type=&quot;text/javascript&quot;&gt;&lt;\/script&gt;'); /]&gt; */</s>
    <s>/&lt;!CDATA[ */ (function() { function readCookie(name) { var nameEQ = name + &quot;=&quot;; var ca = document.cookie.split(';'); for(var i = 0; i &lt; ca.length; i++) { var c = ca[i; while (c.charAt(0)==' ') c = c.substring(1,c.length); if (c.indexOf(nameEQ) == 0) return c.substring(nameEQ.length,c.length); } return null; } if (typeof(XMLHttpRequest) === &quot;undefined&quot;) { XMLHttpRequest = function() { try { return new ActiveXObject(&quot;Msxml2.XMLHTTP.6.0&quot;); } catch(e) {} try { return new ActiveXObject(&quot;Msxml2.XMLHTTP.3.0&quot;); } catch(e) {} try { return new ActiveXObject(&quot;Msxml2.XMLHTTP&quot;); } catch(e) {} try { return new ActiveXObject(&quot;Microsoft.XMLHTTP&quot;); } catch(e) {} throw new Error(&quot;This browser does not support XMLHttpRequest.&quot;); }; } var req = new XMLHttpRequest(), bcookie = escape(readCookie(&quot;bcookie&quot;)), newTrkInfo = 'director', alias secure = 'https://www.linkedin.com/analytics/noauthtracker?type=leo%2EpageTracking&amp;pageType=full page&amp;pageKey=fps title directory jsbeacon&amp;trackingInfo=REPLACEME', alias normal = '/analytics/noauthtracker?type=leo%2EpageTracking&amp;pageType=full page&amp;pageKey=fps title directory jsbeacon&amp;trackingInfo=REPLACEME', is secure = false, url = (is secure) ? alias secure : alias normal; url = url.replace(&quot;REPLACEME&quot;, newTrkInfo); if (bcookie) { req.open('get', url); req.send(null); } })(); /]]&gt; */COMSCORE.beacon({ c1:2, c2:6402952, c3:&quot;&quot;, c4:&quot;&quot;, c5:&quot;&quot;, c6:&quot;&quot;, c15:&quot;&quot; }); (function () { var d = new Image(1, 1); d.onerror = d.onload = function () { d.onerror = d.onload = null; }; d.src = &quot;http://secure-us.imrworldwide.com/cgi-bin/m?ci=us-603751h&amp;cg=0&amp;cc=1&amp;si=&quot;, escape(window.location.href), &quot;&amp;rp=&quot;, escape(document.referrer), &quot;&amp;ts=compact&amp;rnd=&quot;, (new Date()).getTime() .join(''); })();</s>
  </text>
</page>
