<?xml version="1.0" encoding="UTF-8"?>
<!DOCTYPE page SYSTEM "page.dtd">
<page>
  <lang>en</lang>
  <url>http://www.leaderstudio.net/icitis/2011/workshopproposals.html</url>
  <title>ICITIS 2011</title>
  <snippet>
    <s>The paper of the workshop should be submitted to the specified sysytem the conference committee assigned.The workshop organiser will have rights to gain </s>
  </snippet>
  <text>
    <s>Call For Papers</s>
    <s>Workshop Proposals</s>
    <s>Paper Submission</s>
    <s>Keynote Speakers</s>
    <s>About ICITIS2010</s>
    <s>Travel Info</s>
    <s>More Conferences</s>
    <s>NETCOD 2011</s>
    <s>ICYC 2011</s>
    <s>APYCC 2011</s>
    <s>Call for Workshop Proposals</s>
    <s>The 2nd IEEE International Conference on Information Theory and Information Security(ICITIS2011) will be held on November 4-6, 2011 in Hangzhou, China. We invite proposals for workshops to be held in conjunction with ICITIS2011 as parallel tracks. Organizers of workshops are asked to present their proposals making use of the Proposals form.</s>
    <s>Organizational Principles and Notes for Workshop Organizers</s>
    <s>Workshops are intended to provide a forum for the discussion of a new specific topic.</s>
    <s>The workshop organiser have rights to recommend Committees, such as the Chair,TPC Member,which will be finally decided by the ICITIS2011 conference committee.</s>
    <s>The paper of the workshop should be submitted to the specified sysytem the conference committee assigned.The workshop organiser will have rights to gain access to the Backstage system of the workshop to check all the paper submissions.</s>
    <s>The workshop organiser will be responsible for advertising the workshop, reviewing and selecting the papers.The accepted papers will be finally dertermined by the ICITIS2011 conference committee.</s>
    <s>To avoid misunderstandings, please note that all workshop participants are required to register on the ICITIS2011 conference regiatration website. However, we can arrange for a free workshopregistration for an invited speaker or similar.</s>
    <s>Papers accepted for Workshops will be published in the Proceedings of 2011 IEEE International Conference on Information Theory and Information Security.</s>
    <s>All papers accepted must be original, previously unpublished. Authors of accepted papers will need to sign an IEEE copyright release form. The workshop organiser should be reposible for the accepted papers’ originality of the workshop.</s>
    <s>The cancellation of a Worjshop should be allowed by the ICITIS2011 conference committee.Please understand that we may have to cancel a workshop if deadlines the workshop doesn’t comply with the confernece’s principles or insufficient participation.</s>
    <s>How To Propose a Workshop</s>
    <s>Please send back the filled Proposals form to icitis2011@leaderstudio.net</s>
    <s>Selection criteria</s>
    <s>All proposals fulfilling the selection criteria and using the template will be checked and considered carefully by the conference committee and we’ll notify you the result as soon as your proposals accepted .</s>
    <s>The chairs reserve the right to suggest potential changes to the proposal</s>
    <s>Important Dates</s>
    <s>•Workshop Proposals Submission Deadline: May.15</s>
    <s>•Paper Submission Deadline ：Jul.30</s>
    <s>•Conference Date(ICITIS and parallel Workshop): Nov. 4-6</s>
    <s>Please note that the workshop organiser should submit the final version of the accepted papers and IEEE copyright release form to the conference committee before Aug. 20.</s>
    <s>IEEE Beijing Section</s>
    <s>IEEE Nanjing Section</s>
    <s>Technical Co-Sponsors</s>
    <s>版权所有：灵创国际交流中心 |京ICP备08008223号</s>
  </text>
</page>
