<?xml version="1.0" encoding="UTF-8"?>
<!DOCTYPE page SYSTEM "page.dtd">
<page>
  <lang>en</lang>
  <url>http://closer.scitevents.org/PaperFormats.aspx</url>
  <title>Paper Formats</title>
  <snippet>
    <s>6 days ago All papers accepted for the conference, whatever the presentation format, will be published in the proceedings under an ISBN reference, </s>
  </snippet>
  <text>
    <s>Home Log In Contacts INSTICC Portal</s>
    <s>Actions Submit a Paper Go to Authors Area Go to Reviewers Area Propose a Satellite Event Information Conference Details Venue Call for Papers Program Committee Partners and Supporters Invited Speakers Keynote Speakers Previous Invited Speakers Satellite Events Workshops Authors Kit Submission Guidelines Paper Formats Paper Templates Presentation Guidelines Travel and Accommodation Local Information Awards Best Paper Award Previous Awards Previous Conferences Websites Abstracts</s>
    <s>Sponsored by</s>
    <s>INSTICC is Member of</s>
    <s>Paper Formats</s>
    <s>All papers accepted for the conference, whatever the presentation format, will be published in the proceedings under an ISBN reference, on paper and on CD-ROM support, as long as the camera-ready submission, registration and copyright document have been received.</s>
    <s>Papers submitted to Conference can be accepted in one of the following three categories:</s>
    <s>⇒ Full Papers: Papers allocated 30 minutes for oral presentation (including discussion). These papers are assigned a 10-page limit in the conference proceedings.</s>
    <s>⇒ Short Papers: Papers allocated 20 minutes for oral presentation (including discussion). These papers are assigned a 6-page limit in the conference proceedings.</s>
    <s>⇒ Posters: Papers presented as poster are assigned a 4-page limit in the conference proceedings.</s>
    <s>Papers submitted to Workshops can be accepted in one of the following three categories:</s>
    <s>⇒ Full Papers: Papers allocated 30 minutes for oral presentation (including discussion). These papers are assigned a 10-page limit in the conference proceedings.</s>
    <s>⇒ Short Papers: Papers allocated 20 minutes for oral presentation (including discussion). These papers are assigned an 8-page limit in the conference proceedings.</s>
    <s>⇒ Posters: Papers presented as poster are assigned a 6-page limit in the conference proceedings.</s>
    <s>If absolutely needed, it will be allowed to increase the total number of pages by a maximum of 4 extra pages. However, for each excess page the author will have to pay an additional fee.</s>
    <s>Let us emphasize that the total number of pages will be considered after the paper is correctly formatted according to the appropriate template.</s>
    <s>An author who has an accepted paper, irrespective of the paper type (full paper, short paper or poster), must be registered as a speaker. No other registration type will be accepted.</s>
    <s>Last update: 10/17/2011 · © INSTICC</s>
  </text>
</page>
