<?xml version="1.0" encoding="UTF-8"?>
<!DOCTYPE page SYSTEM "page.dtd">
<page>
  <lang>en</lang>
  <url>http://www.issrm2012.iasnr.org/%3Fpage_id%3D232</url>
  <title>ISSRM 2012 Conference » Edmonton, Alberta » Sponsorship ...</title>
  <snippet>
    <s>Complimentary exhibition booth • Full page in conference program • Organizational logo on banner at Plenary Sessions, Welcome Reception, Poster Session </s>
  </snippet>
  <text>
    <s>About ISSRM</s>
    <s>About IASNR</s>
    <s>People and Contacts</s>
    <s>Call for Papers</s>
    <s>Oral Presentations</s>
    <s>Poster Presentations</s>
    <s>Organized Sessions</s>
    <s>Student Paper Competition</s>
    <s>Submit Abstracts</s>
    <s>Preliminary Schedule</s>
    <s>Sponsors and Exhibitors</s>
    <s>Our Sponsors</s>
    <s>Becoming a Sponsor</s>
    <s>Please sign in using the form below</s>
    <s>Remember Me</s>
    <s>Lost your password? | Register close</s>
    <s>Sponsorship information</s>
    <s>Please download our Sponsorship information package for complete sponsorship information.</s>
    <s>!Sponsorship information package</s>
    <s>Further information can be obtained from:</s>
    <s>Dr. Elizabeth Halpenny (Financial and Communication Chair – ISSRM 2012) at tel: 780-492-5702, email: elizabeth.halpenny@ualberta.ca.</s>
    <s>Sponsorship Levels</s>
    <s>Gold ($25,000) sponsors receive:</s>
    <s>• Six complimentary Symposium registrations</s>
    <s>• Complimentary exhibition booth</s>
    <s>• Full page in conference program</s>
    <s>• Organizational logo on banner at Plenary Sessions, Welcome Reception, Poster Session and Banquet.</s>
    <s>• Acknowledgement on ISSRM 2012 web site and IASNR annual report</s>
    <s>• Acknowledgement in meeting program and meeting web site</s>
    <s>• Opportunity to include an insert in Symposium registration packages</s>
    <s>Silver ($10,000) sponsors receive:</s>
    <s>• Four complimentary Symposium registrations</s>
    <s>• Complimentary exhibition booth</s>
    <s>• Half page advertisement in conference program</s>
    <s>• Organizational logo on banner at Plenary Sessions, Welcome Reception, Poster Session and Banquet.</s>
    <s>• Acknowledgement on ISSRM 2012 web site and IASNR annual report</s>
    <s>• Acknowledgement in meeting program and meeting web site</s>
    <s>• Opportunity to include an insert in Symposium registration packages</s>
    <s>Bronze ($5,000) sponsors will receive:</s>
    <s>• 50% discount on exhibition booth</s>
    <s>• Quarter-page advertisement in Symposium program</s>
    <s>• Organizational logo on banner at Plenary Sessions, Welcome Reception, Poster Session and Banquet.</s>
    <s>• Acknowledgement on ISSRM 2012 web site and IASNR annual report</s>
    <s>• Acknowledgement in Symposium program and meeting web site</s>
    <s>• Opportunity to include an insert in Symposium registration packages</s>
    <s>Wrap Up Banquet/Welcome Reception/Poster Session ($5,000) sponsors will receive:</s>
    <s>• Opportunity to welcome delegates (2-3 minutes) to Symposium</s>
    <s>• 50% discount on exhibition booth</s>
    <s>• Quarter-page advertisement in Symposium program</s>
    <s>• Organizational logo on banner at Plenary Sessions, Welcome Reception, Poster Session and Banquet.</s>
    <s>• Acknowledgement on ISSRM 2012 web site and IASNR annual report</s>
    <s>• Acknowledgement in Symposium program and meeting web site</s>
    <s>• Opportunity to include an insert in Symposium registration packages</s>
    <s>Conference Entertainment ($3,500) sponsors will receive:</s>
    <s>• Opportunity to welcome delegates (2-3 minutes) to Symposium</s>
    <s>• Organizational logo on banner at Plenary Sessions, Welcome Reception, Poster Session and Banquet.</s>
    <s>• Acknowledgement on ISSRM 2012 web site and IASNR annual report</s>
    <s>• Acknowledgement in Symposium program and meeting web site</s>
    <s>• Opportunity to include an insert in Symposium registration packages</s>
    <s>Nutrition Break /Student Quiz Bowl Sponsors/Field Trip ($1,000) will receive:</s>
    <s>• Acknowledgement in Symposium program and meeting web site</s>
    <s>• Acknowledgment at the event break</s>
    <s>Conference supporters ($500) will receive:</s>
    <s>• Acknowledgement in Symposium program and meeting web site</s>
    <s>ISSRM 2012 Conference. Copyright 2011 IASNR. Designed by Paulus Mau.</s>
    <s>About ISSRM</s>
    <s>About IASNR</s>
    <s>People and Contacts</s>
    <s>Call for Papers</s>
    <s>Oral Presentations</s>
    <s>Poster Presentations</s>
    <s>Organized Sessions</s>
    <s>Student Paper Competition</s>
    <s>Submit Abstracts</s>
    <s>Preliminary Schedule</s>
    <s>Sponsors and Exhibitors</s>
    <s>Our Sponsors</s>
    <s>Becoming a Sponsor</s>
  </text>
</page>
