<?xml version="1.0" encoding="UTF-8"?>
<!DOCTYPE page SYSTEM "page.dtd">
<page>
  <lang>en</lang>
  <url>http://www.naea.org/MemberPortal/About/NewsRoom/Meeting_The_Tax_Deadline.htm</url>
  <title>NAEA : Meeting the Tax Deadline Despite Missing Documents</title>
  <snippet>
    <s>Jan 27, 2011 click here to download a PDF version. For Immediate Release. Meeting the Tax Deadline How to Forge Ahead without the Documents You&#39;ve </s>
  </snippet>
  <text>
    <s>» Home</s>
    <s>» News Room</s>
    <s>» Contact Us</s>
    <s>» Site Map</s>
    <s>About NAEA</s>
    <s>NAEA Governance</s>
    <s>Join NAEA</s>
    <s>NAEA Frequently Asked Questions</s>
    <s>News Room</s>
    <s>NAEA Testimony</s>
    <s>NAEA Position Papers</s>
    <s>NAEA Comments and Letters</s>
    <s>Government Relations Committee Members</s>
    <s>State Advocacy Information</s>
    <s>NAEA PAC</s>
    <s>Calendar of Events</s>
    <s>Scholarship Information</s>
    <s>Continuing Professional Education</s>
    <s>CPE Webinars</s>
    <s>EA Journal CPE</s>
    <s>National Conference</s>
    <s>National Tax Practice Institute</s>
    <s>NTPI Level 1 ABQ</s>
    <s>SEE Program</s>
    <s>EA Journal</s>
    <s>Client Newsletters</s>
    <s>Advertising &amp; Promotion</s>
    <s>State and Federal Tax Links</s>
    <s>Member Resources</s>
    <s>Industry Resources</s>
    <s>NAEA Store</s>
    <s>For Taxpayers</s>
    <s>Becoming an Enrolled Agent</s>
    <s>State Affiliates</s>
    <s>State Affiliates and Chapters</s>
    <s>Affiliate Resources</s>
    <s>Tax Research Service</s>
    <s>Advanced Search</s>
    <s>Inside About NAEA</s>
    <s>NAEA Governance</s>
    <s>Join NAEA</s>
    <s>NAEA Frequently Asked Questions</s>
    <s>News Room</s>
    <s>!For Taxpayers</s>
    <s>What is an Enrolled Agent?</s>
    <s>Find an Enrolled Agent</s>
    <s>!Quick Links</s>
    <s>About NAEA</s>
    <s>A Career as an Enrolled Agent Presentation</s>
    <s>Home » About NAEA » News Room » Meeting the Tax Deadline Despite Missing Documents</s>
    <s>Meeting the Tax Deadline Despite Missing Documents</s>
    <s>Contact: Gigi Thompson Jarvis</s>
    <s>click here to download a PDF version</s>
    <s>For Immediate Release</s>
    <s>Meeting the Tax Deadline</s>
    <s>How to Forge Ahead without the Documents You've Been Waiting For</s>
    <s>Washington, DC (January 27, 2011)—Penalties for late filing of tax returns can be harsh, but what can you do if you haven't received the information you need from your employer or others? If you are waiting for your Form W-2, mortgage interest statement, 1099 DIV or other documents that are necessary to complete your tax forms, it's in your best interest to take action. IRS does not accept &quot;failure to receive documents&quot; as an excuse for failure to file.</s>
    <s>If you haven't received your W-2 form by January 31, it's time to contact your employer. If it's still not in your hands by February 16, you can turn to Uncle Sam for assistance. The IRS will be standing by to assist you at 800.829.1040 on that date and beyond. Before you make the call, be sure you have the following information at the ready: your Social Security number, dates of employment and your employer's name, address and phone number. IRS will not only contact your employer, but it will also send you a Form 4852 (a substitute Form W-2) to fill out in case you don't receive the Form W-2 in time to make the tax deadline.</s>
    <s>In the old days, when the necessary tax documents didn't arrive there was no choice but to call your financial institution and spend what seemed like an eternity waiting on hold to speak to a customer service representative about retrieving the missing document. The Internet has changed all that by allowing banks and mortgage lenders to post this information online. After you've established an online user name and password, most banks and mortgage lenders make the tax information you need available to you on their websites. Even if you accidentally tossed out some important tax documents along with the junk mail, you can easily access the numbers you need for your tax return.</s>
    <s>If you find you just can't get the documentation together in time, another option is filing an extension. This will delay your filing deadline until October 17, 2011. With the penalty for not filing a tax return or an extension a stiff five percent per month up to a maximum of 25 percent of the amount of tax due on the late-filed return, filing an extension is well worth the effort. Keep in mind that you'll also need to file an extension for your state tax return.</s>
    <s>Please note: taxpayers should not confuse the extra six months the extension provides for filing with a postponement on paying. You'll still need to estimate the taxes you may owe and submit that amount prior to April 18, 2011 along with Form 4868. To avoid paying a penalty, you must pay at least 90 percent of what you estimate you owe, or 100 percent of your 2009 tax liability. If you don't pay in full, you'll wind up owing four percent annual interest on the liability not covered.</s>
    <s>Filing a tax return can be daunting and stressful without the advice and guidance of a tax expert. A convenient, searchable directory of enrolled agents, the only federally-licensed tax practitioners, may be found at www.naea.org.</s>
    <s>The National Association of Enrolled Agents (NAEA) is a non-profit membership organization composed of tax specialists licensed by the US Department of the Treasury. NAEA members are dedicated to maintaining the highest professional standards and to increasing the integrity of the tax administration system.</s>
    <s>!printer Print this page</s>
    <s>Home | News Room | Contact Us | Site Map</s>
    <s>© 2009 National Association of Enrolled Agents</s>
    <s>1120 Connecticut Avenue, NW, Suite 460, Washington, DC 20036</s>
    <s>Tel: 202-822-NAEA (6232) Fax: 202-822-6270</s>
    <s>E-mail: info@naea.org</s>
    <s>Privacy Policy</s>
  </text>
</page>
