<?xml version="1.0" encoding="UTF-8"?>
<!DOCTYPE page SYSTEM "page.dtd">
<page>
  <lang>en</lang>
  <url>http://www.hotelpatriot.cz/en/social_events/</url>
  <title>Social Events, Conference Facilities - Lodging &amp; Conference Rooms ...</title>
  <snippet>
    <s>Social Events, Conference Facilities. In our hotel, we can provide you with facilities for social events of all kinds: Konferencni sal 3 &middot; Conference facilities </s>
  </snippet>
  <text>
    <s>Patriot Hotel » Social Events</s>
    <s>About the Patriot Hotel</s>
    <s>Hotel Restaurant</s>
    <s>Social Events</s>
    <s>Conference Facilities</s>
    <s>Events and Parties</s>
    <s>Tips for Tourists</s>
    <s>Other Services</s>
    <s>Working Hours</s>
    <s>Hotel &amp; Restaurant</s>
    <s>Monday to Sunday: 11:00 AM - 10:00 PM</s>
    <s>Sauna, fitness centre, &amp; solarium</s>
    <s>Monday to Friday: 5:00 PM - 10:00 PM</s>
    <s>Saturday &amp; Sunday: 1:00 PM - 10:00 PM</s>
    <s>Sporthotel Patriot Accommodation Úštěk !Quality Accommodation ubytování Sporthotel Patriot, Úštěk</s>
    <s>Social Events, Conference Facilities</s>
    <s>In our hotel, we can provide you with facilities for social events of all kinds:</s>
    <s>Conference facilities</s>
    <s>Weddings and wedding feasts</s>
    <s>New Year's Eve and birthday parties and gatherings</s>
    <s>Any other events on request.</s>
    <s>Tips for tourists</s>
    <s>Conference Facilities</s>
    <s>In our conference hall with 55-seat capacity, you can hold your</s>
    <s>Conferences, or</s>
    <s>Business meetings.</s>
    <s>&gt; On your request, we can prepare a non-binding price offer for holding courses or seminars.</s>
    <s>Conference facilities features</s>
    <s>In the conference facilities, you can use a flipchart, data projector, WiFi Internet and a speaker's platform and lectern.</s>
    <s>You can also use a space belonging to the conference facilities for coffee breaks. You can find a self-service vending machine for several kinds of coffee there and we will prepare various kinds of refreshments for you.</s>
    <s>In the conference facilities, there are 25 seats available; in summer, you can sit outside on the terrace directly next to the conference hall.</s>
    <s>Usti Region conference facilities</s>
    <s>Weddings and Wedding Feasts</s>
    <s>It will be our pleasure to arrange a wedding feast for you in our restaurant; we cooperate with wedding parlours in Litomerice District, and well-trained staff will arrange an unforgettable wedding day </s>
    <s>New Year's Eve and Birthday Parties and Other Events</s>
    <s>We would be pleased to arrange parties of any kind for you, be it a birthday party, New Year's Eve parties, or just a gathering to relax after a corporate conference .</s>
    <s>Photos showing events held in the hotel</s>
    <s>Tips for Tourists</s>
    <s>The town of Ustek is situated at the crossroads to three major towns between Usti nad Labem, Litomerice and Ceska Lipa. Traditionally, tourism is developed here, thanks to the neighbouring Chmelar Lake, with interesting natural scenery (Protected Landscape Area PLA), the vicinity of the Helfenburg castle, and the town of Ustek historical downtown area.</s>
    <s>Patriot Hotel neighbourhood</s>
    <s>Its whole neighbourhood, including a number of architectonic and historic landmarks with beautiful, so far almost untouched, nature, is a frequent destination for rest and recreation of many visitors and tourists.</s>
    <s>Around the town of Ustek, the landscape is hilly with many forests and a number of cyclist's paths and ponds dominated by the Chmelar Lake with its 67 ha area. The town of Ustek is located ca. 70 km north-west of Prague; the town is the excellent starting point for learning about tourist destinations in the northern Bohemia.</s>
    <s>Castles and chateaux, significant towns </s>
    <s>Edit: 11.9.2011 20:23</s>
    <s>Powered by CMS IIX</s>
  </text>
</page>
