<?xml version="1.0" encoding="UTF-8"?>
<!DOCTYPE page SYSTEM "page.dtd">
<page>
  <lang>en</lang>
  <url>http://www.the-asterisk-book.com/unstable/applikationen-meetme.html</url>
  <title>MeetMe()</title>
  <snippet>
    <s>E: Selects an empty conference that does not require a PIN. i: Announces join and exit of new participants with review (works only with Zap channels). </s>
  </snippet>
  <text>
    <s>↑ Inhaltsverzeichnis</s>
    <s>↑ B. Applications in the dialplan</s>
    <s>Appendix B. Applications in the dialplan</s>
    <s>Places the caller in a MeetMe conference.</s>
    <s>MeetMe( conference , options [, PIN ])</s>
    <s>Connects the caller in the current channel to a MeetMe conference defined by `conferenceNo` . If this is not specified, the application asks the caller to enter a conference number.</s>
    <s>If `PIN` is correctly set to the PIN (personal identification number) of the conference (set statically in `meetme.conf` or dynamically by the conference operator) the caller is placed directly into the conference; otherwise, the caller must enter the PIN first.</s>
    <s>MeetMe conferences require a Zaptel interface to be installed in the Asterisk server; these provide a time source for synchronization of the participating channels. If no Zaptel interface is available, the `ztdummy` driver may be used.</s>
    <s>MeetMe conferences always use the `ulaw` codec internally. The more conference participants use other codecs such as GSM or alaw, the higher the processor load due to transcoding.</s>
    <s>Valid options include:</s>
    <s>Sets admin mode.</s>
    <s>Marks the joining user as a special participant (see `w` and `x`).</s>
    <s>Starts the AGI script defined in `${MEETME AGI BACKGROUND}`, `conf-background.agi` by default. (Works only if all the channels in the conference are Zap channels.) The script is passed all DTMF keypresses; will not work in combination with options that also capture DTMF (such as `p`).</s>
    <s>Announces the number of participants to a joining user.</s>
    <s>Dynamically allocates a new conference.</s>
    <s>Dynamically allocates a new conference but asks the user to set a PIN (if no PIN is desired, the user must press &quot;`&quot;`).</s>
    <s>Selects an empty conference.</s>
    <s>Selects an empty conference that does not require a PIN.</s>
    <s>Announces join and exit of new participants with review (works only with Zap channels).</s>
    <s>Announces join and exit of new participants without review (works only with Zap channels).</s>
    <s>Listen-only mode.</s>
    <s>Music-on-hold mode. Plays music-on-hold if there is only one participant in the conference.</s>
    <s>Sets talker optimization. Improves conference quality and reduces transcoding overhead by muting participants who are not currently speaking.</s>
    <s>Participants may leave by pressing `&quot;&quot;`.</s>
    <s>Requests a PIN even if it is provided in the command.</s>
    <s>Quiet mode. Does not play entry/exit notification tones.</s>
    <s>Records a conference. File: `${MEETME RECORDINGFILE}`, format: `${MEETME RECORDINGFORMAT}`. Default filename is `meetme-conf-rec-${ `conference` }-${ `uniqueID` }`. The default format is `wav`. (Works only with Zap channels.)</s>
    <s>Switches to menu (user or admin) &quot;*&quot; is pressed.</s>
    <s>Talk-only mode.</s>
    <s>Talker detection. (Information is sent to the Manager interface and displayed in the MeetMe list in the CLI.)</s>
    <s>Video mode (not yet implemented).</s>
    <s>Wait until the marked participant joins the conference. Until this point, the other participants will hear music-on-hold.</s>
    <s>Ends the conference when the last marked participant exits (see `A`).</s>
    <s>Participants may exit the conference by dialling a single-digit extension in the `${MEETME EXIT CONTEXT}` context, or the current context if this variable is not defined. Option `X` does not work with `p` or `s`.</s>
    <s>Does not play the &quot;You are currently the only person in this conference&quot; message when the first conference participant enters.</s>
    <s>You can use `e` (or `E`) together with `d` (or `D`) to dynamically open a new conference. This means you will have to find a way of distributing the conference number to the other users, or employ some dialplan logic to accomplish the same objective.</s>
    <s>The options `d` or `D` dynamically open conferences; conferences are defined statically in `meetme.conf`.</s>
    <s>exten =&gt; 123,1,Answer()</s>
    <s>; Place the caller in conference 333 (with PIN 1234):</s>
    <s>exten =&gt; 123,n,MeetMe(333,DpM,1234)</s>
    <s>See also. the section called “`MeetMeAdmin()`”, the section called “`MeetMeCount()`”</s>
    <s>Commands in the CLI. The following commands are for administering conferences from the CLI. (The value ` `participant` ` is the number of participant as displayed in the participant list):</s>
    <s>List all conferences.</s>
    <s>`MeetMe list `conference` `</s>
    <s>List the participants in the specified conference.</s>
    <s>`MeetMe kick `conference` `participant` `</s>
    <s>Kicks a participant out of the conference.</s>
    <s>`MeetMe kick `conference` `</s>
    <s>Kicks all participants out of the conference.</s>
    <s>`MeetMe lock `conference` `</s>
    <s>Locks a conference to new participants.</s>
    <s>`MeetMe unlock `conference` `</s>
    <s>Unlocks a previous lock (see above).</s>
    <s>`MeetMe mute `conference` `participant` `</s>
    <s>Mute a conference participant.</s>
    <s>`MeetMe unmute `conference` `participant` `</s>
    <s>Unmute a conference participant (see above).</s>
    <s>Internal help for this application in Asterisk 1.4: </s>
    <s>-= Info about application 'MeetMe' =-</s>
    <s>MeetMe conference bridge</s>
    <s>MeetMe(confno,[options,pin]): Enters the user into a specified M</s>
    <s>conference. If the conference number is omitted, the user will be promp</s>
    <s>to enter one. User can exit the conference by hangup, or if the 'p' opt</s>
    <s>is specified, by pressing ''.</s>
    <s>Please note: The Zaptel kernel modules and at least one hardware driver</s>
    <s>(or ztdummy)</s>
    <s>must be present for conferencing to operate properly. In ad</s>
    <s>dition, the chan zap</s>
    <s>channel driver must be loaded for the 'i' and 'r' options t</s>
    <s>o operate at all.</s>
    <s>The option string may contain zero or more of the following characters:</s>
    <s>'a' -- set admin mode</s>
    <s>'A' -- set marked mode</s>
    <s>'b' -- run AGI script specified in ${MEETME AGI BACKGROUND}</s>
    <s>Default: conf-background.agi (Note: This does not work wit</s>
    <s>non-Zap channels in the same conference)</s>
    <s>'c' -- announce user(s) count on joining a conference</s>
    <s>'d' -- dynamically add conference</s>
    <s>'D' -- dynamically add conference, prompting for a PIN</s>
    <s>'e' -- select an empty conference</s>
    <s>'E' -- select an empty pinless conference</s>
    <s>'i' -- announce user join/leave with review</s>
    <s>'I' -- announce user join/leave without review</s>
    <s>'l' -- set listen only mode (Listen only, no talking)</s>
    <s>'m' -- set initially muted</s>
    <s>'M' -- enable music on hold when the conference has a single calle</s>
    <s>'o' -- set talker optimization - treats talkers who aren't speakin</s>
    <s>g as</s>
    <s>being muted, meaning (a) No encode is done on transmission</s>
    <s>(b) Received audio that is not registered as talking is omi</s>
    <s>causing no buildup in background noise</s>
    <s>'p' -- allow user to exit the conference by pressing ''</s>
    <s>'P' -- always prompt for the pin even if it is specified</s>
    <s>'q' -- quiet mode (don't play enter/leave sounds)</s>
    <s>'r' -- Record conference (records as ${MEETME RECORDINGFILE}</s>
    <s>using format ${MEETME RECORDINGFORMAT}). Default filename i</s>
    <s>meetme-conf-rec-${CONFNO}-${UNIQUEID} and the default forma</s>
    <s>t is</s>
    <s>'s' -- Present menu (user or admin) when '*' is received ('send' t</s>
    <s>o menu)</s>
    <s>'t' -- set talk only mode. (Talk only, no listening)</s>
    <s>'T' -- set talker detection (sent to manager interface and meetme</s>
    <s>-- wait until the marked user enters the conference</s>
    <s>'x' -- close the conference when last marked user exits</s>
    <s>'X' -- allow user to exit the conference by entering a valid singl</s>
    <s>digit extension ${MEETME EXIT CONTEXT} or the current conte</s>
    <s>if that variable is not defined.</s>
    <s>'1' -- do not play message when first person enters</s>
    <s>diff output to internal help in Asterisk 1.2: </s>
    <s>&lt; MeetMe(confno,[options,pin]): Enters the user into a specified</s>
    <s>&lt; conference. If the conference number is omitted, the user will be pro</s>
    <s>&lt; to enter one. User can exit the conference by hangup, or if the 'p' o</s>
    <s>&lt; is specified, by pressing ''.</s>
    <s>&gt; MeetMe(confno,[options,pin]): Enters the user into a specified</s>
    <s>MeetMe conference.</s>
    <s>&gt; If the conference number is omitted, the user will be prompted to ente</s>
    <s>&gt; one.</s>
    <s>&gt; User can exit the conference by hangup, or if the 'p' option is specif</s>
    <s>ied, by pressing ''.</s>
    <s>&lt; Default: conf-background.agi (Note: This does not work w</s>
    <s>&lt; non-Zap channels in the same conference)</s>
    <s>&gt; Default: conf-background.agi</s>
    <s>&gt; (Note: This does not work with non-Zap channels in the sa</s>
    <s>me conference)</s>
    <s>&lt; 'i' -- announce user join/leave with review</s>
    <s>&lt; 'I' -- announce user join/leave without review</s>
    <s>&lt; 'l' -- set listen only mode (Listen only, no talking)</s>
    <s>&lt; 'm' -- set initially muted</s>
    <s>&gt; 'i' -- announce user join/leave</s>
    <s>&gt; 'm' -- set monitor only mode (Listen only, no talking)</s>
    <s>&lt; 'o' -- set talker optimization - treats talkers who aren't speak</s>
    <s>ing as</s>
    <s>&lt; being muted, meaning (a) No encode is done on transmissio</s>
    <s>n and</s>
    <s>&lt; (b) Received audio that is not registered as talking is o</s>
    <s>&lt; causing no buildup in background noise</s>
    <s>&lt; meetme-conf-rec-${CONFNO}-${UNIQUEID} and the default for</s>
    <s>mat is</s>
    <s>&lt; wav.</s>
    <s>&gt; meetme-conf-rec-${CONFNO}-${UNIQUEID} and the default for</s>
    <s>mat is wav.</s>
    <s>&lt; '1' -- do not play message when first person enters</s>
    <s>!Google Custom Search</s>
    <s>WARNING: ALPHA-VERSION!</s>
    <s>This early version is a work in progress and online to find bugs and get your feedback. The original german book of Stefan Wintermeyer has some 630 pages. So it will take Stephen Bosch (sbosch@vodacomm.ca) some time to get everything translated. Please help us by reporting bugs and ideas to stefan.wintermeyer@amooma.de</s>
    <s>The book can not be ordered yet. As soon as this is possible we will link to amazon at this page. It will be published at the end of 2007.</s>
  </text>
</page>
