<?xml version="1.0" encoding="UTF-8"?>
<!DOCTYPE page SYSTEM "page.dtd">
<page>
  <lang>en</lang>
  <url>http://www.surveymonkey.com/s/ECR2012</url>
  <title>ECR2012 &quot;Working Across Boundaries&quot; Session Proposal Form ...</title>
  <snippet>
    <s>The conference, organized in conjunction with several federal partners, will be held on May 22-24, 2012, at the Proposals from session organizers are currently being accepted for Presenter Qualifications/Previous Speaking Experience </s>
  </snippet>
  <text>
    <s>!USIECR New Logo</s>
    <s>Exit this form &gt;&gt;</s>
    <s>ECR2012 &quot;Working Across Boundaries&quot; Session Proposal Form</s>
    <s>1. CALL FOR PROPOSALS - Requirements &amp; Other Guidelines</s>
    <s>The U.S. Institute for Environmental Conflict Resolution, a program of the Udall Foundation, invites you to share your knowledge at the seventh national conference ECR2012: “Working Across Boundaries.” The conference, organized in conjunction with several federal partners, will be held on May 22-24, 2012, at the JW Marriott Starr Pass in Tucson, AZ.</s>
    <s>Proposals from session organizers are currently being accepted for concurrent/breakout presentations, panel sessions, facilitated roundtable discussions, and training workshops. The deadline to submit proposals is Friday, October 28, 2011.</s>
    <s>The ECR2012 Conference Steering Committee is seeking proposals from panelists and presenters with unique experience and insights that provoke informative discussions and information sharing on the role of ECR in meeting the nation’s environmental governance challenges.</s>
    <s>Proposals are being accepted in two categories: 1) pre-conference training workshops, and 2) conference sessions for the following four tracks:</s>
    <s>Track I: Tribal Consultation, Collaboration and ECR</s>
    <s>Track II: Collaborating at New and Larger Scales</s>
    <s>Track III: Building Institutional and Practitioner Capacity for ECR and Collaboration</s>
    <s>Track IV: ECR in Administrative and Litigation Contexts</s>
    <s>In addition to the conference tracks outlined above, the Conference Steering Committee has identified four cross-cutting special subject areas to be highlighted as part of the ECR2012 program. The special subject areas are: Environmental Justice, Innovative Uses of Technology in ECR Processes, Renewable Energy, and the Economics of ECR. Priority will be given to proposals that fit within one of the four conference tracks and focus on one or more of these special subject areas.</s>
    <s>The Conference Steering Committee strongly encourages the submission of proposals by teams of presenters and panelists representing a diversity of affiliations (e.g., members of federal, tribal, state and local governments and nongovernmental organizations, as well as private citizens and other parties directly involved in environmental collaboration and conflict resolution).</s>
    <s>The ECR2012 Program Track-Sub Committees will review all session proposals and make final selections with input from the Steering Committee. Proposals will be evaluated on:</s>
    <s>• Overall Quality of Proposal</s>
    <s>• Completeness of Proposal</s>
    <s>• Well Defined Session Content that Fits with Track Objectives</s>
    <s>• Session Content that Addresses one or more of the Conference Special Subject Areas</s>
    <s>(i.e., Environmental Justice, Technology and ECR, Renewable Energy, and the Economics of ECR)</s>
    <s>• Innovative Original Content</s>
    <s>• Relevance to Current or Emerging Opportunities and Challenges in Environmental Governance and the Role of ECR</s>
    <s>• Potential to Attract and Stimulate Conference Attendees</s>
    <s>• Broadscale Applicability of Concepts, Policies, Practices, Templates, and/or Lessons Learned</s>
    <s>• Diversity of Panel Members (e.g., federal, tribal, state, regional, local government, practitioner, other)</s>
    <s>• Presenter Qualifications/Previous Speaking Experience</s>
    <s>• Plan to Actively Engage Audience</s>
    <s>Note: Presenters will be limited to participate in no more than two (2) conference sessions. At the time of the review process, presenters named on more than two proposals may be asked to identify presenter alternates.</s>
    <s>Up to 40 concurrent 90-minute panel and roundtable sessions will be offered on both Wednesday, May 23, 2012, and Thursday, May 24, 2012. The U.S. Institute does not waive registration fees or reimburse ECR2012 conference presenters for travel, lodging, meal expenses or conference registration fees unless otherwise stated at the time of engagement.</s>
    <s>Before submitting this proposal, carefully review and print a copy of your records. For more information including detailed proposal guidance by track, visit www.ecr.gov.</s>
    <s>Javascript is required for this site to function, please enable.</s>
  </text>
</page>
