<?xml version="1.0" encoding="UTF-8"?>
<!DOCTYPE page SYSTEM "page.dtd">
<page>
  <lang>en</lang>
  <url>http://www.sodaksaca.org/conference/index.htm</url>
  <title>SoDakSACA Conference</title>
  <snippet>
    <s>At the annual conference, SoDakSACA awards a person, organization or business the &#39;SACCY&#39; award in recognition of their leadership and support in the field </s>
  </snippet>
  <text>
    <s>the SD affiliate of </s>
    <s>Recent News</s>
    <s>SoDakSACA 2011 - Mark Your Calendars</s>
    <s>The SoDakSACA conference will be held in Mitchell on October 7-8, 2011 at the Highland Conference Center. A fantastic conference is being planned. Board members encourage all afterschool programs and others to attend to make this the best conference ever. Register todayDownload your registration form on the website and send in by 9/23 to get the early bird rateRemember to wear Hawaiian gear for the Friday evening luauFor more information, contact Ryan Zens: ryanzens@rap.midco.net</s>
    <s>!Lights on Afterschool</s>
    <s>The South Dakota School Age Care Alliance, the South Dakota Afterschool Partnership, families, afterschool providers &amp; community leaders will gather for entertainment, a chili feed and a special lighting ceremony at The Corn Palace from 5:30 pm - 7:30 pm on Saturday, October 8th in Mitchell. By attending you will demonstrate support for the vital role these programs play for children, their families, communities &amp; the state's economy. RSVP by September 23 to Erin Bofenkamp at 367-9667 or erinb@sdvoicesforchildren.org</s>
    <s>SD Afterschool Partnership Rolls Out New Website</s>
    <s>The South Dakota Afterschool Partnership promotes quality, out-of-school programming for all South Dakota school-age children and youth. The Partnership has launched a website to provide information to parents, after-school professionals and advocates. This website is the go-to source for information on after school in South Dakota and includes a directory to link users to services in their region. Check it out at www.sdafterschool.org</s>
    <s>Email Us</s>
    <s>SoDakSACA Conference</s>
    <s>previous page | home</s>
    <s>Each October, SoDakSACA sponsors a statewide conference for professionals working with school-age children to fit its mission in promoting quality improvement through professional development. Approximately 200 after school directors and staff and others attend this annual conference for the excellent keynotes, workshop sessions and networking opportunities it affords.</s>
    <s>Who should attend?</s>
    <s>SoDakSACA welcomes anyone who works with, or has an interest in elementary and middle school children and youth in their out-of-school time to attend their annual conference. Staff of after school programs, 21st Century Community Learning Centers, YMCAs, Boys &amp; Girls Clubs, 4-H youth leaders, Boy &amp; Girl Scout leaders, City Park &amp; Recreation, and faith-based youth organizations would benefit from the conference. School administrators, advisory and school boards, and teachers are also invited.</s>
    <s>Special Recognition:</s>
    <s>At the annual conference, SoDakSACA awards a person, organization or business the SACCY award in recognition of their leadership and support in the field of school age care in South Dakota. Nominations (made by SoDakSACA members only) must be made by September 1 to be considered.</s>
    <s>!2011 Conference</s>
    <s>2011 Conference</s>
    <s>2010 Conference</s>
    <s>2009 Conference</s>
    <s>2008 Conference</s>
    <s>2007 Conference</s>
    <s>Board Members | Membership | Calendar | Conference | Links | Affiliate News | Recognition | Annual Highlights | Contact Us | Home</s>
    <s>Copyright 2009 South Dakota School Age Care Alliance</s>
    <s>website design by BPro Inc</s>
  </text>
</page>
