<?xml version="1.0" encoding="UTF-8"?>
<!DOCTYPE page SYSTEM "page.dtd">
<page>
  <lang>en</lang>
  <url>http://www.iienet.org/Ergo/Conference/Details.aspx%3Fid%3D7016</url>
  <title>Applied Ergonomics Conference 2012 - Program</title>
  <snippet>
    <s>Conference Track Descriptions. GOErgo, the Global Organization of Ergonomics is pleased to announce its 1st Annual Poster Session at the Applied </s>
  </snippet>
  <text>
    <s>!The 15th Annual Applied Ergonomics Conference</s>
    <s>!Skip Navigation Links</s>
    <s>!Applied Ergonomic Conference Quicklinks </s>
    <s>Creativeness in Ergonomics Award</s>
    <s>Ergo Cup®</s>
    <s>Ergo Cup® Application</s>
    <s>(Deadline Nov. 18)</s>
    <s>Keynote Speakers</s>
    <s>POSTER SUBMISSIONS</s>
    <s>(Deadline Oct. 31)</s>
    <s>*PHOTO ALBUM - 14th Applied Ergonomics Conference, Orlando, Fla. </s>
    <s>!Applied Ergonomics Conference Marketing Services</s>
    <s>AEC Marketing Kit </s>
    <s>Partner with AEC</s>
    <s>Exhibitor Information </s>
    <s>Sponsor Information </s>
    <s>Supplier Sourcebook </s>
    <s>Integrated Marketing Services</s>
    <s>Learn ways to reduce workplace injury, improve productivity, boost performance and increase the bottom line.</s>
    <s>Who Should Attend?</s>
    <s>Conference Track Descriptions</s>
    <s>GOErgo, the Global Organization of Ergonomics is pleased to announce its 1st Annual Poster Session at the Applied Ergonomics Conference 2012, to be held March 26-29, 2012 in Nashville, Tenn.</s>
    <s>Educators, students, professionals, researchers and others are urged to submit original contributions related to the fields of ergonomics, healthcare, safety, human resources and risk management that can be displayed in an educational poster format.</s>
    <s>Submit your abstract for poster presentation now through Oct. 31</s>
    <s>GOErgo, the Global Organization of Ergonomics, presents the 15th annual Applied Ergonomics Conference (AEC). GOErgo is a worldwide resource for the ergonomics profession dedicated solely to the support of the profession and individuals involved with improving workplace performance, quality, sustainability, and employee availability.</s>
    <s>GOErgo supports the annual Applied Ergonomics Conference and Expo, a conference where attendees gather from around the world to share best practices with other professionals in ergonomics, healthcare, safety, human resources and risk management. GOErgo is a community within IIE, an international, non-profit association that provides leadership for the application, education, training, research, and development of industrial engineers, human factors/ergonomics professionals, healthcare providers and related professions.</s>
    <s>Educational Tracks</s>
    <s>Applied (Translational) Research</s>
    <s>Design, Product Design and Evaluation and Modeling</s>
    <s>Diverse and Global Workforce (again, obesity, global workforce)</s>
    <s>Ergonomics Programs/Policies/Auditing the Ergonomics Process</s>
    <s>Manufacturing Applications and Case Studies</s>
    <s>Master Track Description</s>
    <s>Office Ergonomics Programs and Applications</s>
    <s>Successful Ergo Teams – Tutorial Series</s>
    <s>GOErgo, the Global Organization of Ergonomics is pleased to announce its 1st Annual Poster Session at the 2012 Applied Ergonomics Conference, to be held March 26–29, 2012  in Nashville, Tenn.</s>
    <s>Educators, students, professionals, researchers and others are urged to submit original contributions related to the fields of ergonomics, healthcare, safety, human resources and risk management that can be displayed in an educational poster format.</s>
    <s>Submit your abstract for poster presentation now through Sept. 30</s>
    <s>The Institute of Industrial Engineers has been approved as an Authorized Provider by the International Association for Continuing Education and Training (IACET), 1760 Old Meadow Road, Suite 500, McLean, VA 22102.</s>
    <s>Each half-day conference workshop is worth .4 CEUs and full conference attendance is worth 1.6 CEUs. To receive CEUs for attending, complete the CEU request form available at the conference registration desk and return to IIE.</s>
    <s>Continuing Education Units (CEUs)</s>
    <s>Upon request, IIE will award continuing education units (CEUs) to participants who attend the educational conference and complete to CEU request form. Each half-day conference workshop is worth .4 CEUs and 1.6 CEUs for full conference attendance. IIE is a certified provider of continuing education programs by the International Association for Continuing Education and Training.</s>
    <s>Professional Development Hours (PDHs)</s>
    <s>PDHs can also be applied to this conference, but check with the appropriate association for requirements.</s>
    <s>ABIH Certification Points</s>
    <s>Certification maintenance (CM) points are accrued by CIHs(Certified Industrial Hygienists)/CAIHs (Certified Associate Industrial Hygienists) who are certified by the American Board of Industrial Hygiene (ABIH). ABIH requires CIHs/CAIHs to maintain verification of the courses and conference that they attended. CIHs/CAIHS will accrue 0.5 per 0.5 day, 3.5 Industrial Hygiene CM Points. Approval 10-3702</s>
    <s>American Board for Occupational Health Nurses (ABOHN) CEUs</s>
    <s>Conference attendees interested in receiving credit for CEUs earned must retain a copy of the certificate issued by the sponsoring organization and submit to ABOHN during the recertification process. For more detailed information, visit http://www.abohn.org/.</s>
    <s>American Occupational Therapists Association (AOTA) CEUs</s>
    <s>Occupational therapists attending the conference interested in applying for continuing education credits should verify course approval with their state occupational therapy regulatory board prior to the conference.</s>
    <s>American Physical Therapy Association (APTA) CEUs</s>
    <s>Conference attendees interested in obtaining CEU credits must submit a schedule complete with educational sessions attended to your local APTA chapter.</s>
    <s>Board of Certified Safety Professionals (BCSP) COC Points</s>
    <s>BCSP offers continuance of certification points (COC). Individuals attending the conference are eligible to receive one point for attending two or more conference days, or one-half point for less than two days. In order to obtain COC points, individuals must submit a conference program, schedule and proof of attendance to BCSP during their recertification cycle.</s>
    <s>       </s>
    <s>Home | Membership | Community | Training | Conferences | Marketing Services | Knowledge Center | Career Center</s>
    <s>Contact IIE | About IIE | Advertise |</s>
    <s>(C) Institute of Industrial Engineers</s>
    <s>Privacy Policy | Terms of Use</s>
  </text>
</page>
