<?xml version="1.0" encoding="UTF-8"?>
<!DOCTYPE page SYSTEM "page.dtd">
<page>
  <lang>en</lang>
  <url>http://esper.codehaus.org/tutorials/tutorial/presentations.html</url>
  <title>Presentations, Articles and Books - Esper - Complex Event Processing</title>
  <snippet>
    <s>Jul 18, 2011 Complex Event Processing: Queries on Speed Ignite presentation, Denver DEBS conference 2009 Event Processing Languages Tutorial </s>
  </snippet>
  <text>
    <s>Event Stream Intelligence: Esper &amp; NEsper</s>
    <s>Event Processing and CEP platform</s>
    <s>Esper Enterprise Edition</s>
    <s>Technical Specifications</s>
    <s>Support &amp; Services</s>
    <s>Customers &amp; OEMs</s>
    <s>Become a Partner</s>
    <s>Embed our CEP Engine</s>
    <s>Customers, Partners and OEMs</s>
    <s>Data Sheets</s>
    <s>Products Download</s>
    <s>Esper and NEsper at Codehaus</s>
    <s>Contact us</s>
    <s>Presentations, Articles and Books</s>
    <s>Presentation Materials</s>
    <s>The Esper and NEsper team as well as a number of others contributors have presented Complex Event Processing with Esper and NEsper at conferences. Select presentations are listed here.</s>
    <s>Stream Processing by DDS and CEP by Angelo Corsaro from OpenSplice</s>
    <s>June, 2011</s>
    <s>Esperwhispering: Using Esper to find problems in real-time data (also RabbitMQ) by OmniTI</s>
    <s>Feb, 2011</s>
    <s>HOLMES: An event-driven solution to monitor data centers through continuous queries and machine learning, by Pedro Teixeira et al, DEBS 2010</s>
    <s>July, 2010</s>
    <s>Complex Event Processing: Queries on Speed Ignite presentation, Denver Open Source User Group</s>
    <s>and Complex Event Processing with Esper by Nathan Reese</s>
    <s>Feb., 2010</s>
    <s>Creating an Event-Driven SOA - Java Symposium, by Eben Hewitt</s>
    <s>March 17, 2010</s>
    <s>Open Source in Finance eXchange: David Vincent on Climbing mount complexity, one event at a time</s>
    <s>December, 2009</s>
    <s>About Intelligent Monitoring (PDF) (click here for Portuguese)</s>
    <s>June, 2009</s>
    <s>Complex Event Processing with Esper and WSO2 ESB</s>
    <s>and Fast SOA With Apache Synapse</s>
    <s>July, 2008</s>
    <s>The Server-Side Java Symposium 2008 - Event Processing in Java - A Financial Services Case Study (PDF) source (ZIP)</s>
    <s>March, 2008</s>
    <s>CEP and RIAs: Bringing Together the Bold and the Beautiful by Shashank Tiwari from Saven Technologies presented at AJAXWorld</s>
    <s>March, 2008</s>
    <s>What's Going On? : Complex Event Processing with Esper by Brian Sletten from Zepheira, for NoFluffJustStuff</s>
    <s>March, 2008</s>
    <s>Complex Event Processing with Esper (German language), W-JAX 2007 und SOACON, by Christian Dedek and Papick Taboada and</s>
    <s>in English for the JAX India 2008</s>
    <s>Nov, 2007 and April 2008</s>
    <s>JavaOne 2007 on Event-Driven Application Servers (PDF)</s>
    <s>May, 2007</s>
    <s>New York City Java Special Interest Group on CEP and ESP with Esper (PDF)</s>
    <s>May, 2007</s>
    <s>Technical Articles</s>
    <s>The Esper and NEsper team has published a number of technical articles and tutorials in online medias.</s>
    <s>Published by</s>
    <s>Getting started with Esper in 5 minutes.</s>
    <s>CoffeeOneSugars Blog</s>
    <s>July 2009</s>
    <s>Complex Event Processing with Esper</s>
    <s>October 2008</s>
    <s>Complex Event Processing made simple using Esper</s>
    <s>The Server Side</s>
    <s>April, 2008</s>
    <s>Esper: Event Stream Processing and Correlation</s>
    <s>O'Reilly OnJava</s>
    <s>March, 2007</s>
    <s>There are researchers and other groups exploring advanced Complex Event Processing with Esper.</s>
    <s>Data Stream Anomaly Detection through Principal Subspace Tracking</s>
    <s>Dissertation by Pedro Teixeira, PUC Rio de Janeiro</s>
    <s>Sept., 2009</s>
    <s>DEBS conference 2009 Event Processing Languages Tutorial</s>
    <s>DEBS conference</s>
    <s>June, 2009</s>
    <s>Data Fusion with Esper for aircraft flight path identification (Run live demo)</s>
    <s>Data Fusion Research Center AG</s>
    <s>October, 2008</s>
    <s>Event Driven Architecture for Indian Power Systems Dual Degree Project Report By Abhiroop Medhekar</s>
    <s>Indian Institute of Technology, Bombay, India</s>
    <s>June, 2008</s>
    <s>Complex Event Processing Master Thesis By Paul Dekkers</s>
    <s>Radboud University Nijmegen, Cordys</s>
    <s>October, 2007</s>
    <s>There are books with dedicated chapter on Complex Event Processing with Esper.</s>
    <s>Published by</s>
    <s>Event Processing in Action by Opher Etzion and Peter Niblett</s>
    <s>July, 2010</s>
    <s>Open Source SOA by Jeff Davis</s>
    <s>March, 2009</s>
    <s>OSWorkflow: A guide for Java developers and architects to integrating open-source Business Process Management by Diego Adrian Naya Lazo</s>
    <s>Packt Publishing</s>
    <s>August, 2007</s>
    <s>Articles and presentations in other languages</s>
    <s>Event Stream Processing: Einleitung und Beispiele zu einer Technologieagimatec</s>
    <s>May, 2008</s>
    <s>OCTO Technology Universit du Syst dinformation - CEP</s>
    <s>July 2008</s>
    <s>Prntation dEsper, moteur de gestion de flux dnements en Java, Le Touilleur Express</s>
    <s>May 2008</s>
    <s>Esper als EDA-Plattform, Java Magazin</s>
    <s>May 2008</s>
    <s>Complex Event Processing (CEP) mit Esper at W-JAX 2007, SOACON</s>
    <s>November, 2007</s>
    <s>Specifically for NEsper and .NET</s>
    <s>Microsoft Architect Insight Conference 2008 (UK) (see Complex Event Processing, session 3 day 2)</s>
    <s>April 2008</s>
    <s>About Esper and NEsper</s>
    <s>About Esper for Java</s>
    <s>About NEsper for .NET</s>
    <s>Terms of Use</s>
    <s>Tutorials and Case Studies</s>
    <s>Quick Start</s>
    <s>Articles and Presentations</s>
    <s>Solution Patterns</s>
    <s>Short Case Study</s>
    <s>Longer Case Study</s>
    <s>DEBS 2011 Challenge</s>
    <s>Additional Examples</s>
    <s>Technology Links</s>
    <s>Esper for Java</s>
    <s>Change History</s>
    <s>Reporting Issues</s>
    <s>On Performance</s>
    <s>NEsper for .NET</s>
    <s>Change History</s>
    <s>Reporting Issues</s>
    <s>The Esper/NEsper Team</s>
    <s>How To Contribute</s>
    <s>Mailing Lists/Forums</s>
    <s>Source Repository</s>
    <s>Last Published: Jul 18, 2011</s>
    <s>Version: 4.3.0</s>
    <s>(C) 2006-2007, Esper contributors &amp; EsperTech Inc. - Design: David Herreman</s>
    <s>Addicted toJava IDE with unparalleled java code</s>
    <s>analyzer (600+ built-in inspections)</s>
  </text>
</page>
