<?xml version="1.0" encoding="UTF-8"?>
<!DOCTYPE page SYSTEM "page.dtd">
<page>
  <lang>en</lang>
  <url>http://www.vertebrate-biosex.com/schedule.htm</url>
  <title>Sixth International Symposium on Vertebrate Sex Determination</title>
  <snippet>
    <s>CONFERENCE SCHEDULE * April 23-27, 2012 11:30 – 12:00 pm Session Chair/invited talk – Blanche Capel – (Durham, NC) – Molecular and cellular </s>
  </snippet>
  <text>
    <s>Hotel &amp; Trans</s>
    <s>Conf Schedule</s>
    <s>Poster Titles</s>
    <s>Contact Us</s>
    <s>CONFERENCE SCHEDULEApril 23-27, 2012</s>
    <s>MONDAY, April 23th</s>
    <s>9:30 - 11:00 am REGISTRATION</s>
    <s>11:00 - 11:30 am KEYNOTE ADDRESS - Melissa Hines (Cambridge, UK) - Gender development and behavior</s>
    <s>Testis and Ovary Organogenesis</s>
    <s>11:30 - 12:00 pm Session Chair/invited talk - Blanche Capel - (Durham, NC) - Molecular and cellular mechanisms of gonad formation</s>
    <s>12:00 - 12:15 pm - short talk</s>
    <s>12:15 - 12:30 pm - short talk</s>
    <s>2:00 - 2:30 pm - Invited talk - Allan Spradling (Baltimore, Maryland) - Genetic regulation of genital tract differentiation in Drosophila</s>
    <s>2:30 - 2:45 pm - short talk</s>
    <s>2:45 - 3:00 pm - short talk</s>
    <s>3:00 - 3:15 pm - short talk</s>
    <s>3:35 - 3:50 pm - short talk</s>
    <s>3:50 - 4:05 pm - short talk</s>
    <s>4:05 - 4:20 pm - short talk</s>
    <s>4:20 - 4:35 pm - short talk</s>
    <s>4:35 - 5:15 pm - short talk</s>
    <s>6:30 - 10:00 pm WELCOME RECEPTION</s>
    <s>TUESDAY, April 24th</s>
    <s>7:30 - 8:00 am REGISTRATION</s>
    <s>8:00 - 8:30 am CONTINENTAL BREAKFAST</s>
    <s>Sex Determination/Transcriptional Regulation</s>
    <s>8:30 - 9:00 am Session Chair - Vivian Bardwell (Minneapolis, Minnesota) - DMRT regulation of sex determination</s>
    <s>9:00 - 9:15 am - short talk</s>
    <s>9:15 - 9:30 am - short talk</s>
    <s>9:30 - 9:45 am - short talk</s>
    <s>9:45 - 10:00 am - short talk</s>
    <s>10:20 - 10:50 am - Invited talk - Vincent Harley (Melbourne, Australia) - Molecular mechanisms of sex determination</s>
    <s>10:50 - 11:05 am - short talk</s>
    <s>11:05 - 11:20 am - short talk</s>
    <s>11:20 - 11:35 am - short talk</s>
    <s>11:35 - 11:50 am - short talk</s>
    <s>Sex Determination/Differentiation</s>
    <s>1:30 - 2:00 pm Session Chair, Michael Clinton (Edinburgh, Scotland) - Sex determination and differentiation in chicken</s>
    <s>2:00 - 2:15 pm - short talk</s>
    <s>2:15 - 2:30 pm - short talk</s>
    <s>2:30 - 2:45 pm - short talk</s>
    <s>2:45 - 3:00 pm - short talk</s>
    <s>3:20 - 3:50 pm - Invited speaker - Turk Rhen (Grand Forks, North Dakota) - Sex determination mechanisms in reptiles</s>
    <s>3:50 - 4:05 pm - short talk</s>
    <s>4:05 - 4:20 pm - short talk</s>
    <s>4:20 - 4:35 pm - short talk</s>
    <s>WEDNESDAY, April 25th</s>
    <s>8:00 - 8:30 am CONTINENTAL BREAKFAST</s>
    <s>Sex Chromosomes Evolution, Genetics, and Genomics</s>
    <s>8:30 - 9:00 am Session Chair, Tariq Ezaz (Canberra, Australia) - Evolution of vertebrate sex chromosomes</s>
    <s>9:00 - 9:15 am - short talk</s>
    <s>9:15 - 9:30 am - short talk</s>
    <s>9:30 - 9:45 am - short talk</s>
    <s>9:45 - 10:00 am - short talk</s>
    <s>10:00 - 10:15 am - short talk</s>
    <s>10:35 - 11:05 am Session Chair/Invited talk - Manfred Schartl (Wurzburg, Germany) - Evolution of sex determination mechanisms in fish</s>
    <s>11:05 - 11:20 am - short talk</s>
    <s>11:20 - 11:35 am - short talk</s>
    <s>11:35 - 11:50 am - short talk</s>
    <s>11:50 - 12:05 am - short talk</s>
    <s>12:05 - 12:20 pm - short talk</s>
    <s>AFTERNOON FREE</s>
    <s>6:00 - 10:00 pm POSTER SESSION</s>
    <s>THURSDAY, April 26th</s>
    <s>8:00 - 8:30 am CONTINENTAL BREAKFAST</s>
    <s>Sex Determination of the Germ Line and Soma Interactions</s>
    <s>8:30 - 9:00 am Session Chair/invited speaker - Josephine Bowles (Brisbane, Australia) - Retinoid regulation of germ cell development</s>
    <s>9:00 - 9:15 am - short talk</s>
    <s>9:15 - 9:30 am - short talk</s>
    <s>9:30 - 9:45 am - short talk</s>
    <s>9:45 - 10:00 am - short talk</s>
    <s>10:20 - 10:50 am - Invited speaker - Kellee Siegfried (Boston, Massachusetts) - Genetics of sexual development in zebrafish</s>
    <s>10:50 - 11:05 am - short talk</s>
    <s>11:05 - 11:20 am - short talk</s>
    <s>11:30 - 11:45 am - short talk</s>
    <s>11:45 - 12:00 pm - short talk</s>
    <s>Environmental Effects on Sex Determination, Differentiation and Fertility</s>
    <s>2:00 - 2:30 pm Session Chair, Tyrone Hayes (Berkeley, CA) - Environmental effects on amphibian sexual development</s>
    <s>2:30 - 2:45 pm - short talk</s>
    <s>2:45 - 3:00 pm - short talk</s>
    <s>3:00 - 3:15 pm - short talk</s>
    <s>3:15 - 3:30 pm - short talk</s>
    <s>3:30 - 3:50 pm BREAK</s>
    <s>3:50 - 4:20 pm - Invited speaker - Alan Conley (Davis, California) - Hormonal control of hyena sexual differentiation</s>
    <s>4:20 - 4:35 pm - short talk</s>
    <s>4:35 - 4:50 pm - short talk</s>
    <s>4:50 - 5:05 pm - short talk</s>
    <s>6:30 - 10:00 pm CONFERENCE DINNER</s>
    <s>FRIDAY, April 27th</s>
    <s>8:00 - 8:30 am CONTINENTAL BREAKFAST</s>
    <s>Human Disorders of Sexual Development</s>
    <s>8:30 - 9:00 am Session Chair/Invited speaker - Eric Vilain (Los Angeles, CA) - Human disorders of sexual development</s>
    <s>9:00 - 9:15 am - short talk</s>
    <s>9:15 - 9:30 am - short talk</s>
    <s>9:30 - 9:45 am - short talk</s>
    <s>9:45 - 10:05 am BREAK</s>
    <s>10:05 - 10:35 am - Invited speaker - Tsutomu Ogata (Tokyo, Japan) - Molecular genetics of human X chromosome syndromes</s>
    <s>10:35 - 10:50 am - short talk</s>
    <s>10:50 - 11:05 am - short talk</s>
    <s>CONFERENCE ENDS</s>
  </text>
</page>
