<?xml version="1.0" encoding="UTF-8"?>
<!DOCTYPE page SYSTEM "page.dtd">
<page>
  <lang>en</lang>
  <url>http://www.iafpa.net/conf08prog.htm</url>
  <title>2008 Programme</title>
  <snippet>
    <s>Jul 20, 2008 IAFPA 17th Annual Conference - 2008 - Lausanne, Switzerland First Session - Chair: Anders Eriksson 10:30 - 11:00: Tea &amp; Coffee Break </s>
  </snippet>
  <text>
    <s>!IAFPA logo</s>
    <s>International Association for Forensic Phonetics and Acoustics</s>
    <s>2005 Programme</s>
    <s>2006 Website</s>
    <s>2007 Programme</s>
    <s>2008 Programme</s>
    <s>2009 Website</s>
    <s>Officers &amp; Committees</s>
    <s>Code of Practice</s>
    <s>Conferences | Previous | 2008 Programme</s>
    <s>IAFPA 17th Annual Conference - 2008 - Lausanne, Switzerland</s>
    <s>The abstracts for the papers can be download as one PDF file which contains all abstracts. Please note that the file is approximately 1 MB. To obtain the abstracts click this link.</s>
    <s>Sunday 20th July 2008 - Movenpick Hotel Lausanne</s>
    <s>14:00 - 19:00: Committee Meetings - Professional Conduct Committee (Salon I), Research Committee (Salon II), Executive Committee (Salon I)</s>
    <s>16:00 - 19:00: Registration - Salon II</s>
    <s>19:00 - 21:00: Welcome Reception - Terrace</s>
    <s>Monday 21st July 2008 - Centre General Guisan</s>
    <s>08:30 - 09:00: Registration - Foyer</s>
    <s>09:00 - 09:30: Official Opening of the Conference</s>
    <s>Opening Remarks: Angelika Braun, Chair of IAFPA &amp; Peter French, President of IAFPA</s>
    <s>Welcome and Practical Information: Andrzej Drygajlo, Conference Chair</s>
    <s>First Session - Chair: Anders Eriksson</s>
    <s>09:30 - 10:00: Continuous vs. categorical variations between speakers</s>
    <s>Michael Jessen</s>
    <s>10:00 - 10:30: Realisation of German final syllable /-ən/ as a cue to accent authenticity for French accents in German</s>
    <s>Sara Neuhauser</s>
    <s>10:30 - 11:00: Tea &amp; Coffee Break</s>
    <s>Second Session - Chair: Angelika Braun</s>
    <s>11:00 - 11:30: Vowel reduction patterns in spontaneous speech</s>
    <s>Gea de Jong, Toby Hudson, Kirsty McDougall, Martin Duckworth</s>
    <s>11:30 - 12:00: Long-Term Formant Distribution (LTF) based on German spontaneous and read speech</s>
    <s>Anja Moos</s>
    <s>12:00 - 12:30: A Method for Reducing Formant Measurement Errors in Synthetic Speech</s>
    <s>Philip Harrison</s>
    <s>12:30 - 13:00: Formant History, Speech Tempo and Fundamental Frequency under the Influence of Induced Stress</s>
    <s>Christoph Meinerz</s>
    <s>13:00 - 14:00: Lunch</s>
    <s>Third Session - Chair: Sylvia Moosmuller</s>
    <s>14:00 - 14:30: Conducting a Voice Parade: methods and assumptions</s>
    <s>Martin C. Barry</s>
    <s>14:30 - 15:00: Voice Recognition within a closed set of family members</s>
    <s>Elizabeth McClelland</s>
    <s>15:00 - 15:30: All Ears - An earwitness research programme</s>
    <s>Anders Eriksson and Lisa Öhman</s>
    <s>15:30 - 16:00: Tea &amp; Coffee Break</s>
    <s>Fourth Session - Chair: Francis Nolan</s>
    <s>16:00 - 16:30: Fundamental frequency and voice onset time in four varieties of Scottish English</s>
    <s>Dominic Watt</s>
    <s>16:30 - 17:00: How speaker idiosyncratic is measurable speech rhythm</s>
    <s>Volker Dellwo and Jacques Koreman</s>
    <s>17:00 - 17:30: Performance of non-native lay-witnesses in speaker recognition</s>
    <s>Heui-Hyun Kim</s>
    <s>17:30 - 18:00: Population data for English spoken in England: A modest first step</s>
    <s>Frantz Clermont, Peter French, Philip Harrison and Samantha Simpson</s>
    <s>Tuesday 22nd July 2008 - Centre General Guisan</s>
    <s>Fifth Session - Chair: Peter French</s>
    <s>09:00 - 09:30: Forensic Automatic Speaker Recognition - Towards Biometric Evidence of Voice</s>
    <s>Andrzej Drygajlo</s>
    <s>09:30 - 10:00: The UK Position Statement on Forensic Speaker Comparison</s>
    <s>Phil Rose and Geoffrey Stewart Morrison</s>
    <s>10:00 - 10:30: Will we be really able to estimate evidence in this scenario</s>
    <s>Matteo Nunziati</s>
    <s>10:30 - 11:00: Tea &amp; Coffee Break</s>
    <s>Sixth Session - Chair: Michael Jessen</s>
    <s>11:00 - 11:30: The influence of intra-speaker variability in automatic speaker verification using F0 features</s>
    <s>Timo Becker</s>
    <s>11:30 - 12:00: Robustness of Forced Alignment in a Forensic Context</s>
    <s>Jonas Lindh</s>
    <s>12:00 - 12:30: Interest and limit of an open source toolkit for speaker recognition</s>
    <s>Jean-François Bonastre</s>
    <s>12:30 - 13:00: Automatic Acoustical Gunshot Recognition</s>
    <s>Anil Alexander</s>
    <s>13:00 - 14:00: Lunch</s>
    <s>Seventh Session - Chair: Anil Alexander</s>
    <s>14:00 - 14:30: Effects of the telephone on perceived voice similarity</s>
    <s>Toby Hudson, Kirsty McDougall and Francis Nolan</s>
    <s>14:30 - 15:00: Transmission loss properties of fabrics in garments used to cover the mouth and nose</s>
    <s>Dominic Watt, Philip Harrison and Carmen Llamas</s>
    <s>15:00 - 15:30: Tea &amp; Coffee Break</s>
    <s>Eighth Session</s>
    <s>15:30 - 18:00: IAFPA Annual General Meeting</s>
    <s>Conference Dinner - Movenpick Hotel Lausanne</s>
    <s>19:00 - 19:30: Aperitif</s>
    <s>19:30 - 23:30: Conference Dinner</s>
    <s>Wednesday 23rd July 2008 - Centre General Guisan</s>
    <s>Ninth Session - Chair: Andrzej Drygajlo</s>
    <s>09:00 - 09:30: Developing the Use of Non-Traditional Methodologies in Forensic Phonetic Research: a Look at Shouted Voice Recognition in Unfamiliar Speakers</s>
    <s>Julia Forsberg</s>
    <s>09:30 - 10:00: Voice and Speech Variation under Stress</s>
    <s>Kyung Wha Kim</s>
    <s>10:00 - 10:30: Charlatanry and fraud</s>
    <s>Anders Eriksson</s>
    <s>10:30 - 11:00: Tea &amp; Coffee Break</s>
    <s>Tenth Session - Chair: Tina Cambier-Langeveld</s>
    <s>11:00 - 11:30: Native Swahili from Buyenzi (Bujumbura); preliminary results from a fact finding field trip to Burundi</s>
    <s>Gerard J. Tolsma</s>
    <s>11:30 - 12:00: Language Analysis to Determine the Origin of Asylum Seekers (LADO): The 'Guidelines' in phonetic perspective</s>
    <s>Helen Fraser</s>
    <s>12:00 - 12:30: Guidelines? What guidelines?</s>
    <s>Anders Eriksson</s>
    <s>12:30 - 13:00: Closing Ceremony: President &amp; Chair of IAFPA</s>
    <s>13:00 - 14:00: Lunch**</s>
    <s>Return to previous conferences page</s>
    <s>Copyright (C) 2007 - 2011 International Association for Forensic Phonetics and Acoustics</s>
  </text>
</page>
