<?xml version="1.0" encoding="UTF-8"?>
<!DOCTYPE page SYSTEM "page.dtd">
<page>
  <lang>en</lang>
  <url>http://icccbe.ru/frontend/index.php%3Ffolder_id%3D76%26ses_id%3D6236cce562f0d79c8fb2b72d5a96ae7f</url>
  <title>Registration</title>
  <snippet>
    <s>For authors of accepted papers and registrants without papers. The fee includes admission to all conference sessions, publication and presentation of one paper </s>
  </snippet>
  <text>
    <s>C³ Overview</s>
    <s>» Submission</s>
    <s>Username: Password:</s>
    <s>» Create a new account</s>
    <s>» Retrieve your password</s>
    <s>Conference Information</s>
    <s>For Authors</s>
    <s>Accompanying person</s>
    <s>Type of registration</s>
    <s>Registration fee, USD</s>
    <s>Period of registration</s>
    <s>Standard registration</s>
    <s>01.03.2012 - 26.06.2012</s>
    <s>For authors of accepted papers and registrants without papers.</s>
    <s>The fee includes admission to all conference sessions, publication and presentation of one paper, materials of the conference, coffee breaks, lunches, welcoming cocktail (Tuesday, 26.06.2012), guided Moscow tour (Wednesday, 27.06.2012), closing banquet (Friday, 29.06.2012).</s>
    <s>Conference-only registration</s>
    <s>01.03.2012 - 26.06.2012</s>
    <s>For authors of accepted papers and registrants without papers.</s>
    <s>The fee includes admission to all conference sessions, publication and presentation of one paper, materials of the conference, coffee breaks and lunches.</s>
    <s>Reduced registration</s>
    <s>01.03.2012 - 26.06.2012</s>
    <s>For post-graduate students (confirmation of the status is obligatory).</s>
    <s>The fee includes admission to all conference sessions, publication and presentation of one paper, materials of the conference, coffee breaks, lunches, welcoming cocktail (Tuesday, 26.06.2012), guided Moscow tour (Wednesday, 27.06.2012), closing banquet (Friday, 29.06.2012).</s>
    <s>Reduced conference-only registration</s>
    <s>01.03.2012 - 26.06.2012</s>
    <s>For post-graduate students (confirmation of the status is obligatory), for already registered authors for every additional accepted paper, for co-authors of accepted papers.</s>
    <s>The fee includes admission to all conference sessions, materials of the conference, coffee breaks, and lunches. For post-graduate students the fee includes the publication and presentation of one paper. For already registered authors the fee includes the publication and presentation of an additional paper.</s>
    <s>Members of ISCCBE-BOD</s>
    <s>01.03.2012 - 26.06.2012</s>
    <s>For members of ISCCBE Board of Directors (for one country representative only).</s>
    <s>The fee includes admission to all conference sessions, publication and presentation of one paper, materials of the conference, coffee breaks, lunches, welcoming cocktail (Tuesday, 26.06.2012), guided Moscow tour (Wednesday, 27.06.2012), closing banquet (Friday, 29.06.2012).</s>
    <s>Welcoming cocktail, guided Moscow tour, closing banquet</s>
    <s>01.03.2012 - 28.06.2012</s>
    <s>For accompanying persons, for co-authors of accepted papers.</s>
    <s>Additional excursion</s>
    <s>01.03.2012 -28.06.2012</s>
    <s>Additional guided tour with visiting unique construction objects and architectural sights of Moscow (Saturday, 30.06.2012), duration 8 hours, including lunch.</s>
    <s>Early registration</s>
    <s>discount 10%</s>
    <s>01.03.2012 - 15.03.2012</s>
    <s>The discount applies to the registration fee of the selected type of registration.</s>
    <s>Late registration</s>
    <s>increase 20%</s>
    <s>01.06.2012 - 26.06.2012</s>
    <s>Increase applies to the registration fee of the selected type of registration.</s>
    <s>The deadline of bank payment acceptance: 10.06.2012.</s>
    <s>After the given date the registration fee can be paid by cash at the opening of conference.</s>
    <s>Authors of accepted papers must pay registration fee until 31.03.2012, otherwise their papers can not be published.</s>
    <s>17.10.2011 Abstract submission is extended till 31 October 2011 » more info</s>
    <s>01.10.2011 Abstract submission is extended till 16 October 2011 » more info</s>
    <s>07.09.2011 Abstract submission now open» more info</s>
    <s>» show all news</s>
    <s>print content</s>
    <s>© ICCCBE 2011 Moscow · powered by Converia</s>
  </text>
</page>
