<?xml version="1.0" encoding="UTF-8"?>
<!DOCTYPE page SYSTEM "page.dtd">
<page>
  <lang>en</lang>
  <url>http://symmetricgroup.commons.gc.cuny.edu/conference-poster/</url>
  <title>Conference Poster :: NY Workshop on the Symmetric Group</title>
  <snippet>
    <s>NY Workshop on the Symmetric Group. September 8-9, 2011 at the Conference Poster. Feel free to print and distribute the conference poster: Schedule of </s>
  </snippet>
  <text>
    <s>NY Workshop on the Symmetric Group</s>
    <s>September 8-9, 2011 at the Graduate Center of the City University of New York</s>
    <s>Schedule of Talks</s>
    <s>Conference Poster</s>
    <s>QUANTUM Day</s>
    <s>Hotel Information and Transportation</s>
    <s>Talk Slides</s>
    <s>Conference Poster</s>
    <s>Feel free to print and distribute the conference poster:</s>
    <s>Schedule of Talks</s>
    <s>Conference Poster</s>
    <s>Hotel Information and Transportation</s>
    <s>QUANTUM Day</s>
    <s>Talk Slides</s>
    <s>Log in</s>
    <s>Entries RSS</s>
    <s>Comments RSS</s>
    <s>(C)2011 NY Workshop on the Symmetric Group</s>
    <s>Powered by WordPress using Blueprint.</s>
    <s>CUNY Academic Commons</s>
    <s>Log In Username</s>
    <s>Remember Me</s>
    <s>Forgot Password?</s>
    <s>Sign Up</s>
    <s>Blog Authors</s>
    <s>This blog is part of the CUNY Academic Commons, an academic social network for the entire 23-campus CUNY system.</s>
    <s>Help | Contact Us | Privacy Policy | Terms of Service | Image Credits</s>
    <s>2010 CUNY Academic Commons</s>
    <s>Creative Commons License.</s>
    <s>Built with WordPress. Protected by Akismet. Powered by CUNY</s>
    <s>*RSS: Really Simple Syndication</s>
  </text>
</page>
