<?xml version="1.0" encoding="UTF-8"?>
<!DOCTYPE page SYSTEM "page.dtd">
<page>
  <lang>en</lang>
  <url>http://www.mldm.de/registration.php</url>
  <title>Registration</title>
  <snippet>
    <s>Conference Proceedings); Coffee Breaks (16-19 July); Lunch (16-19 July); Banquet Workshop Proceedings); Coffee Break (20 July); more Information </s>
  </snippet>
  <text>
    <s>!International Conference on Machine Learning and Data Mining</s>
    <s>About MLDM</s>
    <s>Important Dates</s>
    <s>Authors Instructions</s>
    <s>Location, Accommodations and Travel</s>
    <s>Special issues</s>
    <s>organised by</s>
    <s>MLDM Registration</s>
    <s>8th International Conference on Machine Learning and Data Mining MLDM'2012</s>
    <s>June 13-20, 2012, Berlin/ Germany</s>
    <s>Registration fee to the Conference includes:</s>
    <s>Conference Materials (incl. Conference Proceedings)</s>
    <s>Coffee Breaks (16-19 July)</s>
    <s>Lunch (16-19 July)</s>
    <s>The banquet will be held in the cafe Kafer at the Reichstag Building of the German Bundestag. Before the banquet we will visit the dome of the Reichstag Building</s>
    <s>Registration fee to the Workshops includes:</s>
    <s>Workshop Materials (incl. Workshop Proceedings)</s>
    <s>Coffee Break (20 July)</s>
    <s>more Information</s>
    <s>Registration fee to the Tutorials includes:</s>
    <s>Tutorials Materials</s>
    <s>Coffee Break (on Tutorial Day)</s>
    <s>Lunch (on Tutorial Day)</s>
    <s>more Information</s>
    <s>Please use the same registration formular if you only like to register for the tutorial or to the workshops. The registration office will contact you after receipt of your online registration.</s>
    <s>Register: Online - Registration available from end of 2011</s>
    <s>terms &amp; conditions</s>
    <s>Registration Fee</s>
    <s>early bird*,*1 month before</s>
    <s>the date*,*on site*,***</s>
    <s>Workshop Fee (only) for University</s>
    <s>Tutorial Fee (only) for University</s>
    <s>Conference+Workshop Fee for University</s>
    <s>Workshop Fee (only) for Industry</s>
    <s>Tutorial Fee (only) for Industry</s>
    <s>Conference+Workshop Fee for Industry</s>
    <s>Visit to Exhibition</s>
    <s>Prices are exclusive of 19% VAT.</s>
    <s>We only accept payment via bank transfer.</s>
    <s>For on site registration cash payment is preferred.</s>
    <s>Terms and Conditions</s>
    <s>Registration Office MLDM</s>
    <s>A. Registration Process and Payment Method</s>
    <s>1. Please register under Registration.</s>
    <s>2. We accept only bank transfer. When a paper is submitted for the conference you receive the information for the bank transfer with the acceptance of your paper. Otherwise, after receipt of your registration we will send you the information for the bank transfer per email.</s>
    <s>3. Conference registrations will not be confirmed until the completed form and the correct payment is received and processed by the Registration Office.</s>
    <s>4. Registrant should obtain confirmation from the Registration Office before committing to other travel arrangements.</s>
    <s>5. Accommodation costs are not included in the conference registration fee.</s>
    <s>Attendees are responsible for making their own lodging arrangements.</s>
    <s>B. Cancellation Policy</s>
    <s>1. Conference registration can be cancelled only in writing to MLDM Conference Registration Office.</s>
    <s>2. Conference registration cancelled on or before June 18th will be entitled to a 40 % refund. Registration cancelled after June 18th will not be entitled to a refund.</s>
  </text>
</page>
