<?xml version="1.0" encoding="UTF-8"?>
<!DOCTYPE page SYSTEM "page.dtd">
<page>
  <lang>en</lang>
  <url>http://www.ylcc.com/ontario-student-leadership-conference/presenters/</url>
  <title>Presenters - Ontario Student Leadership Conference - OSLC</title>
  <snippet>
    <s>OSLC has the right to change any of the showcase or workshop presenters at any time. teachers and parents in schools, leadership camps and conferences … </s>
  </snippet>
  <text>
    <s>1. Skip to navigation</s>
    <s>2. Skip to content</s>
    <s>3. Skip to blog</s>
    <s>4. Skip to promo</s>
    <s>Youth Leadership Camps Canada</s>
    <s>Youth Leadership Camps Canada</s>
    <s>Ontario Student Leadership Conference</s>
    <s>Leadership Training Centres</s>
    <s>Stu Saunders Presentations</s>
    <s>256 days until the 2012 session!</s>
    <s>Alumni Login</s>
    <s>Ontario Student Leadership Conference</s>
    <s>What's New</s>
    <s>Multimedia &amp; Downloads</s>
    <s>Contact Us</s>
    <s>Featured Presenters</s>
    <s>For over 30 years, OSLC has had the largest and most impressive group of speakers and workshop presenters in North America. It's our goal to give OSLC delegates access to the best leadership facilatators and motivational presenters anywhere. Each year we search, interview and look for the best and most inspiring presenters and we are proud of our line-up.</s>
    <s>If you would like to apply to be a workshop presenter for 2011 please download the application.</s>
    <s>OSLC has the right to change any of the showcase or workshop presenters at any time.</s>
    <s>Keynote Presenters</s>
    <s>Kevin Wanzer</s>
    <s>Keynote Presenter</s>
    <s>At 8-year-old Kevin Wanzer’s lemonade stand, passersby were treated to two types of refreshment: a…More »</s>
    <s>Neil Pasricha</s>
    <s>Keynote Presenter</s>
    <s>Sometimes the simplest things in life can bring us the most happiness. The cold side…More »</s>
    <s>Tyler Durman</s>
    <s>Keynote Presenter</s>
    <s>Tyler Durman lives in Southern California and travels extensively, speaking to over 250,000 students, teachers…More »</s>
    <s>Showcase Presenters</s>
    <s>Anne Marie Scheffler</s>
    <s>Showcase Presenter</s>
    <s>Anne Marie has been a professional actor for almost 20 years, appearing in over 40…More »</s>
    <s>Mark Hatfield</s>
    <s>Showcase Presenter</s>
    <s>Mark Hatfield is the founder and head trainer for Hatfield’s Athletic Development Centre. Mark…More »</s>
    <s>Special Guest Entertainment</s>
    <s>Duane &quot;D.O.&quot; Gibson</s>
    <s>Special Guest Entertainment</s>
    <s>Duane Gibson aka D.O. is a Guinness World Record setting rapper and University graduate that…More »</s>
    <s>DuO Percussion</s>
    <s>Special Guest Entertainment</s>
    <s>DuO Percussion is a professional percussion pairing with a passion for fostering creativity in people…More »</s>
    <s>Advisor Workshop Presenters</s>
    <s>Dave Conlon</s>
    <s>Advisor Workshop Presenter</s>
    <s>After presenting leadership seminars to students, teachers and parents in schools, leadership camps and conferences…More »</s>
    <s>Greg &amp; Mike</s>
    <s>Advisor Workshop Presenter</s>
    <s>Biography for Greg Rogers</s>
    <s>Greg Rogers is the Associate Director at Olympia Sports Camp,…More »</s>
    <s>Tyler Durman</s>
    <s>Advisor Workshop Presenter</s>
    <s>Tyler Durman lives in Southern California and travels extensively, speaking to over 250,000 students, teachers…More »</s>
    <s>Student Workshop Presenters</s>
    <s>Amie Sider</s>
    <s>Workshop Presenter</s>
    <s>Amie Mariana Sider is the founder and director of NationWares – a Non-Profit, social enterprise…More »</s>
    <s>Andy Thibodeau</s>
    <s>Workshop Presenter</s>
    <s>Andrew Thibodeau was a teenager in the 1980’s, so he admits to having a mullet…More »</s>
    <s>Bill Johnson</s>
    <s>Workshop Presenter</s>
    <s>Bill Johnson is a speaker, teacher, pilot, and administrator who has dedicated the last half…More »</s>
    <s>Blake Fly</s>
    <s>Workshop Presenter</s>
    <s>Blake likes Ninja Turtles, is heavily lactose intolerant and lives to create thought-provoking programming for…More »</s>
    <s>Duane Gibson</s>
    <s>Workshop Presenter</s>
    <s>Duane Gibson aka D.O. is a Guinness World Record setting rapper and University graduate that…More »</s>
    <s>Dwayne Morgan</s>
    <s>Workshop Presenter</s>
    <s>Dwayne Morgan began his career as a spoken word artist in 1993. In 1994, he…More »</s>
    <s>Emma Cosgrove</s>
    <s>Workshop Presenter</s>
    <s>Emma Cosgrove is the Manager of Stakeholder relations at War Child. Emma has been a…More »</s>
    <s>Hannah Feldberg</s>
    <s>Workshop Presenter</s>
    <s>Hannah’s passion for supporting positive youth development opportunities for young people across the globe is…More »</s>
    <s>Ian Tyson</s>
    <s>Workshop Presenter</s>
    <s>Since 1989, Ian Tyson has been entertaining and motivating students as a professional speaker across…More »</s>
    <s>Jack Toth</s>
    <s>Workshop Presenter</s>
    <s>Jack Toth is founder and CEO of Impact Society. He is passionate about helping young…More »</s>
    <s>Jeff Gerber</s>
    <s>Workshop Presenter</s>
    <s>Jeff is the Student Activities Council Advisor at Waterloo-Oxford DSS. Are you doing good things…More »</s>
    <s>Joel Hilchey</s>
    <s>Workshop Presenter</s>
    <s>Leadership expert Joel Hilchey is the founder of The Beanstalk Project, an organization offering schools…More »</s>
    <s>John Collie</s>
    <s>Workshop Presenter</s>
    <s>John has nineteen years experience with the Toronto Fire Services and fourteen years on a…More »</s>
    <s>Les Sabilano</s>
    <s>Workshop Presenter</s>
    <s>A young entrepreneur with a passion for inspiring others – Les Sabilano is out to…More »</s>
    <s>Maheengun Shawanda</s>
    <s>Workshop Presenter</s>
    <s>Maheengun is an Odawa and Cree from Wikwemikong Unceded Indian Reserve on Manitoulin Island, Ontario.…More »</s>
    <s>Mark Black</s>
    <s>Workshop Presenter</s>
    <s>Mark Black is a Heart and Double-Lung Transplant Recipient, 3-Time Marathon Runner, 8-Time Transplant Games…More »</s>
    <s>Matt Tod</s>
    <s>Workshop Presenter</s>
    <s>Matt Tod is an expert speaker, youth leadership facilitator and the creator and Executive Director…More »</s>
    <s>Perez Oyugi</s>
    <s>Workshop Presenter</s>
    <s>Perez Oyugi holds a Masters of Education degree and is currently pursuing a PhD in…More »</s>
    <s>Philly D.</s>
    <s>Workshop Presenter</s>
    <s>Philly D is an Inspirational Speaker, Author and a Yoga Instructor who travels the world…More »</s>
    <s>Ryan Porter</s>
    <s>Workshop Presenter</s>
    <s>From scuba diving in Honduras and surfing in Hawaii to visiting concentration camps in the…More »</s>
    <s>Scott Hammell</s>
    <s>Workshop Presenter</s>
    <s>Scott Hammell has been entertaining professionally since 1998. He started his career by performing at…More »</s>
    <s>Tammy Gunn</s>
    <s>Workshop Presenter</s>
    <s>Tammy grew up on the Prairies loving NKOTB, La Bamba, dancing like no one was…More »</s>
    <s>Thanh Campbell</s>
    <s>Workshop Presenter</s>
    <s>Thanh Campbell was born in Vietnam and came over to Canada as part of the…More »</s>
    <s>Vaden Earle</s>
    <s>Workshop Presenter</s>
    <s>Vaden Earle is the co-founder and CEO of Live Different, a not-for-profit organization that exists…More »</s>
    <s>Zachery Prescott</s>
    <s>Workshop Presenter</s>
    <s>Zachery Prescott is an eighteen year old resident of Orono Ontario. He recently graduated from…More »</s>
    <s>Conference Registration</s>
    <s>Register Online Now</s>
    <s>Registration Deadline</s>
    <s>October 30, 2011</s>
    <s>Download Registration Packet</s>
    <s>Download Presenter Application</s>
    <s>Download Sponsorship Package</s>
    <s>OSLC Attendees</s>
    <s>Is your school on the list yet? Look who's coming to the conference!</s>
    <s>OSLC Email Updates</s>
    <s>Stay in the know year-round.</s>
    <s>Also subscribe to:</s>
    <s>YLCC Updates</s>
    <s>Training Center Updates</s>
    <s>Work at YLCC</s>
    <s>Opportunity of a lifetime awaitsJoin the YLCC team!</s>
    <s>Robin Sharma</s>
    <s>Helping people and organizations get to world class</s>
    <s>Map &amp; Directions</s>
    <s>Easy to follow map and directions to our fantastic camp</s>
    <s>Photo Galleries</s>
    <s>Enjoy the wonderful photos from around the YLCC</s>
    <s>2011 OSLC</s>
    <s>Nov. 13-15 - Ontario Student Leadership Conference</s>
    <s>Bunk 1</s>
    <s>Email and see pictures of your camper with Bunk 1</s>
    <s>Where's Stu</s>
    <s>Catch up with Stu Saunders at these events</s>
    <s>OSLC Charities</s>
    <s>OSLC partners with the Big Brothers Big Sisters</s>
    <s>Falcon's Nest</s>
    <s>A variety of products for the fashionable camper</s>
    <s>Previous Next</s>
    <s>What's New</s>
    <s>Summer Camp Cancellation Policy</s>
    <s>Contact Us</s>
    <s>Privacy Policy</s>
    <s>Terms of Use</s>
    <s>Site Credits</s>
    <s>Staff Login</s>
    <s>Copyright (C) 2011 - YLCC.com</s>
  </text>
</page>
