<?xml version="1.0" encoding="UTF-8"?>
<!DOCTYPE page SYSTEM "page.dtd">
<page>
  <lang>en</lang>
  <url>http://www.diemold.org/registration-and-progress.aspx</url>
  <title>Diemold - Machines Dies Molds - REGISTRATION AND PROGRESS</title>
  <snippet>
    <s>Registration fee for authors will cover the technical sessions, conference proceedings, welcome Cocktail, lunches, coffee breaks, and conference dinner. </s>
  </snippet>
  <text>
    <s>MACHINES AND DIES / MOLDS</s>
    <s>PREVIOUS CONFERENCES</s>
    <s>PAST PROCEEDINGS</s>
    <s>GENERAL INFORMATION</s>
    <s>INTERNATIONAL PROGRAM COMMITTEE</s>
    <s>ORGANIZING COMMITTEE</s>
    <s>INDUSTRIAL LIAISON COMMITTEE</s>
    <s>TRAINING AND WORKSHOP</s>
    <s>CONFERENCE PROGRAM</s>
    <s>ABSTRACT - PAPER SUBMISSION</s>
    <s>REGISTRATION AND PROGRESS</s>
    <s>INSTRUCTIONS FOR PRESENTATIONS</s>
    <s>TOUR INFORMATION</s>
    <s>DEADLINES - REGISTRATION FEES</s>
    <s>TIPS FOR TRAVELERS</s>
    <s>EXHIBITION PROGRAM</s>
    <s>INDUSTRIAL VISITS</s>
    <s>ABOUT ANKARA</s>
    <s>INFORMATION ON TURKEY</s>
    <s>MAP OF TURKEY</s>
    <s>CONFERENCE OFFICE</s>
    <s>6th INTERNATIONAL CONFERENCE AND EXHIBITION ON DESIGN AND PRODUCTION OF MACHINES AND DIES/MOLDS</s>
    <s>23-26 JUNE 2011 ATILIM University - Ankara, TURKEY</s>
    <s>REGISTRATION AND PROGRESS</s>
    <s>You can participate at the conference as,</s>
    <s>If you want to participate at the conference as an Author you must first submit your Abstract for review. The Abstract should be prepared in word format not exceeding 120 words. It should contain a title ( Arial 12), authors (with affiliations) (Arial 9), text of abstract (Arial 11)and three keywords (Arial 11). A sample is provided. Please click the AUTHOR LOGIN link to start your Abstract Submission Process. You will be notified if your Abstract is approved by December 6, 2010.You will receive the registration and upload details of your paper after your abstract is approved. Papers are only published in the proceedings if the authors are registered.</s>
    <s>Registration fee for authors will cover the technical sessions, conference proceedings, welcome Cocktail, lunches, coffee breaks, and conference dinner.</s>
    <s>Registration Fee : € 360</s>
    <s>*Late Registration Fee : € 400</s>
    <s>If you want to participate at the Conference, you have to register as a participant. Participant registration will start in October 2010. The Participant registration will be announced in the website. Registration fee for participants will cover the technical sessions, conference proceedings, welcome cocktail, lunches, coffee breaks, and conference dinner.</s>
    <s>Registration Fee : € 380</s>
    <s>*Late Registration Fee : € 420</s>
    <s>Click Here to download the registration form</s>
    <s>Click Here to download REGISTRATION FORM FOR PARTICIPANTS FROM TURKEY</s>
    <s>Companions cannot register alone, Authors and Participants can bring Companions and their registration is made under author/participant registration. Companions cannot attend to the conference meetings. They will attend the social programs.</s>
    <s>Registration fee for companions will cover welcome cocktail, lunches, coffee breaks, and conference dinner. Ankara tour during the conference is also included.</s>
    <s>Registration Fee : € 220</s>
    <s>*Late Registration Fee : € 240</s>
    <s>Click Here to download the registration form</s>
    <s>Click Here to download REGISTRATION FORM FOR PARTICIPANTS FROM TURKEY</s>
    <s>There will be an Exhibition during the Conference. Exhibitors will be able to rent an Exhibition Area which will suit their needs. After Exhibitor registration is opened in December 2010, the exhibition places will be announced. There will be a first come first served based registration available for the Exhibition Places.</s>
    <s>Exhibition fee for exhibitors will cover, coffee breaks, lunches, conference dinner for two persons and one conference bag including conference proceeding.</s>
    <s>For exhibitors, tables, chairs, electricity and wireless internet is available.</s>
    <s>Exhibition fee is 850 € per 4m2.</s>
    <s>For details click here</s>
    <s>*Late Registration is the registrations made after March 31, 2011</s>
    <s>Print this page | Back to top of page</s>
    <s>Copyright © 2008 Machines and Dies / Molds</s>
    <s>All rights reserved.</s>
    <s>Conference Chairman</s>
    <s>Prof. Dr. Bilgin Kaftanoglu</s>
    <s>Fellow of CIRP-Turkey</s>
    <s>Department of Manufacturing Engineering</s>
    <s>Faculty of Engineering, Room C-506</s>
    <s>ATILIM UNIVERSITY</s>
    <s>Kizilcasar Mahallesi 06836 Incek Golbasi - Ankara - Turkey</s>
    <s>Phone: +90 312 586 8310</s>
    <s>E-mail: bilgink@atilim.edu.tr</s>
    <s>Conference Office</s>
    <s>ArtNet Bilgi ve Iletisim Teknolojileri Ltd. Sti.</s>
    <s>1322. Cadde 1333.Sokak No:15/4</s>
    <s>A.Ovecler 06460 Ankara Turkey</s>
    <s>Phone : +90 312 473 06 46 Ext:7705</s>
    <s>Fax : +90 312 473 29 00</s>
    <s>Conference Manager</s>
    <s>Mr. Dogu Ozturk</s>
    <s>GSM: +90 532 275 25 87</s>
    <s>Web : http://www.artnet.net.tr</s>
    <s>E-Mail : info@diemold.org</s>
  </text>
</page>
