<?xml version="1.0" encoding="UTF-8"?>
<!DOCTYPE page SYSTEM "page.dtd">
<page>
  <lang>en</lang>
  <url>http://losingtowin.wfu.edu/speakers/</url>
  <title>Speakers | Losing to Win Conference | Wake Forest University</title>
  <snippet>
    <s>Speakers: Losing to Win, Discussions of Race and Intercollegiate Sports: A two- day Conference at Wake Forest University.</s>
  </snippet>
  <text>
    <s>Skip to the navigation</s>
    <s>Skip to the content</s>
    <s>Site Navigation</s>
    <s>Inside WFU</s>
    <s>Inside WFU</s>
    <s>Financial Aid</s>
    <s>Site Content</s>
    <s>Losing to Win Conference</s>
    <s>Conference videos</s>
    <s>Questions? Contact us</s>
    <s>Debra Alty,</s>
    <s>Event Manager</s>
    <s>Wake Forest University</s>
    <s>336.758.3224 Direct</s>
    <s>336.758.3912 Fax</s>
    <s>Follow us…</s>
    <s>The conversation continues at the Losing to Win Blog »</s>
    <s>Click a name to view speaker biography</s>
    <s>!Jeff Benedict, JD -- Featured Speaker</s>
    <s>Sports Illustrated Writer</s>
    <s>Professor, Southern Virginia University</s>
    <s>!Andrew C. Billings, PhD</s>
    <s>Professor, Communication Studies</s>
    <s>Director, Pierce Center for Professional Communication</s>
    <s>Clemson University</s>
    <s>!Kevin B. Blackistone</s>
    <s>Professor, Shirley Povich Chair in Sports Journalism</s>
    <s>The University of Maryland</s>
    <s>Philip Merrill College of Journalism</s>
    <s>!Jacquelyn L. Bridgeman, JD</s>
    <s>Associate Dean for Academic Affairs</s>
    <s>Professor of Law</s>
    <s>University of Wyoming</s>
    <s>College of Law</s>
    <s>!Mary Brunk, MS, NCC ('00)</s>
    <s>Former Wake Forest University athletic manager (men’s basketball)</s>
    <s>Assistant Director, Student-Athlete Services</s>
    <s>Basketball, Volleyball, Women's Tennis</s>
    <s>Georgia Tech Athletic Association</s>
    <s>!Tyler Caldwell</s>
    <s>Former University of North Carolina, Chapel Hill (football)</s>
    <s>Wake Forest University School of Law (student)</s>
    <s>!Christopher David Ruiz Cameron, JD</s>
    <s>Professor of Law</s>
    <s>Southwestern Law School</s>
    <s>!George Cunningham, PhD</s>
    <s>Professor of Health and Kinesiology</s>
    <s>Director, Laboratory for Diversity and Sport</s>
    <s>Texas A&amp;M University</s>
    <s>!Timothy Davis, JD - Conference Organizer - Losing to Win</s>
    <s>John W. &amp; Ruth H. Turnage Professor of Law</s>
    <s>Wake Forest University School of Law</s>
    <s>!N. Jeremi Duru, Esq</s>
    <s>Associate Professor</s>
    <s>Beasley School of Law</s>
    <s>Temple University</s>
    <s>!Timothy Fuller ('00)</s>
    <s>Wake Forest University student -athlete (men's basketball)</s>
    <s>Assistant basketball coach</s>
    <s>University of Louisville</s>
    <s>!Bernard W. Franklin, PhD</s>
    <s>Executive Vice President</s>
    <s>NCAA Membership and Student-Athlete Affairs</s>
    <s>Chief Inclusion Officer</s>
    <s>National Collegiate Athletic Association</s>
    <s>!Emily Giffin ('94) JD</s>
    <s>Wake Forest University athletic manager (men’s basketball)</s>
    <s>New York Times Best selling author</s>
    <s>!Emmett L. Gill</s>
    <s>Assistant Professor, Department of Social Work</s>
    <s>North Carolina Central University</s>
    <s>!Linda S. Greene, JD</s>
    <s>Evjue Bascom Professor</s>
    <s>University of Wisconsin School of Law</s>
    <s>!Angela Hattery, PhD</s>
    <s>Research Professor</s>
    <s>Wake Forest University</s>
    <s>!Beth Hopkins, JD ('73)</s>
    <s>Director of Outreach</s>
    <s>Professor of Practice</s>
    <s>Wake Forest University School of Law</s>
    <s>!Brenda Mock Kirkpatrick, (’00, MA ’01)</s>
    <s>Former Wake Forest University student-athlete (women’s basketball)</s>
    <s>Assistant Women's Basketball Coach</s>
    <s>University of Florida</s>
    <s>!Richard Lapchick, PhD -- Featured Speaker</s>
    <s>Chair, DeVos Sport Business Management and the</s>
    <s>Director, Institute for Diversity and Ethics in Sports</s>
    <s>Executive Director, National Consortium for Academics and Sports</s>
    <s>University of Central Florida</s>
    <s>Author of study examining the Graduation Success Rates and Academic Progress Rates of teams competing in the Men’s NCAA basketball tournament and compares the performance in the classroom for African-American and white basketball student-athletes.</s>
    <s>More about the study (PDF)</s>
    <s>!John Llewellyn, PhD</s>
    <s>Professor of Communication</s>
    <s>Wake Forest University</s>
    <s>Department of Communication</s>
    <s>!Dwight Lewis</s>
    <s>Associate Athletic Director for Student-Athlete Services</s>
    <s>Wake Forest University</s>
    <s>Department of Athletics</s>
    <s>!Frank Matthews, JD</s>
    <s>Editor and Publisher</s>
    <s>Diverse: Issues In Higher Education</s>
    <s>Cox, Matthews and Associates, Inc.</s>
    <s>Professor, Assistant Senior Vice President and Legal Advisor</s>
    <s>George Mason University</s>
    <s>!Alfred Mathewson, JD</s>
    <s>Professor of Law</s>
    <s>Director of Africana Studies Program</s>
    <s>University of New Mexico</s>
    <s>School of Law</s>
    <s>!Amy McCormick, JD</s>
    <s>Professor of Law</s>
    <s>Michigan State University</s>
    <s>College of Law</s>
    <s>!Robert McCormick, JD</s>
    <s>Professor of Law</s>
    <s>Michigan State University</s>
    <s>College of Law</s>
    <s>!Junius Nottingham, Jr.</s>
    <s>Assistant Special Agent in Charge</s>
    <s>Washington Field Office</s>
    <s>!David Odom</s>
    <s>Former Men’s Basketball Coach</s>
    <s>Wake Forest University</s>
    <s>!Thomas O’Toole ('78)</s>
    <s>College Editor and Editor for High School Sports</s>
    <s>USA Today</s>
    <s>!Amy Perko ('87)</s>
    <s>Wake Forest University student-athlete (women’s basketball)</s>
    <s>Executive Director</s>
    <s>Knight Commission on Intercollegiate Athletics</s>
    <s>!Cory Randolph ('05; JD '10)</s>
    <s>Former Wake Forest University student-athlete (football)</s>
    <s>Legal Intern</s>
    <s>Social Security Administration</s>
    <s>!Donald Reed, PhD</s>
    <s>Sr. Associate Athletic Director for Academic Services</s>
    <s>University of Buffalo</s>
    <s>!Richard Wayne Robeson</s>
    <s>Adjunct Assistant Professor of Bioethics</s>
    <s>Wake Forest University</s>
    <s>Adjunct Assistant Professor of Social Medicine</s>
    <s>University of North Carolina School of Medicine</s>
    <s>!LaChina Robinson ('02)</s>
    <s>Former Wake Forest University student-athlete (women’s basketball)</s>
    <s>ESPN/Fox, NCAA and WNBA</s>
    <s>!Rodney Rogers ('94) -- Featured Speaker</s>
    <s>Founder of the Rodney Rogers Foundation</s>
    <s>Student-Athlete at Wake Forest University</s>
    <s>NBA first-round draft pick of the Denver Nuggets ('93)</s>
    <s>Rogers played 12 years in the NBA</s>
    <s>!Michael Sagas, EdD</s>
    <s>Professor &amp; Chair</s>
    <s>Department of Tourism, Recreation and Sport Management</s>
    <s>University of Florida</s>
    <s>!Kenneth Shropshire, JD</s>
    <s>David W. Hauk Professor</s>
    <s>University of Pennsylvania</s>
    <s>The Wharton School of Business</s>
    <s>!Omari Simmons ('96), JD</s>
    <s>Associate Professor of Law</s>
    <s>Wake Forest University</s>
    <s>School of Law</s>
    <s>!Alphonso Smith, Jr. ('08)</s>
    <s>Former Wake Forest University student-athlete (football)</s>
    <s>Detroit Lions, National Football League</s>
    <s>!Earl Smith, PhD - Conference Organizer - Losing to Win</s>
    <s>Rubin Professor of American Ethnic Studies</s>
    <s>Professor of Sociology</s>
    <s>Director, American Ethnic Studies</s>
    <s>Wake Forest University</s>
    <s>!Rodney K. Smith, JD</s>
    <s>Southern Virginia University</s>
    <s>!Joel D. Stitzel, PhD</s>
    <s>Associate Professor of Biomedical Engineering</s>
    <s>Wake Forest University School of Medicine</s>
    <s>!Jeff Stone, PhD</s>
    <s>Professor of Social Psychology</s>
    <s>University of Arizona</s>
    <s>Psychology Department</s>
    <s>!Deborah Stroman, Ph.D., CLU</s>
    <s>University of North Carolina - Chapel Hill</s>
    <s>Exercise and Sport Science</s>
    <s>!Ahmed Taha, PhD, JD</s>
    <s>Wake Forest University</s>
    <s>School of Law</s>
    <s>!Jill Tiefenthaler, PhD</s>
    <s>Professor of Economics</s>
    <s>Wake Forest University</s>
    <s>!Anthony Williams (’10)</s>
    <s>Former Wake Forest University student-athlete (football)</s>
    <s>University Fellow</s>
    <s>Office of Multicultural Affairs</s>
    <s>Wake Forest University</s>
    <s>!David Wiggins, PhD</s>
    <s>Department of Recreation Management</s>
    <s>Director, School of Recreation, Health &amp; Tourism</s>
    <s>George Mason University</s>
    <s>!Hunter Hall Willard, (’02; M.A.’10)</s>
    <s>Assistant Director for Student-Athlete Academic Counseling</s>
    <s>Wake Forest University Athletics</s>
    <s>!Leslie E. Wong, EdD</s>
    <s>Northern Michigan University</s>
    <s>1834 Wake Forest Road</s>
    <s>Winston-Salem, NC 27109</s>
    <s>Contact &amp; Feedback</s>
    <s>Copyright (C) 2011</s>
    <s>Wake Forest University</s>
    <s>The University</s>
    <s>Financial Aid</s>
    <s>The Schools</s>
    <s>WFU Affiliates</s>
    <s>Wake Forest Baptist Health</s>
    <s>Piedmont Triad Research Park</s>
    <s>Reynolda Gardens</s>
    <s>Reynolda House</s>
    <s>Reynolda Village</s>
    <s>Graylyn Conference Center</s>
    <s>88.5 WFDD</s>
    <s>Helpful Links</s>
    <s>Our Vision</s>
    <s>Prospective Faculty</s>
    <s>Career Development</s>
    <s>University Calendar</s>
    <s>Summer Session</s>
    <s>Wake Forest Magazine</s>
    <s>Visit Campus</s>
    <s>University Stores</s>
    <s>Serving Humanity Through the Pursuit of Knowledge</s>
  </text>
</page>
