<?xml version="1.0" encoding="UTF-8"?>
<!DOCTYPE page SYSTEM "page.dtd">
<page>
  <lang>en</lang>
  <url>http://www.snma.org/</url>
  <title>Student National Medical Association (SNMA)</title>
  <snippet>
    <s>The Student National Medical Association is the nation&#39;s oldest and largest We are already gearing up for our next Annual Medical Education Conference! </s>
  </snippet>
  <text>
    <s>National Leadership</s>
    <s>Support the SNMA</s>
    <s>SNMA Partners</s>
    <s>Region 1</s>
    <s>Region 2</s>
    <s>Region 3</s>
    <s>Region 4</s>
    <s>Region 5</s>
    <s>Region 6</s>
    <s>Region 7</s>
    <s>Region 8</s>
    <s>Region 9</s>
    <s>Region 10</s>
    <s>SNMA Chapter Resources</s>
    <s>MAPS / Associate Chapter Resources</s>
    <s>PRIDE campaign</s>
    <s>Academic Affairs</s>
    <s>Community Service Protocols</s>
    <s>International Missions</s>
    <s>Pipeline Programs</s>
    <s>Conference / Meetings</s>
    <s>Annual SNMA Dates</s>
    <s>2010 Annual Medical Education Conference</s>
    <s>2011 Annual Medical Education Conference</s>
    <s>Welcome to SNMA</s>
    <s>The Student National Medical Association is the nation's oldest and largest independent, student-run organization focused on the needs and concerns of medical students of color.</s>
    <s>Membership includes more than 8,000 medical students, pre-medical students, residents and physicians.</s>
    <s>Established in 1964 by medical students from Howard University College of Medicine and Meharry Medical College, SNMA boasts over 40 years of service to underserved communities and medical students.</s>
    <s>SNMA is dedicated both to ensuring culturally sensitive medical education and services, as well as increasing the number of African-American, Latino and other students of color entering and completing medical school. read more</s>
    <s>Latest News</s>
    <s>Presidential Ambassadors Program</s>
    <s>Are you are pre-medical student interested in future SNMA/MAPS leadership? Join our Presidential Ambassadors program.</s>
    <s>read more</s>
    <s>AMEC 2012 Theme Reveal</s>
    <s>We are already gearing up for our next Annual Medical Education ConferenceWatch the AMEC theme reveal video here.</s>
    <s>read more</s>
    <s>SNMA Student Interest Groups!</s>
    <s>Looking for the keys to your success in Medicine? Join one of the SNMA's NEW Student Interest Groups!</s>
    <s>read more</s>
    <s>Join a National Committee Today!</s>
    <s>Want to help shape the SNMA on a national level? Join a National Committee!</s>
    <s>read more</s>
    <s>Upcoming Events</s>
    <s>April 4th-8th, 2012 - - 2012 AMEC Attendees</s>
    <s>Attendee registration is now open for AMEC 2012Attendee Early Bird rates end on Nov. 14.</s>
    <s>read more</s>
    <s>April 4th-8th, 2012 - - 2012 AMEC Exhibitors</s>
    <s>Exhibitor registration is now open for AMEC 2012Exhibitor Early Bird rates end on Dec. 31.</s>
    <s>read more</s>
    <s>September 16-18, 2011 - September NLI Photo Review</s>
    <s>The September NLI was hosted by Meharry Medical College in Nashville, TN.</s>
    <s>read more</s>
    <s>- Friends of the SNMA</s>
    <s>Make an investment in the future of medicine by donating the SNMA today.</s>
    <s>read more</s>
    <s>National SNMA Events - In Your Neighborhood</s>
    <s>Mark your calendar for upcoming SNMA events in your area, including regional conference, NLIs and more!</s>
    <s>read more</s>
    <s>Support the SNMA</s>
    <s>Home | FAQ | Advertise | Press &amp; Media | SiteMap</s>
    <s>Copyright (C) 2006 - 2011 SNMA, All Rights Reserved</s>
    <s>Website Designed &amp; Developed by www.Veign.com</s>
  </text>
</page>
