<?xml version="1.0" encoding="UTF-8"?>
<!DOCTYPE page SYSTEM "page.dtd">
<page>
  <lang>en</lang>
  <url>http://seaspf.org/index.php/mmresources/bestpractice2</url>
  <title>Country Papers Presentation of SEAFP (Best Practice Conference II)</title>
  <snippet>
    <s>SGGS International Students&#39; Conference (Penang, Malaysia, 28-31 May 2011) &middot; Country Papers Presentation of SEAFP (Best Practice Conference II) &middot; Other </s>
  </snippet>
  <text>
    <s>!Blue !Grey !Red</s>
    <s>joomla templates South East Asia School Principals Forum (SEASPF)</s>
    <s>ABOUT SEASPF</s>
    <s>Vision, Mission and Objectives</s>
    <s>Scope and Strategic</s>
    <s>Structure Organization</s>
    <s>Contact Us</s>
    <s>RECENT EVENTS AND PROJECTS</s>
    <s>First Conference</s>
    <s>SEASPF Activities 2011</s>
    <s>Best Practices II</s>
    <s>ROUNDTABLE MEETING (RTM)</s>
    <s>RTM I</s>
    <s>RTM II</s>
    <s>RTM III</s>
    <s>RTM IV</s>
    <s>RTM V</s>
    <s>SGGS International Students' Conference (Penang, Malaysia, 28-31 May 2011)</s>
    <s>Country Papers Presentation of SEAFP (Best Practice Conference II)</s>
    <s>Other Papers</s>
    <s>Country Papers Presentation of SEAFP (Best Practice Conference II)</s>
    <s>Brunei Darussalam</s>
    <s>File Count:</s>
    <s>File Count:</s>
    <s>File Count:</s>
    <s>Lao PDR</s>
    <s>File Count:</s>
    <s>File Count:</s>
    <s>File Count:</s>
    <s>File Count:</s>
    <s>File Count:</s>
    <s>File Count:</s>
    <s>File Count:</s>
    <s>MAIN MENU</s>
    <s>ABOUT SEASPF</s>
    <s>RECENT EVENTS AND PROJECTS</s>
    <s>ROUNDTABLE MEETING (RTM)</s>
    <s>SGGS International Students' Conference (Penang, Malaysia, 28-31 May 2011)</s>
    <s>Country Papers Presentation of SEAFP (Best Practice Conference II)</s>
    <s>Other Papers</s>
    <s>SEASPF MEMBERS</s>
    <s>ONLINE NOW:</s>
    <s>We have 2 guests online</s>
    <s>Copyright (c) 2011 SEASPF South East Asia School Principals Forum</s>
  </text>
</page>
