<?xml version="1.0" encoding="UTF-8"?>
<!DOCTYPE page SYSTEM "page.dtd">
<page>
  <lang>en</lang>
  <url>http://www.unc.edu/depts/europe/conferences/parties/program.html</url>
  <title>European Integration and Party System Change</title>
  <snippet>
    <s>All sessions take place in the Carolina Inn: Club Room on Friday, and North Parlour on Saturday. Download program 8:30-9am: coffee and pastries, conference room, Carolina Inn. 9-9:15am: Session Chair: Liesbet Hooghe. Miller, Gary </s>
  </snippet>
  <text>
    <s>Workshop on &quot;Party System Change&quot;</s>
    <s>Center for European Studies, UNC--Chapel Hill</s>
    <s>All sessions take place in the Carolina Inn: Club Room on Friday, and North Parlour on Saturday.</s>
    <s>Download program as a PDF file.</s>
    <s>Thursday 22 April, 2004</s>
    <s>Participants arrive.</s>
    <s>Friday 23 April, 2004</s>
    <s>All Friday sessions take place in the Club Room of the Carolina Inn .</s>
    <s>8:30-9am: coffee and pastries, conference room, Carolina Inn</s>
    <s>9-9:15am: Introduction</s>
    <s>9:15-11:15am: SESSION I: THEORIZING PARTY SYSTEM CHANGE</s>
    <s>Session Chair: Liesbet Hooghe</s>
    <s>Miller, Gary and Norman Schofield. 2003. &quot;Partisan Realignment and Majority Instability.&quot; American Political Science Review .</s>
    <s>Zielinski, Jakub. 2002. &quot;Translating Social Cleavages into Party Systems: The Significance of New Democracies.&quot; World Politics 54: 184-211.</s>
    <s>Discussants: John Aldrich, Jim Stimson, Jakub Zielinski</s>
    <s>11:30-1pm: SESSION II: EUROPE AS AN EMERGING CLEAVAGE</s>
    <s>Session Chair: Gary Marks</s>
    <s>Tucker, Joshua, Alexander Pacek, Adam Berinsky. 2002. &quot;Transitional winners and losers: attitudes toward EU membership in the postcommunist countries.&quot; American Journal of Political Science , 46: 557-71.</s>
    <s>Evans, Geoffrey. 2002. &quot;European integration, party politics and voting in the 2001 election.&quot; British Elections &amp; Parties Review , 12: 95-110.</s>
    <s>Discussants: Bonnie Meguid, Tapio Raunio, Bernhard Wessels</s>
    <s>1-2:30pm: Lunch at the Carolina Inn</s>
    <s>2:30-4:00pm: SESSION III: PARTY IDEOLOGY IN EAST AND WEST</s>
    <s>Session Chair: Bernhard Wessels</s>
    <s>Marks, Gary, Liesbet Hooghe, Erica Edwards, and Moira Nelson. &quot;Party Ideology and European Integration: An East-West Comparison.&quot;</s>
    <s>Keman, Hans. &quot;The Third Way: The Right Way or Not? A Crossnational Attempt to Measure Social Democracy in Motion.&quot;</s>
    <s>Discussant: Geoff Evans</s>
    <s>Reply: Erica Edwards, Gary Marks, Hans Keman</s>
    <s>4:15-5:30pm: SESSION IV: THE POSSIBILITY (AND DESIRABILITY) OF PARTY COMPETITION IN MULTI-LEVEL SYSTEMS</s>
    <s>Session Chair: Georg Vanberg</s>
    <s>Chhibber, Pradeep, and Ken Kollman. 1998. &quot;Party Aggregation and the Number of Parties in India and the United States.&quot; American Political Science Review . 92: 329-42.</s>
    <s>Hix, Simon. 2004. &quot;Possibilities for European Parties, 2004 and Beyond.&quot; http://personal.lse.ac.uk/HIX/WorkingPapers.HTM.</s>
    <s>Discussants: Ken Kollman, Liesbet Hooghe</s>
    <s>7:30pm: Dinner at Vespa for organizers and invited participants</s>
    <s>Saturday April 24, 2004</s>
    <s>All Saturday sessions occur in the North Parlour of the Carolina Inn.</s>
    <s>8:30-9:00am: coffee and pastries, conference room, Carolina Inn</s>
    <s>9:00-10:15am: SESSION V: PARTY POSITIONS ON EUROPEAN ISSUES</s>
    <s>Session Chair: Milada Vachudova</s>
    <s>Pennings, Paul. &quot;National political parties and European integration: New evidence from party manifestos&quot;</s>
    <s>MacDonald, Stuart Elaine, Ola Listhaug, and George Rabinowitz. 1991. &quot;Issues and Party Support in Multiparty Systems,&quot; American Political Science Review 85: Dec: 1107-1131.</s>
    <s>Discussants: Marco Steenbergen, Ivan LLamazares</s>
    <s>Reply: Paul Pennings</s>
    <s>10:30-12:15pm: SESSION VI: PARTY CHANGE AND PARTY COMPETITION IN EASTERN EUROPE</s>
    <s>Session Chair: Ken Kollman</s>
    <s>Vachudova, Milada. Europe Undivided: Democracy, Leverage and Integration After Communism , forthcoming with Oxford University Press, ch 8.</s>
    <s>Bozoki, Andras and John Ishiyama. 2002. &quot;Introduction and Theoretical Framework&quot; in The Communist Successor Parties of Central and Eastern Europe , Andras Bozoki &amp; John Isiyama eds. Armonk, NY: M. E. Sharpe, 3-13.</s>
    <s>Grzymala-Busse, Anna and Abby Innes. 2003. &quot;Great Expectations: the EU and domestic political competition in East Central Europe.&quot; East European Politics and Societies 17: 64-73.</s>
    <s>Discussants: Milada Vachudova, Andras Bozoki, Anna Grzymala-Busse</s>
    <s>12:30-2pm: lunch at Spanky's</s>
    <s>2:00-3:15pm: CONCLUDING SESSION: EUROPEAN INTEGRATION, PARTY SYSTEM CHANGE, EAST AND WEST</s>
    <s>Session Chair: Hans Keman</s>
    <s>Discussants: TBA</s>
    <s>7:00pm: Southern-style ribs etc. at Gary and Liesbet's home</s>
    <s>1905 South Lakeshore Drive</s>
  </text>
</page>
