<?xml version="1.0" encoding="UTF-8"?>
<!DOCTYPE page SYSTEM "page.dtd">
<page>
  <lang>en</lang>
  <url>http://ises2011.memberclicks.net/presenter-a-chair-resources</url>
  <title>Presenter &amp; Chair Resources</title>
  <snippet>
    <s>During conference registration all speakers should notify staff that they are either fellow environmental professionals or serving as a Session Chair/Co-Chair. </s>
  </snippet>
  <text>
    <s>International Society of Exposure Science</s>
    <s>Welcome Message</s>
    <s>Organizing Committee</s>
    <s>Conference Program</s>
    <s>Final Program</s>
    <s>Plenary Sessions</s>
    <s>Symposium Sessions</s>
    <s>Presenter &amp; Chair Resources</s>
    <s>Special Events</s>
    <s>Abstract Submission</s>
    <s>Presentation Guidelines</s>
    <s>Register Now</s>
    <s>Travel Awards</s>
    <s>Visitor Info</s>
    <s>Hotel Reservations</s>
    <s>About Baltimore</s>
    <s>Near Baltimore</s>
    <s>Travel Visas</s>
    <s>Social Events</s>
    <s>Students/New Researchers</s>
    <s>Contact Us</s>
    <s>Presenter &amp; Chair Resources</s>
    <s>Instructions for Presenters and Session Chairs</s>
    <s>Presenter Check-In</s>
    <s>During conference registration all speakers should notify staff that they are either presenting an oral or poster presentation. Oral presenters must bring and submit your presentation to the speaker ready room or the registration desk by 5:00 PM EST the night before your presentation. Poster presenters must come to the registration desk during their designated set-up time for your poster board number.</s>
    <s>Presenters' and Chair Breakfast</s>
    <s>Thank you for your time and effort in sharing your expertise with fellow environmental professionals or serving as a Session Chair/Co-Chair. The technical program is often the most valued aspect of a conference for attendees, supplying them with relevant, practical input and an opportunity to interact on a subject of great interest to them. Oral and Poster Presenters and Session Chairs/Co-Chairs can meet for an optional, complimentary continental breakfast from 7:30-10:00 am in the James Room on the day of their session involvement to review program details. Presentations need to be submitted prior to this breakfast.</s>
    <s>Oral Presentation Guidelines</s>
    <s>There is no one set style of presentation, but the following are offered as basic guidelines:</s>
    <s>Practice your presentation often prior to the conference. This will enhance the flow as well as enable you to pace yourself and stay within the time limit. A well-planned presentation begins with an attention-catching statement that leads into the main presentation, and ends with a wrap-up summary to fix the key points in attendees' minds.</s>
    <s>As you create your presentation, keep the objectives in mind and what you want your attendees to take away from the topic.</s>
    <s>Present from a positive, rather than negative, frame of reference. Focus on &quot;how to&quot;, &quot;what should be&quot;, and &quot;what happened when&quot; as opposed to &quot;what's wrong with this picture&quot;.</s>
    <s>Select a typeface that is appropriate for your topic and can be legible in the back of the room during your presentation.</s>
    <s>Avoid animations, motions and fancy transitions.</s>
    <s>A general guideline is to have one slide per 1 to 1.5 minutes of the presentation.</s>
    <s>Stick to one topic per slide, but use multiple slides per topic if necessary.</s>
    <s>Include contact information at the end of your presentation.</s>
    <s>Use your slides as a guide, but don't rely on these to run the presentation. Show enthusiasm and engage the audience.</s>
    <s>Be professional, but stay at ease and remember you are among peers. Speak and move naturally, according to your own personality style.</s>
    <s>Be sure everyone can hear and understand you. You may need to repeat questions before answering them at the end to ensure everyone has heard them clearly.</s>
    <s>Offer to resume an informal discussion after the session if your question-and-answer segment threatens to run overtime.</s>
    <s>Pitfalls to avoid:</s>
    <s>Presenting a sales pitch. Commercialism has been heavily criticized when employed in a technical program.</s>
    <s>Reading your presentation. Referring periodically to quotes and figures is fine, but you should generally keep eye contact with your audience.</s>
    <s>Offensive language or gestures. This not only is bad form, but also can detract from the importance of what you are saying.</s>
    <s>Excessive movements or noise. Watch for distracting mannerisms: toying with a pen or manipulating a button on a jacket; frequently clearing the throat or interjecting &quot;uh&quot; between phrases.</s>
    <s>Poster Presentation Guidelines</s>
    <s>At least one author of the abstract/research must be present at the poster during your designated viewing time.</s>
    <s>Each poster presentation will be assigned one side of a 4-foot high by 8-foot wide poster board. The poster board is composed of a soft material that allows easy mounting with pushpins. Pushpins will be provided to presenters. If you prefer Velcro, both sides are necessary. Tape is not permitted.</s>
    <s>Place your poster materials on a regular bond paper so that you can attach them easily to the poster board. Your poster materials should be prepared so that they may be arranged easily. There is no prescribed format for the body of the poster; however, the poster MUST include the abstract number, title, an author listing, and the affiliations of all authors.</s>
    <s>Figures, graphs, and tables should be uncluttered and simple. They should be numbered and arranged in the sequence in which you want them to be viewed. Text should be typed or prepared using a word-processing program printed on a laser printer or another type of quality printer. All lines should be heavy and dark. Text and figures should be large enough to be read from a distance of 6 feet. Color may be used for emphasis.</s>
    <s>Authors should prepare a brief presentation. The presentation should clearly articulate the problem addressed by the research and summarize important conclusions.</s>
    <s>Session Chair/Co-Chair Responsibilities</s>
    <s>Session Chairs/Co-Chairs are encouraged to attend the complimentary presenters' breakfast on the day of their session involvement to review program details with presenters.</s>
    <s>Be in session room no later than 15 minutes prior to the start of session. All presentations received prior to then will have been pre-loaded onto the computer in the session room. Ensure all have been pre-loaded.</s>
    <s>At the beginning of each session, remind the participants (presenters and audience) to place cell phones and pagers on &quot;silent&quot; mode or turn off.</s>
    <s>Introduce each speaker prior to his/her presentation. In the interest of time, limit introductions to name, job title, and affiliation.</s>
    <s>It is essential that the session be kept on schedule. If a presentation is cancelled, conduct a question/answer period or a discussion portion in the session to fill the remaining time. Alternately, have a break and resume the session at the next scheduled presentation. This allows people to go back-and-forth between parallel sessions.</s>
    <s>Notify the speakers with they have 5 minutes and 1 minute remaining in their presentation. Observe the scheduled breaks and encourage the attendees to view posters during this time.</s>
    <s>A few minutes for questions and answers should be reserved out of the allocated time for each presentation. It is the Session Chair's responsibility to ensure that lengthy discussions occur outside the session.</s>
    <s>Ask the questioner to state his/her name and affiliation. Make sure the question is repeated when there is no floor microphone.</s>
    <s>Click here for the Presentation Guidelines (located under the Abstracts tab).</s>
    <s>powered by MemberClicks</s>
    <s>(C) Copyright 2011 | ises2011@icfi.com</s>
  </text>
</page>
