<?xml version="1.0" encoding="UTF-8"?>
<!DOCTYPE page SYSTEM "page.dtd">
<page>
  <lang>en</lang>
  <url>http://www.europeansociology.org/index.php%3Foption%3Dcom_content%26task%3Dview%26id%3D293%26Itemid%3D196</url>
  <title>European Sociological Association (ESA) - Abstract submission</title>
  <snippet>
    <s>If you have any difficulties with the submission process, please contact the ESA conference administrator. All abstracts should be completed in English. </s>
  </snippet>
  <text>
    <s>!PfeilHome !arrow Conferences !arrow 8th ESA Conference !arrow Abstract submission</s>
    <s>Main Menu</s>
    <s>Why Join ESA?</s>
    <s>Executive Committee</s>
    <s>Research Networks</s>
    <s>!10th ESA Conference</s>
    <s>!9th ESA Conference</s>
    <s>!8th ESA Conference</s>
    <s>!7th ESA Conference</s>
    <s>!6th ESA Confence</s>
    <s>!5th ESA Conference</s>
    <s>!4th ESA Conference</s>
    <s>!3rd ESA Conference</s>
    <s>!2nd ESA Conference</s>
    <s>!1st ESA Conference</s>
    <s>ESA Newsletter</s>
    <s>ESA Monthly Bulletin</s>
    <s>National Sociological Associations</s>
    <s>User Menu</s>
    <s>Discussion list</s>
    <s>Login Form</s>
    <s>Remember me</s>
    <s>Lost Password?</s>
    <s>Abstract submission</s>
    <s>We are delighted that you are considering submitting an abstract for the 8th ESA conference in 2007. Papers with a cross-national, comparative focus and papers by researchers earlier in their career are particularly welcome.</s>
    <s>For this conference, abstracts will only be accepted through online submission, please do not send in abstracts in any other format. The deadline for abstract submission is 28th February, 2007 and you can submit under any of the Research Streams or Research Networks listed.</s>
    <s>Please read the guidelines for abstract submission, before completing and submitting the form online.</s>
    <s>You can submit a maximum of two abstracts to the conference</s>
    <s>If you have any difficulties with the online submission please contact the ESA conference administrator.</s>
    <s>Instructions and Guidelines for Online Abstract Submission</s>
    <s>Please read the following instructions carefully before completing and submitting your abstract online.</s>
    <s>Abstracts will only be accepted through completion of the online submission form, and submission in any other form will be declined. If you have any difficulties with the submission process, please contact the ESA conference administrator.</s>
    <s>All abstracts should be completed in English. Individuals should not be the first author (i.e. the presenter) of more than one paper but may submit a maximum of two abstracts to the conference.</s>
    <s>The submission form will limit the title of your abstract to 200 characters (approximately 30 words) and the length of your abstract to 1500 characters (a maximum of 200 words). You will also be given the opportunity to submit up to 5 key words for your abstract. Please make sure before you begin that your title, abstract and keywords will fit within these limitations. Tables, figures and references should not be included in your abstract.</s>
    <s>For oral presentations only please submit your abstract under the most appropriate research stream or network. You can only submit to one research network/stream.</s>
    <s>Once submitted the information you give us will be used to produce the abstract book for the conference and will also be forwarded to the appropriate research network/stream organiser.</s>
    <s>All first authors must register for the conference by early summer (exact date to be confirmed) and the conference organisers reserve the right to exclude authors from the programme where a first author has not registered by this time. You will be notified of the deadline by email once your abstract has been accepted.</s>
    <s>Audio-Visual Requirements</s>
    <s>Please note that data-projectors and laptops will be made available throughout the conference for those who have submitted their presentation in advance. More details will be given on how to do this nearer the time.</s>
    <s>If you require any additional audio-visual equipment, please indicate this with your abstract submission and we will endeavour to accommodate your request.</s>
    <s>Notification of Receipt of Abstract</s>
    <s>Once your abstract has been received you will be sent a standard reply stating that your abstract submission has been received. If you do not receive such a confirmation within 2 weeks of submission please contact the ESA administrator.</s>
    <s>Notification of Acceptance of Abstract</s>
    <s>Presenters will be sent an e-mail informing them whether their abstract has been accepted and will subsequently be informed by both email and letter of the day and time slot allocated for their presentation. If you do not receive the postal confirmation by 1st June 2007, please contact the ESA administrator.</s>
    <s>It is very important that you turn up to deliver your paperDelegates will expect you to be there, and as a courtesy to them and to other paper givers please ensure that you are present in the relevant room. If you know in advance that circumstances will prevent you being at the conference, please try to arrange for someone else to deliver the paper on your behalf. In any event, please let the ESA conference administrator and the Coordinator of your RN/RS stream as soon as possible if you are unable to deliver your paper in person.</s>
    <s>Guidelines for Poster Presentation</s>
    <s>Space for posters will be given for the duration of the second and third day of the conference.</s>
    <s>The poster is an important method for presenting research information at a conference and has many advantages over oral presentation, including interaction on a one-to-one basis with interested delegates, images and data that can have a greater influence than transparencies fleetingly glimpsed in an oral presentation and where English is not fluently spoken, a more effective method of communication.</s>
    <s>The following guidelines should help you prepare effective and successful posters.</s>
    <s>Preparing the Poster</s>
    <s>Design your poster to be as eye-catching and attractive as possible and where possible illustrate with a figure, chart or photograph rather than text. The basic rule is to keep it simple, do not clutter, do not include unnecessary data, make everything bold and large, and try and get your message across to the non-experts as well as experts in your field.</s>
    <s>Figures, Charts and Photographs</s>
    <s>Figures, charts and photographs should be made as large and of as good a quality as possible. Labels or arrows should be bold and easily seen. Contrasting mounting card and a coloured background are eye-catching assets. A mixture of different coloured backgrounds can also be very effective but too many colours, type styles or images can be confusing to those reading the poster information.</s>
    <s>The Title</s>
    <s>The title must be large and clear enough to be read from about 5 metres. Keep the title short and the letters bold, preferably solid-block and at least 5 cm high and as far as possible attention grabbing, for example by posing a question. Some authors include the logo of their institution or organisation and their own photo, which can be very helpful if the author is to be identified at the poster session.</s>
    <s>The Text</s>
    <s>The text should be concise, legible and easily comprehended. Traditionally, the poster should include an abstract, short introduction, aims of the study, results and discussion/conclusions. These should be presented as short 'bullet' lists rather than paragraphs of text. Do not overwhelm the viewer with masses of tables and data. Quantitative data can be presented as histograms, pie charts or line or bar graphs. Qualitative data can be presented as quotes, excerpts from publications (e.g. newspapers, magazines, official documents) or even as photographs or maps. The lettering of the text must be large and legible at up to 2 m.</s>
    <s>Transporting the Poster</s>
    <s>If you prepare your poster in the final form, you will just need to come and hang it up. This, however, may mean 'lugging' a gigantic package of unwieldy and uncomfortable dimensions. It is much easier, to prepare your poster on cards that fit into an oversized envelope that you could place at the bottom of your suitcase and pin up on arrival. It is vital that they are well mounted on cards to ensure that they lie flat. By far the best means of doing this is to have your poster laminated and transport it in a plastic or other sturdy tube.</s>
    <s>If you are transporting your poster in your luggage, be aware that luggage has been known to get lost. It might be a good idea to make a duplicate poster and leave it in the care of someone who you can be in touch with easily and who can ship it to you via overnight delivery.</s>
    <s>Poster preparation should not be regarded as an ordeal but should be fun and provide a sense of creativity and satisfaction. Do not leave the planning and preparation of your poster till the last minute.</s>
    <s>Abstract Submission Form</s>
    <s>Thank you for your interest in the 8th ESA Conference.</s>
    <s>The closing date for abstract submissions was Friday the 2nd of March and unfortunately we can no long accept abstracts.</s>
    <s>&lt; Prev</s>
    <s>Next &gt;</s>
    <s>(C) 2011 European Sociological Association (ESA)</s>
  </text>
</page>
