<?xml version="1.0" encoding="UTF-8"?>
<!DOCTYPE page SYSTEM "page.dtd">
<page>
  <lang>en</lang>
  <url>http://www.house.gov/committees/</url>
  <title>Committees · House.gov</title>
  <snippet>
    <s>Committees. The House&#39;s committees consider bills and issues and oversee agencies, programs, and activities within their jurisdictions. Agriculture </s>
  </snippet>
  <text>
    <s>Skip repetitive navigation</s>
    <s>112th Congress, 1st SessionThe House is not in session</s>
    <s>Educators and Students</s>
    <s>Doing Business with the House</s>
    <s>Search: !go</s>
    <s>Find Your Representative</s>
    <s>Enter your zip code !go</s>
    <s>Legislative Activity</s>
    <s>The House Explained</s>
    <s>Browsealoud Plug-In</s>
    <s>Accessibility Policy</s>
    <s>The House’s committees consider bills and issues and oversee agencies, programs, and activities within their jurisdictions.</s>
    <s>Armed Services</s>
    <s>Education and the Workforce</s>
    <s>Energy and Commerce</s>
    <s>Financial Services</s>
    <s>Foreign Affairs</s>
    <s>Homeland Security</s>
    <s>House Administration</s>
    <s>Natural Resources</s>
    <s>Oversight and Government Reform</s>
    <s>Science, Space, and Technology</s>
    <s>Small Business</s>
    <s>Transportation and Infrastructure</s>
    <s>Veterans' Affairs</s>
    <s>Ways and Means</s>
    <s>Joint Economic Committee</s>
    <s>Joint Committee on the Library</s>
    <s>Joint Committee on Printing</s>
    <s>Joint Committee on Taxation</s>
    <s>Joint Select Committee on Deficit Reduction</s>
    <s>U.S. House of Representatives</s>
    <s>Washington, DC 20515</s>
    <s>(202) 224-3121</s>
    <s>TTY: (202)-225-1904</s>
    <s>House Operating Status</s>
    <s>Site Map</s>
    <s>Contact Webmaster</s>
    <s>Terms of Use</s>
    <s>Privacy Policy</s>
  </text>
</page>
