<?xml version="1.0" encoding="UTF-8"?>
<!DOCTYPE page SYSTEM "page.dtd">
<page>
  <lang>en</lang>
  <url>http://www.mpwi.org/events/conferences-meetings-association-and-corporate-events/</url>
  <title>Conferences, Meetings, Association and Corporate Events | Michael ...</title>
  <snippet>
    <s>MPWI produced the Opening Reception of BIO 2007 to welcome 3000 </s>
  </snippet>
  <text>
    <s>Conferences, Meetings, Association and Corporate Events</s>
    <s>Nonprofit Events</s>
    <s>Civic Events and Festivals</s>
    <s>Headline Entertainment</s>
    <s>MPWI Clients</s>
    <s>About MPWI</s>
    <s>Contact Us</s>
    <s>Conferences, Meetings, Association and Corporate Events</s>
    <s>Michael P. Wasserman, Inc. has the experience, expertise, and skills to fully support your efforts planning a meeting, conference, association or corporate event of any scale or size.</s>
    <s>We excel at:</s>
    <s>balancing budgets with expectations</s>
    <s>So we can:</s>
    <s>plan and execute events that exceed goals, reinforce organizational messaging,</s>
    <s>and entertain and impress guests.</s>
    <s>As your partner, MPWI will coordinate:</s>
    <s>venue selection and contracting</s>
    <s>food and beverage planning</s>
    <s>décor planning</s>
    <s>program content</s>
    <s>video production</s>
    <s>audiovisual staging</s>
    <s>program participant coordination including travel, housing, ground transportation</s>
    <s>speaker preparation</s>
    <s>speech support</s>
    <s>on-site management</s>
    <s>coordination of collateral materials</s>
    <s>sponsor benefit fulfillment</s>
    <s>volunteer coordination</s>
    <s>tour program logistics</s>
    <s>MPWI’s mission is to provide all of the services necessary to guarantee an effective, exciting, and stress-free program.</s>
    <s>Integrity… Creativity… Experience…</s>
    <s>PEAR Conference</s>
    <s>The Program in Education, Afterschool and Resiliency (PEAR) at McLean Hospital and Harvard University hosted its 6th annual leadership conference, “The Whole Child…The Whole Day”, at the Charles Hotel in Cambridge in the spring of 2008. The conference included a leadership panel, lunchtime discussion groups and ten breakout sessions.</s>
    <s>&quot;This was the 6th Annual PEAR Conference and the first planned and managed by the team at MPWI. The team was professional, flexible and demonstrated great attention to detail…The feedback from the attendees and speakers was glowing. We will definitely return to MPWI for future conference needs.&quot;</s>
    <s>Stacey Lucchino and Gil Noam, Co-Chairs, PEAR Conference</s>
    <s>Biotechnology Industry Organization (BIO) Opening Reception</s>
    <s>MPWI produced the Opening Reception of BIO 2007 to welcome 3,000 participants from around the world at Faneuil Hall Marketplace, one of Boston’s premier tourist attractions.  MPWI secured the right to close the Center Market Building to the public so that conference attendees had exclusive use of the full food court and upstairs event spaces.  Elaborate tents were used to create additional entertainment areas at the site.</s>
    <s>BIO VIP Party</s>
    <s>Bio invited a select group of leaders and sponsors to an elegant reception in the newly opened Institute for Contemporary Art in the city’s Seaport District.  The venue, the first new museum built in Boston in nearly one hundred years, provided the perfect backdrop for a group of prominent architects.  Music, superb food, extraordinary décor and state of the art visuals and technology assured the success of the evening.</s>
    <s>American Institute of Architects (AIA) Convention</s>
    <s>The American Institute of Architects (AIA) held its annual convention in Boston in 2008.  Working with the local host chapter, the Boston Society of Architects (BSA), MPWI coordinated more than 120 professional tours that were offered to attendees during the four-day convention.</s>
    <s>MPWI also produced two major events for conference attendees.</s>
    <s>Host Chapter Party</s>
    <s>Michael P. Wasserman Inc. produced a number of social events for conference attendees including the Host Chapter Party.  For this event MPWI secured the use of the historic McKim Building at the Boston Public Library for the Host Chapter Party for 2,500 guests from around the world. Honoring and complementing the rich architecture of the building, MPWI created an event that was vibrant, warm, exciting and intimate.  With delightful food offerings and a wide range of entertainment options throughout the building, guests enjoyed the perfect environment in which to network and celebrate.</s>
    <s>John Hancock Financial’s 2009 Pre-Inaugural Reception in Washington, D.C.</s>
    <s>MPWI was retained by JHF to plan and execute a Washington D.C. reception in honor of the 2009 Presidential Inauguration. Held at the historic Willard Hotel, the event was attended by more than 300 guests, including elected officials, corporate executives and nonprofit leaders.</s>
    <s>“In working with Michael for more than 10 years … I have such an incredible comfort level when Michael and his team are managing an event – and when I say team, we’re talking 2-3 people operating as if there are dozensMichael is a bridge-builder, connecting corporate, government and community to achieve whatever your goal may be. I’m always amazed at Michael’s creativity and imagination in planning, while ensuring our events have successful financial results as well.”</s>
    <s>Carol Fulp, Vice President, Community Relations and Sponsorship Marketing John Hancock Financial</s>
    <s>Featured Events</s>
    <s>PEAR Conference</s>
    <s>Biotechnology Industry Organization (BIO) Opening Reception</s>
    <s>BIO VIP Party</s>
    <s>American Institute of Architects (AIA) Convention</s>
    <s>John Hancock Financial’s 2009 Pre-Inaugural Reception in Washington, D.C.</s>
    <s>(C) 2011 Michael P. Wasserman, Inc..</s>
  </text>
</page>
