<?xml version="1.0" encoding="UTF-8"?>
<!DOCTYPE page SYSTEM "page.dtd">
<page>
  <lang>en</lang>
  <url>http://acid2011korea.org/q/acid_en/index_en1.php%3Fmid%3D6</url>
  <title>20Th ACID Korea &gt; 20th ACID &gt; Conference Theme</title>
  <snippet>
    <s>20th ACID. Committees; Theme; Speakers; Schedule; Study Tours 20th ACID Conference expresses succinctly this value that people have been seeking. </s>
  </snippet>
  <text>
    <s>Home | Korean | Login</s>
    <s>AFID President</s>
    <s>ACID Chairperson</s>
    <s>About AFID</s>
    <s>AFID Chronicle</s>
    <s>Permenant Sec.</s>
    <s>20th ACID</s>
    <s>Study Tours</s>
    <s>Call for Papers</s>
    <s>Online Submission</s>
    <s>Online Registration</s>
    <s>My Profiles</s>
    <s>Welcome Messages</s>
    <s>President Won Kyung Kim</s>
    <s>Chairman Yong Wook Kim</s>
    <s>About AFID</s>
    <s>History &amp; Chronicle</s>
    <s>Board Members</s>
    <s>Permanent Secretariat</s>
    <s>20th ACID Conference</s>
    <s>Organizing Committees</s>
    <s>Conference Theme</s>
    <s>Keynote Speakers</s>
    <s>Schedule At a Glance</s>
    <s>Study &amp; Cultural Tours</s>
    <s>Information on Study Tours</s>
    <s>Call for Papers</s>
    <s>Presentation Guidelines</s>
    <s>Online Abstract Submission</s>
    <s>Conference Registration</s>
    <s>Registration Information</s>
    <s>Online Registration</s>
    <s>Accommodation &amp; Tours</s>
    <s>Online Hotel reservation</s>
    <s>Tour Sites Information</s>
    <s>Getting to Jeju</s>
    <s>My Profiles</s>
    <s>Change &amp; Update</s>
    <s>People have been striving for freedom for a long time. The well known saying &quot;Give me liberty or give me death!&quot; expresses succinctly this value that people have been seeking. A dichotomous way of thinking prevailed in industrialized society where emphasis was placed on objectivity and the concrete. In such a society there was always a neglected class of people who were outside the social norms, outcasts, the inevitably marginalized.</s>
    <s>The structuralist way of thinking in the 1960s held for an inequality among the classes and said that class struggle would make social justice come true. As a result, productivity and unemployment decreased and the economy deteriorated. In this situation life for the suppressed and marginalized became worse. Under this paradigm people could not find true freedom. Social, economic, and cultural isolation was the lot of the oppressed. Equality and the guarantee of human rights were the focus in mass production and democracy. Our society developed into one where people could escape from social oppression and be assured of cultural equality. The social system improved so that individuals were esteemed and were able to realize their dreams. In this situation special education was able to develop a number of programs such as integrated education, main-streaming, IEPs, and diagnostic educational assessments. All of these were designed for children who were supposed to take part in special education. Today we live in an information age where individuality and the quality of life are central. Our concept of education, welfare, and social policy has changed. While every human being whose existence in history is very important, he or she is just part of the total environment. Individuals and groups are linked together as in a living organism.</s>
    <s>We should let each person pursue what is most meaningful for himself or herself and what the person finds meaningful rather than what he or she must get interested in. What is most important in the life of this person? This is what has to be encouraged. This is pursuing personal happiness. The goal we are pursuing is leading individuals to be happy. While modern industrial society adhered to the values of equality, freedom, and self-realization, including quantitative, institutional, and objective concepts, in the post-modern era there has been a change toward quality of life with focus on the individual and the subjective.</s>
    <s>Education, social welfare, and social policy must be centered around supporting the individual in his pursuit of happiness. We have to focus on what a person needs, on the most fitting environment for the person's survival, and on whether he wants something rather than the outcome of diagnostic assessments. We have to formulate education, social welfare, and social policy, keeping these facts in mind.</s>
    <s>Now is the time to pass on from freedom to the pursuit of happiness and to focus all our efforts on this</s>
    <s>%3Ca+href%3D%22..%2Facid en%2F%22%3E%3Cspan+class%3D%22Klocation%22%3EHOME%3C%2Fspan%3E%3C%2Fa%3E+%3E+%3Ca+href%3D%22..%2Facid en%2Findex en1.php%22+class%3D%22Klocation%22%3E%3Cspan+class%3D%22Klocation%22%3E20th+ACID%3C%2Fspan%3E%3C%2Fa%3E+%3E+%3Ca+href%3D%22..%2Facid en%2Findex en1.php%3Fmid%3D6%22%3E%3Cspan+class%3D%22Klocation%22%3EConference+Theme%3C%2Fspan%3E%3C%2Fa%3E</s>
  </text>
</page>
