<?xml version="1.0" encoding="UTF-8"?>
<!DOCTYPE page SYSTEM "page.dtd">
<page>
  <lang>en</lang>
  <url>http://www.aids2008.org/mainpage.aspx%3FpageId%3D174</url>
  <title>Abstracts - English</title>
  <snippet>
    <s>Abstract Categories and Cross-cutting Themes &middot; Track Committees Travel to Mexico City &middot; Organizing Partners me to the mailing list &middot; My conference profile </s>
  </snippet>
  <text>
    <s>English - Español</s>
    <s>SEARCH THIS SITE</s>
    <s>Advanced Search</s>
    <s>Conference Overview</s>
    <s>Conference Programme</s>
    <s>Abstract Guidelines</s>
    <s>Track Scope and Objectives</s>
    <s>Abstract Categories and Cross-cutting Themes</s>
    <s>Track Committees</s>
    <s>Abstract Mentor Programme</s>
    <s>Abstract FAQ</s>
    <s>Exhibitions, Satellites and Affiliated Events</s>
    <s>Conference Hubs</s>
    <s>Hotel Accommodation</s>
    <s>Optional Tours</s>
    <s>Travel to Mexico City</s>
    <s>Organizing Partners</s>
    <s>Sponsors and Supporters</s>
    <s>Virtual Media Center</s>
    <s>Add me to the mailing list</s>
    <s>My conference profile</s>
    <s>Download the abstract books</s>
    <s>The abstract books are now available online, download Vol.1 and Vol.2.</s>
    <s>Abstract Submission Guidelines</s>
    <s>Click here to read the abstract submission guidelines.</s>
    <s>Notification of acceptance or rejection of late breaker abstract submission will be emailed to authors during the second week of July.</s>
    <s>Important Dates</s>
    <s>1 November 2007</s>
    <s>Online abstract submission opens</s>
    <s>19 February 2008</s>
    <s>Abstract submission closes at midnight. Abstracts will not be accepted after this date (except for late breakers)</s>
    <s>20 May 2008</s>
    <s>Late breakers abstracts submission opens</s>
    <s>16 June 2008</s>
    <s>Late breakers abstracts submission closes</s>
    <s>Click here for a full list of key dates.</s>
    <s>Scientific Programme Vision</s>
    <s>The vision of the AIDS 2008 scientific program is to provide new, research-based evidence, and to synthesize already available evidence in order to inform and guide the global response to these challenges. This vision will guide the work of each of the five scientific tracks as they focus on three primary goals:</s>
    <s>1. to accelerate the scale up of HIV prevention and treatment services;</s>
    <s>2. to integrate the AIDS response into existing systems and health programs; and</s>
    <s>3. to ensure the long term sustainability of the response.</s>
    <s>Click here to read more.</s>
    <s>Contact details</s>
    <s>Abstract Team</s>
    <s>AIDS 2008 Abstract Team</s>
    <s>c/o pharma service</s>
    <s>Tel: +49 511 549 0044</s>
    <s>Contact Us</s>
    <s>Site map</s>
    <s>Copyright Notice © IAS</s>
  </text>
</page>
