<?xml version="1.0" encoding="UTF-8"?>
<!DOCTYPE page SYSTEM "page.dtd">
<page>
  <lang>en</lang>
  <url>http://www.fastoffice.com/choose_office_furniture.php</url>
  <title>Select office cubicles and modular furniture systems, Desks ...</title>
  <snippet>
    <s>Office Chairs, Office Furniture and Office Desks Office Desks, Cubicles and Workstations Cubicles &amp; Workstations, Conference Room Furniture, Reception and </s>
  </snippet>
  <text>
    <s>Call for a free quote:</s>
    <s>!Call FastOffice for a Free Quote on Furnishing your Office 866-546-5089</s>
    <s>Office Chairs |</s>
    <s>Office Desks |</s>
    <s>Cubicles / Workstations |</s>
    <s>Conference Tables |</s>
    <s>Reception Desks |</s>
    <s>About Us |</s>
    <s>Contact Us</s>
    <s>!Browse Our Catalog</s>
    <s>!Select Your Office Furniture Products</s>
    <s>!Review your Office Furniture Quote</s>
    <s>!Finish Your Office Furniture Quote</s>
    <s>Let's get startedIt's easy.</s>
    <s>Click on a category below and start building your ideal office.</s>
    <s>OFFICE CHAIRS</s>
    <s>What should I consider when selecting an office chair?</s>
    <s>A basic rule of ergonomics is that there is no such thing as an &quot;average&quot; person. However, providing seating specifically designed for each individual is not practical. The only solution is to provide workers with fully adjustable seating that can accommodate a maximum range of people (typically around 90 percent of the population; workers falling in the ranges of 5% of the shortest and the tallest will need custom-made chairs). The culture of the workplace also demanded that a distinct difference exist between the seating that the employees used and that of the chief executive. When swivel chairs were widely used, the executive sat in a straight-backed chair with no mobility to demonstrate his status. As design of the office chair eliminated the arms and added cushioned seats, the executive chair became a large, upholstered seating with closed arms and wide, luxurious seats.</s>
    <s>OFFICE DESKS</s>
    <s>Which Office Desk?</s>
    <s>Office desks that work with your individual space and fit your budget are not always easy to find. At Fast Office, we offer you executive office desks in addition to a wide variety of other business place furnishings, including leather chairs, reception desks and conference tables - all at our value price point that will meet your budget needs.</s>
    <s>Our office desks come in a variety of beautiful woods like Cherry, Dark Cherry, Mahogany and Maple. We also offer laminate or veneers finishes.</s>
    <s>Out of all the contemporary office furniture we carry, our variety of office desks may be one of the main reasons for this segment's popularity. We offer both modern and traditional designs and a wide variety of sizes and configurations. In addition to our office desks, Fast Office also offers a great collection of high-quality office chairs for every requirement. We also have a great selection of modular office furniture.</s>
    <s>CUBICLES / WORKSTATIONS</s>
    <s>What is the most important part about having a good workstation?</s>
    <s>The office cubicle should let the worker sit and carry out their duties in comfort while allowing for voluntary changes in the working position.</s>
    <s>There are three contact areas in the work space that affect the worker's posture: the seat, the work surface (commonly it is a desk top or keyboard) and the floor. To ensure the most comfortable posture possible, two of these factors have to be adjustable.</s>
    <s>If you can afford to do nothing else, a fully adjustable chair is the undisputable &quot;must&quot;. The other, and perhaps the most preferable option, would be a fully adjustable desk. However the price of such a desk may not make this option practical. Another effective (and cheaper) option is to use an adjustable chair and footrest to secure postural comfort.</s>
    <s>DiVi Cubicles are still a hot seller in the market. Many companies have stepped in and taken the lead from the original designers of office cubicles. Prices have come down dramatically. In addition to DiVi, we have Matrix office cubicles. Make a positive impact on todays workplace.</s>
    <s>CONFERENCE TABLES</s>
    <s>Conference Tables In Stock at Fast Office</s>
    <s>Large conference tables are often meant to impress, and we find one of the best ways to do that is to use a combination of rare and beautiful woods. Our conference tables are made from cherry, mahogany, maple and many other exotic grain woods. We provide many shapes and sizes, including race track, boat, rectangular, and round conference tables. Our conference table bases are unique and functional - they feature access doors in each pedestal and a wire management trough that runs the entire length of the conference table. Because of the nature of wood, no two conference tables are alike. Each table is unique and one of a kind. We provide race track, boat shape, rectangular shaped conference tables from 8 to 30 long. Round tables are available from 42 to 60 round. Whatever your needs for the conference room, we can provide the solution. From small meeting rooms to large boardrooms, this impressive variety of shapes, sizes and colors will enhance any office dr. From the boardroom to the work room, we offer many affordable, practical conference table solutions. We offer factory direct pricing on conference tables and training tablesNo middle man or unnecessary mark-up. So, whether you are a start up or a well established companyyour business is top priority at Fast Office.</s>
    <s>How long of a conference table can fit in our room?</s>
    <s>A good rule is to allow 4 feet circulation around any edge of the conference room table. Tables that are 12 feet long x 4 feet wide would require a room size of 20 feet long x 12 feet wide. A 60 round table would require a room size of 13 feet x 13 feet. Please remember to allow room for a credenza or buffet if your room allows. We offer packages to complete your conference suite in the Office Star OFP series. Did You Know? We offer conference room packages. Packages can come equipped with your choice of table, the appropriate amount of conference chairs, matching credenzas and a matching visual board.</s>
    <s>RECEPTION DESKS</s>
    <s>Reception desks are the first thing visitors see upon entering your office.</s>
    <s>First impressions are important and the right reception desk can present the image you're looking for. To go along with your reception desk, it is very important to think about your corporate image, and how to best reflect it through the proper use of space design, colors, finishes, and furniture. Our selection of receptions desks is sure to have what you need to make an impression. At Fast Office, we help you design a lobby or reception area that truly reflects your corporate personality. You may choose from a variety of sizes, shapes, and finishes for your reception room furniture. Our reception area furniture collections are sure to meet the needs of any sophisticated client. The reception desk furniture come with single or L-shaped returns to fit any space. The reception counters are semi-custom desks, which come equipped with transactional work surfaces, glass tops, and a set of drawers. When selecting your reception office furniture, be sure to consider your corporate colors, the other furniture you have throughout your office, and how it will all flow together. To complement the lobby furniture desks, you have many choices of lobby chairs, small tables, and a wide variety to carpet choices. Reception area furniture has to stand up to the test of time and daily use, and look beautiful as long as possible. You only have ONE chance to make a first impression make it a good oneIf you're unsure, our sales staff will help you choose the right reception office furniture to fit your companys corporate culture as well as your budget.</s>
    <s>Copyright 2007 - 2011 Fast Office Inc. All Rights Reserved. Office Furniture Supplier and Office Furniture Leasing. Privacy Policy. Website Design by Brata Web Media Inc.</s>
  </text>
</page>
