<?xml version="1.0" encoding="UTF-8"?>
<!DOCTYPE page SYSTEM "page.dtd">
<page>
  <lang>en</lang>
  <url>http://www.linkedin.com/pub/dir/Allison/Shaffer</url>
  <title>Allison Shaffer profiles | LinkedIn</title>
  <snippet>
    <s>11/10; Online presenter, DM Summit; topic: &quot;Email Deliverability.&quot; • 11/10; Live presenter, Sales 2.0 Conference; topic: &quot;Effectively Leverage Sales Intelligence. </s>
  </snippet>
  <text>
    <s>What is LinkedIn?</s>
    <s>Join Today</s>
    <s>Sign In</s>
    <s>Name Search</s>
    <s>1. First name</s>
    <s>2. Last name</s>
    <s>Allison Shaffer</s>
    <s>12 of 12 profiles</s>
    <s>1.View Full Profile</s>
    <s>Alison Shaffer</s>
    <s>Group Manager, Marketing Operations &amp; Analytics at Cisco WebEx</s>
    <s>Demographic info</s>
    <s>San Francisco Bay Area | Marketing and Advertising</s>
    <s>Group Manager, Marketing Operations and Analytics at Cisco WebEx</s>
    <s>Senior Customer Relationship Manager YahooPersonals at Yahoo, Inc, Senior Privacy Manager at Intuit, Senior Database Marketing Manager at Intuit, Direct Marketing Manager at Intuit, Database and Catalog Marketing Manager at Hallmark Cards, Inc, Marketing Manager at Mayco Colors, Inc</s>
    <s>Northwestern University, Ohio University</s>
    <s>PROFESSIONAL SUMMARY &amp; SKILLS: • Winner of 2010 Direct Marketing Educational Foundation (DMEF), Rising Stars Award • Accomplished, data-driven marketer, with 17 years of experience leading and motivating teams to develop successful customer relationship management strategies. • Proven ability to combine a customer-focused perspective with strategic vision and tactical expertise. • Results oriented with broad experience in Direct Marketing/CRM to global customer base. • Collaborative team leader; Experience managing cross functional teams, direct reports, vendors and consultants • Skilled project manager; Broad training in process excellence, Six Sigma and DOE; Black Belt Certified • Analytical thinker; practiced ability combining qualitative and quantitative approaches to data analysis • Excellent communicator; Extensive experience in negotiation and consensus building • Expert privacy and compliance advocate; Comprehensive background in risk assessment and management Professional speaking engagements: • 8/11; Live panel participant, Genius.com Customer user Conference • 3/11; Live presenter, Sales 2.0 conference; topic: Driving Revenue Thru Prospect Mgmnt • 3/11; Live panel participant, Sales 2.0 conference; topic: Best Practices Sales 2.0 • 2/11 Live presenter, IDC Sales Conference; topic: &quot;Customer Intelligence to Enable Sales.&quot; • 11/10; Online presenter, DM Summit; topic: &quot;Email Deliverability.&quot; • 11/10; Live presenter, Sales 2.0 Conference; topic: &quot;Effectively Leverage Sales Intelligence.&quot; • 8/10: Live presenter, CMAG; topic: &quot;Increasing Data Usability&quot; • 5/10: Online presenter, DM News, topic: &quot;Email Acquisition and Deliverability&quot; • 1/10: Online presenter, Worldata DM Summit, topic: &quot;Increasing Data Usability&quot; • 2/08: Live presenter, Email Evolution Conference, topic: &quot;Compliance and Trust&quot; • 5/ 07: Live presenter, SVAMA , topic: &quot;Customer Engagement &quot;</s>
    <s>2.View Full Profile</s>
    <s>Alison Teitelbaum</s>
    <s>Associate at The Cadmus Group</s>
    <s>Demographic info</s>
    <s>Washington D.C. Metro Area | Public Relations and Communications</s>
    <s>Associate at The Cadmus Group</s>
    <s>Social Marketing Manager at Interstitial Cystitis Association, Program Manager--Center for Injury Prevention and Control at George Washington University, Program Coordinator at National Kidney Foundation</s>
    <s>The George Washington University, Radford University, Virginia Polytechnic Institute and State University, University of Plymouth</s>
    <s>3.View Full Profile</s>
    <s>Allison Shaffer</s>
    <s>Online Programs Administrator at Management Concepts</s>
    <s>Demographic info</s>
    <s>Washington D.C. Metro Area | E-Learning</s>
    <s>Online Programs Administrator at Management Concepts</s>
    <s>Expert Intern at XM Satellite Radio, Administrative Assistant at BBN Technologies, Barista at Starbucks Coffee Company, Human Resource Administrator at Keane , Inc., Human Resource Administrator at Keane Federal Systems, Inc., Temp at Randstad</s>
    <s>George Mason University, Northern Virginia Community College, University of Colorado at Boulder</s>
    <s>A wide variety of administrative experience. My goal is to move into a more technical role.</s>
    <s>4.View Full Profile</s>
    <s>Allison Shaffer</s>
    <s>Realty Specialist/Solar Energy Project Manager at Department of the Interior, Bureau of Land Management</s>
    <s>Demographic info</s>
    <s>Greater Los Angeles Area | Government Administration</s>
    <s>Realty Specialist/Solar Energy Project Manager at U.S. Department of the Interior, Bureau of Land Management</s>
    <s>Outreach Specialist at U.S. Department of the Interior, Bureau of Land Management, Student Career Experience Program (SCEP) Intern at U.S. Department of the Interior, Bureau of Land Management</s>
    <s>James Madison University</s>
    <s>5.View Full Profile</s>
    <s>Alison Shaffer</s>
    <s>Director of Revenue at LaPlaya Beach and Golf Resort</s>
    <s>Demographic info</s>
    <s>Naples, Florida Area | Hospitality</s>
    <s>Director of Revenue at LaPlaya Beach and Golf Resort, Director of Revenue at Noble House Hotels &amp; Resorts</s>
    <s>Assoc. Director of Revenue at Kimpton Seattle</s>
    <s>6.View Full Profile</s>
    <s>Allison Shaffer</s>
    <s>Learning and Development Trainer at Federated Insurance</s>
    <s>Demographic info</s>
    <s>Rochester, Minnesota Area | Insurance</s>
    <s>Learning and Development Trainer at Federated Insurance</s>
    <s>Grove City College</s>
    <s>7.View Full Profile</s>
    <s>Alison Shaffer</s>
    <s>Fiscal assistant at City of Kingsport</s>
    <s>Demographic info</s>
    <s>Johnson City, Tennessee Area | Government Administration</s>
    <s>Fiscal assistant at City of Kingsport</s>
    <s>Insurance Agent at Heritage Insurance Group, Circulation at Kingsport Publishing Corporation</s>
    <s>Gate City High School</s>
    <s>8.View Full Profile</s>
    <s>Allison Shaffer</s>
    <s>Certified Nursing Assistant at Atlas Home Health Inc.</s>
    <s>Demographic info</s>
    <s>Greater Denver Area | Hospital &amp; Health Care</s>
    <s>Certified Nursing Assistant at Atlas Home Health Inc.</s>
    <s>9.View Full Profile</s>
    <s>Allison Shaffer</s>
    <s>Realty Specialist at Bureau of Land Management</s>
    <s>Demographic info</s>
    <s>Greater Los Angeles Area | Government Administration</s>
    <s>Realty Specialist at Bureau of Land Management</s>
    <s>James Madison University</s>
    <s>10.View Full Profile</s>
    <s>Alison Shaffer</s>
    <s>Hospitality Professional</s>
    <s>Demographic info</s>
    <s>Sarasota, Florida Area | Hospitality</s>
    <s>Associate Revenue Manager at Hotel Monaco</s>
    <s>Associate Revenue Manager at Kimpton Hotels</s>
    <s>11.View Full Profile</s>
    <s>allison shaffer</s>
    <s>Independent Design Professional</s>
    <s>Demographic info</s>
    <s>Greater Philadelphia Area | Design</s>
    <s>visual manager at restoration hardware</s>
    <s>12.View Full Profile</s>
    <s>Alison Shaffer</s>
    <s>Manager at Ernst &amp; Young</s>
    <s>Demographic info</s>
    <s>Greater Boston Area | Financial Services</s>
    <s>Manager at Ernst &amp; Young</s>
    <s>Showing 12 of 12 profiles</s>
    <s>Related Names</s>
    <s>Shaffer (Last Name)</s>
    <s>Allison (First Name)</s>
    <s>Allison Shaffer and 120M+ professionals are on LinkedIn. Join to contact and view their full profiles now.</s>
    <s>Join Now *</s>
    <s>Are you Allison Shaffer ? Get a Profile.</s>
    <s>United States (12)</s>
    <s>Greater Los Angeles Area (2)</s>
    <s>Washington D.C. Metro Area (2)</s>
    <s>Greater Denver Area (1)</s>
    <s>Johnson City, Tennessee Area (1)</s>
    <s>More Refinements</s>
    <s>To refine by Industry, Company, Relationship, School and more, Join Now or Sign in</s>
    <s>Become a LinkedIn Member</s>
    <s>Sign Up</s>
    <s>1. First Name</s>
    <s>2. Last Name</s>
    <s>3. Email</s>
    <s>4. Password</s>
    <s>6 or more characters</s>
    <s>Already on LinkedIn? Sign in</s>
    <s>/&lt;!CDATA[ */ var google keywords = null, google ad client = 'pub-2283433109277150', google ad width = 160, google ad height = 600, google ad format = '160x600 as'; var dbl src = &quot;http://ad.doubleclick.net/adj/linkedin.dart/&quot; + dbl page + &quot;;;lang=en;tile=1;dcopt=ist;sz=160x600;&quot; + encodeURIComponent('extra=null') + &quot;;ord=&quot; + Math.random()10000000000000000 +&quot;?&quot;; document.write('&lt;script src=&quot;' + dbl src + '&quot; type=&quot;text/javascript&quot;&gt;&lt;\/script&gt;'); /]&gt; */</s>
    <s>/&lt;!CDATA[ */ (function() { function readCookie(name) { var nameEQ = name + &quot;=&quot;; var ca = document.cookie.split(';'); for(var i = 0; i &lt; ca.length; i++) { var c = ca[i; while (c.charAt(0)==' ') c = c.substring(1,c.length); if (c.indexOf(nameEQ) == 0) return c.substring(nameEQ.length,c.length); } return null; } if (typeof(XMLHttpRequest) === &quot;undefined&quot;) { XMLHttpRequest = function() { try { return new ActiveXObject(&quot;Msxml2.XMLHTTP.6.0&quot;); } catch(e) {} try { return new ActiveXObject(&quot;Msxml2.XMLHTTP.3.0&quot;); } catch(e) {} try { return new ActiveXObject(&quot;Msxml2.XMLHTTP&quot;); } catch(e) {} try { return new ActiveXObject(&quot;Microsoft.XMLHTTP&quot;); } catch(e) {} throw new Error(&quot;This browser does not support XMLHttpRequest.&quot;); }; } var req = new XMLHttpRequest(), bcookie = escape(readCookie(&quot;bcookie&quot;)), newTrkInfo = 'Allison,Shaffer', alias secure = 'https://www.linkedin.com/analytics/noauthtracker?type=leo%2EpageTracking&amp;pageType=full page&amp;pageKey=public directory jsbeacon&amp;trackingInfo=REPLACEME', alias normal = '/analytics/noauthtracker?type=leo%2EpageTracking&amp;pageType=full page&amp;pageKey=public directory jsbeacon&amp;trackingInfo=REPLACEME', is secure = false, url = (is secure) ? alias secure : alias normal; url = url.replace(&quot;REPLACEME&quot;, newTrkInfo); if (bcookie) { req.open('get', url); req.send(null); } })(); /]]&gt; */COMSCORE.beacon({ c1:2, c2:6402952, c3:&quot;&quot;, c4:&quot;&quot;, c5:&quot;&quot;, c6:&quot;&quot;, c15:&quot;&quot; }); (function () { var d = new Image(1, 1); d.onerror = d.onload = function () { d.onerror = d.onload = null; }; d.src = &quot;http://secure-us.imrworldwide.com/cgi-bin/m?ci=us-603751h&amp;cg=0&amp;cc=1&amp;si=&quot;, escape(window.location.href), &quot;&amp;rp=&quot;, escape(document.referrer), &quot;&amp;ts=compact&amp;rnd=&quot;, (new Date()).getTime() .join(''); })();</s>
  </text>
</page>
