<?xml version="1.0" encoding="UTF-8"?>
<!DOCTYPE page SYSTEM "page.dtd">
<page>
  <lang>en</lang>
  <url>http://www.seehuhn.de/pages/poster</url>
  <title>Creating a Poster with TeX</title>
  <snippet>
    <s>Aug 31, 2011 How to create a conference poster using LaTeX and dvips. Use dvips to convert this file to a PostScript file describing one big page. </s>
  </snippet>
  <text>
    <s>] ] ]</s>
    <s>: Software</s>
    <s>: Hardware</s>
    <s>: VServer</s>
    <s>: Dates</s>
    <s>: ALSA</s>
    <s>: Bootlog</s>
    <s>: LAPACK</s>
    <s>: Matrixfn</s>
    <s>: Poster</s>
    <s>: HTML5</s>
    <s>Creating a Poster with TeX</s>
    <s>Jochen Voss (last update: 2011-08-31)</s>
    <s>This page contains some hints which may help to create a conference poster using LaTeX. The method described here is good if you want to do everything manually in order to have full control. If, instead, you just want to just get a usable result without spending too much effort, you probably will be better served by using one of the existing solutions like a0poster or sciposter.</s>
    <s>Setting the Page Size</s>
    <s>Setting the Font Size</s>
    <s>Using Scalable Fonts</s>
    <s>Using the Standard TeX Fonts</s>
    <s>Matching Font Size and Layout</s>
    <s>Global Layout via PostScript</s>
    <s>Background Colour</s>
    <s>The method described on this page takes the following approach:</s>
    <s>Use LaTeX to create a DVI file.</s>
    <s>Use dvips to convert this file to a PostScript file describing one big page. This PostScript file can then be split into smaller pages and/or converted to other formats (e.g. PDF) as needed.</s>
    <s>Embedded PostScript commands in the DVI file are used to control the overall page layout and to add decorative elements which extend over large areas of the page. LaTeX is used to add text and formulas to regions of the page.</s>
    <s>Warning. Do not try to run TeX files using PostScript special commands through pdflatex. All PostScript code will be ignored and the result will not be useful. Instead, use latex and dvips and later convert the result if required.</s>
    <s>A word about units. I wrote this text when producing a poster for a conference in the USA. The given constraints were that the poster board was 3 foot heigh and 4 foot wide and that I only could print on pages which were 11 inch heigh and 8.5 inch wide. Partially caused by this, I sometimes use strange units on this page:</s>
    <s>One inch is 2.54cm. The abbreviation is 1in or 1″. In TeX units this is `1in`.</s>
    <s>One foot is 12″ or 30.48cm. The abbreviation is 1ft or 1′.</s>
    <s>One PostScript point (the unit of length in the initial PostScript coordinate system) is 1/72 inches. In TeX units this is `1bp`.</s>
    <s>One typographical point is 1/72.27 inches. In TeX units this is `1pt`.</s>
    <s>Setting the Page Size</s>
    <s>Two steps are required to set the page size manually: Firstly, one needs to set the page size inside TeX by setting the `\paperwidth` and `\paperheight` parameters, and second one needs to set the page size in PostScript using the `\special{papersize= }` TeX command. Additionally you might want to set various TeX/LaTeX parameters affecting the layout.</s>
    <s>When setting the page dimensions, one must consider TeX's default margins of 1″. By setting `\textwidth` and `\textheight` to values which are 2″ smaller than the physical pagesize, we get a 1″ margin around the page. Example 1 below shows a minimal LaTeX file for a 3ft×4ft poster.</s>
    <s>\hbox to\textwidth{top left \hss top right}</s>
    <s>\hbox to\textwidth{bottom left \hss bottom right}</s>
    <s>Example 1. A minimal LaTeX file to set up a 4ft×3ft page with a 1″ outer margin.</s>
    <s>Alternatively one can set `\hoffset=-1in` and `\voffset=-1in` to use the whole area of the page (the printer permitting). Example 2 shows how this can be used to create a black margin which extends all the way to the edge of the paper.</s>
    <s>\hrule height1in</s>
    <s>\hbox to\hsize{\vrule height34in width1in</s>
    <s>\vrule width 1in}</s>
    <s>\hrule height1in</s>
    <s>Example 2. A LaTeX file to generate 4ft×3ft page with an ugly, solid black 1″ margin.</s>
    <s>Setting the Font Size</s>
    <s>This section discusses how to get LaTeX to generate text with a font size big enough for use on a poster. General information about font selection in LaTeX can be found in the LaTeX font guide.</s>
    <s>The standard TeX fonts come in a variety of sizes but the normally provided sizes are too small for use on a poster: the biggest available `cmr` font is 24pt in the `OT1` encoding and 36pt in the `T1` encoding. These sizes might be a good choice for paragraphs of text on a poster, but bigger fonts are needed for titles etc.</s>
    <s>Using Scalable Fonts</s>
    <s>There are several ways to create text in font sizes big enough for a poster. The easiest method is to use a scalable font, e.g. one of the standard PostScript fonts, which allows to set text in arbitrary sizes. You can find a list of free math fonts, including the PostScript fonts, in Stephen G. Hartke's excellent Free Math Font Survey. In example 3 below I use the txfonts package to set text in a 72pt font.</s>
    <s>\noindent This text is very big.</s>
    <s>Example 3. Using the `txfonts` package to set text in a 72pt Times font with 90pt baseline distance.</s>
    <s>Using the Standard TeX Fonts</s>
    <s>An alternative approach to get big fonts is to generate the standard TeX `cm` fonts in non-standard sizes. This can be done using the `\DeclareFontShape` command as explained in the LaTeX font guide. The code in Example 4 below shows how this is done in a very simple case, namely when just setting text using only one font in one size. For real applications where different font sizes and maybe mathematical formulas are involved, you need several more declarations like the on in the example, and it might be easier to use one of the existing style files like a0size.sty from the a0poster package.</s>
    <s>\noindent This text is very big.</s>
    <s>Example 4. Using the standard TeX `cmr` font at 72pt with 90pt baseline distance.</s>
    <s>Matching Font Size and Layout</s>
    <s>In order to get a nice layout, it is important to adjust the LaTeX parameters determining the layout of text to the choosen font size. This affects the usual LaTeX parameters for setting margins, font sizes, distances between paragraphs of text, etc. Example 5 illustrates how this can be done.</s>
    <s>\setlength\abovedisplayskip{25pt plus 6pt minus 15pt}</s>
    <s>\setlength\abovedisplayshortskip{0pt plus 6pt}</s>
    <s>\setlength\belowdisplayshortskip{13pt plus 7pt minus 6pt}</s>
    <s>Example 5. Adjusting the layout for use with big fonts.</s>
    <s>Global Layout via PostScript</s>
    <s>A poster typically will have some light background color or shade and maybe a colored band near the top to highlight the title. Here we use raw PostScript commands to put these decorations on the page. If you don't know how to write PostScript code, you can find many tutorials on the web and you can look up all the technical details in Adobe's PostScript Language Reference (PDF, 7.4MB). To inject the PostScript code into the output file, we use TeX's `\special{}` command as described in the Literal PostScript section of the dvips manual.</s>
    <s>Background Colour</s>
    <s>In order to put decorations on the whole page, we need to make the PostScript output independent of TeX's current writing position. There are several ways to achieve this.</s>
    <s>We can put the code in the `bop-hook` as described in the PostScript hooks section of the dvips manual. This code is then excecuted before any of the TeX-generated content is added to the page and it uses PostScript units and the PostScript default coordinate system, i.e. the coordinate origin is at the lower left corner of the page and 72 units equal 1″ on the paper. For example, on a 3ft×4ft poster, the following commands can be used to add a light blue band to the top (3″ high) and a darker blue band to the bottom of the page (1″ high).</s>
    <s>\special{!userdict begin /bop-hook{gsave</s>
    <s>72 72 scale</s>
    <s>0.5 0.5 1.0 setrgbcolor</s>
    <s>0 0 48 1 rectfill</s>
    <s>0.8 0.8 1.0 setrgbcolor</s>
    <s>0 33 48 3 rectfill</s>
    <s>grestore}def end}</s>
    <s>We can insert PostScript code directly. This code uses the TeX page origin as the origin and it has resolution dependent coordinate units. Marks created on the page by this code will overwrite earlier TeX output. By default the origin is 1″ down and 1″ right from the top left corner of the page and y-coordinates are increasing downwards. In order to get back to page relative coordinates we have to shift and scale the output:</s>
    <s>Resolution dup scale -1 35 translate 1 -1 scale</s>
    <s>0.5 0.5 1.0 setrgbcolor</s>
    <s>0 0 48 1 rectfill</s>
    <s>0.8 0.8 1.0 setrgbcolor</s>
    <s>0 33 48 3 rectfill</s>
    <s>Another use of PostScript for our poster will be, to arrange blocks of LaTeX-generated text on the page. This can be done by shifting the coordinate origin as above and then inserting the LaTeX code before the final `grestore`:</s>
    <s>-1 Resolution mul -1 Resolution mul translate</s>
    <s>x Resolution mul y Resolution mul translate</s>
    <s>This text is shifted.</s>
    <s>There are several issues to consider in this approach:</s>
    <s>We cannot use `scale` as in the code sniplets above, since this would affect the size of the LaTeX output.</s>
    <s>The PostScript code generated by dvips for the `This text is shifted` above includes commands to move the PostScript point to the position where TeX intends the text to be. Since TeX does not know about our change of coordinates on PostScript level, this shift ends up to be relative to the location where we wanted the text to appear.</s>
    <s>The easiest solution to this problem is to never let the TeX writing position move from the initial position. This can be done by adding all LaTeX text inside carefully wrapped boxes. The macro `shifted` in example 6 shows how this can be done.</s>
    <s>-1 Resolution mul -1 Resolution mul translate</s>
    <s>1 Resolution mul 2 Resolution mul translate</s>
    <s>\hbox to 0pt{\vbox to0pt{3\vss}\hss}%</s>
    <s>\def\square1{\vbox to4in{\hsize4in\noindent\ignorespaces</s>
    <s>We can insert PostScript code directly. This code uses the TeX page</s>
    <s>origin as the origin and has resolution dependent coordinate units.</s>
    <s>Marks created on the page by this code will overwrite earlier \TeX\</s>
    <s>output. By default the origin is $1''$ down and $1''$ right</s>
    <s>from the top left corner of the page.</s>
    <s>\special{ps:gsave Resolution dup scale -1 -1 translate</s>
    <s>9 9 moveto 39 27 lineto 1 setlinewidth stroke</s>
    <s>Example 6. This LaTeX file illustrates how embedded PostScript code can be used to control the global layout of a page. The output of this code consists of a 4ft×3ft page containing two squares of text (side length 4″) which are connected by a thick black line. Figure 1 below shows a preview of the result.</s>
    <s>Figure 1. A scaled down preview of the output resulting from the code in example 6. The full page is 4ft wide and 3ft hight.</s>
    <s>There are several ready made LaTeX packages to produce posters, e.g. a0poster and sciposter.</s>
    <s>Adobe offers several excellent manuals and specifications on its developers' page, in particular the PostScript Language Reference.</s>
    <s>the dvips manual</s>
    <s>The LaTeX font guide has a lot of information about LaTeX font selection.</s>
    <s>Stephen G. Hartke's Free Math Font Survey lists many different fonts to typeset mathematics. In the examples on this page I use the txfonts package.</s>
    <s>Copyright (C) 2011, Jochen Voss. All content on this website (including text, pictures, and any other original works), unless otherwise noted, is licensed under a Creative Commons Attribution-Share Alike 3.0 License. Last update: 2011-08-31.</s>
  </text>
</page>
