<?xml version="1.0" encoding="UTF-8"?>
<!DOCTYPE page SYSTEM "page.dtd">
<page>
  <lang>en</lang>
  <url>http://www.history.ac.uk/events/event/2783</url>
  <title>European Social Science History Conference 2012 - Material and ...</title>
  <snippet>
    <s>Information about the European Social Science and History Conference can be It welcomes papers and sessions on any topic and any historical period. In this event the organisers will try to reach a viable compromise with the proposer. </s>
  </snippet>
  <text>
    <s>Skip to Main Content Area</s>
    <s>About us</s>
    <s>Support us</s>
    <s>IHR seminars</s>
    <s>IHR diary</s>
    <s>IHR events</s>
    <s>IHR @ 90</s>
    <s>Event listings</s>
    <s>Event deadlines</s>
    <s>Browse by category</s>
    <s>Historical Research</s>
    <s>Reviews in History</s>
    <s>IHR magazine</s>
    <s>Guides for historians</s>
    <s>Fasti Ecclesiae Anglicanae</s>
    <s>IHR conference series</s>
    <s>IHR Digital</s>
    <s>Current projects</s>
    <s>Completed projects</s>
    <s>Current projects</s>
    <s>Completed projects</s>
    <s>Centre for Metropolitan History</s>
    <s>Victoria County History</s>
    <s>Research training</s>
    <s>Historical archives</s>
    <s>Digital research skills</s>
    <s>Language and palaeography</s>
    <s>Historical skills</s>
    <s>Course fees</s>
    <s>Senior fellowships</s>
    <s>Junior fellowships</s>
    <s>Prizes and bursaries</s>
    <s>Why study at the IHR?</s>
    <s>What can I study?</s>
    <s>How do I apply?</s>
    <s>SAS studentships</s>
    <s>Current students</s>
    <s>University of London History syllabus</s>
    <s>History Lab</s>
    <s>About the IHR library</s>
    <s>Collection details</s>
    <s>Collection locations</s>
    <s>Microform collections</s>
    <s>Electronic resources</s>
    <s>Using the Library</s>
    <s>Services and Facilities</s>
    <s>Location and Opening Times</s>
    <s>Contact us</s>
    <s>IHR seminars</s>
    <s>IHR diary</s>
    <s>IHR events</s>
    <s>IHR @ 90</s>
    <s>Event listings</s>
    <s>Event deadlines</s>
    <s>Browse by category</s>
    <s>Historical news</s>
    <s>IHR news</s>
    <s>Press releases</s>
    <s>Jobs and studentships</s>
    <s>Events archive</s>
    <s>- Choose -October 2011 (16)September 2011 (66)August 2011 (13)July 2011 (51)June 2011 (83)May 2011 (59)April 2011 (43)March 2011 (45)February 2011 (39)January 2011 (21)December 2010 (20)November 2010 (49)October 2010 (45)September 2010 (57)August 2010 (6)July 2010 (42)June 2010 (55)May 2010 (37)April 2010 (34)March 2010 (47)February 2010 (19)January 2010 (12)December 2009 (12)November 2009 (16)October 2009 (19)September 2009 (34)August 2009 (3)July 2009 (35)June 2009 (48)May 2009 (26)April 2009 (18)March 2009 (10)February 2009 (1)October 2008 (1)October 2007 (1)September 2007 (1)November 2006 (1)March 2006 (1)October 2005 (1)July 2004 (1)October 2003 (1)June 2003 (1)November 2002 (1)April 2000 (2)October 1988 (1)</s>
    <s>Submit event/CFP</s>
    <s>Submit news story</s>
    <s>Submit job ad</s>
    <s>Contact us</s>
    <s>Home » Events</s>
    <s>European Social Science History Conference 2012 - Material and Consumer Culture Network</s>
    <s>Event type:</s>
    <s>11 April 2012 - 14 April 2012</s>
    <s>The ESSHC 2012 will take place in Glasgow, Scotland, UK</s>
    <s>Information about the European Social Science and History Conference can be found at: http://www.iisg.nl/esshc/</s>
    <s>The conference</s>
    <s>The ESSHC aims to bring together scholars interested in explaining historical phenomena using the methods of the social sciences. The conference is characterized by a lively exchange in many small groups, rather than by formal plenary sessions. The conference is organized in a large number of networks which cover a variety of topics. It welcomes papers and sessions on any topic and any historical period.</s>
    <s>The European Social Science History Conference is organized by the International Institute of Social History (IISH), an institute of the Royal Netherlands Academy of Arts &amp; Sciences. Information on the IISH is available from its website at www.iisg.nl. At the IISH Els Hiemstra is responsible for the ESSHC.</s>
    <s>ESSHC Network Material and Consumer Culture</s>
    <s>The Material and Consumer Culture Network was established as a seperate conference network at the 7th ESSHC in Lisbon 2008. At that time there was a growing number of papers submitted to the conference that were dealing with topics like design history, consumerism, museology and material culture. Papers dealing with these topics also tended to transcend the traditional fields of economic, social and cultural history which made it difficult to assign them to one of the existing networks. As a result, the Material and Consumer Culture Network was established to provide a platform at the ESSHC for historians and social scientists working in these fields.</s>
    <s>Harm Nijboer &amp; Karin Dannehl</s>
    <s>Event Location:</s>
    <s>United Kingdom</s>
    <s>Call for Papers details</s>
    <s>Call for papers deadline:</s>
    <s>1 May 2011</s>
    <s>The aim of the ESSHC is bringing together scholars interested in explaining historical phenomena using the methods of the social sciences. The conference is characterized by a lively exchange in many small groups, rather than by formal plenary sessions. The conference welcomes papers and sessions on any historical topic and any historical period. It is organized in 28 networks, which cover a certain topic. The conference language is English.</s>
    <s>The general Call for Papers can be found here: http://www.iisg.nl/esshc/2012/index.php</s>
    <s>The Material and Consumer Culture Network call for papers:</s>
    <s>Dear Colleague,</s>
    <s>On behalf of the Material and Consumer Culture Network we invite proposals for papers and sessions for the 9th European Social Science History Conference to be held at in Glasgow, Scotland, UK, 11-14 April 2012.</s>
    <s>The Material and Consumer Culture Network will host 10 sessions of four papers each. We welcome proposals for both single papers as well as entire sessions. Whilst every effort will be made to maintain the integrity of entire sessions, it may at times be necessary to switch papers. In this event the organisers will try to reach a viable compromise with the proposer.</s>
    <s>To facilitate the matching process, we ask that all proposals indicate the research methods and conceptual frameworks employed in the work; this will give us scope for sessions organised around methodology, theory as well as content.</s>
    <s>At the previous conferences a number of topics were identified as being of potential interest:</s>
    <s>the performativity of objects and technologies</s>
    <s>museology and material culture</s>
    <s>the early modern consumer (r)evolution</s>
    <s>brand culture</s>
    <s>the concept of cultural capital and its application in historiography</s>
    <s>material culture and global networks</s>
    <s>design history</s>
    <s>art and economy</s>
    <s>the cultural construction of value</s>
    <s>This list is neither exhaustive nor exclusive. Please treat it as a starting point for developing your own ideas for a paper or session proposal</s>
    <s>Registration details</s>
    <s>Registration deadline:</s>
    <s>31 December 2011</s>
    <s>200.00 Euro if registered before 1 January 2012</s>
    <s>Contact details</s>
    <s>Harm Nijboer</s>
    <s>Karin Dannehl</s>
    <s>Contact us</s>
    <s>!IHR Logo</s>
    <s>The Institute of Historical Research (IHR), Senate House, Malet Street, London WC1E 7HU</s>
    <s>The IHR is a member of the School of Advanced Study which is part of the University of London</s>
  </text>
</page>
