<?xml version="1.0" encoding="UTF-8"?>
<!DOCTYPE page SYSTEM "page.dtd">
<page>
  <lang>en</lang>
  <url>http://www.pace.edu/school-of-law/conference-sponsorship</url>
  <title>Conference Sponsorship | School of Law</title>
  <snippet>
    <s>Support can be given to the reception scheduled after the conference. Organization logo will be put adjacent to the reception agenda item, and on marketing </s>
  </snippet>
  <text>
    <s>Skip to Main Content Area</s>
    <s>Search this site:</s>
    <s>Give to Pace</s>
    <s>Contact Us</s>
    <s>A-Z Index</s>
    <s>School of Law</s>
    <s>Environmental Law</s>
    <s>International Law</s>
    <s>Criminal Justice</s>
    <s>Public Interest</s>
    <s>Clinical Training &amp; Skills Programs</s>
    <s>About Pace</s>
    <s>Career Development</s>
    <s>Centers and Special Programs</s>
    <s>Pace Law Library</s>
    <s>APPLY NOW</s>
    <s>CONFERENCE SPONSORSHIP OPPORTUNITIES</s>
    <s>Leadership Sponsors</s>
    <s>Sponsorship opportunities will provide your company exposure to Land Use Law Center members and enhance your Hudson Valley presence before the conference, at the conference, and after the conference. Sponsorships will be limited .</s>
    <s>Breaking Ground (Limited to 3 Platinum Sponsors) $5,000</s>
    <s>Also receive:</s>
    <s>Five (5) full complimentary conference registrations (CLE Credit included, based on eligibility)</s>
    <s>One (1) expo table at the conference</s>
    <s>Logo and link to your website on the Land Use Law Center's conference website</s>
    <s>Logo will be highlighted on the front page of the conference program and in all invitations and marketing associated with the conference</s>
    <s>Company logo will be included in prominent signage throughout the conference</s>
    <s>Two (2) nominations of local leaders in the region for our annual Groundbreakers Award (recognition of a local leader who has done exemplary work in the field of land use and sustainable development)</s>
    <s>Well Grounded (Limited to 4 Gold Sponsors) $2,500</s>
    <s>Also receive:</s>
    <s>Three (3) full complimentary conference registrations (CLE Credit included, based on eligibility)</s>
    <s>One (1) expo table at the conference</s>
    <s>Logo and link to your website on the Land Use Law Center's conference website</s>
    <s>Logo will be highlighted on the front page of the conference program and in all invitations and marketing associated with the conference</s>
    <s>Company logo will be included in prominent signage throughout the conference</s>
    <s>One (1) nomination of a local leader in the region for our annual Groundbreakers Award (recognition of a local leader who has done exemplary work in the field of land use and sustainable development)</s>
    <s>New Ground (Limited to 5 Bronze Sponsors) $1,000</s>
    <s>Also receive:</s>
    <s>Two (2) full complimentary conference registrations</s>
    <s>One (1) expo table at the conference</s>
    <s>Logo and link to your website on the Land Use Law Center's conference website</s>
    <s>Logo will be highlighted on the front page of the conference program and in all invitations and marketing associated with the conference</s>
    <s>Company logo will be included in prominent signage throughout the conference</s>
    <s>Individual Sponsorship Items</s>
    <s>All sponsors will be highlighted next to their break/lunch/reception and will be provided an expo table during the conference. Sponsorships will be limited.</s>
    <s>The following items/events are available for individual sponsorships.</s>
    <s>$250 -- Conference Breaks:</s>
    <s>Support can be given to breaks scheduled during the conference. Organization logo will be put in the conference program, adjacent to specific break and on marketing displays at the break session. This will be given on a first come, first serve basis. (1 per a break)</s>
    <s>$750 -- Conference Luncheon:</s>
    <s>Support can be given to the lunch scheduled during the conference. Organization logo will be put on the marketing displays at the lunch, and adjacent to the lunch session in the agenda. This will be given on a first come, first serve basis. (2 lunch sponsors)</s>
    <s>$500 -- Reception:</s>
    <s>Support can be given to the reception scheduled after the conference. Organization logo will be put adjacent to the reception agenda item, and on marketing displays of the reception. This will be given on a first come, first serve basis. (2 reception sponsors)</s>
    <s>For more information please contact Tiffany Zezula at (914) 422-4034 or email tzezula@law.pace.edu</s>
    <s>Click here to download the pdf Conference sponsorship form.</s>
    <s>With your support, we believe this year's fall conference will be a huge success.</s>
    <s>Journals &amp; Publications</s>
    <s>Contact Us</s>
    <s>Campus Map</s>
    <s>MyPace Portal</s>
    <s>Web Mail</s>
    <s>Pace Law School | 78 North Broadway, White Plains, New York 10603 | (914) 422-4205</s>
    <s>About Pace Law School</s>
  </text>
</page>
