<?xml version="1.0" encoding="UTF-8"?>
<!DOCTYPE page SYSTEM "page.dtd">
<page>
  <lang>en</lang>
  <url>http://www.enkidumagazine.com/chics/queerstudies/registration_form_qs.htm</url>
  <title>Registration Form for Conference Participants</title>
  <snippet>
    <s>Registration Form for Conference Participants (All Categories) Comments and questions for the Organizing Committee: </s>
  </snippet>
  <text>
    <s>Queer Studies Easter Symposium</s>
    <s>Registration Form for Conference Participants (All Categories)</s>
    <s>Registration Form for Conference Delegates</s>
    <s>All speakers are required to register and pay a registration fee. You will normally be notified within 2 weeks if your proposal has been accepted or rejected by the Academic Committee.</s>
    <s>Everyone who registers for the Queer Studies Easter Symposium will be able to attend all formal conference sessions including sub-conferences, special panel sessions, and all conference related social, cultural and academic events that take place at participating institutions before and during the event. In addition, all conference delegates carrying their name badge (which will be distributed at the registration desk), will have free, or discounted access to various theater plays, film presentations and other conference related artistic events organised in the participating institutions before and during the conference.</s>
    <s>Enkidu and the participating organisations will not be able to provide travel support for conference delegates. It is therefore strongly recommended to apply for a scholarship or a grant from other sources. Delegates from non-OECD countries and students and unwaged delegates from any country who do not receive financial support to attend the conference, can apply for a reduced registration fee.</s>
    <s>Participant Category</s>
    <s>Conference Delegate (Speaker)</s>
    <s>Observer (Hearer)</s>
    <s>Press Observer</s>
    <s>Other categories of conference participants</s>
    <s>Member of Enkidu, AIDSinCULTURE.org, CNDH, CHiCS, CEDICARTE</s>
    <s>Personal information</s>
    <s>Institutional affiliation:</s>
    <s>Postal Address:</s>
    <s>Paper Proposal</s>
    <s>Title of Presentation:</s>
    <s>Abstract (max 500 words):</s>
    <s>short bio (max 150 words):</s>
    <s>Technical equipment required:</s>
    <s>Would you like to moderate a session (as session chair)?</s>
    <s>Comments and questions for the Organizing Committee:</s>
    <s>Registration Fee</s>
    <s>All conference delegates who have submitted an paper proposal and been included in the program for &quot;the Queer Studies Symposium&quot; are already pre-registered.</s>
    <s>Registration Fee Queer Studies Symposium 2011</s>
    <s>- Waged delegates</s>
    <s>200 USD</s>
    <s>- Students and unwaged delegates:</s>
    <s>150 USD</s>
    <s>Each individual participant is responsible for his or her own registration and to pay the registration fee.</s>
    <s>Escribe a la redaccie Enkidu</s>
    <s>For comments and questions please send an e-mail to info@enkidumagazine.com</s>
  </text>
</page>
