<?xml version="1.0" encoding="UTF-8"?>
<!DOCTYPE page SYSTEM "page.dtd">
<page>
  <lang>en</lang>
  <url>http://www.ics.uci.edu/~rickl/rickl-invited-talks</url>
  <title>Richard H. Lathrop invited talks</title>
  <snippet>
    <s>Dr. Richard H. Lathrop --- Recent Invited Talks (excludes conference papers, session moderating, tutorials, workshops, etc.) Dec. 2007: Keynote address, Rocky </s>
  </snippet>
  <text>
    <s>Dr. Richard H. Lathrop --- Recent Invited Talks</s>
    <s>(excludes conference papers, session moderating, tutorials, workshops, etc.)</s>
    <s>Dec. 2007: Keynote address, Rocky Mountain Bioinformatics Conf., Snowmass, CO (Larry Hunter).</s>
    <s>Feb. 2007: UCI Entrepreneurs Forum, invited talk (invited by Dave Schetter).</s>
    <s>Dec. 2006: Inter-Nano-Science, 21st Center of Excellence Japanese Government Project Symposium, Awaji, Japan, Invited Talk (Takashi Washio).</s>
    <s>Nov. 2006: Human Proteome Organization Conf., Invited Talk (Cindi Lilly).</s>
    <s>Aug. 2006: World Congress on Biomedical Engineering and Medical Physics, Seoul, Korea, Invited Talk (Tatsuya Akutsu).</s>
    <s>Apr. 2006: UCI CAL-IT2, invited talk at Knobbe Martens Olsen \&amp; Bear program series on &quot;synthetic biology/bioinformatics and the CODA Genomics story. (Debbie Nielsen).</s>
    <s>Mar. 2006: University of California, Merced, Research Seminar (Masa Watanabe).</s>
    <s>Feb. 2006: UCI CAL-IT2, invited presentation to David Crane, Gov. Schwarzenegger's special advisor for jobs and economic growth; and Mindy Fletcher, deputy chief of staff for internal affairs in the governor's office, on their visit to evaluate the economic impact and job development aspect of CAL-IT2 as one of the California Institutes for Science and Innovation (Albert Yee).</s>
    <s>May 2005: University of Pittsburgh, PA, Research Seminar (Takis Benos).</s>
    <s>Aug. 2004: 8th Pacific Rim International Conference on Artificial Intelligence, Conference Keynote Speech (Hans Guesgen).</s>
    <s>Mar. 2003: University of Minnesota, Minneapolis, MN, Bioinformatics Symposium, Invited Talk (Lynda Ellis).</s>
    <s>Dec. 2002: Conference on Genome Informatics, Tokyo, Conference Opening Address (Satoru Miyano).</s>
    <s>May 2002: Workshop on Post-Genomic Knowledge Discovery, National University of Singapore, Invited Talk (Limsoon Wong).</s>
    <s>May 2002: SIAM Conf. on Optimization, Toronto, Ontario, Canada, Invited Talk (Harvey Greenberg).</s>
    <s>June 2001: Rigel Pharmaceuticals, Research Seminar (Kunbin Qu).</s>
    <s>Dec. 2000: Oncotech, Research Seminar (Shubra Mittal).</s>
    <s>Aug. 2000: Intelligent Systems and Molecular Biology Conf., San Diego, CA, Invited Panelist on Lisp in Bioinformatics (Sheng-Chuan Wu).</s>
    <s>July 2000: ICML-2000 Workshop on Machine Learning of Spatial Knowledge, Stanford, CA, Invited Panelist (David Page, Diane Cook).</s>
    <s>June 2000: DARPA Computation, Biology, and Language Workshop, Arlington, VA, Invited Panelist (Bob Berwick, Simon Kasif).</s>
    <s>Jan. 2000: Pacific Symposium on Biocomputing, Oahu, HI, Invited Panelist on Data Mining in Biological Databases (Janice Glasgow).</s>
    <s>Dec. 1999: University of Wisconsin, Madison, WI, Distinguished Lecture Series in Biomedical Informatics (Mark Craven, David Page).</s>
    <s>Nov. 1999: University of Chicago, Chicago, IL, Research Seminar (Ridg Scott).</s>
    <s>Oct. 1999: Montana State University, Bozeman, MT, Research Seminar (Marcella McClure).</s>
    <s>May 1999: Conf. on Data Mining in Crystallography, Erice, Sicily, Italy, Invited Lecturer (Suzanne Fortier).</s>
    <s>Oct 1998: Harvey Mudd College, Claremont, CA, Research Seminar (Margaret Fleck).</s>
    <s>May 1998: Information Sciences Institute, Marina del Rey, CA, Research Seminar (Kevin Knight).</s>
    <s>Jan. 1998: Pacific Symposium on Biocomputing, Kapalua, HI, Invited Panelist on Challenges in Annotating Genomes (Ying Xu).</s>
    <s>Nov. 1997: Washington University at St. Louis, MO, Research Seminar (David States).</s>
    <s>June 1997: Intelligent Systems and Molecular Biology Conf., Halkidiki, Greece, Conference Keynote Speaker (Alfonso Valencia).</s>
    <s>May 1997: Symposium on Bioinformatics, Structure, and Function, Urbana, IL, Invited Talk (Shankar Subramaniam).</s>
    <s>Sept. 1996: UC Irvine Life Science Research and Technology Showcase, Irvine, CA, Invited Talk (David Schetter).</s>
    <s>Aug. 1996: Stanford University, Stanford, CA, Research Seminar (Russ Altman).</s>
    <s>Aug. 1996: Innovative Applications of Artificial Intelligence Conf., Portland, OR, Conference Invited Survey Talk (Howard Shrobe).</s>
    <s>June 1996: University of Bergen, Bergen, Norway, First Opponent of Inge Jonassen doctoral thesis defense (Ingrid Eidhammer).</s>
    <s>June 1996: Intelligent Systems and Molecular Biology Conf., St. Louis, MO, Conference Banquet After-dinner Speaker (David States).</s>
    <s>Mar. 1996: Workshop on Prediction and Modelling of Protein Structures, EMBO/European Bioinformatics Institute, Hinxton, England, Invited Talk (Gerrit Vriend).</s>
    <s>Sept. 1995: Washington State University, Pullman, WA, Research Seminar (Keith Dunker).</s>
    <s>July 1995: American Crystallographic Assoc. Meeting, Montreal, Canada, Invited Talk (Suzanne Fortiers).</s>
    <s>Mar. 1995: Workshop on Global Minimization of Nonconvex Energy Functions, DIMACS, Rutgers University, Piscataway, NJ, Invited Talk (Panos Pardalos).</s>
    <s>Mar. 1995: Symp. on Genome Project and Computer Science, Tokyo, Japan, Invited Talk (Toshihisa Takagi).</s>
    <s>Jan. 1995: Santa Fe Institute, Santa Fe, NM, Research Seminar (Stuart Kauffman).</s>
    <s>Return to Richard H. Lathrop's home page.</s>
  </text>
</page>
