<?xml version="1.0" encoding="UTF-8"?>
<!DOCTYPE page SYSTEM "page.dtd">
<page>
  <lang>en</lang>
  <url>http://www.das.psu.edu/news/linsey-etz-places-first-in-competition-at-mid-atlantic-nutrition-conference</url>
  <title>Linsey Etz Places First in Competition at Mid-Atlantic Nutrition ...</title>
  <snippet>
    <s>Mar 29, 2011 State Equine Research Team participated in the 2011 Mid-Atlantic Nutrition Conference; Senior Linsey Etz wins first place in poster contest.</s>
  </snippet>
  <text>
    <s>Skip to content. | Skip to navigation</s>
    <s>Search Site</s>
    <s>Search This Section Search Site Search College Search Penn State</s>
    <s>only in current section</s>
    <s>Advanced Search…</s>
    <s>!College of Agricultural Sciences</s>
    <s>Dairy and Animal Science</s>
    <s>Future Students</s>
    <s>Current Students</s>
    <s>Grad Students</s>
    <s>About the Department</s>
    <s>Research and Extension</s>
    <s>Giving to Dairy and Animal Science</s>
    <s>Undergraduate Program</s>
    <s>Graduate Program</s>
    <s>Student Clubs</s>
    <s>Student Teams and Competitions</s>
    <s>4-H Programs</s>
    <s>Faculty and Staff Directory</s>
    <s>General Contacts, Travel and Visiting</s>
    <s>Site Index</s>
    <s>Farms and Animals</s>
    <s>Dairy Barns</s>
    <s>Haller Farm</s>
    <s>Deer Research Center</s>
    <s>Equine Facilities</s>
    <s>Swine Center</s>
    <s>Beef - Sheep Center</s>
    <s>Penn State Registered Quarter Horses</s>
    <s>Join Our Facebook Community</s>
    <s>See Our Photos on Flickr</s>
    <s>Follow Us on Twitter</s>
    <s>AgSci » Dairy and Animal Science » News » Linsey Etz Places First in Competition at Mid-Atlantic Nutrition Conference</s>
    <s>Linsey Etz Places First in Competition at Mid-Atlantic Nutrition Conference</s>
    <s>Mar 29, 2011</s>
    <s>Members of the Penn State Equine Research Team participated in the 2011 Mid-Atlantic Nutrition Conference; Senior Linsey Etz wins first place in poster contest.</s>
    <s>Linsey Etz with her 1st place poster.</s>
    <s>Linsey Etz, Cortland, NY, a senior in Penn State's Department of Dairy and Animal Science (DAS), placed first in the research poster undergraduate competition at the 2011 Mid-Atlantic Nutrition Conference, held March 23-24 in Timonium, MD.</s>
    <s>Etz's poster topic was, &quot;Plasma amino acid concentrations in young Quarter Horses fed a dietary leucine supplement&quot; Sarah Shane, Auburn, PA, also presented a poster, &quot;Changes in fecal microbial populations and associated blood variables in Morgan horses maintained on pasture or dry lot.&quot; Both students are Animal Sciences majors and members of the Penn State Equine Research Team. Six members of the team participated in the conference, which had approximately 170 attendees. W. Burton Staniar, Assistant Professor, Equine Nutrition, accompanied the team.</s>
    <s>This is the second year that a DAS student has placed at the top of the competition.</s>
    <s>Dr. Terry Etherton, Head of DAS, said, &quot;I extend my congratulations to Linsey for her outstanding work in earning this recognition. It is a tribute to her, the other dedicated members of the team and the faculty mentoring and leadership they received that they could participate in this quality regional event.&quot;</s>
    <s>The Mid-Atlantic Nutrition Conference (formerly the Maryland Nutrition Conference) is recognized as a premier educational event for the animal nutrition industry on the East Coast. Local, national, and international nutritionists share new, innovative, and practical research that is being conducted at universities, industry and at government institutions. Regulatory issues and future opportunities also are discussed, with the program focused on poultry, dairy, and equine nutrition.</s>
    <s>There was both graduate and undergraduate competition and each student who participated had an abstract published in the proceedings. Projects were evaluated for scientific merit, organization and presentation, and student knowledge of the subject. Three industry judges, one each from dairy equine and poultry, evaluated the posters.</s>
    <s>Document Actions</s>
    <s>Send this</s>
    <s>Print this</s>
    <s>Newsletters on this Site</s>
    <s>Dairy Digest</s>
    <s>Dairy Focus Newsletter</s>
    <s>Penn State Horse Newsletter</s>
    <s>The Specht Report Breeding Performance Summary</s>
    <s>Friday Facilitator Forum Mar 16, 2012</s>
    <s>Best Milking Practices Feb 28, 2012</s>
    <s>Best Milking Practices Feb 21, 2012</s>
    <s>Friday Facilitator Forum Feb 17, 2012</s>
    <s>Best Milking Practices Feb 16, 2012</s>
    <s>(C) 2011 College of Agricultural Sciences</s>
    <s>Copyright -- Privacy and Legal Statements -- Contact Us</s>
  </text>
</page>
