<?xml version="1.0" encoding="UTF-8"?>
<!DOCTYPE page SYSTEM "page.dtd">
<page>
  <lang>en</lang>
  <url>http://www.sleepfoundation.org/speakerdiscussion-leader-invitation-letter</url>
  <title>Speaker/Discussion Leader Invitation Letter | National Sleep ...</title>
  <snippet>
    <s>As an invited speaker (discussion leader), your conference fee will be (fully or insert amount if partial) supported and some portion of your travel costs (insert </s>
  </snippet>
  <text>
    <s>Events &amp; Activities</s>
    <s>Media Center</s>
    <s>Contact Us</s>
    <s>En Español</s>
    <s>Job Board</s>
    <s>Language: english | espanol | deutsch | french</s>
    <s>Sleep Facts &amp; Information</s>
    <s>Sleep Books</s>
    <s>Sleep Topics</s>
    <s>Sleep Disorders</s>
    <s>Ask the Expert</s>
    <s>Sleeping Smart</s>
    <s>Video Library</s>
    <s>Audio Library</s>
    <s>Just for Fun</s>
    <s>Find A Sleep Professional</s>
    <s>Online Community</s>
    <s>Sleep Shop</s>
    <s>NSF Branded Products</s>
    <s>Bedroom Machine</s>
    <s>About Us</s>
    <s>Events &amp; Activities</s>
    <s>Funding Sources and Editorial Independence</s>
    <s>Job Board</s>
    <s>Public Education Program</s>
    <s>Federal Grant Proposal Information</s>
    <s>Conference Proposal Planning Calendar</s>
    <s>Sample Support/Solicitation Letter</s>
    <s>Sample Speaker/Discussion Leader Invitation Letter</s>
    <s>Sample Follow-up Letter to Discussion Leaders</s>
    <s>Sample Follow-up Letter to Speaker</s>
    <s>Tips for Discussion Leaders</s>
    <s>Tips for Speakers</s>
    <s>Meeting Description Template</s>
    <s>Preliminary Program Template</s>
    <s>Conference Final Program Template</s>
    <s>Speaker/Discussion Leader Invitation Letter</s>
    <s>Dear ,</s>
    <s>As Chair of the YEAR (conference name) National Sleep Foundation Conference, which will be held in (location) during the week of (date), it is my pleasure to invite you to participate in this conference and to present a talk based on your research in (area of expertise) or (as a discussion leader).</s>
    <s>The National Sleep Foundation is a leader in sleep. We expect to bring together an outstanding and diverse group of clinicians, researchers, and thought leaders at the forefront of sleep. The NSF will make every attempt to include younger scientists and students. I have attached our program as it stands so far (or list of session topics). I hope that you will share my enthusiasm for this meeting and favorably consider this invitation.</s>
    <s>As an invited speaker (discussion leader), your conference fee will be (fully or insert amount if partial) supported and some portion of your travel costs (insert amount you are willing to commit to) will be reimbursed. Depending on the success of our fundraising efforts, more travel support may be available, if needed, at the conference.</s>
    <s>Please let me know by (insert date) if you are able to accept this invitation. With your reply, please include your complete contact information, i.e., institution, mailing address, phone, fax, and preferred email address. If you would like additional information or have any questions, please do not hesitate to contact me either by email (email address) or by phone (phone ).</s>
    <s>I look forward to your reply and, hopefully, your participation in the (name of conference).</s>
    <s>National Sleep Foundation</s>
    <s>1010 N. Glebe Road, Suite 310 | Arlington, VA 22201 | Phone (703) 243-1697 E-mail nsf@sleepfoundation.org</s>
    <s>©2011 National Sleep Foundation., All rights reserved. Privacy Policy | Terms &amp; Conditions | Site Map</s>
    <s>Subscribe | What is RSS? | How Do I Access RSS? | Help</s>
  </text>
</page>
