<?xml version="1.0" encoding="UTF-8"?>
<!DOCTYPE page SYSTEM "page.dtd">
<page>
  <lang>en</lang>
  <url>http://www.iqla.org/qualico_2012/index.html</url>
  <title>Qualico 2012 - IQLA - International Quantitative Linguistics Association</title>
  <snippet>
    <s>The next international quantitative linguistics conference (QUALICO 2012) will be and it should demonstrate the paper&#39;s relevance to the conference&#39;s topic. the reviewing process, and they will have an opportunity to comment the reviews </s>
  </snippet>
  <text>
    <s>Qualico 2012</s>
    <s>Member Area</s>
    <s>Qualico 2012:</s>
    <s>Structures and Processes in Language and Text:</s>
    <s>A Quantitative Linguistics Perspective</s>
    <s>The next international quantitative linguistics conference (QUALICO 2012) will be held in Belgrade (Serbia), April 26-29, 2012. Call for Papers and Pre-Registration are open.</s>
    <s>Call For Papers</s>
    <s>Important Dates</s>
    <s>Local Information</s>
    <s>!toplink Call for Papers</s>
    <s>The Call for Papers is open. Submissions from any scholar working on aspects of quantitative linguistics and quantitative text analysis are welcome. We encourage submissions concentrating on, but not limited to:</s>
    <s>Descriptions of all aspects of language and text phenomena, including psycholinguistics, sociolinguistics, dialectology, pragmatics, etc., as far as they use quantitative mathematical methods (probability theory, stochastic processes, differential and difference equations, fuzzy logics and set theory, function theory etc.), on all levels of linguistic analysis.</s>
    <s>Applications of methods, models, or findings from quantitative linguistics to problems of natural language processing, text classification, stylistics, machine translation, language teaching, documentation and information retrieval.</s>
    <s>Methodological problems of linguistic measurement, model construction, sampling and test theory.</s>
    <s>Epistemological issues such as explanation of language and text phenomena, contributions to theory construction, systems theory, philosophy of science.</s>
    <s>Each paper will be allotted thirty minutes (20 + 10 minutes for discussion). There are two important deadlines:</s>
    <s>Abstract submissions deadline is December 15, 2011.</s>
    <s>Early abstract submission (with 20% fee reduction) is October 31, 2011.</s>
    <s>For more detailed submission information and abstract specifications, see Submission Information. Presentations should be in English. Data projectors, overhead projectors etc. will be provided. We particularly want to encourage young scholars to participate in this conference.</s>
    <s>Participation Fees</s>
    <s>The participation fee charged per attending person equals the sum of one annual fee for IQLA, differing according to participant's status: academic professionals € 100, post-docs € 50, pre-docs € 40 (to be paid in advance). Participation fees cover the abstract booklet and other conference materials, as well as refreshments and snacks during pauses throughout the whole conference, but they do not include meals, sightseeing tours or other social events.</s>
    <s>IQLA offers reduction of participation fees:</s>
    <s>Participation fees are 30% reduced for IQLA members.</s>
    <s>Early abstract submissions (until October 31, 2011) are 20% reduced (early IQLA members' registration fees are 50% reduced).</s>
    <s>!toplink Important Dates</s>
    <s>Early Abstract Submission Deadline</s>
    <s>October 31, 2011</s>
    <s>Abstract Submission Deadline</s>
    <s>December 31, 2011</s>
    <s>Notification of Acceptance</s>
    <s>January 31, 2012</s>
    <s>April 26-29, 2012</s>
    <s>!toplink Committees</s>
    <s>Organizing Committee: Cvetana Krstev, Ivan Obradović, Duško Vitas</s>
    <s>Program Committee: Peter Grzybek, Reinhard Köhler, Cvetana Krstev, George Mikros, Ivan Obradović, Duško Vitas</s>
    <s>!toplink Abstract Submission</s>
    <s>Your abstract should be of relevance for quantitative linguistics, and it should demonstrate the paper's relevance to the conference's topic. All abstracts will be anonymously reviewed by independent reviewers; submitters will be informed about the result of the reviewing process, and they will have an opportunity to comment the reviews, if necessary. Abstracts should be in English, and they should not exceed 500 words. Abstracts are requested to be submitted in two variants, i.e. both</s>
    <s>(a) anonymously, without any personal data, as plain text in the abstract field, and</s>
    <s>(b) with name, affiliation(s), email and correspondence address as attached PDF file.</s>
    <s>The abstract text itself should be identical for both variants. The Submission of Abstract is possible only via the conference tool. Both variants should be submitted electronically via the EasyChair Conference Manager:</s>
    <s>Opening this page, you will be requested to enter a user name and a password to enter the site. If you do not have an EasyChair account, enter the following URL to obtain one.:</s>
    <s>Your account access information will be emailed to you. After having logged into the system, you will be asked</s>
    <s>to submit your address for correspondence,</s>
    <s>specify all author(s) - you may simply add yourself,</s>
    <s>provide the title of the anonymized abstract in plain text,</s>
    <s>specify at least two keywords,</s>
    <s>select the topic relevant to your paper,</s>
    <s>upload the abstract as PDF file with the full abstract, including title, name, email and correspondence address (do not chose &quot;Abstract only&quot;)</s>
    <s>The contact author of the paper will receive an auto-generated notification of receipt via email. The abstracts must be submitted no later than December 31, 2012. Notifications of the Program Committee’s decisions will be sent out by January 2012.</s>
    <s>!toplink Registration</s>
    <s>Registration goes automatically along with the early or standard abstract submissions. Registrations may eventually be cancelled until February 15, 2012, at the latest. Part of the conference fees will have to be paid soon after receipt of the notification. All other registrations (e.g., participation without presentation, etc.) and pre-registration is possible via IQLA Office. Pre-registration until October 31, 2011, includes 20% reduction of conference fees.</s>
    <s>!toplink Program</s>
    <s>The conference program will be made public after acceptance notification to all papers.</s>
    <s>!toplink Local Information</s>
    <s>Qualico 2012 will take place at the University of Belgrade, in the city of Belgrade, Serbia.</s>
    <s>Useful links for your orientation:</s>
    <s>About Belgrade</s>
    <s>City Map of Belgrade</s>
    <s>Public Transport in Belgrade</s>
    <s>During the conference, it will be possible to contact the local organizers via the following mobile number:</s>
    <s>☎ +381 (0)69 344-04-89</s>
    <s>More relevant information will be available on time.</s>
    <s>!toplink Venue</s>
    <s>Details as to the conference venue will be available here on time.</s>
    <s>Coming to Belgrade:</s>
    <s>Arriving at Belgrade Airport, there is a Shuttle Bus to Belgrade City every 30 minutes (Mini Bus Line A1), heading for Slavija Square. Tickets can be bought on the bus, a ticket costs ca. 250 Serbian Dinars (ca. € 2.50, one way).</s>
    <s>!toplink Accommodation</s>
    <s>Details as to the accomodation options will be available here on time.</s>
    <s>!toplink Sponsors</s>
    <s>IQLA and the local organizers are in contact with possible sponsors, whose names will be published here on time.</s>
    <s>!toplink Contact</s>
    <s>For further information contact IQLA Office</s>
    <s>(C) 2008-2011 IQLA</s>
  </text>
</page>
