<?xml version="1.0" encoding="UTF-8"?>
<!DOCTYPE page SYSTEM "page.dtd">
<page>
  <lang>en</lang>
  <url>http://www.ci.keene.nh.us/government/boards-commissions/juvenile-conference</url>
  <title>Juvenile Conference Committee | City of Keene</title>
  <snippet>
    <s>The Juvenile Conference Committee fosters a youth&#39;s sense of responsibility and accountability for their actions. The Committee&#39;s goal is to prevent further illegal </s>
  </snippet>
  <text>
    <s>City Manager</s>
    <s>City Clerk</s>
    <s>City Phone List &amp; Hours</s>
    <s>City Clerk FAQ's</s>
    <s>City Clerk's Office Staff</s>
    <s>Civil Unions</s>
    <s>Dog Licenses</s>
    <s>Ingersoll Cabinet Displays</s>
    <s>Legislative Reps</s>
    <s>Marriage Licenses</s>
    <s>Vital Records</s>
    <s>Voter Information</s>
    <s>city council</s>
    <s>Ward One</s>
    <s>Ward Two</s>
    <s>Ward Three</s>
    <s>Ward Four</s>
    <s>Ward Five</s>
    <s>Councilors at-large</s>
    <s>Council Committees</s>
    <s>boards &amp; commissions</s>
    <s>Airport Advisory</s>
    <s>Ashuelot River Park</s>
    <s>Assessors Board</s>
    <s>Bicycle/Pedestrian Path</s>
    <s>Board of Appeals</s>
    <s>Cable Television</s>
    <s>Cities for Climate Protect</s>
    <s>Conservation Commission</s>
    <s>Downtown Parking</s>
    <s>Heritage Commission</s>
    <s>Historic District</s>
    <s>HDC Regulations</s>
    <s>HDC Submission Calendar</s>
    <s>application forms</s>
    <s>Historic District map</s>
    <s>Housing Authority</s>
    <s>Housing Standards Board</s>
    <s>Juvenile Conference</s>
    <s>Keene Development</s>
    <s>Library Board of Trustees</s>
    <s>M. L. King / J. Daniels</s>
    <s>Programs &amp; Events</s>
    <s>2010 Poster Contest</s>
    <s>Jon Daniels Biography</s>
    <s>Jon Daniels Burial Site</s>
    <s>Jon Daniels Corner</s>
    <s>Jon Daniels Resources</s>
    <s>Jon Daniels Study Guide</s>
    <s>Jon Daniels Time Line</s>
    <s>Kids' Civil Rights Books</s>
    <s>Resources on Civil Rights</s>
    <s>Partner City</s>
    <s>Planning Board</s>
    <s>SW Region Planning</s>
    <s>Trustees of Trust Funds</s>
    <s>Zoning Board of Adj</s>
    <s>city of keene charter</s>
    <s>City Code</s>
    <s>Legislative Tracking</s>
    <s>City Council Policies</s>
    <s>Meeting Videos</s>
    <s>Non-Meeting Videos</s>
    <s>Rules of Order</s>
    <s>Airport Info</s>
    <s>Airport Businesses</s>
    <s>Current Conditions</s>
    <s>Property Values Lookup</s>
    <s>General Info</s>
    <s>Exemptions /Credits</s>
    <s>Current Use/ Timber Tax</s>
    <s>Tax Rates</s>
    <s>Tax Fax</s>
    <s>Related Links</s>
    <s>City Attorney</s>
    <s>Related Links</s>
    <s>City Clerk</s>
    <s>Code Enforcement</s>
    <s>Contact Us</s>
    <s>Online Forms</s>
    <s>Inspections Look Up</s>
    <s>Permit Information</s>
    <s>Related Links</s>
    <s>Something New</s>
    <s>Updated Ordinances</s>
    <s>Useful Information</s>
    <s>ZBA Applications</s>
    <s>Housing FAQ's</s>
    <s>Purchasing Active Bids</s>
    <s>Budget Documents</s>
    <s>Financial Audit Reports</s>
    <s>Fire Department</s>
    <s>Fire Chief</s>
    <s>Fire Prevention</s>
    <s>Fire Alarm</s>
    <s>Health Department</s>
    <s>Equine Encephalitis (EEE)</s>
    <s>Food Inspections</s>
    <s>H1N1 Influenza</s>
    <s>Hazard Planning</s>
    <s>Important Information</s>
    <s>Indoor Smoking Act</s>
    <s>Pandemic Flu</s>
    <s>West Nile Virus</s>
    <s>Human Resources</s>
    <s>Current Job Opportunities</s>
    <s>Hiring Process</s>
    <s>Employee Benefits</s>
    <s>City Mission &amp; Values</s>
    <s>Workplace Harassment</s>
    <s>Human Services</s>
    <s>General Assistance</s>
    <s>Getting Financial Help</s>
    <s>Housing Resources</s>
    <s>Medical/Dental Assistance</s>
    <s>Shelter Information</s>
    <s>Transportation Assistance</s>
    <s>Partners &amp; Collaboration</s>
    <s>Information Technology</s>
    <s>Broadband Information</s>
    <s>Parks &amp; Recreation</s>
    <s>Cemetery Info</s>
    <s>Fun For Kids</s>
    <s>Rec Center Info</s>
    <s>Summer Info</s>
    <s>miscellaneous info</s>
    <s>day trips &amp; more</s>
    <s>videos &amp; photo gallery</s>
    <s>Downtown Parking Analysis Final Report</s>
    <s>Keene CMP 2010</s>
    <s>Mission Statement</s>
    <s>Previous Master Plans</s>
    <s>Maps &amp; GIS</s>
    <s>Regulations &amp; Standards</s>
    <s>Police Chief</s>
    <s>Mission Statement</s>
    <s>Organization Chart</s>
    <s>Administrative Services</s>
    <s>Field Operations Division</s>
    <s>Police Employment</s>
    <s>Internet Crimes Against Children</s>
    <s>Special Teams</s>
    <s>College Liaison Officer</s>
    <s>Department Roster</s>
    <s>Press Releases</s>
    <s>Police Log</s>
    <s>Crime Statistics</s>
    <s>Contact Info</s>
    <s>Permits &amp; Forms</s>
    <s>Special Reports</s>
    <s>Wanted by KPD</s>
    <s>Homeland Security</s>
    <s>National Night Out</s>
    <s>Anonymous Crime Tips</s>
    <s>Public Works</s>
    <s>Construction Projects</s>
    <s>Fleet Services</s>
    <s>Green Up Keene</s>
    <s>Highway Division</s>
    <s>Recycling Center</s>
    <s>Sewer Division</s>
    <s>Water Division</s>
    <s>Press Releases</s>
    <s>Youth Services</s>
    <s>Juvenile Court Diversion</s>
    <s>CHINS Diversion</s>
    <s>Summer Youth</s>
    <s>Citizen Request Form</s>
    <s>City Code</s>
    <s>Property Value Look up</s>
    <s>Document Central</s>
    <s>Meetings Calendar</s>
    <s>Public Notices</s>
    <s>Motor Vehicle Registra </s>
    <s>our city</s>
    <s>City Events</s>
    <s>City News</s>
    <s>Central Square Award</s>
    <s>History of Keene</s>
    <s>Location in NH</s>
    <s>Municipal Buildings</s>
    <s>Preserving Our Heritage</s>
    <s>Submit Keene Photos</s>
    <s>city projects</s>
    <s>Events Calendar</s>
    <s>Meeting Calendar</s>
    <s>Climate Showcase Communities</s>
    <s>Climate Change</s>
    <s>Sustainable Procurement</s>
    <s>Green Up Keene</s>
    <s>Keene Challenge</s>
    <s>How It Works</s>
    <s>Sign Up &amp; Calculator Tool</s>
    <s>Challenge Champs</s>
    <s>Business Testimonials</s>
    <s>Resources &amp; FAQ's</s>
    <s>Contact Us</s>
    <s>Keene Green Team</s>
    <s>Woodstove Changeout</s>
    <s>Beaver Brook Restoration</s>
    <s>Habitat Restoration</s>
    <s>How You Can Help</s>
    <s>Invasive Species</s>
    <s>Public Education</s>
    <s>Water Quality Improvement</s>
    <s>Woodlawn Cemetery</s>
    <s>In this Section </s>
    <s>Airport Advisory</s>
    <s>Ashuelot River Park</s>
    <s>Assessors Board</s>
    <s>Bicycle/Pedestrian Path</s>
    <s>Board of Appeals</s>
    <s>Cable Television</s>
    <s>Cities for Climate Protect</s>
    <s>Conservation Commission</s>
    <s>Downtown Parking</s>
    <s>Heritage Commission</s>
    <s>Historic District</s>
    <s>Housing Authority</s>
    <s>Housing Standards Board</s>
    <s>Juvenile Conference</s>
    <s>Keene Development</s>
    <s>Library Board of Trustees</s>
    <s>M. L. King / J. Daniels</s>
    <s>Partner City</s>
    <s>Planning Board</s>
    <s>SW Region Planning</s>
    <s>Trustees of Trust Funds</s>
    <s>Zoning Board of Adj</s>
    <s>How Do I </s>
    <s>Apply for</s>
    <s>Home › government › boards &amp; commissions</s>
    <s>Juvenile Conference Committee</s>
    <s>Mission Statement</s>
    <s>Created to provide an early intervention, community-based program for first-time young offenders residing in Keene and surrounding towns within the jurisdiction of Keene District Court. This pre-adjudication alternative to formal court proceedings holds youth accountable to the community while minimizes a juvenile's penetration into the justice system.</s>
    <s>The Juvenile Conference Committee fosters a youth's sense of responsibility and accountability for their actions. The Committee's goal is to prevent further illegal activities and thereby reduce the impact that juvenile crime has on families and the community.</s>
    <s>Katherine Snow, Term expires Dec. 31, 2011</s>
    <s>Mark A. Roberts, Term expires Dec. 31, 2011</s>
    <s>Jeffrey Bergeron, Term expires Dec. 31, 2012</s>
    <s>Vacancy, Term expires Dec. 31, 2010</s>
    <s>Mary Delisle, Term expires Dec. 31, 2011</s>
    <s>Jerrold Kaufman, Term expires Dec. 31, 2010</s>
    <s>Joseph Langione, Term expires Dec. 31, 2012</s>
    <s>Judy Rogers, Term expires Dec. 31, 2011</s>
    <s>Jena Rutter, Term expires Dec. 31, 2012</s>
    <s>Jacala Mills, alternate, Term expires Dec. 31, 2011</s>
    <s>Rebecca Russell, alternate, Term expires Dec. 31, 2012</s>
    <s>Board Contact Info</s>
    <s>Juvenile Conference Committee meeting are held on Thursday mornings.</s>
    <s>Please contact the Youth Services Department for details.</s>
    <s>our city</s>
    <s>© 2011 City of Keene, New Hampshire. All Rights Reserved.</s>
    <s>Most Requested Pages</s>
    <s>Current Job Opportunities</s>
    <s>Property Value Lookup</s>
    <s>Parks, Recreation &amp; Cemeteries</s>
    <s>Police Department</s>
    <s>Purchasing Active Bids</s>
    <s>Contact Information</s>
    <s>3 Washington Street</s>
    <s>Keene, NH 03431</s>
    <s>Map and Directions</s>
    <s>City Website Policies</s>
    <s>Website Privacy Statement</s>
    <s>Website Link Policy</s>
  </text>
</page>
