<?xml version="1.0" encoding="UTF-8"?>
<!DOCTYPE page SYSTEM "page.dtd">
<page>
  <lang>en</lang>
  <url>http://asi.fullerton.edu/ucc/blueprints.asp</url>
  <title>Blueprints: Facilities Reservations Workshop | University ...</title>
  <snippet>
    <s>University Conference Center. Associated Students, CSUF, Inc. Blueprints: Facilities Reservations Workshop. Home &middot; About &middot; ASI Mission Statement &middot; History of </s>
  </snippet>
  <text>
    <s>CSUF | About | Your browser does not support the iframe tag.Tweet</s>
    <s>University Conference Center</s>
    <s>Associated Students, CSUF, Inc.</s>
    <s>Blueprints: Facilities Reservations Workshop</s>
    <s>ASI Mission Statement</s>
    <s>History of ASI</s>
    <s>Employment Opportunities</s>
    <s>Directions and Maps</s>
    <s>Social Media</s>
    <s>Upcoming Events</s>
    <s>This Week On Campus</s>
    <s>ASI Update</s>
    <s>2009-2010 Annual Report</s>
    <s>Student Recreation Center</s>
    <s>Hours of Operation</s>
    <s>Operating Policies</s>
    <s>Drop-In Fitness</s>
    <s>Intramural Sports</s>
    <s>Instructional Classes</s>
    <s>Personal Training</s>
    <s>Titan Youth Summer Programs</s>
    <s>Learn to Swim</s>
    <s>Rock Wall</s>
    <s>Facility Reservations</s>
    <s>Special Events</s>
    <s>iBelong to the SRC</s>
    <s>Support the Student Recreation Center</s>
    <s>Sustainable Design</s>
    <s>Titan Fitness Challenge</s>
    <s>Irvine Campus Fitness Center</s>
    <s>iCare Festival</s>
    <s>Titan Student Centers Gov. Board</s>
    <s>Refund Policy</s>
    <s>Student Government &amp; Programming</s>
    <s>Board of Directors</s>
    <s>Executive Staff</s>
    <s>Agendas &amp; Minutes</s>
    <s>Executive Senate</s>
    <s>Policies &amp; Bylaws</s>
    <s>Lobby Corps/Environmental Advocacy</s>
    <s>Budget &amp; Financial Statements</s>
    <s>Leadership Positions</s>
    <s>Research Grants</s>
    <s>Titan Student Centers Gov. Board</s>
    <s>ASI Productions</s>
    <s>Titan Tusk Force</s>
    <s>Leader and Program Development</s>
    <s>Titan Rewards Program</s>
    <s>Camp Titan</s>
    <s>Discount Tickets</s>
    <s>Employment Opportunities</s>
    <s>Health Insurance</s>
    <s>Titan Pride Center</s>
    <s>Office &amp; Locker Space</s>
    <s>College Legal Clinic</s>
    <s>Marketing &amp; Public Relations</s>
    <s>Titan Student Union</s>
    <s>Hours of Operation</s>
    <s>Operating Policies</s>
    <s>University Conference Center</s>
    <s>Food Services</s>
    <s>Information &amp; Services</s>
    <s>Discount Ticket Sales</s>
    <s>Mainframe Computer Lounge</s>
    <s>Titan Bowl &amp; Billiards</s>
    <s>Other Services</s>
    <s>Arts Program</s>
    <s>Titan Student Centers Gov. Board</s>
    <s>Children's Center</s>
    <s>Hours of Operation</s>
    <s>Classes &amp; Teachers</s>
    <s>Discipline Procedures</s>
    <s>Parent Handbook</s>
    <s>Fees &amp; FAQ</s>
    <s>Family Childcare</s>
    <s>Construction Photos</s>
    <s>Wish List</s>
    <s>Parenting Resources</s>
    <s>California Child Care Resource and Referral Network</s>
    <s>Arboretum Field Trip Story Book</s>
    <s>University Conference Center</s>
    <s>Hours and Reservable Areas</s>
    <s>Events Today in the TSU</s>
    <s>Reserve Space</s>
    <s>Contact Us</s>
    <s>Dining And Catering Information</s>
    <s>Conference and Meeting Rooms</s>
    <s>Event Planning Help</s>
    <s>CSUF Staff Event Planning Guide</s>
    <s>Searchable Calendar of Events</s>
    <s>Support Services &amp; Amenities</s>
    <s>Blueprints: Facilities Reservations Workshop</s>
    <s>OC Choice Catering</s>
    <s>Blueprints: Facilities Reservations Workshop</s>
    <s>On-Campus Facilities and Services Workshop</s>
    <s>Come to Blueprints to find out how to make the most of the facilities and services available to your campus organization. This highly informative and useful workshop will provide you with the essentials to effectively utilize university resources for your group’s event and program planning efforts. Specially designed for student leaders, Blueprints will assist you in coordinating meetings, conferences and campus events. Students must be currently enrolled through CSUF (non-extended education).</s>
    <s>Why Should I Attend Blueprints?</s>
    <s>Once you have attended Blueprints, you will receive authorization to reserve campus facilities for your on-campus student club or organization. Only those individuals who have attended Blueprints may make such reservations.</s>
    <s>What is the attendance policy?</s>
    <s>Students must arrive on time and stay for the duration of the workshop in order to receive certification to make reservations. Late attendants will be required to attend an alternate Blueprints date.</s>
    <s>Do I have to sign-up in advance to attend? Registration window opens June 26th</s>
    <s>Yes, you must register using Learner Web. Follow steps 1 through 7:</s>
    <s>1. Log onto your Student Portal</s>
    <s>2. Click on the tab labeled &quot;Student Training&quot; This will then take you to the CSUF Training site.</s>
    <s>3. Click on Student Life Programs Trainings, Student Organization Resource Center label or click on the Student Life Programs image.</s>
    <s>4. Click on the &quot;Catalog Icon&quot; located on the left side bar.</s>
    <s>5. Go to the drop down menu and highlight Student Life Programs trainings/ Workshops then click search.</s>
    <s>6. Locate Blueprints training and click enroll.</s>
    <s>7. Identify which training you will like to attend and click the register icon.</s>
    <s>Note: If you are unable to attend the workshop you have registered for, you will be responsible to cancel your registration within 24hrs of the workshop. SPACE IS LIMITED TO THE FIRST 40 PEOPLE.</s>
    <s>Blueprint Workshop Schedule</s>
    <s>TSU Legislative Chambers 1 &amp; 2</s>
    <s>TSU Ontiveros ABC</s>
    <s>TSU Ontiveros ABC</s>
    <s>TSU Ontiveros ABC</s>
    <s>TSU Ontiveros ABC</s>
    <s>TSU Ontiveros ABC</s>
    <s>TSU Ontiveros ABC</s>
    <s>TSU Ontiveros ABC</s>
    <s>TSU Ontiveros ABC</s>
    <s>TSU Ontiveros ABC</s>
    <s>TSU Ontiveros ABC</s>
    <s>TSU Ontiveros ABC</s>
    <s>TSU Ontiveros ABC</s>
    <s>TSU Ontiveros ABC</s>
    <s>TSU Ontiveros ABC</s>
    <s>Students must arrive on time and stay for the duration of the workshop in order to receive certification to make reservations. Late attendants will be required to attend an alternate Blueprint date.</s>
    <s>University Conference Center</s>
    <s>Hours and Reservable Areas</s>
    <s>Events Today in the TSU</s>
    <s>Reserve Space</s>
    <s>Contact Us</s>
    <s>Dining And Catering Information</s>
    <s>Conference and Meeting Rooms</s>
    <s>Event Planning Help</s>
    <s>CSUF Staff Event Planning Guide</s>
    <s>Searchable Calendar of Events</s>
    <s>Support Services &amp; Amenities</s>
    <s>Blueprints: Facilities Reservations Workshop</s>
    <s>OC Choice Catering</s>
    <s>Part Of The</s>
    <s>Titan Student Centers</s>
    <s>Upcoming Events</s>
    <s>Blueprints Workshop</s>
    <s>Tue, 10/18, Noon-1:30pm, TSU Ontiveros ABC</s>
    <s>This site may contain links to websites not administered by California State University, Fullerton, or one of its divisions, departments, units or programs. California State University, Fullerton, is not responsible or liable for the accuracy or the content of linked pages.</s>
    <s>Your browser does not support the iframe tag.Tweet</s>
    <s>(657) 278-2468 | 800 N. State College Blvd. | P.O. Box 6828 Fullerton, CA 92834 | California State University, Fullerton | Mobile Site</s>
    <s>Copyright (C) 2011 Associated Students, Inc. California State University, Fullerton. All Rights Reserved. Best viewed in Chrome, Safari, or Firefox.</s>
  </text>
</page>
