<?xml version="1.0" encoding="UTF-8"?>
<!DOCTYPE page SYSTEM "page.dtd">
<page>
  <lang>en</lang>
  <url>http://www.arava.org/faculty.asp%3Ffid%3D102</url>
  <title>2011 AAPEN Conference Report</title>
  <snippet>
    <s>Feb 3, 2011 The 2011 Conference Organizing Committee, made up of alumni from various Following the presentations and a coffee break, all conference </s>
  </snippet>
  <text>
    <s>عَرَبيْ | עברית</s>
    <s>Donate Now</s>
    <s>Contact Us | Financial Reports</s>
    <s>About Us</s>
    <s>The Arava Center for Sustainable Development</s>
    <s>Intern with Arava</s>
    <s>Contact Us</s>
    <s>2011 AAPEN Conference Report</s>
    <s>2011 AAPEN Conference Report</s>
    <s>February 3-5, 2011</s>
    <s>DAY 1 - THURSDAY FEBRUARY 3, 2011</s>
    <s>On February 3rd, over 100 alumni and affiliates of the Arava Institute gathered in Aqaba, Jordan for the annual Arava Alumni Peace and Environmental Network (AAPEN) Conference. In our largest alumni conference to date, an amazing group of individuals gathered together to participate in workshops, lectures with inspiring speakers, communication and planning sessions, alumni-led activities as well as social opportunities, networking, and cultural activities.</s>
    <s>Arrival and Welcome:</s>
    <s>On Thursday the participants arrived in the evening and were welcomed by the director of the Institute, David Lehrer, and the Chair of the AAPEN Conference Committee, Suleiman (Jordan). After inspirational welcoming remarks from David and Suleiman, Shira (Israel), a committee member of AAPEN in 2010, facilitated two ice-breaker and teambuilding activities that cultivated and demonstrated the rising energy and positive atmosphere amongst the participants.</s>
    <s>Eco-ME Centre and AAPEN JAM Presentation</s>
    <s>After dinner in the hotel, the group reconvened to hear four alumni give a presentation on the Eco-ME Centre and the AAPEN JAM. The Eco-ME Centre (http://picasaweb.google.com/Ilana.S.Meallem/EcoMECentreFirst6Weeks), located near Jericho, was recently established by four AIES alumni and one non-alumni partner as a place where Palestinians and Israelis can easily meet in a setting that is inclusive, sustainably built and maintained, and accessible. Currently its location is temporary and they hope to find a permanent site soon.</s>
    <s>The Arava Alumni Leadership Jam in collaboration with YES (www.yesworld.org) and Ocean Robbins, brought together a group of 24 diverse AIES alumni for 5 intensive days in the Wadi Ram Desert - Jordan. Some of the outcomes were; a deepening and building of authentic relationships between alumni, invigoration of the AAPEN and alumni projects, rejuvenation of body, mind and spirit and time to reflect on the post Arava Experience and its influence on the personal, social and professional realms. As a supplement to the presentation a film shot during the AAPEN Jam made by Israeli alumnus Elan (Israel) was shown to the group. (http://www.youtube.com/watch?v=N77kZs0ltb4)</s>
    <s>Through learning about EcoME and the AAPEN Jam the alumni could see that the visions proposed and discussed at last year's conference are being implemented into real projects only a year later. Alumni learned of specific opportunities to become involved in the &quot;practice&quot; of coexistence and environmental work rather than just the theory AIES students learn at the Institute.</s>
    <s>Speaker From Engineers Without Borders - Palestine</s>
    <s>Following the EcoME presentation, Amer of Engineers Without Borders - Palestine (http://www.ewb-palestine.org) spoke about his experience working in the environmental field in the Palestinian Authority. The alumni had many questions about EWB Palestine's work and several made the effort to connect with Amer in order to collaborate on future projects. In recent years the Arava Institute has sent alumni to participate in Engineers Without Borders conferences and is hoping to strengthen the relationship between the organizations - perhaps even establishing an EWB chapter at the Institute.</s>
    <s>Closing The First Night</s>
    <s>Once the scheduled conference activities ended for the night, the alumni scattered throughout the hotel to form drumming circles on the balcony, initiate artistic drawing games inside the conference room, and socialize amongst their friends and partners - some whom they see only at AIES events. The 2011 Conference Organizing Committee, made up of alumni from various years and regions, met to touch base and review the schedule for the next two days.</s>
    <s>DAY TWO - FRIDAY FEBRUARY 4, 2011</s>
    <s>Alumni Presentations</s>
    <s>The conference activities on Friday relied on a high level of alumni facilitation, planning and involvement. After breakfast and an active &quot;get-to-know-you&quot; game led by Sawsan (Jordan), Osama (Jordan) facilitated a session of alumni presentations providing the chance for individuals to share information about the various projects and work they are personally involved in around the world. Yonatan (Israel) spoke about his experience working for Earthcorps (www.earthcorps.org) in the Northwest of the United States, doing hands-on direct service work in the environmental conservation field. Gonen (Israel) who has recently been hired to coordinate the AIES project YEEPI (Youth Environmental Education Peace Initiative) funded by USAID, updated the group on the progress made so far in connecting to potential partners. Assaf (Israel) and Liel (Israel) spoke about several ongoing projects in the Jerusalem area, including building biodigesters in Jahalin and developing a language exchange program between Israelis and Palestinians. Yair (Israel) showed a video (http://www.youtube.com/watch?v=DHt041xqQ1k) that was recently produced by Elan (Israel), about the village of Susya near Hebron where a team of alumni are working in partnership with the community and local organizations to build grey-water system and biodigesters, Dana (Israel) presented on a project called the &quot;Programme of Assistance for the Palestinian People&quot; funded by the Municipal Alliance for Peace initiative, and Zein (Jordan) presented Green Echo, an initiative in Jordan started by several alumni working together on various environmental and greening projects.</s>
    <s>In addition, AIES staff member Tali Adini spoke about the opportunity to stay involved with AIES after being a student through the Eco-Paths Department, and gave information on the Hazon-AIES Israel Bike Ride that recruits alumni crew members each year. (http://www.hazon.org/go.php?q=/rides/2010IL/cycleFromJerusalemToEilat - IsraelRide 2010.html)</s>
    <s>&quot;Open Space&quot;</s>
    <s>Following the presentations and a coffee break, all conference participants divided into smaller groups for an &quot;open space&quot; session facilitated by Yair W (Israel). Volunteers signed up to &quot;host&quot; a group on the topic of their choice and interest to learn from each other in a setting more conducive for specific discussion. Maya (Israel) hosted a group about a health impact assessment tool, Abra K (Israel) hosted a conversation on how to make connections through art and the potential to host a women's weekend for alumni at the EcoME Centre, Jennifer (Israel) hosted a group on EcoME, Gonen presented YEEPI and outlined the program with intention to recruit leaders for the growing project, Tamir (Israel) spoke about a vision of water landscaping and water containment in the Middle East based on a project in the PRV called Tamera in Portugal, Amirit (Israel) hosted a group discussing the variety of voices that are heard in the Middle East conflict and the importance of examining one's own community, Assaf (Israel) and Liel (Israel) discussed how to get a team together to promote environmental issues, and Yair T (Israel) welcomed a group to learn about Susya and come and work on the biodigester project. There were two rounds and people were given the opportunity to continue working with their first chosen group or initiate or join a new group. After concluding the second round, a member of each different group briefly summarized their discussion to all conference participants.</s>
    <s>Fares Shaddad - &quot;Decision Making and Time Management&quot;</s>
    <s>After lunch Fares Shaddad of Rotary International in Jordan led an interactive workshop on &quot;Decision Making and Time Management.&quot; He presented various topics and asked people to talk in pairs or small groups as well as discuss ideas amongst the large group. The workshop provided a specific development opportunity for young leaders who are committed to work, study, activities and projects which creates a necessity for skilled time management and decision making.</s>
    <s>Evening Activities and Dialogue Groups for Personal Communication</s>
    <s>Following a full day of information and dialogue, the pace slowed slightly as Shabbat arrived and the opportunity for reflection, cultural learning and sharing were facilitated by alumni. Ilana (Israel) hosted an open prayer time with music, and afterwards there was a Jewish Kabbalat Shabbat service and candle lighting available for people of any faith to join, as well as a time to rest and prepare for the evening.</s>
    <s>In order to allow deeper personal communication similar to the level that occurs while the alumni are studying at AIES, the conference participants were invited to join an alumni-led, small group personal growth and communication session. Each group was facilitated by two alumni who created a space for people to openly share about issues and ideas that are relevant to their personal lives and their experience post-AIES. Although guests and AIES affiliates were welcomed at the conference, it was requested that only alumni join this session in order to allow them to speak freely about the changes they have felt in their lives in the years since being at the Institute. Although the group participants weren't asked to speak about something specific, generally the topics were easy for each person to relate to, although they came from different backgrounds, cultures and didn't all know one another before that meeting. The alumni recognize their shared experience manages to transcend many social barriers and creates a strong and supportive space where communication can become deep and meaningful. This proved true for many alumni who participated in the session, and there was a general sense of appreciation for the chance to talk about what is important for each individual.</s>
    <s>In one of the four groups, the facilitators asked their group of about 12 people to share or raise questions on what is important to them regarding the experience with AIES or personal dilemmas. Each person wrote on a piece of paper something that came to mind and then read them aloud. Topics raised included academic studies vs. practical field work, the current political situation in the Middle East but there was an emphasis on discussing personal feelings about community and what it means to each individual, how they want to live their lives in relation to all these issues, and the dilemmas regarding how to deal with the criticism alumni sometimes receive from their families and peers while doing peace work. It was a session with a high level of participation in an environment conducive both to laughter and sincerity.</s>
    <s>Dinner and Networking</s>
    <s>In high spirits, the conference participants transitioned themselves for an evening of socializing and networking, and walked together to Captain's Restaurant for a dinner out in Aqaba. Afterwards, the Conference Organizing Committee met over tea and coffee to discuss the events so far and what was to come on the final day. A group of alumni found resources to initiate a dance party in the conference room of the hotel and many danced the rest of the evening, while others spent time talking and following up with the interesting new people they had met the past two days.</s>
    <s>DAY 3 - SATURDAY FEBRUARY 5, 2011</s>
    <s>Structure and Organization of AAPEN</s>
    <s>The air was filled with energy and excitement as the last day of the conference began with an informative session led by Suleiman (Jordan), the Chair of the Conference Organizing Committee, who spoke about the current structure and organization of the Arava Alumni Peace and Environmental Network. He and Elad (Israel) the former Chair of AAPEN who is now stepping down in order to allow more time for his job and family, presented the proposed changes for the coming year. Elad passed along information about the progress of the last year, and solicited feedback from alumni on what they want to get from a network that keeps them connected to AIES and their peers. Suleiman spoke about the vision for creating a feasible and sustainable structure to support AAPEN in the near future and together they described the elections that would take place after lunch. Much of the dialogue that engaged the alumni throughout the weekend regarding AAPEN was at the forefront of participants minds, as a clear chance to become involved presented itself.</s>
    <s>Keynote Speaker - T.H. Culhane of Solar CITIES</s>
    <s>In order to allow new ideas to settle in and for people to nominate themselves or other alumni to be on the AAPEN committee for the next year, there was a coffee break and Sharon Benheim, the Director of Alumni Projects, introduced T.H. Culhane as the keynote speaker. A charismatic and engaging speaker, T.H. had the room's full attention as he described his non-governmental organization Solar CITIES., and his work installing rooftop solar water heaters on the roofs of poor neighborhoods where the trash collectors of Cairo live. (http://www.nationalgeographic.com/field/explorers/culhane-thomas-09, http://thculhane.blogspot.com, http://www.youtube.com/watch?v=eFhZni qqOE)</s>
    <s>The positive response to the presentation by T.H. was unmistakable and in addition to fielding many questions during his session, during lunch it was difficult to find an empty seat near him. The conference participants enjoyed their last meal of the weekend together then the group once again gathered in the large conference room and turned their attention to big tasks ahead.</s>
    <s>AAPEN Elections</s>
    <s>After briefly speaking as a group, the alumni split into four groups based on the region where they are currently living and see themselves living in the meantime: Jordan, the Palestinian Authority, Israel and overseas.</s>
    <s>In an earlier session alumni were given a chance to nominate themselves and their peers for the new AAPEN committee. In each regional break-out group the participants held discussions and elected their representatives from those who were nominated (people both present and not present) with the exception of the overseas group. The only other country with a group present was the United States so the ten American attendees held a more intimate conversation on their relationship to AAPEN living outside the region and the direction they would like to take regarding the relationship between American alumni, AIES and AAPEN. In the Israel, Palestine and Jordan groups there were conversations regarding what visions people held for their own region and how they would like to guide it. There was a general desire to become involved and run programs, projects and ideas with support but not dependence on AIES.</s>
    <s>New Committee Members Elected</s>
    <s>In Israel, the group selected Amirit, Assaf, Maya and Shira as committee members to represent them. In Palestine, current Program Assistant Adli became the Chair for the committee with Ghaleb, Sabrine, and Abeer as committee members. In Jordan, Suleiman became the Chair with committee members Wafa'a, Sawsan and Osama. Suleiman, Adli and Shira are the current international committee committed to helping move AAPEN forward for the next year.</s>
    <s>Concluding Ceremony and Closing Remarks</s>
    <s>The conference elections were concluded and the group came together for a closing ceremony. Participants were asked for any feedback, comments, ideas or announcements and various people invited the others to upcoming events, shared a thought on the conference, gave recognition to someone, or expressed themselves in another way. Everyone gathered in a single large circle and each was asked to step in and state an intention they have for the future. Some people expressed a desire to spend more time visiting their partners and friends in different regions, some announced environmental goals, and others spoke directly about something inspiring from the conference.</s>
    <s>There was one last burst of liveliness in the room with goodbyes, hugs, exchanging contact information, scrambling for luggage and heading for the busses. Most people still had a long journey home, and those traveling together still had time to continue the conversations they had started. Some were headed for border crossings in the north, others in the south. In order to arrive at the conference each participant undertook a journey, fully aware of the effort it takes to get such a group together in this region. But for each person who came and many who were unable to come, this effort is worth. For alumni to be gathered in a room with each other and be given the opportunity to make so many connections is something special for them and the energy was amazing.</s>
    <s>The lingering feeling after each person departed was of inspiration, hope and excitement for the next time alumni would be able to gather together.</s>
    <s>Summary of Alumni Projects</s>
    <s>EcoME Centre - EcoME-centre@googlegroups.com (email) http://picasaweb.google.com/Ilana.S.Meallem/EcoMECentreFirst6Weeks</s>
    <s>A project of four alumni and one non alumni, EcoME is a site built in an easily accessible area for Palestinians and Israelis to gather together in a setting that is inclusive, sustainability and maintained, and can be reached without crossing checkpoints within Israel. The Centre currently hosts various individuals and groups for different lengths of time including alumni, and the team is involved in many AAPEN and AIES projects and initiatives.</s>
    <s>Susya Biodigesters Project - http://www.youtube.com/watch?v=DHt041xqQ1k</s>
    <s>Several alumni are working in the village of Susya near Hebron to build biodigesters that produce cooking gas for the community. The alumni team is working in partnership with the Susya community and local organizations such as the Villages Group, and have now built several biodigesters, as well as grey-water systems which are in used and maintained by the community. Environmental education, hands-on involvement and decision making by community members is an essential part of the project; the alumni spend a great deal of time in the village, working closely with the men, women and children in creating success for this project.</s>
    <s>AAPEN Jam - http://www.youtube.com/watch?v=N77kZs0ltb4</s>
    <s>The Arava Alumni Leadership Jam in collaboration with YES (www.yesworld.org) and Ocean Robbins, brought together a group of 24 diverse AIES alumni for 5 intensive days in the Wadi Ram Desert - Jordan. Some of the outcomes were; a deepening and building of authentic relationships between alumni, invigoration of the AAPEN and alumni projects, rejuvenation of body, mind and spirit and time to reflect on the post Arava Experience and its influence on the personal, social and professional realms. As a supplement to the presentation a film shot during the AAPEN Jam made by Israeli alumnus Elan (Israel) was shown to the group.</s>
    <s>Jerusalem Projects-</s>
    <s>Several initiatives are ongoing in Jerusalem and have high levels of involvement by alumni, including Assaf (Israel) and Liel (Israel) who presented them to the group. Included is a language-learning exchange program for Arabic and Hebrew, building biodigesters in nearby Jahalin, and initiating an alumni house with projects for coexistence and environment.</s>
    <s>Green Echo-</s>
    <s>An initiative in Jordan started by several alumni working together on various environmental and greening projects.</s>
    <s>Youth Environmental Education Peace Initiative</s>
    <s>A new project of the Arava Institute, funded by USAID whose overall goal is to reduce tension and conflict and increase understanding between Jewish and Arab Israeli high school children in order to advance solutions to common environmental issues. 10 Arab and Jewish Arava Institute graduates will participate in a 6-month inter-cultural environmental educators' training course and as trained &quot;YEEPI Leaders&quot; will work in Arab-Jewish partnerships to implement a year-long environmental education program in partnered Jewish and Arab high schools in Israel. Approximately 30 youth from each high school will participate in each program. Through YEEPI, Arava alumni will strengthen their own ties across the Israeli Arab-Jewish divide, inspire a new generation of young people to overcome political tension, and demonstrate the power of coexistence to large communities. Currently, Gonen and Hanadi are the coordinators for the project, the selection of YEEPI leaders is in process, and trainings will begin in April.</s>
    <s>Programme of Assistance for the Palestinian People - http://www.undp.ps/en/index.html</s>
    <s>A project funded by the Municipal Alliance for Peace initiative that aims to promote cooperation between Palestinian, Israeli and European municipalities around environmental issues, youth exchange, economic development and municipal management.</s>
    <s>2011 AAPEN Conference Schedule</s>
    <s>Thursday, February 3rd - Saturday, February 5th</s>
    <s>Thursday, February 3</s>
    <s>17:00-18:00 Check in/conference registration with Lindsey</s>
    <s>18:00-19:00 Opening and welcome with David and Suleiman</s>
    <s>19:00-20:00 Eco-ME presentation by alumni</s>
    <s>20:00-21:00 Dinner at hotel</s>
    <s>21:00-22:00 Speaker from Engineers Without Borders - Amer</s>
    <s>Friday, February 4</s>
    <s>8:00-9:00 Breakfast at hotel</s>
    <s>9:00-10:30 Presentations by alumni on their current projects and work</s>
    <s>10:30-11:00 Break with coffee and refreshments</s>
    <s>11:00-12:30 &quot;Open space&quot; session - facilitated by alumnus Yair Wahle</s>
    <s>12:30-1:00 Presentation and summary of open space</s>
    <s>13:00-14:00 Lunch at hotel</s>
    <s>14:00-16:00 Decision Making &amp; Time Management Workshop - Fares Shaddad</s>
    <s>16:00-16:30 Free time/ rest time</s>
    <s>16:30-17:00 Open Prayer Time with Music - facilitated by alumna Ilana Meallem</s>
    <s>17:00-17:45 Optional Kabbalat Shabbat service and Candle Lighting</s>
    <s>17:45-19:45 Alumni-led personal communication session</s>
    <s>19:45-20:00 Optional Kiddush and motzi (Shabbat blessings)</s>
    <s>17:45-onwards Dinner at Captain's Restaurant</s>
    <s>Saturday, February 5</s>
    <s>7:30-8:00 Checkout from rooms</s>
    <s>8:00-9:00 Breakfast at hotel (networking)</s>
    <s>9:00-10:30 AAPEN Proposal of new structure and organization</s>
    <s>10:30-11:00 Break with coffee and refreshments</s>
    <s>11:00-12:30 Keynote Speaker - T.H. Culhane</s>
    <s>12:30-13:30 Lunch at hotel (networking)</s>
    <s>13:30-14:30 Regional meetings/AAPEN Committee nominations</s>
    <s>14:30-15:30 Conclusion and Ending Ceremony</s>
    <s>15:30-16:00 Busses leave</s>
    <s>PRINTBACK TO TOP</s>
    <s>Join our Newsletter</s>
    <s>Read all newsletters</s>
    <s>Connect with the Arava Institute</s>
    <s>Upcoming Events</s>
    <s>October 2011</s>
    <s>View full calendar</s>
    <s>מכון הערבה ללימודי הסביבה (ע&quot;ר) | معهد وادي عربة للدراسات البيئية | The Arava Institute for Environmental Studies</s>
    <s>Kibbutz Ketura | D.N. Hevel Eilot 88840 | Israel | Tel. 972-8-6356618 | Fax 972-8-6356634 | All rights reserved</s>
  </text>
</page>
