<?xml version="1.0" encoding="UTF-8"?>
<!DOCTYPE page SYSTEM "page.dtd">
<page>
  <lang>en</lang>
  <url>http://lit2quit.wordpress.com/presentations/</url>
  <title>Presentations « Lit 2 Quit!</title>
  <snippet>
    <s>Teachers College Educational Technology Conference 2011, Columbia University, New York City, Poster “Lit2Quit: A Mobile Game for Smokers”; Presentation: </s>
  </snippet>
  <text>
    <s>Lit 2 Quit!</s>
    <s>a mobile game for smoking reduction</s>
    <s>Principal Investigator</s>
    <s>Primary Research Team</s>
    <s>Azadeh Jamalian</s>
    <s>Pazit Levitan</s>
    <s>Jessica Mezei</s>
    <s>Adrienne A. Garber</s>
    <s>Jessica Hammer</s>
    <s>Kathleen A. O'Connell</s>
    <s>Sandra Okita</s>
    <s>Development Team</s>
    <s>Roy Coopervasser</s>
    <s>Josh Knowles</s>
    <s>Josh Larson</s>
    <s>Part Time Research Team</s>
    <s>Dan Rabinowitz</s>
    <s>Contact Us</s>
    <s>Games for Change Festival 2011, New York City. Presentation in &quot;Trends in Gaming: Mobile, Direct Action, Facebook&quot;.</s>
    <s>Teachers College Educational Technology Conference 2011, Columbia University, New York City, Poster &quot;Lit2Quit: A Mobile Game for Smokers&quot;; Presentation: &quot;Lit2Quit: Design Implications of Gesture-Based Interaction, Beta Update and New Analysis&quot;.</s>
    <s>Meaningful Play 2010, East Lansing, Michigan, Presentation: &quot;A Mobile Game Aiming to Evoke Arousal Effects of Nicotine&quot;</s>
    <s>Games, Learning, Society Conference (GLS) 2010, Madison, Wisconsin, Poster, &quot;Educated by Design: Lit to Quit - A Mobile Game for Smoking Reduction&quot;</s>
    <s>Games for Health (G4H) 2010, Boston, MA, Presentation: “Lit to Quit: How a mobile game might help you stop smoking!”. pdf</s>
    <s>Scratch Day 2010, Teachers College, New York,NY, Presentation: &quot;Lit: A Mobile Game Project for Health&quot;</s>
    <s>Teachers College, Educational Technology Conference (TCETC) 2010, New York, NY, Presentation, &quot;Lit to Quit: How a Mobile Game Might Help You Stop Smoking!&quot;</s>
    <s>American Educational Research Association (AERA) 2010, Denver, CO, Presentation: “Lit: Critical Game Design for Health”. pdf</s>
    <s>Games Developers Conference (GDC) 2010, San Francisco, CA, Presentation: “Lit to Quit, A Mobile Game for Health”. pdf</s>
    <s>Digital Games Research Association (DIGRA) 2010, London, England, Poster, “Lit: Game Intervention for Nicotine Smokers.”</s>
    <s>Games for Health (G4H) 2009, Boston, MA, Poster, “Lit: Game Intervention for Nicotine Smokers.”</s>
    <s>Games for Change (G4C) 2009, New York, NY, Poster, “Lit: Game Intervention for Nicotine Smokers.”</s>
    <s>Teachers College, Educational Technology Conference (TCETC) 2009, New York, NY, Presentation, “Lit: Game Intervention for Nicotine Smokers.” pdf</s>
    <s>Comments are closed.</s>
    <s>Lit 2 Quit</s>
    <s>Lit may help smokers reduce or quit smoking. This research and design project aims to find out!</s>
    <s>RSS FEED</s>
    <s>Become a fan on Facebook</s>
    <s>Follow us on Twitter</s>
    <s>Robert Wood Johnson Foundation</s>
    <s>Blog at WordPress.com. | Theme: monochrome by mono-lab.</s>
    <s>Follow Lit 2 Quit!</s>
    <s>Get every new post delivered to your Inbox.</s>
    <s>Powered by WordPress.com</s>
  </text>
</page>
