<?xml version="1.0" encoding="UTF-8"?>
<!DOCTYPE page SYSTEM "page.dtd">
<page>
  <lang>en</lang>
  <url>http://www.ellishotel.com/plan-meetings/</url>
  <title>Plan Meetings or Private Events in Downtown Atlanta, GA | The Ellis ...</title>
  <snippet>
    <s>Meeting Room Rental Waived - Complimentary Morning Coffee Break (10 RNS or more). Not valid with any other promotion or previously signed contracts. </s>
  </snippet>
  <text>
    <s>!Plan Meetings in Downtown Atlanta, GA | The Ellis Hotel, Georgia</s>
    <s>RATED 2 Business hotel IN ATLANTA by TripAdvisor. Meetings are uniquely different at the Ellis Hotel in downtown Atlanta Georgia. We think outside the box!</s>
    <s>An excellent choie for intimate corporate meetings or gatherings, the historic Ellis Hotel features two stylish meeting rooms offering flexible meeting space with wireless internet access, accommodating up to 75 guests for a reception. We focus on quality and experience, yielding productive executive retreats, board meetings, wonderful awards banquet or any other business event.</s>
    <s>CALL FOR GROUP RATE SPECIALS</s>
    <s>Book 10 Room nights or more and mention Website Group Special to receive $115 room rates. Valid September - December - Based on Availability. Certain blackout dates apply.</s>
    <s>Meeting Room Rental Waived - Complimentary Morning Coffee Break (10 RNS or more)</s>
    <s>Not valid with any other promotion or previously signed contracts.</s>
    <s>iPad2 Promotion</s>
    <s>Enjoy Hot Dates and Cool Rates *at the Ellis Hotel, offering special rates for groups booking ten or more ROOM NIGHTS. Special iPad2 GIFT CERTIFICATE offer with booking of 20+ room NIGHTS, meeting room and food &amp; beverage. *</s>
    <s>Please contact the Ellis Hotel Sales Department to get rate information for a group reservation.</s>
    <s>Phone: 678.651.2771</s>
    <s>Email: orostova@ellishotel.com ; hostrzega@ellishotel.com</s>
    <s>*Certificate mailed upon full payment of total bill.</s>
    <s>Count on our creative catering facilities and dedicated meeting professionals at the Ellis Hotel to deliver a successful outcome down to the last detail, including serving delicious breakfast, lunch and dinners.</s>
    <s>We also offer a business center, and modern business amenities and equipment for your convenience.</s>
    <s>!The Ellis Hotel</s>
    <s>Offering luxury guest accommodations, elegant meeting space, and a grand tradition of hospitality, The Ellis offers business travelers an historic haven from conventional luxury hotels in downtown Atlanta. Your clients and colleagues will appreciate our business friendly service, including expert event planning, creative catering, and a modern business center.</s>
    <s>Prominent nearby businesses include Georgia World Congress, AT&amp;T;, Bank of</s>
    <s>America Offices, Coca-Cola, Ernst &amp; Young, Georgia Pacific, SunTrust and Deloitte.</s>
    <s>(C) 2011 the ellis hotel on Peach Tree. All rights reserved. | 176 Peachtree Street NE, Atlanta, GA 30303</s>
    <s>The reviews that appear on this page were selected by Ellis Hotel from actual reviews posted by users on popular travel websites identified by the logos next to each review. These reviews are solely the opinions of the individual users of the travel websites, and do not express the opinion of TravelCLICK or the travel websites. The reviews are not edited. Neither Ellis Hotel nor TravelCLICK, Inc. is in any way responsible or liable for any content or material posted by users. All of the text, images, logos, marks, and other content related to guest reviews are the property of their respective owners. Use of this site constitutes acceptance of the Privacy Policy.</s>
  </text>
</page>
