<?xml version="1.0" encoding="UTF-8"?>
<!DOCTYPE page SYSTEM "page.dtd">
<page>
  <lang>en</lang>
  <url>http://www.autodeskresearch.com/news</url>
  <title>News and Updates - Autodesk Research</title>
  <snippet>
    <s>The conference, being held in mid-November, is considered the premiere event in track residual microorganisms worldwide from the surface of paper currency using . Ramtin Attar Invited Talk at Society for Environmental Graphic Design </s>
  </snippet>
  <text>
    <s>Work With Us</s>
    <s>Autodesk Researchers show the important role of Design and Simulation for Sustainability</s>
    <s>October 6, 2011</s>
    <s>Two Papers Accepted at Premiere Building Performance Simulation Event</s>
    <s>September 9, 2011</s>
    <s>Francesco Iorio's Collaboration on the Enumeration of Costas Arrays of Order 29 to be Published in &quot;Advances in Mathematics of Communications&quot; Journal</s>
    <s>July 22, 2011</s>
    <s>Autodesk Research Involved with Bioweathermap Project to Investigate Germ Diversity</s>
    <s>July 15, 2011</s>
    <s>Autodesk Research Goes 5/5 at ACM UIST 2011</s>
    <s>June 24, 2011</s>
    <s>News and Updates</s>
    <s>Keep up to date with the latest new and updates from Autodesk Research.</s>
    <s>Autodesk Researchers show the important role of Design and Simulation for Sustainability</s>
    <s>October 6, 2011 -- Toronto, ON, Canada</s>
    <s>In his article, “Swimming Upstream in Sustainable Design”, Autodesk researcher, Azam Khan, offers his insights on HCI sustainability efforts not only downstream (primarily focusing on consumption), but also the importance of including upstream considerations (primarily focusing on the design and manufacturing phases). Also, in the September/October issue of Architectural Design, Andrew Marsh and Azam Khan promote innovative directions for sustainability in the built environment in “Simulation and the Future of Design Tools for Ecological Research”. Along with the article, Autodesk was selected for the coveted cover image, a work developed together with fellow Autodesk scientist, Duncan Brinsmead.</s>
    <s>Two Papers Accepted at Premiere Building Performance Simulation Event</s>
    <s>September 9, 2011 -- Sydney, Australia</s>
    <s>Autodesk Researchers, Rhys Goldstein, Michael Glueck, Alex Tessier and Azam Khan, have their two papers, &quot;Real-Time Compression of Time Series Building Performance Data&quot; and &quot;Space Layout in Occupant Behavior Simulation&quot; accepted at the IBPSA-AIRAH Building Simulation 2011 Conference, held this year in Sydney, Australia. The conference, being held in mid-November, is considered the premiere event in the building performance simulation field.</s>
    <s>Francesco Iorio's Collaboration on the Enumeration of Costas Arrays of Order 29 to be Published in &quot;Advances in Mathematics of Communications&quot; Journal</s>
    <s>July 22, 2011</s>
    <s>Konstantinos Drakakis, Francesco Iorio, Scott Rickard, and John Walsh will have their paper, &quot;Results Of The Enumeration Of Costas Arrays Of Order 29&quot; published in an upcoming issue of the Advances in Mathematics of Communications (AMC) journal, as a direct supplement of their earlier publication on Costas Arrays of order 28 and required a total of 366 CPU years to compute.</s>
    <s>Autodesk Research Involved with Bioweathermap Project to Investigate Germ Diversity</s>
    <s>July 15, 2011 -- San Francisco, CA, USA</s>
    <s>In collaboration with the Knight Lab (including George Church and Rob Knight) and the Personal Genome Project (with Jason Bobe), Autodesk Research helps codesign the demo application for the Bioweathermap project, a collaborative science initiative launched last year to collect and track residual microorganisms worldwide from the surface of paper currency using high-speed DNA sequencing. Read more about the project through Forbes.com</s>
    <s>Autodesk Research Goes 5/5 at ACM UIST 2011</s>
    <s>June 24, 2011 -- Santa Barbara, California, USA</s>
    <s>The User Interface Research Group had all five of their research paper submissions to the ACM Symposium on User Interface Software and Technology (UIST) accepted for publication. UIST is one of the most prestigious and competitive conferences in the field of human-computer interaction, and will take place in October of 2011, in Santa Barbara, CA. The papers will be presented by Autodesk Researchers Justin Matejka and Wei Li, and Autodesk Research Interns Michael Ekstrand, Jennifer Fernquist, and Michelle Annett.</s>
    <s>The accepted papers are:</s>
    <s>IP-QAT: In-Product Questions, Answers &amp; Tips</s>
    <s>Justin Matejka, Tovi Grossman, George Fitzmaurice</s>
    <s>Medusa: A Proximity-Aware Multi-touch Tabletop</s>
    <s>Michelle Annett, Tovi Grossman, Daniel Wigdor, George Fitzmaurice</s>
    <s>Sketch-Sketch Revolution: An Engaging Tutorial System for Guided Sketching and Application Learning</s>
    <s>Jennifer Fernquist, Tovi Grossman, George Fitzmaurice</s>
    <s>TwitApp: In-product Micro-Blogging for Design Sharing</s>
    <s>Wei Li, Tovi Grossman, Justin Matejka, George Fitzmaurice</s>
    <s>Searching for Software Learning Resources using Application Context</s>
    <s>Michael Ekstrand, Wei Li, Tovi Grossman, Justin Matejka, George Fitzmaurice</s>
    <s>Paper accepted at the MARC Symposium</s>
    <s>June 15, 2011 -- Ettlingen, Germany</s>
    <s>Autodesker researcher, Francesco Iorio, in collaboration with Marco Fais have their paper “Fast Fluid Dynamics on the Single-chip Cloud Computer” accepted at the 3rd Annual Many-core Applications Research Community (MARC) Syposium, an event which promotes research and scientific exchange within the domain of many-core applications research including Intel's SCC experts and MARC researchers. Fais will be presenting the work at the event, which will take place at the Fraunhofer-Institut für Optronik, Systemtechnik und Bildauswertung (IOSB) in Ettlingen, Germany on July 5-6, 2011.</s>
    <s>Rhys Goldstein to Speak at &quot;Symposium on Occupancy &amp; Plug Loads in Building Simulation&quot;</s>
    <s>May 18, 2011 -- Boston, MA, USA</s>
    <s>Among speakers from both academia and industry, Rhys Goldstein, a member of the Environment &amp; Ergonomics Research Group at Autodesk will present his work, &quot;Using Machine Language to Create Customizable Occupant Models&quot;, on evening of May 19th at the Symposium on Occupancy &amp; Plug Loads in Building Simulation. The speaker session, hosted by the Boston Chapter of the International Building Performance Simulation Association (IBPSA-USA), will include presentations and an open discussion on the challenges and current best practices in accurately capturing building occupancy and plug load intensities within building energy models.</s>
    <s>6 Papers Presented by the User Interface Research Group at ACM CHI 2011</s>
    <s>May 12, 2011 -- Vancouver, Canada</s>
    <s>6 Papers published by the User Interface Research Group were recently presented at the ACM CHI 2011 conference in Vancouver, Canada. This included 4 presentations by past research interns: Xiaojun Bi from University of Toronto, Xing-dong Yang from University of Alberta, and Parmit Chilana from University of Washington, who presented two.</s>
    <s>Autodesk Researcher Jos Stam to Present Paper at SIGGRAPH 2011</s>
    <s>May 9, 2011 -- Vancouver, Canada</s>
    <s>Autodesk researchers, Jos Stam and Ryan Schmidt, have their paper &quot;On the Velocity of an Implicit Surface&quot; accepted in the Association for Computing Machinery (ACM) Transactions on Graphics where they &quot;derive an equation for the velocity of an arbitrary time-evolving implicit surface&quot;. The paper will also be presented at SIGGRAPH 2011, the International Conference and Exhibition on Computer Graphics and Interactive Technologies, being held between August 7th and 11th at the Vancouver Convention Centre in Vancouver, Canada.</s>
    <s>Azam Khan Invited as Visiting Professor at the Royal Danish Academy of Fine Arts School of Architecture.</s>
    <s>May 3, 2011 -- Copenhagen, Denmark</s>
    <s>Via the VELUX Visiting Professorship Programme and a 1 million kroner grant from the VILLUM FOUNDATION, Autodesk's Head of the Environment and Ergonomic Research Group, Azam Khan is amongst seven leading international researchers invited for visiting professorship at the Royal Danish Academy of Fine Arts School of Architecture (RASA). Established in 1998, the professor programme looks to promote the development of international research networks, and, strengthen Danish research and education by supplementing the research and teaching environment with international experience and industry knowledge.</s>
    <s>Azam Khan to Give Talk at the Technical University of Denmark (DTU) during Graphical VisionDay</s>
    <s>April 28, 2011 -- Copenhagen, Denmark</s>
    <s>Head of Environment and Ergonomic Research, Azam Khan will give a lecture about Digital Prototyping -- discussing the value of designing, modeling, and simulating &quot;as a method of experiencing design before committing to expensive manufacturing&quot; -- at the Technical University of Denmark (DTU) on May 13th during the Graphical VisionDay in Copenhagen. Hosted by DTU Informatics and Mathematical Modelling, the presentation and demonstration series includes the MATLS Conference, Industrial, Graphical and Medical VisionDay; the Graphical portion focusing on universities, organizations and companies with an interest in computer graphics.</s>
    <s>Jos Stam and Azam Khan to Speak at DANSIS' Accelerated Fluid Dynamics in Games, Movies and Industry Seminar Series</s>
    <s>April 28, 2011 -- Copenhagen, Denmark</s>
    <s>On May 18th, Autodesk Senior Research Scientist, Jos Stam, will be in Copenhagen to give a talk about &quot;Fluid Dynamics for Film and Games&quot; at the Danish Society for Industrial Fluid Dynamics' (DANSIS) seminar series being held on the campus of the Technical University of Denmark (DTU). Following his presentation, Head of Environment and Ergonomics Research, Azam Khan, will give his presentation titled &quot;Maya Fluids: From Research to Applications&quot;.</s>
    <s>Autodesk Researcher to present at the upcoming International Summit on Human Simulation</s>
    <s>April 25, 2011 -- St. Pete, Florida</s>
    <s>Working with Azam Khan, Anne Agur and Karan Singh, Jacobo Bibliowicz will present their paper titled, &quot;High-Performance Surface Reconstruction of Human Bones from Point-Sampled Data&quot;, discussing the rationale and results of using laser scanning as part of their digitizing process and reconstruction pipeline, at this year's International Summit on Human Simulation (ISHS), being held this year in St. Pete, Florida on May 26th and 27th.</s>
    <s>Ramtin Attar will collaborate with McGill School of Architecture and Arup Engineering as part of a recent SSHRC grant</s>
    <s>March 29, 2011 -- Toronto, ON, Canada</s>
    <s>Led by professor Michael Jemtrud, McGill School of Architecture is awarded $197600 funded over three years by SSHRC (The Social Sciences &amp; Humanities Research Council of Canada) to pursue a proposed research entitled, Modeling the Methodologies of Our Time. The goal of this research is to investigate the productive and demonstrative characteristics at play in architectural design methodologies. As the industry partner involved in this grant, Ramtin Attar will collaborate on this research to lend Autodesk’s expertise in applied research and practical insight into the work. This research will be a collaborative effort among McGill School of Architecture, Arup Engineering and Autodesk Research.</s>
    <s>Paper accepted at the TechConnect World 2011 Conference</s>
    <s>March 9, 2011 -- Boston, MA, USA</s>
    <s>At the TechConnect World Conference and Expo 2011, Wei Zhao, and Autodesk researcher, Carlos Oguin, have their paper entitled, &quot;From Games and Films to Molecular Simulation and Design&quot; accepted for oral presentation. Host of the BioNanotech, Clean Technology, MicroTech, NanoTech, and TechConnect conferences, the World Conference will be held later this year at the Hynes Convention Center, in Boston, Massachusetts, between June 13th and 16th and will focus on &quot;matching innovative solutions to real world technology challenges&quot;.</s>
    <s>Ramtin Attar will represent Environment &amp; Ergonomic Group’s research at CanNord 2011</s>
    <s>March 1, 2011 -- Toronto, ON, Canada</s>
    <s>On March 23rd, Autodesk Research's Ramtin Attar will represent Environment &amp; Ergonomic Group’s research at CanNord 2011 in Toronto. The CanNord 2011 conference on Sustainable Solutions for Urban Life will highlight the challenges in creating sustainable urban solutions. This conference is a joint venture between the City of Toronto and Nordic cities.</s>
    <s>Jos Stam &quot;humble&quot; about Autodesk's Contribution to the Film Industry</s>
    <s>February 25, 2011</s>
    <s>Jos Stam, Autodesk senior research scientist, was quoted by FastCompany.com's Silicon Valley reporter, E.B. Boyd, as saying, “We create these tools and I’m always amazed by what the artists can do with them. It’s like creating brushes and then seeing a Rembrandt. You can improve the brushes, but it still takes an artist to really create amazing effects.” The inventor of Maya Fluid Effects continues, &quot;Our job is to hide all the math.&quot;</s>
    <s>This year alone, Autodesk's software was used in each of the movies nominated for Best Visual Effects at the 2011 Academy Awards, including Alice in Wonderland , Harry Potter and the the Deathly Hallows (Part 1) , Hereafter , Inception . and Iron Man 2 . The full article, &quot;Autodesk: The Secret Star Behind Oscar-Winning Visual Effects&quot;, can be found on FastCompany.com's website.</s>
    <s>Autodesk Software Engineer has paper accepted at SOCG 2011</s>
    <s>February 18, 2011 -- Paris, France</s>
    <s>Autodesk Software Engineer, Benoit Hudson, in collaboration with Umut Acar and Duru Turkoglu, have their paper accepted at the Symposium on Computational Geometry (SOCG 2011), to be held in Paris, France, later this year. Entitled, “Kinetic Mesh Refinement in 2D”, the preliminary paper gives a brief description of mesh refinement, the challenge of kinetic mesh refinement, and offers a kinetic data structure that is compact, responsive and efficient. The full paper will be available in June in the Proceedings of the 27th ACM Symposium on Computational Geometry.</s>
    <s>Ramtin Attar Invited Talk at Society for Environmental Graphic Design (SEGD) Annual Conference</s>
    <s>February 17, 2011 -- Montreal, QC, Canada</s>
    <s>Ramtin Attar is invited to present a lecture during the Society for Environmental Graphic Design's (SEGD) Annual Conference, being held between June 1st and 4th, 2011. SEGD represents a global community of people who work at the intersection of communication design and the built environment. The theme for SEGD 2011 conference will focus on the important role of diversity and collaboration in design.</s>
    <s>Paper to appear in AIEDAM Journal (Special Issue on Representing and Reasoning About 3D Space)</s>
    <s>February 8, 2011</s>
    <s>Autodesk Research's Environment &amp; Ergonomics group have their paper, entitled &quot;Considering Multiscale Scenes to Elucidate Problems Encumbering 3D Intellection and Navigation&quot;, accepted for publication in the Artificial Intelligence for Engineering Design, Analysis and Manufacturing (AIEDAM) Special Issue on Representing and Reasoning About 3D Space. The special issue will explore the various approaches, challenges and opportunities in representing and navigating 3D spaces.</s>
    <s>Paper accepted at ASHRAE 2011 annual conference</s>
    <s>February 7, 2011 -- Montreal, QC, Canada</s>
    <s>The Environment &amp; Ergonomics group at Autodesk Research have their paper titled &quot;Sensor-Enabled Cubicles for Occupant-Centric Capture of Building Performance Data&quot; accepted for publication at ASHAE 2011. ASHRAE’s 2011 conference focuses on alternative technologies, engineering tools and Net-Zero buildings.</s>
    <s>Invited talk entitled &quot;The Future of Rendering&quot; given at the &quot;Trends in Visual Computing 2011&quot; Symposium</s>
    <s>January 26, 2011 -- Vienna, Austria</s>
    <s>On January 26, 2011, Jos Stam, Head of Simulation and Graphics Research presented his talk entitled “The Future of Rendering” at the &quot;Trends in Visual Computing 2011&quot; symposium in Vienna, Austria. At the symposium, invited experts offered their opinions on future developments in the area of Visual Computing, including ongoing challenges and opportunities as well as opening channels of discussion regarding the scientific, technical and industrial trends.</s>
    <s>Autodesk to sponsor International Bio-Molecular Design Competition</s>
    <s>January 25, 2011</s>
    <s>Autodesk is proud to sponsor the International Bio-Molecular Design Competition (BIOMOD 2011), a competition for undergraduate students to conceive, construct and analyze their designs at the nanometer scale. With registration starting in the spring and development during the summer, all participating teams will have the opportunity to travel and present their work at Harvard University's Wyss Institute for Biologically Inspired Engineering in early November during the competition Jamboree.</s>
    <s>Autodesk Research participates in University of Waterloo's &quot;Living Cities: Vision and Method&quot; Lecture Series</s>
    <s>January 20, 2011 -- Waterloo, ON, Canada</s>
    <s>Azam Khan, Head of the Environment and Ergonomics Research group, will give his presentation, &quot;Scale and Scalability&quot;, at the University of Waterloo's &quot;Living Cities: Vision and Method&quot; lecture series. He will discuss building visualization platforms and their affect on living and sustainability, as well as dimensions that scale from single buildings to neighborhoods to cities.</s>
    <s>Six Papers Accepted to the ACM CHI 2011 Conference on Human Factors in Computing Systems</s>
    <s>January 11, 2011 -- Vancouver, B.C., Canada</s>
    <s>Six papers from the User Interface Research Group have been accepted to the ACM CHI 2011 Conference on Human Factors in Computing Systems, which is the premiere conference for Human-Compute Interaction research. This will give Autodesk Research a strong showing at the conference, which takes place in Vancouver, BC, in May, 2011.</s>
    <s>Journal paper accepted for publication in ACM Transactions on Computer-Human Interaction (TOCHI)</s>
    <s>January 7, 2011</s>
    <s>HCI researchers at Autodesk Research and the University of Minnesota have had their paper “Design and Evaluation of a Command Recommendation System for Software Applications” accepted by ACM Transactions on Computer-Human Interaction (TOCHI). This work adapts the modern recommender system technology to aid command awareness in complex software applications.</s>
    <s>Ramtin Attar's AIA TAP 2010 Talk covered by AECbytes Newsletter</s>
    <s>December 6, 2010 -- Washington, D.C., USA</s>
    <s>Autodesk Research's Ramtin Attar presented, &quot;Extending Building Information Modeling to Real-Time Building Performance Monitoring&quot;, in the first plenary at the annual AIA TAP (Technologies, Alliances, and Practices) Conference held in Washington, D.C. on November 12, 2010. Concluded with a panel discussion including Autodesk VP Phil Bernstein on how BIM can be used to facilitate Integrated Project Delivery (IPD), Ramtin's presentation discussed how Autodesk Research is working on a project that will integrate detailed BIM models with sensor networks to aggregate data and develop building performance solutions that will help building owners and operators more effectively manage energy usage and waste.</s>
    <s>For more details about the presentation and the conference, read the AECbytes Newsletter.</s>
    <s>Information about the research project can be found at http://www.digital210king.org/ or the Project Dasher webpage.</s>
    <s>Autodesk Helps Students Win Annual iGEM Synthetic Biology Competition</s>
    <s>November 26, 2010 -- Cambridge, Massachusetts, USA</s>
    <s>As a partner level sponsor of the International Genetically Engineered Machines (iGEM) Competition held in early November at the Massachusetts Institute of Technology (MIT), Autodesk provided students with free licenses of Maya to help synthetic biologists design and visualize their designs and creations, including the grand-prize winning team from Slovenia and finalist from the University of Cambridge.</s>
    <s>For more information, visit Autodesk's AREA (the Digital Entertainment and Visualization Community), the Autodesk News Room, or the Autodesk Research Nanotechnology website.</s>
    <s>Francesco Iorio's Collaboration on the Enumeration of Costas Arrays to be Published in AMC Journal</s>
    <s>November 16, 2010</s>
    <s>“The Enumeration of Costas arrays of Order 28” by Konstantinos Drakakis, Francesco Iorio and Scott Rickard has been accepted for publication and will appear in the February 2011 issue of the journal “Advances in Mathematics of Communications”. Costas arrays are useful in their application within sonar and radar technology.</s>
    <s>Ramtin Attar invited lecture at the University of Toronto</s>
    <s>October 13, 2010 -- Toronto, ON, Canada</s>
    <s>Autodesk researcher Ramtin Attar was invited to give a lecture at the Faculty of Architecture, Landscape and Design. Ramtin's lecture focused on the role of sustainability as a shared narrative to move away from a domain-specific view of innovation. Ramtin also presented an overview of our current research on BIM-based building performance monitoring as an enabling technology in dealing with complex issues around sustainability and built environment.</s>
    <s>Ramtin Attar presentation at New Technologies, Alliances, Practices conference.</s>
    <s>September 8, 2010 -- Washington, D.C., USA</s>
    <s>Ramtin Attar will be presenting at New Technologies, Alliances, Practices Conference organized by the American Institute of Architects (AIA) in collaboration with International Facility Management Association. This presentation is titled Extending Building Information Modeling to Real-Time Building Performance Monitoring and is scheduled for November 2010 at AIA National Headquarters in Washington, DC.</s>
    <s>Azam Khan Invited Talk at Columbia University's Post Parametric Lecture Series</s>
    <s>August 31, 2010 -- New York, New York, USA</s>
    <s>Azam Khan Invited Talk on November 8th, 2010, from 6:30PM until 8:00PM in Wood Auditorium (Avery Hall) at Columbia University's Post Parametric Lecture Series co-presented by the Graduate School of Architecture, Planning and Preservation (GSAPP) &amp; the Department of Computer Science (2010).</s>
    <s>Autodesk Research invited journal paper for the International Journal of Architectural Computing</s>
    <s>August 20, 2010</s>
    <s>Environment &amp; Ergonomics researchers at Autodesk Research have been invited to submit an extended version of their paper &quot;Physics-based Generative Design&quot; to a special issue of the International Journal of Architectural Computing (IJAC). This paper is titled “Embedded Rationality: A Unified Simulation Framework for Interactive Form-Finding” , and will appear in 2010.</s>
    <s>Best Paper Award at SimBuild 2010 Conference</s>
    <s>August 13, 2010 -- New York, New York, USA</s>
    <s>Researchers Rhys Goldstein, Alex Tessier and Azam Khan at Autodesk Research received the Best Paper Award at SimBuild 2010 for their paper “Customizing the Behavior of Interacting Occupants using Personas”. SimBuild is the IBPSA USA biannual conference and was held in New York City. Rhys Goldstein presented the paper on this topical issue in building simulation.</s>
    <s>Paper by User Interface Research Group to be published at UIST 2010</s>
    <s>June 25, 2010 -- New York, New York, USA</s>
    <s>Autodesk User Interface Research Group members, Tovi Grossman, Justin Matejka and George Fitzmaurice, will have their paper, &quot;Chronicle: Capture, Exploration, and Playback of Document Workflow Histories&quot;, published at this year's premier conference on human-computer interfaces, UIST 2010 held this year in New York City in early October.</s>
    <s>The ACM Magazine for Students features article by Gord Kurtenbach</s>
    <s>June 21, 2010</s>
    <s>Gord Kurtenbach, Autodesk's Director of Research, is featured in the Summer 2010 issue of XRDS: Crossroads, the ACM Magazine for Students with his article, &quot;Pen-Based Computing&quot;. In his article, he writes, &quot;Pens may seem old-fashioned, but some researchers think they are the future of interaction.&quot;</s>
    <s>Autodesk Research among presenters at the Autodesk Technical Summit ACRD 2010</s>
    <s>June 9, 2010 -- Shanghai, China</s>
    <s>Autodesk's Director of Research, Gord Kurtenbach, and team members, George Fitzmaurice (Head of User Interface Research), Francesco Iorio (Head of High Performance Computing Research), and Azam Khan (Head of Environment and Ergonomics Research) presented some of their ideas at the Autodesk Technical Summit ACRD 2010, held on June 9th and 10th in Shanghai, China. The event is seen as an opportunity to celebrate and share ideas, innovations and experiences at Autodesk.</s>
    <s>The topics covered:</s>
    <s>Common Myths of 3D User Interfaces (Gord Kurtenbach)</s>
    <s>Learning and User Interface Research Projects (George Fitzmaurice)</s>
    <s>Exploiting Computing Accelerators For Multidisciplinary Design Organization (Francesco Iorio), and</s>
    <s>BIM-based 3D Building Dashboards (Azam Khan)</s>
    <s>Graphics Keynote given by Jos Stam at Graphics Interface 2010</s>
    <s>June 1, 2010 -- Ottawa, Ontario, Canada</s>
    <s>At the 36th Annual Graphics Interface Conference held in Ottawa, Canada, Graphics Keynote and Autodesk research scientist Jos Stam presented his paper &quot;Nucleus: A Framework for a Unified Dynamics Solver&quot;. The event is the oldest continuously-scheduled conference in the field and attracts papers on innovations and advances in the study of human-computer interactive systems and graphics from around the world.</s>
    <s>Autodesk becomes an iGEM Sponsoring Partner</s>
    <s>May 29, 2010</s>
    <s>&quot;Autodesk, Inc., a world leader in 2D and 3D design, engineering, and entertainment software, has joined as an iGEM sponsoring partner. Autodesk will provide iGEM teams with Autodesk Maya® to help animate and simulate in 3D the cell structures used in their projects.&quot;</s>
    <s>Paper Presented at eSim 2010</s>
    <s>May 19, 2010 -- eSim 2010, Winnipeg, Manitoba, Canada</s>
    <s>Autodesk Researchers Ebenezer Hailemariam and Ramtin Attar attended eSim 2010 in Winnipeg, Canada. Ebenezer presented Toward a Unified Representation System of Performance-related Data Describing a New Framework for Visualization of Building Performance Data describing a new framework for visualization of building performance data.</s>
    <s>Azam Khan Invited Talk at the Lawrence Berkeley National Laboratories</s>
    <s>May 14, 2010 -- Berkeley, California</s>
    <s>On May 14, Autodesk senior research scientist Azam Khan presented a talk entitled “Challenges in providing analysis tools and managing information in the design and operation of buildings” to the Environmental Energy Technologies Division at the Lawrence Berkeley National Lab in Berkeley, CA. This talk discussed how building dashboard systems are becoming more common in an effort to expose and measure the operational efficiency of a building. However, we go beyond current graphical or floor-plan dashboards and examine advanced 3D real-time sensor-network visualizations as part of a building debugging tool to improve building efficiency.</s>
    <s>Paper Accepted at SimBuild 2010 Conference</s>
    <s>May 7, 2010 -- New York, NY, USA</s>
    <s>The Autodesk Research paper “Customizing the Behavior of Interacting Occupants using Personas” will be presented at SimBuild 2010, a conference on the simulation of buildings.</s>
    <s>Azam Khan Invited Talk at the Institute for Human &amp; Machine Cognition</s>
    <s>May 5, 2010 -- Pensacola, Florida</s>
    <s>On May 18, Autodesk senior research scientist Azam Khan will present a talk entitled “Simulation for Sustainability” at the Florida Institute for Human and Machine Cognition in Pensacola, FL. This talk will present, within the realm of building efficiency, an approach to develop an advanced systems-based building simulation framework that will support multi-disciplinary cooperation and collaboration to accelerate progress on minimizing building resource consumption and GHG emissions, while maximizing occupant comfort.</s>
    <s>Three Papers Presented to CHI 2010 Conference</s>
    <s>April 20, 2010 -- Atlanta, GA, USA</s>
    <s>Autodesk Research presented three technical research papers at the ACM CHI 2010 - the premiere conference for Human-Computer Interaction. Two of the papers were nominated for Best Paper Award. The three papers include:</s>
    <s>1. ToolClips - An Investigation of Contextual Video Assistance for Functionality Understanding Best Paper Award Nominee</s>
    <s>2. MouseLight: Bimanual Interactions on Digital Paper Using a Pen and a spatially-aware Mobile Projector Best paper Award Nominee</s>
    <s>3. The Design and Evaluation of Multitouch Marking Menus</s>
    <s>Azam Khan Keynote at VRIPHYS 2010</s>
    <s>April 5, 2010 -- Copenhagen, Denmark</s>
    <s>At VRIPHYS 2010</s>
    <s>Paper accepted at eSim 2010 conference</s>
    <s>March 8, 2010 -- Winnipeg, MB, Canada</s>
    <s>The Environment &amp; Ergonomics group at Autodesk Research have their paper titled &quot;Toward a unified representation system of performance-related data&quot; accepted for publication at eSim 2010.</s>
    <s>Paper to be published on the IBM Journal of Research and Development</s>
    <s>January 5, 2010</s>
    <s>A paper by Autodesk Research high-performance computing scientist Francesco Iorio et al. entitled &quot;Asymmetric flow control for data transfer in hybrid computing systems&quot; will be published in the January/February 2010 issue of Network-Optimized Computing of the IBM Journal of Research and Development, a very prestigious Computer Science research publication.</s>
    <s>Three Papers Accepted to CHI 2010 Conference</s>
    <s>December 14, 2009 -- Atlanta, GA, USA</s>
    <s>Autodesk Research will have three technical research papers presented at the ACM CHI 2010 - the premiere conference for Human-Computer Interaction. The three papers include:</s>
    <s>1. ToolClips - An Investigation of Contextual Video Assistance for Functionality Understanding</s>
    <s>2. MouseLight: Bimanual Interactions on Digital Paper Using a Pen and a spatially-aware Mobile Projector</s>
    <s>3. The Design and Evaluation of Multitouch Marking Menus</s>
    <s>Gordon Kurtenbach appointed research chair of Networks of Centres of Excellence</s>
    <s>December 11, 2009 -- Toronto, ON, Canada</s>
    <s>Autodesk's Director of Research, Dr. Gordon Kurtenbach has been appointed as Chair of the research committee overseeing the Graphics, Animation and New meDia &quot;GRAND&quot; Network - a $23.2 million research initiative funded over five years as part of Canada's Centres of Excellence.</s>
    <s>The &quot;GRAND&quot; network is part of the Networks of Centres of Excellence (NCE) program funded by the Canadian government and consists of research projects and researchers from universities and industries across Canada. Led by scientific director Dr. Kellogg Booth from the University of British Columbia, GRAND will offer student learning and research opportunities and will comprise 30 projects clustered around five themes:</s>
    <s>New Media Challenges and Opportunities;</s>
    <s>Games and Interactive Simulation;</s>
    <s>Animation, Graphics and Imaging;</s>
    <s>Cross-cutting themes of Social, Legal, Economic and Cultural Perspectives; and</s>
    <s>Enabling Technologies and Methodologies.</s>
    <s>The network will involve 50 investigators along with collaborating researchers and industry partners. It is funded with $23.2 million over five years and headquartered at the Centre for Digital Media at Great Northern Way Campus (GNWC), a joint academic collaboration between UBC, Simon Fraser University, Emily Carr University of Art + Design and the British Columbia Institute of Technology.</s>
    <s>Canada's NCE program brings together Canadian scientists and researchers in the natural, social, health and engineering sciences, as well as others in Canada's academic, corporate, public and non-profit sectors, to focus on issues critical to Canadian industry, society and economy.</s>
    <s>The Canadian government is investing $125 million in Networks of Centres of Excellence as well as Centres of Excellence for Commercialization and Research (CECR) to help researchers develop their findings into new practical, applied and marketable solutions and will also facilitate and advance the commercialization of technologies, products and services for the benefit of all Canadians.</s>
    <s>Ramtin Attar invited lecture at the University of Toronto</s>
    <s>November 17, 2009 -- Toronto, ON, Canada</s>
    <s>Autodesk researcher Ramtin Attar was invited to give a lecture at the Faculty of Architecture, Landscape and Design. Ramtin's lecture focused on the importance of technical research and discovery in creating a horizon under which a shift in our methods, presumptions and dynamics need to occur before we can address some of the key design challenges in today's world. By providing an outline of Autodesk's key strategic research areas, Ramtin also presented an overview of our current research on simulation as an enabling technology in dealing with complex issues around sustainability and design.</s>
    <s>Autodesk Fluid top free app in UK</s>
    <s>October 5, 2009</s>
    <s>Autodesk Research scientist Jos Stam created the Autodesk Fluid iPhone / iPod touch App that is currently the 1 Free App in the U.K. iTunes Store!</s>
    <s>Francesco Iorio presentation at CECAM Workshop</s>
    <s>October 2, 2009 -- CECAM Workshop, Lugano, Switzerland</s>
    <s>High-performance Computing researcher Francesco Iorio at Autodesk Research presents &quot;Algorithms re-engineering as a fundamental step towards exploitable hybrid computing for engineering simulations&quot; at workshop entitled &quot;Algorithmic Re-Engineering for Modern Non-Conventional Processing Units&quot; in Lausanne, Switzerland co-organized by CECAM - Centre Europeen de Calcul Atomique et Moleculaire and IBM Research.</s>
    <s>3D Drawing paper to be published at Siggraph Asia 2009</s>
    <s>September 20, 2009 -- Toronto, ON, Canada</s>
    <s>Graphics researchers at Autodesk Research and the DGP Lab at the University of Toronto have had their paper Analytic Drawing of 3D Scaffolds accepted at SIGGRAPH ASIA 2009. The paper will be presented in Yokohama, Japan in December, and also appear in the ACM journal Transactions on Graphics. This work introduces a new approach to sketch-based 3D design, based on traditional perspective drawing techniques, in particular Analytic Drawing . This approach leads to more robust techniques for constrained inference , allowing artists to draw complex scaffolds of lines and curves from a single view.</s>
    <s>Invited Paper</s>
    <s>August 20, 2009 -- Toronto, ON, Canada</s>
    <s>Graphics researchers at Autodesk Research have been invited to submit an extended version of their paper &quot;On Expert Performance in 3D Curve-Drawing Tasks&quot; to a special issue of the journal Computers and Graphics. This issue will include four other papers from SBIM 2009, and will appear in 2010.</s>
    <s>Jos Stam Keynote at IEEE CAD/Graphic '09</s>
    <s>August 18, 2009 -- IEEE CAD/Graphic '09, Yellow Mountain, China</s>
    <s>At IEEE CAD/Graphic '09 conference in China, Dr. Jos Stam of Autodesk Research presented his keynote titled &quot;Nucleus: Towards a Unified Dynamics Solver for Computer Graphics&quot;.</s>
    <s>In this talk Dr. Stam presented some research he has done over the past few years in developing a unified dynamics solver for computer graphics. Currently many solvers are specialized for a given phenomenon such as fluid flow, cloth, rigid bodies, hair, etc. Having these different solvers interact is sometimes problematic. He proposes to model all matter as a linked particle system having the topology of a simplicial complex.</s>
    <s>Paper Presented at SBIM 2009</s>
    <s>August 2, 2009 -- SBIM'09, New Orleans, LA, USA</s>
    <s>Autodesk Research Intern Ryan Schmidt presented &quot;On Expert Performance in 3D Curve-Drawing Tasks&quot;, at Sketch-Based Interfaces and Modeling Symposium (SBIM 2009), co-located with SIGGRAPH 2009 in New Orleans, USA.</s>
    <s>The paper, with co-authors Azam Khan, Dr. Gordon Kurtenbach from Autodesk Research and Dr. Karan Singh from University of Toronto, explores perceptual issues in sketch-based 3D design interfaces revealing some fundamental insights into how accurately humans can freehand draw, even with training. These insights are important considerations to improve the effectiveness of using free form drawing to create accurate 3d models.</s>
    <s>Paper Presented at CAAD Futures 2009</s>
    <s>June 24, 2009 -- CAAD Futures 2009, Montreal, QC, Canada</s>
    <s>Autodesk Research scientists Ramtin Attar and Azam Khan attended CAAD Futures 2009 in Montreal, Canada. Ramtin presented Physic-based Generative Design describing new approaches to form finding based on the concept of a unified physics-based solver.</s>
    <s>Papers Accepted UIST and SBIM Conferences</s>
    <s>June 9, 2009</s>
    <s>The Autodesk Research HCI team have their paper on the Community Commands recommender system accepted for publication at UIST 2009. Also Graphics researchers at Autodesk Research have their study on Expert Performance for 3D Curve Drawing accepted at SBIM 2009.</s>
    <s>Journal Article Published on Large Display Research</s>
    <s>April 21, 2009</s>
    <s>The Autodesk Research group has had their 35 page article on Large-Display research, entitled Toward the Digital Design Studio: Large Display Explorations , published in a Special Issue on Ubiquitous Multi-Display Environments of Human-Computer Interaction , one of the oldest and most prestigious journals of the field.</s>
    <s>Presenting Three Papers at CHI'09 with Nomination for Best Paper</s>
    <s>April 4, 2009 -- SIGCHI 2009, Boston, MA, USA</s>
    <s>At ACM SIGCHI 2009, the premiere conference for Human-Computer Interaction, Autodesk Research authors will present three papers given by Tovi Grossman, Justin Matejka, and Hyunyoung Song.</s>
    <s>Azam Khan Keynote at SpringSim'09</s>
    <s>March 22, 2009 -- SIGSIM SpringSim'09, San Diego, CA, USA</s>
    <s>At the ACM SIGSIM SpringSim 2009 Conference, Azam Khan of Autodesk Research will present his Keynote Talk entitled: Systems Architecture: Learning from Systems Biology in Architecture and Urban Design .</s>
    <s>Gord Kurtenbach Keynote at SaskInteractive Summit09</s>
    <s>March 19, 2009 -- SaskInteractive Summit09, Saskatoon, SK, Canada</s>
    <s>At this years SaskInteractive Summit 2009, Gord Kurtenbach, Director of Autodesk Research, will present the Keynote Talk.</s>
    <s>Gord Kurtenbach Keynote at 3DUI</s>
    <s>March 14, 2009 -- 3DUI 2009, Lafayette, LA, USA</s>
    <s>At this years IEEE 3D UI Conference, Gord Kurtenbach, Director of Autodesk Research, will present the Keynote Talk entitled: The Inner Child of 3DUI Research.</s>
    <s>Azam Khan Invited Talk at SE'09</s>
    <s>March 2, 2009 -- SE 2009, Kaiserslautern, Germany</s>
    <s>As part of Software Engineering '09 in Kaiserslautern, Germany, Autodesk Research's Azam Khan has been invited to present his paper with Justin Matejka on The Role of Visualization in the Naturalization of Remote Software Immigrants .</s>
    <s>Presenting Two Papers at i3D'09</s>
    <s>February 26, 2009 -- i3D 2009, Boston, MA, USA</s>
    <s>At the ACM SIGGRAPH Symposium on Interactive 3D Graphics and Games 2009, from February 27 to March 1, 2009 in Boston, MA, Autodesk Research authors Michael Glueck and James McCrae from the University of Toronto will present papers on Multiscale 3D Reference Visualization and Multiscale 3D Navigation.</s>
    <s>All Text and Imagery Copyright (C) 2010 Autodesk, Inc. All Rights Reserved.</s>
  </text>
</page>
