<?xml version="1.0" encoding="UTF-8"?>
<!DOCTYPE page SYSTEM "page.dtd">
<page>
  <lang>en</lang>
  <url>http://msdn.microsoft.com/en-us/library/hh364909.aspx</url>
  <title>Conference Scheduling and Management</title>
  <snippet>
    <s>Participants from the same company are admitted into the conference. Locked. Only the conference organizer and persons designated by the organizer as leaders local participant) such as active media types and conferencing role changes. </s>
  </snippet>
  <text>
    <s>Home Library Learn Downloads Support Community</s>
    <s>Sign in | United States - English || !</s>
    <s>MSDN Library</s>
    <s>Servers and Enterprise Development</s>
    <s>Lync 2010</s>
    <s>Unified Communications Managed API 3.0 Core SDK Documentation</s>
    <s>UCMA 3.0 Core General Reference</s>
    <s>UCMA 3.0 Core Overview</s>
    <s>UCMA 3.0 Building Blocks</s>
    <s>Collaboration Platform</s>
    <s>Endpoint Services</s>
    <s>Calls, Flows, Conversations, and MCU Sessions</s>
    <s>Conference Scheduling and Management</s>
    <s>Presence - Self and Remote</s>
    <s>Contacts and Groups</s>
    <s>Community Content</s>
    <s>Add code samples and tips to enhance this topic.</s>
    <s>!Expand !Minimize</s>
    <s>Conference Scheduling and Management</s>
    <s>An application can use the members of the ConferenceServices class to schedule, modify, or cancel a conference. The ConferenceServices property on an endpoint (either UserEndpoint or ApplicationEndpoint) is a reference to a ConferenceServices object.</s>
    <s>!Scheduling a Conference</s>
    <s>The organizer of a conference can specify who will be allowed to participate in the conference. When the conference is scheduled, the organizer can choose from the following admission policies for the conference.</s>
    <s>Participants from the same company are admitted into the conference.</s>
    <s>Only the conference organizer and persons designated by the organizer as leaders are admitted into the conference.</s>
    <s>Only invited participants from the same company are admitted into the conference.</s>
    <s>The conference is open to everyone.</s>
    <s>The ConferenceAccessLevel enumeration contains the preceding admission policy values.</s>
    <s>A conference organizer can also specify that public switched telephone network (PSTN) users can be included as participants. To permit PSTN users to join the conference, the following must be true:</s>
    <s>1. The conference admission policy must be Anonymous.</s>
    <s>2. Phone access must be enabled.</s>
    <s>3. A passcode must be set for the conference. Even if participants are not required to enter a passcode, a passcode must be set for the conference. For more information, see the following section, PSTN Participants.</s>
    <s>The conference organizer can also perform other tasks using members of the ConferenceServices class, such as configuring the expiry time of the conference (the time when the conference will be deleted), creating the list of participants, designating which participants will be leaders, configuring a property that determines whether a passcode is required, and adding the MCUs that the conference will use (by default a conference has two MCUs, one for instant messages, and another for audio/video media).</s>
    <s>After the conference has been scheduled, a conference organizer can retrieve a summarized list of all conferences he or she has scheduled, modify the conference information, or cancel the conference.</s>
    <s>!PSTN Participants</s>
    <s>A PSTN user can join the conference provided that the conference organizer has scheduled the conference with the Anonymous admission policy, and has granted phone access. To join the conference, the PSTN user dials the phone number supplied by the conference organizer, and when prompted, enters the telephone conference ID. The PSTN user may or may not be asked for a passcode for the conference, depending on whether a passcode is required. After successfully entering the required information, the PSTN user joins the conference.</s>
    <s>!Joining a Conference</s>
    <s>An application can join an ad hoc conference using the BeginJoin(ConferenceJoinOptions, AsyncCallback, Object) method. Microsoft Unified Communications Managed API (UCMA) 3.0 schedules a conference that is valid for eight hours and adds an MCU for each ConferenceMcuSessionFactory registered in the platform.</s>
    <s>Before joining the conference, it is recommended that the application register for the roster events on the ConferenceSession instance and the other McuSession instances the application is interested in.</s>
    <s>// It is sufficient for most applications to monitor the roster on the conversation level.</s>
    <s>// Monitor new participants joining the conference.</s>
    <s>conversation.RemoteParticipantAttendanceChanged += Conversation RemoteAttendanceChanged;</s>
    <s>// Monitor main changes to participant properties</s>
    <s>// (including local participant) such as active media types and conferencing role changes.</s>
    <s>conversation.ParticipantPropertiesChanged += Conversation ParticipantPropertiesChanged;</s>
    <s>// Register for ConferenceSession state changes.</s>
    <s>conversation.ConferenceSession.StateChanged += ConferenceSession StateChanged;</s>
    <s>// Register for InstantMessagingMcuSession state changes.</s>
    <s>conversation.ConferenceSession.InstantMessagingMcuSession.StateChanged += InstantMessagingMcuSession StateChanged;</s>
    <s>// Applications that require detailed monitoring of the roster can subscribe to ConferenceSession and McuSession events.</s>
    <s>// Monitor the ConferenceSession roster.</s>
    <s>conversation.ConferenceSession.ParticipantEndpointAttendanceChanged += ConferenceSession ParticipantEndpointAttendanceChanged;</s>
    <s>// Monitor Instant Messaging MCU roster.</s>
    <s>conversation.ConferenceSession.InstantMessagingMcuSession.ParticipantEndpointAttendanceChanged += InstantMessagingMcuSession ParticipantEndpointAttendanceChanged;</s>
    <s>conversation.ConferenceSession.InstantMessagingMcuSession.ParticipantEndpointPropertiesChanged += InstantMessagingMcuSession ParticipantEndpointPropertiesChanged;</s>
    <s>ConferenceJoinOptions cjo = new ConferenceJoinOptions();</s>
    <s>// The new attendee is not a trusted application.</s>
    <s>cjo.JoinAsTrustedApplication = false;</s>
    <s>// Join the conversation to the conference.</s>
    <s>conversation.ConferenceSession.BeginJoin(cjo, JoinCallback, state);</s>
    <s>An application can also join a previously scheduled conference if the conference URI is known. The last line in the previous code example can be replaced with the following statement.</s>
    <s>conversation.ConferenceSession.BeginJoin(conferenceURI, cjo, JoinCallback, state);</s>
    <s>An application can also join as a trusted application by setting the JoinMode property to TrustedParticipant, a value of the JoinMode enumeration. Trusted applications automatically join conferences as leaders and are allowed elevated privileges. Trusted applications are marked as hidden participants so that ordinary clients (such as Microsoft Lync 2010 and Live Meeting) do not expose their details in the conference roster to the user.</s>
    <s>An example of a trusted application is a bot that archives instant messages sent in a conference. When the bot joins a conference as a trusted application, other clients can detect that it should be hidden from the roster.</s>
    <s>The endpoint for an application must support elevated privileges so that it can join as a trusted application. In other words, the endpoint must be an application endpoint and the underlying collaboration platform must be initialized with a trusted GRUU.</s>
    <s>When trusted applications join a conference, the ConversationParticipant object representing the application has its RosterVisibility property set to ConferencingRosterVisibility.Hidden. UCMA 3.0 guarantees that upon successful completion of a join operation, the ConferenceSession state is set to Connected. However, the state of the child MCU session (typically, an InstantMessagingMcuSession or AudioVideoMcuSession instance) might be set to Active after the join operation completes. The first participant joining the conference signals the Focus to activate the MCUs scheduled for this conference. Microsoft Lync Server 2010 does not guarantee that all MCUs are activated before the participant completes the join process. In fact, some MCUs might not be activated at all if they are disabled by the administrator or if an error is encountered.</s>
    <s>!Conference Commands and Events</s>
    <s>After a successful join operation, the application is connected only to the Focus and there are no active media flows with the MCUs. For more information, see &quot;Adding a Call to an MCU&quot; later in this topic.</s>
    <s>Role of the Focus in Centralized Conferencing Control Protocol (C3P)</s>
    <s>The Centralized Conferencing Control Protocol (C3P or CCCP) defines the Focus as the central hub for roster notifications and conference commands. All MCU notifications are sent to the Focus first for aggregation and are then sent to the respective conference participants. In addition, any conference command is first sent to the Focus which then dispatches it to the appropriate MCU. Command responses are proxied back to the conference participant through the Focus as well. However, all media flows occur directly with the MCUs for efficiency.</s>
    <s>ConferenceSession Commands</s>
    <s>After the ConferenceSession state becomes Connected, the application can issue conference commands through the ConferenceSession. The ConferenceSession sends these commands to the Focus, which carries them out.</s>
    <s>These commands generally impact the state of the entire conference (Focus and MCUs). Two examples are ejecting all endpoints of a specific participant from the conference, and locking the conference to prevent additional users from joining.</s>
    <s>conversation.ConferenceSession.BeginEject(conversation.RemoteParticipants, EjectCallback, state);</s>
    <s>conversation.ConferenceSession.BeginLockConference(LockConferenceCallback, state);</s>
    <s>McuSession Commands</s>
    <s>Conference commands not intended for the Focus are performed by the MCUs. However, in accordance with C3P, all commands directed to the MCU are sent first to the Focus, which then proxies these commands to the MCUs. The MCUs send responses to the Focus, which then proxies the responses back to the application. This means an application can send MCU commands without having an active media flow with the MCU.</s>
    <s>Applications can request most MCU operations without the need for expensive media resources. For example, a trusted application can request the AV MCU to dial out to a PSTN user without having an active media flow with the AV MCU.</s>
    <s>As mentioned in the previous section, an MCU can be activated after the application joins the conference. If the application invokes an McuSession method before the MCU has been activated, UCMA 3.0 queues the command and waits for up to 30 seconds for the MCU to become active and execute the command. If the MCU does not become active within this period, the command is likely to fail. For more information, see &quot;McuSession Operations,&quot; later in this topic.</s>
    <s>Conference Events</s>
    <s>Any changes to the conference state, such as locking a conference, are communicated by means of specific events on the ConferenceSession class or on McuSession subclasses.</s>
    <s>The PropertiesChanged event notifies the application of changes to the conference properties. A similar event is available for the AudioVideoMcuSession state to notify the application of changes to audio and video capabilities of the conference MCU.</s>
    <s>Applications can subscribe to the RemoteParticipantAttendanceChanged event, to be notified of new participants who join or leave the conference. Applications can also subscribe to the ParticipantPropertiesChanged event, to be notified of changes to the participant properties (such as conferencing role and active media types). Participant active media types indicate the MCUs that the participant is connected to. For example, if Alice has only &quot;message&quot; as an active media type, then she is connected to the IM MCU. A participant who has no active media types is connected only to the Focus.</s>
    <s>Applications that require more roster details can subscribe to the ParticipantEndpointAttendanceChanged and ParticipantEndpointPropertiesChanged events on the ConferenceSession instance and the McuSession subclass instance.</s>
    <s>The ConferenceSession.ParticipantEndpointAttendanceChanged event notifies the application of endpoints joining and leaving the Focus. A like-named event is exposed on McuSession subclasses to notify an application of endpoints joining and leaving the MCU. An application can detect changes to the properties of the endpoints by the ParticipantEndpointPropertiesChanged event.</s>
    <s>As with conference commands, an application receives MCU-related events even if there is no active media flow with that MCU. This allows applications to monitor the roster before the media is established. For this reason, it is important for the application to register for the applicable McuSession subclass events before the ConferenceSession.BeginJoin method is called.</s>
    <s>!Adding a Call to an MCU</s>
    <s>After the ConferenceSession is connected, the application can add an IM call with the IM MCU to exchange instant messages with other participants. The same applies to adding an audio/video call with the AV MCU.</s>
    <s>InstantMessagingCall imcall = new InstantMessagingCall(conversation);</s>
    <s>imcall.BeginEstablish(EstablishCallback, state);</s>
    <s>AudioVideoCall avcall = new AudioVideoCall(conversation);</s>
    <s>avcall.BeginEstablish(EstablishCallback, state);</s>
    <s>As previously mentioned in this topic, in the Conference Commands and Events section, an MCU can become active after the ConferenceSession join operation has completed. If a call was established to an MCU that has not yet become active, UCMA 3.0 queues the call request and executes it within 30 seconds if the MCU becomes active. If the MCU does not become active within 30 seconds, so that the call operation fails, it is the application’s responsibility to try again, or monitor the state of the McuSession subclass and retry after it becomes active.</s>
    <s>!McuSession Operations</s>
    <s>During a conference it is possible to request an MCU to dial out to another participant. The MCU initiates a call to the required destination and reports the results to the application.</s>
    <s>An application might execute the following sample code for a situation in which two participants are in an audio conference discussing a problem and find that they need the help of a third person, Alice. One participant requests the AV MCU to dial out to the Alice’s cell phone so that she can become a conference participant.</s>
    <s>McuDialOutOptions mcuDialOutOptions = new McuDialOutOptions();</s>
    <s>mcuDialOutOptions.ParticipantUri = &quot;sip:alice@contoso.com&quot;;</s>
    <s>mcuDialOutOptions.ParticipantDisplayName = &quot;Alice&quot;;</s>
    <s>mcuDialOutOptions.PreferredLanguage = CultureInfo.GetCultureInfo(&quot;en-us&quot;);</s>
    <s>conversation.ConferenceSession.AudioVideoMcuSession.BeginDialOut(&quot;tel:+14255551234&quot;, mcuDialOutOptions, dialOutCallback, state);</s>
    <s>The preceding example demonstrates how an application can add a remote participant to the AV MCU. If no participant information is provided (ParticipantUri and ParticipantDisplayName), UCMA 3.0 uses the identity of the added remote participant.</s>
    <s>Community Content Add</s>
    <s>© 2011 Microsoft. All rights reserved.</s>
    <s>Terms of Use | Trademarks | Privacy Statement | Feedback Feedback</s>
    <s>Tell us about your experience </s>
    <s>Did the page load quickly?</s>
    <s>Yes No</s>
    <s>Do you like the page design?</s>
    <s>Yes No</s>
    <s>How useful is this topic?</s>
    <s>Tell us more</s>
    <s>Enter description here.</s>
  </text>
</page>
