<?xml version="1.0" encoding="UTF-8"?>
<!DOCTYPE page SYSTEM "page.dtd">
<page>
  <lang>en</lang>
  <url>http://www.iranianstudies.com/conferences</url>
  <title>2010 ISIS Conference Adjudication Results | iranianstudies.com</title>
  <snippet>
    <s>into account the capacity of the conference facilities, the organizers of Allow me to extend to all members of the Program Committee, and especially to the </s>
  </snippet>
  <text>
    <s>Primary links</s>
    <s>Sign Up</s>
    <s>ISIS Discussion List</s>
    <s>Journal Archives</s>
    <s>Notation Style</s>
    <s>Formatting and Style</s>
    <s>Tables and Figures</s>
    <s>Transliteration Scheme</s>
    <s>2012 Conference</s>
    <s>Call for Papers</s>
    <s>Submission Guideline</s>
    <s>2010 Conference</s>
    <s>Conference Program</s>
    <s>Book a Room</s>
    <s>2008 Conference</s>
    <s>2006 Conference</s>
    <s>Film Programme</s>
    <s>Film Synopsis</s>
    <s>Programme Outline</s>
    <s>Programme Sessions</s>
    <s>Programme Speakers</s>
    <s>Special Sessions</s>
    <s>2004 Conference</s>
    <s>Latest Posts</s>
    <s>Blog Archives</s>
    <s>Book Series</s>
    <s>CAIF Advisory Board</s>
    <s>CAIF Committee Members</s>
    <s>Saidi-Sirjani Book Award</s>
    <s>Past Winners</s>
    <s>Ehsan Yarshater Book Award</s>
    <s>Latifeh Yarshater Award</s>
    <s>Lifetime Achievement Award</s>
    <s>Best Dissertation Award</s>
    <s>The Lois Roth Prize</s>
    <s>2010 ISIS Conference Adjudication Results</s>
    <s>Eighth Biennial Iranian Studies Conference, Los Angeles, 27-30 May 2010</s>
    <s>Dear colleagues,</s>
    <s>After assessing the recommendations of the Program Committee, and taking</s>
    <s>into account the capacity of the conference facilities, the organizers of</s>
    <s>the 2010 ISIS conference authorized the publication of the adjudication</s>
    <s>process results, which are now available through each applicant's</s>
    <s>individual ISIS account.</s>
    <s>To check on the status of your proposal, please log in to &quot;My Account&quot; on</s>
    <s>the ISIS website home page, using your personal username and password. The</s>
    <s>result will appear at the bottom of the page.</s>
    <s>We had many strong proposals this year, and keeping the number of accepted</s>
    <s>papers within the limits specified by the organizers was a difficult task.</s>
    <s>Please note that all decisions--whether positive or negative--were taken by</s>
    <s>the experts on the committee after careful deliberation, and cannot be</s>
    <s>We plan to send out by e-mail individual notices to applicants within</s>
    <s>the next couple of weeks. The notices will confirm the status of their</s>
    <s>submissions, and will provide further instructions where necessary.</s>
    <s>Allow me to extend to all members of the Program Committee, and especially to the international panel of Adjudicators, sincere thanks for their dedication, hard work, and expertise</s>
    <s>Marta Simidchieva</s>
    <s>2010 ISIS Conference</s>
    <s>Program Committee Chair</s>
    <s>P R O G R A M C O M M I T T E E</s>
    <s>ISIS President:</s>
    <s>Mohamad Tavakoli-Targhi</s>
    <s>University of Toronto</s>
    <s>2010 ISIS Conference Chair:</s>
    <s>Hossein Ziai</s>
    <s>University of California at Los Angeles</s>
    <s>ISIS Executive Director:</s>
    <s>Rivanne Sandler</s>
    <s>University of Toronto</s>
    <s>2010 ISIS Program Committee Chair:</s>
    <s>Marta Simidchieva</s>
    <s>York University, Toronto</s>
    <s>Program Committee Administrative Assistant:</s>
    <s>Shabnam Rahimi-Golkhandan</s>
    <s>University of Toronto</s>
    <s>Firuza Abdullaeva</s>
    <s>Faculty of Oriental Studies, University of Oxford</s>
    <s>Touraj Atabaki</s>
    <s>Leiden University &amp; International Institute of Social History</s>
    <s>Muriel Atkin</s>
    <s>George Washington University, Washington DC</s>
    <s>Sussan Babaie</s>
    <s>Institute of Fine Arts, New York University</s>
    <s>Natasha Chalisova</s>
    <s>Centre for Comparative Studies, Institute of Oriental and Classical Studies,</s>
    <s>Russian State University for the Humanities, Moscow</s>
    <s>Thierry Coville</s>
    <s>Institut de Relations Internationales et Strategiques, Paris</s>
    <s>Touraj Daryaee</s>
    <s>Dr. Samuel M. Jordan Center for Persian Studies and</s>
    <s>Culture, University of California, Irvine</s>
    <s>Bahar Davary</s>
    <s>University of San Diego, California</s>
    <s>Supriya Gandhi</s>
    <s>Harvard University</s>
    <s>Paul Edward Losensky</s>
    <s>University of Indiana</s>
    <s>Pardis Mahdavi</s>
    <s>Pomona College, Claremont, California</s>
    <s>Yasuyuki Matsunaga</s>
    <s>Tokyo University of Foreign Studies</s>
    <s>Ziba Mir-Hosseini</s>
    <s>School of Oriental and African Studies, University of London</s>
    <s>Minoo Moallem</s>
    <s>University of California at Berkeley</s>
    <s>Kazuo Morimoto</s>
    <s>University of Tokyo</s>
    <s>Nima Naghibi</s>
    <s>Ryerson University, Toronto</s>
    <s>Enrico Giuseppe Raffaelli</s>
    <s>University of Toronto at Mississauga</s>
    <s>Daniel Rafinejad</s>
    <s>University of California at Los Angeles,</s>
    <s>Rahim Shayegan</s>
    <s>University of California at Los Angeles</s>
    <s>Marianna Shreve Simpson</s>
    <s>Bard Graduate Center, New York</s>
    <s>Azita Taleghani</s>
    <s>University of Toronto</s>
    <s>Nayereh Tohidi</s>
    <s>California State University, Northridge</s>
    <s>Zohreh Zarshenas</s>
    <s>Institute for Humanities and Cultural Studies, Tehran</s>
    <s>2012 Conference</s>
    <s>Call for Papers</s>
    <s>Submission Guideline</s>
    <s>2010 Conference</s>
    <s>Conference Program</s>
    <s>Book a Room</s>
    <s>2008 Conference</s>
    <s>2006 Conference</s>
    <s>Film Programme</s>
    <s>Film Synopsis</s>
    <s>Programme Outline</s>
    <s>Programme Sessions</s>
    <s>Programme Speakers</s>
    <s>Special Sessions</s>
    <s>2004 Conference</s>
    <s>Username: *</s>
    <s>Password: *</s>
    <s>Forgot Your Password?</s>
    <s>Home | About | Membership | Journal | Conferences | Privacy Policy | Terms and Conditions | Refund Policy</s>
    <s>Instructions for Authors</s>
  </text>
</page>
