<?xml version="1.0" encoding="UTF-8"?>
<!DOCTYPE page SYSTEM "page.dtd">
<page>
  <lang>en</lang>
  <url>http://www.tlstudies.org/ConferenceEng2011.html</url>
  <title>TLSA Conference 2011 - Timor Leste Studies Association</title>
  <snippet>
    <s>Please send all proposals for 20 minutes papers, with a 150-word abstract by 25 The conference reception will be held at the Hotel Esplanada on Wednesday </s>
  </snippet>
  <text>
    <s>Timor-Leste Studies</s>
    <s>Conferences and Seminars</s>
    <s>Research Organisations</s>
    <s>Links for Planning</s>
    <s>TLSA Conference 2011</s>
    <s>&gt; TLSA Conference 2011</s>
    <s>Communicating New Research on Timor-Leste</s>
    <s>&gt; Centro Forma JoPaulo II, Comoro, Dili, Timor-Leste, 30 June - 1 July 2011</s>
    <s>This two-day conference for researchers is organised by the Timor-Leste Studies Association (TLSA). The TLSA an interdisciplinary, international research network focussed on all aspects of research into East Timorese society, including politics and history, economics, communications, health, language and agriculture. The 2011 conference Communicating New Research on Timor-Leste will be co-hosted by the National University of Timor-Lorosa'e, Swinburne University of Technology, and the Technical University of Lisbon.</s>
    <s>&gt; Draft Conference Program now available</s>
    <s>A draft program for the 2011 TLSA Conference, Communicating New Research on Timor-Leste is now available. Click here to download pdf. We have a full and exciting program, in all four conference languages. Please note that this is now the final version.</s>
    <s>&gt; Conference details:</s>
    <s>&gt; Conference Pages in:</s>
    <s>&gt; Call for papers</s>
    <s>&gt; Tetum</s>
    <s>&gt; Conference languages</s>
    <s>&gt; Portuguese</s>
    <s>&gt; Abstract submission</s>
    <s>&gt; Indonesian</s>
    <s>&gt; Registration</s>
    <s>&gt; Accommodation and travel</s>
    <s>&gt; Support for East Timorese Nationals</s>
    <s>&gt; Related events</s>
    <s>CALL FOR PAPERS</s>
    <s>&gt; The organisers now call for papers addressing any aspect of social science/ humanities/ scientific research related to Timor-Leste. The conference organisers welcome papers from academics, researchers, activists, community groups and policy makers. A four-language refereed conference proceedings publication will be published, and distributed free to East Timorese tertiary institutions. Conference sub-themes will include, but are not limited to the following:</s>
    <s>&gt;Politics and International relations</s>
    <s>&gt;History and Heritage</s>
    <s>&gt;Culture and Society</s>
    <s>&gt;Anthropology and Archaeology</s>
    <s>&gt;Economics, business and trade</s>
    <s>&gt;International Development Assistance</s>
    <s>&gt;Development policy</s>
    <s>&gt;Health policy</s>
    <s>&gt;Gender issues</s>
    <s>&gt;Language and Linguistics</s>
    <s>&gt;Education (including a series of papers on adult and popular education)</s>
    <s>&gt; Back to Top</s>
    <s>CONFERENCE LANGUAGES</s>
    <s>Papers may be presented in English, Tetum, Portuguese or Bahasa Indonesian.</s>
    <s>&gt; Back to Top</s>
    <s>&gt; ABSTRACT SUBMISSION</s>
    <s>&gt; Please send all proposals for 20 minutes papers, with a 150-word abstract by 25 March 2011 to:</s>
    <s>Dr. Michael Leach (Swinburne University of Technology) via email:mleach@swin.edu.au</s>
    <s>&gt; Tetum language papers should also be sent cc: Antero da Silva, National University of Timor-Lorosae. anterob@gmail.com</s>
    <s>&gt; Portuguese language papers should also be sent cc: Prof Nuno Canas Mendes, Technical University of Lisbon. ncm@iscsp.utl.pt</s>
    <s>&gt; Bahasa Indonesia language papers should also be sent cc: Alarico da Costa Ximenes, National University of Timor-Lorosa'e, alaricodacosta@rocketmail.com</s>
    <s>&gt; Back to Top</s>
    <s>&gt; REGISTRATION</s>
    <s>&gt; For more information regarding conference registration fees and how to make a payment download the forms in .doc or .pdf format. Click here for .doc and here for .pdf.</s>
    <s>&gt; A discount is available for those also attending the Knowledge, Attitudes and Skills for Timor-Leste's Development conference in Dili (4-5 July).</s>
    <s>&gt; For internationals: All international delegates should submit their completed registration forms by Friday June 10. Internationals can either pre-pay using the registration form, or pay at the registration desk in Dili on June 30. (Write &quot;pay in Dili&quot; at the payment section of the registration form if that is your intention.)</s>
    <s>&gt; For East Timorese nationals: please register at the registration desk on June 30. You can confirm your attendance before the conference by emailing: Alarico da Costa Ximenes, UNTL. Email: alaricodacosta@rocketmail.com</s>
    <s>&gt; Back to Top</s>
    <s>&gt; VENUE, ACCOMMODATION AND TRAVEL</s>
    <s>The TLSA conference will take place at the Centro Forma JoPaulo II, Comoro, Dili. Click here to view map.</s>
    <s>A daily bus service to and from the venue will be provided departing from UNTL Liceu Machado building. Click here to view map.</s>
    <s>Please note that the conference bus has a maximum capacity of 22 persons only. Delegates are therefore encouraged to take taxis or microlets to the venue where possible. For those who wish to take the conference bus from downtown Dili, please email:mleach@swin.edu.au directly to secure one of the 22 spots. The bus will leave the square between UNTL Liceu and the Museum of the resistance at 8am on Thursday 30 June, and 8.15 on Friday 1 July. The departure point of the conference bus is also on the map above.</s>
    <s>The bus will return to downtown Dili both days at 5.45pm. On Thursday it will head to the Comarca Balide for the book launches, immediately after it reaches UNTL Liceu. Plenty of taxis will also be available from the conference venue.</s>
    <s>Taxi ride to and from down-town Dili to the venue will cost approx. $5 but may be negotiated beforehand with the driver.</s>
    <s>Conference Reception</s>
    <s>The conference reception will be held at the Hotel Esplanada on Wednesday June 29, 6-8pm. All registered delegates welcome.</s>
    <s>There are a number of hotels and guest houses in Dili. Information regarding accommodation may be found via:</s>
    <s>http://timor.buildingmarkets.org/en af/search/node/1478</s>
    <s>For international travellers flights to Dili can be booked:</s>
    <s>From Darwin</s>
    <s>From Bali</s>
    <s>From Singapore</s>
    <s>Overland travel from Kupang is also possible. However, please check land border entry requirements.</s>
    <s>via the Department of Immigration website.</s>
    <s>For international travellers arriving by air a visa on arrival may be granted valid for stay of up to 30 days, valid for single entry into Timor-Leste. The fee is US$30.</s>
    <s>Indonesian nationals may apply on arrival at any border post, including land border crossings as well as Dili International airport and Dili Sea Port.</s>
    <s>Portuguese nationals travelling on Portuguese passports are subject to visa exemption arrangements when travelling for tourism.</s>
    <s>N.B. Except for Indonesian and Portuguese nationals all travellers arriving at a land border must apply in advance for Visa Application Authorisation.</s>
    <s>Visit the Department of Immigration website for more details.</s>
    <s>&gt; Back to Top</s>
    <s>SUPPORT FOR EAST TIMORESE NATIONALS TO ATTEND</s>
    <s>&gt; See registration details for special discounts for East Timorese participants.</s>
    <s>&gt; Back to Top</s>
    <s>&gt; RELATED EVENTS</s>
    <s>&gt; The Communicating New Research on Timor-Leste research conference (Dili) will precede the Knowledge, Attitudes and Skills for Timor-Leste's Development conference (Dili), organised by Victoria University and National University of Timor-Lorosa'e, to be held in Dili, at the Dili Convention Centre, Mercado Lama, on Monday and Tuesday 4-5 July 2011. This will be a policy-oriented conference focussing on case studies of good practice, with invited speakers and participation by the Timorese government, the National University, Timorese civil society, Members of Parliament and other interested groups. For further information about that conference, please contact Dr Helen Hill helen.hill@vu.edu.au or view the conference website: http://www.vu.edu.au/events/timor-leste-conference</s>
    <s>These are linked conferences and discounted co-registration will be available for those who attend both.</s>
    <s>On the weekend between these two conferences (Saturday and Sunday 2-3 July) a number of Expos will take place in Dili with exhibits by local organisations on the conference themes of Agriculture &amp; Rural Livelihoods, Health, Teaching and Learning, Youth Transitions, Financial Inclusion &amp; Trade, Infrastructure &amp; National Systems, and Law &amp; Justice.</s>
    <s>&gt; Back to Top</s>
    <s>Enquiries and comments about the Timor-Leste Studies Association may be directed to Michael Leach</s>
    <s>This website was designed by Jenny Drysdale -- Photos on this website are by Dan Groshong</s>
    <s>Back to Top</s>
  </text>
</page>
