<?xml version="1.0" encoding="UTF-8"?>
<!DOCTYPE page SYSTEM "page.dtd">
<page>
  <lang>en</lang>
  <url>http://tsipil.ugm.ac.id/conference/new-deadline-for-full-paper-submission/</url>
  <title>New Deadline for Full Paper Submission « The 4th ASEAN Civil ...</title>
  <snippet>
    <s>We are pleased to announce the NEW DEADLINE for Paper Submission for The Joint 4th ASEAN Civil Engineering Conference and the 4th ASEAN </s>
  </snippet>
  <text>
    <s>Skip to content</s>
    <s>The Role of Civil and Environmental Engineering in Natural Disaster Risk Mitigation</s>
    <s>22-23 Nov 2011, Yogyakarta, Indonesia</s>
    <s>Call for Papers</s>
    <s>List of Topics</s>
    <s>Important Dates</s>
    <s>Previous Conferences</s>
    <s>Keynote Speaker</s>
    <s>Scientific Committee</s>
    <s>Organizing Committee</s>
    <s>Participation fee</s>
    <s>Bank Account</s>
    <s>Search for:</s>
    <s>New Deadline for Full Paper Submission</s>
    <s>We are pleased to announce the NEW DEADLINE for Paper Submission for The Joint 4th ASEAN Civil Engineering Conference and the 4th ASEAN Environmental Engineering Conference.</s>
    <s>Deadline for full paper submission: October 16 (Sun)</s>
    <s>Notification of full paper acceptance by peer-review: October 24 (Mon)</s>
    <s>Deadline for camera-ready manuscript: October 30 (Sun)</s>
    <s>Conference day: November 22-23 (Tue-Wed)</s>
    <s>Please notice that the full paper shall be prepared using the paper format guidelines that can  be downloaded here (guidelines for ACEC paper writing) for ACEC or here (guidelines for AEEC paper writing) for AEEC.</s>
    <s>It is strongly recommended that the author use this file as the template for preparing the manuscript. Every paragraph in the paper manuscript shall be given Style according to the paragraph type. Refer to Table 1 in the paper format guidelines to get the correct Style that fits to each paragraph type. It is not acceptable to apply Normal Style to all paragraph and to directly modify the paragraph attribute through Paragraph editing menu of MSWord. Refrain from leaving blank line between paragraphs except for rare cases where it is difficult to not to do so.</s>
    <s>Also, the author may find the tutorial for paper writing, based on the template, in the following link:</s>
    <s>The full papers will be peer-reviewed, and accepted papers with high quality will be selected and presented in oral sessions.</s>
    <s>Latest News</s>
    <s>New: Extended Deadline for Full Paper Submission</s>
    <s>Call for Full Paper</s>
    <s>Received Abstracts (Updated)</s>
    <s>Extension of Abstract Submission Deadline</s>
    <s>Submission Form</s>
    <s>Deadline for Abstract Submission</s>
    <s>About Yogyakarta</s>
    <s>Nearest Hotels</s>
    <s>Full Paper Format ACEC</s>
    <s>Full Paper Format AEEC</s>
    <s>Abstract Template</s>
    <s>Download Flyer</s>
    <s>Download Poster</s>
    <s>Supported by</s>
  </text>
</page>
