<?xml version="1.0" encoding="UTF-8"?>
<!DOCTYPE page SYSTEM "page.dtd">
<page>
  <lang>en</lang>
  <url>http://www.crgevent.co.uk/crg-exhibition-deadlines.php</url>
  <title>Deadlines and paperwork</title>
  <snippet>
    <s>THE DEADLINE FOR ALL PAPERWORK RELATING TO THE 2011 EXHIBITION IS The 2011 Conference was held in the Stareton Hall at Stoneleigh Park. </s>
  </snippet>
  <text>
    <s>!main pic</s>
    <s>&quot;Thank you all for a fantastic Exhibition and Gala Dinner&quot;</s>
    <s>Mieke Mosey, Whitby Seafoods</s>
    <s>&quot;Congratulations to you and your team.&quot;</s>
    <s>Shane Cuthbert, The Fabulous Bakin' Boys</s>
    <s>&quot;The exhibition was superb and very well organised and we had a most amazing evening's entertainment&quot;</s>
    <s>Mark O'Halloran, Ilfracombe Foodservice</s>
    <s>&quot;The friendliness shown to me has been fantastic and the team you have gathered are first class&quot;</s>
    <s>Martin Lovell, Cash &amp; Carry Management</s>
    <s>See all feedback </s>
    <s>Deadlines and paperwork for exhibitors</s>
    <s>THE DEADLINE FOR ALL PAPERWORK RELATING TO THE 2011 EXHIBITION IS FRIDAY 29TH JULY.</s>
    <s>IF YOU DO NOT SUBMIT PAPERWORK BY THIS DATE WE MAY NOT BE ABLE TO MEET YOUR REQUIREMENTS OR WORSE STILL, YOU MAY NOT BE ALLOWED TO EXHIBIT.</s>
    <s>Exhibition floorplan and stand numbers</s>
    <s>Click on the links below to download the following for your informaton:</s>
    <s>Exhibition floorplan(PDF)</s>
    <s>List of exhibitors and stand numbers (Excel)</s>
    <s>Risk Assessment - all exhibitors</s>
    <s>All exhibitors must complete and return a Risk Assessment Form.</s>
    <s>Risk Assessment Form (Editable Word document)</s>
    <s>Exhibitors serving food</s>
    <s>Exhibitors serving food must complete and return a Warwick District Council Registration Form, and download and retain the Warwick District Council Standard for temporary premises paperwork.</s>
    <s>Warwick District Council Registration Form for Temporary food Premises</s>
    <s>Download (Word doc)</s>
    <s>Warwick District Council Standard for Temporary Premises</s>
    <s>(Including Food Safety Records Form)</s>
    <s>Download (Word doc)</s>
    <s>Please send the registration form direct to Warwick District Council. In addition, exhibitors serving food must supply a copy of their Food Hygiene Certificate to the organisers.</s>
    <s>Electrics and Other Services</s>
    <s>Exhibitors requiring an electrical upgrade, or other services, should detail their requirements on the forms below.</s>
    <s>Electrical upgrade form (PDF)</s>
    <s>Other Services Form (Editable Word document)</s>
    <s>You are advised to keep a copy of all the information you send to us.</s>
    <s>The 29th July deadline is the latest date for information - please help us and help yourself by getting the forms to us as early as you can. Thank you.</s>
    <s>If you require further information or help in completing these forms please contact Sally Bartrum on 01379 650112.</s>
    <s>The 2011 Exhibition was held in the Warwick and Avon Suites at Stoneleigh Park. Click here to see photographs.</s>
    <s>The 2011 Conference was held in the Stareton Hall at Stoneleigh Park.Click here to see photographs.</s>
    <s>The 2011 Gala Dinner was held at Chesford Grange Hotel. Click here to see photographs.</s>
    <s>Quick links:</s>
    <s>Gala Dinner</s>
    <s>Getting there</s>
    <s>The Exhibition:</s>
    <s>Information for delegates</s>
    <s>Information for exhibitors</s>
    <s>Deadlines and paperwork</s>
    <s>Risk assessment</s>
    <s>Food Hygiene</s>
    <s>Health &amp; safety</s>
    <s>Top tips</s>
    <s>External links:</s>
    <s>Country Range Group</s>
    <s>Chesford Grange Hotel</s>
  </text>
</page>
