<?xml version="1.0" encoding="UTF-8"?>
<!DOCTYPE page SYSTEM "page.dtd">
<page>
  <lang>en</lang>
  <url>http://www.ahrq.gov/About/annualconf09/nicholas.htm</url>
  <title>AHRQ 2009 Annual Conference, Slide Presentation: Hospital ...</title>
  <snippet>
    <s>Sep 15, 2009 Hospital Utilization by Fee-for-Service and Medicare Advantage Enrollees. Slide Presentation from the AHRQ 2009 Annual Conference </s>
  </snippet>
  <text>
    <s>Your browser doesn't support JavaScript. Please upgrade to a modern browser or enable JavaScript in your existing browser.</s>
    <s>Skip Navigation</s>
    <s>Search www.ahrq.gov</s>
    <s>AHRQ Home | Questions? | Contact Us | Site Map | What's New | Browse | Informacion en español | !E-mail Updates</s>
    <s>You Are Here: AHRQ Home &gt; About AHRQ &gt; AHRQ 2009 Annual Conference &gt; Slide Presentation (Text Version)</s>
    <s>Hospital Utilization by Fee-for-Service and Medicare Advantage Enrollees</s>
    <s>Slide Presentation from the AHRQ 2009 Annual Conference</s>
    <s>On September 15, 2009, Lauren Nicholas made this presentation at the 2009 Annual Conference. Select to access the PowerPoint® presentation (407 KB). Free PowerPoint® Viewer.</s>
    <s>Slide 1</s>
    <s>!Hospital Utilization by Fee-for-Service and Medicare Advantage Enrollees. Text Description is below the image.</s>
    <s>Hospital Utilization by Fee-for-Service and Medicare Advantage Enrollees</s>
    <s>Lauren Hersch Nicholas</s>
    <s>University of Michigan</s>
    <s>September 15, 2009</s>
    <s>Slide 2</s>
    <s>!Motivation. Text Description is below the image.</s>
    <s>Ongoing policy interest in expanding Medicare benefits while reducing spending</s>
    <s>Medicare Advantage plans provide a voluntary, managed care alternative to Fee-for-Service</s>
    <s>Payments to plans now exceed average FFS spending</s>
    <s>Little is known about quality or cost implications of increasing enrollment in Medicare Advantage plans</s>
    <s>Slide 3</s>
    <s>!Research Questions. Text Description is below the image.</s>
    <s>Research Questions</s>
    <s>Does managed care affect hospital utilization for Medicare beneficiaries?</s>
    <s>Quality of outpatient care: Ambulatory Care Sensitive Admissions</s>
    <s>Access to elective procedures: Referral-Sensitive Admissions</s>
    <s>Does managed care enrollment affect total Medicare spending?</s>
    <s>Slide 4</s>
    <s>!Background. Text Description is below the image.</s>
    <s>Existing quality and utilization literature indicates quality problems in early Medicare managed care plans</s>
    <s>Yet managed care consistently better at preventive service use</s>
    <s>Cost spillovers from managed care believed to hold down FFS spending, but higher payments to plans raise total spending</s>
    <s>Managed care plans historically attract healthier enrollees</s>
    <s>Findings mostly from 1990s, don't identify casual effects</s>
    <s>Slide 5</s>
    <s>!State Inpatient Database. Text Description is below the image.</s>
    <s>State Inpatient Database</s>
    <s>Discharge abstracts from hospitalizations in AZ, FL, NJ, and NY</s>
    <s>20% of Medicare beneficiaries and 25% of Medicare Advantage enrollees live in one of these 4 states</s>
    <s>All in-state hospitalizations from 1990-2005</s>
    <s>Include Medicare Advantage and Fee-for-Service beneficiaries</s>
    <s>ICD-9 diagnostics and procedure codes used to identify ambulatory care sensitive (AHRQ Prevention Quality Indicators) and referral-sensitive admissions</s>
    <s>Marker hospitalizations, which are not affected by medical care, provide comparison group</s>
    <s>Medicare enrollment date ? demographic information for all beneficiaries</s>
    <s>Slide 6</s>
    <s>!Ambulatory Care Sensitive Admissions. Text Description is below the image.</s>
    <s>Ambulatory Care Sensitive Admissions</s>
    <s>Potentially avoided with effective primary care</s>
    <s>Hospitalizations per 1,000 MMC1 FFS</s>
    <s>Reptured Appendix</s>
    <s>Urinary Tract Infection</s>
    <s>Chronic Obstructive Pulmonary Disease</s>
    <s>Congestive Heart Failure</s>
    <s>Diabetes Short-term</s>
    <s>Diabetes Long-term</s>
    <s>Diabetes Uncontrolled</s>
    <s>Diabetes Amputation</s>
    <s>Slide 7</s>
    <s>!Referral-Sensitive Admissions. Text Description is below the image.</s>
    <s>Referral-Sensitive Admissions</s>
    <s>Technology-intensive procedures, require referral</s>
    <s>Low rates of procedures may suggest barriers to service use</s>
    <s>Hospitalizations per 1,000 MMC FFS</s>
    <s>Coronary Artery Bypass</s>
    <s>Elective Joint Replacement</s>
    <s>Pacemaker Insertion</s>
    <s>Slide 8</s>
    <s>!Marker Admissions. Text Description is below the image.</s>
    <s>Marker Admissions</s>
    <s>Hospitalizations which are unrelated to recent medical care, reflect underlying health status, private information influencing insurance choice and utilization</s>
    <s>Hospitalizations per 1,000 MMC FFS</s>
    <s>Gastrointestinal Obstruction</s>
    <s>Hip Fracture</s>
    <s>Slide 9</s>
    <s>!Unadjusted Rates of Hospitalization for Medicare Advantage and Fee-for-Service Enrollees. Text Description is below the image.</s>
    <s>Unadjusted Rates of Hospitalization for Medicare Advantage and Fee-for-Service Enrollees</s>
    <s>Rate per 1,000</s>
    <s>Managed Care: 37.6</s>
    <s>Fee for services: 60.9</s>
    <s>Referral Hospitalization Type</s>
    <s>Managed Care: 16.3</s>
    <s>Fee for services: 21.6</s>
    <s>Managed Care: 6.6</s>
    <s>Fee for services: 10.7</s>
    <s>Slide 10</s>
    <s>!Medicare Advantage and Fee-for-Service Enrollees are Demographically Similar. Text Description is below the image.</s>
    <s>Medicare Advantage and Fee-for-Service Enrollees are Demographically Similar</s>
    <s>Variable MMC FFS</s>
    <s>Other Race</s>
    <s>Source: Medicare Denominator File, 1999-2005</s>
    <s>Slide 11</s>
    <s>!What explains differences in hospital utilization?. Text Description is below the image.</s>
    <s>What explains differences in hospital utilization?</s>
    <s>Medicare Advantage plans attract healthier enrollees, otherwise provide the same care as Fee-for-Service</s>
    <s>Medicare Advantage plans manage care to limit utilization, ? reduce elective procedure use</s>
    <s>Medicare Advantage plans manage care to preserve beneficiary health, ? reduce potentially preventable admissions</s>
    <s>Slide 12</s>
    <s>!Empirical Approach. Text Description is below the image.</s>
    <s>Empirical Approach</s>
    <s>Insurance Type-Country-Year level regressions of rate of hospitalization on Medicare coverage type and demographics</s>
    <s>County and Year fixed effects</s>
    <s>Two-stage estimation procedure using ratio of observed to expected marker hospitalizations to control for unobserved health status differences</s>
    <s>Pairs-Cluster Bootstrap used to calculate standard errors</s>
    <s>Slide 13</s>
    <s>!Effect of Managed Care on Rates of Hospitalization. Text Description is below the image.</s>
    <s>Effect of Managed Care on Rates of Hospitalization (1)</s>
    <s>Difference in Rates of hospitalization per 1,000 Enrollees</s>
    <s>ACS Acute ACS Chronic ACS Referral</s>
    <s>Cluster robust standard errors in parentheses</s>
    <s>p &lt; 0.10</s>
    <s>p &lt; 0.05</s>
    <s>p &lt; 0.01</s>
    <s>Slide 14</s>
    <s>!Effect of Managed Care on Rates of Hospitalization. Text Description is below the image.</s>
    <s>Effect of Managed Care on Rates of Hospitalization (2)</s>
    <s>Managed care significantly reduces potentially preventable hospitalizations</s>
    <s>Acute reductions primarily from Pneumonia and Urinary Tract Infection? Earlier access to antibiotics?</s>
    <s>No overall managed care effect for referral-sensitive hospitalizations, but significant reduction in elective joint replacement (3.5 per 1,000 enrollees) and pacemaker insertion (0.9 per 1,000)</s>
    <s>Positive selection into Medicare Advantage plans accounts for between 25 and 35 percent of risk-adjusted differences</s>
    <s>Slide 15</s>
    <s>!Trends in Ambulatory Care Sensitive Admissions in Medicare Advantage and Fee-for-Service. Text Description is below the image.</s>
    <s>Trends in Ambulatory Care Sensitive Admissions in Medicare Advantage and Fee-for-Service</s>
    <s>A chart showing the trends in Ambulatory Care Sensitive Admissions in Medicare Advantage and Fee-for-Service is shown.</s>
    <s>Slide 16</s>
    <s>!Medicare Advantage and Medicare Spending. Text Description is below the image.</s>
    <s>Medicare Advantage and Medicare Spending</s>
    <s>Nationally, 1% increase in Medicare Advantage enrollment increases average Medicare spending between 0.3 and 1.1%</s>
    <s>Is extra spending on managed care cost-effective way to reduce ACS admissions?</s>
    <s>Increasing plan payment rates by $600 per enrollee per year would reduce ACS admissions rate by 1 per 1,000</s>
    <s>Slide 17</s>
    <s>!Conclusions and Policy Implications. Text Description is below the image.</s>
    <s>Conclusions and Policy Implications</s>
    <s>Medicare Advantage plans have lower rates of ambulatory care sensitive admissions</s>
    <s>No overall difference in referral-sensitive admissions</s>
    <s>Both positive selection and true &quot;managed care effect&quot; explain observed differences in utilization</s>
    <s>Higher payments to plans concentrate enrollment on healthier enrollees, hospitalizations primarily reduced by low-cost interventions</s>
    <s>Potential to reduce total spending by improving access to acute care in FFS?</s>
    <s>Current as of December 2009</s>
    <s>Internet Citation:</s>
    <s>Hospital Utilization by Fee-for-Service and Medicare Advantage Enrollees . Slide Presentation from the AHRQ 2009 Annual Conference (Text Version). December 2009. Agency for Healthcare Research and Quality, Rockville, MD. http://www.ahrq.gov/about/annualconf09/nicholas.htm</s>
    <s>!AHRQ!!Advancing Excellence in Health Care</s>
    <s>AHRQ Home | Questions? | Contact AHRQ | Site Map | Accessibility | Privacy Policy | Freedom of Information Act | Disclaimers | Plain Writing Act</s>
    <s>U.S. Department of Health &amp; Human Services | The White House | USA.gov: The U.S. Government's Official Web Portal</s>
    <s>Agency for Healthcare Research and Quality540 Gaither Road Rockville, MD 20950Telephone: (301) 427-1364</s>
  </text>
</page>
