<?xml version="1.0" encoding="UTF-8"?>
<!DOCTYPE page SYSTEM "page.dtd">
<page>
  <lang>en</lang>
  <url>http://www.cityhotelandbistro.com/</url>
  <title>City Hotel &amp; Bistro Greenville, NC</title>
  <snippet>
    <s>Whether you need to schedule a wedding reception, a corporate metting, or a single hotel room, City Hotel &amp; Bistro Hotel boasts the area&#39;s largest selection of </s>
  </snippet>
  <text>
    <s>hotel rooms greenville nc, weddings and banquets, entertainment greenville north carolina, 185 spacious hotel rooms and seven elegant grand suites, the City Hotel &amp; Bistro Hotel boasts the largest selection of fine accommodations in Greenville, NC and surrounding area. We offer all the comforts of home, as well as a few extra luxuries to make your stay most enjoyable.</s>
    <s>Floor Plans</s>
    <s>Food and Beverage</s>
    <s>Presidential Suite</s>
    <s>Jacuzzi Suite</s>
    <s>University Suite</s>
    <s>King Suite</s>
    <s>Double Room</s>
    <s>King Room</s>
    <s>Handicap Accessible Rooms  !</s>
    <s>View Our Rooms</s>
    <s>The City Bistro</s>
    <s>Meeting Space</s>
    <s>Contact Us</s>
    <s>out-of-town directions</s>
    <s>local directions</s>
    <s>area information</s>
    <s>Parks &amp; Facilities</s>
    <s>Health Clubs</s>
    <s>Golf Facilities</s>
    <s>Tennis Facilities</s>
    <s>Antique Shopping</s>
    <s>Movie Theatres</s>
    <s>US Postal Service</s>
    <s>Music and Stage</s>
    <s>Festivals and Events</s>
    <s>1. Floor Plans</s>
    <s>2. Dimensions</s>
    <s>3. Ballroom</s>
    <s>4. Food and Beverage</s>
    <s>5. Presidential Suite</s>
    <s>6. Jacuzzi Suite</s>
    <s>7. University Suite</s>
    <s>8. King Suite</s>
    <s>9. Double Room</s>
    <s>10. King Room</s>
    <s>11. Handicap Accessible Rooms  !</s>
    <s>12. Reservations</s>
    <s>13. View Our Rooms</s>
    <s>14. The City Bistro</s>
    <s>15. Meeting Space</s>
    <s>16. Banquets</s>
    <s>17. Location/Area</s>
    <s>18. Contact Us</s>
    <s>19. Amenities</s>
    <s>20. out-of-town directions</s>
    <s>21. maps</s>
    <s>22. local directions</s>
    <s>23. area information</s>
    <s>24. Parks &amp; Facilities</s>
    <s>25. Health Clubs</s>
    <s>26. Golf Facilities</s>
    <s>27. Tennis Facilities</s>
    <s>28. Antique Shopping</s>
    <s>29. Pharmacies</s>
    <s>30. Nightlife</s>
    <s>31. Movie Theatres</s>
    <s>32. US Postal Service</s>
    <s>33. Libraries</s>
    <s>34. Music and Stage</s>
    <s>35. Festivals and Events</s>
    <s>Check Availability</s>
    <s>Check In Date:</s>
    <s>Length of Stay:</s>
    <s>of Rooms:</s>
    <s>of Adults:</s>
    <s>of Children:</s>
    <s>Maps &amp; Directions</s>
    <s>Parks &amp; Facilities</s>
    <s>Health Clubs</s>
    <s>Golf Facilities</s>
    <s>Tennis Facilities</s>
    <s>Antique Shopping</s>
    <s>Movie Theatres</s>
    <s>US Postal Service</s>
    <s>Music and Stage</s>
    <s>Festivals and Events</s>
    <s>Catering / Food / Beverage</s>
    <s>Entertainment Schedule</s>
    <s>View Our Rooms</s>
    <s>Contact Us</s>
    <s>Meeting / Conference Space</s>
    <s>Weddings / Banquets</s>
    <s>Catering / Food / Beverage</s>
    <s>The City Bistro</s>
    <s>Entertainment / Dining</s>
    <s>Events Schedule</s>
    <s>Our Location</s>
    <s>Area Info</s>
    <s>News and Press</s>
    <s>Our Privacy Policy</s>
    <s>Out-of-town Directions</s>
    <s>Local Directions</s>
    <s>Area Information</s>
    <s>Presidential Suite</s>
    <s>Jacuzzi Suite</s>
    <s>University Suite</s>
    <s>King Suite</s>
    <s>Double Room</s>
    <s>King Room</s>
    <s>Handicap Accessible Rooms  !</s>
    <s>Floor Plans</s>
    <s>1. Maps &amp; Directions</s>
    <s>2. Parks &amp; Facilities</s>
    <s>3. Health Clubs</s>
    <s>4. Golf Facilities</s>
    <s>5. Tennis Facilities</s>
    <s>6. Antique Shopping</s>
    <s>7. Pharmacies</s>
    <s>8. Nightlife</s>
    <s>9. Movie Theatres</s>
    <s>10. US Postal Service</s>
    <s>11. Libraries</s>
    <s>12. Music and Stage</s>
    <s>13. Festivals and Events</s>
    <s>14. Ballroom</s>
    <s>15. Catering / Food / Beverage</s>
    <s>16. Entertainment Schedule</s>
    <s>17. Home</s>
    <s>18. Reservations</s>
    <s>19. View Our Rooms</s>
    <s>20. Contact Us</s>
    <s>21. Amenities</s>
    <s>22. Meeting / Conference Space</s>
    <s>23. Weddings / Banquets</s>
    <s>24. Catering / Food / Beverage</s>
    <s>25. The City Bistro</s>
    <s>26. Entertainment / Dining</s>
    <s>27. Events Schedule</s>
    <s>28. Our Location</s>
    <s>29. News and Press</s>
    <s>30. Newsletters</s>
    <s>31. Our Privacy Policy</s>
    <s>32. Out-of-town Directions</s>
    <s>33. Maps</s>
    <s>34. Local Directions</s>
    <s>35. Area Information</s>
    <s>36. Presidential Suite</s>
    <s>37. Jacuzzi Suite</s>
    <s>38. University Suite</s>
    <s>39. King Suite</s>
    <s>40. Double Room</s>
    <s>41. King Room</s>
    <s>42. Handicap Accessible Rooms  !</s>
    <s>43. Floor Plans</s>
    <s>44. Dimensions</s>
    <s>Join Our Newsletter</s>
    <s>We protect your privacy, read our privacy policy for details</s>
    <s>     !!</s>
    <s>                               Welcome</s>
    <s>&gt; Break away from the chains and stay at Greenville, NC’s only full service independently owned hotel. Our customer service and attention to detail will exceed your expectations.</s>
    <s>With 185 Newly Renovated Spacious hotel rooms and seven elegant suites, the City Hotel &amp; Bistro boasts the largest selection of fine accommodations</s>
    <s>in Greenville, NC and surrounding areas.</s>
    <s>We offer all the comforts of your home as well as a few extra luxuries to make your stay most enjoyable.</s>
    <s>Call today for information on our PREFERRED CORPORATE GUEST RATES &amp; GOVERNMENT RATES!!</s>
    <s>The City Hotel &amp; Bistro extends to our corporate travelers a pleasurable, cozy atmosphere in our guest rooms.</s>
    <s>We offer complimentary wireless internet, voice &amp; data phone lines, and a business center.</s>
    <s>Our on site meeting and banquet facilities are suitable for any business transaction or luxurious event.</s>
    <s>Our professional sales and catering department can help you plan the perfect event.</s>
    <s>During your stay we invite you to enjoy an evening out on the town, with no travel needed.</s>
    <s>The City Bistro presents tantalizing food and beverage features as the perfect end to a business day or an even better start to a leisurely evening. </s>
    <s>Hotel Greenville NC, Greenville NC Convention Center - City Hotel &amp; Bistro, 203 SW Greenville Blvd, Greenville, NC 27834, 252-355-8300, 877-271-2616, Fax 220-756-3553</s>
    <s>Home | Reservations | Location/Area | Amenities | News &amp; Press | Newsletters | Unsubscribe</s>
    <s>Meeting Space | Weddings/Banquets | Food &amp; Beverage | View our Rooms | Contact Us | Privacy Policy</s>
    <s>Copyright (C) 2002 - 2011, City Hotel &amp; Bistro. All rights reserved. Website design, Website programming</s>
    <s>&amp; Website hosting by New Edge Interactive. Visit us at www.newedgeinteractive.com</s>
    <s>greenville nc, hotels in greenville nc, greenville hotels, greenville hotel, luxury hotel rooms and suite, banquet facilities, board rooms, meeting spaces, live entertainment nightly, outdoor pool, wedding, and catering facilities make the City Hotel and Bistro the ideal location when traveling to greenville north carolina. Whether for East Carolina University sports or just a night away from home, the City Hotel and Bistro have everything you need to feel comfortable. With 185 spacious hotel rooms and seven elegant grand suites, the City Hotel &amp; Bistro Hotel boasts the largest selection of fine accommodations in Greenville, NC and surrounding area. We offer all the comforts of home, as well as a few extra luxuries to make your stay most enjoyable. The City Hotel &amp; Bistro Hotel extends to the corporate traveler, a pleasurable, cozy atmosphere in our guest rooms, including simultaneous voice and data phone lines, WIRELESS High Speed Internet, as well as Corporate Board Rooms and Meeting Facilities suitable for any business transaction. In addition to our facilities for corporate events, City Hotel &amp; Bistro is also a perfect location for any event. Our catering and planning services can help make your wedding reception or your next important birthday or anniversary party exactly as you want it.</s>
  </text>
</page>
