<?xml version="1.0" encoding="UTF-8"?>
<!DOCTYPE page SYSTEM "page.dtd">
<page>
  <lang>en</lang>
  <url>http://dbis.rwth-aachen.de/cms/staff/spaniol/conference-workshop-organization-reviews/switchLanguage%3Fset_language%3Dde</url>
  <title>Conference/Workshop Organization &amp; Reviews — Informatik 5 ...</title>
  <snippet>
    <s>Conference/Workshop Organization &amp; Reviews. Conference I-Media&#39;08 at Triple </s>
  </snippet>
  <text>
    <s>Direkt zum Inhalt | Direkt zur Navigation</s>
    <s>Website durchsuchen</s>
    <s>nur im aktuellen Bereich</s>
    <s>Erweiterte Suche…</s>
    <s>Informatik 5</s>
    <s>Information Systems</s>
    <s>Prof. Dr. M. Jarke</s>
    <s>Benutzerspezifische Werkzeuge</s>
    <s>Sie sind hier: Startseite -&gt; Staff -&gt; Dr. Marc Spaniol -&gt; Conference/Workshop Organization &amp; Reviews</s>
    <s>Prof. Dr. M. Jarke</s>
    <s>RWTH Aachen</s>
    <s>Informatik 5</s>
    <s>Ahornstr. 55</s>
    <s>D-52056 Aachen</s>
    <s>Tel +49/241/8021501</s>
    <s>Fax +49/241/8022321</s>
    <s>How to find us</s>
    <s>Conference/Workshop Organization &amp; Reviews</s>
    <s>Conference I-Media'08 at Triple-I'08 Special Track on Cross-Platform Aspects of the Social Web (CPASW '08), Graz, Austria, September 3-5, 2008 (Member of the PC)</s>
    <s>Conference I-Know'08 at Triple-I'08 Special Track on Knowledge Visualization and Knowledge Relationship Discovery (KVD'08), Graz, Austria, September 3-5, 2008 (Member of the PC)</s>
    <s>The 8th MPEG-7/21 Community Workshop on Multimedia Metadata Management &amp; Retrieval (M3R 08), Klagenfurt, Austria, May 7-8, 2008 (Member of the PC)</s>
    <s>The IADIS International Conference on Web Based Communities 2007, Amsterdam, The Netherlands, July 24-26, 2007 (Member of the PC)</s>
    <s>International Workshop on Interactive Digital Entertainment Technologies (IDET 2008), Lanzhou, China, July 15-16, 2008 (Publicity Co-Chair &amp; Member of the PC)</s>
    <s>The International Conference on Technology, Communication and Education i-TCE 2008, Kuwait, April 7-9, 2008 (Member of the PC)</s>
    <s>The 7th International Conference on Web-based Learning (ICWL 2008), Jinhua, China, August 20-22, 2008 (Publicity Co-Chair &amp; Member of the PC)</s>
    <s>Conference ECSCW 2007 Workshop on &quot;What is missing in Social Software? Current collaborative practices in social software&quot;, Limerick, Ireland, September 24-28, 2007 (Member of the PC)</s>
    <s>Conference EC-TEL'07 Workshop on Social Information Retrieval for Technology-Enhanced Learning (SIRTEL 2007), Crete, September 17-20, 2007 (Member of the PC)</s>
    <s>The 2nd European Conference on Technology Enhanced Learning EC-TEL'07, Crete, September 17-20, 2007 (Member of the PC)</s>
    <s>Conference I-Media'07 Workshop on Multimedia Metadata Applications (M3A), Graz, Austria, September 5-7, 2007 (Member of the PC)</s>
    <s>Conference I-Know'07 Special Track on Knowledge Organization and Semantic Technologies (KOST'06), Graz, Austria, September 5-7, 2007 (Member of the PC)</s>
    <s>The 6th International Conference on Web-based Learning (ICWL 2007), Edinburgh, Scotland, August 15-17, 2007 (Publicity Co-Chair &amp; Member of the PC)</s>
    <s>The 6th MPEG-7/21 Community Workshop The Role of Metadata, Aachen, Germany, March 5-6, 2007 (Member of the PC)</s>
    <s>The IADIS International Conference on Web Based Communities 2007, Salamanca, Spain, February 18-20, 2007 (Member of the PC)</s>
    <s>5th UNESCO/ICOMOS Expert Working Group for the Preservation of the Bamiyan Site, Aachen Germany, December 14-16, 2006 (Associated Organizer)</s>
    <s>The 2nd International Symposium in Media Informatics</s>
    <s>JUKM Special Issue of the Multimedia Metadata Community (Member of the PC)</s>
    <s>The 5th International Conference on Web-based Learning (ICWL 2006), Penang, Malaysia, July 19-21, 2006 (Member of the PC)</s>
    <s>Conference I-Know'06 Special Track on Advanced Semantic Technologies (AST'06), Graz, Austria, September 6-8, 2006 (Member of the PC)</s>
    <s>Conference I-Know'06 Workshop of the Multimedia Metadata Community (MMC'06), Graz, Austria, September 6-8, 2006 (Member of the PC)</s>
    <s>Workshop on “Information Systems for Science, Cultural Heritage Management &amp; e-Government in Afghanistan”, Aachen, Germany, 2006 (Co-Organizer &amp; Member of the PC)</s>
    <s>The 3rd MPEG-7/21 Community Workshop Test Sets for Multimedia Interoperability &amp; Application Scenarios, Aachen, Germany, November 24-25, 2005 (Co-Organizer &amp; Member of the PC)</s>
    <s>Conference I-KNOW '05 Special Track on Knowledge Discovery and Semantic Technologies (KDaST'05), Graz, Austria, June 28-30, 2005 (Member of the PC)</s>
    <s>Symposium Die Listen der Evidenz, Cologne, Germany, February 4-5, 2004 (Co-Organizer &amp; Member of the PC)</s>
    <s>Conference &quot;Advances in Web-based Learning&quot; (ICWL 2003), Melbourne, Australia, August 18-20, 2003 (Peer Reviewer)</s>
    <s>Weitere Nachrichten…</s>
    <s>BSCW Server</s>
    <s>Knowledge-Based Systems Group</s>
    <s>Computer Science Department</s>
    <s>RWTH Aachen</s>
  </text>
</page>
