<?xml version="1.0" encoding="UTF-8"?>
<!DOCTYPE page SYSTEM "page.dtd">
<page>
  <lang>en</lang>
  <url>http://en.wikipedia.org/wiki/Marshall_Plan</url>
  <title>Marshall Plan - Wikipedia, the free encyclopedia</title>
  <snippet>
    <s>The reconstruction plan, developed at a meeting of the participating . with the Soviets&#39; violation of the withdrawal deadline in Iran, and Churchill&#39;s Iron .. The Marshall Plan money was transferred to the governments of the European nations. </s>
  </snippet>
  <text>
    <s>Marshall Plan</s>
    <s>From Wikipedia, the free encyclopedia</s>
    <s>Jump to: navigation, search</s>
    <s>Labeling used on aid packages</s>
    <s>The Marshall Plan (officially the European Recovery Program, ERP) was the large-scale American program to aid Europe where the United States gave monetary support to help rebuild European economies after the end of World War II in order to combat the spread of Soviet communism. The plan was in operation for four years beginning in April 1948. The goals of the United States were to rebuild a war-devastated region, remove trade barriers, modernize industry, and make Europe prosperous again. The initiative was named after Secretary of State George Marshall. The plan had bipartisan support in Washington, where the Republicans controlled Congress and the Democrats controlled the White House. The Plan was largely the creation of State Department officials, especially William L. Clayton and George F. Kennan. Marshall spoke of urgent need to help the European recovery in his address at Harvard University in June 1947.</s>
    <s>The reconstruction plan, developed at a meeting of the participating European states, was established on June 5, 1947. It offered the same aid to the Soviet Union and its allies, but they did not accept it. During the four years that the plan was operational, US $13 billion in economic and technical assistance was given to help the recovery of the European countries that had joined in the Organization for European Economic Co-operation. This $13 billion was in the context of a U.S. GDP of $258 billion in 1948, and was on top of $12 billion in American aid to Europe between the end of the war and the start of the Plan that is counted separately from the Marshall Plan. The Marshall Plan was replaced by the Mutual Security Plan at the end of 1951.</s>
    <s>The ERP addressed each of the obstacles to postwar recovery. The plan looked to the future, and did not focus on the destruction caused by the war. Much more important were efforts to modernize European industrial and business practices using high-efficiency American models, reduce artificial trade barriers, and instill a sense of hope and self-reliance.</s>
    <s>By 1952 as the funding ended, the economy of every participant state had surpassed pre-war levels; for all Marshall Plan recipients, output in 1951 was at least 35% higher than in 1938. Over the next two decades, Western Europe enjoyed unprecedented growth and prosperity, but economists are not sure what proportion was due directly to the ERP, what proportion indirectly, and how much would have happened without it. The Marshall Plan was one of the first elements of European integration, as it erased trade barriers and set up institutions to coordinate the economy on a continental level—that is, it stimulated the total political reconstruction of western Europe.</s>
    <s>Belgian economic historian Herman Van der Wee concludes the Marshall Plan was a &quot;great success&quot;:</s>
    <s>&quot;It gave a new impetus to reconstruction in Western Europe and made a decisive contribution to the renewal of the transport system, the modernization of industrial and agricultural equipment, the resumption of normal production, the raising of productivity, and the facilitating of intra-European trade.&quot;</s>
    <s>ERP Expenditures</s>
    <s>1 Wartime destruction</s>
    <s>2 Initial post-war events</s>
    <s>2.1 Slow recovery</s>
    <s>3 Soviet negotiations</s>
    <s>4 The speech</s>
    <s>5 Rejection by the Soviets</s>
    <s>5.1 Initial reactions</s>
    <s>5.2 Compulsory Eastern Bloc rejection - Compulsory Western Bloc acceptance</s>
    <s>5.3 Szklarska Poręba meeting</s>
    <s>6 Negotiations</s>
    <s>7 Implementation</s>
    <s>7.1 German level of industry restrictions</s>
    <s>8 Expenditures</s>
    <s>9 Loans and Grants</s>
    <s>10 Effects and legacy</s>
    <s>11 Repayment</s>
    <s>12 Areas without the Plan</s>
    <s>12.1 Aid to Asia</s>
    <s>12.2 Canada</s>
    <s>12.3 World total</s>
    <s>13 Criticism</s>
    <s>13.1 Early criticism</s>
    <s>13.2 Modern criticism</s>
    <s>14 In popular culture</s>
    <s>15 See also</s>
    <s>16 Notes</s>
    <s>17 References</s>
    <s>18 Further reading</s>
    <s>19 External links</s>
    <s>[edit] Wartime destruction</s>
    <s>1960 West German stamp honoring George Marshall</s>
    <s>By the end of World War II much of Europe was devastated. Sustained aerial bombardment had badly damaged most major cities, and industrial facilities were especially hard-hit. The region's trade flows had been thoroughly disrupted; millions were in refugee camps living on aid from United Nations Relief and Rehabilitation Administration and other agencies. Food shortages were severe, especially in the harsh winter of 1946–1947.</s>
    <s>Especially damaged was transportation infrastructure, as railways, bridges, and docks had been specifically targeted by air strikes, while much merchant shipping had been sunk. Although most small towns and villages in Western Europe had not suffered as much damage, the destruction of transportation left them economically isolated. None of these problems could be easily remedied, as most nations engaged in the war had exhausted their treasuries in its execution.</s>
    <s>The only major powers whose infrastructure had not been significantly harmed in World War II were the United States and Canada. They were much more prosperous than before the war but exports were a small factor in the American economy. Much of the Marshall Plan aid would be used by the Europeans to buy manufactured goods and raw materials from the United States and Canada.</s>
    <s>[edit] Initial post-war events</s>
    <s>[edit] Slow recovery</s>
    <s>The hunger-winter of 1947, thousands protest in Germany against the disastrous food situation (March 31, 1947).</s>
    <s>Europe's economies were recovering very slowly, as unemployment and food shortages led to strikes and unrest in several nations. In 1947 the European economies were still well below their pre-war levels and were showing few signs of growth. Agricultural production was 83% of 1938 levels, industrial production was 88%, and exports only 59%. In Britain the situation was not as severe. In Germany in 1945-46 housing and food conditions were bad, as the disruption of transport, markets and finances slowed a return to normal. In the West, bombing had destroyed 5,000,000 houses and apartments, and 12,000,000 refugees from the east had crowded in. Food production was only two-thirds of the prewar level in 1946-48, while normal grain and meat shipments no longer arrived from the East. Furthermore the large shipments of food from occupied nations that had sustained Germany during the war ended. Industrial production fell more than half and reached prewar levels only at the end of 1949</s>
    <s>During the first three years of occupation of Germany the UK and US vigorously pursued an industrial disarmament program in Germany, partly by removal of equipment but mainly through an import embargo on raw materials and deliberate economic neglect. As a consequence of the industrial disarmament of Germany, whose economy by mid-1947 was deteriorating rapidly, the economic stagnation of Europe became inevitable. By shutting down the German industry the Allies disrupted the intra-European trade, a trade that was vital for European recovery, and they thereby delayed the European economic recovery. Nicholas Balabkins concludes that &quot;as long as German industrial capacity was kept idle the economic recovery of Europe was delayed&quot; and that &quot;To nurse Europe back to economic health the Marshall Plan scrapped the early postwar economic chains of Germany.&quot; Vladimir Petrov concludes that as a result of the early punitive occupation of Germany the Allies &quot;delayed by several years the economic reconstruction of the wartorn continent&quot;.</s>
    <s>By July 1947 Washington realized that economic recovery in Europe could not go forward without the reconstruction of the German industrial base, deciding that that an &quot;orderly, prosperous Europe requires the economic contributions of a stable and productive Germany.&quot; Unless West Germany became the engine of growth the economic stagnation of Europe became inevitable.</s>
    <s>In addition, the power and popularity of indigenous communist parties in several Western European states worried the United States. In both France and Italy, the crisis of the postwar era had provided fuel for their Communist Parties, which had become well organized in the resistance movements of the war. These parties had seen significant electoral success in the postwar elections. Though today many historians feel the possibility of France and Italy falling to the communists was remote, it was regarded as a very real possibility by American policy makers at the time.</s>
    <s>The American administration of Harry Truman began to believe this possibility in early March 1946, with the Soviets' violation of the withdrawal deadline in Iran, and Churchill's Iron Curtain speech, given in Truman's presence a few days later. In the administration's view, the United States needed to adopt a definite position on the world scene or fear losing credibility. The emerging doctrine of containment (as opposed to rollback) argued that the United States needed to substantially aid non-communist countries to stop the spread of Soviet influence. There was also some hope that the Eastern European nations would join the plan, and thus be pulled out of the emerging Soviet bloc, but that was not to happen.</s>
    <s>In January 1947, Truman appointed retired General George Marshall as Secretary of State, in July 1947 he scrapped JCS 1067 which had decreed &quot;take no steps looking toward the economic rehabilitation of Germany or designed to maintain or strengthen the German economy.&quot; Thereafter, JCS 1067 was supplanted by JCS 1779, stating that &quot;an orderly and prosperous Europe requires the economic contributions of a stable and productive Germany.&quot; The restrictions placed on German heavy industry production were partly ameliorated, permitted steel production levels were raised from 25% of pre-war capacity to a new limit placed at 50% of pre-war capacity.</s>
    <s>With a Communist insurgency threatening Greece, and Britain financially unable to continue its aid, the President announced his Truman Doctrine on 12 March 1947, &quot;to support free peoples who are resisting attempted subjugation by armed minorities or by outside pressures&quot;, with an aid request for consideration and decision, concerning Greece and Turkey. Also in March 1947, former U.S. President Herbert Hoover, in one of his reports from Germany, argued for a change in U.S. occupation policy, amongst other things stating:</s>
    <s>There is the illusion that the New Germany left after the annexations can be reduced to a 'pastoral state'. It cannot be done unless we exterminate or move 25,000,000 people out of it.</s>
    <s>Hoover further noted that, &quot;The whole economy of Europe is interlinked with German economy through the exchange of raw materials and manufactured goods. The productivity of Europe cannot be restored without the restoration of Germany as a contributor to that productivity.&quot; Hoover's report led to a realization in Washington that a new policy was needed; &quot;almost any action would be an improvement&quot; on current policy.&quot; In Washington, the Joint Chiefs declared that the &quot;complete revival of Germany industry, particularly coal mining&quot; was now of &quot;primary importance&quot; to American security.</s>
    <s>The United States was already spending a great deal to help Europe recover. Over $14 billion was spent or loaned during the postwar period through the end of 1947, and is not counted as part of the Marshall Plan. Much of this aid was designed to restore infrastructure and help refugees. Britain, for example, received an emergency loan of $3.75 billion.</s>
    <s>The United Nations also launched a series of humanitarian and relief efforts almost wholly funded by the United States. These efforts had important effects, but they lacked any central organization and planning, and failed to meet many of Europe's more fundamental needs. Already in 1943, the United Nations Relief and Rehabilitation Administration (UNRRA) was founded to provide relief to areas liberated from Germany. UNRRA provided billions of dollars of rehabilitation aid, and helped about 8 million refugees. It ceased operations in the DP camps of Europe in 1947; many of its functions were transferred to several UN agencies.</s>
    <s>[edit] Soviet negotiations</s>
    <s>After Marshall's appointment in January 1947, administration officials met with Soviet Foreign Minister Vyacheslav Molotov and others to press for an economically self-sufficient Germany, including a detailed accounting of the industrial plants, goods and infrastructure already removed by the Soviets in their occupied zone. The Soviets took a punitive approach, pressing for a delay rather than an acceleration in economic rehabilitation, demanding unconditional fulfillment of all prior reparation claims, and pressing for progress toward nationwide socioeconomic transformation. After six weeks of negotiations, Molotov rejected all of the American and British proposals. Molotov also rejected the counter-offer to scrap the British-American &quot;Bizonia&quot; and to include the Soviet zone within the newly constructed Germany. Marshall was particularly discouraged after personally meeting with Stalin to explain that the United States could not possibly abandon its position on Germany, while Stalin expressed little interest in a solution to German economic problems.</s>
    <s>[edit] The speech</s>
    <s>Wikisource has original text related to this article:</s>
    <s>The Marshall Plan Speech</s>
    <s>After the adjournment of the Moscow conference following six weeks of failed discussions with the Soviets regarding a potential German reconstruction, the United States concluded that a solution could not wait any longer.</s>
    <s>To clarify the U.S.'s position, a major address by Secretary of State George Marshall was planned. Marshall gave the address to the graduating class of Harvard University on June 5, 1947. Standing on the steps of Memorial Church in Harvard Yard, he offered American aid to promote European recovery and reconstruction. The speech described the dysfunction of the European economy and presented a rationale for U.S. aid.</s>
    <s>&gt; The modern system of the division of labor upon which the exchange of products is based is in danger of breaking down. . . . Aside from the demoralizing effect on the world at large and the possibilities of disturbances arising as a result of the desperation of the people concerned, the consequences to the economy of the United States should be apparent to all. It is logical that the United States should do whatever it is able to do to assist in the return of normal economic health to the world, without which there can be no political stability and no assured peace. Our policy is not directed against any country, but against hunger, poverty, desperation and chaos. Any government that is willing to assist in recovery will find full co-operation on the part of the U.S.A. Its purpose should be the revival of a working economy in the world so as to permit the emergence of political and social conditions in which free institutions can exist.</s>
    <s>Marshall was convinced that economic stability would provide political stability in Europe. He offered aid, but the European countries had to organise the programme themselves.</s>
    <s>The speech, written by Charles Bohlen, contained virtually no details and no numbers. More a proposal than a plan, it was presented vaguely and made little impact in America. Eight weeks after the Harvard speech, the State Department wrote in a confidential memorandum that &quot;The Marshall Plan has been compared to a flying saucer — nobody knows what it looks like, how big it is, in what direction it is moving, or whether it really exists.&quot; The most important element of the speech was the call for the Europeans to meet and create their own plan for rebuilding Europe, and that the United States would then fund this plan. The administration felt that the plan would likely be unpopular among many Americans, and the speech was mainly directed at a European audience. In an attempt to keep the speech out of American papers journalists were not contacted, and on the same day Truman called a press conference to take away headlines. In contrast, Dean Acheson, an Under Secretary of State, was dispatched to contact the European media, especially the British media, and the speech was read in its entirety on the BBC.</s>
    <s>[edit] Rejection by the Soviets</s>
    <s>British Foreign Secretary Ernest Bevin heard Marshall's radio broadcast speech and immediately contacted French Foreign Minister Georges Bidault to begin preparing a quick European response to (and acceptance of) the offer. The two agreed that it would be necessary to invite the Soviets as the other major allied power. Marshall's speech had explicitly included an invitation to the Soviets, feeling that excluding them would have been too clear a sign of distrust. State Department officials, however, knew that Stalin would almost certainly not participate, and that any plan that would send large amounts of aid to the Soviets was unlikely to be approved by Congress.</s>
    <s>[edit] Initial reactions</s>
    <s>While the Soviet ambassador in Washington saw the Marshall Plan as means to create an anti-Soviet bloc, Stalin felt that the Soviets should take the offer. Stalin directed that, in negotiations to be held in Paris regarding the aid, countries in the Eastern Bloc must not agree to accepting economic conditions. Stalin changed his outlook when he learned that credits would be extended only on willingness to accept economic cooperation and that Germany would also be extended aid, which he thought would hamper the Soviets' ability to exercise influence in western Germany.</s>
    <s>Initially, Stalin planned to attempt to kill, or at least hamper, the Plan through destructive participation in the Paris talks regarding conditions. However, he quickly realized that this would be impossible when Molotov reported after his July 1947 arrival in Paris that no major modifications were negotiable in accepting the credit. Looming as just as large a concern was the Czechoslovak eagerness to accept the aid, as well as indications of a similar Polish attitude.</s>
    <s>Stalin suspected a possibility that these Eastern Bloc countries might defy Soviet directives not to accept the aid, potentially causing a loss of control in the Eastern Bloc. In addition, the most important condition was that every country to join the plan would need to have its economic situation independently assessed, scrutiny to which the Soviets could not agree. Bevin and Bidault also insisted that any aid be accompanied by the creation of a unified European economy, something incompatible with the strict Soviet command economy.</s>
    <s>[edit] Compulsory Eastern Bloc rejection - Compulsory Western Bloc acceptance</s>
    <s>Soviet Foreign Minister Vyacheslav Molotov left Paris, rejecting the plan. Thereafter, statements were made suggesting a future confrontation with the West, calling the United States both a &quot;fascizing&quot; power and the &quot;center of worldwide reaction and anti-Soviet activity,&quot; with all U.S.-aligned countries branded as enemies. The Soviets also then blamed the United States for communist losses in elections in Belgium, France and Italy months earlier, in the spring of 1947. It claimed that &quot;marshallization&quot; must be resisted and prevented by any means, and that French and Italian communist parties were to take maximum efforts to sabotage the implementation of the Plan. In addition, Western embassies in Moscow were isolated, with their personnel being denied contact with Soviet officials.</s>
    <s>On July 12, a larger meeting was convened in Paris. Every country of Europe was invited, with the exceptions of Spain (a World War II neutral that had sympathized with Axis powers) and the small states of Andorra, San Marino, Monaco, and Liechtenstein. The Soviet Union was invited with the understanding that it would likely refuse. The states of the future Eastern Bloc were also approached, and Czechoslovakia and Poland agreed to attend. In one of the clearest signs of Soviet control over the region, the Czechoslovakian foreign minister, Jan Masaryk, was summoned to Moscow and berated by Stalin for thinking of joining the Marshall Plan. Polish Prime minister Josef Cyrankiewicz was rewarded by Stalin for the Polish rejection of the Plan. Russia rewarded Poland with a lucrative five-year trade agreement, the equivalent of 450 million 1948 dollars in credit, 200,000 tons of grain, heavy machinery, and factories.</s>
    <s>The Marshall Plan participants were not surprised when the Czechoslovakian and Polish delegations were prevented from attending the Paris meeting. The other Eastern European states immediately rejected the offer. Finland also declined in order to avoid antagonizing the Soviets (see also Finlandization). The Soviet Union's &quot;alternative&quot; to the Marshall plan, which was purported to involve Soviet subsidies and trade with western Europe, became known as the Molotov Plan, and later, the COMECON. In a 1947 speech to the United Nations, Soviet deputy foreign minister Andrei Vyshinsky said that the Marshall Plan violated the principles of the United Nations. He accused the United States of attempting to impose its will on other independent states, while at the same time using economic resources distributed as relief to needy nations as an instrument of political pressure.</s>
    <s>Stalin immediately sought to take stronger control over the Eastern Bloc countries, abandoning the prior appearance of democratic institutions. When it appeared that, in spite of heavy pressure, non-communist parties might receive in excess of 40 percent of the vote in the August 1947 Hungarian elections, an all-out repression was instituted to suppress independent political forces. In that same month, total annihilation of the opposition in Bulgaria began on the basis of continuing instructions by Soviet cadres.</s>
    <s>[edit] Szklarska Poręba meeting</s>
    <s>In late September, the Soviet Union called a meeting of nine European Communist parties in southwest Poland. A Communist Party of the Soviet Union (CPSU) report was read at the outset to set the heavily anti-Western tone, stating now that &quot;international politics is dominated by the ruling clique of the American imperialists&quot; which have embarked upon the &quot;enslavement of the weakened capitalist countries of Europe.&quot; Parties were to struggle against the U.S. presence in Europe by any means necessary, including sabotage. The report further claimed that &quot;reactionary imperialist elements throughout the world, particularly in the U.S.A., in Britain and France, had put particular hope on Germany and Japan, primarily on Hitlerite Germany — first as a force most capable of striking a blow at the Soviet Union.&quot;</s>
    <s>Referring to the Eastern Bloc, the report stated that &quot;the Red Army's liberating role was complemented by an upsurge of the freedom-loving peoples' liberation struggle against the fascist predators and their hirelings.&quot; It argued that &quot;the bosses of Wall Street&quot; were &quot;taking the place of Germany, Japan and Italy.&quot; The Marshall Plan was described as &quot;the American plan for the enslavement of Europe&quot;. It described the world now breaking down &quot;into basically two camps—the imperialist and antidemocratic camp on the one hand, and the antiimperialist and democratic camp on the other&quot;.</s>
    <s>Although the Eastern Bloc countries except Czechoslovakia had immediately rejected Marshall Plan aid, Eastern Bloc communist parties were blamed for permitting even minor influence by non-communists in their respective countries during the run up to the Marshall Plan. The meeting's chair, Andrei Zhdanov, who was in permanent radio contact with the Kremlin from whom he received instructions, also castigated communist parties in France and Italy for collaboration with those countries' domestic agendas. Zhdanov warned that if they continued to fail to maintain international contact with Moscow to consult on all matters, &quot;extremely harmful consequences for the development of the brother parties' work&quot; would result.</s>
    <s>Italian and French communist leaders were prevented by party rules from pointing out that it was actually Stalin who had directed them not to take opposition stances in 1944. The French communist party, as others, was then to redirect its mission to &quot;destroy capitalist economy&quot; and that the Soviet Communist Information Bureau (Cominform) would take control of the French Communist Party's activities to oppose the Marshall Plan. When they asked Zhdanov if they should prepare for armed revolt when they returned home, he did not answer. In a follow-up conversation with Stalin, he explained that an armed struggle would be impossible and that the struggle against the Marshall Plan was to be waged under the slogan of national independence.</s>
    <s>[edit] Negotiations</s>
    <s>Turning the plan into reality required negotiations among the participating nations, and to get the plan through the United States Congress. Sixteen nations met in Paris to determine what form the American aid would take, and how it would be divided. The negotiations were long and complex, with each nation having its own interests. France's major concern was that Germany not be rebuilt to its previous threatening power. The Benelux countries, despite also suffering under the Nazis, had long been closely linked to the German economy and felt their prosperity depended on its revival. The Scandinavian nations, especially Sweden, insisted that their long-standing trading relationships with the Eastern bloc nations not be disrupted and that their neutrality not be infringed. The United Kingdom insisted on special status, concerned that if it were treated equally with the devastated continental powers it would receive virtually no aid. The Americans were pushing the importance of free trade and European unity to form a bulwark against communism. The Truman administration, represented by William L. Clayton, promised the Europeans that they would be free to structure the plan themselves, but the administration also reminded the Europeans that implementation depended on the plan's passage through Congress. A majority of Congress members were committed to free trade and European integration, and were hesitant to spend too much of the money on Germany. However, before the Marshall Plan was in effect, France, Austria, and Italy needed immediate aid. On December 17, 1947, the United States agreed to give $40 million to France, Austria, China, and Italy.</s>
    <s>Agreement was eventually reached and the Europeans sent a reconstruction plan to Washington. In the document the Europeans asked for $22 billion in aid. Truman cut this to $17 billion in the bill he put to Congress. The plan encountered sharp opposition in Congress, mostly from the portion of the Republican Party led by Robert A. Taft that advocated a more isolationist policy and was weary of massive government spending. The plan also had opponents on the left, Henry A. Wallace notably among them. Wallace saw the plan as a subsidy for American exporters and sure to polarize the world between East and West. Wallace, the former vice president and secretary of agriculture, mockingly called this the &quot;Martial Plan,&quot; arguing that it was just another step towards war. However, opposition against the Marshall Plan was greatly reduced by the shock of the overthrow of the democratic government of Czechoslovakia in February 1948. Soon after, a bill granting an initial $5 billion passed Congress with strong bipartisan support. The Congress would eventually allocate $12.4 billion in aid over the four years of the plan.</s>
    <s>On 17 March 1948, President Harry S. Truman addressed European security and condemned the Soviet Union before a hastily convened Joint Session of Congress. Attempting to contain spreading Soviet influence in Eastern Europe, Truman asked Congress to restore a peacetime military draft and to swiftly pass the Economic Cooperation Act (also known as the Marshall Plan), to provide billions in economic assistance to Western European countries. Truman’s speech also offered strong criticism of the Soviet Union. “The situation in the world today in not primarily the result of the natural difficulties which follow a great war,” Truman declared. “It is chiefly due to the fact that one nation has not only refused to cooperate in the establishment of a just and honorable peace but—even worse—has actively sought to prevent it.” Members of the Republican-dominated 80th Congress (1947–1949) were skeptical. “In effect, he told the Nation that we have lost the peace, that our whole war effort was in vain,” noted Representative Frederick Smith of Ohio. Others thought he had not been forceful enough to contain the USSR. “What Truman said fell short of being tough,” noted Representative Eugene Cox, a Democrat from Georgia. “There is no prospect of ever winning Russian cooperation.” Despite its reservations, the 80th Congress implemented Truman’s requests, further escalating the Cold War with the USSR.</s>
    <s>Truman signed the Economic Cooperation Act, the Marshall Plan, into law on April 3, 1948; the Act established the Economic Cooperation Administration (ECA) to administer the program. ECA was headed by economic cooperation administrator Paul G. Hoffman. In the same year, the participating countries (Austria, Belgium, Denmark, France, West Germany, the United Kingdom, Greece, Iceland, Ireland, Italy, Luxembourg, the Netherlands, Norway, Sweden, Switzerland, Turkey, and the United States) signed an accord establishing a master financial-aid-coordinating agency, the Organization for European Economic Cooperation (later called the Organization for Economic Cooperation and Development, OECD), which was headed by Frenchman Robert Marjolin.</s>
    <s>[edit] Implementation</s>
    <s>First page of the Marshall Plan</s>
    <s>The first substantial aid went to Greece and Turkey in January 1947, which were seen as the front line of the battle against communist expansion, and were already receiving aid under the Truman Doctrine. Initially Britain had supported the anti-communist factions in those countries, but due to its dire economic condition it decided to pull out and in February 1947 requested the U.S. to continue its efforts. The ECA formally began operation in July 1948.</s>
    <s>The ECA's official mission statement was to give a boost to the European economy: to promote European production, to bolster European currency, and to facilitate international trade, especially with the United States, whose economic interest required Europe to become wealthy enough to import U.S. goods. Another unofficial goal of ECA (and of the Marshall Plan) was the containment of growing Soviet influence in Europe, evident especially in the growing strength of communist parties in Czechoslovakia, France, and Italy.</s>
    <s>The Marshall Plan money was transferred to the governments of the European nations. The funds were jointly administered by the local governments and the ECA. Each European capital had an ECA envoy, generally a prominent American businessman, who would advise on the process. The cooperative allocation of funds was encouraged, and panels of government, business, and labor leaders were convened to examine the economy and see where aid was needed.</s>
    <s>The Marshall Plan aid was mostly used for the purchase of goods from the United States. The European nations had all but exhausted their foreign exchange reserves during the war, and the Marshall Plan aid represented almost their sole means of importing goods from abroad. At the start of the plan these imports were mainly much-needed staples such as food and fuel, but later the purchases turned towards reconstruction needs as was originally intended. In the latter years, under pressure from the United States Congress and with the outbreak of the Korean War, an increasing amount of the aid was spent on rebuilding the militaries of Western Europe. Of the some $13 billion allotted by mid-1951, $3.4 billion had been spent on imports of raw materials and semi-manufactured products; $3.2 billion on food, feed, and fertilizer; $1.9 billion on machines, vehicles, and equipment; and $1.6 billion on fuel.</s>
    <s>Also established were counterpart funds, which used Marshall Plan aid to establish funds in the local currency. According to ECA rules 60% of these funds had to be invested in industry. This was prominent in Germany, where these government-administered funds played a crucial role in lending money to private enterprises which would spend the money rebuilding. These funds played a central role in the reindustrialization of Germany. In 1949–50, for instance, 40% of the investment in the German coal industry was by these funds.</s>
    <s>The companies were obligated to repay the loans to the government, and the money would then be lent out to another group of businesses. This process has continued to this day in the guise of the state owned KfW bank. The Special Fund, then supervised by the Federal Economics Ministry, was worth over DM 10 billion in 1971. In 1997 it was worth DM 23 billion. Through the revolving loan system, the Fund had by the end of 1995 made low-interest loans to German citizens amounting to around DM 140 billion. The other 40% of the counterpart funds were used to pay down the debt, stabilize the currency, or invest in non-industrial projects. France made the most extensive use of counterpart funds, using them to reduce the budget deficit. In France, and most other countries, the counterpart fund money was absorbed into general government revenues, and not recycled as in Germany. [citation needed ]</s>
    <s>A far less expensive, but also quite effective, ECA initiative was the Technical Assistance Program. This program funded groups of European engineers and industrialists to visit the United States and tour mines, factories, and smelters so that they could then copy the American advances at home. At the same time several hundred American technical advisors were sent to Europe.</s>
    <s>[edit] German level of industry restrictions</s>
    <s>Even while the Marshall Plan was being implemented, the dismantling of German industry continued, and in 1949 Konrad Adenauer wrote to the Allies requesting that it end, citing the inherent contradiction between encouraging industrial growth and removing factories and also the unpopularity of the policy. Support for dismantling was by this time coming predominantly from the French, and the Petersberg Agreement of November 1949 reduced the levels vastly, though dismantling of minor factories continued until 1951. The first &quot;level of industry&quot; plan, signed by the Allies on March 29, 1946, had stated that German heavy industry was to be lowered to 50% of its 1938 levels by the destruction of 1,500 listed manufacturing plants.</s>
    <s>In January 1946 the Allied Control Council set the foundation of the future German economy by putting a cap on German steel production—the maximum allowed was set at about 5,800,000 tons of steel a year, equivalent to 25% of the pre-war production level. The UK, in whose occupation zone most of the steel production was located, had argued for a more limited capacity reduction by placing the production ceiling at 12 million tons of steel per year, but had to submit to the will of the U.S., France and the Soviet Union (which had argued for a 3 million ton limit). Steel plants thus made redundant were to be dismantled. Germany was to be reduced to the standard of life it had known at the height of the Great Depression (1932). Consequently, car production was set to 10% of pre-war levels, and the manufacture of other commodities were reduced as well.</s>
    <s>The first &quot;German level of industry&quot; plan was subsequently followed by a number of new ones, the last signed in 1949. By 1950, after the virtual completion of the by then much watered-out &quot;level of industry&quot; plans, equipment had been removed from 706 manufacturing plants in western Germany and steel production capacity had been reduced by 6,700,000 tons. Vladimir Petrov concludes that the Allies &quot;delayed by several years the economic reconstruction of the war-torn continent, a reconstruction which subsequently cost the United States billions of dollars.&quot; In 1951 West Germany agreed to join the European Coal and Steel Community (ECSC) the following year. This meant that some of the economic restrictions on production capacity and on actual production that were imposed by the International Authority for the Ruhr were lifted, and that its role was taken over by the ECSC.</s>
    <s>[edit] Expenditures</s>
    <s>The Marshall Plan aid was divided amongst the participant states on a roughly per capita basis. A larger amount was given to the major industrial powers, as the prevailing opinion was that their resuscitation was essential for general European revival. Somewhat more aid per capita was also directed towards the Allied nations, with less for those that had been part of the Axis or remained neutral. The table below shows Marshall Plan aid by country and year (in millions of dollars) from The Marshall Plan Fifty Years Later. There is no clear consensus on exact amounts, as different scholars differ on exactly what elements of American aid during this period were part of the Marshall Plan.</s>
    <s>Country 1948/49</s>
    <s>($ millions) 1949/50</s>
    <s>($ millions) 1950/51</s>
    <s>($ millions) Cumulative</s>
    <s>($ millions)</s>
    <s>Belgium andLuxembourg</s>
    <s>Italy andTrieste</s>
    <s>United Kingdom</s>
    <s>Totals 4,924 3,652 4,155 12,731</s>
    <s>[edit] Loans and Grants</s>
    <s>The Marshall plan, just as GARIOA, consisted of aid both in the form of grants and in the form of loans. Out of the total, 1.2 billion USD were loan-aid.</s>
    <s>Ireland which received 146.2 million USD though the Marshall plan, received 128.2 million USD as loans, and the remaining 18 million USD as grants. By 1969 the Irish Marshal plan debt, which was still being repaid, amounted to 31 million pounds, out of a total Irish foreign debt of 50 million pounds.</s>
    <s>The UK received 385 million USD of its Marshall plan aid in the form of loans. Unconnected to the Marshall plan the UK also received direct loans from the US amounting to 4.6 billion USD. The proportion of Marshall plan loans versus Marshall plan grants was roughly 15% to 85% for both the UK and France.</s>
    <s>Germany, which up until the 1953 Debt agreement had to work on the assumption that all the Marshall plan aid was to be repaid, spent its funds very carefully. Payment for Marshall plan goods, &quot;counterpart funds&quot;, were administered by the Reconstruction Credit Institute, which used the funds for loans inside Germany. In the 1953 Debt agreement the amount of Marshall plan aid that Germany was to repay was reduced to less than 1 billion USD. This made the proportion of loans versus grants to Germany similar to that of France and the UK. The final German loan repayment was made in 1971. Since Germany chose to repay the aid debt out of the German Federal budget, leaving the German ERP fund intact, the fund was able to continue its reconstruction work, by 1996 it had accumulated a value of 23 billion Deutsche Mark.</s>
    <s>[edit] Effects and legacy</s>
    <s>This section needs additional citations for verification. Please help improve this article by adding citations to reliable sources. Unsourced material may be challenged and removed. (April 2011)</s>
    <s>One of a number of posters created to promote the Marshall Plan in Europe. Note the pivotal position of the American flag. The blue and white flag between those of Germany and Italy is a version of the Trieste flag.</s>
    <s>The Marshall Plan was originally scheduled to end in 1953. Any effort to extend it was halted by the growing cost of the Korean War and rearmament. American Republicans hostile to the plan had also gained seats in the 1950 Congressional elections, and conservative opposition to the plan was revived. Thus the plan ended in 1951, though various other forms of American aid to Europe continued afterwards.</s>
    <s>The years 1948 to 1952 saw the fastest period of growth in European history. Industrial production increased by 35%. Agricultural production substantially surpassed pre-war levels. The poverty and starvation of the immediate postwar years disappeared, and Western Europe embarked upon an unprecedented two decades of growth that saw standards of living increase dramatically. There is some debate among historians over how much this should be credited to the Marshall Plan. Most reject the idea that it alone miraculously revived Europe, as evidence shows that a general recovery was already underway. Most believe that the Marshall Plan sped this recovery, but did not initiate it. The United States worked to direct the Marshall Plan towards children and an increase of nutritional material for all citizens within western Europe so as to shed a positive light on its goals as it worked to effectively defeat communist threats. One effect of the plan was that it subtly “Americanized” countries, especially Austria, who embraced United States’ assistance, through popular culture, such as Hollywood movies and rock n’ roll (Bischof, Pelinka and Stiefel 174-175).</s>
    <s>The political effects of the Marshall Plan may have been just as important as the economic ones. Marshall Plan aid allowed the nations of Western Europe to relax austerity measures and rationing, reducing discontent and bringing political stability. The communist influence on Western Europe was greatly reduced, and throughout the region communist parties faded in popularity in the years after the Marshall Plan. The trade relations fostered by the Marshall Plan helped forge the North Atlantic alliance that would persist throughout the Cold War. At the same time, the nonparticipation of the states of Eastern Europe was one of the first clear signs that the continent was now divided.</s>
    <s>The Marshall Plan also played an important role in European integration. Both the Americans and many of the European leaders felt that European integration was necessary to secure the peace and prosperity of Europe, and thus used Marshall Plan guidelines to foster integration. In some ways this effort failed, as the OEEC never grew to be more than an agent of economic cooperation. Rather it was the separate European Coal and Steel Community, which notably excluded Britain, that would eventually grow into the European Union. However, the OEEC served as both a testing and training ground for the structures and bureaucrats that would later be used by the European Economic Community. The Marshall Plan, linked into the Bretton Woods system, also mandated free trade throughout the region.</s>
    <s>While some historians today feel some of the praise for the Marshall Plan is exaggerated, it is still viewed favorably and many thus feel that a similar project would help other areas of the world. After the fall of communism several proposed a &quot;Marshall Plan for Eastern Europe&quot; that would help revive that region. Others have proposed a Marshall Plan for Africa to help that continent, and U.S. vice president Al Gore suggested a Global Marshall Plan. &quot;Marshall Plan&quot; has become a metaphor for any very large scale government program that is designed to solve a specific social problem. It is usually used when calling for federal spending to correct a perceived failure of the private sector.</s>
    <s>[edit] Repayment</s>
    <s>The Organization for European Economic Cooperation took the leading role in allocating funds, and the ECA arranged for the transfer of the goods. The American supplier was paid in dollars, which were credited against the appropriate European Recovery Program funds. The European recipient, however, was not given the goods as a gift, but had to pay for them (usually on credit) in local currency. These payments were kept by the European government involved in a special counterpart fund. This counterpart money, in turn, could be used by the government for further investment projects. 5% of the counterpart money was paid to the U.S. to cover the administrative costs of the ERAP.</s>
    <s>The Marshall Plan money was in the form of grants that did not have to be repaid. In addition to ERP grants, the Export-Import Bank (an agency of the U.S. government) at the same time made long-term loans at low interest rates to finance major purchases in the U.S., all of which were repaid.</s>
    <s>In the case of Germany there also were 16 billion marks of debts from the 1920s which had defaulted in the 1930s, but which Germany decided to repay to restore its reputation. This money was owed to government and private banks in the U.S., France and Britain. Another 16 billion marks represented postwar loans by the U.S. Under the London Debts Agreement of 1953, the repayable amount was reduced by 50% to about 15 billion marks and stretched out over 30 years, and compared to the fast-growing German economy were of minor impact.</s>
    <s>[edit] Areas without the Plan</s>
    <s>Eastern Bloc</s>
    <s>Annexed into SSRs</s>
    <s>Eastern Finland · Estonia · Latvia · Lithuania · Memel · East Prussia · West Belarus · Western Ukraine · Moldavia · Uzbekistan · Kazachstan · Azerbaijan · Georgia · Tajikstan · Kirgizstan · Turkmenistan · Armenia · Tuva</s>
    <s>Satellite states</s>
    <s>People's Republic of Hungary · People's Republic of Poland · Czechoslovak Socialist Republic · Romanian People's Republic/Socialist Republic of Romania · East Germany · People's Republic of Albania (to 1961) · People's Republic of Bulgaria · Federal People's Republic of Yugoslavia (to 1948)</s>
    <s>Annexing SSRs</s>
    <s>Russian SFSR · Ukrainian SSR · Byelorussian SSR</s>
    <s>Related organisations</s>
    <s>Cominform · COMECON · Warsaw Pact · WFTU · WFDY</s>
    <s>Revolts and opposition</s>
    <s>The Goryani Movement · Uprising in Plzeň (1953) · Uprising of 1953 in East Germany · 1956 Georgian demonstrations · Poznań 1956 protests · Hungarian Revolution of 1956 · Novocherkassk massacre · Prague Spring and Warsaw Pact invasion of Czechoslovakia · 1968 Red Square demonstration · Solidarity, Soviet reaction and Martial law · Reagan Doctrine · Jeltoqsan · Braşov Rebellion · April 9 tragedy · Romanian Revolution of 1989 · Black January</s>
    <s>Cold War events</s>
    <s>Marshall Plan · Berlin Blockade · Tito–Stalin split · Czechoslovak coup d'état of 1948 · Berlin Wall Crisis of 1961</s>
    <s>Eastern Bloc emigration and defection · Eastern Bloc information dissemination · Eastern Bloc politics · Eastern Bloc economies · Telephone tapping in the Eastern Bloc · List of Eastern Bloc defectors</s>
    <s>Revolutions of 1989 · Fall of the Berlin Wall · Fall of communism in Albania · Singing Revolution · Collapse of the Soviet Union · Dissolution of Czechoslovakia · January 1991 events in Lithuania · January 1991 events in Latvia</s>
    <s>v · d · e</s>
    <s>Large parts of the world devastated by World War II did not benefit from the Marshall Plan. The only major Western European nation excluded was Francisco Franco's Spain, which did not overtly participate in World War II. After the war, it pursued a policy of self-sufficiency, currency controls, and quotas, with little success. With the escalation of the Cold War, the United States reconsidered its position, and in 1951 embraced Spain as an ally, encouraged by Franco's aggressive anti-communist policies. Over the next decade, a considerable amount of American aid would go to Spain, but less than its neighbors had received under the Marshall Plan.</s>
    <s>While the western portion of the Soviet Union had been as badly affected as any part of the world by the war, the eastern portion of the country was largely untouched and had seen a rapid industrialization during the war. The Soviets also imposed large reparations payments on the Axis allies that were in its sphere of influence. Austria, Finland, Hungary, Romania, and especially East Germany were forced to pay vast sums and ship large amounts of supplies to the USSR. These reparation payments meant the Soviet Union received about the same itself as 16 European countries received in total from Marshall Plan aid.</s>
    <s>In accordance with the agreements with the USSR shipment of dismantled German industrial installations from the west began on March 31, 1946. Under the terms of the agreement the Soviet Union would in return ship raw materials such as food and timber to the western zones. In view of the Soviet failure to do so, the U.S. temporarily halted shipments east (although they were never resumed). It was later shown that although used for cold war propaganda reasons, the main reason for halting shipments east was not the behavior of the USSR but rather the recalcitrant behavior of France. Examples of material received by the USSR were equipment from the Kugel-Fischer ballbearing plant at Schweinfurt, the Daimler-Benz underground aircraft-engine plant at Obrigheim, the Deschimag shipyards at Bremen-Weser, and the Gendorf powerplant.</s>
    <s>Eastern Europe saw no Marshall Plan money, as their Moscow-controlled governments rejected joining the program, and moreover received little help from the Soviets. The Soviets did establish COMECON as a riposte to the Marshall Plan. The members of Comecon looked to the Soviet Union for oil; in turn, they provided machinery, equipment, agricultural goods, industrial goods, and consumer goods to the Soviet Union. Economic recovery in the east was much slower than in the west, and the economies never fully recovered in the communist period, resulting in the formation of the shortage economies and a gap in wealth between East and West. Finland, which did not join the Marshall Plan and which was required to give large reparations to the USSR, saw its economy recover to pre-war levels in 1947. France, which received billions of dollars through the Marshall Plan, similarly saw its average income per person return to almost pre-war level by 1949. By mid-1948 industrial production in Poland, Hungary, Bulgaria, and Czechoslovakia had recovered to a level somewhat above pre-war level.</s>
    <s>[edit] Aid to Asia</s>
    <s>From the end of the war to the end of 1953, the U.S. provided grants and credits amounting to $5.9 billion to Asian countries, especially China/Taiwan ($1.051 billion), India ($255 million), Indonesia ($215 million), Japan ($2.44 billion), South Korea ($894 million), Pakistan ($98 million) and the Philippines ($803 million). In addition, another $282 million went to Israel and $196 million to the rest of the Middle East. All this aid was separate from the Marshall Plan.</s>
    <s>[edit] Canada</s>
    <s>Canada, like the United States, was little damaged by the war and in 1945 was one of the world's largest economies. It operated its own aid program. In 1948, the U.S. allowed ERP aid to be used in purchasing goods from Canada. Canada made over a billion dollars in sales in the first two years of operation.</s>
    <s>[edit] World total</s>
    <s>The total of American grants and loans to the world, 1945–53, came to $44.3 billion.</s>
    <s>[edit] Criticism</s>
    <s>[edit] Early criticism</s>
    <s>Initial criticism of the Marshall Plan came from a number of economists. Wilhelm Röpke, who influenced German Minister for Economy Ludwig Erhard in his economic recovery program, believed recovery would be found in eliminating central planning and restoring a market economy in Europe, especially in those countries which had adopted more fascist and corporatist economic policies. Röpke criticized the Marshall plan for forestalling the transition to the free market by subsidizing the current, failing systems. Erhard put Röpke's theory into practice and would later credit Röpke's influence for West Germany's preeminent success. Henry Hazlitt criticized the Marshall Plan in his 1947 book Will Dollars Save the World? , arguing that economic recovery comes through savings, capital accumulation and private enterprise, and not through large cash subsidies. Ludwig von Mises also criticized the Marshall Plan in 1951, believing that &quot;the American subsidies make it possible for Europe's governments to conceal partially the disastrous effects of the various socialist measures they have adopted&quot;. Some critics and Congressmen at the time believed that America was giving too much aid to Europe. America had already given Europe $9 billion in other forms of help in previous years. The Marshall Plan gave another $13 billion which is equivalent to about $100 billion in today’s economy. Critics did not think that it was necessary for Americans to be using so much money to help nations they had already assisted in many ways before.</s>
    <s>[edit] Modern criticism</s>
    <s>Criticism of the Marshall Plan became prominent among historians of the revisionist school, such as Walter LaFeber, during the 1960s and 1970s. They argued that the plan was American economic imperialism, and that it was an attempt to gain control over Western Europe just as the Soviets controlled Eastern Europe. In a review of West Germany's economy from 1945 to 1951, German analyst Werner Abelshauser concluded that &quot;foreign aid was not crucial in starting the recovery or in keeping it going&quot;. The economic recoveries of France, Italy, and Belgium, Cowen found, also predated the flow of U.S. aid. Belgium, the country that relied earliest and most heavily on free market economic policies after its liberation in 1944, experienced the fastest recovery and avoided the severe housing and food shortages seen in the rest of continental Europe.</s>
    <s>Former U.S. Chairman of the Federal Reserve Bank Alan Greenspan gives most credit to Ludwig Erhard for Europe's economic recovery. Greenspan writes in his memoir The Age of Turbulence that Erhard's economic policies were the most important aspect of postwar Western Europe recovery, far outweighing the contributions of the Marshall Plan. He states that it was Erhard's reductions in economic regulations that permitted Germany's miraculous recovery, and that these policies also contributed to the recoveries of many other European countries. Japan's recovery is also used as a counter-example, since it experienced rapid growth without any aid whatsoever. [citation needed ] Its recovery is attributed to traditional economic stimuli, such as increases in investment, fueled by a high savings rate and low taxes. Japan saw a large infusion of US investment during the Korean War. U.S. President George W. Bush told his Argentine counterpart Néstor Kirchner during a summit in Mexico, upon being told a &quot;Marshall Plan&quot; would be a solution for Latin America problems, that the &quot;Marshall Plan is a crazy idea of the Democrats.&quot;</s>
    <s>Criticism of the Marshall Plan also aims at showing that it began a legacy of disastrous foreign aid programs. Since the 1990s, economic scholarship has been more hostile to the idea of foreign aid. For example, Alberto Alesina and Beatrice Weder, summing up economic literature on foreign aid and corruption, find that aid is primarily used wastefully and self-servingly by government officials, and ends up increasing governmental corruption. This policy of promoting corrupt government is then attributed back to the initial impetus of the Marshall Plan.</s>
    <s>Noam Chomsky wrote that the amount of American dollars given to France and the Netherlands equaled the funds these countries used to finance their military forces in southeast Asia. The Marshall Plan was said to have &quot;set the stage for large amounts of private U.S. investment in Europe, establishing the basis for modern transnational corporations&quot;. Other criticism of the Marshall Plan stemmed from reports that the Netherlands used a significant portion of the aid it received to re-conquer Indonesia in the Indonesian National Revolution and was forced into joining the Korean War in 1950 after threats the project would end if it did not comply.</s>
    <s>[edit] In popular culture</s>
    <s>The Post War Period coin</s>
    <s>Alfred Friendly, press aide to the U.S. Secretary of Commerce W. Averell Harriman, wrote a humorous operetta about the Marshall Plan during its first year; one of the lines in the operetta was: &quot;Wines for Sale; will you swap / A little bit of steel for Chateau Neuf du Pape?&quot;</s>
    <s>[edit] See also</s>
    <s>German reparations for World War II</s>
    <s>[edit] Notes</s>
    <s>Europe portal</s>
    <s>United States portal</s>
    <s>1. ^ &quot;Most importantly, these efforts were designed to prevent the spread of international communism,&quot; says Alexander DeConde et al, eds. Encyclopedia of American foreign policy (2002) Volume 2 p. 95</s>
    <s>2. ^ Hogan (1987)</s>
    <s>3. ^ Geoffrey Roberts (December 2000). &quot;Historians and the Cold War&quot;. History Today. http://www.historytoday.com/MainArticle.aspx?m=14080&amp;amid=14080. Retrieved 2009-02-15.</s>
    <s>4. ^ Robert J. McMahon (2003-03-27). The Cold War . Very Short Introductions . Oxford University Press. p. 30.</s>
    <s>5. ^ Milward (1984) p 46</s>
    <s>6. ^ Mills, Nicolaus (2008). Winning the peace: the Marshall Plan and America's coming of age as a superpower . Wiley. p. 195. ISBN 978-0-470-09755-7.</s>
    <s>7. ^ Hogan (1987) p. 427-45; Barry Eichengreen, The European Economy since 1945: Coordinated Capitalism and Beyond, (2008) pp 64-73</s>
    <s>8. ^ Barry Eichengreen, The European Economy since 1945: Coordinated Capitalism and Beyond, (2008) p. 57; West Germany was 6% higher, the other countries 45% higher.</s>
    <s>9. ^ Milward (1984) p. 466</s>
    <s>10. ^ Herman Van der Wee, Prosperity and Upheaval: The World Economy, 1945-1980 (1984) p. 44</s>
    <s>11. ^ Tom Buchanan, Europe's Troubled Peace 1945–2000, (2006) ch 1</s>
    <s>12. ^ Tony Judt, Postwar: a History of Europe since 1945 (2005) ch 1</s>
    <s>13. ^ James T. Patterson (1997). Grand expectations: the United States, 1945-1974 . Oxford University Press. ISBN 0-19-507680-X.</s>
    <s>14. ^ Michael J. Hogan, The Marshall Plan , pg. 30.</s>
    <s>15. ^ Deither Raff, A History of Germany (1988) p 335</s>
    <s>16. ^ Alan S. Milward, The Reconstruction of Western Europe: 1945-51 (1984) pp. 356, 436</s>
    <s>17. ^ Nicholas Balabkins, &quot;Germany Under Direct Controls: Economic Aspects of Industrial Disarmament 1945 - 1948&quot; , Rutgers University Press, 1964 p. 207</s>
    <s>18. ^ a b c Nicholas Balabkins, &quot;Germany Under Direct Controls: Economic Aspects of Industrial Disarmament 1945 - 1948&quot; , Rutgers University Press, 1964 p. 208, 209</s>
    <s>19. ^ Nicholas Balabkins, &quot;Germany Under Direct Controls: Economic Aspects of Industrial Disarmament 1945 - 1948&quot; , Rutgers University Press, 1964 p. 209</s>
    <s>20. ^ Vladimir Petrov, Money and conquest; allied occupation currencies in World War II. Baltimore, Johns Hopkins Press (1967) p. 263</s>
    <s>21. ^ Pas de Pagaille Time 28 July 1947.</s>
    <s>22. ^ Gaddis, We Now Know .</s>
    <s>23. ^ a b Beschloss 2003, p. 277</s>
    <s>24. ^ Pas de PagailleTime Magazine, Jul. 28, 1947.</s>
    <s>25. ^ Erik Reinert, Jomo K. S. The Marshall Plan at 60: The General's Successful War On Poverty, UN Chronicle (accessed 2008-05-20)</s>
    <s>26. ^ Michael Wala, The Council on Foreign Relations and American Foreign Policy in the Early Cold War , 1994, Berghahn Books, ISBN 157181003X pp.104-105</s>
    <s>27. ^ Michael J. Hogan The Marshall Plan: America, Britain, and the Reconstruction of Western Europe, 1947-1952 , 1987, Cambridge University, ISBN 0521378400 pp.34-35</s>
    <s>28. ^ Statistical Abstract of the United States: 1949 p. 846 online</s>
    <s>29. ^ Tony Judt, in The Marshall Plan: Fifty Years After, edited by Martin Schain, pg. 4.</s>
    <s>30. ^ a b c d Miller 2000, p. 16</s>
    <s>31. ^ Wettig 2008, p. 116</s>
    <s>32. ^ a b c d Wettig 2008, p. 117</s>
    <s>33. ^ Bailey, Thomas Andrew. The Marshall Plan Summer: An Eyewitness Report on Europe and the Russians in 1947. Stanford, Calif.: Hoover Institution, 1977. 10.</s>
    <s>34. ^ Charles L. Mee, (1984). The Marshall Plan . New York: Simon &amp; Schuster. p. 99. ISBN .</s>
    <s>35. ^ &quot;BBC Correspondent Leonard Miall and the Marshall Plan Speech: An Interview&quot;. The Marshall Foundation . September 19, 1977. http://www.marshallfoundation.org/library/oral histories miall interview.html. Retrieved 2007-08-15.</s>
    <s>36. ^ a b c d e f g Wettig 2008, p. 138</s>
    <s>37. ^ a b c d e Wettig 2008, p. 139</s>
    <s>38. ^ &quot;Carnations — TIME&quot;. TIME. 1948-02-09. http://www.time.com/time/magazine/article/0,9171,855998,00.html. Retrieved 2009-02-01.</s>
    <s>39. ^ Schain, p.132</s>
    <s>40. ^ &quot;Vyshinsky Speech to U.N. General Assembly&quot;. Temple University. http://isc.temple.edu/hist249/course/Documents/vyshinsky speech to un.htm. Retrieved 2009-03-03.</s>
    <s>41. ^ a b c d Wettig 2008, p. 148</s>
    <s>42. ^ Wettig 2008, p. 149</s>
    <s>43. ^ Behrman, Greg. Most noble adventure the Marshall plan and the time when America helped save Europe. New York: Free P, 2007.</s>
    <s>44. ^ a b Wettig 2008, p. 140</s>
    <s>45. ^ a b c Wettig 2008, p. 146</s>
    <s>46. ^ a b c d e Wettig 2008, p. 142</s>
    <s>47. ^ a b c Wettig 2008, p. 145</s>
    <s>48. ^ Wettig 2008, p. 147</s>
    <s>49. ^ Cini, p.24 in Schain</s>
    <s>50. ^ Sorel, Eliot, and Pier Carlo Padoan. The Marshall Plan: Lessons Learned for the 21st Century. Paris: OECD, 2008. 15-16. Print.</s>
    <s>51. ^ Hogan, p.93.</s>
    <s>52. ^ Nash, Gary B., and Julie Roy. Jeffrey. &quot;Chills and Fever During the Cold War, 1945-1960.&quot; The American People: Creating a Nation and a Society. 6th ed. New York: Pearson Longman, 2008. 828.</s>
    <s>53. ^ a b Grogin, p.118</s>
    <s>54. ^ President Harry S. Truman's March 17, 1948 address to a Joint Session</s>
    <s>55. ^ Alan Bullock, Ernest Bevin: Foreign Secretary (1983) pp 368-9; Arnold Offner, Another Such Victory (2002) p 197; Denise M. Bostdorff, Proclaiming the Truman Doctrine (2008) p 51</s>
    <s>56. ^ Hogan, p.415</s>
    <s>57. ^ Crafts, Toniolo, p.464</s>
    <s>58. ^ Dennis L. Bark and David R. Gress. A history of West Germany vol 1: from shadow to substance (Oxford 1989) p259</s>
    <s>59. ^ Dennis L. Bark and David R. Gress. A history of West Germany vol 1: from shadow to substance (Oxford 1989) p260</s>
    <s>60. ^ Henry C. Wallich. Mainsprings of the German Revival (1955) pg. 348.</s>
    <s>61. ^ &quot;Cornerstone of Steel&quot;, [Time (magazine)|] magazine, January 21, 1946</s>
    <s>62. ^ Cost of Defeat, [Time (magazine)|] magazine, April 8, 1946</s>
    <s>63. ^ The President's Economic Mission to Germany and Austria, Report 3 Herbert Hoover, March, 1947 pg. 8</s>
    <s>64. ^ Frederick H. Gareau &quot;Morgenthau's Plan for Industrial Disarmament in Germany&quot; The Western Political Quarterly, Vol. 14, No. 2 (Jun., 1961), pp. 517-534</s>
    <s>65. ^ Vladimir Petrov, Money and conquest; allied occupation currencies in World War II. Baltimore, Johns Hopkins Press (1967) p. 263</s>
    <s>66. ^ Information bulletin Frankfurt, Germany: Office of the US High Commissioner for Germany Office of Public Affairs, Public Relations Division, APO 757, US Army, January 1952 &quot;Plans for terminating international authority for the Ruhr&quot; , pp. 61-62 (main URL)</s>
    <s>67. ^ Timothy W. Guinnane, FINANCIAL VERGANGENHEITSBEWÄLTIGUNG: THE 1953 LONDON DEBT AGREEMENT, p.17</s>
    <s>68. ^ John Agnew, J. Nicholas Entrikin, The Marshall Plan today: model and metaphor, p.110</s>
    <s>69. ^ Gary Murphy, In search of the promised land: the politics of post-war Ireland, p.70</s>
    <s>70. ^ James F. Lydon, The making of Ireland: from ancient times to the present, p.391</s>
    <s>71. ^ John Agnew, J. Nicholas Entrikin, The Marshall Plan today: model and metaphor, p.110</s>
    <s>72. ^ John Agnew, J. Nicholas Entrikin, The Marshall Plan today: model and metaphor, p.110</s>
    <s>73. ^ Timothy W. Guinnane, FINANCIAL VERGANGENHEITSBEWÄLTIGUNG: THE 1953 LONDON DEBT AGREEMENT, p.28</s>
    <s>74. ^ The Marshall Plan and the ERP</s>
    <s>75. ^ Timothy W. Guinnane, FINANCIAL VERGANGENHEITSBEWÄLTIGUNG: THE 1953 LONDON DEBT AGREEMENT, p.28</s>
    <s>76. ^ Joseph A. Biesinger, Germany: a reference guide from the Renaissance to the present, p.556</s>
    <s>77. ^ Detlef Junker, The United States and Germany in the Era of the Cold War, 1945-1990: 1945-1968, p.306</s>
    <s>78. ^ Marshall Plan style proposals for other parts of the world have been a perennial idea. For instance, Tony Blair and Gordon Brown have referred to their African aid goals as &quot;a Marshall Plan&quot;.Guardian.co.uk After the end of the Cold War many felt Eastern Europe needed a rebuilding plan.</s>
    <s>79. ^ Harry Bayard Price, The Marshall Plan and its Meaning (1955), p. 106</s>
    <s>80. ^ Timothy W. Guinnane, &quot;Financial Vergangenheitsbewältigung: The 1953 London Debt Agreement&quot; (Economic Growth Center, Yale University, 2004) pp 17. 20, 21, 27-8, 30 online</s>
    <s>81. ^ Crafts, Toniolo, p.363</s>
    <s>82. ^ Zwass, Adam (1989). The Council for Mutual Economic Assistance: the thorny path from political to economic integration . M.E. Sharpe. p. 16. ISBN . http://books.google.co.uk/books?id=2db3MMq1W70C&amp;pg=PA16&amp;dq=%22soviet+union%22+%22marshall+plan%22+reparations&amp;lr=&amp;client=firefox-a&amp;cd=19v=onepage&amp;q=%22soviet%20union%22%20%22marshall%20plan%22%20reparations&amp;f=false.</s>
    <s>83. ^ John Gimbel, &quot;The American Reparations Stop in Germany: An Essay on the Political Uses of History&quot;</s>
    <s>84. ^ &quot;GHDI — Document — Page&quot;. Germanhistorydocs.ghi-dc.org. http://germanhistorydocs.ghi-dc.org/docpage.cfm?docpage id=3403. Retrieved 2010-03-07.</s>
    <s>85. ^ WISC.edu</s>
    <s>86. ^ &quot;Economy — Finland&quot;. Nationsencyclopedia.com. http://www.nationsencyclopedia.com/Europe/Finland-ECONOMY.html. Retrieved 2009-02-01.</s>
    <s>87. ^ De Long, J.; Barry Eichengreen (1993). &quot;The Marshall Plan&quot;. Postwar Economic Reconstruction and Lessons for the East Today . p. 202. http://books.google.co.uk/books?hl=en&amp;lr=&amp;id=kGCfmmlGtPEC&amp;oi=fnd&amp;pg=PA189&amp;dq=%22marshall+plan%22+france+recover+pre-war+&amp;ots=Kx HrsmbWs&amp;sig=EMSTnL2S6vwHCrzOYiQJJDNCpGwPPA202,M1.</s>
    <s>88. ^ &quot;Economic Changes in Eastern Europe Since the War&quot;. Royal Institute of International Affairs. http://links.jstor.org/sici?sici=0020-5850(194904)25%3A2%3C157%3AECIEES%3E2.0.CO%3B2-7. Retrieved 2010-02-11.</s>
    <s>89. ^ All data from the official document: U.S. Bureau of the Census, Statistical Abstract of the United States: 1954 (1955) table 1075 pp 899-902 online edition file 1954-08.pdf</s>
    <s>90. ^ Bothwell, p. 58</s>
    <s>91. ^ U.S. Bureau of the Census, Statistical Abstract of the United States: 1954 (1955) table 1075 p. 899</s>
    <s>92. ^ Erhard, p. 22; also, Zmirak</s>
    <s>93. ^ &quot;von Mises&quot;. Mises.org. http://www.mises.org/story/2321. Retrieved 2009-08-18.</s>
    <s>94. ^ Schain, Martin. The Marshall Plan: Fifty Years after. New York: Palgrave, 2001. 1-3. Google Books. Web. 28 April 2010.</s>
    <s>95. ^ &quot;A Marshall Plan for Iraq?&quot;. Cato.org. 2003-05-09. http://www.cato.org/research/articles/vasquez-030509.html. Retrieved 2009-02-01.</s>
    <s>96. ^ Forsberg, Aaron (2000). America and the Japanese miracle: the Cold War context of Japan's postwar economic revival, 1950-1960 . UNC Press. p. 84. ISBN .</s>
    <s>97. ^ South of the Border. Dir. Oliver Stone. 2009. Documentary.</s>
    <s>98. ^ Alesina and Weder, pp. 1126–1137.</s>
    <s>99. ^ Tucker, 15:9.</s>
    <s>100. ^ Chomsky, p. 9.</s>
    <s>101. ^ Nationalism and revolution in Indonesia — Google Books . Books.google.com. ISBN . http://books.google.com/books?id=WDgBBzWQ2DAC&amp;pg=PA403&amp;dq=Netherlands+Marhsall+plan+aid+indonesia&amp;sig=sQ3KNTs6jfaa ceWBW9B 9DO-6Q. Retrieved 2009-08-18.</s>
    <s>102. ^ Richard D. McKinzie (July 17, 1975). &quot;Oral History Interview with Lincoln Gordon&quot;. Truman Library. http://www.trumanlibrary.org/oralhist/gordonl.htm. Retrieved December 2, 2008.</s>
    <s>[edit] References</s>
    <s>Alesina, Alberto and Weder, Beatrice, &quot;Do Corrupt Governments Receive Less Foreign Aid?&quot; American Economic Review 92 (4): (September 2002)</s>
    <s>Beschloss, Michael R (2003), The Conquerors: Roosevelt, Truman and the Destruction of Hitler's Germany, 1941-1945 , Simon and Schuster, ISBN</s>
    <s>Bischof, Gunter, Anton Pelinka, and Dieter Stiefel. &quot;Contemporary Austrian Studies.&quot; The Marshall Plan in Austria. New Brunswick, NJ: Transaction, 2000. 174-75.</s>
    <s>Bothwell, Robert. The Big Chill: Canada and the Cold War. Canadian Institute for International Affairs/Institut Canadien des Affaires Internationales Contemporary Affairs Series, No. 1. Toronto: Irwin Publishing Ltd., 1998.</s>
    <s>Chomsky, Noam, &amp; Ruggiero, Greg, The Umbrella of U.S. Power: The Universal Declaration of Human Rights and the contradictions of U.S. policy, Seven Stories Press, 2002 ISBN 1583225471</s>
    <s>Cini, Michelle, in Schain, Martin, (ed.) &quot;From the Marshall Plan to the EEC&quot;, in The Marshall Plan: Fifty Years After , New York: Palgrave, 2001</s>
    <s>Cook, Bernard A. (2001), Europe Since 1945: An Encyclopedia , Taylor &amp; Francis, ISBN</s>
    <s>Crafts, Nicholas, and Gianni Toniolo, eds. Economic Growth in Europe Since 1945. Cambridge University Press, 1996.</s>
    <s>Erhard, Ludwig, &quot;Veröffentlichung von Wilhelm Röpke&quot;, in In Memoriam Wilhelm Röpke, Ed., Universität Marburg, Rechts-und-Staatswissenschaftlice Fakultät,</s>
    <s>Ericson, Edward E. (1999), Feeding the German Eagle: Soviet Economic Aid to Nazi Germany, 1933–1941 , Greenwood Publishing Group, ISBN</s>
    <s>Gaddis, John Lewis (2005), The Cold War: A New History , Penguin Press, ISBN</s>
    <s>Gaddis, John Lewis. We Now Know: Rethinking Cold War History. New York: Oxford University Press, 1997</s>
    <s>Grenville, John Ashley Soames (2005), A History of the World from the 20th to the 21st Century , Routledge, ISBN</s>
    <s>Grenville, John Ashley Soames; Wasserstein, Bernard (2001), The Major International Treaties of the Twentieth Century: A History and Guide with Texts , Taylor &amp; Francis, ISBN 041523798X</s>
    <s>Grogin, Robert C. (2001), Natural Enemies: The United States and the Soviet Union in the Cold War, 1917-1991 , Lexington Books, ISBN ISBN 0739101609</s>
    <s>Hogan, Michael J. The Marshall Plan: America, Britain, and the Reconstruction of Western Europe, 1947–1952. Cambridge: Cambridge University Press, 1987.</s>
    <s>Miller, Roger Gene (2000), To Save a City: The Berlin Airlift, 1948-1949 , Texas A&amp;M University Press, ISBN</s>
    <s>Milward, Alan S. The Reconstruction of Western Europe 1945-51 (Berkeley: University of California Press, 2006)</s>
    <s>Nekrich, Aleksandr Moiseevich; Ulam, Adam Bruno; Freeze, Gregory L. (1997), Pariahs, Partners, Predators: German–Soviet Relations, 1922–1941 , Columbia University Press, ISBN</s>
    <s>Peterson, Harold F., Argentina and the United States II. (1914–1960)</s>
    <s>Roberts, Geoffrey (2006), Stalin's Wars: From World War to Cold War, 1939–1953 , Yale University Press, ISBN</s>
    <s>Schain, Martin, ed. The Marshall Plan: Fifty Years After. New York: Palgrave, 2001.</s>
    <s>Shirer, William L. (1990), The Rise and Fall of the Third Reich: A History of Nazi Germany , Simon and Schuster, ISBN</s>
    <s>Stern, Susan, Marshall Plan 1947–1997 A German View&quot;&quot;German Missions in the United States — Home&quot;. Germany.info. http://www.germany.info/relaunch/culture/history/marshall.html. Retrieved 2009-08-18.</s>
    <s>Stueck, William Whitney, ed. The Korean War in World History. Lexington, Ky.: University Press of Kentucky, 2004.</s>
    <s>Tucker, Jeffrey, &quot;The Marshall Plan Myth&quot; The Free Market 15:9 (Sept 1997)</s>
    <s>Turner, Henry Ashby (1987), The Two Germanies Since 1945: East and West , Yale University Press, ISBN</s>
    <s>Van Meter Crabb, Cecil, American foreign policy in the nuclear age, Harper &amp; Row, New York, 1965</s>
    <s>von Mises, Ludwig, &quot;Profit and Loss&quot; presented to the Mont Pèlerin Society held in Beauvallon, France, September 9 to 16, 1951; reprinted in Planning for Freedom , South Holland, Ill., Libertarian Press, 1952 &quot;Profit and Loss — Ludwig von Mises — Mises Institute&quot;. Mises.org. http://www.mises.org/story/2321. Retrieved 2009-08-18.</s>
    <s>Wettig, Gerhard (2008), Stalin and the Cold War in Europe , Rowman &amp; Littlefield, ISBN</s>
    <s>Woods, Thomas E., The Politically Incorrect Guide to American History , . ISBN 0895260476</s>
    <s>[edit] Further reading</s>
    <s>Agnew, John and Entrikin, J. Nicholas eds. The Marshall Plan Today: Model and Metaphor Routledge. (2004) online version</s>
    <s>Arkes, Hadley. Bureaucracy, the Marshall Plan, and the National Interest (1972).</s>
    <s>Behrman, Greg, The Most Noble Adventure: The Marshall Plan and the Time When America Helped Save Europe (2007) ISBN 0743282639</s>
    <s>Bonds, John Bledsoe. Bipartisan Strategy: Selling the Marshall Plan (2002) online version</s>
    <s>Esposito, Chiarella. America's Feeble Weapon: Funding the Marshall Plan in France and Italy, 1948–1950 (1994) online version</s>
    <s>Djelic, Marie-Laure A. Exporting the American Model: The Post-War Transformation of European Business (1998) online version</s>
    <s>Fossedal, Gregory A. Our Finest Hour: Will Clayton, the Marshall Plan, and the Triumph of Democracy. (1993).</s>
    <s>Gimbel, John, The origins of the Marshall plan (Stanford University Press, 1976). (reviewed here)</s>
    <s>Kipping, Matthias and Bjarnar, Ove. The Americanisation of European Business: The Marshall Plan and the Transfer of Us Management Models (1998) online version</s>
    <s>Lewkowicz, Nicolas. The German Question and the International Order, 1943-48 (Palgrave Macmillan: Basingstoke and New York) (2010)</s>
    <s>Lewkowicz, Nicolas. The German Question and the Origins of the Cold War (IPOC: Milan) (2008)</s>
    <s>Mee, Charles L. The Marshall Plan: The Launching of the Pax Americana (1984).</s>
    <s>Milward, Alan S. The Reconstruction of Western Europe, 1945–51. (1984).</s>
    <s>Röpke, Wilhelm, Humane Economist,&quot;Biography of Wilhelm Röpke (1899-1966): Humane Economist&quot;. Mises.org. http://www.mises.org/about/3241. Retrieved 2009-08-18.</s>
    <s>Vickers, Rhiannon. Manipulating Hegemony: State Power, Labour and the Marshall Plan in Britain (2000) online edition</s>
    <s>Wallich, Henry Christopher. Mainsprings of the German Revival (1955)</s>
    <s>Wasser, Solidelle F. and Dolfman, Michael L., &quot;BLS and the Marshall Plan: The Forgotten Story: The Statistical Technical Assistance of BLS Increased Productive Efficiency and Labor Productivity in Western European Industry after World War II; Technological Literature Surveys and Plan-Organized Plant Visits Supplemented Instruction in Statistical Measurement&quot;, Monthly Labor Review, Vol. 128, 2005</s>
    <s>Wend, Henry Burke. Recovery and Restoration: U.S. Foreign Policy and the Politics of Reconstruction of West Germany's Shipbuilding Industry, 1945–1955 (2001) online version</s>
    <s>Zmirak, John, Wilhelm Röpke: Swiss Localist, Global Economist (ISI Books, 2001)</s>
    <s>[edit] External links</s>
    <s>Wikimedia Commons has media related to: Marshall Plan</s>
    <s>George C. Marshall Foundation</s>
    <s>The German Marshall Fund of the United States</s>
    <s>The Marshal Plan documents collection at MCE</s>
    <s>Marshall Plan from the National Archives</s>
    <s>Excerpts from book by Allen W. Dulles</s>
    <s>United States Secretary of State James F. Byrnes famous Stuttgart speech, September 6, 1946 The speech marked the turning point away from the Morgenthau Plan philosophy of economic dismantlement of Germany and towards a policy of economic reconstruction.</s>
    <s>Marshall Plan Commemorative Section: Lessons of the Plan: Looking Forward to the Next Century</s>
    <s>U.S. Economic Policy Towards defeated countries April, 1946.</s>
    <s>&quot;Pas de Pagaille!&quot;, Time magazine July 28, 1947</s>
    <s>Luis García Berlanga's critique of the Marshall Plan in a classic Spanish film: Welcome Mr. Marshall!</s>
    <s>Marshall Plan Still Working, 60 Years Later Cincinnati Enquirer December 10, 2006</s>
    <s>Economist Tyler Cowen questions the conventional wisdom surrounding the Plan</s>
    <s>Truman Presidential Library online collection of original Marshal Plan documents from the year 1946 onwards</s>
    <s>&quot;The Marshall Plan as Tragedy&quot;, comment on Michael Cox and Caroline Kennedy-Pipe, &quot;The Tragedy of American Diplomacy? Rethinking the Marshall Plan&quot;, both published in the Journal of Cold War Studies, vol. 7, no. 1 (Winter 2005) (text of comment on pdf) (text of original article on pdf)</s>
    <s>v · d · e</s>
    <s>Cold War</s>
    <s>Participants and notable figures · ANZUS · NATO · Non-Aligned Movement · SEATO · Warsaw Pact</s>
    <s>Yalta Conference · Operation Unthinkable · Potsdam Conference · Gouzenko Affair · War in Vietnam (1945–1946) · Iran crisis of 1946 · Greek Civil War · Corfu Channel Incident · Restatement of Policy on Germany · First Indochina War · Truman Doctrine · Asian Relations Conference · Marshall Plan · Czechoslovak coup d'état of 1948 · Tito–Stalin split · Berlin Blockade · Western betrayal · Iron Curtain · Eastern Bloc · Chinese Civil War (Second round)</s>
    <s>Korean War · 1953 Iranian coup d'état · Uprising of 1953 in East Germany · 1954 Guatemalan coup d'état · Partition of Vietnam · First Taiwan Strait Crisis · Geneva Summit (1955) · Poznań 1956 protests · Hungarian Revolution of 1956 · Suez Crisis · Sputnik crisis · Second Taiwan Strait Crisis · Cuban Revolution · Kitchen Debate · Asian–African Conference · Bricker Amendment · McCarthyism · Operation Gladio · Hallstein Doctrine</s>
    <s>Congo Crisis · Sino–Soviet split · 1960 U-2 incident · Bay of Pigs Invasion · Berlin Wall · Cuban Missile Crisis · Vietnam War · 1964 Brazilian coup d'état · United States occupation of the Dominican Republic (1965–1966) · South African Border War · Rhodesian Bush War · Transition to the New Order · Domino theory · ASEAN Declaration · Laotian Civil War · Greek military junta of 1967–1974 · Six-Day War · War of Attrition · Cultural Revolution · Sino-Indian War · Prague Spring · Goulash Communism · Sino–Soviet border conflict</s>
    <s>Détente · Nuclear Non-Proliferation Treaty · Black September in Jordan · Cambodian Civil War · Realpolitik · Ping Pong Diplomacy · Four Power Agreement on Berlin · 1972 Nixon visit to China · 1973 Chilean coup d'état · Yom Kippur War · Strategic Arms Limitation Talks · Angolan Civil War · Mozambican Civil War · Ogaden War · Sino-Albanian split · Cambodian–Vietnamese War · Sino-Vietnamese War · Iranian Revolution · Operation Condor · Bangladesh Liberation War · Korean Air Lines Flight 902</s>
    <s>Soviet war in Afghanistan · and 1984 Summer Olympics boycotts · Solidarity (Soviet reaction) · Contras · Central American crisis · RYAN · Korean Air Lines Flight 007 · Able Archer 83 · Star Wars · Invasion of Grenada · People Power Revolution · Tiananmen Square protests of 1989 · United States invasion of Panama · Fall of the Berlin Wall · Revolutions of 1989 · Glasnost · Perestroika</s>
    <s>Democratic Revolution in Mongolia · Breakup of Yugoslavia · Dissolution of the Soviet Union · Dissolution of Czechoslovakia</s>
    <s>Truman Doctrine · Marshall Plan · Containment · Eisenhower Doctrine · Domino theory · Kennedy Doctrine · Peaceful coexistence · Ostpolitik · Johnson Doctrine · Brezhnev Doctrine · Nixon Doctrine · Ulbricht Doctrine · Carter Doctrine · Reagan Doctrine · Rollback</s>
    <s>Capitalism (Chicago school · Keynesianism · Monetarism · Neoclassical economics · Supply-side economics · Thatcherism · Reaganomics) · Communism ( Marxism–Leninism · Castroism · Eurocommunism · Guevarism · Juche · Left communism · Maoism · Stalinism · Titoism · Trotskyism) · Liberal democracy · Social democracy</s>
    <s>ASEAN · CIA · Comecon · EEC · KGB · MI6 · Stasi</s>
    <s>Active measures · Izvestia · Pravda · Radio Free Europe/Radio Liberty · Red Scare · TASS · Voice of America · Voice of Russia</s>
    <s>Arms race · Nuclear arms race · Space Race</s>
    <s>See also</s>
    <s>Brinkmanship · NATO–Russia relations · Soviet and Russian espionage in U.S. · Soviet Union – United States relations · US–Soviet summits</s>
    <s>Category · Portal · Timeline</s>
    <s>v · d · eEconomy of the United Kingdom</s>
    <s>World economy</s>
    <s>Co-operatives · Employee-owned companies · FTSE 100 Index · FTSE 250 Index · FTSE Fledgling Index · FTSE SmallCap Index · Government-owned companies</s>
    <s>Currency, governance</s>
    <s>and regulation</s>
    <s>Bank of England (Governor of the Bank of England) · Budget · Company law · Competition Commission · Department for Business, Innovation and Skills · Financial Services Authority · Gilts · HM Revenue and Customs · HM Treasury (Chancellor of the Exchequer) · Monetary Policy Committee · Office for Budget Responsibility · Office of Fair Trading · Office of Gas and Electricity Markets · Pound sterling (Banknotes · Coinage) · Taxation · UK Debt Management Office · UK Financial Investments Limited · UK Statistics Authority · UK Trade &amp; Investment</s>
    <s>Financial services</s>
    <s>Baltic Exchange · Banking · Canary Wharf · The City · Euronext.liffe · Glasgow International Financial Services District · Insurance (Lloyd's of London) · LCH.Clearnet · London Interbank Offered Rate · London Metal Exchange · London Stock Exchange (Alternative Investment Market)</s>
    <s>1926 general strike · 2008 bank rescue package · 2009 bank rescue package · Agricultural Revolution · Big Bang · Black Wednesday · Corn Laws · Economic geography · Free trade · Gold standard · Great Depression · Industrial Revolution · Late-2000s recession · List of recessions · Long Depression · Marshall Plan · Nationalization · Navigation Acts · New Imperialism · Panic of 1796–1797 · Privatization · Second Industrial Revolution · Winter of Discontent</s>
    <s>Nations, regions and</s>
    <s>Atlantic Gateway · Birmingham (Big City Plan) · Bristol · Cornwall · Croydon (Croydon Vision 2020) · Devon · Expansion plans for Milton Keynes · Fishing · Leeds · List of counties by GVA · Liverpool · London (East London Tech City · London Plan) · M4 corridor · M11 Corridor · Manchester · Reading · Sheffield · Silicon Fen · Thames Gateway · Tourism · Transport</s>
    <s>Northern Ireland</s>
    <s>Belfast · Transport</s>
    <s>Aberdeen · Agriculture · Edinburgh · Fishing · Oil and gas · Renewable energy · Silicon Glen · Tourism · Transport · Whisky</s>
    <s>Cardiff (Cardiff Bay) · Swansea · Tourism · Transport</s>
    <s>People and labour</s>
    <s>Billionaires · Businesspeople · Demography · Income (Poverty) · Labour law (Equal opportunities · Minimum wage · Working Time Directive) · Pensions · Trade unions (Trades Union Congress) · Youth unemployment</s>
    <s>Agriculture · Construction · Education · Energy (North Sea oil · Renewable energy) · Forestry · Gambling · Healthcare · Internet · Manufacturing (Aerospace · Automotive · Pharmaceuticals) · Media (Cinema · Television) · Mining · Science and technology · Telecommunications · Tourism · Transport (Aviation)</s>
    <s>Trade and business</s>
    <s>Business and employer associations · British Bankers' Association · British Chambers of Commerce · Confederation of British Industry · EEF the manufacturers organisation · Federation of Small Businesses · Industry trade groups · Institute of Directors · UKPA</s>
    <s>!Category Category ·Commons</s>
    <s>Retrieved from &quot;http://en.wikipedia.org/w/index.php?title=Marshall Plan&amp;oldid=455424416&quot;</s>
    <s>1940s economic history</s>
    <s>1950s economic history</s>
    <s>1948 in law</s>
    <s>Aftermath of war</s>
    <s>Cold War</s>
    <s>Economic development</s>
    <s>Presidency of Harry S. Truman</s>
    <s>1948 in international relations</s>
    <s>80th United States Congress</s>
    <s>Hidden categories:</s>
    <s>All articles with unsourced statements</s>
    <s>Articles with unsourced statements from January 2010</s>
    <s>Articles needing additional references from April 2011</s>
    <s>All articles needing additional references</s>
    <s>Articles with unsourced statements from July 2010</s>
    <s>Personal tools</s>
    <s>Log in / create account</s>
    <s>View history</s>
    <s>Main page</s>
    <s>Featured content</s>
    <s>Current events</s>
    <s>Random article</s>
    <s>Donate to Wikipedia</s>
    <s>About Wikipedia</s>
    <s>Community portal</s>
    <s>Recent changes</s>
    <s>Contact Wikipedia</s>
    <s>What links here</s>
    <s>Related changes</s>
    <s>Upload file</s>
    <s>Special pages</s>
    <s>Permanent link</s>
    <s>Cite this page</s>
    <s>Create a book</s>
    <s>Download as PDF</s>
    <s>Printable version</s>
    <s>‪Беларуская (тарашкевіца)‬</s>
    <s>Bahasa Indonesia</s>
    <s>Bahasa Melayu</s>
    <s>‪Norsk (bokmål)‬</s>
    <s>Simple English</s>
    <s>Српски / Srpski</s>
    <s>Tiếng Việt</s>
    <s>This page was last modified on 13 October 2011 at 20:00.</s>
    <s>Text is available under the Creative Commons Attribution-ShareAlike License; additional terms may apply. See Terms of use for details.</s>
    <s>Wikipedia® is a registered trademark of the Wikimedia Foundation, Inc., a non-profit organization.</s>
    <s>Contact us</s>
    <s>Privacy policy</s>
    <s>About Wikipedia</s>
    <s>Mobile view</s>
    <s>Please use the preview button before saving. e)</s>
  </text>
</page>
