<?xml version="1.0" encoding="UTF-8"?>
<!DOCTYPE page SYSTEM "page.dtd">
<page>
  <lang>en</lang>
  <url>http://www.hpdc.org/2012/home/conference-poster/</url>
  <title>Conference Poster - HPDC&#39;12</title>
  <snippet>
    <s>Important Dates &middot; Conference Poster &middot; Organization &middot; Papers &middot; Call for Papers Program &middot; Keynote Speakers &middot; Conference Program &middot; Social Events &middot; Workshops </s>
  </snippet>
  <text>
    <s>Conference Poster</s>
    <s>Conference Poster</s>
    <s>Important Dates</s>
    <s>Conference Poster</s>
    <s>Call for Papers</s>
    <s>Paper Submission</s>
    <s>Camera Ready</s>
    <s>Keynote Speakers</s>
    <s>Conference Program</s>
    <s>Social Events</s>
    <s>Call for Workshops</s>
    <s>General Information</s>
    <s>Travel to Delft</s>
    <s>Travel in Delft</s>
    <s>HPDC Conference Series</s>
    <s>(C) 2011 | Delft University of Technology | Department of Software Technology | Parallel and Distributed Systems</s>
  </text>
</page>
