<?xml version="1.0" encoding="UTF-8"?>
<!DOCTYPE page SYSTEM "page.dtd">
<page>
  <lang>en</lang>
  <url>http://www3.opengroup.org/event/open-group-conference-san-francisco/conference-fees</url>
  <title>Conference Fees | The Open Group</title>
  <snippet>
    <s>The Open Group works towards enabling access to integrated information within and between enterprises, based on open standards and global interoperability.</s>
  </snippet>
  <text>
    <s>Event Home Page</s>
    <s>Venue &amp; Transport</s>
    <s>Conference Fees</s>
    <s>Member Meetings</s>
    <s>Exhibit / Sponsor</s>
    <s>Propose a Presentation</s>
    <s>Back to The Open Group Site</s>
    <s>Conference Fees</s>
    <s>Early Bird Rates</s>
    <s>Effective until 24th December 2011</s>
    <s>PASS TYPE</s>
    <s>Non-Member (Euros)</s>
    <s>Affiliate (US$)</s>
    <s>Affiliate (Euros)</s>
    <s>Government (US$)</s>
    <s>Government (Euros)</s>
    <s>Member (US$)</s>
    <s>Member (Euros)</s>
    <s>Full Conference Pass - All Conference and Open Sessions &amp; Dinner Event - includes Forum Meetings for Members</s>
    <s>€ 820</s>
    <s>€ 670</s>
    <s>€ 540</s>
    <s>€ 365</s>
    <s>2 Day Pass - Conference &amp; Open Sessions on two consecutive days - includes Forum Meetings for Members - Does NOT include Dinner Event*</s>
    <s>€ 670</s>
    <s>€ 530</s>
    <s>€ 450</s>
    <s>€ 330</s>
    <s>1 Day Pass - Conference &amp; Open Sessions on any one day - includes Forum Meetings for Members - Does NOT include Dinner Event*</s>
    <s>€ 335</s>
    <s>€ 265</s>
    <s>€ 225</s>
    <s>€ 165</s>
    <s>Student Pass - Valid ID required and will be verified - Does NOT include Dinner Event*</s>
    <s>€ 280</s>
    <s>*Dinner Event</s>
    <s>Additional fee for 2 and 1 Day Passes, Student Passes or guests: $105 / 75 Euros</s>
    <s>Standard Rates</s>
    <s>Effective from 25th December 2011</s>
    <s>PASS TYPE</s>
    <s>Non-Member (US$)</s>
    <s>Non-Member (Euros)</s>
    <s>Affiliate (US$)</s>
    <s>Affiliate (Euros)</s>
    <s>Government (US$)</s>
    <s>Government (Euros)</s>
    <s>Member (US$)</s>
    <s>Member (Euros)</s>
    <s>Full Conference Pass - All Conference and Open Sessions &amp; Dinner Event - includes forum Meetings for Members</s>
    <s>€ 1,120</s>
    <s>€ 895</s>
    <s>€ 540</s>
    <s>€ 540</s>
    <s>2 Day Pass*- Conference &amp; Open Sessions on two consecutive days - includes Forum Meetings for Members - Does NOT include Dinner Event*</s>
    <s>€ 820</s>
    <s>€ 680</s>
    <s>€ 450</s>
    <s>€ 450</s>
    <s>1 Day Pass - Conference &amp; Open Sessions on any one day - includes Forum Meetings for Members - Does NOT include Dinner Event*</s>
    <s>€ 410</s>
    <s>€ 340</s>
    <s>€ 225</s>
    <s>€ 225</s>
    <s>Student Pass - Valid ID required and will be verified - Does NOT include Dinner Event*</s>
    <s>€ 300</s>
    <s>Dinner Event</s>
    <s>Additional fee for 2 and 1 Day Passes, Student Passes or guests: $105 / 75 Euros</s>
    <s>Fee Notes</s>
    <s>The affiliate/partner rate applies to affiliate members and co-promotional partners. Ask your organization for your Promotion Code and enter it when you register.</s>
    <s>You will need to produce valid government ID upon registration at the meeting in order to be eligible for this rate.</s>
    <s>The Open Group members are entitled to a member rate, and may attend member work meetings in the forums of which they are members. Certification does NOT entitle you to membership privileges.</s>
    <s>General Notes</s>
    <s>1. You will be charged in the currency that you choose when registering.</s>
    <s>2. Membership of The Open Group entitles members to also attend member meetings of their respective forums.</s>
    <s>3. Members or non-members may attend other forum meetings if invited by the chair or director of that forum.</s>
    <s>4. Local VAT (Sales Tax) will be added to the above fees unless otherwise stated.</s>
    <s>Read the full terms and conditions that apply to our conferences</s>
    <s>Cancellation Policy</s>
    <s>All cancellations must be submitted by email and sent to registration@opengroup.org. Cancellation by any other means will not be effective. In the event of cancellation more than 7 days prior to the event, an administration fee of 5% will be charged. No refund will be available in the event of cancellation 7 days or less prior to the event.</s>
    <s>Attendee substitutions may be made at any time without payment of an administration fee prior to the start of the event.</s>
    <s>The Open Group</s>
    <s>Platinum Members</s>
    <s>All Open Group Members</s>
    <s>(C) 1995-2009 The Open Group</s>
    <s>Home | Sitemap | Privacy | Legal</s>
  </text>
</page>
