<?xml version="1.0" encoding="UTF-8"?>
<!DOCTYPE page SYSTEM "page.dtd">
<page>
  <lang>en</lang>
  <url>http://www.unhcr.org/refworld/type/CONFDOC.html</url>
  <title>UNHCR | Refworld | Conference Reports</title>
  <snippet>
    <s>Results 1 - 10 of 76 Category: Country Information | Publisher: Afghanistan Research and Evaluation Unit (AREU) | Document type: Conference Reports </s>
  </snippet>
  <text>
    <s>Last Updated: Tuesday, 18 October 2011, 12:52 GMT</s>
    <s>Site Map</s>
    <s>Home Document TypesConference Reports</s>
    <s>Conference Reports</s>
    <s>Conference Reports are often the outcome of various international meetings and often contain the recommendations/conlusions of the proceedings.</s>
    <s>Narrow results by</s>
    <s>Afghanistan Independent Human Rights Commission (AIHRC) (1)</s>
    <s>Afghanistan Research and Evaluation Unit (AREU) (1)</s>
    <s>Brookings-Bern Project on Internal Displacement (1)</s>
    <s>Council of Europe (2)</s>
    <s>Euro-African Ministerial Conference on Migration and Development (2)</s>
    <s>European Council on Refugees and Exiles (1)</s>
    <s>European Union: European Commission (1)</s>
    <s>Internal Displacement Monitoring Centre (IDMC) (3)</s>
    <s>International Crisis Group (ICG) (1)</s>
    <s>International Federation for Human Rights (1)</s>
    <s>Organization of African Unity (1)</s>
    <s>Refugees International (1)</s>
    <s>UN Committee on the Elimination of Discrimination Against Women (CEDAW) (1)</s>
    <s>UN Development Programme (1)</s>
    <s>UN General Assembly (14)</s>
    <s>UN High Commissioner for Refugees (39)</s>
    <s>UN Human Rights Council (1)</s>
    <s>UN Office of the High Commissioner for Human Rights (1)</s>
    <s>UN Secretary-General (UNSG) (1)</s>
    <s>UN Sub-Commission on the Promotion and Protection of Human Rights (2)</s>
    <s>Congo, Democratic Republic of the</s>
    <s>Russian Federation</s>
    <s>Sri Lanka</s>
    <s>Showing 1-10 of 76 results</s>
    <s>in Title in Year in Full Text</s>
    <s>10 results 20 results 30 results 40 results 50 results</s>
    <s>Sort by date Sort by relevance</s>
    <s>Expert Meeting on Complementarities between International Refugee Law, International Criminal Law and International Human Rights Law: Summary Conclusions</s>
    <s>July 2011</s>
    <s>Category: Policy Documents | Publisher: UN High Commissioner for Refugees | Document type: Conference Reports</s>
    <s>District Councils: The Missing Middle of Local Governance</s>
    <s>July 2011</s>
    <s>Category: Country Information | Publisher: Afghanistan Research and Evaluation Unit (AREU) | Document type: Conference Reports</s>
    <s>Global Roundtable on Alternatives to Detention of Asylum-Seekers, Refugees, Migrants and Stateless Persons: Summary Conclusions</s>
    <s>July 2011</s>
    <s>Category: Policy Documents | Publisher: UN High Commissioner for Refugees | Document type: Conference Reports</s>
    <s>A Human Rights-Based Approach to Building Resilience to Natural Disasters</s>
    <s>6 June 2011</s>
    <s>Category: Reference Documents | Publisher: Brookings-Bern Project on Internal Displacement | Document type: Conference Reports</s>
    <s>Regional Conferences on Refugee Protection and International Migration in Central America, Western Africa, Eastern Africa and Asia - Selected Conference Materials</s>
    <s>June 2011</s>
    <s>Category: Policy Documents | Publisher: UN High Commissioner for Refugees | Document type: Conference Reports</s>
    <s>Armed non-State actors and the protection of internally displaced people</s>
    <s>June 2011</s>
    <s>Category: Reference Documents | Publisher: Internal Displacement Monitoring Centre (IDMC) | Document type: Conference Reports</s>
    <s>IDPs in protracted displacement: Is local integration a solution?</s>
    <s>May 2011</s>
    <s>Category: Reference Documents | Publisher: Internal Displacement Monitoring Centre (IDMC) | Document type: Conference Reports</s>
    <s>Summary of Deliberations on Climate Change and Displacement</s>
    <s>April 2011</s>
    <s>Category: Policy Documents | Publisher: UN High Commissioner for Refugees | Document type: Conference Reports</s>
    <s>Report of the Secretary-General on the United Nations Organization Stabilization Mission in the Democratic Republic of the Congo</s>
    <s>17 January 2011</s>
    <s>Category: Country Information | Publisher: UN Secretary-General (UNSG) | Document type: Conference Reports</s>
    <s>Side Event to the High Commissioner's Dialogue on Protection Challenges 2010: Climate Change Displacement and International Law</s>
    <s>8 December 2010</s>
    <s>Category: Reference Documents | Publisher: UN High Commissioner for Refugees | Document type: Conference Reports</s>
    <s>1 Next !</s>
    <s>Advanced Search</s>
    <s>Search Tips</s>
    <s>!Region maps</s>
    <s>Countries - Select a country - Afghanistan Albania Algeria American Samoa Andorra Angola Anguilla Antigua and Barbuda Argentina Armenia Aruba Australia Austria Azerbaijan Bahamas Bahrain Bangladesh Barbados Belarus Belgium Belize Benin Bermuda Bhutan Bolivia Bosnia and Herzegovina Botswana Brazil British Virgin Islands Brunei Darussalam Bulgaria Burkina Faso Burundi Cambodia Cameroon Canada Cape Verde Cayman Islands Central African Republic Chad Chile China Cocos (Keeling) Islands Colombia Comoros Congo, Democratic Republic of the Congo, Republic of the Cook Islands Costa Rica Croatia Cuba Cyprus Czech Republic Cd'Ivoire Denmark Djibouti Dominica Dominican Republic Ecuador Egypt El Salvador Equatorial Guinea Eritrea Estonia Ethiopia Falkland Islands Fiji Finland France French Guiana French Polynesia Gabon Gambia Georgia Germany Ghana Gibraltar Greece Greenland Grenada Guadeloupe Guam Guatemala Guinea Guinea-Bissau Guyana Haiti Holy See (Vatican City State) Honduras Hong Kong (Special Administrative Region of China) Hungary Iceland India Indonesia Iran, Islamic Republic of Iraq Ireland Israel Italy Jamaica Japan Jordan Kazakhstan Kenya Kiribati Korea, Democratic People's Republic of Korea, Republic of Kuwait Kyrgyzstan Lao People's Democratic Republic Latvia Lebanon Lesotho Liberia Libyan Arab Jamahiriya Liechtenstein Lithuania Luxembourg Macau (Special Administrative Region of China) Macedonia, The former Yugoslav Republic of Madagascar Malawi Malaysia Maldives Mali Malta Marshall Islands Martinique Mauritania Mauritius Mexico Micronesia, Federated States of Moldova, Republic of Monaco Mongolia Montenegro Montserrat Morocco Mozambique Myanmar Namibia Nauru Nepal Netherlands Netherlands Antilles New Caledonia New Zealand Nicaragua Niger Nigeria Niue Norfolk Island Northern Mariana Islands Norway Occupied Palestinian Territory Oman Pakistan Palau Panama Papua New Guinea Paraguay Peru Philippines Pitcairn Poland Portugal Puerto Rico Qatar Romania Russian Federation Rwanda Saint Helena Saint Kitts and Nevis Saint Lucia Saint Vincent and the Grenadines Samoa San Marino Sao Tome and Principe Saudi Arabia Senegal Serbia Seychelles Sierra Leone Singapore Slovakia Slovenia Solomon Islands Somalia South Africa South Sudan Spain Sri Lanka Sudan Suriname Swaziland Sweden Switzerland Syrian Arab Republic Tajikistan Tanzania, United Republic of Thailand Timor-Leste (East Timor) Togo Tokelau Tonga Trinidad and Tobago Tunisia Turkey Turkmenistan Turks and Caicos Islands Tuvalu U.S. Virgin Islands Uganda Ukraine United Arab Emirates United Kingdom of Great Britain and Northern Ireland United States of America Uruguay Uzbekistan Vanuatu Venezuela Viet Nam Wallis and Futuna Western Sahara Territory Yemen Zambia Zimbabwe</s>
    <s>Country Information</s>
    <s>Legal Information</s>
    <s>Policy Documents</s>
    <s>Reference Documents</s>
    <s>Browse by</s>
    <s>A-Z Index</s>
    <s>Document Types</s>
    <s>Special Features</s>
    <s>Standards and Training</s>
    <s>Information Alerts</s>
    <s>Protection Starter Kit</s>
    <s>Refworld Personalization</s>
    <s>External Links</s>
    <s>(C) UNHCR 2011</s>
    <s>Page generated in 0.392 seconds</s>
  </text>
</page>
