<?xml version="1.0" encoding="UTF-8"?>
<!DOCTYPE page SYSTEM "page.dtd">
<page>
  <lang>en</lang>
  <url>http://www.facebook.com/pages/Indie-Author-Conference/221960187816510</url>
  <title>Indie Author Conference | Facebook</title>
  <snippet>
    <s>Indie Author Conference - The 2011 Indie Author Conference will take place in at the Hyatt Regency in Indianapolis, Ind. on October 14 &amp; 15. | Facebook.</s>
  </snippet>
  <text>
    <s>Mantenha-me conectado</s>
    <s>Esqueceu sua senha?</s>
    <s>Cadastre-seNo Facebook você pode se conectar e compartilhar o que quiser com quem é importante em sua vida.</s>
    <s>Facebook © 2011 · Português (Brasil)</s>
    <s>Celular · Localizar amigos · Atalhos · Pessoas · Páginas · Sobre · Anúncios · Crie uma página · Desenvolvedores · Carreiras · Privacidade · Termos · Ajuda</s>
  </text>
</page>
