<?xml version="1.0" encoding="UTF-8"?>
<!DOCTYPE page SYSTEM "page.dtd">
<page>
  <lang>en</lang>
  <url>http://www.naspa.org/alcohol</url>
  <title>NASPA | Alcohol Abuse Prevention Conference</title>
  <snippet>
    <s>NASPA will host this pre-conference workshop for campus senior administrators. We welcome presidents, chancellors, trustees, vice presidents, and deans to </s>
  </snippet>
  <text>
    <s>!Skip NavAdvanced Search</s>
    <s>Site Search Member Last Name</s>
    <s>About Us</s>
    <s>NASPA Foundation</s>
    <s>Corp. Involvement</s>
    <s>Annual Conference</s>
    <s>&gt;&gt;The Placement Exchange - Phoenix</s>
    <s>&gt;&gt;Future Conferences</s>
    <s>Educational Programs Overview</s>
    <s>Online Learning Programs</s>
    <s>Professional Competency Areas for Student Affairs Practitioners</s>
    <s>&gt;&gt;Presentation Archives</s>
    <s>Enough is Enough campaign to stem societal violence</s>
    <s>International Exchange</s>
    <s>Publications Overview</s>
    <s>&gt;&gt;Journal of Student Affairs Research and Practice</s>
    <s>&gt;&gt;Journal of College and Character</s>
    <s>&gt;&gt;Journal About Women in Higher Education</s>
    <s>&gt;&gt;Leadership Exchange</s>
    <s>&gt;&gt;NASPA Update</s>
    <s>&gt;&gt;NASPA Almanac</s>
    <s>Publish with NASPA</s>
    <s>Advertise with NASPA</s>
    <s>Seminal Documents</s>
    <s>Knowledge Communities</s>
    <s>About Knowledge Communities</s>
    <s>Administrators in Graduate and Professional Student Services</s>
    <s>African American Concerns</s>
    <s>Alcohol and Other Drug</s>
    <s>Asian Pacific Islanders Concerns</s>
    <s>Assessment, Evaluation, and Research</s>
    <s>Campus Safety</s>
    <s>Fraternity &amp; Sorority</s>
    <s>Gay, Lesbian, Bisexual &amp; Transgender Issues</s>
    <s>Health in Higher Education</s>
    <s>Indigenous Peoples</s>
    <s>International Education</s>
    <s>Men and Masculinities</s>
    <s>New Professionals &amp; Graduate Students</s>
    <s>Parent and Family Relations</s>
    <s>Spirituality and Religion in Higher Education</s>
    <s>Student Affairs Development and External Relations</s>
    <s>Student Affairs Partnering With Academic Affairs</s>
    <s>Student Leadership Programs</s>
    <s>Women in Student Affairs</s>
    <s>About Regions</s>
    <s>Region I</s>
    <s>Region II</s>
    <s>Region III</s>
    <s>Region IV-E</s>
    <s>Region IV-W</s>
    <s>Region V</s>
    <s>Region VI</s>
    <s>Divisions &amp; Groups</s>
    <s>Center for Women</s>
    <s>Community Colleges Division</s>
    <s>Faculty Fellows</s>
    <s>International Advisory Board</s>
    <s>James E Scott Academy</s>
    <s>NASPA Undergraduate Fellows Program (NUFP)</s>
    <s>Professional Standards Division</s>
    <s>Public Policy Division</s>
    <s>Research Division</s>
    <s>Small Colleges and Universities Division</s>
    <s>Underrepresented Populations</s>
    <s>Careers in Student Affairs Month - October</s>
    <s>Consider a Career in Student Affairs</s>
    <s>Graduate Program Directory</s>
    <s>Study Abroad Program Directory</s>
    <s>Summer Graduate Internship Program</s>
    <s>Interim Administrator</s>
    <s>The Placement Exchange</s>
    <s>&gt;&gt;Post a Job</s>
    <s>&gt;&gt;Find a Job</s>
    <s>&gt;&gt;2012 TPE - Phoenix</s>
    <s>members only</s>
    <s>Membership Directory</s>
    <s>Member Publications</s>
    <s>Professional Development</s>
    <s>&gt;&gt;Annual Conference Presentation Archive</s>
    <s>&gt;&gt;Program Archives</s>
    <s>Salary Survey (SSAOs only)</s>
    <s>Professional Competency Areas for Student Affairs Practitioners</s>
    <s>Advising and Helping</s>
    <s>Equity, Diversity, and Inclusion</s>
    <s>Ethical Professional Practice</s>
    <s>History, Philosophy, and Values</s>
    <s>Human and Organizational Resources</s>
    <s>Law, Policy, and Governance</s>
    <s>Personal Foundations</s>
    <s>Student Learning and Development</s>
    <s>Investing in our Future Webinars</s>
    <s>Professional Development Archives</s>
    <s>Continuing Education Units</s>
    <s>Annual Conference</s>
    <s>Educational Sessions</s>
    <s>Featured Speakers</s>
    <s>Meetings &amp; Receptions</s>
    <s>Specal Events</s>
    <s>Hotel &amp; Travel</s>
    <s>The Placement Exchange (TPE) Seattle 09</s>
    <s>Seattle Highlights</s>
    <s>General Information</s>
    <s>Conference Archive</s>
    <s>Events &amp; Programs</s>
    <s>Alcohol and Other Drug Abuse Prevention Conference</s>
    <s>Program Description and Learning Outcomes</s>
    <s>Call for Programs</s>
    <s>Registration &amp; Fees</s>
    <s>Hotel &amp; Travel</s>
    <s>Registration &amp; Fees</s>
    <s>Assessment &amp; Persistence Conference</s>
    <s>Program Description &amp; Learning Outcomes</s>
    <s>Certificate in Prevention Leadership</s>
    <s>Community College Institute (CCI)</s>
    <s>Conference on College Men</s>
    <s>Program Description and Learning Outcomes</s>
    <s>Institute for Aspiring Senior Student Affairs Officers</s>
    <s>Program Description and Learning Outcomes</s>
    <s>Hotel &amp; Travel</s>
    <s>Institute for New Senior Student Affairs Officers</s>
    <s>Program Description and Learning Outcomes</s>
    <s>Institute Faculty</s>
    <s>Registration &amp; Fees</s>
    <s>Hotel &amp; Travel</s>
    <s>International Exchange</s>
    <s>Goals and Objectives</s>
    <s>Current Relationships</s>
    <s>Application Process</s>
    <s>International Symposium</s>
    <s>Call for Programs</s>
    <s>Leadership Educators Institute</s>
    <s>Manicur Symposium</s>
    <s>Hotel &amp; Travel</s>
    <s>Mental Health Conference</s>
    <s>Call for Programs</s>
    <s>Program Description and Learning Outcomes</s>
    <s>Registration &amp; Fees</s>
    <s>Hotel &amp; Travel</s>
    <s>Multicultural Institute</s>
    <s>Program Description</s>
    <s>Call for Programs</s>
    <s>Pre-Institute Workshops</s>
    <s>Hotel &amp; Travel</s>
    <s>National Conference for College Student Women Leaders (NCCWSL)</s>
    <s>Small Colleges &amp; Universities Institute</s>
    <s>Stevens Institute</s>
    <s>Program Description and Learning Outcomes</s>
    <s>Student Affairs Development Conference</s>
    <s>Program Description &amp; Schedule</s>
    <s>Hotel &amp; Travel</s>
    <s>Student Affairs Institute for Four-Year Colleges and Universities</s>
    <s>Student Affairs Law and Policy Certificate Program</s>
    <s>Student Affairs Law and Policy Conference</s>
    <s>Registration &amp; Fees</s>
    <s>Hotel &amp; Travel</s>
    <s>Student Services Institute for Community Colleges</s>
    <s>Program Description</s>
    <s>Hotel &amp; Travel</s>
    <s>Call for Programs</s>
    <s>Exhibits Showcase</s>
    <s>WAHE Annual Conference</s>
    <s>Women's Leadership Institute</s>
    <s>Program Description &amp; Learning Outcomes</s>
    <s>Online Educational Programs</s>
    <s>Investing in our Future Webinars</s>
    <s>Stetson/NASPA Podcasts</s>
    <s>Faculty Fellows</s>
    <s>The Q-List: A Faculty Fellows Research Agenda for the Profession</s>
    <s>Current &amp; Past Fellows</s>
    <s>NASPA Undergraduate Fellows Program (NUFP)</s>
    <s>Application Information</s>
    <s>Learning Outcomes</s>
    <s>On-campus Mentorship</s>
    <s>NUFP Regional and Annual Conference Programming</s>
    <s>Summer Internships</s>
    <s>Host Institution Information</s>
    <s>Host Instituion Application</s>
    <s>Fellow Information</s>
    <s>Fellow Internship Application</s>
    <s>Internship Postings</s>
    <s>Summer Leadership Institute (SLI)</s>
    <s>2009—Seattle University</s>
    <s>2008—University of Arkansas-Fayetteville</s>
    <s>Past SLI Experiences</s>
    <s>Resources for Fellows</s>
    <s>Resources for Mentors</s>
    <s>Campus-Based NUFP</s>
    <s>Regional Coordinators</s>
    <s>Current Fellows</s>
    <s>Current Mentors</s>
    <s>Legacy Award Information</s>
    <s>Annual, Regional &amp; Division Awards</s>
    <s>Make a Nomination</s>
    <s>Past Award Recipients</s>
    <s>Excellence Awards</s>
    <s>Past Award Recipients</s>
    <s>Hardee Dissertation of the Year Award</s>
    <s>Hardee 35th Anniversary</s>
    <s>Ruth Strang Research Award</s>
    <s>NASPA Member Login</s>
    <s> Knowledge Community Co-Sponsors</s>
    <s>Corporate Sponsors</s>
    <s>&gt; Stephanie Gordon</s>
    <s>202.265.7500, ext. 1166</s>
    <s>Alcohol Abuse Prevention &amp; Intervention</s>
    <s>NASPA Alcohol and Other Drug Abuse Prevention &amp; Intervention  Conference</s>
    <s>**January 19-21, 2012</s>
    <s>Atlanta Marriott MarquisAtlanta, Georgia**</s>
    <s>Call for Programs | Registration and Fees | Conference Schedule</s>
    <s>Hotel and Travel | Exhibitors/Sponsors</s>
    <s>Alcohol and other drug abuse continues to be a serious problem facing college students throughout the country.  The National Prevention Strategy that was just published by the Office of the Surgeon General focuses on preventing excessive alcohol use and drug abuse and excessive alcohol use as part of seven priorities for healthier Americans.   Research and assessment shows that many college students are still binge drinking, abusing drugs (both legal and illegal), and the effects the abuse on student learning, persistence and completion can be staggering.  Administrators must be proactive and establish infrastructures that will form a tight weave of policies and procedures which will provide less room for error and more accountability to the process. </s>
    <s>What systems, policies, and procedures are in place to sharpen institutional decision-making and policy development? </s>
    <s>What does the data truly show? And how can quality assessment and reporting improve the misconceptions of the data?</s>
    <s>How can student affairs administrators create injury and violence free living in our communities?</s>
    <s>How does the college/university communication system inform and involve senior administration and legal advisors during alcohol and/or drug abuse-related incidents?</s>
    <s>How do ensure that alcohol and other drug abuse prevention efforts are integrated throughout the institution?</s>
    <s>How is overall health and wellness integrated in campus policies and procedures?</s>
    <s>This three-day conference will bring together senior-level campus administrators, alcohol education specialists, health promotion and prevention staff, and researchers from the alcohol and other drug arena to focus on advancing knowledge of student affairs educators and information-sharing about alcohol and other drug use on college and university campuses.</s>
    <s> Working Conference: Team Attendance</s>
    <s>The conference planning committee believes that those institutions sending multi-disciplinary teams to the conference will reap the greatest benefit, as there will be structured opportunities to discuss effective campus collaborations.</s>
    <s>Senior Administrators Forum Pre-Conference Workshop</s>
    <s>sponsored by SAMHSA</s>
    <s>Thursday, 8:30 a.m. - 12:00 p.m.</s>
    <s>NASPA will host this pre-conference workshop for campus senior administrators. We welcome presidents, chancellors, trustees, vice presidents, and deans to join in this collegial meeting with peers to consider leadership strategies for promoting safe and healthy learning and living environments.  This year's Senior Administrators Pre-Conference Workshop will address threats to student success and safety and their associated issues and will feature a panel of national experts.</s>
    <s>NASPA Mental Health Conference – Joint Conference</s>
    <s>NASPA will hold the annual mental health conference at the same time as the alcohol and other drug abuse prevention event in the host hotel.  There will be some joint keynotes and registrants may attend sessions held at the mental health conference with their alcohol conference registration fee.</s>
    <s>Continuing Education Units</s>
    <s> National Board of Certified Counselors </s>
    <s>All of NASPA's professional development opportunities provide CEU credits from the National Board for Certified Counselors, Inc.  Forms and information will be provided at NASPA conferences.</s>
    <s>National Commission for Health Education Credentialing,  Inc.</s>
    <s>!Image of the National Comission for Health Education Credentialing and link to its website</s>
    <s>The 2012 NASPA Alcohol and Other Drug Abuse Prevention Conference and the 2012 NASPA Mental Health Conference will provide CEU credits from the National Commission for Health Educations Credentialing, Inc. Forms and information will be provided at the conferences.</s>
    <s>NASPA does not discriminate on the basis of race, color, national origin, religion, sex, age, gender identity, gender expression, affectional or sexual orientation, or disability in any of its policies, programs, and services. Read NASPA's Commitment to Diversity, Inclusion, and Equity . NASPA is committed to meeting the needs of our diverse community. We recognize that not all individuals access information in the same ways and strive to ensure that resources shared through our web space are accessible and usable to all. If web accessibility problems are encountered on the NASPA website, please contact the office at (202) 265-7500 or office@naspa.org, and an alternate format will be made available.</s>
    <s>Privacy Policy</s>
    <s>Site Map</s>
    <s>Contact Us</s>
    <s>Admin Login</s>
    <s>© 2010 NASPA - Student Affairs Administrators in Higher Education</s>
  </text>
</page>
