<?xml version="1.0" encoding="UTF-8"?>
<!DOCTYPE page SYSTEM "page.dtd">
<page>
  <lang>en</lang>
  <url>http://climbonsuccess.com/</url>
  <title>Motivational Speaker For Youth &amp; College Events | Climber Guy ...</title>
  <snippet>
    <s>If you&#39;re looking for a youth speaker who can rock the audience at your next conference, assembly, or event, you&#39;ve come to the right place. John is a regular </s>
  </snippet>
  <text>
    <s>Speaking Programs</s>
    <s>Youth Speaking</s>
    <s>Corporate Programs</s>
    <s>College Programs</s>
    <s>Adventure Blog</s>
    <s>News &amp; Press</s>
    <s>Free Stuff &amp; Downloads</s>
    <s>!Motivational Speaker News Sources</s>
    <s>YESI Want A Wildly Entertaining,</s>
    <s>Sure-Fire, and Relatable Motivational</s>
    <s>Speaker Who Will Deliver A Powerful</s>
    <s>Leadership and Goal Setting</s>
    <s>Message To My Audience!</s>
    <s>!Motivational Speaker</s>
    <s>The Perfect Motivational Speaker For Your Next Event</s>
    <s>FinallyA youth motivational speaker, college speaker, and corporate keynote speaker who your audience actually wants to listen to.</s>
    <s>As a complete multimedia experience, John Beede's speeches will blow your audience away. You'll be a hero for booking him.</s>
    <s>Incredible Adventures</s>
    <s>Edge-of-your-seat climbing and adventures stories make John's speeches wickedly entertaining.</s>
    <s>Side-Splitting Humor</s>
    <s>Audience members have literally fallen out of their chairs laughing.</s>
    <s>Audience Interaction</s>
    <s>A good motivational speech is a conversation, not a discourse!</s>
    <s>Rock-Solid Techniques</s>
    <s>The goal-setting and leadership messages John will bring are life changing.</s>
    <s>Experience the…</s>
    <s>Adventure Of Success.</s>
    <s>John is the author of several books and resources on success, including the popular Climb OnSuccess Strategies for Teens and Life's Little Adventure Guide , making him one of the world's top authorities on motivation and goal setting.</s>
    <s>With critical acclamation and multiple printings, the his materials are perfect for classroom and personal enjoyment alike. Bulk rates are available for those who would like to invest in a copy for each event attendee.</s>
    <s>More info…</s>
    <s>Motivational Speaking Videos</s>
    <s>As an event planner, you should know exactly what your speaker is going to be like before the day of your event. That's why multiple versions of John's motivational speech is available here.</s>
    <s>Read On…</s>
    <s>Youth Motivational Speaker</s>
    <s>If you're looking for a youth speaker who can rock the audience at your next conference, assembly, or event, you've come to the right place. John is a regular speaker for youth groups like Student Council, FBLA, DECA, FCCLA, HOSA, BPA, SkillsUSA, FFA, and more. Students love the humor and how relatable he is. Advisors love the motivational content. You'll love how easy he is to work with!</s>
    <s>More Youth Speaking Info…</s>
    <s>College Speaker</s>
    <s>If you need a campus speaker who is blisteringly entertaining and still delivers elite-level leadership techniques for a university crowd, college speaker John Beede is a perfect solution for you. Having spoken to dozens of university groups all over the country, you've got a proven speaker who will not only be relatable and fun, but will also leave a lasting impact on your students.</s>
    <s>More College Speaking Info…</s>
    <s>Corporate Keynote Speaker</s>
    <s>If you need a great keynote speaker for your upcoming corporate function, corporate inspirational speaker John Beede is the perfect choice for you. John is one of the funniest speakers around, but the value in his message isn't lost in the humor… Far from it. No wonder congressmen, movie and television stars, and international best-selling authors endorse him.</s>
    <s>More Corporate Speaking Info…</s>
    <s>Recent Posts</s>
    <s>Motivational Inspirational Speaker</s>
    <s>Leadership Motivational Speakers</s>
    <s>Inspirational Motivational Speaker: How To Choose One</s>
    <s>How To Pick Your Next Conference Speaker</s>
    <s>How To Choose An Inspirational Speaker In 3 Steps</s>
    <s>How to Choose Your Next Youth Speaker</s>
    <s>How To Choose A Motivational Speaker</s>
    <s>Just a few more days til my 3rd go at Cerro Aconcagua , Argentina!</s>
    <s>Somewhere between the bottom of the climb and the summit is the answer to the mystery why we climb. ~Greg Child~ Quote</s>
    <s>Mt. Everest's Youngest Climber Prepares for Antartica Adventure http://t.co/4g9vFxU via @AOL</s>
    <s>Adventure to Ecuador is Glittering Mount Chimborazo http://goo.gl/ziOwH</s>
    <s>RT @WillemterHorst</s>
    <s>FREE Stuff!</s>
    <s>Speaking Articles</s>
    <s>Success Articles</s>
    <s>Motivational Speaker</s>
    <s>College Speaker</s>
    <s>Youth Speaker</s>
    <s>John in the News</s>
    <s>Motivational Speaker and Keynote Inspirational Speaker For Youth, College, Teens, University, and Corporate Events Copyright 2001-2020 - John Beede International, Inc.</s>
  </text>
</page>
