<?xml version="1.0" encoding="UTF-8"?>
<!DOCTYPE page SYSTEM "page.dtd">
<page>
  <lang>en</lang>
  <url>https://www.cce.csus.edu/conferences/cdph/ltcrphc11/abstract_ctcp_app.cfm</url>
  <title>Linking Tobacco Control Research and Practice For a Healthier ...</title>
  <snippet>
    <s>Abstracts may also be submitted by one person or multiple people (note: if multiple presenters are listed, at least one presenter must register for the conference). </s>
  </snippet>
  <text>
    <s>Save the Date</s>
    <s>Call for Abstracts</s>
    <s>CTCP Abstract Submission</s>
    <s>Instructions for CTCP Abstract Submission</s>
    <s>CTCP encourages all CTCP-funded projects to consider submitting a conference abstract CTCP is accepting abstract submissions until November 1, 2011.</s>
    <s>Please read the Save the Date announcement and the CTCP Call for Abstracts carefully before completing the CTCP Abstract Submission Form.</s>
    <s>TRDRP is conducting a separate Call for Abstracts process to identify presenters (oral and poster) for Day 1 of the conference. CTCP's Call for Abstracts process will identify poster presenters for Days 2 and 3 of the conference and oral presenters for breakout sessions on Day 3 of the conference.</s>
    <s>Abstracts may be submitted for oral presentations and/or poster sessions.</s>
    <s>Abstracts may also be submitted by one person or multiple people (note: if multiple presenters are listed, at least one presenter must register for the conference). More than one abstract may be submitted per person.</s>
    <s>= required field</s>
    <s>Submission Information</s>
    <s>Title of Oral Presentation or Poster:</s>
    <s>Conference Track Selection*</s>
    <s>Please select the appropriate conference track for your abstract (please complete a new Abstract Submission Form for any additional abstracts)</s>
    <s>Track 1: Tobacco control policy advocacy and/or media strategies</s>
    <s>Track 2:</s>
    <s>Engaging diverse communities/achieving health equity with tobacco control interventions</s>
    <s>Track 3: Demonstrating program performance and effectiveness</s>
    <s>Track 4: Emerging tobacco control issues and innovative approaches</s>
    <s>Lead Presenter Information</s>
    <s>First Name:*</s>
    <s>Last Name:*</s>
    <s>Zip Code:*</s>
    <s>Mobile Phone:</s>
    <s>*notify CTCP immediately if lead presenter contact information changes</s>
    <s>Co-Presenter 1 Information (optional)</s>
    <s>First Name:</s>
    <s>Last Name:</s>
    <s>Zip Code:</s>
    <s>Mobile Phone:</s>
    <s>Co-Presenter 2 Information (optional)</s>
    <s>First Name:</s>
    <s>Last Name:</s>
    <s>Zip Code:</s>
    <s>Mobile Phone:</s>
    <s>Please provide a concise, narrative description, 400 words or less, of your proposed oral presentation or poster. The 400 word limit does not include your learning objectives.</s>
    <s>Please ensure correct spelling. Please do not resubmit the same abstract under different conference tracks.</s>
    <s>If selected, your abstract will be printed in the Conference Program Guide and posted on the Conference website.</s>
    <s>Sample Abstract:</s>
    <s>Title: Navigating the political obstacles of MUH policy adoption</s>
    <s>Many Californians who live in multi-unit housing (MUH) are also at risk of breathing secondhand smoke (SHS) that drifts from neighboring units, balconies, and outdoor areas. According to a 2004 survey, 46% of California renters have experienced SHS drift into their apartment, while a 2006 survey found that 63% of Latino renters experienced the same problem. Based on the Communities of Excellence needs assessment, the California County Local Lead Agency (LLA) developed an objective to have at least five cities adopt a policy that restricted smoking in individual units of MUH (including balconies and patios). The LLA conducted intervention activities to provide communities, cities, and leaders with information and education to address the issue of exposure to SHS in MUH. Process data evaluation activities were conducted to document the problem, guide the development of the strategy chart, provide information about needed intervention modifications, and document the process of the intervention. As a result, three cities (Chocolate, Strawberry, and Vanilla) adopted a policy to reduce SHS exposure in MUH. Many lessons were learned, including:</s>
    <s>1. Adopting strong MUH policies is a long-term process and that may include the adoption of an initial policy and provisions later added to expand its scope.</s>
    <s>2. Effective communication with tenants' rights organizations is needed to increase awareness and provide information regarding the implementation of the MUH policy.</s>
    <s>3. A strong and active coalition is critical in engaging the community and building support to reduce exposure to SHS in MUH.</s>
    <s>4. Educating city elected officials and staff on the issues of SHS exposure in MUH is critical to their gaining a complete understanding of the problem and options to address the issue.</s>
    <s>5. Providing ongoing technical assistance and training to build the capacity of tobacco control advocates to work with the community is essential to campaign success.</s>
    <s>Recommendations to build on the successes and learn from the challenges and barriers encountered include identifying cities where there is strong community support for tobacco control and have leaders who are receptive to learning about policies to reduce exposure to SHS in MUH; build relationships with city staff and officials to help facilitate the provision of technical assistance during the policy implementation phase; and learn and engage other types of housing campaigns such as the Green Building Movement and Leadership in Energy and Environmental Design (LEED) Certification.</s>
    <s>Your Abstract:</s>
    <s>Words left:</s>
    <s>Learning Objectives</s>
    <s>Please specify 3 learning objectives that will be accomplished in your oral presentation or poster.</s>
    <s>Sample Learning Objectives:</s>
    <s>1. Identify and learn about the strengths and weaknesses of selected intervention activities</s>
    <s>2. Identify the political barriers and challenges to adoption and implementation of legislated MUH policies.</s>
    <s>3. Identify and understand how stakeholders and non-public health organizations can help facilitate the adoption of MUH policies.</s>
    <s>Your Learning Objectives:</s>
    <s>Objective 1:*</s>
    <s>Objective 2:*</s>
    <s>Objective 3:*</s>
    <s>Discussion Questions</s>
    <s>(Applies only to abstract submissions for conference track 1 and 2. Optional at time of abstract submission). We are looking to make these conference tracks more interactive for attendees and create small group strategy sessions. Please specify up to 3 potential discussion questions that will help attendees expand their understanding of the topic, explore how they might apply it to their own communities, and/or how to overcome the barriers and challenges to achieve success or implement interventions.</s>
    <s>Question 1:</s>
    <s>Question 2:</s>
    <s>Question 3:</s>
    <s>Preferences: Oral Presentation or Poster?*</s>
    <s>Oral presentation only (estimated time allotted per presentation will be 15-20 minutes on Day 3)</s>
    <s>Poster session only</s>
    <s>Either oral presentation or poster session</s>
    <s>Note: Submitted abstracts may be recommended for a conference track other than what was indicated on the submission form. Lead presenters will be contacted to determine willingness and appropriateness of any recommended changes by the peer review committee before conference track assignments are created.</s>
    <s>Abstract Withdrawal</s>
    <s>Those wishing to withdraw an abstract must contact Caroline Kurtz no later than November 14, 2011.</s>
    <s>Important Reminders</s>
    <s>Abstract submitters will be notified by email of the status of their abstract by November 22, 2011. At that point, further instructions will be shared.</s>
    <s>Presenters of successful abstract submissions must register for the conference before the deadline (tentatively registration begins November 7, 2011 and ends March 30, 2012).</s>
    <s>Please ensure your information is accurate before you hit the submit button; the abstract submission form cannot be revised after it is submitted.</s>
  </text>
</page>
