<?xml version="1.0" encoding="UTF-8"?>
<!DOCTYPE page SYSTEM "page.dtd">
<page>
  <lang>fr</lang>
  <url>http://w3.uqo.ca/moreau/publications.htm</url>
  <title>André C. Moreau</title>
  <snippet>
    <s>ECER 2010: European Conference on Educational Research. .. et inclusion au préscolaire, Conférencier invité dans le cadre Café conférence, Département des Dans Actes de colloque du Congrès de l&#39;European Educational Research </s>
  </snippet>
  <text>
    <s>Publications et communications</s>
    <s>Dans les rubriques ci-dessous, vous avez acces a quelques publications et communications realisees au cours des annees. Mes publications refletent trois principaux axes de ma recherche. Les publications sur l'education inclusive ont pris de l'importance au cours des dernieres annees. D'autres publications abordent les concepts de partenariat et de collaboration dans les domaines d'intervention en sante mentale ou en deficience intellectuelle. Enfin, quelques communications et publications traitent des apprentissages de la lecture et de l'ecriture des la petite enfance.</s>
    <s>Types de publications et de communications</s>
    <s>Revues avec comite lecture</s>
    <s>Revues sans comite lecture</s>
    <s>Communications arbitr</s>
    <s>Communications non arbitrees</s>
    <s>Contributions n ouvrage collectif</s>
    <s>Rapports de recherche</s>
    <s>A utre production</s>
    <s>Les textes disponibles sont au format PDF. Ces textes peuvent e lus avec Acrobate Raeder (cliquez sur l'icci-dessous pour tcharger la derni version)</s>
    <s>. !</s>
    <s>R evues avec comite lecture</s>
    <s>Leclerc, M. et Moreau, A. C. (soumis juillet 2011). Factors that promote Progression in Schools Functioning as a Professional Learning Community. International Journal of Educational Policy &amp; Leadership .</s>
    <s>Leclerc, M. et Moreau, A. C. (accepte 2011). Communaute d'apprentissage professionnelles dans huit ecoles inclusives de l'Ontario. Éducation et francophonie .</s>
    <s>Moreau, A. C., Leclerc, M. et Stanke, B. (soumis 21 decembre 2010). L'observation et la regulation: retombees sur l'apprentissage de competences en litteratie. Recherches en Éducation .</s>
    <s>Moreau, A. C. et Leclerc, M. (Accepte 2010). Les donnees d'apprentissage en lecture favorisant une intervention centree sur les besoins de l'eleve. Revue Lettrure .</s>
    <s>Ruel, J., Kassi, B., Moreau, A.C. et Larissa Mbida, S. (soumis mai 2010). Demarche pour soutenir la conception d'une information accessible, Revue francophone de la deficience intellectuelle.</s>
    <s>Ruel, J. et Moreau, A. C. (2010). Pour en connaitre davantage sur la transition vers le prescolaire, Revue francophone de la deficience intellectuelle, Actes du XXe Colloque thematique annuel &quot; Une demarche a orchestrer pour des transitions harmonieuses&quot;, 95-103.</s>
    <s>Moreau, A.C. et Leclerc, M. (2011). Intervention centree sur l'eleve et retombees sur les apprentissages en lecture et ecriture. Revue Lettrure. 1, 25-41.</s>
    <s>Leclerc, M., Moreau, A.C. et Clement, N. (2011). Communaute d'apprentissage professionnelle: implantation de nouvelles pratiques, amelioration du sentiment d'efficacite et impacts sur les eleves. Revue pour la recherche en education, 1 , 1-27.</s>
    <s>Ruel, J., Moreau, A.C., Normand, C. L. et Leclair-Arvisais (2010). Intervention precoce intensive en contexte inclusif pour les enfants de 2-5 ans presentant une deficience intellectuelle. Revue francophone de la deficience intellectuelle, 21 , 90-100.</s>
    <s>Moreau, A.C. et Leclerc, M. (2009). Recherche de sens chez les enseignants au regard des relations entre l'oral, la lecture et l'ecriture. Caracteres, Revue de l'Association belge pour la lecture (ABLF) , 33 , 34-40.</s>
    <s>Leclerc, M., Moreau, A.C. et Rainville, G. (2009). Au-dela des murs : Impacts du travail collaboratif des enseignants sur la reussite en lecture et en ecriture. Caracteres, Revue de l'Association belge pour la lecture (ABLF), 34 (3), 46-51.</s>
    <s>Normand, C., Moreau, A. C., Ruel, J. et Bergeron, S. (2009). Impacts de l'intervention comportementale intensive en contexte d'inclusion, Revue francophone de la deficience intellectuelle, 20 , 56-64.En ligne http://www.rfdi.org/files/NORMAND v20 2.pdf</s>
    <s>Ruel, J., Moreau, A. C. et Bourdeau, L. (2008). Demarche de transition planifiee et continuite educative, Revue Francophone de la Deficience Intellectuelle. 19, 41-48. En ligne http://www.rfdi.org/files/RUEL v19.pdf</s>
    <s>Montgomery, C., Moreau, A. C. et Morin, Y. (2008). Trouble du deficit de l'attention avec ou sans hyperactivite et trouble de l'humeur: Recension des ecrits. Revue Quebecoise de Psychologie , 29 (1), 233-258.</s>
    <s>Moreau, A. C., Herry, Y. et Maltais, C. (accepte en 2007). Impacts d'un Programme virtuel de formation et de soutien en education inclusive: resultats sur les attitudes, les apprentissages et les besoins de formation. La Revue Canadienne de l'Apprentissage et de la Technologie.</s>
    <s>Leclerc, M., Moreau, A. C. et Leclerc-Morin, M. (2007). Modele de reussite d'une communaute d'apprentissage professionnelle: La dynamique causale comme outil de dialogue et d'analyse. Éducation et francophonie: Publication de l'association canadienne d'education de langue française (ACELF ), XXXV (2), 153-171. En ligne : http://www.acelf.ca/c/revue/sommaire.php?id=22</s>
    <s>Ruel, J., Moreau, A. C. et Bourdeau, L. (2007). Soutenir une transition de qualite vers le prescolaire: ce qu'en pense un groupe d'intervenants de l'Outaouais. Revue francophone de la deficience intellectuelle, 18 , 5-9. En ligne : http://www.rfdi.org/index.php?q=node/339</s>
    <s>Moreau, A. C. et Pharand, J. (2005). La collaboration enseignants-parents pour le mieux-etre des enfants. Entrevue avec Jean-Pierre Pourtois. Site de l'adaptation scolaire et sociale de langue française. En ligne: http://www.adaptationscolaire.org/themes/entretien.htm</s>
    <s>Moreau, A. C., Robertson, A. et Ruel, J. (2005). De la collaboration au partenariat: analyse des recensions anterieures et prospective. Revue Éducation et francophonie , XXXIII (2), 142-160. En ligne : http://www.acelf.ca/c/revue/index.php</s>
    <s>Pharand, J. et Moreau, A. C. (2005). Les dimensions identitaire et emotionnelle dans l'enseignement: Entrevue avec Moncef Guitouni. Site de l'adaptation scolaire et sociale de langue française. En ligne : http://www.adaptationscolaire.org/themes/entretien.htm</s>
    <s>Revues sans comite de lecture</s>
    <s>Sallafranque St-Louis, F., Normand, C., Ruel, J., Moreau, A.C. et Boyer, T. (accepte aout 2011). Questionnement sur l'inclusion et la participation socilale des enfants ayant une deficience intellectuelle ou un trouble envahissant du developpement, Revue francophone de la deficience intellectuelle.</s>
    <s>Leclerc, M., Clement, N., et Moreau, A. C. (2011). L'implantation d'une communaute d'apprentissage professionnelle: l'experience d'une ecole novatrice en lecture. Vie pedagogique, 156.</s>
    <s>Leclerc, M. et Moreau, A. C. (2011). Quelques conditions incontournables pour implanter une communaute d'apprentissage professionnelles. Vivre le primaire . 24 (2), 44-47.</s>
    <s>Ruel, J. et Moreau. A. C. (accepte en 2010). Repenser ses pratiques en matiere de transition vers le prescolaire. Vie pedagogique.</s>
    <s>Leclerc, M. et Moreau, A.C. (2010). Comment les donnees d'apprentissage contribuent-elles a une intervention centree sur les besoins de l'eleve en lecture?, AQEP Vivre le primaire, 23 (1), 46-47.</s>
    <s>Leclerc, M., et Moreau, A.C. (2010). Comment utiliser les donnees d'observation pour la reussite en lecture, AQEP, Vivre le primaire , 23 (1), 46-47.</s>
    <s>Leclerc, M., et Moreau, A. C. (2010). La diffusion de l'expertise au sein de la communaute d'apprentissage professionnelle comme levier a la reussite des eleves. Le point en administration scolaire , 12 (4), 22-28.</s>
    <s>Leclerc, M., Moreau, A. C., et Clement, N. (2010). L'implantation d'une communaute d'apprentissage professionnelle: l'experience d'une ecole novatrice en lecture. Vie pedagogique , 156 . En ligne : http://www.mels.gouv.qc.ca/sections/viepedagogique/155/index.asp</s>
    <s>Ruel, J. et Moreau, A. C. (2010). Faciliter la premiere rentree scolaire. Des outils pour tous. L'Express. Revue de la Federation Quebecoise de l'autisme et des autres trouble d'envahissant du developpement, Printemps (3), 34-35.</s>
    <s>Ruel, J. et Moreau, A.C. (2010). Le programme IPI: l'evaluation au soutien de l'intervention, Consortium national de la recherche en inclusion sociale - CNRIS, 19 mai 2010, p. 26 .</s>
    <s>Leclerc, M. et Moreau, A. C. (2009). La reussite des eleves en lecture au coeur du travail collaboratif , Le Journal de l'immersion , 31 (1), 24-33.</s>
    <s>Communications arbitrees</s>
    <s>Normand, C., Sallafranque-St-Louis, F., Ruel, J., Moreau, A.-C., et Boyer, T. Measuring Barriers and Accommodations to Social Inclusion and Participation of Children with an Intellectual or Developmental Disability. Congres de l'Association Canadienne des Études sur l'Incapacite (Canadian Disability Studies Association), 2011.</s>
    <s>Ruel, J., Moreau, A. C., et Normand, C. L. L'evaluation du programme IPI au service de l'intervention et de la recherche . Colloque thematique annuel de l'Institut quebecois de la deficience intellectuelle, Orford Qc., 5 et 6 novembre 2010.</s>
    <s>Leclerc, M. et Moreau, A C., et Clement, N. Factors affecting the Progression of Schools as Professional Learning Communities: a Multi-case Study of Canadian French-language Elementary Schools. ECER 2010: European Conference on Educational Research. Helsinki, Finlande, 27 aout 2010.</s>
    <s>Moreau, A. C., Leclerc, M., Prud'Homme, R. et Stanke, B. French-language Schools in Ontario(Canada) Working as Professional Learning Communities: Their Impact on Reading Achievement. Colloque intitule Increasing Academic Success through Distributed Pedagogical Leadership, Congres de l'ECER European educational research association , Helsinki, Finland, 27 aout 2010.</s>
    <s>Moreau, A. C., Prud'Homme, R. et Leclerc, M. French-language Schools in Ontario(Canada) Working as Professional Learning Communities: Their Impact on Reading Achievement. Colloque intitule Increasing Academic Success through Distributed Pedagogical Leadership, Congres de l'ECER European educational research association , Helsinki, Finland, 20 aout 2010.</s>
    <s>Kassi, B., Larissa Mbida, S., Moreau, A.C., Ruel, J. et Hamilton, K. Criteres pour une information accessible, lisible et intelligible. Oser la rencontre… source d'energie, XXVIIIe Congres scientifique de l'Association quebecoise de l'integration sociale, Colloque Recherche Defis 2010, Shawinigan, 28 mai 2010.</s>
    <s>Ruel, J., Moreau, A.C., Normand, C. L., et Leclair-Arvisais, L. Intervention precoce intensive pour les enfants DI 2-5 ans en contexte inclusif, Oser la rencontre… source d'energie, XXVIIIe Congres scientifique de l'Association quebecoise de l'integration sociale, Colloque Recherche Defis 2010, Shawinigan, 28 mai 2010.</s>
    <s>Kassi, B., Larissa Mbida, S., Ruel, J. et Moreau, A. C. Criteres pour une information accessible, lisible et intelligible. 78ieme Congres de l'Association francophone pour le savoir (ACFAS), Montreal: Universite de Montreal, 10 mai 2010.</s>
    <s>Ruel, J. et Moreau A. C. Competences reduites en litteratie et situation de handicap:ou en sommes-nous. 78ieme Congres de l'Association francophone pour le savoir (ACFAS), Montreal: Universite de Montreal, 10 mai 2010.</s>
    <s>Moreau, A. C. et Ruel, J. Programme d'intervention precoce intensive pour les enfants de 2 a 5 ans en contexte inclusif. Une logique inclusive pour les personnes en situation de handicap, 11eme Congres de l'Association Internationale de Recherche scientifique en faveur des personnes Handicapees Mentales (AIRHM). Mons, Belgique, 8 avril 2010.</s>
    <s>Ruel, J. et Moreau, A. C. État de situation et pistes d'action au regard de la litteratie pour les personnes vivant une situation de handicap. Une logique inclusive pour les personnes en situation de handicap, 11eme Congres de l'Association Internationale de Recherche scientifique en faveur des personnes Handicapees Mentales (AIRHM). Mons, Belgique, 8 avril 2010.</s>
    <s>Ruel, J. et Moreau, A. C. Des strategies pour soutenir la premiere transition scolaire. Une logique inclusive pour les personnes en situation de handicap, 11eme Congres de l'Association Internationale de Recherche scientifique en faveur des personnes Handicapees Mentales (AIRHM). Mons, Belgique, 8 avril 2010.</s>
    <s>Ruel, J. et Moreau, A.C. Les transitions: periode a risque ou tremplin pour le developpement. XXe Colloque de l'Institut quebecois de la deficience intellectuelle (IQDI), Une demarche a orchestrer pour des transitions harmonieuses! , 6 novembre 2009.</s>
    <s>Moreau, A.C. et Ruel, J. Une transition planifiee: un defi qu'il vaut la peine de releverXXe Colloque de l'Institut quebecois de la deficience intellectuelle (IQDI), Une demarche a orchestrer pour des transitions harmonieuses! , 6 novembre 2009.</s>
    <s>Ruel, J. et Moreau, A.C. Carte routiere vers le prescolaire: outil pour faciliter la premiere rentree scolaire. XXe Colloque de l'Institut quebecois de la deficience intellectuelle (IQDI), Une demarche a orchestrer pour des transitions harmonieuses! , 6 novembre 2009.</s>
    <s>Leclerc, M. et Moreau, A. C. Ce que disent huit ecoles des moyens permettant d'ameliorer leur fonctionnement en communaute d'apprentissage professionnelle, European conference on Educational Research , Viennes, Autriche, Septembre 2009.</s>
    <s>Moreau, C.A., Leclerc, M. et Prud'homme, R. Comment les donnees d'apprentissage contribuent-elles a une intervention centree sur les besoins de l'eleve en lecture? 16th European Confrence on Reading, Symposium Pratiques et outils pedagogiques en litteratie en contexte d'inclusion au Canada francophone , Braga, Portugal, 21 juillet 2009.</s>
    <s>Ruel, J. et Moreau, A. C. Litteratie et handicap: vers un changement de perspective. Literacy and disability : towards a shift in perspective . Symposium « Pratiques et outils pedagogiques en litteratie en contexte d'inclusion : vers la reussite pour tous » 16eme Conference europeenne sur la lecture, Braga, Portugal, 20 juillet 2009.</s>
    <s>Leclerc, M., &amp; Moreau, A.C. Liens entre les representations des enseignants et la realite observee dans les changements de pratiques en enseignement de la lecture . Congres des sciences humaines et sociales (SCEE) , Universite de Carleton, Ottawa, 23 mai 2009.(ppt)</s>
    <s>Moreau, A.C., Leclerc, M. et Prud'homme, R. Representations des connaissances et competences en enseignement de la litteratrie et besoins exprimes par les enseignants, Congres des sciences humaines et sociales (SCEE), Universite de Carleton , Ottawa, 23 mai 2009. (ppt)</s>
    <s>Moreau, A.C., Leclerc, M. et Prud'homme, R. L'evaluation au service de la reussite en lecture: Pratiques centrees sur les besoins de l'apprentissage, 77e Congres de l'Association francophone pour le savoir (ACFAS) , Ottawa, 13 mai 2009. (ppt)</s>
    <s>Leclerc, M. et Moreau, A.C. Huit ecoles en mouvement vers la reussite en litteratie. 77e Congres de l'Association francophone pour le savoir (ACFAS) , Ottawa, 13 mai 2009. (ppt)</s>
    <s>Leclerc, M. et Moreau, A.C. Accompagnement professionnel des enseignants par la communaute d'apprentissage: Quelles sont les exigences pour la direction d'ecole? 77e Congres de l'Association francophone pour le savoir (ACFAS) , Ottawa, 12 mai 2009. (ppt)</s>
    <s>Leclerc, M. et Moreau, A. C. Au-dela des murs: Impacts du travail collaboratif des enseignants sur la reussite en lecture et en ecriture. Interaction entre le lire et l'ecrire, Colloque de l'Association belge pour la lecture (ABLF) , Bruxelles, 30 octobre 2008.</s>
    <s>Moreau, A. C. et Leclerc, M. Que disent les enseignants de milieux minoritaires francophone des liens entre l'oral, la lecture et l'ecriture? 3e Colloque International de l'Association Belge pour la Lecture Section Francophone (ABLF), Bruxelles, 30 novembre 2008.</s>
    <s>Ruel, J., Moreau, A. C. et Bourdeau, L. Pour une participation sociale des enfants des l'entree a l'ecole 21e Congres mondial de Rehabilitation International (RI) , Centre des Congres, Quebec, 26 aout 2008.</s>
    <s>Normand, C., Moreau, A. C., Ruel, J. et Bergeron, S. Modele d'intervention comportementale intensive en cotexte d'inclusion, 21e Congres mondial Rehabilitation International (RI), Quebec, 23 aout 2008.</s>
    <s>Moreau, A.C. et Leclerc, M. Évolution de cinq communautes d'apprentissage professionnelles et impacts sur les competences en litteratie des eleves. Congres national sur l'education de la Societe canadienne pour l'etude de l'education (SCÉÉ), Universite de la Colombie-Britannique a Vancouver, Symposium sur la Litteratie et inclusion : contextes de pratiques vari ee s, Vancouver, 31 mai 2008.</s>
    <s>Normand, C., Moreau, A. C., Ruel, J. et Bergeron, S. Impacts de l'intervention comportementale intensive en contexte d'inclusion, 20e Colloque Recherche-defi de l'Institut Quebecoise de la Deficience Intellectuelle (IQDI), Ville de Saguenay, 30 mai 2008.</s>
    <s>Ruel, J., Moreau, A.C., et Bourdeau, L. Demarche de transition planifiee dans trois milieux-ecoles: Enjeux et resultats, XXe Colloque Recherche-defi de l'Institut Quebecoise de la Deficience Intellectuelle (IQDI), Ville de Saguenay, 30 mai 2008.</s>
    <s>Bourdeau, L., Ruel, J. et Moreau, A. C. Demarche d'une transition planifiee: bilan d'une recherche-action intersectorielle. Les transitions en contexte educatif inclusif: ou en sommes-nous?, 76e Congres de l'Association francophone pour le savoir (ACFAS) , Quebec, 9 mai 2008.</s>
    <s>Moreau, A. C. Les contextes educatifs inclusifs et les transitions scolaires. Colloque intitule Les transitions en contexte educatif inclusif: ou en sommes-nous? 76e Congres de l'Association francophone pour le savoir (ACFAS), Quebec, 9 mai 2008</s>
    <s>Moreau, A. C. et Leclerc, M. Cinq communautes d'apprentissage en action: Évolution du travail en communaute d'apprentissage professionnelle visant l'amelioration de la litteratie. 76e Congres de l'Association francophone pour le savoir (ACFAS), Quebec, 8 mai 2008.</s>
    <s>Leclerc, M. et Moreau, A. C. Les facteurs affectant l'acquisition de la lecture dans cinq ecoles francophones du Sud-Ouest de l'Ontario, Colloque de l'Association canadienne d'education de langue française, Toronto, 28 septembre 2007.</s>
    <s>Leclerc, M.et Moreau, A. C. Les facteurs affectant l'acquisition de la lecture dans cinq ecoles francophones du Sud-Ouest de l'Ontario. 60e Congres de l'Association canadienne d'education de langue française (ACELF): La francophonie dans tous ses eclats , septembre 2007.</s>
    <s>Moreau, A. C., Leclerc, M. et Landry, L. Émergence de competences en litteratie et resultats lies aux strategies pedagogiques. 15th European Conference on Reading , Belin, 7 August 2007. (pdf-angl; pdf-fr. )</s>
    <s>Moreau, A. C., Leclerc, M. et Landry, L. Savoirs scientifiques de l'apprentissage de la lecture faisant echo aux pratiques innovantes de communautes d'apprentissage professionnelles franco-canadiennes. 15th European Conference on Reading, Belin, 7 aout 2007. (Version pdf-ang, version ppt-fr.)</s>
    <s>Leclerc, M., Moreau, A.C. et Leclerc-Morin, M. Regards croises sur les facteurs influençant le rendement de l'eleve en lecture: une etude multicas en milieu francophone minoritaire. 15th European Conference on Reading: Checkpoint Literacy , Berlin, 7 aout 2007</s>
    <s>Ruel, J., Bourdeau, L. et Moreau, A. C. Recherche-action: pour soutenir une transition de qualite vers le prescolaire. 35e Congres de l'Association Quebecoise de l'Integration Sociale : À bas les masques Accueillons les differences , Gatineau, juin 2007.</s>
    <s>Moreau, A. C. et collaborateurs. L'impact d'une sequence d'activites a l'oral et a l'ecrit sur les competences emergentes en litteratie. 75e Congres de l'Association francophone pour le savoir (ACFAS): L'Esprit en mouvement , Universite du Quebec a Trois-Rivieres, mai 2007.</s>
    <s>Moreau, A. C. et collaborateurs. Portrait des roles et representations de l'inclusion des communautes adultes franco-canadiennes au prescolaire. Forum 2006 sur la participation pour une inclusion des personnes en situation de handicap, de l'Association internationale de Recherche scientifique en faveur des personnes Handicapees Mentales (AIRHM), Lausanne, 24 aout 2006.</s>
    <s>Moreau, A. C. et Landry, L. Clin d'oeil sur les pratiques educatives favorisant les competences en litteratie. 74e Congres de l'Association francophone pour le savoir ( ACFAS ), Montreal, Universite McGill, mai 2006.</s>
    <s>Moreau, A. C. et Normand, C. Representations du role des intervenants en services prescolaires inclusifs. Association Americaine du Retard Mental (AARM), Montreal, mai 2006.</s>
    <s>Moreau, A. C., Maltais, C. et Herry, Y. Communautes d'apprentissage d'adultes en services prescolaires: Programme virtuel de perfectionnement et de soutien en educatives inclusives et impact sur les attitudes des communautes canadiennes françaises. C ongres des sciences humaines et sociales (SCÉÉ) - La communaute canadienne des chercheurs en education, York University, Toronto , 28 mai 2006.</s>
    <s>Ruel, J. et Moreau, A. C. L'importance des transitions: Les savoirs partages lors de la transition vers la maternelle d'enfants presentant une deficience intellectuelle. XVI Colloque thematique annuel de l'Institut quebecoise de la deficience intellectuelle (IQDI): Heureux qui communique , Trois-Rivieres, novembre 2005.</s>
    <s>Moreau, A. C., Maltais, C., Herry, Y. et Larouche, N. Éducation inclusive au prescolaire: communautes virtuelles d'apprenants. 73e Congres de l' Association Francophone pour le Savoir (ACFAS): Innovations durables , Chicoutimi, Universite du Quebec a Chicoutimi, mai 2005.</s>
    <s>Moreau, A. C., Maltais, C., Herry, Y. et Larouche, N. Communautes educatives inclusives- Programme virtuel de formation et de soutien en education inclusive: impacts a court terme. Congres International sur la Recherche en Éducation en Milieux Minoritaires de Langue Française (CIRÉM), Universite d'Ottawa, avril 2005.</s>
    <s>Moreau, A. C., Montgomery, C. et George, N. Le trouble deficitaire d'attention avec ou sans hyperactivite (TDAH) et les troubles affectifs,. Congres International sur la Recherche en Éducation en Milieux Minoritaires de Langue Française (CIRÉM) , Ottawa, Universite d'Ottawa, avril 2005.</s>
    <s>Communications non arbitrees</s>
    <s>Leclerc, M. et Moreau, A. C. Implantation de communautes d'apprentissage professionnelles dans huit ecoles inclusives. Communication presentee au centre de formation generale des adultes L'Arrimage. Gatineau, 30 mars 2011.</s>
    <s>Leclerc, M. et Moreau, A. C. Formation et accompagnement et retombees sur la reussite des eleves. Chercheurs invites au Conseil scolaire de district catholique Centre-Sud. Toronto, 2 fevrier 2011.</s>
    <s>Ruel, J., Normand, C. L. et Moreau, A. C. L'evaluation des programmes IPI et ICI. Conferenciers invites, Gatineau, Pavillon du Parc, 20 janvier 2011. (pdf) (ppt)</s>
    <s>Leclerc, M. et Moreau, A. C. Travail en CAP: Importance des donnees d'apprentissage. Communication presentee au Conseil des ecoles publiques de l'Est de l'Ontario. Ottawa, 31 janvier 2011.</s>
    <s>Leclerc, M. et Moreau, A. C. Ensemble pour la reussite en litteratie. Rapport 2010 sur les changements de pratiques en litteratie et la reussite des eleves. Chercheurs invites au Conseil scolaire de district catholique Centre-Sud. Toronto, 13 decembre 2010. (pdf ) (ppt)</s>
    <s>Ruel, J., Moreau, A. C., Berube, A. et April, J. Les pratiques transitionnelles lors de la rentree au prescolaire des enfants de milieux defavorises ou en difficulte. État de situation, evaluation de l'implantation du Guide sur les strategies de transition au prescolaire et evaluation de ses retombees, Conferenciers invites, Gatineau - MELS, 26 novembre 2010. (pdf) (ppt)</s>
    <s>Leclerc, M. et Moreau, A.C. Accompagnement d'une equipe ecole de la region de Quebec: etat de situation. Seminaire de formation et d'accompagnement, Quebec: ecole Notre-Dame-du-Canada, 27 et 28 octobre 2010. (pdf)</s>
    <s>Moreau, A.C. et Leclerc, M. Ensemble pour la reussite en litteratie. Seminaire de formation et d'accompagnement, St-Jerome: Universite du Quebec en Outaouais, 25 octobre 2010. (pdf)</s>
    <s>Leclerc, M. et Moreau, A.C. Communaute d'apprentissage professionnelle. Seminaire de formation et d'accompagnement, St-Jerome: Universite du Quebec en Outaouais, 25 octobre 2010. (pdf)</s>
    <s>Ruel, J. et Moreau, A. C. La premiere rentree scolaire: une transition a planifier35eme Congres de l'Association quebecoise des troubles d'apprentissage (AQETA), Montreal, 26 mars 2010.</s>
    <s>Leclerc, M. et Moreau, A. C. Les donnees d'apprentissage au profit de la reussite en litteratie, Colloque Perseverance et reussite scolaires, consortium Outaouais pour la recherche en perseverance et en reussite scolaire (COREPER), Universite du Quebec en Outaouais, 18 fevrier 2010.</s>
    <s>Ruel, J. et Moreau, A.C. En route vers le prescolaire. Conferenciers invites, Comite nationale deducation prescolaire , Montreal : Ministere de l'Éducation, Loisir et Sport du Quebec, 10 et 11 decembre 2009.</s>
    <s>Ruel, J., Moreau, A.C. et April, J. La transition vers le prescolaire. Conferenciers invites, Rencontre nationale des gestionnaires de l'education , Quebec: Ministere de l'Éducation, Loisir et Sport du Quebec, 10 et 11 novembre 2009.</s>
    <s>Moreau, A.C. et Ruel, J. Carte routiere vers le prescolaire vers le prescolaire : Guide pour soutenir une transition de qualite des enfants ayant des besoins particuliers. Conferenciers invites, Rencontre nationale des gestionnaires de l'education , Quebec: Ministere de l'Éducation, Loisir et Sport du Quebec, 10 et 11 novembre 2009.</s>
    <s>Ruel, J. et Moreau, A.C. Des strategies… pour soutenir des transitions de qualite vers le prescolaire. Conferenciers invites, Rencontre nationale des gestionnaires de l'education , Quebec: Ministere de l'Éducation, Loisir et Sport du Quebec, 10 et 11 novembre 2009.</s>
    <s>Moreau, A.C. et Ruel, J. Une transition planifiee: un defi qu'il vaut la peine de releverXXe Colloque de l'Institut quebecois de la deficience intellectuelle (IQDI), Une demarche a orchestrer pour des transitions harmonieuses! , 6 novembre 2009.</s>
    <s>Ruel, J. et Moreau, A.C. Carte routiere vers le prescolaire: outil pour faciliter la premiere rentree scolaire. XXe edition du Colloque de l'Institut quebecois de la deficience intellectuelle (IQDI), Une demarche a orchestrer pour des transitions harmonieuses! , 6 novembre 2009.</s>
    <s>Leclerc, M. et Moreau, A. C. Toujours plus loin en litteratie, Toronto</s>
    <s>Julien, F. et Moreau, A. C. Seminaire sur le passage de l'ecole a la vie active, Federation des mouvements personne d'abord du Quebec, Congres 2009, colloque intitule Au dela des apparences, croyez en nos forces et nos competences , Trois-Rivieres, 11 septembre 2009.</s>
    <s>Moreau, A. C., Ruel, J. et Bourdeau, L. Enjeux et strategies pour soutenir une transition de qualite au prescolaire. Je prepare mon sac a dos Ici-maintenant, pour demain Colloque regional de l'adaptation scolaire: Universite du Quebec en Outaouais, Gatineau, 20 aout 2009.</s>
    <s>Ruel, J. et Moreau, A. C. La transition vers le prescolaire : une transition a planifier. Les chemins de la diversite des recherches en education, Colloque du doctorat-reseau en education, UQAR-campus Levis, 19, 20 et 21 aout 2009.</s>
    <s>Moreau, A. C., Bourdeau, L. et Ruel, J. Jeu et enjeux d'une transition de qualite vers le prescolaire fruit d'une reussite. 28e Congres Annuel de l'Association d'Éducation Prescolaire du Quebec, Gatineau, 7 novembre 2008.</s>
    <s>Leclerc, M. et Moreau, A.C. Vers la reussite en litteratie: Ou en sommes nous? Communication presentee au Conseil scolaire de district du Centre-Sud de Toronto et dans huit ecoles du district, 29 septembre au 3 octobre 2008.</s>
    <s>Ruel, J, Moreau, A. C., Bourdeau, L. et Lehoux, N. Un repertoire de strategies pour facilite la transition vers le prescolaire. 26e Congres de l'Association Quebecoise de l'Integration Sociale (AQIS): Je veux Je peux Qu'on se le dise!, Ville de Saguenay, 30 mai 2008.</s>
    <s>Moreau, A. C. Services educatifs inclusifs: Clin d'oeil sur les retombes positives. Conferencier invite a l'Assemblee annuelle d'information du Pavillon du Parc, Presentation sur les Services de Garde Inclusifs, Gatineau, 13 novembre 2007 .</s>
    <s>Moreau, A. C. Litteratie et inclusion: Competences en litteratie et inclusion au prescolaire, Conferencier invite dans le cadre Cafe conference , Departement des sciences de l'education, Universite d'Ottawa, Ottawa: 19 avril 2007.</s>
    <s>Moreau, A. C., Normand, C., Bergeron, S., &amp; Maheu, R. État des recherches et modele d'intervention comportementale intensive en contexte d'inclusion, XXVe Congres de l'Association Quebecoise de l'Integration Sociale : À bas les masques Accueillons les differences , Gatineau, juin 2007.</s>
    <s>Moreau, A. C. Impact social de l'integration. Conferencier invite, Journee des Partenaires Fiers d'Integrer , Le Regroupement des centres de la petite enfance de la Monteregie (RCPEM), Boucherville, Universite du Quebec en Outaouais, 16 novembre 2006.</s>
    <s>Ruel, J., Bourdeau, L. et Moreau, A. C. Carte routiere pour soutenir une transition de qualite des enfants EHDAA vers le prescolaire. Congres Regionale en Adaptation Scolaire , Gatineau, novembre 2006.</s>
    <s>Ruel, J., Bourdeau, L. et Moreau, A. C. Resultat de l'implantation de Carte routiere pour soutenir une transition de qualite des enfants EHDAA vers le prescolaire. 25e Congres de l'Association Quebecoise de l'Integration Sociale: À bas les masques Accueillons les differences de l'AQIS, 5 juin 2006.</s>
    <s>Moreau, A. C. Role des intervenants en services educatifs inclusifs: representation et innovations. Colloque Prix Defi , prepare par l'Association pour l'integration communautaire de l'Outaouais , Gatineau, du 12 au 18 mars 2006.</s>
    <s>Moreau, A. C., Maltais, C. et Herry, Y. (2005). L'education inclusive au prescolaire: Accueillir l'enfant ayant des besoins particuliers . Anjou: Les editions CEC.</s>
    <s>Moreau, A. C. et Boudreault, P. (2002). Strategies d'inclusion: guide pour les parents et le personnel du prescolaire, visant a favoriser l'emergence d'une communaute inclusive . Groupe de recherche Vision-Inclusion. Hull : Universite du Quebec a Hull.</s>
    <s>Boudreault, P. et Moreau, A. C. (2002). Strategies for Promoting Inclusion Community: A Guide fore Parents and Preschool, the Emergence of an Inclusive Community. Groupe de recherche Vision-Inclusion. Hull: Universite du Quebec a Hull.</s>
    <s>Contributions a un ouvrage collectif et actes de colloque</s>
    <s>Moreau, A. C., Boyer, T., Ruel, J., Leclair-Arvisais, L. et Sallafranque St-Louis, F. (soumis). Programme d'intervention precoce pour les enfants de 2-5 ans ayant une deficience intellectuelle en contexte d'inclusion: corollaires d'implantation. Dans Sebastien Fauconnier, Societe en developpement durable: une logique inclusive pour les personnes en situation de handicap? Mons: Universite de Mons, texte soumis le 15 decembre 2010.</s>
    <s>Leclerc, M., Moreau, A. C., Guillemette, K. et Clement, N. (2010). How Schools Can Improve their Functioning as Professional Learning Communities. Dans Actes de colloque du Congres de l'European Educational Research Association - ECER, Helsinki, Finlande, 27 aout 2010.</s>
    <s>Leclerc, M., Moreau, A. C., Guillemette, K. et Clement, N. (2010). Factors affecting the Progression of Schools as Professional Learning Communities: a Multi-Case Study of Canadian French-language Elementary Schools. Dans Actes de colloque du Congres de l'European Educational Research Association - ECER, Helsinki, Finlande, 26 aout 2010.</s>
    <s>Moreau, A. C. (2010). Enseignante et enseignant inclusifs, dans Nadia Rousseau, La pedagogie de l'inclusion scolaire: Piste d'action pour apprendre tous ensemble 2e edition, Sainte-Foy, Quebec, Presses de l'Universite du Quebec, p. 147-168.</s>
    <s>Moreau, A. C., Leclerc, M., Prud'Homme, R., et Stanke, B. (2010). An Exploration of Professional Learning Communities and Their Impact on Reading Achievement. Conference publiee dans les Actes de colloque de l'European Conference on Educational Research - CER 2010, Education and Cultural Change. Helsinki, Finland, 27 August 2010.</s>
    <s>Ruel, J. et Moreau, A.C. (2010). Pour en connaitre davantage sur la transition vers le prescolaire. Dans Institut quebecois de la deficience intellectuelle (Dir.), Actes du XXe Colloque thematique annuel « Une demarche a orchestrer pour des transitions harmonieuses » . Montreal : IQDI - Les Éditions de la collectivite, p. 95-103.</s>
    <s>Ruel, J., Leclair-Arvisais, L. et Moreau, A. C.(2010). Litteratie et handicap: État de situation et pistes a explorer, dans Manon Hebert et Lizanne Lafontaine, Litteratie et inclusion Outils et pratiques pedagogiques, collection Intervention, Quebec : Presses de l'Universite du Quebec, p. 13-36 .</s>
    <s>Moreau, A. C., Leclerc, M. et Landry, L. (2010). Les ateliers de lecture et d'ecriture en soutien a la differenciation pedagogique: Compte-rendu d'experiences d'enseignement-apprentissage. Dans Manon Hebert et Lizanne Lafontaine. Litteratie et inclusion Outils et pratiques pedagogiques, collection Intervention, Quebec : Presses de l'Universite du Quebec, p. 37- 55.</s>
    <s>Leclerc, M., Moreau, A. C., Davidson, L. et Dumont, É. (2010). Des outils pour faciliter le fonctionnement de l'ecole en communaute d'apprentissage professionnelle en vue d'ameliorer l'apprentissage de la lecture en contexte d'inclusion. Dans Manon Hebert et Lizanne Lafontaine, Litteratie et inclusion Outils et pratiques pedagogiques, Montreal: Presses de l'Universite du Quebec, collection Intervention. p. 127-146.</s>
    <s>Moreau, A.C. et Leclerc, M. (2009). Learning data underlying interventions based on the reading needs of students, Actes de colloque du 16th European Conference on Reading, Braga, Portugal. (publication versions française, anglaise)</s>
    <s>Leclerc, M., Moreau, A. C. et Lepine, M. (2009). Using Professional Learning Communities to Improve Student Learning in Reading: Better understanding the Stages of Development. 16e Conference Europeenne sur la lecture (ERA), Braga, juillet 2009. En ligne: http://www.eera-ecer.eu/ (Publication versions française et anglaise)</s>
    <s>Leclerc, M., Moreau, A. C. et Lepine, M. (2009). Professional Learning Communities: What Schools are Saying of the Techniques used to Improve Their Performance. European Conference on Educational Research (ECER) . Septembre, 2009. (Publication versions française et anglaise)</s>
    <s>Moreau, A. C. (2009). L'inclusion en services prescolaires franco-canadiens: attitude, representations et roles des intervenants. Dans V. Guerdan, G. Petitpierre, J-P. Moulin et M-C. Haelewyck (Éds.), Participation et responsabilites sociales : Un nouveau pradigme pour l'inclusion des personnes avec une deficience intellectuelle. Bern, Berlin, Bruxelles, Frankfurt, New York, Oxford, Wien: Peter Lang. p. 733-743. CD-ROM. ISBN 978-3-03911-748-2</s>
    <s>Moreau, A. C. et Soucy, V. (2007). L'interaction: les interventions aupres des eleves en difficulte. Dans J. Pharand, P. Bergeron &amp; T. Des Lierres (Eds.), Accompagnement des stagiaires en enseignement: Le defi de la concertation, Actes du colloque de l'AFORME mai 2006, L'Association pour la formation a l'enseignement, Gatineau: Universite du Quebec en Outaouais.</s>
    <s>Moreau, A. C., Herry, Y. et Maltais, C. (2007). Resultats d'une experience de perfectionnement virtuel en education inclusive au prescolaire: Parents et professionnels. Dans Y. Herry &amp; C. Mougeot (Éds.), La recherche en education de langue française en milieu minoritaire (pp. 276-283). Ottawa: Presses de l'Universite d'Ottawa.</s>
    <s>Moreau, A. C., Maltais, C., Herry, Y., Larouche, N. et Gagnon, L. (2006). Impacts immediats d'un programme virtuel de formation et de soutien en education inclusive: resultants sur les attitudes et les apprentissages. Dans H. Gaston, J.-R. Poulin, D. Detraux, M. Boisvert, &amp; M.-C. Haelewyck (Dir.), Deficience intellectuelle: Savoirs et perspectives d'action. Tome 2: Formation, interventions adaptation et soutien social (p. 41-52). Cap-Rouge: Presses Inter Universitaires, 515 p. ISBN 2-89441-094-8.</s>
    <s>Rapports de recherche</s>
    <s>Leclerc, M. et Moreau, A. C. (2010). Ensemble pour la reussite en litteratie. Rapport 2010 sur les changements de pratiques en litteratie et la reussite des eleves. Gatineau : Universite du Quebec en Outaouais, 140 p. ISBN: 978-2-9808330-6-9 (pdf)</s>
    <s>Leclerc, M. et Moreau, A. C. (2009). Toujours plus loin en litteratie. Recherche menee en collaboration avec le Conseil scolaire de district catholique du Centre-Sud. Gatineau: Groupe de recherche en education des communautes inclusives au prescolaire (GRECIP), Universite du Quebec en Outaouais. ISBN 978-2-9808330-5-2. (pdf)</s>
    <s>Leclerc, M. et Moreau, A. C (2008). Vers la reussite en litteratie : Ou en sommes-nous? Cadre theorique . Conseil scolaire de district catholique du Centre-Sud, Gatineau: Universite du Quebec en Outaouais.</s>
    <s>Leclerc, M. et Moreau, A. C (2008). Vers la reussite en litteratie: Ou en sommes-nous? Rapport depose au Conseil scolaire de district catholique du Centre-Sud, Gatineau: Universite du Quebec en Outaouais. ISBN 978-2-9808330-5-2 (pdf)</s>
    <s>Leclerc, M. et Moreau, A.C. (avril 2008). Évolution des pratiques en litteratie et impacts sur les eleves : État des lieux. Rapport depose au Conseil scolaire de district catholique du Centre-Sud, Gatineau: Universite du Quebec en Outaouais.</s>
    <s>Leclerc, M., Moreau, A. C. et Huot-Berger, A. (2007). Cinq communautes d'apprentissage professionnelles. Recherche-action en collaboration avec le Conseil scolaire de district des ecoles catholiques du Sud-Ouest pour le Secretariat de la litteratie et de la numeratie du ministere de l'education de l'Ontario . Gatineau: Universite du Quebec en Outaouais .</s>
    <s>Leclerc, M., Moreau, A. C. et Huot-Berger, A. (2007). Cinq communautes d'apprentissage professionnelles en action. Resultats preliminaires . Recherche-action en collaboration avec le Conseil scolaire de district des ecoles catholiques du Sud-Ouest pour le Secretariat de la litteratie et de la numeratie du ministere de l'education de l'Ontario . Gatineau: Universite du Quebec en Outaouais .</s>
    <s>Leclerc, M., Moreau, A. C. et Huot-Berger, A. (2007). . Gatineau: Universite du Quebec en Outaouais.</s>
    <s>Leclerc, M., Moreau, A. C. et Huot-Berger, A. (2007). L'ecole Saint-Ambroise en action . Conseil scolaire du Sud-Ouest Gatineau: Universite du Quebec en Outaouais .</s>
    <s>Leclerc, M., Moreau, A. C. et Huot-Berger, A. (2007). L'ecole Sainte-Marie en action. Conseil scolaire du Sud-Ouest Gatineau: Universite du Quebec en Outaouais .</s>
    <s>Leclerc, M., Moreau, A. C. et Huot-Berger, A. (2007). L'ecole Saint-Jean-Baptiste en action. Conseil scolaire du Sud-Ouest Gatineau: Universite du Quebec en Outaouais .</s>
    <s>Leclerc, M., Moreau, A. C. et Huot-Berger, A. (2007). L'ecole Saint-Philippe en action. Conseil scolaire du Sud-Ouest Gatineau: Universite du Quebec en Outaouais .</s>
    <s>Leclerc, M., Moreau, A. C. et Huot-Berger, A. (2007). L'ecole George-Vanier en action. Conseil scolaire du Sud-Ouest Gatineau: Universite du Quebec en Outaouais .</s>
    <s>Leclerc, M., Moreau, A. C. et Lepine, M. (2009). Professional Learning Communities: What Schools are Saying of the Techniques used to Improve Their Performance. European Conference on Educational Research ( ECER ), septembre 2009.</s>
    <s>Moreau, A. C., Maltais, C. et Herry, Y. (2004a). Vers des communautes educatives inclusives: Resultats d'un Programme virtuel de formation et de soutien en education inclusive, Rapport de recherche. Gatineau: Groupe de Recherche en Éducation des Communautes Inclusives au Prescolaire (GRECIP), Universite du Quebec en Outaouais. ISBN 2-9808330-1-0.</s>
    <s>Moreau, A. C., Maltais, C. et Herry, Y. (2004b). Formation virtuelle en education inclusive : Resultats sur les attitudes et les apprentissages. Synthese de recherche. Gatineau: Groupe de Recherche en Éducation des Communautes Inclusives au Prescolaire (GRECIP), Universite du Quebec en Outaouais. ISBN2-9808330-2-9.</s>
    <s>Moreau, A. C., Maltais, C. et Herry, Y. (2004). Virtual Learning in Inclusive Education: Findings about Attitudes and Learning - Brief Study Report . Gatineau: Groupe de Recherche en Éducation des Communautes Inclusives au Prescolaire(GRECIP), Universite du Quebec en Outaouais. ISBN2-9808330-3-7.</s>
    <s>Moreau, A. C., Fortin, É. et Clement, J. (2002). Vers une vision commune des services en sante mentale enfance jeunesse: Portrait des services et liens fonctionnels interetablissements en Outaouais. Rapport de recherche subventionnee par la Regie regionale de l'Outaouais. Hull: Universite du Quebec a Hull.</s>
    <s>Moreau, A. C., Fortin, É. e tClement, J.(2002). Vers une vision commune de collaboration interetablissement: Sante mentale enfance jeunesse - portrait des services et liens interetablissements en Outaouais: Resume du rapport de recherche. Rapport de recherche commandite par la Regie regionale de l'Outaouais. Gatineau: Universite du Quebec en Outaouais.</s>
    <s>Autres productions</s>
    <s>Ruel, J., Moreau, A. C., Bourdeau, L. et Lehoux, N. (2008). Carte routiere vers le prescolaire: Guide pour soutenir une transition de qualite des enfants ayant des besoins particuliers. Cederom. En ligne: http:w3.uqo.ca/transition, Gatineau: Groupe de recherche en education des communautes inclusives au prescolaire (GRECIP), Universite du Quebec en Outaouais. ISBN 978-2-9808330-4-5.</s>
    <s>Moreau, A. C., Maltais, C. Herry , Y., Gagnon, L. et Larouche, N. (2004). Éducation inclusive : agir ensemble. Gatineau : Groupe de recherche en education sur les communautes inclusives au prescolaire, Universite du Quebec en Outaouais. Cederom et en ligne: http://w3.uqo.ca/inclusion</s>
    <s>. Universite du Quebec en Outaouais, mise a jour le 15 avril 2010</s>
  </text>
</page>
