<?xml version="1.0" encoding="UTF-8"?>
<!DOCTYPE page SYSTEM "page.dtd">
<page>
  <lang>fr</lang>
  <url>http://economics.ca/2011/fr/call.php</url>
  <title>Association canadienne d&#39;économique - Congrès 2011</title>
  <snippet>
    <s>CEA Home Page &middot; Conference Home Page &middot; Conference Venue &middot; Conference Highlights &middot; Submit a Paper &middot; Conference Program &middot; Participant Directory En soumettant un résumé de communication, l&#39;auteur accepte implicitement d&#39;être mis au programme Toute proposition additionnelle sera automatiquement rejetée. </s>
  </snippet>
  <text>
    <s>!Maple Leaf</s>
    <s>!CEA Logo</s>
    <s>Appel de communications</s>
    <s>Le Congrannuel de 2011 de l'Association canadienne d'nomique (ACE) se tiendra 'Universit'Ottawa. Les sces se tiendront du vendredi 3 juin au dimanche 5 juin, mais quelques sessions conjointes avec des organisations affili se tiendront le jeudi 2 juin.</s>
    <s>L'ACE invite toute personne intssrnter une communication au Congrde 2011 oumettre un rme la communication avant le 18 fier 2011. Les propositions seront accept artir du 1er dmbre 2010 via le site web my.economics.ca.</s>
    <s>Tous les champs de spalisation en nomique sont admissibles. Chaque personne soumettant une proposition de communication sera informde l'acceptation ou du rejet de sa proposition. On prit un taux d'acceptation d'eu pr60%. En soumettant un rme communication, l'auteur accepte implicitement d'e mis au programme comme commentateur ou prdent de sce dans d'autres sessions dans ses champs d'intt, si sa communication est accept Le formulaire sur le site web donnera l'occasion de prser les champs d'intt de chacun.</s>
    <s>On ne peut pas prnter plus qu'une proposition de communication pour le Congr Vous s prie ne pas soumettre plus d'une communication. Toute proposition additionnelle sera automatiquement rejet Un co-auteur peut soumettre un texte additionnel pour lequel vous s lement auteur mais doit le faire srnt.</s>
    <s>En plus du rmon peut soumettre le texte complet de la communication en fournissant un lien n site web qui contient un fichier PDF ou en tchargeant le fichier PDF sur le site web du Congr Il faut que chaque prntateur s'assure qu'une copie du texte de la communication soit entre les mains du prdent de sce et du commentateur au moins deux semaines avant le Congr</s>
    <s>Tous les prntateurs doivent e d inscrits au Congr On peut s'inscrire en ligne via le site web du Congren utilisant le lien PRE-INSCRIPTION. On peut s'inscrire sans devenir membre de l'ACE, mais on recommande fortement de devenir membre en m temps, puisque cela donne acces avantages additionnels sans coupplntaires. On peut attendre de s'inscrire jusqu'e que la dsion d'acceptation de la communication ait rendue, mais les prntateurs de communication doivent s'inscrire avant le 6 avril 2011, autrement la communication sera retirdu programme.</s>
    <s>Le prdent du Comite programme pour le Congrde 2011 est Michael Veall du Drtement de sciences nomiques 'UniversitcMaster.</s>
    <s>Pri d'acheminer toutes correspondance et demandes de renseignements a Directrice grale, Anne Motte 'adresse cea2011@economics.ca. Adresse:</s>
    <s>Anne Motte</s>
    <s>Drtement des sciences nomiques</s>
    <s>Universitu Quc ontr</s>
    <s>CP 8888 Succ Centre-ville</s>
    <s>Montr, QC, H3C 3P8, Canada</s>
    <s>Les groupes et organisations qui drent avoir un bloc de sces doivent entrer en contact avec Anne Motte avant le 28 janvier 2011 pour indiquer leurs prrences. Pour plus de renseignements, voir la section ORGANISATEURS DE SEANCES sur le site web.</s>
    <s>(C) 2011 Association canadienne d'nomique.</s>
    <s>Les pages Web de l'ACE sont mises our par Werner Antweiler.</s>
    <s>valid HTML</s>
  </text>
</page>
