<?xml version="1.0" encoding="UTF-8"?>
<!DOCTYPE page SYSTEM "page.dtd">
<page>
  <lang>fr</lang>
  <url>http://media.baliz-geospatial.com/article/conference-des-usagers-de-jmap</url>
  <title>Conférence des usagers de JMap | BALIZ-MEDIA.com - Magazine ...</title>
  <snippet>
    <s>Article. Conférence des usagers de JMap. 31/10/2007 — Nathalie Michaud Lors des deux premières journées de l&#39;événement, les participants ont pu assister à afin de connaître leurs contextes d&#39;utilisation et pouvoir évaluer les thèmes </s>
  </snippet>
  <text>
    <s>annoncer // a propos // plan du site // contact</s>
    <s>Abonnez-vous a nos bulletins Courriel :</s>
    <s>Accueil | Articles | Blogue | Communiques | Direct | Évenements | Emplois | Planete GÉO-Fr | Repertoire | Bulletins</s>
    <s>Conférence des usagers de JMap</s>
    <s>31/10/2007 — Nathalie Michaud</s>
    <s>La 4e Conférence des usagers de JMap a eu lieu à Montréal du 24 au 26 octobre 2007. Cet événement, qui se tient annuellement, en alternance à Montréal et Paris, a réuni une centaine de participants, utilisateurs de JMap et partenaires de KHEOPS. Il s'agit d'un moment fort pour la communauté de JMap, qui y participe afin d'échanger sur les projets en cours, connaître les développements prévus pour le produit, et acquérir de nouvelles connaissances.</s>
    <s>!4e Conférence des usagers de JMap</s>
    <s>Jacques Charron, président de KHEOPS Technologies lors de l'ouverture, le 26 octobre 2007. (Cliquez ici pour grand format).</s>
    <s>JMap, produit phare de la compagnie montréalaise KHEOPS Technologies, est une solution de publication et d'analyse de données géographiques déployée via des réseaux d'entreprise, des réseaux publics filaires et des réseaux mobiles. JMap peut être installé dans l'environnement choisi par le client et possède des fonctions avancées de collaboration, géocodage, génération de rapports, cartographie thématique et services de localisation. Par sa flexibilité et sa convivialité, JMap améliore la prise de décision de nombreux intervenants des secteurs publics et privés, et ce, depuis plus d'une décennie.</s>
    <s>Lors des deux premières journées de l'événement, les participants ont pu assister à une formation touchant l'intelligence d'affaires (24 octobre) et à une journée spécialement dédiée aux « bonnes pratiques » dans l'intégration et l'utilisation du produit JMap (25 octobre).</s>
    <s>Une communauté qui se rallie et s'organise</s>
    <s>La dernière journée de la conférence a été consacrée aux conférences principales où des clients utilisateurs et des collaborateurs étaient invités à partager leur expérience avec l'assistance. Monsieur Jacques Charron, le président de KHEOPS Technologies a tout d'abord souhaité la bienvenue aux participants. «Nous sommes fiers de cette communauté qui compte des milliers d'utilisateurs, plus de 120 administrateurs et développeurs et près de 80 institutions et organisations qui ont choisi JMap comme solution géospatiale », a-t-il déclaré. Il a par la suite annoncé en primeur l'adoption de la solution JMap par la Ville de Genève, en Suisse, pour sa gestion municipale.</s>
    <s>Monsieur Charron a ensuite souligné la création du forum des utilisateurs de JMap, où les utilisateurs et développeurs pourront échanger les connaissances acquises avec le système, profiter des expertises et gagner en efficacité. « La création de ce forum est un signe que la communauté de JMap s'agrandit et s'organise de façon autonome et indépendante afin d'être plus efficace », a pour sa part déclaré Monsieur Yvon Sévigny, arpenteur-géomètre à la section géomatique de la Ville de Montréal, et un des clients pionniers de JMap, qui agira comme président du forum. «</s>
    <s>Mon rôle va consister à rejoindre tous les utilisateurs et développeurs du produits, au Canada comme ailleurs, afin de connaître leurs contextes d'utilisation et pouvoir évaluer les thèmes qui pourront constituer le forum. Il ne faut pas oublier qu'un tel forum d'utilisateurs est une excellente façon de faire valoir nos requêtes concernant JMap, auprès de la compagnie ». Avec le secrétaire du forum, M. Lévis Larouche, de la ville de Saguenay, ils devront mettre sur pied les aspects concrets du forum et veiller à animer la communauté.</s>
    <s>Par la suite, M. Jean-Robert Desbiens-Haddad, vice-président aux technologies et directeur du développement chez KHEOPS, a profité de la tribune pour présenter le chemin parcouru depuis 1995 par JMap et exposer le plan de développement à court terme du produit. Sommairement, les nouveautés auxquelles les utilisateurs peuvent s'attendre toucheront les applications mobiles, l'édition de données géométriques et descriptives (dans Oracle Spatial) et l'accroissement des capacités d'analyse géostatistique.</s>
    <s>Témoignages d'utilisateurs</s>
    <s>Quelques unes des organisations ayant choisi JMap comme solution géospatiale sont venues présenter leur contexte d'utilisation en cette dernière journée de conférence.</s>
    <s>Des représentants des villes de Blainville, de Montréal et de Saguenay ont montré comment JMap est appliqué, entre autres, dans des projets de sécurité publique, de gestion des demandes de travail, de collaboration entre services municipaux et d'interactions avec le citoyen.</s>
    <s>Venant de France pour expliquer davantage un projet de gestion du risque dans le domaine de l'assurance, basé sur la technologie JMap, M. Jérôme Chemitte a mis en évidence le potentiel de l'accessibilité de l'information géolocalisée dans le processus décisionnel, la sensibilisation et la prédiction des risques et catastrophes.</s>
    <s>Dans tous ces cas, on a pu remarquer que JMap met entre les mains de gestionnaires, décideurs et intervenants toute l'information sur le territoire nécessaire à des prises de décisions éclairées, qu'ils soient ou non familiers avec la géomatique.</s>
    <s>Côté recherche</s>
    <s>L'assistance a pu en apprendre davantage sur la mission, les axes et les projets de recherche de la Chaire CRSNG de recherche industrielle en bases de données géospatiales décisionnelles de l'Université Laval. Un des projets réalisés par les chercheurs de cette Chaire consistait à développer pour les différents intervenants du MTQ (ministère des Transports du Québec) un prototype qui permet d'effectuer différentes analyses de risques, en fonction de plusieurs facteurs (ex. distance route-berge, pente du terrain etc.) sur les sites en érosion en Gaspésie. Pour cette étude, la technologie JMap Spatial OLAP a été utilisée.</s>
    <s>Toujours au sujet de JMap Spatial OLAP, un projet touchant la santé publique a été présenté, où l'on a pu comprendre comment cette technologie (qui permet une navigation intuitive à travers des données spatiales et descriptives organisées en « datacubes »), est utilisée pour comprendre différentes problématiques liées à des maladies chroniques variant dans le temps et dans l'espace. Cette utilisation, développée par le groupe de recherche en géomatique de la santé PRIMUS de l'Université de Sherbrooke, permet d'explorer des questions telles que le nombre de personnes atteintes de diabète qui sont hospitalisées, en forant selon des critères temporels ou géographiques.</s>
    <s>La présentation du Réseau canadien de centres d'excellence GEOIDE, qui joue un rôle important dans le transfert technologique au Canada (et dont certains chercheurs membres collaborent avec KHEOPS) et la présentation de la Chaire de recherche en géomatique d'affaires basée à l'Université de Sherbrooke (avec présentation de technologies de traçabilité) sont venues clore cette journée bien remplie.</s>
    <s>Prochain rendez-vous : Paris 2008</s>
    <s>Finalement, c'est à Paris à l'automne prochain que se tiendra la cinquième conférence des utilisateurs de JMap. Avec de nouveaux partenaires et un marché européen en pleine expansion, tout laisse croire que cet événement sera tout aussi réussi.</s>
    <s>Plus d'information concernant cette édition sera disponible prochainement sur le site de KHEOPS.</s>
    <s>Reproduit avec la permission de Directions Media.</s>
    <s>Rédigé par Nathalie Michaud, BALIZ inc. en octobre 2007 pour Directions Magazine français.</s>
    <s>Bookmark/Search this post with:</s>
    <s>Vous devez vous identifier ou créer un compte pour écrire des commentaires</s>
    <s>Faire suivre</s>
    <s>Version imprimable</s>
    <s>Cartes et mashups Web</s>
    <s>SIG et cartographie</s>
    <s>Voir aussi :</s>
    <s>La 5e conférence de JMap – un évènement mémorable !</s>
    <s>Les composants open source de BI géospatiale GeoMondrian et Spatialytics sont disponibles!</s>
    <s>Place à l'OSGéo-QC lors du prochain colloque de l'AGMQ</s>
    <s>Géomatique 2008 : Retour sur le séminaire annuel de BALIZ sur l'industrie</s>
    <s>Tableau sur l'offre Open Source en géospatial (et 500e billet sur ce blogue!)</s>
    <s>Section membre</s>
    <s>!Devenir membre Devenir membre</s>
    <s>!Connexion Connexion</s>
    <s>!S'abonner aux bulletins de BALIZ-MEDIA.com Bulletin GRATUIT</s>
    <s>!Publier une information dans la section DIRECT de BALIZ-MEDIA.com Publier des NOUVELLES</s>
    <s>!Annoncer votre offre sur BALIZ-MEDIA.com Afficher une BANNIÈRE</s>
    <s>!Ajouter BALIZ-MEDIA.com à vos favoris</s>
    <s>!Flux RSS de BALIZ-MEDIA.com Nos FLUX RSS</s>
    <s>!Compte Twitter de BALIZ-MEDIA.com Page TWITTER</s>
    <s>!Page Facebook de BALIZ-MEDIA.com Page Facebook</s>
    <s>!Groupe LinkedIn de BALIZ-MEDIA.com Groupe LinkedIn</s>
    <s>« Octobre 2011</s>
    <s>WhereCamp Mtl 2011 &amp; 5à7 @OSGeoQc le 11 octobre à Montréal</s>
    <s>Colloque CIDCO 2011: L'hydrographie appliquée, à Rimouski les 20 et 21 juin</s>
    <s>Séminaire Nouveautés Géomatiques et Autodesk 2012, Montréal, le 2 juin</s>
    <s>Séminaire Nouveautés Géomatiques et Autodesk 2012, Québec, le 31 mai</s>
    <s>Les Halles Géomatiques 2011, les 7 et 8 juin à Chassieu, lors de useIT 2011</s>
    <s>Congrès CARTO 2011 - 7 au 10 juin, Université Laval, Québec</s>
    <s>L’Open Source au service du géospatial et de l’intelligence d’affaires – Midi-Innovation TI le 29 avril</s>
    <s>Pitney Bowes Business Insight et la valeur des données lors de la conférence Valeur des Actifs Immatériels, le 5 mai à Paris</s>
    <s>AFIGEO - Assemblée générale des membres le 16 mai 2011 à Paris</s>
    <s>Journée d'études et d'échanges portant sur la géomatique et le patrimoine bâti, le 26 avril à Québec</s>
    <s>Géospatial Québec en mode solution: journée d'innovation et de maillage le 14 avril</s>
    <s>Webinaire le 14 avril: Introduction à la formation en classe virtuelle de ESRI Canada</s>
    <s>5à7 Géo à Québec - Édition Printemps 2011</s>
    <s>Colloque de l’AGMQ le 3 mai à Québec : Les données libres et le territoire</s>
    <s>6èmes Rencontres des Dynamiques Régionales en Information Géographique 9 et 10 juin 2011</s>
    <s>3D et globes</s>
    <s>Cartes et mashups Web</s>
    <s>Données et imagerie</s>
    <s>Éducation et recherche</s>
    <s>Fusions et acquisitions</s>
    <s>GPS et PND</s>
    <s>Mobilité et LBS</s>
    <s>Open Source</s>
    <s>SGBD et BI</s>
    <s>SIG et cartographie</s>
    <s>Partenaires institutionnels</s>
    <s>BALIZ Conseil // BALIZ-MEDIA.com // GEO-FR.com</s>
    <s>Accueil // Articles // Blogue // Communiques de presse // Direct // Emplois // Évenements // Repertoire</s>
    <s>Annoncer // À propos // Contact</s>
    <s>Copyright (C) 2007 BALIZ inc. Tous droits reserves.</s>
    <s>Politique de confidentialite | Conditions d'utilisation</s>
  </text>
</page>
