<?xml version="1.0" encoding="UTF-8"?>
<!DOCTYPE page SYSTEM "page.dtd">
<page>
  <lang>fr</lang>
  <url>http://casodom.com/content/d%25C3%25AEner-causerie-la-s%25C3%25A9curit%25C3%25A9-sociale-dans-les-dom-mythe-et-r%25C3%25A9alit%25C3%25A9-l%25E2%2580%2599exemple-de-la-guadeloupe</url>
  <title>Dîner-causerie : La Sécurité Sociale dans les DOM, mythe et réalité ...</title>
  <snippet>
    <s>Le conférencier souligne aussi que l&#39;économie des DOM est fortement marquée par le poids des transferts publics. Par exemple, la Sécurité Sociale a, à elle </s>
  </snippet>
  <text>
    <s>Aller au contenu principal</s>
    <s>Formulaire de recherche</s>
    <s>Le CASODOM</s>
    <s>Nos Services</s>
    <s>Evénements &amp; Echanges</s>
    <s>Nous contacter</s>
    <s>Le CASODOM</s>
    <s>Vocation et Action</s>
    <s>Solidarité et Convivialité</s>
    <s>Le Conseil d'Administration</s>
    <s>Partenaires du Casodom en métropole et dans les D.O.M.</s>
    <s>Nos Services</s>
    <s>Service Social</s>
    <s>Conseil Juridique</s>
    <s>Soutien et Accompagnement Psychologique</s>
    <s>Evénements &amp; Echanges</s>
    <s>La vie de CASODOM</s>
    <s>Libres propos</s>
    <s>Manifestations et Informations</s>
    <s>Poetes Amateurs</s>
    <s>Vous êtes ici</s>
    <s>Dîner-causerie : La Sécurité Sociale dans les DOM, mythe et réalité, l’exemple de la Guadeloupe</s>
    <s>Après avoir observé qu’au terme d’une lente évolution,  mais qui s’est faite sans heurt, le système de protection sociale des DOM est quasi identique à celui de l’Hexagone, le conférencier se livre à un bilan critique de la Sécurité Sociale en Guadeloupe pris comme département témoin. Il observe tout d’abord qu’il s’agit là de la manifestation d’une solidarité justifiée, en raison  d’une part, de la situation économique et sociale très difficile, avec un chômage élevé, et d’autre part des revenus plus bas qu’en métropole en moyenne, avec des inégalités sociales beaucoup plus importantes.</s>
    <s>C’est ainsi que le poids du RMI dans les DOM est élevé, pour partie en raison de la sous-indemnisation de certaines prestations comme l’allocation parentale d’éducation, et l’indemnisation du chômage qui, elle, est deux fois moindre qu’en Métropole. Il est dû aussi à une situation économique et sociale dégradée.</s>
    <s>Le conférencier souligne aussi que l’économie des DOM est fortement marquée par le poids des transferts publics. Par exemple, la Sécurité Sociale a, à elle seule, injecté plus d’un milliard d’€uro dans l’économie guadeloupéenne en 2003, à quoi s’ajoute plus de 500 millions d’€uro versés par les CAF. On peut ainsi se demander si dès lors l’égalité ne risque pas de se traduire par une incitation à se contenter de consommer, au détriment du développement de l’économie productive ?</s>
    <s>Il est clair, selon le conférencier, qu’on peut dire sans risque de se tromper que l’enjeu aujourd’hui est de concilier un dynamisme économique certain et des comportements sociaux proches de ceux observés dans l’Hexagone.</s>
    <s>Le rattrapage social n’a pas altéré en effet le dynamisme de l’économie de la Guadeloupe. La croissance du PIB par habitant traduit un enrichissement des populations plus rapide qu’en Métropole, même s’il reste largement inférieur à ce dernier, mais il faut observer que de nombreux signaux demeurent au rouge comme le nombre de chômeurs, l’augmentation du nombre de RMistes, de bénéficiaires de la CMU </s>
    <s>Il relève aussi que le dynamisme de l’emploi salarié est illustré par le taux élevé de créations d’entreprises et par une création d’emplois relativement importante.</s>
    <s>De sorte que la conjonction de ces différentes données aboutit à un accroissement des revenus d’activité qui relativise sensiblement le poids des transferts publics.</s>
    <s>Il serait en tout état de cause inconséquent de ne pas être vigilant quant au développement et à la pérennité de notre système. Et il paraît nécessaire de modifier nos comportements qui, après les ajustements réalisés, nous rapprochent des standards nationaux.</s>
    <s>Une nouvelle appréhension des comportements s’avère nécessaire.</s>
    <s>L’assistance a d’abord salué la richesse et la rigueur de l’exposé particulièrement bien documenté du conférencier. Les échanges qui ont suivi ont porté</s>
    <s>- d’une part, sur les règles pratiquées par la Sécurité Sociale qui, dans certains domaines, notamment en assurance maladie, peuvent appeler des critiques,</s>
    <s>- d’autre part, sur l’influence, positive ou négative, du système de protection sociale sur l’économie des DOM, et sur la société en général.</s>
    <s>Le Comité d'action sociale en faveur des originaires des départements d'outre-mer en métropole.  </s>
  </text>
</page>
