<?xml version="1.0" encoding="UTF-8"?>
<!DOCTYPE page SYSTEM "page.dtd">
<page>
  <lang>fr</lang>
  <url>http://perso.ensem.inpl-nancy.fr/Marc.Jungers/themes_recherche.html</url>
  <title>themes_recherche</title>
  <snippet>
    <s>Radu ȘTEFAN, maître de conférences à l&#39;University Polytehnica Bucharest, Romanie. Membre du comité national d&#39;organisation de IFAC Wokshop on Control Applications of Optimisation CAO&#39;06, 26-28 Avril Relecteur pour les revues : </s>
  </snippet>
  <text>
    <s>Themes de recherche et activites liees a la recherche</s>
    <s>Themes de recherche :</s>
    <s>Theorie des jeux,</s>
    <s>Commandes robustes,</s>
    <s>Equations (algebriques) matricielles couplees de type Riccati,</s>
    <s>Systemes certains ou incertains.</s>
    <s>Inegalites Matricielles Lineaires (LMI).</s>
    <s>Systeme Hybrides, et a commutations.</s>
    <s>Systemes a temps discret avec retards variants.</s>
    <s>Collaborations :</s>
    <s>Hisham ABOU-KANDIL, professeur a l'ENS de Cachan,</s>
    <s>Emmanuel TRELAT, professeur a l'Universite d'Orleans,</s>
    <s>Edson Roberto DE PIERI, professeur a l'Universidade Federal de Santa Catarina, Centro Tecnologico, Departamento de Automaçao e Sistemas, Florianopolis, SC Brasil.</s>
    <s>Eugenio Bona DE CASTELAN, professeur a l'Universidade Federal de Santa Catarina, Centro Tecnologico, Departamento de Automaçao e Sistemas, Florianopolis, SC Brasil.</s>
    <s>Pedro Luis Dias PERES, professeur a l'Universidade Estaduale de Campinas, Campinas, SP Brasil.</s>
    <s>Ana Lucia Driemeyer FRANCO, post-doc au laboratoire SATIE, UMR CNRS 8029, ENS CACHAN, France.</s>
    <s>Nicolas MARKEY, charge de recherche CNRS, LSV, UMR CNRS 8643, ENS CACHAN, France.</s>
    <s>Jamal DAAFOUZ, professeur a l'ENSEM, Nancy, France.</s>
    <s>Claude IUNG, professeur a l'ENSEM, Nancy, France.</s>
    <s>Cristian OARĂ, professeur a l'University Polytehnica Bucharest, Romanie.</s>
    <s>Radu ȘTEFAN, maitre de conferences a l'University Polytehnica Bucharest, Romanie.</s>
    <s>Sophie TARBOURIECH, directrice de recherche CNRS au LAAS, Toulouse.</s>
    <s>Programmes de cooperation recherche entre la France et le Bresil :</s>
    <s>Laboratoire International Associe du CNRS franco-bresilien</s>
    <s>Porteur de projet dans le cadre de l'Institut Federatif de Recherche FARMAN :</s>
    <s>Projet TOAST (Theorie des Jeux et Outils de l'automatique, de l'Algorithmique et de Signal pour les Telecommunications). 13 chercheurs repartis entre les laboratoires SATIE et LSV de l'ENS de Cachan. Coporteurs du projet Marc Jungers (AGPR, SATIE) et Nicolas Markey (CR CNRS, LSV). [Site Web Projet TOAST]</s>
    <s>Organisation de congres :</s>
    <s>Membre du comite national d'organisation de IFAC Wokshop on Control Applications of Optimisation CAO'06, 26-28 Avril 2006 a l'ENS de Cachan, France. [Site Web CAO 2006]</s>
    <s>Membre du comite de programme pour le Symposium Bresilien d'Automatique Industrielle (SBAI), Florianopolis, octobre 2007, Bresil. [Site Web SBAI2007]</s>
    <s>Relecteur pour les revues :</s>
    <s>IEEE Transactions on Automatic Control (3),</s>
    <s>Journal Europeen des Systemes Automatises (2),</s>
    <s>European Journal of Control,</s>
    <s>IET Control Theory and Applications,</s>
    <s>Relecteur pour les congres :</s>
    <s>16th IFAC World Congress (Praha, Czech Republic),</s>
    <s>IEEE CDC ECC'05 (Seville, Spain) (4),</s>
    <s>IFAC Workshop CAO'06 (Cachan, France) (6),</s>
    <s>IEEE CDC'06 (San Diego, USA),</s>
    <s>IFAC ACA'07 (Toulouse, France), (4),</s>
    <s>IEEE CDC'07 (New Orleans, USA),</s>
    <s>IFAC SSSC'07 (Iguassu Falls, Brazil),</s>
    <s>SBAI'07 (Florianopolis, Brazil), (4),</s>
    <s>IEEE MCSC'08,</s>
    <s>IEEE CDC'08 (Cancun, Mexico) (2),</s>
    <s>IFAC WC (Seoul, Korea), (2),</s>
    <s>ACC'08 (Seattle, USA), (2),</s>
    <s>ACC'09 (Saint-Louis),</s>
    <s>IEEE CDC'09 (Shangai, China) (3),</s>
    <s>ECC'09 (Budapest, Hungary),</s>
    <s>IFAC ROCOND'09 (Haifa, Israel) (2).</s>
  </text>
</page>
