<?xml version="1.0" encoding="UTF-8"?>
<!DOCTYPE page SYSTEM "page.dtd">
<page>
  <lang>fr</lang>
  <url>http://news.stcom.net/modules.php%3Fname%3DNews%26file%3Darticle%26sid%3D4665</url>
  <title>La Voix des Opprimes - L&#39;Iran Rejette Des «Discussions Directes ...</title>
  <snippet>
    <s>21 oct. 2009 Archives · Contact · Imprimer · Liens web · PUBLIER UN ARTICLE R.I.I.: L&#39;Iran Rejette Des «Discussions Directes» Avec La France A Vienne </s>
  </snippet>
  <text>
    <s>Ouvrir un compte</s>
    <s>:: [Accueil :: Tchargements :: Votre compte :: Forums :: Admin ::</s>
    <s>Liens web</s>
    <s>PUBLIER UN ARTICLE</s>
    <s>Recommandez LVO</s>
    <s>Top articles</s>
    <s>Votre compte</s>
    <s>Les commentaires sont la propri de leurs auteurs. Nous ne sommes pas responsables de leurs contenus !</s>
    <s>Les commentaires anonymes ne sont pas autoris veuillez vous enregistrer</s>
    <s>Ne pense pas que ceux qui ont tudans le sentier d'Allah, soient morts. Au contraire, ils sont vivants, auprde leur Seigneur, bien pourvus et joyeux de la faveur qu'Allah leur a accord et ravis que ceux qui sont restderri eux et ne les ont pas encore rejoints, ne connaont aucune crainte et ne seront point afflig Ils sont ravis d'un bienfait d'Allah et d'une faveur, et du fait qu'Allah ne laisse pas perdre la rmpense des croyants. Coran 3:169-172</s>
    <s>Site fondn 1997 par Smain Bedrouni. Les membres de STCOM.NET condamnent fermement tout acte ou propos portant atteinted'une quelconque mani que ce soit 'intitt a dignitumaine. Si vous constatez une quelconque violation de ces droits, merci d'en informer la Rction en prsant le lien et l'endroit exacte des propos mis en cause ainsi que le pseudonyme de l'auteur responsable afin que la direction puisseprendre immatement les mesures necessaires.</s>
    <s>Merci de votre comprnsion**</s>
    <s>Tous les Logos et Marques de ce site sont la propri de leurs propriires respectifs. Les commentaires sont la propri de leurs auteurs. Les id expos sur ce site n'engagent que leurs auteurs et ne sont pas forcnt partagpar les membres de stcom.net.</s>
    <s>Vous pouvez afficher nos articles en utilisant le fichier backend.php ou ultramode.txt</s>
    <s>PHP-Nuke Copyright (C) 2005 by Francisco Burzi. This is free software, and you may redistribute it under the GPL. PHP-Nuke comes with absolutely no warranty, for details, see the license.</s>
    <s>Page gren: 0.67 Secondes</s>
  </text>
</page>
