<?xml version="1.0" encoding="UTF-8"?>
<!DOCTYPE page SYSTEM "page.dtd">
<page>
  <lang>fr</lang>
  <url>http://cerhio.univ-lemans.fr/spip.php%3Farticle97</url>
  <title>Centre de Recherches Historiques de l&#39;Ouest - Le Mans - Granger ...</title>
  <snippet>
    <s>Maîtresse de conférence en Histoire moderne . Annales Historiques de la Révolution française 2011 - à paraître [article accepté par comité de lecture]. </s>
  </snippet>
  <text>
    <s>Aller au menu</s>
    <s>Aller a la recherche</s>
    <s>Aller au contenu</s>
    <s>Aller a la navigation</s>
    <s>Centre de Recherches Historiques de l’Ouest - Le Mans</s>
    <s>Le CNRS</s>
    <s>Autres sites CNRS</s>
    <s>Chercheurs associés</s>
    <s>Augustin JOMIER</s>
    <s>Anaïs-Trissa Khatchadourian</s>
    <s>LUNEL Frédéric</s>
    <s>ELIAS Amine</s>
    <s>Mouna Mouhamed Cherif</s>
    <s>Personnels techniques</s>
    <s>Publications collectives</s>
    <s>Manifestations scientifiques</s>
    <s>Formation Recherche</s>
    <s>Travaux soutenus</s>
    <s>Histoire moderne</s>
    <s>Histoire contemporaine</s>
    <s>Plans d'accès</s>
    <s>Sur ce site</s>
    <s>Sur le Web du CNRS</s>
    <s>Accueil du site &gt; Équipe &gt; Granger Sylvie</s>
    <s>Granger Sylvie</s>
    <s>Maîtresse de conférence en Histoire moderne !</s>
    <s>Thèmes de recherche</s>
    <s>Prosopographie des métiers de la MUSIQUE et de la DANSE dans les provinces françaises au XVIIIe siècle - circulations et transmissions des pratiques culturelles et des répertoires d’un milieu social à l’autre, d’un genre à l’autre…</s>
    <s>Chantiers en cours :</s>
    <s>1. Co-coordination avec Bernard DOMPNIER (Université Blaise-Pascal, Clermont-Ferrand) de l’axe 1 du projet MUSÉFREM MUSiques d’Église en FRance à l’Epoque Moderne sélectionné par l’ANR pour 2009-2012 :« Le métier de musicien, histoire sociale et culturelle des musiciens employés par les cathédrales et les collégiales au XVIIIe siècle ». Enquête menée sur l'ensemble du territoire français, données rassemblées dans une base prosopographique (en cours de constitution).</s>
    <s>À terme (2012) : synthèse thématique, cartographie des structures musicales et des itinéraires professionnels, publication d’un répertoire des musiciens en activité en 1790 (environ 3000 musiciens et musiciennes attendus).</s>
    <s>2. Dans une perspective d’histoire du genre, travail spécifique sur les musiciennes, et particulièrement sur les femmes organistes exerçant en 1790 dans les églises et les couvents sur l’ensemble du territoire français.</s>
    <s>Participation à l'équipe d'animation du CREIM Cercle de REcherche Interdisciplinaire sur les Musiciennes, avec Catherine Deutsch, Florence Launay, Raphaëlle Legrand, Hyacinthe Ravet…</s>
    <s>3. Participation au projet POIESIS Parodies d’Opéra : Intertextualité, Etablissement des Sources Interdisciplinaires des Spectacles sous l’Ancien Régime, dirigé par Françoise RUBELLIN (Université de Nantes), lui aussi sélectionné par l’ANR pour 2009-2012. Travail avec Françoise Dartois sur la place de la danse dans les parodies d’opéra du XVIIIe siècle.</s>
    <s>4. Individuellement : recherches sur la pratique et la transmission de la DANSE au XVIIIe siècle : leçons de danse, bals et sociabilité, contredanses et menuets…, ainsi que sur les divers &quot;chemins de la musique&quot; dans la France de l’Ouest et du Centre-Ouest aux XVIIe et XVIIIe siècles (dépouillements d’archives dans les principales villes de la région : Le Mans, Angers, Nantes, Poitiers, Tours, Orléans, Chartres…).</s>
    <s>5. Préparation avec Benoît HUBERT et Martine TARONI (Université du Maine) d'une édition commentée du journal du chanoine manceau Nepveu de la Manouillère (XVIIIe siècle)</s>
    <s>Publications majeures antérieures à 2008</s>
    <s>1. Livres</s>
    <s>2000 - Les métiers de la musique en pays manceau et fléchois du XVIIe au XIXe siècle (1661-1850) , thèse Doctorat Histoire, sous la direction d’Anne Fillon, Université du Maine, (1997), Villeneuve d’Ascq, Presses Universitaires du Septentrion, 2000, 3 volumes, 1 612 pages.</s>
    <s>2002 - Musiciens dans la ville, 1600-1850 , Paris, Belin, coll° Essais d’Histoire Moderne, 2002, 320 pages.</s>
    <s>2. Articles et actes de colloque</s>
    <s>2003 - « Monsieur de la Cabriolle au château (XVIIIe siècle) », Château et divertissement, Rencontres d’Archéologie et d’Histoire en Périgord, Périgueux , septembre 2002, sous la direction d’Anne-Marie Cocula et Michel Combet, Bordeaux, Ausonius, 2003, 257 pages, p. 129 à 145.</s>
    <s>2004 - « Musiciens dispersés dans la ville, Localisation de l’habitat musicien au Mans, XVIIe-XIXe siècles », Histoire Urbaine , n°9, avril 2004, pages 65 à 78.</s>
    <s>2005 - « Des musiciens venus d’ailleurs… dans les villes de l’Ouest, XVIIe-XVIIIe siècles », Annales de Bretagne et des Pays de l’Ouest , tome 112, n°3, septembre 2005, pages 107 à 126. 2006 - « Terpsichore au Collège, la danse dans l'enseignement jésuite », La Flèche, Quatre siècles d'éducation sous le regard de l'État, ,Prytanée national militaire et Université du Maine, La Flèche, 2006, 358 pages, p. 207 à 240.</s>
    <s>Publications récentes (depuis 2008)</s>
    <s>1. Articles et actes de colloques</s>
    <s>2008 - « Les musiciennes de 1790, aperçus sur l’invisibilité », Revue de musicologie , n°94/2, décembre 2008, pages 289 à 308.</s>
    <s>2009 - « La Feste de Madame Saincte-Cécile (Le Mans, 1633) », Les Cérémonies extraordinaires du catholicisme baroque , Colloque au Puy-en-Velay, octobre 2005, organisé par le Centre d’Histoire Espaces et Cultures de l’Université Blaise-Pascal, Clermont-Ferrand, sous la direction de Bernard Dompnier, 2009, pages 113 à 132.</s>
    <s>2009 - « Trois chœurs de l’Ouest à la veille de la Révolution (Le Mans, Sées, Laval) », La Foi dans le Siècle, Mélanges offerts à Brigitte Waché , ouvrage collectif coordonné par Hervé Guillemain, Stéphane Tison et Nadine Vivier, PUR, 2009, pages 53 à 64.</s>
    <s>2010 - « Un chantre borgne à la voix forte. Mathurin Leprêtre, psalteur dans deux collégiales de Laval au XVIIIe siècle », Annales de Bretagne et des Pays de l’Ouest , tome 116, n°4, décembre 2009, pages 73 à 90.</s>
    <s>2011 - « Jean-Baptiste Médor, maître à danser à Caen », Dictionnaire des Gens de couleur dans la France moderne sous la direction d'Érick Noël, Droz, Genève, 2011, p.360-361.</s>
    <s>2011 - Bernard DOMPNIER, Sylvie GRANGER, Isabelle LANGLOIS, « Deux mille musiciens et musiciennes d’Église en 1790 », Célèbres ou obscurs. Biographies et prosopographies : sources et approches nouvelles , 134e congrès national du Comité des travaux historiques et scientifiques, Bordeaux, 22 avril 2009 - à paraître</s>
    <s>2011 - « Deux Organistes aux destins parallèles : Marie-Claude Renault-Bainville (1724-1803) &amp; Jeanne-Marie Bertrand-Jannot (1738-1804) », Annales Historiques de la Révolution française 2011 - à paraître article accepté par comité de lecture.</s>
    <s>2012 - « Church musicians in France at the end of the eigtheenth century : an ambitious prosopographic inquiry », Sounds of the City 18, colloque à Anvers, mars 2010, Brepols Publishers, collection Studies in European Urban History, 2012 - à paraître.</s>
    <s>2. Vulgarisation et valorisation de la recherche</s>
    <s>2008 - « Étudier l’histoire de l’antiquité à l’Université du Maine », La Vie Mancelle et Sarthoise , n°397, février-mars 2008, p. 42.</s>
    <s>2009 - « Étudier le Moyen-Âge à l’Université du Maine », La Vie Mancelle et Sarthoise , n°403, février 2009, p. 15.</s>
    <s>2009 - « L’étonnant destin d’un musicien né dans le Maine : François Granger, organiste (1758 - 1836) », La Province du Maine , 2009/1, pages 121 à 137.</s>
    <s>2010 - « Le développement durable à l’Université du Maine », La Vie Mancelle et Sarthoise , février-mars 2010 - à paraître -</s>
    <s>2010 - « Le Nonagénaire rajeuni, Échos d'une soutenance de thèse à l'Université du Maine », La Province du Maine, , 2009/2, pages 376 à 380.</s>
    <s>Dans la meme rubrique :</s>
    <s>Hubert Benoît</s>
    <s>Waché Brigitte</s>
    <s>Bellanger Brigitte</s>
    <s>Avon Dominique</s>
    <s>Bourquin Laurent</s>
    <s>Daussy Hugues</s>
    <s>Guillemain Hervé</s>
    <s>Jablonka Ivan</s>
    <s>Michon Cédric</s>
    <s>Pitou Frédérique</s>
    <s>Tison Stéphane</s>
    <s>Vivier Nadine</s>
    <s>Bertin Serge</s>
    <s>Constant Jean-Marie</s>
    <s>Musset Benoît</s>
    <s>Michel HEICHETTE</s>
    <s>Françoise LUCBERT</s>
  </text>
</page>
