<?xml version="1.0" encoding="UTF-8"?>
<!DOCTYPE page SYSTEM "page.dtd">
<page>
  <lang>fr</lang>
  <url>http://siie2010.loria.fr/welcome.htm</url>
  <title>2nd International Conference on Information Systems and Economic ...</title>
  <snippet>
    <s>The Scientific sponsor of SIIE2010 is IEEE Tunisia Section. L&#39;objectif du comité scientifique et du comité d&#39;organisation est de continuer sur cette </s>
  </snippet>
  <text>
    <s>To download the Call for papers: in English or in French</s>
    <s>3d. International Conference on Information Systems and Economic Intelligence (SIIE'2010)</s>
    <s>February 18-20, 2010 - Sousse, Tunisia.</s>
    <s>Thematic Tutorials &amp; Conferences</s>
    <s>Web Sites: http://siie2010.loria.fr or http://www.siie.fr/</s>
    <s>Description in English :</s>
    <s>The goal of the International conference on Information Systems and Economic Intelligence (SIIE) is to provide a forum for research presentations and exchange of new ideas and practical experiences within the field of Information Systems Engineering and Economic Intelligence.</s>
    <s>SIIE 2010 will be held on February 18-20th, 2010 in Sousse, Tunisia. It is supported by university of Manouba (Tunisia), university of Nancy (France) and the education, research and technology Tunisian ministry.</s>
    <s>The main objective of the third International Conference on Information Systems and Economic Intelligence is to cover the complementary aspects related to designing and deploying Information Systems. As in previous years, the conference program will feature invited talks, technical paper sessions, workshops, tutorials and panel discussions. The last two first SIIE, organized in 2008 and 2009 allowed reinforcing collaboration between PhD students, researches and companies. The scientific and organization committees of SIIE 2010 are working hard to select high level papers and a convivial staying permitting the rise of new collaborations and projects between the researchers of the north and south. We invite you to share your ideas by submitting proposals for presentations.</s>
    <s>The program of SIIE 2010 will include 3 tutorials, 3 distinguished keynotes, a doctoral symposium that includes presentations, posters, and demonstration. The research presentations will focus on a wide range of topics revolving around several aspects of Information Systems and Economic Intelligence. The purpose of the doctoral symposium is to provide a platform for PhD students to present their ideas in a less formal and in more focused way than the full presentations. The demonstration part provides a good opportunity for researchers to present their practical works and obtain feedback from experts.</s>
    <s>There will be the best 10 papers award selected from the accepted papers.</s>
    <s>The Scientific sponsor of SIIE2010 is IEEE Tunisia Section.</s>
    <s>Important dates:</s>
    <s>Papers due (deadline)</s>
    <s>November 15, 2009</s>
    <s>Notification of acceptance</s>
    <s>December 15, 2009</s>
    <s>Final paper &amp; Camera-ready due</s>
    <s>January 08, 2010</s>
    <s>Registration to authors (deadline)</s>
    <s>January 15, 2010</s>
    <s>February 18-20, 2010</s>
    <s>The 10 best award papers</s>
    <s>February 20, 2010</s>
    <s>Description in French:</s>
    <s>L'objectif de la conférence sur les Systèmes d’Information et l’Intelligence Economique (SIIE) est de faire dialoguer les experts et les chercheurs du public et du privé sur les acquis expérimentaux et fondamentaux dans le domaine des systèmes d’information liés à l’intelligence économique.</s>
    <s>La conférence internationale SIIE, dans sa troisième édition avec ses conférences et ateliers, se tiendra en février 2010 à Sousse (Tunisie). La conférence est soutenue par l’Université de la Manouba (Tunisie),  l’Université de Nancy (France) et est parrainée par le ministère de l’enseignement supérieur, de la recherche et de la technologie de la république tunisienne.</s>
    <s>Les deux premières éditions de SIIE ont permis à des doctorants, des chercheurs confirmés et des industriels d’échanger et de collaborer. L’objectif du comité scientifique et du comité d’organisation est de continuer sur cette voie pour fournir les moyens aux acteurs des systèmes d’information et intelligence économique de renforcer leurs liens et de dresser des ponts entre les chercheurs et industriels des deux rives de la méditerranée. SIIE’2010 va plus loin et proposera des tutoriaux dans le domaine pour consolider les connaissances des uns et des autres sur des sujets liés aux thématiques de la conférence.</s>
    <s>Dans un cadre convivial et agréable les participants auront un programme plus riche. La première demi-journée sera consacrée à des tutoriaux animée par des experts du domaine, la suivante à des présentations de doctorants en session orale, poster et démonstration. Les travaux finalisés et originaux feront l’objet de présentations orales pendant un jour et demi. Chaque session démarrera  par une conférence invitée.</s>
    <s>La conférence est pensée afin de favoriser le dialogue entre les participants, c’est pourquoi des tables rondes sont prévues. Les recommandations et les avis des experts apporteront probablement des débuts de solutions à des jeunes ou à des moins jeunes chercheurs ayant une problématique liée aux thèmes de la conférence.</s>
    <s>Le sponsor scientifique de SIIE2010 est IEEE Tunisia Section.</s>
    <s>Dates importantes :</s>
    <s>Soumission d’articles (date limite)</s>
    <s>15 Novembre 2009</s>
    <s>Notification d'acceptation aux auteurs</s>
    <s>15 Décembre 2009</s>
    <s>Version finale des articles acceptés</s>
    <s>08 Janvier 2010</s>
    <s>Inscriptions des auteurs à la conférence (date limite)</s>
    <s>15 janvier 2010</s>
    <s>Conférence SIIE’2010 à Hammamet en Tunisie</s>
    <s>18, 19 et 20 février 2010</s>
    <s>Attribution des Best papers</s>
    <s>20 février 2010</s>
  </text>
</page>
