<?xml version="1.0" encoding="UTF-8"?>
<!DOCTYPE page SYSTEM "page.dtd">
<page>
  <lang>fr</lang>
  <url>http://conferences.isko-france.asso.fr/fr/appel-a-communications.htm</url>
  <title>Thème de la conférence | Conférence ISKO France 2011</title>
  <snippet>
    <s>Thème de la conférence. Le chapitre français de l&#39;ISKO a comme préoccupation majeure, depuis sa création en 1996, la question de l&#39;organisation des </s>
  </snippet>
  <text>
    <s>Conference ISKO France</s>
    <s>8e Colloque international de l'ISKO France</s>
    <s>Stabilite et dynamisme dans l'organisation des connaissances</s>
    <s>27-28 juin 2011, Lille, Universite Charles-De-Gaulle Lille 3</s>
    <s>Infos pratiques</s>
    <s>Lieu de l'evenement</s>
    <s>Comite scientifique</s>
    <s>Comite d'organisation</s>
    <s>Theme de la conference</s>
    <s>Conferences invitees</s>
    <s>Instructions aux intervenants</s>
    <s>Theme de la conference</s>
    <s>Le chapitre français de l'ISKO a comme preoccupation majeure, depuis sa creation en 1996, la question de l'organisation des connaissances. Cette thematique a ete traitee sous l’angle des structures d’organisation, des outils techniques de mediation mais aussi des formes et mecanismes de partage des connaissances. Ces questions sont au coeur des mecanismes de la production et de l’acces a l’information, et de la circulation des savoirs. Dans la continuite de ces refexions, la 8eme edition du colloque ISKO France vise a sonder plus particulierement les questions de stabilite et de dynamisme dans les concepts et les paradigmes sous-jacents aux travaux sur l’organisation des connaissances.</s>
    <s>L'acces a l'information, et par son biais aux connaissances, represente un enjeu social, politique, culturel et economique. Ceci nous impose de porter un regard refexif sur les theories, les paradigmes et les concepts d’organisation, de circulation de l’information et des connaissances. Depuis quelques annees, les potentialites techniques se sont considerablement accrues. De nouvelles pratiques socio-techniques ont vu le jour. Dix ans apres le congres ISKO international organise par la Faculty of Information Studies, Universite de Toronto, autour de cette même thematique, le chapitre français de l’ISKO, conscient de l’importance et de l’actualite de cette question propose de la revisiter. Cette edition de 2011 cherche notamment a sonder les mutations subies par les modes et des structures d'organisation de connaissances a l'aune des progres technologiques portes par le Web, notamment dans sa dimension sociale. Inversement, on cherche a determiner les modes et pratiques d'organisation des connaissances qui ont resiste aux bouleversements technologiques induits par le Web. Quelles sont les raisons de leur perennite ou stabilite ? Quel est l'impact des mutations societales induites par la penetration du Web dans toute la sphere de l'activite scientifque et professionnelle sur les modes d’organisation des connaissances ainsi que sur les modalites de production et de circulation des savoirs et des connaissances ? Quel est/sera l’impact du Web semantique et du Web dit socio-semantique sur le champ de l’organisation des connaissances ? Quelles en sont/seront les repercussions sur les modeles, les structures et les modes de representations de connaissances ? Assistonsnous a une evolution ou a une revolution ? Une rupture ou une continuite ?</s>
    <s>Le 8e colloque ISKO France invite des contributions sur ces questions. La conference sollicite des contributions originales sur des questions theoriques liees a l'organisation des connaissances mais egalement sur des applications, dans la mesure où ces dernieres discutent des fondements theoriques ou epistemologiques sous-jacents aux methodologies mises en oeuvre. Plus precisement, nous sollicitons des soumissions sur les thematiques suivantes :</s>
    <s>1. Fondements historiques et epistemologiques de l’organisation des connaissances</s>
    <s>Paradigmes sous-jacents aux travaux sur l'organisation des connaissances</s>
    <s>Structures et relations dans l’organisation des connaissances</s>
    <s>Infuence de la culture sur la conception d'instruments d’organisation des connaissances</s>
    <s>Evolution ou stabilite des paradigmes de l’organisation des connaissances dans des societes ou cultures diferentes</s>
    <s>2. Systemes d’organisation des connaissances</s>
    <s>Evolution des langages contrôles (langages de classifcation encyclopediques ou specialises) a l'ere du web dit semantique</s>
    <s>Systemes et dispositifs d’organisation des connaissances et leur interoperabilite</s>
    <s>Organisation centralisee des connaissances face aux pratiques sociales et collaboratives du Web 2.0</s>
    <s>3. Mutations induites dans les pratiques professionnelles</s>
    <s>Transformation des formes documentaires et materialite documentaire</s>
    <s>Pratiques collaboratives de production documentaire</s>
    <s>Interoperabilite des outils de representation des connaissances</s>
    <s>Metamorphoses de l’espace documentaire dans ses rapports au sens, a la forme et au temps</s>
    <s>Nouvelles formes editoriales, nouveaux modes de representation de circulation de l’information et des connaissances</s>
    <s>4. Usages et usagers des dispositifs d'organisation des connaissances</s>
    <s>Pratiques des usagers des systemes d'organisation des connaissances</s>
    <s>Usages des nouveaux outils et dispositifs de classifcation et de categorisation de l'information (folksonomies et folkontologies).</s>
  </text>
</page>
