<?xml version="1.0" encoding="UTF-8"?>
<!DOCTYPE page SYSTEM "page.dtd">
<page>
  <lang>fr</lang>
  <url>http://web1.ulb.ac.be/arc/elites/publications.html</url>
  <title>publications - Université Libre de Bruxelles</title>
  <snippet>
    <s>Les élites dans la ville &middot; membres · activités · publications </s>
  </snippet>
  <text>
    <s>Les élites dans la ville</s>
    <s>membres · activités · publications · documentation · contact</s>
    <s>Action de Recherche Concertée Sociologie Histoire Géographie Action de Recherche Concertée Sociologie Histoire Géographie Action de Recherche Concertée</s>
    <s>Publications &amp; Communications</s>
    <s>Liens utiles</s>
    <s>Aire de travail</s>
    <s>Actualités :</s>
    <s>Programme et info</s>
    <s>Colloque 2011</s>
    <s>Equipes de travail</s>
    <s>Institutions partenaires</s>
    <s>LOIR Ch. (2009) Bruxelles néoclassique : mutation d’un espace urbain (1775-1840), Bruxelles, CFC-Editions, 350 p.</s>
    <s>JOURDAIN V. (2008) L’hôtel Bellevue (1776-1905). Précurseur de l’hôtellerie de luxe à Bruxelles, Bruxelles, Archives de la Ville de Bruxelles, Studiae Bruxellae, n°5.</s>
    <s>JOURDAIN V. (2008) Hôtel Métropole, Bruxelles, éditions Luc Pire.</s>
    <s>VANDERPELEN-DIAGRE C. (2008) Le Théatre Royal du Parc. Histoire d'un lieu de sociabilité bruxellois (1782 à nos jours), Editions de l'Université de Bruxelles.</s>
    <s>CAILLIEZ J. (2004) Schuman-City. Des fonctionnaires britanniques à Bruxelles, LLN, Academia Bruylant, coll. Cahiers Migrations, 104 p.</s>
    <s>JAUMAIN S. (ed.) (2004) Bruxelles et la jonction Nord-Midi. Histoire, architecture et mobilité urbaine, Studiae Bruxellae, n°3, Archives de la Ville de Bruxelles.</s>
    <s>Parties d'ouvrages collectifs</s>
    <s>BAUWELINCKX A., CHARRUDAS P., DEMETER S., JAUMAIN S. et VANDERMOTTEN C. (2009) « Etterbeek », « Forest », « Auderghem », « Watermael-Boitsfort », « Koekelberg » et « Jette », in S. Jaumain (ed.) La région de Bruxelles- Capitale, Coll. Histoire &amp; patrimoine des communes de Belgique, Bruxelles, Dexia-Racine-Lannoo.</s>
    <s>CAILLIEZ J. (2009) « De l'espace des flux à l'espace des lieux: pour une transmission de savoir-faire spatiaux », in Burnay N. &amp; Klein A. (Eds), Figures contemporaines de la transmission, Namur, Presses universitaires de Namur, coll. Transhumances, n°9, pp. 43-57.</s>
    <s>DELIGNE C. et BILLEN C. (2009) « La Ville de l’Expo ’58. Entre modernité, héritages et patrimoine urbain », in C. Deligne et S. Jaumain (eds.), L’Expo 58, un tournant dans l’histoire de Bruxelles, Ed. Le Cri, Bruxelles, pp. 45-68.</s>
    <s>JOURDAIN V. (2009) « Promouvoir l'Expo 58 : les prémices du marketing au service de la Capitale » in C. Deligne et S. Jaumain (eds.), L’Expo 58, un tournant dans l’histoire de Bruxelles, Ed. Le Cri, Bruxelles, pp. 45-68.</s>
    <s>JOURDAIN V., VANDERMOTTEN Ch. et Paulo CHARRUADAS (2009) « Uccle » in S. Jaumain (ed.) La Région de Bruxelles-Capitale, Bruxelles, Dexia-Racine-Lannoo, pp. 342-371.</s>
    <s>VAN CRIEKINGEN M. (2008), &quot;Comment la gentrification est devenue, de phénomène marginal, un projet politique global&quot;, in Agone (ed.) 'Villes &amp; résistances sociales', Revue Agone, Marseille, 38/39, 73-90.  URL:http://revueagone.revues.org/201</s>
    <s>CAILLIEZ J. (2007) « Des étrangers aisés dans la ville. Le cas des fonctionnaires britanniques à Bruxelles », in Delwit P., Rea A., Swyngedouw M. (Eds), Bruxelles, Ville ouverte, Paris, L'Harmattan, pp. 255-268.</s>
    <s>LOIR Ch. (2007) &quot;Un espace urbain d’une étonnante modernité : le quartier Royal&quot;, in K. Bethume et J.-Ph. Huys (eds), Espaces et parcours dans la ville. Bruxelles au XVIIIe siècle, Bruxelles, Éditions de l’Université de Bruxelles, coll. Études sur le XVIIIe siècle, n°35, pp. 31-58.</s>
    <s>DELIGNE C. (2004) « La ville vue du train. Bruxelles dans les débats relatifs à la Jonction Nord-Midi (1900-1960) », Bruxelles et la Jonction Nord-Midi, Studia Bruxellae, n°3, Bruxelles, pp. 69-80.</s>
    <s>Articles dans des revues scientifiques internationales à comité de lecture</s>
    <s>VAN CRIEKINGEN M. (2009) &quot;Moving In/Out of Brussels’ Historic Core in the Early 2000s: Migration and the Effects of Gentrification&quot;, Urban Studies, 46, 4, 825–848.</s>
    <s>DELIGNE C., GABIAM K., VAN CRIEKINGEN M. et DECROLY J-M. (2006), “Visibles et Invisibles : les territoires de l’homosexualité à Bruxelles”, Cahiers de Géographie du Québec, 50, 140, 135-150. http://www.erudit.org/revue/cgq/2006/v50/n140/014081ar.html</s>
    <s>TELLIER C., BABAR L., BAUWELINCKX A., DELIGNE C. (ed.) (2009) Occuper, organiser et ordonner l'espace urbain, Articulo - revue de sciences humaines En ligne, Hors série 1. http://articulo.revues.org/index983.html</s>
    <s>TELLIER C., BABAR L., BAUWELINCKX A., DELIGNE C. (2009) « Rôles et actions des groupes dominants dans la ville : des outils aux processus historicisés », Articulo - revue de sciences humaines En ligne, Hors série 1 http://articulo.revues.org/index1071.html</s>
    <s>DELIGNE C. et BILLEN C. (éds.) (2007) &quot;Voisinages, coexistences, appropriations. Groupes sociaux et territoires urbains (Moyen Age-16e siècle)&quot;, Studies in European Urban History, n°10, Brepols, Turnhout, 297 p.</s>
    <s>Articles dans des revues scientifiques nationales à comité de lecture</s>
    <s>VAN CRIEKINGEN M. (2010) &quot;Du vieux vin dans de nouvelles bouteilles? Une comparaison des opérations de réaménagement des quartiers Nord et Midi à Bruxelles&quot;, Belgeo, à paraître.</s>
    <s>DESSOUROUX C., VAN CRIEKINGEN M., DECROLY J.-M. (2009) &quot;Embellissement sous surveillance: une géographie des politiques de réaménagement des espaces publics au centre de Bruxelles&quot;, Belgeo, 2, 167-184.</s>
    <s>VAN CRIEKINGEN M., DECROLY J.-M. (2009) &quot;Le Plan de Développement International de Bruxelles (PDI). Promesses de développements immobiliers et d'inégalités croissantes?&quot;, Brussels Studies, n°25, pp. 1-15.</s>
    <s>http://www.brusselsstudies.be/PDF/FR 91 BruS25FR.pdf</s>
    <s>DEBROUX T., DECROLY J.-M., DELIGNE C., GALAND M., LOIR Ch., VAN CRIEKINGEN M. (2008) &quot;Les espaces résidentiels de la noblesse à Bruxelles (XVIIIe– XXe siècle)&quot;, Belgeo, n°4, pp. 441-452.</s>
    <s>DELIGNE C. (2008) « Molenbeek et l’Expo’58 : la rénovation du Karreveld revisitée », Cahiers de la Fonderie, n°37, Exposition universelle ’58, pp. 24-28.</s>
    <s>CAILLIEZ J. (2006) « L’Union Européenne à Bruxelles à travers le regard de fonctionnaires britanniques: analyse de cartes mentales », Cahier de La Cambre – Architecture (sous la direction de Carola Hein), n°5, Bruxelles l’européenne, 25 p.</s>
    <s>VAN CRIEKINGEN M. (2006) &quot;Que deviennent les quartiers centraux à Bruxelles ? Des migrations sélectives au départ des quartiers bruxellois en voie de gentrification&quot;, Brussels Studies, n°1, pp. 1-20 http://www.brusselsstudies.be/PDF/FR 27 BS1 francais.pdf</s>
    <s>Rapports, comptes rendus, notes de lecture et articles dans des revues nationales sans comité de lecture</s>
    <s>CAILLIEZ J. (2006) « My Brussels is rich », Agenda Interculturel, n°241, Vivre la ville, mars 2006, pp. 7-11.</s>
    <s>TELLIER C. (2006) Elite(s) : retour sur un concept à géométrie variable , Bruxelles, Université Libre de Bruxelles, Mémoire de DEA en sciences sociales.</s>
    <s>Communications lors de colloques</s>
    <s>LANNOY P. et TELLIER C. (2009) « Un siècle de réseaux ferrés à Bruxelles, ou comment fonder la technicité des choix dans les transports urbains », Journées d'histoire industrielle« Transports, territoires et sociétés (XIX-XXIe siècles) », Mulhouse-Belfort, 26-27 novembre 2009.</s>
    <s>TELLIER C. (2009) « La production de la ville par ses réseaux de transport : analyse des processus de décision en matière de mobilité à Bruxelles », Journée doctorale en transport Eric Tabourin, Paris, 16 septembre 2009.</s>
    <s>TELLIER C. (2009) « Des controverses aux compromis. Les lignes de front du métro bruxellois », Colloque international « Villes et grands équipements de transport : compétitions, tensions, recompositions » Bruxelles, 9-11 septembre 2009.</s>
    <s>CAILLIEZ J. (2009) « How to be European? Denationalized life in the Capital of Europe », 9th Confrerence of the European Sociological Association (ESA), « European Society or European Societies ? », Lisbon, 02-05 September 2009.</s>
    <s>ROMAINVILLE A. (2009) « Home ownership Programmes and Gentrification in Brussels », communication au colloque du Departement of Urban Studies et de l'International Sociological Association: « Housing Assets, Housing People », University of Glasgow, 1-4 septembre 2009.</s>
    <s>www.gla.ac.uk/media/media 129731 en.pdf</s>
    <s>SACCO M. et TELLIER C. (2009) « La régionalisation de Bruxelles à l'épreuve de la contractualisation. Vers de nouvelles manières de gouverner la ville », XLVIe Colloque international de l'Association de Science Régionale de Langue Française (ASRDLF), Clermont-Ferrand, 6-8 juillet 2009.</s>
    <s>CAILLIEZ J. (2009) « Meanings of the city for highly-skilled mobile professionals », 44th annual meeting of the Canadian Sociological Association, Congress of the Humanities and the Social Sciences 2009, « Capital Connections : nation, terroir, territoire », Carleton University, Ottawa, 26-29 May 2009.</s>
    <s>CAILLIEZ J., CALAY V. et VAN CRIEKINGEN M. (2009) « Pressions immobilières et projets de ville. Perspective diachronique sur le quartier européen à Bruxelles », Colloque organisé par l’Observatoire SITQ du développement urbain et immobilier et l’Institut de recherche interdisciplinaire sur Bruxelles, dans le cadre du 77e congrès de l’Acfas, Ottawa, 12-13 mai 2009, à paraître.</s>
    <s>CAILLIEZ J. (2009) « Les réseaux de sociabilité comme supports aux modes d'habiter la ville : les fonctionnaires européens à Bruxelles », 77e congrès de l’Acfas « La science en français, une affaire capitale », Ottawa, 11-15 mai 2009.</s>
    <s>TELLIER C. (2009) « Les réseaux de transport public à Bruxelles, une histoire méconnue », Printemps de l'Histoire, Bruxelles, 8 mai 2009.</s>
    <s>TELLIER C. (2009) « L'histoire de l'organisation du transport de masse à Bruxelles depuis la Seconde Guerre mondiale jusqu'à aujourd'hui », Séminaire du Groupe d'Histoire de Montréal, Montréal, 7 avril 2009.</s>
    <s>VANDERPELEN-DIAGRE C. (2009), « Des hommes d'élite ? L'identification des écrivains à une classe sociale en reconstruction (XIXe siècle) », Journée d'étude du groupe Contextes« La posture », Bruxelles, 30 mars 2009.</s>
    <s>BILLEN C. et DELIGNE C. (2009) « The history of Brussels and its elite », Masterclasses « Brussels for Europe », Bruxelles, 14 janvier 2009.</s>
    <s>BAUWELINCKX A. et DELIGNE C. (2008) « Ediles communaux et acteurs de la haute finance à Bruxelles (1750-1850) : (re)composition des groupes élitaires et de leur(s) rapport(s) à la ville à travers la première révolution industrielle », IXe Conférence internationale d'histoire urbaine, EAUH, Lyon, 27-30 août 2008.</s>
    <s>BILLEN C. et DELIGNE C. (2008) « Bruxelles : une ville au niveau des standards internationaux ? La capitale vue par ses élites (XVIIIe-XXIe siècles) », Masterclasses « Brussels for Europe », Bruxelles.</s>
    <s>DEBROUX T. et LOIR Ch. (2008) « Quartiers artistiques et transformation de l'espace urbain à Bruxelles (XVIIIe-XXe siècles », IXe Conférence internationale d'histoire urbaine, EAUH, Lyon, 27-30 août 2008.</s>
    <s>CAILLIEZ J. (2008) « Bruxelles et son &quot;Quartier européen&quot;. Négociations autour des usages et des pratiques de l'espace », XVIIIe Congrès international AISLF « Etre en société. Le lien social à l'épreuve des cultures », AISLF, Istanbul, 7-11 juillet 2008.</s>
    <s>CAILLIEZ J. (2008) « L’individu mobile : les réseaux sociaux et la ville internationale. Les fonctionnaires européens à Bruxelles », Actes du Colloque International « Ville et Liens Sociaux», organisé par la Faculté des Lettres et des Sciences Humaines de Sfax (Tunisie), Sfax, 6-8 mars 2008, à paraître.</s>
    <s>CAILLIEZ J. (2008) « Contribution de l'analyse des réesaux sociaux à l'étude des processus d'appropriation de la ville : le cas des fonctionnaires européens à Bruxelles », Colloque international « Villes et liens sociaux », organisé par la Faculté des Lettres et des Sciences Humaines de Sfax (Tunisie), Sfax, 6-8 mars 2008.</s>
    <s>CAILLIEZ J. (2007) « Retour sur la question de l’appropriation de l’espace : le cas des fonctionnaires européens à Bruxelles », Colloque pluridisciplinaire et international, « Espaces hérités, espaces enjeux : Appropriations – (dé)valorisations – catégorisations », Maison de la Recherche en Sciences Humaines, Université de Caen, Basse Normandie, 8-9-10 novembre 2007, à paraître.</s>
    <s>CAILLIEZ J. (2007) « De l'espace des flux à l'espace des lieux : pour une transmission de savoir-faire spatiaux », Colloque internation AISLF, Comité de recherche CR30 : Inégalités, identités, liens sociaux, « Figures contemporaines de la transmission », Namur, 10-11 septembre 2007.</s>
    <s>CAILLIEZ J. (2007) « L'Europe à Bruxelles : figure d'une ville cosmopolite ? », Colloque international « Cultural policies in administrative cities », co-organisé par le Comité Economique et Social Européen (CESE) et l'ULB (IGEAT), Bruxelles, CESE, 7 décembre 2007.</s>
    <s>© 2009 Webmaster ARC</s>
    <s>Design by Stylish Website Templates</s>
  </text>
</page>
