<?xml version="1.0" encoding="UTF-8"?>
<!DOCTYPE page SYSTEM "page.dtd">
<page>
  <lang>fr</lang>
  <url>http://bloguecifr.collegeroyal.ca/2011/08/24/evaluer-la-competence-en-fonction-d%25E2%2580%2599une-trajectoire-de-developpement-utilisation-des-taches-dans-le-contexte-clinique/</url>
  <title>Évaluer la compétence en fonction d&#39;une trajectoire de ...</title>
  <snippet>
    <s>24 août 2011 La Dre Boucher co-animera l&#39;atelier préconférence « Évaluer la compétence en Publié dans Tous les articles | Laisser un commentaire </s>
  </snippet>
  <text>
    <s>La conférence</s>
    <s>Programme et Inscription</s>
    <s>Carte du site Web</s>
    <s>Le Blogue de CIFR</s>
    <s>Évaluer la compétence en fonction d’une trajectoire de développement : utilisation des tâches dans le contexte clinique</s>
    <s>août 24, 2011 par royalcollegecanada</s>
    <s>Nous avons récemment communiqué avec la Dre Andrée Boucher, FRCPC, professeure agrégée à la Faculté de médecine et directrice de la pédagogie et dau développement professionnel continu à l'Université de Montréal. La Dre Boucher co-animera l’atelier préconférence « Évaluer la compétence en fonction d’une trajectoire de développement : utilisation des tâches dans le contexte clinique ».</s>
    <s>Qu’est-ce qui distingue les pratiques d’évaluation dans l’approche fondée sur les compétences par rapport à  l’approche fondée sur les objectifs?</s>
    <s>!Il existe deux différences importantes. D’abord, cette approche met l’accent sur la nécessité d’aller au-delà de l’évaluation de l’expertise médicale, vraiment dans l'évaluation des six autres compétences CanMEDS, ce qui ne se fait pas toujours durant la formation. Ensuite, cette approche vise essentiellement à évaluer la compétence des résidents dans l’action, en les observant dans le contexte de leur pratique. Nous évaluons très souvent les connaissances liées à la compétence, mais pas la compétence comme tel. L’évaluation doit porter sur la démonstration concrète de la compétence, plutôt que sur la compréhension de notions théoriques.</s>
    <s>Quels défis cette approche d’évaluation représente-t-elle pour le corps professoral?</s>
    <s>Elle fait ressortir la nécessité d’observer les étudiants, ce que nous ne faisons pas assez présentement. Elle fait aussi ressortir la nécessité de créer des processus formels de rétroaction et de clarifier les attentes pour chacun des niveaux de formation de l'étudiant. Nous devons aussi fournir des outils qu’ils pourront utiliser pour devenir compétents. Une fois que les attentes précisées, par exemple ne matière de gestion de conflits pour une résident junior,  à la fois les enseignants et les résidents auront la responsabilité de s’y préparer et d’êre capable de s’acquitter de la tâche en question.</s>
    <s>Quel est l’élément le plus important de l’évaluation des compétences fondée sur l’utilisation des tâches dans une trajectoire de développement?</s>
    <s>En tant que responsable de programmes de formation, nous avons l’obligation de définir clairement nos attentes, pour chaque élément de la cmpétence à chaque niveau de formation de nos étudiants. Celles-ci varieront selon le stade de développement de chaque résident. Los grilles d’observation utilisées pour documenter les apprentissages et nos critères d’évaluation devront également en tenir compte. Ainsi il deviendra plus facile, au long terme, de  fournir une rétroaction plus appropriée, plus spécifique et, à mon avis, plus efficace.</s>
    <s>De nombreux enseignants sont déjà débordés de travail. Cette approche augmentera-t-elle le temps qui doit être consacré à l’évaluation?</s>
    <s>Définir, rendre explicites les comportements attendus et diffuser ces critères d’évaluation aux professeurs de la Faculté prendra du temps au début. Plusieurs enseignants utilisent déjà de façon implicite certains de ces critères, mais il y a encore une certaine hétérogénéité à travers l’ensemble du corps professoral, ce qui rend parfois difficile de remplir les fiches d’évaluation en cours de formation (FECF).</s>
    <s>Il faudra donc du temps pour enseigner au corps professoral à tirer profit de ces possibilités cliniques et à les intégrer à la formation et à l'évaluation. En bout de ligne cependant, la détermination des attentes en matière de compétence à chaque niveau et l'établissement d’un processus d’observation durant la pratique faciliteront l'évaluation par les enseignants et rendront le processus plus efficace pour les résidents.</s>
    <s>Pour obtenir des renseignements supplémentaires ou pour vous inscrire à l’atelier préconférence « Évaluer la compétence en fonction d’une trajectoire de développement : utilisation des tâches dans le contexte clinique », visitez le site Web de la CIFR.</s>
    <s>&quot;Aimer&quot; ceci :</s>
    <s>Soyez le premier à aimer ce post.</s>
    <s>Publié dans Tous les articles | Laisser un commentaire</s>
    <s>Syndication RSS</s>
    <s>Laisser une réponse Annuler la réponse.</s>
    <s>Entrez ici votre commentaire </s>
    <s>Fill in your details below or click an icon to log in:</s>
    <s>Se connecter</s>
    <s>Se connecter</s>
    <s>Se connecter</s>
    <s>Adresse de contact (obligatoire) (Not published)</s>
    <s>Nom (obligatoire)</s>
    <s>Site web</s>
    <s>!Logo WordPress.com</s>
    <s>Please log in to WordPress.com to post a comment to your blog.</s>
    <s>!Twitter picture</s>
    <s>Vous commentez à l'aide de votre compte Twitter. ( Log Out )</s>
    <s>!Photo Facebook</s>
    <s>Vous commentez à l'aide de votre compte Facebook. ( Log Out )</s>
    <s>Connexion à %s</s>
    <s>M’aviser par courriel de nouveaux commentaires.</s>
    <s>Avertissez-moi par courriel des nouveaux articles.</s>
    <s>English ICRE blog</s>
    <s>Click here</s>
    <s>Vous voulez plus de CIFR?</s>
    <s>Veuillez visiter le site Web CIFR pour en connaître davantage!**</s>
    <s>Articles récents</s>
    <s>Lisez les résumés de la CIFR 2011</s>
    <s>Téléchargez la diapositive de la CIFR 2012</s>
    <s>Téléchargez l’affiche gagnante de la CIFR 2011</s>
    <s>Dates limites à venir</s>
    <s>Date limite d’inscription aux ateliers préconférence :</s>
    <s>28 novembre 2011</s>
    <s>La date limite de propositions pour les ateliers de la conférence : 30 janvier 2012.</s>
    <s>Recherche pour:</s>
    <s>Filières de la conférence</s>
    <s>Choisir une catégorie Activités préconférence Démonstrations Diplôme La réforme des heures de travail L’évaluation des résidents L’enseignement et l’apprentissage dans la formation des résidents Les transitions Pratiques efficaces Séances plénières Symposiums Tous les articles</s>
    <s>Abonnement courriel</s>
    <s>Cliquez pour vous inscrire à ce blog et recevoir les notifications de nouveaux billets par e-mail.</s>
    <s>Consultez le blogue de la CIFR 2010</s>
    <s>Bloguez sur WordPress.com.</s>
    <s>Thème : MistyLook par Sadish.</s>
    <s>Follow Le Blogue de CIFR</s>
    <s>Get every new post delivered to your Inbox.</s>
    <s>Powered by WordPress.com</s>
  </text>
</page>
