<?xml version="1.0" encoding="UTF-8"?>
<!DOCTYPE page SYSTEM "page.dtd">
<page>
  <lang>fr</lang>
  <url>http://rctl.wordpress.com/2010/12/02/conference-de-georges-berly-la-reforme-de-la-loi-sur-la-protection-des-majeurs/</url>
  <title>Conférence de Georges Berly : La réforme de la loi sur la protection ...</title>
  <snippet>
    <s>2 déc. 2010 CONFERENCE de Georges BERLY du 29/11/2010 majeur de faire seul un acte de disposition ou d&#39;administration avec contrôle du curateur </s>
  </snippet>
  <text>
    <s>Le bloc-notes du secrétaire 2010-2011</s>
    <s>à usage des Rotariens du Club Thonon-Léman</s>
    <s>Aller au contenu</s>
    <s>&lt;- Concert de Noël par Christian Espic</s>
    <s>Décisions et propos d'Assemblée générale -&gt;</s>
    <s>Conférence de Georges Berly : La réforme de la loi sur la protection des majeurs</s>
    <s>Publié le 2 décembre 2010 par Richard Réale</s>
    <s>CONFERENCE de Georges BERLY du 29/11/2010</s>
    <s>THEME : REFORME DE LA LOI SUR LA PROTECTION DES MAJEURS</s>
    <s>STATUT DU MANDATAIRE JUDICIAIRE A LA PROTECTION DES MAJEURS (MJPM)</s>
    <s>Je vous propose ce soir d'évoquer la réforme de la loi de protection des majeurs et du nouveau statut du mandataire judiciaire à la protection des majeurs (MJPM).</s>
    <s>En effet, ce postulat représente pour moi, une de mes activités de retraité. J'ai été nommé curateur en novembre 2004 et obtenu l'agrément de Tuteur d'Etat depuis le 26/03/2006, inscrit sur la liste du Procureur de la République de Thonon. Je suis également Président de l'association des Tuteurs et Curateurs du Chablais qui regroupe 14 bénévoles et gère 120 dossiers de majeurs protégés.</s>
    <s>La loi du 05/03/2007 initiée par Pascal CLEMENT, Ministre des Affaires sociales, dont les décrets d'application sont entrés en vigueur fin décembre 2008, modifie profondément le statut du majeur protégé. Elle lui accorde plus de responsabilités et lui permet de retrouver, le cas échéant, une autonomie de vie en s'assumant complètement.</s>
    <s>La loi a également pour but d'effacer dans l'esprit de la population l'image de « TUTEUR = VOLEUR ».</s>
    <s>La gestion des majeurs protégés était assurée, jusqu'à présent par :</s>
    <s>- les tuteurs familiaux.</s>
    <s>- les associations tutélaires avec des salariés dénommés « gérants de tutelle ».</s>
    <s>- les gérants de tutelle hospitaliers.</s>
    <s>- les tuteurs et curateurs bénévoles dont votre serviteur.</s>
    <s>Cette loi est très attendue des familles et des associations, puisque près de 700000 personnes étaient placées en 2007 sous mesure de protection juridique visant des personnes qui n'avaient besoin que d'un accompagnement social, donc une réponse inappropriée à des situations d'exclusion sociale ou de grand pauvreté.</s>
    <s>Par ailleurs, des abus tels que mauvaise gestion des biens ont été parfois constatés au niveau des tuteurs et curateurs, notamment de la part de gérants privés.</s>
    <s>QUE PREVOIT DONC LA NOUVELLE LOI :  on ne parle plus de majeurs incapables mais de personnes vulnérables).</s>
    <s>Elle revient aux fondamentaux concernant la nécessité d'une vraie altération des facultés de la personne à protéger, prouvé par un certificat médical circonstancié établi par un médecin expert inscrit sur la liste du Procureur de la République.</s>
    <s>Seuls pourront demander au juge des tutelles du Tribunal d'Instance,  l'ouverture d'une mesure de protection : le conjoint, le concubin, un parent ou allié de la personne à protéger.</s>
    <s>Les autres tiers devront s'adresser au Procureur de la République du T.G.I.</s>
    <s>La personne à protéger sera obligatoirement auditionnée par le juge et pourra être assistée d'un avocat ou de toute autre personne de son choix, si le juge est d'accord.</s>
    <s>Une fois prononcée la mesure aura une durée de 5 ans, renouvelable et ne pourra être renouvelée qu'après une nouvelle audition et un nouvel examen médical.</s>
    <s>Selon le prééminence familiale, le juge donnera la primauté à le famille (tuteurs familiaux). Il peut également nommer plusieurs tuteurs ou un tuteur et un curateur ad hoc, ou également un subrogé tuteur de plus.</s>
    <s>Si la tutelle est confiée à un tiers, le juge pourra autoriser le conjoint, le partenaire du PACS, un parent ou à un proche à se faire communiquer une copie des comptes de gestion établis par le tuteur.</s>
    <s>QUELLES SONT LES DIFFERENTES MESURES PREVUES PAR LA LOI ?</s>
    <s>DEUX SORTES DE MESURES :</s>
    <s>1) 2 mesures non incapacitantes :</s>
    <s>- MASP : Mesure d'accompagnement social personnalisé, confiée au Conseil Général du Département dont les Services Sociaux (DDASS) qui délègue à un organisme tel que l'UDAF ou à un employé territorial.</s>
    <s>Cette mesure a une durée de 6 mois à 2 ans avec un maximum de 4 ans. Elle sert à percevoir les prestations sociales de santé ou la sécurité est menacée pour une personne qui a la difficulté à gérer son budget.</s>
    <s>- MAJ : Mesure d'accompagnement judiciaire qui intervient après échec de la MASP. Le Juge désigne un mandataire judiciaire (MJPM) pour gérer les prestations sociales. Durée de 2 ans maxi 4 ans. C'est l'ancienne TPS : Tutelle aux prestations sociales).</s>
    <s>Une autre sous-mesure existe la MAJGBF pour l'aide à la Gestion du Budget Familial pour la perception des prestations sociales.</s>
    <s>Durée 2 ans - maxi 4 ans. Elle est donnée par le Juge des Enfants notamment pour la gestion des allocations familiales.</s>
    <s>2) 4 mesures incapacitantes : (Article 425 du Code Civil).</s>
    <s>- SAUVEGARDE DE JUSTICE : Mesure temporaire d'une durée d'un 1 an renouvelable 1 fois, mais c'est une mesure de protection à part entière.</s>
    <s>- CURATELLE : SIMPLE OU RENFORCEE.</s>
    <s>SIMPLE : Autorisation donnée au majeur de faire seul un acte de disposition ou d'administration avec contrôle du curateur à postériori.</s>
    <s>RENFORCEE : le MJPM gère seul les ressources et les dépenses du majeur protégé, cependant la signature des 2 est nécessaire pour les actes de disposition.</s>
    <s>- TUTELLE : Mesure inchangée mais avec clarification des des actes interdits au tuteur : tels que aliénation des biens, remise de dettes, renonciation à l'action, mainlevée d'hypothèque, servitude ou sûreté pour garantir une dette, acquisition d'une créance ou d'un droit, percevoir un don ou un legs du majeur protégé. Tous ces actes doivent faire l'objet d'une requête au juge.</s>
    <s>Curatelles et Tutelle ont une durée de 5 ans renouvelable.</s>
    <s>- MANDAT DE PROTECTION FUTURE :  GENERAL ou SPECIAL.</s>
    <s>C'est un contrat confié à une ou plusieurs personnes par acte notarié pour autrui et obligatoire pour les actes patrimoniaux ou à la personne. (coût 256 €).</s>
    <s>C'est un acte sous seing privé pour soi-même. (coût 125 € d'enregistrement).</s>
    <s>Désignation d'un mandataire futur (personne physique ou personne morale, inscrite sur la liste des MJPM du Procureur.</s>
    <s>Le mandataire a l'obligation d'accepter le mandat comportant la désignation des personnes chargées de son contrôle qui doivent intervenir à l'acte et devant également accepter.</s>
    <s>Cette disposition permet à une personne en pleine possession de ses moyens intellectuels de désigner quelqu'un de confiance qui la représentera dans l'éventualité où elle ne pourrait plus un jour, pourvoir seule à ses intérêts.</s>
    <s>ROLE DU MJPM :</s>
    <s>Sont mandataires judiciaires à la protection des personnes, uniquement les gérants de tutelle salariés des associations tutélaires, les gérants de tutelle hospitaliers et enfin les anciens tuteurs et curateurs bénévoles.</s>
    <s>Ils doivent être titulaires d'un CNC : Certificat National de Compétence, délivré par un Institut du Travail Social.</s>
    <s>Ils doivent satisfaire à des conditions de moralité, d'âge, de formation certifiée par l'Etat et d'expérience professionnelle.</s>
    <s>Titulaire du CNC, le MJPM doit demander son agrément à la DDASS, puis prêter serment au Tribunal d'Instance (après enquête de moralité de Parquet), avant d'être inscrit sur la liste du Procureur de la République.</s>
    <s>Il devra souscrire une assurance responsabilité civile professionnelle, car il sera auto-entrepreneur ou profession libérale en micro entreprise et percevra des émoluments et défraiements, soit du majeur protégé, soit de l'Etat, selon un barème déterminé par les ressources du majeur protégé.</s>
    <s>Lorsque il est désigné pour une mesure de protection par ordonnance du Juge des Tutelles, il devra, après l'avoir acceptée :</s>
    <s>- dresser un inventaire dans les 3 mois, des avoirs et des biens du majeur avec l'aide d'un notaire ou d'un commissaire priseur.</s>
    <s>- modifier l'intitulé des comptes bancaires du MP.</s>
    <s>- informer les organismes du changement.</s>
    <s>- remettre au MP une notice explicative de sa mesure.</s>
    <s>- vérifier que la mesure ait bien été inscrite en marge de l'acte de naissance du MP.</s>
    <s>- établir un compte de gestion annuel avant le 31/03.</s>
    <s>- établir des requêtes au Juge pour tous les actes interdits soir au MP soit à lui-même.</s>
    <s>- établir avec le MP un document individuel de protection permettant une approche globale de sa situation au regard de la mesure et de définir les objectifs. C'est un outil nécessaire à la construction d'un projet personnalisé du MP.</s>
    <s>CONCLUSION :</s>
    <s>Je crois avoir résumé assez succintement les modifications importantes contenues dans la loi portant tant sur les nouvelles mesures d'accompagnement social des majeurs que sur le nouveau métier de MJPM profession libérale.</s>
    <s>Je voudrais souligner l'impact des mesures d'accompagnement social en charge du pôle gérontologique du Département et son budget, notamment rémunération des agents territoriaux en plus de aides sociales.</s>
    <s>D'où le projet de nouvelle loi sur la Dépendance évoquée par le Président de la République, chiffrée par son Premier Ministre à environ 30 millions d'euros.</s>
    <s>Je vous remercie de votre attention.</s>
    <s>&quot;Aimer&quot; ceci :</s>
    <s>Soyez le premier à aimer ce post.</s>
    <s>Cette entrée a été publiée dans Réunions statutaires. Ajouter aux Favoris le permalien.</s>
    <s>&lt;- Concert de Noël par Christian Espic</s>
    <s>Décisions et propos d'Assemblée générale -&gt;</s>
    <s>Laisser une réponse Annuler la réponse.</s>
    <s>Entrez ici votre commentaire </s>
    <s>Se connecter</s>
    <s>Se connecter</s>
    <s>Se connecter</s>
    <s>Adresse de contact (obligatoire) (Not published)</s>
    <s>Nom (obligatoire)</s>
    <s>Site web</s>
    <s>!Logo WordPress.com</s>
    <s>Please log in to WordPress.com to post a comment to your blog.</s>
    <s>!Twitter picture</s>
    <s>Vous commentez à l'aide de votre compte Twitter. ( Log Out )</s>
    <s>!Photo Facebook</s>
    <s>Vous commentez à l'aide de votre compte Facebook. ( Log Out )</s>
    <s>Connexion à %s</s>
    <s>M’aviser par courriel de nouveaux commentaires.</s>
    <s>Avertissez-moi par courriel des nouveaux articles.</s>
    <s>Recherche pour:</s>
    <s>Articles récents</s>
    <s>Illettrisme : une action du Rotary</s>
    <s>Les secouristes de la Protection Civile apprécient notre article</s>
    <s>La Protection civile au Rotary club Thonon Léman : « De l'action, pas de finances »</s>
    <s>Dernière réunion du mandat, par Laurent Marcoz</s>
    <s>« Léman horizon Madagascar » reçoit le soutien du Rotary</s>
    <s>Plongée dans le temps pour le Rotary Thonon Léman</s>
    <s>Félicitations à notre Trésorier !</s>
    <s>Don d'organes : Les remerciements de Jacques Sarteel</s>
    <s>Le Rotary s'implique en faveur du Don d'organes</s>
    <s>Choisir une catégorie Agenda (23) Lectures par Gérard Flez (1) Nos actions (28) Nos visiteurs (21) Nouvelles brèves (34) Presse (4) Réunions d'été (11) Réunions de District (14) Réunions statutaires (54) Un 4ème Rotary-Club? (13) Uncategorized (1)</s>
    <s>Choisir un mois septembre 2011 (1) juillet 2011 (1) juin 2011 (13) mai 2011 (5) avril 2011 (14) mars 2011 (9) février 2011 (8) janvier 2011 (4) décembre 2010 (3) novembre 2010 (2) octobre 2010 (22) septembre 2010 (14) août 2010 (3) juillet 2010 (12)</s>
    <s>décembre 2010</s>
    <s>L Ma Me J V S D</s>
    <s>« nov</s>
    <s>jan »</s>
    <s>Blog Stats</s>
    <s>6,176 hits</s>
    <s>Le bloc-notes du secrétaire 2010-2011</s>
    <s>Thème : Twenty Ten Fièrement propulsé par WordPress</s>
    <s>Follow Le bloc-notes du secrétaire 2010-2011</s>
    <s>Get every new post delivered to your Inbox.</s>
    <s>Powered by WordPress.com</s>
  </text>
</page>
