<?xml version="1.0" encoding="UTF-8"?>
<!DOCTYPE page SYSTEM "page.dtd">
<page>
  <lang>fr</lang>
  <url>http://fr.allafrica.com/stories/201105270675.html</url>
  <title>allAfrica.com: Décision sur le réglement pacifique de la crise ...</title>
  <snippet>
    <s>25 mai 2011 SPONSOR WIRE. 1. La Conférence de l&#39;Union, lors de sa session extraordinaire tenue à Addis 01.2011)], ainsi que de la communication présentée par le Comité ad hoc de haut niveau de l&#39;Union africaine (UA) sur la Libye. 2. les Nations unies, la Ligue des Etats arabes, l&#39;UA et d&#39;autres organisations. </s>
  </snippet>
  <text>
    <s>African Union</s>
    <s>(Addis Ababa)</s>
    <s>Dsion sur le rement pacifique de la crise libyenne - Renforcer le leadership de l?Afrique, Promouvoir des solutions africaines</s>
    <s>25 Mai 2011</s>
    <s>SPONSOR WIRE</s>
    <s>1. La Conference de l'Union, lors de sa session extraordinaire tenue a Addis Abeba, en Ethiopie, le 25 mai 2011, pour deliberer sur l'etat de la paix et de la securite en Afrique, a examine de façon approfondie la situation en Libye, a la lumiere du rapport du President de la Commission EXT/Assembly/AU/2.(01.2011), ainsi que de la communication presentee par le Comite ad hoc de haut niveau de l'Union africaine (UA) sur la Libye.</s>
    <s>2. La Conference, apres avoir reaffirme tous les communiques anterieurs du Conseil de paix et de securite (CPS) sur la situation en Libye, a exprime sa profonde preoccupation face a la situation actuelle et a ses consequences pour la population civile et la stabilite a long terme de la Libye, ainsi que pour les pays de la region, en particulier ceux de l'Afrique du Nord et de la bande sahelosaharienne.</s>
    <s>3. La Conference a reitere sa conviction que seule une solution politique au conflit actuel permettra de promouvoir une paix durable en Libye et de repondre aux aspirations legitimes du peuple libyen a la democratie, a l'Etat de droit, au respect des droits de l'homme et a la bonne gouvernance, ainsi que de preserver l'unite et l'integrite territoriale de la Libye. A cet egard, la Conference a fait sienne la Feuille de route de l'UA pour le reglement de la crise en Libye, telle qu'adoptee par le CPS, lors de sa 265eme reunion tenue le 10 mars 2011 PSC/PR/COMM.2(CCLXV), et en a souligne l'actualite.</s>
    <s>4. La Conference a reitere la necessite d'une cessation immediate de toutes les attaques et exactions contre la population civile, ainsi que d'un cessez?le?feu immediat, comme l'exige la resolution 1973(2011) et le CPS, sous la surveillance d'un mecanisme international credible et efficace. La Conference a souligne que le cessez?le?feu devrait conduire a l'etablissement d'une periode transitoire consensuelle et inclusive, pendant laquelle seraient menees a bien les reformes necessaires pour repondre aux aspirations legitimes du peuple libyen, etant entendu que cette transition culminerait avec la tenue d'elections democratiques qui permettraient aux Libyens de choisir librement leurs dirigeants.</s>
    <s>5. En attendant l'instauration d'un tel cessez?le?feu, et compte tenu de la situation humanitaire catastrophique qui prevaut sur le terrain, comme l'a notamment souligne la Secretaire generale adjointe des Nations unies aux Affaires humanitaires et Coordonnatrice des Secours d'urgence, la Conference a exige une treve immediate dans les combats et dans les bombardements aeriens menes par l'OTAN, afin de donner un repit a la population civile, d'attenuer ses souffrances et de permettre l'acheminement de l'assistance humanitaire tant necessaire a tous ceux qui en ont besoin. A cet egard, la Conference est de l'avis murement reflechi que la poursuite de l'operation militaire de l'OTAN sape l'objectif meme pour lequel celle?ci a ete originellement autorisee, a savoir la protection de la population civile, et complique davantage toute transition vers un systeme democratique en Libye.</s>
    <s>6. La Conference a demande au CPS d'examiner avec diligence et d'autoriser le deploiement immediat d'une mission d'observation de l'UA pour suivre de pres la situation, fournir une evaluation independante des developpements sur le terrain et faciliter la mise en place ulterieure d'une mission internationale plus large qui impliquerait les Nations unies, la Ligue des Etats arabes, l'UA et d'autres organisations. La Conference a demande aux Etats membres de fournir les personnels, ainsi que le soutien financier et logistique requis pour le deploiement rapide et effectif de la mission d'observation envisagee. Elle en a appele aux Parties libyennes pour qu'elles cooperent pleinement avec cette mission, et aux partenaires, pour qu'ils contribuent a son succes.</s>
    <s>7. Tout en reiterant l'attachement de l'UA aux resolutions 1970 (2011) et 1973 (2011), la Conference a souligne l'obligation qui incombe a tous les Etats membres des Nations unies et aux autres acteurs internationaux concernes de se conformer pleinement a la lettre et a l'esprit de ces resolutions. La Conference a exprime sa profonde preoccupation face au precedent dangereux qui est en train d'etre cree par des interpretations biaisees de ces resolutions, aux fins de donner une base legale a des actions militaires et autres sur le terrain qui sont manifestement en dehors de leur champ d'application, ainsi que face aux consequences negatives qui en decoulent pour les efforts visant a edifier un ordre international fonde sur la legalite. La Conference a prie le Groupe africain a New York, et les membres africains du Conseil de securite des Nations unies de prendre l'initiative de la convocation rapide d'une reunion du Conseil de securite, ainsi que de l'Assemblee generale, a l'effet d'evaluer la mise en oeuvre des resolutions 1970(2011) et 1973(2011).</s>
    <s>8. La Conference a exprime la surprise et la deception de l'Afrique face aux tentatives de marginalisation du continent dans la gestion du conflit libyen, rappelant que le role du Comite ad hoc de haut niveau est formellement reconnu par le Conseil de securite dans le paragraphe 2 de la resolution 1973(2011) et qu'il s'inscrit dans le contexte general du Chapitre VIII de la Charte des Nations unies sur le role des accords regionaux dans le reglement des differends entre et au sein de leurs Etats membres. La Conference a aussi rappele que l'Afrique, en particulier les pays de la region, sont ceux qui subissent le plus l'impact du conflit en Libye, tant sur le plan de la securite qu'en termes socio?economiques.</s>
    <s>9. La Conference a souligne que le reglement durable de la crise en Libye requiert une contribution significative de l'Afrique et une coordination etroite entre tous les acteurs concernes. La Conference a marque l'engagement solennel de l'Afrique a travailler etroitement avec ses partenaires multilateraux, en particulier les Nations unies et l'Envoye special du Secretaire general pour la Libye, dans l'esprit du paragraphe 2 de la resolution 1973(2011), la Ligue des Etats arabes, l'Organisation de la Conference islamique (OCI) et l'Union europeenne (UE), ainsi qu'avec ses partenaires bilateraux.</s>
    <s>10. La Conference a reaffirme la contribution remarquable que le Comite ad hoc pourrait apporter a la recherche d'une solution pacifique au conflit en Libye, de façon conforme aux objectifs des resolutions 1970 (2011) et 1973 (2011). En consequence, la Conference, exprimant une fois de plus l'appreciation de l'UA pour le travail accompli jusqu'ici par le Comite ad hoc, a demande au Comite de poursuivre et d'intensifier ses efforts, notamment en se rendant, a nouveau, a Tripoli et a Benghazi, pour faire avancer la recherche d'une solution politique au conflit, y compris la mise en place rapide d'une periode de transition consensuelle, sur la base de la Feuille de route de l'UA et des propositions qui pourraient etre soumises par les Parties. La Conference a egalement prie le Comite ad hoc de depecher, le plus tot possible, une delegation ministerielle a New York, pour interagir avec le Conseil de securite et ses membres sur les efforts de l'UA et la voie a suivre en Libye.</s>
    <s>11. La Conference s'est felicitee de la decision de tenir, au Caire, en Egypte, le 30 mai 2011, une reunion qui regroupera l'UA, la Ligue des Etats arabes, l'OCI, l'UE et les Nations unies, pour elaborer des mesures concretes pour un cessez?le?feu et le lancement d'un processus politique devant deboucher sur une solution durable a la crise.</s>
    <s>12. La Conference a exprime sa grave preoccupation face au sort des travailleurs migrants africains vivant en Libye et a celui d'entre eux qui tentent de quitter le pays, notant avec tristesse la mort en mer de plusieurs centaines de personnes, essentiellement des ressortissants africains, apres que leur embarcations ont coule. La Conference a rappele aux pays et organisations dont les navires patrouillent en Mer Mediterranee l'obligation qui pese sur eux de porter assistance a tous les bateaux en provenance de la Libye. La Conference a egalement souligne la necessite de respecter le principe humanitaire du non?refoulement des eaux territoriales et du sol europeens pour les milliers de personnes fuyant la guerre qui ravage la Libye.</s>
    <s>13. La Conference a rendu hommage aux pays voisins de la Libye, en particulier l'Algerie, l'Egypte et la Tunisie, pour avoir accueilli des centaines de milliers de civils, y compris des Africains, fuyant les violences en Libye. La Conference les a felicites pour leur generosite et leur hospitalite, exprimant l'espoir que l'exemple qu'ils ont donne sera suivi ailleurs. La Conference a egalement exprime son appreciation aux agences humanitaires, en particulier le Haut Commissariat des Nations unies aux Refugies (HCR) et l'Organisation internationale des Migrations (OIM), pour leur soutien et contribution inestimables.</s>
    <s>14. La Conference, dans la perspective du renforcement du role de l'UA dans le processus devant conduire au reglement pacifique de la crise libyenne, a demande a la Commission de lui soumettre un rapport sur l'evolution de la situation et les progres accomplis dans la mise en oeuvre de la presente decision et des communiques pertinents du CPS, lors de sa prochaine session ordinaire, a Malabo, en Guinee equatoriale.</s>
    <s>Copyright (C) 2011 African Union. Droits de reproduction et de diffusion rrv Distribuar AllAfrica Global Media (allAfrica.com). Pour tout commentaire ou demande d'autorisation de reproduction ou de diffusion, contactez directement le propriire des droits en cliquant ici.</s>
    <s>AllAfrica collecte et indexe du contenu provenant de plus de 125 organes de presse d'Afrique ainsi que de plus de 200 autres sources d'informations et de nouvelles . Les pourvoyeurs d'informations de AllAfrica gardent l'enti responsabilitditoriale de leur production. Les articles et documents identifiant AllAfrica comme source sont produits ou commandpar AllAfrica .</s>
    <s>AllAfrica - All the Time</s>
    <s>African Union</s>
    <s>Le Comitd hoc de haut niveau de l'UA sur la Libye a tenu sa cinqui rion</s>
    <s>Daration sur l't de la paix et de la securitn Afrique</s>
    <s>Intervention de SEM Jean Ping a rion ministelle du IAFS II</s>
    <s>280 rion du Conseil de paix et de srita&gt;</s>
    <s>[279 rion du Conseil de paix et de srite l'Union africaine (UA)</s>
    <s>Debut de page | Mobile | Qui Nous Sommes | Publicite | Recherche</s>
    <s>Mon Compte | Faites d'allAfrica.com votre page d'accueil | RSS | Contactez-nous | Mentions legales</s>
    <s>Sponsor Wire</s>
  </text>
</page>
