<?xml version="1.0" encoding="UTF-8"?>
<!DOCTYPE page SYSTEM "page.dtd">
<page>
  <lang>fr</lang>
  <url>http://fr.allafrica.com/stories/201106200485.html</url>
  <title>allAfrica.com: Sénégal: Ouverture de la conférence internationale ...</title>
  <snippet>
    <s>17 juin 2011 Dakar — Une conférence internationale sur la parité s&#39;est ouverte vendredi à Elle a pour objectif de permettre aux participants d&#39;échanger sur le actes de la conférence internationale de Dakar sur la parité figurent parmi </s>
  </snippet>
  <text>
    <s>Agence de Presse Sgalaise (Dakar)</s>
    <s>Sgal : Ouverture de la confnce internationale sur la parith1&gt;</s>
    <s>17 Juin 2011</s>
    <s>Dakar -- Une conference internationale sur la parite s'est ouverte vendredi a Dakar, sous la presidence du chef de l'Etat senegalais Abdoulaye Wade et en presence de representants de plusieurs pays d'Afrique de l'Ouest qui doivent adopter une declaration commune sur la promotion et l'operationnalisation de la parite hommes-femmes.</s>
    <s>Cette rencontre, qui s'acheve samedi, est axee sur le theme : &quot;Inscrire la parite au coeur du developpement, au-dela de la loi : enjeux et perspectives&quot;. Elle a pour objectif de permettre aux participants d'echanger sur le concept de la parite et les enjeux lies a son adoption et a son application comme mecanisme de regulation de la representativite des hommes et des femmes dans les instances de decision.</s>
    <s>Il s'agira pour les participants de s'approprier le concept de parite et d'echanger sur les experiences d'institutionnalisation et d'integration du genre dans les 12 pays representes a la rencontre, dont le Senegal, le Burkina Fao, la Gambie, la Guinee et le Mali.</s>
    <s>Les participants doivent aussi partager leurs &quot;experiences de plaidoyer&quot; faites en matiere de genre par les organisations de la societe civile, en Afrique et ailleurs.</s>
    <s>Aussi doivent-ils identifier des actions strategiques et operationnelles pour rendre effective l'egalite des sexes dans les institutions et proposer un cadre de coordination et des outils de suivi de la synergie d'action en faveur de la parite.</s>
    <s>Plusieurs sessions et ateliers sont prevus pendant les deux jours, sur les sous-themes : &quot;Parite : concept, experience et enjeux&quot;, &quot;La parite dans les cadres communautaires&quot; ou encore &quot;Plaidoyer pour l'ethique, l'egalite et la parite au niveau africain et a l'echelle internationale&quot;.</s>
    <s>Liens Pertinents</s>
    <s>Afrique de l'Ouest</s>
    <s>Femmes et Genre</s>
    <s>Des ateliers avec des groupes simultanes sont organises au profit des decideurs, des associations feminines africaines et internationales et des jeunes leaders.</s>
    <s>Les participants doivent s'entendre, a la fin de la rencontre, sur l'elaboration d'un cadre strategique pour la mise en oeuvre de la Declaration solennelle sur l'egalite entre les hommes et les femmes en Afrique, la definition d'un cadre de coordination et de suivi pour un plaidoyer en faveur de la parite.</s>
    <s>La formulation d'un cadre d'action des jeunes pour la promotion de la parite, l'elaboration et la publication des actes de la conference internationale de Dakar sur la parite figurent parmi les resultats attendus.</s>
    <s>Copyright (C) 2011 Agence de Presse Sgalaise. Droits de reproduction et de diffusion rrv Distribuar AllAfrica Global Media (allAfrica.com). Pour tout commentaire ou demande d'autorisation de reproduction ou de diffusion, contactez directement le propriire des droits en cliquant ici.</s>
    <s>AllAfrica collecte et indexe du contenu provenant de plus de 125 organes de presse d'Afrique ainsi que de plus de 200 autres sources d'informations et de nouvelles . Les pourvoyeurs d'informations de AllAfrica gardent l'enti responsabilitditoriale de leur production. Les articles et documents identifiant AllAfrica comme source sont produits ou commandpar AllAfrica .</s>
    <s>AllAfrica - All the Time</s>
    <s>Be the first to Write a Comment!</s>
    <s>Les nouvelles du jour</s>
    <s>Le procureur de la Cpi attendu bidjan en RCI</s>
    <s>Rapt de deux employespagnoles de MSF au Kenya</s>
    <s>L'opposition sgalaise s'avance vers des primaires</s>
    <s>Vente de Shell Mauritius itol et Helios Investment</s>
    <s>Le temps id pour les affaires au Sud-Soudan</s>
    <s>La BAD finance les infrastructures au Gabon</s>
    <s>Plus de titres sur allAfrica.com</s>
    <s>Lewis Lukens inaugure une salle multifonctionnelle hi lundi</s>
    <s>L'Ambassadeur des USA au </s>
    <s>Le pays produira trois millions de tonnes de fer en 2013</s>
    <s>Les entreprises angolaises AMR et </s>
    <s>Ascad - Enfin la rmpense du laur de son prix</s>
    <s>Un prix. Il etait </s>
    <s>Recrutement / Entretien de la voirie - Plusieurs milliers de jeunes prennent d'assaut la </s>
    <s>L'OMS annonce une nouvelle baisse de la mortalitt de la morbiditues a tuberculose</s>
    <s>Les officiers de l'armrenforcent leurs capacit/a&gt;</s>
    <s>[A l'initiative du ministere </s>
    <s>Debut de page | Mobile | Qui Nous Sommes | Publicite | Recherche</s>
    <s>Mon Compte | Faites d'allAfrica.com votre page d'accueil | RSS | Contactez-nous | Mentions legales</s>
    <s>Sign up for FREE daily 'top headlines' by email »</s>
    <s>English SitePlan du SiteQui Nous SommesNotre ReseauPubliciteMon CompteMon AfriqueAffairesMobile</s>
    <s>Liens Pertinents</s>
    <s>Afrique de l'Ouest</s>
    <s>Femmes et Genre</s>
    <s>Reportages d'allAfrica</s>
    <s>Arts et Culture</s>
    <s>Revue Littire</s>
    <s>Conflit et Srita&gt;</s>
    <s>Santt Mcine</s>
    <s>Revue Musicale</s>
    <s>Femmes et Genre</s>
    <s>USA, Canada et Afrique</s>
    <s>Afrique et Europe</s>
    <s>Afrique, Asie et Australie</s>
    <s>Afrique et Moyen Orient</s>
    <s>Afrique et Amque Latine</s>
    <s>SELECT -- Rons/Pays -- Afrique Afrique Australe Afrique Centrale Afrique de l'Est Afrique de l'Ouest Afrique du Nord --- Afrique du Sud Algerie Angola Botswana Burkina Faso Burundi Benin Cameroun Cap-Vert Centrafrique Comores Congo-Brazzaville Congo-Kinshasa Cote d'Ivoire Djibouti Egypte Erythree Ethiopie Gabon Gambie Ghana Guinee Guinee Bissau Guinee Equatoriale Ile Maurice Kenya Lesotho Liberia Libye Madagascar Malawi Mali Maroc Mauritanie Mozambique Namibie Niger Nigeria Ouganda Rwanda Sahara Occidental Seychelles Sierra Leone Somalie Soudan Sud-Soudan Swaziland Sao Tome and Principe Senegal Tanzanie Tchad Togo Tunisie Zambie Zimbabwe</s>
    <s>SELECT -- Rubriques -- AGOA Actualites Agroindustrie Aide et Assistance Aliments et Agriculture Armes et Armees Arts Athletisme Banques Bourse Climat Commerce Conflit Construction Corruption Coupe du Monde Dette Devises Droits de l'Homme Developpement Durable Eau Eco-tourisme Editoriaux Education Energie Enfance Entreprises Environnement Fabrication Faune Femmes et Genre Finance Flux de Capitaux Football Gouvernance Grossesse et Accouchement Infrastructures Investissement Jeux Olympiques Justice et Lois L'Afrique qui bouge Livres Maintien de la Paix Migrations Musique Media NEPAD NTIC Nutritive ONG Oceans Paludisme Parcs Animaliers Polio Privatisation Produits Petrole Religion Reportages d'allAfrica Ressources Minieres Revue Litteraire Revue Musicale Refugies SIDA Sante et Medecine Science Sports Terres et Gestion Rurale Terrorisme Transport Travail et Syndicats Tuberculose Urbanisation Voyages --- Affaires Afrique Australe Affaires Afrique Central Affaires Afrique de l'Est Affaires Afrique du Nord Affaires-Afrique de l'Ouest --- Afrique et Amerique Latine Afrique et Europe Afrique et Moyen Orient Afrique, Asie et Australie Organisations Internationales USA, Canada et Afrique --- Photo Essays Reportages d'allAfrica Special Reports</s>
    <s>In Topical Focus » Senegal</s>
    <s>L'opposition sgalaise s'avance vers des primaires</s>
    <s>La premi pe du processus de dgnation du candidat de l'opposition est </s>
    <s>Appui pour le developpement du NEPAD et 'UA</s>
    <s>Le syst des Nations Unies veut harmoniser ses interventions pour mieux participer </s>
    <s>Au Sgal, le pouvoir polque avec la Raddho</s>
    <s>Le pouvoir veut emper la Rencontre africaine pour la dnse des droits </s>
    <s>Le top des actualitdes actualit Sgal</s>
    <s>Les plus lus</s>
    <s>Les commentes</s>
    <s>Les plus envoyes</s>
    <s>1. Afrique: JO de Londres 2012 - Les africains chercheront leurs visas au Maroc</s>
    <s>2. Afrique: Tirage au sorts de la Can 2012 - Les &quot;lions&quot; entre pays h et gros calibres</s>
    <s>3. Afrique: La Can 2012 est &quot;une bonne nouvelle&quot; pour le foot africain</s>
    <s>4. Bouna Coundoul - &quot;Toutes les ipes prntes peuvent gagner la Can 2012&quot;</s>
    <s>5. Afrique: Premier tour de la Can 2012 - Le Sgal jouera le Ghana, la cd'ivoire ou un pays organisateur</s>
    <s>6. Ghana/Cote d'Ivoire: Can 2012 - Ghana et Cd'Ivoire en favoris, les lions en outsiders</s>
    <s>7. Confnce de presse de la communautwandaise akar, vendredi</s>
    <s>8. Afrique: Le biocarburant est une chance pour le continent</s>
    <s>9. Primaires ennoo Siggil Sgal - Les Has Been en pole position</s>
    <s>10. Concurrence au poste de gardiens des 'lions' locaux</s>
    <s>11. autres titres &gt;&gt;</s>
    <s>1. Nd Khady Beut &quot;tuer&quot; l'ONU pour br le &quot;gouvernement mondial&quot;</s>
    <s>2. Afrique: La Can 2012 est &quot;une bonne nouvelle&quot; pour le foot africain</s>
    <s>3. Mamadou Seck ru prdent de l'AssemblNationale</s>
    <s>4. Retrait de la plainte d'Alioune Tine</s>
    <s>5. Forclassde Mbao - Des milliers d'hectares pill/a&gt;</s>
    <s>6. [Afrique: Le biocarburant est une chance pour le continent</s>
    <s>7. Les jeunes de l'Afp appellent a mobilisation pour libr Malick Seck</s>
    <s>8. Prdentielle - Le candidat des 'indndants' connu avant la fin octobre</s>
    <s>9. Rapport national sur la competitivitu pays</s>
    <s>10. Appels entrants - Les femmes de sonatel opposent leurs arguments juridiques</s>
    <s>11. autres titres &gt;&gt;</s>
    <s>1. Nd Khady Beut &quot;tuer&quot; l'ONU pour br le &quot;gouvernement mondial&quot;</s>
    <s>2. Afrique: La Can 2012 est &quot;une bonne nouvelle&quot; pour le foot africain</s>
    <s>3. Mamadou Seck ru prdent de l'AssemblNationale</s>
    <s>4. Retrait de la plainte d'Alioune Tine</s>
    <s>5. Forclassde Mbao - Des milliers d'hectares pill/a&gt;</s>
    <s>6. [Afrique: Le biocarburant est une chance pour le continent</s>
    <s>7. Les jeunes de l'Afp appellent a mobilisation pour libr Malick Seck</s>
    <s>8. Prdentielle - Le candidat des 'indndants' connu avant la fin octobre</s>
    <s>9. Rapport national sur la competitivitu pays</s>
    <s>10. Appels entrants - Les femmes de sonatel opposent leurs arguments juridiques</s>
    <s>11. autres titres &gt;&gt;</s>
    <s>Bref Apernbsp;» Sgal</s>
    <s>Primaires ennoo Siggil Sgal - Les Has Been en pole position</s>
    <s>Nd Khady Beut &quot;tuer&quot; l'ONU pour br le &quot;gouvernement mondial&quot;</s>
    <s>La Can 2012 est &quot;une bonne nouvelle&quot; pour le foot africain</s>
    <s>Mamadou Seck ru prdent de l'AssemblNationale</s>
    <s>Retrait de la plainte d'Alioune Tine</s>
    <s>Plus de Titres » APS</s>
    <s>Sgal: Diversity Immigrant Visa - L'ambassade amcaine dnt tout recours es intermaires</s>
    <s>Sgal: Journde solidaritvec les malades mentaux errants, lundi</s>
    <s>Sgal: Pape Diouf - &quot;Le professionnalisme tel qu'il existe ailleurs n'est pas viable en Afrique&quot;</s>
    <s>Sgal: Signature d'un accord pour la lutte contre la maltraitance</s>
    <s>Sgal: Les prins sgalais mis dans de &quot;bonnes conditions pour un prinage sans faille&quot; (ministre)</s>
    <s>plus de titres »</s>
  </text>
</page>
