<?xml version="1.0" encoding="UTF-8"?>
<!DOCTYPE page SYSTEM "page.dtd">
<page>
  <lang>fr</lang>
  <url>http://respoinfo.org/prenons-soin-de-la-planeteprenons-notre-place-dans-monde/</url>
  <title>Charte des responsabilités humaines Qué/Cdn » PRENONS SOIN ...</title>
  <snippet>
    <s>Le Comité organisateur de la participation canadienne à la Conférence internationale jeunesse Prenons soin de la planète DATE LIMITE DES CANDIDATURES: 31 Mars 2010 Les personnes intéressées peuvent s&#39; informer en écrivant à </s>
  </snippet>
  <text>
    <s>Album Photos</s>
    <s>Réunions de l'équipe internationale de coordination</s>
    <s>Activités 2009-2010</s>
    <s>Nos activités / Our activities</s>
    <s>Activités 2010-2011</s>
    <s>Activités 2009-2010</s>
    <s>PRENONS SOIN DE LA PLANÈTEPrenons notre place dans le monde !</s>
    <s>Nourrir la planète et Marche 2/3</s>
    <s>En route vers la Conférence à Brasilia !</s>
    <s>Passer à l'action …</s>
    <s>Prenons soin de la Planète - Charte des responsabilités des jeunes du monde</s>
    <s>Liens / Links</s>
    <s>Responsabilités et milieu scientifique</s>
    <s>Initiative internationale</s>
    <s>Éthique et responsabilités au 2ième Forum mondial Sciences et démocratie</s>
    <s>Une autre conception de l’enseignement supérieur et de la recherche est possible!</s>
    <s>Responsabilités des scientifiques et FMSD</s>
    <s>Textes de réflexion</s>
    <s>En provenance d'organisations internationales</s>
    <s>LA RESPONSABILITÉ C’EST NOTRE POUVOIR !</s>
    <s>Qui sommes-nous?</s>
    <s>LES NOUVEAUTÉS / LATEST POSTS</s>
    <s>Françsois Beaudry, »</s>
    <s>Les infrastructures »</s>
    <s>« Pour exiger »</s>
    <s>!Recevez nos nouveautés/ Get our most recent posts</s>
    <s>!Blog RSS / RSS du blogue</s>
    <s>!RSS Comments / Commentaires RSS</s>
    <s>PRENONS SOIN DE LA PLANÈTEPrenons notre place dans le monde</s>
    <s>!Logo CONFINT révisé web</s>
    <s>!logo partenaires</s>
    <s>Le Comité organisateur de la participation canadienne à la Conférence internationale jeunesse Prenons soin de la planète est très heureux de faire connaître les noms des membres de la délégation à la Conférence qui se tiendra à Brasilia (Brésil) du 5 au 10 juin 2010.</s>
    <s>Audrey Marquis-Drolet , École secondaire Roger-Comtois, Québec</s>
    <s>Cassandre Mercier , Académie Lafontaine, St-Jérôme</s>
    <s>Christophe Morency-Pichet , Polyvalente de Charlesbourg</s>
    <s>Sacha Pouliot-Ngo , École secondaire Roger-Comtois, Québec</s>
    <s>Les jeunes membres de la délégation seront accompagnés par :</s>
    <s>Christian Camiré , École secondaire Roger-Comtois</s>
    <s>Sonya Ouellette , Académie Lafontaine, St-Jérôme</s>
    <s>À l’invitation du Comité organisateur brésilien, Marie-Ève Paquin , Étudiante à l’Université Laval, agira à titre de facilitatrice des échanges lors de la Conférence.</s>
    <s>DATE LIMITE DES CANDIDATURES: 31 Mars 2010</s>
    <s>INVITATION: Les jeunes du Québec et du Canada sont invités à s’associer aux jeunes de nombreux pays de la planète pour ensemble prendre soin de leur milieu de vie, de leur pays et de la Planète.</s>
    <s>Le réseau des Établissements verts Brundtland de la Centrale des syndicats du Québec (EVB/CSQ), la Fondation Monique-Fitz-Back, le Comité Québec/Canada de la Charte des responsabilités humaines s’associent afin de faciliter la participation d’élèves québécois et canadiens à la Conférence internationale jeunesse Prenons soin de la planète . Ils pourront compter sur la collaboration des partenaires - le Club 2/3 division jeunesse d'Oxfam-Québec de la Fédération des commissions scolaires du Québec, le Secrétariat québécois des écoles associées de l'UNESCO - pour l’ensemble du processus.</s>
    <s>Consultez l'APPEL et le RÈGLEMENT pour tous les renseignements</s>
    <s>Les sites Établissements verts Brundtland (EVB-CSQ) et Ma Rue verte de même que Un chemin pour l'exercice des responsabilités sont disponibles pour soutenir le travail des jeunes.</s>
    <s>Les personnes intéressées peuvent s'informer en écrivant à confint2010@respoinfo.org ou en téléphonant à l'un ou l'autre des numéros 514-526-0869, 1 866 621-6927, 418 523-8585 poste 225.</s>
    <s>Les classes participantes sont invitées à faire parvenir leur pré-inscription</s>
    <s>Formulaire d'inscription</s>
    <s>Cette invitation s’inscrit dans le processus international mis en œuvre par une équipe brésilienne sous l’égide du Ministère brésilien de l’Éducation</s>
    <s>Blog English</s>
    <s>Diversity and Responsibility</s>
    <s>Economy and Responsibility</s>
    <s>Environment and Responsibiity</s>
    <s>Knowledge and Responsibility</s>
    <s>Rights and Responsibility</s>
    <s>Blogue français</s>
    <s>Diversité et responsabilité</s>
    <s>Droits et responsabilité</s>
    <s>Économie et responsabilité</s>
    <s>Environnement et responsabilité</s>
    <s>Invitations &amp; Conférences</s>
    <s>Savoirs et responsabilité</s>
    <s>Territorialité et responsabilité</s>
    <s>«APPELS À L'ACTION»</s>
    <s>Copyright (C) 2011 Charte des responsabilités humaines Qué/Cdn - All Rights Reserved</s>
    <s>Powered by WordPressAtahualpa Theme by BytesForAll</s>
  </text>
</page>
