<?xml version="1.0" encoding="UTF-8"?>
<!DOCTYPE page SYSTEM "page.dtd">
<page>
  <lang>fr</lang>
  <url>http://fr.allafrica.com/stories/201107200892.html</url>
  <title>allAfrica.com: Bénin: Visite du Pape Benoit XVI</title>
  <snippet>
    <s>20 juil. 2011 Le comité d&#39;organisation lance un appel à la solidarité nationale pour la En prélude à cet événement de grande portée, la conférence </s>
  </snippet>
  <text>
    <s>L'Autre Quotidien (Cotonou)</s>
    <s>Bn : Visite du Pape Benoit XVI</s>
    <s>Franck Raoul Pedro</s>
    <s>20 Juillet 2011</s>
    <s>Le comite d'organisation lance un appel a la solidarite nationale pour la reussite de l'evenement En prelude a la visite du pape Benoit xvi au Benin du 18 au 20 novembre 2011, la comite d'organisation de l'evenement a rencontre la presse beninoise hier a la salle de conference du chant d'oiseaux a cotonou.</s>
    <s>Occasion pour les responsables de l'eglise catholique de presenter a la presse les membres du comite d'organisation de la visite du pape et profiter pour lancer un appel a l'endroit des benevoles pour la reussite de l'evenement.</s>
    <s>Annonce il y a quelques mois par le Nonce apostolique pres le Benin et le Togo, la visite du Pape Benoit XVI au Benin est aujourd'hui une preoccupation majeure pour le gouvernement et la conference episcopale. En prelude a cet evenement de grande portee, la conference episcopale du Benin a rencontre les journalistes hier dans le cadre des preparatifs.</s>
    <s>Au cours de cette rencontre, Mgr Eugene Houndekon, representant la conference episcopale, a confirme l'arrivee du Pape Benoit XVI au Benin du 18 au 20 novembre 2011. Selon lui, cette visite du Saint-Pere vise trois objectifs.</s>
    <s>Le pape, qui se rendra pour la deuxieme fois en Afrique, remettra a cette occasion l'exhortation apostolique du Synode pour l'Afrique qui s'est tenu au Vatican en octobre 2009.</s>
    <s>« Le Souverain Pontife a l'intention de remettre aux representants des Conferences episcopales de tout le continent africain une Exhortation apostolique, qui sera le fruit de l'Assemblee speciale pour l'Afrique du Synode des Eveques qui s'est tenu au Vatican en octobre 2009», explique Mgr Eugene Houndekon.</s>
    <s>«Ce document, qui est une elaboration du theme du Synode, L'Église en Afrique au service de la reconciliation, de la justice et de la paix, sera un guide pastoral pour l'Eglise en Afrique pour les prochaines annees », precise le prelat.</s>
    <s>Cette visite de Benoit XVI, dont le caractere est principalement «pastoral », sera aussi l'occasion de celebrer le «Jubile des 150 ans de l'evangelisation au Benin». Pour finir, il advient que la visite de Benoit XVI au Benin sera aussi l'occasion pour lui de celebrer et d'honorer la memoire du cardinal Bernardin Gantin avec lequel il a partage de nombreuses annees au service du Siege Apostolique.</s>
    <s>Pour le pere Andre Quenum, responsable delegue a la communication au sein du comite d'organisation, contrairement a son premier voyage en Afrique, pendant lequel le pape a visite deux pays, le Cameroun et l'Angola, le Benin sera le seul pays concerne par ce voyage.</s>
    <s>Pour cela, l'evenement est important non seulement pour les catholiques mais aussi pour tous les Beninois. «Les yeux du monde entier seront poses sur le Benin, sur son peuple et sur sa foi en Dieu.</s>
    <s>En meme temps, l'Eglise Famille qui se trouve dans tous les pays d'Afrique sera aussi rendue visible avec la participation des representants de toutes les Conferences episcopales du continent.</s>
    <s>Leur participation est motivee par le fait que le Saint-Pere a l'intention de publier, pour l'Église en Afrique, son exhortation apostolique qui est le fruit de la session speciale du synode des eveques pour l'Afrique», informe le pretre beninois.</s>
    <s>L'Exhortation sera donc a la fois la conclusion du proces synodal qui avait engage les fideles catholiques de tous les pays africains et le debut d'un nouveau chapitre de l'histoire de l'Eglise en Afrique, etant donne que l'Exhortation sera un guide et un projet pastoral pour les prochaines annees.</s>
    <s>Apres les visites au Benin du Pape Jean-Paul II en fevrier 1982 et en fevrier 1993, ce troisieme voyage d'un pape au Benin sera le tout premier au Benin et le deuxieme voyage en Afrique du pape Benoit XVI. Pour Mgr Eugene Houndekon, l'enjeu est de taille.</s>
    <s>« Nous attendons 70 medias internationaux, pres de 100 delegations d'Eglises particulieres et plus de 500.000 pelerins. Ce faisant, le nombre de personnes a accueillir est immense et les taches liees a l'hebergement, a la restauration, l'information, a la communication et autres est enorme.</s>
    <s>Il est donc important que chacun apporte sa pierre a l'edifice. «Je lance donc solennellement un appel a toutes les filles et a tous les fils de ce pays et d'Afrique et a toutes personnes eprises de paix et de justice, quelle que soit leur obedience religieuse, afin qu'elles se joignent a la grande chaine de benevoles et de contributeurs de toutes natures qui travaillent deja a la reussite de evenement», declare le prelat beninois.</s>
    <s>La rencontre avec la presse a permis a l'abbe Andre Quenum, de presenter officiellement le logo de la manifestation a l'opinion publique. Il s'agit de l'image d'une carte d'Afrique representee par une colombe marquee par une croix et qui prend son envol vers l'orient, transpercee par trois arcs de couleurs verte, jaune et rouge.</s>
    <s>Liens Pertinents</s>
    <s>Afrique de l'Ouest</s>
    <s>Afrique et Europe</s>
    <s>Lourd de sens, ce logo de la visite du pape au Benin puise sa force dans le choix des couleurs qui le composent. Enfin, la rencontre d'hier a permis aux journalistes de se faire une idee des differents membres du comite d'organisation de cette premiere visite du Pape Benoit XVI au Benin.</s>
    <s>Il s'agit entre autre de Mgr Eugene Houndekon, vice-president du comite national d'organisation, Dorothee Gazard, charge de la sante au sein de l'organisation, Emile Paraizo, troisieme vice president du comite d'organisation, Francis Behanzin, charge de la securite, Gisele Adissoda, Charge de la commission communication et le pere Andre Quenum, responsable delegue a la communication de l'evenement.</s>
    <s>Copyright (C) 2011 L'Autre Quotidien. Droits de reproduction et de diffusion rrv Distribuar AllAfrica Global Media (allAfrica.com). Pour tout commentaire ou demande d'autorisation de reproduction ou de diffusion, contactez directement le propriire des droits en cliquant ici.</s>
    <s>AllAfrica collecte et indexe du contenu provenant de plus de 125 organes de presse d'Afrique ainsi que de plus de 200 autres sources d'informations et de nouvelles . Les pourvoyeurs d'informations de AllAfrica gardent l'enti responsabilitditoriale de leur production. Les articles et documents identifiant AllAfrica comme source sont produits ou commandpar AllAfrica .</s>
    <s>AllAfrica - All the Time</s>
    <s>Be the first to Write a Comment!</s>
    <s>Les nouvelles du jour</s>
    <s>Option de l'armkenyanne contre les Shebabs</s>
    <s>Corruption au sein de l'Etat au Congo Brazaville</s>
    <s>Ds de Pierre Mamboundou au Gabon</s>
    <s>Vente de Shell Mauritius itol et Helios Investment</s>
    <s>Le temps id pour les affaires au Sud-Soudan</s>
    <s>La BAD finance les infrastructures au Gabon</s>
    <s>Plus de titres sur allAfrica.com</s>
    <s>Onu - Le tourisme durable rec un grand potentiel pour le dloppement</s>
    <s>En visite en </s>
    <s>Le pays produira trois millions de tonnes de fer en 2013</s>
    <s>Les entreprises angolaises AMR et </s>
    <s>Lutte anti-VIH/Sida - Un officiel plaide pour une synergie des actions</s>
    <s>Le directeur de la </s>
    <s>Accord sur les rmes de visas</s>
    <s>A la faveur du sejour du president du Faso, </s>
    <s>&quot;Un mois, un toit&quot;, nouvelle ssion de tritientur la 2stv</s>
    <s>Une </s>
    <s>Comitolympiques des pays maghrns - Vers la dynamisation des activit/a&gt;</s>
    <s>[Le </s>
    <s>Debut de page | Mobile | Qui Nous Sommes | Publicite | Recherche</s>
    <s>Mon Compte | Faites d'allAfrica.com votre page d'accueil | RSS | Contactez-nous | Mentions legales</s>
    <s>Sign up for FREE daily 'top headlines' by email »</s>
    <s>English SitePlan du SiteQui Nous SommesNotre ReseauPubliciteMon CompteMon AfriqueAffairesMobile</s>
    <s>Liens Pertinents</s>
    <s>Afrique de l'Ouest</s>
    <s>Afrique et Europe</s>
    <s>Reportages d'allAfrica</s>
    <s>Arts et Culture</s>
    <s>Revue Littire</s>
    <s>Conflit et Srita&gt;</s>
    <s>Santt Mcine</s>
    <s>Revue Musicale</s>
    <s>Femmes et Genre</s>
    <s>USA, Canada et Afrique</s>
    <s>Afrique et Europe</s>
    <s>Afrique, Asie et Australie</s>
    <s>Afrique et Moyen Orient</s>
    <s>Afrique et Amque Latine</s>
    <s>SELECT -- Rons/Pays -- Afrique Afrique Australe Afrique Centrale Afrique de l'Est Afrique de l'Ouest Afrique du Nord --- Afrique du Sud Algerie Angola Botswana Burkina Faso Burundi Benin Cameroun Cap-Vert Centrafrique Comores Congo-Brazzaville Congo-Kinshasa Cote d'Ivoire Djibouti Egypte Erythree Ethiopie Gabon Gambie Ghana Guinee Guinee Bissau Guinee Equatoriale Ile Maurice Kenya Lesotho Liberia Libye Madagascar Malawi Mali Maroc Mauritanie Mozambique Namibie Niger Nigeria Ouganda Rwanda Sahara Occidental Seychelles Sierra Leone Somalie Soudan Sud-Soudan Swaziland Sao Tome and Principe Senegal Tanzanie Tchad Togo Tunisie Zambie Zimbabwe</s>
    <s>SELECT -- Rubriques -- AGOA Actualites Agroindustrie Aide et Assistance Aliments et Agriculture Armes et Armees Arts Athletisme Banques Bourse Climat Commerce Conflit Construction Corruption Coupe du Monde Dette Devises Droits de l'Homme Developpement Durable Eau Eco-tourisme Editoriaux Education Energie Enfance Entreprises Environnement Fabrication Faune Femmes et Genre Finance Flux de Capitaux Football Gouvernance Grossesse et Accouchement Infrastructures Investissement Jeux Olympiques Justice et Lois L'Afrique qui bouge Livres Maintien de la Paix Migrations Musique Media NEPAD NTIC Nutritive ONG Oceans Paludisme Parcs Animaliers Polio Privatisation Produits Petrole Religion Reportages d'allAfrica Ressources Minieres Revue Litteraire Revue Musicale Refugies SIDA Sante et Medecine Science Sports Terres et Gestion Rurale Terrorisme Transport Travail et Syndicats Tuberculose Urbanisation Voyages --- Affaires Afrique Australe Affaires Afrique Central Affaires Afrique de l'Est Affaires Afrique du Nord Affaires-Afrique de l'Ouest --- Afrique et Amerique Latine Afrique et Europe Afrique et Moyen Orient Afrique, Asie et Australie Organisations Internationales USA, Canada et Afrique --- Photo Essays Reportages d'allAfrica Special Reports</s>
    <s>In Topical Focus » Benin</s>
    <s>Brigandage et piraterie au large du Bn</s>
    <s>Alors qu'en 2010 il n'y avait pas eu une seule attaque, on </s>
    <s>Bn: Boni Yayi pr serment</s>
    <s>u dle premier tour de la Prdentielle du 13 mars 2011, </s>
    <s>Bn: Boni proclamrdent</s>
    <s>Les recours, contestant la victoire du prdent sortant Boni Yayi, dspar </s>
    <s>Le top des actualitdes actualit Bn</s>
    <s>Les plus lus</s>
    <s>Les commentes</s>
    <s>Les plus envoyes</s>
    <s>1. Un rau mondial des jeunes pour l'innovation va e lanca&gt;</s>
    <s>2. [Cotonou s'appr ccueillir Benoit XVI</s>
    <s>3. Afrique de l'Ouest: Ouverture otonou d'un Cours ronal sur les OGM</s>
    <s>4. Les caravanes d'enfants qui font revivre les contes africains</s>
    <s>5. Nigeria: Option conjointe entre le Bn et le Nigeria pour lutter contre la piraterie</s>
    <s>6. Burkina Faso: Les prdents des Assembl nationales du Niger et du Bn chez Blaise Compaora&gt;</s>
    <s>7. [Congo-Brazzaville: Accord de cooption entre le pays et le Bn sur la traite des enfants</s>
    <s>8. Afrique: Le Tas confirme la dsion de la FIFA qui entnait Moucharafou</s>
    <s>9. autres titres &gt;&gt;</s>
    <s>1. Cotonou s'appr ccueillir Benoit XVI</s>
    <s>2. Les caravanes d'enfants qui font revivre les contes africains</s>
    <s>3. Un rau mondial des jeunes pour l'innovation va e lanca&gt;</s>
    <s>4. [Afrique de l'Ouest: Ouverture otonou d'un Cours ronal sur les OGM</s>
    <s>5. Nigeria: Option conjointe entre le Bn et le Nigeria pour lutter contre la piraterie</s>
    <s>6. Burkina Faso: Les prdents des Assembl nationales du Niger et du Bn chez Blaise Compaora&gt;</s>
    <s>7. [Congo-Brazzaville: Accord de cooption entre le pays et le Bn sur la traite des enfants</s>
    <s>8. Afrique: Le Tas confirme la dsion de la FIFA qui entnait Moucharafou</s>
    <s>9. autres titres &gt;&gt;</s>
    <s>1. Cotonou s'appr ccueillir Benoit XVI</s>
    <s>2. Les caravanes d'enfants qui font revivre les contes africains</s>
    <s>3. Un rau mondial des jeunes pour l'innovation va e lanca&gt;</s>
    <s>4. [Afrique de l'Ouest: Ouverture otonou d'un Cours ronal sur les OGM</s>
    <s>5. Nigeria: Option conjointe entre le Bn et le Nigeria pour lutter contre la piraterie</s>
    <s>6. Burkina Faso: Les prdents des Assembl nationales du Niger et du Bn chez Blaise Compaora&gt;</s>
    <s>7. [Congo-Brazzaville: Accord de cooption entre le pays et le Bn sur la traite des enfants</s>
    <s>8. Afrique: Le Tas confirme la dsion de la FIFA qui entnait Moucharafou</s>
    <s>9. autres titres &gt;&gt;</s>
    <s>Bref Apernbsp;» Bn</s>
    <s>Cotonou s'appr ccueillir Benoit XVI</s>
    <s>Les caravanes d'enfants qui font revivre les contes africains</s>
    <s>Un rau mondial des jeunes pour l'innovation va e lanca&gt;</s>
    <s>[Ouverture otonou d'un Cours ronal sur les OGM</s>
    <s>Option conjointe entre le Bn et le Nigeria pour lutter contre la piraterie</s>
    <s>Plus de Titres » L'Autre Quotidien</s>
    <s>Bn: LEPI - Le matel du projet versu patrimoine national</s>
    <s>Bn: Lutte contre le sida - Tracer les sillons pour l'action de l'institution</s>
    <s>Bn: Escale de la frte franse de surveillance 'Germinal'</s>
    <s>Bn: Programme de vfication des importations - Fatouma Djibril andi et Gogounou pour sensibiliser les populations</s>
    <s>Bn: Sahadath Sourokou devient Miss Bn 2011</s>
    <s>plus de titres »</s>
  </text>
</page>
