<?xml version="1.0" encoding="UTF-8"?>
<!DOCTYPE page SYSTEM "page.dtd">
<page>
  <lang>fr</lang>
  <url>http://comitededefense-fontainebleau.org/Archives_Du_Site/Conferences_Visites.htm</url>
  <title>Conférence - La place du marché</title>
  <snippet>
    <s>Le Comité par la voix du conférencier se demande comment concilier marché et place accueillante et propose d&#39;abord de faciliter le stationnement : ce marché </s>
  </snippet>
  <text>
    <s>!Logo du Comité de défense de fontainebleau</s>
    <s>La vie du comité</s>
    <s>Connaître la ville</s>
    <s>À propos | Aide</s>
    <s>Conférence &quot; la place du Marché &quot;</s>
    <s>Dans le cadre du cycle de conférences sur les quartiers et les places de la ville le Comité a présenté le 15 juin à l'hôtel de l'Aigle Noir une conférence de Georges Galipon sur la Place du Marché.</s>
    <s>Le conférencier a tout d'abord retracé l'histoire de la place et du marché. Celui-ci s'est tenu pendant très longtemps rue Grande, entre la poste et l'Hôtel de Ville, sur la placette où se dresse une fontaine où il existait une petite halle jusqu'à la fin du 18ème siècle.</s>
    <s>La place du marché actuel était un vaste jardin planté de deux rangés d'arbres, attenant au bâtiment de la Mission édifié en 1661 par la volonté de Louis XIV. Puis probablement sous la Restauration cet espace est devenu un lieu public où se tient le marché. Vers 1875 Adam Salomon, sculpteur, propose la construction de grandes halles métalliques qui seront réalisées après de vives polémiques (déjà) sur l'emplacement des immeubles actuels (le Bellifontain), et inaugurées en 1881. La carte postale ancienne nous donne un excellent aperçu de ce marché vers 1900.</s>
    <s>!Marché de Fontainebleau vers 1900</s>
    <s>Sous le prétexte qu'elles étaient rouillées et présentaient des risques, ces halles seront détruites en 1936 pour être remplacées par la halle en forme de péristyle ovale que nous connaissons, construite en 1942, avec un mauvais béton, et sans se préoccuper d'une implantation qui masque la belle façade de la Mission et les habitations riveraines.</s>
    <s>Georges Galipon indique l'importance du marché : plus de 120 commerces dont une trentaine sous le halle. Il déplore qu'en dehors des jours de marché la place devienne un vaste parking, espace inhumain, sans animation, qui décourage tout visiteur et client potentiel &quot; c'est une place indigne de la renommée de la ville de Fontainebleau, on ne peut que plaindre les riverains d'une place aussi laide&quot; (voir photos ).</s>
    <s>!Le marché de Fontainebleau actuellement</s>
    <s>Le Comité par la voix du conférencier se demande comment concilier marché et place accueillante et propose d'abord de faciliter le stationnement : ce marché très fréquenté est un pôle d'intérêt économique majeur, il doit être maintenu dans ce lieu central, un doublement du parking souterrain est possible à l'emplacement de la halle actuelle, le concessionnaire a montré son intérêt pour cette agrandissement qu'il parait prêt à financer (moyennant une concession à définir ).</s>
    <s>Mais que devient la halle ? En mauvais état son entretien et la mise aux normes serait d'un coût élevé, la mise en valeur de la place et du centre ville impose sa démolition. Mais alors que devient le marché ? Pourquoi pas un marché ouvert : plus de la moitié des commerces accueillis sous la halle dispose de moyens autonomes, les autres fréquentent des marchés ouverts. Des halles légères pourraient aussi être envisagées, apportent-elles un avantage ? C'est une solution coûteuse, elle ne permet pas de libérer un espace vaste et convivial qui manque tant à notre ville, enfin les études économiques montrent que &quot; les marchés découverts sont plus fréquentés par les marchands avec des location moins onéreuses &quot;</s>
    <s>En conclusion c'est la réalisation prioritaire pour la mise en valeur de la ville. Elle ne peut laisser indifférent les responsables de la ville, comme les habitants qui nous ont demandé des solutions pour pérenniser le marché et faire une place accueillante et conviviale.</s>
    <s>Accueil | Plan du site La vie du comité | Diaporama | Connaitre | Conférences/Expo | Liens | Contact | Archives | À propos | Aide</s>
    <s>Copyright © 1971 Comité de défense de fontainebleau. Tous droits réservés.</s>
  </text>
</page>
