<?xml version="1.0" encoding="UTF-8"?>
<!DOCTYPE page SYSTEM "page.dtd">
<page>
  <lang>fr</lang>
  <url>http://sergechaumier.blogspot.com/p/conferences.html</url>
  <title>Serge Chaumier: Conférences</title>
  <snippet>
    <s>26 mars 2011 Communications avec actes dans des conférences internationales . sur la thématique L&#39;Evénement au musée, avec pour programme lors de </s>
  </snippet>
  <text>
    <s>Serge Chaumier</s>
    <s>Ce site présente les activités professionnelles de Serge Chaumier, professeur des universités et chercheur à l'Université d'Artois à Arras. Ses publications et recherches en muséologie et muséographie prennent une place conséquente parmi ses activités récentes. Les expositions et les musées faisant partie de ses principales préoccupations actuelles (notamment développement durable et musée, écomusée et logique participative, centre d'interprétation, etc.)</s>
    <s>MME = Master Muséo-Expographie</s>
    <s>Serge Chaumier dirige le MME Master Muséo-Expographie, formation destinée à former des étudiants en formation initiale ou en formation continue dans le domaine de la muséologie et de la muséographie.</s>
    <s>Des renseignements par ici :</s>
    <s>Publications Culture</s>
    <s>Autres publications en sociologie</s>
    <s>Activités de recherche</s>
    <s>Valorisation de la recherche</s>
    <s>Projets et propositions</s>
    <s>Communications avec actes dans des conférences internationales</s>
    <s>«Musées, encore un effort pour être vraiment participatifs !», Table ronde sur les publics, 24-26 mars 2011, Marseille, MUCEM.</s>
    <s>« Un langage ou des langages pour l'exposition de sciences ? », Communication aux Rencontres franco-allemande de l'ICOM, Berlin 15-17 octobre 2007. Actes parus en 2009.</s>
    <s>« Le Musée identitaire face à la mondialisation », in Changer les musées dans nos sociétés en mutations, colloque international, 17e Entretiens du Centre Jacques Cartier, Montréal, octobre 2004. Article électronique édité en 2005. Article téléchargeable : http://www.pacmusee.qc.ca/pages/doc/Pdf/1-Musee/Publications/Chaumier Resume Conference Biographie.pdf</s>
    <s>« La Fabrication des identités collectives dans les écomusées », Colloque international France-Tunisie-Canada, Identité-Pluralité , Université de Tunis, Hammamet, Tunisie, 5-7 septembre 2000.</s>
    <s>« La Représentation théâtrale comme mode d'approche sublimée du risque », in Actes du colloque L'Éducation aux risques , XXIIèmes journées internationales sur la communication, l'éducation et la culture scientifiques et industrielles, Chamonix, 20-24 mars 2000.</s>
    <s>Communications avec actes</s>
    <s>« Le désir d'en être où l'exemple de la liste du Patrimoine Mondial de l'UNESCO », colloque Les Territoires de la démocratisation culturelle , sous la direction d'Olivier Thévenin, Laurent Fleury, Olivier Moeschler, Université de Franche-Comté, Besançon, 11 et 12 octobre. Actes parus en 2009.</s>
    <s>«Quelle place pour l''éducation artistique ?», aux rencontres du Réseau des Villes Educatrices (RFVE) tenu à Chaumont à l'occasion du Festival de l'Affiche, le 23 mai.</s>
    <s>« Les sculptures de Günther Von Hagens, provocation gratuite, création artistique ou vulgarisation scientifique ? », communication en séance plénière aux XXVIe Journées internationales sur la communication, l'éducation et la culture scientifiques, techniques et industrielles, « Le Corps », Chamonix, édition en CDRom, 2005.</s>
    <s>Synthèse des journées au colloque de Sotteville-lès-Rouen sur les publics des arts de la rue, 16 et 17 novembre 2005, coordonnée par Anne Gonon, publié aux Editions Entretemps, juin 2006.</s>
    <s>« Le rapport écomusée /communauté : quelques-uns des nœuds de la question », collaboration à un texte de synthèse écrit avec Silvana Allisio, Gino Baral, Marnia Bouhafs, Luca Genre, Joëlle le Marec, Maurizio Maggi, Stefano Martini, et Alexandre Delarge, coordonnateur et rapporteur aux rencontres de l'écomusée de Santa-Cruz au Brésil, septembre 2004.</s>
    <s>« Vers la fission amoureuse » - colloque De l'Amour, Journées d'étude Psypropos , Rencontres de psychanalyse, Blois, 11 octobre 2003, paru en 2004.</s>
    <s>« Qu'est-ce qu'un couple ? », Actes de colloque, Journée de Lille, 8 juin 2004, APMF, Association pour la médiation familiale , Faculté des sciences juridiques, politiques et sociales, paru en 2005 Le Couple , Revue de l'APMF, n°5, juillet 2005.</s>
    <s>« Musées de territoire : la délicate construction d'une identité introuvable », Communication au colloque Des Musées en quête d'identité , LE COMPA, 10 décembre 2003.</s>
    <s>« L'appropriation d'un zoo par ses visiteurs », séminaire de l'Ecole des Hautes Etudes en Sciences Sociales, journée d'études De la naturalisation des hommes et des animaux , sous la dir. de Frédéric Joulian et Suzanne de Cheveigné, 16 mai 2002 au Collège de France.</s>
    <s>« Rôle des représentations sociales dans les modes de socialisation féminine et masculine », 3ème colloque international de la recherche féministe francophone, Ruptures, Résistances et Utopies , Université Toulouse Le Mirail, 17-22 septembre 2002.</s>
    <s>« Les Ecrans du dehors. Essai de typologie concernant l'utilisation des nouvelles technologies dans les spectacles de rue », Colloque Théâtre et nouvelles technologies , sous la direction de Lucille Garbagnati, Universté de Franche-Comté, novembre 2001.</s>
    <s>« Éléments de problématisation pour une recherche portant sur les différences culturelles entre professionnels de la muséologie et bénévoles, au sein des musées de société », in Médiation des cultures , sous la dir. De Michèle Gellereau, Actes du Colloque de la SFIC - GERICO , à l'Université de Lille des 26 et 27 mars 1999, UL3, Presses de l'Université de Lille, 2000.</s>
    <s>« Évaluation des modalités d'accompagnement à la Cité des Enfants », Actes du Colloque Les Enfants et les musées, COMPA , Chartres, 1er déc. 1999, pp169-186.</s>
    <s>« Les Trajectoires biographiques comme déterminants du rapport informel aux sciences et techniques », avec Aymard de Mengin et Marie-Claire Habib, Actes des XXIème journées Internationales sur la communication, l'éducation et la culture scientifique et industrielles, Chamonix 22 - 26 mars 1999, Octobre 1999, pp. 99-106.</s>
    <s>« La Science sur le pavé, ou les sciences mises en scène dans le théâtre de rue », Colloque Quel répertoire théâtral traitant de la science ?, Université de Franche-Comté, Besançon, les 6 et 7 mai 1999.</s>
    <s>« Les ambivalences de la médiation culturelle dans les musées communautaires », Colloque Médiation des cultures , Journées d'Etudes GERICO/SFSIC, Université de Lille, 26-27 mars 1999.</s>
    <s>« La Fission amoureuse : un nouvel art d'aimer », Colloque Famille et individualisation , organisé par le CERLIS, Paris V Sorbonne, sous la direction de François de Singly, 8 octobre 1999.</s>
    <s>« Le Double visage de l'orgie ou l'échangisme comme exemple de gestion spécifique du rapport au tiers », in Entre commerce du sexe et utopie: l'échangisme, sous la dir. de D. Welzer-Lang. Actes du séminaire européen Sexe et Utopie , Presses de l'Université de Toulouse le Mirail, Toulouse, 19-21 mars 1998, pp. 135-150.</s>
    <s>« L'étude sociologique de l'amour : une aporie ? », Communication au colloque &quot; Rupture dans la modernité &quot;, 1994, Département de Sociologie de l'Université de Montpellier.</s>
    <s>« La Sociologie de Jean Duvignaud comme ouverture », in Autour de Jean Duvignaud, Utinam , n° 6-7, Université de Franche-Comté, Avril 1993, pp. 243-251.</s>
    <s>Communications et séminaires</s>
    <s>Participation à la table ronde sur les patrimoines, Forum Culture pour chacun, culture pour tous, culture partagée, Ministère de la culture, Grande Halle de la Villette, 4 février 2011.</s>
    <s>Quel musée de science pour demain ? Université de Strasbourg, 10 mars 2011.</s>
    <s>« Le Musée hors les murs» Collloque prévu au Musée de Grenoble, le 28 septembre.</s>
    <s>«Quelle médiation pour un musée de science ?», colloque Science et Société à l'Université de Neuchâtel, les 29 et 30 janvier.</s>
    <s>Conférence au muséum de Toulouse le 26 février sur l'évolution des musées de sciences et leur possibilité de conduire des projets participatifs.</s>
    <s>Participation à une table ronde lors de la rencontre organisée par le département Histoire de l'art de l'Université de Lille 3 sur Les formations en muséologie , le 29 mai.</s>
    <s>«Quelle évolution pour les écomusées ?», séminaire sur Les écomusées et musées de société à l'Ecomusée du Creusot- Montceau les Mines le 25 mars.</s>
    <s>« Variations écomuséales, diversité des histoires, diversité des projets », Journée d'études Les musées d'ethnologie. Quel héritage pour quelles reconversions ? , organisée par Frédéric Poulard, Université de Lille, 18 novembre.</s>
    <s>Conférence d'ouverture du colloque Chemin de Traverse, à la BNF, Bibliothèque Nationale de France , le 19 novembre 2008.</s>
    <s>Animateur pour une demi journée du Colloque annuel Partages au Musée du Louvre : sur la thématique L'Evénement au musée , avec pour programme lors de l'atelier du matin : Anne Dufourmantelle, philosophe et psychanalyste / Bernadette Dufrêne, université Grenoble II, / Nicolas Frize, compositeur / Frédérique Leseur, adjointe au chef du service des activités éducatives et culturelles, et Cyrille Gouyette, chargé de programmation, direction des publics, musée du Louvre / Belem Barbosa, art marketing research fellow, faculty of economics of the university of Porto et Anne Krebs, service culturel du Louvre / Jacques Rigaud, conseiller d'Etat honoraire.</s>
    <s>Programme et actes des communications à télécharger sur le site du Louvre.</s>
    <s>Ouverture du Colloque Sciences et Société , Musée des Conﬂuences, Lyon, le 26 novembre 2008.</s>
    <s>Participation à une table ronde sur la gratuité dans les musées, au Colloque annuel de l'AMCSTI , tenu à l'Université de Corté du 14 au 16 mai 2008.</s>
    <s>Participation à une journée de réﬂexion au service culturel du musée du Louvre, concernant le projet de centre de ressources du futur Louvre-Lens</s>
    <s>« NonLes œuvres ne sont pas des objets comme les autres», communication au colloque Quelle muséologie pour l'art ?, sous la direction d'André Gob et Raymond Montpetit, Université de Liège. 24-26 octobre 2007.</s>
    <s>« Exposer, est-ce oser ? », intervention dans le cadre des rencontres du COMPA, Concevoir, étudier, fabriquer une exposition , Chartres, 3 et 4 décembre 2007.</s>
    <s>« Démocratiser, oui mais quoi au juste ?», Journées du 30 novembre et 1er décembre au TDB, Théâtre Dijon Bourgogne sur le thème Culture et Social, co-organisé par l'IUP, l'IRTESS de Bourgogne, Itinéraires singuliers et la revue Cassandre.</s>
    <s>« La nouvelle muséologie mène t-elle au parc ? », Communication aux journées d'étude de muséologie, à la Cité des Sciences et de l'Industrie, novembre 2006</s>
    <s>Séminaire sur les esthétiques des arts de la rue, sous la direction de Philippe Chaudoir, participation à une étude du réseau Arts de Ville, commanditée par la DMDTS, ministère de la culture, novembre 2006, Université Paris Sorbonne.</s>
    <s>« Quelles institutions culturelles pour le XXIeme siecle ? », conférence avec Germain Viatte (musée du quai Branly), Laurent Le Bon (Centre Pompidou Metz), Palais de Tokyo, jeudi 26 janvier 2006, 20h30.</s>
    <s>« Le jouet, outil de socialisation sexiste ? », in Culture fille, culture garçon, Panorama Art Et Jeunesse, Grand Forum Débat Beaubourg, 11 janvier 2006.</s>
    <s>Présentation : « Vers un musée d'attractions ? », Séminaire de la Maison des Sciences de l'Homme, Université de Bourgogne, animé par Philippe Poirier, discutant François Mairesse, jeudi 16 février, 14h-17h.</s>
    <s>« Le Temps de la fission amoureuse », Journées du CIFRES, Centre International de Formation et de Recherche en Sexualité, Toulouse, le 3 décembre 2005.</s>
    <s>Intervention dans le séminaire « Spectacles, musées et musique : mise en scène des patrimoines et mise en acte des rapports sociaux », sous la direction de Thierry Bonnot, Bernard Müller, Emmanuelle Olivier, Ecole des Hautes Etudes en Sciences Sociales, Laboratoire GTMS (Genèses et transformations des mondes sociaux), le mardi 14 juin 2005.</s>
    <s>Séminaire d'études sur les missions de l'Ecomusée du Creusot, communication le 12 septembre 2005, Pilotage de la journée: O'Byrne associés, Le Creusot Ecomusée.</s>
    <s>Participation et communication à une journée de pilotage du comité de direction de la Cité des Sciences et de l'Industrie dans le cadre d'une réflexion de programmation des prochaines expositions, 30 juin 2005</s>
    <s>« Musées de territoire : la délicate construction d'une identité introuvable », in Musées en quête d'identité , Communication au colloque Des Musées en quête d'identité , LE COMPA, 10 décembre 2003, édité en décembre 2004.</s>
    <s>« Les relations des professionnels et des amateurs dans les écomusées : éléments de réflexion pour une problématisation des rapports entre culture savante et culture populaire », séminaire de la Maison de l'Homme de l'Université de Bourgogne, dirigé par Philippe Poirier et animé par Annie Ruguet, le 11 juin 2004.</s>
    <s>« Qu'est-ce que le mariage ? », Communication au colloque de l'APMF, Association pour la médiation familiale , Faculté des sciences juridiques, politiques et sociales, Université de Lille, 3 juin 2004.</s>
    <s>« L'exposition de soi : étude de cas d'une situation dans un écomusée français », séminaire de muséologie animé par Philippe Dubé, du diplôme de l'Université Laval, Québec, Montréal, 29 septembre 2004.</s>
    <s>« La notion d'identité dans les musées », journée d'étude de DES, sous la direction d'André Gob, Université de Liège, Belgique, le 9 janvier 2004.</s>
    <s>« L'ambivalence de la représentation de soi dans les écomusées », Musée, culture et société , séminaire du Muséum d'histoire naturelle /EHESS, animé par Andrée Bergeron, Soraya Boudia, Jacqueline Eidelman, 12 février 2004.</s>
    <s>« Présentation de l'étude de connaissance des publics du musée d'Ornans », Rencontre autour du Projet Courbet les 13, 14 et 15 janvier 2003 , Conseil Général du Doubs, 13 janvier 2003.</s>
    <s>« Vers la fission amoureuse » - colloque De l'Amour, Journées d'étude Psypropos, Blois, 11 octobre 2003.</s>
    <s>« Les transformations sociologiques des identités affectives », Séminaire de recherche de DEA Sociétés Occidentales, option sexes et sociétés , thème Hommes/femmes : identités et échanges, animé par Régine Dhoquois et Gabrielle Houbre, Université Paris VII, 8 janvier 2003.</s>
    <s>Conférence sur la socialisation par les jouets dans le cadre de la chaire en « Etudes Femmes - Etudes de Genre », Psychologie et Sciences de l'Education de l'Université de Liège, Belgique, 5 décembre 2002.</s>
    <s>« Les relations conjugales reflets des évolutions sociologiques », communication à l'Université de Genève, dans le cadre du Programme d'Etudes de genre sur le thème &quot; Couple et parentalité à l'épreuve de l'égalité &quot;, du 19 au 21 juin 2002.</s>
    <s>« Le musée, instrument d'une nouvelle relation au territoire », intervention Les Musées de société : laboratoires et terrains d'expérimentation , au Colloque de la Fédération des Ecomusées et musées de société, 6, 7 et 8 novembre 2002.</s>
    <s>« Approche sociologique du couple contemporain », conférence aux journées d'études, Ecole des Parents et des Educateurs, Bagnoles de l'Orne, 6 juin 2002.</s>
    <s>« Réflexion sur les modes de construction des genres et sur les discours relatif à la différence sexuelle au travers de l'étude des catalogues de jouet », Séminaire de recherche , IUTB de Tourcoing, Université de Lille III, 8 mars 2002.</s>
    <s>« Les effets des représentations sociales des genres sur la construction sociale de l'identité sexuée », Invité dans un séminaire de recherche , Département de Sociologie, Université de Strasbourg, 22 novembre 2002.</s>
    <s>« Les techniques de l'évaluation au service des musées », Ptolémée , 4ème Forum des solutions pour le développement des musées, sites patrimoniaux et équipements culturels, Cité des Sciences et de l'Industrie, novembre 2000.</s>
    <s>« Le corps en représentation : les mises en scène du corps dans le théâtre et les performances comme médiation », Colloque Médiations du corps , sous la dir. de Jean Caune et Bernadette Dufresne, GRESEC, Université de Grenoble, 24-25 novembre 2000.</s>
    <s>« L'Odeur du baiser », Intervention au colloque Evanescences, Parfum et odeurs, de l'anthropologie à la communication , Colloque co-dirigé par Pascal Lardellier Université de Nice et le Musée international de la parfumerie de Grasse, 25-26 mai 2000.</s>
    <s>« Les approches différenciées des espaces muséographiques du muséum d'histoire naturelle et du parc zoologique : type de public, comportements et représentations », Intervention avec Gérard Galliot, dans le cadre du colloque OCIM : Rencontre des taxidermistes et des conservateurs , Université de Bourgogne, les 7 et 8 avril 1999.</s>
    <s>« Diagnostic du dispositif École ouverte », Présentation en séance plénière aux Rencontres École Ouverte organisé par le Ministère de l'Éducation nationale, de la recherche et de la technologie, Lille, 8 décembre 1999.</s>
    <s>« Le couple comme modèle sociologique d'organisation affective », séance de séminaire de formation continue de Science PO, Institut d'Etudes Politiques de Paris, dirigée par Renaud Sainsaulieu, Guy Jaubert, Florence Osty, Abbaye de Royaumont, mardi 7 décembre 1999.</s>
    <s>« Approche sociologique des relations conjugales », Communication en séance plénière au colloque Sciences Humaines et Sociales en faculté de médecine , Faculté de Médecine de Toulouse, décembre 1998.</s>
    <s>Envoyer par e-mailBlogThis!Partager sur TwitterPartager sur Facebook</s>
    <s>Inscription à : Messages (Atom)</s>
    <s>Diaporama Livres</s>
    <s>Ma liste de blogs</s>
    <s>Dessiner Tracer c'est parti !</s>
    <s>Il y a 5 jours</s>
    <s>Principes de sélection du master MME</s>
    <s>Il y a 3 mois</s>
    <s>Ressources sur la Formation</s>
    <s>Présentation de la formation</s>
    <s>Il y a 4 mois</s>
    <s>Plaquette MME</s>
    <s>Qui êtes-vous ?</s>
    <s>Serge Chaumier</s>
    <s>Professeur de muséologie à l'Université d'Artois depuis janvier 2011, Serge Chaumier a auparavant dirigé la formation de muséologie à l'Université de Bourgogne durant dix ans. Il était auparavant attaché de conservation du patrimoine dans un musée, directeur d'un établissement.</s>
    <s>Afficher mon profil complet</s>
    <s>Archives du blog</s>
    <s>▼ (1)</s>
    <s>▼ mars (1)</s>
    <s>Enseignant Chercheur</s>
    <s>Modèle Travel. Fourni par Blogger.</s>
  </text>
</page>
