<?xml version="1.0" encoding="UTF-8"?>
<!DOCTYPE page SYSTEM "page.dtd">
<page>
  <lang>fr</lang>
  <url>https://www.cas.ulaval.ca/cms/cas/actualites/evenements/ConferenceCAS</url>
  <title>Événements en gouvernance | Conférence | CAS</title>
  <snippet>
    <s>22 févr. 2011 Une série de conférences destinée aux administrateurs de sociétés Réjean Robitaille est président et chef de la direction de la Banque </s>
  </snippet>
  <text>
    <s>Nous joindre</s>
    <s>Plan du site</s>
    <s>!Partager cette page</s>
    <s>Le Collège</s>
    <s>Admission et inscription</s>
    <s>Intervenants formateurs</s>
    <s>Nouvelles en bref</s>
    <s>Bulletin électronique</s>
    <s>Banque des ASC</s>
    <s>Cercle des ASC</s>
    <s>Grande conférence CAS</s>
    <s>!CollÃ¨ge des administrateurs de sociÃ©tÃ©s</s>
    <s>Serie Gouvernance de societes</s>
    <s>Une serie de conferences destinee aux administrateurs de societes</s>
    <s>!Réjean Robitaille, Banque Laurentienne</s>
    <s>Interactions PDG - C.A.</s>
    <s>Un levier pour l'evolution de la Banque</s>
    <s>Rejean Robitaille</s>
    <s>President et chef de la direction</s>
    <s>Banque Laurentienne</s>
    <s>À MONTRÉAL</s>
    <s>Le mardi, 22 fevrier 2011, 17h30</s>
    <s>Au Parquet de la Caisse de depot et placement du Quebec</s>
    <s>1000, place Jean-Paul-Riopelle</s>
    <s>Un cocktail dinatoire suivra la conference</s>
    <s>Notes biographiques - Rejean Robitaille</s>
    <s>Rejean Robitaille est president et chef de la direction de la Banque Laurentienne depuis decembre 2006. Au sein de la Banque depuis 22 ans, M. Robitaille s'est distingue dans une succession de postes de gestion qui l'ont amene a progresser vers les plus hautes fonctions de l'institution. Avant d'etre nomme president et chef de la direction, il a occupe le poste de premier vice-president executif et chef de l'exploitation. Il a aussi ete responsable, de 2001 a 2006, de l'ensemble du reseau de succursales, en plus d'avoir occupe la fonction de premier vice-president et tresorier.</s>
    <s>En fevrier 2010, le journal Finance et Investissement a nomme Rejean Robitaille Personnalite financiere de l'annee, notamment en raison des resultats record que la Banque a enregistres pendant trois annees consecutives, dans un contexte economique particulierement difficile. Rejean Robitaille est reconnu pour ses qualites remarquables d'operateur ainsi que pour la priorite qu'il accorde a l'etablissement de relations de proximite autant entre la Banque et ses clients qu'entre lui et ses 3 600 employes. Il est membre du Cercle des presidents, un regroupement de chefs d'entreprise voue a la reussite et au progres humain, social et economique.</s>
    <s>Monsieur Robitaille detient un baccalaureat en administration des affaires, option comptabilite, de l'École des Hautes Études Commerciales de Montreal et a reçu le titre de fellow de l'Ordre des comptables agrees du Quebec.</s>
    <s>(C) 2011 College des administrateurs de societes</s>
    <s>Politique de confidentialite | Plan du site</s>
  </text>
</page>
