<?xml version="1.0" encoding="UTF-8"?>
<!DOCTYPE page SYSTEM "page.dtd">
<page>
  <lang>fr</lang>
  <url>http://asher256.tuxfamily.org/index.php%3FConferences</url>
  <title>Conférences - Asher256&#39;s Blog</title>
  <snippet>
    <s>14 févr. 2007 08h30 : accueil et ouverture des ateliers. 09h00 : mot d&#39;ouverture du comité d&#39; organisation et du Directeur de l&#39;ÉMI. 09h15 : conférence sur les </s>
  </snippet>
  <text>
    <s>Asher256's Blog</s>
    <s>mercredi 14 février 2007</s>
    <s>La manifestation « Linux Party 2007 » à Rabat : interopérabilité et fiabilité</s>
    <s>Par Asher256, mercredi 14 février 2007 a 23:05 :: Conférences</s>
    <s>Les étudiants de l'ÉMI organisent la « Linux Party 2007 » , le 17 et le 18 février, sous le thème « fiabilité et interopérabilité des logiciels libres au Service de l’entreprise » .</s>
    <s>!Linux Party</s>
    <s>Le programme</s>
    <s>Le samedi 17 Février</s>
    <s>Le matin</s>
    <s>08h30 : accueil et ouverture des ateliers.</s>
    <s>09h00 : mot d'ouverture du comité d'organisation et du Directeur de l'ÉMI.</s>
    <s>09h15 : conférence sur les outils de mesure de la fiabilité des logiciels.</s>
    <s>10h15 : pause café.</s>
    <s>10h30 : présentation de la distribution Lémix.</s>
    <s>14h30 : conférence sur J2EE et sur l'interopérabilité.</s>
    <s>16h00 : pause café.</s>
    <s>16h15 : Le modèle économique du libre.</s>
    <s>17h30 : remise des prix de la Tombola.</s>
    <s>18h00 : fermeture des ateliers.</s>
    <s>Le dimanche 18 Février 2007</s>
    <s>9h00 : Ouverture des ateliers.</s>
    <s>9h30 : projection d'un documentaire : Revolution OS.</s>
    <s>10h30 : Séance de questions/réponses.</s>
    <s>12h00 : Clôture des journées.</s>
    <s>Pour plus d'informations, je vous invite à visiter le site officiel de la manifestation !;-)</s>
    <s>l'École Mohammadia d'Ingénieurs se trouve dans l'avenue Ibn Sina, BP 765, Agdal, Rabat, Maroc. Vous pouvez les contacter par téléphone au (212) 037 68 71 60 ou au (212) 063 145 166 ou par par courriel.</s>
    <s>pour ceux qui sont intéressés, j'ai parlé de la « Linux Party 2006 » dans ce billet.</s>
    <s>pour plus d'informations sur le thème, visitez cette page.</s>
    <s>31 commentaires :: aucun trackback :: 3903 lectures</s>
    <s>jeudi 18 janvier 2007</s>
    <s>La journée « Open Source » à Rabat</s>
    <s>Par Asher256, jeudi 18 janvier 2007 a 10:02 :: Conférences</s>
    <s>L'ENSIAS et l'INPT organisent le samedi 20 janvier la manifestation « Open Source Day » , sous le thème : « l'Open Source, un apport pour l'ingénieur et pour l'entreprise » .</s>
    <s>(cliquez sur l'image pour l'agrandir)</s>
    <s>Lire la suite</s>
    <s>16 commentaires :: aucun trackback :: 4784 lectures</s>
    <s>mercredi 14 juin 2006</s>
    <s>J'ai assisté à la « première Journée du Logiciel Libre» (à Rabat)</s>
    <s>Par Asher256, mercredi 14 juin 2006 a 18:16 :: Conférences</s>
    <s>J'ai assisté hier à la première Journée du Logiciel Libre, qui a eu lieu à la faculté des sciences de Rabat.</s>
    <s>Je voudrais tout d'abord remercier le département de mathématiques et d'informatique pour l'effort qu'ils ont fourni. J'espère que cela encouragera les autres facultés à organiser des manifestations dédiées au libre</s>
    <s>La matinée:</s>
    <s>Il y a eu trois conférences :</s>
    <s>La première a été tenue par El Marraki. Il a expliqué ce qu'est l'informatique, un code source, un programme compilé, un logiciels libres </s>
    <s>La deuxième a été tenue par Zanane. Il a parlé des logiciels libres en général et dans l'enseignement.</s>
    <s>La troisième conférence a été tenue par J. Rahmouni. Il a parlé en grande partie des logiciels libres dans certaines administrations marocaines.</s>
    <s>Le DVD de Mandriva Linux 2006 a été distribué avant les conférences :</s>
    <s>Zanane a distribué à son tour plusieurs CD d'Ubuntu Breezy :</s>
    <s>(j'aurai préféré Ubuntu Dapper à la place de Breezy, mais bon C'est mieux que rienCela fera au moins découvrir Ubuntu à plusieurs personnes !;-) )</s>
    <s>À la différence de la Linux Party, les conférences ont été très satisfaisantesTout est bien expliqué, étape par étape. Elles étaient à la portée de tout le monde.</s>
    <s>L'après midi:</s>
    <s>Il y a eu une initiation à l'installation de la distribution Mandriva Linux 2006 (le partitionnement, les comptes utilisateur, le choix des paquets, etc), l'utilisation de la suite OpenOffice.org, l'utilisation de KDE </s>
    <s>À la fin, on a discuté des conférences, des logiciels libres en général et dans l'enseignement </s>
    <s>6 commentaires :: aucun trackback :: 4779 lectures</s>
    <s>dimanche 5 mars 2006</s>
    <s>Linux Party 2006</s>
    <s>Par Asher256, dimanche 5 mars 2006 a 22:35 :: Conférences</s>
    <s>NB: J'ai posté ce billet très tardivement (par manque de temps). Je l'avais écrit trois jours après la manifestation du 11/02/2006.</s>
    <s>Le samedi 11 février, je m'étais levé le tôt le matin, extasié car j'allais assister à la manifestation que j'attendais impatiemment depuis plusieurs jours : La Linux Party 2006</s>
    <s>La campagne de pub était excellente, on voyait partout des affiches sur la Linux Party 2006 dans des universités, lycées et dans des sites internet (dont le miens, dans le but de les encourager).</s>
    <s>Deux photos prises le matin, lorsque j'étais en route:</s>
    <s>Après quelques minutes, j'étais enfin devant le seuil qui me séparait de la tant attendue Linux Party :</s>
    <s>Lire la suite</s>
    <s>14 commentaires :: aucun trackback :: 7762 lectures</s>
    <s>mardi 14 février 2006</s>
    <s>Test de la distribution Lémix</s>
    <s>Par Asher256, mardi 14 février 2006 a 21:01 :: Conférences</s>
    <s>IMPORTANT (EDIT) : une nouvelle Lémix est sortie. Elle n'a rien à voir avec celle qui est décrite dans ce billet. Je vous invite à visiter son site officiel ou à lire mon billet sur la Linux Party 2007.</s>
    <s>NB : Je vous invite aussi à lire le billet qui parle de la Linux Party 2006 (il contient tout ce que j'ai apprécié et le moins apprécié dans cette manifestation).</s>
    <s>Ce billet est un test complet de la distribution Lémix 0.6 (la distribution Linux de l'ÉMI - l'École mohammadia d'ingénieurs ).</s>
    <s>Introduction :</s>
    <s>À la fin de la deuxième conférence de la Linux Party 2006, un prix a été donné à un étudiant car il a créé avec son équipe la distribution LémixIls ont dit, pour la présenter, que c'est une distribution adaptée pour le besoin d'un Linuxien Marocain (j'ai supposé, en écoutant ces paroles que la langue arabe et le français seront intégrés par défaut, qu'il y aura plein de logiciels intéressants et adaptés pour nos besoins quotidiens, etc).</s>
    <s>Lire la suite</s>
    <s>5 commentaires :: aucun trackback :: 8440 lectures</s>
    <s>jeudi 9 février 2006</s>
    <s>Télécharger des conférences sur Linux et les logiciels libres</s>
    <s>Par Asher256, jeudi 9 février 2006 a 12:30 :: Conférences</s>
    <s>Je me suis intéressé ces temps-ci aux conférences qui parlent de GNU/Linux et des logiciels libres. J'en ai trouvé plusieurs et je me suis dit, pourquoi ne pas les partager avec mes lecteurs ? !:-)</s>
    <s>Lire la suite</s>
    <s>20 commentaires :: aucun trackback :: 8908 lectures</s>
    <s>mardi 7 février 2006</s>
    <s>6ème édition de Linux party organisée par l'EMI</s>
    <s>Par Asher256, mardi 7 février 2006 a 11:53 :: Conférences</s>
    <s>Linux Party est une manifestation organisée chaque année par l'école mohammadia d'ingénieurs (à Rabat, Maroc) dans le but de promouvoir le développement des logiciels libres en général et du système d'exploitation GNU/Linux.</s>
    <s>La 6ème édition de Linux Party sera organisée le 11 et le 12 février 2006 sous le thème « Logiciels libres et sécurité des systèmes d’information » .</s>
    <s>Lire la suite</s>
    <s>4 commentaires :: 2 trackbacks :: 2836 lectures</s>
    <s>Linux (en général)</s>
    <s>News du dépôt</s>
    <s>Liens intéressants</s>
    <s>Cours divers</s>
    <s>Arch Linux</s>
    <s>Blog Informatique d'Asher256</s>
    <s>VBA Express</s>
    <s>Séries en Streaming</s>
    <s>E-Revenus.com : Webmarketing pour Web-Entreprise</s>
    <s>relooking pour hommes</s>
    <s>homemade cat food recipes</s>
    <s>Bons de Réduction</s>
    <s>Matériel bureautique chez Mercateo</s>
    <s>r4i gold</s>
    <s>À retenir</s>
    <s>FireGPG, une nouvelle extension Firefox pour utiliser aisément GPG !</s>
    <s>J'ai assisté à la « Linux Party 2007 » !</s>
    <s>Attention, ne visitez plus Goggle.com !</s>
    <s>OpenDNS, censuré par Maroc Telecom ?</s>
    <s>J'ai assisté à la « première Journée du Logiciel Libre» (à Rabat)</s>
    <s>Ce blog fait maintenant partie de la planète Ubuntu-Fr !</s>
    <s>La carte &quot;Frappr!&quot; du blog Asher256 !</s>
    <s>Linux Party 2006</s>
    <s>Télécharger des conférences sur Linux et les logiciels libres</s>
    <s>Lancement automatique d'un programme sous GNOME et KDE</s>
    <s>Le menu &quot;Nouveau&quot; de GNOME</s>
    <s>Pourquoi respecter les standards du web?</s>
    <s>Recevoir Linux chez vous, GRATUITEMENT!</s>
    <s>Emuler les jeux Playstation sous Linux</s>
    <s>février 2007</s>
    <s>janvier 2007</s>
    <s>juin 2006</s>
    <s>mars 2006</s>
    <s>février 2006</s>
    <s>fil rss</s>
    <s>fil rss commentaires</s>
    <s>fil atom</s>
    <s>fil atom commentaires</s>
  </text>
</page>
