<?xml version="1.0" encoding="UTF-8"?>
<!DOCTYPE page SYSTEM "page.dtd">
<page>
  <lang>fr</lang>
  <url>http://fr.2011.montreal.wordcamp.org/programme/devenir-conferencier/</url>
  <title>Devenir Conférencier | WordCamp Montréal 2011 (en français)</title>
  <snippet>
    <s>Nous recherchons des personnes qui sont passionnées par WordPress pour Le conférencier idéal a un sujet sur WordPress qui le passionne vraiment et sur </s>
  </snippet>
  <text>
    <s>&lt;- WordCamp Central</s>
    <s>WordCamp Montréal 2011 (en français)</s>
    <s>Skip to content</s>
    <s>À Propos</s>
    <s>Conférences (liste unilingue au site anglais)</s>
    <s>Devenir Conférencier</s>
    <s>Devenir Commanditaire</s>
    <s>Nous Joindre</s>
    <s>Devenir Conférencier</s>
    <s>Chaque année, WordCamp Montréal s'efforce d'offrir un large éventail de conférences et discussions sur WordPress. Nous recherchons des personnes qui sont passionnées par WordPress pour divertir nos visiteurs et leur apprendre de nouvelles choses.</s>
    <s>Date limite</s>
    <s>Toute soumission doit être reçu vendredi le 13 mai, au plus tard.</s>
    <s>Pourquoi parler?</s>
    <s>Présenter à WordCamp requiert un certain effort, mais c'est très gratifiant. Ça vous permet de démontrer votre intelligence, de vous faire valoir auprès des entreprises et d'aider les gens à approfondir leurs connaissances sur WordPress. Tout ça en même temps! Les conférenciers reçoivent aussi un accès gratuit à WordCamp.</s>
    <s>Qu'est-ce que nous recherchons</s>
    <s>Le conférencier idéal a un sujet sur WordPress qui le passionne vraiment et sur lequel il peut présenter pendant 45 minutes avec des diapositives PowerPoint attrayantes et des explications cohérentes et détaillées. Les designers, blogueurs, entreprises et développeurs sont tous les bienvenus! Les présentations peuvent être en anglais ou en français. Votre sujet doit être relié à WordPress.</s>
    <s>Montrez-nous ce que vous avez fait avec WordPress et expliquer nous  comment vous l'avez fait, ou ce que vous avez appris dans le processus. Donnez-nous des exemples concrets comme des extraits de code, 10 leçons importantes que vous avez apprises, des conseils sur la façon d'éviter les problèmes, etc. Rien n'est trop compliqué ou trop simple. Nous recherchons une grande variété de présentations.</s>
    <s>Nous nous réservons le droit de refuser toute soumission.</s>
    <s>Sujets généraux</s>
    <s>Les sujets généraux que nous espérons pour couvrir sont notamment:</s>
    <s>Utilisation de WordPress pour bloguer et écrire.</s>
    <s>Utilisation WordPress pour concevoir et construire des sites web.</s>
    <s>Guides sur les technologies sous-jacentes web (html, css, php, js) qui sont nécessaires pour le développement avec WordPress.</s>
    <s>Développement de Plugin WordPress, contribution au code de base et l'administration de systèmes.</s>
    <s>Voir le formulaire de soumission 2011 »</s>
    <s>Idées de sujets</s>
    <s>Voici une liste de sujets que nous aimerions voir à WordCamp. Ce ne sont que des exemples!</s>
    <s>Trouver les thèmes / plugins parfait pour un site WordPress.</s>
    <s>HTML pour bloggeurs</s>
    <s>Utilisation des &quot;child themes&quot;</s>
    <s>Nouvelles fonctionnalités dans WordPress 3.1</s>
    <s>Attirer des lecteurs</s>
    <s>Écrire pour le web</s>
    <s>Études de cas</s>
    <s>Création de sites bilingues pour WordPress.</s>
    <s>Conseils pour le design de sites WordPress.</s>
    <s>Trucs CSS pour WordPress.</s>
    <s>Édition de themes et utilisation de &quot;template tags&quot;.</s>
    <s>Creation de plugins (introduction ou en détail).</s>
    <s>Publication et/ou vente de themes.</s>
    <s>Les implications de la licence GPL ou le Logiciel Libre pour les thèmes et plugins WordPress.</s>
    <s>Introduction à apache et à l'optimisation mysql.</s>
    <s>Voir le formulaire de soumission 2011 »</s>
    <s>Comments are closed.</s>
    <s>Spoken CityR-CubedParis AssociatesKovasys IT RecruitmentKindo CommunicationJeremy Clarkeblue HF services juridiques</s>
    <s>Vente de billets terminée</s>
    <s>Carte de site</s>
    <s>À Propos de Nous</s>
    <s>Devenir Conférencier</s>
    <s>Devenir Commanditaire</s>
    <s>Nous Joindre</s>
    <s>Liste d'envoi</s>
    <s>Ailleurs sur le Web</s>
    <s>Google Groups</s>
    <s>Montreal WordPress Community</s>
    <s>Twitter Updates</s>
    <s>Call for speakers | WordCamp Edmonton Nov 18/19, 2011 http://t.co/TBLnxvu0 2 weeks ago</s>
    <s>Meetup updateWe will be upstairs at Brutopia after allTurns out the Joomlaphiles are occupying the basement. wpmtl 1 month ago</s>
    <s>Rencontre de réseautage WordPress Montréal ce soir à 18h30http://t.co/VZh0xKH wcmtl 1 month ago</s>
    <s>Groupe Facebook</s>
    <s>WordCamp Montréal 2011 (en français)</s>
    <s>Proudly powered by WordPress.</s>
  </text>
</page>
