<?xml version="1.0" encoding="UTF-8"?>
<!DOCTYPE page SYSTEM "page.dtd">
<page>
  <lang>fr</lang>
  <url>http://cadis.ehess.fr/document.php%3Fid%3D301</url>
  <title>Rencontres scientifiques | CADIS, EHESS</title>
  <snippet>
    <s>Journée Colloque « Participation politique et civique des femmes de culture musulmane Appel à communication et programme prévisionnel de l&#39;atelier ( date limite 15 avril 2011) Les chercheurs du CADIS sont actifs dans de nombreux comités de . Geoffrey Pleyers -FNRS/Université de Louvain et membre associé au </s>
  </snippet>
  <text>
    <s>Présentation Objets de recherche Membres du centre Publications Enseignements Doctorants Thèses soutenues Invités du centre Contrats en cours Dans les médias Ressources en ligne La vie du centre</s>
    <s>Accès réservé</s>
    <s>Rencontres scientifiques</s>
    <s>Rencontres en 2011</s>
    <s>En 2010</s>
    <s>En 2009</s>
    <s>En 2008</s>
    <s>En 2007</s>
    <s>En 2006</s>
    <s>En 2005</s>
    <s>Avant 2005</s>
    <s>Rencontres en 2011</s>
    <s>Colloque de Cerisy « Entre licite et l’illicite : migrations, travail, marchés », 12-19 septembre 2011 au Centre Culturel International de Cerisy. Programme et bulletin d’inscription.</s>
    <s>Journées d’études « Religions et Migrations » les 24 et 25 juin 2011 à la Maison des Sciences de l’Homme. Programme</s>
    <s>4e congrès de l’Association Française de Sociologie (AFS) « Création et innovation » RT39 « Identité – subjectivité – Revendication – Changement social  »</s>
    <s>5 au 8 juillet 2011 à Grenoble.</s>
    <s>Sessions et programme du RT39, Résumés des interventions</s>
    <s>Journée Colloque « Participation politique et civique des femmes de culture musulmane en France et en Grande-Bretagne » à la Maison Suger le 18 mai 2011. Programme, formulaire d’inscription.</s>
    <s>Atelier de jeunes chercheurs « La mémoire dans la pratique sociologique »</s>
    <s>Fin octobre 2011 à l’EHESS.</s>
    <s>Coordination et organisation par des doctorants du CADIS : Ilan Lew, Marina Repezza, Deniz Günce Demirhisar.</s>
    <s>Conseil scientifique : Philippe Bataille et Michel Wieviorka, directeurs d’études à L’EHESS.</s>
    <s>Appel à communication et programme prévisionnel de l’atelier (date limite 15 avril 2011)</s>
    <s>4e congrès de l’Association Française de Sociologie (AFS) RT21 « Mouvements sociaux »</s>
    <s>« Mouvements sociaux et innovations. Nouvelles technologies comme enjeu, nouvelles technologies comme répertoire »</s>
    <s>5 au 8 juillet 2011 à Grenoble.</s>
    <s>Appel à communications (date limite 5 janvier 2011)</s>
    <s>En 2010</s>
    <s>Colloque de l’Association Française de Sociologie (AFS) RT3 « Normes, déviances et réactions sociales » en partenariat avec le RT21 « Mouvements sociaux »</s>
    <s>« Regards croisés sur la régulation sociale des désordres »</s>
    <s>26 au 27 octobre 2010 à l’Institut du Développement Social (Rouen).</s>
    <s>Appel à communications (à envoyer avant le 30 mai)</s>
    <s>Congrès de l'Association internationale de sociologie (AIS / ISA) :</s>
    <s>« Sociology on the move »</s>
    <s>11 au 17 juillet 2010 à Göteborg, Suède</s>
    <s>Les chercheurs du CADIS sont actifs dans de nombreux comités de recherche de l'AIS et particulièrement dans celui consacré aux mouvements sociaux (RC 47) et dont le panel principal réunira Michel Wieviorka - président de l'AIS - Ulrich Beck, Elisa Reis, Ebrima Sall, Peilin Li et Alain Touraine. Thèmes de quelques-unes des séances de ce comité : les mouvements sociaux face à la crise, le sujet, l'espace public global ou la consommation alternative. Envoi des propositions de communication avant le 31 octobre 2009.</s>
    <s>Plus d'informations</s>
    <s>Colloque organisé par Médecins du monde, la Chaire de Sciences Po…</s>
    <s>« Pratique et éthique médicale à l’épreuve des politiques sécuritaires »</s>
    <s>Mardi 29 juin de 8h30 à 17h30 à Sciences Po</s>
    <s>Philippe Bataille interviendra à la séance prévue entre 14h00 - 17h00 sur le thème : « L’humanitaire vécu comme une épreuve démocratique »</s>
    <s>Inscription – Programme</s>
    <s>Atelier de réflexion autour du Séminaire de Nilüfer Göle</s>
    <s>« Quel métier de sociologue aujourd’hui ? ‘exilocrate’ et ‘interprète’ des espaces culturels »</s>
    <s>Mardi 22 Juin 2010 de 8h45 à 19h00</s>
    <s>A l’EHESS, Salle 8,  105 Bd Raspail, 75006 Paris</s>
    <s>Programme provisoire – Contact</s>
    <s>Institut de Hautes Etudes internationales et du Développement de Genève organise une conférence en l'honneur du Professeur Djalili :</s>
    <s>« L'Iran face aux défis du XXIe siècle »</s>
    <s>18 et 19 juin 2010 à Genève, Suisse</s>
    <s>Programme - Présentation des thèmes abordés</s>
    <s>Contact : Clément Therme</s>
    <s>Congrès des SHS en médecine 2010 :</s>
    <s>« La santé. Une question de justice »</s>
    <s>17 au 19 juin 2010 à Montpellier</s>
    <s>Programme - Inscription</s>
    <s>10ème colloque de la Fédération des Comités Féminins pour la prévention et le dépistage des cancers et le Comité Féminin de Paris pour le dépistage du cancer du sein</s>
    <s>« Les inégalités face à la prévention et au dépistage des cancers »</s>
    <s>Lundi 7 juin 2010 de 9h00 à 13h00</s>
    <s>Salle Clemenceau – Palais du Luxembourg – 15, rue de Vaugirard 75006 – PARIS</s>
    <s>Métro : Odéon ou Mabillon, RER : Luxembourg</s>
    <s>Philippe Bataille interviendra à la séance prévue entre 9 h 30 - 10 h 00 : « Les inégalités sociales de santé parmi les inégalités économiques et sociales », Point de vue d’un sociologue.</s>
    <s>Programme – Inscription obligatoire – Place limitée- Information</s>
    <s>« Racisme, xénophobie et discrimination, tels que nous les avons vus… »</s>
    <s>Jeudi 27 mai et vendredi 28 mai 2010</s>
    <s>à l’Institut des études africaines de l’Académie des Sciences de Russie</s>
    <s>séminaire organisé par plusieurs centres de recherche dont le CADIS</s>
    <s>Intervention de Philippe Bataille et d’Alexandra Poli</s>
    <s>Présentation – Programme</s>
    <s>« Alain Touraine, la diagonale du sujet », Projection film-portrait</s>
    <s>réalisé par Jean-Louis Cros</s>
    <s>Jeudi 27 mai 2010 à 18h00</s>
    <s>Amphi Buffon, 15 rue Hélène Brion – Université Paris Diderot – 75013 PARIS</s>
    <s>Intervention de Michel Wieviorka</s>
    <s>Extraits du film sur le site de l’université - Plan d'accès.</s>
    <s>Séminaire du CERI dans le cadre du Projet transversal &quot;Migrations et relations internationales&quot;.</s>
    <s>« Les discriminations : entre inégalité sociale et inégalité de traitement »</s>
    <s>intervention de Philippe Bataille</s>
    <s>Discutant : Catherine de Wenden, Sciences Po-CERI/CNRS</s>
    <s>Mardi 25 mai 2010 de 17h00 - 19h00</s>
    <s>Le, 56 rue Jacob 75006 Paris</s>
    <s>Entrée libre dans la limite des places disponibles</s>
    <s>Contact : Karolina Michel</s>
    <s>Tél.: 01 58 71 70 07</s>
    <s>8ème colloque international du Réseau Mère - Enfant de la Francophonie (RMEF)</s>
    <s>« L’enfant différent du diagnostic à la vie sociale »</s>
    <s>Jeudi 20 et vendredi 21 mai 2010</s>
    <s>Palais des Congrès de Liège (Belgique)</s>
    <s>Philippe Bataille interviendra le jeudi 20 mai de 9h00 à 9h30 sur le sujet : « Mère-enfant… et les autres. La différence faite handicap dans la décision médicale »</s>
    <s>Programme (Pdf) Renseignements &amp; Inscriptions</s>
    <s>Contact : Nathalie Christian</s>
    <s>Tél : 00.32.4.225.76.71</s>
    <s>Table ronde autour de la représentation des minorités ethnoraciales dans l'humour organisée par la revue Poli - Politique de l'image</s>
    <s>« Le rire postcolonial »</s>
    <s>Vendredi 14 mai à 18h30</s>
    <s>Musée du quai Branly (site) - Théâtre Claude Lévi-Strauss</s>
    <s>À l'occasion de la sortie du deuxième numéro de Poli - Politique de l'image consacré au thème &quot;Humour et identité nationale&quot;, la revue organise au musée du quai Branly une table ronde autour de la représentation des minorités ethnoraciales dans l'humour. De nombreux auteurs et acteurs se sont emparés de l'humour ces vingt dernières années pour mettre en récit et en rires les discriminations et stéréotypes. Cette table ronde propose d'entamer une réflexion sur la manière dont le rire travaille la question postcoloniale, le racisme et les identités.</s>
    <s>L'écrivain François Bégaudeau, la chroniqueuse Rokhaya Diallo, le réalisateur Michel Hazanavicius (sous réserve), le sociologue Éric Macé et la professeure en cinéma et audiovisuel Raphaëlle Moine discuteront avec Nelly Quemener de la place des minorités ethnoraciales dans l'humour autour d'extraits d'archives audiovisuelles de l'INA.</s>
    <s>Colloque Ethique et utilité sociale :</s>
    <s>« Le Sociologue dans la cité »</s>
    <s>Jeudi 15 avril 2010, 9h00 – 17h30,</s>
    <s>à l’EHESS – amphitéâtre 105 boulevard Raspail – Paris 6ème.</s>
    <s>a l’occasion de la sortie du 1er numéro de la Revue Sociologie éditée par les PUF</s>
    <s>Intervention de François Dubet « L’engagement sociologique : évolutions et ruptures » (vidéo), entre 10 h 00 et 11 h 30.</s>
    <s>Réservation obligatoire auprès de Anne Luciani</s>
    <s>« Une décennie de santé »</s>
    <s>Vendredi 9 avril 2010, 14h00 – 17h00,</s>
    <s>Amphithéâtre Albert Caquot, 28 rue des Saints - Pères 75007 Paris (Bât. H)</s>
    <s>Intervention de Philippe Bataille, « La décennie des malades ? », de 16 h 00 à 16 h 20.</s>
    <s>« Ethique, Procréation et Droit »</s>
    <s>Jeudi 18 et vendredi 19 mars 2010 de 9h00 à 18h00</s>
    <s>Auditorium de la Maison du Barreau</s>
    <s>2 rue de Harlay 75001 Paris (Métro Saint-Michel ou Châtelet)</s>
    <s>Regards croisés sur des demandes d’accès à l’assistance médicale à la procréation réputées problématiques au plan éthique.</s>
    <s>Colloque organisé avec la collaboration du CADIS</s>
    <s>Intervention de Philippe Bataille : « Méthode et résultats d’une étude d’éthique clinique »</s>
    <s>le 18 mars, entre 14h00 et 14h30</s>
    <s>La conclusion à ces journées sera effectuée par Michel Wieviorka, le vendredi 19 mars à 17h30.</s>
    <s>Inscription auprès de Mary Sills</s>
    <s>La peur de l’Autre : aux sources de la violence et du racisme</s>
    <s>La peur de l'Autre : aux sources de la violence et du racisme</s>
    <s>Un débat du &quot;Café des sciences&quot; s'est tenu le 19 janvier 2010 à la FMSH à Paris; avec Michel Wieviorka / CADIS et FMSH, Lilian Thuram / Fondation Lilian Thuram Éducation contre le racisme, Claudine Vidal / Laboratoire de sociologie et géographie africaines, Emmanuel Dupoux / Laboratoire de sciences cognitives et psycholinguistiques.</s>
    <s>En collaboration avec l'association Bar des sciences Paris, la Fondation MSH tient un café des sciences interdisciplinaire chaque 3e mardi du mois. Contact</s>
    <s>En 2009</s>
    <s>Transgenres : Nouvelles identités et visibilités</s>
    <s>Colloque international organisé par Marie-Hélène Bourcier (avec Chantal Zabus Université Paris 3, David Coad Univ. Valenciennes)</s>
    <s>22-23 Mai 2009 (EHESS Paris)</s>
    <s>&quot;Ce colloque explore les nouvelles cultures 'trans', transsexuel(le)s, transgenres, genderqueer se manifestant par l'émergence de nouvelles formes de visibilité et de lisibilité, et notamment d'expression et de création autobiographiques. (…) il réunit critiques littéraires, théoriciens, artistes, médecins, avocats, et activistes venant d'Europe, d'Amérique du Nord et d'Afrique du Sud pour prendre en compte l'appartenance raciale ou sociale, l'ethnicité, le désir des transidentités en devenir&quot;</s>
    <s>Plus d'infos</s>
    <s>Les mouvements sociaux face à la question de la violence</s>
    <s>Appel à propositions du réseau thématique RT 21 &quot;Mouvements Sociaux&quot;</s>
    <s>de l'Association Française de Sociologie</s>
    <s>pour son 3e congrès de l'AFS consacré au thème &quot;Violences et société&quot;</s>
    <s>AFS Paris, 14-17 avril 2009</s>
    <s>Argument du colloque</s>
    <s>En 2008</s>
    <s>Débat sur &quot;Les transformations du masculin&quot; organisé par Christine Castelain Meunier (responsable du réseau thématique &quot; Identité, Revendication, Subjectivité, Changement social &quot;, RT 39, de l'Association Française de Sociologie) et le Laboratoire Expérience des universités Paris 8 et Paris 13; le 11 décembre 2008. Informations</s>
    <s>Les entretiens d'Auxerre</s>
    <s>5 - 8 novembre 2008 à Auxerre</s>
    <s>Se nourrir : l'alimentation en question</s>
    <s>Evènement soutenu par le conseil régional de Bourgogne</s>
    <s>Le Cercle Condorcet d'Auxerre rassemble chaque année, pendant deux à trois jours, des personnalités françaises et étrangères, des habitants du département et de la région autour d'un thème d'importance. Pluridisciplinaires, les entretiens mobilisent tant l'histoire que l'anthropologie, la philosophie, les sciences politiques l'économie ou encore la littérature.</s>
    <s>Cette année, l'alimentation est au cœur du débat.</s>
    <s>(direction du Comité scientifique M. Wieviorka)</s>
    <s>Lien vers présentation, programme.</s>
    <s>Colloque : « Cancers, corps et identités »</s>
    <s>2 et 3 octobre 2008</s>
    <s>Organisé par le &quot; Groupe Susan Sontag / sciences humaines et cancers &quot;, groupe qui a pour vocation de promouvoir la pluridisciplinarité dans les recherches sur le cancer; associant des chercheurs en sociologie, psychologie, anthropologie, philosophie et des professionnels de santé.</s>
    <s>Cette rencontre se tiendra à l'Université Victor Segalen Bordeaux 2</s>
    <s>Programme détaillé sur Calenda.</s>
    <s>Contact : Emmanuel Langlois</s>
    <s>« Globalization, social movements and experience »</s>
    <s>Sociological Research and Public Debate</s>
    <s>Premier Forum de sociologie de l'Association internationale de Sociologie du comité de recherche RC47 &quot;Social classes and social movements&quot;</s>
    <s>5 - 8 septembre 2008, à Barcelone, Espagne</s>
    <s>Séance plénière avec Alain Touraine, discussion autour de son livre &quot; Penser autrement &quot; (Paris Fayard 2007)</s>
    <s>Divers panels :</s>
    <s>-The Global Reconfiguration of Experience and Actors</s>
    <s>(avec Henri Lustiger Thaler, François Dubet, Michel Wieviorka, Han Sang-Jin Korea, Saskia Sassen)</s>
    <s>-Collective Action and Personal Experience: Latin Americans and Latinos in Globalization</s>
    <s>-Movements and Conflicts</s>
    <s>-East Asian Movements and Globalization</s>
    <s>-Latin American Localisms in a Global Context</s>
    <s>-Collective Action and the Public Sphere: Promises and Shortcomings of Participatory Democracy</s>
    <s>-Global Challenges</s>
    <s>Détail sur le site</s>
    <s>&quot;Etre en société. Le lien social à l'épreuve des cultures&quot;</s>
    <s>XVIIIème congrès de l'Association internationale des sociologues de langue française / AISLF, à Istanbul en Turquie</s>
    <s>7 - 11 juillet 2008</s>
    <s>&quot;Ce thème désigne à notre réflexion la montée en puissance des dimensions culturelles dans la dynamique sociale. Les tensions culturelles du lien social prennent des formes multiples liées à l'affirmation des localismes, au multiculturalisme migratoire, aux revendications de reconnaissance par de multiples groupes, à la résurgence du religieux et à la pluralisation des croyances, à la fragmentation des formes de sociabilité et plus généralement de nos modes d'existence. Nous nous demanderons notamment si nous ne vivons pas une période de transition vers des sociétés qui puisent l'essentiel de leur sens et de leurs tensions dans les différences et les conflits culturels plutôt que dans les inégalités sociales et économiques. Les régulations en crise et en émergence recevront toute notre attention comme révélateurs des nouvelles modalités d'être ensemble.</s>
    <s>&quot;1968-2008 : mouvements dans la modernité avec Alain Touraine&quot;:</s>
    <s>Lors de cette soirée débat illustrée d'images d'archives de l'INA, A. Touraine est revenu sur le mouvement de Mai et ses échos dans la &quot;pensée du social&quot; de 68 à aujourd'hui (avec M. Wieviorka, débat animé par E. Macé le 16 juin 2008 à la BNF).</s>
    <s>Engagements, solidarités, lien social : penser les mobilisations collectives en Russie</s>
    <s>Anne Le Huérou et Karine Clément sont à l'initiative de ce colloque</s>
    <s>qui s'est tenu les 12 et 13 juin 2008 à Paris à la FMSH et à à l'EHESS.</s>
    <s>Le service des Archives audiovisuelles de la recherche permet d'en visionner les vidéos.</s>
    <s>(La Fondation Maison des Sciences de l'Homme /Paris était l'organisatrice, avec le soutien de l'Institut de l'action collective et du Centre franco-russe de recherches en sciences sociales et humaines/Moscou, du CERCEC et du CADIS (EHESS/CNRS).</s>
    <s>Alicia Castellano, chercheur invité anthropologue à l 'Universidad Autonoma Metropolitana de Mexico, invitée par le Cadis, a donné 3 conférences en avril 2008 : &quot;Nationalisme et peuples indigènes : recréer la nation mexicaine&quot; / &quot;Tourisme, identité et exclusion : un regard depuis Oaxaca&quot; / &quot;Autonomie et communautés indiennes de Oaxaca et du Chiapas au Mexique.</s>
    <s>Modernités multiples. Une mise en perspective France-Japon</s>
    <s>Initié dans le cadre du programme franco-japonais Chorus, ce colloque international s'est tenu les 14 et 15 mars 2008 à Paris (Maison du Japon / Cité universitaire)</s>
    <s>Son objectif était &quot;de réinterroger le concept de modernité à travers des recherches croisées, sous-tendues par une démarche interdisciplinaire -histoire, philosophie politique, sociologie&quot;.</s>
    <s>Geoffrey Pleyers -FNRS/Université de Louvain et membre associé au CADIS- a organisé à Paris , du 7 au 9 février 2008, la première rencontres internationale consacrée aux &quot;Méthodes de recherche à l'âge global&quot;. Des questions théoriques et méthodologiques relevant de l'expérience de champs de recherche transnationaux ont été examinées par la quinzaine de chercheurs réunis. Contact</s>
    <s>Dans le cadre d'un rapprochement institutionnel entre le Cadis et les chercheurs du Lapsac de l'université Bordeaux 2, un séminaire de recherche commun s'est tenu à La Rochelle du 24 au 26 janvier 2008; les diverses table-rondes abordaient les domaines de recherche liés aux thématiques communes, religion, santé, ville, éducation, mouvements sociaux et représentations des différences.</s>
    <s>En 2007</s>
    <s>Les statistiques de la diversité : suite au récent débat opposant, en termes parfois très polémiques, tenants et adversaires de statistiques dites ethniques, une rencontre organisée par le Conseil représentatif des associations noires/Cran, l'INA et le CADIS EHESS/CNRS, s'est tenue le 5 octobre 2007, à l'INA; elle a donné lieu à trois tables rondes: &quot;Passé/Présent&quot;, &quot;Faire des statistiques&quot; et &quot;Logement/Entreprise/Ecole/Médias&quot;. Programme. Certaines des communications sont accessibles sur le site du Cran (rubrique &quot;A la une&quot;).</s>
    <s>Globalisation, Conflict and the Experience of Localities</s>
    <s>Rome, Italie, 28 - 29 Juin 2007</s>
    <s>Les actes de cette conférence internationale organisée par le RC 47 &quot;Social Classes and Social Movements&quot; de l'Association internationale de Sociologie / AIS - en collaboration avec le département de Sociologie de l'université de Rome &quot;La Sapienza&quot; - seront prochainement publiés en ligne.</s>
    <s>Une journée des doctorants de Nilüfer Göle, consacrée au thème &quot;Privé et public dans l'islam contemporain&quot; s'est tenue le 6 mai 2007 à l'EHESS.</s>
    <s>Colloque international organisé à l'initiative d'Eric Macé, par le CADIS, l'EHESS et l'INA &quot;Représenter les minorités : visibilité, reconnaissance et politique des représentations&quot; : Repenser la question des minorités non blanches. Une analyse comparative internationale des régimes de visibilité dans le recensement et dans les médias. Le 19 mars 2007, au théâtre de l'Odéon à Paris, Ina. Information</s>
    <s>En 2006</s>
    <s>Manuel Boucher a organisé une Conférence européenne à l'Institut du Développement Social de Haute-Normandie : &quot;Le travail social face aux discriminations. Intervention sociale, ethnicité et lutte contre le racisme en Europe&quot; les 7 et 8 décembre 2006.</s>
    <s>Dire le monde social. Les sociologues face aux discours politiques, économiques et médiatiques</s>
    <s>Le deuxième congrès de l'Association française de sociologie s'est tenu à Bordeaux</s>
    <s>du 5 au 8 septembre 2006:</s>
    <s>Résumés des communications in 2ème Congrès de l'Association française de sociologie . Dire le monde social , AFS Editions, 2006.</s>
    <s>Les réseaux thématiques Sociologie des institutions, Identité-Subjectivité-Revendication- Changement Social, Mouvements sociaux, étaient organisés par des membres du Cadis.</s>
    <s>Site de l'AFS</s>
    <s>Qualité de l'existence sociale et mondialisation / Quality of Social Existence in a Globalising World</s>
    <s>Le 16ème Congrès mondial de Sociologie de l'Association Internationale de Sociologie (AIS / ISA) se tiendra du 23 au 29 Juillet 2006</s>
    <s>à Durban, Afrique du Sud</s>
    <s>Les 25 ans du CADIS sont à l'origine d'un colloque international et pluridisciplinaire consacré à la mutation des paradigmes en sciences sociales. &quot;Les sciences sociales en mutation&quot; qui s'est tenu</s>
    <s>les 3, 4 5 et 6 mai 2006 à Paris (Ministère de la Recherche et EHESS)</s>
    <s>Y participaient notamment : Jeffrey Alexander, Ulrich Beck, Seyla Benhabib, Craig Calhoun, Dipesh Chakrabarty, Paolo Fabbri, Hans Joas, Nobutaka Miura, Larry Moore, Saskia Sassen, Richard Sennett, Charles Taylor</s>
    <s>Texte de l'introduction au colloque par Michel Wieviorka</s>
    <s>Ce colloque a donné lieu à un ouvrage &quot; Les sciences sociales en mutation &quot; publié sous la direction de Michel Wieviorka avec la collaboration d'Aude Debarle et Jocelyne Ohana (Auxerre, Éditions Sciences Humaines, mars 2007).</s>
    <s>Lien vers la présentation et le sommaire de l'ouvrage</s>
    <s>A l'occasion des 25 ans du centre, le Cadis a publié une plaquette répertoriant les ouvrages publiés par ses membres depuis sa création : «Un quart de siècle de recherches sociologiques, 1981-2005».</s>
    <s>En 2005</s>
    <s>Violences et justices : regards croisés Brésil / France</s>
    <s>Journées d'étude organisées par le CRCB (Centre de recherches sur le Brésil contemporain) et le CADIS à l'EHESS à Paris, les 1 et 2 décembre 2005.</s>
    <s>Le 19 octobre 2005 a eu lieu à l'université de Bordeaux une Journée d'étude du réseau thématique &quot;Sociologie des institutions&quot; de l'Association Française de Sociologie organisée par Emmanuel Langlois avec Bruno Milly (Paris IV), elle a porté sur les pratiques réflexives dans les institutions.</s>
    <s>Extraits de la présentation: &quot; La montée des pratiques réflexives dans les institutions est sensible dans deux directions : celle du travail et des professionnels d'une part, celle de l'usager d'autre part.</s>
    <s>S'interroger sur ses pratiques (et leurs conséquences) et sur les finalités de l'action ne s'inscrit pas seulement dans une logique pragmatique et instrumentale mais se traduit également dans une activité éthique où les formes et les conséquences de l'action sont évaluées (…)</s>
    <s>Si le malade est sommé de reconstruire sa vie pour s'inscrire dans un processus thérapeutique, le chômeur doit reconstruire sa trajectoire professionnelle, l'élève son projet La réflexivité apparaît ici comme une injonction et montre à quel point l'acteur-usager vient lui-même combler les failles de l'institution. &quot;</s>
    <s>&quot;Réflexivité et institution&quot; : Programme</s>
    <s>Colloque virtuel &quot;Comprendre le nouveau terrorisme&quot;</s>
    <s>Avec un texte intitulé &quot;Islam, modernité et violence&quot;, Nilüfer Göle participait au colloque virtuel organisé par l’Institut Jean Nicod (CNRS-EHESS-ENS) et une nouvelle plateforme de colloques virtuels</s>
    <s>Lectures des contributions à ce colloque en ligne sur les archives du site</s>
    <s>-Jacques Sémelin a co-organisé fin 2001 dans le cadre de l'Association Française de Science Politique un colloque international sur le phénomène des «Violences extrêmes » : les actes du colloque sont publiés dans un numéro spécial de la Revue Internationale des Sciences Sociales (Unesco/Erès) n°174, décembre 2002.</s>
    <s>A lire aussi en guise de bilan du colloque, un article (paru dans la revue d'histoire 14-18) consultable au format PDF:</s>
    <s>&quot; Violences extrêmes et sciences sociales &quot;</s>
    <s>Autour d'Alain Touraine. Pour la sociologie</s>
    <s>Une journée d'anniversaire en hommage à Alain Touraine a eu lieu le 13 octobre 2005 à la Maison de l'Amérique Latine. Organisée conjointement par le CADIS, les éditions Fayard et la Maison de l'Amérique Latine, elle réunissait collègues, amis et anciens étudiants venus de divers pays.</s>
    <s>De la séparation des Eglises et de l'Etat à l'avenir de la laïcité</s>
    <s>C'est le titre des Entretiens d'Auxerre 2004 (Auxerre /Yonne) dont le comité scientifique était placé sous la direction de Michel Wieviorka et Jean Bauberot ; organisation par le Cercle Condorcet, avec le concours du Cnrs et de l'Ephe)</s>
    <s>Septembre 2005 : Les actes de la rencontre sont publiés sous le même titre aux éditions de l'Aube et présentés à la rubrique Tous les ouvrages parus 2005 de ce site.</s>
    <s>Avant 2005</s>
    <s>Globalisation et nouvelles subjectivités . Mouvements et ruptures : cette rencontre organisée par le comité de recherche &quot;Mouvements sociaux&quot; (RC 47) de l'Association Internationale de Sociologie s'est tenue à l'Ecole des Hautes Etudes en Sciences Sociales à Paris les 11 et 12 juin 2004.</s>
    <s>Le premier Congrès de l'Association française de sociologie &quot;Les transformations de la société française contemporaine&quot; s'est tenu à l'Université Paris 13 / campus de Villetaneuse du 24 au 27 février 2004. Résumés des communications in Premier Congrès de l'Association française de sociologie. Dynamiques de transformation de la société française contemporaine , AFS Editions, 2004.</s>
    <s>L'Empire américain ? Entretiens d'Auxerre 2003, organisés par le Cercle Condorcet (20-22 Novembre 2003 Théâtre d'Auxerre /Yonne)</s>
    <s>Les actes de ce débat, introduit et organisé par Michel Wieviorka et au cours duquel sont intervenues 24 personnalités françaises et étrangères, sont publiés aux éditons Balland (septembre 2004) et présentés à la rubrique Tous les ouvrages parus 2004 de ce site.</s>
    <s>&quot;Les Entretiens 2003 consacrés à 'l'Empire américain' esquissent une réponse aux questions suivantes : comment s'exerce l'hégémonie des Etats-Unis sur le reste du monde dans les différents registres de l'économie, des relations diplomatiques et politiques, de la culture, du militaire, etc. ? Comment expliquer cette hégémonie et les différentes formes de sa domination ? Peut-on enfin parler &quot;d'empire&quot; pour rendre compte de ce qui se joue et de la capacité des U.S.A. à se comporter en maîtres du Monde ? Dans une table ronde d'ouverture consacrée aux &quot;empires disparus&quot; (romain, chrétien d'Occident, ottoman, chinois) on essaie de comprendre s'il y a des constantes historiques ou si nous avons  affaire aujourd'hui à un cas de figure inédit.&quot;</s>
    <s>Rencontres &quot;Identités et démocratie : Identités régionales, développement, mondialisation et démocratie&quot; : les 19, 20 et 21 septembre 2002 à Rennes</s>
    <s>Rencontres organisées à l'initiative de l'association &quot;Identités &amp; démocratie - Débats internationaux&quot;.</s>
    <s>Avec les participations de Michel Wieviorka et celles, entre autres, de Axel Honneth, Saskia Sassen, Nathan Glazer, etc.</s>
    <s>Cette rencontre a abouti à un ouvrage publié en 2003 sous la direction de Ronan Le Coadic: Identités et démocratie. Diversité culturelle et mondialisation: repenser la démocratie, Rencontres internationales de Rennes ( Rennes, Presses Universitaires de Rennes)</s>
    <s>Congrès Mondial de sociologie. Association internationale de sociologie (AIS / ISA) 7 au 13 juillet 2002, Brisbane, Australie “The Social World in the Twenty First Century: Ambivalent Legacies and Rising Challenges”</s>
    <s>“As the world event, the Congress must represent in a balanced manner all aspects of diversity existing in international sociological community, including variety of gender, languages, continental, regional and national traditions. The conveners of the sessions at all levels must keep these considerations in mind. ”</s>
    <s>Communications des membres du CADIS</s>
    <s>Alain Touraine : &quot;Sociology without society&quot; / &quot;Difference and equality&quot; / &quot;The destruction of the social as a category of analysis&quot; / Communication à la Special Session: New forms of domination and collective action after September 11</s>
    <s>Michel Wieviorka : &quot;The Making of Cultural Difference&quot;/ Communication à la Special Session: New forms of domination and collective action after September 11 / Président du Symposium V: Difference and Politics. Panel III: Difference and Plurality et de la session &quot;Authors Meet the Readers: Alain Touraine&quot;.</s>
    <s>François Dubets :&quot;Conflicts of norms and decline of institutions&quot; / Président de Social Movements and Social Policy: Joint Session of RC19 and RC47 et de la session 7: Social Movements and Democracy .</s>
    <s>Nilüfer Göle : &quot;Opening sociology to the perspective of Non-Western modernities&quot; / &quot;Reading modernity in the mirror of Non-Western theoretical responses&quot;/ Présidente du Symposium V: Difference and Politics. Panel II: Difference and Domination et de la Session Non-Western Theoretical Responses to Western Modernity / Participante à la session &quot;Authors Meet the Readers: Alain Touraine&quot;.</s>
    <s>Christine Castelain Meunier : &quot;Le téléphone mobile: culture de situation, intimité paradoxale et dialectique de triangulation&quot; : and Culture.</s>
    <s>Hamit Bozarslan : &quot;Fragmentation and violence in the Middle East&quot;: Research Committee New Movement.</s>
    <s>L'ouvrage Los Movimientos Sociales. De lo local a lo global</s>
    <s>-coordonné par F. Mestries, G. Pleyers G. et S. Zermeño</s>
    <s>(Barcelone, México, Editions Anthropos/UAM, 2009) – a été présenté</s>
    <s>par quatre de ses auteurs (Michel Wieviorka, Luis Lopez, Sabrina Melenotte et Geoffrey Pleyers) le 20 novembre 2009 à la Fondation Maison des Sciences de l'Homme.</s>
    <s>Action conflictuelle à l'ère globale : Théorie et terrains, c'est le thème de la journée des doctorants du CADIS qui s'est tenue le 10 novembre 2009 à l'EHESS. Cette journée à forte dimension internationale (14 pays représentés) était composée de trois sessions : Violence et racisme/ Migration Intégration / Démocratie et sphère civile ; elle a permis à 12 doctorants de présenter leur travail et de le voir discuté par 11 jeunes chercheurs et post doctorants pour la plupart issus du CADIS.</s>
    <s>AtelierJeunesChercheurs (540k)</s>
    <s>Programme Colloque 18 mai 2011 (348k)</s>
    <s>Fiche inscription 18 mai 2011 (403k)</s>
    <s>ProgrammeRT39AFS2011 (284k)</s>
    <s>Programme Colloque 24-25 juin 2011 (222k)</s>
    <s>ColloqueCerizy2011 (255k)</s>
    <s>AFS2011RT39RésumésInterventions (270k)</s>
    <s>Dernière mise à jour : 14 octobre 2011</s>
    <s>!retour haut de page</s>
    <s>Nos annonces</s>
    <s>Toutes les annonces du CADIS </s>
    <s>Ni dieu ni maître : les réseaux Conférence donnée par Manuel Castells.</s>
    <s>La consommation critique. Mouvements pour une alimentation responsable et solidaire. Parution d'un ouvrage sous la direction de Geoffrey Pleyers, chercheur au FNRS et membre associé au Cadis.</s>
    <s>Dites nous, François Dubet, à quoi sert vraiment un sociologue ? Dernier ouvrage paru de François Dubet, directeur d'études à l'EHESS.</s>
    <s>Participation politique et civique des femmes de culture musulmane en France et en Grande-Bretagne Colloque le 18 mai à la Maison Suger.</s>
    <s>Pour la prochaine gauche Dernier ouvrage paru de Michel Wieviorka, directeur d'études à l'EHESS.</s>
  </text>
</page>
