<?xml version="1.0" encoding="UTF-8"?>
<!DOCTYPE page SYSTEM "page.dtd">
<page>
  <lang>fr</lang>
  <url>http://bio.m2osw.com/gcartable/dossier%2520thematiques/changements%2520climatiques/climat/communaut%25E9_internationaleet%2520changements%2520climatiques_et_.htm</url>
  <title>La communauté internationale et les changements climatiques</title>
  <snippet>
    <s>Le Comité intergouvernemental pour la négociation d&#39;une convention- cadre sur de cette conférence importante a été précédée par la publication du Résumé </s>
  </snippet>
  <text>
    <s>Rechercher dans ce site</s>
    <s>La communautnternationale et les changements climatiques</s>
    <s>La premi Confnce mondiale sur le climat de 1979 a pris conscience du grave probl que posaient les changements climatiques. Cette rion scientifique s'est interrogsur la question de savoir comment les changements climatiques pourraient affecter les activithumaines. Elle a adoptne daration appelant tous les gouvernements quot; prir et prnir les changements climatiques d'origine anthropique qui pourraient nuire au bien-e de l'humanitbsp;&quot;. Elle a lement approuvn projet tendant r un Programme climatologique mondial (P.C.M.) sous la responsabilitonjointe de l'Organisation morologique mondiale (O.M.M.), du Programme des Nations Unies pour l'environnement (P.N.U.E.) et du Conseil international des unions scientifiques (C.U.I.S.). Un certain nombre de confnces intergouvernementales consacr aux changements climatiques ont eu lieu a fin des ann 1980 et au dt des ann 1990. S'ajoutant es ments de preuves scientifiques de plus en plus nombreux, ces confnces ont contribu sensibiliser la communautnternationale a question. Les participants se composaient de responsables gouvernementaux, de scientifiques et de spalistes de l'environnement. Les rions ont abordes questions d'ordre tant scientifique que politique et ont appel une action mondiale. Parmi les principales manifestations, il faut citer la Confnce de Villach (Octobre 1985), la Confnce de Toronto (juin 1988), la Confnce d'Ottawa (fier 1989), la Confnce de Tata (fier 1989), la Confnce et la Daration de La Haye (mars 1989), la Confnce ministelle de Noordwijk (novembre 1989), le Pacte du Caire (dmbre 1989), la Confnce de Bergen (mai 1990) et la deuxi Confnce mondiale sur le climat (novembre 1990). Le Groupe intergouvernemental d'experts sur l'lution du climat (G.I.E.C.) a publion premier Rapport d'luation en 1990. Cren 1988 par le P.N.U.E. et l'O.M.M., le Groupe a charg'luer l't des connaissances actuelles sur le syst et les changements climatiques; les effets environnementaux, nomiques et sociaux des changements climatiques et les parades possibles. Approuvprun difficile processus d'examen par des confrs, le rapport a confirmes preuves scientifiques du changement climatique. Cette de a fourni la base des nciations relatives a Convention sur les changements climatiques. En dmbre 1990, l'Assemblgrale des Nations Unies a approuve drrage des nciations. Le Comitntergouvernemental pour la nciation d'une convention- cadre sur les changements climatiques a tenu cinq sessions entre fier 1991 et mai 1992. Confrontne date butoir imptive - celle du &quot; Sommet de la Terre &quot; de Rio en juin 1992 - les nciateurs de 150 pays ont dnitivement arr le texte de la Convention en quinze mois exactement. Ce texte a adopt New York le 9 mai 1992. La Convention-cadre des Nations Unies sur les changements climatiques (1992) a signpar 150 ts (plus l'Union europne) io de Janeiro. Vingt ans aprla Daration de Stockholm de 1972, qui a jetes bases de la politique actuelle en mati d'environnement, le Sommet de la Terre a constitue plus important rassemblement de chefs d'ts de tous les temps. Les autres accords adoptio ient la Daration de Rio, le Programme Action 21, la Convention sur la diversitiologique et les Principes relatifs aux for. La Convention est entren vigueur le 21 mars 1994, soit 90 jours aprla rption du cinquanti instrument de ratification (une fois qu'ils ont signne convention, les ats doivent la ratifier). Il faut ensuite mentionner le 21 septembre, date aquelle les pays Parties dloppont commenc soumettre leurs communications nationales divant leurs strates en mati de changements climatiques. Dans l'intervalle, le Comite nciation poursuivait son travail prratoire, tenant six autres sessions pour discuter des questions affntes aux engagements, au mnisme financier, l'appui technique et financier pporter aux pays en dloppement, es points de procres et aux arrangements institutionnels. Le Comit dissous aprsa onzi et derni session en fier 1995 et la Confnce des Parties (C.P.) est devenue le principal organe de la Convention. La Confnce des Parties a tenu sa premi session erlin du 28 mars au 7 avril 1995. Des reprntants de 117 Parties et 53 ats ayant le statut d'observateur ont particip la C.P.1, de m que plus de 2 000 observateurs et journalistes. Ils sont convenus que les engagements nc dans la Convention pour les pays dloppient insuffisants et ont engages pourparlers du &quot; Mandat de Berlin &quot; visant es rendre plus rigoureux. Ils ont lement dia premi se de communications nationales et mis la derni main aux principaux ments du mnisme institutionnel et financier nssaire pour appuyer l'action pre par la Convention au cours des ann enir. La C.P.-2 s'est tenue en du 8 au 19 juin 1996. Le G.I.E.C. a adopton deuxi rapport d'luation en dmbre 1995. Publi temps pour la C.P.2, ce deuxi rapport avait rgt revu par quelque 2000 scientifiques et experts du monde entier. Il a obtenu une rapide notori en concluant que les diffnts ments de preuves disponibles indiquent que l'homme a une influence perceptible sur le climat mondial. Toutefois, le rapport ne se limitait pas ela, confirmant par exemple qu'il existait en tout t de cause des solutions utiles et autres strates efficaces par rapport eur cour lutter contre les changements climatiques. Le G.I.E.C. produira une se de documents techniques et de rapports spaux avant la publication de son troisi rapport d'luation en 2001. Le cbre Protocole de Kyoto a adopta C.P.3 en dmbre 1997. Plus de 10 000 reprntants, observateurs et journalistes ont particip cette manifestation orte visibilitui s'est tenue du 1 er au 11 dmbre. En vertu du Protocole, qui a adoptar consensus, les pays industrialiss'engagent ire le total de leurs ssions de gaz ffet de serre d'au moins 5 % par rapport au niveau de 1990 au cours de la pode allant de 2008 012. Le Protocole entrera en vigueur 90 jours aprsa ratification par au moins 55 Parties a Convention, parmi lesquels les pays dloppreprntant en 90 au moins 55 % du volume total des ssions de dioxyde de carbone. La confnce tenue uenos Aires en 1998 a adoptn plan d'action sur deux ans. Tenue du 2 au 13 novembre, la C.P. 4 a fixn di de deux ans pour mettre au point les dils en suspens du protocole de Kyoto de mani e que l'accord puisse e pleinement optionnel. Outre les &quot; mnismes &quot; prs par le Protocole, le plan d'action aborde la question du respect des engagements et celle des politiques et mesures. La C.P. 5 s'est tenue du 25 octobre au 5 novembre onn. La CP-6, qui doit dnitivement arrr le plan d'action et inciter ainsi les gouvernements atifier le Protocole vers 2002, se tient du 13 au 24 novembre 2000 a Haye. L'ouverture de cette confnce importante a prdpar la publication du Rmour les ddeurs du troisi rapport du G.I.E.C. Ce premier rmu document arae en janvier prochain confirme les rltats des deux premiers rapports du G.I.E.C. Il se veut toutefois plus pessimiste dans ses prsions. Le document du G.I.E.C. estime drmais que la hausse moyenne des temptures entre 1990 et 2100 sera de 1,5C 6C (contre 1 ,5C en 1995). Durant la m pode, la concentration de dioxyde de carbone dans l'atmosph devrait atteindre 540 70 parties par millions (ppm) (contre 500 en 1995). Cette concentration est, aujourd'hui, de 367 ppm. Le niveau des mers devrait, quant ui s'ver de 0,14 m ,80 m (contre 0,15 ,95 m en 1995).</s>
  </text>
</page>
