<?xml version="1.0" encoding="UTF-8"?>
<!DOCTYPE page SYSTEM "page.dtd">
<page>
  <lang>fr</lang>
  <url>http://icom.museum/qui-sommes-nous/les-comites/comites-nationaux/L/2.html</url>
  <title>Comités nationaux- ICOM</title>
  <snippet>
    <s>Devenir membre de l&#39;ICOM c&#39;est faire partie d&#39;un réseau actif de 30 000 musées et à travers trois programmes majeurs : les subventions annuelles aux Comités membres aux conférences annuelles des Comités internationaux de l&#39;ICOM. </s>
  </snippet>
  <text>
    <s>Recherche avancée</s>
    <s>Welcome to the International Council of Museums</s>
    <s>L’ICOM en bref</s>
    <s>Secrétariat général</s>
    <s>Les statuts de l'ICOM</s>
    <s>La vision</s>
    <s>Définition du musée</s>
    <s>Code de déontologie</s>
    <s>Plan stratégique</s>
    <s>La gouvernance</s>
    <s>Directeur général</s>
    <s>Conseil exécutif</s>
    <s>Assemblée générale</s>
    <s>Comité consultatif</s>
    <s>Les comités</s>
    <s>Comités nationaux</s>
    <s>Comités internationaux</s>
    <s>Alliances régionales</s>
    <s>Organisations affiliées</s>
    <s>Comités techniques</s>
    <s>Magazine Les nouvelles de l'ICOM</s>
    <s>Galerie photo/vidéo</s>
    <s>!International Council of Museums (ICOM) What we do</s>
    <s>Normes professionnelles</s>
    <s>Code de déontologie</s>
    <s>Normes et lignes directrices</s>
    <s>Concepts clés de muséologie</s>
    <s>Lutte contre le trafic illicite</s>
    <s>Médiation en Art et Patrimoine Culturel</s>
    <s>Programme d’urgence dans les musées</s>
    <s>Patrimoine immatériel</s>
    <s>Tourisme culturel</s>
    <s>Conférence générale</s>
    <s>Journée internationale des musées</s>
    <s>Exposition universelle 2010</s>
    <s>Centre d'information muséologique UNESCO-ICOM</s>
    <s>Base de données des publications</s>
    <s>Base de données des Listes Rouges</s>
    <s>Foire aux questions</s>
    <s>Ils nous font confiance</s>
    <s>!International Council of Museums (ICOM) where we work</s>
    <s>Le réseau ICOM</s>
    <s>2 000 musées</s>
    <s>28 000 experts</s>
    <s>171 comités</s>
    <s>Soutien au réseau</s>
    <s>Rejoignez-nous !</s>
    <s>Devenir membre</s>
    <s>Exposition universelle 2010</s>
    <s>Conférence générale</s>
    <s>Journée Internationale des Musées</s>
    <s>Devenir membre de l’ICOM</s>
    <s>Devenir membre de l’ICOM c’est faire partie d’un réseau actif de 30 000 musées et professionnels de musées.</s>
    <s>Devenir membre de l’ICOM, c’est à la fois faire partie de la famille de la communauté muséale mondiale et aussi participer aux débats, aux échanges scientifiques et à la réflexion sur l’avenir des musées.</s>
    <s>Lire la suite</s>
    <s>Calendrier ICOM</s>
    <s>Conférences, réunions, événements</s>
    <s>Les conférences, réunions de l'ICOM</s>
    <s>Soutien au réseau</s>
    <s>L’ICOM soutient son réseau à travers trois programmes majeurs : les subventions annuelles aux Comités internationaux, le soutien aux Comités nationaux, internationaux, et Alliances régionales dans le cadre de la réalisation de projets spéciaux et le programme de bourses destiné à encourager la participation de jeunes membres aux conférences annuelles des Comités internationaux de l’ICOM.</s>
    <s>Soutien au réseau</s>
    <s>Accueil/Qui sommes-nous/Les comités/Comités nationaux</s>
    <s>Comités nationaux</s>
    <s>Les Comités nationaux constituent les principaux vecteurs de communication entre le Secrétariat général et les membres de l’ICOM. Les 117 Comités nationaux de l’ICOM assurent la gestion des intérêts de l’ICOM dans leur pays respectifs, représentent leurs membres au sein de l’ICOM et contribuent à la réalisation des programmes de l’ICOM.</s>
    <s>Rechercher un comité national dans la liste ci-dessous:</s>
    <s>Qui sommes-nous</s>
    <s>L’ICOM en bref|</s>
    <s>Secrétariat général|</s>
    <s>Les statuts de l'ICOM|</s>
    <s>La vision</s>
    <s>Définition du musée|</s>
    <s>Code de déontologie|</s>
    <s>Plan stratégique|</s>
    <s>La gouvernance</s>
    <s>Directeur général|</s>
    <s>Conseil exécutif|</s>
    <s>Assemblée générale|</s>
    <s>Comité consultatif</s>
    <s>Les comités</s>
    <s>Comités nationaux|</s>
    <s>Comités internationaux|</s>
    <s>Alliances régionales|</s>
    <s>Organisations affiliées|</s>
    <s>Comités techniques</s>
    <s>Magazine Les nouvelles de l'ICOM|</s>
    <s>Galerie photo/vidéo</s>
    <s>Que faisons-nous</s>
    <s>Normes professionnelles</s>
    <s>Code de déontologie|</s>
    <s>Normes et lignes directrices|</s>
    <s>Concepts clés de muséologie</s>
    <s>Lutte contre le trafic illicite|</s>
    <s>Médiation en Art et Patrimoine |</s>
    <s>Programme d’urgence dans les |</s>
    <s>Patrimoine immatériel|</s>
    <s>Tourisme culturel</s>
    <s>Conférence générale|</s>
    <s>Journée internationale des musées|</s>
    <s>Exposition universelle 2010</s>
    <s>Centre d'information muséologique |</s>
    <s>Base de données des publications |</s>
    <s>Base de données des Listes Rouges |</s>
    <s>Foire aux questions</s>
    <s>Ils nous font confiance</s>
    <s>Où travaillons-nous</s>
    <s>Le réseau ICOM</s>
    <s>2 000 musées|</s>
    <s>28 000 experts|</s>
    <s>171 comités|</s>
    <s>Soutien au réseau</s>
    <s>Rejoignez-nous !</s>
    <s>Devenir membre</s>
    <s>Exposition universelle 2010|</s>
    <s>Conférence générale|</s>
    <s>Journée Internationale des Musées</s>
    <s>Devenir membre</s>
    <s>Moteur de recherche avancée</s>
    <s>Envoyer à un ami</s>
    <s>Copyright (C) Icom 2010 |Plan du site|Mentions légales</s>
    <s>var gaJsHost = ((&quot;https:&quot; == document.location.protocol) ? &quot;https://ssl.&quot; : &quot;http://www.&quot;); document.write(unescape(&quot;%3Cscript src='&quot; + gaJsHost + &quot;google-analytics.com/ga.js' type='text/javascript'%3E%3C/script%3E&quot;)); //document.write(&quot;\&lt;script src=&quot;&amp;quot; + gaJsHost + &amp;quot;google-analytics.com/ga.js&quot; type=&quot;text/javascript&quot;&gt;\&lt;\/script&gt;&quot; ); var pageTracker = gat. getTracker(&quot;UA-2646247-50&quot;); pageTracker. initData(); pageTracker. trackPageview();</s>
  </text>
</page>
