<?xml version="1.0" encoding="UTF-8"?>
<!DOCTYPE page SYSTEM "page.dtd">
<page>
  <lang>fr</lang>
  <url>http://22byzantinecongress.org/fr/reg/</url>
  <title>Inscription « XXIIe Congrès International des Études Byzantines</title>
  <snippet>
    <s>Le Comité d&#39;organisation a l&#39;honneur de vous inviter à y prendre part avec des communications libres ou des posters sur des sujets à votre choix ayant aux publications du Congrès et accès à toutes les conférences, réceptions, visites des </s>
  </snippet>
  <text>
    <s>Important Annoucement</s>
    <s>Hôtels et excursions</s>
    <s>Bourses d'étudiants</s>
    <s>Chers(ères) collègues,</s>
    <s>Du 22 au 27 août 2011, à Sofia (Bulgarie), se tiendra le XXIIe Congrès international des études byzantines. Le Comité d’organisation a l’honneur de vous inviter à y prendre part avec des communications libres ou des posters sur des sujets à votre choix ayant en vue que le thème général du Congrès est Byzance sans frontières.</s>
    <s>Le temps pour la présentation des communications libres est limité à 10 minutes et elles seront réunies dans des séances thématiques avec 8 à 10 participants.</s>
    <s>Les posters seront exposés dans une des salles du Congrès, où l’on prévoit également une discussion.</s>
    <s>Pour toute information concernant l’organisation du Congrès, les délais à respecter, les formulaires d’inscription à remplir, le montant progressif des taxes de participation, les conditions et les dossiers pour les bourses d’étudiants, les recommendations aux auteurs pour les publications, ainsi que les questions pratiques de l’hébergement et des excursions proposées, etc., nous vous invitons à consulter les différentes rubriques du site-internet du Congrès (en Anglais, Français ou Bulgare) à l’adresse électronique suivante :</s>
    <s>N’hésitez surtout pas à nous solliciter si vous avez besoin d’information complémentaire.</s>
    <s>Dans l’attente du plaisir de vous accueillir à Sofia, nous comptons sur votre active participation.</s>
    <s>Droits d’inscription</s>
    <s>Veuillez noter, s’il vous plaît, que TOUT participant doit payer une inscription qui donne droit aux matériaux du Congrès (cartable, badge, etc.), aux publications du Congrès et accès à toutes les conférences, réceptions, visites des musées, expositions, etc.</s>
    <s>Inscription reçue</s>
    <s>Avant le 30.11.2010</s>
    <s>Entre le 01.12.2010 et le 30.04.2011</s>
    <s>A partir du 01.05.2011</s>
    <s>Inscription normale</s>
    <s>125 EU</s>
    <s>150 EU</s>
    <s>200 EU</s>
    <s>80 EUR</s>
    <s>120 EUR</s>
    <s>140 EUR</s>
    <s>Personne accompagnante</s>
    <s>90 EUR</s>
    <s>130 EUR</s>
    <s>150 EUR</s>
    <s>Tous les payements s’effectuent en euros par virement bancaire et doivent être versés sur le compte du XXIIe Congrès international des études byzantines:</s>
    <s>IBAN BG 29 FINV 915012 XXII BYZC     BIC FINVBGSF</s>
    <s>Bulgarie, First Investment Bank, Sofia 1000, 3, place Narodno Sabranie</s>
    <s>Titulaire du compte: Association des byzantinistes et des médiévistes en Bulgarie,</s>
    <s>Adresse du titulaire : 1504 Sofia, 15, blvd. Tsar Osvoboditel, Université de Sofia « Saint Clément d’Ochrid », Faculté d’Histoire</s>
    <s>Votre nom doit figurer sur le règlement bancaire. Les frais du virement sont à la charge du payeur. Veuillez garder tous les documents concernant le règlement effectué et les frais de payement.</s>
    <s>Nous acceptons les paiements par VISA, VISA Electron, MASTERCARD, Maestro.</s>
    <s>Formulaire d’inscription</s>
    <s>1. Mailing Address and Personal Data</s>
    <s>2. Degree/Position</s>
    <s>3. I'm a student</s>
    <s>4. First Name(required)</s>
    <s>5. Last Name(required)</s>
    <s>6. Academic Affiliation</s>
    <s>7. Mailing address</s>
    <s>8. Postal code</s>
    <s>9. Country</s>
    <s>10. Phone</s>
    <s>11. Fax</s>
    <s>12. E-mail(valid email required)</s>
    <s>13. Accompanying Person</s>
    <s>14. First Name</s>
    <s>15. Last Name</s>
    <s>16. Congress Paper (check one)</s>
    <s>17. Plenary paper Round table Free communication Poster</s>
    <s>18. Title:</s>
    <s>19. receipt for a paid Registration Fee</s>
    <s>20. Upload file</s>
    <s>21. You can pay with credit card</s>
    <s>22. I will pay with credit card</s>
    <s>cforms contact form by delicious:days</s>
    <s>Autres moyens d’envoi du formulaire</s>
    <s>Téléchargement du fichier Microsoft Word .doc ou .pdf fichier</s>
    <s>Le formulaire doit être accompagné du justificatif attestant le payement des droits d’inscription à l’adresse suivante :</s>
    <s>Prof. Dr. Miliana Kaymakamova</s>
    <s>Université de Sofia « Saint Clément d’Ochrid »,</s>
    <s>Faculté d’Histoire,</s>
    <s>15, Blvd. Tsar Osvoboditel</s>
    <s>BG-1504 Sofia</s>
    <s>Fax: (++ 359 2) 8564982</s>
    <s>E-mail: byzcongress2011 [at yahoo dot com]</s>
    <s>Avec le concours de</s>
    <s>Hôtels et excursions</s>
    <s>Bourses d'étudiants</s>
    <s>XXIIe Congrès International des Études Byzantines</s>
    <s>Sofia 22-27 Août 2011</s>
    <s>web designer</s>
  </text>
</page>
