<?xml version="1.0" encoding="UTF-8"?>
<!DOCTYPE page SYSTEM "page.dtd">
<page>
  <lang>fr</lang>
  <url>http://iccrom.org/fra/news_fr/2011_fr/field_fr/04misc_fr.shtml</url>
  <title>ICCROM - manifestations et emplois en dehors de l&#39;ICCROM, avril ...</title>
  <snippet>
    <s>Date limite de soumission des résumés : 30 avril 2011. 21 mars. American Institute for Conservation, United States Conférence : 9th Annual Meeting: Ethos, </s>
  </snippet>
  <text>
    <s>recherche sur le site | plan du site | nous contacter</s>
    <s>ropos de</s>
    <s>ts membres</s>
    <s>&gt; facebook</s>
    <s>accueil &gt; archive des infos &gt; nouvelles et emplois</s>
    <s>english version</s>
    <s>Infos avril 2011 :</s>
    <s>Manifestations, emplois, bourses, sites internet, etc.</s>
    <s>!linea news</s>
    <s>Bourses, stages, financements, benevolat</s>
    <s>15 avril . ICOM - Soutien au reseau</s>
    <s>Financements : Confnce Inclusive Museum : Programme de bourses de voyage pour les membres de l'ICOM des pays d'Afrique australe</s>
    <s>Date limite d'envoi des candidatures : 30 avril 2010</s>
    <s>6 avril. International Conservation Centre, Old City of Acre, Israel</s>
    <s>Stage : Saving the Stones programme</s>
    <s>Date limite d'envoi des candidatures : visiter le site internet</s>
    <s>15 avril. Foundation of the American Institute for Conservation (FAIC)</s>
    <s>Financement : FAIC Latin American Scholarships</s>
    <s>Date limite d'envoi des candidatures :contacter les organisateurs</s>
    <s>8 avril. Institut National du Patrimoine, France</s>
    <s>Stage : Accueil des stagiaires internationaux au drtement des conservateurs</s>
    <s>Date limite d'envoi des candidatures : 15 mai 2011</s>
    <s>!linea news02</s>
    <s>22 mars. Soprintendenza speciale per il patrimonio storico, artistico ed etnoantropologico e per il polo museale della citta di Venezia e dei comuni della Gronda lagunare , Italie</s>
    <s>Young conservator: paper-based media</s>
    <s>Date limite d'envoi des candidatures : 31 mai 2011</s>
    <s>!linea news02</s>
    <s>Evenements et manifestations</s>
    <s>Calendrier des manifestations compile par l'ICCROM</s>
    <s>Evenements ce mois-ci</s>
    <s>15 avril. Cite l'architecture et du patrimoine (ole de Chaillot et musdes Monuments frans), lole pratique des hautes des, Technische UniversitM, et avec le soutien de la Direction grale des patrimoines, France</s>
    <s>Colloque : La maquette : Un outil au service du projet architectural, 20-21 mai 2011, Paris, France</s>
    <s>Date limite d'inscription : 6 mai 2011</s>
    <s>15 avril. Economic Value of European Cultural Heritage (EVoCH); Rhineland-Palatinate Ministry of Education, Science, Youth and Culture; Directorate-General for Cultural Heritage; &quot;Kultur und Arbeit e.V.&quot; (Culture and Work)</s>
    <s>Colloque : Value Creation and New Business Models by Energy Efficiency Measures in Historic Buildings, 13 mai 2011, Koblenz, Allemagne</s>
    <s>Date limite d'inscription : 5 mai 2011</s>
    <s>8 avril. Department of Conservation, National Museum of Danemark, Copenhagen</s>
    <s>Conference : 4th symposium on Preserving Archaeological Remains in situ (PARIS4), 23 - 26 mai 2011, Copenhagen, Danemark</s>
    <s>Date limite d'inscription : visiter le site internet</s>
    <s>8 avril. Instituto Universitario de Restauracion del Patrimonio (IRP), Universidad Politecnica de Valencia (UPV), Espagne</s>
    <s>Conference : Modern and Contemporary Mural Paintings: Technique, Conservation and Access (MCM-2011), 10 juin 2011, Valencia, Espagne</s>
    <s>Date limite d'inscription : 1 mai 2011 (advanced); contacter les organisateurs</s>
    <s>8 avril. Commonwealth Association of Museums</s>
    <s>Colloque : Commonwealth Museums: Culture, Economy and Climate Change and youth , 27-27 mai 2011, Singapour</s>
    <s>Date limite d'inscription : contacter les organisateurs</s>
    <s>8 avril. Wallraf-Richartz-Museum and Foundation Corboud, Bayerische Staatsgemaldesammlungen, and the Doerner Institut, Allemagne</s>
    <s>Colloque : Let the Material Talk - Technology of Late Medieval Cologne Painting in Context, 24-26 novembre 2011, Cologne, Allemagne</s>
    <s>Date limite d'inscription : contacter les organisateurs</s>
    <s>8 avril. Dolj County Council, Oltenia Museum, ICOM Romania, and University of Craiova, Roumanie</s>
    <s>Conference : Matter and Materials in/for Cultural Heritage, 24-28 aout 2011, Craiova, Roumanie</s>
    <s>Date limite d'inscription : 10 juin 2011</s>
    <s>8 avril. Centro Cultural, Universidad Nacional Mayor de San Marcos, Perou</s>
    <s>Colloque : 3er Simposio Latinoamericano de Metodos de Fisica y Quimica para la conservacion del patrimonio cultural de Arqueologia, Arte y Patrimonio Cultural (LASMAC 2011), 8-10 novembre 2011, Lima, Perou</s>
    <s>Date limite de soumission des resumes : 30 juin 2011</s>
    <s>Date limite d'inscription : 30 juillet 2011</s>
    <s>8 avril. l'Ecole d'Avignon et ICOMOS France, et des partenaires</s>
    <s>Colloque : Construire en terre : Du patrimoine historique a l'architecture contemporaine, 4-5 mai 2011, Marseille, France</s>
    <s>Date limite d'inscription : 22 avril 2011</s>
    <s>4 avril. British Museum et des partenaires, Londres, Royaume-Uni</s>
    <s>Conference : Pest Odyssey 2011: Ten Years Later, 26-28 octobre 2011, Londres, Royaume-Uni</s>
    <s>Date limite d'inscription : 30 juin 2011 (avance); 25 octobre 2011</s>
    <s>22 mars. ICOM-CC</s>
    <s>Conference : 16eme Conference triennale, 19-23 septembre 2011, Lisbonne, Portugal</s>
    <s>Date limite d'inscription : 31 March 2011 (avance); visiter le site internet</s>
    <s>21 mars. United Kingdom National Commission for UNESCO et des partenaires, Royaume-Uni</s>
    <s>Appel a communications : &quot;I Know Where I'm Going&quot;: Remote Access to World Heritage Sites from St Kilda to Uluru, 23-24 novembre 2011, Edinburgh, Royaume-Uni</s>
    <s>Date limite de soumission des resumes : 3 avril 2011</s>
    <s>Date limite d'inscription : 30 juin 2011 (advanced); 11 novembre 2011</s>
    <s>22 mars. European project CHARISMA (Cultural Heritage Advanced Research Infrastructures: Synergy for a Multidisciplinary Approach to Conservation/Restoration) et le British Museum</s>
    <s>Appel a communications : The Renaissance Workshop: The Materials and Techniques of Renaissance Art, 10-11 mai 2012, Londres, Royaume-Uni</s>
    <s>Date limite de soumission des resumes : 1 septembre 2011</s>
    <s>21 mars. International Institute for Conservation of Historic and Artistic Works (IIC)</s>
    <s>Appel a communications : IIC Congress 2012, 10-14 septembre 2011, Vienne, Autriche</s>
    <s>Date limite de soumission des resumes : 30 avril 2011</s>
    <s>21 mars. American Institute for Conservation, United States</s>
    <s>Conference : 9th Annual Meeting: Ethos, Logos, Pathos , 31 mai - 3 juin 2011, Philadelphia, PA, USA</s>
    <s>Date limite d'inscription : 31 mars 2011 (advanced); visiter le site internet</s>
    <s>21 mars. Gobierno de la Provincia de Chaco et le Federacion de Archiveros de la Republica Argentina (FARA), Argentine</s>
    <s>Conference :IX Congreso Argentino de Archivistica: Demanda y Actualizacion de conocimientos archivisticos, el desafio del saber hacer, 7-9 septembre 2011, Resistencia, Chaco, Argentine</s>
    <s>Date limite d'inscription : 15 aout 2011</s>
    <s>21 mars. Kulturni Forum, Serbie</s>
    <s>Evenement : Second International Fair of conservation, restoration, restoration of castles and historical buildings, 1 - 3 juin 2011, Sremska, Serbie</s>
    <s>Date limite d'inscription : visiter le site internet</s>
    <s>18 mars. Art Institute of Chicago (AIC), Centre Interregional de Conservation et Restauration du Patrimoine, Marseille et le Musee Picasso, Antibes, France</s>
    <s>Colloque : From Can to Canvas. Premis utilisations des peintures industrielles par Picasso et ses contemporains dans la premi moitiu xx sie, Marseille, 25 et 26 mai et Antibes, 27 mai 2011 (France)</s>
    <s>Date limite d'inscription : 23 avril 2011</s>
    <s>11 mars . European Research Centre for Book and Paper Conservation-Restoration, Horn, Autriche</s>
    <s>Conference : New Approaches to Book and Paper Conservation-Restoration, 9 -11 mai 2011, Horn, Autriche</s>
    <s>Date limite d'inscription : contacter les organisateurs</s>
    <s>1 mars. Association for the Study of Marble and Other Stones In Antiquity</s>
    <s>Appel a communications : ASMOSIA Xth International Conference, 21-26 mai 2010, Rome, Italie</s>
    <s>Date limite de soumission des resumes : 30 juin 2011</s>
    <s>8 fevrier. Palais des Papes, Avignon, France</s>
    <s>Exposition : Blessures d'archives, reve d'eternite, 17 janvier - 28 octobre 2011, Palais des Papes, Avignon</s>
    <s>12 janvier. Mediterranean Scientific Association of Environmental Protection</s>
    <s>Colloque : 16th International Symposium on Environmental Pollution and its Impact on Life in the Mediterranean Region, 27-27 septembre 2011, Ioannina, Grece</s>
    <s>Date limite de soumission des resumes : 30 avril 2011</s>
    <s>5 janvier. University of Naples, University Mediterranea of Reggio Calabria, Italian National Commission for UNESCO, U.S-Italy Fulbright Commission.</s>
    <s>Forum : &quot;S.A.V.E. Heritage&quot; Safeguard of Architectural, Visual, Environmental Heritage, 9-11 juin 2011, Capri, Italie</s>
    <s>Date limite d'inscription : 10 mai 2011</s>
    <s>28 decembre. Ethnologisches Museum, Rathgen Research Laboratory, National Museums Berlin, Centre de Recherche sur la Conservation des Collections (CRCC), Image Permanence Institute (IPI), Technische Universitat Munchen (TUM)</s>
    <s>Colloque : Preserving Endangered Audio Media -Rethinking Archival Strategies for Conservation of Analogue Audio Carrier, 9-10 juin 2011, Ethnologisches Museum, Staatliche Museen zu Berlin - Museen Dahlem, Berlin, Allemagne</s>
    <s>Date limite de soumission des rm: 15 fevrier 2011</s>
    <s>Earlybird registration deadline: 20 mai 2011</s>
    <s>14 decembre. Asian Academy for Heritage Management (AAHM)</s>
    <s>Conference : Asia-Pacific Regional Conference on Underwater Cultural Heritage, 8-12 novembre 2011, Manille, Philippines</s>
    <s>Date limite d'inscription : visiter le site internet</s>
    <s>14 decembre. German national committee of ICOMOS in cooperation with the HAWK University of Applied Sciences and Arts, Faculty of Preservation of Cultural Heritage, the Directorate-General for Cultural Heritage in Rhineland-Palatinate, and the &quot;Liegenschafts- und Baubetreuung LBB Niederlassung Trier&quot;</s>
    <s>Conference : Wall paintings exposed to outdoor weathering, 7-9 avril 2011, Trier, Kurfurstliches Palais, Allemagne</s>
    <s>Date limite d'inscription : contacter les organisateurs</s>
    <s>25 novembre. Asian Academy for Heritage Management (AAHM)</s>
    <s>Call for theme and session organizers: Inaugural Conference on Underwater Cultural Heritage (pdf), 8 - 12 novembre 2011, Manila, Philippines</s>
    <s>Date limite pour les soumissions : contacter les organisateurs</s>
    <s>19 octobre. Preservation Advisory Centre, British Library, Royaume-Uni</s>
    <s>Calendrier d'evenements</s>
    <s>Date limite d'inscription : visiter le site internet</s>
    <s>28 septembre. University of Massachusetts Amherst, Etats-Unis</s>
    <s>Conference : Why Does the Past Matter?, 4 - 7 Mai 2011, Amherst, Etats-Unis</s>
    <s>Date limite d'inscription : visiter le site internet</s>
    <s>22 avril. Life Beyond Tourism</s>
    <s>Calendrier d'evenements :</s>
    <s>Date limite d'inscription : visiter le site internet</s>
    <s>!linea news02</s>
    <s>Formation et developpement</s>
    <s>19 avril. Diadrasis, Grece</s>
    <s>Atelier : Romiri Project 2011 - International Workshop on Architectural Conservation, 15 septembre - 15 octobre 2011, Zakynthos, Grece</s>
    <s>Date limite d'inscription : 16 mai 2011</s>
    <s>19 avril.Research Center for Disaster Mitigation of Urban Cultural Heritage, Ritsumeikan University, Kyoto, Japon</s>
    <s>Cours: International Training Course on Disaster Risk Management of Cultural Heritage, 10-24 septembre 2011</s>
    <s>Date limite d'inscription : 15 mai 2011</s>
    <s>Please note that in spite of the disaster, the course will take place as scheduled. It will take place West Japan; Kyoto and Kobe, neither of which has been affected by the recent disaster and absolutely no danger of radiation has been reported in these cities.</s>
    <s>15 avril. Singhad College of Architecture, Pune, Inde</s>
    <s>Cours : M.Arch in Architectural Conservation, July 2011, Pune, Inde</s>
    <s>Date limite d'inscription : contacter les organisateurs</s>
    <s>15 avril. Zurich University of the Arts (ZHDK), Suisse</s>
    <s>Cours : Master of Advanced Studies in Curating; Certificate in Curating, septembre 2011, Zurich, Suisse</s>
    <s>Date limite d'inscription : 30 juin 2011</s>
    <s>15 avril. Institute of Continuing Education, University of Cambridge, Royaume-Uni</s>
    <s>Cours : MSt in Historic Environment, septembre 2012 to juillet 2014, Cambridge, Royaume-Uni</s>
    <s>Date limite d'inscription : applications will be accepted from 1 September 2011 to 30 March 2012</s>
    <s>8 avril. Center for Heritage and Society, University of Massachusetts Amherst, Etats-Unis</s>
    <s>Cours en ligne :</s>
    <s>Digital Heritage as a Tool of Public Engagement with the Past, and Safeguarding Intangible Heritage, 16 mai - 6 juin 2011</s>
    <s>Date limite d'inscription : 1 mai 2011</s>
    <s>Communicating with the Public about Heritage, and Introduction to Sites of Conscience: Addressing Social Issues at Heritage Sites and Making the Past Matter, 7 juin - 12 juillet 2011</s>
    <s>Date limite d'inscription : 22 mai 2011</s>
    <s>4 avril. Universidad Autonoma de Madrid, Espagne, and Escuela Nacional de Conservacion, Restauracion y Museografia de Mexico (INAH)</s>
    <s>Cours : Curso de especializacion en patrimonio cultural &quot;Restauracion de Metales Arqueologicos&quot;, 30 juin 2011 - 30 septembre 2011, Madrid, Espagne</s>
    <s>Date limite d'inscription : 30 April 2011</s>
    <s>4 avril. Turin School of Development, Italie</s>
    <s>Cours : Master in World Heritage at Work , 15 juin 2011 - 14 juin 2012, Turin, Italie</s>
    <s>Date limite d'inscription : 29 avril 2011</s>
    <s>4 avril. CIDOC, ICOM International Committee for Documentation, Museum of Texas Tech University</s>
    <s>Cours : CIDOC Summer School: Museum Documentation, Principles and Practice, 25 juin - 1 juillet 2011, Lubbock, Texas, Etats-Unis</s>
    <s>Date limite d'inscription : contacter les organisateurs</s>
    <s>22 mars. Institut National de l'Audiovisuel (INA) , France</s>
    <s>Cours : FRAME Future for Restoration of Audiovisual Memory in Europe, 20-24 juin et 17-21 octobre 2011, Paris, France</s>
    <s>Date limite d'inscription : 6 mai 2011</s>
    <s>22 mars. Ecole du Louvre, France, et l' Istituto Veneto di Scienze, Lettere ed Arti , Italie</s>
    <s>Seminaire : seminaire international d'ete de museologie : musee et territoire, 6 - 14 juillet 2011, Venise, Italie</s>
    <s>Date limite d'inscription : 16 mai 2011</s>
    <s>22 mars. Ecole du Louvre, Paris, France</s>
    <s>Seminaire : seminaire international d'ete de museologie : musee et territoire, 29 aout - 9 septembre 2011, Paris, Metz, Lille, Roubaix, Villeneuve d'Ascq, France</s>
    <s>Date limite d'inscription : 16 mai 2011</s>
    <s>22 mars. MOMART Summer School, Universita di Bologna , Italie</s>
    <s>Cours : Preservation and study of modern materials and contemporary art, 18-23 juillet 2011, Comacchio , Italie</s>
    <s>Date limite d'inscription : contacter les organisateurs</s>
    <s>10 mars. University of Kent, School of Arts in partnership avec ENCATC (European Network of Cultural Administration Training Centers)</s>
    <s>Formation : International Arts Professionals Summer School, 18-22 juillet 2011, Bruxelles, Belgique</s>
    <s>Date limite d'inscription : visiter le site internet</s>
    <s>1 mars. Preservation Advisory Centre, British Library, Royaume-Uni</s>
    <s>Atelier : Preservation Assessment Survey Workshop, 18 avril 2011, Manchester, Royaume-Uni</s>
    <s>Date limite d'inscription : contacter les organisateurs</s>
    <s>15 fevrier. Dipartimento ambiente costruzioni e design, Scuola universitaria professionale della Svizzera italiana (SUPSI), Suisse</s>
    <s>Bachelor of Arts SUPSI in Conservazione</s>
    <s>Date limite d'inscription : 31 mai 2011 (pre-inscription); 31 juillet 2011</s>
    <s>14 fevrier. Association canadienne pour la conservation et la restauration</s>
    <s>Ateliers : Graveurs : Quand l'artiste rencontre le restaurateur-conservateur and Questions specialisees relatives a la planification d'urgence et a la capacite d'intervention, 24-25 mai 2011, Winnipeg, Manitoba, Canada</s>
    <s>Date limite d'inscription : 29 avril 2011</s>
    <s>14 fevrier. Catedra Regional de Ciencias de la Conservacion Integral de los Bienes Culturales y Naturales para America Latina y el Caribe de la UNESCO (CRECI), Cuba</s>
    <s>Actividades de Superacion profesional, Año Academico 2011</s>
    <s>21 janvier. International Forum Bosnia (IFB), Bosnie-Herzegovine</s>
    <s>International summer school: youth and heritage</s>
    <s>Date limite d'inscription : 31 mai 2011</s>
    <s>5 janvier. Escola SENAI Theobaldo de Nigris, Sao Paulo, Bresil</s>
    <s>Conteudos abordados nos cursos de Preservaçao 2011</s>
    <s>Date limite d'inscription : contacter les organisateurs</s>
    <s>10 decembre. Erasmus Mundus Programme</s>
    <s>Advanced Masters in Structural Analysis of Monuments and Historical Constructions</s>
    <s>Date limite d'inscription : visiter le site internet</s>
    <s>11 octobre. Hornemann Institute, Allemagne</s>
    <s>Cours en ligne : Restoration Theories and Methods from the mid-20th century to the Present Important in Cleaning their Surfaces, mars 2011</s>
    <s>Date limite d'inscription : contacter les organisateurs</s>
    <s>8 septembre. Rosario Facultad de Arquitectura, Universidad Abierta Interamericana , Argentine</s>
    <s>Cours : museos, los artefactos comunicadores (pdf)</s>
    <s>Date limite d'inscription : contacter les organisateurs</s>
    <s>6 septembre. Northeast Document Conservation Center (NEDCC), Etats-Unis</s>
    <s>Formation : calendrier de formation</s>
    <s>18 mai. Istituto centrale per il restauro e la conservazione del patrimonio archivistico e librario (ICPAL), Italie</s>
    <s>Formation : Restauratori di beni archivistici e librari (5 ans)</s>
    <s>Date limite d'inscription : visiter le site internet</s>
    <s>!linea news02</s>
    <s>8 avril. Video: China: Cultural Heritage, World Bank</s>
    <s>The World Bank has posted a video illustrating how protecting cultural heritage in the city of Shaoxing, Zhejiang Province, is contributing to sustainable development.</s>
    <s>29 mars. Radio: A History of the World in 100 objects, BBC</s>
    <s>!linea news02</s>
    <s>Publications, publications et periodiques en ligne</s>
    <s>15 avril. Contemporary art museums in Europe: a comparative study on their stakeholder management, par Stefano Baia Curioni, Laura Forti, Luca Martinazzoli</s>
    <s>This paper contributes to the debates about the trajectories of contemporary art museums in Europe. Specifically, it seeks to understand the nature, the diversity, the mission, the positioning and the perspective evolution of these institutions.</s>
    <s>15 avril. Museums of Ideas: Commitment and Conflict</s>
    <s>Written by leading museum specialists and focuses on pioneering and innovative institutions in over 17 different countries: Afghanistan, Australia, Bangladesh, Canada, Chile, Croatia, Finland, India, Italy, Japan, Mexico, Netherlands, Norway, Sweden, Ukraine, UK, and USA.</s>
    <s>15 avril. Bulletin de l'ISPAN 22 (pdf), Haiti</s>
    <s>Le Bulletin de l'ISPAN est desormais disponible.</s>
    <s>15 avril. Territori della Cultura, Italie</s>
    <s>La rivista edita dal Centro Universitario Europeo per i Beni Culturali di Ravello e veicolata assieme a «Quotidiano Arte, il Giornale del Patrimonio Culturale».</s>
    <s>15 avril. Patrimonio y Desarrollo, Boletin Digital No. 3 - 2011 (pdf), Cuba</s>
    <s>Le bulletin electronique du CENCREM (Centro Nacional de Conservacion, Restauracion y Museologia) est desormais disponible.</s>
    <s>22 mars. MUSEUM International N°244 : Que peut encore l'Art ?</s>
    <s>La revue, publiee par l'UNESCO depuis 1948, se consacre a l'echange d'informations scientifiques et techniques sur les musees et le patrimoine dans une perspective de collaboration internationale.</s>
    <s>!linea news02</s>
    <s>Sites Internet</s>
    <s>15 avril. Ghana Museums and Monuments Board</s>
    <s>The Ghana Museums and Monuments Board (GMMB) is the legal custodian of Ghana's material cultural heritage (movable and immovable heritage).</s>
    <s>15 avril. Hot Science Global Citizens: the Agency of the Museum Sector in Climate Change Interventions</s>
    <s>Project looks at the museum sector as places to provide information, activate broker discussions and decisions around climate change issues, locally and trans-nationally.</s>
    <s>14 avril. Filaha Texts Project</s>
    <s>Learn more about the Filāha texts - manuals of agriculture, horticulture and animal husbandry compiled by Arab agronomists between the 10th and 14th centuries.</s>
    <s>8 avril. Past Horizons: Adventures in Archaeology</s>
    <s>Fieldschool projects, Archaeology News and Articles, Conference dates and Archaeologists toolstore for equipment and trowels.</s>
    <s>29 mars. Deliberately Concealed Garments Project</s>
    <s>The term &quot;Deliberately Concealed Garments&quot; describes items of clothing that have been deliberately hidden or buried within the structure of a building.</s>
    <s>!linea news02</s>
    <s>mise our : 02.05.2011</s>
    <s>Sites internet</s>
    <s>Archive des infos</s>
    <s>&lt; ropos de l'ICCROM &gt; | plan du site | recherche sur le site | nous contacter</s>
    <s>ICCROM 2005</s>
    <s>Via di San Michele 13, I-00153 Rome, Italie</s>
    <s>t: (+39) 06.585-531; fax: (+39) 06.585-53349</s>
    <s>URL: http://www.iccrom.org</s>
  </text>
</page>
