<?xml version="1.0" encoding="UTF-8"?>
<!DOCTYPE page SYSTEM "page.dtd">
<page>
  <lang>fr</lang>
  <url>http://dcalin.fr/internat/oit_convention_1983.html</url>
  <title>OIT 20 juin 1983 : Convention sur la réadaptation professionnelle et ...</title>
  <snippet>
    <s>21 déc. 2007 Aux fins de la présente convention, l&#39;expression personne Article 2. Tout Membre devra, conformément aux conditions et à la pratique nationales fournir et d&#39;évaluer des services d&#39;orientation professionnelle, de formation </s>
  </snippet>
  <text>
    <s>Publications par auteurs</s>
    <s>Publications par themes</s>
    <s>Textes officiels</s>
    <s>Convention sur la readaptation professionnelle</s>
    <s>et l'emploi des personnes handicapees</s>
    <s>Ratifiee par la France le 16 mars 1989</s>
    <s>Organisation Internationale du Travail (OIT)</s>
    <s>Date d'adoption : 20 juin 1983</s>
    <s>Date d'entree en vigueur : 20 juin 1985</s>
    <s>Convention : C159</s>
    <s>Lieu : Geneve</s>
    <s>Session de la Conference : 69</s>
    <s>La Conference generale de l'Organisation Internationale du Travail,</s>
    <s>Convoquee a Geneve par le Conseil d'administration du Bureau international du Travail, et s'y etant reunie le 1er juin 1983, en sa soixante-neuvieme session ;</s>
    <s>Notant les normes internationales existantes enoncees dans la recommandation sur l'adaptation et la readaptation professionnelles des invalides, 1955, et dans la recommandation sur la mise en valeur des ressources humaines, 1975 ;</s>
    <s>Notant que depuis l'adoption de la recommandation sur l'adaptation et la readaptation professionnelles des invalides, 1955, la maniere d'envisager les besoins de readaptation, le domaine d'intervention et l'organisation des services de readaptation, ainsi que la legislation et la pratique de nombreux Membres concernant les questions couvertes par ladite recommandation ont evolue de maniere significative ;</s>
    <s>Considerant que l'Assemblee generale des Nations Unies a proclame 1981 Annee internationale des personnes handicapees, avec pour theme « pleine participation et egalite » et qu'un Programme d'action mondial concernant les personnes handicapees, de large portee, doit mettre sur pied des mesures efficaces, aux niveaux international et national, en vue de la realisation des objectifs de « pleine participation » des personnes handicapees a la vie sociale et au developpement et d'« egalite » ;</s>
    <s>Considerant que, par suite de cette evolution, il est approprie d'adopter de nouvelles normes internationales en la matiere, qui tiennent compte en particulier de la necessite d'assurer l'egalite de chances et de traitement a toutes les categories de personnes handicapees, dans les zones rurales aussi bien qu'urbaines, afin qu'elles puissent exercer un emploi et s'inserer dans la collectivite ;</s>
    <s>Apres avoir decide d'adopter certaines propositions concernant la readaptation professionnelle qui constitue la quatrieme question a l'ordre du jour de la session ;</s>
    <s>Apres avoir decide que ces propositions prendront la forme d'une convention internationale,</s>
    <s>adopte, ce vingtieme jour de juin mil neuf cent quatre-vingt-trois, la convention ci-apres, qui sera denommee Convention sur la readaptation professionnelle et l'emploi des personnes handicapees, 1983.</s>
    <s>Partie I. Definitions et champ d'application</s>
    <s>Article 1</s>
    <s>1. Aux fins de la presente convention, l'expression personne handicapee designe toute personne dont les perspectives de trouver et de conserver un emploi convenable ainsi que de progresser professionnellement sont sensiblement reduites a la suite d'un handicap physique ou mental dument reconnu.</s>
    <s>2. Aux fins de la presente convention, tout Membre devra considerer que le but de la readaptation professionnelle est de permettre aux personnes handicapees d'obtenir et de conserver un emploi convenable, de progresser professionnellement et, partant, de faciliter leur insertion ou leur reinsertion dans la societe.</s>
    <s>3. Tout Membre devra appliquer les dispositions de la presente convention par des mesures appropriees aux conditions nationales et conformes a la pratique nationale.</s>
    <s>4. Les dispositions de la presente convention s'appliquent a toutes les categories de personnes handicapees.</s>
    <s>Partie II. Principes des politiques de readaptation professionnelle et d'emploi pour les personnes handicapees</s>
    <s>Article 2</s>
    <s>Tout Membre devra, conformement aux conditions et a la pratique nationales et en fonction de ses possibilites, formuler, mettre en oeuvre et revoir periodiquement une politique nationale concernant la readaptation professionnelle et l'emploi des personnes handicapees.</s>
    <s>Article 3</s>
    <s>Ladite politique devra avoir pour but de garantir que des mesures de readaptation professionnelle appropriees soient accessibles a toutes les categories de personnes handicapees et de promouvoir les possibilites d'emploi des personnes handicapees sur le marche libre du travail.</s>
    <s>Article 4</s>
    <s>Ladite politique devra etre fondee sur le principe d'egalite de chances entre les travailleurs handicapes et les travailleurs en general. L'egalite de chances et de traitement entre les travailleurs handicapes et les travailleuses handicapees devra etre respectee. Des mesures positives speciales visant a garantir l'egalite effective de chances et de traitement entre les travailleurs handicapes et les autres travailleurs ne devront pas etre considerees comme etant discriminatoires a l'egard de ces derniers.</s>
    <s>Article 5</s>
    <s>Les organisations representatives des travailleurs et des employeurs doivent etre consultees sur la mise en oeuvre de ladite politique, y compris les mesures qui doivent etre prises pour promouvoir la cooperation et la coordination entre les institutions publiques et privees qui s'occupent de la readaptation professionnelle. Les organisations representatives qui sont composees de personnes handicapees ou qui s'occupent de ces personnes devront etre egalement consultees.</s>
    <s>Partie III. Mesures a prendre au niveau national pour le developpement des services de readaptation professionnelle et d'emploi pour les personnes handicapees</s>
    <s>Article 6</s>
    <s>Tout Membre devra, par voie de legislation nationale, ou par toute autre methode conforme a la pratique et aux conditions nationales, prendre toute mesure qui peut etre necessaire pour donner effet aux articles 2, 3, 4 et 5 de la presente convention.</s>
    <s>Article 7</s>
    <s>Les autorites competentes devront prendre des mesures en vue de fournir et d'evaluer des services d'orientation professionnelle, de formation professionnelle, de placement, d'emploi, et autres services connexes destines a permettre aux personnes handicapees d'obtenir et de conserver un emploi et de progresser professionnellement ; les services existants pour les travailleurs en general devront, dans tous les cas ou cela est possible et approprie, etre utilises avec les adaptations necessaires.</s>
    <s>Article 8</s>
    <s>Des mesures devront etre prises pour promouvoir la creation et le developpement de services de readaptation professionnelle et d'emploi pour personnes handicapees dans les zones rurales et les collectivites isolees.</s>
    <s>Article 9</s>
    <s>Tout Membre devra s'efforcer de garantir que soient formes et mis a la disposition des interesses des conseillers en matiere de readaptation ainsi que d'autre personnel qualifie approprie charges de l'orientation professionnelle, de la formation professionnelle, du placement et de l'emploi des personnes handicapees.</s>
    <s>Partie IV. Dispositions Finales</s>
    <s>Article 10</s>
    <s>Les ratifications formelles de la presente convention seront communiquees au Directeur general du Bureau international du Travail et par lui enregistrees.</s>
    <s>Article 11</s>
    <s>1. La presente convention ne liera que les Membres de l'Organisation internationale du Travail dont la ratification aura ete enregistree par le Directeur general.</s>
    <s>2. Elle entrera en vigueur douze mois apres que les ratifications de deux Membres auront ete enregistrees par le Directeur general.</s>
    <s>3. Par la suite, cette convention entrera en vigueur pour chaque Membre douze mois apres la date ou sa ratification aura ete enregistree.</s>
    <s>Article 12</s>
    <s>1. Tout Membre ayant ratifie la presente convention peut la denoncer a l'expiration d'une periode de dix annees apres la date de la mise en vigueur initiale de la convention, par un acte communique au Directeur general du Bureau international du Travail et par lui enregistre. La denonciation ne prendra effet qu'une annee apres avoir ete enregistree.</s>
    <s>2. Tout Membre ayant ratifie la presente convention qui, dans le delai d'une annee apres l'expiration de la periode de dix annees mentionnee au paragraphe precedent, ne fera pas usage de la faculte de denonciation prevue par le present article sera lie par une nouvelle periode de dix annees et, par la suite, pourra denoncer la presente convention a l'expiration de chaque periode de dix annees dans les conditions prevues au present article.</s>
    <s>Article 13</s>
    <s>1. Le Directeur general du Bureau international du Travail notifiera a tous les Membres de l'Organisation internationale du Travail l'enregistrement de toutes les ratifications et denonciations qui lui seront communiquees par les Membres de l'Organisation.</s>
    <s>2. En notifiant aux Membres de l'Organisation l'enregistrement de la deuxieme ratification qui lui aura ete communiquee, le Directeur general appellera l'attention des Membres de l'Organisation sur la date a laquelle la presente convention entrera en vigueur.</s>
    <s>Article 14</s>
    <s>Le Directeur general du Bureau international du Travail communiquera au Secretaire general des Nations Unies, aux fins d'enregistrement, conformement a l'article 102 de la Charte des Nations Unies, des renseignements complets au sujet de toutes ratifications et de tous actes de denonciation qu'il aura enregistres conformement aux articles precedents.</s>
    <s>Article 15</s>
    <s>Chaque fois qu'il le jugera necessaire, le Conseil d'administration du Bureau international du travail presentera a la Conference generale un rapport sur l'application de la presente convention et examinera s'il y a lieu d'inscrire a l'ordre du jour de la Conference la question de sa revision totale ou partielle.</s>
    <s>Article 16</s>
    <s>1. Au cas ou la Conference adopterait une nouvelle convention portant revision totale ou partielle de la presente convention, et a moins que la nouvelle convention ne dispose autrement :</s>
    <s>a) la ratification par un Membre de la nouvelle convention portant revision entrainerait de plein droit, nonobstant l'article 12 ci-dessus, denonciation immediate de la presente convention, sous reserve que la nouvelle convention portant revision soit entree en vigueur ;</s>
    <s>b) a partir de la date de l'entree en vigueur de la nouvelle convention portant revision, la presente convention cesserait d'etre ouverte a la ratification des Membres.</s>
    <s>2. La presente convention demeurerait en tout cas en vigueur dans sa forme et teneur pour les Membres qui l'auraient ratifiee et qui ne ratifieraient pas la convention portant revision.</s>
    <s>Article 17</s>
    <s>Les versions française et anglaise du texte de la presente convention font egalement foi.</s>
    <s>!Retour en haut</s>
    <s>Retour en haut</s>
    <s>Autres textes internationaux</s>
    <s>Retour a la page d'accueil</s>
    <s>Daniel Calin (C) Tous droits reserves</s>
    <s>Derniere revision : vendredi 21 decembre 2007 - 20:30:00</s>
  </text>
</page>
