<?xml version="1.0" encoding="UTF-8"?>
<!DOCTYPE page SYSTEM "page.dtd">
<page>
  <lang>fr</lang>
  <url>http://recherche.univ-montp3.fr/artdev/colloque3/programme_coll3.html</url>
  <title>Colloque - L&#39;évaluation du paysage : une utopie nécessaire ?</title>
  <snippet>
    <s>Jean-Marie Miossec, Président de l&#39;université Paul Valéry-Montpellier III Session II- Evaluer quoi ? Session III - Les méthodes de l&#39;évaluation Université Paris I, &quot;De l&#39;utilisation de la photographie comme art et comme technique dans le </s>
  </snippet>
  <text>
    <s>Jeudi 15 janvier</s>
    <s>8h30-9h30 Inscriptions</s>
    <s>9h30-10h00 Accueil</s>
    <s>Jean-Marie Miossec, President de l'universite Paul Valery-Montpellier III</s>
    <s>Alain Berger, Directeur de l'UMR 5045 CNRS</s>
    <s>Anne Honegger, Daniel Puech, UMR 5045 CNRS, organisateurs du colloque</s>
    <s>Seance pleniere</s>
    <s>10h00-10h30 Conference introductive par Georges Bertrand, Universite de Toulouse Le Mirail</s>
    <s>Session I - Pourquoi s'interesser a l'evaluation des paysages ?</s>
    <s>President de seance et moderateur : Georges Bertrand et Jean-Paul Chassany</s>
    <s>Raphael Larrere, INRA ESR Ivry</s>
    <s>Serge Schmitz, Institut de geographie, Liege, Belgique, &quot;Le paysage invisible ou le paysage sous le binoculaire des scientifiques&quot;</s>
    <s>Pierre Derioz, geographe, Universite d'Avignon, UMR Espace</s>
    <s>Thierry Laniesse, Directeur du Parc naturel regional du Narbonnais</s>
    <s>Session II- Evaluer quoi ? Les elements du paysage face a l'evaluation</s>
    <s>President de seance et moderateur : Jacques Lepart et Pascal Chevalier</s>
    <s>Bertrand Gonot, IRSAM, Universite de Pau, &quot;L'eau : un facteur essentiel de structuration du paysage. L'exemple des Landes de Gascogne&quot;</s>
    <s>Anne-Cecile Lefort, Conservatoire National des Arts et Metiers, Paris, &quot;Paysages urbains en Ile-de-France : impact et effets de la gestion des usines classees (1870-1970)&quot;</s>
    <s>Laurent Couderchet, UFR Geographie et amenagement, Universite de Bordeaux, &quot;L'illusion du visible. Paysage et amenagement d'infrastructures de transport d'electricite&quot;</s>
    <s>Sylvaine Boulanger-Fassier, Universite d'Orleans, &quot;La dynamique des paysages viticoles : l'exemple des vignobles jurassien et alsacien&quot;</s>
    <s>Laura Cassi, Monica Meiri, Universite de Florence, &quot;Donner les noms aux lieux. Necessite, regard dans le passe ou utopie ?&quot;</s>
    <s>Margherita Azzari, Universite de Florence, &quot;L'utilisation de l'espace rural pendant les deux derniers siecles pour l'evaluation des caracteristiques des paysages et de leurs evolutions&quot;</s>
    <s>Laurence Fabbri, UMR 5045 MTE-CNRS, Universite Montpellier III, &quot;Les paysages viticoles : un nouvel enjeu de developpement pour les territoires&quot;</s>
    <s>Frederic Faucon, Laurent Rieutort, CERAMAC, Universite Blaise Pascal, Clermont-Ferrand, &quot;Dynamiques de l'occupation du sol et enjeux paysagers : de la formation geographique a l'elaboration de projets dans les territoires sensibles&quot;</s>
    <s>Marc Dedeire, UMR 5045 MTE-CNRS, Universite Montpellier III, &quot;Dynamiques economiques des paysages a travers les biens tangibles reconnus : l'exemple des produits d'origine geographique&quot;</s>
    <s>Le debat beneficiera des apports de Steven Bobe, RESO, Universite de Rennes 2, &quot;Evaluation de l'integration du patrimoine paysager dans les strategies entrepreunariales touristiques en milieu rural : l'exemple des parcs naturels regionaux d'Armorique et des marais du Cotentin et du Bessin&quot;.</s>
    <s>Session III - Les methodes de l'evaluation</s>
    <s>Atelier 1- Les outils</s>
    <s>President de seance et moderateur : Jean-Charles Filleron et Daniel Puech</s>
    <s>Jean-Louis Yengue, Alain Genin, Universite de Tours, &quot;SIG et transects : outils pour la caracterisation et l'evaluation du paysage&quot;</s>
    <s>Sylvie Ferrari, CEMAGREF, Cestas, &quot;Agriculture et production de paysage : un essai d'evaluation economique&quot;</s>
    <s>Eric Bordessoule, CERAMAC, Universite Blaise Pascal, Clermont-Ferrand, &quot;Un outil pour une meilleure connaissance des dynamiques et de la gestion des paturages d'altitude : l'exemple de l'enquete pastorale conduite en 1999 dans le Cantal (elaboration, methodologie, enseignements)&quot;</s>
    <s>Monique Demarque, Daniel Puech, UMR 5045 MTE-CNRS, Universite Montpellier III, &quot;La complementarite des approches methodologique, economique et geographique pour l'evaluation des paysages&quot;</s>
    <s>Alix Audurier-Cros, Anne Honegger, Corinne Pardo, Ecole d'Architecture Languedoc-Roussillon, UMR 5045 MTE-CNRS, Universite Montpellier III, &quot;Le vegetal et les parcs et jardins dans l'espace mediterraneen : a la recherche d'indicateurs et de marqueurs culturels pour la gestion des paysages. Exemples choisis en Languedoc-Roussillon&quot;</s>
    <s>Dominique Perchet, Consultant, Prez-sur-Marne, &quot;Pays-paysage. De l'image comme outil d'evaluation et de prospective territoriale : pistes de travail&quot;</s>
    <s>Le debat beneficiera des apports de Vincent Godard, CNRS FRE 2545, Universite Paris 8, &quot;L'evaluation des paysages de l'empirisme au probabilisme. Reflexion sur le plan d'echantillonnage&quot;, de Marie-Françoise Slak, Enita de Bordeaux, &quot;Les indicateurs d'evolution des paysages pour la France a l'OCDE&quot; et d'Olivier Bories, Geode, Universite de Toulouse-Le Mirail, &quot;La mesure des preferences paysageres en milieu periurbain : la photographie comme support a l'evaluation&quot;.</s>
    <s>Atelier 2 - Les demarches</s>
    <s>President de seance et moderateur : Claude Napoleone et Pascal Marty</s>
    <s>Nathalie Blanc, Marianne Cohen, UMR LADYSS Paris,&quot;Pour une evaluation multidisciplinaire des paysages&quot;</s>
    <s>Eva Bigando, Universite Bordeaux III, &quot;Evaluation de la sensibilite au paysage ordinaire et a ses changements : methodes et enjeux&quot;</s>
    <s>Francesca Di Pietro, Caroline Pinoteau, Alain Genin et Jean-Louis Yengue, Universite de Tours, &quot;Caracterisation de la structure spatiale du paysage : une approche eco-morphologique&quot;</s>
    <s>Ghyslain Geniaux, Claude Napoleone, INRA, Avignon, CEMAGREF, Aix-en-Provence, &quot;Evaluer les paysages par une demarche interdisciplinaire economie/ecologie du paysage&quot;</s>
    <s>Philippe Beringuier, Sylvie Paradis, CNRS GEODE, Universite de Toulouse, &quot;De l'evaluation a l'action : vers la construction d'une demarche de projet participative pour &quot;mieux cheminer ensemble&quot; &quot;</s>
    <s>Jeanne Dachary-Bernard, Universite Bordeaux IV, &quot;Au-dela de l'utopie : la contribution de l'economie a l'evaluation du paysage par une approche multi-attributs&quot;</s>
    <s>François Legouy, Universite d'Orleans, &quot;Une evaluation du paysage grace au logiciel AMADO (traitement informatique des matrices de J. Bertin)&quot;</s>
    <s>Le debat beneficiera des apports de Madeleine Griselin, Sebastien Nageleisen, Thema, CNRS UMR 6049, Besançon, &quot;Paysage et itineraire : quelques pistes methodologiques&quot; et Samuel Depraz, UMR 5045 MTE-CNRS, Universite Montpellier III, &quot;Les analyses paysageres et leur legitimation sociale&quot;.</s>
    <s>Seance pleniere</s>
    <s>Session posters, responsable : Stephane Ghiotti</s>
    <s>Vincent Briquel, J.-J. Collicard, CEMAGREF, St-Martin-d'Heres, &quot;Un reperage prealable des pressions sur les paysages au regard des dynamiques du developpement - application a deux territoires de montagne&quot; - Catherine Caille-Catin, Lucie Fontaine, Sebastien Nageleisen, Arnaud Piombini, CNRS UMR THEMA, Besançon, &quot;Vers un protocole methodologique de connaissance et d'observation des representations paysageres&quot; - Elie Hakim, Universite du Liban, &quot;Une experience Outre-mer, la cedraie de Tannourine au Liban-Nord&quot; - Youcef Icheboubene, Universite de Blida, Algerie, &quot;L'approche conceptuelle de la notion de paysage dans l'enseignement de l'architecture&quot; - Daniele Larcena, CNRS, &quot;Paysages agricoles de la Region PACA a partir du SIG : le territoire des exploitations agricoles en PACA, donnees satellitales. Recensement de l'agriculture 2000&quot; - Julie Lemoine, Universite Paris I, &quot;De l'utilisation de la photographie comme art et comme technique dans le projet de gestion des paysages en France : le cas de l'Observatoire photographique du paysage et du procede de la veille photographique&quot; - R. Rodewald (coord.), Institut de Hautes Etudes en Administration Publique, Universite de Lausanne, Suisse, &quot;L'application du principe de developpement durable au paysage&quot; - Nuscia Taibi, Universite d'Angers, &quot;La teledetection satellitaire comme outil de caracterisation des paysages et du suivi de leur evolution. Le bassin de l'oued Dades (Maroc)&quot; - Dominique Vollet, Marie-Pierre Arlot, CEMAGREF Aubiere et St-Martin-d'Heres, &quot;Evaluation des politiques agricoles integrant des preoccupations paysageres : quelles interactions avec le developpement regional ? Illustration a partir de la Region Rhone-Alpes&quot;</s>
    <s>Vendredi 16 janvier</s>
    <s>Session IV - Quels resultats ?</s>
    <s>Atelier 1- Bilan des experiences</s>
    <s>President de seance et moderatrice : Jean-Paul Chassany et Alix Audurier-Cros</s>
    <s>Pierre Donadieu, Nathalie Dumont-Fillon, S. Fedila, Ecole Nationale Superieure du Paysage de Versailles, &quot;De l'utopie a la realite : les regles de construction des paysages. Le cas des chartes de paysage dans le parc naturel regional du Vexin français&quot;</s>
    <s>Jacqueline Candau, Olivier Aznar (Cemagref), Marc Guerin (Commissariat General du Plan), Yves Michelin (Enita), Patrick Moquay (Engref), Interets et limites d'une pratique de l'interdisciplinarite : l'utilisation d'objets spatiaux pour l'evaluation de politiques paysageres locales&quot;</s>
    <s>Marie-Pierre Arlot, Weiss S., Vollet D., Briquel V., Paillet A., CEMAGREF, St-Martin d'Heres et Aubiere, &quot;Politiques de paysage, politiques de developpement regional dans les Alpes : quelles interactions, quels impacts ?&quot;</s>
    <s>Pierre Derioz, Anne-Elisabeth Laques, Universite d'Avignon et des Pays du Vaucluse, UMR Espace, &quot;Evaluation paysagere et diagnostic de territoire : retours d'experience&quot;</s>
    <s>Monique Toublanc, Ecole Nationale Superieure du Paysage, Versailles, &quot;L'evaluation et la gestion des paysages dans la conception, la mise en oeuvre et le suivi d'une politique paysagere : l'exemple de la politique de reconstitution du paysage de bocage&quot;</s>
    <s>Jean-Luc Fiches, Alix Audurier-Cros, CNRS UMR 154, Lattes, Ecole d'Architecture Languedoc-Roussillon, &quot;Regards croises sur les paysages : essai d'une evaluation multi-criteres pour l'amenagement et la gestion du site du Pont-du-Gard&quot;</s>
    <s>Atelier 2 - Transferabilite des methodes et des outils pour les gestionnaires</s>
    <s>Presidente de seance et moderatrice : Lucette Laurens et Anne Honegger</s>
    <s>Jacques Lepart, Pascal Marty, CEFE -CNRS Montpellier, &quot;L'objet ou son image ? Sciences des representations ou science des paysages : les enjeux du transfert vers les gestionnaires&quot;</s>
    <s>Sandrine Alinat, Christian Carrie, Jean-Paul Cheylan, CNRS UMR Espace- CIRAD TERA, Montpellier, &quot;La modelisation paysagere : pertinence des outils de representation pour les gestionnaires&quot;</s>
    <s>Herve Davodeau, David Montembault, Universite d'Angers, Universite de Caen, &quot;Du paysage au territoire, un changement d'echelle problematique&quot;</s>
    <s>Xavier Michel, CNRS LADYSS, Universite Paris I, &quot;L'evaluation du paysage et le tourisme : les paysages du decalage&quot;</s>
    <s>Laurence Le Du-Blayo, Universite Rennes II, &quot;Articulation entre besoins des gestionnaires et methodologies proposees&quot;</s>
    <s>Philippe Fleury, Emmanuel Guisepelli, GIS des Alpes du Nord, Chambery, &quot;Representations sociales du paysage et developpement local : utopie et necessite d'un outil d'aide a la gestion concertee des paysages&quot;</s>
    <s>Pascal Thinon, Françoise Jarrige, INRA-ENSAM, UMR Innovation, Montpellier, &quot;La prise en compte du paysage dans les nouvelles formes d'intercommunalites : le cas de l'agglomeration de Montpellier&quot;</s>
    <s>Seance pleniere</s>
    <s>Synthese des ateliers et discussion generale</s>
    <s>Conclusion generale par Yves Luginbuhl, LADYSS, Paris</s>
    <s>Martine Berlan-Darque, Ministere de l'Ecologie et du Developpement durable</s>
    <s>Anne Honegger, Daniel Puech**, UMR 5045 CNRS</s>
    <s>16h30 Cloture du colloque</s>
  </text>
</page>
