<?xml version="1.0" encoding="UTF-8"?>
<!DOCTYPE page SYSTEM "page.dtd">
<page>
  <lang>fr</lang>
  <url>http://gdr-isis.fr/index.php%3Fmact%3DNews,cntnt01,print,0%26cntnt01articleid%3D535%26cntnt01showtemplate%3Dfalse%26cntnt01returnid%3D56</url>
  <title>Appel à propositions d&#39;Evénements Associés à RFIA 2012 : Ateliers ...</title>
  <snippet>
    <s>Categories: Conférence nationale Date: Jul 1, 2011 Title: Appel à propositions au déroulement d&#39;événements associés à ce congrès : ateliers, tutoriels, etc. Elles seront examinées par un comité ad-hoc composé de membres du comité </s>
  </snippet>
  <text>
    <s>Categories: Conférence nationale</s>
    <s>Date: Jul 1, 2011</s>
    <s>Title: Appel à propositions d’Evénements Associés à RFIA 2012 : Ateliers, Tutoriels, etc.</s>
    <s>Appel a propositions d'Evenements Associes a RFIA 2012 : Ateliers, Tutoriels, etc .</s>
    <s>Date limite d'envoi des propositions : 20 juillet 2011.</s>
    <s>Appel a propositions d'Evenements Associes a RFIA 2012 : Ateliers, Tutoriels, etc.</s>
    <s>Date limite d'envoi des propositions : 20 juillet 2011</s>
    <s>Le dix-huitieme congres francophone sur la Reconnaissance des Formes et l'Intelligence Artificielle (RFIA'12) se deroulera du 24 au 27 janvier 2012 a Lyon (http://liris.cnrs.fr/rfia2012). Ce colloque est organise conjointement par l'Association Française d'Intelligence Artificielle (AFIA) et l'Association Française de Reconnaissance et d'Interpretation des Formes (AFRIF).</s>
    <s>Le congres RFIA 2012 sera precede d'une journee (le 24 Janvier 2012) dediees au deroulement d'evenements associes a ce congres : ateliers, tutoriels, etc. Cette journee se deroulera a Lyon sur le campus universitaire de la Doua. Les propositions d'organisation d'evenements associes sont a soumettre pour le 20 juillet 2011 sous forme de fichier PDF et a envoyer a alexandre.meyer@liris.univ-lyon1.fr. Elles seront examinees par un comite ad-hoc compose de membres du comite scientifique, du comite d'organisation et de membres exterieurs. Les reponses seront donnees debut septembre 2011. Une particularite pour cette edition est qu'un des ateliers sera en duplex avec l'Universite des Antilles et de la Guyane.</s>
    <s>Les rubriques suivantes doivent etre renseignees dans la proposition :</s>
    <s>Responsables(s) : nom, laboratoire, .</s>
    <s>Titre de l'evenement</s>
    <s>Journee complete ou demi-journee</s>
    <s>Souhait d'une liaison avec les Antilles</s>
    <s>Contexte : projet ANR ? Groupe de travail ? </s>
    <s>Objectif(s) de l'evenement</s>
    <s>Public cible : doctorants, chercheurs, industriels, nombre </s>
    <s>Budget : inscriptions sont payantes ou gratuites, recettes/depenses envisagees, …</s>
    <s>Type de programme : atelier, tutoriel, table ronde, </s>
    <s>Mode de selection : sur soumission sans selection, sur soumission avec selection, invitation</s>
    <s>Besoins : locaux, materiel, </s>
    <s>Alexandre Meyer</s>
    <s>Tel : (+33) (0)4 72 43 19 75</s>
    <s>Universite Lyon 1 - LIRIS</s>
    <s>Batiment Nautibus</s>
    <s>43, Boulevard du 11 Novembre 1918</s>
    <s>69622 VILLEURBANNE CEDEX</s>
    <s>Fax : (+33) (0)4 72 43 15 36</s>
  </text>
</page>
