<?xml version="1.0" encoding="UTF-8"?>
<!DOCTYPE page SYSTEM "page.dtd">
<page>
  <lang>fr</lang>
  <url>http://pensionetavantages-pensionandbenefits.gc.ca/act/iapc-ipac-2011-fra.html</url>
  <title>Venez nous voir au congrès 2011 de l&#39;IAPC — Participant actif ...</title>
  <snippet>
    <s>22 août 2011 Accueil &gt; Participant actif &gt; Quoi de neuf? qui aura lieu le 29 et 30 août au Centre des conférences de Victoria, à Victoria La 63e conférence annuelle attire un grand nombre de participants et de conférenciers dédiés à </s>
  </snippet>
  <text>
    <s>!Gouvernement du Canada</s>
    <s>!Symbole du gouvernement du Canada</s>
    <s>Votre pension et vos avantages sociaux de la fonction publique</s>
    <s>Passer au contenu | Passer aux liens institutionnels</s>
    <s>Liens de la barre de menu commune</s>
    <s>Accueil &gt; Participant actif &gt; Quoi de neuf? &gt; Venez nous voir au congres 2011 de l'IAPC</s>
    <s>Liens institutionnels</s>
    <s>Participant actif</s>
    <s>Participant retraite</s>
    <s>Survivant ou personne a charge</s>
    <s>Participant potentiel</s>
    <s>Information et outils</s>
    <s>Renseignements sur les regimes pour les participants actifs</s>
    <s>Outils pour les participants actifs</s>
    <s>Renseignements sur les avis pour les participants actifs</s>
    <s>Centre de ressources</s>
    <s>À notre sujet pour les participants actifs</s>
    <s>Index A a Z pour les participants actifs</s>
    <s>Glossaire pour les participants actifs</s>
    <s>Formulaires pour les participants actifs</s>
    <s>Sites connexes pour les participants actifs</s>
    <s>Plan du site pour les participants actifs</s>
    <s>Divulgation proactive</s>
    <s>Divulgation proactive</s>
    <s>Évenements de la vie</s>
    <s>Nouvel employe a la fonction publique</s>
    <s>Augmenter votre pension</s>
    <s>Prendre un conge autorise</s>
    <s>Se marier ou devenir conjoint de fait</s>
    <s>Devenir un parent</s>
    <s>Cessation d'emploi</s>
    <s>Divorce ou separation</s>
    <s>En cas de deces</s>
    <s>Preparation a la retraite</s>
    <s>Le travail apres 65 ans</s>
    <s>En vedette</s>
    <s>10 questions les plus souvents posees</s>
    <s>Quoi de neuf?</s>
    <s>!Rapport annuel d'investissement de PSP</s>
    <s>!Services de pensions offerts aux participants actifs</s>
    <s>Venez nous voir au congres 2011 de l'IAPC</s>
    <s>!Imprimer !Agrandir le texte</s>
    <s>Pour imprimer cette page,</s>
    <s>veuillez utiliser l'option d'impression de votre fureteur</s>
    <s>Nous sommes heureux de vous annoncer que l'equipe du portail Web Votre pension et vos avantages sociaux de la fonction publique participera au congres annuel de l'Institut d'administration publique du Canada (IAPC), qui aura lieu le 29 et 30 aout au Centre des conferences de Victoria, a Victoria (Colombie‑Britannique).</s>
    <s>Fonde en 1947, l'IAPC est une association dynamique qui regroupe des fonctionnaires, des universitaires et d'autres personnes qui s'interessent a l'administration publique. La 63e conference annuelle attire un grand nombre de participants et de conferenciers dedies a l'excellence dans la fonction publique.</s>
    <s>Si vous souhaitez en apprendre davantage au sujet du portail Web Votre pension et vos avantages sociaux de la fonction publique , des applications Web de la remuneration ou si vous avez des questions au sujet de votre pension et vos avantages sociaux, venez nous rencontrer et nous serons heureux de vous renseigner!</s>
    <s>Date de modification : 2011-08-22</s>
    <s>Haut de la page</s>
    <s>Avis importants</s>
  </text>
</page>
