<?xml version="1.0" encoding="UTF-8"?>
<!DOCTYPE page SYSTEM "page.dtd">
<page>
  <lang>fr</lang>
  <url>http://coeurnet.org/1025-Calendrier-des-evenements-inter-eglises-de-l-agglomeration</url>
  <title>Calendrier des évènements inter-églises de l&#39;agglomération ...</title>
  <snippet>
    <s>28 sept. 2011 Le 2 e congrès pour la jeunesse européenne : 3&#39;000 participants attendus, 150 exposants Conférence « Don et économie dans les sociétés contemporaines » la communion fraternelle, à la fraction du pain et aux prières (Actes 2, 42-47). . Foyer Evangélique Universitaire &middot; Inter-église &middot; Jeunes Actifs </s>
  </snippet>
  <text>
    <s>Le portail des églises et associations protestantes adhérant à la Fédération Évangélique de France</s>
    <s>Rechercher :</s>
    <s>CoeurNet (accueil) &gt; Nos activités &gt; Inter-église &gt; Calendrier des évènements inter-églises de l’agglomération grenobloise</s>
    <s>Calendrier des évènements inter-églises de l'agglomération grenobloise</s>
    <s>jeudi 6 octobre 2011, par Webserviteur</s>
    <s>Prochains evenements associes</s>
    <s>Weekend Annuel Portes Ouvertes : Du 12 au 13 novembre a Région parisienne , Savigny-le-Temple, 77</s>
    <s>Cette année, nous aborderons le thème de la consécration.</s>
    <s>Les chrétiens persécutés savent à quel point vivre sa foi sans compromis demande du courage, mais aussi combien Dieu bénit et honore ce choix. Nos orateurs viendront du Nigeria, d'Érythrée, du Maghreb et d'Inde.</s>
    <s>Un temps privilégié pour apprendre et changer ensemble, à l’école de la consécration.</s>
    <s>Infos pratiques &amp; inscription sur : http://www.portesouvertes.fr/weekend/</s>
    <s>Collecte de la Banque Alimentaire : Du 25 novembre 08:30 au 26 novembre 20:00</s>
    <s>Des bénévoles des églises protestantes de l'agglomération grenobloise participent aux cotés de la Banque Alimentaire.</s>
    <s>Marc, l'Expérience : Jeudi 1er décembre 20:00-22:00 a Sur le campus (à préciser ultérieurement)</s>
    <s>« Marc : L'Expérience » est une mise en scène de l’Évangile de Marc en 90 minutes. Toutes les péripéties de l'Évangile de Marc seront jouées (mais pas mot par mot). La mise en scène a été créée par Andrew Page (IFES, GBU International)pour permettre au public de « vivre » une rencontre avec Jésus selon l’Évangile de Marc. C'est pour cela qu'il n'y aura ni costumes, ni décors, ni microphones, ni narrateur. Les chaises du public seront disposées autour de la scène centrale. L'action ne se fera pas uniquement au centre, mais aussi dans les allées au milieu du public, qui aura l'impression de faire partie de l'action.</s>
    <s>Marc, l'Expérience : Vendredi 2 décembre 20:00-22:00 a Eglise Chrétienne Evangélique , 3bis rue Casimir Périer à Grenoble</s>
    <s>« Marc : L'Expérience » est une mise en scène de l’Évangile de Marc en 90 minutes. Toutes les péripéties de l'Évangile de Marc seront jouées (mais pas mot par mot). La mise en scène a été créée par Andrew Page (IFES, GBU International)pour permettre au public de « vivre » une rencontre avec Jésus selon l’Évangile de Marc. C'est pour cela qu'il n'y aura ni costumes, ni décors, ni microphones, ni narrateur. Les chaises du public seront disposées autour de la scène centrale. L'action ne se fera pas uniquement au centre, mais aussi dans les allées au milieu du public, qui aura l'impression de faire partie de l'action.</s>
    <s>Marc, l'Expérience : Samedi 3 décembre 20:00-22:00 a Eglise Protestante Evangélique de Grenoble , à préciser ultérieurement</s>
    <s>« Marc : L'Expérience » est une mise en scène de l’Évangile de Marc en 90 minutes. Toutes les péripéties de l'Évangile de Marc seront jouées (mais pas mot par mot). La mise en scène a été créée par Andrew Page (IFES, GBU International)pour permettre au public de « vivre » une rencontre avec Jésus selon l’Évangile de Marc. C'est pour cela qu'il n'y aura ni costumes, ni décors, ni microphones, ni narrateur. Les chaises du public seront disposées autour de la scène centrale. L'action ne se fera pas uniquement au centre, mais aussi dans les allées au milieu du public, qui aura l'impression de faire partie de l'action.</s>
    <s>mission-net : Congrès Missionnaire pour la Jeunesse Européenne : Du 28 décembre 2011 au 2 janvier 2012 a Erfurt, Allemagne</s>
    <s>Le 2e congrès pour la jeunesse européenne : 3'000 participants attendus, 150 exposants</s>
    <s>Pour plus d'information, mission-net 2012 | 28 décembre 2011 au 2 janvier 2012 | Erfurt (Allemagne)</s>
    <s>Mad in France 2011 : Du 30 décembre 2011 (15:28) au 1er janvier 2012 (16:28) a Parc des Expositions - Valence - France</s>
    <s>Mad in France est de retour pour le jour de l'an 2011 !</s>
    <s>Encore plus de folie, encore plus de show, encore plus de bonne musique Mais Mad in France c'est aussi et surtout un moment privilégié pour prendre de vraies résolutions pour ta vie !</s>
    <s>Au programme : Speakers, Témoignages, Concerts, Shows, Sport Xtrem, Espace lounge, Expo </s>
    <s>Prépare-toi à vivre un nouvel an comme tu n'en as sûrement jamais vécu, avec des milliers de jeunes venus de France, de Suisse et de Belgique</s>
    <s>Bloque déjà la date dans ton planning et fais tourner l'info !</s>
    <s>« ÉVANGÉLIQUES, ÉVANGÉLISTES ? » -- 1re convention nationale du CNEF : Du 26 au 27 janvier 2012 a ESPACE PARIS-EST-MONTREUIL</s>
    <s>Entre « évangéliques » et « évangélistes », seules deux lettres changent. Pourtant les journalistes font facilement la confusion. Faut-il pour autant refuser l'équivalence ? La première Convention nationale du CNEF veut souligner que, dans un monde qui tolère mal les convictions religieuses fortes, nous ne saurions pourtant être « évangéliques » sans être « évangélistes ».</s>
    <s>Cette rencontre a un triple objectif :</s>
    <s>!- manifester publiquement l'unité du protestantisme évangélique ;</s>
    <s>!- renforcer la communion ;</s>
    <s>!- stimuler le zèle pour l'annonce de l'Évangile.</s>
    <s>En votre qualité de responsable d'une Église locale ou d'une œuvre liée au CNEF, vous êtes chaleureusement invité à vous joindre aux 1500 participants attendus.</s>
    <s>Ne manquez pas ce rendez-vous !</s>
    <s>Étienne LHERMENAULT - Président du CNEF</s>
    <s>Week-end « Challenge/Nouvelle Génération » : Du 10 au 11 mars 2012 a Champfleuri , Les Eymins, Le Champ Près Froges</s>
    <s>Évenements passes</s>
    <s>Soiré de présention du projet « Marc, l'Expérience » : Vendredi 14 octobre 20:00-22:30 a Eglise Chrétienne Evangélique , rue Casimir Périer, Grenoble</s>
    <s>« Marc : L'Expérience » est une mise en scène de l’Évangile de Marc en 90 minutes. Toutes les péripéties de l'Évangile de Marc seront jouées (mais pas mot par mot). La mise en scène a été créée par Andrew Page (IFES, GBU International) pour permettre au public de « vivre » une rencontre avec Jésus selon l’Évangile de Marc. C'est pour cela qu'il n'y aura ni costumes, ni décors, ni microphones, ni narrateur. Les chaises du public seront disposées autour de la scène centrale. L'action ne se fera pas uniquement au centre, mais aussi dans les allées au milieu du public, qui aura l'impression de faire partie de l'action.</s>
    <s>Pour en savoir plus : http://gbu.fr/evenements/marc-lexpe </s>
    <s>50 ans de l'Eglise Baptiste de Grenoble-Echirolles : Samedi 10 septembre a Eglise Baptiste de Grenoble-Echirolles , 137 Cours Jean Jaurès à Echirolles</s>
    <s>Journée du S.E.L. pour les populations des pays en voie de développement : Dimanche 15 mai</s>
    <s>Et si vous décidiez de prendre un temps de prière et d'action pour les populations des pays en développement ?</s>
    <s>Relayez dans votre Église, la journée du S.E.L., le dimanche 15 mai 2011 !</s>
    <s>Avec le dossier d'animation que nous vous avons préparé, l'organisation de votre journée est déjà bien avancée Consultez le programme :</s>
    <s>Une idée de programme pour le culte</s>
    <s>Un programme pour les enfants aussi</s>
    <s>Rencontre-débat « ENSEMBLE POUR UNE TERRE SOLIDAIRE » : Mardi 10 mai 20:30-22:00 a Centre Œcuménique St Marc , 1 Place Louis Jouvet à Grenoble</s>
    <s>L'ACAT (Action des Chrétiens pour l'Abolition de la Torture) organise cette rencontre-débat avec Guy AURENCHE, Président du CCFD - Terre Solidaire et des Amis de l'hebdomadaire La Vie</s>
    <s>Exposition « la Bible à travers les âges » : Du 2 au 7 mai a Eglise Evangélique « Assemblée de Dieu » , 86 cours Berriat à Grenoble (Tram A/B St Bruno)</s>
    <s>Tous les jours de 10 à 20h, sauf samedi 07/05 de 10h à 12h</s>
    <s>CONCERT du VENDREDI SAINT : Vendredi 22 avril 19:00-20:30 a Temple réformé de Grenoble , Place Perinetti, angle rues Hébert et Fourier</s>
    <s>Répons pour le Vendredi Saint, de M. Haydn et J.D. Zelenka, par l’Ensemble vocal Mélusine, direction Isabelle Guillaume.</s>
    <s>Cantiques de la Passion, auteurs variés, par la chorale « Toutes Voix », direction Florence Richard-Molard.</s>
    <s>Entrée libre, participation aux frais</s>
    <s>3e consultation de missiologie urbaine -- Les Églises et les autorités politiques : Du 5 au 6 avril a Eglise évangélique des chinois , 21 passage Wattieaux, 75019 Paris</s>
    <s>L'objectif de cette rencontre est d'aider les pasteurs et responsables d'Églises en région parisienne (et des autres grandes villes) à réfléchir aux relations qu'ils entretiennent ou devraient entretenir avec les autorités politiques locales. Entre ceux qui préfèrent rester entre les murs de leurs locaux cultuels et ceux qui rêvent de collaborations plus étroites, il y a de la place pour toute une gamme de relations qui évitent aussi bien l'indifférence que la servilité.</s>
    <s>Avec l'aide d'Henri Blocher sur le plan théologique, Sébastien Fath et Jean-Paul Willaime sur le plan sociologique et un ensemble d'acteurs de terrain, nous allons essayer de réfléchir à la meilleure manière d'habiter notre laïcité. Une table ronde et des ateliers permettront d'explorer des pistes concrètes sur le sujet.</s>
    <s>Pour plus de renseignements, il suffit d'aller à http://dmu2011.ibnogent.org/ où il est aussi possible de s'inscrire.</s>
    <s>Conférence « Don et économie dans les sociétés contemporaines », par Stéphane LAVIGNOTTE, Pasteur de l’ERF, et Arnaud BERTHOUD, universitaire : Jeudi 31 mars 20:30-22:00 a Centre Œcuménique St-Marc , 1 Place Louis Jouvet à Grenoble</s>
    <s>Organisé par l’Église Réformée de Grenoble dans le cadre de ses Conférences de Carême.</s>
    <s>Séminaire de formation parcours Alpha à Lyon : Du 26 mars 09:00 au 27 mars 17:30 a Collège de la Solitude , 29 bis chemin de Montauban, 69005 LYON</s>
    <s>Inscription groupée en ligne. Coût de la formation : 45€ (repas inclus) Pour plus d'infos : http://www.coursalpha.fr/Les-procha </s>
    <s>Conférence « Le Carême et les protestants » par François DERMANGE, professeur de théologie à Genève : Jeudi 17 mars 20:30-22:00 a Centre Œcuménique St-Marc , 1 Place Louis Jouvet à Grenoble</s>
    <s>Organisé par l’Église Réformée de Grenoble dans le cadre de ses Conférences de Carême.</s>
    <s>Veillée de prière pour l’Unité des Chrétiens : Jeudi 20 janvier 20:30-22:00 a Centre Œcuménique Saint Marc , 1 Place Louis Jouvet</s>
    <s>La semaine de prière pour l’Unité des Chrétiens du 18 au 25 janvier 2011 a pour thème :</s>
    <s>« Unis dans l’enseignement des apôtres, la communion fraternelle, la fraction du pain et la prière »</s>
    <s>C’est de Jérusalem que l’appel à l’unité parvient cette année aux Églises du monde entier. Les Églises présentes dans la Ville sainte aujourd’hui appellent tous les chrétiens à redécouvrir les valeurs qui constituaient l’unité de la première communauté chrétienne, lorsqu’elle était assidue à l’enseignement des apôtres et à la communion fraternelle, à la fraction du pain et aux prières (Actes 2, 42-47).</s>
    <s>La grande veillée de la semaine a lieu à St Marc à 20h30, le jeudi 20 janvier. Elle réunit dans une prière commune la plupart des confessions chrétiennes de l’agglomération grenobloise.</s>
    <s>Formation « Libéré » (Tony Anthony) la suite : Vendredi 7 janvier 20:00-22:00 a Eglise Protestante Evangélique de Seyssinet , Z.I. La Percevalière - 8, rue Pierre de Coubertin à SEYSSINET</s>
    <s>Les buts de cette rencontre sont :</s>
    <s>1. Prier : nous allons passer du temps à partager nos joies et nos peines dans l'annonce de l'évangile et nous allons prier pour notre ville.</s>
    <s>2. Se former : nous allons regarder ensemble le chapitre 14 de la formation « Libéré » afin de commence une réflexion sur un projet style, « Grenoble, je t'aime. »</s>
    <s>3. Agir ensemble : nous allons réfléchir sur la manière de travailler ensemble pour l'annonce de l'évangile dans notre ville.</s>
    <s>Conférence « l'Islam et la modernité » par le pasteur J. Chauvin : Mercredi 8 décembre 2010 20:30-22:00 a salle Girard Clot , 7 rue Hébert, Grenoble</s>
    <s>Pour éviter de tomber dans le piège des préjugés et de l'enfermement dans un islamisme sclérosé, quelles sont les conditions à remplir de part et d'autre pour un dialogue islamo-chrétien positif ?</s>
    <s>19h00 Pique-nique, 20h30 Exposé</s>
    <s>5e édition du marché de Noël équitable : Du 26 novembre 2010 17:00 au 23 décembre 2010 21:00 a Jardin de Ville Grenoble</s>
    <s>5e édition du marché de Noël équitable au Jardin de ville avec la participation d'un stand du SEL.</s>
    <s>Collecte de la Banque Alimentaire de l'Isère : Du 26 au 27 novembre 2010</s>
    <s>Cette année encore, la Pastorale Évangélique de l'agglomération grenobloise encourage ses membres à collaborer avec la Banque Alimentaire de l'Isère pour sa collecte annuelle. Pour tout renseignement, contactez Nicolas</s>
    <s>Formation à l 'Evangélisation avec Tony Anthony : Dimanche 21 novembre 2010 14:00-16:30 a Eglise Protestante Evangélique de Seyssinet , Z.I. La Percevalière; 8, rue Pierre de Coubertin; 38170 SEYSSINET</s>
    <s>Les fausses définitions de l’évangélisation 2e et 3e partie</s>
    <s>Évangéliser ensemble une ville</s>
    <s>Conférence avec Tony Anthony : Samedi 20 novembre 2010 20:30-22:00 a Le Philadelphie , 33 avenue de Vizille à Grenoble</s>
    <s>Un ancien champion de Kung Fu raconte sa rencontre bouleversante avec un autre grand Maître : Jésus-Christ.</s>
    <s>avec groupe musical en introduction</s>
    <s>Conférence pour les jeunes avec Tony Anthony : Samedi 20 novembre 2010 17:00-18:30 a Le Philadelphie , 33 avenue de Vizille à Grenoble</s>
    <s>Un ancien champion de Kung Fu raconte sa rencontre bouleversante avec un autre grand Maître : Jésus-Christ.</s>
    <s>pour les 11-18 ans</s>
    <s>Formation à l'évangélisation avec Tony Anthony : Samedi 20 novembre 2010 09:00-12:00 a Eglise Protestante Evangélique de Seyssinet , Z.I. La Percevalière; 8, rue Pierre de Coubertin; 38170 SEYSSINET</s>
    <s>Qu'est ce que la vérité ?</s>
    <s>Définitions de l’évangélisation (Déclaration de Lausanne)</s>
    <s>Les motivations du Malin pour nous empêcher d’évangéliser</s>
    <s>Les obstacles à la proclamation de l’Évangile</s>
    <s>Les fausses définitions de l’évangélisation 1re partie</s>
    <s>Conférence sur le thème « La fragilité : richesse ou faiblesse » : Vendredi 19 novembre 2010 20:30-22:00 a CTM , 15 chemin de la Carronnerie, Meylan</s>
    <s>Si les évangiles montrent que le premier regard de Jésus est toujours porté vers la souffrance et la faiblesse, il n’est pas sûr que la théologie ait porté tout le poids de sa réflexion sur la fragilité de la condition humaine. Nous proposons de sensibiliser et d’approfondir ce qu’apporte le regard des fragiles sur notre vision de l’homme et de Dieu.</s>
    <s>Intervenants : Marie Balmary, Nicolas de Rauglaudre, Hendro Munsterman, Bénédicte du Chaffaut, et la Communauté de l’Arche.</s>
    <s>Formation à l'évangélisation avec Tony Anthony : Vendredi 19 novembre 2010 18:00-22:00 a Eglise Protestante Evangélique de Seyssinet , Z.I. La Percevalière; 8, rue Pierre de Coubertin; 38170 SEYSSINET</s>
    <s>Introduction et test + Les œuvres, les effets et les paroles de l’Évangile</s>
    <s>L’évangélisation à l 'échelle mondiale aujourd'hui</s>
    <s>Conséquences de la non proclamation de l'Évangile</s>
    <s>La priorité de l 'église</s>
    <s>Dimanche de l'Eglise Persécutée : Dimanche 14 novembre 2010</s>
    <s>La mission Portes Ouvertes, en partenariat avec le CNEF et la FPF organisent dans de nombreuses églises de France le Dimanche de l'Église Persécutée.</s>
    <s>Cette année, le thème sera « le Pardon, Source de Vie »</s>
    <s>Weekend Annuel Portes Ouvertes : Du 6 au 7 novembre 2010 a Savigny-le-Temple (77176 )</s>
    <s>Cette année, nous aborderons le thème du pardon, épreuve difficile mais chemin inévitable vers la libération Nos orateurs viendront spécialement d’Occident, du Proche ou du Moyen-Orient pour nous apporter le témoignage de leur propre expérience. Au-delà de la souffrance, ils nous expliquerons pourquoi le pardon est indispensable et comment il nous libère et nous apporte la paix.</s>
    <s>Le témoignage du pardon -- leçons de l'Église persécutée</s>
    <s>Conférence-Débat : Comment mon épargne peut-elle financer les activités économiques dans les pays en voie de développement ? : Vendredi 15 octobre 2010 20:30-22:00 a Diapason , rue Jules Ferry à Domène (parking derrière la mairie)</s>
    <s>Conférence-Débat : Comment mon épargne peut-elle financer les activités économiques dans les pays en voie de développement ?</s>
    <s>Avec Rosalie Boot, Présidente de la coopérative des vendeuses du marché de Cocody à Abidjan, Mamadou Toure, responsable Côte d'Ivoire pour Oikocredit, Michel Cauzid, ancien président de l'association Oikocredit centre-Alpes-Rhone</s>
    <s>Affiche pour la conférence</s>
    <s>Qu'est-ce que Oikocredit ? Une banque ? Une œuvre ? Un placement financier ? Une ONG ? Un fond éthique ?</s>
    <s>Oikocredit est une banque coopérative pour le développement solidaire, créée il y a 32 ans à l’initiative du Conseil Œcuménique des Églises, en faveur de l’accès des plus pauvres au crédit.</s>
    <s>Organisme de microcrédit socialement responsable, Oikocredit utilise le capital confié par ses membres (242 millions d’euros en 2007) pour financer des projets. L’objectif est de créer des emplois et générer des revenus pour des groupes de personnes démunies, essentiellement dans les pays du Sud.</s>
    <s>C’est un des plus anciens fonds éthiques existant. Il aide au développement, en donnant à des porteurs de projet les moyens de se prendre en charge grâce à l’accès au microcrédit.</s>
    <s>Chacun peut devenir membre d’Oikocredit et contribuer à son action par un dépôt financier. Ce dépôt sera remboursable à tout moment.</s>
    <s>Pour en savoir plus sur Oikocredit, visitez le site très complet : http://www.oikocredit.org/sa/fr</s>
    <s>Repondre a cet article</s>
    <s>Qui sommes nous ?</s>
    <s>Nos activités</s>
    <s>APEG - Amicale Protestante Evangélique du Grésivaudan</s>
    <s>APP — Amitié Protestante de Pontcharra</s>
    <s>Au coeur de ma famille</s>
    <s>Église Protestante Évangélique de Grenoble</s>
    <s>Église Protestante Évangélique de Seyssinet-Pariset</s>
    <s>Église Protestante Évangélique du Haut Grésivaudan (Brignoud &amp; ( )</s>
    <s>Église protestante évangélique du Drac (EPED)</s>
    <s>Centre Evangélique Protestant du Grésivaudan (CEP)</s>
    <s>Eglise Chrétienne Evangélique de Grenoble</s>
    <s>Foyer Evangélique Universitaire</s>
    <s>Jeunes Actifs</s>
    <s>Les P’tits Messagers</s>
    <s>One More Voice</s>
    <s>Œuvres sociales</s>
    <s>En avoir le coeur net </s>
    <s>Foire aux questions</s>
    <s>Petites annonces gratuites pour la région grenobloise</s>
    <s>Vacances chrétiennes</s>
    <s>Autres sites chrétiens</s>
    <s>Lettre de nouvelles</s>
    <s>Dans la meme rubrique</s>
    <s>« Coeur de femme » -- 12e journée de rencontre pour femmes</s>
    <s>Calendrier des évènements inter-églises de l'agglomération grenobloise</s>
    <s>Culte en commun et Olympiades</s>
    <s>Concert « Bach in the dark » -- Bach aux chandelles</s>
    <s>Séminaire « La prédication christocentrique »</s>
    <s>« Zakia et Rachel » -- un espoir au pied du mur</s>
    <s>Fête de l'évangile -- Spectacle de ventriloquie pour enfants</s>
    <s>Dialogue Veritas -- Vous aviez une question pour Dieu ?</s>
    <s>Forum des hommes</s>
    <s>Focus 2011</s>
    <s>Tout public</s>
    <s>| Nouveautes | Lettre de nouvelles | Écrivez-nous | | squelette | Se connecter | Plan du site | |</s>
    <s>Visiteurs connectés : 7</s>
  </text>
</page>
