<?xml version="1.0" encoding="UTF-8"?>
<!DOCTYPE page SYSTEM "page.dtd">
<page>
  <lang>fr</lang>
  <url>http://ureca.recherche.univ-lille3.fr/sfp2010/</url>
  <title>Colloque SFP 2010</title>
  <snippet>
    <s>31 janvier : date limite de proposition des sessions collectives (symposium et table ronde) au comité de programme 27 février : date limite de soumission des </s>
  </snippet>
  <text>
    <s>Stand Professionnels</s>
    <s>Infos pratiques</s>
    <s>Prix Janet</s>
    <s>52 eme Congres de la SFP</s>
    <s>Avec la participation de :</s>
    <s>La Maison Europeenne des Sciences de l'Homme et de la Societe</s>
    <s>Le CNRS</s>
    <s>L'universite Charles De Gaulle-Lille 3</s>
    <s>L'UFR de Psychologie</s>
    <s>Les laboratoires URECA (EA 1059) et PSITEC (EA 4072)</s>
    <s>GREVE MARDI 7 SEPTEMBRE</s>
    <s>LE MÉTRO POUR REJOINDRE L'UNIVERSITÉ DEVRAIT FONCTIONNER</s>
    <s>Voir site TRANSPOLE pour des informations sur la circulation (http://www.transpole.fr/)</s>
    <s>EN CAS DE GREVE DE METRO, DES INFORMATIONS SERONT DISPONIBLES DEVANT LA GARE LILLE-FLANDRE A PARTIR DE 7H30</s>
    <s>Programme scientifique general</s>
    <s>Programme scientifique detaille</s>
    <s>Liste des posters</s>
    <s>Presentation generale</s>
    <s>La SFP est une societe savante qui contribue depuis 1901 a la visibilite nationale et internationale de la psychologie française. Le prochain congres de la SFP aura lieu a :</s>
    <s>Lille du 7 au 9 Septembre 2010</s>
    <s>« Cognition, emotion et societe »</s>
    <s>6 Septembre</s>
    <s>Journee des jeunes doctorants et des jeunes chercheurs</s>
    <s>Ce congres est l'occasion de promouvoir la psychologie scientifique dans sa diversite, de favoriser sa diffusion dans tous les domaines de la vie sociale, de susciter les echanges a l'interieur de la communaute des chercheurs et des praticiens, de contribuer a une formation d'excellence des praticiens, des chercheurs et des jeunes docteurs (notamment par la formation continue) et de prendre position dans toutes les situations concernant la pratique de la psychologie et sa dimension ethique et deontologique.</s>
    <s>Dates importantes:</s>
    <s>30 novembre: premier appel a communication.</s>
    <s>31 janvier : date limite de proposition des sessions collectives (symposium et table ronde) au comite de programme</s>
    <s>27 fevrier : date limite de soumission des communications individuelles</s>
    <s>A partir du 2 avril : retour des evaluations des propositions de communication</s>
    <s>5 mai: programme definitif du congres et ouverture des inscriptions</s>
    <s>30 juin : date limite des inscriptions au congres aux tarifs preferentiels</s>
    <s>6 septembre : journee doctorants et jeunes chercheurs</s>
    <s>7-9 septembre : congres de la SFP-Lille 2010</s>
    <s>Realisation du site: Patricia Plenacoste &amp; Jeremy ringard</s>
    <s>les images de ce site proviennent du site de l'office du tourisme de Lille</s>
  </text>
</page>
