<?xml version="1.0" encoding="UTF-8"?>
<!DOCTYPE page SYSTEM "page.dtd">
<page>
  <lang>fr</lang>
  <url>http://fr.wikipedia.org/wiki/Assembl%25C3%25A9e_parlementaire_de_l%27OSCE</url>
  <title>Assemblée parlementaire de l&#39;OSCE - Wikipédia</title>
  <snippet>
    <s> qui a conduit à la signature de l&#39;Acte final d&#39;Helsinki puis à la Charte de Paris. Conférence européenne (Commission on Security and Cooperation in Europe), groupe comprenant notamment Dante Fascell, président de la Commission des affaires À chacune de ses sessions, l&#39;Assemblée parlementaire a adopté une </s>
  </snippet>
  <text>
    <s>Assemblée parlementaire de l'OSCE</s>
    <s>Un article de Wikipédia, l'encyclopédie libre.</s>
    <s>Aller à : Navigation, rechercher</s>
    <s>Les Parlements des États membres de l’Organisation pour la sécurité et la coopération en Europe (OSCE) se sont de tout temps intéressés au processus qui a conduit à la signature de l'Acte final d'Helsinki puis à la Charte de Paris.</s>
    <s>Conférence européenne (Commission on Security and Cooperation in Europe), 1990, Palais de l'Élysée à Paris</s>
    <s>Salle de conférence</s>
    <s>1 Historique</s>
    <s>1.1 La Charte de Paris</s>
    <s>2 L'organisation de l'Assemblée</s>
    <s>3 De Vancouver à Vladivostok</s>
    <s>4 Voir aussi</s>
    <s>4.1 Articles connexes</s>
    <s>4.2 Liens externes</s>
    <s>4.3 Bibliographie</s>
    <s>4.4 Notes et références</s>
    <s>[modifier] Historique</s>
    <s>En déjà, l'Union interparlementaire réunissait une conférence de députés venant des pays de l'Ouest, de l'Est et des États neutres et non-alignés. Cette conférence avait appelé de ses vœux la conclusion du document qui fut signé le 1er août à Helsinki par les chefs d'État et de gouvernement dont MM. Gerald Ford (États-Unis), Léonid Brejnev (URSS), Valéry Giscard d'Estaing (France), Helmut Schmidt (République fédérale d'Allemagne), Harold Wilson (Royaume-Uni), Olof Palme (Suède), Pierre Graber (Suisse), Léo Tindemans (Belgique), Pierre Elliott Trudeau (Canada), Gaston Thorn (Luxembourg). Les principes de non-ingérence et d'inviolabilité des frontières sont établis. L'idée est celle d'Europe politique des Lumières. Cela va de pair avec le développement du paneuropéanisme qui rappelle le passé chrétien des États européens.</s>
    <s>[modifier] La Charte de Paris</s>
    <s>La Charte de Paris pour une nouvelle Europe signée à Paris le novembre par 34 chefs d'État et de gouvernement a prévu de doter la CSCE d'une dimension parlementaire qui fut par la suite créée à Madrid lors d'une conférence tenue en 1991. Le texte pertinent fut rédigé par un petit groupe comprenant notamment Dante Fascell, président de la Commission des affaires étrangères de la Chambre des représentants des États-Unis. Avec le démembrement de l'Union soviétique et de la Yougoslavie, la CSCE, devenue OSCE en 1995, groupe maintenant 56 États dont le Monténégro admis en 2006. L'Assemblée parlementaire a un effectif de 320 membres. Les États-Unis (17 délégués) et la Russie (15) ont les effectifs les plus élevés. La totalité des États d'Amérique du Nord, d'Europe, du Caucase et d'Asie centrale en font partie. Le Saint-Siège, qui n'a pas de parlement, a deux observateurs.</s>
    <s>[modifier] L'organisation de l'Assemblée</s>
    <s>L'Assemblée s'est dotée d'un règlement. Les travaux de l'Assemblée ont été successivement dirigés par :</s>
    <s>1991-1992 : Félix Pons, socialiste espagnol, président du Congrès des Députés, à titre provisoire</s>
    <s>1992-1994 : IIkka Suominen, conservateur finlandais, président du Parlement</s>
    <s>1994-1996 : Frank Swaelen, démocrate-chrétien belge, président du Sénat</s>
    <s>1996-1998 : Javier Ruperez, parti populaire espagnol, diplomate, président de la Commission des affaires étrangères, auj. directeur exécutif du contre-terrorisme à l'ONU</s>
    <s>1998-2000 : Mme Hella Degn, socialiste danoise, ancien ministre, présidente de la Commission des affaires étrangères</s>
    <s>2000-2002 Adrian Severin, socialiste roumain, ancien ministre des affaires étrangères</s>
    <s>2002-2004 Bruce George, travailliste britannique, président de la Commission de la défense de la Chambre des Communes</s>
    <s>2004-2006 Alcee Hastings, démocrate, États-Unis (Floride), fut le premier juge d'origine africaine de son État.</s>
    <s>2006-2008 Göran Lennmarker, conservateur (Suède)</s>
    <s>2008- . Joao Soares, socialiste (Portugal)</s>
    <s>Les sessions annuelles se sont déroulées à :</s>
    <s>Madrid (1991), session constitutive</s>
    <s>1re session Budapest (1992),</s>
    <s>2e session Helsinki (1993),</s>
    <s>3e session Vienne (1994),</s>
    <s>4e session Ottawa (1995),</s>
    <s>5e session Stockholm (1996),</s>
    <s>6e session Varsovie (1997),</s>
    <s>7e session Copenhague (1998),</s>
    <s>8e session Saint-Pétersbourg (1999),</s>
    <s>9e session Bucarest (2000),</s>
    <s>10e session Paris (2001),</s>
    <s>11e session Berlin (2002),</s>
    <s>12e session Rotterdam (2003),</s>
    <s>13e session Edimbourg (2004),</s>
    <s>14e session Washington DC (2005),</s>
    <s>15e session Bruxelles (2006)</s>
    <s>16e session Kiev (2007).</s>
    <s>17e session Astana (Kazakhstan) (2008)</s>
    <s>Outre un président, l'Assemblée s'est dotée d'un Bureau de onze membres. À chacune de ses sessions, l’Assemblée parlementaire a adopté une déclaration finale portant sur les trois « corbeilles » (sécurité, économie, droits de l'homme).</s>
    <s>Un secrétaire général, M. Spencer Oliver (États-Unis), né en 1938, est installé à Copenhague avec deux adjoints (un Russe et une Danoise).</s>
    <s>[modifier] De Vancouver à Vladivostok</s>
    <s>Après l'effondrement du mur de Berlin, la « Charte de Paris pour une nouvelle Europe » avait fait naître de grands espoirs. Le communisme a été souvent remplacé par un nationalisme exacerbé qui a conduit à la guerre au Caucase, en Yougoslavie et en Tchétchénie. La transition vers l'économie de marché a été assez rapide tandis que la marche vers la démocratie a été beaucoup plus lente. L'évolution des mentalités n'a pas suivi ces profonds changements. L'Assemblée s'est préoccupée de tous les aspects de la situation des pays situés entre Vancouver et Vladivostok (Amérique du Nord, Europe, Caucase et Asie ex-soviétique).</s>
    <s>Pas plus que l’OSCE gouvernementale, l’OSCE parlementaire n'a été en mesure d'empêcher les effusions de sang et le retour à la violence comme mode de résolution des conflits. Les résolutions adoptées qui condamnaient le recours à la violence et en appelaient à des solutions négociées sont - hélas – souvent demeurées lettre morte.</s>
    <s>Une activité importante a été la supervision d’élections en Europe centrale et orientale ainsi que dans le Caucase et en Asie centrale.</s>
    <s>Compte tenu de difficultés survenues dans certains pays occidentaux (ex : Floride en 2000), l'Assemblée a aussi observé des élections dans des pays de longue tradition démocratique (États-Unis en 2004).</s>
    <s>[modifier] Voir aussi</s>
    <s>[modifier] Articles connexes</s>
    <s>[modifier] Liens externes</s>
    <s>Site de l'Assemblée parlementaire</s>
    <s>page dédiée à l'OSCE sur le site de l'Assemblée nationale (France).</s>
    <s>Charte de Paris, sur le site de l'OSCE</s>
    <s>[modifier] Bibliographie</s>
    <s>Cette section est vide, insuffisamment détaillée ou incomplète. Votre aide est la bienvenue !</s>
    <s>[modifier] Notes et références</s>
    <s>Portail de l’Union européenne</s>
    <s>Ce document provient de « http://fr.wikipedia.org/w/index.php?title=Assembl%C3%A9e parlementaire de l%27OSCE&amp;oldid=69150680 ».</s>
    <s>Organisation pour la sécurité et la coopération en Europe</s>
    <s>Catégories cachées :</s>
    <s>Portail:Union européenne/Articles liés</s>
    <s>Portail:Europe/Articles liés</s>
    <s>Outils personnels</s>
    <s>Créer un compte ou se connecter</s>
    <s>Espaces de noms</s>
    <s>Afficher l’historique</s>
    <s>Portails thématiques</s>
    <s>Index alphabétique</s>
    <s>Article au hasard</s>
    <s>Contacter Wikipédia</s>
    <s>Premiers pas</s>
    <s>Modifications récentes</s>
    <s>Faire un don</s>
    <s>Imprimer / exporter</s>
    <s>Créer un livre</s>
    <s>Télécharger comme PDF</s>
    <s>Version imprimable</s>
    <s>Boîte à outils</s>
    <s>Pages liées</s>
    <s>Suivi des pages liées</s>
    <s>Importer un fichier</s>
    <s>Pages spéciales</s>
    <s>Adresse de cette version</s>
    <s>Citer cette page</s>
    <s>Autres langues</s>
    <s>Dernière modification de cette page le 2 septembre 2011 à 21:01.</s>
    <s>Droit d'auteur : les textes sont disponibles sous licence Creative Commons paternité partage à l’identique ; d’autres conditions peuvent s’appliquer. Voyez les conditions d’utilisation pour plus de détails, ainsi que les crédits graphiques. En cas de réutilisation des textes de cette page, voyez comment citer les auteurs et mentionner la licence.</s>
    <s>Wikipedia® est une marque déposée de la Wikimedia Foundation, Inc., organisation de bienfaisance régie par le paragraphe 501(c)(3) du code fiscal des États-Unis.</s>
    <s>Politique de confidentialité</s>
    <s>À propos de Wikipédia</s>
    <s>Affichage mobile</s>
    <s>*11e: Onzième</s>
    <s>*7e: Septième</s>
    <s>*1re: Première</s>
    <s>*13e: Treizième</s>
    <s>*16e: Seizième</s>
    <s>*17e: Dix-septième</s>
    <s>*9e: Neuvième</s>
    <s>*10e: Dixième</s>
    <s>*8e: Huitième</s>
    <s>*2e: Deuxième</s>
    <s>*1er: Premier</s>
    <s>*15e: Quinzième</s>
    <s>*14e: Quatorzième</s>
    <s>*5e: Cinquième</s>
    <s>*4e: Quatrième</s>
    <s>*12e: Douzième</s>
    <s>*3e: Troisième</s>
    <s>*6e: Sixième</s>
  </text>
</page>
