<?xml version="1.0" encoding="UTF-8"?>
<!DOCTYPE page SYSTEM "page.dtd">
<page>
  <lang>fr</lang>
  <url>http://articles.mongueurs.net/magazines/linuxmag53.html</url>
  <title>La documentation de Perl</title>
  <snippet>
    <s>Article publié dans Linux Magazine 53, septembre 2003. . perldebtut(1) consiste en un tutoriel sur l&#39;utilisation du débogueur de Perl, avec . Notez que l&#39; option -q accepte en fait une expression régulière : . Elle coordonne les efforts des divers groupes d&#39;utilisateurs pour organiser des conférences (YAPC) ou financer le </s>
  </snippet>
  <text>
    <s>Les Mongueurs de Perl / Groupe de travail Articles / Confnces Perl</s>
    <s>Nous rejoindre / SVN / Relecture / Rction / Planning / Liens /</s>
    <s>Publications : Linux Magazine France, Perles, Brs, Production, Comptes-Rendus, Interviews, Traductions, Spoofathon</s>
    <s>La documentation de Perl</s>
    <s>Article publians Linux Magazine 53, septembre 2003. Repris dans Linux Dossiers 2 (avril/mail/juin 2004).</s>
    <s>Copyright 2003 - Philippe Bruhat.</s>
    <s>] ] ] ] ]</s>
    <s>Le manuel de Perl</s>
    <s>`man perl`</s>
    <s>Le web</s>
    <s>La documentation officielle en ligne</s>
    <s>Les sites d'aide</s>
    <s>Sites d'information</s>
    <s>Les groupes de discussion</s>
    <s>Les listes de discussion</s>
    <s>Listes et archives</s>
    <s>Listes en français</s>
    <s>Avant de poser une question </s>
    <s>Apprenez a resoudre votre probleme tout seul</s>
    <s>Sachez poser la bonne question</s>
    <s>`perl` aussi peut vous aider</s>
    <s>Les magazines</s>
    <s>En anglais</s>
    <s>En français</s>
    <s>Les livres</s>
    <s>Chapeau de l'article</s>
    <s>The following two statements are usually both true: There's not enough documentation. There's too much documentation.</s>
    <s>-- Larry Wall, perl5-porters@perl.org, 1er septembre 1997</s>
    <s>Perl est un langage de programmation unique, avec de nombreuses manieres tres caracteristiques de faire les choses. Le probleme pour les debutants (et les autres) est de savoir ou trouver l'information qu'ils cherchent dans la masse de documentation existante.</s>
    <s>L'objectif de cet article est de vous fournir les moyens de trouver seul la reponse aux questions que vous vous posez, ou au moins de progresser aussi loin que possible avant de finir par poser la question sur un forum ou une liste de discussion.</s>
    <s>Le manuel de Perl</s>
    <s>`man perl`</s>
    <s>Sous Unix, la documentation est disponible sous la forme de pages de manuel. Pour simplifier la recherche, les pages de manuel sont divisees en sections numerotees qui concernent differents aspects du systeme :</s>
    <s>1. les programmes executables et commandes shell,</s>
    <s>2. les appels systemes (fonctions du kernel),</s>
    <s>3. les appels de librairies (fonctions dans les librairies systeme),</s>
    <s>4. les fichiers speciaux (ceux qu'on trouve en general dans /dev),</s>
    <s>5. les formats de fichiers (de configuration, en general),</s>
    <s>6. les jeux</s>
    <s>7. les paquetages de macros et leurs conventions,</s>
    <s>8. les commandes d'administration systeme (reservees habituellement a `root`)</s>
    <s>Nous trouverons de la documentation au sujet de Perl et des modules Perl dans les sections 1 et 3 du manuel. La documentation concernant le programme `perl` et le langage Perl est dans la section 1 du manuel, et la documentation concernant les modules (librairies) Perl est dans la section 3. Sur certains Unix, la documentation des modules est meme dans la sous-section 3pm (pour Perl module ).</s>
    <s>La page de manuel principale, perl(1), est en fait une liste des pages de manuel concernant Perl (dans la section 1 uniquement). La version 5.8.0 de Perl est livree avec 121 pages de manuel dans la seule section 1. On comprend pourquoi le manuel a ete fractionne en plusieurs partiesEt encore, ce nombre n'inclut pas la documentation des modules (qui se trouve en section 3).</s>
    <s>Ces pages de manuel sont regroupees en plusieurs categories : vue d'ensemble, tutoriels, manuels de reference, architecture interne et interfaces avec C, divers, specificites liees a la langue, et enfin specificites liees a la plateforme.</s>
    <s>Vue d'ensemble</s>
    <s>perl(1) liste l'ensemble des pages de manuel de la section 1.</s>
    <s>perlintro(1) est une bonne introduction a Perl, redigee par Kirrily &quot;Skud&quot; Robert. À conseiller a tout ceux qui n'ont pas encore lu la serie d'articles d'introduction a Perl de Sylvain Lhullier, publiee dans Linux Magazine 41 a 47.</s>
    <s>perltoc(1) est la liste automatiquement generee des pages de documentation, avec la table des matieres associee.</s>
    <s>Les tutoriels sont la partie de la documentation sur laquelle la communaute a le plus travaille ces dernieres annees. La plupart des concepts complexes concernant Perl sont expliques en detail dans ces differentes pages de manuel.</s>
    <s>Structures de donnees : perlreftut(1) est une courte introduction aux references, perldsc(1) est une introduction aux structures de donnees en Perl et perlllol(1) presente les tableaux de tableaux (les autres structures complexes disposeront dans le futur de leurs propres pages de documentation).</s>
    <s>Expressions regulieres : perlrequick(1) est une rapide introduction aux bases des expressions regulieres (si vous n'y comprenez vraiment rien), et perlretut(1) un tutoriel (5 fois plus long) qui entre vraiment dans le detail. Pour comprendre votre bonheur, imaginez-vous qu'il y a quelques annees, vous n'auriez eu que perlre(1) comme seule documentation sur les expressions regulieres.</s>
    <s>Programmation objet en Perl : dans l'ordre de lecture conseille, vous pourrez lire perlboot(1), le tutoriel pour les debutants, perltoot(1) et perltooc(1) le tutoriel en deux parties (les objets d'une part et les donnees de classe d'autre part) de Tom Christiansen et enfin la page perlbot(1) liste les trucs et astuces pour une meilleure utilisation du paradigme objet en Perl.</s>
    <s>N'oublions pas le venerable perlstyle(1), qui est un guide de style pour la programmation en Perl. Ce sont de bons conseils, lisez-les. Et ensuite suivez-les. Notez que l'excellent perltidy s'appuie sur perlstyle(1) pour son reformattage automatique de code Perl. Ce superbe logiciel (qui fait egalement du coloriage syntaxique en HTML) est disponible sur http://perltidy.sf.net/. perltidy est le logiciel qui fait mentir l'adage bien connu : only `perl` can parse Perl .</s>
    <s>perltrap(1) liste les pieges qui attendent les utilisateurs de awk, C, sed, shell, qui debutent en Perl, mais egalement tous les pieges inherents a Perl.</s>
    <s>perldebtut(1) consiste en un tutoriel sur l'utilisation du debogueur de Perl, avec des exemples a la fois simples et concrets.</s>
    <s>Enfin, la serie des pages perlfaq(1) sont numerotees de perlfaq1(1) a perlfaq9(1). La page principale, perlfaq(1), liste l'ensemble des questions auxquelles repondent les differentes sections de la FAQ. On accede generalement a la FAQ en posant ses questions par l'intermediaire de perldoc (voir plus loin).</s>
    <s>Manuels de reference</s>
    <s>Les pages listees ci-apres sont construites comme autant de references, expliquant en detail tous les aspects de tel ou tel aspect de Perl.</s>
    <s>perlsyn(1) decrit la syntaxe de Perl, perldata(1) les structures de donnees de Perl, perlop(1) la liste complete des operateurs Perl et de leurs regles de priorite et perlsub(1) documente le fonctionnement des routines ( subroutines ) de Perl.</s>
    <s>perlfunc(1) est l'une des plus longues pages de manuel de Perl, qui decrit l'ensemble des fonctions predefinies de Perl. Voir plus loin comment obtenir la documentation d'une seule fonction grace a perldoc et son option -f . Les fonctions open() et pack()/unpack() sont decrites en detail dans les tutoriels associes : perlopentut(1) et perlpacktut(1).</s>
    <s>perlpod(1) decrit le format de documentation de Perl (a utiliser absolument pour vos scripts et modules) et perlpodspec(1) fournit les specifications detaillees de POD.</s>
    <s>perlrun(1) presente l'ensemble des options de ligne de commande de `perl`. C'etait la base de mon article paru dans Linux Magazine 50. perlvar(1) presente l'ensemble des variables predefinies de Perl, et etait vous l'avez devine la base de mon article paru dans Linux Magazine 52.</s>
    <s>perldiag(1) liste l'ensemble des messages d'erreur et d'avertissement de Perl, avec les explications associees. perllexwarn(1) vous informera sur les avertissements de Perl et perldebug(1) constitue la documentation complete du debogueur de Perl.</s>
    <s>La documentation complete des expressions regulieres de Perl est dans perlre(1). Il s'agit d'un manuel de reference, aussi n'oubliez pas consulter les tutoriels deja cites, si vous voulez y comprendre quelque chose.</s>
    <s>perlref(1) presente les references, et perlform(1) les formats (qui servent si rarement de nos jours que vous pouvez oublier leur existence).</s>
    <s>perlobj(1) presente le modele objet de Perl, et perltie(1) explique comment lier des objets complexes aux structures de donnees simples de Perl avec tie(). perldbmfilter(1) presente l'exemple des filtres DBM.</s>
    <s>Pour maitriser les processus et les communications inter-processus, consultez perlipc(1). perlfork(1) vous fournira des details sur fork() et les fonctions associees.</s>
    <s>Vous saurez tout sur les nombres en Perl et les conversions depuis ou vers des nombres en lisant perlnumber(1).</s>
    <s>Threads : perlthrtut(1) est le tutoriel sur les threads, et perlothrtut(1), tutoriel sur les anciens threads (ceux de Perl 5.005).</s>
    <s>perlport(1) vous indiquera comment ecrire du code Perl portable entre plates-formes. Rassurez-vous, Perl est en general tres portable, et la plupart des programmes ecrits en Perl fonctionnent deja sur toutes les plates-formes qui supportent Perl. Cette page vous indiquera tout ce que vous aurez a savoir sur les quelques points qui posent probleme.</s>
    <s>Perl sait gerer les divers jeux de caracteres a votre disposition sur les differents systemes : perllocale(1) vous informera sur la gestion des locales (les langues supportees par le systeme), perluniintro(1) et perlunicode(1) contiennent tout ce qui concerne le support d'Unicode dans les programmes Perl. Pour les desesperes qui travaillent sur des systemes non ASCII, perlebcdic(1) est votre dernier espoir.</s>
    <s>perlsec(1) vous dira tout ce que vous pouvez faire pour ecrire des programmes Perl plus surs, en particulier ce qui concerne le marquage (ou entachement) des variables et l'option -T .</s>
    <s>Les pages perlmod(1), perlmodlib(1), perlmodstyle(1), perlmodinstall(1), perlnewmod(1) concernent toutes les modules.</s>
    <s>perlmod(1) decrit dans le fonctionnement de `package`, les tables de symboles et les classes. Vous y trouverez egalement des explications sur les glob . perlmodlib(1) est une reference de l'ensemble de modules fournis en standard avec Perl, ainsi qu'un petit guide explicatif sur la creation de nouveau modules (nommage, interfaces, etc.).</s>
    <s>perlmodstyle(1) est l'equivalent de perlstyle(1) rapporte a la programmation de modules Perl, et couvre les problematiques liees a l'interface (etre ou ne pas etre objet), la documentation, la distribution, les tests et la licence. perlnewmod(1), quant a lui, se presente plutot comme un tutoriel pour aller de l'idee du module a sa mise a disposition sur CPAN, par l'intermediaire de PAUSE ( Perl Authors Upload SErver ).</s>
    <s>Enfin perlmodinstall(1) vous expliquera comment installer un module CPAN sur votre systeme, qu'il s'agisse d'un Unix ou de Linux, d'ActivePerl (Win95/98/2K/NT/XP, Linux, Solaris), d'un Macintosh, de DJGPP, d'OS/2, de VMS, ou de MVS </s>
    <s>perlutil(1) vous donnera la liste des outils fournis avec la distribution Perl, de a2p a h2xs, en passant par splain. Vous y decouvrirez plein d'outils fournis avec Perl, et qui pourront vous aider dans vos developpements.</s>
    <s>À tous ceux qui veulent compiler du Perl, perlcompile(1) permettra de comprendre que `perl` est a la fois un compilateur et un interpreteur. Vous apprendrez egalement l'existence des modules B:: (les modules de back end ) et du module O:: (le front end ). Jetez un coup d'oeil a B::Deparse, au moins.</s>
    <s>perlfilter(1) decrit le fonctionnement des filtres de source de Perl. Ces filtres permettent de modifier le code source du programme avant qu'il soit vu par le compilateur Perl, un peu comme le pre-processeur quand vous programmez en C.</s>
    <s>Les internes et les interfaces avec C</s>
    <s>Ces pages de manuel ne vous seront vraiment utiles si vous lisez p5p (voir plus loin), et que vous comptez patcher Perl. Inutile de s'attarder dessus pour cet article.</s>
    <s>Sans detailler, nous listerons ici perltodo(1), la liste des choses a faire pour ameliorer Perl, et perlhist(1), qui donne des informations historiques statistiques au sujet de Perl. Vous pouvez egalement consulter http://history.perl.org/, si vous vous interessez a l'histoire du developpement de Perl.</s>
    <s>La page perldelta(1) liste les modifications depuis la derniere version de Perl. Les anciennes versions sont de la forme perlxxxdelta(1) (ou xxx est le numero de la version de Perl consideree). Par exemple, perl561delta donne les nouveautes de la version 5.6.1 par rapport a la version 5.005</s>
    <s>Specificites liees a la langue</s>
    <s>Nous passerons sur les quatre pages liees a la langue, qui sont elles-memes redigees en chinois, japonais, coreen et taiwanais </s>
    <s>Specificites de la plate-forme</s>
    <s>Cette partie ne comporte pas moins de 30 pages, correspondant a chacun des OS sur lequel Perl a ete porte. Juste pour faire baver les fans de Java, voici la liste des systemes supportant Perl : AIX , AmigaOS , Apollo DomainOS , BeOS , POSIX-BC BS2000 , WinCE , Cygwin , DG/UX , DOS , EPOC , FreeBSD , HP-UX , Hurd , Irix , Power MachTen , Mac OS (Classic) , MiNT , MPE/iX , NetWare , OS/2 , OS/390 , Plan 9 , QNX , Solaris , Tru64 , UTS , VM/ESA , VMS , Stratus VOS et Windows .</s>
    <s>Pas moins de 29 nouvelles pages de manuel sont apparues entre la version 5.6.1 et la version 5.8.0 de Perl. Too much documentation , vraiment ?</s>
    <s>perldoc est le programme de recherche et d'affichage de la documentation Perl. Meme si les pages de manuel d'un module n'ont pas ete generees et installees sur le systeme, perldoc est capable de les retrouver dans les modules (l'utilisation de pod permet de stocker la documentation dans le source du script ou module). En general, man est un peu plus rapide que perldoc.</s>
    <s>Voici quelques exemples d'utilisation de perldoc :</s>
    <s>Trouver un element de la documentation standard de Perl</s>
    <s>$ perldoc perlsyn</s>
    <s>Acceder a la documentation d'une fonction interne</s>
    <s>$ perldoc -f split</s>
    <s>L'option -f permet de trouver la documentation de chaque fonction decrite dans perlfunc(1).</s>
    <s>Avec deux cas particuliers : pour la documentation de `printf`, jetez egalement un coup d'oeil sur celle de `sprintf`, celle-ci comportant la liste des sequences `%`, contrairement a celle-la. Le meme phenomene existe pour `unpack`, dont la documentation se trouve plutot dans celle de `pack`.</s>
    <s>Sachez egalement que `perldoc -f -X` vous donnera la documentation complete des file tests , c'est-a-dire toutes les fonctions comme `-d`, `-e`, `-f` etc.</s>
    <s>Acceder a la documentation d'un module</s>
    <s>$ perldoc Getopt::Long</s>
    <s>Obtenir le chemin d'un module</s>
    <s>$ perldoc -l WWW::Search::Pagesjaunes</s>
    <s>Voir le code pod de la documentation</s>
    <s>$ perldoc -u LWP::UserAgent</s>
    <s>=head1 NAME</s>
    <s>LWP::UserAgent - A WWW UserAgent class</s>
    <s>=head1 SYNOPSIS</s>
    <s>Voir le source complet d'un module</s>
    <s>$ perldoc -m XML::Twig</s>
    <s>Acceder a la FAQ de Perl</s>
    <s>perldoc permet egalement de trouver une question (et sa reponse) dans la FAQ.</s>
    <s>$ perldoc -q question</s>
    <s>Found in /usr/share/perl/5.8.0/pod/perlfaq2.pod</s>
    <s>What are the Perl newsgroups on Usenet? Where do I post questions?</s>
    <s>The now defunct comp.lang.perl newsgroup has been superseded by</s>
    <s>the following groups:</s>
    <s>Notez que l'option -q accepte en fait une expression reguliere :</s>
    <s>$ perldoc -q 'array|hash'</s>
    <s>Found in /usr/share/perl/5.8.0/pod/perlfaq3.pod</s>
    <s>How can I free an array or hash so my program shrinks?</s>
    <s>Found in /usr/share/perl/5.8.0/pod/perlfaq4.pod</s>
    <s>What is the difference between a list and an array?</s>
    <s>What is the difference between $array and @array?</s>
    <s>Le web</s>
    <s>Il existe beaucoup de sites web consacres a Perl. Il s'agit de sites d'aide, de sites communautaires organises autour de forums ou encore de sites d'information.</s>
    <s>La documentation officielle en ligne</s>
    <s>En anglais</s>
    <s>L'ensemble de la documentation officielle est egalement disponible sur le web, sur le site http://www.perldoc.com/, cree et maintenu par Carlos Ramirez. Vous y trouverez la documentation des differentes versions de Perl (5.004 05, 5.005 03, 5.6.0, 5.6.1, 5.8.0) et des modules de CPAN (pour celle-ci reportez-vous plutot a search.cpan.org).</s>
    <s>http://search.cpan.org/ est le moteur de recherche de CPAN. On y trouve l'ensemble des modules disponibles sur CPAN, on peut egalement consulter les modules d'un auteur en particulier. La documentation est en HTML, avec une feuille de style agreable et proche de celle de perldoc.com. On peut egalement consulter le code source de chaque fichier et telecharger les distributions pour les installer. Le site pointe aussi vers les resultats des jeux de tests tels que lances par les `cpan-testers`.</s>
    <s>http://www.perlfaq.com/ est une interface web vers les entrees de la perlfaq(1).</s>
    <s>En français</s>
    <s>La documentation de Perl a ete traduite en français et vous pouvez la retrouver sur http://www.enstimac.fr/Perl/, ou sur le miroir des mongueurs http://www.mongueurs.net/perlfr/.</s>
    <s>Marc Carmier a lance il y a quelques annees ce grand projet de traduction de la documentation en ligne de Perl. Le projet, qui couvrait a l'epoque la documentation de perl5.005 02 a depuis ete repris par Paul Gaborit, chercheur a l'ENSTIMAC.</s>
    <s>Paul et les Mongueurs de Perl viennent de relancer ce projet, afin de fournir aux francophones un site a la perldoc.com. La liste de discussion `perldoc@mongueurs.net` rassemble les traducteurs et les responsables du projet. Le site web (en construction) est accessible a l'adresse : http://perldoc.mongueurs.net/.</s>
    <s>Je vous invite a vous inscrire a la liste de discussion si ce grand projet de traduction vous interesse. Pour cela, envoyez un email a `perldoc-subscribe@mongueurs.net`.</s>
    <s>Les sites d'aide</s>
    <s>Certains sites sont specifiquement conçus pour vous aider, quel que soit votre niveau. La plupart des sites consacres a Perl sont en anglais.</s>
    <s>Cree en 1999 par Tim Vroom, Perlmonks est un site d'aide (construit avec la Everything Engine , en Perl) ou les moines de Perl discutent de Perl, exposent leur bouts de code les plus interessants et s'entraident.</s>
    <s>Il s'agit egalement d'une communaute : YAPC::Europe 2001 par exemple s'est appuye sur les moines de Perl pour une partie de son organisation, et plusieurs projets d'envergure ont commence par une discussion dans le chatterbox du site.</s>
    <s>Ce site est un site explicitement destine aux debutants en Perl, et associe aux listes de diffusion `beginners@perl.org` et `beginners-cgi@perl.org`.</s>
    <s>Le site contient egalement quelques pointeurs et FAQ, ainsi que le texte de plusieurs livres sur Perl, au format electronique.</s>
    <s>Shlomi Fish a lance il y a quelques mois un autre site destine aux debutants en Perl. Celui-ci se presente comme une collection de resources destinees aux debutants : tutoriels, listes de diffusion, livres, etc.</s>
    <s>Sites d'information</s>
    <s>La communaute Perl est tres active. Au-dela de la documentation, http://use.perl.org/ est un site qui regroupe les actualites de la communaute Perl. On y trouve egalement les blogs d'un certain nombre de membres de la communaute. C'est egalement la qu'est diffuse le compte-rendu hebdomadaire de P5P, redige par Rafael Garcia-Suarez, l'un des fondateurs de Lyon.pm.</s>
    <s>http://www.perl.com/ est le site Perl gere par O'Reilly, dans le cadre de son O'Reilly Network. On y trouve des articles ecrits par des membres plus ou moins connus de la communaute Perl, sur des sujets aussi varies et pointus que mod perl, Template-Toolkit, mais egalement les resumes hebdomadaires des listes de diffusion consacrees a Perl 6. Le tout entrecoupe de publicites pour les livres O'Reilly.</s>
    <s>http://www.perl.org/, quant a lui est le site de la communaute Perl, avec des liens vers tout ce qui est Perl : les Perl Mongers , la Perl Foundation, l'histoire de Perl, les livres, les revues, la documentation. Comme le dit le slogan du site : When you need perl, think perl.org .</s>
    <s>La fondation Perl (http://www.perlfoundation.org/) est une association a but non lucratif americaine qui se consacre a l'avancement de Perl a travers la collaboration des differents acteurs de la communaute. Elle coordonne les efforts des divers groupes d'utilisateurs pour organiser des conferences (YAPC) ou financer le developpement du langage (par le biais de bourses).</s>
    <s>Les groupes de discussion</s>
    <s>Le newsgroup `comp.lang.perl` est utilise pour les questions Perl, mais il existe des newsgroups plus specialises :</s>
    <s>Publie des annonces concernant Perl (groupe modere).</s>
    <s>Groupe tres actif qui parle de Perl en general.</s>
    <s>Groupe de discussion modere.</s>
    <s>Utilisation et developpement de modules Perl.</s>
    <s>Groupe dedie a l'utilisation de Tk et X a partir de Perl.</s>
    <s>Ce groupe consacre a l'ecriture de scripts CGI accueille evidemment des discussions au sujet de Perl (pour l'ecriture de CGI).</s>
    <s>Note : tous ces groupes portent des discussions en anglais.</s>
    <s>Les listes de discussion</s>
    <s>Les principales listes de discussion consacrees a Perl (hormis les listes des divers groupes de Perl mongers) sont listees sur http://lists.perl.org ou http://lists.cpan.org/.</s>
    <s>Ce n'est generalement pas une bonne idee de poser une question sur votre script qui &quot;ne marche pas&quot; sur une liste qui n'a pas pour role de repondre aux questions. Quelques exemples de telles `listes :`</s>
    <s>C'est la liste des mainteneurs de Perl 5. À moins que vous n'ayez un bug de Perl a commenter (et pour cela utilisez perlbug, s'il vous plait), il est peu probable que vous ayez besoin de poster sur cette liste. Si vous vous interessez a l'evolution de Perl 5, et que le volume et la complexite des posts sur cette liste vous inquiete, vous pouvez commencer par les excellents compte-rendus hebdomadaires de Rafael Garcia-Suarez (sur http://use.perl.org/, ou disponibles par abonnement a `perl5-summary-subscribe@perl.org`).</s>
    <s>Fun with Perl est la liste ou poster si vous avez un bout de code rigolo ou assombri a partager, ou un algorithme a discuter. Inutile d'y poser des questions qui seraient immediatement categorisees comme not fun .</s>
    <s>Apres la folie du golf Perl qui s'est emparee de `fwp` fin 2001, la liste `golf@perl.org` a ete creee pour isoler les golfeurs dans un petit coin de l'Internet. Consultez http://www.perlgolf.org/, http://perlgolf.sf.net/ et http://terje.perlgolf.org/ pour tout savoir sur le golf (et le minigolf) Perl.</s>
    <s>Listes et archives</s>
    <s>Les listes de discussion consacrees a Perl sont listees sur la page http://lists.perl.org/, avec les instructions necessaires pour l'abonnement et le desabonnement. Il y en a tellement qu'on ne peut toutes les citer. La plupart sont evidemment en anglais.</s>
    <s>La plupart des listes de distribution recensees sur http://lists.perl.org/ sont archivees sur http://archive.perl.org/ (alias de http://archive.develooper.com/, oui, avec deux 'o').</s>
    <s>Il existe egalement une passerelle NNTP pour acceder aux mailings-list Perl comme s'il s'agissait d'un newsgroup. Celle-ci est hebergee par perl.org, et accessible a nntp://nntp.perl.org. Une interface web est disponible a presque la meme adresse : http://nntp.perl.org.</s>
    <s>http://groups.google.com/ les reproduit egalement, sous la hierarchie `perl.*`.</s>
    <s>Listes en français</s>
    <s>Si vous ne parlez pas assez bien anglais pour poser des questions, ou si vous voulez parler de vos problemes Perl entre francophones, il existe quelques listes en français.</s>
    <s>`perl@mongueurs.net` est la liste technique consacree a Perl. Cette liste est en fait la migration de la liste `paris-pm-list@pm.org`, il est possible qu'elle n'existe pas encore au moment ou vous lirez ces lignes. En cas de doute, consultez http://paris.mongueurs.net/mail.html ou http://www.mongueurs.net/services/listes.html.</s>
    <s>Il existe un certain nombre de listes &quot;locales&quot;, animees par des groupes d'utilisateurs de Perl repartis dans toute la France :</s>
    <s>Cette liste est le resultat de la division de `paris-pm-list@pm.org` en deux sous-listes, la liste technique citee plus haut, et la liste des mongueurs parisiens.</s>
    <s>Les listes hebergees par le serveur des mongueurs (en `mongueurs.net`) sont listees sur http://www.mongueurs.net/services/listes.html.</s>
    <s>Avant de poser une question </s>
    <s>Nous abordons maintenant plutot les questions de debogage et de recherche d'erreur que de documentation proprement dite.</s>
    <s>Comme vous programmez, vous allez forcement buter sur un probleme, qui va vous bloquer. C'est notre lot a tous. Avant de vous faire malmener sur une liste de discussion ou un forum a cause d'une question idiote ou mal formulee, apprenez a resoudre vos problemes tous seuls, et a poser la bonne question.</s>
    <s>Pour cela, je vous renvoie a deux articles ecrits par des maitres de Perl.</s>
    <s>Apprenez a resoudre votre probleme tout seul</s>
    <s>Dans `brian` 's Guide to Solving Any Perl Problem , `brian d foy` explique sa methode pour resoudre tous les problemes Perl. Si jamais cela ne marche pas, il sera toujours temps de poser la question sur une liste de discussion ou un forum. http://www.pair.com/~comdog/brian's guide.pod</s>
    <s>Ce document me parait tellement important a lire que je vous l'ai traduit. Vous pouvez le consulter en français sur http://articles.mongueurs.net/traductions/guide brian.html</s>
    <s>Sachez poser la bonne question</s>
    <s>Il y a certaines questions auxquelles personne ne repond, ou alors par des sarcasmes (ou des flammes). Dans Why Questions go Unanswered , Mark-Jason Dominus explique pourquoi certaines questions n'obtiennent jamais de reponse, et surtout comment formuler une question pour obtenir une reponse. http://perl.plover.com/Questions.html</s>
    <s>`perl` aussi peut vous aider</s>
    <s>Perl dispose de plusieurs manieres de vous aider a trouver les erreurs dans vos programmes. Celles-ci n'etant pas activees par defaut (c'est ce qui permet de ne pas declarer les variables dans un mini-programme qui ne sera utilise qu'une fois), il vous faudra le faire explicitement.</s>
    <s>`use strict;`</s>
    <s>La pragma `strict` demande a Perl d'activer les strictures (jeu de mot avec strict/structures). Perl vous imposera alors certaines contraintes sur votre code (il sera plus strict avec vous, en ce sens que le non-respect de ces contraintes provoquera une erreur).</s>
    <s>La contrainte `vars` vous impose de declarer les variables avant de les utiliser. Il y a trois manieres de declarer les variables : deux pour les variables globales et une pour les variables lexicales.</s>
    <s>use strict 'vars';</s>
    <s>use vars qw( $toto %titi );</s>
    <s>use strict 'vars';</s>
    <s>our( $toto, %titi ); a partir de Perl 5.6.0</s>
    <s>Les variables lexicales sont declarees avec my().</s>
    <s>La contrainte `refs` provoquera une erreur si vous utilisez des references symboliques, c'est-a-dire si vous utilisez une variable pour stocker le nom d'une autre variable et y faire reference. Consultez perlref(1) pour en savoir plus sur les references symboliques, et les cas ou elles sont utiles.</s>
    <s>use strict 'refs';</s>
    <s>$nom = 'toto';</s>
    <s>${$nom} = 1; ERREUR reference symbolique interdite</s>
    <s>Enfin, la contrainte `subs` supprime la fameuse &quot;optimisation poetique&quot; qui permet de se passer des guillemets `&quot;` ou `'` pour les mots simples. Avec `strict 'subs'`, tout mot simple (ou mot isole) doit etre le nom d'un sous-programme, ou bien se trouver entre accolades ou a gauche d'un signe `=&gt;`.</s>
    <s>use strict 'subs';</s>
    <s>$mot = toto; ERREUR ce mot simple n'est pas une fonction</s>
    <s>$hash{cle} = &quot;titi&quot;; mot simple autorise entre accolades</s>
    <s>Enfin, si vous utilisez `strict` tout seul, il imposera les trois contraintes a la fois.</s>
    <s>use strict;</s>
    <s>use strict qw( vars subs refs ); identique</s>
    <s>Et si vous avez absolument besoin d'une reference symbolique, vous pouvez relacher les contraintes le temps d'un bloc :</s>
    <s>package Forme::Geometrique;</s>
    <s>declaration d'accesseurs simples (get hauteur(), get largeur(), )</s>
    <s>pour les objets Forme::Geometrique</s>
    <s>for $attribut qw( hauteur largeur ) {</s>
    <s>no strict 'refs';</s>
    <s>*{&quot;Forme::Geometrique::get $attribut&quot;} =</s>
    <s>sub { return $ -&gt;{$attribut} };</s>
    <s>Comme vous le voyez dans le code ci-dessus, les references symboliques ça sert, mais il faut quand meme savoir ce qu'on fait </s>
    <s>`use warnings;`</s>
    <s>L'option -w de perl, et la pragma `warnings` permettent de declencher les avertissements de Perl. Perl vous previendra alors si vous utilisez une construction ambigue, si une variable n'apparait qu'une fois ou qu'elle n'est pas definie lors de son utilisation. Il y a au total huit avertissements possibles.</s>
    <s>`use diagnostics;`</s>
    <s>Si vous ne comprenez pas un avertissement ou un message d'erreur, Perl peut vous donner des explications supplementaires. Pour cela, vous pouvez soit chercher le message dans la longue page de manuel perldiag(1), soit utiliser la pragma `diagnostics`, afin que Perl vous affiche le paragraphe d'explication associe a chaque avertissement ou message d'erreur.</s>
    <s>use diagnostics;</s>
    <s>Le programme splain permet de traiter des messages d'erreur a posteriori.</s>
    <s>$ perl monprog.pl 2&gt;&amp;1 &gt; sortie</s>
    <s>$ splain sortie</s>
    <s>Enfin, pour vous simplifier encore la vie, le module diagnostics.pm a ete adapte pour aller chercher les explications en français. Pour ce faire, telechargez la version 1.2 disponible sur CPAN et installez-la. Dans votre programme, inserez</s>
    <s>use diagnostics '-l=fr';</s>
    <s>et le programme ira chercher les explications dans `perldiag.fr.pod`.</s>
    <s>Les magazines</s>
    <s>Il existe plusieurs revues consacrees exclusivement a Perl, et certaines revues plus generales disposent egalement d'une rubrique Perl.</s>
    <s>En anglais</s>
    <s>The Perl Journal - http://www.tpj.com/</s>
    <s>The Perl Journal a ete le premier magazine exclusivement consacre a Perl. Cree par Jon Orwant, et publie de façon trimestrielle depuis 1996, le magazine a accueilli les meilleurs auteurs sur Perl. Un certain nombre de livres ont d'ailleurs debute a l'etat d'articles dans TPJ (c'est le cas de Mastering Regular Expressions de Jeffrey Friedl, publie par O'Reilly).</s>
    <s>Enfin, last, but not least , TPJ a organise les 5 premieres editions de l' Obfuscated Perl Contests , ou quelques mongueurs français se sont illustres (http://paris.mongueurs.net/assombri/).</s>
    <s>Aujourd'hui, The Perl Journal est publie mensuellement par CMP sous forme electronique uniquement (depuis novembre 2002). L'abonnement vous coutera $12 par an.</s>
    <s>Notez egalement que l'age d'or de TPJ (1996-2002) est en train d'etre edite et publie chez O'Reilly &amp; Associates, sous la forme d'une serie de trois livres dans la collection Best of The Perl Journal . Sachez que les archives de TPJ (periode Jon Orwant et ce qui a suivi, jusqu'a la publication sous forme electronique, donc du 1 au 25) sont disponibles gratuitement sur http://www.tpj.com/.</s>
    <s>CMP (l'editeur actuel de TPJ) publie egalement un CD regroupant 101 articles consacres a Perl, issus des archives de The Perl Journal , Dr. Dobbs Journal , Web Techniques , Webreview.com et Byte.com. Il s'agit en fait d'une image ISO que vous pourrez telecharger apres l'avoir achetee (pour $12.95 ou $9.95 si vous etes abonne).</s>
    <s>The Perl Review - http://www.theperlreview.com/</s>
    <s>Apres la &quot;chute&quot; de TPJ, `brian d foy` a lance une revue completement electronique, distribuee gratuitement au format PDF. L'objectif etait de recreer l'equivalent du Perl Journal de Jon Orwant a son heure de gloire. La revue vise l'ensemble de la communaute Perl, du debutant au gourou.</s>
    <s>Les 8 premiers numeros (0.0 a 0.7) ont ete publies de fevrier 2002 a janvier 2003. À terme, il est prevu de sortir un magazine sur papier. Pour le moment le magazine est en pause, principalement parce que `brian d foy` est occupe par ses obligations militaires en Irak.</s>
    <s>Magazines generalistes</s>
    <s>D'autres magazines anglophones ouvrent leurs pages a Perl. Citons en particulier Linux Magazine , qui accueille une rubrique mensuelle de Randal L. Schwartz, ainsi que Sys Admin Magazine (qui avait pendant quelques mois fait survivre TPJ en en faisant un supplement du magazine pour ses numeros 21 a 25). Notez que les rubriques de Randal sont toutes disponibles sur son site personnel : http://www.stonehenge.com/merlyn/columns.html.</s>
    <s>En français</s>
    <s>Linux Magazine France, depuis le numero 41, publie chaque mois un article ecrit par des membres des Mongueurs de Perl, la version française des Perl Mongers . Il s'agit d'une association qui se consacre a la promotion de Perl en France, par l'organisation de conferences (http://yapc.mongueurs.net/), en soutenant les groupes locaux d'utilisateurs (http://www.mongueurs.net/), et en faisant du proselytisme partout ou c'est possible.</s>
    <s>Apres l'introduction a Perl de Sylvain Lhullier, vous pourrez lire ici des articles varies sur l'ensemble du spectre d'application de Perl, avec pour objectif de presenter la maniere Perl de faire les choses. Que dire d'autre, sinon qu'il s'agit d'articles sur Perl et ses techniques, ecrits par des specialistes du langage et de ses applications, et que notre absence du numero 51 est une malencontreuse erreur de calendrier que nous nous efforcerons de ne pas repeter `;-)`</s>
    <s>Ces articles sont tous archives sur http://articles.mongueurs.net/, si vous avez rate les episodes precedents. Sylvain a reformate (et corrige) ses articles d'introduction en un seul document, disponible en PDF a l'adresse suivante : http://sylvain.lhullier.org/publications/perl.html</s>
    <s>Les livres</s>
    <s>Les livres sur Perl sont legion. Les bons comme les mauvais. Le site http://books.perl.org/ liste 113 livres en anglais consacres a Perl, classes par auteur, editeur, etc., mais le site lui-meme contient peu de critiques de livres, et les notes ne suffisent pas a se faire une idee de l'interet de tel ou tel livre peu connu.</s>
    <s>En general, les bons livres sur Perl sont ceux recommandes, voire ecrits par des membres de la communaute Perl. Visitez un peu le web, ou posez des questions sur les listes de discussion pour vous faire une idee.</s>
    <s>On trouve des critiques des nouvelles parutions sur la plupart des sites communautaires : http://use.perl.org/, http://www.perlmonks.org/, http://www.perl.com/. Sinon Google saura vous en trouver </s>
    <s>La reponse a de nombreuses questions se trouve dans la documentation (et c'est de plus en plus vrai, car un gros effort a ete fait dans les versions recentes de Perl pour ameliorer encore la documentation disponible), il suffit de savoir chercher. RTFM, quoi. `;-)`</s>
    <s>J'espere donc que cet article vous aura rassure apres le choc qu'a du etre normalement pour vous le premier appel a `man perl`. N'imprimez pas la documentation complete de Perl, c'est du gaspillage de papier. (Si vous tenez vraiment a avoir du papier, achetez des livres, c'est plus beau et plus facile a ranger ) La documentation en ligne permet des recherches fructueuses et rapides, et la maitrise de perldoc est un atout indispensable pour les developpeurs Perl.</s>
    <s>Philippe 'BooK' Bruhat, &lt;book@mongueurs.net&gt;.</s>
    <s>Philippe Bruhat est vice-president de l'association les Mongueurs de Perl (http://www.mongueurs.net/), membre du groupe Paris.pm et de l'equipe organisatrice de la conference YAPC::Europe qui s'est deroulee a Paris en juillet 2003 (http://yapc.mongueurs.net/). Il est consultant en securite et l'auteur des modules Log::Procmail, HTTP::Proxy et Regexp::Log, disponibles sur CPAN.</s>
    <s>Pour ce qui concerne la documentation, il a traduit les chapitres 3 a 9 d'Amelia ( Programming Perl, 3rd edition ) en français pour O'Reilly.</s>
    <s>] ] ]</s>
    <s>Copyright (C) Les Mongueurs de Perl, 2001-2011 pour le site.</s>
    <s>Les auteurs conservent le copyright de leurs articles.</s>
  </text>
</page>
