<?xml version="1.0" encoding="UTF-8"?>
<!DOCTYPE page SYSTEM "page.dtd">
<page>
  <lang>fr</lang>
  <url>http://conferences.ethernet-powerlink.org/en/agenda-nantes.html</url>
  <title>POWERLINK Conference: Agenda Nantes</title>
  <snippet>
    <s>Horaire, Présentation, Conférencier. 09.00-09.15, Café accueil.</s>
  </snippet>
  <text>
    <s>Agenda Nantes</s>
    <s>West-events Westotel</s>
    <s>34 rue de la Vrière</s>
    <s>44240 La Chapelle sur Erdre</s>
    <s>Café accueil</s>
    <s>Stéphane Potier, Technology Marketing, EPSG</s>
    <s>POWERLINK - L'Ethernet industirel tout compris</s>
    <s>Stéphane Potier, Technology Marketing, EPSG</s>
    <s>uniVAL : une approche innovante pour le contrôle de robot</s>
    <s>Jacques Dupenloup, Resp. Ventes France, Stäubli / Christophe Rocchini, Support uniVAL Drive, Stäubli</s>
    <s>Pause café et accès zone exposition</s>
    <s>Integration facile des Systèmes de vision sur Ethernet Industriel</s>
    <s>Tony Champault, Vision Sales Engineer</s>
    <s>Workshop Stäubli / Workshop Cognex</s>
    <s>Témoignage utilisateur - Amada Europe</s>
    <s>H. Romanet, Purchasing Manager</s>
    <s>openSAFETY - Le standard ouvert de sécurité pour tous les Ethernet industriels</s>
    <s>Stéphane Potier, Technology Marketing, EPSG</s>
    <s>Réduire le coût total de possession (TCO) des systèmes pneumatiques avec l'électronique G3 et POWERLINK</s>
    <s>Guenard Yannick, European Island sales manager, ASCO Numatics</s>
    <s>Automatisation intégrée à hautes performances avec POWERLINK</s>
    <s>Gilles Delaliaux, Directeur Général, B&amp;R France</s>
    <s>Pause café et accès zone exposition</s>
    <s>Workshop ASCO / Workshop B&amp;R</s>
    <s>Conclusion suivie d'un cocktail et tirage au sort gagnant iPad</s>
    <s>Back | Registration</s>
    <s>(C)2011 EPSG, Imprint</s>
  </text>
</page>
