<?xml version="1.0" encoding="UTF-8"?>
<!DOCTYPE page SYSTEM "page.dtd">
<page>
  <lang>fr</lang>
  <url>http://blogodelagem.blogspot.com/2008/02/affiche-pour-la-confrence-de-przemyslaw.html</url>
  <title>Blog du GEM / Blogo de la GEM: Affiche pour la conférence de ...</title>
  <snippet>
    <s>21 févr. 2008 Affiche pour la conférence de Przemyslaw WIERBOWSKI / Afiŝo de la Prelego de Ce message a été supprimé par un administrateur du blog. </s>
  </snippet>
  <text>
    <s>skip to main | skip to sidebar</s>
    <s>Blog du GEM / Blogo de la GEM</s>
    <s>Bienvenue sur le blog du Groupe Espéranto du MaineLe but de ce blog est de donner un aperçu de l'action de notre association qui a été créée au MANS le 29/05/1991 pour assurer la promotion de l'Espéranto *Bonvenon en la blogo de la Grupo esperanto de la MaineLa celo de tiu blogo estas ekkonigi la agadon de nia asocio, kiu estis kreita en LE MANS la 29an de majo 1991 por plivastigi la lingvon Esperanto</s>
    <s>jeudi 21 février 2008</s>
    <s>Affiche pour la conférence de Przemyslaw WIERBOWSKI / Afiŝo de la Prelego de Przemyslaw WIERBOWSKI</s>
    <s>Publié par Jacques Baratié à l'adresse 01:23</s>
    <s>Libellés : Affiche/Afiŝo, Conférences / Prelegoj</s>
    <s>7 commentaires:</s>
    <s>Fox a dit…</s>
    <s>Ce message a été supprimé par un administrateur du blog.</s>
    <s>22 février 2008 20:42</s>
    <s>Mogul a dit…</s>
    <s>Ce message a été supprimé par un administrateur du blog.</s>
    <s>23 février 2008 22:07</s>
    <s>Kazahn a dit…</s>
    <s>Ce message a été supprimé par un administrateur du blog.</s>
    <s>27 février 2008 05:22</s>
    <s>Marisar a dit…</s>
    <s>Ce message a été supprimé par un administrateur du blog.</s>
    <s>28 février 2008 21:05</s>
    <s>Fenrisar a dit…</s>
    <s>Ce message a été supprimé par un administrateur du blog.</s>
    <s>10 mars 2008 04:26</s>
    <s>Kazilar a dit…</s>
    <s>Ce message a été supprimé par un administrateur du blog.</s>
    <s>21 mars 2008 10:37</s>
    <s>Grogal a dit…</s>
    <s>Ce message a été supprimé par un administrateur du blog.</s>
    <s>4 avril 2008 10:06</s>
    <s>Enregistrer un commentaire</s>
    <s>Message plus récent Message plus ancien Accueil</s>
    <s>Inscription à : Publier les commentaires (Atom)</s>
    <s>Affiche/Afiŝo (8)</s>
    <s>Article/artikolo (5)</s>
    <s>BD/Bildrakonto (1)</s>
    <s>Chants/Kantoj (6)</s>
    <s>concert/koncerto (2)</s>
    <s>Conférences / Prelegoj (6)</s>
    <s>Congrès/Kongreso (3)</s>
    <s>Cours/Kursoj (3)</s>
    <s>exposition / ekspozicio (1)</s>
    <s>Films/Filmoj (18)</s>
    <s>Photos/Fotoj (9)</s>
    <s>Salon du livre/Salono de la libro (3)</s>
    <s>Stands du GEM/Budoj de la GEM (1)</s>
    <s>Visiteurs/Vizitantoj (2)</s>
    <s>Jacques Baratié</s>
    <s>LE MANS, SARTHE, France</s>
    <s>Président du G.E.M (Groupe Espéranto du Maine) /Prezidanto de la G.E.M (Grupo Esperanto de la Maine)</s>
    <s>Afficher mon profil complet</s>
    <s>Archives octobre (1) septembre (2) août (1) mai (1) avril (2) mars (1) février (1) décembre (1) octobre (3) septembre (1) juin (1) mai (4) mai (1) octobre (2) septembre (1) août (2) juillet (1) juin (2) mai (1) avril (2) février (1) janvier (1) décembre (2) octobre (6) septembre (2)</s>
    <s>*01:23: 2008-02-21T01:23:00-08:00</s>
  </text>
</page>
