<?xml version="1.0" encoding="UTF-8"?>
<!DOCTYPE page SYSTEM "page.dtd">
<page>
  <lang>fr</lang>
  <url>http://worldwartwo.free.fr/evenements/1944/Provence/debarquementprovence.html</url>
  <title>Le débarquement de Provence</title>
  <snippet>
    <s>Cette carte vous permettra de mieux suivre le cours des évènements (tous droits fut esquissée pour la première fois en août 1943, à la conférence de Québec. Tout de suite ce plan fut rejeté par Churchill : celui-ci préférait envisager une </s>
  </snippet>
  <text>
    <s>Le debarquement de Provence</s>
    <s>Cette carte vous permettra de mieux suivre le cours des evenements (tous droits reserves)</s>
    <s>Cette operation qui reçut ensuite le nom de code « Anvil » (enclume), fut esquissee pour la premiere fois en aout 1943, a la conference de Quebec. Ce debarquement devait servir de prelude a Overlord, etablir une solide tete de pont dans la region Toulon-Marseille, et permettre aux allies d'attirer les troupes allemandes pour degarnir la defense en Normandie. Si on se souvient que le debarquement en Normandie avait initialement ete baptise « hammer » (marteau) on comprend la strategie definie par les allies.</s>
    <s>Tout de suite ce plan fut rejete par Churchill : celui-ci preferait envisager une operation en Mediterranee Orientale, ou il pourrait combattre aux cotes des Russes, et peut etre des armees turques.</s>
    <s>Ce point de vue apparut clairement a la conference du Caire en novembre 1943. Cependant, a la conference de Teheran, qui suivit quelques jours plus tard, ou Staline etait present, la question fut tranchee : le secretaire du parti communiste se montra seduit par l'operation Overlord et par tout ce qui pouvait s'y rattacher. Il fit aussi remarquer que du haut de son experience de la guerre, il etait plus utile de prendre l'ennemi en tenailles. En fait Staline voulait avoir les mains libres en Mediterranee orientale, tout en ayant un appui solide des allies occidentaux. Cependant tout le monde sortit plus ou moins satisfait de cette conference : Churchill gardait toujours l'espoir d'un debarquement sur Rhodes et Roosevelt etait assure d'une aide russe contre le Japon trois mois apres la chute de l'Allemagne.</s>
    <s>Donc, Eisenhower fut charge de preparer les plans de ce debarquement : un etat major dirige par le general americain Devers prit place a Alger, pour etudier les actions que meneraient les deux armees impliquees par ce prochain evenement : La VII eme armee americaine et les troupes françaises.</s>
    <s>Cependant, vers le printemps 1944, l'operation Anvil faillit etre annulee : l'operation Overlord et le debarquement d'Anzio demandaient beaucoup trop de bateaux, ce qui empechait une simultaneite entre la Provence et la Normandie. De plus le theatre mediterraneen etant passe sous le controle du general anglais Wilson, l'etat major britannique propos a le 22 mars 1944 d'annuler ce debarquement en tant qu'operation mais de le maintenir en tant que « menace ». Les Americains continuerent leurs preparatifs en imaginant un simple ajournement.</s>
    <s>L'operation Overlord s'etant deroulee avec succes, Churchill en profita pour critiquer a nouveau l'operation en Provence, le 13 juin 1944, lors de la reunion des chefs d'etat major a Londres. Le ministre anglais denonça l'inutilite de ce debarquement, et obtint que le nom soit change de Anvill a Dragoon, pour ne pas eveiller les soupçons allemands.</s>
    <s>Churchill tenait en fait a exploiter le succes de la prise de Rome (4 juillet 1944), qui ouvrait aux allies la route du Po, pour ensuite prendre la passe de Ljubljana et donc Vienne. Cependant, si on retirait a l'armee d'Italie 3 divisions americaines et 4 française pour les envoyer en Provence, on compromettait serieusement ce plan.</s>
    <s>Eisenhower repondit alors que le debarquement de Provence permettrait de fixer une dizaine de divisions allemandes, et qu'il pourrait securiser le flanc droit de l'armee de Normandie, qui une fois la ligne de defenses allemandes brisee s'etendrait de Nantes a Metz (650 km).</s>
    <s>Le generalissime ajouta aussi qu'il avait besoin d'un port en eau profonde pour faire venir les 50 divisions qui attendaient en Amerique. Le nord de la France presentait certes des ports interessants, mais ils etaient difficiles a prendre et ne presentaient pas les memes avantages que Marseille.</s>
    <s>Enfin, le general americain ajouta que l'operation « Anvill-Dragoon » etait le meilleur moyen de tirer profit des 40 000 maquisards qui avaient des armes en abondances, mais pas de materiel lourd, ce qui leur empechait toute action serieuse.</s>
    <s>De plus, Eisenhower rappela que les general Alexander (commandant des forces en Italie) disposerait quand meme de suffisamment d'unites pour rompre la ligne Gothique et s'ouvrir la route de Vienne, et que le col de Ljubljana ne permettait de ravitailler que six divisions.</s>
    <s>Le general Wilson proposa alors un debarquement plus reduit pour prendre Bordeaux, ou Trieste, tout en affichant clairement une preference pour ce dernier port. Il avança aussi que les forces du general allemand Kesselring etaient a bout et qu'il etait important de realiser une percee sur ce front, pour terminer la guerre avant 1945.</s>
    <s>Cependant, les americains obtinrent gain de cause et malgre toutes les tentatives de Churchill (qui menaça meme de donner sa demission) le debarquement fut prevu pour le 15 Aout1944.</s>
    <s>Le capitaine Butcher raconte une entrevue entre Churchill et Eisenhower : « Eisenhower disait non tout au long de l'apres midi il continua de dire non et ne cessa jusqu'au bout de dire non avec tous les moyens que la langue anglaise mettait a sa disposition».</s>
    <s>La zone de debarquement etait une portion de la cote d'azur comprise entre Cannes a l'est et Cavalaire a l'ouest. Cependant, il fallait d'abord neutraliser les batteries de canon des iles de Port-Cros et du Levant.</s>
    <s>Du point de vue naval, l'operation fut bien plus delicate que le debarquement en Normandie. L'amiral Cunningham dut en fait coordonner l'arrivee de navires venant de Naples, Brindisi, Oran, Malte, Tarente, Palerme ou meme de Corse. Au total 6 cuirasses, 4 porte avions 21 croiseurs, une centaine de destroyers et 500 transports de troupes furent impliques dans l'action. Cette flotte imposante se dirigea tout d'abord sur genes. Des le 13 Aout les avions de reconnaissance allemands remarquerent l'immense convoi et penserent que les allies s'appretaient a attaquer la ville italienne. Le 14 au soir, avec l'arrivee de la brume la flotte changea de cap et prit la direction prevue (Cannes  Saint-Tropez) mais grace a un brouillage electronique, les allemands crurent a une avancee simultanee de la flotte vers Cannes Saint-Tropez et Marseille-Toulon. Pour couronner le tout, 5 avions larguerent 500 « poupees » au dessus de Marseille, ce qui fit croire aux allemands a un lacher de 500 parachutistes qui venaient preparer le terrain dans cette zone.</s>
    <s>Du cote des defenses allemandes, celles ci etaient incarnees par la XIXeme armee, dont le PC etait a Avignon. Cette unite etait composee de 9 divisions dont une blindee, reparties sur Montpellier, l'embouchure du Rhone et la Riviera. Beaucoup de ces hommes venaient du front de l'est, en convalescence, et leur moral etait durement atteint par les recents faits de Normandie.</s>
    <s>Ensuite, les Allemands disposaient de l'ouvrage defensif français sur la cote mediterraneenne, ce qui formait un veritable mur de la mediterranee, dote d'une puissante artillerie. Le point faible etait l'aviation : il n'y avait en tout que 200 appareils, dont beaucoup furent detruits par les bombardements preliminaires.</s>
    <s>Le debarquement</s>
    <s>Pendant la nuit du 14 au 15 aout, 5 000 tonnes de bombes furent lachees par les avions du general Eaker, qui endommagerent considerablement les fortifications cotieres.</s>
    <s>Ensuite, comme en Normandie, l'artillerie navale ouvrit la danse. Cependant, l'amiral anglais Hewitt, ordonna assez vite d'arreter le tir, la canonnade ayant detruit les ultimes defenses cotieres qui ne purent donc pas riposter.</s>
    <s>Ce fut ensuite au tour des commandos americains de detruire les batteries d'artillerie presentes sur les iles de Port Cross et du Levant. L'infanterie mit alors pied sur le sol français : les premiers furent les soldats français a 8 h du matin qui debarquerent a Cannes et Cavalaire aux (deux extremites orientales et occidentales de la zone de debarquement) on raconte que a peine arrives sur le sol national, les soldats français embrasserent le sable des plages. Peu apres, les hommes des 3eme, 45eme et 36eme divisions U.S. debarquerent respectivement dans les secteurs de Cavalaire-Pampelonne, Saint-Maxime et Agay, sans rencontrer de difficultes, mis a part une defense serieuse a Frejus et Saint Raphael.</s>
    <s>Comme en Normandie, des missions de parachutage furent effectuees pour bloquer l'arrivee d'eventuels renforts : a 7 h du matin les homes de la 2eme brigade autonome du general Pritchard (anglais) devaient etre largues au dessus des collines entourant Le Muy (a 20 km a l'interieur des terres). Cependant, une defaillance du systeme radio retarda le signal de lancement, et les parachutistes furent laches bien en dehors de la zone prevue. Les elements eparpilles purent tout de meme se rassembler, et reussirent a faire des prisonniers, a qui ils firent porter leurs sacs pendant les 20 a 30 km de marche. Toujours est-il que une fois arrives a Muy, les soldats anglais rencontrerent les soldats americains, qui avaient deja pris possession de la route et marchaient vers Draguignant.</s>
    <s>Durant cette journee, les soldats su general Truscott (comandant de la 7eme armee) avaient reussi a installer une tete de pont, qui fut consolidee les jours suivants, avec notamment le debarquement de la totalite des troupes française du 2eme corps (general de Lattre) ; en effet le 15 Aout seule la Premiere division blindee française et quelques commandos avaient participe aux actions : a l'ouest, les commandos du lieutenant general Bouvet avaient pris al batterie du cap Negre sans trop de pertes, alors que moins heureux, a l'est le groupe naval d'assaut tomba sur un champ de mines non prevu et fut fait prisonnier (assez courtement) apres de violents combats.</s>
    <s>Au bout du 3eme jour la tete de pont mesurait 60 km de large sur 30 km de profondeur, et les allies avaient fait 2800 prisonniers. Les elements de la VII armee americaine commencerent alors leur avancee de part et d'autre de la route Napoleon, alors que les allemands etaient en pleine retraite (Hitler avait donne l'ordre le 17 Aout). Au meme moment, le general de Lattre et le 2eme corps français, avançaient vers Toulon et Marseille qu'ils avaient l'honneur de liberer seuls. Leur tache ne s'annonçait pas simple, car si la region etait vide d'occupants, les garnisons de Toulon et Marseille avaient reçu l'ordre de resister jusqu'au dernier. De Lattre, sur de lui s'imposa de prendre les deux villes en 15 jours (alors que l'es americains estimaient 40 jours), et pour toute instruction, il ordonna a ses troupes d'epargner la population civile et « de ne pas abimer les vignes ». De Lattre etait presse d'en finir car il ne voulait pas laisser l'exclusivite de la liberation de la France aux troupes americaines, pendant que les soldats français s'acharnaient sur deux puissantes forteresse du sud de l'hexagone.</s>
    <s>Pour prendre Toulon, de Lattre appliqua les leçons de ses succes en Italie : il fallait etre rapide pour compenser le manque de puissance, et donc deborder largement l'ennemi pour annihiler toute resistance.</s>
    <s>Dans cet esprit, la petite armee française fut divisee en deux groupes : le groupement Sud aux ordres du general Brosset, constitue du 8eme R.C.C. (regiment de chasseur de chars) de la premiere D.M.I. et d'un groupe d'artillerie, et le groupement Nord aux ordres du general Monsabert, constitue de la troisieme division d'infanterie algerienne (D.I.A.) et du 7eme regiment de chasseurs de chars. (R.C.C.) . Le groupement sud devait attaquer la resistance de Toulon de face, et etait appuye par la flotte et l'aviation alliee, alors que le groupement Nord devait contourner la ville par la zone montagneuse des Maures et du massif du Nord , pour prendre les Allemands par les flancs, tout en couvrent et en appuyant le groupement sud. Pour venir en aide a l'une de ces deux formations et pour assurer les contacts avec les Americains, le general de Lattre avait a sa disposition la premiere division blindee et quelques autres unites.</s>
    <s>La prise de Toulon.</s>
    <s>Cependant, la 3eme division d'infanterie Africaine (3eme DIA) debarque ses vehicules au rythme de un par heure et retarde donc la 3eme division US qu'elle doit rattraper, et qui est deja a Hyeres, le 18 Aout, apres avoir balaye toutes les unites de resistance allemandes. Impatient d'agir, le general de la 3eme DIA obtient le 19 d'envoyer a Toulon les troupes deja debarquees (5 compagnies) et de faire suivre les autres vehicules une fois qu'ils seront a terre.</s>
    <s>De l'autre cote, la 1ere DFL (division française Libre) sera prete des le 20 au matin a attaquer les defenses est de Toulon.</s>
    <s>Donc, le 19 Aout, la 3eme DIA passe a l'attaque en esperant atteindre un double but : penetrer par le nord de la ville, pour le moment sous controle des maquisards, et bloquer la sortie ouest de Toulon. Pour cela, la division est organisee en trois groupes : le premier groupe aux ordres du Colonel Linares est charge de s'infiltrer dans Toulon par le mont Caume, tout en gardant le contact avec le reste de l'armee. Pour cela il disposera du 3eme R.T.A.</s>
    <s>Le groupe 2, aux ordres du colonel Bonjour est charge de se rendre a l'ouest de la ville, a La Ciotat, et de mener une reconnaissance jusqu'a Aubagne. Pour cela il disposera du 7eme R.C.C. et du 3eme R.S.A.R.</s>
    <s>Le groupe 3 aux ordres du colonel Chapuis est charge de suivre le groupe 2 et d'aller dans l'une ou l'autre direction, en fonction des besoins du moment.</s>
    <s>Au soir du 19, Linares a atteint le front nord de Toulon, et Bonjour est aux prises avec l'ennemi au carrefour du Camp, qui permet d'aller vers Aubagne puis Marseille, vers le nord, ou vers Toulon, au sud.</s>
    <s>A l'est, sur le front d'hyeres, la 1ere division française libre (D.F.L.) prend contact avec l'ennemi, solidement installe, protege par le mont Redon, pilier de la defense allemande du secteur.</s>
    <s>Le 20 Aout, la premiere D.F.L. passe a l'attaque : la deuxieme brigade reussit a enlever le mont Redon, mais plus au sud elle est stoppee par des casemates en beton. Dans la ville d'Hyere proprement dire, la 4eme brigade est bloquee par des elements allemands embusques dans le Golf hotel, mais certaines compagnies françaises reussissent a s'infiltrer dans les premiers batiments.</s>
    <s>La resistance opposee par la presque totalite de la 242eme division d'infanterie allemande est en effet assez severe : l'amiral Ruhfus donna l'ordre a ses hommes de tirer jusqu'a la derniere cartouche.</s>
    <s>Pour ces raisons, bien que l'offensive sur le front soit de Toulon, fut aidee par des elements de la premiere DB française ainsi que des elements du 9eme D.C.I., les allies durent faire face a une resistance profonde et organisee.</s>
    <s>A l'ouest, le general Bonjour reussit a s'emparer du carrefour du Camp, defendu par le groupe d'instruction des sous-officiers allemands. Immediatement, le general français en profite pour lancer le 7eme RTA vers Aubagne, et avec le reste il se dirige vers Le Beausset (pour ceinturer Toulon) et nettoie la cote entre Bandol et La Ciotat.</s>
    <s>Au Nord, le general Linares a pris les monts Caume et Croupatier qui dominent la ville, et a avance jusqu'aux communes de Dardennes et Revest.</s>
    <s>Toujours pendant cette journee du 20 Aout, le commandement de l'attaque sur le front est fut confie au general de Larminat, et de Lattre prepara un nouveau plan qui permettrait d'avancer le plus vite possible sur Marseille, une fois Toulon prise : de Larminat, avancera sur Marseille avec la 1ere D.F.L. (qui opere actuellement sur le front d'hyeres a l'est de Toulon) et de la 3eme D.I.A. qui opere actuellement au nord et a l'ouest de Toulon, tandis que la 9eme D.C.I. nettoiera le port.</s>
    <s>Conscient de la progression de ses troupes, de Larminat considere Toulon comme pratiquement prise, et envisage de la traverser, pour arriver au plus vite a Marseille. Cependant, la traversee du port militaire français ne sera pas chose facile.</s>
    <s>Pendant les 21, 22 et 23 Aout, le combat fait rage sur le front est. A l'ouest et au nord, les troupes de Linares et Bonjour s'infiltrent dans la ville, tandis que les commandos du colonel Bouvet enlevent pendant la nuit du 20 au 21 Aout le fort du Coudon, defendu part 120 marins allemands.</s>
    <s>Le groupement Linares est en fait tenu en haleine par un bataillon allemand embusque dans la poudriere du ravin de Dardennes. Lorsque le 23 Aout la garnison est reduite, faute d'hommes valides, les soldats français de differentes formations se ruent dans Toulon, precedes par trente hommes et un char pour arriver place de la liberte et y hisser la drapeau tricolore.</s>
    <s>Au meme moment, des compagnies de la 9eme D.I.C. arrivent sur cette meme place. Pendant les journees suivantes (jusqu'au 28 aout), le combat continua dans les rues de Toulon, avec un ennemi decide a resister jusqu'a la derniere cartouche. En effet, les Allemands ne voulaient pas se rendre aux FFI ou aux Soldats algeriens. Cependant, Bouvard un officier d'aviation, oblige de se parachuter au dessus de Toulon car son avion avait ete touche par la Flak conseilla a la garnison de l'arsenal de terre de se rendre et il se porta garant de trouver un officier français qui les prendra en charge. Refugie sur la presqu'ile de Saint-Mandrier, Rufhus fut contraint a la reddition le 28, apres que les français l'en eurent deloge. L e 13 septembre, des navires de la marine Nationale trouvent un mouillage dans le port detruit de Toulon, sous les regards des nombreux citadins, masses sur les collines, qui contemple le retour de leur flotte de guerre</s>
    <s>La prise de Marseille .</s>
    <s>La 244eme division d'infanterie est chargee de defendre la ville phoceenne. Au nord, le colonel von Hanstein avec 4 bataillons doit tenir le carrefour de Cadolive Peypin et Septeme, tandis qu'au sud, le general Boie avec 4 bataillons d'infanterie et deux regiments d'artillerie, doit tenir Aubagne. Le reste de la defense allemande est repartie dans la ville.</s>
    <s>On se souvient que le 7eme R.T.A. avait ete envoye a Aubagne des le 20 Aout. Renforce par le CC1 de la premiere DB, des detachements sont envoyes pour prendre Aubagne, et pour ensuite deborder Marseille par le nord. Le 21 aout, la resistance a Aubagne est solide, tout comme a Cadolive-Peypin. Cependant, il fut remarque que certains intervalles montagneux etaient depourvus de defenses.</s>
    <s>Immediatement, le 7eme R.T.A. est envoye dans ces creux, tandis que le CC1, renforce par le G.T.M. du colonel Blanc, doit forcer le passage d'Aubagne.</s>
    <s>Pendant la nuit du 21 au 22, quelques resistants marseillais parviennent au PC de la 3eme D.I.A., pour en informer le commandant que 1500 maquisards revoltes dans Marseille depuis le 19 Aout sont en grandes difficulte et qu'ils risquent la destruction. Ce message est decisif pour le commandant du 3eme D.I.A. : le G.T.M. de Le Blanc contournera le mouvement du 7eme R.T.A., dans le but de bloquer la route d'Aix et de Salon, tout en detruisant la resistance allemande a Cadolive-Peypin, et une fois arrive aux hauteurs de l'Estaque, il attaquera Marseille par le Nord Ouest.</s>
    <s>Le 22 au matin, le R.T.A. reussit a passer sans difficulte par le plan de l'Aigle, et tombe dans les mains des resistants et des policiers marseillais, tandis que plus au sud le bouchon d'Aubagne commence a ceder. Cependant, de Lattre est inquiet de ces succes juges trop rapides, et pense qu'il serait dangereux de laisser le 7eme R.T.A. penetrer seul dans les « mille pieges de Marseille ». De plus, voulant s'assurer une voie vers Avignon, il soustrait le CC1 aux troupes attaquant Marseille, et voulant nettoyer le port de Toulon, il y laisse la bas la 1ere D.M.I. jusqu'au 27 Aout au moins. Il donne donc l'ordre de ne pas depasser le ruisseau du Jarret sans son accord.</s>
    <s>Entre le 23 et le 25 Aout, des tentatives de pourparlers sont faites pour liberer Marseille, mais elles n'aboutissent a rien, et le 25 Aout, l'offensive reprend, avec comme objectif l'Eglise de Notre Dame de la Garde, perchee sur une colline qui surplombe Marseille et d'ou il est possible d'observer tous les mouvements de l'ennemi. Cet assaut est en effet possible, car le groupement du colonel Linares (3eme R.T.A.) est releve de son poste de Toulon par le 9eme D.C.I. et peut donc aller vers Marseille.</s>
    <s>Apres de rudes combats, l'Eglise est prise. Il faut noter, que le CC1 fut rendu a l'operation de la prise de la ville et que donc il prit part aux combats.</s>
    <s>Le plan avait ete bien calcule : a l'etat major allemand, un debat fait rage entre ceux qui veulent se rendre et Schaeffer qui veut continuer a combattre.</s>
    <s>Cependant, le 26 dans le sud de la ville, le general Boie se rend avec 1500 hommes dans le tunnel de Carpiagne, puis la garnison du fort Saint Nicolas qui domine la canebiere, et peu a peu presque tous les points de defenses allemands se rendent aux troupes françaises.</s>
    <s>Le 27 aout, pendant la soiree, Schaeffer demande au general de la 3eme D.I.A. une reddition dans l'honneur, qui bien evidemment lui est accordee. La jour d'apres, l'amiral Ruhfus se rend dans Toulon, apres avoir combattu de maniere acharnee et desesperee. Ce sont en tout 34 000 hommes qui se rendent aux forces françaises (20 000 a Toulon et 14 000 a Marseille).</s>
    <s>Les allies ont maintenant leurs grands ports mediterraneens, pas trop endommages (mis a part Toulon), pris en 8 jours, au lieu de 40 estimes. Les soldats de de Lattre peuvent desormais rejoindre les americains plus au nord, liberer Lyon, et entrer en Alsace-Lorraine en Novembre 1944.</s>
    <s>| Contact | Quiz | Forum | Livre d'or | Liens | Historique des mises a jour | Les sources | Le site | Accueil |</s>
  </text>
</page>
