<?xml version="1.0" encoding="UTF-8"?>
<!DOCTYPE page SYSTEM "page.dtd">
<page>
  <lang>fr</lang>
  <url>http://actualites.marweb.com/tunisie/culture/conference-dialogue-civilisations-arabe-chinoise.html</url>
  <title>Actualites Tunisie - Troisième session de la conférence du ...</title>
  <snippet>
    <s>12 mai 2009 Troisième session de la conférence du dialogue entre les civilisations arabe et chinoise. secrétaire général adjoint et président du Centre de la Ligue des Etats entre les peuples et les cultures et rejeter la culture de l&#39; extrémisme, Pas de note pour cet article. Estimez cet article </s>
  </snippet>
  <text>
    <s>Actualites Tunisie</s>
    <s>Portail Tunisie</s>
    <s>Pages jaunes Tunisie</s>
    <s>Petites annonces Tunisie</s>
    <s>Portail de Fes</s>
    <s>Rechercher | Recherche avancée</s>
    <s>› Cinéma</s>
    <s>› Festivals</s>
    <s>› Musique</s>
    <s>› Bourse</s>
    <s>› Finance</s>
    <s>› Entreprises</s>
    <s>› Energie</s>
    <s>› Gouvernement</s>
    <s>› Cancer</s>
    <s>› Sida</s>
    <s>› Fottball</s>
    <s>› Cyclisme</s>
    <s>› Tennis</s>
    <s>› Météo</s>
    <s>› Revue de presse</s>
    <s>› Internet</s>
    <s>En cours</s>
    <s>Home | Culture | Troisième session de la conférence du dialogue entre les civilisations arabe et chinoise</s>
    <s>Troisième session de la conférence du dialogue entre les civilisations arabe et chinoise</s>
    <s>12/05/2009 11:46:00 BM</s>
    <s>Taille de la police:</s>
    <s>L'Académie tunisienne des sciences, des lettres et des arts (Beà¯t al-Hikma) à Carthage abrite lundi et mardi la troisième session de la conférence du dialogue entre les civilisations arabe et chinoise.</s>
    <s>TUNIS - L'Academie tunisienne des sciences, des lettres et des arts (Beit al-Hikma) a Carthage abrite lundi et mardi la troisieme session de la conference du dialogue entre les civilisations arabe et chinoise.</s>
    <s>Ont pris part a la seance d'ouverture notamment MM. Abderraouf El Basti, ministre de la Culture et de la sauvegarde du patrimoine, Chedli Neffati, secretaire general adjoint et president du Centre de la Ligue des Etats arabes a Tunis, Bai Li Chen, vice-president du comite du congres consultatif politique du peuple chinois et chef de la delegation chinoise et Abdelwaheb Bouhdiba, president de Beit al Hikma, ainsi que plusieurs hommes de culture et de l'information de Tunisie, de Chine et d'autres pays arabes.</s>
    <s>Dans son allocution, M. Abderraouf El Basti a mis l'accent sur la solidite des relations d'amitie entre les peuples tunisien et chinois, se felicitant du choix porte par la Ligue des Etats arabes sur la Tunisie pour accueillir cette conference et de la forte presence des representants de la Chine populaire et des Etats arabes a ces assises.</s>
    <s>La civilisation chinoise remonte a plus de 5 mille ans</s>
    <s>Il a ajoute que la civilisation chinoise est parmi les plus anciennes du monde puisqu'elle remonte a plus de 5 mille ans et qu'elle a contribue a l'enrichissement de la civilisation universelle a travers ses exploits dans les domaines des sciences, de la medecine, de l'astronomie, de l'architecture, etc..</s>
    <s>Par ailleurs, a-t-il dit, les pays arabes sont detenteurs d'un patrimoine seculaire marque par les contributions de nombreuses civilisations anciennes, faisant de la civilisation arabe une civilisation de brassage culturel par excellence.</s>
    <s>Il a fait remarquer que la civilisation arabe a laisse ses empreintes dans tous les domaines a travers des ouvrages de reference en matiere des sciences de l'histoire et de la geographie, de la litterature, de la medecine, des mathematiques et de l'astronomie, sans oublier que les Arabes ont mis au point l'Algebre, contribue a l'essor de la medecine et fonde (grace a Ibn Khaldoun) la sociologie.</s>
    <s>!ImageLe ministre a indique que le denominateur commun entre la civilisation arabe et la civilisation chinoise consiste en la conviction quant a l'importance de l'humanisme et de l'universalite de la civilisation.</s>
    <s>Evoquant l'epoque actuelle, le ministre a releve que parmi les paradoxes figure le fait qu'a notre epoque, celle de la communication et de l'information, l'on assiste au blocage du dialogue dans plusieurs parties du monde et a l'emergence de crises inherentes au choc des civilisations ainsi que des tentatives d'utiliser les technologies modernes et la revolution numerique pour creer un seul modele de civilisation, detruire les specificites culturelles et bannir le droit a la difference et a la diversite.</s>
    <s>L'importance de consolider les relations entre les pays arabes et la Chine</s>
    <s>Dans ce contexte difficile et trouble, a t-il poursuivi, la consolidation des relations entre les pays arabes et la republique de Chine populaire revet une importance particuliere compte tenu des visions similaires des deux parties concernant les causes justes dont la cause palestinienne et les causes de la paix et de l'engagement pour le dialogue en tant que meilleur moyen pour resoudre les tensions et les conflits, mettant l'accent sur la volonte du monde arabe de tirer profit de l'experience reussie de la Chine s'agissant du processus du developpement, de la reforme et de la modernite.</s>
    <s>Bientot un grand congres international sur le dialogue des civilisations et la diversite culturelle</s>
    <s>M. El Basti a indique que la Tunisie a oeuvre depuis le changement a la diffusion de la culture du dialogue et de la tolerance.</s>
    <s>En effet, a-t-il dit, le President Zine El Abidine Ben Ali a pris plusieurs initiatives pour promouvoir le dialogue des civilisations, etablir les ponts de la complementarite et de la solidarite entre les peuples et les cultures et rejeter la culture de l'extremisme, du dogmatisme et de la violence, d'ou le pacte de Carthage pour la tolerance, la tenue de la deuxieme phase du Sommet mondial de la societe de l'information (SMSI) a Tunis et la creation de la chaire Ben Ali pour le dialogue des civilisations et des religions.</s>
    <s>Le ministre a annonce, par la meme occasion, que la Tunisie s'apprete dans le cadre de la celebration de Kairouan, capitale de la culture islamique a abriter un grand congres international sur le dialogue des civilisations et la diversite culturelle.</s>
    <s>Il a ajoute que la tenue de la troisieme session de la conference du dialogue entre les civilisations arabe et chinoise s'inscrit dans le droit fil de la volonte de la Tunisie de renforcer l'action arabe commune, faisant remarquer que le ministere a choisi d'accueillir cette conference a Beit al-Hikma, une institution culturelle de reference qui participe au developpement des connaissances et a l'impulsion de l'interculturalite.</s>
    <s>!ImageIl a mis en exergue le souci du ministere, du secretariat general de la Ligue des Etats arabes et des partenaires chinois de renforcer les liens culturels entre les parties concernees, a la lumiere des trois axes de la conference, a savoir: 'la Chine dans la culture arabe et les Arabes dans la culture chinoise', 'les valeurs humaines et la nature dans les cultures arabe et chinoise' et 'la science, la technologie et les moyens de communication moderne: la cooperation sino-arabe'.</s>
    <s>La Ligue arabe ambitionne d'etablir un partenariat strategique avec la Chine</s>
    <s>De son cote, M. Chedli Neffati a indique que la tenue de cette conference s'inscrit, aux yeux du secretariat general de la Ligue des Etats Arabes, dans une optique strategique en vue d'etablir des ponts de dialogue, d'echange et d'interaction entre la culture arabe et les autres cultures du monde et de contribuer a la consolidation de la paix dans le monde et au rapprochement des peuples.</s>
    <s>Il a souligne qu'en application de cette strategie il a ete procede en 2004 a la creation du forum de cooperation arabo-chinois.</s>
    <s>Il a precise que la Ligue des Etats arabes ambitionne d'etablir un veritable partenariat strategique avec la republique de Chine populaire, base sur des principes reconnus dont la consolidation de la paix et de la securite internationale et l'engagement a resoudre les conflits par le dialogue et le rejet de la violence et de l'extremisme. Il s'agit egalement de respecter les specificites culturelles des peuples.</s>
    <s>Il a, par ailleurs, note que la Chine est le huitieme grand partenaire commercial des pays arabes.</s>
    <s>Pour sa part le chef de la delegation chinoise a souligne la solidite des liens qui existent entre le peuple chinois et les peuples arabes et qui sont fondes sur le respect mutuel, le dialogue et l'ouverture.</s>
    <s>Il a ajoute que cette session est la continuation de deux precedentes reunions qui ont mis l'accent sur le souci des deux parties de renforcer le dialogue, la concertation et la cooperation entre les deux civilisations afin de mieux faire face aux defis inherents a la mondialisation.</s>
    <s>En marge de cette premiere journee, il a ete procede a l'inauguration a Beit al-Hikma d'une exposition de livres comportant 149 titres arabes traduits en langue chinoise et publies en Chine dans des editions nouvelles.</s>
    <s>Les participants a cette conference ont visite l'exposition intitulee 'tresors de la Chine' qui se tient au Musee de Carthage, du 8 mai au 8 aout 2009.</s>
    <s>Ajouter à : | | | | |</s>
    <s>Commentaires (0 posté):</s>
    <s>total: | Affiché:</s>
    <s>Postez votre commentaire !comment</s>
    <s>Votre nom:</s>
    <s>Votre adresse email:</s>
    <s>Votre Site Internet:</s>
    <s>Ajouter vos commentaires:</s>
    <s>Entrez le code que vous voyez dans l'image s'il vous plait:</s>
    <s>Votre adresse email:</s>
    <s>Pas de note pour cet article</s>
    <s>Estimez cet article</s>
    <s>En cours</s>
    <s>!cron Home | Définir comme page d'accueil | Ajouter aux favorits | Rss / Atom | Texte complet | Archive</s>
  </text>
</page>
