<?xml version="1.0" encoding="UTF-8"?>
<!DOCTYPE page SYSTEM "page.dtd">
<page>
  <lang>fr</lang>
  <url>http://veilletourisme.ca/reseau-de-veille/equipe-de-direction/</url>
  <title>Équipe de direction » Réseau de veille en tourisme</title>
  <snippet>
    <s>Conférencier invité à de multiples forums et colloques nationaux et internationaux, Il est membre du Comité consultatif de l&#39;Institut de la statistique du Québec, Michel Archambault a initié – et s&#39;est vu confier – l&#39;organisation de nombreux </s>
  </snippet>
  <text>
    <s>Nous joindre</s>
    <s>Plan du site</s>
    <s>Réseau de veille en tourisme</s>
    <s>La référence québécoise en information sur les tendances en tourisme</s>
    <s>Chaire de tourisme transat, ESG UQÀM</s>
    <s>Réseau de veille</s>
    <s>Ailleurs dans le monde</s>
    <s>e-tourisme et technologies</s>
    <s>Faits et chiffres</s>
    <s>Marchés géographiques</s>
    <s>Produits et activités</s>
    <s>Réseaux de distribution</s>
    <s>Ressources humaines</s>
    <s>Segments de clientèles</s>
    <s>Tourisme durable</s>
    <s>Amélie Racine</s>
    <s>Aude Lenoir</s>
    <s>Audray Lemieux</s>
    <s>Chantal Neault</s>
    <s>Claude Péloquin</s>
    <s>Claudine Barry</s>
    <s>Kate Germain</s>
    <s>Maïthé Levasseur</s>
    <s>Michèle Laliberté</s>
    <s>Siham Jamaa</s>
    <s>Dossiers et publications</s>
    <s>Équipe de direction</s>
    <s>La mission</s>
    <s>Nous joindre</s>
    <s>Équipe de direction</s>
    <s>Michel Archambault, titulaire, Chaire de tourisme Transat</s>
    <s>Michel Archambault est professeur associé à l’École des sciences de la gestion de l’Université du Québec à Montréal (UQAM).</s>
    <s>Détenteur d’un doctorat en économie appliquée, il possède une vaste expérience des secteurs privé et public, et ce, dans plusieurs champs de l’activité économique.</s>
    <s>Conférencier invité à de multiples forums et colloques nationaux et internationaux, il se spécialise entre autres dans le management stratégique appliqué aux entreprises touristiques. Il est membre du Comité consultatif de l’Institut de la statistique du Québec, du conseil d’administration de Tourisme Montréal (depuis 1995) et du Comité de recherche en tourisme de la Commission canadienne du tourisme.</s>
    <s>Constamment à l’affût des nouvelles tendances qui influencent le développement de l’industrie, Michel Archambault a initié – et s’est vu confier – l’organisation de nombreux colloques et la réalisation de recherches visant à favoriser l’avancement des connaissances et les échanges d’idées. Ardent promoteur de la création d’un Réseau de veille en tourisme, il en supervise la gestion.</s>
    <s>Téléphone: (514) 987-7882</s>
    <s>Courriel: archambault.michel(at)uqam.ca</s>
    <s>Pierre Delorme, cotitulaire</s>
    <s>Pierre Delorme est cotitulaire de la Chaire de Tourisme Transat. Détenteur d’un doctorat en science politique, il est professeur au Département d’études urbaines et touristiques de l’École des sciences de la gestion (UQAM) et responsable du programme de MBA en gestion des villes et métropoles. Il fut, de 1995 à 2001, doyen de la gestion académique de l’UQAM. Auparavant, il avait enseigné dans diverses universités (Ottawa, Montréal, McGill…). Il est l’auteur de plusieurs publications dont «L’ordre urbain» et aussi directeur de deux ouvrages collectifs, «Théories et pratiques actuelles du management» et «La ville autrement». Ses champs de recherche portent sur la politique urbaine et la gouvernance. Il s’est joint à la Chaire pour établir des ponts entre les études et recherches urbaines et celles en tourisme.</s>
    <s>Téléphone : 514 987-3000, poste 3051</s>
    <s>Courriel : delorme.pierre(at)uqam.ca</s>
    <s>Paul Arseneault, directeur</s>
    <s>Professeur en gestion des entreprises et des organismes touristiques au département d’études urbaines et touristiques de l’ESG UQAM, Paul Arseneault se spécialise dans la recherche et la consultation dans le domaine touristique. Ayant débuté sa carrière dans l’industrie touristique en 1990, il a dirigé et collaboré à une centaine de mandats de consultation et de recherche. Il est détenteur d’un doctorat en sciences de gestion de l’École supérieure de tourisme et d’hôtellerie de l’université d’Angers (ESTHUA).</s>
    <s>Ses champs d’intérêt sont la planification stratégique ainsi que le développement des produits et des destinations touristiques. M. Arseneault a eu l’occasion d’oeuvrer tant avec les entreprises privées, les associations sectorielles et régionales qu’avec les organisations gouvernementales. Il a également été conférencier, animateur et formateur à de très nombreuses occasions.</s>
    <s>Il a été successivement professionnel de recherche à HEC-Montréal, à l’UQAM (Chaire de Tourisme) et à l’École nationale d’administration publique (ÉNAP), président de Pensum Conseil ainsi qu’associé principal au Groupe DBSF.</s>
    <s>Téléphone: (514) 987-3000 poste 2276</s>
    <s>Courriel: arseneault.paul(at)uqam.ca</s>
    <s>Maïthé Levasseur, directrice adjointe</s>
    <s>Maïthé Levasseur œuvre au sein de l’industrie touristique depuis 2000, en tant que conseillère au sein du Groupe IBI DAA mais également auprès d’organismes associatifs. Au sein de l’équipe d’analystes (voir sa page) du Réseau de veille depuis 2007, elle assume également la fonction de directrice ajointe.</s>
    <s>Téléphone: (514) 987-3000 poste 2278</s>
    <s>Courriel: levasseur.maithe(at)uqam.ca</s>
    <s>Audray Lemieux, agente de planification</s>
    <s>Après avoir travaillé trois ans dans le secteur privé, Audray Lemieux s’est jointe à l’équipe de la Chaire en janvier 2007 afin d’œuvrer à la gestion administrative, à l’organisation d’événements, aux communications et aux relations publiques ainsi que pour collaborer à la réalisation de certains mandats, notamment sur l’industrie des congrès et des événements. Depuis février 2009, elle effectue également, à titre d’analyste (voir sa page), la veille sur les croisières intérieures et internationales au Réseau de veille en tourisme. D’abord bachelière en Gestion du tourisme et de l’hôtellerie de l’UQAM, elle a ensuite complété un diplôme de deuxième cycle en gestion financière et de trésorerie à l’Université McGill.</s>
    <s>Téléphone: (514) 987-3000 poste 4264</s>
    <s>Courriel: lemieux.audray(at)uqam.ca</s>
    <s>Le Globe-Veilleur</s>
    <s>Le bulletin électronique</s>
    <s>En vous abonnant, vous recevrez gratuitement par courriel le bulletin bimensuel le Globe-Veilleur.</s>
    <s>Fil RSS</s>
    <s>des analyses</s>
    <s>Le Réseau de veille sur Twitter</s>
    <s>Analyse RVT: Améliorer la restauration dans les lieux touristiques culturels et de loisirs http://t.co/adriedn3 13/10/2011</s>
    <s>Analyse RVT: (Éco)Mobilité vers les espaces naturels et les régions rurales http://t.co/GyfPCqfw 11/10/2011</s>
    <s>Le RVT a 5 000 fans FacebookBranchez-vous aussihttp://t.co/UQeTKGvf 06/10/2011</s>
    <s>RT @VTourismMartini: @veilletourisme &quot;Le RVT a 5 000 fans FacebookMerci de votre intérêt et de votre participation!&quot; FélicitationsV 06/10/2011</s>
    <s>Le RVT a 5 000 fans FacebookMerci de votre intérêt et de votre participationNotre succès dépend de voushttp://t.co/UQeTKGvf 06/10/2011</s>
    <s>Nous suivre sur twitter</s>
    <s>Page Facebook</s>
    <s>Version optimisée pour les Iphone disponible</s>
    <s>Archives des analyses</s>
    <s>Choisir un mois octobre 2011 (4) septembre 2011 (13) août 2011 (14) juillet 2011 (10) juin 2011 (15) mai 2011 (13) avril 2011 (13) mars 2011 (14) février 2011 (12) janvier 2011 (16) décembre 2010 (9) novembre 2010 (13) octobre 2010 (15) septembre 2010 (12) août 2010 (15) juillet 2010 (10) juin 2010 (14) mai 2010 (13) avril 2010 (14) mars 2010 (14) février 2010 (19) janvier 2010 (8) décembre 2009 (16) novembre 2009 (11) octobre 2009 (14) septembre 2009 (17) août 2009 (14) juillet 2009 (10) juin 2009 (11) mai 2009 (12) avril 2009 (12) mars 2009 (13) février 2009 (11) janvier 2009 (12) décembre 2008 (7) novembre 2008 (12) octobre 2008 (14) septembre 2008 (13) août 2008 (10) juillet 2008 (8) juin 2008 (11) mai 2008 (13) avril 2008 (13) mars 2008 (13) février 2008 (11) janvier 2008 (10) décembre 2007 (9) novembre 2007 (12) octobre 2007 (12) septembre 2007 (12) août 2007 (10) juillet 2007 (15) juin 2007 (3) mai 2007 (9) avril 2007 (5) mars 2007 (15) février 2007 (13) janvier 2007 (4) décembre 2006 (8) novembre 2006 (11) octobre 2006 (8) septembre 2006 (11) août 2006 (11) juillet 2006 (7) juin 2006 (15) mai 2006 (14) avril 2006 (9) mars 2006 (16) février 2006 (15) janvier 2006 (11) décembre 2005 (7) novembre 2005 (11) octobre 2005 (9) septembre 2005 (8) août 2005 (8) juillet 2005 (8) juin 2005 (12) mai 2005 (12) avril 2005 (7) mars 2005 (15) février 2005 (13) janvier 2005 (11) décembre 2004 (14) novembre 2004 (12) octobre 2004 (14) septembre 2004 (24) août 2004 (15) juillet 2004 (16) juin 2004 (23) mai 2004 (33) avril 2004 (23) mars 2004 (20) février 2004 (7)</s>
    <s>Dossiers et publications</s>
    <s>Fichiers PDF téléchargeables</s>
    <s>Revue de presse</s>
    <s>Il faut faire vivre le paysage - Paul Arseneault cité dans Le Devoir - 29/09/2011</s>
    <s>Montréal aura son village des neiges - Commentaires de Michel Archambault à Radio-Canada - 28/09/2011</s>
    <s>Comment Transat pourrait redécoller - Michel Archambault cité dans le Journal Les Affaires - 26/09/2011</s>
    <s>Tous les liens</s>
    <s>Analyses les plus lues - 30 derniers jours</s>
    <s>Les voyages forment la jeunesse… - 30/09/2008</s>
    <s>Guide pratique pour creer votre page fans Facebook - 25/02/2010</s>
    <s>La necessite des bureaux d'information touristique de se reinventer - 13/09/2011</s>
    <s>Le tourisme de luxe, c'est chic- 20/09/2011</s>
    <s>Les destinations deploient leurs strategies mobiles - 5/10/2011</s>
    <s>À propos de la Chaire de tourisme Transat</s>
    <s>Le Réseau de veille en tourisme est un organisme spécialisé dans la veille stratégique en tourisme. Il a été créé par la Chaire de Tourisme Transat de l’École des sciences de la gestion de l’Université du Québec à Montréal, le 30 janvier 2004, grâce au soutien financier de l’agence de Développement économique du Canada pour les régions du Québec et de Tourisme Québec.</s>
    <s>En savoir plus</s>
    <s>Une initiative de:</s>
    <s>Chaire de tourisme</s>
    <s>Partenaires principaux:</s>
    <s>Développement Canada Tourisme Québec</s>
    <s>Partenaires associés:</s>
    <s>Tourisme Montréal Tourisme ATR Associées du Québec</s>
    <s>Nous joindre</s>
    <s>Plan du site</s>
    <s>©2007-2011 Réseau de veille en tourisme, Chaire de tourisme Transat, École des sciences de la gestion, UQAM. Tous droits réservés.</s>
    <s>*06/10/2011: 2011/10/06 13:36:46</s>
    <s>*13/10/2011: 2011/10/13 17:11:11</s>
    <s>*11/10/2011: 2011/10/11 12:40:53</s>
  </text>
</page>
