<?xml version="1.0" encoding="UTF-8"?>
<!DOCTYPE page SYSTEM "page.dtd">
<page>
  <lang>fr</lang>
  <url>http://ledjit.ca/conferences-droit-technologie-de-l-information/</url>
  <title>Conférences sur les Technologies de l&#39;Information &amp; le Droit | Ledjit</title>
  <snippet>
    <s>Dominic Jaar participera à la 2e édition du colloque sur L&#39;administration de la Cette conférence s&#39;adresse aux avocats d&#39;entreprises et aux vice-présidents ou Le programme complet et les informations pour l&#39;inscription sont disponibles </s>
  </snippet>
  <text>
    <s>514 212 9348</s>
    <s>Gestion de l'information</s>
    <s>Administration de la preuve électronique (e-discovery)</s>
    <s>Droit et Technologies de l'information</s>
    <s>Gestion de la pratique du droit</s>
    <s>Fil d'informations</s>
    <s>À propos</s>
    <s>Pour nous joindre</s>
    <s>ACCUEIL &gt; Conférences sur les technologies de l'information et la pratique du droit</s>
    <s>Conférences sur les technologies de l'information et la pratique du droit</s>
    <s>Vous trouverez ici les conférences à venir dans le cadre desquelles les membres de l'équipe de Ledjit agissent comme conférenciers ainsi que diverses conférences d’intérêt pour les clients de Ledjit.</s>
    <s>Pour les conférences passées et le matériel distribué, veuillez consulter la catégorie « Conférence » du blogue. Vous y trouverez également des articles publiés en direct dans le cadre de ces conférences.</s>
    <s>Ledjit offre sur mésure des conférences et des formations aux individus, sociétés ou agences gouvernementales qui reconnaissent l'importance de l'information bien présentée, courrante, et pertinente dans le domaine de la preuve électronique (e-discovery), gestion de l'information, et la technologie en soutien au litige. Consultez le PDF ci-joint pour plus d'information, de tarification et de réserver une conférence ou contactez-nous.</s>
    <s>Votre propos a été grandement apprécié par tous mes collègues.</s>
    <s>Honorable Lise Matteau, Cour supérieure du Québec</s>
    <s>Conférences passées</s>
    <s>L’administration de la preuve électronique</s>
    <s>Plus d’info</s>
    <s>Conférence passée</s>
    <s>L’administration de la preuve électronique</s>
    <s>Quand: Les 30 novembre et 1er décembre 2010</s>
    <s>Où : Montréal</s>
    <s>Dominic Jaar participera à la 2e édition du colloque sur L'administration de la preuve électronique organisé par Federated Press.</s>
    <s>Parmi les thèmes abordés nous retrouvons notamment un état des lieux en matière d'administration de la preuve électronique aux États-Unis, au Canada et dans les provinces, les modifications causées dans la gestion des litiges et dans les coûts associés, le rôle des tiers, l'obligation de préservation de la preuve électronique, les enquêtes informatiques judiciaires et une vision prospective de l'administration de la preuve électronique, tant au niveau juridique que technologique.</s>
    <s>Cette conférence s'adresse aux avocats d’entreprises et aux vice-présidents ou gestionnaires séniors dans un contentieux, aux avocats spécialisés en litige et à toute personne travaillant en matière de gestion de risque et de conformité, de technologies de l’information, ou de protection de la vie privée.</s>
    <s>Le programme complet et les informations pour l'inscription sont disponibles au format PDF.</s>
    <s>La conférence est une formation reconnue par le Barreau du Québec.</s>
    <s>7th Annual Advanced E-Discovery Institute 2010</s>
    <s>Plus d’info</s>
    <s>Conférence passée</s>
    <s>7th Annual Advanced E-Discovery Institute 2010</s>
    <s>Quand : 18 et 19 novembre 2010</s>
    <s>Où : Arlington, Virginie</s>
    <s>Dominic Jaar participera à un panel intitulé &quot;Not Just EU Privacy: A Global View on International E-Discovery&quot; sur l'administration de la preuve électronique à l'échelle internationale. Ce panel aura lieu dans le cadre de la conference Advanced E-Discovery Intitute de l'université Georgetown.</s>
    <s>&quot;Globalization and the geographic proliferation of ESI have led to an increase in discovery of ESI located outside the United States, presenting practitioners with complex legal, cultural and linguistic challenges. While touching upon data privacy and regulatory issues in the European Union, this session will also focus on other, just as important, international issues such as the challenges of multi-lingual data sets, cultural differences in addressing discovery and dealing with discovery in Asia, Canada and Eastern Europe.&quot;</s>
    <s>Le programme complet et les informations relatives à la participation à cette activité sont disponibles sur le site de la conférence.</s>
    <s>Federated Press - Droit de l'Internet</s>
    <s>Plus d’info</s>
    <s>Conférence passée</s>
    <s>Federated Press - Droit de l'Internet</s>
    <s>Quand: Les 2 et 3 novembre 2010</s>
    <s>Où: Montréal</s>
    <s>Dominic Jaar participera à la 2e édition du colloque sur le droit de l'Internet, en compagnie de différents experts du domaine. Les thèmes abordés seront notamment le droit des marques, les contrats en ligne, les droits d'auteurs, le Web 2.0, la vie privée, la diffamation en ligne, le logiciel libre, le contenu généré par les utilisateurs, le Web en milieu de travail et la vente au détail en ligne au Québec.</s>
    <s>Cette conférence s'adresse aux avocats d’entreprises, aux avocats spécialisés en litiges, en marques de commerce ou en droit des contrats et à toute personne à qui incombe des responsabilités en matière de propriété intellectuelle, de la protection de la vie privée, de technologies de l’information, de sécurité informatique ou de l'information.</s>
    <s>Le programme complet et les informations pour l'inscription sont disponibles au format PDF sur le site de Federated Press.</s>
    <s>La conférence est une formation reconnue par le Barreau du Québec.</s>
    <s>14e conférence annuelle de l'Association canadienne du droit des technologies de l'information</s>
    <s>Plus d’info</s>
    <s>Conférence passée</s>
    <s>14e conférence annuelle de l'Association canadienne du droit des technologies de l'information</s>
    <s>Quand: Les 28 et 29 octobre 2010</s>
    <s>Où: Montréal</s>
    <s>IT-Can sera à Montréal pour la 14e édition de sa conférence annuelle. Cette conférence, parmi les plus importantes dans le monde canadien du droit des TI, nous offre encore une fois un programme chargé et captivant, et des conférenciers de grande qualité</s>
    <s>Lors de la première journée, un panel sur les contrats et les TI abordera les sujets suivants : niveaux de service et responsabilité, confidentialité, gestion des risques, vie privée et informatique dans les nuages. Il y aura de plus deux présentations sur les média sociaux en milieu de travail et les modèles d’affaires du logiciel libre.</s>
    <s>La seconde journée débutera avec une mise à jour annuelle en matière de propriété intellectuelle : droit d’auteur, brevets et marques de commerce. Suivra en après-midi un panel sur la vie privée en ligne et sur téléphone mobile (services basés sur la géolocalisation, profilage à des fins de marketing, « deep packet inspection », réseaux sociaux )</s>
    <s>Outre ces conférences et panels, le programme de chaque journée propose un choix de huit tables rondes : régulation de l'industrie des TI, droit de la consommation, litige et technologies, développements récents au Québec, développements en droit des communications, transformations dans le domaine de l'impartition, approvisionnement et TI et enfin, droit comparé des TI.</s>
    <s>Le programme complet et les informations concernant l'inscription sont disponibles dans la brochure de la conférence (PDF). Le programme est certifié pour 16 heures de formation reconnues par le Barreau du Québec.</s>
    <s>Conférence sur les enjeux associés à l'utilisation des technologies de l'information</s>
    <s>Plus d’info</s>
    <s>Conférence passée</s>
    <s>Conférence sur les enjeux associés à l'utilisation des technologies de l'information</s>
    <s>Quand : 10 et 11 juin 2010</s>
    <s>Où : Montréal</s>
    <s>Aujourd’hui, la nouvelle réalité économique, sociale et règlementaire suscite chez toute organisation, non seulement le besoin de s’approprier les TI, mais oblige également de les intégrer adéquatement dans ses processus d’affaires. Qui plus est, on peut affirmer que les TI se positionnent à présent comme un acteur incontournable de l’aspect stratégique pour toute organisation. Et, en tant que garant de la sécurité des systèmes d’informations, les TI contribuent, par ailleurs, à la pérennité du savoir et des connaissances de l’organisation.</s>
    <s>Lors de cette activité de formation, Dominic Jaar tiendra trois ateliers, intitulés Démystifier l'aspect légal entourant l'utilisation des technologies de l'information et des communications, L'utilisation inadéquate d'Internet et du matériel informatique en milieu de travail et La signature électronique.</s>
    <s>(C) 2009 Conseils Ledjit Inc.</s>
  </text>
</page>
