<?xml version="1.0" encoding="UTF-8"?>
<!DOCTYPE page SYSTEM "page.dtd">
<page>
  <lang>fr</lang>
  <url>http://balla.esi.dz/cv_rech.html</url>
  <title>Curriculum vitae - Balla</title>
  <snippet>
    <s>Membre du comité de programme de la conférence &quot;première édition des Rencontres Membre du comité scientifique et d&#39;organisation de la conférence, &quot;1ère </s>
  </snippet>
  <text>
    <s>Retour a la page d'accueil.</s>
    <s>ECOLE NATIONALE SUPERIEURE DINFORMATIQUE : ESI (EX INI), ALGER</s>
    <s>Laboratoire de Modes de Conception de Systs (LMCS)</s>
    <s>Curriculum Recherches / Comit/span&gt;</s>
    <s>Nom &amp; prm : BALLA Amar</s>
    <s>Activitde recherches :</s>
    <s>2009 e jour : Chef de projet / Directeur de Recherches, &quot;E-SAA : E-Situation Active d'Apprentissage&quot;, projet CNEPRU agrartir du 01/01/2009. Code Projet : B*04120080003, ESI.</s>
    <s>2007 e jour : Chef de projet / Directeur de Recherches, &quot;Estimation du mouvement en temps r en utilisant les FPGA&quot;, projet CNEPRU agrartir du 01/01/2007. Code Projet : B*04120060003, INI.</s>
    <s>2006 : Membre du projet, &quot;Perceptions&quot;, projet CNEPRU agrartir du 01/01/2006. Code projet : B1608/56/06, INI.</s>
    <s>2005 : Chef de projet / Mae de Recherches, &quot;EVAL : luation de lapprenant dans les hypermas catifs&quot;, projet CNEPRU agrartir du 01/01/2005. Code Projet : B1608/57/06, INI.</s>
    <s>2003 2005 : Membre du projet de recherche &quot;Net-Working&quot; INI. Axe e-Learning.</s>
    <s>1999 - 2002 : Membre du projet de recherche Vision INI.</s>
    <s>1996 - 1998 : Membre du projet de recherche IODEE (Informatique et Orthope, de l'Etudiant l'Expert), INI.</s>
    <s>1994 - 1996 : Membre du projet de recherche IMED (Informatique Mcale), INI.</s>
    <s>1993 - 1995 : Simulations pgogiques et graphiques sous X-Windows, INI et U.P.M.C., Labo. MASI Paris6. (Rapport Interne MASI 93.61: Utilisation de xdev pour le dloppement d'applications).</s>
    <s>1990 - 1992 : Simulations pgogiques pour l'enseignement de la structure machine, INI.</s>
    <s>1987 - 1990 : Enseignement Assistar ordinateur de l'infographie, INI.</s>
    <s>1985 - 1987 : Synth d'images et animation, INI.</s>
    <s>1984 - 1985 : Contribution aux recherches sur la synth d'images tridimensionnelles, U.P.S. Toulouse.</s>
    <s>1981 - 1982 : Traitement graphique dans la didactique des concepts mathtiques -.U.P.S. Toulouse.</s>
    <s>Ths de recherches :</s>
    <s>Hypermas pgogiques, E.A.O./E.I.A.O/EIAH et dloppement de plateformes pgogiques, Interface homme-machine, Systs Multi-Agent, Synth d'images, Informatique mcale, TALN</s>
    <s>Participation aux Comit:</s>
    <s>Ann 2010/2011</s>
    <s>1. Prdent de la &quot;1 Edition du Snaire Doctoral sur lExtraction et la Gestion des Connaissances (EGM2011)&quot;, Tanger (Maroc) 24 Novembre 2011 , http://ensat.uae.ma/egcm2011/EMK.html</s>
    <s>2. Membre du comit scientifique de la confnce &quot; La confnce maghrne sur l'Extraction et la Gestion des Connaissances, EGCM2011&quot;, Tanger (Maroc) du 23 au 25 Novembre 2011. http://ensat.uae.ma/egcm2011/index.html</s>
    <s>3. Membre du comitcientifique de la confnce, &quot; IADIS International Conference, ISA (Intelligent Systems and Agents 2011) &quot;, Rome, Italy, 20 26 July 2011. http://www.isa-conf.org/</s>
    <s>4. Membre du comit scientifique de la confnce, &quot; CIDE 14, le Document l de la diffnciation numque, 14e colloque international sur le document ctronique &quot;, 7-8 dmbre 2011, INPT, Rabat, Maroc, http://europia.org/cide/?page id=15</s>
    <s>5. Membre du comite programme de la confnce &quot; premi tion des Rencontres sur la Recherche en Informatique (R2I)&quot;, Tizi-Ouzou 12,13 et 14 Juin 2011. http://www.ummto.dz/r2i2011 Web Site/accueil.html</s>
    <s>6. Membre du comite programme de la confnce &quot; 5th International Symposium on Intelligent Distributed Computing IDC2011 &quot;, 5-7 October 2011 in Delft, The Netherlands. http://idc-2011.d-cis.nl/idc/idc-2011/committees</s>
    <s>7. Membre du comitcientifique de la &quot; deuxi tion du Workshop sur les Services Web dans les systs d'information &quot;, (WWS10)&quot;, CERIST, 26-27 Dmbre 2010, Alger, Alge.</s>
    <s>8. Membre du comitcientifique et dorganisation de la confnce, &quot; 1 Edition de la Confnce Maghrne sur l'Extraction et la Gestion des Connaissances, EGC-M 2010 &quot;, 13-14 Dmbre 2010, ESI, Alger, Alge.</s>
    <s>9. Membre du comitcientifique des &quot; premis journ doctoriales en informatique, JDI10 &quot;, 27,28 et 29 novembre 2010, Bejaia, Alge</s>
    <s>10. Membre du comitcientifique de la confnce, &quot; 7 Snaire National en Informatique SNIB'2010 &quot;, 2 - 4 Novembre 2010, Biskra, Alge</s>
    <s>11. Membre du comite lecture de la confnce, &quot; 10e Colloque Africain sur la Recherche en Informatique et en Mathtiques Appliqu &quot;, CARI'2010, 18 21 octobre 2010, Cd'Ivoire, Yamoussoukro</s>
    <s>12. Membre du comitrogramme de la confnce, &quot; 4th International Symposium on Intelligent</s>
    <s>Distributed Computing - IDC'2010 (IEEE)&quot;, September 16-18, 2010, Tangier, Morocco.</s>
    <s>13. Membre du comite lecture de la confnce, &quot; 2010 International Conference on Intelligent Computing (ICIC2010) &quot;, August 18-21,2010, Changsha, Hunan, China</s>
    <s>14. Membre du comitrogramme de la confnce, The third edition of the International Conference on Web and Information Technologies -ICWIT'10 (IEEE), 16-19 June, 2010, Marrakech Morocco.</s>
    <s>15. Membre du comite programme de la confnce, &quot; International Symposium on Modelling and Implementation of Complex Systems, MISC'2010 &quot;, 30-31 Mai 2010, Constantine, Algeria</s>
    <s>16. Membre du comitorganisation de la &quot; JournScientifique des Post Graduants du Laboratoire LMCS &quot;, ESI, 19 Mai 2010.</s>
    <s>1. Membre du comitcientifique de lecture de la &quot; 2009 International Conference on Intelligent Computing (ICIC 2009) &quot;, September 1619, 2009 in Ulsan, Korea. &quot;Conference proceedings published by Springer Verlag, including Lecture Notes in Computer Sciences (LNCS)/ Lecture Notes in Artificial Intelligence (LNAI)/ Lecture Notes in Bioinformatics (LNBI)/ Communications in Computer and Information Science (CCIS) , and technically co-sponsored by the IEEE Computational Intelligence Society&quot;.</s>
    <s>2. Membre du comite lecture de la : &quot;1 tion de la confnce nationale en informatique destinaux diants, (JEESI09)&quot; , ESI, Oued Smar. Alger, 19 Mai 2009.</s>
    <s>3. Membre du comite programme du : &quot;Colloque International sur les Nouvelles Techniques Immuno-Cognitive dans les Raux Informatiques, organisar lEcole Nationale Supeure d'Enseignement Technologique d'Oran, Drtement d'Informatique et Mathtique (NTICRI09)&quot;, Oran, 10 - 11 Mai 2009.</s>
    <s>4. Membre du comitcientifique de lecture de la &quot;Confnce International sur lInformatique et ses Application (CIIA'09)&quot; , Saida, Alge, 3-4 Mai 2009.</s>
    <s>5. Membre du comitorganisation des &quot;1s Journ sur les TIC forte valeur ajoutpour les organisations, (JTIC09)&quot; , ESI, Oued Smar. Alger, 03 et 04 Mai 2009.</s>
    <s>6. Membre du comitcientifique de lecture des &quot;Journ Scientifiques sur lInformatique et ses Applications (JSIA09)&quot;, Guelma, Alge, 3 et 4 Mars 2009.</s>
    <s>7. Membre du comitcientifique du &quot;1er Workshop sur les Services Web dans les systs d'information, (WWS09)&quot;, CERIST, Alger, 21-22 Fier 2009.</s>
    <s>1. Membre du comitcientifique de lecture de la &quot; 2008 International Conference on Intelligent Computing (ICIC 2008) &quot;, September 1518, 2008 Shanghai, China. &quot;Conference proceedings published by Springer Verlag, including Lecture Notes in Computer Sciences (LNCS)/Lecture Notes in Artificial Intelligence (LNAI)/Lecture Notes in Bioinformatics (LNBI)/ Communications in Computer and Information Science (CCIS), and technically co-sponsored by the IEEE Computational Intelligence Society&quot;.</s>
    <s>2. Membre du comite programme de la confnce &quot; The 2nd International Conference on Future Generation Communication and Networking (FGCN 2008) &quot;, December 13 ~ 15, 2008, Hainan Island, China.</s>
    <s>3. Membre du comitcientifique de la confnce &quot; IADIS International Conference, ISA (Intelligent Systems and Agents 2008) &quot;, Amsterdam, Netherlands, 22 27 July 2008.</s>
    <s>4. Membre du comite lecture de la confnce &quot; ICWIT 2008 (International Conference of Web and Information Technology) &quot;, 29-30 Juin 2008, Sidi Bel Abbes, Alge.</s>
    <s>5. Membre du comitcientifique du &quot; Snaire National en Informatique SNIB'2008 &quot;, Drtement d'informatique. Universitohamed Khider de Biskra, 03-04 Mai, 2008.</s>
    <s>6. Membre du comitcientifique de lecture dans : &quot;Computer Communications, The International Journal for the Computer and Telecommunications Industry, ISSN: 0140-3664</s>
    <s>Imprint: ELSEVIER.</s>
    <s>1. Membre du comite programme de la &quot; 2007 International Conference on Future Generation Communication and Networking (FGCN) &quot;, December 6th ~ 8th 2007, in Jeju Island, Korea.</s>
    <s>2. Membre du comitcientifique du &quot; Snaire national sur le langage naturel et lintelligence artificielle, LANIA2007 &quot;, 21/21 Novembre 2007, Chlef, Alge.</s>
    <s>3. Membre du comitcientifique des &quot; JeTIC 2007, Journ Etudes des TIC &quot;, 18/19 Avril 2007, Bar, Alge.</s>
    <s>4. Membre du comitcientifique de lecture de la &quot; 2007 International Conference on Intelligent Computing (ICIC 2007) &quot;, QuingDao, Shangdong Province, China, 21-24 August 2007 . &quot;Conference proceedings published in Lecture Notes Series by Springer, including Lecture Notes in Computer Sciences (LNCS)/Lecture Notes in Artificial Intelligence (LNAI)/Communications in Computer and Information Science(CCIS), and technically co-sponsored by the IEEE Computational Intelligence Society&quot;</s>
    <s>1. Membre du comitcientifique du &quot; 2eme Forum INI-Entreprises &quot;, 2006.</s>
    <s>2. Membre du conseil scientifique de lINI (Institut National dInformatique).</s>
    <s>3. Membre du comitcientifique de lecture de la &quot; 7th IEEE International Conference on Information Technology Based Higher Education and Training (ITHET 2006) &quot;, Sydney, Australia, July 2006.</s>
    <s>4. Membre du comitcientifique de lecture de la &quot; 4th International Conference: Sciences of Electronic, Technologies of Information and Telecommunications (SETIT 2007) &quot;, Hammamet, Tunisie, Mars 2007.</s>
    <s>5. Membre du comitcientifique et du comit'organisation de la &quot; 3i le de printemps sur la sritnformatique &quot;, Juin 2006.</s>
    <s>1. Membre du comit'organisation du &quot; 1er Forum INI-Entreprises &quot;, Novembre 2005.</s>
    <s>2. Membre du comite lecture de la &quot; 7th International Symposium on Programming and Systems (ISPS2005) &quot;, USTHB, Alger, Mai 2005.</s>
    <s>1. Membre du comit'organisation de la &quot; 2i le de printemps sur l'informatique industrielle &quot; , Alger, Juin 2004.</s>
    <s>2. Membre de la commission nationale &quot; Mathtiques Informatique &quot;, rrme LMD de lenseignement supeur, Alge.</s>
    <s>1. 14 - 18 Avril 1996: Membre du comit'organisation de la &quot; 4 th Confnce MCSEAI&quot; , Alger, 1996.</s>
    <s>Retour a la page d'accueil.</s>
    <s>Derni modification: juin 2011</s>
  </text>
</page>
