<?xml version="1.0" encoding="UTF-8"?>
<!DOCTYPE page SYSTEM "page.dtd">
<page>
  <lang>fr</lang>
  <url>http://annuaires.cc/feed.php%3Ffeedid%3D147%26linkid%3D917</url>
  <title>Conférence &gt; eu</title>
  <snippet>
    <s>Conférencier professionnel, Maître de conférence, Speaker, leadership, motivation : Laurent Tylski propose ses services. Prestation orale de qualité, </s>
  </snippet>
  <text>
    <s>Annuaire en ligne gratuit</s>
    <s>Referencer son site gratuitement pour augmenter son Pagerank</s>
    <s>Top Votes</s>
    <s>Top Hits</s>
    <s>Top Rank</s>
    <s>Bienvenue sur notre annuaire !</s>
    <s>2 types de soumission : Gratuite (BASIC) et payante (PREMIUM</s>
    <s>Confnce motivation, conference leadership : Laurent Tylski propose ses services. Prestation orale de qualitassurant un retour sur investissement.</s>
    <s>www.conferencier.eu.com | Details | Hits : 0 | Voter &gt; Nombre de votes : 0</s>
    <s>Categorie : Accueil &gt; Entreprise</s>
    <s>Flux RSS eu :</s>
    <s>Confncier -</s>
    <s>Confncier professionnel, Mae de confnce, Speaker, leadership, motivation : Laurent Tylski propose ses services. Prestation orale de qualitassurant un retour sur investissement.</s>
    <s>Leadership -</s>
    <s>Confncier professionnel, Mae de confnce, Speaker, leadership, motivation : Laurent Tylski propose ses services. Prestation orale de qualitassurant un retour sur investissement.</s>
    <s>Speaker -</s>
    <s>Confncier professionnel, Mae de confnce, Speaker, leadership, motivation : Laurent Tylski propose ses services. Prestation orale de qualitassurant un retour sur investissement.</s>
    <s>Ressources humaines -</s>
    <s>Confncier professionnel, Mae de confnce, Speaker, leadership, motivation : Laurent Tylski propose ses services. Prestation orale de qualitassurant un retour sur investissement.</s>
    <s>Confncier -</s>
    <s>Confncier professionnel, Mae de confnce, Speaker, leadership, motivation : Laurent Tylski propose ses services. Prestation orale de qualitassurant un retour sur investissement.</s>
    <s>Confncier management -</s>
    <s>Confncier professionnel, Mae de confnce, Speaker, leadership, motivation : Laurent Tylski propose ses services. Prestation orale de qualitassurant un retour sur investissement.</s>
    <s>Motivational speaker -</s>
    <s>Confncier professionnel, Mae de confnce, Speaker, leadership, motivation : Laurent Tylski propose ses services. Prestation orale de qualitassurant un retour sur investissement.</s>
    <s>Confncier motivation -</s>
    <s>Confncier professionnel, Mae de confnce, Speaker, leadership, motivation : Laurent Tylski propose ses services. Prestation orale de qualitassurant un retour sur investissement.</s>
    <s>Confncier leadership -</s>
    <s>Confncier professionnel, Mae de confnce, Speaker, leadership, motivation : Laurent Tylski propose ses services. Prestation orale de qualitassurant un retour sur investissement.</s>
    <s>Confncier professionnel -</s>
    <s>Confncier professionnel, Mae de confnce, Speaker, leadership, motivation : Laurent Tylski propose ses services. Prestation orale de qualitassurant un retour sur investissement.</s>
    <s>mentiel -</s>
    <s>Confncier professionnel, Mae de confnce, Speaker, leadership, motivation : Laurent Tylski propose ses services. Prestation orale de qualitassurant un retour sur investissement.</s>
    <s>Mae de confnce -</s>
    <s>Confncier professionnel, Mae de confnce, Speaker, leadership, motivation : Laurent Tylski propose ses services. Prestation orale de qualitassurant un retour sur investissement.</s>
    <s>Conferencier -</s>
    <s>Confncier professionnel, Mae de confnce, Speaker, leadership, motivation : Laurent Tylski propose ses services. Prestation orale de qualitassurant un retour sur investissement.</s>
    <s>Confnce motivation -</s>
    <s>Confnce motivation, conference leadership : Laurent Tylski propose ses services. Prestation orale de qualitassurant un retour sur investissement.</s>
    <s>Confnce management -</s>
    <s>Confnce motivation, conference leadership : Laurent Tylski propose ses services. Prestation orale de qualitassurant un retour sur investissement.</s>
    <s>Confnce leadership -</s>
    <s>Confnce motivation, conference leadership : Laurent Tylski propose ses services. Prestation orale de qualitassurant un retour sur investissement.</s>
    <s>Confnce -</s>
    <s>Confnce motivation, conference leadership : Laurent Tylski propose ses services. Prestation orale de qualitassurant un retour sur investissement.</s>
    <s>Conference -</s>
    <s>Confnce motivation, conference leadership : Laurent Tylski propose ses services. Prestation orale de qualitassurant un retour sur investissement.</s>
    <s>| Flux ATOM</s>
    <s>Flux RSS</s>
    <s>Zone Membres</s>
    <s>Top Site</s>
    <s>Acheter billet avion</s>
    <s>Votre site ici</s>
    <s>Copyright (C) 2008 - Tous droits rrv- Propulsar : Freeglobes | Intation graphique : Annuaire PR5</s>
  </text>
</page>
