<?xml version="1.0" encoding="UTF-8"?>
<!DOCTYPE page SYSTEM "page.dtd">
<page>
  <lang>fr</lang>
  <url>http://a3-berne.epfl.ch/page-61873-fr.html</url>
  <title>Business Lunches à Neuchâtel</title>
  <snippet>
    <s>30 sept. 2011 Membre de la Direction et responsable de programmes au Space les deux principaux fondateurs du Comité international de la Croix-Rouge et Le conférencier a illustré le cas concret de maladies rares, les myopathies. </s>
  </snippet>
  <text>
    <s>Navigation within EPFL sites</s>
    <s>Navigation within this site</s>
    <s>Jump to search field</s>
    <s>Jump to page content</s>
    <s>Technical contact</s>
    <s>La section A3 du plateau suisse</s>
    <s>Business Lunches</s>
    <s>Business Lunches à Neuchâtel</s>
    <s>Accueil A3 BE-FR-NE-JU</s>
    <s>Conférences et visites</s>
    <s>30.09.11 Visite du centre de production Nespresso à Orbe</s>
    <s>10.06.11 Visite de l'entreprise montena emc</s>
    <s>Business Lunches</s>
    <s>Business Lunches à Berne</s>
    <s>Business Lunches à Neuchâtel</s>
    <s>Stamms de la section</s>
    <s>Le Comité</s>
    <s>L'Assemblée Générale</s>
    <s>Repas de bienvenue</s>
    <s>Business Lunches à Neuchâtel</s>
    <s>Les Business Lunches de la section BE-NE-FR-JU</s>
    <s>La section vous invite à une nouvelle formule de rencontre. En plus du traditionnel stamm à Berne ayant lieu mensuellement le lundi soir, il vous est proposé de vous rencontrer quelques fois par année à midi, dans le cadre d'un business lunch informel.</s>
    <s>Etant planifiés à midi ils sont une occasion de rencontre particulèrement adaptée aux personnes ne résidant pas, mais travaillant à Berne ou Neuchâtel. L'accent est mis sur les relations professionnelles et les occasions de réseautage. </s>
    <s>Business Lunches à Neuchâtel</s>
    <s>La section BE-FR-NE-JU encourage ses membres à organiser des manifestations locales dans les régions de la section. Dans cet esprit des Business Lunches sont organisés à Neuchâtel à l'initiative de Akram Ben-Hareez(MOT00).</s>
    <s>Prochains Lunches de l'année 2011</s>
    <s>Le prochain Lunch a Neuchatel aura lieu le</s>
    <s>mercredi 19 octobre.</s>
    <s>Pour vous rendre a l'Hotel des Arts:</s>
    <s>Rue J.L. Pourtales 3, CH-2001 Neuchatel, Tel. +41 (0) 32 727 6161</s>
    <s>Pour des raisons logistiques une inscription est necessaire.</s>
    <s>Retrospective des derniers Lunches</s>
    <s>Retrospective du lunch du 13 septembre 2011</s>
    <s>Changements climatiques et forets en Suisse : quel potentiel pour le bien-etre humain ?</s>
    <s>mini-conference presentee par Valentine Renaud (Dr 2010)</s>
    <s>Les changements climatiques ont deja et auront une influence consequente sur nos forets. Par ailleurs, certains ecosystemes forestiers representent un potentiel pour le bien-etre humain en tant que refuge climatique, en particulier lors de canicules. Apres un bref survol des consequences observables des changements climatiques sur nos forets et une presentation succincte des travaux de recherche qui ont permis de determiner l'influence des forets pour le bien-etre humain, je vous propose d'aborder ensemble les questions primordiales que pose cette problematique : comment preserver ce potentiel tout en adoptant des mesures sylvicoles adaptees aux changements climatiques a venir ? Ou plus generalement comment preserver le role plurifonctionnel de la foret dans un contexte economique difficile ?</s>
    <s>Ces questions concernent chacun de nous dans un pays ou l'habitude de frequenter les forets est un heritage et ou la proximite des forets avec les villes est caracteristique. Nos forets representent un patrimoine et une qualite de vie qui pourraient etre menaces a long terme et dont la preservation est de notre responsabilite.</s>
    <s>La conferenciere:</s>
    <s>Le Docteur Valentine Renaud est une specialiste des interactions entre climat et foret en Suisse. Apres un Master en sciences humaines a l'Universite de Neuchatel, elle a obtenu son Doctorat en sciences environnementales aupres de l'EPFL en 2010, en collaboration avec le WSL (Institut federal de recherches sur la foret, la neige et le paysage). Elle a egalement une solide experience de conferenciere, notamment sur les changements climatiques ainsi que dans l'enseignement de la geographie. Actuellement, elle met a profit ses competences pluridisciplinaires entre sciences humaines et naturelles dans l'enseignement au developpement durable en Suisse romande (HEP Vaud a Lausanne et CIFOM au Locle).</s>
    <s>Retrospective du Lunch du 7 decembre 2010</s>
    <s>Le Lunch du mardi 7 decembre 2010</s>
    <s>comprenait une mini-conference en relation avec les contributions suisses a la mission ExoMars de l'ESA</s>
    <s>Elle a ete donnee par</s>
    <s>Alain Sandoz (IN 1988, Dr 1992)</s>
    <s>Prof. associe en informatique de l'Univ. de Neuchatel. Membre de la Direction et responsable de programmes au Space Exploration Institute.</s>
    <s>Sous le titre</s>
    <s>«CLUPI et PanCam WAC: deux instruments suisses d'imagerie sur le rover ExoMars de l'ESA»</s>
    <s>A. Sandoz a presente l'architecture de la mission d'exploration planetaire ExoMars, ainsi que le laboratoire d'experiences scientifiques Pasteur du rover europeen. La mission conjointe entre l'ESA et la NASA comprendra deux lancements : en 2016 et en 2018. Elle a pour objectifs d'une part la recherche de traces de vie sur Mars et d'autre part la preparation d'une future mission de retour d'echantillons.</s>
    <s>Deux instruments d'imagerie optique visible sont integres au rover. L'instrument CLUPI, pour CLose UP Imager, est conçu pour la vision contextuelle rapprochee et la prise d'images couleur a haute resolution (15fÝm par pixel a 20cm) d'echantillons qui seront preleves a 2m sous la surface. L'instrument PanCam fournira une imagerie stereo et 3D de l'environnement du rover et permettra une analyse mineralogique et des textures des roches proches du rover.</s>
    <s>Le Space Exploration Institute de Neuchatel est responsable de CLUPI, ainsi que du module PanCam WAC qui comprend les cameras stereoscopiques de l'instrument PanCam. La responsabilite globale de PanCam revient au MSSL / University College London. Les trois cameras suisses sont issues de la filiere des micro-cameras d'exploration spatiale developpee a Neuchatel depuis 18 ans et reposant sur le savoir-faire d'entreprises de haute technologie comme Petitpierre SA a Cortaillod, le CSEM, ou encore Fisba Optik a St.-Gall.</s>
    <s>Le conferencier :</s>
    <s>Alain Sandoz a obtenu une licence en mathematiques de l'Univ. de Neuchatel en 1984 et un diplome de la section IN de l'EPFL en 1988. Dr es sc. de l'EPFL en 1992. Prof. associe en informatique de l'Univ. de Neuchatel. Responsable PA/QA et Planetary protection officer des instruments CLUPI et PanCam WAC. Membre de la Direction et responsable de programmes au Space Exploration Institute depuis 2007. Marie et pere de 3 enfants (16, 19 et 21 ans). Directeur du bureau d'ingenierie conseil Vauban Technologies a Neuchatel. Conseiller scientifique de la Fondation Ynternet.org a Lausanne et de l'Institut fur angewandte Argumenten-forschung a Berne</s>
    <s>Retrospective du Lunch du 10 novembre 2010</s>
    <s>!/webdav/site/a3berne/shared/LunchNE/Dunant2.jpgLe Lunch du 10 novembre comprenait une mini-conference sur le theme des origines de la Croix Rouge donnee par M. Olivier Dunant, ing. agronome EPFZ, un des descendants du fondateur Henry Dunant.</s>
    <s>Sous le titre</s>
    <s>HENRY DUNANT et GUSTAVE MOYNIER : destins croises</s>
    <s>il a evoque l'action des 2 principaux acteurs de la creation du CICR.</s>
    <s>HENRY DUNANT et GUSTAVE MOYNIER</s>
    <s>Henry Dunant (1828 - 1910) et Gustave Moynier (1826 - 1910) sont les deux principaux fondateurs du Comite international de la Croix-Rouge et du Croissant-Rouge (CICR), parmi le groupe des cinq Genevois a l'origine de ce mouvement humanitaire international et pionnier.</s>
    <s>Henry Dunant a vecu une vie pour le moins mouvementee. En 1862, apres la bataile dont il fut temoin en 1859, il ecrivit « Un Souvenir de Solferino », livre-manifeste largement diffuse et porte a la connaissance de Gustave Moynier. Sous l'impulsion enthousiaste de ce dernier, on decida de convoquer une conference diplomatique ou fut signee la « Convention de Geneve » (1864), fondement du droit humanitaire actuel.</s>
    <s>Dunant fit faillite dans des affaires algeriennes, fut chasse du CICR par Gustave Moynier et quitta definitivement Geneve en 1867, humilie, pour ne plus y revenir. Ayant parcouru toute l'Europe, il echoua oublie, malade et pauvre en 1892 a Heiden (AR), ou il mourut neanmoins rehabilite en 1910 apres avoir reçu le premier Prix Nobel de la Paix en 1901.</s>
    <s>Gustave Moynier, brillant juriste et tres fortune, a consacre le reste de sa vie (46 ans !) a la presidence et a la defense de la reputation du CICR, fonda l'Institut international de droit humanitaire, et mourut couvert d'honneurs en 1910. Apres quoi il est tombe dans un oubli quasi total jusqu'a cette annee.</s>
    <s>2010 est l'occasion de rehabiliter la memoire de Moynier, tout en ravivant le message de ces deux pionniers de l'engagement humanitaire, toujours a rappeler pour poursuivre l'action pionniere entreprise, aujourd'hui plus que jamais.</s>
    <s>Le conferencier:</s>
    <s>M. Olivier Jean DUNANT</s>
    <s>Membre du comite de l'Association Henry Dunant + Gustave Moynier 1910-2010, charge de la communication (et un descendant de M. Henry Dunant); Ing. Agronome EPF-Z, ancien chef du service de l'agriculture du Canton de Vaud ; Membre du Choeur Faller des 1993, president des 2009.</s>
    <s>Retrospective du Lunch du 18 octobre 2010</s>
    <s>Le dernier Lunch tenu a Neucatel le lundi 18 octobre comprenait une mini-conference donnee par Jacques Rognon, PH 1962, Dr 1966, President de la Fondation suisse de recherche sur les maladies musculaires - Cofondateur du Telethon sur le theme:</s>
    <s>Les maladies rares, nouveaux espoirs de guerison</s>
    <s>Une maladie est dite rare lorsqu'elle affecte moins d'une personne sur 2000. Aujourd'hui, on denombre plus de 7000 maladies rares qui affectent 6-8% de la population, soit environ 30 millions d'Europeens. Apres de longues annees d'ignorance, les choses bougent au niveau europeen et suisse. Le conferencier a illustre le cas concret de maladies rares, les myopathies. (Description des differentes formes de myopathies, etat de la recherche et breve description de la Fondation suisse de recherche sur les maladies musculaires).</s>
    <s>Jacques Rognon, PH 1962, apres un stage de trois ans a l'Institut Paul Scherrer a Wurenlingen, soutient en 1966 sa these a l'EPFL et obtient son Doctorat es sciences techniques. Il a ensuite travaille vingt ans aux Forces Motrices Bernoises S.A., a la tete du departement de combustible nucleaire, puis de janvier 1988 a juillet 2000, il a ete Directeur general du Groupe energetique ENSA‑GANSA a Neuchatel. Il a siege aux Conseils d'administration de Gaznat et d'EOS Holding et a ete President de l'Association des Entreprises electriques suisses (AES) de 1997 a 2001. Il a represente l'AES au Conseil d' Economiesuisse et la Suisse a l'Union des producteurs d'electricite europeens (UNIPEDE). Il est membre de l'Academie suisse des sciences techniques et a ete membre du Conseil des Ecoles polytechniques federales, du Conseil de l'Universite de Neuchatel et du Comite consultatif de la HES-SO. Il a cree en 2004 a Neuchatel le Centre de recherche en geothermie.</s>
    <s>En dehors de ses activites professionnelles, Jacques Rognon a cree en 1985 la Fondation suisse de recherche sur les maladies musculaires, qu'il preside. Pour cette action, il a reçu en 1999, conjointement avec sa femme, le Prix de l'Universite de Lausanne. Enfin, il a ete Cofondateur du Telethon en Suisse, ce vaste mouvement populaire qui recolte des fonds depuis 21 ans en faveur des personnes souffrant de maladies rares.</s>
    <s>Rétrospective des Lunches 2009-2010</s>
    <s>Pour avoir un aperçu des mini-conferences tenues lors des Lunches neuchatelois en 2009 et 2010, priere de consulter la page suivante:</s>
    <s>Business Lunches en 2010 et 2009 à Neuchâtel</s>
    <s>Business Lunches à Berne</s>
    <s>Business Lunches à Neuchâtel</s>
    <s>Business Lunches 2009-2010 à Neuchâtel</s>
    <s>Business Lunch à Delémont</s>
    <s>Futures Miniconférences 2011 :</s>
    <s>Avez-vous un sujet de miniconference a proposer pour un prochain Lunch ?</s>
    <s>Le concept :</s>
    <s>presentations/exposes informels de 10 a max. 20 minutes aptes a introduire une discussion en commun interessante pendant le Lunch.</s>
    <s>Le theme:</s>
    <s>a votre choix : votre domaine et environnement professionnel, un theme technique ou de societe actuel, une experience personnelle, votre dernier voyage en Birmanie , etc.</s>
    <s>Nous attendons avec interet votre proposition ou toute question a ce sujet. (a adresser a akram.benhareez@a3.epfl.ch (organisateur des Lunches a Neuchatel)</s>
    <s>ou a peter.keller@a3.epfl.ch (president de la section A3 BE-FR-NE-JU). .</s>
    <s>Prochain Lunch</s>
    <s>Mercredi 19 octobre 2011</s>
    <s>Pour l'inscription, priere d'utiliser le</s>
    <s>formulaire en ligne.</s>
    <s>Delai d'inscription mardi 18 octobre a 12h.</s>
    <s>Les dates des Business Lunches à Neuchâtel en 2011</s>
    <s>Les dates suivantes sont planifiees</s>
    <s>(sous reserve de modifications de programme):</s>
    <s>Mercredi 19 octobre</s>
    <s>Mardi 15 novembre</s>
    <s>Mercredi 7 decembre</s>
    <s>Chaque Lunch sera annonce</s>
    <s>individuellement par courriel</s>
    <s>Akram Ben-Hareez (MOT00) (akram.benhareez@a3.epfl.ch)</s>
    <s>Participation des membres d'ETH-Alumni</s>
    <s>Les Business Lunches sont ouverts a nos collegues membres d'ETH-Alumni. Ils sont pries de s'inscrire en utilisant le meme formulaire en ligne que les membres A3-EPFL et en choisissant les elements &quot;EPFZ&quot; dans les menus du formulaire.</s>
    <s>Prochain Lunch à Berne</s>
    <s>Des Lunches sont egalement organises Berne.</s>
    <s>Le prochain Lunch aura lieu le mercredi 24 aout.</s>
    <s>Pour plus d'informations cliquer ici.</s>
    <s>Retour en haut de la page</s>
    <s>© 2011 A3 tous droits réservés</s>
  </text>
</page>
