<?xml version="1.0" encoding="UTF-8"?>
<!DOCTYPE page SYSTEM "page.dtd">
<page>
  <lang>fr</lang>
  <url>http://cat.inist.fr/%3FaModele%3DafficheN%26cpsidt%3D1577651</url>
  <title>Optimal heat rejection pressure in transcritical carbon dioxide air ...</title>
  <snippet>
    <s>Dans un système au dioxyde de carbone transcritique, il y a une pression optimale de chaleur rejetée qui permet d&#39;atteindre un COP maximal. Dans l&#39; article, on </s>
  </snippet>
  <text>
    <s>Refdoc est un service / is powered by</s>
    <s>Decouvrir / DiscoverRefdoc</s>
    <s>EXPORT to Mendeley to EndNote</s>
    <s>INIST Diffusion</s>
    <s>2, Allee du Parc de Brabois</s>
    <s>F-54514 Vandoeuvre-les-Nancy</s>
    <s>Phone: +33 (0)3 83 50 46 64</s>
    <s>Fax: +33 (0)3 83 50 46 66</s>
    <s>Nous contacter</s>
    <s>Contact us</s>
    <s>Faire une nouvelle recherche</s>
    <s>Make a new search</s>
    <s>!Lancer la recherche</s>
    <s>Commander ce document</s>
    <s>Order this document</s>
    <s>Titre du document / Document title</s>
    <s>Optimal heat rejection pressure in transcritical carbon dioxide air conditioning and heat pump systems. Discussion</s>
    <s>Auteur(s) / Author(s)</s>
    <s>SHENGMING LIAO (1) ; JAKOBSEN A. (2) ; STROMMEN (Commentateur) ; QUACK H. (Commentateur) ;</s>
    <s>Affiliation(s) du ou des auteurs / Author(s) Affiliation(s)</s>
    <s>(1) Dept. of Mech. &amp; Elect. Engineering, Changsha Railway University, Changsha, 410075, CHINE</s>
    <s>(2) Dept. of Energy Engineering, Technical University of Denmark, 2800, Lyngby, DANEMARK</s>
    <s>Résumé / Abstract</s>
    <s>Du fait du besoin urgent de frigorigènes sans effet nocif sur l'environnement, on s'est beaucoup intéressé au dioxyde de carbone. Dans des systèmes tels que les conditionneurs d'air de voiture ou les pompes à chaleur, les cycles utilisant du dioxyde de carbone comme frigorigène fonctionneront dans le domaine transcritique, compte tenu des températures relativement élevées de la chaleur rejetée. Dans un système au dioxyde de carbone transcritique, il y a une pression optimale de chaleur rejetée qui permet d'atteindre un COP maximal. Dans l'article, on montre que la valeur de cette pression optimale de chaleur rejetée dépend surtout de la température de refoulement du refroidisseur de gaz, de la température d'évaporation et de l'efficacité du compresseur. On a obtenu des corrélations générales sur cette pression optimale de chaleur rejetée grâce à des simulations du cycle. Les corrélations présentées dans cet article donnent les connaissances de base requises pour la conception de conditionneurs d'air ou de pompes à chaleur transcritiques utilisant du CO2 ainsi que pour la régulation intelligente de tels systèmes.</s>
    <s>Revue / Journal Title</s>
    <s>Science et technique du froid    ISSN  0151-1637 </s>
    <s>Source / Source</s>
    <s>Natural working fluids '98 IIR - Gustav Lorentzen conference :   ( Oslo, 2-5 June 1998 )  = Fluides actifs naturels conference IIF - Gustav Lorentzen</s>
    <s>Institut international du froid. Commission B2, B1, E1 &amp; E2. Conférence, Oslo , NORVEGE (02/06/1998)</s>
    <s>1998  , no 4, pp. 346-356Note(s) :  [766 p.] (12 ref.) ISBN 2-903633-97-5 ;  Illustration : Illustration ;</s>
    <s>Langue / Language</s>
    <s>Revue : Anglais</s>
    <s>Editeur / Publisher</s>
    <s>Institut international du froid, Paris, FRANCE  (1965) (Revue)</s>
    <s>Institut international du froid, Paris, FRANCE  (1998) (Monographie)</s>
    <s>Mots-clés anglais / English Keywords</s>
    <s>Heat pump</s>
    <s>Air conditioning</s>
    <s>Carbon dioxide</s>
    <s>Simulation model</s>
    <s>Mots-clés français / French Keywords</s>
    <s>Pompe chaleur</s>
    <s>Conditionnement air</s>
    <s>Carbone dioxyde</s>
    <s>Modèle simulation</s>
    <s>Transcritical conditions</s>
    <s>Mots-clés espagnols / Spanish Keywords</s>
    <s>Bomba calor</s>
    <s>Acondicionamiento aire</s>
    <s>Carbono dióxido</s>
    <s>Modelo simulación</s>
    <s>Localisation / Location</s>
    <s>INIST-CNRS, Cote INIST : 22512, 35400007315824.0330</s>
    <s>Nº notice refdoc (ud4) : 1577651</s>
    <s>Commander ce document</s>
    <s>Order this document</s>
    <s>Faire une nouvelle recherche</s>
    <s>Make a new search</s>
    <s>!Lancer la recherche</s>
  </text>
</page>
