<?xml version="1.0" encoding="UTF-8"?>
<!DOCTYPE page SYSTEM "page.dtd">
<page>
  <lang>fr</lang>
  <url>http://afeaf.hypotheses.org/125</url>
  <title>Appel à communication AFEAF 2012 à Vérone | AFEAF</title>
  <snippet>
    <s>14 juin 2011 Publication des actes du colloque : la date limite de remise des articles est fixée au 15 octobre 2012, la parution des actes étant programmée </s>
  </snippet>
  <text>
    <s>Recherche pour:</s>
    <s>Association Française pour l'Etude de l'Age du Fer</s>
    <s>Actualités / News</s>
    <s>Colloques de l'AFEAF</s>
    <s>Non classé</s>
    <s>Projets de recherche collecifs</s>
    <s>Séminaires, journées d'étude, colloques</s>
    <s>À propos</s>
    <s>site internet</s>
    <s>Association française pour l'étude de l'âge du Fer</s>
    <s>L'AFEAF est l'Association Française pour l'étude de l'âge du Fer, période qui couvre en Europe occidentale le dernier millénaire avant notre ère, et correspond globalement aux populations celtiques. Le carnet de l'AFEAF sera consacré à la diffusion des informations scientifiques concernant l'étude de l'âge du Fer en Europe.</s>
    <s>Flux RSS des billets</s>
    <s>RSS des commentaires</s>
    <s>Appel à communication AFEAF 2012 à Vérone</s>
    <s>14 juin 2011</s>
    <s>Par afeaf</s>
    <s>Les Celtes et le Nord de l’Italie (Premier et Second âge du Fer)</s>
    <s>Date et lieu : du 17 au 20 mai 2012 à Verone (Italie) (co-organisation AFEAF, UMR 5594 ARTeHIS Dijon)</s>
    <s>Thème du colloque : les Celtes et le Nord de l’Italie</s>
    <s>appel comm Vérone F 6</s>
    <s>Pour ce colloque en Italie, les organisateurs ont décidé de rompre avec la partition habituelle des colloques de l’AFEAF en deux parties ou sessions (une partie « thème régional » et une partie « thème spécialisé ») et de privilégier une structuration en plusieurs thématiques, déclinées dans le temps et dans l’espace (aspects régionaux et macro-régionaux). Le sujet central du colloque sera les relations Transalpine - Cisalpine, du début du Premier âge du Fer à la fin du Second âge du Fer, ainsi que la présence celtique en Italie du Nord.</s>
    <s>Une première demi-journée sera dédiée à des questions générales telles que les corrélations chronologiques, l’ethno genèse des Celtes ou encore les questions de linguistique et d’épigraphie. Une deuxième session portera sur les relations entre le Nord et le Sud des Alpes (Hallstatt - La Tène C et D). Les trois dernières demi-journées seront consacrées aux recherches en cours et aux nouvelles découvertes pour la période des IVe - Ier siècles,- en croisant les exposés « régionaux » (territoires des Insubres, des Cénomans, des Vénètes, des Boïens, des Sénons, des Etrusques, des Ligures, des Ombriens, questions de mobilité) - et les exposés thématiques (armement, monnayage, circulation de la vaisselle métallique républicaine Italie- Transalpine, parures, art, iconographie, habitats/oppida, sanctuaires).</s>
    <s>Les propositions de communications ou de posters devront être soumises au secrétariat du colloque avant le 30 septembre 2011 (avec coordonnées de l’auteur / des auteurs, titre et résumé de 15 lignes). Les résumés seront fournis en deux langues (français et italien) dans les pré-actes.</s>
    <s>Publication des actes du colloque : la date limite de remise des articles est fixée au 15 octobre 2012, la parution des actes étant programmée pour fin 2013.</s>
    <s>Excursion et expositions : Musée Archéologique National d’Este (province de Padoue), Musée et Parc Archéologique de Bagnolo San Vito (Forcello, province de Mantoue), Povegliano.</s>
    <s>Comité d’organisation : Daniele Vitali (Professeur, université de Bourgogne), Philippe Barral (président de l’AFEAF), Philippe Gruat (trésorier de l’AFEAF), Marie-Jeanne Roulière-Lambert (secrétaire générale de l’AFEAF), Jean-Paul Guillaumet (directeur de l’UMR 5594 ARTeHIS), S. Verger (Directeur d’Etudes, EPHE, Paris).</s>
    <s>Comité scientifique : E. Bianchin (Surintendance Archéologique du Veneto) ; M. Bolla (Musei Archeologico e Maffeiano di Verona) ; B. Bruno, (Surintendence Archéologique du Veneto) ; M. Castoldi (Université de Milan) ; G. Cavalieri Manasse, (Surintendence Archéologique du Veneto) ; P. Della Casa (Univ. Zürich) ; R. de Marinis (Université de Milan) ; A. Dore (Musée Archéologique de Bologne) ; C. Dunning (Comité d’Archéologie Suisse) ; G. Gambacurta (Surintendence Archéologique du Veneto) ; F.-M. Gambari (Surintendance Archéologique de l’Emilie-Romagne) ; P. Gleirscher (Landesmuseum Kärnten, Klagenfurt) ; G. Gorini (Université de Padoue) ; J.-P. Guillaumet (UMR ARTeHIS Dijon) ; G. Kaenel (Université de Lausanne) ; M. Landolfi, (Surintendence Archéologique des Marches) ; T. Lejars (CNRS, UMR 8546, Paris) ; A. Marinetti (Université de Venise) ; A. Mastrocinque (Université de Verone) ; F. Marzatico (Université de Trente) ; Elena Menotti (Surintendance Archéologique de Lombardie), L. Minarini (Musée Archéologique de Bologne) ; P. Piana (Université de Rome) ; R. Poggiani (Surintendance Archéologique de Lombardie) ; M. Rapi (Université de Milan) ; F. Rossi (Surintendence Archéologique de Lombardie) ; M. Ruta (Padoue) ; L. Salzani, (Surintendence Archéologique du Veneto); P. Solinas (Université de Padoue); Th. Stöllner (Université de Bochum); M. Szabo (Université de Budapest) ; R. Tarpini (Université de Bologne) ; S. Verger (Directeur d’Etudes, EPHE, Paris) ; D. Vitali (Université de Bourgogne, Dijon), S. Vitri, (Surintendence Archéologique du Frioul).</s>
    <s>Secrétariat du colloque :</s>
    <s>Daniele Vitali, Université de Bourgogne, UMR 5594 ARTeHIS du CNRS, 2 Boulevard Gabriel, 21000 Dijon (France)</s>
    <s>Imprimer ce billet</s>
    <s>Posté dans : Non classé</s>
    <s>Laisser un commentaire</s>
    <s>Cliquez ici pour annuler la réponse.</s>
    <s>Adresse e-mail (ne sera pas publiee)(necessaire)</s>
    <s>Site web</s>
    <s>Notify me of followup comments via e-mail</s>
    <s>Portail dynamique &quot;Archéologie du monde méditerranéen&quot;</s>
    <s>Actualités / News (4)</s>
    <s>Colloques de l'AFEAF (1)</s>
    <s>Expositions (1)</s>
    <s>Non classé (6)</s>
    <s>Projets de recherche collecifs (1)</s>
    <s>Publications (2)</s>
    <s>Séminaires, journées d'étude, colloques (7)</s>
    <s>Copyright (C) 2011 AFEAF. Tous droits reserves..</s>
    <s>Magazine Basic theme cree par Themes by bavotasan.com.</s>
    <s>Édite avec WordPress.</s>
    <s>Revues.orgRevues et collections de livres</s>
    <s>Les revues (305)</s>
    <s>Les collections de livres (18)</s>
    <s>En savoir plus</s>
    <s>CalendaCalendrier des sciences sociales</s>
    <s>Acceder aux evenements (16517)</s>
    <s>En savoir plus</s>
    <s>Hypotheses.orgCarnets et blogs de recherche</s>
    <s>Acceder aux carnets (243)</s>
    <s>En savoir plus</s>
    <s>Lettre &amp; alertes</s>
    <s>LettreS'abonner a la Lettre de Revues.org</s>
    <s>Alertes &amp; abonnementsAcceder au service</s>
    <s>Plateforme de carnets de recherche en sciences humaines et sociales</s>
    <s>Langue du siteFrançais English Español</s>
    <s>Hypothèses &gt; AFEAF &gt; Non classé &gt; Appel à communication AFEAF 2012 à Vérone</s>
    <s>*RSS: Really Simple Syndication</s>
  </text>
</page>
