<?xml version="1.0" encoding="UTF-8"?>
<!DOCTYPE page SYSTEM "page.dtd">
<page>
  <lang>fr</lang>
  <url>http://asso.fedora-fr.org/wiki/Rencontres_Fedora_12_%25C3%25A0_Paris</url>
  <title>Rencontres Fedora 12 à Paris - Association Borsalinux-fr</title>
  <snippet>
    <s>24 juil. 2011 le plaisir de vous présenter de nombreuses conférences et ateliers en 2.2 15h00 - Cobbler et Puppet, et l&#39;administration devient sereine </s>
  </snippet>
  <text>
    <s>Borsalinux-Fr Association francophone des utilisateurs de Fedora</s>
    <s>Outils personnels</s>
    <s>Nos actions</s>
    <s>Mon compte</s>
    <s>La boutique en ligne</s>
    <s>Boîte à outils</s>
    <s>Pages liées</s>
    <s>Suivi des pages liées</s>
    <s>Pages spéciales</s>
    <s>Version imprimable</s>
    <s>Lien historique</s>
    <s>Rencontres Fedora 12 à Paris</s>
    <s>De Association Borsalinux-fr.</s>
    <s>Aller à : Navigation, rechercher</s>
    <s>Cet événement a eu lieu, et était un franc succès</s>
    <s>Vous pourrez retrouver le matériel utilisé lors des présentations (slides, livrets distribués, ) dans la section correspondant à chacune.</s>
    <s>Tous les matériels en téléchargement sur cette page ont été diffusés par leurs auteurs sous licence CC-BY-SA.</s>
    <s>L'association Fedora-Fr vous donne rendez-vous les 12 et 13 décembre 2009 à la Cité des Sciences et de l'Industrie de Paris pour les Rencontres Fedora 12. Ce rassemblement est l'occasion de s'entretenir avec les personnes qui font de Fedora ce qu'elle est: une distribution ouverte et à la pointe de la technologie. Venez découvrir ce système d'exploitation si vous ne le connaissez pas, approfondissez vos connaissances si vous en êtes un utilisateur ou venez tout simplement pour découvrir l'une des nombreuses facettes du logiciel libre</s>
    <s>Le programme de ces Rencontres Fedora 12 se veut ouvert aux invités extérieurs et tourné vers l'avenir, en accord avec les objectifs du Projet Fedora. Nous aurons ainsi le plaisir de vous présenter de nombreuses conférences et ateliers en relation avec Fedora, et plus généralement avec le monde du logiciel libre.</s>
    <s>1 Informations générales</s>
    <s>2 Conférences du samedi 12 décembre</s>
    <s>2.1 14h00 - Le Projet Fedora : des objectifs singuliers</s>
    <s>2.2 15h00 - Cobbler et Puppet, et l'administration devient sereine</s>
    <s>2.3 16h00 - Sugar on a Stick : une distribution pas comme les autres</s>
    <s>2.4 17h00 - Une communauté au service du Web</s>
    <s>3 Conférences du dimanche 13 décembre</s>
    <s>3.1 14h00 - Libérez votre téléphone avec OpenMoko</s>
    <s>3.2 15h00 - Fedora parle votre langue</s>
    <s>3.3 16h00 - Luttez contre la censure sur Internet avec Tor</s>
    <s>4 Ateliers du samedi 12 décembre</s>
    <s>4.1 14h30 - Administrez Fedora</s>
    <s>4.2 15h30 - Découvrez Fedora</s>
    <s>4.3 16h30 - Découvrez Fedora / Administrez Fedora</s>
    <s>5 Ateliers du dimanche 13 décembre</s>
    <s>5.1 14h30 - Découvrez Fedora</s>
    <s>5.2 15h30 - Administrez Fedora</s>
    <s>5.3 16h30 - Mes premiers pas au sein de l'équipe de traduction</s>
    <s>6 Ateliers en continu</s>
    <s>6.1 Usability test (le dimanche uniquement)</s>
    <s>6.2 Jouez sur Linux (les deux jours)</s>
    <s>7 Après l'événement</s>
    <s>7.1 Vidéos</s>
    <s>7.2 Photos</s>
    <s>7.3 Écrits</s>
    <s>Informations générales</s>
    <s>12 et 13 décembre 2009 de 12h à 18h</s>
    <s>Carrefour Numérique de la Cité des Sciences et de l'Industrie, Paris, France</s>
    <s>Conférences du samedi 12 décembre</s>
    <s>14h00 - Le Projet Fedora : des objectifs singuliers</s>
    <s>Accessible à tous, présenté par Thomas Canniot</s>
    <s>Découvrez en une heure les origines, les objectifs du Projet Fedora et les moyens mis en œuvre pour faire de Fedora la vitrine technologique du logiciel libre.</s>
    <s>Thomas est un contributeur de longue date au Projet Fedora. Il participe notamment à la traduction et à l'équipe dirigeante des ambassadeurs Fedora. Il est enfin le trésorier de l'association Fedora-Fr.</s>
    <s>Les slides de cette conférence ne sont pas disponibles.</s>
    <s>15h00 - Cobbler et Puppet, et l'administration devient sereine</s>
    <s>Pour linuxiens avancés, présenté par William Hoffmann</s>
    <s>Tous les administrateurs systèmes sont confrontés à deux problèmes classiques : le déploiement des installations et la gestion des configurations. Cobbler et Puppet s'attaquent respectivement à ces deux problèmes.</s>
    <s>William est formateur chez Red Hat.</s>
    <s>Vous pouvez dès à présent télécharger les slides de cette conférence ainsi que les sources LaTeX.</s>
    <s>16h00 - Sugar on a Stick : une distribution pas comme les autres</s>
    <s>Accessible à tous, présenté par Sean Daly</s>
    <s>La plateforme d'apprentissage Sugar tourne sur plus d'1,4 millions d'ordinateurs, les XO-1 du projet One Laptop per Child distribué dans les pays en développement. La version la plus récente de Sugar tournera sur le XO-1.5 l'année prochaine. Ceci dit, chez SugarLabs, nous souhaitons mettre Sugar dans les mains de tous les enfants. A cette fin, une équipe de hackers Fedora (entre autres) a créé Sugar on a Stick, une version liveUSB parfaitement adaptée pour outrepasser la barrière de l'OS preinstallé. Venez découvrir nos initiatives dans des écoles maternelles et nos projets pour assurer l'impact de Sugar dans des écoles à travers le monde.&quot;</s>
    <s>Sean est le coordinateur marketing des SugarLabs.</s>
    <s>Cette conférence s'est déroulée sans slides.</s>
    <s>17h00 - Une communauté au service du Web</s>
    <s>Accessible à tous, présenté par Grégoire Coustenoble</s>
    <s>Mozilla est une organisation à but non lucratif dont le but est de promouvoir le choix et l'innovation sur le web. Elle développe entre autres le logiciel libre Firefox bien connu des internautes.</s>
    <s>La conférence présentera plus en détail Mozilla, ses objectifs, et comment Mozilla vise à impliquer tous les internautes et à redonner le pouvoir à l'utilisateur. Le propos sera illustré d'exemples, demos HTML5 CSS3 et les projets des Mozilla Labs.</s>
    <s>Grégoire contribue à Mozilla depuis 1 an. Évangéliste, il représente le projet dans toute l'Europe à travers de nombreuses conférences, ainsi que sur les Campus. Il participe enfin à l'équipe de localisation de Mozilla.</s>
    <s>Vous pouvez dès à présent télécharger les slides de cette conférence.</s>
    <s>Conférences du dimanche 13 décembre</s>
    <s>14h00 - Libérez votre téléphone avec OpenMoko</s>
    <s>Pour les libristes et les férus d'électronique, présenté par Michael Scherer</s>
    <s>Le libre part à l'assaut du monde de la téléphonie depuis quelque temps, et le projet OpenMoko visant à mettre au point un téléphone libre est son fer de lance. Le projet, ses origines, son présent et son avenir seront expliqués lors de cet exposé.</s>
    <s>Michael est un contributeur de longue date au logiciel libre, en particulier au sein de la distribution Mandriva Linux.</s>
    <s>Vous pouvez dès à présent télécharger les slides de cette conférence.</s>
    <s>15h00 - Fedora parle votre langue</s>
    <s>Accessible à tous, présenté par Thomas Canniot</s>
    <s>Fedora, c'est plusieurs milliers de chaines de caractères à traduire. Quelles sont les principes de la localisation de logiciels ? Comment traduire un logiciel ? Comment est organisée l'équipe de traduction francophone de Fedora ? Autant de questions auxquelles nous tâcherons de répondre lors de cette conférence.</s>
    <s>Thomas est un contributeur de longue date au Projet Fedora. Il participe notamment à la traduction et à l'équipe dirigeante des ambassadeurs Fedora. Il est enfin le trésorier de l'association Fedora-Fr.</s>
    <s>Les slides de cette conférence ne sont pas disponibles.</s>
    <s>16h00 - Luttez contre la censure sur Internet avec Tor</s>
    <s>Pour tous ceux qui se sentent concernés par leur vie privée, présenté par Michael Scherer</s>
    <s>Tor est un logiciel prévu pour contourner les systèmes de censures de tout type, assurant un relatif anonymat à ses utilisateurs. La conférence couvrira le fonctionnement du réseau, ses enjeux et ses problèmes dans un monde cherchant de plus en plus à contrôler l'Internet par la surveillance.</s>
    <s>Michael est un contributeur de longue date au logiciel libre, en particulier au sein de la distribution Mandriva Linux.</s>
    <s>Cette conférence n'a finalement pas eu lieu, mais Michael met tout de même à disposition les slides qu'il aurait utilisé.</s>
    <s>Ateliers du samedi 12 décembre</s>
    <s>14h30 - Administrez Fedora</s>
    <s>Pour linuxiens confirmés ou en devenir, animé par William Hoffmann, Mathieu Bridon et Michael Scherer</s>
    <s>Parce qu'on a parfois besoin d'aller plus loin, cet atelier vous permettra de plonger un peu plus dans les entrailles de votre système Linux.</s>
    <s>William est formateur chez Red Hat. Mathieu est ambassadeur et packageur Fedora. Michael est un contributeur de longue date au logiciel libre, en particulier au sein de la distribution Mandriva Linux.</s>
    <s>Cet atelier s'est déroulé sans slides.</s>
    <s>15h30 - Découvrez Fedora</s>
    <s>Accessible à tous, animé par Tom Dubin et Alexandre Frandemiche</s>
    <s>Venez découvrir Fedora et son utilisation au quotidien.</s>
    <s>Tom et Alexandre sont des contributeurs Fedora-Fr de longue date.</s>
    <s>Vous pouvez dès à présent télécharger les slides ainsi que le livret (dont les sources sont aussi disponibles) utilisés lors de cet atelier.</s>
    <s>16h30 - Découvrez Fedora / Administrez Fedora</s>
    <s>Vous avez manqué les ateliers précédents car vous souhaitiez assister aux conférences ? Ne craignez rien, car ceux-ci sont renouvelés, afin que tout le monde en profite.</s>
    <s>Ateliers du dimanche 13 décembre</s>
    <s>14h30 - Découvrez Fedora</s>
    <s>Accessible à tous, animé par Tom Dubin et Alexandre Frandemiche</s>
    <s>Venez découvrir Fedora et son utilisation au quotidien.</s>
    <s>Tom et Alexandre sont des contributeurs Fedora-Fr de longue date.</s>
    <s>Vous pouvez dès à présent télécharger les slides ainsi que le livret utilisés lors de cet atelier.</s>
    <s>15h30 - Administrez Fedora</s>
    <s>Pour linuxiens confirmés ou en devenir, animé par William Hoffmann, Mathieu Bridon et Michael Scherer</s>
    <s>Parce qu'on a parfois besoin d'aller plus loin, cet atelier vous permettra de plonger un peu plus dans les entrailles de votre système Linux. Venez avec vos questions, plus ou moins pointues, et nous tacherons d'y répondre.</s>
    <s>William est formateur chez Red Hat. Mathieu est ambassadeur et packageur Fedora. Michael est un contributeur de longue date au logiciel libre, en particulier au sein de la distribution Mandriva Linux.</s>
    <s>Cet atelier s'est déroulé sans slides.</s>
    <s>16h30 - Mes premiers pas au sein de l'équipe de traduction</s>
    <s>Accessible à tous, animé par Thomas Canniot</s>
    <s>Suite à sa conférence, Thomas vous propose de mettre en pratique les procédures aboutissant à la traduction des logiciels de Fedora, de paire avec l'équipe de traduction. C'est l'atelier idéal pour apprendre à contribuer en partant du bon pied et acquérir les bons réflexes.</s>
    <s>Thomas est un contributeur de longue date au Projet Fedora. Il participe notamment à la traduction et à l'équipe dirigeante des ambassadeurs Fedora. Il est enfin le trésorier de l'association Fedora-Fr.</s>
    <s>Les slides de cet atelier ne sont pas disponibles.</s>
    <s>Ateliers en continu</s>
    <s>Usability test (le dimanche uniquement)</s>
    <s>Accessible à tous, animé par Vincent-Xavier Jumel et François Poulain</s>
    <s>Venez tester la convivialité des interfaces utilisateur actuelles et futures et aidez-nous à les améliorer.</s>
    <s>Vincent-Xavier et François sont des acteurs importants du logiciel libre en Région Parisienne. François fait aussi partie du CA de l'April.</s>
    <s>Cet atelier n'a finalement pas eu lieu.</s>
    <s>Jouez sur Linux (les deux jours)</s>
    <s>Accessible à tous</s>
    <s>Venez vous détendre et découvrir les meilleurs jeux vidéos disponibles sur Linux avec l'équipe de JeuxLinux.fr.</s>
    <s>Cet atelier s'est déroulé sans slides.</s>
    <s>Après l'événement</s>
    <s>Cédrik Guilbaud a réalisé un reportage, caméra au poing pour capturer l'ambiance qui régnait lors de ces rencontres (le plugin Flash est nécessaire, une version dans un format ouvert devrait suivre).</s>
    <s>Des photos ont été prises durant l'événement.</s>
    <s>TODO: Récupérer les photos et les uploader quelque part.</s>
    <s>Cédrik Guilbaud a aussi interviewé par écrit certains contributeurs Fedora.</s>
    <s>Thomas Canniot parle des Rencontres Fedora 12.</s>
    <s>Mathieu Bridon fait le rapport de l'événement au Projet Fedora. (en anglais)</s>
    <s>Récupérée de « http://asso.fedora-fr.org/wiki/Rencontres Fedora 12 %C3%A0 Paris »</s>
    <s>Catégories : Événements | | Install Party</s>
    <s>Dernière modification de cette page le 24 juillet 2011 à 08:43.</s>
    <s>Contenu disponible sous Attribution-Share Alike 3.0 .</s>
    <s>À propos de Association Borsalinux-fr</s>
  </text>
</page>
