<?xml version="1.0" encoding="UTF-8"?>
<!DOCTYPE page SYSTEM "page.dtd">
<page>
  <lang>fr</lang>
  <url>http://ceshalifax2012.ca/</url>
  <title>Canadian Evaluation Society Conference CES 2012 Halifax Nova ...</title>
  <snippet>
    <s>CES 2012, Canadian Evaluation Society Conference to be held in Halifax Nova Scotia. as they shape our profession, our practices, and the programs we evaluate. . Abstract (up to 150 words for a paper, poster or panel; up to 300 words for forme de communications, d&#39;affiches, de panels, de symposia et d&#39; ateliers. </s>
  </snippet>
  <text>
    <s>Canadian Evaluation Society Conference 2012</s>
    <s>Submit Proposal</s>
    <s>CES Halifax 2012: Valuing Difference</s>
    <s>Since the early 1990s, there has been growing interest within the evaluation profession about our response to challenges presented by the rapid increase and recognition of diversity and difference in Canadian society. In turn, this has lead to increased recognition that evaluation has an important role to play in ensuring that equity and diversity are more than abstract goals, as well as a greater appreciation of societal differences of all kinds as they shape our profession, our practices, and the programs we evaluate.</s>
    <s>We invite you to join us for CES Halifax 2012 as we engage in the collective exploration of what it means to value differences of all kinds in the profession and practice of evaluation.</s>
    <s>Congrès 2012 de la SCÉ à Halifax : Valoriser la différence</s>
    <s>Depuis le début des années 1990, on s’intéresse de plus en plus, dans la profession d’évaluateur, à la manière dont nous réagissons devant les défis présentés par l’augmentation rapide et la reconnaissance de la diversité et de la différence dans la société canadienne. Ceci a mené à une reconnaissance grandissante que l’évaluation a un rôle important à jouer pour garantir que l’équité et la diversité sont bien plus que des objectifs abstraits, ainsi que pour une plus grande appréciation des différences sociétales de toutes sortes alors qu’elles façonnent notre profession, nos pratiques et les programmes que nous évaluons.</s>
    <s>Nous vous invitons à vous joindre à nous pour le congrès 2012 de la SCÉ qui aura lieu à Halifax, au cours duquel nous nous engagerons à explorer collectivement ce que cela signifie de valoriser les différences de toutes sortes dans la profession et dans la pratique de l’évaluation.</s>
    <s>Call for Presentations Now Open</s>
    <s>!Submit Proposal</s>
    <s>Call For Presentations</s>
    <s>français »</s>
    <s>All Proposals Due: November 30th 2011</s>
    <s>The Planning Committee for CES Conference 2012 invites proposals for presentations of various types at our conference, Valuing Difference. Presentation modes include papers, posters, panels, symposia, and workshops. Although presentations on other topics will be considered, preference will be given to those that address one or more of the following conference themes:</s>
    <s>Presentation Themes</s>
    <s>Sub-theme 1: Evaluating Diverse Populations and Programs</s>
    <s>The current period of rapid and dynamic shifts in Canadian demographics has led many to revisit the limits of previous ‘multi-cultural’ approaches to difference and diversity in research and evaluation.</s>
    <s>What kinds of difference are salient for meeting the social experiences and needs of emergent populations/program beneficiaries and how do we ensure that our evaluation practices identify, measure, and value these differences? Do evaluators need to ask new/different questions that address inclusion and exclusion when evaluating existing ‘mainstream’ programs?</s>
    <s>What are an evaluator’s responsibilities to the various stakeholders involved in an evaluation?</s>
    <s>What are an evaluator’s responsibilities to the power brokers and ‘status quo’ interests that often determine the foci of programs and the expectations for evaluation?</s>
    <s>What is the potential of evaluation to influence the limits of the ‘status quo’? What strategies are available to us?</s>
    <s>What challenges are raised for evaluation by different types of programs and/or new program objectives that seek to address inequities and support greater social inclusion and integration for specific groups?</s>
    <s>What role does evaluation have in increasing various stakeholders’ understanding of difference and diversity in society? How does evaluation contribute to increased understanding and knowledge of social issues?</s>
    <s>How well do lessons learned from evaluation in national and international contexts migrate to local practice?</s>
    <s>Does evaluation need to identify, quantify and qualify differences recognized during the conduct of an evaluation?</s>
    <s>Does valuing difference within evaluation suggest the need for a greater, or lesser, emphasis on difference? Do we need to think differently about ‘difference’ in evaluation?</s>
    <s>Sub-theme 2: Difference within the Evaluation Profession</s>
    <s>In an increasingly complex and interdependent world, no one person or homogeneous group can consistently produce high-quality results by working in isolation. Indeed, an essential quality of excellence in any professional practice is the fostering of a truly inclusive community that encourages and supports participation of the widest range of perspectives in both its exploration and exchange of knowledge as well as the development of professional practices. Creative solutions to difficult problems require the synthesis of diverse experiences and points of view and evaluators are well placed to contribute to this creative synthesis.</s>
    <s>Do evaluators need to form different types of collaborative relationships to meet the complex challenges we confront?</s>
    <s>In what ways might we promote the value of difference and support creativity within our professional membership and professional organizations?</s>
    <s>Is evaluation currently an inclusive profession?</s>
    <s>How has ‘culturally competent’ evaluation been defined by the profession and is that definition sufficient to facilitate evaluation that accommodates diversity and differences in society?</s>
    <s>Do current approaches to culturally competent evaluation found in the evaluation profession (or others) support the valuing of the full range of difference found in society?</s>
    <s>How do evaluators develop the competencies needed to engage with and value the differences they encounter in their practice?</s>
    <s>How do professional evaluation ethics intersect with the valuing of difference?</s>
    <s>Sub-theme 3: Encountering Difference in Evaluation Methods and Approaches</s>
    <s>Increasingly diverse populations, new types of programs, and/or emergent forms of evaluation present both challenges and opportunities for the development of new theory, tools and methods in evaluation.</s>
    <s>How do difference and value interact with evaluation design, methods, and standards/criteria?</s>
    <s>Are some forms of method and/or theoretical approaches inherently more responsive to difference than others?</s>
    <s>Do we have the expertise and tools needed to meet the challenges of increased diversity and difference at the level of populations and/or program goals and designs? What new approaches and/or tools have we developed to address diversity and difference? How successful have they been?</s>
    <s>How might evaluation value the different opportunities afforded by less frequently encountered methods such as those found in the arts and humanities?</s>
    <s>How has evaluation theory responded to the questions, and taken up the challenges, raised by increased diversity in all facets of evaluation practice?</s>
    <s>Presentation Formats</s>
    <s>1. Paper</s>
    <s>Formal oral presentation of a paper. Papers will be grouped according to theme and topic.</s>
    <s>2. Poster</s>
    <s>Appropriate for the visual presentation of evaluation findings or detailed information. Posters will be grouped by theme and topic and scheduled for a specific time period.</s>
    <s>3. Symposium</s>
    <s>Consists of a number of oral presentations on a related topic or issue with a discussant to offer comments. The organizer acts as the session moderator and submits the proposal. Time limit for a symposium session is 1 hour and 30 minutes with 20 minutes of that time reserved for questions.</s>
    <s>4. Panel</s>
    <s>Panel sessions are less formal and intended to stimulate discussion and debate among panel members and the audience. Panel members first give brief position statements on the topic, followed by a round of discussion. The organizer acts as the session moderator and submits the proposal. Time limit for a panel session is 1 hour and 30 minutes with 20 minutes of that time reserved for questions.</s>
    <s>5. Workshops</s>
    <s>Either half day (3 hours) or full day (6 hours).</s>
    <s>Intended to provide a professional development forum for participants.</s>
    <s>Include activities to engage participants in learning and discussion with a focus on skill development.</s>
    <s>May be at a basic, intermediate, or advanced level.</s>
    <s>Guidelines for Submitting Proposals</s>
    <s>ALL proposals must be submitted using the CES Conference 2012 web site proposal submission form and link below. The submission form will ask you for the following required information:</s>
    <s>1. Title of presentation.</s>
    <s>2. Names and affiliations of all presenters (and discussant for symposia); underline the name of the author who will be presenting the paper. Brief bios for each presenter</s>
    <s>3. Complete mailing address, phone, fax and email address of contact person or organizer.</s>
    <s>4. Abstract (up to 150 words for a paper, poster or panel; up to 300 words for symposia or workshop).</s>
    <s>5. Type of presentation: paper, poster, symposia, panel or workshop. Please indicate whether you would be willing to accept an alternative presentation format.</s>
    <s>6. Conference presentation theme or themes addressed by your presentation.</s>
    <s>7. Language of presentation.</s>
    <s>8. In addition Workshop proposals must include level of the workshop (beginner, intermediate, advanced); Learning objectives and workshop approach to participant interaction and professional development; and targeted attendees including pre-requisites (if any)</s>
    <s>Please note that overhead and slide projectors will be provided. All other equipment must be ordered in advance and paid for by presenters. Guidelines for presentations/posters and requests for equipment forms will be provided with notification of acceptance.</s>
    <s>Registration fees will be waived for 1 Workshop presenter per Workshop. All other presenters must register for the conference.</s>
    <s>Criteria for selection of presentations:</s>
    <s>1. relevance/importance to conference theme of valuing difference;</s>
    <s>2. technical quality;</s>
    <s>3. innovativeness;</s>
    <s>4. contributions to CES members’ professional development;</s>
    <s>5. diversity/variety of presentations; and,</s>
    <s>6. focus on evaluation methods, theories, policies, and practices.</s>
    <s>Appel à présentations</s>
    <s>English »</s>
    <s>Toutes les propositions doivent nous parvenir au plus tard le 30 novembre 2011</s>
    <s>Le comité de planification du Congrès 2012 de la SCÉ sollicite des propositions de présentations de types variés qui seront présentées lors du congrès intitulé Valoriser la différence. Les présentations peuvent se faire sous forme de communications, d’affiches, de panels, de symposia et d’ateliers. Bien que les présentations sur d’autres sujets seront prises en considération, la préférence ira à celles qui traitent de l’un ou l’autre des thèmes du congrès suivants.</s>
    <s>Thèmes des présentations</s>
    <s>Sous-thème 1 : Évaluer la pluralité des populations et des programmes</s>
    <s>La période actuelle au cours de laquelle la démographie canadienne connaît des changements rapides et dynamiques a poussé un grand nombre de personnes à revoir les limites des approches « multiculturelles » précédentes en ce qui concerne la différence et la diversité dans les domaines de la recherche et de l’évaluation.</s>
    <s>Quelles sont les différences saillantes qui permettent de répondre aux expériences et aux besoins sociaux des populations émergentes et des bénéficiaires de programmes et comment pouvons-nous garantir que nos pratiques d’évaluation identifient, mesurent et valorisent ces différences? Est-ce que les évaluateurs doivent poser des questions nouvelles ou différentes pour répondre aux questions d’inclusion et d’exclusion lorsqu’ils évaluent des programmes « réguliers » existants?</s>
    <s>Quelles sont les responsabilités des évaluateurs vis-à-vis des divers intervenants impliqués dans l’évaluation?</s>
    <s>Quelles sont les responsabilités des évaluateurs vis-à-vis des courtiers du pouvoir et des partisans du « statut quo » qui déterminent souvent les cibles des programmes et les attentes de l’évaluation?</s>
    <s>Quel est le potentiel de l’évaluation pour influencer les limites du « statut quo »? Quelles sont les stratégies à notre disposition?</s>
    <s>Quels sont les défis qui se présentent à l’évaluation par différents types de programmes et/ou par de nouveaux objectifs de programmes qui visent à répondre aux inégalités et soutiennent une plus grande inclusion et une meilleur intégration sociale pour des groupes particuliers?</s>
    <s>Quel est le rôle de l’évaluation pour augmenter la compréhension des divers intervenants en matière de différence et de diversité dans la société? Comment l’évaluation contribue-t-elle à améliorer la compréhension des problèmes sociaux et à mieux les connaître?</s>
    <s>Est-ce que les leçons apprises de l’évaluation dans les contextes nationaux et internationaux font leur chemin dans la pratique locale?</s>
    <s>Est-ce que l’évaluation doit identifier, quantifier et qualifier les différences qui ont été reconnues au cours du processus d’évaluation?</s>
    <s>Est-ce que le fait de valoriser la différence au sein de l’évaluation suggère qu’il existe un besoin pour une accentuation plus importante ou moins importante de la différence? Devons-nous penser différemment à propos de la « différence » en évaluation?</s>
    <s>Sous-thème 2 : La différence au sein de la profession d’évaluateur</s>
    <s>Dans un monde de plus en plus complexe et de plus en plus interdépendant, aucun individu ni aucun groupe homogène ne peut produire systématiquement des résultats de haute qualité en travaillant en isolation. En fait, une des qualités d’excellence essentielles de la pratique professionnelle consiste à encourager l’existence d’une communauté réellement inclusive qui encourage et soutient la participation venant du plus grand nombre possible de perspectives à la fois dans l’exploration et le partage des connaissances ainsi que dans la création de pratiques professionnelles. Les solutions créatrices à des problèmes difficiles nécessitent la synthèse de diverses expériences et de multiples points de vue et les évaluateurs sont bien placés pour contribuer à cette synthèse créatrice.</s>
    <s>Est-ce que les évaluateurs doivent former différents types de relations de collaboration pour répondre aux défis complexes auxquels nous faisons face?</s>
    <s>De quelles manières pouvons-nous promouvoir la valeur de la différence et soutenir la créativité parmi nos affiliations professionnelles et les organismes professionnels?</s>
    <s>Est-ce que l’évaluation est une profession inclusive à l’heure actuelle?</s>
    <s>Comment est-ce que l’évaluation « culturellement compétente » a été définie par la profession et est-ce que cette définition est suffisante pour faciliter l’évaluation qui tient compte de la diversité et des différences dans la société?</s>
    <s>Est-ce que les approches actuelles à l’évaluation culturellement compétente que l’on trouve dans la profession d’évaluateur (ou dans d’autres) soutiennent la valorisation de la gamme complète des différences qui se trouvent dans la société?</s>
    <s>Comment est-ce que les évaluateurs acquièrent les compétences nécessaires pour s’engager avec les différences qu’ils rencontrent dans leur pratique et pour les valoriser?</s>
    <s>Comment est-ce que l’éthique en matière d’évaluation professionnelle s’entrecroise avec la valorisation de la différence?</s>
    <s>Sous-thème 3 : Face à la différence dans l’approche et les méthodes d’évaluation</s>
    <s>De plus en plus, les populations diverses, les nouveaux types de programmes et/ou les formes émergentes d’évaluation présentent à la fois des défis et des occasions pour la création de nouvelles théories, de nouveaux outils et de nouvelles méthodes d’évaluation.</s>
    <s>Comment est-ce que la différence et les valeurs interagissent avec la conception, les méthodes, les normes et les critères de l’évaluation?</s>
    <s>Est-ce que certaines formes de méthodes et/ou d’approches théoriques sont intrinsèquement plus réceptives à la différence que d’autres?</s>
    <s>Est-ce que nous possédons l’expertise et les outils nécessaires pour répondre aux défis présentés par une diversité et des différences de plus en plus importantes au niveau des populations et/ou des objectifs et des conceptions de programmes? Quelles nouvelles approches ou quels nouveaux outils avons-nous créés pour tenir compte de la diversité et de la différence? Est-ce qu’ils ont atteint leurs buts?</s>
    <s>Comment est-ce que l’évaluation pourrait valoriser les diverses possibilités apportées par des méthodes moins connues telles que celles que l’on trouve dans les sciences humaines?</s>
    <s>Comment est-ce que la théorie de l’évaluation a répondu aux questions et relevé les défis mis à jour par une diversité plus importante dans toutes les facettes de la pratique de l’évaluation?</s>
    <s>Formats des présentations</s>
    <s>1. Communication</s>
    <s>Présentation formelle orale d’un texte écrit. Les communications seront groupées par thèmes et par sujets.</s>
    <s>2. Affiche</s>
    <s>Appropriée pour la présentation visuelle de résultats d’évaluation ou de renseignements détaillés. Les affiches seront groupées par thèmes et par sujets et seront présentées au cours d’un créneau horaire spécifique.</s>
    <s>3. Symposium</s>
    <s>Consiste en un certain nombre de communications orales sur des sujets ou des problèmes reliés. Un(e) participant(e) fait des commentaires. L’organisateur ou l’organisatrice joue le rôle d’animateur ou animatrice de la session et soumet la proposition. La durée limite d’un symposium est d’une heure et demie, dont 20 minutes consacrées aux questions.</s>
    <s>4. Panel</s>
    <s>Les panels sont moins formels et ont pour but de stimuler la discussion et le débat parmi les membres du panel et l’auditoire. Les membres du panel présentent d’abord brièvement leur point de vue sur le sujet, la discussion est ensuite ouverte. L’organisateur ou l’organisatrice joue le rôle d’animateur ou animatrice et soumet la proposition. La durée limite d’un panel est d’une heure et demie dont 20 minutes consacrées aux questions.</s>
    <s>5. Ateliers</s>
    <s>Une demi-journée (3 heures) ou une journée complète (6 heures)</s>
    <s>L’objectif est de fournir aux participants un forum de développement professionnel.</s>
    <s>Comprennent des activités qui permettent d’engager les participants à apprendre et de lancer la discussion sur le développement de compétences.</s>
    <s>Peuvent être offerts aux niveaux de base, intermédiaire ou avancé.</s>
    <s>Lignes directrices pour soumettre les propositions</s>
    <s>TOUTES les propositions doivent être envoyées à partir du site web et du lien ci-dessous en utilisant le formulaire de soumission de propositions pour le Congrès 2012 de la SCÉ. Sur le formulaire de soumission, vous devrez remplir les renseignements obligatoires suivants:</s>
    <s>1. Titre de la présentation.</s>
    <s>2. Noms et affiliations de tous les présentateurs (et de la personne qui fera les commentaires pour les symposia). Souligner le nom de l’auteur(e) qui présentera la communication. Courtes notices biographiques pour chaque présentateur.</s>
    <s>3. Adresse postale complète, numéros de téléphone et de télécopieur et adresse courriel de la personne contact ou de l’organisateur/organisatrice.</s>
    <s>4. Résumé (maximum 150 mots dans le cas des communications, des affiches ou des panels, jusqu’à 300 mots pour les symposia ou les ateliers).</s>
    <s>5. Type de présentation : communication, affiche, symposia, panel ou atelier. Veuillez indiquer si vous êtes prêt(e) à accepter un autre format de présentation.</s>
    <s>6. Thème ou thèmes du congrès dans lequel ou lesquels se place votre présentation.</s>
    <s>7. Langue de la présentation.</s>
    <s>Veuillez noter que des rétroprojecteurs et des projecteurs de diapositives seront mis à la disposition des présentateurs. Tout autre matériel doit être commandé à l’avance et payé par les présentateurs. Les lignes directrices relatives aux présentations et aux affiches, ainsi que les formulaires de commande de matériel seront envoyées avec l’avis d’acceptation.</s>
    <s>8. En outre, les propositions d’ateliers doivent comprendre le niveau de l’atelier (de base, intermédiaire, avancé), les objectifs d’apprentissage et l’approche de l’atelier pour favoriser l’interaction des participants et le développement professionnel, ainsi que les participants visés, y compris les pré-requis (si nécessaire).</s>
    <s>Aucun frais d’inscription ne sera exigé pour 1 présentateur ou présentatrice d’atelier par atelier. Tous les autres présentateurs doivent s’inscrire au congrès.</s>
    <s>Registration fees will be waived for 1 Workshop presenter per Workshop. All other presenters must register for the conference.</s>
    <s>Critères de sélection des présentations :</s>
    <s>1. pertinence/importance par rapport au thème du congrès, la valorisation de la différence;</s>
    <s>2. qualité technique;</s>
    <s>3. caractère innovateur;</s>
    <s>4. contributions au développement professionnel des membres de la SCÉ;</s>
    <s>5. diversité/variété des présentations; et</s>
    <s>6. concentration sur les méthodes, les théories, les politiques et les pratiques d’évaluation.</s>
    <s>Call for Presentations Now Open</s>
    <s>!Submit Proposal</s>
    <s>Proposal Submission</s>
    <s>Proposal Submission Form:</s>
    <s>Type of Presentation</s>
    <s>Paper Poster Symposia Panel Workshop</s>
    <s>Title of Presentation</s>
    <s>Contact Name or Organizer</s>
    <s>Mailing Address</s>
    <s>Email Address</s>
    <s>Name of Main Presenter</s>
    <s>Affiliation of Main Presenter</s>
    <s>Bio of Main Presenter (50 words or less)</s>
    <s>Presentation Details</s>
    <s>Language of Presentation</s>
    <s>English Français</s>
    <s>Are you willing to accept an alternate presentation format?</s>
    <s>Yes no</s>
    <s>Level of Workshop</s>
    <s>Beginner Intermediate Advanced</s>
    <s>Abstract (150 words or less)</s>
    <s>Learning Objectives (150 words or less)</s>
    <s>Target Audience including any pre-quisites if any (150 words or less)</s>
    <s>Submit Proposal</s>
    <s>Please note that overhead and slide projectors will be provided. All other equipment must be ordered in advance and paid for by presenters. Guidelines for presentations/posters and requests for equipment forms will be provided with notification of acceptance.</s>
    <s>Contact Us</s>
    <s>For more information please contact us at:</s>
    <s>CES Halifax 2012</s>
    <s>Pre-Conference Workshops: May 13, 2012</s>
    <s>Conference: May 13-16, 2012</s>
    <s>Westin Hotel, Halifax Nova Scotia</s>
    <s>Copyright © 2011-2012 All Rights Reserved by the Canadian Evaluation Society</s>
  </text>
</page>
