<?xml version="1.0" encoding="UTF-8"?>
<!DOCTYPE page SYSTEM "page.dtd">
<page>
  <lang>fr</lang>
  <url>http://ecehg.inrp.fr/ECEHG/colloquehgec/2011-lyon/comite-dorganisation</url>
  <title>Comité d&#39;organisation — Enjeux contemporains de l&#39;enseignement en ...</title>
  <snippet>
    <s>Comité d&#39;organisation. Allieu-Mary Nicole, Chargée d&#39;étude et de recherche, INRP - Enseignement et Humanités. Bonnafoux Corinne, Maître de conférences, </s>
  </snippet>
  <text>
    <s>Infos Pratiques</s>
    <s>Notice Légale</s>
    <s>Ressources et services</s>
    <s>Centre Alain Savary</s>
    <s>Formation de formateurs</s>
    <s>Main à la pate</s>
    <s>Médiation des savoirs</s>
    <s>Portail de Ressources</s>
    <s>Veille et analyses</s>
    <s>Enseignement Supérieur et recherche</s>
    <s>Aller au contenu. | Aller à la navigation</s>
    <s>Chercher par</s>
    <s>Seulement dans le dossier courant</s>
    <s>Recherche avancée…</s>
    <s>Rapports de recherche</s>
    <s>Enjeux de mémoire</s>
    <s>Colloque de didactique HGEC</s>
    <s>Outils personnels</s>
    <s>Vous êtes ici : Accueil » Colloque de didactique HGEC -&gt; 2011 Lyon -&gt; Comité d'organisation</s>
    <s>Comité d'organisation</s>
    <s>Allieu-Mary Nicole, Chargée d’étude et de recherche, INRP - Enseignement et Humanités</s>
    <s>Bonnafoux Corinne, Maître de conférences, INRP – Enseignement et Humanités</s>
    <s>Clerc Pascal, Maître de conférences, Université Lyon 1 (IUFM de Lyon)</s>
    <s>Fontanabona Jacky, Chargée d’étude et de recherche, INRP - Enseignement et Humanités</s>
    <s>Genevois Sylvain, chargé d’études et de recherches, INRP – Eductice</s>
    <s>Lefort Isabelle, Professeure, Université Lyon 2</s>
    <s>Leininger-Frézal Caroline, Maitre de conférences, Université Paris 7</s>
    <s>Quet François, Maître de conférences, INRP – Enseignement et Humanités</s>
    <s>Ogier Angelina, PRAG, Université Lyon 1 (IUFM de Lyon)</s>
    <s>Actions sur le document</s>
    <s>Envoyer cette page</s>
    <s>Institut national de recherche pédagogique</s>
    <s>19 allée de Fontenay</s>
    <s>BP 17424</s>
    <s>69347 LYON Cedex 07</s>
    <s>Tél. 04 72 76 61 00</s>
    <s>Fax 04 72 76 61 10</s>
    <s>Prolongement de l'appel à communication du colloque international de didactique de l'histoire, géographie et éducation civique 17 et 18 mars 2011, Lyon , INRP</s>
    <s>Responsable et chargée de recherche</s>
    <s>Corinne Bonafoux, Maitre de conférence Ã l'Université de Chambéry</s>
    <s>Chargées d'études</s>
    <s>Sophie Ernst, PRAG</s>
    <s>Notice légale</s>
    <s>Infos pratiques</s>
    <s>Accès reservé</s>
    <s>Analyse des situations conflictuelles de l’enseignement de l’histoire liées aux tensions qui existent entre histoire et mémoire en milieu scolaire.)</s>
  </text>
</page>
