<?xml version="1.0" encoding="UTF-8"?>
<!DOCTYPE page SYSTEM "page.dtd">
<page>
  <lang>fr</lang>
  <url>http://mjp.univ-perp.fr/europe/1951ceca4.htm</url>
  <title>CECA, 1951, Traité de Paris, Communauté européenne du charbon ...</title>
  <snippet>
    <s>Convention relative aux dispositions transitoires Article 76. La Communauté jouit sur le territoire des États membres des y compris celles qui sont afférentes au fonctionnement du Comité consultatif, ainsi . si celui-ci a été rejeté, la Haute Autorité peut, sur avis conforme du Conseil, statuant à la majorité des deux tiers : </s>
  </snippet>
  <text>
    <s>Digitheque MJP</s>
    <s>Traite de Paris</s>
    <s>18 avril 1951</s>
    <s>Traite instituant la Communaute europeenne du charbon et de l'acier</s>
    <s>&gt; &gt; Titre premier : De la Communaute europeenne du charbon et de l'acier</s>
    <s>Titre II : Des institutions de la Communaute</s>
    <s>Titre III : Dispositions economiques et sociales</s>
    <s>Titre IV : Dispositions generales</s>
    <s>&gt; Annexes</s>
    <s>Convention relative aux dispositions transitoires</s>
    <s>Échange de lettres concernant la Sarre</s>
    <s>Titre IV</s>
    <s>Dispositions generales</s>
    <s>&gt; Article 76.</s>
    <s>&gt; La Communaute jouit sur le territoire des États membres des immunites et privileges necessaires pour remplir sa mission dans les conditions definies a un protocole annexe.</s>
    <s>&gt; Article 77.</s>
    <s>&gt; Le siege des institutions de la Communaute sera fixe du commun accord des gouvernements des États membres.</s>
    <s>&gt; Article 78.</s>
    <s>&gt; 1. L'exercice financier de la Communaute s'etend du 1er juillet au 30 juin.</s>
    <s>&gt; 2. Les depenses administratives de la Communaute comprennent les depenses de la Haute Autorite, y compris celles qui sont afferentes au fonctionnement du Comite consultatif, ainsi que celles de la Cour, du secretariat de l'Assemblee et du secretariat du Conseil.</s>
    <s>&gt; 3. Chacune des institutions de la Communaute etablit un etat previsionnel de ses depenses</s>
    <s>administratives, groupees par articles et chapitres.</s>
    <s>&gt; Toutefois le nombre des agents, les echelles de leurs traitements, indemnites et pensions, pour autant qu'ils n'auront pas ete fixes en vertu d'une autre disposition du traite ou d'un reglement d'execution, ainsi que les depenses extraordinaires, sont prealablement determines par une Commission groupant le president de la Cour, le president de la Haute Autorite, le president de l'Assemblee et le president du Conseil. Cette Commission est presidee par le president de la Cour.</s>
    <s>&gt; Les etats previsionnels sont groupes dans un etat previsionnel general comportant une section speciale pour les depenses de chacune de ces institutions et qui est arrete par la Commission des presidents prevue a l'alinea precedent.</s>
    <s>&gt; La fixation de l'etat previsionnel vaut autorisation et obligation pour la Haute Autorite de percevoir le montant des recettes correspondantes , conformement aux dispositions de l'article 49. La Haute Autorite met les fonds prevus pour le fonctionnement de chacune des institutions a la disposition du president competent qui peut proceder ou faire proceder a l'engagement ou a la liquidation des depenses.</s>
    <s>&gt; La Commission des presidents peut autoriser des virements a l'interieur des chapitres ou de chapitre a chapitre.</s>
    <s>&gt; 4. L'etat previsionnel general est inclus dans le rapport annuel presente par la Haute Autorite a l'Assemblee en vertu de l'article 17.</s>
    <s>&gt; 5. Si le fonctionnement de la Haute Autorite ou de la Cour l'exige, leur president peut presenter a la Commission des presidents un etat previsionnel supplementaire, soumis aux memes regles que l'etat previsionnel general.</s>
    <s>&gt; 6. Le Conseil designe pour trois annees un commissaire aux comptes dont le mandat est renouvelable et qui exerce ses fonctions en toute independance. La fonction de commissaire aux comptes est incompatible avec toute autre fonction dans une institution ou un service de la Communaute.</s>
    <s>&gt; Le commissaire aux comptes est charge de faire annuellement un rapport sur la regularite des operations comptables et de la gestion financiere des differentes institutions. Il dresse ce rapport six mois au plus tard apres la fin de l'exercice auquel le compte se rapporte et l'adresse a la Commission des presidents.</s>
    <s>&gt; La Haute Autorite communique ce rapport a l'Assemblee en meme temps que le rapport prevu a l'article 17.</s>
    <s>&gt; Article 79.</s>
    <s>&gt; Le present traite est applicable aux territoires europeens des Hautes Parties Contractantes. Il s'applique egalement aux territoires europeens dont un État signataire assume les relations exterieures ; en ce qui concerne la Sarre, un echange de lettres entre le gouvernement de la republique federale d'Allemagne et le gouvernement de la Republique française est annexe au present traite.</s>
    <s>&gt; Chaque Haute Partie Contractante s'engage a etendre aux autres États membres les mesures de preference dont elle beneficie, pour le charbon et l'acier, dans les territoires non europeens soumis a sa juridiction.</s>
    <s>&gt; Article 80.</s>
    <s>&gt; Les entreprises, au sens du present traite, sont celles qui exercent une activite de production dans le domaine du charbon et de l'acier a l'interieur des territoires vises a l'article 79, premier alinea, et, en outre, en ce qui concerne les articles 65 et 66, ainsi que les informations requises pour leur application et les recours formes a leur occasion, les entreprises ou organismes qui exercent habituellement une activite de distribution autre que la vente aux consommateurs domestiques ou a l'artisanat.</s>
    <s>&gt; Article 81.</s>
    <s>&gt; Les expressions « charbon » et « acier » sont definies a l'annexe I jointe au present traite. Les listes comprises dans cette annexe peuvent etre completees par le Conseil, statuant a l'unanimite.</s>
    <s>&gt; Article 82.</s>
    <s>&gt; Le chiffre d'affaires servant de base au calcul des amendes et des astreintes applicables aux entreprises en vertu du present traite est le chiffre d'affaires afferent aux produits soumis a la juridiction de la Haute Autorite.</s>
    <s>&gt; Article 83.</s>
    <s>&gt; L'institution de la Communaute ne prejuge en rien le regime de propriete des entreprises soumises aux dispositions du present traite.</s>
    <s>&gt; Article 84.</s>
    <s>&gt; Dans les dispositions du present traite, les mots « le present traite » doivent etre entendus comme visant les clauses du traite et de ses annexes, des protocoles annexes et de la Convention relative aux dispositions transitoires.</s>
    <s>&gt; Article 85.</s>
    <s>&gt; Les mesures initiales et transitoires convenues par les Hautes Parties Contractantes en vue de permettre l'application des presentes dispositions du present traite sont fixees par une convention annexe.</s>
    <s>&gt; Article 86.</s>
    <s>&gt; Les États membres s'engagent a prendre toutes mesures generales ou particulieres propres a assurer l'execution des obligations resultant des decisions et recommandations des institutions de la Communaute et a faciliter a celle-ci l'accomplissement de sa mission.</s>
    <s>&gt; Les États membres s'engagent a s'abstenir de toute mesure incompatible avec l'existence du marche commun vise aux articles 1er et 4.</s>
    <s>&gt; Ils prennent, dans la mesure de leur competence, toutes dispositions utiles pour assurer les reglements internationaux correspondant aux echanges de charbon et d'acier dans le marche commun et se pretent un concours mutuel pour faciliter ces reglements.</s>
    <s>&gt; Les agents de la Haute Autorite charges par elle de missions de controle disposent, sur le territoire des États membres et dans toute la mesure necessaire a l'accomplissement de leur mission, des droits et pouvoirs devolus par les legislations de ces États aux agents des administrations fiscales. Les missions de controle et la qualite des agents charges de celles-ci sont dument notifiees a l'État interesse. Des agents de cet État peuvent, a la demande de celui-ci ou de la Haute Autorite, assister les agents de la Haute Autorite dans l'accomplissement de leur mission.</s>
    <s>&gt; Article 87.</s>
    <s>&gt; Les Hautes Parties Contractantes s'engagent a ne pas se prevaloir des traites, conventions ou declarations existant entre Elles en vue de soumettre un differend relatif a l'interpretation ou a l'application du present traite a un mode de reglement autre que ceux prevus par celui-ci.</s>
    <s>&gt; Article 88.</s>
    <s>&gt; Si la Haute Autorite estime qu'un État a manque a une des obligations qui lui incombent en vertu du present traite, elle constate ledit manquement par une decision motivee, apres avoir mis cet État en mesure de presenter ses observations. Elle impartit a l'État en cause un delai pour pourvoir a l'execution de son obligation.</s>
    <s>&gt; Un recours de pleine juridiction est ouvert a cet État devant la Cour dans un delai de deux mois a compter de la notification de la decision.</s>
    <s>&gt; Si l'État n'a pas pourvu a l'execution de son obligation dans le delai fixe par la Haute Autorite ou, en cas de recours, si celui-ci a ete rejete, la Haute Autorite peut, sur avis conforme du Conseil, statuant a la majorite des deux tiers :</s>
    <s>&gt;&gt; a) suspendre le versement des sommes dont elle serait redevable pour le compte de l'État en question en vertu du present traite;</s>
    <s>b) prendre ou autoriser les autres États membres a prendre des mesures derogatoires aux dispositions de l'article 4 en vue de corriger les effets du manquement constate.</s>
    <s>&gt; Un recours de pleine juridiction est ouvert, dans un delai de deux mois a compter de leur notification, contre les decisions prises en application des alineas a) et b).</s>
    <s>&gt; Si les mesures ci-dessus prevues s'averent inoperantes, la Haute Autorite en refere au Conseil.</s>
    <s>&gt; Article 89.</s>
    <s>&gt; Tout differend entre États membres au sujet de l'application du present traite qui n'est pas susceptible d'etre regle par une autre procedure prevue au present traite peut etre soumis a la Cour, a la requete de l'un des États parties au differend.</s>
    <s>&gt; La Cour est egalement competente pour statuer sur tout differend entre États membres en connexite avec l'objet du present traite, si ce differend lui est soumis en vertu d'un compromis.</s>
    <s>&gt; Article 90.</s>
    <s>&gt; Si un manquement a une obligation resultant du present traite commis par une entreprise constitue egalement un manquement a une obligation resultant pour elle de la legislation de l'État dont elle releve et si, en vertu de ladite legislation, une procedure judiciaire ou administrative est engagee contre cette entreprise, l'État en question devra en aviser la Haute Autorite, qui pourra surseoir a statuer.</s>
    <s>&gt; Si la Haute Autorite sursoit a statuer, elle est informee du deroulement de la procedure et mise en mesure de produire tous documents, expertises et temoignages pertinents. Elle sera de meme informee de la decision definitive qui sera intervenue et devra tenir compte de cette decision pour la determination de la sanction qu'elle serait eventuellement amenee a prononcer.</s>
    <s>&gt; Article 91.</s>
    <s>&gt; Si une entreprise n'effectue pas, dans les delais prescrits, un versement auquel elle est assujettie envers la Haute Autorite, soit en vertu d'une disposition du present traite ou d'un reglement d'application, soit en vertu d'une sanction pecuniaire ou d'une astreinte prononcee par la Haute Autorite, il sera loisible a celle-ci de suspendre, jusqu'a concurrence du montant de ce versement, le reglement des sommes dont elle serait elle-meme redevable a ladite entreprise.</s>
    <s>&gt; Article 92.</s>
    <s>&gt; Les decisions de la Haute Autorite comportant des obligations pecuniaires forment titre executoire.</s>
    <s>L'execution forcee sur le territoire des États membres est poursuivie suivant les voies de droit en vigueur dans chacun de ces États et apres qu'aura ete apposee, sans autre controle que celui de la verification de l'authenticite de ces decisions, la formule executoire usitee dans l'État sur le territoire duquel la decision doit etre executee. Il est pourvu a cette formalite a la diligence d'un ministre designe a cet effet par chacun des gouvernements.</s>
    <s>&gt; L'execution forcee ne peut etre suspendue qu'en vertu d'une decision de la Cour.</s>
    <s>&gt; Article 93.</s>
    <s>&gt; La Haute Autorite assure avec les Nations unies et avec l'Organisation europeenne de cooperation economique toutes liaisons utiles et les tient regulierement informees de l'activite de la Communaute.</s>
    <s>&gt; Article 94.</s>
    <s>&gt; La liaison entre les institutions de la Communaute et le Conseil de l'Europe est assuree dans les conditions prevues par un protocole annexe.</s>
    <s>&gt; Article 95.</s>
    <s>&gt; Dans tous les cas non prevus au present traite, dans lesquels une decision ou une recommandation de la Haute Autorite apparait necessaire pour realiser dans le fonctionnement du marche commun du charbon et de l'acier et conformement aux dispositions de l'article 5 l'un des objets de la Communaute, tels qu'ils sont definis aux articles 2, 3 et 4, cette decision ou cette recommandation peut etre prise sur avis conforme du Conseil, statuant a l'unanimite et apres consultation du Comite consultatif.</s>
    <s>&gt; La meme decision ou recommandation, prise dans la meme forme, determine eventuellement les sanctions applicables.</s>
    <s>&gt; Apres l'expiration de la periode de transition prevue par la convention sur les dispositions transitoires, si des difficultes imprevues, revelees par l'experience, dans les modalites d'application du present traite ou un changement profond des conditions economiques ou techniques qui affecte directement le marche commun du charbon et de l'acier rendent necessaire une adaptation des regles relatives a l'exercice par la Haute Autorite des pouvoirs qui lui sont conferes, des modifications appropriees peuvent y etre apportees, sans qu'elles puissent porter atteinte aux dispositions des articles 2, 3 et 4 ou au rapport des pouvoirs respectivement attribues a la Haute Autorite et aux autres institutions de la Communaute.</s>
    <s>&gt; Ces modifications font l'objet de propositions etablies en accord par la Haute Autorite et par le Conseil, statuant a la majorite des cinq sixiemes de ses membres, et soumises a l'avis de la Cour. Dans son examen, la Cour a pleine competence pour apprecier tous les elements de fait et de droit. Si, a la suite de cet examen, la Cour reconnait la conformite des propositions aux dispositions de l'alinea qui precede, elles sont transmises a l'Assemblee et entrent en vigueur si elles sont approuvees a la majorite des trois quarts des voix exprimees et a la majorite des deux tiers des membres qui composent l'Assemblee.</s>
    <s>&gt; Article 96.</s>
    <s>&gt; Apres l'expiration de la periode de transition, le gouvernement de chaque État membre et la Haute Autorite pourront proposer des amendements au present traite. Cette proposition sera soumise au Conseil. Si celui-ci emet, a la majorite des deux tiers, un avis favorable a la reunion d'une conference des representants des États membres, celle-ci est immediatement convoquee par le president du Conseil, en vue d'arreter d'un commun accord les modifications a apporter aux dispositions du traite.</s>
    <s>&gt; Ces amendements entreront en vigueur apres avoir ete ratifies par tous les États membres en conformite de leurs regles constitutionnelles respectives.</s>
    <s>&gt; Article 97.</s>
    <s>&gt; Le present traite est conclu pour une duree de cinquante ans a dater de son entree en vigueur.</s>
    <s>&gt; Article 98.</s>
    <s>&gt; Tout État europeen peut demander a adherer au present traite. Il adresse sa demande au Conseil, lequel, apres avoir pris l'avis de la Haute Autorite, statue a l'unanimite et fixe, egalement a l'unanimite, les conditions de l'adhesion. Celle-ci prend effet du jour ou l'instrument d'adhesion est reçu par le gouvernement depositaire du traite.</s>
    <s>&gt; Article 99.</s>
    <s>&gt; Le present traite sera ratifie par tous les États membres, en conformite de leurs regles constitutionnelles respectives ; les instruments de ratification seront deposes aupres du gouvernement de la Republique française.</s>
    <s>&gt; Il entrera en vigueur le jour du depot de l'instrument de ratification de l'État signataire qui procedera le dernier a cette formalite.</s>
    <s>&gt; Au cas ou tous les instruments de ratification n'auraient pas ete deposes dans un delai de six mois a dater de la signature du present traite, les gouvernements des États ayant effectue le depot se concerteraient sur les mesures a prendre.</s>
    <s>&gt; Article 100.</s>
    <s>&gt; Le present traite, redige en un seul exemplaire, sera depose dans les archives du gouvernement de la Republique française, qui en remettra une copie certifiee conforme a chacun des gouvernements des autres États signataires.</s>
    <s>&gt; En foi de quoi les plenipotentiaires soussignes ont appose leurs signatures au bas du present traite et l'ont revetu de leurs sceaux.</s>
    <s>&gt;&gt; Fait a Paris, le dix-huit avril mil neuf cent cinquante et un.</s>
    <s>&gt;&gt; suite</s>
    <s>Retour a la page Europe</s>
    <s>&gt; (C)-2002 - Pour toute information complementaire, pour signaler une erreur, pour correspondre avec nous,</s>
    <s>adressez-nous un message electronique.</s>
    <s>&gt; Haut de la page</s>
    <s>Jean-Pierre Maury</s>
  </text>
</page>
