<?xml version="1.0" encoding="UTF-8"?>
<!DOCTYPE page SYSTEM "page.dtd">
<page>
  <lang>fr</lang>
  <url>http://gsite.univ-provence.fr/gsite/document.php%3Fpagendx%3D3539%26project%3Dumrespace</url>
  <title>Communications avec actes - Université de Provence</title>
  <snippet>
    <s>Communications sans actes &middot; Ouvrages ou . poster présenté à l&#39;European Population Conference (Session N°1502), 09-12 juillet 2008, Barcelone, Espagne. </s>
  </snippet>
  <text>
    <s>Productions scientifiques</s>
    <s>Articles a comite de lecture</s>
    <s>Conferences invites</s>
    <s>Communications avec actes</s>
    <s>Communications sans actes</s>
    <s>Ouvrages ou chapitres scientifiques</s>
    <s>Autres publications</s>
    <s>S4 Recent Advances in Spatial Modelling (2011)</s>
    <s>Health and Space 2010</s>
    <s>S4 European Modelling Tour (2008)</s>
    <s>Bilan et Programmes</s>
    <s>COUVRAY, A., OLIVEAU, S. , Lalou, R., (2011), « Quelle relation entre risque sanitaire et pauvrete ? Paludisme et vulnerabilite economique a Dakar », 10eme colloque Theoquant, 23-25 mars 2011, Besançon.</s>
    <s>DOIGNON, Y., OLIVEAU, S. , (2011), « Comprendre la baisse de la fecondite en Inde : apport de la modelisation individu-centree », 10eme colloque Theoquant, 23-25 mars 2011, Besançon.</s>
    <s>GUIRAUD, N., AUDARD, F. , (2011), « Une grille d'analyse du systeme spatial AMAP en Bouches du Rhone : un prealable pour discuter du local », 10eme colloque Theoquant, 23-25 mars 2011, Besançon.</s>
    <s>KIEFFER, L., AUDARD, F. , (2011), « Modelisation des deplacements secondaires : La segmentation des chaines de deplacements pour une meilleure comprehension des logiques de mobilites », 10eme colloque Theoquant, 23-25 mars 2011, Besançon.</s>
    <s>NER, G., AUDARD, F. , (2011), « Quelle relation entre risque sanitaire et pauvrete ? Paludisme et vulnerabilite economique a Dakar », 10eme colloque Theoquant, 23-25 mars 2011, Besançon.</s>
    <s>QUERCI, J., OLIVEAU, S. , (2011), « Une etude du systeme urbain indien : entre situation nationale et mise en evidence de situations regionales specifiques », 10eme colloque Theoquant, 23-25 mars 2011, Besançon.</s>
    <s>BORDERON M., PERCHOUX C. , (2010), &quot;Le paludisme urbain a Brazzaville : heterogeneite locale, enjeu global. De la geographie du risque aux strategies de lutte antipaludique&quot;, Geopoint 2010, Sous-theme 3 : Les « jeux » scalaires de la crise actuelle (financiere, economique, sociale, sanitaire, etc.) : entre global et local et inversement.</s>
    <s>DOIGNON Y., OLIVEAU S. , (2010), &quot;Simuler la baisse de fecondite en Inde&quot;, Geopoint 2010, Sous-theme 1 : Quelle prise en compte des echelles dans les outils et modeles geographiques descriptifs ? États actuel, evolutions possibles.</s>
    <s>FERRIER J.-P , (2010), &quot;Échelles et niveaux en geographie : objets geographiques, territoire et espace geographique&quot;, Geopoint 2010, Sous-theme 1 : Quelle prise en compte des echelles dans les outils et modeles geographiques descriptifs ? États actuel, evolutions possibles.</s>
    <s>GUIRAUD, N. , CONSALES J.N., AUDARD F. , (2010), &quot;Une grille d'analyse des AMAP en Bouches du Rhone. Les espaces d'une consommation engagee&quot;, poster presente au 6eme colloque SAGEO (Spatial Analysis and GEOmatics), 17-19 novembre 2010, Toulouse.</s>
    <s>Voir le poster.</s>
    <s>PEREZ J., AUDARD F. , (2010), &quot;Échelles et auto-organisation du systeme de transport collectif brazzavillois&quot;, Geopoint 2010, Sous-theme 2 : Les rapports scalaires d'un territoire. L'intra, l'extra et l'inter-territorial.</s>
    <s>QUERCI J., OLIVEAU S. , (2010), &quot;Systeme de villes en Inde et echelles geographiques. L'apport d'une approche multiscalaire a la comprehension du systeme urbain indien&quot;, Geopoint 2010, Sous-theme 2 : Les rapports scalaires d'un territoire. L'intra, l'extra et l'inter-territorial.</s>
    <s>BORDERON M., PERCHOUX C., OLIVEAU S., AUDARD F., LALOU R., (2010), &quot;Malaria risk in Dakar : socio-spatial inequalities and urban environment&quot;, poster presente au 6eme colloque EDEN (Emerging Diseases in a changing European eNvironment), 10-12 mai 2010, Montpellier.</s>
    <s>BONNEFOY J.-L., AUDARD F. , (2009), &quot;MAMOURS : des modeles de simulation multiagents de la mobilite intra-urbaine&quot;, colloque Theoquant, 4-6 mars 2009, Besançon.</s>
    <s>BRIDIER S. , (2009), &quot;Production d'un indice synthetisant l'evolution mensuelle des temperatures sur la periode 1950-2007&quot;, colloque Theoquant, 4-6 mars 2009, Besançon.</s>
    <s>OLIVEAU S., AUDARD F., BONNEFOY J.-L., N'DONKY A., (2009), &quot;Retour sur une experience d'echantillonnage spatiale (choix des lieux d'enquete dans l'agglomeration dakaroise)&quot;, colloque Theoquant, 4-6 mars 2009, Besançon.</s>
    <s>DELAUNAY V., DESCHAMPS-COTTIN M., BERTAUDIERE-MONTES, V., VILA B., OLIVEAU S. , SOUMARE A., LALOU R., (2009), « Dynamique demographique et dynamique du parc agroforestier a Faidherbia albida (Del.) A. Chev. en pays Serer (Sob, Senegal) », communication a la XXVIth IUSSP International Population Conference (Seance P-3), 27 septembre-02 octobre 2009, Marrakech</s>
    <s>MARCO, A., DUTOIT, T., BARTHELEMY, C., PECH, N., LAVERGNE, S., OLIVEAU, S. , BERTAUDIERE-MONTES, V. (2009), &quot;Pertinence d'une approche combinee Sciences de la Nature et Sciences de l'Homme, pour prevoir et gerer les invasions d'especes ornementales en region mediterraneenne&quot;, Le reveil du dodo, 3eme Journees francophones des Sciences de la Conservation de la Biodiversite, 17-19 mars 2009, Montpellier.</s>
    <s>DOUGUEDROIT A., BRIDIER S. , (2008), Rechauffement climatique et environnement des stations en region mediterraneenne française (1950-2006), Actes du 31e Congres International de Geographie « Construire ensemble nos territoires », Tunis, 12-15 aout 2008, p.110.</s>
    <s>BELLIA S., DOUGUEDROIT A. , SEGUIN B., (2008), Influence du changement climatique (1976-2007) sur les etapes phenologiques des vignobles du Midi mediterraneen français (Cotes du Rhone meridionales et les Cotes de Provence), Actes du 31e Congres International de Geographie « Construire ensemble nos territoires », Tunis, 12-15 aout 2008, p.51.</s>
    <s>DOUGUEDROIT A., BRIDIER S. , (2008), Sur la determination de la date du debut de la tendance actuelle au rechauffement, Actes du XXIeme Colloque de l'Association Internationale de Climatologie « Climat et risques climatiques en Mediterranee», Montpellier, 9-13 septembre 2008, p.201-206.</s>
    <s>LAUFFENBURGER M., DOUGUEDROIT A. , (2008), Estimation du rechauffement climatique dans le sud-est de la France (a l'est du Rhone) a la fin du XXIeme siecle, Actes du XXIeme Colloque de l'Association Internationale de Climatologie « Climat et risques climatiques en Mediterranee», Montpellier, 9-13 septembre 2008, p.379-390.</s>
    <s>DOUGUEDROIT A. , (2008), &quot;Le climat comme « etat du systeme climatique » : apport a la geographie d'un nouveau paradigme&quot;, in Demain la geographie. Permanences, dynamiques, mutations : Pourquoi ? Comment ? Geopoint 2006 , p.151-156.</s>
    <s>PAUCHET, M., OLIVEAU, S., (2008), « Kerala : a desakotta? », poster presente a l'European Population Conference (Session N°1502), 09-12 juillet 2008, Barcelone, Espagne.</s>
    <s>AUDARD, F., (2007), « Transport Modeling : Traffic Generation », 15th European Colloquium on Theoretical and Quantitative Geography (ECTQG), 7-11 September, 2007, Montreux (Suisse).</s>
    <s>BRIDIER, S., BONNEFOY, J.L., (2007), « Simulation Multi-Agents des brises thermiques : DYN-BRISES », colloque Theoquant, 10-12 janvier 2007, Besançon.</s>
    <s>BUISSON, A., GUILLON, R., (2007), « Alphabetisation et scolarisation en Inde : une approche geographique de l'education », colloque Theoquant, 10-12 janvier 2007, Besançon.</s>
    <s>DOUGUEDROIT A. , MIKAMIT., eds, (2007), Proceedings of IGU Commission on Climatology Session , Geographical International Congress, Brisbane, CD-ROM.</s>
    <s>DOUGUEDROIT A. , BRIDIER S. , (2007), Rechauffement climatique et evolution de l'environnement des stations en region mediterraneenne française (1951-2000), Actes du XXeme Colloque de l'Association Internationale de Climatologie « Climat, tourisme, environnement », Carthage, Tunisie, 3-8 septembre 2007, p. 204-209.</s>
    <s>FEKI M., DOUGUEDROIT A. , DUBREUIL V., (2007), Variations spatiales du stress hydrique de la vegetation dans le nord-ouest de la Tunisie. Exemple de l'annee 1999, Actes du XXeme Colloque de l'Association Internationale de Climatologie « Climat, tourisme, environnement », Carthage, Tunisie, 3-8 septembre 2007, p. 259-264.</s>
    <s>DOUGUEDROIT A., BRIDIER S. , (2008), Le rechauffement climatique dans le sud-est de la France, Actes du colloque international et pluridisciplinaire « Rechauffement climatique, quels impacts probables sur les vignobles ? », Dijon et Beaune, 28-30 mars 2007, Chaire UNESCO, CD-ROM, 8p.</s>
    <s>BELLIA S., DOUGUEDROIT A. , SEGUIN B., (2008), Impacts du rechauffement sur les etapes phenologiques du developpement du Grenache et de la Syrah dans les Cotes du Rhone et les Cotes de Provence (1976-2000), Actes du colloque international et pluridisciplinaire « Rechauffement climatique, quels impacts probables sur les vignobles ? », Dijon et Beaune, 28-30 mars 2007, Chaire UNESCO, CD-ROM, 8p.</s>
    <s>MARCO, A., OLIVEAU, S., DUTOIT, T., DESCHAMPS-COTTIN, M., MAUFFREY, J.F., BERTAUDIERE-MONTES, V., (2007), « Escaped plants from garden into fallow lands in urbanizing rural area: influence of local versus landscape factors », IALE world congress 2007 (session 23: Urban ecology and greenspace), 8-12 juillet 2007, Wageningen, Netherland.</s>
    <s>OLIVEAU, S, (2007), « Etalement urbain et fragmentation : Chennai, un exemple en Inde du Sud », colloque internationale etalement urbain et ville fragmentee a travers le monde, des theories aux faits, 26-28 septembre, Orleans.</s>
    <s>GUILMOTO, C.Z., OLIVEAU, S., (2007), « Sex Ratio Imbalances among Children at Micro-Level: China and India Compared », Population Association of America Annual Meeting, 29-31 mars 2007, New York.</s>
    <s>GUILMOTO, C.Z., OLIVEAU, S., (2007), « Configuration spatiale du desequilibre du sex-ratio dans l'enfance. Analyse comparee de la Chine et de l' Inde », colloque Theoquant, 10-12 janvier 2007, Besançon.</s>
    <s>LAUFFENBURGER M., DOUGUEDROIT A., KERGOMARD C. (2006), « Validation d'un modele climatique dans le sud-est de la France. Etude comparative des temperatures moyennes des simulations climatiques et des observations (1971-2000) », Actes du colloque « Les risques lies au temps et au climat », Epernay, 6-9 septembre 2006, pp358-363.</s>
    <s>DURAND-DASTES F., FERRIER J.-P., (2006), « La forme et la vie », in GEOPOINT 2004, La forme en geographie, Avignon, Groupe DUPONT - UMR ESPACE 6012 - Universite d'Avignon, 1-2 juin 2004,. ISBN 2-902909-15-7, pp. 39-44.</s>
    <s>MASSON-VINCENT M., et al. (2006). « Former aux methodologies du developpement durable des villes mediterraneennes ». Actes du Colloque Geopoint « Demain la Geographie ».</s>
    <s>MASSON-VINCENT M., FERRIER J.P., JABBOUR S., MARQUES da COSTA E., NEVES de OLIVEIRA G., SECCO G., WAAUB J.P. (2006). « Les TICE au service des formations universitaires : un pari pour adapter l'Universite aux realites de demain », a paraitre in Actes du Geopoint 2006, « Demain la geographie ? »</s>
    <s>OLIVEAU, S., BUISSON, A., (2006), « Bharat: heurs et malheurs de la construction d'une identite dans un espace multiculturel. », communication au colloque international: Geographies identitaires - Geographies of belonging, organise par le LERMA, 30 novembre - 2 decembre 2006, Aix-en-Provence.</s>
    <s>OLIVEAU S., (2006), « Les indicateurs locaux d'association spatiale (LISA) comme methode de regionalisation. Une application en Inde. », Actes des 7emes rencontres Theoquant, 10 p.</s>
    <s>SOULET B., (2006), « Reliance entre analyse spatiale et geographie sociale. Pour une lecture complexe de l'espace des societes », in actes du Colloque Geopoint, Universite d'Avignon, 8 et 9 juin (a paraitre).</s>
    <s>BRETON R. (2005). « Le droit a la langue ne peut etre separe du droit des communautes linguistiques a la reconnaissance collective et au territoire ». In : Nerekin yaio nun, Hommage a Txillardegi, iker - 17, Euskaltsaindia; Bilbo, 2005, pp. 145-155.</s>
    <s>BRIDIER S., QUENOL H., KERMADI S., (2005). Methodes d'analyse de la repartition des temperatures et de l'ilot de chaleur urbain a Lyon. Actes du XVIIIe Colloque de l'Association Internationale de Climatologie, Genes, Italie, septembre 2005, pp. 85-88.</s>
    <s>FERRIER J.-P., (2005), « Modifier notre exposition du monde », in Colloque international ELISEE RECLUS ET NOS GEOGRAPHIES, Lyon, Universites Lyon I et Lyon II, ENS LSH, CNRS, 7-9 septembre 2005, CD - 1 ouvrage a publier, 7 p.</s>
    <s>MASSON-VINCENT M., JACOB F. (2005) : « Gestion et amenagement durables de l'espace urbain de l'aire mediterraneenne. Approche par un concept producteur d'espace : la proprete dans les villes. » In Actes du Colloque international sur les risques de l'Universite Sais de Fes (Maroc). A paraitre.</s>
    <s>QUENOL H., BRIDIER S., (2004). Spatialisation des variables climatiques aux echelles fines : exemples de l'impact agroclimatique de la Ligne a Grande Vitesse Mediterranee et de l'ilot de chaleur urbain de l'agglomeration lyonnaise. Les journees de climatologie de la commission &quot;Climat et societe&quot; (theme: La representation spatiale des variables climatiques) du Comite National Français de Geographie, Nancy, mars 2004, pp.73-80.</s>
    <s>QUENOL H., BRIDIER S., (2004). Spatialisation des variables climatiques aux echelles fines : exemple de l'ilot de chaleur urbain de l'agglomeration lyonnaise. Les journees de climatologie de la commission &quot;Climat et societe&quot; (theme : La representation spatiale des variables climatiques) du Comite National Français de Geographie, Nancy, mars 2004, pp.81-86.</s>
    <s>BELTRANDO G., QUENOL H., BRIDIER S., SAHAL A., (2004). Impact possible d'un futur remblai routier sur l'alea gel: le cas de la RN 59 dans le vignoble alsacien de Chatenois. XIXe Colloque de l'Association Internationale de Climatologie, Caen, septembre 2004, pp.251-254.</s>
    <s>DOUGUEDROIT A. (2004), « L'evolution de la climatologie pendant le dernier demi-siecle », Actes du colloque « Climat, memoire du temps », Caen, 8-10/09/2004, pp23-25.</s>
    <s>DOUGUEDROIT A., NORRANT C. (2004), &quot;Precipitation trends in the Mediterranean Basin during the Last Half Century&quot;, Proceedings of Clivar 2004, 1st International CLIVAR Science conference, June 21-25, 2004, Baltimore, USA - DVD.</s>
    <s>BONNEFOY J.-L., GOIFFON M. (2003). « Un systeme multi-agents pour simuler le « retournement de l'espace » martiniquais ». Colloque Theoquant. Universite de Besançon.</s>
    <s>BONNEFOY J.-L., GOIFFON M. (2003). « The &quot;reversal of space&quot; in Martinique : an interaction of individuals, space and society modeled by a multi-agent system DYN-MARTIN », 13e European Colloqium of Theoretical and Quantitative Geography, Lucca (It.).</s>
    <s>BRETON R. (2003). « L'ecologie des langues dans le sub-continent indien ». In : Boudreau, A, L. Dubois, J. Maurais &amp; G. McConnell, Colloque international sur l'Écologie des langues, Paris : L'Harmattan, coll. Sociolinguistique, et Langue et Parole, pp. 217-228</s>
    <s>- Powered by GSite - Site by ID Aliz-</s>
  </text>
</page>
