<?xml version="1.0" encoding="UTF-8"?>
<!DOCTYPE page SYSTEM "page.dtd">
<page>
  <lang>fr</lang>
  <url>http://membres.multimania.fr/comit/maj.html</url>
  <title>les mises a jour de la page du comite sur le net pour l&#39;abrogation du ...</title>
  <snippet>
    <s>Le Comité national pour l&#39;abrogation du traité de Maastricht a été constitué le 1er européenne: rappel chronologiques des événements marquants depuis 1947 - la conférence mondiale ouvrière ouverte de San Francisco en février 2000 </s>
  </snippet>
  <text>
    <s>&gt; !</s>
    <s>&gt; Le Comite national pour l'abrogation du traite de Maastricht a ete constitue le 1er fevrier 1997 a Londres lors d'un meeting contre Maastricht et la monnaie unique reunissant des delegations de 18 pays d'Europe.</s>
    <s>| accueil |</s>
    <s>| la lettre du comite national | des articles | signez et adherez | | rappel historique |</s>
    <s>&gt; Mises a jour:</s>
    <s>&gt;&gt; (pour etre tenu informes des mises a jours de cette page, ecrivez nous le a: comit@multimania.com)</s>
    <s>Le 31 decembre 99:</s>
    <s>- les differentes etapes de la construction europeenne</s>
    <s>- la conference mondiale ouvriere ouverte de San Francisco en fevrier 2000</s>
    <s>Le 20 novembre 98:</s>
    <s>- appel &quot;Contre la monnaie unique&quot; du comite national pour l'abrogation du traite de Maastricht</s>
    <s>Le 17 novembre 98:</s>
    <s>- mise a jour de cette page web suite au changement de serveur web (http://www.multimania.com/comit ) et d'adresse de courrier electronique (comit@multimania.com).</s>
    <s>Le 4 novembre 98:</s>
    <s>- la lettres numero du comite national.</s>
    <s>Le 25 octobre 98:</s>
    <s>- les lettres numero et du comite national avec retard.</s>
    <s>Le 16 octobre 98:</s>
    <s>- la lettre numero du comite national.</s>
    <s>Le 9 octobre 98:</s>
    <s>- Parler du traite d'Amsterdam sans regler son sort au traite de Maastricht? Reference a l'appel contre Le traite d'Amsterdam qui vient d'etre initie par 131 personnalites.</s>
    <s>Le 16 aout 98:</s>
    <s>- les lettres numero: , et du comite national.</s>
    <s>Le 18 juillet 98:</s>
    <s>- Des photos &quot;en couleur&quot; du rassemblement international du 16 mai 1998 a Paris</s>
    <s>- pages d'inscription a la liste de diffusion du comite sur le net modifiees.</s>
    <s>Le 16 juin 98:</s>
    <s>- le nouvel appel du comite national: &quot;Non a la ratification du traite d'Amsterdam-Cardiff!&quot;</s>
    <s>- l' &quot;appel aux peuples d'europe&quot; lance a la tribune du rassemblement international le 16 mai.</s>
    <s>- correspondance entre le president de l'universite et le comite local de l'universite du Mans.</s>
    <s>Le 14 mai 98:</s>
    <s>- la lettre numero 36 .Au sommaire: Une semaine de campagne de matraquage; Pourquoi je serai present au rassemblement du 16 mai (Extraits d'une contribution d'un medecin); Dictionnaire de langue maastrichienne; Correspondance avec les groupes parlementaires Le 9 avril 1998; Nous avons fait le choix de la resistance. Personne ne le financera. Personne, excepte nous-memes; Communique de presse n° 5 Paris, le 30 avril 1998.</s>
    <s>- la lettre numero 35 .Au sommaire: Communique; Informations du comite ; Informations des comites ; Lettre ouverte a M. Allegre, ministre de l'Education nationale; Communistes, notre place est dans la rue contre Maastricht le 16 mai 1998 a Paris !; La monnaie unique et Maastricht, une arme contre la protection sociale, Communique de presse n°4 Paris, le 18 avril 1998</s>
    <s>- la lettre numero 34 .Au sommaire: &quot;Je ne voterai pas pour la ratification du traite d'Amsterdam !&quot;(extraits du discours de Peter Conradi (SPD) au Bundestag le 5 mars 1998); Les decisions du comite national reuni samedi 4 avril 1998; Les comites pour l'abrogation du traite de Maastricht en campagne; Revue de presse; Un appel d'agriculteurs syndicalistes de la region de Cognac a participer au rassemblement du 16 mai ; Communique de presse n° 3 Paris, le 10 avril 1998</s>
    <s>- la lettre numero 33 .Au sommaire: Multiplions les appels pour le 16 mai; Deuxieme liste de signataires de l'appel pour le 16 mai publie dans la lettre n° 31 du comite national ; Le 25 fevrier a ete publie un document de la Commission europeenne titree &quot; Croissance et emplois dans le cadre de stabilite de l'Union economique et monetaire &quot;; Contribution d'un syndicaliste publiee par le comite departemental du Nord dans un appel au rassemblement du 16 mai; Interview de deux conseillers municipaux MDC a Gauchy (02) : &quot; Il n'y a pas lieu de renoncer au combat contre Maastricht&quot;; Lettre de lecteur; Communique de presse n°2 Paris, le 2 avril 1998</s>
    <s>- la lettre numero 32 .Au sommaire: En lisant le courrier des comites; Emploi du temps du comite face au calendrier europeen; Ils ont dit; Communique de presse n°1 Paris, le 27 mars 1998; Aux camarades français du comite national pour l'abrogation du traite de Maastricht (Gotthard Krupp); La commission d'organisation du Comite national a GOTTARD KRUPP</s>
    <s>Le 29 mars 98:</s>
    <s>- la lettre numero 31 .Au sommaire: un soutien des travailleurs africains aux travailleurs europeens, le sommet de Cardiff: attention dangerUn nouvel appel a la mobilisation.</s>
    <s>Le 15 mars 98:</s>
    <s>- Comite marseille centre: envoi d'un courrier aux adherents accompagne du manifeste adopte a Berlin.</s>
    <s>- la lettre numero 28-29 .Au sommaire: lettre aux deputes et senateurs, document des residents du foyer des jeunes travailleurs d'Aubervilliers.</s>
    <s>- la lettre numero 30 .Au sommaire: la preparation du 16mai; Des deputes et senateurs repondent a la lettre de la convention d'aubervilliers; Appel d'elus.</s>
    <s>-l' integralite du manifeste de berlin</s>
    <s>Le 18 fevrier 98:</s>
    <s>- Appel urgent contre l'intervention militaire en Irak</s>
    <s>Le 6 fevrier 98:</s>
    <s>- 1er compte-rendu de la conference de Berlin: le manifeste. Denonciation du traite multilateral sur les investissements: le MAI a la conference.</s>
    <s>Le 28 janvier 98:</s>
    <s>- la lettre numero 27 .Au sommaire: compte rendu de la rencontre entre la direction du PCF et le comite national pour l'abrogation du traite de Maastricht (14 janvier 98)</s>
    <s>Le 26 janvier 98:</s>
    <s>- Le 31 janvier et le 1er fevrier, Ils seront a Berlin</s>
    <s>Le 21 janvier 98:</s>
    <s>Comite Marseille-centre: mandats definitifs remis aux delegues a la convention nationale: cheminots, employes securite sociale, employes France Telecoms, enseignants et salaries Pechiney.</s>
    <s>Le 17 janvier 98:</s>
    <s>- Integralite de la lettre numero 26 en date du 13/01/98 du comite nationale pour l'abrogation du traite de Maastricht.</s>
    <s>- Integralite de la lettre numero 25 du comite nationale pour l'abrogation du traite de Maastricht.</s>
    <s>Le 12 janvier 98:</s>
    <s>- Le Comite national pour l'abrogation du traite de Maastricht communique:</s>
    <s>&gt; Des militants du PCF engages dans le combat pour l'abrogation du traite de Maastricht ont decide, sur leur propre plan d'envoyer le 31 decembre 1997, une lettre au secretaire national du PCF. Le Comite national pour l'abrogation du traite de Maastricht, compose de militants de toutes tendances, est fonde sur l'accord de tous sur l'abrogation des traites de Maastricht et d'Amsterdam, contre la monnaie unique. Dans le respect de son caractere pluraliste, la commission d'organisation du comite national, saisie de cette proposition, a decide de publier cette lettre.</s>
    <s>Le 11 janvier 98:</s>
    <s>- Le comite marseille-centre communique a ces adherents les propositions de mandats de ses delegues a la convention nationales</s>
    <s>Le 6 janvier 98:</s>
    <s>- Mise en place de la mailing-list &quot;comite&quot;. Le cadre de discussion de cette liste est ouvert a toutes les personnes qui souhaitent dialoguer et s'informer des actions a entreprendre pour pouvoir briser l'etau du traite de Maastricht et plus generalement tous les traites de libres commerces en developpement ou mis en place de par le monde (Nafta, Alena, Mercosour, etc )</s>
    <s>Le 30 decembre 97:</s>
    <s>- Integralite de la lettre numero 23 du comite nationale pour l'abrogation du traite de Maastricht.</s>
    <s>- Le formulaire automatique de signatures est momantanement indisponible. Adressez-nous un mail pour signer.</s>
    <s>Le 27 decembre 97:</s>
    <s>- Integralite de la lettre numero 22 du comite nationale pour l'abrogation du traite de Maastricht.</s>
    <s>- Tract &quot;Non a la monnaie unique!&quot;</s>
    <s>Le 20 octobre 97:</s>
    <s>Les comites de Marseille communiquent a leurs signataires et adherents.</s>
    <s>Le 27 juin 97:</s>
    <s>Meeting «Maastricht-Abrogation» de Marseille: rapport complet .</s>
    <s>Le 26 juin 97:</s>
    <s>Meeting «Maastricht-Abrogation» a Rennes: Intervention d'un syndicaliste PTT.</s>
    <s>Le 31 mai 97:</s>
    <s>Marche nationale a Paris.</s>
    <s>&gt; Le journal espagnol El Pais en a parle, la chaine italienne RAI aussi, la chaine allemande ARD en a fait l'ouverture de sa rubrique &quot;Etranger&quot;, la chaine cablee Euro-News a repris l'information, la chaine bresilienne SBT en a montre des images, annonçant 25 000 participants, la chaine americaine CNN etait la </s>
    <s>Mais en France, pas une television, pas une radio, pas un mot, pas une image , un non-evenement.</s>
    <s>Concernant la presse ecrite francaise, signalons qu'a notre connaissance, l'AFP a transmis une depeche, reçue par tous les journaux, des le soir de la manifestation, et que l'humanite et La Marseillaise ont publie des articles.</s>
    <s>Sur ce site consultez les photos et les discours de cloture de la manifestation.</s>
    <s>le nouvelle appel du comite national:</s>
    <s>L'appel du 31 mai 1997</s>
    <s>Le 10 avril 97</s>
    <s>Ouverture de cette page web &quot;Comite sur le net pour l'abrogation du traite de Maastricht&quot;</s>
    <s>http://www.multimania.com/comit |!comit@multimania.com</s>
    <s>var gaJsHost = ((&quot;https:&quot; == document.location.protocol) ? &quot;https://ssl.&quot; : &quot;http://www.&quot;); document.write(unescape(&quot;%3Cscript src='&quot; + gaJsHost + &quot;google-analytics.com/ga.js' type='text/javascript'%3E%3C/script%3E&quot;)); try { var pageTracker = gat. getTracker(&quot;UA-7539432-8&quot;); pageTracker. trackPageview(); } catch(err) {}</s>
  </text>
</page>
