<?xml version="1.0" encoding="UTF-8"?>
<!DOCTYPE page SYSTEM "page.dtd">
<page>
  <lang>fr</lang>
  <url>http://lewkowicz.tech-cico.fr/</url>
  <title>Myriam Lewkowicz :: Tech-CICO :: ICD :: UTT</title>
  <snippet>
    <s>Co-Présidente (avec Volker Wulf) du comité de programme de COOP&#39;10 (9th Conference on Designing Cooperative Systems). Membre des comités de </s>
  </snippet>
  <text>
    <s>Myriam Lewkowicz</s>
    <s>Maitre de Conferences</s>
    <s>Universite de Technologie de Troyes</s>
    <s>ICD, UMR 6279 - Tech-CICO</s>
    <s>+33 3 25 71 80 67</s>
    <s>+33 6 16 47 13 53</s>
    <s>!Myriam Lewkowicz</s>
    <s>Recherche et encadrement</s>
    <s>Animation de la Recherche</s>
    <s>Prestations de conseil</s>
    <s>Modelisation pour la Conception de Systemes d'Information / Information Systems Analysis and Design</s>
    <s>Management de Projets Informatiques</s>
    <s>Travail Cooperatif Assiste par Ordinateur / CSCW</s>
    <s>Plate-formes intranet/internet et methodes pour la gestion des connaissances et la cooperation</s>
    <s>Haut du document</s>
    <s>Recherche et encadrement</s>
    <s>Mon domaine de recherche concerne la conception d'outils supports aux interactions humaines. Cela consiste a definir des plate-formes innovantes pour assister des pratiques collectives distribuees existantes, ou a concevoir de nouvelles activites cooperatives. Les types de groupe etudies sont des collectifs de travail (groupes projet par exemple), des reseaux (de sante, d'experts, …), ou des communautes (aidants, personnes agees a domicile, ). C'est une recherche resolument pluridisciplinaire, dont les resultats prennent la forme de nouvelles methodes d'analyse des pratiques collectives distribuees et de nouvelles demarches de conception qui me conduisent a developper de nouveaux dispositifs. La volonte de tester ces outils m'a egalement conduit a mener une reflexion sur l'evaluation des collecticiels. Le domaine d'application principal de ces activites de recherche depuis 6 ans est celui de la sante.</s>
    <s>Projets en cours :</s>
    <s>FoSIBLE (Fostering Social Interactions for a Better Life of the Elderly), dans le cadre de l'appel AAL 169 (ICT based solutions for Advancement of Social Interadtion of Elderly People). (2010-2013).</s>
    <s>PaeLife (Personal Assistant to Enhance the Social Life of the Seniors), dans le cadre de l'appel AAL 169 (ICT based solutions for Advancement of Social Interadtion of Elderly People). (2010-2013).</s>
    <s>Programme Domomedecine en region Champagne-Ardenne (recherche et developpement pour une demonstration pilote pour donner aux patients ages ou atteints de pathologies chroniques un acces equitable aux soins depuis leur domicile, en lien avec l'hopital, tout en preservant leur autonomie).</s>
    <s>COMUT (Communication et Multi-activite au travail), dans le cadre de l'appel ANR « Formes et mutations de la communication ». (2008-2012).</s>
    <s>MISS (Modeles de l'Internet pour le Soutien Social), programme de recherche strategique de l'Universite de Technologie de Troyes. (2008-2011).</s>
    <s>Direction de theses :</s>
    <s>1. Gaelle Lortal : « Annotations dans les activites cooperatives : Élaboration d'un modele generique multi - points de vue et utilisation des technologies du Web semantique pour sa mise en oeuvre ». Co-encadrement avec Amalia Todirascu (Linguistique, Langues et Parole, Universite Marc Bloch, Strasbourg) a 50%. These de doctorat de l'UTT. Financement de la region Champagne-Ardennes. Dispense d'HDR attribuee par le Conseil Scientifique de l'UTT en septembre 2003. These soutenue le 24 novembre 2006.</s>
    <s>2. Valerie Benard : « Un systeme d'information pour la cooperation au sein des reseaux de sante ».Encadrement a 80% ( Co-encadrant Manuel Zacklad (UTT/Tech-CICO)). These de doctorat de l'UTT. Financement conjoint du Conseil General de l'Aube et du Fonds Social Europeen. Dispense d'HDR attribuee par le Conseil Scientifique de l'UTT en septembre 2004. These soutenue le 12 octobre 2007.</s>
    <s>3. Matthieu Tixier : « Aloa : un outil de soutien social en ligne pour les aidants familiaux - Proposition d'une demarche de conception interdisciplinaire ». Encadrement a 100%. These de doctorat de l'UTT. Financement du Conseil General de l'Aube. Dispense d'HDR attribuee par le Conseil Scientifique de l'UTT en Juin 2007. These soutenue le 22 novembre 2010.</s>
    <s>4. Malek Alaoui : « Developpement de services et d'applications de « TV sociale » pour rompre l'isolement des personnes agees.». Encadrement a 100%. These de doctorat de l'UTT. Financement dans le cadre du projet europeen AAL FoSIBLE. Dispense d'HDR attribuee par le Conseil Scientifique de l'UTT en juillet 2010.</s>
    <s>Titulaire de la PEDR (Prime d'Encadrement Doctoral et de Recherche) (2006-2010), puis de la PES (2010- )</s>
    <s>Haut du document</s>
    <s>Animation de la recherche</s>
    <s>Responsable de l'axe Cooperation de l'equipe Tech-CICO (depuis 2007)</s>
    <s>Comites de programme :</s>
    <s>Presidences :</s>
    <s>Presidente du comite de programme de IC'2006 (17e journees francophones d'Ingenierie des connaissances).</s>
    <s>Co-Presidente (avec Volker Wulf) du comite de programme de COOP'10 (9th Conference on Designing Cooperative Systems)</s>
    <s>Membre des comites de programme :</s>
    <s>12th European Conference on Computer Supported Cooperative Work (ECSCW 2011), September, 24-28, Aarhus, Denmark.</s>
    <s>4th International Conference on Communities &amp; Technologies (C&amp;T 2009), June 25-27, 2009, The Pennsylvania State University.</s>
    <s>6th ACM International Conference on Supporting Group Work (GROUP'07), November 4-7, 2007, Sanibel Island, Florida, USA.</s>
    <s>Knowledge Management in Action (KMIA 2008) conference, Milano, Italy, September 2008 in conjunction with the 20th IFIP World Computer Congress.</s>
    <s>ACM SIGWEB Conference on Pragmatic Web, depuis 2007.</s>
    <s>International Conference on the Design of Cooperative Systems (COOP), depuis 2004.</s>
    <s>International Worshop on Knowledge Management and Organizational Memory, from the international conference ECAI (European Conference on Artificial Intelligence), depuis 2004.</s>
    <s>Conference Ingenierie des Connaissances (IC) depuis 2004.</s>
    <s>International Worshop on Knowledge Management and Organizational Memory from the international conference IJCAI (International Joint Conferences on Artificial Intelligence), depuis 2001.</s>
    <s>Conference Cooperation, Innovation, Technologies (CITE), depuis 2001.</s>
    <s>Reviewer :</s>
    <s>Research in Engineering Design Journal, Springer.</s>
    <s>International Journal of Human-Computer Studies, Elsevier.</s>
    <s>Computer Supported Cooperative Work (CSCW), The Journal of Collaborative Computing, Springer.</s>
    <s>ACM International Conference on Supporting Group Work (GROUP).</s>
    <s>ACM CHI Conference on Human Factors in Computing Systems (CHI).</s>
    <s>KGCM Conference (Knowledge Generation, Communication and Management)</s>
    <s>European Conference on Information Systems (ECIS 2006), Special Track on e-communities.</s>
    <s>Conference IHM.</s>
    <s>Comites d'organisation :</s>
    <s>Presidences :</s>
    <s>Panel chair at CSCW 2012, 2012 ACM Conference on Computer Supported Cooperative Work. CSCW 2012 will be the fifteenth CSCW conference and will be held February 11-15 near Seattle, Washington, USA.</s>
    <s>Workshops' chair COOP'06 (7th International Conference on the Design of Cooperative systems).</s>
    <s>Co-Chair with Claudia Mueller and Volker Wulf (Uni Siegen, Germany) of Wokshop &quot;Enhancing interaction spaces by social media for the elderly&quot;, 11th European Conference on Computer Supported Cooperative Work, ECSCW 2009, Vienna, Austria 7-8 September 2009.</s>
    <s>Co-Chair with Steffen Budweg (Uni Duisburg, Germany) and Claudia Mueller (Uni Siegen, Germany), of Workshop &quot;Fostering Social Interactions in the Ageing Society: Artefacts - Methodologies - Research Paradigms&quot;, 12th European Conference on Computer Supported Cooperative Work, ECSCW 2011, Aarhus, Denmark, 24-28 Septembre 2011.</s>
    <s>Chair of International Workshop on Annotation for Collaboration, Paris, November, 24-25, 2005.</s>
    <s>Co-chair with Volker Wulf of Workshop &quot;Interaction and Knowledge Management&quot;, from COOP'2004 (6th International Conference on the Design of Cooperative systems).</s>
    <s>Co-chair with Nada Matta of Workshop &quot;Project Memory&quot;, from COOP'2002, (5th International Conference on the Design of Cooperative systems).</s>
    <s>Associations scientifiques</s>
    <s>Membre du bureau du GRACQ</s>
    <s>Membre de l'ACM</s>
    <s>Membre de IEEE</s>
    <s>Haut du document</s>
    <s>Prestations de conseil</s>
    <s>Capitalisation des connaissances : Groupe Danone (8 capitalisations de savoir-faire individuels ou collectifs), UNILOG (Transfert de competences sur la methode MASK), Decathlon (capitalisation des savoir-faire de conception).</s>
    <s>Travail collaboratif : EADS (Revue scientifique des travaux dans le domaine de la communication polylogale mediatisee sur le plan des technologies et des usages), Renault (Etude pour la mise en place d'espaces de travail collaboratifs et de communautes de pratique)</s>
    <s>Capital immateriel : EDF (Risques et mesure du capital immateriel), COGEMA (Maitrise du patrimoine intellectuel)</s>
    <s>Sante : CNAMTS (Recherche sur la crise de la profession de medecin generaliste)</s>
    <s>Haut du document</s>
    <s>1er septembre 2002 : Titularisation</s>
    <s>1er septembre 2001 : Nomination aux fonctions de Maitre de Conferences a l'Universite de Technologie de Troyes, dans le departement SIT (Systemes d'Information et Telecommunications), et le laboratoire Tech-CICO (Technologie de la Cooperation pour l'Innovation et le Changement Organisationnel).</s>
    <s>14 decembre 2000 : Soutenance de la these de Doctorat en Informatique a l'universite Pierre et Marie Curie (Paris 6) « Conception de collecticiels pour la gestion cooperative des connaissances », mention tres honorable. pdf</s>
    <s>Du 1er septembre 2000 au 1er septembre 2001 : ATER a l'Universite de Technologie de Troyes, dans le departement SIT et le laboratoire Tech-CICO.</s>
    <s>De nov. 1998 a Sept. 2000 : Doctorante CIFRE (Chef de projet Recherche &amp; Developpement chez COG-Net SA)</s>
    <s>De oct. 1997 a oct. 1998 : Ingenieur d'etude au LAMSADE (Laboratoire d'analyse et de modelisation des systemes d'aide a la decision), Universite Paris 9-Dauphine</s>
    <s>Sept. 1997 : Obtention du DEA Methodes Scientifiques de Gestion (DEA103) de l'Universite Paris 9-Dauphine, Mention Asse Bien</s>
    <s>Juin 1996 : Obtention de la Maitrise de Mathematiques Discretes de l'Universite Marseille Provence, Mention Tres Bien (major de promotion)</s>
  </text>
</page>
