<?xml version="1.0" encoding="UTF-8"?>
<!DOCTYPE page SYSTEM "page.dtd">
<page>
  <lang>fr</lang>
  <url>http://villes-environnement.fr/</url>
  <title>Pôle Ville de Université de Paris Est</title>
  <snippet>
    <s>Journées du Pôle Ville de l&#39;Université Paris Est - Ville, Transport et Territoire, Quoi de neuf ? Calendrier des dates limites. Propositions de communication : </s>
  </snippet>
  <text>
    <s>Accueil - Colloque</s>
    <s>Thèmes du colloque</s>
    <s>Télécharger votre communication</s>
    <s>Liste des participants</s>
    <s>Ateliers du thème 1</s>
    <s>Ateliers du thème 2</s>
    <s>Ateliers du thème 3</s>
    <s>Ateliers du thème 4</s>
    <s>Informations pratiques</s>
    <s>Exposition de photographies</s>
    <s>Nous contacter</s>
    <s>Les premières Journées du Pôle Ville</s>
    <s>du 20 au 22 janvier 2010</s>
    <s>Thèmes du colloque</s>
    <s>Télécharger votre communication</s>
    <s>Liste des participants</s>
    <s>Ateliers du thème 1</s>
    <s>Ateliers du thème 2</s>
    <s>Ateliers du thème 3</s>
    <s>Ateliers du thème 4</s>
    <s>Informations pratiques</s>
    <s>Exposition de photographies</s>
    <s>Calendrier des dates limites</s>
    <s>Propositions de communication :</s>
    <s>6 octobre 2009</s>
    <s>Notifications d'acceptation :</s>
    <s>15 octobre 2009</s>
    <s>Téléchargement du papier final :</s>
    <s>15 décembre 2009</s>
    <s>Inscriptions : 4 janvier 2010</s>
    <s>Nous remercions l’Institut pour la Ville en Mouvement qui, dans le cadre de son partenariat suivi avec l’Université Paris Est, a contribué à rendre ce colloque possible</s>
    <s>!train !portes !archi !cadie</s>
    <s>Les premières Journées du Pôle Ville</s>
    <s>de l’Université Paris Est</s>
    <s>Ville, Transport et Territoire, Quoi de neuf ?</s>
    <s>Le PRES Université Paris Est, qui regroupe de nombreuses institutions travaillant sur les thèmes de la Ville, des Transports et des Territoires (Université Paris 12, Université de Marne-la-Vallée, Ecole Nationale des Ponts et Chaussées, Institut National de Recherche sur les Transports et leur Sécurité, Ecole Nationale Supérieure d’Architecture de la Ville et des Territoires, Centre Scientifique et Technique du Bâtiment, Pôle de Compétitivité Advancity) et qui a tissé des partenariats forts avec trois Ecoles Nationale Supérieures d’Architecture (Paris-Belleville, Malaquais et La Villette) ainsi que l’Ecole Nationale des Sciences Géographiques, a souhaité fédérer ces forces de recherche dans un Pôle interdisciplinaire associant l’aménagement et l’urbanisme, l’architecture, la sociologie urbaine, la géographie, l’histoire, l’économie urbaine, la science politique.</s>
    <s>Ce pôle organise un premier événement sous la forme de journées d’études qui se tiendront du 20 au 22 janvier 2010 sur le site de la Cité Descartes à Marne-la-Vallée. Ces journées d’étude se consacreront à faire le tour des problématiques émergentes dans les domaines concernés avec pour titre commun : Ville, Transport et Territoire, Quoi de neuf ?</s>
    <s>Les questions ayant trait à la planification territoriale et à la production de la ville font l’actualité. Les projets relevant du Grand Paris en sont un élément. Mais, en tout état de cause, les transformations du rapport au territoire sont au cœur des préoccupations sur le devenir des sociétés mondialisées. La charte de Leipzig sur la ville européenne durable montre que les questions de mobilité et de préservation des ressources peuvent trouver des solutions dans des formes de vie urbaine à construire. Mais elle indique également que la qualité architecturale et l’intégration sociale font partie intégrante de la qualité de la vie en ville. Les formes du vivre ensemble se construisent, entre autres, dans les débats politiques locaux concernant la ville et les territoires. La gestion des dynamiques de métropolisation et de mondialisation dans ses impacts territoriaux, concerne aujourd’hui aussi bien les acteurs publics que les entreprises privées.</s>
    <s>Nous voulons contribuer à ces questions actuelles en analysant scientifiquement un certain nombre d’enjeux qui y sont sous-jacents, au travers de quatre thèmes structurants :</s>
    <s>La fabrique des villes et des territoires,</s>
    <s>Les changements de l’expertise et de ses usages,</s>
    <s>Les usages face à l’offre urbaine et architecturale,</s>
    <s>Représentations de la ville et imaginaires urbains.</s>
    <s>Présentation détaillée des thèmes.</s>
  </text>
</page>
