<?xml version="1.0" encoding="UTF-8"?>
<!DOCTYPE page SYSTEM "page.dtd">
<page>
  <lang>fr</lang>
  <url>http://colloque2011.cma.ensmp.fr/</url>
  <title>Colloque OSE 2011 | Bienvenue</title>
  <snippet>
    <s> les participants ont pu créer des liens grâce au Speed Business Meeting organisé aux intervenants et à tous les participants sans qui ce 11ème évènement </s>
  </snippet>
  <text>
    <s>Colloque 2011</s>
    <s>Speed Business Meeting</s>
    <s>Editions Précédentes</s>
    <s>Le Mastère OSE</s>
    <s>Les élèves</s>
    <s>Infos pratiques</s>
    <s>Energie : les consommateurs ne comprennent pas leur facture</s>
    <s>!Puce actualitésen savoir plus</s>
    <s>Oracle optimise la distribution d’électricité</s>
    <s>!Puce actualitésen savoir plus</s>
    <s>SG européen : un marché de 6,8 mrds d'ici 2016</s>
    <s>!Puce actualitésen savoir plus</s>
    <s>Boeing et Siemens alliés pour la Défense américaine</s>
    <s>!Puce actualitésen savoir plus</s>
    <s>SAFT se met aussi au SG</s>
    <s>!Puce actualitésen savoir plus</s>
    <s>Des services domotiques pour les abonnés BBox</s>
    <s>!Puce actualitésen savoir plus</s>
    <s>Le SG selon General Motors</s>
    <s>!Puce actualitésen savoir plus</s>
    <s>Linky : serions-nous pris pour des pigeons ?</s>
    <s>!Puce actualitésen savoir plus</s>
    <s>Le colloque Smart Grids du Mastère OSE est maintenant terminé</s>
    <s>Les supports de présentation sont maintenant disponibles ici. Bonne lecture. Les extraits vidéos des interventions et des tables rondes seront prochainement disponibles.</s>
    <s>Jeudi 29 septembre dernier se déroulait dans une atmosphère estivale, le colloque &quot;Smart Grid : Quelles opportunités, quelles contraintes ?&quot;.</s>
    <s>Au plus fort de la journée, plus de 150 personnes ont pu suivre des conférences de qualité et des tables rondes passionnantes sur le thème des Smart Grids. Au cours de la pause déjeuner, les participants ont pu créer des liens grâce au Speed Business Meeting organisé par la Chambre de Commerce et d'Industrie Nice Côte d'Azur.</s>
    <s>Un grand merci aux sponsors, aux intervenants et à tous les participants sans qui ce 11ème évènement organisé par les élèves du Mastère OSE des Mines ParisTech n'aurait pu avoir lieu.</s>
  </text>
</page>
