<?xml version="1.0" encoding="UTF-8"?>
<!DOCTYPE page SYSTEM "page.dtd">
<page>
  <lang>fr</lang>
  <url>http://e-lab.bouygues.com/%3Fpage_id%3D283</url>
  <title>Bouygues e-lab - Innovation &amp; Optimisation » Les Conférences</title>
  <snippet>
    <s>In Informs Conference on Business Analytics and Operations Research, Chicago, US. In Actes de ROADEF 2011, le 12ème Congrès de la Société Française de Résumé. T. Benoist, A. Jeanjean, V. Jost (2011). Le problème du voyageur </s>
  </snippet>
  <text>
    <s>Bouygues e-lab - Innovation &amp; Optimisation</s>
    <s>L'équipe de R&amp;D de Bouygues au service des projets d'innovation et d'optimisation des métiers du Groupe</s>
    <s>Au coeur du e-lab</s>
    <s>Filière innovation</s>
    <s>Développement durable et bâtiments de demain</s>
    <s>Projets Optimisation</s>
    <s>Publications scientifiques</s>
    <s>Publications 2001</s>
    <s>Publications 2002</s>
    <s>Publications 2003</s>
    <s>Publications 2004</s>
    <s>Publications 2005</s>
    <s>Publications 2006</s>
    <s>Publications 2007</s>
    <s>Publications 2008</s>
    <s>Publications 2009</s>
    <s>Publications 2010</s>
    <s>Publications 2011</s>
    <s>Les Conférences</s>
    <s>A propos</s>
    <s>Mentions légales</s>
    <s>Notre équipe</s>
    <s>Informations pratiques</s>
    <s>Les Conférences</s>
    <s>T.Benoist (2011).</s>
    <s>Operations Research and Local Search for Construction and TV Businesses.</s>
    <s>In Informs Conference on Business Analytics and Operations Research, Chicago, US. Lien</s>
    <s>A. Jeanjean, J. Masson (2011)</s>
    <s>Optimisation des prix et prévisions des fréquentations des hôtels du Groupe Louvre Hôtels.</s>
    <s>In  Actes de ROADEF 2011, le 12ème Congrès de la Société Française de Recherche Opérationnelle et d'Aide à la Décision . Saint-Étienne, France. Résumé.</s>
    <s>T. Benoist,  A. Jeanjean, V. Jost (2011).</s>
    <s>Le problème du voyageur de commerce unidimensionnel avec précédences.</s>
    <s>In  Actes de ROADEF 2011, le 12ème Congrès de la Société Française de Recherche Opérationnelle et d'Aide à la Décision . Saint-Étienne, France. Résumé.</s>
    <s>T. Benoist, B. Estellon, F. Gardi, R. Megel, K. Nouioua (2011).</s>
    <s>Vers une programmation par recherche locale : LocalSolver 1.1.</s>
    <s>In  Actes de ROADEF 2011, le 12ème Congrès de la Société Française de Recherche Opérationnelle et d'Aide à la Décision . Saint-Étienne, France. [pdf] [pdf]</s>
    <s>F. Gardi, K. Nouioua (2011).</s>
    <s>Recherche locale haute performance pour la gestion moyen-terme du parc nucléaire français.</s>
    <s>In  Actes de ROADEF 2011, le 12ème Congrès de la Société Française de Recherche Opérationnelle et d'Aide à la Décision . Saint-Étienne, France. [pdf]</s>
    <s>T. Benoist  (2011).</s>
    <s>Retour sur erreurs : analyse d’un projet de RO laborieux.</s>
    <s>In  Actes de ROADEF 2011, le 12ème Congrès de la Société Française de Recherche Opérationnelle et d'Aide à la Décision . Saint-Étienne, France.</s>
    <s>T. Benoist, B. Estellon, F. Gardi, K. Nouioua (2010).</s>
    <s>Toward local search programming: LocalSolver 1.0.</s>
    <s>In  CPAIOR 2010 Workshop : Open Source Tools for Constraint Programming and Mathematical Programming . Bologna, Italy. [pdf]</s>
    <s>T. Benoist, B. Estellon, F. Gardi, K. Nouioua (2010).</s>
    <s>Vers une programmation par recherche locale : LocalSolver.</s>
    <s>In  Actes de ROADEF 2010, le 11ème Congrès de la Société Française de Recherche Opérationnelle et d'Aide à la Décision , Toulouse, France. [pdf]</s>
    <s>T. Benoist (2010).</s>
    <s>Characterization and automation of matching-based neigborhood.</s>
    <s>CPAIOR'10, Bologna (Italy).</s>
    <s>T. Benoist, B. Estellon, F. Gardi, A. Jeanjean (2010).</s>
    <s>Recherche locale pour un problème d'optimisation de tournées de véhicules avec gestion des stocks.</s>
    <s>In MOSIM 2010, Hammamet, Tunisia, Mai 2010.</s>
    <s>A. Jeanjean (2010).</s>
    <s>Resource scheduling optimization in mass transportation problems.</s>
    <s>In PMS 2010, University of Tours, April 2010.</s>
    <s>A. Jeanjean (2010).</s>
    <s>Optimization in advertising.</s>
    <s>In Optimeo, Polytechnique, Palaiseau.</s>
    <s>T. Benoist  (2010).</s>
    <s>Recherche Opérationnelle et recherche locale chez Bouygues.</s>
    <s>In ROADEF 2010, Toulouse. Invité par Christian Artigues et Pierre Lopez.</s>
    <s>A. Jeanjean (2010).</s>
    <s>Optimisation de mouvements de terre sur des chantiers linéaires de terrassement.</s>
    <s>In Actes de ROADEF 2010, le 11ème Congrès de la Société Française de Recherche Opérationnelle et d'Aide à la Décision, Toulouse, France.</s>
    <s>T. Benoist, B. Estellon, F. Gardi, K. Nouioua (2010).</s>
    <s>Vers une programmation par recherche locale : LocalSolver.</s>
    <s>In Actes de ROADEF 2010, le 11ème Congrès de la Société Française de Recherche Opérationnelle et d'Aide à la Décision, Toulouse, France.</s>
    <s>A. Jeanjean, B. Martin (2010).</s>
    <s>Prévisions d'audiences et optimisation de plannings de publicités internet.</s>
    <s>In Actes de ROADEF 2010, le 11ème Congrès de la Société Française de Recherche Opérationnelle et d'Aide à la Décision, Toulouse, France.</s>
    <s>T. Benoist, B. Estellon, F. Gardi, S. Jain, A. Jeanjean, E. Patay (2009). Inventory routing optimization for bulk gas transportation.</s>
    <s>In In INFORMS 2009, Annual Meeting. San Diego, US-CA.</s>
    <s>A. Jeanjean (2009).</s>
    <s>Optimisation de mouvements de terre sur des chantiers linéaires de terrassement.</s>
    <s>In Digiteo &gt; Optimeo, Supélec, Paris.</s>
    <s>T. Benoist, B. Estellon, F. Gardi, A. Jeanjean (2009).</s>
    <s>High-Performance Local Search for Solving Real-Life Inventory Routing Problems.</s>
    <s>In SLS 2009, Brussels.</s>
    <s>A. Jeanjean, B. Martin (2009).</s>
    <s>Optimisation de placement de publicité internet par l'algorithme des bandits manchots.</s>
    <s>In Actes de ROADEF 2009, le 10ème Congrès de la Société Française de Recherche Opérationnelle et d'Aide à la Décision (sous la direction de M.-C. Portmann). Nancy, France. Télécharger</s>
    <s>F. Gardi (2009).</s>
    <s>Composition optimale d'équipes d'athlétisme.</s>
    <s>In Actes de ROADEF 2009, le 10ème Congrès de la Société Française de Recherche Opérationnelle et d'Aide à la Décision (sous la direction de M.-C. Portmann). Nancy, France. Télécharger</s>
    <s>T. Benoist (2008).</s>
    <s>Operations Research for TV and internet advertising.</s>
    <s>In Conference on Optimization and Practices in Industry (COPI'08), Paris. Invited by Laetitia Andrieu. Télécharger</s>
    <s>B. Estellon, F. Gardi, K. Nouioua (2008).</s>
    <s>Recherche locale haute performance pour la planification des interventions à France Télécom.</s>
    <s>In Actes des JFPC 2008, les 4èmes Journées Francophones de Programmation par Contraintes (sous la direction de G. Trombettoni), pp. 69-78. Nantes, France. Télécharger</s>
    <s>T. Benoist, E. Bourreau (2008).</s>
    <s>La Programmation Par Contraintes à l’attaque d’Eternity II.</s>
    <s>In Actes des JFPC 2008, les 4èmes Journées Francophones de Programmation par Contraintes (sous la direction de G. Trombettoni), pp. 69-78. Nantes, France.</s>
    <s>T. Benoist (2008).</s>
    <s>Problèmes légèrement sur-contraints en Programmation Par Contraintes.</s>
    <s>In Actes de ROADEF 2008, le 9ème Congrès de la Société Française de Recherche Opérationnelle et d'Aide à la Décision (sous la direction de P. Mahey, A. Quilliot), pp. 189-190. Clermond-Ferrand, France.</s>
    <s>B. Estellon, F. Gardi, K. Nouioua (2008).</s>
    <s>Recherche locale haute performance.</s>
    <s>In Actes de ROADEF 2008, le 9ème Congrès de la Société Française de Recherche Opérationnelle et d'Aide à la Décision (sous la direction de P. Mahey, A. Quilliot), pp. 189-190. Clermond-Ferrand, France. Télécharger</s>
    <s>F. Gardi, T. Benoist (2008).</s>
    <s>Programmation de campagnes publicitaires sur les chaînes thématiques du groupe TF1.</s>
    <s>In Actes de ROADEF 2008, le 9ème Congrès de la Société Française de Recherche Opérationnelle et d'Aide à la Décision (sous la direction de P. Mahey, A. Quilliot), pp. 203-204. Clermond-Ferrand, France. Télécharger</s>
    <s>B. Estellon, F. Gardi, K. Nouioua (2007).</s>
    <s>Une heuristique à base de recherche locale pour la planification de tâches avec affectation de ressources.</s>
    <s>In ROADEF 2007, le 8ème Congrès de la Société Française de Recherche Opérationnelle et d'Aide à la Décision (sous la direction de G. Finke). Grenoble, France. Télécharger</s>
    <s>T. Benoist (2007).</s>
    <s>Hybrid algorithms forHybrid Algorithms for Construction, TV Advertising and Civil Contracts.</s>
    <s>In CP-AI-OR'07, Brussels. Invited by Pascal Van Hentenryck and Laurence Wolsey.</s>
    <s>T. Benoist (2007).</s>
    <s>La programmation par contraintes sur les chantiers de construction.</s>
    <s>In JFPC'07, Rocquencourt. Invité par François Fages. Télécharger</s>
    <s>T. Benoist, A. Jeanjean, P. Molin (2007),</s>
    <s>Affectation du matériel de coffrage sur des chantiers de construction.</s>
    <s>In ROADEF 2007, le 8ème Congrès de la Société Française de Recherche Opérationnelle et d'Aide à la Décision (sous la direction de G. Finke). Grenoble, France. Télécharger</s>
    <s>A. Jeanjean, B. Martin (2007),</s>
    <s>Outils de simulation pour gestion de parc d’équipements.</s>
    <s>In ROADEF 2007, le 8ème Congrès de la Société Française de Recherche Opérationnelle et d'Aide à la Décision (sous la direction de G. Finke). Grenoble, France. Télécharger</s>
    <s>T. Benoist, A. Jeanjean (2007),</s>
    <s>Annonce du temps d'attente dans un centre d'appel.</s>
    <s>In ROADEF 2007, le 8ème Congrès de la Société Française de Recherche Opérationnelle et d'Aide à la Décision (sous la direction de G. Finke). Grenoble, France. Télécharger</s>
  </text>
</page>
