<?xml version="1.0" encoding="UTF-8"?>
<!DOCTYPE page SYSTEM "page.dtd">
<page>
  <lang>fr</lang>
  <url>http://europa.eu/legislation_summaries/environment/water_protection_management/l28084_fr.htm</url>
  <title>Convention de Barcelone pour la protection de la Méditerranée</title>
  <snippet>
    <s>6 avr. 2011 EUROPA - Synthèses de la législation de L&#39;UE - La convention de Barcelone sur la diffusion d&#39;informations concernant l&#39;organisation des moyens et des Il énumère également les substances dont le rejet est soumis à la </s>
  </snippet>
  <text>
    <s>Avis juridique | À propos de ce site | Recherche | Contact</s>
    <s>Syntheses de la legislation de L'UE</s>
    <s>EUROPA &gt; Syntheses de la legislation de l'UE &gt; Environnement &gt; Protection et gestion des eaux</s>
    <s>Page d'accueil</s>
    <s>Tous les themes</s>
    <s>!Affaires institutionnelles</s>
    <s>!Affaires maritimes et peche</s>
    <s>!Aide humanitaire</s>
    <s>!Audiovisuel et medias</s>
    <s>!Commerce exterieur</s>
    <s>!Droits de l'homme</s>
    <s>!Économie et monnaie</s>
    <s>!Éducation, formation, jeunesse, sport</s>
    <s>!Emploi et politique sociale</s>
    <s>!Justice, liberte et securite</s>
    <s>!Lutte contre la fraude</s>
    <s>!Marche interieur</s>
    <s>!Politique etrangere et de securite</s>
    <s>!Politique regionale</s>
    <s>!Recherche et innovation</s>
    <s>!Relations exterieures</s>
    <s>!Sante publique</s>
    <s>!Securite alimentaire</s>
    <s>!Societe de l'information</s>
    <s>Quoi de neuf?</s>
    <s>Plan du site</s>
    <s>Index alphabetique</s>
    <s>Convention de Barcelone pour la protection de la Mediterranee</s>
    <s>La convention de Barcelone de 1976, amendee en 1995, et les protocoles elabores dans le cadre de cette convention visent a proteger l'environnement marin et cotier de la Mediterranee tout en encourageant des plans regionaux et nationaux contribuant au developpement durable.</s>
    <s>Decision 77/585/CEE du Conseil, du 25 juillet 1977, portant conclusion de la convention pour la protection de la mer Mediterranee contre la pollution ainsi que du protocole relatif a la prevention de la pollution de la mer Mediterranee par les operations d'immersion effectuees par les navires et aeronefs.</s>
    <s>Decision 81/420/CEE du Conseil, du 19 mai 1981, concernant la conclusion du protocole relatif a la cooperation en matiere de lutte contre la pollution de la mer Mediterranee par les hydrocarbures et autres substances nuisibles en cas de situation critique.</s>
    <s>Decision 83/101/CEE du Conseil, du 28 fevrier 1983, concernant la conclusion du protocole relatif a la protection de la mer Mediterranee contre la pollution d'origine tellurique.</s>
    <s>Decision 84/132/CEE du Conseil, du 1er mars 1984, concernant la conclusion du protocole relatif aux aires specialement protegees de la Mediterranee.</s>
    <s>Decision 2004/575/CE du Conseil, du 29 avril 2004, portant conclusion, au nom de la Communaute europeenne, du protocole a la convention de Barcelone pour la protection de la mer Mediterranee contre la pollution, relatif a la cooperation en matiere de prevention de la pollution par les navires et, en cas de situation critique, de lutte contre la pollution de la mer Mediterranee.</s>
    <s>Decision 2010/631/UE du Conseil du 13 septembre 2010 concernant la conclusion, au nom de l'Union europeenne, du protocole a la convention sur la protection du milieu marin et du littoral de la Mediterranee relatif a la gestion integree des zones cotieres de la Mediterranee.</s>
    <s>La decision 77/585/CEE permet a la Communaute d'adherer a la convention pour la protection de la mer Mediterranee contre la pollution (convention de Barcelone) ainsi qu'au protocole relatif a la prevention de la pollution de la mer Mediterranee par les operations d'immersion effectuees par les navires et aeronefs. Ces deux instruments visent, ensemble avec les protocoles auxquels la Communaute a adhere ulterieurement (par les decisions 81/420/CEE, 83/101/CEE, 84/132/CEE, 2004/575/CE et 2010/631/UE), a limiter la pollution dans la region mediterraneenne.</s>
    <s>Convention de Barcelone</s>
    <s>La convention pour la protection de la mer Mediterranee contre la pollution a ete adoptee a Barcelone le 16 fevrier 1976 et modifiee le 10 juin 1995. Au fil du temps, son mandat s'est elargi pour inclure la planification et la gestion integree de la zone cotiere.</s>
    <s>Les 22 Parties contractantesa la convention prennent, individuellement ou conjointement, toutes les mesures necessaires pour proteger et ameliorer le milieu marin dans la zone de la mer Mediterranee en vue de contribuer a son developpement durable. Pour atteindre cet objectif, les Parties s'engagent a reduire, a combattre et, dans toute la mesure du possible, a eliminer la pollution dans cette zone.</s>
    <s>Les principaux objectifs de la convention consistent a:</s>
    <s>evaluer et maitriser la pollution;</s>
    <s>assurer la gestion durable des ressources naturelles marines et cotieres;</s>
    <s>integrer l'environnement dans le developpement economique et social;</s>
    <s>proteger le milieu marin et les zones cotieres par des actions visant a prevenir et a reduire la pollution et, dans la mesure du possible, l'eliminer, qu'elle soit due a des activites menees a terre ou en mer;</s>
    <s>proteger le patrimoine naturel et culturel;</s>
    <s>renforcer la solidarite parmi les pays riverains de la Mediterranee; et</s>
    <s>contribuer a l'amelioration de la qualite de vie.</s>
    <s>La convention encourage les Parties a:</s>
    <s>instaurer un systeme de cooperation et d'information pour reduire ou eliminer la pollution provenant d'une situation critique en Mediterranee;</s>
    <s>instituer un systeme de surveillance continue de la pollution;</s>
    <s>cooperer entre elles dans les domaines de la science et de la technologie;</s>
    <s>elaborer des procedures appropriees concernant la determination de la responsabilite et la reparation des dommages en cas de pollution resultant de la violation des termes de la convention;</s>
    <s>elaborer des procedures leur permettant de veiller a l'application de la convention.</s>
    <s>La convention prevoit des mecanismes de reglement des differends et d'arbitrage pour regler d'eventuels differends entre les Parties sur l'interpretation ou l'application de la convention.</s>
    <s>Le Programme des Nations unies pour l'environnement (PNUE) assure les fonctions de secretariat dans le cadre de la mise en œuvre de la convention (convocation et preparation des reunions, coordination, etc.).</s>
    <s>La convention a ete modifiee en 1995. Ces principales modifications concernent:</s>
    <s>l'extension du champ d'application geographique de la convention au littoral;</s>
    <s>l'application du principe de precaution;</s>
    <s>l'application du principe «pollueur-payeur»;</s>
    <s>la promotion des etudes d'impact;</s>
    <s>la protection et la preservation de la diversite biologique;</s>
    <s>la lutte contre la pollution resultant de mouvements transfrontieres de dechets dangereux;</s>
    <s>l'acces a l'information et la participation du public.</s>
    <s>Protocole relatif a la prevention de la pollution de la mer Mediterranee par les operations d'immersion effectuees par les navires et aeronefs</s>
    <s>Le protocole vise uniquement la pollution de la zone de la mer Mediterranee causee par les navires et les aeronefs.</s>
    <s>L'immersion de certains types de dechets ou de certaines matieres (composes organo-halogenes et organo-silicies toxiques, mercure, cadmium, plastique, petrole brut, etc.) est interdite.</s>
    <s>L'immersion d'autres matieres ou types de dechets (arsenic, plomb, cuivre, zinc, chrome, nickel, conteneurs, ferrailles, certains types de pesticides, etc.) est soumise a la delivrance prealable, par les autorites nationales competentes, d'un permis.</s>
    <s>Les permis ne seront delivres qu'apres un examen attentif d'un nombre de facteurs (caracteristiques et composition de la matiere, caracteristiques du lieu d'immersion et de la methode de depot, considerations et circonstances generales).</s>
    <s>Les navires ou aeronefs utilises a des fins gouvernementales et non commerciales sont exclus du champ d'application du protocole.</s>
    <s>Depuis 1995, un certain nombre d'amendements ont ete ajoutes au protocole. Ces amendements portent, notamment, sur la precision de certains termes definis par le protocole, sur les dechets ou autres matieres dont l'immersion est autorisee sous condition de delivrance d'un permis special, sur l'interdiction de l'incineration en mer, ainsi que sur la procedure a suivre en cas de situation critique ayant un caractere exceptionnel.</s>
    <s>Protocole relatif a la cooperation en matiere de lutte contre la pollution de la mer Mediterranee par les hydrocarbures et autres substances nuisibles en cas de situation critique</s>
    <s>Ce protocole prevoit la cooperation des Parties lorsque la presence massive dans la mer Mediterranee d'hydrocarbures et/ou d'autres substances nuisibles, d'origine accidentelle ou resultant d'un effet cumulatif, constitue un danger grave et imminent pour le milieu marin, les cotes ou les interets (economiques, sanitaires ou ecologiques) d'une ou plusieurs parties.</s>
    <s>Cette cooperation porte sur l'elaboration de plans d'urgence, sur la promotion des moyens de lutte contre la pollution de la mer par les hydrocarbures, sur la surveillance et l'echange d'informations relatives a l'etat de la mer Mediterranee, sur la diffusion d'informations concernant l'organisation des moyens et des methodes nouvelles de prevention et de lutte contre la pollution, ainsi que sur le developpement de programmes de recherche lies a ce sujet.</s>
    <s>Le protocole fait obligation a toute partie confrontee a une situation critique d'effectuer les evaluations necessaires et precises concernant la nature et l'importance de l'accident, de prendre toutes les mesures susceptibles de reduire ou d'eliminer les effets resultants de la pollution, ainsi que d'informer les autres Parties, directement ou par l'intermediaire du centre regional mediterraneen cree par la convention de Barcelone, de ces evaluations et des actions entreprises.</s>
    <s>Protocole relatif a la protection de la mer Mediterranee contre la pollution d'origine tellurique</s>
    <s>Ce protocole vise a lutter contre la pollution de la zone de la mer Mediterranee due aux deversements par les fleuves, emissaires, canaux ou autres cours d'eau, ou emanant de toute autre source ou activite situee sur le territoire des États Parties.</s>
    <s>Le protocole enumere les substances dont le rejet est interdit et les elements a prendre en compte pour l'elimination de la pollution emanant de ces substances. Il enumere egalement les substances dont le rejet est soumis a la delivrance d'une autorisation par les autorites nationales competentes. Cette autorisation doit tenir compte, notamment, des caracteristiques et de la composition du dechet, des caracteristiques des constituants du dechet quant a sa nocivite, des caracteristiques du lieu de deversement et du milieu marin recepteur, des techniques disponibles concernant les dechets, ainsi que des atteintes possibles aux ecosystemes marins et aux utilisations de l'eau de mer.</s>
    <s>Le protocole prevoit en outre une cooperation au niveau de la recherche et de l'information, ainsi que de l'adoption des programmes, mesures et normes appropries en vue de la reduction ou de l'elimination des substances visees.</s>
    <s>Depuis 1996, un certains nombre d'amendements ont ete ajoutes au protocole. Ces amendements portent, notamment, sur l'application du principe de precaution, sur l'extension du champ d'application du protocole a la pollution d'origine tellurique transportee par l'atmosphere, sur le systeme de reglementation des rejets, sur la surveillance continue des niveaux de pollution et sur l'assistance technique aux pays en developpement.</s>
    <s>Protocole relatif aux aires specialement protegees et a la diversite biologique en Mediterranee</s>
    <s>Le protocole relatif aux aires specialement protegees de la Mediterranee, auquel la Communaute a adhere en 1984, vise a sauvegarder les ressources naturelles communes de la region mediterraneenne, a conserver la diversite du patrimoine genetique et a proteger certains sites naturels en creant un ensemble de zones specialement preservees.</s>
    <s>Le protocole qui a ete modifie en 1995 fait une distinction entre les aires specialement protegees (que prevoyaient deja l'ancien protocole) et les aires specialement protegees d'importance mediterraneenne. Il prevoit l'elaboration par les Parties de lignes directrices pour la creation et la gestion des aires protegees et enumere un certain nombre de mesures appropriees que les Parties doivent adopter, dont:</s>
    <s>l'interdiction de rejeter ou de deverser des dechets;</s>
    <s>la reglementation du passage des navires;</s>
    <s>la reglementation de l'introduction de toute espece non indigene ou genetiquement modifiee;</s>
    <s>toute autre mesure permettant de sauvegarder les processus ecologiques et biologiques ainsi que les paysages.</s>
    <s>Par ailleurs, il introduit des mesures, nationales ou concertees, que les Parties doivent prendre en vue de la protection et de la conservation des especes animales et vegetales dans l'ensemble de la zone de la mer Mediterranee.</s>
    <s>Le protocole prevoit en outre des derogations accordees du fait des activites traditionnelles des populations locales. Toutefois, ces derogations ne doivent pas compromettre le maintien des ecosystemes proteges, ni les processus biologiques participant au maintien de ces ecosystemes; elles ne doivent pas non plus provoquer l'extinction ni une diminution substantielle des effectifs des especes ou populations animales et vegetales incluses dans les ecosystemes proteges.</s>
    <s>Les annexes du nouveau protocole comprennent une liste des criteres communs que les Parties doivent respecter pour le choix des zones marines et cotieres susceptibles d'etre protegees par le regime des aires specialement protegees d'importance mediterraneenne. Les annexes dressent egalement une liste des especes menacees ou en danger, ainsi qu'une liste des especes dont l'exploitation est reglementee.</s>
    <s>Protocole relatif a la cooperation en matiere de prevention de la pollution par les navires et, en cas de situation critique, de lutte contre la pollution de la mer Mediterranee</s>
    <s>Ce protocole vise a actualiser les instruments juridiques de la convention de Barcelone en y introduisant des dispositions relatives a la cooperation entre les Parties en matiere de prevention et, dans les cas d'urgence, de lutte contre la pollution par les navires dans la mer Mediterranee. Il s'attache en outre a promouvoir l'elaboration et l'application des reglementations internationales adoptees dans le cadre de l'Organisation maritime internationale.</s>
    <s>La cooperation porte sur le maintien et la promotion de plans d'urgence et autres moyens visant a prevenir et a combattre la pollution par les navires, sur la surveillance adequate de la mer Mediterranee, sur les operations de recuperation des substances nocives et potentiellement dangereuses, ainsi que sur la diffusion et l'echange d'information.</s>
    <s>Le protocole prevoit egalement les mesures operationnelles que les Parties doivent prendre en cas de pollution causee par les navires (mesures d'evaluation, d'elimination/de reduction, d'information), ainsi que les mesures d'urgence devant etre prises a bord des navires, dans les installations au large et dans les ports (notamment la disponibilite et le respect de plans d'urgence).</s>
    <s>Protocole relatif a la gestion integree des zones cotieres de la Mediterranee</s>
    <s>Ce protocole, dont l'objectif est d'etablir un cadre commun pour la gestion integree des zones cotieres(GIZC) de la mer Mediterranee, est entre en vigueur le 24 mars 2011. Il constitue le premier outil de droit international entierement et exclusivement consacre a la GIZC.</s>
    <s>La GIZC poursuit six objectifs:</s>
    <s>le developpement durable des zones cotieres par une planification rationnelles des activites;</s>
    <s>la preservation des zones cotieres;</s>
    <s>l'exploitation durable des ressources naturelles;</s>
    <s>la preservation des ecosystemes et des paysages du littoral;</s>
    <s>la prevention et la reduction des catastrophes naturelles et du changement climatique;</s>
    <s>l'amelioration de la cooperation.</s>
    <s>Par ailleurs, le protocole definit les principes generaux de la GIZC, les modalites de coordination necessaires a sa mise en œuvre, ses elements constitutifs, de meme que les instruments de la GIZC.</s>
    <s>Termes-cles de l'acte</s>
    <s>Parties contractantes: Albanie, Algerie, Bosnie-Herzegovine, Chypre, Communaute europeenne, Croatie, Égypte, Espagne, France, Grece, Israel, Italie, Liban, Libye, Malte, Maroc, Monaco, Montenegro, Slovenie, Syrie, Tunisie, Turquie.</s>
    <s>Gestion integree des zones cotieres: un processus dynamique de gestion et d'utilisation durables des zones cotieres, prenant en compte simultanement la fragilite des ecosystemes et des paysages cotiers, la diversite des activites et des usages, leurs interactions, la vocation maritime de certains d'entre eux, ainsi que leurs impacts a la fois sur la partie marine et la partie terrestre.</s>
    <s>ActeEntree en vigueurDelai de transposition dans les États membresJournal officiel</s>
    <s>Decision 77/585/CEE</s>
    <s>JO L 240 du 19.9.1977</s>
    <s>Decision 81/420/CEE</s>
    <s>JO L 162 du 19.6.1981</s>
    <s>Decision 83/101/CEE</s>
    <s>JO L 67 du 12.3.1983</s>
    <s>Decision 84/132/CEE</s>
    <s>JO L 68 du 10.3.1984</s>
    <s>Decision 2004/575/CE</s>
    <s>JO L 261 du 6.8.2004</s>
    <s>Decision 2010/631/UE</s>
    <s>JO L 279 du 23.10.2010</s>
    <s>Derniere modification le: 06.04.2011</s>
    <s>Voir aussi</s>
    <s>Convention de Barcelone, Programme des Nations unies pour l'environnement</s>
    <s>Strategie de l'environnement pour la Mediterranee, communication de la Commission europeenne</s>
    <s>Avis juridique | À propos de ce site | Recherche | Contact | Haut de la page</s>
  </text>
</page>
