<?xml version="1.0" encoding="UTF-8"?>
<!DOCTYPE page SYSTEM "page.dtd">
<page>
  <lang>fr</lang>
  <url>http://agora-2.org/colloque/professions.nsf</url>
  <title>Colloque 30e anniversaire du Code des Professions et du système ...</title>
  <snippet>
    <s>CONFÉRENCE Genèse d&#39;un système de protection du public : grande et petite histoire du Code des professions. Conférencier: Claude Castonguay </s>
  </snippet>
  <text>
    <s>ment risfont&gt;</s>
    <s>avec le concours de</s>
    <s>Sites gouvernementaux et organes consultatifs</s>
    <s>Office des professions du Quc</s>
    <s>Conseil interprofessionnel du Quc</s>
    <s>Conseil supeur des professions nomiques</s>
    <s>Lslations, rementations</s>
    <s>Council on Licensure, Enforcement and Regulation (CLEAR)</s>
    <s>Center for Quality Assurance</s>
    <s>Code des professions et lois professionnelles (Quc)</s>
    <s>Ordres professionnels, organismes professionnels</s>
    <s>Conseil europ des professions libles (CEPLIS)</s>
    <s>Sites web des ordres professionnels du Quc</s>
    <s>Union nationale des professions libles</s>
    <s>Dossiers de L'Encyclope de L'Agora</s>
    <s>10 ET 11 NOVEMBRE 2004, MONTRL, QUEC</s>
    <s>L'ann2004 marque le 30e anniversaire du Code des professions et du syst professionnel qucois, qui est au fondement d'un syst de protection du public unique en Amque du Nord. Cet anniversaire constitue un moment privilour anger et rir sur l'apport du syst professionnel a soci qucoise. l'initiative du Conseil interprofessionnel du Quc, organisme regroupant les ordres professionnels qucois, un colloque s'est tenu ontr, les 10 et 11 novembre 2004, qui rissait une vingtaine de confnciers, experts et reprntants de divers milieux. Cet nement, placous le sceau de la mire, fut aussi l'occasion de dresser l't actuel des lieux et de rir 'avenir. [ &gt;&gt;</s>
    <s>Mot d'ouverture du prdent du CIQ</s>
    <s>Confncier: Me Jean Paul Dutrisac, notaire</s>
    <s>PANEL D'OUVERTURE</s>
    <s>La protection du public aujourd'hui: jusqu'ocitoyen doit e prot?</s>
    <s>Participants: Yves Boisvert, Jacques Dufresne, Louise Rozon</s>
    <s>ANIMATION: DOMINIQUE POIRIER</s>
    <s>Gen d'un syst de protection du public : grande et petite histoire du Code des professions</s>
    <s>Confncier: Claude Castonguay</s>
    <s>CONFENCES SUR LE THE :</s>
    <s>L'encadrement des professions dans d'autres juridictions: approches et enjeux &gt;&gt;</s>
    <s>Tendances dominantes dans la rementation des professions: des exemples de rrmes dans les provinces canadiennes</s>
    <s>Confnci: Frances Picherak</s>
    <s>Les enjeux relatifs a qualite la formation dans le contexte de la mondialisation</s>
    <s>Confnci: Marjorie Peace Lenn</s>
    <s>CONFENCES SUR LE THE :</s>
    <s>Dloppement et transmission des savoirs professionnels: le rcentral des institutions d'enseignement &gt;&gt;</s>
    <s>ANIMATION: MONIQUE LAURIN</s>
    <s>Dloppement des connaissances et amoration de la pratique</s>
    <s>Confncier: Dominique Lefebvre</s>
    <s>Drminer les besoins de formation au regard de la protection du public</s>
    <s>Confncier: Luc Granger</s>
    <s>La rnse aux besoins de formation initiale et de formation continue</s>
    <s>Confnci: Cne Saint-Pierre</s>
    <s>Identitt valeurs professionnelles</s>
    <s>Confncier: Georges Legault</s>
    <s>Les professionnels qualifidans un marchu travail en mutation</s>
    <s>Confnci: Diane-Gabrielle Tremblay</s>
    <s>CONFENCES SUR LE THE :</s>
    <s>Le professionnel: un travailleur comme un autre? &gt;&gt;</s>
    <s>ANIMATION: DIANE-GABRIELLE TREMBLAY</s>
    <s>Le d de la reprntation syndicale des professionnels</s>
    <s>Confnci: Dominique Verreault</s>
    <s>Le d des employeurs face 'autonomie professionnelle</s>
    <s>Confncier: Richard Fahey</s>
    <s>Le 30e anniversaire du Code des professions et du syst professionnel</s>
    <s>Confncier: Me Gan Lemoyne</s>
    <s>PANEL DE CLURE</s>
    <s>Les ds du monde professionnel</s>
    <s>Participants: Dr Roch Bernier, Richard Gagnon, Jacques Dufresne</s>
    <s>ANIMATION: LOUIS BEAULIEU</s>
    <s>DISCOURS DE CLURE</s>
    <s>Discours de cle du prdent du CIQ</s>
    <s>Confncier: Me Jean Paul Dutrisac, notaire</s>
  </text>
</page>
