<?xml version="1.0" encoding="UTF-8"?>
<!DOCTYPE page SYSTEM "page.dtd">
<page>
  <lang>fr</lang>
  <url>http://crnl.univ-lyon1.fr/index.php/fr/Enseignement/Ecole-doctorale-NSCo/Rencontres-scientifiques-NSCo</url>
  <title>Centre de Recherche en Neurosciences de Lyon - Rencontres ...</title>
  <snippet>
    <s>Cette journée a été organisée par un comité au sein duquel les doctorants élus au active, en collaboration avec Evelyne Robin, secrétaire gestionnaire de l&#39;ED . La conférence plénière a été donnée par Michel Hoen, chercheur au CNRS et attribué par les participants à Jean Baptiste Eichenlaub (communication n°2) . </s>
  </snippet>
  <text>
    <s>Centre de Recherche en Neurosciences de Lyon</s>
    <s>Identifiant : Mot de passe :</s>
    <s>Thèses CRNL</s>
    <s>Plateformes du Centre</s>
    <s>Impression des posters</s>
    <s>Documentation CRNL</s>
    <s>Plateformes partenaires</s>
    <s>École doctorale NSCo</s>
    <s>Autres formations</s>
    <s>École doctorale NSCo</s>
    <s>Équipes de recherche</s>
    <s>Conseil d'École Doctorale</s>
    <s>Inscription 1ère année et suivantes</s>
    <s>Contrats doctoraux / Concours</s>
    <s>Sujets de thèses</s>
    <s>Comité de suivi de thèse</s>
    <s>Modules d'insertion pro</s>
    <s>Séminaires NSCo</s>
    <s>Rencontres scientifiques NSCo</s>
    <s>Soutenance de la thèse</s>
    <s>Offre de thèses financées</s>
    <s>Autres formations</s>
    <s>Rencontres scientifiques NSCo</s>
    <s>Les Rencontres scientifiques 2010 de l'Ecole Doctorale NSCo ont eu lieu le 3 Novembre 2010 dans les locaux de l'Institut des Sciences Cognitives, 67 Boulevard Pinel a Bron. Le Programme de cette journee a alterne l'accueil des nouveaux entrants, une conference pleniere par un scientifique invite, des communications scientifiques orales ou affichees par les doctorants de l'ED, une table ronde sur la valorisation des competences acquises durant la these, des pauses-cafe et un buffet.</s>
    <s>Cette journee a ete organisee par un comite au sein duquel les doctorants elus au conseil, Angelique Virgone et Raymond Najjar ont pris une part tres active, en collaboration avec Evelyne Robin, secretaire gestionnaire de l'ED. Une centaine de personnes, essentiellement des doctorants de 1ere, 2eme et 3eme annees, ont participe a l'integralite de cette journee.</s>
    <s>L'accueil des nouveaux entrants a ete anime par F. Jourdan et R. Gervais, en appui sur un diaporama rappelant l'organisation de l'Ecole doctorale, ses instances de fonctionnement et gestion, les exigences de la formation doctorales, les regles regissant le suivi et la soutenance de la these etc .</s>
    <s>La conference pleniere a ete donnee par Michel Hoen, chercheur au CNRS et ancien de l'Ecole doctorale. Au-dela de ses apports scientifiques personnels dont la problematique (correlats neurophysiologiques et corticaux de la comprehension de la parole) se situe au coeur des thematiques de l'ED, M. Hoen a relate son parcours post-doctoral original, dont une partie a ete realise dans le secteur industriel suisse.</s>
    <s>Six communications orales ont ete proposees par des doctorants de troisieme annee. A l'issue de la journee, le prix de la meilleure communication orale (votes des doctorants) a ete attribue par les participants a Jean Baptiste Eichenlaub (communication n°2).</s>
    <s>30 communication affichees (posters) ont ete presentes par des doctorants de 2eme et 3eme annee, et ont donne lieu a de longs et nombreux echanges entre participants. Les prix des deux meilleures communications affichees ont ete attribues par les participants a (communication n°) et (communication n° ). A l'issue de la journee, les deux prix des meilleures communications affichees ont ete attribues a Rawan Charafeddine (communication N°3) et Cynthia El Hage (communication N° 7).</s>
    <s>La journee s'est terminee par une table ronde sur la valorisation des competences acquises au cours de la these, animee par Remi Gervais, et a laquelle ont participe :</s>
    <s>- Berangere Labrosse, consultante-chargee d'orientation et d'insertion professionnelle au SOIE (Service d'Orientation et Insertion professionnelle des Etudiants) de l'Universite Lyon 1, correspondante a Lyon 1 de l'Association Bernard Gregory (ABG)</s>
    <s>- Elodie Gautier, presidente de l'Association BioDocs Lyon</s>
    <s>- Delphine Botti (BioVision 2011)</s>
    <s>Dans son expose Power Point consacre a la valorisation des competences acquises au cours du Doctorat, Berangere Labrosse a particulierement mis en valeur les competences transversales acquises par le doctorant au cours de sa formation et recherchees notamment par les employeurs du secteur prive. Elle a aussi informe les doctorants sur les ressources offertes par le service SOIE de l'Universite Lyon 1.</s>
    <s>Elodie Gautier a fait connaitre les activites de l'Association BioDocs dont l'un des buts principal est l'aide a l'insertion professionnel du doctorant.</s>
    <s>Enfin, Delphine Botti a presente l'impressionnant programme du colloque BioVision qui se tiendra a Lyon du 27 au 29 Mars 2011 a Lyon. Il s'agit d'un forum bi-annuel de tres haut niveau consacre a la fois a un panorama des dernieres avancees dans le domaine de la Biologie/Sante et a une reflexion ethique, societale et economique sur les enjeux de la recherche en Biologie pour les annees a venir. Le programme compte sur l'intervention de 33 prix Nobel, et de nombreux haut-dirigeants de la politique scientifique europeenne et dirigeants de tres grandes entreprises. Mme Botti dispose de 120 places gratuites pour les doctorants qui souhaitent assister a cet evenement. La participation a ce colloque sera validee par le college doctoral comme un module d'insertion professionnelle. Mme Botti a reculli l'inscriptions de 26 doctorants de l'ED NSCo.</s>
    <s>Au cours de la journee, les doctorants ont elu trois representants au Conseil d'Ecole Doctorale, pour occuper les postes vacants laisses par Nikola Makov, Lionel Brunel et Celine Renau Opt'hoog. Ont ete elus Anna Potocki (Lyon 2), Nina Kleinsz (Lyon 2) et Xavier Hinaut (Lyon 1)</s>
    <s>Accueil | Recherche | Ressources | Enseignement | Actualités | Emplois | Annuaire | Informations légales</s>
    <s>Contact web | Realisation : Alpha Studio</s>
  </text>
</page>
