<?xml version="1.0" encoding="UTF-8"?>
<!DOCTYPE page SYSTEM "page.dtd">
<page>
  <lang>fr</lang>
  <url>http://david-tremblay.ca/%3Ftag%3Dconferencier</url>
  <title>conférencier | David Tremblay</title>
  <snippet>
    <s>28 sept. 2011 Présentation opportunité d&#39;affaires et conférences. Posted on Categories: Horaire évènements | Tags: conférence, conférencier, Immunotec, </s>
  </snippet>
  <text>
    <s>Opportunité d'affaires</s>
    <s>Perdre du poids</s>
    <s>Produits naturels</s>
    <s>À propos</s>
    <s>David Tremblay</s>
    <s>Consultant indépendant Immunotec</s>
    <s>Posts Tagged With: conférencier</s>
    <s>Présentation opportunité d'affaires et conférences</s>
    <s>Posted on 28/09/2011 by David</s>
    <s>Samedi 1er octobre, Immunotec organise une réunion corporative importante à Montréal avec conférences et présentation de l'opportunité d'affaires. Qui sait peut-être que cette rencontre sera le point tournant de votre vie?  La seule façon de le vérifier est de participer à cette rencontre. Contactez-moi pour réserver une place: David Tremblay, 514 931-5009 Mon site Immunotec: http://www.immunotec.com/dauphin  9h00 Inscription 10h00 à … Continue reading »</s>
    <s>Categories: Horaire évènements | Tags: conférence, conférencier, Immunotec, présentation opportunité d'affaires | Comments Off</s>
    <s>Club Affaires Annonces classées Sylvie Paquet</s>
    <s>Pierre Kamnaing**</s>
    <s>Follow this blog</s>
    <s>Concept unique**</s>
    <s>Le marketing par réseau…</s>
    <s>Un supplément naturel qui a été scientifiquement et cliniquement prouvé</s>
    <s>Bien dormir est une préoccupation pour vous?</s>
    <s>Présentation opportunité d'affaires et conférences</s>
    <s>Pourquoi Immunotec?</s>
    <s>opportunité affaires,occasions affaires,revenu supplémentaire,plan b,boisson énergisante,perdre du poids,produit naturel,produits naturel,anti oxydant</s>
    <s>avantages fiscaux boissons énergisantes boisson énergisante boisson énergisante naturel boisson énergisante naturelle bonis voyage commerce a vendre conciliation travail famille concilier travail et famille démarrage entreprise démarrer entreprise E-Motion emploi étudiant escompte escompte 20% escompte 30% faire plus d'argent famille financer ses études gratis gratos gratuit Immunocal Immunocal platinum Immunotec job a domicile marketing par réseau mlm opportunité d'affaires produit santé gratuit produits Immunotec rabais rabais 30% rabais produit naturel revenu résiduel revenu supplémentaire santé solde suppléments naturel travailleur autonome travail à domicile travail étudiant économie économiser économisez</s>
    <s>entreprise à domicile</s>
    <s>Horaire évènements</s>
    <s>Produits santé</s>
    <s>Opportunité d'affaires</s>
    <s>Perdre du poids</s>
    <s>Produits naturels</s>
    <s>À propos</s>
    <s>, ,, !, Allo Québec, Annuaire Commercial, Annuaire Eplayaz</s>
    <s>Powered by WordPress</s>
    <s>Adventure Journal Theme is Proudly Designed By Contexture International</s>
  </text>
</page>
