<?xml version="1.0" encoding="UTF-8"?>
<!DOCTYPE page SYSTEM "page.dtd">
<page>
  <lang>fr</lang>
  <url>http://calenda.revues.org/nouvelle6921.html</url>
  <title>Calenda - Roald Dahl</title>
  <snippet>
    <s>19 mai 2006 Date limite : 30 octobre 2005. Colloque « ROALD de la littérature pour la jeunesse, mais aussi auteur de contes et nouvelles pour adultes. </s>
  </snippet>
  <text>
    <s>Abonnez-vous à la lettre :</s>
    <s>À propos de Calenda</s>
    <s>Signaler un événement</s>
    <s>en Sciences humaines</s>
    <s>et sociales</s>
    <s>Octobre 2011</s>
    <s>À la une</s>
    <s>Toutes les catégories</s>
    <s>Esprit et langage</s>
    <s>Types d'événements</s>
    <s>Tous les types</s>
    <s>Appels à contribution</s>
    <s>Journées d'étude</s>
    <s>Bourses, prix et emplois</s>
    <s>Appels d'offres</s>
    <s>Cycles de conférences</s>
    <s>Informations diverses</s>
    <s>!Voir les nouvelles</s>
    <s>S'abonner aux flux RSS de Calenda</s>
    <s>Archiver cette annonce</s>
    <s>À lire sur le même thème</s>
    <s>Mobilités et changements de catégories : portée et limites des données longitudinales</s>
    <s>Corps de parents, corps d'enfants. De la conception à l'éducation</s>
    <s>Sociologie et didactiques. Vers une transgression des frontières ?</s>
    <s>L'enseignement de l'arabe aux non arabophones : expériences croisées</s>
    <s>Parce que j'aime le savoir</s>
    <s>La transmission des savoirs dans un contexte scolaire, XIIIe-XXe siècle (2011-2012)</s>
    <s>Les normes de parentalité</s>
    <s>Formes d'éducation et processus d'émancipation</s>
    <s>Mobilités et changements de catégories : portée et limites des données longitudinales</s>
    <s>Corps de parents, corps d'enfants. De la conception à l'éducation</s>
    <s>Sociologie et didactiques. Vers une transgression des frontières ?</s>
    <s>Histoire et sociologie du livre</s>
    <s>Transferts, traductions et adaptations / transpositions de la culture de jeunesse (2011-2012)</s>
    <s>L'écartelage, ou l'écriture de l'espace (d')après Pierre Faucheux</s>
    <s>La liberté de conception face aux institutions sociales</s>
    <s>XXe siècle</s>
    <s>Des médias pour la paix : pratiques médiatiques et engagements pacifistes dans la France du XXe siècle</s>
    <s>Militantisme, sociabilité savante et identité professionnelle</s>
    <s>Vendre, promouvoir, éduquer : expositions et sociétés dans les colonies françaises, de 1830 aux indépendances</s>
    <s>Accueil  &gt;  Catégories  &gt;  Esprit et langage  &gt;  Éducation</s>
    <s>Jeudi 12 octobre 2006  |  Paris (75000)</s>
    <s>Roald Dahl</s>
    <s>Publié le vendredi 19 mai 2006 par Dan Dana</s>
    <s>Colloque international, en hommage à Roald Dahl, écrivain d'’origine norvégienne, né au Pays de Galles en 1916 et décédé en 1990, grande figure de la littérature pour la jeunesse, mais aussi auteur de contes et nouvelles pour adultes. Ce colloque sera organisé à Paris, à la BNF, les 12 et 13 octobre 2006, par le Centre d'Histoire Culturelle des Sociétés Contemporaines (Université de Versailles Saint-Quentin-en-Yvelines), La Joie par les livres, l'’Université Paris 10, et la Bibliothèque nationale de France.</s>
    <s>Roald DAHL</s>
    <s>Appel a contribution</s>
    <s>Date limite : 30 octobre 2005</s>
    <s>Colloque « ROALD DAHL »</s>
    <s>BNF Paris</s>
    <s>12 et 13 octobre 2006</s>
    <s>Appel a communication</s>
    <s>Date limite : 30 octobre 2005</s>
    <s>Presentation :</s>
    <s>Colloque international, en hommage a Roald Dahl, ecrivain d''origine</s>
    <s>norvegienne, ne au Pays de Galles en 1916 et decede en 1990, grande figure</s>
    <s>de la litterature pour la jeunesse, mais aussi auteur de contes et nouvelles</s>
    <s>pour adultes.</s>
    <s>Ce colloque sera organise a Paris, a la BNF, les 12 et 13 octobre 2006, par</s>
    <s>le Centre d'Histoire Culturelle des Societes Contemporaines (Universite de</s>
    <s>Versailles Saint-Quentin-en-Yvelines), La Joie par les livres, l'Universite</s>
    <s>Paris 10, et la Bibliotheque nationale de France.</s>
    <s>Les communications pourront porter sur les themes suivants:</s>
    <s>L'oeuvre pour la jeunesse</s>
    <s>Les romans autobiographiques</s>
    <s>Les nouvelles et contes pour adultes</s>
    <s>Les differents supports de lecture</s>
    <s>Les adaptations cinematographiques</s>
    <s>Les scenarios</s>
    <s>Les illustrateurs</s>
    <s>Les differentes editions</s>
    <s>Les traductions françaises</s>
    <s>La reception des oeuvres en Grande-Bretagne et a l'etranger</s>
    <s>L'exploitation pedagogique de l'oeuvre pour la jeunesse</s>
    <s>Coordination :</s>
    <s>- Monique Chassagnol (Paris 10)</s>
    <s>- Joelle Garcia (BnF)</s>
    <s>- Françoise Hache-Bissette (CHCSC)</s>
    <s>- Lucile Trunel (La Joie par les livres)</s>
    <s>Envoi de la proposition de communication :</s>
    <s>Les propositions de communication (1500 signes environ) sont a envoyer par</s>
    <s>mail avant le 30 octobre 2005 en format Word ou rtf a l'adresse suivante :</s>
    <s>Paris (75000) (BNF )</s>
    <s>jeudi 12 octobre 2006</s>
    <s>vendredi 13 octobre 2006</s>
    <s>Lucile Trunel</s>
    <s>courriel : lucile point trunel (at) lajoieparleslivres point com</s>
    <s>Source de l'information</s>
    <s>Françoise Hache-Bissette</s>
    <s>courriel : francoise.hache tiret bissette (at) chcec.uvsq point fr</s>
    <s>Pour citer cette annonce</s>
    <s>« Roald Dahl », Colloque, Calenda , publié le vendredi 19 mai 2006, http://calenda.revues.org/nouvelle6921.html</s>
    <s>Accès réservé</s>
    <s>Revues.orgRevues et collections de livres</s>
    <s>Les revues (305)</s>
    <s>Les collections de livres (18)</s>
    <s>En savoir plus</s>
    <s>CalendaCalendrier des sciences sociales</s>
    <s>Acceder aux evenements ()</s>
    <s>En savoir plus</s>
    <s>Hypotheses.orgCarnets et blogs de recherche</s>
    <s>Acceder aux carnets (243)</s>
    <s>En savoir plus</s>
    <s>Lettre &amp; alertes</s>
    <s>LettreS'abonner a la Lettre de Revues.org</s>
    <s>Alertes &amp; abonnementsAcceder au service</s>
    <s>Calendrier des lettres et sciences humaines et sociales</s>
    <s>*jeudi 12 octobre 2006: 20061012</s>
  </text>
</page>
