<?xml version="1.0" encoding="UTF-8"?>
<!DOCTYPE page SYSTEM "page.dtd">
<page>
  <lang>fr</lang>
  <url>http://univ-pop-smo.canalserveur.com/historique.php</url>
  <title>HISTORIQUE DES CONFÉRENCES</title>
  <snippet>
    <s>UNIVERSITE POPULAIRE - Saint-Michel sur Orge Essonne </s>
  </snippet>
  <text>
    <s>ACCUEIL | PROGRAMME 2010 / 2011 | HISTORIQUE DES CONFÉRENCES | CONTACT</s>
    <s>HISTORIQUE DES CONFÉRENCES 2010 - 2009 - 2008 - 2007 - 2006 - 2005 - 2004</s>
    <s>Date de la conference : Mardi 7 Decembre 2010 (au Centre social)</s>
    <s>Titre de la conference : Histoire de la vie politique en Turquie au XXeme siecle</s>
    <s>Conferencier : Kamal BAYRAMZADEH</s>
    <s>Docteur en Sciences politiques.</s>
    <s>Chercheur paris XIII</s>
    <s>Date de la conference : Mardi 9 Novembre 2010</s>
    <s>Titre de la conference : Alphabetisation : Integration des populations etrangeres</s>
    <s>Conferencier : Khaled ABICHOU</s>
    <s>Directeur et animateur au Centre de Ressources Illettrisme &quot;ICI ET LA&quot;.</s>
    <s>Date de la conference : Mardi 5 Octobre 2010</s>
    <s>Titre de la conference : L'evolution de la fonction de prefet</s>
    <s>Conferencier : Daniel BARNIER</s>
    <s>Sous-prefet de Palaiseau</s>
    <s>Date de la conference : Mardi 8 Juin 2010</s>
    <s>Titre de la conference : Tourisme durable et territoire : L'ailleurs est-il toujours loin ?</s>
    <s>Conferenciere : Anne-Solange MUIS, ingenieur de recherche en geographie</s>
    <s>Conferencier : Julien GUERRERO, geographe voyageur</s>
    <s>Les nouvelles apprehensions de l'espace et du temps (territoire, distance) liees a l'evolution du contexte social, economique, culturel et ecologique.</s>
    <s>Les nouvelles formes de voyage pour un tourisme plus durable.</s>
    <s>Date de la conference : Mardi 4 Mai 2010</s>
    <s>Titre de la conference : La difficulte de l'insertion des sourds dans le monde des entendants.</s>
    <s>Conferenciere : Sandrine HERMAN</s>
    <s>Realisatrice de &quot;Sourds et malentendus&quot;.</s>
    <s>Presidente de &quot;Les yeux pour entendre&quot;.</s>
    <s>Date de la conference : Mardi 6 Avril 2010</s>
    <s>Titre de la conference : Histoire des structures sonores Baschet.</s>
    <s>Conferencier : Bernard BASCHET</s>
    <s>Musicien, sculpteur, facteur de structures sonores.</s>
    <s>Date de la conference : Mardi 16 Mars 2010</s>
    <s>Titre de la conference : Le projet de grand Paris.</s>
    <s>Conferencier : Roland CASTRO</s>
    <s>Date de la conference : Mardi 9 Mars 2010</s>
    <s>Titre de la conference : La crise financiere.</s>
    <s>Conferencier : Denis DURAND</s>
    <s>Economiste, Membre du Conseil Economique et Social de la Banque de France.</s>
    <s>Auteur de Un autre Credit est possible.</s>
    <s>Date de la conference : Mardi 2 Fevrier 2010</s>
    <s>Titre de la conference : Le colonialisme est-il mort ? Par un temoin eclaire de la guerre d'Algerie.</s>
    <s>Conferencier : Henri ALLEG</s>
    <s>Ancien directeur d'Alger Republicain, auteur de La Question (1958).</s>
    <s>Date de la conference : Mardi 5 Janvier 2010</s>
    <s>Titre de la conference : Au-dela de Darwin.</s>
    <s>Conferencier : Jean STAUNE</s>
    <s>Universite interdisciplinaire de Paris.</s>
    <s>Enseignant HEC.</s>
    <s>Date de la conference : Mardi 8 Decembre 2009</s>
    <s>Titre de la conference : Histoire contemporaine de l'Iran.</s>
    <s>Conferencier : Ata AYATI</s>
    <s>Historien-chercheur, Co-fondateur revue Eurorient et Kamal BAYRAMZADEH</s>
    <s>Docteur Sciences politiques.</s>
    <s>Date de la conference : Mardi 10 Novembre 2009</s>
    <s>Titre de la conference : L'illettrisme : de quoi parle-t-on ?</s>
    <s>Conferencier : Khaled ABICHOU</s>
    <s>Directeur et animateur au Centre de Ressources Illettrisme &quot;ICI ET LA&quot;.</s>
    <s>Date de la conference : Mardi 6 Octobre 2009</s>
    <s>Titre de la conference : Le changement climatique : Que peut-on faire ?</s>
    <s>Conferencier : Franck CHAUVEAU</s>
    <s>Directeur Developpement EDF.</s>
    <s>Date de la conference : Mardi 2 Juin 2009</s>
    <s>Titre de la conference : Une femme formidable.</s>
    <s>Conferenciere : Anny DUPEREY</s>
    <s>Date de la conference : Mardi 5 Mai 2009</s>
    <s>Titre de la conference : L'Insecurite Informatique.</s>
    <s>Conferencier : Marc BOTHOREL</s>
    <s>CHRONOMICRO Ingenieur.</s>
    <s>Ex responsable Europeen de programmes chez Hewlett-Packard.</s>
    <s>Date de la conference : Mardi 7 Avril 2009</s>
    <s>Titre de la conference : Histoire de la pudeur publique du XIXeme au XXIeme siecle.</s>
    <s>Conferenciere : Marcela IACUB</s>
    <s>Chercheuse au CNRS.</s>
    <s>Membre de l'EHESS.</s>
    <s>Date de la conference : Mardi 3 Mars 2009</s>
    <s>Titre de la conference : La Commune de Paris.</s>
    <s>Conferencier : Georges BEISSON</s>
    <s>Diplome Ecole du Louvre.</s>
    <s>Association des amis de la Commune.</s>
    <s>Date de la conference : Mardi 3 Fevrier 2009</s>
    <s>Titre de la conference : Vive l'Impot !</s>
    <s>Conferencier : Liem HOANG NGOC</s>
    <s>Maitre de conferences Economie a Paris I.</s>
    <s>Rattache CNRS.</s>
    <s>Date de la conference : Mardi 6 Janvier 2009</s>
    <s>Titre de la conference : Le changement climatique.</s>
    <s>Conferencier : Franck CHAUVEAU</s>
    <s>Directeur developpement EDF.</s>
    <s>Date de la conference : Mardi 2 Decembre 2008</s>
    <s>Titre de la conference : Le traitement biologique des dechets menagers.</s>
    <s>Conferencier : Theodore BOUCHEZ</s>
    <s>Ingenieur des Eaux et Forets.</s>
    <s>Docteur en Biotechnologie pour l'environnement.</s>
    <s>Date de la conference : Mardi 12 Novembre 2008</s>
    <s>Titre de la conference : 18 ans apres le record du monde </s>
    <s>Conferencier : Jean-Charles TROUABAL</s>
    <s>Athlete Record du relais 4x100 m en 1990.</s>
    <s>Date de la conference : Mardi 7 Octobre 2008</s>
    <s>Titre de la conference : La Micro-Finance en France</s>
    <s>Conferencier : Paul LORIDANT</s>
    <s>Secretaire general de l'Observatoire de la Micro-finance a la Banque de France.</s>
    <s>Senateur honoraire.</s>
    <s>Date de la conference : Mardi 3 Juin 2008</s>
    <s>Titre de la conference : L'integrisme dans les Sciences.</s>
    <s>Conferencier : Yskandar HAMAM</s>
    <s>Date de la conference : Mardi 6 Mai 2008</s>
    <s>Titre de la conference : Faut-il avoir peur de la mondialisation ?</s>
    <s>Conferencier : Gilles ROTILLON</s>
    <s>Universite Paris X.</s>
    <s>Economiste de l'environnement.</s>
    <s>Date de la conference : Mardi 1er Avril 2008</s>
    <s>Titre de la conference : La diversite biologique : Quel avenir pour demain ?</s>
    <s>Conferencier : Jean-Patrick LEDUC</s>
    <s>Charge des Relations Internationales au Museum d'histoire naturelle de Paris.</s>
    <s>Date de la conference : Mardi 11 Mars 2008</s>
    <s>Titre de la conference : Quelles sont les relations de l'Eglise Catholique avec l'oecumenisme et l'interreligieux ?</s>
    <s>Conferencier : Jean-Pierre PASCUAL</s>
    <s>Diacre permanent a Saint-Michel sur Orge.</s>
    <s>Date de la conference : Mardi 5 Fevrier 2008</s>
    <s>Titre de la conference : Les Druides : des philosophes chez les barbares.</s>
    <s>Conferencier : Jean-Louis BRUNAUX</s>
    <s>Chercheur au CNRS.</s>
    <s>Directeur de fouilles archeologiques.</s>
    <s>Date de la conference : Mardi 8 Janvier 2008</s>
    <s>Titre de la conference : Comment ne pas se laisser pieger par la notoriete ?</s>
    <s>Conferencier : Leny ESCUDERO</s>
    <s>Date de la conference : Mardi 4 Decembre 2007</s>
    <s>Titre de la conference : Aux origines de la presence vietnamienne en France : une immigration en situation coloniale (1920-1954).</s>
    <s>Conferencier : Thierry LEVASSEUR</s>
    <s>Professeur d'histoire.</s>
    <s>Doctorant a Paris VII.</s>
    <s>Date de la conference : Mardi 13 Novembre 2007</s>
    <s>Titre de la conference : La revolution du microcredit.</s>
    <s>Conferenciere : Maria NOWAK</s>
    <s>Presidente de l'Association pour le droit a l'initiative economique.</s>
    <s>Date de la conference : Mardi 2 Octobre 2007</s>
    <s>Titre de la conference : Les relations entre medecins et patients.</s>
    <s>Conferencier : Antoine SPIRE</s>
    <s>Journaliste, Universitaire</s>
    <s>Laureat du prix MEDEC 2005 pour « Dieu aime-t-il les malades ? ».</s>
    <s>Date de la conference : Mardi 6 Juin 2007</s>
    <s>Titre de la conference : Est-ce plus difficile pour une femme de faire rire ?.</s>
    <s>Conferenciers : Nicole AVEZARD</s>
    <s>Artiste « Les Vamps ».</s>
    <s>Date de la conference : Mardi 9 Mai 2007</s>
    <s>Titre de la conference : Croissance et dloppement durable : Lnomie des ressources naturelles .</s>
    <s>Conferencier : Gilles ROTILLON</s>
    <s>Professeur Sciences economiques Paris X.</s>
    <s>Date de la conference : Mardi 4 Avril 2007</s>
    <s>Titre de la conference : Histoire des ethnies Africaines avant lIslam.</s>
    <s>Conferenciers : Alpha Mohamed Loppe SOW</s>
    <s>Docteur en Histoire - Centre d'etudes du monde Africain Universite Paris I.</s>
    <s>Date de la conference : Mardi 7 Mars 2007</s>
    <s>Titre de la conference : Informatique et libertes : Les logiciels libres face aux monopoles des grands editeurs .</s>
    <s>Conferencier : Roberto DI COSMO</s>
    <s>Chercheur ENS Informatique Fondateur projet DemoLinux.</s>
    <s>Date de la conference : Mardi 7 Fevrier 2007</s>
    <s>Titre de la conference : La Fonction de Maire</s>
    <s>Conferencier : Jean-Loup ENGLANDER</s>
    <s>Maire honoraire de St Michel et Conseiller General en exercice.</s>
    <s>Date de la conference : Mardi 10 Janvier 2007</s>
    <s>Titre de la conference : Immigration et Integration des Portugais de France</s>
    <s>Conferencier : Hermano SANCHES RUIVO</s>
    <s>President coordination des Collectivites Portugaises de France.</s>
    <s>Date de la conference : Mardi 6 Decembre 2006</s>
    <s>Titre de la conference : Quand les banlieues brulent lecole est-elle en cause ? 1 an apres .</s>
    <s>Conferencier : Laurent OTT</s>
    <s>Educateur, enseignant, docteur en philosophie.</s>
    <s>Date de la conference : Mardi 8 Novembre 2006</s>
    <s>Titre de la conference : Histoire du droit du travail : Du contrat de louage au contrat de travail unique.</s>
    <s>Conferencier : Daniel MARCHAND</s>
    <s>Professeur de droit social au CNAM.</s>
    <s>Date de la conference : Mardi 4 Octobre 2006</s>
    <s>Titre de la conference : La revolution Française.</s>
    <s>Conferencier : Julien DRAY</s>
    <s>Depute et ex enseignant.</s>
    <s>Date de la conference : Mardi 6 Juin 2006</s>
    <s>Titre de la conference : Pour une meilleure comprehension et intation des autistes.</s>
    <s>Conferencier : Howard BUTEN</s>
    <s>Psychologue, clown, ecrivain.</s>
    <s>Date de la conference : Mardi 9 Mai 2006</s>
    <s>Titre de la conference : Colonisation Decolonisation Immigration Republique de Guinee .</s>
    <s>Conferenciers : Mamadou SOW et Moussa KANTE</s>
    <s>Mamadou SOW : Professeur dhistoire.</s>
    <s>Moussa KANTE : Diplome de lENSAT Toulouse et du CNSEI Suresnes.</s>
    <s>Date de la conference : Mardi 7 Mars 2006</s>
    <s>Titre de la conference : Avec le Club Histoire : Histoire des Grands ensembles en Essonne.</s>
    <s>Conferenciers : Sylvain TABOURY et Maurice VERRET</s>
    <s>Sylvain TABOURY : charge detudes.</s>
    <s>Maurice VERRET : Ancien gestionnaire Bois des Roches.</s>
    <s>Date de la conference : Mardi 31 Janvier 2006</s>
    <s>Titre de la conference : Fortes tetes et parents deboussoles.</s>
    <s>Conferencier : Cyril MALGLAIVE</s>
    <s>Educateur specialise et animateur du Camp des Fortes tetes sur M6.</s>
    <s>Date de la conference : Mardi 10 Janvier 2006</s>
    <s>Titre de la conference : Le role de prefet.en temps calme et en temps de crise.</s>
    <s>Conferencier : Jean CHEVANCE</s>
    <s>Ancien prefet de ron.</s>
    <s>Date de la conference : Mardi 6 Decembre 2005</s>
    <s>Titre de la conference : Laviation des origines au Concorde et la place des femmes dans cette histoire.</s>
    <s>Conferencier : Edouard CHEMEL</s>
    <s>Ancien commandant de bord sur Concorde.</s>
    <s>Date de la conference : Mardi 8 Novembre 2005</s>
    <s>Titre de la conference : Histoire de lenseignement : La fin du college unique ?</s>
    <s>Conferenciere : Helene GISPERT</s>
    <s>Professeur dhistoire des sciences a Paris VII Orsay.</s>
    <s>Date de la conference : Mardi 4 Octobre 2005</s>
    <s>Titre de la conference : Histoire de limmigration en France de 1945 975 : Sur quels criteres ?</s>
    <s>Conferencier : Alexis SPIRE</s>
    <s>Chercheur CNRS.</s>
    <s>Date de la conference : Mardi 7 Juin 2005</s>
    <s>Titre de la conference : ARIANE : Un moteur Français, Une reussite Europeenne.</s>
    <s>Conferencier : Guy DUBAU</s>
    <s>Ancien directeur Base de lancement a Kourou.</s>
    <s>Date de la conference : Mardi 20 Avril 2005</s>
    <s>Titre de la conference : Histoire de la censure en France.</s>
    <s>Conferencier : François CAVANNA</s>
    <s>Co-fondateur Charlie Hebdo.</s>
    <s>Date de la conference : Mardi 5 Avril 2005</s>
    <s>Titre de la conference : Accord general sur le commerce des services : quest ce que cest ?</s>
    <s>Conferenciere : Susan GEORGE</s>
    <s>Vice-presidente ATTAC.</s>
    <s>Date de la conference : Mardi 8 Mars 2005</s>
    <s>Titre de la conference : Drogues : Penalisation et depenalisation.</s>
    <s>Conferencier : Philipe HOFMAN</s>
    <s>Intervenant CEPFI.</s>
    <s>Date de la conference : 1er Fevrier 2005</s>
    <s>Titre de la conference : Histoire du cinema et representation du monde.</s>
    <s>Conferencier : Romain POMEDIO</s>
    <s>Maitre conferences Universite Paris VIII.</s>
    <s>Date de la conference : Mardi 11 Janvier 2005</s>
    <s>Titre de la conference : Environnement et urbanisation : 2 siecles de la Vallee de lOrge.</s>
    <s>Conferencier : Andre GUILLERME</s>
    <s>Professeur CNAM.</s>
    <s>Date de la conference : Mardi 7 Decembre 2004</s>
    <s>Titre de la conference : Les jeux informatiques : interets et dangers.</s>
    <s>Conferencier : MARCUS</s>
    <s>Journaliste TV, specialiste des jeux video.</s>
    <s>Date de la conference : Mardi 9 Novembre 2004</s>
    <s>Titre de la conference : Reussite scolaire et ecole de la republique</s>
    <s>Conferenciere : Tania de MONTAIGNE</s>
    <s>Critique litteraire, ecrivain.</s>
    <s>Date de la conference : Mardi 6 Juin 2004</s>
    <s>Titre de la conference : La laicite vue par un musulman</s>
    <s>Conferencier : Khalil MERROUN</s>
    <s>Recteur de la mosquee dEvry.</s>
    <s>Date de la conference : Mardi 6 Avril 2004</s>
    <s>Titre de la conference : Lhistoire des idees fnistes en France.</s>
    <s>Conferenciere : Sylvie CHAPERON</s>
    <s>Maitre conference Universite Toulouse.</s>
    <s>Date de la conference : Mardi 3 Fevrier 2004</s>
    <s>Titre de la conference : Les changements du capitalisme americain : Le dollar et la force</s>
    <s>Conferencier : Jacques COSSART</s>
    <s>Conseil scientifique ATTAC.</s>
    <s>UNIVERSITÉ POPULAIRE Saint-Michel sur Orge @ 2011</s>
  </text>
</page>
