<?xml version="1.0" encoding="UTF-8"?>
<!DOCTYPE page SYSTEM "page.dtd">
<page>
  <lang>fr</lang>
  <url>http://info.catho.be/2011/10/12/bethleem-au-patrimoine-mondial-de-l%25E2%2580%2599unesco/</url>
  <title>Bethléem, au Patrimoine mondial de l&#39;Unesco ? | L&#39;information en ...</title>
  <snippet>
    <s>il y a 4 jours Derniers articles en RSS Parmi ceux-ci: Bethléem, lieu de naissance du Christ, Hébron, pour le caveau des Patriarches, la ville de Bethléem, mais elle avait été rejetée au motif qu&#39;elle ne pouvait être présentée que par un État. Mais les choses pourraient être différentes si la Conférence de l&#39;Unesco, </s>
  </snippet>
  <text>
    <s>Rester connecté</s>
    <s>Derniers articles en RSS</s>
    <s>A la Une</s>
    <s>le fil info</s>
    <s>Non classé</s>
    <s>Vicariat Brabant wallon</s>
    <s>Vicariat Bruxelles</s>
    <s>Diocèse Liège-Lüttich</s>
    <s>Diocèse Namur</s>
    <s>Diocèse Tournai</s>
    <s>Brabant wallon</s>
    <s>CathoBel Belgique</s>
    <s>CathoBel Evêques</s>
    <s>CathoBel International</s>
    <s>CathoBel Vatican</s>
    <s>Journal PDF</s>
    <s>Derniers commentaires en RSS</s>
    <s>Nous suivre sur Twitter</s>
    <s>Brabant wallon</s>
    <s>Journal PDF</s>
    <s>JMJ Madrid 2011</s>
    <s>Béatification de Jean-Paul II</s>
    <s>Ordinations épiscopales</s>
    <s>Bethléem, au Patrimoine mondial de l’Unesco ?</s>
    <s>Basilique de la Nativité à Bethléem</s>
    <s>L'autorité palestinienne a recensé une vingtaine de sites culturels qui pourraient prétendre au titre de patrimoine mondial de l'UNESCO; En premier lieu desquels, la ville de Bethléem, lieu de naissance du Christ.</s>
    <s>Alors que les Palestiniens ont enregistré, le 5 octobre dernier, une victoire diplomatique avec l’approbation, par 40 voix sur 58, d’un texte visant à faire de la Palestine un membre à part entière de l’Unesco, l’Autorité palestinienne a fait savoir qu’elle allait proposer l’inscription de plusieurs sites au patrimoine mondial. Parmi ceux-ci:  Bethléem, lieu de naissance du Christ, Hébron, pour le caveau des Patriarches, un site révéré à la fois par les juifs et les musulmans, et Jéricho, une des villes les plus anciennes de l’humanité.</s>
    <s>Une demande avait déjà été formulée début 2011 pour la ville de Bethléem, mais elle avait été rejetée au motif qu’elle ne pouvait être présentée que par un État. Mais les choses pourraient être différentes si la Conférence de l’Unesco, qui se réunira à Paris du 25 octobre au 10 novembre, ratifiait la recommandation votée le 5 octobre. L’Unesco serait alors la première institution de l’ONU à reconnaître la Palestine comme un État.</s>
    <s>L’Autorité palestinienne se défend toutefois de vouloir instrumentaliser politiquement cette inscription. « Nous ne voyons pas l’Unesco comme le théâtre pour la confrontation, mais un lieu pour bâtir des ponts « , assure Hamdan Taha, ministre palestinien en charge des antiquités. (CtB/LaCroix/PA)</s>
    <s>Lire aussi :</s>
    <s>La Palestine à l'ONU, une chance pour la paix</s>
    <s>Le Jourdain, un enjeu géopolitique</s>
    <s>Pas d'Etat palestinien indépendant sans dialogue</s>
    <s>Paix et sécurité d'urgence</s>
    <s>28 millions d’enfants sont privés d’instruction du fait des conflits armés</s>
    <s>URL courte: http://info.catho.be/?p=9773</s>
    <s>Posté par Pascal le 12 oct 2011. inséré dans Actualité, CathoBel, CathoBel International, le fil info. Vous pouvez suivre les réponses de cet article à travers le RSS 2.0. Vous pouvez répondre ou laisser un trackback à cet article</s>
    <s>Commentaires de Facebook et Catho.Be :</s>
    <s>Cliquez ici pour annuler la réponse.</s>
    <s>Nom (requis)</s>
    <s>E-Mail (ne sera pas publié) (requis)</s>
    <s>Site Web</s>
    <s>Articles récents</s>
    <s>Il était une foi… la santé</s>
    <s>Retrouvez la Novattitude</s>
    <s>La pratique religieuse en Belgique est en nette diminution</s>
    <s>Le site Aleteia :la nouvelle évangélisation sur Internet</s>
    <s>Joseph Comblin, Dom Helder Camara, indignés et prophètes</s>
    <s>Prix d’Art Chrétien 2012 : plus que 6 mois!</s>
    <s>Réactions convergentes de solidarité envers les coptes d'Egypte</s>
    <s>Une campagne brassicole pour rénover une abbaye</s>
    <s>Namur: 400 ans de présence jésuite</s>
    <s>Tim Guénard une vie cabossée, un témoignage qui désinstalle</s>
    <s>Derniers commentaires</s>
    <s>lb dans Enseignement catholique: pas de discrimination pour les divorcés-remariés</s>
    <s>burubu dans Enseignement catholique: Mgr Léonard déconseille certains postes aux divorcés-remariés</s>
    <s>Jacques DELCOURT dans Enseignement catholique: Mgr Léonard déconseille certains postes aux divorcés-remariés</s>
    <s>Jacques DELCOURT dans Enseignement catholique: pas de discrimination pour les divorcés-remariés</s>
    <s>sam dans Enseignement catholique: pas de discrimination pour les divorcés-remariés</s>
    <s>Archidiocèse Malines-Bruxelles</s>
    <s>Diocèse Liège</s>
    <s>Diocèse Namur</s>
    <s>Diocèse Tournai</s>
    <s>Vicariat Brabant wallon</s>
    <s>Vicariat Bruxelles</s>
    <s>Portail Catho.be</s>
    <s>RCF Bruxelles</s>
    <s>RCF Liège</s>
    <s>RCF Namur</s>
    <s>Fondation Saint-Paul</s>
    <s>La Croix</s>
    <s>abus abus sexuels Allemagne avortement Benoît XVI béatification chine commission &quot;abus&quot; conférences Dimanche Egypte Enfants enseignement Europe Famille formation France interreligieux irak Islam Jean-Paul II Jeunes JMJ JMJ 2011 Journal Dimanche Libye livres Mgr André-Joseph Léonard minorités médias Namur oecuménisme ordination Pakistan Pape pauvreté Persécutions pèlerinage pédophilie radio solidarité sommaire Vatican éditorial évêques</s>
    <s>Galerie photo</s>
    <s>JMJ Madrid 2011 : premières photos de la messe d'ouverture</s>
    <s>Namur : Xavier Le Paige est ordonné prêtre</s>
    <s>Tournai : Bruno Vandenbulcke a été ordonné prêtre….</s>
    <s>Photos de la rencontre de Jacques Mercier avec la Rédaction des Médias Catholiques</s>
    <s>Photos de la veillée de Pentecôte à la cathédrale de Bruxelles</s>
    <s>Photos des coulisses de l'émission « Il était une foi… » TV (RadioTélé)</s>
    <s>Médias Catholiques en Belgique</s>
    <s>Avatars by Sterling Adventures</s>
    <s>Connexion | Conçu par Catho.be</s>
  </text>
</page>
