<?xml version="1.0" encoding="UTF-8"?>
<!DOCTYPE page SYSTEM "page.dtd">
<page>
  <lang>fr</lang>
  <url>http://admee2012.uni.lu/index.php/calendrier</url>
  <title>Calendrier - ADMEE 2012</title>
  <snippet>
    <s>15 juillet 2011 : date limite pour le dépôt des propositions; 20 août 2011 : date 15 octobre 2011 : date limite pour la notification aux auteurs; 15 novembre 2011 pré-conférence; 11-12-13 janvier 2012 : 24e colloque de l&#39;ADMEE-Europe </s>
  </snippet>
  <text>
    <s>Skip to content</s>
    <s>Jump to main navigation and login</s>
    <s>Nav view search</s>
    <s>EDITION 2012</s>
    <s>Page d'accueil</s>
    <s>Appel à communication</s>
    <s>Pré-conférence du 10 janvier</s>
    <s>Programme du 11 janvier</s>
    <s>Programme du 12 janvier</s>
    <s>Programme du 13 janvier</s>
    <s>Soirée festive</s>
    <s>VOTRE PARTICIPATION</s>
    <s>Soumettre une proposition</s>
    <s>S’inscrire au colloque</s>
    <s>Documents à télécharger</s>
    <s>INFORMATIONS PRATIQUES</s>
    <s>Les dates à retenir </s>
    <s>10 mars 2011 : lancement de l'appel à communication</s>
    <s>15 mars 2011 : ouverture de la plate-forme de soumission</s>
    <s>17 avril 2011 : début des inscriptions en ligne</s>
    <s>15 juillet 2011 : date limite pour le dépôt des propositions</s>
    <s>20 août 2011 : date limite pour le dépôt des propositions</s>
    <s>15 octobre 2011 : date limite pour la notification aux auteurs</s>
    <s>15 novembre 2011 : majoration des droits d'inscription</s>
    <s>31 décembre 2011 : clôture des inscriptions en ligne</s>
    <s>10 janvier 2012 : pré-conférence</s>
    <s>11-12-13 janvier 2012 : 24e colloque de l'ADMEE-Europe</s>
    <s>15 février 2012 : date limite de réception des textes pour la publication dans les Actes du colloque</s>
  </text>
</page>
