<?xml version="1.0" encoding="UTF-8"?>
<!DOCTYPE page SYSTEM "page.dtd">
<page>
  <lang>fr</lang>
  <url>http://programmez.com/actualites.php%3Ftitre_actu%3DWhat-s-Next--l-evenement-francais-de-la-communaute-Java%26id_actu%3D9483</url>
  <title>What&#39;s Next : l&#39;événement français de la communauté Java ...</title>
  <snippet>
    <s>22 avr. 2011 A l&#39;approche de What&#39;s Next, événement majeur pour la communauté IT, Ari a accepté de venir de San Francisco afin de présenter devant une salle comble de 150 personnes. L&#39;Allemagne a la conférence annuelle JAX, la Belgique a la . Lire l&#39;article. IP Convergence Le salon des applications, </s>
  </snippet>
  <text>
    <s>Le portail des dloppeurs</s>
    <s>Abonnement | Mon compte</s>
    <s>Livres Blancs</s>
    <s>Avis d'experts</s>
    <s>Recherche :</s>
    <s>RSS | NEWSLETTER | CONTACT</s>
    <s>TOP SSII &amp; Editeurs 2010</s>
    <s>Intel Parallel Studio</s>
    <s>BizTalk Server 2009</s>
    <s>Livres blancs</s>
    <s>Flux RSS</s>
    <s>Enqu lecteurs</s>
    <s>Tribune libre</s>
    <s>Mon espace</s>
    <s>Mon compte</s>
    <s>Espace abonn/a&gt;</s>
    <s>What's Next : l'nement frans de la communautava</s>
    <s>Reportage - Rge vendredi 22 avril 2011 par Interview Programmez|</s>
    <s>What's Next | Zenika |</s>
    <s>A l'approche de What's Next, evenement majeur pour la communaute IT, Pierre Queinnec CTO - Zenika, nous presente cette conference qui reunira le 26 et 27 mai, au Grand Rex, les plus grands noms du monde Java.</s>
    <s>-Quelle est la genese de l'evenement, d'ou vient l'idee ?</s>
    <s>Pour repondre a cette question, il faut un peu de contexte. En 2008, Zenika a fait venir Ari Zilka, le CTO de Terracotta, pour une conference exceptionnelle a Paris. Ari a accepte de venir de San Francisco afin de presenter devant une salle comble de 150 personnes.</s>
    <s>A l'epoque, rappelons que le Java User Group parisien venait de se lancer, et etait le seul a organiser des evenements publics sur Java a Paris. Zenika etait sponsor du Paris JUG, mais souhaitait aussi promouvoir d'autres technologies qui lui semblaient interessantes, et participer en sus de façon directe au partage de l'information en sponsorisant la venue de stars de notre domaine.</s>
    <s>Zenika a ete creee par des consultants Java/JEE, et il est clair que l'une de nos motivations etait de pouvoir profiter de ces conferences pour rencontrer les personnes derriere les technologies que nous appreciions tant. C'est pour cela que nous avons fait venir les auteurs des projets open-source que nous souhaitions soutenir, notamment Spring, Apache Wicket, iText, Terracotta, Eclipse BIRT, HTML5, EhCache, etc Nous avons ainsi organise une quarantaine de conferences, toutes gratuites, suivies d'un pot avec les speakers pour que chacun puisse poser ses questions techniques.</s>
    <s>En 2010, a la demande de la Fondation Eclipse dont nous sommes membres, nous avons repris le flambeau de l'organisation de la grande conference française Eclipse annuelle. L'Eclipse Day Paris a reuni les plus grands specialistes de l'ecosysteme Eclipse dans un format sur une journee, gratuite et libre d'acces, au Pavillon Royal. L'evenement a eu un grand succes, un peu plus de 400 personnes ayant fait le deplacement pour rencontrer les developpeurs Eclipse.</s>
    <s>Fort de cette experience, nous avons souhaite organiser une grande conference française afin de reunir toute la communaute de passionne(e)s Java de France. Le second motif tres important derriere la creation de la What's Next, est la constatation que la France souffre cruellement d'une comparaison avec les autres pays europeens sur le terrain des grandes conferences Java. L'Angleterre a une quantite d'evenements de grande taille couvrant tous les domaines et tous les langages de programmation. L'Allemagne a la conference annuelle JAX, la Belgique a la fameuse conference Devoxx qui reunit 3500 personnes, etc.</s>
    <s>Il est important pour la France de pouvoir s'etablir de façon visible sur la scene mondiale Java, et la What's Next est l'une des pieces du puzzle. En tout cas c'est notre pierre a l'edifice.</s>
    <s>-Comment voyez vous le present et l'avenir de java ?</s>
    <s>Le present, c'est celui de l'un des langages les plus utilises de l'histoire de l'informatique, aussi bien en termes d'existant que de projets en cours ou en amorçage. C'est aussi le constat qu'une syntaxe volontairement simple et lisible est un choix de predilection pour les entreprises, pour lesquelles une ligne ecrite est une ligne a maintenir.</s>
    <s>L'avenir se fonde sur ce double constat: Java est un langage de masse, sans connotation pejorative, c'est-a-dire qu'il nivelle l'ecart de niveau entre un developpeur brillant et un developpeur moins au fait de ses possibilites. L'ecart de productivite ne se situera pas forcement au niveau syntaxique, mais au niveau de l'utilisation des bibliotheques disponibles, des briques open-source les plus adaptees. Un bon developpeur saura tirer parti des technologies pointues qui sont aujourd'hui librement disponibles, alors qu'une personne moins au fait re-ecrira sans cesse des fonctionnalites deja accessibles. Le terme langage de masse n'est comme precise pas pejoratif, car il permet a des developpeurs de niveaux varies de cohabiter sur un meme projet en minimisant les chances de tomber sur du code ou personne ne saura intervenir.</s>
    <s>L'avenir est donc fonde sur cette base. Java evolue mais conserve en memoire sa population cible. Son evolution est donc volontairement conservatrice, meme si l'integration des Closures est bienvenue et provoquera une vraie attente des developpeurs pour que les productions se mettent a jour.</s>
    <s>Mais l'avenir de Java n'est peut-etre pas uniquement Java sur la JVM, mais bien Java la syntaxe, au travers de projets comme Android ou GWT par exemple… La conference What's Next vise a repondre a une partie de ces interrogations, notamment en regroupant des speakers d'horizons et de societes tres differents.</s>
    <s>-Comment se positionne Zenika par rapport a java ?</s>
    <s>Tres clairement, Java est notre langage de predilection, et la JVM notre plateforme de choix. Mais il faut savoir etre force de proposition et presenter des solutions basees sur leurs merites techniques respectifs, afin de permettre aux utilisateurs de faire des choix eclaires. Nous sommes en ceci aides que l'interoperabilite est de plus en plus facilitee a la fois par les technologies type REST ou WS-*, mais aussi par les middlewares eux-memes type GemFire ou RabbitMQ qui presentent des interfaces pour de nombreux langages et plateformes differentes.</s>
    <s>Je rajouterai a titre personnel etre chagrine par le sort actuel d'Apache Harmony, et etre attentif aux developpements d'OpenJDK. Je pense aussi que le projet LLVM et notamment VMKit / J3 sont a surveiller car ils offrent une alternative qui pourrait se reveler interessante a terme.</s>
    <s>-Quels sont les points forts de l'evenement ? les personnalites invitees ?</s>
    <s>La What's Next Paris est l'occasion d'enfin reunir la communaute et les utilisateurs de Java français, et de les faire rencontrer une selection des esprits les plus brillants de notre domaine. Le tout dans une atmosphere technique sans langue de bois, ce qui permet de repartir avec de nouvelles idees et solutions pour les problematiques d'aujourd'hui et de demain.</s>
    <s>Nous avons invite des experts de chacun des domaines a venir parler de leur sujet de predilection. Les deux keynotes seront faites par Adrian Colyer, le CTO de SpringSource / VMware, et par Neal Gafter de Microsoft, qui a travaille precedemment chez SUN et a qui nous devons les principales evolutions de Java dans les versions 1.4 et 5.</s>
    <s>Les autres sujets abordes seront :</s>
    <s>- l'integration continue, avec la venue de Kohsuke Kawaguchi de CloudBees (ex-SUN aussi), le developpeur du produit leader du secteur, Jenkins (precedemment nomme Hudson);</s>
    <s>- les architectures orientees message et l'interoperabilite avec Rob Harrop de SpringSource;</s>
    <s>- les langages alternatifs avec Clojure par Howard Lewis Ship, le fameux createur d'Apache Tapestry, et Scala, au travers de systemes d'acteurs avec Jonas Boner;</s>
    <s>- le Java tres avance avec Jevgeni Kabanov, l'homme derriere le revolutionnaire JRebel;</s>
    <s>- la scalabilite ou passage a l'echelle avec l'un des grands specialistes du genre, Theo Schlossnagle, qui a litteralement ecrit le livre, puisqu'il est l'auteur de Scalable Internet Architectures;</s>
    <s>- le futur du web avec HTML5 et les WebSockets, par Brad Drysdale, le directeur technique de Kaazing;</s>
    <s>- les architectures haute-disponibilite de type grille de donnees avec Jags Ramnarayan de GemStone;</s>
    <s>- le futur des environnements de developpement avec Eclipse Orion et son co-leader Boris Bokowski.</s>
    <s>- et d'autres encore</s>
    <s>Un programme vitamine dont le mot d'ordre est d'apporter le maximum aux participants, en n'ayant retenu que des sessions techniques ou chacun pourra trouver son bonheur et reponse a ses questions.</s>
    <s>-On a l'habitude de conferences et de salons ou l'entree est gratuite. Quelles sont les raisons de l'entree payante ? Pour quelles raisons un developpeur paiera-til ?</s>
    <s>Est-ce que Zenika en fait une operation commerciale, rentable ?</s>
    <s>C'est une question tres interessante. Zenika n'a auparavant jamais organise d'evenements payants. Toutes nos conferences ont toujours ete publiques et gratuites. C'est donc pour nous une premiere.</s>
    <s>Nous avons rendu l'entree payante car il est impossible d'organiser un evenement de cette taille sans un minimum de contribution de chaque participant. Je dis bien un minimum car tout a ete fait pour que le prix du ticket soit le plus bas possible.</s>
    <s>Mais louer le Grand Rex pour trois jours (un jour pour tout installer et tout tester, et deux pour la conference), remunerer tout le staff, agents de securite, hotesses d'accueil, enregistrement video, preparer des surprises sympathiques pour les participants, payer les billets de dizaines de speakers du monde entier, tout cela coute cher. Et ceci repond par ailleurs a votre derniere question, une conference de ce type ne peut etre rentable. Il s'agit d'une vraie volonte d'organiser un grand evenement qui permette a chacun de s'amuser, d'apprendre de nouvelles choses, de networker et de rencontrer plein d'autres personnes passionnees, bref un evenement a la hauteur des attentes de la communaute Java française.</s>
    <s>Et pour cela, si vous aussi vous utilisez ou appreciez Java et son ecosysteme, faites-vous plaisir et participez avec nous a la plus grande conference Java française jamais organisee!</s>
    <s>&lt;&lt; Prdente : Confnce DotNetHub ruxelles : Introduction au dloppement avec </s>
    <s>| Bonnes pratiques datacenter : Connectivites centres de donn : Suivante &gt;&gt;</s>
    <s>Dans Programmez</s>
    <s>Devenir un dloppeur iOS</s>
    <s>Dans notre prdent article, nous avons vu quelles drches sont nssaires auprdApple pour pouvoir dlopper et doyer une application sur iPhone et iPad, avoir souscrire un abonnement Apple Developer Program. Nous avons </s>
    <s>Lire l'article</s>
    <s>Pourquoi utiliser un certificat SSL sur votre site web et lequel ?</s>
    <s>Lire le livre blanc</s>
    <s>Les 10 id fausses sur la navigation Internet</s>
    <s>Vous pensez e bien prot sur Internet ? Avec une nouvelle page infecttoutes les cinq secondes, il est quasiment impossible de disposer d'une sritermanente sur le Web</s>
    <s>Lire le Livre blanc Sophos</s>
    <s>Prde 4000 offres d'emploi</s>
    <s>+ les annonces Premium de programmez.com</s>
    <s>Consulter lespace emploi</s>
    <s>Livres blancs</s>
    <s>Consultez les derniers livres blancs :</s>
    <s>Gagner la bataille de la conformitci</s>
    <s>Pourquoi choisir un stockage unifi</s>
    <s>Programmezest sur Twitter</s>
    <s>Desormais toutes actualites du site Programmezsont relayees sur Twitter. Si vous avez un compte Twitter, restez en permanence en contact avec nous en vous abonnant a nos </s>
    <s>Les tutoriels</s>
    <s>AbonnMSDN : noubliez Windows Azure !</s>
    <s>Interaction Silverlight cotlient et php coterveur</s>
    <s>Riser un ange de donn entre votre PC et un robot explorateur autonome</s>
    <s>Prntation des API dOrange</s>
    <s>Du prototypage Python a mise en production d'applications analytiques en C/C++</s>
    <s>Dlopper des applications embarqu avec Perforce</s>
    <s>Consulter les tutoriels</s>
    <s>Les offres d'emploi</s>
    <s>GESTIONNAIRE SIRH</s>
    <s>Intm | Page Personnel | Hauts de Seine |</s>
    <s>INGIEUR ELECTRONIQUE R&amp;D;</s>
    <s>CDI | Page Personnel | 78 |</s>
    <s>INGIEUR D'ETUDES DISIONNEL</s>
    <s>CDI | MICHAEL PAGE INTERNATIONAL | Roissy |</s>
    <s>Ingeur Java / Flex</s>
    <s>CDI | Jasmine Conseil | Paris II-75002 |</s>
    <s>PROJETEUR ELECTROTECHNIQUE (H/F)</s>
    <s>CDI | EXPECTRA | AVIGNON |</s>
    <s>PROJETEUR ELECTRICITE COURANTS FAIBLES</s>
    <s>CDI | EXPECTRA | Saint Barthmy-13014 |</s>
    <s>Administrateur Syst Expert AIX et produits d'exploitation H/F</s>
    <s>CDI | Neurones IT | Montreuil-93100 |</s>
    <s>Dynamics CRM - Chef de Projet Fonctionnel - IDF - ?50-70K</s>
    <s>CDI | Nigel Frank International | Paris |</s>
    <s>Ingeur d'Affaires banque</s>
    <s>CDI | DEGETEL GROUP | Boulogne-Billancourt-92100 |</s>
    <s>Chef de projet confirm Support Technique et Exploitabilit/F</s>
    <s>CDI | SFR DGSI | Nanterre |</s>
    <s>Consulter toutes les offres</s>
    <s>Les forums</s>
    <s>Extraction de donn de l'event log windows</s>
    <s>PHP ET POSTGRESQL</s>
    <s>[Probl : StackOverflowError]</s>
    <s>Visual Basic pour Android</s>
    <s>Un membre de plus :-)</s>
    <s>probleme impression java</s>
    <s>Consulter le forum</s>
    <s>Les livres</s>
    <s>Drupal 7</s>
    <s>CMMi 1.3</s>
    <s>Parallel Programming with MS Visual C++</s>
    <s>Web Analytics</s>
    <s>Ajax, jQuery et PHP</s>
    <s>Cuda par lexemple</s>
    <s>Visual Studio 2010</s>
    <s>CMMi par lexemple</s>
    <s>Introduction Algorithmique</s>
    <s>Optimisation des bases de donn</s>
    <s>Consulter les livres</s>
    <s>Programmez.com - 2011 - Tous droits rrvbr/&gt; Dloppement - WEB - ASP - PHP - C++ - Delphi - Java - Magazines - Ressources - Forum - Tcharger - Video - Emploi - Campus - .Net - Tutoriels</s>
    <s>Le prnt site Web est tar Go 02, Sarl inscrite au RCS de Paris sous le N 411321366 et dont le si social est au 21 rue de Fmp 75012 Paris.</s>
    <s>Adresse de courrier ctronique :diff@programmez.com</s>
    <s>Le directeur de la publication du site www.programmez.com est Jean-Claude Vaudecrane en qualite gnt de la sarl GO 02</s>
    <s>Le portail du ddeur informatique en entreprise : Solutions &amp; Logiciels</s>
  </text>
</page>
