<?xml version="1.0" encoding="UTF-8"?>
<!DOCTYPE page SYSTEM "page.dtd">
<page>
  <lang>fr</lang>
  <url>http://franciscoupal.wordpress.com/cv/</url>
  <title>CV « Francis Coupal</title>
  <snippet>
    <s>membre fondateur, président, membre du comité organisateur, membre du comité créatif. SPRING MARBLE FEST – Satmford – CT – USA conférencier invité </s>
  </snippet>
  <text>
    <s>Francis Coupal</s>
    <s>tourneur de billes</s>
    <s>Depuis 1996</s>
    <s>Tourneur de billes</s>
    <s>fabrication, vente et démonstration en public de billes de verre artisanales façonnées selon des techniques contemporaines et traditionnelles allemandes et vénitiennes</s>
    <s>Depuis 1997</s>
    <s>Enseignant verrier à ESPACE VERRE - Montréal - QC</s>
    <s>atelier de perfectionnement portant sur l’histoire et  la technique de fabrication de cannes de verre vénitiennes traditionnelles et l’utilisation de celles-ci dans un but contemporain</s>
    <s>IMPLICATION COMMUNAUTAIRE</s>
    <s>Depuis 2005</s>
    <s>ZONE D'AFFLUENCE - arts inattendus</s>
    <s>membre fondateur, président, membre du comité organisateur, membre du comité créatif. Zone d'affluence est un événement d'arts principalement visuels qui se veut un lieu de rencontre entre les artistes de différentes disciplines et le public.</s>
    <s>Représentant des métiers d’art dans la Commission culture, communication et patrimoine de la CRÉ Vallée-du-Haut-Saint-Laurent</s>
    <s>Membre d’un jury dans le cadre du prix de la relève du Conseil montérégien de la Culture et des Communications</s>
    <s>Depuis 2002</s>
    <s>Portes ouvertes à LA FABRIQUE DE BILLES - Mercier - QC</s>
    <s>Depuis 2006</s>
    <s>ZONE D'AFFLUENCE - arts inattendus - Mercier - QC</s>
    <s>Depuis 2005</s>
    <s>FESTIVAL  MÉTIERS ET TRADITIONS - Longueuil - QC</s>
    <s>MARBLE CONFERENCE AT WHEATON ARTS - Milville - NJ – USA</s>
    <s>MARCHÉ DU VIEUX-SOREL - Sorel - QC</s>
    <s>BIBLIOTHÈQUE DE MERCIER, soirée d'inauguration - Mercier - QC</s>
    <s>GLASS CENTRUM LEERDAM - Leerdam - Pays-Bas</s>
    <s>BILLES DE BRUIT, SON DE VERRE - Montréal - QC</s>
    <s>conférence photo-musicale sur le thème de l’inspiration avec le Truc Ensemble - Pavillon Vincent-d’Indy, Université de Montréal</s>
    <s>FALL MARBLES FEST - Norwalk - CT - USA</s>
    <s>PRIX ET BOURSES</s>
    <s>Prix SOUTIEN À LA CARRIÈRE - FONDS CULTUREL DESJARDINS DE LA MRC ROUSSILLON</s>
    <s>Prix COUP DE CŒUR DU JURY - FONDS CULTUREL DESJARDINS DE LA MRC ROUSSILLON -  premier récipiendaire du prix COUP DE CŒUR DU JURY</s>
    <s>Bourse du CONSEIL DES ARTS ET DES LETTRES DU QUÉBEC</s>
    <s>recherche et création : l’utilisation de verre en feuilles dans la fabrication de billes contemporaines</s>
    <s>Bourse de voyage du CONSEIL DES ARTS DU CANADA</s>
    <s>PAYS-BAS, GLASS ART SOCIETY D’AMSTERDAM, démonstrations au GLAS CENTRUM LEERDAM</s>
    <s>2IÈME prix JEUNES VERRIERS DU QUÉBEC DE LA FONDATION OLO</s>
    <s>COLLECTIONS PUBLIQUES</s>
    <s>Collection d’œuvres d’art de la ville de MERCIER - QC</s>
    <s>MUSEUM OF AMERICAN  ART - WHEATON ARTS - Milville - NJ – USA</s>
    <s>1994 - 1997</s>
    <s>TECHNIQUES DE MÉTIERS D'ART - ESPACE VERRE – Montré- QC</s>
    <s>Professeurs : PAUL SCHWIEDER – DONALD ROBERTSON – ELISABETH MARIER – MICHELLE LAPOINTE – LAURA DONOFER – SUSAN EDGERLY – JOHN ROBINSON</s>
    <s>1989 - 1992</s>
    <s>JOAILLERIE ARTISANALE - CENTRE PROFESSIONNEL ST-HENRI - Montréal - QC</s>
    <s>Professeur : LUC VANASSE – MAURICE COTTIER – JACQUES LEWIS</s>
    <s>FORMATION SUR LES ARTS DE RUE DU CNFTP - Cognac -France</s>
    <s>Invité par l’OFFICE FRANCO-QUÉBÉCOIS POUR LA JEUNESSE</s>
    <s>APPLICATION DE COULEURS À L'AIDE DE VERRE EN FEUILLES - ESPACE VERRE - Montréal - QC</s>
    <s>Professeurs : STEEVE KLEIN et JONATHAN SCHMUCK</s>
    <s>GRAVURE À LA ROUE- ESPACE VERRE - Montréal - QC</s>
    <s>pr ofesseur :  MIECIEJ DYSZIECZ</s>
    <s>TECHNIQUES VÉNITIENNES - ESPACE VERRE - Montréal - QC</s>
    <s>Professeur : ALAN GOLDFARB</s>
    <s>TRAVAIL AU CHALUMEAU - ESPACE VERRE -  Montréal - QC</s>
    <s>Professeur : GEORGE SARFI</s>
    <s>VERRE SOUFFLÉ AU MOULE DE SABLE - ESPACE VERRE - Montréal - QC</s>
    <s>Professeur : MARC GIBEAU</s>
    <s>VERRE SCULPTÉ DANS LA MASSE - ESPACE VERRE - Montréal - QC</s>
    <s>Professeur : FERDINAND THIERIOT</s>
    <s>EXPOSITIONS ET FOIRES CULTURELLES</s>
    <s>Depuis 1996</s>
    <s>SALON DES MÉTIERS D'ART - Place Bonaventure - Montréal - QC</s>
    <s>Depuis 2008</s>
    <s>PLEIN ART - Québec - QC</s>
    <s>ART09 INTERNATIONNAL ART FAIR - Toronto - OT</s>
    <s>2003 - 2008</s>
    <s>MARBLE CONFERENCE AT WHEATON ARTS - Millville - NJ - USA</s>
    <s>NORTHEAST MARBLES MEETING - Marlborough - MA - USA</s>
    <s>MAINE MARBLE MEETING -South Portland - ME - USA</s>
    <s>ORANGE COUNTY MARBLE SHOW - Fullerton - CA - USA</s>
    <s>BIBLIOTHÈQUE DE LAPRAIRIE - Laprairie - QC</s>
    <s>GOOD THINGS SMALL PACKAGE, an  intimite look at small glass</s>
    <s>San Francisco / Santa Cruz - CA -USA</s>
    <s>IOLI, Congrès mondial de dentelle - Montréal - QC</s>
    <s>BIBLIOTHÈQUE DE MERCIER - Mercier - QC</s>
    <s>L'ANNÉE DE LA CULTURE - Hôtel de ville - Mercier - QC</s>
    <s>2003 - 2005</s>
    <s>RÉTROSPECTIVE DU PRIX FRANÇOIS-HOUDÉ - Montréal - QC</s>
    <s>Musée maître et artisan - Maison de la culture Frontenac - Maison de la culture Rosemont Petite-patrie - Maison de la culture Marie-Uguay - Maison de la culture Mercier - Galerie les trois C - Centre culturel de Verdun</s>
    <s>LE VERRE AU QUÉBEC - Musée Pierre-Boursier - Trois-Rivières - QC</s>
    <s>LE TRAVERSIER DES ARTS, Tonnellerie de Brouage - Brouage - France</s>
    <s>LA DIVERSITÉ DU VERRE - Galerie Espace Verre - Montréal - QC</s>
    <s>LE VERRE CONTEMPORAIN AU QUÉBEC - Galerie Stewart Hall - Pointe-Claire - QC</s>
    <s>SPRING MARBLE FEST - Satmford - CT - USA      conférencier invité</s>
    <s>THE GREAT CANADIAN MARBLE SHOW - Haliburton - OT  artiste invité</s>
    <s>FALL MARBLE FEST - Stamfod - CT - USA</s>
    <s>SISTERVILLE MARBLE FESTIVAL - Sisterville - WV - USA</s>
    <s>CROSSROAD OF AMERICA'S MARBLE EXPO - Kokomo - IN - USA</s>
    <s>MAISON DU QUÉBEC À ST-MALO - St-Malo - France</s>
    <s>TRANSAT QUÉBEC/ST-MALO - St-Malo - France</s>
    <s>FIRST INVITATIONNAL MARBLE EXPO- Glass accent - Ephata - PA - USA</s>
    <s>LES FRUITS DE LA PASSION - Galerie Espace verre - Montréal - QC</s>
    <s>L'OR ET LE FEU - Maison de la culture Marie-Uguay - Montréal - QC</s>
    <s>Laisser une réponse Annuler la réponse.</s>
    <s>Entrez ici votre commentaire </s>
    <s>Se connecter</s>
    <s>Se connecter</s>
    <s>Se connecter</s>
    <s>Adresse de contact (obligatoire) (Not published)</s>
    <s>Nom (obligatoire)</s>
    <s>Site web</s>
    <s>!Logo WordPress.com</s>
    <s>Please log in to WordPress.com to post a comment to your blog.</s>
    <s>!Twitter picture</s>
    <s>Vous commentez à l'aide de votre compte Twitter. ( Log Out )</s>
    <s>!Photo Facebook</s>
    <s>Vous commentez à l'aide de votre compte Facebook. ( Log Out )</s>
    <s>Connexion à %s</s>
    <s>M’aviser par courriel de nouveaux commentaires.</s>
    <s>Avertissez-moi par courriel des nouveaux articles.</s>
    <s>GALERIE 2004-2009</s>
    <s>GALERIE 2000-2003</s>
    <s>GALERIE 1996 -1999</s>
    <s>AUTRES TRAVAUX DE VERRE</s>
    <s>SOUS D'AUTRES FORMES…</s>
    <s>DOSSIER DE PRESSE</s>
    <s>DANS L'ATELIER</s>
    <s>PROCHAINES EXPOSITIONS</s>
    <s>BILLES EN MAGASIN</s>
    <s>POINTS DE VENTE ET LIENS</s>
    <s>ZONE D'AFFLUENCE</s>
    <s>août 2011</s>
    <s>mai 2011</s>
    <s>octobre 2009</s>
    <s>Uncategorized (3)</s>
    <s>Bloguez sur WordPress.com. Thème : ChaoticSoul par Bryan Veloso.</s>
    <s>Follow Francis Coupal</s>
    <s>Get every new post delivered to your Inbox.</s>
    <s>Powered by WordPress.com</s>
  </text>
</page>
