<?xml version="1.0" encoding="UTF-8"?>
<!DOCTYPE page SYSTEM "page.dtd">
<page>
  <lang>fr</lang>
  <url>http://allafrica.com/stories/201109010279.html</url>
  <title>allAfrica.com: Libye: L&#39;ONU s&#39;interroge sur son rôle au pays</title>
  <snippet>
    <s>31 août 2011 A la veille de la conférence internationale de Paris sur la Libye, jeudi 1er que peut jouer l&#39;organisation dans la période de l&#39;après-Khadafi, alors que le Conseil national de transition a déjà rejeté la présence de casques bleus en Libye. Les articles et documents identifiant AllAfrica comme source sont </s>
  </snippet>
  <text>
    <s>Libye : L'ONU s'interroge sur son rau pays</s>
    <s>Karim Lebhour</s>
    <s>31 Ao11</s>
    <s>A la veille de la conference internationale de Paris sur la Libye, jeudi 1er septembre 2011, les Nations unies s'interrogent sur le role que peut jouer l'organisation dans la periode de l'apres-Khadafi, alors que le Conseil national de transition a deja rejete la presence de casques bleus en Libye.</s>
    <s>Al Jazeera</s>
    <s>Place Courthouse</s>
    <s>Si le role exact de l'ONU en Libye reste encore a determiner, une chose est claire, les rebelles libyens ne veulent pas d'une force internationale sur leur sol. L'ONU avait envisage l'envoi de quelque 400 observateurs militaires et policiers. Une option rejetee dans la journee de ce mardi 30 aout par le Conseil national de transition qui veut assurer seul l'ordre et la securite. L'ONU pourrait en revanche participer a la formation des policiers libyens.</s>
    <s>Les Nations unies seront egalement mises a contribution pour organiser des elections. Tout est a faire, puisque de memoire d'homme jamais des elections n'ont eu lieu en Libye.</s>
    <s>Ban ki-moon, secretaire general des Nations unies, souhaite envoyer une premiere mission «aussi rapidement que possible» en Libye. L'accent sera mis sur la reconciliation afin d'eviter les erreurs commises en Irak : l'epuration des partisans de Saddam Hussein dans l'administration et la police n'avait contribue qu'a alimenter la guerre civile.</s>
    <s>Read or Listen to this story on the RFI website</s>
    <s>Copyright (C) 2011 Radio France Internationale. Droits de reproduction et de diffusion rrv Distribuar AllAfrica Global Media (allAfrica.com). Pour tout commentaire ou demande d'autorisation de reproduction ou de diffusion, contactez directement le propriire des droits en cliquant ici.</s>
    <s>AllAfrica collecte et indexe du contenu provenant de plus de 125 organes de presse d'Afrique ainsi que de plus de 200 autres sources d'informations et de nouvelles . Les pourvoyeurs d'informations de AllAfrica gardent l'enti responsabilitditoriale de leur production. Les articles et documents identifiant AllAfrica comme source sont produits ou commandpar AllAfrica .</s>
    <s>AllAfrica - All the Time</s>
    <s>Be the first to Write a Comment!</s>
    <s>Paris accueille la confnce internationale sur la Libye</s>
    <s>NEWS -- Afrique du Nord: L'aprKadhafi - La confnce de Paris trace la feuille de route de la nouvelle Libye</s>
    <s>NEWS -- Afrique: La Libye nouvelle est en marche</s>
    <s>NEWS -- Libye: &quot;La nouvelle Libye doit combattre l'extrsme&quot;</s>
    <s>NEWS -- Libye: A une confnce aris, Ban Ki-moon promet le soutien de l'ONU au pays</s>
    <s>NEWS -- Libye: Paris accueille la confnce internationale de soutien au pays</s>
    <s>NEWS -- Libye: Confnce sur la Libye - Me Wade a rencontre prdent du Cnt</s>
    <s>NEWS -- Libye: 49 pays ient prnts aris</s>
    <s>NEWS -- Maroc: Le pays aidera la Libye nouvelle etrouver sa place dans le concert des nations</s>
    <s>NEWS -- Libye: Une quinzaine de milliards de dollars &quot;immatement dl, selon Sarkozy</s>
    <s>NEWS -- Libye: Confnce internationale aris sur la Libye nouvelle</s>
    <s>INTERVIEW -- Libye: Diplomatie - La France accueille la confnce des &quot;amis&quot; du pays</s>
    <s>NEWS -- Libye: La France et l'Alge restent divis sur le dossier libyen</s>
    <s>NEWS -- Mauritanie: Le Prdent Mohamed Ould Abdel Aziz se rend en France</s>
    <s>NEWS -- Afrique: 60 pays aris pour plancher sur le sort de la Libye</s>
    <s>NEWS -- Libye: La Russie reconnala ltimitu CNT</s>
    <s>NEWS -- Libye: La confnce de Paris entre le massacre de Syrte et la tentation algenne</s>
    <s>NEWS -- Libye: Confnce internationale de soutien - L'avenir du pays se dde aris</s>
    <s>NEWS -- Libye: Ouverture de la Confnce internationale de soutien a Libye</s>
    <s>NEWS -- Sgal: Le prdent Wade ret le prdent du CNT aris (communiqu/a&gt;</s>
    <s>[NEWS -- Libye: Les reprntants de 49 pays 'Elyspour discuter de l'avenir de la Libye</s>
    <s>NEWS -- Libye: Le Maroc aura un r ouer pour soutenir la transition dcratique et la reconstruction de la Libye (M. El Fassi)</s>
    <s>NEWS -- Afrique: La communautnternationale mobilisaris pour l'aprKadhafi</s>
    <s>NEWS -- Libye: Le dossier libyen redonne du souffle a diplomatie franse</s>
    <s>Les nouvelles du jour</s>
    <s>Le procureur de la Cpi attendu bidjan en RCI</s>
    <s>Rapt de deux employespagnoles de MSF au Kenya</s>
    <s>L'opposition sgalaise s'avance vers des primaires</s>
    <s>Vente de Shell Mauritius itol et Helios Investment</s>
    <s>Le temps id pour les affaires au Sud-Soudan</s>
    <s>La BAD finance les infrastructures au Gabon</s>
    <s>Plus de titres sur allAfrica.com</s>
    <s>Le virus sauvage de la poliomyte refait surface</s>
    <s>« En date du 4 octobre 2011, notre </s>
    <s>Dakar abrite une session de formation en rovirologie biologique</s>
    <s>Le ministre de </s>
    <s>L'OMS annonce une nouvelle baisse de la mortalitt de la morbiditues a tuberculose</s>
    <s>Les officiers de l'armrenforcent leurs capacit/a&gt;</s>
    <s>[A l'initiative du ministere </s>
    <s>La commission mcale, maillon faible d'une bonne organisation</s>
    <s>Les pelerins aux </s>
    <s>Visite des chantiers de l'Ucad, cet aprmidi</s>
    <s>Le ministre de l'Enseignement </s>
    <s>Debut de page | Mobile | Qui Nous Sommes | Publicite | Recherche</s>
    <s>Mon Compte | Faites d'allAfrica.com votre page d'accueil | RSS | Contactez-nous | Mentions legales</s>
    <s>Sign up for FREE daily 'top headlines' by email »</s>
    <s>English SitePlan du SiteQui Nous SommesNotre ReseauPubliciteMon CompteMon AfriqueAffairesMobile</s>
    <s>Liens Pertinents</s>
    <s>Afrique du Nord</s>
    <s>Armes et Affaires Militaires</s>
    <s>Organisations Internationales et l'Afrique</s>
    <s>Reportages d'allAfrica</s>
    <s>Arts et Culture</s>
    <s>Revue Littire</s>
    <s>Conflit et Srita&gt;</s>
    <s>Santt Mcine</s>
    <s>Revue Musicale</s>
    <s>Femmes et Genre</s>
    <s>USA, Canada et Afrique</s>
    <s>Afrique et Europe</s>
    <s>Afrique, Asie et Australie</s>
    <s>Afrique et Moyen Orient</s>
    <s>Afrique et Amque Latine</s>
    <s>SELECT -- Rons/Pays -- Afrique Afrique Australe Afrique Centrale Afrique de l'Est Afrique de l'Ouest Afrique du Nord --- Afrique du Sud Algerie Angola Botswana Burkina Faso Burundi Benin Cameroun Cap-Vert Centrafrique Comores Congo-Brazzaville Congo-Kinshasa Cote d'Ivoire Djibouti Egypte Erythree Ethiopie Gabon Gambie Ghana Guinee Guinee Bissau Guinee Equatoriale Ile Maurice Kenya Lesotho Liberia Libye Madagascar Malawi Mali Maroc Mauritanie Mozambique Namibie Niger Nigeria Ouganda Rwanda Sahara Occidental Seychelles Sierra Leone Somalie Soudan Sud-Soudan Swaziland Sao Tome and Principe Senegal Tanzanie Tchad Togo Tunisie Zambie Zimbabwe</s>
    <s>SELECT -- Rubriques -- AGOA Actualites Agroindustrie Aide et Assistance Aliments et Agriculture Armes et Armees Arts Athletisme Banques Bourse Climat Commerce Conflit Construction Corruption Coupe du Monde Dette Devises Droits de l'Homme Developpement Durable Eau Eco-tourisme Editoriaux Education Energie Enfance Entreprises Environnement Fabrication Faune Femmes et Genre Finance Flux de Capitaux Football Gouvernance Grossesse et Accouchement Infrastructures Investissement Jeux Olympiques Justice et Lois L'Afrique qui bouge Livres Maintien de la Paix Migrations Musique Media NEPAD NTIC Nutritive ONG Oceans Paludisme Parcs Animaliers Polio Privatisation Produits Petrole Religion Reportages d'allAfrica Ressources Minieres Revue Litteraire Revue Musicale Refugies SIDA Sante et Medecine Science Sports Terres et Gestion Rurale Terrorisme Transport Travail et Syndicats Tuberculose Urbanisation Voyages --- Affaires Afrique Australe Affaires Afrique Central Affaires Afrique de l'Est Affaires Afrique du Nord Affaires-Afrique de l'Ouest --- Afrique et Amerique Latine Afrique et Europe Afrique et Moyen Orient Afrique, Asie et Australie Organisations Internationales USA, Canada et Afrique --- Photo Essays Reportages d'allAfrica Special Reports</s>
    <s>In Topical Focus » Libya</s>
    <s>Les forces du CNT reculent yrte en Libye</s>
    <s>Forces du nouveau rme, qui disaient avoir cernes derniers fids de </s>
    <s>Formation d'un extif provisoire en Libye</s>
    <s>Le CNT a annonca formation d'un nouvel extif provisoire. Il s'agit </s>
    <s>L'UA donne son onction au CNT</s>
    <s>C'est donc avec un grand retard, aprque la plupart des Etats </s>
    <s>Le top des actualitdes actualit Libye</s>
    <s>Les plus lus</s>
    <s>Les commentes</s>
    <s>Les plus envoyes</s>
    <s>1. Les forces du CNT reculent face aux pro-Kadhafi yrte</s>
    <s>2. Mali: Le retour dcat d'ex-combattants libyens d'origine malienne</s>
    <s>3. Enfin le bout du tunnel ?</s>
    <s>4. Tunisie: Exportations - Le marchibyen, premi destination</s>
    <s>5. Alge: Le triste sort des rgide Libye</s>
    <s>6. Les libyens doivent dder de leur propre avenir</s>
    <s>7. Alge: Entretien tphonique entre le ministre des affaires angs, Mourad Medelci, et Mahmoud Jibril</s>
    <s>8. Le Conseil Europ soutient le Printemps arabe et se fcite de l'intervention en Libye</s>
    <s>9. A Syrte, les forces pro-Kadhafi rstent toujours aux forces du CNT</s>
    <s>10. Les Amazighs libyens rgent du puits de l'oubli</s>
    <s>11. autres titres &gt;&gt;</s>
    <s>1. Tunisie: Exportations - Le marchibyen, premi destination</s>
    <s>2. Enfin le bout du tunnel ?</s>
    <s>3. Les forces du CNT reculent face aux pro-Kadhafi yrte</s>
    <s>4. Alge: Le triste sort des rgide Libye</s>
    <s>5. Le CNT dit avoir arr Moutassim Kadhafi yrte</s>
    <s>6. Les libyens doivent dder de leur propre avenir</s>
    <s>7. A Syrte, les forces pro-Kadhafi rstent toujours aux forces du CNT</s>
    <s>8. Afrique: La nouvelle Libye est entach par les atteintes aux droits humains dont sont victimes les prisonniers</s>
    <s>9. Rverture du point de passage frontalier de Ras Jedir</s>
    <s>10. Tunisie: A Sousse - arrestation d'un ressortissant libyen arma&gt;</s>
    <s>11. [autres titres &gt;&gt;</s>
    <s>1. Tunisie: Exportations - Le marchibyen, premi destination</s>
    <s>2. Enfin le bout du tunnel ?</s>
    <s>3. Les forces du CNT reculent face aux pro-Kadhafi yrte</s>
    <s>4. Alge: Le triste sort des rgide Libye</s>
    <s>5. Le CNT dit avoir arr Moutassim Kadhafi yrte</s>
    <s>6. Les libyens doivent dder de leur propre avenir</s>
    <s>7. A Syrte, les forces pro-Kadhafi rstent toujours aux forces du CNT</s>
    <s>8. Afrique: La nouvelle Libye est entach par les atteintes aux droits humains dont sont victimes les prisonniers</s>
    <s>9. Rverture du point de passage frontalier de Ras Jedir</s>
    <s>10. Tunisie: A Sousse - arrestation d'un ressortissant libyen arma&gt;</s>
    <s>11. [autres titres &gt;&gt;</s>
    <s>Bref Apernbsp;» Libye</s>
    <s>Les forces du CNT reculent face aux pro-Kadhafi yrte</s>
    <s>Exportations - Le marchibyen, premi destination</s>
    <s>Enfin le bout du tunnel ?</s>
    <s>Le triste sort des rgide Libye</s>
    <s>Rverture du point de passage frontalier de Ras Jedir</s>
    <s>Plus de Titres » RFI</s>
    <s>Sgal: Nombreux soutiens envers Malick NoSeck</s>
    <s>Tunisie: La diffusion du film Perslis a tvision continue de grer la violence</s>
    <s>Alge: Le triste sort des rgide Libye</s>
    <s>Afrique: Le parlement examine une reprntativites femmes en politique</s>
    <s>Mauritanie: Recensement - Les no-mauritaniens entrent dans la boucle</s>
    <s>plus de titres »</s>
  </text>
</page>
