<?xml version="1.0" encoding="UTF-8"?>
<!DOCTYPE page SYSTEM "page.dtd">
<page>
  <lang>fr</lang>
  <url>http://cap10.isima.fr/index.php%3Fpage%3Dsoumissions</url>
  <title>Soumissions acceptés - CAP 2010</title>
  <snippet>
    <s>Conférence Francophone sur l&#39;Apprentissage Automatique </s>
  </snippet>
  <text>
    <s>CAP 2010</s>
    <s>Conference Francophone sur l'Apprentissage Automatique</s>
    <s>Clermont-Ferrand, France</s>
    <s>17-19 mai 2010</s>
    <s>• Accueil</s>
    <s>• Thematiques</s>
    <s>• Lieu</s>
    <s>• Comites</s>
    <s>• Dates</s>
    <s>• Soumissions acceptes</s>
    <s>• Conferences invitees</s>
    <s>• Programme</s>
    <s>• Prix</s>
    <s>• Inscriptions</s>
    <s>• Hebergement</s>
    <s>• Historique</s>
    <s>• Partenaires</s>
    <s>• Contacts</s>
    <s>Nous avons reçu de nombreuses soumissions pour CAp 2010. Au total, 9 (respectivement) 12 propositions ont ete retenues pour etre publiees en version longue (resp.) courte, soit environ 19% (resp. 25%) des soumissions. 14 autres soumissions sont acceptees sous forme de posters.</s>
    <s>La version finale de votre texte doit etre soumise sous forme de fichier PDF (non protege) d'ici au 15 mars 2010 sur le site de soumission de la conference.</s>
    <s>Format LaTeX</s>
    <s>Format Word</s>
    <s>Pour les posters, les formats A0 et A1 sont acceptes.</s>
    <s>Articles longs (presentation orale de 25 minutes, 16 pages dans les actes)</s>
    <s>A robust learning algorithm for evolving first-order Takagi-Sugeno fuzzy classifiers, Abdullah almaksour and Eric Anquetil</s>
    <s>Bandit-Based Genetic Programming with Application to Reinforcement Learning, Jean-Baptiste Hoock and Olivier Teytaud</s>
    <s>Classification collaborative non supervisee, Nistor Grozavu and Younes Bennani</s>
    <s>Combinaisons de boules de mots pour la classification de sequences, Frederic Tantini, Alain Terlutte and Fabien Torre</s>
    <s>Compromis exploration vs. exploitation en apprentissage actif : une approche Bayesienne, Alexis Bondu, Vincent Lemaire and Marc Boulle</s>
    <s>Dictionnaires d'ondelettes vaste marge pour la classification de signaux et de textures, Florian Yger and Alain Rakotomamonjy</s>
    <s>Donnees avec label binaire: avancees recentes dans le domaine de l'apprentissage statistique d'ordonnancements, Stephan Clemençon, Marine Depecker and Nicolas Vayatis</s>
    <s>Inference jointe de la structure de modeles graphiques gaussiens, Julien Chiquet, Yves Grandvalet and Christophe Ambroise</s>
    <s>Model-free Monte-Carlo like policy evaluation, Raphael Fonteneau, Susan Murphy, Louis Wehenkel and Damien Ernst</s>
    <s>Articles courts (presentation orale de 15 minutes, 12 pages dans les actes)</s>
    <s>Apprentissage relationnel polynomial pour la classification d'arbres, Jean Decoster, Slawek Staworko and Fabien Torre</s>
    <s>Classification relationnelle topographique (CRT), Lazhar Labiod, Nistor Grozavu and Younes Bennani</s>
    <s>Complexity Bounds for Batch Active Learning in Classification, Philippe Rolet and Olivier Teytaud</s>
    <s>Consistency Modications for Automatically Tuned Monte-Carlo Tree Search, Hassen Doghmen, Olivier Teytaud and Vincent Berthier</s>
    <s>Filtrage vaste marge pour l'etiquetage sequentiel a noyaux de signaux, Remi Flamary, Benjamin Labbe and Alain Rakotomamonjy</s>
    <s>Improving biclustering perfomance with the bagging approach for microarray data analysis, Blaise Hanczar and Mohamed Nadif</s>
    <s>Learning better together with forgetness,Gauvain Bourgne, Amal EL Fallah Seghrouchni and Henry Soldano</s>
    <s>Managing Uncertainty within Value Function Approximation in Reinforcement Learning, Matthieu Geist and Olivier Pietquin</s>
    <s>Multiple Overlapping Tiles for Contextual Monte Carlo Tree Search, Arpad Rimmel and Fabien Teytaud</s>
    <s>Reconstruction de reseaux de regulations de genes a l'aide de donnees genomiques et de donnees genetiques, Jimmy Vandel, Simon de Givry, Brigitte Mangin and Matthieu Vignes</s>
    <s>Une approche generique pour la classification supervisee et non-supervisee de documents, Syed Fawad Hussain and Gilles Bisson</s>
    <s>Une famille de matrices sparses pour une modelisation par blocs, Camille Brunet, Vincent Vigneron and Thomas Villmann</s>
    <s>Posters (presentation orale de 2 minutes, 4 pages dans les actes)</s>
    <s>Analyse formelle de concepts pour le routage des requetes dans les systemes pair-a-pair, Taoufik Yeferny and Khedija Arour</s>
    <s>Analysis of Reject-Option Classifiers by Accuracy-Rejection Curves (ARCs), Malik Sajjad Ahmed Nadeem, Jean-Daniel Zuckerand Blaise Hanczar</s>
    <s>Apprentissage des bandits contextuels dans les modeles lineaires generalises, Sarah Filippi, Olivier Cappe, Aurelien Garivier and Csaba Szepesvari</s>
    <s>Apprentissage par renforcement pour l'ordonnancement reactif des taches dans les grilles de calcul, Julien Perez Balazs Kegl and Cecile Germain-Renaud</s>
    <s>Apprentissage supervise au service de la re-planification, Ala Ben Abbes, Emmanuel Rachelsonand Sebastien Diemer</s>
    <s>Boosting binding sites prediction using gene's positions, Mohamed Elati, Rim Fekih, Remy Nicolle, Joan Herbisson, Ivan Junier and François Kepes</s>
    <s>Classification d'une collection de matrices, Clement Grimal and Gilles Bisson</s>
    <s>Classification non supervisee ponderee de donnees mixtes, Rogovschi Nicoleta, Lebbah Mustapha and Younes Bennani</s>
    <s>Extraction efficace d'une nouvelle representation concise des motifs correles a travers la mesure bond, Nassima Ben Younes, Tarek Hamrouni and Sadok Ben Yahia</s>
    <s>k-centres : une methode de clustering pour la selection d'echantillons representatifs, Lionel Martin, Julie Dubois and Christel Vrain</s>
    <s>Inductive Logic Programming for collaborative self-adaptation in next-generation networks, Maissa Mbaye, Francine Krief and Henry Soldano</s>
    <s>Representation geographique du tissu industriel : une application de l'approche MODL, Alexis Bondu and Marc Boulle</s>
    <s>Une methode pour construire une representation a l'aide d'un classifieur et son utilisation dans un k-ppv, Vincent Lemaire, Marc Boulle and Pascla Gouzien</s>
    <s>Use of ternary similarities in graph based clustering : Application to protein structural family classification, Guillaume Santini, Henry Soldano and Joel Pothier</s>
    <s>Laboratoire d'Informatique, de Mod�lisation et d'Optimisation des Syst�mes - UMR 6158 CNRS cap10atisima.fr</s>
  </text>
</page>
