<?xml version="1.0" encoding="UTF-8"?>
<!DOCTYPE page SYSTEM "page.dtd">
<page>
  <lang>fr</lang>
  <url>http://blog.sami-aldeeb.com/2011/09/07/la-conference-interreligieuse-de-montreal-un-appel-a-la-censure/</url>
  <title>La conférence interreligieuse de Montréal: un appel à la censure ...</title>
  <snippet>
    <s>7 sept. 2011 La conférence est organisée à Montréal avec l&#39;active coopération de l&#39;Université En participant à des « activités interreligieuses », les Frères Musulmans Dans un article disponible sur son site internet, Tariq Ramadan a . Un débat peut être accepté seulement si le camp de l&#39;islam est mis au défi par </s>
  </snippet>
  <text>
    <s>Information et débat autour des religions en général, et de l'islam en particulier. La chouette, symbole de la sagesse, nous apprend qu'il faut observer et réfléchir avant de parler ou d'agir.</s>
    <s>Charte du Blog</s>
    <s>Centre de droit arabe et musulman</s>
    <s>Sagesse du jour</s>
    <s>La conférence interreligieuse de Montréal: un appel à la censure</s>
    <s>Dialogue interreligieux Add comments</s>
    <s>Sep 072011</s>
    <s>Source: Écrit par Point de Bascule on 31 Août 2011. Posted in Articles par Point de Bascule</s>
    <s>English version HERE</s>
    <s>Le 7 septembre 2011, le Dalaï Lama, Tariq Ramadan et d’autres personnalités prendront la parole à la Deuxième conférence mondiale sur les religions du monde après le 11 septembre 2001. La conférence est organisée à Montréal avec l’active coopération de l’Université McGill et de l’Université de Montréal.</s>
    <s>Le mentor de Tariq Ramadan, Youssef Qaradawi, soutient que « Nous entretenons un dialogue avec (les chrétiens) seulement pour trouver des points communs qui serviront de fondements à une action ultérieure ». Dans deux de ses textes, Qaradawi mentionne quatre de ces « actions ultérieures » qui devraient justifier d’amorcer un dialogue interreligieux (Priorities – GMBDR) :</s>
    <s>Améliorer l’image de l’islam;</s>
    <s>Convertir les chrétiens;</s>
    <s>Rallier les chrétiens contre Israël;</s>
    <s>Décourager les leaders chrétiens de supporter d’autres chrétiens impliqués dans des conflits avec les musulmans. Qaradawi mentionne les cas spécifiques du Soudan et des Philippines.</s>
    <s>Ces objectifs confirment que le dialogue interreligieux avec les chrétiens est seulement un autre front où Tariq Ramadan et les Frères Musulmans mènent leur jihad idéologique. Ça ne devrait surprendre personne puisque les exégètes endossés par les Frères Musulmans considèrent le christianisme comme une version déformée d’une vérité détenue exclusivement par l’islam, leur « compréhension de l’islam » comme le dit si bien Tariq Ramadan.</s>
    <s>En participant à des « activités interreligieuses », les Frères Musulmans visent également à obtenir l’appui de non-musulmans pour censurer leurs critiques. Plusieurs acteurs du monde musulman ont pris des mesures pour faire taire ceux qui critiquent un aspect ou un autre de leur doctrine.</s>
    <s>En 1989, c’était l’ayatollah Khomeini qui demanda que Salman Rushdie soit assassiné après avoir écrit son roman Les versets sataniques. À l’époque, plusieurs individus et organisations associés aux Frères Musulmans avaient appuyé la condamnation à mort de Rushdie. La Fondation islamique de Leicester (Royaume-Uni) avait été l’une des toutes premières organisations en Europe à demander que Rushdie soit assassiné. En 1998, Tariq Ramadan a choisi d’étudier à Leicester quand il décida d’améliorer sa connaissance théorique de l’islam. (Le Point Paris, 28 octobre 2004, p. 162 et The New Frontiers of Jihad: Radical Islam in Europe Les nouvelles frontières du jihad : l’islam radical en Europe, Alison Pargeter, Philadelphia, University of Pennsylvania Press, 2008, p. 2 Google Livres)</s>
    <s>Dans une interview diffusée sur les ondes de la BBC en 1989, Yusuf Islam (l’ex-chanteur Cat Stevens) déclara sans ambiguïté que Salman Rushie « méritait de mourir » parce qu’il avait écrit Les versets sataniques (vidéo 0:40). Durant la même interview, on demanda à Yusuf Islam la question suivante : « Participeriez-vous à une manifestation si vous saviez qu’une effigie (de Salman Rushdie) devait être brûlée? ». Yusuf Islam répondit : « J’aurais espéré que ce soit le vrai châtiment (“the real thing”) mais non. Si c’est seulement une effigie, je ne crois pas que je serais suffisamment enthousiasmé (“moved”) pour y aller » (vidéo 2 :00). Dans un article disponible sur son site internet, Tariq Ramadan a considérablement amoindri la portée des propos de Yusuf Islam en appui à la condamnation à mort de Rushdie et il l’a décrit comme un homme engagé « pour l’éducation, la solidarité, l’amour et la paix ».</s>
    <s>Une autre tentative d’étouffer la liberté d’expression se répète année après années quand les 57 pays membres de l’Organisation de la coopération islamique font pression sur les pays non-musulmans appartenant aux Nations-Unies afin qu’ils poursuivent leurs citoyens pour blasphème s’ils critiquent l’islam.</s>
    <s>Tout porte à croire que la conférence interreligieuse qui se déroulera à Montréal le 7 septembre prochain ne sera qu’une autre tentative de promouvoir ce programme de censure. Dans son premier communiqué de presse émis le 11 mai 2011, le comité organisateur de la conférence de Montréal souligna que la question suivante sera soumise aux participants :</s>
    <s>Est-ce que la violation des écritures d’une religion devrait être considérée comme étant équivalente à la violation des écritures de toutes les religions? (GMBDR - Parliament of the World's Religions)</s>
    <s>Avant même que la conférence n’ait eut lieu, la réponse à cette question est déjà disponible dans une Déclaration (articles 12.4 et 12.5) endossée par le comité organisateur de la conférence de Montréal :</s>
    <s>12.4 Chacun a le droit que sa religion ne soit pas dénigrée dans les médias ou dans les maisons d’enseignement.</s>
    <s>Puisque n’importe quelle critique peut être considérée dénigrante par une personne ou une autre, une telle position mènerait à d’innombrables poursuites légales contre les critiques de l’islam radical si elle devait être adoptée par les autorités canadiennes.</s>
    <s>Peu après que GMBDR ait publié le communiqué de presse du 11 mai (incluant la question mentionnée ci-dessus), celui-ci a disparu du site du comité organisateur.</s>
    <s>Au Canada, les partenaires de Tariq Ramadan chez les Frères Musulmans disséminent les livres de Syed Maududi et ceux d’autres auteurs qui dénigrent les religions autres que l’islam.</s>
    <s>Ils plaident que le christianisme est une religion qui a été déformée. Ils soutiennent que les kafirs (un terme péjoratif qui désigne les non-musulmans) iront en enfer. À Edmonton, Issam Saleh et Walid Najmeddine, deux organisateurs des Frères Musulmans, ont élaboré un cours d’études islamiques (page Acknowledgements) pour les écoles publiques d’Edmonton. Le Coran de Yusuf Ali est utilisé dans le cadre du cours. Dans ce livre, les juifs sont décrits comme « des singes et des cochons » (p. 1742). On retrouve plusieurs positions anti-juives dans ce livre. Elles sont énumérées dans un article du magazine FrontPage qui a été publié après que la commission scolaire de Los Angeles ait décidé de retirer toutes les copies du Coran de Yusuf Ali des étagères de ses bibliothèques en 2002.</s>
    <s>Dans son livre Islam and Buddhism (L’islam et le bouddhisme), Harun Yahya, un autre auteur endossé par les Frères Musulmans, conclut que les réalisations des bouddhistes ne mènent à rien et qu’elles sont « vouées à la destruction » (“destined for destruction”) parce que leur compréhension de Dieu et de la religion est incompatible avec l’islam. Harun Yahya accuse les bouddhistes d’« associer » de fausses divinités à Dieu.</s>
    <s>Dans le passé, le soi-disant crime d’« association » a été le prétexte invoqué par des exégètes musulmans pour justifier la destruction et l’élimination de la civilisation bouddhiste de l’Inde, de l’Afghanistan et d’autres parties de l’Asie.</s>
    <s>En 2004, Tariq Ramadan et Harun Yahya ont été les principaux conférenciers à une assemblée que Ramadan a qualifiée sur son site internet du « plus important événement islamique à s’être déroulé en Australie ». (Archives PdeB)</s>
    <s>Les Frères Musulmans veulent le beurre et l’argent du beurre. Ils continuent d’invoquer la liberté de religion pour justifier leur dénigrement d’autres religions tout en cherchant à obtenir la censure de leurs critiques au nom d’un soi-disant droit à ne pas être offensé.</s>
    <s>La liberté d’expression implique la réciprocité. Dans une société libre, il n’existe pas de droit à ne pas être offensé contrairement à ce que Tariq Ramadan et les organisateurs de la conférence de Montréal voudraient nous faire croire.</s>
    <s>L’extrait suivant est tiré du livre Let us be Muslims (Soyons musulmans), un livre écrit par le mentor de Tariq Ramadan, Syed Maududi (1903-1979) :</s>
    <s>Musulmans ou kafirs? Frères dans l’islam. Chaque musulman croit, comme vous devez certainement le croire, que les musulmans sont différents des kafirs; que Dieu aime les musulmans et qu’il déteste les kafirs; que le musulman obtiendra le pardon de Dieu et pas les kafirs, que les musulmans iront au paradis (Jannah) et les kafirs en enfer (Jahannum).</s>
    <s>(…) Autant les musulmans que les kafirs sont des êtres humains; les deux sont des esclaves de Dieu. Par contre, les premiers s’élèvent en dignité et ils méritent des louanges parce qu’ils reconnaissent leur maître, obéissent à ses commandements et craignent les conséquences de leur désobéissance alors que les seconds se déshonorent en refusant de reconnaître leur maître et d’exécuter ses directives. Voici pourquoi Allah apprécie les musulmans et pas les incroyants. Voilà pourquoi il a promis aux musulmans authentiques qu’ils seront récompensés en allant au paradis et qu’il a averti les incroyants qu’ils seraient jetés en enfer.</s>
    <s>Sayyid Abul A’la Mawdudi, Let us be Muslims (Soyons musulmans), Leicester (UK), The Islamic Foundation, 1985, pp. 53-54 (Chapter 2 Between Islam and Kufr) Scribd.com</s>
    <s>Dans son livre Western Muslims and the Future of Islam (Les musulmans occidentaux et le futur de l’islam – p. 26), Tariq Ramadan identifie Maududi (Mawdudi) comme un des principaux représentants du courant « réformiste salafiste » de l’islam auquel il appartient. Syed Maududi était un exégète pakistanais qui fonda l’organisation Jamaat-e-Islami associée aux Frères Musulmans. Dans un hommage à Saïd Ramadan publié le 4 août 2011, son fils Tariq mentionne que Maududi crédita son père Saïd pour « l’avoir réveillé de son inconscience ». (Archives PdeB)</s>
    <s>Diagnostiquer la « véritable maladie » des non-musulmans</s>
    <s>Dans une section de son livre Priorities of the Islamic Movement (Les priorités du mouvement islamique) consacré au dialogue avec les non-musulmans (Dialogue with Others), Youssef Qaradawi cite le verset 16:125 du Coran pour justifier l’interaction entre musulmans et non-musulmans : « Par la sagesse et la bonne exhortation appelle (les gens) au sentier de ton Seigneur. Et discute avec eux de la meilleure façon ». Qaradawi conclut de ce verset que les activistes des Frères Musulmans devraient engager la discussion avec des interlocuteurs complaisants et non pas avec des challengers sérieux :</s>
    <s>Ce que je demande, c’est le « dialogue», pas le « débat ». (…) Un débat peut être accepté seulement si le camp de l’islam est mis au défi par l’autre partie et qu’il n’a pas le choix d’accepter pour éviter d’être accusé d’avoir fui une confrontation ou d’avoir déserté le champ de bataille.</s>
    <s>Commentant sur le même verset, Syed Maududi sous-entend que ceux qui n’acceptent pas l’islam sont mentalement déficients :</s>
    <s>(Le musulman impliqué dans un dialogue avec des non-musulmans) devrait éviter d’appliquer la même méthode à toutes les personnes et à tous les groupes mais devrait plutôt diagnostiquer d’abord la maladie véritable de son interlocuteur puis la soigner en faisant appel à sa tête et à son cœur. (Tafsir de Maududi sur 16:125)</s>
    <s>À l’instar de Maududi, les idéologues communistes avaient également identifié une « véritable maladie » affectant leurs opposants. Il la désignait sous le nom de « fausse conscience ». Friedrich Engels (1820-1895), le co-auteur du Manifeste du Parti communiste y fit référence dans sa Lettre à Mehring en 1893 (également ICI). On diagnostiquait les travailleurs qui n’acceptaient pas les idéaux communistes comme n’étant pas en pleine possession de leurs facultés intellectuelles. En URSS, les opposants furent envoyés dans des hôpitaux psychiatriques où ils subirent des « traitements » qui n’étaient rien d’autre que de la torture. Tous les défenseurs d’idéologies totalitaires partagent cette conviction que ceux qui sont en désaccord avec eux sont soit malades, soit prisonniers de quelques pouvoirs maléfiques et qu’ils doivent être « soignés » ou « libérés » contre leur volonté. Quand les leaders totalitaires jugent que leurs opposants représentent une menace trop importante pour le « corps social » et quand ils en ont les moyens matériels, ils les font tuer.</s>
    <s>La « compréhension de l’islam » de Tariq Ramadan comprend le dénigrement des non-musulmans (kafirs). Nous ne plaidons pas pour que les livres de Maududi et de Ramadan soient interdits. Nous voulons simplement pouvoir répondre à ceux qui sont impliqués dans l’offensive de colonisation ouvertement admise par Ramadan à la fin-juillet à Dallas sans avoir à nous justifier en face d’un comité de censeurs mis sur pied à la demande des participants à la conférence de Montréal.</s>
    <s>La liberté d’expression implique un refus de recourir à la coercition pour forcer les autres à adopter nos positions. Cela n’a jamais signifié de censurer les opinions qui nous déplaisent.</s>
    <s>George Orwell : « Si la liberté signifie quelque chose, c'est le droit de dire aux gens ce qu'ils ne veulent pas entendre. »</s>
    <s>Appendix I - The Freedom of the Press in Animal Farm (La liberté de la presse dans La ferme des animaux) , New York, Knopf, 1993, p. 107</s>
    <s>url : http://pointdebasculecanada.ca/articles/10002448-la-conf%C3%A9rence-interreligieuse-de-montr%C3%A9al-un-appel-%C3%A0-la-censure.html</s>
    <s>Références supplémentaires</s>
    <s>« Ça devrait être nous, avec notre compréhension de l'islam, avec nos principes qui colonisons les États-Unis d'Amérique ». - Tariq Ramadan, Dallas, 27 juillet 2011 03 août 2011</s>
    <s>La « compréhension de l'islam »  de Tariq Ramadan 23 août 2011</s>
    <s>Gregory Baum : un critique complaisant de la pensée de Tariq Ramadan 22 juillet 2011</s>
    <s>Tariq Ramadan : Une prière à Allah pour qu'il frappe les ennemis de l'islam 17 mai 2011</s>
    <s>Jean-François Revel sur la difficulté des sociétés ouvertes à se défendre contre un ennemi intérieur 06 décembre 2010</s>
    <s>Posted by Aldeeb at 9 h 38 min</s>
    <s>One Response to &quot;La conférence interreligieuse de Montréal: un appel à la censure&quot;</s>
    <s>1. !</s>
    <s>mica says:</s>
    <s>8 September 2011 at 17 h 40 min</s>
    <s>Cette conférence interreligieuse, et les germes de retour à la censure qu'elle apporte, démontre bien le non-sens de la démarche.</s>
    <s>Il va de soi que l'islam serait (théoriquement) le premier bénéficiaire d'une éventuelle législation anti-blasphème (l'OCI et le premier ministre turc font tout pour y arriver !). Mais c'est oublier un peu vite, qu'une législation a des mouvements en sens multiples.</s>
    <s>Prenons un petit exemple, admettons que je sois bouddhiste et que je m'oppose aux thèses de h.yahia à propos du bouddhisme et que je me réfère à la destruction des bouddha de Bamiyan en mars 2001.</s>
    <s>Je suis parfaitement en droit d'estimer que l'islam dénigre et plus encore, agresse la philosophie qui est mienne, et ses apports à la culture. … en conséquence, je vais demander (à qui ?) la condamnation, voire même l'interdiction de l'islam !!…Les chrétiens feront de même au nom des persécutions des leurs, dans les pays islamiques … et les descendants des civilisations américaines pré-colombiennes attaqueront le Vatican et le catholicisme, … suite à quoi, que feront les aborigènes d'Australie, et les Inuit du Grand Nord ?</s>
    <s>Nous courrons droit au non-sens -et au foutoir- le plus complet qu'il soit possible d'imaginer … sauf-sauf, si un groupe d'états parvient à être le premier à imposer &quot;sa&quot; propre vision religieuse face à tous les autres, …dans ce genre de compétition, celui qui est en seconde position est -inévitablement- le premier de tous les perdants !!… et nous entrerons alors dans le règne d'une dictature religieuse à caractère quasiment universel.</s>
    <s>Leave a Reply Cancel reply</s>
    <s>Nom (requis)</s>
    <s>E-mail (requis)</s>
    <s>Page Web</s>
    <s>Votre commentaire</s>
    <s>You may use these HTML tags and attributes: `&lt;a href=&quot;&quot; title=&quot;&quot;&gt; &lt;abbr title=&quot;&quot;&gt; &lt;acronym title=&quot;&quot;&gt; &lt;b&gt; &lt;blockquote cite=&quot;&quot;&gt; &lt;cite&gt; &lt;code&gt; &lt;del datetime=&quot;&quot;&gt; &lt;em&gt; &lt;i&gt; &lt;q cite=&quot;&quot;&gt; &lt;strike&gt; &lt;strong&gt; `</s>
    <s>How to Debate a Muslim</s>
    <s>Rached Ghanouchi je te découvre !</s>
    <s>Traduire cette page</s>
    <s>1) Si vous souhaitez savoir qui se cache derrière ce blog lisez ce billet. 2) Ce blog se veut une source d'information et un espace de débat sans censure autour des religions en général, et de l'islam en particulier. La critique de l'islam ne dédouane pas les autres religions et idéologies. 3) La publication de textes, de photos ou de vidéos repris d’autres sources n’implique pas une adhésion à leur contenu. 4) Tout commentaire est le bienvenu mais il n'engage que son auteur. Soyez courts et courtois, et ne prônez ni racisme ni violence. 5) Proposez des documents à publier dans ce blog en cliquant ici et faites-le connaître autour de vous. Merci d'avance.</s>
    <s>Souscrire aux flux</s>
    <s>Billets RSS</s>
    <s>Commentaires RSS</s>
    <s>Centre de droit arabe et musulman</s>
    <s>Cours, conférences, consultations juridiques et traduction</s>
    <s>Commandez mes livres: Le Coran par ordre chronologique --- Autres livres</s>
    <s>Les livres et les recommandations de Sami Aldeeb</s>
    <s>Widgets Amazon.fr</s>
    <s>Notes récentes</s>
    <s>Après injustices et attentats, les coptes peuvent-ils espérer leur Printemps ?</s>
    <s>مناظرة ريتشارد دوكنز وجون لينكس: هل دفن العلم الله؟ Discussion between Richard Dukins and John Lenox</s>
    <s>Fermons les mosquées en Occident en solidarité avec les Coptes!</s>
    <s>La chasse aux coptes est ouverte en Egypte</s>
    <s>Alain Gresh: Egypte, sanglante répression contre les coptes</s>
    <s>L'interdiction du niqab dans les universités tunisiennes suscite la polémique</s>
    <s>Libye : Syrte et la Fatwa de Jérusalem</s>
    <s>Libye:une mosquée attaquée et saccagée</s>
    <s>En Inde, des fatwas sur le terrorisme… et l'épilation intégrale</s>
    <s>La Tunisie des voiles et des barbes</s>
    <s>Commentaires récents</s>
    <s>Alain Jean-Mairet on Evangile du jour: Martyrs du Maroc</s>
    <s>Divico on Fermons les mosquées en Occident en solidarité avec les Coptes!</s>
    <s>Divico on Fermons les mosquées en Occident en solidarité avec les Coptes!</s>
    <s>Divico on Evangile du jour: Martyrs du Maroc</s>
    <s>Alain Jean-Mairet on مناظرة ريتشارد دوكنز وجون لينكس: هل دفن العلم الله؟ Discussion between Richard Dukins and John Lenox</s>
    <s>Alain Jean-Mairet on Fermons les mosquées en Occident en solidarité avec les Coptes!</s>
    <s>Torivec on Fermons les mosquées en Occident en solidarité avec les Coptes!</s>
    <s>Alain Jean-Mairet on Evangile du jour: Martyrs du Maroc</s>
    <s>L'électron libre on 200 prieurs musulmans de la Goutte d’Or humilient Guéant et la République laïque</s>
    <s>L'électron libre on Vous, les musulmans, êtes priés d'aller prier ailleurs</s>
    <s>*Sites consultés (1)</s>
    <s>Abattage (86)</s>
    <s>Alcool et drogue (17)</s>
    <s>Animaux (74)</s>
    <s>Apostasie (125)</s>
    <s>Art (28)</s>
    <s>Articles de Samia (3)</s>
    <s>casher (13)</s>
    <s>Cimetière (75)</s>
    <s>Circoncision (190)</s>
    <s>Conflit du Proche-Orient (20)</s>
    <s>Conversion à l'islam (47)</s>
    <s>Coran (79)</s>
    <s>Cours, conférences et livres (37)</s>
    <s>Démographie (27)</s>
    <s>Démographies (29)</s>
    <s>Dialogue interreligieux (30)</s>
    <s>Dictature / Démocratie (238)</s>
    <s>Dissimulation (24)</s>
    <s>Divorce (2)</s>
    <s>Droits de l'homme (29)</s>
    <s>École (67)</s>
    <s>Économie (68)</s>
    <s>Esclavage (36)</s>
    <s>Femmes (94)</s>
    <s>Fête du Mouton (17)</s>
    <s>Fêtes religieuses (34)</s>
    <s>Franc-Maçonnerie (5)</s>
    <s>Guerre (63)</s>
    <s>halal (58)</s>
    <s>hôpital (1)</s>
    <s>Imams (67)</s>
    <s>Immigration (474)</s>
    <s>Inquisition (191)</s>
    <s>Intégration (469)</s>
    <s>Islamophobie (198)</s>
    <s>Jeûne de Ramadan (193)</s>
    <s>Libéraux musulmans (92)</s>
    <s>Lieux de culte (399)</s>
    <s>Mariage (87)</s>
    <s>médecine (1)</s>
    <s>Minorités (286)</s>
    <s>Mouvements islamistes (141)</s>
    <s>Mufti et fatwa (2)</s>
    <s>Musique (2)</s>
    <s>Nourriture (67)</s>
    <s>Pèlerinage (19)</s>
    <s>Principe de réciprocité (4)</s>
    <s>Prison (5)</s>
    <s>Racisme (69)</s>
    <s>Révélation et prophètes (72)</s>
    <s>Sanctions (69)</s>
    <s>Sexualité (114)</s>
    <s>Sharia (335)</s>
    <s>Signes chrétiens (6)</s>
    <s>Sport (39)</s>
    <s>Suicide (1)</s>
    <s>Sunnah (1)</s>
    <s>Superstitions et sorcellerie (2)</s>
    <s>Terrorisme (181)</s>
    <s>Vêtement et coiffure (199)</s>
    <s>Violence (179)</s>
    <s>Remember me</s>
    <s>(C) 2011 Savoir ou se faire avoir</s>
    <s>Suffusion theme by Sayontan Sinha</s>
    <s>*HTML: HyperText Markup Language</s>
    <s>*RSS: Really Simple Syndication</s>
  </text>
</page>
