<?xml version="1.0" encoding="UTF-8"?>
<!DOCTYPE page SYSTEM "page.dtd">
<page>
  <lang>fr</lang>
  <url>http://french.beijingreview.com.cn/fabuhui/txt/2011-05/26/content_360797.htm</url>
  <title>Conférence de presse du 19 mai 2011</title>
  <snippet>
    <s>26 mai 2011 Jiang Yu : Sur l&#39;invitation du Président chinois Hu Jintao, le Président de la Elle espère que le Vatican créera, par des actes concrets, des conditions Après la conférence de presse, interrogée sur une éventuelle Concernant la 67e session de la CESAP-ONU, Jiang Yu a dit que la session </s>
  </snippet>
  <text>
    <s>!Modifier la taille du texte</s>
    <s>!Modifier la taille du texte</s>
    <s>!Imprimer cet article</s>
    <s>!BEIJING INFORMATION</s>
    <s>ÉDUCATION ET SCIENCES</s>
    <s>CHINE ET SOCIÉTÉ</s>
    <s>JO 2008</s>
    <s>LIVRES BLANCS</s>
    <s>Conférence de presse du MAE de Chine</s>
    <s>Publié le 26/05/2011</s>
    <s>Conférence de presse du 19 mai 2011</s>
    <s>Le 19 mai 2011, la porte-parole du Ministère des Affaires étrangères Jiang Yu a tenu une conférence de presse.</s>
    <s>Jiang Yu : Sur l'invitation du Président chinois Hu Jintao, le Président de la République de l'Union du Myanmar U Thein Sein effectuera une visite d'Etat en Chine du 26 au 28 mai.</s>
    <s>Sur l'invitation du Ministre des Affaires étrangères Yang Jiechi, le Ministre sri-lankais des Affaires étrangères G.L.Peiris effectuera une visite de travail en Chine les 23 et 24 mai.</s>
    <s>Q : Selon nos informations, quelques habitants de New York ont déposé une plainte contre le moteur de recherche chinois Baidu et le gouvernement chinois, les accusant d'avoir filtré les informations qu'ils avaient publiées sur Internet. Quels sont vos commentaires ?</s>
    <s>R : Le gouvernement chinois encourage et soutient le développement d'Internet, et garantit la liberté d'expression des citoyens conformément à la loi. La gestion d'Internet par le gouvernement chinois est conforme à la pratique internationale et constitue un acte souverain sur lequel les tribunaux étrangers, selon le droit international, n'ont pas juridiction.</s>
    <s>Q : Le Premier Ministre pakistanais Gilani a fait savoir hier que lors de leurs entretiens, la partie chinoise avait évoqué la mort de Ben Laden, estimant que l'action unilatérale des Etats-Unis constituait une menace pour la souveraineté du Pakistan. Pouvez-vous le confirmer ? La Chine va-t-elle intervenir si un événement similaire se produit à l'avenir ?</s>
    <s>R : Le Premier Ministre pakistanais Gilani est actuellement en visite en Chine. Cet après-midi, il s'entretiendra avec le Président du Comité national de la CCPPC Jia Qinglin, puis assistera avec lui à la célébration du 60e anniversaire des relations diplomatiques sino-pakistanaises. Il sera reçu par le Président Hu Jintao le 20 mai. Quant à sa rencontre avec le Premier Ministre Wen Jiabao, les informations la concernant ont déjà été communiquées. Je vous conseille de les consulter.</s>
    <s>Sur la question de la lutte contre le terrorisme, nous sommes d'avis que le Pakistan, qui y a apporté une contribution importante, au prix d'énormes sacrifices, doit pouvoir bénéficier de la compréhension et du soutien de la communauté internationale dans ses efforts pour préserver la stabilité intérieure et réaliser le développement socio-économique et que l'indépendance, la souveraineté et l'intégrité territoriale du Pakistan doivent être respectées.</s>
    <s>Q : Selon nos informations, un accord sur la production en commun d'avions de chasse a été signé lors de la visite du Premier Ministre Gilani en Chine. Pouvez-vous nous en donner plus d'informations ? Quels sont vos commentaires sur la démission du directeur général du FMI Diminique Strauss-Kahn ? Souhaitez-vous voir un nouveau directeur général venant d'un pays émergent ? Et le Pape à Rome aurait accusé ces derniers temps la Chine de faire des pressions sur les évêques chinois. Quels sont vos commentaires ?</s>
    <s>R : Au cours de la visite du Premier Ministre Gilani, les deux parties ont signé des accords de coopération dans les domaines économique, technologique, financier et énergétique. Je vous conseille de vous renseigner auprès des entreprises concernées sur les projets de coopération précis.</s>
    <s>La Chine et le Pakistan mènent une coopération pragmatique dans de nombreux domaines. Dans leur nouveau plan de coopération économique et commerciale, l'énergie, la construction d'infrastructures et l'agriculture ont été identifiées comme domaines prioritaires, et des mécanismes de coopération ont été mis en place. Le gouvernement chinois encourage les entreprises chinoises à investir davantage au Pakistan et à intensifier la coopération en matière commerciale, financière et technico-scientifique. La Chine travaille activement pour honorer ses engagements sur l'aide à la reconstruction pakistanaise et elle ne ménagera aucun effort pour aider le gouvernement et le peuple pakistanais à surmonter les difficultés. A l'occasion du soixantenaire de leurs relations diplomatiques, la Chine et le Pakistan vont organiser une série de manifestations culturelles et œuvreront ensemble pour ouvrir une nouvelle phase de développement de leurs relations bilatérales.</s>
    <s>Sur votre deuxième question, nous avons pris note de ces informations et suivons de près l'évolution de la situation. Le Ministère des Affaires étrangères n'est pas en charge de ce dossier. Veuillez vous informer auprès des autorités compétentes.</s>
    <s>Nous préconisons depuis toujours la poursuite de la réforme de la gouvernance du FMI et la sélection de ses cadres supérieurs selon les principes de l'équité, de la transparence et du mérite. En principe, nous estimons que les marchés émergents et les pays en développement doivent avoir leurs représentants parmi les cadres supérieurs du FMI.</s>
    <s>Quant à votre troisième question, la Chine espère que le Vatican regardera la réalité en face, cette réalité, c'est qu'en Chine, la liberté de croyance religieuse est garantie et le catholicisme se développe bien. Elle espère que le Vatican créera, par des actes concrets, des conditions favorables à l'amélioration des relations avec la Chine.</s>
    <s>Q : Quels sont vos commentaires sur la situation actuelle en Libye?</s>
    <s>R : La Chine appelle les parties libyennes à mettre fin immédiatement aux conflits et à rechercher une solution pacifique à leurs différends par le biais de négociations. La communauté internationale doit travailler à un règlement politique du problème libyen afin d'apaiser les tensions le plus vite possible.</s>
    <s>Après la conférence de presse, interrogée sur une éventuelle participation de la Chine à la 16e Conférence ministérielle du Mouvement des Non-Alignés (MNA) et à la 67e session de la CESAP-ONU, Jiang Yu a déclaré que la Chine se ferait représenter par un officiel de haut niveau à la 16e Conférence ministérielle du MNA qui se tiendra à Bali, en Indonésie, du 23 au 27 mai. Selon elle, la Chine, très attachée à la MNA, soutient un plus grand rôle de celui-ci dans les affaires internationales et espère que cette conférence permettra de renforcer l'unité et la coopération entre les pays en développement.</s>
    <s>Quant au bilan du MNA, Jiang Yu a souligné que depuis sa création il y a un demi-siècle, le MNA, conformément aux principes de l'indépendance, de l'autonomie et du refus des blocs, a œuvré au règlement pacifique des conflits régionaux et fait d'énormes efforts en vue de l'avènement d'un nouvel ordre international politique et économique juste et rationnel. Selon elle, le MNA, étant pour les pays en développement un mécanisme important de solidarité pour être plus forts ensemble, un instrument important pour défendre leurs intérêts communs et une plate-forme importante pour exercer une influence sur les affaires internationales, joue un rôle unique et indispensable. La Chine qui a toujours accordé de l'importance et du soutien au MNA apprécie sa politique d'indépendance, d'autonomie et de refus des blocs, salue son rôle positif dans les affaires internationales et travaille en étroites coordinations avec lui au niveau international.</s>
    <s>Concernant la 67e session de la CESAP-ONU, Jiang Yu a dit que la session annuelle de la CESAP-ONU se tiendrait à Bangkok, en Thaïlande, du 19 au 25 mai et que le Ministre assistant des Affaires étrangères Wu Hailong assisterait à la réunion ministérielle du 23 au 25 mai à la tête d'une délégation chinoise. Selon elle, les Ministres se retrouveront pour une table ronde sur le thème « Au-delà des crises : les perspectives à long terme pour la protection sociale et le développement en Asie et dans le Pacifique » et un débat général autour du thème « Enjeux et défis pour un développement économique et social inclusif et durable en Asie et dans le Pacifique ». Le Ministre assistant Wu Hailong assistera à l'ouverture de la réunion ministérielle et interviendra à la table ronde et au débat général. Nous espérons que les différentes parties participant à la réunion auront des discussions dans un esprit d'échanges et de consensus sur le développement inclusif et durable ainsi que sur le renforcement de la protection sociale en Asie-Pacifique, et contribueront ensemble à promouvoir un développement inclusif et durable en Asie-Pacifique.</s>
    <s>Source: Ministère chinois des Affaires étrangères</s>
    <s>Beijing Information</s>
    <s>24 Baiwanzhuang, 100037 Beijing République populaire de Chine</s>
    <s>Edition française: Tél: 68996274 Fax: 68326628</s>
    <s>Conférence de presse du 19 mai 2011</s>
    <s>Conférence de presse du 12 mai 2011</s>
    <s>Conférence de presse du 10 mai 2011</s>
    <s>LIVRES BLANCS</s>
    <s>Coopération économique et commerciale entre la Chine et l’Afrique</s>
    <s>La situation de l'Internet en Chine</s>
    <s>La défense nationale de la Chine en 2008</s>
    <s>Rapport d'activité du gouvernement 2011</s>
    <s>Rapport sur l'exécution du plan de développement économique et social en 2009 et sur le projet de plan pour 2010</s>
    <s>ÉDUCATION ET SCIENCES</s>
    <s>L´art du rêve en tournée</s>
    <s>Obama desserre l'étau autour de la recherche sur les cellules souches</s>
    <s>Pays en fêtes</s>
    <s>D'autres fêtes tibétaines</s>
    <s>Le Nouvel An plusieurs fois par année</s>
    <s>Le Quotidien du Peuple</s>
    <s>Radio Chine Internationale</s>
    <s>Ambassade de Chine en France</s>
    <s>Ambassade de France en Chine</s>
    <s>China Daily (version française)</s>
    <s>Centre d'Information et d'Internet de Chine</s>
    <s>La Chine au Présent</s>
    <s>La Chine Pictorial</s>
    <s>Voyage Chine</s>
  </text>
</page>
