<?xml version="1.0" encoding="UTF-8"?>
<!DOCTYPE page SYSTEM "page.dtd">
<page>
  <lang>fr</lang>
  <url>http://calenda.revues.org/nouvelle839.html</url>
  <title>Calenda - Franc-maçonnerie et histoire</title>
  <snippet>
    <s>24 avr. 2001 Signaler un événement Comité d&#39;organisation : Pierre-Yves BEAUREPAIRE (maître de conférences à l&#39;université d&#39;Artois), Jacques-Olivier </s>
  </snippet>
  <text>
    <s>Abonnez-vous à la lettre :</s>
    <s>À propos de Calenda</s>
    <s>Signaler un événement</s>
    <s>en Sciences humaines</s>
    <s>et sociales</s>
    <s>Octobre 2011</s>
    <s>À la une</s>
    <s>Toutes les catégories</s>
    <s>Esprit et langage</s>
    <s>Types d'événements</s>
    <s>Tous les types</s>
    <s>Appels à contribution</s>
    <s>Journées d'étude</s>
    <s>Bourses, prix et emplois</s>
    <s>Appels d'offres</s>
    <s>Cycles de conférences</s>
    <s>Informations diverses</s>
    <s>!Voir les nouvelles</s>
    <s>S'abonner aux flux RSS de Calenda</s>
    <s>Archiver cette annonce</s>
    <s>Accueil  &gt;  Catégories</s>
    <s>Mercredi 14 novembre 2001  |  Rouen</s>
    <s>Franc-maçonnerie et histoire</s>
    <s>Publié le mardi 24 avril 2001 par Marin Dacos</s>
    <s>Franc-maçonnerie et histoire : un patrimoine régional PROGRAMME DU COLLOQUE (programme définitif) Comité d’organisation : Jacques-Olivier BOUDON (Professeur des Universités, directeur du GHRIS, université de Rouen), Christi</s>
    <s>Franc-maçonnerie et histoire : un patrimoine régional</s>
    <s>PROGRAMME DU COLLOQUE (programme définitif)</s>
    <s>Comité d’organisation :</s>
    <s>Jacques-Olivier BOUDON (Professeur des Universités, directeur du GHRIS, université de Rouen), Christine GAUDIN-NASLIN (docteur en musicologie, GHRIS, université de Rouen), Eric SAUNIER (maître de conférence à l’université du Havre, CIRTAI).</s>
    <s>Comité scientifique :</s>
    <s>Pierre-Yves BEAUREPAIRE (maître de conférences à l’université d’Artois), Jacques-Olivier BOUDON (Professeur des Universités, directeur du GHRIS, université de Rouen), ), Christine GAUDIN-NASLIN (docteur en musicologie, GHRIS, université de Rouen), Pierre MOLLIER (Responsable du Musée du Grand Orient de France), Charles PORSET (directeur de recherches au CNRS, Université de Paris IV), Daniel ROCHE (professeur au Collège de France), Eric SAUNIER (maître de conférence à l’université du Havre, CIRTAI-CNRS).</s>
    <s>MERCREDI 14 NOVEMBRE 2001 : FIN DE JOURNEE.</s>
    <s>ACCUEIL DES PARTICIPANTS ET INAUGURATION DE L’EXPOSITION.</s>
    <s>17 HEURES-20 HEURES : AMPHI DES BEAUX-ARTS</s>
    <s>Ouverture du colloque : discours introductifs et inauguraux (organisateurs : Jacques-Olivier BOUDON, Christine GAUDIN-NASLIN, Eric SAUNIER), inauguration de l’exposition à la Bibliothèque.</s>
    <s>Franc-maçonnerie et Histoire : un patrimoine régional.</s>
    <s>JEUDI 15 NOVEMBRE 2001 :</s>
    <s>9 h 30- 12 h 30 :</s>
    <s>Axe n°1 : Epistémologie et méthodologie : bilan et perspectives.</s>
    <s>THEME 1 : LES SOURCES DE L’HISTOIRE MAÇONNIQUE.</s>
    <s>Dominique Morillon (Conservatrice à la Bibliothèque Nationale de France), La fréquentation des fonds maçonniques de la BNF : bilan et perspectives.</s>
    <s>Charles Porset (directeur de recherches au CNRS, Université de Paris IV), Un nouveau massif de sources : les archives maçonniques du KGB.</s>
    <s>Laurence Chatel de Brancion (docteur en histoire) , Cambacérès et la franc-maçonnerie : les apports des fonds japonais.</s>
    <s>Pierre-Yves Beaurepaire (maître de conférences à l’université d’Artois), Sortir de l'impasse «maçonnologique» : les sources d'une histoire sociale et culturelle de la franc-maçonnerie ?</s>
    <s>14 h – 18 h 30 :</s>
    <s>Première partie : THEME 2 : FRANC-MACONNERIE ET APPROCHE INTERDISCIPLINAIRE</s>
    <s>Anne Girollet (Maître de conférences en histoire du droit à l’Université de Bourgogne -Centre Georges Chevrier, UMR 5605-), Victor Schoelcher et la franc-maçonnerie.</s>
    <s>Pierre Auger (Professeur à l’université Laval, Québec), L’analyse sémantique appliquée au discours maçonnique.</s>
    <s>Pierre Mollier (Responsable du Musée du Grand Orient de France), Sigillographie et connaissance du fait maçonnique.</s>
    <s>Deuxième partie : Axe n°2 : Les renouvellements de l’histoire maçonnique.</s>
    <s>THEME 3 : FRANC-MAÇONNERIE ET HISTOIRE DES « RESEAUX »</s>
    <s>Yves Hivert Messeca (professeur agrégé, docteur en histoire), Francs-maçons et protestants (1850-1914) : du philoprotestantisme à la paix armée.</s>
    <s>Paul Baquiast (docteur en histoire, chargé de cours à l'Institut catholique de Paris), Franc-maçonnerie et réseaux familiaux : l’exemplarité des Pelletan ?</s>
    <s>Yannick Marec (Professeur à l’Université de Rouen, GRIS), Entre complémentarité et concurrence des réseaux : la philanthropie républicaine et la franc-maçonnerie à Rouen à la fin du XIX° siècle</s>
    <s>VENDREDI 16 NOVEMBRE 2001 :</s>
    <s>9 h 30- 12 h 30 :</s>
    <s>THEME 4 : FRANC-MAÇONNERIE ET HISTOIRE : IDEOLOGIES ET PRATIQUES (XVIII°-XX° SIECLES)</s>
    <s>Pascal Dupuy (maître de conférences à l’université de Rouen), Les rites maçonniques au regard des gravures satiriques de Richard Newton ou l'art de la caricature.</s>
    <s>Michel Jarrige (agrégé d'histoire), Les organisations antimaçonniques en France à travers leurs organes de presse (1899-1914).</s>
    <s>Fulvio Conti (Professeur d’Histoire contemporaine à la faculté des Sciences politiques de Florence), Pratiques politiques et franc-maçonnerie au XX° siècle en Italie.</s>
    <s>Luis Martin (Professeur des Universités, Université Blaise Pascal-Clermont Ferrand II/CHEC), Franc-maçonnerie et citoyenneté en Espagne au tournant des XIX° et XX° siècles.</s>
    <s>14 h – 18 h 30:</s>
    <s>Premier temps : Axe n°3 : Les renouvellements de l’histoire maçonnique. Approche comparative.</s>
    <s>THEME 5 : FRANC-MACONNERIE ET LIBRE PENSEE.</s>
    <s>Anna-Maria Isastia (professeur d’histoire contemporaine à l’université de Rome.), Franc-maçonnerie et libre pensée en Italie.</s>
    <s>Pedro Alvarez (Maître de conférences à l’université Comillas – Madrid-), Franc-maçonnerie et libre pensée en Espagne.</s>
    <s>Jacqueline Lalouette (Professeur à l’université de Paris XIII), Franc-maçonnerie et libre pensée en France.</s>
    <s>Deuxième temps : THEME 6 : AUTOUR DE L’ IDENTITE : FRANC-MACONNERIE ET FRANC-MACONNERIES.</s>
    <s>Cécile Révauger (Professeur d'Etudes anglophones à l'université des Antilles-Guyane), Franc-maçonnerie et référentiels conceptuels en France et dans le monde anglo-saxon : approche comparée.</s>
    <s>André Combes (agrégé d’histoire, directeur de l’IDERM.), L’évolution des relations internationales entre les obédiences au XX° siècle.</s>
    <s>Jean-Robert Ragache (agrégé d’histoire), La culture politique des francs-maçons à la fin du XIX° siècle en France</s>
    <s>mercredi 14 novembre 2001 au vendredi 16 novembre 2001</s>
    <s>courriel : yves point portier (at) univ-rouen point fr</s>
    <s>GRHIS-Université de Rouen-Faculté des Lettres-Rue Lavoisier-76821-Mont St Aignan</s>
    <s>Source de l'information</s>
    <s>Yves Portier</s>
    <s>courriel : yves point portier (at) univ-rouen point fr</s>
    <s>Pour citer cette annonce</s>
    <s>« Franc-maçonnerie et histoire », Colloque, Calenda , publié le mardi 24 avril 2001, http://calenda.revues.org/nouvelle839.html</s>
    <s>Accès réservé</s>
    <s>Revues.orgRevues et collections de livres</s>
    <s>Les revues (305)</s>
    <s>Les collections de livres (18)</s>
    <s>En savoir plus</s>
    <s>CalendaCalendrier des sciences sociales</s>
    <s>Acceder aux evenements ()</s>
    <s>En savoir plus</s>
    <s>Hypotheses.orgCarnets et blogs de recherche</s>
    <s>Acceder aux carnets (242)</s>
    <s>En savoir plus</s>
    <s>Lettre &amp; alertes</s>
    <s>LettreS'abonner a la Lettre de Revues.org</s>
    <s>Alertes &amp; abonnementsAcceder au service</s>
    <s>Calendrier des lettres et sciences humaines et sociales</s>
    <s>*vendredi 16 novembre 2001: 20011116</s>
    <s>*mercredi 14 novembre 2001: 20011114</s>
  </text>
</page>
