<?xml version="1.0" encoding="UTF-8"?>
<!DOCTYPE page SYSTEM "page.dtd">
<page>
  <lang>fr</lang>
  <url>http://docs.moodle.org/19/fr/Visio_conf%25C3%25A9rence</url>
  <title>Visio conférence - MoodleDocs</title>
  <snippet>
    <s>13 janv. 2011 La visio-conférence est un outil toujours absent en standard dans Moodle, Voici une liste d&#39;outils permettant de faire de la visio-conférence. </s>
  </snippet>
  <text>
    <s>What is Moodle?</s>
    <s>Demonstration site</s>
    <s>Recent news</s>
    <s>Security news</s>
    <s>Planet Moodle</s>
    <s>Moodle Buzz</s>
    <s>Books and manuals</s>
    <s>Commercial services</s>
    <s>Registered sites</s>
    <s>Connected sites</s>
    <s>Moodle Jobs</s>
    <s>Recent participants</s>
    <s>Moodle Shop</s>
    <s>Developer documentation</s>
    <s>Moodle Tracker</s>
    <s>Open source code</s>
    <s>Standard Moodle packages</s>
    <s>Moodle for Mac OS X</s>
    <s>Moodle for Windows</s>
    <s>Modules and plugins</s>
    <s>Language packs</s>
    <s>My courses</s>
    <s>You are here</s>
    <s>/ ► Moodle Docs</s>
    <s>/ ► Français</s>
    <s>/ ► Visio conférence</s>
    <s>Visio conférence</s>
    <s>De MoodleDocs.</s>
    <s>Aller à : Navigation, rechercher</s>
    <s>La visio-conférence est un outil toujours absent en standard dans Moodle, y compris pour sa version 2.0.</s>
    <s>Malgré tout, plusieurs outils existent, qui peuvent permettre de faire de la visio-conférence, du partage de documents, d’application et offrir d'autres outils collaboratifs, de façon plus ou moins intégrée.</s>
    <s>Quelques outils de visio-conférence</s>
    <s>Voici une liste d'outils permettant de faire de la visio-conférence. Les liens permettront d'en savoir un peu plus sur chaque outil, et d'accéder à plus d'information, dans les forums par exemple.</s>
    <s>Network Education Ware</s>
    <s>Thinsy Virtual Conference</s>
    <s>Adobe Acrobat Connect Pro</s>
    <s>Comparatif des outils de visio-conférence</s>
    <s>OpenMeetings Bigbluebutton DimDim Covcell EVO WiziQ Connect Pro</s>
    <s>Site web</s>
    <s>Plugin Moodle</s>
    <s>Les +</s>
    <s>Les -</s>
    <s>Discussion intéressante</s>
    <s>Date M.A.J. ici</s>
    <s>L'initiateur de la conférence décide qui peut parler.</s>
    <s>Chacun décide s'il veut parler ou pas.</s>
    <s>Oui (hôte peut céder le droit)</s>
    <s>Enregistrement session</s>
    <s>Tableau blanc</s>
    <s>Partage documents</s>
    <s>Partage bureau</s>
    <s>Partage application</s>
    <s>Oui (donner la main à utilisateur distant)</s>
    <s>Inscription nécessaire</s>
    <s>Savoir si chaque personne doit se créer un compte</s>
    <s>Installation logiciel</s>
    <s>Savoir si chaque utilisateur doit installer un logiciel sur son ordinateur</s>
    <s>Facultatif (Add-In nécessaire pour certaines fonctions de partage)</s>
    <s>Savoir si on peut installer l'application sur son propre serveur, ou si on dépend du fournisseur</s>
    <s>Préciser les plateformes serveur possibles. Voire les plateformes client, si c'est limité.</s>
    <s>Intégré à CRM</s>
    <s>Voir aussi</s>
    <s>Quelques discussions dans les forums francophones :</s>
    <s>Le Forum anglais dédié à la visio-conférence dans Moodle</s>
    <s>L'audio dans Moodle (en anglais)</s>
    <s>Récupérée de « http://docs.moodle.org/19/fr/Visio conf%C3%A9rence »</s>
    <s>Catégories : Administrateur | Enseignant</s>
    <s>Voir le texte source</s>
    <s>Outils personnels</s>
    <s>Modifications récentes</s>
    <s>À propos de Moodle</s>
    <s>Boîte à outils</s>
    <s>Pages liées</s>
    <s>Suivi des pages liées</s>
    <s>Pages spéciales</s>
    <s>Version imprimable</s>
    <s>Adresse de cette version</s>
    <s>Dernière modification de cette page le 13 janvier 2011 à 10:44.</s>
    <s>Cette page a été consultée 2 047 fois.</s>
    <s>Contenu disponible sous GNU Public License.</s>
    <s>À propos de MoodleDocs</s>
    <s>Veuillez utiliser le bouton de prévisualisation avant d’enregistrer. e)</s>
    <s>Vous pouvez toutefois en visualiser la source. e)</s>
  </text>
</page>
