<?xml version="1.0" encoding="UTF-8"?>
<!DOCTYPE page SYSTEM "page.dtd">
<page>
  <lang>fr</lang>
  <url>http://blog.crimenumerique.fr/tag/fic-2010/</url>
  <title>FIC 2010 « Criminalités numériques</title>
  <snippet>
    <s>4 avr. 2010 Dans quelques jours, les photos et les compte-rendus des ateliers seront disponibles sur le site de la conférence. On y trouve notamment l&#39;ensemble des intervenants qui ont accepté Entrer votre adresse e-mail pour vous inscrire à ce blog et recevoir les notifications des nouveaux articles par courriel. </s>
  </snippet>
  <text>
    <s>Criminalités numériques</s>
    <s>Cybercriminalité, analyse criminalistique des systèmes numériques</s>
    <s>Recherche :</s>
    <s>Abonnement (RSS, etc.)</s>
    <s>Statistiques du blog</s>
    <s>À propos</s>
    <s>Articles Commentaires</s>
    <s>Atteintes aux mineurs</s>
    <s>Criminalistique numérique</s>
    <s>Actualité judiciaire</s>
    <s>4ème Forum International sur la Cybercriminalité - Un bilan</s>
    <s>4 avril 2010 par Eric Freyssinet 2 commentaires</s>
    <s>Le 4ème Forum International sur la Cybercriminalité qui s'est déroulé les 31 mars et 1er avril 2010 a tenu ses promesses, avec plus de 2200 participants, des dizaines d'exposants, 30 ateliers et conférences pour répondre aux attentes de tous. La reprise assez importante par la presse de cet événement dénote l'intérêt du grand public pour une plus grande sensibilisation sur ces sujets. La présence nombreuse de nos interlocuteurs dans les entreprises, régionales ou nationales montre aussi une véritable préoccupation.</s>
    <s>Un public nombreux à l'ouverture du FIC 2010</s>
    <s>Le FIC est aussi devenu un véritable événement Européen et International avec la présence de nos partenaires de dizaines de pays. J'ai ainsi pu rencontrer les collègues que j'y côtoie habituellement (Belges, Anglais, Allemands, …), mais par exemple un camarade de la gendarmerie royale du Maroc ou écouter l'exposé de Mohamed Chawki (Conseil d'Etat, Egypte) nous exposer la situation dans son pays et ailleurs en Afrique en matière de législation contre la cybercriminalité.</s>
    <s>Dans quelques jours, les photos et les compte-rendus des ateliers seront disponibles sur le site de la conférence.</s>
    <s>Guides contre la cybercriminalité</s>
    <s>Deux guides qui ont beaucoup contribué au succès du FIC ont été publiés dans une nouvelle édition, chacun à destination d'un public différent.</s>
    <s>Le guide pratique du chef d'entreprise face au risque numérique (4° éd.)</s>
    <s>Rédigé avec le soutien du Clusif et de l'association S@ntinel, ainsi que de nombreux partenaires publics et privés. Le guide est organisé en deux grands chapitres:!</s>
    <s>Douze études de cas (La divulgation de savoir-faire, Le vol d'ordinateur portable ou de PDA, La défiguration de site Web,…)</s>
    <s>Les recommandations des institutions.</s>
    <s>Il a été distribué au cours du salon et sera disponible en téléchargement très bientôt sur le site du FIC (mais on le trouve déjà en cherchant bien…). Indispensable !</s>
    <s>Cybercrimin@lité, réflexes et bonnes pratiques (2° éd.)</s>
    <s>Plus discret, car destiné au public des enquêteurs et des magistrats, ce guide en est déjà à sa deuxième édition. Il a été rédigé sous la houlette d'un comité rédactionnel régional trans-frontière: Eric Absil (RCCU Charleroi), David Cassel (NTECH à Arras), Serge Houtain (RCCU Tournai) et Laurent Frappart (NTECH à Arras) et le nombre de contributeurs est particulièrement nombreux.</s>
    <s>Ce guide est organisé en cinq grandes parties:!</s>
    <s>Un chapitre d'introduction et de définitions</s>
    <s>Vecteurs et supports de la cybercriminalité</s>
    <s>Les constatations dans l'espace virtuel</s>
    <s>Les cadres légaux belge et français</s>
    <s>11 fiches réflexes</s>
    <s>Bilan des conférences et ateliers</s>
    <s>Tout d'abord un coup de chapeau à mes camarades de la Région de gendarmerie Nord Pas de Calais et à tous leurs partenaires pour la réussite de cet événementJe n'ai malheureusement pas pu assister à beaucoup des conférences et ateliers, mais un sujet était très présent cette année, jusque dans les conclusions du Général d'armée Marc Watin-Auguouard, la cyberdéfense.</s>
    <s>La France et l'Europe sont-elles prêtes dans la lutte contre les nouvelles formes de conflit sur les réseaux et les risques les plus graves contre nos infrastructures vitales ? Le bilan de la table ronde dédiée à ce sujet est positif, même s'il reste des efforts à faire, notamment en termes de connaissance du dispositif par l'ensemble des acteurs concernés (comme le portail officiel sur la sécurité informatique).</s>
    <s>A titre personnel j'indiquerais qu'il faut peut-être encore plus décloisonner les interactions public-privé (les partenariats public-privé dans la cyberdéfense étaient le thème de cette table ronde). On sent en effet, malgré les ouvertures et les projets communs qu'il manque une fluidité dans la circulation de l'information. Les OzSSI (observatoires zonaux de la sécurité des systèmes d'information) sont un outil de ce décloisonnement, peut-être faut-il attendre maintenant des entreprises qu'elles partagent plus facilement l'information, notamment au sein d'un même secteur économique, pour être ensemble mieux préparées aux risques.</s>
    <s>Rendez-vous en 2011 !</s>
    <s>Classé sous Cybercriminalité, Prospective, Sécurité Taggé(s) Cyberdéfense, FIC 2010, NTECH, RCCU, SSI</s>
    <s>Programme détaillé du FIC 2010</s>
    <s>16 mars 2010 par Eric Freyssinet Laisser un commentaire</s>
    <s>!Le programme détaillé du 4ème forum international sur la cybercriminalité 2010 est en ligne sur le site de la conférence. On y trouve notamment l'ensemble des intervenants qui ont accepté de participer aux différents ateliers ainsi que les horaires précis. Je rappelle que le FIC 2010 a lieu les 31 mars et 1er avril prochains à Lille, Grand Palais.</s>
    <s>Vous pouvez aussi télécharger le planning à conserver dans sa poche pour aller facilement d'une conférence à une autre.</s>
    <s>Trois pôles d'ateliers et de conférences:</s>
    <s>Justice, sécurité, défense ;</s>
    <s>Entreprises ;</s>
    <s>J'interviendrai pour ma part dans la table ronde de clôture « Droit à l'oubli sur le Web : ultime protection de l'identité numérique » aux côtés de Mes. Blandine Poidevin et Martine Ricouart-Maillet, MM. les sénateurs Yves Detraigne et Alex Türk.</s>
    <s>Classé sous Cybercriminalité, Prospective, Sécurité Taggé(s) FIC 2010</s>
    <s>Quelques conférences cyber des semaines à venir</s>
    <s>27 février 2010 par Eric Freyssinet Laisser un commentaire</s>
    <s>Conseil de l'Europe (GNU FDL)</s>
    <s>Je vous propose quelques informations sur des conférences en rapport avec la cybercriminalité au cours des semaines à venir en France :</s>
    <s>16 mars 2010, JSSI Journée sécurité des systèmes d'information 2010, OSSIR, programme</s>
    <s>23 au 25 mars 2010, Conférence Octopus 2010, Conseil de l'Europe (Strasbourg), programme</s>
    <s>31 mars et 01 avril 2010, FIC 4ème Forum international sur la cybercriminalité, Lille, programme</s>
    <s>09 au 11 juin 2010, SSTIC Symposium sur la sécurité des technologies de l'information et des communications 2010, programme</s>
    <s>Classé sous Cybercriminalité, Prospective Taggé(s) Conseil de l'Europe, FIC, FIC 2010, JSSI 2010, Octopus, OSSIR</s>
    <s>Conférences cyber des semaines à venir</s>
    <s>12 janvier 2010 par Eric Freyssinet Un commentaire</s>
    <s>Quelques conférences cyber des semaines à venir !</s>
    <s>Demain, 13/01/2010, 15h, Cercle national des armées, Panorama de la Cybercriminalité - Bilan de l'année 2009, CLUSIF - Club de la sécurité de l'information français ;</s>
    <s>04/02/2010, 9h à 17h15, ISEP, Université des correspondants informatiques et libertés (CIL), AFCDP - Association française des correspondants aux données personnelles ;</s>
    <s>31/03 et 01/04/2010, Lille Grand Palais, 4ème Forum international sur la cybercriminalité, Gendarmerie nationale, avec le soutien financier de la Commission Européenne.</s>
    <s>N'hésitez notamment pas à vous inscrire nombreux au FIC 2010.</s>
    <s>Classé sous Cybercriminalité, Prospective, Sécurité Taggé(s) AFCDP, Clusif, FIC, FIC 2010</s>
    <s>Follow @ericfreyss</s>
    <s>L'identité à l'ère numérique</s>
    <s>Le 12 août 2009 chez Dalloz</s>
    <s>ISBN: 978-2247080618</s>
    <s>Association francophone des spécialistes de l'investigation numérique</s>
    <s>Blogs que je consulte</s>
    <s>Cybercriminalité et vol d'identité</s>
    <s>Forensic KB</s>
    <s>Forensics from the sausage factory</s>
    <s>L'analyse du risque</s>
    <s>Mobile device forensics</s>
    <s>SANS Computer forensics</s>
    <s>Windows incident response</s>
    <s>Liens utiles</s>
    <s>Signaler une infraction sur le net</s>
    <s>Mes blogs</s>
    <s>L'identité à l'ère numérique</s>
    <s>Forensic 4cast</s>
    <s>2CENTRE 26C3 Action Innocence ANSSI Atteintes aux STAD Blocage Botnets carte bancaire CCC Clusif Conficker Conseil de l'Europe Contrefaçon Cyber-patrouilleurs DDoS DNS FIC FIC 2010 Filtrage Forum des droits sur Internet gendarmerie GSM HADOPI Hébergeurs Live forensics LNK LOPPSI Mules NTECH Octopus Paquet télécom Phishing Presse Protection des mineurs Pédocriminels Pédopornographie SCADA Spam SSI SSL SSTIC Stuxnet Sénat TLS Twitter</s>
    <s>Chaos feared after Unix time-zone database is nuked http://t.co/GeA3hr9T // histoire hallucinante effectivement 1 day ago</s>
    <s>En avant pour 11.10 2 days ago</s>
    <s>Gendarmerie nationale: Le GIGN intercepte un go-fast http://t.co/z4d3Mn8Q 3 days ago</s>
    <s>RT @arnaud thurudev Hadopi : défaut de sécurisation, faux mail, vraie arnaque http://t.co/6fQNyFjV cc @ericwalter 3 days ago</s>
    <s>Le guide des programmes est apparu dans la v 1.1 du Freebox Player Révolution - enfin4 days ago</s>
    <s>Abonnement courriel</s>
    <s>Entrer votre adresse e-mail pour vous inscrire à ce blog et recevoir les notifications des nouveaux articles par courriel.</s>
    <s>Joignez-vous à 25 autres disciples</s>
    <s>!S'abonner au RSS</s>
    <s>Ou bien :</s>
    <s>S'abonner à la lettre d'information de Criminalités numériques par courriel</s>
    <s>Bloguez sur WordPress.com.</s>
    <s>Thème : Enterprise par StudioPress.</s>
    <s>Follow Criminalités numériques</s>
    <s>Get every new post delivered to your Inbox.</s>
    <s>Joignez-vous à 25 autres disciples</s>
    <s>Powered by WordPress.com</s>
    <s>Send to Email Address Votre nom Votre Adresse Email</s>
    <s>!loading Annuler</s>
    <s>L'article n'a pas été envoyé - Vérifiez vos adresses email</s>
    <s>Email check failed, please try again</s>
    <s>Désolé, votre blog ne peut partager des articles par email.</s>
  </text>
</page>
