<?xml version="1.0" encoding="UTF-8"?>
<!DOCTYPE page SYSTEM "page.dtd">
<page>
  <lang>fr</lang>
  <url>http://blog.multipol.org/post/2010/05/31/ACTU-%253A-Succ%25C3%25A8s-de-la-Conf%25C3%25A9rence-du-TNP</url>
  <title>ACTU : Succès de la Conférence de révision du TNP - Réseau d ...</title>
  <snippet>
    <s>Par Guest le mardi 1 juin 2010, 09:00 - Sécurité internationale et défense - Lien permanent Les 189 Etats-parties de la Conférence de révision du Traité de à limiter les demandes émanant des pays non-alignés. Ainsi, s&#39;ils doivent </s>
  </snippet>
  <text>
    <s>Réseau d'analyse et d'information sur l'actualité internationale</s>
    <s>Aller au contenu | Aller au menu | Aller à la recherche</s>
    <s>« OUVRAGE : &quot;International Law and the Quest - ACTU : Le Conseil de sécurité appelle à une »</s>
    <s>ACTU : Succès de la Conférence de révision du TNP</s>
    <s>Par Guest le mardi 1 juin 2010, 09:00 - Sécurité internationale et défense - Lien permanent</s>
    <s>Jean-Marie COLLIN</s>
    <s>Jean-Marie COLLIN</s>
    <s>Les 189 Etats-parties de la Conférence de révision du Traité de non-prolifération nucléaire sont parvenus à un consensus sur une déclaration finale. Le succès n’est pas éclatant, mais il existe, renforçant de fait la pertinence du TNP.</s>
    <s>« Le monde nous regarde », a rappelé le président philippin de la conférence, Libran Cabactulan, avant de conclure ces quatre semaines de travaux sur le désarmement, la non-prolifération et le droit à l’utilisation pacifique de l’énergie nucléaire. Tout le monde s’est donc mis d’accord sur un texte de 28 pages qui peut se résumer en trois grands points :</s>
    <s>Les puissances nucléaires sont parvenues –une fois de plus !- à limiter les demandes émanant des pays non-alignés. Ainsi, s’ils doivent poursuivre leurs efforts de désarmement nucléaire, il n’est plus question d’imposer une conférence en 2015 sur les étapes à mettre en œuvre pour l’élimination des armes nucléaires. Par contre, ils devront en 2014, apporter un rapport indiquant leurs actions réalisées sur la période 2010-2014.</s>
    <s>La création d’une zone exempte d’armes de destruction massive au Moyen-Orient fera l’objet d’une vaste conférence internationale en 2012. De plus, un émissaire spécial du Secrétaire général de l'ONU va être nommé à cet effet.</s>
    <s>L’Iran, cible de toutes les attentions début mai, n’est absolument pas visé dans la déclaration finale, au grand regret de différentes puissances nucléaires (France, Etats-Unis) qui souhaitaient faire apparaître cet Etat comme un danger pour la viabilité du TNP.</s>
    <s>Pendant ces quatre semaines, la société civile était sur tous les fronts et à toutes les réunions, tentant ainsi d’exercer une pression sur les diplomates. Certains de ses membres l’ont exprimé dès le 2 mai à travers une marche entre Central Park et l’ONU (15 000 personnes) ; d’autres ont montré leur désaccord avec les puissances nucléaires en revêtant des masques blancs devant chacune des ambassades ; enfin des chercheurs et des lobbyistes de différentes ONG (PNND, Reaching Critical Will, CNS, Federation of American Scientist…) ont tenté de montrer la voie du désarmement nucléaire en organisant de multiples conférences parallèles.</s>
    <s>Les prochains grands rendez-vous concernant le désarmement et la non-prolifération nucléaires en 2010 sont au nombre de trois :</s>
    <s>Le 5 juin sera célébré le « Nuclear Abolition Day ». Plusieurs milliers d’actions sont prévues à travers la planète pour marquer cette journée, qui se veut un message fort pour la négociation d’une Convention sur les armes nucléaires.</s>
    <s>Les 6 et 9 août, les commémorations des bombardements nucléaires des villes d’Hiroshima et de Nagasaki. La présence du Secrétaire général de l’ONU est acquise et de nombreuses informations circulent sur la probable venue du Président américain Obama.</s>
    <s>En novembre, l’OTAN va rendre public son nouveau concept stratégique.</s>
    <s>1. Le jeudi 3 juin 2010, 14:24 par Brian MENELET</s>
    <s>Il semble que Crisis Action, International Crisis Group et Handicap International aient bien travaillé. Et c'est tant mieux!</s>
    <s>Ajouter un commentaire</s>
    <s>Nom ou pseudo :</s>
    <s>Adresse email :</s>
    <s>Site web (facultatif) :</s>
    <s>Commentaire :</s>
    <s>Le code HTML est affiché comme du texte et les adresses web sont automatiquement transformées.</s>
    <s>Fil des commentaires de ce billet</s>
    <s>RESEAU MULTIPOL</s>
    <s>Membres du Réseau Multipol</s>
    <s>ACTUALITÉ !</s>
    <s>Faites également la promotion de votre Page</s>
    <s>Crises et conflits (144)</s>
    <s>Développement / Commerce international (126)</s>
    <s>Diplomatie multilatérale (135)</s>
    <s>Droit international (198)</s>
    <s>Droits de l'Homme / Droit humanitaire (183)</s>
    <s>Politique étrangère / Interculturel (162)</s>
    <s>Sécurité internationale et défense (145)</s>
    <s>Divers (17)</s>
    <s>Textes publiés depuis 2006</s>
    <s>STATISTIQUES (632 visites le 15/09/2011)</s>
    <s>compteur gratuit</s>
    <s>S'inscrireSe désinscrire</s>
    <s>Fil des billets</s>
    <s>Fil des commentaires</s>
    <s>Catherine MAIA</s>
    <s>Jean-Marie COLLIN</s>
    <s>Marion JULIA</s>
    <s>Alexis BACONNET</s>
    <s>Marine CORGIÉ</s>
    <s>Philippe BOULANGER</s>
    <s>William ASSANVO</s>
    <s>Brian MENELET</s>
    <s>Joseph AYISSI</s>
    <s>Mohamed Saleck OULD BRAHIM</s>
    <s>Guy LABERTIT</s>
    <s>Mohammed SOLIMANI</s>
    <s>Irving LEWIS</s>
    <s>Jean-Baptiste HARELIMANA</s>
    <s>Marielle BERNARD</s>
    <s>Francis GAGNON</s>
    <s>Anne-Emmanuelle FEUTRIE</s>
    <s>A. Ben-Ousmane DIALLO</s>
    <s>Anne-Laurence BRUGÈRE</s>
    <s>Freddy NZE EKEKANG</s>
    <s>Mimoun CHARQI</s>
    <s>Joseph NGAMBI</s>
    <s>Komi TSAKADI</s>
    <s>Agnero Privat MEL</s>
    <s>Olivier VÉDRINE</s>
    <s>Emmanuel DUPUY</s>
    <s>Hélène TUDELA</s>
    <s>Abbas JABER</s>
    <s>Maguy KERSUAL</s>
    <s>Michel ROGALSKI</s>
    <s>Moustapha B. SOW</s>
    <s>Materneau CHRISPIN</s>
    <s>Nicolas MARTIN-LALANDE</s>
    <s>André Lipp PINTO BASTO LUPI</s>
    <s>Fazil ZEYNALOV</s>
    <s>Maher ABDMOULEH</s>
    <s>Laurent VINATIER</s>
    <s>Taro MURAKAMI</s>
    <s>Sabine SALIBA BOUTRUCHE</s>
    <s>Smail KOUTTROUB</s>
    <s>James MOUANGUE KOBILA</s>
    <s>Cheikh BA</s>
    <s>Gabriel REAL FERRER</s>
    <s>Raphaël PORTEILLA</s>
    <s>Rémi FRITSCH</s>
    <s>Jean-François WIPF</s>
    <s>Michel GUILLOU</s>
    <s>Jean-Jacques KONADJE</s>
    <s>Stéphane DOUMBÉ-BILLÉ</s>
    <s>Hamza CHERIEF</s>
    <s>Edouard FROMAGEAU</s>
    <s>Michel PRIEUR</s>
    <s>Victor KEUBOU</s>
    <s>Sylvain ALUNNI</s>
    <s>Tous les tags</s>
    <s>Droits de reproduction Multipol © - Propulsé par Gandi Hébergement avec DotClear 2 - Informations légales</s>
  </text>
</page>
