<?xml version="1.0" encoding="UTF-8"?>
<!DOCTYPE page SYSTEM "page.dtd">
<page>
  <lang>fr</lang>
  <url>http://linuxfr.org/news/octobre-%25C3%25A0-prague%25C2%25A0-kernel%25C2%25A0summit-embedded%25C2%25A0linux%25C2%25A0conference%25C2%25A0europe-linuxcon%25C2%25A0europe-et-plus</url>
  <title>Octobre à Prague : Kernel Summit, Embedded Linux Conference ...</title>
  <snippet>
    <s>il y a 4 jours Évalué à 1. Dans ce cas, y aura-t-il des personnes aux conférences RT qui pourraient poster quelques infos, journal, vidéos ? Cela dit merci à </s>
  </snippet>
  <text>
    <s>Aller au contenu Aller au menu</s>
    <s>Recherche :</s>
    <s>Se connecter</s>
    <s>Mot de passe</s>
    <s>Connexion automatique</s>
    <s>Pas de compte ? S'inscrire !</s>
    <s>Proposer un contenu</s>
    <s>Communauté Octobre à Prague : Kernel Summit, Embedded Linux Conference Europe, LinuxCon Europe, et plus !</s>
    <s>Posté par Thomas Petazzoni (page perso) le 12/10/11 à 13:17. Modéré par patrick g.</s>
    <s>En cette fin du mois d’octobre, Prague va sans doute devenir pour deux semaines la capitale européenne du développement de Linux et des logiciels libres. En effet, de très nombreuses conférences vont s’y dérouler du 20 octobre au 28 octobre.</s>
    <s>le bal sera ouvert par le 13th Real‐Time Linux Workshop , du 20 au 22 octobre, une conférence consacrée à l’utilisation de Linux dans des contextes temps réel. La liste des papiers qui ont été proposés donne une idée des thématiques qui seront abordées ;</s>
    <s>la fête continuera avec le Kernel Summit , du 23 au 25 octobre, la conférence réservée aux principaux développeurs noyau (environ 120 à 150 personnes). Cette conférence bi‐annuelle est celle qui permet aux développeurs du noyau d’échanger de vive voix sur les orientations des différents sous‐systèmes, et de réfléchir au processus de développement. Nul doute, par exemple, que les problèmes survenus sur kernel.org récemment feront partie des débats ;</s>
    <s>en parallèle du Kernel Summit aura lieu la Gstreamer Conference , les 24 et 25 octobre. Là aussi, le programme donne une bonne idée des sujets qui seront couverts par les différentes interventions ;</s>
    <s>ensuite, du 26 au 28 octobre, aura lieu la première édition de LinuxCon Europe , dont le programme est disponible sur le site de la Linux Foundation . Beaucoup de conférences sur le stockage, sur la virtualisation, et bien d’autres sujets ;</s>
    <s>Enfin, en parallèle de LinuxCon Europe , du 26 au 28 octobre, la traditionnelle Embedded Linux Conference Europe , conférence consacrée à l’utilisation de Linux dans les systèmes embarqués. Au programme : gestion d’énergie, systèmes de construction ( build ), optimisation, arborescence des périphériques, support vidéo et bien d’autres choses. Comme d’habitude, Free Electrons sera présent à cette conférence, et mettra librement en ligne les vidéos à l’issue de l’événement (voir cette page, pour les vidéos de conférences précédentes).</s>
    <s>Entre le 20 et le 28 octobre, Prague sera sans conteste the place to be .</s>
    <s>Real-time Linux Workshop (24 clics)</s>
    <s>Kernel Summit (17 clics)</s>
    <s>GStreamer Conference (11 clics)</s>
    <s>LinuxCon Europe (8 clics)</s>
    <s>Embedded Linux Conference Europe (26 clics)</s>
    <s>Vidéos Free Electrons (23 clics)</s>
    <s>(4 commentaires).</s>
    <s>Posté par ymorin le 12/10/11 à 16:38. Évalué à 7</s>
    <s>Bon, des faits :</s>
    <s>1. ça va être un gros rassemblement de développeur de logiciels libres. Et c'est de notoriété commune, ce ne sont qu'une bande de communistes ;</s>
    <s>2. ça va se passer en Octobre ;</s>
    <s>3. dans une ancienne colonnie^W^W^Wun ancien pays frère de la Russie.</s>
    <s>Donc, on va refaire la Révolution d'Octobre là-bas</s>
    <s>Ça va être Octobre Rouge !</s>
    <s>OK, poussez pas Je --&gt;</s>
    <s>Mais en tout cas, j'y serais:-)</s>
    <s>Posté par dlewin le 13/10/11 à 10:10. Évalué à 1</s>
    <s>Véritablement intéressant, j'ai appris qu'il y avait des conférences sur Linux RT.</s>
    <s>Les sujets sont franchement pertinents, vivement le post chez Free Electrons</s>
    <s>^ Re: merci</s>
    <s>Posté par Thomas Petazzoni (page perso) le 13/10/11 à 12:00. Évalué à 3</s>
    <s>Nous ne serons malheureusement pas au Real Time Linux Workshop, donc les seules vidéos que nous posterons seront celles de l'Embedded Linux Conference Europe (ce qui représente quand même sans doute une cinquantaine de conférences).</s>
    <s>^ Re: merci</s>
    <s>Posté par dlewin le 13/10/11 à 12:30. Évalué à 1</s>
    <s>Dans ce cas, y aura-t-il des personnes aux conférences RT qui pourraient poster quelques infos, journal, vidéos ?</s>
    <s>Cela dit merci à Free Electrons de nous permettre de compenser notre frustration - Linus et des personnalités ARM seront là - de ne pas être à cette Grand messe en ayant ces vidéos.</s>
    <s>PS : et un coucou à Michael en passant</s>
    <s>Envoyer un commentaire</s>
    <s>Note : les commentaires appartiennent à ceux qui les ont postés. Nous n'en sommes pas responsables.</s>
    <s>Revenir en haut de page</s>
    <s>Derniers commentaires</s>
    <s>Re: Moi, ça marche </s>
    <s>Re: Un peu surpris</s>
    <s>Il y a github, et le reste</s>
    <s>Re: Un autre: GitLab</s>
    <s>Moi, ça marche </s>
    <s>Re: Alsamixer</s>
    <s>Re: Un peu surpris</s>
    <s>Re: define bio</s>
    <s>Re: nvidia-setting krandrtray</s>
    <s>Re: Peut-être le tgz n'est-il que pour Python 2.x</s>
    <s>Tags populaires</s>
    <s>réseau social</s>
    <s>Sites amis</s>
    <s>Agenda du libre</s>
    <s>Veni, Vedi, Libri</s>
    <s>Éditions ENI</s>
    <s>La Quadrature du Net</s>
    <s>À propos de LinuxFr.org</s>
    <s>Mentions légales</s>
    <s>Faire un don</s>
    <s>Team LinuxFr.org</s>
    <s>Informations sur le site</s>
    <s>Foire aux questions</s>
    <s>Règles de modération</s>
    <s>Code source du site</s>
    <s>Plan du site</s>
  </text>
</page>
