<?xml version="1.0" encoding="UTF-8"?>
<!DOCTYPE page SYSTEM "page.dtd">
<page>
  <lang>fr</lang>
  <url>http://tech-cico.utt.fr/fr/membres/matta.html</url>
  <title>Nada Matta - Page personnelle</title>
  <snippet>
    <s>Organisation de conférences et de colloques (10 ans). Co-chair Tutoriaux on IEEE/ACM International Conference on Collaboration Membre du comité scientifique des journées Ingénierie des connaissances, IC&#39;2003, Laval, Juillet, 2003. </s>
  </snippet>
  <text>
    <s>UTT &gt; Institut Charles Delaunay &gt; CREIDD</s>
    <s>!UTT, Universite Technologie Troyes, Institut Charles Delaunay</s>
    <s>[infos pratiques</s>
    <s>plan du site</s>
    <s>!CNRS, Centre national de la Recherche scientifique</s>
    <s>Axes de recherche</s>
    <s>Thematique STMR</s>
    <s>Collaborations scientifiques</s>
    <s>Propositions d'emploi, stages, ths</s>
    <s>Ses membres</s>
    <s>&gt; Accueil &gt; Ses membres &gt; matta</s>
    <s>!Nada Matta</s>
    <s>Nada MATTA</s>
    <s>Habilitiriger des Recherches</s>
    <s>Ingerie et gestion des connaissances</s>
    <s>Tech-CICO, Universite Technologies de Troyes</s>
    <s>Courriel: nada.matta@utt.fr</s>
    <s>Systs d'Information (Management et conception)</s>
    <s>Ingerie des Connaissances, Gestion des Connaissances, Capitalisation des connaissances</s>
    <s>Mire de Projet, Trailites connaissances</s>
    <s>Outils cooptifs: collecticiels, workflow, …</s>
    <s>Gestion de Projets (Dnition, Devis, Management, Dloppement, …)</s>
    <s>Applications de l'ingerie des connaissances dans le domaine de la conception (Tests des Outils support a conception: PDM, PLM).</s>
    <s>MASK, CommonKADS, REX, MOKA, QOC, IBIS, DYPKM, </s>
    <s>UML, Merise, …</s>
    <s>Depuis 2008: Directrice du Groupement d'Intt Scientifique Surveillance, S et Srites Grands Systs</s>
    <s>2005-2007: Direction du Drtement &quot;Syst d'Information et Tcommunications 'Universite Technologie de Troyes</s>
    <s>Depuis 2000 : Enseignant-Chercheur Contractuel 'UTT, Equipe Technologies de la cooption pour l''Innovation et le Changement Organisationnel (Tech-CICO), Troyes</s>
    <s>1999 : Ingeur expert 'INRIA (Institut National de Recherche en Informatique et Automatique), Sophia-Antipolis</s>
    <s>1996-1998 : PostDoc 'INRIA (Institut National de Recherche en Informatique et Automatique), Sophia-Antipolis</s>
    <s>1995 : Doctorat en Intelligence Artificielle 'universitAUL SABATIER, Toulouse en collaboration entre IRIT et Matra Marconi Space</s>
    <s>Projets d'Ingerie et de capitalisation des connaissances (15 ans)</s>
    <s>Formation de modes d'ingerie et de capitalisation des connaissances dans les entreprises (Decathlon, Unilog, IFTH, …) : (8 ans)</s>
    <s>Prntation de techniques de gestion des connaissances aux PMEs (en collaboration avec le CRCI)</s>
    <s>Direction du drtement de Syst d'Information et de Tcommunications (2 ans) 'UTT, Troyes.</s>
    <s>Management de Projets (8 ans).</s>
    <s>Test de SmartTeam.</s>
    <s>Dnition d'outils de gestion des connaissances adaptpour la conception.</s>
    <s>Organisation de confnces et de colloques (10 ans).</s>
    <s>Aidcrisis: Environnement de dsion et d'apprentissage dans les situations de crise NRBC (en collaboration avec URCA, Hal de Troyes et Pacifia-Decision), projet CPER-Champagne-Ardennes, 2011-2014.</s>
    <s>Consilium memoria: trailitt structuration de connaissances de projets en conception artir d'un PLM(en collaboration avec les entreprises PI3C et Reims Aerospace), projet de recherche collaboratif ron champagne Ardennes., 2010-2013.</s>
    <s>Accompagnement d'un changement organisationnel: Organisation de rions d'anges sur le savoir-faire par type d'activitavec les secrires 'universite Technologies de Troyes.</s>
    <s>Capitalisation d'une expertise sur le textile Technique (en collaboration avec l'IFTH et la CRCI) avecla mode MASK, 2007.</s>
    <s>Plateforme de veille nomique (CRCI, UTT, IFTH).</s>
    <s>Plateforme Tservices et TactivitInnovante dans de cadre de la plateforme TOA (Technologies Organisationnel d'Accompagnement) 2001-2003</s>
    <s>Tformation de savoirs optionnels: dans le cadre de la plateforme Tservices et Tactivitinnovantes (TOA) (Institut Frans du Textile et de l'habillement IFTH) 2002-2005</s>
    <s>Capitalisation d'une expertise sur le tricotage de pull en 3D avec la mode MASK (IFTH) 2003</s>
    <s>Capitalisation d'une expertise sur la conception de chaussures avec la mode MASK (Dthlon) 2002</s>
    <s>Mrisation au fil de l'eau d'un projet de rction de principes d'luation de risques professionnels (Institut National de recherche et de sritINRS) 2001-2003</s>
    <s>Capitalisation d'une expertise sur l'analyse de srit'usage des machines ois avec la mode MASK (Institut National de Recherche et de SritINRS) 2001</s>
    <s>Sous-traitance avec le laboratoire LASMIS: t de l'art sur les outils d'ange de donn (SNECMA) dans le cadre du projet europ (ENHANCE) 2000</s>
    <s>Dnition d'une bibliothe de Mods Griques de Gestion de Conflits en Ingerie Concourante et dnition de fiches de mrisation au fil de l'eau dans de la cadre de mire de projet (Projet Ge: Collaboration entre INRIA/Sophia-Antipolis, Dassault-Aviation et Airbus) 1996-1999</s>
    <s>Dnition d'une base de connaissances d'aide 'analyse des accidents de la route (Collaboration entre INRIA/Sophia-Antipolis et l'INRETS Institut National de Recherche sur les Transports et leur Srit頻) 1998</s>
    <s>Groupes de Travail</s>
    <s>Co-animation du th connaissances (Groupe de travail: Modsation et pilotage des systs de connaissances et de compnces dans les entreprises industrielles, GDR-MACS).</s>
    <s>Groupe de travail europ CEN/ISSS Knowledge sur la dnition des guides de gestion des connaissances pour les PMEs(Guidelines for knowledge management for SMEs).</s>
    <s>Participation au rau d'excellence europ Virtual Research Lab for Knowledge Community in Production (2003-2008).</s>
    <s>Animation du groupe de travail sur mire de projet, Groupe de gestion des connaissances, Clubs CRIN, 1999.</s>
    <s>Club de gestion des connaissances: Animation d'un groupe de travail sur l'appropriation dans le cadre de la commission livre de connaissances (Microsoft, PSA, Thales, DGA, Etat Major de la Marine, ONERA, INRS, Cap Gemini Ernst&amp;Young, etc.), 2002.</s>
    <s>Participation au groupe Dispositif de Travail Collectifs en Conception (collaboration PSA, Thales, CNAM Paris, INRIA Rocquencourt et Tech-CICO), 2002.</s>
    <s>Participation au bureau du groupe d'acquisition des connaissances GRACQ (GDR-PRCI3)</s>
    <s>Coordination Revues</s>
    <s>Membre de rction du num spal Crion et Gestion Cooptives de Documents Numques d'Information et de Communication, Revue Document numque 2001.</s>
    <s>Co-rcteur en chef du num spalcooption et organisations numques, Revue document numque, Herm 2004.</s>
    <s>Co-rcteur en chef du num spal Competences and Knowledge in Industry, Computer In Industry, 2007.</s>
    <s>Membre d'Editorial Board: International Journal of Digital Content Technologies and its Applications (JDCTA).</s>
    <s>Organisation Colloque</s>
    <s>Co-chair Tutoriaux on IEEE/ACM International Conference on Collaboration Technologies and Systems (CTS 2011), Philadelphia Mai 2011.</s>
    <s>Co-organisation IEEE/ACM CTS'2011 Workshop Knowledge Management and collaboration, Philadelphia, Mai 2011.</s>
    <s>Tutorial sur: Capitalization of collective knowledge : from Knowledge engineering, multi-agents, to CSCW and Socio Semantic Web, The International Symposium on Collaborative Technologies and Systems (CTS 2010), Chicago, 17-21 Mai, 2010.</s>
    <s>Tutorial sur : Cooperative knowledge management, from knowledge Engineering to sococio sematic web, International Conferences on Artificial Intelligence Applications and Innovation (IAIA), Tessalonique, juin, 2009.</s>
    <s>Co-organisation de ECAI'98 Workshop &quot;Building, Maintaining, and Using Organizational Memories (OM-98)&quot; August, 23th - 24th.</s>
    <s>Co-Chair de IJCAI'99 Workshop on Knowledge Management and Organizational Memory, Stockholm, July-August1999.</s>
    <s>Co-organisation de Track on Knowledge Management and Knowledge Distribution through the Internet, at the Eleventh Workshop on Knowledge Acquisition, Modeling, and Management (KAW'99), Banff, Canada, October, 1999.</s>
    <s>Chair de COOP'00 Workshop on cooperative models based on argumentation in problem solving, Sophia-Antipolis, 2000.</s>
    <s>Co-Chair de ECAI'00 Workshop on Knowledge Management and Organizational Memory, Berlin, August 2000.</s>
    <s>Co-Chair de IJCAI'01 Workshop on Knowledge Management and Organizational Memory, Seatle, August 2001.</s>
    <s>Chair de CITE'2001, conferences on Cooperation, Innovation and Technologies, Troyes, November, 2001.</s>
    <s>Chair de COOP'02 Workshop on Project Memory, St Raphael, 2002.</s>
    <s>Co-Chair de ECAI'02 Workshop on Knowledge Management and Organizational Memory, Lyon, July, 2002.</s>
    <s>Co-Chair de CITE'2003, conferences on Cooperation, Innovation and Technologies, Troyes, November, 2003.</s>
    <s>Co-Chair de IJCAI'03 Workshop on Knowledge Management and Organizational Memory, Accapulco, August 2003.</s>
    <s>Co-Chair de ECAI'04 Workshop on Knowledge Management and Organizational Memory, Valencia, August, 2004.</s>
    <s>Co-Chair de IJCAI'05 Workshop on Knowledge Management and Organizational Memory, Valencia, August, 2005.</s>
    <s>Co-Chair of ECAI'06 Workshop on Knowledge Management and Organizational Memory, Riva del Garda, Italy, Aug 28th, 2006.</s>
    <s>Co-Chair of Knowledge sharing on organizations at the 7th International Conference on the Design of Cooperative Systems (COOP'2006), Provence, May 9, 2006.</s>
    <s>Co-Chair of IJCAI'07 Workshop on Knowledge Management and Organizational Memory, Hyderabad, January, 2007.</s>
    <s>Membre du comitcientifiquede: 12th International Design Conference DESIGN 2012, Cavtat, Dubrovnik County, Croatia.</s>
    <s>Membre du comitcientifique de: International Joint Conference on Knowledge Discovery, Knowledge Engineering and Knowledge Management, Paris, October 2011.</s>
    <s>Membre du comitditorial: International Journal of Digital Content Technologies and its applications (http://www.aicit.org/jdcta).</s>
    <s>Membre du comitcientifique de ICED 2011, International Conference on Engineering Design, 15-19 August 2011 Copenhagen, Denmark.</s>
    <s>Membre du comitcientifique du (ICCIT, 2010), International Conference on Computer Sciences and Convergence Information Technology, Seoul, Korea, Decembre, 2010.</s>
    <s>Membre du Comitcientifique du: Confnces IMECS'2010 : International Multiconferences of Engineering and Computer Sciences, Hong-Kong, 2010.</s>
    <s>Membre du comitu Programme du: 6th international conference on Digital Content, Multimedia technology and its application, Seoul, August, 2010.</s>
    <s>Membre du Comitcientifique du Workshop KARE (Knowledge Acquisition, reuse and Evaluation), 5th International Conference on Signal-Image Technology and Internet based Systems, Marakesh, November, 2009</s>
    <s>Membre du comitcientifique du colloque international Designing cooperative systems, the use of theory and models (Coop'2000), February Sophia-Antipolis 2000.</s>
    <s>Membre du comitcientifique du colloque international TICE'2000, Troyes, Dmbre, 2000.</s>
    <s>Membre du comitcientifique, Improvement&quot; (INOR '01) in conjunction with the 13th International Conference on Software Engineering and Knowledge Engineering (SEKE '01) in Buenos Aires, June, 2001.</s>
    <s>Membre du comitcientifique du Colloque GCC-GI (Gestion des Connaissances et des Compnces en Ge Industriel), 12-13 dmbre, Nantes, 2002.</s>
    <s>Membre du comitcientifique du ASME International Design Engineering Technical Conferences &amp; Computers and Information In Engineering Conference, Chicago, September, 2003.</s>
    <s>Membre du comitcientifique des journ Ingerie des connaissances, IC'2003, Laval, Juillet, 2003.</s>
    <s>Prdente du comitcientifique des journ Ingerie des connaissances, IC'2004, Lyon, Mai, 2004.</s>
    <s>Encadrement de Ths</s>
    <s>Co-encadrement de Christophe Cointe: Dnition d'un syst multi-agents pour l'aide a gestion de conflits, Th soutenue en 1998 'universite Montpellier.</s>
    <s>Smain Bekhti: DypKM: Un processus dynamique de dnition et de rilisation de mires de projets, Th soutenue le 17 Dmbre, 2003.</s>
    <s>Oswaldo Castillo: Appropriation de savoirs optionnels dits sous forme de mire mer, Th soutenue le 11 Octobre, 2005.</s>
    <s>Chaker Djaz: Mode de construction des connaissances artir des situations optionnelles pour faciliter l'appropriation contextuelle, Th soutenue le 11 Octobre, 2007.</s>
    <s>Co-encadrement de Mohamad Fouad Sriti: I-semantic, Extraction d'ontologies artir de PLM (2004-2008).</s>
    <s>Co-encdarement de Keqin Wang: Knowledge Discovery in Manufacturing Quality Data to Support Product Design Decision-making (2005-2010).</s>
    <s>Co-encadrement de Yannick Charlot, Trailitt mire de projet avec PLM (2011-2013)</s>
    <s>Rapporteur/Examinateur de Ths</s>
    <s>Rapporteur de th: Fabrice Camus: Conception d'environnements virtuels da maise des risques : l'approche MELISSA, UTC, Octobre 2010.</s>
    <s>Examinateur: Pascal Lando: COPS : une ontologie modulaire multiniveau des programmes informatiques et sa mise en uvre dans le domaine de la neuroimagerie, Universitules Vernes, Mai, 2010.</s>
    <s>Nabil Adouani: Analyse de la performance du syst de management des connaissances dans les mers aute intensite savoir; cas d'un cabinet de conseil, Universitaris Dauphine, 2006</s>
    <s>Alexandre Tissot: Vers un syst de management des connaissances: Etude et Caractsation dans le cadre d'une entreprise tructure dntralis Ecole Centrale Paris, 2007</s>
    <s>Samar Khodja:Processus d'aide a spfication et a vfication d'application d'ingerie ase de connaissances expertes, Ecole Centrale Nantes, 2007</s>
    <s>Raymond Houe: Modsation des connaissances normatives en vue de l'luation de la recyclabilit'un produit en conception: des normes aux contraintes, Institut National Polytechnique de Toulouse, 2007.</s>
    <s>Matta N., Atifi H., Sediri M. Sadgal M., Coordination interactions analysis in design projects, Journal of Communication and Infromation Sciences, HumanPub, A parae.</s>
    <s>DJAIZ, C., MATTA, N. Traceability and capitalization of project memory. Journal of Universal Computer Science (J.UCS), 2007.</s>
    <s>DJAIZ, C., MONTICOLO, D., et MATTA, N. Project memory decision making.the International Journal of e-Collaboration on &quot;Creativity, Innovation and e-Collaboration&quot;, 2007.</s>
    <s>DJAIZ, C., et MATTA, N. Project situations aggregation to identify cooperative problem solving strategies. Computer science journal , 09-11 October 2006, Braeigthon. springer verlag, 2006.</s>
    <s>CASTILLO-NAVETTY, O., et MATTA, N. A practical learning system for the French Textile and Apparel Institute. GESTS International Transactions on Computer Science, 1738-6438, December 2005, vol.24, n 1, p. 8-20.</s>
    <s>CASTILLO, O., et MATTA, N. Learning from a profession memory for the French Textile - Clothing Institute. Acad.J.Manuf.Eng., October 2005, vol.3, n 4, p. 5-11.</s>
    <s>Bekhti S., Matta N., A Formal Approach to Model and Reuse the Project Memory, Journal of Universal Computer Science (J.UCS). Springer, 2003, http://www.jucs.org/</s>
    <s>Bekhti S., Matta N., And B., Aubertin G., Reprntation des connaissances dans une mire de projet, Document Numque, Num Spal Crion et Gestion Cooptives de Documents Numques d'Information et de Communication, 2001.</s>
    <s>Eynard B., Lemercier M., Matta N., Constitution d'une mire de projet d'ingerie mnique s'appuyant sur les technologies Internet, Num Spal Crion et Gestion Cooptives de Documents Numques d'Information et de Communication, 2001</s>
    <s>Matta N., Corby O., Prasad B.. A Generic Library of Knowledge Components to Manage Conflicts in CE tasks, Concurrent Engineering Research and Applications (CERA) Journal, Volume 6, Number 4, December 1998.</s>
    <s>Aussenac-Gilles N., Matta N., Making a method of problem solving explicit with MACAO (International Journal of Human-Computer Studies, Vol. 40, 1994)</s>
    <s>Renaud J., Morelo B., Fushs B., Bonjour E., Matta N. Retour d'expence et connaissances industrielles : Outils et drches, AFNOR, 2008.</s>
    <s>Eynard B., Lombard, M., Matta, N., et al. Gestion dynamique des connaissances industrielles. Paris: Herm 2004. TraitC2. 2-7462-0952-7.</s>
    <s>Eynard,B., et Matta, N. Cooption et organisation numques, Num spal de la revue &quot;Document numque&quot;, vol. 8, n1. Paris: Herm 2004</s>
    <s>Dieng-Kuntz R., Matta N., Knowledge Management and Organizational Memories, Kluwer Academic Publishers, 2002.</s>
    <s>Dieng R., Corby O., Gandon F., Giboin A., Golebiowska J., Matta N., Ribi M., Modes et outils pour la gestion des connaissances, Une approche pluridisciplinaire du Knowledge Management, Dunod, (2 tion), 2001</s>
    <s>Matta N. Zaher L., Applications of knowledge Engineering for Design, Methods and Tools for effective Knowledge Life-Cycle Management , Bernard A., Tichkiewitch S. (Eds), Springer, 2008.</s>
    <s>Draghici A., Matta N., Molcho G., Networks of excellence, Virtual communities based on Knowledge Management for collaborative work, Encyclopedia of networks and virtual organizations, Editors: Putnick G. D., Cunha M. M., Idea Group Inc., 2008.</s>
    <s>Renaud J., Bonjour E., Chebel-Morello B., Fushs B., Matta N., Retour et capitalisation d'expence, Outils et drches, AFNOR, 2008.</s>
    <s>Matta N., Capitalisation des Connaissances, La conception industrielle de produits, Management des hommes, des projets et des informations, Volume 1, (B. Yannou, M. Bigand, Th. Gidel, Ch. Merlo, J.-P. Vaudelin (Eds). Hermes, 2008.</s>
    <s>Huyet Anne-Lise, Matta N., Trailit La conception industrielle de produits, Management des hommes, des projets et des informations, Volume 1, (B. Yannou, M. Bigand, Th. Gidel, Ch. Merlo, J.-P. Vaudelin (Eds). Hermes, 2008.</s>
    <s>Matta N., Ribi M., Corby O., Lewkowicz M., Zacklad M., Project Memory in Design, Industrial Knowledge Management - A Micro Level Approach, Rajkumar Roy (Eds), Springer-Verlag, 2000</s>
    <s>Matta N., Corby O., Conflict Management in Concurrent Engineering: Modelling Guides, Computational Conflicts, Conflict Modeling for Distributed Intelligent Systems, H.J. Muller and R. Dieng (Eds), Springer, 2000</s>
    <s>Matta N., Aussenac-Gilles N., Le Sch du Mod Conceptuel, pe dans la modsation des connaissances, Acquisition et Ingerie des Connaissances, Tendances Actuelles, Cepadues Editions 1996)</s>
    <s>Confnces Internationales</s>
    <s>Matta N., Atifi H., Sediri M. Sagdal M. , Analysis of interactions on coordination for design projects, IEEE proceedings of the 5th International Conference on Signal-Image Technology and Internet based Systems, Kula Lumpur, December, 2010.</s>
    <s>Matta N., Atifi H., Sediri M. Sagdal M., Traceability and structuration coordination interactions in design, in IEEE proceedings of International Conference on Computer Sciences and Convergence Information Technology (ICCIT), Seoul, November, 2010.</s>
    <s>Matta N., Castillo O., Learning from Profession Knowledge: Application on Knitting, IEEE proceedings of the 5th International Conference on Signal-Image Technology and Internet based Systems, Marakesh, November, 2009.</s>
    <s>Keqin Wang, Lionel Roucoules, Shurong Tong, BenoEynard, Nada Matta. Design Knowledge for Decision-Making Process in a DFX Product Design Approach. In: Yan, Xiu-Tian; Eynard, Benoit; Ion, William J. (Eds.) Global Design to Gain a Competitive Edge-An Holistic and Collaborative Design Approach based on Computational Tools. Springer, pp.127-136, 2008.</s>
    <s>Keqin WANG, Shurong TONG, Benoit EYNARD, Lionel ROUCOULES, Nada MATTA. Application of Data Mining in Manufacturing Quality Data. The 3rd IEEE International Conference on Wireless Communications, Networking and Mobile Computing (WiCOM 2007)-Special Track on Engineering Management, Services Management, and Knowledge Management . September 21-23, 2007, Shanghai, China. Volume 8, pp.5382-5385.</s>
    <s>Keqin WANG, Shurong TONG, Benoit EYNARD, Lionel ROUCOULES, Nada MATTA. Review on Application of Data Mining in Product Design and Manufacturing. The 4th IEEE International Conference on Fuzzy Systems and Knowledge Discovery(FSKD'07) , 24-27 August, 2007, Haikou, China, Volume 4, pp.613-618.</s>
    <s>Keqin WANG, Lionel ROUCOULES, Nada MATTA, Benoit EYNARD, Shurong TONG. Manufacturing Quality Information Classification based on Group Technology and Quality BOM. 2006 IMACS Multiconference on Computational Engineering in Systems Applications (CESA' 2006) . Beijing, China, October 4-6, 2006: Vol. II, pp.2161-2167. DOI:10.1109/CESA.2006.313484.</s>
    <s>Keqin WANG, Lionel ROUCOULES, Nada MATTA, Shurong TONG, Benoit EYNARD. Manufacturing Quality Information Supporting Concurrent Design Decisions. In: (Edited by A. Dolgui, G. Morel and C.E. Pereira), Information Control Problems in Manufacturing 2006 (INCOM2006): A Proceedings Volume from the 12th IFAC Conference 17-19 May 2006, Saint-Etienne, France. 2006, Pages 727-732, Published by Elsevier Ltd. Elsevier.</s>
    <s>DJAIZ, C., et MATTA, N. Project situations aggregation to identify cooperative problem solving strategies. Knowledge sharing organisation-COOP'06-, 09-12 May 2006, Marseille.</s>
    <s>DJAIZ, C., et MATTA, N. Aggregation method to reuse knowledge from project memory. KMICE 06 N01, 06-08 June 2006, KualaLumpur. 10 p.</s>
    <s>Djaiz, C., Monticolo, D., et Matta, N. Project memory decision making. KICSS, 01-04 August 2006, Aeuthya-Thailande. 2006, 08 p.</s>
    <s>Djaiz, C., et Matta, N. Project situations aggregation to identify cooperative problem solving strategies. KES 06- Knowledge engineering system, 09-11 October 2006, Braeigthon. springer verlag, 2006, 10 p.</s>
    <s>Djaiz, C., et Matta, N. Traceability and capitalization of project memory. I-KNWO'06, 06-09 September 2006, Graz-Autriche. 04 p.</s>
    <s>Djaiz, C., et Matta, N. How to classify project knowlegde?. ISMICK'06, 27-30 August 2006, stelanbos-sth-africa. 09 p.</s>
    <s>Monticolo, D., Djaiz, C., Matta, N., et Gomes, S. How to make explicit knowledge in codesign?. Cera 06, 18-22 September 2006, Antibes. 14 p.</s>
    <s>Djaiz, C., Monticolo, D., et Matta, N. Capitalization of knowledge from projects. CERA- special session-, 18-22 September 2006, Antibes. 2006, 08 p.</s>
    <s>CASTILLO, O., et MATTA, N. An operational learning system for the French Textile - Clothing Institute. International Conference on Knowledge Management I-KNOW 2005, 29-1 June 2005, Graz. Graz: 12 p.</s>
    <s>CASTILLO, O., et MATTA, N. Definition of a practical learning system. International Conference on Information Technology Based Higher Education and Training ITHET 2005, 7-9 July 2005, Saint Domingue. 14 p.</s>
    <s>CASTILLO, O., et MATTA, N. Definition of an operational learning system. 5th International Conference on Information Technology Based Higher Education and Training - ITHET, 7-9 July 2005, Santo Domingo. 12 p.</s>
    <s>CASTILLO, O., et MATTA, N. Learning from a profession memory for the French Textile Clothing Institute. Conferences on Engineering Design C2I , 14-15 October 2005, Timishuara. 6 p.</s>
    <s>DJAIZ, C., et MATTA, N. Flexibilite la recherche d'information dans les mires de projet. Workshop Raisoner sur les graphes conceptuels- plat-form AFIA -, 30-03 Mai 2005, Nice. 06 p.</s>
    <s>CASTILLO, O., et MATTA, N. A knowledge acquisition system for the French Textile and Apparel. Knowledge-Based Intelligent Information and Engineering Systems: 9th International Conference, KES 2005, 14-16 September 2005, Melbourne. 6 p.</s>
    <s>CASTILLO, O., et MATTA, N. An operational learning system definition. 19th International Joint Conference on Artificial Intelligence IJCAI 2005 - Workshop on knowledge Management and Organizational Memories, 1-5 August 2005, Edimbourg. 12 p.</s>
    <s>Castillo O., Matta N., Ermine J.L., Brutel S., Learning from profession memory, Proceedings of 5 Conferences on Information Technology Based Higher Education and Training: ITHET '04, June, Istambul, 2004.</s>
    <s>Bekhti S., Matta N., A formal approach to model and reuse the project memory, Proceedings of the Ard international conferences on knowledge management I-KNOW'03, Industry meets science, Graz, 2003</s>
    <s>Bekhti S., Matta N., Project memory: An approach of modelling and reusing the context and the design rationale, Proceedings of IJCAI'03 (International joint of conferences of Artificial Intelligence), workshop on knowledge management and organisational memory, Accapulco, 2003.</s>
    <s>Eynard B., Lombard M., Matta N., Reynaud J., Cartographie des recherches en gestion des connaissances industrielles au sein du Groupe DYXIT, Actes du 5e CongrInternational de Ge Industriel GI2003 / 26 au 29 octobre 2003 / Quc / Canada</s>
    <s>Matta N., Eynard B., Roucoules L., Lemercier M., Continuous capitalization of design knowledge, Proceedings of ECAI'02 (European conferences of Artificial Intelligence) workshop on knowledge management and organisational memory, Lyon, 2002.</s>
    <s>Matta N., Ermine J-L., Grd Aubertin, Jean-Yves Trivin, Knowledge Capitalization with a knowledge engineering approach: the MASK method, In proceedings of IJCAI'2001 workshop on Knowledge Management and Organizational Memory.</s>
    <s>Atifi H., Matta N. Cooperation in computer mediated dialogues : Group collaboration or individual expression ?, in IADA 2001 : Recent Trends in Dialogue Analysis,. avril 2001, Gorg, Su, 2001.</s>
    <s>Atifi H., Matta N., Pragmatic analysis and modelling of argumentation messages in computer mediated communications, in Coop'2000 Workshop Proceedings: Cooperative Models Based on Argumenation In Problem Solving, Sophia Antipolis. 2000.</s>
    <s>Matta N. , Ros C., Corby O., A Generic library to guide decision making in concurrent engineering, In Tools and Methods for Concurrent Engineering, Manchester, April, 1998.</s>
    <s>Cointe C., Matta N., Multi-Agents System to Support Decision Making in Concurrent Engineering, In Tools and Methods for Concurrent Engineering, Manchester, April, 1998.</s>
    <s>Ribi M., Matta N., Cointe C., A proposition for managing project memory in concurrent engineering, In proceedings International Conference on Computational Intelligence and Multimedia Applications (ICCIMA'98), Churchill, Australia, February 1998.</s>
    <s>Ribi M., Matta N., Virtual Entreprise and Corporate Memory, Building, Maintaining and Using Organizational Memories, ECAI-98 Workshop on Knowledge Management and Organisational Memories, Brighton, August, 1998.</s>
    <s>Ribi M. Matta N., Guide for the elaboration of a Corporate Memory in CE, In Proceedings of the 5th European Concurrent Engineering Conference (ECEC'98), Erlangen-Nuremberg, Germany, April 26-29, 1998.</s>
    <s>Cointe C., Matta N., Ribi M., Design Propositions Evaluation: Using Viewpoint to manage Conflicts in CREOPS2, In Proceedings of Concurrent Engineering: Research and Applications (ISPE/CE), Rochester August 1997.</s>
    <s>Matta N., Cointe C., Concurrent Engineering and Conflict Management Guides, In proceedings of International Conference on Engineering Design ICED, Tampere August 1997</s>
    <s>Matta N., Conflict Management in concurrent engineering: Modelling Guides, In proceedings of Conflicts in AI Workshop, ECAI, Budapest 1996</s>
    <s>Cointe C., Matta N., Architecture to handle Concurrent Engineering , In proceedings of Engineering Design Debate conferences, Glasgow, 1996</s>
    <s>Confnces Nationales</s>
    <s>Matta N., Sidoumou K., Ninova G., Atifi H., Modsation d'une analyse pragma-linguistique d'un forum de discussion, Actes du colloque Intelligence collective et organisation des connaissances (ISKO), Lyon, Juin 2009.</s>
    <s>Djaiz C., Matta N., Classification et Gralisation des connaissances de projet de conception, Workshop Connaissances et compnces en Entreprise Industrielle (C2EI),Belfort, 2007.</s>
    <s>Djaiz, C., Matta, N. Strates de regroupement des connaissances dans les mires de projet. CITE 2006, Semaine de la connaissance, 26-30 Juin 2006, Nantes. 12 p.</s>
    <s>DJAIZ, C., et MATTA, N., Corby O., L'acccontextuel 'information dans les projets de conception. JDIR 6em confnce de jeunes chercheur informatique et rau, 13-15 Novembre 2005, Troyes. 06 p.</s>
    <s>Castillo O., Matta N., Ermine J.L., Une mode pour l'appropriation de savoir-faire, capitalisvec MASK, Actes du Colloque en Extraction et gestion des connaissances, Clermont-Ferrand, 2003.</s>
    <s>Castillo O., Matta N., Ermine J.L., L'appropriation des connaissances pour des mires mers, Actes du colloque Cooption, Innovation et Technologies (Cite'2003) Troyes, 2003.</s>
    <s>Eynard B., Roucoules L., Matta N., Capitalisation des connaissances en ingerie collaborative: de la modsation des donn du produit a trailite la logique de conception, Actes du colloque Concevoir et organiser la performance industrielles, IPI'2002, Grenoble 2002</s>
    <s>Bekhti S., Matta N., Trailitt modsation des connaissances, Actes des journ Ingerie des Connaissances, Rouen, 2002.</s>
    <s>Tounkara T., Matta N., Ermine J.L., Coppens C., L'appropriation des connaissances avec MASK, Actes du colloque Extraction et gestion des connaissances EGC'2002 (session Industrielle), Montpellier, 2002</s>
    <s>Matta N., Ermine J.L. Gestion des connaissances et conception mnique. 22 mai 2001, Actes de colloque Dynamique des connaissances en conception, AIP PRIMECA, Grenoble. p. 9-15.</s>
    <s>Bekhti S., Matta N., And B., Aubertin G., Mire de projet : processus dynamique de modsation des connaissances, Actes du colloque Cooption, Innovation et Technologies, CITE'2001, Novembre 2001.</s>
    <s>Atifi H., Matta N. Vers une modsation des anges matisdans une prise de dsion collective. octobre 2001, Colloque Interactions entre dsions collectives et dsions individuelles, Troyes.</s>
    <s>Peil O., Aubertin G., Ermine J.L., Matta N., La cartographie des connaissances critiques, un outil de gestion stratque des connaissances, Actes du colloque Cooption, Innovation et Technologies, CITE'2001, Novembre 2001.</s>
    <s>Boughzala I., Zacklad M., Matta N. L'ingerie de la cooption et l'entreprise ndue : cas pratique dans l'industrie du textile. 25-27 avril 2001, Actes du colloque francophone de Modsation et SIMulation, MOSIM'2001, Troyes, France. p. 477-483.</s>
    <s>Boughzala I., Zacklad M., et Matta N. Gestion des connaissances dans une entreprise ndue. 18-19 janvier 2001, ECG'2001 : Journ francophones d'extraction et de gestion des connaissances. Nantes, France. p. 259-270.</s>
    <s>Eynard B., Lemercier M., Matta N, Apport des technologies internet et du langage XML dans la constitution de mires de projet en conception de produit, Actes du colloque Cooption, Innovation et Technologies, CITE'2001, Novembre 2001.</s>
    <s>Boughzala I., Zacklad M. et Matta N., Ingerie de la cooption pour gr les connaissances dans une entreprise ndue, Actes des Journ francophones d'Ingerie des connaissances, Toulouse 10-12 mai 2000.</s>
    <s>Matta N., MONA: Un langage pour la modsation conceptuelle, Actes des Journ d'Acquisition des Connaissances, Grenoble 1995.</s>
    <s>Matta N., Aussenac-Gilles N., Probls modologiques lia construction d'un mod conceptuel avec MACAO, Actes des Journ d'Acquisition des Connaissances, Strasbourg 1994</s>
    <s>Matta N., Corby O., Ribi M., Modes de capitalisation de mire de projet, Rapport de recherche INRIA, Matta/RR3819, 1999.</s>
    <s>Matta N., Ribi M., Corby O., Dnition d'un mod de mire de projet, Rapport de recherche INRIA, Matta/RR3720, 1998.</s>
    <s>Matta N., Corby O., Mods griques de gestion de conflits dans la conception concourante, Rapport de recherche INRIA, Matta/RR3485, 1997.</s>
    <s>Matta N., Modes de Rlution de Probls: leur explication et leur reprntation dans MACAO-II, Universitaul Sabatier, Toulouse, Octobre 1995.</s>
    <s>Matta, N. Rapport Habilitation iriger des Recherches. Ingerie des connaissances en conception pour la mire de projet, de l'Universite Technologie de Compie, 2004</s>
    <s>Castillo O., CSAO, pour la construction d'un syst d'apprentissage optionnel artir d'une mire mer, Rapport de th de doctorat de l'universite Technologie de Troyes, 2006.</s>
    <s>Bekhti S., DYPKM, Un processus dynamique de dnition et de rilisation de mires de projets, Rapport de th de doctorat de l'universite Technologie de Troyes, 2003</s>
    <s>Compnces </s>
    <s>emptyChoisir une ann: Toutes201120102009200820072006200520042003</s>
    <s>Articles de periodiqueLivresOuvrage collectifConference</s>
    <s>UTT - 12, rue Marie Curie - BP 2060 - 10010 TROYES CEDEX - T 03 25 71 76 00 - Fax. 03 25 71 76 76</s>
  </text>
</page>
