<?xml version="1.0" encoding="UTF-8"?>
<!DOCTYPE page SYSTEM "page.dtd">
<page>
  <lang>fr</lang>
  <url>http://pvergain.wordpress.com/tag/python-xy/</url>
  <title>python-xy «</title>
  <snippet>
    <s>20 sept. 2009 Une étude du Parlement européen confirme que l&#39;ACTA doit être rejeté &middot; IPRED . http://www.tangente-education.com/articles/tge_10_a2.pdf vient de commettre un petit tutoriel de découverte du langage python. It is also the name of a very popular conference on scientific programming with Python. </s>
  </snippet>
  <text>
    <s>&quot;…mais ce serait peut-être l'une des plus grandes opportunités manquées de notre époque si le logiciel libre ne libérait rien d'autre que du code…&quot;</s>
    <s>Sphinx (doc)</s>
    <s>Gestion de versions</s>
    <s>Flux RSS des articles</s>
    <s>RSS des commentaires</s>
    <s>Administration système Années april Architecture logicielle Debian Distribution de logiciel Documentation DotNet Développement logiciel FSF Gestion de version GNU/Linux Génie logiciel IDE-GUI Ironpython java logiciel libre open source package management python REST ruby Sphinx tests web2.0 Web applications Web Frameworks</s>
    <s>octobre 2011 (1)</s>
    <s>septembre 2011 (1)</s>
    <s>mai 2011 (1)</s>
    <s>janvier 2011 (1)</s>
    <s>octobre 2010 (1)</s>
    <s>septembre 2010 (2)</s>
    <s>juillet 2010 (1)</s>
    <s>juin 2010 (1)</s>
    <s>avril 2010 (3)</s>
    <s>mars 2010 (3)</s>
    <s>février 2010 (1)</s>
    <s>janvier 2010 (2)</s>
    <s>décembre 2009 (1)</s>
    <s>novembre 2009 (4)</s>
    <s>octobre 2009 (4)</s>
    <s>septembre 2009 (2)</s>
    <s>août 2009 (3)</s>
    <s>juin 2009 (3)</s>
    <s>avril 2009 (1)</s>
    <s>mars 2009 (3)</s>
    <s>février 2009 (3)</s>
    <s>janvier 2009 (1)</s>
    <s>décembre 2008 (10)</s>
    <s>juillet 2008 (1)</s>
    <s>mai 2008 (1)</s>
    <s>avril 2008 (2)</s>
    <s>mars 2008 (6)</s>
    <s>février 2008 (3)</s>
    <s>janvier 2008 (11)</s>
    <s>décembre 2007 (7)</s>
    <s>novembre 2007 (11)</s>
    <s>octobre 2007 (4)</s>
    <s>septembre 2007 (1)</s>
    <s>août 2007 (5)</s>
    <s>juillet 2007 (12)</s>
    <s>juin 2007 (6)</s>
    <s>mai 2007 (5)</s>
    <s>avril 2007 (1)</s>
    <s>mars 2007 (10)</s>
    <s>février 2007 (6)</s>
    <s>janvier 2007 (5)</s>
    <s>octobre 2011</s>
    <s>L Ma Me J V S D</s>
    <s>« sept</s>
    <s>Python 3.2.2 released</s>
    <s>Python 3.2.2rc1 released</s>
    <s>RuPy 2011 Registration Open</s>
    <s>ConFoo 2012: Python charmers wanted</s>
    <s>PyCon UK announced</s>
    <s>Python 3.2.1 released</s>
    <s>Linux kernel</s>
    <s>next-20110831: linux-next</s>
    <s>next-20110831: linux-next</s>
    <s>3.1-rc4-git2: snapshot</s>
    <s>3.1-rc4: mainline</s>
    <s>3.0.4: stable</s>
    <s>2.6.39.4: stable</s>
    <s>Wand 0.1.2</s>
    <s>Alastair McKinstry: Irony, part 2. physics, irony https://www.technologyreview.com/blog/arxiv/27260/ It turns out that the 'superluminal' neutrinos effect spotted by the OPERA experiment in CERN/ Gran Sasso was probably due to an error in neglecting to account for relativistic effects in the GPS satellite movement. Far from debunking relativity, it proves it.</s>
    <s>Alastair McKinstry: Testing DIASPORA*</s>
    <s>Antistress : Mozilla et Apple : opposition de styles</s>
    <s>Conferences Around the World</s>
    <s>mart-e : Comment cacher une adresse email de la vue des spammeurs</s>
    <s>Nicolargo : Que faire après l’installation de Ubuntu 11.10 ?</s>
    <s>Chris McDonough: WebOb Now on Python 3</s>
    <s>Littlewing : (RE?) configurer la carte son audiophile M Audio Audiophile 24/96 sur Ubuntu 11.10</s>
    <s>Added signature for changeset 384082750f2c</s>
    <s>rebase: add --rev option to rebase</s>
    <s>Added tag 2.0-rc for changeset 384082750f2c</s>
    <s>luban 1.0dev</s>
    <s>♺ @partipirate: Very Strong Occupy Wall Street Global Photos, 15 October 2011, Day 29 http://t.co/g3NdBEtj ows http://ur1.ca/5entb</s>
    <s>Quelques graphiques qui parlent d'eux mêmes et expliquent le raz-le-bol de certains Américains : ❝CHARTS : </s>
    <s>❝Dennis MacAlistair Ritchie, le créateur du langage C et d'UNIX, est décédé. Dennis Ritchie est connu comme : ❝D http://t.co/P5CFk0CE 3 days ago</s>
    <s>Dennis Ritchie, un des hommes qui a le plus changé l'informatique, est mort hier . http://t.co/wgo3HSQ1 3 days ago</s>
    <s>La page d'accueil de Seenthis adopte un hommage à Dennis Ritchie . http://t.co/aZCPVjzF 3 days ago</s>
    <s>RT @linuxfrorg Dennis Ritchie, un père d’UNIX, nous a quitté http://t.co/GdTGn9Q2 3 days ago</s>
    <s>http://t.co/L0ZT4WAR Par Clochix le lundi 6 décembre 2010 Apple prison dorée 5 days ago</s>
    <s>http://t.co/ZJqRbRaN sphinx 1.1 the Python documentation generator is out6 days ago</s>
    <s>Livre - La grande librairie présenté par François Busnel - France5: http://t.co/jTAJf5PU &quot;L'enquête&quot; de Philippe Claudel 1 week ago</s>
    <s>RT @revoltenumerique &quot;Révolte Numérique » Comment Contourner La Censure Sur Internet&quot; http://t.co/LHvlVxH7 1 week ago</s>
    <s>http://t.co/5q1Erfoz The :program:`sphinx-apidoc` generates completely automatic API documentation for a Python package sphinx python doc 1 week ago</s>
    <s>RT @eff A few words from @bakerinstitute on how privacy online protects free speech, w/ shout-outs to @torproject and @evacide https:// 1 week ago</s>
    <s>RT @rms 1st Amendment Threatened in NY http://t.co/lDL5aNQt 1 week ago</s>
    <s>RT @pscoffoni :-O les enf . ♻ @jbfavre</s>
    <s>seen this</s>
    <s>❝Dennis MacAlistair Ritchie, le créateur du langage C et d'UNIX, est décédé. Dennis Ritchie est connu comme </s>
    <s>La page d'accueil de Seenthis (visiteurs non connectés) adopte un hommage à Dennis Ritchie.</s>
    <s>Dennis Ritchie, un des hommes qui a le plus changé l'informatique, est mort hier.</s>
    <s>Baow is a doc sphinx tool that makes it easy to create intelligent and beautiful web pages within Firefox </s>
    <s>Amesys/Bull : un parfum d'affaire d'État (Bug Brother)</s>
    <s>What is GitHub Flow ? - Scott Chacon on the Interwebs</s>
    <s>Posté par Couz (</s>
    <s>❝&quot;Stop trying to make people more productive. People strive for competence, purpose, order, curiosity .</s>
    <s>Commotion, le projet d'un Internet hors de tout contrôle - LeMonde.fr</s>
    <s>Linux : 20 ans, manchot et toujours libre (Owni)</s>
    <s>Planet April</s>
    <s>Iskander REKIK: Ubuntu freindly BETA</s>
    <s>Patrick POULAIN: Utiliser background en css - Css</s>
    <s>Patrick POULAIN: Mettre une image de fond en css - Css</s>
    <s>Patrick POULAIN: Mettre une couleur de fond en css - Css</s>
    <s>Frederic BEZIES: Et si on se faisait une Lubuntu à la sauce Archlinux ?</s>
    <s>Bonjour April: 'matin CA</s>
    <s>Alexandre TOURET: Evaluation de WSO2 ESB</s>
    <s>Alexandre TOURET: (RE?) configurer la carte son audiophile M Audio Audiophile 24/96 sur Ubuntu 11.10</s>
    <s>Nicolas HENNION: Que faire aprÃ¨s l’installation de Ubuntu 11.10 ?</s>
    <s>Frederic BEZIES: Allez, un test à la c*Voyons quel est le gestionnaire de paquets le plus véloce :)</s>
    <s>Unified python planet</s>
    <s>Invent with Python: Chinese Translation of &quot;Invent with Python&quot; Started</s>
    <s>Casey Duncan: The Power to do it Wrong</s>
    <s>Chris McDonough: WebOb Now on Python 3</s>
    <s>Alex Clark: Pillow: one year later</s>
    <s>Dariusz Suchojad: Sort of tired of long constant names – Bunch to the rescue!</s>
    <s>Mitchell Garnaat: Does Python Scale?</s>
    <s>Rene Dudfield: chrome audio sucks</s>
    <s>Rene Dudfield: I'm in</s>
    <s>Rene Dudfield: EULA we can use? (End User License Agreement)</s>
    <s>Rene Dudfield: Battling Intel Appup submission</s>
    <s>Rene Dudfield: Applied for certificate, thinking about what to do next?</s>
    <s>Rene Dudfield: chrome web store</s>
    <s>Rene Dudfield: Intel appup progress. Got certificate, looking forward to webkit upgrade.</s>
    <s>Rene Dudfield: Signed my app with certificate, and submitted for validation again.</s>
    <s>Rene Dudfield: export scripts for app</s>
    <s>Rene Dudfield: encapsulator app 'binary validation failed' no other details.</s>
    <s>Rene Dudfield: 'Halloween Juggling Pumpkin' published to the chrome web store I think.</s>
    <s>Reinout van Rees: Nose testing corner case: executable .py files</s>
    <s>Daniel Greenfeld: PyCodeConf 2011 Report</s>
    <s>Paul Everitt: Pyramid tutorial at Plone Conf</s>
    <s>python stackoverflow</s>
    <s>Read Only Text widged in python3-tkinter; cross platform</s>
    <s>SQLAlchemy Subquery for Suming values from another table</s>
    <s>PyECC Example - Python Elliptic Curve Cryptography</s>
    <s>Python Imaging Library (PIL) Drawing--Rounded rectangle with gradient</s>
    <s>append word from line when reading txt file python</s>
    <s>Integrating a C applet into a Python app (GTK)</s>
    <s>working with combinations object in python</s>
    <s>Python 2 vs. Python 3 - urllib formats</s>
    <s>web.py deployment for iOS app backend</s>
    <s>How should I structure a Python package that contains Cython code</s>
    <s>Cythonize a Python function to make it faster</s>
    <s>How can I login to a website with python3.2 urllib?</s>
    <s>What statically typed languages are similar to Python?</s>
    <s>sending a period to end a mail DATA telnet session in python</s>
    <s>How do I do matrix computations in python without rounding?</s>
    <s>Basic Python Sound Programming</s>
    <s>Python: parsing date with timezone from an email</s>
    <s>Whoosh Query Composition for docs containing 'most' terms</s>
    <s>os.path.dirname( file ) returns empty</s>
    <s>Is Pydev for python programming useful? [closed]</s>
    <s>Censure politique et judiciaire de Copwatch</s>
    <s>Pas de vie privée sans neutralité du Net</s>
    <s>Impact d'ACTA sur l'industrie et les droits fondamentaux - Lettres au Parlement européen</s>
    <s>L'Assembée nationale étend encore la censure du Net</s>
    <s>Le Parlement européen renoncera-t-il à la protection d'un Internet libre ?</s>
    <s>Pas de censure au nom des consommateurs !</s>
    <s>RespectMyNet : Une plate-forme citoyenne recense les restrictions d'accès au Net</s>
    <s>Appelez le Parlement européen à s'engager pour la neutralité du Net</s>
    <s>Pour une télévision connectée respectueuse de la neutralité du Net</s>
    <s>Répondez à la consultation de la Commission européenne sur les jeux en ligne</s>
    <s>Generate a ZenCart-style MD5 password hash.</s>
    <s>Monitor a specific http interaction with your server</s>
    <s>Learn searching and navigating in man like a boss</s>
    <s>Short URLs with is.gd</s>
    <s>What is my IP address?</s>
    <s>Get your external IP address</s>
    <s>Open virtual machine in ubuntu.qcow image</s>
    <s>Create ubuntu.qcow image, limit size 10G</s>
    <s>Find Malware in the current and sub directories by MD5 hashes</s>
    <s>Generate a list of installed packages on Debian-based systems</s>
    <s>Resize an image to at least a specific resolution</s>
    <s>Find all SUID binaries</s>
    <s>Find and remove core files</s>
    <s>List processes sorted by CPU usage</s>
    <s>Repeat a command until stopped</s>
    <s>20 ans de plus pour le Copyright musical en Europe : C'est là qu'est le véritable Vol !</s>
    <s>Geektionnerd : Un génie est mort</s>
    <s>Librologie 8 : Les petits cœurs de tatie Nina</s>
    <s>Le projet Replicant ou Android totalement libre présenté par PaulK</s>
    <s>Android et la liberté des utilisateurs par Richard Stallman</s>
    <s>Geektionnerd : DePiraatBaai.be</s>
    <s>La promotion du Web Ouvert a bien changé mais Mozilla est toujours là</s>
    <s>Librologie 7 : Le logos de Jamendos</s>
    <s>Geektionnerd : Internet illimité (mise à jour)</s>
    <s>Lao Tseu l'a dit : il faut trouver la libre voie</s>
    <s>Brest citoyen</s>
    <s>Les circuits courts disponibles sur internet</s>
    <s>Quelle expérimentation de la lecture numérique en bibliothèque ?</s>
    <s>Bretagne Durable lance sa revue</s>
    <s>Géolocalisation : l'iPhone bavarde pendant votre sommeil </s>
    <s>« Adopte un geste pour la planète » sur les thèmes de l'eau, l'énergie, le CO2 et les déchets ».</s>
    <s>La Belgique filtre ses pirates</s>
    <s>[enquêteVos usages de la télévision de prochaine génération]</s>
    <s>La fin de l'automobile : avons-nous atteint un pic du déplacement ?</s>
    <s>New York comme plateforme</s>
    <s>L'ouverture est-elle morte ?</s>
    <s>Une traduction inédite : &quot;Le monde tel qu'il est vraiment : ceux qui le connaissent, et pourquoi&quot;.</s>
    <s>A propos des « dix stratégies de manipulation de masses » attribuées à Noam Chomsky</s>
    <s>La transcription de l'interview de Noam Chomsky dans &quot;Ce soir ou jamais&quot; le 31 mai 2010</s>
    <s>Noam Chomsky s'exprime contre l'application de la loi Gayssot.</s>
    <s>Reprise de l'activité sur le site !</s>
    <s>Autour du traitement médiatique de la venue de Noam Chomsky</s>
    <s>Le blog de CHOMSKY.fr est lancé</s>
    <s>Nouvel entretien inédit en français : &quot;Influences personnelles&quot;</s>
    <s>Deux traductions inédites : l'une sur les intellectuels, l'autre sur Hiroshima et la prolifération nucléaire</s>
    <s>Réponse de Pierre Pica aux dossiers du &quot;Monde des livres&quot;, à propos de la visite de Noam Chomsky à Paris (envoyé à la rédaction du Monde le mercredi 23 juin)</s>
    <s>Blog Stats</s>
    <s>190,115 hits</s>
    <s>Articles les plus consultés</s>
    <s>An other ctypes based python module : pyUSB 1.0 (alpha) is out !</s>
    <s>Police privée du copyright: avec l'ACTA (Anti-Counterfeiting Trade Agreement /Accord Commercial Anti-Contrefaçon) on exporte la répression</s>
    <s>Python choisi pour l'enseignement de l'algorithmique en classe de seconde pour la rentrée 2009/2010 en France</s>
    <s>Oracle : quelques commandes intéressantes</s>
    <s>Traitement d'images avec python: python-magic, pyexiv2, PIL, ReportLab, Motmot, Pythonmagick, magickpy, APLpy</s>
    <s>Administration Apache2 , configuration Tomcat5 sur Debian Etch</s>
    <s>La commande shell 'find'inetrafec</s>
    <s>Follow Blog via Email</s>
    <s>Enter your email address to follow this blog and receive notifications of new posts by email.</s>
    <s>Joignez-vous à 2 autres disciples</s>
    <s>Articles Taggés « python-xy »</s>
    <s>Python choisi pour l'enseignement de l'algorithmique en classe de seconde pour la rentrée 2009/2010 en France</s>
    <s>Publié par patrick le septembre 20, 2009</s>
    <s>C'est en lisant le magazine hors série N°37 'Tangente (http://www.tangente-education.com, « Les algorithmes au coeur du raisonnement structuré« )  que j'ai appris que le langage python faisait partie des 2 principaux langages de programmation recommandés pour l'apprentissage de l'algorithmique en classe de secondeC'est une bonne nouvelle pour les élèves et pour python également !:) . C'est aussi dans ce même magazine que j'ai appris que l'algorithmique était désormais inscrite dans les programmes de lycées !</s>
    <s>- http://www.tangente-education.com/articles/tge 10 a2.pdf</s>
    <s>Autre source pour cette nouvelle:</s>
    <s>http://scratch.mit.edu/forums/viewtopic.php?id=22097 (' ET OUI l'an prochain il y aura un peu d'algorithmique à enseigner en classe de Seconde : Voilà le lien :Eduscol Mathématiques … Scratch ( le deuxième langage recommandé) …est cité en exemple dans ces documents. ')</s>
    <s>La page d'accès aux ressources</s>
    <s>Les mathématiques en seconde</s>
    <s>http://abcmathsblog.blogspot.com/2009 11 01 archive.html ('Jean Lépine,professeur de mathémathiques à Beaupreau ( Maine et Loire) mais aussi prolifique développeur de logiciels éducatifs,me signale qu'il vient de commettre un petit tutoriel de découverte du langage python. Le langage python est préconisé par l'éducation nationale dans l'algorithmique en seconde')</s>
    <s>http://algo.jeanlepine.com/python 05.pdf</s>
    <s>http://python.lycee.free.fr/ ('de Kamel Naroun kamel (point) naroun (at) free (point) fr')</s>
    <s>Voici quelques liens sur les mathématiques avec python:</s>
    <s>http://mail.python.org/mailman/listinfo/edu-sig ('This list is for discussion of Python in education, however (at the request of a majority of readers) explicitly excluding educational politics')</s>
    <s>http://wiki.python.org/moin/SchoolsUsingPython ('This is a listing of schools that are using Python in their curriculum.')</s>
    <s>http://www.pyromaths.org/ ('Pyromaths est un programme qui permet de générer des fiches d’exercices de mathématiques de collège ainsi que leur corrigé. Il crée des fichiers au format pdf qui peuvent ensuite être imprimés ou lus sur écran.')</s>
    <s>Les sources de Pyromaths</s>
    <s>http://www.scipy.org/ (' SciPy (pronounced « Sigh Pie ») is open-source software for mathematics, science, and engineering. It is also the name of a very popular conference on scientific programming with Python. The SciPy library depends on NumPy, which provides convenient and fast N-dimensional array manipulation. The SciPy library is built to work with NumPy arrays, and provides many user-friendly and efficient numerical routines such as routines for numerical integration and optimization. Together, they run on all popular operating systems, are quick to install, and are free of charge. NumPy and SciPy are easy to use, but powerful enough to be depended upon by some of the world's leading scientists and engineers. If you need to manipulate numbers on a computer and display or publish the results, give SciPy a try! ')</s>
    <s>(' The neuroimaging in python (NIPY) project is an environment for the analysis of structural and functional neuroimaging data. It currently has a full system for general linear modeling of functional magnetic resonance imaging (fMRI ).')</s>
    <s>http://code.google.com/p/spyderlib/ (Spyder (previously known as Pydee) is a Python development environment providing MATLAB-like features in a simple and light-weighted software, available for Microsoft Windows XP/Vista, GNU/Linux and MacOS X.)</s>
    <s>http://www.pythonxy.com/foreword fr.php ('Python(x,y) est un logiciel libre scientifique de calcul numérique basé sur le langage Python, les interfaces graphiques Qt (et le cadre de développement associé), l'environnement de développement Eclipse et l'environnement de développement scientifique interactif Spyder.')</s>
    <s>http://www.sagemath.org/fr/tutorial/index.html ('Sage est un logiciel mathématique libre destiné à la recherche et à l’enseignement en algèbre, géométrie, arithmétique, théorie des nombres, cryptographie, calcul scientifique et dans d’autres domaines apparentés. Le modèle de développement de Sage comme ses caractéristiques techniques se distinguent par un souci extrême d’ouverture, de partage, de coopération et de collaboration : notre but est de construire la voiture, non de réinventer la roue. L’objectif général de Sage est de créer une alternative libre viable à Maple, Mathematica, Magma et MATLAB….le public visé par Sage comprend les étudiants (du lycée au doctorat), les enseignants et les chercheurs en mathématiques. Le but est de fournir un logiciel qui permette d’explorer toutes sortes de constructions mathématiques et de faire des expériences avec, en algèbre, en géométrie, en arithmétique et théorie des nombres, en analyse, en calcul numérique, etc. Sage facilite l’expérimentation interactive avec des objets mathématiques')</s>
    <s>Autres liens sur l'apprentissage de python</s>
    <s>http://www.python.org/doc/essays/cp4e.html (' We intend to start with Python, a language designed for rapid development. We believe that Python makes a great first language to learn: Unlike languages designed specifically for beginners, Python is also the choice of many programming professionals. It has an active, growing user community which has already expressed much interest in this proposal, and we expect that this will be a fertile first deployment ground for the teaching materials and tools we propose to create. During the course of the research we will evaluate Python and propose improvements or alternatives …Python is a good language for teaching absolute beginners… by Guido Van Rossum, http://www.python.org/~guido/ ')</s>
    <s>http://wiki.python.org/moin/BeginnersGuide (' New to programming? Python is free, and easy to learn if you know where to startThis guide will help you to get started quickly. ')</s>
    <s>http://www.afpy.org/ (' L'Association Francophone Python est une association pour la promotion du langage Python' )</s>
    <s>http://wikipython.flibuste.net/ ('Bienvenue sur ce Wiki-Python : site autogéré sur le langage Python')</s>
    <s>http://rgruet.free.fr/ (' Just try PythonI suggest that you download the official distribution, or the ActivePython distribution, and then start here. ')</s>
    <s>http://docs.python.org/ (Python 2.6)</s>
    <s>http://docs.python.org/tutorial/ (' Python is an easy to learn, powerful programming language. It has efficient high-level data structures and a simple but effective approach to object-oriented programming. Python’s elegant syntax and dynamic typing, together with its interpreted nature, make it an ideal language for scripting and rapid application development in many areas on most platforms .')</s>
    <s>http://docs.python.org/dev/ (Python 2.7)</s>
    <s>http://docs.python.org/3.1/ (Python 3.1)</s>
    <s>http://docs.python.org/dev/py3k/ (Python 3.2)</s>
    <s>http://diveintopython3.org/ ('Dive Into Python 3 covers Python 3 and its differences from Python 2. Compared to Dive Into Python, it’s about 20% revised and 80% new material. The book is now complete, but feedback is always welcome.')</s>
    <s>http://pypi.python.org/pypi ('The Python Package Index is a repository of software for the Python programming language')</s>
    <s>http://ocw.mit.edu/OcwWeb/Electrical-Engineering-and-Computer-Science/6-00Fall-2008/CourseHome/index.htm(' Introduction to Computer Science and Programming. This subject is aimed at students with little or no programming experience. It aims to provide students with an understanding of the role computation can play in solving problems. It also aims to help students, regardless of their major, to feel justifiably confident of their ability to write small programs that allow them to accomplish useful goals. The class will use the Python™ programming language .')</s>
    <s>http://www.openbookproject.net/pybiblio/ (' Welcome to the Python BibliothecaThis site aims to be both a library of educational materials using Python to teach computer programming, and a virtual meeting place for teachers and students engaged in learning and teaching using Python.')</s>
    <s>http://www.openbookproject.net/pybiblio/gasp/course/ ('There are a lot of worksheets in our beginners’ Python course. The most important are the five numbered sheets; you should work your way through those. But they’ll be pretty hard going unless you also make use of the lettered sheets, which give you useful information about particular topics.')</s>
    <s>http://www.openbookproject.net/pybiblio/gasp/course/1-intro.html ('Introducing Python, first steps')</s>
    <s>http://code.google.com/p/swfk-fr/ (« Ce livre est l'adaptation de « Snake Wrangling for Kids » en Français. Si le livre orignal est prévu pour des enfants à partir de huit ans, la barrière de la langue pour les mots clef et les fonctions le rend sûrement utilisable pour des enfants francophones à partir de dix ans »)</s>
    <s>http://www.openbookproject.net/thinkcs/python/english2e/ ('How to Think Like a Computer Scientist. Learning with Python 2nd Edition by Jeffrey Elkner, Allen B. Downey, and Chris Meyers. This book is marked up in ReStructuredText using a document generation system called Sphinx.The source code is located on the Launchpad website at http://bazaar.launchpad.net/~thinkcspy/thinkcspy/english2e/files.')</s>
    <s>Publié dans , éducation, Education, enseignement, Lycée, lycéee, python, Python | Taggé: algorithmique, apprentissage de python, classe de seconde, documentation python, how to think like a computer scientist, magma, maple, mathematica, matlab, MIT, Naroum Kamel, pyromaths, python au lycée, python-xy, sage, scratch, spyder, swfk-fr, tutoriel python | 5 commentaires »</s>
    <s>Bloguez sur WordPress.com. | Thème : Andreas09 par Andreas Viklund.</s>
    <s>Get every new post delivered to your Inbox.</s>
    <s>Powered by WordPress.com</s>
    <s>Python is an interpreted, interactive, object-oriented</s>
    <s>programming language. )</s>
    <s>*RSS: Really Simple Syndication</s>
  </text>
</page>
