<?xml version="1.0" encoding="UTF-8"?>
<!DOCTYPE page SYSTEM "page.dtd">
<page>
  <lang>fr</lang>
  <url>http://2011globalhealth.org/fr/abstracts.html</url>
  <title>Soumission des résumés | 2011 Global Health Conference</title>
  <snippet>
    <s>Nous encourageons les auteurs qui désirent présenter leurs recherches La date limite pour soumettre les résumés a été prolongée jusqu&#39;au 8 août 2011. </s>
  </snippet>
  <text>
    <s>Global Health</s>
    <s>November 13-15</s>
    <s>Montreal, Canada</s>
    <s>Informations sur les ÉvÉnements</s>
    <s>Page d’acceuil</s>
    <s>Un coup d’oeil sur le programme</s>
    <s>Programme Scientifique</s>
    <s>Conférenciers confirmés</s>
    <s>Comité du programme</s>
    <s>Organismes participants</s>
    <s>Aide Financière</s>
    <s>Information sur l’inscription</s>
    <s>Formulaire d’inscription en-ligne</s>
    <s>Soumission des résumés</s>
    <s>Formulaire de soumission de résumé en-ligne</s>
    <s>DÉplacement et hÉbergement</s>
    <s>À propos de Montréal</s>
    <s>coparraineurs de la conference</s>
    <s>la Société canadienne de santé inernationale’</s>
    <s>Consortium of Universities for Global Health</s>
    <s>Global Health Education Consortium</s>
    <s>organismes collaborateurs</s>
    <s>International Society for Infectious Diseases</s>
    <s>McGill Global Health Programs</s>
    <s>English | Français</s>
    <s>Information sur la soumission des résumés</s>
    <s>Soumission des résumés</s>
    <s>Nous encourageons les auteurs qui désirent présenter leurs recherches originales, projects innovants ou nouveaux programmes apparentés a la santé mondiale, à soumettre leur résumé. Les résumés de tous les domaines connexes à la santé mondiale sont invités, y compris:</s>
    <s>la charge mondiale de morbidité</s>
    <s>les innovations et interventions pour promouvoir l’équité en santé mondiale</s>
    <s>la mondialisation, le commerce international et le mouvement des populations en tant que forces agissant sur l’inégalité en matière de santé</s>
    <s>les partenariats et le renforcement des capacités pour l’éducation et la recherche en santé mondiale</s>
    <s>les déterminants sociaux, économiques et environnementaux de la santé</s>
    <s>les droits de la personne, les questions juridiques, l’éthique et la politique</s>
    <s>Les résumés peuvent etre axés sur une nouvelle constatation, le développement d’un programme, d’un projet ou d’un nouvel outil de santé mondiale, de la transition du développement à l’implantation, d’une question de déontologie ou de politique, ou d’autres sujets connexes.</s>
    <s>Directives de soumission</s>
    <s>la date limite de soumission: 1 août 2011. La date limite pour soumettre les résumés a été prolongée jusqu'au 8 août 2011. Veuillez soumettre votre résumé ici.</s>
    <s>les avis d’acceptatoin et de refus seront envoyés d’ici le 10 septembre 2011</s>
    <s>vous pouvez soumettre votre résumé en anglais ou en français. Cependant, les directive retrouvées sur le site de soumission des résumés sont disponibles uniquement en anglais. Seules les séances plénières seront interprétées simultanément.</s>
    <s>vous devez soumettre votre résumé en ligne</s>
    <s>les résumés ne doivent pas dépasser 350 mots. Les résumés qui ne respectent pas ces directives seront refusés</s>
    <s>vous pouvez soumettre votre résumé pour une présentation orale ou par affiche. Les auteurs peuvent indiquer leur préférence, mais les décisions seront prises par le Comité scientifique. Leur décision est définitive</s>
    <s>le titre du résumé ne doit pas dépasser 150 caractères (y compris les espaces) et ne doit pas être écrit TOUT en lettres majuscules (acceptable : La capacité mondiale pour la surveillance des maladies infectieuses émergentes)</s>
    <s>tous les résumés doivent être organisés ainsi:</s>
    <s>Contexte: Une déclaration de l’hypothèse, de la question de recherche ou du problème à résoudre</s>
    <s>Méthodes: Une explication du plan d’étude et de l’approche expérimentale employée, ou le programme ou projet entrepris</s>
    <s>Résultats: Un bref résumé des plus importantes constatations du projet, de l’étude ou de l’expérience. Vous devez fournir suffisamment de données et d’informations pour que les examinateurs et le public puissent en faire une évaluation. Les énoncés tels que “des informations complémentaires seront présentées à la réunion” ne seront pas acceptés</s>
    <s>Conclusion: Une synthèse des conclusions générales de l’étude, du projet ou du programme</s>
    <s>tous les résumés seront examinés par le Comité scientifique. Les résumés acceptés seront assignés aux sessions appropriées, soit orale ou par affiches. Un avis sera envoyé par courriel à l’auteur-ressource seulement. Les décisions sont définitives et ne peuvent être modifiées</s>
    <s>tous les auteurs qui souhaitent présenter leur résumé à la conference doivent payer les frais d’inscription. Aucuns honoraires ne seront versés, et aucune dépense de voyage ou d’hébergement ne sera remboursée pour les présentations</s>
    <s>veuillez s’il vous plait contacter la directrice de la Conférence de santé mondiale 2011, Doris Steinbach, si vous avez des questions par rapport à la soumission des résumés (courriel: info@2011globalhealth.org)</s>
    <s>For information please contact:</s>
    <s>Doris Steinbach</s>
    <s>2011 Global Health Conference Office</s>
  </text>
</page>
