<?xml version="1.0" encoding="UTF-8"?>
<!DOCTYPE page SYSTEM "page.dtd">
<page>
  <lang>fr</lang>
  <url>http://wcoomdpublications.org/facilitation-and-procedures.html%3FSID%3Deb7aaa7262c0cdb5726574a2b8407c32%3Fselected%3Dcat12</url>
  <title>Facilitation-Procédures</title>
  <snippet>
    <s>L&#39;Organisation Mondiale des Douanes tente de faciliter les rapports entre la Retrouvez l&#39;ensemble des articles et des annexes de la Convention de Kyoto modifier notre façon d&#39;évaluer, d&#39;identifier ou de classer les marchandises? </s>
  </snippet>
  <text>
    <s>Mon compte</s>
    <s>Mon panier</s>
    <s>Besoin d'aide ? Contactez-nous au +32 (0)22 099 505</s>
    <s>Français English Español</s>
    <s>Système Harmonisé 2012</s>
    <s>Système Harmonisé 2007</s>
    <s>Bases de données en ligne</s>
    <s>La base de données du SH</s>
    <s>Evaluation en Douane</s>
    <s>Convention de Kyoto en ligne</s>
    <s>Modèle de Données 3</s>
    <s>Base de Données Origine</s>
    <s>Publications téléchargeables</s>
    <s>Programme Columbus - phase 2</s>
    <s>OMD Actualités</s>
    <s>Evaluation en douane</s>
    <s>Règles d'origine</s>
    <s>Contrôle-Lutte contre la fraude</s>
    <s>Renforcement des capacités</s>
    <s>Cahiers de la douane</s>
    <s>Mises à jour</s>
    <s>Publicaciones en español</s>
    <s>Публикации на русском языке</s>
    <s>!ServicesIPM Interface Public – Membres</s>
    <s>Titulaires de Droits</s>
    <s>Représentants des Titulaires de Droits</s>
    <s>Agents de distribution dans le monde</s>
    <s>Devenez agent de distribution</s>
    <s>Membres de l'OMD</s>
    <s>Boutique de l'OMD</s>
    <s>Inscrivez-vous à notre newsletter: GO!</s>
    <s>!Panier Mon panier</s>
    <s>Votre panier est vide.</s>
    <s>!Login LOGIN</s>
    <s>Mot de passe oublié ?</s>
    <s>Créer un nouveau compte</s>
    <s>Accueil / Facilitation-Procédures</s>
    <s>L’OMD a établi des Conventions (telle que la Convention de Kyoto Révisée ), des normes et des programmes, détaillés dans nos publications, permettant aux administrations Membres de répondre aux exigences des gouvernements en terme de facilitation des échanges et de contrôles douaniers efficaces.</s>
    <s>Sécurisation et facilitation de la chaîne logistique globale</s>
    <s>Les impacts macro et micro économiques de la loi américaine 100% scanning</s>
    <s>Sous la direction de Frédéric Carluer, Etude commanditée par l'Organisation mondiale des douanes</s>
    <s>La loi &quot;100% scanning&quot; dite House Resolution 1 vise à prémunir le sol américain de tout risque terroriste susceptible d'affecter la chaîne logistique globale. Son caractère unilatéral peut aussi être perçu comme une mesure protectionniste cachée qui reporterait le risque de la &quot;seacurity&quot; sur ses partenaires, surtout si le principe de réciprocité ne s'applique pas.</s>
    <s> Lire la suite</s>
    <s>Prix: 29,00 €</s>
    <s>Version papier</s>
    <s>Convention de Kyoto en ligne - accès 1 an</s>
    <s>Retrouvez l'ensemble des articles et des annexes de la Convention de Kyoto Révisée dans cette version online!</s>
    <s>La Convention de Kyoto révisée est le fondement des régimes douaniers efficaces et modernes du 21ème siècle. Lorsqu’elle sera mise en œuvre à grande échelle, elle donnera aux échanges internationaux la prévisibilité et l’efficacité que le commerce moderne exige.</s>
    <s> Lire la suite</s>
    <s>Prix: 120,00 €</s>
    <s>Version en ligne</s>
    <s>Modèle de Données 3</s>
    <s>Le Modèle de Données 3 de l’OMD est un jeu très complet des données soigneusement combinées et harmonisées découlant de la réglementation régissant les flux transfrontaliers de marchandises qui sont exigés dans le cadre des transactions transfrontalières.</s>
    <s>Le Modèle de Données version 3 de l'OMD est accessible uniquement en ligne sur la base d'un abonnement annuel. Cet abonnement ouvre droit en outre à un service de support en ligne qui vous permet :</s>
    <s>- D'accéder à une base de connaissances via un module de FAQ,</s>
    <s>- De poser directement vos questions aux chefs de projet du &quot;Modèle de Données version 3 de l'OMD&quot;.</s>
    <s> Lire la suite</s>
    <s>Langue: Français</s>
    <s>(également disponible en English)</s>
    <s>Prix: 980,00 €</s>
    <s>Version en ligne</s>
    <s>CD-ROM De l'ancien au nouveau monde: la TI facilite-t-elle la transition ?</s>
    <s>- Les principales structures et opérations douanières changeront-elles avec l’arrivée des nouvelles technologies?</s>
    <s>- La gestion de l’information telle qu’elle est pratiquée aujourd’hui peut-elle modifier notre façon d’évaluer, d’identifier ou de classer les marchandises?</s>
    <s> Lire la suite</s>
    <s>Prix: 50,00 €</s>
    <s>Version CD ROM</s>
    <s>CD-ROM Conférence Cadre de normes SAFE de l'OMD</s>
    <s>Cette importante conférence a réuni des experts reconnus dans le domaine du commerce mondial, de la sécurité de la chaîne logistique et du droit commercial international pour examiner l’évolution de la mise en œuvre du Cadre SAFE deux ans après son adoption. Ils se sont intéressés plus particulièrement à l’application des concepts d’Opérateur Economique Agréé et de reconnaissance mutuelle, ainsi qu’à leur incidence sur les entreprises.</s>
    <s> Lire la suite</s>
    <s>Prix: 70,00 €</s>
    <s>Version CD ROM</s>
    <s>Gestion intégrée des frontières: La TI est-elle essentielle?</s>
    <s>La conférence a traité des moyens dont peut user la TI afin d'aider les administrations douanières pour gérer la transition à l'ère numérique, tout en maintenant des liens proches avec les fonctions entrepreneuriales basiques, la classification et l'évaluation des biens, ainsi que d'autres tâches complexes qui font également partie du quotidien de l'environnement douanier.</s>
    <s> Lire la suite</s>
    <s>Prix: 50,00 €</s>
    <s>Version CD ROM</s>
    <s>CD-ROM Convention d'Istanbul</s>
    <s>Ce CD-ROM contient le texte complet du corps de la Convention d’Istanbul et les annexes relatives aux titres d’admission temporaire ainsi qu’aux marchandises couvertes par l’admission temporaire aux termes de cette Convention.</s>
    <s>Il contient des renseignements utiles pour tous les intervenants en matière d’exportation et d’importation, en ce qui concerne l’utilisation des carnets ATA et les conditions dans lesquelles ce carnet est accepté par les Parties contractantes à la Convention.</s>
    <s> Lire la suite</s>
    <s>Prix: 50,00 €</s>
    <s>Version CD ROM</s>
    <s>CD-ROM De l'ancien au nouveau monde: la TI facilite-t-elle la transition ?</s>
    <s>- Les principales structures et opérations douanières changeront-elles avec l’arrivée des nouvelles technologies?</s>
    <s>- La gestion de l’information telle qu’elle est pratiquée aujourd’hui peut-elle modifier notre façon d’évaluer, d’identifier ou de classer les marchandises?</s>
    <s> Lire la suite</s>
    <s>Prix: 50,00 €</s>
    <s>Version CD ROM</s>
    <s>CD ROM Externalisation et délocalisation des fonctions TI : quels enjeux pour la douane ?</s>
    <s>Cette conférence a porté sur les derniers développements et tendances dans le domaine de la technologie de l’information et de la communication (TIC) pour la douane.</s>
    <s> Lire la suite</s>
    <s>Prix: 50,00 €</s>
    <s>Version CD ROM</s>
    <s>La TI au service des Douanes : un moyen de combler le fossé ?</s>
    <s>Cette conférence a porté sur les derniers développements et tendances dans le domaine de la technologie de l’information et de la communication (TIC) pour la douane.</s>
    <s> Lire la suite</s>
    <s>Prix: 50,00 €</s>
    <s>Version CD ROM</s>
    <s>CD-ROM Coopération douane-entreprises - Garantie d'une efficacité renforcée ?</s>
    <s>Cette conférence a porté sur les derniers développements et tendances dans le domaine de la technologie de l’information et de la communication (TIC) pour la douane.</s>
    <s> Lire la suite</s>
    <s>Prix: 50,00 €</s>
    <s>Version CD ROM</s>
    <s>Cadre de normes SAFE de l'OMD</s>
    <s>Le Cadre de normes de l’OMD, adopté par le Conseil de l’OMD en Juin 2005, offre une nouvelle plate-forme consolidée qui renforcera le commerce mondial, améliorera la sécurité contre le terrorisme et intensifiera la contribution de la douane et des partenaires commerciaux au bien-être économique et social des nations.</s>
    <s> Lire la suite</s>
    <s>Glossaire des termes douaniers internationaux</s>
    <s>Suite à l’adoption de la Convention de Kyoto révisée, le Comité technique permanent de l’OMD a procédé à l’examen complet des définitions figurant dans le Glossaire des termes douaniers internationaux.</s>
    <s> Lire la suite</s>
    <s>Directives sur les renseignements préalables concernant les voyageurs</s>
    <s>En 1993, pour faire face à la croissance exponentielle du trafic des voyageurs, les administrations douanières ont mis en oeuvre diverses mesures destinées à faciliter la circulation des voyageurs tout en maintenant des contrôles appropriés.</s>
    <s> Lire la suite</s>
    <s>Directives aux fins de la mainlevée immédiate des envois</s>
    <s>Directives aux fins de la mainlevee immediate des envois par la douane</s>
    <s> Lire la suite</s>
    <s>Modèle de données de l'OMD</s>
    <s>Ces directives sont conçues pour aider les Gouvernements et les entités commerciales à harmoniser et normaliser les informations et données commerciales internationales exigées par les gouvernements afin de développer et de mettre en œuvre un environnement de Guichet unique.</s>
    <s> Lire la suite</s>
    <s>Mentions Légales</s>
    <s>Contactez nous</s>
    <s>(C) 2009 WCOOMD. Tous droits réservés.</s>
  </text>
</page>
