<?xml version="1.0" encoding="UTF-8"?>
<!DOCTYPE page SYSTEM "page.dtd">
<page>
  <lang>fr</lang>
  <url>http://calenda.revues.org/nouvelle20708.html</url>
  <title>Calenda - Évaluer la liberté de la presse : Les médias sociaux ont ...</title>
  <snippet>
    <s>6 sept. 2011 (2011) &middot; L&#39;Atelier de sémiotique audiovisuelle : les archives audiovisuelles . Presented to the World Journalism Education Conference, Les articles devront comprendre entre 20 000 et 25 000 signes espaces compris. </s>
  </snippet>
  <text>
    <s>Abonnez-vous à la lettre :</s>
    <s>À propos de Calenda</s>
    <s>Signaler un événement</s>
    <s>en Sciences humaines</s>
    <s>et sociales</s>
    <s>Octobre 2011</s>
    <s>À la une</s>
    <s>Toutes les catégories</s>
    <s>Esprit et langage</s>
    <s>Types d'événements</s>
    <s>Tous les types</s>
    <s>Appels à contribution</s>
    <s>Journées d'étude</s>
    <s>Bourses, prix et emplois</s>
    <s>Appels d'offres</s>
    <s>Cycles de conférences</s>
    <s>Informations diverses</s>
    <s>!Voir les nouvelles</s>
    <s>S'abonner aux flux RSS de Calenda</s>
    <s>Archiver cette annonce</s>
    <s>À lire sur le même thème</s>
    <s>Dall'Informatica umanistica alle culture digitali</s>
    <s>La représentation de la guerre dans les conflits récents: enjeux esthétiques, éthiques et politiques</s>
    <s>Maurrassisme et Littérature</s>
    <s>Parce que j'aime le savoir</s>
    <s>Les cultures des sciences en Europe</s>
    <s>Initiation à l'encodage des textes patrimoniaux</s>
    <s>Philology in the Digital Age</s>
    <s>Le déni de grossesse</s>
    <s>Sciences de l'information</s>
    <s>Dall'Informatica umanistica alle culture digitali</s>
    <s>L’Europe et ses imaginaires médiatiques</s>
    <s>L'internet change-t-il le temps ? (2011)</s>
    <s>Édition électronique</s>
    <s>Dall'Informatica umanistica alle culture digitali</s>
    <s>L'Atelier de sémiotique audiovisuelle : les archives audiovisuelles</s>
    <s>Hypermédias et pratiques numériques</s>
    <s>Histoire et sociologie de la presse</s>
    <s>Décrypter la presse satirique</s>
    <s>Hypermédias et pratiques numériques</s>
    <s>La contribution des sciences de l'information et de la communication aux débats publics</s>
    <s>Histoire et sociologie des médias</s>
    <s>Tim Burton: horreurs enfantines</s>
    <s>Décrypter la presse satirique</s>
    <s>L’Europe et ses imaginaires médiatiques</s>
    <s>Accueil  &gt;  Catégories  &gt;  Esprit et langage  &gt;  Information</s>
    <s>Appel à contribution</s>
    <s>Mercredi 30 novembre 2011  |  Toulouse (31000)</s>
    <s>Évaluer la liberté de la presse : Les médias sociaux ont-ils changé la donne ?</s>
    <s>Evaluating Press Freedom: Have Social Media Changed the Landscape?</s>
    <s>Essachess - Journal for communication studies</s>
    <s>Publié le mardi 06 septembre 2011 par Claire Ducournau</s>
    <s>Ce numéro de la revue ESSACHESS - Journal for Communication Studies (revue indexée ProQuest et EBSCO) propose d’explorer de nouvelles tendances concernant l’évaluation de la liberté de la presse ainsi que l’appréciation du rôle de la presse au sein du processus de démocratisation, dans le contexte de changements que les nouveaux médias ont apporté dans le domaine de la communication de masse.</s>
    <s>Appel a contributions pour le volume 5, n° 1(9)/ 2012</s>
    <s>ESSACHESS - Journal for Communication Studies</s>
    <s>Evaluer la liberte de la presse : Les medias sociaux ont-ils change la donne ?</s>
    <s>Coordination du dossier</s>
    <s>Dr. Lee B. BECKER et Dr. Tudor VLAD (James M. Cox Jr. Center for International Mass Communication Training and Research, University of Georgia, Etats-Unis de l'Amerique)</s>
    <s>Le concept de liberte des medias a une longue histoire, a la fois dans les sciences politiques et dans la litterature relative a la communication de masse. Linz (1975), par exemple, recensa les libertes d'association, d'information et de communication comme des composantes essentielles de la democratie. Gunther and Mughan (2000, p. 1), pour leur part, appelerent les medias de masse le « tissu conjonctif de la democratie ». Quant a O'Neil (1998), il ecrivit que sans la liberte de communication que les medias de masse apportent, le fondement meme de la regle democratique est sape.</s>
    <s>Certains ont soutenu que les definitions relatives a la liberte des medias devraient inclure ou prendre en compte d'autres concepts, tels que le role des medias dans la construction d'une nation, le developpement economique, le depassement de l'illettrisme et de la pauvrete, ou encore l'apparition d'une conscience politique. Hachten (1987) et Hagen (1992) se sont concentres sur la democratisation des medias, et ont propose de modifier l'action descendante et lineaire des medias contemporains a l'egard du public, afin d'accroitre la participation des citoyens. Breunig (1994) considera la liberte de la presse comme un type de la liberte de communication parmi d'autres, au meme titre que la liberte d'expression, la liberte d'opinion et la liberte d'information.</s>
    <s>Les medias de masse initient-ils le changement, ou l'accompagnent-ils ? Refletent-ils ou façonnent-ils la societe ? Doivent-ils etre consideres comme des agents de transformation ou de statu quo ? Autant de questions qui traversent la problematique de la liberte des medias.</s>
    <s>La liberte des medias est reconnue comme un droit humain fondamental dans l'article 19 de la Declaration universelle des droits de l'homme. Cependant, le degre selon lequel les nations jouissent de la liberte d'expression a travers les medias varie de maniere considerable. Il y a plus d'une centaine d'organisations a travers le monde qui evaluent la liberte de la presse aux niveaux nationaux et / ou regionaux. Trois d'entre eux (Freedom House, Reporters sans frontieres et IREX) sont en train de produire des mesures quantitatives concernant la liberte des medias a l'echelle mondiale, en se fondant sur le travail effectue par des evaluateurs professionnels. Ces evaluateurs analysent les caracteristiques des systemes mediatiques, en se demandant par exemple si les medias de tel pays sont capables de fonctionner sans etre soumis a des pressions politiques ou economiques, et s'ils oeuvrent reellement en etant au service des objectifs</s>
    <s>De recentes etudes ont montre que ces mesures systemiques concernant les caracteristiques des medias sont profondement coherentes et fortement inter-correlees, fournissant des donnees de base sur leur fiabilite (Becker, Vlad &amp; Nusser, 2007 ; Becker &amp; Vlad, 2009 ; Becker &amp; Vlad, 2010). D'un point de vue historique, les evaluations relatives a la liberte des medias et au role que jouent les medias dans le processus de democratisation ont focalise leur attention sur les medias ecrits et audiovisuels. Mais plus recemment, des chercheurs ont introduit Internet dans l'equation. Le Printemps arabe a ainsi suggere que les medias sociaux pourraient avoir un role determinant a jouer en informant et en mobilisant le public, en particulier dans les pays ou la liberte de la presse se trouve limitee. Un recent rapport (CIMA, 2011) montre que les activites liees a la liberte d'expression se sont consolidees et elargies grace a l'adjonction d'organisations dediees a la liberte qui emergent sur Internet. Ce champ a ete complexifie par le chevauchement de missions entre des groupes de liberte d'expression deja etablis et des groupes naissants orientes vers la problematique de la technologie et des droits de l'homme.</s>
    <s>Ce numero de la revue ESSACHESS - Journal for Communication Studies (revue indexee ProQuest et EBSCO) propose d'explorer de nouvelles tendances concernant l'evaluation de la liberte de la presse ainsi que l'appreciation du role de la presse au sein du processus de democratisation, dans le contexte de changements que les nouveaux medias ont apporte dans le domaine de la communication de masse.</s>
    <s>Pour ce numero de la revue ESSACHESS nous attendons des contributions qui peuvent prendre la forme :</s>
    <s>d'etudes theoriques ou de textes apportant de nouvelles orientations pour le debat dans lalitterature specialisee ;</s>
    <s>de recherches empiriques et d'etudes de cas.</s>
    <s>References bibliographiques</s>
    <s>Becker, L.B., &amp; Vlad, T. (2010). Linking elite measures of media freedom and public opinion data: A validation exercise. Presented to the World Journalism Education Conference, Grahamstown, South Africa, July 5-7, 2010.</s>
    <s>Becker, L.B., &amp; Vlad, T. (2009). Validating country-level measures of media freedom with survey data. Presented to the Midwest Association for Public Opinion Research, Chicago, November 20-21, 2009.</s>
    <s>Becker, L.B., Vlad, T., &amp; Nusser, N. (2007). An evaluation of press freedom indicators.</s>
    <s>Breunig, C. (1994). Kommunikationsfreiheiten: Ein internationaler Vergleich (Communication freedoms: An international comparison). Konstanz: Universitaetsverlag Konstanz.Democracy and the media: A comparative perspective (pp. 1-27). Cambridge, UK: Cambridge University Press.The World News Prism, Changing Media, Clashing Ideology. Ames Iowa: Iowa State University Press.</s>
    <s>Gunther, R., &amp; Mughan, A. (2000). The media in democratic and nondemocratic regimes: A multilevel perspective. In R. Gunther and A. Mughan (Eds.), Hachten, W.A. (1987).</s>
    <s>Hagen, I. (1992). Democratic communication: Media and social participation In J. Wasko and V. Mosco (Eds.) , Democratic communications in the information age (pp. 16-27). Toronto: Garamond Press.</s>
    <s>Linz, Juan J. (1975). Totalitarian and authoritarian regimes. In F.I. Greenstein &amp; N. W. Polsby (Eds.), Handbook of political science (Vol. 3) (pp. 175-411). Reading, MA: Addison-Wesley.Funding free expression: Perceptions and reality in a changing landscape. http://cima.ned.org/publications/funding-free-expressionperceptions-and-reality-changing-landscape</s>
    <s>O'Neil, P. H. (1998). Democratization and mass communication: What is the link? In P. H. O'Neil (Ed.), Communicating democracy: The media and political transitions (pp. 1-20). Boulder: Lynne Rienner Publishers, Nelson, A. (2011).</s>
    <s>Retrieved on July 12, 2011, from The International Communication Gazette, 61 (1): 5-28.</s>
    <s>Dates importantes</s>
    <s>30 novembre 2011 : envoi de la proposition d'article sous forme d'un resume d'environ 2500 - 3500 signes espaces compris ;</s>
    <s>15 janvier 2012 : notification des resultats ;</s>
    <s>15 avril 2012 : soumission integrale de l'article ;</s>
    <s>1 juin 2012 : acceptation definitive de l'article.</s>
    <s>Modalites de soumission</s>
    <s>Les articles devront comprendre entre 20 000 et 25 000 signes espaces compris. Ils peuvent etre soumis en français ou en anglais et doivent etre accompagnes d`un resume en français et en anglais (200-250 mots), de 5 mots cles, des noms, ainsi que des affiliations et adresses e-mail de tous les auteurs. Les articles et questions complementaires doivent etre adresses a : lbbecker@uga.edu, tvlad@uga.edu et</s>
    <s>Les auteurs dont les articles auront ete acceptes en seront avises par e-mail. La revue sera publiee en juillet 2012.</s>
    <s>liberté de la presse, médias sociaux</s>
    <s>Fichiers attachés</s>
    <s>Essachess libert de la presse.pdf</s>
    <s>Toulouse (31000) (LERASS EA 827)</s>
    <s>Date limite</s>
    <s>mercredi 30 novembre 2011</s>
    <s>Céline Bryon-Portet</s>
    <s>courriel : celine point bryonportet (at) ensiacet point fr</s>
    <s>LERASS EA 827 Toulouse</s>
    <s>Url de référence</s>
    <s>Source de l'information</s>
    <s>Céline Bryon-Portet</s>
    <s>courriel : celine point bryonportet (at) ensiacet point fr</s>
    <s>Pour citer cette annonce</s>
    <s>« Évaluer la liberté de la presse : Les médias sociaux ont-ils changé la donne ? », Appel à contribution, Calenda , publié le mardi 06 septembre 2011, http://calenda.revues.org/nouvelle20708.html</s>
    <s>Accès réservé</s>
    <s>Revues.orgRevues et collections de livres</s>
    <s>Les revues (305)</s>
    <s>Les collections de livres (18)</s>
    <s>En savoir plus</s>
    <s>CalendaCalendrier des sciences sociales</s>
    <s>Acceder aux evenements ()</s>
    <s>En savoir plus</s>
    <s>Hypotheses.orgCarnets et blogs de recherche</s>
    <s>Acceder aux carnets (242)</s>
    <s>En savoir plus</s>
    <s>Lettre &amp; alertes</s>
    <s>LettreS'abonner a la Lettre de Revues.org</s>
    <s>Alertes &amp; abonnementsAcceder au service</s>
    <s>Calendrier des lettres et sciences humaines et sociales</s>
    <s>*mercredi 30 novembre 2011: 20111130</s>
  </text>
</page>
