<?xml version="1.0" encoding="UTF-8"?>
<!DOCTYPE page SYSTEM "page.dtd">
<page>
  <lang>fr</lang>
  <url>http://sante.femina.ch/article/sant%25C3%25A9suisse-rejette-la-transmission-de-donn%25C3%25A9es-anonymes</url>
  <title>Santésuisse rejette la transmission de données ... - Santé - Femina</title>
  <snippet>
    <s>29 sept. 2011 Conférences; Le bus Bilan et Conseils Santésuisse rejette la transmission de données anonymes Partagez cet article: du grand public suisse, qui facilite l&#39; appel au secours et la localisation des personnes en danger. </s>
  </snippet>
  <text>
    <s>AccueilRetour au site Femina.ch</s>
    <s>Supplément partenaire: santé</s>
    <s>en partenariat avec</s>
    <s>Les plus lus</s>
    <s>A la une</s>
    <s>Handicap et diagnostic à l’aube de la vie: espoir ou dérive ?</s>
    <s>Interview du Dr Jacques Vallotton</s>
    <s>A la une</s>
    <s>Le bus Bilan et Conseils</s>
    <s>Dr. Thierry Weber</s>
    <s>Dr Jean Gabriel Jeannot</s>
    <s>A la une</s>
    <s>Information en ligne destinée aux parents soucieux de l'alimentation et l'exercice physique de leurs enfants</s>
    <s>Un test en ligne pour le syndrome des apnées du sommeil</s>
    <s>Conférences à venir</s>
    <s>Invitation aux prochaines conférences</s>
    <s>Les vidéos des conférences précédentes</s>
    <s>Healthline Hirslanden</s>
    <s>Liens utiles</s>
    <s>Santésuisse rejette la transmission de données anonymes</s>
    <s>Société | 29 September 2011</s>
    <s>ATS | 24heures.ch</s>
    <s>Après la faîtière des hôpitaux H+, Santésuisse s’oppose à son tour à la transmission des données des patients aux assureurs. L'association des caisses maladie estime que certaines modalités du projet sont en contradiction avec les dispositions légales voire même impraticables.</s>
    <s>Après la faîtière des hôpitaux H+, Santésuisse s’oppose à son tour à la transmission des données des patients aux assureurs. L'association des caisses maladie estime que certaines modalités du projet sont en contradiction avec les dispositions légales voire même impraticables.</s>
    <s>© PHOTO D'ILLUSTRATION</s>
    <s>Trois mois avant l’introduction des forfaits par cas (SwissDRG) dans les hôpitaux, des dissensions existent toujours sur la transmission des données des patients aux assureurs. Après la faîtière des hôpitaux H+, santésuisse s’oppose également à la solution proposée par le Conseil fédéral.</s>
    <s>Certaines modalités du projet sont en contradiction avec les dispositions légales voire même impraticables, écrit l’association des caisses maladie jeudi soir. En plus d’augmenter massivent, les charges administratives des assureurs et des hôpitaux risquent aussi de paralyser l’application au quotidien des forfaits par cas.</s>
    <s>Le concept de l’anonymisation et du codage des données des patients ainsi que le rôle - nouveau - du médecin-conseil comme instance de contrôle des factures contredisent la législation en vigueur, la jurisprudence et les principes de la convention tarifaire approuvés par le Conseil fédéral, poursuit Santésuisse.</s>
    <s>Les assureurs ne peuvent plus assumer leur mandat légal de contrôle des factures s’ils ne reçoivent pas toutes les données qui influencent le montant de la facture. Les expériences réalisées dans d’autres pays montrent qu’il en résulte des coûts non justifiés, à charge de l’assurance et donc des payeurs de primes.</s>
    <s>ATS | 24heures.ch</s>
    <s>Retour à l'accueil</s>
    <s>Partagez cet article:</s>
    <s>«Cardiologie interventionnelle ou comment traiter le coeur sans opérer.» Mercredi 12 octobre 2011 à 20h - Voir la vidéo</s>
    <s>Informations sur l'alimentation et l'exercice physique de vos enfants</s>
    <s>par T. Weber</s>
    <s>Test pour les syndrome des apnées du sommeil</s>
    <s>par JG Jeannot</s>
    <s>Le bus Bilan et Conseils Santé bientôt près de chez vous</s>
    <s>septembre: Chavornay</s>
    <s>octobre: St-François, Nyon et Gland</s>
    <s>Dr Thierry Weber</s>
    <s>Pour les parents soucieux de l'alimentation et l'exercice physique de leurs enfants</s>
    <s>Le site d'information destinée aux voyageurs</s>
    <s>Le site qui propose un contrôle des grains de beauté en ligne!</s>
    <s>Dr Jean Gabriel Jeannot</s>
    <s>Un test en ligne pour le syndrome des apnées du sommeil</s>
    <s>Tout savoir sur les programmes de dépistage du cancer du sein en Suisse romande</s>
    <s>Toutes les chroniques</s>
    <s>Retrouvez toutes les chroniques santé</s>
    <s>Conférences à venir</s>
    <s>&quot;CARDIOLOGIE INTERVENTIONNELLE</s>
    <s>ou comment traiter le coeur sans opérer.&quot;</s>
    <s>Mercredi 12 octobre 2011, 20h00, Hôtel Alpha-Palmiers</s>
    <s>Les vidéos des conférences précédentes</s>
    <s>&quot;A l'écoute des maladies silencieuses: deux spécialistes vous parlent des maladies des reins&quot;</s>
    <s>&quot;Accidents chez les jeunes et les séniors: Zoom sur les causes, les conséquences et les solutions.&quot;</s>
    <s>Voir toutes</s>
    <s>Invitation aux prochaines conférences</s>
    <s>Inscrivez-vous et soyez informé directement des prochaines conférences à venir</s>
    <s>Search this site:</s>
    <s>A B C D E F G H I L M N O P R S T U V</s>
    <s>Accidents / traumatologie</s>
    <s>Allergies / asthme</s>
    <s>Attaques cérébrales</s>
    <s>Liens utiles</s>
    <s>Healthline Hirslanden</s>
    <s>Dernier Film</s>
    <s>Voir tous les films</s>
    <s>Inscrivez-vous à la prochaine newsletter</s>
    <s>pour encore plus d’information santé !</s>
    <s>!My144: Application médicale GRATUITE pour i-phone à l’usage du grand public suisse, qui facilite l’appel au secours et la localisation des personnes en danger.</s>
    <s>Femina soutient </s>
    <s>Supplément partenaire: santé</s>
    <s>AccueilRetour au site Femina.chRetour en haut de la page</s>
    <s>© Edipresse Publications SA</s>
    <s>Publicité | Mentions légales | Nous contacter</s>
    <s>www.edicom.ch |</s>
    <s>www.tdg.ch |</s>
    <s>www.lematin.ch |</s>
    <s>www.24heures.ch |</s>
    <s>bleublog.lematin.ch |</s>
    <s>www.terrenature.ch |</s>
    <s>www.lesquotidiennes.com |</s>
    <s>guideloisirs.ch |</s>
    <s>www.hommages.ch |</s>
    <s>energie.24heures.ch | energie.tdg.ch | energie.lematin.ch | forex.24heures.ch | forex.tdg.ch | forex.bilan.ch | sante.24heures.ch | sante.femina.ch | bebe.femina.ch |</s>
    <s>goFemina.gif (Santé Femina.ch)</s>
  </text>
</page>
