<?xml version="1.0" encoding="UTF-8"?>
<!DOCTYPE page SYSTEM "page.dtd">
<page>
  <lang>fr</lang>
  <url>http://fr.wikipedia.org/wiki/Trait%25C3%25A9_sur_l%27Union_europ%25C3%25A9enne</url>
  <title>Traité sur l&#39;Union européenne - Wikipédia</title>
  <snippet>
    <s>3 Révisions du traité sur l&#39;Union européenne; 4 Chronologie de l&#39;Union européenne adhésion de l&#39;Union à la Convention européenne des droits de l&#39; homme le Comité économique et social européen et le Comité des régions ( article 13) </s>
  </snippet>
  <text>
    <s>Traité sur l'Union européenne</s>
    <s>Un article de Wikipédia, l'encyclopédie libre.</s>
    <s>Aller à : Navigation, rechercher</s>
    <s>Pour les articles homonymes, voir Traité de Maastricht (homonymie).</s>
    <s>Traité de Maastricht</s>
    <s>Traité sur l'Union européenne</s>
    <s>Gouvernement italien</s>
    <s>(Maastricht, Pays-Bas)</s>
    <s>1er novembre</s>
    <s>Partie 1 Partie 2</s>
    <s>États membres de l'Union européenne en 1992</s>
    <s>!Wikisource logoVoir le traité sur Wikisource</s>
    <s>Le traité sur l'Union européenne (TUE), aussi appelé traité de Maastricht, est le traité constitutif de l'Union européenne. Il affirme les objectifs de l'Union, définit les trois « piliers » de son action et donne un cadre institutionnel au Conseil européen ainsi qu'à la procédure de coopération renforcée. Les autres institutions et règles communautaires relèvent du traité sur le fonctionnement de l'Union européenne ou traité de Rome modifié notamment par le traité de Lisbonne.</s>
    <s>Le traité de Maastricht a été signé par l'ensemble des États membres de la Communauté économique européenne (Allemagne, Belgique, France, Italie, Luxembourg, Pays-Bas, Danemark, Irlande, Royaume-Uni, Grèce, Espagne, Portugal) à Maastricht (Pays-Bas), le 7 février , après un accord conclu lors du Conseil européen de Maastricht, en décembre , et est entré en vigueur le 1er novembre . Il a été modifié ultérieurement par les traités d'Amsterdam et de Nice, qui ont introduit des dispositions nouvelles et ont modifié les numéros de l'ensemble des articles. Enfin le traité UE a de nouveau été modifié en profondeur par le traité de Lisbonne, entré en vigueur le 1er décembre .</s>
    <s>1 Le traité sur l'Union européenne depuis 2009</s>
    <s>1.1 Structure du traité</s>
    <s>1.1.1 Préambule</s>
    <s>1.1.2 Titre premier : dispositions communes</s>
    <s>1.1.3 Titre II : principes démocratiques</s>
    <s>1.1.4 Titre III : institutions</s>
    <s>1.1.5 Titre IV : coopération renforcée</s>
    <s>1.1.6 Titre V : action extérieure, PESC</s>
    <s>1.1.7 Titre VI : dispositions finales</s>
    <s>1.1.8 Protocoles, annexes et déclarations</s>
    <s>2 Le traité sur l'Union européenne avant l'entrée en vigueur du traité de Lisbonne</s>
    <s>2.1 Structure du traité</s>
    <s>2.2 Trois piliers</s>
    <s>2.3 Création de l'euro</s>
    <s>2.4 Processus de ratification en France</s>
    <s>2.5 Modifications par rapport au traité de Rome de 1957</s>
    <s>3 Révisions du traité sur l'Union européenne</s>
    <s>4 Chronologie de l'Union européenne</s>
    <s>5 Sources</s>
    <s>5.1 Références</s>
    <s>6 Compléments</s>
    <s>6.1 Liens internes</s>
    <s>6.2 Liens externes</s>
    <s>[modifier] Le traité sur l'Union européenne depuis 2009</s>
    <s>Droit de l'Union européenne</s>
    <s>Chronologie de l'Union européenne · Histoire de l'Union européenne · Texte des traités</s>
    <s>Traités de l'Union européenne : en vigueur</s>
    <s>(dernière modif. Traité de Lisbonne de 2007) - … sur le fonctionnement de l'Union (TFUE) - … sur l'Union européenne (TUE)</s>
    <s>Traités historiques</s>
    <s>1951 : Traité de Paris (CECA)</s>
    <s>1957 : Traité de Rome (CEE), (Euratom)</s>
    <s>1986 : Acte unique européen</s>
    <s>1992 : Traité de Maastricht (TUE)</s>
    <s>1997 : Traité d'Amsterdam</s>
    <s>2001 : Traité de Lisbonne</s>
    <s>Droit communautaire dérivé : Règlement · Directive · Décision-cadre · Décision · Recommandation et avis ( TFUE, Art. )</s>
    <s>CJUE · Tribunal · Tribunal de la fonction publique</s>
    <s>Institutions de l'Union européenne</s>
    <s>Consacrées par les traités</s>
    <s>Parlement européen · Conseil européen · Conseil de l'Union européenne · Commission européenne · Cour de justice de l'Union européenne · Banque centrale européenne · Cour des comptes · ( TUE, Art. 13 1. )</s>
    <s>Autres organismes et organes</s>
    <s>Médiateur européen · Contrôleur européen de la protection des données · Banque européenne d'investissement · Comité des Régions · Comité économique et social européen ·</s>
    <s>Ordre juridique propre</s>
    <s>Règles spécifiques</s>
    <s>Autonomie · Principe de primauté · Principe de subsidiarité · Principe de proportionnalité · Effet direct</s>
    <s>Question préjudicielle · Recours en annulation · Recours en carence · Recours en manquement · Action en responsabilité</s>
    <s>Cette boîte : voir • disc. • mod.</s>
    <s>[modifier] Structure du traité</s>
    <s>[modifier] Préambule</s>
    <s>Le préambule rappelle les origines et les objectifs de l’Union. Il aborde notamment des éléments tels que l’approfondissement de l’intégration et de la solidarité entre les États membres et ses ressortissants (citoyenneté européenne). Il rappelle aussi l'importance de la diversité culturelle, ainsi que le respect des droits fondamentaux et le caractère démocratique des institutions de l’Union.</s>
    <s>Le préambule rappelle aussi les débuts économiques de l’Union en rappelant que l’Union a aussi pour objectif de renforcer l’économie de ses membres et d’en assurer la convergence, et de promouvoir le progrès économique.</s>
    <s>Cependant le préambule prend aussi en compte les données sociales et environnementales.</s>
    <s>Le préambule énonce aussi que l'Union vise à mettre en œuvre une politique étrangère et de sécurité commune notamment avec l’établissement progressif d’une politique de défense commune devant à terme mener à la mise en place d'une défense commune.</s>
    <s>[modifier] Titre premier : dispositions communes</s>
    <s>Le titre premier (articles premier à ) précise les principes fondamentaux qui fondent l'Union européenne :</s>
    <s>fondement juridique de l'Union (article premier) ;</s>
    <s>droits individuels (articles et ) ;</s>
    <s>principes de développement et de cohésion de l'Union (article ) ;</s>
    <s>respect des prérogatives des États membres (articles et ), notamment les principes de subsidiarité et de proportionnalité ;</s>
    <s>reconnaissance des droits fondamentaux et notamment de la Charte des droits fondamentaux, adhésion de l'Union à la Convention européenne des droits de l'homme (article ) ;</s>
    <s>procédure de sanction à l'égard d'un État membre (article ) ;</s>
    <s>relations entre l'Union et les pays voisins (article ).</s>
    <s>[modifier] Titre II : principes démocratiques</s>
    <s>Le titre II définit des principes de gouvernement reconnus par l'Union pour son fonctionnement :</s>
    <s>égalité des citoyens, citoyenneté européenne (article ) ;</s>
    <s>représentation des citoyens (Parlement européen) et des États (Conseil européen et Conseil de l'Union européenne), partis politiques européens (article ) ;</s>
    <s>participation des citoyens aux prises de décision, notamment par l'attribution du droit pour un million de citoyens de saisir la Commission européenne d'une question (article ) ;</s>
    <s>rôle des parlements nationaux dans le fonctionnement de l'Union (article ).</s>
    <s>[modifier] Titre III : institutions</s>
    <s>Le titre III définit les sept institutions de l'Union européenne et décrit les grandes lignes de leur fonctionnement :</s>
    <s>la liste des institutions : Parlement européen, Conseil européen, Conseil de l'Union européenne (appelé simplement « Conseil » dans le traité), Commission européenne, Cour de justice de l'Union européenne, Banque centrale européenne, Cour des comptes qui possèdent une compétence d'attribution, auxquelles sont ajoutées deux organismes consultatifs : le Comité économique et social européen et le Comité des régions (article ) ;</s>
    <s>le Parlement européen, composé de représentants des citoyens (article ) ;</s>
    <s>le Conseil européen, réunion des dirigeants des États (article ) ;</s>
    <s>le Conseil de l'Union européenne, qui rassemble des représentants des États au niveau ministériel (article ) ;</s>
    <s>la Commission européenne (article ) ;</s>
    <s>le haut représentant de l'Union pour les affaires étrangères et la politique de sécurité (article ) ;</s>
    <s>la Cour de justice de l'Union européenne (article ).</s>
    <s>Les modalités de fonctionnement de ces institutions sont précisées dans le traité sur le fonctionnement de l'Union européenne.</s>
    <s>[modifier] Titre IV : coopération renforcée</s>
    <s>Le titre IV comprend seulement l'article consacré à la procédure de coopération renforcée, qui permet à un nombre limité d'États membres de l'Union d'approfondir leur intégration, dans le cadre des compétences non exclusives de l'Union.</s>
    <s>[modifier] Titre V : action extérieure, PESC</s>
    <s>Le titre V représente à peu près la moitié du traité en longueur. Il précise en effet en détail les dispositions relatives :</s>
    <s>à l'action extérieure de l'Union : principes et rôle du Conseil européen (articles et ) ;</s>
    <s>à la politique étrangère et de sécurité commune (PESC) : principes, rôle et coordination des institutions, coordination entre les États sur la scène mondiale, coopération structurée permanente définition progressive d'une politique de défense commune, Agence européenne de défense (articles à ).</s>
    <s>[modifier] Titre VI : dispositions finales</s>
    <s>Le titre VI attribue à l'Union la personnalité juridique (article ).</s>
    <s>Il décrit la procédure de révision ordinaire et les procédures de révision simplifiées (article ). Il prévoit également l'adhésion de nouveaux membres à l'Union (article ), mais également de retrait (article ). Il donne aux protocoles et annexes des traités la même valeur qu'à ceux-ci (article ).</s>
    <s>Il précise enfin le champ d'application du traité dans l'espace () pour une durée illimitée (article ), ainsi que la procédure de ratification (article ) et la traduction du traité (article ).</s>
    <s>[modifier] Protocoles, annexes et déclarations</s>
    <s>Des protocoles, annexes et déclarations complètent le traité UE et le traité sur le fonctionnement de l'Union européenne. Les protocoles et annexes ont la même valeur juridique que le traité lui-même.</s>
    <s>Article détaillé : Protocoles, annexes et déclarations annexés aux traités constitutifs de l'Union européenne.</s>
    <s>[modifier] Le traité sur l'Union européenne avant l'entrée en vigueur du traité de Lisbonne</s>
    <s>[modifier] Structure du traité</s>
    <s>Le traité sur l'Union européenne contient huit titres :</s>
    <s>institution de l'Union européenne (titre I) ;</s>
    <s>modification du traité de Rome de 1957 qui institue la CEE, renommée en Communauté européenne (titre II) ;</s>
    <s>modification des traités instituant la CECA (titre III) et Euratom (titre IV) ;</s>
    <s>dispositions relatives à la politique étrangère et de sécurité commune (titre V) ;</s>
    <s>dispositions relatives à la coopération policière et judiciaire en matière pénale (titre VI) ;</s>
    <s>dispositions relatives aux coopérations renforcées (titre VII, introduit par le traité d'Amsterdam) ;</s>
    <s>dispositions finales (titre VIII).</s>
    <s>[modifier] Trois piliers</s>
    <s>Il marque la fondation de l'Union Européenne, définie comme reposant sur trois piliers :</s>
    <s>les Communautés européennes,</s>
    <s>la politique étrangère et de sécurité commune (PESC),</s>
    <s>la coopération policière et judiciaire en matière pénale.</s>
    <s>Le traité lance également l'Union économique et monétaire (UEM) devant conduire à la création de l'euro. Il modifie pour cela le traité instituant la Communauté économique européenne, qui devient alors le traité instituant la Communauté européenne.</s>
    <s>[modifier] Création de l'euro</s>
    <s>Le traité de Maastricht précise aussi les conditions du futur passage à la monnaie unique. Afin de permettre une certaine harmonie nécessaire à l’union monétaire, les européens décident de critères de convergence conditionnant pour chaque pays membre la possibilité d’intégrer l’union monétaire :</s>
    <s>le taux d’inflation ne doit pas excéder de plus de 1,5% celui des trois pays membres ayant les plus faibles taux d’inflation ;</s>
    <s>le déficit budgétaire doit être inférieur à 3% du PIB ;</s>
    <s>un endettement public inférieur à 60% du PIB ;</s>
    <s>les taux d’intérêts réels à long terme ne doivent pas excéder de 2% celui des trois pays membres ayant les plus faibles ;</s>
    <s>pas de dévaluation monétaire dans les deux années précédant l’intégration à l’union monétaire.</s>
    <s>Suite à la ratification du traité de Maastricht l'euro deviendra la monnaie de la France, en 1999 pour les marchés financiers puis en 2002 comme monnaie fiduciaire.</s>
    <s>[modifier] Processus de ratification en France</s>
    <s>Le avril , le Conseil constitutionnel indique qu'une révision de la Constitution est nécessaire pour permettre la ratification du traité.</s>
    <s>Le Parlement réuni en congrès adopte alors, le juin , une loi constitutionnelle qui crée un titre XV intitulé « Des communautés européennes et de l'Union européenne ». Le Conseil constitutionnel reconnaît dans une décision du 2 septembre la compatibilité de la Constitution ainsi révisée avec le traité.</s>
    <s>Un référendum autorise la ratification du traité le septembre . Avec une participation de 69,70 %, le « oui » l'emporte avec 51,05 % des suffrages exprimés.</s>
    <s>Article détaillé : Référendum sur le traité de Maastricht.</s>
    <s>Enfin le Conseil constitutionnel, dans une troisième décision rendue le 23 septembre, déclare qu'il ne peut, dans le cadre des attributions que lui confère la Constitution, contrôler l'autorisation de ratification, car celle-ci a été adoptée par référendum.</s>
    <s>Le traité est entré en vigueur le 1er novembre .</s>
    <s>[modifier] Modifications par rapport au traité de Rome de 1957</s>
    <s>CEE 1957/1958</s>
    <s>Les grandes lignes des modifications apportées par rapport au traité de Rome de 1957 sont indiquées dans l'article 3 :</s>
    <s>a) L'élimination entre les États membres des droits de douane et des restrictions quantitatives à l'entrée et à la sortie des marchandises,</s>
    <s>b) une politique commerciale commune,</s>
    <s>Traité de 1957 : l'établissement d'un tarif douanier commun et d'une politique commerciale commune envers les États tiers .</s>
    <s>c) un marché intérieur caractérisé par l'abolition, entre les États membres, des obstacles à la libre circulation des marchandises, des personnes, des services et des capitaux,</s>
    <s>Traité de 1957 : l'abolition, entre les États membres, des obstacles à la libre circulation des personnes, des services et des capitaux.</s>
    <s>d) des mesures relatives à l'entrée et à la circulation des personnes dans le marché intérieur conformément à l'article 100 C,</s>
    <s>e) une politique commune dans les domaines de l'agriculture et de la pêche,</s>
    <s>Traité de 1957 : seulement l'agriculture.</s>
    <s>f) une politique commune dans le domaine des transports,</s>
    <s>g) un régime assurant que la concurrence n'est pas faussée dans le marché intérieur,</s>
    <s>Suppression de l'ancien alinéa g) : l'application de procédures permettant de coordonner les politiques économiques des États membres et de parer aux déséquilibres dans leurs balances des paiements.</s>
    <s>h) le rapprochement des législations nationales dans la mesure nécessaire au fonctionnement du marché commun,</s>
    <s>i) une politique dans le domaine social comprenant un Fonds social européen,</s>
    <s>Traité de 1957 : la création d'un Fonds social européen, en vue d'améliorer les possibilités d'emploi des travailleurs et de contribuer au relèvement de leur niveau de vie.</s>
    <s>Nouveaux domaines apparus dans le traité UE:</s>
    <s>Recherche et développement technologique,</s>
    <s>Développement de réseaux transeuropéens,</s>
    <s>Niveau élevé de protection de la santé,</s>
    <s>Éducation et formation de qualité, culture,</s>
    <s>Politique dans le domaine de la coopération au développement,</s>
    <s>Association des pays et territoires d'outremer,</s>
    <s>Protection des consommateurs,</s>
    <s>Mesures dans les domaines de l'énergie, de la protection civile, et du tourisme.</s>
    <s>[modifier] Révisions du traité sur l'Union européenne</s>
    <s>Palais du gouvernement provincial du Limbourg en bord de Meuse à Maastricht, où fut signé le traité</s>
    <s>Le traité sur l'Union européenne a toujours été conçu comme la première étape d'un processus qui se poursuit encore. Ainsi l'article N du traité d'origine annonce qu'« une conférence des représentants des gouvernements des États membres sera convoquée en 1996 pour examiner, conformément aux objectifs énoncés aux articles A et B des dispositions communes, les dispositions du présent traité pour lesquelles une révision est prévue ».</s>
    <s>Cette conférence intergouvernementale, ouverte à Turin le 29 mars 1996, a produit le traité d'Amsterdam , signé le 2 octobre 1997 et entré en vigueur le 1er mai 1999. Ce traité procède à une renumérotation des articles du traité sur l'Union européenne. Pour faire face à l'agrandissement de l'Union, il invente la procédure de la « coopération renforcée », par laquelle certains États peuvent aller de l'avant dans la construction communautaire sans attendre les autres pays. Il programme également la mise en place d'un espace de liberté, de sécurité et de justice dans le cadre du troisième pilier.</s>
    <s>L'élargissement de l'Europe des Quinze à dix nouveaux pays demandait toutefois une réforme des institutions que le traité d'Amsterdam n'avait pas réalisée. C'est pourquoi une nouvelle conférence intergouvernementale, ouverte le 14 février 2000, a produit par le traité de Nice une nouvelle révision des traités européens. Ce traité étend le champ de la décision à la majorité et modifie la pondération des votes au sein du Conseil de l'Union européenne en instituant une double majorité : en voix et en population représentée.</s>
    <s>Encore une fois, le traité de Nice prévoit lui-même, dans une « déclaration relative à l'avenir de l'Union », que le Conseil européen devra poursuivre la réforme des institutions. Cette fois-ci, ce ne sera pas une conférence intergouvernementale mais une Convention sur l'avenir de l'Europe qui remet le 18 juillet 2003 un projet de traité établissant une Constitution pour l'Europe. Cette Constitution remplacerait le traité sur l'Union européenne et le traité instituant la Communauté européenne. Signé par les États membres de l'Union, le traité a vu toutefois son processus de ratification interrompu après son rejet par référendum en France et aux Pays-Bas au printemps 2005.</s>
    <s>Une partie des dispositions institutionnelles du traité constitutionnel ont été reprises dans le traité de Lisbonne, signé le décembre . Celui-ci est entré en vigueur le 1er décembre .</s>
    <s>Article détaillé : traité de Lisbonne.</s>
    <s>[modifier] Chronologie de l'Union européenne</s>
    <s>Article détaillé : Chronologie de l'Union européenne.</s>
    <s>Entrée en vigueur</s>
    <s>Nom du traité</s>
    <s>Traité de Bruxelles</s>
    <s>Traité de Paris</s>
    <s>Accords de Paris</s>
    <s>Traité de Rome</s>
    <s>Traité de fusion</s>
    <s>institution officieuse</s>
    <s>Acte unique européen</s>
    <s>Traité de Maastricht</s>
    <s>Traité d'Amsterdam</s>
    <s>Traité de Nice</s>
    <s>Traité de Lisbonne</s>
    <s>Les trois piliers de l'Union européenne</s>
    <s>Communautés européennes</s>
    <s>Communauté européenne de</s>
    <s>l'énergie atomique (Euratom)</s>
    <s>Communauté européenne du</s>
    <s>charbon et de l'acier (CECA)</s>
    <s>dissoute en 2002</s>
    <s>Union européenne (UE)</s>
    <s>Communauté économique</s>
    <s>européenne (CEE)</s>
    <s>Communauté européenne (CE)</s>
    <s>Justice et affaires intérieures (JAI)</s>
    <s>Coopération policière et judiciaire en matière pénale (CPJMP)</s>
    <s>Coopération politique européenne (CPE)</s>
    <s>Politique étrangère et de sécurité commune (PESC)</s>
    <s>d'abord inactive</s>
    <s>Union de l'Europe occidentale (UEO)</s>
    <s>dissoute en 2011</s>
    <s>[modifier] Sources</s>
    <s>[modifier] Références</s>
    <s>1. ↑ Décision n° 92-308 DC du 09 avril 1992.</s>
    <s>2. ↑ Décision n° 92-312 DC du 02 septembre 1992.</s>
    <s>3. ↑ Décision n° 92-313 DC du 23 septembre 1992.</s>
    <s>4. ↑ Traité sur l'Union européenne, version d'origine publiée au Journal officiel du 29 juillet 1992.</s>
    <s>5. ↑ Traité d'Amsterdam, version publiée au Journal officiel n° C 340 du 10 novembre 1997.</s>
    <s>6. ↑ Traité sur l'Union européenne, articles 43 à 45. Voir aussi une présentation de la coopération renforcée sur SCADPlus.</s>
    <s>7. ↑ Traité sur l'Union européenne, version actuellement en vigueur (Journal officiel du 24 décembre 2002).</s>
    <s>[modifier] Compléments</s>
    <s>[modifier] Liens internes</s>
    <s>Traité instituant la Communauté européenne</s>
    <s>Référendum sur le traité de Maastricht</s>
    <s>Traité de Lisbonne</s>
    <s>Union européenne</s>
    <s>[modifier] Liens externes</s>
    <s>Sur les autres projets Wikimedia :</s>
    <s>« Traité sur l'Union européenne (après entrée en vigueur du traité de Lisbonne) », sur Wikisource (bibliothèque universelle)</s>
    <s>Le texte du traité sur l'Union européenne :</s>
    <s>Version du traité intégrant les modifications apportées par le traité de Lisbonne (portail de l'Union européenne).</s>
    <s>Version consolidée du traité sur l'Union européenne (2009, iPhone / iPod Touch) (non officielle)</s>
    <s>Anciennes versions :</s>
    <s>PDF Version consolidée du traité sur l'Union européenne avant l'entrée en vigueur du traité de Lisbonne, publiée au Journal officiel du 29 décembre 2006 (portail de l'Union européenne)</s>
    <s>Traité de Maastricht (version d'origine, Journal officiel du 29 juillet 1992)</s>
    <s>Portail du droit</s>
    <s>Portail de l’Union européenne</s>
    <s>Ce document provient de « http://fr.wikipedia.org/w/index.php?title=Trait%C3%A9 sur l%27Union europ%C3%A9enne&amp;oldid=69813526 ».</s>
    <s>Traité de l'Union européenne</s>
    <s>Catégories cachées :</s>
    <s>Portail:Droit/Articles liés</s>
    <s>Portail:Union européenne/Articles liés</s>
    <s>Portail:Europe/Articles liés</s>
    <s>Outils personnels</s>
    <s>Créer un compte ou se connecter</s>
    <s>Espaces de noms</s>
    <s>Afficher l’historique</s>
    <s>Portails thématiques</s>
    <s>Index alphabétique</s>
    <s>Article au hasard</s>
    <s>Contacter Wikipédia</s>
    <s>Premiers pas</s>
    <s>Modifications récentes</s>
    <s>Faire un don</s>
    <s>Imprimer / exporter</s>
    <s>Créer un livre</s>
    <s>Télécharger comme PDF</s>
    <s>Version imprimable</s>
    <s>Boîte à outils</s>
    <s>Pages liées</s>
    <s>Suivi des pages liées</s>
    <s>Importer un fichier</s>
    <s>Pages spéciales</s>
    <s>Adresse de cette version</s>
    <s>Citer cette page</s>
    <s>Autres langues</s>
    <s>Dernière modification de cette page le 17 septembre 2011 à 19:37.</s>
    <s>Droit d'auteur : les textes sont disponibles sous licence Creative Commons paternité partage à l’identique ; d’autres conditions peuvent s’appliquer. Voyez les conditions d’utilisation pour plus de détails, ainsi que les crédits graphiques. En cas de réutilisation des textes de cette page, voyez comment citer les auteurs et mentionner la licence.</s>
    <s>Wikipedia® est une marque déposée de la Wikimedia Foundation, Inc., organisation de bienfaisance régie par le paragraphe 501(c)(3) du code fiscal des États-Unis.</s>
    <s>Politique de confidentialité</s>
    <s>À propos de Wikipédia</s>
    <s>Affichage mobile</s>
    <s>*[PDF]: Document au format Portable Document Format (PDF) d'Adobe</s>
    <s>*1er: Premier</s>
    <s>*voir: Voir ce modèle.</s>
    <s>*mod.: Modifier ce modèle. Merci de prévisualiser avant de sauvegarder.</s>
    <s>*disc.: Discussion sur ce modèle.</s>
  </text>
</page>
