<?xml version="1.0" encoding="UTF-8"?>
<!DOCTYPE page SYSTEM "page.dtd">
<page>
  <lang>fr</lang>
  <url>http://angellier.biblio.univ-lille3.fr/etudes_recherches/presentation_memoires.html</url>
  <title>Travaux de recherche : présentation des mémoires de maîtrise</title>
  <snippet>
    <s>Edward Burne-Jones, The Arming of Perseus, 1877, Southampton Art Gallery, . maîtrise, autre que la virgule et le point final, est rejeté à l&#39;extérieur des guillemets : Convention de présentation des références issues d&#39;une pièce de théâtre </s>
  </snippet>
  <text>
    <s>Memoire presente en vue de la validation de la premiere annee de</s>
    <s>Master Arts, Lettres, Langues et Communication,</s>
    <s>Mention Langues, Cultures et Interculturalite</s>
    <s>Specialite Études Anglophones</s>
    <s>Prenom NOM</s>
    <s>UNIVERSITCHARLES-DE-GAULLE - LILLE III</s>
    <s>UFR ANGELLIER</s>
    <s>PRENTATION des memoires (ou &quot;notes de recherche&quot;) de Master</s>
    <s>Avertissement : Il faut toujours consulter le directeur de recherche qui est LA personne habilitonner son avis sur la prntation des travaux de recherche. Il faut systtiquement lui demander quelle est sa preference en ce qui concerne toutes les informations donn entre crochets - ce sont des variantes possibles - dans ce document. (Certaines normes sont en mutation. c'est le cas notamment pour la presentation des noms des auteurs, en lettres capitales ou non, cites dans les bibliographies : demander au directeur de recherche s'il prefere les noms en majuscules, l'emploi des minuscules tendant a se generaliser).</s>
    <s>Attention : les normes franses diffnt lrement des normes anglo-saxonnes . Les normes franses correspondent aux travaux de recherche rgen frans, et avant tout aux travaux scientifiques. Le service de Lille 3 intitule &quot;Atelier National de Reproduction des Theses&quot; (Maison de la Recherche) peut vous fournir la feuille de style permettant de presenter facilement, et selon les normes françaises, les theses, tout en etant applicable aux autres travaux de recherche ; cette feuille de style est systematiquement proposee aux etudiants qui s'inscrivent en these (voir copie d'ecran qui donne une idee de ce que propose la feuille de style).</s>
    <s>Pour ceux qui presentent leur memoire en français , il est utile de lire le GUIDE destine aux doctorants , puisque les theses sont redigees en français. + References bibliographiques&quot; selon les normes françaises + page Web : http://crdp.ac-bordeaux.fr/documentalistes/formation documentaire/z44005.asp + document ici. Suggestion : consulter des theses en ligne comme modeles (pas forcement fiables) : http://www.univ-lille3.fr/fr/recherche/publications/theses-en-ligne/.</s>
    <s>Ponctuation et regles de typographie : la ponctuation anglaise presente des differences par rapport a la ponctuation française ; nous vous conseillons la lecture (a la fois instructive et tres amusante) du Eats, Shoots and Leaves de Lynne Truss (nombreuses editions, dont : Profile Books, 2005). Consulter la page de ce site : http://angellier.biblio.univ-lille3.fr/ressources/ponctuation.html.</s>
    <s>Glaner aussi des informations sur la page consacre aux theses dans ce site : http://angellier.biblio.univ-lille3.fr/etudes recherches/theses.htm.</s>
    <s>(et pour votre recherche, les liens selectionnes par les bibliotheques universitaires : /http://www.signets-universites.fr/fr/).</s>
    <s>Gossaire de termes typographiques et linguistiques : http://alis.isoc.org/glossaire/index.html (site BABEL : http://alis.isoc.org/index.html ).</s>
    <s>SOMMAIRE :</s>
    <s>1 - Format et prntation</s>
    <s>2 - Couverture et page de titre</s>
    <s>3 - Composition de la note de recherche</s>
    <s>4 - Illustrations et cartes</s>
    <s>5 - Tables des matis</s>
    <s>6 - Notes de bas de pages</s>
    <s>7 - Numtation des pages</s>
    <s>8 - Ponctuation et abreviations</s>
    <s>9 - Prntation des titres</s>
    <s>10 - Mots en langue ang</s>
    <s>11 - Citations</s>
    <s>12 - Citations d'un po</s>
    <s>13 - Citation courte de deux vers, incorpordans le texte du mire</s>
    <s>14 - Convention de prntation des rrences issues d'une pi de thre</s>
    <s>15 - Notes</s>
    <s>16 - Bibliographie</s>
    <s>17 - Contribution ne monographie</s>
    <s>18 - Congr dans la bibliographie</s>
    <s>19 - Ths dans la bibliographie</s>
    <s>20 - Index</s>
    <s>21 - Soutenance de la &quot;Note de recherche&quot;</s>
    <s>22 - Annexe (travail en linguistique)</s>
    <s>23 - Mires de linguistique</s>
    <s>24 - Citer un document ctronique</s>
    <s>25 - CD-Rom dans la bibliographie</s>
    <s>26 - Documents ctroniques sur plus d'un support dans la bibliographie</s>
    <s>27 - Bases de donn en ligne dans la bibliographie</s>
    <s>28 - Documents Internet dans la bibliographie</s>
    <s>Format et prntation</s>
    <s>- Le texte doit e tape prrence sur traitement de texte. Il doit e justifimarges rlis).</s>
    <s>- Format A4 (21cm x 29,7cm).</s>
    <s>- Taille des caracts : 12 points, si l'on utilise CG Times ou Times New Roman (polices conseill), et 11, dans ce cas, pour les citations sorties du texte (avec interligne simple). Pour les notes dch du texte, de preference rire la taille des caracts (0 si 12 pour le texte), voir plus loin.</s>
    <s>- Interligne : deux ou un interligne et demi.</s>
    <s>- Marges : 3,5 cm auche et 2 cm roite ; en cas de reliure encoll l'espace de gauche peut e rit ,5 ou 2 cm, et celui de droite augment ,5 cm.</s>
    <s>2 cm en haut</s>
    <s>2,5 cm en bas.</s>
    <s>Alinea en debut de paragraphe (= retrait a marge) : 1,5 cm ou 1 cm en dt de chaque paragraphe (on peut inserer la longueur du retrait desire dans le style &quot;Normal&quot; de Word par Format/Style/Modifier/Format/Paragraphe/Retrait/Gauche).</s>
    <s>- Recto simple (sur papier de grammage supeur ou l 0 g.).</s>
    <s>- Longueur moyenne d'un mire : entre 80 et 120 pages.</s>
    <s>- Les nouvelles conventions typographiques permettent de placer des accents (et des signes diacritiques) sur les majuscules (Insertion/Caracteres speciaux).</s>
    <s>Couverture et page de titre</s>
    <s>- Couverture rigide dessus et dessous.</s>
    <s>- Page de titre identique a couverture. Doivent apparae :</s>
    <s>a) le nom de l'universit</s>
    <s>b) le titre en majuscules, suivi du sous-titre ntuel.</s>
    <s>c) la mention suivante : &quot;Memoire prnten vue de la validation de la premiere annee de Master Langues, Cultures et Interculturalite en vue de l'obtention du Master 1 (ou, pour les Master 2, &quot;Note de recherche&quot; a la place de &quot;Memoire&quot;) . Puis le nom du candidat, qui est en majuscules, et le prm en minuscules : prm suivi du nom (pour les femmes mari, utiliser le nom patronymique, suivi ntuellement du nom de femme mari; la mention &quot;use&quot; ou &quot;nquot; ne doit pas apparae).</s>
    <s>( hierarchisation des informations par des tailles de caractere differentes, en 12, 14 et 16, comme dans l'exemple fourni ci-dessus, en particulier pour le M1 du parcours professionnel &quot;metiers di lexique et de la traduction&quot;, pour lequel on ajoute : Specialisation Metiers du Lexique et de la Traduction (taille de caractere 16).</s>
    <s>d) le nom du directeur de recherche introduit par la mention &quot;Directeur de recherche&quot; ou Sous la direction de </s>
    <s>e) la date de la soutenance : mois + ann</s>
    <s>Pour une these, on indique :</s>
    <s>pour l'obtention du grade de DOCTEUR D'UNIVERSITÉ</s>
    <s>Mod de prntation de page de titre (et de &quot;premi de couverture&quot;) :</s>
    <s>UNIVERSITCHARLES-DE-GAULLE - LILLE III</s>
    <s>ou seulement UNIVERSITCHARLES-DE-GAULLE</s>
    <s>UFR ANGELLIER</s>
    <s>H. P. Lovecraft :</s>
    <s>A Study in Fear</s>
    <s>Memoire presente en vue de la validation de la premiere annee de</s>
    <s>Master Arts, Lettres, Langues et Communication,</s>
    <s>Mention Langues, Cultures et Interculturalite</s>
    <s>Specialite Etudes Anglophones</s>
    <s>[par ( ce &quot;par&quot; est facultatif)</s>
    <s>Fiona UNTEL</s>
    <s>mois ou Mois ann Directeur : .</s>
    <s>Directeur de recherche : .</s>
    <s>Sous la direction de </s>
    <s>suivi, selon le cas, de Madame Prenom NOM</s>
    <s>Monsieur Prenom NOM</s>
    <s>Madame le Professeur Prm NOM</s>
    <s>Monsieur le Professeur Prm NOM</s>
    <s>(le cas echeant, si l'on indique le grade de l'enseignant, on peut avoir a ajouter : MCF habilite )</s>
    <s>Composition de la note de recherche :</s>
    <s>page de titre/couverture</s>
    <s>page blanche</s>
    <s>page de titre rt</s>
    <s>TABLE OF CONTENTS</s>
    <s>TABLE OF ILLUSTRATIONS</s>
    <s>PARTS (each one is divided into chapters)</s>
    <s>SELECTED BIBLIOGRAPHY</s>
    <s>LIST OF FILMS</s>
    <s>INDEX (nominum et rerum a fois, et non deux index srcomme pour une th)</s>
    <s>page blanche</s>
    <s>Avant l'introduction, avant chaque partie, avant la conclusion, etc., insr une page ordinaire, de couleur blanche, comportant exclusivement le titre de la rubrique (le num de page n'apparapas mais la page compte dans la pagination globale de la Note de recherche).</s>
    <s>(Retour au sommaire)</s>
    <s>Illustrations et cartes</s>
    <s>Inter de prrence les photographies, les cartes, les graphiques, les dessins, etc. dans le corps du Mire de maise. Faire une table des illustrations.</s>
    <s>Indiquer les sources d'obtention des illustrations sur la page oes se trouvent.</s>
    <s>Chaque illustration doit e paginen chiffres romains, ou, selon les normes anglo-saxonnes, conformnt 'exemple suivant : Fig. 1.</s>
    <s>ex. Fig. 3. Mary Cassatt, Mother and Child , Wichita Art Museum, Wichita.</s>
    <s>Fig. 1. Edward Burne-Jones, The Arming of Perseus , 1877, Southampton Art Gallery, in Andrea Rose, The Pre-Raphaelites (Oxford: Phaidon, 1981).</s>
    <s>Attention ,</s>
    <s>presentations differentes pour les references bibliographiques et les notes de bas de page :</s>
    <s>prntation pour la bibliographie --&gt; Burne-Jones, Edward. The Arming of Perseus . Southampton Art Gallery. Illus. 45 in The Pre-Raphaelites. By Andrea Rose. Oxford: Phaidon, 1981. n. pag. (1)</s>
    <s>prntation pour la note de bas de page--&gt; Edward Burne-Jones, The Arming of Perseus, 1877, Southampton Art Gallery, illus. 45 in The Pre-Raphaelites , by Andrea Rose (Oxford: Phaidon, 1981).</s>
    <s>Table des matis (Table of Contents)</s>
    <s>La table des matis est placen dt de document, aprla page de titre. C'est la liste des titres de parties et de chapitres (divisions et subdivisions avec leur num), accompagnde leurs nums de page. Elle sera accompagn s'il y a lieu, d'une liste des illustrations. La liste des documents plac en annexe au mire doit e donna fin de la table des matis. Le nombre de volumes et le matel d'accompagnement (disquettes, multima, CD-ROM, etc.) doivent e indiquaprla mention des annexes.</s>
    <s>Cette table des matis pourra e suivie d'une liste des abrations couramment employ dans le texte ou dans les notes. Le nombre de ces abrations doit e aussi limitue possible.</s>
    <s>Mettre l'article au dt de chaque titre.</s>
    <s>&gt;&gt; The Confirmation of the Growth of</s>
    <s>&gt;&gt; A Study in Fear.</s>
    <s>(Retour au sommaire)</s>
    <s>Notes de bas de page (foot-notes)</s>
    <s>Les notes explicatives sont donn en bas de page (dans Word : Insertion/Note). Prrer les notes de bas de page elles regroup en fin d'ouvrage (end-notes). La directive du MLA Handbook stipule une numerotation continue : &quot;Number notes consecutively, starting from 1, throughout a research paper Do not number them by page &quot;. Voir plus loin le dil de leur prntation.</s>
    <s>Numtation des pages</s>
    <s>La pagination doit commencer dla page de titre (la couverture ne compte pas), bien que n'y nt pas apparente. Elle doit e continue sur l'ensemble du travail, englobant annexes, illustrations, tableaux, bibliographie, etc. Le num de page est en bas de la feuille, au milieu, ou en haut, au centre, ou en haut roite. Quand les illustrations sont sur la page de droite, elles comptent dans la pagination mais le chiffre n'est pas apparent.</s>
    <s>Ponctuation et abreviations</s>
    <s>Ponctuation : attention, si les systs anglais et frans prntent de grandes ressemblances, il existe cependant entre eux de notables diffnces en ce qui concerne, en particulier, l'usage des deux points et des tirets.</s>
    <s>Cf. en haut de la page la reference au livre de Lynne Truss.</s>
    <s>Les res concernant la fa de couper les mots varient considblement d'une langue 'autre (cf. dictionnaires de &quot;hyphenation&quot;).</s>
    <s>- Ne pas mettre de guillemets quand il s'agit d'insister sur une rexion personnelle : utiliser des italiques ou faire ressortir la rexion par un moyen rhrique.</s>
    <s>- Il n'y a jamais d'espace avant un point ou une virgule , et jamais non plus entre les guillemets et le mot qu'ils enserrent. En anglais, les signes &quot;doubles&quot; (; : !) sont collau mot qu'ils suivent et sont suivis de l'espace que l'on trouve aussi en frans. Le frans exige l'espace avant et aprces signes &quot;doubles&quot; .</s>
    <s>- Guillemets anglais --&gt; &quot;book&quot; ou 'book' ou &quot;book&quot;.</s>
    <s>Abreviations possibles :</s>
    <s>CNRS ou CNRS</s>
    <s>Centre National de la Recherche Scientifique</s>
    <s>Franc (et non pas Fr.)</s>
    <s>ms., mss</s>
    <s>manuscrit, manuscrits</s>
    <s>n / nos</s>
    <s>p. / pp.</s>
    <s>page ou pages</s>
    <s>traduction, traduit</s>
    <s>XVIIIe sie</s>
    <s>(utilisez des petites majuscules)</s>
    <s>15 %</s>
    <s>15 pour cent</s>
    <s>Abreviations de locutions a utiliser tres moderement :</s>
    <s>confer (comparez avec = voir)</s>
    <s>et al.</s>
    <s>et alii (et d'autres)</s>
    <s>ibidem (au m endroit)</s>
    <s>idem (le m)</s>
    <s>infra (ci-dessous, plus bas)</s>
    <s>loc. cit.</s>
    <s>loco citato (dans la m oeuvre, sur la m page)</s>
    <s>op. cit.</s>
    <s>opere citato (dans la m oeuvre, sur une autre page)</s>
    <s>supra (ci-dessus, plus haut)</s>
    <s>Prntation des titres</s>
    <s>Le titre d'un ouvrage cite est celui pris sur la page de titre (se mefier de la couverture du livre et de la page de&quot; faux-titre&quot; : la page de titre est celle qui comporte en general a la fois le titre, le nom de l'auteur, et souvent le nom de l'editeur commercial, la date de publucation, etc.)</s>
    <s>- les titres d'uvres et d'ouvrages doivent e en italiques.</s>
    <s>- les titres d'articles critiques se placent entre guillemets selon les normes anglo-saxonnes (les normes franses ne les utilisent plus dans ce cas. Le titre du periodiques est en italiques).</s>
    <s>- les titres de pos (ou de nouvelles, contes, etc.) se mettent entre guillemets, lorsqu'ils font partie d'un recueil, d'une anthologie, c'est-ire, non publisrnt, individuellement.</s>
    <s>- l'emploi des majuscules dans les titres (anglais, frans, latin ) respecte l'usage de la langue utilis(&gt;&gt; Shakespeare and the Idea of the Play mais &gt;&gt; L'aventure chevaleresque : id et ritans le roman courtois ). En frans, on peut maintenir ou non une capitale aprl'article dni pour le premier mot du titre du document, de la monographie ou du podique (suivre l'avis du directeur de recherche).</s>
    <s>Mots en langue ang (mots latins, etc.) :</s>
    <s>en italique &gt;&gt; a priori, a posteriori, ex libris</s>
    <s>Distinguer les citations brs (longueur ne dssant pas en gral trois lignes) des citations longues (artir de quatre lignes de prose et artir de trois vers). Les premis sont incorpor au texte et sont ouvertes et ferm par des guillemets. Utiliser des guillemets simples l'inteur d'une citation si le passage citenferme lui aussi des guillemets.</s>
    <s>En anglais, la ponctuation de la fin de la citation reste logiquement inchangET elle reste 'inteur des guillemets si elle fait partie elle-m du document cit- ceci est lement vrai pour toute la ponctuation inteure du document original :</s>
    <s>ex. &quot;What a wonderful little almanac you are, Celia !&quot;</s>
    <s>MAIS, ATTENTION cette &quot;closing punctuation&quot; dnd de l'endroit oxtrait citpparadans votre phrase. Par exemple, la phrase : &quot;You've got to be carefully taught.&quot; : il faut remplacer le point final par le signe de ponctuation appropriu nouveau contexte (dans le cas du ? ou duon garde la ponctuation originale) , ce qui donne dans la phrase suivante :</s>
    <s>&quot;You've got to be carefully taught,&quot; wrote Oscar Hammerstein II about how racial prejudice is perpetuated.</s>
    <s>Le frans tend upprimer le point, sans le remplacer par un autre signe de ponctuation.</s>
    <s>Lorsqu'on termine la portion de phrase qui contient la citation</s>
    <s>a) le signe de ponctuation qui fait partie du texte original dont la citation est extraite reste 'inteur des guillemets a fin de la citation (avec ou sans modification dndant de l'endroit oxtrait citst apparu dans votre phrase. Voir plus haut)</s>
    <s>b) le signe de ponctuation choisi par l'auteur du mire de maise, autre que la virgule et le point final, est rejet l'exteur des guillemets :</s>
    <s>Did he attack &quot;taxation without representation&quot; ?</s>
    <s>Dans tous les cas, SI une rrence est introduite entre parenths a fin de la citation, le point final est rejetprla rrence :</s>
    <s>N. Scott Momaday's House Made of Dawn begins with an image that also concludes the novel : &quot;Abel was running &quot;(17).</s>
    <s>Citations longues : elles sont dch du texte (pas de guillemets), dactylographi avec un simple ou 1,5 interligne, avec une marge plus grande que celle du texte lui-m (dlage de 1,5 cm environ), et la taille des caracts peut e diminu(cf. p. 1).</s>
    <s>Les rrences dill du passage citsource) sont indiqu en bas de page avec renvoi ne note.</s>
    <s>Citations tronqu</s>
    <s>1) Normes franses :</s>
    <s>Lorsqu'on raccourcit une citation, on marque les passages couppar trois points et si l'on incorpore au passage cites modifications de nature n faciliter la comprnsion, on indique cette modification entre crochets, ex. :</s>
    <s>&quot;Art. L.122-5 Lorsque l'uvre a divulgupar exemple quand un livre a t l'auteur ne peut interdire : 2 Les copies ou reproductions strictement rrv 'usage privu copiste et non destin une utilisation collective &quot;</s>
    <s>2) Normes de la MLA :</s>
    <s>When you wish to omit a word, phrase, sentence, or paragraph from a quoted passage, you should be guided by two principles: (1) fairness to the author quoted and (2) the grammatical integrity of your own writing. If you quote only a word or a phrase, it will be obvious that you have left out some of the original sentence.</s>
    <s>Le MLA handbook preconise l'utilisation de crochets afin de bien distinguer les extraits du texte ce que vous avez otes volontairement du passage cite (= your ellipses) des points de suspension (= spaced periods) qui apparaissent parfois dans le texte a citer. La mise entre crochets des points de suspension souligne le fait que la coupure n'a pas ete voulue par l'auteur. En anglais, espace entre les points ; en français les points se suivent sans espace entre eux.</s>
    <s>Exemple 1 : [Dt du texte &quot;blabla^.^.^.&quot; . (2)</s>
    <s>- cette citation n'est pas suivie d'un renvoi aux pages concern.</s>
    <s>- le point collu dernier mot est celui de fin de phrase (sentence period).</s>
    <s>Exemple 2 : Dt de texte &quot;blabla^.^.^.&quot; (101-02).</s>
    <s>- le point collux parenths est celui de fin de phrase.</s>
    <s>Exemple 3 : Dt de texte &quot;blabla. ^.^.^. blabla&quot; suite du texte</s>
    <s>- le point collu premier mot de cet exemple est celui de fin de phrase.</s>
    <s>Note : Le petit signe ^ correspond n espace.</s>
    <s>Citations d'un po</s>
    <s>Exemple 1. Omission d'un vers ou plus.</s>
    <s>Extrait de &quot;A Good Knight in Prison&quot; de William Morris.</s>
    <s>This castle where I dwell, it stands</s>
    <s>A long way off from Christian lands,</s>
    <s>. . . . . . . . . . . . . . . . . . . . . . . .</s>
    <s>A long way off the aspen trees,</s>
    <s>And murmur of the lime-bees. (1-2, 4-5)</s>
    <s>Exemple 2. Omission a fin de l'extrait cit</s>
    <s>This castle where I dwell, it stands</s>
    <s>A long way off from Christian lands,</s>
    <s>A long way off my lady's hands,</s>
    <s>A long way off the aspen trees. . . . (1-4)</s>
    <s>Citation courte de deux vers, incorpordans le texte du mire :</s>
    <s>mettre une barre oblique (espace avant et aprle signe) entre chaque vers.</s>
    <s>noter : lorsque la citation choisie n'est pas de premi main, mais qu'il s'agit d d'une citation rapportpar une autre personne, qui, elle, n'en a pas donn'origine, il faut l'indiquer. Dans le cas contraire, donner l'origine de la citation (&quot;quoted in&quot;). Quand l'auteur de la citation est une personne peu connue ou pas connue du tout, indiquer ce qu'elle est, si on le sait (philosophe, historien, etc.). Si on ne le sait pas, le prser.</s>
    <s>Convention de prntation des rrences issues d'une pi de thre</s>
    <s>Exemple pour l'Acte 2, sc 7, vers 109-110 &gt;&gt;</s>
    <s>2.7.109-10 (normes MLA)</s>
    <s>II.7.109-10 (normes franses)</s>
    <s>(Retour au sommaire)</s>
    <s>Attention, la prntation interne des notes est diffnte de celle des entr de la bibliographie .</s>
    <s>Rappel : les notes sont tapees avec un interligne simple.</s>
    <s>Mettre une majuscule en dt de note.</s>
    <s>Typographiquement, les notes sont justifi, tout comme le texte.</s>
    <s>Le num de l'appel de note est **apr/b&gt; la ponctuation :</s>
    <s> blablabla.(3) .blablablabla.(3)</s>
    <s>L'usage est de numter les notes artir de 1 dans chaque chapitre. Lorsque l'on renverra ne note, il faudra donc donner le chapitre et/ou la page oe figure.</s>
    <s>Le num des notes de bas de page est mis en exposant quand le traitement de texte le permet.(3)</s>
    <s>Contenu des notes :</s>
    <s>- Lorsque le nom de l'auteur est d donnans le texte, le citer ouveau dans la note de bas de page et le faire suivre du titre de l'ouvrage, puis des autres indications (tion), avec la rrence a page ou aux pages d'o tirla citation.</s>
    <s>- Dans la note, faire prder les rrences d'une indication telle que see, si l'on renvoie ne ou lusieurs pages de la note de recherche.</s>
    <s>&gt;&gt;&gt; Dans la note, le prm de l'auteur est placvant le nom, qui est srar un point du titre de l'ouvrage selon les normes franses et par une virgule selon les normes MLA. Les faire suivre des rrences de l'tion plac dans des parenths, suivies des nums de pages (sans l'abration p.). Exemple MLA &gt;&gt; 1- Northrop Frye, Anatomy of Criticism: Four Essays (Princeton: Princeton UP, 1957) 52.</s>
    <s>Rrences qui se suivent :</s>
    <s>Voir la MLA (Subsequent references) : After fully documenting a work, use a shortened reference in subsequent notes. As in parenthetical references, include enough information to identify the work. The author's last name alone, followed by the relevant page number or numbers, is usually adequate.</s>
    <s>Exemple &gt;&gt; (4) Frye 345-47.</s>
    <s>If you cite two or more works by the same author--for example Northrop Frye's Anatomy of Criticism and his Critical Path --include a shortened form of the title following the author's last name in each reference after the first.</s>
    <s>Exemples &gt;&gt; (8) Frye, Anatomy 278. &gt;&gt; (9) Frye, Critical Path 1-3.</s>
    <s>(Retour au sommaire)</s>
    <s>Les documents citdans le corps du texte ou donncomme information bibliographique supplntaire sont ms dans une liste appel &quot;Bibliographie&quot;.</s>
    <s>Le candidat prntera les diffntes sources auxquelles il a eu recours de mani claire, cohnte, ordonnet conforme aux usages de la discipline, que son directeur de recherche pourra lui indiquer. Il peut aussi prendre conseil auprdu personnel de la bibliothe.</s>
    <s>Il faut distinguer les sources primaires des sources secondaires ; le classement des sources primaires se fait chronologiquement et celui des sources secondaires alphabquement.</s>
    <s>On distinguera la bibliographie de l'auteur (ou des auteurs) - c'est-ire les uvres de l'auteur - de la bibliographie critique, c'est-ire l'ensemble des ouvrages utiliset qui traitent de l'auteur, des auteurs ou de la question di La bibliographie de l'auteur correspond aux &quot;sources primaires&quot;, donc on utilise l'ordre chronologique. On y entre les uvres par rubriques (genres littires : prose, thre, etc.).</s>
    <s>Novels, Stories and Other Prose</s>
    <s>Uncollected Short Stories</s>
    <s>Dramatic Works</s>
    <s>Il existe aussi la bibliographie synthque ou raisonn/b&gt; : elle groupe les ouvrages critiques sous diffntes rubriques (biographie, ths de la nature, de l'amour, de la mort, etc.). Bibliographie synthque = sources secondaires &gt;&gt; entr class par ordre alphabque.</s>
    <s>La bibliographie doit permettre au lecteur de retrouver le document signalLa prntation et la ponctuation peuvent varier selon les usages en vigueur dans les disciplines, mais l'ensemble doit e cohnt, prs, lisible. Chaque ment doit e nettement sre l'ment suivant. La m prntation doit e suivie tout au long de la publication.</s>
    <s>Trimportant : la bibliographie peut e prntselon la norme anglo-saxonne de la MLA (= Modern Language Association of America : consulter le MLA Handbook for Writers of Research Papers ) ou ntuellement selon la norme franse (norme AFNOR Z 44-005).</s>
    <s>Pour l'adoption de l'une ou de l'autre norme, voir avec le directeur de recherche.</s>
    <s>ENTRÉES bibliographiques</s>
    <s>1) Selon les normes MLA, il faut mettre deux espaces entre chaque &quot;zone&quot; (&quot;item&quot;) des entr bibliographiques (Auteur, Titre, Mention d'tion, &quot; Adresse &quot;, &quot; Collation &quot;) --&gt;</s>
    <s>Hyde, Margaret O., and Elizabeth Held Forsyth. Suicide: The Hidden Epidemic. Rev.ed. New York: Watts, 1986. 220 pp.</s>
    <s>2) Auteurs.</s>
    <s>Lorsqu'il y a plusieurs noms d'auteurs pour un ouvrage, il est parfois admis de ne pas les indiquer tous. Dans ce cas, lorsqu'un ou plusieurs noms sont omis, l'abration &quot; et al. &quot; ( et alii , expression latine pour &quot;et autres&quot;) est ajoutaprle dernier nom.</s>
    <s>Exemple &gt;&gt; Harkins, William A., et al.</s>
    <s>Toutefois, il est prrable d'ter toute omission.</s>
    <s>Si le nom de l'auteur ou de la collectivitesponsable d'une oeuvre n'appara pas dans le document, et ne peut pas e drmine fa certaine artir d'autres sources, cet ment doit e omis et le titre doit figurer en premier dans la rrence. Le terme &quot; anonyme &quot; (ou &quot; Anon. &quot;) ne doit pas e utilisomme un substitut du nom d'un auteur inconnu.</s>
    <s>Exemple &gt;&gt; .. Encyclopaedia Virginia . New York: Somerset, 1993.</s>
    <s>noter que pour le classement alphabque dans la liste bibliographique, l'article de dt de titre (s'il existe) ne compte pas bien qu'il soit mentionn</s>
    <s>3) Titres et sous-titres</s>
    <s>En anglais, sauf avis contraire, on met une majuscule haque dt de mot dans les titres, et dans les sous-titres (= ous les mots &quot;importants&quot;, donc pas de majuscule aux articles et aux mots vides) car l'utilisation des majuscules doit e conforme 'usage de la langue ou de l'iture dans laquelle l'information est donn</s>
    <s>4) Zone de l'edition.</s>
    <s>Mentionner si modification par rapport a la 1ere edition, selon les informatrions apportees par le document</s>
    <s>(Rev. Ed ; Expanded ed. ; 2nd ed. ; Abrd. Ed ; 5th ed.)</s>
    <s>5) Publication : adresse bibliographique et description physique (collation)</s>
    <s>Si la source indique plusieurs lieux de publication, on transcrit celui qui est le plus en dence. Si les noms de lieux ont la m importance, on reproduit le premier.</s>
    <s>Si aucun lieu de publication n'apparadans la source, on remplace le nom de lieu par une expression comme Lieu de publication inconnu ou une abration ivalente : S.l. pour Sine loco = sans lieu.</s>
    <s>Si la source indique plusieurs noms d'teurs, (il s'agit le l'teur commercial ou &quot;publisher&quot;, e pas confondre avec l'teur intellectuel ou &quot;editor&quot; en anglais), on transcrit celui qui est le plus en dence. Si la m importance est donnhacun, on transcrit le premier. Les noms des autres peuvent e lement transcrits en les associant aux lieux d'tion correspondants.</s>
    <s>Exemple .. London: T. Nelson; Edinburgh: T. C. and E. C. Jack.</s>
    <s>Si aucun nom d'teur n'est indiquans la source, on remplace le nom de l'teur par une expression comme &quot;teur inconnu&quot; ou une expression ivalente : s.n. pour sine nomine .</s>
    <s>Abrations dans la bibliographie</s>
    <s>Pour les noms d'teurs trconnus sous leur forme abre, utiliser celle-ci.</s>
    <s>&gt;&gt; Oxford UP (et non Oxford University Press).</s>
    <s>&gt;&gt; U of Chicago P (voir Selected publishers' names dans la MLA).</s>
    <s>Si l'annde publication ne peut e drmind'aprla source, on lui substitue la date de copyright, d'impression, ou la date prm Exemples</s>
    <s>&gt;&gt; a) printed 1953.</s>
    <s>&gt;&gt; b) ca. 1957 ( ca = circa = date approximative).</s>
    <s>&gt;&gt; c) 1950 ? date probable</s>
    <s>&gt;&gt; d) 195-? dnnie probable</s>
    <s>Pour les monographies imprim, l'importance matelle (= la collation = volumes et pages) est indiqusoit en termes de nombre de pages, de feuilles, de colonnes, etc., soit, pour les monographies en plusieurs parties, en nombre de volumes.</s>
    <s>Exemples &gt;&gt;</s>
    <s>- normes franses a) ix, 206 p. b) 3 vol. c) p. 99-103 (extrait de mono-graphie ou article de podique)</s>
    <s>- MLA a) ix + 206 pp. b) 3 vols. c) 33-42.</s>
    <s>Il semble intssant d'ajouter outes ces informations le n d'ISBN (International standard Book number), mais encore une fois, demander l'avis du directeur de recherche.</s>
    <s>Le traitement des parties de documents</s>
    <s>Il faut toujours distinguer les &quot;monographies completes&quot; des parties de documents, c'est-a-dire la reference faite a des &quot;parties de monographies&quot; ou des &quot;contributions a des monographies&quot;.</s>
    <s>- Contribution a une monographie sans en etre le responsable (ex. congres)</s>
    <s>Singlay, Frans de. Savoir se moucher . In Fraise, Emmanuel (dir.). La politesse et les diants . Paris : Presses Universitaires de France, 1993, p.49-71.</s>
    <s>comparer avec les normes de la MLA, selon l'exemple suivant &gt;&gt;</s>
    <s>Allende, Isabel. &quot;Toad's Mouth&quot; Trans. Margaret Sayers Peden. A Hammock beneath the Mangoes: Stories from Latin America. Ed. Thomas Colchie. New York: Plume, 1992. 83-88.</s>
    <s>Cas encore plus particulier : auteur partiel d'une monographie tout en paratgeant la &quot;responsabilite principale&quot;.</s>
    <s>Schema : Responsabilite principale. Titre du document hote. Édition. Lieu de publication : editeur, annee. Localisation dans le document, nom de la partie : ex. Leleu, Françoise, Douay, Nicole. La cuisine picarde. Nouvelle edition augmentee. Amiens : Presses de la Somme, 2003. Chap. 1, Peronne et sa flamiche, p.589-670.</s>
    <s>- Congres comme auteur collectif (responsabilite principale) (= colloque, symposium, conference, exposition )</s>
    <s>Ordre des elements :</s>
    <s>Intitulu congr(n de la session ; annde la session ; lieu du congr. Titre du congr Ville d'tion : teur, annd'tion. pages.</s>
    <s>Exemple avec une &quot; personne morale &quot; comme auteur :</s>
    <s>Universitharles-de-Gaulle - Lille III (France). Service information et orientation. Devenir scolaire et professionnel des entrants en 1er cycle 'Universit de Lille III : suivi de cohorte de 1984-85 986-87. Villeneuve d'Ascq : Universitharles de Gaulle-Lille III, 1989.</s>
    <s>uivalent selon les normes MLA : a book by a corporate author (a corporate author may be a commission, an association, a committee, or any other group whose individual members are not identified on the title page). Cite the book by the corporate author, even if the corporate author is the publisher.</s>
    <s>National Research Council. China and Global Change: Opportunities for Collaboration. Washington: Natl. Acad., 1992.</s>
    <s>- Theses : ordre des ments</s>
    <s>Nom, Prm. Titre de la th. Nombre de pages. Th. ou Th.D (s'il s'agit d'une th d'exercice) : Discipline : Ville : ann; n.</s>
    <s>- Article de periodique : titre entre guillemets selon les normes de la MLA, et sans guillemets selon les normes franses rntes. D'autres diffnces existent dans la prntation de la date, du num de volume et la ponctuation.</s>
    <s>Normes MLA .</s>
    <s>Scotto, Peter. &quot;Censorship, Reading, and Interpretation: A Case Study from the Soviet Union.&quot; PMLA 109 (1994): 61-70.</s>
    <s>Bazell, Robert. &quot;Science and Society: Growth Industry.&quot; New Republic 15 Mar. 1993: 13-14.</s>
    <s>Normes franses .</s>
    <s>- avec auteur, podique en volumes.--&gt;</s>
    <s>Bonnet, Brigitte. Le tutorat documentaire : une expence pilote. Bulletin des bibliothes de France , juin 1997, vol. 42, n 2, p. 130-135.</s>
    <s>- sans auteur --&gt;</s>
    <s>Les Serbes de Bosnie rent leurs comptes. Libtion, 21 juillet 1997, p. 6.</s>
    <s>Attention pi dans l'utilisation des guillemets. --&gt;</s>
    <s>Sergent, Frans. &quot; On a du mal roire que l'IRA a rendu les armes &quot; : Belfast a accueilli avec scepticisme la tr entren vigueur hier. Libtion , 21 juillet 1997, p. 5.</s>
    <s>Noter que le titre de l'article est une citation indiquentre guillemets ; il est important de les reproduire. Le sous-titre apporte des informations qu'il serait regrettable de niger et qui rment le sens de l'article.</s>
    <s>Index **</s>
    <s>L'index est la liste ordonnde noms ou de sujets figurant dans le document assortis d'une rrence permettant de les y localiser. Il est plac la fin du document, aprla bibliographie.</s>
    <s>L'index nominum : il contient les noms propres de personne (nom, suivi du ou des prms en entier, du premier prm en entier pour les anglo-saxons, et, le cas t, de l'initiale du ou des autres prms), plus, le cas t, le ou les titres de leurs uvres. Quand les titres sont trnombreux, il faut indiquer les occurrences (apparitions) de chacun d'eux (bibliographie comprise).</s>
    <s>L'index rerum : il contient les autres noms (lieux, sujets abord etc.).</s>
    <s>Les deux index sont regroupdans un mire de maise, et srdans une th.</s>
    <s>Soutenance de la &quot;Note de recherche&quot;</s>
    <s>La soutenance doit se tenir avant le 15 octobre. Elle a lieu en prnce du directeur de recherches et d'un deuxi enseignant. La soutenance est publique.</s>
    <s>La soutenance, d'une durd'une heure environ, se dule en trois temps. Tout d'abord, le candidat expose, durant 10 5 minutes, les motivations qui l'ont conduit au choix de son sujet, la drche adoptdans la &quot;Note&quot; et les difficult rencontr pour le traiter. Puis le directeur de recherche et, ensuite, le second membre du jury, font part de leurs observations au candidat auquel des questions peuvent e pos.</s>
    <s>Le candidat se retire, laissant les membres du jury dbr, avant d'entendre leur dsion. Une mention est attribu: &quot;passable&quot;, &quot;assez bien&quot;, &quot;bien&quot;, ou &quot;trbien&quot; (note ou mention pour le Mire : vfier selon les changements podiques des systs d'luation). Il est rare qu'une &quot;Note de recherches&quot; soit refus'issue de la soutenance, mais cela peut se produire.</s>
    <s>La &quot;Note de recherche&quot; est emettre aux membres du jury au moins quinze jours avant la date de soutenance. Il faut prir, outre l'exemplaire du candidat et celui de chacun des deux membres du jury, un exemplaire de la &quot;Note de recherche&quot; destin la Bibliothe Angellier.</s>
    <s>(Retour au sommaire)</s>
    <s>Prntation des notes et des rrences aux ouvrages citdans le corps du mire dans un travail de linguistique</s>
    <s>1. References in the main text and the text of the footnotes should be given as follows:</s>
    <s>As Sapir has already noted (1921: 39): &quot;All grammars leak&quot;.</s>
    <s> the well-known maxim &quot;All grammars leak&quot; (Sapir, 1921: 39).</s>
    <s>Some authors (e.g. Kuipers, 1986: Kinkade, 1983) </s>
    <s>2. The reference list should be arranged alphabetically, with each authors publications arranged chronologically. Names, titles, etc. should be arranged as follows (without any underlining, i.e. italics!):</s>
    <s>&gt; &gt; &gt; - for monographs : Bloomfield, L., 1933. Language. New York: Holt.</s>
    <s>&gt;&gt;&gt; - for articles in journals : Halliday, M.A.K., 1961. Categories of theory of grammar. Word 17, 241-292.</s>
    <s>&gt;&gt;&gt; - for papers in contributed volumes : Kiparsky, P., 1968. Linguistic universals and linguistic change. In: E. Bach, R.T. Harms (eds.), Universals in linguistic theory, 171-202. New York: Holt.</s>
    <s>&gt;&gt; If several papers by the same author in the same year are cited, small a, b, etc. should be added after the year of publication, both in the main text and in the reference list.</s>
    <s>&gt;&gt; The number of footnotes should be kept to a minimum and not be used for listing references.</s>
    <s>Drawings, trees and other illustrations must be reproducible originals on separate sheets, drawn in India ink in large size and carefully lettered. The place of illustrations should be indicated in the main text.</s>
    <s>Tables (each on separate sheet), like figures, have an arabic number and a title. No vertical lines are to be used. Their place should be indicated in the main text.</s>
    <s>&gt;&gt; Further conventions</s>
    <s>1. Cited forms of the language discussed should be underlined (italics) in the main text, but not in the example sentences.</s>
    <s>2. Phonetic representations (narrow transcription) between square brackets: .</s>
    <s>3. Phonemic representations (broad transcription) between slant lines: / /.</s>
    <s>4. Glosses are added directly after the cited form, between single quotes:  </s>
    <s>5. Reconstructed, hypothetical or non-occurring forms are preceded by an asterisk: * </s>
    <s>CITER UN DOCUMENT ECTRONIQUE</s>
    <s>Voici quelques mods de prntation (cette page sera comple ou modifidque possible).</s>
    <s>En ce qui concerne les documents ctroniques, le type de support doit e indiquntre crochets aprle titre (appellations possibles : en ligne, CD-ROM, bande magnque, disque, disquette, etc.). Signaler la date de la version, ou, ut, la date de la consultation : pour les documents susceptibles de modifications ou en labsence de toute information fiable dans la source ou la documentation annexe, on doit mentionner entre crochets la date laquelle on a consulte document. Lutilisation des majuscules dans les titres doit e conforme usage de la langue ou de liture dans laquelle linformation est donn Par contre, la ponctuation et la mise des espaces qui prdent et suivent les signes de ponctuation (cf. ce qui a indiqurdemment sur les signes doubles) ne prennent pas en compte lusage de la langue, ce qui est justifiar lAFNOR (ouvrage tn 1998 et intituli&gt;Formation des bibliothires et documentalistes : normes pour leuve de catalogage : rrences bibliographiques, parties composantes, cartes) de la fa suivante : &quot; Un syst cohnt de ponctuation doit e utilis. Pour mettre laccent sur limportance de la cohnce, un sch unique de ponctuation a utilisans les exemples de la prnte partie de lISO 690 ; ce sch est simplement destin servir dexemple et ne fait pas partie de la prnte partie de lISO 690. &quot; !!Toute information ajout(pour corriger une erreur dente dans le document source, pour prser une notion de date ou de temps, ou pour toute autre addition ou prsion) dans un des &quot; ments &quot; (ou &quot; zones &quot;) obligatoires de la rrence bibliographique doit e mise entre crochets , exception faite des mentions du type &quot; sans date &quot;.</s>
    <s>Vous pouvez vous adresser a Bibliothe Angellier pour obtenir des informations complntaires.</s>
    <s>1. Mod de base :</s>
    <s>Documents complets (monographies ctroniques, bases de donn et programmes informatiques).</s>
    <s>La &quot; responsabilitrincipale &quot; est un organisme (ou &quot; collectivitbsp;&quot;), ou un auteur personnel dans le cas dune page personnelle, ou un &quot; teur scientifique &quot; (= &quot; teur intellectuel &quot;), ce qui doit e spfiar labration &quot; &quot;, ou une ivalence, ajoutaprle nom.</s>
    <s>&gt; &gt; &gt; Auteur, Prm. Titre de louvrage type de support. ition (dans le cas one sagit pas de la 1). Lieu de publication : iteur, date de publication date de crion, de rsion, ou, dut, date de consultation. Disponibilitt acc Num normalisil appara</s>
    <s>2- Parties douvrage. Le titre du document hremplace le titre de louvrage et en consence le titre du chapitre ou de la partie cit sindique juste aprla mention de la date dtion de la zone &quot; adresse &quot;.</s>
    <s>3- Ouvrages collectifs (contributions aux monographies ctroniques, etc.). Dans le cas de coauteurs, leurs noms-prms se suivent, sr par un point-virgule. Ajouter &quot; In &quot; aprle titre, suivi du nom du responsable de la publication et du titre du document h</s>
    <s>4- Publications en se :</s>
    <s>a) publication en se compl</s>
    <s>Titre de la publication en se support, ition. Lieu de publication : Editeur, date de publication date de rrence. Disponibilitt acc</s>
    <s>b) articles et autres contributions</s>
    <s>Auteur, Prm. Titre de la contribution. Titre de la publication en se support, Lieu de publication : Editeur, date de publication, ann volume, num, date de mise our ou de rsion ou date de rrence. Localisation inteur du document h(pages). Disponibilitt acc</s>
    <s>5- Confnces ctroniques, babillards ctroniques (bulletin boards), forums de discussion (discussion lists ou newsgroups), messages ctroniques (e-mails)</s>
    <s>a) syst de messagerie</s>
    <s>Titre type de support. Lieu de publication : iteur, date de publication date de consultation. Disponibilitt acc</s>
    <s>b) messages ctroniques</s>
    <s>Auteur, Prm. Titre (du message) type de support. ition (dans le cas one sagit pas de la 1). Lieu de publication : iteur, date de publication date dssion du message, en cas de communication personnelle ou non publi. [Date de la rrence. Localisation inteur du syst de messagerie h</s>
    <s>Les chiffres renvoient eux des rubriques de prntation (voir plus haut).</s>
    <s>&gt; &gt; 1- Leleu, Pierre-Jean. Comment dlopper un vage dautruches en ligne. Thiat (France) : C.N.I., s.d. r du 18 fier 1998. Disponible sur Internet : &lt;URL : http://www.insa-athies.fr&gt;.</s>
    <s>&gt;&gt; 1- Carroll, Lewis. Alices Adventures in Wonderland online. Texinfo ed. 2.1. Dortmund, Germany : WindSpiel, November 1994 cited 10 February 1995. Available from World Wide Web : &lt;http://www.germany.eu.net/books/carroll/alice.html&gt;. Also available in PostScript and ASCII versions from Internet : &lt;ftp://ftp.Germany.EU.net/pub/books/carroll/&gt;.</s>
    <s>&gt;&gt; 2- Capelle, Marilyne. Vie et moeurs du wombat en ligne. 15 revue et augmentpar M Grimaux. Paris : ADBS, 1998 mis our en janvier 1998. Chap. 4, Habitat de prlection du wombat adulte pendant lhibernation et la saison de reproduction. Disponible sur Internet : &lt;URL : http://www.adbs.fr/adbs//sinfoin/capelle/chap4.htm&gt;.</s>
    <s>&gt;&gt; 2- Carroll, Lewis. Alices Adventures in Wonderland online. Texinfo ed. 2.2. Dortmund, Germany : WindSpiel, November 1994 cited 30 March 1995. Chapter VII. A Mad Tea-Party. Available from World Wide Web : &lt;http://www.germany.eu.net/books/carroll/ alice 10.htmlSEC13&gt;.</s>
    <s>&gt;&gt; 3- Cartigny, Nicolas ; Cochard, Catherine ; Vanyper, Brigitte ; et al. Australias telerobot on the Web. 26th international symposium on industrial robot, Singapore, October 1997 en ligne. Sans lieu : teur inconnu, sans date revu le 1er avril 1999. Disponible sur Internet : &lt;URL : http://www.telerobot.mech.ewok.edu.au/robot/singapor.htm&gt;.</s>
    <s>&gt;&gt; 3- Freton, Pierre. Obtrusive Library Furniture . In The Canadian Encyclopedia CD-ROM. Macintosh version 1.1. Toronto : McClelland &amp; Stewart, c. 1993. ISBN 0-7710-1932-7.</s>
    <s>&gt;&gt; 4a- Profile Canada CD-ROM. Toronto : Micromedia, 1993- . The Canadian Connection. Accompanied by : users guide. System requirements : IBM PC or compatible; MPC standard CD-ROM drive; DOS 3.30 or higher; 490 kB RAM; MS-DOS Extensions 2.1 or higher. Quarterly.</s>
    <s>&gt;&gt; 4b- Delille, Elisabeth. A short course on the influence of the Kelmscott Press. Bulletin de la Soci William Morris en ligne. 1996, vol. 1, n 1, 18.02.1997. Disponible sur Internet : &lt;URL : http://cirm.univ-barleux.fr/MORRIS/journals/BSWM/vol.1 n1/index.html&gt;.</s>
    <s>&gt;&gt; 4b- Lanoye, Mickael. Using the World-Wide Web to Deliver Delicatessen : Implications for Libraries. The Public-Access Computer Systems Review on line. 1994, vol. 5, n3 cited 1994-07-28, pp. 5-21. Available from Internet : &lt;gopher://info.lib.uh. edu:70/00/articles/e-journals/uhlibrary/pacsreview/v5/n3/pricewil.5n3&gt;. ISSN 1048-6542.</s>
    <s>&gt;&gt; 5- PACS-L (Public Access Computer Systems Forum) online. Houston (Tex.) : University of Houston Libraries, June 1989- cited 17 May 1995. Available from Internet : listserv@uhupvm1.uh.edu.</s>
    <s>&gt;&gt; 5- Federal Depository Library Program Files (/GO Depository) online. Washington, D. C. : Government Printing office cited 1995-02-15. Available from Internet : telnet://federal.bbs.gpgo.gov.</s>
    <s>La quatri tion du MLA Handbook for Writers of Research Papers (1995) offre des mods de prntation pour les rrences bibliographiques des documents ctroniques, prrant blir une diffnce entre les CD-ROM, les disquettes, les bandes magnques, les documents sur plus dun support, les bases de donn en ligne, les ssions de tvision ou de radio, les films sur vidassettes, les reprntations thrales, les concerts, les uvres dart, les lettres, publicit etc.</s>
    <s>Voici quelques extraits du Handbook itre de comparaison avec les normes dites ci-dessus :</s>
    <s>CITING CD-ROMS AND OTHER PORTABLE DATABASES</s>
    <s>Material Accessed from a Periodically Published Database on CD-Rom</s>
    <s>1. Material with Publication Information for Printed Source or Printed Analogue</s>
    <s>1. Name of the author (if given)</s>
    <s>2. Publication information for the printed source or analogue (including title and date of print publication)</s>
    <s>3. Title of the database (underlined)</s>
    <s>4. Publication medium (CD-ROM)</s>
    <s>5. Name of the vendor (if relevant)</s>
    <s>6. Electronic publication dateExemples :</s>
    <s>Guidelines for Family Television Viewing . Urbana: ERIC clearinghouse on Elementary and Early Childhood Educ., 1990. ERIC . CD-ROM. SilverPlatter. June 1993.</s>
    <s>Russo, Michelle Cash. &quot;Recovering from Bibliographic Instruction Blahs.&quot; RQ: Reference Quarterly 32 (1992): 178-83. Infotrac: Magazine Index Plus . CD-ROM. Information Access. Dec. 1993.</s>
    <s>b. Material with No Printed Source or printed Analogue Specified</s>
    <s>If no printed source or printed analogue is indicated for the material you are citing, your entry in the works-cited list should consist of the following items:</s>
    <s>1. Name of the author (if given)</s>
    <s>2. Title of the material accessed (in quotation marks)</s>
    <s>3. Date of the material (if given)</s>
    <s>4. Title of the database (underlined)</s>
    <s>5. Publication medium (CD-ROM)</s>
    <s>6. Name of the vendor (if relevant)</s>
    <s>1. Electronic publication date</s>
    <s>United States. Dept. of State. &quot;Industrial Outlook for Petroleum and Natural gas.&quot; 1992. National trade data Bank . CD-ROM. US Dept. of Commerce. Dec. 1993.</s>
    <s>&quot;U.S. Population by Age: Urban and Urbanized Areas.&quot;</s>
    <s>1990 U.S. Census of Population Housing . CD-ROM. US Bureau of Census. 1990.</s>
    <s>A Nonperiodical Publication on CD-ROM</s>
    <s>1. Name of the author (if given)</s>
    <s>2. Title of the part of the work, if relevant (underlined or in quotation marks)</s>
    <s>3. Title of the product (underlined)</s>
    <s>4. Edition, release, or version (if relevant)</s>
    <s>5. Publication medium (CD-ROM)</s>
    <s>6. City of publication</s>
    <s>7. Name of the publisher</s>
    <s>8. Year of publication</s>
    <s>The Oxford English Dictionary. 2nd ed. CD-ROM. Oxford: Oxford UP, 1992.</s>
    <s>&quot;Albatross.&quot; The Oxford English Dictionary. 2nd ed. CD-ROM. 0xford: Oxford UP, 1992.</s>
    <s>Coleridge, Samuel Taylor. &quot;Dejection: An Ode.&quot; The Complete Poetical Works of Samuel Taylor Coleridge . Ed. Ernest Hartley Coleridge. Vol. 1. Oxford: Clarendon, 1912. 362-68. English Poetry Full-Text Database . Rel. 2. CD-ROM. Cambridge, Eng.: Chadwyck, 1993.</s>
    <s>A Work in More Than One Publication Medium</s>
    <s>Franking, Holly. Negative Space: A Computerized Video Novel . Vers. 1.0. Diskette, videocassette. Prairie Village: Diskotech, 1990.</s>
    <s>Perseus 1.0: Interactive Sources and Studies on Ancient Greece . CD-ROM, videodisc. New Haven: Yale UP, 1992.</s>
    <s>CITING ONLINE DATABASES</s>
    <s>Material Accessed through a Computer Service</s>
    <s>1. Material with Publication Information for a Printed Source or Printed Analogue</s>
    <s>1. Name of the author (if given)</s>
    <s>2. Publication information for the printed source or analogue (including title and date of print publication)</s>
    <s>3. Title of the database (underlined)</s>
    <s>4. Publication medium (online)</s>
    <s>5. Name of the computer service</s>
    <s>6. Date of access</s>
    <s>Angier, Natalie. &quot;Chemists Learn Why Vegetables Are Good for You.&quot; New York Times 13 Apr. 1993, late ed.: C1. New York Times Online . Online. Nexis. 10 Feb. 1994.</s>
    <s>b. Material with No Printed Source or Printed Analogue Specified</s>
    <s>If no specific printed source or printed analogue is indicated for the material you are citing, your entry in the works-cited list should consist of the following items:</s>
    <s>1. Name of the author (if given)</s>
    <s>2. Title of the material accessed (in quotation marks)</s>
    <s>3. Date of the material (if given)</s>
    <s>4. Tile of the database (underlined)</s>
    <s>5. Publication medium ( Online )</s>
    <s>6. Name of the computer service</s>
    <s>7. Date of access</s>
    <s>Glicken, Morley D. &quot;A Five Step Plan to Renew Your Creativity.&quot; National Business Employment Weekly . Online. Dow Jones News Retrieval. 10 Nov. 1992.</s>
    <s>Material Accessed through a Computer Network</s>
    <s>For guides to the numerous resources available on computer networks, consult the most recent editions of such books as Eric Braun, The Internet Directory (New York: Fawcett); Harley Hahn and Rick Stout , The Internet Complete Reference (Berkeley: Osborne-McGraw); Edward T.L. Hardie and Vivian Neou, editors, Internet Mailings Lists (Englewood Cliffs: SRI-Prentice); Richard J. Smith and Mark Gibbs, Navigating the Internet (Indianapolis: Sams); and Ed Krol, The Whole Internet : Users Guide and Catalog (Sebastopol: OReilly).</s>
    <s>Among important online sources for writers of research papers are these two categories:</s>
    <s>1. Electronic journals, electronic newsletters, and electronic conferences (e.g., moderated forums, such as discussion lists)</s>
    <s>1. Name of the author (if given)</s>
    <s>2. Title of the article or document (in quotation marks)</s>
    <s>3. Title of the journal, newsletter, or conference (underlined)</s>
    <s>4. Volume number, issue number, or other identifying number</s>
    <s>5. Year or date of publication (in parentheses)</s>
    <s>6. Number of pages or paragraphs (if given) or n.pag. (&quot;no pagination&quot;)</s>
    <s>7. Publication medium ( Online )</s>
    <s>8. Name of computer network</s>
    <s>9. Date of access</s>
    <s>Alston, Robin. &quot;The Battle of the Books.&quot; Humanist 7.0176 (10 Sept. 1993): 10 pp. Online. Internet. 10 Oct. 1993.</s>
    <s>b. Electronic Texts</s>
    <s>1. Name of the author (if any)</s>
    <s>2. Title of the text (underlined)</s>
    <s>3. Publication information for the printed source</s>
    <s>4. Publication medium ( Online )</s>
    <s>5. Name of the repository of the electronic text</s>
    <s>6. Name of the computer network</s>
    <s>7. Date of access</s>
    <s>Hardy, Thomas. Far from the Madding Crowd . Ed. Ronald Blythe. Harmondsworth: Penguin, 1978. Online. Oxford Text Archive. Internet. 24 Jan. 1994.</s>
    <s>Shakespeare, William. Hamlet . The Works of William Shakespeare . Ed. Arthur H. Bullen. Stratford Town Ed. Stratford-on-Avon: Shakespeare Head, 1911. Online. Dartmouth Coll. Lib. Internet. 26 Dec. 1992.</s>
    <s>At the end of the entry, you may add as supplementary information the electronic address you used to access the document; precede the address with the word Available . Your instructor may require this information.</s>
    <s>Octovian . Ed. Frances McSparran. Early English Text Soc. 289. London: Oxford UP, 1986. Online. U of Virginia Lib. Internet. 6 Apr. 1994. Available FTP: etext.virginia.edu.</s>
    <s>(1) Ne pas confondre : n. pag. = no pagination et n.p. =no place (of publication) + no publisher.</s>
    <s>(2) le petit signe ^ correspond 'espace qu'il faut laisser entre les points.</s>
    <s>(3) On peut srer le num des notes de bas de page du texte qu'il prde par un tiret (3-) ou par un point (3.) quand le traitement de texte ne fait pas apparae le num de la note en exposant.</s>
    <s>Retour au sommaire</s>
  </text>
</page>
