<?xml version="1.0" encoding="UTF-8"?>
<!DOCTYPE page SYSTEM "page.dtd">
<page>
  <lang>fr</lang>
  <url>http://perso.telecom-paristech.fr/~maitre/LTCI/bibliometrie/</url>
  <title>Bibliométrie</title>
  <snippet>
    <s>Articles de référence Le classement des conférences en Informatique du CORE australien (COmputing Research and Education) Révision : 23 janvier 2011.</s>
  </snippet>
  <text>
    <s>Bibliomie : recueil commente textes d'information sur la bibliomie et l'luation dans le domaine des STICs</s>
    <s>H. Mae !</s>
    <s>Articles de rrence</s>
    <s>1 - Que mesurent les indicateurs bibliomiques ? Document d'analyse de la Commission d'Evaluation de l'INRIA (sept. 2007), 34 pages, 19 rrences.Excellent texte de synth soulignant opportunnt les biais et les erreurs des bibliomies en particulier dans le domaine de l'informatique</s>
    <s>2 - Les crits de publication de l'AERES permettant de dnir un chercheur publiant (fier 2008), le protocole d'luation des PRES par l'AERES (juin 2008)</s>
    <s>3 - L'luation en mathtiques</s>
    <s>4 - L'luation en Informatique et traitement du signal : Section 07 du CNRS - M. de Mathelin - 2007. texte de rexion, mais individuel, lement incomplet. Peu de conclusions. Le classement des confnces en Informatique du CORE australien (COmputing Research and Education) classement par niveau ou par ordre alphabque en 2007. Celui de l'Universit'Alberta. Le ranking des confnces : Computer Security Conference Ranking and Statistic. Un autre classement, non-officiel mais largement diffuses journaux en Informatique (origine : Nat. University Singapore ?), le classement des confnces de l'association Arnetminer pour 2008, celle de Microsoft Libra, th par th.</s>
    <s>5 - Les publications en SHS au CNRS : catrisation des journaux en Economie et Gestion. Pascal Petit - Section 37 du CNRS, oct. 2007. Liste des publications et classement par notori. Le classement des journaux en SHS de l'ESSEC. Marche arri de l'ERIH sur sa notation par lettres des revues en SHS (janvier 2009).</s>
    <s>6 - Un exemple de formulaire d'luation dans une universitranse (Paris XIII) : procre pour remplir la fiche, et fiche de donn.</s>
    <s>7 - Le site du Journal-ranking.com qui fournit un ranking de tous les journaux dans tous les domaines (dnis de fa assez oite).</s>
    <s>9 - Peer review and Bibliometrics - t des lieux 'INSERM, Prague 2006. Le point de vue &quot;engaguot; d'un organisme rtquot;pionnier&quot; dans l'utilisation de la bibliomie es fins d'luation. Propose une liste de crits d'luation tant individuels que collectifs :</s>
    <s>11 - An index to quantify an individuals scientific research output : J. E. Hirsch 2005 - PNAS L'article qui a introduit le h-index.</s>
    <s>12 - Google Scholar - a new data source for citation analysis</s>
    <s>13 - Rction des affiliations dans les revues, comment rrencer les articles : recommandations du CNRS (sept. 2006) et de l'INSERM (mai. 2006)</s>
    <s>14 - Les mits des mauvaises signatures d'articles : l'exemple de la recherche com ParisTech ravers Isi Web of Science: affectation des citations des 21 auteurs les plus cit</s>
    <s>15 - Recommandations de l'Acade des Sciences sur l'usage de la bibliomie : &quot;DU BON USAGE DE LA BIBLIOMETRIE POUR L'ALUATION INDIVIDUELLE DES CHERCHEURS&quot; (janvier 2011)</s>
    <s>Elnts de discussion :</s>
    <s>a - Reflection on the h-index</s>
    <s>b - La probltique et les pis de la bibliomie en informatique par Friedeman Mattern, ETH Z(2006). Texte d'humeur, critique, relevant quelques biais remarquables.</s>
    <s>c - Un article de P.A. Lawrence The mismeasurment of science : (Current Biology Magazine Vol 17 N5, 583:585), avec une trsavoureuse citation de L. Szilard (1948) et un article plus rnt de G. Longo : L'luation scientifique, la machine et le bureaucrate</s>
    <s>d - The use of bibliometrics to measure research quality in UK higher education institutions. prr pour Universities UK par Evidence Ltd. L'avis engag'un pionnier mais riche d'une expence de bibliomie de plusieurs ann</s>
    <s>e - The politics of steering by numbers</s>
    <s>f - une expence de faux en publication reportpar SIAM</s>
    <s>Liens utiles :</s>
    <s>le logiciel Hview Visualizer de F. Vernier et S. Buisine, du LIMSI, permettant de consulter commodnt Google Scholar et de calculer quelques indicateurs.</s>
    <s>le logiciel Publish or Perish qui vous permet de calculer rapidement la plupart des indicateurs de notori artir de Google Scolar (nstaller sur votre machine)</s>
    <s>le portail BiblioST2I qui permet d'accr aux bases de donn de l'ISI Web of Sciences (acclibre pour les membres du LTCI) (cf colonne gauche : &quot;Bases de donn)</s>
    <s>La base de donn SCOPUS de revues et de confnces</s>
    <s>La base de donn CiteSeer daux publications, confnces et programmes en informatique.</s>
    <s>Copyright 2007 Telecom ParisTech. Tous droits rrv</s>
    <s>Rsion : 23 janvier 2011.</s>
  </text>
</page>
