<?xml version="1.0" encoding="UTF-8"?>
<!DOCTYPE page SYSTEM "page.dtd">
<page>
  <lang>fr</lang>
  <url>http://maman.mondoblog.org/category/jeunesse/</url>
  <title>Jeunesse « Des jeunes citoyens actifs</title>
  <snippet>
    <s>A la suite du conférence-débat ; un concours d&#39;art oratoire ; une soirée culturelle suivi d&#39;un défilé Au cours de la formation, les formateurs ont partagé avec les participants les techniques à . acceptés par la jeunesse pour plusieurs raisons. </s>
  </snippet>
  <text>
    <s>Des jeunes citoyens actifs</s>
    <s>Un site utilisant Réseau Mondoblog</s>
    <s>Archived Posts from this Category</s>
    <s>mer 30 mar 2011</s>
    <s>Le championnat universitaire</s>
    <s>Posted by ADJIM under Jeunesse</s>
    <s>No Comments</s>
    <s>!Lancer officiellement le 02 mars 2011 le championnat universitaire pour l’année 2011 constitue un prélude aux activités culturelles qui débuteront sur le campus universitaire le 04 avril pour durer deux semaines.</s>
    <s>Ainsi dans le cadre du championnat universitaire, plusieurs disciplines sportives sont concernées à savoir: le football roi ; le basketball et le volleyball.</s>
    <s>Aussi les équipes  des facultés et écoles de l’université de Lomé se battent dans ces différentes disciplines. Il faut noter aussi des équipes de l’Université Catholique de l’Afrique de Ouest, UCAO,  et celles de l’EAMAU.</s>
    <s>La spécificité de ses jeux à la présence à Lomé lors des cérémonies de lancement officiel de trois équipes de l’université d’Ouaga 1 pour des compétitions amicales. Il s’agit des équipes de football ; de volleyball et de Taekwondo. Ceci à donner un éclat particulier au championnat universitaire pour cette année 2011.</s>
    <s>Mots-clefs :</s>
    <s>dim 13 mar 2011</s>
    <s>La Journée Internationale de la Femme, le 08 mars</s>
    <s>Posted by ADJIM under Jeunesse</s>
    <s>1 Comment</s>
    <s>!Le 08 mars 2011, le Club UNESCO de l’université de Lomé en collaboration avec l’Amnesty Togo  et le GF2D a célébré la femme à la chaîne ouest du restaurant de l’université de Lomé. Etait aussi de la partie l’Association des Etudiantes en Science et en Action, AESA.</s>
    <s>Le thème choisi pour la célébration de la journée Internationale de la femme du 8 mars 2011 à côté des thèmes choisis sur le plan international et africain est: Le rôle social de la femme au Togo.</s>
    <s>Une conférence-débat est animée sur le thème, le rôle social de la femme au Togo. Ainsi dans sa présentation M. Alex MAMA a mis un accent particulier sur l’importance de la place qu’occupe la femme togolaise dans l’économie nationale et dans l’éducation des enfants dans le foyer. Cependant elles sont plus représentées dans le secteur informel, qui occupe une tranche importante dans l’économie nationale mais marginalisée, que dans le secteur formel.</s>
    <s>A la suite du conférence-débat ; un concours d’art oratoire ; une soirée culturelle suivi d’un défilé de mode ont meublé la journée du 8 mars à la chaîne ouest du restaurant de l’université de Lomé.</s>
    <s>Mots-clefs :</s>
    <s>mer 2 mar 2011</s>
    <s>La protection des personnes et intelligences électroniques</s>
    <s>Posted by ADJIM under Jeunesse</s>
    <s>No Comments</s>
    <s>!Le vendredi 25 février 2011, s’est tenue une réunion de formation  des membres de la Jeune Chambre Internationale Lomé Prestige à la Résidence les Mercurielles à 19 heures 15 minutes.</s>
    <s>La formation a pour thème, la protection des personnes et intelligences électronique. Elle est animée par M. Gerry TAAMA, consultant en matière de sécurité des personnes et des biens, et l’ami Ernest TEMANOU certifié en Hygiène, Sécurité et Environnement.</s>
    <s>Au cours de la formation, les formateurs ont partagé avec les participants les techniques à adopter pour dissuader ou déjouer les plans des cambrioleurs et les attitudes à adopter en face des cambrioleurs ou des braqueurs. Ils ont tout de même montré aux participants les appareils électroniques qui sont des moyens de protections et leur mode d’emploi.</s>
    <s>Mots-clefs :</s>
    <s>sam 19 fév 2011</s>
    <s>Le port de casque par les conducteurs de taxis moto</s>
    <s>Posted by ADJIM under Jeunesse</s>
    <s>!Les casques sont faits pour protéger les conducteurs en cas d’accident de la circulation. Ainsi les casques peuvent sauver la vie du conducteur et celle de la personne qu’il transporte au cours d’un accident de circulation.</s>
    <s>Dès lors, comment ce fait il que, la plupart des conducteurs refuse de porter les casques? Est-ce par négligence ou par manque d’information sur l’importance du port des casques?  Où encore, est-il que les casques ne sont pas adaptés aux régions tropicales où il fait chaud toute l’année?</s>
    <s>Plusieurs raisons poussent les conducteurs de taxis moto à refuser de porter les casques pour se protéger. Pour certains, il est anormale de prévoir des accidents pour sa vie. Parce que, pour eux, le seul fait de porter des casques suppose qu’on envisage des accidents pour sa vie. Il faut plutôt avoir foi à son Dieu ou à ses dieux.</s>
    <s>Pour d’autres c’est par négligence ou par manque d’information sur les avantages du port des casques ou encore, par le fait qu’ils ne sont pas élégants sur la moto lorsqu’ils portent des casques.</s>
    <s>!Cependant, il existe une raison majeure qui pousse les gens à refuser de porter les casques. C’est la nature même des casques qui n’est pas adapté aux régions tropicales. Sous le chaud soleil, la chaleur interne des casques fait qu’on ne se sent pas à l’aise.</s>
    <s>Ceci fait que, les gens préfèrent prendre le risque de ne pas se protéger pour un accident qui est incertaine plutôt que de rester enfermé dans la chaleur tout le temps. La preuve est que, la plupart de ces mêmes personnes qui refusent les casques, portent des chapeaux pour se protéger des rayons lumineux du soleil. Ceci s’explique par le fait que le danger est immédiat et certain.</s>
    <s>Mots-clefs :</s>
    <s>mar 15 fév 2011</s>
    <s>Le jogging des samedis matin à l’université de Lomé</s>
    <s>Posted by ADJIM under Jeunesse</s>
    <s>No Comments</s>
    <s>!Chaque samedi les terrains sportifs et les pistes du campus universitaire de Lomé connaissent une ambiance particulière. Occuper par une semaine de travail sans relace, les gens profitent du début weekend pour faire le jogging au campus de l’université de Lomé.</s>
    <s>Soit en groupe ou en singleton, les gens affluent sur le campus pour s’échauffer. Et ils occupent diversement les places selon les affinités.</s>
    <s>Les groupes sont nombreux avec en moyenne plus de deux cents sportifs par groupe. Chaque groupe est souvent organisé avec des instruments de musique et parfois avec des tenues sportives uniformes.</s>
    <s>Ces différents groupes occupent généralement la grande piste du campus sud pour ceux qui connaissent le campus de l’université de Lomé.</s>
    <s>Sur la piste les groupes sont séparés et chaque groupe est animé par son orchestre, et possède des gardes qui assurent l’encadrement du groupe. Et l’ambiance dans les groupes est vraiment très festive.</s>
    <s>Notons qu’à côté de ces groupe il y a ceux préfèrent des sports alone ou à deux qui sont éparpillés sur les pistes.</s>
    <s>Mots-clefs :</s>
    <s>ven 4 fév 2011</s>
    <s>Les Réseaux Sociaux &amp; Les Relations Sociales</s>
    <s>Posted by ADJIM under Jeunesse</s>
    <s>!Jamais les modes de communication n’ont été aussi nombreux et aussi accessibles qu’aujourd’hui. Les gens peuvent se communiquer librement même à distance, comme s’ils étaient côte à côte, à travers les chats ; les e-mails ; les appels téléphoniques…</s>
    <s>Grâce à l’internet les gens peuvent se faire des amis un peu partout dans le monde entier, par le biais  des réseaux sociaux. Ou encore que, les gens vont la rencontre de leur âme sœur sur le net.</s>
    <s>Nous pouvons affirmer aujourd’hui sans aucune inquiétude que l’internet à briser toutes distances et frontières entre les Hommes.</s>
    <s>Cependant l’entré de l’internet dans la vie quotidienne des gens n’est pas sans conséquences. A l’ère de la révolution de la communication, les gens sentent de plus en plus isoler.</s>
    <s>L’internet peut il être une cause de la solitude chez certaines personnes ? A l’heure de la communication, les gens font moins d’efforts pour se rendre visitent. Ils pensent généralement qu’il suffit d’envoyer un mail pour entretenir les relations ; ou encore de chatter sur le net.</s>
    <s>Or la réalité est que, ces choses sont un véritable frein pour les relations chaleureuses entre les amis. La preuve est que, ces mêmes personnes qui pensent qu’il suffit d’un e-mail ou de chatter, arrivent à ressentir cette solitude. ET ce ci peu importe le nombre de fois qu’elles ont chatté avec des amis en ligne dans la journée.</s>
    <s>Ainsi nous pouvons dire que l’internet ne peut se substituer aux visites d’amitiés mais peut être un complément. Dans le cas contraire, l’internet ne peut que s’interposer entre les amis ; et être de ce fait, une source d'isolement des gens quand bien même qu’ils ont « des amis ».</s>
    <s>Mots-clefs :</s>
    <s>dim 30 jan 2011</s>
    <s>Principes démocratiques dans un Etat de droit : L’exemple africain, l’expérience américaine</s>
    <s>Posted by ADJIM under Jeunesse</s>
    <s>No Comments</s>
    <s>!Le 27 janvier, s’est tenue à l’auditorium de l’université de Lomé une conférence-débat sur le thème : « Principes Démocratiques dans un État de droit : l’exemple africain, l’expérience américaine « .</s>
    <s>Organiser par le département des affaires publiques de l’ambassade des États Unis d’Amérique, cette conférence a pour objet de faire un point sur la démocratie en Afrique et de voir comment l’Afrique peut s’inspirer de l’expérience américaine dans son processus démocratique.</s>
    <s>La conférence a été animée par deux conférenciers à savoir M. Carlos KETOHOU directeur de publication et M. André Kangni AFANOU journaliste et défenseur des droits de l’Homme.</s>
    <s>M. AFANOU dans la présentation des processus démocratiques en Afrique, a noté l’existence sur le continent d’un cadre juridique impressionnant et séduisant. Il faisait ainsi allusion à l’ensemble des textes adoptés sur le plan continental ; communautaire qu’étatique pour amorcer la démocratie en Afrique. Il a cité en passant la charte africaine de la démocratie ; le protocole de la CEDAO sur la démocratie et la bonne gouvernance ; la constitution des États africains. Tous ces textes sont de nature à établir la démocratie sur le Continent.</s>
    <s>!Cependant dans la pratique il en est autrement, les mêmes chefs d’Etat qui s’acharnent dans des sommets pour adopter des textes impressionnants, les violent facilement à chaque fois que ces textes vont à l’encontre de leur intérêt personnel. On peut dès lors se demander à quoi cela sert-il de s’acharner pour voter des textes qui ne serviront à rien?</s>
    <s>Nous devons noter tout de même que  le seul fait que ces textes ont été votés est un atout considérable qu’il faut préserver avant de chercher à aller au-delà. Car l’existence des textes nous permet dénoncer les abus et d’exercer des pressions. D’où la nécessité de la culture démocratique à la base.</s>
    <s>L’Afrique peut-il s’inspirer de l’expérience américaine?</s>
    <s>Telle est la question que M. Carlos KETOHOU a tenté de répondre dans sa présentation. Loin d’être une forme parfaite de démocratie, les Etats Unis d’Amérique est un modèle de démocratie au monde vu la porté des libertés dont jouissent les citoyens américains et la stabilité qui règne dans ce pays depuis des années.</s>
    <s>Ainsi en voyant le développement de l’Amérique du nord où la personne humaine est au centre de toutes les considérations ; il y a de bonnes raisons pour les dirigeants africains d’instaurer la démocratie dans leur Etat. D’ailleurs les guerres civiles à répétition et les soulèvements populaires dont les récents sont ceux de la Tunisie et de l’Egypte sans oublier la crise électorale de la Côte d’Ivoire ou encore le coup de force au Niger. Se sont des preuves d’une grande aspiration des populations à la liberté.</s>
    <s>Mots-clefs :</s>
    <s>lun 24 jan 2011</s>
    <s>La Journée Culturelle du Club de Francophonie de l’université de Lomé</s>
    <s>Posted by ADJIM under Jeunesse</s>
    <s>No Comments</s>
    <s>!Le jeudi 20 janvier 2011, est célébré la journée culturelle du Club Francophonie de l’université de Lomé. Les activités se sont déroulées à la chaîne ouest du restaurant de l’université de Lomé.</s>
    <s>Après plusieurs années silences, le Club renait et prend un nouveau départ sous la conduite de monsieur MADOUGOU Mbarak, le secrétaire générale du club.</s>
    <s>Et c’est pour renouer avec le public que cette journée du 20 janvier dénommée, la journée culturelle du Club Francophonie de l’université de Lomé a été initiée.</s>
    <s>!Trois allocutions ont marqué le démarrage des activités à la suite de l’exécution de l’hymne du Club Francophonie. Il s’agit de l’allocution du secrétaire général du club monsieur MADOUGOU Mbarak ; celle du coordinateur national des Clubs Francophonies du Togo monsieur Joël et celle du directeur de la direction des affaires académiques de l’université de Lomé monsieur DOKE.</s>
    <s>A la suite des allocutions vint les prestations de divers Clubs invités pour la circonstance. Nous pouvons citer le Club de l’Unesco de l’université de Lomé avec des danses modernes et le club de danse classique de l’université de Lomé.  Le Club Francophonie dans ses prestations a présenté des sketchs ; des slams ; des poèmes ; des contes et des histoires drôles. Telles sont les activités qui ont meublé la matinée de la journée culturelle du Club Francophonie de l’université de Lomé.</s>
    <s>Dans l’après midi, il a eu une grande conférence-débat sur le thème: « L’élite intellectuelle et le leadership ». A la suite de la conférence, le Club a présenté un théâtre dont le titre est: « Une bonne pour monsieur, un chauffeur pour madame » suivit des slams ; des poèmes et des danses.</s>
    <s>La journée s’est terminée par la prise des photos de famille.</s>
    <s>Mots-clefs :</s>
    <s>jeu 20 jan 2011</s>
    <s>LES INCERTITUDES SUR L’ASSISTANCE HUMANITAIRE</s>
    <s>Posted by ADJIM under Jeunesse</s>
    <s>No Comments</s>
    <s>Les crises à répétition dans tous les coins du monde témoignent de la nécessité d’une assistance humanitaire pour protéger la vie humaine. La multiplication des organisations à caractères humanitaires ; la politisation de certaines aides ou la résistance de certaines politiques à l’action humanitaire ont amené les juristes à mener constamment des réflexions sur les fondements juridiques de l’assistance humanitaire.</s>
    <s>!Et c’est cet ordre d’idée que le Centre de droit public/Observatoire de la vie politique africaine de la faculté de droit de l’université Lomé a organisé une conférence-débat sur le thème, les incertitudes sur l’assistance humanitaire le 19 janvier 2011 à l’auditorium de l’université de Lomé. La conférence a été animée par le professeur titulaire de droit public monsieur Francisco DJEDJRO MELEDJE, Doyen honoraire de la faculté de droit de l’université de Cocody de la Côte d’Ivoire.</s>
    <s>La conférence a commencé à 10H40 par les allocutions du professeur Kodar, vice-doyen de la faculté de droit de l’université de Lomé, il est un professeur de droit public et celle du professeur Kokoroko qui est le doyen du département de droit public à la faculté de l’université de Lomé.</s>
    <s>A la suite des allocutions le professeur monsieur Francisco DJEDJRO MELEDJE a fait sa présentation sur le thème, les incertitudes sur l’assistance humanitaire. Le professeur dans sa présentation a relevé trois fondements pour l’assistance humanitaire à savoir, les fondements para juridiques; conventionnelles et coutumiers qu’il à opposer à la notion de la souveraineté des États.</s>
    <s>S’agissant des fondements para juridiques de l’assistance humanitaire le professeur a mis un accent sur le fait que les ONG et les organisations internationales fondaient l’assistance humanitaire sur l’éthique ; la morale… Cependant il importe de savoir qui peut être humanitaire? Du fait de la multiplication des organismes et ONG humanitaire et les abus qui en découle. D’où la nécessité de recherché un autre fondement de l’assistance humanitaire.</s>
    <s>!Les conventions internationales apparaissent comme un mécanisme pour réguler l’assistance et en assurer le contrôle. Cependant ce mécanisme a montré ses limites. En réalité certains États qui voient en l’assistance humanitaire une ingérence dans les affaires internes de leur pays, sont réticents voire hostiles la ratification de ses conventions internationales. Ceci a amené les défenseurs du droit à l’assistance humanitaire à trouver des voies de contournement ce qui justifie la reconnaissance de toutes pièces de l’existence d’un droit coutumier d’assistance humanitaire.</s>
    <s>Le fondement coutumier de l’assistance humanitaire trouve son existence de l’existence d’un droit naturel qui imposerait à la société l’obligation de protéger la vie humaine. Ainsi existerait un devoir de porter secours aux populations en détresse dans l’importe quels coins du monde entier. Ce ci justifierait par exemple l’intervention militaire de la communauté internationale pour venir en secours à une population maltraité par ses dirigeants politiques. Cependant pour le professeur la problématique subsistance sur l’existence d’un droit coutumier.</s>
    <s>Mots-clefs :</s>
    <s>dim 9 jan 2011</s>
    <s>Le Club Universitaire de Taekwondo</s>
    <s>Posted by ADJIM under Jeunesse</s>
    <s>!Dirigé par le maître N’PO Tissama Hervé Ceinture Noire 3ème DAN, le Club de Taekwondo de l’université de Lomé est un grand club de plus de cent pratiquants.</s>
    <s>Si le football a été jusqu’alors le sport roi, la jeunesse togolaise s’intéresse de plus en plus à d’autres</s>
    <s>disciplines sportives à savoir le handball, le basketball, l’athlétisme, et les arts martiaux dont le taekwondo.</s>
    <s>Longtemps considéré comme une pratique des bandits et voyous, les arts martiaux sont de plus en plus</s>
    <s>acceptés par la jeunesse pour plusieurs raisons. Le taekwondo par exemple est devenu une discipline olympique. Ce qui a poussé les dirigeants sportifs a initié des compétions nationales de taekwondo. Ce ci a changé radicalement l’image de ce sport qui peut être désormais un moyen de se rendre célèbre.</s>
    <s>!En outre, un autre phénomène marquant dans le changement de l’image que les gens ont du taekwondo est l’arrivé au Togo des missionnaires coréens qui sont presque tous des pratiquants du taekwondo. Ces missionnaires qui sont pour la plupart des étudiants organisent au cours des évangélisations des démonstrations de taekwondo. Ce qui a impressionné le public togolais.</s>
    <s>Le Club Universitaire de Taekwondo qui prend part aux démonstrations au côté des missionnaires coréens a bénéficié de cette amorce pour recruter un grand nombre de jeunes étudiants qui ont découvert au taekwondo un moyen de gagner la confiance en soi.</s>
    <s>!Avec l’avènement du système Licence Master Doctorat, LMD, à université de Lomé, le taekwondo est devenu tout comme d’autres disciplines sportives une unité d’enseignement libre. Ce ci a précipité beaucoup d’étudiants dans la pratique de ce sport. De ce fait le Club de Taekwondo de l’université de Lomé est devenu l’un des clubs qui compte le plus grand nombre de pratiquants au Togo.</s>
    <s>Mots-clefs :</s>
    <s>Page suivante »</s>
    <s>Currently Browsing</s>
    <s>You are currently browsing the archives for the Jeunesse category.</s>
    <s>octobre 2011</s>
    <s>L Ma Me J V S D</s>
    <s>« mar</s>
    <s>Pages :</s>
    <s>Jeunesse (17)</s>
    <s>Leadership (12)</s>
    <s>Non classé (2)</s>
    <s>Popular Tags:</s>
    <s>Des jeunes citoyens actifs is powered by WordPress 3.1 and delivered to you in 5,891 seconds using 60 queries.</s>
    <s>Theme: Connections Reloaded by Ajay D'Souza. Derived from Connections.</s>
    <s>Auteurs du blog</s>
    <s>Membre au hasard</s>
    <s>Groupe au hasard</s>
    <s>Blog au hasard</s>
  </text>
</page>
