<?xml version="1.0" encoding="UTF-8"?>
<!DOCTYPE page SYSTEM "page.dtd">
<page>
  <lang>fr</lang>
  <url>http://web2.uqat.ca/nourelfath/Publications_francais.htm</url>
  <title>Publications - Must@pha Nourelf@th</title>
  <snippet>
    <s>Conf., Besançon, 7-10 June (Accepted). </s>
  </snippet>
  <text>
    <s>1. Articles publiou acceptdans des revues avec comite lecture</s>
    <s>2. Articles soumis dans des revues avec comite lecture</s>
    <s>3. Articles dans des confnces avec comite lecture et publication des actes</s>
    <s>Articles publiou acceptdans des revues avec comite lecture</s>
    <s>M. Nourelfath and N. Nahas (2005). Artificial neural networks for reliability maximization under budget and weight constraints. Accepted in Journal of Quality in Maintenance Engineering.</s>
    <s>M. Nourelfath, N. Nahas and D. Ait-Kadi (2005). Optimal design of unreliable series production lines with finite buffers. Accepted in Journal of Quality in Maintenance Engineering</s>
    <s>M. Nourelfath and A. Khoumsi (2005). Grid automata and supervisory control of dense real-time discrete event systems. Accepted in Mathematics and Computers in Simulation.</s>
    <s>N. Nahas and M. Nourelfath (2005). Ant system for reliability of a series system with multiple-choice and budget constraints. Reliability Engineering and System Safety, Volume 87, Issue 1, pages 1-12.</s>
    <s>M. Nourelfath and Y. Dutuit (2004). A combined approach to solve the redundancy optimization problem for multi-state systems under repair policies. Reliability Engineering and System Safety, Volume 86, Issue 3, pages 205-213.</s>
    <s>M. Nourelfath and E. Niel (2004). Modular supervisory control of an experimental automated manufacturing system. Control Engineering Practice (IFAC), Volume 12, pages 205-216.</s>
    <s>M. Nourelfath and N. Nahas (2003). Quantized Hopfield networks for reliability optimization. Reliability Engineering and System Safety, Volume 81, Issue 2, pages 191-196.</s>
    <s>M. Nourelfath, D. Ait-Kadi and I. W. Soro (2003). Availability modeling and optimization of reconfigurable manufacturing systems. Journal of Quality in Maintenance Engineering, Volume 9, pages 284-302.</s>
    <s>D. Ait-Kadi and M. Nourelfath (2003). Availability optimization of fault-tolerant production systems. Journal of Decision Systems, Volume 12, Issue 1, pages 79-92.</s>
    <s>M. Nourelfath and E. Niel (2002). Extension de la thie du contra commande des systs de production. European Journal of Automated Manufacturing Systems (JESA), Volume 36, num. 8, pages 1079-1100.</s>
    <s>M. Nourelfath and E. Niel (2000). Contribution a surveillance des systs automatis de production. European Journal of Automated Manufacturing Systems (JESA), Volume 34, N 2-3, pages 331-340.</s>
    <s>Articles soumis dans des revues avec comite lecture</s>
    <s>M. Nourelfath et M.-O. Hongler. On the evaluation of the lead time and the fill rate of production systems. European Journal of Operational Research, 2005.</s>
    <s>N. Nahas, M. Nourelfath and D. Ait-Kadi (2004). An ant colony approach for buffer and machine selection in unreliable production lines. International Journal of Production Research, November 2004.</s>
    <s>N. Nahas, D. Ait-Kadi and M. Nourelfath (2004). A new approach for buffer allocation problem in unreliable production lines. International Journal of Production Economics, November 2004.</s>
    <s>M. Nourelfath and N. Nahas (2003). An ant colony approach to redundancy optimization for multi-state systems. Computers and Industrial Engineering, June 2003 (accepted by one reviewer).</s>
    <s>Articles dans des confnces avec comite lecture et publication des actes</s>
    <s>M. Nourelfath and D. Ait-Kadi (2005). Redundancy optimization for multi-state systems under repair policies. ESREL05, Tri City, Pologne, 25-30 June (Accepted).</s>
    <s>N. Nahas, M. Nourelfath and D. Ait-Kadi (2005). Ant colonies for optimal design of series-parallel production lines. Industrial Engineering and System Management (IESM) Conference, Marrakech, 16-19 May (Accepted).</s>
    <s>N. Nahas, D. Ait-Kadi and M. Nourelfath (2005). A degraded ceiling approach for optimal buffer allocation. 6th Int. Ind. Engin. Conf., Besan, 7-10 June (Accepted).</s>
    <s>B. Montreuil, N. Ouazzani, E. Brotherton and M. Nourelfath (2004). AntZone Layout Metaheuristic: Coupling Zone-based Layout Optimization, Ant Colony system and Domain Knowledge. Proceedings of the 8th International Material Handling Research Colloquium, Graz, Austria, pages 301-331.</s>
    <s>B. Montreuil, N. Ouazzani, E. Brotherton and M. Nourelfath (2004). Exploring the potential of an Ant Colony Metaheuristic for Facility Layout Optimization. INFORMS, Denver (USA), 24-27 October.</s>
    <s>M. Nourelfath and M.-O. Hongler (2004). Analytical results for the performance evaluation of failure-prone production systems. 5 Confnce Internationale de Modsation et de SIMulation (MOSIM04). Nantes 1-3 September, pages 529-536.</s>
    <s>N. Nahas and M. Nourelfath (2004). Ant system for optimal design of series production lines with unreliable machines and finite buffers. 5 Confnce Internationale de Modsation et de SIMulation (MOSIM04). Nantes 1-3 September, pages 267-274.</s>
    <s>M. Nourelfath and A. Khatab (2004). Ant Colony Optimization for Multi-State Series-Parallel System Expansion-Scheduling. 7th International Workshop on Discrete Event Systems (WODES04). Reims 22-24 September, pages 259-264.</s>
    <s>M. Nourelfath and N. Nahas (2004). Ant Colony Optimization to Redundancy Allocation for Multi-State Systems. 4th International Conference on Mathematical Methods in Reliability (MMR04), Santa Fe, New Mexico (USA), 21-25 June.</s>
    <s>M. Nourelfath and Y. Dutuit (2004). Universal moment generating function and stochastic Petri nets to redundancy optimization for multi-state systems under repair policies. International Conference on Probabilistic Safety Assessment and Management (PSAM) and ESREL, Berlin, 14-18 June, Springer Verlag, Volume 6, pages 3104-3109.</s>
    <s>M. Nourelfath et K. El Ghazouani (2004). Diagnostic Tests for Real Time Systems. International PSAM - ESREL, Berlin, 14-18 juin, Springer Verlag, Volume 2, pages 1128-1133.</s>
    <s>M. Nourelfath and N. Nahas (2004). Ant colonies in optimization of system reliability. International PSAM - ESREL, Berlin, 14-18 June, Springer Verlag, Volume 3, pages 1636-1641.</s>
    <s>M. Nourelfath, F. Erchiqui and A. Zeblah (2004). Optimization of Transfer Lines in Plastic Industry. ANTEC2004, Society of Plastics Engineers, Chicago, 16-20 May.</s>
    <s>M. Nourelfath, F. Erchiqui and A. Zeblah (2004). Artificial Neural Networks for Product Design in Plastic Industry. ANTEC2004, Society of Plastics Engineers, Chicago, 16-20 May.</s>
    <s>M. Nourelfath and A. Zeblah (2003). Ant colony optimization for the expansion planning problem of multi-state systems. 5th International Industrial Engineering Conference, Quebec, 26-29 October.</s>
    <s>N. Nahas, M. Nourelfath and T.M. Dao (2003). Quantized Hopfield Networks for Job-shop Scheduling. 5th International Industrial Engineering Conference, Quebec, 26-29 October.</s>
    <s>M. Nourelfath, K. El Ghazouani, A. En-Nouaary and R. Dssouli (2003). Diagnostic automatique des systs temps r. 5th International Industrial Engineering Conference, Quebec, 26-29 October.</s>
    <s>N. Nahas and M. Nourelfath (2003). Ant system for reliability optimization. 5th International Industrial Engineering Conference, Quebec, 26-29 October.</s>
    <s>I. W. Soro, D. Ait-Kadi and M. Nourelfath (2003). Allocation optimale de l'inspection et de la maintenance dun syst reconfigurable. 5th Int. Industrial Engin. Conf., Quebec, 26-29 October.</s>
    <s>M. Nourelfath, A. Zeblah, N. Nahas and D. Ait-Kadi (2003). Optimal design of series-parallel production lines with unreliable machines and finite buffers. International Conference on Industrial Engineering and Production Management (IEPM2003), Porto, 26-28 May 2003, pages 60-67.</s>
    <s>M. Nourelfath, A. Zeblah and N. Nahas (2003). An ant colony approach to redundancy optimization for multi-state systems. Int. Conf. on Indust. Engineer. and Prod. Manag. (IEPM), Porto, 26-28 May, pages 472-482.</s>
    <s>M. Nourelfath et N. Nahas (2003). Artificial neural networks for reliability optimization under budget constraints. Int. Conf. Indust. Engineer. and Prod. Manag. (IEPM), Porto, 26-28 May 2003, pages 518-526.</s>
    <s>M. Nourelfath and A. Khoumsi (2003). Grid automata and supervisory control of dense real-time discrete event systems. International Conference IEEE CESA, Lille, 9-11 July.</s>
    <s>M. Nourelfath, D. Ait-Kadi and I. W. Soro (2003). Performance evaluation of reconfigurable manufacturing systems. Congrinternat. pluridisciplinaire QUALITA, Nancy, France, 1820 Marsh, pages 156-162.</s>
    <s>M. Nourelfath and A. Khoumsi (2003). hantillonnage et automates de grille pour la synth de contrrs temporis MOSIM03. Toulouse, 23-25 April, pages 171-178.</s>
    <s>M. Nourelfath and N. Nahas (2002). Artificial neural networks for reliability optimization. 9th International Multi-Conference on Advanced Computer Systems, Conference on Production System Design, Supply Chain Management and Logistics, Pologne, 23-25 October.</s>
    <s>M. Nourelfath, D. Ait-Kadi and I. W. Soro (2002). Optimal design of reconfigurable manufacturing systems. IEEE Intern. Conf. on Syst., Man and Cybernetics (SMC02), Tunisia, 6-9 October.</s>
    <s>M. Nourelfath, D. Ait-Kadi and I. W. Soro (2002). Optimisation de la fiabilites systs reconfigurables. 3 Conf. Internat. de Recherche Optionnelle (CIRO'02), Marrakech, June 4-6.</s>
    <s>M. Nourelfath, K. El Ghazouani, A. En-Nouaary and R. Dssouli (2002). Diagnostic de fautes de sortie simples dans les systs temps r modspar des automates ntr sorties temporis. 3 Confnce Intern. de Recherche Optionnelle (CIRO'02), Marrakech, June 4-6.</s>
    <s>K. El Ghazouani, M. Nourelfath, A. En-Nouaary and R. Dssouli (2002). Diagnostic de fautes de transfert simples dans les systs temps r modspar des AEST. Colloque Francophone sur lIngerie des Protocoles (CFIP02), Hermes Lavoisier, Montreal, 28-30 May, pages 195 208</s>
    <s>A. Khoumsi and M. Nourelfath (2002). An efficient method for the supervisory control of dense real-time discrete event systems. 8th International Conference on Real Time Computing Systems and Applications (RTCSA02), Tokyo, Japan, 18-20 Marsh.</s>
    <s>M. Nourelfath (2001). Application of supervisory control theory to flexible manufacturing systems. IEEE Inter. Conf. on Industrial Electronics, Techno. and Automation, Cairo, Egypt, 19-21 December.</s>
    <s>M. Nourelfath and D. Ait-Kadi (2001). Une approche intde conception et dexploitation de systs sujets es dadations aloires. Colloque International MAO, Rabat 7-9 November.</s>
    <s>M. Nourelfath and D. Ait-Kadi (2001). aluation et optimisation de la productivites systs tolnts aux fautes. Colloque International Conception et Production Int Fez 24-26 October.</s>
    <s>D. Ait-Kadi and M. Nourelfath (2001). Availability optimization of fault-tolerant systems. Intern. Conference on Industrial Engineering and Production Management (IEPM01), Quc 20-23 August.</s>
    <s>M. Nourelfath (2001). Un nouvel algorithme pour la synth de la commande des systs nements discrets. Design, Analysis and Management of Industrial Systems (3 Confnce Internationale de Modsation et de SIMulation: MOSIM01), Troyes 25-27 April.</s>
    <s>M. Nourelfath (2000). A new approach for the supervisory control of automated manufacturing systems: a case study. The sixth International Conference on Control, Automation, Robotics and Vision (ICARCV00), Singapore 5-8 December.</s>
    <s>M. Nourelfath and E. Niel. Relaxation du concept de contrilitour une synth de la commande des systs de production. Conf. Internatio. Franc. dAutom. (CIFA-IEEE-CNRS), Lille 5-8 July.</s>
    <s>M. Nourelfath (2000). The real-time monitoring of an experimental manufacturing cell. IEEE Canadian Conference on Electrical and Computer Engineering (CCECE-IEEE), Halifax 7-10 May.</s>
    <s>M. Nourelfath and E. Niel (1999). Contribution to the monitoring of automated manufacturing systems. International Conference on Integrated Design and Production, Tanger 25-26 November.</s>
    <s>M. Nourelfath and E. Niel (1997). Discrete event dynamic systems monitoring using supervisory control theory. Conference on Control of Industrial Systems, IFAC-IFIP-IMACS, Belfort 20-22 May, pages 337-348.</s>
    <s>M. Nourelfath and E. Niel (1997). Extension de la thie de la supervision a commande des systs vments discrets. 2i Colloque National de Productique : la Productique au service de lentreprise, EST Casablanca 13-14 Novemer, pages 1-11.</s>
    <s>E. Niel, N. Rezg, M. Nourelfath and S. Boukhobza (1996). Supervisory control in the context of operational safety reactivity. Computional Engineering in systems Application (CESA96), IMACS-IEEE SMC Multiconference, Lille 9-12 July, pages 746-751.</s>
    <s>M. Nourelfath and E. Niel (1996). Formal specification and synthesis of Discrete Event Systems Control and Supervision. Computational Engineering in systems Application (CESA96), IMACS-IEEE SMC Multi-conference, Lille 9-12 July, pages 267-272.</s>
    <s>M. Nourelfath and E. Niel (1996). On the use of macroactions in Supervisory Control Theory for monitoring purpose. Fifth IEEE International Conference on Emerging Technologies and Factory Automation (ETFA), Kauai-Hawaii 18-21 November, pages 157-162.</s>
    <s>M. Nourelfath, E. Niel and S. Boukhobza (1996). Formalisation dun module de surveillance base de la thie des automates : synth et implantation sur un atelier flexible. Confnce AFCET-Modsation des systs rtifs, Brest 28-29 Marsh, pages 267-275.</s>
    <s>M. Nourelfath, F. Charbonnier, E. Niel and H. Alla (1997). Operational safety and supervised control of the manufacturing system of the AIP. Rensselaers 5th International Conference on Computer Integrated Manufacturing and Automation Technology (CIMAT), Grenoble 29-31 May, pages 71-77.</s>
    <s>E. Niel, B. Brandin, S. Boukhobza and M. Nourelfath (1995). Operational safety supervisory control : an approach to supervisor activation. INRIA/IEEE Symposium on Emerging Technologies and Factory Automation (ETFA), Paris 10-13 October, pages 553-561.</s>
    <s>M. Nourelfath, E. Niel and A. Jutard (1995). A contribution to the modelling of functional failures by Petri Nets. International Conference on Industrial Engineering and Production Management (IEPM95), Marrakech 4-7 April, pages 491-501.</s>
    <s>M. Nourelfath, E. Niel and A. Jutard (1995). A multi-model supervisory control applied to operational safety. Congrinternational de ge industriel, Montr, Canada 18-20 October, pp 531-539.</s>
  </text>
</page>
