<?xml version="1.0" encoding="UTF-8"?>
<!DOCTYPE page SYSTEM "page.dtd">
<page>
  <lang>fr</lang>
  <url>http://videos2010.rmll.info/</url>
  <title>Accueil - 11es RMLL du 6 au 11 juillet 2010</title>
  <snippet>
    <s>11 juil. 2010 Conférencier : Jean Marie Jans &amp; Jean-Marie Ottelé &amp; Nino Silverio &amp; Roger Medernach .. [429] Logiciels Libres et comité d&#39;entreprise </s>
  </snippet>
  <text>
    <s>Accessibilité Contact Aller au menu Aller au texte</s>
    <s>Le site des RMLL 2010</s>
    <s>Les vidéos des RMLL 2010</s>
    <s>11es RMLL du 6 au 11 juillet 2010</s>
    <s>Les RMLL sont un cycle non commercial de conférences, tables rondes et ateliers pratiques autour du Logiciel Libre et de ses usages. L'objectif est de fournir un lieu d'échanges entre utilisateurs, développeurs et acteurs du Logiciel Libre. L'accès est gratuit et ouvert à tous.</s>
    <s>Les RMLL étaient organisées cette année sur l'agglomération bordelaise du 6 au 11 juillet 2010 par un collectif d'associations d'Aquitaine avec le soutien de partenaires publics et privés.</s>
    <s>Les Vidéos des RMLL 2010 sont accessibles en ligne ci-dessous :</s>
    <s>Conservation securisee des archives electroniques publiques</s>
    <s>!Conservation sécurisée des archives électroniques publiques</s>
    <s>Conférencier : Renaud Lagrave</s>
    <s>Date : 7 juillet 2010</s>
    <s>Licence de la vidéo : CC-BY-SA</s>
    <s>Voir ou télécharger la vidéo</s>
    <s>Description / Slides / Biographie</s>
    <s>Perl 5.12</s>
    <s>!Perl 5.12</s>
    <s>Conférencier : Jesse Vincent</s>
    <s>Date : 8 juillet 2010</s>
    <s>Licence de la vidéo : cc-by-sa</s>
    <s>Voir ou télécharger la vidéo</s>
    <s>Description / Slides / Biographie</s>
    <s>Audits de code PHP</s>
    <s>!Audits de code PHP</s>
    <s>Conférencier : Damien Seguy</s>
    <s>Date : 6 juillet 2010</s>
    <s>Licence de la vidéo : cc-by-sa</s>
    <s>Voir ou télécharger la vidéo</s>
    <s>Description / Slides / Biographie</s>
    <s>Comment les aveugles jouent-ils ?</s>
    <s>!Comment les aveugles jouent-ils ?</s>
    <s>Conférencier : Mario Lang</s>
    <s>Date : 9 juillet 2010</s>
    <s>Licence de la vidéo : CC-BY-SA</s>
    <s>Voir ou télécharger la vidéo</s>
    <s>Description / Slides / Biographie</s>
    <s>La teleparticipation aux enseignements de travaux pratiques pour les etudiants handicapes</s>
    <s>!La téléparticipation aux enseignements de travaux pratiques pour les étudiants handicapés</s>
    <s>Conférencier : François Demontoux</s>
    <s>Date : 7 juillet 2010</s>
    <s>Licence de la vidéo : cc-by-sa</s>
    <s>Voir ou télécharger la vidéo</s>
    <s>Description / Slides / Biographie</s>
    <s>OOo4Kids 1.0 : Openoffice.org pour les jeunes</s>
    <s>!OOo4Kids 1.0 : Openoffice.org pour les jeunes</s>
    <s>Conférencier : Eric Bachard</s>
    <s>Date : 9 juillet 2010</s>
    <s>Licence de la vidéo :</s>
    <s>Voir ou télécharger la vidéo</s>
    <s>Description / Slides / Biographie</s>
    <s>Realiser des balades patrimoniales, geolocalisables et podcastables avec des logiciels libres.</s>
    <s>!Réaliser des balades patrimoniales, géolocalisables et podcastables avec des logiciels libres.</s>
    <s>Conférencier : Christophe Marquestaut</s>
    <s>Date : 8 juillet 2010</s>
    <s>Licence de la vidéo : CC-BY-NC-SA</s>
    <s>Voir ou télécharger la vidéo</s>
    <s>Description / Slides / Biographie</s>
    <s>Tout ce que vous avez toujours voulu savoir sur les geekscottes</s>
    <s>!Tout ce que vous avez toujours voulu savoir sur les geekscottes</s>
    <s>Conférencier : Nojhan</s>
    <s>Date : 8 juillet 2010</s>
    <s>Licence de la vidéo : CC-BY-SA</s>
    <s>Voir ou télécharger la vidéo</s>
    <s>Description / Slides / Biographie</s>
    <s>Dyris : des exercices dans votre navigateur</s>
    <s>!Dyris : des exercices dans votre navigateur</s>
    <s>Conférencier : Éric Leydet</s>
    <s>Date : 7 juillet 2010</s>
    <s>Licence de la vidéo : cc-by-sa</s>
    <s>Voir ou télécharger la vidéo</s>
    <s>Description / Slides / Biographie</s>
    <s>Les logiciels libres au service de l'equipement informatique scolaire (ordi2.0)</s>
    <s>!Les logiciels libres au service de l'équipement informatique scolaire (ordi2.0)</s>
    <s>Conférencier : William Famy</s>
    <s>Date : 7 juillet 2010</s>
    <s>Licence de la vidéo : cc-by-nc</s>
    <s>Voir ou télécharger la vidéo</s>
    <s>Description / Slides / Biographie</s>
    <s>Cinema numerique, concentration des media ou diversite culturelle : enjeux du deploiement et perspectives de developpement</s>
    <s>!Cinéma numérique, concentration des média ou diversité culturelle : enjeux du déploiement et perspectives de développement</s>
    <s>Conférencier : Rodolphe Village &amp; Christophe Sauthier &amp; Nicolas Bertrand</s>
    <s>Date : 8 juillet 2010</s>
    <s>Licence de la vidéo : CC-BY-SA</s>
    <s>Voir ou télécharger la vidéo</s>
    <s>Description / Slides / Biographie</s>
    <s>Creer des documents PDF sans barriere. Handicaps invisibles</s>
    <s>!Créer des documents PDF sans barrière. Handicaps invisibles</s>
    <s>Conférencier : Frank Hofmann</s>
    <s>Date : 9 juillet 2010</s>
    <s>Licence de la vidéo : CC-BY-SA</s>
    <s>Voir ou télécharger la vidéo</s>
    <s>Description / Slides / Biographie</s>
    <s>Table ronde « Le genre et le logiciel libre »</s>
    <s>!Table ronde « Le genre et le logiciel libre »</s>
    <s>Conférencier : Alexis Kauffmann &amp; Ayuko Sedooka &amp; Georges-Louis Baron &amp; Marine Soroko &amp; Pascale Luciani &amp; Jean-Pierre Archambault</s>
    <s>Date : 7 juillet 2010</s>
    <s>Licence de la vidéo : CC-BY-SA</s>
    <s>Voir ou télécharger la vidéo</s>
    <s>Description / Slides / Biographie</s>
    <s>Acceleration du developpement d'application avec Quickly</s>
    <s>!Accélération du développement d'application avec Quickly</s>
    <s>Conférencier : Didier Roche</s>
    <s>Date : 8 juillet 2010</s>
    <s>Licence de la vidéo : cc-by-sa</s>
    <s>Voir ou télécharger la vidéo</s>
    <s>Description / Slides / Biographie</s>
    <s>Conférencier : Cecile Blonay &amp; Sebastien Delcroix &amp; Julien Lavanchy</s>
    <s>Date : 8 juillet 2010</s>
    <s>Licence de la vidéo : cc-by-sa</s>
    <s>Voir ou télécharger la vidéo</s>
    <s>Description / Slides / Biographie</s>
    <s>Tanaguru : logiciel libre pour rendre les sites web meilleurs !</s>
    <s>!Tanaguru : logiciel libre pour rendre les sites web meilleurs !</s>
    <s>Conférencier : Matthieu Faure</s>
    <s>Date : 7 juillet 2010</s>
    <s>Licence de la vidéo : CC-BY-SA</s>
    <s>Voir ou télécharger la vidéo</s>
    <s>Description / Slides / Biographie</s>
    <s>Usage des logiciels libres en Haiti</s>
    <s>!Usage des logiciels libres en Haïti</s>
    <s>Conférencier : Marc Manuel Flimerlus</s>
    <s>Date : 9 juillet 2010</s>
    <s>Licence de la vidéo : CC-BY-SA</s>
    <s>Voir ou télécharger la vidéo</s>
    <s>Description / Slides / Biographie</s>
    <s>OpenStreetMap : une introduction a la contribution et la reutilisation</s>
    <s>!OpenStreetMap : une introduction à la contribution et la réutilisation</s>
    <s>Conférencier : Frederic Rodrigo</s>
    <s>Date : 7 juillet 2010</s>
    <s>Licence de la vidéo : CC-BY-SA</s>
    <s>Voir ou télécharger la vidéo</s>
    <s>Description / Slides / Biographie</s>
    <s>Le logiciel libre, un defi pour l'enseignement</s>
    <s>!Le logiciel libre, un défi pour l'enseignement</s>
    <s>Conférencier : Jean Marie Jans &amp; Jean-Marie Ottele &amp; Nino Silverio &amp; Roger Medernach</s>
    <s>Date : 9 juillet 2010</s>
    <s>Licence de la vidéo : cc-by-sa</s>
    <s>Voir ou télécharger la vidéo</s>
    <s>Description / Slides / Biographie</s>
    <s>Industrialisation du developpement Java avec un socle technique</s>
    <s>!Industrialisation du développement Java avec un socle technique</s>
    <s>Conférencier : Stephane Traumat</s>
    <s>Date : 7 juillet 2010</s>
    <s>Licence de la vidéo : cc-by-sa</s>
    <s>Voir ou télécharger la vidéo</s>
    <s>Description / Slides / Biographie</s>
    <s>Retour sur une annee d'actions de sensibilisation au logiciel libre</s>
    <s>!Retour sur une année d'actions de sensibilisation au logiciel libre</s>
    <s>Conférencier : Jean-Christophe Becquet</s>
    <s>Date : 6 juillet 2010</s>
    <s>Licence de la vidéo : cc-by-sa</s>
    <s>Voir ou télécharger la vidéo</s>
    <s>Description / Slides / Biographie</s>
    <s>La traduction de KDE en français</s>
    <s>!La traduction de KDE en français</s>
    <s>Conférencier : Ludovic Grossard</s>
    <s>Date : 9 juillet 2010</s>
    <s>Licence de la vidéo : cc-by-sa</s>
    <s>Voir ou télécharger la vidéo</s>
    <s>Description / Slides / Biographie</s>
    <s>Peer to peer issue tracking with SD and Prophet</s>
    <s>!Peer to peer issue tracking with SD and Prophet</s>
    <s>Conférencier : Jesse Vincent</s>
    <s>Date : 7 juillet 2010</s>
    <s>Licence de la vidéo : cc-by-sa</s>
    <s>Voir ou télécharger la vidéo</s>
    <s>Description / Slides / Biographie</s>
    <s>Introduction aux technologies 'fulltext' libres</s>
    <s>!Introduction aux technologies 'fulltext' libres</s>
    <s>Conférencier : Robert Viseur</s>
    <s>Date : 9 juillet 2010</s>
    <s>Licence de la vidéo : cc-by-sa</s>
    <s>Voir ou télécharger la vidéo</s>
    <s>Description / Slides / Biographie</s>
    <s>Using open source tools to create a web application load testing environment</s>
    <s>!Using open source tools to create a web application load testing environment</s>
    <s>Conférencier : Sukrit Dhandhania</s>
    <s>Date : 9 juillet 2010</s>
    <s>Licence de la vidéo : CC-BY-SA</s>
    <s>Voir ou télécharger la vidéo</s>
    <s>Description / Slides / Biographie</s>
    <s>Test automatique des applications Web avec Selenium</s>
    <s>!Test automatique des applications Web avec Selenium</s>
    <s>Conférencier : Kevin Pollet &amp; Jeremy Herault</s>
    <s>Date : 7 juillet 2010</s>
    <s>Licence de la vidéo : CC-BY-SA</s>
    <s>Voir ou télécharger la vidéo</s>
    <s>Description / Slides / Biographie</s>
    <s>Plume, Relier et le patrimoins logiciel d'un laboratoire</s>
    <s>!Plume, Relier et le patrimoins logiciel d'un laboratoire</s>
    <s>Conférencier : Teresa Gomez Diaz</s>
    <s>Date : 9 juillet 2010</s>
    <s>Licence de la vidéo : cc-by-sa</s>
    <s>Voir ou télécharger la vidéo</s>
    <s>Description / Slides / Biographie</s>
    <s>Gerer des miliers de clients legers avec LTSP-Cluster</s>
    <s>!Gérer des miliers de clients légers avec LTSP-Cluster</s>
    <s>Conférencier : Patrice Albaret</s>
    <s>Date : 7 juillet 2010</s>
    <s>Licence de la vidéo : cc-by-sa</s>
    <s>Voir ou télécharger la vidéo</s>
    <s>Description / Slides / Biographie</s>
    <s>Client to deal with great amount of bug for Launchpad: BugHugger</s>
    <s>!Client to deal with great amount of bug for Launchpad: BugHugger</s>
    <s>Conférencier : Didier Roche</s>
    <s>Date : 7 juillet 2010</s>
    <s>Licence de la vidéo : cc-by-sa</s>
    <s>Voir ou télécharger la vidéo</s>
    <s>Description / Slides / Biographie</s>
    <s>La Feuille de Route 2020 du Logiciel Libre, 3e edition</s>
    <s>!La Feuille de Route 2020 du Logiciel Libre, 3e édition</s>
    <s>Conférencier : Jean-Pierre Laisne</s>
    <s>Date : 6 juillet 2010</s>
    <s>Licence de la vidéo : cc-by-sa</s>
    <s>Voir ou télécharger la vidéo</s>
    <s>Description / Slides / Biographie</s>
    <s>Promethee, Plateforme de formation ouverte et a distance</s>
    <s>!Prométhée, Plateforme de formation ouverte et à distance</s>
    <s>Conférencier : Dominique Laporte</s>
    <s>Date : 6 juillet 2010</s>
    <s>Licence de la vidéo : cc-by-sa</s>
    <s>Voir ou télécharger la vidéo</s>
    <s>Description / Slides / Biographie</s>
    <s>Decouvrons Symfony 2</s>
    <s>!Découvrons Symfony 2</s>
    <s>Conférencier : Noel Guilbert</s>
    <s>Date : 7 juillet 2010</s>
    <s>Licence de la vidéo : CC-BY-SA</s>
    <s>Voir ou télécharger la vidéo</s>
    <s>Description / Slides / Biographie</s>
    <s>Framakey : 5 ans de logiciels libres sur cle USB</s>
    <s>!Framakey : 5 ans de logiciels libres sur clé USB</s>
    <s>Conférencier : Pierre-Yves Gosset &amp; Alexis Kaufmann</s>
    <s>Date : 7 juillet 2010</s>
    <s>Licence de la vidéo : CC-BY-SA</s>
    <s>Voir ou télécharger la vidéo</s>
    <s>Description / Slides / Biographie</s>
    <s>Presentation du projet « Nobjet »</s>
    <s>!Présentation du projet « Nobjet »</s>
    <s>Conférencier : Nathaniel Raymond</s>
    <s>Date : 6 juillet 2010</s>
    <s>Licence de la vidéo : ART LIBRE</s>
    <s>Voir ou télécharger la vidéo</s>
    <s>Description / Slides / Biographie</s>
    <s>Industrialisation &amp; agilite : le projet HELIOS</s>
    <s>!Industrialisation &amp; agilité : le projet HELIOS</s>
    <s>Conférencier : Laurent Laudinet</s>
    <s>Date : 7 juillet 2010</s>
    <s>Licence de la vidéo : cc-by-sa</s>
    <s>Voir ou télécharger la vidéo</s>
    <s>Description / Slides / Biographie</s>
    <s>How to make applications accessible?</s>
    <s>!How to make applications accessible?</s>
    <s>Conférencier : Samuel Thibault</s>
    <s>Date : 9 juillet 2010</s>
    <s>Licence de la vidéo : cc-by-sa</s>
    <s>Voir ou télécharger la vidéo</s>
    <s>Description / Slides / Biographie</s>
    <s>Table ronde « Libre et solidarite numerique, cooperation avec l'Afrique »</s>
    <s>!Table ronde « Libre et solidarité numérique, coopération avec l'Afrique »</s>
    <s>Conférencier : Jean-Pierre Archambault &amp; Pascale Luciani &amp; Yves Miezan Ezo &amp; Genevieve Pouchin &amp; Jean-Yves Jeannas</s>
    <s>Date : 7 juillet 2010</s>
    <s>Licence de la vidéo : CC-BY-SA</s>
    <s>Voir ou télécharger la vidéo</s>
    <s>Description / Slides / Biographie</s>
    <s>Un automate de test cote client en JavaScript</s>
    <s>!Un automate de test côté client en JavaScript</s>
    <s>Conférencier : Fabrice Bonny &amp; Mickael Hoareau &amp; Samuel Martin &amp; Élie Sloim</s>
    <s>Date : 7 juillet 2010</s>
    <s>Licence de la vidéo : CC-BY-SA</s>
    <s>Voir ou télécharger la vidéo</s>
    <s>Description / Slides / Biographie</s>
    <s>Services web SOAP et RESTful avec Symfony</s>
    <s>!Services web SOAP et RESTful avec Symfony</s>
    <s>Conférencier : Hugo Hamon</s>
    <s>Date : 6 juillet 2010</s>
    <s>Licence de la vidéo : cc-by-sa</s>
    <s>Voir ou télécharger la vidéo</s>
    <s>Description / Slides / Biographie</s>
    <s>CMS Automne : Goutez la simplicite</s>
    <s>!CMS Automne : Goûtez la simplicité</s>
    <s>Conférencier : Sebastien Pauchet &amp; Frank Taillandier</s>
    <s>Date : 8 juillet 2010</s>
    <s>Licence de la vidéo : CC-BY-SA</s>
    <s>Voir ou télécharger la vidéo</s>
    <s>Description / Slides / Biographie</s>
    <s>CEPE-ALSH Un logiciel de gestion pour creches, garderies et centres de loisirs</s>
    <s>!CEPE-ALSH Un logiciel de gestion pour crèches, garderies et centres de loisirs</s>
    <s>Conférencier : Laurent Costy &amp; Benjamin Deceuninck</s>
    <s>Date : 9 juillet 2010</s>
    <s>Licence de la vidéo : cc-by-sa</s>
    <s>Voir ou télécharger la vidéo</s>
    <s>Description / Slides / Biographie</s>
    <s>PLF, histoire d'un depot tiers pas comme les autres pour Mandriva</s>
    <s>!PLF, histoire d'un dépôt tiers pas comme les autres pour Mandriva</s>
    <s>Conférencier : Michael Scherer</s>
    <s>Date : 9 juillet 2010</s>
    <s>Licence de la vidéo : cc-by-sa</s>
    <s>Voir ou télécharger la vidéo</s>
    <s>Description / Slides / Biographie</s>
    <s>Autour de la gouvernance</s>
    <s>!Autour de la gouvernance</s>
    <s>Conférencier : Jean-Luc Archimbaud &amp; Serge Genot &amp; François Elie &amp; Jean-Pierre Troeira</s>
    <s>Date : 6 juillet 2010</s>
    <s>Licence de la vidéo : CC-BY-SA</s>
    <s>Voir ou télécharger la vidéo</s>
    <s>Description / Slides / Biographie</s>
    <s>Outils libres pour webdesigner</s>
    <s>!Outils libres pour webdesigner</s>
    <s>Conférencier : Yorick Barbanneau</s>
    <s>Date : 7 juillet 2010</s>
    <s>Licence de la vidéo : CC-BY-SA</s>
    <s>Voir ou télécharger la vidéo</s>
    <s>Description / Slides / Biographie</s>
    <s>FusionForge, one year and a half later</s>
    <s>!FusionForge, one year and a half later</s>
    <s>Conférencier : Roland Mas</s>
    <s>Date : 7 juillet 2010</s>
    <s>Licence de la vidéo : cc-by-sa</s>
    <s>Voir ou télécharger la vidéo</s>
    <s>Description / Slides / Biographie</s>
    <s>The Launchpad collaboration platform</s>
    <s>!The Launchpad collaboration platform</s>
    <s>Conférencier : Jonathan Lange</s>
    <s>Date : 7 juillet 2010</s>
    <s>Licence de la vidéo : cc-by-sa</s>
    <s>Voir ou télécharger la vidéo</s>
    <s>Description / Slides / Biographie</s>
    <s>Graphiques avec Gnumeric</s>
    <s>!Graphiques avec Gnumeric</s>
    <s>Conférencier : Jean Brefort</s>
    <s>Date : 9 juillet 2010</s>
    <s>Licence de la vidéo : cc-by-sa</s>
    <s>Voir ou télécharger la vidéo</s>
    <s>Description / Slides / Biographie</s>
    <s>Conférencier : Chantal Bernard-Putz &amp; Benjamin Sonntag</s>
    <s>Date : 9 juillet 2010</s>
    <s>Licence de la vidéo : cc-by-sa</s>
    <s>Voir ou télécharger la vidéo</s>
    <s>Description / Slides / Biographie</s>
    <s>Le projet « Framalang »</s>
    <s>!Le projet « Framalang »</s>
    <s>Conférencier : Simon Descarpentries</s>
    <s>Date : 9 juillet 2010</s>
    <s>Licence de la vidéo : CC-BY-SA</s>
    <s>Voir ou télécharger la vidéo</s>
    <s>Description / Slides / Biographie</s>
    <s>Cahier de texte numerique</s>
    <s>!Cahier de texte numérique</s>
    <s>Conférencier : Dominique Laporte</s>
    <s>Date : 8 juillet 2010</s>
    <s>Licence de la vidéo : cc-by-sa</s>
    <s>Voir ou télécharger la vidéo</s>
    <s>Description / Slides / Biographie</s>
    <s>Accessibilite pour les non-lecteurs</s>
    <s>!Accessibilité pour les non-lecteurs</s>
    <s>Conférencier : T.B. Dinesh</s>
    <s>Date : 7 juillet 2010</s>
    <s>Licence de la vidéo : CC-BY-SA</s>
    <s>Voir ou télécharger la vidéo</s>
    <s>Description / Slides / Biographie</s>
    <s>DManager, mon porte document</s>
    <s>!DManager, mon porte document</s>
    <s>Conférencier : Chantal Bernard-Putz</s>
    <s>Date : 8 juillet 2010</s>
    <s>Licence de la vidéo : cc-by-sa</s>
    <s>Voir ou télécharger la vidéo</s>
    <s>Description / Slides / Biographie</s>
    <s>La Poule ou l'oeuf, le logiciel-livre</s>
    <s>!La Poule ou l'oeuf, le logiciel-livre</s>
    <s>Conférencier : Chloe Girard &amp; David Dauvergne</s>
    <s>Date : 9 juillet 2010</s>
    <s>Licence de la vidéo : CC-BY-SA</s>
    <s>Voir ou télécharger la vidéo</s>
    <s>Description / Slides / Biographie</s>
    <s>Choosing a software forge</s>
    <s>!Choosing a software forge</s>
    <s>Conférencier : Joseph Roumier</s>
    <s>Date : 7 juillet 2010</s>
    <s>Licence de la vidéo : cc-by-sa</s>
    <s>Voir ou télécharger la vidéo</s>
    <s>Description / Slides / Biographie</s>
    <s>Jouons avec Symfony 2</s>
    <s>!Jouons avec Symfony 2</s>
    <s>Conférencier : Noel Guilbert</s>
    <s>Date : 7 juillet 2010</s>
    <s>Licence de la vidéo : CC-BY-SA</s>
    <s>Voir ou télécharger la vidéo</s>
    <s>Description / Slides / Biographie</s>
    <s>Joomla, jusqu'ou aller avec ce CMS multifonction ?</s>
    <s>!Joomla, jusqu'où aller avec ce CMS multifonction ?</s>
    <s>Conférencier : Yann Gomiero &amp; Philippe Marty</s>
    <s>Date : 8 juillet 2010</s>
    <s>Licence de la vidéo : CC-BY-SA</s>
    <s>Voir ou télécharger la vidéo</s>
    <s>Description / Slides / Biographie</s>
    <s>AbulÉdu et les ecoles numeriques rurales</s>
    <s>!AbulÉdu et les écoles numériques rurales</s>
    <s>Conférencier : Animateur Abuledu</s>
    <s>Date : 9 juillet 2010</s>
    <s>Licence de la vidéo : cc-by-sa</s>
    <s>Voir ou télécharger la vidéo</s>
    <s>Description / Slides / Biographie</s>
    <s>Libre de Poche : des livres libres pour etre libres.</s>
    <s>!Libre de Poche : des livres libres pour être libres.</s>
    <s>Conférencier : Julien Barrier</s>
    <s>Date : 9 juillet 2010</s>
    <s>Licence de la vidéo : ART LIBRE</s>
    <s>Voir ou télécharger la vidéo</s>
    <s>Description / Slides / Biographie</s>
    <s>Request Tracker Ticketing System</s>
    <s>!Request Tracker Ticketing System</s>
    <s>Conférencier : Jesse Vincent</s>
    <s>Date : 7 juillet 2010</s>
    <s>Licence de la vidéo : cc-by-sa</s>
    <s>Voir ou télécharger la vidéo</s>
    <s>Description / Slides / Biographie</s>
    <s>Minbif -- Une passerelle IRC vers le monde moderne</s>
    <s>!Minbif -- Une passerelle IRC vers le monde moderne</s>
    <s>Conférencier : Romain Bignon</s>
    <s>Date : 8 juillet 2010</s>
    <s>Licence de la vidéo : CC-BY-SA</s>
    <s>Voir ou télécharger la vidéo</s>
    <s>Description / Slides / Biographie</s>
    <s>Optimisation des performances d'un site sous TYPO3</s>
    <s>!Optimisation des performances d'un site sous TYPO3</s>
    <s>Conférencier : Alexandre Gravel-Raymond</s>
    <s>Date : 8 juillet 2010</s>
    <s>Licence de la vidéo : CC-BY-SA</s>
    <s>Voir ou télécharger la vidéo</s>
    <s>Description / Slides / Biographie</s>
    <s>City : une chaine editoriale collaborative pour la creation et la publication des documents administratifs</s>
    <s>!City : une chaîne éditoriale collaborative pour la création et la publication des documents administratifs</s>
    <s>Conférencier : Mathias Valais-Gerard</s>
    <s>Date : 6 juillet 2010</s>
    <s>Licence de la vidéo : CC-BY-SA</s>
    <s>Voir ou télécharger la vidéo</s>
    <s>Description / Slides / Biographie</s>
    <s>Traduction collaborative dans WordPress, cas d'ecole</s>
    <s>!Traduction collaborative dans WordPress, cas d'école</s>
    <s>Conférencier : Jose Fontainhas</s>
    <s>Date : 9 juillet 2010</s>
    <s>Licence de la vidéo : CC-BY-SA</s>
    <s>Voir ou télécharger la vidéo</s>
    <s>Description / Slides / Biographie</s>
    <s>La route vers GNOME 3</s>
    <s>!La route vers GNOME 3</s>
    <s>Conférencier : Vincent Untz</s>
    <s>Date : 9 juillet 2010</s>
    <s>Licence de la vidéo : cc-by-sa</s>
    <s>Voir ou télécharger la vidéo</s>
    <s>Description / Slides / Biographie</s>
    <s>A new Savane</s>
    <s>!A new Savane</s>
    <s>Conférencier : Sylvain Beucler</s>
    <s>Date : 7 juillet 2010</s>
    <s>Licence de la vidéo : cc-by-sa</s>
    <s>Voir ou télécharger la vidéo</s>
    <s>Description / Slides / Biographie</s>
    <s>Piwigo, galerie photo pour le web</s>
    <s>!Piwigo, galerie photo pour le web</s>
    <s>Conférencier : Pierrick Le Gall</s>
    <s>Date : 8 juillet 2010</s>
    <s>Licence de la vidéo : CC-BY-SA</s>
    <s>Voir ou télécharger la vidéo</s>
    <s>Description / Slides / Biographie</s>
    <s>Towards a common definition of free and open education</s>
    <s>!Towards a common definition of free and open education</s>
    <s>Conférencier : Franco Iaconella</s>
    <s>Date : 8 juillet 2010</s>
    <s>Licence de la vidéo : cc-by-sa</s>
    <s>Voir ou télécharger la vidéo</s>
    <s>Description / Slides / Biographie</s>
    <s>BigBlueButton et Moodle : Un enseignement a distance &amp;171; libre &amp;187; et performant.</s>
    <s>!BigBlueButton et Moodle : Un enseignement à distance &amp;171; libre &amp;187; et performant.</s>
    <s>Conférencier : Romaric Sagbo</s>
    <s>Date : 9 juillet 2010</s>
    <s>Licence de la vidéo : CC-BY-SA</s>
    <s>Voir ou télécharger la vidéo</s>
    <s>Description / Slides / Biographie</s>
    <s>Copyleft et Licences libres, quels enjeux pour l'art et la culture ?</s>
    <s>!Copyleft et Licences libres, quels enjeux pour l'art et la culture ?</s>
    <s>Conférencier : Jeremie Nestel &amp; Isabelle Vodjdani</s>
    <s>Date : 7 juillet 2010</s>
    <s>Licence de la vidéo : CC-BY-SA</s>
    <s>Voir ou télécharger la vidéo</s>
    <s>Description / Slides / Biographie</s>
    <s>Introduction a Apache Lenya</s>
    <s>!Introduction à Apache Lenya</s>
    <s>Conférencier : Richard Frovarp &amp; Rudolf Korhummel</s>
    <s>Date : 9 juillet 2010</s>
    <s>Licence de la vidéo : CC-BY-SA</s>
    <s>Voir ou télécharger la vidéo</s>
    <s>Description / Slides / Biographie</s>
    <s>ClassCloud: switch your PC classroom into cloud testbed</s>
    <s>!ClassCloud: switch your PC classroom into cloud testbed</s>
    <s>Conférencier : Jazz Wang</s>
    <s>Date : 7 juillet 2010</s>
    <s>Licence de la vidéo : cc-by-sa</s>
    <s>Voir ou télécharger la vidéo</s>
    <s>Description / Slides / Biographie</s>
    <s>Weboob, le suppositoire du web</s>
    <s>!Weboob, le suppositoire du web</s>
    <s>Conférencier : Romain Bignon &amp; Christophe Benz</s>
    <s>Date : 8 juillet 2010</s>
    <s>Licence de la vidéo : CC-BY-SA</s>
    <s>Voir ou télécharger la vidéo</s>
    <s>Description / Slides / Biographie</s>
    <s>Le projet AcceDe. Accessibilite et PDF, une diffusion libre des connaissances par des entreprises privees</s>
    <s>!Le projet AcceDe. Accessibilité et PDF, une diffusion libre des connaissances par des entreprises privées</s>
    <s>Conférencier : Sylvie Goldfrain</s>
    <s>Date : 6 juillet 2010</s>
    <s>Licence de la vidéo : CC-BY-SA</s>
    <s>Voir ou télécharger la vidéo</s>
    <s>Description / Slides / Biographie</s>
    <s>Étendre le compilateur GCC avec MELT pour vos besoins</s>
    <s>!Étendre le compilateur GCC avec MELT pour vos besoins</s>
    <s>Conférencier : Basile Starynkevitch</s>
    <s>Date : 6 juillet 2010</s>
    <s>Licence de la vidéo : cc-by-sa</s>
    <s>Voir ou télécharger la vidéo</s>
    <s>Description / Slides / Biographie</s>
    <s>RetroWeb, un logiciel open­source pour l'extraction de donnees sur Internet</s>
    <s>!RetroWeb, un logiciel open­source pour l'extraction de données sur Internet</s>
    <s>Conférencier : Fabrice Estievenart</s>
    <s>Date : 8 juillet 2010</s>
    <s>Licence de la vidéo : CC-BY-SA</s>
    <s>Voir ou télécharger la vidéo</s>
    <s>Description / Slides / Biographie</s>
    <s>Le guide illustre de votre premiere contribution a openSUSE</s>
    <s>!Le guide illustré de votre première contribution à openSUSE</s>
    <s>Conférencier : Vincent Untz</s>
    <s>Date : 9 juillet 2010</s>
    <s>Licence de la vidéo : cc-by-sa</s>
    <s>Voir ou télécharger la vidéo</s>
    <s>Description / Slides / Biographie</s>
    <s>Enseignement-apprentisage avec la carte conceptuelle du logiciel libre</s>
    <s>!Enseignement-apprentisage avec la carte conceptuelle du logiciel libre</s>
    <s>Conférencier : Rene Merou</s>
    <s>Date : 6 juillet 2010</s>
    <s>Licence de la vidéo : CC-BY-SA,GFDL</s>
    <s>Voir ou télécharger la vidéo</s>
    <s>Description / Slides / Biographie</s>
    <s>GCompris, logiciel educatif de 2 a 10 ans</s>
    <s>!GCompris, logiciel éducatif de 2 à 10 ans</s>
    <s>Conférencier : Bruno Coudoin</s>
    <s>Date : 7 juillet 2010</s>
    <s>Licence de la vidéo : cc-by-sa</s>
    <s>Voir ou télécharger la vidéo</s>
    <s>Description / Slides / Biographie</s>
    <s>Conférencier : Odile Benassy</s>
    <s>Date : 9 juillet 2010</s>
    <s>Licence de la vidéo : cc-by-sa</s>
    <s>Voir ou télécharger la vidéo</s>
    <s>Description / Slides / Biographie</s>
    <s>Ecoutez votre code PHP</s>
    <s>!Ecoutez votre code PHP</s>
    <s>Conférencier : Gabriele Santini</s>
    <s>Date : 6 juillet 2010</s>
    <s>Licence de la vidéo : cc-by-sa</s>
    <s>Voir ou télécharger la vidéo</s>
    <s>Description / Slides / Biographie</s>
    <s>Industrialiser ses developpements PHP</s>
    <s>!Industrialiser ses développements PHP</s>
    <s>Conférencier : Jean-Marc Fontaine</s>
    <s>Date : 6 juillet 2010</s>
    <s>Licence de la vidéo : cc-by-sa</s>
    <s>Voir ou télécharger la vidéo</s>
    <s>Description / Slides / Biographie</s>
    <s>School information management for teachers</s>
    <s>!School information management for teachers</s>
    <s>Conférencier : T.B. Dinesh</s>
    <s>Date : 7 juillet 2010</s>
    <s>Licence de la vidéo : cc-by-sa</s>
    <s>Voir ou télécharger la vidéo</s>
    <s>Description / Slides / Biographie</s>
    <s>L'acces aux bases NoSql en python</s>
    <s>!L'accès aux bases NoSql en python</s>
    <s>Conférencier : Youenn Boussard</s>
    <s>Date : 8 juillet 2010</s>
    <s>Licence de la vidéo : cc-by-sa</s>
    <s>Voir ou télécharger la vidéo</s>
    <s>Description / Slides / Biographie</s>
    <s>Logiciels Libres et comite d'entreprise</s>
    <s>!Logiciels Libres et comitÃ© d'entreprise</s>
    <s>Conférencier : Frederic Sultan</s>
    <s>Date : 7 juillet 2010</s>
    <s>Licence de la conférence audio : CC-BY-SA</s>
    <s>Voir ou télécharger la conférence audio</s>
    <s>Description / Slides / Biographie</s>
    <s>OpenBarter, une place de marche de troc de biens mesurables</s>
    <s>!OpenBarter, une place de marchÃ© de troc de biens mesurables</s>
    <s>Conférencier : Olivier Chaussavoine</s>
    <s>Date : 9 juillet 2010</s>
    <s>Licence de la conférence audio : CC-BY-SA</s>
    <s>Voir ou télécharger la conférence audio</s>
    <s>Description / Slides / Biographie</s>
    <s>Carte OuVerte, une carte eco-citoyenne collaborative libre</s>
    <s>!Carte OuVerte, une carte Ã©co-citoyenne collaborative libre</s>
    <s>Conférencier : Érik Zilliox &amp; Étienne Loks</s>
    <s>Date : 9 juillet 2010</s>
    <s>Licence de la conférence audio : CC-BY-SA</s>
    <s>Voir ou télécharger la conférence audio</s>
    <s>Description / Slides / Biographie</s>
    <s>Entreprendre dans l'economie du logiciel libre sans trahir 'l'esprit du Libre'</s>
    <s>!Entreprendre dans l'Ã©conomie du logiciel libre sans trahir 'l'esprit du Libre'</s>
    <s>Conférencier : Emmanuel Antoine &amp; Arnaud Luquin</s>
    <s>Date : 7 juillet 2010</s>
    <s>Licence de la conférence audio : CC-BY-SA</s>
    <s>Voir ou télécharger la conférence audio</s>
    <s>Description / Slides / Biographie</s>
    <s>Conférencier : Julien Reveret</s>
    <s>Date : 7 juillet 2010</s>
    <s>Licence de la conférence audio : CC-BY-SA</s>
    <s>Voir ou télécharger la conférence audio</s>
    <s>Description / Slides / Biographie</s>
    <s>ISIS-Fish, un simulateur libre pour la recherche</s>
    <s>!ISIS-Fish, un simulateur libre pour la recherche</s>
    <s>Conférencier : Jean Couteau</s>
    <s>Date : 7 juillet 2010</s>
    <s>Licence de la conférence audio : CC-BY-SA</s>
    <s>Voir ou télécharger la conférence audio</s>
    <s>Description / Slides / Biographie</s>
    <s>Les atouts d'Internet pour relever le defi du developpement durable</s>
    <s>!Les atouts d'Internet pour relever le dÃ©fi du dÃ©veloppement durable</s>
    <s>Conférencier : Benoit Werner</s>
    <s>Date : 9 juillet 2010</s>
    <s>Licence de la conférence audio : CC-BY-SA</s>
    <s>Voir ou télécharger la conférence audio</s>
    <s>Description / Slides / Biographie</s>
    <s>Architecture de gestion des identites pour l'internet / Certificats d'attributs avances avec Cryptic</s>
    <s>!Architecture de gestion des identitÃ©s pour l'internet / Certificats d'attributs avancÃ©s avec Cryptic</s>
    <s>Conférencier : Mickael Ates</s>
    <s>Date : 8 juillet 2010</s>
    <s>Licence de la conférence audio : CC-BY-SA</s>
    <s>Voir ou télécharger la conférence audio</s>
    <s>Description / Slides / Biographie</s>
    <s>Le chiffrement de disque sous linux, vrai ou faux sentiment de securite ?</s>
    <s>!Le chiffrement de disque sous linux, vrai ou faux sentiment de sÃ©curitÃ© ?</s>
    <s>Conférencier : Kevin Denis</s>
    <s>Date : 7 juillet 2010</s>
    <s>Licence de la conférence audio : CC-BY-SA</s>
    <s>Voir ou télécharger la conférence audio</s>
    <s>Description / Slides / Biographie</s>
    <s>La gestion electronique de Documents - Quotero</s>
    <s>!La gestion electronique de Documents - Quotero</s>
    <s>Conférencier : Marine Soroko</s>
    <s>Date : 7 juillet 2010</s>
    <s>Licence de la conférence audio : CC-BY-SA</s>
    <s>Voir ou télécharger la conférence audio</s>
    <s>Description / Slides / Biographie</s>
    <s>Logiciels d'acquisition de donnees scientifiques : vers plus de liberte ?</s>
    <s>!Logiciels d'acquisition de donnÃ©es scientifiques : vers plus de libertÃ© ?</s>
    <s>Conférencier : Pierre Dieumegard</s>
    <s>Date : 7 juillet 2010</s>
    <s>Licence de la conférence audio : CC-BY-SA</s>
    <s>Voir ou télécharger la conférence audio</s>
    <s>Description / Slides / Biographie</s>
    <s>Conférencier : Sebastien Gioria</s>
    <s>Date : 7 juillet 2010</s>
    <s>Licence de la conférence audio : CC-BY-SA</s>
    <s>Voir ou télécharger la conférence audio</s>
    <s>Description / Slides / Biographie</s>
    <s>Linea 21, outil de gestion des Agendas 21</s>
    <s>!Linea 21, outil de gestion des Agendas 21</s>
    <s>Conférencier : Simon Georget &amp; Christophe Harnie &amp; Sylvie Soave</s>
    <s>Date : 7 juillet 2010</s>
    <s>Licence de la conférence audio : CC-BY-SA</s>
    <s>Voir ou télécharger la conférence audio</s>
    <s>Description / Slides / Biographie</s>
    <s>FreeBSD, Jail et ZFS</s>
    <s>!FreeBSD, Jail et ZFS</s>
    <s>Conférencier : Freddy Dissaux</s>
    <s>Date : 9 juillet 2010</s>
    <s>Licence de la conférence audio : CC-BY-SA</s>
    <s>Voir ou télécharger la conférence audio</s>
    <s>Description / Slides / Biographie</s>
    <s>Pourquoi les aveugles devraient etre parano ?</s>
    <s>!Pourquoi les aveugles devraient Ãªtre parano ?</s>
    <s>Conférencier : Sebastien Hinderer</s>
    <s>Date : 7 juillet 2010</s>
    <s>Licence de la conférence audio : CC-BY-SA</s>
    <s>Voir ou télécharger la conférence audio</s>
    <s>Description / Slides / Biographie</s>
    <s>Open Source et RSE : Le role de l'Open Source dans l'informatique responsable</s>
    <s>!Open Source et RSE : Le rÃ´le de l'Open Source dans l'informatique responsable</s>
    <s>Conférencier : Jean-Pierre Laisne</s>
    <s>Date : 6 juillet 2010</s>
    <s>Licence de la conférence audio : CC-BY-SA</s>
    <s>Voir ou télécharger la conférence audio</s>
    <s>Description / Slides / Biographie</s>
    <s>My XO is rich 2 : Scratch ou l'Application DIY</s>
    <s>!My XO is rich 2 : Scratch ou l'Application DIY</s>
    <s>Conférencier : Jean-François Cauche</s>
    <s>Date : 7 juillet 2010</s>
    <s>Licence de la conférence audio : CC-BY-SA</s>
    <s>Voir ou télécharger la conférence audio</s>
    <s>Description / Slides / Biographie</s>
    <s>Quand Linux rencontre les mobiles</s>
    <s>!Quand Linux rencontre les mobiles</s>
    <s>Conférencier : Hong Yu Guan</s>
    <s>Date : 9 juillet 2010</s>
    <s>Licence de la conférence audio : CC-BY-SA</s>
    <s>Voir ou télécharger la conférence audio</s>
    <s>Description / Slides / Biographie</s>
    <s>la Chaine editoriale - Projet Scenari-territorial</s>
    <s>!la Chaine Ã©ditoriale - Projet Scenari-territorial</s>
    <s>Conférencier : Mathias Valais-Gerard</s>
    <s>Date : 7 juillet 2010</s>
    <s>Licence de la conférence audio : CC-BY-SA</s>
    <s>Voir ou télécharger la conférence audio</s>
    <s>Description / Slides / Biographie</s>
    <s>Les ERP libres : ADempiere</s>
    <s>!Les ERP libres : ADempiere</s>
    <s>Conférencier : Charly Clairmont</s>
    <s>Date : 7 juillet 2010</s>
    <s>Licence de la conférence audio : CC-BY-SA</s>
    <s>Voir ou télécharger la conférence audio</s>
    <s>Description / Slides / Biographie</s>
    <s>Le logiciel libre pour le Plan France Numerique 2012 (Projet ORDI 2.0)</s>
    <s>!Le logiciel libre pour le Plan France NumÃ©rique 2012 (Projet ORDI 2.0)</s>
    <s>Conférencier : Willam Famy &amp; Jean-Charles Fauveau</s>
    <s>Date : 9 juillet 2010</s>
    <s>Licence de la conférence audio : CC-BY-SA</s>
    <s>Voir ou télécharger la conférence audio</s>
    <s>Description / Slides / Biographie</s>
    <s>SystemTap : Observation integrale des systemes Linux</s>
    <s>!SystemTap : Observation intÃ©grale des systÃ¨mes Linux</s>
    <s>Conférencier : Adrien Kunysz</s>
    <s>Date : 8 juillet 2010</s>
    <s>Licence de la conférence audio : CC-BY-SA</s>
    <s>Voir ou télécharger la conférence audio</s>
    <s>Description / Slides / Biographie</s>
    <s>Lutte antispam et surveillance reseau dans une universite</s>
    <s>!Lutte antispam et surveillance rÃ©seau dans une universitÃ©</s>
    <s>Conférencier : Nicolas Greneche</s>
    <s>Date : 8 juillet 2010</s>
    <s>Licence de la conférence audio : CC-BY-SA</s>
    <s>Voir ou télécharger la conférence audio</s>
    <s>Description / Slides / Biographie</s>
    <s>Les usages du Libre dans les cultures domiennes</s>
    <s>!Les usages du Libre dans les cultures domiennes</s>
    <s>Conférencier : Alexis Marise-Bique</s>
    <s>Date : 8 juillet 2010</s>
    <s>Licence de la conférence audio : CC-BY-SA</s>
    <s>Voir ou télécharger la conférence audio</s>
    <s>Description / Slides / Biographie</s>
    <s>Les territoires du logiciel libre</s>
    <s>!Les territoires du logiciel libre</s>
    <s>Conférencier : Pierre-Amiel Giraud</s>
    <s>Date : 9 juillet 2010</s>
    <s>Licence de la conférence audio : CC-BY-SA</s>
    <s>Voir ou télécharger la conférence audio</s>
    <s>Description / Slides / Biographie</s>
    <s>Linux vs HPC : vie (et mort) de fonctionnalites obscures</s>
    <s>!Linux vs HPC : vie (et mort) de fonctionnalitÃ©s obscures</s>
    <s>Conférencier : Brice Goglin</s>
    <s>Date : 9 juillet 2010</s>
    <s>Licence de la conférence audio : CC-BY-SA</s>
    <s>Voir ou télécharger la conférence audio</s>
    <s>Description / Slides / Biographie</s>
    <s>La Base de donnees des initiatives economiques et solidaires (BDIS)</s>
    <s>!La Base de donnÃ©es des initiatives Ã©conomiques et solidaires (BDIS)</s>
    <s>Conférencier : Vincent Calame</s>
    <s>Date : 9 juillet 2010</s>
    <s>Licence de la conférence audio : CC-BY-SA</s>
    <s>Voir ou télécharger la conférence audio</s>
    <s>Description / Slides / Biographie</s>
    <s>Freeflex - Logiciels libres et economie solidaire</s>
    <s>!Freeflex - Logiciels libres et Ã©conomie solidaire</s>
    <s>Conférencier : Carlos Breda &amp; Joao Silva &amp; Samir Riahi</s>
    <s>Date : 7 juillet 2010</s>
    <s>Licence de la conférence audio : CC-BY-SA</s>
    <s>Voir ou télécharger la conférence audio</s>
    <s>Description / Slides / Biographie</s>
    <s>Maintenir un driver dans Linux : comment concilier les industriels et les developpeurs noyau ?</s>
    <s>!Maintenir un driver dans Linux : comment concilier les industriels et les dÃ©veloppeurs noyau ?</s>
    <s>Conférencier : Brice Goglin</s>
    <s>Date : 8 juillet 2010</s>
    <s>Licence de la conférence audio : CC-BY-SA</s>
    <s>Voir ou télécharger la conférence audio</s>
    <s>Description / Slides / Biographie</s>
    <s>La plateforme associative d'hebergement Sud-Ouest.org</s>
    <s>!La plateforme associative d'hÃ©bergement Sud-Ouest.org</s>
    <s>Conférencier : David Abdelli &amp; Jean-Charles Pernot</s>
    <s>Date : 8 juillet 2010</s>
    <s>Licence de la conférence audio : CC-BY-SA</s>
    <s>Voir ou télécharger la conférence audio</s>
    <s>Description / Slides / Biographie</s>
    <s>Les mecanismes de l'accessibilite</s>
    <s>!Les mÃ©canismes de l'accessibilitÃ©</s>
    <s>Conférencier : Samuel Thibault</s>
    <s>Date : 9 juillet 2010</s>
    <s>Licence de la conférence audio : CC-BY-SA</s>
    <s>Voir ou télécharger la conférence audio</s>
    <s>Description / Slides / Biographie</s>
    <s>Creer une plateforme de partage de connaissance avec Drupal (Education)</s>
    <s>CrÃ©er une plateforme de partage de connaissance avec Drupal (Education)</s>
    <s>Conférencier : FOLI-AWLI Mawusee Komla</s>
    <s>Date : 9 juillet 2010</s>
    <s>Licence de la conférence audio : CC-BY-SA</s>
    <s>Voir ou télécharger la conférence audio</s>
    <s>Description / Slides / Biographie</s>
    <s>Traduction de Cyclos, les Systemes d'Echanges Libres et les problematiques liees aux systemes de creation monetaire</s>
    <s>!Traduction de Cyclos, les SystÃ¨mes d'Echanges Libres et les problÃ©matiques liÃ©es aux systÃ¨mes de crÃ©ation monÃ©taire</s>
    <s>Conférencier : Stephane Laborde</s>
    <s>Date : 9 juillet 2010</s>
    <s>Licence de la conférence audio : CC-BY-SA</s>
    <s>Voir ou télécharger la conférence audio</s>
    <s>Description / Slides / Biographie</s>
    <s>L'ecosysteme libre compare au modele proprietaire</s>
    <s>!L'Ã©cosystÃ¨me libre comparÃ© au modÃ¨le propriÃ©taire</s>
    <s>Conférencier : Michael Scherer</s>
    <s>Date : 8 juillet 2010</s>
    <s>Licence de la conférence audio : CC-BY-SA</s>
    <s>Voir ou télécharger la conférence audio</s>
    <s>Description / Slides / Biographie</s>
    <s>NixOS : la seule distribution GNU/Linux fonctionnelle</s>
    <s>!NixOS : la seule distribution GNU/Linux fonctionnelle</s>
    <s>Conférencier : Ludovic Courtes</s>
    <s>Date : 9 juillet 2010</s>
    <s>Licence de la conférence audio : CC-BY-SA</s>
    <s>Voir ou télécharger la conférence audio</s>
    <s>Description / Slides / Biographie</s>
    <s>Ubuntu Server : un systeme d'exploitation pour le Cloud</s>
    <s>!Ubuntu Server : un systÃ¨me d'exploitation pour le Cloud</s>
    <s>Conférencier : Thierry Carrez</s>
    <s>Date : 9 juillet 2010</s>
    <s>Licence de la conférence audio : CC-BY-SA</s>
    <s>Voir ou télécharger la conférence audio</s>
    <s>Description / Slides / Biographie</s>
    <s>Le projet Debian GNU/Linux</s>
    <s>!Le projet Debian GNU/Linux</s>
    <s>Conférencier : Xavier Oswald</s>
    <s>Date : 8 juillet 2010</s>
    <s>Licence de la conférence audio : CC-BY-SA</s>
    <s>Voir ou télécharger la conférence audio</s>
    <s>Description / Slides / Biographie</s>
    <s>La Forge des Logiciels Libres pour l'Économie Sociale et Solidaire</s>
    <s>!La Forge des Logiciels Libres pour l'Ãconomie Sociale et Solidaire</s>
    <s>Conférencier : Bastien Sibille</s>
    <s>Date : 8 juillet 2010</s>
    <s>Licence de la conférence audio : CC-BY-SA</s>
    <s>Voir ou télécharger la conférence audio</s>
    <s>Description / Slides / Biographie</s>
    <s>Conception thermique : utilisation d'ESP-r pour des batiments bioclimatiques</s>
    <s>!Conception thermique : utilisation d'ESP-r pour des bÃ¢timents bioclimatiques</s>
    <s>Conférencier : Matthieu Dupont de Dinechin</s>
    <s>Date : 8 juillet 2010</s>
    <s>Licence de la conférence audio : CC-BY-SA</s>
    <s>Voir ou télécharger la conférence audio</s>
    <s>Description / Slides / Biographie</s>
    <s>Liquid Bank, un systeme de monnaie libre totalement parametrable et non centralise</s>
    <s>!Liquid Bank, un systÃ¨me de monnaie libre totalement paramÃ©trable et non centralisÃ©</s>
    <s>Conférencier : Stephane Laborde</s>
    <s>Date : 9 juillet 2010</s>
    <s>Licence de la conférence audio : CC-BY-SA</s>
    <s>Voir ou télécharger la conférence audio</s>
    <s>Description / Slides / Biographie</s>
    <s>L'engagement de la Macif dans le Libre</s>
    <s>!L'engagement de la Macif dans le Libre</s>
    <s>Conférencier : Bruno Marand</s>
    <s>Date : 8 juillet 2010</s>
    <s>Licence de la conférence audio : CC-BY-SA</s>
    <s>Voir ou télécharger la conférence audio</s>
    <s>Description / Slides / Biographie</s>
    <s>Un systeme d'echange a prix libre</s>
    <s>!Un systÃ¨me d'Ã©change Ã  prix libre</s>
    <s>Conférencier : Pascal Prevost</s>
    <s>Date : 9 juillet 2010</s>
    <s>Licence de la conférence audio : CC-BY-SA</s>
    <s>Voir ou télécharger la conférence audio</s>
    <s>Description / Slides / Biographie</s>
    <s>LemonLDAP ::NG et la federation d'identites : retours sur l'integration de SAML2 et OpenID</s>
    <s>!LemonLDAP ::NG et la fÃ©dÃ©ration d'identitÃ©s : retours sur l'intÃ©gration de SAML2 et OpenID</s>
    <s>Conférencier : Clement Oudot</s>
    <s>Date : 7 juillet 2010</s>
    <s>Licence de la conférence audio : CC-BY-SA</s>
    <s>Voir ou télécharger la conférence audio</s>
    <s>Description / Slides / Biographie</s>
    <s>AMAP, panier paysan, panier bio, quelles gestions ?</s>
    <s>!AMAP, panier paysan, panier bio, quelles gestions ?</s>
    <s>Conférencier : Sebastien Ducoulombier &amp; Claire Durantou &amp; Jean Michel Greneche &amp; Marie-Pierre Hofer &amp; Benjamin Larcher</s>
    <s>Date : 9 juillet 2010</s>
    <s>Licence de la conférence audio : CC-BY-SA</s>
    <s>Voir ou télécharger la conférence audio</s>
    <s>Description / Slides / Biographie</s>
    <s>Formation aux logiciels libres dans le champ de l'ESS</s>
    <s>!Formation aux logiciels libres dans le champ de l'ESS</s>
    <s>Conférencier : Murielle Souyris &amp; Dimitri Robert</s>
    <s>Date : 7 juillet 2010</s>
    <s>Licence de la conférence audio : CC-BY-SA</s>
    <s>Voir ou télécharger la conférence audio</s>
    <s>Description / Slides / Biographie</s>
    <s>Rechercher :</s>
    <s>Contacter le webmaster</s>
    <s>Plan du site -- Contribuer aux RMLL -- 2010, RMLL.info</s>
  </text>
</page>
