<?xml version="1.0" encoding="UTF-8"?>
<!DOCTYPE page SYSTEM "page.dtd">
<page>
  <lang>fr</lang>
  <url>http://perso.numericable.fr/assoc1901/HTLM/modeles/modeledirigeant.htm</url>
  <title>Modèles pour conseil d&#39;administration</title>
  <snippet>
    <s>Je soussigné (nom, prénom, adresse) membre du conseil d&#39;administration de d &#39;administration de l&#39;association (nom de l&#39;association) à la réception de la </s>
  </snippet>
  <text>
    <s>Les mods proposici le sont itre purement indicatif. Ils doivent e adapta situation particuli de chaque association.</s>
    <s>Les mods: dirigeants &lt;&lt;</s>
    <s>Feuille de prnce</s>
    <s>Feuille de prnce</s>
    <s>Rion du conseil d'administration du (date)</s>
    <s>Personnes prntes</s>
    <s>(nom, prm, adresse)</s>
    <s>(nom, prm, adresse)</s>
    <s>La prnte feuille de prnce faisant apparae que &quot;X&quot; membres du conseil sont prnts ou reprntest certifiexacte et sinc par &quot;nom et qualitprdent ou secrire de sce)&quot;.</s>
    <s>Les pouvoirs sont annexa prnte feuille de prnce.</s>
    <s>Fait , le</s>
    <s>Je soussignnom, prm, adresse) membre du conseil d'administration de l'association (nom, prm , adresse) donne par les prntes tous pouvoirs nom, prm, adresse) membre du conseil d'administration, pour assister en mon nom a rion du (date, heure, lieu), prendre part aux dbtions, ttre tous votes ou s'abstenir sur les questions inscrites 'ordre du jour.</s>
    <s>Fait .., le ..</s>
    <s>(envoi par lettre simple ou recommandelon les statuts)</s>
    <s>(Nom, adresse de l'association)</s>
    <s>Madame, Monsieur</s>
    <s>Je vous prie de bien vouloir assister a prochaine rion du conseil d'administration de notre association qui se tiendra le (date, heure, lieu) pour dbr sur l'ordre du jour suivant:</s>
    <s>Approbation du procverbal de la prdente rion;</s>
    <s>ection des membres du bureau;</s>
    <s>Introduction d'une action en justice;</s>
    <s>Projet de budget</s>
    <s>Je vous rappelle que conformnt 'article X des statuts, seuls les administrateurs prnts le jour de la rion du conseil d'administration peuvent voter. Toutefois, en cas d'impossibilitvous pouvez vous faire reprnter par un administrateur de votre choix. Vous devrez lui remettre votre pouvoir avant la rion du conseil.</s>
    <s>Je vous rappelle que conformnt 'article X des statuts un membre du conseil ne peut e titulaire que d'un seul pouvoir.</s>
    <s>Dans l'attente de notre rencontre, je vous prie de croire, Madame, Monsieur, l'expression de ma considtion distingu</s>
    <s>A, le.</s>
    <s>Le prdent</s>
    <s>P.J. : documents utiles pour le conseil</s>
    <s>Rion du conseil d'administration du (date)</s>
    <s>Le (date) heure), le conseil d'administration de l'association (nom) s'est ri au si de l'association (ou autre lieu) sur convocation (auteur de la convocation) effectupar lettre (lettre recommand conformnt 'article X des statuts (du rement inteur).</s>
    <s>(Dans une petite association, on peut indiquer les noms des personnes prntes, absentes, excus)</s>
    <s>Il a dressne feuille de prnce qui a signpar tous les membres du conseil prnt et les mandataires des membres reprnt</s>
    <s>(nom et prm) prde la sce en qualite prdent de l'association. (nom, prm) assure le secrriat de la sce en qualite secrire de l'association.</s>
    <s>Si les statuts prient un quorum, il conviendra de prser que celui-ci est rempli et que le conseil peut valablement dbr.</s>
    <s>Le prdent rappelle l'ordre du jour:</s>
    <s>Le prdent ouvre les dts avant de mettre au vote les diffnts points de l'ordre du jour.</s>
    <s>Dbtion X.</s>
    <s>Apren avoir db, cette dbtion est adopt'unanimita majorite..).</s>
    <s>Dbtion X.</s>
    <s>L'ordre du jour nt isla sce est lev heure).</s>
    <s>Le prdent de sce Le secrire de sce</s>
    <s>(nom et signature) (nom et signature)</s>
    <s>Nom, adresse</s>
    <s>(lettre recommandavec avis de rption)</s>
    <s>Monsieur le Prdent,</s>
    <s>J'ai l'honneur de vous informer de ma dsion de dssionner du conseil d'administration de l'association (nom de l'association) a rption de la prnte lettre/ ompter du (indiquer la date). Je reste toutefois membre de l'association.</s>
    <s>Les documents concernant l'association en ma possession ont remis au secrire de l'association. J'informerai mon remplat de l't des affaires en cours dqu'il sera .</s>
    <s>Veuillez agr, Monsieur le Prdent, l'expression de mes sentiments distingu</s>
    <s>Les mods: dirigeants &lt;&lt;</s>
  </text>
</page>
