<?xml version="1.0" encoding="UTF-8"?>
<!DOCTYPE page SYSTEM "page.dtd">
<page>
  <lang>fr</lang>
  <url>http://d-d.natanson.pagesperso-orange.fr/nuremberg_creation.htm</url>
  <title>La création du Tribunal de Nuremberg</title>
  <snippet>
    <s>La Conférence de Postdam (août 1945) explique dans un communiqué final que . Le Tribunal aura compétence pour accéder à cette demande ou la rejeter, le à l&#39;article 10 ci-dessus, d&#39;un crime autre que son affiliation à une organisation </s>
  </snippet>
  <text>
    <s>La creation du Tribunal de Nuremberg</s>
    <s>Premieres declarations des Allies annonçant le tribunal</s>
    <s>&gt;Des le 17 avril 1940, les gouvernements français, polonais (en exil) et anglais denoncent « la persecution des Polonais, le traitement atroce inflige a la communaute juive en Pologne ».</s>
    <s>&gt;Le 25 octobre 1941, Winston Churchill, premier ministre anglais, evoque , « parmi les buts majeurs de la guerre » le chatiment des crimes commis dans les pays occupes par l'Allemagne.</s>
    <s>&gt;La declaration de Saint James (13 janvier 1942) est signee par les dirigeants des pays occupes et des gouvernements en exil a Londres, dont de Gaulle. les signataires « placent parmi leurs principaux buts de guerre le chatiment par le moyen de la justice organisee des responsables de ces crimes »</s>
    <s>&gt;La declaration de Moscou (30 octobre 1943) signee de Churchill, Staline et Roosevelt precise les choses :</s>
    <s>Le Royaume-Uni, les États-Unis d'Amerique et l'Union des Republiques socialistes sovietiques ont reçu de nombreuses sources la preuve des atrocites, des massacres et des executions en masse effectues de sang-froid par les forces hitleriennes dans un grand nombre de pays qu'elles ont envahis, et d'ou elles sont actuellement en voie d'etre systematiquement chassees. La bestialite associee a la domination nazie n'est pas chose nouvelle, et tous les peuples et territoires qui sont sous ce joug ont ete les victimes de la pire forme de gouvernement par la terreur. Ce qui est nouveau, c'est que plusieurs de ces territoires sont en voie d'etre delivres par l'avance des armees liberatrices, et que, dans leur rage, les Huns redoublent de cruaute a mesure qu'ils reculent. Ceci est prouve tres clairement par les crimes monstrueux commis sur le territoire de l'Union sovietique, en voie de liberation, ainsi que sur les territoires français et italien.</s>
    <s>En consequence, les susdites trois puissances alliees, parlant au nom et dans l'interet des 33 Nations Unies, proclament solennellement ce qui suit, et donnent avertissement de leur proclamation : lorsqu'un armistice sera accorde a un gouvernement forme en Allemagne, quel qu'il soit, les officiers et soldats allemands et les membres du Parti nazi qui ont ete responsables, ou qui ont donne leur consentement aux atrocites, massacres et executions dont il a ete question, seront renvoyes dans les pays ou ils auront perpetre leurs abominables forfaits, pour y etre juges et chaties conformement aux lois de ces pays liberes et des gouvernements libres qui y seront formes. Des listes seront etablies avec tous les details possibles, dans chacun de ces pays, et particulierement dans les territoires envahis de l'Union sovietique, de la Pologne, de la Tchecoslovaquie, de la Yougoslavie et de la Grece (y compris la Crete et les autres iles), de la Norvege, du Danemark, de la Hollande, de la Belgique, du Luxembourg, de la France et de l'Italie.</s>
    <s>Ainsi les Allemands qui ont pris part aux fusillades en masse des officiers polonais, a l'execution d'otages français, hollandais, belges, norvegiens et de paysans cretois, ou qui ont pris part aux massacres effectues en Pologne et dans les territoires de l'Union sovietique actuellement arraches a l'ennemi, ces Allemands sauront qu'ils seront ramenes sur la scene de leurs crimes et juges sur place par les peuples qu'ils auront martyrises. Que ceux qui n'ont pas jusqu'a present trempe leurs mains dans le sang innocent sachent ce qui les attend s'ils deviennent eux-memes des coupables. Car il est certain que les trois puissances alliees les poursui vront jusqu'au bout de la terre et les remettront aux mains de leurs accusateurs pour que justice soit faite.</s>
    <s>La declaration ci-dessus ne prejuge pas du cas des criminels de guerre allemands dont les crimes ont ete commis sans qu'il soit possible de les localiser geographiquement. Ceux-la seront punis par une decision commune des gouvernements allies. »</s>
    <s>&gt;La Conference de Postdam (aout 1945) explique dans un communique final que « Les trois gouvernements ont reaffirme leur intention de juger rapidement les grands criminels de guerre dont les crimes n'ont pas de localisation geographique. »</s>
    <s>Le choix du lieu</s>
    <s>Les Allies choisissent Nuremberg, car la ville a ete un haut lieu du nazisme.</s>
    <s>C'est la que se reunissaient les Congres du Parti nazi.</s>
    <s>C'est la que, dans de grandes mises en scene, les nazis paradaient dans le stade (voir photo ci dessous).</s>
    <s>C'est la que furent annoncees les lois racistes de 1935 appelees &quot;Lois de Nuremberg&quot;.</s>
    <s>Par ailleurs, la ville avait conserve des locaux suffisamment en bon etat pour permettre l'organisation du proces.</s>
    <s>!Dans le stade de Nuremberg</s>
    <s>Parade nazie dans le stade de Nuremberg, 1935</s>
    <s>Creation du tribunal</s>
    <s>&gt; Le Tribunal de Nuremberg a ete cree le 8 aout 1945 par l'Accord quadripartite de Londres (Royaume-Uni, URSS, Etats-Unis et France). Cet accord constitue le Statut du Tribunal :</s>
    <s>Statut du Tribunal de Nuremberg</s>
    <s>1. Constitution du Tribunal Militaire International</s>
    <s>Article premier</s>
    <s>En execution de l'Accord signe le 8 aout 1945 par le Gouvernement Provisoire de la Republique Française, le Gouvernement des Etats-Unis d'Amerique, du Royaume Uni de Grande-Bretagne et de l'Irlande du Nord, et de l'Union des Republiques Socialistes Sovietiques, un Tribunal Militaire International (denomme ci-apres « le Tribunal »), sera cree pour juger et punir de façon appropriee et sans delai, les grands criminels de guerre des pays europeens de l'Axe.</s>
    <s>Article 2</s>
    <s>Le Tribunal sera compose de quatre juges, assistes chacun d'un suppleant. Chacune des puissances signataires designera un juge et un juge suppleant. Les suppleants devront, dans la mesure du possible, assister a toutes les seances du Tribunal. En cas de maladie d'un membre du Tribunal, ou si, pour toute autre raison, il n'est pas en mesure de remplir ses fonctions, son suppleant siegera a sa place.</s>
    <s>Article 3</s>
    <s>Chaque Signataire prendra les mesures necessaires pour assurer la presence aux enquetes et aux proces des grands criminels de guerre qu'il detient et qui devront etre juges par le Tribunal Militaire International. Les Signataires devront egalement employer tous leurs efforts pour assurer la presence aux enquetes et aux proces devant le Tribunal Militaire International de ceux des grands criminels qui ne se trouvent pas sur le territoire de l'un des Signataires.</s>
    <s>Article 4</s>
    <s>a) La presence des quatre membres du Tribunal ou, en l'absence de l'un d'eux, de son suppleant, sera necessaire pour constituer le quorum.</s>
    <s>b) Avant l'ouverture de tout proces, les membres du Tribunal s'entendront pour designer l'un d'entre eux comme president, et le president remplira ses fonctions pendant toute la duree du proces, a moins qu'il n'en soit decide autrement par un vote, reunissant au moins trois voix. La presidence sera assuree a tour de role par chaque membre du tribunal pour les proces successifs. Cependant, au cas ou le Tribunal siegerait sur le territoire de l'un des quatre Puissances signataires, le representant de cette puissance assumera la presidence.</s>
    <s>c) Sous reserve des dispositions precedentes, le Tribunal prendra ses decisions a la majorite des voix ; en cas de partage egal des voix, celle du president sera preponderante, etant entendu toutefois que les jugements et les peines ne seront prononces que par un vote d'au moins trois membres du Tribunal.</s>
    <s>Article 5</s>
    <s>En cas de necessite et selon le nombre des proces a juger, d'autres tribunaux pourront etre crees ; la composition, la competence et la procedure de chacun de ces tribunaux seront identiques et seront reglees par le present Statut.</s>
    <s>II. Juridictions et principes generaux.</s>
    <s>Article 6</s>
    <s>Le Tribunal etabli par l'Accord mentionne a l'article premier ci-dessus pour le jugement et le chatiment des grands criminels de guerre des pays europeens de l'Axe, sera competente pour juger et punir toutes personnes qui, agissant pour le compte des pays europeens de l'Axe, auront commis, individuellement ou a titre de membres d'organisations, l'un quelconque des crimes suivants :</s>
    <s>Les actes suivants ou l'un quelconque d'entre eux sont des crimes soumis a la juridiction du Tribunal et entrainant une responsabilite individuelle :</s>
    <s>a) Les crimes contre la paix : c'est a dire la direction, la preparation, le declenchement ou la poursuite d'une guerre d'agression ou d'une guerre de violation des traites, assurances ou accords internationaux, ou la participation a un plan concerte ou a un complot pour l'accomplissement de l'un quelconque des actes qui precedent ;</s>
    <s>b) Les crimes de guerre : c'est a dire les violations des lois et coutumes de la guerre. Ces violations comprennent, sans y etre limitees, l'assassinat, les mauvais traitements ou la deportation pour des travaux forces, ou pour tout autre but, des populations civiles dans les territoires occupes, l'assassinat ou les mauvais traitements des prisonniers de guerre ou des personnes en mer, l'execution des otages, le pillage des biens publics ou prives, la destruction sans motif, des villes et des villages ou la devastation que ne justifient pas les exigences militaires ;</s>
    <s>c) Les crimes contre l'humanite : c'est a dire l'assassinat, l'extermination, la reduction en esclavage, la deportation et tout autre acte inhumain commis contre toutes populations civiles, avant ou pendant la guerre, ou bien les persecutions pour des motifs politiques, raciaux ou religieux, lorsque ces actes ou persecutions, qu'ils aient constitue ou non une violation du droit interne du pays ou ils ont ete perpetres, ont ete commis a la suite de tout crime entrant dans la competence du Tribunal, ou en liaison avec ce crime.</s>
    <s>Les dirigeants, organisateurs, provocateurs ou complices qui ont pris part a l'elaboration ou a l'execution d'un plan concerte ou d'un complot pour commettre l'un quelconque des crimes ci-dessus definis sont responsables de tous les actes accomplis par toutes personnes, en execution de ce plan.</s>
    <s>Article 7</s>
    <s>La situation officielle des accuses, soit comme chef d'Etat, soit comme hauts fonctionnaires, ne sera consideree ni comme une excuse absolutoire, ni comme un motif de diminution de la peine.</s>
    <s>Article 8</s>
    <s>Le fait que l'accuse a agi conformement aux instructions de son gouvernement ou d'un superieur hierarchique ne le degagera pas de sa responsabilite, mais pourra etre considere comme un motif de diminution de la peine, si le Tribunal decide que la justice l'exige.</s>
    <s>Article 9</s>
    <s>Lors d'un proces intente contre tout membre d'un groupement ou d'une organisation quelconque, le Tribunal pourra declarer (a l'occasion de tout acte dont cet individu pourrait etre reconnu coupable) que le groupement, ou l'organisation a laquelle il appartenait etait une organisation criminelle.</s>
    <s>Apres avoir reçu l'Acte d'accusation, le Tribunal devra faire connaitre, de la maniere qu'il jugera opportune, que le Ministere public a l'intention de demander au Tribunal de faire une declaration en ce sens et tout membre de l'organisation aura le droit de demander au Tribunal a etre entendu par celui-ci, sur la question du caractere criminel de l'organisation. Le Tribunal aura competence pour acceder a cette demande ou la rejeter, le Tribunal pourra fixer le mode selon lequel les requerants seront representes et entendus.</s>
    <s>Article 10</s>
    <s>Dans tous les cas ou le Tribunal aura proclame le caractere criminel d'un groupement ou d'une organisation, les autorites competentes de chaque Signataire auront le droit de traduire tout individu devant les tribunaux nationaux, militaires ou d'occupation en raison de son affiliation a ce groupement ou a cette organisation. Dans cette hypothese, le caractere criminel du groupement ou de l'organisation sera considere comme etabli et ne pourra plus etre conteste.</s>
    <s>Article 11</s>
    <s>Toute personne condamnee par le Tribunal pourra etre inculpee devant un tribunal national, militaire ou d'occupation, mentionnes a l'article 10 ci-dessus, d'un crime autre que son affiliation a une organisation ou a un groupement criminels, et le tribunal saisi pourra, apres l'avoir reconnu coupable, lui infliger une peine supplementaire independante de celle deja imposee par le Tribunal pour sa participation aux activites criminelles de ce groupement ou de cette organisation.</s>
    <s>Article 12</s>
    <s>Le Tribunal sera competent pour juger en son absence tout accuse ayant a repondre des crimes prevus par l'article 6 du present Statut, soit que cet accuse n'ai pu etre decouvert, soit que le Tribunal l'estime necessaire pour tout autre raison, dans l'interet de la Justice.</s>
    <s>Article 13</s>
    <s>Le Tribunal etablira les regles de sa procedure. Ces regles ne devront en aucun cas etre incompatibles avec les dispositions du present Statut.</s>
    <s>III. Commission d'instruction et de poursuite de grands criminels de guerre.</s>
    <s>Article 14</s>
    <s>Chaque Signataire nommera un representant du Ministere Public, en vue de recueillir les charges et d'exercer les poursuites contre les grands criminels de guerre.</s>
    <s>Les representants du Ministere Public formeront une commission aux fins suivantes :</s>
    <s>a) Decider d'un plan de travail individuel de chaque representant du Ministere Public et de son personnel.</s>
    <s>b) Designer, en dernier ressort les grands criminels qui devront etre traduits devant le Tribunal ;</s>
    <s>c) Approuver l'Acte d'accusation et les documents annexes ;</s>
    <s>d) Saisir le Tribunal de l'Acte d'accusation et des documents joints ;</s>
    <s>e) Rediger et recommander a l'approbation du Tribunal les projets et les regles de procedure prevus par l'article 13 du present Statut. Le Tribunal sera competent pour accepter, avec ou sans amendements, ou pour rejeter les regles qui lui seront proposees.</s>
    <s>Article 15</s>
    <s>Les membres du Ministere Public, agissant individuellement et en collaboration les uns avec les autres, auront egalement les fonctions suivantes :</s>
    <s>a) recherche, reunion et presentation de toutes les preuves necessaires, avant le proces ou au cours du proces ;</s>
    <s>b) preparation de l'Acte d'accusation en vue de son approbation par la Commission, conformement au paragraphe c de l'article 14 ;</s>
    <s>c) interrogatoire preliminaire de tous les temoins juges necessaires et des accuses ;</s>
    <s>d) exercice des fonctions du Ministere Public au proces ;</s>
    <s>e) designation de representants pour exercer toutes les fonctions qui pourront leur etre assignees ;</s>
    <s>f) poursuite de toute autre activite qui pourra leur apparaitre necessaire en vue de la preparation et de la conduite du proces.</s>
    <s>Il est entendu qu'aucun temoin ou accuse detenu par l'un des Signataires ne pourra etre retire de sa garde sans son consentement.</s>
    <s>IV - Proces equitable des accuses.</s>
    <s>Article 16</s>
    <s>Afin d'assurer que les accuses soient juges avec equite, la procedure suivante sera adoptee :</s>
    <s>a) l'Acte d'accusation comportera les elements complets specifiant en detail les charges revelees a l'encontre des accuses. Une copie de l'Acte d'accusation et de tous les documents annexes, traduits dans une langue qu'il comprend, sera remise a l'accuse dans un delai raisonnable avant le jugement ;</s>
    <s>b) au cours de cet interrogatoire preliminaire au proces d'un accuse, celui-ci aura le droit de donner toutes explications se rapportant aux charges relevees contre lui ;</s>
    <s>c) les interrogatoires preliminaires et le proces des accuses devront etre conduits dans une langue que l'accuse comprend, ou traduits dans cette langue ;</s>
    <s>d) les accuses auront le droit d'assurer eux-memes leur defense devant le Tribunal, ou de se faire assister d'un avocat ;</s>
    <s>e) les accuses auront le droit d'apporter au cours du proces, soit personnellement, soit par l'intermediaire de leur avocat, toutes preuves a l'appui de leur defense et de poser des questions a tous les temoins produits par l'Accusation.</s>
    <s>V - Competence du Tribunal et conduite des debats.</s>
    <s>Article 17</s>
    <s>Le Tribunal sera competent :</s>
    <s>a) pour convoquer les temoins au proces, requerir leur presence et leur temoignage et les interroger ;</s>
    <s>b) pour interroger les accuses ;</s>
    <s>c) pour requerir la production de documents et d'autres moyens de preuve ;</s>
    <s>d) pour faire preter serment aux temoins ;</s>
    <s>e) pour nommer les mandataires officiels pour remplir toute mission qui sera fixee par le Tribunal, et notamment pour faire recueillir des preuves par delegation ;</s>
    <s>Article 18</s>
    <s>Le Tribunal devra :</s>
    <s>a) limiter strictement le proces a un examen rapide des questions soulevees par les charges ;</s>
    <s>b) prendre des mesures strictes pour eviter toute action qui entrainerait un retard non justifie, et ecarter toute action qui entrainerait un retard non justifie, et ecarter toutes questions et declarations etrangeres au proces de quelque nature qu'elles soient ;</s>
    <s>c) agir sommairement en ce qui concerne les perturbateurs, en leur infligeant une juste sanction, y compris l'exclusion de l'accuse ou de son defenseur de certaines phases de la procedure ou de toutes les phases ulterieures, mais sans que cela empeche de decider sur les charges.</s>
    <s>Article 19</s>
    <s>Le Tribunal ne sera pas lie par les regles techniques relatives a l'administration des preuves. Il adoptera et appliquera autant que possible une procedure rapide et non formaliste et admettra tout moyen qu'il estimera avoir une valeur probante.</s>
    <s>Article 20</s>
    <s>Le Tribunal pourra exiger d'etre informe du caractere de tout moyen de preuve avant qu'il ne soit presente, afin de pouvoir statuer sur sa pertinence.</s>
    <s>Article 21</s>
    <s>Le Tribunal n'exigera pas que soit rapportee la preuve de faits de notoriete publique, mais les tiendra pour acquis. Il considerera egalement comme preuves authentiques les documents et rapports officiels des Gouvernements des Nations Unies, y compris ceux dresses par les Commissions etablies dans les divers pays allies pour les enquetes sur les crimes de guerre ainsi que les proces verbaux des audiences et les decisions des tribunaux militaires ou autres tribunaux de l'une quelconque des Nations Unies.</s>
    <s>Article 22</s>
    <s>Le siege permanent du Tribunal sera a Berlin. La premiere reunion des membres du Tribunal, ainsi que celle des representants du Ministere Public, se tiendra a Berlin, en un lieu qui sera fixe par le Conseil de controle pour l'Allemagne. Le premier proces se deroulera a Nuremberg et tous proces ulterieurs auront lieu aux endroits choisis par le Tribunal.</s>
    <s>Article 23</s>
    <s>Un ou plusieurs representants du Ministere Public pourront soutenir l'accusation dans chaque proces. Chaque representant du Ministere Public pourra remplir ses fonctions personnellement ou autoriser toute personne a les remplir. Les fonctions de defenseur peuvent etre remplies sur la demande de l'accuse par tout avocat regulierement qualifie pour plaider dans son propre pays ou pour toute autre personne specialement autorisee a cet effet par le Tribunal.</s>
    <s>Article 24</s>
    <s>Le proces se deroulera dans l'ordre suivant :</s>
    <s>a) l'Acte d'accusation sera lu a l'audience ;</s>
    <s>b) le Tribunal demandera a chaque accuse s'il plaide « coupable » ou non ;</s>
    <s>c) le Ministere Public fera une declaration preliminaire ;</s>
    <s>d) le Tribunal demandera a l'Accusation et a la Defense, quelles preuves elles entendent soumettre au Tribunal et se prononcera sur l'admissibilite de ces preuves ;</s>
    <s>e) les temoins produits par l'Accusation seront entendus et il sera procede ensuite a l'audition des temoins de la Defense. Apres quoi, tout moyen de refutation qui sera admis par le Tribunal sera produit par l'Accusation ou par la Defense ;</s>
    <s>f) le Tribunal pourra poser toute question qu'il jugera utile a tout temoin, a tout accuse, et a tout moment ;</s>
    <s>g) l'Accusation et la Defense pourront interroger tout temoin et tout accuse qui porte temoignage ;</s>
    <s>h) la Defense plaidera ;</s>
    <s>i) le Ministere Public soutiendra l'accusation ;</s>
    <s>j) chaque accuse pourra faire une declaration au Tribunal ;</s>
    <s>k) le Tribunal rendra son jugement et fixera la peine.</s>
    <s>Article 25</s>
    <s>Tous les documents officiels seront produits et toute la procedure sera conduite devant le Tribunal en français, en anglais, en russe et dans la langue de l'accuse. Le compte rendu des debats pourra etre aussi traduit dans la langue du pays ou siegera le Tribunal, dans la mesure ou celui-ci le considerera desirable dans l'interet de la Justice et pour eclairer l'opinion publique.</s>
    <s>VI. Jugement et peine</s>
    <s>Article 26</s>
    <s>La decision du Tribunal relative a la culpabilite ou a l'innocence de tout accuse devra etre motivee et sera definitive et non susceptible de revision.</s>
    <s>Article 27</s>
    <s>Le Tribunal pourra prononcer contre les accuses convaincus de culpabilite la peine de mort ou tout autre chatiment qu'il estimera juste.</s>
    <s>Article 28</s>
    <s>En plus de toute peine qu'il aura infligee, le Tribunal aura le droit d'ordonner a l'encontre du condamne la confiscation de tous biens voles et leur remise au Conseil de Controle pour l'Allemagne.</s>
    <s>Article 29</s>
    <s>En cas de culpabilite, les decisions seront executees conformement aux ordres du Conseil de Controle pour l'Allemagne, et ce dernier aura le droit, a tout moment, de reduire ou de modifier, d'autre maniere les decisions, sans toutefois pouvoir en aggraver la severite. Si, apres qu'un accuse a ete reconnu coupable et condamne, le Conseil de Controle pour l'Allemagne decouvre de nouvelles preuves qu'il juge de nature a constituer une charge nouvelle contre l'accuse, il en informera la Commission prevue par l'article 14 du present Statut, afin que celle-ci prenne telle mesure qu'elle estimera appropriee dans l'interet de la Justice.</s>
    <s>VIII. Depenses</s>
    <s>Article 30</s>
    <s>Les depenses du Tribunal et les frais des proces seront imputes par les Signataires sur les fonds affectes au Conseil de Controle pour l'Allemagne.</s>
    <s>&gt; Le Tribunal de Nuremberg se reunit de novembre 1945 a octobre 1946.</s>
    <s>Voir page sur Le proces de Nuremberg</s>
    <s>La definition du crime contre l'humanite</s>
  </text>
</page>
