<?xml version="1.0" encoding="UTF-8"?>
<!DOCTYPE page SYSTEM "page.dtd">
<page>
  <lang>fr</lang>
  <url>http://srit.aquitaine.fr/Pyrenees-Altlantiques%3Fpage%3Dforum%26id_article%3D10%26id_rubrique%3D20</url>
  <title>[Horizon 2020] : Poster un message</title>
  <snippet>
    <s>Conférence territoriale du 6 décembre 2007 à Pau est modéré à priori : votre contribution n&#39;apparaîtra qu&#39;après avoir été validée par un administrateur du site. </s>
  </snippet>
  <text>
    <s>Région Aquitaine Vous êtes ici : Mon Aquitaine &gt; Aménagement du territoire &gt; Schéma régional des infrastructures, des transports et de l’intermodalité</s>
    <s>Partager Déplier</s>
    <s>Charte éditoriale</s>
    <s>Charte qualité</s>
    <s>!Site Région Aquitaine</s>
    <s>Actualités !separateur Comment participer ? !separateur Ressources documentaires !separateur Liens utiles !separateur</s>
    <s>Dans ce site Dans tous les sites Aquitaine</s>
    <s>Traduction Deutsch Bulgare hrvatski Dansk Español suomi Greek Italiano latviešu Lietuviu norsk Nederlands Polski Português cesky Româna English Serbian slovencina slovenšcina Svenska Ukrainian</s>
    <s>!(Pyrénées Altlantiques)Pyrénées Altlantiques</s>
    <s>Le Grand Pau</s>
    <s>Conférence territoriale du 6 décembre 2007 à Pau</s>
    <s>Présentation du bureau d’études Egis mobilité, :</s>
    <s>Présentation de l’Agence d’urbanisme Adour Pyrénées :</s>
    <s>Compte-rendu de la Conférence :</s>
    <s>Thèmes de réflexion, propositions ou questions posés lors de l’inscription à la Conférence territoriale :</s>
    <s>Ressources documentaires</s>
    <s>Plan de Déplacements Urbains (PDU) du Grand Pau :</s>
    <s>La Côte Basque</s>
    <s>Conférence territoriale du 28 novembre 2007 à Bayonne</s>
    <s>Présentation du bureau d’études Egis mobilité :</s>
    <s>Présentation de l’Agence d’urbanisme Adour Pyrénées :</s>
    <s>Compte-rendu de la Conférence :</s>
    <s>Thèmes de réflexion, propositions ou questions posés lors de l’inscription à la Conférence territoriale :</s>
    <s>Ressources documentaires</s>
    <s>Diagnostic du Plan Local de déplacements de la Communauté de communes Sud Pays - Basque :</s>
    <s>Contribution du Collectif des Associations de Défense de l’Environnement Pays Basque Sud des Landes (CADE) : 3 documents</s>
    <s>Proposition sur la ligne actuelle Nord-Sud</s>
    <s>Questions 1ère partie</s>
    <s>Questions 2nde partie</s>
    <s>Contribution de l’Association de Défense des Tarnosiens : 3 documents</s>
    <s>Thèmes de réflexion</s>
    <s>Projet ferroviaire Bordeaux Espagne : contribution de l’Association au débat public</s>
    <s>Contribution de Monsieur Jacques Saint-Martin</s>
    <s>Contribution du Cercle de Burrunz</s>
    <s>Contribution de l’Association Béarn Adour Pyrénées sur le ferroviaire :</s>
    <s>Ce forum est modéré à priori : votre contribution n'apparaîtra qu'après avoir été validée par un administrateur du site.</s>
    <s>Un message, un commentaire ?</s>
    <s>Titre :</s>
    <s>Texte de votre message :</s>
    <s>(Pour créer des paragraphes, laissez simplement des lignes vides.)</s>
    <s>Lien hypertexte (optionnel)</s>
    <s>(Si votre message se réfère à un article publié sur le Web, ou à une page fournissant plus d'informations, vous pouvez indiquer ci-après le titre de la page et son adresse.)</s>
    <s>Titre :</s>
    <s>URL :</s>
    <s>Qui êtes-vous ? (optionnel)</s>
    <s>Votre nom (ou pseudonyme) :</s>
    <s>Votre adresse email :</s>
    <s>Recopiez le code anti-spam : !captcha</s>
    <s>Veuillez laisser ce champ vide :</s>
    <s>La démarche</s>
    <s>1ère phase : Le diagnostic</s>
    <s> 2ème phase : la concertation</s>
    <s> Le projet</s>
    <s> Le document final</s>
    <s>Région Aquitaine – Hôtel de Région – 14, rue François de Sourdis – 33077 Bordeaux Cedex</s>
    <s>Tél. : 33(0)5 57 57 80 00 – Fax : 33(0)5 56 24 72 80</s>
    <s>!Proposez vos fil RSS</s>
    <s>Adoptez MonAquitaine - Proposez vos fils RSS</s>
    <s>',document.getElementById('textarea 1')) (Citer un message)</s>
  </text>
</page>
