<?xml version="1.0" encoding="UTF-8"?>
<!DOCTYPE page SYSTEM "page.dtd">
<page>
  <lang>fr</lang>
  <url>http://ihm2011.unice.fr/01_Programme/08_jeudi%252027%2520octobre.php</url>
  <title>IHM 2011 à Nice - Sophia Antipolis - Programme - jeudi 27 octobre</title>
  <snippet>
    <s>Soumissions et Dates Conférencier Invité : Prof. Bien sûr, la séparation des préoccupations est d&#39;un intérêt limité si on ne peut pas recomposer ces </s>
  </snippet>
  <text>
    <s>24-27 octobre 2011</s>
    <s>Nice - Sophia Antipolis</s>
    <s>23ieme Conference Francophone Sur l'IHM</s>
    <s>Skip to Content</s>
    <s>Soumissions et Dates</s>
    <s>Inscriptions et Infos pratiques</s>
    <s>Programmeliste des articleslundi 24 octobremardi 25 octobremercredi 26 octobrejeudi 27 octobredemonstrationspostersatelierscoursstandsplanning complet</s>
    <s>Jeudi 27 Octobre (programme prévisionnel)</s>
    <s>horaires activités</s>
    <s>jeudi 27 octobre</s>
    <s>Conférencier Invité : Prof. Jean-Marc Jézéquel</s>
    <s>Vers l'hyper-agilité des IHM</s>
    <s>L'hyper-agilité peut être définie comme la transposition de l'Agile Manifesto au runtime pour obtenir des systèmes toujours fonctionnels capables de s'adapter automatiquement aux changements tant de leur environnement que des exigences de leurs utilisateurs directement impliqués. Nous présentons une approche opérationnelle fondée sur l'utilisation de modèles permettant de séparer les préoccupations (par exemple noyau fonctionnel et IHM) en abstrayant des aspects spécifiques de la réalité. Cette approche est devenue relativement populaire ces dernières années pour faire face à des préoccupations d'analyse et de conception, en s'appuyant notamment sur des langages de modélisation de la famille d'UML. Bien sûr, la séparation des préoccupations est d'un intérêt limité si on ne peut pas recomposer ces préoccupations automatiquement. La composition automatique de modèles permet en effet de gérer des variations de préoccupations de conception par exemple dans le contexte d'opérations de maintenance ou dans celui de l'ingénierie des lignes de produits. Allant au-delà de la résolution de cette problématique dans les phases de conception, nous montrons comment la composition de modèles peut aussi être utilisée pendant l'exécution d'un système pour spécifier et gérer des systèmes logiciels dynamiquement adaptatifs, ici conceptualisés comme des lignes de produits logiciels dynamiques. Nous esquissons comment ces idées pourraient être appliquées en particulier dans le cadre de systèmes interactifs qui auraient de tels besoins d'agilité.</s>
    <s>à propos de l'invité :</s>
    <s>Jean-Marc Jézéquel est professeur à l'Université de Rennes I. Il dirige l'équipe Triskell qui est une équipe de recherche commune à l'Irisa et à l'INRIA sur l'ingénièrie dirigée par les modèles pour les composants logiciels. Il est l'auteur de plusieurs livres ainsi que de plus de 110 publications dans des revues et conférences internationales. Il a reçu un diplome d'ingénieur télécom de Télécom Bretagne en 1986 et un doctorat de l'Université de Rennes I en 1989, avant de rejoindre la R&amp;D; de Transpac en 1989 puis le CNRS en 1991 et enfin l'université de Rennes en 2000.</s>
    <s>Plus d'infos: la page personnelle de Jean-Marc Jézéquel</s>
    <s>Petite Pause avec collation</s>
    <s>jeudi 27 octobre</s>
    <s>Session : Concevoir</s>
    <s>Inspirer, Explorer : Magellan, un Environnement Interactif Evolutionnaire pour la Génération d’Exemples (papier long)</s>
    <s>Dimitri Masson, Laboratoire d'informatique de Grenoble, Université Joseph Fourier</s>
    <s>Alexandre Demeure, Laboratoire d'informatique de Grenoble, Université Joseph Fourier</s>
    <s>Gaëlle Calvary, Laboratoire d'informatique de Grenoble, Grenoble INP</s>
    <s>Prototypage à partir de modèle de tâche : une étude pilote (papier court)</s>
    <s>Thomas Lachaume, LISI/ENSMA - Université de Poitiers</s>
    <s>Patrick Girard, LISI/ENSMA - Université de Poitiers</s>
    <s>Laurent Guittet, LISI/ENSMA - Université de Poitiers</s>
    <s>Allan Fousse, LISI/ENSMA - Université de Poitiers</s>
    <s>La place de l’ergonomie dans un projet de conception d’une R&amp;D industrielle (papier industriel)</s>
    <s>Maxime Beaudoin, VERI</s>
    <s>Anne Antoni, VERI</s>
    <s>Designing affective animations with children as design partners using role-playing (papier long)</s>
    <s>Sylvie Girard, University of Bath</s>
    <s>Hilary Johnson, University of Bath</s>
    <s>annonce de IHM 2012, clôture de IHM 2011</s>
    <s>Déjeuner (ou retour aéroport)</s>
    <s>Accès Rapide</s>
    <s>Inscriptions et tarifs</s>
    <s>Programme (prévisionnel)</s>
    <s>Formats (23.05.2011)</s>
    <s>modele-ihm11.doc (64 ko)</s>
    <s>l'archive Latex.zip (48 ko)</s>
  </text>
</page>
