<?xml version="1.0" encoding="UTF-8"?>
<!DOCTYPE page SYSTEM "page.dtd">
<page>
  <lang>fr</lang>
  <url>http://congomikili.com/kinshasa-les-nouvelles-sportives.html</url>
  <title>Kinshasa : Les Nouvelles sportives | congomikili.com</title>
  <snippet>
    <s>7 oct. 2011 Instructions how to conference call with ip telephone. gold buy is raising, at shopbot you can find where to buy gold and Partager cet Article </s>
  </snippet>
  <text>
    <s>QUI SOMMES NOUS?</s>
    <s>Les Stars</s>
    <s>Les Stars</s>
    <s>Kinshasa : Les Nouvelles sportives</s>
    <s>October 7, 2011 7:50 am</s>
    <s>8 Commentaires</s>
    <s>En partenariat avec JAMES KATAMBWE, journaliste sportif de rénom de kinshasa , et sous le sponsoring de la Boutique LA CONGOLAISE à Montréal CANADA , voici quelques nouvelles sportives , que vous propose Congomikili.com le site de la diversité na temps</s>
    <s>Shop smart online : Shop smart online: Shopbot is a great place to search for products. If you are looking car dealer(new car, loan for car, buying a car, car credit, auto financing) , student loans, internet service, account bank with no credit or best credit, if you want to find the best bank mortgage bank accounts or checking account. No need to know what is a checking account, no need to close your current bank accounts , there is even online accounts, and best credit cards. All the bank account bank loan are available. Company can find best price for internet services, conferencing, phone for internet, internet and phone, phone card, conference call with colleagues, conference call to work, conference call in office. Instructions how to conference call with ip telephone. gold buy is raising, at shopbot you can find where to buy gold and gold coin.</s>
    <s>Partager cet Article</s>
    <s>Shop smart online: Shopbot is a great place to search for products. If you are looking car dealer(new car, loan for car, buying a car, car credit, auto financing) , student loans, internet service, account bank with no credit or best credit, if you want to find the best bank mortgage bank accounts or checking account. No need to know what is a checking account, no need to close your current bank accounts , there is even online accounts, and best credit cards. All the bank account bank loan are available. Company can find best price for internet services, conferencing, phone for internet, internet and phone, phone card, conference call with colleagues, conference call to work, conference call in office. Instructions how to conference call with ip telephone. gold buy is raising, at shopbot you can find where to buy gold and gold coin.</s>
    <s>AUTRES SITES CONGOMIKILI</s>
    <s>CHERCHER UN ARTICLE</s>
    <s>Select Month October 2011 September 2011 August 2011 July 2011 April 2011 March 2011 February 2011 November 2010 October 2010 September 2010</s>
    <s>October 2011</s>
    <s>M T W T F S S</s>
    <s>« Sep</s>
    <s>8 Commentaires</s>
    <s>1.PONA MAMA KONGO says:</s>
    <s>October 7, 2011 at 10:05 am</s>
    <s>BA KONGOLAIS BO LAMUKA!!!!BO LANDA ELOKO YA MAKASI&gt;&gt;&gt; M1&amp;4&gt;&gt;&gt; na youtube</s>
    <s>2.LEOPARD692 says:</s>
    <s>October 7, 2011 at 11:35 am</s>
    <s>CONGOMIKILI ELOKO NASENGAKA BINO EZA NDE YANGO YO EZALAKA NDE BOYE NGAI NALINGAKA FOOT TROPS BON WAPI SIKOYO BA COMBANIE BAZA TE BANGO KAKA POUVOIR BAYA KOYIBA LISUSU MBONGO NA MBOKA MAIS WAYA PEUPLE DEJA ATIMBELI BANGO NA MOYIBI WANA YA KINDOKI BAZA NANGO NA MBOKA WANA</s>
    <s>BON YO SIKOYO ( PONA MAMA KONGO ) ……….NAZO COMPRENDRE YO TE NABA INFORMATION NAYO YA BITEKITA YA DONGO DONGO OZO YELAKA BATU AWA OZO LOBA BANA KIN BALAMU MAIS BALAMUKA NDENGE NINI YONDE OZA YA KOLALA PONA NA CONGO MAKAMBU EZO CHANGE DONC YONDE LAMUKA PETIT FRERE OZA NDE YAKO LALA YOMOKO DIT LONGUA KUNA DIT</s>
    <s>VIVE KABILA 100% CONGOLAIS DE PERE ET MERE MUANA OYO AZO BONGISA MBOKA YABA KOKO NAYE NA IMPACT NA IDEOLOGIEEEEEEEEEEEEEE</s>
    <s>3.LE CONGO D'ABORD !!says:</s>
    <s>October 7, 2011 at 1:18 pm</s>
    <s>NOTRE RECONNAISSANCE A L'HOMME D'ETAT HONORE-NGBANDA NZAMBO,ALIAS:DEBOUT-CONGOLAIS, LE PERE DE L'EVEIL DE LA CONSCIENTISATION DE L'AMOUR DE LA PATRIE.</s>
    <s>LE CONGO AUX CONGOLAIS QUI AIMENT LE CONGO.</s>
    <s>L'OPPOSITION UNI MAIN DANS LA MAIN:LA CHUTE DE KABILA EST IMMINENTE.</s>
    <s>VIVE LE CONGO NOUVEAU,VIVE LA DIAPORA,VIVE LES COMBATTANTS..LES RESISTANTS CONGOLAIS(es).</s>
    <s>l'INTERET -GENERAL:LE CHOIX UTILE C'EST VOTEZ LE PATRIARCHE TSHISEKEDI WA MULUMBA.LA LIBERATION DU CONGO D'ABORD.</s>
    <s>CONGO:YA YO ..YA NGAI…CONGO-LIPOPO NA BISSO.</s>
    <s>4.regrets says:</s>
    <s>October 7, 2011 at 1:46 pm</s>
    <s>Des talents a feliciter, seulement le journaliste doit parler naturellement; tika charabia.</s>
    <s>5.Lamerveille says:</s>
    <s>October 7, 2011 at 4:24 pm</s>
    <s>JAMES KATAMBWA meileur journaliste sportif congolais !!</s>
    <s>6.Nely says:</s>
    <s>October 7, 2011 at 4:49 pm</s>
    <s>Hors sujet, des stupides!!!!!</s>
    <s>7.D'AUGUSTANNE says:</s>
    <s>October 7, 2011 at 6:36 pm</s>
    <s>JAMES KATAMBWA meileur journaliste sportif congolais,</s>
    <s>Vas de l'avant mon frere Congolais Nationaliste tel que tu</s>
    <s>aime ton pays la RDCongo,</s>
    <s>nous manquions cette cette rubrique,cette emission de SPORTS,il n'y'avait personne pour presenter cette emission dans CONGOMIKILI.COM que nous suivons partout au Monde,</s>
    <s>avec toi,nous sommes maintenant satisfaits beaucoup des gens en parlent et nous vous soutiendrons d'une maniere ou d'une autre,(toi</s>
    <s>et notre CONGOMIKILI.COM),que Dieu continue a vous benir richement,</s>
    <s>du courage JAMES KATAMBWA meileur journaliste sportif congolais,accepte les critiques pour ameliorer plus,les jaloux</s>
    <s>continueront a t'insulter gratuitement,mais ne crains rien et ne</s>
    <s>recule pas svp,ne te fatigue pas,vas toujours de l'avant,progresse.</s>
    <s>8.POTOPOTO YA BEBE says:</s>
    <s>October 8, 2011 at 2:43 pm</s>
    <s>VIVE CMC, VIVE LE CNN DU CONGO. BRAVO JAMES KATAMBWA, VRAIMENT TU RESPIRE DE L'AIR FRAIS. QUE D'AUTRES S'INSPIRENT DE TOI!</s>
    <s>APPUYEZ SUR ANCIENS COMMENTAIRES POUR LIRE TOUS LES COMMENTAIRES</s>
    <s>laissez un commentaire</s>
    <s>Click here to cancel reply.</s>
    <s>Nom (requis)</s>
    <s>E-Mail (requis)</s>
    <s>QUI SOMMES NOUS?</s>
    <s>(C) 2010 Confidentialité Congomikili.com, &quot;Web 2.0&quot;.</s>
  </text>
</page>
