<?xml version="1.0" encoding="UTF-8"?>
<!DOCTYPE page SYSTEM "page.dtd">
<page>
  <lang>fr</lang>
  <url>http://ww2.ac-poitiers.fr/ecoles/spip.php%3Frubrique47</url>
  <title>Les DYS - Portail premier degré - Pédagogie - Académie de Poitiers</title>
  <snippet>
    <s>rubrique Les DYS. Articles. 1 2. un article.</s>
  </snippet>
  <text>
    <s>!- Espace pedagogique</s>
    <s>Recherche avancee</s>
    <s>Accueil &gt;&gt; Elèves à besoins particuliers &gt;&gt; Les DYS</s>
    <s>Qu'apprend-on à l'école ?</s>
    <s>Elèves à besoins particuliers</s>
    <s>Les DYS</s>
    <s>La maîtrise de la langue française</s>
    <s>La pratique d’une langue vivante étrangère</s>
    <s>Les principaux éléments de mathématiques et la culture scientifique et technologique</s>
    <s>La maîtrise des techniques usuelles de l'information et de la communication</s>
    <s>La culture humaniste</s>
    <s>Les compétences sociales et civiques</s>
    <s>L'autonomie et l'initiative</s>
    <s>L'évaluation, l'aide personnalisée</s>
    <s>La formation</s>
    <s>Notes de lecture</s>
    <s>Plan du site</s>
    <s>!rubrique Les DYS</s>
    <s>!un article Prochaines conférences sur les DYS - publie le 18/09/2011</s>
    <s>Un colloque sur la dysphasie à Angoulême le 5 octobre (pour les professionnels), et une soirée sur l'intégration des enfants &quot;dys&quot; en milieu scolaire à Poitiers le 10 octobre (tout public).</s>
    <s>!un article Le concept de bientraitance au secours des DYS - publie le 30/11/2010</s>
    <s>Le concept dit de « bientraitance » s’impose aujourd’hui comme une alternative efficace pour anticiper et prévenir diverses situations de maltraitance.</s>
    <s>!un article Les dyscalculies en question - publie le 05/05/2010</s>
    <s>Document support et enregistrement sonore de la conférence du Dr. Alain Pouhet et de Jacques Bouchand (à l'Espace Pierre Mendès-France le 11 mars 2010).</s>
    <s>!un article Les DYS : quel âge pour quel diagnostic ? - publie le 29/04/2010</s>
    <s>En situation de difficulté scolaire, affirmer une DYS peut être largement anticipé sans attendre l’âge auquel on peut habituellement poser un diagnostic. Cette possibilité doit être connue pour mettre en place des adaptations et des aides précoces.</s>
    <s>!un article Prochaines conférences sur les DYS - mis a jour le 01/03/2010</s>
    <s>Dates et lieux de trois conférences sur les DYS, en mars à Poitiers et à Saintes.</s>
    <s>!un article En situations de &quot;DYS&quot; : le transfert d'informations à l'école - publie le 16/02/2010</s>
    <s>Améliorer la transmission des informations aux enseignants pour s'adapter vraiment aux difficultés des enfants DYS. Une contribution du Dr. Alain Pouhet.</s>
    <s>!un article Evaluer les troubles scolaires des enfants suspectés de DYS - publie le 09/11/2009</s>
    <s>En situation probable de DYS, comment construire un bilan &quot;raisonné&quot; à partir des symptômes scolaires ?</s>
    <s>!un article Les dyspraxies de l'enfant : conférence du Dr. Michèle Mazeau - mis a jour le 12/11/2009</s>
    <s>Document support et enregistrement sonore de la conférence du Dr Michèle Mazeau, médecin de rééducation (Poitiers le 10 septembre 2009).</s>
    <s>!un article Abord pragmatique des dyspraxies de l'enfant en situation d'apprentissage scolaire - mis a jour le 15/03/2010</s>
    <s>Le Dr. Pouhet plaide pour une action pragmatique et précoce pour prendre en charge les difficultés d'apprentissage de l'enfant dyspraxique.</s>
    <s>!un article Aides techniques pour élèves déficients visuels, dyslexiques et dyspraxiques - mis a jour le 18/12/2009</s>
    <s>Pour faciliter le travail scolaire des élèves présentant des déficiences, notamment visuelles, les outils TIC les plus chers ne sont pas forcément les meilleurs. Pour autant, le &quot;couteau suisse universel&quot; n'existe pas : chaque outil doit être adapté aux besoins spécifiques de chaque élève.</s>
    <s>!un article Dysgraphie et ordinateur - mis a jour le 18/12/2009</s>
    <s>Quand faut-il recourir à l'ordinateur en cas de dysgraphie ?</s>
    <s>!un article Conférence et témoignages sur les DYS - mis a jour le 09/12/2008</s>
    <s>Enregistrement sonore et diaporama de la conférence du Dr Alain Pouhet lors de la &quot;journée des DYS&quot;.</s>
    <s>!un article Une journée dans la vie de Xavier, dyspraxique visuo-spatial - mis a jour le 09/12/2008</s>
    <s>Témoignages d’une équipe éducative autour du cas d’un élève dyspraxique.</s>
    <s>!un article Comment ma dyslexie a affecté ma scolarité - mis a jour le 09/12/2008</s>
    <s>Une étudiante revient sur les difficultés que sa dyslexie modérée lui a causées durant tout son parcours scolaire.</s>
    <s>!un article Conférence sur les DYS - mis a jour le 25/09/2008</s>
    <s>A la faculté de médecine de Poitiers le vendredi 10 Octobre 2008 de 20h00 à 22h30.</s>
    <s>« Precedente 1 Suivante »</s>
    <s>Site reference</s>
    <s>!un site Aider les élèves souffrant de troubles des apprentissages</s>
    <s>Un site de ressources pour les enseignants et les parents d'enfants &quot;dys&quot; (académie de Versailles).</s>
    <s>la rubrique</s>
    <s>• Lien recommande</s>
    <s>!un site Dr Alain Pouhet</s>
    <s>Le Dr Pouhet met à disposition sur son site les documents supports de ses interventions publiques.</s>
    <s>• Sites institutionnels</s>
    <s>Mentions legales</s>
    <s>Academie de Poitiers, Rectorat, 22 rue Guillaume VII le Troubadour BP 625 86022 Poitiers Cedex</s>
  </text>
</page>
