<?xml version="1.0" encoding="UTF-8"?>
<!DOCTYPE page SYSTEM "page.dtd">
<page>
  <lang>fr</lang>
  <url>http://reliefweb.int/node/247813</url>
  <title>Premier atelier ouest-africain du Comité des droits de l&#39;enfant ...</title>
  <snippet>
    <s>5 nov. 2007 Premier atelier ouest-africain du Comité des droits de l&#39;enfant d&#39;une meilleure application de la Convention relative aux droits de l&#39;enfant. </s>
  </snippet>
  <text>
    <s>Skip to main content</s>
    <s>Update content.</s>
    <s>05 Nov 2007</s>
    <s>and 7 others</s>
    <s>Premier atelier ouest-africain du Comité des droits de l'enfant</s>
    <s>UN Office of the High Commissioner for Human Rights</s>
    <s>Genève, 5 Novembre 2007 : Le Haut Commissariat des Nations Unies aux Droits de l'Homme, en collaboration avec le Gouvernement du Burkina Faso, Plan International, l'Unicef et l'Organisation Internationale de la Francophonie, organisera du 6 au 8 novembre 2007, le premier atelier pour l'Afrique de l'Ouest sur le suivi des observations finales du Comité des droits de l'enfant.</s>
    <s>Le Bénin, le Burkina Faso, la Côte d'Ivoire, la Guinée, le Mali, le Niger, le Sénégal et le Togo se réuniront à Ouagadougou, Burkina Faso, en vue de renforcer leurs capacités dans la perspective d'une meilleure application de la Convention relative aux droits de l'enfant. L'atelier leur permettra, ainsi qu'aux représentants de la société civile et des institutions nationales des droits de l'homme, d'échanger sur les bonnes pratiques existantes et renforcer la collaboration entre les différents partenaires impliqués dans la protection et la promotion des droits de l'enfant.</s>
    <s>L'atelier abordera de nombreux sujets liés notamment : l'enregistrement des naissances; la violence et le suivi de l'Etude du Secrétaire général sur la violence à l'encontre des enfants; la santé; l'éducation; le travail et le trafic des enfants; l'administration de la justice pour mineurs ; la discrimination; le VIH/Sida, et les migrations. L'Organisation Mondiale de la Santé, le Haut Commissariat aux réfugiés, et le Programme des Nations Unies pour le Développement, ainsi que diverses institutions sous-régionales, y participeront.</s>
    <s>Cette première conférence conclura sur des recommandations afin de promouvoir la mise en œuvre des observations finales du Comité des droits de l'enfant dans chacun des Etats participants.</s>
    <s>Le Comité des droits de l'enfant est un organe composé d'experts indépendants qui surveille l'application de la Convention relative aux droits de l'enfant par les États parties. Il surveille aussi la mise en œuvre des deux Protocoles facultatifs à la Convention, l'un concernant l'implication d'enfants dans les conflits armés, l'autre la vente d'enfants, la prostitution des enfants et la pornographie mettant en scène des enfants.</s>
    <s>Pour plus d'informations sur le Comité des droits de l'enfant prière consulter http://www.ohchr.org/french/bodies/crc/index.htm</s>
    <s>Original published date:</s>
    <s>05 Nov 2007</s>
    <s>Burkina Faso</s>
    <s>Côte d'Ivoire</s>
    <s>Niger (the)</s>
    <s>UN Office of the High Commissioner for Human Rights</s>
    <s>Protection and Human Rights</s>
    <s>Content format:</s>
    <s>News and Press Release</s>
    <s>Learn more</s>
    <s>About Us</s>
    <s>Connect with us</s>
    <s>Share your info with us</s>
    <s>Financial Tracking Service</s>
    <s>Virtual OSOCC</s>
    <s>Humanitarian Reform</s>
    <s>Terms &amp; Conditions</s>
    <s>(C) 2011 ReliefWeb</s>
  </text>
</page>
