<?xml version="1.0" encoding="UTF-8"?>
<!DOCTYPE page SYSTEM "page.dtd">
<page>
  <lang>fr</lang>
  <url>http://societeetudesbeaulisiennes.ning.com/</url>
  <title>Société d&#39;études beaulieusiennes</title>
  <snippet>
    <s>12 sept. 2011 Conférence de François Ouellet : &quot;Victor-Lévy Beaulieu et le roman du Père des Cahiers Victor-Lévy Beaulieu regroupant les actes du colloque &quot;Actualités de Victor-Lévy Beaulieu&quot; tenu en juin 2010. Sponsorisé par Ning </s>
  </snippet>
  <text>
    <s>Créez un réseau Ning !</s>
    <s>Se connecter</s>
    <s>Societe d'etudes beaulieusiennes</s>
    <s>Page principale</s>
    <s>Ma page</s>
    <s>Les Cahiers</s>
    <s>La Societe d'etudes beaulieusiennes a pour objectifs de stimuler la recherche sur l'oeuvre de l'ecrivain quebecois Victor-Levy Beaulieu.</s>
    <s>En voir plus</s>
    <s>Ajouter des photos</s>
    <s>En voir plus</s>
    <s>Billets de blogue</s>
    <s>Convocation officielle : Assemblée générale annuelle, suivie du lancements des Cahiers Victor-Lévy Beaulieu</s>
    <s>Vous trouverez ici l'invitation à l'assemblée générale annuelle de la Société d'études beaulieusiennes ainsi que le procès verbal de la dernière assemblée qui s'était tenue en octobre 2010 : assemblée générale.pdf; …</s>
    <s>Publié par Sophie Dubois le 12 Septembre 2011 à 11 12</s>
    <s>Ag et lancement des Cahiers Victor-Lévy Beaulieu</s>
    <s>Je vous annonce, en primeur, que, sauf pépin de dernières minutes, l'assemblée générale annuelle de la Société d'études beaulieusiennes aura lieu le 23 septembre en après-midi à l'UQAM et sera suivie du lancement du premier numéro des Cahiers Victor-Lévy Beaulieu regroupant les actes du colloque &quot;Actualités de Victor-Lévy Beaulieu&quot; tenu en juin 2010.</s>
    <s>Confirmation et plus de détails à venir </s>
    <s>Publié par Sophie Dubois le 3 Septembre 2011 à 14 23</s>
    <s>Appel de citations</s>
    <s>Bonjour à vous,</s>
    <s>La Société est à la recherche de citations de Beaulieu portant sur l'expression de la liberté.</s>
    <s>Il s'agit d'une demande de la part l'Institut canadien de Québec qui prépare une exposition permanente sur la littérature québécoise.</s>
    <s>Les citations doivent faire de une à quatre lignes et être accompagnées de leur référence.</s>
    <s>Vous pouvez laisser les citations trouvées, d'ici le 15 août, en commentaire à ce…</s>
    <s>Publié par Sophie Dubois le 8 Août 2011 à 8 51</s>
    <s>Conférence de François Ouellet : &quot;Victor-Lévy Beaulieu et le roman du Père&quot;</s>
    <s>Membres, sympathisants et amis de la Société d’études beaulieusiennes,</s>
    <s>… Continuer</s>
    <s>Publié par Sophie Dubois le 7 Mars 2011 à 9 34</s>
    <s>Ajouter un Message</s>
    <s>En voir plus</s>
    <s>Objectif du reseau</s>
    <s>Bienvenue dans cette Grande Tribu qu'est en voie de devenir le réseau de la Société d'études beaulieusiennes.</s>
    <s>Cette page constitue à la fois un lieu d'échange sur l'oeuvre de Victor-Lévy Beaulieu et un lieu de diffusion tant de l'oeuvre beaulieusienne que des travaux qui lui sont consacrés. Elle s'insère ainsi dans les objectifs de la Société et espère acueillir des chercheurs et des amateurs qui voudront partager ici leur intérêt pour Beaulieu.</s>
    <s>N'hésitez pas à me faire part de tous commentaires ou suggestions pour l'amélioration de cet espace. Vous pouvez également me mentionner toute publication manquante dans les bibliographies (encore en construction) dans la section &quot;Commentaires&quot; de celles-ci.</s>
    <s>Sophie Dubois , responsable de la page</s>
    <s>La Société d'études beaulieusiennes est un organisme à but non lucratif affilié au Centre de recherche interuniversitaire sur la littérature et la culture québécoises (CRILCQ). Ses objectifs sont les suivants :</s>
    <s>1- Stimuler la recherche sur l'œuvre de Victor-Lévy Beaulieu ;</s>
    <s>2- Encourager les rencontres entre les chercheurs par l'organisation de colloques, séminaires, ateliers, conférences, etc. ;</s>
    <s>3- Favoriser la publication de ces recherches dans des monographies ou des dossiers de revues ;</s>
    <s>4- Réunir la documentation déjà publiée sur cette œuvre et la rendre accessible aux chercheurs et aux étudiants de cycles supérieurs.</s>
    <s>Pour adhérer à la Société d’études beaulieusiennes</s>
    <s>Tarifs annuels</s>
    <s>membre de soutien : 150 $ et plus ;</s>
    <s>membre régulier : 50 $ ;</s>
    <s>membre étudiant : 25 $</s>
    <s>Remplissez le formulaire et faites-le parvenir, accompagné de votre chèque au nom de la Société d’études beaulieusiennes, à l’adresse suivante :</s>
    <s>Société d’études beaulieusiennes</s>
    <s>Université du Québec à Montréal</s>
    <s>Département d’études littéraires</s>
    <s>C.P. 8888, Succ. Centre-Ville</s>
    <s>Montréal (Québec)</s>
    <s>H3C 3P8</s>
    <s>Bibliographie critique sur Victor-Levy Beaulieu : articles</s>
    <s>Voix et images, vol. III, no 2, décembre 1977 :PELLETIER, Jacques, « Victor-Lévy Beaulieu écrivain professionnel »…Continuer</s>
    <s>Démarrée par Sophie Dubois dans Exemple de Titre 15 Oct. 2010.</s>
    <s>Bibliographie critique sur Victor-Levy Beaulieu : monographies</s>
    <s>HUARD, Michel, Lire un pays : les écrits publiés de Victor-Lévy Beaulieu 1961-2009, Montréal, Michel Huard, 2009.DUPONT, Caroline, L’imagination biographique et critique : variations inventives et…Continuer</s>
    <s>Démarrée par Sophie Dubois dans Exemple de Titre 24 Sept. 2010.</s>
    <s>Bibliographie critique sur Victor-Levy Beaulieu : memoires et theses</s>
    <s>DUBOIS, Sophie.pdf, « La Nuitte et la…Continuer</s>
    <s>Démarrée par Sophie Dubois dans Exemple de Titre 22 Sept. 2010.</s>
    <s>Biographie de Victor-Levy Beaulieu</s>
    <s>Victor-Lévy Beaulieu (2 septembre 1945 à Saint-Paul-de-la-Croix, Québec - ) est un écrivain, dramaturge, polémiste et éditeur québécois.BiographieNé à Saint-Paul-de-la-Croix, dans la région du…Continuer</s>
    <s>Démarrée par Sophie Dubois dans Exemple de Titre 22 Sept. 2010.</s>
    <s>Ajouter une discussion.</s>
    <s>En voir plus</s>
    <s>Bienvenue sur</s>
    <s>Societe d'etudes beaulieusiennes</s>
    <s>ou Ouvrir une Session</s>
    <s>À propos</s>
    <s>Luc Gauvreau a créé ce réseau Ning.</s>
    <s>Créez un réseau Ning »</s>
    <s>Activité récente</s>
    <s>Convocation officielle : Assemblee generale annuelle, suivie du lancements des Cahiers Victor-Levy Beaulieu</s>
    <s>Vous trouverez ici l'invitation à l'assemblée générale annuelle de la Société d'études beaulieusiennes ainsi que le procès verbal de la dernière assemblée qui s'était tenue en octobre 2010 : assemblée générale.pdf; …Plus</s>
    <s>Publication de blog par Sophie Dubois 12 Sept.</s>
    <s>0 Commentaires</s>
    <s>François Archambault est maintenant membre de Societe d'etudes beaulieusiennes. 12 Sept.</s>
    <s>Souhaitez-leur la bienvenue !</s>
    <s>Ag et lancement des Cahiers Victor-Levy Beaulieu</s>
    <s>Je vous annonce, en primeur, que, sauf pépin de dernières minutes, l'assemblée générale annuelle de la Société d'études beaulieusiennes aura lieu le 23 septembre en après-midi à l'UQAM et sera suivie du lancement du premier numéro des Cahiers Victor-Lévy Beaulieu regroupant les actes du colloque &quot;Actualités de Victor-Lévy Beaulieu&quot; tenu en juin 2010.Confirmation et plus de détails à venir  Plus</s>
    <s>Publication de blog par Sophie Dubois 3 Sept.</s>
    <s>0 Commentaires</s>
    <s>Paul Hudon est maintenant membre de Societe d'etudes beaulieusiennes. 3 Sept.</s>
    <s>Souhaitez-leur la bienvenue !</s>
    <s>Appel de citations</s>
    <s>Bonjour à vous, La Société est à la recherche de citations de Beaulieu portant sur l'expression de la liberté.Il s'agit d'une demande de la part l'Institut canadien de Québec qui prépare une exposition permanente sur la littérature québécoise.Les citations doivent faire de une à quatre lignes et être accompagnées de leur référence.Vous pouvez laisser les citations trouvées, d'ici le 15 août, en commentaire à ce message. Cordialement, Sophie DuboisPlus</s>
    <s>Publication de blog par Sophie Dubois 8 Aout</s>
    <s>0 Commentaires</s>
    <s>Vincent C. Lambert est maintenant membre de Societe d'etudes beaulieusiennes. 29 Juill.</s>
    <s>Souhaitez-leur la bienvenue !</s>
    <s>Conference de François Ouellet : &quot;Victor-Levy Beaulieu et le roman du Pere&quot;</s>
    <s>Membres, sympathisants et amis de la Société d’études beaulieusiennes,Je vous prierais d’inscrire à  la date du 28 mars dans votre agenda la conférence suivante de François Ouellet:Victor-Lévy Beaulieu et le roman du Père.La conférence aura lieu lundi le 28 mars, à 18 h, au local DS-4375 du Pavillon De Sève de l’UQAM, pavillon situé rue Sainte-Catherine, entre Saint-Denis et Sanguinet. Elle aura lieu dans le cadre d’un cours du professeur Michel Lacroix qui a gentiment accepté de nous…Plus</s>
    <s>Publication de blog par Sophie Dubois 7 Mars</s>
    <s>0 Commentaires</s>
    <s>François Ouellet ont mis à jour leur profil. 8 Fevr.</s>
    <s>© 2011 Created by Luc Gauvreau. Sponsorisé par .</s>
    <s>Signaler un problème | Conditions d'utilisation</s>
    <s>Bonjour, vous devez activer JavaScript pour utiliser Societe d'etudes beaulieusiennes.</s>
    <s>Veuillez vérifier les paramètres de votre fureteur ou contacter votre administrateur de système.</s>
  </text>
</page>
