<?xml version="1.0" encoding="UTF-8"?>
<!DOCTYPE page SYSTEM "page.dtd">
<page>
  <lang>fr</lang>
  <url>http://cnu.ifsic.univ-rennes1.fr/cr-01.html</url>
  <title>Section 27 du CNU : CR de la session 1999</title>
  <snippet>
    <s>7 janv. 2002 corps des professeurs des universités et du corps des maîtres de conférences &quot; . des concours de recrutement de professeurs au titre de l&#39;article 46-3, fusion il en aura d&#39;autres l&#39;an prochain : éclaircissement des dates limites de . Les critères utilisés pour évaluer la recherche et l&#39;enseignement sont </s>
  </snippet>
  <text>
    <s>Compte-rendu de la session 2001</s>
    <s>de la section 27 du CNU</s>
    <s>Le fait marquant de lannee 2001 est certainement la parution, au JO N°116 du 19 mai 2001, dun decret modifiant le decret n° 84-431 du 6 juin 1984 fixant &quot; les dispositions statutaires communes applicables aux enseignants-chercheurs et portant statut particulier du corps des professeurs des universites et du corps des maitres de conferences &quot;. Ce decret a eu des consequences directes sur lactivite de la section des cette annee (modification des modalites des concours de recrutement de professeurs au titre de larticle 46-3, fusion des 2 premieres classes des maitres de conferences) ; il en aura dautres lan prochain : eclaircissement des dates limites de candidature et de soutenance pour les qualifications, modification de la procedure specifique de promotions (voie 3), interversion de lordre dexamen des promotions de la voie 1 (le CNU se prononcera avant les etablissements).</s>
    <s>Une version consolidee du decret de 1984 est accessible sur le serveur de la section.</s>
    <s>Le calendrier de la session de qualification de cette annee presente un decalage dun mois avec la pratique anterieure. Son architecture globale doit etre maintenue pour 2002 :</s>
    <s>declaration de candidature en septembre ;</s>
    <s>date limite de soutenance de these, date limite de reception des dossiers par les rapporteurs : fin decembre - debut janvier ;</s>
    <s>reunion de la section fin janvier.</s>
    <s>Évolution des demandes et du nombre de qualifies</s>
    <s>Donnees sur 4 ans</s>
    <s>La section a reçu 453 demandes de qualification comme maitre de conferences et 134 demandes de qualification comme professeur. Le tableau qui suit permet de comparer les sessions depuis 1998.</s>
    <s>Dossiers non fournis</s>
    <s>5,5 %</s>
    <s>16 %</s>
    <s>22 %</s>
    <s>22,5 %</s>
    <s>3 %</s>
    <s>6 %</s>
    <s>16 %</s>
    <s>20 %</s>
    <s>63 %</s>
    <s>69 %</s>
    <s>63 %</s>
    <s>65 %</s>
    <s>72 %</s>
    <s>75 %</s>
    <s>60 %</s>
    <s>75 %</s>
    <s>Non qualifies</s>
    <s>37 %</s>
    <s>31 %</s>
    <s>37 %</s>
    <s>35 %</s>
    <s>28 %</s>
    <s>25 %</s>
    <s>40 %</s>
    <s>25 %</s>
    <s>Lecart entre le nombre de dossiers annonces et le nombre de dossiers reçus se stabilise : 1 inscription sur 5 deposees en septembre se revele en definitive prematuree. Les pourcentages de qualifies MC evoluent assez peu sur la duree : 65 % pour les MC, environ 75 % pour les PR si on admet que le pourcentage obtenu en 2000 est atypique.</s>
    <s>Évolution du &quot; vivier &quot;</s>
    <s>Il est clair que la decroissance tendancielle du nombre de candidats, donc ipso facto du nombre de qualifies, se confirme alors que lenseignement superieur, le CNRS et lINRIA cherchent a embaucher plus dinformaticiens.</s>
    <s>Analyse des refus de qualification</s>
    <s>Dans les tableaux qui suivent, lorsque la recherche est citee comme cause principale de refus, cela ne signifie pas que le dossier enseignement est de bonne qualite. Ainsi, parmi les candidats dont la recherche a ete jugee un peu limite, certains ne sont pas qualifies parce que rien au niveau de lenseignement ou des taches collectives na semble de nature a compenser une faiblesse relative en recherche. En revanche, les candidats dont le motif de refus cite est lenseignement sont tous des candidats ayant un bon niveau en recherche.</s>
    <s>Type refus</s>
    <s>Dossier mal fait ou globalement faible</s>
    <s>Hors section</s>
    <s>Problemes en enseignement</s>
    <s>Problemes en recherche</s>
    <s>Type refus</s>
    <s>Dossier mal fait ou globalement faible</s>
    <s>Hors section</s>
    <s>Problemes en enseignement</s>
    <s>Problemes en recherche</s>
    <s>Par rapport a lannee 2000, le pourcentage de dossiers hors section a baisse (de 54 % a 37 % pour les MC, de 41 % a 26 % pour les PR). Malgre cette baisse, leur nombre est encore trop important (nombre de ces dossiers sont caricaturalement hors section).</s>
    <s>Nous avons cherche, cette annee, a recenser les thematiques des candidats et des qualifies. Les themes retenus sont tres larges et arbitraires (et souvent un candidat pourrait etre classe dans plusieurs thematiques). Malgre ses imperfections, elle donne une idee assez precise de lactivite de divers domaines. Dans les tableaux qui suivent, les colonnes Dont Fc et Dont Fqlf donnent respectivement le nombre de femmes candidates et le nombre de femmes qualifiees.</s>
    <s>Dont Fc</s>
    <s>Dont Fqlf</s>
    <s>Inconnu ou inclassable</s>
    <s>Algorithmique et combinatoire</s>
    <s>Architecture des machines</s>
    <s>Communication homme-machine</s>
    <s>Genie logiciel et programmation</s>
    <s>Informatique industrielle</s>
    <s>Informatique theorique ou fondamentale</s>
    <s>Intelligence Artificielle</s>
    <s>Signaux, images, parole</s>
    <s>Systemes d'information</s>
    <s>Systemes informatiques</s>
    <s>Dont Fc</s>
    <s>Dont Fqlf</s>
    <s>Inconnu ou inclassable</s>
    <s>Algorithmique et combinatoire</s>
    <s>Architecture des machines</s>
    <s>Communication homme-machine</s>
    <s>Genie logiciel et programmation</s>
    <s>Informatique industrielle</s>
    <s>Informatique theorique ou fondamentale</s>
    <s>Intelligence Artificielle</s>
    <s>Signaux, images, parole</s>
    <s>Systemes d'information</s>
    <s>Systemes informatiques</s>
    <s>Criteres et dossiers</s>
    <s>Les criteres utilises pour evaluer la recherche et lenseignement sont detailles dans une note aux candidats , etablie par le bureau de la section. Cette note est accessible sur le site web de la section : http://cnu.ifsic.univ-rennes1.fr.</s>
    <s>Si la forme des dossiers du moins general sameliore, nous avons ete confrontes cette annee a des problemes de non-respect des delais dacheminement des dossiers. Les arretes du 30 aout 2000 precisaient que &quot; Les candidats font parvenir leurs dossiers aux rapporteurs, des reception de la notification des noms et des adresses de ceux-ci, et au plus tard le 6 janvier 2001 . &quot; Certains dossiers ont ete reçu apres le 20 janvier et, a levidence, cest inacceptable : les rapporteurs ont besoin dun minimum de temps pour travailler.</s>
    <s>Le decret regissant les qualifications a ete modifie de façon que la date limite denvoi des dossiers aux rapporteurs soit egalement la date limite de soutenance de these ou dHDR. Cette date est precisee dans les arretes annuels qui definissent les modalites pratiques de la campagne de qualification.</s>
    <s>Il parait probable que les arretes organisant la campagne 2002 (ils paraissent dordinaire pendant lete) fixeront cette date au 7 janvier 2002.</s>
    <s>Qualifications prononcees par le groupe 5</s>
    <s>Les candidats qui ont essuye deux refus de qualification successifs par la section peuvent demander leur qualification devant le groupe du CNU competent. Pour notre section, il sagit du groupe 5 (sections 25, 26 et 27). Linstance appelee a traiter ces demandes est la reunion des bureaux des trois sections soit 6 personnes pour le college MC et 6 autres pour le college PR.</s>
    <s>Nous avons eu cette annee a traiter 1 candidature de la section 25, 2 candidatures de la section 26 et 3 candidatures relevant de la section 27. En labsence delements nouveaux le groupe a confirme les decisions des sections.</s>
    <s>Devenir des qualifies</s>
    <s>Des donnees relatives a la campagne 2000 de recrutement (MC et PR) sont accessibles sur le web : http://www.education.gouv.fr/personnel/enssup/bil00.htm.</s>
    <s>Aujourdhui, 32 % des qualifies MC en 2000 sont dores et deja MC (cest le cas pour 40 % des qualifies 1999 et pour 47 % des qualifies 1998). Il parait raisonnable de penser quenviron 1 qualifie sur 2 devient MC.</s>
    <s>Publication des resultats</s>
    <s>Dans la mesure des disponibilites, le site de la section est mis a jour regulierement. On nous reproche souvent de ne pas y publier la liste des qualifies. Rappelons que la CNIL impose, sur ce point, un principe tres contraignant : &quot; en raison des caracteristiques du reseau Internet, vous devez, prealablement a la diffusion d'informations personnelles sur votre site Internet, faire part de votre projet aux personnes concernees et les informer qu'elles peuvent s'opposer, partiellement ou totalement, a cette diffusion sur Internet (art. 26 et 27). &quot; Lintendance necessaire a la mise en uvre de cette prescription serait beaucoup trop lourde, et ceci dautant plus que la procedure ANTARES permet aux candidats dobtenir rapidement les resultats. Les listes de qualifies sont rendues publiques par une parution au J.O. (en general durant lete).</s>
    <s>Concours de recrutement PR au titre de larticle 46-3</s>
    <s>Les postes de PR ouverts au recrutement au titre de larticle 46-3 sont des postes reserves a des MC satisfaisant les conditions suivantes :</s>
    <s>Ils doivent avoir au moins 10 ans d'anciennete (enseignement superieur ou EPST) dont au moins 5 comme MC.</s>
    <s>Ils doivent etre titulaires d'une HDR.</s>
    <s>Par contre, il n'est pas obligatoire d'etre inscrit sur une des listes de qualification PR.</s>
    <s>Dans un premier temps, les instances de letablissement se prononcent et leurs propositions doivent recueillir l'avis favorable de la section competente du CNU. Depuis plusieurs annees, une imprecision des textes etait a lorigine de nombreux problemes lorsque letablissement classait plusieurs candidats sur un meme poste. La derniere modification du decret de 1984 enleve toute ambiguite et la procedure actuelle est la suivante :</s>
    <s>&quot; La section competente du Conseil national des universites prend connaissance de la liste de classement etablie par letablissement et examine chacune des candidatures qui lui sont proposees. Apres avoir entendu deux rapporteurs designes par son bureau pour chaque candidature, elle emet un avis sur chacune delles. Lorsque, dans lordre de la liste de classement proposee par letablissement un candidat recevant un avis defavorable de la section competente du Conseil national des universites est mieux classe quun candidat recevant un avis favorable de celle-ci, la section etablit un rapport motive.</s>
    <s>Dans lordre de la liste de classement proposee par letablissement, le candidat le mieux classe qui a reçu un avis favorable de la section du Conseil national des universites est nomme.&quot;</s>
    <s>Cette annee nous avons eu a traiter 2 postes (Paris 6 et INP Toulouse) et 4 candidatures. Tous les candidats ont obtenu un avis favorable de la section.</s>
    <s>Conges pour recherche et conversion thematique (CRCT)</s>
    <s>Cette annee, la section disposait dun quota de 9 semestres pour satisfaire les demandes (23 semestres en tout, pour 13 candidats 9 MC et 4 PR) de conges pour recherche et conversion thematique (CRCT).</s>
    <s>Nous nous sommes aperçus que la qualite materielle du dossier etait un des rares elements objectifs dont nous disposions :</s>
    <s>enonce precis et argumente des motivations du candidat ;</s>
    <s>precision et credibilite du projet.</s>
    <s>Nous avons retenu 9 candidatures pour les 9 semestres dont nous disposions et nous avons propose une liste complementaire ordonnee pour 9 autres semestres. Une consequence de ce choix est quaucune demande portant sur 2 semestres na ete integralement satisfaite sur la dotation initiale.</s>
    <s>Le ministere a parfois des semestres non utilises (par les etablissements, par dautres sections, suite a des desistements). Ainsi, lan dernier, toutes les demandes de la liste complementaire ont ete satisfaites.</s>
    <s>La section instruit egalement les demandes de reclassement. Il sagit en fait, pour un fonctionnaire (MC ou PR) dobtenir la validation (du point de vue de lanciennete) dactivites effectuees dans un autre contexte professionnel. Les demandes se font au titre d'un des articles dun decret de 1985 :</s>
    <s>Art 5. Enseignant associe en France ou etablissement d'enseignement superieur a l'etranger</s>
    <s>Art 6. Chercheur en France</s>
    <s>Art 7. Organisme prive ou chercheur a l'etranger</s>
    <s>Les demandes de reclassement sont, au prealable, instruites par les services administratifs competents qui determinent ce qui est recevable. La question posee ensuite a la section est de determiner la (ou les) periode pendant laquelle les activites exercees peuvent etre assimilables a lactivite dun maitre de conference ou dun professeur des universites. Il est important de comprendre que la section na pas a decider de ce qui est recevable, na pas a proposer un indice de remuneration et quon ne lui demande pas de reconstituer une carriere complete.</s>
    <s>Une des consequences pratique de la question qui nous est posee est que nous nous refusons a valider, lorsque le candidat est titulaire dun diplome equivalent a la these (ou a lHDR), les annees qui precedent lobtention du diplome en question. Lorsque le candidat nest pas titulaire dun tel diplome, nous essayons de determiner a quel moment il a acquis une competence que nous jugeons equivalente. Cette date de reference etant determinee, nous cherchons a evaluer, dans les activites posterieures, celles qui demandent un niveau de responsabilite equivalent a celui dun maitre de conferences (ou dun professeur).</s>
    <s>Pour lannee 2001, limpact le plus marquant de la reforme du decret de 1984 est evidemment la fusion des deux premieres classes des maitres de conference et, par consequent, la disparition dun niveau de promotion (ce qui, dailleurs, allege considerablement le travail de la section).</s>
    <s>Voies et quotas</s>
    <s>Chaque promouvable titulaire dun contrat administratif ou pedagogique peut choisir de relever dune procedure de promotion dite specifique . Les autres relevent de la procedure normale .</s>
    <s>On distingue trois voies de promotions.</s>
    <s>La voie 2 (procedure normale) concerne les etablissements a effectifs restreints (pour les maitres de conferences moins de 50 enseignants-chercheurs, pour les professeurs moins de 30 professeurs). Lensemble des promotions de la voie 2 sont attribuees par la section.</s>
    <s>La voie 1 (procedure normale) concerne les autres etablissements. La moitie (en theorie moins de la moitie) des promotions est attribuee, toutes disciplines confondues, par les etablissements (par le CA pour les maitres de conferences, par le CS pour les professeurs). Lautre moitie (en theorie plus de la moitie) est attribuee par la section. La parite globale des quotas etablissements/sections nimplique pas quil y ait parite pour une section particuliere.</s>
    <s>La voie 3 concerne la procedure specifique. Le groupe attribue les promotions de la voie 3 apres classement des candidats par chaque etablissement. Les promotions attribuees par le groupe doivent respecter les classements des etablissements. Rappelons que notre groupe comprend les sections 25, 26 et 27.</s>
    <s>Le ministere essaye dassurer une sorte dequite budgetaire entre les promouvables (toutes sections confondues) en fixant, pour chaque type de promotion, un ratio nombre de promouvables/nombre de promotions.</s>
    <s>MC HC</s>
    <s>PR 1C</s>
    <s>PR Ex1</s>
    <s>PR Ex2</s>
    <s>Vables/Mus theorique 2000</s>
    <s>Vables/Mus theorique 2001</s>
    <s>Il determine ensuite des quotas de promotions par etablissements et par section en cherchant a ne pas trop seloigner de ces valeurs cibles. Remarquons que pour ce qui concerne la voie 2 les quotients obtenus au niveau de la section sont souvent inferieurs a 1. Pour cette voie, le nombre de promotions a distribuer est donc en general 0 ou 1 selon la politique ministerielle de gestion des restes qui suit le processus sur plusieurs annees (les restes non utilises sont reportes lannee suivante).</s>
    <s>Pour la voie 3, le ministere considere globalement (et non par section) lensemble des promouvables du groupe pour attribuer les quotas de promotions.</s>
    <s>Traitement des dossiers</s>
    <s>Cette annee, 62 promotions ont ete attribuees a des membres de la section 27 qui comptait 926 promouvables. Pour ce faire, 374 dossiers de candidature ont ete instruits, 359 par la section et 15 par le groupe.</s>
    <s>Pour comprendre le travail de la section il importe de mesurer au prealable lecart dramatique entre la qualite des dossiers qui nous sont proposes et le nombre ridiculement faible des promotions disponibles. Par exemple, il est clair quune tres large part des 154 candidats a la premiere classe des PR qui ont ete examines par la section cette annee devraient etre promus et, pour certains, depuis longtemps. Le nombre de promotions a attribuer etait toutefois limite a 12 La meme constatation sapplique, malheureusement, aux autres types de promotions.</s>
    <s>Il importe egalement de comprendre que nous travaillons sur des dossiers (et non sur des gens dont nous connaissons personnellement les activites). Avec la meilleure volonte du monde, nous ne pouvons inventer dans un dossier ce qui ny est pas et lorsquil faut choisir entre 2 candidats, celui qui a fourni un dossier succinct et incomplet ne sest pas mis en situation confortable.</s>
    <s>Il nous a semble utile de reprendre ici ce qui a deja ete dit dans le compte-rendu de lannee precedente.</s>
    <s>La section cherche a evaluer et a comparer les dossiers selon plusieurs axes : recherche, enseignement, taches collectives, encadrement, visibilite au niveau local, national ou international, anciennete. Se posent alors 2 questions methodologiques : comment evaluer chacun de ces points et comment en faire une synthese multi-criteres permettant les comparaisons ?</s>
    <s>Certains des axes retenus, comme la recherche, lencadrement, lanciennete ou la visibilite des candidats, meme si leur evaluation reste tres subjective, ne posent guere de problemes, les dossiers etant en general explicites. Le choix fait par la section pour essayer de compenser la subjectivite consiste a assurer linstruction de chaque dossier par deux personnes et a changer, chaque annee, les personnes en question.</s>
    <s>En revanche, la grande disparite et limprecision des dossiers donnent souvent des soucis au niveau des taches collectives et de lenseignement, les taches realisees etant souvent citees dune maniere sibylline, sans elements quantitatifs ou qualitatifs permettant de les evaluer ou de les comparer.</s>
    <s>Pour ce qui concerne lenseignement, rappelons une evidence : limmense majorite des candidats effectue un service dau moins 192 h eq. TD (il ny a pas de merite particulier a faire son service) et le volume des heures complementaires, meme si souvent on comprend que le candidat na pas eu le choix, nest pas un critere de merite supplementaire. En revanche, la production de documents pedagogiques, les responsabilites liees a lenseignement, la reflexion pedagogique lorsquon peut levaluer, sont des criteres pris en compte. Les sites web cites dans les dossiers a lappui de tels faits sont en general consultes par les membres de la section en charge de linstruction du dossier.</s>
    <s>Pour resumer ce qui precede, il est clair quil faut mettre dans un dossier de promotion des elements precis, expliques et si possible chiffres et attestes.</s>
    <s>Les chiffres</s>
    <s>Dans le tableau qui suit, les pourcentages concernent le nombre de promotions (note Mus) attribuees rapporte au nombre des promouvables (note Vables). Les chiffres resultent de la compilation de longues listes de noms aussi il est plus que probable quils recelent des erreurs portant sur quelques unites.</s>
    <s>MC HC</s>
    <s>PR 1C</s>
    <s>PR Ex1</s>
    <s>PR Ex2</s>
    <s>Vables/Mus (theorique)</s>
    <s>Mus (local)</s>
    <s>Mus (section)</s>
    <s>Pour la voie 1, on ne constate plus depuis 3 ans des disparites flagrantes entre les promotions obtenues localement et celles qui sont octroyees a la section. Ce phenomene est probablement le signe dune meilleure insertion des informaticiens au sein de leurs etablissements. Il nen demeure pas moins que ces chiffres, globaux, masquent sans doute de profondes differences dans les situations locales.</s>
    <s>Les changements pour 2002</s>
    <s>Lannee 2002 verra deux changements majeurs du dispositif de promotion.</s>
    <s>La voie 3 a vecu (cetait la derniere annee du dispositif) et sera remplace par une procedure reservee aux personnels qui exercent des fonctions autres que denseignement et de recherche . Apres avis de letablissement, les candidatures relevant de cette procedure seront examinees, toutes disciplines confondues, par une nouvelle instance (unique donc) de 20 membres (10 MC dont 3 nommes, 10 PR dont 3 nommes). Les membres non nommes sont tires au sort parmi les deuxiemes vice-presidents de section (pour les MC) ou parmi les presidents de section (pour les PR). La probabilite quil ny ait pas dinformaticien dans cette instance est assez forte. Cependant, comme chaque groupe aura au moins un representant, sil ny a pas dinformaticien il y aura un mathematicien.</s>
    <s>Lautre changement important est linversion de lordre de traitement des promotions de la voie 1 : la section se prononcera avant les etablissements.</s>
    <s>Vie de la section</s>
    <s>Au 1er janvier 2001, la section 27 comptait 2391 enseignants-chercheurs titulaires dont 1726 MC et 665 PR. Nous comptons faire un etat des lieux de la section (repartition suivant les ages, le sexe, la geographie, les etablissements etc.). Au fur et a mesure des comptages, nous rendrons les informations accessibles sur le site web de la section. Pour linstant, les informations disponibles sont les pyramides des ages, tous corps confondus, pour les MC et pour les PR.</s>
  </text>
</page>
