<?xml version="1.0" encoding="UTF-8"?>
<!DOCTYPE page SYSTEM "page.dtd">
<page>
  <lang>fr</lang>
  <url>http://cetrahe.poledream.org/</url>
  <title>CEllule R&amp;D d&#39;Expertise et de TRAnsfert en TRAçages Appliqués à ...</title>
  <snippet>
    <s>Date limite d&#39;inscription : 4 novembre 2011. Proceedings H2Karst, 9th Conference on Limestone Hydrogeology, Besançon (France), 1-3 septembre 2011, p. </s>
  </snippet>
  <text>
    <s>CEllule R&amp;D d’Expertise et de TRAnsfert en TRAçages Appliqués à Hydrogéologie et à l’Environnement - Université d'Orléans</s>
    <s>À propos de CETRAHE</s>
    <s>Projets de recherche &amp; études</s>
    <s>Études, expertises</s>
    <s>Publications &amp; communications</s>
    <s>Articles, ouvrages</s>
    <s>Conférences, communications</s>
    <s>Rapports dirigés</s>
    <s>Revue de presse</s>
    <s>Formation continue</s>
    <s>Initiation au traçage</s>
    <s>Perfectionnement en traçage</s>
    <s>Expertise &amp; analyses</s>
    <s>Contacts, accès</s>
    <s>Liens institutions, soutiens, partenaires</s>
    <s>Le 12</s>
    <s>Prochaine session de formation continue en traçage hydrogéologique</s>
    <s>Publie par Christian DEFARGE a 2:42 . Range dans la categorie Prochaines échéances</s>
    <s>Une session d'Initiation aux principes et méthodes du traçage hydrogéologique aura lieu les 24 et 25 novembre 2011 à l'Université d'Orléans.</s>
    <s>Date limite d'inscription : 4 novembre 2011.</s>
    <s>Voir objectifs, descriptif, public visé, tarifs, etc.</s>
    <s>Le 12</s>
    <s>Actes du 9ème Colloque d'hydrogéologie en pays calcaire</s>
    <s>Publie par Christian DEFARGE a 2:39 . Range dans la categorie Nouvelles parutions</s>
    <s>La cellule R&amp;D CETRAHE a publié deux contributions aux Actes à comité de lecture du 9ème Colloque d'Hydrogéologie en Pays Calcaire (H2Karst) :</s>
    <s>- Jozja N. Défarge C. &amp; Dufour A.  2011. Etude expérimentale de la dégradation des traceurs fluorescents sous l'influence des variations de paramètres environnementaux. Proceedings H2Karst, 9th Conference on Limestone Hydrogeology, Besançon (France), 1-3 septembre 2011, p. 253-255.</s>
    <s>- Jozja N.  Mondain P.H. &amp; Muet P. 2011. Réflexion sur la fiabilité des traçages au regard des difficultés analytiques. Proceedings H2Karst, 9th Conference on Limestone Hydrogeology, Besançon (France), 1-3 septembre 2011, p. 249-252.</s>
    <s>Le 10</s>
    <s>Conférence publique « De la Beauce à la Loire, gouffres et sources »</s>
    <s>Publie par Nevila JOZJA a 2:27 . Range dans la categorie Pour mémoire</s>
    <s>Vendredi 1er avril à 20h30 à La Chapelle Saint-Mesmin (45380), Espace Béraire, 12 Route Nationale, dans le cadre de la Semaine du développement durable, conférence publique ouverte à tous de Philippe MAGET (hydrogéologue agréé) et Nevila JOZJA ( CETRAHE ), sur le thème « De la Beauce à la Loire, gouffres et sources. Tout savoir sur les sources karstiques de Bellevue (La Chapelle Saint-Mesmin) ».</s>
    <s>Le 17</s>
    <s>Logiciel TRAC</s>
    <s>Publie par Christian DEFARGE a 9:02 . Range dans la categorie Nouvelles parutions</s>
    <s>La version bêta de ce logiciel d'aide à l'interprétation des traçages développé dans le cadre d'un projet cofinancé par la Région Centre et le BRGM, avec comme partenaires le BRGM, l'ISTO/ CETRAHE , EDREE et l'UNICEM Centre, est téléchargeable pour tests sur le site du projet .</s>
    <s>Le 7</s>
    <s>Traçages dans le Val d'Orléans</s>
    <s>Publie par Nevila JOZJA a 3:55 . Range dans la categorie Nouvelles parutions</s>
    <s>Parution de deux articles de CETRAHE sur l'apport des traçages artificiels à la compréhension du système karstique du Val d'Orléans :</s>
    <s>- N. Jozja , 2010. Traçages artificiels en Val d'Orléans . In A. Gutierrez &amp; S. Binet, La Loire souterraine : circulations karstiques dans le Val d'Orléans. Géosciences, N° 12 « La Loire, agent géologique », p. 47</s>
    <s>- N. Jozja , Ph. Maget, Ch. Défarge , C. Mauget, A. Pidon, S. Prod'homme, K. Rousseil, J. Munerot, S. Thauvin &amp; A. Dufour , 2010 .  Apport des traçages à la connaissance du système karstique du Val d'Orléans. Historique et nouvelles avancées. Géologues, N° 167 « Hydrogéologie urbaine », p. 70-74.   </s>
    <s>Le 2</s>
    <s>Plaquette CETRAHE 2011</s>
    <s>Publie par Christian DEFARGE a 2:38 . Range dans la categorie Nouvelles parutions</s>
    <s>Elle est téléchargeable ICI .</s>
    <s>Le 19</s>
    <s>2ème Forum DREAM Eau &amp; Milieux - ResoNat</s>
    <s>Publie par Christian DEFARGE a 6:09 . Range dans la categorie Pour mémoire</s>
    <s>La cellule R&amp;D CETRAHE sera présente au 2ème Forum pour une gestion durable des ressources naturelles : Eaux, Sols, Forêts et Biodiversité, coorganisé par le pôle DREAM Eau &amp; Milieux et le cluster ResoNat, le 14 décembre 2010 au BRGM à Orléans, sous la forme de participations à un poster consacré au projet TRAC ( N. Jozja, C. Défarge, A. Dufour : Gutierrez et al. ;  voir le résumé ) et d'une communication invitée sur un sujet environnemental et industriel émergent ( C. Défarge : Soubourou et al. ; voir le résumé ).</s>
    <s>Le 13</s>
    <s>Projection du film « Quand le Dhuy devient Loiret… Des rivières à vivre»</s>
    <s>Publie par Nevila JOZJA a 8:11 . Range dans la categorie Pour mémoire</s>
    <s>Ce film, réalisé sur une idée de l'Association pour la Protection du Site de la rivière du Loiret et de son bassin versant (APSL), par la société « Du Nord au Sud Production », avec la participation, entre autres, de CETRAHE , sera projeté samedi 17 juillet 2010 à 18 h à Saint- Hilaire-Saint-Mesmin (45), sous la tente du Pâtis, près du Pont Saint-Nicolas. Voir Annonce.</s>
    <s>Le 19</s>
    <s>Parution du Guide méthodologique : Les outils de l'hydrogéologie karstique</s>
    <s>Publie par Nevila JOZJA a 4:25 . Range dans la categorie Nouvelles parutions</s>
    <s>Dirigé par N. Dörfliger (BRGM), avec la collaboration de Ph. Crochet, R. Guérin, N. Jozja (CETRAHE ), B. Marsaud, P.H. Mondain, Ph. Muet &amp; V. Plagnes, BRGM-ONEMA, mars 2010, 246 p. Voir page de couverture.</s>
    <s>Le 17</s>
    <s>Parution de l'ouvrage « Grottes et Karsts de France »</s>
    <s>Publie par Nevila JOZJA a 9:11 . Range dans la categorie Nouvelles parutions</s>
    <s>L'ouvrage « Grottes et Karsts de France », incluant un article sur le Val d'Orléans par M. Lepiller &amp; N. Jozja ( CETRAHE ), est paru. Voir la notice.</s>
    <s>Nouvelles parutions</s>
    <s>Pour mémoire</s>
    <s>Prochaines échéances</s>
    <s>À propos de CETRAHE</s>
    <s>Contacts, accès</s>
    <s>Expertise &amp; analyses</s>
    <s>Formation continue</s>
    <s>Initiation au traçage</s>
    <s>Perfectionnement en traçage</s>
    <s>Liens institutions, soutiens, partenaires</s>
    <s>Projets de recherche &amp; études</s>
    <s>Études, expertises</s>
    <s>Publications &amp; communications</s>
    <s>Articles, ouvrages</s>
    <s>Conférences, communications</s>
    <s>Rapports dirigés</s>
    <s>Revue de presse</s>
    <s>Téléchargez la plaquette CETRAHE 2011</s>
    <s>!Format PDF (298Ko)</s>
    <s>Hébergé par</s>
    <s>Pôle DREAM Eau &amp; Milieux</s>
    <s>Flux RSS des articles</s>
    <s>RSS des commentaires</s>
    <s>Copyright 2010 Cetrahe | Design par Diamonds Designers | Heberge par Poledream.org</s>
    <s>*RSS: Really Simple Syndication</s>
  </text>
</page>
