<?xml version="1.0" encoding="UTF-8"?>
<!DOCTYPE page SYSTEM "page.dtd">
<page>
  <lang>fr</lang>
  <url>http://servina.polytech.unice.fr/~saw/index.php%3Fpage%3Dwikipedia%26url%3DAim%25C3%25A9_Laussedat</url>
  <title>Aimé Laussedat - Simple Access Wiki</title>
  <snippet>
    <s>Il publie en hâte fin décembre un article sur sa technique de mesure . élèves qui se sentent rejeter lors des remaniements militaristes au sein de l&#39;armée. forme de conférence ou d&#39;introduction aux Actes de l&#39;AFAS sont cités en bibliographie. Présentation du réflecteur du colonel Mangin, son application à la lumière </s>
  </snippet>
  <text>
    <s>Aimé Laussedat né le 19 avril 1819 à Moulins, mort le 19 mars 1907 (à 87 ans), à Paris est un scientifique français aujourd'hui méconnu en France, tout à la fois astronome spécialiste de l'instrumentation et la géodésie, géomètre, photographe, topographe, arpenteur et cartographe.</s>
    <s>Liens : - avril - - Moulins - - mars - - Paris - astronome - instrumentation - géodésie - géomètre - photographe - topographe - arpenteur - cartographe</s>
    <s>1 Biographie</s>
    <s>1.1 Des années d'études et de recherche</s>
    <s>1.2 Un photographe spécialiste de géodésie</s>
    <s>1.3 Un militaire scientifique au service du gouvernement républicain</s>
    <s>1.4 Un infatigable promoteur d'une science pratique à une époque positiviste</s>
    <s>1.5 Un fondateur d'archives photographiques</s>
    <s>1.6 Un scientifique honoré dans le monde anglo-saxon et hispanique</s>
    <s>2 Bibliographie</s>
    <s>3 Autres ressources</s>
    <s>4 Notes et références</s>
    <s>5 Liens externes</s>
    <s>Ce fils d'une bonne famille républicaine bourbonnaise, attachée à Yzeure, officier du Génie, polytechnicien de la promotion 1838, ce chercheur et inventeur, devient professeur à l'école polytechnique, puis directeur au conservatoire des Arts et Métiers. Il est un des pionniers français de l'iconométrie photographique et de la photogrammétrie, applications de la photographie respectivement à la mesure et au lever des plans ou à la reconnaissance de formes. Il contribue patiemment à développer cette dernière mise au point en 1851 qu'il dénomme métrophotographie par des applications pratiques dès 1861 lorsque la technique permet des mesures métriques précises, aussi bien en topographie qu'en architecture. Le colonel Laussedat est mort à Paris, au terme d'une carrière scientifique auréolée d'une reconnaissance académique.</s>
    <s>Liens : Yzeure - Génie - polytechnicien - Arts et Métiers - photogrammétrie - Paris</s>
    <s>Des années d'études et de recherche</s>
    <s>Jeune militaire du Génie issu de la promotion X 1838, Aimé Laussedat applique la chambre claire au levé des plans. Les chercheurs qui maîtrisent les fondements de la géométrie dans l'espace accueillent avec enthousiasme l'art photographique qui commence à faciliter l'observation scientifique et technique au cours des années 1840. En particulier, Laussedat déjà pionnier de l'iconométrie photographique effectue le premier relevé photogrammétrique en 1849 sur la façade de l'Hôtel des Invalides à Paris intra-muros. En 1850, il cartographie les détails du château de Vincennes. En 1861, à partir de huit clichés aériens, le capitaine Laussedat réalise une carte précise du village du Buc, près de Versailles. Ensuite, ces réflexions portent sur la cartographie de régions plus vastes ou montueuses. Il utilise quelques années des ballons gonflables auxquels il suspend une caméra lourde. Au sol, l'usage du tripode avec des repères de visées en triangulation sur des points hauts ou remarquables détermine les coordonnées. La comparaison des images, puis l'application des techniques de géométrie à trois dimensions permettent le relevé cartographique, et en particulier l'ombrage des reliefs. En 1862, les méthodes d'arpentage à partir de relevés photographiques proposées par le capitaine Laussedat sont officiellement acceptées par l'académie des sciences de Madrid. Une fructueuse collaboration de recherche s'engage.</s>
    <s>Liens : photogrammétrique - - Hôtel des Invalides - - château de Vincennes - Buc - Versailles - géométrie - Madrid</s>
    <s>La base de la technique photogrammétrique est inventée parallèlement dans les années 1860 par un architecte allemand, Albrecht Meydenbauer (de) (1834-1921). Le jeune homme, facilement effrayé par l'escalade, est chargé de mesurer et de relever plans et façades de bâtiments publics et religieux pour le service d'inventaire du patrimoine de Prusse. En 1867, alors qu'il a conçu ses propres instruments de mesure et s'en sert pour ses relevés architecturaux, il s'aperçoit que cette technique peut servir en topographie. Il consulte les revues savantes de référence en ce domaine et découvre les travaux pionniers et les instruments de mesure de Laussedat, en particulier le premier photothéodolite et son plan de Paris dérivé de sa couverture photographique présentés à l'exposition universelle de Paris. Il publie en hâte fin décembre un article sur sa technique de mesure nommée photométrographie.</s>
    <s>Liens : (de) - Prusse - topographie - théodolite -</s>
    <s>Le capitaine du Génie Laussedat, homme de terrain au service de l'armée puisque dès 1846 chargé de la cartographie pyrénéenne, forme des militaires intéressés par les techniques topographiques, en particulier un jeune officier de marine, Edouart-Gaston Deville qui quitte l'armée française quelques années après la guerre de 1870 et émigre au Québec en 1874.|Ce dernier, devenu arpenteur] en chef du Canada, met au point en 1896 le premier restituteur stéréoscopique. La photogrammétrie, dénommée seulement depuis 1893 par l'allemand Albrecht Meydenbauer, peut alors prendre un essor international, entre Amérique et Autriche, et a aujourd'hui des applications principalement tournées vers la cartographie.</s>
    <s>Liens : guerre de 1870 - Québec - - arpenteur - Canada - photogrammétrie - cartographie -</s>
    <s>Un photographe spécialiste de géodésie</s>
    <s>Laussedat perfectionne et invente aussi des instruments d'astronomie, permettant l'observation des formes par la photographie. Il opte pour la recherche et l'enseignement dès 1853, et devient répétiteur de géodésie, il n'est que le suppléant du professeur Hervé Faye dans son cours d'astronomie et de géodésie. Après le départ de ce dernier au rectorat de Nancy, il reprend sa fonction et est nommé professeur titulaire d'astronomie à l'École Polytechnique de 1856 à 1871, ses derniers dix-huit mois virtuellement à titre statutaire du fait de la guerre franco-allemande où il est appelé à servir.</s>
    <s>Liens : Hervé Faye</s>
    <s>Le 18 juillet 1860, Aimé Laussedat et Amédée Mannheim, jeune géomètre polytechnicien observe à Batna en Algérie française une éclipse totale de soleil, en particulier décrivent avec minutie les franges mobiles qui apparaissent juste avant la disparition et après la réapparition de la lumière solaire, aux moments précis encadrant la durée de l'éclipse solaire totale.</s>
    <s>Liens : Amédée Mannheim - Batna - Algérie - éclipse - soleil - éclipse solaire</s>
    <s>En 1865, il traduit l'ouvrage intitulé &quot;Base centrale de la triangulation géodésique d'Espagne&quot; et rédigé collectivement en espagnol sous l'autorité de D. Carlos Ibanez e Ibanez de Ribero.</s>
    <s>Le professeur Laussedat, obnubilé par sa recherche, proposait un cours précis, mais ponctué de leitmotivs, irritant les élèves goguenards et prompts à la moquerie. Ainsi, comme le raconte Martin Lemoine et Guy Perrin dans un article sur les polytechniciens astronomes, il est bien involontairement à l'origine d'une tradition de l'école.</s>
    <s>Liens :</s>
    <s>Le successeur de Faye en tant que professeur d'astronomie et de géodésie à l'École polytechnique, Aimé Laussédat (X 1838), est officier du génie. Il invente la photogrammétrie et contribue à l'application de la photographie en astronomie. Mais, surtout, il est involontairement à l'origine d'un tournant majeur dans la vie des polytechniciens. Son élève Émile Lemoine (X 1860) inventa la célébration du point gamma à l'École, en réaction aux cours d'astronomie du Capitaine Laussédat qui « ne passait pour ainsi dire pas de leçon sans nous parler du point gamma par où passe la Terre à l'équinoxe de printemps pour nous dédommager de l'ennui que nous causait le point gamma, je m'étais dit : célébrons aussi ce passage ». Cette année-là, l'ouverture de la fête du point gamma est sonnée à la trompette par Alfred Cornu (X 1860) qui par la suite deviendra un grand astronome </s>
    <s>Liens : Alfred Cornu</s>
    <s>Un militaire scientifique au service du gouvernement républicain</s>
    <s>La famille Laussedat dont les ancêtres au siècle des Lumières sont des modestes artisans vivant à Riom affirme une fidèle foi républicaine. L'aîné Louis, docteur en médecine, élu du peuple en 1848, sert avec force la Seconde République. Le cadet Aimé, polytechnicien et capitaine, désemparé avec son frère après le coup d'État du 2 décembre 1851 ne veut plus servir le régime autoritaire. Il présente sa démission au général Vaillant qui la refuse et lui demande de continuer ses recherches pour son pays tout en s'engageant à protéger les nombreux notables républicains compromis de l'Allier .</s>
    <s>Liens : siècle des Lumières - Riom - -</s>
    <s>La guerre franco-prussienne montre l'impréparation technique des troupes françaises, notamment sur le plan du simple repérage géographique, et révêle par contre l'effort prussien d'application des sciences et techniques pour assurer les déplacements et la logistique. Les troupes badoises qui assiègent Strasbourg utilisent les ressources de la stéréophotographie pour reconnaître à distance les remparts vétustes de Strasbourg, ville bastionnée qu'ils assiègent après avoir franchi le Rhin. Des unités françaises ne savent souvent pas lire une carte, lorsqu'elles en ont sous la main et si elles sont trop dispersées, se trouvent perdues, situations cocasses avant même un combat.</s>
    <s>Liens : guerre franco-prussienne - Strasbourg - Strasbourg - Rhin</s>
    <s>Le capitaine Laussedat est chargé du piquetage de la nouvelle frontière franco-allemande, selon les clauses du préliminaire de paix de février 1871, puis du traité de Francfort d'avril 1871 et de ses annexes ultérieures. Aimé Laussedat et Louis Doutrelaine sont les deux commissaires militaires qui assistent les travaux de la commission parlementaire chargée de la paix et suivent - en toute impuissance d'ailleurs - les négociations à Bruxelles et Francfort. Sur le terrain, ils défendent l'exécution d'un tracé correct, défendant cas par cas notamment les villages du Pays Haut, terroir du Nord de la Lorraine, à potentiel minier depuis le dévoilement du gisement souterrain de minette et ses potentialités industrielles depuis le procédé Gilchrist-Bessemer. Alors qu'un concert de louanges porte au pinacle le chef de l'exécutif Adolphe Thiers, libérateur du territoire après la paix, l'officier du Génie Laussedat, témoin des négociations, juge ce titre exorbitant. Il est un des rares témoins qui a le courage de signaler l'incommensurable orgueil du vieil homme politique, sans se priver de stigmatiser l'entourage présidentiel, responsable de lourdes fautes.</s>
    <s>Liens : - traité de Francfort - Louis Doutrelaine - Bruxelles - Francfort - Lorraine - minette - Bessemer - Adolphe Thiers</s>
    <s>Au terme de sa mission difficile, Laussedat ne cesse de participer et d'appeler à la vigueur de la science française. Il est normal qu'il s'éloigne difficilement de l'École Polytechnique, son premier havre de recherche où il a encore relations de travail et solides amitiés. Mais, puisque la direction de cette prestigieuse école choisit dorénavant d'orienter sa spécificité non sur la recherche scientifique mais sur la dimension militaire supposée manquante lors de l'humiliation allemande, le professeur Laussédat est ainsi amené de plus en plus à échanger avec les scientifiques de l'Ecole normale supérieure qui reprennent dorénavant le flambeau de la science française, comme nombre d'institutions ou d'associations qui préservent une vocation technique apparemment souvent triviale, mais riche de potentialités scientifiques.</s>
    <s>Le militaire cruellement conscient du retard national dans les sciences voit partir vers le civil, parfois l'exil, ces anciens meilleurs élèves qui se sentent rejeter lors des remaniements militaristes au sein de l'armée. Refusant la résignation, l'ardent chercheur devient en particulier membre du bureau de l'Association française pour l'avancement des sciences qui affiche fièrement la devise &quot;Par la science, pour la patrie&quot;. Le géodésien Aimé Laussedat qui a compris le grave manque d'intérêt pour la cartographie et son enseignement élémentaire est membre fondateur de la Société de géographie en 1871. Il y incite déjà au développement de fonds photographiques.</s>
    <s>Liens : Association française pour l'avancement des sciences - Société de géographie -</s>
    <s>Un infatigable promoteur d'une science pratique à une époque positiviste</s>
    <s>Élevé au grade de colonel du Génie après la Terrible Guerre, mais promu avec retard en 1874, il enseigne en 1872 la cartographie et la topographie au Conservatoire national des Arts et Métiers. Professeur de géométrie appliquée aux arts en 1873, il y organise de nombreuses conférences. Bénéficiant des fruits de sa patiente fidélité, il devient directeur d'étude à l'École Polytechnique en 1879. Chargé de la direction des études à l'école du conservatoire dès 1881, il est nommé directeur du conservatoire national des Arts et Métiers en 1884 et termine sa carrière en 1900.</s>
    <s>Liens : Conservatoire national des Arts et Métiers - -</s>
    <s>Malgré ces charges tant à l'École Polytechnique qu'au conservatoire, Aimé Laussedat n'en continue pas moins ses études scientifiques. Il échange ainsi une riche correspondance, en particulier avec Henri Poincaré en 1881 et 1882, à propos d'une contribution du jeune normalien et mathématicien lorrain sur les formes cubiques ternaires et quaternaires.</s>
    <s>Liens : Henri Poincaré -</s>
    <s>En 1888, il est nommé président de l’Association française pour l'avancement des sciences. Les articles sur des sujets variés qu'il a présentés souvent en forme de conférence ou d'introduction aux Actes de l'AFAS sont cités en bibliographie. Son engagement au sein de l'association se restreint après la reconnaissance académique. Le 21 mai 1894, il est élu membre de l'Académie des sciences en tant qu'académicien libre. Membre du Bureau des longitudes, il rejoint son ancien patron, l'académicien Hervé Faye. L'ancien chercheur scientifique, plus sollicité que jamais, devient membre de l'Institut en 1898.</s>
    <s>Liens : - Association française pour l'avancement des sciences - - mai - - Académie des sciences - Bureau des longitudes - Institut</s>
    <s>Mentionnons un extrait du livre du centenaire de l’école polytechnique, publié en 1897, qui décrit les inlassables contributions d'Aimé Laussedat à la défense nationale et justifie ainsi les honneurs académiques.</s>
    <s>Liens :</s>
    <s>La dernière élection d'un académicien libre, celle de 1894, occasionnée par la mort du général Favé, s'est faite au profit d'un polytechnicien, M. le colonel Laussedat, de la promotion de 1838 (Pendant l'impression de ce volume, une nouvelle place d'académicien libre a été donnée à l'École polytechnique dans la personne de M. Adolphe Carnot). Successivement officier du Génie, professeur de Géodésie à l'École polytechnique, directeur des études à cette École, enfin directeur du Conservatoire des Arts et Métiers, M. Laussedat s'est surtout occupé de l'emploi de la Photographie dans les levés topographiques et les observations astronomiques. Son Télémétrographe a été utilisé avec succès pendant le siège de Paris, et l'auteur a pris une grande part aux travaux qui ont constitué la Télégraphie optique, ainsi qu'à toutes les études ayant pour objet les applications de la science à la défense du pays.</s>
    <s>Un fondateur d'archives photographiques</s>
    <s>Le colonel Laussedat contribue à une complète reconnaissance de la photographie dans les collections du musée du conservatoire des Arts et Métiers à partir de 1880. L'ensemble des clichés concerne surtout l'œuvre de constructeurs et d'inventeurs, de savants et vulgarisateurs.</s>
    <s>Au sein de la société de géographie, il incite à fonder des archives de clichés photographiques à valeurs cartographiques ou paysagères. Il regrette le désengagement de l'État et de l'Université qui se désintéressent des banques de données photographiques et, en tout cas, ne suivent aucunement l'exemple du Königlisch Preussische Messbildanstalt de Berlin dirigé par Albrecht Meydenbauer après 1881.</s>
    <s>Il entre au comité d'administration de la Société française de photographie. Membre d'honneur reconnu pour son travail en faveur des photographes au sein des institutions scientifiques ou des associations qu'il anime, le colonel Laussedat devient président d'honneur en fin de vie de 1902 et 1905.</s>
    <s>Liens : Société française de photographie</s>
    <s>Un scientifique honoré dans le monde anglo-saxon et hispanique</s>
    <s>Si les Kadzars ou élèves du Conservatoire des Arts et Métiers n'ont pas oublié le colonel directeur dénommant le troisième amphithéâtre de leur école parisienne, si le musée du même conservatoire conserve les prototypes de ses instruments d'astronomie, Aimé Laussedat est un scientifique quasiment oublié en France.</s>
    <s>Liens :</s>
    <s>Le service d'arpentage canadien a nommé en son honneur deux montagnes de la vaste chaîne des Rocheuses en 1911. Le premier dans la haute vallée de la Columbia a été dénommé Mont Laussedat (3059 m) par Edouart-Gaston Deville, patron du service d'arpentage canadien, et le second surplombant des vagues des sommets dentelés à perte de vue dans la haute vallée de la Fraser &quot;The colonel&quot; (2786 m) par Arthur Wheeler. Les deux sommets présentent des formes semblables.</s>
    <s>Liens : Rocheuses - Fraser -</s>
    <s>Espagnols et Américains reconnaissent que ce précurseur de la photographie aérienne est un des premiers applicateurs scientifiques de l'outil photographique à la cartographie. Aujourd'hui avec la numérisation des images, ces techniques appelées autrefois metrophotography, aujourd'hui photogrammetry semblent un jeu d'enfant.</s>
    <s>Liens :</s>
    <s>Un buste d'Aimé Laussedat, élu député de l'Allier en 1876, se trouve à Yzeure (Allier) dans le parc municipal, qui a été son ancienne propriété. Le vieux monsieur savant à barbiche et moustaches blanches et fournies, appelé communément le colonel, résidait plus souvent 292, rue Saint-Martin à Paris.</s>
    <s>Liens : Yzeure - Allier</s>
    <s>Aimé Laussedat, qui était très attaché à sa région d'origine, a fondé en 1892 le Sanciau, association des Bourbonnais de Paris.</s>
    <s>Liens : Sanciau</s>
    <s>Articles ou conférences d'Aimé Laussedat publiés dans les actes de congrès de l’association française pour l’avancement des Sciences :</s>
    <s>Les services que la science moderne peut rendre à l'art de la guerre (1872)</s>
    <s>Sur un Appareil photographique destiné à l'observation des passages de Vénus (1872)</s>
    <s>Sur la télégraphie optique (1874)</s>
    <s>La nouvelle carte de France d’Erhard (1874)</s>
    <s>Sur la nécessité de connaître les étymologies et significations des cartes géographiques (1874)</s>
    <s>Les progrès récents de l’aéronautique (1877)</s>
    <s>La géographie physique du point de vue de la défense du territoire (1879)</s>
    <s>Présentation du réflecteur du colonel Mangin, son application à la lumière électrique au point de vue militaire (1879)</s>
    <s>Des enquêtes industrielles en France et en Angleterre (1884)</s>
    <s>Présentation du circuit diviseur Mora (1884)</s>
    <s>Sur les applications du télémétrographe (1885)</s>
    <s>Sur l'emploi de la photographie dans les reconnaissances topographiques et les explorations géographiques (1887)</s>
    <s>De l'influence civilisatrice des sciences appliquées aux arts et à l'industrie (1888)</s>
    <s>Sur l'utilité qu'il y aurait à répandre en Algérie l'élevage des pigeons voyageurs (1888)</s>
    <s>Conditions de l’enseignement industriel aux États-Unis (1890)</s>
    <s>Historique de l'application de la photographie au lever des plans (1, 2, 3 4 &amp; 14 sections réunies) (1892)</s>
    <s>Historique des applications de la photographie à la topographie (1892)</s>
    <s>La métrophotographie au Canada (1892)</s>
    <s>Projet d’observatoire à Tunis (1893)</s>
    <s>Les progrès de la métrophotographie (1903)</s>
    <s>Ouvrages scientifiques et techniques d'Aimé Laussédat :</s>
    <s>La lunette astronomique horizontale destinée à l’observation du Soleil, de ses éclipses et des passages de Vénus sur cet astre, Martinet, Paris, 1877, 27 pages.</s>
    <s>Recherche sur les instruments, les méthodes et le dessin topographiques,</s>
    <s>Tome 1 : Aperçu sur les instruments et méthodes de tous les temps, Gauthiers-Villars, Paris, 1898 (réédition 1901), 449 pages.</s>
    <s>Tome 2 : Iconométrie et métrophotographie, développement de la métrophotographie à l’étranger et en France, Gauthiers-Villars, Paris, 1900, 449 pages.</s>
    <s>La métrophotographie, Gauthiers-Villars, Paris, 1899, 52 pages.</s>
    <s>Sur son rôle de commissaire militaire chargé de l'établissement de la nouvelle frontière :</s>
    <s>LAUSSEDAT Amédée, La délimitation de la frontière franco-allemande, Souvenirs et impressions, Édition Delagrave, Paris, 1902, 219 pages. 1 volume in-8°, cartes.</s>
    <s>Sur ces écrits et recherches scientifiques en général :</s>
    <s>Fonds Aimé Laussedat, Bibliothèque centrale de l’école polytechnique.</s>
    <s>Autres ressources</s>
    <s>Le point de vue de Georges Bruel sur Aimé Laussedat, son paternel formateur.</s>
    <s>BRUEL Georges, Le Colonel Aimé Laussedat. Sa jeunesse, le soldat, le savant, Conférences faites à Moulins à la Société des Conférences Bourbonnaises les 19 janvier et 19 octobre 1927, Moulins-sur-Allier, 1927, 1 vol., p., ill. mécaniques.</s>
    <s>BRUEL Georges, Histoire de l'invention de la Métrophotographie, Moulins-sur-Allier, 1927, 1 vol., 11 p.</s>
    <s>L'œuvre féconde du continuateur franco-canadien, Édouard Deville.</s>
    <s>DEVILLE E., Photographic surveying, including the elements of descriptive geometry and perspective, Ottawa, Survey office, 1889, 1 vol., 324 p., ill. photographiques.</s>
    <s>Georges Rougeron, Les Bourbonnais à l'Institut de France (An IV - 1965), Moulins, Imprimeries réunies, 1966 , pp. 37-39.</s>
    <s>Notes et références</s>
    <s>1. ↑ Il s'agirait du premier document photogramme.</s>
    <s>2. ↑ Cet article anticipant un éventuel droit de reconnaissance à brevet passe inaperçu, mais en 1881, il peut montrer au gouvernement allemand la fiabilité des relevés photographiques : le ministère de la culture lui accorde la création d'un institut royal chargé de relever et collecter des images photographiques pour les tâches de conservation du patrimoine. insa-strasbourg.fr</s>
    <s>3. ↑ Sur Édouart-Gaston Daniel Deville devenu au Canada l'arpenteur Edouard Deville, lireEdouard Deville (en)</s>
    <s>4. ↑ En Prusse, la première photogrammétrie provient initialement de l'architecture.</s>
    <s>5. ↑ &quot;Les X astronomes&quot; par Martin Lemoine, Chargé de recherche au CNRS, Professeur chargé de cours à l'École polytechnique, Institut d'astrophysique de Paris, CNRS, et Guy Perrin, Astronome adjoint, LESIA, Observatoire de Paris</s>
    <s>6. ↑ Une branche cousine, issue de Jean-Baptiste Laussedat a produit d'ailleurs des luthiers et facteurs d'instruments ainsi que des éditeurs de musique bourbonnais.</s>
    <s>7. ↑ Les humbles républicains sont sévèrement condamnés, comme le précise la revue Notre Bourbonnais en 1923. Mis momentanément en repos, Laussedat rencontre et épouse le 14 septembre 1852 une cousine germaine du docteur Bruel de Moulins. Il est donc par alliance un petit cousin du géographe Georges Bruel (1871-1945), celui-ci, adolescent et jeune homme, a été avec profit initié à la recherche géodésique par son parent par alliance avant d'entreprendre un parcours d'africaniste. Sa biographie est retracée par Marcel Soret dans Georges Bruel : notes de biographie.</s>
    <s>8. ↑ Henri Poincaré, &quot;Sur les formes cubiques ternaires et quaternaires&quot;, partie I et II, Journal de l'École Polytechnique, 50, 1881, pp 190-253 et 51, 1882, pp. 45-91. Correspondances, Archives Henri Poincaré, Université de Nancy</s>
    <s>9. ↑ Les articles ont été rédigés auparavant en 1896.</s>
    <s>10. ↑ Mettons à part le cercle restreint des historiens spécialistes de la rectification des frontières en 1871, de l'école polytechnique, du conservatoire, de l'académie des sciences et des associations scientifiques républicaines ou préservant la mémoire de sa petite patrie bourbonnaise.</s>
    <s>11. ↑ Peaks of the Canadian Rockies.Peaks of the Canadian Rockies</s>
    <s>12. ↑ Il a échangé une importante correspondance avec le responsable du service géodésique espagnol. Tomàs Soler et Mario Ruiz Morales, Letters from Carlos Ibanez e Ibanez de Ribero to Aimé Laussedat : new sources for the history of nineteenth century, Journal of geodesy, volume 80, n°6, septembre 2006.</s>
    <s>Liens externes</s>
    <s>Exemple d'ouvrages d'Aimé Laussedat dans le catalogue de la bibliothèque de l'École nationale supérieure des mines de Paris.</s>
    <s>Un petit pays cher au colonel Laussedat</s>
    <s>Apport de la métrophotographie de Laussedat à l'informatique d'aujourd'hui</s>
    <s>Ce document provient de « http://fr.wikipedia.org/w/index.php?title=Aim%C3%A9 Laussedat&amp;oldid;=71123610 ».</s>
    <s>1. Biographie</s>
    <s>1. Des années d'études et de recherche</s>
    <s>2. Un photographe spécialiste de géodésie</s>
    <s>3. Un militaire scientifique au service du gouvernement républicain</s>
    <s>4. Un infatigable promoteur d'une science pratique à une époque positiviste</s>
    <s>5. Un fondateur d'archives photographiques</s>
    <s>6. Un scientifique honoré dans le monde anglo-saxon et hispanique</s>
    <s>2. Bibliographie</s>
    <s>3. Autres ressources</s>
    <s>4. Notes et références</s>
    <s>5. Liens externes</s>
    <s>Licence Creative Commons Paternite-Partage des Conditions Initiales a l'Identique</s>
    <s>Accueil Wikinews Parametrage</s>
    <s>Rechercher Wikipedia Wikinews Wiktionnary</s>
  </text>
</page>
