<?xml version="1.0" encoding="UTF-8"?>
<!DOCTYPE page SYSTEM "page.dtd">
<page>
  <lang>fr</lang>
  <url>http://agriculture.gouv.fr/La-Conference-du-G20-sur-la</url>
  <title>La Conférence du G20 sur la recherche agricole des 12 et 13 ...</title>
  <snippet>
    <s>16 sept. 2011 Le groupe des participants à la Conférence du G20 est accueilli sur le Campus d&#39; de huit organisations internationales, a travaillé pendant deux jours en l&#39; agriculture (FAO), le groupe consultatif pour la recherche agricole </s>
  </snippet>
  <text>
    <s>Site portail du gouvernement</s>
    <s>Site du ministère de l'agriculture, de l'alimentation, de la pêche, de la ruralité et de l'aménagement du territoire</s>
    <s>Mes démarches</s>
    <s>en ligne</s>
    <s>Marchés / Appels</s>
    <s>à projets</s>
    <s>Répertoire des</s>
    <s>informations publiques</s>
    <s>Consultations publiques</s>
    <s>Accueil &gt; Magazine &gt; Focus &gt; G20 : L’agriculture en première ligne &gt; La Conférence du G20 sur la recherche agricole des 12 et 13 septembre à ( )</s>
    <s>En Bref</s>
    <s>Questions - réponses</s>
    <s>En image</s>
    <s>FocusG20 : L’agriculture en première ligne</s>
    <s>La Conférence du G20 sur la recherche agricole des 12 et 13 septembre à Montpellier</s>
    <s>La présidence française du G 20 a accueilli, les 12 et 13 septembre 2011, à Montpellier, une conférence internationale sur la recherche agricole pour le développement afin de promouvoir les partenariats scientifiques au service de la sécurité alimentaire dans le monde.</s>
    <s>Elle a réuni des décideurs politiques et des responsables de haut niveau en matière de recherche agricole des 20 pays les plus industrialisés et des pays à forte croissance économique. Cette conférence a abouti à la signature d'un accord élevant le Groupe consultatif pour la recherche agricole internationale (CGIAR) au rang d'Organisation internationale.</s>
    <s>Jean-François Giovannetti, chargé de mission sur la recherche sur la sécurité alimentaire, auprès du ministère des Affaires étrangères et européennes répond à nos questions :</s>
    <s>La conférence du G20 sur la recherche agricole marque-t-elle une volonté de renouveau et de redynamisation des partenariats scientifiques internationaux agricoles pour le développement ou s'inscrit-elle dans une continuité?</s>
    <s>!Le groupe des participants à la Conférence du G20 est accueilli sur le Campus d'Agropolis International</s>
    <s>Jean-François Giovannetti : Pour la première fois sous présidence française, s’est tenue une réunion des ministres de l’agriculture des pays du G20 les 22 et 23 juin en France. De la même façon, c’est la première fois que l’on prend l’initiative, dans le cadre du plan d’action sur le développement du G20, de mettre autour d’une même table tous les responsables de la recherche agricole de ces mêmes pays sur des questions de sécurité alimentaire et de développement.</s>
    <s>La Conférence de Montpellier, qui a réuni plus de 100 représentants de plus de 21 pays et de huit organisations internationales, a travaillé pendant deux jours en invitant les participants à réfléchir sur l’amélioration de leur coordination et sur la mise en cohérence de leur politique scientifique, sur le renforcement de leurs partenariats, notamment avec le secteur privé, sur le développement d’une plate-forme en agriculture tropicale pour renforcer les capacités des différents acteurs du Sud et enfin, d’une façon plus transversale, sur l’élaboration d’une vision du G20 sur la recherche agricole pour le développement.</s>
    <s>L’agenda de la réunion et la note de concept qui présentait les quatre sessions et les questions en débat avaient été préparées par un comité de pilotage qui réunissait le Brésil, le Canada, la France et le Japon et quatre instances internationales : l’organisation des nations unies pour l’alimentation et l’agriculture (FAO), le groupe consultatif pour la recherche agricole internationale (CGIAR), le forum mondial de la recherche agricole (GFAR), la banque mondiale (WB).</s>
    <s>Pour autant, la Conférence a bien sûr tenu compte des mécanismes déjà existants dans le domaine de la recherche agricole pour le développement, notamment le réunion tous les deux ans de la Conférence mondiale de la recherche agricole pour le développement (GCARD) qui, à l’initiative du GFAR, reste un outil essentiel de concertation entre tous les acteurs. Le G20 se doit d’être dans la dynamique de concertation de la GCARD pour pouvoir y être influent à la mesure de sa production scientifique qui représente plus des deux tiers de la production mondiale en matière de recherche agricole. La prochaine GCARD se tiendra en fin 2012 en Uruguay, dans cette perspective la Conférence G20 s’est également attachée à construire les prémices d’une nouvelle gouvernance mondiale de la recherche agricole pour le développement dans un monde marqué par la croissance des pays émergents et la création de nouvelles institutions internationales.</s>
    <s>En quoi la recherche agricole peut-elle contribuer à assurer la sécurité alimentaire à l'horizon 2030 ?</s>
    <s>J-F. G. : La sécurité alimentaire est redevenue plus que jamais un grand enjeu de notre temps. C'est un enjeu immédiat, comme le rappelle le retour de la famine dans la corne de l'Afrique. C'est aussi un enjeu pour demain et les défis à relever sont immenses : défi de la production d’abord, puisque nourrir les 9 milliards d'habitants que compterait la terre en 2050 imposerait, selon la FAO, d'augmenter la production agricole de 70%.</s>
    <s>Mais les défis sont pluriels. Il y a aussi le défi de la gestion durable des ressources naturelles, à l'heure où chacun réalise qu'elles ne sont pas inépuisables. Il y a aussi le défi de l'adaptation et de l'atténuation face au changement climatique, quand l'évolution du climat imposera inéluctablement de changer les systèmes de production. Il y a encore la nécessité de produire une alimentation saine, nutritive et sûre sur le plan sanitaire. Il y a enfin le défi de la production de « bio-énergie ». Et l’agriculture reste encore, par la génération de revenus et de richesses, le moteur du développement économique et social pour une population rurale comprenant la moitié de l’humanité.</s>
    <s>Jamais les questions posées à la recherche agricole n’ont donc été aussi importantes et complexes. Cela réaffirme la centralité de la question agricole, comme déterminant de la stabilité politique, notamment dans les états fragiles et maintenant au niveau planétaire.</s>
    <s>La recherche doit donc apporter des réponses : comment produire plus, mieux et d’autres denrées, sans oublier la production d’énergie. Pour le relever, dans le prolongement des « révolutions vertes » des années 1970, qui ont permis des progrès considérables de rendement pour l'agriculture des pays les plus pauvres, la recherche agricole pour le développement continue de jouer un rôle majeur. Découvrir les variétés les plus productives, les plus résistantes à la sécheresse et aux maladies, les techniques les plus économes en eau, les plus respectueuses des sols, les meilleures méthodes de réduction des gaz à effet de serre, voilà la valeur ajoutée attendue de la recherche agricole.</s>
    <s>Les principales sources d'innovation agricole sont aujourd'hui dans les pays du G20, les réunir pour les faire mieux travailler ensemble au service de la sécurité alimentaire mondiale était bien la finalité de cette Conférence de Montpellier.</s>
    <s>En outre, la recherche a bien pour enjeu également d’éclairer les transformations en train de se produire et les choix politiques à réaliser.</s>
    <s>Envisage-t-on des partenariats entre la recherche publique et privée des membres du G20 ?</s>
    <s>J-F. G. : La Conférence a fait une large part à la question des partenariats, notamment les partenariats entre le secteur privé et le secteur public. La Banque mondial et le Canada ont fait un point sur l’Initiative (Agricultural Pull Mechanism, AGMP) qu’ils sont en train de développer sur les mécanismes « d’achat garanti », mis au point à l’origine dans le secteur médical pour la production de vaccins humains. Fonctionnant par appels à propositions, une telle initiative facilite l’identification de mécanismes concrets de financements innovants permettant d'attirer le secteur privé sur la recherche agricole pour le développement (comme pour combattre l'aflatoxine, qui tue plus que la faim dans certains pays d'Afrique, ou encore développer un vaccin thermostable contre la peste des petits ruminants).</s>
    <s>La Conférence a aussi abordé la question des droits de propriété intellectuelle qui dans bien des cas sont un frein à la coopération entre le secteur privé et le secteur public, alors qu’elle peut au contraire devenir un outil d’investissement ou de facilitation de l’accès et de l’usage des résultats de la recherche. Elle a aussi abordé d’autres formes de partenariats innovants comme les coopérations triangulaires qui rassemblent les forces d’un pays développé, d’un pays émergent et d’un pays du Sud.</s>
    <s>Le projet PROSAVANNAH, porté par le Japon, le Brésil et le Mozambique a particulièrement attiré l’attention. Parler de ce type de coopération dans une enceinte G20 facilite bien sûr le développement d’initiatives du même type avec d’autres partenaires. La France qui coopère déjà avec le Brésil en Afrique, cherche à développer ce type de partenariats triangulaires avec la Chine. La France peut par ailleurs faire valoir des modalités innovantes de partenariat avec les institutions du Sud, portées par l’IRD et le CIRAD.</s>
    <s>Quels seront les priorités et les grands axes de recherche agricole du G20 en matière de sécurité alimentaire à moyen et à long terme?</s>
    <s>J-F. G. : Tout d’abord, il faut rappeler que le CGIAR, maintenant réformé, est en train de développer une série de 15 programmes de recherche sur les grands défis mondiaux, et particulièrement sur les questions de sécurité alimentaire. Ces programmes (CGIAR Research Programs, CRP) marquent une nouvelle façon de travailler ensemble pour tous les acteurs de la recherche agricole pour le développement. La définition de ces programmes a en effet été conduite au travers de plusieurs centaines de consultations avec des acteurs très divers : organisations paysannes, secteur privé, ONG, etc. Mais la mise en place de ces programmes devra faire l’objet d’un suivi permettant son ajustement autant que de besoin. Les institutions françaises souhaitent s’y engager, moyennant des principes de co-conception, co-investissement, co-gouvernance.</s>
    <s>Par ailleurs, cette Conférence était une première. Elle a donc permis à tous les acteurs de mieux se connaître. La confiance est un facteur important dans les questions de partenariats scientifiques. La question des priorités et de leur définition était bien sûr présente, mais il ne s’agissait pas, à proprement parlé, d’une réunion de nature programmatique. Tout en reconnaissant l’importance de la définition des priorités de recherche, comme de leur meilleure coordination, et en soulignant l’importance des CRP, la Conférence a conduit à proposer la mise en place d’une plate-forme neutre, sous la responsabilité du Forum mondial de la recherche agricole (GFAR) visant à échanger sur les exercices de prospective mondiale.</s>
    <s>En France, l’année dernière, le CIRAD et l’INRA ont produit une étude prospective intitulée « Agrimonde, scénarios et défis pour nourrir le monde en 2050 ». Le Royaume uni, la Suède et l’IFPRI (International Food Policy Research Institute) qui dépend du CGIAR ont eux aussi produit des études prospectives de ce type. L’exercice mondial qui avait été mené au travers de l’ Evaluation internationale des sciences et technologies agricoles pour le développement (IAASTD) en 2009 relevait aussi de cette logique. La Conférence a ainsi affirmé la nécessité d’avoir une vision partagée sur les grands enjeux mondiaux et les principaux défis à relever, condition déterminante pour avancer dans une programmation coordonnée. La reconnaissance de la nécessité de faciliter les échanges sur les questions de prospective au sein du G20 est l’un des résultats tangibles de cette Conférence. Elle devrait alimenter les contenus de la prochaine GCARD en Uruguay.</s>
    <s>Y a-t-il eu d’autres points importants à souligner ?</s>
    <s>J-F. G. : La tenue de la Conférence à Montpellier, proposée par la France lors de la première réunion du groupe de travail développement (DWG) à Paris en mars 2011, permettait que cette réunion se tienne dans la ville retenue, après un appel à concurrence international, pour accueillir le siège du Consortium du CGIAR. Le déplacement à Montpellier des délégations du G20 a assurément conforté la ville comme la capitale mondiale de la recherche agricole pour le développement.</s>
    <s>Moins d’un an après la décision prise par le CGIAR, le ministre de la coopération, Henri de Raincourt, qui a par ailleurs clôturé la Conférence du G20, a été en mesure de signer l’accord instituant le CGIAR en Organisation Internationale. Cette cérémonie de signature a permis d’ouvrir l’Accord à la signature d’autres Etats. Immédiatement après la France, la République de Hongrie a été le deuxième pays à signer cet Accord. C’est un indiscutable succès de notre diplomatie scientifique, comme du remarquable travail d’ensemblier réalisé à Montpellier par Agropolis International et aussi le résultat de l’engagement de la Région Languedoc Roussillon qui assure le financement de la construction en cours des bâtiments qui seront réservés au CGIAR.</s>
    <s>Par ailleurs, il faut souligner qu’une déclaration d’intention de coopération entre le CGIAR et l’ensemble des institutions françaises de recherche du secteur (INRA, CIRAD, IRD et Cemagref) a été signé sous le label de la CRAI, commission française pour la recherche agricole internationale. Cette unanimité traduit la volonté de projeter à l’international les compétences françaises de recherche.</s>
    <s>G20 : L’agriculture en première ligne</s>
    <s>▶ Lutter contre la volatilité excessive des prix des matières premières agricoles</s>
    <s>▶ Conférence de presse finale de Bruno Le Maire - G20 agriculture (Vidéo et script)</s>
    <s>▶ Discours du Président de la République devant les ministres de l’agriculture du G20</s>
    <s>▶ Intervention de Bruno Le Maire à l’occasion de la clôture du G120 des agriculteurs du monde à l’OCDE</s>
    <s>▶ Intervention de Bruno Le Maire à New-York, devant l’Assemblée générale des Nations Unies</s>
    <s>▶ Rapport inter-institutionnel pour le G20 sur la volatilité des prix alimentaires</s>
    <s>▶ Étude du HLPE sur la volatilité des prix alimentaires</s>
    <s>▶ Préparation du G20 Agriculture</s>
    <s>▶ G20 agriculture : quelques éléments de contexte</s>
    <s>▶ G20 Agriculture : photos et vidéos</s>
    <s>▶ Voir tous les sujets</s>
    <s>G20 : L’agriculture en première ligne</s>
    <s>Les prochaines échéances liées au G20 agricole :</s>
    <s>Comité de la sécurité alimentaire mondiale (FAO) : 17-22 ocotobre 2011, Rome</s>
    <s>Sommet des chefs d'État et de gouvernement du G20 : 3 et 4 novembre 2011, Cannes</s>
    <s>Fil actualités</s>
    <s>14/10 Export filière bovine : rassemblement d’acteurs de la filière pour le projet de « groupement export français »</s>
    <s>13/10 Comité national de l’assurance en agriculture (CNAA) du 12 octobre : des reconnaissances pour divers sinistres</s>
    <s>13/10 Communiqué de presse conjoint franco-australien</s>
    <s>12/10 Note aux rédactions : Déplacement de Bruno LE MAIRE en Saône-et-Loire le jeudi 13 octobre 2011 à Saint-Rémy</s>
    <s>12/10 Mesures de gestion des quotas laitiers pour la fin de campagne 2011-2012</s>
    <s>Forum agriculture et alimentation à Provins, du 10 au 18 Octobre 2011</s>
    <s>Durant tout l'été et jusqu'au 16 octobre 2011 : le festival international des jardins à Chaumont-sur-Loire (Loir-et-Cher)</s>
    <s>La foire aux plantes du lycée horticole de Romans sur Isère (26), le 16 octobre 2011</s>
    <s>Du 17 au 23 octobre : le goût à tous les coups partout en France</s>
    <s>Les assises des fruits et légumes, mardi 25 octobre 2011</s>
    <s>Questions - réponses</s>
    <s>Quelle est la place des femmes dans le paysage agricole français ?</s>
    <s>▶ Voir la réponse</s>
    <s>Plan du site Foire aux questions Les sites du ministère Autres sites Fil RSS Mentions légales</s>
  </text>
</page>
