<?xml version="1.0" encoding="UTF-8"?>
<!DOCTYPE page SYSTEM "page.dtd">
<page>
  <lang>fr</lang>
  <url>http://fcorpet.free.fr/Denis/Conference-publique-alimentation-cancer.html</url>
  <title>conférencier conférence cancer prevention aliments grand public ...</title>
  <snippet>
    <s>Conférences tout public, prévention cancer alimentation, conférencier Professeur Corpet. 150 personnes, intervention filmée passée au cours d&#39;une émission </s>
  </snippet>
  <text>
    <s>Confnces et Cours de Denis Corpet - Denis - Aliments recommand/a&gt;</s>
    <s>Confnces &quot;Alimentation &amp; Cancer&quot;</s>
    <s>Prof. Denis Corpet</s>
    <s>Cliquez une affiche pour la voir en grand</s>
    <s>En bas de cette page, plus de renseignements sur les confnces (liste, programme, vid type de public )</s>
    <s>!Prof. Denis Corpet Confncier speaker !Prof. Denis Corpet Confncier speaker !Prof. Denis Corpet Confncier speaker !Prof. Denis Corpet Confncier speaker !Prof. Denis Corpet Confncier speaker !Prof. Denis Corpet Confncier speaker</s>
    <s>&gt; &gt; J'aime bien comprendre et expliquer, et les gens disent qu'ils aiment bien quand j'explique.</s>
    <s>Mon mer, avec mon ipe de recherche ENVT-INRA &quot;Aliments &amp; Cancer&quot;, c'est trouver comment faire pour qu'il y ait moins de cancers. Car je crois que &quot;vaut mieux prnir que gur&quot;, et que c'est top b d'avoir peur de tout, de dangers imaginaires.</s>
    <s>C'est pourquoi j'accepte parfois de &quot;donner une confnce&quot;, m si ce n'est pas vraiment mon mer. Tant que je ne suis pas a retraite (fin 2016 ?) mes missions sont d'abord de comprendre comment l'alimentation peut jouer sur le cancer et d'enseigner l'hygi des aliments aux diants vrinaires. Confncier, pour moi, c'est un &quot;loisir&quot; (d'ailleurs c'est gratuit, comme l'alpinisme !).</s>
    <s>C'est pourquoi d'habitude je dis NON : je refuse les invitations aire une confnce.</s>
    <s>Sauf si c'est prde Toulouse (ni perte de temps, ni gaspillage de CO2) et bien sur &quot;mon sujet&quot;. Ou si la conf. est &quot;spale&quot; (public, lieu, importance ).</s>
    <s>Mais en gral j'accepte les ssions de tvision : prend du temps, mais touche beaucoup de gens. Denis Corpet, juin 2011</s>
    <s>&gt;&gt; Liste de quelques Confnces Publiques (vulgarisation)</s>
    <s>&gt;&gt;ENSAT, Toulouse, &quot;Plantes trangques, t des lieux&quot;, confnce-dt Organis par INPT, ENSAT, et INRA (J.C.Flamand, C.Galant). D. Corpet: OGM et sritlimentaire, 14-15h. 2 Dmbre 1998.</s>
    <s>&gt;&gt;Maison des Chrs du Mirail TO7, Toulouse, &quot;Les organismes gtiquement modifiOGM&quot;, Repas dt animar Corpet D., 9 Dmbre 1999, 12h-14h30.</s>
    <s>&gt;&gt;&quot;le Bijou&quot;, Toulouse, Les OGM, pl du groupe &quot;les Verts&quot;, Mendez, M.F., Willemot, R.M., Corpet, D., Mateu, F., Berthelot, J., Janvier 2000.</s>
    <s>&gt;&gt;St Fx de Lauragais, Mairie, rion publique: OGM et plantes trangques: quel intt, quels risques?, Boistard, P, et Corpet, D. 10 Mars 2000, 21h-23h30</s>
    <s>&gt;&gt;ENFA, Toulouse, Soiravec les diants de BTS et du public local, projection de &quot;2001 Odyssde l'assiette&quot;, puis discussion sur l'alimentation et l'image (org. Muriel Grenier), 12 Avril 2000, 20h30-23h</s>
    <s>&gt;&gt;F de Lutte Ouvri, Toulouse, Dimanche 24 septembre 2000, confnce-dt sur &quot;Notre alimentation se dade t'elle ?&quot; (2h).</s>
    <s>&gt;&gt;Mairie de Toulouse, Espace Bonnefoy, dt public &quot;de la fourche a fourchette&quot;, pour inaugurer l'exposition &quot;Vache, Oh ma vache&quot; 22 Janvier 2001 (4 intervenants, je prntais la sritlimentaire, trorient&quot;vache folle&quot;, 20h30-22h30)</s>
    <s>&gt;&gt;Union Frale Consommateurs Que Choisir, Colomiers, dt public &quot;Hygi et Srites Aliments&quot; 6 Mars 2001 (20h30-22h30)</s>
    <s>&gt;&gt;Service Incroyance et Foi, Dioc de Toulouse. Science et Ethique. Utilisation des animaux transgque. 19 Mars 2003, 21h-22h.</s>
    <s>&gt;&gt;Formation interministelle &quot;Nutrition, alimentation, une question de sant Prcture de la ron Midi-Pyres, URCAM, Toulouse. Confnce sur &quot;OGM et sant le 19 Juin 2003 (13h30-14h)</s>
    <s>&gt;&gt;D.E. CORPET, Alimentation et prntion du cancer: quelle vtTexte de la confnce mis en ligne sur le site des Agrobiosciences (l'un des documents les plus tchargdu site), sur invitation du Conseil Ronal Midi-Pyres : SISQA 4eme rencontres Alimentation, agriculture &amp; soci D03 (2003)</s>
    <s>&gt;&gt;D.E. CORPET, Journde formation des responsables d'associations de consommateurs du grand Sud-Ouest, LycHier de Toulouse, organisar ADEIC et UFCS, 3 Oct 2006</s>
    <s>&gt;&gt;D.E. CORPET, Que faut-il manger pour ter le cancer ? Interview-Confnce avec Sylvie Berthier, tout public au restaurant le J'Go, organisar la mission des Agrobiosciences, Texte de la confnce mis en ligne sur le site des Agrobiosciences. lundi 8 janvier 2007.</s>
    <s>&gt;&gt;D. Corpet, 12 oct 2007, journde prntion organispar la Ligue contre le Cancer, comit1. DC principal intervenant, avec environ 3h de confnce par D.C., Salle des Illustres, le Capitole, Toulouse</s>
    <s>&gt;&gt;D. Corpet, 28 mars 2008, Alimentation &amp; Cancer. Confnce Grand Public, Espace Clnt Marot, Cahors. Ligue contre le Cancer, comitu Lot. 200 personnes, 2h30.</s>
    <s>&gt;&gt;D. Corpet, 16 sept 2008, journAlimentation &amp; cancer, Qui croire ? Que savoir ?, organispar lESC Toulouse et Agrobiosciences. Salle du Schal Toulouse. 150 personnes, intervention filmpassau cours d'une ssion nationale Tvision FR3</s>
    <s>&gt;&gt;D. Corpet, 18 Octobre 2008, journde lassociation HNPCC France, confnce sur la prntion du cancer colorectal par lalimentation. Application aux familles isque de CRC. Auditorium du musdArt Moderne &amp; Contemporain de Toulouse.</s>
    <s>&gt;&gt;D. Corpet, 23 octobre 2008, Confnce Grand Public, Carcassonne, Ligue contre le Cancer, comite lAude.</s>
    <s>&gt;&gt;D. Corpet, 4 dmbre 2008, Confnce Association Faire Face Ensemble (la vie avec le cancer) , Auzeville-Tolosane.</s>
    <s>&gt;&gt;D. Corpet, 29 janvier 2009, LycHier d'Occitanie, Toulouse.</s>
    <s>&gt;&gt;D. Corpet, 5 mars 2009, Mathe Josabanis Grand auditorium, Quand les Sciences sen mnt Aliments et sant que risque-t-on ? (Quand les Sciences sen mnt 1 - cycle de confnces-dts avec INRA, INSERM &amp; CNRS)</s>
    <s>&gt;&gt;D. Corpet, Toulouse, 25 sept. 2009. La nuit des chercheurs, Cite lEspace. Confnce-dt introduit par la VidYouTube Denis Corpet, Portrait dun Chercheur de LPonge &amp; Pirkko Runnel Confnce de presse, confnce en amphi, puis rencontres du public (800 personnes).</s>
    <s>&gt;&gt;D. Corpet, Toulouse, 6 mars 2010, confnce grand public Nutrition &amp; Cancer peut-on prnir certains cancers en mangeant mieux ? , organispar le Grand Toulouse et la Ligue contre le Cancer CD31 (2h, 200 personnes)</s>
    <s>&gt;&gt;D. Avec l'association http://www.science-animation.org/ prration de lexposition &quot;Face au Cancer la santa se construit&quot; Concrment c'est un grand camion qui se dace de ville en ville. Inauguration officielle 16 sept. 2010 au Mo-p puis grand public place du Capitole lundi 27 septembre 2010. J'ai participur pas mal de points, l'essentiel nt cependant le volet alimentation http://www.lasantecaseconstruit.org/fr/cancer-modes-vie/cancer/alimentation.html</s>
    <s>&gt;&gt;D. Corpet, Toulouse, 9 dmbre 2010, confnce table-ronde grand public organispar la mission des Agrobiosciences et l'ESC Toulouse : Complnts alimentaires : bfiques, inutiles ou toxique ? Confnce Table Ronde, grande salle du Conseil Ronal Midi-Pyres, Toulouse, Viden ligne sur Canal.U http://www.canal-u.tv/producteurs/universite de tous les savoirs/dossier programmes/les conferences de l annee 2010/complements alimentaires benefiques inutiles ou toxiques/complements alimentaires benefiques inutiles ou toxique partie 1</s>
    <s>&gt;&gt;D. Corpet, Toulouse, 26 mai 2011, confnce grand public Nutrition &amp; Cancer peut-on prnir certains cancers en mangeant mieux ? , organispar le INRA sur le site dAuzeville (1h, 100 personnes)</s>
    <s>&gt;&gt;D. Corpet, Toulouse, 15 juin 2011, atelier de laprmidi place St.Georges Toulouse, dans le cadre de la journnationale alimentation cancer, nement organisar Association Oncopde Toulouse et Patrick Ritz (PU-PH nutrition) : comment dntrer que certains aliments ont un effet sur le cancer ?</s>
    <s>&gt;&gt;D.E. Corpet, Gand (Belgique) 11 aout 2011, ICoMST keynote lecture on Red &amp; cured meat and colon cancer: Should we become vegetarians, or can we make meat safer? (2011, 32 slides, 2.9 Mo)</s>
    <s>&gt;&gt;enir : Montauban, 9 novembre 2011 pour la Ligue contre le Cancer</s>
    <s>&gt;&gt;enir : Toulouse, 8 mars 2012, Cancpole, avec Muriel Rich</s>
    <s>&gt;&gt;enir : Bastia et Ajaccio, 15 et 17 avril 2012, deux confnces de D.Corpet, invitMutualitt Prntion.</s>
    <s>&gt;&gt; Liste de quelques ssions de Tvision et de Radio oi participh2&gt;</s>
    <s>&gt;&gt;Corpet, D. 1996 Prntation du livre &quot;Alimentation &amp; Cancer&quot; informations tvis locales (5 min 9h et 20h) de tvison locale Toulouse TLT. 13 D1996</s>
    <s>&gt;&gt;Corpet D., 1997. Emission de tvision &quot;Nimbus&quot;, sur France 3, le 11 Novembre 1997 de 23 4h. Antibiotiques en vage, antibiorstance chez l'Homme. 5 min d'interview au laboratoire (Toulouse). 15 min de discussion avec Elise Lucet sur le plateau (Paris).</s>
    <s>&gt;&gt;Corpet D., 1998. Infos tvis 19-20h France 3, le 1 mars 1998, aprun reportage sur le salon de l'agriculture: Interview en direct par Laurent Vignelasse sur la srites aliments, les antibiotiques en vage, la trailites viandes, les produits &quot;bio&quot;, les plantes trangques.</s>
    <s>&gt;&gt;Corpet, D. 1998 Table ronde 25 min en direct, 18h-18h26, sur &quot;l'assiette de l'an 2000&quot; tvision locale TLT. Jeudi 12 Novembre 1998</s>
    <s>&gt;&gt;Corpet D., 1999. Emission de tvision &quot;2001 Odyssde l'assiette&quot;, sur Arte, soirthtique tournle 16 Juin 1998, passJeudi 7 Janvier 1999 0h45. 1h dont 7 min d'interview par Alain Lasfargues au laboratoire (Toulouse), sur la cancgenicites carraghnes. Prises de vues de rats en isolateur manipulpar le personnel du labo. - Emission traduite et diffuslement en Allemagne, aux Pays-Bas. - Emission redifusle 28 Septembre 2000 sur Arte, et - 1 min intervention D.Corpet reprise le lendemain sur Canal+ (Best of/Zapping)</s>
    <s>&gt;&gt;Acar, J.F., Poyard, C., Aubry-Damon H., et Corpet, D. 1999 Emission de radio sur France Culture, &quot;Question d'que&quot;, Les antibiotiques, animpar Eliane Contini. 15h30-16h30, Vendredi 5 mars 1999</s>
    <s>&gt;&gt;Corpet, D. 1999 Table ronde, ssion de 20 min en direct, 19h15-19h35, sur &quot;les OGM.&quot; tvision locale Toulouse TLT. Mardi 14 septembre 1999</s>
    <s>&gt;&gt;Corpet D., 2000. Emission de tvision &quot;Poison contre poison&quot; sur Arte, soirthtique tournle 17 Dmbre 1999, passDimanche 9 Avril 2000 0h45. 1h dont 4 min de cours 'Universitaul Sabatier, filmar Alain Lasfargues sur la toxine botulinique et le rapport risque/bfice des nitrates en salaison. Rediffusen Janvier 2003 sur Arte.</s>
    <s>&gt;&gt;Corpet D., 2000. Emission de tvision &quot;Mort aux rats ?&quot; Arte, Vendredi 25 Ao00 0h30-21h. 10 min d'interview par Jean Luc Chekroun 'INRA (Xbiotiques), 'ENVT (SHA), sur l'intt du rat comme mod du vivant, dans les des sur alimentation et cancer.</s>
    <s>&gt;&gt;Corpet D., 2000. Emission de Radio sur &quot;le Mouv&quot;, de Radio France, sur OGM et Male-Bouffe, avec Gregory Philips</s>
    <s>&gt;&gt;Corpet D., 2000. Infos tvis 19-20h France 3, le 6 Novembre 2000, aprun reportage sur l'interdiction de la viande de boeuf dans les cantines. Interview en diff par Jeanne Cazals, FR3, sur le risque de la viande de &quot;vache folle&quot;. Rediffusion en Avril 2001.</s>
    <s>&gt;&gt;Corpet, D. 2000 Infos tvis 19-20h, &quot;l'autorisation du matrangque par le conseil d't&quot; tvision locale Toulouse TLT. 23 novembre 2000</s>
    <s>&gt;&gt;Corpet, D. 2000 Table ronde, ssion de 15 min en direct, 19h15-19h30, sur &quot;l'autorisation du matrangque&quot; tvision locale Toulouse TLT. 24 novembre 2000</s>
    <s>&gt;&gt;Corpet D., 2003. Infos tvis 13h France 3, le 7 Janvier 2003, Br interview (60 s) en diff par Corinne Lebrave, FR3, sur le risque des bactes antibiorstantes liux pratiques d'vage.</s>
    <s>&gt;&gt;Corpet D., 2003. Infos tvis 13h France 3, le 11 Fier 2003, Emission sur alimentation et santournsur un marchoulousain, puis dans une cuisine (7 min), par Corinne Lebrave, FR3. Script sur http://fcorpet.free.fr/Denis/W/MarcheFR3.pdf</s>
    <s>&gt;&gt;Corpet D., 2003. Infos tvis France 3, le 20 Mai 2003, Emission sur la Recherche 'ENVT, notamment en sritanitaire des aliments, par Jeanne Cazals, FR3 Sud (60 s).</s>
    <s>&gt;&gt;Corpet D., Rendez vous du J'Go, avec la mission des Agrobiosciences. Peut-on vraiment prnir le cancer par l'alimentation ? Sud Radio, 16 avril 2007.</s>
    <s>&gt;&gt;Corpet D., Sylvander, B., Berthier S. Emission &quot; ne mange pas de pain !&quot; sur Radio Mon Pale 20 mai 17-18h et 21 mai 2008 13-14h, La vtur les bienfaits du Bio pour la sant</s>
    <s>&gt;&gt;Corpet D. Deux interventions de 5 min, questions-rnses sur aliments et cancer, dans lssion Manger, plaisir ou danger de France 3 (Tvision FR3 national) avec Marina Carr d'Encausse, Michel Cymes &amp; Jamy Gourmaud, Lundi 6 octobre 2008, en direct (Production Pulsations, Paris).</s>
    <s>&gt;&gt;Corpet D., Sud-Radio, 17 fier 2009, interview 25 min par Olivier Fress et questions des auditeurs sur nutrition et cancer 13h05-13h30 Linvite Sud-Info-Midi</s>
    <s>&gt;&gt;Corpet D., France 3, jeudi 19 mars 2009, Emission tvision nationale @la-carte 16h30-17h30, sence tourn'ENVT et 'UMR Xbiotiques sur les charcuteries et le cancer du colon par Emilie REFAIT (5 minute, avec vues du labo, et dialogue avec Fabrice Pierre)</s>
    <s>&gt;&gt;Corpet D. questions-rnses sur aliments et cancer, dans lssion Allo Docteurs ? de France 5 (Tvision FR5 nationale) avec Marina Carr d'Encausse, Michel Cymes &amp; Jean-Loup Mouysset (oncologue ix-en-Pce), Lundi 4 mai 2009, 30 minutes, passage le m jour aprmidi (studio 17 juin Production/Atlantis , Issy-les-Moulineaux). http://www.france5.fr/allo-docteurs/index-fr.php?page=accueil</s>
    <s>&gt;&gt;Corpet, D. 2009 Ttoulouse ssion &quot;Comptoir de l'info&quot; 23 Sept. 09, 11h (tvision locale TLT). Interview par Greg Lamaz sur le mer de chercheur dans le cadre de la nuit des chercheurs</s>
    <s>&gt;&gt;Radio Mon Pa(90.1 et par podcast), ne mange pas de painssion sur le Lait, animpar la Mission des Agrobiosciences, D.Corpet lait, fromages et cancer Mardi 20 octobre 2009 de 17h 8h</s>
    <s>&gt;&gt;2010, 8 juillet 10 - tvision Toulouse TLT http://www.youtube.com/watch?v=eRFgZ1ohbEo Plus sur http://wizdeo.com/s/teletoulouse . Depuis dix ans, une ipe de l'INRA travaille sur la relation entre alimentation et cancer. interview de Fabrice Pierre dans notre laboratoire sur</s>
    <s>&gt;&gt;2010- 13 octobre 10, Open Access Week, film Frans et Anglais : Pour une libre circulation des publications scientifiques , OATAO (Open Archive Toulouse Archive Ouverte) est une Archive ouverte institutionnelle du PRES Universite Toulouse (INPT, ISAE, ENVT) http://www.openaccessweek.org/video/pour-une-libre-circulation-des-1</s>
    <s>&gt;&gt;2011 21 janv.-11 France-Info, Dossier 18h45, interview par Anne-Laure BARRAL sur Viande et Cancer (envoypar Vanessa RALLI, INCa) interview 30 min, Podcast du 21 janvier 2011 (48) http://www.france-info.com/chroniques-dossier-du-jour-2011-01-21-bien-etre-animal-vers-une-prise-de-conscience-510547-81-185.html</s>
    <s>&gt;&gt; Tous mes cours - Rme grossesse - Aliments supers - Id Picnic - Recette Saumon-Fenouil - Famille Corpet</s>
  </text>
</page>
