<?xml version="1.0" encoding="UTF-8"?>
<!DOCTYPE page SYSTEM "page.dtd">
<page>
  <lang>fr</lang>
  <url>http://lists.pmbservices.fr/pipermail/pmb-user/2011-January/016559.html</url>
  <title>Re: [Pmb-user] impossible d&#39;accéder à l&#39;onglet &#39;Administrateur&#39;</title>
  <snippet>
    <s>31 janv. 2011 Je n&#39;arrive pas non plus à accéder à l&#39;onlet &#39;Administration&#39;. J&#39;arrive donc à la 6ème étape du tutoriel, et je n&#39;arrive pas à aller plus &gt; loin. . J&#39;avais assisté à tes conférences en 2009 et je reconnais ton style très &gt;&gt;&gt; clair; </s>
  </snippet>
  <text>
    <s>Re: Pmb-user impossible d'accr 'onglet 'Administrateur'</s>
    <s>Eve Herbint eve.herbint at isjlalouviere.be</s>
    <s>Lun 31 Jan 09:23:08 CET 2011</s>
    <s>Message prdent: [Pmb-user impossible d'aller dans l'onglet 'Administration&quot; ]</s>
    <s>Message suivant: [Pmb-user SOS restauration (suite2)!!!!!!!!!!!!!]</s>
    <s>Messages tries par: [ date ] [ thread ] [ objet ] [ auteur ]</s>
    <s>J'ai installMB sur mon ordi de travail, mais 2 probls se posent :</s>
    <s>1.) je n'arrive pas ettre ma base de donn our : ma version actuelle</s>
    <s>de base est : v4.90, et ma version devrait e : v4.92. Error 404</s>
    <s>2.) Je n'arrive pas non plus ccr 'onlet 'Administration'. 'Error</s>
    <s>404' lement</s>
    <s>Pourriez-vous m'aider, s.v.p. Merci bcp.</s>
    <s>Eve Herbint</s>
    <s>----- Original Message -----</s>
    <s>From: &quot;Anne-Marie CUBAT&quot; &lt;annemarie.cubat at gmail.com&gt;</s>
    <s>To: &quot;Liste de diffusion des utilisateurs de PMB / PMB Users list&quot;</s>
    <s>&lt;pmb-user at pmbservices.fr&gt;</s>
    <s>Sent: Tuesday, January 18, 2011 3:42 PM</s>
    <s>Subject: Re: Pmb-user impossible d'installer PMB</s>
    <s>Quelques questions :</s>
    <s>&quot;Quand j'arrive e stade, j'obtiens une page 'Easyphp' (on voit clairement</s>
    <s>le logo noir et rouge d'Easyphp en haut de la page, auche)&quot;</s>
    <s>Que faites-vous pour obtenir cette page?</s>
    <s>D'autre part, si vous voyez d l'inscription &quot;PMB&quot;, c'est que la base a</s>
    <s>Dans ce cas, il est normal que le lien</s>
    <s>http://localhost/pmb/tables/install.php ne fonctionne plus. En effet, aprinstallation de PMB, le fichier &quot;install.php&quot; est renommfin de ne pas</s>
    <s>pouvoir e exteux fois.</s>
    <s>Mais apparemment, l'installation n'a pas faite correctement.</s>
    <s>On recommence donc(mais pas tout le processus)</s>
    <s>Je suppose que vous en s ln reprend zu dt de l'pe 6</s>
    <s>EasyPhp est configurorrectement, aucun message d'erreur.</s>
    <s>1) dans l'explorateur Windows,</s>
    <s>dans c:\EasypPhp\www\ vous effacez le rrtoire PMB et donc aussi tout</s>
    <s>son contenu</s>
    <s>2) toujours avec l'explorateur Windows</s>
    <s>vous dmpressez le zip de PMB dans c:\EasypPhp\www\</s>
    <s>et celui de la documentation dans c:\EasypPhp\www\\doc</s>
    <s>3) sur le bureau, vous avez une icde EasyPhp - double clic pour lancer</s>
    <s>Vous devez voir le logo de EasyPhp en bas roite dans la barre des tes</s>
    <s>Lorsque vous amenez la souris sur ce logo, vous devez voir le message</s>
    <s>&quot;EasyPhp (drrquot;</s>
    <s>4) Vous lancez Firefox, et vous copiez-collez ce lien dans la barre</s>
    <s>d'adresse de Firefox</s>
    <s>5) vous allez voir les messages d'installation de PMB, en localhost</s>
    <s>Vous pouvez au drt garder le nom par dut, c'est-ire bibli</s>
    <s>Je vous conseille de choisir l'option &quot;insr les donn minimum pour</s>
    <s>drrer rapidement&quot;</s>
    <s>(ou ntuellement les donn de test, c'est comme vous voulez)</s>
    <s>A vous de voir si vous voulez ou non un thurus et un syst d'indexation</s>
    <s>6) A la fin du processus, on vous propose de suivre un lien vers la page</s>
    <s>d'accueil de PMB</s>
    <s>Vous suivez ce lien, et vous arrivez a page de choix entre opac et</s>
    <s>gestion, choisissez gestion (login et mot de passe : admin)</s>
    <s>Vous pouvez alors terminer les dernis pes d'installation de PMB - n 8</s>
    <s>et 9(voir tutoriel)</s>
    <s>ou vous en occuper plus tard - ce n'est pas urgent</s>
    <s>7) Aprs'e dnnecte PMB, et avant d'indre l'ordinateur ou</s>
    <s>d'arrr la session, on arr Easyphp (clic droit de souris sur l'icd'EasyPhp dans la barre des tes, option &quot;quitter&quot;)</s>
    <s>Par la suite, pour retourner dans PMB</s>
    <s>- lancer EasyPhp</s>
    <s>- lancer Firefox</s>
    <s>- saisir l'adresse</s>
    <s>et on est dans PMB</s>
    <s>Bonne chance !</s>
    <s>Anne-Marie Cubat</s>
    <s>Le 18 janvier 2011 15:00, Eve Herbint &lt;eve.herbint at isjlalouviere.be&gt; a it</s>
    <s>&gt; Oui, j'ai bien dmpresse zip de la doc de PMB dans pmb/doc, mais je</s>
    <s>&gt; n'ai pas le rrtoire 'documentation'.</s>
    <s>&gt; Mais si vous me dites que l'absence de documentation n'empe pas PMB de</s>
    <s>&gt; fonctionner alors ce n'est pas le probl.</s>
    <s>&gt; Quand j'arrive e stade, j'obtiens une page 'Easyphp' (on voit</s>
    <s>&gt; clairement</s>
    <s>&gt; le logo noir et rouge d'Easyphp en haut de la page, auche)</s>
    <s>&gt; et au centre de cette page, on apert, it en tout petit l'inscription</s>
    <s>&gt; 'PMB'. Ce doit doit e je suppose, la base de donn PMB vide.</s>
    <s>&gt; Et si je clique sur cette inscription 'PMB', rien ne se passe </s>
    <s>&gt; Ensuite, je dois ouvrir une page Firefox et encoder :</s>
    <s>&gt; http://localhost/pmb/tables/install.php dans la barre d'adresse, mais</s>
    <s>&gt; Firefox ne trouve pas cette page.</s>
    <s>&gt; Il me dit qu'elle n'existe pas.</s>
    <s>&gt; J'arrive donc a 6 pe du tutoriel, et je n'arrive pas ller plus</s>
    <s>&gt; loin.</s>
    <s>&gt; Bien ous,</s>
    <s>&gt; Eve Herbint</s>
    <s>&gt; ----- Original Message ----- From: &quot;Anne-Marie CUBAT&quot; &lt;</s>
    <s>&gt; annemarie.cubat at gmail.com&gt;</s>
    <s>&gt; To: &quot;Liste de diffusion des utilisateurs de PMB / PMB Users list&quot; &lt;</s>
    <s>&gt; pmb-user at pmbservices.fr&gt;</s>
    <s>&gt; Sent: Monday, January 17, 2011 6:56 PM</s>
    <s>&gt; Subject: Re: Pmb-user SOS restauration (suite2)!!!!!!!!!!!!!!</s>
    <s>&gt; Bonsoir,</s>
    <s>&gt; Je ne comprends pas bien oa coince.</s>
    <s>&gt; Si vous avez dmpresse zip de la doc de PMB dans pmb\doc, le</s>
    <s>&gt; rrtoire</s>
    <s>&gt; documentation se crautomatiquement.</s>
    <s>&gt; Peut-e avez-vous dmpresse zip ailleurs?</s>
    <s>&gt; Parcourez l'arborescence avec Windows Explorer, et si nssaire, dacez</s>
    <s>&gt; le sous-rrtoire documentation et son contenu, et amenez-le dans</s>
    <s>&gt; pmb\doc.</s>
    <s>&gt; D'autre part, l'absence de documentation n'empe pas PMB de fonctionner.</s>
    <s>&gt; Et lorsque vous dites :</s>
    <s>&gt; &quot;Dans le navigateur, saisir l'adresse</s>
    <s>&gt; http://localhost/pmb/tables/install.php &gt;&gt;&gt;&gt; donc, forcnt, quand je</s>
    <s>&gt; vais</s>
    <s>&gt; dans mon navigateur (Firefox ou Internet Explorer je suppose), lorsque je</s>
    <s>&gt; tape cette adresse, j'ai PMB, mais rien ne fonctionne quand je clique</s>
    <s>&gt; dessus &quot;</s>
    <s>&gt; Rien ne fonctionne quand vous cliquez sur quoi? Sur l'icdu point</s>
    <s>&gt; d'interrogation (aide)?</s>
    <s>&gt; L'adresse http://localhost/pmb/tables/install.php permet de cr une base</s>
    <s>&gt; vide, ensuite, comme expliquans le tutoriel, vous y accz par</s>
    <s>&gt; l'adresse</s>
    <s>&gt; http://localhost/pmb/ &lt;http://localhost/pmb/tables/install.php&gt; et admin</s>
    <s>&gt; (comme login et comme mot de passe).</s>
    <s>&gt; Pourriez-vous prser ce qui ne va pas? PMB ou l'aide de PMB?</s>
    <s>&gt; N.B. Prenez de prrence Firefox comme navigateur, IE pose beaucoup de</s>
    <s>&gt; probls.</s>
    <s>&gt; Bonne soir</s>
    <s>&gt; Anne-Marie Cubat</s>
    <s>&gt; Le 17 janvier 2011 16:12, Eve Herbint &lt;eve.herbint at isjlalouviere.be&gt; a</s>
    <s>&gt; it</s>
    <s>&gt; :</s>
    <s>&gt; Bonjour Anne-Marie,</s>
    <s>&gt;&gt; Je suis presque arrivnstaller PMB sur mon ordi, mais il bloque.</s>
    <s>&gt;&gt; J'ai suivi vos tutoriels, mais coince a 6 pe :</s>
    <s>&gt;&gt; Dmpresser le fichier zip de documentation de PMB dans le rrtoire</s>
    <s>&gt;&gt; pmb\doc &gt;&gt;&gt; c'est ok</s>
    <s>&gt;&gt; o Aprdmpression, vous devez obtenir l'arborescence suivante :</s>
    <s>&gt;&gt; o c:\Easyphp5.2.10\www\ pmb\doc\documentation\ &gt;&gt;&gt;&gt; j'arrive jusqu'/I&gt;&gt;&gt; &quot;doc&quot;,</s>
    <s>&gt;&gt; mais je n'ai pas la &quot;documentation&quot;</s>
    <s>&gt;&gt; Dans le navigateur, saisir l'adresse</s>
    <s>&gt;&gt; http://localhost/pmb/tables/install.php &gt;&gt;&gt;&gt; donc, forcnt, quand je</s>
    <s>&gt;&gt; vais dans mon navigateur (Firefox ou Internet Explorer je suppose),</s>
    <s>&gt;&gt; lorsque</s>
    <s>&gt;&gt; je tape cette adresse, j'ai PMB, mais rien ne foctionne quand je clique</s>
    <s>&gt;&gt; dessus </s>
    <s>&gt;&gt; Merci d'avance,</s>
    <s>&gt;&gt; Eve Herbint</s>
    <s>&gt;&gt; (Documentaliste)</s>
    <s>&gt;&gt; ----- Original Message ----- From: &quot;Anne-Marie CUBAT&quot; &lt;</s>
    <s>&gt;&gt; annemarie.cubat at gmail.com&gt;</s>
    <s>&gt;&gt; To: &quot;Liste de diffusion des utilisateurs de PMB / PMB Users list&quot; &lt;</s>
    <s>&gt;&gt; pmb-user at pmbservices.fr&gt;</s>
    <s>&gt;&gt; Sent: Saturday, January 15, 2011 6:43 PM</s>
    <s>&gt;&gt; Subject: Re: Pmb-user SOS restauration (suite2)!!!!!!!!!!!!!!</s>
    <s>&gt;&gt; Bonsoir,</s>
    <s>&gt;&gt; Tu peux suivre pas as mes tutoriels.</s>
    <s>&gt;&gt; Pour installer EasyPhp 5.2.10 et yaz</s>
    <s>&gt;&gt; http://amcubat.be/docpmb/pmb-installation-windows-easyphp5210</s>
    <s>&gt;&gt; (Rappel : il y a sur cette page un zip qui contient toutes les dll de yaz</s>
    <s>&gt;&gt; dont tu as besoin).</s>
    <s>&gt;&gt; http://amcubat.be/docpmb/wp-content/uploads/pmb-installation-windows-easyphp5210.pdf</s>
    <s>&gt;&gt; N.B. Si tu travailles avec Vista ou Windows 7, installe EasyPhp a</s>
    <s>&gt;&gt; racine</s>
    <s>&gt;&gt; de c:\ et non pas dans c:\Program Files, cela fonctionne mieux.</s>
    <s>&gt;&gt; Pour restaurer ton ancienne base</s>
    <s>&gt;&gt; http://amcubat.be/docpmb/pmb-reinstallation-windows</s>
    <s>&gt;&gt; http://amcubat.be/docpmb/wp-content/uploads/pmb-reinstallation-windows.pdf</s>
    <s>&gt;&gt; Bien si c'est une base &quot;Bretagne&quot;, il faut aussi tenir compte des</s>
    <s>&gt;&gt; indications sur Citc.</s>
    <s>&gt;&gt; Ce n'est qu'aprrestauration de l'ancienne base que tu peux &quot;aser&quot;</s>
    <s>&gt;&gt; l'ancienne version de PMB, la remplacer par la 3.3.9, mettre our ta</s>
    <s>&gt;&gt; base,</s>
    <s>&gt;&gt; et la rdexer.</s>
    <s>&gt;&gt; N.B. A propos des mots de passe</s>
    <s>&gt;&gt; Ne crpas de mot de passe pour l'utilisateur &quot;root&quot; de EasyPhp, car il</s>
    <s>&gt;&gt; y</s>
    <s>&gt;&gt; a</s>
    <s>&gt;&gt; l'une ou l'autre petite subtilit connae dans ce cas.</s>
    <s>&gt;&gt; Je suis en train de rger des explications e propos, mais ce n'est</s>
    <s>&gt;&gt; pas</s>
    <s>&gt;&gt; encore termin &gt;&gt; Contente-toi de supprimer et de cr un mot de passe pour ta base PMB.</s>
    <s>&gt;&gt; Bonne chance !</s>
    <s>&gt;&gt; Anne-Marie</s>
    <s>&gt;&gt; Le 15 janvier 2011 17:59, Franse Rossignol &lt;fransignol at gmail.com&gt; a</s>
    <s>&gt;&gt; it</s>
    <s>&gt;&gt; :</s>
    <s>&gt;&gt; Bonjour,</s>
    <s>&gt;&gt;&gt; Merci beaucoup Anne-Marie pour les explications prses et surtout pour</s>
    <s>&gt;&gt;&gt; le</s>
    <s>&gt;&gt;&gt; plan d'extion des options d'installation.</s>
    <s>&gt;&gt;&gt; J'avais assist tes confnces en 2009 et je reconnais ton style tr &gt;&gt;&gt; clair; Merci!</s>
    <s>&gt;&gt;&gt; Je vais essayer tout cela tranquillement (zen!).</s>
    <s>&gt;&gt;&gt; Je te tiendrai au courant: j'essaie d'abord en local et puis sur un</s>
    <s>&gt;&gt;&gt; serveur</s>
    <s>&gt;&gt;&gt; et j'esp aboutir.</s>
    <s>&gt;&gt;&gt; A bient/I&gt;&gt;&gt;&gt;</s>
    <s>&gt;&gt;&gt; Franse</s>
    <s>&gt;&gt;&gt; Le 14 janvier 2011 11:52, Anne-Marie CUBAT &lt;annemarie.cubat at gmail.com&gt; a</s>
    <s>&gt;&gt;&gt; it :</s>
    <s>&gt;&gt;&gt; &gt; Bonjour,</s>
    <s>&gt;&gt;&gt; &gt;</s>
    <s>&gt;&gt;&gt; &gt; Je vous cite</s>
    <s>&gt;&gt;&gt; &gt;</s>
    <s>&gt;&gt;&gt; &gt; WARNING</s>
    <s>&gt;&gt;&gt; &gt; If you set a new password for the 'root' user, you will not be able to</s>
    <s>&gt;&gt;&gt; &gt; access PhpMyAdmin anymore. You will need to re-configure PhpMyAdmin :</s>
    <s>&gt;&gt;&gt; &gt; Edit &quot;phpmyadmin\config.inc.php&quot;</s>
    <s>&gt;&gt;&gt; &gt; Set your new password ($cfgServers$i'password' = 'newpassword')</s>
    <s>&gt;&gt;&gt; &gt;</s>
    <s>&gt;&gt;&gt; &gt; J'te donc phpmyadmin\config.inc.php et je remplace '' par 'admin'</s>
    <s>&gt;&gt;&gt; &gt; et</s>
    <s>&gt;&gt;&gt; &gt;&gt;&gt; &gt; ne va toujours pas.</s>
    <s>&gt;&gt;&gt; &gt;</s>
    <s>&gt;&gt;&gt; &gt; Fin de citation</s>
    <s>&gt;&gt;&gt; &gt;</s>
    <s>&gt;&gt;&gt; &gt;</s>
    <s>&gt;&gt;&gt; &gt; Pour complr ce que Eric disait</s>
    <s>&gt;&gt;&gt; &gt;</s>
    <s>&gt;&gt;&gt; &gt; Quelques infos pour que vous compreniez mieux ce qui se passe</s>
    <s>&gt;&gt;&gt; &gt;</s>
    <s>&gt;&gt;&gt; &gt;</s>
    <s>&gt;&gt;&gt; &gt; Le mot de passe de PhpMyAdmin n'a rien oir avec le mot de passe de</s>
    <s>&gt;&gt;&gt; &gt; &gt;</s>
    <s>&gt;&gt;&gt; la</s>
    <s>&gt;&gt;&gt; &gt; base PMB.</s>
    <s>&gt;&gt;&gt; &gt;</s>
    <s>&gt;&gt;&gt; &gt; Vous pouvez employer &quot;admin&quot; si vous voulez, mais l'est pas le</s>
    <s>&gt;&gt;&gt; probl.</s>
    <s>&gt;&gt;&gt; &gt;</s>
    <s>&gt;&gt;&gt; &gt; Le mot de passe de l'utilisateur &quot;roor&quot; n'est pas indispensable si</s>
    <s>&gt;&gt;&gt; &gt; vous</s>
    <s>&gt;&gt;&gt; &gt; travaillez en local uniquement, mais si votre ordinateur est</s>
    <s>&gt;&gt;&gt; &gt; accessible</s>
    <s>&gt;&gt;&gt; par</s>
    <s>&gt;&gt;&gt; &gt; l'Intranet, il est conseill'en cr un afin d'ter que n'importe</s>
    <s>&gt;&gt;&gt; qui</s>
    <s>&gt;&gt;&gt; &gt; ne puisse, via le rau, supprimer votre base bibli.</s>
    <s>&gt;&gt;&gt; &gt; L'utilisateur root peut cr ou supprimer des bases, mais pas &gt;</s>
    <s>&gt;&gt;&gt; uniquement</s>
    <s>&gt;&gt;&gt; &gt; pour PMB, aussi pour tout autre logiciel qui emploie MySQL et Php, par</s>
    <s>&gt;&gt;&gt; &gt; exemple un logiciel pour gr un site Web (CMS).</s>
    <s>&gt;&gt;&gt; &gt;</s>
    <s>&gt;&gt;&gt; &gt; Outre le mot de passe de l'utilisateur root, chaque base de donn</s>
    <s>&gt;&gt;&gt; cr</s>
    <s>&gt;&gt;&gt; &gt; a</s>
    <s>&gt;&gt;&gt; &gt; son propre mot de passe, et admin est donc le mot de passe par dut</s>
    <s>&gt;&gt;&gt; &gt; &gt;</s>
    <s>&gt;&gt;&gt; de</s>
    <s>&gt;&gt;&gt; &gt; PMB.</s>
    <s>&gt;&gt;&gt; &gt;</s>
    <s>&gt;&gt;&gt; &gt; Si vous avez dprimer et recr un mot de passe admin, ce n'est &gt;</s>
    <s>&gt;&gt;&gt; pas</s>
    <s>&gt;&gt;&gt; la</s>
    <s>&gt;&gt;&gt; &gt; faute de PMB (qui dans cette affaire est blanc comme neige !)</s>
    <s>&gt;&gt;&gt; &gt; Comme je l'explique sur mon site (voir liens dans l'autre message que</s>
    <s>&gt;&gt;&gt; j'ai</s>
    <s>&gt;&gt;&gt; &gt; post la cle cryptage varie selon la version de MySql employ</s>
    <s>&gt;&gt;&gt; &gt; Puisque</s>
    <s>&gt;&gt;&gt; &gt; vous passez d'une version 4 ne version 5, il faut recr le mot de</s>
    <s>&gt;&gt;&gt; &gt; passe.</s>
    <s>&gt;&gt;&gt; &gt;</s>
    <s>&gt;&gt;&gt; &gt;</s>
    <s>&gt;&gt;&gt; &gt; Lisez les documents que j'ai publi vous comprendrez mieux ce qui se</s>
    <s>&gt;&gt;&gt; &gt; passe</s>
    <s>&gt;&gt;&gt; &gt; et donc mieux ce que vous devez faire.</s>
    <s>&gt;&gt;&gt; &gt;</s>
    <s>&gt;&gt;&gt; &gt; Dans l'ordre :</s>
    <s>&gt;&gt;&gt; &gt; 1) installer EasyPhp et le configurer correctement - toutes les</s>
    <s>&gt;&gt;&gt; extensions</s>
    <s>&gt;&gt;&gt; &gt; y</s>
    <s>&gt;&gt;&gt; &gt; compris</s>
    <s>&gt;&gt;&gt; &gt; 2) cr une base vide - avec l'ancienne version de PMB</s>
    <s>&gt;&gt;&gt; &gt; 3) restaurer votre ancienne base</s>
    <s>&gt;&gt;&gt; &gt; 4) aser l'ancienne version de PMB et la remplacer par la 3.3.9</s>
    <s>&gt;&gt;&gt; &gt; 5) mettre our votre base de donn et rdexer les champs</s>
    <s>&gt;&gt;&gt; &gt;</s>
    <s>&gt;&gt;&gt; &gt;</s>
    <s>&gt;&gt;&gt; &gt; Bon courage !</s>
    <s>&gt;&gt;&gt; &gt;</s>
    <s>&gt;&gt;&gt; &gt; Restez zen ;-)</s>
    <s>&gt;&gt;&gt; &gt; La &quot;zen attitude&quot; accre la restauration des donn, c'est prouv/I&gt;&gt;&gt;&gt; &gt; statistiquement ;-)</s>
    <s>&gt;&gt;&gt; &gt;</s>
    <s>&gt;&gt;&gt; &gt;</s>
    <s>&gt;&gt;&gt; &gt; Anne-Marie Cubat</s>
    <s>&gt;&gt;&gt; &gt;</s>
    <s>&gt;&gt;&gt; &gt;</s>
    <s>&gt;&gt;&gt; &gt; Le 14 janvier 2011 06:39, Eric ROBERT &lt;erobert at sigb.net&gt; a it :</s>
    <s>&gt;&gt;&gt; &gt;</s>
    <s>&gt;&gt;&gt; &gt; &gt; Bonjour,</s>
    <s>&gt;&gt;&gt; &gt; &gt;</s>
    <s>&gt;&gt;&gt; &gt; &gt; les pb qun'ont rien oir avec la sauvergarde restauration de</s>
    <s>&gt;&gt;&gt; &gt; PMB </s>
    <s>&gt;&gt;&gt; &gt; &gt; C'est comme si vous passiez de Windows inux, ne pas pouvoir</s>
    <s>&gt;&gt;&gt; &gt; &gt; ouvrir</s>
    <s>&gt;&gt;&gt; vos</s>
    <s>&gt;&gt;&gt; &gt; &gt; documents OpenOffice ne serait en rien imputable os documents</s>
    <s>&gt;&gt;&gt; &gt; OpenOffice</s>
    <s>&gt;&gt;&gt; &gt; &gt; !</s>
    <s>&gt;&gt;&gt; &gt; &gt;</s>
    <s>&gt;&gt;&gt; &gt; &gt; Faites fonctionner vos extensions EasyPHP, installez PhpMyAdmin et</s>
    <s>&gt;&gt;&gt; &gt; &gt; transfr PMB APRES ;-)</s>
    <s>&gt;&gt;&gt; &gt; &gt;</s>
    <s>&gt;&gt;&gt; &gt; &gt; Cordialement,</s>
    <s>&gt;&gt;&gt; &gt; &gt;</s>
    <s>&gt;&gt;&gt; &gt; &gt; Eric ROBERT</s>
    <s>&gt;&gt;&gt; &gt; &gt; Direction grale</s>
    <s>&gt;&gt;&gt; &gt; &gt; --------------------------</s>
    <s>&gt;&gt;&gt; &gt; &gt; PMB Services www.sigb.net</s>
    <s>&gt;&gt;&gt; &gt; &gt; ZA de Mont sur Loir</s>
    <s>&gt;&gt;&gt; &gt; &gt; BP 10 023</s>
    <s>&gt;&gt;&gt; &gt; &gt; 72500 CHATEAU DU LOIR</s>
    <s>&gt;&gt;&gt; &gt; &gt; Tel: +33 (0)2 43 440 660</s>
    <s>&gt;&gt;&gt; &gt; &gt;</s>
    <s>&gt;&gt;&gt; &gt; &gt; ----- Original Message ----- From: &quot;Franse Rossignol&quot; &lt;</s>
    <s>&gt;&gt;&gt; &gt; &gt; fransignol at gmail.com&gt;</s>
    <s>&gt;&gt;&gt; &gt; &gt; To: &quot;Liste diffusion pmb&quot; &lt;pmb-user at pmbservices.fr&gt;</s>
    <s>&gt;&gt;&gt; &gt; &gt; Sent: Thursday, January 13, 2011 11:30 PM</s>
    <s>&gt;&gt;&gt; &gt; &gt; Subject: Pmb-user SOS restauration (suite2)!!!!!!!!!!!!!!</s>
    <s>&gt;&gt;&gt; &gt; &gt;</s>
    <s>&gt;&gt;&gt; &gt; &gt;</s>
    <s>&gt;&gt;&gt; &gt; &gt;</s>
    <s>&gt;&gt;&gt; &gt; &gt; Bonjour,</s>
    <s>&gt;&gt;&gt; &gt; &gt;</s>
    <s>&gt;&gt;&gt; &gt; &gt; Je pensais que ma restauration avait fonctionnais j'ai constat &gt;&gt;&gt; &gt; &gt; de</s>
    <s>&gt;&gt;&gt; &gt; &gt; nouveaux probls:</s>
    <s>&gt;&gt;&gt; &gt; &gt; En cliquant dans la barre des tes sur le &quot;E&quot; de EasyPHP, je</s>
    <s>&gt;&gt;&gt; constate:</s>
    <s>&gt;&gt;&gt; &gt; &gt;</s>
    <s>&gt;&gt;&gt; &gt; &gt; - Configuration/ExtesionsPHP: il n'y en a aucune donc la recherche</s>
    <s>&gt;&gt;&gt; &gt; Z39.50</s>
    <s>&gt;&gt;&gt; &gt; &gt; ne fonctionne pas</s>
    <s>&gt;&gt;&gt; &gt; &gt; - Configuration/phpmyadmin:</s>
    <s>&gt;&gt;&gt; &gt; &gt; Objet non trouv &gt;&gt;&gt; &gt; &gt;</s>
    <s>&gt;&gt;&gt; &gt; &gt; L'URL requise n'a pu etre trouvsur ce serveur. Si vous avez tap/I&gt;&gt;&gt;&gt; &gt; l'URL</s>
    <s>&gt;&gt;&gt; &gt; &gt; a main, veuillez vfier l'orthographe et rsayer.</s>
    <s>&gt;&gt;&gt; &gt; &gt;</s>
    <s>&gt;&gt;&gt; &gt; &gt; Si vous pensez qu'il s'agit d'une erreur du serveur, veuillez</s>
    <s>&gt;&gt;&gt; contacter</s>
    <s>&gt;&gt;&gt; &gt; &gt; le gestionnaire du site &lt;admin at localhost&gt;.</s>
    <s>&gt;&gt;&gt; &gt; &gt; Error 404 127.0.0.1</s>
    <s>&gt;&gt;&gt; &gt; &gt; 01/13/11 23:21:48</s>
    <s>&gt;&gt;&gt; &gt; &gt; Apache/2.2.13 (Win32) PHP/5.2.10</s>
    <s>&gt;&gt;&gt; &gt; &gt;</s>
    <s>&gt;&gt;&gt; &gt; &gt;</s>
    <s>&gt;&gt;&gt; &gt; &gt;</s>
    <s>&gt;&gt;&gt; &gt; &gt; - Administration: je lis:</s>
    <s>&gt;&gt;&gt; &gt; &gt;</s>
    <s>&gt;&gt;&gt; &gt; &gt; WARNING</s>
    <s>&gt;&gt;&gt; &gt; &gt; If you set a new password for the 'root' user, you will not be able</s>
    <s>&gt;&gt;&gt; &gt; &gt; &gt;</s>
    <s>&gt;&gt;&gt; &gt; to</s>
    <s>&gt;&gt;&gt; &gt; &gt; access PhpMyAdmin anymore. You will need to re-configure PhpMyAdmin</s>
    <s>&gt;&gt;&gt; &gt; &gt; :</s>
    <s>&gt;&gt;&gt; &gt; &gt; Edit &quot;phpmyadmin\config.inc.php&quot;</s>
    <s>&gt;&gt;&gt; &gt; &gt; Set your new password ($cfgServers$i'password' = 'newpassword')</s>
    <s>&gt;&gt;&gt; &gt; &gt;</s>
    <s>&gt;&gt;&gt; &gt; &gt; J'te donc phpmyadmin\config.inc.php et je remplace '' par 'admin'</s>
    <s>&gt;&gt;&gt; &gt; &gt; &gt;</s>
    <s>&gt;&gt;&gt; &gt; et</s>
    <s>&gt;&gt;&gt; &gt; &gt;&gt;&gt; &gt; &gt; ne va toujours pas.</s>
    <s>&gt;&gt;&gt; &gt; &gt;</s>
    <s>&gt;&gt;&gt; &gt; &gt; Evidemment, la procre de migration oblige ffacer le mot de &gt; &gt;</s>
    <s>&gt;&gt;&gt; passe</s>
    <s>&gt;&gt;&gt; de</s>
    <s>&gt;&gt;&gt; &gt; &gt; l'administrateur et donc cela crdes probls!</s>
    <s>&gt;&gt;&gt; &gt; &gt;</s>
    <s>&gt;&gt;&gt; &gt; &gt; C'est vraiment gal, ce passage a version EasyPHP5.2.10 et</s>
    <s>&gt;&gt;&gt; &gt; &gt; PMB3.3.9!!!!!!!!!!!!!!</s>
    <s>&gt;&gt;&gt; &gt; &gt;</s>
    <s>&gt;&gt;&gt; &gt; &gt; Franse</s>
    <s>&gt;&gt;&gt; &gt; &gt; &lt;&gt; &lt;&gt;</s>
    <s>&gt;&gt;&gt; &gt; &gt; &lt;&gt; &lt;&gt;</s>
    <s>&gt;&gt;&gt; &gt; &gt;</s>
    <s>&gt;&gt;&gt; &gt; &gt; Pmb-user mailing list</s>
    <s>&gt;&gt;&gt; &gt; &gt; Pmb-user at pmbservices.fr</s>
    <s>&gt;&gt;&gt; &gt; &gt; http://lists.pmbservices.fr/cgi-bin/mailman/listinfo/pmb-user</s>
    <s>&gt;&gt;&gt; &gt; &gt;</s>
    <s>&gt;&gt;&gt; &gt; &gt;</s>
    <s>&gt;&gt;&gt; &gt; &gt; Pmb-user mailing list</s>
    <s>&gt;&gt;&gt; &gt; &gt; Pmb-user at pmbservices.fr</s>
    <s>&gt;&gt;&gt; &gt; &gt; http://lists.pmbservices.fr/cgi-bin/mailman/listinfo/pmb-user</s>
    <s>&gt;&gt;&gt; &gt; &gt;</s>
    <s>&gt;&gt;&gt; &gt;</s>
    <s>&gt;&gt;&gt; &gt; Pmb-user mailing list</s>
    <s>&gt;&gt;&gt; &gt; Pmb-user at pmbservices.fr</s>
    <s>&gt;&gt;&gt; &gt; http://lists.pmbservices.fr/cgi-bin/mailman/listinfo/pmb-user</s>
    <s>&gt;&gt;&gt; &gt;</s>
    <s>&gt;&gt;&gt; &lt;&gt; &lt;&gt;</s>
    <s>&gt;&gt;&gt; &lt;&gt; &lt;&gt;</s>
    <s>&gt;&gt;&gt; Pmb-user mailing list</s>
    <s>&gt;&gt;&gt; Pmb-user at pmbservices.fr</s>
    <s>&gt;&gt;&gt; http://lists.pmbservices.fr/cgi-bin/mailman/listinfo/pmb-user</s>
    <s>&gt;&gt; Pmb-user mailing list</s>
    <s>&gt;&gt; Pmb-user at pmbservices.fr</s>
    <s>&gt;&gt; http://lists.pmbservices.fr/cgi-bin/mailman/listinfo/pmb-user</s>
    <s>&gt;&gt; Pmb-user mailing list</s>
    <s>&gt;&gt; Pmb-user at pmbservices.fr</s>
    <s>&gt;&gt; http://lists.pmbservices.fr/cgi-bin/mailman/listinfo/pmb-user</s>
    <s>&gt; Pmb-user mailing list</s>
    <s>&gt; Pmb-user at pmbservices.fr</s>
    <s>&gt; http://lists.pmbservices.fr/cgi-bin/mailman/listinfo/pmb-user</s>
    <s>&gt; Pmb-user mailing list</s>
    <s>&gt; Pmb-user at pmbservices.fr</s>
    <s>&gt; http://lists.pmbservices.fr/cgi-bin/mailman/listinfo/pmb-user</s>
    <s>Pmb-user mailing list</s>
    <s>Pmb-user at pmbservices.fr</s>
    <s>Message prdent: [Pmb-user impossible d'aller dans l'onglet 'Administration&quot; ]</s>
    <s>Message suivant: [Pmb-user SOS restauration (suite2)!!!!!!!!!!!!!]</s>
    <s>Messages tries par: [ date ] [ thread ] [ objet ] [ auteur ]</s>
    <s>Plus d'informations sur la liste de diffusion Pmb-user</s>
  </text>
</page>
