<?xml version="1.0" encoding="UTF-8"?>
<!DOCTYPE page SYSTEM "page.dtd">
<page>
  <lang>fr</lang>
  <url>http://pgtrouillet.pagesperso-orange.fr/nouvellepage2.htm</url>
  <title>Publications classées par ordre chronologique</title>
  <snippet>
    <s>P. TROUILLET, Article accepté par la revue &quot; Gestion hospitalière &quot;, en cours de P. TROUILLET, Actes du colloque &quot;Risque et génie civil&quot; organisé par le of the Third CANMET / American concrete Institute International Conference on </s>
  </snippet>
  <text>
    <s>!Publications par date</s>
    <s>Publications dans le domaine des Travaux Publics et du Bment</s>
    <s>Maintenance de bments d'un centre hospitalier spalisassur l'analyse des risques et leur criticit/b&gt;</s>
    <s>G. CHAMBRY</s>
    <s>P. TROUILLET</s>
    <s>Article acceptar la revue &quot; Gestion hospitali &quot;, en cours de publication</s>
    <s>Repairing the &quot;Val de Durance&quot; viaduct on the A51 autoroute</s>
    <s>F. MENUEL</s>
    <s>J.M. TANIS</s>
    <s>P. TROUILLET</s>
    <s>J.C. BASTET</s>
    <s>Proceedings of the First FIB Congress</s>
    <s>Osaka (Japan)</s>
    <s>Fire consequences on motorway bridges</s>
    <s>P. TROUILLET</s>
    <s>International Symposium of the Association for Bridges and Structural Engineering &quot;Safety, Risk, and Reliability / Trends in Engineering&quot;</s>
    <s>Rration du viaduc du val de Durance</s>
    <s>R. BONDIL</s>
    <s>P. TROUILLET</s>
    <s>J.C. BASTET</s>
    <s>Revue Travaux, n780</s>
    <s>pp. 37-45</s>
    <s>Gestion d'un patrimoine d'ouvrages d'arts</s>
    <s>G. BAILLEMONT</s>
    <s>G. DELFOSSE</s>
    <s>JF. DERUYTER</s>
    <s>B. GODART</s>
    <s>C. LENOIR</s>
    <s>J. TESTON</s>
    <s>P. TROUILLET</s>
    <s>Actes du Colloque ASFA 2000 publidans la Revue Grale des Routes et Adromes, hors se n 1</s>
    <s>pp. 47-52</s>
    <s>Effondrement d'un passage supeur par choc de poids lourd: alrare ? parade impossible ?</s>
    <s>P. TROUILLET</s>
    <s>Bulletin dinformation Route n 56/2000 du CETE de Lyon</s>
    <s>pp. 19-21</s>
    <s>Suivi prntif des ponts autoroutiers du rau conc</s>
    <s>P. TROUILLET</s>
    <s>Actes du colloque &quot;Risque et ge civil&quot; organisar le groupement frans des associations de ge civil G2C UNESCO</s>
    <s>8 p.</s>
    <s>Paris (France)</s>
    <s>uipement des T.P.C. des ouvrages d'art franchissant des zones nvironnement sensible</s>
    <s>M. FRAGNET</s>
    <s>P. TROUILLET</s>
    <s>M. LOUBAT</s>
    <s>Y. GASCOIN M.BERNADON</s>
    <s>Note dinformation ouvrages dart du SETRA n23</s>
    <s>pp. 4</s>
    <s>Adapter les ouvrages d'arts autoroutiers a croissance du trafic</s>
    <s>P. TROUILLET</s>
    <s>3 Colloque AFGC/ INSA sur les ouvrages dart</s>
    <s>15 p.</s>
    <s>Toulouse (France)</s>
    <s>Rblissements des communications sur autoroutes: qui est responsable des ouvrages ?</s>
    <s>P. TROUILLET</s>
    <s>T. SPORTOUCHE</s>
    <s>Les annales de la voirie, n 44</s>
    <s>pp. 16-18</s>
    <s>Co maintenance des ouvrages d'arts autoroutiers</s>
    <s>P. TROUILLET</s>
    <s>Revue arts et industries, n 239</s>
    <s>pp. 17-20</s>
    <s>Incendies des ouvrages d'art</s>
    <s>P. TROUILLET</s>
    <s>J.P. BRUNET</s>
    <s>Manifestations, consences, cas des ouvrages rntrainte exteure. Bulletin de liaison des Laboratoires des ponts et chauss n 209, ref 4101</s>
    <s>pp. 35-48</s>
    <s>Quinze ann de revue &quot;ARTS ET INDUSTRIES&quot;</s>
    <s>P. TROUILLET</s>
    <s>Revue arts et industries, n242</s>
    <s>pp. 3-18</s>
    <s>Entretien des ouvrages d'arts autoroutiers</s>
    <s>P. TROUILLET</s>
    <s>Journ ENPC &quot;Gr un patrimoine autoroutier&quot;</s>
    <s>6 p.</s>
    <s>Conception des passerelles autoroutis</s>
    <s>P. TROUILLET</s>
    <s>Journ ENPC &quot;Concevoir des passerelles&quot;</s>
    <s>36 p.</s>
    <s>Les autoroutes e en 10 questions</s>
    <s>P. TROUILLET</s>
    <s>Revue arts et industries, n 238</s>
    <s>pp. 13-18</s>
    <s>Quel budget pour les ouvrages d'art ?</s>
    <s>P. TROUILLET</s>
    <s>Exposux journ Administration / Socis dAutoroutes</s>
    <s>3 p.</s>
    <s>St-Raphael (France)</s>
    <s>Combien co'entretien des ouvrages d'art ?</s>
    <s>P. TROUILLET</s>
    <s>Bulletin ouvrages d'art du SETRA, n18</s>
    <s>pp. 41-43</s>
    <s>Rbilitation des ouvrages autoroutiers en France: approche technico-nomique</s>
    <s>P. TROUILLET</s>
    <s>G. GRIMALDI</s>
    <s>G. OLIVIER</s>
    <s>P. ROENELLE</s>
    <s>P. BARRAY</s>
    <s>F. MELIN</s>
    <s>S. BARBAUX</s>
    <s>Proceedings of the Third CANMET / American concrete Institute International Conference on Durability of Concrete</s>
    <s>13 p.</s>
    <s>Nice (France)</s>
    <s>Passerelles et autres ouvrages construits en traversd'une autoroute conce: recommandations</s>
    <s>P. TROUILLET (rapporteur)</s>
    <s>Document collectif RCA : Socis dautoroutes prntux journ Administration / Socis dAutoroutes</s>
    <s>36 p.</s>
    <s>Annemasse (France)</s>
    <s>Co maintenance des ouvrages d'art autoroutiers</s>
    <s>P. TROUILLET</s>
    <s>Actes du colloque International &quot;Gestion des ouvrages d'art&quot;, tar les presses de l'ENPC</s>
    <s>pp. 587-596</s>
    <s>Paris (France)</s>
    <s>Co global des ipements des ouvrages d'art autoroutiers frans</s>
    <s>P. TROUILLET</s>
    <s>Actes du colloque International &quot; Gestion des ouvrages d'art &quot;, tar les presses de l'ENPC</s>
    <s>pp. 573-586</s>
    <s>Paris (France)</s>
    <s>olution des ouvrages d'art des socis d'autoroutes</s>
    <s>P. TROUILLET</s>
    <s>Journ d'des sur l'lution de la conception et de la risation des ponts de grandes et moyennes port CEIFICI-SETRA-AFPC</s>
    <s>p. 21</s>
    <s>Paris (France)</s>
    <s>Cos ipements</s>
    <s>P TROUILLET</s>
    <s>Journ d'des ENPC &quot;Derniers dloppements des ipements d'ouvrages&quot;</s>
    <s>18 p.</s>
    <s>Paris (France)</s>
    <s>A propos des chocs sur les ouvrages</s>
    <s>J. NOURISSON</s>
    <s>P. TROUILLET</s>
    <s>R. QUINCY</s>
    <s>J. LE KHAC</s>
    <s>Bulletin ouvrages d'art du SETRA, n 16</s>
    <s>pp. 38-39</s>
    <s>Ouvrages d'art du rau autoroutier conc: donn disponibles</s>
    <s>P. TROUILLET</s>
    <s>Journd'anges &quot; gestion des ouvrages d'art Socis concessionnaires dautoroutes&quot;</s>
    <s>2 p.</s>
    <s>Lyon (France)</s>
    <s>Ouvrages d'art autoroutiers concs: qui fait quoi ?</s>
    <s>J. NOURISSON</s>
    <s>P. TROUILLET</s>
    <s>Bulletin ouvrages d'art du SETRA, n 12</s>
    <s>pp. 28-31</s>
    <s>Incidence de diffnts parames giques sur la rstance au soulment des connecteurs</s>
    <s>H. HAOULANI</s>
    <s>Bulletin de liaison des Laboratoires des ponts et chauss, n 180</s>
    <s>pp. 25-35</s>
    <s>Adapter les res de calcul des ouvrages</s>
    <s>P. TROUILLET</s>
    <s>Journ d'des ENPC &quot;Adapter les ouvrages e nouvelles conditions d'exploitation&quot;</s>
    <s>16 p.</s>
    <s>Paris (France)</s>
    <s>Fatigue des connecteurs en corni pour ossature mixte</s>
    <s>P. TROUILLET</s>
    <s>Bulletin de liaison des Laboratoires des Ponts et Chauss, n 165, r 3457</s>
    <s>pp. 51-64</s>
    <s>Comportement et rstance des connecteurs en corni pour ossatures mixtes</s>
    <s>P. TROUILLET</s>
    <s>J.P. TURCK</s>
    <s>Bulletin de liaison des Laboratoires des Ponts et Chauss, n 167, r 3506</s>
    <s>pp. 37-46</s>
    <s>Diagnosis of reinforced structures</s>
    <s>Ch. PICHOT</s>
    <s>P. TROUILLET</s>
    <s>Proceedings of the NATO Advanced research Workshop 90, BALTIMORE (USA), printed in &quot;Bridge Evaluation, Repair and Rehabilitation&quot;, Kluwer Academic Publishers, NATO series, applied Sciences, vol 187</s>
    <s>Boston (USA)</s>
    <s>Connecteurs en corni pour ossatures mixtes</s>
    <s>P. TROUILLET</s>
    <s>Publians les actes du Symposium International AIPC</s>
    <s>pp. 125-130</s>
    <s>Bruxelles (Belgium)</s>
    <s>Comportement transversal d'un pont mixte sous surcharges</s>
    <s>P. TROUILLET</s>
    <s>A. ROUBY</s>
    <s>Publians les actes du Symposium International AIPC</s>
    <s>pp. 131-136</s>
    <s>Bruxelles (Belgium)</s>
    <s>Active microwave imaging for non-destructive testing in reinforced concrete</s>
    <s>CH. PICHOT</s>
    <s>P. TROUILLET</s>
    <s>Proceedings of the fourth international conference &quot;Structural faults and repair&quot;</s>
    <s>8 p</s>
    <s>London (UK)</s>
    <s>Application de l'imagerie micro-ondes a cartographie des aciers dans le bn armb&gt;</s>
    <s>CH. PICHOT</s>
    <s>P. TROUILLET</s>
    <s>Journd'des AFREM-COFREND &quot; Essais non destructifs sur le bn &quot; du 18/01/89 St-R, et Bulletin de liaison des Laboratoires des Ponts et Chauss, n162, r 3413</s>
    <s>pp. 69-76</s>
    <s>Fatigue dans les ouvrages d'art: cas d'un caisson en bn prntraint</s>
    <s>P. TROUILLET</s>
    <s>Confnce 'ITBTP publi dans les annales de l'ITBTP, n 478</s>
    <s>pp. 108-118</s>
    <s>Bridge and building steel beam embedded in concrete IAN N.D.T. method for geometrical determinations</s>
    <s>P. TROUILLET</s>
    <s>J. CHARBONNIER</s>
    <s>J.P. TURCK</s>
    <s>Proceedings of the fourth international conference &quot;Structural faults and repair&quot;</s>
    <s>6 p.</s>
    <s>London (UK)</s>
    <s>Ouvrages d'art: actions et sollicitations thermiques</s>
    <s>M. BEHR</s>
    <s>P. TROUILLET</s>
    <s>Bulletin de liaison des Laboratoires des Ponts et Chauss, n 155, r 3208</s>
    <s>pp. 57-72</s>
    <s>Fatigue of a partially prestressed concrete bridge</s>
    <s>P. TROUILLET</s>
    <s>J. CARACILLI</s>
    <s>B. GODARD</s>
    <s>B. JACOB</s>
    <s>Proceedings of the International conference &quot;Partial Prestressed Concrete Structures&quot;</s>
    <s>8 p.</s>
    <s>Bratislava (CSSR)</s>
    <s>Profil mlliques anciens: donnsur la gie</s>
    <s>P. TROUILLET</s>
    <s>J. SCHWARTZ</s>
    <s>R. JOLLIOT</s>
    <s>Bulletin de liaison des Laboratoires des Ponts et Chauss, n 157, r 3342</s>
    <s>pp. 3-8</s>
    <s>Mechanical behaviour of a composite concrete structure of the robinson type</s>
    <s>P. TROUILLET</s>
    <s>M.Y. LAU</s>
    <s>Proceedings of the International symposium on composite steel concrete structures - volume 3</s>
    <s>pp. 38-42</s>
    <s>Bratislava (CSSR)</s>
    <s>A model of the behaviour of an angle shear connector</s>
    <s>Proceedings of the International symposium on composite steel concrete structures - volume 3</s>
    <s>pp. 30-38</s>
    <s>Bratislava (CSSR)</s>
    <s>Comportement local de connecteurs acier/bn sollicitau cisaillement</s>
    <s>P. TROUILLET</s>
    <s>Minist de l'Equipement - Rapport des Laboratoires des Ponts et Chauss, se OA n 3</s>
    <s>86 p.</s>
    <s>ude enfatigue d'un pont en bn prntraint sous actions combin du trafic et des gradients thermiques</s>
    <s>B. JACOB</s>
    <s>J. CARACILLI</s>
    <s>B. GODART</s>
    <s>P. TROUILLET</s>
    <s>Bulletin de liaison des Laboratoires des Ponts et Chauss, n 152, r 3255</s>
    <s>pp. 37-48.</s>
    <s>Investigation of fatigue of a prestressed concrete bridge</s>
    <s>J. CARACILLI</s>
    <s>B. GODART</s>
    <s>P. TROUILLET</s>
    <s>Proceedings of the 4th International conference on &quot;Durability of buildings materials and components&quot;</s>
    <s>12 p.</s>
    <s>Singapore (Malaisia)</s>
    <s>BREVET 8912940 relatif ne ossature mixte</s>
    <s>P. TROUILLET</s>
    <s>A. ROUBY</s>
    <s>M. MARCELLIER</s>
    <s>JM. HOTTIER</s>
    <s>BREVET 8903067 relatif ne ossature mixte</s>
    <s>P. TROUILLET</s>
    <s>A. ROUBY</s>
    <s>M. MARCELLIER</s>
  </text>
</page>
