<?xml version="1.0" encoding="UTF-8"?>
<!DOCTYPE page SYSTEM "page.dtd">
<page>
  <lang>fr</lang>
  <url>http://ifla.queenslibrary.org/iv/ifla65/65convf.htm</url>
  <title>Convocation à la 65e Confrérence et au Conseil de l&#39;IFLA</title>
  <snippet>
    <s>12 juil. 1999 Veuillez transmettre ces documents aux délégués votants lors du 65e Conseil de La 65e Conférence générale et le Conseil de l&#39;IFLA se tiendront au BITEC ( Centre Communication du Comité d&#39;organisation thaïlandais </s>
  </snippet>
  <text>
    <s>IN THIS DOCUMENT:</s>
    <s>Le curriculum vitae des candidats</s>
    <s>Point 8 de l'agenda du Conseil</s>
    <s>Point 14 de l'agenda du Conseil</s>
    <s>65th IFLA Council and General</s>
    <s>Bangkok, Thailand, August 20 - August 28, 1999</s>
    <s>Convocation a la 65e Confrerence et au Conseil de l'IFLA</s>
    <s>Aux membres de l'IFLA</s>
    <s>Veuillez transmettre ces documents aux delegues votants lors du 65e Conseil de l'IFLA devant se tenir au BITEC, Bangkok, Thailande, samedi 22 aout et vendredi 27 aout 1999</s>
    <s>Le Bureau executif a le plaisir de vous adresser une invitation a la 65e Conference generale et au Conseil de l'IFLA ainsi que les documents necessaires.</s>
    <s>La 65e Conference generale et le Conseil de l'IFLA se tiendront au BITEC (Centre du commerce international et d'exposition de Bangkok), 8 Bagna Trad Road (km 1), Prakanong, Bangna, Bangkok, Thailande.</s>
    <s>Les reunions du Conseil se tiendront le dimanche 22 aout 1999 de 12h30 a 16h30 et le vendredi 27 aout 1999 de 15h00 a 18h00.</s>
    <s>1. Le vote sur le point 6 de l'agenda, l'election des membres du Bureau executif se tiendra dimanche 22 aout. Les delegues votants doivent prendre place dans les premiers rangs de la salle.</s>
    <s>2. Les delegues votant peuvent obtenir leurs documents au bureau des votes de l'IFLA, situe dans la zone d'enregistrement du BITEC. Le bureau sera ouvert les vendredi 20 aout (14h00-18h00), samedi 21 aout (9h00-19h00) et dimanche 22 aout (9h00-14h00). Les delegues votants doivent se presenter des qu'ils le peuvent au bureau des votes de l'IFLA. Les documents ne seront delivres qu'aux delegues en possession de leur carte de membre 1999, signee par l'autorite competente. Cette carte a ete envoyee a tous les membres (associations et institutions) qui ont paye leur cotisation pour 1999. Les membres ayant paye leur cotisation 1999, mais pas celle de 1998, ne peuvent pas voter, sauf s'ils sont de nouveaux membres qui ont rejoint l'IFLA pour la premiere fois en 1999.</s>
    <s>Tout membre n'ayant pas reçu sa carte de membre 1999 bien qu'ayant paye sa cotisation doit en informer le secretariat de l'IFLA</s>
    <s>3. Representation au Conseil.</s>
    <s>Les articles des statuts et du reglement interieur qui s'appliquent sont :</s>
    <s>Statuts 10.2 Chaque association membre est representee au Conseil par un ou plusieurs delegues, dont un seul peut exercer son droit de vote. Statuts 11.5 Chaque membre peut etre represente par un autre membre de la meme categorie. Reglement interieur 3.2.1 Sauf si le nombre des candidats n'excede pas le nombre des postes vacants, le vote doit etre secret. Reglement interieur 5.2.3 Pour obtenir les documents de vote, les representants votants des membres qualifies ou leurs mandataires doivent etre personnellement presents a l'heure et dans le lieu publiquement annonce par le secretariat avec la carte d'adhesion du membre concerne portant le nom du representant et de son mandataire et la signature de l'autorite competente.</s>
    <s>Dimanche 22 aout 1999, 12h30</s>
    <s>1. Ouverture par la presidente, Christine Deschamps</s>
    <s>2. Adoption de l'Agenda</s>
    <s>3. Salutations des organisations soeurs:</s>
    <s>4. Communication du Comite d'organisation thailandais</s>
    <s>5. Recrutement des scrutateurs pour le vote au point 6</s>
    <s>6. Élection de 4 membres du Bureau executif</s>
    <s>Candidats :</s>
    <s>Membre sortant reeligible pour un dernier mandat de 2 ans :</s>
    <s>M. Børge SØRENSEN (Copenhague, Danemark)</s>
    <s>Nouveaux candidats :</s>
    <s>Mme Claudia LUX (Berlin, Allemagne</s>
    <s>Mme Khunying MAENMAS CHAVALIT (Bangkok, Thailande)</s>
    <s>M. Jeronimo MARTÍNEZ GONZÁLES (Grenade, Espagne)</s>
    <s>Mme Ingrid PARENT (Ottawa, Canada)</s>
    <s>M. Jiangzhong WU (Shanghai, Chine)</s>
    <s>M. Andrei ZEMSKOV (Moscou, Russie)</s>
    <s>Pour le curriculum vitae de ces candidats, voir les pages jaunes en annexe.</s>
    <s>Le Conseil commençant a 12h30 et l'heure de fermeture du bureau de vote etant 14h00, ce point sera retarde jusqu'a la premiere rupture logique de l'agenda, apres 14h15 afin de permettre aux delegues d'obtenir leurs documents de vote.</s>
    <s>7. Presentation des comptes 1997-98 et des previsions budgetaires pour 1999-2000 par le tresorier Derek Law. Pour le detail des comptes, voir l'IFLA Journal 1998 no 4 et 1999 no 4.</s>
    <s>8. Proposition d'augmentation des cotisations pour les membres a titre personnel. (voir l'annexe bleue)</s>
    <s>9. Presentation des rapports annuels 1997/98 par le secretaire general, Ross Shimmon</s>
    <s>10. Presentation du rapport du Bureau professionnel par son president, Sissel Nilsen</s>
    <s>11. Presentation du rapport du Comite sur la liberte d'acces a l'information et la liberte d'expression (FAIFE) par son president Alex Byrne</s>
    <s>12. Presentation du rapport du Comite sur le copyright et autres problemes juridiques par sa presidente Marianne Scott</s>
    <s>13. Rapport du Comite des publications par son president, Klaus-Dieter Lehmann</s>
    <s>14. Rapport du Groupe de travail de l'IFLA sur les statuts et le reglement interieur par Warren Horton. (voir annexe verte)</s>
    <s>15. Resultats des elections</s>
    <s>16. Ajournement du Conseil</s>
    <s>Vendredi 27 aout 1999, 15h00-18h00 (2e session du Conseil et reunion de cloture</s>
    <s>1. Ouverture par la presidente, Christine Deschamps</s>
    <s>2. Motions et resolutions generales (La date limite de depot des motions au secretariat general est le mercredi 25 aout 12h00)</s>
    <s>Reglement interieur , article 2.1.9 :</s>
    <s>Une motion est une proposition d'action pour le Conseil ou l'expression d'une certaine opinion.</s>
    <s>Une motion doit etre appuyee par un membre autre que celui qui emet la motion</s>
    <s>Une motion peut etre presentee oralement dans la salle d'un Conseil, mais doit etre aussi presentee au President par ecrit.</s>
    <s>Une motion ne peut etre presentee et secondee que par le representant d'un membre, par un cadre IFLA (sont considere comme des « cadres IFLA «les categories suivantes : membres du Bureau executif et du Bureau professionnel, directeurs des Programmes fondamentaux, presidents et secretaires des sections et tables rondes)</s>
    <s>Reglement interieur, article 2.1.10 :</s>
    <s>1. On peut distinguer deux types de resolutions : une resolution generale presentee seulement aux reunions du Conseil, une resolution professionnelle presentee aux reunions du Conseil et aux assemblees generales. La date limite de soumission d'une resolution sera donnee par le Secretaire general dans la convocation au Conseil ou a la Conference generale.</s>
    <s>2. Une resolution generale est definie comme une proposition ecrite en vue d'une decision. Une resolution generale ne peut etre presentee et secondee que par le representant d'un membre ou un cadre responsable de l'IFLA.</s>
    <s>3. Une resolution professionnelle est definie comme une proposition ecrite presentant une prise de position ou une intention necessitant une reflexion plus approfondie par un des groupes professionnels de l'IFLA, avant qu'une reelle action soit entreprise.</s>
    <s>Une resolution professionnelle n'a pas besoin d'etre secondee et peut prendre n'importe quelle forme. Elle n'est suivie en general d'aucune discussion sauf si le president a besoin d'eclaircissements.</s>
    <s>Une resolution professionnelle peut etre presentee par tous les representants des associations membres, les responsables des programmes fondamentaux, des divisions, des sections et des tables rondes.</s>
    <s>4. Rapport de la reunion preliminaire sur « Acquisition et sauvegarde des traditions orales «par le responsable du Comite d'organisation, Ralph Manning.</s>
    <s>5. Resultats du jury des bourses Van Wesemael et Hans-Peter Geh.</s>
    <s>6. Évaluation professionnelle de la conference, y compris des resolutions professionnelles par le president du Bureau Professionnel, Sissel Nilsen.</s>
    <s>7. Note : la date limite d'envoi des resolutions professionnelles au Coordonnateur professionnel est fixee a jeudi, 26 aout 12h00.</s>
    <s>8. Presentation du nouveau president et des nouveaux membres du Bureau Professionnel par le president sortant Sissel Nilsen.</s>
    <s>9. Membres proposes a l'exclusion.</s>
    <s>10. Invitations pour les prochaines conferences de l'IFLA :</s>
    <s>2001, Boston</s>
    <s>2000 Jerusalem</s>
    <s>11. Remerciements</s>
    <s>12. Fin de la Conference.</s>
    <s>Latest Revision: July 12, 1999</s>
    <s>Copyright (C) 1995-2000</s>
    <s>International Federation of Library Associations and Institutions</s>
  </text>
</page>
