<?xml version="1.0" encoding="UTF-8"?>
<!DOCTYPE page SYSTEM "page.dtd">
<page>
  <lang>fr</lang>
  <url>http://paragraphe.info/content/view/102/138/lang,fr/</url>
  <title>Laboratoire PARAGRAPHE [EA349] - Conférence internationale ...</title>
  <snippet>
    <s>23 mars 2010 12e conférence internationale sur l&#39;intégration de l&#39;information, les applications la réputation de la conférence au niveau international , le comité de pilotage désire faire bénéficier des collaborateurs de cette renommée en leur confiant l&#39; organisation locale de leur conférence. Accès Membre &middot; Tutoriels </s>
  </snippet>
  <text>
    <s>!spacer.png, 0 kB</s>
    <s>Show/Hide Result</s>
    <s>Equipes de Recherche</s>
    <s>Confnce internationale iiWAS 2010</s>
    <s>rit par Paragraphe</s>
    <s>12e conference internationale sur l'integration de l'information, les applications et les services web</s>
    <s>Organisee par : AW@S, Universite Paris 8, Laboratoire paragraphe EA 349, (liste a completer)</s>
    <s>Date : 8-10 novembre 2010</s>
    <s>Lieu : Universite Paris 8</s>
    <s>Site web de la conference iiWSAS 2010 : cliquez ici</s>
    <s>!logos.jpgiiWAS est une conference internationale de premier plan pour les chercheurs et praticiens des sciences et technologies de l'information et de la communication. Les onze premieres editions, depuis 1999, ont eu lieu en Indonesie et en Autriche. Apres avoir rassemble un ensemble d'experts et consolider la reputation de la conference au niveau international , le comite de pilotage desire faire beneficier des collaborateurs de cette renommee en leur confiant l'organisation locale de leur conference. L'edition 2010 a ete confiee au Laboratoire Paragraphe de l'Universite Paris 8, l'edition 2011 a une universite sud-coreenne.</s>
    <s>iiWAS2010 est approuve par l'Organisation internationale pour l'Integration de l'Information, les applications et les services Web (@WS). Ce symposium conjoint plusieurs evenements : la 8e Conference Internationale sur les progres de l'informatique mobile et multimedia (MoMM2010) et la Conference internationale sur les systemes Ambiants, les Reseaux et les Technologies (ANT-2010).</s>
    <s>Le comite scientifique de l'edition 2010 est disponible a l'annexe 1. Parmi les personnalites et les doyens du symposium iiWAS nous pouvons citer :</s>
    <s>Theodor Holm Nelson : sociologue americain, pionnier de l'histoire des technologies de l'information. Il est considere comme l'inventeur de l'hypertexte dont il a invente le terme en 1965. Actuellement professeur a l'universite d'Oxford en Angleterre, il a lance en 2005 le projet Transliterature. Il a ete fait « Officier des Arts et Lettres » en 2001 par le ministre Français de la Culture Catherine Tasca pour son travail sur Xanadu et l'hypermedia.</s>
    <s>Ismail Khalil : Dr. Ismail Khalil est titulaire d'un poste permanent en tant que chercheur principal et professeur a l'Institut de Telecooperation - Universite Johannes Kepler de Linz, en Autriche. Il enseigne, consulte, et effectue des recherches sur les applications mobiles et les services multimedia, l'integration de l'information et est egalement interesse par la dimension sociale et les implications politiques liees aux technologies Web emergentes.</s>
    <s>Derni mise our : ( 23-03-2010 )</s>
    <s>[ Retour ]</s>
    <s>Confnce HPTM 2011</s>
    <s>Colloques &amp; Journ d'de</s>
    <s>Menu Principal</s>
    <s>Publications par ipe</s>
    <s>Liens Web</s>
    <s>Veille scientifique</s>
    <s>Plan du Site</s>
    <s>Menu utilisateur</s>
    <s>(C) 2011 Laboratoire PARAGRAPHE EA349</s>
    <s>!spacer.png, 0 kB</s>
  </text>
</page>
