<?xml version="1.0" encoding="UTF-8"?>
<!DOCTYPE page SYSTEM "page.dtd">
<page>
  <lang>fr</lang>
  <url>http://montreal.yulbiz.org/</url>
  <title>Yulbiz Montréal</title>
  <snippet>
    <s>Parmi les conférenciers de renom qui seront également présents, notons Tara Yulbiz s&#39;est doté en mai 2008 d&#39;un conseil d&#39;administration, puis s&#39;est assuré le </s>
  </snippet>
  <text>
    <s>À propos</s>
    <s>Yulbouffe : une version épicurienne et mobile de Yulbiz</s>
    <s>Poste le 3 June 2010</s>
    <s>Depuis une dizaine d'années, le milieu Web montréalais a cuisiné le code &quot;YUL&quot; de l'aéroport de Montréal à toutes les sauces. La table fut longuement dressée par Yulblog, qui fêtait récemment ses dix ans. Vint ensuite Yulbiz, puis les aventures éphémères Yulbuzz, Yulstart, Yulnews et j'en oublie sûrement -- notamment ce mystérieux &quot;Yulbaise&quot; dont on jase allègrement autour du Cinéma L'Amour sans avoir jamais osé y mettre le doigt de pied. Enfin, il y a la Yulbouffe.</s>
    <s>Qu'est-ce donc qu'une &quot;Yulbouffe&quot;, cet étrange hybride linguistique qui génère déjà 5 pages de résultats de recherche sur le Web et plusieurs dizaines d'images, y compris un portrait &quot;pas rapport&quot; de Jean Charest avec la larme à l'oeil ? Voici la définition officieuse que j'ai moi-même proposée lors du passage d'Henri Kauffman à Montréal en avril dernier :</s>
    <s>&gt; Yulbouffe - n.m. 2006 - Mashup lexical de Yulbiz et bouffe : repas privé réunissant un petit groupe de yulbizeurs lors du passage en ville d'un invité prestigieux du monde de l'Internet, du eMarketing ou des nouveaux médias. Exemple: « Photos de la Yulbouffe d'Henri Kaufman à La Cantine, le 8 avril 2010. »</s>
    <s>Cette Yulbouffe faisait suite à celle d'Olivier Zara, le 18 mars, merveilleuse occasion de faire connaissance avec un spécialiste francophone de l'identité numérique fraichement débarqué à Montréal après quelques mois d'errance dans les Provinces Pluvieuses de l'Est. Pour ne pas tout vous cacher, je précise que cette soirée restera à jamais gravée dans mon coeur car c'est ce soir-là qu'à mon grand bonheur, j'ai succombé aux charmes de la mairesse de Ma baignoire. ♥ ♥ ♥</s>
    <s>Bref, tout ceci pour vous dire, chers yulbizzeurs, que le concept de yulbouffe est ouvert à tous. Il n'appartient qu'à vous de le répandre dans la blogosphère en organisant, où que vous soyez dans le monde, des rencontres autour d'une bonne table avec des invités de passage rencontrés au fil des blogues et des médias sociaux. Tous les outils sont là pour que des centaines de rencontres soient possibles -- souhaitables, même -- et qu'elles génèrent des centaines de billets, de photos et de vidéos.</s>
    <s>Si le Web est un outil de communication au service des humains, la yulbouffe est un outil de socialisation au service des épicuriens. ;)</s>
    <s>Ami Calmant,</s>
    <s>Yulbiz et Webcom partenaires</s>
    <s>Poste le 19 May 2010</s>
    <s>Après le Jello Martini Lounge et Tourisme Montréal, c'est au tour de Webcom de devenir commanditaire des Soirées Yulbiz. Nous vous invitons donc à vous joindre à l'évènement Yulbiz spécial Webcom le mardi 25 mai au Hall Ex-Centris,  voir les détails sur Facebook. Vous pourrez y croiser une grande partie des conférenciers qui seront présents lors de la conférence qui se tiendra le lendemain.</s>
    <s>Ci-joint le communiqué de presse pour avoir toutes les informations à propos de la conférence:</s>
    <s>Jimmy Wales, fondateur de Wikipédia, conférencier spécial à la 8e édition de webcom-Montréal, la conférence internationale sur les nouvelles technologies et le Web 2.0.</s>
    <s>Montréal, le 19 mai 2010 - Le 26 mai 2010, Montréal sera l’hôte de la 8e édition de webcom-Montréal, la conférence internationale sur les nouvelles technologies et le web 2.0. Vous utilisez Wikipédia ? Son fondateur Jimmy Wales, nommé une des 100 personnes les plus influentes au monde par le magazine Time, en sera l’invité d’honneur.</s>
    <s>Parmi les conférenciers de renom qui seront également présents, notons Tara Hunt, pionnière et experte en marketing et en communauté en ligne et auteure du livre « The Whuffie Factor » , Clara Shih, auteure de « The Facebook Era » ainsi que Chris Heuer, fondateur du Social Media Club.</s>
    <s>De plus, en début de programmation, le Centre francophone d'informatisation des organisations (CEFRIO) présentera les résultats exclusifs d'une étude réalisée sur la percée des médias sociaux et du Web 2.0 au Québec.</s>
    <s>webcom-Montréal est la plus importante conférence francophone sur les nouvelles technologies au monde. Elle offre une gamme de conférences réparties dans quatre pistes différentes, soit Entreprise 2.0, Marketing 2.0, Solutions 2.0 ainsi qu’une piste thématique dédiée aux Relations publiques 2.0. Ces ateliers permettent aux participants de prendre connaissance de nombreuses études de cas 2.0 dans chacune des pistes, le tout regroupé sous trois grands thèmes que sont le Web en temps réel, les communautés en ligne et la collaboration Wiki.</s>
    <s>Notons qu’à compter de 15 h 30, toutes les conférences seront offertes gratuitement et présentées sous forme de « Speed-Keynotes».</s>
    <s>La programmation complète ainsi que tous les détails sont disponibles ici : www.webcom-montreal.com</s>
    <s>Nouveauté : webTweet-Montréal</s>
    <s>« Je tweete, donc je suis ». Une première conférence Twitter au Canada :Jeff Pulver, conférencier spécial à webTweet-Montréal</s>
    <s>Pour la première fois au Canada et en collaboration avec webcom-Montréal, une conférence sur le site de micro-blogging et phénomène pop-culturel Twitter. Les médias, la politique, la nanolittérature, la musique, etc.</s>
    <s>Pour sa première édition, webTweet-Montréal recevra nul autre que Jeff Pulver comme conférencier d’honneur. Jeff Pulver est le fondateur de Vonage et l’instigateur des conférences « 140 Characters », inspiration pour le webTweet-Montréal. La programmation complète est disponible ici : www.webcom-montreal.com</s>
    <s>Quoi : webTweet Montréal</s>
    <s>Quand : Mercredi le 26 mai 2010</s>
    <s>Lieu : siège social de l’OACI (même endroit que webcom-Montréal</s>
    <s>999, rue Université</s>
    <s>Montréal, QC</s>
    <s>Heure : 14 h 50</s>
    <s>DÉTAILS GÉNÉRAUX</s>
    <s>Quoi : webcom-Montréal &amp; webTweet Montréal</s>
    <s>Quand : Mercredi, le 26 mai 2010</s>
    <s>Lieu : siège social de l’OACI (même endroit que webcom-Montréal</s>
    <s>999, rue Université</s>
    <s>Montréal, QC</s>
    <s>Heure : 8 h à 18 h</s>
    <s>Pour inscription : http://webcom-montreal.com</s>
    <s>Tarifs :</s>
    <s>webcom-Montréal : $495</s>
    <s>webTweet-Montréal : $95</s>
    <s>Sur Twitter :</s>
    <s>Sur Facebook:</s>
    <s>Webtweet -Montréal</s>
    <s>Le point sur 4 années de Yulbiz avec Philippe Martin</s>
    <s>Poste le 6 May 2010</s>
    <s>Philippe Martin est co-fondateur de Yulbiz et vice-président en charge de son développement international. Par un bel après-midi ensoleillé, au fameux Laïka, il a accepté de faire le point devant mon oeil magique sur l'évolution de cette communauté de blogueurs d'affaires hyper-locale et mondialisée.</s>
    <s>Totalement informel à l'origine, Yulbiz s'est doté en mai 2008 d'un conseil d'administration, puis s'est assuré le soutien de commanditaires tels que le Jello Martini Lounge et, surtout, Tourisme Montréal.</s>
    <s>Connaissant une grande croissance d'affluence depuis un an, l'équipe de direction passe désormais des accords préférentiels avec un lieu d'été et un lieu d'hiver. Le conseil a été en partie renouvelé avec l'arrivée en son sein de Pierre Bellerose et de Katheline Jean-Pierre. Il y manque encore une administratrice, si possible anglophone, ce qui mènerait à la parité des sexes et permettrait de rayonner un peu plus dans la communauté anglophone de Montréal.</s>
    <s>Ailleurs dans le monde, plusieurs Yulbiz ont vu le jour, mais tous n'ont pas remporté le même succès. La recette idéale est pourtant simple : pour qu'un Yulbiz ait des chances de s'épanouir, il faut qu'il soit porté par une équipe et non par une seule personne. Apprise à la dure à Varsovie, San Francisco et La Havane, cette leçon permettra sans doute aux Yulbiz de Dijon, Laval (Québec) et Trois-Rivières de voir prochainement le jour dans de meilleures conditions.</s>
    <s>PS: les blogueurs, on le sait, n'ont pas le tour des journalistes pour poser les questions qui tuent. Ne vous attendez donc pas à m'entendre demander à Philippe qui est membre de l'OSBL, quand a lieu sa prochaine AGA, qui élit le conseil d'administration ni où va « l'argent des commandites ». Personnellement, ces détails scabreux ne m'intéressent pas et la dernière fois que j'ai risqué une &quot;question-piège&quot;, je me suis retrouvé avec l'animation de ce blogue sur les brasBref, si une question épineuse vous déchire les lèvres, posez-la lui directement lors du prochain Yulbiz, mais ne venez pas vous plaindre ensuite d'être intronisé trésorier bénévole. !:)</s>
    <s>Ami Calmant,</s>
    <s>Sylvain Grand'Maison s'amène avec Papi Coudrey à Yulbiz</s>
    <s>Poste le 29 April 2010</s>
    <s>Papi Coudrey est ce personnage en sac fourré à l'os, créé de toutes pièces par une gang d'étudiants en graphisme du Cégep de Sherbrooke. C'est là qu'enseigne le designer, podcasteur et « yulbizeur » notoire, Sylvain Grand'Maison*. Avec un tel arbre généalogique, Papi Coudrey a forcément son flux Twitter, son profil Facebook et son compte Youtube.</s>
    <s>Ce n'est qu'un début. Dès qu'il a débarqué à Montréal, Papi Coudrey est instantanément devenu la nouvelle star des médias sociaux. Il était cette semaine à Yulbiz où il a eu un succès fou. Sagesse populaire: le silence fait dormir mais une image vaut mille mots.</s>
    <s>Aux débutants du Web, je précise que ceci est une plogue visant à encourager la relève des concepteurs graphiques allumés par un bon chum. Aux extraterrestres, je rappelle que Yulbiz est une rencontre mensuelle, gratuite et informelle de plogueurs d'affaires aux quatre coins de la planète Terre.</s>
    <s>Christian Aubry</s>
    <s>Yulbiz: que la tradition du blogueur invité soit.</s>
    <s>Poste le 27 April 2010</s>
    <s>Cela fait maintenant quatre ans que Yulbiz a pris son envol. Cet étrange volatile social est né en mars 2006 suite à l’heureuse rencontre, autour d’une table à cocktail du Café Méliès, de Philippe Martin et Michel Leblanc (ou Michelle Blanc, peu importe). Depuis lors, les soirées mensuelles se sont succédées, les « yulbizeurs » multipliés, le concept a fait des petits sur les deux rives de l’Atlantique et les lieux de rencontre, devenant trop exigus, ont été renouvelés. Des centaines de communicateurs ont échangés accolades, bons mots et cartes d’affaires. Michelle Blanc, trop à l’étroit dans son costume trois pièces, a (presque) laissé tomber Second Life pour entamer une deuxième vie dans un nouvel avatar. La tradition de l’After Yulbiz est née. Des questionnements sur l’avenir de l’événement ont émergé. Nous avons ri, souvent, et nous avons aussi pleuré en choeur lorsque le rideau est tombé sur l’éternel sourire de Renée.</s>
    <s>!Bloguez-vous?Et maintenant, quatre ans plus tard, que ferons-nous de Yulbiz? Bof, quant à moi, ce n’est pas un problème. Il suffit que le Conseil d’administration de l’organisme continue de faire sa job minimale pour que la communauté des gens d’affaires branchés jouisse encore, pendant de longues années, d’un réseau social à taille humaine et à vocation festive. Le jour où la question deviendra vraiment sensible, j’imagine qu’il sera temps de passer à autre chose.</s>
    <s>Il y a quelques semaines, lors d’une Yulbouffe dont l’invité était Henri Kaufman, j’ai interpellé Philippe Martin sur le piètre état du blogue de Yulbiz Montréal, quelque peu moribond depuis quelques temps — voire même depuis toujours. La question était dangereuse. Philippe s’est empressé de s’en saisir afin de m’introniser « animateur » de ce blogue. GawdMoi qui n’ai même pas le temps de bloguer efficacement chez moi, comment pourrais-je le faire ici ?</s>
    <s>La solution est apparue comme une bouée de sauvetage sur la mer déchaînée de mon cerveau dévasté :~) plutôt que de nommer un groupe de volontaires bénévoles qui s’essoufflerait fatalement au bout de quelques mois, pourquoi ne pas instaurer une rotation d’invités à qui l’on remettrait les clés du blogue pendant un mois, avec mission d’y publier autant de contenus en rapport plus ou moins direct avec la (vaste) mission de Yulbiz qu’ils le souhaitent ?</s>
    <s>C’est ainsi que la tradition du « yulbizeur invité » voit le jour en pleine tempête de neige. Vu que Philippe m’a lancé la première invitation, je ferai ce que je veux de cette tribune qui m’est prêtée jusqu’au Yulbiz du 25 mai 2010. Ce jour-là, j’en transmettrai les clés à un autre blogueur invité qui se l’appropriera pendant un mois. Je n’ai aucune idée de ce que cela donnera ni où cela nous mènera. Peu m’importe, d’ailleurs, car comme disait Carlos Cataneda, la seule chose qui compte, c’est que le chemin ait du coeur. Heureusement, le coeur, ce n’est pas ce qui manque à Yulbiz et je vous en donnerai des nouvelles dès demain.</s>
    <s>Christian Aubry</s>
    <s>Le grand retour de la question du mois</s>
    <s>Poste le 26 January 2010</s>
    <s>Beaucoup d'entre vous nous réclamaient le retour de la question du mois. Nous avions du suspendre ce classique de nos rencontres pour la simple raison que cela devenait ingérable vu le nombre de participants.</s>
    <s>Heureusement Twitter vient à notre rescousse et c'est désormais là que cela se passera. Les hashtags seront Yulbiz et QDM. La question du mois de janvier 2010 est donc : « Qu'est-ce que Yulbiz peut faire pour Haiti ?</s>
    <s>tck, tck, tck au dernier Yulbiz Montréal au Laika</s>
    <s>Poste le 11 November 2009</s>
    <s>Dominic Arpin, le patrouilleur du net est venu tourner un clip pour la campagne Time for climate, lors du récent Yulbiz. Le concept est expliqué sur son blog dont voici un extrait</s>
    <s>Voici le résultat:</s>
    <s>En direct du ciel</s>
    <s>Poste le 18 September 2009</s>
    <s>C’est la commotion, l’épouvante et la dévastation. La mère symbolique de Yulbiz s’est éteinte hier, lors d’un drame indicible. Renée Wathelet, blogueuse de En direct des Îles est morte assassinée des mains d’un toxicomane dans l’une de ses 2 îles, Isla de Mujeres au Mexique (l’autre étant Montréal). C’est Renée qui a fourni à Yulbiz sa mascotte, Yulcat, lors de son départ pour Isla de Mujeres. Mais cette mascotte a servi de prétexte pour une levée de fonds pour un hôpital vétérinaire dont l’une des vocations est d’aider les chats itinérants. Elle était comme ça Renée, généreuse, aimante des gens et des chats. Elle était un peu la mère symbolique de notre mouvement de blogueurs. Lors des Yulbiz, comme dans la vie, elle était très maternelle. Elle prenait le temps de rencontrer tous un chacun et de leur dire qu’elle les aime. Elle prenait des clichés attendrissants, elle prenait la main, elle touchait le cœur. Elle nous a touché tous et la Webosphère ne sera plus jamais pareille. Maintenant, pour jaser avec elle, Twitter, Facebook ou son blogue nous ne serons plus utiles. Il faudra se brancher sur sa voix intérieure et synthoniser En direct du ciel…</s>
    <s>Yulbiz du mois d'août 2009</s>
    <s>Poste le 12 August 2009</s>
    <s>C'est le temps des retrouvailles des blogueurs/euses après les vacances d'été.</s>
    <s>Pour cette édition de fin août, nous retournons sur la superbe terrasse de l'hotel Nelligan dans le Vieux-Montréal (106 rue St-Paul Ouest) qui avait eu beaucoup de succès lors de l'édition du mois de mai.</s>
    <s>Rendez-vous sur la terrasse au 5 ème étage, dernier mardi du mois, 25 août 2009, entre 17h30 et 20h30</s>
    <s>Annoncez votre présence sur notre page Facebook</s>
    <s>Yulbiz Montréal du 30 juin 2009</s>
    <s>Poste le 12 June 2009</s>
    <s>Tout d'abord ce petit vidéo de récent Yulbiz du mois de mai qui s'est tenu sur la terrasse de l'hotel Nelligan dans le Vieux-Montréal.</s>
    <s>Quelques photos du Yulbiz Lille du 5 juin où étaient présents toute la communauté des blogueurs Lillois des Blogs en Nord plus des blogueurs du Yulbiz Bruxelles et de Montréal.</s>
    <s>Prochain rendez-vous le mardi 30 juin avec une escale au Café Méliès avant la relâche de l'été, il n'y aura pas de Yulbiz fin juillet, de retour le 25 août.</s>
    <s>Stay tuned !!</s>
    <s>keep looking »</s>
    <s>Notes récentes</s>
    <s>Yulbouffe : une version épicurienne et mobile de Yulbiz</s>
    <s>Yulbiz et Webcom partenaires</s>
    <s>Le point sur 4 années de Yulbiz avec Philippe Martin</s>
    <s>Sylvain Grand'Maison s'amène avec Papi Coudrey à Yulbiz</s>
    <s>Yulbiz: que la tradition du blogueur invité soit.</s>
    <s>Commentaires récents</s>
    <s>Michelle Blanc: Quel parti politique canadien va se tenir debout pour l’économie numérique? | Pierre Duhamel on Question du mois d'octobre, Lettre ouverte au Premier ministre du Québec</s>
    <s>Quel parti politique canadien va se tenir debout pour l’économie numérique? • Michelle Blanc, M.Sc. commerce électronique. Marketing Internet, consultante, conférencière et auteure on Question du mois d'octobre, Lettre ouverte au Premier ministre du Québec</s>
    <s>3e Yulbiz au Edgar on À propos</s>
    <s>Retard en informatique : lettre ouverte au premier ministre | Le retard numérique du Québec on Question du mois d'octobre, Lettre ouverte au Premier ministre du Québec</s>
    <s>Pourquoi notre économie numérique va chez le diable - une conférence d'il y a 2 ans • Michelle Blanc, M.Sc. commerce électronique. Marketing Internet, consultante, conférencière et auteure on Question du mois d'octobre, Lettre ouverte au Premier ministre du Québec</s>
    <s>La question du mois</s>
    <s>Soirées Yulbiz</s>
    <s>Yulbiz dans les médias</s>
    <s>Yulbiz vu de l'intérieur</s>
    <s>June 2010</s>
    <s>May 2010</s>
    <s>April 2010</s>
    <s>January 2010</s>
    <s>November 2009</s>
    <s>September 2009</s>
    <s>August 2009</s>
    <s>June 2009</s>
    <s>May 2009</s>
    <s>April 2009</s>
    <s>March 2009</s>
    <s>February 2009</s>
    <s>January 2009</s>
    <s>December 2008</s>
    <s>October 2008</s>
    <s>September 2008</s>
    <s>June 2008</s>
    <s>May 2008</s>
    <s>April 2008</s>
    <s>March 2008</s>
    <s>February 2008</s>
    <s>January 2008</s>
    <s>Médias Sociaux</s>
    <s>Copyright (C) 2007 Yulbiz Montréal • Using Modernpaper theme created by Performancing</s>
  </text>
</page>
