<?xml version="1.0" encoding="UTF-8"?>
<!DOCTYPE page SYSTEM "page.dtd">
<page>
  <lang>fr</lang>
  <url>http://cudep.u-bordeaux4.fr/colloque-demographie-et-sante,29.html</url>
  <title>Colloque ... - CUDEP - Université Montesquieu - Bordeaux IV</title>
  <snippet>
    <s>Conférence Universitaire de Démographie et d&#39;Étude des Populations. Syndiquer tout le site. Accueil &gt; Publications &gt; Actes des colloques organisés par la </s>
  </snippet>
  <text>
    <s>Plan d'acces</s>
    <s>Confnce Universitaire de Dgraphie et d'ude des Populations</s>
    <s>Accueil &gt; Publications &gt; Actes des colloques organispar la CUDEP &gt; Colloque Dgraphie et sant</s>
    <s>Colloque « DEMOGRAPHIE ET SANTE »</s>
    <s>Le colloque s'est tenu en mai 2007 a Bordeaux. Les actes sont edites et desormais accessibles en ligne. Toutes les communications sont telechargeables (en cliquant sur le titre).</s>
    <s>Table des matis et allocutions d'ouverture du colloque par :</s>
    <s>Jean-Pierre LABORDE, President de l'Universite Montesquieu-Bordeaux IV ,</s>
    <s>Chantal BLAYO, Presidente de la CUDEP ,</s>
    <s>et Claude REGNIER, Universite Marc Bloch - Strasbourg II</s>
    <s>Les communications sont accessibles dans chacune des 6 seances du colloque :</s>
    <s>Seance 1 : Dgraphie et politiques de santublique</s>
    <s>Organisee par Bernard YVARS</s>
    <s>Seance 2 : Morbiditt mortalitiffntielles</s>
    <s>Organisee par Gerard-François DUMONT</s>
    <s>Seance 3 : Santt comportements dgraphiques</s>
    <s>Organisee par Alain PARANT</s>
    <s>Seance 4 - Dynamique des des</s>
    <s>Organisee par Jean-Marie ROBINE</s>
    <s>Seance 5 - Environnement et santa&gt;</s>
    <s>Organisee par Andre ETCHELECOU</s>
    <s>Seance 6 - [Sources et mesures</s>
    <s>Organisee par Jean-Paul SARDON</s>
    <s>Allocutions de cle du colloque, par :</s>
    <s>Chantal BLAYO, Presidente de la CUDEP</s>
    <s>et Claude REGNIER, Universite Marc Bloch - Strasbourg II</s>
    <s>La CUDEP</s>
    <s>Statuts Conseil Adhr</s>
    <s>Actes des colloques organispar la CUDEP Autres publications</s>
    <s>Colloques pass/a&gt; [Colloque de Strasbourg - 2010</s>
    <s>Nous contacter</s>
    <s>!Visionner la table ronde</s>
    <s>consacr171; LA FECONDITE » qui s'est tenue lors du XVolloque national de dgraphie, trasbourg en mai 2010</s>
    <s>!Vient de paraître :</s>
    <s>!Les actes du colloque « Dgraphie et santbsp;», qui a eu lieu en mai 2007 ordeaux sont enfin disponibles</s>
    <s>!Colloque « Démographie et santé »</s>
    <s>Sce 1 - Dgraphie et politiques de santublique</s>
    <s>Sce 2 - Morbiditt mortalitiffntielles</s>
    <s>Sce 3 - Santt comportements dgraphiques</s>
    <s>Sce 4 - Dynamique des des</s>
    <s>Sce 6 - Sources et mesures</s>
    <s>Sce 5 - Environnement et sant</s>
    <s>Colloque « DEMOGRAPHIE ET SANTE »</s>
    <s>(C) 2009-2011 CUDEP • Confnce Universitaire de Dgraphie et d'ude des Populations</s>
    <s>Contact • Plan d'acces • Plan du site • Informations Lles • Syndication • Haut de page</s>
  </text>
</page>
