<?xml version="1.0" encoding="UTF-8"?>
<!DOCTYPE page SYSTEM "page.dtd">
<page>
  <lang>fr</lang>
  <url>http://dakarcontreladrogue.org/LInitiativedeDakar/Actesdelaconference/tabid/159/language/fr-FR/Default.aspx</url>
  <title>Actes de la conference - Dakar contre la drogue</title>
  <snippet>
    <s>Vous etes ici ::L&#39;Initiative de Dakar » Actes de la conference, Web Site . la mise en œuvre de programmes sectoriels de prévention dans chaque pays. Renforcer les Ce Comité verra la participation de la CEDEAO en qualité de membre. </s>
  </snippet>
  <text>
    <s>Vous etes ici ::L'Initiative de Dakar » Actes de la conference</s>
    <s>WebSite Chercher</s>
    <s>Nous, Ministres en charge de la lutte contre le trafic illicite des stupéfiants du Cap-Vert, de la Gambie, de la Guinée, de la Guinée-Bissau, du Mali et du Sénégal, participant à la Conférence de Dakar sur le Trafic Illicite de Drogue, déclarons ce qui suit :</s>
    <s>NOTANT avec inquiétude les récents événements dramatiques et les saisies de drogues dans notre Sous-région qui attestent d’un repositionnement des organisations criminelles .</s>
    <s>Constatant que nos pays sont utilisés comme cibles pour le trafic de produits illicites, dont les stupéfiants, à destination notamment de l’Europe et de l’Amérique du Nord .</s>
    <s>Conscients que le trafic illicite de drogues, le blanchiment d’argent et le crime organisé qui s’y rattache, entravent le bon fonctionnement des institutions démocratiques et la bonne gouvernance dans nos Etats .</s>
    <s>RESOLUS à mettre en œuvre la Déclaration Politique sur la Prévention de l’Abus de Drogues, le Trafic Illicite et le Crime Organisé en Afrique de l’Ouest ainsi que le Plan d’Action Régional 2008-2011 de la CEDEAO pour la lutte contre le trafic illicite de drogues, le crime organisé et l’abus de drogues en Afrique de l’Ouest adoptés par le 35ème Sommet Ordinaire des Chefs d’Etat et de Gouvernement à Abuja le 19 décembre 2008 .</s>
    <s>SE FELICITANT de l’appui de la Commission de la CEDEAO à l’Initiative de Dakar fondée sur le principe de la responsabilité partagée et de l’approche harmonisée.</s>
    <s>CONVENANT de coordonner nos efforts en vue d’apporter une réponse énergique et opérationnelle à la mise en œuvre de la Déclaration Politique et du Plan d’Action Régional de la CEDEAO au sein de nos Etats respectifs dans le cadre défini par le Plan Opérationnel.</s>
    <s>DECIDONS de nous engager à mettre en place un dispositif de riposte multisectoriel pour faire face au trafic illicite de stupéfiants et de leurs précurseurs chimiques et à la consommation abusive de drogues dans la Sous-région autour des sept axes thématiques suivants :</s>
    <s>I.CADRE INSTITUTIONNEL</s>
    <s>- Les Cadres organiques</s>
    <s>Renforcer les Comités Interministériels de Lutte contre la Drogue (CILD), les Offices Centraux de Répression du Trafic Illicite des Stupéfiants (OCRTIS) et les Brigades Nationales de Lutte contre la Drogue (BNLD) en équipements, personnels et moyens financiers ;</s>
    <s>Veiller à ce que tous les services intervenant dans la lutte contre les stupéfiants soient représentés de manière effective et efficiente au niveau des CILD, OCRTIS et BNLD ;</s>
    <s>Faciliter la déconcentration des Unités Centrales de lutte contre la drogue au niveau local pour assurer un maillage plus efficace des territoires nationaux ;</s>
    <s>Créer des pools de magistrats spécialisés en matière de lutte contre les stupéfiants et assurer leur formation continue ;</s>
    <s>Mettre en place des groupes opérationnels mixtes inter-Etats en vue de mener des opérations conjointes transfrontalières.</s>
    <s>- Harmonisation des cadres juridiques</s>
    <s>Harmoniser les législations des pays participants pour les rendre conformes aux différentes Conventions internationales et régionales en vigueur relatives à la lutte contre le trafic illicite de stupéfiants, de substances psychotropes, et des précurseurs, ceci pour éviter toute exploitation par les groupes criminels des différences entre les législations nationales, et assurer une prévention et une prise en charge efficace ;</s>
    <s>Faciliter la coopération judiciaire entre les Etats parties à l’Initiative de Dakar en utilisant le système sécurisé de communication d’Interpol I-24/7 pour la transmission des demandes d’Entraide judiciaire et d’Extradition ;</s>
    <s>Renforcer les sanctions contre le trafic illicite de stupéfiants et l’incitation à l’usage de la drogue et la vente illicite de médicaments.</s>
    <s>II. DOTATIONS BUDGETAIRES</s>
    <s>Prise en compte des structures opérationnelles de lutte contre les stupéfiants et le crime organisé dans les budgets nationaux, et l’élaboration de mesures incitatives pour les forces qui les composent ;</s>
    <s>Adoption de mesures incitatives spéciales par l’intéressement des services d’enquête sur les saisies pécuniaires et les confiscations des biens intervenant en matière de trafic de stupéfiants et de blanchiment d’argent, quel que soit le pays qui opère la saisie, notamment en matière de livraisons surveillées.</s>
    <s>III. REDUCTION DE L'OFFRE</s>
    <s>Echange d’informations : S’engager à faciliter, par l’adoption des mesures appropriées, l’échange de renseignements, facteur essentiel dans la lutte contre la criminalité transfrontalière ;</s>
    <s>Base de données criminelles : Coordonner nos efforts respectifs afin de mettre en place une base de données criminelles régionale incluant un système moderne de collecte des empreintes digitales et de gestion des renseignements ainsi que la mise à jour d’un fichier à la disposition des forces de sécurité de nos Etats respectifs ;</s>
    <s>Service Spécialisé de lutte contre le trafic illicite de drogue : Etablir des Offices Centraux de Répression du Trafic Illicite des Stupéfiants (OCRTIS) ou des Brigades Nationales de Lutte contre la Drogue (BNLD) ayant des antennes sur le territoire national. Ils sont chargés de collecter toutes les informations relatives au trafic illicite de drogue (trafiquants, filières, saisies) et d’assurer la coordination opérationnelle des enquêtes menées dans ce domaine par les différents services d’application de la loi, notamment pour les investigations à l’étranger ;</s>
    <s>Service de renseignements spécifiques : Mettre en place des services de renseignements spécifiques sur les stupéfiants au sein des Structures opérationnelles ;</s>
    <s>Renforcement des capacités : Favoriser la spécialisation et assurer la formation continue du personnel chargé de mener des enquêtes et des poursuites visant au démantèlement des filières de trafic illicite de drogues, en particulier les techniques d’enquêtes judiciaires et l’usage des moyens de coopération judiciaire internationale (commissions rogatoires internationales par exemple) ;</s>
    <s>Destruction des drogues saisies : Mettre en place les conditions législatives et réglementaires d’une destruction des drogues après saisie, en prenant le soin de prévoir toutes mesures (photographies, prélèvement préalable d’échantillons, analyse…) préservant l’établissement de la preuve de toutes les infractions connexes ;</s>
    <s>Contrôles aéroportuaires : S’engager à établir des Structures Aéroportuaires Anti Trafics au sein de nos aéroports internationaux et les équiper en moyens de détection appropriés ;</s>
    <s>Contrôles maritimes : Encourager le renfoncement et la formation des unités chargées de la surveillance maritime de nos Etats sur la lutte contre le trafic illicite des drogues. Renforcer la coordination des moyens de contrôles des voies maritimes, avec à terme la création d’une Unité de coordination. Mettre en place au sein de nos ports respectifs des unités mixtes de ciblage et de contrôle des containers ;</s>
    <s>Lutte contre le blanchiment d’argent : S’engager à créer et à renforcer, au sein des services d’enquêtes et de poursuites pénales des pools spécialisés sur les questions de criminalité économique et financière ; S’engager à constituer, au niveau national, un Fonds Spécial destiné à recevoir, à gérer et à affecter aux services chargés de la lutte contre les drogues et la toxicomanie les avoirs criminels ayant fait l’objet de saisie et de confiscation après leur identification ; Techniques d’enquêtes : S’engager à mutualiser nos efforts pour un meilleur suivi du trafic illicite des drogues, à travers des actions de livraisons surveillées ;</s>
    <s>S’engager à favoriser la création d'équipes conjointes d'enquête lorsqu’une affaire concerne plusieurs Etats Parties.</s>
    <s>IV. REDUCTION DE LA DEMANDE</s>
    <s>Elaboration des Documents d’orientation politique et stratégique pour les interventions prioritaires :</s>
    <s>Disposer, d’une base d’informations fiables et à jour, en provenance de diverses sources (Services de police, ONGs, Hôpitaux et autres services de traitement, Enquêtes démographiques de santé, Enquêtes scolaires, Enquêtes spécialisées…) afin de guider les politiques de lutte contre l’abus de drogue et ses conséquences socio-sanitaires (stigmatisation, décrochage scolaire, nuisances sociales, emprisonnement, VIH/sida, etc.) ;</s>
    <s>Renforcement des mécanismes de coordination :</s>
    <s>Mettre en place au sein des Comités Interministériels de Lutte contre la Drogue un dispositif opérationnel de gestion des stratégies de prévention, de prise en charge et de réinsertion avec les points focaux des ministères et des organisations partenaires ;</s>
    <s>Pérennité et efficacité des initiatives de prévention :</s>
    <s>mettre en place un Fonds d’Appui à la Prévention de l’abus des drogues dans la sous région en collaboration avec la CEDEAO et les autres Organisations partenaires ;</s>
    <s>Prévention de l’abus des drogues :</s>
    <s>Soutenir la dynamisation du réseau Ouest africain des jeunes contre la drogue en partenariat avec les structures gouvernementales en charge de l’éducation, de la jeunesse, des sports et des autres partenaires au développement par:</s>
    <s>► la mise en place de réseaux nationaux de jeunes conformément aux recommandations de l’atelier de Bamako en 2008 ;</s>
    <s>► la mise en œuvre de programmes sectoriels de prévention dans chaque pays.</s>
    <s>Renforcer les capacités d’intervention de la Société civile dans le cadre de la prévention, de la prise en charge et de la réinsertion afin de les impliquer dans les dispositifs de réponses nationales ;</s>
    <s>Renforcer et améliorer les initiatives communautaires de prévention en faveur des populations vulnérables ; Renforcer les moyens de dépistage, de réduction des risques et de soins des infections liées aux VIH/sida, à la tuberculose et aux virus de l’hépatite ;</s>
    <s>Développement des services de traitement et de réinsertion :</s>
    <s>Doter chacun de nos Etats d’un Centre de Référence en matière de traitement et de réinsertion des personnes dépendantes de drogues ;</s>
    <s>Renforcer les capacités des professionnels de santé des centres de référence ;</s>
    <s>Promouvoir la mise en place d’Unités de prise en charge et de réinsertion dans les structures sanitaires ;</s>
    <s>Créer des équipes mobiles d’intervention ;</s>
    <s>V. INITIATIVES CONJOINTES</s>
    <s>S’engager à mettre en œuvre les initiatives conjointes suivantes en vue de prémunir notre espace commun des dangers de la drogue et du crime :</s>
    <s>1. le renforcement du contrôle des stupéfiants dans les aéroports ;</s>
    <s>2. le renforcement de la surveillance des frontières maritimes ;</s>
    <s>3. le renforcement de la surveillance des frontières terrestres ;</s>
    <s>4. l’harmonisation des législations, le renforcement de l’Entraide judicaire et la simplification de la procédure d’Extradition ;</s>
    <s>5. le renforcement des capacités de lutte contre le blanchiment d’argent ;</s>
    <s>6. l’établissement de Centres de Traitement et de Réinsertion de Référence pour les personnes dépendantes de drogues dans chaque Etat ;</s>
    <s>7. la prévention et le traitement du VIH/sida, de la tuberculose et des hépatites chez les usagers de drogue ;</s>
    <s>8. le développement des stratégies de prévention pour les secteurs de l’éducation et de la jeunesse dans la sous-région ;</s>
    <s>9. le renforcement des dynamiques communautaires de prévention à travers les ONGs et les associations de jeunes dans la sous- région ;</s>
    <s>10. l’intégration dans les curricula ou programmes d’éducation et de formation des compétences de base aptes à contribuer à la prévention de l’abus de drogues.</s>
    <s>11. Coordination suivi et évaluation.</s>
    <s>Ces initiatives conjointes sont résumées sur des fiches en Annexe II et des études plus approfondies seront menées en étroite collaboration avec nos partenaires au développement et Institutions Spécialisées des Nations Unies afin de déterminer leur coût exact, les modalités de financement et de mise en œuvre.</s>
    <s>VI. COORDINATION, SUIVI ET EVALUATION</s>
    <s>Constitution d’un Comité de Suivi et d’Evaluation composé par des responsables les différents CILD des Etats parties à l’Initiative de Dakar. Le CILD du Sénégal pourrait abriter le Secrétariat de ce Comité à titre provisoire.</s>
    <s>Le Coordonnateur du Comité va être choisi de manière tournante entre les différents responsables de CILD des Etats parties pour un mandat de deux ans.</s>
    <s>Ce Comité verra la participation de la CEDEAO en qualité de membre. La Conférence des Ministres en charge des questions de drogues invite l’Union Européenne, l’ONUDC, la Commission européenne et les Etats-Unis d’Amérique actuellement observateurs, à devenir membres ainsi que les autres partenaires internationaux.</s>
    <s>VII. COOPERATION INTERNATIONALE</s>
    <s>Nous lançons un appel à la CEDEAO, aux Etats Membres de l’Union Européenne, à l’ONUDC, à l’OIPC-INTERPOL, aux Etats Unis d’Amérique, la Commission de l’Union européenne et à tout partenaire Etat ou organisme, de bien vouloir soutenir les actions contenues dans l’Initiative de Dakar.</s>
    <s>We, Ministers in charge of combating illicit drug trafficking in Cape Verde, The Gambia, Guinea, Guinea-Bissau, Mali and Senegal participating in the Dakar Conference on illicit drug trafficking, declare as follows:</s>
    <s>NOTING with concern recent events and drug seizures in our sub-region, an indication of the repositioning of criminal organizations;</s>
    <s>NOTING the utilization of our countries as targets for the transshipment of illicit products including narcotic drugs en route to Europe and North America, in particular;</s>
    <s>AWARE of the fact that illicit drug trafficking and organized crime impede the proper functioning of democratic institutions and the good governance of our States;</s>
    <s>DETERMINED to implement the Political Declaration on the Prevention Of Drug Abuse, Illicit Drug Trafficking and Organized Crimes in West Africa as well as the 2008-2011 ECOWAS Regional Action Plan to combat illicit drug trafficking, organized crime and drug abuse in West Africa adopted by the 35th Ordinary Session of the Authority of Heads of State and Government in Abuja on 19 December 2008;</s>
    <s>WELCOMING the ECOWAS Commission’s support to the Dakar Initiative which is based on the principle of shared responsibility and balanced approach;</s>
    <s>CONSENTING to coordinate our efforts for a dynamic and operational response regarding the implementation of the Political Declaration and the ECOWAS Regional Action Plan in our respective States within the set framework of the Operational Plan;</s>
    <s>RESOLVE to commit ourselves to establishing a multi-sectoral response mechanism to fight against the illicit trafficking of drugs and their chemical precursors and abusive drug consumption in the Sub-Region, focusing on the following seven areas:</s>
    <s>I. INSTITUTIONAL FRAMEWORK</s>
    <s>- Organizational framework</s>
    <s>Further equip Inter-Ministerial Committees for Drug Control (CILDC), Central Offices for the Repression of Illicit Drug Trafficking (OCRTIS) and National Anti-Drug Agencies (BNLD) with material, human and financial resources;</s>
    <s>Ensure the effective and efficient representation of all agencies active in the fight against narcotic drugs within the CILD, OCRTIS and BNLD;</s>
    <s>Facilitate the decentralization of anti-drug agencies at the local level to ensure a more efficient control of national territories;</s>
    <s>Ensure the availability of a pool of magistrates specialized in the fight against narcotic drugs and provide in-service training;</s>
    <s>Set up joint Inter-State operational groups to conduct cross-border joint operations.</s>
    <s>- Harmonization of legal frameworks</s>
    <s>Harmonize legislations of participating countries to ensure their compliance with the various prevailing international and regional conventions against illicit trafficking in narcotic drugs and psychotropic substances in order to avert any exploitation of differences between national legislations by criminal groups, and to ensure the effective conduct of preventive and support measures;</s>
    <s>Facilitate judicial cooperation between State parties to the Dakar Initiative by using the secure Interpol I-24/7 communication system to transmit mutual legal assistance and extradition requests;</s>
    <s>Toughen sanctions against illicit trafficking in narcotic drugs, discouraging drug consumption and the illegal sale of medicines.</s>
    <s>I. ADEQUATE BUDGETARY RESOURCES</s>
    <s>Make provisions in national budgets for operational units fighting against narcotic drugs and organized crime and set up incentive measures for agencies involved;</s>
    <s>Adopt special incentive measures with the establishment of a system to share the financial profits of seizures and confiscations made in the fight against illicit drug trafficking and money laundering regardless of the country which conducted the seizure, particularly with regard to controlled delivery operations.</s>
    <s>II. REDUCTION OF SUPPLY</s>
    <s>Exchange of information : Undertake to facilitate, through the adoption of the appropriate measures, the exchange of information, essential to combat cross-border crime.</s>
    <s>Criminal database : Coordinate our respective efforts to set up a regional criminal database including a modern electronic system to capture digital fingerprints and manage intelligence as well as make available up-to-date information to law enforcement agencies in our respective States;</s>
    <s>Specialized Agencies to combat drug trafficking : Set up Central Offices for the Repression of Illicit Drug Trafficking (OCRTIS) or National Anti-Drug Squads (BNLD) with branches throughout the national territory. They shall be in charge of gathering information on drug trafficking (traffickers, networks, seizures) and coordinating investigations conducted in this field by the various law enforcement agencies, particularly for investigations abroad; Special intelligence services: Set up special intelligence service on narcotic drugs within operational structures;</s>
    <s>Capacity building : Encourage the specialization and in-service training of personnel in charge of conducting investigations and legal proceedings to disband illicit drug trafficking networks, particularly on judicial investigative techniques and the use of resources for international judicial cooperation (international letters rogatory for instance).</s>
    <s>Destruction of seized drugs : Set the necessary legislative and regulatory conditions for the destruction of drugs immediately after seizure while taking all measures (photographs, sampling, tests) to preserve proof of evidence relating to the offences committed; Airport control: Undertake to set up anti-drug platforms at our international airports and equip them with appropriate detection devices;</s>
    <s>Maritime control : Encourage the reinforcement and training of squads in charge of maritime surveillance in our States as part of the fight against drug trafficking. Strengthen coordination of maritime surveillance teams and ultimately create a coordination unit. Set up joint units to target and verify containers in our respective ports;</s>
    <s>Anti-money laundering : Undertake to establish and strengthen, within criminal investigation and prosecution agencies, pools specializing in issues relating to economic and financial crimes;</s>
    <s>Undertake to set up, at the national level, a Special Fund that is to receive, manage and allocate to services engaged in the fight against narcotic drugs and drug addiction, the seized and confiscated assets of criminals after identification;</s>
    <s>Investigative Techniques : Undertake to pool our efforts in order to improve monitoring of the illicit drug trade through controlled delivery actions.</s>
    <s>Undertake to encourage the setting up of joint investigative teams when a case involves several Member States.</s>
    <s>IV. REDUCTION OF THE DEMAND</s>
    <s>Drafting of policy and strategic orientation documents for priority interventions:</s>
    <s>Have access to an up-to-date and reliable data base with information from various sources (Police, NGOs, hospitals and other treatment centres, demographic health surveys, school surveys, specialized surveys .) to guide policies on combating drug abuse and its social and health consequences (stigmatization, school drop-out, social disturbances, imprisonment, HIV/AIDS, etc ).</s>
    <s>Strengthening coordination mechanisms:</s>
    <s>Establish an operational management mechanism within Inter-ministerial committees for the fight against drugs, to work on prevention, management and reintegration strategies with focal points of partner organizations.</s>
    <s>Sustainability and effectiveness of prevention initiatives:</s>
    <s>Establish a Support Fund for drug abuse prevention actions in the sub-region, in collaboration with ECOWAS and other partner organizations;</s>
    <s>Drug abuse prevention:</s>
    <s>Support the reactivation of West African Youth Network against drugs in partnership with governmental structures in charge of education, youth, sports and other development partners by:</s>
    <s>setting up national youth networks in accordance with the recommendations of the 2008 Bamako workshop; implementing the sectoral prevention programme in each country.</s>
    <s>Strengthen the Civil Society’s intervention capacities as part of the prevention, management and reintegration efforts in order to involve them in the national response mechanisms;</s>
    <s>Strengthen and improve the community prevention initiatives in favour of the vulnerable populations; Strengthen the means of screening, risk reduction and treatment of infections related to HIV/AIDS, tuberculosis and the hepatitis virus;</s>
    <s>Development of treatment and rehabilitation services:</s>
    <s>Establish in each of our States a referral centre for the treatment and reintegration of drug addicts; Strengthen the capacities of health professionals in referral centres;</s>
    <s>Promote the creation of management and reintegration units in health structures;</s>
    <s>Set up mobile intervention teams;</s>
    <s>V. JOINT INITIATIVES</s>
    <s>Undertake to implement the following joint initiatives to protect our common environment from the dangers of drugs and crime:</s>
    <s>1. Reinforcement of drug control in airports</s>
    <s>2. Reinforcement of maritime border surveillance</s>
    <s>3. Reinforcement of land border surveillance</s>
    <s>4. Harmonization of legislations, reinforcement of Mutual Legal Assistance and simplification of the Extradition procedure;</s>
    <s>5. Building capacities to combat money laundering;</s>
    <s>6. Setting up of Referral Treatment and Reintegration Centres for drug addicts in each State;</s>
    <s>7. Prevention and treatment of HIV/AIDS, tuberculosis and hepatitis among drug users;</s>
    <s>8. Developing prevention strategies for education and youth sectors in the sub-region</s>
    <s>9. Reinforcing community prevention dynamics through NGOs and Youth Associations in the West African sub-region</s>
    <s>10. Integration in the education and training curricula or programme, of basic skills likely to contribute to drug abuse prevention.</s>
    <s>11. Monitoring and evaluation coordination</s>
    <s>These joint initiatives are summarized in Appendix II and detailed studies will be conducted in collaboration with our development partners and UN specialized institutions to determine their exact costs as well as the terms and conditions of financing and implementation</s>
    <s>VI. COORDINATION, MONITORING AND EVALUATION MECHANISM</s>
    <s>Setting up a Monitoring and Evaluation Committee composed of the coordinators of the different Inter-Ministerial Committees for Drug Control (CILD) of State Parties to the Dakar Initiative. The Secretariat of this Committee could be provisionally hosted by Senegal’s Inter-Ministerial Committees for Drug Control (CILD) .</s>
    <s>The Coordinator of the Committee shall be designated on a revolving basis from among the different CILD coordinators of State Parties for a two-year mandate.</s>
    <s>While ECOWAS is a member of the Monitoring and Evaluation Committee, the Conference of Ministers in charge of drug issues invites the European Union, UNODC, the European Commission and the United States of America, currently observers, and other international partners to become members of the committee.</s>
    <s>VII. INTERNATIONAL COOPERATION</s>
    <s>We invite ECOWAS, Member States of the European Union, UNODC, OIPC-INTERPOL, USA, the European Commission, State partners or partner organizations to support the actions contained in the Dakar Initiative.</s>
    <s>Mesures phares</s>
    <s>Renforcement du Cadre Institutionnel</s>
    <s>Renforcement des capacités de lutte contre le blanchiment d’argent</s>
    <s>Renforcement du contrôle des trafics illicites au sein des aéroports</s>
    <s>Harmonisation des lois et coopération judiciaire</s>
    <s>Etablissement de centres de traitement et de réinsertion de référence pour les personnes dépendantes des drogues dans chaque Etat</s>
    <s>Prévention et traitement du VIH/SIDA de la tuberculose et des hépatites parmi les usagers de drogues les plus vulnérables (UDI, consommateurs de crack, femmes, jeunes, prisonniers, travailleurs du sexe, hommes ayant des rapports avec les hommes)</s>
    <s>Développement de stratégies de prévention pour les secteurs de l’éducation et de la jeunesse et Renforcement des dynamiques communautaires de prévention à travers les ONGs et les associations de jeunes dans la sous région</s>
    <s>Renforcement des contrôles aux frontières terrestres</s>
    <s>Renforcement de la surveillance des frontières maritimes</s>
    <s>Renforcement des capacités d’intervention des acteurs de la lutte contre les drogues</s>
    <s>Renforcement de la coordination et mise en place de mesures de suivi et d’évaluation des activités reteunes par l’Initiative de Dakar</s>
    <s>Confidentialité Conditions d'utilisation</s>
    <s>Copyright 2010 by Dakarcontreladrogue.org Connexion</s>
  </text>
</page>
