<?xml version="1.0" encoding="UTF-8"?>
<!DOCTYPE page SYSTEM "page.dtd">
<page>
  <lang>fr</lang>
  <url>http://cgtribc.pagesperso-orange.fr/</url>
  <title>Présentation de la conférence</title>
  <snippet>
    <s>6 avr. 2011 Le Conseil d&#39;administration de la Conférence Générale est composé de : - membres de droit qui sont : o les présidents de délégation régionale </s>
  </snippet>
  <text>
    <s>1, quai de la Corse 75181 PARIS CEDEX 04</s>
    <s>Tel : 01 44 32 83 47 Fax : 01 40 51 00 31</s>
    <s>Presentation :</s>
    <s>La Conference Generale des Juges Consulaires de France : qui est-elle ?</s>
    <s>La Conference Generale des Juges Consulaires de France est dans la continuite de la Conference Generale des Tribunaux de Commerce qui a ete creee il y a 108 ans.</s>
    <s>Elle est l'organe de representation des juges des tribunaux de commerce aupres du Ministere de la Justice, des Pouvoirs publics, des milieux judiciaires, politiques et economiques.</s>
    <s>Les juges consulaires, qui y adherent librement, constituent l'assemblee generale de cette association, dont l'objet statutaire est de :</s>
    <s>faire connaitre l'institution consulaire et assurer sa notoriete,</s>
    <s>representer les juges consulaires aupres des autorites de tutelle,</s>
    <s>veiller au respect des regles ethiques et deontologiques,</s>
    <s>assurer la formation des juges,</s>
    <s>defendre les interets materiels et moraux, individuels et collectifs, et les droits des juges consulaires, y compris en estant en justice,</s>
    <s>realiser etudes et travaux sur les questions liees aux activites judiciaires,</s>
    <s>entretenir et developper des relations cordiales et solidaires entre ses membres.</s>
    <s>Les 3100 juges et 131 tribunaux de commerce, les Chambres commerciales d'Alsace Moselle et les tribunaux mixtes d'Outre-Mer sont regroupes en 16 delegations consulaires, comprenant chacune le ressort d'une ou plusieurs Cours d'appel.</s>
    <s>Les Juges Consulaires : qui sont ils ?</s>
    <s>Ce sont des hommes et des femmes, chefs d'entreprises en nom personnel ou dirigeants de societes, elus par leurs pairs et issus, comme eux, du monde economique exerçant cette fonction benevolement. Fonction qui consiste a juger toutes les affaires de competence commerciale recouvrant 3 domaines :</s>
    <s>le contentieux general,</s>
    <s>les procedures collectives,</s>
    <s>la prevention des difficultes des entreprises.</s>
    <s>L'engagement necessite une entiere disponibilite et surtout, un investissement personnel dans la mission, notamment a travers une formation, initiale et continue, indispensable et acceptee.</s>
    <s>Quatre exigences definissent les principes du comportement du juge consulaire :</s>
    <s>la competence</s>
    <s>la discipline</s>
    <s>la confidentialite</s>
    <s>Le Bureau</s>
    <s>Le Conseil d'administration elit chaque annee au scrutin secret, parmi ses membres, un Bureau compose de :</s>
    <s>- un president,</s>
    <s>- deux vices-presidents</s>
    <s>- un secretaire general</s>
    <s>- un tresorier.</s>
    <s>Sur proposition du bureau le Conseil d'administration designe un ou plusieurs secretaires generaux adjoints, sans voix deliberative.</s>
    <s>bureau.pdf 32ko</s>
    <s>Le Conseil d'administration</s>
    <s>Le Conseil d'administration de la Conference Generale est compose de :</s>
    <s>- membres de droit qui sont :</s>
    <s>o les presidents de delegation regionale (15 actuellement)</s>
    <s>o les trois derniers presidents de la Conference Generale et des deux derniers rapporteurs generaux l'acceptant (5)</s>
    <s>- membres elus par l'assemblee generale annuelle des adherents de la Conference Generale, en nombre egal a celui des membres de droit plus un, (21).</s>
    <s>Les Presidents de delegations regionales</s>
    <s>Il existe quinze delegations regionales dont le territoire correspond au ressort de une ou plusieurs Cours d'appel. Elles ont vocation a representer la Conference Generale des Juges Consulaires de France et a demultiplier son action au niveau regional. Le President de la Delegation Regionale doit etre un juge en activite lors de son election, et il est elu pour un mandat de trois ans, eventuellement renouvelable une fois, par un college compose des membres de l'Association exerçant la fonction de President de chacun des Tribunaux de Commerce de la delegation concernee. A defaut de candidat en activite, le President pourra etre choisi parmi les anciens presidents de Tribunal ayant cesse leurs fonctions depuis cinq annees judiciaires au plus.</s>
    <s>pour lire les fichiers pdf</s>
    <s>• La lettre du President</s>
    <s>Avril 2011  N°36</s>
    <s>- L'actualite</s>
    <s>- Les evenements a venir</s>
    <s>- Les hommes</s>
    <s>- La Conference Generale a l'honneur</s>
    <s>-Les nouveaux Presidents de Tribunaux de Commerce</s>
    <s>…en savoir plus</s>
    <s>mise en ligne le : 06/04/2011</s>
    <s>• Juge du Commerce n°44 - Mars 2011</s>
    <s>- Editorial du President</s>
    <s>- Evenements</s>
    <s>Congres de Nice</s>
    <s>- Atelier Marc</s>
    <s>- Atelier TDE</s>
    <s>- Atelier Actu Juridique</s>
    <s>- Actualites</s>
    <s>- Tribunaux en region</s>
    <s>- Les questions-reponses</s>
    <s>- Le decret du 1/10/2010</s>
    <s>- les depots de comptes annuels des societes - Pratique en Europe</s>
    <s>- Interview de M. Laurent VALLEE</s>
    <s>- Le dossier</s>
    <s>- La Commission TDE</s>
    <s>…telecharger pdf - 2,2mo</s>
    <s>mise en ligne le : 23/02/20101</s>
    <s>• Le Themistel N°22</s>
    <s>janvier 2011 en savoir plus</s>
    <s>• L'Abecedaire</s>
    <s>Novembre 2010 </s>
    <s>telecharger (pdf 460 ko)</s>
  </text>
</page>
