<?xml version="1.0" encoding="UTF-8"?>
<!DOCTYPE page SYSTEM "page.dtd">
<page>
  <lang>fr</lang>
  <url>http://newsguide.us/fr/computer/software/imagine-learning-to-sponsor-site-visit-at-upcoming-nsba-conference.html</url>
  <title>Imagine Learning to Sponsor Site Visit at Upcoming NSBA Conference ...</title>
  <snippet>
    <s>Apr 6, 2011 The company will also sponsor a site visit to Downer Elementary School in Visiting a school is one of the best ways for educators to evaluate innovative technology solutions Retour au début Articles - Ordinateur </s>
  </snippet>
  <text>
    <s>Sunday, 16 Octobre 2011</s>
    <s>Nouvelles du monde</s>
    <s>Automotive News</s>
    <s>Marché secondaire</s>
    <s>Autos classiques</s>
    <s>Publications du consommateur</s>
    <s>Moto et vélo</s>
    <s>Véhicules récréatifs</s>
    <s>Réparation et Service</s>
    <s>Publications commerciales</s>
    <s>Business News</s>
    <s>La publicité et Marketing</s>
    <s>Recherche de consommation</s>
    <s>Marketing direct</s>
    <s>Commerce électronique</s>
    <s>Entreprises publiques</s>
    <s>Petites entreprises</s>
    <s>Marketing de réseau</s>
    <s>Sites Web et Internet</s>
    <s>Education News</s>
    <s>Collège et l'Université</s>
    <s>Enseignement à domicile</s>
    <s>Post Graduate</s>
    <s>Art &amp; Entertainment News</s>
    <s>Musique country</s>
    <s>Fine Art</s>
    <s>Nouvelles et Talk-Shows</s>
    <s>Arts de la scène</s>
    <s>Jeux vidéo</s>
    <s>Nouvelles sur la santé</s>
    <s>Soins dentaires</s>
    <s>Produits médicaux</s>
    <s>Produits pharmaceutiques</s>
    <s>Médecine sportive</s>
    <s>Vie et Style News</s>
    <s>Vie de famille</s>
    <s>Des aliments et boissons</s>
    <s>Santé et activité physique</s>
    <s>Hôtel et Resorts</s>
    <s>Show Business</s>
    <s>Le Guide</s>
    <s>Voyages et tourisme</s>
    <s>News Media</s>
    <s>Les blogs et les médias sociaux</s>
    <s>Web Design</s>
    <s>Computer News</s>
    <s>Bases de données</s>
    <s>Jeux et divertissements</s>
    <s>Linux et GNU « Open Source »</s>
    <s>Microsoft Windows PC</s>
    <s>Systèmes d'exploitation</s>
    <s>Sport News</s>
    <s>La bicyclette</s>
    <s>Navigation de plaisance et Maritime</s>
    <s>Arts martiaux</s>
    <s>Jeux olympiques</s>
    <s>Activités de plein air</s>
    <s>Hiver &amp; neige</s>
    <s>Nouvelles technologies</s>
    <s>Logiciel d'entreprise</s>
    <s>Jeux en ligne</s>
    <s>PC Computer News Logiciel</s>
    <s>Imagine Learning to Sponsor Site Visit at Upcoming NSBA Conference</s>
    <s>sur 06 April 2011.</s>
    <s>Imagine Learning will display its award-winning children’s literacy software, Imagine Learning English, at the NSBA conference held April 9–11 in San Francisco. The company will also sponsor a site visit to Downer Elementary School in nearby Richmond.Visiting a school is one of the best ways for educators to evaluate innovative technology solutions</s>
    <s>Educational software company Imagine Learning will showcase its award-winning language and literacy program, Imagine Learning English, at the upcoming NSBA conference held April 9–11 in San Francisco. The company will also host a site visit, where educators can see firsthand how Imagine Learning English helps schools engage students and accelerate progress.</s>
    <s>The National School Board Association conference is one of the largest of its kind, drawing school board members, superintendents, and other district administrators from across the country. In 2010, the NSBA conference hosted educators from 1,470 school districts. These educators represented nearly a third of the nation’s public school enrollment.</s>
    <s>The 2011 NSBA conference will focus on 21st century skills, as well as strategies for maximizing school and district budgets in times of limited funding.</s>
    <s>Conference attendees can visit booth 1238 to experience Imagine Learning English and play an interactive touch-screen game from the program. Imagine Learning is also hosting a site visit to a nearby elementary school, where attendees will be able to watch students use Imagine Learning English and learn how school administrators are successfully implementing the program and boosting student achievement.</s>
    <s>“Visiting a school is one of the best ways for educators to evaluate innovative technology solutions like Imagine Learning English,” said Imagine Learning Area Partnership Manager Ben Eyre. “Conference attendees can learn a lot at our booth in the exhibit hall, but visiting a school and seeing students engaged with learning on a computer helps administrators see how Imagine Learning English can help with their district’s specific challenges.”</s>
    <s>Imagine Learning sponsored a similar site visit during the recent ASCD conference, also held in San Francisco. Attendees visited a nearby school, observed students using Imagine Learning English both in a computer lab and a classroom setting, and spoke with the school administration.</s>
    <s>“Imagine Learning English exemplifies the key points of this year’s NSBA conference. It helps school districts maximize the use of their funds while at the same time delivering an adaptive curriculum that gives students the 21st century skills they need to create successful futures,” said Julie Moselle, executive director of marketing for Imagine Learning.</s>
    <s>The site visit to Downer Elementary School is scheduled for Monday, April 11. Attendees will meet at booth 1238 at 9:30 a.m. To reserve a space for the site visit, contact Imagine Learning representative Ashley Arias at 801-885-7082 or at ashley(dot)arias(at)imaginelearning(dot)com. Transportation will be provided. Space is limited.</s>
    <s>About Imagine Learning</s>
    <s>At Imagine Learning, we’re passionate about bringing language and literacy instruction to the students who need it most. That’s why we used state standards and scientifically based research to develop Imagine Learning English, an innovative software program that uses first-language support, continual assessment and differentiated instruction to meet the needs of four key student populations: English learners, struggling readers, students with disabilities et early childhood education students. Imagine Learning English gives students one-on-one instruction, continual assessment, and scaffolded support while keeping teachers abreast of student progress through real-time reports. Visit our website at http://www.imaginelearning.com to find out how we’re giving students, parents and teachers essential tools for language and literacy development.</s>
    <s>Articles connexes dans cette catégorie.</s>
    <s>Walmart and APT Co-Present at the Loss Prevention, Auditing and Safety </s>
    <s>Bare Reef Rebranding StockTrac as Portfolio Mobile and Going Mac</s>
    <s>ImmersiFind Rolling Out Daily Deals</s>
    <s>INT Releases GeoToolkit.NET 3.1</s>
    <s>MoVend In-App Payments Expands to BlackBerry and Windows Platforms</s>
    <s>Infolinx Partners with Laserfiche for Total Enterprise Records </s>
    <s>Demandware Adds Sheila Flaherty to its Executive Team as VP and </s>
    <s>Enterprise Companies Want Flexibility in Telephony Options</s>
    <s>Rhomobile Selects LoopFuse OneView for Marketing Automation</s>
    <s>Strategic Sales Systems Provides Customized Sage SalesLogix CRM </s>
    <s>Freeborders Expands SAP ECC 6.0 Upgrade Services Offering</s>
    <s>Berkshire Associates Partners with DirectEmployers to Provide Members </s>
    <s>Arcadia, ZAO - Results of 2010: Stable Development and New Vertical </s>
    <s>DLI.tools Introduces No-Risk Proof of Concept Offer</s>
    <s>MyReviewsNow Introduces the ProFlight Simulator Program</s>
    <s>Retour au début Articles - Ordinateur</s>
    <s>Agence ESS sélectionné comme partenaire officiel Unis stratégique pour le </s>
    <s>Vitesse Waylon: dates de tournée avec Jackie Greene, New LP Téléchargements, </s>
    <s>BitNami ajoute le support pour les SSFE CloudFormation, simplifie le déploiement des </s>
    <s>WizeHive emboîtera Google; Offres 250,000 $ de Free Grant et </s>
    <s>VectorCAST embarqué Logiciel d'analyse et de test intégré </s>
    <s>Version finale de WinRAR 4.0 prêt pour le téléchargement</s>
    <s>Anneaux OnlineClock.net En 5e anniversaire Avec 5 nouvelles horloges</s>
    <s>1E à conduire la discussion efficacité informatique chez MMS 2011</s>
    <s>NOUVELLE TECHNOLOGIE EMBEDDED lance COM Express Compact Computer </s>
    <s>Bases de données EBSCO Publishing, il est facile à observer la Journée de la Terre Chaque </s>
    <s>Dernier Articles - Ordinateur</s>
    <s>Resfly Introduces New Web Service for One-Click Job Publishing (2011-10-16)</s>
    <s>Accurate and On Time: EzPaycheck Software Automates Payroll Processing (2011-10-16)</s>
    <s>Vworker Launches New Anti-Spam Feature (2011-10-16)</s>
    <s>Immersive Learning University Announces Inaugural Conference and (2011-10-16)</s>
    <s>PipelineFX Releases Qube6.3 which Delivers Real-world ROI for (2011-10-15)</s>
    <s>Emergency Ultrasound Consultants Announces Initial Credentialing (2011-10-15)</s>
    <s>Twitter Ticker Evolves, Version 1.1 Now Available (2011-10-15)</s>
    <s>Hagel &amp; Company to Participate in the 28th Annual PASCO Wine (2011-10-15)</s>
    <s>Jason Vowell Joins Consensus Point as Lead Architect (2011-10-15)</s>
    <s>Beyond415(TM) Wins K2 Enterprises New Product Quality Award -- Award (2011-10-15)</s>
    <s>Flux RSS</s>
    <s>Copyright © 2011 NewsGuide</s>
  </text>
</page>
