<?xml version="1.0" encoding="UTF-8"?>
<!DOCTYPE page SYSTEM "page.dtd">
<page>
  <lang>fr</lang>
  <url>http://s2hep.univ-lyon1.fr/seminaire-de-recherche-du-leps-lirdhist/271-pablo-mariconda-11-10-2011</url>
  <title>Pablo Mariconda 11-10-2011</title>
  <snippet>
    <s>il y a 4 jours Conférencier invité par le Laboratoire Sciences et Société, Historicité, Education, Pratiques (S2HEP) et le Master Recherche Histoire, </s>
  </snippet>
  <text>
    <s>!                                 !</s>
    <s>Seminaire de recherche</s>
    <s>Archive 2002 +</s>
    <s>Colloques organisés par S2HEP</s>
    <s>Colloques et sites extérieurs</s>
    <s>Axes de recherche</s>
    <s>La discipline scientifique</s>
    <s>Ressources numériques</s>
    <s>Master HPDS (M1 et M2)</s>
    <s>Informations pratiques</s>
    <s>Pablo Mariconda 11-10-2011</s>
    <s>Le Mardi 11 octobre, de 17h à 19h dans la salle de conférence de la B.U. Sciences (accès par le hall d'entrée de la bibliothèque).</s>
    <s>Pablo Mariconda, Professeur de philosophie des sciences à l'Université de São Paulo, présente une conférence sur ' Naissance de l'observateur moderne, Copernic, Vésale, Galilée, Descartes et le pouvoir de contrôle sur la nature'</s>
    <s>Conférencier invité par le Laboratoire Sciences et Société, Historicité, Education, Pratiques (S2HEP) et le Master Recherche Histoire, Didactique et Philosophie des Sciences. Entrée libre et gratuite dans la limite des places disponibles </s>
    <s>Présentation de l'équipe</s>
    <s>Infos pratiques</s>
    <s>se connecter</s>
    <s>Mot de passe</s>
    <s>Se souvenir de moi</s>
    <s>Mot de passe oublié ?</s>
    <s>Identifiant oublié ?</s>
    <s>Animé par Joomla!. valide XHTML et CSS.</s>
  </text>
</page>
