<?xml version="1.0" encoding="UTF-8"?>
<!DOCTYPE page SYSTEM "page.dtd">
<page>
  <lang>fr</lang>
  <url>http://calenda.revues.org/nouvelle15572.html</url>
  <title>Calenda - Paradigmes en mutation : du rôle transformateur de la ...</title>
  <snippet>
    <s>27 janv. 2010 Conférencier invité : Catherine Porter, Présidente de MLA (Modern Language Association), Comité organisateur de l&#39;University d&#39;Illinois </s>
  </snippet>
  <text>
    <s>Abonnez-vous à la lettre :</s>
    <s>À propos de Calenda</s>
    <s>Signaler un événement</s>
    <s>en Sciences humaines</s>
    <s>et sociales</s>
    <s>Octobre 2011</s>
    <s>À la une</s>
    <s>Toutes les catégories</s>
    <s>Esprit et langage</s>
    <s>Types d'événements</s>
    <s>Tous les types</s>
    <s>Appels à contribution</s>
    <s>Journées d'étude</s>
    <s>Bourses, prix et emplois</s>
    <s>Appels d'offres</s>
    <s>Cycles de conférences</s>
    <s>Informations diverses</s>
    <s>!Voir les nouvelles</s>
    <s>S'abonner aux flux RSS de Calenda</s>
    <s>Archiver cette annonce</s>
    <s>À lire sur le même thème</s>
    <s>Épistémologie et méthodes</s>
    <s>Pensar a sociedade no século XXI</s>
    <s>Sciences sociales de l'urbain</s>
    <s>Arnold van Gennep : terrains, oppositions, réseaux</s>
    <s>Archéologie des moulins hydrauliques, à traction animale et à vent, des origines à l'époque médiévale</s>
    <s>Quels regards scientifiques sur l’Afrique depuis les indépendances ?</s>
    <s>Traitements et contraintes : approches empiriques des dispositifs de prise en charge institutionnelle</s>
    <s>Les mots des vêtements et des textiles</s>
    <s>Les normes de parentalité</s>
    <s>Figurines en contexte : iconographie et fonction(s)</s>
    <s>Vendre, promouvoir, éduquer : expositions et sociétés dans les colonies françaises, de 1830 aux indépendances</s>
    <s>In progress. Encontro sobre ciências sociais e desenvolvimento em África</s>
    <s>Migrations, immigrations, minorités</s>
    <s>The Political Project of the European Union: Current State and Future Perspectives</s>
    <s>Congresso internacional de investigação e desenvolvimento sócio-cultural</s>
    <s>Migração e qualidade de vida em áreas não-metropolitanas</s>
    <s>Histoire des sciences</s>
    <s>Arnold van Gennep : terrains, oppositions, réseaux</s>
    <s>Mémoires des sciences, traces du développement en Afrique</s>
    <s>Médicament(s) XIIe-XVIIIe siècle</s>
    <s>Dramaturgie des idées</s>
    <s>L'enfant, l'éternité et la mort</s>
    <s>Entre parents et enfant</s>
    <s>Identités culturelles</s>
    <s>Catégories et représentations de classes des groupes sociaux au Nord et au Sud</s>
    <s>Dynamiques sociolinguistiques des parlers (de) jeunes en situations urbaines francophones</s>
    <s>Non-lieux de l'exil</s>
    <s>Histoire des religions</s>
    <s>Le testament spirituel, du Moyen-Âge à l'époque moderne. Legs, salut de l'âme, miroir de vertus chrétiennes</s>
    <s>Le protestantisme et la cité</s>
    <s>La figure de l’évêque défunt et le monde paléochrétien</s>
    <s>Anthropologie culturelle</s>
    <s>Peinture murale, enjeux et perspectives</s>
    <s>De compétences en performances…</s>
    <s>La deuxième vie des objets</s>
    <s>Accueil  &gt;  Catégories  &gt;  Esprit et langage  &gt;  Épistémologie et méthodes</s>
    <s>Épistémologie et méthodes</s>
    <s>Appel à contribution</s>
    <s>Jeudi 15 avril 2010  |  Urbana-Champaign (USA)</s>
    <s>Paradigmes en mutation : du rôle transformateur de la traduction pour les sciences humaines</s>
    <s>Shifting Paradigms : How Translation Transforms the Humanities</s>
    <s>Publié le mercredi 27 janvier 2010 par Marie Pellen</s>
    <s>Ce colloque rassemblera des spécialistes de divers domaines, qu’ils soient ou non praticiens de la traduction, afin de débattre des recherches actuelles sur les liens entre traduction et sciences humaines. Nous souhaitons plus particulièrement évaluer dans quelle mesure les humanités prennent en compte les spécificités de la traduction dans leur pratique de recherche, et comment l'acte de traduction, loin d'être neutre, est en lui-même un facteur épistémologique majeure de la transmission du savoir dans les sciences humaines</s>
    <s>14-16 octobre 2010</s>
    <s>The University of Illinois at Urbana-Champaign</s>
    <s>Levis Faculty Center</s>
    <s>Conference organisee conjointement par</s>
    <s>The Center for Translation Studies of the University of Illinois at Urbana-Champaign</s>
    <s>Universite Paris Diderot</s>
    <s>Ce colloque rassemblera des specialistes de divers domaines, qu'ils soient ou non praticiens de la traduction, afin de debattre des recherches actuelles sur les liens entre traduction et sciences humaines. Nous souhaitons plus particulierement evaluer dans quelle mesure les humanites prennent en compte les specificites de la traduction dans leur pratique de recherche.</s>
    <s>Les chercheurs travaillant dans le domaine de la traduction en appellent depuis longtemps a un changement de paradigme dans la definition des rapports entre traduction et sciences humaines. Alors qu'on admet communement qu'une part importante de nos connaissances communes doit sa transmission a la traduction, les effets d'une telle realite sur la construction et la circulation des connaissances sont trop rarement pris en compte, en particulier dans le domaine des sciences interpretatives que sont les humanites.</s>
    <s>Notre colloque se propose de voir si, et comment, un tel changement epistemologique a lieu, ceci en examinant :</s>
    <s>1. les façons dont les theories de la traduction, en se deplaçant hors d'une perspective eurocentrique, peuvent jouer un role au sein des disciplines de sciences humaines qui travaillent en situation de transfert culturel, ou font du transfert culturel leur objet d'etude ;</s>
    <s>2. aux façons dont la traduction elle-meme peut etre perçue comme une force transformatrice contribuant a l'etablissement de champs disciplinaires au sein des sciences humaines.</s>
    <s>Notre colloque abordera ces questions en prenant en compte tout a la fois la theorie, la pratique et l'environnement institutionnel de la traduction. Cette rencontre defendra l'idee selon laquelle il est urgent de construire un cadre theorique permettant de prendre en compte les specificites linguistiques et culturelles des disciplines qui constituent les sciences humaines, notamment a partir de concepts tels que la dislocation de la culture (H. Bhabha), la violence ethnocentrique de la traduction (L. Venuti), l'epreuve de l'etranger (A. Berman), la dissymetrie du transfert culturel.</s>
    <s>Seances plenieres et ateliers thematiques</s>
    <s>Conference pleniere</s>
    <s>Conferencier invite : Catherine Porter, Presidente de MLA (Modern Language Association), initiateur de la thematique annuelle de MLA pour 2009 : « Les taches de la traduction dans le contexte de la mondialisation »</s>
    <s>Deux conferences thematiques encadreront les deux axes principaux des ateliers.</s>
    <s>1. Une nouvelle geographie. Traduction et decentrement : la fin de la perspective eurocentrique</s>
    <s>Conferencier invite : Jean-Noel Robert, Directeur d'etudes a l'Ecole pratique des hautes etudes</s>
    <s>Distribution des ateliers :</s>
    <s>Domination linguistique et nouvelles experiences de l'etranger</s>
    <s>Memoire : du role moteur de la traduction dans l'histoire des sciences</s>
    <s>Traduction et culture populaire a l'ere de la globalisation</s>
    <s>Nouveaux concepts : traduction et renovation des idees</s>
    <s>D'une langue a l'autre : dimensions anthropologiques et psychologiques de la traduction</s>
    <s>Les apports extra-europeens aux theories de la traduction</s>
    <s>2. Mutations institutionnelles. Traduction et restructuration de l'enseignement et de la recherche</s>
    <s>Conferencier plenier : Lawrence Venuti, auteur de L'Invisibilite du traducteur</s>
    <s>Distribution des ateliers :</s>
    <s>Nouvelles pratiques de la traduction</s>
    <s>Les nouvelles façons de faire dans l'enseignement de la traduction</s>
    <s>Le cadre institutionnel de la traduction</s>
    <s>Lecture, edition, publication : la traduction et son public</s>
    <s>Le role de la traduction dans la comprehension des transferts culturels</s>
    <s>La traduction comme facteur transformateur des disciplines</s>
    <s>Premier appel a communications</s>
    <s>Chercheurs, specialistes et praticiens de la traduction, quels que soient leur specialite, domaine de recherche et rattachement universitaire ou institutionnel, sont invites a soumettre des propositions de communication. Peuvent etre presentees : des communications individuelles (30 minutes) ; des communications groupees de trois intervenants (20 minutes par intervenant, 90 minutes pour l'ensemble des intervenants) ; des performances publiques. Les langues en usage lors du colloque sont l'anglais et le français. Les communications donneront lieu a une publication en ligne.</s>
    <s>Les propositions de communication sont a envoyer a translation@illinois.edu et incluront :</s>
    <s>Titre de la communication individuelle ou groupee</s>
    <s>Nom, titre, rattachement institutionnel du/des conferencier(s)</s>
    <s>Resume (300 mots maximum) (dans le cas d'une communication groupee : un seul resume par groupement)</s>
    <s>Dates :</s>
    <s>Envoi des propositions : jusqu'au 15 avril 2010</s>
    <s>L'annonce finale et le programme du colloque seront rendus publics le 15 juin 2010</s>
    <s>Comites preparatoires</s>
    <s>Comite organisateur de l'University d'Illinois</s>
    <s>Elizabeth Lowe, Associate Professor and Director, Center for Translation Studies (elowe@illinois.edu)</s>
    <s>Patricia Phillips Batoma, Lecturer, Center for Translation Studies (pphillip@illinois.edu)</s>
    <s>Anastasia Lakhtikova, Lecturer, Center for Translation Studies (Conference Coordinator) (alakhtik@illinois.edu)</s>
    <s>Comite scientifique Universite d'Illinois (UIUC) &amp; Universite Paris Diderot (P-Did.)</s>
    <s>Nancy Abelmann, Associate Vice Chancellor for Research, UIUC (nabelman@illinois.edu)</s>
    <s>Fethi Benslama, Universite Paris-Diderot, Professeur, UFR Sciences humaines cliniques, P.-Did. (benslama@univ-paris-diderot.fr)</s>
    <s>Antoine Caze, Universite Paris-Diderot, Professeur, UFR Etudes anglophones, P.-Did. (antcaze@wanadoo.fr)</s>
    <s>Wail Hassan, Associate Professor, Comparative and World Literature, UIUC (whassan@illinois.edu)</s>
    <s>Claire Joubert, Professeur, Universite Paris 8 (claire-joubert@orange.fr)</s>
    <s>Jean-Rene Ladmiral, Professeur emerite, Universite Paris X Nanterre</s>
    <s>Rainier Lanselle, Universite Paris-Diderot, Maitre de conferences, UFR Asie Orientale, P.-Did. (rainier.lanselle@univ-paris-diderot.fr)</s>
    <s>Jean-Philippe Mathy, Head, Department of Comparative and World Literature, UIUC (jmathy@illinois.edu)</s>
    <s>Rajeshwari Pandharipande, Professor, Departments of Linguistics and Religious Studies, UIUC (raj-pan@ILLINOIS.EDU)</s>
    <s>Joyce Tolliver, Associate Professor, Spanish, Gender and Womens Studies, UIUC (jtolliver@gmail.com)</s>
    <s>Frederic Ogee, Universite Paris-Diderot, Professeur, UFR Etudes anglophones, P.-Did. (frederic.ogee@univ-paris-diderot.fr)</s>
    <s>Emmanuel Poisson, Universite Paris-Diderot, Maitre de conferences HDR, UFR Asie Orientale, P.-Did. (emmanuel.poisson@univ-paris-diderot.fr)</s>
    <s>traduction, sciences humaines, interculturel, épistémologie</s>
    <s>Fichiers attachés</s>
    <s>CFP Flyer FRA.pdf</s>
    <s>Urbana-Champaign (USA) (The University of Illinois at Urbana-Champaign Levis Faculty Center - Illinois USA)</s>
    <s>Date limite</s>
    <s>jeudi 15 avril 2010</s>
    <s>Rainier Lanselle</s>
    <s>courriel : rainier point lanselle (at) univ-paris-diderot point fr</s>
    <s>Université Paris Diderot</s>
    <s>UFR Langues et Civilisations d’Asie Orientale</s>
    <s>Grands Moulins</s>
    <s>16 rue Marguerite Duras</s>
    <s>75205 Paris Cedex 13 - FRANCE</s>
    <s>01 57 27 64 30</s>
    <s>Url de référence</s>
    <s>Université Paris Diderot</s>
    <s>Source de l'information</s>
    <s>Rainier Lanselle</s>
    <s>courriel : rainier point lanselle (at) univ-paris-diderot point fr</s>
    <s>Pour citer cette annonce</s>
    <s>« Paradigmes en mutation : du rôle transformateur de la traduction pour les sciences humaines », Appel à contribution, Calenda , publié le mercredi 27 janvier 2010, http://calenda.revues.org/nouvelle15572.html</s>
    <s>Accès réservé</s>
    <s>Revues.orgRevues et collections de livres</s>
    <s>Les revues (305)</s>
    <s>Les collections de livres (18)</s>
    <s>En savoir plus</s>
    <s>CalendaCalendrier des sciences sociales</s>
    <s>Acceder aux evenements ()</s>
    <s>En savoir plus</s>
    <s>Hypotheses.orgCarnets et blogs de recherche</s>
    <s>Acceder aux carnets (242)</s>
    <s>En savoir plus</s>
    <s>Lettre &amp; alertes</s>
    <s>LettreS'abonner a la Lettre de Revues.org</s>
    <s>Alertes &amp; abonnementsAcceder au service</s>
    <s>Calendrier des lettres et sciences humaines et sociales</s>
    <s>*jeudi 15 avril 2010: 20100415</s>
  </text>
</page>
