<?xml version="1.0" encoding="UTF-8"?>
<!DOCTYPE page SYSTEM "page.dtd">
<page>
  <lang>fr</lang>
  <url>http://blog.bforbank.com/isf/2011/03/09/point-de-vue-des-economistes-sur-irf/</url>
  <title>IRF : ce que les économistes en pensent « Le Blog ISF</title>
  <snippet>
    <s>Rejet de principe des économistes. La presse s&#39;est faite l&#39;écho des réflexions Cet article a été publié le Wednesday 9 March 2011 à 2:44 pm. Dossier spécial ISF 2010 &middot; La Conférence live ISF de BforBank Comment évaluer ses biens ? </s>
  </snippet>
  <text>
    <s>[Le Blog ISF</s>
    <s>Vous payez l'ISF? Un blog décomplexé pour en parler.</s>
    <s>IRF : ce que les économistes en pensent</s>
    <s>Supprimer l'ISF pour le remplacer par un impôt sur les plus-values latentes, l'impôt sur le revenu de la fortune (IRF)? Cette option n&quot;a pas été envisagée par les économistes auditionnés par la Commission des finances du Sénat en février dernier (Voir le compte-rendu de cette table ronde ainsi que notre post sur le sujet). A juste titre.</s>
    <s>Rappel des principes de ce nouvel impôt</s>
    <s>Selon les premiers éléments mis à la disposition du public, il s'agirait d'établir une comparaison de la valeur du patrimoine en début et en fin d'année afin de constater éventuellement une plus-value latente.</s>
    <s>Cette plus-value, hors celles relatives à la résidence principale et aux titres de PME non cotées, serait taxée à un taux unique de 19%.</s>
    <s>La moins-value latente, éventuellement &quot;dégagée&quot; en cas de baisse de valorisation du patrimoine sur l'année, serait reportable sur les plus-values latentes des dix années suivantes.</s>
    <s>Seuls les patrimoines d'une valeur supérieure à 1,3 millions d'euros seraient concernés.</s>
    <s>Rejet de principe des économistes</s>
    <s>La presse s'est faite l'écho des réflexions des économistes interrogés par le Sénat lors de la table ronde de février dernier (Jean-Hervé Lorenzi, Christian Saint-Etienne, Thomas Piketty et David Thesmar).</s>
    <s>D'une façon générale, ce n'est pas tant l'innovation dont ferait preuve ce nouvel impôt qui est rejetée mais l'idée de taxer un revenu qui n'en est pas un, puisqu'il n'est ni réalisé ni disponible.</s>
    <s>L'accent est également mis par David Thesmar sur la complexité du système qui nécessiterait d'être &quot;extrêmement perfectionné pour être en mesure d'estimer les valeurs de marché de nombreux actifs&quot;. Thomas Piketty attire quant à lui l'attention sur l'imprévisibilité des recettes fiscales.</s>
    <s>Enjeux de la réforme</s>
    <s>Rappelons que les enjeux qui gouvernent les réflexions autour du projet de réforme sont ;</s>
    <s>1. d'être neutre vis-à-vis des finances publiques,</s>
    <s>2. de ne pas alourdir la fiscalité des contribuables non assujettis à l'ISF.</s>
    <s>Pourquoi faire simple quand on peut faire compliqué</s>
    <s>Même si on peut regretter qu'il n'y ait pas de refonte globale de notre fiscalité, il nous apparaît qu'une correction des défauts de l'ISF vaudrait mieux que l'instauration d'un nouvel impôt imparfait, à dommages collatéraux non évalués (mais certainement pas latents!).</s>
    <s>Cette correction serait-elle pour autant pertinente ?</s>
    <s>Pour prolonger : lire ou relire par exemple la note relative à la position de la Cour des comptes sur le sujet.</s>
    <s>Share |</s>
    <s>Mots-clefs : fiscalité, IRF, isf, réforme</s>
    <s>« « Cour des Comptes : ISF, une réforme &quot;essentielle&quot; ou pas?</s>
    <s>Donner pour réduire son ISF » »</s>
    <s>Cet article a été publié le Wednesday 9 March 2011 à 2:44 pm. Vous pouvez en suivre les commentaires par le biais du flux RSS 2.0. Vous pouvez laisser un commentaire, ou faire un trackback depuis votre propre site.</s>
    <s>Laisser une réponse</s>
    <s>Click here to cancel reply.</s>
    <s>Nom (obligatoire)</s>
    <s>Adresse e-mail (ne sera pas publiée) (obligatoire)</s>
    <s>Site Web</s>
    <s>Les 5 derniers articles du blog:</s>
    <s>Rétablissement (provisoire) de l'impôt sur le patrimoine en Espagne</s>
    <s>ISF 2011: les modalités administratives</s>
    <s>Réforme de l'ISF : validation du Conseil Constitutionnel</s>
    <s>ISF : le patrimoine des enfants</s>
    <s>Hauts salaires taxés contre ISF allégé ? Pas sûr…</s>
    <s>Rechercher pour :</s>
    <s>Pages d'accueil</s>
    <s>Accueil du blog ISF</s>
    <s>Les blogs BforBank</s>
    <s>La banque privée BforBank</s>
    <s>Mots clés ISF</s>
    <s>émission épargne état actions administration appartement art assurance-vie barème BAROIN bouclier fiscal bourse Budget check-list conférence conseil constitution contribuables couple créances crise cumul déclaration défiscaliser domiciliation donation dons effet de seuil en direct enfants entreprise experts fiscalité France immobilier impot impots isf loi Tepa parlement patrimoine réforme résidence sarkozy vidéo</s>
    <s>WP Cumulus Flash tag cloud by Roy Tanck and Luke Morton requires Flash Player 9 or better.</s>
    <s>Pages ISF</s>
    <s>À propos</s>
    <s>Charte de modération des commentaires</s>
    <s>Mentions légales</s>
    <s>Archives ISF</s>
    <s>September 2011</s>
    <s>July 2011</s>
    <s>June 2011</s>
    <s>May 2011</s>
    <s>April 2011</s>
    <s>March 2011</s>
    <s>February 2011</s>
    <s>January 2011</s>
    <s>November 2010</s>
    <s>October 2010</s>
    <s>September 2010</s>
    <s>August 2010</s>
    <s>July 2010</s>
    <s>June 2010</s>
    <s>May 2010</s>
    <s>April 2010</s>
    <s>Dossier spécial ISF 2010</s>
    <s>La Conférence live ISF de BforBank</s>
    <s>Calculer votre ISF</s>
    <s>Calculer votre ISF</s>
    <s>Vidéos ISF</s>
    <s>Comment évaluer ses biens ?</s>
    <s>Comment réduire son ISF ?</s>
    <s>Comment remplir sa déclaration ISF ?</s>
    <s>ISF : le FCPR OTC Duo 2</s>
    <s>ISF : le FIP Fortune Alto 2</s>
    <s>ISF : les nouveautés 2010</s>
    <s>ISF et contrôle fiscal</s>
    <s>L'ISF : les conseils d'experts</s>
    <s>Le bouclier fiscal et l'ISF</s>
    <s>Les solutions ISF par BforBank</s>
    <s>Nos Blogs : Ecorythme - Epargne 2.0 - Epargne Responsable - Investir sans Frontières - J'épargne et j'investis - Bourse - Fiscalité - ISF - Fiscalité - Retraite</s>
    <s>Les Offres : BforBank, Banque en ligne - Banque privée - Livret épargne - Assurance vie - PEA BforBank - Compte titre</s>
    <s>Comparateur retraite - Comparateur assurance-vie - Simulateur assurance-vie - Comparateur fonds - Simulateur livret - Comparateur livret - Simulateur épargne</s>
    <s>Articles (RSS) et Commentaires (RSS).</s>
  </text>
</page>
