<?xml version="1.0" encoding="UTF-8"?>
<!DOCTYPE page SYSTEM "page.dtd">
<page>
  <lang>fr</lang>
  <url>http://conventions.coe.int/treaty/fr/reports/html/150.htm</url>
  <title>Conseil de l&#39;Europe - Rapport explicatif à la Convention sur la ...</title>
  <snippet>
    <s>Ceci concerne les cas tenant à différents événements inévitables lorsque l&#39; activité a été menée Cet article précise l&#39;intention générale de la Convention. . sous la forme de mesures de remise en état, dont le coût sera évalué par le juge. </s>
  </snippet>
  <text>
    <s>Convention sur la responsabilitivile des dommages rltant d'activitdangereuses pour l'environnement</s>
    <s>(STE n 150)</s>
    <s>Le traite Lisbonne modifiant le traitur l'Union europne et le traitnstituant la Communauturopne est entrn vigueur le 1er dmbre 2009. Par consent, artir de cette date, toute mention de la Communauturopne doit e lue comme l'Union europne.</s>
    <s>Rapport explicatif</s>
    <s>(tel qu'adopte 8 mars 1993)</s>
    <s>I. Le texte de ce rapport explicatif ne constitue pas un instrument d'interprtion authentique du texte de la Convention bien qu'il puisse e susceptible de faciliter la comprnsion des dispositions qui y sont contenues.</s>
    <s>II. La Convention sur la responsabilitivile des dommages rltant d'activitdangereuses pour l'environnement, adoptpar le Comites Ministres le 8 mars 1993, a ouverte a signature ugano, le 21 juin 1993, 'occasion de la Rion Informelle des Ministres europs de la Justice.</s>
    <s>Introduction grale</s>
    <s>1. La prntion prnte un caract prioritaire dans le domaine de la protection de l'environnement et elle fait d l'objet d'une large cooption internationale. Cependant les probls pospar la responsabilitivile pour les dommages n'ont pas, jusqu'rnt, susciteaucoup d'attention sur le plan international, 'exception de quelques questions spfiques telles que l'rgie nuclre et le transport des marchandises.</s>
    <s>2. A la suite des discussions de la 15e Confnce des Ministres europs de la Justice (Oslo, 1986), le Comites Ministres du Conseil de l'Europe a bli en 1987, sur proposition du Comiturop de cooption juridique (CDCJ), un comit'experts charge proposer des mesures en vue de l'indemnisation des victimes de dommages caus'environnement.</s>
    <s>3. Entre 1987 et 1992, le Comit'experts a tenu 14 rions au cours desquelles il a bore texte du projet de Convention sur la responsabilitivile des dommages rltant de l'exercice d'activitdangereuses pour l'environnement.</s>
    <s>4. Apravoir examinar le Comiteurop de cooption juridique, le projet de Convention a soumis au Comites Ministres, qui en a adopte texte le 8 mars 1993 et dde l'ouvrir a signature des Etats membres du Conseil de l'Europe le 21 juin 1993.</s>
    <s>La Convention prit la possibilit'adhon pour les Etats non membres. En effet, une activitangereuse qui est mendans un pays peut causer, ou menacer de causer, un dommage dans un autre pays. Par consent, les probls ne se limitent pas nssairement au territoire des Etats membres du Conseil de l'Europe.</s>
    <s>5. En plus des reprntants de tous les Etats membres du Conseil de l'Europe (*), les observateurs suivants ont particip des rions du Comit'experts ou a rion du Comiturop de cooption juridique (CDCJ) au cours de laquelle le projet de Convention a finalisl'Albanie, l'Estonie, le Saint-Si, la Lettonie, la Lituanie, la Roumanie, la Russie, la Slove, la Yougoslavie (n stade anteur des travaux du Comit'experts), la Commission des questions juridiques et des droits de l'homme de l'AssemblParlementaire, la Confnce de La Haye de droit international privla Commission internationale de l'Etat civil, la Commission de droit international des Nations Unies et l'OCDE. Le Comit lement assistar des experts techniques de plusieurs Etats membres et de la Commission des Communaut europnes et a bficie nombreuses observations de la part des organes intsspar les activitdangereuses pour l'environnement.</s>
    <s>6. La Convention vise la rration adate des dommages rltant des activitqui sont dangereuses pour l'environnement. Elle prit non seulement la rration pour les dommages li'alttion de l'environnement, mais lement aux dommages causaux personnes et aux biens, ainsi que les coes mesures prises pour prnir le dommage. Les dommages couverts peuvent rlter d'un fait instantand'un fait continu ou d'une succession de faits.</s>
    <s>En plus des dispositions sur la rration des dommages, la Convention contient des dispositions visant a prntion d'un nement et a remise en t de l'environnement.</s>
    <s>7. Afin d'assurer une rration adate des dommages, la Convention institue un rme de responsabilitbjective, c'est-ire une responsabilitndndante de la faute et soumise n nombre limitd'exceptions.</s>
    <s>Le fondement de cette responsabilitbjective est le risque spfique que crune activitangereuse poursuivie dans un cadre professionnel. Les dommages rltant du transport sont couverts par d'autres instruments internationaux et sont par consent exclus du champ d'application de la Convention.</s>
    <s>8. La personne responsable en vertu de la Convention est la personne qui exerce le contrde l'activitangereuse au moment onement se produit ou, dans un cas particulier (article 7), au moment odommage est connu.</s>
    <s>Le fait de lier la responsabilit la personne qui exerce le contrde l'activitui a cause dommage permet de retrouver facilement la personne responsable, te la multiplication des responsabilitet facilite l'luation et la couverture du risque par les compagnies d'assurance.</s>
    <s>9. Est qualifid'activitangereuse une activitenitre professionnel impliquant des substances dangereuses, des organismes gtiquement modifiou des micro-organismes ainsi que les options portant sur des dets.</s>
    <s>Ces notions sont incluses dans une dnition grale et mentionn dans les annexes contenant des limites qui sont indicatives et non limitatives (article 2, paragraphes 1 ).</s>
    <s>10. Afin de lui donner une pleine efficacit ce rme de responsabilitbjective est renforcar l'obligation faite aux Parties d'instaurer dans leur droit interne une garantie financi ivalente, dans tous les cas oa est appropriarticle 12).</s>
    <s>11. Par ailleurs, la Convention admet un nombre limit'exontions de responsabilitCeci concerne les cas tenant iffnts nements intables lorsque l'activit menconformnt n commandement ou une mesure imptive d'une autoritublique ou une disposition lle imptive ou dans l'intt de la victime, ainsi qu'n niveau tolble de la pollution (article 8).</s>
    <s>La faute de la victime peut enfin conduire a rction, voire la suppression de l'indemnitarticle 9).</s>
    <s>12. Afin de faciliter la preuve par la victime du lien de causalitntre l'nement et le dommage, la Convention comporte des directives concernant le lien causal (article 10) ainsi qu'une se de dispositions destin aciliter l'accaux informations dnues par les autoritpubliques (articles 13 5) et par les exploitants (article 16).</s>
    <s>L'accaux informations dnues par les exploitants est quant ui limitux ments techniques qui sont difficiles obtenir autrement.</s>
    <s>13. De plus, la Convention ouvre la possibilit des associations ou fondations d'agir en justice pour obtenir la cessation d'une activitllicite, l'intervention de mesures de prntion ou la remise en t de l'environnement endommagarticle 18).</s>
    <s>14. La Convention n'est pas d'application exclusive et laisse subsister l'application des dispositions spfiques du droit interne des Parties (article 25).</s>
    <s>S'agissant de ses relations avec les autres instruments internationaux, la Convention d'une part exclut de son champ d'application les dommages causpar une substance nuclre relevant de la Convention de Paris du 29 juillet 1960 et de la Convention de Vienne du 21 mai 1963 (article 4, paragraphe 2, alina) et d'autre part permet a victime de se prloir de tout autre traitCe dernier principe s'applique lement aux dispositions relatives a protection et la remise en t de l'environnement (article 25, paragraphe 1).</s>
    <s>15. Enfin, un Comitermanent est instituqui peut notamment examiner toute question d'ordre gral concernant l'interprtion et la mise en oeuvre de la Convention, formuler des recommandations touchant on application et proposer des amendements a Convention.</s>
    <s>CHAPITRE I  DISPOSITIONS GENERALES</s>
    <s>Article 1  Objet et but</s>
    <s>16. Cet article prse l'intention grale de la Convention. Il pourrait, le cas t, en guider son interprtion. Ainsi prit-il que la Convention s'applique non seulement aux demandes d'indemnisation, mais qu'elle prit aussi des moyens de prntion des dommages caus'environnement et de remise en t de ce dernier.</s>
    <s>Article 2  Dnitions</s>
    <s>17. La Convention met en oeuvre des notions complexes dont certaines conditionnent son champ d'application et d'autres font appel des termes graux pris dans un sens particulier. Il a donc paru nssaire de les dnir. Cet article contient les dnitions suivantes:</s>
    <s>1. Activitangereuse</s>
    <s>18. Ce paragraphe dnit les activit dangereuses elles-ms. D'autres paragraphes contiennent la dnition de substance dangereuse, d'organisme gtiquement modifit de micro-organisme.</s>
    <s>19. L'expression itre professionnel a incluse dans la dnition de l'activitangereuse afin d'exclure du champ de la Convention les activitd'ordre domestique.</s>
    <s>A titre d'exemples, mtent d'e consides comme professionnelles, les activitde nature notamment industrielle, commerciale ainsi que la plupart des activitagricoles ou scientifiques. De telles activitentrent, par consent, dans le champ d'application de la Convention.</s>
    <s>20. La question des dets est traitdans les dispositions relatives a dnition des activitdangereuses et non pas dans la dnition des substances dangereuses. Ce choix rlte du fait que les dets comprennent habituellement une multiplicite substances qu'il peut e difficile d'identifier et qui peuvent n'e pas toutes consides comme des substances dangereuses en elles-ms.</s>
    <s>21. Par ailleurs, et m si, dans tous les cas, des risques li'accumulation de dets existent, il a paru nssaire de distinguer les sites ou installations de traitement des dets des sites de stockage permanent des dets, compte tenu de la spficite ces derniers.</s>
    <s>En effet, l'option de stockage permanent des dets est particuli puisqu'il s'agit de stocker iel ouvert ou souterrainement, indniment ou tout au moins pendant une longue dur des dets (qu'ils soient solides ou non) qui ne feront l'objet d'aucun recyclage. Le terme installation a , pour ce cas, abandonnour distinguer plus clairement ce type d'activites options de traitement des dets men dans une installation ou sur un site.</s>
    <s>22. Les installations et sites pour l'incintion, le traitement, la manipulation et le recyclage des dets (article 2, paragraphe 1, alinc) sont dilldans une liste non limitative (annexe II). Pour les sites de stockage permanent des dets (article 2, paragraphe 1, alind), il a paru nssaire de tenir compte du fait qu'il peut e difficile de drminer prsnt dans le temps la survenance de l'nement. Un rme spfique de responsabilit donc pr pour ces sites, qui s'attache essentiellement a rlation du dommage (article 7).</s>
    <s>23. L'inclusion des radiations non ionisantes dans la Convention n'a pas retenue. La question pourrait cependant e raminulteurement dans le cadre du Comitermanent instituar la Convention.</s>
    <s>2. Substance dangereuse</s>
    <s>24. La dnition de substances dangereuses comporte trois ses d'ments.</s>
    <s> En premier lieu, une condition grale est postenant au risque significatif pour l'homme, l'environnement et les biens que doivent prnter les substances pour e consides comme dangereuses;</s>
    <s> Le texte nce ensuite des propris qui dans tous les cas remplissent la condition grale et, par consent, rendent la substance dangereuse. Ces propris sont mes l'annexe I, partie A qui fixe les crits et les modes qu'il convient d'appliquer. Cette disposition s'applique aussi aux prrations, c'est-ire a combinaison de deux ou plusieurs substances;</s>
    <s> Enfin, une annexe I, partie B, de caract non limitatif, m une se de substances qui en tout t de cause sont consides comme dangereuses. Cette liste est susceptible d'inclure certaines substances qui, par elles-ms, ne sont pas dangereuses mais qui en raison de quantit de concentrations, de circonstances ou de risques, le deviennent.</s>
    <s>L'existence de spfications de catries de propris rendant les substances dangereuses (annexe I, partie A) et une liste de substances dangereuses (annexe I, partie B) sont de nature ssurer un plus haut degrde certitude pour les exploitants.</s>
    <s>25. Les crits utilisau paragraphe 2, alina, pour drminer les substances qui constituent un risque significatif pour l'homme, l'environnement ou les biens reprennent en partie la Directive du Conseil des Communauteuropnes n 67/548/CEE datdu 27 juin 1967 et ses amendements. Bien que l'objet de cette Directive soit de traiter de la classification, l'emballage et l'quetage des substances dangereuses et non de la responsabilitivile, la plupart de ces crits sont consids lement comme des crits appropriaux fins de la Convention.</s>
    <s>Les propris mentionn 'article 2, paragraphe 2, alina, seconde phrase de la Convention, sont celles dnies l'article 2, paragraphe 1, alin a et b, et paragraphe 2 de la Directive du Conseil des Communauteuropnes 67/548/CEE telle qu'amend pour la septi fois, par l'article premier de la Directive du Conseil des Communauteuropnes 92/32/CEE.</s>
    <s>Ces propris sont, lorsque c'est nssaire, drmin selon les crits mentionn'annexe VI, partie 1 A (a) et (b), B (a) et (b), et C, de la Directive 67/548/CEE, telle qu'amend pour la septi fois, par l'annexe II a Directive 92/32/CEE, et selon les modes mentionn 'annexe V de la Directive 67/548/CEE, remplacpar l'annexe a Directive du Conseil des CommunautEuropnes 84/449/CEE qui adapte, pour la sixi fois, la Directive du Conseil 67/548/CEE au progrtechnique, et telle que comple par l'annexe a directive du Conseil des CommunautEuropnes 87/302/CEE qui adapte la Directive du Conseil 67/548/CEE, pour la neuvi fois, au progrtechnique.</s>
    <s>L'annexe I, partie B, de la Convention reprend lement la Directive du Conseil 67/548/CEE, ainsi que des Directives ulteures ayant pour objet l'adaptation de la liste aux progrtechniques.</s>
    <s>La Convention prit les modalitselon lesquelles le Comitermanent, instituar la prnte Convention, procra a rsion des listes (articles 27 1).</s>
    <s>26. Il faut considr que, chaque fois qu'une substance figure sur la liste des substances dangereuses, elle doit e conside comme dangereuse. De plus, une substance qui n'est comprise dans aucune des listes doit e conside comme dangereuse si elle prnte une ou plusieurs des propris de la dnition grale. En outre, la liste de ces propris n'est pas elle-m exhaustive. En effet, chaque fois qu'une substance non comprise dans la liste et prntant des propris elles-ms non comprises dans l'article 2, paragraphe 2, alina, prnte un risque significatif pour l'homme, l'environnement ou les biens, elle entre dans le champ d'application de la Convention.</s>
    <s>Ainsi les substances radioactives seront, bien qu'elles ne soient pas mentionn dans l'annexe I, partie A, consides comme dangereuses dans la mesure oes prntent un tel risque.</s>
    <s>En consence, les tribunaux seront amenconsidr dans un premier temps si la substance en cause figure dans la liste de l'annexe I, partie B. Si tel n'est pas le cas, ils s'interrogeront sur le point de savoir si la substance en cause prnte des propris telles que dnies dans l'article 2, paragraphe 2, alina. Dans la ntive, il leur sera nssaire de drminer si la substance prnte ou non un risque significatif pour l'homme, l'environnement ou les biens. En consence, les tribunaux pourront appliquer la Convention es substances qui ne figurent pas dans la liste ou qui ne correspondent pas aux crits de l'article 2, paragraphe 2, alina, si ces substances prntent un risque significatif.</s>
    <s>3. . Organismes gtiquement modifiet micro-organismes</s>
    <s>27. La Convention comporte deux dnitions distinctes, dont l'une est consacraux organismes gtiquement modifiet l'autre traite des micro-organismes.</s>
    <s>Comme pour les substances dangereuses, le crit drminant l'application de la Convention a rration des dommages causpar ces deux catries d'organismes rde dans le risque significatif qu'ils prntent pour l'homme, l'environnement ou les biens.</s>
    <s>La dnition d'organisme gtiquement modifise rre elle d'organisme. Ne sont pas consids comme organismes gtiquement modifiau sens de la Convention, les organismes qui sont modifi naturellement ou gr a certains procs traditionnels, pourvu que des organismes gtiquement modifine soient pas utilislors du recours es procs.</s>
    <s>Il n'est pas toujours possible de considr a priori un organisme gtiquement modifiu un micro-organisme comme dangereux car il est susceptible de ne rler ce caract dangereux que dans certaines conditions ou dans un biotope particulier.</s>
    <s>Ainsi des organismes gtiquement modifiou des micro-organismes qui paraissent inoffensifs dans une ron peuvent-ils parfois se rler dangereux s'ils sont dissndans un espace diffnt.</s>
    <s>28. Les dnitions fix dans la Convention sont fond sur les Directives du Conseil des Communauteuropnes 90/219 du 23 avril 1990 dans JOCE L117/1 et 90/220 du 23 avril 1990 dans JOCE L117/15 relatives respectivement utilisation confinet a dissnation volontaire d'organismes gtiquement modifi</s>
    <s>5. Exploitant</s>
    <s>29. La prnte Convention fait peser la responsabilitur l'exploitant, qu'elle dnit comme la personne qui contr l'activitangereuse.</s>
    <s>En effet, d'une part l'exploitant est le mieux m de prnir le dommage et d'en limiter l'ampleur, d'autre part son activitst l'origine du dommage.</s>
    <s>La charge financi que reprnte cette responsabilitst rrcutsur les produits et services qu'il produit ou fournit, et ce conformnt au principe pollueur-payeur, consid par la communautinternationale comme un principe clans le domaine de la protection de l'environnement.</s>
    <s>30. La notion de contrdoit s'apprer par rapport aux notions de contreffectif ou global, en tenant compte de l'ensemble des circonstances juridiques, financis et nomiques qui permettent de drminer la personne ayant la maise de l'activitc'est-dire disposant d'un pouvoir de dsion sur sa conduite. L'une des consences en est que c'est l'employeur, et non pas le salariqui est exploitant. En particulier, les tribunaux peuvent prendre en considtion le fait que les pouvoirs publics compnts aient dgnu reconnu une personne comme nt l'exploitant.</s>
    <s>31. Ne pourrait e conside comme exploitant, ut d'exercer un contrvtable sur l'exercice de l'activitangereuse, une personne exteure qui a rendu possible ou facilitet exercice, par exemple en prnt des fonds destintre investis dans l'activitangereuse. De m, le crcier qui exerce ses droits aison d'une s qu'il dent sur des biens nssaires 'activitangereuse ne constitue, en principe, pas l'exploitant de cette activitu sens de la Convention.</s>
    <s>6. Personne</s>
    <s>32. Le terme personne est dni de telle mani que les dispositions de la Convention puissent s'appliquer oute personne physique ou morale, y compris l'Etat et ses subdivisions.</s>
    <s>7. Dommage</s>
    <s>33. Le terme dommage est dni de mani s'appliquer non seulement aux dommages causes personnes et es biens, mais aussi 'alttion de l'environnement, ainsi qu'au cos mesures prntives et aux pertes ou dommages supplntaires causpar lesdites mesures.</s>
    <s>34. Pour qu'il y ait responsabilitn vertu de la Convention, il faut que le dommage rlte de la nature dangereuse de l'activitCeci ne s'appliquerait pas, par exemple, si le ds ou les lons corporelles rltaient du choc occasionnar la chute sur une personne d'un fntenant une substance dangereuse non libe par cette chute.</s>
    <s>Les dispositions finales du paragraphe 7 ont par consent pour objet de prser qu'il doit exister un lien de causalitntre le dommage ainsi dni et le caract dangereux de l'activitont il doit rlter.</s>
    <s>35. Le concept de biens n'a pas dni, et il appartiendra donc haque lslation nationale de drminer l'ndue de cette notion, et par consent dans quelle mesure une perte de revenus peut faire l'objet d'une indemnisation. Nmoins, les dommages survenus 'installation elle-m ou aux biens se trouvant sur le site de l'activitangereuse et placsous le contrde l'exploitant ne sont pas indemnisables au titre de la prnte Convention.</s>
    <s>36. L'alttion de l'environnement donne lieu rration, sous la forme de mesures de remise en t, dont le cora luar le juge.</s>
    <s>37. La notion de manque agner recouvre, selon les systs juridiques, des concepts diffnts et elle peut avoir une portplus ou moins ndue.</s>
    <s>Le manque agner constif aux dommages vis 'article 2, paragraphe 7, alin a, b et d, doit e indemnisans les conditions nc dans le droit interne des Etats.</s>
    <s>La Convention impose cependant, en ce qui concerne l'article 2, paragraphe 7, alinc, que le manque agner d'alttion de l'environnement soit indemnism s'il est analysomme une pure perte nomique. Ainsi, la perte de revenus que subit un h dont la client diminue ause de l'alttion du site oest situeut-elle e rren entier.</s>
    <s>38. Les dommages rltant d'une pollution d'un niveau acceptable eu rd aux circonstances locales ne sont pas indemnis puisqu'aux termes de l'article 8, cette circonstance constitue une cause d'exontion. Dans la mesure oConvention laisse subsister les autres rmes juridiques existants, de tels dommages pourront, le cas t, e indemnisen vertu, par exemple, de la thie des troubles de voisinage.</s>
    <s>8. Mesures de remise en t</s>
    <s>39. Cette notion est fondamentale puisqu'elle assure la reconnaissance d'une protection directe de l'environnement qui peut e indndante de toute atteinte aux biens ou aux personnes.</s>
    <s>Elle comprend par ailleurs des applications spfiques puisque le co ces mesures de remise en t peut e indemnis(article 2, paragraphe 7, alinc) et que la possibilitst offerte aux associations ou fondations d'agir en justice pour obtenir une injonction pour que l'exploitant prenne des mesures de remise en t (article 18).</s>
    <s>40. Les mesures de remise en t consistent avant tout et chaque fois que cela est possible, en des mesures de rbilitation ou de restauration de l'environnement. Il s'agit alors de rblir l'environnement dans un t identique elui qui prdait le dommage.</s>
    <s>Lorsque l'environnement ne peut e restauru rbli, les mesures de remise en t peuvent prendre la forme de rtroduction dans l'environnement de l'ivalent de ses composantes altes.</s>
    <s>Ce cas vise, par exemple, l'hypoth de la disparition d'une esp animale ou la destruction irrdiable d'un biotope. Un tel dommage ne peut pas e luinanciment, et tout rblissement de l'environnement est par hypoth impossible. Considnt que de telles difficultne doivent pas aboutir ne absence totale de rration, un mode d'indemnisation particulier a introduit. Il se fonde sur l'idd'ivalence en nature et abandonne toute idde reproduction identique. La notion, essentiellement tributaire de circonstances de fait propres haque dommage, n'est pas dnie dans la Convention elle- m.</s>
    <s>La Convention ne drmine pas non plus quelles sont les personnes habilit rendre de telles mesures, le droit interne peut en dder.</s>
    <s>Dans tous les cas, les mesures prises pour l'indemnisation doivent rester dans des limites raisonnables.</s>
    <s>9. Mesures de sauvegarde</s>
    <s>41. Cette notion est, elle aussi, fondamentale.</s>
    <s>Les mesures de sauvegarde consistent en des mesures ayant soit un caract prntif, lorsqu'il existe une menace seuse de dommage ou lorsqu'il s'agit d'ter l'aggravation d'un dommage survenu.</s>
    <s>Elles peuvent e prises par toute personne.</s>
    <s>Le cos mesures de sauvegarde entre dans la dnition du dommage, tant en ce qui concerne les dommages 'environnement que les dommages aux personnes et aux biens. Les mesures de sauvegarde ne sont indemnis que dans la mesure oes sont raisonnables.</s>
    <s>10. Environnement</s>
    <s>42. Trois raisons principales ont conduit prir dans la Convention une dnition de l'environnement. Tout d'abord, l'objet de la Convention nt la rration des dommages caus'environnement, cette derni notion a paru devoir e dnie. Ensuite, dnir la notion d'environnement ne peut que faciliter l'application des dispositions qui lui sont spfiques. Enfin, une telle dnition met l'accent sur le fait que la Convention ne se limite pas a rration de dommages subis par les personnes ou les biens, mais s'nd a rration de dommages 'environnement, qui doit faire l'objet d'une protection spfique.</s>
    <s>La dnition ne prnd cependant pas e exhaustive. Elle fournit au contraire des exemples de ressources qui sont. couvertes par ce terme. La liste n'nt pas exhaustive, des dommages caus'autres aspects de l'environnement peuvent eux aussi e constitutifs d'une responsabilitur la base de la Convention.</s>
    <s>11. Evment</s>
    <s>43. Comme le rme de responsabilitis en place par l'article 6 de la Convention dnd de l'existence d'un lien de causalitntre le dommage et l'nement, il est apparu nssaire de prser en quoi consiste cet nement.</s>
    <s>La Convention couvre les dommages rltant d'un fait instantanceux rltant d'un fait continu, ainsi que ceux rltant d'une succession de faits ayant la m origine.</s>
    <s>Parmi les principaux exemples de fait instantan on peut citer un incendie, une fuite ou une ssion. Le drsement prolongans un cours d'eau est un exemple de fait continu.</s>
    <s>Parmi les exemples de succession de faits ayant la m origine on peut citer la se d'explosions occasionnpar la rupture d'un joint et affectant successivement les ments d'une installation, ou bien des ruptures de canalisations constives ne pression excessive.</s>
    <s>Le fait instantanle fait continu, ou la succession de faits ayant la m origine, constituent chacun un nement. Il convient donc, en cas de pluralite faits, de considr l'ensemble de ces faits pour interprr la notion d'nement.</s>
    <s>Le di de prescription de l'action pr par l'article 17 court ompter de la fin du fait continu ou du dernier fait de la succession de faits ayant la m origine.</s>
    <s>Article 3  Champ d'application graphique</s>
    <s>44. Afin de drminer son champ d'application graphique, les dispositions de la Convention sont applicables chaque fois que l'nement grateur du dommage se produit sur le territoire d'une Partie. Lorsque la premi condition est satisfaite, elles sont applicables ous les dommages rltant de l'nement, que ceux-ci se soient rlsur le territoire de la Partie ou en dehors de celui-ci (article 3, alina).</s>
    <s>Toutefois, chaque Partie peut soumettre la re d'indemnisation des dommages subis hors de son territoire ne condition de rprocitarticle 35).</s>
    <s>De surcro la Convention s'applique si, bien que l'nement ne se soit pas produit dans une Partie, les res de conflit de lois renvoient aux res de fond d'une Partie (article 3, alinb).</s>
    <s>Article 4  Exceptions</s>
    <s>45. La Convention exclut expressnt de son champ d'application trois ses de dommages:</s>
    <s> les dommages rltant d'une option de transport. La notion de transport ne comprend pas l'option de transport men entiment sur un site inaccessible au publie. Ainsi, itre d'exemple, la Convention couvre les dommages rltant du transfert de substances dangereuses d'un cd'une installation 'autre, mais elle exclut de son champ d'application les dommages rltant de transports couverts par la Convention sur la responsabilitivile pour les dommages causau cours du transport de substances dangereuses par route, rail et navigation interne (CRTD), ainsi que par la Convention du 25 mai 1984 sur la responsabilitivile pour les dommages dla pollution par les hydrocarbures et ses protocoles;</s>
    <s> tout dommage rltant d'un accident nuclre rar les Conventions de Paris et de Vienne, ou par des dispositions spfiques de droit interne assurant un niveau de protection des victimes au moins ivalent;</s>
    <s> les dommages pour lesquels la Convention est incompatible avec les res du droit applicable rssant les accidents du travail ou le rme de sritociale.</s>
    <s>Pour le surplus, la Convention laisse subsister l'application des rmes de droit interne et des instruments internationaux s'ils sont plus favorables a victime ou 'environnement (article 25, paragraphe 1).</s>
    <s>CHAPITRE II  RESPONSABILITE</s>
    <s>46. Ce Chapitre est consacru rme de responsabilite l'exploitant d'une activitangereuse.</s>
    <s>Article 5  Dispositions transitoires</s>
    <s>47. Cet article a pour objet de drminer les conditions d'application de la Convention dans le temps en mati de responsabilit</s>
    <s>Les dispositions de la Convention en mati d'acc'information et d'actions d'associations peuvent, pour leur part, e invoqu dl'entren vigueur de la Convention, pour peu qu'elles se rapportent des dommages couverts par elle.</s>
    <s>48. Le premier paragraphe de cet article pose le principe de la non-roactivite la Convention aux nements survenus anteurement on entren vigueur. Il prit en outre le cas particulier de faits continus ou de succession de faits ayant la m origine nanteurement l'entren vigueur de la Convention et s'nt poursuivis au-delour lui apliquer le m principe: la Convention ne s'applique qu'aux dommages causpar les faits survenus aprson entren vigueur.</s>
    <s>49. Des dispositions spfiques ont pres en ce qui concerne les sites de stockage permanent de dets pour tenir compte du fait qu'il peut e difficile de situer l'nement dans le temps.</s>
    <s>Par consent, pour les sites de stockage permanent des dets, il est pr que la Convention s'applique aux dommages qui se sont manifestaprla date d'entren vigueur de la Convention, sans s'attacher la date de survenance de l'nement qui en est la cause.</s>
    <s>Les risques d'application roactive de la Convention sont attpar deux res dont la premi exclut l'application de la Convention dans le cas osite a rliment fermvant l'entren vigueur de la Convention, et dont la seconde permet 'exploitant d'un site ouvert avant l'entren vigueur de la Convention dont l'exploitation est poursuivie aprcette date, de prouver que le dommage rlte de dets dsanteurement l'entren vigueur de la Convention, et donc d'rter l'application de celle-ci.</s>
    <s>S'agissant de la premi re, une exigence de fermeture du site rli a pospour ter que les exploitants ne se dargent de leur responsabilitn invoquant l'abandon pur et simple du site. Elle prend lement en considtion l'existence, dans plusieurs lslations nationales, d'un contrdes conditions de fermeture gralement assorti de mesures de prntion de tout dommage ulteur (remise en t du site notamment).</s>
    <s>50. Si la Convention ne s'applique pas, une indemnisation peut e demanden vertu de la lslation interne (voir lement l'article 25, qui a trait aux relations entre la Convention et le droit interne des Parties).</s>
    <s>Article 6  Responsabilit l'rd des substances, des organismes</s>
    <s>et de certaines installations ou sites de dets</s>
    <s>51. Cet article pose en premier lieu le principe gral de la responsabilitbjective du seul exploitant ayant le contrde l'activitangereuse gratrice du dommage lors de la survenance de l'nement (article 6, paragraphe 1).</s>
    <s>Ce principe gral est donc celui d'une responsabilitbjective, sans faute, de l'exploitant, qui exerce le contrde l'activitratrice du dommage. Cette re est de nature nciter l'exploitant dopter toute mesure de prntion utile pour ter la survenance d'un dommage. L'exploitant peut se dger de sa responsabiliten tout ou en partie, en invoquant soit l'existence d'une cause d'exontion (article 8), soit la faute de la victime (article 9).</s>
    <s>52. Une responsabilitolidaire entre plusieurs exploitants a institudans deux hypoths (article 6, paragraphes 2 et 3):</s>
    <s> la premi vise le cas ovment consiste en un fait continu. Les exploitants ayant exerc tour de rle contr de l'activitangereuse sont solidairement responsables.</s>
    <s> la seconde hypoth concerne les cas ol'nement consiste en une succession de faits ayant la m origine. Les exploitants solidairement responsables sont alors ceux qui ont exerce contrde l'activit dangereuse au moment ost produit l'un ou l'autre de ces faits.</s>
    <s>Dans chacune de ces hypoths, l'exploitant peut se dger d'une partie de sa responsabilitn blissant la divisibilitu dommage et la non-imputabilit'une partie de celui-ci on activitropre, en prouvant que seule une partie du dommage a caus ou aurait pu e causpar son activit</s>
    <s>La re ne fait donc plus peser sur la victime la charge de la preuve, qui en pratique peut e quasiment impossible, de l'imputabilitdu dommage n fait ou une se de faits faisant partie de l'nement. Nmoins, elle permet 'exploitant d'apporter la preuve, plus aispour lui, que le dommage ou une partie seulement de celui-ci n'a pu rlter de faits survenus pendant la pode ocontrt l'activit</s>
    <s>53. L'article 6 comporte une re particuli applicable dans l'hypoth oy a eu cessation dnitive de l'activitarticle 6, paragraphe 4) faisant peser cette responsabilites dommages qui se sont manifest aprcette date sur le dernier exploitant avant la cessation d'activit</s>
    <s>Ce faisant, la Convention tire les consences du fait que si la victime n'est pas forcnt en mesure d'blir l'imputabilitu dommage ne activitrse, le dernier exploitant avait davantage de moyens, au moment oa repris l'activitd'apprer les circonstances rendant prsible le dommage et de prendre des mesures de nature 'ter.</s>
    <s>Toutefois, cet exploitant peut se dger de sa responsabilitn blissant que le dommage est imputable n nement survenu pendant une pode one contrt pas l'activitangereuse.</s>
    <s>La m preuve peut e rapportpar la victime pour engager la responsabilit'un exploitant autre que le dernier avant la fermeture du site.</s>
    <s>54. Ainsi que le prse le paragraphe 5 de l'article 6, la Convention laisse subsister l'ensemble des recours successifs dont peut disposer, en vertu du droit interne, l'exploitant contre des tiers, notamment l'encontre d'autres exploitants et, le cas t, du producteur des dets.</s>
    <s>Article 7  Responsabilit l'rd des sites de stockage permanent des dets</s>
    <s>55. Dans l'hypoth des dommages causpar des dets dsdans un site de stockage permanent des dets, l'nement ne peut que difficilement e sitursnt dans le temps: c'est pourquoi la Convention prit que le crit rendre en considtion pour drminer l'exploitant responsable est la date odommage est connu et non pas celle de l'nement. Dans le cas d'un nement qui se produit avant ou aprla fermeture d'un site mais dont le dommage ne se rle qu'apr l'exploitant responsable est alors le dernier exploitant (article 7, paragraphe 1).</s>
    <s>Ces dispositions ne sont applicables qu'aux sites de stockage permanent des dets, tandis que les installations pour l'incintion, le traitement, la manipulation ou le recyclage des dets obsent aux res de l'article 6.</s>
    <s>56. En indiquant que la nature des dets est indiffnte, le deuxi paragraphe de cet article a pour objet d'ter l'application de deux rmes juridiques distincts selon que les dets constituent des substances dangereuses ou non. La re se justifie par le fait qu'il n'est pas toujours possible de connae l'ensemble des composantes des dets.</s>
    <s>57. Le paragraphe 3 de cet article affirme la prinence de la re spfique aux dets sur celle relative aux autres activitdangereuses chaque fois que plusieurs options de nature diffnte sont men sur un m site par un m exploitant.</s>
    <s>En effet, dans une telle hypoth, les articles 6 et 7 seraient susceptibles de s'appliquer concurremment, imposant ainsi de distinguer pour le m exploitant, la partie de son activitui rel de l'article 6 et celle qui entre sous les prsions de l'article 7. Il a paru prrable de soumettre l'ensemble de l'activitux dispositions de l'article 7.</s>
    <s>La possibilitst cependant ouverte d'appliquer chaque re qui devrait rr chaque partie du dommage lorsque le plaignant ou la victime prouvent qu'une partie du dommage n'est pas imputable 'option de stockage des dets.</s>
    <s>En revanche, chaque fois que le dommage provient d'activitdangereuses conduites par plusieurs exploitants, la responsabilite chacun d'eux ne pourrait e recherchque sur le fondement juridique qui lui est spfique: l'exploitant d'une activitangereuse autre que le stockage des dets sera assignur le fondement de l'article 6 de la Convention, l'exploitant d'un site de stockage des dets sur le fondement de l'article 7. Le paragraphe 3 de l'article 7 s'applique en cas d'activitmixtes de la part d'un seul exploitant.</s>
    <s>58. Enfin, comme il en va pour l'article 6, l'article 7 rrve expressnt les recours rrsoires dont peut disposer l'exploitant contre les tiers, notamment d'autres exploitants et, le cas t, le producteur de dets.</s>
    <s>L'application dans le temps de ces dispositions fait l'objet du paragraphe 2 de l'article 5.</s>
    <s>Article 8  Exontions</s>
    <s>59. L'article 8, dans ses trois premiers alin, admet trois causes d'exontion gralement admises, tenant n acte de guerre, d'hostilitde guerre civile, d'une insurrection ou d'un phm naturel de caract exceptionnel, intable et irrstible pour la premi; le fait d'un tiers assimilable ne cause ang pour la seconde, et le respect d'une mesure imptive pour la troisi.</s>
    <s>Le simple fait pour l'exploitant d'avoir obtenu une autorisation administrative, ou de se conformer aux prescriptions li ette autorisation ne constitue pas en soi une cause d'exontion.</s>
    <s>Le simple fait pour l'autorite rlation de donner un ordre n'en fait pas un exploitant de l'activitangereuse.</s>
    <s>60. La Convention fait du niveau acceptable de la pollution une cause d'exontion. Le caract acceptable de la pollution s'appre par rapport aux circonstances locales. Ainsi, itre d'exemple, ce niveau acceptable ne sera-t-il pas le m dans une zone rurale ou urbaine.</s>
    <s>Le but de cette disposition est d'ter que le champ de la responsabilitbjective soit ndu es inconvents acceptables. Il appartiendra par consent au juge d'luer les inconvents que les circonstances locales rendent admissibles.</s>
    <s>61. La Convention admet en outre une autre cause exontoire tenant a circonstance que l'activitangereuse a mendans l'intt de la victime. Cette cause est notamment destinouvrir les hypoths d'urgence ou celles pour lesquelles l'activitangereuse a menavec le consentement de la victime. Il appartient aux tribunaux de vfier que l'activit menlicitement; lorsque le consentement de la victime est nssaire, ils vfieront que ce consentement est r et non ivoque. Ils appreront lement l'adation de l'intervention par rapport aux risques encourus.</s>
    <s>Nmoins, une rration pourra, le cas t, e recherchsur le fondement du droit interne puisque la Convention n'est pas d'application exclusive (article 25, paragraphe 1).</s>
    <s>Enfin, la possibilitst laissaux Parties, soit de restreindre ces causes d'exontion en se rrant 'article 25, soit d'introduire dans leur droit interne, au moyen d'une rrve, une cause d'exontion supplntaire tenant au risque de dloppement (article 35, paragraphe 1, alinb).</s>
    <s>Article 9  Faute de la victime</s>
    <s>62. Cette disposition permet, sous l'appration du juge, de diminuer ou m de supprimer l'indemnit l'rd de la victime qui a, par sa faute ou par la faute d'une personne dont elle est responsable (salarienfant par exemple), contribu la risation du dommage.</s>
    <s>Article 10  Causalitp&gt;</s>
    <s>63. Cet article tend nciter le juge, lorsqu'il appre la preuve du lien de causalitntre l'nement et le domniage ou, en ce qui concerne les sites de stockage permanent des dets, entre l'activitt le dommage, prendre en compte l'aggravation des risques de dommage que peut entrar une activitdangereuse spfique. Pour favoriser l'obtention d'une compensation, cet article prend en compte les risques spfiques que prntent certaines activitdangereuses de provoquer un dommage. La Convention ne pose pas une vtable prmption de lien de causalitLa disposition en cause compl la responsabilitans faute. Elle s'inscrit ainsi dans l'ensemble des res destin aciliter a victime la preuve d'un lien de causalitui, en pratique, pourrait s'avr difficile.</s>
    <s>Article 11  Pluralit'installations de sites</s>
    <s>64. Le premier paragraphe de cet article couvre la situation dans laquelle les nements ayant contribu causer le dommage sont survenus dans plusieurs installations ou sites ot conduites des activit dangereuses. Il tient compte des cas de pollution synergique (c'est-ire de la pollution rltant d'une conjugaison de plusieurs facteurs distincts), dans lesquels il peut e extrment difficile, voire impossible d'blir un lien de cause ffet entre tel ou tel nement et le dommage rltant spfiquement de cet nement.</s>
    <s>La disposition a pour effet de rendre solidairement responsable, pour la totalitu dommage, chacun des exploitants des installations o est bli que se sont produits des nements ayant contribu la risation du dommage.</s>
    <s>65. La victime assigne, selon son choix, un ou plusieurs exploitants en rration de l'intalite son dommage. Pour chaque exploitant assignla victime doit blir la preuve de son dommage, la survenance dans l'installation d'un nement, ainsi que le lien de causalitntre cet nement et tout ou partie de son dommage.</s>
    <s>66. Nmoins, un exploitant peut se dger de la responsabilitolidaire pre dans cette hypoth en blissant que seule une partie du dommage est imputable n nement survenu dans son installation ou site. Il s'agit donc l'un cas odommage est divisible et qu'une partie de ce dernier a causpar un nement prs survenu dans une installation drmin La charge d'une telle preuve p cependant sur l'exploitant et non sur la victime.</s>
    <s>Lncore, la disposition ne fait pas ec aux recours rrsoires entre les exploitants solidairement tenus.</s>
    <s>L'exploitant doit prouver que seule une partie du dommage a caus ou aurait pu e caus par son activit</s>
    <s>Article 12  Plan de sritinanci obligatoire</s>
    <s>67. La Convention fait obligation aux Parties, dans les cas appropri de s'assurer dans leur droit interne que les exploitants ont une garantie financi pour couvrir la responsabilitre par la Convention et d'en drminer le champ d'application, les conditions et caractstiques. En particulier, la garantie financi peut e cantonndans une certaine limite.</s>
    <s>La disposition invite les Parties contractantes prendre en considtion, dans la drmination des activitsoumises 'obligation de garantie financi, les risques de l'activit</s>
    <s>Lors de la mise en oeuvre de cet article, les considtions suivantes peuvent e prises en compte. La premi tient au fait que certaines activitprntent, par elles-ms, des risques accrus de provoquer des dommages, la seconde est relative a capacitinanci de certaines entreprises qui peut ne pas leur permettre de faire face au paiement des indemnitallou aux victimes sans le secours d'une garantie financi, et la troisi tend viter que l'obligation ne soit inapplicable par suite de l'impossibilite prir le risque et d'blir une garantie financi pour couvrir ce risque.</s>
    <s>Le plan de sritinanci ou la garantie financi, prs dans cet article, peuvent exister sous des formes diffntes, par exemple un contrat d'assurance ou une cooption financi entre exploitants d'un certain type d'activitdangereuses afin de couvrir les risques occasionnpar ces activit De tels plans financiers auront pour fonction de garantir la rration du dommage causar une activitangereuse exercpar l'un de ces exploitants.</s>
    <s>Il sera aussi possible de couvrir les risques concernpar un contrat d'assurance. Une autre possibiliterait qu'un exploitant ait lui-m des ressources financis suffisantes pour couvrir les risques des activit dangereuses qu'il exerce.</s>
    <s>Il est vraisemblable qu'aprl'entren vigueur de la Convention, le marche l'assurance dans le domaine des dommages l'environnement se dloppera dans la mesure o risques et la responsabilitour la pollution seront mieux connus, et les plans de sritinanci seront graduellement remplacpar des contrats d'assurance.</s>
    <s>CHAPITRE III  ACCES A L'INFORMATION</s>
    <s>68. Le prnt Chapitre tend d'une part ssurer le plus large accpossible aux informations relatives 'environnement dnues par les autoritpubliques, le cas t indndamment de tout dommage, et d'autre part viter que la victime ou l'exploitant ne soient limitdans la possibilitd'introduire une action en justice ou de s'y dndre par l'impossibilit'avoir communication d'informations en la possession des autoritpubliques ou d'exploitants. Il s'agit par consent de mesures contribuant lement aciliter l'administration de la preuve. Pour ce qui est de l'accaux informations dnues par les autorit publiques, elles reprennent les dispositions de la Directive de la CEE relative a libert'acc'information sur l'environnement (Directive du Conseil 90/313/CEE du 7 juin 1990, L158/56).</s>
    <s>De fa grale, la Convention laisse aux Parties une importante libertans la mise en oeuvre des principes qu'elle instaure, notamment en ce qui concerne la dnition des modalitpratiques d'accaux informations (article 14, paragraphe 1, alin2), et la mise en oeuvre des restrictions au droit d'accaux informations lorsque les intts qu'elle m sont mis en cause (article 14, paragraphe 2).</s>
    <s>Article 13  Dnition des autoritpubliques</s>
    <s>69. Cet article donne une dnition des autorit publiques sur lesquelles p l'obligation de fournir, directement ou non, les informations relatives 'environnement qu'elles dennent.</s>
    <s>Article 14  Accaux informations dnues par les autorit publiques</s>
    <s>70. Cet article prit les modalitselon lesquelles les autoritpubliques peuvent e tenues de communiquer les informations sur l'environnement qu'elles dennent.</s>
    <s>71. M s'il est renvoyu droit interne des Parties le soin d'appliquer les principes graux pos cette modalit'accest la plus large que la Convention prit, puisqu'elle bficie oute personne physique ou morale, indndamment de la risation d'un dommage, et sans qu'il soit exig'elle qu'elle ait ustifier d'un intt particulier a communication (article 14, paragraphe 1, alin1).</s>
    <s>Les Parties sont charg de prser dans leur droit interne respectif les modalitpratiques de cette voie d'acc sous rrve du respect des res tendant onner 'obligation qui p ainsi sur les autorit publiques leur efficacitle en en formalisant la procre.</s>
    <s>La Convention drmine sept cas principaux pour lesquels le droit d'accpeut e restreint, en vertu du droit interne, compte tenu de l'atteinte qu'il porterait, soit ertains secrets, soit a sritublique, soit encore es procres d'investigation en cours, soit aussi a confidentialites donn personnelles, soit enfin aux intts de l'environnement auquel les donn se rrent (article 14, paragraphe 2).</s>
    <s>Une demande d'information peut e rejet lorsqu'elle suppose la communication de donn ou de documents inachevou de communications internes ou lorsqu'elle est manifestement abusive ou formulde mani trop grale (article 14, paragraphe 3), nt prsue la dsion de refus opposau demandeur doit e motivet ouvre e dernier une possibilite contestation devant les juridictions administratives ou judiciaires en fonction de son droit interne (article 14, paragraphes 4 et 5).</s>
    <s>Les autoritpubliques sont tenues de rndre la demande, qu'il s'agisse de l'accepter ou de la refuser, dans un di maximum de deux mois (article 14, paragraphe 4).</s>
    <s>Une redevance n'excnt pas un coisonnable peut e demanden ange de la communication de l'information (article 14, paragraphe 6).</s>
    <s>Article 15  Accaux informations dnues par des organismes</s>
    <s>ayant des responsabilitpubliques en mati d'environnement</s>
    <s>72. La m obligation que celle qui p sur les autoritpubliques est imposaux organismes qui leur sont rattachet qui peuvent e consids comme nt leur nation ou comme nt chargd'une mission de service public. L'article prend ainsi en compte l'existence de nombreux organismes qui, cde l'administration proprement dite, interviennent dans le domaine de l'environnement. L'accsera donnoit par l'intermaire de l'autoritublique compnte soit directement par les organismes eux-ms.</s>
    <s>Article 16  Acces informations spfiques dnues par les exploitants</s>
    <s>73. La possibilitffective dont doit bficier la victime de demander la rration de son dommage suppose que celle-ci puisse disposer d'informations qui, par hypoth, ne sont pas en sa possession. Il doit en aller de m pour tout exploitant dont la responsabilitst susceptible d'e engag solidairement avec d'autres exploitants sur la base de la prnte Convention ou qui, condamnur cette m base entend engager l'action rrsoire de droit commun que la Convention laisse subsister contre un autre exploitant.</s>
    <s>Aussi it-il nssaire de complr les possiblitd'accaux informations dnues par les autoritpubliques pres par l'article prdent, par l'accaux informations dnues par les exploitants eux-ms.</s>
    <s>La victime peut out moment solliciter des informations et notamment avant l'engagement d'une procre judiciaire. Cet accdont elle bficie est en effet destin lui permettre de rir les ments qui lui permettront de drminer si elle peut agir en justice.</s>
    <s>En revanche, l'exploitant ne peut obtenir des informations que dans la mesure o demande lui a prnttendant ngager sa responsabilitToutefois, en ne visant pas une action en justice, la Convention ouvre ce droit d'acces dts prudiciaires.</s>
    <s>74. Toutefois, pour tenir compte des risques qu'un tel accfait courir 'exploitant puisqu'il est dnteur d'informations qui pourraient concourir a condamnation, cet accest strictement encadrtout d'abord, et ut d'une communication volontaire par l'exploitant, il s'exerce sous le contrdu juge.</s>
    <s>De plus, le tribunal pourra considr, pour la drmination des informations dont la communication doit e ordonn la possibilitour l'exploitant de se procurer des informations qui ne sont pas d en sa possession.</s>
    <s>De m, le tribunal peut rejeter toute demande impliquant une charge disproportionnpour l'exploitant. Cette notion de charge disproportionnne s'entend pas avant tout du conancier, qui fait l'objet de dispositions particulis, mais de contraintes que la communication des informations fait peser sur l'exploitant au regard de tous les intts mis en cause, y compris ceux de la victime.</s>
    <s>La communication d'information, pouvant e ordonnpar un tribunal, est limitpar des crits objectifs. Les restrictions pres par le droit interne sont en outre applicables (article 14, paragraphe 2). En tout t de cause, un exploitant ne saurait e tenu de fournir des informations de nature incriminatoire.</s>
    <s>Enfin, le co l'information est en principe supportar le demandeur, ntuellement prablement a communication, oins que le tribunal, acceptant la demande d'indemnisation de la victime, ne le mette a charge de l'exploitant. Dans tous les cas, le coit e raisonnable.</s>
    <s>CHAPITRE IV  ACTIONS EN REPARATION ET AUTRES DEMANDES</s>
    <s>75. Le Chapitre comporte trois ses de dispositions dont la premi est relative aux dis de prescription (article 17), la seconde traite des demandes des associations ou fondations (article 18) et la troisi aborde des res de procre (articles 19 4).</s>
    <s>Article 17  Dis</s>
    <s>76. Afin d'ter le &quot;forum-shopping&quot;, qui ne manquerait pas de se produire du fait des diffnces de dis entre Etats, les dis dans lesquels une action peut e engagsont stipuldans la Convention et ne sont par consent pas laissaux lslations internes.</s>
    <s>77. Le premier di est de trois ans. Pour amorer l'administration de la justice et ter les abus, aucune action en rration ne peut e intentpassn di de trois ans aprla date laquelle le demandeur a eu connaissance ou aurait raisonnablement dir connaissance du dommage ainsi que de l'identite l'exploitant.</s>
    <s>Le di peut e interrompu ou suspendu dans les conditions du droit interne (article 17, paragraphe 1).</s>
    <s>78. La Convention prit un second di au-delduquel plus aucune action ne peut e engag</s>
    <s>Ce di est de trente ans ompter de la date de l'nement.</s>
    <s>Lorsque l'nement consiste en un fait continu, il faut s'attacher a fin de ce fait et lorsqu'il consiste en une succession de faits ayant la m origine, c'est le dernier des faits qui fait courir le di. Pour les sites de stockage permanent des dets, le di court au plus tard ompter de la date de la fermeture du site (article 17, paragraphe 2).</s>
    <s>79. Le di de trente ans a pour objet de maintenir un ilibre entre les intts des plaignants et ceux des exploitants. Il prend notamment en compte la nssitans laquelle se trouvent les exploitants, en particulier pour les besoins d'assurance, de connae la date artir de laquelle plus aucune action ne pourra e engag La Convention ne contient aucune disposition d'interruption ou de suspension pendant cette pode.</s>
    <s>Article 18  Demandes d'organisations</s>
    <s>80. Les demandes qu'une organisation peut prnter en vertu de la Convention sont limit aux cas mentionnau paragraphe 1 de l'article: l'interdiction d'une activitangereuse illicite, une injonction 'exploitant pour qu'il prenne des mesures prntives ou une injonction de remise en t de l'environnement.</s>
    <s>81. Les demandes sont li es situations d'urgence nssitant une intervention rapide et efficace pour laquelle les particuliers ne sont pas nssairement d'agir.</s>
    <s>Le paragraphe 1, alinc, vise l'adoption de dispositions de nature rnir tout dommage ou toute aggravation du dommage.</s>
    <s>Cet article fait en outre partie des dispositions de la Convention qui tendent onsacrer une rle protection de l'environnement en soi.</s>
    <s>82. Toutefois, la Convention pose comme exigence unique que la protection de l'environnement soit la vocation statutaire de l'association ou de la fondation et laisse la possibilitux Parties de prir les conditions en tenant compte de leurs propres intts ou imptifs.</s>
    <s>83. La Convention rrve, chaque fois qu'un Etat membre limite l'accaux tribunaux aux seules associations ayant leur si social sur son territoire, la possibilit'une daration de rprocitour les associations ayant leur si dans un autre Etat et satisfaisant aux conditions pos par le droit interne dans cet autre Etat.</s>
    <s>Articles 19 4  Res concernant la compnce, la reconnaissance et l'extion</s>
    <s>84. Ces articles ont pour objet de drminer les res applicables en mati de compnce, de reconnaissance et d'extion. Ils indiquent notamment quels sont les tribunaux devant lesquels les diffntes actions doivent e port selon la nature de l'action (demande en rration, demandes d'accaux informations et demandes des organisations fond sur l'article 18).</s>
    <s>Ces res sont fond sur les Conventions de Bruxelles (27 septembre 1968) et Lugano (16 septembre 1988) concernant la compnce judiciaire et l'extion des dsions en mati civile et commerciale.</s>
    <s>Dans la mesure otat ou ses subdivisions exercent, jure gestionis , des activitvis 'article 2, il ne bficie pas de l'immunite juridiction pour l'application de la prnte Convention.</s>
    <s>85. De m, la Convention utilise les dispositions de ces deux Conventions en mati de notification de la procre au dndeur, de litispendance de demandes ayant le m objet et la m cause port devant des juridictions diffntes, de connexitntre plusieurs demandes form devant des juridictions dans plusieurs Parties, ainsi que de reconnaissance des dsions rendues par les juridictions d'une autre Partie.</s>
    <s>86. Enfin, la Convention laisse subsister l'application des autres traiten mati de compnce juridictionnelle ou de reconnaissance et d'extion, dans un Etat, des dsions judiciaires rendues dans un autre Etat.</s>
    <s>CHAPITRE V  RELATION ENTRE LA PRESENTE CONVENTION ET D'AUTRES DISPOSITIONS</s>
    <s>Article 25  Relation entre la prnte Convention et d'autres dispositions</s>
    <s>87. Le paragraphe premier de cet article se fonde sur l'article 60 de la Convention de sauvegarde des Droits de l'Homme et des Libert fondamentales.</s>
    <s>Il consacre le principe de non-exclusivite la Convention par rapport au droit interne des Parties ou aux accords internationaux auxquels elles peuvent e li, chaque fois que les dispositions de la Convention sont moins favorables a victime. La notion de victime devra e interpre a lumi de la dnition de dommage dans l'article 2, paragraphe 7. Cela concerne les dispositions existantes 'que de l'entren vigueur de la Convention, ainsi que les dispositions institu par la suite. Ce m principe s'applique aux dispositions relatives a protection et a remise en t de l'environnement.</s>
    <s>88. Le second paragraphe est une disposition qui a rmment utilisdans d'autres conventions internationales pryant la possibilitour la Communautconomique Europne de devenir Partie aux conventions.</s>
    <s>Son but est double. En premier lieu, il vise permettre aux Etats membres de la CEE, quand une Convention contient des sujets pour lesquels la Communaut exerca compnce, de signer et ratifier la Convention parallment avec la Communautsans avoir aire de darations quant a sration des compnces.</s>
    <s>En deuxi lieu, cette disposition vise s'assurer que les Etats membres de la CEE et la Communaute seront pas obligde s'abstenir de ratifier la Convention au cas oventuelles divergences rnineures apparaaient entre les dispositions de la Convention et les res de la Communaut pendant la pode nssaire a rnise en conformite ces res avec celles de la Convention.</s>
    <s>La clause sera aussi applicable dans le cas oulement un pays membre est concern</s>
    <s>Toutefois, dans leurs relations avec des pays tiers, Parties a Convention, les Etats membres de la CEE devront appliquer les dispositions de la Convention elle-m.</s>
    <s>Par consent, si un nement se produit sur le territoire de l'Etat A, membre de la Communauturopne, et qu'un dommage est subi sur le territoire de l'Etat B, non membre de la Communautla responsabilitour le dommage subi dans l'Etat B sera re par la Convention.</s>
    <s>CHAPITRE VI  COMITE PERMANENT</s>
    <s>Article 26  Comitermanent</s>
    <s>89. Il est apparu que les objectifs de la Convention et son adaptation aux lutions techniques et scientifiques seraient plus aisnt atteints si les reprntants des Parties avaient la possibilite se rencontrer rliment pour procr 'luation de l'application de la Convention et proposer les mesures qui leur sembleraient de nature n amorer le fonctionnement.</s>
    <s>Par ailleurs, et afin de garantir la reprntation de l'ensemble des Parties au sein de la discussion, et compte tenu de la volontue la Convention soit ouverte 'adhon du plus grand nombre possible d'Etats, il a paru nssaire que les Parties non membres du Conseil de l'Europe soient associ a discussion.</s>
    <s>90. La Convention prit donc la crion d'un Comitermanent, compospour ce qui est des membres de droit, des Parties et, titre d'observateurs, des Etats invitigner la Convention  qu'ils soient ou non membres du Conseil de l'Europe  ayant particip l'boration de la Convention, ainsi qu'a Communautconomique Europne, tant qu'elle n'est pas Partie. De plus, peuvent e invitssister aux travaux du Comitermanent titre d'observateurs et sauf objection d'une Partie, un Etat non Partie ou des organismes nationaux ou internationaux, gouvernementaux ou non gouvernementaux.</s>
    <s>91. Les res principales de fonctionnement du Comitermanent sont fix par la Convention et seront comples par son rement inteur. Sont notamment drmin les res de rrtition des voix entre la CEE et les Parties membres des Communaut</s>
    <s>Article 27  Fondions du Comitermanent</s>
    <s>92. Le Comitermanent a pour fonction grale de suivre les probls soulevpar la Convention.</s>
    <s>A ce titre, il peut donner un avis sur toute question d'ordre gral qui lui serait soumise, qu'elle concerne l'interprtion ou la mise en oeuvre de la Convention.</s>
    <s>Le Comitermanent peut, es conditions de majoritenforc adopter des recommandations sur la mise en oeuvre de la Convention. Ces recommandations, si elles n'ont pas de force juridique directement contraignante, disposeront d'une autoritorale ou politique considble. Elles ne sauraient nmoins conduire a mise en cause ou la condamnation d'une Partie, le Comite pouvant se substituer aux instances juridictionnelles.</s>
    <s>93. Par ailleurs, le Comitermanent (article 33, paragraphe 1) est charge suggr au Comites Ministres du Conseil de l'Europe d'inviter certains Etats dhr a Convention et d'autre part de proposer des amendements a Convention.</s>
    <s>Cette derni mission est essentielle puisqu'elle a pour but d'assurer la mise our de la Convention pour tenir compte notamment des lutions technologiques.</s>
    <s>Article 28  Rapports du Comitermanent</s>
    <s>94. Il est de re que les comitinstitu dans le cadre des conventions du Conseil de l'Europe fassent rapport au Comites Ministres.</s>
    <s>CHAPITRE VII  AMENDEMENTS A LA CONVENTION</s>
    <s>Article 29  Amendements aux articles</s>
    <s>95. Des amendements aux articles de la Convention peuvent e propospar les Parties, par le Comitermanent, ou par le Comites Ministres. Ils sont transmis ous les Etats membres du Conseil de l'Europe, a CEE, out Signataire, oute Partie ainsi qu'out Etat invit signer la Convention ou adhr.</s>
    <s>96. La Convention introduit une distinction entre les amendements aux dispositions de fond, qui ont un caract technique et qui sont adoptpar le seul Comitermanent, et les amendements aux dispositions finales qui, en raison de leurs incidences politiques et budgires, nssitent l'approbation du Comites Ministres.</s>
    <s>97. Apradoption ou approbation, les amendements sont soumis 'acceptation des Parties. Dans tous les cas, un amendement entre en vigueur seulement 'rd des Parties qui l'ont acceptLes amendements aux dispositions finales relatives 'application de la convention nssitent une approbation unanime.</s>
    <s>Article 30  Amendements des annexes I et II</s>
    <s>98. Les amendements aux annexes I et Il a Convention peuvent e prntdans les ms conditions que pour ce qui est des amendements aux articles de fond. Les ms res s'appliquent eur adoption par le Comitermanent.</s>
    <s>En revanche, les res concernant les procres d'acceptation ont modifi afin de favoriser leur entren vigueur rapide.</s>
    <s>L'assouplissement de la procre a paru s'imposer au regard du caract technique des annexes, de l'lution rapide de leur contenu et de l'intt qui s'attache 'uniformites dispositions applicables haque Partie.</s>
    <s>Toutefois, un amendement ne saurait s'imposer ne Partie qui ne l'a pas acceptque ce soit expressnt ou tacitement.</s>
    <s>En consence, 'instar d'autres Conventions du Conseil de l'Europe telles que la Convention de Berne relative a conservation de la vie sauvage et du milieu naturel en Europe (article 17), l'article 30 de la prnte Convention prit une procre d'acceptation tacite des amendements aux annexes: l'amendement entre en vigueur le premier jour du mois qui suit l'expiration d'une pode de dix-huit mois aprson approbation par le Comitermanent, oins que plus d'un tiers des Parties n'aient notifies objections. Dans un tel cas, l'amendement est consid comme rejetDans le cas contraire, il entre en vigueur pour toutes les Parties qui n'ont pas notifi'objections.</s>
    <s>Article 31  Amendements tacites 'annexe I, parties A et B</s>
    <s>99. L'annexe I, parties A et B, consacraux substances dangereuses se rre aux annexes des Directives communautaires, y compris leurs amendements et dans leur t au moment de l'adoption de la Convention.</s>
    <s>Afin que la Convention reste en harmonie avec les textes communautaires initialement adoptpar elle, l'article 31 prit une entren vigueur par acceptation tacite des amendements apportaux annexes communautaires, moins qu'une Partie ne demande que la procre de l'article prdent ne s'applique. Si tel est le cas, l'amendement est transmis pour approbation au Comitermanent. A dut de demande de saisine du Comitermanent, l'amendement entre en vigueur par approbation tacite.</s>
    <s>En dnitive, l'objet de cet article est d'ter, sauf demande d'une Partie, la procre d'adoption par le Comitermanent.</s>
    <s>CHAPITRE VIII  CLAUSES FINALES</s>
    <s>Articles 32 7</s>
    <s>100. Ces articles sont conformes aux clauses finales mods des accords et conventions du Conseil de l'Europe.</s>
    <s>Il convient de noter ce qui suit.</s>
    <s>Article 32  Signature, ratification et entren vigueur</s>
    <s>101. Etant donna dimension internationale de l'environnement, il a dde permettre au plus grand nombre possible d'Etats de signer la Convention.</s>
    <s>Cette derni est par consent ouverte a signature des Etats membres du Conseil de l'Europe mais aussi des Etats non membres qui ont particip son boration, des Etats non membres qui y ont invitpar le Comites Ministres et de la Communautconomique Europne.</s>
    <s>Article 33  Etats non membres</s>
    <s>102. Le Comites Ministres peut, de sa propre initiative ou sur proposition du Comitermanent, et apravoir consultes Parties, inviter tout Etat non membre dhr a Convention.</s>
    <s>Article 34  Application territoriale</s>
    <s>103. Cette disposition visant essentiellement les territoires d'outre-mer, il a entendu qu'il serait manifestement contraire a philosophie de la Convention qu'une Partie exclue de l'application de cet instrument des parties de son territoire principal et qu'il n'it pas nssaire de prser ce point explicitement dans la Convention.</s>
    <s>Article 35  Rrves</s>
    <s>104. Cet article m, limitativement, les rrves pouvant e faites.</s>
    <s>(*) Autriche, Belgique, Bulgarie, Chypre, Tchslovaquie, Danemark, Finlande, France, Allemagne, Gr, Hongrie, Islande, Irlande, Italie, Liechtenstein, Luxembourg, Malte, Pays-Bas, Norv, Pologne, Portugal, Saint-Marin, Espagne, Su, Suisse, Turquie, Royaume-Uni (Etats membres du Conseil de l'Europe en dmbre 1992 ).</s>
  </text>
</page>
