<?xml version="1.0" encoding="UTF-8"?>
<!DOCTYPE page SYSTEM "page.dtd">
<page>
  <lang>fr</lang>
  <url>http://alx-communication.over-blog.com/article-conference-libreoffice-episode-i-appel-a-communication-80244927.html</url>
  <title>Conférence LibreOffice, Episode I - Appel à communication - AL&#39;X ...</title>
  <snippet>
    <s>26 juil. 2011 La première édition de la conférence LibreOffice se tiendra à Paris du 12 au 15 octobre2011.Cet événement organisé par The Document Foundation est dédié à tous ceux qui Chaque proposition sera évaluée par un comité composé de Partager l&#39;article : Conférence LibreOffice, Episode I - Appel à </s>
  </snippet>
  <text>
    <s>!Copie de Header1 VERO BLOG-copie-1</s>
    <s>AL'X Communication l'agence RP des coulisses du Web</s>
    <s>Description : Blog de l'agence AL'X Communication, spécialiste des relations presse et relations publiques, sur les secteurs de l'Open Source, de la sécurité des systèmes d’information, de la cybercriminalité, de l’IE et des nouveaux medias.</s>
    <s>Catégorie : Sécurité Medias Web 2.0 Open Source Logiciel Libre Actualité</s>
    <s>Architecture d'entreprise (5)</s>
    <s>Cybercrime (4)</s>
    <s>Digital Comm (3)</s>
    <s>GreenIT (1)</s>
    <s>Haut débit (1)</s>
    <s>Livres Eyrolles (19)</s>
    <s>Marché du livre numérique (1)</s>
    <s>Open Source Logiciel Libre (49)</s>
    <s>Relation client Social CRM (14)</s>
    <s>Sécurité informatique (38)</s>
    <s>Vie privée sur la Toile (2)</s>
    <s>Web 2.0 Web Interpersonnel (9)</s>
    <s>Web Sémantique (4)</s>
    <s>Services Mobile (1)</s>
    <s>Eyrolles Semantic Web Gaming Entertainment Symfony Interactivity Open Source Odébit THD Cybercrime Arismore Social Engage Connected Les Assises Social Media OpenStack Solutions Linux TV Tabs ebooks SugarCRM IPTV SocialCRM LibreOffice Digital SkySQL PHP SensioLabs Sécurité Informatique Innovation Qualys</s>
    <s>Albums Photos</s>
    <s>Assises-de-la-Securite-2010 Monaco</s>
    <s>Symfony Live Paris 2011</s>
    <s>TextOne SMS2.0 by ProcessOne</s>
    <s>Voir tous les albums</s>
    <s>Partager ce blog</s>
    <s>We Like</s>
    <s>Conférence LibreOffice, Episode I - Appel à communication</s>
    <s>!libreoffice-300x97.png !libreoffice-conference-paris-2011</s>
    <s>La première édition de la conférence LibreOffice se tiendra à Paris du 12 au 15 octobre 2011.</s>
    <s>Cet événement organisé par The Document Foundation est dédié à tous ceux qui sont intéressés par le développement de logiciels de bureau libres, les standards ouverts, et le format OpenDocument en général.</s>
    <s>L'opportunité de rencontrer et fédérer dans une ambiance animée par l'innovation et la passion, les membres de la communauté, les développeurs et les hackers.</s>
    <s>L'événement se tiendra dans deux endroits parisiens représentatifs de l'activité Libre en France : La Cantine de Silicon Sentier et l'IRILL (Free Software Research Institute).</s>
    <s>CALL FOR PAPERS - Les organisateurs lancent leur appel à communication. Vous pouvez proposer un talk – l'ensemble des présentations aura lieu en anglais - jusqu'au 8 août, à cette adresse : http://conference.libreoffice.org/submit-your-paper/</s>
    <s>Les thémas abordées :</s>
    <s>- Development Track</s>
    <s>- Technical Bird of Feather Sessions</s>
    <s>- Community Building Track</s>
    <s>- Marketing Track</s>
    <s>- ODF MasterClass</s>
    <s>Chaque proposition sera évaluée par un comité composé de membres de la communauté. Vous recevrez une confirmation par email.</s>
    <s>Partager l'article : Conférence LibreOffice, Episode I - Appel à communication La première édition de la conférence LibreOffice se tiendra à Paris du 12 au 15 octobre 2011. Cet événement…</s>
    <s>Mardi 26 juillet 2011 2 26 /07 /Juil /2011 15:06</s>
    <s>- Par AL'X Communication - Publié dans : Open Source Logiciel Libre</s>
    <s>Ecrire un commentaire 0 - Voir le commentaire - Voir les 0 commentaires</s>
    <s>Précédent : SKYSQL S’ASSOCIE AVEC YOSHINORI Retour à l'accueil Suivant : LibreOffice conference - First Ed .</s>
    <s>Créer un blog gratuit sur over-blog.com - Contact - C.G.U. - Rémunération en droits d'auteur - Signaler un abus - Articles les plus commentés</s>
    <s>' ); } }); })(); OB.Overclick = { disableJump : false, disableSticky : false }; YAHOO.util.Event.onDOMReady ( function() { var adboxes = ; var ad = YAHOO.util.Selector.query('ln 1 .pub.box0 .ctn'); adboxes = ad.parentNode; adboxes.region = YAHOO.util.Region.getRegion(adboxes); YAHOO.util.Dom.setStyle( adboxes, 'height', adboxes.region.height + 'px' ); YAHOO.util.Dom.setStyle( adboxes.parentNode.parentNode, 'position', 'relative' ); YAHOO.util.Dom.setStyle( adboxes.parentNode, 'position', 'static' ); YAHOO.util.Dom.setStyle( adboxes, 'position', 'static' ); var box = false; var boxes = YAHOO.util.Dom.getElementsByClassName( 'box', 'div', adboxes.parentNode.parentNode ); var createBox = function(original) { var newBox; if (YAHOO.env.ua.ie !== 0) { newBox = original.parentNode.cloneNode(); newBox.content = document.createElement('div'); newBox.content.className = 'pub'; newBox.appendChild(newBox.content); YAHOO.util.Dom.setStyle( newBox, 'height', original.region.height + 'px' ); } else { newBox = original.parentNode.cloneNode(true); var ct = YAHOO.util.Dom.getElementsByClassName( 'ctn', 'div', newBox ); ct.parentNode.removeChild(ct); } adboxes.push( YAHOO.util.Dom.getElementsByClassName( 'pub', 'div', newBox ) ); return newBox; }; var maxAds = 2; var sticky = false; if (YAHOO.util.Region.getRegion( adboxes.parentNode.parentNode ).height &lt; YAHOO.util.Dom.getViewportHeight()2 + YAHOO.util.Region.getRegion( adboxes.parentNode).bottom) { if (YAHOO.util.Region.getRegion( adboxes.parentNode.parentNode ).bottom &gt; YAHOO.util.Dom.getViewportHeight() + YAHOO.util.Region.getRegion( adboxesadboxes.length - 1.parentNode).bottom) { var newBox = createBox( adboxes ); adboxes.parentNode.parentNode.appendChild( newBox ); } if (maxAds &gt; 1) { sticky = true; } } else { for (var i = 0; i &lt; boxes.length &amp;&amp; adboxes.length &lt; maxAds; i++) { if (YAHOO.util.Region.getRegion(boxesi).top &gt;= (YAHOO.util.Dom.getViewportHeight()) + YAHOO.util.Region.getRegion( adboxesadboxes.length - 1.parentNode).bottom) { newBox = createBox( adboxes ); YAHOO.util.Dom.insertBefore( newBox, boxesi ); adboxesadboxes.length = YAHOO.util.Dom.getElementsByClassName( 'pub', 'div', newBox ); } } } YAHOO.util.Event.on( window, 'load', function(e, ads) { if (e.type === 'load') { YAHOO.util.Dom.setStyle( ads.boxes, 'height', (YAHOO.util.Region.getRegion( ads.ad ).height) + 'px' ); } }, { boxes: adboxes, ad: ad } ); if (adboxes.length === 1) { return; } for ( var i = 0, sTypes = 'scroll', 'resize', 'load'; i &lt; sTypes.length; i++) { YAHOO.util.Event.on( window, sTypesi, function(e, ads) { var scrollBtm = YAHOO.util.Dom.getDocumentScrollTop(); var box2dp = 0; try { for (var j = 0; ads.boxesj; j++) { if (scrollBtm &gt; YAHOO.util.Region.getRegion( ads.boxesj.parentNode ).bottom &amp;&amp; !OB.Overclick.disableJump) { box2dp = j + 1; } } } catch (e) { box2dp = ads.boxes.length - 1; } if (box2dp &gt; ads.boxes.length - 1) { box2dp = ads.boxes.length - 1; } if (sticky &amp;&amp; box2dp === ads.boxes.length - 1 &amp;&amp; YAHOO.util.Region.getRegion( ads.boxesbox2dp ).top &lt; scrollBtm &amp;&amp; !OB.Overclick.disableSticky) { if (YAHOO.env.ua.ie &gt; 0) { YAHOO.util.Dom.setStyle( ads.ad, 'top', (scrollBtm - YAHOO.util.Region.getRegion( ads.boxes.parentNode.parentNode ).top + ( (OB &amp;&amp; OB.Bar) ? 40 : 5 )) + 'px' ); YAHOO.util.Dom.setStyle( ads.boxes.parentNode.parentNode, 'height', (scrollBtm + 5) + 'px' ); } else { YAHOO.util.Dom.setStyle( ads.ad, 'position', 'fixed' ); YAHOO.util.Dom.setStyle( ads.ad, 'top', (OB &amp;&amp; OB.Bar) ? '40px' : '5px' ); } } else { YAHOO.util.Dom.setStyle( ads.ad, 'position', 'absolute' ); YAHOO.util.Dom.setStyle( ads.ad, 'top', (YAHOO.util.Region.getRegion( ads.boxesbox2dp ).top - YAHOO.util.Region.getRegion( ads.boxes.parentNode.parentNode ).top) + 'px' ); } if (YAHOO.env.ua.ie !== 0) { YAHOO.util.Dom.setStyle( ads.ad, 'left', 0 ); } }, { boxes: adboxes, ad: ad, sticky: sticky } ); } } ); //]]&gt;</s>
  </text>
</page>
