<?xml version="1.0" encoding="UTF-8"?>
<!DOCTYPE page SYSTEM "page.dtd">
<page>
  <lang>fr</lang>
  <url>http://news.catholique.org/38254-suisse-l-episcopat-rejette-l-autorisation-du</url>
  <title>Suisse : L&#39;épiscopat rejette l&#39;autorisation du diagnostic ...</title>
  <snippet>
    <s>7 oct. 2011 la Conférence des évêques suisses (CES) réaffirme son opposition au projet de loi visant à modifier l&#39;article 119 de la Constitution et la loi </s>
  </snippet>
  <text>
    <s>English Espanol Deutsh Italiano Slovensko</s>
    <s>!Vert - 29e dimanche du Temps Ordinaire 16 octobre 2011 - Sainte Marguerite-Marie Alacoque</s>
    <s>!Les news</s>
    <s>Toutes les news</s>
    <s>A la une</s>
    <s>Toutes les dépèches</s>
    <s>Les alertes de news</s>
    <s>A l'affiche</s>
    <s>Les archives</s>
    <s>Top news</s>
    <s>Les plus lues</s>
    <s>Les plus récentes</s>
    <s>!Les analyses</s>
    <s>Jésus Christ</s>
    <s>Question de Foi</s>
    <s>Vie Spirituelle</s>
    <s>Sexualité et bioéthique</s>
    <s>Chrétien dans le monde</s>
    <s>Autres religiosités</s>
    <s>!Nos partenaires</s>
    <s>Publie le : 7 octobre 2011 Source : Zenit.org</s>
    <s>Les news</s>
    <s>A la une</s>
    <s>Les news</s>
    <s>Suisse : L’épiscopat rejette l’autorisation du diagnostic préimplantatoire</s>
    <s>ROME, Vendredi 7 octobre 2011 (ZENIT.org) - Dans une longue lettre datee du 27 septembre, la Conference des eveques suisses (CES) reaffirme son opposition au projet de loi visant a modifier l'article 119 de la Constitution et la loi sur la procreation medicalement assistee.</s>
    <s>« En modifiant la Constitution, on abolit la protection de l'embryon humain. Cette formulation ouvre 'la voie de l'instrumentalisation' », soulignent les eveques dans leur lettre a l'attention de l'administration federale. Ils ajoutent que « l'usage du diagnostic preimplantatoire (DPI) qui vise a l'elimination des embryons 'malades', n'est pas compatible avec les principes de la dignite humaine ancres dans la Constitution helvetique ».</s>
    <s>Les eveques disent comprendre la souffrance et l'angoisse des couples qui se savent transmetteurs d'une maladie genetique et reconnaissent que la societe « leur doit une reponse de solidarite et un progres technologique », mais que « la souffrance ne justifie pas l'usage de n'importe quelle technologie ».</s>
    <s>Il s'agit, pour les eveques, « d'une fausse solution » dans la mesure ou « elle entame le principe de la dignite humaine », celle-ci induisant « une selection qui, pour tenter d'assurer qu'un enfant a naitre ne soit pas atteint d'une affection genetique grave, elimine les embryons juges potentiellement porteurs d'une maladie grave ».</s>
    <s>« Le DPI est donc clairement une mesure eugenique », denoncent-ils. En l'autorisant, la Suisse « s'acheminerait sur une pente glissante sans voie de retour ».</s>
    <s>En conclusion, les eveques reaffirment que « la sante ou l'epanouissement d'une personne ne depend pas uniquement de l'integrite de son bagage biologique » et que « le DPI, qui affirme sur ces seuls criteres physiques qu'une personne ne jouira jamais d'une bonne sante, fait gravement l'impasse sur les dimensions psychologiques, sociales et spirituelles de la vie humaine ».</s>
    <s>On trouvera l'integralite de la lettre sur : http://www.eveques.ch/content/view/full/7409 .</s>
    <s>Zenit.org, 2006. Tous droits reserves</s>
    <s>- Pour connaitre les modalites d´utilisation vous pouvez consulter :</s>
    <s>www.zenit.org ou contacter infosfrench@zenit.org</s>
    <s>- Pour recevoir les news de Zenit par mail vous pouvez cliquer ici</s>
    <s>Accueil | Contact | Qui sommes nous ? | Plan du site | Information légales</s>
    <s>(C) Catholique.org 2004 - 2011 - Tous droits reserves</s>
  </text>
</page>
