<?xml version="1.0" encoding="UTF-8"?>
<!DOCTYPE page SYSTEM "page.dtd">
<page>
  <lang>fr</lang>
  <url>http://pesor.u-psud.fr/index.php%3F86</url>
  <title>Sandra CHARREIRE-PETIT - PESOR</title>
  <snippet>
    <s>Soutien du comité d&#39;organisation du colloque « Management des A critical review”, in EURAM 2010 conference Back to the future, 8 articles ayant nécessité de coordonner les écrits de 13 contributeurs constituent ce numéro paru en mai. </s>
  </snippet>
  <text>
    <s>Page d'accueil</s>
    <s>Nous contacter</s>
    <s>La Recherche a la Faculté Jean Monnet</s>
    <s>La Bibliothèque de la Recherche</s>
    <s>L'Ecole doctorale</s>
    <s>L'Université Paris Sud 11</s>
    <s>Sandra Charreire-Petit</s>
    <s>!Photo de Sandra Charreire-Petit</s>
    <s>Directrice de l'Ecole Doctorale 263 Reponsable du M2 Stratégies et Management (P &amp; R)</s>
    <s>Bureau D 205 - Tél : 01 40 91 18 11 ou 18 05</s>
    <s>Email : `prenom-du-chercheur.nom-du-chercheur` AROBASE `u-psud.fr`</s>
    <s>Thèmes de recherche</s>
    <s>Apprentissage organisationnel</s>
    <s>Management des connaissances et innovation</s>
    <s>Alerte éthique et RSE</s>
    <s>Epistémologie et méthodologie qualitative</s>
    <s>Projets de recherche</s>
    <s>ORGANISATION DE MANIFESTATIONS SCIENTIFIQUES A L’UNIVERSITE PARIS SUD 11</s>
    <s>ANR 2006-2011 : conduite d’un Projet ANR sur le « Potentiel Régulatoire de la RSE » en partenariat avec les Universités Paris 12 / IRG (pilote Pr J. Brabet) et Montpellier / ERFI (pilote Pr. F. Palpacuer). Le PESOR s’est attaché plus particulièrement à étudier la mise en œuvre des pratiques de Whistleblowing en France. Ce projet est mené en collaboration avec M.J. Gomez Mustel, MCF en droit social, René de Quenaudon, PR en droit social à Strasbourg, Joelle Surply MCF et Florent Pestre, MCF en management à la faculté Jean Monnet.</s>
    <s>Soutien du comité d’organisation du colloque « Management des entreprises innovantes à l’heure des pôles de compétitivité » qui s'est tenu le 16 mars 2007 à Faculté Jean Monnet – Sceaux.</s>
    <s>De juillet 2004 à septembre 2006 : Pilotage du Contrat de Recherche entre le PESOR et la DARES (Ministère de l’emploi). Thème : Analyse du rôle de la formation professionnelle dans la gestion des compétences au sein des entreprises. Le rapport de recherche (96 pages) a été soutenu au ministère en septembre 2006.</s>
    <s>Membre du comité d’organisation du colloque « Apprentissage et Performance Organisationnelle », Procédures académiques. Date : le 30 septembre 2005 à la faculté Jean Monnet.</s>
    <s>Responsabilités académiques</s>
    <s>Directrice de l’école doctorale Droit Economie Gestion (ED 263) de l’Université Paris sud 11 – Faculté Jean Monnet, depuis septembre 2008. 200 doctorants, un périmètre de 7 EA.</s>
    <s>Directrice du PESOR de sept 2004 à sept 2009(Pilotage Economique et Sociale des ORganisations) Le centre de recherche en gestion situé à la faculté Jean Monnet (Sceaux) regroupe l’ensemble des enseignants chercheurs en gestion de l’Université Paris Sud 11 et compte 9 PR, 22 MCF, 2 MCF associés, 2 PRAG, 3 ATER, 14 doctorants.</s>
    <s>Autres responsabilités académiques</s>
    <s>Expert de l’AERES en 2008, en charge de l’évaluation de plusieurs dossiers de mentions de master. Campagne vague B 2008-2011. Membre de deux comités de visite (2009 et 2010.</s>
    <s>Membre élu du CS de l'Université depuis février 2008, membre du bureau du CS.</s>
    <s>Membre titulaire de la Commission de Spécialistes de gestion de l’Université Paris XI depuis 2004, puis membre de la CCSU élue 05-06 en 2010.</s>
    <s>Membre du Comité de Rédaction de la revue Finance Contrôle Stratégie depuis septembre 2003 et du comité de lecture de “ M@n@gement ” depuis 1999.</s>
    <s>Membre du CSP (Conseil Scientifique Permanent) de l'AIMS en 2007 et membre élue au CA en 2010.</s>
    <s>Membre de l’Association Internationale de Management Stratégique (AIMS) depuis 1994, des comités scientifiques des congrès de l’AIMS depuis 1996. Evaluation des projets de communication et de thèses pour le prix de thèse AIMS.</s>
    <s>Cofondatrice et co-rédactrice en chef de “ M@n@gement ”, revue internationale de recherche (à comité de lecture) en management sur Internet 1996 - 1999.</s>
    <s>DIRECTION DE THESES EN COURS</s>
    <s>Mademoiselle Alexandra Mauduit. Thèse sur les liens entre le discours RSE des ONG et l'évolution des pratiques RSE des firmes multinationales. Première inscription 2010.</s>
    <s>Mademoiselle Jihène Rezghi (allocataire moniteur à la faculté Jean Monnet / membre du PESOR / première inscription octobre 2006). Thèse sur les liens entre construction, transfert de connaissance et capital social : application au cas des pôles de compétitivité.</s>
    <s>Mademoiselle Habiba Zaafrane (membre du PESOR /première inscription novembre 2008). Thèse sur le transfert de connaissance dans les réseaux sociaux à cultures multiples. Le cas de l'hopital.</s>
    <s>Directions de formations</s>
    <s>Directrice du programme de l'ED 263 depuis septembre 2008</s>
    <s>Responsable du Master 2 P&amp;R « Stratégies et Management». Ce M2 est adossé au laboratoire.</s>
    <s>PUBLICATIONS RECENTES / EXTRAITS</s>
    <s>2011 (forthcoming) : &quot;Parler ou se taire ou le dilemme du salarié lanceur d’alerte. Analyse critique à l’aune de sa liberté&quot;, Economie et Société, (en coll. J. Surply)</s>
    <s>2011 : &quot;Codes de conduite et systèmes d’alerte éthique: La RSE au sein des chaînes globales de valeur&quot;, in La revue de la régulation, numéro spécial RSE régulation et diversité du capitalisme, n°9 juin, (en coll. C. Vercher et F. Palapcuer)</s>
    <s>2011 : « Le Whistleblowing est-il une innovation managériale socialement responsable ? International Symposium on CSR and Innovation, 6-7 April, Dijon (en coll. J. Surply)</s>
    <s>2011 : “An open Innovation Growth Strategy for Knowledge-intensive firms: The case of an Advertising agency », chapter in C. de Pablos Heredero Ed., Open Innovation at Firms and Public Administrations: Technologies for Value Creation, (avec A. Livieratos et B. Papoulias)</s>
    <s>2010 : &quot;The practice of Whistleblowing: An opportunity for both CSR's policy and employee's freedom?&quot; in EGOS Lisbon, sub theme 41 : The role of leadership, Responsibility and Ethics: Behavioal Issues of implementing CSR. (en coll J. Surply)</s>
    <s>2010 : « Apprentissage du capital-risqueur : une singularité des liens entre sa légitimité et ses échecs », in actes 19ème Conférence Internationale de Management Stratégique (AIMS), Luxembourg, (en coll. E. Dubocage)</s>
    <s>2010 : “Whistleblowing : a liberating practice exercised by workers in socially responsible companies ? A critical review”, in EURAM 2010 conference Back to the future, Re-Thinking the role of the Firm in a post-Crisis World (track 29), 19-22th May, Rome (en coll J. Surply)</s>
    <s>2009 : J. Meyer et B. Rowan, Les organisations comme reflets de mythes rationnels, chapitre 11 in S. Charreire Petit et I. Huault (Dir), Les Grands Auteurs en Management, 2nd (Ed) Caen : EMS, 173-186.</s>
    <s>2009 : Les Grands Auteurs en Management (Dir avec I. Huault), Caen : EMS, 2nd Edition enrichie de 7 nouveaux chapitres.</s>
    <s>2009 : Coordination du numéro spécial n°194 de la Revue Française de Gestion, intitulé Société et Sciences de Gestion. 8 articles ayant nécessité de coordonner les écrits de 13 contributeurs constituent ce numéro paru en mai. (en coll. R. Durand, V. Warnier)</s>
    <s>2009 : “Pour des Sciences de gestion en prise avec la société”, in Revue Française de Gestion, N° 194, mai, pp 15-28 (en coll. R. Durand, V. Warnier)</s>
    <s>2008 : “From practice-based knowledge to the practice of research : Revisiting constructivist research works on knowledge », in Management Learning, Vol 39(1) : 73-91. (en coll. I. Huault)</s>
    <s>2008 : &quot;Du Whistleblowing à l'américaine à l'alerte éthique à la française : Enjeux et perspectives pour le gouvernement d'entreprise&quot;, in M@n@gement, numéro spécial « Ethique et Gouvernance », Vol 11 : 2, 113-135.(en coll. J. Surply)</s>
    <s>2008 : &quot;Les stratégies possibles des syndicats de salariés français face au développement de l'alerte éthique : un nouvel outil de gestion socialement responsable ?&quot;, Colloque international &quot;Développement durable, RSO&quot;, Marrakech, novembre, (en coll J. Surply)</s>
    <s>2007 : « Diagnostic des pratiques de formation professionnelle dans son nouveau cadre juridique : le cas de la grande entreprise », Revue Droit Social, n° 5 mai (en coll. M.J. Gomez-Mustel)</s>
    <s>2007 : Management, (Dir avec I. Huault et V. Perret), Nathan, collection Enseignement Supérieur.</s>
    <s>2007 : Explorer et tester : Les deux voies de la recherche, chapitre3 in R.A Thiétart (Coord.), Méthodes de Recherche en Management, 3ème édition, Dunod (Ed), (avec F.Durieux), 58-83.</s>
    <s>2006 : « Bridging social networks and learning processes : a matter of lenses », communication sélectionnée pour la conférence EGOS, Track number 35, Bergen, Norway, juillet (avec B. Berthon et I. Huault)</s>
    <s>2005 : Du réseau social au capital social : Le cas de l’incubation de projets d’entreprises innovantes, in actes Journée transdisciplinaire de recherche AIMS AGRH : « Management et réseaux sociaux », EM Lyon, 10 novembre (avec S. Ben Mahmoud Jouini et N. Claret)</s>
    <s>2005 : L’évaluation : un élément clef du dispositif d’accompagnement des projets incubés ?, in actes de l’Académie de l’entrepreneuriat, au Sénat à Paris, novembre (avec N. Claret et S. Ben Mahmoud Jouini)</s>
    <s>2005 : L’évaluation d’un projet de création d’une entreprise innovante : un objet d’apprentissage particulièrement significatif, in actes de la conférence sur l’entrepreneuriat, ECS Brest, 13 et 14 octobre (avec N. Claret et S. Ben Mahmoud Jouini)</s>
    <s>2004 : Is a paradigm shift relevant ? Research works on knowledge revisited, in actes de la conférence EGOS, Track number 39, Lublijana, Slovénie, juillet (avec I.Huault).</s>
    <s>2003 : Les rôles de la migration et de la légitimation des savoirs dans l’apprentissage organisationnel : études de cas, Revue Finance, Contrôle Stratégie, Vol 6, n°2, Juin, 115-153.</s>
    <s>2003 : Apprentissages délibérés et émergents : conceptualisation et illustration empirique, chapitre 8, in H. Laroche, P. Joffre et F. Fréry, Perspectives en Management Stratégique, tome IX, Caen : EMS, 185 - 207.</s>
    <s>2003 : Les innovations en tant qu’objets d’apprentissage organisationnel : une mise en perspective, in actes CD Rom de la 12ème Conférence Internationale de Management Stratégique (AIMS), 3-6 juin, Tunis.</s>
    <s>2003 : L’étude empirique longitudinale, collection Méthodes quantitatives et qualitatives, Editions e-thèque dirigée par P.L Dubois et C. Marmuse.</s>
    <s>2002 : Chris Argyris , Apprentissage organisationnel, actionnabilité des connaissances et vision programmatique, chapitre 11, in S. Charreire et I. Huault (Dir), Les Grands Auteurs en Management, Caen : EMS, 161-176. (chapitre n°14 révisé dans l’Ed 2009, 225-242)</s>
    <s>2002: Jeffrey Pfeffer et Gerald Salancik, La dépendance des ressources est stratégique, chapitre 10, in S. Charreire et I. Huault (Dir), Les Grands Auteurs en Management, Caen : EMS, 147-159. (chapitre n°12 révisé dans l’Ed 2009, 187-202)</s>
    <s>2002 : Questions de Méthodes en Sciences de Gestion (Dir. avec N.Mourgues et alii), Caen : EMS.</s>
    <s>2002: La recherche constructiviste en management stratégique : Quelle cohérence épistémologique ?, (avec I. Huault), chapitre 10, in Dostaler I., H. Laroche et O. Boiral, Perspectives en Management Stratégique, tome VIII, Caen : EMS, 265-280.</s>
    <s>2001 : Le constructivisme dans la pratique de recherche : une évaluation à partir de seize thèses de doctorat, Revue Finance Contrôle Stratégie, Vol 4, n°3, septembre, 31-55 (avec I. Huault).</s>
    <s>1995 : L'apprentissage organisationnel : Proposition d’un modèle. Le cas d’une innovation managériale, thèse de doctorat, Université Paris 9 Dauphine.</s>
    <s>Autre forme de valorisation des recherches</s>
    <s>2010 : invitation à publier un article sur l'alerte éthique dans le numéro spécial de la revue CFDT Cadres. &quot;Dénoncer ou alerter : une pratique socialement responsable ?&quot; N°439, P 43-50,(en coll. J. Surply)</s>
  </text>
</page>
