<?xml version="1.0" encoding="UTF-8"?>
<!DOCTYPE page SYSTEM "page.dtd">
<page>
  <lang>fr</lang>
  <url>http://jack35.wordpress.com/2011/10/10/appel-aux-medias-mars500-bon-retour-sur-terre/</url>
  <title>Appel aux médias : Mars500, bon retour sur Terre ! « Etrange et ...</title>
  <snippet>
    <s>il y a 6 jours scientifiques, les ingénieurs et les opérateurs à évaluer ce qu&#39;auront à subir les voyageurs spatiaux du futur. Une accréditation pour la conférence de presse est obligatoire. La date limite d&#39;enregistrement est le 20 octobre. je rencontrerai Romain, pour un ultime article sur « cette » mission Mars 500, </s>
  </snippet>
  <text>
    <s>Donnez votre avis</s>
    <s>Agence de presse</s>
    <s>Lieux hantés de France</s>
    <s>Etrange et Insolite</s>
    <s>Ici tout est bizarre !</s>
    <s>Abonnement sur ce site</s>
    <s>Entrez votre adresse e-mail pour vous inscrire sur ce site et recevoir les notifications des nouveaux articles.</s>
    <s>infos diverses et variées</s>
    <s>Les lieux hantés</s>
    <s>Mars 500</s>
    <s>Appel aux médias : Mars500, bon retour sur Terre !</s>
    <s>Filed under: Mars 500 by jack35 -- 3 commentaires</s>
    <s>La photo prise pour fêter un an à bord</s>
    <s>Appel aux médias : Mars500, bon retour sur Terre !</s>
    <s>10 octobre 2011</s>
    <s>Depuis juin l’an dernier, les six membres d’équipage d’une mission simulée vers Mars ont vécu en isolation dans un laboratoire près de Moscou. Ils « retourneront sur Terre » le 4 novembre et seront placés en quarantaine pendant quatre jours pour des examens médicaux. Les médias sont invités à rencontrer l’équipage lors d’une conférence de presse le 8 novembre à Moscou.</s>
    <s>Mars500 est la première simulation en vraie grandeur d’une mission habitée vers Mars, dans une maquette d’infrastructure spatiale reproduisant fidèlement la quasi-totalité des aspects d’un vol spatial – hormis la microgravité, les radiations et un réel voyage interplanétaire.</s>
    <s>Durant près d’un an et demi, l’équipage international composé de deux Européens, trois Russes et un Chinois ont « voyagé » vers Mars, « atterri » sur la planète et effectué plusieurs sorties sur une simulation de terrain martien. Ils ont eu à affronter la monotonie, les délais dans les télécommunications et l’absence totale de lumière du jour dans leur habitat dépourvu de toute ouverture.</s>
    <s>Diego utilise un outil développé pour la marche lunaire</s>
    <s>L’équipage comprend deux membres sélectionnés par l’ESA, le Français Romain Charles et l’Italo-Colombien Diego Urbina, les Russes Soukhrob Kamolov, Alexeï Sitev et Alexandre Smoleyevski, ainsi que le Chinois Wang Yue.</s>
    <s>Une authentique aventure humaine</s>
    <s>Avant que l’humanité ne soit capable de voyager au-delà de l’orbite basse terrestre, dans un avenir pas trop lointain, de nombreux défis doivent être relevés et de nombreux problèmes techniques résolus.</s>
    <s>Au delà de la complexité technologique du vaisseau, l’une des plus grandes inconnues concerne le comportement humain et comment les interactions entre les membres d’équipage sont affectées par un long confinement, dans un espace clos et soumis à un stress. Tel était l’objectif principal de l’expérience Mars500.</s>
    <s>L’équipage a réalisé des douzaines d’expériences, afin de collecter des données qui pourront aider les scientifiques, les ingénieurs et les opérateurs à évaluer ce qu’auront à subir les voyageurs spatiaux du futur.</s>
    <s>Au cours de cette période, l’équipage s’est comporté comme une équipe stable et unie. Il n’y a pas eu de conflit significatif et ce « voyage » éprouvant a été réalisé comme une véritable équipage réaliserait une vraie mission vers Mars.</s>
    <s>Avec Roscosmos et l’Institut russe pour les problèmes biomédicaux (IBMP), l’ESA invite les membres des médias à une conférence de presse avec l’équipage et afin de rencontrer les scientifiques responsables de l’expérience.</s>
    <s>Une accréditation pour la conférence de presse est obligatoire. La date limite d’enregistrement est le 20 octobre. Veuillez prendre note des réglementations relatives à l’obtention d’un visa russe si vous venez d’un autre pays. Pour obtenir une accréditation, merci de donner votre nom, le nom de votre média, votre numéro de visa russe, votre numéro de passeport et vos informations de contact à l’adresse suivante : http://www.esa.int/esaCP/SEM0V1AU7TG index 0.html</s>
    <s>Vous pouvez aussi voir  les correspondances des internautes avec Mars500 depuis le début de la mission grâce au site de Steve.</s>
    <s>&quot;Aimer&quot; ceci :</s>
    <s>Un blogueur aime cet post.</s>
    <s>Mots-clefs :Espace</s>
    <s>Comments RSS feed</s>
    <s>2 Comments:</s>
    <s>steve legere</s>
    <s>10/10/2011 à 13 01 48 104810</s>
    <s>Merci Jack pour ces précisions, je n'irais pas en Russie, mais lorsqu'il viendra sur Paris, je rencontrerai Romain, pour un ultime article sur « cette » mission Mars 500, car d'autres arrivent derrière…</s>
    <s>Puis un projet de nouveau site pour après mars 500, consacré aux astronautes Français.</s>
    <s>Affaire à suivre donc.</s>
    <s>Merci au site Jack 35 d'avoir relayé les infos de la mission, merci jack !:)</s>
    <s>10/10/2011 à 16 04 37 103710</s>
    <s>Je sais que tu es plein de ressources et que ton prochain projet sera sûrement au top.</s>
    <s>Pour moi il y a aucun problème et je ferais passer l'info ici !;-)</s>
    <s>1 Trackback or Pingback for this entry:</s>
    <s>mars 500, toute la mission</s>
    <s> article intégrale sur le site de Jack 35: </s>
    <s>Laisser une réponse Annuler la réponse.</s>
    <s>Entrez ici votre commentaire </s>
    <s>Se connecter</s>
    <s>Se connecter</s>
    <s>Se connecter</s>
    <s>Adresse de contact (obligatoire) (Not published)</s>
    <s>Nom (obligatoire)</s>
    <s>Site web</s>
    <s>!Logo WordPress.com</s>
    <s>Please log in to WordPress.com to post a comment to your blog.</s>
    <s>!Twitter picture</s>
    <s>Vous commentez à l'aide de votre compte Twitter. ( Log Out )</s>
    <s>!Photo Facebook</s>
    <s>Vous commentez à l'aide de votre compte Facebook. ( Log Out )</s>
    <s>Connexion à %s</s>
    <s>M’aviser par courriel de nouveaux commentaires.</s>
    <s>Avertissez-moi par courriel des nouveaux articles.</s>
    <s>« Canada - Des week-ends d'horreur à La Ronde</s>
    <s>Odyssey découvre une nouvelle épave contenant 18 tonnes d'argent »</s>
    <s>Articles récents</s>
    <s>Amnesty International fait disparaître les gens à coup d'effets spéciaux (vidéo)</s>
    <s>Un super-héros zélé devant les tribunaux (vidéo)</s>
    <s>Les phoques de l'Arctique victimes d'une étrange maladie mortelle</s>
    <s>Si papa mange gras et sucré, bébé sera obèse !</s>
    <s>Presqu'île de Quiberon. Sept lumières dans le ciel et un mystère</s>
    <s>A la rechercher des météorites à Draveil</s>
    <s>L'étrange chat qui fait des nononono… (vidéo)</s>
    <s>Houat. Un sanglier nage jusqu'à l'île (vidéo)</s>
    <s>Faites du sport en mangent</s>
    <s>Découvrez la Terre comme vous ne l'avez jamais vu (vidéo)</s>
    <s>Mystère médical au Vietnam : à 26 ans, elle en paraît 70 (vidéo)</s>
    <s>La maison hantée de Frontenay Rohan-Rohan</s>
    <s>Mort étrange des mérous dans le golfe de Annaba</s>
    <s>L’étrange rodéo des forçats de la prison Angola</s>
    <s>Flashmob pour nouveau parfum (vidéo)</s>
    <s>Friends &amp; links</s>
    <s>Articles les plus consultés</s>
    <s>Le Welwyn Garden, un hotel de luxe pour chat</s>
    <s>Un chat noctambule et chapardeur de sous-vêtements</s>
    <s>Lisa Gherardini (la Joconde) va être exhumée</s>
    <s>Le sexe du bébé est inconnu !</s>
    <s>Personnalisez la chanson Barbra Streisand de Duck Sauce avec votre prénom</s>
    <s>Découvrez la Terre comme vous ne l'avez jamais vu (vidéo)</s>
    <s>Accusée D’une « Attaque Vampire »</s>
    <s>Largué par sa copine, il la recrée en poupée gonflable</s>
    <s>Une baleine est condamnée à la solitude !</s>
    <s>une dent humaine dans un steak haché</s>
    <s>Mystère médical au Vietnam : à 26 ans, elle en paraît 70 (vidéo)</s>
    <s>Houat. Un sanglier nage jusqu'à l'île (vidéo)</s>
    <s>Archives mensuelles</s>
    <s>octobre 2011</s>
    <s>septembre 2011</s>
    <s>août 2011</s>
    <s>juillet 2011</s>
    <s>juin 2011</s>
    <s>Bloguez sur WordPress.com. | Thème : Motion par volcanic.</s>
    <s>Retour Haut</s>
    <s>Follow Etrange et Insolite</s>
    <s>Get every new post delivered to your Inbox.</s>
    <s>Joignez-vous à 41 autres disciples</s>
    <s>Powered by WordPress.com</s>
    <s>*RSS: Really Simple Syndication</s>
  </text>
</page>
