<?xml version="1.0" encoding="UTF-8"?>
<!DOCTYPE page SYSTEM "page.dtd">
<page>
  <lang>fr</lang>
  <url>http://ensat.uae.ma/egcm2011/infos.html</url>
  <title>EGC - M 2011 | Informations Pratiques</title>
  <snippet>
    <s>Les hôtels de la conférence seront communiqués ultérieurement. Pour les personnes qui atterriront à l&#39;aéroport international de Tanger, un service Soumission des résumés des articles Acceuil; |; Thèmes; |; Comités; |; Soumissions; |; Tutoriels &amp; conférences; |; Programme; |; Articles acceptés; |; Infos pratiques </s>
  </snippet>
  <text>
    <s>Articles acceptés</s>
    <s>Infos pratiques</s>
    <s>Ateliers !</s>
    <s>Informations pratiques</s>
    <s>Lieu de la conférence :</s>
    <s>♦ Ecole Nationale des Sciences Appliquées de Tanger : ENSA Tanger (http://ensat.ac.ma). Une navette sera mise à la disposition des participants pour leur transport entre le site de la conférence et leur lieu d’hébergement.</s>
    <s>Frais d'inscription :</s>
    <s>50 euros</s>
    <s>Chercheurs Maghrebins</s>
    <s>100 euros</s>
    <s>Chercheurs etrnagères ou Industriels</s>
    <s>200 euros</s>
    <s>1 euros = 11 Dhs Marocain</s>
    <s>Lieus et Frais d’hébergement des participants :</s>
    <s>55 euros ou 600 Dhs / nuit</s>
    <s>Transports Forfait</s>
    <s>10 euros ou 100 dhs (contacter egcm2011@gmail.com) pour plus d'information.</s>
    <s>♦ Les hôtels de la conférence seront communiqués ultérieurement.</s>
    <s>♦Pour .les étrangers, trois aéroports sont envisagés (http://www.onda.ma/ONDA/fr): l’aéroport international « Ibn Battouta » de Tanger, l’aéroport « Mohamed V » de Casablanca et l’aéroport « Rabat Salé ». Pour les personnes qui atterriront à l’aéroport international de Tanger, un service d'accueil sera mis à leur disposition pour les journées du 23, 24 et 25 Novembre 2011. Les participants seront transportés gratuitement de l’aéroport à leur hôtel de résidence à l’aller et au départ. Pour les personnes qui atterriront aux aéroports de Casablanca ou de Rabat, une liaison ferroviaire existe entre ces aéroports et la ville de Tanger (consulter le site des chemins de fer marocains : http://www.oncf.ma/). Un service d’accueil et de transport sera mis à la disposition des participants qui rejoindront Tanger par train. Pour nous permettre d’assurer votre accueil dans les meilleures conditions, nous vous prions de bien vouloir nous retourner le formulaire d’inscription ci-dessous, à l’adresse mail suivante : (Ahmed.moussa2@gmail.com) /(egcm2011@gmail.com). Pour les nationaux, une navette sera mise à leur disposition pour leur transfert de l’aéroport national vers leur lieu d’hébergement et vice versa.</s>
    <s>- Lien d'inscription: formulaire d'inscription</s>
    <s>Visa d’entrée au Maroc :</s>
    <s>Les personnes qui souhaiteraient avoir une lettre d’invitation pour obtenir un visa d’entrée au Maroc sont priées de remplir et de retourner le formulaire ci-dessous, à l’adresse mail suivante: egcm2011@gmail.com.</s>
    <s>- Lien d'invitation: lettre d'invitation (ou contacter Monsieur Ahmed MOUSSA Ahmed.moussa2@gmail.com)</s>
    <s>- Portail consulaire Marocain: http://www.consulat.ma/fr/aide.cfm</s>
    <s>Change :</s>
    <s>♦ La monnaie marocaine est le Dirham Marocain (Dh). Des services de change sont disponibles à l’aéroport. Cours actuels des devises (http://www.bkam.ma/).</s>
    <s>1 euro = environ 11 Dhs marocain</s>
    <s>Horaires :</s>
    <s>♦ L’heure marocaine est GMT.</s>
    <s>Contact :</s>
    <s>♦ Avant votre arrivée et durant votre séjour pour toute information concernant la conférence ou votre séjour, vous pouvez nous contacter à :</s>
    <s>Ecole Nationale des Sciences Appliquées de Tanger BP 1818 Tanger Principal Tanger</s>
    <s>tel :</s>
    <s>Email : egcm2011@gmail.com / egcm2011@gmail.com</s>
    <s>(00212) (0)539393743</s>
    <s>Dates importantes</s>
    <s>26/06/2011 reste</s>
    <s>Soumission des résumés des articles</s>
    <s>Soumission des articles</s>
    <s>Notification aux auteurs</s>
    <s>22/10/2011 reste</s>
    <s>Réception des versions finales</s>
    <s>23-25/11/2011 reste</s>
    <s>Avant 25/10/2011</s>
    <s>Appel a communication</s>
    <s>Visiteurs Vous etes le Visiteur Nº :</s>
    <s>Tutoriels &amp; conferences</s>
    <s>Articles acceptés</s>
    <s>Infos pratiques</s>
    <s>École Nationale des Sciences Appliquées de Tanger (C) 2010-2011 Tous droits réservés</s>
    <s>Conception :H. BADIR et les ENSATéistes de Tétouan</s>
  </text>
</page>
