<?xml version="1.0" encoding="UTF-8"?>
<!DOCTYPE page SYSTEM "page.dtd">
<page>
  <lang>fr</lang>
  <url>http://depcom.uqac.ca/eco-con/formation/organisation.html</url>
  <title>Organisation pédagogique</title>
  <snippet>
    <s>Le programme d&#39;éco-conseil, par la multiplicité des contacts qu&#39;il favorise, permet à des professeurs et des conférenciers et du responsable de programme. du plan de cours et du programme de formation préalablement à la conférence. entre le comité de programme et les milieux professionnels des éco-conseillers. </s>
  </snippet>
  <text>
    <s>ORGANISATION PAGOGIQUE</s>
    <s>La formation des -conseillers hicoutimi est directement orientvers le marchu travail et constitue de ce fait une formation professionnelle de haut niveau.</s>
    <s>Compte tenu de lintensite la formation et de limportance de linteraction formative entre les pairs dans un programme de nature interdisciplinaire, la formation est dnie inteur dun vtable programme o responsabilitincombent aussi bien aux -conseillers en formation quaux professeurs et autres intervenants. Il favorise la diffusion et la construction dun ensemble de connaissances sur la pratique du conseil en environnement. En ce sens, lorganisation pgogique refl limportance accord au sentiment dappartenance au groupe et favorise un encadrement plus serres cheminements individuels que dans une formation universitaire classique.</s>
    <s>Le programme d-conseil, par la multiplicites contacts quil favorise, permet diant de tisser rapidement un riche rau dinteractions avec le milieu professionnel.</s>
    <s>Plusieurs acteurs clinterviennent dans lapprentissage tout au long des deux sessions de cours. Il sagit des diants, des professeurs et des confnciers et du responsable de programme. Un conseil de formation se rit deux fois par annet veille adation entre les apprentissages et les besoins issus du terrain. Enfin, une chaire en -conseil a pour objectif de formaliser les savoirs qui se dgent des expences des -conseillers en poste.</s>
    <s>Les diants</s>
    <s>Ils sont a fois apprenants -conseillers et enseignants de leurs propres expertises initiales. Leurs compnces particulis pertinentes pour le groupe font lobjet dun cours quils assument pour augmenter les compnces multidisciplinaires des autres diants. Dans le cadre des nombreux travaux qui ponctuent la formation, leurs compnces disciplinaires seront lement sollicit pour permettre au groupe de travailler dans le contexte dipes multidisciplinaires.</s>
    <s>Les professeurs</s>
    <s>Le responsable dun cours assume l'enseignement et doit encadrer un certain nombre ddiants dans leur cheminement personnalisla risation de leur stage et de leur mire. Le professeur dnit les contenus de cours. Il recrute les confnciers sil y a lieu et encadre leurs prestations auprdes diants. Il assure lluation des activitde formation dont il a la charge.</s>
    <s>Les confnciers</s>
    <s>Outre les professeurs qui interviennent dans le programme, une se dautres acteurs viennent partager leurs rexions et expences dans le domaine du dloppement durable. Ils sont invitpar le titulaire du cours qui doit sassurer quils ont pris connaissance du plan de cours et du programme de formation prablement a confnce. Les intervenants revent aussi une liste des diants avec une br description de leur formation initiale au moins une semaine avant leur prntation. Lintervenant doit dser auprdu titulaire du cours un plan de son intervention ainsi que les documents quil croit pertinent de remettre aux diants. De plus, lintervenant doit suggr au titulaire du cours une ou plusieurs questions dluation pouvant e pos aux diants lors dune luation.</s>
    <s>Le responsable du programme</s>
    <s>Le responsable du programme coordonne lensemble des activitdu programme. Il sassure des contenus et de lluation des plans de formation, du recrutement et de la sction des diants. Il doit sanctionner avec le professeur titulaire le cheminement personnalis de ldiant. Le responsable peut assumer en tout ou en partie la charge dun cours et lencadrement dun ou plusieurs diants; il doit e prnt lors de lluation de lensemble des mires. Le responsable du programme participe a recherche de lieux de stage et au suivi individuel des diants.</s>
    <s>Le conseil de formation</s>
    <s>Forme personnes d'expence issues des milieux universitaires et gouvernementaux, de l'entreprise ainsi que du monde de l'environnement et des milieux communautaires, le conseil de formation est 'aff bonnes id pour favoriser l'intation des -conseillers ivers raux. Il doit assurer la cohnce entre les besoins du marcht la formation en faisant le lien entre le comite programme et les milieux professionnels des -conseillers. Par ses interventions, il se fait le promoteur du mer d'-conseiller et informe le comite programme sur les besoins futurs du march intervalles rliers, il t des avis sur le programme. Le cas t, il peut aussi jouer un rpour dcher des occasions de financement, de partenariat, de stages ou de contrats et faire des recommandations pour la formation continue. Les membres du conseil de formation sont invitntervenir dans certaines activitde cours pour partager leur expence et leur vision avec les -conseillers.</s>
    <s>La chaire en -conseil</s>
    <s>A comme ambition de faire de l'UQAC un centre reconnu pour l'enseignement et la recherche dans le domaine du conseil en environnement pour le dloppement durable. L'UQAC est en effet la seule institution en Amque du Nord ffrir la formation d'-conseiller. C'est aussi la seule institution universitaire dans le rau Eco-Conseil. La chaire a donc pour objectif de riser des recherches sur les pratiques du conseil en environnement pour le dloppement durable artir des expences des -conseillers en poste tant au Quc qu'en Europe. Cette rexion formalissur les pratiques permet d'amorer l'enseignement 'universitt l'adation de la formation par rapport aux besoins rencontrpar les -conseillers sur le terrain.</s>
  </text>
</page>
