<?xml version="1.0" encoding="UTF-8"?>
<!DOCTYPE page SYSTEM "page.dtd">
<page>
  <lang>fr</lang>
  <url>http://machiavel.u-strasbg.fr/musique/mondher_ayari.html</url>
  <title>Département de Musique UMB : Mondher Ayari</title>
  <snippet>
    <s>Maître de conférences Conférencier à l&#39;Institut de Recherche et de Coordination Allocations de recherche : Programme post-doctoral financé par la Segmentation et reconnaissance de patterns dans la musique », in Actes des Membre du comité de rédaction de la Revue tunisienne de musicologie, 1999–2001. </s>
  </snippet>
  <text>
    <s>UFR Arts</s>
    <s>Departement de Musique</s>
    <s>Mondher Ayari</s>
    <s>Maitre de conferences</s>
    <s>Section CNU : 18</s>
    <s>Bureau R-005</s>
    <s>Tel. +33 (0)3 88 15 72 85</s>
    <s>Horaire de reception : mardi 10 h-11 h 30</s>
    <s>Specialite : histoire, analyse et perception des musiques improvisees arabo-orientales. Formation : Diplome de musique du Conservatoire national de Tunis, 1990. Maitrise en Musicologie, Institut superieur de Musique et de Musicologie de Tunis, 1994. Prix presidentiel de M. Zinelabidine Ben Ali, La journee du Savoir, Tunis, 1994. DEA en Esthetique, sciences et technologies des Arts, universite de Paris-VIII Saint-Denis, 1995. Niveau A et B en Acoustique musicale, Conservatoire national des Arts et Metiers de Paris (CNAM), 1996. Doctorat en Esthetique, Sciences et Technologies des Arts, « Esquisse d'ecoute et de perception musicales (essai de psychologie cognitive) », sous la direction d'Horacio Vaggione et de Stephen McAdams, universite de Paris-VIII Saint-Denis, 2000. Enseignement : Professeur adjoint dans l'enseignement secondaire, Tunisie (1990-1994). Assistant a l'Institut superieur de Musique de Sousse, Tunisie (1999-2000). Maitre assistant a l'Institut superieur de Musique et de Musicologie de Sousse, Tunisie (2000-2002). Charge de cours a l'universite de Paris-VIII Saint-Denis (2001-2002). Conferencier a l'Institut de Recherche et de Coordination Acoustique/Musique (Ircam-CNRS), DEA ATIAM, Paris (2002-2003 et 2004-2005). Attache temporaire d'Enseignement et de Recherche (ATER) a l'universite de Reims Champagne-Ardenne (2004-2005). Allocations de recherche : Programme post-doctoral finance par la Fondation Fyssen-CNRS, laboratoire d'accueil : Ircam-CNRS (UMR 9912), Paris (2000-2001). Chercheur associe au CNRS, laboratoire d'accueil : Ircam-CNRS (UMR 9912), Paris (2002-2003). Charge de recherche au departement d'Études cognitives (DEC) a l'École normale superieure de Paris, rue d'Ulm, Paris (2003-2004). Stage scientifique de haut niveau et de renommee internationale, appel d'offre 2004 de l'EGID, accueil de chercheurs etrangers en France, programme SSHN 2004. Stage de perfectionnement a la recherche, Mobilite scientifique et universitaire de l'AUF, laboratoire d'accueil : Centre national de la Recherche scientifique (CNRS). Sejour scientifique de haut niveau du ministere de la Jeunesse, de l'Éducation nationale et de la Recherche, laboratoire d'accueil : Ircam-CNRS, equipe « Representations musicales », Paris, 2005.</s>
    <s>Champs de recherche</s>
    <s>1. Analyse des musiques orientales (arabes, iraniennes et turques) du Moyen Âge au XXe siecle.</s>
    <s>2. Analyse de performances et de connaissances musicales du secteur mediterraneen.</s>
    <s>3. Étude des processus psychologiques a l'oeuvre dans la perception de la structure des modes musicaux improvises.</s>
    <s>4. Approche interculturelle de l'ecoute musicale : « Segmentation et reconnaissance de patterns dans la musique ».</s>
    <s>Membre de l'equipe « Perception et cognition musicale » sous la direction de S. McAdams (1994-2003), Institut de Recherche et de Coordination Acoustique/Musique (UMR 9212 CNRS). Membre de l'equipe« Representations musicales » sous la direction de Gerard Assayag, Ircam-CNRS (2003-2006). Participe au programme de recherche de l'Action concertee « Systemes complexes en SHS » du CNRS, projet SCO/0039, Perception, analyse, modelisation (responsable : Stephen McAdams, universite McGill, Canada, coordinateur : Gerard Assayag (Ircam-CNRS). Membre de l'equipe « PsychoMus », Centre de recherche en Psychologie et Musicologie systematique, sous la direction de Michel Imberty, universite de Paris-X Nanterre. Membre du laboratoire « Esthetique des arts contemporains » (UMR 8592 UP1/CNRS).</s>
    <s>Activites a l'UMB</s>
    <s>Élements enseignes en 2008-2009</s>
    <s>MMUS 81A-B Acoustique musicale</s>
    <s>MMUS 83C Ethnomusicologie 1</s>
    <s>MMUS 83D Ethnomusicologie 2</s>
    <s>MMUS 82D Informatique musicale</s>
    <s>MMUS 82E-F Informatique musicale</s>
    <s>Capes : dissertation</s>
    <s>Principales publications [resume]</s>
    <s>Articles parus dans des revues a comites de lecture</s>
    <s>Ayari, M. et S. McAdams, « Aural Analysis of Arabic Improvised Instrumental Music », Music Perception 21/2 (2003), p. 159-216.</s>
    <s>Ayari, M., « Contraintes perceptives et analyse musicale », Revue tunisienne de Musicologie 2 (2001), p. 27-33.</s>
    <s>Ayari, M., « L'exploration de la technologie moderne dans le domaine de la composition musicale contemporaine », Revue de Recherches en sciences culturelles, artistiques et musicologique 1 (2001), p. 29-47.</s>
    <s>Ayari, M., O. Lartillot, G. Assayag et S. McAdams, « Segmentation et reconnaissance de patterns dans la musique », in Actes des journees (SCO/0039) Action concertee incitative (ACI), Systemes complexes en Sciences sociales (Centre universitaire de Vaugirard 1, Universite de Paris-II, 9-10 decembre 2004), p. 76-83.</s>
    <s>Lartillot, O. et M. Ayari, « Motivic Pattern Extraction in Music : An Application to the Study of Tunisian Modal Music », Advance in End-User Data-Mining Techniques, co-edite par ARIMA ( Revue africaine en informatique et mathematiques appliquees ) et SACJ ( South African Computer Journal ) 36 (2006), p. 16-28.</s>
    <s>Chapitres dans des ouvrages collectifs</s>
    <s>Ayari, M. et S. McAdams, « Le schema cognitif culturel de l'improvisation : forme musicale et analyse perceptive (psychologie experimentale et probleme d'universalisation de donnees) », in F. Levy et J.-M. Chouvel (eds.), Observation, analyse, modeles : peut-on parler d'art avec les outils de la science ? (Actes du 2e colloque international d'epistemologie musicale, organise par la SFAM, l'Ircam et l'universite de Paris-X), Paris, 2002, p. 395-418.</s>
    <s>Ayari, M. et S. McAdams « Quelles categories et quels filtres culturels sont a l'oeuvre dans nos ecoutes ? », in M. Ayari (ed.), De la theorie musicale a l'art de l'improvisation : analyse des performances et modelisation musicale, Delatour-France, Sampzon, 2005, coll. « Culture et cognition musicales ».</s>
    <s>Ayari, M. et S. McAdams « L'influence du savoir culturel sur la perception et la comprehension musicales », in F. Madurell (ed.), Les pratiques d'ecoute individuelles (2005), serie « Conferences et seminaires », nº 20, universite de Paris-Sorbonne Paris-IV, 2005, p. 63-83.</s>
    <s>Ayari, M., « Musique et representations sociales », in Actes du Congres international « Environnement et identites en Mediterranee », universite de Corse (journees du 10-11-12 juillet a Corte, du 13 juillet a Ajaccio), 2006.</s>
    <s>Ayari, M., « Performance and musical perception analysis », Actes, 9th International Conference on Music Perception and Cognition (ICMPC), organise par Mario Baroni, Anna Rita et Roberto Caterina, universite de Bologne, Italie, 22-26 aout 2006.</s>
    <s>Ayari, M., L'ecoute des musiques improvisees : essai de psychologie cognitive , L'Harmattan, Paris, 2003, coll. « Univers musical ».</s>
    <s>Direction d'ouvrage collectif</s>
    <s>Ayari, M., De la theorie musicale a l'art de l'improvisation : analyse des performances et modelisation musicale , Delatour-France, Sampzon, 2005, coll. « Culture et cognition musicales »</s>
    <s>En preparation</s>
    <s>Ayari, M., et O. Lartillot, « Perception et modelisation cognitive », Revue Intellectica, coll. « Musique et cognition », sous la dir. d'Anne Sedes, universite de Paris-VIII, en preparation, octobre 2006.</s>
    <s>Responsabilites editoriales</s>
    <s>Membre du comite de redaction de la Revue tunisienne de musicologie, 1999-2001.</s>
    <s>Responsable de la collection « Culture et cognition musicales », editions Delatour-France.</s>
    <s>[retour a l'accueil] | [retour a l'organisation du departement de Musique]</s>
    <s>sc project=600584&amp;java=0&amp;security=fbee5ab4</s>
  </text>
</page>
