<?xml version="1.0" encoding="UTF-8"?>
<!DOCTYPE page SYSTEM "page.dtd">
<page>
  <lang>fr</lang>
  <url>http://benhur.teluq.ca/wordpress/sanspapier/cyberteluq/nouvelle7_1011/</url>
  <title>Le professeur Dragos Vieru membre du Groupe de recherche GReSI</title>
  <snippet>
    <s>29 sept. 2011 Cette conférence est donc un incontournable dans le domaine des de pouvoir avoir un article accepté à cet événement et de pouvoir publier </s>
  </snippet>
  <text>
    <s>Mot de la rédaction</s>
    <s>Programmes de bourses</s>
    <s>Petites annonces</s>
    <s>Le Sans Papier</s>
    <s>À vos risques et au mien</s>
    <s>Arts et lettres</s>
    <s>Espace privé</s>
    <s>Nouvelles REFAD</s>
    <s>Nouvelles AÉTÉLUQ</s>
    <s>Fil RSS</s>
    <s>Accueil / CyberTéluq / Le professeur Dragos Vieru membre du Groupe de recherche GReSI</s>
    <s>Le professeur Dragos Vieru membre du Groupe de recherche GReSI</s>
    <s>Par Denis Gilbert le 29 septembre 2011</s>
    <s>Denis Gilbert</s>
    <s>Cyberanimateur et chargé des relations avec la presse dgilbert@teluq.uqam.ca</s>
    <s>Dragos Vieru, professeur depuis peu à l'UER TEG, est, depuis le 15 août dernier, membre du Groupe de recherche en systèmes d'information (GReSI) aux HEC Montréal.</s>
    <s>Ce groupe de recherche a été fondé en 1986, face à l'importance sans cesse grandissante attribuée à l'information dans les organisations et au rôle majeur joué par les technologies de l'information (T.I.).</s>
    <s>La mission du GReSI consiste à acquérir, évaluer, étendre et diffuser les connaissances dans le domaine de la gestion des technologies de l’information. Dans cette perspective, les membres du GReSI poursuivent les objectifs suivants :</s>
    <s>promouvoir la recherche appliquée en gestion des technologies de l'information dans des domaines pertinents pour les gestionnaires et aux organisations des secteurs privés et publics;</s>
    <s>établir et maintenir des liens étroits entre les professionnels de la pratique et les chercheurs;</s>
    <s>proposer des solutions aux problèmes liés à l’utilisation des technologies de l’information et au développement des systèmes d’information;</s>
    <s>devenir le lieu privilégié d’échanges et de réflexions sur la gestion des technologies de l’information;</s>
    <s>assurer la formation de chercheurs dans ce domaine;</s>
    <s>effectuer des recherches commanditées en réponse à des besoins spécifiques d’une ou de plusieurs organisations.</s>
    <s>Notons que le GReSI regroupe maintenant le plus grand nombre de chercheurs en systèmes d’information dans une université canadienne.</s>
    <s>Dans un autre ordre d'idées, Dragos Vieru a vu une proposition de communication scientifique être acceptée dans le cadre de la conférence HICSS 2012 (Hawaii International Conference on System Sciences), un événement qui se déroulera du 4 au 7 janvier prochains.</s>
    <s>La communication en question aura pour titre : Working Under Grey Skies : Information Systems Development and Organizational Identity in a Post-merger Context .</s>
    <s>Dragos Vieru y analysera les enjeux rencontrés durant le développement des systèmes d’information avec le but de supporter une organisation émergée d’une fusion de plusieurs organisations indépendantes.</s>
    <s>Le HICSS est l’un des congrès scientifiques les plus importants dans le monde des technologies de l’information (TI) et des sciences informatiques. Il est reconnu par IEEE Computer Society, association internationale dédiée à l’innovation et l’excellence technologique, et par ACM, la plus grande association mondiale dans le domaine de l’informatique éducatif et scientifique.</s>
    <s>Cette conférence est donc un incontournable dans le domaine des technologies de l’information, des systèmes d’information et des sciences de l’informatique.</s>
    <s>C’est un honneur, pour tout chercheur en TI, de pouvoir avoir un article accepté à cet événement et de pouvoir publier dans les actes de conférence du IEEE. Les propositions de communications sont soumises à un double arbitrage anonyme par les pairs.</s>
    <s>Le HICSS s’adresse uniquement à un auditoire académique de chercheurs dans le domaine des technologies de l’information et des sciences de l’informatique.</s>
    <s>Une étude récente a montré que le HICSS se classait second du point de vue des articles les plus cités sur plus de 18 congrès internationaux référencés dans le domaine des systèmes d’information (SI).</s>
    <s>Conserver ou partager cet article sur ces réseaux sociaux :</s>
    <s>Publié dans CyberTéluq | Mots clés : ACM, Dragos Vieru, GReSI, IEEE Computer Society | Répondre</s>
    <s>Laisser un commentaire Cliquez ici pour annuler votre réponse.</s>
    <s>Nom *</s>
    <s>Email *</s>
    <s>Site Web</s>
    <s>« Article précédent de cette catégorie Article suivant de cette catégorie »</s>
    <s>Édition d'octobre 2011</s>
    <s>Croyez-vous que la récession est à nos portes?</s>
    <s>Je ne sais pas</s>
    <s>Consulter les résultats</s>
    <s>!Chargement Chargement </s>
    <s>Commentaires récents</s>
    <s>Claudette B.joyal dans Tabou - La déficience intellectuelle</s>
    <s>Bernard Martin dans Mots de tête - La mort de mon joual</s>
    <s>Sonia Chaput dans L'idéaliste réaliste - Facebook, l'envers de la médaille</s>
    <s>Hélène dans Grain de sel - Tome II : Sympathies</s>
    <s>Lucie Murphy dans Tabou - La déficience intellectuelle</s>
    <s>Équipe Web</s>
    <s>Mot de la rédaction</s>
    <s>Petites annonces</s>
    <s>Programmes de bourses</s>
    <s>À vos risques et au mien</s>
    <s>Nouvelles REFAD</s>
    <s>Nouvelles AÉTÉLUQ</s>
    <s>Arts et lettres</s>
    <s>Espace privé</s>
    <s>Petite statistique, juste comme ça La durée de vie d'un post du Facebook : 21 h et 51 minutes - http://t.co/0CGoqDzA 4 mins ago</s>
    <s>La professeure-chercheure Diane-Gabrielle Tremblay chroniqueuse à la radio de Radio-Canada - http://t.co/O7MAuMMI 11 mins ago</s>
    <s>Si vous possédez un BlackBerry, vous aimerez cette nouvelle - http://t.co/KTr54ivt 6 hrs ago</s>
    <s>iPad VS Magazine : vidéo amusante qui circule beaucoup ces jours-ci - http://t.co/fO9DJbiy 6 hrs ago</s>
    <s>Plus de mises a jour </s>
    <s>Archives (avant avril 2010)</s>
    <s>Archives (avril 2010 et suivants)</s>
    <s>Bottin des employés</s>
    <s>Bulletin Équilibre</s>
    <s>Équipe Web</s>
    <s>Pour nous joindre</s>
    <s>Copyright (C) PM Le Sans Papier. Propulsé par WordPress et le framework Hybrid.</s>
    <s>© Télé-université, Université du Québec à Montréal, 2009 - Tous droits réservés</s>
    <s>*29 septembre 2011: Jeudi 29 septembre 2011, 19:26 (-04:00 - America/Montreal)</s>
  </text>
</page>
