<?xml version="1.0" encoding="UTF-8"?>
<!DOCTYPE page SYSTEM "page.dtd">
<page>
  <lang>fr</lang>
  <url>http://pfc.ca/conference/2011/fr/</url>
  <title>Accueil - PFC Conference 2011</title>
  <snippet>
    <s>Le thème de notre conférence de 2011 met l&#39;accent sur le changement. sur la présence d&#39;un éventail formidable de conférenciers pour animer nos de son programme visant à concrétiser sa vision d&#39;un pays « éclairé et bienveillant ». </s>
  </snippet>
  <text>
    <s>HomePFC HomeContactez-nousEnglish</s>
    <s>Séances concomitantes</s>
    <s>Règles d'admissibilité</s>
    <s>Centre d’information « La philanthropie à l’oeuvre »</s>
    <s>Visites sur le terrain</s>
    <s>BIENVENUE À LA CONFÉRENCE 2011 DE FPC</s>
    <s>Le thème de notre conférence de 2011 met l’accent sur le changement.</s>
    <s>La philanthropie évolue plus vite que jamais au Canada. De plus en plus de gens s’intéressent à la philanthropie transformatrice et ont recours à de nouveaux médias et à des technologies en constante évolution. De nouvelles occasions de collaboration s’offrent à nous. Des efforts sont déployés pour lutter contre de « vieux » problèmes à l’aide de « nouvelles » stratégies.Nous repensons les approches en matière de financement et d’investissement social.Nos actions, nos pratiques, nos programmes et nos points de vue sont sans cesse remis en question.</s>
    <s>La philanthropie en mouvement présentera les nouveaux regards et les nouveaux horizons de la philanthropie canadienne. Nous avons la chance de pouvoir compter sur la présence d'un éventail formidable de conférenciers pour animer nos séances plénières et nos séances concomitantes.</s>
    <s>Nous sommes ravis d’annoncer que le coup d’envoi de la conférence sera donné par le très honorable David Johnston, gouverneur général du Canada, qui a fait de la philanthropie l’un des trois piliers de son programme visant à concrétiser sa vision d’un pays « éclairé et bienveillant ». [avis aux medias]</s>
    <s>Dimanche soir, nous assisterons à une allocution de Susan Berresford, une voix empreinte de sagesse et très respectée dans le monde américain de la philanthropie, qui a longtemps été présidente de la Ford Foundation.</s>
    <s>Lors de la séance plénière d’ouverture, Susan Raymond, invitée à des conférences philanthropiques partout dans le monde pour y parler du visage changeant de la philanthropie organisée, Mark Kramer, qui nous parlera de la création d’un impact collectif, et Allison Fine, qui traitera de l’établissement de réseaux virtuels à l’aide des médias sociaux.</s>
    <s>Enfin, nous sommes très heureux de révéler que notre dernier conférencier plénier sera le Chef national de l’Assemblée des Premières Nations, Shawn Atleo, qui clora la conférence en posant un regard sur l’avenir d’un pays dans lequel la philanthropie joue un rôle important pour favoriser l’inclusion sociale de tous les Canadiens. [avis aux medias]</s>
    <s>Pour consulter les notices biographiques et les photos de nos conférenciers, visitez le site Web de la conférence et Inscrivez-vous maintenant pour profiter de nos tarifs d’inscription hâtive.</s>
    <s>Nous sommes impatients de vous accueillir à Toronto du 2 au 4 octobre.</s>
    <s>Présidents honoraires</s>
    <s>The honourable Margaret McCain, OC, ONB</s>
    <s>Martin Connell, OC, O.Ont</s>
    <s>FPCboul 555 Rene-Levesque Ouest, Suite 900MontrealQCH2Z1B1514.866.5446general@pfc.ca</s>
  </text>
</page>
