<?xml version="1.0" encoding="UTF-8"?>
<!DOCTYPE page SYSTEM "page.dtd">
<page>
  <lang>fr</lang>
  <url>http://fr.wikipedia.org/wiki/Organisation_m%25C3%25A9t%25C3%25A9orologique_mondiale</url>
  <title>Organisation météorologique mondiale - Wikipédia</title>
  <snippet>
    <s>En septembre 1947, lors de la conférence des directeurs des services . périmètre de compétences de l&#39;organisation, établit les limites des régions de l&#39; OMM et </s>
  </snippet>
  <text>
    <s>Organisation météorologique mondiale</s>
    <s>Un article de Wikipédia, l'encyclopédie libre.</s>
    <s>Aller à : Navigation, rechercher</s>
    <s>Organisation météorologique mondiale</s>
    <s>Organe de l'ONU</s>
    <s>Type d'organisation</s>
    <s>Agence spécialisée de l'ONU</s>
    <s>OMM, WMO</s>
    <s>Alexandre Bedritsky</s>
    <s>Organisation(s) parent</s>
    <s>L'Organisation météorologique mondiale (OMM, en anglais World Meteorological Organization ou WMO ) est une institution spécialisée des Nations unies. Son rôle est de participer à l'élaboration des normes qui permettent la standardisation des mesures météorologiques, leur échange international pour la veille et la prévision météorologique, leur archivage pour les études climatiques ainsi qu'une application pertinente de cette information. L'OMM traite également de l'hydrologie opérationnelle.</s>
    <s>Le congrès de l'OMM, aidé de commissions techniques, adopte ces normes et recommandations pour faciliter la prise en compte des facteurs météorologiques, climatiques et hydrologiques dans toutes les activités humaines : préservation des personnes et des biens, transports (notamment aériens), agriculture, évaluation des ressources en eau, diffusion de l'information par les médias.</s>
    <s>L'OMM a institué la Journée mondiale de la météorologie le 23 mars pour commémorer l'entrée en vigueur de sa convention en .</s>
    <s>1 Historique</s>
    <s>1.1 Les débuts de la coopération</s>
    <s>1.2 Les projets internationaux</s>
    <s>1.3 Les actions de l'OMM depuis sa création</s>
    <s>2 Organisation</s>
    <s>2.1 Fonctions</s>
    <s>2.2 Organes</s>
    <s>2.2.1 Le congrès</s>
    <s>2.2.2 Le comité exécutif</s>
    <s>2.2.3 Les associations régionales</s>
    <s>2.2.4 Les commissions techniques</s>
    <s>2.2.5 Le secrétariat</s>
    <s>3 Les programmes</s>
    <s>3.1 La veille météorologique mondiale</s>
    <s>3.2 Le programme climatologique mondial</s>
    <s>3.3 Le programme de l'environnement et de la recherche atmosphérique</s>
    <s>3.4 Le programme des applications de la météorologie</s>
    <s>3.5 Les autres programmes majeurs</s>
    <s>4 Chiffres actuels</s>
    <s>5 Voir aussi</s>
    <s>5.1 Notes et références</s>
    <s>5.2 Lien externe</s>
    <s>5.3 Articles connexes</s>
    <s>[modifier] Historique</s>
    <s>[modifier] Les débuts de la coopération</s>
    <s>La prise de conscience de l'importance de la collaboration mondiale dans le domaine de la météorologie n'est pas récente : en août se tient à Bruxelles la première conférence internationale de météorologie maritime. À cette époque, les puissances économiques s'aperçoivent de l'intérêt que peut offrir une meilleure compréhension des climats océaniques en ce qui concerne la sûreté et la rapidité de la navigation commerciale entre l'Europe et les autres continents. L'invention du télégraphe presque au même moment permet en outre l'échange en temps réel des informations. 12 météorologues de différents pays (Belgique, Danemark, États-Unis, France, Grande-Bretagne, Norvège, Pays-Bas, Portugal, Russie, Suède) se réunissent donc en Belgique et décident d'échanger quotidiennement leurs observations. Ils établissent tout d'abord des règles communes pour la prise des mesures et la description des observations, puis se mettent d'accord sur la manière de les transmettre. L'objectif est d' « établir un système uniforme d'observations météorologiques en mer et de contribuer ainsi à l'élaboration d'un plan général d'observation des vents et des courants océaniques ».</s>
    <s>À la suite de ces développements, dont les conséquences apparaissent fructueuses pour les pays participants, une volonté d'élargissement de la coopération naît et on pense alors à créer une organisation pour coordonner les efforts au niveau international. Le premier Congrès météorologique international à Vienne en donne naissance à l'Organisation météorologique internationale (OMI).</s>
    <s>En septembre , lors de la conférence des directeurs des services météorologiques nationaux de Washington, la convention de l'OMM est adoptée unanimement. Elle entre en vigueur le 23 mars . En décembre , l'OMM devient une agence spécialisée des Nations-Unies, au même titre que l'OACI, créée quelques années plus tôt, et remplace l'OMI au centre de la coopération mondiale.</s>
    <s>[modifier] Les projets internationaux</s>
    <s>Dès lors, l'OMM lance un certain nombre de projets destinés à améliorer la connaissance du climat et la prévision météorologique mondiale. On peut citer entre autres :</s>
    <s>1951 : mise en place du système d'observation globale de la couche d'ozone</s>
    <s>1963 : lancement de la Veille météorologique mondiale ou VMM</s>
    <s>1971 : mise en place du projet Cyclones tropicaux, remplacé plus tard par le programme Cyclones tropicaux</s>
    <s>1972 : regroupement des activités dans le domaine de l'hydrologie opérationnelle au sein du programme Hydrologie opérationnelle de l'OMM</s>
    <s>1977 : mise en place de IGOSS conjointement avec la Commission océanographique internationale et l'UNESCO</s>
    <s>1979 : première Conférence mondiale sur le climat, qui conduit à la création du programme Climat mondial de l'OMM</s>
    <s>1985 : convention de Vienne sur la protection de la couche d'ozone</s>
    <s>1987 : protocole de Montréal sur les substances nuisibles à la couche d'ozone</s>
    <s>1988 : création du GIEC, conjointement avec le PNUE</s>
    <s>1989 : extension de la VMM à la surveillance de la composition atmosphérique</s>
    <s>1992 : conférence des Nations-Unies sur l'environnement et le développement, mise en place de GCOS</s>
    <s>1993 : lancement de WHYCOS, programme de coopération internationale dans le domaine de l'observation hydrologique</s>
    <s>1995 : mise en place de CLIPS, un programme destiné à aider les services météorologiques et hydrologiques nationaux à prendre en compte les dernières avancées technologiques en matière de climatologie et à délivrer aux usagers intéressés une information précise et pertinente</s>
    <s>2003 : lancement du programme de prévention des catastrophes naturelles, ainsi que du programme spatial de l'OMM</s>
    <s>[modifier] Les actions de l'OMM depuis sa création</s>
    <s>Durant les années 1950, l'OMM se consacre principalement à la mise en place d'un cadre commun destiné à permettre la coopération dans le domaine international. Il s'agit en premier lieu de la signature d'accords sur des procédures communes d'observation et de transmission des données, ainsi que sur des normes techniques. L'organisation travaille aussi à développer les échanges rapides de données entre les différents services météorologiques nationaux. Elle commence à développer une assistance technique aux pays les plus en retard dans le domaine et améliore les services fournis, essentiellement pour la marine et l'aviation civile.</s>
    <s>Les années 1960 constituent un tournant dans l'activité de la prévision météorologique, grâce à l'apparition de deux technologies aujourd'hui incontournables : les satellites d'observation et les supercalculateurs. Les satellites permettent d'étendre la portée des observations en incluant des territoires autrefois non surveillés, et offrent ainsi une meilleure compréhension des phénomènes météorologiques. Les supercalculateurs, quant à eux, rendent possible la mise au point de modèles numériques de prévision. Parallèlement à cela, des initiatives continuent à voir le jour pour développer la coopération entre services météorologiques nationaux dans leurs activités de base : observation par la VMM, hydrologie grâce au programme d'hydrologie opérationnelle </s>
    <s>Dans les années 1970, les états commencent à prendre conscience de l'importance des risques liés au changement climatique et de l'impact de l'activité humaine sur le climat. Le sujet est amené en même temps par les scientifiques qui observent des événements climatiques plus nombreux et plus dévastateurs, et par les politiques qui doivent faire face aux premières crises pétrolières. Des inquiétudes naissent quant à l'autonomie énergétique des états, en particulier ceux du monde occidental dont les besoins en énergie sont principalement couverts par leurs importations de pétrole des pays du Moyen-Orient. Si la crise perdure, de nouvelles sources d'énergie devront être utilisées pour subvenir aux besoins de la population. Le développement à grande échelle de l'utilisation des énergies renouvelables permet dans le même temps de réduire la dépendance énergétique des états, et d'afficher une politique de lutte contre la pollution et le changement climatique, très valorisante aux yeux du public. Les états développés profitent donc de la conjoncture économique pour appuyer le développement des initiatives de l'OMM en matière de détection et d'attribution du changement climatique. En 1979 a ainsi lieu la première conférence mondiale sur le climat à Genève, sur la proposition du PNUE et de l'OMM. Cette conférence se contente d'en appeler à un renforcement des observations ; elle ouvre d'ailleurs le programme climatologique mondial de l'OMM.</s>
    <s>Les réflexions sur le climat mondial ouvrent le voie à de nombreux débats dans les années 1980 sur les possibilités de limiter le bouleversement climatique. L'OMM est un élément moteur de ces démarches. Elle invite les services nationaux à se préparer à l'intégration de nouveaux éléments dans leur périmètre d'activités, et met en place une série de nouveaux programmes liés à l'étude de l'environnement : convention sur l'ozone, pollutions atmosphériques, changement climatique. À la même époque est créé le GIEC, conjointement avec le PNUE.</s>
    <s>L'engagement de l'OMM dans la prévention du changement climatique est confirmé plus tard, dans les années 1990 et au début du XXIe siècle par le lancement du système d'observation climatologique global GCOS, la mise en place du programme sur la prévention des catastrophes naturelles, et la deuxième conférence mondiale sur le climat.</s>
    <s>[modifier] Organisation</s>
    <s>[modifier] Fonctions</s>
    <s>Les statuts de l'OMM sont définis par la convention du 11 octobre 1947. Les représentants des services météorologiques nationaux réunis à Washington décident de la création d'une organisation destinée à &quot;coordonner, standardiser, améliorer les activités météorologiques mondiales et encourager un échange efficace d'informations entre les pays&quot;.</s>
    <s>Les objectifs de l'OMM définis dans la convention sont les suivants :</s>
    <s>faciliter la coopération mondiale par l'établissement d'un réseau de stations d'observations des paramètres météorologiques et d'autres paramètres géophysiques en lien avec la météorologie ; et promouvoir la création et la maintenance de centres météorologiques prestataires de services ;</s>
    <s>promouvoir la mise en place et la maintenance de systèmes d'échange rapide de l'information météorologique ;</s>
    <s>promouvoir la standardisation des observations météorologiques et assurer la publication uniforme d'observations et de statistiques ;</s>
    <s>développer les applications de la météorologie à l'aviation civile, au transport maritime, à l'agriculture et à d'autres activités humaines ;</s>
    <s>encourager la recherche et la formation en météorologie et assister la coordination internationale de ces fonctions.</s>
    <s>[modifier] Organes</s>
    <s>[modifier] Le congrès</s>
    <s>Il s'agit de l'organe suprême de l'organisation. Constitué de l'assemblée générale des délégués des états membres, il se rassemble tous les 4 ans. À sa tête se trouve le président de l'OMM, assisté par trois vice-présidents.</s>
    <s>Le congrès effectue le suivi et l'évaluation des programmes de l'OMM, adopte les régulations techniques dans le domaine des procédures et pratiques météorologiques, détermine la politique générale de l'organisation dans le cadre des objectifs qui lui sont attribués par la convention de 1947, émet des recommandations pour les états membres dans le périmètre de compétences de l'organisation, établit les limites des régions de l'OMM et coordonne leurs activités, met en place les commissions techniques dont il coordonne les activités. Il vote les programmes et le budget pour la période financière suivante, et assure l'interface avec les décisions politiques. Il est aussi le seul organe à pouvoir apporter un amendement à la convention ou aux procédures de régulations générales.</s>
    <s>Les décisions prises par le congrès doivent être exécutées par tous les états membres. Il n'y a cependant pas de moyen coercitif.</s>
    <s>Chaque état membre dispose d'une voix au sein du congrès. Les décisions sont prises à la majorité des 2/3. Dans certains domaines toutefois, le droit de vote est limité à une partie seule des pays membres :</s>
    <s>l'amendement à la convention ou les propositions de nouvelle convention,</s>
    <s>l'adhésion à l'OMM,</s>
    <s>les relations avec les Nations-Unies et les autres organisations intergouvernementales,</s>
    <s>l'élection du président et des vice-présidents.</s>
    <s>[modifier] Le comité exécutif</s>
    <s>Le comité exécutif est l'organe exécutif de l'organisation, responsable de la coordination des programmes. Il est composé du président et des vice-présidents de l'organisation, des présidents des associations régionales, et de directeurs de services météorologiques nationaux (37 représentants en tout). Il se réunit chaque année.</s>
    <s>Le comité exécutif vérifie l'exécution des résolutions du congrès, adopte les résolutions provenant de recommandations des commissions techniques en cas d'urgence, propose ses conseils, de l'assistance technique et de l'information dans le domaine de la météorologie, émet des recommandations dans tous les domaines liés à la météorologie, prépare l'agenda des sessions du congrès, administre les finances de l'organisation et effectue les tâches confiées par le congrès.</s>
    <s>Chaque membre du comité dispose d'une voix, et les décisions y sont prises à la majorité des 2/3.</s>
    <s>[modifier] Les associations régionales</s>
    <s>Les associations régionales sont établies par le congrès, et composées de membres de l'organisation dont le réseau météorologique appartient à une région géographique déterminée. Le monde est ainsi divisé en 6 régions : Afrique, Asie, Amérique du Sud, Amérique du Nord, Pacifique Sud-Ouest, Europe et Proche-Orient.</s>
    <s>Les associations régionales ont pour but de promouvoir la coopération entre les membres dans les domaines d'action des SMN, d'encourager le développement de la recherche et de la formation météorologiques et hydrologiques, de faire appliquer les résolutions du congrès et du comité exécutif dans leurs régions respectives, d'émettre des propositions à l'intention du congrès et du comité exécutif.</s>
    <s>Les associations régionales se réunissent en général une fois tous les 4 ans.</s>
    <s>[modifier] Les commissions techniques</s>
    <s>Ces commissions, composées d'experts techniques, sont mises en place par le congrès dans le but d'étudier un sujet particulier et d'émettre des recommandations. Elles suivent les avancées techniques et scientifiques, développent des procédures de régulation technique, prennent en charge la planification, l'implémentation et l'évaluation des activités scientifiques de l'organisation, participent à la promotion de la formation et du transfert de technologie.</s>
    <s>Les membres de l'organisation peuvent demander d'y être représentés. Leurs présidents participent aux réunions du congrès et du comité exécutif, mais sans droit de vote. D'autre part, les commissions techniques se réunissent une fois tous les 4 ans.</s>
    <s>Elles sont aujourd'hui au nombre de 8 :</s>
    <s>systèmes de base,</s>
    <s>instruments et méthodes d'observation,</s>
    <s>sciences atmosphériques,</s>
    <s>météorologie aéronautique,</s>
    <s>météorologie agricole,</s>
    <s>océanographie et météorologie marine,</s>
    <s>[modifier] Le secrétariat</s>
    <s>Il est composé du secrétaire général, nommé par le congrès, et de personnels techniques et administratifs. Il sert de centre administratif, de documentation et d'information de l'organisation.</s>
    <s>[modifier] Les programmes</s>
    <s>L'OMM est en charge de 10 programmes majeurs de coopération technique entre ses états membres. La mise en commun de moyens permet de réaliser des projets à des coûts très inférieurs à ceux qu'auraient supporté les pays s'ils agissaient seuls.</s>
    <s>[modifier] La veille météorologique mondiale</s>
    <s>Il s'agit du principal programme de l'OMM, qui regroupe des centres de traitement des données, des moyens de télécommunications ainsi que des systèmes d'observations, gérés et maintenus par les pays membres. Ce système met à disposition de tous les pays participants l'information météorologique et géophysique nécessaire pour fournir des services météorologiques et hydrologiques efficaces dans les pays membres.</s>
    <s>Une sous-composante de ce programme est le programme des cyclones tropicaux, qui regroupe plus de 60 états, et qui est dédié à la prévention des cyclones dans les régions où ils sont fréquents.</s>
    <s>Le programme de la VMM comprend aussi le programme &quot;Instruments et méthodes d'observation&quot; dont le but est la standardisation et le développement de l'observation météorologique.</s>
    <s>[modifier] Le programme climatologique mondial</s>
    <s>Par la surveillance des données climatiques et la mise en commun des programmes de recherche climatologique dans le monde, ce projet vise à développer notre compréhension des processus climatiques et de leurs évolutions prévisibles (changement climatique). Une de ses composantes consiste à améliorer l'utilisation de l'information climatologique à des fins de développement social et économique.</s>
    <s>[modifier] Le programme de l'environnement et de la recherche atmosphérique</s>
    <s>À travers la Veille atmosphérique globale qui intègre les données de surveillance et les activités de recherche effectuées par le Système d'observation globale de l'ozone et le Réseau de surveillance de la pollution de l'air, ce programme promeut la recherche atmosphérique et s'établit en système de détection des changements dans la composition de l'atmosphère. Une des composantes est le programme THORPEX.</s>
    <s>[modifier] Le programme des applications de la météorologie</s>
    <s>Ce programme aide au développement dans les pays membres de produits et de services liés aux quatre applications principales de la météorologie :</s>
    <s>service au public, centré sur la sécurité et la prévention des risques majeurs,</s>
    <s>météorologie agricole, qui aide à la mise en place d'une production de qualité, économiquement viable, respectueuse de l'environnement et durable, et qui participe à l'information des agriculteurs en leur faisant connaître l'intérêt de la prévision météorologique pour leurs besoins quotidiens,</s>
    <s>météorologie aéronautique, qui, par la formation des personnels, la promotion de la recherche météorologique, l'aide à la mise en place d'instruments, contribue à développer la sécurité et l'efficacité de la navigation aérienne,</s>
    <s>météorologie marine, qui participe à la standardisation des observations météorologiques et océanographiques, du traitement des données et des systèmes d'information,</s>
    <s>météorologie tropicale pour la prévision des cyclones tropicaux et la minimisation de leurs impacts.</s>
    <s>[modifier] Les autres programmes majeurs</s>
    <s>Ils regroupent :</s>
    <s>le programme hydrologique et des ressources en eau, qui s'occupe de la surveillance de la qualité et de la quantité de la ressource en eau, des risques naturels liés à l'eau, et de la maintenance ou de l'amélioration de l'environnement global - ce programme entretient des liens étroit avec le programme hydrologique international de l'UNESCO ;</s>
    <s>le programme d'éducation et de formation, qui aide les pays membres à former les météorologistes, hydrologistes et ingénieurs dont il a besoin ;</s>
    <s>le programme de coopération technique qui organise le transfert de connaissances dans les domaines de la météorologie et de l'hydrologie entre les pays membres ;</s>
    <s>le programme régional, transversal, s'occupe des préoccupations spécifiques aux régions de l'OMM ;</s>
    <s>le programme de prévention et de protection contre les risques naturels coordonne les activités des pays membres dans ces domaines ;</s>
    <s>le programme spatial</s>
    <s>[modifier] Chiffres actuels</s>
    <s>L'OMM compte actuellement 182 membres (1) et 6 membres associés.</s>
    <s>(1) Depuis l'adhésion du Monténégro, le 24 janvier 2007.</s>
    <s>La part essentielle du budget de l'OMM provient des ressources propres des états membres engagées dans les opérations d'observation, de développement de la communication ou des systèmes d'information qui sont planifiées et implémentées dans le cadre défini par l'Organisation. Le plafond des dépenses pour la période 2004-2007 a été fixé à 253,8 millions de francs suisses (soit 163 M€) par le 14ème congrès mondial de la météorologie en 2003. Les contributions des états membres sont réparties proportionnellement au PIB.</s>
    <s>[modifier] Voir aussi</s>
    <s>Programme Mondial de Recherches sur le Climat</s>
    <s>[modifier] Notes et références</s>
    <s>1. ↑ (en)Purpose an Objectives of the Tropical Cyclone Program</s>
    <s>[modifier] Lien externe</s>
    <s>Informations détaillées concernant l'OMM sur son site</s>
    <s>[modifier] Articles connexes</s>
    <s>Centres météorologiques régionaux spécialisés de l'OMM</s>
    <s>v · d · m</s>
    <s>Services météorologiques nationaux</s>
    <s>Hong Kong · Inde · Indonésie · Japon · Philippines · République de Chine (Taïwan) · République populaire de Chine</s>
    <s>Canada · États-Unis d'Amérique</s>
    <s>Allemagne · Belgique · Danemark · France · Norvège · Pays-Bas · Pays basque (Espagne) · Royaume-Uni · Suisse</s>
    <s>Australie · Fidji · Nouvelle-Calédonie (sous Météo-France) · Nouvelle-Zélande</s>
    <s>v · d · m</s>
    <s>Organisation des Nations unies (ONU)</s>
    <s>Secrétaire général des Nations unies · Vice-secrétaire général des Nations unies · Secrétaire général adjoint des Nations unies · Représentant spécial du Secrétaire général de l'ONU</s>
    <s>Siège des Nations unies · Office des Nations unies à Genève · Office des Nations unies à Nairobi · Office des Nations unies à Vienne</s>
    <s>Organes principaux</s>
    <s>Assemblée générale</s>
    <s>Président de l'Assemblée générale des Nations unies · Conseil des droits de l'homme des Nations unies · Commission du droit international</s>
    <s>Conseil de sécurité</s>
    <s>Présidence du Conseil de sécurité des Nations unies · Composition du Conseil de sécurité des Nations unies · Maintien de la paix · Force de maintien de la paix des Nations unies · Opérations de maintien de la paix</s>
    <s>Conseil économique et social</s>
    <s>CESAO · CESAP · CEA · CEPALC · CEE</s>
    <s>SMG · OCHA · OLA · OIOS · DSS · DGACM · DAES · DPA · DOMP · DDA</s>
    <s>Cour internationale de justice</s>
    <s>Tribunal administratif des Nations unies · Tribunal international du droit de la mer</s>
    <s>Traités, conventions et déclarations</s>
    <s>Charte des Nations unies · Déclaration des Nations unies · Déclaration universelle des droits de l'homme · Déclaration des droits de l'enfant · Convention relative aux droits de l'enfant · Convention des Nations unies sur le droit de la mer</s>
    <s>Programmes et fonds</s>
    <s>CNUCED · UNICEF · FNUAP · FNUPI · UNIFEM · HCR · PAM · PNUE · FENU · PNUD · UNODC · ONU-Habitat · ONU Femmes · VNU · UNRWA</s>
    <s>Institutions spécialisées</s>
    <s>BM · FAO · FIDA · FMI · OACI · OIT · OMI · OMM · OMPI · OMS · OMT · UNESCO · ONUDI · UIT · UPU</s>
    <s>Instituts de recherche</s>
    <s>UNITAR · UNIDIR · UNICRI · INSTRAW · UNRISD · UNU</s>
    <s>Organisations apparentées</s>
    <s>AIEA · OMC · CPI · OIAC</s>
    <s>Journée des Nations unies · Journée internationale · Année internationale</s>
    <s>Liste des États membres · Histoire de l'ONU</s>
    <s>Portail de la météorologie</s>
    <s>Portail de l’Organisation des Nations unies</s>
    <s>Portail de Genève et son canton</s>
    <s>Ce document provient de « http://fr.wikipedia.org/w/index.php?title=Organisation m%C3%A9t%C3%A9orologique mondiale&amp;oldid=70945962 ».</s>
    <s>Organisme international de normalisation</s>
    <s>Institution spécialisée des Nations unies</s>
    <s>Association météorologique</s>
    <s>Organisme fondé en 1947</s>
    <s>Association ou organisme basé à Genève</s>
    <s>Catégories cachées :</s>
    <s>Portail:Météorologie/Articles liés</s>
    <s>Portail:ONU/Articles liés</s>
    <s>Portail:Genève/Articles liés</s>
    <s>Portail:Suisse/Articles liés</s>
    <s>Portail:Europe/Articles liés</s>
    <s>Outils personnels</s>
    <s>Créer un compte ou se connecter</s>
    <s>Espaces de noms</s>
    <s>Afficher l’historique</s>
    <s>Portails thématiques</s>
    <s>Index alphabétique</s>
    <s>Article au hasard</s>
    <s>Contacter Wikipédia</s>
    <s>Premiers pas</s>
    <s>Modifications récentes</s>
    <s>Faire un don</s>
    <s>Imprimer / exporter</s>
    <s>Créer un livre</s>
    <s>Télécharger comme PDF</s>
    <s>Version imprimable</s>
    <s>Boîte à outils</s>
    <s>Pages liées</s>
    <s>Suivi des pages liées</s>
    <s>Importer un fichier</s>
    <s>Pages spéciales</s>
    <s>Adresse de cette version</s>
    <s>Citer cette page</s>
    <s>Autres langues</s>
    <s>Bahasa Indonesia</s>
    <s>Basa Jawa</s>
    <s>Bahasa Melayu</s>
    <s>‪Norsk (nynorsk)‬</s>
    <s>‪Norsk (bokmål)‬</s>
    <s>Simple English</s>
    <s>Српски / Srpski</s>
    <s>Dernière modification de cette page le 10 octobre 2011 à 20:53.</s>
    <s>Droit d'auteur : les textes sont disponibles sous licence Creative Commons paternité partage à l’identique ; d’autres conditions peuvent s’appliquer. Voyez les conditions d’utilisation pour plus de détails, ainsi que les crédits graphiques. En cas de réutilisation des textes de cette page, voyez comment citer les auteurs et mentionner la licence.</s>
    <s>Wikipedia® est une marque déposée de la Wikimedia Foundation, Inc., organisation de bienfaisance régie par le paragraphe 501(c)(3) du code fiscal des États-Unis.</s>
    <s>Politique de confidentialité</s>
    <s>À propos de Wikipédia</s>
    <s>Affichage mobile</s>
    <s>*en: Langue : anglais</s>
    <s>*m: Modifier ce modèle. Merci de prévisualiser avant de sauvegarder.</s>
    <s>*d: Discussion sur ce modèle.</s>
    <s>*v: Voir ce modèle.</s>
  </text>
</page>
