<?xml version="1.0" encoding="UTF-8"?>
<!DOCTYPE page SYSTEM "page.dtd">
<page>
  <lang>fr</lang>
  <url>http://french.uwaterloo.ca/callpapers.html</url>
  <title>Research - Call for Papers | Department of French Studies | Faculty ...</title>
  <snippet>
    <s>Dates du colloque : 29-30 avril, 1er mai 2011 are currently being accepted for the Third International MARGOT Conference (Moyen Paper or Session title 2. </s>
  </snippet>
  <text>
    <s>Skip to the content of the web site.</s>
    <s>French Studies Home</s>
    <s>About French Studies</s>
    <s>Undergraduate Program</s>
    <s>Graduate Studies</s>
    <s>Areas of Faculty Research Expertise</s>
    <s>MARGOT Research Group</s>
    <s>Seminars / Work Shops</s>
    <s>Alumni / Friends</s>
    <s>Services &amp; Resources</s>
    <s>Arts Home</s>
    <s>Research - Call for Papers</s>
    <s>Memoire, diasporas et formes du roman francophone contemporain</s>
    <s>Dates du colloque : 29-30 avril, 1er mai 2011</s>
    <s>Departement d'etudes françaises, Universite de Waterloo, Waterloo, Ontario, Canada</s>
    <s>Conferenciers invites</s>
    <s>Charles Bonn, Universite de Lyon</s>
    <s>Gilles Dupuis, Universite de Montreal</s>
    <s>Justin Bisanswa, Universite Laval</s>
    <s>Renee Larrier, Rutgers University</s>
    <s>Simon Harel, Universite du Quebec a Montreal</s>
    <s>Jean Morency, Universite de Moncton</s>
    <s>Subha Xavier, University of Miami</s>
    <s>Table ronde</s>
    <s>Litterature migrante et litterature diasporique : est-ce un debat pertinent?</s>
    <s>Portant sur le roman francophone contemporain (Europe, Amerique, Afrique), le colloque Memoire, diasporas et formes vise a explorer les croisements entre certaines notions theoriques souvent utilisees pour rendre compte des contacts imprevisibles (langues, individus, territoires, lieux de commemoration, medias) dans des societes actuellement tres fluides. Quels sont, en effet, les liens pertinents entre memoire, diasporas, identites, et les formes narratives issues des cultures en deplacement? Ainsi, la memoire se presente aujourd'hui comme un ensemble instable de fragments narratifs qui nous forcent a redefinir les formes de la reflexivite dans la litterature. Comment y construire des subjectivites stables? Par ailleurs, une certaine conscience diasporique anime la litterature contemporaine qui propose des subjectivites mouvantes, hantees par des identites en devenir et des origines imaginees, cherchant a former des communautes nouvelles autour de sens nouveaux. Sur un plan theorique plus large, le colloque s'interroge sur les distinctions a faire entre les notions d'immigration et de diaspora et sur leur pertinence respective pour l'analyse litteraire. Le colloque accueillera autant des communications d'ordre plus theoriques que des etudes portant sur des auteurs ou corpus definis.</s>
    <s>Pistes de reflexion qui pourraient inspirer des sujets de communication possibles</s>
    <s>1. Memoire et nostalgie</s>
    <s>2. Le retour, l'origine imaginee</s>
    <s>3. Identites en voie de devenir</s>
    <s>4. Imaginer la communaute</s>
    <s>5. Croisement des identites et des formes narratives, generiques</s>
    <s>6. Representations de cultures en deplacement (« Travelling cultures », dans les mots de James Clifford)</s>
    <s>7. Un concept operatoire : Immigration ou diaspora?</s>
    <s>8. Le roman des diasporas en milieu francophone</s>
    <s>9. De nombreux romanciers sont des figures d'espece. Quelques exemples : Tahar Ben Jelloun, France Daigle, Maurice Henrie, Maryse Conde, Dany Laferriere, Daniel Maximin, Abdellah Taia, Patrick Chamoiseau, Alain Mabanckou, Assia Djebar, Fawzia Zouari, Guillaume Vigneault, Noel Audet, Michel Tremblay, Mohammed Khair-Eddine, Kateb Yacine, Émile Ollivier, Sarah Bouyain, Louis Hamelin, Daniel Poliquin, Jean Marc Dalpe, Abdelkebir Khatibi, Abdelhak Serhane, Raphael Confiant, Leonora Miano.</s>
    <s>Faire parvenir les resumes de communication de 250-300 mots, accompagnee d'une note bio-bibliographique avant le 31 juillet 2010.</s>
    <s>Contacts : Tara Collington (tcolling@uwaterloo.ca) et François Pare (fpare@uwaterloo.ca)</s>
    <s>Comite organisateur</s>
    <s>Tara Collington</s>
    <s>François Pare</s>
    <s>Caroline Campbell Seyler</s>
    <s>Godrick Chekete</s>
    <s>THIRD INTERNATIONAL MARGOT CONFERENCE</s>
    <s>THE DIGITAL MIDDLE AGES:</s>
    <s>TEACHING AND RESEARCH</s>
    <s>JUNE 16-17, 2010</s>
    <s>In honor of Delbert Russell</s>
    <s>BARNARD COLLEGE, COLUMBIA UNIVERSITY</s>
    <s>NEW YORK, USA</s>
    <s>Proposals for complete sessions and individual presentations are currently being accepted for the Third International MARGOT Conference (Moyen Age et Renaissance</s>
    <s>Groupe de recherches - Ordinateurs et Textes) held at Barnard College, Columbia</s>
    <s>University, New York from June 16 to June 17, 2010. This conference is co-sponsored</s>
    <s>by the University of Waterloo, Ontario, Canada.</s>
    <s>SCHOLARLY FOCUS</s>
    <s>During this two day conference, we will explore the use of digital resources in teaching</s>
    <s>and research in the Middle Ages. We especially encourage submissions on the</s>
    <s>current state of the art in digital studies, on teaching and curricula matters, and on</s>
    <s>recent new and expected future developments in the field. Topics may include but are</s>
    <s>not limited to:</s>
    <s>- digital paleography</s>
    <s>- translation and dictionary projects</s>
    <s>- digital projects in the visual and performance arts (material culture, image annotation</s>
    <s>tools, paratextual information, etc.)</s>
    <s>- text corpora (creation of a corpus, search systems, etc.)</s>
    <s>- encoding of medieval manuscripts and printed texts (use of XML, TEI and extensions</s>
    <s>of these protocols)</s>
    <s>- management and preservation of digital resources</s>
    <s>- information design and modeling</s>
    <s>- the cultural impact of the new media</s>
    <s>- software studies</s>
    <s>- the role of digital humanities in academic curricula</s>
    <s>- funding and sustainability of long-term projects</s>
    <s>PROCEDURE FOR SUBMISSION OF PROPOSAL:</s>
    <s>We welcome three types of submissions:</s>
    <s>1. Demonstrations/showcasing of existing projects which will include discussion of</s>
    <s>their creation and implementation for research and/or teaching</s>
    <s>2. Abstracts for regular paper presentations</s>
    <s>3. Proposals for entire sessions (including the names, titles, and abstracts of three/</s>
    <s>four presenters)</s>
    <s>Regular papers will last for 20 minutes, and will be followed by 10 minutes of discussion.</s>
    <s>Project demonstrations will last for 30 minutes followed by 15 minutes of discussion.</s>
    <s>We ask participants to include the following information in their proposal:</s>
    <s>1. Paper or Session title</s>
    <s>2. Session type - Regular or Project Demonstration</s>
    <s>3. 250 word abstract</s>
    <s>4. Contact information and bio paragraph</s>
    <s>The Committee will look at all the proposals and their compatibility with the sessions</s>
    <s>that are planned. As far as possible, we will try to avoid parallel sessions.</s>
    <s>The language of the Colloquium will be English.</s>
    <s>DEADLINE FOR SUBMISSION:</s>
    <s>The deadline for submitting your proposal is Friday, October 2, 2009.</s>
    <s>For information about the conference, including proposal submissions, registration,</s>
    <s>and accommodation, please go to www.barnard.edu/digitalmiddleages2010.</s>
    <s>The website will be updated periodically. For inquiries, please contact Prof. Laurie</s>
    <s>Postlewate: lpostlew@barnard.edu.</s>
    <s>We look forward to your participation.</s>
    <s>The Conference Committee:</s>
    <s>Christine McWebb (University of Waterloo)</s>
    <s>Laurie Postlewate (Barnard College, Columbia University)</s>
    <s>Delbert Russell (University of Waterloo)</s>
    <s>Helen Swift (St. Hilda's College, Oxford University)</s>
    <s>PARCOURS/ÉCHANGES ET RECOUPEMENTS CULTURELS</s>
    <s>DU 11 AU 13 NOVEMBRE 2010</s>
    <s>COLLOQUE INTERNATIONAL, UNIVERSITE DU CAIRE, EGYPTE</s>
    <s>(Faculte des Lettres, Departement de Langue et de Litterature Françaises)</s>
    <s>Organise en cooperation entre l'Universite du Caire et les Universites de Guelph et de Waterloo (Canada).</s>
    <s>Depuis une vingtaine d'annees deja tend a s'imposer, dans le champ des sciences humaines et de la recherche sur la litterature, une reflexion sur la representation de l'Autre et de soi (de soi-meme a travers l'Autre) - reflexion qui s'interroge certes sur les reflexes de curiosite, de mefiance, d'hostilite voire de rejet vis-a-vis de l'Autre, mais fait aussi une place de plus en plus importante aux notions d'echange, d'interculturalite, de migrance, de levee ou du moins de deplacement des barrieres, d'appropriations, de metissage et d'hybridite.</s>
    <s>Des ouvrages de reference comme Nous et les autres de Tzvetan Todorov ont contribue a baliser cet espace de recherche. Certaines figures en sont venues a incarner par leur propre trajectoire la confluence des traditions et un humanisme expanse, ouvert sur plusieurs aires culturelles : Edward Said, Amin Maalouf, et bien d'autres. Une valorisation tres actuelle du multiculturalisme et, plus encore, la conscience, qui est la notre, que litterature et culture ne peuvent plus s'apprehender comme des blocs autonomes et homogenes nous amenent a reconsiderer les textes litteraires du passe et du present et a les relire en quete, entre autres, de traces revelatrices d'une vision de l'Autre comme source d'inspiration et d'echanges.</s>
    <s>On trouvera donc au coeur de notre colloque les interrogations suivantes :</s>
    <s>Quels sont les aspects de l'echange interculturel - et des transformations qu'il entraine dans les mentalites?</s>
    <s>Comment les oeuvres litteraires se font-elles le miroir de ces echanges et de ces parcours d'une culture a l'autre, avec leurs tensions et leur travail de remodelage?</s>
    <s>Dans quelle mesure la litterature de voyage temoigne-t-elle de l'eventail des reactions suscitees par le contact avec la culture de l'Autre ?</s>
    <s>Dans quelle mesure les operations de traduction et d'adaptation ont-elles contribue dans le parcours historique et culturel de l'humanite a la levee, ou du moins au deplacement, des barrieres entre cultures ?</s>
    <s>Quel role a pu jouer la decouverte des cultures autres - a travers la migration, l'exil, l'expatriation - dans le parcours de certains ecrivains ou penseurs, travailles par une double appartenance ?</s>
    <s>ENVOYER UNE PROPOSITION</s>
    <s>Les sujets des communications pourront s'inscrire dans l'un des axes suivants :</s>
    <s>Recits de voyage et decouverte d'autres mondes geographiques et/ou imaginaires.</s>
    <s>Litterature d'exil, d'emigration et identites plurielles.</s>
    <s>Interferences, metissages, traversee des frontieres linguistiques et culturelles.</s>
    <s>Mobilite linguistique : emprunts, traduction et adaptation.</s>
    <s>Les presentations ne devraient pas exceder une duree de 20 minutes. Il est prevu de clore chaque seance par un debat portant sur les interventions precedentes.</s>
    <s>Nous prions les participants d'inclure les informations suivantes dans leur proposition :</s>
    <s>1. Titre de la presentation</s>
    <s>2. Un resume de 250 mots</s>
    <s>3. Vos coordonnees et un paragraphe biographique</s>
    <s>Langues des communications : Arabe, Français, Anglais.</s>
    <s>DATE LIMITE POUR ENVOYER VOTRE PROPOSITION :</s>
    <s>Le lundi 1er mars 2010</s>
    <s>Pour soumettre votre proposition et pour d'autres renseignements, contactez : Prof. Heba Machhour, hemac19@hotmail.com ou Prof.Rania Fahty, fathyrania@hotmail.com</s>
    <s>Les informations supplementaires seront affichees sur le site MARGOT : http://margot.uwaterloo.ca.</s>
    <s>Au plaisir de vous lire!</s>
    <s>Le comite d'organisation :</s>
    <s>Donald M. Bruce (University of Guelph)</s>
    <s>Heba Machhour (Universite du Caire)</s>
    <s>Christine McWebb (University of Waterloo)</s>
    <s>Gharaa Mehanna (Universite du Caire)</s>
    <s>Amina Rachid (Universite du Caire)</s>
    <s>!UW RGB Colour !arts college logo</s>
    <s>Department of French Studies</s>
    <s>University of Waterloo</s>
    <s>200 University Avenue West</s>
    <s>Modern Languages Building, Room 333</s>
    <s>Waterloo, Ontario, Canada N2L 3G1</s>
    <s>TEL: 519.888.4567 x32249 | FAX: 519.725.0554</s>
    <s>Contact Us | Privacy Statement | E-mail Webmaster | www.french.uwaterloo.ca</s>
  </text>
</page>
