<?xml version="1.0" encoding="UTF-8"?>
<!DOCTYPE page SYSTEM "page.dtd">
<page>
  <lang>fr</lang>
  <url>http://tv.adobe.com/fr/</url>
  <title>French - Adobe TV</title>
  <snippet>
    <s>Découvrez les rôles des hôtes et des administrateurs qui créent les réunions, les Retrouvez ici les nombreux tutoriels des meilleurs experts et formateurs de Découvrez les conférences ainsi que les clips, vidéos et temps forts d&#39;Adobe </s>
  </snippet>
  <text>
    <s>Adobe TV</s>
    <s>English German French Japanese</s>
    <s>Adobe User</s>
    <s>Tous les produits AIR Acrobat After Effects Audition Bridge Bridge CS5 Browser Lab ColdFusion Connect Creative Suite Design Premium Creative Suite Design Standard Creative Suite Production Premium Creative Suite Web Premium Dreamweaver Encore Fireworks Flash Builder Flash Catalyst Flash Media Server Flash Professional Flex Illustrator InDesign Lightroom Live Cycle OnLocation Photoshop Photoshop Elements Photoshop Lightroom Premiere Elements Premiere Pro Soundbooth Story Ultra Version Cue</s>
    <s>Chaines Translations Ma Bibliotheque Veuillez vous connecter L'espace Ma bibliotheque vous permet d'enregistrer vos episodes preferes pour les visionner ulterieurement. Vous devez vous identifier pour beneficier de cette fonctionnalite.</s>
    <s>Personnalisation Veuillez vous connecter Personnalisez votre page d'accueil Adobe TVVous devez vous identifier pour beneficier de cette fonctionnalite.</s>
    <s>Back Next Watch</s>
    <s>Vous ne connaissez pas encore Adobe TV ? Voici nos suggestions </s>
    <s>Avec le concours de</s>
    <s>HP Intel Nvidia</s>
    <s>Au programme</s>
    <s>Les plus vues</s>
    <s>Les mieux notees</s>
    <s>Ajoutees recemment</s>
    <s>Pour personnaliser votre page d'accueil Adobe TV, rien de plus simpleIl suffit de vous identifier ou de creer un compte Adobe.</s>
    <s>!Dans les coulisses de Dreamlabs</s>
    <s>Dans les coulisses de Dreamlabs</s>
    <s>L'équipe d'Adobe Dreamweaver vous révèle ici des trucs et astuces et vous emmène découvrir les dessous de leur application vedette de web design et développement.</s>
    <s>Épisodes recents</s>
    <s>Assistant Ensemble de données dans Assistant Ensemble de données dans Dreamweaver CS4Le nouvel assistant Ensemble de données Spry simplifie à l'extrême la création des ensembles de données dans Spry, même si vous utilisez une page HTML existante comme source de données.Duree : 00:09:32</s>
    <s>: Note moyenne</s>
    <s>Ajoute le : vendredi, 29 janvier 2010</s>
    <s>Fichiers apparentés dans Dreamweav Fichiers apparentés dans Dreamweaver CS4Cette nouvelle fonctionnalité met les fichiers de votre projet à portée de clic et vous les présente de façon cohérente.Duree : 00:06:26</s>
    <s>: Note moyenne</s>
    <s>Ajoute le : jeudi, 21 janvier 2010</s>
    <s>Le nouveau mode Affichage en direc Le nouveau mode Affichage en directJorge et Paul vous présentent le nouveau mode Affichage en direct de Dreamweaver qui rend la création d'interfaces JavaScript précise, simple et efficace.Duree : 00:07:48</s>
    <s>: Note moyenne</s>
    <s>Ajoute le : vendredi, 5 juin 2009</s>
    <s>» Afficher tous les episodes</s>
    <s>!L'image parfaite avec Julieanne Kost</s>
    <s>L'image parfaite avec Julieanne Kost</s>
    <s>Rejoignez Julieanne Kost, spécialiste de l'imagerie numérique chez Adobe Systems. Vous trouverez ici de précieux conseils sur de nombreux sujets touchant à Photoshop et à Lightroom.</s>
    <s>Épisodes recents</s>
    <s>Création de galeries web et de fic Création de galeries web et de fichiers PDFDans ce didacticiel sur Adobe Bridge, Julieanne Kost vous montre comment utiliser les puissantes nouvelles fonctionnalités de Bridge CS4 pour présenter vos photos dans des galeries web interactives et des fichiers PDF.Duree : 00:11:16</s>
    <s>: Note moyenne</s>
    <s>Ajoute le : mercredi, 13 janvier 2010</s>
    <s>Camera Raw 5 Camera Raw 5Avec Julieanne, découvrez la puissance des nouvelles fonctionnalités de Camera Raw 5. Effectuez des retouches non destructives avec le pinceau de retouche, le filtre gradué, la mise en vignette après recadrage, etc.Duree : 00:39:48</s>
    <s>: Note moyenne</s>
    <s>Ajoute le : vendredi, 17 juillet 2009</s>
    <s>Nouveautés d'Adobe Bridge CS4 Nouveautés d'Adobe Bridge CS4Partez à la découverte des nouveautés d'Adobe Bridge CS4 avec Julieanne Kost, qui vous présente les nouveaux outils, l'interface optimisée et l'intégration avec Photoshop.Duree : 00:30:17</s>
    <s>: Note moyenne</s>
    <s>Ajoute le : mercredi, 10 juin 2009</s>
    <s>» Afficher tous les episodes</s>
    <s>!Apprendre Fireworks CS5</s>
    <s>Apprendre Fireworks CS5</s>
    <s>À l’aide des séries « Pour commencer » et « Les nouvelles fonctionnalités », apprenez les fondamentaux de Fireworks CS5 dans des tutoriels réalisés par des experts produit.</s>
    <s>Épisodes recents</s>
    <s>Pour commencer (PC) : Qu'est-ce qu Pour commencer (PC) : Qu'est-ce que Fireworks ?Fireworks se positionne avant tout comme un élément central de la chaîne d’outils pour la création d’applications à destination d’écrans. Son principal atout réside dans le prototypage d’interfaces et d’applications à destination de l’écran.Duree : 00:06:48</s>
    <s>: Note moyenne</s>
    <s>Ajoute le : vendredi, 7 mai 2010</s>
    <s>Exportation des documents Firework Exportation des documents Fireworks au format FXGFXG est un format pris en charge par Flash, Flash Catalyst, Fireworks, Illustrator et Photoshop. Nous explorerons au cours de cette vidéo le procédé d'exportation dans Fireworks.Duree : 00:05:41</s>
    <s>: Note moyenne</s>
    <s>Ajoute le : vendredi, 7 mai 2010</s>
    <s>Prévisualisation des documents Fir Prévisualisation des documents FireworksDepuis la version CS5, il est possible de prévisualiser directement les documents Fireworks dans Device Central. Plusieurs flux de travail sont dorénavant disponibles.Duree : 00:04:53</s>
    <s>: Note moyenne</s>
    <s>Ajoute le : vendredi, 7 mai 2010</s>
    <s>» Afficher tous les episodes</s>
    <s>!Apprendre Dreamweaver CS5 &amp; CS5.5</s>
    <s>Apprendre Dreamweaver CS5 &amp; CS5.5</s>
    <s>À l’aide des séries « Pour commencer » et « Les nouvelles fonctionnalités », apprenez les fondamentaux de Dreamweaver CS5 dans des tutoriels réalisés par des experts produit.</s>
    <s>Épisodes recents</s>
    <s>Pour commencer (PC) : Qu'est-ce qu Pour commencer (PC) : Qu'est-ce que Dreamweaver ?Dreamweaver est un outil à multiples facettes qui permet d’intervenir sur chacun des langages qui composent le web. Il est très simple et très souple de pouvoir modifier ou composer l’ensemble des documents d’un site grâce à Dreamweaver CS5.Duree : 00:07:42</s>
    <s>: Note moyenne</s>
    <s>Ajoute le : vendredi, 7 mai 2010</s>
    <s>PC 01 : La configuration d'un site PC 01 : La configuration d'un siteAfin de travailler sur la gestion d'un site avec Dreamweaver, il faut toujours commencer par paramétrer la configuration du site. Dreamweaver CS5 propose une nouvelle approche que nous allons découvrir en partie dans cette vidéo. Duree : 00:09:29</s>
    <s>: Note moyenne</s>
    <s>Ajoute le : lundi, 17 mai 2010</s>
    <s>PC 02 : Les types de documents et PC 02 : Les types de documents et le HTMLLors de la création d'un document, Dreamweaver CS5 nous propose le choix entre diverses versions du HTML, y compris le tout nouveau HTML5. Duree : 00:07:39</s>
    <s>: Note moyenne</s>
    <s>Ajoute le : lundi, 17 mai 2010</s>
    <s>» Afficher tous les episodes</s>
    <s>!CS5 Web Premium</s>
    <s>CS5 Web Premium</s>
    <s>La Creative Suite 5 Web Premium d’Adobe constitue la solution idéale pour la production de sites web respectueux des standards et d’applications Internet riches.</s>
    <s>Épisodes recents</s>
    <s>Flash Professional CS5 - Trois fon Flash Professional CS5 - Trois fonctionnalités pharesDécouvrez les 3 nouvelles fonctions essentielles de Flash Professional CS5 : le moteur de texte Flash, le développement d'applications pour l'iPhone, et le flux de production rationalisé grâce à la prise en charge du format FXG.Duree : 00:03:37</s>
    <s>: Note moyenne</s>
    <s>Ajoute le : lundi, 12 avril 2010</s>
    <s>Flash Catalyst CS5 - En quoi consi Flash Catalyst CS5 - En quoi consiste Flash Catalyst ?Flash Catalyst est une application de conception qui permet de créer des sites web interactifs. Avantage majeur de ce logiciel : vous n’avez pas besoin d'être formé à la programmation pour produire un travail de qualité avec Flash Catalyst !Duree : 00:01:39</s>
    <s>: Note moyenne</s>
    <s>Ajoute le : lundi, 12 avril 2010</s>
    <s>Dreamweaver CS5 - Trois fonctionna Dreamweaver CS5 - Trois fonctionnalités pharesDécouvrez les 3 nouvelles fonctions essentielles de Dreamweaver CS5 : les fichiers associés dynamiquement, la navigation en mode Affichage, et les perfectionnements des feuilles de style CSS, mode Inspection, activation/désactivation des styles CSS.Duree : 00:07:35</s>
    <s>: Note moyenne</s>
    <s>Ajoute le : lundi, 12 avril 2010</s>
    <s>» Afficher tous les episodes</s>
    <s>Émissions au programme</s>
    <s>!Apprendre Adobe Connect 8</s>
    <s>Apprendre Adobe Connect 8</s>
    <s>À l’aide des séries « Pour commencer » et « Les nouvelles fonctionnalités », apprenez les fondamentaux de Adobe Connect 8 dans des tutoriels réalisés par des experts produit.</s>
    <s>Épisodes recents</s>
    <s>Adobe Connect 8 : Qu'est-ce qu'Ado Adobe Connect 8 : Qu'est-ce qu'Adobe Connect 8 ?Apprenez à gérer les réunions, les formations et les événements. Découvrez les rôles des hôtes et des administrateurs qui créent les réunions, les cours, les programmes et les webinaires.Duree : 00:06:02</s>
    <s>: Note moyenne</s>
    <s>Ajoute le : vendredi, 14 janvier 2011</s>
    <s>Adobe Connect 8 : Nouveautés dans Adobe Connect 8 : Nouveautés dans Adobe Connect 8 Cette vidéo vous présente les modifications apportées aux modules et à l'affichage. Découvrez la zone réservée aux présentateurs, invisible pour les participants, les nouveaux outils de glisser-déposer pour les hôtes, les nouvelles possibilités de contrôle de l'audio et de la vidéo, les nouvelles fonctionnalités du tableau blanc, le module Remarques et le module Conversation.Duree : 00:06:06</s>
    <s>: Note moyenne</s>
    <s>Ajoute le : vendredi, 14 janvier 2011</s>
    <s>Adobe Connect 8 : Vue d'ensemble : Adobe Connect 8 : Vue d'ensemble : rôles des participants et interface utilisateurDécouvrez les affichages par défaut et personnalisés, la fonction des modules dans un affichage, ainsi que les options mises à disposition des hôtes, des présentateurs et des participants. Duree : 00:07:46</s>
    <s>: Note moyenne</s>
    <s>Ajoute le : vendredi, 14 janvier 2011</s>
    <s>» Afficher tous les episodes</s>
    <s>!Formations vidéo pour réalisateurs vidéo</s>
    <s>Formations vidéo pour réalisateurs vidéo</s>
    <s>Retrouvez ici les nombreux tutoriels des meilleurs experts et formateurs de video2brain sur le thème de la réalisation vidéo.</s>
    <s>Épisodes recents</s>
    <s>Adobe Audition CS5.5 : Tirer le me Adobe Audition CS5.5 : Tirer le meilleur de l'interfaceVoyons sur quel principe repose l'interface qui vous sera d'ailleurs familière si vous êtes utilisateur des logiciels de la Production Premium ou de Premiere Pro. Apprenons à l'adapter à nos besoins à mesure de notre travail de l'audio.Duree : 00:09:28</s>
    <s>: Note moyenne</s>
    <s>Ajoute le : jeudi, 22 septembre 2011</s>
    <s>Adobe Premiere Elements 9 : Deux l Adobe Premiere Elements 9 : Deux logiciels en unPremiere Elements 9 : deux logiciels en unL'Organiseur d'une part et le logiciel de montage à proprement parler d'autre part. Quel rôle occupe chacun d'eux dans notre travail ? Comment les gérer avec l'écran de démarrage ? Réponses dans cette vidéo !Duree : 00:10:26</s>
    <s>: Note moyenne</s>
    <s>Ajoute le : jeudi, 15 septembre 2011</s>
    <s>Adobe After Effects CS5.5 : Stabil Adobe After Effects CS5.5 : Stabilisation d'un mouvement de caméraDans cette vidéo, nous allons aborder la stabilisation avec correction de déformation et analyse avancée.Duree : 00:05:43</s>
    <s>: Note moyenne</s>
    <s>Ajoute le : jeudi, 1 septembre 2011</s>
    <s>» Afficher tous les episodes</s>
    <s>!MAX 2010 Keynotes</s>
    <s>MAX 2010 Keynotes</s>
    <s>Découvrez les conférences ainsi que les clips, vidéos et temps forts d’Adobe MAX 2010.</s>
    <s>Épisodes recents</s>
    <s>Adobe MAX 2010 Keynote Jour 1 : We Adobe MAX 2010 Keynote Jour 1 : Welcome to the RevolutionVous êtes  au cœur d’une révolution avec des nouveaux écrans, des nouveaux formats et des nouveaux modes de diffusion.Duree : 02:08:16</s>
    <s>: Note moyenne</s>
    <s>Ajoute le : mardi, 23 novembre 2010</s>
    <s>Adobe MAX 2010 Keynote Jour 1 : We Adobe MAX 2010 Keynote Jour 1 : Welcome to the Revolution : Sites WebKevin Lynch, CTO d’Adobe, présente comment les outils Adobe s’intègre avec le HTML pour permettre au sites web de fonctionner parfaitement sur tous les supports.Duree : 00:10:35</s>
    <s>: Note moyenne</s>
    <s>Ajoute le : mardi, 23 novembre 2010</s>
    <s>Adobe MAX 2010 Keynote Jour 1 : We Adobe MAX 2010 Keynote Jour 1 : Welcome to the Revolution : Digital PublishingKevin Lynch, CTO d’Adobe, évoque les transformations majeures qui sont en cours dans le monde de la publication avec l’arrivée des expériences numériques. Avec les invités Martha Stewart, animatrice de l’émission Martha Stewart Living et Joe Simon de Conde Nast.Duree : 00:22:44</s>
    <s>: Note moyenne</s>
    <s>Ajoute le : mardi, 23 novembre 2010</s>
    <s>» Afficher tous les episodes</s>
    <s>!Apprendre Flash Catalyst CS5.5</s>
    <s>Apprendre Flash Catalyst CS5.5</s>
    <s>Initiez-vous à Flash Catalyst CS5.5 grâce à des didacticiels de prise en main et de présentation des nouvelles fonctionnalités signés par des experts produit.</s>
    <s>Épisodes recents</s>
    <s>Présentation de Flash Catalyst CS5 Présentation de Flash Catalyst CS5.5Chef de produit Flash Catalyst, Jacob Surber nous présente quelques-une des nouveautés de Flash Catalyst 5.5 : processus liés aux présentations, fonction Remplacer par, ciblage global, etc. Duree : 00:03:21</s>
    <s>: Note moyenne</s>
    <s>Ajoute le : mercredi, 1 juin 2011</s>
    <s>Importation d'illustrations dans F Importation d'illustrations dans Flash Catalyst CS5.5Jacob Surber nous présente les méthodes d'importation d'éléments graphiques Photoshop, Illustrator et Fireworks dans un projet Flash Catalyst et nous explique comment les développeurs et créatifs peuvent simplifier ce processus. Duree : 00:05:38</s>
    <s>: Note moyenne</s>
    <s>Ajoute le : mercredi, 1 juin 2011</s>
    <s>Nouvelles fonctions d'animation de Nouvelles fonctions d'animation de Flash Catalyst CS5.5L'informaticien Peter Flynn nous présente les nouvelles fonctions d'animation de scénario de Flash Catalyst CS5.5, qui vous permettent de créer facilement des animations naturelles et fluides dans vos projets. Duree : 00:09:11</s>
    <s>: Note moyenne</s>
    <s>Ajoute le : lundi, 6 juin 2011</s>
    <s>» Afficher tous les episodes</s>
    <s>!Visite guidée de CS5.5 Production Premium</s>
    <s>Visite guidée de CS5.5 Production Premium</s>
    <s>Découvrez les principales nouveautés d'Adobe Creative Suite 5.5 Production Premium.</s>
    <s>Épisodes recents</s>
    <s>Présentation des fonctionnalités d Présentation des fonctionnalités d'Adobe Creative Suite 5.5 Production PremiumDécouvrez les principales nouveautés d'Adobe Creative Suite 5 Production Premium. Duree : 00:43:38</s>
    <s>: Note moyenne</s>
    <s>Ajoute le : jeudi, 19 mai 2011</s>
    <s>PrésentationPrésentationExperts du secteur, Karl Soulé et Kevin Monahan discutent des astuces utiles aux monteurs Final Cut Pro lorsqu'ils passent à Adobe Premiere Pro CS5. Duree : 00:08:11</s>
    <s>: Note moyenne</s>
    <s>Ajoute le : jeudi, 19 mai 2011</s>
    <s>Performances accrues avec le moteu Performances accrues avec le moteur de lecture Mercury d'Adobe Premiere Pro CS5.5Découvrez le moteur de lecture Mercury d'Adobe Premiere Pro CS5.5, qui permet de lire des montages multiformats plus rapidement et d'utiliser davantage d'effets et de transitions à accélération GPU. Duree : 00:04:51</s>
    <s>: Note moyenne</s>
    <s>Ajoute le : jeudi, 12 mai 2011</s>
    <s>» Afficher tous les episodes</s>
    <s>!Je n'imaginais pas qu'Acrobat pouvait faire ça !</s>
    <s>Je n'imaginais pas qu'Acrobat pouvait faire ça !</s>
    <s>Lori DeFurio présente 10 fonctionnalités impressionnantes d'Acrobat X</s>
    <s>Épisodes recents</s>
    <s>Le top 10 de LoriLe top 10 de LoriDans cette petite vidéo, Lori présente ses 10 meilleures fonctions dans Acrobat X.Duree : 03:08</s>
    <s>: Note moyenne</s>
    <s>Ajoute le : mercredi, 22 décembre 2010</s>
    <s>Assistant ActionAssistant ActionLori explique comment créer et utiliser des actions guidées pour automatiser les tâches répétitives à plusieurs étapes. Duree : 01:23</s>
    <s>: Note moyenne</s>
    <s>Ajoute le : dimanche, 14 novembre 2010</s>
    <s>Portfolios PDFPortfolios PDFLori montre comment créer et personnaliser des portfolios PDF avec Acrobat X Pro. Duree : 01:31</s>
    <s>: Note moyenne</s>
    <s>Ajoute le : dimanche, 14 novembre 2010</s>
    <s>» Afficher tous les episodes</s>
    <s>Produits /</s>
    <s>Chaines /</s>
    <s>Ma Bibliotheque /</s>
    <s>À propos d'Adobe TV</s>
    <s>Forum aux questions (FAQ) /</s>
    <s>Communaute /</s>
    <s>Vos commentaires /</s>
    <s>Plan du site</s>
    <s>Envoyer a un ami</s>
    <s>Retrouvez-nous sur Twitter</s>
    <s>Inscrivez-vous sur Facebook</s>
    <s>Mon compte Adobe</s>
    <s>Abonnez-vous aux fils RSS</s>
    <s>Copyright (C) 2011 Adobe Systems Incorporated. Tous droits reserves.</s>
    <s>En utilisant ce site web, vous signifiez votre acceptation des Conditions d'utilisation et de la Charte de traitement des donnees personnelles</s>
  </text>
</page>
