<?xml version="1.0" encoding="UTF-8"?>
<!DOCTYPE page SYSTEM "page.dtd">
<page>
  <lang>fr</lang>
  <url>http://tunis2.0.evenium.com/</url>
  <title>ACCUEIL - Tunis 2.0</title>
  <snippet>
    <s>28 sept. 2011 Communiqué des bénévoles, sponsors et intervenants* soit rapidement envisagée l&#39;organisation d&#39;un nouvel événement par comité local qui . 8 ateliers conférences; 50 études de cas; 40 intervenants-experts / 10 grands </s>
  </snippet>
  <text>
    <s>Tunis 2.0</s>
    <s>30 Septembre et 1er Octobre</s>
    <s>Manifestation annulee</s>
    <s>INFOS PRATIQUES</s>
    <s>**Communique des benevoles, sponsors et intervenants *</s>
    <s>Version française (English version below) :</s>
    <s>Tunis 2.0, l'evenement qui devait se derouler du 30 septembre au 1er octobre 2011, a ete annule dans des circonstances obscures.</s>
    <s>Nous, benevoles, sponsors et intervenants, souhaitons par le present communique vous apporter quelques elements de reponse ainsi que notre position.</s>
    <s>Les faits.</s>
    <s>Le soir du 28 septembre 2011, apres de longs mois de preparation, les benevoles, les sponsors et les intervenants de Tunis 2.0 ont constate que le site de l'evenement etait inaccessible. Durant les heures qui suivirent, ils s'aperçoivent peu a peu que les reservations d'avion reçues la veille sont erronees, qu'aucune chambre n'avait ete reservee et que l'organisateur de l'evenement ne donnait plus suite aux emails et aux appels telephoniques. Sur place, meme constatation: les benevoles n'arrivent plus a joindre Abdelmajiid Labidi , dirigeant de la societe Madisson Customer Leadership (MCL) et responsable de l'organisation de Tunis 2.0. Ce dernier a supprime ses comptes sur les reseaux sociaux.</s>
    <s>Fort heureusement, nous avions acces a l'administration du site qui gerait les inscriptions a l'evenement Tunis 2.0. Dans un premier temps, nous avons donc publie l'information de l'annulation et informe les 722 participants inscrits en attendant d'avoir plus d'informations et de pouvoir s'organiser.</s>
    <s>A Tunis, les benevoles ont accueilli les intervenants et sponsors etrangers (Etats-Unis, France, Maroc) qui avaient fait le deplacement a l'hotel Africa. Certains etaient pris en charge par leur ambassade et d'autres ont du prendre a leur propre charge l'hebergement et le transport.</s>
    <s>Un comite provisoire (benevoles, sponsors, intervenants tunisiens et français) s'est monte afin de realiser un etat des lieux, un suivi et une communication sur les medias sociaux.</s>
    <s>Au 3 octobre 2011, nous n'avons toujours pas de nouvelles d'Abdelmajid Labidi.</s>
    <s>Nous ne pouvons qualifier cet acte autrement qu'en affirmant l'indisponibilite d'Abdelmajiid Labidi et en listant les prejudices connus et declares.</s>
    <s>Sur le plan financier, a ce jour, ils sont de deux ordres:</s>
    <s>1/ Sponsoring : la societe Les Argonautes a estime son prejudice financier a 10 000 euros (dont 7000 dinars verses a la societe MCL ainsi que les frais de deplacement, l'hebergement et la preparation)</s>
    <s>2/ Les frais d'hebergement et de transport verses par les intervenants qui se sont deplaces depuis les Etats-Unis (2 personnes), la France (2 personnes) et le Maroc (1 personne).</s>
    <s>Certains benevoles, intervenants et sponsors envisagent une action juridique a l'encontre de l'organisateur de Tunis 2.0 Abdelmajid Labidi, la societe MCL Productions et son gerant.</s>
    <s>Sur le plan humain et intellectuel, l'annulation subite de cet evenement, la disparition mysterieuse de l'organisateur dans des circonstances historiques sont vecues comme inacceptables. Tunis 2.0 avait comme objectif la promotion de l'economie numerique.</s>
    <s>C'est une grande peine pour toutes les personnes passionnees qui se sont engagees et impliquees dans la realisation d'un evenement qui devait etre memorable pour la Tunisie.</s>
    <s>Nous entendons la revolte des participants et nous nous joignons a votre indignation.</s>
    <s>Toutefois, le comportement d'une seule personne, ne doit pas interrompre la dynamique initiee !*</s>
    <s>Les benevoles, les sponsors et les intervenants ont tous affirmes que &quot;Tunis 2.0 devait avoir lieu&quot;.</s>
    <s>D'ailleurs, une delegation a ete reçue le 1er octobre par le secretaire d'Etat tunisien aux technologies. Ce dernier a affirme son soutien a l'organisation d'un prochain evenement en Tunisie et a appele a la constitution d'un nouveau collectif pour depasser cet incident.</s>
    <s>En attendant, l'organisation d'un nouvel evenement, les benevoles, les sponsors et les intervenants ont decide de creer un web-evenement avec la mise en ligne des presentations sur la page Facebook de Tunis 2.0 www.facebook.com/Tunisdeuxzero</s>
    <s>Pour l'avenir, etant donne les enjeux du developpement de l'economie numerique en Tunisie, les benevoles, sponsors et intervenants souhaitent surtout que soit rapidement envisagee l'organisation d'un nouvel evenement par comite local qui catalysera toutes les energies et les bonnes volontes qui se sont federees autour de Tunis 2.0.</s>
    <s>Ce communique n'engage que ses signataires :</s>
    <s>Aymen AMRI - Fadhila BRAHIMI - Julien BONNEL - Mounir GRAMI - Nicolas CHAGNY / Les Argonautes Paris &amp; Tunis - Rym RAIS - Walid FEHRI - Yasser MONKACHI - Isabelle ARVERS - Kamel HADDAR - Jerome DEISS - Samih ABID - Ines HAMMAMI - Yannick HERVE - Soraya KHIREDDINE - Mounira HAMDI - Thierry CROUZET</s>
    <s>Contact : contact@tunisdeuxzero.com</s>
    <s>Press release of volunteers, sponsors and participants</s>
    <s>Tunis 2.0, the event which was to take place from September 30th to October 1st 2011, was canceled in unclear circumstances.</s>
    <s>We, volunteers, sponsors and participants want from this release give you some answers as well as our position.</s>
    <s>The facts.</s>
    <s>On the evening of September 28th 2011, after months of preparation, volunteers, sponsors and participants of Tunis 2.0 found that the event website was inaccessible. During the hours that followed, gradually they realize that flight ticket received the day before are wrong, no room had been reserved and the organizer of the event gave no response to emails and telephone calls. In Tunisia, same conclusion: the volunteers can no longer join Abdelmajiid Labidi, director of the company Madisson Customer Leadership (MCL) and responsible of the organization for Tunis 2.0. He has cancelled its accounts on social networks.</s>
    <s>Fortunately, we had access to the administration of the website which managed the registrations to the event Tunis 2.0. At first, we have published information and informed of the cancellation the 722 registered participants, pending more information and to organize.</s>
    <s>In Tunis, the volunteers welcomed the speakers and foreign sponsors (the United States, France, Morocco) who had traveled to the Hotel Africa. Some were supported by their embassy and others of their own to take care of accommodation and transportation.</s>
    <s>A provisional committee (volunteers, sponsors, participants Tunisian and French) was organised in order to achieve an inventory, monitoring and communication on social media.</s>
    <s>At October 3nd 2011, we still have no news of Abdelmajid Labidi.</s>
    <s>We can call this act other than stating the unavailability of Abdelmajiid Labidi and listing the known and reported losses.</s>
    <s>In financial terms, to date, they are two folds:</s>
    <s>1 / Sponsorship: Les Argonautes company was estimate its financial damages to 10 000 euros (paid 7000 dinars to the company MCL and travel expenses, accommodation and preparation)</s>
    <s>2 / The cost of lodging and transportation paid by the participants who came from the United States (2 persons), France (2 persons) and Morocco (1 person).</s>
    <s>Some volunteers, speakers and sponsors are considering legal action against the organizer of Tunis 2.0 Abdelmajid Labidi, the company MCL Productions and its manager.</s>
    <s>On the human and intellectual side, the sudden cancellation of the event, the mysterious disappearance of the organizer in the historical circumstances are seen as unacceptable. Tunis 2.0 objective was the promotion of the digital economy.</s>
    <s>This is a great sorrow for all the impassioned people who are committed and involved in the occurrence of an event that would be memorable for Tunisia.</s>
    <s>We hear the revolt of the participants and we join your indignation.</s>
    <s>However, the behavior of one person, should not interrupt the strong momentum</s>
    <s>Volunteers, sponsors and participants have all affirmed that &quot;Tunis 2.0 must to take place.&quot;</s>
    <s>Moreover, a delegation was received on October 1 by the Tunisian Secretary of State on technologies. He affirmed his support for the organization of an upcoming event in Tunisia and called for the establishment of a new group to overcome the incident.</s>
    <s>Meanwhile, the organization of a new event, volunteers, sponsors and participants agreed to create a web-event with the online presentations on the Facebook page of Tunis 2.0 www.facebook.com/Tunisdeuxzero</s>
    <s>For the future, considering the development challenges of the digital economy in Tunisia, volunteers, sponsors and participants interested primarily intended for the early organization of a new event by the local committee that will catalyze the energies and good wills that have federated around Tunis 2.0.</s>
    <s>This press release only engage its signatories:</s>
    <s>Aymen AMRI - Fadhila BRAHIMI - Julien BONNEL - Mounir GRAMI - Nicolas CHAGNY / Les Argonautes Paris &amp; Tunis - Rym RAIS - Walid FEHRI - Yasser MONKACHI - Isabelle ARVERS - Kamel HADDAR - Jerome DEISS - Samih ABID - Ines HAMMAMI - Yannick HERVE - Soraya KHIREDDINE - Mounira HAMDI - Thierry CROUZET</s>
    <s>Contact : contact@tunisdeuxzero.com</s>
    <s>« Faire emerger de nouvelles formes d'initiatives entrepreneuriales et d'innovations sociales pour gouverner la cite, developper le business, construire la Tunisie de demain. »</s>
    <s>Le 1er evenement majeur de la nouvelle economie numerique post 14 janvier</s>
    <s>Un Laboratoire d'idees autour de poles de competences innovatrices dans un cadre dynamique motivant et dans l'esprit 2.0</s>
    <s>Un evenement forum professionnel, pour un partage d'experiences entre experts et professionnels</s>
    <s>Des thematiques d'actualite</s>
    <s>LES MARCHÉS 2.0 : L'apport des nouvelles technologies dans le business</s>
    <s>L'ENTREPRISE 2.0 : Les bons usages des nouveaux outils numeriques</s>
    <s>DÉVELOPPEMENT 2.0 : Les innovations sociales</s>
    <s>GOUVERNEMENT 2.0 : Transparence, Technologies et Democratie</s>
    <s>Un contenu riche</s>
    <s>8 ateliers conferences</s>
    <s>50 etudes de cas</s>
    <s>40 intervenants-experts / 10 grands conferenciers</s>
    <s>Des projets innovants presentes en avant-premiere</s>
    <s>Un large panel d'intervenants et de participants</s>
    <s>Professionnels : Telecom, Internet, Services IT, Relation Client, Formation/Education, Finances, Green Tech &amp; Green Energy …..</s>
    <s>Experts : Communication, Marketing, Sociologues, Web Marketing, Web Social, …</s>
    <s>Les Organisations Internationales</s>
    <s>Les Banques de Developpement, les Fonds et banques d'Investissement</s>
    <s>Organismes d'etats ou paraetatiques de developpement</s>
    <s>Grandes ecoles de Management et d'Ingenieurs du continent</s>
    <s>Entreprises du secteur faisant du business a l'international (off-shore et in-shore)</s>
    <s>Startups high-tech</s>
  </text>
</page>
