<?xml version="1.0" encoding="UTF-8"?>
<!DOCTYPE page SYSTEM "page.dtd">
<page>
  <lang>fr</lang>
  <url>http://liris.cnrs.fr/actualites/breves/conference-mondiale-du-web-www2012%3Fset_language%3Dfr</url>
  <title>Conférence Mondiale du WEB www2012 — LIRIS</title>
  <snippet>
    <s>WWW est la conférence internationale du Web la plus sélective (classée A avec six sessions parallèles de tutoriels sur deux jours dont une session animée par déjà trois conférenciers invités prestigieux : Neelie Kroes (Vice-Presidente de </s>
  </snippet>
  <text>
    <s>Outils personnels</s>
    <s>Se connecter</s>
    <s>Événements à venir</s>
    <s>À la Une</s>
    <s>Toutes les actualités</s>
    <s>Le LIRIS</s>
    <s>Membres du LIRIS</s>
    <s>Implications dans les formations</s>
    <s>Venir au LIRIS</s>
    <s>La Recherche</s>
    <s>Départements et équipes</s>
    <s>Membres du LIRIS</s>
    <s>Projets transversaux</s>
    <s>Relations Partenariales</s>
    <s>Relations Internationales</s>
    <s>Animation scientifique</s>
    <s>Toutes les publications</s>
    <s>Thèses et HDR</s>
    <s>Brevets et Logiciels</s>
    <s>Rapports de recherche</s>
    <s>Fascicules des thèses et HDR</s>
    <s>Rapport d'activité</s>
    <s>Statistiques 2005-2009</s>
    <s>Postes d'Enseignants-Chercheurs</s>
    <s>Postes d'Ingénieur et Postdocs</s>
    <s>Postes BIATOS</s>
    <s>Sujets de thèse financés</s>
    <s>Sujets de stage financés</s>
    <s>!Laboratoire d'InfoRmatique en Image et Systèmes d'information</s>
    <s>Aller au contenu. | Aller à la navigation</s>
    <s>Laboratoire d'InfoRmatique en Image et Systèmes d'information</s>
    <s>UMR 5205 CNRS / INSA de Lyon / Université Claude Bernard Lyon 1 / Université Lumière Lyon 2 / École Centrale de Lyon</s>
    <s>Vous êtes ici : Accueil &gt; Actualités &gt; A la Une du Liris &gt; Conférence Mondiale du WEB www2012</s>
    <s>Conférence Mondiale du WEB www2012</s>
    <s>WWW est la conférence internationale du Web la plus sélective (classée A avec un taux de sélection de 12%) et la plus fréquentée (entre 1000 et 1500 participants du monde entier chaque année).</s>
    <s>En 2012 la conférence WWW aura lieu à Lyon du 16 au 20 Avril :</s>
    <s>une centaine de présentations sélectionnées des derniers résultats scientifiques internationaux concernant le web, par les plus grands acteurs du domaine</s>
    <s>six sessions parallèles de tutoriels sur deux jours dont une session animée par des experts du W3C</s>
    <s>une vingtaine d’ateliers incluant des rendez-vous très importants (ex. LDOW) et très novateurs (ex. PhiloWeb)</s>
    <s>des présentations sur une journée dédiées aux projets européens</s>
    <s>des rencontres industrielles sur trois jours avec des acteurs économiques de toutes tailles, des grands comptes aux PME</s>
    <s>des espaces de posters et démonstrations</s>
    <s>déjà trois conférenciers invités prestigieux : Neelie Kroes (Vice-Presidente de la Commission Européenne et Commissaire Européen au « Digital Agenda »), Sir Tim Berners-Lee et Bernard Stiegler (Directeur de l’IRI Centre de Recherche du musée Georges Pompidou)</s>
    <s>un fil de présentations dédié aux développeurs sur trois jours</s>
    <s>des sessions dédiées à des panels sur de nombreux sujets attenants au web</s>
    <s>ainsi que des conférences co-localisées comme la conférence d’accessibilité du web W4A ou animant une session dédiée comme Web Science</s>
    <s>deux jours de présentations des groupes de travail du W3C</s>
    <s>A ces sessions s’ajoutent des évènements favorisant les rencontres et discussions : un data meetup, des présentations éclair, un salon d’exposition dédié au Web, etc.</s>
    <s>General Chair : Alain Mille (LIRIS CNRS), Fabien Gandon (INRIA), Jacques Misselis (ex-HP)</s>
    <s>Organization Chair : Luc Mariaux (EC-Lyon), Laurent Flory (UdL)</s>
    <s>Site : http://www2012.org</s>
    <s>Présentation au format PDF</s>
    <s>Actions sur le document</s>
    <s>Envoyer cette page</s>
    <s>Événements à venir</s>
    <s>À la Une</s>
    <s>Toutes les actualités</s>
    <s>Le LIRIS</s>
    <s>Membres du LIRIS</s>
    <s>Implications dans les formations</s>
    <s>Venir au LIRIS</s>
    <s>La Recherche</s>
    <s>Départements et équipes</s>
    <s>Membres du LIRIS</s>
    <s>Projets transversaux</s>
    <s>Relations Partenariales</s>
    <s>Relations Internationales</s>
    <s>Animation scientifique</s>
    <s>Toutes les publications</s>
    <s>Thèses et HDR</s>
    <s>Brevets et Logiciels</s>
    <s>Rapports de recherche</s>
    <s>Fascicules des thèses et HDR</s>
    <s>Rapport d'activité</s>
    <s>Statistiques 2005-2009</s>
    <s>Postes d'Enseignants-Chercheurs</s>
    <s>Postes d'Ingénieur et Postdocs</s>
    <s>Postes BIATOS</s>
    <s>Sujets de thèse financés</s>
    <s>Sujets de stage financés</s>
    <s>Réalisé avec Plone</s>
    <s>XHTML valide</s>
    <s>CSS valide</s>
    <s>Section 508</s>
  </text>
</page>
