<?xml version="1.0" encoding="UTF-8"?>
<!DOCTYPE page SYSTEM "page.dtd">
<page>
  <lang>fr</lang>
  <url>http://mons2011.eu/fr/registration</url>
  <title>Mons 2011 - Inscription</title>
  <snippet>
    <s>Les inscriptions resteront possibles tout au long de la Conférence. Droits d&#39; inscription à la conférence. Les droits d&#39;inscription de base sont de 150€. Un montant </s>
  </snippet>
  <text>
    <s>Samedi, 15 Octobre 2011</s>
    <s>Inscription sur place</s>
    <s>Les inscriptions préalables sont désormais clôturées. Les communications non couvertes par une inscription acquittée ont été annulées.</s>
    <s>Les participants souhaitant s'inscrire pour assister à la Conférence peuvent le faire sur place, au FORUM des Grand auditoires du Campus de l'Umons, bureau d'accueil, à partir du 31 juillet à 14H00. Les inscriptions resteront possibles tout au long de la Conférence.</s>
    <s>Droits d'inscription à la conférence</s>
    <s>Les droits d'inscription de base sont de 150€. Un montant plus élevé sera demandé aux participants s'inscrivant après le 30 avril 2011.</s>
    <s>Jusqu'au 30 avril</s>
    <s>Mai Juin &amp; Juillet</s>
    <s>Autre participant (2)</s>
    <s>Accompagnant (3)</s>
    <s>(1) Les communicants doivent payer leurs droits d'inscription avant le 1er juin 2011. Sans quoi leur invitation sera annulée.</s>
    <s>(2) Participant qui assiste aux travaux de la conférence sans être communicant.</s>
    <s>(3) Personne invitée par un participant à la Conférence qui a le droit de participer aux moments conviviaux, mais pas aux sessions de travail.</s>
    <s>(4) Les exposants doivent payer leurs droits d'exposition avant le 1er mai 2011. Les exposants qui souhaitent participer aux travaux de la Conférence doivent également acquitter un droit d'inscription.</s>
    <s>Les participants (communicants ou non), exposants et accompagnants peuvent faire des réservations pour leurs lunches, le banquet Breughelien (mardi) et les autres moments conviviaux grâce au bulletin d'inscription, en acquittant les droits supplémentaires.</s>
    <s>Mons 2011</s>
    <s>© 2009 ABLF - Webdesign by Ti Malis (Karine Dorcean)</s>
  </text>
</page>
