<?xml version="1.0" encoding="UTF-8"?>
<!DOCTYPE page SYSTEM "page.dtd">
<page>
  <lang>fr</lang>
  <url>http://rieder.polsys.net/research/publications/</url>
  <title>Bernhard Rieder - Research - Publications</title>
  <snippet>
    <s>Colloque enjeux et usages des T.I.C. - aspect sociaux et culturels. Université Michel de Montaigne Bordeaux 3, Séptembre 2005 Actes tome 2 pp.139-148 </s>
  </snippet>
  <text>
    <s>Bernhard Rieder</s>
    <s>» Home</s>
    <s>» Research</s>
    <s>» Teaching</s>
    <s>» Programming</s>
    <s>» Biography</s>
    <s>Universiteit van Amsterdam</s>
    <s>Media Studies Department, Assistant Professor</s>
    <s>root / research / publications /</s>
    <s>» Research topics</s>
    <s>» Publications</s>
    <s>» Doctoral thesis</s>
    <s>My pulications, grouped by publication type:</s>
    <s>Saleh, Imad / Ghedira, Khaled / Badreddine, Belhassen / Bouhai, Nasreddine / Rieder, Bernhard (Ed.): Collaborer, échanger, inventer. Expériences de réseaux, Actes de H2PTM'07. Paris: Hermès Science / Lavoisier, 2007</s>
    <s>Book chapters</s>
    <s>Démocratiser la recherche en ligne? De la critique à une conception orientée société. In: Grivel, Luc (ed.): La recherche d'information en contexte. Paris: Hermès Science / Lavoisier, 2011</s>
    <s>Democratizing Search? From Critique to Society-oriented Design. In: Becker, Konrad / Stalder, Felix (eds.): Deep Search. The Politics of Search beyond Google. StudienVerlag / Transaction Publishers, 2009, pp.133-151 [PDF]</s>
    <s>Rieder, Bernhard / Schäfer, Mirko T.: Beyond Engineering: Software Design as Bridge over the Culture/Technology Dichotomy. In: Vermaas, Pieter E. / Kroes, Peter / Light, Andrew / Moore, Steven A. (Ed.): Philosophy and Design. From Engineering to Architecture. Dortrecht: Springer, 2008, pp.159-172 [PDF/TXT]</s>
    <s>Articles in scientific journals</s>
    <s>Pratiques informationnelles et analyse des traces numériques : de la représentation à l'intervention. Etudes de communication, No. 35, 2010 [CAIRN]</s>
    <s>De la communauté à l'écume : quels concepts de sociabilité pour le « web social » ? tic&amp;soci;été , Vol. 4, No. 1, 2010 [HTML] [PDF]</s>
    <s>Networked Control. Search Engines and the Symmetry of Confidence. International Review of Information Ethics, Vol. 3, No. 1, 2005 [PDF]</s>
    <s>Algorithmische Mediatoren. Software-Agenten als Gegenstand der Medienwissenschaften. Medienjournal Vol. 28, No. 1, 2004 p.36-46</s>
    <s>Invited Speaker</s>
    <s>81,498 words: the book as data object. &quot;The Unbound Book&quot; Conference, Mai 20, Den Haag, Netherlands</s>
    <s>Institutionalizing without Institutions? Self-Organization, Hierarchy and Power on the Web. International Research Seminary &quot;IG3T - Internet Governance : Transparency, Trust and Tools&quot;, June 12, 2009, Ecole des Mines, Paris [PPT]</s>
    <s>Democratizing Search. Concepts and Challenges. Deep Search Conference. World Information Insitute, Vienna, November 2008 [PPT] [Video]</s>
    <s>Entre marché et communauté : une discussion de la culture participative à l'exemple de Google Maps. &quot;Ludovia 2008 : Do it yourself 2.0. Ax-les-Thermes&quot;, Août 2008 Actes pp. 282-292 [PDF]</s>
    <s>Peer-reviewed conferences</s>
    <s>with Theo Röhle: Digital Methods: Five Challenges. &quot;The Computational Turn&quot; Conference, Swansea University, March 2010 [DOC]</s>
    <s>Zentralität und Sichtbarkeit. Mathematik als Hierarchisierungsinstrument am Beispiel der frühen Bibliometrie. &quot;Vor Google&quot; Konferenz, Universität Wien, Oktober 2008 [PPT]</s>
    <s>La question de la normativité des objets techniques comme passerelle entre 'information' et 'communication' en SIC. Congrès annuel de la SFSIC &quot;Les sciences de l'Information et de la Communication : affirmation et pluralité&quot;, Juin 2008 [PPT] [PDF]</s>
    <s>Of People and Algorithms: Web 2.0 and the Production of Visibility. Web 2.0 Politics Conference. Royal Halloway, University of London, April 2008</s>
    <s>Etudier les réseaux comme phénomènes hétérogènes : quelle place pour la 'nouvelle science des réseaux' en sciences humaines et sociales ? Journées d'étude : dynamiques de réseaux - information, complexité et non-linéarité. Université de Bordeaux, Décembre 2007 [PDF]</s>
    <s>Rethinking Structure and Causation in Network Theory. New Network Theory Conference, University of Amsterdam, June 2007</s>
    <s>Teilhaben am Objekt. Adaptierbarkeit als Knotenpunkt von Kultur und Technik. Kongress Kulturwissenschaftliche Technikforschung '07, Universität Hamburg, Juni 2007</s>
    <s>with Mirko Tobias Schäfer : Hybrid Foam. Social Structure before Network and Community. BSA Annual Conference 2007 : Social Connections: Identities, Relationships, Technologies. London, April 2007</s>
    <s>An Experimental Collaboration Tool for the Humanities: the Procspace System. COOP'06 - 7th International Conference on the Design of Cooperative systems. Provence, May 2006 Supplement to the Proceedings pp.123-130 [PDF]</s>
    <s>with Nasreddine Bouhaï : Towards New Practices of Education and E-learning on the Web. ICHSL.5 - Human System Learning: Who is in Control? Marrakesh, November 2005</s>
    <s>avec Michael Thévenet : Sphère publique et espaces procéduraux. Colloque enjeux et usages des T.I.C. - aspect sociaux et culturels. Université Michel de Montaigne Bordeaux 3, Séptembre 2005 Actes tome 2 pp.139-148 [HTML]</s>
    <s>with Nasreddine Bouhaï : A constructivist approach for training environments. World Conference on Educational Multimedia, Hypermedia and Telecommunications. Montréal, Canada, June 2005 Actes pp.3795-3799</s>
    <s>with Mirko Tobias Schäfer : Beyond Engineering. Software Design as Bridge over the Culture / Technology Dichotomy. SPT Conference : Technology and Designing. TU Delft, July 2005 [PDF]</s>
    <s>Das Bild als Maschineneffekt. überlegungen zu Visualisierung als hybrider Kulturtechnik. Bildtage Göttweig : Bildgedächtnis - Bildvergessen. Universität Krems, September 2004</s>
    <s>Processed Meaning. Perspectives on Semantic Computing in a Hybrid Culture. Ciberart Conference: Challenges for a ubiquitous identity. Bilbao, April 2004 [PDF]</s>
    <s>Agent Technology and the Delegation-Paradigm in a Networked Society. EMTEL New Media, Technology and Everyday Life in Europe Conference. London School of Economics, April 2003 [PDF]</s>
    <s>Für eine Philosophie der Interfaces oder: Philosophie als Schnittstelle. Kolloquium der Philosophischen Gesellschaft Bern: Philosophie und Kommunikation. Universität Bern, Juni 2000</s>
    <s>Other conferences, workshops, seminars, and journal articles</s>
    <s>Distance informationnelle et proximité algorithmique. Journée PraTIC, Ecole des Goebelins, Janvier 2011</s>
    <s>Digital Method and Epistemological Gesture. Digital Methods &amp; Migration Workshop, ParisTech, June 2010</s>
    <s>Outil, méthode, épistémologie. Séminaire Tic &amp; Migration, FMSH, Mai 2010</s>
    <s>Méthodes numériques pour l'exploration des réseaux : exemples pratiques et enjeux épistémologiques. Atelier Internet, ENS, Avril 2010</s>
    <s>La trace et l'algorithme. Réflexions sur l'épistmologie de la connaissance mécanique. Séminaire TRAMEDWEB, Université Avignon, Février 2010</s>
    <s>Débat sur les Bibliothèques numériques et moteurs de recherche : complémentarité et/ou concurrence ? Journée &quot;Numérisation du patrimoine des bibliothèques et moteurs de recherche&quot;, BNF, Janvier 2010</s>
    <s>Les API comme sources d'indicateurs : possibiliteés et limites. Séminaire &quot;Les données du Web : quelles opportunités pour la recherche en SHS ?&quot; Sciences-Po, Médialab, Octobre 2009 [PPT]</s>
    <s>API Culture. The Web as raw material. Workshop &quot;Of Everyday Life Practices in Infoware: creative usage of Web Service Applications&quot;. Université de Paris VIII, October 2008</s>
    <s>Membranes numériques : des réseaux aux écumes. Séminaire PHITECO : Tangible, Intangible, Contact, UTC Compiègne, Janvier 2008 [PDF], [PPT]</s>
    <s>Métatechnologies : le cas des systèmes collaboratifs à trés grand nombre. Séminaire ERSICOM-ELICO, Université Lyon III, Janvier 2007</s>
    <s>Metatechnologies. Towards a Technical Layering of Meaning? Doctoral Meeting: New Media and the Layering of Perception, Observation and Creation. Université de Paris VIII, May 2006</s>
    <s>Les réseaux sociotechniques et la question du pouvoir. Séminaire de la CIERA : Penser les réseaux. Moulin d'Andé, Séptembre 2005</s>
    <s>La logique de la délégation. Solutions et problèmes. JECSIC'05, ENS-LSH Lyon, Juilliet 2005</s>
    <s>La délégation comme principe de design : entre questions de réalisation et enjeux sociaux. Rencontre Chercheurs du CNAM, Décembre 2004</s>
    <s>Public sphere and procedural space. Elements for a holistic software design theory. Paris-Utrecht Minisymposium. Utrecht: Universiteit Utrecht, March 2004</s>
    <s>à propos de La Faute d'épiméthée, de Stiegler. boson2x.org, April 2003 [HTML]</s>
    <s>mit Frank Hartmann : Der Pirat des Wissens. Telepolis, März 2001. [HTML]</s>
    <s>mit Mirko Tobias Schäfer : Der 80er-Jahre-Kern der Sache. Sinn-Haft: Vol. 10, 6/2001</s>
    <s>Im Netz der offenen Quellen. Anmerkungen zur Open Source Debatte. FH Salzburg, März 1999</s>
    <s>- Master's thesis in Hypermedia, Paris 8 University (2003) :</s>
    <s>Dimensions culturelles et questions pratiques du traitement du savoir par les &quot;Agents Informationnels&quot; [PDF]</s>
    <s>- Master's thesis in communication, Vienna University (2002) :</s>
    <s>Medientechnologie und Bedeutungsproduktion. Der medientheoretische Ansatz McLuhans im Verhältnis zum französischen Poststrukturalismus. [PDF]</s>
    <s>rieder at uva dot nl</s>
    <s>Universiteit van Amsterdam</s>
    <s>Media Studies Department</s>
    <s>Turfdraagsterpad 9</s>
    <s>1012 XT Amsterdam</s>
    <s>The Netherlands</s>
    <s>The contents of this page are licensed</s>
    <s>under a Creative Commons License.</s>
  </text>
</page>
