<?xml version="1.0" encoding="UTF-8"?>
<!DOCTYPE page SYSTEM "page.dtd">
<page>
  <lang>fr</lang>
  <url>http://mythtv-fr.org/wiki/ateliers</url>
  <title>ateliers [Wiki - MythTV-fr]</title>
  <snippet>
    <s>17 sept. 2010 Ateliers. La communauté francophone des utilisateurs de MythTV organise Les actes de cette conférence sont disponibles sous la forme des </s>
  </snippet>
  <text>
    <s>Communauté francophone de MythTVCommunauté francophone de MythTV</s>
    <s>forums Wiki</s>
    <s>En savoir plus sur MythTV</s>
    <s>MythTV-fr, La communautée</s>
    <s>Les + du site</s>
    <s>La traduction</s>
    <s>Nos scripts</s>
    <s>Nos paquets (deb )</s>
    <s>MythTV pas à pas</s>
    <s>Quelques MythBox</s>
    <s>Le site</s>
    <s>Assistance MythTV</s>
    <s>Assistance matériel</s>
    <s>TV HD</s>
    <s>Discussions en tous genres</s>
    <s>Dernières discussions</s>
    <s>4 chatteurs connectés, les rejoindre</s>
    <s>Voir tous les projets</s>
    <s>Liste des membres</s>
    <s>Vous n'êtes pas identifié.</s>
    <s>Comment contribuer ?</s>
    <s>Dernières pages modifiées (fils RSS)</s>
    <s>Wiki - MythTV-fr</s>
    <s>Version imprimable Accueil wiki | MythTV pas à pas | Tutoriels | Documentation</s>
    <s>Piste: • ateliers</s>
    <s>Table des matières</s>
    <s>La Cantine (Paris) - 2010</s>
    <s>Support de présentation</s>
    <s>Enregistrement audio</s>
    <s>Enregistrement video</s>
    <s>Citée des Sciences (Paris) - 2008</s>
    <s>Compte rendu</s>
    <s>La communauté francophone des utilisateurs de MythTV organise ponctuellement des rencontres, permettant à ceux qui découvrent MythTV d'accroître leurs connaissances au contact de ceux qui en ont une plus longue expérience. Ces réunions peuvent prendre la forme de conférences ou d'ateliers. L'accès à leur compte-rendu est disponible ci-dessous.</s>
    <s>La Cantine (Paris) - 2010</s>
    <s>Une conférence s'est déroulée à La Cantine, à Paris, le samedi 11 septembre 2010, de 14h00 à 18h30. Elle a eu pour but d'apporter aux participants des explications détaillées sur MythTV, dans quatre domaines:</s>
    <s>Le balayage et la mémorisation des chaînes DVB-S et DVB-T</s>
    <s>L'installation sur le port série d'une télécommande infrarouge</s>
    <s>La mise en veille et le réveil de la mythbox</s>
    <s>La configuration des fonctions avancées</s>
    <s>Les actes de cette conférence sont disponibles sous la forme des documents suivants:</s>
    <s>Le support de présentation (46 transparents, 43 copies d'écran, 3 schémas)</s>
    <s>L'enregistrement audio de la conférence (environ 3h20mn), tel qu'il fut diffusé en temps réel sur l'Internet pendant la conférence</s>
    <s>L'enregistrement vidéo de la conférence</s>
    <s>Cette journée a été annoncée sur le forum : Conférence atelier MythTV - La Cantine (Paris) - samedi 11 sept. 2010.</s>
    <s>Support de présentation</s>
    <s>Le support de présentation peut être téléchargé au format PDF (mise en page originale) et au format ODP (modifiable):</s>
    <s>ODP PDF</s>
    <s>Mythtv-fr-2010-09-11 v1.1.odp</s>
    <s>Mythtv-fr-2010-09-11 v1.1.pdf</s>
    <s>Enregistrement audio</s>
    <s>L'enregistrement audio de la conférence est scindé en quatre parties; il peut-être écouté depuis cette page, ou téléchargé au format Vorbis OGA.</s>
    <s>Enregistrement video</s>
    <s>L'enregistrement vidéo sera rendu disponible prochainement, au format Theora OGV.</s>
    <s>Citée des Sciences (Paris) - 2008</s>
    <s>Une install-party MythTV s'est déroulée à la Cité des Sciences et de l'Industrie, à Paris, plus précisément dans l'espace appelé “Carrefour Numérique”, le samedi 19 avril 2008, de 12h00 à 18h00. Les participants venant avec leur matériel ont pu le brancher sur les arrivées d'antennes (terrestres et satellites) mises à leur disposition, et contourner les difficultés qu'ils avaient pu rencontrer pendant l'installation, avec l'aide des membres de notre communauté.</s>
    <s>Cette journée avait été annoncée entre autre sur le site mythtv.org : Install Party MythTV 2008-04-19.</s>
    <s>Compte rendu</s>
    <s>Cette journée a fait l'objet d'un compte-rendu sur le forum : Install-Party MythTV - 2008-04-19.</s>
    <s>C'est le début de l'après-midi. Sur la table, le numéro 16.04 de Wired confirme la date de la photo. Le livre de Stewart Smith et Michael Still, Practical MythTV: Building a PVR and Media Center PC, sera feuilleté par beaucoup; mais faire fonctionner MythTV, ça prend plus de temps… Au premier plan, sur l'Asus Pundit, MythTV a été installé grâce à Knoppmyth. On trouve aussi plusieurs Macbooks dans la salle.</s>
    <s>Sur chaque table, des moniteurs video équipés d'entrées composite et DVI, permettent de simuler un téléviseur. Des arrivées antenne satellite et TNT sont disponibles en câble coaxial. Ceux qui ont amené leur PC n'ont plus qu'à brancher. Merci à Thomas Sechet d'avoir câblé l'Atelier Numérique pour l'événement.</s>
    <s>Ookaze se plie en quatre pour renseigner les participants. L'homme qui compile sa distribution de A à Z connaît aussi MythTV sur le bout des doigts. Les visiteurs ne le savent pas tous, mais c'est de l'expert en barre qu'ils ont à côté d'eux.</s>
    <s>Comme dans toute install-party , les groupes s'organisent spontanément. En arrière plan sur l'écran, le canal IRC knoppmyth est partagé avec tous. SnouF nous y rejoint bientôt.</s>
    <s>Visio-conférence avec Cecil Watson, développeur de Knoppmyth, en haut à droite sur l'écran. Pour Cecil, depuis la Californie, il est 4h00 du matin. Cecil a aussi accepté de nous aider par IRC depuis 3h00 du matin. Un grand merci, CecilCecil nous parle en anglais, Golffies réalise la conférence avec lui en traduction simultanée. Ici, Ookaze prend le micro, et complète une explication. Skype et la présentation tournent sur Macbook.</s>
    <s>Ce compte-rendu ne restitue pas complètement le déroulement de l'install-party ; beaucoup d'autres choses se sont passées. Vos compléments sont bienvenus.</s>
    <s>Que les spectateurs d'aujourd'hui soient les installateurs de la prochaine install-party . Compte tenu de la complexité de MythTV, c'est un espoir ambitieux. Merci à tous, particulièrement à Emmanuel Seyman de Parinux. A gauche du cliché, on voit le serveur Oops de l'association, sur lequel seront gravés plusieurs CD de Knoppmyth pour les participants.</s>
    <s>ateliers.txtDernière modification: 2010/09/17 17:16 par SnouF</s>
    <s>Sauf mention contraire, le contenu de ce wiki est placé sous la licence suivante : CC Attribution-Noncommercial-Share Alike 3.0 Unported</s>
  </text>
</page>
