<?xml version="1.0" encoding="UTF-8"?>
<!DOCTYPE page SYSTEM "page.dtd">
<page>
  <lang>fr</lang>
  <url>http://confor.ca/video/speaker/45/5</url>
  <title>Vidéo des conférenciers : Conférencier Lorne Beaudet - Confor.ca</title>
  <snippet>
    <s>Retrouvez la lumière par le conférencier Lorne Beaudet - Conférencier Lorne Beaudet. Le conférencier Lorne Beaudet est l&#39;auteur de: Rendez-vous heureux </s>
  </snippet>
  <text>
    <s>A propos de nous</s>
    <s>Devenir conférencier</s>
    <s>Nos clients</s>
    <s>Bureau de conferenciers</s>
    <s>NOM D'UTILISATEUR</s>
    <s>MOT DE PASSE</s>
    <s>Se souvenir de moi Mot de passe oublie</s>
    <s>Vous etes ici : Accueil</s>
    <s>Souscrire au RSS</s>
    <s>Rêves d'amour (Les)</s>
    <s>Romantisme et sensualite dans les images de la nuit.</s>
    <s>Comment bien dormir</s>
    <s>Pour avoir un bon sommeil et diminuer l'insomnie. (DVD)</s>
    <s>Destination plaisir et mieux-être.</s>
    <s>Ce best-seller peut vous aider a atteindre un poids sante.</s>
    <s>Livre: Rendez-vous heureux</s>
    <s>Par Conférencier Lorne Beaudet dans : Lorne , Beaudet, , e-book, , heureux // 04-08-2010</s>
    <s>Lorne Beaudet est l'auteur de: Rendez-vous heureux (livre, e-book et livre audio). Lorne aborde, dans cette capsule, comment il a decide d'aider les gens. Lorne a passe </s>
    <s>Retrouvez la lumière par le conférencier Lorne Beaudet</s>
    <s>Par Conférencier Lorne Beaudet dans : livre, , ebook, , lumière, , lorne // 02-08-2010</s>
    <s>Le conferencier Lorne Beaudet est l'auteur de: Rendez-vous heureux (livre, e-book et livre audio). Lorne aborde dans cette capsule comment il a reussi a traverser des epreuves </s>
    <s>Lorne Beaudet - La santé avant la fin de vos jours</s>
    <s>Par Conférencier Lorne Beaudet dans : Lorne , Beaudet , santé , e-book // 05-08-2010</s>
    <s>Lorne Beaudet est l'auteur de: Rendez-vous heureux (livre, e-book et livre audio). Lorne explique dans cette capsule, que pour regler la maladie, il faut remonter a sa source, a </s>
    <s>Lorne Beaudet - Devenir un être meilleur</s>
    <s>Par Conférencier Lorne Beaudet dans : Lorne , Beaudet , épreuve , e-book // 06-08-2010</s>
    <s>Lorne Beaudet est l'auteur de: Rendez-vous heureux (livre, e-book et livre audio). Lorne explique dans cette capsule, pourquoi la vie nous amene </s>
    <s>Image corporative.</s>
    <s>Par Conférencier Lorne Beaudet dans : marketing , communication , image , webtv // 03-08-2010</s>
    <s>À titre de consultant en communication creative, d'homme d'affaires et auteur, Lorne Beaudet travaille beaucoup avec les petites entreprises et les consultants, il remarque </s>
    <s>Rechercher dans toutes les conferences</s>
    <s>Sens de la vie</s>
    <s>Peur en avion</s>
    <s>Santé globale</s>
    <s>Conférence motivation</s>
    <s>Voyage / aventure</s>
    <s>Juillet 2010 (16)</s>
    <s>Août 2010 (20)</s>
    <s>Septembre 2010 (2)</s>
    <s>Novembre 2010 (1)</s>
    <s>Conférencier Robert Piché</s>
    <s>Conférencier George Wright</s>
    <s>Conférencière Line Bolduc</s>
    <s>Conférencière Nicole Dumont</s>
    <s>Conférencier Jacques Martel</s>
    <s>Conférencière Nicole Cloutier</s>
    <s>Conférencière Diane Lépine</s>
    <s>Conférencière Nicole Gratton</s>
    <s>Conférencier Lorne Beaudet</s>
    <s>Conférencière Dr Nathalie Campeau</s>
    <s>Conférencier François-Guy Thivierge</s>
    <s>Frédérique Chatain</s>
    <s>Videos Populaires</s>
    <s>Turbulence selon le conférencier Robert Piché APERÇU</s>
    <s>Devenir commandant de bord selon le conférencier Robert Piché APERÇU</s>
    <s>Conférence sur la communication en milieu de travail APERÇU</s>
    <s>Peur en avion - Salut Bonjour APERÇU</s>
    <s>Différence entre un besoin et un désir selon le conférencier George Wright APERÇU</s>
    <s>Peur en avion - Psychologie de la peur selon le conférencier formateur George Wright APERÇU</s>
    <s>Le grand dictionnaire des malaises et des maladies. APERÇU</s>
    <s>Line Bolduc - Atteindre son poids santé et le conserver. APERÇU</s>
    <s>La relation en communication par le conférencier George Wright APERÇU</s>
    <s>Livre: Rendez-vous heureux APERÇU</s>
    <s>Dre Nathalie Campeau conférencière - L'énergie du coeur APERÇU</s>
    <s>Comportement humain dans la communication APERÇU</s>
    <s>Rire et plaisir au travail selon la conférencière Line Bolduc APERÇU</s>
    <s>Dépendance affective APERÇU</s>
    <s>Retrouvez la lumière par le conférencier Lorne Beaudet APERÇU</s>
    <s>Pouvoir de la pensée avec la conférencière Nicole Dumont APERÇU</s>
    <s>Videos reçentes</s>
    <s>Sabotage APERÇU</s>
    <s>L'Unique conférencier et motivateur François Guy Thivierge vous raconte ses Aventures Verticales APERÇU</s>
    <s>Peur en avion - Psychologie de la peur selon le conférencier formateur George Wright APERÇU</s>
    <s>Dre Nathalie Campeau conférencière - L'énergie du coeur APERÇU</s>
    <s>Cette semaine</s>
    <s>Ce mois-ci</s>
    <s>Bureau de conferenciers</s>
    <s>Service de Support Confor.tv</s>
    <s>Politique, sécurité et confidentialité</s>
    <s>Devenir conférencier</s>
    <s>Nos services</s>
    <s>Livre audio</s>
    <s>Conférence en ligne</s>
    <s>Selections video aleatoires</s>
    <s>A propos de nous</s>
    <s>(C) 2010 Confor.tv, .ca, .us | CONÇU ET DÉVELOPPÉ PAR : XemmeX</s>
  </text>
</page>
