<?xml version="1.0" encoding="UTF-8"?>
<!DOCTYPE page SYSTEM "page.dtd">
<page>
  <lang>fr</lang>
  <url>http://cat.inist.fr/%3FaModele%3DafficheN%26cpsidt%3D6515476</url>
  <title>Carrefour des sciences : L&#39;interdisciplinarité―Actes du colloque</title>
  <snippet>
    <s>Affiliation(s) du ou des auteurs / Author(s) Affiliation(s). Centre national de la recherche scientifique (CNRS). Comité scientifique, Paris, FRANCE </s>
  </snippet>
  <text>
    <s>Refdoc est un service / is powered by</s>
    <s>Decouvrir / DiscoverRefdoc</s>
    <s>EXPORT to Mendeley to EndNote</s>
    <s>INIST Diffusion</s>
    <s>2, Allee du Parc de Brabois</s>
    <s>F-54514 Vandoeuvre-les-Nancy</s>
    <s>Phone: +33 (0)3 83 50 46 64</s>
    <s>Fax: +33 (0)3 83 50 46 66</s>
    <s>Nous contacter</s>
    <s>Contact us</s>
    <s>Faire une nouvelle recherche</s>
    <s>Make a new search</s>
    <s>!Lancer la recherche</s>
    <s>Nous sommes desoles mais nous ne pouvons pas vous fournir la copie de ce document.We are sorry but we can not deliver the copy of this document.</s>
    <s>Titre du document / Document title</s>
    <s>Carrefour des sciences : L'interdisciplinarité―Actes du colloque</s>
    <s>Auteur(s) / Author(s)</s>
    <s>KOURILSKY F. (Auteur des parties liminaires) ;</s>
    <s>Affiliation(s) du ou des auteurs / Author(s) Affiliation(s)</s>
    <s>Centre national de la recherche scientifique (CNRS). Comité scientifique, Paris, FRANCE (Commanditaire)</s>
    <s>Résumé / Abstract</s>
    <s>Introduction par M. François Kourilsky. Conférences plénières : De l'Interdisciplinarité par Edgar Morin; Sciences en émergence : les sciences cognitives par Jean-Pierre Changeux; Développement scientifique et vie quotidienne : les variations climatiques par Jean Claude Duplessy; Développement scientifique et vie économique : l'exemple d'un grand programme aéronautique par Jacques Plenier; La matière molle par Pierre-Gilles de Gennes. Comptes rendus des ateliers : L'homme et son environnement par Louis Thaler; L'évaluation interdisciplinaire et sa gestion par Michel Callon; Génie des procédés par Jacques Villermeaux; Mobilité thématique et animation scientifique par Françoise Heritier-Auge; Matériaux par Joseph Baixeras; Sciences cognitives, Neurosciences communication par Gérard Vergnaud; Génie des protéines : Médicaments par Jean-Bernard le Pecq; L'ordre dans le désordre (le chaos) par David Ruelle; Alimentation et nutrition par Jean Girard; Organisation du travail et productique par Yves Lichtenberger; Coopération internationale : les grands programmes par Xavier le Pichon; Traitement de l'information par Jean-Pierre Verjus. Présentation du rapport de conjoncture du CNRS par Jean-Pierre Kahane. Débat animé par Robert Clarke. Synthèse du colloque par Jean-François Bach. Discours de clôture par Hubert Curien</s>
    <s>Source / Source</s>
    <s>Carrefour des sciences : L'interdisciplinarité―Actes du colloque (12/02/1990)</s>
    <s>1990  Note(s) :  [269 p.]</s>
    <s>Langue / Language</s>
    <s>Editeur / Publisher</s>
    <s>CNRS, Paris, FRANCE  (1990) (Monographie)</s>
    <s>Mots-clés anglais / English Keywords</s>
    <s>Economic Development</s>
    <s>International Cooperation</s>
    <s>Centre national de la recherche scientifique (CNRS)</s>
    <s>Mots-clés français / French Keywords</s>
    <s>Développement économique</s>
    <s>Coopération internationale</s>
    <s>Centre national de la recherche scientifique (CNRS)</s>
    <s>Nº notice refdoc (ud2m) : 6515476</s>
    <s>Faire une nouvelle recherche</s>
    <s>Make a new search</s>
    <s>!Lancer la recherche</s>
  </text>
</page>
