<?xml version="1.0" encoding="UTF-8"?>
<!DOCTYPE page SYSTEM "page.dtd">
<page>
  <lang>fr</lang>
  <url>http://brome-missisquoi.ca/colloque-regional-sur-les-saines-habitudes-de-vie/</url>
  <title>Colloque régional sur les saines habitudes de vie | Brome-Missisquoi</title>
  <snippet>
    <s>28 sept. 2011 C&#39;est sous le thème « Des jeunes actifs pour des communautés en Suite à la conférence de Steve Charbonneau, athlète bien connu président de la Fondation Chagnon et administrateur de Québec en forme, a ensuite pris la parole pour sensibiliser les participants à l&#39;importance de bien soutenir nos </s>
  </snippet>
  <text>
    <s>Brome-Missisquoi mclaude@mrcbm.qc.ca</s>
    <s>A propos</s>
    <s>Pour nous joindre</s>
    <s>mrc Nouvelles</s>
    <s>28/09/11 | Catégorie(s): Infolettre-Une, mrc</s>
    <s>Colloque régional sur les saines habitudes de vie</s>
    <s>Agissons ensemble pour des jeunes en mouvement et des communautés en santé</s>
    <s>C’est sous le thème « Des jeunes actifs pour des communautés en santé » que plusieurs représentants et élus de la MRC Brome-Missisquoi, de la Commission scolaire du Val-des-Cerfs, du CSSS La Pommeraie, de la Corporation du développement communautaire de Brome-Missisquoi et de Québec en forme, s’unissaient aujourd’hui pour la tenue d’un colloque sur les saines habitudes de vie.</s>
    <s>L’objectif de la journée était d’obtenir l’engagement de toute la communauté à promouvoir et favoriser les saines habitudes de vie chez les jeunes et les familles et aussi d’entamer la réflexion sur  les grandes orientations du prochain plan triennal de Jeunes en mouvement Brome-Missisquoi. Les décideurs présents au colloque considèrent comme très important le fait de se rencontrer afin de discuter de l’influence qu’ils peuvent avoir sur les environnements des jeunes et de l’impact que cela peut avoir sur les choix de ces derniers.</s>
    <s>L’avant-midi présentait plusieurs conférences et discours. Suite à la conférence de Steve Charbonneau, athlète bien connu originaire de Cowansville, sur l’état de la situation au niveau des saines habitudes de vie chez nos jeunes, le publiciste Richard Leclerc a fait réagir les intervenants en présentant des publicités « pomme dorée et pomme gâtée ». Monsieur Claude Chagnon, président de la Fondation Chagnon et administrateur de Québec en forme, a ensuite pris la parole pour sensibiliser les participants à l’importance de bien soutenir nos jeunes. Les décideurs locaux ont la responsabilité, avec le soutien financier de Québec en Forme, de mettre en place les conditions pour que les jeunes soient plus actifs et plus conscients des enjeux des saines habitudes de vie, selon lui.</s>
    <s>En après-midi, tous les participants ont participé à des ateliers permettant de trouver des stratégies afin de promouvoir et de favoriser les saines habitudes de vie des jeunes de la MRC et ensuite de trouver un slogan pour Jeunes en mouvement Brome-Missisquoi.</s>
    <s>À la fin de la journée, les quatre grands partenaires (MRC, CSSS, Commission scolaire et corporation de développement communautaire) ont signé un engagement commun afin de définir les priorités et les stratégies, promouvoir les saines habitudes de vie, développer l’offre, collaborer avec les comités locaux et adapter leurs projets et processus.</s>
    <s>La promotion des saines habitudes de vie chez nos jeunes est d’une importance cruciale puisque l’obésité a plus que doublé en 25 ans chez les jeunes canadiens de 0-12 ans.  La tenue de ce colloque démontre la volonté de la région de faire de la santé chez les jeunes une priorité.</s>
    <s>Pour des informations sur le projet Jeunes en mouvement Brome-Missisquoi, visitez le http://www.mrcbm.qc.ca/fr/sante jeunes.php ou communiquez avec Catherine Lizotte, coordonnatrice, au 450-266-4900 poste 442 ou par courriel au clizotte@mrcbm.qc.ca.</s>
    <s>!Share to Facebook</s>
    <s>!Share to Twitter</s>
    <s>Une réponse à Colloque régional sur les saines habitudes de vie</s>
    <s>1.Cynthia Langevin dit :</s>
    <s>octobre 4, 2011 à 8:27</s>
    <s>Quelle merveilleuse implication des décideurs présents lors de la journée. Bravo !</s>
    <s>Laisser un commentaire Annuler la réponse.</s>
    <s>Votre adresse de messagerie ne sera pas publiée. Les champs obligatoires sont indiqués avec *</s>
    <s>Nom *</s>
    <s>Adresse de contact *</s>
    <s>Site web</s>
    <s>Vous pouvez utiliser ces balises et attributs HTML : `&lt;a href=&quot;&quot; title=&quot;&quot;&gt; &lt;abbr title=&quot;&quot;&gt; &lt;acronym title=&quot;&quot;&gt; &lt;b&gt; &lt;blockquote cite=&quot;&quot;&gt; &lt;cite&gt; &lt;code&gt; &lt;del datetime=&quot;&quot;&gt; &lt;em&gt; &lt;i&gt; &lt;q cite=&quot;&quot;&gt; &lt;strike&gt; &lt;strong&gt; `</s>
    <s>En vidéo</s>
    <s>plus de vidéos »</s>
    <s>En photo</s>
    <s>plus de photos »</s>
    <s>Twitter @regionbm</s>
    <s>Autres nouvelles</s>
    <s>Semaine québécoise de réduction des déchets - Réduire c'est agir !</s>
    <s>Quoi faire de vos feuilles mortes ?</s>
    <s>Internet haute vitesse : nouvelle étude et outil de recherche pour les citoyens</s>
    <s>Pacte rural: 464 420 $ à partager</s>
    <s>Appel de propositions - Internet haute-vitesse</s>
    <s>L'aéroport de Bromont veut offrir des vols de passagers</s>
    <s>La Marche du temps - Participantes et participants recherchés</s>
    <s>Cet été, pensez vert et herbicyclez !</s>
    <s>Arbustes cherchent riverains</s>
    <s>plus de nouvelles »</s>
    <s>CLD - Services aux entreprises</s>
    <s>À propos</s>
    <s>Région innovatrice</s>
    <s>Appui financier</s>
    <s>MRC - Services aux citoyens</s>
    <s>La MRC</s>
    <s>La région</s>
    <s>Découvrez la région</s>
    <s>Forfaits et promotions</s>
    <s>Pour nous joindre</s>
    <s>Adresse : 749, rue PrincipaleCowansville (Québec) J2K 1J8</s>
    <s>Téléphone : 450 266-4900Télécopieur : 450 266-6141Courriel (général) : administration@mrcbm.qc.ca</s>
    <s>Si vous désirez obtenir certaines informations en anglais, veuillez s.v.p. visiter nos sites web ou encore contactez-nous par courriel.</s>
    <s>*HTML: HyperText Markup Language</s>
  </text>
</page>
