<?xml version="1.0" encoding="UTF-8"?>
<!DOCTYPE page SYSTEM "page.dtd">
<page>
  <lang>fr</lang>
  <url>http://lsiit-cnrs.unistra.fr/bfo-fr/index.php/Aline_Deruyver</url>
  <title>Aline Deruyver - Bioinformatique théorique, Fouille de données et ...</title>
  <snippet>
    <s>Maître de Conférences HDR dans l&#39;équipe FDBT du Laboratoire des Sciences Relecteur au workshop du comité technique &quot;Graph Based Representation For </s>
  </snippet>
  <text>
    <s>Aline Deruyver</s>
    <s>De Bioinformatique théorique, Fouille de données et Optimisation stochastique.</s>
    <s>Aller à : Navigation, rechercher</s>
    <s>Maître de Conférences HDR dans l'équipe FDBT du Laboratoire des Sciences de l'Image, de l'Informatique et de la Télédétection de l'Université Louis Pasteur. Pour voir mon CV complet cliquez ici.</s>
    <s>Membre du Comité Technique TC15 d'IAPR: représentation des images par les graphes. Relecteur au workshop du comité technique &quot;Graph Based Representation For Pattern Recognition&quot;</s>
    <s>Membre du GDR ISIS</s>
    <s>Collaboration avec le laboratoire GREYC,UMR 6072 (ENSICAEN).</s>
    <s>Collaboration avec l'INSA de Lyon et le laboratoire LIRIS, UMR CNRS 5205.</s>
    <s>Collaboration avec le LIVE (Laboratoire Image et Ville Environnement) de Strasbourg.</s>
    <s>1 Recherche</s>
    <s>2 Projets en cours</s>
    <s>3 Enseignement</s>
    <s>4 Thèses soutenues</s>
    <s>5 Thèses en cours</s>
    <s>6 Liens personnels</s>
    <s>7 Publications depuis 1997</s>
    <s>8 Contact</s>
    <s>Mes centres d'intérêt concernent les problèmes de segmentation et d'interprétation d'images.</s>
    <s>Je travaille notamment sur la possibilité d’intégrer à la fois une approche syntaxique et une approche sémantique dans un processus de segmentation automatique. L'approche utilisée pour effectuer cette intégration exploite les potentialités offertes par les représentations utilisant le formalisme des graphes. La méthode repose sur le contrôle de la pertinence d’un critère de fusion utilisé dans une pyramide adaptative en mettant en correspondance la segmentation obtenue avec un graphe sémantique décrivant les objets recherchés. Cette mise en correspondance est réalisée par vérification de la consistance d’arc d’un graphe sémantique défini a priori avec deux niveaux de contrainte.</s>
    <s>Dans ce but j'étudie comment il est possible de ramener le problème de la mise en correspondance multivalente d’un graphe d’adjacence (représentant une segmentation) avec un graphe sémantique (décrivant ce que l’on cherche à reconnaître) à un problème de satisfaction de contraintes. Ainsi, j'ai été amenée à définir la notion de problème de satisfaction de contraintes à deux niveaux de contrainte ainsi que la notion de consistance d’arc à deux niveaux de contraintes. Cela conduit à étudier comment décrire des contraintes spatiales complexes, de les associer aux arcs et aux nœuds du graphe sémantique et de les exploiter dans l’algorithme de vérification de la consistance d’arc.</s>
    <s>Enfin j'étudie comment cette approche peut-être appliquée à l'analyse d'images anatomique cérébrale (IRM et IRMf), ainsi qu'à la fouille de données dans des bases de données d'images. Des résultats très encourageants viennent d'être obtenus dans le domaine des images de télédétection à haute résolution, notamment pour extraire automatiquement des zones de lotissement.</s>
    <s>Image anatomique cérébrale segmentation interprétée</s>
    <s>Mots Clés : interprétation d'images, segmentation hiérarchique, problèmes de satisfaction de contraintes appliqués à l'image, graphes sémantiques (ontologie)</s>
    <s>Projets en cours</s>
    <s>Interprétation d'images IRM 3D</s>
    <s>Parallélisation de l'algorithme de mise en correspondance de graphes pour l'interprétation d'images</s>
    <s>Extraction de structures complexes dans les images de télédétection à haute résolution et analyse des relations spatiales</s>
    <s>Implication dans le projet AMOEBA avec l'équipe AVR (Christophe Doignon).</s>
    <s>Implication dans le projet EASEA CLOUD avec Pierre Collet.</s>
    <s>Formations : DUT d'informatique et Licence professionnelle, IUT Robert Schuman , Master Imagerie Biologique, Master linguistique, Licence Math-Info.</s>
    <s>Matières Enseignées:</s>
    <s>Techniques de Programmation , Programmation en C/C++ et en Java,</s>
    <s>Programmation fonctionnelle (OCAML),</s>
    <s>Technologie XML/XSLT,</s>
    <s>Architecture des ordinateurs,</s>
    <s>Synthèse et traitement d'images,</s>
    <s>Algèbre linéaire appliquée,</s>
    <s>Systèmes d'exploitation.</s>
    <s>Cours sur la représentation des images par les graphes: cours master</s>
    <s>Thèses soutenues</s>
    <s>Nom du diplômé : Eric Laemmer</s>
    <s>Diplôme : Doctorat d’informatique (Université Louis Pasteur)</s>
    <s>Titre du travail : Analyse automatique d’images de fluorescence de pommes : détection des défauts d’aspect par mise en œuvre de techniques morphologiques basées sur la méthode de calcul de lignes de partage des eaux.</s>
    <s>Date début : 1er octobre 1999 Date fin (soutenance) : 12 septembre 2003 % d’encadrement : 100%</s>
    <s>Nom du diplômé : Murielle Torregrossa</s>
    <s>Diplôme : Doctorat d’informatique (Université Louis Pasteur)</s>
    <s>Titre du travail : Reconstruction d’images en tomographie optique.</s>
    <s>Date début : 1er octobre 2000 Date fin (soutenance) : 2 juillet 2003 % d’encadrement : 50%</s>
    <s>Noms et % des co-directeurs : Patrick Poulet (Institut de Physique Biologique, CNRS Strasbourg) 50%</s>
    <s>Thèses en cours</s>
    <s>Matthieu Hermann: thèse débutée en Décembre 2010: Modèles de compilation globale objet contraints aux problématiques des systèmes embarqués.</s>
    <s>Aymen Sellaouti: thèse en co-tutelle avec la Tunisie débutée en septembre 2010: Extraction d'objets complexes dans les images de télédétection à haute résolution.</s>
    <s>Liens personnels</s>
    <s>TC15 IAPR Graph Based representation for pattern recognition</s>
    <s>Publications depuis 1997</s>
    <s>Accès direct serveur de bibliographie du LSIIT (liste + format bibtex)</s>
    <s>A. Deruyver, Y. Hodé, J.-M. Jolion, &quot;Graph consistency checking: A tool to check the semantic consistency of a segmentation&quot;, International Journal of Semantic Computing, Vol. 5, Num. 2 (2011) 179-210, doi:10.1142/S1793351X11001213</s>
    <s>A. Deruyver, Y. Hodé, L. Brun, &quot;Image Interpretation with a conceptual graph: labeling over-segmented images and detection of unexpected objects&quot;, Artificial Intelligence 173 (septembre 2009) 1245–1265.</s>
    <s>A. Deruyver, H. Hodé, Qualitative Spatial Relationships for Image Interpretation by using a conceptual Graph, Image and Vision Computing 27 (2009) 876–886.</s>
    <s>A. Golanski, J.P. Stoquert, F. Piazza, P. Kern, E. Laemmer, A. Deruyver, F.S. Schulze, L. McDonnell,Hypersonic shock waves and hybridization of a-C:H thin films, Journal of Applied Physics, Mai 2003, Vol. 93, n°10, pp5911-5919.</s>
    <s>A. Deruyver, Y.Hodé, Constraint satisfaction problem with bilevel constraint : application to interpretation of over segmented images. Artificial Intelligence 93 (1-2), Avril 1997, pp321-335.</s>
    <s>A. Deruyver, Y. Hodé, Semantic Graphs and Arc Consistency Checking: The Renewal of an Old Approach for Information Extraction from Images, à paraître dans les actes de KDIR 2011 – International Conference on Knowledge Discovery and Information Retrieval (fait partie de 3rd International Joint Conference on Knowledge Discovery, Knowledge Engineering and Knowledge Management),édité par Ana Fred et Joaquim Filipe, SciTePress, Paris, France; 26-29 October, 2011.</s>
    <s>A. Deruyver, Y. Hodé, Hypergraphes et système de relations spatiales complexes pour l'interprétation des images: Intégration dans un algorithme de vérification de la consistance d'arc à deux niveaux de contraintes, Journée Signal et Graphes à Telecom ParisTech, GDR ISIS, 17 juin 2011.</s>
    <s>A. Deruyver, Y. Hodé, &quot;Arc-consistency checking with bilevel constraints: an optimization&quot;, dans les actes du GbRPR 2009, 26-28 mai 2009, Venise, Italie.</s>
    <s>A. Deruyver, Y.Hodé, &quot;Un Système de Relations Spatiales pour l’Interprétation d’Images: Intégration dans un Graphe Conceptuel, actes du RFIA 2008, janvier 2008, Amiens, France.</s>
    <s>A. Deruyver, Y. Hodé, Qualitative Spatial Relationships for Image Interpretation by using Semantic Graph, dans les actes de GBR 2007, Alicante, Espagne, F. Escolano and M. Vento (Eds.): GbRPR 2007, LNCS 4538, Edition Springer Verlag, pp. 240–250, juin 2007.</s>
    <s>A. Deruyver, Y. Hodé, A. Bertaux, Graph Consistency Checking for Automatic Image Segmentation Driven by Knowledge, dans les actes de International Conference On Human Machine Interaction (HUMAN07), Timimoun Algeria, pp 246-251, mars 2007.</s>
    <s>A. Deruyver, Y. Hodé, Introducing complex spatial relationships in semantic graph for image interpretation dans les actes du workshop ECOI: Extraction de Connaissance et Images, EGC'07, Namur, Belgique, pp 75-84, janvier 2007.</s>
    <s>A. Deruyver, Y. Hodé, J.M. Jolion, Pyramide Adaptative et Graphe sémantique : Un processus de segmentation dirigé par la connaissance, dans les actes de RFIA 2006, 25-27 Janvier 2006, Tours, France</s>
    <s>A. Deruyver, Y. Hodé, E. Laemmer, J-M. Jolion, &quot;Adaptive pyramid and semantic graph: knowledge driven segmentation&quot; GbR 2005, 11-13 avril 2005, Poitiers, France, dans Lecture note in Computer science, Springer Verlag, Editeurs: Luc Brun, Mario Vento, Vol. 3434, pp 213-223.</s>
    <s>A. Deruyver, Y. Hodé, &quot;localisation sub-pixel automatique de centroïdes de spots lumineux&quot;, Actes du CNRIUT 2005, 26-27 mai 2005, Rouen, pp 231-238</s>
    <s>A. Deruyver, Y.Hodé, E. Laemmer, Pyramide adaptative et graphe sémantique: segmentation dirigée par la connaissance, Actes du CNRIUT 2004, 6-7 mai 2004, Nice, pp31-38.</s>
    <s>A. Golanski, F. Piazza, P. Kern, E. Laemmer, A. Deruyver, G. Relihan, S. Schulze and L. McDonnell , Impact of Energy Density and Stress Fields on the Nucleation Dynamics of Plasma Deposited (a-C:H) Films,, IBMM, 13th International Conference on Ion Beam Modification of Materials, Kobe, Japan, 2002</s>
    <s>E. Laemmer, A. Deruyver, M. Sowinska, Lignes de Partage des Eaux et Pyramide Adaptative pour Déterminer l'Etat de Maturité des Pommes,, CNRIUT, Colloque National de la Recherche Universitaire dans les IUT, Le Creusot, France, 2002, , Tome 1, pp 197-202 (ISBN 2-9509506-2-0)</s>
    <s>E.Laemmer, A.Deruyver, M. Sowinska, Spot Detection using an Adaptive Pyramid Algorithm : Application to Apple’s Maturity State, 25th International Congress on High-Speed Photography and Photonics, Beaune, France, 2002</s>
    <s>E. Laemmer, A. Deruyver, M. Sowinska, Watershed and Adaptive Pyramid for Determining the Apple’s Maturity State, Actes de IEEE International Conference on Image Processing, Rochester, NY, USA, Septembre 2002, Edition IEEE Computer Society, Vol I, pp 789-792. (ISBN 0-7803-7623-4)</s>
    <s>M. Torregrossa, C.V. Zint, A. Deruyver, P. Poulet, Effet du maillage sur la reconstruction d'images obtenues par tomographie optique, Quatrième Colloque Diagnostic et Imagerie Optiques en Médecine, Paris, France, 2002.</s>
    <s>M. Torregrossa, C.V. Zint, A. Deruyver, P. Poulet, Tomographie optique par temps de vol: 2. Simulations et reconstruction des images, Journées de Recherche en Imagerie Médicale, Marseille, France, 2001.</s>
    <s>C.V. Zint, F. Gao, M. Torregrossa, A. Deruyver, P. Poulet, Near infrared optical tomography of scattering cylindrical phantoms using time resolved detection, BIOS 2001, San José, USA, 2001.</s>
    <s>P. Poulet, C.V. Zint, M. Torregrossa, W. Uhring, A. Deruyver, B. Cunin, D. Grucker, La tomographie optique: une nouvelle modalité d'imagerie médicale, Congrès général de la Société Française de Physique, Strasbourg, France, 2001.</s>
    <s>A. Deruyver, Y. Hodé, recherche de solutions par satisfaction de contraintes dans des ensembles finis d’hypothèses : puissance de l’approche par satisfaction de contraintes locales, Actes du CNRIUT 2001 Publications de l’université de Saint-Etienne, Roanne 13-15 juin 2001 Tome2 pp71-80 (ISBN 2-86272-220-0)</s>
    <s>A. Deruyver, Y. Hodé ,Image interpretation with a semantic graph: labeling over-segmented images and detection of unexpected objects, Actes du 3ième IAPR TC15 Workshop on Graph-Based Representations in Pattern Recognition, Ischia, Italy, 23-25 Mai 2001, Edition Cuen, pp137-148.(ISBN 887146 579-2)</s>
    <s>E. Laemmer, A. Deruyver, L’algorithme de ligne de partage des eaux et la construction pyramidale de graphes d’adjacence pour la détection de tâches de conservabilité sur des pommes. Actes du XVIII ième colloque national de la commission d’imagerie rapide et photonique. (17-18 mai 2000, DGA-centre technique d’Arccueil) pp. 43-49.</s>
    <s>A. Deruyver, Y. Hodé, S. Gaillard, L’Analyse fractale : un outil pour la caractérisation de morphologie des cellules, Actes du CNRIUT 2000 : Recherche et Innovation, Presse universitaire d’Orléans, (14-16 juin 2000, Bourges) Tome 1, pp. 381-393 (ISBN 2-913454-06-2).</s>
    <s>A. Deruyver, Y. Hodé, Image Interpretation with a semantic graph: labeling over-segmented images and detection of unexpected objects, actes de Aerosense 99 (SPIE) session: Applications and Science of computational intelligence II (3722) pp. 424-432</s>
    <s>A. Deruyver, Y. Hodé, A Probabilistic model based on separating bipoints to segment multi-thresholdable images, actes de Aerosense99 (SPIE) session : Visual Information processing VIII (3716)pp. 177-184</s>
    <s>A. Deruyver, Y. Hodé, Un modèle probabiliste basé sur les bipoints séparateurs pour segmenter des images multi-seuillables, Actes du CNRIUT99: Science et Technologie, regards croisés, (2-4 juin 1999, Aix en Provence) pp. 131-144 (ISBN 2-7384-7367-9)</s>
    <s>J.-G. Pailloncy, A. Deruyver, J.-M. Jolion, From pixels to predicates revisited in the graphs framework, à paraître dans les actes de GBR99, 2nd workshop on Graph Based Representation, (10-12 mai 1999, Château de Haindorf, Autriche)</s>
    <s>M. Sowinska, B. Cunin, A. Deruyver, F. Heisel, J.A. Miehé, G. Langsdorf, H. Lichtenthaler, Near-field measurements of vegetation by laser induced fluorescence imaging. Actes de EUROPTO Conference on Remote Sensing for earth science applications, (septembre 1999, Florence, Italie) SPIE Vol. 3868, pp. 120-131.</s>
    <s>Dr. Aline Deruyver</s>
    <s>LSIIT - UMR7005</s>
    <s>Pôle API</s>
    <s>Bd Sébastien Brant - BP 10413</s>
    <s>67412 Illkirch cedex</s>
    <s>Tel : +33 (0)3 90.24.45.80</s>
    <s>Fax : +33 (0)3 90.24.44.45</s>
    <s>courriel : aline@eavr.u-strasbg.fr,</s>
    <s>Récupérée de « http://newlsiit.u-strasbg.fr/bfo fr/index.php/Aline Deruyver »</s>
    <s>Bioinformatique théorique, Fouille de données et Optimisation stochastique</s>
    <s>L'équipe BFO</s>
    <s>Informations Pratiques</s>
    <s>SONIC (Stochastic Optimisation and Nature Inspired Computing)</s>
    <s>Fouille de données</s>
    <s>Bioinformatique théorique</s>
    <s>Réalisations logicielles</s>
    <s>Outils personnels</s>
    <s>Boîte à outils</s>
    <s>Pages liées</s>
    <s>Suivi des pages liées</s>
    <s>Pages spéciales</s>
    <s>Version imprimable</s>
    <s>Adresse de cette version</s>
    <s>Dernière modification de cette page le 13 octobre 2011 à 20:25.</s>
    <s>Cette page a été consultée 2 808 fois.</s>
    <s>Politique de confidentialité</s>
    <s>À propos de Bioinformatique théorique, Fouille de données et Optimisation stochastique</s>
  </text>
</page>
