<?xml version="1.0" encoding="UTF-8"?>
<!DOCTYPE page SYSTEM "page.dtd">
<page>
  <lang>fr</lang>
  <url>http://mariobruneau.com/accordeur/</url>
  <title>Mario Bruneau est accordeur de piano et conférencier de l ...</title>
  <snippet>
    <s>Je me sert de ma Conférence MultiMédia de l&#39;Accordéon pour illustrer mon En attendant que je publie mon tutoriel complet sur l&#39;accordage de piano avec </s>
  </snippet>
  <text>
    <s>Mario Bruneau</s>
    <s>Soyons heureux, nous avons la musique!</s>
    <s>!Mario Bruneau et la musique</s>
    <s>À Propos</s>
    <s>Mentions Légales</s>
    <s>Le ptit Musette</s>
    <s>Pianos Vente</s>
    <s>Partout au Québec !</s>
    <s>(819) 769-1407</s>
    <s>Pour la promotion de l’harmonie dans l’univers…</s>
    <s>faites accorder votre piano!</s>
    <s>!Clé d'accordage, ruban de tempérament et diapason</s>
    <s>Au début de l'accordage, on utilise une bande de feutre (rouge) pour faire le tempérament </s>
    <s>Ne faites pas accorder votre piano parce qu’il est faux,</s>
    <s>faites-le accorder pour qu’il reste juste!</s>
    <s>Au cours de mes 35 années de carrière comme accordeur technicien de piano, j’ai eu l’occasion d’écrire quelques articles pour différents journaux et revues. Vous les retrouverez sur cette page entremêlés de quelques réflexions et nouvelles.</s>
    <s>INTRODUCTION AU PIANO</s>
    <s>Le piano est le roi des instruments de musique.  Inventé en 1709 par l’Italien Bartolomeo Cristofori (1655-1731), c’était le premier instrument à clavier possédant la capacité de jouer avec des nuances dynamiques d’où son nom pianoforte (piano = doux,  forte = fort).</s>
    <s>Alors instrument délicat, il passa par plusieurs améliorations pour devenir l’instrument riche et puissant que l’on connaît aujourd’hui.  Le perfectionnement de son mécanisme qui passa de simple échappement à double échappement, l’augmentation de la tension des cordes grâce à l’ajout du cadre en fonte, le croisement des cordes pour permettre un maximum de longueur de corde sans augmenter la dimension totale de l’instrument ne sont que quelques exemples de son évolution.</s>
    <s>La complexité de sa construction, la science impliqué dans sa facture et le délicat équilibre entre les forces qui contribuent à sa sonorité ne sont pas étranger à l’intimidation qu’il inspire aux pianistes.  À la fois respecté par ces derniers, il reste néanmoins l’instrument le moins connu de ses interprètes d’où les nombreux mythes entourant sa construction.</s>
    <s>Le consommateur désireux d’acquérir un piano n’a d’autres choix que de faire confiance au « vendeur » puisque l’opinion d’un pianiste ou du « professeur » sera forcément subjective.  L’ami pianiste sera cependant très utile pour juger de la sonorité d’un instrument quand on ne peux en jouer soi-même.</s>
    <s>Après la maison et la voiture, le piano est le troisième achat d’importance encouru par une famille.  Il est donc important de bien le choisir.  Il sera alors un investissement. Dû à sa longévité, c’est un patrimoine familial légué de générations en générations.  Les petits enfants de vos enfants en profiteront encore.  La famille entière peut toujours compter sur ce généreux instrument pour animer les fêtes, les occasions spéciales ou pour ensoleiller le quotidien.</s>
    <s>En effet, contrairement aux instruments où le musicien doit d’abord apprendre à produire un son convenable avant d’interpréter une pièce de musique, le piano sonne toujours bien, quelques soient les notes choisies, puisque c’est au technicien-accordeur qu’incombe la tâche de bien le faire sonner.  L’apprentissage et le contact de votre enfant avec la musique est ainsi rendu plus facile.</s>
    <s>Les enfants ont une capacité auditive de beaucoup supérieure à celle de l’adulte.  Ils sont très sensibles à la sonorité d’un instrument.  Leur offrir un mauvais piano ne fera que décourager un musicien en herbe.</s>
    <s>Un bon piano trouvera toujours sa place dans la maison.  Même si personne de la famille n’en joue, il sera apprécié à l’occasion de la visite d’un oncle ou d’une amie concertiste et c’est là que vous vous féliciterez de votre achat.</s>
    <s>Le piano est un des plus beaux patrimoines familiaux.</s>
    <s>Il suit votre famille sur plusieurs générations.</s>
    <s>Prenez le temps de bien le choisir, vous serez récompensé.</s>
    <s>Mario Bruneau</s>
    <s>© Copyright – 1997 – Tous droits réservés</s>
    <s>Cours d’accordage et réparation de pianos et d’accordéons disponibles.</s>
    <s>Ces cours sont dispensés sous la forme de séances par blocs de 3 heures données dans mon studio et atelier du Grand Frisson de Stanstead, Québec. Je me sert de ma Conférence MultiMédia de l’Accordéon pour illustrer mon enseignement et donner à l’étudiant une connaissance globale, générale et complète sur tous les aspects de l’accordéon ou du piano mais surtout, la matière théorique utile à l’accordage et l’étudiant repart avec un matériel didactique pour ses références futures et l’approfondissement de ses connaissances. L’étudiant peut à sa guise et à son rythme revenir autant de fois qu’il juge nécessaire. La matière à couvrir est très vaste et l’étudiant peut approfondir ses connaissances en revenant après 6 mois ou un an. Ces « conférences » en privé sont aussi disponibles pour des groupes de 6 (max) à mon atelier. Le Coût est de $150/3heures pour une seule personne et $50 pour chaque personnes additionnelles jusqu’à un maximum de 6 personnes ($400 total) Pour programmer votre séance de cours privée ou pour une représentation « publique » de La Conférence MultiMédia de l’Accordéon, veuillez SVP me contacter.</s>
    <s>Appelez-moi au : (819) 769-1407 ou contactez-moi par courriel</s>
    <s>!Comment Accorder Son Piano</s>
    <s>Apprenez Comment Accorder Votre Piano en Toute Sécurité</s>
    <s>Suite aux nombreux courriels me demandant des conseils sur comment accorder soi-même son piano sans le casser, j'ai décidé de créer un site complet sur le sujet. HowToTunePianos.com adoptera une approche de vulgarisation sans compromettre la justesse de la matière enseignée. La matière sera divisée en plusieurs niveaux en commençant par « Tout ce qu'un pianiste doit savoir sur son piano pour en tirer le maximum des ses possibilités » jusqu'à l'accordeur-technicien avancé et en passant par le pianiste qui veut entretenir son piano entre les visites de l'accordeur professionnel.</s>
    <s>!Le livre Piano Tuning de J. Cree Fischer</s>
    <s>Pour ceux d'entre vous qui lisez l'anglais.</s>
    <s>En attendant que je publie mon tutoriel complet sur l'accordage de piano avec eBook et vidéos, vous pouvez vous procurer ce livre sur comment accorder soi-même son piano que j'ai compilé d'une édition périmée et que j'ai mise à niveau aux standards de 2011.</s>
    <s>Pour seulement 5€  ($7) vous aurez un bon départ et aurez de quoi vous occuper pour quelques semaines. Vous saurez alors si vous pouvez accorder vous-même votre piano.</s>
    <s>J'ai amélioré les illustrations avec un logiciel de traitement de l'image et ajouté quelques unes de mes propres illustrations.</s>
    <s>Ce livre a été complètement re-formaté pour en faciliter sa lecture.</s>
    <s>PS j'offre une garantie de remboursement à 100% si vous n'êtes pas satisfait de votre achat !</s>
    <s>Téléchargement Instantané</s>
    <s>Où j’ai commencé à apprendre mon métier</s>
    <s>Mon métier, c’est en partie à Montréal Piano de la rue Rachel à Montréal que je le dois.</s>
    <s>Je remercie M. Louis Lovsin et son fils pour leur patience à répondre à mes</s>
    <s>questions tout au long de ces années. Je vous invite à visiter leur site Internet et aussi à visiter leur atelier au 61 rue Rachel O. à Montréal.</s>
    <s>Article No.1</s>
    <s>Quand doit-on faire accorder son piano?</s>
    <s>Un piano accordé est tellement plus agréable à jouer et encore plus à écouter.</s>
    <s>En effet, dans leurs efforts à créer un instrument au son le plus riche qui soit, les facteurs d’instruments de musique conçoivent et dessinent leur instrument en fonction qu’il soit joué au diapason.</s>
    <s>Le piano n’échappe pas à cette règle et il a été conçu pour donner le maximum de sa richesse sonore quand il est au diapason.  Le diapason est la référence par laquelle tous les instruments s’accordent pour pouvoir jouer ensemble en harmonie.</s>
    <s>Pour pouvoir jouer à l’unisson, tous les instruments d’aujourd’hui sont accordés au diapason c’est-à-dire au LA 440Hz (Hz = Hertz, vibrations à la seconde).  Pour maintenir votre piano au diapason et pour votre confort personnel, vous devez voir à ce que le taux d’humidité de votre maison se situe toujours entre 35% et 60%.</s>
    <s>En hiver, l’obligation de chauffer fait descendre dangereusement le taux d’humidité de nos maisons. En perdant son humidité le bois se rétrécit, donc les 5 centimètres d’épaisseur totale que représentent le chevalet et la table d’harmonie diminuent en volume abaissant ainsi la tension des cordes. Le piano descend.</s>
    <s>À l’inverse, les taux d’humidité de 90 à 100% rencontrés l’été, font augmenter l’épaisseur du chevalet et de la table d’harmonie en volume ayant pour effet de monter la tension des cordes. Le piano monte.   Eh oui!  Votre piano monte tout seul vers la fin de l’été, exactement comme si un accordeur l’avait accordé en augmentant la tension des cordes.</s>
    <s>Parce qu’il descend plus qu’il ne remonte, le piano doit être accordé tous les ans.</s>
    <s>Après deux ans et plus sans qu’il n’ait été  accordé, le piano a besoin de deux accordages pour le remettre au diapason.  C’est pour cette raison qu’au Québec, on ne peut « sauter » une année sans faire accorder son piano pour économiser puisqu’on devra de toute façon payer pour deux accordages l’année suivante.</s>
    <s>Notez aussi que vous ne gaspillerez jamais un accordage en pensant que vous auriez pu attendre.  Votre piano se nourrit de chacun des accordages qu’il reçoit.  Plus vous le faites accorder, mieux il sonnera, plus stable sera son accord et plus vous l’apprécierez parce qu’il sera à son maximum.  Je pourrais même aller jusqu’à le comparer avec votre automobile.  Vous ne songeriez jamais à sauter un changement d’huile ou une mise au point n’est-ce pas?</s>
    <s>J’habite depuis peu à Magog près de Sherbrooke mais je retourne régulièrement à Montréal pour honorer mes clients réguliers donc n’hésitez pas à m’appeler même si vous êtes de la région Montréalaise.  Bien sûr, je couvre facilement toute la région des Cantons de L’Est.</s>
    <s>Mon tarif est de $120 pour un accordage régulier.  Donc, suivant le texte qui précède, si votre piano n’a pas été accordé depuis quelques années, il y a de forte chance qu’il ait besoins de deux accordages donc, $120 X 2 = $240.  Ces tarifs ne couvrent pas les réparations mécaniques ou autres ajustements mécaniques.</s>
    <s>Mario Bruneau</s>
    <s>© Copyright – 1997 – Tous droits réservés</s>
    <s>Article No.2</s>
    <s>Les effets du temps sur votre piano</s>
    <s>Cet article a paru dans le journal LE TOUR (Sutton-Dunham-Frelighsburg) Hiver 2005</s>
    <s>Inventé en 1726 par l’Italien Bartoloméo Cristofori, le piano était le premier instrument à clavier possédant la capacité de jouer avec des nuances dynamiques d’où son nom « pianoforte » (piano = doux, forte = fort) Alors instrument délicat, il passa par plusieurs améliorations pour devenir l’instrument riche et puissant que l’on connaît aujourd’hui. La complexité de sa construction, la science impliquée dans sa facture et le délicat équilibre entre les forces qui contribuent à sa sonorité ne sont pas étranger à l’intimidation qu’il inspire aux pianistes. À la fois respecté par ces derniers, il reste néanmoins l’instrument le moins connu de ses interprètes d’où les nombreux mythes entourant sa construction.</s>
    <s>!Mon Blüthner circa 1893</s>
    <s>Mon Blüthner circa 1893 à Dunham</s>
    <s>Il est reconnu qu’un piano doit être accordé une fois par année mais les effets du temps sur l’accordage demandent quelques explications, simplifiées ici pour cet article.</s>
    <s>La corde en métal source sonore du piano, ne déplace pas assez d’air pour produire un son perceptible par notre oreille et demande une surface vibratoire pour l’amplifier. La corde transmet donc sa vibration à une table d’harmonie en épinette d’un centimètre d’épaisseur via un chevalet d’érable de quatre centimètres d’épaisseur. Avec sa surface de près de deux mètres carrés, la table d’harmonie est le haut-parleur du piano.</s>
    <s>Chaque corde a une tension de 175 livres et le piano en compte 235 pour une tension totale de 20 tonnes. Le pianoforte de Cristofori se serait littéralement replié sur lui-même. C’est le cadre en fonte qui supporte cette tension et c’est précisément cette tension qui est altéré par le temps.</s>
    <s>Pour pouvoir jouer à l’unisson, tous les instruments d’aujourd’hui sont accordés au diapason c’est-à-dire au LA 440Hz (Hz = Hertz, vibrations à la seconde). Le taux idéal d’humidité pour conserver un piano au diapason se situe entre 35% et 60% mais nos hivers nous obligent à chauffer l’intérieur de nos maisons ce qui contribue à en diminuer son taux d’humidité.</s>
    <s>En perdant son humidité le bois se rétrécit, donc les 5 centimètres d’épaisseur totale que représentent le chevalet et la table d’harmonie diminuent en volume abaissant ainsi la tension des cordes. Le piano descend.</s>
    <s>À l’inverse, les taux d’humidité de 90 à 100% rencontrés l’été, font augmenter l’épaisseur du chevalet et de la table d’harmonie en volume ayant pour effet de monter la tension des cordes. Le piano monte. Parce qu’il descend plus qu’il ne remonte, le piano doit être accordé tous les ans.</s>
    <s>Après deux ans et plus sans qu’il ne soit accordé, le piano a besoin de deux accordages pour le remettre au diapason. Contrairement à la croyance populaire, un piano aussi bas qu’un demi-ton peut être remit au diapason avec seulement deux accordages et le délai de 24 heures entre les deux n’est pas nécessaire.</s>
    <s>Il faut alors considérer les 20 tonnes de tension et comprendre que les premières cordes dont on a augmenté la tension seront de plus en plus lâches à mesure que l’on augmente la tension des autres cordes puisque chacune des cordes agit comme un serre joint.</s>
    <s>Pour compenser cet effet de serre joint, le premier accordage sera fait plus haut que le LA 440 en commençant par les basses à 442Hz puis la région du milieu à 443Hz en progressant graduellement vers les hautes jusqu’à 445Hz. Après ce premier accordage, le piano est à 440Hz sur toute sa tessiture mais n’est pas encore parfaitement juste. C’est seulement après le deuxième accordage exécuté de la même façon qu’un accordage régulier que votre piano sera parfait puisque la tension de 20 tonnes ne sera pas altérée.</s>
    <s>Votre piano est disponible beau temps, mauvais temps et même durant une panne d’électricité.  S’il est bien accordé et entretenu, il en sortira toujours une belle musique.  Prenez donc le temps d’en profiter.</s>
    <s>Mario Bruneau,  pianiste – accordeur-technicien  (819) 769-1407</s>
    <s>Visitez le site officiel   Les Pianos Mario Bruneau</s>
    <s>© Copyright – 1997 – Tous droits réservés</s>
    <s>Laissez un commentaire :</s>
    <s>Laissez un commentaire et continuez la discussion ici (pas de suivi courriel SVP)</s>
    <s>Nom (requis)</s>
    <s>Courriel (ne sera pas publie) (requis)</s>
    <s>Site web</s>
    <s>Prévenez-moi des réponses via courriel</s>
    <s>À Propos</s>
    <s>Mentions Légales</s>
    <s>mode de vie</s>
    <s>nos amis les animaux</s>
    <s>qualite de vie</s>
    <s>English version</s>
    <s>Paiements CD, etc.</s>
    <s>Mes Produits</s>
    <s>Achetez votre Calendrier 2011</s>
    <s>!Comment Accorder Son Piano Apprenez Comment Accorder Votre Piano</s>
    <s>La Suite Graphique</s>
    <s>Une collection d'outils pour creer facilement des graphiques de sites web sans connaitre PhotoShop Pour en savoir plus!</s>
    <s>Hélène Cardinal</s>
    <s>Autres Ressources</s>
    <s>!Piano Tuning book</s>
    <s>Avez-vous déjà pensé à accorder vous-même votre piano ?</s>
    <s>En attendant que je publie mon tutoriel complet sur l'accordage de piano avec eBook et vidéos, vous pouvez vous procurer ce livre (anglais) que j'ai compilé d'une édition périmée et que j'ai mise à niveau aux standards de 2011.</s>
    <s>Pour seulement 5€ ($7) vous aurez un bon départ et aurez de quoi vous occuper pour quelques semaines.</s>
    <s>J'ai amélioré les illustrations avec des logiciels de traitement de l'image et ajouté quelques unes de mes propres illustrations.</s>
    <s>Ce livre a été complètement re-formaté pour en faciliter sa lecture. Téléchargement immédiat</s>
    <s>Ce site est heberge par CITÉGLOBE © Copyright 1997 - 2011 Tous droits reserves</s>
    <s>Theme Wordpress de Red Evolution modifie par CyberSucces.com</s>
  </text>
</page>
