<?xml version="1.0" encoding="UTF-8"?>
<!DOCTYPE page SYSTEM "page.dtd">
<page>
  <lang>fr</lang>
  <url>http://rsmq.cam.org/smq/santementale/article.php3%3Fid_article%3D315</url>
  <title>Les enjeux de la ... - Revue Santé mentale au québec - Psychiatrie</title>
  <snippet>
    <s>Un événement social, ajoutait-il, un événement psychothérapeutique, s&#39;ils dans leur article particulièrement bien documenté sur les considérations éthiques de grand nombre de milieux de formation universitaire ont rejeté ou mis à l&#39;écart la .. ROY, D., 1992, L&#39;éthique au quotidien, vidéo d&#39;une conférence présentée à </s>
  </snippet>
  <text>
    <s>Soumission d'un article</s>
    <s>Pour nous joindre</s>
    <s>Rntes tions</s>
    <s>Volume 34 num 1</s>
    <s>Volume 33 num 2</s>
    <s>Volume 33 num 1</s>
    <s>Volume 32 num 2</s>
    <s>Volume 32 num 1</s>
    <s>Communications breves</s>
    <s>Évenements regionaux</s>
    <s>Tribune des lecteurs</s>
    <s>Ou va la psychiatrie ?</s>
    <s>Supprimer les voix ?</s>
    <s>L'EMDR ?</s>
    <s>La garde partag/a&gt;</s>
    <s>[Theses de doctorat</s>
    <s>Documents sonores</s>
    <s>Hors collection</s>
    <s>Documents gouvernementaux</s>
    <s>Sites d'intt</s>
    <s>Les enjeux de la psychiatrie actuelle et son avenir. Pour une psychiatrie clinique ique</s>
    <s>Danielle Bergeron*</s>
    <s>Dans ce dt sur l'avenir de la psychiatrie, il nous semble pertinent de reformuler la question en tenant compte du premier intssle patient, pour nous pencher sur le type de psychiatrie dont nos socis nord-amcaines ont besoin et nous demander quelle est la psychiatrie souhaitable pour nos concitoyens de nos jours ? Pour y parvenir, nous situerons ce qui nous apparae les grands enjeux de la pratique actuelle de la psychiatrie pour ensuite aborder les questions iques et conclure par la proposition d'une philosophie de soins adaptau contexte de ce dt de sie.</s>
    <s>La psychiatrie aprla dde du cerveau : ses enjeux</s>
    <s>Combien de fois des patients sont venus nous parler du questionnement torturu'avait provoqun eux telle ou telle ssion de t sur la schizophre o8217;nents spalistes, nous disaient-ils, avaient brandi la th gtique comme cause de leur maladie. En une heure ou moins, les paroles de psychiatres chercheurs, soutenues par des images anim et color de cerveaux dysfonctionnels ou dcients, venaient de les condamner 'attente passive du produit-miracle qui corrigerait le dut dans leur biologie tout en minant leur espoir d'en finir avec la souffrance, puisque c'est la prochaine gration qui, croyaient-ils, bficierait des duvertes enir.</s>
    <s>Face e tels nc rndions-nous os patients, nous n'allions pas les abandonner eur isolement, caldevant la tvision de leur lieu de vie, spr que « le » mcament ou l'intervention physique ide arrivent sur le marchbsp;La vie continuait et nous leur offrions de mettre tout en uvre pour qu'ils puissent, dmaintenant, minimiser les effets de leur maladie et artir d'une comprnsion de ses causes dans leur propre vie, changer le cours de leur histoire trop souvent tragique, par un remaniement du sens de celle-ci, une autre interprtion des nements. Nous allions les aider rganiser les modifications nssaires dans leur environnement socio-familial et dans leur vie personnelle pour qu'ils cessent de souffrir et retrouvent l'acca satisfaction dans la coexistence. Et, si le mcament tant attendu it duvert, alors nous serions les premiers es en informer. Mais d'ici lils ne se laisseraient pas rter de la vie sociale par les conjectures dtivantes d'experts promus par les mas et apparemment inconscients des consences de leurs darations sur l'avenir des personnes concern.</s>
    <s>Depuis cinquante ans notre psychiatrie promet des gusons miracles pour la prochaine gration. Et, il faut reconnae que jusqu'rnt, ce qu'offre la psychopharmacothpie n'est pas trenthousiasmant, du moins pour les psychotiques : « 10 0 % des patients ont peu ou pas de rnse a mcation antipsychotique et un autre 30 % des patients n'ont qu'une rnse partielle, c'est-ire qu'ils s'amorent mais continuent voir des hallucinations et des dres, de lrs res » (ma traduction), c'est ce qu'indique le supplnt 2004 au guide de pratique dans le traitement de la schizophre de l'Association amcaine de psychiatrie (Supplement to the American Journal of Psychiatry, 2004, 24). Ces statistiques ne font que confirmer ce que d'expence les psychotiques savent et qu'ils nous confient, pour peu qu'on s'intsse e qu'ils pensent et qu'on les laisse parler : l'antipsychotique n'a pas l'effet annoncil n'entame pas les fondements sur lesquels ils ont construit le sens original donn leur vie, il ne fait que calmer, diminuer l'ardeur avec laquelle les psychotiques s'appliquent affiner et olidifier les assises du sens. D'autres aussi, des dimpar exemple, distinguant subtilement leur « maladie bipolaire » de leurs probls psychiques, considnt que le cocktail mcamenteux rea stabiliseur t mais sans rer quoi que ce soit de toutes les questions qui depuis longtemps les tourmentent et continuent de paralyser leur vie quotidienne. Si on prend la peine d'uter et d'entendre ce qu'elles ont ire, ce sont les propres paroles des personnes touch par les maladies dites psychiatriques qui pointent l'inaptitude du mcament ndre aux interrogations profondes qui entretiennent leur souffrance et leur mal-e. Et pour cause : l'action du mcament sur les rpteurs cbraux n'a vraiment rien oir avec leur situation dans l'existence. Il faut e bien naet particuliment inculte pour croire autre chose.</s>
    <s>Alors que le milieu psychiatrique avait qualifies ann quatre-vingt-dix de « dde du cerveau », dans un mouvement de ruilibration du ret du travail du psychiatre 'ordu nouveau sie, l'Association des psychiatres amcains marquait le tournant en inscrivant son congr2001 sous le th de la « rencontre de l'esprit et du cerveau » (Mind Meets Brain). Et, bien que le porte-voix de l'approche biologique demeurait encore plus puissant que les voix des dnseurs des approches intatives ou psychodynamiques, parce que soutenu par la riche industrie pharmaceutique, on assistait e congrne volonte rationalisation des connaissances par l'intation des neurosciences et de la psychanalyse dans la psychiatrie.</s>
    <s>Kandel, prix Nobel de mcine et co-auteur du « textbook » Principles of Neural Science, faisait valoir dans sa confnce l'effet des psychothpies et de la parole, sur le fonctionnement du cerveau. « Vous sortirez de cette salle avec une « t » diffnte de celle que vous aviez quand vous s entret ce, sans aucun mcament », darait-il au dt de sa confnce. « Un nement social, ajoutait-il, un nement psychothpeutique, s'ils causent des changements durables dans le comportement des gens, c'est qu'ils sont capables de modifier l'expression des gs du cerveau jusqu'roduire des changements durables ». ce m congrSolms, psychanalyste et neurophysiologiste, faisait t d'une augmentation des terminaisons nerveuses au niveau synaptique sous l'effet d'une psychanalyse. Quant yman, il faisait valoir le rintateur du cerveau dans l'interrelation et l'interaction constantes entre environnement et bagage gtique.</s>
    <s>Plus rmment lors d'une revue magistrale en psychopharmacologie, Baldessarini, spaliste en pathophysiologie des drdres psychiatriques, rappelait que, contrairement e que certains psychiatres mal informaffirment, l'ologie des maladies mentales n'est pas encore expliqupar les thies biologiques : « j'attends toujours que les thies biologiques expliquent les donn pathophysiologiques », disait-il (Baldessarini, 2004). Cinglant, il rrait aux mcaments psychiatriques comme « du poison ats, avec des effets secondaires bfiques ». Tout en faisant valoir l'utilitu mcament en psychiatrie et les bienfaits qu'il apporte, ce professeur chevronnn reconnaissait les limites et recommandait aux cliniciens d'e sensibles au « pauvre patient que vous empoisonnez, pour maximiser les bfices et minimiser les inconvents ». Venant de lui, ce discours inhabituel lors d'une mise our de deux jours en a surpris plus d'un mais du coup, sa critique intelligente a apportu poids a rexion et a rendu plus crbles ses recommandations concernant la prescription du mcament en psychiatrie. Il dorait la vitesse avec laquelle un trop grand nombre de ses colles psychiatres expaient l'luation d'un dimar exemple, pour clore l'entretien aprquinze minutes sur une prescription d'antidesseur sans autre forme de suivi qu'un rendez-vous un mois plus tard. « Il y a autre chose que des pilules dans la vie », disait Baldessarini, pour inciter les participants onsidr ce que le patient avait ire sur le contexte d'apparition et de perpation de ses sympt. C'est ce que corroborent Wazana et Primeau dans leur article particuliment bien documentur les considtions iques de la relation du mcin avec l'industrie pharmaceutique : en mettant l'accent du dt sur « la meilleure pilule » rescrire et sur les diffnces entre les divers mcaments, leurs effets secondaires, leur coeur tolbilitle processus de dsion amenant le praticien tiliser des mcaments devient prminant dans sa pratique clinique et l'empe d'envisager les autres dimensions et vcules de changement (Wazana et Primeau, 2002, p. 650). Selon nous, en psychiatrie tout particuliment, c'est une telle pratique pie qui ouvre la voie au manque d'ique professionnelle.</s>
    <s>Zarifian, rthercheur en psychopharmacologie, publiait en 1994 un deuxi livre incisif et dngeant pour les milieux auxquels il appartenait et dont il se ramait jusque-lintitules paradis plein la t. Dans cet essai percutant et encore br d'actualitil interpelle la conscience sociale du mcin prescripteur de psychotropes rappelant « qu'il ne faut pas en attendre plus qu'ils peuvent donner » et que, bien que les psychotropes puissent les favoriser, ils ne remplacent ni l'ute, ni la relation, ni le travail psychologique, ni les mesures de rsertion sociale. (Zarifian, 1994, p. 99). Et ceci est juste aussi pour le psychotique, oins qu'un regard doctrinaire ou misant posur lui en fasse un citoyen de seconde zone, condamn une mort sociale lente, par extinction de son droit de parole et de l'expression de ses choix et de ses aspirations. Les guides de pratique amcains sont pourtant clairs : « En pratique, les psychiatres utilisent une combinaison ou une synth d'approches et de strates vari, dnies et adapt a condition particuli du patient, ses capacitd'adaptation, ses prrences » (c'est nous qui soulignons) (American Psychiatric Association, Compendium 2000, 346). Zarifian sollicite aussi l'ique du psychiatre en le mettant en garde contre l'idogie dominante actuelle qui risque de mettre « les cerveaux sous influence » et opsychiatrie, si l'on n'y est pas attentif, pourrait devenir « un instrument de contrsocial des individus ».</s>
    <s>Cela dit, alors que les vrais scientifiques s'accordent pour dire que le psychiatre doit tenir compte du bio-psycho-social, et pour cela, en toute logique, donner place a parole du sujet malade sur ses expences de vie, nous constatons que la venue des neurosciences a entra la pratique psychiatrique sur une pente biologique dominante qui non seulement menace la diversitssaire dans l'offre de traitement mais aussi, conditionne la perte du droit du patient n choix pour un traitement autre que mcamenteux ou autre que d'inspiration biologique 'image de l'expmentation animale. Et lavec Zarifian, nous posons la question ique : peut-on prndre pratiquer une mcine des probls mentaux en excluant de nos outils cliniques ce qui fait la particularite l'humain, son monde inteur, dont les sources et ramifications s'ndent bien au-dele « l'ici et maintenant » ?</s>
    <s>Alors qu'il se prnd a-thique, le DSM IV avec son arbre dsionnel qui systtiquement rapproche la psychiatrie de la mcine physique, est au fond basur l'exclusion de la subjectivitt de l'invention de Freud, l'inconscient. Et, avec ce manuel o8217;on retrouve un foisonnement de diagnostics que nous appellerons plutpar souci de prsion, des « syndromes cliniques », les psychiatres sont contraints d'aller au plus court. Depuis les dernis ann, nous assistons en quelque sorte a proliftion d'interventions rapides car l'accent est mis sur l'observation et non pas sur une comprnsion globale de la probltique du patient, ons une sorte de fast-food de la maladie mentale, celui-ci se voit proposer un assortiment de mcaments. Pour chaque symptprntqu'il rel du diagnostic principal ou d'un diagnostic secondaire, une mcation est prescrite, a pi. Et, dans les cas rstants, on potentialisera un mcament visant la rlution d'un symptpar un deuxi voire un troisi Les patients ainsi s'habituent aire reposer l'atteinte de leur bien-e sur une poly-pharmacie bien calculnbsp;: un antidesseur ou deux pour les sympt dessifs, un antipsychotique pour les traits narcissiques, un somnif pour l'insomnie initiale, un thymorlateur contre l'irritabilitun autre pour diminuer l'impulsivitet quoi encore ?</s>
    <s>Dans ce mouvement de « mcalisation de l'existentiel » dirait Zarifian (1994, 241) et de biologisation de la psychiatrie et pense-t-on faussement, de rationalisation des conos associations professionnelles confinent de plus en plus le psychiatre au rrestreint d'luateur ou de consultant auprdu mcin omnipraticien. Il perd progressivement son rde traitant, pour lequel bientl risque de ne plus avoir la formation nssaire d'ailleurs, compte tenu de l'appauvrissement actuel de la profession depuis qu'un trop grand nombre de milieux de formation universitaire ont rejetu mis 'rt la psychanalyse et les sciences humaines connexes comme moyens de comprension, sources de rexion et guides pour l'intervention thpeutique du psychiatre.</s>
    <s>Malgr'option rmment tentpour le retour du balancier vers l'ilibre, la psychiatrie nord-amcaine est traverspar un certain discours sur la mcation et les dquilibres neuro-physiologiques qui ignore la subjectivitn perpant l'illusion qu'on pourrait traiter le psychisme avec le biologique, sans que jamais n'ait bli de fa scientifique sinon convaincante le lien structural qui autorise une telle prntion. Le dogmatisme de certains tenants de la psychiatrie biologique onsidr les maladies mentales comme des maladies du cerveau est en fait ahurissant pour qui s'est tant soit peu penchur la prodigieuse complexite la nature humaine. L'avenir de la psychiatrie n'est snt pas dans le dstage des autres domaines de pensnbsp;: psychologie, mpsychologie - que sous-tend la psychanalyse -, philosophie, esthque, sociologie, mathtique, poe, sciences des religions, anthropologie, ethnologie, histoire et art, etc., qui ont contribu la richesse de cette spalitSinon, c'est la psychiatrie elle-m comme mcine de l'homme en tant qu'e pensant, qui risque l'extinction par asphyxie de ce qui lui insuffle son originalit/p&gt;</s>
    <s>Et si le psychiatre doit ouvrir l'espace thpeutique 'expression de la parole subjective de son patient, au moment de poser son acte thpeutique, le psychiatre ne devrait pas non plus oublier, comme le soutient Kandel, l'impact de la parole des autres sur le psychisme, la parole qui, l'nce si finement la psychanalyste Soler, a des effets d'humeur, fait destin : « Un mot, une phrase, un silence parfois, et nous voiln larmes, en rage, nneffrayravi, saisi d'angoisse Un mot vous bouleverse, un autre vous apaise, sans prsion possible. La parole est le virus qui toujours due la programmation » (Colette Soler, 2001, 41).</s>
    <s>En thpie analytique depuis peu, Mme H analyse son dernier r : « Seule, elle tente de remonter le courant dans un tuyau d'ut ocendent en flottant des cadavres d'hommes marquau crayon rouge. Avec le psychiatre psychothpeute, elle questionne : le TOC et le TAG dont elle souffre depuis trois ans, ses rituels obsessionnels et ses ts de panique angoisscontre lesquels elle se bat constamment viseraient-ils a distraire de ce qu'elle aurait autrement 'esprit : tous ces hommes morts par suicide dans sa famille rgie, les trois fois om a pensvorter pendant sa grossesse, l't d'anorexie grave des premiers mois de sa vie ? Ces nements sont peut-e beaucoup plus fondamentaux dans le dloppement et le maintien de ses sympt que, comme elle le croyait jusqu'ici, le dquilibre stoninergique auquel on a attribues troubles graves auparavant ? Elle a bien raison. Il y a trois ans, une parente a insistour lui parler de toutes ces trages, qu'elle ignorait. Apr sa vie a changCes paroles prononc par un personnage important dans sa vie ont eu un effet d'oracle, l'ont comme marquelle aussi « au fer rouge » de la mort, pour reprendre ses propos. Depuis, elle a l'ange impression que son cerveau a dogrammMaintenant elle doit aller ontre-courant pour s'accrocher a vie et surtout tenter d'oublier, mais elle n'y arrive pas Elle rise que si lorsqu'elle remarque un dut sur un objet, il lui faut out prix le rrer, sce tenante, c'est pour faire diversion, emper sa pensd'e envahie par son histoire personnelle et familiale tragique.</s>
    <s>Il paraici dent que ce n'est ni le mcament et encore moins la neurochirurgie sctive, comme le promeut tristement une certaine psychiatrie, qui pourraient annuler le contenu des paroles qui ont fait traumatisme en elle et sont venues rompre son ilibre prire ; au mieux, les mcaments la soulageront, forceront son sommeil et son repos, ce qui n'est d pas si mal, mais ils n'emperont pas les rs ontenu horrifiant de ramener sur la sc de sa vie quotidienne les sodes obscs de son histoire pass Son psychiatre traitant a bien vu en lui recommandant une thpie analytique : il ne sert ien de s'acharner enter de rer la phmlogie clinique avec la mcation ; le vtable probl qui la rend dysfonctionnelle est ailleurs. C'est le doiement de sa propre parole face au psychiatre clinicien, tin et guide, et le savoir acquis dans une drche analytique pour retrouver les traces inconscientes des traumatismes vs et repr les duts de son adaptation et de sa crivitsychique qui rendront possibles des changements dans sa vie, en quelque sorte une re-programmation naturelle, sans substance chimique, de ce qui a, comme elle le dit si bien, dogrammon « cerveau ». C'est d'une thpie analytique dont Mme H a besoin pour revisiter ce que les paroles intrusives sont venues iller en elle de conflits non r d'nements non assimil et qui pourtant, inscrits dans sa mire corporelle et inconsciente, ont agi en elle on insu en provoquant les dquilibres de neurotransmetteurs dont on lui a parlL'nement psychothpeutique dans lequel elle a 'impliquer personnellement l'aidera etrouver un fonctionnement sain et non seulement blir l'ilibre neurophysiologique qu'elle avait perdu, mais aussi tablir des « changements durables dans son comportement » dirait Kandel, et ses attitudes face a vie.</s>
    <s>Pour une ique clinique lucide : le nssaire questionnement des bases idogiques et politiques de l'blissement des « donn probantes et guides de pratique »</s>
    <s>« On peut m'enlever tous mes biens, personne ne m'empera de penser et de parler », dit monsieur N, un psychotique en fin de cure analytique. « Suite out le travail que j'ai fait en analyse, il y a des compromis que je ne peux pas faire. Je me connais maintenant. Il faut que je sois inte avec moi-m. J'ai planta vie comme un ch et je ne peux pas le laisser flir. Sinon, je s les graines de la souffrance enir J'ai trouv'harmonie entre mon corps, mon et mon esprit. Il n'y a plus de dirure. Je vais m'y tenir ».</s>
    <s>Quand le psychiatre est appel traiter des patients ayant des troubles graves comme madame H ou monsieur M, la question de l'ique dans sa pratique clinique se pose de fa particuliment aigut devient une prcupation quotidienne. Comment le psychiatre arrivera-t-il rotr la dignitu sujet, respecter son refus ique du compromis, tout en lui donnant les informations scientifiques nssaires pour que son choix de traitement soit airbsp;? En effet, au point os en sommes avec les neurosciences et la pharmacothpie, il est imptif, d'un point de vue ique, d'informer nos patients que le mcament qui leur est propos'a rien d'une panac qu'au-deles aspects curatifs ou, le plus souvent palliatif, il a des effets de drganisation physiologique ourt et long terme, et, en toute honntrofessionnelle, nous devons e pr nvisager avec lui des solutions alternatives ou complntaires qui, elles, soient rlement curatives. N'est-il pas horrifiant, ces ann-ci, d'entendre les rapports de recherche concernant les effets sur nos enfants et nos adolescents de l'administration de plus en plus large du ritalin et des antidesseurs ? Nos socis modernes sont-elles en train de perdre les moyens d'analyser et de rer socialement des probls de groupe, ou se laissent-elles influencer par le marketing de compagnies pharmaceutiques priv fond sur le profit ? Quoiqu'il en soit, c'est une partie de nos jeunes que nous sommes en train de sacrifier 'autel d'idogies passtes. Pour Jean Ayme, rtsychiatre frans, la psychiatrie actuelle est « une mcine du sujet menacpar l'engouement pour les neurosciences » (Jean Ayme, 2001). Alors, allons-nous bment, rire l'humain au rat du laboratoire et le traiter comme tel ?</s>
    <s>Si la psychiatrie occupe un champ d'intervention si difficile nir c'est qu'elle a pour objet la personne dans toute sa complexitEt, ce qui fait la complexite l'e humain qui s'adresse ous comme patient, c'est la tension constante et conflictuelle entre ses besoins et ses drs, sa pulsion et son intellect, l'individuel et le collectif, les exigences de la soci et les mouvements de son affectivitles contraintes de la parentalitt les satisfactions personnelles, les objectifs fix choix de vie et les accidents et imprs d'une vie qui obligent out repenser. Le psychiatre, s'il doit e bien au fait des avanc actuelles considbles des neurosciences doit aussi s'assurer que le traitement ne soit pas ramen une seule dimension de l'humain, le biologique, et, avec son patient, continuer de tenir compte des diffnts aspects de l'e humain et de leur conflictualit/p&gt;</s>
    <s>Ceci dit, nous considns qu'un psychiatre est au clair avec l'ique clinique s'il prend parti d'abord pour le sujet, celui qui pense et parle, qui a une conception de son intitt un droit a dignitce sujet que, par-dela phmlogie qui nivelle en regroupant les es par catries de sympt, il doit e prntendre, sans barris morales ou idogiques, pour duvrir les moyens thpeutiques les mieux adaptes propres projets de vie, dans les voies trac par son dr inconscient. C'est cela qui doit s'imposer comme crits pour les prises de dsions cliniques, plutue de banaliser le travail du psychiatre en le risant ratiquer une mcine d'organe odiagnostic posfface toute subjectivitNous disons oui aux neurosciences car le psychiatre doit savoir utiliser honnment les avanc de la science pour jouer son rd'intateur et assurer la cohnce du traitement. Mais nous refusons l'impalisme du biologique surtout lorsque l'on en connaet ouve dans notre pratique quotidienne l'empirisme ourte vue et les rltats pour le moins mitig</s>
    <s>En fait, l'idd'un drminisme gtique calquur le mod de l'animal de laboratoire et avec lequel le psychiatre moyen pourrait se rnforter face on impuissance oigner rlement ses patients, est invalidpar les grands scientifiques qui, s'ils observent des corrtions, se gardent bien d'en dire trop vite un processus de cause ffet. Dans son dialogue avec Kahn, en rnse ne question sur le drminisme comme outil d'anticipation du comportement humain, Jacquard rejette vivement l'idd'un drminisme humain ou d'une programmation de son avenir par les gs, autrement dit d'une « dictature des gs ». M dans l'univers, malgres lois d'une absolue rigueur comme celle de l'attraction universelle, il y a de l'imprsibilitdit Jacquard, dans le trajet ong terme de trois astres en interrelation comme le soleil, la lune et la terre, par exemple. Ainsi, chaque ann l'astrophysicien doit refaire ses calculs. Alors, chez l'humain oerviennent cent milliards de neurones, donc une quantithmle de ses causales, l'imprsibilitst immate. Et, Jacquard a une phrase percutante, toute 'honneur de l'esp humaine : l'humanit'est « la portion d'univers qui inventa que demain serait », qui a la capacite penser un « demain » qui n'est pas contenu dans le prnt, pas prbriquAlbert Jacquard et Axel Kahn, 2001, 105-108).</s>
    <s>Eccles quant ui identifie la penscomme l'nement mental qui dnit le point de rupture entre l'homme et l'animal et le savoir sur la mort comme son expression la plus spfique : « Un e qui sait qu'il va mourir un jour est n'ances qui ne le savaient point », statue-t-il. (John C. Eccles, 1994, 272). En effet, si le support anatomique qu'est le cerveau lui est bien scessaire et primordial, la caractstique de l'humain, ce n'est pas son cerveau, c'est d'abord sa penset sa conscience d'e mortel ; ce n'est pas le cerveau qui pense, comme le rappelle Marcel Conche, car « ce n'est pas lui qui peut dire qu'il pense » (Marcel Conche, 2004, p.83.) C'est ainsi que Eccles, avec la notion de conscience de la mort, compl l'iddu « demain » de Jacquard. Au cur de l'e humain, la conscience de la mort - cette mort incluse dans la pulsion de mort freudienne - est ce qui pousse oncevoir un demain, ller au-deles limites du perceptible, cr, explorer les profondeurs de l'univers, produire des uvres d'art, faire des mathtiques, anticiper des solutions nouvelles pour l'avenir, etc. Et puisqu'il est reconnu que « l'absence d'une condition pathologique dntrable anatomiquement distingue les maladies de l'esprit des maladies des autres domaines de la mcine » (Kandel, 2000, 1189) et que le rapport a mort de toute dence ne peut e rar le drminisme gtique, dans le pple hasardeux qu'est chaque vie humaine, la psychiatrie devrait e cette terre d'accueil pour le sujet aux prises avec l'effet en lui de ce savoir sur la mort. Quant 'ique du psychiatre, elle devrait reposer sur la mise en place des balises nssaires pour que le patient qui le consulte crses propres solutions, artir de sa souffrance et de son savoir sur l'incontrle dans sa vie, plutue de rire sa vie 'acceptation d'une limitation organique et irrdiable que causerait un cerveau dctueux ou dcient.</s>
    <s>Dans sa prce au livre d'Axel Kahn, Et l'homme dans tout nbsp;?, le philosophe Lucien S, blit que le sens fort de l'ique c'est « l'inconditionnel respect de l'humanitn tous les humains et en chacun » (2000, 13). cet rd, il nous semble que c'est ce respect inconditionnel de l'humain en chaque patient et ses consences dans la clinique qui faisaient dire os professeurs que la mcine it un art : puisque l'originalite chacun devant e prise en compte dans la clinique, tout acte mcal portait sa part de crion. De ce point de vue, la psychiatrie s'impose comme l'art mcal par excellence, le psychiatre ayant venter avec chacun de ses patients des solutions nouvelles face a rstance qu'apporte la singularitu sujet, l'impact de son esprit et de ses expences de vie, dans la pratique clinique. Les sciences biologiques et les neurosciences peuvent apporter beaucoup au mcin dans sa pratique clinique mais elles ne peuvent jamais e substitu a crivitropre on art. Le psychiatre reste un artisan de la mcine du fait m de son objet, l'esprit humain, et de son objectif de supporter cet esprit dans sa drche crive et ique.</s>
    <s>Si tenir compte de l'ensemble des aspects de l'e humain qui souffre s'applique 'ique du psychiatre dans sa pratique clinique, cela rejoint ce que conseille l'Association des psychiatres du Canada dans l'nce sa position de principe d'avril 2004 sur les psychothpies, en affirmant la contribution unique que les psychiatres peuvent faire quand ils sont capables « d'inter les approches psychologiques et les approches biologiques dans un plan de traitement » tout en rappelant la place centrale de la formation aux psychothpies dans la rdence en psychiatrie. Par la psychothpie « des changements (vont survenir) dans le processus de pens l'humeur, le comportement » et une « intation du passau prnt et au futur pourra s'effectuer » (Gary Chaimowitz, 2004, 1)</s>
    <s>Ceci est d'autant plus important lorsque le psychiatre doit traiter des personnes aux prises avec des maladies dstatrices comme la schizophre. Comme le constatent Abidi et Bhaskara dans une rnte revue de la littture, « les mcaments actuels sont encore sous-optimaux pour traiter efficacement cette maladie » (Abidi et Bhaskara, d 2004, 755). Les auteurs posent le dilemme du psychiatre qui, cherchant rocurer un traitement pharmacologique efficace tout en tant les effets neurologiques morbides des neuroleptiques typiques, risquent d'exposer ses patients « tant a morbiditu'a mortalitotentielle des atypiques » soit leurs effets indrables cardiovasculaires, endocriniens et mboliques - maladie cardiaque, diab, obt/p&gt;</s>
    <s>Dans un cadre oque la pharmacothpie a ffrir, que ce soit pour les psychotiques, les dimou les anxieux demeure, somme toute, limitt isque, c'est manquer d'ique que de faire croire aux personnes touch par des maladies graves qu'ils trouveront une solution eur malheur et eur souffrance dans la seule mcation.</s>
    <s>Et ceci nous am ituer la question des « donn probantes » et des « guides de pratiques » dans la perspective de l'ique clinique.</s>
    <s>Est-ce ique, nous demandons-nous, que des compagnies pharmaceutiques soutiennent financiment la rction et la publication des « guidelines », comme ce fut le cas pour les derniers guides de pratiques pour le traitement de la schizophre, publien 1998 par notre Association des psychiatres canadiens ? En deuxi page de couverture, otre grand nnement, nous pouvons lire : « The developpement, printing, and distribution of theses guidelines were supported through unrestricted educational grants from the following companies : Eli Lilly Canada Inc., Janssen-Ortho Inc., Novartis Canada Ltd., Pfizer Canada inc., Zeneca Pharma Inc.&quot; (Working Group for the Canadian Psychiatric Association and the Canadian Alliance for Research on Schizophrenia, November 1998, vol. 43). Quand on sait que cette m industrie pharmaceutique a attendu la mise en marches neuroleptiques atypiques pour faire connae rande elle aux psychiatres les effets nocifs des neuroleptiques classiques, nous ne pouvons qu'e scandalis D'autant plus qu'il est maintenant connu que l'industrie pharmaceutique ne publie que les des ltats positifs pour le produit qu'ils veulent mettre en marchBaldessarini, sept-oct 2004). Est-ce que ce sont les compagnies pharmaceutiques, dont les enjeux de marketing et les intts ltimes de profit n'ont rien oir avec l'objet de la clinique psychiatrique, qui soutiennent subrepticement et orchestrent en subliminal l'blissement des donn probantes et la dnition des meilleures pratiques ?</s>
    <s>« re en contact avec l'industrie pharmaceutique a un impact direct sur la pratique mcale », dit le Dr Wazana, « les des convergent toutes », conclut-il a suite d'une m-analyse (Ashley Wazana, 2004, 14). Alors, la question qui vient spontannt est la suivante : quelle a l'influence de la prise en charge financi des rcteurs des guides de pratique sur leurs recommandations et sur l'insistance mise dans ces guides sur l'usage des mcaments dans les diffntes pathologies ? Non, un cadeau n'est jamais seulement qu'un cadeau, avertit Wazana (2000). La recension rigoureuse qu'il a faite des recherches portant sur les rapports entre mcins et compagnies pharmaceutiques l'am ettre en dence le concept de « rprocitbsp;» utilisar l'industrie comme outil majeur de persuasion dans son interaction avec les mcins : comme tout autre individu, dle moment omcin ret un cadeau, quelle que soit sa valeur, une relation de dette psychologique s'amorce, une obligation morale de rendre ce qui a re Les des dntrent que la dette sera habituellement « remboursnbsp;» par un changement dans les opinions ou les habitudes de prescription du mcin : c'est la rprocitWazana et Primeau, 2002, 652).</s>
    <s>Outre notre rexion sur cette question pointue des donn probantes sur les meilleures pratiques qui doivent prder aux recommandations faites par les comitformpour blir les guides cliniques, l'de de Wazana nous fait aussi rir en tant que mcin-psychiatre dont les activitde formation continue sont soutenues par les compagnies pharmaceutiques : « Il est extrment dngeant pour nous d'admettre que notre jugement et notre intituissent e alts par un repas, des billets de spectacle ou un voyage. L'fice de notre cation mcale ne peut tout de m pas e si fragilePourtant si, il l'est » affirme-t-il (Wazana, 2004, 14). Et, l'auteur sugg de mettre en place les conditions qui assureront « qu'aucune interfnce ne s'interposera entre notre pratique et le bien-e de nos patients » (Wazana, 2004, 17). Il est rassurant que l'alerte sonnpar ce chercheur soit publidans le Bulletin de notre Corporation des mcins du Quc. Quand on travaille avec des mcaments qui, du fait de leur complexitt de leur niveau d'action, ont un effet sur tout l'organisme, de telles mises en garde sont extrment pertinentes et donnent la clairvoyance nssaire pour rsir ratiquer une psychiatrie qui ne laisse personne pour compte.</s>
    <s>Une philosophie de soins pour la psychiatrie des ann 2000</s>
    <s>La psychiatrie de nos jours lue dans un monde marquar un drdre global dont la matisation utrance ou carrnt barbare touche personnellement une population captive de l'information imposqui avalise des positions inacceptables : guerres d'idogies utilisant des armes sauvages, dstres logiques et humanitaires, dsions politiques oloi du plus fort prime sur le consensus des nations, fausses reprntations, solidaritbris par l'appdu gain, extions en direct Les probls psychiques qu'apportent nos patients portent l'inscription de cette mondialisation qui se dloppe de fa vertigineuse et le contenu de leurs difficulten revles couleurs. Dans ce cadre, la psychiatrie a la possibilite devenir le domaine opense l'intation des aspects multifactoriels des probls psychiques qui en sont l'expression.</s>
    <s>Nous n'en sommes plus a dichotomie suranndes ann soixante entre mcament et psychanalyse. Pourtant, nous trouvons encore des psychiatres biologistes qui, dans l'expectative de la disponibilite molles dont ils attendent la mise en marchvantent d les effets salvateurs de ces nouveaux produits chimiques sur le corps de leurs patients, en l'opposant ne thie psychanalytique erronet d de culpabilisation des parents, par exemple, sur une base quasi religieuse de faute accomplie dans leur comportement vis-is de leurs enfants. Pourtant, l'ique de la psychanalyse depuis Freud a toujours promu la responsabilite la personne elle-m, plus spfiquement du sujet de l'inconscient, en regard de ses choix, incluant l'enfant. Cette attaque de « la » psychanalyse semble avoir pour raison de cacher leur ignorance que du m souffle ils reconnaissent concernant les causes de la perturbation biochimique dont, ourte vue, ils prndent rer toutes les consences avec un mcament. Malheureusement, cette loi du moindre effort est le pain quotidien de nos socis nord-amcaines bien nanties, et une certaine psychiatrie n'en est pas exempte : plutue de s'intsser a globalite l'e en souffrance, le mcament administrupporte une attente passive tant du soignant que du soignpatient devient un d elever dont une polypharmacie calculpourrait vaincre la rstance ; et, il se trouve des patients qui, suivant cette voie de la facilitdu moins ourt terme, rament ce type de traitement. Et pourquoi pas ?</s>
    <s>Quand il s'agit de la dsion du patient, la psychiatrie dont nous faisons la promotion ici se fonde sur la reconnaissance et l'acceptation de la libre dsion de la personne en souffrance. Mais, l'ique du psychiatre des ann 2000 requiert qu'il donne toute l'information on patient concernant les choix de traitement qui s'offrent ui - analytiques, psychologiques, catifs, communautaires, biologiques, mcamenteux, spirituels - et pas seulement l'information qui supporte son idogie ou ses choix moraux qui, elle, risque trop d'e entachet pervertie par son histoire personnelle, ses ecs, ses peurs et angoisses, ses prg etc. Le mcin bioicien David Roy l'exprime simplement mais clairement : &quot;Nous cliniciens, chaussons nos patins et prenons nos rondelles, pour patiner ravers cette glace qu'est la vie de cette personne malade et marquer des buts. Mais, ce sont nos buts, pas les siens. Pourtant c'est sa vie, pas la n et les dsions que nous devons prendre doivent e guid par sa vie » (Roy, 1992).</s>
    <s>Le probl trop souvent rde dans le fait que le psychiatre, unilatlement, impose sa dnition du soin au patient. Pourtant, les tensions conflictuelles crs par la complexithez un e humain ne peuvent trouver de rnse que dans un traitement individualist personnalisPour le psychanalyste, chaque sujet est unique. Dans un traitement propos un patient en particulier, l'application d'une solution grale ou d'une solution qui ne prendrait pas en compte les aspects multiples de l'humain en face de lui, serait trompeuse. Nous considns qu'un vtable traitement psychiatrique, prend en considtion, en premier lieu, tout ce qui ne peut pas e rapidement objectivu livrpontannt et qui ne peut e verbalisans qu'une adresse au sujet ne soit faite sur ses direments, ses conflits, sa fa de penser, sa parole, son mode de nciation avec les autres, ses choix, ses conditions, autrement dit, un traitement psychiatrique commence par la prise en compte de la dynamique intrapsychique. Le psychiatre doit offrir on patient des modalitde traitement qui tiennent compte de la complexitu sujet humain et, conformnt a « vision du syst de santentale » du groupe de travail de l'Association des Psychiatres Amcains, un plan de soins appropriet personnalis axsur le patient et sa famille, ancrdans la communautfacilement accessibles, respectant la dignitu patient et son choix de mcin et d'organisme dans sa communaut(Gagnon, 2004, 5), dans un milieu qui, « tout en assurant la sritt un traitement efficace, soit le moins restrictif possible » (American Psychiatric Association, 2000, 306). Dans ce contexte, nous pourrons, ajouterais-je, « redonner a psychiatrie son sens initial de gardien de la santsychique et de refuge pour la parole excentrique marginaliset dvrer le « patient » de l'interdit de penser et de parler que l'approche biomcale et scientifique risque d'induire » (Bergeron, 2004, 47).</s>
    <s>Quc, l'expence du Centre psychanalytique de traitement pour jeunes adultes psychotiques, le 388, a donne coup d'envoi 'ouverture d'autres Centres de traitement dans la communautincluant tous une composante de traitement intensif sur place, 24h/24, alternatif 'hospitalisation. Regroupsous le vocable de Psychiatrie en ville, forts de leur expence de traitement en ville, les psychiatres de ces centres spalisdans le traitement dans la communautt quelques autres, supportent actuellement une proposition de Programme de traitement et de raptation dans la communautIls proposent de s'occuper, en ville, artir de leurs centres de traitement, de l'ensemble de la client de la ron de Quc souffrant de troubles mentaux graves, soit les personnes aux prises avec des probls qui nssitent un traitement ong terme et des services de raptation. En partenariat avec les diffnts acteurs sociaux en santentale - organismes communautaires d'aide au logement, au travail, au loisir, groupes d'entraide, services publics, centres de santmcins omnipraticiens, etc. -, dans une organisation de services int axsur l'information, l'ange, des ateliers de formation, la consultation, l'luation, la concertation clinique et le soutien aux proches, les psychiatres veulent cr un milieu de traitement qui accentue la qualitla continuitt la coordination des services, cherche des solutions dans le milieu de vie et surtout qui est fondur la primaute la personne dans toute sa complexitcomme l'nce la Politique gouvernementale de santentale de 1989 et le document d'orientation ministel de 1997.</s>
    <s>Au fond, pour dsser l'incommunicabilitue nos patients dorent et les aider e rticuler a vie sociale, les psychiatres de Psychiatrie en ville ont pris le parti d'inter de fa complntaire les diffntes approches, de renforcer la cohnce interne entre les ipes et de considr le choix du type de traitement comme un droit du patient en tant que citoyen. La psychiatrie a toujours un domaine clinique passionnant. Elle le demeurera et s'enrichira des duvertes scientifiques des neurosciences dans la mesure ox qui l'animent et font de cette discipline mcale un art maintiendront le cap sur sa raison d'e, la personne qui souffre dans sa totalitEt, nous conclurons avec cette rexion que nous a soufflle Film ortphilosophique « Matrix » : si c'est le code instinctif de l'animal qui garantit son ilibre neurophysiologique et prrve sa vie, chez l'Homme, l'organisme ne peut survivre sans l'esprit et sans l'impulsion du dr inconscient qui sous-tendent sa capacite choix.</s>
    <s>ABIDI, S., BHASKARA, S., 2003, From Chlorpromazine to Clozapine - Antipsychotic adverse effects and the clinician's dilemma, Review Paper, Canadian Journal of Psychiatry, 48, 749-755.</s>
    <s>AMERICAN PSYCHIATRIC ASSOCIATION, 1994 , Diagnostic and Statistical Manual of Mental Disorders, fourth edition (DSM IV), American Psychiatric Association, Washington.</s>
    <s>AMERICAN PSYCHIATRIC ASSOCIATION, 2000, Practice Guidelines for the Treatment of Psychiatric Disorders, Compendium 2000, American Psychiatric Association, USA.</s>
    <s>AMERICAN PSYCHIATRIC ASSOCIATION, 2000, Steering Committee on Practice Guidelines, Practice Guidelines for the Treatment of Psychiatric Disorders, Compendium 2000, American Psychiatric Association, Washington.</s>
    <s>AYME, J., 2001, « Psychiatrie », Encyclopedia Universalis, version 7, France.</s>
    <s>BALDESSARINI, R. J., 2004, Psychopharmacologie des troubles affectifs et psychotiques : mise our, Institut Philippe Pinel de Montr, 30 septembre et 1er octobre.</s>
    <s>BERGERON, D., 2004, Un parti pris pour la psychanalyse, Actes du colloque « Rencontre avec des pionnis en santentale, les 9 et 10 octobre 2003, tion conjointe de la T-universitt de la revue Santentale au Quc, novembre, 41-69.</s>
    <s>CHAIMOWITZ, G., 2004, Psychotherapy in Psychiatry, Position Paper de l'Association des psychiatres du Canada, (Standing Committee on Professional Standards and Practice), avril, www.Cpa-apc.org/ Publications/Position Paper/Psychotherapy2004.asp, 1-5). CONCHE, M., 2004, Qu'est-ce que l'homme ?, Le Nouvel Observateur, hors-se, La psychanalyse en proc octobre-novembre, 82-83.</s>
    <s>ECCLES, J. C., 1994, olution du cerveau et crion de la conscience, Champs, Flammarion.</s>
    <s>GAGNON, F., teur, 2004, « Sur le site web de l'APA »/« Vision du syst de santentale par le Groupe de travail de l'Association des psychiatres amcains », Bulletin de nouvelles, Filiale du Quc et des provinces de l'Est du canada de l'APA, 2004, 5.</s>
    <s>JACQUARD, A., KAHN, A., 2001, L'avenir n'est pas it, Bayard, Paris.</s>
    <s>KAHN, A., 2000, Et l'Homme dans tout nbsp;? Nil itions, Paris.</s>
    <s>KANDEL, E. R., SCHWARTZ, J. H., JESSEL, T. M., 2000, Principles of Neural Science, McGraw-Hill, Fourth Edition, USA</s>
    <s>ROY, D., 1992, L'ique au quotidien, vidd'une confnce prnt'Association des Centres de d'accueil du Quc.</s>
    <s>SE, L., 2000, « Prce » du livre d'Axel Kahn, Et l'Homme dans tout nbsp;?/Plaidoyer pour un humanisme moderne, Nil itions, Paris, 9-19.</s>
    <s>SOLER, C., 2001, La chose civilis Des mncolies, Collections cliniques, itions du Champ lacanien, Paris, 41-45.</s>
    <s>Supplement to The American Journal of Psychiatry, 2004, Practice Guideline for the Treatment of Patients With Schizophrenia, Second Edition, vol. 161, number 2, February.</s>
    <s>WAZANA, A., 2000, Physicians and the Pharmaceutical Industry/Is a Gift Ever Just a Gift ?, JAMA, January 19, 283, 3, 373-380.</s>
    <s>WAZANA, A., 2004, Les contacts avec l'industrie pharmaceutique ont un impact direct sur la pratique mcale, rencontre avec Danielle Stanton, journaliste indndant, Le Coll, Bulletin officiel du coll des mcins du Quc, 44, 1, hiver, 14- 17.</s>
    <s>WAZANA, A., PRIMEAU, F., 2002, Ethical considerations in the relationship between physicians and the pharmaceutical industry, Psychiatric Clinics of North America, 25, 647-663.</s>
    <s>WORKING GROUP FOR THE CANADIAN PSYCHIATRIC ASSOCIATION AND THE CANADIAN ALLIANCE FOR RESEARCH ON SCHIZOPHRENIA, 1998, Canadian Clinical Practice Guidelines for the Treatment of Schizophrenia, The Canadian Journal of Psychiatry, An Official Journal of the Canadian Psychiatric Association, Novembe, vol. 43, Supplement 2 (revised).</s>
    <s>ZARIFIAN, , 1994, Des paradis plein la t, itions Odile Jacob, Paris.</s>
    <s>Psychiatre, psychanalyste, Md, FRCPC, FAPA, professeur agr de clinique.</s>
    <s>Osommes-nous en santentale ?</s>
    <s>Journd'de en santentale ( )</s>
    <s>Volume XXXIII, Num 2, Automne 2008</s>
    <s>LA PSYCHOTHAPIE INTERPERSONNELLE itorial ( )</s>
    <s>Volume XXXIII, Num 1, Printemps 2008</s>
    <s>LA PSYCHOTHAPIE FOCALIS SUR LE TRANSFERT ( )</s>
    <s>HAI-QUEC-CANADA : vers un partenariat en santentale</s>
    <s>PROBLATIQUE Depuis la fin des ann 50, ( )</s>
    <s>Soin, Etude et Recherche en Psychiatrie ( )</s>
  </text>
</page>
