<?xml version="1.0" encoding="UTF-8"?>
<!DOCTYPE page SYSTEM "page.dtd">
<page>
  <lang>fr</lang>
  <url>http://blogdurmblf.blogspot.com/2011/04/colloque-crulh-hierarchie-des-pouvoirs.html</url>
  <title>L&#39;agenda du médiéviste: Colloque - CRULH - Hiérarchie des ...</title>
  <snippet>
    <s>27 avr. 2011 Colloque organisé par Agnès Bérenger et Frédérique Lachaud (CRULH), du 16 au 18 juin 2011 à l&#39;Université Paul-Verlaine de Nancy. </s>
  </snippet>
  <text>
    <s>skip to main | skip to sidebar</s>
    <s>L'agenda du médiéviste</s>
    <s>Le blog du Réseau des médiévistes belges de langue française (RMBLF)</s>
    <s>27 avril 2011</s>
    <s>Colloque - CRULH - Hiérarchie des pouvoirs, délégation de pouvoir et responsabilité des administrateurs dans l'Antiquité et au Moyen Âge</s>
    <s>Colloque organisé par Agnès Bérenger et Frédérique Lachaud (CRULH), du 16 au 18 juin 2011 à l'Université Paul-Verlaine de Nancy.</s>
    <s>Programme du colloque :</s>
    <s>Jeudi 16 juin 2011</s>
    <s>14h00 : Accueil</s>
    <s>Session 1 : délégation de pouvoir, cumul des pouvoirs</s>
    <s>14h30 : Michel Sève (Université Paul Verlaine Metz) : Quelques réflexions autour de l'officium du gouverneur d'Asie au moment de la guerre contre Mithridate</s>
    <s>15h : Audrey Becker (Université Paul Verlaine Metz) : Maître des offices et délégation de pouvoir dans la diplomatie romaine</s>
    <s>15h30 : Discussion</s>
    <s>16h00 : Pause</s>
    <s>16h30 : Pierfrancesco Porena (Università G. d'Annunzio di Chieti-Pescara) : Dalla coesistenza ambigua all'impossibile innesto. Tradizione romana e innovazione barbarica nell'amministrazione dell'Italia ostrogota (493-553) / De la coexistence ambiguë à l'impossible greffe. Tradition romaine et innovations barbares dans l'administration de l'Italie ostrogothique (493-553)</s>
    <s>17h : Ignazio Tantillo (Università di Cassino) : Comes et praeses : modalità del cumulo dei poteri nel IV secolo d. C.</s>
    <s>17h30 : Discussion</s>
    <s>19h30 : Dîner</s>
    <s>Vendredi 17 juin 2011</s>
    <s>Session 2 : Délégation de pouvoir et hiérarchie</s>
    <s>9h : Michel Humm (Université de Strasbourg) : Hiérarchie de pouvoirs et hiérarchie des magistratures dans la Rome républicaine</s>
    <s>9h30 : Stéphane Benoist (Université Charles de Gaulle Lille 3) : Princeps et legati, de la conception impériale de la délégation de pouvoir. Nature, fonction, devenir, d'Auguste au IVe siècle de notre ère</s>
    <s>10h : Discussion</s>
    <s>10h30 : Pause</s>
    <s>11h : Frédéric Hurlet (Université de Nantes) : Les modalités de la hiérarchie et de la délégation. Les rituels de médiation entre le prince et le gouverneur sous le Haut-Empire romain</s>
    <s>11h30 : Agnès Bérenger (Université Paul Verlaine Metz) : Le gouverneur de province et ses légats : délégations de pouvoirs et de compétences sous le Haut-Empire romain</s>
    <s>12h : Discussion</s>
    <s>12h30 : Déjeuner</s>
    <s>Session 3 : Contrôle des officiers et vérification des comptes</s>
    <s>14h : John Sabapathy (University College London) : Accountables rectores in comparative perspective : the theory and practice of holding podestà and bishops to account during the high Middle Ages</s>
    <s>14h30 : François Bérenger (Université d'Angers) : Le contrôle des officiers du royaume de Sicile dans le derniers tiers du XIIIe siècle</s>
    <s>15h : John McEwan (Aberystwyth University) : The Politics of Financial Accountability : auditing the Chamberlain in London c. 1298-1349</s>
    <s>15h30 : Discussion</s>
    <s>16h : pause</s>
    <s>Session 4 : L'office médiéval</s>
    <s>16h30 : Jörg Peltzer (Universität Heidelberg) : La dignité de l'office au Moyen Age</s>
    <s>17h : Romain Telliez (Université de Paris Sorbonne) : « Sous ombre de son office » : délégation du pouvoir royal et responsabilité des officiers en France à la fin du Moyen Age</s>
    <s>17h30 : Frédérique Lachaud (Université Paul Verlaine Metz) : Office et officiers chez Fortescue</s>
    <s>19h30 : Dîner</s>
    <s>Samedi 18 juin 2011</s>
    <s>Session 5 : Délégation de pouvoir et hiérarchie dans l'Eglise</s>
    <s>9h : François-Xavier Romanacce (Université de Paris Sorbonne) : Le choix du successeur : l'évêque, le diacre et la gestion des biens dans l'Eglise (IIe-VIe siècles)</s>
    <s>9h30 : Michèle Gaillard (Université Charles de Gaulle Lille III) : La délégation de l'autorité papale dans l'espace franc, de Grégoire le Grand à Nicolas Ier</s>
    <s>10h : Pascal Montaubin (Université d'Amiens) : Un alter ego aux pouvoirs contenus : exemples de légats du pape dans le royaume de France au XIIIe siècle</s>
    <s>10h30 : Christine Barralis (Université Paul Verlaine Metz) : Evêques auxiliaires et vicaires épiscopaux dans la province de Trèves au XVe siècle : la délégation de pouvoir entre normes et pratiques</s>
    <s>11h : Discussion</s>
    <s>11h30 : Table ronde conclusive</s>
    <s>Cocktail de clôture</s>
    <s>Informations pratiques : Frais d'inscription : 10 euros (gratuit pour les étudiants). Lieu : Salle du Conseil (D206) - UFR Sciences Humaines et Arts - Université Paul Verlaine-Metz</s>
    <s>Contact : frederique.lachaud@univ-metz.fr</s>
    <s>Envoyer par e-mailBlogThis!Partager sur TwitterPartager sur Facebook</s>
    <s>Libellés : Conférences</s>
    <s>Message plus récent Message plus ancien Accueil</s>
    <s>info.rmblf @ gmail.com</s>
    <s>Médiéviste ? Étudiant de près ou de loin l'espace géographique belge ?</s>
    <s>Envoyez-nous vos appels à contributions, annonces de colloques ou de publications récentes et les dernières actualités de vos équipes de recherche</s>
    <s>Qu'est-ce que le RMBLF ?</s>
    <s>Fondé en 1998, le RMBLF (groupe de contact du FNRS) promeut l'interdisciplinarité des études médiévales en Belgique francophone et se veut un lieu de contact et d'échange entre disciplines et générations. Nos objectifs : tenue d'une journée d'études deux fois par an ; mise en place d'un annuaire des médiévistes belges francophones en ligne ; réalisation d'un répertoire des mémoires et thèses en études médiévales défendus dans les universités belges.</s>
    <s>Notre site internet : http://rmblf.ulb.ac.be/</s>
    <s>Rejoignez aussi le Réseau des Médiévistes sur Facebook !</s>
    <s>Notre équipe</s>
    <s>- Alain Marchandisse (FNRS-ULG)</s>
    <s>- Frédéric Chantinne (Direction de l'archéologie, Service public de Wallonie-ULB)</s>
    <s>- Gilles Docquier (Musée royal de Mariemont-FUSL)</s>
    <s>- Jonathan Dumont (ULG)</s>
    <s>- Ingrid Falque (ULG-Universiteit Leiden)</s>
    <s>- Amélie Hanus (FNRS-FUNDP)</s>
    <s>- Christophe Masson (FNRS-ULG)</s>
    <s>- Nicolas Ruffini-Ronzani (FNRS-FUNDP)</s>
    <s>- Nicolas Schroeder (FNRS-ULB)</s>
    <s>- Marie Van Eeckenrode (UCL-Archives de l'Etat)</s>
    <s>Conférences (66)</s>
    <s>Publications (27)</s>
    <s>Appel à contributions (26)</s>
    <s>Exposition (5)</s>
    <s>Activités du RMBLF (1)</s>
    <s>Banque de données (1)</s>
    <s>Stage (1)</s>
    <s>Séminaire (1)</s>
    <s>Web (1)</s>
    <s>Archives du blog</s>
    <s>▼ (129)</s>
    <s>► octobre (20)</s>
    <s>Conférences - Programme des conférences organisées </s>
    <s>Conférence - Els De Paermentier, &quot;Une chancellerie </s>
    <s>Journée d'étude - Découvertes et restaurations à l </s>
    <s>Exposition - Liber Floridus (1121), de wereld in e </s>
    <s>Appel à contribution - Gender and Religion</s>
    <s>Publication - Laurent Jégou, &quot;L'évêque, juge de pa </s>
    <s>Appel à contributions - Le scribe d'archives dans </s>
    <s>Séminaire de recherche - Ymagiers : cycle de confé </s>
    <s>Colloque international - Autour des Cent Nouvelles </s>
    <s>Journée d'étude - Dé-cadrement et transgressions : </s>
    <s>Appel à contributions - Humain/animal dans la Fran </s>
    <s>Séminaire d'Histoire médiévale - Les ducs de Bourg </s>
    <s>Colloque - Genre et compétition</s>
    <s>Exposition - Voix divines. Sept siècles de manuscr </s>
    <s>Journée d'étude - Le droit et la loi pendant l'Anc </s>
    <s>Colloque international - Shaping Monastic Landscap </s>
    <s>Colloque - Le corps du Prince au coeur des rituels </s>
    <s>Colloque - Autour du règne de Clovis. La mort des </s>
    <s>Journée d'étude - Nécropoles mérovingiennes du dép </s>
    <s>Exposition - Le Louvre à Béthune</s>
    <s>► septembre (29)</s>
    <s>Colloque - Les industries des campagnes dans l'Eur </s>
    <s>Publication - Comptabilité(s), t. 2 : Approche cod </s>
    <s>Conférences - La restauration à la croisée des sci </s>
    <s>Colloque - Hétérotopies - ou Foucault pour les méd </s>
    <s>Colloque - Pensar en imágenes, pensar con imágenes </s>
    <s>Séminaire - Séminaire du Centre de Recherches Hist </s>
    <s>Appel à contribution - After Constantine: Religion </s>
    <s>Publication - Les collégiales et la ville dans la </s>
    <s>Table ronde - Comptables et Comptabilités au Moyen </s>
    <s>Appel à contribution - Religious Men in the Middle </s>
    <s>Journée d'étude - Reines et princesses au moyen âg </s>
    <s>Colloque - Saveurs d'hier, saveurs d'aujourd'hui</s>
    <s>Publication - Kerstin te Heesen, &quot;Das illustrierte </s>
    <s>Colloque - Le « Vieux-Cimetière » de Soignies et s </s>
    <s>Colloque - Sentences et décisions judiciaires, du </s>
    <s>Journée d'étude - Le concubinage au Moyen Âge : u </s>
    <s>Rencontres HORAE - Pratiques religieuses et livres </s>
    <s>Appel à contributions - Religious Rules for Female </s>
    <s>Colloque - Hérésies. Une construction d'identités </s>
    <s>XVIe colloque &quot;La ville brabançonne&quot; - La charte d </s>
    <s>Colloque international - New Perspectives on Flemi </s>
    <s>Publication - Philippe Godding, &quot;L'évolution de l' </s>
    <s>Séminaire - Une main de maître. Recherche interdis </s>
    <s>Exposition - Regards sur le bleu. Turquoise, saphi </s>
    <s>Appel à contributions - Les écritures médiévales e </s>
    <s>Colloque - Roman de Renart ou récits brefs : ménag </s>
    <s>Colloque - Digital Diplomatics 2011. Tools for the </s>
    <s>Colloque - Thirty-Eighth Annual Saint Louis Confer </s>
    <s>Publication - Jessica Dijkman, &quot;Shaping Medieval M </s>
    <s>► août (18)</s>
    <s>Appel à contribution - Culture de table : échanges </s>
    <s>► juillet (12)</s>
    <s>► juin (13)</s>
    <s>► mai (18)</s>
    <s>▼ avril (19)</s>
    <s>Colloque - CRULH - Hiérarchie des pouvoirs, déléga </s>
    <s>Publication - Micrologus - Expertus sum. L'expérie </s>
    <s>Conférence - Cermus - Autour de sainte Begge : les </s>
    <s>Appel à communications - Université de Limoges - L </s>
    <s>Appel à communications - Université de Fribourg - </s>
    <s>Colloque - Micrologus - Nature, norme et morale. O </s>
    <s>Appel à communications - Colloque international - </s>
    <s>Conférence - Archives et Bibliothèque de la Cathéd </s>
    <s>Publication - CRALO - Ordonnances de Philippe le B </s>
    <s>Appel à communications - CRULH - Université d'auto </s>
    <s>Conférence - KBR - New Perspectives on Flemish Ill </s>
    <s>CEMR - Projection-débat du film IL DECAMERON</s>
    <s>Appel à communications - Colloquium Van Eyck Studi </s>
    <s>Conférence - Fifth International Conference of Ico </s>
    <s>Conférence - RILMA - Thèmes religieux et thèmes pr </s>
    <s>Conférence - RMBLF - &quot;L'Histoire continue&quot;. Trajec </s>
    <s>Conférence - Fondation Biermans-Lapôtre - La forma </s>
    <s>Conférence - RUCHE - Santé et environnement : un é </s>
    <s>Conférences - FUNDP - Pratiques médiévales de l'éc </s>
    <s>S'abonner au blog du RMBLF</s>
    <s>Suivre l'actualité de ce blog par email</s>
    <s>Rechercher dans ce blog</s>
    <s>Sites utiles</s>
    <s>Analecta cartusiana</s>
    <s>Centre d'études sur le Moyen Age et la Renaissance (UCL - CEMR)</s>
    <s>Centre De Wulf-Mansion - Recherches en philosophie ancienne et médiévale (UCL-KUL)</s>
    <s>Einhard (UGand)</s>
    <s>Equipe de recherches sur les mystiques rhénans</s>
    <s>FUNDP - Hagiologia (FUNDP)</s>
    <s>Groupe de recherche en histoire médiévale (ULB)</s>
    <s>Groupe de recherche en iconographie médiévale (Lille 3 - GRIM)</s>
    <s>Groupe de recherche sur le moyen français (UCL - GRMF)</s>
    <s>Historians of Netherlandish Art (HNA)</s>
    <s>Iconology Research Group (KUL)</s>
    <s>La cour de France du Moyen Âge au XIXe s.</s>
    <s>Lectio (KUL)</s>
    <s>Luxury bound</s>
    <s>Medieval and Earlier Manuscripts Blog</s>
    <s>Medieval Memoria Research in the Low Countries</s>
    <s>Memoria in beeld. Middeleeuwse memorievoorstellingen uit Nederland</s>
    <s>Monastic matrix. A scholarly resource for the study of women's religious communities from 400 to 1600</s>
    <s>Répertoire iconographique de la Littérature du Moyen Âge (Lille 3 - RILMA)</s>
    <s>Réseau des médiévistes belges de langue française (RMBLF)</s>
    <s>Service d'histoire médiévale de l'ULG</s>
    <s>Transitions Centre d'études du Moyen Âge tardif &amp; de la première Modernité (ULG)</s>
    <s>Statistiques de fréquentation (30 derniers jours) Que de médiévistes !</s>
  </text>
</page>
