<?xml version="1.0" encoding="UTF-8"?>
<!DOCTYPE page SYSTEM "page.dtd">
<page>
  <lang>fr</lang>
  <url>http://careb-accer.org/%3Fq%3Dfr/archive</url>
  <title>Archive | Welcome - Bienvenue</title>
  <snippet>
    <s>The material for the CAREB Annual Business Meeting to be held on April 30, 2011 in Halifax can be found below. des comités d&#39;éthique de la recherche ( CER), de leurs administrateurs et de leurs membres. CAREB-ACCER Sponsors </s>
  </snippet>
  <text>
    <s>Skip to main content</s>
    <s>Welcome - Bienvenue</s>
    <s>Canadian Association of Research Ethics Boards</s>
    <s>L'association canadienne des comités d'éthique de la recherche</s>
    <s>Tous / Toutes</s>
    <s>Tous / Toutes</s>
    <s>octobre 10th, 2011</s>
    <s>CAURA EAST / CAREB East Conference 2011 - November 21 &amp; 22</s>
    <s>Interest in the CAURA East / CAREB East conference being held at Mount Saint Vincent University on November 21 and 22.</s>
    <s>With an informative lineup of presenters you will find interesting and pertinent topics relatable to current issues.</s>
    <s>Visit our website to find all the information about registration and the activities planned.</s>
    <s>septembre 29th</s>
    <s>Consultation Document on the Tri-Agency Framework: Responsible Conduct of Research (RCR)</s>
    <s>Dear Canadian Research Integrity Committee,</s>
    <s>On behalf of the Canadian Association of Research Ethics Boards (CAREB), I am pleased to attach our response to the Consultation Document on the Tri-Agency Framework: Responsible Conduct of Research (RCR).</s>
    <s>We recognize the tremendous amount of work that has gone into the preparation of this document, and thank you for the opportunity to respond.</s>
    <s>Sharon Freitag</s>
    <s>Co-President, Canadian Association of Research Ethics Boards</s>
    <s>Director, Research Ethics Office|</s>
    <s>St. Michael's | 30 Bond St | Toronto, ON M5B 1W8</s>
    <s>En savoir plus</s>
    <s>juin 21st</s>
    <s>Le Groupe en éthique de la recherche lance le didacticiel sur l’EPTC 2</s>
    <s>Le Groupe consultatif interagences en éthique de la recherche est fier d’annoncer le lancement d’un nouveau didacticiel, EPTC 2 : Formation en éthique de la recherche (FER). FER a été conçu pour soutenir la mise en oeuvre de la communauté de recherche canadienne de la 2ème édition de l’Énoncé de politique des trois conseils : Éthique de la recherche avec les êtres humains (EPTC 2).</s>
    <s>Lire la suite</s>
    <s>avril 8th</s>
    <s>Agenda &amp; Items for CAREB Annual Business Meeting 30 April 2011</s>
    <s>Dear CAREB members,</s>
    <s>The material for the CAREB Annual Business Meeting to be held on April 30, 2011 in Halifax can be found below. The Annual Business Meeting is held during the CAREB National Conference and Annual General Meeting which will take place on April 29th - April 30th, in Halifax.</s>
    <s>En savoir plus</s>
    <s>2011 Conference National and AGM April 28- 30 in Halifax NS.</s>
    <s>2011 National Conference and AGM April 28- 30 in Halifax NS.</s>
    <s>Voir Fichier attaché au dessous</s>
    <s>En savoir plus</s>
    <s>mars 24th</s>
    <s>Transportation to and from the Airport and Marriott Hotel</s>
    <s>This year we made arrangements with World Class Limousines to provide a pre-arranged service for ground transportation between the Halifax International Airport and Marriott Hotel.</s>
    <s>There are 3 options for booking their services</s>
    <s>1) call: 1-800-565-2777</s>
    <s>2) e-mail: info@nslimo.ca</s>
    <s>3) website (and on-line booking link) www.nslimo.ca</s>
    <s>If you wish to use their service please indicate that you are attending the CAREB AGM.</s>
    <s>En savoir plus</s>
    <s>mars 8th</s>
    <s>2011 National Conference et AGA April 28- 30 en Halifax NS.</s>
    <s>2011 National Conference and AGM April 28- 30 in Halifax NS.</s>
    <s>Voir Fichier attaché au dessous</s>
    <s>En savoir plus</s>
    <s>mars 7th</s>
    <s>Agenda Items for CAREB Annual Meeting - Strategic Plan, Board Restructuring, By-Laws</s>
    <s>Dear CAREB Member:</s>
    <s>It is almost that time of the year again, the National Conference and Annual General Meeting (AGM). This year's meeting in Halifax is scheduled for Friday, April 29 to Saturday, April 30,2011. We will once again be holding pre-conference workshops on Thursday, April 28, 2011.</s>
    <s>In accordance with the CAREB by-laws, I would like to bring to your attention the attached documents which will be placed on the AGM agenda for discussion and voting.</s>
    <s>En savoir plus</s>
    <s>mars 5th</s>
    <s>PRE Launches TCPS 2 / Le GER présente l'EPTC 2</s>
    <s>Ottawa (December 7, 2010)</s>
    <s>Ottawa (le 7 décembre 2010)</s>
    <s>Communiqué de presse</s>
    <s>Les présidents des organismes de recherche fédéraux (CRSH, CRSNG et IRSC) sont heureux d’annoncer la publication de la 2e édition de l’Énoncé de politique des trois Conseils : Éthique de la recherche avec des êtres humains – ou « EPTC 2 ».</s>
    <s>Groupe consultatif interagences en éthique de la recherche (GER)</s>
    <s>350, rue Albert</s>
    <s>Ottawa (Ontario) K1A 1H5</s>
    <s>En savoir plus</s>
    <s>!L'association canadienne des comités d'éthique de la recherche (ACCER) est une organisation qui se veut le porte-parole des comités d'éthique de la recherche (CER), de leurs administrateurs et de leurs membres. Veuillez enregistrer au site pour avoir acces aux informations importantes pour les membres de L'ACCER.</s>
    <s>En savoir plus</s>
    <s>CGSB Draft Standard comments solicited</s>
    <s>CAREB members are reminded to send in any comments they may have on the CGSB Draft Standard by December 17th. Comments must be submitted using the comment template saved on the listserv.</s>
    <s>The CAREB Executive and Public Affairs Committee will be reviewing the draft and will be casting their ballot on behalf of the membership</s>
    <s>En savoir plus</s>
    <s>février 21st</s>
    <s>La conférence nationale et la réunion générale annuelle 2010 de l'ACCER aura lieu le 29 avril au 1 mai à Montréal.</s>
    <s>La conférence nationale et la réunion générale annuelle 2010 de l'ACCER aura lieu le 29 avril au 1 mai à Montréal.</s>
    <s>Cette année la conférence et assemblée aura lieu à Montréal (Québec) du 30 avril au 1er mai 2010. Le thème de cette année célèbre le 10e anniversaire de l’ACCER et est donc intitulé « En se préparant pour la prochaine décennie »</s>
    <s>En savoir plus</s>
    <s>février 6th</s>
    <s>CAREB-ACCER Sponsors</s>
    <s>L'ACCER remercie le Groupe consultatif interagences en éthique de la recherche (GER) et l'Agence de la santé publique du Canada (ASPC) pour leur appui de la Conférence nationale et assemblée générale annuelle de 2010.</s>
    <s>Le GER a été créé par les trois organismes de recherches du Canada :</s>
    <s>les Instituts de recherche en santé du Canada (IRSC)</s>
    <s>En savoir plus</s>
    <s>Nos Membres</s>
    <s>Il existe deux catégories de membres.</s>
    <s>Membres réguliers</s>
    <s>Toute personne qui est membre d'un comité d'éthique de la recherche ou qui participe à l'administration d'un de ces comités peut être membre de l'Association.</s>
    <s>Membres associés</s>
    <s>En savoir plus</s>
    <s>Nos services</s>
    <s>Faciliter le réseautage avec les autres CER et le partage des meilleures pratiques</s>
    <s>les membres ont accès aux coordonnées de l'ensemble du membership, ainsi qu'à la liste des CER canadiens</s>
    <s>les membres peuvent publier électroniquement des documents et avoir accès à la bibliothèque électronique de l'association</s>
    <s>Constituer un forum pour la discussion des questions et enjeux de l'heure</s>
    <s>les membres sont invités à participer activement aux activités de l'association</s>
    <s>En savoir plus</s>
    <s>suivant ›</s>
    <s>dernier »</s>
    <s>Welcome CAREB Member</s>
    <s>Welcome visitorThank you for visiting.</s>
    <s>Connexion utilisateur</s>
    <s>Se connecter avec OpenID :</s>
    <s>Qu'est-ce qu'OpenID?</s>
    <s>Nom d'utilisateur : *</s>
    <s>Mot de passe : *</s>
    <s>Se connecter avec OpenID</s>
    <s>Annuler la connexion OpenID</s>
    <s>Demander un nouveau mot de passe</s>
    <s>Chercher dans ce site :</s>
    <s>Canadian Association of Research Ethics Boards</s>
    <s>L'association canadienne des comités d'éthique de la recherche</s>
  </text>
</page>
