<?xml version="1.0" encoding="UTF-8"?>
<!DOCTYPE page SYSTEM "page.dtd">
<page>
  <lang>pt</lang>
  <url>http://curriculo.catho.com.br/curriculos-exassinantes/administrativo-comercial/parana/londrina/supervisao-chefia/supervisor-de-vendas/11232463/</url>
  <title>Currículo Londrina PR, Catho Online</title>
  <snippet>
    <s>ORGANIZAÇÃO DE EVENTOS CIENTÍFICOS • 1° COLAD, primeira conferência londrinense de Administração, 2007. • V Fórum Norte Paranaense de </s>
  </snippet>
  <text>
    <s>Área do Recrutador</s>
    <s>minha senha</s>
    <s>Empresa: Anunciar vagas gratisBuscar curriculos | Candidato: Anunciar o seu curriculo por 7 dias gratis Buscar vagas | Ajuda</s>
    <s>Busca de</s>
    <s>Indiferente Acre Alagoas Amapoption&gt; Amazonas Bahia Cearoption&gt; Distrito Federal Espto Santo Goi/option&gt; Maranh/option&gt; Mato Grosso Mato Grosso do Sul Minas Gerais Paroption&gt; Para Paranoption&gt; Pernambuco Piauoption&gt; Rio de Janeiro Rio Grande do Norte Rio Grande do Sul Rond Roraima Santa Catarina SPaulo Sergipe Tocantins</s>
    <s>Profissional Estagio Operacional</s>
    <s>Currlo de Supervisor de Vendas - PR, Londrina</s>
    <s>RESUMO DE CURRULO</s>
    <s>Habilidade para desenvolver trabalhos em equipe, com bom relacionamento interpessoal interno e externo, iniciativa, boa comunica, flexl, de rda adapta com bastante comprometimento, responsabilidade e disponibilidade.</s>
    <s>!Assinante da busca de currlos? Clique aqui e faseu login.</s>
    <s>DADOS PESSOAIS</s>
    <s>Atualizado em: 19/02/2011</s>
    <s>Apenas para assinantes da Busca de Curriculos</s>
    <s>Estado civil:</s>
    <s>Apenas para assinantes</s>
    <s>Data de nascimento:</s>
    <s>Apenas para assinantes</s>
    <s>Apenas para assinantes</s>
    <s>Apenas para assinantes</s>
    <s>LONDRINA, PR</s>
    <s>Apenas para assinantes</s>
    <s>Apenas para assinantes</s>
    <s>A partir de R$ 5.000,00</s>
    <s>Supervisor de Vendas</s>
    <s>GRADUAO 1</s>
    <s>Pradua GestComercial</s>
    <s>Ano que estursando:</s>
    <s>De 03/2011 a 12/2012</s>
    <s>GRADUAO 2</s>
    <s>Universidade Estadual de Londrina</s>
    <s>Gradua Administra</s>
    <s>De 02/2006 a 11/2009</s>
    <s>EXPERICIA PROFISSIONAL 1</s>
    <s>Ambev Brasil Bebidas Ltda.</s>
    <s>Supervisor de Trade Marketing - Ambev Londrina</s>
    <s>De 01/2011 at momento.</s>
    <s>Atribuis do cargo:</s>
    <s>Obter resultado positivos atravdos investimentos aplicados no mercado.</s>
    <s>EXPERICIA PROFISSIONAL 2</s>
    <s>Ambev Brasil Bebidas Ltda.</s>
    <s>Estagiario de Marketing</s>
    <s>De 06/2009 at1/2009</s>
    <s>Atribuis do cargo:</s>
    <s>Realizas gerais na area de marketing e trade marketing.</s>
    <s>CURSOS E ESPECIALIZAES**</s>
    <s>Conhecimento avano em: Excel, Word, Power Point e Internet (Pacote Office)</s>
    <s>Conhecimento intermedio em: CorelDRAW, PhotoShop</s>
    <s>Curso de Educa Profissional de Nl bco:Informca Criador de Webdesign, Microcamp, 2004</s>
    <s>PARTICIPAO EM EVENTOS</s>
    <s>Palestra Havaianas, com o mundo a seus p de commodity a objeto de desejo, ministrada por gela Hirata, 2007.</s>
    <s>V F de Administra do Norte do Paranrealizado pelo CRA, 2007.</s>
    <s>Palestra Avalia do Desempenho Econo em Entidades Pas, realizado pela USP, 2007.</s>
    <s>Evento Empreendendo Solus, mini-cursos e palestras, realizado pela UEL, 2006.</s>
    <s>XVII Semana de Economia, Anse e Expectativa da Economia Brasileira, 2006.</s>
    <s>Palestra Obtendo Sucesso, sem Desculpas ministrada por Roberto Hirsch, 2006.</s>
    <s>32 Encontro Nacional dos Estudantes de Administra, com o tema Administra: Profiss Ciia e Arte, ENEAD, 2006.</s>
    <s>XX Ciclo de Estudos de Administra, mini-cursos e palestras, ministrado por Josolovi Junior, 2006.</s>
    <s>Palestra Transformando sua Empresa em um Excelente Lugar para Trabalhar, 2006.</s>
    <s>PARTICIPAO EM CURSOS</s>
    <s>Capacita de Empreendedores em GestContl, promovido pelo Departamento de Ciias Contis da UEL, 2006.</s>
    <s>Gestde Equipes, curso online pela CATHO, 2006.</s>
    <s>Coaching em Comunica Verbal &amp; Orat, promovido pela CAPUT Consultoria, 2006.</s>
    <s>ORGANIZAO DE EVENTOS CIENTICOS</s>
    <s>1 COLAD, primeira conferia londrinense de Administra, 2007.</s>
    <s>V F Norte Paranaense de Administra, 2007.</s>
    <s>ORGANIZAO DE PROJETO SOCIAL</s>
    <s>Projeto social, A UEL, 2007</s>
    <s>Projeto Social desenvolvido pelo Centro Acadco de Administra junto a alunos de gradua de administra que teve ino em 2007 e a cada ano ajuda um tipo de entidade diferente, em 2007, reformou e trouxe benefos para que assim houvesse um melhor aprendizagem e conforto, na creche Pequeno Pripe.</s>
    <s>ORGANIZAO DE EVENTOS ESPORTIVOS</s>
    <s>Jogos Universitos -Economas Caipira 2007, Jaboticabal SP.</s>
    <s>Jogos Universitos - Economas Caipira 2008, Araraquara SP.</s>
    <s>ORGANIZAO DE FESTAS</s>
    <s>Welcome Bixos, 1800 pessoas, 2007.</s>
    <s>Para os Bohemios, uma festa ORIGINAL,3000 pessoas, 2007.</s>
    <s>Festa de encerramento do 1 COLAD, Conferencia Londrinense de Administra, 150 pessoas, 2007.</s>
    <s>Vest Fest, 1000 pessoas, 2007.</s>
    <s>Welcome Bixos, 2400 pessoas, 2008.</s>
    <s>CARGOS OCUPADOS</s>
    <s>-Presidente da Comissde Formatura, Administra UEL, desde 2006.</s>
    <s>-Presidente da Associa Atlca Acadca XV de Setembro, gest2006-2007.</s>
    <s>-Presidente da Associa Atlca Acadca XV de Setembro, gest2007-2008.</s>
    <s>-Diretor de Marketing do Centro Acadco de Administra, CAAD da UEL, gest2007-2008</s>
    <s>DIVULGAO DE EVENTOS</s>
    <s>- Metamorfose, responsl pela divulga da festa, para o po universito de Londrina e Regi 2007.</s>
    <s>-Nitromorfose, responsl pela divulga da festa para publico universito de Londrina, 2008.</s>
    <s>Artigo FaParte da Atlca, publicado na Gazeta Adm, Ano 1 n02, 2007.</s>
    <s>Artigo Participe da Bateria da Atlca, publicado na Gazeta Adm, Ano 1 n04, 2007.</s>
    <s>Social Media Marketing: Comparison of Social Media Usage Between College Students in the United States and Brazil, 20 de novembro de 2010</s>
    <s>Marketing de Relacionamento no comio praticado por fornecedor de bebidas da cidade de Londrina-PR, 25 de novembro de 2009</s>
    <s>Primeira Conferia de Administra</s>
    <s>Um evento tbem sucedido quanto ao I COLAD mostra a nalunos de administra, a forque nosso curso e futura profisspossuem na universidade e a importia de contarmos com tros fortes, representativos e formados por pessoas dedicadas e competentes.</s>
    <s>Obrigado por sua dedica e esforaplicados na organiza do evento e nas demais conquistas nossas dentro da universidade.</s>
    <s>Londrina, 31 de Maio de 2007.</s>
    <s>Assinante da busca de currlo? Clique aqui e faseu login.</s>
    <s>Veja mais currlos como este.</s>
    <s>Pesquisa Salarial</s>
    <s>!TOPO TOPO</s>
    <s>Serviços para profissionais</s>
    <s>• Cadastrar curriculo</s>
    <s>• Buscar vagas</s>
    <s>• Cadastro Catho</s>
    <s>• Elaboraçao de Curriculo</s>
    <s>• Analise de Curriculo</s>
    <s>• Carta de Apresentaçao</s>
    <s>• Aviso Gratuito de Vagas</s>
    <s>• Outros serviços</s>
    <s>Serviços para empresas</s>
    <s>• Anunciar vagas</s>
    <s>• Busca de Curriculos</s>
    <s>• Testes Online</s>
    <s>• Treinamento Empresarial</s>
    <s>• Administrador de Estagios</s>
    <s>• Pesquisa Salarial</s>
    <s>• Ferramenta Trabalhe Conosco</s>
    <s>• Sobre a Catho</s>
    <s>• Eventos</s>
    <s>• Certificaçoes</s>
    <s>• Catho na imprensa</s>
    <s>• Anuncie na Catho</s>
    <s>• Programa de Afiliados</s>
    <s>• Politica de Privacidade</s>
    <s>Links uteis</s>
    <s>• Trabalhe na Catho</s>
    <s>• Indique a Catho</s>
    <s>• Mapa do site</s>
    <s>• Opine sobre esta pagina</s>
    <s>• Ajuda</s>
    <s>• Telefone Catho</s>
    <s>• Empregos no Brasil</s>
    <s>• Empleos en Mexico</s>
    <s>• Jobs in Asia</s>
    <s>• Jobs in Australia</s>
    <s>!Linha Bottom</s>
    <s>!Catho Online é vencedora do Top of Mind RH 2008 na categoria Site de Recrutamento</s>
    <s>Ver todos</s>
    <s>Midias Sociais</s>
    <s>!Orkut Orkut</s>
    <s>!Twitter Twitter</s>
    <s>!Linkedin Linkedin</s>
    <s>!Facebook Facebook</s>
    <s>!Youtube Youtube</s>
    <s>Copyright(C) 1996-2011 Catho Online. Todos os direitos reservados.</s>
  </text>
</page>
