<?xml version="1.0" encoding="UTF-8"?>
<!DOCTYPE page SYSTEM "page.dtd">
<page>
  <lang>pt</lang>
  <url>http://economiaportuguesa.blogspot.com/</url>
  <title>Economia Portuguesa</title>
  <snippet>
    <s>1 dia atrás Curiosamente, as conferências e debates resultaram de iniciativas de . A INVTUR 2010 atraiu académicos de 25 países, 335 autores e mais de organizados em 77 artigos, 93 resumos alargados e 26 resumos de posters. </s>
  </snippet>
  <text>
    <s>skip to main | skip to sidebar</s>
    <s>Economia Portuguesa</s>
    <s>Espaço de debate de temas de Economia Portuguesa e de outros que com esta se relacionam, numa perspectiva de desenvolvimento</s>
    <s>Sábado, Outubro 15, 2011</s>
    <s>&quot;São mais de 950 cidades, de 82 países&quot;</s>
    <s>Notícia JN</s>
    <s>O mapa da indignação:</s>
    <s>http://www.jn.pt/PaginaInicial/Sociedade/Interior.aspx?content id=2056793</s>
    <s>Publicada por J. Cadima Ribeiro em 10:59 AM 0 comentários</s>
    <s>Etiquetas: Ciclos Económicos e Ciclos Eleitorais, Conjuntura Económica, Modelo de Desenvolvimento</s>
    <s>Sexta-feira, Outubro 14, 2011</s>
    <s>Sonhar alto</s>
    <s>Recupero aqui um texto que publiquei em 2011/04/14 no Jornal de Leiria (também reproduzido neste jornal de parede nessa altura) e que me parece ter mais actualidade hoje que nunca. Bastará substituir-se as personagens que aí são mencionadas pelas de Pedro Passos Coelho, Vitor Gaspar e Álvaro Santos Pereira e a imagem do desastre sugerir-se-á em toda a sua autenticidade e actualidade.</s>
    <s>«Uma conjuntura difícil, uma oportunidade para corrigir trajectórias</s>
    <s>1. Fruto do acaso ou da conjuntura económico-política, tive nas últimas semanas um nível inusual de solicitações de intervenção pública, sob a forma de entrevistas a jornais, conferências ou participação em debates. A expressão acaso é discutível posto que o foco das entrevistas foi a realidade económica e social vivida pelo país, e os eventos em que participei tiveram por tema o endividamento e a precarização da situação económica das famílias a que se tem vindo a assistir nos últimos meses de forma bem dramática. A ilustrar esse dramatismo, aí estão a taxa de desemprego nacional média acima dos 11% (11,1%, no 4º trimestre de 2010; dados do INE) e a taxa de desemprego dos jovens à procura do primeiro emprego (leia-se: dos 15 ao 24 anos) acima do dobro desse valor (23%). Isto, para não falar já do derrapar das taxas de cumprimento das obrigações contraídas pelas famílias em matéria de crédito à habitação, nomeadamente.</s>
    <s>2. Curiosamente, as conferências e debates resultaram de iniciativas de alunos do ensino secundário, o que também não deixará de ter significado. Esperemos que isso seja indício de viragem na orientação que tem persistido nos jovens de se manterem alheados do quotidiano sócio-político do país, e de viragem cultural no sentido da instalação na sociedade portuguesa de uma postura muito mais crítica e interventiva, que leve à qualificação dos intervenientes na vida pública.</s>
    <s>3. Avançando algo mais sobre as entrevistas, será sintomático o facto de ter recebido solicitações de um jornal galego (La Voz de Galícia) e de um jornal francês (Le Point), o que denúncia a atenção e a curiosidade com que externamente vai sendo seguida a evolução económica e política do país. Dir-se-ia que é uma atenção que vem por más razões mas pode, por outro lado, indiciar partilha de preocupações (sobretudo no caso galego/espanhol) ou ser sinal de sentimento solidário.</s>
    <s>4. Escapa-me a razão que trouxe os jornalistas até mim, uma vez que não poderiam esperar ver-me integrar o coro daqueles que acham que a situação económica a que se chegou é resultado de circunstâncias externas desfavoráveis ou de infortúnios do destino. Pelo contrário, a meu ver, os 10 anos seguidos de estagnação que o país já leva são, antes, fruto de lógicas de poder desligadas dos objectivos de progresso e bem-estar social dos portugueses mantidas por quem esteve no poder, de falta de um projecto sócio-económico para o país e de muita incompetência técnica, desde logo dos responsáveis pelas pastas económicas e das finanças.</s>
    <s>5. Como costuma dizer um colega universitário, que foi ministro das finanças por um par de meses, em Portugal não se tem sido capaz de avançar com políticas contra-cíclicas, quer dizer, quando a conjuntura é favorável, as políticas orçamentais e fiscais reforçam os efeitos expansivos vividos na economia, quando as conjunturas são de crise, as políticas públicas servem para agravar os contextos depressivos. O que se tem vindo a assistir mais recentemente, com FMI à vista ou sem ele visível, mas bem presente (porque tem sido esse o sentido das orientações de política seguidas), é bem expressão dessa lógica de gerir a economia portuguesa.</s>
    <s>6. Navegando permanentemente à vista, fica adiado para um futuro incerto o projecto de renovação do modelo económico nacional, antes parecendo vincado o modelo esgotado de aposta nos baixos salários, nos produtos pouco sofisticados, na fabricação sub-contratada e, logo, numa presença dos produtos e serviços nacionais nos mercados internacionais que não pode deixar de ser frágil e dependente de comandos externos. O que se vai fazendo para contrariar este &quot;destino&quot;, tem surgido sobretudo da iniciativa de empresas isoladas e empresários &quot;visionários&quot;, muito pouco ajudando a política industrial, quase inexistente na última década.</s>
    <s>7. Neste contexto de fundo, achar que o país ficou a perder alguma coisa com a queda do governo de José Sócrates e Fernando Teixeira dos Santos só pode ser expressão de equívocos. A mim, o que me preocupa é que o cenário político que se avizinha não seja indiciador de novos rumos, antes se sugerindo a iminência de virmos a ter mais do mesmo, com governos do bloco central, o que será o pior dos cenários (pois seria o modo mais cómodo de preservar o status quo sócio-político), ou sem eles. A essa luz, esperançosa seria mesmo a implosão do sistema político-partidário que temos. Daí, sim, poderia resultar alguma renovação e, logo, um renovar de esperança dos portugueses. Será, porventura, sonhar demasiado alto.</s>
    <s>J. Cadima Ribeiro»</s>
    <s>Publicada por J. Cadima Ribeiro em 9:25 AM 0 comentários</s>
    <s>Etiquetas: Ciclos Económicos e Ciclos Eleitorais, Conjuntura Económica, Evolução da Economia Portuguesa, Modelo de Desenvolvimento</s>
    <s>Quinta-feira, Outubro 13, 2011</s>
    <s>&quot;Isto é um assalto!&quot;</s>
    <s>&quot;Portugueses: isto é um assalto!&quot;</s>
    <s>Sumário possível, em bom português, do discurso de Pedro Passos Coelho aos portugueses, esta noite, à hora dos telejornais.</s>
    <s>Publicada por J. Cadima Ribeiro em 9:33 PM 2 comentários</s>
    <s>Etiquetas: Ciclos Económicos e Ciclos Eleitorais, Comportamento dos Agentes, Política de Preços e Rendimentos</s>
    <s>Quarta-feira, Outubro 12, 2011</s>
    <s>One must always admit…</s>
    <s>&quot;To be realistic, one must always admit the influence of those who have gone before.&quot;</s>
    <s>Charles Eames</s>
    <s>( citação extraída de SBANC Newsletter, October 11, Issue 690 - 2011, http://www.sbaer.uca.edu)</s>
    <s>Publicada por J. Cadima Ribeiro em 8:36 AM 0 comentários</s>
    <s>Etiquetas: Citações</s>
    <s>Segunda-feira, Outubro 10, 2011</s>
    <s>&quot;Ministro da Economia uma figura decorativa&quot;?</s>
    <s>Artigo JNegócios</s>
    <s>Tiro ao Álvaro:</s>
    <s>http://www.jornaldenegocios.pt/home.php?template=SHOWNEWS V2&amp;id=510407</s>
    <s>Publicada por J. Cadima Ribeiro em 11:57 AM 0 comentários</s>
    <s>Etiquetas: Conjuntura Económica, Estratégias de Desenvolvimento, Políticas Públicas</s>
    <s>CFP Conferência INVTUR 2012 &quot;Turismo em tempos de mudança: Conhecimento e práticas na construção de um novo rumo&quot;</s>
    <s>«Call for papers</s>
    <s>Turismo em tempos de mudança: Conhecimento e práticas na construção de um novo rumo para o sector do turismo no futuro</s>
    <s>16-19 Maio 2012</s>
    <s>Universidade de Aveiro,</s>
    <s>A Universidade de Aveiro tem o prazer de anunciar a realização da Conferência Internacional INVTUR 2012 &quot;Turismo em tempos de mudança: Conhecimento e práticas na construção de um novo rumo para o sector do turismo no futuro&quot;.</s>
    <s>A 1ª Edição da INVTUR teve lugar em 2010. A INVTUR 2010 atraiu académicos de 25 países, 335 autores e mais de 700 participantes. A Revista de Turismo &amp; Desenvolvimento (RT&amp;D) assumiu-se como a publicação oficial do evento, tendo, na altura, publicado um total de 196 trabalhos, organizados em 77 artigos, 93 resumos alargados e 26 resumos de posters . Todos os trabalhos foram submetidos a blind referee , seguindo padrões internacionais. A Conferência INVTUR 2010 foi a maior conferência académica da área do turismo até então organizada em Portugal e uma das maiores em termos mundiais.</s>
    <s>A 2ª Edição da INVTUR 2012, que irá ter lugar na Universidade de Aveiro entre os dias 16 e 19 de Maio de 2012, e que irá novamente envolver uma vasta rede de Colegas das Universidades e Politécnicos de Portugal, bem como de académicos de outras Universidades estrangeiras, terá como foco central o papel que o turismo pode vir a desempenhar num mundo crescentemente dominado por forte recessão económica, elevada incerteza em termos de evolução e organização social, e preocupante agitação social.</s>
    <s>O mundo encontra-se a enfrentar uma vaga de mudanças sem precedentes: recessão económica; emergência financeira; taxas de desemprego crescentes; incerteza sobre o rumo que a sociedade deverá ter no futuro; dificuldade dos governos e dos políticos em estabelecerem uma agenda que oriente as suas políticas para o futuro; desenvolvimento de novas estruturas organizacionais capazes de enfrentar défices públicos e criar novas formas de governança; incerteza e decepção das comunidades locais em relação à forma como a economia e as organizações se encontram a enfrentar a actual situação económica e social.</s>
    <s>O sector do turismo possui características que o colocam como um dos sectores com maior potencial para os governos e as empresas enfrentarem a actual situação de crise e encontrarem novos rumos para o futuro. O sector do turismo depende de uma rede de negócios multifacetado, que se operacionaliza de uma forma interligada na economia; é um sector de trabalho intensivo, e não de capital intensivo, o que lhe confere elevado potencial na criação de emprego; o sucesso do turismo depende fortemente do envolvimento das comunidades locais; o sucesso empresarial do turismo depende da sua capacidade em ser eficaz economicamente, socorrendo-se, contudo, da sua capacidade em se articular com as tradições, e o ambiente natural e cultural.</s>
    <s>A Conferência Internacional INVTUR 2012 irá posicionar-se como um palco onde académicos, investigadores e profissionais irão apresentar, e discutir, conhecimento, experiências e boas práticas que irão ilustrar a forma como o turismo pode ajudar a economia e a sociedade, num momento actual de mudança e incerteza. Os outputs da conferência serão de particular interesse para que académicos e investigadores possam vir a criar novas linhas de investigação e agendas de ensino, e para as empresas e organizações que operam na área, apresentando-lhes know-how e metodologias de actuação que as poderão ajudar a encontrar novas fontes de conhecimento que lhes confiram vantagens competitivas, num mundo em que estas precisam de ser cada vez mais inovadoras, eficientes e eficazes.</s>
    <s>Envio de trabalhos</s>
    <s>Existem três tipos de trabalhos aceites para submissão: artigos completos, resumos alargados e posters . Todos os trabalhos deverão ser submetidos para o seguinte endereço de email : invtur2012@gmail.com. Os artigos completos e os resumos seleccionados serão publicados numa edição especial da Revista Turismo &amp; Desenvolvimento. Os posters serão expostos na BiT - Bolsa de Inovação em Turismo, que pretende estabelecer-se como uma montra de trabalhos de investigação aplicada.</s>
    <s>Datas importantes</s>
    <s>submissão dos trabalhos - 15 de Dezembro de 2011</s>
    <s>notificação aos autores - 15 de Fevereiro de 2012</s>
    <s>inscrição e pagamento - 20 de Março de 2012</s>
    <s>submissão de comunicações - 1 de Abril de 2012</s>
    <s>conferência - 16 a 19 de Maio de 2012</s>
    <s>Conferência INVTUR 2012</s>
    <s>Departamento de Economia, Gestão e Engenharia Industrial</s>
    <s>Universidade de Aveiro</s>
    <s>Campus Universitário de Santiago3810-193 Aveiro</s>
    <s>Phone : +351 234 370 361</s>
    <s>Fax: +351 234 370 215</s>
    <s>E-mail : degei-invtur2012@ua.pt</s>
    <s>Website : http://www.ua.pt/event/invtur/»</s>
    <s>(reprodução do corpo principal de mensagem de correio electrónico entretanto recebida, proveniente da entidade identificada)</s>
    <s>Publicada por J. Cadima Ribeiro em 1:26 AM 0 comentários</s>
    <s>Etiquetas: Conferências</s>
    <s>Domingo, Outubro 09, 2011</s>
    <s>VII Congresso Português de Sociologia, Secção Temática Ambiente e Sociedade</s>
    <s>«Caríssimos/as Colegas</s>
    <s>O VII Congresso Português de Sociologia (CPS) realiza-se na Universidade do Porto, entre 20 e 23 de Junho de 2012 com o tema genérico Sociedade, Crise e Reconfigurações . À semelhança das edições anteriores, o VII CPS integrará diversos subtemas, entre os quais figura a área temática Ambiente e Sociedade.</s>
    <s>Neste sentido, em nome da equipa coordenadora da secção Ambiente e Sociedade, da Associação Portuguesa de Sociologia, venho por este meio convidar-vos a apresentar um resumo até ao dia 18 de Novembro de 2011. Mais informações sobre esta call em http://www.aps.pt/vii congresso/seccoes/SEC4e775938e59d7.pdf</s>
    <s>Os resumos (com um máximo de 2500 caracteres) deverão ser submetidos online , através do site : http://www.aps.pt/vii congresso/?area=001</s>
    <s>A notificação da aceitação será feita até 22 de Janeiro de 2012, devendo os autores enviar os textos finais das comunicações até ao dia 13 de Maio de 2012.</s>
    <s>Agradecemos a divulgação desta call e esperamos pela vossa participação</s>
    <s>Com os melhores cumprimentos</s>
    <s>Elisabete Figueiredo</s>
    <s>PhD in Environmental Sciences</s>
    <s>Assistant Professor</s>
    <s>Dep. of Social, Political and Territorial Sciences</s>
    <s>University of Aveiro»</s>
    <s>(reprodução de mensagem que me caiu entretanto na caixa de correio electrónico, proveniente da entidade identificada)</s>
    <s>Publicada por J. Cadima Ribeiro em 9:50 AM 0 comentários</s>
    <s>Etiquetas: Conferências</s>
    <s>Quinta-feira, Outubro 06, 2011</s>
    <s>Brilliant ideas</s>
    <s>&quot;Most successful entrepreneurs don't begin with brilliant ideas - they discover them.&quot;</s>
    <s>Peter Sims</s>
    <s>( citação extraída de SBANC Newsletter, October 4, Issue 689 - 2011, http://www.sbaer.uca.edu)</s>
    <s>Publicada por J. Cadima Ribeiro em 9:15 AM 0 comentários</s>
    <s>Etiquetas: Citações</s>
    <s>Mensagens antigas Página inicial</s>
    <s>Subscrever: Mensagens (Atom)</s>
    <s>Pesquisar neste blogue</s>
    <s>A carregar </s>
    <s>Acerca de Mim</s>
    <s>J. Cadima Ribeiro</s>
    <s>Braga, Minho, Portugal</s>
    <s>Ver o meu perfil completo</s>
    <s>Endereço para contacto</s>
    <s>Arquivo do Blogue</s>
    <s>▼ (198)</s>
    <s>▼ Outubro (12)</s>
    <s>&quot;São mais de 950 cidades, de 82 países&quot;</s>
    <s>Sonhar alto</s>
    <s>&quot;Isto é um assalto!&quot;</s>
    <s>One must always admit…</s>
    <s>&quot;Ministro da Economia uma figura decorativa&quot;?</s>
    <s>CFP Conferência INVTUR 2012 &quot;Turismo em tempos de </s>
    <s>VII Congresso Português de Sociologia, Secção Temá </s>
    <s>Brilliant ideas</s>
    <s>&quot;Os nenos galegos [ manteñen a súa vantaxe sob ]</s>
    <s>&quot;A Responsabilidade Social no Turismo&quot;</s>
    <s>Cartas Portuguesas - de Lisboa (VIII)</s>
    <s>Via ADLEI - Associação para o Desenvolvimento de </s>
    <s>► Setembro (24)</s>
    <s>Cartas Portuguesas - de Lisboa (VII)</s>
    <s>Cartas Portuguesas - de Lisboa (VI)</s>
    <s>&quot;Economia com Futuro&quot;: notícia</s>
    <s>&quot;A UE parece estar empenhada em promover uma espéc </s>
    <s>Cartas Portuguesas - de Lisboa (V)</s>
    <s>&quot;Foram entrevistados condutores de automóveis de 1 </s>
    <s>Cartas Portuguesas - de Lisboa (IV)</s>
    <s>A leader and a follower</s>
    <s>Conferência &quot;Economia Portuguesa: uma Economia com </s>
    <s>Cartas Portuguesas - de Lisboa (III)</s>
    <s>CFP Conference &quot;Gender issues: Implications for le </s>
    <s>Cartas Portuguesas - de Lisboa (II)</s>
    <s>Cartas portuguesas - de Lisboa</s>
    <s>&quot;Eu por mim estou enojado&quot;</s>
    <s>&quot;A SketchPixel já é uma das grandes empresas portu </s>
    <s>A procura de um rumo para a Economia Portuguesa: o </s>
    <s>CALL FOR PAPERS FOR THE EBES 2012 CONFERENCE - ANT </s>
    <s>&quot;Passos vai acabar com fundações&quot;</s>
    <s>&quot;The Impact of Economics Blogs&quot;</s>
    <s>Há espaço no país para mais do que produzir de for </s>
    <s>O olhar da população vimaranense através da impren </s>
    <s>&quot;Mais murros no estômago. Até quando?&quot;</s>
    <s>► Agosto (19)</s>
    <s>To do a job right</s>
    <s>&quot;Tanto a Europa como os Estados Unidos podem apren </s>
    <s>&quot;A tendência é de expansão das energias renováveis </s>
    <s>Potenciais Impactos para Guimarães do acolhimento </s>
    <s>Portugal: cenários para 2020</s>
    <s>&quot;Many women in the richer parts of Asia have gone </s>
    <s>&quot;Nunca pertenci, nem pertencerei ao coro daqueles </s>
    <s>&quot;UN Global Conference 27th-30th September, 2011 @ </s>
    <s>&quot;O que está a falhar é a política&quot;</s>
    <s>Competitividade e território</s>
    <s>CALL FOR PAPERS - International Conference on Worl </s>
    <s>&quot;Taxation trends in the European Union: 2011 editi </s>
    <s>Bovino barrosão</s>
    <s>(To) find the way</s>
    <s>► Julho (18)</s>
    <s>► Junho (14)</s>
    <s>► Maio (19)</s>
    <s>► Abril (17)</s>
    <s>► Março (25)</s>
    <s>► Fevereiro (20)</s>
    <s>► Janeiro (30)</s>
    <s>► (271)</s>
    <s>► Dezembro (26)</s>
    <s>► Novembro (29)</s>
    <s>► Outubro (42)</s>
    <s>► Setembro (26)</s>
    <s>► Agosto (19)</s>
    <s>► Julho (17)</s>
    <s>► Junho (18)</s>
    <s>► Maio (21)</s>
    <s>► Abril (18)</s>
    <s>► Março (21)</s>
    <s>► Fevereiro (16)</s>
    <s>► Janeiro (18)</s>
    <s>► (185)</s>
    <s>► Dezembro (15)</s>
    <s>► Novembro (20)</s>
    <s>► Outubro (17)</s>
    <s>► Setembro (18)</s>
    <s>► Agosto (14)</s>
    <s>► Julho (16)</s>
    <s>► Junho (16)</s>
    <s>► Maio (13)</s>
    <s>► Abril (14)</s>
    <s>► Março (16)</s>
    <s>► Fevereiro (13)</s>
    <s>► Janeiro (13)</s>
    <s>► (200)</s>
    <s>► Dezembro (14)</s>
    <s>► Novembro (16)</s>
    <s>► Outubro (15)</s>
    <s>► Setembro (21)</s>
    <s>► Agosto (19)</s>
    <s>► Julho (18)</s>
    <s>► Junho (18)</s>
    <s>► Maio (15)</s>
    <s>► Abril (15)</s>
    <s>► Março (14)</s>
    <s>► Fevereiro (17)</s>
    <s>► Janeiro (18)</s>
    <s>► (119)</s>
    <s>► Dezembro (13)</s>
    <s>► Novembro (16)</s>
    <s>► Outubro (17)</s>
    <s>► Setembro (14)</s>
    <s>► Agosto (12)</s>
    <s>► Julho (7)</s>
    <s>► Junho (9)</s>
    <s>► Maio (10)</s>
    <s>► Abril (6)</s>
    <s>► Março (8)</s>
    <s>► Janeiro (7)</s>
    <s>► (114)</s>
    <s>► Dezembro (45)</s>
    <s>► Novembro (31)</s>
    <s>► Outubro (28)</s>
    <s>► Setembro (10)</s>
    <s>Agência Financeira</s>
    <s>Banco de Portugal</s>
    <s>Banco Mundial</s>
    <s>CEPAL (revista)</s>
    <s>Direito &amp; Economia</s>
    <s>Economia &amp; Finanças</s>
    <s>Economia Política</s>
    <s>FCCI-Repr. em Portugal</s>
    <s>Ladrões de Bicicletas</s>
    <s>Mãos Visíveis</s>
    <s>Ordem dos Economistas</s>
    <s>Pedro Lains</s>
    <s>Projecto Aplicado</s>
    <s>Suplementos de Economia</s>
    <s>The Portuguese Economy</s>
    <s>Visto da Economia</s>
    <s>Outras ligações: sítios comerciais</s>
    <s>Gestão de Frotas</s>
    <s>Conjuntura Económica</s>
    <s>Comportamento dos Agentes</s>
    <s>Territórios e Desenvolvimento</s>
    <s>Fórum de Economia</s>
    <s>Comércio Externo</s>
    <s>Mercado de Trabalho</s>
    <s>Políticas Públicas</s>
    <s>Modelo de Desenvolvimento</s>
    <s>Evolução da Economia Portuguesa</s>
    <s>Ciclos Económicos e Ciclos Eleitorais</s>
    <s>Estratégias de Desenvolvimento</s>
    <s>Investimento em Capital Humano</s>
    <s>Política de Preços e Rendimentos</s>
    <s>Défice Orçamental e Políticas Públicas</s>
    <s>Turismo e Desenvolvimento Regional</s>
    <s>Estratégia das Empresas</s>
    <s>Desenvolvimento e Assimetrias Espaciais e Sociais</s>
    <s>Políticas Sociais</s>
    <s>Défices Orçamentais</s>
    <s>Políticas Orçamentais</s>
    <s>Comportamento do Consumidor</s>
    <s>Estratégias de Inovação</s>
    <s>Política de Transportes</s>
    <s>Estratégias Comerciais</s>
    <s>Iniciativa Empresarial</s>
    <s>Reforma dos Serviços Públicos</s>
    <s>Ciclos Económicos</s>
    <s>Equipamento Público</s>
    <s>Investimento em I+D</s>
    <s>Política Fiscal</s>
    <s>Estratégias de Internacionalização das Empresas</s>
    <s>Leiria - Política Industrial</s>
    <s>Territórios e Internacionalização Empresarial</s>
    <s>Regulação do Mercado</s>
    <s>Relação universidade-empresa</s>
    <s>Custos do Trabalho</s>
    <s>Economia Portuguesa - Nota Histórica</s>
    <s>Sector Vinícola</s>
    <s>Política Monetária</s>
    <s>Investimento Estrangeiro</s>
    <s>Distribuição do Rendimento em Portugal</s>
    <s>Impacte da Integração na UE</s>
    <s>Relatório da OCDE</s>
    <s>*10:59 AM: 2011-10-15T10:59:00+01:00</s>
    <s>*8:36 AM: 2011-10-12T08:36:00+01:00</s>
    <s>*9:50 AM: 2011-10-09T09:50:00+01:00</s>
    <s>*9:15 AM: 2011-10-06T09:15:00+01:00</s>
    <s>*1:26 AM: 2011-10-10T01:26:00+01:00</s>
    <s>*11:57 AM: 2011-10-10T11:57:00+01:00</s>
    <s>*9:33 PM: 2011-10-13T21:33:00+01:00</s>
    <s>*9:25 AM: 2011-10-14T09:25:00+01:00</s>
  </text>
</page>
