<?xml version="1.0" encoding="UTF-8"?>
<!DOCTYPE page SYSTEM "page.dtd">
<page>
  <lang>pt</lang>
  <url>http://bibliotecadigital.fgv.br/ocs/index.php/sceesp/ce/search/schedConfs</url>
  <title>Por Conferência - Sistema de Bibliotecas da FGV</title>
  <snippet>
    <s>A conferência estratégica INTERFACES 2010 promove uma discussão sobre o avanço Esperamos a presença de cerca de 600 participantes para este ano. . Nesta primeira conferência oito artigos serão apresentados e comentados e A conferência inclui tópicos na área de apreçamento de ativos, derivativos, fatores </s>
  </snippet>
  <text>
    <s>FGV Conferências</s>
    <s>Sistema Eletrônico de Administração de Conferências</s>
    <s>Lembrar de mim</s>
    <s>Idioma English Português (Brasil)</s>
    <s>Conteúdo da Conferência Pesquisa</s>
    <s>Todos Autor Título Resumo Termos de indexação Texto completo</s>
    <s>Informações sobre a Conferência</s>
    <s>» Visão Geral</s>
    <s>» Políticas das Modalidades</s>
    <s>» Programa</s>
    <s>» Apresentações</s>
    <s>» Agenda da Conferência</s>
    <s>» Inscrições</s>
    <s>» Acomodações</s>
    <s>» Organização e Parceiros</s>
    <s>Por Conferência</s>
    <s>Por Autor</s>
    <s>Por Título</s>
    <s>Tamanho da fonte !Menor !Médio !Maior</s>
    <s>Início &gt; Pesquisa &gt; Índice de Títulos</s>
    <s>Índice de Títulos</s>
    <s>4º Congresso Latino-Americano de Varejo</s>
    <s>Congresso Latino Americano de Varejo tem como objetivo promover a geraçao, o compartilhamento e a divulgaçao de conhecimento, na area de Varejo, em todas as suas dimensoes e perspectivas, gerando, desta forma, subsidios para maior competitividade e excelencia das empresas varejistas. O congresso servira de catalisador a geraçao do conhecimento em varejo.</s>
    <s>O evento visa estimular o envolvimento de pesquisadores e professores, alunos de pos-graduaçao, promovendo maior penetraçao e articulaçao no processo de pesquisa e disseminaçao do conhecimento relacionados as atividades de varejo.</s>
    <s>As ediçoes anteriores do congresso, realizadas em 2008, 2009 e 2010, reuniram cerca de 350 participantes. Palestras com pesquisadores internacionais e grandes empresarios varejistas possibilitaram o compartilhamento de informaçoes relevantes e atuais sobre varejo.</s>
    <s>A realizaçao do Congresso e do Centro de Excelencia em Varejo da Escola de Administraçao de Empresas de Sao Paulo da Fundaçao Getulio Vargas FGV-EAESP/GVcev.</s>
    <s>Interessados em pesquisa, geraçao e disseminaçao do conhecimento na area de varejo, dirigido a comunidade academica, aos executivos de varejo, interessados na pesquisa cientifica em varejo.</s>
    <s>CLAV 2011</s>
    <s>outubro 27, 2011 - outubro 28, 2011</s>
    <s>A conferencia estrategica INTERFACES 2010 promove uma discussao sobre o avanço tecnologico para a promoçao de politicas publicas e aperfeiçoamento de praticas privadas brasileiras.</s>
    <s>Interfaces 2010</s>
    <s>dezembro 2, 2010 - dezembro 3, 2010</s>
    <s>A conferencia estrategica INTERFACES10 promove uma discussao sobre o avanço tecnologico para a promoçao de politicas publicas e aperfeiçoamento de praticas privadas brasileiras.</s>
    <s>Organizada conjuntamente pelo Centro de Tecnologia e Sociedade da Escola de Direito (CTS-FGV) e pelo Centro de Matematica Aplicada, ambos da Fundaçao Getulio Vargas, a conferencia traz uma perspectiva abrangente tanto de ciencias humanas quanto exatas, abordando nao so questoes politicas, economicas e juridicas, mas tambem questoes tecnicas. A conferencia e realizada graças ao apoio do IDRC (International Development Research Center), no ambito do projeto Open Business.</s>
    <s>O objetivo do seminario e contribuir para o posicionamento estrategico do Brasil com relaçao as diversas repercussoes juridicas, economicas, politicas e tecnicas, em um cenario de rapida transformaçao tecnologica.</s>
    <s>Encontro Brasileiro de Finanças</s>
    <s>A Sociedade Brasileira de Finanças (SBFIN), estabelecida em 23 de julho de 2001, durante a realizaçao do Primeiro Encontro Brasileiro de Finanças, e uma associaçao de estudiosos da area de finanças, abrangendo academicos, estudantes e profissionais do setor, que visa incentivar o estudo de finanças no pais, bem como desenvolver e disseminar o conhecimento de teorias e tecnicas para elevaçao da qualidade do ensino, da pesquisa e da aplicaçao pratica em atividades de gestao financeira e de investimentos.</s>
    <s>XI Encontro Brasileiro de Finanças</s>
    <s>julho 28, 2011 - julho 30, 2011</s>
    <s>A Sociedade Brasileira de Finanças tem a satisfaçao de informar que realizara seu 11º Encontro Brasileiro de Finanças nos dias 28, 29 e 30 de julho de 2011 na FGV-EBAPE (Fundaçao Getulio Vargas - Escola Brasileira de Administraçao Publica e de Empresas) no Rio de Janeiro, RJ.</s>
    <s>X Encontro Brasileiro de Finanças</s>
    <s>julho 29, 2010 - julho 31, 2010</s>
    <s>A Sociedade Brasileira de Finanças tem a satisfaçao de informar que realizara seu 10º Encontro Brasileiro de Finanças nos dias 29, 30 e 31 de julho de 2010 na FGV-EAESP (Escola de Administraçao de Empresas de Sao Paulo da Fundaçao Getulio Vargas) em Sao Paulo, SP.</s>
    <s>IX Encontro Brasileiro de Finanças</s>
    <s>julho 30, 2009 - agosto 1, 2009</s>
    <s>A Sociedade Brasileira de Finanças tem a satisfaçao de informar que realizara seu 9º Encontro Brasileiro de Finanças nos dias 30 e 31 de julho e 1 de agosto de 2009 na Unisinos (Universidade do Vale dos Sinos) em Sao Leopoldo, RS, na Área Metropolitana de Porto Alegre.</s>
    <s>VIII Encontro Brasileiro de Finanças</s>
    <s>julho 31, 2008 - agosto 2, 2008</s>
    <s>O Oitavo Encontro Brasileiro de Finanças sera realizado no Rio de Janeiro, nos dias 31 de julho, 1 e 2 de agosto de 2008, na sede do IBMEC Rio de Janeiro, a Av. Presidente Wilson, 118, Centro. O encontro sera realizado pela Sociedade Brasileira de Finanças em associaçao com o IBMEC-RJ.</s>
    <s>VII Encontro Brasileiro de Finanças</s>
    <s>julho 26, 2007 - julho 28, 2007</s>
    <s>VI Encontro Brasileiro de Finanças</s>
    <s>julho 27, 2006 - julho 29, 2006</s>
    <s>V Encontro Brasileiro de Finanças</s>
    <s>julho 18, 2005 - julho 19, 2005</s>
    <s>IV Encontro Brasileiro de Finanças</s>
    <s>julho 22, 2004 - julho 23, 2004</s>
    <s>III Encontro Brasileiro de Finanças</s>
    <s>julho 21, 2003 - julho 22, 2003</s>
    <s>II Encontro Brasileiro de Finanças</s>
    <s>julho 22, 2002 - julho 23, 2002</s>
    <s>I Encontro Brasileiro de Finanças</s>
    <s>julho 23, 2001 - julho 24, 2001</s>
    <s>Encontro Brasileiro de Econometria</s>
    <s>A Sociedade Brasileira de Econometria (SBE) e uma entidade civil sem fins lucrativos que reune professores, pesquisadores, alunos de mestrado ou doutorado e outros profissionais interessados no estudo e aplicaçao de metodos quantitativos em economia e finanças. Possui cerca de 1.100 associados, sendo a principal associaçao de economistas no Brasil. Entre os seus socios, destacam-se os mais respeitaveis economistas formadores de opiniao sobre assuntos economicos nacionais e diversos nomes com participaçao ativa na vida economica brasileira.</s>
    <s>Desde sua fundaçao, em 1979, a SBE vem trabalhando para o desenvolvimento da ciencia economica no Brasil. Entre as suas atividades destacam-se, alem da realizaçao do Encontro Brasileiro de Econometria, a organizaçao de encontros regionais, cursos de aperfeiçoamento para alunos de pos-graduaçao e professores de economia e a publicaçao da Brazilian Review of Econometrics.</s>
    <s>33º Encontro Brasileiro de Econometria</s>
    <s>dezembro 7, 2011 - dezembro 9, 2011</s>
    <s>A Sociedade Brasileira de Econometria (SBE) e uma entidade civil sem fins lucrativos que reune professores, pesquisadores, alunos de mestrado ou doutorado e outros profissionais interessados no estudo e aplicaçao de metodos quantitativos em economia e finanças. Possui cerca de 1.100 associados, sendo a principal associaçao de economistas no Brasil. Entre os seus socios, destacam-se os mais respeitaveis economistas formadores de opiniao sobre assuntos economicos nacionais e diversos nomes com participaçao ativa na vida economica brasileira.</s>
    <s>Desde sua fundaçao, em 1979, a SBE vem trabalhando para o desenvolvimento da ciencia economica no Brasil. Entre as suas atividades destacam-se, alem da realizaçao do Encontro Brasileiro de Econometria, a organizaçao de encontros regionais, cursos de aperfeiçoamento para alunos de pos-graduaçao e professores de economia e a publicaçao da Brazilian Review of Econometrics.</s>
    <s>Este ano, a SBE realizara o 33º Encontro Brasileiro de Econometria, de 07 a 09 de dezembro de 2011, na cidade de Foz de Iguaçu, PR. Esperamos a presença de cerca de 600 participantes para este ano. O evento e voltado, principalmente, para os usuarios de metodos quantitativos em economia, mas e aberto ao publico academico e cientifico em geral, bem como ao tecnico-profissional. A estrutura tradicional do evento devera ser mantida, incluindo Sessoes Ordinarias para apresentaçao de trabalhos cientificos, Conferencias e Sessoes Especiais com convidados internacionais, alem de dois Mini-cursos. Ao oferecer dois mini-cursos, que ja se tornaram uma tradiçao bem sucedida dos seus encontros anuais, e seguindo a sua politica de escolher a cada ano temas de areas diferentes, a SBE contribui, ainda mais, para os avanços recentes nos diferentes setores de pesquisa e aplicaçao da economia.</s>
    <s>32º Encontro Brasileiro de Econometria</s>
    <s>dezembro 8, 2010 - dezembro 10, 2010</s>
    <s>A Sociedade Brasileira de Econometria (SBE) e uma entidade civil sem fins lucrativos que reune professores, pesquisadores, alunos de mestrado ou doutorado e outros profissionais interessados no estudo e aplicaçao de metodos quantitativos em economia e finanças. Possui cerca de 1.100 associados, sendo a principal associaçao de economistas no Brasil. Entre os seus socios, destacam-se os mais respeitaveis economistas formadores de opiniao sobre assuntos economicos nacionais e diversos nomes com participaçao ativa na vida economica brasileira.</s>
    <s>Desde sua fundaçao, em 1979, a SBE vem trabalhando para o desenvolvimento da ciencia economica no Brasil. Entre as suas atividades destacam-se, alem da realizaçao do Encontro Brasileiro de Econometria, a organizaçao de encontros regionais, cursos de aperfeiçoamento para alunos de pos-graduaçao e professores de economia e a publicaçao da Brazilian Review of Econometrics.</s>
    <s>Este ano, a SBE realizara o 32º Encontro Brasileiro de Econometria, de 08 a 10 de dezembro de 2010, no Gran Hotel Stella Maris Resort &amp; Conventions, na cidade de Salvador, Bahia. Esperamos a presença de cerca de 600 participantes para este ano. O evento e voltado, principalmente, para os usuarios de metodos quantitativos em economia, mas e aberto ao publico academico e cientifico em geral, bem como ao tecnico-profissional. A estrutura tradicional do evento devera ser mantida, incluindo Sessoes Ordinarias para apresentaçao de trabalhos cientificos, Conferencias e Sessoes Especiais com convidados internacionais, alem de dois Mini-cursos. Ao oferecer dois mini-cursos, que ja se tornaram uma tradiçao bem sucedida dos seus encontros anuais, e seguindo a sua politica de escolher a cada ano temas de areas diferentes, a SBE contribui, ainda mais, para os avanços recentes nos diferentes setores de pesquisa e aplicaçao da economia.</s>
    <s>Fotos do Evento</s>
    <s>31º Encontro Brasileiro de Econometria</s>
    <s>dezembro 9, 2009 - dezembro 11, 2009</s>
    <s>A Sociedade Brasileira de Econometria (SBE) é uma entidade civil sem fins lucrativos que reúne professores, pesquisadores, alunos de mestrado ou doutorado e outros profissionais interessados no estudo e aplicação de métodos quantitativos em economia e finanças. Possui cerca de 1.100 associados, sendo a principal associação de economistas no Brasil. Entre os seus sócios, destacam-se os mais respeitáveis economistas formadores de opinião sobre assuntos econômicos nacionais e diversos nomes com participação ativa na vida econômica brasileira.</s>
    <s>Desde sua fundação, em 1979, a SBE vem trabalhando para o desenvolvimento da ciência econômica no Brasil. Entre as suas atividades destacam-se, além da realização do Encontro Brasileiro de Econometria, a organização de encontros regionais, cursos de aperfeiçoamento para alunos de pós-graduação e professores de economia e a publicação da Brazilian Review of Econometrics.</s>
    <s>Este ano, a SBE realizará o XXXI Encontro Brasileiro de Econometria, de 09 a 11 de dezembro de 2009, na cidade de Foz de Iguaçu, PR. Esperamos a presença de cerca de 600 participantes para este ano. O evento é voltado, principalmente, para os usuários de métodos quantitativos em economia, mas é aberto ao público acadêmico e científico em geral, bem como ao técnico-profissional. A estrutura tradicional do evento deverá ser mantida, incluindo Sessões Ordinárias para apresentação de trabalhos científicos, Conferências e Sessões Especiais com convidados internacionais, além de dois Mini-cursos. Ao oferecer dois mini-cursos, que já se tornaram uma tradição bem sucedida dos seus encontros anuais, e seguindo a sua política de escolher a cada ano temas de áreas diferentes, a SBE contribui, ainda mais, para os avanços recentes nos diferentes setores de pesquisa e aplicação da economia.</s>
    <s>dezembro 10, 2008 - dezembro 12, 2008</s>
    <s>A Sociedade Brasileira de Econometria (SBE) é uma entidade civil sem fins lucrativos que reúne professores, pesquisadores, alunos de mestrado ou doutorado e outros profissionais interessados no estudo e aplicação de métodos quantitativos em economia e finanças. Possui cerca de 1.100 associados, sendo a principal associação de economistas no Brasil. Entre os seus sócios, destacam-se os mais respeitáveis economistas formadores de opinião sobre assuntos econômicos nacionais e diversos nomes com participação ativa na vida econômica brasileira.</s>
    <s>Desde sua fundação, em 1979, a SBE vem trabalhando para o desenvolvimento da ciência econômica no Brasil. Entre as suas atividades destacam-se, além da realização do Encontro Brasileiro de Econometria, a organização de encontros regionais, cursos de aperfeiçoamento para alunos de pós-graduação e professores de economia e a publicação da Brazilian Review of Econometrics.</s>
    <s>Este ano, a SBE realizará o XXX Encontro Brasileiro de Econometria, de 10 a 12 de dezembro de 2008, na cidade de Salvador, Bahia. Esperamos a presença de cerca de 600 participantes para este ano. O evento é voltado, principalmente, para os usuários de métodos quantitativos em economia, mas é aberto ao público acadêmico e científico em geral, bem como ao técnico-profissional. A estrutura tradicional do evento deverá ser mantida, incluindo Sessões Ordinárias para apresentação de trabalhos científicos, Conferências e Sessões Especiais com convidados internacionais, além de dois Mini-cursos. Ao oferecer dois mini-cursos, que já se tornaram uma tradição bem sucedida dos seus encontros anuais, e seguindo a sua política de escolher a cada ano temas de áreas diferentes, a SBE contribui, ainda mais, para os avanços recentes nos diferentes setores de pesquisa e aplicação da economia.</s>
    <s>Série de Conferências EESP</s>
    <s>Esta conferência é a primeira da série de conferências da EESP-FGV sobre a economia brasileira. Esta séries ocorrerão anualmente e serão publicadas no formato de periódico com livre acesso pela página na internet.</s>
    <s>      Os principais objetivos das conferências são: (a) organizar as idéias mais importantes sobre tópicos relacionados a política pública aplicados à economia brasileira, (b) incentivar a pesquisa sobre temas fundamentais de nossa economia, e (c) aumentar o conhecimento da nossa economia através de trabalhos acadêmicos de qualidade. Em outras palavras a missão desta conferência e do periódico que dela decorre é a de fornecer uma referência de trabalhos acadêmicos aplicados a temas fundamentais para o desenvolvimento da economia brasileira.</s>
    <s>      Cada conferência será organizada sobre um tema específico com artigos apresentados por pesquisadores de elevado conhecimento e liderança acadêmica na área de pesquisa. A primeira conferência será sobre crescimento econômico. Cada ano posterior terá um tema escolhido de</s>
    <s>acordo com os desafios com que o Brasil se depara.</s>
    <s>      Nesta primeira conferência oito artigos serão apresentados e comentados e ocorrerá uma aula especial de abertura ministrada por um acadêmico de elevada reputação e experiência na pesquisa em questão.</s>
    <s>Série de Conferências EESP 2009 - Crescimento Econômico</s>
    <s>novembro 11, 2009 - novembro 11, 2009</s>
    <s>Esta conferência é a primeira da série de conferências da EESP-FGV sobre a economia brasileira. Esta séries ocorrerão anualmente e serão publicadas no formato de periódico com livre acesso pela página na internet.</s>
    <s>      Os principais objetivos das conferências são: (a) organizar as idéias mais importantes sobre tópicos relacionados a política pública aplicados à economia brasileira, (b) incentivar a pesquisa sobre temas fundamentais de nossa economia, e (c) aumentar o conhecimento da nossa economia através de trabalhos acadêmicos de qualidade. Em outras palavras a missão desta conferência e do periódico que dela decorre é a de fornecer uma referência de trabalhos acadêmicos aplicados a temas fundamentais para o desenvolvimento da economia brasileira.</s>
    <s>      Cada conferência será organizada sobre um tema específico com artigos apresentados por pesquisadores de elevado conhecimento e liderança acadêmica na área de pesquisa. A primeira conferência será sobre crescimento econômico. Cada ano posterior terá um tema escolhido de  acordo com os desafios com que o Brasil se depara.</s>
    <s>Forecasting in Rio</s>
    <s>Forecasting has applications in several areas of Econometrics, although macroeconomic forecasting has occupied a relative large space in the literature historically. Recently, however, financial applications have gained momentum, with topics such as forecasting volatility, quantiles, distributions, etc. Panel-data techniques also show promise, since the added cross-sectional dimension allows the pooling of information, the pooling of forecasts, and pooling from different data frequencies, which is particularly important in financial applications.</s>
    <s>Forecasting in Rio 2008</s>
    <s>julho 29, 2008 - julho 31, 2008</s>
    <s>Forecasting has applications in several areas of Econometrics, although macroeconomic forecasting has occupied a relative large space in the literature historically. Recently, however, financial applications have gained momentum, with topics such as forecasting volatility, quantiles, distributions, etc. Panel-data techniques also show promise, since the added cross-sectional dimension allows the pooling of information, the pooling of forecasts, and pooling from different data frequencies, which is particularly important in financial applications.</s>
    <s>Forecasting in Rio is a chance to gather leading and younger researchers in this field to discuss this important topic in Econometrics in an open format.</s>
    <s>março 10, 2010 - março 12, 2010</s>
    <s>janeiro 28, 2008 - janeiro 30, 2008</s>
    <s>Financial Economics in Rio</s>
    <s>The conference will take place at FGV, and will consist of 15 presentations (by invitation) of 45 minutes each with 10-15 additional minutes for an open discussion. It is intended to be an open event for anyone who would be interested in attending.</s>
    <s>Financial Economics in Rio 2010</s>
    <s>dezembro 16, 2010 - dezembro 18, 2010</s>
    <s>Esta e uma conferencia organizada pelo professor Caio Almeida da Escola de Pos-Graduaçao em Economia da Fundaçao Getulio Vargas - EPGE/FGV.</s>
    <s>A conferencia inclui topicos na area de apreçamento de ativos, derivativos, fatores estocasticos de desconto, estrutura a termo da taxa de juros, e alocaçao de carteiras, entre outros. Consiste em 17 apresentaçoes de 45 minutos cada uma, com um tempo adicional de 10 a 15 minutos para uma discussao de cada artigo pelos membros da mesa. A audiencia e aberta ao publico, bastando para isso o pagamento de uma taxa de inscriçao. Devido a capacidade do auditorio existe uma limitaçao no numero de vagas disponiveis.</s>
    <s>As inscriçoes foram prorrogadas ate o dia 13 de dezembro.</s>
    <s>Os seguintes conferencistasja confirmaram sua presença:</s>
    <s>1. Allan Timmermann (Univ. of California San Diego, Economics Department)</s>
    <s>2. Aloisio Araujo (EPGE-FGV)</s>
    <s>3. Caio Almeida (EPGE-FGV)</s>
    <s>4. Darrell Duffie (Stanford Graduate School of Business)</s>
    <s>5. Eduardo Schwartz (University of California Los Angeles)</s>
    <s>6. Geert Bekaert (Columbia Business School)</s>
    <s>7. Gustavo Manso (Sloan MIT Management School)</s>
    <s>8. Jeremy Graveline (Univ. of Minnesota)</s>
    <s>9. Marcel Rindisbacher (Boston University)</s>
    <s>10. Peter Christoffersen (McGill University)</s>
    <s>11. Ravi Bansal (Fuqua School of Business at Duke Univ.)</s>
    <s>12. Raymond Kan (Rottman Business School, Toronto Univ.)</s>
    <s>13. Rene Garcia (EDHEC Business School)</s>
    <s>14. Robert Dittmar (Michigan University)</s>
    <s>15. Scott Joslin (Sloan MIT Management School)</s>
    <s>16. Yacine Ait-Sahalia (Princeton Univ. Department of Economics)</s>
    <s>17. Walter Novaes (PUC-RIO)</s>
    <s>As apresentaçoes serao conduzidas em ingles e nao havera traduçao simultanea.</s>
  </text>
</page>
