<?xml version="1.0" encoding="UTF-8"?>
<!DOCTYPE page SYSTEM "page.dtd">
<page>
  <lang>pt</lang>
  <url>http://produto.mercadolivre.com.br/MLB-164734370-aceito-troca-video-conferncia-polycom-vsx7000-completa-_JM</url>
  <title>Aceito troca - Video Conferência Polycom Vsx7000 Completa - R ...</title>
  <snippet>
    <s>Comprar e vender Aceito troca - Video Conferência Polycom Vsx7000 Completa - R$ Múltiplas opções de discagem e de taxas de dados, que permitem que as </s>
  </snippet>
  <text>
    <s>MercadoLivre - Onde comprar e vender de tudo.</s>
    <s>Cadastre-se | Entrar</s>
    <s>Meu Cadastro</s>
    <s>Portal de Contato</s>
    <s>Inicio &gt; &quot;</s>
    <s>aceito troca video conferncia polycom</s>
    <s>Filtre sua busca por:</s>
    <s>Telefonia (3)</s>
    <s>Programas e Software (1)</s>
    <s>Outros (1)</s>
    <s>Outros Eletronicos (1)</s>
    <s>Espirito Santo (1)</s>
    <s>Rio de Janeiro (2)</s>
    <s>Sao Paulo (3)</s>
    <s>Mais opçoes</s>
    <s>Com MercadoPago (5)</s>
    <s>Pagamento parcelado (4)</s>
    <s>Novo (2) | Usado (4)</s>
    <s>Frete gratis (1)</s>
    <s>Galeria de fotos</s>
    <s>Ordenar por:</s>
    <s>Mais relevantes</s>
    <s>Menor preço</s>
    <s>Maior preço</s>
    <s>Produtos 1-6 de 6</s>
    <s>1. Video Conferência Polycom Modelo Hdx7000 Hd Ntsc Faço Troca</s>
    <s>+ Camera + Cr - Nova - Sou Do Ml Desde 2002, Com + De 5600 Vendas</s>
    <s>R$ 4.50000 12 parcelas de R$ 43496</s>
    <s>Produto novo</s>
    <s>Rio de Janeiro</s>
    <s>2. Telefone Vídeo E Udio Conferência Polycom Vvx 1500</s>
    <s>Polycom Vvx1500</s>
    <s>R$ 6.99900 12 parcelas de R$ 67651</s>
    <s>Produto novo</s>
    <s>São Paulo</s>
    <s>3. Licença E Cd Polycom Pvx Original!!- Video Conferencia</s>
    <s>R$ 18000</s>
    <s>Produto usado</s>
    <s>ESPÍRITO SANTO</s>
    <s>4. Telefone Tele Conferencia Polycom Sond Station Ex Prime</s>
    <s>Completo Com Fontes E Acessorios Preço Imbativel</s>
    <s>R$ 49900 12 parcelas de R$ 4823</s>
    <s>Produto usado</s>
    <s>3 vendidos</s>
    <s>SAO PAULO</s>
    <s>5. Polycom Soundstation Premier - Audio Conferência</s>
    <s>R$ 35000 12 parcelas de R$ 3383</s>
    <s>Produto usado</s>
    <s>São Paulo</s>
    <s>6. Soundstation Polycom - Telefone P/ Áudio-conferência</s>
    <s>R$ 48000 12 parcelas de R$ 4640</s>
    <s>Produto usado</s>
    <s>RIO DE JANEIRO</s>
    <s>1. Placa De Video Gtx590 3gb</s>
    <s>A Melhor Do MundoPronta Entrega</s>
    <s>3gb Ddr5 768bits Evga Classified</s>
    <s>2. Som, Audio E Video</s>
    <s>Equip. De Som E Video Profissionais</s>
    <s>Para Dj`s - Musicos - Estudios, Etc</s>
    <s>3. Cpu Core 2 Duo 3.0ghz</s>
    <s>Hd 320gb/4gb/Grav.Dvd/Pl.Video 512</s>
    <s>Teclado/Mouse/Cx.Som/Windows 7 Pró</s>
    <s>4. Placa De Vídeo Em Oferta</s>
    <s>Hd5750 / Hd5770 / Hd5850 / Hd5870</s>
    <s>Tudo Em Até 18 X . Só Na Multilet</s>
    <s>MercadoAds - Anuncie aqui</s>
    <s>1. Compre Aqui Caneta Laser</s>
    <s>Vários Modelos Potências Veja Vídeo&lt;/dd&gt; Preços A Partir De R$ 48,99</s>
    <s>- www.qloja.com.br</s>
    <s>2. Placa De Video Por R$59</s>
    <s>O P O R T U N I D A D E 1gb 512mb</s>
    <s>12x No Mercadopago Envio Imediato</s>
    <s>- www.shopcentral.com.br</s>
    <s>3. Eletro, Áudio E Vídeo.</s>
    <s>Tudo Em 10x S/ Juros E Frete Gratis</s>
    <s>Tv's,dvd´s,som,portáteis E Mto +</s>
    <s>- www.marciastore.com.br</s>
    <s>Sobre o MercadoLivre</s>
    <s>Central de Segurança</s>
    <s>Mapa do site</s>
    <s>Ver outros paises</s>
    <s>O uso deste site implica na aceitação dos Termos e Condições Gerais e das Políticas de Privacidade do Ebazar.com.br LTDA. - empresa do grupo MercadoLivre.</s>
    <s>Copyright © 1999-2011 Ebazar.com.br LTDA. - empresa do grupo MercadoLivre.</s>
  </text>
</page>
