<?xml version="1.0" encoding="UTF-8"?>
<!DOCTYPE page SYSTEM "page.dtd">
<page>
  <lang>pt</lang>
  <url>http://bde.weblog.com.pt/arquivo/128584.html</url>
  <title>BdE - Blogue de Esquerda (II): O BANQUETE (CONCLUSÃO)</title>
  <snippet>
    <s>3 jul. 2004 O BANQUETE (CONCLUSÃO). No fim houve uma sessão de stand-up comedy Afirmou que esta conferência tinha sido o melhor passo na melhoria </s>
  </snippet>
  <text>
    <s>BdE - Blogue de Esquerda (II)</s>
    <s>POLICA, CULTURA, IDEIAS, OPINIS, MANIFESTOS &amp; ETC (envie os seus contributos e sugestpara correio@bde.weblog.com.pt). Este blogue antido por Joso Silva e Manuel Deniz Silva. Colaboradores permanentes: Filipe Moura, Francisco Fraz Frederico oas, Luis Rainha, Margarida Ferra, Marta Lan tchernignobyl</s>
    <s>« COMO SERIA BONITO | Entrada | O BLOGUE DA CONFERCIA »</s>
    <s>julho 03, 2004</s>
    <s>O BANQUETE (CONCLUS)</s>
    <s>No fim houve uma sessde stand-up comedy com Jeffrey Harvey, outro guru (este de Chicago), ntanto como Witten, claro, mas um tipo porreirimo e com um excelente sentido de humor. Afirmou que esta conferia tinha sido o melhor passo na melhoria das relas franco-americanas dos os tempos e desejou que, para o ano, na pra conferia, houvesse uma nova administra americana. Assim, sem mais delongas. Foi aplaudido em p/p&gt; Publicado por Filipe Moura em julho 3, 2004 01:15 AM | TrackBack</s>
    <s>s pnsaltaram para cima das mesas? estavam muito atinadinhos!</s>
    <s>Afixado por: pedro em julho 3, 2004 02:34 AM</s>
    <s>Comente esta entrada</s>
    <s>Lembrar-me da sua informa pessoal?</s>
  </text>
</page>
