<?xml version="1.0" encoding="UTF-8"?>
<!DOCTYPE page SYSTEM "page.dtd">
<page>
  <lang>pt</lang>
  <url>http://brasil.nextbillion.net/search%3Fq%3DArtemisia%26t%3Dnews</url>
  <title>Notícias - Nextbillion.net | Negócios que reduzem a pobreza</title>
  <snippet>
    <s>Chamada de Choice, a conferência é um convite para aquelas pessoas inquietas e O Start-up Lab é um evento pioneiro, idealizado pela Artemisia e Hub, que sociais são vistos no Brasil, aguarde mais informações e novos artigos no </s>
  </snippet>
  <text>
    <s>Negócios que reduzem a pobreza</s>
    <s>O NextBillion Brasil é uma plataforma de conhecimento e oportunidades voltadas para empreendedores, ONGs, líderes sociais, empresas e estudantes e demais interessados em explorar a conexão existente entre desenvolvimento social e mercado.</s>
    <s>Sobre o Next Billion</s>
    <s>Resultados da busca</s>
    <s>&lt; First</s>
    <s>&lt; Previous</s>
    <s>Next &gt;</s>
    <s>Last »</s>
    <s>Nova vaga de trabalho na Artemisia</s>
    <s>Para quem esta procurando novas vagas de trabalho, o NextBillion Brasil traz a voce uma excelente oportunidade: vaga de analista de comunicaçao na Artemisia!</s>
    <s>Publicado em Mar 22 2011</s>
    <s>Quer fazer parte dos embaixadores da Artemisia?</s>
    <s>Em agosto de 2011 a Artemisia trata para o Brasil a primeira conferencia sobre Negocios Sociais para o publico universitario, a exemplo do movimento que ja foi criado em universidades como Stanford e Harvard.</s>
    <s>Chamada de Choice, a conferencia e um convite para aquelas pessoas inquietas e que tem um espirito empreendedor pronto para explorar novas possibilidades de negocios e impacto.</s>
    <s>Publicado em Mai 12 2011</s>
    <s>O Start-up Lab e um evento pioneiro, idealizado pela Artemisia e Hub , que permite a empreendedores de negocios sociais apresentar seus negocios ou ideia a uma banca de especialistas e interessados, com o objetivo de testar seus modelos, obter sugestoes de melhoria e fazer contato com atores que possam contribuir para o empreendimento.</s>
    <s>No prazo de cinco minutos, cada apresentador ( pitcher ) faz sua exposiçao a uma banca formada por investidores, empreendedores, academicos e profissionais de comunicaçao, alem de uma plateia de interessados no tema negocios sociais. Os pitchers devem deixar claro o modelo de seu negocio, historico e perfil do empreendedor, e expor qual sua necessidade para o empreendimento, como investimento, sociedade, recursos fisicos e clientes.</s>
    <s>Publicado em Mar 24 2011</s>
    <s>Movimento Choice esta lan</s>
    <s>Para quem ainda nao teve a oportunidade de conhecer melhor o Movimento Choice, esta lançado o novo programa da Artemisia para universitarios inquietos que querem ajudar no fomento de novos modelos de negocios no Brasil.</s>
    <s>Tendo como principal movimento a Conferencia Choice, a primeira sobre negocios sociais no Brasil, que sera realizada entre os dias 18 e 19 de agosto, o movimento reune um grupo de estudantes de 9 estados brasileiros, que irao espalhar o conhecimento e engajamento em negocios sociais por todo o pais.</s>
    <s>No ultimo final de semana, nos dias 28 e 29, o grupo de 50 jovens escolhidos para serem os embaixadores dessa iniciativa passaram por uma vivencia e treinamento oferecidos pela Artemisia, com o objetivo de formar esse grupo para reproduzir o conhecimento gerado pela organizaçao atravpes de workshops em diversas organizaçoes de ensino.</s>
    <s>Com pessoas das mais variadas formaçoes, organizaçoes de ensino ou instituiçoes juvenis, o primeiro final de semana dessa nova iniciativa Artemisia deixou clara a marca que essas pessoas querem trazer: levar o conhecimento sobre o setor para um numero cada vez maior de pessoas, atraindo novos talentos para negocios sociais e para a conferencia. Segundo Felipe Alvez, um dos embaixadores de Sao Paulo, a missao desse novo grupo e dessa nova iniciativa e &quot;provar as pessoas que mudar o mundo nao e um hobby, mas uma profissao&quot;.</s>
    <s>Para saber mais sobre esse movimento que pretende mudar a forma como os negocios sociais sao vistos no Brasil, aguarde mais informaçoes e novos artigos no NextBilliion Brasil, com entrevistas e outras informaçoes. Ou entao, envie um email para choice.artemisia.org.br.</s>
    <s>Fique por dentro e nao deixe de acompanhar mais noticias sobre a primeira conferencia sobre novos formatos de negocios no Brasil!</s>
    <s>Publicado em Mai 29 2011</s>
    <s>Para quem quer ser empreendedor, tem uma boa ideia de negocio que alia impacto social e lucro, quer desenvolver um novo plano de negocios e ainda nao tinha achado uma boa oportunidade para desempenhar todas essas possibilidades, a Artemisia estendeu os prazos de inscriçao no Artemisia Social Business Competition</s>
    <s>Acesse o site e saiba mais</s>
    <s>Nao fique de fora dessa!</s>
    <s>Publicado em Mai 5 2011</s>
    <s>Start-up Lab Curitiba</s>
    <s>O Start-up Lab e um provocativo convite ao risco. Voce esta pronto para testar o seu negocio?</s>
    <s>No dia 18 de Março acontece em Curitiba a segunda ediçao do Start-up LabO evento pioneiro, idealizado pela Artemisia e Hub, permite a empreendedores apresentar seus negocios ou ideias a uma banca de especialistas e interessados, com o objetivo de testar seus modelos, obter sugestoes de melhoria e fazer contato com atores que possam contribuir para o empreendimento.</s>
    <s>Publicado em Mar 1 2011</s>
    <s>Usina de Ideias</s>
    <s>&quot;Entre ganhar dinheiro ou fazer a diferença no mundo, fique com os dois&quot;. Essa e a mensagem que a Artemisia Negocios Sociais, organizaçao pioneira sobre o tema no Brasil, quer levar as pessoas que estao no momento de redefiniçao de suas carreiras. E para que isso aconteça, a Artemisia oferece atividades para aproximar o universo dos negocios sociais aos empreendedores, gestores e estudantes, bem como jornalistas e formadores de opiniao. Serao formaçoes, discussoes e encontros. Alem do Start up Lab, onde esses negocios sao avaliados por investidores e especialistas de diversas areas.</s>
    <s>Com o objetivo de oferecer vivencias praticas sobre negocios sociais, o Usina de Ideias e o primeiro evento do ano, e acaba de abrir as inscriçoes. Esse programa oferece aos participantes a oportunidade de conhecer a fundo o conceito e casos de negocios sociais; compreender melhor a realidade da baixa renda no Brasil e gerar suas proprias ideias de negocio. A formaçao e destinada a empreendedores e gestores de negocios sociais e pessoas interessadas no tema.</s>
    <s>Segundo Maure Pessanha, diretora executiva da Artemisia, &quot;o setor de negocios sociais esta em desenvolvimento no pais. Nossa contribuiçao para o campo e a formaçao de equipes de alta performance para atuarem em negocios de alto impacto. O Usina de Ideias e o primeiro passo para aqueles interessados em atuar nesses negocios que reduzem a pobreza.</s>
    <s>Publicado em Fev 7 2011</s>
    <s>Banco Perola na TV Cultura</s>
    <s>&quot;Quando eu lia sobre o microcredito, eu nao imaginava quer o impacto era tao grande.&quot; Alessandra França, empreendedora do banco de microcredito de Sorocaba (SP) foi entrevistada ontem no programa Provocaçoes da TV Cultura. Falou sobre o tamanho dos emprestimos, o perfil dos jovens empreendedores que buscam credito com o banco, e o impacto que esse produto causa na vida deles. Vale a pena assistir!</s>
    <s>Leia mais sobre Alessandra e o Banco Perola no nosso artigo.</s>
    <s>Publicado em Jun 1 2011</s>
    <s>CHOICE Conference</s>
    <s>Voce ja conhece o site da CHOICE Conference? Nao perca tempo e confira as informaçoes completas sobre o evento. As inscriçoes ja começaram e estao no primeiro lote promocional. Nao perca tempo!</s>
    <s>Publicado em Jun 13 2011</s>
    <s>10 negocios que podem melhorar o mundo</s>
    <s>Conheça a proposta de negocios que, alem do lucro, tem como objetivo beneficiar a sociedade. Todos os modelos apresentados tiveram apoio da Artemisia, vale a pena conferir</s>
    <s>Publicado em Mai 20 2011</s>
    <s>Procurar no Next Billion</s>
    <s>Equipe Next Billion Brasil</s>
    <s>Clarissa Barbosa</s>
    <s>Rob Parkinson</s>
    <s>Daniel Gonzaléz</s>
    <s>Comitê Editorial</s>
    <s>Edgard Barki</s>
    <s>Daniel Izzo</s>
    <s>Vivianne Naigeborin</s>
    <s>Maure Pessanha</s>
    <s>Anna Romanelli</s>
    <s>Ver a lista completa da equipe do site »</s>
    <s>Siga o Next Billion</s>
    <s>Parceiros Estratégicos</s>
    <s>Parceiros associados</s>
    <s>Parceiros Fundadores</s>
    <s>Contato | Políticas do site</s>
    <s>(C) 2011 Copyright NextBillion.net</s>
  </text>
</page>
