<?xml version="1.0" encoding="UTF-8"?>
<!DOCTYPE page SYSTEM "page.dtd">
<page>
  <lang>pt</lang>
  <url>http://app.parlamento.pt/par-jbmotaamaral/intervencoes/2002/smiguel_rib_gr.html</url>
  <title>Conferência &quot;Dúvidas e Incertezas na Construção Europeia&quot;</title>
  <snippet>
    <s>Beneficiamos além disso de uma moeda forte, que ajuda a conter a subida dos preços, do descrédito ou mesmo da rejeição pela opinião pública. </s>
  </snippet>
  <text>
    <s>Conferencia &quot;Duvidas e Incertezas na Construçao Europeia&quot;</s>
    <s>Ribeira Grande, S. Miguel</s>
    <s>Minhas Senhoras e</s>
    <s>Meus Senhores</s>
    <s>Honrou-me o Senhor Presidente da Camara Municipal da Ribeira Grande com o convite para fazer uma conferencia nas Festas da Cidade do ano em curso de 2002.</s>
    <s>Estas celebraçoes do velho burgo ribeiragrandense, elevado finalmente a cidade nos primeiros tempos do regime autonomico constitucional dos Açores, tem ja pergaminhos.</s>
    <s>Se bem me lembro, sempre me associei a estas festividades, ao longo dos sucessivos mandatos que desempenhei, como Presidente do Governo da nossa Regiao Autonoma.</s>
    <s>Regresso, agora na qualidade de Presidente da Assembleia da Republica, com a mesma satisfaçao e a alegria de sempre, mas desta vez para matar saudades tambem.</s>
    <s>Minhas Senhoras e</s>
    <s>Meus Senhores</s>
    <s>Escolhi para tema de reflexao nesta noite o processo da construçao europeia e as duvidas e incertezas que presentemente atravessa.</s>
    <s>É questao da maior actualidade, tamanho e o interesse que reveste para o futuro colectivo da Uniao, de cada um dos estados-membros e de todos os seus cidadaos e cidadas.</s>
    <s>O projecto de unir os paises europeus e organizar entre eles uma cooperaçao estreita e solidaria surge no rescaldo da II Guerra Mundial.</s>
    <s>Teve antepassados diversos, desde tempos remotos, mas sempre baseados na hegemonia e dominaçao de uns povos sobre os outros.</s>
    <s>Os destroços da grande conflagraçao - destroços horrendos, materiais e sobretudo humanos - obrigaram os responsaveis a abrir os olhos e a comprometerem-se a seguir por caminhos diferentes.</s>
    <s>A guerra fria fez o restoMal assente ainda a paz, verificou-se, conforme a inspirada expressao do grande Churchil, a descida de uma cortina de ferro de Talin a Trieste, cortando ao meio o Velho Continente.</s>
    <s>Os beligerantes da vespera, França, Belgica, Holanda e Luxemburgo, de um lado, Alemanha e Italia, do outro, participando todos agora de um quadro economico de livre empresa e de um regime democratico pluralista, descobriram-se irmanados em objectivos comuns, de reconstruçao economica e social, bem como de rejeiçao formal da guerra e de respeito dos direitos humanos.</s>
    <s>Por seu turno, o grande aliado contra os totalitarismos nazi-fascistas, a Uniao Sovietica, deixava ver, sob a tirania de Stalin, os seus propositos agressivos e imperialistas, escravizando parte da Alemanha e toda a Europa Central e Oriental, desde as planicies da Ucrania, confrontando com as praias do Mar Negro, ate a Hungria, na margem do Danubio e a Polonia, fechando o Mar Baltico.</s>
    <s>A Aliança Atlantica, ligando estreitamente a Europa Ocidental aos Estados Unidos da America, impos-se, naturalmente, e garantiu de imediato a segurança e a estabilidade.</s>
    <s>O Plano Marshall constituiu a demonstraçao palpavel e definitiva da solidariedade transatlantica.</s>
    <s>A Europa, destruida e faminta, reergueu-se dos escombros e arrancou, imparavel, para o desenvolvimento e o progresso, graças a ajuda economica e tecnica norte-americana.</s>
    <s>E isto apesar das tensoes e conflitos provocados pelo ruir dos imperios coloniais: frances, belga e holandes.</s>
    <s>O Reino Unido manteve-se de inicio a margem, comprometido com as suas antigas colonias e na mira de conseguir lidera-las. Os ventos da Historia, porem, com o seu sopro arrasador e as vezes tragico, falaram mais forte.</s>
    <s>A construçao europeia começou por um pequeno passo: os seis paises interessados puseram em comum, os recursos, entao altamente estrategicos, do carvao e do aço.</s>
    <s>O exito da experiencia ditou o avanço para o Tratado de Roma e a fundaçao da Comunidade Economica Europeia, em 1957. O Mercado Comum visava ser um espaço de livre circulaçao de pessoas, mercadorias e capitais, com aboliçao de alfandegas no interior e a definiçao uma so tarifa aduaneira relativamente aos paises exteriores a ele.</s>
    <s>O alargamento do mercado, assim obtido, desencadeou um surto de crescimento economico deveras espectacular.</s>
    <s>Dos paises mais pobres da Europa Ocidental, Espanha e Portugal, acorreram trabalhadores aos milhoes, procurando o emprego e o salario compensador que lhes faltava ao pe de casa, embora para isso tivessem de sujeitar-se a tratamento duro e muitas privaçoes.</s>
    <s>Sublinho este aspecto para lembrar que o fenomeno da imigraçao clandestina nao e novo na Europa e ja dele foram protagonistas compatriotas nossos, os emigrantes de salto, fugindo os mais novos da pobreza e das agruras das guerras africanas, despovoando largas faixas do interior do territorio continental da Republica.</s>
    <s>(Deixei de lhe chamar Continente, por me parecer manifesto exagero, face as exiguas dimensoes; por outro lado, a designaçao veio a ser apropriada recentemente por uma cadeia de hiper-mercados…)</s>
    <s>O sucesso do Mercado Comum determinou medidas defensivas por parte dos paises que ficaram de fora. O Reino Unido, os paises escandinavos, a Áustria e Portugal formaram a Associaçao Europeia de Comercio Livre, conhecida pelas respectivas iniciais, em lingua inglesa, EFTA.</s>
    <s>Mas em breve se percebeu que o efeito de atracçao do Mercado Comum era maior. Tal como acontece nas lonjuras imensas do espaço sideral, onde as galaxias maiores sugam a materia das mais pequenas, um a um dos paises do &quot;grupo dos sete&quot; foram engrossar a Comunidade Economica Europeia.</s>
    <s>Esta passou assim, de seis estados-membros para nove, com a adesao, em 1973, do Reino Unido, da Irlanda e da Dinamarca; com a Grecia, em 1981, ficou com dez; Portugal e Espanha entraram no começo do ano de 1986, chegando a CEE aos doze; o mais recente alargamento deu-se em 1995, entrando a Áustria, a Suecia e a Finlandia, concluindo-se o presente elenco dos Quinze.</s>
    <s>Para Portugal, a entrada na CEE foi muito importante. Terminado o ciclo imperial, impunha-se iniciar um novo capitulo. A CEE abriu-nos mercados, atraiu investimento directo estrangeiro, ajudou-nos a modernizar as infra-estruturas e a qualificar os recursos humanos.</s>
    <s>Nos Açores, o mesmo se passou. As ajudas de pre-adesao começaram a financiar projectos varios, ainda enquanto decorriam as negociaçoes. Salvaguardados interesses fundamentais, logo em anexo ao Tratado de Adesao - no dominio da agricultura e das pescas, bem como nos transportes, energia e fiscalidade - o afluxo dos fundos estruturais da CEE deu ao desenvolvimento regional o impulso necessario, suplantando, progressivamente, em importancia, a ajuda americana inicial e substituindo-a, de todo, a partir de certa altura.</s>
    <s>No final da decada de oitenta, passados mais de quarenta anos sobre o fim da guerra, a Europa organizava-se nas seguintes instituiçoes: o Conselho da Europa, abrangendo todos os paises democraticos, incluindo a Suiça, vinculados a Convençao Europeia dos Direitos Humanos; a CEE, com objectivos de natureza economica e a expansao ja referida; a Uniao da Europa Ocidental, por sinal a mais antiga de todas, com missoes de defesa colectiva, na pratica ultrapassada pelo intenso protagonismo da Organizaçao do Tratado do Atlantico Norte.</s>
    <s>Do outro lado, sob dominaçao da Russia Sovietica, espezinhando a democracia e os direitos humanos de milhoes e milhoes de europeus, conviviam organizaçoes homologas: o Pacto de Varsovia, para a defesa; e o Comecon, simulacro de mercado comum, sob o signo da ineficacia do colectivismo e dos grandes monopolios estatais.</s>
    <s>A confrontaçao surda entre os dois blocos teve o seu desfecho inevitavel em 1989, com o triunfo da liberdade e da democracia. O derrube do Muro de Berlim, por uma multidao desarmada, foi o simbolo sublime do colapso do totalitarismo comunista e da implosao do imperio sovietico.</s>
    <s>Como um vendaval impetuoso, a aspiraçao emancipadora fez cair as conquistas do regime sovietico e mesmo as do antigo regime czarista, estendendo-se ate aos confins da Ásia Central.</s>
    <s>A repressao policiesca do pensamento livre, a sufocaçao do espirito de iniciativa, o abuso de poder e a corrupçao de uma nomenklatura minoritaria compuseram o veneno letal do celerado regime sovietico.</s>
    <s>Um problema novo surgiu entao na Europa: as jovens democracias do centro e do leste aglomeravam-se as portas da NATO e da CEE, reivindicando entrada rapida, na mira de assim garantirem a sua segurança perante as pulsoes imperiais do grande vizinho russo, bem como a vitoria sobre a miseria em que viviam e portanto o acesso a abundancia comunitaria.</s>
    <s>Na euforia da liberdade reconquistada, os povos do centro e leste da Europa desejavam respostas rapidas. Porem, o comunismo sovietico tinha durado quatro decadas e os seus estragos eram tremendos.</s>
    <s>Em muitos desses paises, a economia e a propria sociedade tinham estagnado no patamar correspondente ao fim da guerra. O desnivel com as medias da CEE era enorme. Teria sido preciso um verdadeiro Plano Marshall II para enfrentar o desafio. Faltou o rasgo para uma decisao generosa por parte dos lideres comunitarios, envolvidos ja em politicas orçamentais restritivas, na mira da criaçao de uma moeda unica europeia.</s>
    <s>A aspiraçao das novas democracias do centro e leste europeu nao ficou todavia sem resposta: - prometeu-se a adesao a todos, como se tal fosse possivel a breve trecho e sem atender a situaçoes bem diversas, verificadas nesse grupo de paises.</s>
    <s>Em meu entender, melhor teria sido, mil vezes, em complemento da ajuda economica, gritantemente necessaria, um esquema de associaçao imediata de cada um desses paises a Comunidade, a prolongar-se talvez por vinte anos, ou menos, se porventura assim se mostrasse razoavel.</s>
    <s>O objectivo principal seria, neste prazo, a modernizaçao das infra-estruturas essenciais e dos proprios sectores economicos, nomeadamente a agricultura e a industria, de modo a aguentarem a competiçao aberta do grande mercado interior caracteristico da CEE, evitando serem pela mesma pura e simplesmente varridos de cena.</s>
    <s>A reforma dessas economias e o funcionamento eficaz de um sector empresarial privado, suficientemente dinamico, tambem exige tempo. Privatizaçoes feitas a pressa e sem criterio redundam em desordem social e corrupçao. Disso nao faltam exemplos, infelizmente, nos paises agora em causa.</s>
    <s>No fundo, ha aqui um serio problema a resolver, de mudança de mentalidades, elemento estrutural, portanto insusceptivel de uma alteraçao rapida. Forçar a mudança pode ate ter efeitos perversos, despertando o saudosismo da estabilidade perdida, por mais miseravel que tenha sido. Disso tambem ja se viram preocupantes sinais.</s>
    <s>Minhas Senhoras e</s>
    <s>Meus Senhores</s>
    <s>O desaparecimento subito e ate inesperado do quadro de referencias geo-estrategicas e politicas do imediato pos-guerra foi uma convulsao para toda a Europa, com reflexos no mundo inteiro.</s>
    <s>Entre nos, ditou a aceleraçao da construçao europeia, no duplo sentido do alargamento e do aprofundamento.</s>
    <s>A Comunidade Economica Europeia, levada aos limites da integraçao pelo Acto Único, de 1986, depressa evoluiu, num sentido unificador, para a Uniao Europeia, esboçada no Tratado de Maastricht, em 1993, logo a seguir confirmada e reforçada no Tratado de Amesterdao (1997).</s>
    <s>Mantendo as finalidades de integraçao economica iniciais, pretende-se agora enveredar por uma integraçao politica, mediante o exercicio em comum de poderes caracteristicos da soberania dos estados-membros.</s>
    <s>O passo de gigante foi dado, neste proposito, com a adopçao do &quot;euro&quot;, primeiramente como moeda escritural, mas ja com cambios fixos e taxa de juro comum; e a partir de Janeiro passado com a entrada em circulaçao das novas especies fiduciarias.</s>
    <s>Abolidas as fronteiras no interior da Uniao, e possivel ir agora desde os Açores ate Berlim sem ser preciso passaporte, nem sequer passar controles identificativos e ainda por cima com as mesmas notas e moedas no bolso.</s>
    <s>Beneficiamos alem disso de uma moeda forte, que ajuda a conter a subida dos preços, inclusive do proprio dinheiro.</s>
    <s>A moeda unica tem evidentes vantagens; mas exige grande responsabilidade economica, nos moldes do livre funcionamento dos mercados; e restriçao mesmo na politica orçamental.</s>
    <s>A partir de agora cada um dos estados-membros deixou de dominar a moeda, usando-a a seu bel-prazer: para se financiar a si proprio, com avanços do banco emissor, por exemplo; ou com objectivos de politica economica, para corrigir o desequilibrio da balança comercial, atraves da desvalorizaçao cambial.</s>
    <s>A moeda unica vai trazer consigo a harmonizaçao fiscal. E ja representa outras serias limitaçoes aos poderes dos estados-membros, para agirem por si proprios no campo economico e mesmo no social.</s>
    <s>Os diferentes graus de desenvolvimento no interior da Uniao mantem a porta aberta a choques assimetricos, em resultado de qualquer crise. Impoe-se uma gestao inteligente e ductil dos poderes financeiros da Uniao, a fim de assegurar que o processo de construçao europeia nao sofra o impacto negativo da insatisfaçao, do descredito ou mesmo da rejeiçao pela opiniao publica.</s>
    <s>Acresce que a globalizaçao tambem nos sacode, de portas para dentro, pondo em causa a competitividade da economia europeia e fazendo engrossar a imigraçao, em termos que e patente as nossas sociedades terem dificuldades para enfrentarem.</s>
    <s>Ora, face a este panorama, que envolve todo um complexo de problemas de dificil soluçao, o alargamento da Uniao Europeia para leste e com certeza necessario; mas coloca novos desafios a grandeza de animo dos dirigentes e dos proprios cidadaos e cidadas.</s>
    <s>Antes de mais nada, um designio tao arrojado exige meios financeiros muito apreciaveis. Teimosamente, mantem-se um tecto para o orçamento da Uniao, correspondente a 1,27 do respectivo Produto Interno Bruto, o que e obviamente desproporcionado ao esforço a fazer.</s>
    <s>Como a politica agricola comum absorve cerca de 60% dos recursos comunitarios, apontam-se as expectativas de soluçao do impasse para a reforma da mesma. Acontece, porem, que os paises que mais beneficiam da PAC opoem-se frontalmente a qualquer mudança, que afecte o rendimento dos seus agricultores e a pujança e diversificaçao das suas agriculturas. Sempre vao contrapondo, como sugestao, que a PAC nao se aplique aos novos estados-membros fruto do alargamento… Mas que sentido faz privar estes de beneficios gozados pelos outros? Seria injusto manter, na Uniao, cidadaos de primeira e outros de segunda!</s>
    <s>O dificil debate em curso viu surgir ja a proposta de se renacionalizar a politica agricola, bem como alias outras politicas comuns, incluindo ate a regional. Esta interessa-nos particularmente: ela que visa corrigir os desequilibrios geograficos de desenvolvimento, compensando as desvantagens naturais das zonas perifericas, montanhosas, insulares ou vitimas de outros desfavorecimentos.</s>
    <s>Em aplicaçao, estranha e distorcida, do principio da subsidiariedade, a Uniao ficariam reservadas areas de intervençao nos dominios da moeda, da politica externa, da defesa, do espaço comum de liberdade e de justiça, incluindo a imigraçao e o combate contra a grande criminalidade organizada, seja o trafico de droga ou de seres humanos, verdadeiros flagelos dos nossos tempos de acentuada decadencia moral.</s>
    <s>Mas o problema nao e so o de saber quem faz o que, no ambito da Uniao Europeia alargada. Para alguns, junto com a declaraçao de direitos definidores da nova cidadania, esse seria afinal o conteudo por excelencia da pretendida Constituiçao da Uniao Europeia. A Uniao deveria pautar-se pela aplicaçao rigorosa do principio da subsidiariedade, importado da teoria classica do Estado e que remete para o nivel mais proximo dos cidadaos todas as tarefas que nele alcancem realizaçao mais eficaz.</s>
    <s>Assim, as pessoas individuais e as familias seriam as primeiras responsaveis pela satisfaçao das necessidades, proprias ou colectivamente sentidas, em toda a medida das suas capacidades e recursos proprios; as autarquias locais seriam chamadas a partir do limiar de esgotamento dessas capacidades e desses recursos; onde houvesse organizaçao regional do Estado, entrariam seguidamente as regioes, sem esmagar nunca as naturais competencias autarquicas; aos estados e a propria Uniao, os mesmos principios e regras se imporiam.</s>
    <s>Subentende-se que nesta piramide de entidades de diversa dimensao e grau - funcionando como uma cascata, paradoxalmente em ascensao e da qual resulta uma organizaçao da sociedade plenamente plural - melhor se assegura a gestao dos recursos publicos e mais ampla e profundamente se respeitam as liberdades, individuais e das varias instituiçoes.</s>
    <s>Acontece, porem, que subsiste o problema da repartiçao dos recursos. Com efeito, nao basta dizer que as entidades mais proximas dos cidadaos e das cidadas devem ser as competentes para isso ou para aquilo, se nao se lhe garantirem as receitas adequadas. Sem contrapartidas claras deste genero, o conceito de subsidiariedade invoca-se em vao - e nao passa de um expediente cinico do mais feroz centralismo.</s>
    <s>No caso europeu, mistura-se-lhe o egoismo nacional dos paises mais ricos da Uniao, que entendem ja estar pagando demais para os cofres comuns e nao querem por isso aceitar novos encargos.</s>
    <s>Ora, a logica do projecto europeu e toda ela de solidariedade. E esta nao funciona so num sentido. Na verdade, a integraçao economica representa, como e evidente, alargamento dos mercados e o acesso a recursos naturais, vantagens das quais as economias mais poderosas obtem os maiores proveitos. Boa parte das ajudas ao desenvolvimento das zonas menos desenvolvidas regressa a origem, trocada por importaçoes de bens de equipamento, de capitais e de tecnologia, ai sobreabundantes e em busca de colocaçao. E estas beneficiaçoes reciprocas criam sinergias propicias ao progresso comum.</s>
    <s>É por isso razoavel manter e incrementar mesmo uma redistribuiçao de recursos financeiros dentro da Uniao e por via do respectivo orçamento. Numa perspectiva de alargamento de quinze para vinte, vinte e cinco ou mesmo vinte e sete estados-membros, as exigencias neste dominio sao enormes!</s>
    <s>Acresce que o alargamento, fazendo entrar na Uniao um conjunto de paises mais atrasados e alguns deles mesmo muito pobres, vai fazer baixar as medias comunitarias. Assim, muitas regioes actualmente beneficiarias de fundos estruturais para o seu desenvolvimento vao encontrar-se, de um dia para o outro, e por mero efeito estatistico, acima dos limites fixados para tais beneficios (75% do PIB comunitario per capita ), como se subitamente tivessem enriquecido… Para ja foram aceites factores correctivos desse sobressalto; resta saber, ate quando irao vigorar.</s>
    <s>Valha-nos, a nos Açores, como regiao ultra-periferica, as garantias do Tratado de Maastricht, reforçadas em Amesterdao e, de algum modo, alargadas em Nice, mediante a respectiva introduçao no proprio texto do Tratado - embora ate aqui sem muito expressiva traduçao pratica, segundo dao a entender os responsaveis governamentais.</s>
    <s>Por mim diria que as questoes europeias tem de estar hoje, permanentemente, no topo da lista das prioridades de actuaçao dos dirigentes politicos; que os Açores nao podem descarregar para Lisboa o acompanhamento de quaisquer diligencias, por melhor que se proclame ser o relacionamento institucional Regiao-Estado; que precisamos de fazer coro - em todo o nosso Pais e com os outros em situaçao analoga ou porventura inferior a nossa, em termos de desenvolvimento - pela relevancia historica da coesao economica e social como objectivo definido da construçao europeia. E mais ainda quando começa a ser notoria e deveras chocante a tendencia para subalternizar esse objectivo da coesao economica e social, senao mesmo para o lançar no esquecimento, imolando-o nas aras da moeda unica, sacralizada e assim perturbadora de privilegios e de agravados e injustos desniveis sociais.</s>
    <s>O dialogo entre os lideres europeus carece de novas e firmes orientaçoes. Nao ha duvida que padece da febre da excessiva mediatizaçao, que exacerba o imediatismo, em prejuizo dos objectivos de medio e longo prazo. Dai as duvidas e incertezas no processo de construçao europeia, o faz que anda mas nao anda, os adiamentos, as expectativas frustradas nas cimeiras que se sucedem a ritmo vertiginoso e de onde todos os representantes dos estados-membros tem de sair a cantar vitoria, por mais contraditorios que sejam os objectivos que cada um preconiza…</s>
    <s>Fala-se a este respeito nas vantagens em realizar alteraçoes estruturais na Uniao, num sentido federalizante. Significativa desta linha de rumo seria a criaçao de um Senado, representando todos os estados-membros em absoluto pe de igualdade. Parece-me uma soluçao fantasista, incompativel com a luta, nem sempre surda, dos grandes estados-membros para consolidarem o seu poder dentro da Uniao, alegando o respectivo peso, populacional e economico. Alem do mais, a criaçao de um novo orgao iria complicar mais ainda o processo decisorio comunitario, implicando gastos acrescidos, de duvidosa utilidade. Por outro lado, o acentuar do federalismo exigiria um verdadeiro orçamento federal, com intuitos redistributivos. Como ja se viu, nao e isto que no momento presente mobiliza os decisores europeus. E como se tudo isso nao bastasse, a construçao de um estado federal pressupoe um solido fundamento, historico e cultural, sociologico e psicologico, exprimivel nos conceitos de unidade e de consciencia nacional. E disso estamos ainda muito longe no quadro da Uniao Europeia.</s>
    <s>Uma desenfreada corrida para a frente nao vai conduzir a lado nenhum. Conviria muito concentrar a Uniao em tarefas bem concretas, em vez de a dispersar por muitos dominios ao mesmo tempo. A confusao de propositos, o permanente revisionismo, dos tratados e das instituiçoes por eles estabelecidos, estao cavando um fosso na opiniao publica, que se traduz no afastamento civico e agrava o defice democratico muito justamente apontado a fase actual do projecto europeu.</s>
    <s>Quanto a mim, o mais importante e, sem duvida, estender a toda a Europa os beneficios da paz, da liberdade, da democracia e do integral respeito dos direitos humanos, tudo isso assente num progresso economico e social solido, realizado solidariamente.</s>
    <s>A ajuda ao desenvolvimento dos paises vizinhos, sobretudo os da margem sul do Mediterraneo e outro grande designio, de ressonancia humanitaria e estrategica demonstravel por si propria. Mais de duzentos milhoes de pessoas, pressionados por uma pulsao demografica fortissima e empurrados pelos pobres mais pobres da regiao subsaariana, acotovelam-se nas praias do norte de África, mirando a opulencia decadente dos pais europeus. É de mutuo interesse estabilizar relaçoes amistosas e dialogantes em toda a roda do antigo Mare Nostrum dos romanos; e isso so se conseguira mediante um eficaz apoio ao progresso da margem sul e a adopçao nesta de padroes de livre empresa e de organizaçao democratica.</s>
    <s>Transformar a Uniao Europeia numa grande potencia planetaria, com o intuito de obviar aos inconvenientes de um mundo unipolar, dominado pelos Estados Unidos da America, e para mim um objectivo muito discutivel. Alias, para ser alcançado, exigiria um investimento tal na defesa e na corrida ao dominio do espaço, que a opiniao publica europeia jamais aceitaria, visto obrigar ao sacrificio de muitas outras areas de intervençao de politicas publicas. Obrigaria ainda ao abandono, pelo menos a drastica reduçao, do tao prezado modelo social europeu, trilhando os caminhos seguidos na America, nos anos oitenta, quando se preparava o salto para a presente fase hegemonica, assente na sofisticaçao tecnologica e num inigualavel poder militar.</s>
    <s>A relativa neutralizaçao da Europa, posterior a II Grande Guerra, sob um protectorado militar norte-americano, mantido dentro de limites razoaveis para nao se tornar humilhante, garantiu a paz no nosso Velho Continente, ja por mais de meio seculo, coisa antes nunca vista.</s>
    <s>Modificar a presente relaçao de forças em termos substanciais - ha decerto correcçoes a fazer, mas no pormenor - equivaleria a abrir a boceta de Pandora… Manter viva e forte a Aliança Atlantica tem de ser, em minha opiniao, um postulado basilar da politica europeia.</s>
    <s>Para Portugal, isso e importantissimo, porque nos restitui uma posiçao central, em vez de nos relegar para a periferia de uma Grande Fortaleza Europeia, meramente continental, ainda por cima semi-ocultos por detras do biombo espanhol…</s>
    <s>Para os Açores - que continuam a ter na America, nos Estados Unidos e no Canada, mais gente do que nas ilhas, apesar das evidentes dificuldades em mante-la como povo, no sentido politico e constitucional do termo - uma grande Europa, do Atlantico aos Urais, respirando a dois pulmoes, ocidente e oriente vivendo juntos numa so casa comum, mas aberta para a complementaridade geo-estrategica com a America do Norte, com um projecto de paz que va de Vancouver a Vladivostoque, coloca-nos no centro no mundo, como o elo essencial da comunidade transatlantica e garante-nos uma obvia identidade, que os Açoreanos e as Açoreanas tem o dever de afirmar e fortalecer.</s>
  </text>
</page>
