<?xml version="1.0" encoding="UTF-8"?>
<!DOCTYPE page SYSTEM "page.dtd">
<page>
  <lang>pt</lang>
  <url>http://conferenciadeculturadejoinville.blogspot.com/</url>
  <title>Conferência Municipal de Cultura Joinville</title>
  <snippet>
    <s>3 out. 2011 Apresentação dos novos membros do CMPC-Jlle .. Nas pré-conferências setoriais os participantes reunidos terão oportunidade de avaliar as </s>
  </snippet>
  <text>
    <s>Inscrições 3ª Conferência</s>
    <s>Textos e documentos 3ª CMC</s>
    <s>Regimento e Decreto 3ª CMC</s>
    <s>Leituras 3ª CMC</s>
    <s>Fóruns Setoriais 2011</s>
    <s>segunda-feira, 3 de outubro de 2011</s>
    <s>Inscrições e Programação 3ª Conferência (de 14 a 16 de outubro de 2011, no Centreventos Cau Hansen)</s>
    <s>A terceira edição da Conferência Municipal de Cultura convida a todos para contribuir com a definição de estratégias para execução das propostas do Plano Municipal de Cultura de Joinville (PMC-Jlle). O PMC-Jlle foi construído tendo como base as propostas apresentadas e deliberadas pelos participantes das duas edições anteriores da Conferência Municipal de Cultura (2007 e 2009).</s>
    <s>O tema geral desta edição é DEMOCRATIZAÇÃO DAS POLÍTICAS CULTURAIS E O EXERCÍCIO DA CIDADANIA.</s>
    <s>As inscrições para os Eixos Temáticos</s>
    <s>!já estão disponíveis neste blog. Garanta</s>
    <s>sua vaga para contribuir com as estratégias para</s>
    <s>os próximos dois anos na gestão cultural de Joinville.</s>
    <s>14 de outubro (sexta-feira) - 18h30 às 22h</s>
    <s>Teatro Juarez Machado</s>
    <s>Assinatura da Adesão do Município de Joinville ao Sistema Nacional de Cultura</s>
    <s>Palestra sobre o Sistema Nacional de Cultura com João Roberto Peixe, Secretário de Articulação Institucional do Ministério da Cultura</s>
    <s>15 de outubro (sábado) - 9h às 18h</s>
    <s>Centro de Convenções Alfredo Salfer</s>
    <s>Apresentação e aprovação do Regimento Interno</s>
    <s>Apresentação do Plano Municipal de Cultura</s>
    <s>Palestra sobre Políticas Públicas para Economia da Cultura no Brasil com Luciana Guilherme, Diretora de Empreendedorismo, Gestão e Inovação da Secretaria de Economia Criativa - MinC</s>
    <s>Eixos Temáticos</s>
    <s>Reuniões de setores para eleição Conselheiros (Música, Patrimônio Material, Patrimônio Imaterial, Museus e Espaços de Memória, Audiovisual, Livro e Leitura)</s>
    <s>16 de outubro (domingo)</s>
    <s>Teatro Juarez Machado - 9h às 14h</s>
    <s>Plenária final</s>
    <s>Apresentação dos novos membros do CMPC-Jlle</s>
    <s>Contribua para a consolidação e fortalecimento deste importante marco legal para a gestão da cultura em JoinvilleO Plano Municipal de Cultura também é seu</s>
    <s>Postado por Conselho Municipal de Política Cultural de Joinville é às 21:16 0 comentários</s>
    <s>Enviar por e-mailBlogThis!Compartilhar no TwitterCompartilhar no FacebookCompartilhar no orkut</s>
    <s>Marcadores: 3ª Conferência (2011)</s>
    <s>quinta-feira, 22 de setembro de 2011</s>
    <s>Informações sobre Minuta das Propostas Gerais do Plano Municipal de Cultura de Joinville</s>
    <s>Srs Conselheiros e Comunidade Joinvilense,</s>
    <s>Em função do grande volume de trabalho para finalização do documento PMC-Jlle, a Diretoria do CMPC-Jlle em reunião com GT Conferência e GT Plano, propõe alteração de calendário para os próximos compromissos deste conselho, conforme segue:</s>
    <s>Em 22/09 - Liberação da Minuta das Propostas Gerais do PMC-Jlle, para conselheiros via e-mail.</s>
    <s>Em 28/09 - Prazo limite para envio de alterações nas Propostas Gerais do PMC-Jlle pelos conselheiros</s>
    <s>Em 30/09 - Envio da Minuta das Propostas PMC com sugestões destacadas por cores, para conselheiros via e-mail</s>
    <s>Em 03/10 - Reunião Ordinária com pauta: (1) análise solicitações advindas das pré-conferências, (2) finalização da Minuta das Propostas PMC, (3) estratégias de mobilização para 3ª CMC</s>
    <s>Em 04/10 - Liberação da Minuta das Propostas Gerais do PMC, por meio virtual, para Apreciação Pública {conforme solicitado pelas Pré-conferências de Música e Artes Visuais}</s>
    <s>Em 06/10 - Prazo limite para envio de sugestões pela Sociedade Civil {Os proponentes devidamente identificados deverão apresentar as sugestões com referência direta às propostas advindas das Conferências Municipais de Cultura de Joinville, argumentando a necessidade de alteração do texto aprovado pelo CMPC-Jlle}</s>
    <s>Em 07/10 - Envio da Minuta das Propostas Gerais do PMC-Jlle com sugestões da sociedade civil destacadas por cores, para conselheiros via e-mail</s>
    <s>Em 10/10 - Reunião Extraordinária do CMPC-Jlle para apreciação das sugestões advindas da análise da sociedade civil e aprovação final da Minuta das Propostas Gerais do PMC-Jlle.</s>
    <s>Em 14, 15 e 16/10 - 3ª Conferência Municipal de Cultura</s>
    <s>COLOQUE NA SUA AGENDA: VOCÊ É O PRINCIPAL RESPONSÁVEL PELA MOBILIZAÇÃO E REALIZAÇÃO DA 3ª CONFERÊNCIA MUNICIPAL DE CULTURA NOS DIAS 14, 15 E 16 DE OUTUBRO DE 2011</s>
    <s>Secretaria Executiva CMPC - Jlle</s>
    <s>Conselho Municipal de Políticas Culturais</s>
    <s>Fundação Cultural de Joinville</s>
    <s>Postado por Conselho Municipal de Política Cultural de Joinville é às 05:43 0 comentários</s>
    <s>Enviar por e-mailBlogThis!Compartilhar no TwitterCompartilhar no FacebookCompartilhar no orkut</s>
    <s>Marcadores: 3ª Conferência (2011), Apreciação Pública</s>
    <s>terça-feira, 20 de setembro de 2011</s>
    <s>Informações sobre Pré-Conferência de Produção Cultural</s>
    <s>O setor de Produção Cultural se encontrou no dia 12 de setembro às 19 horas para a Pré-Conferência. Estiveram presentes na reunião 12 pessoas. O diagnóstico, elaborado com base nas informações enviadas por produtores culturais locais, foi apresentado e discutido pelos participantes.</s>
    <s>Como o setor não possui uma cadeira no Conselho Municipal de Política Cultural - CMPC Jlle, os participantes elaboraram a recomendação de inclusão de representantes do setor no Conselho. Essa recomendação será apresentada e aprovada na 3ª Conferência Municipal de Cultura, nos dias 14 a 16 de outubro de 2011.</s>
    <s>O próximo encontro do setor será realizado no dia 07 de novembro às 19 horas, na Sala Agrippina Vaganova, na Escola do Teatro Bolshoi no Brasil.</s>
    <s>Postado por Jeni Leu às 12:20 0 comentários</s>
    <s>Enviar por e-mailBlogThis!Compartilhar no TwitterCompartilhar no FacebookCompartilhar no orkut</s>
    <s>Informações sobre a Pré-Conferência de Livro e Leitura</s>
    <s>A Pré-Conferência de Livro e Leitura foi realizada no dia 8 de setembro às 19 horas no Centro de Convenções Alfredo Salfer. Participaram do encontro 16 pessoas, entre escritores, professores e funcionários da Biblioteca Municipal Pública. O encontro foi conduzido pelo conselheiro civil Joel Gehlen.</s>
    <s>Seguindo a pauta, os participantes apreciaram o diagnóstico do setor e contribuíram na melhoria e inclusão de informações. Em seguida, foram apresentadas as deliberações do setor, que farão parte do Plano Municipal de Cultura.</s>
    <s>A eleição dos representantes do setor no Conselho Municipal de Política Cultura será realizada durante a 3ª Conferência Municipal de Cultura, nos dias 14 a 16 de outubro. O próximo encontro do setor de Livro e Leitura ocorrerá no dia 22 de outubro na Confraria do Escritor, realizada na Biblioteca Municipal Pública.</s>
    <s>Postado por Jeni Leu às 12:01 0 comentários</s>
    <s>Enviar por e-mailBlogThis!Compartilhar no TwitterCompartilhar no FacebookCompartilhar no orkut</s>
    <s>sábado, 10 de setembro de 2011</s>
    <s>Informações Pré-conferência de Audiovisual</s>
    <s>A pré-conferência de Audiovisual aconteceu na segunda-feira, 5 de setembro, às 19h reunindo 3 representantes do setor e 3 participantes interessados em contribuir com a finalização do documento setorial de audiovisual que é parte integrante do Plano Municipal de Cultura de Joinville. O texto diagnóstico do setor também foi apreciado pelos participantes.</s>
    <s>!O setor não elegeu conselheiro para a cadeira de Audiovisual do CMPC-Jlle. Os participantes se comprometeram a mobilizar seus pares para a 3ª Conferência Municipal de Cultura, ocasião em que, dependendo da participação, o setor elegerá seus representantes. Dentre os presentes à pré-conferência, mostrou interesse em assumir a função de conselheiro o cineasta Rodrigo Brum.</s>
    <s>Henrique Tobal, conselheiro atual do setor, deve propor aos organizadores da Mostra Cine Vídeo a inclusão no evento do II Fórum Setorial de Audiovisual (data evento: 24 a 27 de novembro 2011).</s>
    <s>Postado por Conselho Municipal de Política Cultural de Joinville é às 13:39 0 comentários</s>
    <s>Enviar por e-mailBlogThis!Compartilhar no TwitterCompartilhar no FacebookCompartilhar no orkut</s>
    <s>Marcadores: Pré-Conferências Setoriais (2011)</s>
    <s>sexta-feira, 9 de setembro de 2011</s>
    <s>Informações Pré-conferência de Teatro e Circo</s>
    <s>No domingo, 04 de setembro, o setor de Teatro e Circo reunido em pré-conferência setorial mobilizou 33 participantes. Apesar de ter participado ativamente na 1ª e 2ª Conferências de Cultura, representantes do circo estiveram presentes pela primeira vez em uma reunião para discussão exclusiva das demandas do setor.</s>
    <s>A eleição dos conselheiros para a gestão 2012-14 do Conselho Municipal de Cultura de Joinville traz uma dobradinha com o teatro e o circo. Como titular assume Denis Radun da Atos Teatro e para a suplência assume Kimberly Neves da Cia de Circo.</s>
    <s>O II Fórum Setorial de Teatro e Circo ficou agendado para 24 Novembro 2011, quinta-feira, 19h30 na Cidadela Cultural Antárctica (local a confirmar).</s>
    <s>Postado por Conselho Municipal de Política Cultural de Joinville é às 12:40 0 comentários</s>
    <s>Enviar por e-mailBlogThis!Compartilhar no TwitterCompartilhar no FacebookCompartilhar no orkut</s>
    <s>Marcadores: Pré-Conferências Setoriais (2011)</s>
    <s>quinta-feira, 8 de setembro de 2011</s>
    <s>Informações Pré-conferência de Comunicação em Cultura</s>
    <s>Conduzida pelos conselheiros Albenize Bueno e Gleber Pieniz, a pré-conferência setorial de Comunicação em Cultura foi realizada no sábado 03 de setembro reunindo 11 participantes. No debate sobre as questões relacionadas à comunicação e divulgação da cultura e das artes em Joinville, o grupo reunido apresentou uma solicitação ao CMPC para orientar a disponibilização futura via meios digitais de documentos e sub-sistemas do Sistema Municipal de Cultura, para consulta pública e contribuições da sociedade civil.</s>
    <s>Como conselheiros para a gestão 2012-14 do CMPC-Jlle foram eleitos Iraci Seefeldt como titular e Gleber Pieniz para suplência.</s>
    <s>O II Fórum Setorial de Comunicação ficou agendado para a data de 07 de novembro, 2ª feira, 19h30 às 21h30 no Ielusc (sala a definir).</s>
    <s>Postado por Conselho Municipal de Política Cultural de Joinville é às 12:18 0 comentários</s>
    <s>Enviar por e-mailBlogThis!Compartilhar no TwitterCompartilhar no FacebookCompartilhar no orkut</s>
    <s>Marcadores: Pré-Conferências Setoriais (2011)</s>
    <s>Informações Pré-conferência de Dança</s>
    <s>No sábado, 1 de setembro, foi realizada a pré-conferência setorial de Dança, reunindo 65 participantes. A reunião apresentou o quórum mais representativo de todas pré-conferências, sendo conduzida pelo conselheiro Maycon dos Santos.</s>
    <s>Para a gestão 2012-14 do Conselho Municipal de Políticas Culturais, Maycon dos Santos foi reeleito como titular, tendo como suplente Jackson Pinheiro, diretor e coreógrafo do grupo de dança Cultura Urbana.</s>
    <s>O II Fórum Setorial de Dança ficou agendado para a data de 25 de outubro de 2011, às 19h no Studio de Dança Dois Pra Lá, Dois Pra Cá.</s>
    <s>Postado por Conselho Municipal de Política Cultural de Joinville é às 12:15 0 comentários</s>
    <s>Enviar por e-mailBlogThis!Compartilhar no TwitterCompartilhar no FacebookCompartilhar no orkut</s>
    <s>Marcadores: Pré-Conferências Setoriais (2011)</s>
    <s>segunda-feira, 5 de setembro de 2011</s>
    <s>Informações Pré-Conferência Formação em Cultura</s>
    <s>A pré-conferência de Formação em Cultura contou com a presença de 32 participantes que contribuiram com informações para compor os dados e panorama geral do setor, além de analisarem e contribuirem na finalização do documento com as propostas setoriais para o Plano Municipal de Cultura.</s>
    <s>O ponto alto do debate foi a oferta na cidade, de cursos públicos e gratuitos nas áreas das artes e do patrimônio cultural. Uma moção, dirigida à Universidade Federal de Santa Catarina e à Universidade do Estado de Santa Catarina, será apresentada pelo setor na 3ª Conferência Municipal de Cultura para referendo de todos os outros setores.</s>
    <s>Para a cadeira de Formação em Cultura foram eleitas: Heidi Bublitz Schubert (Titular) e Patrícia Zimmermann (Suplente). Heidi é professora de danças folclóricas alemãs na Sociedade Cultural Lírica e Patrícia Zimmermann é pesquisadora do grupo Redes de Comunicação da Univalli, com linha de pesquisa em educação e comunicação. O II Fórum Setorial de Formação em Cultura ficou agendado para 21 de novembro de 2011, às 19h em local a ser definido pelos conselheiros, com participação das conselheiras eleitas.</s>
    <s>Postado por Conselho Municipal de Política Cultural de Joinville é às 13:16 0 comentários</s>
    <s>Enviar por e-mailBlogThis!Compartilhar no TwitterCompartilhar no FacebookCompartilhar no orkut</s>
    <s>Marcadores: Pré-Conferências Setoriais (2011)</s>
    <s>Informações Pré-Conferência Patrimônio</s>
    <s>Realizada em 30 de Agosto, a pré-conferência setorial de Patrimônio realizou-se com 33 participantes sendo 11 da sociedade civil e 22 do poder público. Conduzidas pelos conselheiros das três cadeiras de Patrimônio (Museus e Espaços de Memória, Patrimônio Imaterial e Patrimônio Material), com auxílio de Charles Narloch (Suplente da cadeira da Fundação Cultural de Joinville e gerente interino de Patrimônio), a reunião teve como foco principal a análise das propostas setoriais que compõe o Plano Municipal de Cultura.</s>
    <s>Os participantes encaminham ao CMPC-Jlle duas solicitações de inclusão de propostas no Plano Municipal de Cultura: (1) organização de ações educativas de patrimônio cultural direcionadas ao público infantil e juvenil e (2) homologação do núcleo de educação patrimonial das unidades da Fundação Cultural de Joinville.</s>
    <s>A eleição dos conselheiros para a gestão de 2012-14 não foi possível de ser realizada pelo baixo quórum quando iniciou este ponto de pauta. O quórum de uma pré-conferência, segundo regimento do CMPC-Jlle, é estabelecido pelo número de presentes na reunião. No momento de eleição dos conselheiros o quórum deve ser de 50% + 1 dos presentes no início da reunião. Devido às fortes chuvas na manhã da terça-feira e o alerta de enchente na cidade, muitos participantes tiveram que se ausentar para verificar suas casa ou locais de trabalho.</s>
    <s>A eleição será realizada em reunião do setor que acontecerá paralelamente à 3ª Conferência Municipal de Cultura (em 14 a 16 de outubro 2011). Ficam indicados pela pré-conferência os candidatos: Ana Luiza Gern e Edson Gellert Schubert para a cadeira de Patrimônio Imaterial.</s>
    <s>O II Fórum Setorial de Patrimônio ficou agendado para a data de 06 de março de 2012, com local a definir pelos Conselheiros e a seguinta pauta: (1) mobilização da sociedade civil e (2) redefinição de calendário.</s>
    <s>Postado por Conselho Municipal de Política Cultural de Joinville é às 12:48 0 comentários</s>
    <s>Enviar por e-mailBlogThis!Compartilhar no TwitterCompartilhar no FacebookCompartilhar no orkut</s>
    <s>Marcadores: Pré-Conferências Setoriais (2011)</s>
    <s>domingo, 4 de setembro de 2011</s>
    <s>Informações Pré-conferência de Música</s>
    <s>No domingo, 28 de agosto, realizou-se a pré-conferência de música reunindo 24 participantes que analisaram e contribuíram para a finalização das propostas do setor para o Plano Municipal de Cultura.</s>
    <s>Dentre os participantes candidataram-se a conselheiros: Eliana T. Ignácio, Carlos Alberto e Marco Aurélio Schmidt. Foi eleita como conselheira titular a cantora Eliana Theresinha Ignácio, a Lily Blumerants. Por um lapso na condução do processo eleitoral, não se atentou para o artigo 11º, parágrafo 2º do regimento do CMPC-Jlle que impede a candidatura para funcionários públicos como representantes da sociedade civil. Embora eleito por seus pares, Marco Aurélio é professor da Casa da Cultura e não poderá assumir a cadeira de suplente para o setor de música. Assim e com a compreensão do professor Marco Aurélio, nova eleição para suplente deve ser realizada pelo setor durante a Conferência Municipal de Cultura.</s>
    <s>O grupo presente apoiou a solicitação de disponibilização do documento Plano Municipal de Cultura de Joinville para consulta pública, solicitação construída pela Pré-Conferência de Artes Visuais.</s>
    <s>O II Fórum Setorial de Música será realizado em 28 de Novembro 2011, 19h na Sala 8 ou Sala Cinema conforme pauta dos locais (os conselheiros, atuais e eleitos para próxima gestão, serão os responsáveis pela comunicação aos músicos).</s>
    <s>Postado por Conselho Municipal de Política Cultural de Joinville é às 10:48 0 comentários</s>
    <s>Enviar por e-mailBlogThis!Compartilhar no TwitterCompartilhar no FacebookCompartilhar no orkut</s>
    <s>Marcadores: Pré-Conferências Setoriais (2011)</s>
    <s>domingo, 28 de agosto de 2011</s>
    <s>Informações Pré-conferência de Artes Visuais</s>
    <s>Em 27 de agosto realizou-se a pré-conferência setorial de Artes Visuais com 18 participantes que contribuiram para modificações necessárias no plano setorial, parte integrante do Plano Municipal de Cultura de Joinville (PMC-Jlle).</s>
    <s>Os conselheiros eleitos pelo grupo para a cadeira de Artes Visuais no CMPC-Jlle, gestão 2012-14 foram Marcia Morsch como titular e Edgard Bessa como suplente.</s>
    <s>Marcia Morsch (Titular)</s>
    <s>Presidente Aaplaj</s>
    <s>Edgard Bessa</s>
    <s>Advogado, Artista Plástico</s>
    <s>O grupo também apresentou uma solicitação para o Conselho Municipal de Políticas Culturais para disponibilização do documento do PMC-Jlle para consulta pública com prazo de no mínimo 3 dias para envio de correções que tenham base nas propostas da 2ª Conferencia Municipal de Cultura. O II Fórum Setorial de Artes Visuais ficou agendado para a data de 03 de março de 2012, 9h na sede da Aaplaj - Associação de Artistas Plásticos de Joinville.</s>
    <s>Postado por Conselho Municipal de Política Cultural de Joinville é às 14:01 1 comentários</s>
    <s>Enviar por e-mailBlogThis!Compartilhar no TwitterCompartilhar no FacebookCompartilhar no orkut</s>
    <s>Marcadores: Pré-Conferências Setoriais (2011)</s>
    <s>sexta-feira, 26 de agosto de 2011</s>
    <s>Informações Pré-Conferência de Cultura Popular, Diversidade e Identidade</s>
    <s>Na quinta-feira, 25 de agosto, aconteceu o primeiro evento das Pré-Conferências Setoriais reunindo 47 representantes da CULTURA POPULAR, DIVERSIDADE e IDENTIDADE.</s>
    <s>Dentre as manifestações representadas no evento destacamos: Artesanato, Carnaval, Afoxé, Cultura Alemã, Boi de Mamão, Terno de Reis, Capoeira, Maracatu, Culturas Urbanas, Movimento LGBT, Deficientes Físicos e Terceira Idade. Um dos mais significativos encontros políticos da diversidade cultural em nossa cidade, que contou com uma apresentação artística voluntária do grupo de Afoxé Ia Omilodê.</s>
    <s>Além de apreciar e contribuir com sugestões para os textos de diagnóstico e propostas do setor para o Plano Municipal Cultural de Joinville, o PMC-Jlle, os participantes realizaram eleição dos Conselheiros de Cultura Popular para a gestão 2012-14 do Conselho Municipal de Políticas Culturais. Os eleitos foram:</s>
    <s>!Jacila de Souza Barbosa (Titular)</s>
    <s>Grupo Afoxé Ilê Ashé Ia Omilodê - Associação Casa da Vó Joaquina</s>
    <s>Contato: jacila.barbosa@gmail.com</s>
    <s>Raphael Henrique Travia (Suplente)</s>
    <s>Deficiente Físico</s>
    <s>Contato: raphaeltravia@gmail.com</s>
    <s>Os participantes também agendaram a data do 2º Fórum Setorial de Cultura Popular para 01 de março de 2012, às 19h e escolheram como local a Sala 8 do Centreventos.</s>
    <s>Os documentos revisados pelo setor serão disponibilizados em breve, após encontro do GT Plano (Grupo de trabalho formado por Conselheiros para construção e finalização do Plano Municipal de Cultura de Joinville).</s>
    <s>Secretaria Executiva - CMPC-Jlle</s>
    <s>(47) 3433 2190 ou 9186 9460</s>
    <s>Postado por Conselho Municipal de Política Cultural de Joinville é às 10:44 0 comentários</s>
    <s>Enviar por e-mailBlogThis!Compartilhar no TwitterCompartilhar no FacebookCompartilhar no orkut</s>
    <s>Marcadores: 3ª Conferência (2011), Pré-Conferências Setoriais (2011)</s>
    <s>sexta-feira, 22 de julho de 2011</s>
    <s>Pré-Conferências Setoriais acontecem em agosto e setembro.</s>
    <s>Tem início um novo movimento em prol do fortalecimento da Política Cultural em Joinville. No dia 25 de agosto iniciam-se as Pré-Conferências Setoriais, parte integrante da 3ª Conferência de Cultura de Joinville, regulamentadas pela Lei 6705 de 11 de junho de 2010 que institui o Sistema Municipal de Cultura de Joinville, o SMC-Jlle.</s>
    <s>Para confirmar sua participação faça sua inscrição acessando no menu principal deste blog a aba &quot;INSCRIÇÕES 3ª CMC-Jlle&quot;.</s>
    <s>Nas pré-conferências setoriais os participantes reunidos terão oportunidade de avaliar as propostas prioritárias de cada setor*. Além desta importante tarefa que orientará ações e programas na gestão cultural do município para os próximos 10 anos, também serão eleitos os novos conselheiros de cultura que assumem as cadeiras dos setores em 2012.</s>
    <s>O local de realização de todas as pré-conferências é o CENTRO DE CONVENÇÕES ALFREDO SALFER, SALA 8 (Térreo do Centreventos).</s>
    <s>A priorização das propostas aconteceu em maio de 2011 nos Fóruns Setoriais de Cultura e podem ser acessadas, por setor, neste mesmo portal. A redação final das priorizações, elaborada pelos conselheiros membros do Grupo de Trabalho do Plano Municipal de Cultura será disponibilizada neste portal, após aprovação pelo Conselho Municipal de Política Cultural (CMPC-Jlle) em reunião ordinária que se realizará em 08 de agosto de 2011. Mais informações sobre os trabalhos do CMPC-Jlle e da atuação de seus conselheiros estão disponíveis em www.cmpc-jlle.blogspot.com.</s>
    <s>Divulgue, mobilize seus pares, contribua sempreSeja bem vindo</s>
    <s>Conselho Municipal de Políticas Culturais - CMPC-Jlle</s>
    <s>(47) 3433 2190 ou 91869460</s>
    <s>Postado por Conselho Municipal de Política Cultural de Joinville é às 10:58 0 comentários</s>
    <s>Enviar por e-mailBlogThis!Compartilhar no TwitterCompartilhar no FacebookCompartilhar no orkut</s>
    <s>Marcadores: 3ª Conferência (2011), Pré-Conferências Setoriais (2011)</s>
    <s>quarta-feira, 1 de junho de 2011</s>
    <s>Documentos Finais dos Fóruns Setoriais 2011</s>
    <s>Agentes Culturais</s>
    <s>Estão disponibilizados para conhecimento de todos os documentos gerados nos Fóruns Setoriais 2011, com as prioridades destacadas para cada setor: Artes Visuais, Audiovisual, Comunicação, Cultura Popular, Dança, Formação em Cultura, Livro e Leitura, Música, Patrimônio, Produção Cultural e Teatro.</s>
    <s>Os documentos estão postados aqui neste blog, no menu &quot;Doc´s Fóruns Setoriais&quot;, acima</s>
    <s>Clique ali e conheça de perto as prioridades dos setores, que farão parte de um documento muito importante para Joinville: o Plano Municipal de Cultura (plano decenal).</s>
    <s>Mais novidades:</s>
    <s>1) A agenda do Conselho Municipal de Políticas Culturais, seus Grupos de Trabalho, das Prés-conferências e da 3ª Conferência de Cultura de Joinville, já está disponível aqui neste blog. Para acessá-la, clique no menu superior em &quot;AGENDA&quot;</s>
    <s>2) Está disponibilizado no Blog do Conselho Municipal de Políticas Culturais a minuta dos documentos que compõe a Lei do IPCJ (Inventário do Patrimônio Cultural de Joinville). Conheça mais este marco regulatório da cultura na cidade</s>
    <s>Postado por Conselho Municipal de Política Cultural de Joinville é às 12:39 0 comentários</s>
    <s>Enviar por e-mailBlogThis!Compartilhar no TwitterCompartilhar no FacebookCompartilhar no orkut</s>
    <s>Marcadores: Documentos Fóruns, Fóruns</s>
    <s>quinta-feira, 19 de maio de 2011</s>
    <s>Fórum Setorial de Cultura discute anseios e ações do setor de música</s>
    <s>Nesta segunda-feira (16/05) o Fórum Setorial de Cultura reuniu os profissionais da música para uma conserva sobre as ações e propostas relacionados a essa área. O encontro teve a presença do presidente-diretor da Fundação Cultural de Joinville (FCJ), Silvestre Ferreira, além de músicos, compositores e professores. Na oportunidade, Silvestre comentou e agradeceu a efetiva participação dos conselheiros da sociedade civil de música Carlos Alberto da Silva (Betinho) e Jorge Pires nos trabalhos do Conselho Municipal de Política Cultural (CMPC-Jlle).</s>
    <s>Diferente do setor de Artes Visuais, os conselheiros de música não elaboraram um questionário para o diagnóstico da área. Mas, a falta de participação e colaboração das entidades envolvidas com a música foi levantada pelos conselheiros. O conselheiro e músico Betinho comentou que a cidade possui aproximadamente de 3.500 a 4 mil músicos, sendo que apenas 600 são filiados a Associação dos Músicos de Joinville (AMUJ). Este fórum setorial contou com a participação de 18 pessoas, sendo que a maioria destes não participou de nenhuma das duas edições da Conferência Municipal de Cultura, realizadas em 2007 e 2009.</s>
    <s>Para que o debate sobre a realidade do setor não ficasse em branco, os conselheiros pediram que os participantes pontuassem as dificuldades e anseios da classe. A falta de espaços específicos para as apresentações musicais foi o primeiro ponto a ser levantado. Os participantes comentaram que a cidade possui mais espaços privados do que públicos para a realização de apresentações, e que a maioria não tem estrutura adequada para esses eventos. Além da associação de músicos, já existente em Joinville, os participantes elegeram interessante a ideia de criação de uma cooperativa de músicos.</s>
    <s>Durante a conversa, o Circuito Fora do Eixo foi mencionado como exemplo de movimento e trabalho que poderia ser executado em Joinville. Este Circuito é uma rede de trabalhos concebida por produtores culturais das regiões centro-oeste, norte e sul do país, com o intuito de estimular a circulação de bandas, o intercâmbio de tecnologia de produção e o escoamento de produtos. A menção do Circuito traz também a questão da falta de divulgação dos trabalhos e projetos na imprensa e entre os próprios músicos.</s>
    <s>A classe musical também está sentindo falta de cursos superiores e profissionalizantes na área em Joinville. Este aspecto conta muito na falta de profissionalismo e capacitação dos artistas. A falta de técnicos especializados de som e luz também é um fator preocupante na realização de eventos na cidade. O grupo ainda levantou os locais e espaços de apresentação musical, resultando numa lista de 42 locais privados e públicos, além das Associações de Moradores, Centros Sociais Urbanos e salões de baile dos bairros. Os artistas indicaram os nomes de 10 estúdios, 9 escolas de música e os pontos de cultura da Associação de Moradores e Amigos do bairro Itinga (Amorabi), Corpo de Bombeiros Voluntários de Joinville (CVBJ) e Tambores Taikô.</s>
    <s>Priorização das propostas fica para semana seguinte</s>
    <s>Depois da conversa sobre o panorama do setor na cidade, os conselheiros apresentaram as deliberações aprovadas na 2ª Conferência Municipal de Cultura (CMC), de 2009. Os participantes selecionaram as ações e propostas ligadas a àrea da música, já considerando os prazos para desenvolvimento das propostas para o Plano Municipal de Cultura. Por conta do tempo, o grupo não conseguiu finalizar as tarefas pautadas para o fórum e marcaram uma nova data para continuar os trabalhos.</s>
    <s>A finalização dos documentos será realizada na próxima segunda-feira (23/05) às 19 horas, em local a ser definido. A Pré-conferência do setor de Música será realizada em duas datas: dias 28 e 29 de agosto a partir das 18 horas, local a definir. A programação completa das Pré-Conferências será divulgado no blog conferenciadeculturadejoinville.blogspot.com, após o encerramento dos Fóruns Setoriais. Não perca!</s>
    <s>Fundação Cultural de Joinville (FCJ)</s>
    <s>Marlise Groth - Jornalista e Coordenadora de Comunicação da FCJ</s>
    <s>Jenifer Leu - Jornalista da FCJ - (47) 3433-2190</s>
    <s>Saiba mais sobre a agenda da FCJ, acesse www.simdec.com</s>
    <s>Postado por Conselho Municipal de Política Cultural de Joinville é às 10:13 0 comentários</s>
    <s>Enviar por e-mailBlogThis!Compartilhar no TwitterCompartilhar no FacebookCompartilhar no orkut</s>
    <s>Marcadores: NotíciasFóruns</s>
    <s>segunda-feira, 16 de maio de 2011</s>
    <s>Fórum reúne artistas visuais para diagnóstico do setor</s>
    <s>A programação dos Fóruns Setoriais do Conselho Municipal de Políticas Culturais (CMPC) de Joinville iniciou neste sábado, 14/05, com o encontro do setor de Artes Visuais. O fórum contou com a participação de 15 pessoas, entre artistas e profissionais da área, na Sala de Cinema da Cidadela Cultural.</s>
    <s>Os conselheiros da sociedade civil do setor, Alena Marmo e Nadja Lamas, apresentaram a prévia do diagnóstico levantada a partir do questionário enviado aos profissionais, entidades, artistas, produtores e demais envolvidos na área. A falta de participação e colaboração dos artistas visuais foi um dos pontos levantados pelos conselheiros. O questionário é um exemplo desse aspecto negativo, dos 260 e-mails endereçados apenas 30 responderam a pesquisa. O questionário é uma das ferramentas para o desenvolvimento do diagnóstico dos setores, este documento irá apontar as dificuldades, a atual situação do setor em âmbito municipal e seus anseios.</s>
    <s>Os artistas que responderam ao questionário apontaram apenas três entidades relacionados às Artes Visuais na cidade, sendo a Associação dos Artistas Plásticos de Joinville (AAPLAJ), Instituto Luiz Henrique Schwanke e Instituto Internacional Juarez Machado. Outro levantamento foi o número de locais para exposição e execução dos trabalhos artísticos visuais. Apesar de existir um número expressivo em nosso município, muitos destes espaços ainda não possuem estrutura e equipamentos adequados para receberem estes trabalhos/ projetos.</s>
    <s>Entre os eventos representativos do setor apontados pelos entrevistados, desde o ano de 2000, estão as Coletivas de Artistas de Joinville, OUTArt, Joinville Artcidade, Pretexto SESC e Salão dos Novos. Dos eventos mencionados, a maioria destes são projetos desenvolvidos por meio do Sistema Municipal de Desenvolvimento Cultural (Simdec), mantido pela Fundação Cultural de Joinville (FCJ). A captação de recursos para os projetos artísticos também foram levantados pelo questionário. Os recursos municipais e estaduais lideram a lista dos meios de captação. Nenhum investimento federal ou da iniciativa privada foi mencionado na pesquisa.</s>
    <s>O questionário desenvolvido pelos conselheiros deverá ser revisado e novamente enviado aos artistas visuais. O questionário será disponibilizado no blog conferenciadeculturadejoinville.blogspot.com.</s>
    <s>Artistas Visuais priorizam deliberações da 2ª CMC</s>
    <s>Após a apresentação do diagnóstico do setor, os conselheiros apresentaram ao grupo as deliberações (ações e propostas), competentes a área de Artes Visuais, aprovadas na 2ª Conferência Municipal de Cultura (CMC). Essas deliberações foram elencadas por prazos para execução e priorizadas para constar no Plano Municipal de Cultura, seguindo assim três fatores no estabelecimento de prioridades: importância estratégica, viabilidade financeira ou legal, e tempo necessário para concretização.</s>
    <s>As 5 (cinco) deliberações escolhidas pelo grupo, como sendo as prioritárias às Artes Visuais para constarem no Plano Municipal de Cultura, que tem a validade de 10 anos, são as seguintes:</s>
    <s>- Apoiar a implantação efetiva do Museu de Arte Contemporânea Luiz Henrique Schwanke e garantir a incorporação dos moldes da Cipla como acervo do artista;</s>
    <s>- Equipar e adequar espaços públicos já existentes e criar novos espaços para realização de ações culturais em toda a cidade;</s>
    <s>- Criar uma bienal de artes em Joinville;</s>
    <s>- Criar e manter programa de distribuição e circulação nacional e internacional da produção cultural e artística de Joinville;</s>
    <s>- Ampliar a oferta de oficinas, cursos e ateliês nos programas da Fundação Cultural (Casa da Cultura e outros espaços) de forma a contemplar novas abordagens artísticas (música eletrônica e experimental, performance, arte digital etc.);</s>
    <s>Confira o documento completo com as deliberações da 2ª CMC priorizadas pelas Artes Visuais, clicando aqui:</s>
    <s>PRIORIDADES ARTES VISUAIS</s>
    <s>As reuniões ordinárias do Conselho Municipal de Política Cultural (CMPC) de Joinville ocorrem bimestralmente, sendo abertas à sociedade para apreciação. O calendários das reuniões ordinárias está disponível em www.cmpc-jlle.blogspot.com Apenas os conselheiros possuem direito a voz e voto nas reuniões do CMPC. As indicações, sugestões ou exigências podem ser transmitidas para o CMPC por meio dos conselheiros da sociedade civil.</s>
    <s>O próximo Fórum Setorial será realizado nesta segunda-feira (16/05) das 19h às 22 horas com a àrea de Música. O encontro ocorrerá na Sala de Cinema da Cidadela Cultural. O evento é aberto à sociedade e gratuito. Mais informações pelo (47) 3433.2190 na Fundação Cultural de Joinville (FCJ).</s>
    <s>Fundação Cultural de Joinville (FCJ)</s>
    <s>Marlise Groth - Jornalista e Coordenadora de Comunicação da FCJ</s>
    <s>Jenifer Leu - Jornalista da FCJ - (47) 3433-2190</s>
    <s>Saiba mais sobre a agenda da FCJ, acesse www.simdec.com</s>
    <s>Postado por Conselho Municipal de Política Cultural de Joinville é às 14:13 0 comentários</s>
    <s>Enviar por e-mailBlogThis!Compartilhar no TwitterCompartilhar no FacebookCompartilhar no orkut</s>
    <s>Marcadores: Documentos Fóruns, Fóruns</s>
    <s>quinta-feira, 12 de maio de 2011</s>
    <s>Resposta à Carta Aberta do Performer Eduardo Baumann, por Charles Narloch</s>
    <s>Debates em debate</s>
    <s>As críticas apontadas na carta aberta do performer Eduardo Baumann, à organização dos fóruns setoriais de cultura em Joinville - que iniciam neste final de semana - levantam questões que preocupam a Fundação Cultural de Joinville. Toda a metodologia, datas e forma de convocação da sociedade civil, têm a participação direta dos integrantes do Conselho Municipal de Política Cultural - CMPC-Jlle. Os representantes dos segmentos contemplados no CMPC-Jlle foram eleitos democraticamente na última edição da Conferência Municipal de Cultura, em 2009, que contou com a participação de aproximadamente 600 pessoas.</s>
    <s>Tais segmentos, hoje representados no Conselho, refletem exatamente as deliberações da Sessão Plenária desta mesma Conferência. Portanto, não são arbitrárias as definições de contemplar nos fóruns alguns segmentos em detrimento de outros, como sugere o performer , que participou ativamente de todas as fases de construção do atual modelo de gestão participativa e foi um dos principais articuladores da primeira edição da Conferência Municipal de Cultura, em 2007.</s>
    <s>O Sistema Municipal de Cultura, do qual são partes constituintes o Conselho Municipal de Política Cultural, os Fóruns Setoriais e a Conferência Municipal de Cultura, dentre outras instâncias participativas de pactuação de políticas públicas de cultura com a sociedade civil, é uma realidade em Joinville. Seu modelo foi aprovado como a principal deliberação da última Conferência e, justamente por isso, quando foi encaminhado como projeto de lei à Câmara de Vereadores, foi aprovado por unanimidade naquela casa (Lei no 6.705, de 11 de junho de 2010). A existência destas instâncias não é prerrogativa de um Governo, mas se consolida como política de Estado, já que se configura como marco legal amplamente debatido. São raros os municípios do Brasil que já possuem estas instâncias garantidas por lei.</s>
    <s>Quanto às reuniões dos Fóruns, todas as datas foram definidas pelos representantes eleitos da sociedade civil (e não por membros do Governo Municipal, como sugere o texto), após inúmeras consultas e encaminhamento de questionário/diagnóstico, por email , desde o mês de abril. A duração das plenárias (também questionada na carta) foi definida em consulta aos membros da sociedade civil que atuam no CMPC-Jlle.</s>
    <s>Quanto à divulgação dos Fóruns, a Fundação Cultural de Joinville reconhece suas dificuldades momentâneas, especialmente quanto à ausência de seu site principal, atualmente em reformulação e previsto para ficar novamente online até o final deste mês. Entretanto, todas as informações do CMPC-Jlle, Fóruns e Conferências, continuaram neste período sendo divulgadas normalmente, por meio dos blogs do Conselho (www.cmpc-jlle.blogspot.com), da Conferência Municipal (www.conferenciadeculturadejoinville.blogspot.com) e do SIMDEC (www.blogdosimdec.blogspot.com), e por emails encaminhados pelos representantes da sociedade civil nesse Conselho.</s>
    <s>Os Fóruns Setoriais, que durante este mês serão reunidos pela primeira vez após a aprovação da lei do Sistema Municipal de Cultura, terão papel fundamental na elaboração dos diagnósticos setorizados e na priorização das ações, definidas exclusivamente pela Sessão Plenária da Conferência Municipal de Cultura (disponíveis desde 2009 no blog da Conferência). São estas metas, diagnósticos, e ações - pactuadas por deliberação da sociedade civil - que constituirão a base do Plano Municipal de Cultura de Joinville, previsto para os próximos dez anos. Tal Plano, como prevê a legislação vigente, também será submetido à Câmara de Vereadores, para que se consolide como marco legal.</s>
    <s>A Fundação Cultural de Joinville estimula o debate e reconhece a importância do performer Eduardo Baumann como partícipe da construção das políticas culturais hoje praticadas em Joinville. E espera, com esta manifestação pública, ter esclarecido alguns questionamentos. Por fim, manifesta sua total concordância com alguns pontos da carta aberta, especialmente em sua finalização, que tomamos a liberdade de transcrever por considerar absolutamente pertinente:</s>
    <s>&quot;Cabe a todos os envolvidos no processo da cultura - criadores, produtores, receptores - assumir sua efetiva condição de agentes da política no setor e chamar para si a organização desse debate acerca do que queremos para o segmento em nossa cidade&quot; (Eduardo Baumann, em carta aberta de 12/5/2011).</s>
    <s>Joinville, 12 de maio de 2011.</s>
    <s>Charles Narloch</s>
    <s>Diretor Executivo</s>
    <s>Fundação Cultural de Joinville</s>
    <s>&gt; ----- Original Message -----</s>
    <s>&gt; From: Eduardo Baumann</s>
    <s>&gt; To: edubaumann@yahoo.com.br</s>
    <s>&gt; Sent: Thursday, May 12, 2011 7:53 AM</s>
    <s>&gt; Subject: Carta aberta sobre a política cultural em Joinville</s>
    <s>&gt; No próximo sábado, dia 14 de maio, têm início os fóruns municipais de cultura, que pretendem supostamente reunir envolvidos nos diversos segmentos da arte e da cultura para debater a política no setor em Joinville.</s>
    <s>&gt; No entanto, parece haver uma evidente inversão de valores, pois a exatos dois dias do primeiro encontro, que deve focar as artes visuais, a divulgação acerca do mesmo é mínima. O que é ainda mais grave quando levamos em conta que o site da Fundação Cultural de Joinville, entidade responsável pela organização do evento, está fora do ar há meses.</s>
    <s>&gt; A quem interessa essa ausência de informações? Estaremos mais uma vez diante de um jogo de cartas marcadas onde será encenada uma pretensa democracia pseudoparticipativa apenas com o intuito de chancelar as deliberações previamente articuladas nos bastidores pelo poder público?</s>
    <s>&gt; Estamos em um momento de apreensão nacional diante da maneira como o Ministério da Cultura vem ostensivamente tentando manipular a consulta popular a respeito da nova lei de direitos autorais. Assim como assistimos aturdidos a ministra Ana de Hollanda agir feito uma rainha insana de um país das maravilhas e perpetrar medidas absolutamente despóticas como a descabida retirada do licenciamento Creative Commons do site do MinC.</s>
    <s>&gt; Tem sido uma prática constante no exercício público das políticas culturais uma aparente horizontalização do processo que encobre apenas a permanência da usual verticalidade, através de pautas advindas dos próprios órgãos públicos, da deficiente publicização dos eventos que visam debater a temática, do pouco tempo disponível para as plenárias nas conferências organizadas nas diversas instâncias e de uma contumaz perspectiva tradicionalista do fazer cultural que deixa à margem setores como a moda, o design, a body art, a cultura underground, o cinema de bordas, os flashmobs, a web-art, entre outros.</s>
    <s>&gt; Cabe a todos os envolvidos no processo da cultura - criadores, produtores, receptores - assumir sua efetiva condição de agentes da política no setor e chamar para si a organização desse debate acerca do que queremos e esperamos para o segmento em nossa cidade.</s>
    <s>&gt; Evoé,</s>
    <s>&gt; Eduardo Baumann, performer</s>
    <s>&gt; Participe!</s>
    <s>Twitter: @altjoinville</s>
    <s>&gt; Blog: http://altjoinville.wordpress.com</s>
    <s>Postado por Conselho Municipal de Política Cultural de Joinville é às 12:42 0 comentários</s>
    <s>Enviar por e-mailBlogThis!Compartilhar no TwitterCompartilhar no FacebookCompartilhar no orkut</s>
    <s>Marcadores: Respostas</s>
    <s>Fóruns Setoriais de Cultura 2011</s>
    <s>Postado por Conselho Municipal de Política Cultural de Joinville é às 12:40 0 comentários</s>
    <s>Enviar por e-mailBlogThis!Compartilhar no TwitterCompartilhar no FacebookCompartilhar no orkut</s>
    <s>Marcadores:  NotíciasFóruns</s>
    <s>segunda-feira, 9 de maio de 2011</s>
    <s>FÓRUNS SETORIZADOS DE CULTURA 2011</s>
    <s>O Conselho Municipal de Políticas Culturais realiza no mês de maio de 2011 os Fóruns Setorizados de Cultura. Serão realizados 11 fóruns atendendo todas os setores representados no CMPC-Jlle e também um fórum inédito solicitado pelo setor de Produção Cultural em reunião realizada com a Fundação Cultural em 03 de maio.</s>
    <s>Verifique no calendário abaixo a data de realização do fórum do seu setor e participe</s>
    <s>Novas informações serão postadas neste blog ou entre em contato com a Fundação Cultural de Joinville, pelos fones 3433 2190 ou 91869460.</s>
    <s>Postado por Conselho Municipal de Política Cultural de Joinville é às 14:41 0 comentários</s>
    <s>Enviar por e-mailBlogThis!Compartilhar no TwitterCompartilhar no FacebookCompartilhar no orkut</s>
    <s>Marcadores: Fóruns</s>
    <s>segunda-feira, 11 de abril de 2011</s>
    <s>3ª CONFERÊNCIA DE CULTURA DE JOINVILLE</s>
    <s>O Conselho Municipal de Políticas Culturais - CMPC-Jlle, torna pública a data sugerida pelo GT Conferência para a 3ª Conferência de Cultura de Joinville.</s>
    <s>A data proposta foi 14 a 16 de Outubro de 2011.</s>
    <s>A confirmação da data depende da agenda dos palestrantes sugeridos para os temas pertinentes a esta edição.</s>
    <s>ParticipeFique atento e agende-se!</s>
    <s>Postado por Conselho Municipal de Política Cultural de Joinville é às 07:57 0 comentários</s>
    <s>Enviar por e-mailBlogThis!Compartilhar no TwitterCompartilhar no FacebookCompartilhar no orkut</s>
    <s>Marcadores: 3ª Conferência (2011)</s>
    <s>terça-feira, 22 de junho de 2010</s>
    <s>COMUNICAÇÃO E FORMAÇÃO ELEGEM CONSELHEIROS</s>
    <s>Em 16 de Junho de 2010, às 19h30 na Sala 09 do Centro de Convenções Alfredo Salfer foi realizado Fórum de Comunicação e Formação em Cultura para eleição dos representantes da sociedade civil para o Conselho Municipal de Política Cultural, seguindo modelo de eleição das Pré-conferências setorizadas que foram realizadas em 2009, antecedendo à 2ª Conferência Municipal de Cultura.</s>
    <s>Na plenária final da 2ª CMC as áreas de Comunicação, Formação, Produção e Mídias Alternativas solicitaram a inclusão de cadeira representativa no novo Conselho Municipal de Política Cultural. Foi aprovado pelo atual Conselho Municipal de Cultura a inclusão das cadeiras de Comunicação e Formação, perfazendo um total de 12 representantes da sociedade civil para o novo conselho.</s>
    <s>Confira aqui no Blog, à direita, quem são os representantes da Sociedade Civil para o CMPC Joinville.</s>
    <s>(figura 1 - Composição da Sociedade Civil para Conselho Municipal de Política Cultural)</s>
    <s>Os representantes do Poder Público serão indicados pelas Secretarias e Fundações Municipais no mês de julho/2010.</s>
    <s>(figura 2 - Composição do Poder Público para Conselho Municipal de Política Cultural)</s>
    <s>Postado por Conselho Municipal de Política Cultural de Joinville é às 07:47 0 comentários</s>
    <s>Enviar por e-mailBlogThis!Compartilhar no TwitterCompartilhar no FacebookCompartilhar no orkut</s>
    <s>Marcadores: 2ª Conferência Joinville</s>
    <s>quinta-feira, 18 de fevereiro de 2010</s>
    <s>DELEGADOS DE JOINVILLE PARA PRÉS SETORIZADAS E PARA 2ª CNC</s>
    <s>Durante o mês de janeiro foram realizadas as Assembléias Setoriais em Santa Catarina, onde representantes por área artística foram eleitos delegados para participação nas Pré-conferências Setorizadas que acontecerão em Brasília em fevereiro e março de 2010. Confira abaixo as datas de realização e quais são os delegados de Joinville para as etapas finais deste movimento nacional.</s>
    <s>Pré-conferência de Audiovisual</s>
    <s>23 a 25 de fevereiro, em Brasília</s>
    <s>Delegado eleito: Henrique Tobal Neto</s>
    <s>Pré-conferência de Museus</s>
    <s>26 a 28 de fevereiro, em Brasília</s>
    <s>Delegado eleito: Elizabete Tamanini</s>
    <s>Pré-conferência de Artes Visuais</s>
    <s>07 a 09 de março, em Brasília</s>
    <s>Delegado eleito: Charles Narloch</s>
    <s>Pré-conferência de Livro/Leitura/Literatura</s>
    <s>07 a 09 de março, em Brasília</s>
    <s>Delegado eleito: Taiza Mara Rauen Moraes</s>
    <s>Pré-conferência de Teatro</s>
    <s>07 a 09 de março, em Brasília</s>
    <s>Delegado eleito: Silvio Arlindo Borges (Borges de Garuva)</s>
    <s>2ª Conferência Nacional de Cultura (mais informações clique aqui!)</s>
    <s>11 a 14 de março, em Brasília</s>
    <s>Delegados eleitos:</s>
    <s>Silvestre Ferreira</s>
    <s>Caroline Lisa Schultz</s>
    <s>Taiza Mara Rauen Moraes</s>
    <s>Maria Celina Ferreira</s>
    <s>Luciano Cavichiolli</s>
    <s>Postado por Conselho Municipal de Política Cultural de Joinville é às 03:49 0 comentários</s>
    <s>Enviar por e-mailBlogThis!Compartilhar no TwitterCompartilhar no FacebookCompartilhar no orkut</s>
    <s>Marcadores: 2ª Conferência Joinville</s>
    <s>terça-feira, 17 de novembro de 2009</s>
    <s>DOC´s OFICIAIS 2ª CMC</s>
    <s>Finalizada a correção dos documentos gerados em cada Grupo de Trabalho por Eixo Temático da 2ª Conferência Municipal de Cultura de Joinville, com as propostas de âmbito municipal, estadual e nacional.</s>
    <s>Para conhecê-los e se preparar para as outras etapas deste grande movimento em prol da cultura em nosso país é só clicar nos eixos e baixar o documento para impressão ou leitura.</s>
    <s>A 2ª Conferência Estadual de Cultura será realizada em 25 de novembro de 2009, em Florianópolis. Maiores informações com Leone Silva (facilitador CNC) pelo fone: 47 - 9973 8315 ou conferencia.cultura.sc@gmail.com</s>
    <s>EIXO 1 - PRODUÇÃO SIMBÓLICA E DIVERSIDADE CULTURAL (clique aqui)</s>
    <s>EIXO 2 - CULTURA, CIDADE E CIDADANIA (clique aqui)</s>
    <s>EIXO 3 - CULTURA E DESENVOLVIMENTO SUSTENTÁVEL (clique aqui)</s>
    <s>EIXO 4 - CULTURA E ECONOMIA CRIATIVA (clique aqui)</s>
    <s>EIXO 5 - GESTÃO E INSTITUCIONALIDADE DA CULTURA (clique aqui)</s>
    <s>Boa leitura</s>
    <s>Postado por Conselho Municipal de Política Cultural de Joinville é às 10:03 0 comentários</s>
    <s>Enviar por e-mailBlogThis!Compartilhar no TwitterCompartilhar no FacebookCompartilhar no orkut</s>
    <s>Marcadores: 2ª Conferência Joinville, Documentos</s>
    <s>quarta-feira, 28 de outubro de 2009</s>
    <s>Comissão informa:</s>
    <s>A próxima reunião da Comissão da 2ª CMC será realizada na terça-feira, 03/11.</s>
    <s>Nesta reunião, os documentos finais dos eixos discutidos na Conferência serão revisados e formatados para apresentação à comunidade.</s>
    <s>O documento final da 2ª CMC servirá de subsídio para o Plano Municipal de Cultura que será elaborado pelo novo Conselho Municipal de Política Cultural. O nome dos membros da sociedade civil escolhidos para o Conselho estão disponibilizados neste blog.</s>
    <s>Postado por Conselho Municipal de Política Cultural de Joinville é às 04:41 0 comentários</s>
    <s>Enviar por e-mailBlogThis!Compartilhar no TwitterCompartilhar no FacebookCompartilhar no orkut</s>
    <s>Marcadores: 2ª Conferência Joinville</s>
    <s>quarta-feira, 21 de outubro de 2009</s>
    <s>PROGRAMAÇÃO e FICHA DE INSCRIÇÃO</s>
    <s>Disponibilizada ficha de inscrição da 2ª Conferência Municipal de Comunicação.</s>
    <s>Se você não teve a oportunidade de participar das Pré-Conferências e quiser agilizar o seu credenciamento, pode baixar e preencher a Ficha de Inscrição antecipadamente.</s>
    <s>Clique aqui e tenha acesso ao arquivo para impressão e preenchimento.</s>
    <s>Confira a programação completa (clique na imagem abaixo para ampliação):</s>
    <s>Postado por Conselho Municipal de Política Cultural de Joinville é às 06:34 0 comentários</s>
    <s>Enviar por e-mailBlogThis!Compartilhar no TwitterCompartilhar no FacebookCompartilhar no orkut</s>
    <s>Marcadores: 2ª Conferência Joinville, Documentos</s>
    <s>PROPOSTAS DE LINGUAGENS HÍBRIDAS E MÍDIAS ALTERNATIVAS</s>
    <s>No sábado 17/10, reuniram-se na Casa da Cultura, representantes da área de linguagens híbridas e mídias alternativas na pré-conferência de mesmo nome. Mesmo com poucos participantes, as propostas são consistentes e visam o respeito e a valorização dos novos terrenos da expressão artística (blogs, animação digital, videoarte e outras) para onde convergem antigas e novas tecnologias criativas. Confira as propostas clicando aqui: HÍBRIDAS e ALTERNATIVAS!</s>
    <s>Postado por Conselho Municipal de Política Cultural de Joinville é às 06:16 0 comentários</s>
    <s>Enviar por e-mailBlogThis!Compartilhar no TwitterCompartilhar no FacebookCompartilhar no orkut</s>
    <s>Marcadores: Pré-Conferências</s>
    <s>PROPOSTAS DE MÚSICA</s>
    <s>Músicos de Joinville estiveram presentes na Pré-conferência realizada em 07/10 e apresentaram as necessidades da área. Conheça as propostas clicando aqui!</s>
    <s>Os representantes de eixo para a 2ª CMC e que defenderão as propostas da música são:</s>
    <s>Eixo 1 - Fábio Felippi e Bruno Dambros</s>
    <s>Eixo 2 - Carlos alberto da Silva (Betinho) e Heidi Bublitz Schubert</s>
    <s>Eixo 3 - Daniela Povoa Machado e Geovane Loretto</s>
    <s>Eixo 4 - Rafael Zimath e Rafaela Ventz</s>
    <s>Eixo 5 - Jucélio Narciza e Edson Gellert Schubert</s>
    <s>Postado por Conselho Municipal de Política Cultural de Joinville é às 06:03 0 comentários</s>
    <s>Enviar por e-mailBlogThis!Compartilhar no TwitterCompartilhar no FacebookCompartilhar no orkut</s>
    <s>Marcadores: Pré-Conferências</s>
    <s>PROPOSTAS DE TEATRO</s>
    <s>Representantes do teatro reuniram-se em 01/10 no Galpão de Teatro da AJOTE (na Cidadela Cultural) para debater as propostas da área para o Plano Municipal de Cultura.</s>
    <s>O resultado desta pré-conferência você pode conferir clicando aqui!</s>
    <s>Os representantes de eixo para a 2ª CMC, escolhidos nesta reunião são:</s>
    <s>Eixo 1 - Marcelo Octavio N. de Mello (GT Belas Artes) e Amarildo Almeida (La Trama Cia Teatral)</s>
    <s>Eixo 2 - Robson Benta (Casa da Cultura) e Clarice Steill Siewert (Dionisos Teatro)</s>
    <s>Eixo 3 - James Klaus Miers (Família Chugaboom) e Augusto Leme S. Ferreira (Grupo Afro)</s>
    <s>Eixo 4 - Andréia Malena Rocha (Dionisos Teatro) e Luciano Cavichiolli (Studio Escola de Atores)</s>
    <s>Eixo 5 - Gabriel Medeiros Chati (Roca Produções Artísticas) e Alex Maciel (GT Belas Artes)</s>
    <s>Postado por Conselho Municipal de Política Cultural de Joinville é às 06:01 0 comentários</s>
    <s>Enviar por e-mailBlogThis!Compartilhar no TwitterCompartilhar no FacebookCompartilhar no orkut</s>
    <s>Marcadores: Pré-Conferências</s>
    <s>PROPOSTAS DE LIVRO E LEITURA</s>
    <s>A pré-conferência de Livro e Leitura realizada no dia 19/10 na sala 09 do Centro de Convenções Alfredo Salfer contou com a participação de 70 pessoas e entre elas estavam autores, editores, educadores e bibliotecários. Destacamos a participação do Secretário de Educação Sr. Marcos Aurélio Fernandes.</s>
    <s>Confira aqui as propostas que visam o desenvolvimento da leitura e da economia do texto para Joinville.</s>
    <s>Postado por Conselho Municipal de Política Cultural de Joinville é às 06:00 0 comentários</s>
    <s>Enviar por e-mailBlogThis!Compartilhar no TwitterCompartilhar no FacebookCompartilhar no orkut</s>
    <s>Marcadores: Pré-Conferências</s>
    <s>Postagens mais antigas Início</s>
    <s>Assinar: Postagens (Atom)</s>
    <s>CONVITE e PROGRAMAÇÃO!</s>
    <s>ARQUIVO DO BLOG</s>
    <s>2ª Conferência Joinville (6)</s>
    <s>3ª Conferência (2011) (5)</s>
    <s>Conferência Nacional (1)</s>
    <s>Documentos (3)</s>
    <s>Documentos Fóruns (2)</s>
    <s>Fóruns (3)</s>
    <s>Pré-Conferências (12)</s>
    <s>LINKS DE CULTURA</s>
    <s>CMPC-Jlle (Conselho Pol. Culturais)</s>
    <s>Fundação Cultural de Joinville</s>
    <s>Portal do SIMDEC Joinville</s>
    <s>Ministério da Cultura</s>
    <s>Sistema Nacional de Cultura</s>
    <s>2ª Conferência Nacional de Cultura (CNC)</s>
    <s>Relatório da 1ª CNC</s>
    <s>Editais do Ministério da Cultura</s>
    <s>Modelo Awesome Inc.. Tecnologia do Blogger.</s>
    <s>*12:48: 2011-09-05T12:48:00-07:00</s>
    <s>*12:01: 2011-09-20T12:01:00-07:00</s>
    <s>*12:40: 2011-05-12T12:40:00-07:00</s>
    <s>*12:42: 2011-05-12T12:42:00-07:00</s>
    <s>*13:39: 2011-09-10T13:39:00-07:00</s>
    <s>*06:01: 2009-10-21T06:01:00-07:00</s>
    <s>*06:00: 2009-10-21T06:00:00-07:00</s>
    <s>*13:16: 2011-09-05T13:16:00-07:00</s>
    <s>*04:41: 2009-10-28T04:41:00-07:00</s>
    <s>*05:43: 2011-09-22T05:43:00-07:00</s>
    <s>*10:58: 2011-07-22T10:58:00-07:00</s>
    <s>*03:49: 2010-02-18T03:49:00-08:00</s>
    <s>*12:20: 2011-09-20T12:20:00-07:00</s>
    <s>*14:01: 2011-08-28T14:01:00-07:00</s>
    <s>*21:16: 2011-10-03T21:16:00-07:00</s>
    <s>*10:13: 2011-05-19T10:13:00-07:00</s>
    <s>*06:34: 2009-10-21T06:34:00-07:00</s>
    <s>*07:57: 2011-04-11T07:57:00-07:00</s>
    <s>*14:41: 2011-05-09T14:41:00-07:00</s>
    <s>*06:16: 2009-10-21T06:16:00-07:00</s>
    <s>*12:18: 2011-09-08T12:18:00-07:00</s>
    <s>*12:39: 2011-06-01T12:39:00-07:00</s>
    <s>*06:03: 2009-10-21T06:03:00-07:00</s>
    <s>*10:44: 2011-08-26T10:44:00-07:00</s>
    <s>*10:48: 2011-09-04T10:48:00-07:00</s>
    <s>*12:15: 2011-09-08T12:15:00-07:00</s>
    <s>*14:13: 2011-05-16T14:13:00-07:00</s>
    <s>*10:03: 2009-11-17T10:03:00-08:00</s>
    <s>*07:47: 2010-06-22T07:47:00-07:00</s>
  </text>
</page>
