<?xml version="1.0" encoding="UTF-8"?>
<!DOCTYPE page SYSTEM "page.dtd">
<page>
  <lang>pt</lang>
  <url>http://perfline.com/tutorial/apres/parte4.html</url>
  <title>Apresentação do Trabalho Científico</title>
  <snippet>
    <s>APRESENTANDO UM TRABALHO CIENTÍFICO A leitura ajuda a eliminar muito da ansiedade e das preocupações do apresentador. Embora a leitura seja </s>
  </snippet>
  <text>
    <s>Parte 4</s>
    <s>APRESENTANDO UM TRABALHO CIENTICO</s>
    <s>!Apresenta Nheres humanos iguais. Somos todos diferentes, inclusive nas emos. A perspectiva de falar em po, sistematicamente desperta sensas diferentes em cada indivo mas, simplesmente ningufica indiferente. A sensa experimentada pelas pessoas varia desde uma leve apreensatstados pros do pco. Seja qual for a sua rea, ela bsolutamente normal. &quot;Nseja presuno&quot;, npense que as reas de ansiedade, medo ou pavor, ocorrem apenas com vocAs sensas desagradis, sejam quais forem, quase sempre cessam logo ap ino da apresenta e costumam ser o maior obstlo ue as pessoas se disponham a falar nas reunie congressos.</s>
    <s>O melhor conselho para quem vai apresentar um trabalho em uma reuniambo mais simples: Seja natural, seja vocesmo. Jamais procure parecer uma pessoa que vocmagina que a plat espera ou pensa que voc. Na verdade, a plat quer vocesmo, exatamente do modo como vocostuma ser. Assim, voclimina metade das suas preocupas e pode concentrar os seus esfor em fazer uma apresenta correta, sem precisar &quot;representar um personagem&quot;.</s>
    <s>Prepare e estude bem o seu trabalho; conheos seus pontos importantes. Use recursos audio-visuais (diapositivos ou slides) para ilustar a sua apresenta. Prepare os &quot;diapositivos&quot; depois que o trabalho estiver organizado em suas principais ids e observas. Os diapositivos devem funcionar como um &quot;roteiro&quot; do seu trabalho e devem auxiliar a plat a captar as informas que vocretende passar. Um diapositivo bem elaborado pode transmitir qualquer informa, por mais complicada que possa parecer. Ncoloque muito texto em um diapositivo. Nleia simplesmente o texto do diapositivo, mas procure transmitir a id, com palavras semelhantes ou uma explica mais detalhada.</s>
    <s>Um roteiro escrito pode ser um grande auxiliar para que vocantenha uma sequia prstabelecida para a sua apresenta. Ainda que a apresenta seja oral, escreva o seu trabalho, da forma como vai ser apresentado.</s>
    <s>A leitura de um trabalho bem elaborado m meio excepcionalmente adequado para comunicar uma id ou uma observa cientca. A leitura ajuda a eliminar muito da ansiedade e das preocupas do apresentador. Embora a leitura seja uma prca pouco usada em nosso meio, nos congressos internacionais a quase totalidade das apresentas orais corresponde eitura dos trabalhos previamente preparados. Em nosso meio, infelizmente, a leitura dos trabalhos nuito usada, provavelmente muito mais em fun do hto ou &quot;vo cultural&quot; do que em fun da maior ou menor habilidade dos apresentadores. A leitura de um trabalho adequadamente preparado ilustra o respeito do apresentador para com a plat, os organizadores do congresso e com os demais apresentadores, ao assegurar que o tempo destinado ao trabalho serespeitado.</s>
    <s>!Respeite o Tempo Prepare a sua apresenta rigorosamente dentro do tempo destinado esma. Nada pode ser mais irritante para uma plat do que um orador prolixo e dispersivo, que ultrapassa o tempo destinado ua apresenta. As piores apresentas dos congressos, em geral, sas longas, que ultrapassam o tempo previsto. A quantidade de informas ou o seu detalhamento devem respeitar o tempo disponl. Seja claro e objetivo. lamentl que os coordenadores das sessdos nossos congressos, por pura ingenuidade ou despreparo, deixam de cumprir a sua fun mais importante que de fazer respeitar o tempo destinado a cada apresenta. Essa falha, tcomum, prolonga desnecessariamente as sess atrasa o andamento do evento, prejudica os apresentadores das as sesse os participantes interessados em ouvos. O saudoso Prof. Zerbini, ao coordenar qualquer sesscientca, jamais permitia a um apresentador, por mais ilustre, prolongar-se aldo tempo previamente estipulado.</s>
    <s>&gt; Iniciar e terminar uma apresenta no tempo estipulado pelos organizadores de um evento ma prova de boa educa e de respeito, que a plateia frequentemente retribui com o aplauso mais generoso e de respeito recoco.</s>
    <s>Evite perda de tempo com citas ou elocubras desnecessas. Seja direto. Um grande n de apresentadores acha que deve contar a hist, antes de iniciar a apresenta propriamente dita. Alguns oradores exageram tanto nesse aspecto que, ao final dos 10 minutos destinados ao tema livre, ainda estna introdu do tema. Certos apresentadores scontumazes nesse exagero e j&quot;antigos conhecidos&quot; das plateias dos congressos.</s>
    <s>Evite os repetitivos jargdos apresentadores, como por exemplo: &quot;infelizmente o tempo nsuficiente para demonstrar os principais aspectos relacionados ao tema que nos propomos discutir nessa sess Alde nsignificar muita coisa estas frases desperdi uma parte do tempo que o apresentador considera tprecioso.</s>
    <s>Enquanto estiver falando, retribua a aten que a plateia dispensa ao apresentador. Olhe para o seu po; nfixe o olhar apenas em algum conhecido sentado na primeira fila ou nos slides que ilustram a sua apresenta.</s>
    <s>Falar em po e preparar trabalhos cientcos sproduto de forde vontade e de treinamento, mais do que qualquer outra coisa. O adequado preparo e a correta apresenta de trabalhos (escritos ou verbais) distingue e diferencia um profissional dentre seus pares.</s>
    <s>O seguintes conselhos s para uma apresenta de boa qualidade:</s>
    <s>Escolha um assunto importante</s>
    <s>Escolha um to interessante</s>
    <s>Estabeleseus objetivos para a apresenta</s>
    <s>Organize suas ids</s>
    <s>Use recursos audio-visuais para ilustra</s>
    <s>Capte a aten da plat</s>
    <s>Use linguagem clara, objetiva e correta</s>
    <s>!Voltar ao Topo da Pna</s>
    <s>Perfusion Line - Programa de Educa Continuada</s>
  </text>
</page>
