<?xml version="1.0" encoding="UTF-8"?>
<!DOCTYPE page SYSTEM "page.dtd">
<page>
  <lang>pt</lang>
  <url>http://help.outlook.com/pt-br/140/dd569933.aspx</url>
  <title>Criar caixas de correio de equipamento</title>
  <snippet>
    <s>Depois que um administrador criar caixas de correio de recurso, os usuários poderão reservar Tópico modificado em: 2011-03-19 são caixas de correio especiais que são usadas para reservar equipamentos e salas de conferência. </s>
  </snippet>
  <text>
    <s>Página inicial  |  Status do Serviço  |  Blog da Equipe  |  Fóruns</s>
    <s>Outlook Web App &gt; Para administradores do Exchange Online &gt; Gerenciar usuários do Exchange Online &gt; Gerenciar destinatários &gt;</s>
    <s>Criar caixas de correio de equipamento</s>
    <s>Aplica-se a: Office 365 for enterprises, Live@edu</s>
    <s>Tópico modificado em: 2011-03-19</s>
    <s>As caixas de correio de recurso são caixas de correio especiais que são usadas para reservar equipamentos e salas de conferência. Depois que um administrador criar caixas de correio de recurso, os usuários poderão reservar salas e equipamentos facilmente, incluindo caixas de correio de recurso em solicitações de reunião.</s>
    <s>Estes tipos de caixas de correio de recurso estão disponíveis:</s>
    <s>Caixas de correio de sala   Essas caixas de correio são atribuídas a locais físicos, como salas de conferência, auditórios e laboratórios de treinamento. Não é possível caixas de correio de sala no Painel de Controle do Exchange. Para obter mais informações, consulte Criar uma nova caixa de correio de sala.</s>
    <s>Caixas de correio de equipamento   Essas caixas de correio são atribuídas a recursos que não têm um local específico, como computadores portáteis, equipamentos audiovisuais ou veículos. Você pode criar caixas de correio de equipamento somente no Windows PowerShell. Este tópico explica como fazer isso.</s>
    <s>Antes de começar</s>
    <s>Criar uma caixa de correio de equipamento no Windows PowerShell</s>
    <s>Para criar uma caixa de correio de equipamento, execute as seguintes etapas:</s>
    <s>1. Crie a caixa de correio de equipamento.</s>
    <s>2. Configure a caixa de correio para processar automaticamente solicitações de reunião.</s>
    <s>Observação   Essa etapa é necessária mesmo que você planeje restringir quem pode reservar o equipamento exigindo aprovação de todas as solicitações de reserva.</s>
    <s>1. Criar a caixa de correio de equipamento</s>
    <s>Execute o seguinte comando:</s>
    <s>New-Mailbox -Name &lt;name&gt; -Equipment</s>
    <s>Por exemplo, para criar uma caixa de correio de equipamento denominada &quot;Notebook Computer 1&quot;, execute o seguinte comando:</s>
    <s>New-Mailbox -Name &quot;Notebook Computer 1&quot; -Equipment</s>
    <s>Observação   Você também pode criar uma caixa de correio de sala usando o comando `New-Mailbox -Name &lt;name&gt; -Room`.</s>
    <s>2. Configurar a caixa de correio para processar automaticamente solicitações de reunião</s>
    <s>Execute o seguinte comando:</s>
    <s>Set-CalendarProcessing &lt;Identity&gt; -AutomateProcessing AutoAccept</s>
    <s>Por exemplo, para configurar a caixa de correio de equipamento denominada &quot;Notebook Computer 1&quot; para processar automaticamente solicitações de reunião, execute o seguinte comando:</s>
    <s>Set-CalendarProcessing &quot;Notebook Computer 1&quot; -AutomateProcessing AutoAccept</s>
    <s>Isso é tudo. Tarefa concluída. Você tem uma caixa de correio de equipamento funcionando que está pronta para transformar solicitações de reunião de quaisquer de seus usuários em reservas de recurso sem conflitos.</s>
    <s>Exibir caixas de correio de sala e de equipamento existentes</s>
    <s>É possível usar o Painel de Controle do Exchange para exibir, filtrar e classificar a lista de caixas de correio. No entanto, não é possível filtrar a lista para mostrar apenas caixas de correio de equipamento. Você pode filtrar a lista apenas para mostrar caixas de correio de sala. Para filtrar a lista a fim de mostrar caixas de correio de sala, caixas de correio de equipamento, ou ambas, você pode usar o Windows PowerShell. Para obter mais informações, consulte Exibir e filtrar caixas de correio.</s>
    <s>Próximas etapas</s>
    <s>Agora que você sabe criar caixas de correio de equipamento, desejará saber mais sobre como refinar os recursos de programação da caixa de correio. Por exemplo, você pode atribuir proprietários de caixa de correio de recurso que são responsáveis por aprovar ou rejeitar solicitações de reserva, bem como pode definir solicitações de reserva de recurso aceitáveis e inaceitáveis. Veja como fazer isso:</s>
    <s>Configurar opções da caixa de correio de recurso</s>
    <s>©2011 Microsoft Corporation. Todos os direitos reservados. Termos de Uso  |  Marcas Comerciais  |  Política de Privacidade</s>
  </text>
</page>
