<?xml version="1.0" encoding="UTF-8"?>
<!DOCTYPE page SYSTEM "page.dtd">
<page>
  <lang>pt</lang>
  <url>http://alainet.org/active/36498%26lang%3Des</url>
  <title>Cientistas denunciam favorecimento de empresas em conferência de ...</title>
  <snippet>
    <s>3 mar. 2010 Assim ocorreu com a Reforma ao artigo 27 da constituição, que permite a em novembro de 2009, mais de 1.300 delegados de 130 organizações de 15 estados Portanto, nos somamos à rejeição à sementeira experimental de </s>
  </snippet>
  <text>
    <s>Sistema de Busqueda</s>
    <s>Temas Especiales</s>
    <s>Publicaciones ALAI</s>
    <s>Base de Datos</s>
    <s>Medio Ambiente</s>
    <s>Derechos Humanos</s>
    <s>Comunicacion alternativa</s>
    <s>Comunicacion de genero</s>
    <s>Derecho comunicacion</s>
    <s>Libertad opinion</s>
    <s>Nuevas tecnologias</s>
    <s>Deuda Externa</s>
    <s>Instituciones Financieras</s>
    <s>Politicas Economicas</s>
    <s>Recursos Naturales</s>
    <s>Novedades en:</s>
    <s>Soberania alimentaria</s>
    <s>Guerra y Paz</s>
    <s>Crisis Econa</s>
    <s>Crisis Climatica</s>
    <s>!Minga Informativa</s>
    <s>ALAI, America Latina en Movimiento</s>
    <s>Clasificado en:</s>
    <s>Social: Social , MedioAmbiente ,</s>
    <s>Economia: Agro ,</s>
    <s>Disponible en:</s>
    <s>Cientistas denunciam favorecimento de empresas em conferia de biotecnologia</s>
    <s>Radio Mundo Real, Biodiversidad</s>
    <s>A Via Campesina da America do Norte, a Rede em Defesa do Milho e a Assembleia Nacional de Afetados Ambientais realizaram uma conferencia publica e uma entrevista coletiva para fixar sua posiçao em relaçao a Conferencia sobre Biotecnologias Agricolas nos paises em desenvolvimento, da Organizaçao das Naçoes Unidas para a Agricultura e a Alimentaçao (FAO), que começou no dia primeiro de março em Guadalajara, Jalisco, no Mexico.</s>
    <s>Pat Mooney, membro do Grupo ETC, com sede no Canada, se manifestou decepcionado porque durante 40 anos assistiu a reunioes da FAO e esta reuniao - onde se falara da biotecnologia como suposta soluçao ao problema da fome no mundo - ignora o que acontece no pais. Nao considera em absoluto o problema de contaminaçao transgenica do milho no Mexico, que ja tinha denunciado ante FAO mais de mil organizaçoes em nivel mundial. A FAO respondeu que este era &quot;um problema nacional&quot; e que, portanto, nao tinha por que intervir ante o governo mexicano. Agora, o paradoxal e que a FAO realiza uma reuniao tecnica internacional no Mexico e nao convida as organizaçoes nacionais que impugnaram a liberaçao do milho transgenico por parte do governo mexicano e a contaminaçao impugnada nem sequer se menciona.</s>
    <s>Esclareceu que sua renuncia ao comite assessor da Conferencia se deve, em parte, ao fato que a FAO vem ao Mexico favorecer a biotecnologia como suposta soluçao ao problema da fome, sendo que a partir dos Estados Unidos se pressiona dentro da FAO para resistir a oposiçao global aos cultivos transgenicos e dar legitimidade as empresas biotecnologicas. Neste contexto, a Conferencia se torna muito conveniente para estas empresas e para o governo mexicano, que tem impulsionado a liberaçao do milho transgenico em territorio nacional. Outra razao e que as primeiras minutas preparatorios da Conferencia eram muito falidas e, apesar de Mooney ter enviado 14 comentarios de fundo, estes nunca foram levados em consideraçao. Alem disso, nas reunioes preparatorias com organizaçoes mexicanas, a FAO lhes advertiu que nao poderiam participar da Conferencia de Guadalajara, mas que nao tinham por que se preocupar, dado que Pat Mooney estaria presente e falaria em seu nome, &quot;o que e completamente falso&quot;.</s>
    <s>Veronica Villa, do Grupo ETC e membro da Rede em Defesa do Milho, falou do que a Conferencia organizada pela FAO e o governo mexicano significa para as comunidades indigenas e camponesas do Mexico, centro de origem do milho. Ela serve como justificativa para que o governo mexicano autorize a sementeira experimental (e com o tempo a sementeira generalizada) de milhos transgenicos, propriedade de um pequeno grupo de empresas transnacionais (como Monsanto, Syngenta, Dow e Dupont) que contaminarao irremediavelmente as dezenas de raças e milhares de variedades de milhos nativos que existem em territorio mexicano. Os transgenicos, independentemente da definiçao oficial que se queira dar, representam para a agricultura nacional a imposiçao de sementes desfiguradas e estranhas as necessidades soberanas das comunidades locais. Com estas sementes transgenicas, as empresas pretendem despojar as comunidades daquilo que constitui a verdadeira riqueza do Mexico: sua capacidade de dar-se de comer a si mesmo a partir do que produzem, ha milhares de anos, os povos indigenas e camponeses do pais. Lembrou que no inicio de 2007, quando no Mexico explodiu a crise da omelete, muitas comunidades camponesas resistiram aos aumentos de preços, pois ainda conservam sua agricultura tradicional. Ja nas cidades, a populaçao se viu muito mais afetada, porque depende de ter dinheiro para comprar os alimentos que consome. O governo mexicano divulga que a especie de milho que se produz no Mexico e insuficiente, que os camponeses sao pouco produtivos e que sao indispensaveis tecnologias como os transgenicos para produzi-los em quantidade, mas essa noçao e falsa. Olhando para a questao desde a perspectiva das empresas, nenhuma quantidade de milho produzida pelos agricultores nacionais sera suficiente, porque as empresas e o governo pensam no milho nao para alimentar aos mexicanos, mas para produzir gasolinas, plasticos e outros insumos industriais.</s>
    <s>Reforçou que, no Mexico, ha anos, nao e possivel recorrer as leis para deter a invasao transgenica porque as leis relativas a muitos aspectos da vida nacional sao contrarias a maioria da populaçao e favorecem a diversos interesses corporativos. Assim ocorreu com a Reforma ao artigo 27 da constituiçao, que permite a venda das terras publicas e comunais, com a Lei de Águas Nacionais, a Lei Florestal, a Lei de Biossegurança e a Lei de Sementes, entre outras. &quot;Ante a cerraçao legislativa do Estado mexicano, a Rede em Defesa do Milho, a Assembleia de Afetados Ambientais e a Via Campesina vemos necessario impulsionar uma audiencia publica para obter provas que nos permitam para os tribunais internacionais&quot;.</s>
    <s>Octavio Rosas Landa, da Casifop e da Assembleia Nacional de Afetados Ambientais (ANAA) lembrou que na mais recente sessao da Assembleia, realizada em Chichicuautla, em novembro de 2009, mais de 1.300 delegados de 130 organizaçoes de 15 estados do pais se pronunciaram unanimemente contra a autorizaçao a liberaçao da sementeira de milho transgenico no Mexico e a favor da agricultura camponesa. Afirmou que a sementeira de OGM representa uma agressao a sociedade e ao ambiente, que se acumula a tantas outras que empreende o governo mexicano com total impunidade, como sao os despojos de aguas, a contaminaçao dos solos, o desflorestamento, a privatizaçao dos recursos naturais e sua entrega a grandes empresas transnacionais de origem norte-americana, canadense, espanhola, japonesa, australiana e mexicana. Desde a assinatura e entrada em vigor do Tratado de Livre Comercio da America do Norte, o governo mexicano ofereceu como &quot;vantagem competitiva&quot; do pais para atrair investimentos estrangeiros a mais completa impunidade ambiental as empresas, isto e, que em caso de afetaçoes sociais ou ambientais pelas atividades das transnacionais no Mexico, o governo nao faria absolutamente nada para dete-las, mas, pelo contrario, se encarregaria de facilitar-lhes sua operaçao, livres de toda oposiçao social. Advertiu que &quot;a autorizaçao da sementeira de milho transgenico no Mexico e, alem de um crime de lesa-humanidade, um crime de lesa meio ambiente, por isso hoje e indispensavel a convergencia de todas as organizaçoes da sociedade para defender os camponeses e indigenas que produzem nossos alimentos, porque &quot;eles sao a unica e real alternativa frente a crise multipla que vivemos&quot;.</s>
    <s>Eutimio Diaz, da comunidade de San Sebastian do povo wixarika, afirmou que os povos indigenas do Mexico resistem a agressao ao milho e por isso &quot;nos estamos organizando dentro da Rede em Defesa do Milho e outras redes, pois o governo vai contra nossa agricultura. No governo ha leis que podem acabar com nossos cultivos. Na Rede em Defesa do Milho achamos que podemos começar a dar mais atençao a nosso milho: defendendo nosso milho podemos defender tudo o que existe. Necessitamos cura-lo da doença que representam os transgenicos, porque se deixamos que o governo acabe com nossas sementes, acabara com a cultura e a historia, terminariam as chuvas, a floresta e a humanidade, mas nos nao vamos a permiti-lo&quot;.</s>
    <s>Evangelina Robles, do Coletivo Coa e membro da Rede em Defesa do Milho, expos que, ha dois anos, no Mexico, o governo federal deu por terminada a moratoria que impedia a sementeira de milho transgenico em territorio nacional e hoje existem 24 solicitaçoes de autorizaçao de sementeira de milho transgenico no norte do pais, que o governo mexicano outorgara porque considera que o norte nao e &quot;centro de origem&quot;. No entanto, &quot;para nos, todo o Mexico e centro de origem e por isso rejeitamos qualquer sementeira de transgenicos, seja experimental ou de qualquer outro tipo. Isto representa uma grave ameaça a alimentaçao, a autonomia dos povos e a soberania alimentar das comunidades e do pais no seu conjunto, e exige de nos um esforço para documentar todas estas agressoes a partir de evidencias cientificas, juridicas, tecnicas, sociais e diretas, com o fim de construir um caso juridico que permita sua apresentaçao nos tribunais internacionais&quot;.</s>
    <s>Ante a pergunta sobre a quais tribunais se apresentaria o caso, a advogada respondeu que se reservavam o direito a nao dizer ante que instancia o fariam, porque &quot;em nenhuma estrategia juridica se avisa de antemao qual e o passo seguinte&quot;.</s>
    <s>Por ultimo, Alberto Gomez, membro da Via Campesina a America do Norte, reivindicou o direito dos camponeses a &quot;seguir vivendo do que fazemos, isto e, semear alimentos. Somos mais de dois milhoes de familias camponesas que seguimos usando, guardando e intercambiando mais de 61 raças e milhares de variedades de milho em mais de 6 milhoes de hectares. Em nivel mundial, estamos falando de mais de 1 500 milhoes de camponeses que seguimos reivindicando nossas sementes cultivadas em mais de 1 400 milhoes de hectares. Por outro lado, as politicas dos governos como o mexicano e de organizaçoes como a FAO buscam desestimular a produçao propria para que ela fique em maos de umas quantas empresas transnacionais e que estas terminem definindo quem come, como nos alimentamos. Portanto, nos somamos a rejeiçao a sementeira experimental de transgenicos e nossa exigencia e a proibiçao de qualquer experimento e cultivo deste tipo de milho, a revogaçao - porque nao basta uma simples reforma - da Lei de Biossegurança e tambem da Lei de Sementes. E, ao mesmo tempo, exigimos a valorizaçao da produçao camponesa de alimentos, mesmo que para isso seja necessario outro contexto economico e outras politicas de fomento a nossa capacidade de produzir alimentos. Saibam que nos, os pequenos produtores do campo, temos toda a capacidade de produzir os alimentos na quantidade e qualidade que seja necessario&quot;. (Traduccion MST)</s>
    <s>Fuente: Portal Biodiversidad en America Latina y El Caribe</s>
    <s>Cobertura especial: los transgenicos nos roban el futuro</s>
    <s>Radio Mundo Real y Biodiversidad, sustento y culturas</s>
    <s>[Pagina de busquedas] [Pagina principal] [Main Page] [Regresar]</s>
    <s>Quienes somos | Área Mujeres | Minga Informativa de Movimientos Sociales</s>
  </text>
</page>
