<?xml version="1.0" encoding="UTF-8"?>
<!DOCTYPE page SYSTEM "page.dtd">
<page>
  <lang>pt</lang>
  <url>http://ukinbrazil.fco.gov.uk/pt/news/ministerial-visit/Eventos/events-rio</url>
  <title>Eventos no Rio de Janeiro</title>
  <snippet>
    <s>3 set. 2011 A Conferência será realizada no Palácio da Cidade, na quarta-feira, do programa Premier Skills e da parceria entre o Comitê Paraolímpico </s>
  </snippet>
  <text>
    <s>Pesquisa avançada</s>
    <s>RSS Feed|</s>
    <s>Feedback |</s>
    <s>UK in Brazil</s>
    <s>Londres 21:58, 17 Out 2011</s>
    <s>Brasilia 18:58, 17 Out 2011</s>
    <s>Visitando o Reino Unido</s>
    <s>Quem somos</s>
    <s>Trabalho com o Brasil</s>
    <s>Você está aqui:</s>
    <s>Página Inicial</s>
    <s>› Notícias</s>
    <s>› Visita Ministerial 2011</s>
    <s>› Eventos</s>
    <s>› Eventos no Rio de Janeiro</s>
    <s>Mon Oct 17 21:58:37 BST 2011</s>
    <s>Enviar por email</s>
    <s>Last updated at 21:16 (UK time) 22 Jun 2011</s>
    <s>Visita Ministerial 2011</s>
    <s>Press Releases</s>
    <s>Visita à unidade de barra bonita</s>
    <s>Casarão dos Prazeres</s>
    <s>Eventos no Rio de Janeiro</s>
    <s>Sala de Imprensa</s>
    <s>Mensagens do Embaixador</s>
    <s>Eventos no Rio de Janeiro</s>
    <s>Petrobras – Evento sobre Pesquisa e Desenvolvimento</s>
    <s>A Petrobras sediará evento sobre as possíveis parcerias entre o Reino Unido e o Brasil sobre iniciativas de pesquisa e desenvolvimento no setor energético. A abertura do evento terá discursos do Vice Primeiro Ministro do Reino Unido, Nick Clegg, e o CEO da Petrobrás, José Sérgio Gabrielli. Também participarão do evento o Ministro-Adjunto Britânico para Comércio e Investimento, Lorde Green, e o Ministro-Adjunto Britânico de Relações Internacionais para a América Latina, Jeremy Browne; juntamente com delegações britânicas de empresários e de representantes de universidades.</s>
    <s>O evento acontecerá na sede da Petrobras no centro do Rio, na quarta-feira, 22 de junho, de 8h30 as 09h30. Petrobrás: República do Chile, 65.</s>
    <s>Conferência Olímpica: Londres – Rio: Um Legado Olímpico</s>
    <s>A Conferência “Londres –Rio: Um Legado Olímpico” será u fórum de integração entre o Reino Unido e o Brasil como sedes dos Jogos Olímpicos. Londres está organizando os Jogos de 2012, enquanto o Brasil inicia a preparação para sediar os jogos de 2016. A cerimônia de abertura terá discursos de autoridades britânicas e brasileiras envolvidas com o planejamento dos Jogos Olímpicos e Paraolímpicos. O Vice Primeiro Ministro do Reino Unido, Nick Clegg, fará o primeiro discurso, e será seguido por Henrique Meirelles, Presidente do Conselho Público Olímpico Brasileiro; o Secretário de Estado para Cultura, Mídia e Esportes/Olimpíadas do Reino Unido, Jeremy Hunt; o Ministro dos Esportes brasileiro, Orlando Silva; o Presidente do Comitê Organizador dos Jogos Olímpicos e Paraolímpicos RIO 2016, Carlos Nuzman, o Secretário de Estado da Casa Civil, Governo do Rio de Janeiro, Regis Fichtner; e o Prefeito da Cidade do Rio de Janeiro, Eduardo Paes.</s>
    <s>A Conferência será realizada no Palácio da Cidade, na quarta-feira, 22 de junho, das 14h20 as 16h15. Palácio da Cidade: Rua São Clemente, 360 - Botafogo</s>
    <s>Aniversário da Rainha</s>
    <s>A visita acaba com a celebração do Aniversário da Rainha. O Vice Primeiro Ministro Nick Clegg, juntamente com Jeremy Hunt, o Secretário de Estado para Cultura, Mídia e Esportes/Olimpíadas do Reino Unido, o Secretário-Adjunto para Comércio e Investimento, Lorde Green, e o Jeremy Browne, Ministro-Adjunto de Relações Internacionais para a América Latina.</s>
    <s>O evento será na quarta-feira, 22 de junho, no Hotel Copacabana Palace, de 19h45 a 21h30.</s>
    <s>Hotel Copacabana Palace: Avenida Atlântica, 1702</s>
    <s>Lançamento do Premier Skills e anúncio da parceria Paraolímpica Reino Unido – Brazil na UPP do Morro dos Prazeres</s>
    <s>O Morro dos Prazeres sediará dois grandes eventos: o anúncio do programa Premier Skills e da parceria entre o Comitê Paraolímpico britânico e o brasileiro, a Esporte para Todos.</s>
    <s>O Premier Skills é um programa baseado na iniciativa da Premier League britânica chamada ‘Kickz’, que tem a duração de um ano e engaja os jovens em esportes, educação e cultura como uma forma de desviá-los do caminho do crime e anti-social. A Premier League se juntará ao Conselho Britânico numa parceria inovadora para a implementação do Premier Skills. O programa também terá o apoio das autoridades de segurança e esportes do Rio de Janeiro e usará o futebol e a educação para jovens em situação de risco.</s>
    <s>A parceria Esporte para Todos será anunciada juntamente com um jogo de futebol de deficientes visuais entre a URECE (ONG que apóia praticantes do esporte) e o Tottenham Hot Spurs. O Secretário de Estado para Cultura, Mídia e Esportes/Olimpíadas do Reino Unido, Jeremy Hunt, estará presente, acompanhado do Diretor da Integração Paraolímpica e multi-medalhista Paraolímpico, Chris Holmes. Também presentes estarão o Secretário de Segurança do Estado do Rio de Janeiro, Jose Mariano Beltrame; o Diretor da UPP Social, José Marcelo Zacchi, o Diretor da URECE, Gabriel Mayr, e o Chefe da Associação Paraolímpica, Andrew Parsons.</s>
    <s>O evento será realizado no Morro dos Prazeres, em Santa Teresa, na quarta-feira, 22 de junho, de 10:00 as 11:45.</s>
    <s>Contate-nos |</s>
    <s>RSS Feeds |</s>
    <s>Mapa del sitio</s>
    <s>Términos y condiciones |</s>
    <s>Libertad de información |</s>
    <s>Política sobre Privacidad |</s>
    <s>Crown Copyright 2011</s>
  </text>
</page>
