<?xml version="1.0" encoding="UTF-8"?>
<!DOCTYPE page SYSTEM "page.dtd">
<page>
  <lang>pt</lang>
  <url>http://ml.ci.uc.pt/mhonarchive/archport/msg04799.html</url>
  <title>[Archport] CONFERÊNCIA (BREVE), APRESENTAÇÃO DE UMA NOVA COLECÇÃO ...</title>
  <snippet>
    <s>20 nov. 2008 [Archport] CONFERÊNCIA (BREVE), APRESENTAÇÃO DE UMA NOVA COLECÇÃO DE MONOGRAFIAS em Lisboa e de que o Autor foi Comissário Científico. </s>
  </snippet>
  <text>
    <s>Lista archport</s>
    <s>› Índice por assuntos | › Índice cronologico</s>
    <s>‹ Anterior por data</s>
    <s>‹ Anterior por assunto</s>
    <s>Mensagem Nº 04799 de 11149</s>
    <s>› Proxima por assunto</s>
    <s>› Proxima por data</s>
    <s>Archport CONFERÊNCIA (BREVE), APRESENTAÇÃO DE UMA NOVA COLECÇÃO DE MONOGRAFIAS ARQUEOLÓGICAS E DO SEU 1º VOLUME</s>
    <s>To : &quot;ARCHPORT&quot; &lt;archport@ci.uc.pt&gt;</s>
    <s>Subject : Archport CONFERÊNCIA (BREVE), APRESENTAÇÃO DE UMA NOVA COLECÇÃO DE MONOGRAFIAS ARQUEOLÓGICAS E DO SEU 1º VOLUME</s>
    <s>From : VICTOR S. GONÇALVES &lt;vsg@fl.ul.pt&gt;</s>
    <s>Date : Thu, 20 Nov 2008 14:11:03 -0000</s>
    <s>A UNIARQ (CENTRO DE ARQUEOLOGIA DA UNIVERSIDADE DE LISBOA) CONVIDA TANTO OS ARCHPORTIANOS COMO QUAISQUER INTERESSADOS PARA</s>
    <s>CENTRO CULTURAL DE CASCAIS (GANDARINHA) AV. REI UMBERTO DE ITÁLIA (CASCAIS)</s>
    <s>QUINTA FEIRA, 27 DE NOVEMBRO, 18:00 h</s>
    <s>APRESENTAÇÃO DO LIVRO</s>
    <s>A UTILIZAÇÃO PRÉ-HISTÓRICA DA GRUTA DE PORTO COVO (CASCAIS). UMA REVISÃO E ALGUMAS NOVIDADES.</s>
    <s>VICTOR S. GONÇALVES</s>
    <s>1º VOLUME DA COLECÇÃO «CASCAIS, TEMPOS ANTIGOS»</s>
    <s>Com um importante estudo de antropologia fisica por ANA MARIA SILVA</s>
    <s>A gruta de Porto Covo, tal como a de Poço Velho, fazia parte da estrategia de Carlos Ribeiro para o Congres International d'Anthropologie et d'Archeologie Prehistoriques , IXeme Session, que se realizaria em Lisboa no ano seguinte. Foi escavada em Janeiro e Fevereiro de 1879 por Antonio Mendes, a mando de Carlos Ribeiro.</s>
    <s>Publica-se agora tambem um documento inedito, o relatorio de Antonio Mendes sobre a distribuiçao de tarefas pelos trabalhadores, distribuidos por duas categorias, o que nos permite, pela primeira vez, analisar uma escavaçao do ultimo quartel do sec. XIX em Portugal.</s>
    <s>A gruta foi objecto de duas publicaçoes muito sumarias, em 1942 e 1954, e foi praticamente esquecida ate a exposiçao «Cascais ha 5000 anos», realizada pela Camara Municipal de Cascais no Museu Nacional de Arqueologia, em Lisboa e de que o Autor foi Comissario Cientifico. A exposiçao abria exactamente com a taça lisa com pe de Porto Covo.</s>
    <s>A gruta de Porto Covo foi certamente, e sem qualquer duvida, uma necropole… uma pequena necropole onde se depositaram sete individuos, seguramente tres mulheres e duas crianças (com menos de cinco anos) e quase certamente dois homens.</s>
    <s>A sua pequena dimensao e situaçao isolada podem permitir a conclusao que se tratava de uma necropole ocasional de um minusculo nucleo de povoamento nada estavel, pela cronologia que os ossos revelaram.</s>
    <s>A ligaçao a terra de esses grupos le-se atraves da simbolica, da importancia dada ao machado, que corta as arvores, e a enxo, que limpa os troncos dos ramos adjacentes, os limpa da casca e os prepara para funçoes antropicas.</s>
    <s>Seis dataçoes de radiocarbono permitiram identificar tres momentos de utilizaçao, dois no 4º milenio, um no 3º:</s>
    <s>4º Milenio</s>
    <s>1ª deposiçao funeraria (♂♀).</s>
    <s>Muito provavelmente, um Homem e uma Mulher, cujos ossos apresentam sinais de ocre vermelho.</s>
    <s>2ª deposiçao funeraria (♀♀)</s>
    <s>Certamente duas mulheres.</s>
    <s>3º Milenio</s>
    <s>Única deposiçao funeraria (♂)</s>
    <s>Um Homem.</s>
    <s>Em termos de rotulagem «cultural», estariamos, em Porto Covo, sem qualquer margem para duvida, no que habitualmente se chama (sem se saber ainda muito bem o que o que foi, em Portugal) de Neolitico medio .</s>
    <s>Nenhuma das dataçoes aponta a transiçao do 4º para o 3º milenio, onde proliferaram ceramicas tao facilmente reconheciveis como as taças carenadas ou os bordos recortados ou entalhados.</s>
    <s>Finalmente, uma dataçao refere-se ao Calcolitico , nao a sua fase inicial, mas ao que, grosseiramente, por falta de detalhes, com suporte da cronologia absoluta, designamos por Calcolitico medio. Talvez seja aqui o primeiro arranque das formas ceramicas campaniformes, algumas derivadas das antigas taças de bordo espessado, agora fundidas, por vezes, a suportes de vaso troncoconicos e nao hiperboloides ou cilindroides, como no Cerro do Castelo de Santa Justa, no Alto Algarve Oriental .</s>
    <s>The Porto Covo and the Poço Velho prehistoric caves (Cascais County), were excavated in January and February 1879, both part of the Portuguese strategy for the Congres International d'Anthropologie et d'Archeologie Prehistoriques, IXeme Session , which was to be held in Lisbon the following year. It was excavated by Antonio Mendes, by order of Carlos Ribeiro.</s>
    <s>In this book we will show not only bones and pottery, but also an extraordinary document, previously unknown: Antonio Mendes' report on the distribution of tasks among the workers, allowing us, for the first time, to understand how an archaeological excavation was carried out in Portugal in the last quarter of the 19th century.</s>
    <s>The Porto Covo cave was the subject of one very summary publication, with an addenda (1942 and 1954), and was practically forgotten until the « Cascais ha 5000 anos exhibition » (Cascais, 5000 years ago), held by the Cascais County in the Museu Nacional de Arqueologia, in Lisbon, under my supervision (2004). The exhibition opened precisely with the Porto Covo non-decorated «fruit stand», also used as the main motif on the big way in.</s>
    <s>The Porto Covo cave was certainly, and without a shadow of a doubt, a burial chamber a small burial chamber containing seven individuals. It is certain that there were three women and two children (both less than five years of age) and almost certainly two men.</s>
    <s>Its small size and its isolation might permit the conclusion that this was an occasional burial chamber for very small and unstable communities, as revealed by the chronology of the bones.</s>
    <s>The connection of these groups to the land can also be read through the symbology - the importance given to the axe, which cuts the trees, and to the adze, which cleans the branches from the trunks, removes the bark and prepares them for various functions, for construction or preparation of the wood for combustion.</s>
    <s>Radiocarbon dating of six samples permitted the identification of three different periods of occupation, two in the 4th millennium and one in the 3rd , cal BC.</s>
    <s>4th millennium</s>
    <s>1st burial (♂♀).</s>
    <s>Very probably, a man and a woman, whose bones show signs of the ritual of red ochre.</s>
    <s>2nd burial (♀♀)</s>
    <s>Definitively two women.</s>
    <s>3rd millennium</s>
    <s>One «beaker» burial (♂)</s>
    <s>One man.</s>
    <s>In terms of «cultural labelling», we are, at Porto Covo, in what is usually called (without yet knowing very well what it was in Portugal) the middle Neolithic .</s>
    <s>Obviously none of the dates points to the transition from the 4th to the 3rd millennia, where there was, on the Lisbon Peninsula, a proliferation of very easily recognisable pottery, including cups with indented or carved rims or ringed ceramics. This gap has a significance which we do not yet know how to explain.</s>
    <s>Finally, one date refers to the Copper Age, not to the initial phase but to what is loosely called, for lack of details with absolute chronological support, the Middle Copper Age . This was perhaps the beginning of the bell-shaped pottery, the beaker ceramics, some derived from the old thick-rimmed cups, now joined, sometimes, to truncated conical stems rather than hyperboloid or cylindrical. The hyperboloid shapes corresponded to individualised pieces such as those found at the fortified farm of Cerro do Castelo de Santa Justa, in the upper East Algarve (Gonçalves, 1989).</s>
    <s>Mensagem anterior por data: [Archport A prisao do Aljube, Lisboa. Do estudo do sitio ao projecto de reabilitaçao]</s>
    <s>Proxima mensagem por data: [Archport Forum Ciencia Viva 2008]</s>
    <s>Mensagem anterior por assunto: [Archport COLÓQUIO EVOLUÇÃO DA PAISAGEM URBANA Economia e Sociedade, 5 e 6 de Maio, na Universidade do Minho]</s>
    <s>Proxima mensagem por assunto: [Archport CURSO DE INICIAÇÃO A CERÂMICA ROMANA EM PORTUGAL]</s>
  </text>
</page>
