<?xml version="1.0" encoding="UTF-8"?>
<!DOCTYPE page SYSTEM "page.dtd">
<page>
  <lang>pt</lang>
  <url>http://cibertransistor.com/2010/07/18/apple-depois-da-tempestade/</url>
  <title>Apple: Depois da “Tempestade”… | Cibertransistor.com</title>
  <snippet>
    <s>18 jul. 2010 Na conferência de imprensa de sexta-feira, Steve Jobs explicou o qualquer utilizador de telemóvel já teve problemas na recepção. . Autor do livro: Gerir na Era Digital (disponível também em língua e regularmente escreve artigos de opinião para os jornais Diário de Notícias e Meios &amp; Publicidade. </s>
  </snippet>
  <text>
    <s>Cibertransistor.com Media, Entretenimento, Publicidade, Tecnologia e Telecomunicações</s>
    <s>Sobre o Cibertransistor.com</s>
    <s>Google TV</s>
    <s>Redes Sociais</s>
    <s>Sistemas Operativos</s>
    <s>Mac OS</s>
    <s>Windows Mobile</s>
    <s>Windows Phone</s>
    <s>Apple: Depois da &quot;Tempestade&quot;…</s>
    <s>!2010/07/18 por Nuno Ribeiro !0 Comentários</s>
    <s>Afinal, a &quot;Tempestade&quot; criada em volta do problema da antena do iPhone 4 que ficou baptizada como &quot;Antennagate&quot;, não passou de uma curta tempestade.</s>
    <s>Na conferência de imprensa de sexta-feira, Steve Jobs explicou o &quot;problema&quot; que afinal é comum a outros telemóveis/Smartphones (veja a análise comparativa que a Apple efectuou), e que não gerou reacções como aconteceu com o iPhone 4. Na verdade as variáveis sobre recepção de sinal não dependem apenas do dispositivo… qualquer utilizador de telemóvel já teve problemas na recepção.</s>
    <s>Sobre a conferência e respectivos impactos no mercado aqui deixo alguns dos factos que considero mais relevantes:</s>
    <s>- No dia anterior à conferência, surgiu no YouTube a música &quot;The iPhone Antenna Song&quot; criada por Jonathan Mann (um fã da Apple). O vídeo teve destaque em vários sites e blogs de referência. Até agora teve mais de 450 mil visualizações.</s>
    <s>- Na abertura da conferência, antes mesmo de Steve Jobs entrar em palco (e para surpresa de muitos), é exibido o video &quot;The iPhone Antena Song&quot; (que antecipou muito do que Steve Jobs tinha para dizer).</s>
    <s>Video com a conferêcia de imprensa de Steve Jobs</s>
    <s>Destaques da apresentação de Steve Jobs:</s>
    <s>&gt; - Não somos perfeitos. Os telemóveis também não são perfeitos.</s>
    <s>&gt; - Queremos todos os nossos clientes satisfeitos. Quem não tem consciência disso não conhece de facto a Apple (julgo que é uma &quot;farpa&quot; interna a Steve Wozniak).</s>
    <s>É isso que nos move quando criamos os nossos produtos.</s>
    <s>&gt; - O iPhone 4 é provavelmente o melhor produto de sempre da Apple (considerado por vários Media como melhor Smartphone do mercado), vendeu mais de 3 milhões de unidades em apenas 3 semanas</s>
    <s>&gt; - Apenas 0,55% dos utilizadores de iPhone 4 reportaram problemas de recepção</s>
    <s>&gt; - O problema de recepção não é um problema do iPhone 4, mas acontece em vários Smartphones. Os telemóveis não são perfeitos e é um desafio para toda a indústria.</s>
    <s>&gt; - A Apple investiu 100 milhões de dólares na melhor tecnologia para testar antenas de telemóveis. Construiu 17 salas de teste e tem os melhores engenheiros do mundo (veja o site onde está disponível informação - vale a pena ver o video)</s>
    <s>&gt; - O iPhone 3Gs era até aqui o Smartphone com menor taxa de devolução (6%) e o iPhone 4 tem apenas 1,7%.</s>
    <s>O que demonstra a clara satisfação dos clientes da Apple.</s>
    <s>&gt; - Até final do mês o iPhone 4 está disponível em mais 17 países (Portugal ainda não está na lista)</s>
    <s>&gt; - A capa resolve o problema de recepção… por isso, vamos oferecer capas a todos os que já compraram e aos que comprarem o iPhone 4 até 30 de Setembro.</s>
    <s>&gt; - Em caso de insatisfação devolvemos 100% do dinheiro (até 30 dias após a compra).</s>
    <s>&gt; - Adoramos os nossos consumidores</s>
    <s>De todos os produtos: Macs, iPods, iPhones, iPads, Apple TV, App Store,…</s>
    <s>Nós ligamos-los com excelentes aplicações e conteúdo</s>
    <s>E eles recompensam-nos por continuarem a ser nossos consumidores</s>
    <s>Enquanto decorria a conferência, a cotação das acções da Apple faziam eco do sentimento dos investidores e também especuladores.</s>
    <s>No momento em que Steve Jobs diz que vai dar capas para iPhone e que devolve o dinheiro em caso de insatisfação as acções sobem vertiginosamente e chegam aos 254,25 dólares. Não há muitos CEO´s no mundo com a capacidade de influenciar os mercados como Steve Jobs.</s>
    <s>As acções da Apple fecharam a descer (-0,62%) , mas sexta-feira foi um dia negativo nas principais praças financeiras. Os principais concorrentes tiveram quedas bastante superiores: Google (- 6,97% ), Sony (- 4,98% ), RIM (-4,28%), Amazon (-2,92%), Microsoft (-2,43%) e Nokia (-1,24%).</s>
    <s>Steve Jobs sabe que o risco de devolução é muito baixo, e manteve-se fiel aos princípios da Apple que era o que todos os consumidores esperavam desta conferência. E ninguém tem dúvidas que o iPhone 4, e os restantes dispositivos da Apple estão numa curva de crescimento de vendas sustentada pois todo o ecossistema que a Apple criou dão aos utilizadores uma experiência de singular que garante um nível de fidelização nunca visto na indústria de tecnologia e de produtos electrónicos.</s>
    <s>Entretanto, Jonathan Mann aproveitou a popularidade e já fez (ontem), mais uma música. Desta vez dedicada a Steve Jobs</s>
    <s>Acho que esta história não vai terminar aqui… Steve Jobs já acalmou os consumidores, a imprensa e o mercado. Falta agora tratar internamente de resolver com Steve Wozniak a entrevista que deu e o facto de ter ajudado a &quot;incendiar&quot; os Media sobre o caso do &quot;problema&quot; da antena no iPhone4…</s>
    <s>Fica a sugestão para o Jonathan Mann: Que tal mais uma música sobre a saída de Steve Wozniak da Apple?</s>
    <s>Outros relacionados - &quot;Primeiro Capítulo&quot;: Apple numa &quot;Tempestade de Merda&quot;</s>
    <s>Sobre Jonathan Mann: cria uma música diariamente que coloca on line.</s>
    <s>Onde pode encontrar as músicas do Jonathan Mann:</s>
    <s>You Tube: http://www.youtube.com/therockcookiebottom</s>
    <s>Last.FM: http://www.lastfm.com.br/music/Jonathan+Mann</s>
    <s>MySpace: http://www.myspace.com/rockcookiebottom</s>
    <s>iTunes (loja americana): http://ax.itunes.apple.com/pt/artist/jonathan-mann/id188742143&amp;forceArtistPage=1</s>
    <s>Facebook: http://www.facebook.com/songadaymann</s>
    <s>Twitter: http://twitter.com/songadaymann</s>
    <s>Apple, Empresas, Gadgets, iPhone</s>
    <s>Antennagate, Apple, iPhone, iPhone 4, Jonathan Mann</s>
    <s>A separação na Era das Redes Sociais</s>
    <s>População &quot;Facebook&quot;: 500.000.000</s>
    <s>Nenhum comentário por enquanto Seja o primeiro a responder!</s>
    <s>Comentar Cancelar resposta</s>
    <s>Escreva o seu comentário aqui </s>
    <s>Iniciar sessão</s>
    <s>Iniciar sessão</s>
    <s>Iniciar sessão</s>
    <s>Email (obrigatório) (Not published)</s>
    <s>Nome (obrigatório)</s>
    <s>!WordPress.com Logo</s>
    <s>Inicie a sessão no WordPress.com para publicar um comentário no seu blog.</s>
    <s>!Imagem do Twitter</s>
    <s>You are commenting using your Twitter account. ( Log Out )</s>
    <s>!Facebook photo</s>
    <s>You are commenting using your Facebook account. ( Log Out )</s>
    <s>Connecting to %s</s>
    <s>Quero ser notificado de comentários adicionais por email.</s>
    <s>Quero ser notificado de novos posts por email.</s>
    <s>Receber no email:</s>
    <s>Coloque o seu email para receber actualizações do Cibertransistor.com</s>
    <s>!Informação do autor</s>
    <s>Esta entrada foi escrita por Nuno Ribeiro que escreveu 256 entradas em Cibertransistor.com.</s>
    <s>Autor do livro: Gerir na Era Digital (disponível também em língua inglesa - Managing In The Digital Era), cujos s lucros revertem a favor da Cerci Lisboa. Gestor focado no negócio dos Media em plataformas digitais. É diretor de Negócio Multimédia do grupo Controlinveste. Anteriormente esteve mais de oito anos a gerir a unidade de negócios de Internet do grupo Cofina Media, onde viabilizou economicamente os projetos digitais deste grupo editorial. Entre 1997 e 2002, foi consultor do secretário de Estado da Comunicação Social para a área digital. Fundou, em 1995, o site A Telefonia Virtual, que durante os sete anos de existência foi a referência na indústria de Rádio em Portugal. Professor convidado nas Universidades: Universidade Católica, Universidade Lusófona, EGP-University of Porto Business School, ISLA-Laureate International Universities e Real Madrid International School. É embaixador para Portugal da única associação mundial de profissionais e líderes em operações e tecnologia de publicidade Online - AdMonsters e regularmente escreve artigos de opinião para os jornais Diário de Notícias e Meios &amp; Publicidade. Licenciou-se em Economia na Universidade Católica de Lisboa, onde também concluiu um curso avançado de Gestão de Empresas Tecnológicas e uma pós-graduação em Gestão de Media e Entretenimento.</s>
    <s>English Version</s>
    <s>Alex Ferreira: Já li 3x e sempre aprendo coisas! </s>
    <s>Nuno Ribeiro: Francisco, Já estava na lista acima :-) </s>
    <s>Francisco Costa Pereira: Eu acrescentaria o livro &quot;A cabeça de Steve Jobs&quot; </s>
    <s>Diogo António Rendeiro: Nas palavras de Bezos à revista Wired há um ano </s>
    <s>Ricardo Nuno Silva | Sobre Literacia Digital: Excelente artigoObrigado pelo resumo e análise </s>
    <s>Mais lidos</s>
    <s>Apple: Entrevista de Steve Jobs à Playboy</s>
    <s>Videoconferência no Facebook com Skype</s>
    <s>Biografia de Steve Jobs antecipada para 24 de Outubro e em breve o filme</s>
    <s>Organogramas: Amazon, Google, Facebook, Microsoft, Apple e Oracle</s>
    <s>Concluída a aquisição do Skype</s>
    <s>Gerir na Era Digital</s>
    <s>Autor: Nuno Ribeiro | Prefácio: Rui Pêgo</s>
    <s>Edição Impressa: Amazon.com | Barnes &amp; Noble |Lulu.com | createspace eBook: Amazon.com (amazonkindle) e Lulu.com (ePub) Os lucros deste livro revertem a favor da Cerci Lisboa. Mais informação em: gerirnaeradigital.com English version: Managing In The Digital Era</s>
    <s>Posts por mês</s>
    <s>Seleccionar Mês Outubro 2011 (11) Setembro 2011 (23) Agosto 2011 (9) Julho 2011 (24) Junho 2011 (13) Maio 2011 (15) Abril 2011 (15) Março 2011 (10) Fevereiro 2011 (16) Janeiro 2011 (19) Dezembro 2010 (8) Novembro 2010 (19) Outubro 2010 (56) Setembro 2010 (54) Agosto 2010 (30) Julho 2010 (77) Junho 2010 (20) Maio 2010 (5) Abril 2010 (4) Março 2010 (3) Fevereiro 2010 (1) Janeiro 2010 (4) Dezembro 2009 (2) Novembro 2009 (2) Outubro 2009 (1) Setembro 2009 (2) Julho 2009 (1) Junho 2009 (1) Maio 2009 (1) Abril 2009 (2) Março 2009 (2) Fevereiro 2009 (2) Janeiro 2009 (1) Dezembro 2008 (2) Novembro 2008 (3) Outubro 2008 (2) Setembro 2008 (1) Junho 2008 (1) Maio 2008 (1) Abril 2008 (2) Março 2008 (1) Fevereiro 2008 (2)</s>
    <s>Reproduçao e partilha dos conteudos autorizada para uso nao comercial com referencia a fonte: Cibertransistor.com</s>
    <s>De acordo com as regras da Licença da Creative Commons (uso nao comercial) - 2.5 Portugal.</s>
    <s>Nota Editorial</s>
    <s>As opiniões expressas nos artigos deste blog, bem como eventuais comentários, são da exclusiva responsabilidade do autor não vinculando as entidades onde colaboram nem os restantes autores do Cibertransistor.com.</s>
    <s>Receber no email:</s>
    <s>Coloque o seu email para receber actualizações do Cibertransistor.com</s>
    <s>Blog em WordPress.com. Tema: Headlines por WooThemes. Fonts on this blog.</s>
    <s>Follow Cibertransistor.com</s>
    <s>Get every new post delivered to your Inbox.</s>
    <s>Join 92 other followers</s>
    <s>Powered by WordPress.com</s>
    <s>Enviar para endereço de Email O seu nome O seu endereço de email</s>
    <s>!loading Cancelar</s>
    <s>Post não foi enviado - por favor verifique os seus endereços de email</s>
    <s>A verificação do email falhou, tente de novamente</s>
    <s>Lamentamos, mas o seu blog não pode partilhar posts por email.</s>
  </text>
</page>
