<?xml version="1.0" encoding="UTF-8"?>
<!DOCTYPE page SYSTEM "page.dtd">
<page>
  <lang>pt</lang>
  <url>http://thecityfixbrasil.com/2011/10/06/workshop-poe-em-debate-solucoes-para-mobilidade-nas-favelas-do-rio/</url>
  <title>Workshop discute soluções para mobilidade nas favelas do Rio ...</title>
  <snippet>
    <s>6 out. 2011 Paradoxo de Braess e as Cidades Brasileiras Setembro 21, 2011 Workshop reúne especialistas em urbanismo, arquitetura e mobilidade no Rio Outubro 10, 2011 . Conferência Internacional de Saúde Urbana. 1 Nov 11 </s>
  </snippet>
  <text>
    <s>A World Resources Institute website</s>
    <s>WRI sites</s>
    <s>Login | Signup</s>
    <s>Nossa equipe</s>
    <s>Seja um Colaborador</s>
    <s>Oportunidade de Trabalho</s>
    <s>Transporte Integrado</s>
    <s>Desenvolvimento Urbano + Acessibilidade</s>
    <s>Saúde + Segurança Viária</s>
    <s>Qualidade do Ar + Mudanças Climáticas</s>
    <s>Comunicação + Marketing</s>
    <s>Advanced Search</s>
    <s>Buenos Aires é &quot;Mejor en Bici&quot; Junho 9, 2011</s>
    <s>Aprovado: Recife terá seu próprio Sistema Cicloviário Maio 24, 2011</s>
    <s>Paradoxo de Braess e as Cidades Brasileiras Setembro 21, 2011</s>
    <s>Poluição do ar em grandes cidades pode causar depressão Julho 11, 2011</s>
    <s>1 carro = 10 bicicletas Julho 13, 2011</s>
    <s>BRT faz Pernambuco ser exceção; obras começaram antes do previsto Outubro 17, 2011</s>
    <s>EUA lançam Guia de Projeto Cicloviário Urbano para suas cidades Outubro 14, 2011</s>
    <s>A mobilidade é responsabilidade de todos Outubro 14, 2011</s>
    <s>Pesquisa aponta índices de mobilidade sustentável no país Outubro 14, 2011</s>
    <s>Paris testa sistema de aluguel de carros elétricos Outubro 13, 2011</s>
    <s>André Jacobsen: Destes 118 km de faixas já implantadas, eu gostari </s>
    <s>Tony Ho: O ar das grandes metrópoles não ajuda quem tem p </s>
    <s>: Pessoal, recebemos a notícia de que a editora Melh </s>
    <s>Walter Souza: Muitos candidatos que não se elegem nas eleições l </s>
    <s>Pedroharres: Igor, seria legal se tu colocasse um link teorico </s>
    <s>Belo Horizonte bicicleta bicicletas Brasil BRT Bus Rapid Transit CACS ciclovias Cities in Focus Concurso Cidades Ativas Cidades Saudáveis Década de Ação pela Segurança no Trânsito EMBARQ EMBARQ-Brasil gases de efeito estufa ITDP mobilidade sustentável México Nova York ONU poluição poluição do ar Porto Alegre qualidade de vida qualidade do ar Rio de Janeiro segurança viária sustentabilidade São Paulo transporte público transporte sustentável trânsito vídeo</s>
    <s>Follow Us On Twitter</s>
    <s>Follow @EMBARQBrasil on Twitter Encontre-nos no Facebook</s>
    <s>Igor Oliveira</s>
    <s>Ana Paula Dixon</s>
    <s>Alex Hutchinson</s>
    <s>Erica Schlaikjer</s>
    <s>Paula Santos</s>
    <s>Giancarlo Bonotto</s>
    <s>Become a Contributor</s>
    <s>Associação Nacional de Transportes Públicos</s>
    <s>Atitude ECO</s>
    <s>Banco Mundial - Desenvolvimento Urbano</s>
    <s>cidades para pessoas</s>
    <s>Coletivo Verde</s>
    <s>Década de Ação pela Segurança no Trânsito</s>
    <s>Mobilidade Sustentável</s>
    <s>Mundo da Sustentabilidade</s>
    <s>New Mobility Cafe</s>
    <s>Our Cities Ourselves</s>
    <s>Planeta Sustentável</s>
    <s>Street Films</s>
    <s>Sustainable Urban Transport Project</s>
    <s>The Infrastructurist</s>
    <s>The Transport Politic</s>
    <s>United Nations Road Safety Collaboration</s>
    <s>Seleccionar Mês Outubro 2011 (17) Setembro 2011 (35) Agosto 2011 (39) Julho 2011 (42) Junho 2011 (37) Maio 2011 (12)</s>
    <s>Transporte Integrado</s>
    <s>Workshop discute soluções para mobilidade nas favelas do Rio</s>
    <s>By Maria Fernanda Cavalcanti Outubro 6, 2011 0 Comments</s>
    <s>Foto: EMBARQ Brasil</s>
    <s>A Prefeitura do Rio já firmou compromisso com a integração social e física de sua população por meio do Projeto Morar Carioca. A meta do programa, que reúne a Secretaria Municipal de Habitação do Rio de Janeiro (SMH RJ) e o Instituto de Arquitetos do Brasil (IAB), é melhorar as condições de habitação, transporte e serviços nas áreas de assentamentos informais e reurbanizar todas as favelas cariocas até 2020.</s>
    <s>Para auxiliar no planejamento da mobilidade nas comunidades, a EMBARQ Brasil estabeleceu parceria com a SMH e o IAB-RJ e juntas as instituições promovem o workshop “Inserção do Transporte Sustentável no Morar Carioca”. A capacitação ocorre na próxima segunda (10) e terça-feira (11), na sede do IAB-RJ, no Rio de Janeiro, e está direcionada aos escritórios participantes do Morar Carioca e técnicos da Prefeitura. O workshop é a primeira capacitação voltada ao transporte sustentável do ciclo de capacitação do Morar Carioca realizado pelo IAB com a supervisão da SMH.</s>
    <s>Na programação estão previstas palestras com especialistas com ampla experiência na área de mobilidade sustentável em assentamentos informais. O workshop também contempla debates e oficina prática na qual os participantes deverão apontar soluções de transporte sustentável e reurbanização para determinada comunidade, exercício que será monitorado pelos especialistas convidados.</s>
    <s>Entre os palestrantes convidados, destaque ao arquiteto argentino Jorge Mario Jáuregui, internacionalmente reconhecido pelos trabalhos de integração da cidade formal com a informal, e que recentemente coordenou a elaboração dos projetos de arquitetura e urbanismo para o Complexo do Alemão, no Rio.</s>
    <s>Transmissão ao vivo</s>
    <s>A EMBARQ Brasil transmitirá o 1º dia de workshop ao vivo pelo Twitter @EMBARQBrasil, compartilhando com toda a comunidade os conhecimento dos especialistas.</s>
    <s>Confira a programação completa:</s>
    <s>Segunda-feira, 10 de outubro</s>
    <s>08:30-08:55 – Inscrições</s>
    <s>08:55-09:30 – Abertura</s>
    <s>09:30-10:15 – Michael Jones (Alta Planning, São Francisco/EUA) -  Integração de bicicletas ao transporte motorizado em favelas</s>
    <s>10:15-11:00 – Ethan Kent (Project for Public Spaces, Nova Iorque/EUA) -  Ruas como espaços de convivência: aplicando a metodologia “the power of 10”</s>
    <s>11:00-11:45 – Philip Gold (Gold Projects, São Paulo) -  Integração da favela com a cidade formal: visão da segurança viária</s>
    <s>11:45-12:45 – Debate</s>
    <s>12:45-14:15 – Almoço</s>
    <s>14:15-15:00 – Salvador Herrera (CTS-México, Cidade do México/México) - Critérios para seleção de alternativas de mobilidade</s>
    <s>15:00-15:45 – Alfredo Brillembourg (Urban Think Tank, Zurique/Suíça) -  Caracas: soluções de transporte sustentável em favelas</s>
    <s>15:45-16:30 – Carlos Mario Rodríguez (Arquitectos Urbanistas A+U, Medellín/Colombia) -  Medellín: mobilidade como instrumento de equidade</s>
    <s>16:30-17:00 – Jorge Mario Jáuregui (@telier Metropolitano, Rio de Janeiro) - Complexo do Alemão: a importância do transporte na reurbanização</s>
    <s>17:00-17:30 – Fernanda Salles (Fernanda Salles Arquitetura, Rio de Janeiro) - Providência e Santa Marta: meios de transporte em comunidades sem viário carroçável</s>
    <s>17:30-18:30 – Debate</s>
    <s>Terça-feira, 11 de outubro</s>
    <s>08h55-09h30 - Apresentação da metodologia de trabalho – EMBARQ Brasil</s>
    <s>09h30-13h00 – Oficina de trabalho para os escritórios do Morar Carioca - Desenvolvimento de trabalho prático em grupo com a participação dos especialistas - focado no Complexo São Carlos</s>
    <s>13:00-14:15 – Almoço</s>
    <s>14h15-18h15 – Apresentação dos grupos (20 minutos cada grupo) com discussão, sugestões, recomendações dos especialistas</s>
    <s>Related Posts</s>
    <s>Pesquisa aponta índices de mobilidade sustentável no país</s>
    <s>Rio terá 300 km de ciclovias até o próximo ano</s>
    <s>Portal Cidade Olímpica mostra transformações do Rio</s>
    <s>Tags: EMBARQ-Brasil, IAB, Morar Carioca, Prefeitura Rio, Workshop Inserção do Transporte Sustentável no Morar Carioca</s>
    <s>18º Congresso Brasileiro de Transporte e Trânsito da ANTP</s>
    <s>18 Out 11</s>
    <s>Rio de Janeiro, RJ</s>
    <s>EcoMobility Changwon 2011</s>
    <s>22 Out 11</s>
    <s>Changwon, Korea</s>
    <s>1º Encontro Mundial de Blogueiros</s>
    <s>27 Out 11</s>
    <s>Foz do Iguaçu, PR</s>
    <s>Conferência Internacional de Saúde Urbana</s>
    <s>1 Nov 11</s>
    <s>Belo Horizonte, MG</s>
    <s>XXV ANPET - Congresso de Pesquisa e Ensino em Transportes</s>
    <s>7 Nov 11</s>
    <s>Belo Horizonte, MG</s>
    <s>Trabalhe Conosco</s>
    <s>Gerente de Projetos Ambientais</s>
    <s>Urban Development and Accessibility Director</s>
    <s>Nossa equipe</s>
    <s>Oportunidade de Trabalho</s>
    <s>Políticas do site</s>
    <s>Publicar Novo Emprego</s>
    <s>Publicar Novo Evento</s>
    <s>Seja um Colaborador</s>
    <s>Produzido por</s>
    <s>This work is licensed under a Creative Commons Attribution-NonCommercial-NoDerivs 3.0 Unported License.</s>
    <s>Forget Password?</s>
    <s>Register Account</s>
  </text>
</page>
