<?xml version="1.0" encoding="UTF-8"?>
<!DOCTYPE page SYSTEM "page.dtd">
<page>
  <lang>pt</lang>
  <url>http://identi.ca/notice/80877107</url>
  <title>W3C Escritório Brasil (w3cbrasil)&#39;s status on Monday, 15-Aug-11 12 ...</title>
  <snippet>
    <s>15 ago. 2011 Continua aberta Chamada de Trabalhos para Conferência Web W3C.br http:// conferenciaweb.w3c.br #HTML5 #CSS3 #WebSemântica # </s>
  </snippet>
  <text>
    <s>W3C Escritório Brasil (w3cbrasil)'s status on Monday, 15-Aug-11 12:04:15 UTC</s>
    <s>Continua aberta Chamada de Trabalhos para Conferência Web W3C.br http://conferenciaweb.w3c.br HTML5 CSS3 WebSemântica DadosAbertos</s>
    <s>about 2 months ago from web at São Paulo, Estado de São Paulo, Brazil</s>
    <s>Identi.ca is a microblogging service brought to you by Status.net. It runs the StatusNet microblogging software, version 1.0.1, available under the GNU Affero General Public License.</s>
    <s>!Creative Commons Attribution 3.0 All Identi.ca content and data are available under the Creative Commons Attribution 3.0 license.</s>
    <s>Switch to mobile site layout.</s>
    <s>*about 2 months ago: 2011-08-15T12:04:15+00:00</s>
    <s>*São Paulo, Estado de São Paulo, Brazil: -23.5475000;-46.6361100</s>
  </text>
</page>
