<?xml version="1.0" encoding="UTF-8"?>
<!DOCTYPE page SYSTEM "page.dtd">
<page>
  <lang>pt</lang>
  <url>http://blog.egenial.com.br/category/conferencias/</url>
  <title>e-Genial – Simplesmente Notável » Conferências</title>
  <snippet>
    <s>Todos os arquivos de &#39;Conferências&#39; Category Por minha participação no evento acabei sendo convidado para participar da lista interna de ex-alunos e participantes A palestra será ministrada pelo Arthur Zapparoli, grande membro ativo na para conhecer o 35, uma churrascaria bem tradicional no centro da cidade, </s>
  </snippet>
  <text>
    <s>e-Genial - Simplesmente Notável</s>
    <s>Todos os arquivos de 'Conferências' Category</s>
    <s>Novidades e mais novidades</s>
    <s>janeiro 17th, 2011</s>
    <s>No comments</s>
    <s>Olá pessoal,</s>
    <s>Depois de muito tempo sem movimentação aqui no blog estamos de volta. Aqui será o nosso ponto de comunicação sobre eventos que promovemos/apoiamos, promoções, anúncios de novos cursos/produtos e assuntos relacionados a tecnologia em geral.</s>
    <s>Para abrir 2011 gostaríamos de compartilhar com vocês algumas das novidades que já estão circulando por aí.</s>
    <s>Ruby Masters</s>
    <s>No começo de Janeiro nós anunciamos o Ruby Masters um evento voltado para a comunidade de Ruby, que amamos tanto.</s>
    <s>Acreditamos na tecnologia e sem ela não teria sido possível construir nossas ferramentas da forma que foram feitas. Ao utilizar Ruby também herdamos uma cultura particular da comunidade  que é aplicável independente da tecnologia.</s>
    <s>Para tentar retribuir um pouco o nosso amor por esta linguagem e suas tecnologias associadas estamos organizando este grande evento. Um maratona de dois dias, já com 11 palestrantes confirmados que acontecerá nos dias 25 e 26 de Fevereiro.</s>
    <s>Este evento tem objetivo compartilhar conhecimento e ainda arrecadar fundos para projetos como o RubyInstaller e Passenger. Quem estuda ou utiliza Ruby/Rails sabe a importância destes dois projetos e por esta razão eles foram escolhidos.</s>
    <s>O valor simbólico da inscrição para o evento é flexível e você pode escolher entre 35 à 55 reais, pagos através do PayPal (que aceita cartões brasileiros). A inscrição lhe dá acesso a participação ao vivo além de baixar as gravações que estarão disponíveis 15 dias após o evento.</s>
    <s>Sobre o conteúdo do evento nós convidamos grandes nomes da comunidade Ruby para falar dos temas mais atuais ou que nunca perderam a importância. Como é um evento exclusivo de Ruby a idéia é ser bem técnico e com conteúdo mais denso.</s>
    <s>Entre os assuntos que serão abordados teremos: criação de gems, TDD e BDD, boas práticas de desenvolvimento, qualidade de código, integração com tecnologias como Node.js, boas práticas para versionamento de projetos Ruby, escalabilidade, aplicação de paradigmas diferentes, deploy e muito mais.</s>
    <s>Mas para o evento ter o sucesso e atingir seus objetivos nós precisamos de sua ajuda. Contamos com a sua participação e também com o seu apoio na divulgação.</s>
    <s>Para a divulgação você pode apoiar através de banners, faixas, posts, emails ou escrevendo um simples tweet.</s>
    <s>Contamos com você.</s>
    <s>Café Com TOM</s>
    <s>Em 2011 também voltaremos com o Café Com TOM, um evento que sempre foi um super sucesso.</s>
    <s>Eu nunca comentei isso em lugar algum mas, eu (Daniel), conheci a e-Genial há mais ou menos 4 anos atrás participando do Café com TOM. Por minha participação no evento acabei sendo convidado para participar da lista interna de ex-alunos e participantes de eventos. Como eu respondia muitas dúvidas de Flex acabei sendo convidado para ministrar treinamentos na empresa.</s>
    <s>Eu, pessoalmente, considero o Café Com TOM um evento mágico com o poder de unir pessoas do Brasil todo para discutir e aprender sobre os temas mais variados sem a necessidade de deslocamento ou investimentos inicial para o primeiro contato com novas tecnologias/assuntos.</s>
    <s>No primeiro semestre de 2011 o evento ocorrerá no primeiro sábado de cada mês às 14:00 e tem duração estimada de 1 hora.</s>
    <s>Já agende aíDia 05 de Fevereiro para assistir a palestra do Christiano Milfont sobre o framework Sencha JS. Veja mais sobre este primeiro evento aqui.</s>
    <s>E se você tem sugestões de temas para o evento por favor entre em contato comigo em daniel arrouba egenial.com.br</s>
    <s>Novos Cursos</s>
    <s>As coisas também andam bem agitadas em nossos treinamentos e esperamos ter 17 cursos diferentes apenas no primeiro semestre. Estamos divulgando um curso por vez pois os preparativos para um treinamento não simples.</s>
    <s>O cursos que estão com as matrículas abertas são:</s>
    <s>Node.js: 16 horas com Emerson Leite</s>
    <s>Flash Platform Web (Flex): 20 horas com Fábio Vedovelli</s>
    <s>Rails do Básico ao Avançado: 21 horas comigo (Daniel Lopes)</s>
    <s>Imersão Ruby: 16 horas comigo (Daniel Lopes)</s>
    <s>Em breve vamos disponibilizar as datas dos outros cursos, então aguardem.</s>
    <s>Abrimos o ano com pé direito !;-)</s>
    <s>Café com o TOM, Conferências, E novidades, Empresa, Ruby, Ruby on Rails</s>
    <s>Aplicações Web: Aspectos jurídicos relevantes</s>
    <s>outubro 9th, 2008</s>
    <s>No comments</s>
    <s>Dia 11/10/08 às 16:00 horas, haverá mais uma grande palestra no café com o TOM 2008, e o assunto será algo muito importante e pouco comentado na web. O Rodrigo José Dutra da Dutra &amp; Dutra Advogados irá falar das principais características jurídicas que envolvem uma aplicação web,  bem como questões relativas a contratos, licenças, outsourcing e demais temas importantes àqueles que se dedicam ao desenvolvimento deste tipo aplicações.</s>
    <s>Se você tem dúvidas sobre o processo jurídico envolvido neste mercado, não deixe de participar.</s>
    <s>Espero vocês nesta palestra.</s>
    <s>Grande abraço!</s>
    <s>Café com o TOM, Conferências, E novidades, Novidades, Palestras e Eventos, Treina Tom</s>
    <s>Palestra on-line sobre GIT</s>
    <s>agosto 21st, 2008</s>
    <s>No comments</s>
    <s>Olá pessoal!</s>
    <s>Neste sábado dia 23/08/2008 a partir das 15:00 vai rolar mais um café com TOM. O assunto agora é sobre GIT, o sistema de controle de versão mais potente e mais flexível do momento.</s>
    <s>A palestra será ministrada pelo Arthur Zapparoli, grande membro ativo na comunidade Ruby on Rails brasileira. Se você trabalha com desenvolvimento ágil, web e desktop não fique de fora desta, tenho certeza que irá gostar muito do que irá ver.</s>
    <s>Mais informações basta acessar: www.treinatom.com.br/cafe-com-o-tom</s>
    <s>Grande abraço!</s>
    <s>Café com o TOM, Conferências, Palestras e Eventos, Treina Tom</s>
    <s>Django - Um framework web para perfeccionistas com prazos</s>
    <s>julho 22nd, 2008</s>
    <s>3 comments</s>
    <s>Neste sábado dia 26/07 terá uma palestra no café com o TOM, sobre Django com Andrews Medina. Ele irá mostrar uma visão geral sobre o framework de desenvolvimento web, mostrando suas características, quem anda utilizando e quando utilizá-lo.</s>
    <s>O evento começa as 15:00 horas, e em seguida terá a palestra do Danilo Sato sobre Merb: Desenvolvimento Web com Ruby sem Rails.</s>
    <s>Não fique de fora, pois vale a pena conhecer outras alternativas ao Ruby on Rails.</s>
    <s>Tenho certeza que você irá gostarSerá um sábado anti-rails !;-)</s>
    <s>Grande abraço!</s>
    <s>Conferências, Empresa, Novidades, Palestras e Eventos, Treina Tom</s>
    <s>Tenha seu sistema personalizado de conferências on-line</s>
    <s>julho 8th, 2008</s>
    <s>No comments</s>
    <s>A e-Genial está sempre procurando não só melhorar a qualidade de seus produtos, mas também tornar os valores dos mesmos mais acessíveis. Agora você e sua empresa poderá ter seu sistema de conferência personalizado a um custo bem acessível, confira algumas das novidades.</s>
    <s>O TOM Conference acaba de ganhar uma nova versão que permite não só colocar até 6 pods de conferência, como também compartilhar a tela do administrador/apresentador da sala. Desta forma você poderá realizar apresentações diretamente de seu desktop capturando uma área de 1024 x 700.</s>
    <s>O planos do TOM Conference para locação usam a estrutura do servidor do Treina TOM, mas se você quer usar o TOM Conference diretamente pelo site de sua empresa, curso ou instituição de ensino, isso também é possivel, basta adquirir a licença de uso, que tem um custo muito baixo comparado com outras ferramentas do gênero. Assim, ao adquirir o software, você poderá personalizar o ambiente para ficar com a cara de sua empresa e de acordo com a sua necessidade.</s>
    <s>Vale destacar que você tem a total flexibilidade para escolher o host que quiser para usar junto ao servidor de streaming FMS. Outro recurso importante que está disponível nesta versão é a API de integração, que permite você integrar o TOM Conference com qualquer sistema web ou não, abrindo sua sala de conferência individual de forma personalizada.</s>
    <s>A licença para uso dedicado inclui um ano de atualização grátis do ambiente e material de suporte para a integração do mesmo.</s>
    <s>Se você tem interesse em conhecer mais detalhes sobre o TOM Conference, entre em contato conosco e solicite mais informações, teremos satisfação em lhe atender.</s>
    <s>Conferências, Empresa, Novidades, Treina Tom</s>
    <s>FISL 9 uma nova experiência</s>
    <s>abril 20th, 2008</s>
    <s>4 comments</s>
    <s>Olá pessoal,</s>
    <s>Estou aqui em Porto Alegre colocando este post exatamente para registrar minha satisfação e experiência no FISL 9. Costumo falar em experiências web, experiências em interfaces e recursos que o flex e o ruby on rails proporciona no dia a dia de cada um de nós, mas falar de uma nova experiência real e palpável como foi o fisl 9, só participando para entender que mais do que falar por msn, gtalk e skype é conhecer grandes amigos da internet pessoalmente, e isso foi uma nova experiência.</s>
    <s>Cheguei em porto alegre na última quinta feira(17/04) depois do almoço, e logo segui para o evento, onde de cara já encontrei com o Júlio Monteiro e outros amigos e alunos dos cursos da e-Genial. Encontrei grandes membros da comunidade Rails como Fabio Akita, Rodrigo(Divoxx), Vinícius Manhães Teles o cara que manda na Júlia, Ronaldo Ferraz, Rodrigo Urubatan e outros da comunidade Java como Vitor Pamplona e Dalton de Camargo.</s>
    <s>Confesso que não fui para assistir palestras, e sim para conhecer toda esta galera que a mais de 4 anos eu acompanho e troco experiências. Foram 3 dias muito bem aproveitados, onde fiz grandes contatos e conheci gente nova como o Guilherme Chapiewski e o Marcelo Azambuja da Globo.com, Fabio Kung da Caelum e um cara muito bacana, Sylvestre Mergulhão.</s>
    <s>Muitas novidades vivi e reconheço que o contato presencial com estas pessoas só reafirma o que eu já sabia, muita gente bacana e inteligente. Não posso deixar de citar o Danglar Figuero da Buzzcenter que foi me visitar no evento e me levou para conhecer o 35, uma churrascaria bem tradicional no centro da cidade, que por sinal foi a mesma onde jantamos logo que o evento terminou.</s>
    <s>Enfim, gostei e sempre que puder ir eu vou e recomendo aqueles que não foram… É cansativo? É sim, mas nada paga um bom networking e a troca de experiências.</s>
    <s>Grande abraço!</s>
    <s>Conferências, Minha vida física, Palestras e Eventos</s>
    <s>Você vai ao fisl 9.0?</s>
    <s>março 7th, 2008</s>
    <s>10 comments</s>
    <s>Olá amigos,</s>
    <s>Nos dias 17, 18 e 19 de abril acontece o 9 fórum internacional de software livre, e nós estaremos lá, junto com grandes amigos e membros da comunidade Ruby on Rails do Brasil.</s>
    <s>!Eu estou indo para conhecer o fórum, e claro, para conhecer meus amigos da internet como Vinícius Manhães Teles, Fábio Akita, Júlio Monteiro, Vitor Pamplona dentre outros feras do desenvolvimento web.</s>
    <s>Agora quero saber de vocês, quem vai? Se vai, deixe aqui seu comentário e vamos marcar um bate papo durante a feira, gostaria muito de conhecer cada um de vocês também.</s>
    <s>Estaremos no stand do Rails Brasil, com muitas novidades e claro, brindes para os apaixonados por desenvolvimento ágil.</s>
    <s>Aguardo os comentários de vocês!</s>
    <s>Update 07/03/08 - 17:00</s>
    <s>Não posso deixar de citar meu GRANDE amigo Rodrigo Urubatan que prometeu fazer um churrasco bacana.</s>
    <s>Grande abraço!</s>
    <s>Conferências, E novidades, Palestras e Eventos</s>
    <s>Vídeos do Rails for Kids Free</s>
    <s>fevereiro 22nd, 2008</s>
    <s>2 comments</s>
    <s>Olá pessoal,</s>
    <s>Como eu disse em outros posts e comentários o Rails for Kids realizado em dezembro do ano passado foi um sucesso, onde conseguimos arrecadar uma boa grana para uma instituição que cuida de crianças e pessoas portadoras de necessidades especiais, o evento foi criado com este foco principal &quot;arrecadar doações para este fim, ajudar a Cotolengo MS&quot;.</s>
    <s>Bom, se passaram 2 meses e a demanda para doação baixou um pouco, então para não deixar o conteúdo esfriar estamos colaborando mais uma vez com a comunidade Rails. Estamos liberando o acesso para todos assistirem os vídeos que aconteceram no evento, e dentro de algumas semanas eu devo disponilizar para download também, afim de ajudar a comunidade Rails Brasil a crescer, disponibilizando assim conteúdos ricos.</s>
    <s>Para acessar é muito simples, foi criada um usuário e senha padrão:</s>
    <s>email: falecom at egenial.com.br</s>
    <s>senha: cotolengo123</s>
    <s>Há, e para aqueles que não sabe o endereço fica aqui a dica: www.egenial.com.br/railsforkids</s>
    <s>Os vídeos foram gravados em flv e alguns estão disponiveis via streaming.</s>
    <s>Para aqueles que não conhecem deixo outra dica: www.treinatom.com.br/betaEventos</s>
    <s>Todos estes vídeos foram criados apartir de palestras que aconteceram ano passado, palestras estas executadas por grandes membros da comunidade Rails e Flex aqui do Brasil e estes são GRANDES colaboradores ativos, não deixem de visitar seus blogs e os sites de suas empresas, vale muito a pena pois são tremendos profissionais.</s>
    <s>Amigos espero que gostem, qualquer dúvida só falar.</s>
    <s>Grande abraço</s>
    <s>Conferências, Flex + Rails, Novidades, Palestras e Eventos, Ruby, Ruby on Rails, Treina Tom</s>
    <s>FMSGuru Brasil chegou!</s>
    <s>janeiro 21st, 2008</s>
    <s>No comments</s>
    <s>Olá amigos e amigas,</s>
    <s>Confesso que eu estava um pouco sumido por estas semanas, mas como eu falei, isso está acontecendo por um bem maior, o nosso crescimento como empresa. Estamos trabalhando dia e noite em alguns projetos e produtos nossos e o tempo ficou realmente pouco para postar toda hora.</s>
    <s>E já para entrar no ritmo, quero compartilhar com vocês nosso mais novo projeto, o FMSGuru Brasil.</s>
    <s>O FMSGuru Brasil é o primeiro respositório de informações sobre desenvolvimento de aplicações que usam também o Flash Media Server. O Formato é bem parecido com o fmsguru.com que por sinal é nosso parceiro, e a idéia principal é o compartilhamento de tutorias, vídeos tutoriais sobre desenvolvimento de aplicações multimídias.</s>
    <s>Como nossa equipe de desenvolvimento esta crescendo, vamos deixar este blog aqui só para tratar das novidades da empresa e de nossos produtos.</s>
    <s>Nas próximas semanas vamos estar lançando nossa nova identidade visual para este ano, então para quem gosta de novidades, é só aguardar pelo o que vem por aí!.</s>
    <s>Grande abraço e espero que gostem.</s>
    <s>AS3, Adobe, Air, Conferências, E novidades, FMSGuru, Flex, Palestras e Eventos, Parceiros, Treina Tom, Treinamentos</s>
    <s>Cadê vídeos do Rails for Kids?</s>
    <s>janeiro 4th, 2008</s>
    <s>1 comment</s>
    <s>Olá amigos,</s>
    <s>Primeiramente feliz 2008, muita paz e saúde para todos nós e sucesso claro!</s>
    <s>Estou escrevendo este post para compartilhar o motivo de não ter liberado ainda os vídeos do Rails for Kids 2007. Como fizemos uma mudança de cidade e estado agora na última semana acabamos ficando sem internet e a que conseguimos esta muinto ruim e caindo toda hora.</s>
    <s>No máximo na próxima semana estará liberado os vídeos dai eu crio um novo post para falar da liberação. Deste já peço desculpa e conto com a compreensão de vocês.</s>
    <s>Grande abraço e obrigado!</s>
    <s>Conferências, Palestras e Eventos, Rails for Kids</s>
    <s>Older Entries</s>
    <s>RSS feed</s>
    <s>Café com o TOM</s>
    <s>E novidades</s>
    <s>Flash Player</s>
    <s>Flex + Rails</s>
    <s>Flex 4</s>
    <s>Flex for Kids</s>
    <s>imersao adobe flex</s>
    <s>Minha vida física</s>
    <s>novo produto</s>
    <s>Palestras e Eventos</s>
    <s>Rails for Kids</s>
    <s>Ruby on Rails</s>
    <s>Tom Cast</s>
    <s>Treina Tom</s>
    <s>Wowza Media</s>
    <s>outubro 2011</s>
    <s>setembro 2011</s>
    <s>agosto 2011</s>
    <s>junho 2011</s>
    <s>abril 2011</s>
    <s>março 2011</s>
    <s>fevereiro 2011</s>
    <s>janeiro 2011</s>
    <s>julho 2010</s>
    <s>março 2010</s>
    <s>fevereiro 2010</s>
    <s>janeiro 2010</s>
    <s>outubro 2009</s>
    <s>setembro 2009</s>
    <s>agosto 2009</s>
    <s>julho 2009</s>
    <s>junho 2009</s>
    <s>maio 2009</s>
    <s>abril 2009</s>
    <s>março 2009</s>
    <s>fevereiro 2009</s>
    <s>janeiro 2009</s>
    <s>dezembro 2008</s>
    <s>novembro 2008</s>
    <s>outubro 2008</s>
    <s>setembro 2008</s>
    <s>agosto 2008</s>
    <s>julho 2008</s>
    <s>junho 2008</s>
    <s>maio 2008</s>
    <s>abril 2008</s>
    <s>março 2008</s>
    <s>fevereiro 2008</s>
    <s>janeiro 2008</s>
    <s>dezembro 2007</s>
    <s>novembro 2007</s>
    <s>outubro 2007</s>
    <s>setembro 2007</s>
    <s>agosto 2007</s>
    <s>julho 2007</s>
    <s>junho 2007</s>
    <s>maio 2007</s>
    <s>abril 2007</s>
    <s>março 2007</s>
    <s>fevereiro 2007</s>
    <s>Top Não ligamos por este blog ser feito sobre o Wordpress ;-)</s>
    <s>Copyright (C) 2007-2011 e-Genial - Simplesmente Notável</s>
    <s>Tema criado por mg12. Valid XHTML 1.1 and CSS 3.</s>
    <s>*RSS: Really Simple Syndication</s>
  </text>
</page>
