<?xml version="1.0" encoding="UTF-8"?>
<!DOCTYPE page SYSTEM "page.dtd">
<page>
  <lang>pt</lang>
  <url>http://emprego.mitula.pt/emprego/recep%25C3%25A7%25C3%25A3o-alhos-vedros</url>
  <title>Ofertas de emprego: recepção alhos vedros, emprego | Mitula Emprego</title>
  <snippet>
    <s>recepção alhos vedros, todas as ofertas e vagas de trabalho e emprego na Mitula, motor de busca de empregos, vagas. administrador empresas alhos vedros conferencia e entrega do material. carta de condução de pesados de </s>
  </snippet>
  <text>
    <s>Mitula Empregos -</s>
    <s>recepção alhos vedros</s>
    <s>Cadastre-se A minha conta</s>
    <s>Publique o seu anuncio</s>
    <s>Pesquisas similares: alhos vedros, recepcionista alhos vedros, secretária alhos vedros</s>
    <s>Link permanente: http://emprego.mitula.pt/emprego/recepção-alhos-vedros</s>
    <s>Ver mais buscas similares a &quot;</s>
    <s>recepção alhos vedros</s>
    <s>Buscas similares a &quot;</s>
    <s>recepção alhos vedros</s>
    <s>alhos vedros</s>
    <s>recepcionista alhos vedros</s>
    <s>secretária alhos vedros</s>
    <s>temporário alhos vedros</s>
    <s>trainee alhos vedros</s>
    <s>vendas alhos vedros</s>
    <s>acompanhante alhos vedros</s>
    <s>administrador empresas alhos vedros</s>
    <s>administrativo financeiro alhos vedros</s>
    <s>administrativo obras alhos vedros</s>
    <s>advogado alhos vedros</s>
    <s>advogado jurídico alhos vedros</s>
    <s>Resultado da pesquisa:</s>
    <s>recepção alhos vedros</s>
    <s>1 - 10 de 3.700 (0.0040 segundos)</s>
    <s>Mostrar filtros</s>
    <s>► Voce quer receber alertas por e-mail?</s>
    <s>Voce pode cancelar o seu alerta de vagas por e-mail a qualquer momento.</s>
    <s>Ordenar resultados por Relevancia Salario (maior a menor) Salario (menor a maior) Data de atualizaçao</s>
    <s>Promotor/a alhos vedros, Alhos Vedros, Moita</s>
    <s>font-family: arial;font-weight: bold; font-size: 11px;&quot;&gt;empregos em destaque publicidade detalhes do emprego empresa: título do emprego: promotor/a alhos vedros categoria de emprego: marketing descr</s>
    <s>promotor alhos vedros Alhos</s>
    <s>Data de publicaçao: 13/Out/2011 em Directorioi</s>
    <s>Fechar esta janela x</s>
    <s>Precisa-se de Mecanico Diesel para Alhos de Vedros, Setúbal</s>
    <s>Sadocede - Emp. Trabalho Temporário, Lda.</s>
    <s>a sadocede recruta para sua cliente mecanico diesel para viaturas pesadas e ligeiras e maquinas. mandar cv para pedromatos@sadocede.pt partilhar</s>
    <s>precisa Setúbal</s>
    <s>Data de publicaçao: 15/Jun/2011 em Emprego24h</s>
    <s>Fechar esta janela x</s>
    <s>FIEL DE ARMAZÉM - MOITA, Alhos Vedros, Moita</s>
    <s>fiel de armazém, para proceder ás tarefas de escolha de papel em termos de qualidade. funções: arrumação, conferencia e entrega do material. carta de condução de pesados de mercadorias conhecimentos d</s>
    <s>fiel armazém Alhos</s>
    <s>Data de publicaçao: 13/Out/2011 em Directorioi</s>
    <s>Fechar esta janela x</s>
    <s>Ajudantes - Urgente - Alhos Vedros, Setúbal</s>
    <s>estamos a recrutar para empresa cliente na zona de alhos vedros: ajudantes requisitos: mínimo 9º ano oferecemos: vencimento aliciante boas condições de trabalho contacte-nos játel.: 265 729 830; fax: 265 729 831 telm. 935 250 666 e-mail: geral@megawork.pt rua dr. henrique constantino, 92 2910-054 </s>
    <s>ajudantes Setúbal</s>
    <s>Data de publicaçao: 19/Mai/2011 em Emprego24h</s>
    <s>Fechar esta janela x</s>
    <s>Soldador - Palmela, Setúbal</s>
    <s>cedi empresa de trabalho temporário, lda recruta soldadores para a zona industrial palmela com urgência. perfil pretendido: experiência em fabricas e soldadura; disponibilidade para turnos e horas extra; com certificados. condições oferecidas: salário base + sub. refeição + sub. turno os candidatos </s>
    <s>soldador Setúbal</s>
    <s>Data de publicaçao: 2/Out/2010 em Emprego24h</s>
    <s>Fechar esta janela x</s>
    <s>Precisa-se Promotora para Barreiro e Alhos Vedros - Promoluz, Setúbal</s>
    <s>tipo contracto : part-time precisa-se promotora de vendas para barreiro e alhos vedros requisitos: boa apresentação; idade superior a 18 anos; gosto pela área comercial; disponibilidade para fins de semana; capacidade de argumentação; gosto pelo trabalho directo com o público; conhecimentos de infor </s>
    <s>precisa Setúbal</s>
    <s>Data de publicaçao: 31/Jul/2011 em Netemprego</s>
    <s>Fechar esta janela x</s>
    <s>TÉCNICO DE VENDAS - MOITA, Alhos Vedros, Moita</s>
    <s>com ou sem experiência - 1º emprego ou desempregado em situação de involuntariedade conhecimentos de informática na optica do utilizador</s>
    <s>técnico vendas Alhos</s>
    <s>Data de publicaçao: 13/Out/2011 em Directorioi</s>
    <s>Fechar esta janela x</s>
    <s>Ajudantes - Urgente - Alhos Vedros - Megawork, Setúbal</s>
    <s>tipo contracto : tempo inteiro estamos a recrutar para empresa cliente na zona de alhos vedros: ajudantes requisitos: mínimo 9º ano oferecemos: vencimento aliciante boas condições de trabalho contacte-nos játel.: 265 729 830; fax: 265 729 831 telm. 935 250 666 e-mail: geral@megawork.pt rua dr. hen </s>
    <s>ajudantes Setúbal</s>
    <s>Data de publicaçao: 31/Jul/2011 em Netemprego</s>
    <s>Fechar esta janela x</s>
    <s>assistente administrativo (armazém) - montijo, pinhal novo, moita, alcochete, alhos vedros, Setúbal</s>
    <s>font-family: arial;font-weight: bold; font-size: 11px;&quot;&gt;empregos em destaque publicidade detalhes do emprego empresa: título do emprego:assistente administrativo (armazém) - montijo, pinhal nov</s>
    <s>assistente administrativo armazém Setúbal</s>
    <s>Data de publicaçao: 13/Out/2011 em Directorioi</s>
    <s>Fechar esta janela x</s>
    <s>Precisa-se de Mecanico Diesel para Alhos de Vedros - Sadocede - Emp. Trabalho Temporário, Lda., Setúbal</s>
    <s>tipo contracto : tempo inteiro a sadocede recruta para sua cliente mecanico diesel para viaturas pessadas e ligeiras e maquinas. mandar cv para pedromatos@sadocede.pt</s>
    <s>precisa Setúbal</s>
    <s>Data de publicaçao: 31/Jul/2011 em Netemprego</s>
    <s>Fechar esta janela x</s>
    <s>Voce quer receber alertas por e-mail?</s>
    <s>Voce pode cancelar o seu alerta de vagas por e-mail a qualquer momento.</s>
    <s>1 proximo</s>
    <s>Fechar filtros «</s>
    <s>para a</s>
    <s>lisboa (2.320)</s>
    <s>porto (300)</s>
    <s>faro (176)</s>
    <s>leiria (108)</s>
    <s>aveiro (84)</s>
    <s>braga (73)</s>
    <s>qualquer (43)</s>
    <s>coimbra (42)</s>
    <s>lisboa (351)</s>
    <s>porto (57)</s>
    <s>faro (48)</s>
    <s>qualquer (43)</s>
    <s>aveiro (21)</s>
    <s>leiria (19)</s>
    <s>braga (15)</s>
    <s>coimbra (14)</s>
    <s>centro de emprego digital (63)</s>
    <s>randstad portugal (59)</s>
    <s>tempo-team recursos humanos (41)</s>
    <s>talenter (35)</s>
    <s>multipessoal (32)</s>
    <s>adecco recursos humanos (25)</s>
    <s>adecco (16)</s>
    <s>egor (16)</s>
    <s>tempo-team serviços (14)</s>
    <s>Enviar os resultados desta pesquisa para um amigo:</s>
    <s>A mensagem não foi enviada. Desculpe o incômodo.</s>
    <s>Por favor, entra no endereço do remetente</s>
    <s>Por favor, entra no endereço do destinatário</s>
    <s>De meu endereço de e-mail:</s>
    <s>Para este endereço de e-mail</s>
    <s>Adicionar uma mensagem (opcional)</s>
    <s>foi enviado Seu e-mail para Enviar outro e-mail</s>
    <s>Pesquisas frequentes:</s>
    <s>cirurgião dentista viana do castelo</s>
    <s>formadores de comunicação porto</s>
    <s>trabalhar multimedia</s>
    <s>arquitetura maia</s>
    <s>nutricionista póvoa de santa iria</s>
    <s>gerente contas valpa os</s>
    <s>funçoes tecnica contabilidade</s>
    <s>experiência química descrição</s>
    <s>funções existentes na área comercial</s>
    <s>telemarketing carcavelos</s>
    <s>Advertencia juridica | Contacta-nos | Publique o seu anuncio em Mitula | Brevemente | FAQ | Pesquisas frequentes | Últimas pesquisas</s>
  </text>
</page>
