<?xml version="1.0" encoding="UTF-8"?>
<!DOCTYPE page SYSTEM "page.dtd">
<page>
  <lang>pt</lang>
  <url>http://ciencia.centralblogs.com.br/post.php%3Fhref%3D16%2Bconferencia%2Bda%2Borganizacao%2Bdas%2Bnacoes%2Bunidas%2Bsobre%2Bmudanca%2Bdo%2Bclima%2Bcop16%26KEYWORD%3D19633%26POST%3D3844607</url>
  <title>16ª Conferência da Organização das Nações Unidas sobre Mudança do ...</title>
  <snippet>
    <s>4 out. 2010 16ª Conferência da Organização das Nações Unidas sobre Mudança do Notícias e artigos de todo o mundo, com a intenção de divulgar o que </s>
  </snippet>
  <text>
    <s>Central Blogs - Diret de Blogs</s>
    <s>Siga seus blogs favoritos!</s>
    <s>CADASTRAR BLOG</s>
    <s>16 Conferia da Organiza das Nas Unidas sobre Mudando Clima (COP16)</s>
    <s>Serm Cancun, no Mco. Link da pna web: http://www.cc2010.mx/es/acerca de cop16/qu-es-la-cop16/Feeds UpdateEnergetico http://update energetico.blogspot.com Continuar lendo.</s>
    <s>| 04/11/10 - 21:26</s>
    <s>Tos relacionados:</s>
    <s>Nas Unidas lan portal para economia de baixo carbono| 02/03/10</s>
    <s>Informas, oportunidades e empregos na economia ?verde?, scala global, sas vertentes principais do novo portal LowCarbonEconomy.com. O projeto conjunto entre a Low Carbon Economy.com e a Re </s>
    <s>Reunina China tenta salvar conferia da ONU sobre o clima| 04/10/10</s>
    <s>?Negociadores tentam avan para que encontro no final de novembro, ndecepcione como a COP 15, em 2009. Estadcom.br / BBC Brasil Reunide Canco definiu substituto do Protocolo de Kyoto </s>
    <s>Em debate a posi oficial do Brasil na conferia da ONU sobre o clima| 23/10/09</s>
    <s>Com objetivo de elaborar documento com a posi oficial do parlamento brasileiro a ser levada 5 Conferia Mundial sobre Mudan Climcas (COP 15), que se realiza entre os dias 7 e 18 de de </s>
    <s>Conferia do clima aralisada por pas em desenvolvimento| 15/12/09</s>
    <s>?Inconformados com a falta de engajamento dos industrializados, africanos deixam reuni cresce o risco de fracassoAndrei Netto e Afra Balazina, O Estado de SPauloausia de propostas concretas p </s>
    <s>Conferia Ethos comeem clima de esperan| 12/05/10</s>
    <s>Dal Marcondes, Instituto Ethos / Envolverde?Um olhar para o futuro com a esperande que a atual gera consiga resolver alguns dos problemas urgentes que amea a qualidade de vida na Terra nas pr </s>
    <s>Update Energco</s>
    <s>Categoria: Ciia</s>
    <s>Votos: 2 | !Seguidores: 0</s>
    <s>Parcerias: Sim |e-mail: updateenergetico@gmail.com</s>
    <s>Descriao: Um Blog sobre Energia Renovl: alternativa fontes tradicionais. Notas e artigos de todo o mundo, com a inten de divulgar o que vem ocorrendo no desenvolvimento das energias alternativas ou renovis, incluindo informas sobre cursos. Tudo sobre energia ea, solar, hidrica, geotica, biomassa e mareomotriz. Inclusive T.I. Verde.</s>
    <s>Comentarios(0) |Reportar |Feeds | !Proprietario | !Seguir</s>
    <s>cache: 19/08/2011 - 12:19:37 AM</s>
    <s>{Ver todos} Topicos</s>
    <s>- Prefeitura adota TI Verde para reduzir danos ao meio ambiente</s>
    <s>- Renault revoluciona mercado Autom com o Twizy Veiculo Elico</s>
    <s>- Google investe ?116 milhem renovis</s>
    <s>- Dezessete capitais participarda Hora do Planeta</s>
    <s>- Cientistas desenvolvem Reator Solar para produ de Combustivel Liquido</s>
    <s>Central Blogs</s>
  </text>
</page>
