<?xml version="1.0" encoding="UTF-8"?>
<!DOCTYPE page SYSTEM "page.dtd">
<page>
  <lang>pt</lang>
  <url>http://site.cress-se.org.br/%3Fp%3D1791</url>
  <title>Confira a programação da III Conferência Estadual dos Direitos da ...</title>
  <snippet>
    <s>Confira a programação da III Conferência Estadual dos Direitos da Pessoa Idosa . – 9 de setembro de 2011. Programação Oficial. Local: Hotel Radisson – Rua </s>
  </snippet>
  <text>
    <s>CRESS Conselho Regional de Serviço Social - 18ª Região - Sergipe</s>
    <s>O Assistente Social</s>
    <s>Inscreva-se no CRESS/SE</s>
    <s>Empregos e Concursos</s>
    <s>Boletim Informativo</s>
    <s>Fale Conosco</s>
    <s>RSS Feed</s>
    <s>Confira a programação da III Conferência Estadual dos Direitos da Pessoa Idosa</s>
    <s>- 9 de setembro de 2011</s>
    <s>Programação Oficial</s>
    <s>Local: Hotel Radisson -  Rua Dr. Bezerra de Menezes nº 40 Orla de Atalaia</s>
    <s>Dia:   14   de  setembro  de  2011</s>
    <s> 13h - Recepção dos Delegados</s>
    <s>14h – Credenciamento</s>
    <s>                  </s>
    <s>17h – Recepção  aos participantes com o Coral da ECCO João Alves</s>
    <s>18h-  Leitura e Aprovação do Regimento Interno</s>
    <s>          Relatores:Barbara Malhado,  Edna Lima, Êlda Souza e Ilma Cristina</s>
    <s>19h - Abertura Oficial</s>
    <s>         Hino Nacional</s>
    <s>         Governador do Estado</s>
    <s>         Representante da SEIDES</s>
    <s>         Representante da SEDHC</s>
    <s>         Representante da SDH</s>
    <s>         Representante da CNDI</s>
    <s>         CEDIPI</s>
    <s>         NUPAT</s>
    <s>         Conselho Municipal de Aracaju</s>
    <s>         Ministério Público Estadual</s>
    <s>         Representante da COEGEMAS</s>
    <s>         Representante da OAB/SE</s>
    <s>         Representante dos idosos: Delegado mais idoso</s>
    <s>20h-  Conferência Magna “O Compromisso de Todos pelo Envelhecimento Digno do Brasil”</s>
    <s>          Conferencista: Sandra de Mendonça Mallet do CIAPE e CNDI</s>
    <s>          Coordenador da Mesa:  Maria Luci Silva e Luiz Eduardo Oliva</s>
    <s>20h 30min – Coquetel</s>
    <s>        Contato com o Buffet</s>
    <s>        Banda:</s>
    <s>Dia         Dia: 15  de setembro  de   2011</s>
    <s>7:45h – Reisado do Centro Comunitário Sócio Cultural da Barra dos Coqueiros             </s>
    <s>         Responsável do CEDIPI ou SEIDES: Lânia,  Mauriceia e Angélica</s>
    <s>08h- Apresentação de dados sobre as Políticas Intersetoriais no campo do Envelhecimento em Sergipe</s>
    <s>         Apresentação: João Valmir de Souza</s>
    <s>08:30h – Mesa Redonda:    “O Compromisso de Todos pelo Envelhecimento Digno do      Brasil”</s>
    <s>           Coordenador da mesa:  Adelvan Macedo e José Elito Vasconcelos</s>
    <s>Tema: Envelhecimento e Políticas de Estado: pactuar caminhos  intersetoriais;</s>
    <s>           Palestrante: Dra. Maria da Conceição Vasconcelos  Gonçalves/UFS</s>
    <s>           Minutos: 20 minutos</s>
    <s>Tema: Pessoa idosa: Protagonista da conquista e efetivação dos seus direitos; </s>
    <s>           Teatro de Rosário do Catete/Capela</s>
    <s>            Palestrante: Maria José Silva Matos</s>
    <s>            Minutos: 20 minutos</s>
    <s>Tema: Fortalecimento e integração dos Conselhos: existir, participar, estar ao alcance, comprometer-se com a defesa dos direitos dos idosos;</s>
    <s>             Palestrante: Valdiosmar Vieira Santos</s>
    <s>             Minutos: 20 minutos  </s>
    <s>Tema: Diretrizes Orçamentárias, Plano Integrado e Orçamento Público da União, Estado e Municipal conhecer para exigir, exigir para incluir, fiscalizar.</s>
    <s>            Palestrante: Manoel Durval Andrade Neto</s>
    <s>            Minutos: 20 minutos</s>
    <s>10:00 – Intervalo                    </s>
    <s>10: 30h - Trabalhos de grupos</s>
    <s>Sala 01: Eixo I - Envelhecimento e Políticas de Estado: pactuar caminhos  intersetoriais;</s>
    <s>             Facilitadores: Êlda Maria, Ilma Cristina e  Joselita                           </s>
    <s>             Operador do micro</s>
    <s> Sala 02: Eixo II - Pessoa idosa: protagonista da conquista e efetivação dos seus direitos;</s>
    <s>             Facilitadores: Maria José, Arlinda  e Gleide                            </s>
    <s>             Operador do micro</s>
    <s>Sala 03: Eixo III - Fortalecimento e integração dos Conselhos: existir, participar, estar ao alcance, comprometer-se com a defesa dos direitos dos idosos; </s>
    <s>             Facilitadores:  Edna, Rivanete e Maria José</s>
    <s>             Operador do micro</s>
    <s>Sala 04: Eixo IV - Diretrizes Orçamentárias, Plano Integrado e Orçamento Público da União, Estado e Municipal conhecer para exigir, exigir para incluir, fiscalizar.</s>
    <s>             Facilitadores: Manoel Durval, João Valmir, Lânia e Joselita</s>
    <s>              Operador do micro</s>
    <s>Sala 05: Excedente do Grupo que tiver grande numero de participantes</s>
    <s>             Facilitadores: Angélica, Manoel Julio e Manderley</s>
    <s>              Operador do micro</s>
    <s>12:00 – Intervalo  para almoço</s>
    <s>13:30 – Relaxamento com Ginástica</s>
    <s>14:00 – Retorno aos trabalhos de Grupo</s>
    <s>15:00 – Auditório</s>
    <s>             Apresentação dos trabalhos</s>
    <s>             Escolha  dos Delegados</s>
    <s>             Leitura e Aprovação  de Moções  </s>
    <s>18:00 – Encerramento                    </s>
    <s>Sem recados</s>
    <s>Seja o primeiro(a) a deixar um recadoUse o box abaixo</s>
    <s>Deixe uma resposta</s>
    <s>Nome (necessario)</s>
    <s>e-Mail (nao sera divulgado) (necessario)</s>
    <s>XHTML: Voce pode usar essas tags: `&lt;a href=&quot;&quot; title=&quot;&quot;&gt; &lt;abbr title=&quot;&quot;&gt; &lt;acronym title=&quot;&quot;&gt; &lt;b&gt; &lt;blockquote cite=&quot;&quot;&gt; &lt;cite&gt; &lt;code&gt; &lt;del datetime=&quot;&quot;&gt; &lt;em&gt; &lt;i&gt; &lt;q cite=&quot;&quot;&gt; &lt;strike&gt; &lt;strong&gt; `</s>
    <s>Cancelar resposta</s>
    <s>Artigos (4)</s>
    <s>Destaque (8)</s>
    <s>Empregos e Concursos (13)</s>
    <s>Informativo (58)</s>
    <s>Novidades (316)</s>
    <s>Entrevistas (1)</s>
    <s>Eventos (15)</s>
    <s>Cursos (5)</s>
    <s>Notícias (313)</s>
    <s>Boletim Informativo CRESS</s>
    <s>Cadastre-se no nosso boletim inserindo seu nome e e-mail abaixo.</s>
    <s>Notícias Recentes</s>
    <s>CONVITE: REUNIÃO REGIONAL AMPLIADA DA COMISSÃO EXECUTIVA DO FÓRUM SUPERVISORES</s>
    <s>Boletim Informativo - 13/10/2011</s>
    <s>CURSO “ÉTICA EM MOVIMENTO” CHEGA AO FIM SUPERANDO EXPECTATIVAS</s>
    <s>Alteração de horário no CRESS/SE</s>
    <s>Começa a 10ª edição do Curso Ética em Movimento</s>
    <s>Plugin by wpburn.com wordpress themes</s>
    <s>Boletim Informativo</s>
    <s>Fale Conosco</s>
    <s>Inscreva-se no CRESS/SE</s>
    <s>O Assistente Social</s>
    <s>Empregos e Concursos</s>
    <s>Artigos (4)</s>
    <s>Cursos (5)</s>
    <s>Destaque (8)</s>
    <s>Empregos e Concursos (13)</s>
    <s>Entrevistas (1)</s>
    <s>Eventos (10)</s>
    <s>Informativo (58)</s>
    <s>Notícias (313)</s>
    <s>Novidades (18)</s>
    <s>Nosso Endereço:</s>
    <s>Rua Arauá, nº 719 Bairro São José</s>
    <s>CEP49015-250 Aracaju/SE</s>
    <s>Tel: (79) 3211 4991</s>
    <s>Horário de Funcionamento:</s>
    <s>Das 7:00hs às 13hs</s>
    <s>*9 de setembro de 2011: 2011-09-09T21:05:18+00:00</s>
  </text>
</page>
