<?xml version="1.0" encoding="UTF-8"?>
<!DOCTYPE page SYSTEM "page.dtd">
<page>
  <lang>pt</lang>
  <url>http://pt.wikipedia.org/wiki/Cultura_dos_surdos</url>
  <title>Cultura dos surdos – Wikipédia, a enciclopédia livre</title>
  <snippet>
    <s>O surdo difere do ouvinte, não apenas porque não ouve, mas porque desenvolve potencialidades psico-culturais próprias. Somos todos pessoas diferentes. </s>
  </snippet>
  <text>
    <s>Cultura dos surdos</s>
    <s>Origem: Wikipédia, a enciclopédia livre.</s>
    <s>Ir para: navegação, pesquisa</s>
    <s>Os surdos, por norma são utilizadores de uma comunicação espaço-visual, como principal meio de conhecer o mundo em substituição à audição e à fala, e podem ter ainda uma cultura característica.</s>
    <s>Alguns fatores podem afetar o processo de aprendizagem de pessoas surdas, como por exemplo: o período em que os pais reconhecem a perda auditiva, o envolvimento dos pais na educação das crianças, os problemas físicos associados, os encaminhamentos feitos, o tipo de atendimento realizado, entre outros.</s>
    <s>Embora os aspectos médico, individual e familiar ampliem o universo de análise sobre o fenômeno, nos chama a atenção para a necessidade de vê-los sob uma perspectiva sócio - cultural.</s>
    <s>O surdo difere do ouvinte, não apenas porque não ouve, mas porque desenvolve potencialidades psico-culturais próprias. Somos todos pessoas diferentes.</s>
    <s>No Brasil os surdos desenvolveram a LIBRAS com influência da língua de sinais francesa, portanto, elas não são universais; cada país, ou comunidade de surdos possui sua própria língua de sinais. Em Portugal, por exemplo, existe a LGP. Em Angola, os surdos locais desenvolveram a Língua Gestual Angolana (LGA), também largamente designada por Língua Angolana de Sinais (LAS). Já outros, por viverem isolados ou em locais onde não exista uma comunidade surda, apenas se comunicam por gestos mímicos.</s>
    <s>Existem também surdos que, por escolha dos pais ou opção pessoal, preferem utilizar uma língua oral.</s>
    <s>1 Progresso na cultura surda</s>
    <s>2 Lingua natural versus Lingua materna</s>
    <s>3 Compreendendo o mundo surdo</s>
    <s>4 Escutar com os olhos</s>
    <s>5 Bebês de pais surdos</s>
    <s>6 Ligações externas</s>
    <s>7 Referências</s>
    <s>[editar] Progresso na cultura surda</s>
    <s>Ao longo dos anos, as pesquisas interdisciplinares sobre surdez e sobre as línguas de sinais, realizadas no Brasil e em outros países, tem contribuído para a modificação gradual da visão dos surdos, compartilhada pela sociedade ouvinte em geral.</s>
    <s>Esses estudos têm classificado os surdos em duas categorias:</s>
    <s>Os portadores de surdez patológica, normalmente adquirida em idade adulta;</s>
    <s>E aqueles cuja surdez é um traço fisiológico distintivo, não implicando, necessariamente, em deficiência neurológica ou mental; este é o caso da maioria dos surdos congênitos.</s>
    <s>Em alguns casos, apesar do bloqueio auditivo, o seu domínio da língua oral pode se equiparar aos ouvintes, através do uso da leitura labial, o uso de aparelhos, implantes auditivos e acompanhamento fonoaudiológico.</s>
    <s>No caso de surdos que dominem apenas a língua de sinais, o fato de integrarem um grupo linguístico-cultural distinto da maioria linguística do seu país de origem, equipara-os a imigrantes estrangeiros. Porém, o fato de não disporem do meio de recepção da língua oral, pela audição, coloca-os em desvantagem em relação aos imigrantes, com respeito ao aprendizado e desenvolvimento da fluência nessa língua. Essa situação justifica a necessidade da mediação dos intérpretes em um vasto número de contextos e situações do quotidiano dessas pessoas. Ainda que faça uso da leitura labial, o surdo sinalizado pode ter dificuldades de compreender a língua oral, visto que, essa técnica o habilita, quando muito, a perceber apenas os aspectos articulatórios da fonologia da língua. Daí sua enorme necessidade da mediação do intérprete de língua de sinais.</s>
    <s>No Brasil, existem pelo menos duas situações em que a lei confere ao surdo o direito a intérprete de LIBRAS:</s>
    <s>nos depoimentos e julgamentos de surdos (área penal);</s>
    <s>e no processo de inclusão de educando os surdos nas classes de ensino regular (área educacional).</s>
    <s>Devido às constantes modificações e progresso neste campo, nas conceções de ensino de língua de sinais, tem-se dado ênfase ao mecanismo de aprendizado visual do surdo e a sua condição bilíngue-bicultural. Contudo, o surdo é bilíngue-bicultural no sentido de que convive diariamente com duas línguas e culturas: a língua de sinais( cultura surda ) e língua oral( cultura ouvinte ).</s>
    <s>[editar] Lingua natural versus Lingua materna</s>
    <s>A língua de sinais é o idioma natural dos surdos. Idioma natural, porque ela resulta de um paradigma de inerência, idiossincrático, que é a surdez. A língua de sinais é uma criação natural dos surdos, independentemente do lugar onde estejam radicados. Por outro lado, existe o conceito errático de que a língua de sinais é também a língua materna de qualquer surdo.</s>
    <s>Por língua materna entende-se o primeiro idioma da pessoa, absorvendo-o e usando-o na comunicação com os seus próximos. O processo de aquisição da língua ocorre através de um canal (audição, no caso dos ouvintes). O segundo processo é a reprodução dos elementos da língua que a criança absorve, fruto da interacção com os pais. Qualquer idioma posterior é uma segunda língua. Portanto, língua materna é a primeira base cognitiva de um indivíduo. Não há duas línguas maternas. A aprendizagem empirica ou cientifica de uma segunda língua apenas é possível quando já existe uma base cognitiva (quando já existe uma língua).</s>
    <s>Segundo Sacks (1998), cerca de 95% das crianças surdas nascem de pais ouvintes. Normalmente, é uma língua oral com a qual a criança é abordada pelos pais. Quando se descobre que a criança, afinal, é surda, os pais nada ou quase nada fazem podem fazer para ensinar-lhe uma língua de sinais, pois normalmente não estão preparados para tal. Neste contexto há duas opções possíveis:</s>
    <s>1. comunicar-se com a criança de modo oralizado, ensinando-a a leitura labial e/ou a utilização de aparelhos e implantes auditivos;</s>
    <s>2. providenciar que a criança aprenda a língua de sinais local.</s>
    <s>Muitos pais preferem optar na oralização da criança surda, de forma a que ela possa se adaptar mais facilmente à sociedade. No entanto, há bastante controvérsia em relação a esta preferência. Quando ambos os pais são surdos e utilizam a língua de sinais nas primeiras experiências de aquisição e consolidação comunicativa e desenvolvimento comunicativo da criança surda, está-se perante a língua de sinais como Língua materna. Portanto, a língua de sinais não é necessariamente a língua materna do surdo.</s>
    <s>[editar] Compreendendo o mundo surdo</s>
    <s>Por anos, muitas pessoas acham que os surdos não sabem praticamente nada, porque não ouvem nada. Há pais que super protegem seus filhos surdos ou temem integrá-los no mundo dos ouvintes. Outros encaram a língua de sinais como primitiva, ou inferior, à língua falada. Isso faz com que alguns surdos se sintam oprimidos e incompreendidos.</s>
    <s>Todos sentem a necessidade de ser entendidos. Aparentes inabilidades podem empanar as verdadeiras habilidades e criatividades do surdo. Em contraste, muitos surdos consideram-se “ capacitados ”. Comunicam-se fluentemente entre si, desenvolvem auto-estima e têm bom desempenho acadêmico, social e espiritual. Infelizmente, os maus-tratos que muitos surdos sofrem levam alguns deles a suspeitar dos ouvintes. Contudo, quando os ouvintes interessam-se sinceramente em entender a cultura surda e a língua de sinais natural, e encaram os surdos como pessoas “ capacitadas” , todos se beneficiam.</s>
    <s>[editar] Escutar com os olhos</s>
    <s>A chave para uma boa comunicação com uma pessoa surda é o claro e apropriado contato visual. É uma necessidade, quando os surdos se comunicam. De fato, quando duas pessoas conversam em língua de sinais é considerado rude desviar o olhar e interromper o contato visual. Em todo o mundo, os surdos expandem seus horizontes usando uma rica língua de sinais.</s>
    <s>Língua de Sinais ou língua gestual: É a língua dos surdos e que possui a sua própria estrutura e gramática através do canal comunicação visual, a língua de sinais dos surdos urbanos brasileiros é a LIBRAS, em Portugal é a LGP.</s>
    <s>Cultura Surda</s>
    <s>Intérprete de Língua de Sinais</s>
    <s>[editar] Bebês de pais surdos</s>
    <s>“Assim como os bebês de pais ouvintes começam a balbuciar com cerca de sete meses , os bebês de pais surdos começam a ‘balbuciar’ com as mãos imitando a língua de sinais dos pais”, mesmo sendo ouvintes.</s>
    <s>A professora Laura Petitto, da Universidade McGill, em Montreal, Canadá , é da opinião de que os bebês nascem com sensibilidade a ritmos e padrões característicos a todos os idiomas, incluindo a língua de sinais. Ela disse que os bebês ouvintes que têm “pais surdos que sabem sinalizar, gesticulam de maneira diferente, seguindo um padrão rítmico específico, distinto de outros movimentos com as mãos. . . . É um balbucio, mas com as mãos” . Os bebês expostos à língua de sinais produziram dois tipos de movimento com as mãos, ao passo que os que conviviam com pais ouvintes produziram apenas um tipo. Os pesquisadores usaram um sistema de rastreamento de posição para registrar os movimentos das mãos dos bebês na idade de 6, 10 e 12 meses.</s>
    <s>Enfim, os surdos são pessoas que têm os mesmos direitos, os mesmos sentimentos, os mesmos receios, os mesmos sonhos, assim como todos. Se ocorrer alguma situação embaraçosa, uma boa dose de delicadeza, sinceridade e bom humor nunca falham.</s>
    <s>O Commons possui uma categoria com multimídias sobre Língua de sinais</s>
    <s>[editar] Ligações externas</s>
    <s>Dicionário Libras - Traz as imagens reais, na forma de pequenos &quot;filmes&quot;, o que facilita um aprendizado mais eficiente.</s>
    <s>Portal de Libras</s>
    <s>FENEIS - Federação Nacional de Educação e Inclusão dos Surdos.</s>
    <s>sur10.net - O Portal da surdez, da comunidade e cultura dos surdos.</s>
    <s>Dicionário de Libras em CD-ROM</s>
    <s>O Decreto de Dezembro de 2005 , que garante a inclusão da LIBRAS, nos sistemas educacionais do Brasil.</s>
    <s>v • e</s>
    <s>Bilinguismo • Surdo oralizado • Leitura labial • Oralismo • Ouvinte • Pessoa surda • Surdez • Surdo-mudo • Surdocegueira</s>
    <s>Aparelhos e implantes</s>
    <s>Aparelho auditivo • Implante auditivo no tronco cerebral • Implante BAHA • Implante coclear</s>
    <s>Língua de sinais</s>
    <s>Dactilologia • Gestuário de língua gestual portuguesa • Gestuno • LIBRAS • LGP • Lista de línguas gestuais • Nome gestual • Reconhecimento de gestos • Sinais familiares • Signuno • SignWriting</s>
    <s>Surdos e a sociedade</s>
    <s>Cão-ouvinte • Cultura dos surdos • Educação da criança surda • Educação inclusiva • Filmes • História dos surdos • Inclusão social • Integração do surdo na sociedade • Interpretação para os surdos</s>
    <s>Estudos e teorias</s>
    <s>Fonoaudiologia • Koko (gorila) • Otorrinolaringologia • Teoria behaviorista • Teoria inatista • Teoria de interacção</s>
    <s>APADA • APECDA • APILS • Associação de Alexander Bell para os Surdos • AILGP • APS • CBS • Comitê Internacional de Esportes para Surdos • Congresso de Milão • FEBRAPILS • FENEIS • FPAS • INES • WFD • Movimento Gallaudet • Sociedade Internacional de Crianças Surdas • Sociedade Nacional de Crianças Surdas • EUDY • União Europeia de Surdos • Universidade Gallaudet</s>
    <s>Anne Sullivan • Charles-Michel de l'Épée • Emmanuelle Laborit • George Dalgarno • Helen Keller • Jacob Rodrigues Pereira • John Bulwer • José Bettencourt • Juan Pablo Bonet • Konrah Amman • Laura Bridgman • Pedro Ponce de León • Pierre Desloges • Roch-Ambroise Cucurron Sicard • Samuel Heinicke • Sueli Ramalho • Thomas Hopkins Gallaudet • William Stokoe</s>
    <s>1. ↑ VELOSO, Éden; MAIA FILHO, Valdeci. Aprenda libras com eficiência e rapidez. Curitiba: Mãos Sinais, 2009. p, 13.</s>
    <s>2. ↑ Revista Pandora Brasil cita Oliver Sacks</s>
    <s>3. ↑ http://www.umtoquedemotivacao.com/comunicacao/oralizacao-x-lingua-de-sinais/ Língua oral vs língua de sinais</s>
    <s>4. ↑ Jornal londrino The Times. i</s>
    <s>5. ↑ VELOSO, Éden; MAIA FILHO, Valdeci. Aprenda libras com eficiência e rapidez. Curitiba: Mãos Sinais, 2009. p. 16-18.</s>
    <s>VELOSO, Éden; MAIA FILHO, Valdeci. Aprenda libras com eficiência e rapidez. Curitiba: Mãos Sinais, 2009.</s>
    <s>Obtida de &quot;http://pt.wikipedia.org/w/index.php?title=Cultura dos surdos&amp;oldid=27072091&quot;</s>
    <s>Educação especial</s>
    <s>Ferramentas pessoais</s>
    <s>Entrar / criar conta</s>
    <s>Espaços nominais</s>
    <s>Ver histórico</s>
    <s>Página principal</s>
    <s>Conteúdo destacado</s>
    <s>Eventos atuais</s>
    <s>Página aleatória</s>
    <s>Informar um erro</s>
    <s>Página de testes</s>
    <s>Portal comunitário</s>
    <s>Mudanças recentes</s>
    <s>Criar página</s>
    <s>Páginas novas</s>
    <s>Criar um livro</s>
    <s>Descarregar como PDF</s>
    <s>Versão para impressão</s>
    <s>Páginas afluentes</s>
    <s>Alterações relacionadas</s>
    <s>Carregar ficheiro</s>
    <s>Páginas especiais</s>
    <s>Ligação permanente</s>
    <s>Citar esta página</s>
    <s>Noutras línguas</s>
    <s>Esta página foi modificada pela última vez à(s) 22h19min de 27 de setembro de 2011.</s>
    <s>Este texto é disponibilizado nos termos da licença Atribuição - Partilha nos Mesmos Termos 3.0 Não Adaptada (CC BY-SA 3.0); pode estar sujeito a condições adicionais. Consulte as condições de uso para mais detalhes.</s>
    <s>Política de privacidade</s>
    <s>Sobre a Wikipédia</s>
    <s>Avisos gerais</s>
    <s>Versão móvel</s>
    <s>Utilize o botão &quot;Antever resultado&quot; antes de gravar, por favor. e)</s>
  </text>
</page>
