<?xml version="1.0" encoding="UTF-8"?>
<!DOCTYPE page SYSTEM "page.dtd">
<page>
  <lang>pt</lang>
  <url>http://jota.mendes.sites.uol.com.br/historia_pdf.htm</url>
  <title>historia teatro</title>
  <snippet>
    <s> (Universidade Federal do Paraná)Conferência realizada dia 15 de setembro de . Dentro do grupo dos participantes ativos, por sua vez existem papéis bem . animais, uma hecatombe, alimenta animados banquetes por toda a cidade. </s>
  </snippet>
  <text>
    <s>HISTÓRIA DO TEATRO</s>
    <s>Prof. Jorge Ferro Pique, professor de Lingua e Literatura Grega (Universidade Federal do Parana)Conferencia realizada dia 15 de setembro de 1997 as 18:30.</s>
    <s>Normalmente encaramos uma tragedia grega como um livro sobre o qual nos debruçamos intelectualmente com o objetivo de extrairmos dele alguma compreensao sobre como os gregos sentiam o tragico em suas vidas e como o expresssavam artisticamente.</s>
    <s>Essa tem sido a principal abordagem ao longo desses ultimos seculos e foi dessa maneira que a civilizaçao ocidental incorporou e transformou essa forma artistica unica criada pelos gregos. No entanto, e claro que nao era assim para os proprios gregos. Justamente no sec. V a.C., o momento de maior relevo do teatro grego, e que começamos a perceber o surgimento de uma cultura verdadeiramente letrada na Grecia antiga, com a elaboraçao e venda de livros, mas este importante fenomeno se da ainda de forma incipiente. Ha ainda na verdade uma permanente tensao entre o oral e o escrito, e que pode ser sentida ainda no seculo seguinte na obra de Platao, onde a escrita e apresentada com certa desconfiança.Aos poucos entretanto a experiencia da leitura de tragedias se consolida e e celebre a passagem em que Aristoteles declara que e possivel alcançar tambem o efeito tragico ao apenas ler uma peça, sem uma performance publica. Embora eu diria que deveria ser certamente mais prazeiroso apenas ler tragedias de Ésquilo, Sofocles e Euripides que ir ao teatro para assistir as peças que eram encenadas na epoca de Aristoteles. Infelizmente no Brasil ainda nao temos a nossa disposiçao montagens regulares e sistematicas do teatro grego que poderiam sem duvida abrir novas possibilidades de encontro com o tragico assim como era percebido pelos gregos.</s>
    <s>Mas, apesar dessas poucas montagens esparsas, o que vemos em cena ainda esta muito distante do fenomeno tragico como era experimentado em Atenas no sec. V a.C. OS FESTIVAIS DIONISÍACOS O ambiente mais geral onde se insere o teatro tragico e o da comunidade, especificamente o da cidade, e o da religiao, na forma social de sua expressao. A religiao grega pode ser abordada por dois aspectos mais exteriores. De um lado, o lugar sagrado, onde o contato com os deuses se realiza atraves de sacrificios, de outro, a festa, quando em dias determinados, aos quais e acrescentada a noite anterior, se da uma quebra do ritmo cotidiano.</s>
    <s>Assim, se o templo acentua o espaço da comunidade, a festa acentua a sua temporalidade. Era nas festas (heortai) que a religiao viva, verdadeiramente praticada, se concentrava. Durante as festividades religiosas o trabalho especifico, seja produtivo ou nao, cessa, a distribuiçao social de papeis torna-se mais frouxa e ha um clima de descontraçao geral. Mas nao so isso. Novos papeis sao criados momentaneamente, novos grupos se associam e separam-se. É um momento especial que de diferentes formas e destacado do cotidiano. &quot;O contraste em relaçao ao habitual pode exprimir-se no prazer e na alegria, nos adornos e na beleza, mas tambem na ameaça e na morte.&quot; (Burkert, p. 207). A Tragedia Grega era na verdade parte de uma das principais festividades religiosas anuais que se realizavam em Atenas, as Grandes Dionisias Urbanas. Atenas, como as demais cidades gregas, tinha o seu calendario anual recortado por inumeras e diferentes festas. Na verdade cada cidade grega tinha a sua sucessao particular de festas e portanto o seu proprio calendario, mais ainda, havia festas exclusivas apenas de determinada tribo na cidade. Seu numero era muito grande. O calendario melhor conhecido era o atico. Em Atenas presumi-se que seriam por volta de 60 dias dedicados exclusivamente a festividades religiosas.</s>
    <s>Portanto poderiamos dizer que se vive normalmente de uma festa ate a outra. Estas sao tao importantes que em geral os proprios nomes dos meses ligam-se as festividades mais importantes realizadas naquele espaço de tempo. No mes Anthesterion, por exemplo, se realizava a festa das Antesterias, a festa das flores e do vinho novo, no inicio da primavera. A festa na qual eram apresentadas as tragedias gregas era em homenagem ao deus Dioniso. Dioniso era um deus ligado a muitas festividades. Na Ática, que nos interessa mais de perto, havia os seguintes tipos de festivais dionisiacos: - As Leneias: as festas dos toneis de vinho, aproximadamente em janeiro; - As Antesterias: o mais antigo dos festivais dionisiacos e por isso tambem chamadas de &quot;Velhas Dionisias&quot;, aproximadamente em fevereiro, quando os barris eram abertos e se experimentava o vinho novo; - As Oscoforias: o festival da colheita das uvas, realizadas apromadamente em outuboro, quando havia uma corrida de rapazes levando ramos de parreiras. Para nos sao mais importantes duas outras festas em honra a Dioniso, as Dionisias, que se dividiam em Urbanas e Rurais, e especificamente a primeira delas. As Dionisias urbanas ocorria em dois momentos no calendario. Primeiramente na Primavera, logo apos as Antesterias, em fins de março, quando o vinho do ultimo ano esta maduro, pronto para beber, se fazendo portanto a abertura dos barris. O sentimento geral era de que a terra esta acordando para uma nova vida.</s>
    <s>Portanto, percebemos uma continuidade da tematica do &quot;florescimento&quot; que marca este mes. Mas havia tambem uma Dionisia urbana no inverno, para marcar o fim do trabalho anual e que em Atenas ocorria no inicio de Janeiro. Ja as Dionisias rurais eram de menor proporçao e aconteciam em dezembro nos distritos rurais da Ática. Nelas, um bando de folioes, um komos, carregando um falo de grandes proporçoes, cantava cançoes para Dioniso, as chamadas &quot;cançoes falicas&quot;. Nos intervalos, o lider divertia os espectadores com vulgaridades, na forma de monologo ou dialogo. Muitos autores consideram que foi justamente o komos uma das origens do coro, um dos aspectos mais particulares do drama grego, tanto na tragedia como na comedia, como veremos mais a frente. As Dionisias Urbanas ou Grandes Dionisias tinham a seguinte forma: - iniciavam-se por uma procissao que escoltava uma antiga imagem de Dioniso ao longo da estrada que conduzia a cidade de Eleuteria e regressava depois ao altar do deus, em Atenas, onde um bode era sacrificado em meio a danças e cançoes, - uma virgem conduzia a procissao atraves do caminho, adornada com ornamentos dourados, portando a cesta sagrada, cheia de bolos e flores. Os outros participantes da procissao conduziam presentes rurais (uvas, figos, vinho) e o animal a ser sacrificado. Um falo era carregado no alto. Neste cortejo (gr.pompe, existe o termo latino equivalente pompa) e que podemos perceber a forma fundamental da constituiçao de grupos. Da massa amorfa sao destacados os participantes ativos que se dirigem para um objetivo, mas a interaçao com o outro grupo que se forma simultaneamente ao longo do caminho, os espectadores, e tao importante quanto o proprio objetivo pelo qual se forma o cortejo. O objetivo da pompe e naturalmente um santuario no qual tera lugar o sacrificio, mas o proprio caminho tambem tem significado, e &quot;sagrado&quot;. Em algumas procissoes religiosas sao apresentadas ja dramatizaçoes de carater mimetico da partida, o abandono do santuario, prefigurando no ritual ja a forma dramatica. Dentro do grupo dos participantes ativos, por sua vez existem papeis bem definidos, como a portadora do cesto, ou os portadores do falo, no caso das Grandes Dionisias. Em outras procissoes temos a portadora da agua, o portador do fogo, das taças, etc. Os participantes indicam o seu estatuto particular nao apenas pelo vestuario festivo, mas tambem pelas coroas, faixas de la e pelos ramos que levam nas mao. Esse uso de sinais exteriores dos papeis a serem exercidos no ritual serao sem duvida apropriados mais tarde pelo teatro. O monumento classico que permite uma visualizaçao completa de uma grande pompe e o friso das Panateneias no Partenon.</s>
    <s>Partenon, O frizo das Panateias.</s>
    <s>Torna-se claro entao como as procissoes, hinos e danças de carater festivo-religioso prefiguravam de certa forma as formas que o teatro grego mais tarde assumiria. O divertido komos e a solene pompe sao a contrapartida puramente ritual dos coros comicos e tragicos do teatro grego. Observemos tambem uma outra semelhança entre o ritual de Dioniso e a tragedia. A forma como o festival dionisiaco acontecia na Ática era bem diferente de suas manifestaçoes orientais onde era observada violencia selvagem e extatica, alem de serem realizadas no inverno e a noite. Ocorreu portanto ja no nivel do ritual a passagem de uma uma simplicidade rude e as vezes brutal a graça, dignidade e refinamento que serao tambem caracteristicas da tragedia atica. Vejamos agora algo sobre o proprio deus homenageado nas Grandes Dionisias. Dioniso e um deus que por um lado esta associado ao fruto carnudo e suculento, como a uva ou o figo e nesse sentido se opoe a Demeter, deusa dos cereais, do trigo, da cevada. Se por um lado a fruta no da essa sensaçao de prazer imediata, o grao e pouco saboroso, mas os dois tipos de alimentos se completam, pois e o grao que sustenta. É ele que simboliza a civilizaçao, o plantio e portanto o esforço humano. Ja Homero identificava os grupos humanos civilizados por serem &quot;comedores de pao&quot;. O fruto carnudo e doce, ao contrario, e coletado diretamente e portando e uma dadiva da natureza. Dioniso e entao este deus do contato direto, sem esforço, com o prazer. No entanto a oposiçao e complementaçao mais conhecida e entre Apolo e Dioniso. Embora Apolo nos poemas homericos tenham tambem um carater violento (sao suas flechas que na Iliada dizimam os aqueus a pedido de seu sacerdote Crises), por estar associado a musica e a poesia atraves da lira (que na verdade revela a violencia original do arco e da flecha), Apolo acabou tornando-se o deus por excelencia da simetria da forma, da grave determinaçao, da seriedade de tom, caracteristicas que hoje chamamos apolineas. Dioniso parece ser uma outra vertante de um mesmo principio. Tambem esta associado a poesia e a musica como Apolo, mas seu instrumento e a &quot;flauta&quot;. Aqui cabe uma pequena observaçao esclarecedora. O termo grego que em geral e traduzido por &quot;flauta&quot; e aulos.</s>
    <s>Este instrumento duplo de sopro provavelmente teria um som mais proximo ao oboe ou a gaita de foles escocesa, nada relacionado portanto a sonoridade suave das nossas flautas atuais e mais apropriado aos extases dionisiacos. Desde cedo Dioniso foi associado a ideia de irregularidade, seja no ritmo ou na linguagem a principio, e consequentemente nos proprios sentimentos. Essa ciclotimia se reflete bem na falta de restriçoes que encontramos na poesia coral dionisiaca executada nos sacrificios ofertados nas festas a esse deus. Em geral assumiam a forma de um hino em celebraçao das dadivas de Dioniso. Neste hino a musica era executada no modo frigio, reforçando um dos mitos de uma origem nao-grega do deus, que teria vindo da Frigia. Hoje, no entanto, sabemos que o culto de Dioniso e muito antigo na grecia, remontando a epoca micenica. Aproveitamos para lembrar que na antiga Grecia havia outros centros de culto dionisiaco alem de Atenas, como Tebas, Corinto e Naxos. O verso utilizado era o ditirambo e o hino assumia a forma de uma dança coral acompanhada de gestos e movimentos ilustrativos. Essa dança mimetica denominava-se orchesis. As caracteristicas especiais de Dioniso acabaram por atrair outros seres a principio de origem heterogenea tais como os satiros, seres com caracteristicas animalescas que representariam forças vigorosas da natureza, paixoes e emoçoes da mente humana. Em geral sao representados como covardes, sensuais, livres e bem-humorados e com um penis em permanente ereçao. Havia tambem os Silenos, satiros velhos, bebados e lascivos. Ja as Bacantes ou Menades eram entidades femininas, as vezes ninfas, as vezes mulheres, que tomavam parte no cortejo de Dioniso com os cabelos soltos e enfeites florais e cuja forma de contato com a divindade era o extase, o entusiasmo. Vemos igualmente associados a Dioniso os Centauros, representantes tambem da força e do vigor natural e amantes da embriagues e finalmente Pan, deus da vida rural.</s>
    <s>Sera justamente nesse ambiente religioso e festivo que sera introduzido a posteriori o teatro. Isso ocorreu em Atenas no sec. VI a. C. sob a tirania de Pisistrato.</s>
    <s>Uma pequena explicaçao historica: o regime tiranico foi ao mesmo tempo uma emanaçao da aristocracia e uma reaçao contra ela. O poder estava nas maos de familias celebres que o administravam ou atraves de um regime monarquico ou de um regime oligarquico. O poder podia ser transmitido ou hereditariamente ou de forma eletiva, mas sempre estava nas maos da aristocracia. Com o surgimento de uma serie de crises no seio da aristocracia ocorriam casos em que um aristocrata toma o poder indevidamente, apoiado por outros aristocratas e/ou por um grupo de cidadaos. Pisistrato foi um desses tiranos &quot;populares&quot;. Na verdade tomou e perdeu o poder tres vezes na segunda metade do sec. VI a.C (561-555 a.C./544-538 a.C./534-533 a.C.). Foi justamente durante este ultimo periodo de tirania que Pisistrato, preocupado com o apoio popular, estabeleceu a regulamentaçao das representaçoes teatrais em Atenas. Antes disso o teatro tinha um carater privado e voluntario. Temos noticia que eram ja apresentadas &quot;peças&quot; em Atenas desde 558 a.C. associadas a Tespis, o primeiro autor de que temos noticias. Mas foi Pisistrato quem determinou que fossem encenadas em uma das festas mais populares, justamente as Grandes Dionisias Urbanas, em fins de março. Pisistrato com isso estava fazendo uso da religiao contra a aristocracia, reorganizando as festas tradicionais e especialmente dando patrocinio estatal ao culto mais popular no momento, o de Dioniso e de sua festa mais importante, as Dionisias Urbanas. Segundo os poucos dados que temos a primeira representaçao de uma tragedia dentro das Dionisias Urbanas foi aproximadamente entre 536-533 a.C. Temos poucos dados tambem sobre os autores dessa primeira fase do teatro grego. Apos Tespis temos noticia de Querilo, que teria composto aproximadamente 160 tragedias e de Frinico, discipulo de Tespis, cuja primeira vitoria se deu entre 511 e 508 a.C.</s>
    <s>Mas os grandes nomes da tragedia grega no sec. V a.C. sao sem duvida Ésquilo, Sofocles e Euripides. Infelizmente chegaram ate nos apenas cerca de uns 10% de sua produçao total. Sete tragedias de Ésquilo, sete de Sofocles e 18 de Euripides. Ja nas Dionisias rurais eram reapresentadas peças que haviam sido produzidas nas Dionisias Urbanas para o publico do interior da Ática. A principio as peças apresentadas nas Dionisias Urbanas nao podiam ser reapresentadas em Atenas, mas a partir da morte de Ésquilo em 456 a.C., devido ao seu enorme prestigio, suas peças foram remontadas, provavelmente por seu filho. Alguns autores na verdade consideram que Prometeu Acorrentado nao fosse de sua autoria, mas sim de seu filho, que a teria montado usando o nome do pai. Portanto o teatro tragico grego tem uma dupla ambientaçao: religiosa, por um lado, ja que se insere no calendario festivo-religioso, mas conjuntamente, politica, pois e tambem uma festa estatal. Cabe a cidade, a polis, se incumbir dos preparativos para a sua realizaçao. Com o desenvolvimento do genero teatral, que praticamente tornou-se o genero literario mais importante na Grecia durante o sec. V a.C., as Grandes Dionisias atraem um publico cada vez maior. É a propria cidade, Atenas, que se reune em peso para assistir anualmente, em um momento especial do calendario religioso, tragedias e comedias. É portanto para a polis que as peças serao direcionadas. Mas nao so. Aos poucos, estrageiros tambem participarao, muitos vindos de outras cidades gregas, mas outros vindos mesmo de outros paises, exclusivamente para assistir as representaçoes teatrais. O teatro ateniense passa a ser cada vez mais o rosto mais atrativo que a cidade mostra de si mesma, simbolo de sua importancia cultural diante de seus vizinhos e de certa forma, parte da politica hegemonica ateniense na area do Mediterraneo oriental a partir das vitorias contra as invasoes persas. Passaremos a seguir a observar mais de perto a programaçao desse conjunto de manifestaçoes religiosas, politicas e artisticas que eram as Grandes Dionisias ou Dionisias Urbanas apos a regulamentaçao instituida por Pisistrato.</s>
    <s>O festival se estendia por seis dias, dos dias 10 a 15 do mes Elafebolion, o que corresponde em nosso calendario a finais de março e inicios de abril. Durante esses dias alem das atividades propriamente religiosas aconteciam quatro tipos de apresentaçoes artisticas na forma de concursos: ditirambos, comedia, drama satirico e tragedia. Destas, as tres primeiras tem um vinculo claro com Dioniso, ja para a tragedia a relaçao nao e tao obvia. No dia dez, um grande cortejo conduzido pelo arconte-rei e protegido pelos efebos, jovens de 16 a 18 anos, acompanha a estatua de madeira de Dionisio Eleuterio, o Libertador, que e trazida para a cidade. À noite, essa estatua sera levada ao teatro a luz de tochas. Deste cortejo participam todos os concorrentes nas diversas modalidades poeticas. Durante todo este primeiro dia um grande sacrificio de inumeros animais, uma hecatombe, alimenta animados banquetes por toda a cidade. Nos dias 11 e 12 temos os concursos de ditirambos, que eram cantados em louvor a Dioniso em coros de homens e crianças. No passado, na realidade ou atraves de uma simulaçao, esses coros de origem muito antiga acompanhariam um rito de sacrificio dionisiaco com dilaceraçao e o consumo das carnes da vitima viva e do seu sangue ainda quente. Na noite do dia 12 para o dia 13 havia um grande komos, procissao irreverente de folioes com faloforia, transporte do falo, no qual apareciam figuras disfarçadas e mascaradas, em geral de satiros ou de animais. Seu argumento era em geral rudimentar. Havia uma entrada em cena tumultuada, uma discussao por motivo futil e um discurso-bufo final. O komos foi na verdade um especie de embriao da comedia. No dia 13, havia justamente o concurso de comedias. Nelas temos retomado o argumento simples do komos em uma forma mais elaborada nas suas tres partes principais: a) parodo, entrada tumultuosa do coro, evocando eventualmente uma cena conhecida; b) agon, disputa entre as personagens, e c) parabase, quando o coro dirigi-se diretamente ao publico, solicitando-o como testemunha. No entanto a comedia diferencia-se do komos por ja nao apresentar com tanta frequencia Dioniso e seu cortejo. Os dias 14 e 15, os dois ultimos dias do festival, eram reservados aos concursos tragicos. Neles, cada autor apresentava tres tragedias, a chamada trilogia, e finalizava com um drama satirico, chamado tambem de drama silenico. Todo o conjunto das 4 peças constituia a tetralogia.</s>
    <s>A trilogia em seus principios apresentava unidade tematica. Apenas uma trilogia tematica chegou ate nos, a &quot;Orestia&quot;, ou a &quot;Trilogia de Orestes&quot;, de Ésquilo. Nela, a primeira tragedia representava o regresso e morte de Agamemnon nas maos da esposa, Clitmenestra; na segunda, seu filho, Orestes, o vinga matando a propria mae, e na ultima Orestes, e inocentado do matricidio pela intervençao da deusa Atena. Apesar da grandiosidade deste triptico, a trilogia de mesmo tema praticamente nao foi mais usada por Sofocles e Euripides, sendo cada uma das tragedias em cada trilogia uma unidade em si. O elemento mais importante do drama satirico e que por isso lhe dava nome era o coro de satiros que representava sob a forma de danças acrobaticas o aspecto exterior da mania, a loucura decorrente da possessao divina. Eram algo semelhantes as tragedias na forma, mas aproveitavam os detalhes grotescos da lendas antigas no seu conteudo. Uma das nossas mais importantes lacunas em relaçao ao teatro grego deve-se ao fato de apenas um drama satirico ter chegado completo ate nos pela tradiçao, os &quot;Ciclopes&quot; de Euripides, alem de um fragmento extenso dos &quot;Icneutas&quot; de Sofocles. É interessante essa composiçao de tragedias e drama satirico em uma unidade maior, da qual em geral temos apenas a porçao tragica. Muitos autores associam a tragedia ao sacrificio de um animal. Como vimos, nas Grandes Dionisias era sacrificado um bode a Dioniso. Bode em grego e tragos. Em geral a morte de animais na caça ou em sacrificios estavam associados a sentimentos de culpa pelo sangue derramado que em tudo e igual ao do proprio caçador ou sacrificador. O animal abatido precisa ser apaziguado de certa forma para que nao perturbe o seu matador. Em geral uma serie de rituais ou atitudes tem essa funçao</s>
    <s>Pois bem, se a trilogia tragica e o momento do sacrificio, do derramamento de sangue, da matança, deve haver alguma compençao em cena. Burkert, portanto, considera natural que as tragedias sucedesse um drama satirico, pois os bodes seriam trazidos de novo ao palco, agora vivos, na verdade transbordantes de vida e energia, revertendo os maus fluidos atraves da ressurreiçao e assim fechando um ciclo. Ja do ponto de vista do espectador depois de uma sequencia de tres tragedias, ha uma grande quantidade de tensao naturalmente acumulada e que teria seu momento de liberaçao atraves do drama satirico. Gostaria de enfatizar agora o carater competitivo das representaçoes teatrais. Esse carater, na verdade, como sabemos desde Nietzsche , e uma das forças motrizes da cultura grega. Como diz Burkert, &quot;e surpreendente a quantidade de coisas que entre os gregos se podem tornar objeto de competiçao: esporte e beleza corporal, artesanato e arte, canto e dança, teatro e disputa&quot;. O enfrentamento, a competiçao publica (agon), parece atrair irresistivelmente os gregos e todas as suas festas apresentam algum tipo de competiçao. Nao devemos nos esquecer que a civilizaçao grega tem um carater fortemente publico. Desde os poemas homericos, os herois tem o seu status definido pelos feitos que realizam publicamente, diante de iguais. Os Jogos Olimpicos, cujo primeiro registro e de 776 a.C., sao o exemplo maximo dessa compulsao competitiva em festivais religiosos, no caso, em homenagem a Zeus e de carater pan-helenico, onde nao so atletas de varias cidades gregas competiam nas diversas provas, mas tambem poetas e oradores. O espirito agonal tambem marcara a tragedia grega, nao so pelo fato exterior da competiçao entre os proprios tragediografos, mas o incorpora como uma de suas partes mais essenciais, a cena de enfrentamento, como veremos mais adiante. Assim e importante sabermos que os autores apresentam suas peças desejando muito vencer e isso acaba por estabelecer um forte vinculo entre o criador e o publico para o qual ele cria. Esse publico e em geral amplo, pois todos participam, estrangeiros, metecos, isto e, estrangeiros residentes em Atenas, mulheres e talvez mesmo escravos</s>
    <s>Os espetaculos se sucediam ininterruptamente da manha ate o meio da tarde. A luz solar e um elemento constitutivo do teatro grego que nossas encenaçoes modernas em geral nao apresentam, constrangidas pelo palco italiano. O ambiente durante a encenaçao provavelmente era o de qualquer festival, com agitaçao e tumulto devido ao publico muito grande, e provavelmente havia consumo de comida devido a longa duraçao, o que nos lembra um pouco o tipo de publico que Sheakspeare teve em suas peças. Esse enorme publico era devido ao grande acontecimento que eram as representaçoes teatrais. Em primeiro lugar era a grande festa de Dioniso, que por si so era motivo de atraçao, alem disso havia o carater unico de cada apresentaçao, que durante muito tempo nao voltaria a ser exibida, a curiosidade geral para saber como seria tratado um tema ja conhecido por todos, e o simples prazer das pessoas que se reunem para uma atividade em comum.</s>
    <s>É nesse ambiente de festa religiosa, festa do espirito e da coletividade que as tragedias eram apresentadas e por isso tiveram um grande papel na formaçao de espirito &quot;nacional&quot; de Atenas.</s>
    <s>Mas como dissemos, a sua organizaçao e funcionamento cabia a cidade dentro do ano religioso. Especificamente a responsabilidade da organizaçao era do arconte-eponimo. Uma pequena explicaçao historica: a comunidade ateniense mantinha ainda uma antiga divisao em tribos. A partir do regime democratico, das antigas quatro tribos tradicionais foram formadas dez novas. De cada tribo era escolhido um arconte, que era uma especie de ministro. Esses 10 arcontes organizavam durante um ano o conjunto da vida cotidiana e religiosa na cidade de Atenas. Um deles chamava-se arconte-rei e tambem arconte-eponimo, pois dava seu nome ao ano em curso. O arconte-eponimo tinha como funçao escolher tres poetas tragicos dentre os autorizados a concorrer no concurso. Os elementos fundamentais do drama grego, seja tragedia ou comedia, sao o coro e os atores. O coro era em geral constituido por 12 ou 15 pessoas que cantavam e dançavam. Os atores eram em numero maximo de tres. Tanto os participantes do coro como os atores eram sempre do sexo masculino. Mais adiante nos deteremos mais detalhadamente no coro e nos atores. Era do arconte-eponimo tambem a escolha de um cidadao rico disposto a assumir o pagamento de um imposto voluntario para financiar os custos da produçao de todas as peças. Esse homem chamava-se corego e sua funçao era a coregia. Os custos basicamente eram o orçamento do coro, mais o flautista, e das mascaras e trajes para o coro. Era responsavel tambem pelo pagamento do salario do corifeu e dos atores, que sao ja profissionais. O ator mais importante, o protagonista, era pago pela cidade. A coregia podia ser recusada, mas dava prestigio social e muitos dos principais agentes politicos de Atenas, como Pericles a assumiram. O trabalho do autor, uma vez composta a peça e a musica, seria basicamente de trabalhar como encenador do coro e dos atores durante os ensaios. Os autores tragicos do sec. V a.C, muito especialmente Frinico e Ésquilo, começaram suas carreiras como atores e atuaram em suas proprias peças. A principio as peças eram representadas na Ágora onde eram montadas arquibancadas de madeira. Este lugar era a praça e mercado publicos da cidade. La, ao ar livre, os camponeses vendiam seus produtos, os peixeiros e os padeiros tinham seus tabuleiros e os banqueiros e cambistas tinham suas mesas. A agora era o lugar por excelencia para encontros e conversas em geral. A partir da instauraçao do regime democratico em Atenas (508 a.C.), passou tambem a ser o local de encontro da Ecclesia, a Assembleia dos Cidadaos, principal orgao legislativo da cidade. Esta convivencia em um mesmo local das apresentaçoes teatrais e das deliberaçoes politicas, durou pouco tempo. Um grave acidente em que se feriram espectadores no desabamento das arquibancadas provisorias teria sido o motivo para a mudança de local.</s>
  </text>
</page>
