<?xml version="1.0" encoding="UTF-8"?>
<!DOCTYPE page SYSTEM "page.dtd">
<page>
  <lang>pt</lang>
  <url>http://softwarelivre.org/furusho/blog/chamada-de-trabalhos-pythonbrasil6</url>
  <title>Chamada de trabalhos – PythonBrasil[6] - Furusho - Software Livre ...</title>
  <snippet>
    <s>2º Conferencia Internacional de Software Libre &middot; 1ras Jornadas Argentinas de HacksHackers - Hackatón en Tecnópolis: extracción automática de datos desde documentos “Está aberta a chamada de trabalhos para a PythonBrasil[6]. </s>
  </snippet>
  <text>
    <s>Go to the content</s>
    <s>fisl12 BR-Linux VivaoLinux LinuxSecurity Dicas-L NoticiasLinux UnderLinux BestLinux [mais]</s>
    <s>Welcome, {login} Administration Control panel Logout Login or Register</s>
    <s>New user I forgot my password</s>
    <s>Press Enter to send the search query.</s>
    <s>Software Livre Brasil</s>
    <s>PeoplePeople Menu</s>
    <s>CommunitiesCommunities Menu</s>
    <s>Agenda Livre</s>
    <s>ODF Alliance Award</s>
    <s>3373 AMIGOS</s>
    <s>Profile links</s>
    <s>Profile links</s>
    <s>Profile links</s>
    <s>Profile links</s>
    <s>Profile links</s>
    <s>Profile links</s>
    <s>Profile links</s>
    <s>Profile links</s>
    <s>Profile links</s>
    <s>Profile links</s>
    <s>Profile links</s>
    <s>Profile links</s>
    <s>Profile links</s>
    <s>Profile links</s>
    <s>Profile links</s>
    <s>Profile links</s>
    <s>Profile links</s>
    <s>Profile links</s>
    <s>Profile links</s>
    <s>Profile links</s>
    <s>Profile links</s>
    <s>Profile links</s>
    <s>Profile links</s>
    <s>Profile links</s>
    <s>Profile links</s>
    <s>Profile links</s>
    <s>Profile links</s>
    <s>Profile links</s>
    <s>Profile links</s>
    <s>Profile links</s>
    <s>Profile links</s>
    <s>Profile links</s>
    <s>Profile links</s>
    <s>Profile links</s>
    <s>Profile links</s>
    <s>Profile links</s>
    <s>Profile links</s>
    <s>Profile links</s>
    <s>Profile links</s>
    <s>Profile links</s>
    <s>Profile links</s>
    <s>Profile links</s>
    <s>Profile links</s>
    <s>Profile links</s>
    <s>Profile links</s>
    <s>View all</s>
    <s>12 Comunidades</s>
    <s>Profile links</s>
    <s>Profile links</s>
    <s>Profile links</s>
    <s>Profile links</s>
    <s>Profile links</s>
    <s>Profile links</s>
    <s>Profile links</s>
    <s>Profile links</s>
    <s>Profile links</s>
    <s>Profile links</s>
    <s>Profile links</s>
    <s>Profile links</s>
    <s>View all</s>
    <s>The Doc Foundation</s>
    <s>LibreOffice Conference Announcements</s>
    <s>Conference ad-hoc information</s>
    <s>The Document Foundation publishes details of LibreOffice 3.4.3 security fixes</s>
    <s>ODF 1.2 has been approved as an OASIS standard</s>
    <s>OWF Experiment Awards 2011 for best of Open Source software</s>
    <s>Updated: October 17, 2011</s>
    <s>Viva o Linux</s>
    <s>C/C++: Dark Star Math</s>
    <s>C/C++: Exibe quantos números perfeitos foram digitados</s>
    <s>Como instalar o Google Chrome no Slackware 13.37</s>
    <s>Conky Estilo Windows 8</s>
    <s>HTML/Javascript: Mostrar e Esconder DIV com HTML, JavaScript e CSS</s>
    <s>Updated: October 17, 2011</s>
    <s>Guia do Hardware</s>
    <s>Fundação Apache comenta demora no desenvolvimento do OpenOffice.org</s>
    <s>Clássico game GTA III ganhará versão para Android e iOS em breve</s>
    <s>Microsoft conclui aquisição do Skype</s>
    <s>Resumo do dia</s>
    <s>Como o Windows 8 irá consumir menos memória</s>
    <s>Updated: October 17, 2011</s>
    <s>503 Service Temporarily Unavailable</s>
    <s>Updated: September 12, 2011</s>
    <s>Tux Chile</s>
    <s>Fedora 17 ya tiene nombre</s>
    <s>Votaciones para elección del nombre de Fedora 17</s>
    <s>Celebración del Día del Software Libre 2011</s>
    <s>Discurso de Eben Moglen: Por qué la libertad política depende de la libertad del software más que nunca</s>
    <s>Día GNOME 2011</s>
    <s>Updated: October 17, 2011</s>
    <s>Wwwhat's New?</s>
    <s>500px disponível para tablets iPad</s>
    <s>Tenha lições de guitarra através do aplicativo Instinct</s>
    <s>sharypic – Para organizar as fotos de um mesmo evento</s>
    <s>Crie uma versão móvel de seu site com Dudamobile</s>
    <s>BillBaba – Controla seus gastos e lhe ajuda a economizar</s>
    <s>Updated: October 17, 2011</s>
    <s>Convergência Digital</s>
    <s>TV digital: Governo assume atraso, mas banca apagão analógico para 2016</s>
    <s>ITI alerta empresas sobre atualização nas chaves públicas</s>
    <s>Rádio digital: Muito além da voz</s>
    <s>Sony Ericsson produzirá apenas smartphones</s>
    <s>Cloud impulsiona e mercado de ERP prevê receita de R$ 2,04 bi em 2011</s>
    <s>Updated: October 17, 2011</s>
    <s>PC World</s>
    <s>Aprenda a tirar o máximo de uma câmera digital com um simulador online</s>
    <s>&quot;GTA III&quot; completa 10 anos e ganha reedição para iPhone e Android</s>
    <s>Nokia inicia pré-venda do N9 por 1.699 reais</s>
    <s>Prepare-se para o início do horário de verão</s>
    <s>Atualize os drivers de seu PC com o Perfect Updater</s>
    <s>Updated: October 17, 2011</s>
    <s>Software Público Celular NBR ISO 26300 Cloud Computing Libreoffice Ubuntu TDF Linux Calc Oracle broffice BrOffice The Document Foundation LibreOffice Chrome OS Gnu Jomar Paraná Internet Open Source BrOffice.org Microsoft Inclusão Digital Broffice Firefox Cidades Digitais openoffice odf Android Serpro OpenOffice Celepar ODF Mozilla Banda Larga Google browser Office Latinoware furusho OpenOffice.org Impress Curitiba Brasil ISO 26300 TI Governo PNBL Software Livre Furusho</s>
    <s>View all</s>
    <s>Blog posts</s>
    <s>2011 (2595)</s>
    <s>October (121)</s>
    <s>September (282)</s>
    <s>August (320)</s>
    <s>July (312)</s>
    <s>June (260)</s>
    <s>May (173)</s>
    <s>April (234)</s>
    <s>March (293)</s>
    <s>February (300)</s>
    <s>January (300)</s>
    <s>2010 (3550)</s>
    <s>December (268)</s>
    <s>November (302)</s>
    <s>October (307)</s>
    <s>September (356)</s>
    <s>August (417)</s>
    <s>July (311)</s>
    <s>June (288)</s>
    <s>May (286)</s>
    <s>April (237)</s>
    <s>March (312)</s>
    <s>February (225)</s>
    <s>January (241)</s>
    <s>2009 (1944)</s>
    <s>December (219)</s>
    <s>November (285)</s>
    <s>October (277)</s>
    <s>September (248)</s>
    <s>August (279)</s>
    <s>July (323)</s>
    <s>June (294)</s>
    <s>May (19)</s>
    <s>Subscribe RSS Feed</s>
    <s>My network</s>
    <s>8237 articles published</s>
    <s>3374 friends</s>
    <s>12 communities</s>
    <s>1817 tags</s>
    <s>View profile</s>
    <s>E-mail -&gt; Furusho</s>
    <s>Software Livre.gov.br</s>
    <s>Software Público</s>
    <s>4CMBr Municípios</s>
    <s>Guia Cidades Digitais</s>
    <s>Guia Foca GNU/Linux</s>
    <s>CDTC - Cursos Grátis</s>
    <s>Software Livre é </s>
    <s>FSF LA</s>
    <s>Licença GPLv3</s>
    <s>Creative Commons BR</s>
    <s>Teste sua Conexão</s>
    <s>Albuns de Fotos</s>
    <s>Microsoft anuncia driver ODBC para SQL Server oficial para Linux</s>
    <s>3º Dia Livre em Fortaleza com grade de palestras definida</s>
    <s>Acessando Banco do Brasil com o OpenJDK e Ubuntu - uma realidade</s>
    <s>Time catarinense do Ubuntu participará do 6º SoLiSC</s>
    <s>Samba agora pode aceitar código de corporações</s>
    <s>Dennis Ritchie, criador do Unix morre aos 70</s>
    <s>I Encontro de Software Livre do Agreste Pernambucano</s>
    <s>Ubuntu 11.10 Oneiric Oncelot no ar</s>
    <s>Mozilla publica relatório anual sobre 2010 e detalha receita de 123 milhões</s>
    <s>O KDE chega aos tablets e completa 15 anos de existência</s>
    <s>Updated: October 17, 2011</s>
    <s>Linux Feed</s>
    <s>Installare i Driver delle Stampanti Canon tramite PPA su Ubuntu</s>
    <s>Ubuntu 12.04 Precise Pangolin: spuntano le prime caratteristiche</s>
    <s>Ubuntu 11.10 Oneiric: Successo o Fallimento?</s>
    <s>Xserver-xorg 2:1.11.1 + Nvida + ABI, miscela esplosiva</s>
    <s>TimeLapseCreare video da sequenze di immagini con Android!</s>
    <s>Updated: October 17, 2011</s>
    <s>Soft Libre Argentina</s>
    <s>Aclaraciones necesarias</s>
    <s>IX Jornadas de Software Libre en la Facultad de Informática (La Plata)</s>
    <s>Salta - Jornadas Regionales de Software Libre 2011</s>
    <s>Convocatoria Asamblea General Ordinaria 2011</s>
    <s>VIII Conferencia Latino-Americana de Software Libre</s>
    <s>Updated: October 17, 2011</s>
    <s>Tecno Libres - Cubas</s>
    <s>Firefox 9 será la última versión final del navegador de Mozilla en 2011</s>
    <s>Las 7 novedades más importantes de Ubuntu 11.10</s>
    <s>LibreOffice tendrá su versión para iOS y Android</s>
    <s>Se despide otro titán tecnológico: Dennis Ritchie, padre de C y Unix</s>
    <s>Convocatoria Semana Tecnológica</s>
    <s>Updated: October 17, 2011</s>
    <s>Soft Libre Uruguay</s>
    <s>UEFI &quot;Secure Boot&quot; y Microsoft Windows 8: El peligro para el Software Libre</s>
    <s>LibreOffice tendrá su versión para Android y iOS</s>
    <s>Utilizando línea de comandos desde la consola para descargar con Bittorrent</s>
    <s>Jornadas Regionales de Software Libre 2011 en Salta Argentina</s>
    <s>Lo más destacado de Ubuntu 11.10</s>
    <s>Updated: October 17, 2011</s>
    <s>IDG Now!</s>
    <s>Hacker invade canal da Vila Sésamo no YouTube e insere vídeo pornográfico</s>
    <s>Apple libera Lion 10.7.2 e Safari 5.1.1</s>
    <s>Sites de compras coletivas inflam preços para que descontos pareçam maiores</s>
    <s>Cidades inteligentes que nada: queremos um planeta inteligente</s>
    <s>Google deve lançar sua loja virtual de músicas nas próximas semanas</s>
    <s>Fórum da Internet reivindica Anatel fora do controle da rede</s>
    <s>Horário de verão: o que você precisa ajustar no seu PC ou smartphone</s>
    <s>Google acaba com Buzz, Jaiuku e Likes</s>
    <s>Com vendas em baixa, Sony Ericsson registra queda em lucro e receita</s>
    <s>Ainda longe do Facebook, Google+ investe na integração de serviços</s>
    <s>Updated: October 17, 2011</s>
    <s>Tech Tudo</s>
    <s>MMORPG Transformers Universe aparece em teaser na New York Comic Con 2011</s>
    <s>The Elder Scrolls V: Skyrim pode ser terminado em até duas horas</s>
    <s>Need for Speed: The Run terá modo de desafios no estilo de Hot Pursuit</s>
    <s>5 habilidades reais que os videogames nos ensinaram</s>
    <s>Site lista as 10 fotos de cirurgia plástica mais bizarras</s>
    <s>Updated: October 17, 2011</s>
    <s>Veja lista das faculdades mais caras dos EUA</s>
    <s>Ações da Olympus caem 24% após acusações</s>
    <s>Fã faz música para Jobs usando sons de Macs</s>
    <s>Mapa digital desvenda subsolo de SP</s>
    <s>Orascom pode fazer oferta por Orange</s>
    <s>Updated: October 17, 2011</s>
    <s>Col. Bras. Genealogia</s>
    <s>New Family Search</s>
    <s>FamilySearch Microfilme</s>
    <s>Video A Genealogia</s>
    <s>Video Band Hist.Familiar</s>
    <s>Pres Obama e Monson</s>
    <s>Pesq Árvore Genealógica</s>
    <s>Video SUD Hist. Família</s>
    <s>Memorial do Imigrante</s>
    <s>Marta Amato</s>
    <s>Projeto Imigrantes</s>
    <s>Imigrantes Italianos</s>
    <s>Imigração japonesa</s>
    <s>Nipo Brasil</s>
    <s>Nihon site</s>
    <s>Imigração Japonesa</s>
    <s>Japão Centenário</s>
    <s>100 Imigração japonesa</s>
    <s>My Heritage</s>
    <s>Folha Online Links</s>
    <s>Super Sites Links</s>
    <s>Signficado do Nome</s>
    <s>SUD New</s>
    <s>Juventude SUD</s>
    <s>A Liahona</s>
    <s>Os Mórmons</s>
    <s>Mãos Que Ajudam</s>
    <s>O Livro de Mórmon</s>
    <s>David Neeleman</s>
    <s>Senador Tuma</s>
    <s>TV e Rádio</s>
    <s>Rec. do Templo</s>
    <s>Rec. Missionária</s>
    <s>SRE Emprego</s>
    <s>Mapa SUD</s>
    <s>Viewed 109 times</s>
    <s>Go back to FREE SOFTWAR </s>
    <s>Enviado por Ramiro Batista da Luz (ramiroluzΘgmail*com):</s>
    <s>&quot;Está aberta a chamada de trabalhos para a PythonBrasil. Gostaríamos muito de saber o que você está fazendo com Python. Queremos ver como Python o está ajudando a facilitar sua vida e é uma ótima oportunidade de mostrar seu trabalho. Envie as suas propostas de palestras e treinamentos</s>
    <s>Não deixa para a última hora, o prazo para envio dos trabalhos termina no dia 23 de Agosto.&quot; [referencia: pythonbrasil.org.br]</s>
    <s>Source: http://br-linux.org/2010/chamada-de-trabalhos-pythonbrasil6/</s>
    <s>No comments yet</s>
    <s>Post a comment</s>
    <s>Don't fill this field</s>
    <s>The highlighted fields are mandatory.</s>
    <s>If you are a registered user, you can login and be automatically recognized.</s>
    <s>Enter your comment</s>
    <s>What is the result of '24 = ?'</s>
    <s>Software Livre - Brasil Quem Somos Privacidade Termos de Uso Fale Conosco Documentação</s>
    <s>(C) Copyright 2009 - ASL.</s>
    <s>Desenvolvido pela Colivre</s>
    <s>Este site utiliza o software livre Noosfero, licenciado sob a licença GNU Affero General Public License, versão 3 ou superior.</s>
  </text>
</page>
