<?xml version="1.0" encoding="UTF-8"?>
<!DOCTYPE page SYSTEM "page.dtd">
<page>
  <lang>pt</lang>
  <url>http://blogs.d24am.com/artigos/2011/01/15/cidade-limpa/</url>
  <title>Cidade limpa | Artigos | Blogs | D24am.com</title>
  <snippet>
    <s>15 jan. 2011 Artigos. Nossa equipe de opinião. Envie seu texto, ele pode sair nos nossos jornais. Instituímos, ainda, a Conferência Municipal Manaus Mais Limpa, Serão rejeitadas mensagens que desrespeitem a lei, apresentem </s>
  </snippet>
  <text>
    <s>Para visualizar correctamente algunos contenidos del site debe tener activo Javascript. ¿Como activarlo?</s>
    <s>domingo 16 outubro 2011 . 00:20 . Atualizado as 21:00</s>
    <s>Use o widget do D24AM no seu PC, Mac ou blog</s>
    <s>Windows gadget</s>
    <s>Apple dashboard widget</s>
    <s>Siga-nos em tempo real</s>
    <s>Parcialmente nublado</s>
    <s>O tempo</s>
    <s>hoje em</s>
    <s>Politica \</s>
    <s>Amazonas \</s>
    <s>Brasil \</s>
    <s>Mundo \</s>
    <s>Economia \</s>
    <s>Concursos \</s>
    <s>Manaus 2014 \</s>
    <s>Saude \</s>
    <s>Futebol \</s>
    <s>Formula 1 \</s>
    <s>Mais Esportes \</s>
    <s>Copa 2010 \</s>
    <s>Lutas \</s>
    <s>Musica \</s>
    <s>TV \</s>
    <s>Cinema \</s>
    <s>Moda &amp; Beleza \</s>
    <s>Gourmet \</s>
    <s>Turismo \</s>
    <s>Artes &amp; Shows \</s>
    <s>Promoçao \</s>
    <s>Literatura \</s>
    <s>BBB 11</s>
    <s>Parintins, Cultura &amp; Arte \</s>
    <s>Historia \</s>
    <s>Povos \</s>
    <s>Meio Ambiente \</s>
    <s>Em breve. Esta seçao estara disponivel.</s>
    <s>em cima da hora:</s>
    <s>21:00 h Show do Sonic Youth no Brasil deve ser o ultimo da historia da banda</s>
    <s>20:30 h Sonnen desafia Anderson Silva: &quot;voce tem 24 horas para aceitar a minha oferta&quot;</s>
    <s>20:00 h Chorando, Alexandre Frota se casa em Sao Paulo um dia apos aniversario de 48 anos</s>
    <s>19:38 h Ministro da Agricultura passa bem apos retirada de tumor no cerebro</s>
    <s>Prev Next</s>
    <s>Nossa equipe de opinião. Envie seu texto, ele pode sair nos nossos jornais.</s>
    <s>Artigos » Ambiente</s>
    <s>Cidade limpa</s>
    <s>Publicado Sábado, 15 Janeiro, 2011 . 6:58 hs (2) comentarios</s>
    <s>Por Wilker Barreto</s>
    <s>&gt; O meio ambiente deve ser tratado como prioridade. É impossível falar em desenvolvimento sem ações que minimizem a degradação ambiental.</s>
    <s>Muito além da retórica, temos o dever de transformar a dura realidade que vivemos com novas ideias e propostas concretas. Nesse sentido, apresentamos, ao longo dos dois primeiros anos de mandato, um pacotão de medidas ambientais.</s>
    <s>Ano passado, no dia 18 de janeiro, por meio da Lei 1404, aprovamos a coleta seletiva nos shopping centers. Desde então, os centros comerciais são obrigados a separar os resíduos produzidos em no mínimo cinco classes: papel, plástico, metal, vidro e resíduos gerais não recicláveis. Determina ainda que lixeiras coloridas sejam dispostas em locais de fácil visualização e que a destinação final seja a reciclagem.</s>
    <s>Aprovamos ainda, dia 01 de dezembro, através Lei 254, a Política Municipal de Combate ao Aquecimento Global, que consiste em incentivo às práticas sustentáveis, especialmente na obrigatoriedade de utilização de equipamentos que utilizem racionalmente energia elétrica e água nas edificações de nossa cidade. Instituímos, ainda, a Conferência Municipal Manaus Mais Limpa, a ser realizada na primeira semana do mês de junho, na sede do Poder Legislativo.</s>
    <s>Concentraremos agora nossos esforços na aprovação de um dos mais impactantes projetos dessa legislatura: a substituição escalonada das sacolas plásticas em Manaus. Tramitando desde 2009, o Projeto de Lei 277/09, pretende, em um prazo máximo de três anos, substituir todas as sacolas plásticas por sacolas reutilizáveis e biodegradáveis. Todos os anos, quase 12 bilhões de sacolas plásticas vão parar nos lixões, representando que cada brasileiro utiliza, em média, 66 sacolas plásticas por mês.</s>
    <s>Infelizmente, tragédias como a da região serrana do Rio de Janeiro nos alertam para uma essa dura realidade. Enfrentar o problema é nossa obrigação. Esperamos que a Câmara Municipal possa dar esse presente à cidade. Substituição das sacolas plásticas jáTornemos Manaus uma cidade mais limpa.</s>
    <s>!Globo Participe do D24am » Compartilhe esta este post ou escreva ao editor enviando alguma informaçao sobre este assunto.</s>
    <s>1.Bibi says:</s>
    <s>17 de Janeiro de 2011 ás 11:55</s>
    <s>Porque vc não observa seu bairro p.10, onde área verde, esta sendo tomada por comerciante, filho da fruta derrubou umaarvore, casa do frango enfrente ao mindu derrubou uma arvore linda para expandir seu negocio, csu, abandonado com tudo destruido, pista de caminhada rachada, barra para exercicios totalmente destruídas, outro diz a pmm ainda afirma que o local passou por reforma..parque do mindu invadido, no conjunto barra bela, por oficinas para secagem de pintura de carros etc….</s>
    <s>2.RICARDO says:</s>
    <s>13 de Março de 2011 ás 0:32</s>
    <s>As ruas de Manaus não tem calçadas, muito menos acessibilidade para deficientes físicos. Falta consciência por parte do povo em &quot;cobrar das autoridades seus direitos&quot; e &quot;não jogar lixo nas ruas&quot;. Enquanto a população continuar fechando os olhos, as autoridades fecharão os olhos e virarão a caraGostaria de saber o que está sendo feito na cidade quanto à acessibilidade para deficientes e limpeza urbana.</s>
    <s>Deixe uma resposta</s>
    <s>Click here to cancel reply.</s>
    <s>Nome (obrigatorio)</s>
    <s>Correio electronico (nao sera publicado) (obrigatorio)</s>
    <s>Serao rejeitadas mensagens que desrespeitem a lei, apresentem linguagem ou material obsceno ou ofensivo, sejam de origem duvidosa, tenham finalidade comercial ou nao se enquadrem no contexto do d24am.com. A responsabilidade pelos comentarios e exclusiva dos respectivos autores.</s>
    <s>O autor é economista e vereador pelo PHS.</s>
    <s>Últimas do blog</s>
    <s>Carta ao governador</s>
    <s>(96) comentarios</s>
    <s>SERÁ O FIM DO EXAME DE ORDEM?</s>
    <s>(46) comentarios</s>
    <s>Desagravo a Manaus</s>
    <s>(40) comentarios</s>
    <s>É dever cívico se pronunciar sobre as mazelas públicas</s>
    <s>(32) comentarios</s>
    <s>Passaram-se mais de 300 anos e quase nada mudou </s>
    <s>(5) comentarios</s>
    <s>Obrigado, Amazonas</s>
    <s>(8) comentarios</s>
    <s>Lei é Lei?</s>
    <s>(2) comentarios</s>
    <s>Choque de Ordem</s>
    <s>(6) comentarios</s>
    <s>Seleccionar Mês Outubro 2011 (32) Setembro 2011 (58) Agosto 2011 (53) Julho 2011 (62) Junho 2011 (51) Maio 2011 (48) Abril 2011 (58) Março 2011 (47) Fevereiro 2011 (54) Janeiro 2011 (55) Dezembro 2010 (70) Novembro 2010 (57) Outubro 2010 (29) Setembro 2010 (2) Agosto 2010 (1) Julho 2010 (22) Junho 2010 (7)</s>
    <s>Lista de blogsColetivo DifusãoRegional Rock ManausArtigosBlog da FotografiaBlog do Caderno PlusBlog do DEZBlog do DiárioBlog do Júnior LimaBlog do PrataDedei-lhe NewsTaqui Pra TiValmir LimaVREPÓRTEREduconomiaBlog das LutasAline PostigoBianca AbinaderDante GraçaGente Cala a Boca!Lívia RockPáginas PerdidasTerra Sem LeiTrânsito LivreTécnico IndustrialVida HDBlog do Márcio NoronhaO MalfazejoOdenildo SenaAmazon StreetAmigos da AmazôniaAmigos do Autista - AmazonasJuventude em focoPra Sempre Ana Luiza</s>
    <s>Veja as</s>
    <s>+ lidos</s>
    <s>+ enviados</s>
    <s>+ comentados</s>
    <s>1. Policia busca tres suspeitos de invadir e incendiar onibus em Manaus</s>
    <s>2. Elano proibe Nivea Stelmann de divulgar fotos intimas do casal</s>
    <s>1. Corpo e encontrado com seis tiros no Ramal da Praia Dourada, em Manaus</s>
    <s>2. Ipaam apreende pescado ilegal e animais silvestres no interior do Amazonas</s>
    <s>1. PM mata tres em tiroteio apos assalto no Parque das Laranjeiras, em Manaus</s>
    <s>2. Corpo e encontrado com seis tiros no Ramal da Praia Dourada, em Manaus</s>
    <s>Os blogs de D24am</s>
    <s>!A miopia da ganância</s>
    <s>10 de Outubro de 2011 . 7:59 (7)</s>
    <s>!Tapajós e Carajás</s>
    <s>9 de Outubro de 2011 . 11:08 (0)</s>
    <s>!Tudo urgente, nada essencial</s>
    <s>3 de Outubro de 2011 . 7:30 (1)</s>
    <s>!Caixa seleciona projetos </s>
    <s>30 de Setembro de 2011 . 10:21 (0)</s>
    <s>!Dois pesos, duas medidas</s>
    <s>26 de Setembro de 2011 . 5:39 (2)</s>
    <s>ver arquivo</s>
    <s>de noticias</s>
    <s>Mapa do Site.</s>
    <s>Anunciar no D24am.</s>
    <s>Fale com a gente.</s>
    <s>Valid XHTML 1.0 Strict</s>
    <s>(C) 2011 Amazonas S.A. Todos os direitos reservados. D24am.com e um produto da RBCom</s>
    <s>Manaus 2014</s>
    <s>Formula 1</s>
    <s>Mais Esportes</s>
    <s>Copa 2010</s>
    <s>Moda &amp; Beleza</s>
    <s>Artes &amp; Shows</s>
    <s>BBB 11</s>
    <s>Parintins, Cultura &amp; Arte</s>
    <s>Meio Ambiente</s>
  </text>
</page>
