<?xml version="1.0" encoding="UTF-8"?>
<!DOCTYPE page SYSTEM "page.dtd">
<page>
  <lang>pt</lang>
  <url>http://jorgesampaio.arquivo.presidencia.pt/pt/noticias/agenda-2004-9.html</url>
  <title>Agenda do Presidente da República (2004-09)</title>
  <snippet>
    <s>30 set. 2004 Apresentador do Projecto do Fluviário, Arqº Francisco Ourique .. 19:10, Partida dos convidados para o Banquete do Hotel le Royal para o Palácio Grão- Ducal 16:30, Conferência de imprensa conjunta do Presidente da </s>
  </snippet>
  <text>
    <s>AGENDA DO PRESIDENTE DA REPÚBLICA 2004-09</s>
    <s>AGENDA 2004-09-01</s>
    <s>HORA ÍNICIO</s>
    <s>Reuniao de trabalho com o Primeiro-Ministro.</s>
    <s>AGENDA 2004-09-02</s>
    <s>HORA ÍNICIO</s>
    <s>Assiste a apresentaçao do Livro da Missao do livro Portadores de Luz 2004 e ao lançamento da Emissao Filatelica Jogos Paralimpicos Atenas 2004, cumprimenta os atletas do Movimento Paralimpico de Portugal. (Museu da Cidade, Campo Grande, 245).</s>
    <s>AGENDA 2004-09-06</s>
    <s>HORA ÍNICIO</s>
    <s>Recebe o Bispo de Baucau, D. Basilio do Nascimento.</s>
    <s>AGENDA 2004-09-07</s>
    <s>HORA ÍNICIO</s>
    <s>Preside a sessao de abertura do Encontro Formar Engenheiros Inovadores e Empreendedores, organizado pela COTEC Portugal, na Fundaçao Calouste Gulbenkian.</s>
    <s>Recebe a Comissao Organizadora do Congresso do 25 de Abril.</s>
    <s>AGENDA 2004-09-08</s>
    <s>HORA ÍNICIO</s>
    <s>Preside a sessao de abertura do VII Congresso Europeu da International Industrial Relations Associations, no Centro de Congressos do Estoril.</s>
    <s>Estara presente nas cerimonias funebres do Presidente do Tribunal Constitucional, Juiz Conselheiro Luis Nunes de Almeida.</s>
    <s>Recebe o Embaixador de Portugal junto da Santa Se, Dr. Joao Rocha Paris.</s>
    <s>Recebe o Presidente da Assembleia Consultiva do Povo Chines, Senhor Jia Quinglin.</s>
    <s>Recebe o Embaixador de Portugal em Bruxelas, Dr. Joao Diogo Nunes Barata.</s>
    <s>AGENDA 2004-09-09</s>
    <s>HORA ÍNICIO</s>
    <s>Preside a inauguraçao da INNOVA (Inovative Solutions for Table &amp; Living) e a sessao de abertura do Seminario COTEC/AIP Tendencias Inovadoras nas Áreas Criativa, de Produçao e Comercial, na FIL (Parque das Naçoes entrada principal frente ao Pav. Atlantico).</s>
    <s>Preside a Cerimonia Comemorativa do Centenario da Sinagoga Shaare Tikva, (Rua Alexandre Herculano, 59).</s>
    <s>AGENDA 2004-09-11</s>
    <s>HORA ÍNICIO</s>
    <s>Chegada ao edificio da Casa de Cultura de Mora</s>
    <s>- Guarda de Honra pelos Bombeiros Voluntarios de Mora</s>
    <s>Sessao de Boas Vindas e apresentaçao do projecto do Fluviario de Mora</s>
    <s>Usam da palavra :</s>
    <s>- Presidente da Camara Municipal de Mora, Jose Manuel Manaia Sinogas</s>
    <s>- Apresentador do Projecto do Fluviario, Arqº Francisco Ourique</s>
    <s>- Secretario de Estado de Desenvolvimento Regional, Dr. Jose Eduardo Martins</s>
    <s>- Presidente da Republica</s>
    <s>Pequeno percurso a pe ate ao Pavilhao Municipal de Exposiçoes de Mora</s>
    <s>Visita a EXPOMORA</s>
    <s>Almoço volante oferecido pela Camara Municipal</s>
    <s>Partida para Avis</s>
    <s>Guarda de Honra pelos Bombeiros Municipais ( Largo da Camara Municipal de Avis, Largo do Convento)</s>
    <s>Pequeno percurso a pe pelo Centro Historico de Avis com apresentaçao de projectos do respectivo Plano de Salvaguarda e Valorizaçao</s>
    <s>Sessao Solene de Boas Vindas no Auditorio Municipal Jose Carlos Ary dos Santos</s>
    <s>Usam da palavra :</s>
    <s>- Presidente da Camara Municipal de Avis, Dr. Manuel Coelho</s>
    <s>- Presidente da Republica</s>
    <s>Visita a Fabrica Dardico Agro-Industria, SA</s>
    <s>Apresentaçao do Plano de Valorizaçao da Zona do Clube Nautico de Avis, no Clube Nautico</s>
    <s>Lanche oferecido pela Camara Municipal de Avis</s>
    <s>AGENDA 2004-09-13</s>
    <s>HORA ÍNICIO</s>
    <s>Recebe o Embaixador de Portugal em Bagdad, Dr. Luis Jose Barreiros</s>
    <s>Recebe o Embaixador da Republica Checa, Jaromir Kvapil</s>
    <s>Preside a cerimonia de entrega dos Premios Gazeta 2003, Pestana Palace Hotel, Rua Jau, 54.</s>
    <s>AGENDA 2004-09-14</s>
    <s>HORA ÍNICIO</s>
    <s>Recebe a Presidente da Republica da Letonia, Vaira Vike-Freiberga</s>
    <s>Recebe o Embaixador de França, Daniel Lequertier</s>
    <s>Oferece banquete em honra da Presidente da Republica da Letonia, no Palacio da Ajuda</s>
    <s>AGENDA 2004-09-15</s>
    <s>HORA ÍNICIO</s>
    <s>Preside conjuntamente com a Presidente da Republica da Letonia a abertura do Forum Economico Empresarial Portugal/Letonia (AIP Parque das Naçoes)</s>
    <s>Recebe o Presidente do Supremo Tribunal Militar, Almirante Jose Manuel Castanho Paes</s>
    <s>Recebe o Primeiro-Ministro da Argelia, Senhor Ahmed Ouyahia.</s>
    <s>AGENDA 2004-09-16</s>
    <s>HORA ÍNICIO</s>
    <s>Recebe cartas credenciais do Embaixador da Nigeria, Senhor Akatu A. Ella</s>
    <s>Recebe cartas credenciais do Embaixador da Republica do Chipre, Senhor Nearchos Palas</s>
    <s>Recebe cartas credenciais do Embaixador do Grao-Ducado do Luxemburgo, Senhor Alain Muyser</s>
    <s>Preside a Cerimonia de trasladaçao dos restos mortais do Dr. Manuel de Arriaga, no Panteao Nacional</s>
    <s>Reuniao de trabalho com o Primeiro Ministro</s>
    <s>AGENDA 2004-09-17</s>
    <s>HORA ÍNICIO</s>
    <s>PROGRAMA DA DESLOCAÇÃO DO PRESIDENTE DA REPÚBLICA A VIANA DO ALENTEJO, PORTEL E BEJA</s>
    <s>VIANA DO ALENTEJO</s>
    <s>Sessao Solene de Boas Vindas no Salao Nobre do Quartel dos Bombeiros Voluntarios</s>
    <s>- Presidente da Camara Municipal de Viana do Alentejo, Senhor Estevao Pereira</s>
    <s>- Sua Excelencia o Presidente da Republica</s>
    <s>Percurso a pe ate ao Cine Teatro Vianense</s>
    <s>Apresentaçao de projectos de equipamentos estruturantes para o concelho de Viana do Alentejo</s>
    <s>Percurso a pe ate ao Castelo com pequena paragem na Praça da Republica</s>
    <s>Visita a exposiçao de olaria de Feliciano Agostinho</s>
    <s>Partida para o concelho de PORTEL</s>
    <s>Chegada a Vera Cruz</s>
    <s>Cerimonia de inauguraçao do Centro Comunitario de Vera Cruz</s>
    <s>- Visita</s>
    <s>Almoço volante oferecido pela Camara Municipal de Portel</s>
    <s>Partida para a Herdade do Meio</s>
    <s>Chegada a Herdade</s>
    <s>- Visita a Adega</s>
    <s>Partida para Portel</s>
    <s>Sessao Solene de Boas Vindas no Salao Nobre da Camara Municipal</s>
    <s>Usam da palavra:</s>
    <s>- Presidente da Camara Municipal de Portel, Prof. Norberto Patinho</s>
    <s>- Sua Excelencia o Presidente da Republica</s>
    <s>Visita a exposiçao de desenhos de Joao Cutileiro na Capela de Santo Antonio/Posto de Turismo</s>
    <s>Percurso a pe ate ao Hotel Refugio da Vila com breve paragem no Largo 5 de Outubro</s>
    <s>Apresentaçao de projectos de equipamentos estruturantes para o concelho de Portel</s>
    <s>Partida para Beja</s>
    <s>Chegada ao Jardim do Bacalhau</s>
    <s>Sessao Solene de inauguraçao do Polis de Beja</s>
    <s>Usam da palavra:</s>
    <s>- Presidente da Camara Municipal de Beja, Dr. Jose Carreira Marques</s>
    <s>- S.E. o Ministro das Cidades, Administraçao Local, Habitaçao e Desenvolvimento Regional , Dr. Jose Luis Arnault</s>
    <s>- Sua Excelencia o Presidente da Republica</s>
    <s>Visita, em autocarro, a algumas intervençoes de requalificaçao urbana no ambito do Programa Polis</s>
    <s>Chegada a Pousada de S. Francisco</s>
    <s>Jantar oferecido pela Camara Municipal de Beja</s>
    <s>Partida para a Praça da Republica</s>
    <s>Concerto com Mariza</s>
    <s>AGENDA 2004-09-21</s>
    <s>HORA ÍNICIO</s>
    <s>Programa da Semana da Saude</s>
    <s>21 a 24 de Setembro de 2004</s>
    <s>Escola de Enfermagem Gulbenkian</s>
    <s>(Av. Professor Egas Moniz)</s>
    <s>- Sessao de trabalho</s>
    <s>- Visita</s>
    <s>Escola de Enfermagem Gulbenkian</s>
    <s>- Apresentaçao da Semana pelo Presidente da Republica, na presença de representantes das associaçoes de doentes e de profissionais (Anfiteatro)</s>
    <s>Instituto de Emergencia Medica</s>
    <s>(Rua Almirante Barroso, 53)</s>
    <s>- Sessao de trabalho</s>
    <s>- Visita a Sala Emergencia e CODU</s>
    <s>- Acompanhamento de um veiculo de emergencia medica</s>
    <s>Instituto Nacional de Saude Dr. Ricardo Jorge</s>
    <s>(Av. Padre Cruz)</s>
    <s>- Sessao de trabalho</s>
    <s>- Visita: Laboratorio Bacteriologia (Departamento Bioterrorismo) (4º Piso), Laboratorio Virulogia (Sida e Gripe) (5º Piso), Laboratorio Genetica (1º Piso)</s>
    <s>Escola Nacional de Saude Publica</s>
    <s>(Av. Padre Cruz)</s>
    <s>- Sessao de trabalho</s>
    <s>- Visita</s>
    <s>- Sala da Direcçao</s>
    <s>AGENDA 2004-09-22</s>
    <s>HORA ÍNICIO</s>
    <s>Programa da Semana da Saude</s>
    <s>21 a 24 de Setembro de 2004</s>
    <s>CAT de Olhao</s>
    <s>- Visita (consulta e unidade de desabituaçao)</s>
    <s>- Sessao de trabalho</s>
    <s>Hospital de Faro</s>
    <s>- Sessao de trabalho</s>
    <s>- Visita (Medicina, Cardiologia- laboratorio de hemodinamica, Pediatria unidade de neonatologia, Urgencia)</s>
    <s>Centro de Saude de Albufeira</s>
    <s>- Visita (Modulo 1, SAP e internamento- telemedicina via verde coronaria)</s>
    <s>- Sessao de trabalho com todos os profissionais</s>
    <s>Recebe o Senador Sergio Romero, Presidente da Comissao das Relaçoes Externas e do Grupo de Amizade Luso-Chileno</s>
    <s>Recebe e oferece um jantar ao Presidente da Junta da Extremadura, Rodriguez Ibarra, no Palacio de Belem.</s>
    <s>AGENDA 2004-09-23</s>
    <s>HORA ÍNICIO</s>
    <s>Programa da Semana da Saude</s>
    <s>21 a 24 de Setembro de 2004</s>
    <s>VILA REAL / MATOSINHOS</s>
    <s>Hospital de Vila Real</s>
    <s>- Sessao de trabalho</s>
    <s>- Visita (urgencia, UCI, Psiquiatria-Pavilhao internamento)</s>
    <s>Centro de Saude de Matosinhos</s>
    <s>- PR faz o percurso de um utente: Inscriçao, Consulta com o Dr. Manuel Luciano Silva (Medico de familia), Regularizaçao administrativa, Consulta dermatologica com o Dr. Pedro Couto Soares, Sessao de telemedicina</s>
    <s>- Sessao de trabalho</s>
    <s>Hospital Pedro Hispano, em Matosinhos</s>
    <s>- Sessao de trabalho</s>
    <s>- Visita: Pediatria, Exames especiais (Pneumologia, Gastroenterologia, Cardiologia), Consulta Externa</s>
    <s>AGENDA 2004-09-24</s>
    <s>HORA ÍNICIO</s>
    <s>Programa da Semana da Saude</s>
    <s>21 a 24 de Setembro de 2004</s>
    <s>COIMBRA / LISBOA</s>
    <s>Coloquio na Faculdade de Direito de Coimbra sobre Reforma e Regulaçao da Saude</s>
    <s>Infarmed, Lisboa</s>
    <s>- Sessao de trabalho</s>
    <s>- Visita (laboratorios)</s>
    <s>AGENDA 2004-09-26</s>
    <s>HORA ÍNICIO</s>
    <s>Recebe o Presidente da Republica de Cabo Verde, Comandante Pedro Pires.</s>
    <s>AGENDA 2004-09-27</s>
    <s>HORA ÍNICIO</s>
    <s>Visita de Estado ao Grao-Ducado do Luxemburgo</s>
    <s>(27 a 30 de Setembro de 2004)</s>
    <s>Chegada da Comitiva que acompanha o Presidente da Republica ao Aeroporto da Portela (Sala VIP A)</s>
    <s>Embarque da Comitiva</s>
    <s>Partida do Presidente da Republica e Comitiva com destino ao Luxemburgo</s>
    <s>Chegada ao Aeroporto de Findel (hora local)</s>
    <s>Chegada do Presidente da Republica e comitiva ao Palacio de Berg</s>
    <s>- Instalaçao</s>
    <s>Jantar privado em honra do Presidente da Republica e Senhora de Jorge Sampaio, oferecido por Suas Altezas Reais o Grao-Duque e a Gra-Duquesa do Luxemburgo</s>
    <s>AGENDA 2004-09-28</s>
    <s>HORA ÍNICIO</s>
    <s>Visita de Estado ao Grao-Ducado do Luxemburgo</s>
    <s>(27 a 30 de Setembro de 2004)</s>
    <s>O Presidente da Republica e a Senhora de Jorge Sampaio, sao acolhidos por Suas Altezas Reais o Grao-Duque e a Gra-Duquesa do Luxemburgo na rue de la Reine</s>
    <s>Honras militares (durante as quais e disparada uma salva de 21 tiros):</s>
    <s>- Revista a Guarda de Honra do Exercito Luxemburgues, por Sua Excelencia o Presidente da Republica e por Sua Alteza Real o Grao-Duque do Luxemburgo</s>
    <s>- Hinos nacionais (no momento em que Sua Excelencia o Presidente da Republica e Sua Alteza Real o Grao-Duque do Luxemburgo se imobilizam para fazer a saudaçao as bandeiras; e disparada uma salva de 21 tiros de canhao)</s>
    <s>Oferta de ramos de flores a Senhora de Jorge Sampaio e a Sua Alteza Real a Gra-Duquesa</s>
    <s>Apresentaçao das Autoridades Luxemburguesas a Sua Excelencia o Presidente da Republica por Sua Alteza Real o Grao-Duque do Luxemburgo e a Senhora de Jorge Sampaio por Sua Alteza Real a Gra-Duquesa do Luxemburgo</s>
    <s>Regresso ao Palacio Grao-Ducal.</s>
    <s>- Troca de presentes e de condecoraçoes</s>
    <s>- Fotografia oficial</s>
    <s>Partida do Presidente da Republica do Palacio Grao-Ducal para o Monumento Nacional da Solidariedade Luxemburguesa</s>
    <s>Chegada do Presidente da Republica ao Monumento da Nacional Solidariedade Luxemburguesa</s>
    <s>Partida do Presidente da Republica para o Palacio Grao-Ducal do Luxemburgo.</s>
    <s>Audiencia do Presidente da Republica ao Presidente da Camara dos Deputados, Senhor Lucien Weiler</s>
    <s>Audiencia do Presidente da Republica ao Primeiro-Ministro e Ministro de Estado do Luxemburgo, Senhor Jean-Claude Juncker</s>
    <s>Almoço privado em honra do Presidente da Republica e Senhora de Jorge Sampaio oferecido por Suas Altezas Reais o Grao-Duque e a Gra-Duquesa do Luxemburgo, no Palacio Grao-Ducal</s>
    <s>Audiencia do Presidente da Republica ao representante dos Sindicatos de Professores da FENPROF no estrangeiro</s>
    <s>Partida, a pe, do Presidente da Republica, Senhora de Jorge Sampaio, Suas Altezas Reais o Grao-Duque e a Gra Duquesa do Luxemburgo para o Cercle Municipal</s>
    <s>Chegada ao Cercle Municipal</s>
    <s>- Discurso de boas-vindas pelo Presidente da Camara Municipal da Cidade de Luxemburgo, Senhor Paul Helminger;</s>
    <s>- Discurso do Presidente da Republica</s>
    <s>Partida, a pe, do Presidente da Republica, Senhora de Jorge Sampaio, Suas Altezas Reais o Grao-Duque e a Gra Duquesa do Luxemburgo para o Palacio Grao-Ducal, passando pela Place Guillaume</s>
    <s>Partida do Presidente da Republica e de Sua Alteza Real o Grao-Duque do Luxemburgo para a Camara de Comercio</s>
    <s>Chegada a Camara de Comercio</s>
    <s>Abertura do Seminario Economico</s>
    <s>Intervençao do Presidente da Republica</s>
    <s>Intervençao de Sua Alteza Real o Grao-Duque</s>
    <s>Partida do Presidente da Republica e Sua Alteza Real o Grao-Duque para o Palacio Grao-Ducal</s>
    <s>Chegada ao Palacio</s>
    <s>Encontro do Presidente da Republica com os orgaos de comunicaçao social portugueses no Luxemburgo</s>
    <s>Partida dos convidados para o Banquete do Hotel le Royal para o Palacio Grao-Ducal</s>
    <s>Fotografia oficial no hall do primeiro andar do Palacio Grao-Ducal</s>
    <s>Banquete em honra do Presidente da Republica e Senhora de Jorge Sampaio oferecido por Suas Altezas Reais o Grao-Duque e a Gra-Duquesa do Luxemburgo</s>
    <s>AGENDA 2004-09-29</s>
    <s>HORA ÍNICIO</s>
    <s>Visita de Estado ao Grao-Ducado do Luxemburgo</s>
    <s>(27 a 30 de Setembro de 2004)</s>
    <s>Partida do Presidente da Republica, Senhora de Jorge Sampaio, Suas Altezas Reais o Grao-Duque e a Gra Duquesa do Luxemburgo para Betzdorf</s>
    <s>Visita a Societe Europeenne des Satelites SES GLOBAL</s>
    <s>- Apresentaçao da Empresa, seguida de visita guiada as instalaçoes</s>
    <s>- Troca de presentes</s>
    <s>- Assinatura do Livro de Honra</s>
    <s>- Encontro com a Imprensa</s>
    <s>Partida do Presidente da Republica, Senhora de Jorge Sampaio e de Suas Altezas Reais o Grao-Duque e a Gra Duquesa do Luxemburgo para Remich</s>
    <s>- Breve paragem nas vinhas do Instituto Vitivinicola</s>
    <s>Chegada do Presidente da Republica, Senhora de Jorge Sampaio e Delegaçao ao cais e embarque no Princesse Marie-Astrid</s>
    <s>- Partida do barco Princesse Marie Astrid para Grevenmacher</s>
    <s>Almoço em honra do Presidente da Republica e Senhora de Jorge Sampaio oferecido pelo Governo do Luxemburgo</s>
    <s>- No inicio do almoço: Discurso do Primeiro-ministro do Luxemburgo e do Presidente da Republica</s>
    <s>Chegada e desembarque em Grevenmacher</s>
    <s>Chegada do Presidente da Republica e Senhora de Jorge Sampaio ao Palacio Grao-Ducal</s>
    <s>Conferencia de imprensa conjunta do Presidente da Republica e do Primeiro Ministro do Luxemburgo, no Palacio Grao-Ducal</s>
    <s>Fim da conferencia de imprensa</s>
    <s>Partida do Presidente da Republica e Senhora de Jorge Sampaio do Palacio Grao-Ducal para o Centro Cultural Abbaye Neum</s>
    <s>Chegada de Suas Altezas Reais o Grao-Duque e a Gra-Duquesa do Luxemburgo ao Centro Cultural Abbaye Neum</s>
    <s>Concerto de Fado por Mafalda Arnauth Encantamento ao Vivo</s>
    <s>Recepçao em honra de Suas Altezas Reais o Grao-Duque e a Gra-Duquesa do Luxemburgo, oferecida pelo Presidente da Republica e Senhora de Jorge Sampaio</s>
    <s>AGENDA 2004-09-30</s>
    <s>HORA ÍNICIO</s>
    <s>Visita de Estado ao Grao-Ducado do Luxemburgo</s>
    <s>(27 a 30 de Setembro de 2004)</s>
    <s>Partida do Presidente da Republica e de Sua Alteza Real o Grao-Duque do Luxemburgo para a Profilarbed, em Differdange</s>
    <s>Chegada a ProfilArbed, em Differdange</s>
    <s>- Apresentaçao e visita a Fabrica</s>
    <s>Fim da visita</s>
    <s>Partida para a cidade de Esch-sur-Alzette</s>
    <s>Chegada do Presidente da Republica e de Sua Alteza Real o Grao-Duque do Luxemburgo a Camara de Esch-sur-Alzette</s>
    <s>Passeio a pe ate a Place du Brill (caso o tempo o permita)</s>
    <s>Chegada a École du Brill</s>
    <s>Visita as turmas pre-escolares e do ensino primario</s>
    <s>À saida: Apresentaçao do Grupo Folclorico RF Provincias de Portugal</s>
    <s>Partida para o Teatro Municipal</s>
    <s>Recepçao no atrio do Teatro Municipal:</s>
    <s>- Alocuçao da Presidente da Camara e do Presidente da Republica</s>
    <s>Chegada do Presidente da Republica, Senhora de Jorge Sampaio e de Suas Altezas Reais o Grao-Duque e a Gra Duquesa do Luxemburgo ao Grupo Arcelor</s>
    <s>Almoço oferecido pelo Presidente do Grupo Arcelor</s>
    <s>Fim do almoço</s>
    <s>- Regresso ao Palacio Grao Ducal</s>
    <s>Partida, a pe, do Presidente da Republica, Senhora de Jorge Sampaio e de Suas Altezas Reais o Grao-Duque e a Gra Duquesa do Luxemburgo, do Palacio para o Museu de Historia da Cidade do Luxemburgo, efectuando trajecto pelo Chemin de la Corniche</s>
    <s>Visita ao Museu</s>
    <s>Regresso ao Palacio Grao Ducal</s>
    <s>Inicio da Festa de Amizade Luso-luxemburguesa, na Place Guillaume</s>
    <s>Partida, a pe, do Presidente da Republica, Senhora de Jorge Sampaio e de Suas Altezas Reais o Grao-Duque e a Gra Duquesa do Luxemburgo para a Place Guillaume</s>
    <s>Palavras de boas vindas pela parte luxemburguesa</s>
    <s>Palavras de agradecimento e saudaçao pelo Presidente da Republica</s>
    <s>Regresso ao Palacio Grao-Ducal</s>
    <s>Partida do Presidente da Republica, Senhora de Jorge Sampaio e de Suas Altezas Reais o Grao-Duque e a Gra Duquesa do Luxemburgo do Palacio Grao-Ducal para o aeroporto.</s>
    <s>Chegada ao aeroporto</s>
    <s>Partida do Presidente da Republica, Senhora de Jorge Sampaio e Comitiva com destino a Lisboa</s>
    <s>Chegada a Lisboa (hora local)</s>
    <s>[mes anterior</s>
    <s>mes seguinte ]</s>
  </text>
</page>
