<?xml version="1.0" encoding="UTF-8"?>
<!DOCTYPE page SYSTEM "page.dtd">
<page>
  <lang>pt</lang>
  <url>http://dnamusica.net/dna/content/view/42/1/</url>
  <title>Rádio Dnamusica...a rádio dos melhores ouvintes!! - Dia do Autor ...</title>
  <snippet>
    <s>6 maio 2009 Dia do Autor Português/Dia Internacional da Biodiversidade em Maio deste ano , na Conferência das Partes da Convenção para a Diversidade Biológica.&quot; in http: //portal.icnb.pt &middot; &lt; Artigo anterior &middot; Artigo seguinte &gt; </s>
  </snippet>
  <text>
    <s>DNAmusica, a Ro dos melhores ouvintes!</s>
    <s>DNAmusica, a Ro dos melhores ouvintes!</s>
    <s>Menu principal</s>
    <s>Galeria de fotos</s>
    <s>Noticias dnamusica</s>
    <s>Livro visitas</s>
    <s>Noticias (Rss)</s>
    <s>Recomende este site</s>
    <s>timos posts no f</s>
    <s>• Re:Apresenta</s>
    <s>Tim 09-01-11 11:13</s>
    <s>• Re:Apresenta</s>
    <s>Dgc 01-12-10 20:08</s>
    <s>• Re:Apresenta</s>
    <s>Tim 23-11-10 17:17</s>
    <s>• Apresenta</s>
    <s>Dgc 23-11-10 01:29</s>
    <s>• O FaceBook</s>
    <s>Tim 13-08-10 09:36</s>
    <s>• Re:Eu sou a Diana</s>
    <s>Tim 16-07-10 16:23</s>
    <s>• Re:Eu sou a Diana</s>
    <s>venezuela 22-06-10 23:36</s>
    <s>DNAmusica no mundo</s>
    <s>Please do not change this code for a perfect fonctionality of your counter</s>
    <s>cria sitio</s>
    <s>Versdo site 2.0</s>
    <s>Actualizado em 06/05/2009</s>
    <s>E-mail ao Webmaster</s>
    <s>Dia do Autor PortuguDia Internacional da Biodiversidade</s>
    <s>Ha quanto tempo nao le um livro?</s>
    <s>&quot;1982 - Por iniciativa do maestro Nobrega e Sousa, membro da direcçao, a SPA decide consagrar anualmente o dia 22 de Maio como &quot;Dia do Autor Portugues&quot;, celebrando a data com a leitura e divulgaçao da &quot;Mensagem do Dia do Autor&quot;, subscrita por personalidades destacadas da cultura portuguesa, com manifestaçoes culturais de autores de todas as areas da criaçao e com a atribuiçao de premios a autores socios da cooperativa.&quot; in http://www.spautores.pt/</s>
    <s>No dia 22 de Maio de 2008, comemora-se o Dia Internacional da Biodiversidade, dedicado este ano ao tema &quot;Biodiversidade e Agricultura&quot;.</s>
    <s>&quot;A escolha desta tematica reflecte a importancia da conservaçao e do uso da diversidade biologica para a segurança alimentar, nutriçao e bem-estar humano e a importancia da biodiversidade para a agricultura e vice-versa. O tema foi escolhido para coincidir com a revisao do trabalho em biodiversidade na agricultura, a ser feito, em Maio deste ano, na Conferencia das Partes da Convençao para a Diversidade Biologica.&quot; in http://portal.icnb.pt</s>
    <s>&lt; Artigo anterior</s>
    <s>Artigo seguinte &gt;</s>
    <s>[ Voltar ]</s>
    <s>Login Utilizador</s>
    <s>Nome de Utilizador</s>
    <s>Esqueceu a senha?</s>
    <s>Sem conta? Criar Conta!</s>
    <s>Contador visitas</s>
    <s>!mod vvisit counter!mod vvisit counter!mod vvisit counter!mod vvisit counter!mod vvisit counter!mod vvisit counter!mod vvisit counter</s>
    <s>!mod vvisit counter</s>
    <s>!mod vvisit counter</s>
    <s>!mod vvisit counter</s>
    <s>!mod vvisit counter</s>
    <s>!mod vvisit counter</s>
    <s>Dnamusica stats</s>
    <s>hardlisbon 1959-10-17offline !</s>
    <s>Ovski 1991-10-17offline !</s>
    <s>em 2 dias**</s>
    <s>A Miguel 1974-10-18offline !</s>
    <s>Nenhum utilizador em linha</s>
    <s>April, 2010</s>
    <s>March, 2010</s>
    <s>February, 2010</s>
    <s>January, 2010</s>
    <s>December, 2009</s>
    <s>Membros: 325</s>
    <s>Notas: 211</s>
    <s>Favoritos web: 37</s>
    <s>Ro Dnamusica a ro dos melhores ouvintes!!, Site optimizado para Firefox na resolu 1024x768 px</s>
  </text>
</page>
