<?xml version="1.0" encoding="UTF-8"?>
<!DOCTYPE page SYSTEM "page.dtd">
<page>
  <lang>pt</lang>
  <url>http://radiocamboriu.com.br/%3Fp%3D996</url>
  <title>Balneário Camboriú sedia nesta quarta-feira a Primeira Conferência ...</title>
  <snippet>
    <s>Nesta quarta-feira (14) acontece a 1ª Conferência Regional de Lésbicas, Participam da organização do evento a ONG Imagine – Inovações em Tecnologia Social, 17h45 às 18h30 – Plenária para apresentação dos grupos temáticos </s>
  </snippet>
  <text>
    <s>Peça sua Música</s>
    <s>RSS Feed</s>
    <s>Balneário Camboriú sedia nesta quarta-feira a Primeira Conferência Regional LGBT</s>
    <s>!Nesta quarta-feira (14) acontece a 1ª Conferência Regional de Lésbicas, Gays, Bissexuais, Travestis e Transexuais (LGBT) – 17ª SDR, a partir das 13h, na Câmara de Vereadores , Avenida das Flores, n° 675, Bairro dos Estados.</s>
    <s>O tema da conferência será “Por um país livre da pobreza e da discriminação: promovendo a cidadania dos LGBT”. O evento oportunizará o encontro entre sociedade civil e a esfera pública, garantindo o protagonismo de tais grupos e movimentos com histórico de fragilidade e violação de direitos. A realização da conferência visa promover a construção, implementação e avaliação das políticas públicas voltadas para a população LGBT.</s>
    <s>Entre as propostas a serem apresentadas estão a criação de conselhos, planos municipais de políticas públicas e uma representação direta na administração dos municípios da região. No dia serão escolhidos os delegados para a Conferência Estadual GLBT.</s>
    <s>Participam da organização do evento a ONG Imagine – Inovações em Tecnologia Social, Secretaria de Desenvolvimento e Inclusão Social, Câmara de Vereadores de Balneário Camboriú, 17 ª SDR (Itajaí), AMFRI e INBC Tour Receptivo GLS.</s>
    <s>Confira o cronograma:</s>
    <s>13h às 14h - Credenciamento</s>
    <s>13h30 às 14h - Solenidade de Abertura</s>
    <s>14h às 14h15 - Leitura e aprovação do regimento</s>
    <s>14h15 às 14h45 - Palestra: Políticas Públicas e Plano Nacional LGBT – Análise do contexto regional e diagnóstico das políticas públicas para a população LGBT, com estratégias para a implementação.</s>
    <s>Palestrante: Tony Reis (ABGLT). Coordenador de Mesa: Andrea Wolff (Imagine)</s>
    <s>14h45 às 16h - Mesa Redonda 2 – Mercado de trabalho, Turismo, Comunicação e Mídia.</s>
    <s>Palestrantes: Olga Ferreira (COMTUR - Conselho de Turismo de Balneário Camboriú e Sindicato dos Empregados em Hotéis e Similares – Sechobar),Karina Peters (Sindisol – Sindicato de Hotéis, Restaurantes, Bares e Similares de Balneário Camboriú e Região), Almir Nascimento (ABRAT GLS – Associação Brasileira de Turismo para Gays, Lésbicas e Simpatizantes) e Itaerci Dalagnol (Revista e Site Vibemix).</s>
    <s>16h às 16h15 - Debate / Mesa Redonda</s>
    <s>16h15 às 16h30 - Coffee Break</s>
    <s>16h30 às 16h45 - “Orientações” Subsídios Técnicos para os Trabalhos dos Grupos Temáticos (GTs)</s>
    <s>16h45 às 17h45 - Grupos Temáticos</s>
    <s>GT1: Saúde, Educação, Cultura, Comunicação e Mídia</s>
    <s>GT2: Ação social, Trabalho, Previdência Social e Turismo</s>
    <s>GT3: Direitos Humanos, Justiça e Segurança</s>
    <s>17h45 às 18h30 - Plenária para apresentação dos grupos temáticos – propostas e moções</s>
    <s>18h30 às 19h - Eleição dos Delegados</s>
    <s>19h - Encerramento</s>
    <s>Apresentação cultural - Ivy Martins (cantora)</s>
    <s>Sandy Mel (dançarina)</s>
    <s>Rock Mania</s>
    <s>O Direito Nosso de Cada Dia</s>
    <s>!Começando mais uma semana na casa mais badalada do Brasil Alexandre Cazarin e Edio &amp; Gustavo apresentam-se nesta terça-feira dia 11 de outubro de 2011. Na quarta-feira dia 12 de </s>
    <s>Confira a programação semanal do Wood's Bar Balneário Camboriú, a casa mais badalada do Brasil.</s>
    <s>Começando mais uma semana na casa mais badalada do Brasil Alexandre Cazarin e Edio &amp; Gustavo apresentam-se nesta terça-feira dia 11 de outubro de 2011. Na quarta-feira dia 12 de </s>
    <s>!A quinta etapa da Preview Creamfields, série de oito festas eletrônicas que servem de aquecimento para o festival Creamfields Brasil 2012, chega em Itajaí no dia 08 de outubro, no </s>
    <s>Trentemoller faz aquecimento do Creamfields 2012 no Warung Beach Club</s>
    <s>A quinta etapa da Preview Creamfields, série de oito festas eletrônicas que servem de aquecimento para o festival Creamfields Brasil 2012, chega em Itajaí no dia 08 de outubro, no </s>
    <s>!A Fundação Cultural de Itajaí informa que os três shows suspensos durante o 14º Festival de Música de Itajaí serão remarcados. Devido à situação das cheias na região, tornou-se inviável </s>
    <s>Shows suspensos do 14º Festival de Música de Itajaí serão remarcados</s>
    <s>A Fundação Cultural de Itajaí informa que os três shows suspensos durante o 14º Festival de Música de Itajaí serão remarcados. Devido à situação das cheias na região, tornou-se inviável </s>
    <s>!No próximo sábad0 (26), Eric &amp; Matheus na Praça da Paz a partir das 22h</s>
    <s>Eric &amp; Matheus se apresentam sábado em Itapema</s>
    <s>No próximo sábad0 (26), Eric &amp; Matheus na Praça da Paz a partir das 22h</s>
    <s>!BOA SORTE PRA VOCÊ</s>
    <s>Victor e Léo</s>
    <s>BOA SORTE PRA VOCÊ</s>
    <s>Luan Santana</s>
    <s>!TÃO LINDA E TÃO LOUCA</s>
    <s>Zezé di Camargo e Luciano</s>
    <s>TÃO LINDA E TÃO LOUCA</s>
    <s>!QUE DÁ VONTADE, DÁ!</s>
    <s>Guilherme e Santiago</s>
    <s>QUE DÁ VONTADE, DÁ</s>
    <s>Bruno e Marrone</s>
    <s>!DO OUTRO LADO DO RÁDIO</s>
    <s>DO OUTRO LADO DO RÁDIO</s>
    <s>!SEM ME CONTROLAR</s>
    <s>Marcos e Belutti</s>
    <s>SEM ME CONTROLAR</s>
    <s>!FEITO TATUAGEM</s>
    <s>Eduardo Costa</s>
    <s>FEITO TATUAGEM</s>
    <s>!TÔ PASSANDO MAL</s>
    <s>Fernando e Sorocaba</s>
    <s>TÔ PASSANDO MAL</s>
    <s>2007/2011 - Visual Virtual</s>
    <s>Rádio Camboriú Ltda.</s>
    <s>Av. Alvin Bauer, 585</s>
    <s>Centro - 88330.000 Balneário Camboriú - SC</s>
    <s>Fone: 47 | 3405.1644</s>
    <s>Fones Estúdio: 47 | 3405-1612 e 47 | 3405-1614</s>
  </text>
</page>
