<?xml version="1.0" encoding="UTF-8"?>
<!DOCTYPE page SYSTEM "page.dtd">
<page>
  <lang>pt</lang>
  <url>http://nossajoinville.com.br/2011/07/01/james-ministra-palestra-em-conferencia-estadual-de-gestao-esportiva/</url>
  <title>James ministra palestra em Conferência Estadual de Gestão ...</title>
  <snippet>
    <s>1 jul. 2011 James ministra palestra em Conferência Estadual de Gestão Esportiva Inauguração do Parque da Cidade transferida para o dia 6 de </s>
  </snippet>
  <text>
    <s>Nossa Joinville</s>
    <s>Eventos da semana</s>
    <s>Festa das Flores</s>
    <s>Festival de Dança</s>
    <s>Hotéis em Joinville</s>
    <s>Arte e Cultura</s>
    <s>Esportes Olímpicos</s>
    <s>Esportes Radicais</s>
    <s>Futebol Americano</s>
    <s>Previsão do tempo</s>
    <s>Bem estar</s>
    <s>ACHEI Joinville</s>
    <s>Revista Go!Faster</s>
    <s>James ministra palestra em Conferência Estadual de Gestão Esportiva</s>
    <s>Assessoria de Imprensa da Krona Futsal</s>
    <s>Durante os 22 anos atuando como atleta de alto rendimento, James Veiga demonstrou mais do que um talento natural dentro das quatro linhas. Exemplo de liderança, disciplina e comprometimento, o atual supervisor da Krona/Joinville/Dalponte é considerado referência aos adeptos do esporte. Na última quarta-feira (29/06), James participou da Conferência Estadual de Gestão Esportiva ao ministrar a palestra abordando o seguinte tema - “Formação e Valorização Profissional: A Construção de um Atleta”. O evento seguiu até esta quinta-feira (30/06), no Complexo Esportivo da Univille, em Joinville (SC).</s>
    <s>A palestra de James durou cerca de 45 minutos. Durante os ensinamentos, o ex-jogador da Krona pôde dividir com os espectadores questões vivenciadas ao longo da carreira. Situações voltadas à parte física, técnica, tática e psicológica de um atleta de alto rendimento foram abordadas pelo eterno ídolo do futsal brasileiro.</s>
    <s>Com passagens pela Seleção Brasileira de Futsal, James citou ainda a importância da formação acadêmica para os atletas. Além disso, revelou técnicas de como os jogadores devem lidar com as vitórias e também as derrotas. Formado em Educação Física, o ex-atleta de futsal teve o acompanhamento do nadador Eduardo Fischer, que também palestrou e colaborou de forma efetiva com o tema.</s>
    <s>“Foi uma troca de informações e conhecimentos. Certamente este aprendizado será levado ao elenco da Krona/Joinville/Dalponte, que está em meio a uma competição de alto nível, como a Liga Nacional de Futsal”, afirmou James.</s>
    <s>A Conferência Estadual de Gestão Esportiva contou com a participação de atletas, gestores esportivos, empresários, jornalistas, autoridades públicas, pesquisadores e demais profissionais que atuam na área. Atual bicampeão catarinense, a equipe da Krona/Joinville/Dalponte, através do supervisor James Veiga, teve orgulho em debater assuntos relevantes ao desenvolvimento do esporte no estado de Santa Catarina.</s>
    <s>James James Veiga krona futsal</s>
    <s>Plantão de Notícias</s>
    <s>JEC busca o acesso hoje contra o Brasiliense às 17h Futebol</s>
    <s>Encontro de Stammtisch ocorrerá em Joinville no próximo sábado Festas</s>
    <s>Reiniciam as obras para pavimentação da rua de acesso ao Morro do Mirante Turismo</s>
    <s>Inauguração do Parque da Cidade transferida para o dia 6 de novembro Infra-estrutura</s>
    <s>Vai começar as quartas de final da LDF Cup na Liga e Desliga Futebol</s>
    <s>SESC Joinville recebe o 3ª Fanfarrão – Festival de Bandas e Fanfarras Arte e Cultura</s>
    <s>Concertos Matinais deste domingo (16) é na Sociedade Lírica Arte e Cultura</s>
    <s>Divulgue !</s>
    <s>Entre em contato e envie sua matéria ou release para divulgação</s>
    <s>Anuncie !</s>
    <s>Divulgue sua marca no Nossa Joinville e seja visto nas rede sociais</s>
    <s>Deserto !</s>
    <s>Edição da revista Go!Faster traz como destaque uma maratona no Atacama</s>
    <s>Encontre informações sobre qualquer estabelecimento em nosso guia</s>
    <s>iPhone !</s>
    <s>Baixe o aplicativo do Nossa Joinville na App Store, é grátis!</s>
    <s>Eventos da semana</s>
    <s>Festa das Flores</s>
    <s>Festival de Dança</s>
    <s>Arte e Cultura</s>
    <s>Esportes Olímpicos</s>
    <s>Esportes Radicais</s>
    <s>Futebol Americano</s>
    <s>Previsão do tempo</s>
    <s>Bem estar</s>
    <s>ACHEI Joinville</s>
    <s>Revista Go!Faster</s>
    <s>Sobre nós</s>
    <s>Anuncie aqui</s>
    <s>Fale conosco</s>
    <s>Política de privacidade</s>
  </text>
</page>
