<?xml version="1.0" encoding="UTF-8"?>
<!DOCTYPE page SYSTEM "page.dtd">
<page>
  <lang>pt</lang>
  <url>http://papers.consegi.gov.br/pub/programacao/489</url>
  <title>Embaixador Espanhol D. - Consegi-2011 - CONSEGI 2011</title>
  <snippet>
    <s>De 1997 a 2002 foi secretária de Administração e Modernização PAC e desde abril de 2010 tornou-se coordenadora geral do PAC até ser nomeada em 1º de participando de conferências e encontros em diversos países, onde debateu </s>
  </snippet>
  <text>
    <s>ABERTURA - Embaixador Espanhol D. Carlos Alonso Zaldr</s>
    <s>Min Miriam Belchior</s>
    <s>Dep Marco Maia</s>
    <s>Emb. Benedicto Fonseca Filho</s>
    <s>Geraldo Afonso Dezena</s>
    <s>Janice Fagundes Brutto</s>
    <s>Joaquim Lima de Oliveira</s>
    <s>Luiz Eduardo Barretto</s>
    <s>Marcos Mazoni</s>
    <s>Mauro Bogea</s>
    <s>Min Jorge Hage</s>
    <s>Min Olinto Da Silva Daio</s>
    <s>Rogo Santanna</s>
    <s>Coordena de mesa</s>
    <s>Organiza do Evento</s>
    <s>11/05/2011, 09:00/10:00, Audit Alan Turing</s>
    <s>Publico Alvo</s>
    <s>Min Miriam Belchior</s>
    <s>A ministra do Planejamento, Orento e Gest Miriam Belchior tem mestrado em Administra Pa e Governo pela Funda GetVargas - SPaulo. De 1997 a 2002 foi secreta de Administra e Moderniza Administrativa e posteriormente secreta de InclusSocial e Habita da Prefeitura Municipal de Santo AndrManteve a atividade acadca e foi professora da Universidade de SMarcos de 1999 a 2002 e da Funda de Pesquisa e Desenvolvimento de Administra, Contabilidade e Economia, de 2001 a 2008. Integrou a equipe de transi do Governo Lula e foi assessora especial do Presidente da Repa, de janeiro de 2003 a junho de 2004, quando assumiu a Subchefia de Articula e Monitoramento da Casa Civil da Presidia da Repa, responsl por articular a a de governo e monitorar os projetos estratcos, ocupando a Secretaria Executiva do Programa de Acelera do Crescimento - PAC e desde abril de 2010 tornou-se coordenadora geral do PAC ater nomeada em 1 de janeiro de 2011, pela presidenta Dilma Roussef, para o cargo de ministra de Estado do Planejamento, Orento e Gest</s>
    <s>Dep Marco Maia</s>
    <s>Marco Auro Spall Maia nasceu em 27 de dezembro de 1965. Natural de Canoas/RS, foi reeleito para o seu terceiro mandato parlamentar (2011-2015). Iniciou sua carreira polca no movimento sindical. Em 1984, elegeu-se dirigente do Sindicato dos Metalos de Canoas. Durante o pero que atuou no sindicalismo, Marco Maia adquiriu experiia internacional, participando de conferias e encontros em diversos pas, onde debateu questrelativas relas de trabalho e outras questsociais. Em 2001, Marco Maia assumiu a Secretaria de Administra e Recursos Humanos do Governo do Estado do Rio Grande do Sul. Ampliou sua experiia administrativa, ao ser convidado, em 2003, para presidir a Empresa de Trens Urbanos de Porto Alegre S.A. (Trensurb). frente da empresa, sua gestassegurou mais de 95% de aprova em rela ualidade dos servi oferecidos aos usuos. Foi, ainda, diretor da Regional Sul da Associa Nacional dos Transportes Pos (ANTP). Marco Maia iliado ao Partido dos Trabalhadores/RS desde 1985. Assumiu seu primeiro mandato em 2005, reelegendo-se em 2006. Nas eleis de 2010, conquistou seu terceiro mandato ao obter 122.134 votos, colocando-o entre os dez deputados federais mais votados pelos ga. Na Cra dos Deputados, Marco Maia foi Vice-Presidente da Comissde Trabalho, de Administra e ServiPo e membro da Comissde Via e Transportes, Relator da CPI do Trgo Ao, Vice-Lr da Bancada do PT, Coordenador da Bancada Gano Congresso Nacional e Coordenador da ComissExterna da Estiagem no RS. Em 2009, foi eleito Vice-Presidente da Cra, pero no qual se destacou como um hl articulador polco com trito entre os diversos partidos. Nas oportunidades em que assumiu a Presidia da Cra, conduziu debates e votas de relevia nacional. Gra ua atua parlamentar, em 2010, pelo quarto ano consecutivo, Marco Maia foi reconhecido como um dos 100 Cabe do Congresso Nacional pelo Departamento Intersindical de Apoio Parlamentar (DIAP).</s>
    <s>Emb. Benedicto Fonseca Filho</s>
    <s>Currlo nfornecido.</s>
    <s>(se voc Emb. Benedicto Fonseca Filho, utilize o canto dos palestrantes para informar o seu currlo.</s>
    <s>Geraldo Afonso Dezena</s>
    <s>Geraldo Afonso Dezena da Silva, 54 anos, foi funciono de carreira do BB por 32 anos, atualmente Vice-Presidente de Tecnologia. Ocupou o cargo de diretor de Finan e Administra da Aliando Brasil. No BB, foi diretor de Varejo e de Distribui e de Canais Varejo, superintendente nos estados da Bahia e Para, superintendente regional e gerente de agia no interior de SPaulo. Geraldo Dezena raduado em Direito. Possui Especializa em Administra Financeira (finan para geria e desenvolvimento de negs), pela Funda GetVargas , alde MBA Forma Geral para Altos Executivos, pela USP, e MBA Lato Sensu em Agronegs, pela Esalq/USP.</s>
    <s>Janice Fagundes Brutto</s>
    <s>Currlo nfornecido.</s>
    <s>(se voc Janice Fagundes Brutto, utilize o canto dos palestrantes para informar o seu currlo.</s>
    <s>Joaquim Lima de Oliveira</s>
    <s>Currlo nfornecido.</s>
    <s>(se voc Joaquim Lima de Oliveira, utilize o canto dos palestrantes para informar o seu currlo.</s>
    <s>Luiz Eduardo Barretto</s>
    <s>Currlo nfornecido.</s>
    <s>(se voc Luiz Eduardo Barretto, utilize o canto dos palestrantes para informar o seu currlo.</s>
    <s>Marcos Mazoni</s>
    <s>Marcos Vinus Ferreira Mazoni atual diretor-presidente do Serpro, Presidente do Comite Implementa de Software Livre e um dos pioneiros a levantar a bandeira do SL do Brasil.</s>
    <s>Mauro Bogea</s>
    <s>Diretor Geral do ESAF (Escola de Administra Fazenda)</s>
    <s>Min Jorge Hage</s>
    <s>Jorge Hage Sobrinho, Ministro de Estado Chefe da Controladoria-Geral da Unidesde junho de 2006, nasceu na Bahia em 1938. Bacharelou-se em Direito pela Universidade Federal da Bahia (UFBA) em 1960 e estre em Administra Pa pela University of Southern California Los Angeles (1963) e em Direito Po pela Universidade de Brasa UnB (1998).</s>
    <s>Min Olinto Da Silva Daio</s>
    <s>Ministro da Educa, Cultura e Forma de STom Pripe (2010 ) Presidente do Conselho de Administra do Instituto de Inova e Conhecimento, STom Pripe (2008-2010) Secreto Geral do Governo da Repa Democrca de STom Pripe (2006-2008)</s>
    <s>Rogo Santanna</s>
    <s>Foi Secreto de Logica e Tecnologia da Informa do Ministo do Planejamento e atualmente presidente da Telebr</s>
  </text>
</page>
