<?xml version="1.0" encoding="UTF-8"?>
<!DOCTYPE page SYSTEM "page.dtd">
<page>
  <lang>pt</lang>
  <url>http://sbta.qgdosconcursos.com/ocs/ocs-2.3.3-1/index.php/sitraer/xsitraer/schedConf/schedule</url>
  <title>Agenda da Conferência - QG dos Concursos</title>
  <snippet>
    <s>Sistema Eletrônico de Administração de Conferências. Notificações Este é o salão nobre do Parque Metalúrgico - Centro de Artes e Convenções da UFOP. </s>
  </snippet>
  <text>
    <s>!Logo do cabeçalho da página X Sitraer - 23 a 26 de novembro, Ouro Preto-MG</s>
    <s>Lembrar de mim</s>
    <s>Sistema Eletrônico de Administração de Conferências</s>
    <s>Assinar / Cancelar assinatura de notificações</s>
    <s>Conteúdo da Conferência Pesquisa</s>
    <s>Todos Autor Título Resumo Termos indexados Texto Completo</s>
    <s>Informações sobre a Conferência</s>
    <s>» Visão Geral</s>
    <s>» Políticas das Modalidades</s>
    <s>» Apresentações</s>
    <s>» Agenda da Conferência</s>
    <s>» Inscrição</s>
    <s>» Organização e Parceiros</s>
    <s>Por Conferência</s>
    <s>Por Autor</s>
    <s>Por título</s>
    <s>Tamanho da fonte</s>
    <s>Para leitores</s>
    <s>Para Autores</s>
    <s>Conferências atuais</s>
    <s>Capa &gt; SITRAER - Simpósio de Pesquisa em Transporte Aéreo &gt; X Sitraer - 2011 &gt; Agenda</s>
    <s>Local da conferência</s>
    <s>Centro de Artes e Convenções da Universidade Federal de Ouro Preto</s>
    <s>Motivos para a escolha do antigo predio do Parque Metalurgico nao faltaram. A localizaçao e privilegiada, junto ao complexo integrado a Estaçao Ferroviaria, a Igreja do Pilar, a reitoria da UFOP e a futura Praça da Universidade, em local proximo ao centro da cidade. Alem disso, a reinterpretaçao de edificios historicos para uma nova utilizaçao tem gerado belissimos resultados no mundo inteiro e no Brasil, preservando as construçoes e transformando-as em importantes espaços de integraçao economica, artistica e cultural.</s>
    <s>Teatro Ouro Preto</s>
    <s>Este e o salao nobre do Parque Metalurgico - Centro de Artes e Convençoes da UFOP. Com moderno sistema de ventilaçao e ar-condicionado, espaço para 510 pessoas na plateia,4 salas de traduçao simultanea, cabine de som e luz e dois completos camarins.</s>
    <s>O teatro ainda disponibiliza mesas diretivas, cadeiras e parlatorio para composiçao das mais variadas cerimonias.</s>
    <s>Espaço Congonhas</s>
    <s>Conhecido tambem como saguao principal, da acesso ao Salao Diamantina - Setor de Feiras e atraves de portas automaticas e rampa ao Museu de Siderurgia, a Praça de Eventos e ao Salao Mariana.</s>
    <s>Salão Diamantina</s>
    <s>Setor de Feiras Petrobras</s>
    <s>Possui piso marmorizado polido, pontos de energia, ar comprimido, agua, telefone, transmissao de dados e galeria subterranea para manutençao.</s>
    <s>Tem ventilaçao mecanica na area de feiras, telhado envidraçado para melhor claridade e acesso para dependencias de apoio para a montagem das feiras - depositos, oficina, vestiario e copa.x</s>
    <s>Salão Tiradentes</s>
    <s>Neste espaço estao localizadas 6 salas multiuso, cada uma com 50 cadeiras, 1 mesa diretiva com cadeira. Todas possuem sistema de ventilaçao e ar-condicionado, tomadas nas paredes e no chao, e conexoes telefonicas.</s>
    <s>Essas salas contam com paredes modulaveis, o que possibilita a montagem de ambientes de acordo com sua necessidade, podendo-se transformar as 6 salas em um amplo saguao, ou ainda em 2 amplas salas, uma com capacidade para 200 pessoas e outra para 100 pessoas.</s>
    <s>Salão São João Del Rei</s>
    <s>Localizados no Salao Sao Joao Del Rei, encontramos 2 auditorios com praticaveis, mesas diretivas e cadeiras, e 150 poltronas fixas com prancheta e porta objetos.</s>
    <s>Estes auditorios sao divididos por paredes modulaveis, o que torna possivel a construçao de um auditorio com capacidade para 300 pessoas confortavelmente sentadas.</s>
    <s>Teatro Municipal - Casa da Opera de Ouro Preto</s>
    <s>Agenda da Conferência</s>
    <s>06:30 - 07:30</s>
    <s>Transportes desde o tempo do império: Evandro Carlos Guilhon de Castro falara sobre sua dissertaçao de mestrado, onde conta a historia dos primordios do transporte no Brasil</s>
    <s>06:30 - 07:30</s>
    <s>Estrada Real: de Paraty a Ouro Preto em uma bicicleta: Demetrius Zuidema trabalha na Boeing e vive voando, mas de vez em quando faz uns trajetos diferentes .</s>
    <s>07:00 - 10:00</s>
    <s>Show de música: Show de musica com artistas da aviaçao</s>
    <s>07:30 - 08:30</s>
    <s>Concerto na Casa da Opera: Concerto de musica no Casa da Opera, o mais antigo das Americas.</s>
    <s>09:00 - 12:00</s>
    <s>Rafael Tsuji Matsuyama, Paulo Sérgio Cugnasca, ANÁLISE DO IMPACTO DA VARIAÇÃO DOS NÍVEIS DE PRECISÃO DE POSICIONAMENTO DE AERONAVES EM PROCEDIMENTOS DE POUSO EM PISTAS PARALELAS</s>
    <s>Este trabalho está licenciado sob uma Licença Creative Commons Attribution 3.0 .</s>
    <s>www.sbta.org.br www.ufop.br</s>
  </text>
</page>
