<?xml version="1.0" encoding="UTF-8"?>
<!DOCTYPE page SYSTEM "page.dtd">
<page>
  <lang>pt</lang>
  <url>http://twitter.com/evento_facomb</url>
  <title>FacomB UFG (evento_facomb) on Twitter</title>
  <snippet>
    <s>Quer saber mais sobre nosso convidado do Canadá? Hoje tem Conferência de abertura com Derrick Kerckhove, da Universidade de Toronto/Canadá, @ ufg_oficial Palestrantes internacionais, nacionais e regionais em Comunicação. @ufg_oficial CHAMADA DE TRABALHOS p/ V FEICOM, II Seminário de Mídia e </s>
  </snippet>
  <text>
    <s>Pular para a navegação</s>
    <s>No seu celular? Confira. m.twitter.com!</s>
    <s>Pular para navegação</s>
    <s>Pular para o formulário de inscrição</s>
    <s>Você possui uma conta?Entrar</s>
    <s>Nome de usuário ou e-mail</s>
    <s>Esqueceu sua senha?</s>
    <s>Esqueceu seu nome de usuário?</s>
    <s>Você já está usando o Twitter no seu celular?</s>
    <s>Receba mensagens curtas e rápidas de FacomB UFG.</s>
    <s>Twitter é uma fonte rica de informações atualizadas instantaneamente. É fácil manter-se atualizado numa incrível variedade de temas. Inscreva-se hoje e siga @evento facomb.</s>
    <s>Receba atualizações por SMS, envie a mensagem de texto sigaevento facomb para o seu código local.</s>
    <s>Códigos para outros países</s>
    <s>Nos dois sentidos (enviando e recebendo) códigos curtos.</s>
    <s>País Código Para os clientes de</s>
    <s>0198089488 Telstra</s>
    <s>21212 (any)</s>
    <s>86444 Vodafone, Orange, 3, O2</s>
    <s>89887 AXIS, 3, Telkomsel</s>
    <s>51210 O2</s>
    <s>53000 Bharti Airtel, Videocon</s>
    <s>90903 Zain</s>
    <s>Nova Zelândia</s>
    <s>8987 Vodafone, Telecom NZ</s>
    <s>Estados Unidos</s>
    <s>40404 (any)</s>
    <s>!Default profile 3 bigger</s>
    <s>evento facomb</s>
    <s>1. Quer saber mais sobre nosso convidado do Canadá? Clique aqui: http://www.facomb.ufg.br/?noticia=1289156979&amp;amp;site id=73 3:58 AM Nov 8th, 2010 via web</s>
    <s>2. O meio continua sendo a mensagem? Descubra hoje com o Professor Derrick Kerckhove, diretor do McLuhan Program in Culture and Technology. 3:56 AM Nov 8th, 2010 via web</s>
    <s>3. Hoje tem Conferência de abertura com Derrick Kerckhove, da Universidade de Toronto/Canadá, 19h no auditório da Fac. de Medicina. Gratuito 3:55 AM Nov 8th, 2010 via web</s>
    <s>4. paivamariana Derrick Kerckhove - Univ. de Toronto/Canadá, diretor do McLuhan Program in Culture and Technology. Dia 8, às 19h, na Fac. de Medicina. 8:03 AM Nov 6th, 2010 via web Retweeted by evento facomb and 1 other</s>
    <s>5. Novidade na rede: http://seminariomidiaecultura.blogspot.com/ Clique e saiba mais sobre a programação do II Seminário de Mídia e Cultura. 5:13 AM Nov 4th, 2010 via web</s>
    <s>6. Inscrições abertas para bolsistas: www.facomb.ufg.br. O evento começa na semana que vem, twitters. 7:50 AM Nov 3rd, 2010 via web</s>
    <s>7. @ufg oficial Palestrantes internacionais, nacionais e regionais em Comunicação. Confira os convidados para o evento: www.facomb.ufg.br 6:59 AM Oct 20th, 2010 via web</s>
    <s>8. @encontrospp Palestrantes internacionais, nacionais e regionais em Comunicação. Confira os convidados para o evento: www.facomb.ufg.br 6:58 AM Oct 20th, 2010 via web</s>
    <s>9. @observatorio Palestrantes internacionais, nacionais e regionais em Comunicação. Confira os convidados para o evento: www.facomb.ufg.br 6:58 AM Oct 20th, 2010 via web</s>
    <s>10. @perroloco4 Palestrantes internacionais, nacionais e regionais em Comunicação. Confira os convidados para o evento: www.facomb.ufg.br 6:57 AM Oct 20th, 2010 via web</s>
    <s>11. @XII FICA Palestrantes internacionais, nacionais e regionais em Comunicação. Confira quem são os convidados para o evento: www.facomb.ufg.br 6:57 AM Oct 20th, 2010 via web</s>
    <s>12. Palestrantes internacionais, nacionais e regionais. Confira quem são os convidados para o evento: www.facomb.ufg.br 6:53 AM Oct 20th, 2010 via web</s>
    <s>13. Atenção, o prazo para inscrição de trabalhos vai até o dia 29/10. V FEICOM, IV Seminário Cidadania e II Seminário Cultura. www.facomb.ufg.br 6:51 AM Oct 20th, 2010 via web</s>
    <s>14. E a UFG contando a história dos 50 anos quem viu? Clique e faça parte www.ufg.br/50anos ufg50anos 6:22 PM Oct 6th, 2010 via web</s>
    <s>15. O número da conta foi corrigido, comunicadores. Podem depositar sem stress :) 6:18 PM Oct 6th, 2010 via web</s>
    <s>16. Novidades na submissão de trabalhos: http://www.facomb.ufg.br/ 6:17 PM Oct 6th, 2010 via web</s>
    <s>17. A chamada de trabalhos continua. V FEICOM, II Seminário de Mídia e Cultura e IV Seminário de Mídia e Cdadania www.facomb.ufg.br 5:23 AM Oct 4th, 2010 via web</s>
    <s>18. @ufg oficial CHAMADA DE TRABALHOS p/ V FEICOM, II Seminário de Mídia e Cultura e IV Seminário de Mídia e Cidadania. http://www.facomb.ufg.br 12:19 PM Sep 30th, 2010 via web em resposta a ufg oficial</s>
    <s>19. Entre e se inscreva. http://www.facomb.ufg.br/?noticia=1285551343&amp;amp;site id=73 12:10 PM Sep 30th, 2010 via web</s>
    <s>20. A partir de agora comunicação ON para saber todas as novidades da FacomB-UFG. Canal aberto, tuiteiros 12:03 PM Sep 30th, 2010 via web</s>
    <s>Nome FacomB UFG</s>
    <s>152 Seguindo</s>
    <s>49 Seguindo</s>
    <s>1 Listado</s>
    <s>View all…</s>
    <s>Feed RSS dos tweets de evento facomb RSS feed of evento facomb's favorites</s>
    <s>(C) 2011 Twitter</s>
    <s>Quem Somos</s>
  </text>
</page>
