<?xml version="1.0" encoding="UTF-8"?>
<!DOCTYPE page SYSTEM "page.dtd">
<page>
  <lang>pt</lang>
  <url>http://gitsufba.net/tag/chamada-de-trabalhos/</url>
  <title>chamada de trabalhos | GITS/UFBA</title>
  <snippet>
    <s>11 jun. 2011 Posted in Agenda | Tagged chamada de trabalhos, conferência, mídias sociais A chamada de trabalhos do Simpósio em Tecnologias Digitais e </s>
  </snippet>
  <text>
    <s>Grupo de Pesquisa em Interações, Tecnologias Digitais e Sociedade</s>
    <s>Skip to content</s>
    <s>Pesquisadores e Projetos</s>
    <s>Produção Bibliográfica</s>
    <s>Tag Archives: chamada de trabalhos</s>
    <s>Chamada de Trabalhos para o ICWSM 2012</s>
    <s>Posted on September 28, 2011 by Claudia Galante</s>
    <s>A Conferência Internacional da AAAI sobre Weblogs e Mídia Social (ICWSM) é um fórum único que conecta pesquisadores das disciplinas de Ciência da Computação, Língüística, Comunicação e Ciências Sociais. O objetivo geral da ICWSM é aprofundar a compreensão da mídia … Continue reading -&gt;</s>
    <s>Posted in Agenda | Tagged chamada de trabalhos, conferência, mídias sociais | Leave a comment</s>
    <s>Dia 29 de agosto se encerra a chamada do SIMSOCIAL</s>
    <s>Posted on August 28, 2011 by Mônica Paz</s>
    <s>Faltam apenas dois dias para o encerramento das submissões de artigos para o evento acadêmico promovido pelo GITS/UFBA. A chamada de trabalhos do Simpósio em Tecnologias Digitais e Sociabilidade – SIMSOCIAL se encerra nesta segunda-feira, 29 de agosto. O SIMSOCIAL … Continue reading -&gt;</s>
    <s>Posted in Notícias | Tagged chamada, chamada de trabalhos, cibercultura, evento, SIMSOCIAL, SIMSOCIAL2011, UFBA | Leave a comment</s>
    <s>SIMSOCIAL: chamada de trabalhos encerra em 29 de agosto</s>
    <s>Posted on August 18, 2011 by Mônica Paz</s>
    <s>A chamada de trabalhos do Simpósio em Tecnologias Digitais e Sociabilidade – SIMSOCIAL foi prorrogada até o dia 29 de agosto. É uma nova chance de participar apresentando artigos neste evento que acontece em Salvador, nos dias 13 e … Continue reading -&gt;</s>
    <s>Posted in Notícias | Tagged call for papers, chamada, chamada de trabalhos, cibercultura, SIMSOCIAL, SIMSOCIAL2011, UFBA | Leave a comment</s>
    <s>Lançados o site e a chamada de trabalhos do SIMSOCIAL</s>
    <s>Posted on June 11, 2011 by Mônica Paz</s>
    <s>Foi com enorme prazer que nós, coordenação e demais membros do GITS/UFBA, anunciamos nesta semana o lançamento do site do nosso evento SIMSOCIAL - Simpósio de Pesquisa em Tecnologias Digitais e Sociabilidade, que se realizará nos dias 13 e 14 … Continue reading -&gt;</s>
    <s>Posted in Agenda, Notícias | Tagged call for papers, chamada, chamada de trabalhos, evento, mídias sociais, Salvador, simpósio, SIMSOCIAL, SIMSOCIAL2011, sociabilidade, tecnologias digitais | Leave a comment</s>
    <s>Simpósio em Tecnologias Digitais e Sociabilidade</s>
    <s>Search for:</s>
    <s>Sites e Blogs Relacionados</s>
    <s>Cibercidades - GPC</s>
    <s>Diretório de Grupos de Pesquisa do Brasil</s>
    <s>Marcel Ayres</s>
    <s>Mônica Paz</s>
    <s>PósCom (PPGCCC/FACOM/UFBA)</s>
    <s>Tarcízio Silva</s>
    <s>Thiago Falcão</s>
    <s>Vitor Braga</s>
    <s>Últimos posts</s>
    <s>SimSocial2011 - Balanço Final</s>
    <s>Cobertura Fotográfica do SimSocial 2011</s>
    <s>Alguns pontos sobre redes sociais. Para relembrar…</s>
    <s>SIMSOCIAL inicia amanhã</s>
    <s>Slavoj Zizek discursa para os participantes do Occupy Wall Street</s>
    <s>Select Month October 2011 (10) September 2011 (29) August 2011 (9) June 2011 (3) May 2011 (7) November 2010 (3) October 2010 (3) September 2010 (4) July 2010 (3) June 2010 (2)</s>
    <s>Proudly powered by WordPress.</s>
    <s>Chamadas de revistas e de eventos acadêmicos ou relacionados aos trabalhos dos membros do GITS;)</s>
    <s>As notícias devem vir acompanhadas de opiniões/comentários do membro autor.)</s>
    <s>No caso, de resumos dos livros discutidos também pode ser classificado como Bibliografia.)</s>
  </text>
</page>
