<?xml version="1.0" encoding="UTF-8"?>
<!DOCTYPE page SYSTEM "page.dtd">
<page>
  <lang>pt</lang>
  <url>http://blogemacao.com/2009/07/ix-conferencia-distrital-de-saude.html</url>
  <title>Blog em Ação: IX Conferência Distrital de Saúde</title>
  <snippet>
    <s>Segue programação e convite para a IX CONFERÊNCIA DISTRITAL DE SAÚDE, Apresentação: Ailton Costa Garcia – Coordenação de Vigilância Ambiental. </s>
  </snippet>
  <text>
    <s>skip to main | skip to sidebar</s>
    <s>Sexta-feira, Julho 17</s>
    <s>IX Conferência Distrital de Saúde</s>
    <s>Segue programação e convite para a IX CONFERÊNCIA DISTRITAL DE SAÚDE, nos dias 30 e 31 de julho e 01 de agosto de 2009, no Auditório do Hospital Municipal Souza Aguiar , Praça da República - 1º piso, Centro.</s>
    <s>Objetivos Gerais</s>
    <s>Reunir os diversos segmentos da sociedade civil organizada e autoridades do setor para avaliar a situação da Saúde, formular diretrizes e definir estratégias, visando alcançar a otimização dos serviços de saúde, mediante a integração das três esferas de governo entre si e destas com as redes universitárias, filantrópicas e privadas, integrantes do SUS na Área Programática 1.</s>
    <s>Objetivos específicos</s>
    <s>Analisar o SUS na Área Programática 1 no Município do Rio de Janeiro;</s>
    <s>Avaliar a Rede de Saúde na Área Programática 1;</s>
    <s>Escolher os delegados que integrarão a X Conferência Municipal de Saúde;</s>
    <s>Aprovar o Regimento Interno da Conferência Distrital de Saúde da AP 1.</s>
    <s>Quinta-feira / 30 de julho</s>
    <s>16 às 18 h - Cerimônia Oficial de Abertura</s>
    <s>Coordenação: Solange Gonçalves Belchior (Presidente do Conselho Distrital de Saúde da AP 1)</s>
    <s>José Gomes Temporão - Ministro da Saúde</s>
    <s>Eduardo Paes - Prefeito da Cidade do Rio de Janeiro</s>
    <s>Sergio L Cortes da Silveira - Secretário de Saúde do Estado do Rio de Janeiro</s>
    <s>Hans Fernando Rocha Dohmann - Secretário de Saúde do Município do Rio de Janeiro</s>
    <s>Vera Lúcia de Oliveira - Representante dos Usuários - Conselho Distrital de Saúde</s>
    <s>Sonia Rute V. de Miranda Chaves - Coordenadora de Saúde da AP 1</s>
    <s>Josué Kardec Nahon - Diretor do Hospital Municipal Souza Aguiar</s>
    <s>19 h - Leitura e aprovação do Regimento Interno da IX Conferência Distrital de Saúde da AP 1</s>
    <s>Sexta-feira / 31 de julho</s>
    <s>8 às 9 h - Café da manhã</s>
    <s>9 às 10 h - Saúde Ambiental</s>
    <s>Apresentação: Ailton Costa Garcia - Coordenação de Vigilância Ambiental.</s>
    <s>Debatedor: Representante do Conselho Regional de Engenharia e Arquitetura</s>
    <s>Coordenador: Antonio Henrique Lourenço - Diretor da Unidade de Integrada de Saúde Luis Manoel Arthur Villaboim</s>
    <s>Secretário: Marli da Silveira - Conselheira AP 1</s>
    <s>10 às 10:55 h - Debate</s>
    <s>11 às 12 h - Legislação do Controle Social do SUS</s>
    <s>Apresentação: Paulo Pinheiro - Vereador da Cidade do Rio de Janeiro</s>
    <s>Debatedor: Ângela Higino Rangel - Profª. Faculdade de Serviço Social da UFRJ</s>
    <s>Coordenação: Maria Glória Michele - Conselheira Municipal</s>
    <s>Secretário: Martha Oliver de Moraes - Diretora PARN - PAM Antonio Ribeiro Neto</s>
    <s>12 às 13 h - Debate</s>
    <s>13 às 14 h - Almoço</s>
    <s>14 às 15 h - Gestão do Trabalho e da Educação na AP 1</s>
    <s>Apresentação: Leda Sueli Barboza Cezar - Coordenadora de RH da Cap 1</s>
    <s>Debatedor: Solange Gonçalves Belchior - Presidente do Conselho Distrital de Saúde da AP 1</s>
    <s>Coordenador: Rosa de Fátima Duquenois Dubois - Conselheira Distrital</s>
    <s>Secretário: Lurdes Ferreira Nunes - Conselheira Distrital</s>
    <s>15 às 15:30 h - Debate</s>
    <s>15:30 às 17 h - Grupos de Trabalho</s>
    <s>17 h - Enceramento</s>
    <s>Sábado / 01 de agosto</s>
    <s>8 às 8:55 - Café da manhã</s>
    <s>9 às 10 h - O Desafio de reconstruir o modelo de saúde no Rio de Janeiro e a importância da AP 1</s>
    <s>Apresentação: Sonia Rute V. de Miranda Chaves - Coordenadora de Saúde da AP 1</s>
    <s>Debatedor: Jorge Darze - Presidente do Sindicato dos Médicos do RJ</s>
    <s>Cordenação: Mauro da Silveira - Conselheiro da AP 1</s>
    <s>Secretário: Maria Cecília Rodrigues - Conselheira da AP 1</s>
    <s>10 às 11 h - Debate</s>
    <s>11 às 13 h - Grupo de Trabalho</s>
    <s>13 às 14 h - Almoço</s>
    <s>14 às 15 h - Plenária de Homologação das propostas produzidas nos grupos</s>
    <s>15 às 16 h - Eleição dos delegados para a X Conferência Municipal de Saúde</s>
    <s>16 às 16:50 - Eleição dos membros do Conselho Distrital da AP 1 biênio 2010 e 2011</s>
    <s>17 h - Encerramento</s>
    <s>!Bookmark and Share</s>
    <s>Postado por Ação da Cidadania</s>
    <s>Marcadores: Eventos</s>
    <s>0 comentários:</s>
    <s>Postar um comentário</s>
    <s>Postagem mais recente Postagem mais antiga Início</s>
    <s>Assinar: Postar comentários (Atom)</s>
    <s>Receba as atualizações do Blog em Ação por email. Depois de preenhcer o formulário abaixo, você receberá um email para confirmação do cadastro.</s>
    <s>Calendário da Ação</s>
    <s>Ação no Twitter</s>
    <s>Twitter Updates</s>
    <s>follow me on Twitter</s>
    <s>Subscribe in a reader</s>
    <s>Agenda (12)</s>
    <s>Artigos e reportagens (24)</s>
    <s>Ato público (2)</s>
    <s>Audição (1)</s>
    <s>Betinho (3)</s>
    <s>Bolsa Família (1)</s>
    <s>Boneco do Mauício (1)</s>
    <s>Cadastramento (5)</s>
    <s>Calendário (43)</s>
    <s>Campanhas (1)</s>
    <s>CCAC (39)</s>
    <s>Cidadania em Ação (13)</s>
    <s>Cine Mais Cultura (21)</s>
    <s>Cirurgias (1)</s>
    <s>Clipping (5)</s>
    <s>Coletivo PoesiAção (3)</s>
    <s>Colônia de Férias (1)</s>
    <s>Come Livro (22)</s>
    <s>Comitês da Ação (68)</s>
    <s>Comitês Estaduais (4)</s>
    <s>Conferências (1)</s>
    <s>Cultura (2)</s>
    <s>Cursos (26)</s>
    <s>Debates (13)</s>
    <s>Depoimentos (6)</s>
    <s>Dia da Luta Cidadã (2)</s>
    <s>Dia Nacional da Leitura e da Literatura (8)</s>
    <s>Direitos Autorais (2)</s>
    <s>Doações (16)</s>
    <s>Dúvidas (1)</s>
    <s>Edital (8)</s>
    <s>Empregos (1)</s>
    <s>Espaço de Leitura (40)</s>
    <s>Euclides Mance (1)</s>
    <s>Eventos (66)</s>
    <s>Exposições (4)</s>
    <s>Festa Julina (6)</s>
    <s>Filmes (1)</s>
    <s>Formas de Participação (1)</s>
    <s>Formação de Mediadores de Incentivo à Leitura (11)</s>
    <s>Fotos (81)</s>
    <s>Fórum Nacional Ação da Cidadania (2)</s>
    <s>Fóruns Municipais (3)</s>
    <s>História (6)</s>
    <s>Homenagem (4)</s>
    <s>Incubadora (1)</s>
    <s>Informativos (21)</s>
    <s>Juventude e Violência (1)</s>
    <s>Leitura em Ação (44)</s>
    <s>LGBT (1)</s>
    <s>Menino no meio da rua (1)</s>
    <s>Mesquita (1)</s>
    <s>Mutirão (1)</s>
    <s>Música (4)</s>
    <s>Natal Sem Fome dos Sonhos 2005 (1)</s>
    <s>Natal Sem Fome dos Sonhos 2006 (3)</s>
    <s>Natal Sem Fome dos Sonhos 2007 (1)</s>
    <s>Natal Sem Fome dos Sonhos 2008 (46)</s>
    <s>Natal Sem Fome dos Sonhos 2009 (41)</s>
    <s>Natal Sem Fome dos Sonhos 2010 (36)</s>
    <s>Natal Sem Fome dos Sonhos 2011 (2)</s>
    <s>Notícias (8)</s>
    <s>Notícias do blog (1)</s>
    <s>Notícias dos comitês locais (1)</s>
    <s>Oficina (22)</s>
    <s>Orkut (1)</s>
    <s>Palestras (1)</s>
    <s>Papai Noel no Maracanã (1)</s>
    <s>Parceiros (1)</s>
    <s>Pesquisa (2)</s>
    <s>Plenárias (37)</s>
    <s>Pontos de Cultura (1)</s>
    <s>Porto de Cidadania (1)</s>
    <s>Posto de Coleta (5)</s>
    <s>Prestação de Contas (1)</s>
    <s>Prêmios (11)</s>
    <s>Redes Comunitárias (1)</s>
    <s>Reportagens (11)</s>
    <s>Resultados (1)</s>
    <s>Reuniões e encontros (3)</s>
    <s>Rio Artes Manuais (2)</s>
    <s>Salvador (1)</s>
    <s>Saúde (1)</s>
    <s>Saúde Bucal (1)</s>
    <s>SEMFOME (1)</s>
    <s>Seminário de Educação (10)</s>
    <s>Serviços (1)</s>
    <s>Show (3)</s>
    <s>Sites (3)</s>
    <s>SOS Serra (1)</s>
    <s>Teatro (3)</s>
    <s>Twitter (1)</s>
    <s>Vagas (2)</s>
    <s>Volunários (2)</s>
    <s>Voto Ético (1)</s>
    <s>Vídeos (51)</s>
    <s>Arquivo Outubro (5) Setembro (9) Agosto (15) Julho (17) Junho (11) Maio (6) Abril (6) Março (23) Fevereiro (3) Janeiro (15) Dezembro (19) Novembro (26) Outubro (19) Setembro (20) Agosto (35) Julho (24) Junho (17) Maio (18) Abril (21) Março (17) Janeiro (11) Dezembro (12) Novembro (26) Outubro (30) Setembro (20) Agosto (28) Julho (22) Junho (19) Maio (25) Abril (13) Março (15) Fevereiro (4) Dezembro (6) Novembro (9) Outubro (7) Setembro (7) Agosto (8) Julho (10) Junho (18) Maio (12) Abril (11) Março (2) Fevereiro (1) Janeiro (1) Dezembro (1) Novembro (1)</s>
    <s>Links Importantes</s>
    <s>Ação Comitê São Paulo</s>
    <s>Ação da Cidadania</s>
    <s>Blog Razão Social</s>
    <s>Canal da Ação no YouTube</s>
    <s>Centro Cultural da Ação da Cidadania CCAC</s>
  </text>
</page>
