<?xml version="1.0" encoding="UTF-8"?>
<!DOCTYPE page SYSTEM "page.dtd">
<page>
  <lang>pt</lang>
  <url>http://sbgames.org/sbgames07/tri-arte.htm</url>
  <title>SBGames 2007 - Trilha Arte &amp; Design</title>
  <snippet>
    <s>A trilha Art &amp; Design do SBGames nasceu em 2005 - era então denominada Neste ano, além de trabalhos acadêmicos (papers) e propostas de tutoriais, Trabalhos que já tenham sido publicados em outras conferências serão rejeitados. </s>
  </snippet>
  <text>
    <s>CHAMADA DE TRABALHOS</s>
    <s>A trilha Art &amp; Design do SBGames nasceu em 2005 - era entao denominada GameArt - a partir da crescente demanda por eventos academicos em que se pudessem apresentar e discutir trabalhos e questoes relacionadas a area da arte e do design dentro do espectro dos jogos de computadores.</s>
    <s>Neste ano, alem de trabalhos academicos ( papers ) e propostas de tutoriais, receberemos pranchas que apresentem desenhos de conceito para projetos de jogos de computadores. Como resultado, realizaremos uma mostra destes trabalhos.</s>
    <s>Os trabalhos ( papers , tutoriais e desenhos de conceito) devem ser submetidos de acordo com o padrao estabelecido pelo Comite da trilha Art &amp; Design.</s>
    <s>A trilha Art &amp; Design aceitara full papers e short papers (posters). Full papers devem primar pelo ineditismo e relevancia em termos de pesquisa teorica, empirica ou aplicada. Posters podem descrever pesquisas futuras, novas ideias ou estudos preliminares.</s>
    <s>Os papers devem seguir um dos formatos abaixo:</s>
    <s>. Full papers: de 06 a 10 paginas</s>
    <s>. Short papers (posters): ate 04 paginas</s>
    <s>TÓPICOS DE INTERESSE:</s>
    <s>Serao aceitas trabalhos nas seguintes categorias:</s>
    <s>Projeto de Jogos Digitais: Metodologia projetual, Documentaçao, Gerenciamento de Projeto.</s>
    <s>Design de Jogos de Computador ou Console</s>
    <s>Mecanica de Jogos. Regras de Jogos. Design de Desafios.</s>
    <s>Design de Jogos para Internet. Projetos de Jogos Multiusuario.</s>
    <s>Design de Jogos para dispositivos moveis. Games para midias localizaveis (GPS, celular)</s>
    <s>e mobilidades</s>
    <s>Design de games com tecnologias em desenvolvimento (bio, nano, RA, etc)</s>
    <s>Interconectividade (blogging, video blogging, podcasting, TV interativa)</s>
    <s>Gamearte: Arte digital usando o jogo como suporte.</s>
    <s>Enredos e Narrativas. Narrativas especificas para games, e outras aplicadas, como hipertextos,</s>
    <s>jogos de texto, poesias interativas, ficçoes e literatura interativas.</s>
    <s>Design de Interfaces de Jogos.</s>
    <s>Design de Interaçao para Jogos.</s>
    <s>Design de Som para Jogos.</s>
    <s>Animaçao para projetos de Jogos.</s>
    <s>Tipografia para projetos de Jogos.</s>
    <s>Level Design.</s>
    <s>Arquitetura e Cenarios Digitais para Jogos.</s>
    <s>Design e Personagens. Desenvolvimento de personagens e atores. Avatares.</s>
    <s>Criterios esteticos da composiçao de personagens. Desenho de concepçao.</s>
    <s>Game e Corpo (Espaço, corporificaçao, tele-presença, dança e performances artisticas)</s>
    <s>Ergonomia e Usabilidade. Jogabilidade.</s>
    <s>Design para Serious Games.</s>
    <s>Aplicaçoes Especiais para publicidade, Marketing e vendas. Advergames.</s>
    <s>Interface entre os Games e outros generos: Cinema, Historia em Quadrinhos, Artes Visuais,</s>
    <s>Musica, Literatura.</s>
    <s>Interfaces inovadoras e alternativas (interfaces corporais, interfaces para desabilitados, interfaces</s>
    <s>invisiveis, interfaces coletivas)</s>
    <s>Teoria e Filosofia de conceitos relacionados a Arte e Design de Games</s>
    <s>Taxonomia. Generos de Jogos.</s>
    <s>POLÍTICA DE ACEITAÇÃO</s>
    <s>Ao menos um dos autores de papers aceitos devem se registrar oficialmente na trilha Art &amp; Design do SBGames. Os trabalhos devem ser ineditos. Trabalhos que ja tenham sido publicados em outras conferencias serao rejeitados. O autor nao pode submeter o mesmo trabalho para as duas categorias: full papers e short papers (posters)</s>
    <s>Papers podem ser escritos em ingles ou portugues, e nao devem ultrapassar os limites definidos, incluindo todas as tabelas, figuras e referencias. Trabalhos que ultrapassem o padrao estabelecido serao rejeitados. As paginas devem ser formatadas em Times Roman 10p, espaço simples, com o seguinte margeamento: esquerda e inferior com 2.5 cm; direita e superior com 2 cm. O texto deve conter titulo, autores, com o nomes das universidades ou companhias. Um exemplo do formato valido pode ser obtido AQUI. Os papers devem ser enviados em formato pdf. Trabalhos com outros formatos nao serao aceitos.</s>
    <s>O trabalhos devem ser submetidos pelo sistema JEMS (https://submissoes.sbc.org.br/sbgames2007).</s>
    <s>DATAS IMPORTANTES:</s>
    <s>Prazo final para submissao de trabalhos:20 de Agosto de 2007 (Segunda-feira)</s>
    <s>Notificaçao de aceitaçao:01 de Outubro de 2007 (Segunda-feira)</s>
    <s>Camera-ready:15 de Outubro de 2007 (Segunda-feira)</s>
    <s>Instruçoes de Submissao de Tutorial:</s>
    <s>A submissao do tutorial requer que um formulario seja devidamente preenchido e enviado para Delmar Galisi (delmar@anhembi.br)</s>
    <s>Proposta de Tutorial para o SBGAMES 2005:</s>
    <s>(este documento nao devera ultrapassar o tamanho de 1 pagina A4)</s>
    <s>1) Titulo:</s>
    <s>2) Resumo com o Objetivo: (maximo de 20 linhas)</s>
    <s>3) Publico alvo:</s>
    <s>4) Pre-requisitos recomendados:</s>
    <s>5) Duraçao (de 1h30 a 3h):</s>
    <s>6) Proponentes: nome, e-mail, titulaçao mais alta - Graduaçao, Mestrado, Doutorado, Instituiçao (ano da titulaçao), filiaçao atual (local) e funçao.</s>
    <s>7) Recursos necessarios para a apresentaçao.</s>
    <s>DATAS IMPORTANTES:</s>
    <s>Prazo final para submissao de propostas de tutoriais: 03 de Setembro (segunda-feira)</s>
    <s>Notificaçao de Aceitaçao: 08 de Outubro (segunda-feira)</s>
    <s>DESENHOS DE CONCEITO</s>
    <s>Grandes jogos de computadores surgem a partir de grandes ideias. Entretanto, ao longo do processo de desenvolvimento de um jogo, e fundamental que muitas etapas sejam cumpridas. Uma das primeiras e mais importantes fases do processo de desenvolvimento de um jogo e sem duvida a etapa chamada de conceituaçao, quando as ideias discutidas, sao traduzidas em material visual e conceitual dos diversos elementos que comporao o jogo (cenarios, personagens, interfaces, etc). Desenhos de Conceito ou de Concepçao (em ingles Concept Art) definem um partido visual e estetico a ser adotado para o jogo em desenvolvimento.</s>
    <s>O nivel de primor e elaboraçao tecnica e artistica dos desenhos de conceito transformam-nos em verdadeiras obras de arte. Embora nao sejam produzidos apenas na fase inicial do processo de desenvolvimento de um jogo, sao a primeira forma de materializaçao das ideias e simbolizam a presença do genio criador dos artistas, designers e diretores de arte.</s>
    <s>Alem da apresentaçao de trabalhos academicos (artigos e posters) e do oferecimento de tutoriais, a track Art &amp; Design estara, atraves da Mostra GameArt2007 de Desenhos de Conceito, abrindo um espaço especialmente dedicado a exposiçao de trabalhos com formas diversas de representaçao visual tais como, desenhos, esboços, pinturas, entre outras.</s>
    <s>Os trabalhos selecionados serao expostos em versao impressa durante a realizaçao do SBGames em Sao Leopoldo.</s>
    <s>A Mostra estara recebendo trabalhos para as seguintes categorias:</s>
    <s>1) Desenhos de conceito de jogos finalizados</s>
    <s>2) Desenhos de conceito de jogos em desenvolvimento ou ideias</s>
    <s>Para participar, leia as instruçoes e envie o formulario de inscriçao.</s>
    <s>Instruçoes e Inscriçao:</s>
    <s>1) Deve ser preenchido um formulario para cada submissor de Desenho de Conceito inscrito. Para envio usa-se o padrao seguinte.</s>
    <s>mostragameart2007-fulano de tal.pdf</s>
    <s>2) O formulario de inscriçao preenchido e salvo com o padrao de nome acima especificado deve ser enviado via email para a conta mostragameart@gmail.com, ate o dia 01 de outubro de 2007, juntamento com arquivo contendo o desenho. No campo</s>
    <s>&quot;assunto&quot; da mensagem deve constar Mostra GameArt2007</s>
    <s>3) Os arquivos contendo os desenhos devem seguir as seguintes especificaçoes:</s>
    <s>- formato: PDF</s>
    <s>- resoluçao e tamanho: 150 dpi, A3.</s>
    <s>Atençao: os trabalhos selecionados para exposiçao durante o evento deverao ser reenviados no formato requerido para exposiçao. O nome do arquivo deve ser o mesmo especificado no formulario de envio e deve seguir o padrao a seguir:</s>
    <s>mostragameart2007-nome do autor-prancha(numero).pdf</s>
    <s>No caso do envio de mais de um desenho, acrescentar um diferenciador no final do nome do arquivo. Exemplos:</s>
    <s>mostragameart2007-fulano de tal -prancha(1)-cenario.pdf</s>
    <s>mostragameart2007-fulano de tal -prancha(2)-cenario-vista do jogador.pdf</s>
    <s>mostragameart2007-fulano de tal -prancha(3)-personagem.pdf</s>
    <s>4) Os arquivos nao podem ser compactados para envio em um arquivo ZIP. Sera enviada confirmaçao de recebimento dos trabalhos.</s>
    <s>Sobre Copyright e sigilo de divulgaçao:</s>
    <s>Os trabalhos enviados para a Mostra GameArt de Desenhos de Conceito serao expostos no SBGames 2007. Considerando que Desenhos de conceito podem vir a expor ideias que exigem sigilo de divulgaçao, aconselhamos aos autores que antes do envio dos trabalhos consultem todas as partes envolvidas, uma vez que a organizaçao da Mostra nao podera se responsabilizar pela exposiçao de trabalhos enviados sem a devida autorizaçao.</s>
    <s>Formato para exposiçao:</s>
    <s>Os trabalhos selecionados para exposiçao serao impressos pelo Comite da Exposiçao GameArt de Desenhos de Conceito e apresentados durante o evento.</s>
    <s>Envio de Trabalhos: 01 de Outubro de 2007</s>
    <s>Divulgaçao da Seleçao Final para exposiçao durante o evento: 15 de Outubro de 2007.</s>
    <s>Email para contato:</s>
    <s>Favor indicar GameArt2007 como assunto da mensagem.</s>
    <s>Comite do Programa</s>
    <s>Andre Neves - UFPE</s>
    <s>Delmar Galisi - Universidade Anhembi Morumbi</s>
    <s>Edson Pfutzenreuter - SENAC-SP</s>
    <s>Fabio Campos - UFPE</s>
    <s>Guilherme Xavier (Mostra GameArt)</s>
    <s>Gustavo Fischer - UNISINOS</s>
    <s>Luiza Novaes - PUC-Rio</s>
    <s>Maria das Graças Chagas - PUC-Rio</s>
    <s>Monica Moura - Universidade Anhembi Morumbi</s>
    <s>Rogerio Cardoso dos Santos - PUC-SP</s>
    <s>Roger Tavares - SENAC-SP (papers chair)</s>
    <s>Sergio Nesteriuk - Universidade Anhembi Morumbi / PUC-SP</s>
    <s>Stephania Padovani - UFPR</s>
    <s>| Inicio |</s>
    <s>TRILHA ARTE &amp; DESIGN &gt;&gt;</s>
    <s>Chair: Delmar Galisi (Anhembi-Morumbi) - delmar &lt;at&gt; anhembi.br</s>
    <s>Local chair: Gustavo Fischer (UNISINOS) - gfischer &lt;at&gt; unisinos.br</s>
    <s>Inicio | Organizaçao | Programa | Localizaçao | Viagem | Registro | Anais</s>
  </text>
</page>
