<?xml version="1.0" encoding="UTF-8"?>
<!DOCTYPE page SYSTEM "page.dtd">
<page>
  <lang>pt</lang>
  <url>http://adroga.casadia.org/news/freud_e_cocaina.htm</url>
  <title>Cocaína, Freud e a sua Noiva. | Alcool e Drogas</title>
  <snippet>
    <s>20 abr. 2011 Em resumo, o artigo de Freud é escrito de maneira lúcida e é pioneiro A conferência de Freud para a Sociedade Psiquiátrica de Viena &quot;Sobre . Ele rejeitou a tentação do atalho e continuou adiante para realizar a mesma </s>
  </snippet>
  <text>
    <s>!Espaço para publicidade</s>
    <s>(19) 3523-0246</s>
    <s>(19) 8223-6588</s>
    <s>(19) 9886-8495</s>
    <s>Rua Três, 971 Jd Novo I</s>
    <s>Rio Claro SP</s>
    <s>Atualidades sobre drogas</s>
    <s>Drogas e leis</s>
    <s>Drug Abuse</s>
    <s>Portais sobre drogas</s>
    <s>Drogas e esquizofrenia</s>
    <s>Prevençao a recaida</s>
    <s>Os doze passos</s>
    <s>Tipos de drogas</s>
    <s>Abuso de drogas</s>
    <s>Paginas recentes</s>
    <s>Miss araraquara</s>
    <s>Comentários recentes</s>
    <s>O MEU DEUS E LIBERTADOR!!!!</s>
    <s>5 horas 37 minutos atrás</s>
    <s>meu filho de 14 anos me agrediu</s>
    <s>9 horas 32 minutos atrás</s>
    <s>a maconha atrapalha sim pode</s>
    <s>12 horas 9 minutos atrás</s>
    <s>20 horas 50 minutos atrás</s>
    <s>O que fazer</s>
    <s>22 horas 44 minutos atrás</s>
    <s>1 dia 30 minutos atrás</s>
    <s>ME SINTO TÃO DOENTE QUANTO ELE</s>
    <s>1 dia 1 hora atrás</s>
    <s>1 dia 7 horas atrás</s>
    <s>Perdi um grande amigo</s>
    <s>1 dia 15 horas atrás</s>
    <s>Opnião sem conhecimento é preconceito</s>
    <s>1 dia 19 horas atrás</s>
    <s>Quem está online</s>
    <s>No momento há 0 usuários e 10 visitantes online.</s>
    <s>Cocaína, Freud e a sua Noiva.</s>
    <s>Entre as idades de 28 e 39, por onze anos, Sigmund Freud utilizou regularmente a cocaina em sua forma de alcaloide, em po. Como jovem neurologista, essa foi sua primeira tentativa experimental fora da pratica medica tradicional. Ele estava buscando o reconhecimento publico capaz de gerar a clientela que lhe traria fama e recursos financeiros permitindo, assim, que se casasse com sua noiva, de quem estava separado havia dois anos. Durante esse periodo, Freud publicou tres artigos importantes e fez uma apresentaçao para a Sociedade Psiquiatrica de Viena sobre os usos terapeuticos da cocaina. Embora esse experimento nao tenha atingido suas expectativas, e seus artigos sobre a cocaina nunca tivessem aparecido em seus escritos publicados, esses estudos fizeram de Freud, na verdade, um fundador da psicofarmacologia e, provavelmente, influenciaram seu trabalho com os sonhos e o inconsciente.</s>
    <s>No inicio de sua carreira, Freud escreveu tres artigos cientificos sobre a cocaina. Quando eles foram &quot;descobertos&quot; e tornados publicos, em 1963 e, novamente, em 1974, ampliaram a compreensao do relacionamento de Freud com a droga que, ate aquele momento &quot;focalizava dois aspectos do envolvimento de Freud com a cocaina: primeiro, a questao da prioridade na descoberta da anestesia local e, segundo, a defesa 'equivocada' que Freud fez da droga como uma panaceia &quot;</s>
    <s>Entretanto, a importancia de Freud na historia da psicofarmacologia nao esta somente na sua elegante revisao da literatura existente e nas suas sugestoes para terapia, como apresenta em seu artigo &quot;Sobre a coca&quot;. O mais significativo de todos e o seu breve artigo, publicado em janeiro de 1885, &quot;Uma contribuiçao para o conhecimento do efeito da cocaina&quot;, um estudo que confirma o papel de Freud como um dos fundadores da psicofarmacologia moderna.</s>
    <s>O primeiro ponto de importancia e que Freud, depois de defrontar-se com uma droga com propriedades psicofarmacologicas singulares, nao se satisfez com a mera revisao da experimentaçao humana e animal que havia sido feita ate aquele momento. Ao inves disso, ele imediatamente partiu para a demonstraçao das propriedades psicofarmacologicas da substancia. De fato, alguns anos antes, a droga havia sido estudada. Em 1880, von Anrep havia pesquisado a farmacologia da cocaina em experiencias com animais. Freud, porem, trabalhou com uma substancia purificada e fez registros cuidadosos de suas experiencias - em si proprio. Ele utilizou os instrumentos de avaliaçao mais sofisticados disponiveis na epoca para poder obter os registros psicofisiologicos mais precisos possiveis e, entao, correlacionou esses resultados, simultaneamente, com mudanças de humor e percepçao, cuidadosamente descritas durante o periodo de açao da droga. Essas experiencias estabeleceram a dosagem apropriada e o tempo de açao da substancia - um relacionamento crucial na experimentaçao humana.</s>
    <s>!view counter</s>
    <s>Uma comparaçao com relatorios de qualquer das experiencias modernas com drogas psicoativas, incluindo aquelas realizadas com LSD, mescalina e outros compostos psicodelicos, mostra que o artigo de Freud estabeleceu uma tradiçao no estudo de substancias com propriedades psicoativas.</s>
    <s>A noiva de Freud.</s>
    <s>Freud vinha de uma familia de recursos modestos. Ele terminou seu curso de Medicina em 1881 e, no ano seguinte, assumiu um cargo no Hospital Geral de Viena e tornou-se noivo de sua futura esposa, Martha Bernays.</s>
    <s>Durante esses anos de hospital, Freud estava totalmente envolvido no esforço de fazer seu nome, descobrindo algo importante na medicina clinica ou na patologia. Sua motivaçao nao era, como poderia supor-se, pura ambiçao profissional mas, sim, muito mais, a esperança de um sucesso que lhe rendesse uma boa clientela particular para justificar seu casamento um ou, possivelmente, dois anos mais cedo do que ele ousaria esperar caso o curso dos acontecimentos fosse normal.</s>
    <s>Freud estava intensamente apaixonado, como se percebe pelos seguintes trechos de cartas a sua noiva:</s>
    <s>&quot; ter voce completamente e a unica exigencia que eu faço para a vida &quot;</s>
    <s>&quot; a busca de dinheiro, posiçao e reputaçao, isso tudo quase nao permite que eu lhe dedique uma ou duas linhas apaixonadas &quot;</s>
    <s>&quot;Eu gostaria de ter conseguido algo realmente bom antes de nos encontrarmos novamente.&quot;</s>
    <s>&quot;Minha querida namorada, voce esta mesmo certa. De agora em diante, eu tambem vou escrever somente sobre a viagem para encontra-la Eu devo estar viajando sob efeito de coca a fim de controlar a minha terrivel impaciencia.&quot;</s>
    <s>&quot;Eu tambem te amo, mais ainda do que durante os nossos melhores dias aqui &quot;</s>
    <s>A cocaina no seculo 19.</s>
    <s>Foi somente em 1860 que Albert Nieman, um estudante de graduaçao em farmacologia em Gottingen, isolou a base alcaloide que viria a ser conhecida como cocaina. Seu uso foi imediatamente controlado na Europa mas nao nos Estados Unidos, onde cresceu a proporçoes epidemicas no final do seculo 19.</s>
    <s>Em 1884, a companhia farmaceutica Merck produziu 3.179 libras de cocaina (aproximadamente 1.442 kg). Em 1886, a Merck produziu 158.352 libras de cocaina (aproximadamente 71.733 kg).</s>
    <s>Arthur K. Donoghue cita tres razoes pelas quais a cocaina era interessante para a profissao medica naquele tempo:</s>
    <s>1) Albert Nieman isolou o alcaloide concentrado de cocaina em 1860;</s>
    <s>2) A agulha hipodermica foi inventada em 1853; e</s>
    <s>3) Medicos buscavam desesperadamente soluçoes para problemas clinicos ja que eles nao podiam fazer muito alem de aliviar a dor com morfina e isto estava sendo reconhecido como causa de severas consequencias.</s>
    <s>Freud pode ter estado sozinho na Europa ao defender as virtudes da cocaina, mas ele tinha muitos colegas com a mesma convicçao nos Estados Unidos.</s>
    <s>Influencia das experiencias norte-americanas.</s>
    <s>Freud citou frequentemente fontes norte-americanas, como em seu artigo &quot;Contribuiçoes ao conhecimento e o efeito da cocaina&quot;: &quot;A Detroit Therapeutic Gazette publicou, em anos recentes, uma serie completa de reportagens sobre abstinencia de morfina e opio que foram superadas com a ajuda da cocaina &quot; Havia mais de dezesseis artigos relacionados ao tema.</s>
    <s>Um efeito colateral do episodio da cocaina na vida de Freud talvez tenha sido a sua subsequente amargura com a America do Norte. Ele confiava bastante no apoio das autoridades norte-americanas quanto a sua afirmaçao de que a droga era inofensiva. A experiencia e o tempo mostraram-lhe seu equivoco. O seu primeiro encontro com a America do Norte havia sido uma decepçao. Embora os EUA tenham sido o pais mais receptivo a psicanalise a partir das palestras de Jung e Freud na Clark University este, mesmo no fim de sua vida, poucas vezes deixou de encontrar falhas e emitir julgamentos, argumentando a favor de posicionar a analise contra a psiquiatria americana e a medicina.</s>
    <s>Uso pessoal.</s>
    <s>Por muitos anos, Freud sofreu de depressoes periodicas e de fadiga ou apatia, sintomas neuroticos que, mais tarde, tomaram a forma de ataques de ansiedade antes que fossem dissipados por sua propria analise.</s>
    <s>Em minha ultima depressao severa, eu usei coca novamente e uma pequena dose elevou-me as alturas de uma forma maravilhosa. Agora mesmo, estou envolvido em pesquisar a literatura para uma cançao de louvor a esta substancia magica.</s>
    <s>Um pouco de cocaina, para soltar a minha lingua para visitar Charcot. Fomos para la numa carruagem R. estava terrivelmente nervoso, eu estava bem calmo com a ajuda de uma pequena dose de cocaina Essas foram as minhas conquistas (ou melhor, as conquistas da cocaina), que me deixaram muito satisfeito.</s>
    <s>Os primeiros anos de Freud como jovem medico no Hospital Geral de Viena foram tempos muito dificeis para ele. Ele buscava reconhecimento, nao tinha dinheiro e estava separado de sua noiva:</s>
    <s>Nessa situaçao, cansaço, humor deprimido, ansiedade, preocupaçoes e indigestao repetiam-se, diminuindo sua felicidade e sua eficiencia no trabalho. Alguns desses estados podem ter-lhe parecido, de alguma forma, conectados a sua situaçao frustrante e inquietante mas todos eles enfraqueceram seu poder de concentraçao e auto-controle A cocaina, para ele, era um remedio quase perfeito contra seus acessos neurastenicos.</s>
    <s>Naquela epoca, eu estava fazendo uso frequente da cocaina, para reduzir desagradavel congestao nasal e eu havia ouvido, alguns dias antes, que uma de minhas pacientes, que tinha seguido meu exemplo, desenvolveu uma extensa necrose da mucosa nasal. Eu fui o primeiro a recomendar o uso da cocaina, entretanto essa orientaçao fez com que eu me censurasse severamente. O mal uso dessa droga apressou a morte de um caro amigo meu.</s>
    <s>Sabemos, atraves da &quot;Interpretaçao dos sonhos&quot;, que Freud ainda estava usando a droga em 1895 , um uso de onze anos entre as idades de 28 e 39 anos, entretanto nao ha nenhuma indicaçao de que ele era dependente ou que a usava compulsivamente. Como faz notar um autor:</s>
    <s>O desejo de erguer-se acima e alem foi canalizado, por Freud, para a ciencia. Reconhecimento profissional imediato era o tipo de libertaçao que ele buscava. Ele nao esperava o Nirvana diretamente atraves do seu proprio uso de cocaina e e por isso que ele nao corria o risco da dependencia.</s>
    <s>E novamente:</s>
    <s>O fator arquetipico que influencia a compulsao pela droga (&quot;craving&quot;), que concede tamanha intensidade ao desejo e convicçao a crença, nunca venceu Freud completamente. A ciencia significava muito mais para ele. A razao e um respeito pelos fatos faziam-no ficar sobrio.</s>
    <s>Aplicaçoes terapeuticas</s>
    <s>&quot;Freud ainda considerava o campo da cocaina, por assim dizer, sua propriedade particular&quot; e estava fazendo experiencias com ela em diversas aplicaçoes terapeuticas:</s>
    <s>Eu, agora, encomendei um bocado dela e, por razoes obvias, vou experimenta-la em casos de doenças do coraçao e, depois, em exaustao nervosa, particularmente na condiçao horrivel que se segue a abstinencia de morfina </s>
    <s>Ele esperava curar diabetes com cocaina e experimentou cocaina em muitos amigos, colegas e pacientes.</s>
    <s>Freud insistia que a dependencia ou o abuso da cocaina nunca fora reconhecido como um fenomeno em si, mas, em vez disso, que ocorria entre pessoas que haviam sido, anteriormente, dependentes da morfina e que se fosse usada por um longo periodo, mas moderadamente, nao seria prejudicial ao corpo. Freud concluiu que a cocaina nao tinha açao direta no sistema neuromuscular, podendo, porem, atuar sobre ele, em certas circunstancias, quando melhorava o bem-estar geral.</s>
    <s>Os artigos sobre a cocaina.</s>
    <s>Freud escreveu tres artigos basicos sobre a cocaina e fez uma conferencia para a Sociedade Psiquiatrica de Viena. Ele tambem mencionou o seu uso e sua experimentaçao com a cocaina em analises posteriores de sonhos, como no &quot;Sonho da Injeçao de Irma&quot; (1895) e o &quot;Sonho da Monografia de Botanica&quot; (1898), ambos mencionados em seu volume maior, &quot;A Interpretaçao dos Sonhos&quot; (1900).</s>
    <s>O primeiro artigo de Freud, &quot;Sobre a coca&quot; , publicado em 1884, era uma exposiçao longa da planta coca, sua historia e seus usos, migraçao para a Europa, efeito em animais, efeito no corpo humano e, finalmente, os usos terapeuticos da cocaina, com capitulos sobre:</s>
    <s>1. Coca como estimulante.</s>
    <s>2. O uso da coca para doenças digestivas do estomago.</s>
    <s>3. Coca na caquexia.</s>
    <s>4. Coca no tratamento da dependencia de morfina e de alcool.</s>
    <s>5. Coca e asma.</s>
    <s>6. Coca como afrodisiaco.</s>
    <s>7. Aplicaçao local da coca.</s>
    <s>Esse artigo foi amplamente aceito de modo que Freud reimprimiu 500 copias em fevereiro do ano seguinte, com um adendo, que dizia: &quot;Eu preciso reiterar, de modo ainda mais enfatico que antes, a diversidade das reaçoes individuais a cocaina.&quot;</s>
    <s>Seu segundo artigo, &quot;Uma contribuiçao ao Conhecimento do Efeito da Cocaina.&quot; e o primeiro e ultimo experimento cientifico de Freud. Nesse artigo, Freud nao se ocupa com as reaçoes subjetivas ao uso da cocaina, mas com os efeitos objetivos da droga em quantidades mensuraveis de energia muscular e de tempos de reaçao. Ele se utiliza de dois dos instrumentos mais precisos que estavam disponiveis na epoca; o dinamometro e um neuroamoebimetro. É um artigo mais curto; tem quatro paginas.</s>
    <s>Ele conclui que a melhora funcional decorrente do uso da cocaina nao e uma consequencia da açao direta da droga sobre a musculatura, mas o resultado de um aumento do bem-estar geral que melhora a açao motora de modo secundario.</s>
    <s>Como observa Robert Byck, M.D., nossa principal fonte:</s>
    <s>Em resumo, o artigo de Freud e escrito de maneira lucida e e pioneiro ao abordar o vinculo crucial entre o efeito fisiologico e o efeito mental, relacionado ao tempo de açao de um estimulante do sistema nervoso central. &quot;Uma Contribuiçao ao Conhecimento do Efeito da Cocaina&quot; e um dos primeiros exemplos de um artigo cientifico sobre uma droga psicoativa que aborda claramente estes pontos.</s>
    <s>A conferencia de Freud para a Sociedade Psiquiatrica de Viena &quot;Sobre o Efeito Geral da Cocaina&quot; foi uma tentativa de interessar seus colegas no uso da cocaina dentro do organismo e em sua capacidade de aumentar a sensaçao geral de bem-estar. O artigo, na traduçao, tem cinco paginas de extensao e enfatiza dois pontos:</s>
    <s>A psiquiatria e rica em drogas que podem reduzir a atividade nervosa super-estimulada, mas e deficiente em agentes que possam aumentar o desempenho do sistema nervoso deprimido.</s>
    <s>Eu nao hesito em recomendar a administraçao de cocaina para tais curas de abstinencia da morfina em injeçoes subcutaneas sem nenhum medo de aumentar a dose.</s>
    <s>Ele, de fato, menciona:</s>
    <s>Acima de tudo, e necessario dizer que o valor da cocaina na pratica psiquiatrica ainda esta por ser demonstrado e sera, provavelmente, conveniente que se faça uma experimentaçao minuciosa assim que o atual preço, exorbitante, da droga torne-se mais razoavel.&quot;</s>
    <s>O terceiro artigo de Freud, &quot;Observaçoes sobre a Compulsao (&quot;craving&quot;) e o Medo da Cocaina.&quot; Tem seis paginas na traduçao.</s>
    <s>Nesse artigo, Freud defende a cocaina contra a acusaçao de ser perigosa e causar dependencia, nas palavras de um psiquiatra alemao &quot;o terceiro flagelo da humanidade&quot;, ao lado do alcool e da morfina. Citando as proprias experiencias e aquelas de outros autores, ele mantem que a dependencia de cocaina ocorre somente com dependentes de morfina que, durante tentativas de retirada, acreditam-se curados, conservam sua dependencia de drogas e, meramente, mudam de uma substancia para outra, neste caso, da morfina para a cocaina. Em todos os outros casos, nao se reconhece a cocaina como causadora de dependencia, pode ser abandonada quando se desejar faze-lo e, depois de uso prolongado, pode causar aversao ao inves de causar desejo (&quot;craving&quot;) por ela.</s>
    <s>Por outro lado, Freud acha que o uso geral da cocaina esta limitado por um elemento de desconfiança.</s>
    <s>Uma oportunidade perdida.</s>
    <s>Em seu estudo autobiografico, Freud escreve:</s>
    <s>No outono de 1886, fixei-me em Viena como medico e me casei com a jovem que havia ficado me esperando numa cidade distante por mais de quatro anos. Agora, posso retornar um pouco ao passado e explicar qual foi a culpa de minha noiva pelo fato de nao me tornar famoso ainda jovem. Um interesse secundario, embora profundo, havia me levado, em 1884, a obter da Merck uma pequena quantidade do entao pouco conhecido alcaloide cocaina e estudar sua açao fisiologica. Quando me achava no meio dessa tarefa, surgiu a oportunidade de uma viagem a fim de visitar minha noiva, de quem eu estava afastado havia dois anos. Rapidamente, terminei minha pesquisa sobre a cocaina e me contentei, em meu livro sobre o assunto, em profetizar que logo seriam descobertos outros usos para ela. Sugeri, contudo, a meu amigo Konigstein, o oftalmologista, que ele devia investigar a questao de saber ate que ponto as propriedades anestesicas da cocaina eram aplicaveis em doenças dos olhos. Quando voltei de minhas ferias, verifiquei que nao fora ele, mas outro de meus amigos, Carl Koller (agora em Nova Iorque), com o qual eu tambem tinha falado sobre a cocaina, quem havia feito os experimentos decisivos em olhos de animais e os demonstrara no Congresso Oftalmologico de Heidelberg. Koller, portanto, e considerado, com justiça, o descobridor da anestesia local com cocaina, o que se tornou tao importante em pequenas cirurgias; mas nao guardo nenhum rancor da minha noiva pela interrupçao das minhas pesquisas.</s>
    <s>Um longo tempo foi necessario ate que Freud pudesse assimilar a verdade amarga de que o uso que Koller fez dela tenha sido praticamente o unico uso de valor e que todo o resto de seu trabalho com cocaina tenha virado cinzas.</s>
    <s>A descoberta e a repressao dos artigos de Freud sobre a cocaina.</s>
    <s>Parece que pessoas ligadas a Freud nao querem trazer esses artigos para o conhecimento geral.</s>
    <s>Em referencias a seus textos anteriores nos quais ele implica a agulha hipodermica como a fonte de perigo no emprego da cocaina, ele omitiu qualquer referencia ao artigo de 1885 no qual tinha defendido firmemente as injeçoes perniciosas. Esse ultimo artigo tambem nao foi incluido na lista de textos que, em 1897, teve que preparar ao se inscrever para o titulo de Professor. Nenhuma copia dele pode ser encontrada na coleçao que mantinha de suas reimpressoes. Parece ter sido suprimido completamente.</s>
    <s>Em 1960, Arthur K. Donoghue e James Hillman, dois estudantes de Freud e Jung, dos quais o ultimo publicou amplamente sobre psicanalise, notaram que, embora fosse bem sabido que Freud havia feito muitas experiencias com cocaina e que havia escrito artigos sobre o assunto, nao conseguiam localizar nenhum documento relevante seja em Alemao ou nas traduçoes para o Ingles dos artigos de Freud. Depois de uma longa busca em muitos arquivos e bibliotecas, eles localizaram os documentos mencionados acima. A curadoria do patrimonio de Freud deu a eles permissao para publicar 1.500 copias e para oferece-las a venda por um ano. Esse volume foi publicado em 1963 e, alem de algumas livrarias, lojas de artigos para uso de drogas e a comunidade hippie, houve muito pouco interesse e a maior parte dos livros foi destruida ao final do ano.</s>
    <s>Em 1974, com a epidemia da cocaina tornando-se aparente por todo o mundo, houve um interesse renovado no trabalho de Freud com a droga e o Dr. Robert Byck, M. D. publicou um volume completo dos artigos de Freud, comentarios de outros sobre esses artigos, incluindo os da filha de Freud, Anna, e extensa documentaçao sobre a historia e o uso de cocaina.</s>
    <s>Influencia na carreira de Freud.</s>
    <s>Entao, em resumo, pode ser dito que o trabalho de Freud sobre a cocaina foi pioneiro em muitos aspectos; que os erros de julgamento que ele fez e sua defesa da droga foram erros que, desde entao, foram cometidos por muitas pessoas que trabalharam com drogas ativas sobre o sistema nervoso central; e que as dificuldades que ele criou para si proprio por causa dessa defesa foram relativamente pequenas quando comparadas a importancia da introduçao de uma metodologia cientifica sistematica para o estudo de drogas ativas sobre o sistema nervoso central. Como disse Daniel Freedman em 1969, &quot;eu nao tenho certeza do que se quis dizer sobre Freud estar certo ou errado, ja que ele, sempre, esta as duas coisas.&quot;</s>
    <s>Nessa pesquisa da cocaina, Freud, primeiro, deixou o caminho consagrado da neurologia da epoca para aventurar-se no desconhecido. Esse desconhecido ainda estava concretizado numa substancia quimica, do mesmo modo que ele supunha o fluido seminal como a base organica em suas primeiras ideias sobre a teoria da libido. O fracasso de Freud com a cocaina foi uma beata culpa. No erro e na derrota ele se afastou de uma abordagem fisica, organica para o tratamento das dificuldades mentais o que, por fim, levou a descoberta do inconsciente e da psicanalise.</s>
    <s>O episodio da cocaina e, portanto, nao apenas de interesse para a consideraçao biografica de Freud mas, tambem, conduz diretamente ao desenvolvimento da psicanalise. Pelas duas razoes ele merece uma apresentaçao completa e detalhada, embora este episodio some apenas algumas linhas a historia da farmacologia e da medicina.</s>
    <s>Desta perspectiva, podemos, agora, enxergar o &quot;episodio da cocaina&quot; nao como um erro juvenil a ser ignorado pelos seus sucessores e excluido do corpo de seus trabalhos. Pelo contrario, e uma marca juvenil de sua grandeza. Ele teve a capacidade de estar envolvido num contexto complexo e poderoso e, ainda assim, realizar seu trabalho rumo a uma soluçao individual. Ele rejeitou a tentaçao do atalho e continuou adiante para realizar a mesma ambiçao espiritual, so que, agora, num nivel psicologico.</s>
    <s>Vom Scjheeidt sugeriu que o desenvolvimento da psicanalise e da psicologia do ego tenha sido, em parte, o resultado da tentativa de Freud de lidar com o estado diferente de consciencia produzido pela cocaina.</s>
    <s>John E. Burns, PhD</s>
    <s>Novembro de 2002</s>
    <s>Bernfeld, Siegfried, &quot;Freud's Studies on Cocaine&quot;, reimpresso de Journal of the American Psychoanalytic Association, No. 4, Vol. I, October, 1953.</s>
    <s>Byck, Robert, (Editor com anotaçoes de Anna Freud), &quot;Cocaine Papers by Sigmund Freud&quot;, Stonehill, 1974.</s>
    <s>Donoghue, Arthur K., &quot;Freud's Cocaine Papers&quot;, Festival of Archetypal Psychology, University of Notre Dame, July 1992, gravado por Sounds True of Boulder, Colorado.</s>
    <s>Freud, Sigmund, &quot;The Interpretation of Dreams&quot;, &quot;The Dream of Irma's Injection&quot;, July 1895, traduzido do ingles por James Strachey.</s>
    <s>Freud, Sigmund, &quot;An Autobiographical Study&quot;, by Sigmund Freud, traduzido do ingles por James Strachey, Norton, 1989.</s>
    <s>Jones, Ernest, M.D. &quot;The Life and Work of Sigmund Freud&quot;, Basic Books, 1977.</s>
    <s>Hillman, James, (Editor), &quot;Freud's Cocaine Papers, Foreword by James Hillman&quot;, Dunquin Press, 1963,</s>
    <s>Karch, Steven, B, &quot;A Brief History of Cocaine&quot;, CRC Press, 1998.</s>
    <s>Musto, David F., &quot;The History of Legislative Control Over Opium, Cociane, and their Derivatives&quot;, http://www.druglibrary.org/schaffer/History/ophs.htm (Acessado em 9/9/02)</s>
    <s>Vom Scjheidt, J., &quot;Sigmund Freud und das Kokain,&quot; Psyche 27: 385-429 (973)</s>
    <s>Versão para impressão</s>
    <s>Enviado por visitante (não verificado) em qua, 04/20/2011 - 00:03.</s>
    <s>conheciemnto cientifico</s>
    <s>Naquela epoca nao se tinha o conhecimento dos efeitos da cocaina como tb da maconha.</s>
    <s>Enviado por visitante em ter, 11/23/2010 - 20:16.</s>
    <s>depois deste artigo , vou voltar a usar coca , ate freud usava .hehe</s>
    <s>Enviado por visitante em qua, 10/27/2010 - 22:58.</s>
    <s>um dos melhores artigos sobre Freud ja publicados, ainda mais se tratando da coca que como todos nos sabemos para quem sabea utilizar tona-se mais plausivel do que destruidora!</s>
    <s>Enviado por visitante em qua, 08/18/2010 - 11:36.</s>
    <s>A IMPORTANCIA DO ALCOOL PARA A SOCIEDADE E OS EFEITOS DO ORGANISMO E A CONSEQUENCIA QUE ELE PODE CAUSA NA SOCIEDADE HUMANA.</s>
    <s>Enviado por visitante em sex, 07/30/2010 - 19:22.</s>
    <s>essa noticia me ajudou muito com esse trabalhor de escola eu tirei nota 10</s>
    <s>porisso eu estou deixaano esse recado</s>
    <s>Comentário: *</s>
    <s>Formato de entrada</s>
    <s>Filtered HTML</s>
    <s>Quebras de linhas e parágrafos são feitos automaticamente.</s>
    <s>Tags HTML permitidas: &lt;a&gt; &lt;em&gt; &lt;strong&gt; &lt;cite&gt; &lt;code&gt; &lt;ul&gt; &lt;ol&gt; &lt;li&gt; &lt;dl&gt; &lt;dt&gt; &lt;dd&gt;</s>
    <s>Você pode escrever código PHP. Basta incluir as tags &lt;?php ?&gt;.</s>
    <s>Endereços de páginas de internet e emails viram links automaticamente.</s>
    <s>Full HTML</s>
    <s>Mais informações sobre as opções de formatação</s>
    <s>São 06 Caractéres Esta pergunta é para testar se você é um visitante humano, previnindo submissões automáticas de robôs.</s>
    <s>!CAPTCHA de imagem</s>
    <s>Qual é a sequência na imagem?: *</s>
    <s>Digite o texto exibido na imagem.</s>
    <s>Conteúdo popular</s>
    <s>Desde sempre:</s>
    <s>Causas e consequências da dependência química</s>
    <s>Mapa do Site</s>
    <s>Quais os efeitos imediatos (agudos) do uso da cocaína?</s>
    <s>Drogas Estimulantes (Anfetaminas)</s>
    <s>Jovens e drogas: sociabilidades alternativas. Uma pesquisa antropológica</s>
    <s>O dependente químico em recuperação</s>
    <s>Álcool e adolescência I: Causas do alcoolismo</s>
    <s>A personalidade do usuário de drogas</s>
    <s>Uso e abuso de drogas na adolescência: o que se deve saber e o que se pode fazer</s>
    <s>Tratamento para indivíduos com abuso ou dependência de cocaína e crack</s>
    <s>Quais as conseqüências do uso continuado (crônico) da cocaína?</s>
    <s>O Tratamento da Família na Dependência Química</s>
    <s>GHB: Efeitos do ácido gama-hidroxibutírico (Ecstasy liquido)</s>
    <s>Recaída e síndrome de abstinência</s>
    <s>Solventes e inalantes</s>
    <s>O que é um adicto e 12 Passos</s>
    <s>Esteróides Anabolizantes</s>
    <s>Filhos adolescentes e as dificuldades que os pais enfrentam. Quem precisa de ajuda?</s>
    <s>Os Diferentes Tipos de Drogas de Abuso</s>
    <s>A metanfetamina, droga mais poderosa que o crack, pode &quot;invadir&quot; o Brasil</s>
    <s>Os 12 passos e a recuperação.</s>
    <s>Por que as pessoas usam drogas</s>
    <s>Atualidades &amp; drogas</s>
    <s>A família segundo Roudinesco</s>
    <s>A força do medo - Excluindo o diferente.</s>
    <s>A personalidade do usuário de drogas</s>
    <s>A religiosidade, a espiritualidade e o consumo de drogas</s>
    <s>Alcoolismo: O porre é grotesco</s>
    <s>As trombetas de gedeão: Globalização e Imperialismo</s>
    <s>Banisteriopsis caapi: ação alucinógena e uso ritual.</s>
    <s>Calor humano</s>
    <s>Catástrofe e representação. Notas para uma teoria geral da Psicopatologia Fundamental</s>
    <s>Cidade de Deus: A exclusão e o processo civilizatório</s>
    <s>Cocaína, Freud e sua Noiva.</s>
    <s>Colhendo Incertezas Nos Campos Do Saber</s>
    <s>Comorbidade com transtornos alimentares na apresentação de mulheres dependentes de substâncias</s>
    <s>Consumo de drogas e desempenho acadêmico entre estudantes de medicina no Ceará</s>
    <s>Criação do Centro de Atenção Psicossocial Espaço Vivo</s>
    <s>Da contribuição de fatores psicodinâmicos na gênese da dependência química</s>
    <s>Depressão, suicídio e transtornos por uso de drogas na adolescência</s>
    <s>Dimensão aplicada na análise do comportamento</s>
    <s>Droga como ilusão de felicidade</s>
    <s>Drogadição: As Ilusões da Droga</s>
    <s>Economia e loucura</s>
    <s>Educação: Prevenir ou Formar?</s>
    <s>Formação em alcoolismo e outros hábitos</s>
    <s>Jovens e drogas: sociabilidades alternativas. Uma pesquisa antropológica</s>
    <s>Liberdade ao dependente químico em recuperção</s>
    <s>Maconha e melancolia</s>
    <s>Não Matei Jesus - a desconstrução da culpa</s>
    <s>O Enigma de Kafka (Abordagem Psicopatológica)</s>
    <s>O Sistema do Prazer, as Drogas e a Sociedade!</s>
    <s>O que a mulher espera de um homem</s>
    <s>O toxicomano e o sagrado I</s>
    <s>O toxicomano e o sagrado II</s>
    <s>Poema - Carlos Drumond de Andrade</s>
    <s>Problemas Atuais na Abordagem Terapêutica das Farmacodependências</s>
    <s>Religiosidade e problemas com o álcool: um estudo de caso</s>
    <s>Religião e uso de drogas por adolescentes</s>
    <s>Tratamento psiquiátrico ambulatorial de adolescentes usuários de drogas</s>
    <s>Vergonha e Culpa</s>
    <s>Violência: Não basta garantir vacinação até os seis anos </s>
    <s>!Espaço para publicidade</s>
    <s>!Espaço para publicidade</s>
    <s>(19) 3523-0246</s>
    <s>(19) 8223-6588</s>
    <s>(19) 9886-8495</s>
    <s>Rua Três, 971 Jd Novo I</s>
    <s>Rio Claro SP</s>
    <s>Se o filho nao aprendeu ganhando,</s>
    <s>tem que aprender perdendo ]</s>
    <s>Copyright (C) 2011, Vira Mais Publicidade e Marketing Digital. All Rights Reserved.</s>
  </text>
</page>
