<?xml version="1.0" encoding="UTF-8"?>
<!DOCTYPE page SYSTEM "page.dtd">
<page>
  <lang>pt</lang>
  <url>http://pt.hostelbookers.com/hoteis/eua/miami/39689/</url>
  <title>Red Roof Inn Miami Airport, Miami, E.U.A.: Reserve Hoje Online</title>
  <snippet>
    <s>Ar condicionado. Serviços: Internet sem fio (pequena taxa para alguns quartos) Sala de conferências / reunião / banquetes. Lavanderia operada por moedas </s>
  </snippet>
  <text>
    <s>Você está aqui:</s>
    <s>1. HostelBookers</s>
    <s>2. Hostels</s>
    <s>3. Hostels E.U.A.</s>
    <s>4. Flórida</s>
    <s>5. Hotéis - Miami</s>
    <s>6. Red Roof Inn Miami Airport</s>
    <s>Red Roof Inn Miami Airport !2 estrelas</s>
    <s>3401 Northwest LeJeune Road, I-95 at SR 836, Miami, Flórida, E.U.A. 33142 - 5628</s>
    <s>Ver todos os Hostels em Miami</s>
    <s>Ver todos os Hoteis em Miami</s>
    <s>Red Roof Inn Miami Airport</s>
    <s>Opiniões Red Roof Inn Miami Airport</s>
    <s>Mapas e indicações Red Roof Inn Miami Airport</s>
    <s>!Red Roof Inn Miami Airport</s>
    <s>Classificação geral</s>
    <s>3 de 8 clientes HostelBookers recomendariam 'Red Roof Inn Miami Airport'</s>
    <s>Visão geral</s>
    <s>Ler isto em English Español Français Italiano Português Svenska</s>
    <s>Está localizado a 1,5km do Aeroporto Internacional de Miami, oferecendo traslado permanente gratuto de e para o aeroporto, e um traslado diário para o PortoO hotel tem ainda fácil acesso às áreas de compras, diversão e principais atrações de Miami!</s>
    <s>Bem-vindo ao Red Roof Inn Miami Airport Hotel</s>
    <s>Oferecemos serviço de traslado de para o Aeroporto Internacional de Miami entre 5h e 1h. Para os clientes a caminho de e para um cruzeiro em Miami, o hotel também oferece serviço de traslado para o porto de Miami diariamente às 13h.</s>
    <s>Os quartos standard dispõem de 2 camas de casal que acomodam um máximo de 4 pessoas, com mesa de trabalho, telefone e banheiro privativo.</s>
    <s>Esta localização também dispõe de quartos completos, com acesso gratuito à internet e chamadas telefônicas de longa distância, uma piscina exterior aquecida e café-da-manhã.</s>
    <s>Experimente o nosso serviço em estilo cafeteria, com café moído na hora, 24 horas por dia.</s>
    <s>Serviços e instalações:</s>
    <s>Recepção 24 horas</s>
    <s>Jornais gratuitos</s>
    <s>Quartos não-fumantes</s>
    <s>Animais de estimação admitidos</s>
    <s>Crianças menores de 17 anos não pagam</s>
    <s>Café cortesia</s>
    <s>Chamadas locais gratuitas e mensagens de voz</s>
    <s>Rádios / Despertadores</s>
    <s>TV a cabo</s>
    <s>Data Ports</s>
    <s>Quartos para portadores de necessidades especiais</s>
    <s>Check-in/out expersso</s>
    <s>Armazenamento de bagagem</s>
    <s>Ar condicionado</s>
    <s>Internet sem fio (pequena taxa para alguns quartos)</s>
    <s>Sala de conferências / reunião / banquetes</s>
    <s>Lavanderia operada por moedas</s>
    <s>Serviços de fax / fotocopiadora</s>
    <s>Caixa eletrônico no local</s>
    <s>Este é um local completamente renovado com todas os quartos novos, mobiliário contemporâneo, novos banheiros com bancadas de granito, uma poltrona confortável e mais.</s>
    <s>Amenidades do quarto:</s>
    <s>Acesso à internet T-Mobile de alta velocidade (taxa diária)</s>
    <s>Um bem-comportado animal de estiamação por família é bem-vindo</s>
    <s>Vídeo “sob demanda” com uma seleção de canais de televisão de livre acesso</s>
    <s>Canais pay-per-view de filmes, música e jogos</s>
    <s>Acesso à internet via TV para e-mail e navegação na web (taxa diária)</s>
    <s>O que está incluído</s>
    <s>O que está incluído</s>
    <s>Recolha no aeroporto</s>
    <s>Sala bagagem</s>
    <s>Roupa de cama</s>
    <s>Ar Condicionado</s>
    <s>Aceitam-se cartões de crédito</s>
    <s>Sem horário de entrada obrigatória</s>
    <s>Área de estar</s>
    <s>Recepção 24 horas</s>
    <s>Chuveiro com água quente 24 horas</s>
    <s>Visitas guiadas/Balcão de viagens</s>
    <s>Máquinas de lavar</s>
    <s>Acesso para cadeira de rodas</s>
    <s>Política de cancelamento</s>
    <s>Os hóspedes podem cancelar as suas reservas sem custos até 1 dia antes da chegada. Os depósitos pagos não são reembolsáveis.</s>
    <s>Política fiscal (impostos pagáveis ao local de alojamento)</s>
    <s>Imposto de Vendas 13.00%</s>
    <s>Efetuar reserva</s>
    <s>Insira as suas datas para verificar disponibilidade e preços</s>
    <s>Formato de data inválido</s>
    <s>Data inválida - não pode ser no passado</s>
    <s>Somente podemos aceitar datas no período de 17/10/2011 a 16/10/2012. Por favor, insira novas datas.</s>
    <s>!Por favor, seleccione uma data de check-in</s>
    <s>Noites: 1 2 3 4 5 6 7 8 9 10 11 12 13 14 15 16 17 18 19 20 21 22 23 24 25 26 27 28 29 30 31</s>
    <s>Sem taxas de reserva</s>
    <s>O único site de reservas de grandes dimensões que não cobra taxas de reserva.</s>
    <s>Reservas em grupo?</s>
    <s>Grupo de 10 ou mais para viajar para Miami?</s>
    <s>Contate-nos diretamente</s>
    <s>Feedback Do Cliente</s>
    <s>94% de 201.155 clientes recomendariam HostelBookers para um amigo.</s>
    <s>Ver todos os Hostels em Miami</s>
    <s>Ver todos os Hoteis em Miami</s>
    <s>Veja mais propriedades em Miami</s>
    <s>Hotel Roma</s>
    <s>Holiday Inn Golden Glades</s>
    <s>Airways Inn</s>
    <s>Motel Blu</s>
    <s>Midtown Inn - Port of Miami</s>
    <s>Rodeway Inn</s>
    <s>ChateauBleau Hotel</s>
    <s>River Park Hotel &amp; Suites</s>
    <s>Sobre nós</s>
    <s>Trabalhe conosco</s>
    <s>Inscrição de afiliados</s>
    <s>Inscrição de locais de acomodação</s>
    <s>Inscrição de agências de viagens</s>
    <s>Coloque um link para a nossa página</s>
    <s>Back Office</s>
    <s>Mapa do site</s>
    <s>HostelBookers.com Ltd 2003-2011</s>
    <s>página principal</s>
    <s>!Se encontrar mais barato, devolvemos-lhe o dobro da diferença</s>
    <s>Dansk Deutsch English Español Français Italiano Nederlands Norsk Polski Svenska</s>
    <s>Tem um conta? LOGIN</s>
    <s>Endereço de Email Senha Login Esqueceu sua senha?</s>
    <s>Não tem uma conta?</s>
    <s>Criar conta</s>
  </text>
</page>
