<?xml version="1.0" encoding="UTF-8"?>
<!DOCTYPE page SYSTEM "page.dtd">
<page>
  <lang>pt</lang>
  <url>http://tribunal-relacao.vlex.pt/vid/-30260277</url>
  <title>Acórdão nº 0034286 de Tribunal da Relação de Lisboa, 03 de ...</title>
  <snippet>
    <s>3 dez. 1998 Não tendo sido convocada conferência de pais, ou não chegando nela os pais a acordo, não pode ser dispensado o inquérito sumário a que </s>
  </snippet>
  <text>
    <s>Acórdão nº 0034286 de Tribunal da Relação de Lisboa, 03 de Dezembro de 1998</s>
    <s>Magistrado Responsável: FERNANDES DO VALE</s>
    <s>Articulado como::</s>
    <s>Não tendo sido convocada conferência de pais, ou não chegando nela os pais a acordo, não pode ser dispensado o inquérito sumário a que se refere o nº 4 do artº 181º da OTM, integrando nulidade a sua falta.</s>
    <s>Resumo do conteúdo do documento.</s>
    <s>Acórdão nº 0034286 de Tribunal da Relação de Lisboa, 03 de Dezembro de 1998</s>
    <s>Resumo do conteúdo do documento.</s>
    <s>Links Patrocinados</s>
    <s>Pesquisas relacionadas</s>
    <s>Argüição de nulidade</s>
    <s>Ação de nulidade</s>
    <s>Conferência Europeia</s>
    <s>Conferência Internacional</s>
    <s>Conferência Marítima</s>
    <s>Conferência Onu</s>
    <s>Inquérito Judiciário</s>
    <s>Inquérito constitucional</s>
    <s>Inquérito policial</s>
    <s>ver las páginas en versión mobile | web</s>
    <s>ver las páginas en versión mobile | web</s>
    <s>© Copyright 2011, vLex. Todos os Direitos Reservados.</s>
    <s>Idioma 中国版 Català Deutsch English Español Euskera Français Galego Italiano Nederlands Português (Brasil) Português (Portugal) Русский</s>
    <s>Conteúdos em vLex Portugal</s>
    <s>Formulário de Contencioso Tributário</s>
    <s>Contratos - como devem ser redigidos</s>
    <s>Pesquisar na vLex</s>
    <s>Países na vLex</s>
    <s>Editoriais na vLex</s>
    <s>Para Profissionais</s>
    <s>Prova gratuita</s>
    <s>Subscrição profissional</s>
    <s>Subscrições empresariais</s>
    <s>Centro para Bibliotecários</s>
    <s>Para Sócios</s>
    <s>Para Sócios Editoriais</s>
    <s>Para Autores</s>
    <s>A respeito de nós</s>
    <s>Centro de Imprensa</s>
    <s>Trabalhe conosco</s>
    <s>Aviso legal</s>
    <s>Outros documentos:</s>
    <s>Acórdão nº 9441129 de Tribunal da Relação do Porto 18 de Outubro de 1995 | Declaração de Rectificação n.º 13-AC/2001 de 30 de Junho de 2001 | Acórdão nº 0013086 de Supremo Tribunal Administrativo 23 de Janeiro de 1997 | aviso n.º 16779/2008 de 29 de maio de 2008 | Acórdão Inteiro Teor nº RO-3645/1999-000-18.00 de 4ª Turma 01 de Outubro de 2003 | Acórdão nº 70034292045 de Tribunal de Justiça do RS, Décima Terceira Câmara Cível, 11 de Março de 2010 | Acórdão nº 70044496032 de Tribunal de Justiça do RS Vigésima 2ª Câmara Cível 25 de Agosto de 2011 | Acordão de Tribunal Regional do Trabalho 2ª Região Sao Paulo 31 de Março de 2011</s>
    <s>Acesso clientes</s>
    <s>1. Toda a vLex Portugal ▼</s>
    <s>Toda a vLex Portugal</s>
    <s>Mais Países</s>
    <s>2. 3. Pesquisar</s>
    <s>4. Pesquisa avançada</s>
    <s>30260277 vlex /</s>
  </text>
</page>
