<?xml version="1.0" encoding="UTF-8"?>
<!DOCTYPE page SYSTEM "page.dtd">
<page>
  <lang>pt</lang>
  <url>http://blog.improveit.com.br/</url>
  <title>Desenvolvimento Ágil - Blog da Improve It</title>
  <snippet>
    <s>Tudo viabilizado, em grande parte, por uma tecnologia chamada Cocoa. aos patrocinadores e aos participantes por terem viabilizado essa conferência. Na próxima quarta, estaremos de volta, com o Workshop: Como se destacar fazendo menos a forma como nossos usuários apresentam seus trabalhos da internet. </s>
  </snippet>
  <text>
    <s>!Improve It</s>
    <s>View site in english !</s>
    <s>Software Livre</s>
    <s>Blog da Improve It !</s>
    <s>Vídeo da palestra feita no Encontro Locaweb de Desenvolvedores</s>
    <s>Publicado por Vinicius Manhães Teles há aproximadamente 1 ano.</s>
    <s>Acaba de sair o vídeo da palestra que fiz no 12o Encontro de Locaweb de Profissionais de Internet em maio de 2010. Conta um pouco da minha história como empreendedor, como a Improve It surgiu, o envolvimento com Extreme Programming, o desencanto com o mundo da consultoria, a criação do Be on the Net é outros assuntos.</s>
    <s>Tags empreendedorismo, video | 9 comentários</s>
    <s>Palestra: Fuja da escravidão antes que ela te alcance</s>
    <s>Publicado por Vinicius Manhães Teles há aproximadamente 1 ano.</s>
    <s>Tive o privilégio de fazer uma palestra na última PythonCampus no LNCC, em Petrópolis, RJ. Os slides estão aí embaixo:</s>
    <s>Fuja da escravidão antes que ela te alcance</s>
    <s>View more presentations from Vinicius Teles.</s>
    <s>Ainda não sei se alguém filmou a apresentação. Mas, se tiver filmado e eu tiver acesso, irei colocar aqui.</s>
    <s>Você também pode baixar os slides nos formatos a seguir:</s>
    <s>Sinta-se à vontade para usar os slides como desejar. Você pode alterá-los e distribuí-los como bem entender. Eu não reservo nenhum direito sobre os slides. Portanto, são seus para fazer o que quiser com eles. Divirta-se;-)</s>
    <s>Tags empreendedorismo, palestra, pythoncampus, startup | 4 comentários</s>
    <s>Publicado por Vinicius Manhães Teles há aproximadamente 1 ano.</s>
    <s>English version</s>
    <s>Você gosta da interface gráfica dos Macs? Quem não gosta, né? Ela é um dos pontos altos da plataforma Macintosh, bem como do iPhone. Tudo viabilizado, em grande parte, por uma tecnologia chamada Cocoa.</s>
    <s>No Mac, é possível criar interfaces gráficas em Cocoa, facilmente, utilizando o Interface Builder. Basta arrastar componentes de um lado para o outro, indicar ações e estabelecer conexões com o código. Ah sim, o código é implementado em Objective-C.</s>
    <s>Objective-C é uma linguagem orientada a objetos que se aproxima bastante das características de Smalltalk. É uma linguagem com conceitos muito interessantes, porém bem verbosa. E pode representar uma barreira razoável para aqueles que gostariam de implementar aplicativos desktop no Mac, ou mesmo aplicativos no iPhone, especialmente se compararmos a outras linguagens como Ruby.</s>
    <s>Pois Ruby é uma linguagem que foi feita com o objetivo de facilitar a vida do programador. É fácil, muito simples, extremamente expressiva e, de um modo geral, adorada por aqueles que a utilizam, incluindo eu mesmo. :-)</s>
    <s>Então, de um lado temos uma tecnologia excepcional para interfaces gráficas, chamada Cocoa e de outro uma linguagem excelente chamada Ruby. Não seria ótimo se pudéssemos juntar as duas e ter o melhor dos dois mundos? Bem, isso já é possível há algum tempo usando, por exemplo, o RubyCocoa, que faz uma ponte entre Ruby e Objective-C. Entretanto, atualmente há uma opção ainda melhor chamada MacRuby.</s>
    <s>MacRuby é uma versão do Ruby 1.9, portada para rodar diretamente sobre tecnologias que formam o core do Mac OS X tais como o runtime do Objective-C e o garbage collector, entre outros. A ideia é poder criar aplicações desktop no Mac OS X, sem sacrificar o desempenho, usando todos os benefícios do Ruby. Ainda está em desenvolvimento, mas o que está pronto já faz muito e o projeto como um todo é extremamente promissor.</s>
    <s>Nestes últimos dias implementei uma pequena funcionalidade usando MacRuby e Cocoa. É algo útil para nosso dia a dia, embora bem básico, com o objetivo de configurar novos domínios DNS do Slicehost, que é onde hospedamos nossos sites. Irei disponibilizar o código no GitHub em breve.</s>
    <s>Achei muito fácil fazer a implementação usando Cocoa e MacRuby, de modo que pude comprovar que o propósito do projeto MacRuby está sendo cumprido, ao menos naquilo que usei até o momento. Estou muito empolgado com tudo o que é possível fazer usando MacRuby, sobretudo com a agilidade e a facilidade de desenvolver dessa forma. Sendo assim, gostaria de recomendar aos interessados que deem uma olhada nele com carinho.</s>
    <s>Vale dizer que eu já tinha algum conhecimento de Cocoa e Objective-C antes de fazer esse aplicativo. Minha principal referência tem sido o livro Cocoa Programming for Mac OS X.</s>
    <s>Gostaria de agradecer ao Matt Aimonetti, que gentilmente me falou sobre o MacRuby, no Hora Extra, quando esteve aqui no Rio recentemente. O que, além de tudo, demonstra a importância de participar sempre do Hora Extra. :-)</s>
    <s>E se você ainda não tiver se empolgado pelo MacRuby, aí vão algumas informações adicionais. O projeto é patrocinado pela própria Apple que tem grande interesse nele. De fato, o criador do projeto MacRuby, o belga Laurent Sansonetti trabalha na Apple e atualmente é pago pela empresa para trabalhar basicamente no MacRuby. Por que?</s>
    <s>Porque em um futuro próximo, poderemos desenvolver aplicativos para o iPhone usando MacRubyE isso abre espaço para que uma enorme leva de programadores Ruby comecem a produzir aplicativos para o iPhone. Portanto, se você ainda não programa em Ruby, talvez esteja aí o empurrãozinho que faltava. ;-)</s>
    <s>Tags cocoa, desktop, macruby, objectivec, ruby | 2 comentários</s>
    <s>Palestra no Rails Summit 2009</s>
    <s>Publicado por Vinicius Manhães Teles há aproximadamente 1 ano.</s>
    <s>O Rails Summit 2009 foi um evento excepcional. Mais uma vez, gostaria de deixar meu muitíssimo obrigado ao Akita, à Locaweb, aos demais organizadores, aos patrocinadores e aos participantes por terem viabilizado essa conferência. Estão todos de parabéns. Foi fantástica.</s>
    <s>O Hugo Borges gentilmente filmou várias palestras e colocou à disposição. Isso é bem legal e já vai adiantar as coisas até que os vídeos oficiais sejam liberados. A minha apresentação pode ser vista abaixo ou diretamente, no Blip.tv.</s>
    <s>Veja também as as demais apresentações do Rails Summit 2009 filmadas pelo Hugo.</s>
    <s>Durante a conferência, tive a oportunidade de reencontrar muitos amigos e fazer muitos outros. Depois, várias pessoas vieram aqui para o Rio e nos divertimos muito, com direito a Festa Framps no último sábado, encerrando com chave de ouro uma semana para lá de divertida. Já estou na expectativa para o Rails Summit 2010:-)</s>
    <s>Tags railssummit, rails summit 2009 | 14 comentários</s>
    <s>Vídeo da palestra Marketing na internet, no mundo da abundância</s>
    <s>Publicado por Vinicius Manhães Teles há mais de 2 anos.</s>
    <s>A palestra Marketing na internet, no mundo da abundância, realizada na última quarta-feira, 30/09/2009, foi gravada e pode ser vista abaixo. Também é possível baixar o PDF dos slides.</s>
    <s>Na próxima quarta, estaremos de volta, com o Workshop: Como se destacar fazendo menos e colhendo mais.</s>
    <s>Workshop: como se destacar fazendo menos e colhendo mais</s>
    <s>Dia: Quarta-feira, 07 de outubro de 2009</s>
    <s>Horário: das 14h às 18h (horário de Brasília)</s>
    <s>Investimento: R$ 199,00</s>
    <s>Onde: no seu computador através do TreinaTom</s>
    <s>Instrutores: Patricia Figueira e Vinícius Teles</s>
    <s>Veja o conteúdo completo. Faça sua inscrição o quanto antes e garanta sua vaga.</s>
    <s>Tags fotografia, marketing, palestra, slides, video, workshop | 1 comentário</s>
    <s>Palestra: marketing na internet, no mundo da abundância</s>
    <s>Publicado por Vinicius Manhães Teles há mais de 2 anos.</s>
    <s>Na próxima quarta-feira, 30 de setembro de 2009, às 15h, nós teremos um bate-papo. Vamos conversar sobre como promover seu negócio na internet.</s>
    <s>Por que falar disso? Porque talvez seja a habilidade mais importante que um empreendedor tenha que dominar atualmente.</s>
    <s>ParticipeÉ muito fácil, é de graça e você não precisará nem sair de casa.</s>
    <s>Faça sua inscrição o quanto antes. Você receberá a confirmação por email, com as instruções necessárias para ter acesso à palestra.</s>
    <s>Serão dois palestrantes, a fotógrafa Patricia Figueira e Vinícius Teles, autor de &quot;O Mundo de Joana&quot;.</s>
    <s>Inscreva-se jáE divulgue nas listas de discussão, no Orkut, no Facebook, no TwitterEnvie esse convite por email para seus amigos. Participe!</s>
    <s>Palestra: Marketing na internet, no mundo da abundância.</s>
    <s>Dia: Quarta-feira, 30 de setembro de 2009.</s>
    <s>Horário: 15h (horário de Brasília).</s>
    <s>Onde: no seu computador. Instruções para acesso no email de confirmação.</s>
    <s>Palestrantes: Patricia Figueira (@patfig) e Vinícius Teles (@viniciusteles).</s>
    <s>Faça sua inscrição agora!</s>
    <s>Tags marketing, marketing na internet, mundo da abundância | 7 comentários</s>
    <s>Migrando o Brazilian Rails para Ruby 1.9</s>
    <s>Publicado por Marcos Tapajós há mais de 2 anos.</s>
    <s>Algumas semanas atrás Fernando Luizão migrou o Brazilian Rails para funcionar no Ruby 1.9 mantendo a compatibilidade com o Ruby 1.8.X. Estou para divulgar isso tem alguns dias porém eu não tive muito tempo.</s>
    <s>Ele explicou em detalhes no blog dele tudo que foi necessário fazer.</s>
    <s>Deixo aqui registrado meu muito obrigado ao Fernando.</s>
    <s>Tags brazilianrails, rails, ruby, ruby 1.9 | nenhum comentário</s>
    <s>Entrevista com Luca Bastos no Dev in Rio</s>
    <s>Publicado por Vinicius Manhães Teles há mais de 2 anos.</s>
    <s>Na semana passada estive no Dev in Rio. O evento foi excepcionalJá estamos na expectativa pela próxima edição.</s>
    <s>No final do evento, entrevistei Luca Bastos, que está sempre presente no eventos mais bacanas. Há tempos que queria gravar um bate-papo com ele. O resultado está abaixo:</s>
    <s>Entrevista com Luca Bastos from Improve It on Vimeo.</s>
    <s>Tags devinrio, entrevista, luca bastos | 16 comentários</s>
    <s>Ruby on Rails com CouchDB usando Couchrest</s>
    <s>Publicado por Vinicius Manhães Teles há mais de 2 anos.</s>
    <s>No último sábado participei do Rails for Kids, um excelente evento organizado pela eGenial. Minha apresentação foi sobre como utilizar Ruby on Rails com CouchDB, com a ajuda da gem Couchrest. Para facilitar a apresentação e passar o máximo de informação nos trinta minutos disponíveis, optei por fazer um screencast, que mostra o básico dessa integração do Rails com o CouchDB.</s>
    <s>Você pode ver o screencast abaixo.</s>
    <s>Ruby on Rails com CouchDB usando Couchrest from Improve It on Vimeo.</s>
    <s>O vídeo termina de forma um tanto abrupta, porque tentei me manter o máximo possível dentro do limite de tempo, deixando ainda alguns minutos livres para responder a perguntas. Seja como for, é possível fazer muita coisa com o CouchDB usando os conceitos básicos mostrados no vídeo.</s>
    <s>Como gostei da experiência de preparar este, é possível que eu faça outros futuramente, inclusive dando sequência ao que está aí. Espero que seja útil.</s>
    <s>Tags couch, couchdb, couchrest, rails, rest, rubyonrails, screencast | 8 comentários</s>
    <s>Screencast no suporte: uma parceria que deu certo</s>
    <s>Publicado por Vinicius Manhães Teles há mais de 2 anos.</s>
    <s>Foto de Bryce Johnson (CC)</s>
    <s>A palavra suporte logo nos faz pensar em call center e todo o sofrimento habitual de conversar com pessoas que nunca conseguem resolver nosso problema. Ao criarmos o Be on the Net, passamos a ter que dar suporte também. A questão é como fazer isso de modo apropriado e economicamente viável.</s>
    <s>A solução que encontramos foi investir pesadamente na criação de screencasts. Criamos um screencast para cada assunto que precisamos ensinar aos nossos usuários. Alguns tópicos nem têm a ver diretamente com o uso do Be on the Net, mas são questões que afetam a forma como nossos usuários apresentam seus trabalhos da internet. Então, nos interessa ajudar e orientar as pessoas, tanto quanto possível.</s>
    <s>O investimento nos screencasts foi considerável. Foram meses de trabalho até alcançarmos a base de vídeos que temos hoje. São vídeos que tipicamente são vistos apenas por nossos clientes. Mas, resolvemos publicar um aqui, para que vocês possam ter uma ideia.</s>
    <s>O vídeo abaixo mostra como colocar tags em fotos, usando o Lightroom. Na verdade é útil para qualquer fotógrafo, mesmo aqueles que não usam o Be on the Net. Por isso resolvemos publicá-lo.</s>
    <s>O screencast permite que o cliente aprenda no seu próprio ritmo. Além disso, o cliente vê o que deve fazer, ao invés de apenas escutar as instruções por telefone e tentar interpretá-las.</s>
    <s>Nós ainda atendemos algumas ligações de clientes, sobretudo quando ainda há algum assunto que não ficou suficientemente claro nos screencasts. Mas, sabemos que o volume seria muito maior se não tivéssemos investido na criação deles. De fato, esse investimento que fizemos é uma das coisas que tem possibilitado que continuemos tendo pouca gente cuidando do Be on the Net. Na maior parte do tempo, somos apenas eu e o Leandro cuidando de tudo. E a vida segue em paz, mesmo com a entrada de cada vez mais clientes.</s>
    <s>Essa é uma estratégia que recomendo fortemente. Quanto ao software, usamos o ScreenFlow, no Mac. É excepcional e muito fácil de usar.</s>
    <s>Tags beonthenet, empreendedorismo, produto, screencast, suporte | 3 comentários</s>
    <s>Artigos antigos: 1 </s>
    <s>Blog do Be on the Net</s>
    <s>Alguns clientes do Be on the Net</s>
    <s>Patricia Figueira</s>
    <s>Paulo Zanela Fotografia e Video Digital</s>
    <s>Nelson Rodrigues Silva</s>
    <s>Vinícius Manhães Teles</s>
    <s>Rogério von Krüger</s>
    <s>Pevecerca Serrana</s>
    <s>Adriana Pimenta Produções</s>
    <s>WE Produções</s>
    <s>Dinho Ferreira fotografias</s>
    <s>FC Reportagem Foto e Vídeo</s>
    <s>Objectiva Fotografia</s>
    <s>Daniel Kibaltchiche Fotógrafo</s>
    <s>Suzane Sabbag</s>
    <s>Thiago Côrtes</s>
    <s>Photo Print Eventos</s>
    <s>Foto Cecílio</s>
    <s>Foto Art Marcia Ribeiro</s>
    <s>Arte Foto MB</s>
    <s>Antonio Carlos Ferreira</s>
    <s>J. C. Xavier</s>
    <s>agile beonthenet brazilianrails conferência design extreme programming fotos java plugin podcast produto rails ruby scrum teste treinamento vídeo workshop xp xprio</s>
    <s>Junho 2010 (1)</s>
    <s>Maio 2010 (1)</s>
    <s>Dezembro 2009 (1)</s>
    <s>Outubro 2009 (2)</s>
    <s>Setembro 2009 (7)</s>
    <s>Agosto 2009 (6)</s>
    <s>Julho 2009 (1)</s>
    <s>Maio 2009 (3)</s>
    <s>Abril 2009 (6)</s>
    <s>Março 2009 (5)</s>
    <s>(C) 2011 Improve It, criadora do Be on the Net. Site foto em 24h. Exemplo de cliente</s>
    <s>Feeds: Podcasts Fotos Comentários Blog.</s>
    <s>Design: Leandro Mello -- valid CSS 2.1!</s>
  </text>
</page>
