<?xml version="1.0" encoding="UTF-8"?>
<!DOCTYPE page SYSTEM "page.dtd">
<page>
  <lang>pt</lang>
  <url>http://agencia.fapesp.br/12657</url>
  <title>Fronteiras da ciência | Agência FAPESP :: Especiais</title>
  <snippet>
    <s>20 ago. 2010 A Royal Society convocou oito membros brasileiros e oito britânicos para área, britânicos e brasileiros, para apresentar conferências de 20 minutos cada. Além dos 27 palestrantes e dos 16 membros do comitê organizador, foram Faculdade de Economia, Administração e Contabilidade está com </s>
  </snippet>
  <text>
    <s>Receba gratuitamente a</s>
    <s>Agia FAPESP</s>
    <s>Portugu/a&gt; | [English</s>
    <s>Revistas Cientcas</s>
    <s>Mais lidas</s>
    <s>Quem somos</s>
    <s>Fale conosco</s>
    <s>Atualize o seu cadastro</s>
    <s>UK-Brazil Frontiers of Science Symposium , promovido pela Royal Society com apoio da FAPESP, reunirientistas de diversas as para debater grandes questdo conhecimento sob a multidisciplinar</s>
    <s>Imprimir Enviar por e-mail</s>
    <s>URL: agencia.fapesp.br/12657</s>
    <s>Fronteiras da ciia</s>
    <s>Por Fo de Castro</s>
    <s>Agia FAPESP - Com o desafio de discutir, sob perspectiva multidisciplinar, importantes questdas fronteiras do conhecimento, cientistas proeminentes do Brasil e do Reino Unido estarreunidos, a partir do dia 27 de agosto, em Itatiba (SP), para o UK-Brazil Frontiers of Science Symposium .</s>
    <s>O evento de quatro dias faz parte do programa Fronteiras da Ciia, uma se de encontros promovidos periodicamente pela Royal Society, em diversos pas, com o objetivo de estimular os participantes a refletir sobre os novos rumos de seus campos de atua, assim como de outras as do saber. O simp anterior foi realizado em Pequim, China, em novembro de 2009.</s>
    <s>O evento no Brasil rganizado pela Royal Society e pela FAPESP, em parceria com British Council, Academia Brasileira de Ciias, Academia Chilena de Ciias e Coopera Reino Unido-Brasil em Ciia e Inova.</s>
    <s>De acordo com um dos coordenadores da organiza do evento, Marcelo Knobel, pritor de gradua e professor do Instituto de Fca Gleb Wataghin (IFGW) da Universidade Estadual de Campinas (Unicamp), a decisde realizar o simp no Brasil tem um significado especial.</s>
    <s>&quot;A Royal Society completa 350 anos em 2010 e estealizando uma se de eventos comemorativos. A escolha do Brasil para sediar uma das principais iniciativas nessa data mostra a importia conquistada pelo pano contexto internacional da ciia&quot;, disse b&gt;Agia FAPESP.</s>
    <s>Para o simp, foram selecionados preferencialmente pesquisadores com menos de 20 anos de doutorado e lideranreconhecida no meio acadco. A participa no evento estrita aos convidados, mas as palestras sertransmitidas integralmente, ao vivo, pela internet.</s>
    <s>Os debates se concentrarem nove temas: &quot;Biocombustis&quot;, &quot;Plasticidade cerebral&quot;, &quot;Sistema da Terra profunda&quot;, &quot;Modelagem matemca de populas e doen&quot;, &quot;Forma e evolu do planeta&quot;, &quot;Mudanclimca e desenvolvimento de plantas&quot;, &quot;Emaranhamento quico&quot;, &quot;Regula de metabolismo energco&quot; e &quot;Jornalismo cientco&quot;.</s>
    <s>A Royal Society convocou oito membros brasileiros e oito britcos para compor o comitrganizador do evento. Depois de um amplo debate, o comitealizou uma reunipresencial, em Londres, para eleger os temas a serem abordados no simp.</s>
    <s>Alde Knobel, o comite organiza oordenado por Richard Kirby, da Escola de Ciia e Engenharia Marinha da Universidade de Plymouth, no Reino Unido.</s>
    <s>&quot;Cada membro indicou trou quatro temas considerados pertinentes. A partir dafizemos uma vota geral. Aldos oito temas escolhidos por esse procedimento, introduzimos um nono, que jornalismo cientco e a percep pa da ciia&quot;, disse Knobel.</s>
    <s>Com os temas definidos, o comitrganizador selecionou trpesquisadores em cada a, britcos e brasileiros, para apresentar conferias de 20 minutos cada. Depois de apresentadas as trperspectivas sobre um tema, os convidados teruma hora para debater.</s>
    <s>Aldos 27 palestrantes e dos 16 membros do comitrganizador, foram convidados outros 27 pesquisadores para participar dos debates. &quot;As palestras terum enfoque geral - jue serapresentadas a cientistas de outras as -, contextualizando os temas. O objetivo omentar a discuss para que cada um possa expandir seus horizontes de pesquisa, refletindo sobre assuntos que normalmente ntemos oportunidade de abordar, devido specializa da ciia&quot;, disse.</s>
    <s>Para Knobel, que tambembro da coordena da a de Fca da FAPESP, essa dinca astante enriquecedora, principalmente quando se leva em conta o perfil dos participantes. &quot;Como scientistas que ainda tmuito pela frente, esse contato com as grandes questcientcas de todas as as tende a gerar parcerias e colaboras internacionais. Essa principal finalidade do simp&quot;, afirmou.</s>
    <s>Sessde debates</s>
    <s>Ao todo, ser70 participantes: 35 brasileiros e 35 britcos. &quot;Neste simp de 2010, no entanto, teremos tamba presende oito cientistas chilenos com o mesmo perfil, e que atuam nas oito as em pauta, convocados pela Academia Chilena de Ciias&quot;, disse Knobel.</s>
    <s>Os tlos das nove sessde debates s Biofuels: new developments, challenges and limitations , Brain plasticity , Deep Earth system , Mathematical modelling of populations and disease , Planet formation and evolution , Plant development and climate change , Quantum entanglement , Regulation of energy metabolism e Science Journalism and Public Perception on Science .</s>
    <s>O evento terarticipa de palestrantes brasileiros do Instituto Ludwig, da Unicamp, da Universidade de SPaulo (USP), do Instituto de Matemca Pura e Aplicada (Impa) e da Universidade Federal de Minas Gerais (UFMG).</s>
    <s>Do lado britco, a programa teralestrantes da Universidade de Bath, da Universidade de Oxford, da Universidade de Plymouth, da Universidade de Warwick, da Universidade de Bristol, da Universidade de Exeter e do Imperial College de Londres.</s>
    <s>Mais informas: www.fapesp.br/frontiersofscience</s>
    <s>Siga a Agia FAPESP</s>
    <s>Boletim Facebook Twitter RSS**</s>
    <s>Intercio em fca com Estados Unidos</s>
    <s>American Physical Society e Sociedade Brasileira de Fca recebem at1/10 propostas de participa de professores e estudantes em eventos de curta dura em instituis do outro pa</s>
    <s>UFSCar lanprograma de apoio a projetos</s>
    <s>Programa de Apoio Administrativo a Projetos de Pesquisa pretende auxiliar pesquisadores da universidade em atividades administrativas que envolvam projetos de pesquisa de grande porte</s>
    <s>Revistas Cientcas</s>
    <s>Alternativa para Alzheimer</s>
    <s>Cientistas descobrem alvo promissor para o desenvolvimento de novos medicamentos contra danos provocados por doen neurodegenerativas e AVC</s>
    <s>Parcerias com cientistas dos Estados Unidos</s>
    <s>Programa piloto da USAID e NSF recebe, at0 de novembro, propostas para projetos a serem desenvolvidos em parceria com por pesquisadores de pas em desenvolvimento</s>
    <s>Residia mca em fisiatria</s>
    <s>Hospital das Clcas da Faculdade de Medicina da USP oferece dez vagas remuneradas. Inscris at7 de outubro</s>
    <s>FAPESP recebe homenagem da Esalq</s>
    <s>Funda recebeu trofSemeador e placa em homenagem aos seus 50 anos durante sesssolene de encerramento da 54 Semana Luiz de Queiroz</s>
    <s>Parceria na pesquisa do cer</s>
    <s>Hospital So-Libane Instituto Ludwig criam Centro de Oncologia Molecular</s>
    <s>Bolsas de estudos na Europa</s>
    <s>Programa de intercio entre USP e UniEuropeia permitir estudantes brasileiros de gradua e pradua estudar na Inglaterra e Ita</s>
    <s>Arte do Vale do Para</s>
    <s>Exposi em Campos do Jordrebras do Acervo Artico-Cultural dos Palos do Governo do Estado de SPaulo, com artistas como Clodomiro Amazonas, Pancetti e Sio Milliet</s>
    <s>Difusda lua portuguesa</s>
    <s>Unesp e Instituto de Educa Internacional dos Estados Unidos celebram acordo para ensinar portugupara estudantes norte-americanos</s>
    <s>AGENDA DE EVENTOS DE CICIA, TECNOLOGIA E INOVAO</s>
    <s>Ciclo de Debates sobre Legisla de Patentes</s>
    <s>De 17/10/2011 a 20/10/2011</s>
    <s>Simp dia-Brasil: Construindo redes de conhecimento via USP</s>
    <s>De 24/10/2011 a 28/10/2011</s>
    <s>35 Encontro Anual da Anpocs</s>
    <s>De 17/10/2011 a 18/10/2011</s>
    <s>Semino Comemorativo do Dia Mundial da Alimenta sobre Alimenta Escolar</s>
    <s>Gestde Desastres Ambientais, Vulnerabilidade e Polcas Pas Urbanas</s>
    <s>De 16/11/2011 a 18/11/2011</s>
    <s>1 Colo Internacional de Humanidades e Humaniza em Saa&gt;</s>
    <s>REPORTAGENS E NOTIAS MAIS LIDAS DO M</s>
    <s>[FAPESP lanBolsa Esto de Pesquisa no Exterior</s>
    <s>Finalidade poiar a realiza de estos de pesquisa de curta e ma dura no exterior por bolsistas da FAPESP. A experiia internacional deve contribuir para a pesquisa que o bolsista desenvolve no pa/li&gt;</s>
    <s>USP primeira no QS University Ranking Latin America</s>
    <s>Das 200 universidades que compo ranking, 65 sdo Brasil. Unicamp estm terceiro e UFMG, em dmo</s>
    <s>Vmas do namoro pela internet</s>
    <s>Estudo feito no Reino Unido indica que mais de 200 mil britcos foram vmas de criminosos que usam dados falsos para desenvolver relacionamentos romicos</s>
    <s>Bolsas de estudos na Europa</s>
    <s>Programa de intercio entre USP e UniEuropeia permitir estudantes brasileiros de gradua e pradua estudar na Inglaterra e Ita</s>
    <s>Alternativa para Alzheimer</s>
    <s>Cientistas descobrem alvo promissor para o desenvolvimento de novos medicamentos contra danos provocados por doen neurodegenerativas e AVC</s>
    <s>BOLETINS DA AGCIA FAPESP</s>
    <s>Escolha o dia para ler o boletim da Agencia FAPESP desde 2003</s>
    <s>AGCIA FAPESP - Rua Pio XI, 1500 - Alto da Lapa - CEP 05468-901 - SPaulo/SP - Brasil</s>
    <s>Tel: (+55) 11 3838 4000 Fax: (+55) 11 3838 4177 - agencia@fapesp.br</s>
  </text>
</page>
