<?xml version="1.0" encoding="UTF-8"?>
<!DOCTYPE page SYSTEM "page.dtd">
<page>
  <lang>pt</lang>
  <url>http://livrespensadores.org/artigos/as-vesperas-da-guerra-de-religioes/</url>
  <title>Às vésperas da &#39;guerra de religiões&#39; | Livres Pensadores.org</title>
  <snippet>
    <s>Autor: Cândido Mendes Depois da revolução árabe vamos, de fato, à democracia? Artigos, Ateísmo — por Mário César em 10 de agosto de 2011 às 14:00 A recente Conferência da Academia da Latinidade, realizada em Barcelona, Tunísia, que rejeitou o laicismo, e o perigo da aparição de partidos únicos, como o </s>
  </snippet>
  <text>
    <s>Publique no LP</s>
    <s>Dâniel Fraga</s>
    <s>Eu, Ateu</s>
    <s>Vela no escuro</s>
    <s>Vídeos Institucionais</s>
    <s>Audio Books</s>
    <s>Comerciais Ateus</s>
    <s>Perguntas &amp; Respostas</s>
    <s>Imprima esta Postagem</s>
    <s>!1 Star!2 Stars!3 Stars!4 Stars!5 Stars (1 votes, average: 5,00 out of 5)</s>
    <s>!Loading Loading </s>
    <s>Às vésperas da 'guerra de religiões'</s>
    <s>Artigos, Ateísmo -- por Mário César em 10 de agosto de 2011 as 14:00</s>
    <s>Originalmente postado no blog Conteúdo Livre.</s>
    <s>Autor: Cândido Mendes</s>
    <s>Depois da revolução árabe vamos, de fato, à democracia? Ou estamos mergulhando no fundamentalismo, no Ocidente ou no Oriente Médio, num sentimento defensivo de identidade e não de efetiva coexistência internacional? A recente Conferência da Academia da Latinidade, realizada em Barcelona, examinou este contraponto, onde está em causa a possível regressão do pluralismo político sob o álibi do arranco democrático e do abate das ditaduras no Mediterrâneo muçulmano. Começam as interrogações com a reforma constitucional da Tunísia, que rejeitou o laicismo, e o perigo da aparição de partidos únicos, como o da Fraternidade Muçulmana, num novo alinhamento pressentido das forças políticas, no Egito.</s>
    <s>No pano de fundo, levanta-se o risco de que o Mediterrâneo árabe ressuscite a identidade muçulmana numa reprise da revolução iraniana. E isto, já, quando o acirramento do terrorismo abre o espectro de uma “guerra de religiões”. A luta pelas novas liberdades na região, tal como evidencia a Líbia, não pode implicar a falta de uma verdadeira consciência de mudança na regressão ao complexo tribal, nos rachas clânicos entre Trípoli e Benghazi, frente a um país em que o protagonismo de Kadhafi despertou o sentimento da frágil nacionalidade emergente. Não é outra, aliás, a situação do Iêmen, já devorado pelas hierarquias familiares, inclusive, com a instalação mais profunda em toda a área dos enclaves da Al-Qaeda.</s>
    <s>A Conferência de Barcelona debruçou- se, ao mesmo tempo, sobre o reflexo da dita primavera democrática árabe sob um Ocidente, hoje, instintivamente defensivo, e numa contradição crescente com que o século XXI se via como da cultura da paz, da universalização da cidadania e da laicidade. Já, nos tempos do Bushismo, os EUA se identificaram com a defesa de um fundamentalismo cristão, e o novo radicalismo republicano expresso no tea party advoga, sumariamente, a reivindicação dos árabes do território, de par com a luta contra o aborto e a proscrição do casamento gay. Os EUA, depurados, investem contra os chicanos, e a sua só aparência permite a prisão sumária, sob a presunção de clandestinidade, no estado do Arkansas.</s>
    <s>A mesma vaga exclusivista se abate sobre a Europa, quando Angela Merkel renega o multiculturalismo e Cameron prega uma imigração “boa”, liberta crescentemente de árabes. Num claro contraste, a América Latina já parece ter superado o perigo fundamentalista, levantado nas últimas décadas, com a criação do país Aymara, na Bolívia, e do Quéchua, no Equador. A nova Constituição de Morales avança no verdadeiro pluralismo, constituindo um Estado com muitas nações e fugindo da armadilha identitária no sentimento coletivo.</s>
    <s>Mas o que a Conferência de Barcelona arrematou foi o começo de uma verdadeira prospectiva na globalização emergente. Ao mais, a hegemônica, de há uma década, mais a da coexistência com os Brics e a superação, de vez, de um mundo de centros e periferias.</s>
    <s>CÂNDIDO MENDES é membro da ABL e presidente do senior board do Conselho Internacional de Ciências Sociais da Unesco.</s>
    <s>Originalmente postado no blog Conteúdo Livre.</s>
    <s>Autor: Cândido Mendes</s>
    <s>Sobre Mário César</s>
    <s>Sou um apaixonado por ciências em geral e até mesmo por ufologia (mas com uma visão científica/cética). Sou formando em Ciência da Computação e pretendo fazer mestrado assim que possível. Depois, gostaria de me formar em astronomia ou astrobiologia também.</s>
    <s>Todas as postagens de Mário César</s>
    <s>A Terra segundo a Bíblia</s>
    <s>Deus perdendo o monopólio</s>
    <s>PORQUE SOU CONTRA O DESARMAMENTO</s>
    <s>Tags: árabe, Conteúdo Livre, democracia, Egito, Fraternidade Muçulmana, fundamentalismo, guerra, laicismo, Oriente Médio, religiões, revolução, Tunísia</s>
    <s>0 Comentarios</s>
    <s>Voce pode ser o primeiro a deixar um comentario.</s>
    <s>Deixe um Comentario</s>
    <s>Clique aqui para cancelar a resposta.</s>
    <s>Nome (required):</s>
    <s>E-Mail (required):</s>
    <s>Notifique-me sobre novos comentários via e-mail</s>
    <s>!34 - As vesperas da guerra de religioes</s>
    <s>Postagens Relacionadas</s>
    <s>A Primavera Árabe</s>
    <s>O Motivo do Crescimento do Fundamentalismo</s>
    <s>Religião, Tolerância, Laicismo e Secularismo</s>
    <s>Dia dos Professores</s>
    <s>O que os ETs diriam se chegassem por aqui hoje?</s>
    <s>A importância do Estado Laico</s>
    <s>A religião faz bem à saúde?</s>
    <s>O massacre na Noruega: política, religião e as desculpas esfarrapadas</s>
    <s>Postagem coletiva em defesa do Estado Laico</s>
    <s>!31 - Dia dos Professores Dia dos Professores</s>
    <s>15/outubro/2011 18:10</s>
    <s>!The Sagan Series (parte 7) – A longa perspectiva astronômica The Sagan Series (parte 7) - A longa perspectiva astronômica</s>
    <s>15/outubro/2011 14:10</s>
    <s>!64 - Sobre Lideres Sobre Líderes</s>
    <s>14/outubro/2011 14:10</s>
    <s>!desespero A dificuldade do ateu em consolar os aflitos</s>
    <s>14/outubro/2011 07:10</s>
    <s>!Eu, Ateu – Ateu é Adorador do Demônio Eu, Ateu - Ateu é Adorador do Demônio</s>
    <s>13/outubro/2011 16:10</s>
    <s>vando: Deus não existe e se ele existe mesmo então anda a dormir a uns bons anos </s>
    <s>Daniel Sottomaior: Oração intercessória, não intervencionista </s>
    <s>Mário César: Fala, Igor, beleza? Ele é sim, professor de matemática. Mas ele não está mais conos </s>
    <s>Igor Mendonça: O Bernardo (bematematica) também não é professor? </s>
    <s>marlon: é logico que isso é possivel, olhe para as religioes, olhe para politicos ou &quot;bons&quot; advo </s>
    <s>Conciliar a Ciência e a Religião?</s>
    <s>61 comentarios</s>
    <s>O Porquê de Criacionistas serem Estúpidos</s>
    <s>51 comentarios</s>
    <s>A &quot;farsa&quot; da ida do homem à Lua</s>
    <s>33 comentarios</s>
    <s>Discurso de Einstein para os Cristãos</s>
    <s>31 comentarios</s>
    <s>Eu, Ateu - Carnaval e Carnanerd</s>
    <s>29 comentarios</s>
    <s>assinante astronomia ateu ateus Ateísmo Brasil bíblia Carl Sagan ceticismo cientistas ciência contribuição criacionismo cristianismo deus Dilma E-Farsas educação Estado Laico Eu evolução filosofia fé governo Jesus lei Lua morte NASA pastor política PT religião religiões Sagan sociedade Symphony of Science Terra ufologia universo vida video log vlog ygrecco Ônibus Espacial</s>
    <s>Perguntas Feitas</s>
    <s>Experiência Pessoal</s>
    <s>&lt;a href=&quot;http://livrespensadores.org/&quot; mce href=&quot;http://livrespensadores.org/&quot; target=&quot; blank&quot;&gt;&lt;img border=&quot;0&quot; alt=&quot;Livres Pensadores.org&quot; src=&quot;http://lh6.ggpht.com/ 25pDjsdjolQ/TNSgK1CylTI/AAAAAAAAAFk/u8d6kvYMhVc/Banner%20240x60.jpg&quot; mce src=&quot;http://lh6.ggpht.com/ 25pDjsdjolQ/TNSgK1CylTI/AAAAAAAAAFk/u8d6kvYMhVc/Banner%20240x60.jpg&quot;/&gt;&lt;/a&gt;</s>
    <s>Quer nos fazer uma doaçao e nos ajudar a manter o site? Caso positivo, clique no botão abaixo.</s>
    <s>Página no Facebook</s>
    <s>!Não Alimente os Trolls</s>
    <s>Links Administrativos</s>
    <s>Posts RSS</s>
    <s>RSS dos comentários</s>
    <s>Contador de Acessos</s>
    <s>Veja Nossas Estatísticas</s>
    <s>!Se Inscrever no RSS Se Inscrever no RSS</s>
    <s>Publique no LP</s>
    <s>Copyright (C) Livres Pensadores.org 2011. Todos os Direitos Reservados.</s>
    <s>Monetizado com WP-HOTWords.</s>
    <s>*RSS: em inglês: Really Simple Syndication</s>
  </text>
</page>
