<?xml version="1.0" encoding="UTF-8"?>
<!DOCTYPE page SYSTEM "page.dtd">
<page>
  <lang>pt</lang>
  <url>http://pt.press.toshiba.eu/pt/articles/videolist/press_video_TW2011_cambridge_research</url>
  <title>Toshiba Europe GmbH - Conferência de imprensa Toshiba World 2011</title>
  <snippet>
    <s>Veja o video do Workshop Toshiba Cambridge Research, na conferência de imprensa Veja o video do Workshop Toshiba Cambridge Research, na conferência de </s>
  </snippet>
  <text>
    <s>Seleccione o país Alemanha (Alemão) Europa (Inglês) França (Francês)</s>
    <s>Toshiba no Mundo</s>
    <s>Toshiba Portugal</s>
    <s>Comunicados de imprensa</s>
    <s>Vídeos de lançamento de produtos</s>
    <s>Galeria de imagens</s>
    <s>Informação útil</s>
    <s>Press Kits</s>
    <s>!Início !Content Videolist</s>
    <s>Workshop Toshiba Cambridge Research</s>
    <s>Veja o video do Workshop Toshiba Cambridge Research, na conferência de imprensa Toshiba World 2011.</s>
    <s>1 2 3 10</s>
    <s>Toshiba World 2011</s>
    <s>Veja o vídeo.</s>
    <s>Visualizar Link para partilha</s>
    <s>High resolution</s>
    <s>MP4, 114.7 MB</s>
    <s>1 2 3 10</s>
    <s>Menções legais</s>
    <s>Copyright © 2010 Toshiba Europe GmbH. Todos os direitos reservados.</s>
    <s>Comunicados de imprensa</s>
    <s>Vídeos de lançamento de produtos</s>
    <s>Galeria de imagens</s>
    <s>Informação útil</s>
    <s>Press Kits</s>
  </text>
</page>
