<?xml version="1.0" encoding="UTF-8"?>
<!DOCTYPE page SYSTEM "page.dtd">
<page>
  <lang>pt</lang>
  <url>http://entipografia.web.ua.pt/submissao.html</url>
  <title>Encontro Nacional de Tipografia: Submissão de trabalhos</title>
  <snippet>
    <s>Os Artigos devem ser submetidos no formato MS Word (.doc) de forma a ser possível compilar e formatar as atas da conferência. Os Posters devem ser </s>
  </snippet>
  <text>
    <s>You cannot not communicate</s>
    <s>Erik Spiekermann</s>
    <s>02 / set / 2011</s>
    <s>Entrega das versoes finais</s>
    <s>As versoes finais dos trabalhos devem ser entregues ate dia 15 de Setembro. Para isso devem proceder a sua identificaçao segundo as instruçoes que disponibilizamos online para os Artigos e para os Posters.</s>
    <s>Uma vez atualizadas, as versoes finais devem ser submetidas na plataforma EasyChair selecionando a opçao do menu superior &quot;My Submissions &gt; Paper XX&quot; e a opçao do menu lateral &quot;Submit a new version&quot;.</s>
    <s>Os Artigos devem ser submetidos no formato MS Word (.doc) de forma a ser possivel compilar e formatar as atas da conferencia.</s>
    <s>Os Posters devem ser submetidos no formato Adobe PDF, (.pdf) e entregues em versao impressa, em tamanho A1, na Universidade de Aveiro ao cuidado de:</s>
    <s>&gt; Pedro Amado / Encontro Nacional de Tipografia</s>
    <s>Departamento de Comunicaçao e Arte</s>
    <s>Universidade de Aveiro</s>
    <s>Campus Universitario de Santiago</s>
    <s>3810-193 Aveiro</s>
    <s>Aproveitamos para informar os autores dos artigos que terao 8 minutos para a comunicaçao e 4 minutos para perguntas e respostas. De forma a uniformizar as apresentaçoes, disponibilizamos um modelo online.</s>
    <s>Devem enviar-nos as vossas apresentaçoes (formato PPT, ou PDF) ate dia 25 de Setembro para podermos testar e preparar o equipamento informatico necessario.</s>
    <s>04 / mai / 2011</s>
    <s>Submissao de trabalhos</s>
    <s>A submissao deve ser feita atraves da plataforma EasyChair: https://www.easychair.org/conferences/?conf=ent2011</s>
    <s>As comunicaçoes e projetos irao ser apreciadas pela Comissao Tecnica e Cientifica, que pode sugerir correcçoes as submissoes. Devem ser redigidas em portugues, nao podendo ter elementos que as identifiquem. O sistema de submissao ira realizar esse registo que obedece aos seguintes parametros:</s>
    <s>Submissao no sistema</s>
    <s>Resumo ate 500 palavras;</s>
    <s>Categoria (comunicaçao ou poster);</s>
    <s>Topicos (areas de interesse);</s>
    <s>Ficheiro anexo em formato WORD (comunicaçoes), ou em PDF (poster).</s>
    <s>Comunicaçoes escritas</s>
    <s>Formato MS Word (.doc) (sem elementos de identificaçao);</s>
    <s>Corpo da comunicaçao entre 2500 a 5000 palavras;</s>
    <s>Referencias formatadas na Norma NP405 (consultar referencias online)</s>
    <s>Download do modelo com instruçoes (.doc).</s>
    <s>Formato A1 vertical em pdf</s>
    <s>Download do modelo (.ai)</s>
    <s>Os trabalhos aceites serao publicados em formato eletronico online, com ISBN.</s>
    <s>(em atualizaçao)</s>
    <s>inicioconferenciaapelo a comunicaçoesareas</s>
    <s>de interessecomissoesdatas importantessubmissao e apresentaçaoinscriçao programalocais e contactosatas</s>
  </text>
</page>
