<?xml version="1.0" encoding="UTF-8"?>
<!DOCTYPE page SYSTEM "page.dtd">
<page>
  <lang>pt</lang>
  <url>http://revistas.unipar.br/akropolis/article/view/1410/1233</url>
  <title>O INÍCIO DA ABORDAGEM AMBIENTAL NOS PLANOS DE ...</title>
  <snippet>
    <s>RESUMO: A preocupação ambiental marcou as grandes conferências mundiais, principalmente a Aceito em junho/2007 planejamentos para o desenvolvimento das cidades, pode ser .. o artigo 182 da Constituição Federal, fixando os </s>
  </snippet>
  <text>
    <s>Portable Document Format (PDF)</s>
    <s>O documento PDF escolhido deverá abrir no navegador, caso o plug-in de leitura de PDF tenha sido instalado (por exemplo, uma versão atualizada do Adobe Acrobat Reader). Também é possível baixar o documento para o computador, onde pode ser lido através de um leitor de PDF. Para maiores iformações sobre como imprimir, salvar e trabalhar com PDFs, o portal Highwire Press possui um Frequently Asked Questions about PDFs. Outro endereço para ajuda é portal Baciotti em português.</s>
    <s>Caso o documento não seja baixado automaticamente, clique aqui.</s>
  </text>
</page>
