<?xml version="1.0" encoding="UTF-8"?>
<!DOCTYPE page SYSTEM "page.dtd">
<page>
  <lang>pt</lang>
  <url>http://oficina.inclusaodigital.gov.br/%3Fq%3Dnode/246</url>
  <title>9ª Oficina chega ao fim com mensagem da sociedade civil | 9ª ...</title>
  <snippet>
    <s>25 jun. 2010 CET / CNTC &middot; Cidade de Brasília O coordenador do Comitê Técnico para a Inclusão Digital e presidente da Dataprev, Rodrigo Novo patamar: os três programas e os próximos dez anos. para conquistar capilaridade suficiente para construirmos uma conferência nacional de Inclusão Digital. </s>
  </snippet>
  <text>
    <s>﻿ Se seu navegador nao suportar JavaScript. Algumas funcionalidades nao serao exibidas, estamos trabalhando para disponibilizar mais breve possivel as funcionalidades sem javascript. Se seu navegador nao suportar JavaScript. Algumas funcionalidades nao serao exibidas!</s>
    <s>9° Oficina para Inclusao Digital</s>
    <s>!22 a 24 de Junho de 2010 - Brasília - DF</s>
    <s>Estou em: Início » 9ª Oficina chega ao fim </s>
    <s>Tamanho do texto:</s>
    <s>Maior Menor</s>
    <s>Menu principal</s>
    <s>Blog 9o Oficina *</s>
    <s>A Oficina</s>
    <s>CET / CNTC</s>
    <s>Cidade de Brasília</s>
    <s>Dicas importantes</s>
    <s>O Clima</s>
    <s>Hospedagem / Restaurantes</s>
    <s>Dia 22</s>
    <s>Dia 23</s>
    <s>Dia 24</s>
    <s>Atividades Internas</s>
    <s>Sociedade Civil</s>
    <s>Inscreva-se no evento</s>
    <s>1ª OID</s>
    <s>2ª OID</s>
    <s>5ª OID</s>
    <s>6ª OID</s>
    <s>Carta de Salvador</s>
    <s>Documento de Salvador - ECCO</s>
    <s>7ª OID</s>
    <s>8ª OID</s>
    <s>9ª OID</s>
    <s>Mapa do Site</s>
    <s>9ª Oficina chega ao fim com mensagem da sociedade civil</s>
    <s>A 9ª Oficina para a Inclusão Digital teve suas atividades encerradas na quarta-feira, 24, mas deixa como legado um sentimento de esperança para todos os seus participantes, que por três dias participaram de debates, oficinas, palestras e plenárias, analisando o passado e debatendo o futuro da inclusão digital na sociedade brasileira.</s>
    <s>O coordenador do Comitê Técnico para a Inclusão Digital e presidente da Dataprev, Rodrigo Assumpção, considera-se satisfeito com o resultado final da 9ª Oficina: “Foram mais de 1.300 pessoas inscritas, entre representantes de todos os estados. Estou muito feliz por ver que este projeto, iniciado dez anos atrás, dá cada vez mais resultados e continua firme e forte no seu objetivo de garantir a inclusão digital”, disse.</s>
    <s>Ao completar 10 anos de discussão como política pública, a inclusão digital passou de um ideal para uma certeza cada vez mais consolidada. Para Rodrigo, a estrutura está pronta para novas conquistas. “Olhamos para trás e vimos que a vivência do passado foi interessante e enriquecedora, e com essa experiência adquirida queremos traçar metas para a próxima década”, finalizou o coordenador.</s>
    <s>Durante a cerimônia de encerramento também foram apresentados os Tópicos de Brasília, conjunto de propostas apresentadas às autoridades após os três dias do encontro. Onze entidades participaram da confecção do documento. A diretora do Coletivo Digital, Beatriz Tibiriça, foi a escolhida para apresentar os Tópicos de Brasília. “Decidimos na reunião que não seria redigida uma carta, como em anos anteriores, mas sim um conjunto de tópicos. As propostas estão em aberto para incluir a participação da sociedade. Pretendemos consolidar a nossa posição e preparar o terreno para obstáculos futuros. Vamos continuar lutando para garantir o direto à inclusão digital para todos os brasileiros”, explicou Beatriz.</s>
    <s>Tópicos de Brasília – 9ª Oficina para a Inclusão Digital</s>
    <s>● Novo patamar: os três programas e os próximos dez anos.</s>
    <s>● Garantir, qualquer que seja o governo, a universalização da inclusão digital para o povo brasileiro.</s>
    <s>● Rever a forma com está se estabelecendo as relações entre o governo e a sociedade civil.</s>
    <s>Exemplo 1: complementar os grandes convênios com prêmios menores que não comprometam a continuidade das entidades.</s>
    <s>Exemplo 2: a criação de uma lei específica para tratar convênios com a sociedade civil.</s>
    <s>● O nosso movimento mantém-se autônomo e independente, mas</s>
    <s>deve continuar a atuar dentro de outros movimentos e outras conferências para conquistar capilaridade suficiente para construirmos uma conferência nacional de Inclusão Digital.</s>
    <s>● Apropriação, por parte das iniciativas de Inclusão Digital, do Fórum da Cultura Digital Brasileira como um ambiente de construção de políticas públicas para a cultura e a ID.</s>
    <s>● Construir encontros regionais ou estaduais, para preparar a oficina nacional, elegendo os delegados que serão financiados pela oficina para participar do encontro nacional.</s>
    <s>● Buscar financiamento para a participação dos conselhos gestores e entidades locais na Oficina Nacional de Inclusão Digital.</s>
    <s>● Rever o formato da oficina, para que as atividades formativas não conflitem com as atividades de discussão política da inclusão digital. Além de ampliar os espaços onde as entidades locais possam expressar suas dificuldades e propor soluções.</s>
    <s>● Dentro do Telecentros.BR propor a descentralização das atividades formativas e a criação de redes temáticas como uma rede de manutenção e suporte, que será necessária nos próximos meses.</s>
    <s>● Eleição de representantes da sociedade civil para o Comitê Técnico de Inclusão Digital e para o Comitê Gestor do Programa de Inclusão.</s>
    <s>● Digital, nos moldes do Comitê Gestor da Internet no Brasil (CGI.BR). Os representantes da sociedade civil devem ter assegurados de forma permanente direito a voz e voto dentro desses comitês.</s>
    <s>● Que o Fórum Brasil Conectado transmita em tempo real suas reuniões e tenha estratégias para a incorporação das propostas advindas da sociedade civil.</s>
    <s>● Publicação dos códigos fonte do ONID e permitir o acesso ao seu banco de dados para garantir a governança dos dados em períodos de alternância política.</s>
    <s>Cidadania Digital</s>
    <s>Coletivo Digital</s>
    <s>Fórum Nacional dos Pontos de Cultura</s>
    <s>Fórum da Cultura Digital Brasileira</s>
    <s>Comitê de Educação para a Democratização da Informática – São Paulo/SP</s>
    <s>Programando o Futuro</s>
    <s>Pontão de Cultura Minuano</s>
    <s>Rede Marista de Solidariedade</s>
    <s>O material veiculado neste site poderá ser livremente distribuído</s>
    <s>para fins não comerciais, segundo os termos da licença</s>
  </text>
</page>
