<?xml version="1.0" encoding="UTF-8"?>
<!DOCTYPE page SYSTEM "page.dtd">
<page>
  <lang>pt</lang>
  <url>http://ipaddicas.com/jogos/abrir-conta-appstore-americana/</url>
  <title>Tutorial: Saiba como baixar jogos grátis da AppStore Americana ...</title>
  <snippet>
    <s>25 dez. 2010 Complete todos os dados e aceite receber Newsletter, são sempre Tutorial: Aprenda a passar as fotos tiradas com seu iPad 2 para um Computador com Windows! Gostou deste artigo? Você adicionou seu cartão de crédito na conta brasileira, eles fazem a conferência, e você foi pego no filtro. </s>
  </snippet>
  <text>
    <s>Seu browser n√£o suporta frames</s>
    <s>iPad 2</s>
    <s>Quer ajuda?</s>
    <s>Jogos // Tutoriais</s>
    <s>25/dez/2010 as 19:16</s>
    <s>Tutorial: Saiba como baixar jogos grátis da AppStore Americana sem cartão de crédito</s>
    <s>!Author Publicado por André Darugna !Comments 288 Comentarios</s>
    <s>Olá esse post esta dedicado à Cibele Massardi nossa leitora que deixou um comentário esta semana sobre os jogos que recomendamos no blog.</s>
    <s>&gt; Dizia ela:</s>
    <s>&quot;Estes jogos não estão disponíveis na AppStore Brasileira, então não adianta&quot;.</s>
    <s>Bom nossa leitora tem razão, devido à extrema burocracia que existe no Brasil a Apple desistiu de incorporar e vender jogos na loja brasileira, isso acontece por causa da legislação brasileira que além de burocrática demora muito no processo de aprovação de jogos.</s>
    <s>Este post tenta explicar de forma simples como o usuário poderá fazer abrir uma conta na AppStore americana sem a utilização de cartão de crédito. Lembre-se existem pessoas que abrem sua conta na AppStore Argentina e podem comprar com cartão brasileiro, mas houve casos de usuários que perderam suas contas pois infringiram as normas da Apple no uso do cartão estrangeiro.</s>
    <s>Crie sua conta na AppStore americana sem utilizar cartão de crédito</s>
    <s>!Primeiramente você deve sair da sua conta brasileira.</s>
    <s>O botão para sair é o mesmo de Iniciar Sessão, está localizado do lado direito, bem no topo.</s>
    <s>Caso apareça Iniciar Sessão é sinal de que você não se encontra logado.</s>
    <s>Selecione o país United States</s>
    <s>Agora você deve trocar de país, essa opção está localizada bem no final da página inicial, faça scroll até o final, veja a bandeira do Brasil clique nela, na próxima tela selecione United States.</s>
    <s>Vá para a AppStore</s>
    <s>Feita a troca de loja, você deve ir para a AppStore, procure por este botão.</s>
    <s>Compre um App Grátis</s>
    <s>Agora tente efetuar a compra de um App gratuito, se você não fizer isso não funcionará. Clique no botão cinza comprar (Free/Grátis).</s>
    <s>Você será redirecionado à página de abertura de conta.</s>
    <s>Clique em Create New Account</s>
    <s>Clique em Create New Account (Criar nova conta) nesta janela que se abriu.</s>
    <s>Agora clique em Continue para aceitar as condições da Apple (duas vezes).</s>
    <s>Complete seus dados</s>
    <s>Chegou a hora de você criar sua Apple ID, seu email deverá ser válido e diferente do email que você utilizou na AppStore Brasileira. Ele será seu login posteriormente.</s>
    <s>Complete todos os dados e aceite receber Newsletter, são sempre interessantes e lindos os emails da Apple.</s>
    <s>Selecione a opção de Não Usar Cartão de Crédito</s>
    <s>Agora chegou a hora da verdade, o momento de inserir os dados de cobrança.</s>
    <s>Para o cartão de crédito selecione a opção None (Ninguna), mas no Billing Address você deve completar tudo, um endereço que você pode usar é:</s>
    <s>&gt; 580 Geary Street</s>
    <s>San Francisco, CA 94102, United States</s>
    <s>Phone number: (415) 441-2700</s>
    <s>Não se preocupe o endereço é de um hotel.</s>
    <s>Clique em Continue e agora faça seu primeiro login, um email será enviado com as instruções, siga os passos e pronto, você já pode baixar jogos na AppStore.</s>
    <s>Pronto, baixe jogos grátis à vontade!</s>
    <s>&gt; Importante: você não perderá nada do que já baixou, seu iPad funcionará perfeitamente com duas contas, inclusive poderás estar trocando de uma pra outra quando queiras.</s>
    <s>Caso prefira assista este vídeo explicativo:</s>
    <s>Artigos sugeridos:</s>
    <s>[Resultado Concorra a duas entradas para o Workshop Dominando seu iPad quando o iOS 5 sair!]</s>
    <s>10 Jogos com Desconto por tempo limitado - Edição 30 de Setembro!</s>
    <s>Tutorial: Aprenda a passar as fotos tiradas com seu iPad 2 para um Computador com Windows!</s>
    <s>Angry Frogs, uma cópia do Angry Birds: seu diferencial? É grátis!</s>
    <s>5 dicas essenciais para iniciantes, ou não, no iPad!</s>
    <s>Tags:jogos grátis, tutoriais</s>
    <s>Gostou deste artigo? Compartilhe com seus amigos</s>
    <s>Sobre o Autor: André Darugna (ver posts)</s>
    <s>Brasileiro, publicitário, Apple Evangelist e casado com uma garota fantástica.</s>
    <s>288 Comentarios + Comente</s>
    <s>Cristiano 25 de dezembro de 2010 às 21:49</s>
    <s>Nossa, muito útil esse tutorial, arrasaramVou direto baixar jogos agora… Estava triste que não podia jogar no meu iPad !:)</s>
    <s>Wagner 30 de dezembro de 2010 às 19:38</s>
    <s>Neste processo, não é possível a compra de jogos, certo? Para compra, existe alguma forma para tal?</s>
    <s>André Darugna 30 de dezembro de 2010 às 19:49</s>
    <s>Olá Wagner, para comprar jogos siga este tutorial:</s>
    <s>Um abraço.</s>
    <s>Guia: 10 coisas pra fazer depois de comprar um iPad « iPad Dicas - Absolutamente tudo sobre o iPad 2 de janeiro de 2011 às 3:18</s>
    <s> baixar jogos, deverão criar uma conta na AppStore Americana, o tutorial vocês podem ler aqui: Baixe jogos da AppStore sem cometer crime nem pirataria.para criar a conta na AppStore brasileira, que possibilite você de comprar aplicativos, siga os </s>
    <s>Coletânea: 30 jogos que não podem faltar no seu iPad « iPad Dicas - Absolutamente tudo sobre o iPad 15 de janeiro de 2011 às 1:01</s>
    <s> Caso você não saiba como baixar jogos no Brasil, leia este tutorial: Baixe jogos da AppStore sem cometer Crime nem Pirataria. </s>
    <s>Nathan Campos 21 de janeiro de 2011 às 11:52</s>
    <s>Mas eu ja tenho uma conta na App Store. Teria como eu modificar a nacionalidade sem precisar do cartao de credito(ja tentei, mas precisa)… !:(</s>
    <s>Vagner Venturini 5 de fevereiro de 2011 às 11:36</s>
    <s>Parabéns pelo site… É indispensável para usuários do iPad e o melhor site brasileiro relacionado.</s>
    <s>Quanto a este tópico foi impossível fazer a operaçao. Quando chega na fase de incluir o cartão, não existe mais a opção de deixar sem credit card…</s>
    <s>Vagner Venturini</s>
    <s>André Darugna 5 de fevereiro de 2011 às 14:02</s>
    <s>Olá Vagner, muito obrigado pelos elogios. Este gesto só nos motiva ainda mais para seguir produzindo conteúdo diferenciado para vocês.</s>
    <s>Bom, sobre o tutorial, acabo de realizar um teste para a criação de uma conta americana, seguindo os mesmos passos que descrevo nele.</s>
    <s>Peço por favor que você tente novamente, prestando especial atenção ao passo de &quot;Comprar um App Grátis&quot;. Este passo determina todo o resto.</s>
    <s>Caso você não tenha o cuidado de comprar o App Grátis, não funcionará.</s>
    <s>Por favor tente novamente e nos conte como lhe foi.</s>
    <s>Um abraço e muito obrigado!</s>
    <s>Vagner Venturini 5 de fevereiro de 2011 às 15:24</s>
    <s>BingoAgora simO problema é que estava logando primeiro com o endereço americano antes de comprar o app free. Quando tentei comprar sem fazer o login, deu certoObrigado, muito obrigado novamente.</s>
    <s>André Darugna 5 de fevereiro de 2011 às 15:29</s>
    <s>Ah, que bom que você conseguiu Vagner.</s>
    <s>Obrigado por compartilhar sua experiência!</s>
    <s>Helano 18 de fevereiro de 2011 às 16:43</s>
    <s>Valeu mesmoCada post eh uma ajuda. Grato mesmo!!!!!</s>
    <s>André Darugna 18 de fevereiro de 2011 às 16:51</s>
    <s>Por nada Helano</s>
    <s>Obrigado a você por seguir nosso blog.</s>
    <s>Um grande abraço.</s>
    <s>Ricardo Sena 19 de fevereiro de 2011 às 19:39</s>
    <s>Oi, André, parabéns pelo site. As dicas são valiosas. Mas estava com uma duvida. Criando essa nova conta eu fico com duas? Ou para usar meu cartão de credito como usuário brasileiro tenho q desfazer a conta na App Store americana e recadastrar tudo de novo? Muito obrigadoAbraço. Ricardo.</s>
    <s>André Darugna 19 de fevereiro de 2011 às 22:25</s>
    <s>Obrigado pelo elogios Ricardo.</s>
    <s>Olha, você cria a conta americana e pode usar as duas, basta ir lá embaixo da AppStore e mudar de conta sempre que você quiser.</s>
    <s>Você pode usar até 5 contas no seu iPad sem problema algum.</s>
    <s>Espero ter ajudado. Forte abraço</s>
    <s>Angela 20 de fevereiro de 2011 às 23:36</s>
    <s>Ola Andre, tentando criar a conta…nao posso usar meu end. email da cta brasileira, certo?</s>
    <s>Meu outro end. yahoo.com.br tb nao sera aceito, certo? Vou ter q criar mais um desde que nao seja br.? Alguma sugestao?</s>
    <s>Estou adorando as dicas…Abraco</s>
    <s>André Darugna 20 de fevereiro de 2011 às 23:38</s>
    <s>Pode usar um endereço do yahoo.com.br sim, sem problemas Angela.</s>
    <s>A única obrigação é que seja diferente do que você usou para a conta brasileira.</s>
    <s>Obrigado pelo apoio.</s>
    <s>Um grande abraço!</s>
    <s>Angela 22 de fevereiro de 2011 às 1:06</s>
    <s>Oii Andre,</s>
    <s>Tudo certinho, conta criada, devo ter feito algo errado na primeira tentativa…rsrsrs…</s>
    <s>Me acabando nos apps free…hehehehe…</s>
    <s>Seguindo todas as dicas…valendo, obrigada.</s>
    <s>André Darugna 22 de fevereiro de 2011 às 1:09</s>
    <s>Que ótimo que deu certo</s>
    <s>Fico feliz em ter ajudado…</s>
    <s>Um grande abraço.</s>
    <s>Angela 22 de fevereiro de 2011 às 23:16</s>
    <s>Oi André,</s>
    <s>Agora, estou com todos apps no note e não consigo sincronizá-los no ipad…rsrsrsr…onde está o erro?</s>
    <s>Aguardo ansiosamente um help…</s>
    <s>André Darugna 22 de fevereiro de 2011 às 23:24</s>
    <s>Oi Angela!</s>
    <s>O erro você me dirá onde está hehehe.</s>
    <s>Que mensagem aparece?</s>
    <s>Me responda e te ajudo já na seqüência</s>
    <s>Angela 22 de fevereiro de 2011 às 23:28</s>
    <s>Oiii André,</s>
    <s>Opa, opa…consegui!!Não tinha autorizado a nova conta no itunes…rsrsrsr…</s>
    <s>André Darugna 22 de fevereiro de 2011 às 23:30</s>
    <s>No blog publiquei recentemente um tutorial ensinando como fazer isso!</s>
    <s>Que bom que deu certo.</s>
    <s>Um abraço!</s>
    <s>Angela 23 de fevereiro de 2011 às 0:27</s>
    <s>Pois é André, foi na dedução mesmo… ainda não consegui virar todo o blog do avesso, mas to virando…na próxima deixo a ansiedade de lado e pesquiso,ok.</s>
    <s>Hummm, mas a resposta vem tão rapidinho…heheheheh…sacanagem.</s>
    <s>André Darugna 23 de fevereiro de 2011 às 0:28</s>
    <s>Hehehe. É que estou &quot;sempre alerta&quot; !:)</s>
    <s>Meiriele 23 de fevereiro de 2011 às 1:28</s>
    <s>André, diga uma coisa, fora os games, há mais alguma diferença entre a app store americana e a brasileira?</s>
    <s>Estou na dúvida se vale a pena comprar um ipad ou não, pesquisando…</s>
    <s>André Darugna 23 de fevereiro de 2011 às 1:37</s>
    <s>Olá Meiriele, muito boa a sua pergunta.</s>
    <s>Existe sim uma oferta diferente de aplicativos para uma e outra loja, mas a grande maioria dos aplicativos está disponível em ambas.</s>
    <s>A principal diferença aparente é a falta de jogos, já citada por você.</s>
    <s>Também se diferem a Capa da AppStore e os TOPs de aplicativos, cada país possui ofertas diferentes na capa e claro, os tops se conformam com a preferência dos aplicativos em cada país.</s>
    <s>Entendeu ou confundi mais?</s>
    <s>Se vale a pena comprar um iPad?</s>
    <s>Você tem dúvidas ainda?</s>
    <s>Vá em frente, você vai se apaixonar!</s>
    <s>Um abraço, obrigado por comentar.</s>
    <s>Meiriele 23 de fevereiro de 2011 às 17:27</s>
    <s>André, eu já brinquei em um numa livraria e já me apaixonei!</s>
    <s>Agora, será q não vale a pena esperar a versão nova, agora q está tão pertinho do seu lançamento? Sei q ela vai demorar muito p lançar aqui, mas será que os aplicativos não vão começar a ficar defasados para o ipad 1?</s>
    <s>André Darugna 23 de fevereiro de 2011 às 17:33</s>
    <s>Olha, a compatibilidade do iPhone 3GS e do 4 é a mesma. Muda o aparelho…</s>
    <s>Acredito que o iPad2 virá com novidades, mas nada que faça seu iPad original ficar defasado.</s>
    <s>Claro uma versão nova sempre é a do momento…</s>
    <s>Mas lembre-se, demorou 10 meses pro iPad vir pro Brasil após seu lançamento nos Estados Unidos.</s>
    <s>Muito provavelmente ele virá pra cá somente no Natal de 2011.</s>
    <s>Obvio, se você tem algum contato que pode trazer do exterior, espere.</s>
    <s>Normalmente os devices da Apple não aumentam de preço quando lançam uma nova versão, quando isso acontece não passa de U$100 o aumento.</s>
    <s>Isso não é regra, é experiência de usuário, sempre foi assim.</s>
    <s>Um abraço!</s>
    <s>Diego 25 de fevereiro de 2011 às 12:29</s>
    <s>Boa tarde, muito legal essa dica.</s>
    <s>Baixei, fiz tudo …peguei um aplicativo pelo itunes do meu not…tenho um iphone4. e nao estou conseguindo transferir o aplicativo baixado no meu itunes para o cel.</s>
    <s>sabe como resolver?</s>
    <s>André Darugna 25 de fevereiro de 2011 às 12:32</s>
    <s>Olá Diego.</s>
    <s>Que bom que pode baixar.</s>
    <s>Quem sabe este post lhe ajude com seu problema:</s>
    <s>Autorizando e Desautorizando computadores no iTunes</s>
    <s>Um abraço, qualquer coisa pergunte novamente.</s>
    <s>Diego 25 de fevereiro de 2011 às 13:08</s>
    <s>Obrigado andré …</s>
    <s>ja fiz aqui, agora vou ver se da certo.</s>
    <s>queria saber se é possivel eu baixar aplicativos ja direto do meu iphone …pela store dele?</s>
    <s>com essa conta americana que criei seguindos as instruçoes.</s>
    <s>André Darugna 25 de fevereiro de 2011 às 13:10</s>
    <s>Claro, você vai lá pra baixo na AppStore, sai da sua conta e entra com sua conta americana.</s>
    <s>Quando quiser logar com a brasileira faça a mesma coisa.</s>
    <s>Role até lá embaixo e você vai encontrar o botão de sair da conta.</s>
    <s>Diego 25 de fevereiro de 2011 às 13:26</s>
    <s>entendi… mais uma duvida rs</s>
    <s>eu fazendo o login la em baixo com a conta americana, a store americana ja abre automaticamente no meu cel? ou tenho que fazer alguma coisa?!</s>
    <s>André Darugna 25 de fevereiro de 2011 às 14:22</s>
    <s>Você vai receber um aviso que esta conta serve somente para a loja americana e vai te transferir automaticamente.</s>
    <s>Um abraço.</s>
    <s>Diego 25 de fevereiro de 2011 às 16:06</s>
    <s>Deu certo , mto obrigado …agora vou ter coisa nova em meu celular rs…</s>
    <s>só me tira uma duvida… em relaçao aos aplicativos pagos , eu nao posso baixar certo? como faço pra ter as versoes completas pagas?</s>
    <s>André Darugna 25 de fevereiro de 2011 às 16:10</s>
    <s>Aí você vai criar outra conta ainda, uma na loja argentina, que aceita cartões brasileiros.</s>
    <s>Você poderá ter as 3 contas funcionando juntas nele.</s>
    <s>Um abraço!</s>
    <s>Diego 27 de fevereiro de 2011 às 3:26</s>
    <s>Agora é a ultima pergunta rsrs de verdade…</s>
    <s>Estava jogando com minha namorada um apli. que baixei e quando ele ficou bom, veio a versao paga rs.</s>
    <s>minha namorada me fez uma pergunta e resolvi perguntar…</s>
    <s>Eu posso baixar a versao paga? nessa store americana?</s>
    <s>nao posso cadastrar na argentina pois estou sem cartao , morando em minas e fazendo facul e resultou no bloque do meu cartao rs.</s>
    <s>o que acontece se eu baixar o pago?!</s>
    <s>agradeço sua atençao e paciencia.</s>
    <s>André Darugna 27 de fevereiro de 2011 às 4:42</s>
    <s>Na AppStore american você não vai poder comprar, pois lá não aceitam cartão brasileiro.</s>
    <s>Você pode tentar comprar, mas vai ser solicitado o cartão, que no seu caso além de você não ter, os cartões brasileiros não são aceitos.</s>
    <s>Regularize sua situação do cartão, faça sua conta na loja Argentina e compre os jogos que você gosta</s>
    <s>Um abraço!</s>
    <s>Tiago Rospirski 28 de fevereiro de 2011 às 0:42</s>
    <s>André Darugna 28 de fevereiro de 2011 às 1:04</s>
    <s>Mariana 6 de março de 2011 às 17:37</s>
    <s>Quando apart em &quot;none&quot; peed um number de algum Giftcard.</s>
    <s>Ja tentei varios tutorias mas nāo consigo.</s>
    <s>Se alguem puddler me ajudar. por favor.</s>
    <s>André Darugna 6 de março de 2011 às 18:52</s>
    <s>Olá Mariana, você seguiu corretamente os passos, tendo especial atenção ao detalhe de &quot;comprar um app grátis&quot;?</s>
    <s>Verifique também se você não está logada com sua conta brasileira.</s>
    <s>Você deve sair da sua conta antes de proceder com as instruções.</s>
    <s>Um abraço, aguardo sua resposta, logo de tentar novamente…</s>
    <s>Mariana 9 de março de 2011 às 18:17</s>
    <s>Olá, sim segui tudo corretamente e prestei muita atenção em todos os detalhes, mas não consegui. Se vc sober outro jeito ou se vc puddler crier uma conta e me passar. Eu agradeçeria mto.</s>
    <s>André Darugna 9 de março de 2011 às 18:21</s>
    <s>Infelizmente Mariana não posso criar a conta por você.</s>
    <s>A maioria dos usuários tem criado esta conta sem maiores problemas seguindo este tutorial, seja mais detalhista em explicar qual é o erro que você está recebendo.</s>
    <s>Quem sabe eu possa ajudar.</s>
    <s>Lembrando que as pessoas que reportaram erros na criação da conta sempre estavam cometendo algum erro, o tutorial é 100% funcional.</s>
    <s>Um abraço.</s>
    <s>Diego 10 de março de 2011 às 1:18</s>
    <s>Bom dia….voltei com mais duvidas rs</s>
    <s>bom, eu tenho a conta na loja brasileira que é atual e tive uma outra, só que cancelei meu email e nao uso ele mais.</s>
    <s>fiz essa na americana.</s>
    <s>hoje uso a americana e a segunda que fiz brasileira.</s>
    <s>eu posso fazer uma argentina? e o cartao nacional compra na argentina?!</s>
    <s>agora uma duvida nada a ver com o assunto… nao sei se pode me ajudar.</s>
    <s>tenho um iphone 4 e quando tiro foto com flash, os olhos ficam com aquele efeito mto ruim(brilhante , vermelho) sabe como arrumar isso?</s>
    <s>André Darugna 10 de março de 2011 às 1:29</s>
    <s>Olá, sobre os olhos vermelhos, não está no escopo do blog, mas…. faço de tudo para agradar vocês:</s>
    <s>Sobre as contas, isso sim é do blog hehe.</s>
    <s>Você deve seguir este tutorial:</s>
    <s>Pode sim utilizar cartões brasileiros (internacionais), a maioria funciona, mas alguns pouquíssimos usuários recebem um erro de código inválido. Se acontecer isso tente com outro cartão.</s>
    <s>Leia os comentários do post, você verá que a maioria dos usuários conseguiu.</s>
    <s>Você poderá ter até 5 contas diferentes (argentina, brasileira, americana, etc) funcionando juntas no iPad e no iTunes.</s>
    <s>Um grande abraço, obrigado por visitar o blog.</s>
    <s>Diego 10 de março de 2011 às 14:54</s>
    <s>Obrigado pela ajuda …mesmo nao sendo da area do blog rs</s>
    <s>ontem a noite eu fiquei fuçando e consegui encontrar esse aplicativo…mais nao consigo fazer ele funcionar, mais to tentando.</s>
    <s>sobre o cartao vou tentar fazer essa da loja argentina entao ….</s>
    <s>Meu amigo amigo tem uma conta americana e tentou comprar pelo cartao internacional dele no meu iphone ,..digitou os dados dele e nao deu certo.</s>
    <s>colocou codigo de segurança e tudo mais e mesmo assim a store recusou.</s>
    <s>nao tem jeito mesmo? dele comprar para o ipad dele e passar para meu iphone?</s>
    <s>ou entao comprar pela conta internacional dele direto do meu iphone?</s>
    <s>André Darugna 10 de março de 2011 às 14:59</s>
    <s>Diego, na AppStore Americana você não vai conseguir usar cartões brasileiros. Use a AppStore Argentina para isso.</s>
    <s>Você pode comprar os Apps e baixar diretamente no seu iPhone.</s>
    <s>Se você realmente ainda quer comprar na AppStore Americana faça uma busca no Mercado Negro (upsdigo Livre) e compre Gift Cards da iTunes Store (depois acredite na sua conta).</s>
    <s>O problema é que eles metem a faca, um Gift Card de $10 vai custar uns R$25 no ML.</s>
    <s>Procure no eBay também, mas terá que pagar com Paypal, sabe usar?</s>
    <s>Não recomendo nenhum vendedor, nunca comprei dessa forma, só sei que funciona.</s>
    <s>Um abraço!</s>
    <s>Diego 10 de março de 2011 às 15:13</s>
    <s>hummm entao meu amigo tentou no Paypal, vi ele comentando isso …</s>
    <s>ele compra para o ipad dele ..até falou que cobra uma taxa de 2 dolares…parece. ele compra bastante jogo no dele e tentou usar no meu iphone…só que nao liberou para comprar pelo meu…</s>
    <s>André Darugna 10 de março de 2011 às 15:16</s>
    <s>Você está tentando usar a mesma conta que a dele?</s>
    <s>Deveria funcionar, não há restrição em relação à isto.</s>
    <s>Pra Apple não importa quem paga, importa que alguém está pagando.</s>
    <s>Não importa se você vai comprar e usar no seu iPad, iPhone ou iPod, você pode utilizar a mesma conta, indiferente do dispositivo. Inclusive se você é bonzinho e quer emprestar sua conta pra alguém comprar e baixar no dispositivo dele, você pode (no máximo 5 dispositivos podem estar sincronizados com a mesma conta)!</s>
    <s>Até mais!</s>
    <s>Diego 10 de março de 2011 às 15:25</s>
    <s>hum entendi …</s>
    <s>foi isso mesmo , ele pegou a conta dele ( que usa no iphone e ipad dele ) logou na minha e tentou comprar a versao completa do S. Odyssey só que ele nao conseguiu … da erro.</s>
    <s>e pelo que sei quem usa a conta dele é ele no ipad e iphone e a namorada dele no ipad dela.</s>
    <s>André Darugna 10 de março de 2011 às 15:34</s>
    <s>Olha deveria poder utilizar, caso não esteja dando certo, logue no iTunes do computador que você tem seu iPad sincronizado e autorize a conta dele seguindo este tutorial:</s>
    <s>Tulio 13 de março de 2011 às 16:19</s>
    <s>Ola andre,</s>
    <s>Bom eu fiz todo esse tutorial, mais eu estou com uma duvida.</s>
    <s>Na hora que eu vou baixar por exemplo um jogo la dos estados unidos gratis da certo, mas quando eu vou baixar um jogo pago ele nao ta dando.Fala que tem que colocar um &quot;address&quot; ai eu tento colocar o endereco que voce me passou (580 gary street) , so que mesmo assim nao esta dando. Alguma dica ai ?</s>
    <s>Obrigado e bom Tutorial e site.</s>
    <s>André Darugna 13 de março de 2011 às 17:37</s>
    <s>Mas como você quer comprar um jogo sem cartão de crédito? Gift card?</s>
    <s>Recomendo mais você seguir este tutorial para compra de jogos:</s>
    <s>Tulio 13 de março de 2011 às 17:43</s>
    <s>Ata e porque um amigo meu falou que fazedo algumas coisas eu poderia baixar qualquer coisa Sem cartao( de graca) ai eu pensei que foce esse tutorial, mas mesmo assim agora posso baixar varios outros jogos</s>
    <s>André Darugna 13 de março de 2011 às 19:57</s>
    <s>Entendi Tulio, só acho que você leu errado o título, pois diz bem claro &quot;sem cometer crime nem pirataria&quot;…</s>
    <s>Baixar qualquer coisa &quot;de graça&quot; significa cometer pirataria, algo que é completamente recriminado neste blog.</s>
    <s>Boa sorte na sua busca por uma resposta, só gostaria que você repensasse antes de seguir com esta prática, pois além de poder estragar seu iPad, é um ato criminal, que por uma desgraça do nosso destino acaba sendo aceito pela maioria da população e sendo encarado como algo &quot;malandro&quot;.</s>
    <s>Baixar Aplicativos e Jogos pagos sem pagar por eles é crimeVocê estará se colocando ao lado de ladrões de banco, assaltantes de padaria, etc…</s>
    <s>O trabalho do desenvolvedor deve ser remunerado, se eles não ganharem dinheiro com o que produzem, logo mais nossos iPads se tornarão meras tábuas de cortar carne.</s>
    <s>Sem Aplicativos o iPad é um NADA!</s>
    <s>Um abraço amigo.</s>
    <s>Bárbara 14 de março de 2011 às 13:44</s>
    <s>Nossa MUITOO bom esse tutorial, pratico e rápido .. muito obrigado !:D</s>
    <s>André Darugna 14 de março de 2011 às 13:46</s>
    <s>Obrigado Bárbara!:)</s>
    <s>Um abraço.</s>
    <s>Cris 14 de março de 2011 às 21:40</s>
    <s>Onde no cadastro vc tem iPad dicas, eu coloco meu nome? Ou invento algo?</s>
    <s>André Darugna 14 de março de 2011 às 22:23</s>
    <s>Seu nome.</s>
    <s>Um abraço!</s>
    <s>Cris 14 de março de 2011 às 21:49</s>
    <s>Se eu optar por criar uma conta &quot;brasileira&quot;, apenas altero a bandeira e o resto procedo igual?</s>
    <s>André Darugna 14 de março de 2011 às 22:25</s>
    <s>Daí você deverá seguir este tutorial, que coloca cartão de crédito (na loja brasileira você só pode criar usando cartão):</s>
    <s>Este tutorial ensina criar na loja argentina (para poder comprar jogos, os quais não existem na loja brasileira), siga igual só coloque a bandeira do Brasil e seja feliz</s>
    <s>Um abraço.</s>
    <s>Cris 15 de março de 2011 às 7:55</s>
    <s>André vc disse que &quot;na loja brasileira você só pode criar usando cartão&quot;, mas olha só: eu entrei no iTunes, selecionei brasil, cliquei em um app free, criei a conta e apareceu &quot;none&quot;, então acho que criou uma conta brasileira sem cartãoOu estou enganado?</s>
    <s>André Darugna 15 de março de 2011 às 9:47</s>
    <s>Que legal, me confirme essa informação.</s>
    <s>Se assim for, a Apple mudou sua política em relação às contas brasileiras.</s>
    <s>Me avise, vou testar também.</s>
    <s>Um abraço!</s>
    <s>Cris 15 de março de 2011 às 10:39</s>
    <s>Isso, tenta criar uma conta você, talvez eu tenha feito algo errado e dado certoSei lá.</s>
    <s>André Darugna 15 de março de 2011 às 12:03</s>
    <s>Olá Cris, você só pode ter criado a conta na AppStore americana pensando que o fazia na AppStore Brasileira, acabo de testar e na do Brasil não há possibilidade de criar a conta sem o uso de cartão.</s>
    <s>Um abraçO!</s>
    <s>Cristian 15 de março de 2011 às 12:38</s>
    <s>Então deve ter sido isso mesmo, e considerando que sou novato, não duvido nada. Que bom que vc tentou e viu!</s>
    <s>André Darugna 15 de março de 2011 às 12:48</s>
    <s>Pode ter sido hehe.</s>
    <s>Carlos 15 de março de 2011 às 9:58</s>
    <s>Se não me engano, na hora de escolher o cartão de crédito não existe mais a opção None (Ninguna). Ouvi dizer que bloquearam para impedir de vez os estrangeiros de criarem conta na AppStore. Sabe se isso é realmente verdade ou eu fiz algo errado na hora de criar a conta?? Há alguma outra maneira?</s>
    <s>P.S. tenho conta na AppStore argentina e na brasileira, mas mais uma não faria mal nenhum =D</s>
    <s>P.S.2: Ótimo blog, parabéns</s>
    <s>André Darugna 15 de março de 2011 às 11:55</s>
    <s>Olá Carlos, pode seguir o tutorial que ele funciona</s>
    <s>Acabei de confirmar, e a opção None está disponível.</s>
    <s>Diogo Meireles 15 de março de 2011 às 15:40</s>
    <s>A bandeira dos Estados Unidos não está aparecendo no meu itunes (Versão 10.2.1.1). Como devo proceder?</s>
    <s>André Darugna 15 de março de 2011 às 21:53</s>
    <s>E qual bandeira está aparecendo?</s>
    <s>Você clicou sobre o iTunes Store?</s>
    <s>Diogo Meireles 16 de março de 2011 às 10:46</s>
    <s>Cliquei no iTunes Store. Simplesmente não aparece a opção &quot;United States&quot;. Parece que eles excluíram. Isso é possível?</s>
    <s>André Darugna 16 de março de 2011 às 11:56</s>
    <s>Olá Diogo, não excluíram não, acabo de me certificar.</s>
    <s>Leia novamente, você está fazendo algo errado, muitos usuários utilizaram corretamente este post, faça com atenção o passo-a-passo.</s>
    <s>Um abraço!</s>
    <s>Herbert Bruno 16 de março de 2011 às 5:09</s>
    <s>Olá Andre,</s>
    <s>Entendi perfeitamente como realizar todo o processo.</s>
    <s>Mas, tenho uma dúvida, em relaçāo as atualizaçōes pois tenho uma conta brasileira e criando uma conta americana na hora que for necessário a atualizaçāo só basta colocar os respectivos e-mails?</s>
    <s>E como vai ficar no iTunes do pc, vai sincronizar tudo, ou ira ficar diferente?</s>
    <s>Você me entende? Vai juntar todos os programas ou ficará separado, brasileiro - brasileiro, americano-americano?</s>
    <s>Descobri seu site hoje, e achei excelenteParabéns</s>
    <s>André Darugna 16 de março de 2011 às 11:54</s>
    <s>Olá Herbert, fica tudo junto.</s>
    <s>Só que quando você logar e mandar atualizar ele vai dizer &quot;esse app é lá da americana, deseja trocar?&quot; pronto ele te leva pra lá sozinho.</s>
    <s>Obrigado pelos elogios.</s>
    <s>Um abraço!</s>
    <s>Henrique 20 de março de 2011 às 18:05</s>
    <s>Eu acho ridícula essa segurança toda na app store do Brasil. Devia dar pra bazar jogos ali msm q raiva !!!</s>
    <s>André Darugna 21 de março de 2011 às 0:56</s>
    <s>Henrique a Apple não tem absolutamente nada de culpa nisto.</s>
    <s>Culpado é o governo brasileiro que é muito burocrático e fez com que o interesse da Apple em vender jogos aqui fosse embora.</s>
    <s>Acontece que cada jogo que fosse colocado à venda ali teria que ser aprovado por uma comissão, que avalia a faixa etária e outras coisas mais dos jogos.</s>
    <s>Como isso é demorado e burocrático, a Apple não seguiu com o projeto de vender jogos aqui.</s>
    <s>YCHENG 24 de março de 2011 às 17:15</s>
    <s>Eu posso sincronizar com o itunes as duas contas(brasileira e americana)?</s>
    <s>eu possuo um ipa e um touch e qria sincrinizar os dois…</s>
    <s>André Darugna 24 de março de 2011 às 17:17</s>
    <s>Sim, com até 5 contas!</s>
    <s>YCHENG 24 de março de 2011 às 17:20</s>
    <s>Marcelo 26 de março de 2011 às 15:43</s>
    <s>Ola Andre,</s>
    <s>Parabens pelo seu blog</s>
    <s>Consegui efeturar o cadastro e agora estou conseguindo baixar os jogos gratuitos.</s>
    <s>Voce pode me tirar uma dúvida ?</s>
    <s>estou querendo comprar alguns jogos, gostaria de saber se posso cadastrar o meu cartão de credito para comprá-los… se nao vou ter problemas por causa do endereço do endereço cadastrado.</s>
    <s>André Darugna 26 de março de 2011 às 18:29</s>
    <s>Olá Marcelo, você terá que criar agora uma outra conta, na AppStore Argentina, só lá é aceito o cartão brasileiro.</s>
    <s>Leia este post:</s>
    <s>Marcelo 28 de março de 2011 às 17:45</s>
    <s>cadastrei o endereço na Argentina conforme suas dicas e agora consegui comprar os jogos !</s>
    <s>Valeu !!!!</s>
    <s>André Darugna 28 de março de 2011 às 19:02</s>
    <s>Que ótimo!!</s>
    <s>Kamada 26 de março de 2011 às 19:32</s>
    <s>Obrigado pela dicasFuncionou lógico sem problemasAbraços</s>
    <s>André Darugna 27 de março de 2011 às 0:41</s>
    <s>!:) Por nada Kamada!</s>
    <s>Eduardo 29 de março de 2011 às 15:09</s>
    <s>Primeiramente, parabéns pela dicas e pelo ótimo trabalho.</s>
    <s>Segui todas as dicas para criação na americana, mas quando dei o next para finalizar, apareceu o seguinte:</s>
    <s>Billing Information</s>
    <s>If you provide a payment method now, you will not be charged until you make a purchase. If you select None, you will be asked to provide a payment method when you make your first purchase.</s>
    <s>Please contact iTunes support to complete this transaction (destacado em vermelho).</s>
    <s>Sabe se eles bloquearam ou mudaram o método de cadastro?</s>
    <s>Obs: Tentei fazer a criação dessa nova conta, já tendo um Id do Brasil, mas com e-mail diferente. Além disso, fiz essa tentativa através do Iphone 4.</s>
    <s>Fico no aguardo da sua providencial ajuda.</s>
    <s>Um abraço,</s>
    <s>André Darugna 29 de março de 2011 às 15:14</s>
    <s>Eduardo, obrigado pelos elogios…</s>
    <s>Em algum momento você marcou NONE como opção de pagamento?</s>
    <s>Sinceramente, recebo muitos comentários (você pode ver são 87) sobre esse método, devo ter como 6 ou 7 contas da AppStore Americana criadas para testar se continua funcionando.</s>
    <s>Sempre continua funcionando, isso não é &quot;treta&quot;, é uma obrigação que eles tem de oferecer essa conta lá pois eles vendem &quot;iTunes Gift Cards&quot; e as pessoas precisam ter a possibilidade de utilizar isso sem inserir seus cartões de crédito.</s>
    <s>Meu conselho é, respire fundo e comece tudo denovo.</s>
    <s>Passo-a-passo, com calma, muita atenção.</s>
    <s>Total atenção no passo que diz &quot;COMPRE UM APP GRÁTIS&quot;.</s>
    <s>Vai dar certo, você deve ter pulado um passo ou ter feito a meias…</s>
    <s>Um abraço, sorte e obrigado por seguir a gente.</s>
    <s>Eduardo 29 de março de 2011 às 16:04</s>
    <s>Vc é o cara…rsrs…tentei novamente e agora obtive sucesso. Muito obrigado pela ajuda e good vibrations. Só uma última pergunta. Caso queira comprar alguns dos aplicativos (que não sejam free), o que eu tenho que fazer é comprar um gift card, certo??</s>
    <s>Um grande abraço e, desde já, muito obrigado!!</s>
    <s>André Darugna 29 de março de 2011 às 16:11</s>
    <s>Bom, vamos lá, eu sempre recomendo a criação de 3 contas:</s>
    <s>Brasileira &gt; Para comprar aplicativos, é legal pois alguns dos Apps nacionais só se encontram na AppStore Brasileira.</s>
    <s>Americana &gt; Para toda pessoa que não se interessa em comprar Apps, só quer aproveitar as infinitas opções grátis, já seja de Apps ou Jogos.</s>
    <s>Argentina &gt; Para comprar jogos, é nossa única forma de comprar jogos com cartão brasileiro.</s>
    <s>Gift Cards &gt; É a pior opção pois você compra por R$25 um GiftCard de $10 (R$16) você está sendo roubado, saia fora disso!</s>
    <s>Um abraço!</s>
    <s>Eduardo 29 de março de 2011 às 16:15</s>
    <s>Entendi. Show de buela!!!Como não pretendo comprar jogos e já fiz as duas primeiras, acho que agora é só aproveitar. Sensacional o seu auxílio e rapidez. Estou realmente impressionado. Valeu, meu amigo!Abs!!</s>
    <s>André Darugna 29 de março de 2011 às 16:17</s>
    <s>Valeu Eduardo, volte sempreUm abraço.</s>
    <s>Reinaldo 31 de março de 2011 às 14:23</s>
    <s>Olá André,</s>
    <s>Em primeiro lugar, parabéns pelas dicas que são ótimas e pela sua disponibilidade em respondê-las. Também gostaria de ter uma conta americana, mas será que não é ilegal ter uma conta fora do Brasil, uma vez que terei que inventar um endereço? Dando uma olhada nos termos do contrato da minha conta brasileira, encontrei o seguinte:</s>
    <s>&quot;Os Serviços estão disponíveis somente no Brasil. Você concorda em não usar ou tentar usar os Serviços fora de tal localidade. A Apple poderá utilizar tecnologias para verificar o cumprimento desta disposição. &quot;</s>
    <s>O que você acha?</s>
    <s>André Darugna 31 de março de 2011 às 14:44</s>
    <s>Olá Reginaldo, ilegal não é, o que acontece é que você estará descumprindo os termos de uso do aparelho.</s>
    <s>Ilegal é tudo que seja contra a lei.</s>
    <s>É a única forma de ter jogos no seu iPad, eu repudio qualquer ato de pirataria, mas esse não é um deles.</s>
    <s>Você não esta trazendo prejuízo a nenhuma parte.</s>
    <s>A loja brasileira não possui jogos graças à legislação do tempo das cavernas que temos por aqui.</s>
    <s>É fazer esses passos ou ficar sem jogos, você decide!</s>
    <s>Mozart 6 de abril de 2011 às 11:30</s>
    <s>Fala ae…</s>
    <s>Então, tenho um Apple ID fazem alguns anos já (no mesmo esquema de criar com endereço americano e tals). Nunca tinha baixado nada até sair a App Store. Daí cheguei a baixar alguns apps free lá e tudo beleza. De umas semanas pra trás, quando tento baixar um app ele pede pra confirmar o &quot;Billing Info&quot;. Daí eu entro, tá lá na opção &quot;None&quot; mas quando vou dar um &quot;Done&quot; para confirmar, ele dá a seguinte mensagem &quot;Please contact Itunes support to complete this transaction&quot;. E não deixa eu baixar o arquivo nem prosseguir. Alguém tem a solução pra isso ai? Também tentei criar um novo Apple ID com a opção &quot;None&quot; mas deu a mesma mensagem.</s>
    <s>Se alguém puder ajudar, ficarei grato!</s>
    <s>André Darugna 6 de abril de 2011 às 11:36</s>
    <s>Olá Mozart, sobre seu ID antigo quem sabe a Apple identificou que você está infringindo as regras utilizando um ID americano fora do território dos EUA.</s>
    <s>Sobre a criação de um novo ID, te garanto que este tutorial é funcional, siga os passos, corretamente e você conseguirá abrir uma nova conta.</s>
    <s>Já criei cerca de 5 contas americanas devido à problemas como este seu, para confirmar se continua funcionando o processo, e sempre funciona.</s>
    <s>Releia, faça com calma seguindo os passos sem se esquecer dos mínimos detalhes.</s>
    <s>Abraço e sorte com a criação da nova conta.</s>
    <s>Ana Cristina Silva 12 de abril de 2011 às 20:33</s>
    <s>Oi André,</s>
    <s>Estou vendo seu site agora e abri minha conta americana para o ipod touch, adorei, obrigada. Tenho 2 perguntas:</s>
    <s>1) Estou de viagem marcada para comprar o ipad 2 e gostaria de saber se posso utilizar os apps e jogos que comprei no ipod para o ipad. Entro no mesmo itunes que tenho no pc para o ipod? Ou terei que compra-los novamente para o ipad? Como fazer esta passagem?</s>
    <s>2) Li nas perguntas e respostas que posso manter as minhas duas contas, a brasileira e a americana. No computador é facil, como você disse é só trocar as bandeiras no final da página itunes. Mas no meu ipod só posso baixar diretamente pela loja brasileira. Tem jeito de poder comprar tanto na brasileira como na americana através do ipod? Como fazer isto? No meu ipod só aparece a id brasileira.</s>
    <s>Obrigada pela atenção</s>
    <s>André Darugna 12 de abril de 2011 às 23:52</s>
    <s>Olá Ana, todos os aplicativos que você comprou funcionarão em seu iPad, porém:</s>
    <s>1) Existem Apps Universais (que funcionarão perfeitamente em tela cheia pois foram desenvolvidos para funcionar nos dois aparelhos)</s>
    <s>2) Existem outros que são somente para iPhone/iPod, que funcionarão, mas em modo de compatibilidade, ficarão pequenos na tela.</s>
    <s>Sim você pode trocar de conta na tela FEATURES (a inicial da AppStore), deslize até a parte mais baixa dela e toque em SIGN OUT.</s>
    <s>Após faça o login com a conta que desejar, a mudança de país é automática neste caso.</s>
    <s>Ana Silva 13 de abril de 2011 às 11:13</s>
    <s>Oi André,</s>
    <s>Ainda tenho uma duvida a respeito do item2. No iPod eu seleciono o iTunes, no final consta minha id brasileira e abaixo termos e condições da iTunes store.</s>
    <s>Eu clico nos termos e seleciono a loja americana? Ou seleciono a id brasileira e finalizo a sessão ?</s>
    <s>Posso ficar trocando sempre? Com o iPad será a mesma coisa?</s>
    <s>André Darugna 13 de abril de 2011 às 11:16</s>
    <s>Olá Ana.</s>
    <s>Você deve fazer esses passos no iTunes do computador.</s>
    <s>Você deverá finalizar sua sessão, depois deslizar lá na parte mais baixa e clicar na bandeira do Brasil (para trocar pela dos EUA).</s>
    <s>Poderá trocar sempre que quiser, nunca perderá nenhum App.</s>
    <s>No iPad basta com trocar a ID, a loja será trocada automáticamente.</s>
    <s>Ana Silva 13 de abril de 2011 às 12:54</s>
    <s>Oi André</s>
    <s>No pc está tudo certo. Estou ligada na iTunes americana, no iPod é que estou na brasileira sem saber como trocar.</s>
    <s>André Darugna 13 de abril de 2011 às 16:30</s>
    <s>Olá Ana, abra o AppStore no iPad (se você tem iPod pule para a instrução de baixo).</s>
    <s>PARA IPAD:</s>
    <s>A primeira tela que abre é a &quot;Featured&quot;, deslize até a parte mais baixa e você verá 2 botões:</s>
    <s>Redeem e Account: email@email.com</s>
    <s>Toque neste segundo botão (o que diz seu email) e clique em Sign Out, após isso, clique em Sign In e coloque sua nova conta.</s>
    <s>PARA IPOD:</s>
    <s>Vi que você escreveu iPod, se for realmente iPod vá para o Ajustes.</s>
    <s>Baixe até a Loja e toque ali.</s>
    <s>Você terá um botão &quot;Finalizar Sessão&quot; toque nele e depois outro botão vai aparecer &quot;Iniciar Sessão&quot;.</s>
    <s>Pronto, tocando ali você trocará de conta.</s>
    <s>Até mais!</s>
    <s>Ana Cristina Silva 13 de abril de 2011 às 19:47</s>
    <s>Oi André,</s>
    <s>obrigadão, resolveu meu problema.</s>
    <s>Um abraço</s>
    <s>Henrique 20 de abril de 2011 às 13:50</s>
    <s>André, pq vc nao muda pra como fazer isso direto peloiPad? Lembra q eu te falei como por e-mail, lá?</s>
    <s>André Darugna 20 de abril de 2011 às 14:12</s>
    <s>Pois como lhe comentei, um dia sai, porém cada dia temos o compromisso de publicar algo novo.</s>
    <s>No caso essa necessidade já está preenchida.</s>
    <s>Um abraço.</s>
    <s>Renata 23 de abril de 2011 às 1:23</s>
    <s>Suas dicas me ajudaram muito. Parabéns por manter o blog.</s>
    <s>André Darugna 23 de abril de 2011 às 11:41</s>
    <s>Renata 25 de abril de 2011 às 22:14</s>
    <s>A opção do Paypal não funciona na Appstore americana?</s>
    <s>André Darugna 25 de abril de 2011 às 22:26</s>
    <s>Oi Renata</s>
    <s>Acontece que o endereço cadastrado no PayPal vai entregar que você não é americana, e por isso não funcionará.</s>
    <s>Renata 26 de abril de 2011 às 10:49</s>
    <s>Entendi. É que já usei muito o paypal no ebay…Acabei de comprar meu iPad 2 e estou completamente viciada…</s>
    <s>Veronica 28 de abril de 2011 às 0:44</s>
    <s>fui criar a conta americana… estava seguindo os passos certinhoquando fui selecionar NENHUMA (para opcao de cartao de credito) deu um erro e tive que abrir o iTunes novamente… quando eu abri, a opcao NENHUMA nao aparecia mais!!</s>
    <s>e agora? como eu faço pra criar a minha conta americana?</s>
    <s>André Darugna 28 de abril de 2011 às 0:46</s>
    <s>Comece novamente do inicio. A opção aparecerá se você fizer o passo da compra de um App grátis.</s>
    <s>Não desista e leia atentamente os passos.</s>
    <s>Veronica 28 de abril de 2011 às 0:51</s>
    <s>Nossa!que rapido….</s>
    <s>Ia responder que acabei de conseguir…. obrigada pela ajuda!!</s>
    <s>parabens pelo Blog… TODAS as dicas sao otimas!!!</s>
    <s>André Darugna 28 de abril de 2011 às 0:53</s>
    <s>Aqui é assim, atendimento inclusive de madrugada hehehe.</s>
    <s>Que bom que deu certo!</s>
    <s>Merece ou não uma doação?</s>
    <s>Vai lá, colabore com o que puder</s>
    <s>Um abraço.</s>
    <s>Rodrigo 29 de abril de 2011 às 0:03</s>
    <s>Olá André.. Primeiramente parabéns pelo site…</s>
    <s>André Darugna 29 de abril de 2011 às 1:24</s>
    <s>Muito obrigado, pelo elogio e pela doação. Um grande abraço, obrigado por apoiar este nobre e ambicioso projeto.</s>
    <s>Gustavo 29 de abril de 2011 às 18:35</s>
    <s>Primeiramente, parabens pelo blog. A minha pergunta é a seginte: eu só consigo fazer essa nova conta usando meu pc certo? Direto do ipad nao é possível? E dai eu baixo os jogos e ele manda pro ipad assim que eu conectar no pc? Pergunto isso pois ainda nao estou emcasa e nao baixei o itunes no meu computador, por isso nao sei como funciona o sincronismo. Obrigado</s>
    <s>André Darugna 29 de abril de 2011 às 18:42</s>
    <s>Olá, obrigado pelo elogio.</s>
    <s>Tem como fazer sim, o principal aqui é você entender que deve estar na AppStore americana e comprar um App Free antes de criar sua conta, pois sem isso a opção NONE não estará disponível.</s>
    <s>Caso tenhas dificuldades, sugiro seguir as dicas conforme descrito no post, via iTunes.</s>
    <s>Márcia 29 de abril de 2011 às 19:04</s>
    <s>Adoreiiiiiiiiiiiiiiiiii, acabei de criar meu ID da Apple..</s>
    <s>André Darugna 29 de abril de 2011 às 19:06</s>
    <s>Que ótimo Márcia.</s>
    <s>A dica não merece uma pequena doação?</s>
    <s>Agora você tem a sua disposição todos os jogos grátis da AppStore. !;)</s>
    <s>Um abraço!</s>
    <s>Gilson Teixeira 3 de maio de 2011 às 6:03</s>
    <s>olá amigo, primeiramente gostaria de dizer que seu site está perfeito.</s>
    <s>tem um geito de comprar app's com a conta americana. certamente quem pretende comprar app's tem cartão de credio, sendo assim, é só criar uma conta no PayPal, pois a AppStore americana aceita ele…fiz assim e deu certo, nem precisei criar a conta argentina.</s>
    <s>Novamente, parabens pelo site, estounespalhando pra galera.</s>
    <s>André Darugna 3 de maio de 2011 às 12:56</s>
    <s>Olá Gilson, bom, não sei lhe dizer como é o passo a passo que você realizou, lhe convido para que me relate como fez todos os passos, se cadastrou endereço dos Estados Unidos, se seu cartão é daqui ou de outro país, etc.</s>
    <s>Se quiser podemos publicar um explicativo para que o resto do pessoal possa utilizar essa opção, me conte como foi no email contato@iPadDicas.com.</s>
    <s>Numa dessas podemos publicar um artigo em seu nome, que acha?</s>
    <s>Um abraço!</s>
    <s>Jose 6 de maio de 2011 às 15:42</s>
    <s>A mim não dá.</s>
    <s>Fiz os passos todos certinhos mas quando vou verificar o mail dá a seguinte mensagem de erro:</s>
    <s>Your request could not be completed.</s>
    <s>This email is no longer associated with Apple ID.</s>
    <s>André Darugna 6 de maio de 2011 às 15:48</s>
    <s>Bom, Jose você está em Portugal certo?</s>
    <s>Se é assim, crie sua conta normalmente. Você não precisará de uma conta americana para baixar jogos.</s>
    <s>Nós brasileiros, graças as nossas leis não podemos baixar jogos da AppStore.</s>
    <s>Mas vocês acredito que possam sem problemas.</s>
    <s>Portanto, crie sua conta portuguesa e fique só com ela, será menor o stress para você.</s>
    <s>Regis 6 de maio de 2011 às 16:16</s>
    <s>Existe algum livro em português que podemos baixar no ibooks?</s>
    <s>André Darugna 6 de maio de 2011 às 16:51</s>
    <s>Sim, procure lá na biblioteca.</s>
    <s>Existem vários que são Obras de Domínio Público, sem direitos de autor.</s>
    <s>Por enquanto não houve nenhum avanço na comercialização de livros atuais.</s>
    <s>Thiago Henrique 6 de maio de 2011 às 16:31</s>
    <s>Ola meu caro,</s>
    <s>Olhei os postes que foi dito aqui e nenhum me ajudou.</s>
    <s>Fiz o cadastro conforme tutorial e ate apareceu a forma de pagamento NONE mais na hora que concretiza e eu confirmo o email e entro novamente e compro um jogo de 4 dolares por exemplo, pede para eu pagar e a tela aparece e fica none do mesmo jeito dai pede a senha e forneço e nada se faz.</s>
    <s>André Darugna 6 de maio de 2011 às 16:50</s>
    <s>Olá Thiago, mas como você pensa que vai baixar um jogo de 4 dólares se escolheu fazer sua conta sem cartão, para baixar SOMENTE os grátis?</s>
    <s>Dessa forma ele vai pedir para você pagar, isso era de se esperar.</s>
    <s>Se você quer comprar jogos, faça uma conta argentina:</s>
    <s>Até mais.</s>
    <s>Beatriz 19 de junho de 2011 às 18:35</s>
    <s>Olá, segui suas instruções, mas as informações do cartão de crédito não dão certo. Tentei comprar o app free e sem fazer o login, como indicado pelo wagner, mas mesmo assim não funcionou. Como posso fazer?</s>
    <s>André Darugna 19 de junho de 2011 às 18:51</s>
    <s>Olá Beatriz, peço que releia e tente novamente até conseguir, estes passos estão corretos e o pessoal tem conseguido.</s>
    <s>Estou seguro que você falhou em algum ponto do processo, tenha paciência e conseguirá.</s>
    <s>Um abraço!</s>
    <s>Simone 19 de junho de 2011 às 21:37</s>
    <s>Demorei, mas após seguir suas dicas consegui fazer minha conta americana e baixar Angry birds!!!!!!!!</s>
    <s>André Darugna 19 de junho de 2011 às 22:28</s>
    <s>Que bom SimoneFico feliz que tenha conseguido.</s>
    <s>Olson 22 de junho de 2011 às 12:04</s>
    <s>o andre bleza ? eu criei a conta e baixei aplicativo so que no meu ipod nao aparece app store sera pq ?</s>
    <s>e tabem nao consigo istala no meu ipod la ande fica musica foto resumo eoutros nao tem aplicativo me ajude o que devo fazer ?</s>
    <s>André Darugna 22 de junho de 2011 às 12:25</s>
    <s>Olá Olson, este tutorial ensina usando o computador.</s>
    <s>No iPad está sim a AppStore, é impossível não estar pois é nativo e não pode ser retirado.</s>
    <s>Está na primeira tela.</s>
    <s>Sobre o iPod não poderei lhe ajudar, conheço somente as configurações de iPads.</s>
    <s>Magnus 22 de junho de 2011 às 18:45</s>
    <s>Boa tarde Andre;</s>
    <s>Fiz todos os procedimentos e quando entro na tela de selecionar a forma de pagamento não aparece a opção &quot;nenhum&quot;.</s>
    <s>André Darugna 22 de junho de 2011 às 20:21</s>
    <s>Magnus, siga novamente o post, dando muita atenção à parte que fala sobre &quot;comprar um App Grátis&quot;. Abraço!</s>
    <s>gabriel 27 de junho de 2011 às 20:53</s>
    <s>simplesmente nao consigo baixar nada, diz que meus dados sao invalidos, billing information, so que nao sao, o q eu faço? (iPhone 3gs)</s>
    <s>André Darugna 27 de junho de 2011 às 22:02</s>
    <s>Você está tentando comprar o que?</s>
    <s>gabriel 27 de junho de 2011 às 21:04</s>
    <s>minha conta e argentina</s>
    <s>André Darugna 27 de junho de 2011 às 22:02</s>
    <s>Que bom, não precisa da conta americana então!</s>
    <s>Rodrigo Dolatto 29 de junho de 2011 às 23:31</s>
    <s>Olá André</s>
    <s>Não consigo fazer a compra do App gratuito, será que foi retirado do ar????</s>
    <s>Tentei com o Ipad2 e com um laptop normal com windows, nenhum dos dois consigo fazer a operação de compra do App gratuito.</s>
    <s>André Darugna 29 de junho de 2011 às 23:32</s>
    <s>Olá Rodrigo, pode ser qualquer App gratuito. Um abraço!</s>
    <s>Rodrigo 30 de junho de 2011 às 10:11</s>
    <s>Entrei no site store.apple.com/us para tentar comprar o app free, mando buscar no search do site e ele só lista app pagos, não aparece nenhum free.</s>
    <s>E se entro pelo store do IPad ele já solicita o id</s>
    <s>Onde encontro estes app no site?em qual aba?</s>
    <s>André Darugna 30 de junho de 2011 às 12:01</s>
    <s>Olá Rodrigo, siga o tutorial. Você deve fazê-lo no iTunes do computador, igual ao tutorial. Não é pelo site, nem pelo iPad.</s>
    <s>É pelo iTunes do computador.</s>
    <s>Paulo 30 de junho de 2011 às 17:45</s>
    <s>Amigo tem algum jogo de sinuca bom na Apple store que seja free?</s>
    <s>André Darugna 1 de julho de 2011 às 2:37</s>
    <s>Terei que procurar… abraço!</s>
    <s>Rafael Wolff 1 de julho de 2011 às 14:02</s>
    <s>Site Nota 10 tutorial muito utio continuem assim que sempre ganharam excelente comentarios irei divugar site para amigos que tem os produtos da apple caso precisarem de ajuda contar comigo tbm um ajudando o outro sempre conseguiremos alcançar o que buscamos</s>
    <s>André Darugna 1 de julho de 2011 às 14:05</s>
    <s>Muito obrigado pelo apoio Rafael. Um grande abraço!</s>
    <s>gabriel 1 de julho de 2011 às 18:59</s>
    <s>qualquer coisa na app sotore</s>
    <s>André Darugna 1 de julho de 2011 às 19:00</s>
    <s>Laura 10 de julho de 2011 às 21:36</s>
    <s>Olá, fizz tudo conforme foi dito aí acima, criei uma conta americana para poder baixar jogos no meu ipad. Tudo bem perfeito, poréeeeemmm qdo fui mexer nos meus emails novamente, vi que meus CONTATOS todos desapareceram, perdi tudo (não havia feito sincronização), mais de 300 contatos de trabalho. Fiz de tudo sai da conta que eu havia criado, voltei para a antiga, e nada, simplesmente sumiram. Se alguém souber o que fazer, por favor avise. Mas deixo aqui uma observação CRIAR UMA NOVA CONTA NÃO É SEGURO!!.</s>
    <s>Se souberem de algo avisem, to desesperada. Nunca mais farei este tipo de coisa.</s>
    <s>André Darugna 11 de julho de 2011 às 0:25</s>
    <s>Fazer a conta nova é completamente seguro Laura, não tem nada mas nada a ver com perder seus dados.</s>
    <s>Quando você sincronizou com o iTunes deve ter recebido uma mensagem e selecionou apagar.</s>
    <s>Acontece que você deveria ter lido este post também:</s>
    <s>Que lhe ia responder o que fazer quando aquela tela apareceu.</s>
    <s>Você está completamente enganada, o procedimento é 1000% seguro, você só não leu o que seu iTunes disse.</s>
    <s>Mas não se preocupe, bola pra frente e colete seus contatos novamente, é muito normal as pessoas não lerem e apertar &quot;sim&quot; nas janelas que aparecem.</s>
    <s>Até mais.</s>
    <s>Laura 11 de julho de 2011 às 15:42</s>
    <s>Oi André, obrigada pela pronta resposta, mas a questão é que nunca fiz a sicronização (devereia mas acabei não fazendo) no itunes. E o pior é que ontem a noite coloquei novamente todos os meus contatos, estava usando hje e de repente fui nos contatos para verificar uma informação e desapareceram novamente. O estranho é que a agenda e todo o resto continua igual sem problemas. Liguei para a apple, disseram para resetar o ipad, eu disse que não quero mais este produto, vou tentar trocar por outro. Mas ainda fico acho que é algo ligado a essa conta americana, pois tudo aconteceu depois disso. Bom, era isso, mas olha estou muito decepcionada com o Ipad, muito. Obrigada.</s>
    <s>André Darugna 11 de julho de 2011 às 19:32</s>
    <s>O seu grande problema foi não ter utilizado o iTunes desde o inicio, acontece que cada vez que você sincronizar agora vai perder seus conteúdos.</s>
    <s>Você está selecionando a opção incorreta ou sua configuração está totalmente mal feita.</s>
    <s>Não se decepcione com o iPad, você não está sabendo utilizá-lo. É uma pena te dizer, mas o problema é esse, não é seu iPad.</s>
    <s>O iPad é um dispositivo fantástico, top da categoria, nenhum outro chega perto dele.</s>
    <s>Principalmente no que se refere à facilidade de uso.</s>
    <s>Estou 1000% certo de que sua conta americana não tem nada a ver com seu problema de contatos.</s>
    <s>Se quiser entre em contato no contato@ipaddicas.com me passe seu MSN lá e posso tentar te ajudar, até mais.</s>
    <s>Helen 10 de julho de 2011 às 22:58</s>
    <s>Aqui ele está pedindo o &quot;Code&quot; abaixo dos cartões, mesmo eu selecionando a opção None. O que eu posso colocar?</s>
    <s>André Darugna 11 de julho de 2011 às 0:22</s>
    <s>Olá Helen, mande um foto dessa tela no contato@ipaddicas.com, não estou conseguindo visualizar seu problema.</s>
    <s>Até mais.</s>
    <s>Helen 11 de julho de 2011 às 16:53</s>
    <s>Eu tentei de novo e deu certo… Eu acho UAEHAUE Obrigada pela atenção de qualquer maneira.</s>
    <s>André Darugna 11 de julho de 2011 às 19:28</s>
    <s>Felipe 17 de julho de 2011 às 15:48</s>
    <s>MUITO BOM!!!!agora posso baixar jogos</s>
    <s>André Darugna 17 de julho de 2011 às 17:58</s>
    <s>Que bom fico feliz que conseguiu.</s>
    <s>FF 17 de julho de 2011 às 19:40</s>
    <s>Ola, um primo meu me disse que conseguiu criar uma conta americana com cartão de crédito brasileiro (internacional, é lógico) e está comprando apps do seguinte modo:</s>
    <s>Ele pega o cep dele no brasil e descobre que cidade dos eua tem o mesmo cep/zip (somente os 5 primeiros digitos).</s>
    <s>Pode ser por aqui</s>
    <s>Pela web ele acha um endereço válido naquela cidade, com aquele cep</s>
    <s>Aí ele cadastra o cartão com esse endereço, cidade, estado e zip</s>
    <s>Aparentemente, na hora do cadastro, o sistema checa apenas se o cep esta correto (se ele existe e se bate com o cep da fatura do cartão).</s>
    <s>Disse que vem comprando normalmente dessa foram há algum tempo.</s>
    <s>Alguem ja tentou fazer isso ???</s>
    <s>André Darugna 17 de julho de 2011 às 23:45</s>
    <s>Olá FF, funciona sim, mas meu CEP por exemplo não tem nenhum que seja igual lá, portanto eu não consigo fazer isso.</s>
    <s>Mas já recebi email de pessoas que conseguiram.</s>
    <s>Leonardo Fassio 19 de julho de 2011 às 18:06</s>
    <s>CaraMuito bomdica ótima e de rápido acessoValeu</s>
    <s>André Darugna 19 de julho de 2011 às 18:46</s>
    <s>Por nada, um abraço!</s>
    <s>Fabricio 20 de julho de 2011 às 23:15</s>
    <s>Boa noite</s>
    <s>Fiz os procedimentos de troca de região, coloquei o endereço proposto no site, o endereço do hotel… Ao final, quando clico em concluir, o site me diz que preciso entre em contato com o suporte.</s>
    <s>Pq? Qual outra forma ou endereço que posso colocar? Se esse for mesmo o problema</s>
    <s>Et:. Fiquei frustado, só joguinhos free brasileiro e por sinal m graça. Chateado2 semanas de brinquedinho novo, eu quero maisRs…</s>
    <s>Fabricio 22 de julho de 2011 às 19:31</s>
    <s>E aí André, nada ainda?</s>
    <s>André Darugna 22 de julho de 2011 às 21:21</s>
    <s>Olá Fabricio, eu sugiro que você crie uma conta nova, sabe porque?</s>
    <s>Você adicionou seu cartão de crédito na conta brasileira, eles fazem a conferência, e você foi pego no filtro.</s>
    <s>Não troque de país, você vai precisar da conta brasileira.</s>
    <s>Crie uma americana se desejar só jogos grátis, ou crie uma argentina para comprar jogos.</s>
    <s>Rafael Celino 22 de julho de 2011 às 19:16</s>
    <s>Adorei esse site e solucionei todos os meus problemas com meu iPad. A minha antiga conta na app store americana foi negada pela Apple depois de alguns dias, por causa do endereço q eu inventei.. Kkkkkkkkk .. Com essa solução de vcs, vou fazer minha nova conta agora.. Obrigado iPad dicas.</s>
    <s>André Darugna 22 de julho de 2011 às 21:21</s>
    <s>Obrigado Rafael, volte sempre!</s>
    <s>Bruno 22 de julho de 2011 às 23:28</s>
    <s>Ola André, blz? Este site é muito legal, parabéns. Me ajuda por favor, segui os passos certinhos e quando eu coloco o endereço e aperto continue ele aparece a seguinte mensagem: “We are currently experiencing technical difficulties. Please try again later.” O que fazer quando aparece isto.</s>
    <s>André Darugna 23 de julho de 2011 às 8:48</s>
    <s>Tente novamente, o erro acontece sempre? Você colocou o endereço indicado e sem cartão de credito?</s>
    <s>albmarques 24 de julho de 2011 às 13:29</s>
    <s>maravilha ja abri a conta e esta funcionando,me tire uma duvida eu consego comprar algum album de musica na loja.</s>
    <s>André Darugna 24 de julho de 2011 às 17:33</s>
    <s>Somente se comprar Gift Cards e adicionar à sua conta.</s>
    <s>anderson 25 de julho de 2011 às 1:24</s>
    <s>mano nao consigo fazer uma conta</s>
    <s>Vitor Fogassa 25 de julho de 2011 às 10:02</s>
    <s>Leia atentamento os passos e tente novamente. Você deve ter feito algo errado, todos conseguiram. Qualquer coisa peça ajuda no fórum.</s>
    <s>anderson 26 de julho de 2011 às 0:12</s>
    <s>entao mano tentei dinovo e nao ta indo aparesse essa frase</s>
    <s>(please contact itunes support complete this transaction)</s>
    <s>ai toda ves q eu tento quando chega no final apareci isso</s>
    <s>eu tenho uma conta brazsileira mais quando eu vou baixa algum jgo ele fica pedido pra renvia o email</s>
    <s>André Darugna 26 de julho de 2011 às 1:39</s>
    <s>Olá Anderson, infelizmente só posso pedir que leia novamente, são 177 comentários e 90% dos usuários conseguem sem problemas.</s>
    <s>Os outros 10% depois de indicar para que leiam com atenção conseguem.</s>
    <s>Desculpe, mas seguir corretamente este passo-a-passo é tudo o que você precisa.</s>
    <s>Sobre sua conta brasileira, ela não permite baixar jogos, você precisa de uma conta americana ou argentina para isso.</s>
    <s>Um abraço!</s>
    <s>Fábio Curitiba 26 de julho de 2011 às 13:58</s>
    <s>Olá André.</s>
    <s>Adquiri na semana passada meu primeiro Ipad.</s>
    <s>Estava me batendo bastante para lidar com o aparelho.</s>
    <s>E quando por acaso, descobri o site Ipaddicas!!!</s>
    <s>Aprendi a inserir fotos, músicas, acabei de criar uma conta gringa, baixei vários aplicativos recomendados por vocês, entre muitas dicas mais, ou seja:</s>
    <s>Vocês estão me fazendo ver que realmente valeu a pena comprar o IPAD2.</s>
    <s>Vocês são muito bons no que fazem.</s>
    <s>Sou visitante assíduo do site e estou pensando em assinar.</s>
    <s>Grande abraço e parabéns mais uma vez.</s>
    <s>Aos que ainda tem dúvidas, eu recomendo!!!</s>
    <s>André Darugna 26 de julho de 2011 às 14:49</s>
    <s>Obrigado Fábio, depoimentos como o seu nos fortalecem para seguirmos enfocados em realizar um bom trabalho.</s>
    <s>Um abraço.</s>
    <s>Adriana Costa 28 de julho de 2011 às 11:16</s>
    <s>Olá André</s>
    <s>Adorei suas dicas, mas preciso q vc tire duas duvidas: 1 ñ pode ocorre nenhum tipo de problema várias pessoas colocando o mesmo endereço na Apple Store America? Como sabemos os americanos são muito detalhistas, e 2 duvida é q o iPad esta no nome do meu esposo, e a conta na Apple Store Brasil esta em seu nome, teria alguma possibilidade deu criar em meu nome esta conta Apple Americana, pois quando entramos com iPad ele identifica o iPad como sendo do meu esposo.</s>
    <s>Adriana Costa</s>
    <s>André Darugna 28 de julho de 2011 às 11:56</s>
    <s>Não tem problema não Adriana, se a casa for uma mansão cabe bastante gente, mas o endereço que coloquei ali é de um Apart Hotel, ou seja, muitas pessoas podem morar ali.</s>
    <s>Não tem erro, o nome no iPad você pode mudar inclusive quando quiser, conecte ele no iTunes, encontre ele na lista de dispositivos, toque sobre o nome e ficará editável, basta escrever seu nome no lugar.</s>
    <s>Um abraço!</s>
    <s>Lucas Gabriel 28 de julho de 2011 às 15:34</s>
    <s>Nossa que demaisagora eu ja configo baixar jogosMuito Obrigado!</s>
    <s>André Darugna 28 de julho de 2011 às 15:45</s>
    <s>Por nada Lucas, divirta-se!</s>
    <s>eumesma 28 de julho de 2011 às 19:13</s>
    <s>ola, andre !</s>
    <s>fiz a conta na app store americana… fiz o download de alguns applicativos, e sincronizei no iPad, mas quando tento abrir o aplicativo simplesmente nao abre..</s>
    <s>Vc sabe o pq ??</s>
    <s>Gustavo 29 de julho de 2011 às 15:00</s>
    <s>Tem como efetuar esse processo através do proprio iPad?</s>
    <s>André Darugna 29 de julho de 2011 às 16:43</s>
    <s>Olá Gustavo, não saberei lhe dizer como fazer via iPad, essa foi a forma mais fácil que encontrei para isso.</s>
    <s>Pedro Luiz Lopes 1 de agosto de 2011 às 19:51</s>
    <s>Me salva,…. quando entro na Applestore brasil, não consigo visualizar o Iniciar Sessão. O que está errado?? Quero fazer conta no USA e na Argentina mas não está acontecendo.</s>
    <s>André Darugna 1 de agosto de 2011 às 20:00</s>
    <s>Olá Pedro, tudo bem?</s>
    <s>Você está tentando fazer o procedimento no iTunes do computador?</s>
    <s>Observe as imagens elas mostram como você deve proceder no iTunes do computador para criar a conta.</s>
    <s>João 2 de agosto de 2011 às 14:17</s>
    <s>Parabens pessoal do iPaddicas!!!Acabei de fazer esse tutorial de voces e deu tudo certo!Muito obrigado mesmo, desde ja vou indicar o site de voces pra todos que eu conheço q tenham ipadAbraços</s>
    <s>André Darugna 2 de agosto de 2011 às 15:35</s>
    <s>Obrigado João!:)</s>
    <s>Victor Dubugras 5 de agosto de 2011 às 3:21</s>
    <s>Genial André, é ridícula essa burocracia brasileira os mesmos fatos acontecem na PSnetwork, o mundo inteiro consome a vontade com compras online sem impostos e o único país onde os trouxas (nós) pagam por isso é aqui, chega a ser vergonhoso e com toda certeza causa um grande atraso no país. Eu já estava ficando decepcionado com os jogos na AppStore…estava muito mais confusa&quot; e difícil de achar algo que prestasse, e estava achando estranho porque a appstore do meu Mac é simplesmente fantásticaMas problema resolvido…não consigo parar de navegar pelo blog…vou ler alguns comentários e acabo passando para outra informação útil. Você é developer também André? Ou apenas fanático como eu,rs ? Se for manda um email no endereço desse post…posso ter uma oportunidade pra você.</s>
    <s>André Darugna 5 de agosto de 2011 às 8:16</s>
    <s>Olá Victor, pois é estou de acordo com seu comentário.</s>
    <s>Não, sou somente um fanático como você hehehe.</s>
    <s>Rayssa 5 de agosto de 2011 às 16:14</s>
    <s>no meu não aparece a opção none,o que faço? me respondam por favor!</s>
    <s>Tássio Rocha 5 de agosto de 2011 às 21:26</s>
    <s>Rayssa, no meu tambem nao tava aparecendo, mas percebi que tava tentando criar uma conta na loja brasileira, entao deves tu achar a bandeira no extreno canto inferior da direita (brasileira), clicar nela e em seguida clicar na bandeira dos Estados Unidos (USA)*, daí em diante tente baixar um free app e por fim cadastrar-se</s>
    <s>André Darugna 6 de agosto de 2011 às 11:24</s>
    <s>Olá Rayssa, leia o post novamente e preste atenção no detalhe de comprar um App grátis.</s>
    <s>Tássio Rocha 5 de agosto de 2011 às 21:24</s>
    <s>Ola AndréTalvez nao seja este o espaço adequado para tal questionamento, mas venho, apos uma serie de tentativas de atualizar alguns apps, tentar descobrir o que há de errado. Deixe-me deixá-lo a par: Comprei meu ipad o qual o vendedor ja havia pareado o mesmo com um computador de seu dominio, a fim de acrescentar alguns apps que ele acha conveniente. Quando tentava comprar algum app aparecia a apple ID desde vendedor….consegui deslogar da apple ID dele (XXX) e criar uma propria (YYY), ja fiz algumas compras inclusive. Porem ao tentar atualizaraparece a solicitacao de senha de uma terceira apple ID (ZZZ) que nao faço ideia de qual seja e, por fim, nao faço ideia de como &quot;deslogá-la&quot;. Tens alguma ideia de que se trata e/ou sugestao de como resolver? Grato</s>
    <s>Vitor Fogassa 5 de agosto de 2011 às 21:30</s>
    <s>Olá Tássioos aplicativos baixados pela comta dele sempre pedirão autorização da conta dele para atualizar. Portanto você deve excluir os apps baixados por ele e baixar novamente pela sua conta.</s>
    <s>Um abraço!</s>
    <s>Tássio Rocha 5 de agosto de 2011 às 21:45</s>
    <s>nusss, nunk tinha pensado nisso!</s>
    <s>Guilherme 6 de agosto de 2011 às 15:00</s>
    <s>Existe alguma maneira de comprara apps pagos sem usar cartão de crédito? Como?</s>
    <s>Soube que dá para comprar creditos, isso funciona? Que site devo utilizar</s>
    <s>Vitor Fogassa 7 de agosto de 2011 às 11:38</s>
    <s>Existe sim Guilherme, já tratamos sobre este assunto aqui no blog. Digite Gift Card na busca no topo do site.</s>
    <s>Marina 6 de agosto de 2011 às 15:30</s>
    <s>Eu fiz tudo o que este tutorial fala, deu tudo certo. Mas quando eu fiz sincronizar no meu ipod, fala que não o computador não está autorizado. Há algo em que eu possa fazer? Por favor, e obrigada.</s>
    <s>André Darugna 7 de agosto de 2011 às 12:32</s>
    <s>Siga este tutorial:</s>
    <s>Joao Ricardo 7 de agosto de 2011 às 16:20</s>
    <s>Amigo, segue todo o processo para cadastro itunes store, cadastro sem cartão, mas quando chegou nos cartões não aparece none, o que faço, ai fiz brasil, argentina, e todos da erro de codigo de segurança.</s>
    <s>André Darugna 7 de agosto de 2011 às 17:25</s>
    <s>Sem cartão é somente na americana.</s>
    <s>Sobre o cartão que é inválido, seu cartão precisa ser internacional, ele é?</s>
    <s>Rafaela 7 de agosto de 2011 às 18:02</s>
    <s>André, da pra conseguir fazer essa conta americana diretamente do iPad? Sem precisar ter um pc?? Não estou conseguindo, pq na criação da nova conta, já pedem diretamenteo número do cartão de creditoTo perdidaaa!</s>
    <s>André Darugna 7 de agosto de 2011 às 18:17</s>
    <s>Olá Rafaela, nosso tutorial mostra fazendo no iTunes, acredito que seja a forma mais fácil, por isso utilizamos o computador.</s>
    <s>Sobre pedir o cartão, você não está seguindo corretamente.</s>
    <s>Leia novamente o post por favor.</s>
    <s>Um abraço.</s>
    <s>Rafaela 7 de agosto de 2011 às 18:32</s>
    <s>Pois é.. Eu vi o vídeo.. Mas pelo iTunes pede diretamente o número do cartão no cadastro de uma nova conta, numa janelinha menor( que não é igual a do vídeo) e não tem a opção nome</s>
    <s>Vcg Usario IPAD2 Angola 10 de agosto de 2011 às 13:28</s>
    <s>Gostei do V.so blog que descubri hojeAgora vou de facto obter mais apps com contas do Brasil e America…</s>
    <s>Boas dicasAbraços</s>
    <s>André Darugna 10 de agosto de 2011 às 16:53</s>
    <s>Seja bem-vindo</s>
    <s>Fique à vontade para absorver nosso conteúdo.</s>
    <s>Um grande abraço</s>
    <s>lucio teixeira 14 de agosto de 2011 às 0:06</s>
    <s>Boa noite, naao to conseguindo baixar os apps pagos, tipo, quando eu aperto e BUY ai aparece aquela janela pra botar a senha, pois o APPLE ID(email) ja fica salvo, ai ponho a conta tudo bem , ai aparece outra janela pra por a senha denovo e apertar em BILLING INFO, ai volta pra pagina lá do cartao de credito, endereço etc… mee ajuda</s>
    <s>Vitor Fogassa 14 de agosto de 2011 às 11:57</s>
    <s>Olá Lucio,</s>
    <s>Para comprar aplicativos você precisa criar uma conta argentina. Veja aqui: http://ipaddicas.com/tutoriais/saiba-como-comprar-jogos-com-cartao-brasileiro/</s>
    <s>Sua conta americana serve apenas para baixar aplicativos grátis</s>
    <s>Carlos 14 de agosto de 2011 às 10:05</s>
    <s>Parabéns pelo post e pelo trabalho de vocês.</s>
    <s>Minha dúvida é: como comprar um álbum? Vi um comentário acima sobre obter um gift card… Vcs tem alguma dica/tutorial?</s>
    <s>paulo machado 15 de agosto de 2011 às 14:16</s>
    <s>cadastrei-me como usuário na Aplle americana com sucesso e agradeço pelas dicas.</s>
    <s>peço me orientar, como atualizo meus apps na conta aplle brasileira pois, quando</s>
    <s>clico em atualizar, meu ipad mostra a conta nos USA.</s>
    <s>como alternar conexão entre as contas para atualização dos apps nas respectivas contas.</s>
    <s>desde já agradeço</s>
    <s>paulo Machado</s>
    <s>André Darugna 15 de agosto de 2011 às 14:32</s>
    <s>Olá Paulo, para trocar de conta abra o Ajustes / Loja.</s>
    <s>Ali você encontrará o botão para iniciar e finalizar sessão.</s>
    <s>Basta alternar para atualizar os Apps.</s>
    <s>Otavio 16 de agosto de 2011 às 19:58</s>
    <s>Adorei sua dica</s>
    <s>mas estou com uma duvida!segui todas as dicas e apareceu a opção de não usar cartão de credito.Eu posso'comprar' aplicativos sem gastar nada ou vira na conta dividas?</s>
    <s>adorei o site</s>
    <s>Jucélia Corrêa 17 de agosto de 2011 às 11:52</s>
    <s>Oi, estou tentando fazer a conta americana, mas não existe mais a opção sem cartão de crédito e os números do meu cartão não estão sendo aceitos… como faço?</s>
    <s>André Darugna 17 de agosto de 2011 às 13:49</s>
    <s>Olá Jucélia, infelizmente você está aplicando errado o que está lendo, peço que leia com mais atenção cada um dos detalhes.</s>
    <s>Este tutorial está escrito da forma mais detalhada possível, não poderei lhe ajudar mais além do que escrevi no post. Não há segredo, são só passos exatos, que se você não os seguir dará errado.</s>
    <s>Até mais.</s>
    <s>Carlos 18 de agosto de 2011 às 10:15</s>
    <s>Pessoal, vou repetir minha pergunta (espero não ser chato/insistente)…</s>
    <s>Segui todos os passos, tudo ok.</s>
    <s>Fiquei interessado em comprar os álbuns dos Beatles, mas meu cartão não está cadastrado (nem sei se é possível).</s>
    <s>Minha dúvida é: como eu posso comprar com meu cartão de crédito na apple store?</s>
    <s>André Darugna 18 de agosto de 2011 às 10:43</s>
    <s>Olá Carlos, desculpe a demora na resposta.</s>
    <s>Você terá de comprar um Gift Card, no ML ou eBay e carregar em sua conta americana.</s>
    <s>Os créditos lhe outorgarão a possibilidade de realizar a compra deste álbum.</s>
    <s>Depois de comprar o Gift Card leia:</s>
    <s>Para aprender como carregar os créditos na sua conta.</s>
    <s>Um abraço!</s>
    <s>Carlos 19 de agosto de 2011 às 0:27</s>
    <s>Obrigado, Andre!</s>
    <s>Isabelle 19 de agosto de 2011 às 19:38</s>
    <s>Olá, quando abro o itunes, clico em iniciar a sessão e não estou logada, já tenho uma conta no app store com cartao internacional, mas msm vendo q nao estou logada, vou ate o final da pagina e nao aparecem bandeiras nenhuma, estou a procura do iswifter e nao consigo localiza-lo nem no ipad, nem em lugar nenhum….rs pensei q poderia ter sido por minha conta ser da app brasileira… e vi esse tutorial pra mudar para a app amerticana mas nao encontro essas bandeirinhas… hahaha….</s>
    <s>Acabei de conhecer o site, vou ler os outros posts tb, pois parecem bem interessantes!!</s>
    <s>Um beijo</s>
    <s>Isabelle 19 de agosto de 2011 às 19:42</s>
    <s>Esqueci de dizer que estou fazendo pelo itunes do computador!</s>
    <s>Isabelle 19 de agosto de 2011 às 20:31</s>
    <s>Eeeeeeba!!!Já consegui, desculpe sou lerda mesmo hahaha</s>
    <s>Obrigada meeeesmo</s>
    <s>Achei q eu poderia fazer uma conta na app store com cartao internacional… mas ganhei o ipad a 5 dias… e to aprendendo ainda… descobri q precisa do gift card…. por isso vc fez esse post hahahahaha</s>
    <s>Obrigada por compartilhar conosco seus conhecimentos viu!!</s>
    <s>Um beijo</s>
    <s>Vitor Fogassa 19 de agosto de 2011 às 21:12</s>
    <s>Hehe Olá Isabelle, vejo que já resolveu o problema.</s>
    <s>Quando for assim, eu sei que a gente acaba ficando afobado, mas leia com cuidado, a maioria das pergumtas que recebemos nos tutoriais seriam resolvidas com uma leitura com mais atenção.</s>
    <s>Obrigado pelos elogios, aguardo seus futuros comentários.</s>
    <s>julio lucena 24 de agosto de 2011 às 15:15</s>
    <s>cara nao ta dando certo ,ele nao aceita minha senha o chamado id pq sera ?</s>
    <s>Vitor Fogassa 24 de agosto de 2011 às 16:47</s>
    <s>Olá Júlio,</s>
    <s>Reveja com calma todos os passos do tutorial, você deve ter se equivocado em algum dos passos.</s>
    <s>Daniele 29 de agosto de 2011 às 18:34</s>
    <s>Baixei aplicativos da appstore no meu pc,agora não consigo transferir pro meu iphone 3g.Como faço?</s>
    <s>Vitor Fogassa 29 de agosto de 2011 às 21:20</s>
    <s>Olá Daniele,</s>
    <s>Explique melhor o que acontece para que possamos lhe ajudar.</s>
    <s>Daniel 1 de setembro de 2011 às 18:13</s>
    <s>É possível criar a conta na applestorenamericana diretamente do ipad? Agradeço e aproveito para parabeniza lo pelo blog.</s>
    <s>André Darugna 2 de setembro de 2011 às 10:37</s>
    <s>É possível mas não temos um tutorial feito para esta forma, acredito ser mais complexo.</s>
    <s>Lissa 13 de outubro de 2011 às 15:42</s>
    <s>Pelo iPad é bem mais difícil mesmo. Desse jeito que o blog ensina dá certo. O único problema é que apareceu uma mensagem de erro e não consegui terminar, mais vou continuar tentando..obrigada pelas dicas, o blog é show, parabéns!</s>
    <s>Marcelo 3 de setembro de 2011 às 16:15</s>
    <s>meu, eu tava meio desconfiado assim com os blogs de hj em dia neh, mas esse blog deu realmente certo, eu tentei e jah to baixando meus primeiros apps…muito bom!</s>
    <s>Vitor Fogassa 4 de setembro de 2011 às 21:56</s>
    <s>Valeu marcelo.</s>
    <s>O nosso diferencial é que realmente testamos o que indicamos por aqui. Nós produzimos o conteúdo. Diferente da maioria dos blogs que somente copia os blogs gringos.</s>
    <s>Abraço e bem vindo ao blog!</s>
    <s>John Lima 4 de setembro de 2011 às 21:13</s>
    <s>Olá Andre, muito bom este tutorial</s>
    <s>Eu queria saber se eu seguir esses passos, porém botar meu catão de credito internacional nas conta, vai funcionar mesmo assim?</s>
    <s>André Darugna 4 de setembro de 2011 às 23:20</s>
    <s>Não, seu cartão não será aceito pois eles realizam a comprovação do local onde foi emitido o cartão, no caso vão ver que é brasileiro.</s>
    <s>Amanda 6 de setembro de 2011 às 17:54</s>
    <s>Funciona mesmo!!!parabéns o site de vcs é muito bom!</s>
    <s>Vitor Fogassa 6 de setembro de 2011 às 19:31</s>
    <s>Obrigado Amanda.</s>
    <s>fabi 8 de setembro de 2011 às 17:53</s>
    <s>eu fiz tudo certinho,coloquei a opção sem cartão, coloquei o endereço, mas quando eu apertei continue venho uma mensagem assim:</s>
    <s>&quot;please contact itunes support to complete this transaction&quot;</s>
    <s>oq eu faço ?</s>
    <s>me ajuda,pf</s>
    <s>eu estou querendo mt os apps</s>
    <s>Vitor Fogassa 9 de setembro de 2011 às 10:33</s>
    <s>Olá Fabi,</s>
    <s>Refaça o procedimento desde o início, tem alguma coisa errada aí.</s>
    <s>Qualquer coisa pergunte novamente.</s>
    <s>Brother victor 11 de setembro de 2011 às 17:07</s>
    <s>Muito legal esse blog</s>
    <s>Valeu mesm , só tô cum uma duvida : posso baixa tudo gratis mesmo?mesmo se aparece que custa por exemp. $4,99 eu n pago nada?</s>
    <s>Abraço e obrigado</s>
    <s>Vitor Fogassa 11 de setembro de 2011 às 20:14</s>
    <s>Olá Victor.</s>
    <s>Não. Você baixará de graça o conteúdo grátis.</s>
    <s>Carolaine 12 de setembro de 2011 às 0:08</s>
    <s>André,Vitor,fiz hoje a minha conta Brasileira e a Americana,segui todo o tutorial e deu tudo certo.Já até baixei jogos e aplicativos.Pra mim que além de ser novata,também não sou boa em tecnologia,só mesmo através de vocês para conseguir fazer isto.Muito Obrigada,NÓS agradecemos!!Sucesso pra vocês!</s>
    <s>Natália 12 de setembro de 2011 às 23:04</s>
    <s>Eu não consigo completar o tutorial, quando chega na parte de selecionar &quot;none&quot; do cartão de crédito simplesmente não aparece essa opção pra mim. Eu nunca consigo criar uma conta americana por culpa disso, espero que você me ajudem,</s>
    <s>Obrigada desde já.</s>
    <s>Vitor Fogassa 13 de setembro de 2011 às 20:21</s>
    <s>Olá Natália, refaça o procedimento, tem alguma coisa errada. O que voc~e está criando é uma &quot;falsa&quot; conta americana.</s>
    <s>zildo neto 14 de setembro de 2011 às 18:03</s>
    <s>vitor fogassa pra mim tambem ñ esta aparecenndo a opção none,oq eu faço?e como assim conta falsa me ajuda cara</s>
    <s>Vitor Fogassa 14 de setembro de 2011 às 18:42</s>
    <s>Olá Zildo,</s>
    <s>Não precisa se preocupar. Com &quot;falsa&quot; eu quis dizer que na verdade você não está criando uma conta americana, mas parece que está.</s>
    <s>Recomece o passo a passo do zero, ele está correto, vc deve ter se confundido em algum momento.</s>
    <s>zildo neto 14 de setembro de 2011 às 19:15</s>
    <s>ainda sim não aparece a opção none, e eu ja fiz tudo,entrei na app store americana,digitei meu email, e ja tentei umas dez vezes ja to quase jogando meu notebook na parede.</s>
    <s>Mariana Legi 14 de setembro de 2011 às 19:22</s>
    <s>NossaMuito obrigada mesmo por esse tutorialFuncionou certinho</s>
    <s>Já estava ficando muito aborrecida por não poder baixar coisas gratis da App Store dos EUA…</s>
    <s>Eternamente grata</s>
    <s>Vitor Fogassa 14 de setembro de 2011 às 19:40</s>
    <s>Que bom que te ajudamos Mariana. Sempre que precisar estamos aqui.</s>
    <s>zildo neto 14 de setembro de 2011 às 19:36</s>
    <s>não aparece cara ñ tem jeito eu ja tentei umas dez 15 vezes e nada, e eu ñ to logado em nenhuma conte e tenho certeza que estou na app store americana,porem nada de aparecer a opção none,ja fui em varios blogs e nada,então só voces podem me ajudar até pq pelo que eu vi até hoje voces são os melhores</s>
    <s>Marili 17 de setembro de 2011 às 13:32</s>
    <s>Boa tarde, quando vou efetuar a conta da Argentina não consigo concluir por causa do &quot; Post code&quot; . Por favor, como faço? Obrigada</s>
    <s>Vitor Fogassa 17 de setembro de 2011 às 16:39</s>
    <s>Olá Marili,</s>
    <s>Você utilizou o post code que indicamos no tutorial para criar a conta argentina?</s>
    <s>Averna 21 de setembro de 2011 às 19:26</s>
    <s>cara que deus abençoes vcs… que sufoco viu? resolveu legal ai!!!vlw</s>
    <s>André Darugna 22 de setembro de 2011 às 10:25</s>
    <s>Fico feliz que tenhas gostado.</s>
    <s>Rossan Brandao 24 de setembro de 2011 às 16:00</s>
    <s>Parabéns, excelentes IPad Dicas!!!</s>
    <s>yadoggy 25 de setembro de 2011 às 13:39</s>
    <s>Gica 27 de setembro de 2011 às 19:23</s>
    <s>Tutorial salvador de ipad!!:) Muito obrigada!!!</s>
    <s>André Darugna 28 de setembro de 2011 às 10:21</s>
    <s>!:) legal!!</s>
    <s>Luiz Mauricio 2 de outubro de 2011 às 8:14</s>
    <s>Nao apareceu a opcao de nenhum cartão de crédito quando estava criando a conta na App Store.</s>
    <s>Dirceu 3 de outubro de 2011 às 1:46</s>
    <s>ParabénsSimplesmente uma maravilha essa dica. Consegui de PRIMEIRA.</s>
    <s>Marcia 4 de outubro de 2011 às 19:59</s>
    <s>Obrigada pelas dicas simples e fáceis de seguir, como id da apple americana…valeu!</s>
    <s>Jenny 5 de outubro de 2011 às 14:59</s>
    <s>Isso tb pode baixar no iphone??</s>
    <s>André Darugna 5 de outubro de 2011 às 15:08</s>
    <s>Sim, mesmo esquema!</s>
    <s>Célia 5 de outubro de 2011 às 18:46</s>
    <s>Não tem mais sem cartão de crédito. Já tentei criar a conta nos EUA, mas tem que ter cartão de crédito. Não deu certo.</s>
    <s>André Darugna 5 de outubro de 2011 às 22:48</s>
    <s>Olá Célia, tem sim, tente comprar um App grátis e depois vai funcionar.</s>
    <s>Rodrigo 5 de outubro de 2011 às 19:32</s>
    <s>Tentei utilizar esta dica, porém em meu computador não aparece a opção, no método de pagamento, de não utilizar cartão de crédito. Como posso me cadastrar na loja americana?</s>
    <s>André Darugna 5 de outubro de 2011 às 22:53</s>
    <s>Siga esse tutorial, ele ainda é funcional.</s>
    <s>Você deve estar esquecendo de &quot;comprar&quot; um App grátis pra opção aparecer.</s>
    <s>Célia 6 de outubro de 2011 às 13:11</s>
    <s>André vc tem toda razão. Eu não tinha comprado o app grátis. Depois deu tudo certo. Muito obrigada mesmo. Vocês são demais. Um grande abraço.</s>
    <s>André Darugna 6 de outubro de 2011 às 18:23</s>
    <s>deivi 7 de outubro de 2011 às 22:07</s>
    <s>esse jogos podem ser baixados mesmo sendo os que tem q pagar ? o site tah muito show valeu pelas dicas</s>
    <s>Vitor Fogassa 7 de outubro de 2011 às 23:16</s>
    <s>Não. É para baixar apps grátis que não existem na app store brasileira, como jogos por exemplo.</s>
    <s>Luiza 7 de outubro de 2011 às 22:59</s>
    <s>Ola André.Tenho um ipad2 , e to na luta para criar uma conta americana…. Adorei seu espaço ele é incrível,segui seu tutorial mais estou com um problema, na hora que eu tenho que colocar meu endereço americano,( já tentei vários.) E sempre aparece &quot;please enter at most 70 letters or numbers for street address. &quot;</s>
    <s>oque faço !? Obrigada beijinhos</s>
    <s>Vitor Fogassa 7 de outubro de 2011 às 23:13</s>
    <s>Já tentou usar o que colocamos no tutorial?</s>
    <s>Luiza 7 de outubro de 2011 às 23:14</s>
    <s>Valeu Vitor, eu conseguiFoi descuido meu rs muito bom isso aqui caraSucesso sempre</s>
    <s>Luiza 7 de outubro de 2011 às 23:13</s>
    <s>Aeee então André, deu certo aqui eu conseguiSeu tutorial é o MaximoSucesso irmão</s>
    <s>Magno 9 de outubro de 2011 às 1:55</s>
    <s>André tudo bém? Tenho um Ipad 2 e</s>
    <s>Comprei aplicativos no Mercado Livre, iserir o cd no Itunes mas não consigo passar, aparece mensagen de erro depois do download,</s>
    <s>Tambem não conseguir baixar o Jailbreak iOS 4.3.3 e muito menos o Cydia, aparece o simbolo do aplicativo mas não aparece o INSTALL,</s>
    <s>Você pode me ajuda?</s>
    <s>André Darugna 10 de outubro de 2011 às 9:28</s>
    <s>Perdão Magno, comprou aplicativos no Mercado Livre? Não estou entendendo, o ML não vende aplicativos para iPad, somente no iTunes do computador ou AppStore do iPad.</s>
    <s>Nós não apoiamos o Jailbreak.</s>
    <s>Nay 10 de outubro de 2011 às 21:49</s>
    <s>Olá pessoal, fiz tudo certinho como explica no tutorial, mas quando chega no final eu clico em &quot;continue&quot; e lá em cima aparece escrito de vermelho: Please contact iTunes support to complete this transaction. O que devo fazer??</s>
    <s>Agradeço desde já!</s>
    <s>André Darugna 11 de outubro de 2011 às 9:59</s>
    <s>Olá Nay, tens como enviar uma foto da tela no contato@ipaddicas.com pra ver o que está acontecendo?</s>
    <s>Alessandra 11 de outubro de 2011 às 18:34</s>
    <s>Parabéns pelo conteúdo tão bem explicado…até eu, uma novata em ipad2 já estou me sentindo mais dona deste equipo.</s>
    <s>Nay 12 de outubro de 2011 às 12:59</s>
    <s>Oi André, eu fiz tudo novamente e agora deu certo, mais quando eu coloco pra instalar o jogo e digito o meu ID Apple e a senha aparece assim: You have not verified your Apple ID. Tap OK to review the instructions on how to verify you Apple ID. Cancel - OK. O que devo fazer???</s>
    <s>Elissandra 13 de outubro de 2011 às 15:18</s>
    <s>Não consegui. A opção none não aparece de jeito nenhum.</s>
    <s>André Darugna 13 de outubro de 2011 às 18:48</s>
    <s>Tente seguir os passos novamente você está esquecendo de algo.</s>
    <s>Até mais.</s>
    <s>fabi 13 de outubro de 2011 às 16:00</s>
    <s>Ola, comprei um ipod touch 4, essas dicas servem para ipod ou somente ipad? posso criar uma conta americana e baixar os aplicativos gratuitos tbm? obrigada!</s>
    <s>Vitor Fogassa 13 de outubro de 2011 às 16:59</s>
    <s>Olá Fabi,</s>
    <s>Servem para o iPod sim.</s>
    <s>Mbinatti 15 de outubro de 2011 às 14:45</s>
    <s>Excelente trabalho pessoal. Segui as dicas e to com cta americana tb. Porém, baixei diva jogos e nenhum ta rodando no iPhone 4. Saberiam me dizer o q acontece? Qdo clico no ícone, ele sai fora…</s>
    <s>Vitor Fogassa 15 de outubro de 2011 às 16:01</s>
    <s>Tente reiniciar o aparelho.</s>
    <s>Deixe um comentario</s>
    <s>Clique aqui para cancelar a resposta.</s>
    <s>Voce devera escrever somente sobre o conteudo deste artigo, duvidas e perguntas relacionadas a outros assuntos devem ser feitas no nosso link Duvidas.</s>
    <s>Nome (obrigatorio)</s>
    <s>Email (nao publicaremos) (obrigatorio)</s>
    <s>Site (ou endereço no Twitter)</s>
    <s>O tempo de resposta para os comentarios pode ser de 24-48hs.</s>
    <s>iPadDicas na CBN, confira!</s>
    <s>Por segunda vez a Repórter Daniela Braun do CBN Tecnologia da Informação falou no ar sobre o iPadDicas. Desta vez nos entrevistou sobre o iOS 5 e a expectativa do lançamento do novo sistema, confira, estamos na mídia!</s>
    <s>Receba nossas dicas por email</s>
    <s>Assine agora!</s>
    <s>Receba todo sabado em seu email conteúdo exclusivo, promoções, jogos gratuitos, dicas de Apps e tutoriais para deixar seu iPad sempre atualizado!</s>
    <s>Colabore com o iPadDicas.com</s>
    <s>Se você gosta do trabalho que estamos realizando, considere fazer uma pequena contribuição.</s>
    <s>© iPadDicas 2010-2011 - Todos os direitos estão reservados</s>
  </text>
</page>
