<?xml version="1.0" encoding="UTF-8"?>
<!DOCTYPE page SYSTEM "page.dtd">
<page>
  <lang>pt</lang>
  <url>http://tribunalpopulardojudiciario.wordpress.com/tag/mst/</url>
  <title>mst « Tribunal Popular do Judiciário</title>
  <snippet>
    <s>Também participarão as entidades membro do comitê organizador da ação: além de comissão pastoral da terra, conferência nacional dos bispos do brasil, </s>
  </snippet>
  <text>
    <s>Tribunal Popular do Judiciário</s>
    <s>Just another WordPress.com weblog</s>
    <s>Posts Tagged 'mst'</s>
    <s>A História e o assassinato de Flaviano Pinto Neto</s>
    <s>Fevereiro 23, 2011</s>
    <s>DO VIAS DE FATO</s>
    <s>Nesta terça-feira (22/02/11), logo cedo, militantes de diferentes organizações sociais do Maranhão, trocavam e-mails e telefonemas anunciando a prisão do grileiro/fazendeiro Manoel Gentil Gomes, acusado de mandar matar o quilombola e líder de trabalhadores rurais Flaviano Pinto Neto, assassinado com sete tiros na cabeça, em 30 de outubro de 2010, no município de São Vicente Férrer (MA).</s>
    <s>Em mais de três meses, o assassinato de Flaviano e todo o seu contexto foram praticamente ignorados pela grande imprensa maranhense, especialmente pelo Sistema Mirante/Globo. Por outro lado, houve uma imensa pressão feita por diferentes organizações sociais que levaram o assunto para muito além das fronteiras do Maranhão.  Algumas entidades atuaram na linha de frente e outras deram apoio. Lembramos aqui da CPT, FETAEMA, MST, CONLUTAS, Comitê Padre Josimo, Comissão de Direitos Humanos da OAB, ANEL, Sociedade Maranhense de Direitos Humanos e Cáritas.</s>
    <s>A sede da associação que Flaviano Pinto Neto presidia foi queimada um ano antes de sua morte. Apesar deste atentando político, o governo de Roseana Sarney Murad (PMDB) nada fez, criando as condições para que, um ano depois, o conflito acabasse em tragédia. Esta é, apenas, uma das razões do silêncio da grande mídia “chapa branca”.</s>
    <s>Manoel Gentil Gomes (hoje preso) tem litígio contra dois quilombos na Baixada Maranhense. Um deles é a comunidade de Charco, onde tombou morto Flaviano Pinto Neto. O outro é a comunidade do Cruzeiro, onde no final do ano passado, após UMA LIMINAR ABSURDA do juiz Sidney Cardoso (comarca de São Bento), foram destruídas inúmeras roças. Detalhe: o Governo do Estado mandou a polícia para GARANTIR A DESTRUIÇÃO das roças dos lavradores. Este novo escândalo resultou em nova mobilização e denúncias.</s>
    <s>Por conta destes conflitos, atualmente existem outras lideranças ameaçadas de morte na Baixada maranhense. Uma delas ingressou no Programa de Proteção aos Defensores de Direitos Humanos. No caso do Charco, recentemente o juiz federal Magno Linhares homologou um acordo no processo, garantindo a permanência do povoado no local, até a conclusão da titulação pelo INCRA.  O mesmo INCRA que foi acionado pelo Ministério Público Federal por conta de sua omissão neste caso.</s>
    <s>Sobre o assassinato de Flaviano, a polícia passou a investigar o crime a partir da quebra dos sigilos telefônicos e descobriu, num primeiro momento, os executores. No início deste mês foi preso Josué Sodré Sabóia, chefe de um grupo de extermínio que, além de Flaviano, já teria liquidado aproximadamente 16 pessoas. Sabóia teria também participado da Operação Tigre, uma atrocidade comandada pelo governo do Maranhão em 1990. Na época o governador era João Alberto, hoje senador pelo PMDB, premiado em dezembro passado pelo governo de Roseana pela “defesa dos Direitos Humanos”.</s>
    <s>Hoje foi preso o grileiro Manoel Gentil Gomes. Por ironia, na imprensa maranhense, os primeiros a noticiar foram os veículos ligados a governadora.  E, na maioria dos textos, o fazendeiro/grileiro é chamado de “empresário”.</s>
    <s>O fato é que a pressão social determinou a prisão do acusado de mandar matar Flaviano.  Num estado como o Maranhão, onde política, governo, latifúndio, máfia e oligarquia confundem-se numa coisa só, a pressão social é a única forma de fazer com que o chamado “Estado Democrático de Direito” funcione a serviço do interesse público.</s>
    <s>Em relação aos conflitos agrários do Maranhão é FUNDAMENTAL registrar que, em abril de 2009, a Justiça maranhense determinou que fosse preso o fazendeiro Adelson Veras Araújo, acusado de mandar matar dois camponeses em Açailândia. Apesar da ordem judicial, este mesmo governo de Roseana IGNOROU A DECISÃO JUDICIAL, deixando o fazendeiro - que tem uma história de vida ligada ao trabalho escravo - solto por quase dois anos.</s>
    <s>Este assunto foi denunciado na edição deste mês de fevereiro do  Vias de Fato . Esta mesma matéria teve seu texto reproduzido nos sites organizados pelas direções nacionais do MST e da CPT. O título da reportagem é: “FAZENDEIRO IMPUNE E LAVRADOR DESPEJADO”.</s>
    <s>Enfim, nunca é demais lembrar que, além desta relação com fazendeiros acusados de assassinatos, em menos de dois meses deste novo mandato, o governo e a governadora do Maranhão estão enrolados com escândalos na FAPEMA, na segurança pública e na educação. Por tudo isto junto, para evitar mais problemas do governo com a opinião pública, Manoel Gentil Gomes foi preso, hoje pela manhã, com direito a helicóptero da Polícia e cobertura do Sistema Mirante.</s>
    <s>É o espetáculo midiático - patrocinado pelo Governo do Estado - querendo reescrever a História.</s>
    <s>Tags:açailândia, adelson veras araújo, anel, assassinato, cáritas, charco, comissão de direitos humanos da oab, comitê padre josimo, conflitos agrários, conlutas, cpt, cruzeiro, direitos humanos, educação, estado democrático de direito, fapema, fetaema, flaviano pinto neto, globo, governo, governo do estado, história, incra, interesse público, joão alberto, josué sodré sabóia, latifúndio, magno linhares, manoel gentil gomes, maranhão, máfia, mídia, ministério público federal, mst, oab, oligarquia, operação tigre, opinião pública, organizações sociais, pmdb, polícia, política, pressão social, programa de proteção aos defensores de direitos humanos, roseana sarney murad, são bento, São Vicente Férrer, segurança pública, sidney cardoso, sistema mirante, sociedade maranhense de direitos humanos, trabalho escravo, vias de fato</s>
    <s>Na categoria acontecendo, denúncia, repercussão/clipping, tribunal popular do judiciário | Deixar um Comentário »</s>
    <s>Vias de Fato: um ano memorável*</s>
    <s>Setembro 13, 2010</s>
    <s>POR FLÁVIO REIS</s>
    <s>O aparecimento do jornal Vias de Fato em outubro do ano passado foi uma grata surpresa que tomou de assalto nosso ridículo meio jornalístico. Na primeira edição, a chamada da entrevista com o juiz Jorge Moreno estampava logo uma daquelas afirmações certeiras que seria uma marca do jornal: “O Poder Judiciário Não Tem Legitimidade”. A entrevista era um retrato excelente do controle oligárquico inescrupuloso do poder judiciário no Maranhão, da conivência com todo tipo de corrupção, distanciado da sociedade e sempre veloz para se voltar contra os movimentos sociais.</s>
    <s>Mas outros textos não ficavam atrás, uma ótima reflexão de Wagner Cabral sobre a “cultura da libertação”, contraponto oposicionista de um jogo político que se desenrola nos marcos da estrutura oligárquica, Eduardo Júlio escrevendo sobre os primeiros tempos do Cine Praia Grande, Ricarte Almeida falando da experiência “Clube do Choro Recebe”. Destacava-se ainda uma matéria forte sobre violência no campo e uma sátira irada de Cesar Teixeira, intitulada O Banquete Execrável, onde os convivas “devoram com avidez as costelas indigentes da ética e do decoro” e “o mais reles papel cabe ao presidente Lula, espécie de czar naturalista especializado em mimar camaleões de bigode”. Na verdade um texto livre que tornava o conjunto mais surpreendente, antecipando de forma precisa como “durante o banquete que atravessará as eleições de 2010 tudo será permitido”.</s>
    <s>Nos números seguintes logo se verificou que a estrutura da publicação já surgiu bastante nítida. Temas: direitos humanos, conflitos agrários, defesa do meio ambiente, movimentos sociais, cultura popular, luta contra a corrupção e o poder oligárquico. Destaques: uma seção de entrevista, realizada sempre com muita competência; artigos de colaboradores variados, em geral pesquisadores e pessoas ligadas às lutas sociais; uma matéria realizada pelos editores, encontro direto com nossa realidade de miséria e desmandos.</s>
    <s>Em onze edições, pequenas amostras da crise social e política em que se encontra mergulhado o Maranhão. Lucidez e contundência nas entrevistas de Palmério Dória, afirmando que “a desmoralização da nossa democracia não tem limites”; de Dom Xavier Gilles, categórico sobre o que o nosso poder judiciário finge desconhecer, “latifundiário é ladrão”; de Manoel da Conceição, um histórico olhando com decepção o rumo tomado por Lula, em acordo com as oligarquias; de João Pedro Stédile, “o Maranhão tem a maior concentração fundiária do mundo”; de Vila Nova, dando o nome certo de máfia para as redes de poder, explicando tudo numa verdadeira aula; de Wellington Resende, auditor da CGU, escancarando nosso segredo de polichinelo, “elite maranhense vive da corrupção no setor público”; da constatação de Maristela Andrade, “a elite do Maranhão não gosta de seu povo, eles querem a cultura apenas para servir a seus interesses”; ou da velha verdade dita com força pelo padre Victor Asselin, “discutir a questão da terra é fundamental para o futuro do Maranhão”.</s>
    <s>Os artigos trataram de temas variados, mas sempre urgentes, como o colapso do abastecimento de água em São Luís, o impacto ambiental dos projetos anunciados pelo governo federal, o trabalho escravo nas fazendas, os escândalos do judiciário maranhense, o cerco do capital sobre o direito das quebradeiras de coco babaçu à terra livre, o plebiscito pelo limite de propriedade da terra, entre outros.</s>
    <s>As matérias de responsabilidade da editoria, por sua vez, foram ao encontro do “Maranhão profundo”, aquele invisível, mantido cuidadosamente distante pela imprensa oligárquica. Aí temos, em cores vivas, os quadros da nossa barbárie cotidiana, a violência dos madeireiros na região de Buriticupú, em conluio com as autoridades locais e os responsáveis pela fiscalização, a luta dos Awa-Guajá pela delimitação de suas terras, num conflito que já comportou de tudo, desmatamento, extração ilegal de madeira, construção de carvoarias e estradas clandestinas, milícias armadas e o progressivo extermínio de um povo nômade, cuja existência chegou mesmo a ser negada pelo prefeito de Zé Doca, ou as arbitrariedades ocorridas depois dos acontecimentos de 1º de janeiro de 2009 em Santa Luzia do Tide, quando uma multidão estava acampada para protestar contra a diplomação do candidato derrotado e um incêndio mal explicado tomou os prédios da Prefeitura, Câmara e Fórum. A repercussão foi grande, nacional, mas nada soubemos sobre os desdobramentos posteriores, exemplo típico do que ainda continua sendo a lei no Maranhão, fonte de arbítrio, perseguição e vingança.</s>
    <s>Por outro lado, temos as cenas do dia 15 de abril em algumas cidades do interior, data limite para os gestores públicos disponibilizarem a prestação de contas para apreciação da sociedade. Os relatos sobre as mobilizações em Lago do Junco, Cantanhede, Codó, Santa Luzia do Tide e Miranda do Norte, com a população exigindo saber como foi gasto o dinheiro, apontam para algo realmente interessante, que, se estimulado, será uma fonte de pressão importante na luta contra a corrupção. Escândalos com o dinheiro público não faltam e o jornal lembra o velho sorvedouro do “Projeto da EMSA”, com vistas à irrigação no Baixo Parnaíba, criado ainda no período de Sarney na presidência e que vem atravessando os governos como saco sem fundo, no conhecido estilo para e recomeça, estando agora previsto um investimento de mais de 180 milhões através do PAC.</s>
    <s>A crueza e a qualidade que aparecem nas poucas páginas do Vias de Fato são evidentes e o contraste com o tipo de jornalismo mais freqüente por estas bandas, total. Perdido entre o noticiário distorcido que é a tônica do Sistema Mirante e a submissão do antigo Jornal Pequeno às conveniências dos grupos de oposição oligárquica, o que já era ruim parece ter ficado pior. Uma autêntica briga de comadres, movida a muito disse-me-disse, temperada por um colunismo medíocre, sem exceções, incapaz de ir além do chavão e da propaganda política.</s>
    <s>São jornais que se lê em poucos minutos e ainda fica a sensação de perda de tempo. Um jornalismo que se alimenta de si próprio, de suas futricas e vaidades, centrado em São Luís, ou melhor, em alguns poucos bairros da cidade (agora também em alguns blogs…), distanciado da sociedade e no fundo parecendo cumprir a função de esconder o Maranhão dos maranhenses. Ataques e acusações, mas quase nunca crítica política digna desse nome, aliada à exaltação repetitiva da natureza, da cultura popular e da mitificação histórica, eis a fórmula comum aos nossos jornais. Podem até falar uma coisa ou outra dos problemas da cidade, comportar alguma denúncia, reclamar da insegurança, mas séries de reportagens, exploração mais circunstanciada de temas, cruzando informação e reflexão, o link necessário entre pesquisa e jornalismo, capaz de motivar o debate público, nada disso existe. O resto são as doses diárias de uma violência exposta sem nenhuma discussão, carne pendurada em açougue para consumo de massa.</s>
    <s>Vivemos num estado marcado pela carapaça mítica engendrada ainda no século XIX em torno de sua capital, cujo signo maior era o sempre repetido bordão da Atenas Brasileira, sem esquecer a fundação francesa de araque, inventada posteriormente, e que agora ganhou novos contornos com o título a ela concedido de patrimônio da humanidade, aliado à imagem recente dos Lençóis como maravilha da natureza. Por trás disso, o Maranhão é na realidade uma espécie de eterno campeão de estatísticas negativas. Terra de violência e miséria, permeada por desmandos de uma estrutura de poder que se mantém há décadas, é a imagem acabada do atraso no mosaico brasileiro. Isto é, a imagem que os outros fazem de nós, porque a visão que continuamos a cultivar permanece embaralhada por um sentimento de grandeza, na verdade mais ludovicense do que propriamente maranhense, mas de qualquer forma largamente predominante, seja no jornalismo, na publicidade, nas academias ou universidades. É um sentimento de exaltação incutido pelas nossas elites, avesso a qualquer crítica.</s>
    <s>O Vias de Fato não aceitou esse jogo, colocando-se numa linha crítica visceral, sem a canga costumeira dos grupos políticos, vale dizer, das máfias, apostando numa articulação mais ampla e descentralizada, envolvendo movimentos sociais e criando um espaço de disseminação de informações, aberto a contribuições de viés acadêmico, mas com teor combativo, como exige o momento e ficou bem explícito desde o primeiro editorial. O que apareceu foi um Maranhão diferente do que é vendido cotidianamente nas páginas dos jornais e nos noticiários. Coerente com as idéias professadas de um jornalismo comprometido com as causas populares, encampou decididamente a movimentação do Tribunal Popular do Judiciário, experiência única de denúncia de juízes e promotores a partir de depoimentos colhidos livremente, participa da Campanha Nacional pelo Limite da Propriedade da Terra e esteve na caravana que foi acompanhar o julgamento do último e principal acusado do crime da missionária Doroty Stang.</s>
    <s>Na recente campanha eleitoral afirmou que não tomaria partido entre os candidatos da oposição, mantendo firme a posição de que a luta contra a dominação oligárquica passa necessariamente pela luta contra o sarneysismo. Claro e direto, sem deixar de ser plural. Homenagens também ocorreram, sempre em textos de qualidade, sobre João do Vale, Maria Aragão, Dona Lili, Escrete, e, no último número, Magno Cruz, uma pilastra fundamental das lutas sociais contra a discriminação racial e a defesa dos direitos humanos que ruiu numa dessas surpresas silenciosas da vida, evocado por Cesar Teixeira em página carregada de emoção.</s>
    <s>Recentemente o jornal passou a contar também com página na internet, contendo arquivos dos artigos publicados, algumas reportagens e postagem de notícias, comentários, denúncias, além de links para os sites do MST, CPT, Fórum Carajás, Tribunal do Judiciário, Sindicato dos Bancários. Na situação que hoje se desenha, espaços de crítica como este terão um papel cada vez mais importante.</s>
    <s>Lula manteve a tradição e comanda a locomotiva da oligarquia em vários estados, mas preparando-se para usufruir de uma herança política perversa, construída com a desmobilização e a cooptação de movimentos sociais e o desmantelamento do frágil sistema partidário, sem falar na destruição do próprio PT enquanto força democrática, cada vez mais submetido às conveniências do “lulismo” (a sua mitificação como novo pai dos pobres), encapsulado em redes obscuras, pronto a se unir a antigos beneficiários do atraso e apresentar vários “honoráveis bandidos” na televisão como verdadeiros baluartes do espírito público e promotores do desenvolvimento em suas regiões, reproduzindo cinicamente a velha aliança com a fisiologia, que continua a ser colocada como a “única forma possível de governar o Brasil”, exercendo, enfim, o realismo dos aproveitadores e saltando sobre o Estado com a gula dos que tem fome de poder e mando. Neste contexto, República pode virar apenas uma palavra, ainda mais vazia do que já é. Uma triste reafirmação da nossa longa tradição patrimonialista, na qual sobretudo o poder político deve ser utilizado como espólio do vencedor.</s>
    <s>Resta uma saudação calorosa aos editores Cesar Teixeira e Emílio Azevedo, que vem levando esta experiência urgente de informação engajada com extrema dificuldade, mas, acima de tudo, muita garra e competência. Além da expectativa positiva de que o jornal consiga se afirmar como espaço de discussão diversificada, capaz de exercer de maneira criativa a função dinamizadora da informação na luta contra a espoliação e o arbítrio.</s>
    <s>*Artigo publicado na 12º edição do jornal Vias de Fato .</s>
    <s>Flávio Reis é professor da UFMA. Publicou Grupos Políticos e Estrutura Oligárquica no Maranhão .</s>
    <s>Tags:awa-guajá, baixo parnaíba, blogs, brasil, buriticupu, campanha eleitoral, campanha nacional pelo limite da propriedade da terra, Cantanhede, cesar teixeira, cgu, cine praia grande, clube do choro recebe, Codó, colunismo medíocre, conflitos agrários, corrupção, cpt, crítica, cultura popular, debate público, dinheiro público, direitos humanos, dom xavier gilles, dona lili, doroty stang, eduardo júlio, eleições, emílio azevedo, entrevista, escândalos, escrete, fórum carajás, flávio reis, honoráveis bandidos, imprensa oligárquica, internet, joão do vale, joão pedro stédile, jorge moreno, jornal, jornal pequeno, jornalismo, jornalismo maranhense, Lago do Junco, limite da propriedade da terra, lula, lulismo, luta, magno cruz, manoel da conceição, maranhão, maria aragão, maristela andrade, meio ambiente, miranda do norte, mobilizações, movimentos sociais, mst, pac, palmério dória, poder político, propaganda política, pt, Santa Luzia do Tide, sarney, sarneysismo, são luís, sindicato dos bancários, sistema mirante, tribunal popular do judiciário, ufma, vias de fato, victor asselin, vila nova, wagner cabral, wellington resende, Zé Doca</s>
    <s>Na categoria acontecendo, repercussão/clipping, tribunal popular do judiciário | Deixar um Comentário »</s>
    <s>A contrarrevolução jurídica</s>
    <s>Dezembro 15, 2009</s>
    <s>Trata-se de um ativismo judiciário conservador que consiste em neutralizar, por via judicial, muito dos avanços democráticos.</s>
    <s>Está em curso uma contrarrevolução jurídica em vários países latino-americanos. É possível que o Brasil venha a ser um deles.</s>
    <s>Entendo por contrarrevolução jurídica uma forma de ativismo judiciário conservador que consiste em neutralizar, por via judicial, muito dos avanços democráticos que foram conquistados ao longo das duas últimas décadas pela via política, quase sempre a partir de novas Constituições.</s>
    <s>Como o sistema judicial é reativo, é necessário que alguma entidade, individual ou coletiva, decida mobilizá-lo. E assim tem vindo a acontecer porque consideram, não sem razão, que o Poder Judiciário tende a ser conservador. Essa mobilização pressupõe a existência de um sistema judicial com perfil técnico-burocrático, capaz de zelar pela sua independência e aplicar a Justiça com alguma eficiência.</s>
    <s>A contrarrevolução jurídica não abrange todo o sistema judicial, sendo contrariada, quando possível, por setores progressistas.</s>
    <s>Não é um movimento concertado, muito menos uma conspiração. É um entendimento tácito entre elites político-econômicas e judiciais, criado a partir de decisões judiciais concretas, em que as primeiras entendem ler sinais de que as segundas as encorajam a ser mais ativas, sinais que, por sua vez, colocam os setores judiciais progressistas em posição defensiva.</s>
    <s>Cobre um vasto leque de temas que têm em comum referirem-se a conflitos individuais diretamente vinculados a conflitos coletivos sobre distribuição de poder e de recursos na sociedade, sobre concepções de democracia e visões de país e de identidade nacional.</s>
    <s>Exige uma efetiva convergência entre elites, e não é claro que esteja plenamente consolidada no Brasil. Há apenas sinais nalguns casos perturbadores, noutros que revelam que está tudo em aberto. Vejamos alguns.</s>
    <s>- Ações afirmativas no acesso à educação de negros e índios. Estão pendentes nos tribunais ações requerendo a anulação de políticas que visam garantir a educação superior a grupos sociais até agora dela excluídos.</s>
    <s>Com o mesmo objetivo, está a ser pedida (nalguns casos, concedida) a anulação de turmas especiais para os filhos de assentados da reforma agrária (convênios entre universidades e Incra), de escolas itinerantes nos acampamentos do MST, de programas de educação indígena e de educação no campo.</s>
    <s>- Terras indígenas e quilombolas. A ratificação do território indígena da Raposa/Serra do Sol e a certificação dos territórios remanescentes de quilombos constituem atos políticos de justiça social e de justiça histórica de grande alcance. Inconformados, setores oligárquicos estão a conduzir, por meio dos seus braços políticos (DEM, bancada ruralista) uma vasta luta que inclui medidas legislativas e judiciais.</s>
    <s>Quanto a estas últimas, podem ser citadas as &quot;cautelas&quot; para dificultar a ratificação de novas reservas e o pedido de súmula vinculante relativo aos &quot;aldeamentos extintos&quot;, ambos a ferir de morte as pretensões dos índios guarani, e uma ação proposta no STF que busca restringir drasticamente o conceito de quilombo.</s>
    <s>- Criminalização do MST. Considerado um dos movimentos sociais mais importantes do continente, o MST tem vindo a ser alvo de tentativas judiciais no sentido de criminalizar as suas atividades e mesmo de o dissolver com o argumento de ser uma organização terrorista.</s>
    <s>E, ao anúncio de alteração dos índices de produtividade para fins de reforma agrária, que ainda são baseados em censo de 1975, seguiu-se a criação de CPI específica para investigar as fontes de financiamento.</s>
    <s>- A anistia dos torturadores na ditadura. Está pendente no STF arguição de descumprimento de preceito fundamental proposta pela OAB requerendo que se interprete o artigo 1º da Lei da Anistia como inaplicável a crimes de tortura, assassinato e desaparecimento de corpos praticados por agentes da repressão contra opositores políticos durante o regime militar.</s>
    <s>Essa questão tem diretamente a ver com o tipo de democracia que se pretende construir no Brasil: a decisão do STF pode dar a segurança de que a democracia é para defender a todo custo ou, pelo contrário, trivializar a tortura e execuções extrajudiciais que continuam a ser exercidas contra as populações pobres e também a atingir advogados populares e de movimentos sociais.</s>
    <s>Há bons argumentos de direito ordinário, constitucional e internacional para bloquear a contrarrevolução jurídica. Mas os democratas brasileiros e os movimentos sociais também sabem que o cemitério judicial está juncado de bons argumentos.</s>
    <s>Boaventura de Sousa Santos , 69, sociólogo português, é professor catedrático da Faculdade de Economia da Universidade de Coimbra (Portugal). É autor, entre outros livros, de &quot;Para uma Revolução Democrática da Justiça&quot; (Cortez, 2007).</s>
    <s>Publicado no jornal FSP de 04/12/2009</s>
    <s>Link original: http://www.socialismo.org.br/portal/politica/47-artigo/1300-a-contrarrevolucao-juridica-</s>
    <s>Tags:ações afirmativas, ativismo judiciário, índices de produtividade, bancada ruralista, boaventura de sousa santos, brasil, contrarrevolução, contrarrevolução jurídica, cpi, criminalização, dem, elites, elites político-econômicas, indígenas, judiciário, judiciário brasileiro, lei da anistia, medidas legislativas, movimentos sociais, mst, oab, quilombolas, reforma agrária, sistema judicial, stf</s>
    <s>Na categoria acontecendo | Deixar um Comentário »</s>
    <s>Tribunal Popular do Judiciário terá etapa estadual realizada em São Luís</s>
    <s>Novembro 25, 2009</s>
    <s>Terça-feira, 1º. de dezembro, ginásio do Colégio Dom Bosco (Renascença) receberá cerca de 3 mil caravaneiros vindos de todas as regiões do Maranhão.</s>
    <s>Após cinco caravanas regionais, realizadas nos municípios de Santa Quitéria, Imperatriz, Bacabal, Santa Inês e Presidente Dutra, visitando mais de 50 municípios, colhendo depoimentos (gravados em áudio e vídeo) e provas (documentos, cópias de processos, fotografias etc.) da violação de direitos pela ausência, omissão ou conivência do poder judiciário, a Cáritas Brasileira Regional Maranhão e a Conferência Nacional dos Bispos do Brasil Regional Nordeste V, junto a um conjunto de organizações e entidades da sociedade civil realizam terça-feira, 1º. de dezembro, a partir das 7h30min (horário em que terá início o credenciamento das caravanas vindas de municípios do interior do estado), a etapa estadual do Tribunal Popular do Judiciário.</s>
    <s>A plenária popular acontecerá no ginásio do Colégio Dom Bosco, no Renascença (ao lado do Bobs, em frente ao Tropical Shopping Center). O comitê organizador estima um público de aproximadamente 3 mil pessoas. “Esse processo teve início em junho, quando lançamos o Tribunal Popular do Judiciário no auditório da OAB. Ali ainda nem tínhamos a dimensão do que se tornaria esse grande e pleno exercício de mobilização social e de denúncia, e já conseguimos reunir 500 pessoas de todo o Maranhão. Após percorrer todos esses municípios e ter realizado todo esse trabalho, de ouvir o sofrimento das pessoas mais humildes, é natural percebermos o crescimento do interesse pela temática”, afirma Ricarte Almeida Santos, secretário executivo da Cáritas Brasileira Regional Maranhão.</s>
    <s>Diversas entidades nacionais confirmaram presença na plenária estadual do Tribunal Popular do Judiciário: Instituto de Estudos Sócio-econômicos (INESC), a organização Justiça Global, Secretaria Especial de Direitos Humanos da Presidência da República (SEDH-PR), Secretariado Nacional da Cáritas Brasileira e o Fórum Nacional de Ouvidores de Segurança Pública. Também participarão as entidades membro do comitê organizador da ação: além de Cáritas e CNBB, estarão presentes representantes da Sociedade Maranhense de Direitos Humanos (SMDH), Conselho Indigenista Missionário (CIMI), Associação de Saúde da Periferia do Maranhão (ASP/MA), Redes e Fóruns de Cidadania, Movimento dos Trabalhadores e Trabalhadoras Rurais Sem Terra do Maranhão (MST/MA), Comissão Pastoral da Terra (CPT), e Ordem dos Advogados do Brasil (OAB/MA), além de outras entidades da sociedade civil maranhense.</s>
    <s>Uma comissão de sistematização, formada por profissionais das entidades do comitê organizador do Tribunal Popular do Judiciário conseguiu registrar, de acordo com os depoimentos colhidos ao longo das caravanas regionais, 17 tipificações de falhas do poder judiciário em sua atuação no estado do Maranhão. De cada, serão apresentados cerca de três depoimentos previamente selecionados, na etapa final, terça-feira que vem. Advogados populares e a mesa de trabalhos irão se posicionar sobre os temas e depoimentos. A etapa estadual do Tribunal Popular do Judiciário será encerrada com a Marcha Por Justiça de Verdade, slogan do TPJ, que fará o percurso entre o Ginásio do Colégio Dom Bosco, local da atividade, até a Praça Pedro II, onde está localizada a sede do Tribunal de Justiça do Estado do Maranhão, em frente ao qual será realizado o ato de encerramento da atividade.</s>
    <s>O comitê organizador da ação encaminhará a diversos órgãos nacionais e internacionais de controle do poder judiciário, toda a documentação levantada, além do trabalho de sistematização já iniciado.</s>
    <s>Tags:asp, asp/ma, associação de saúde da periferia, órgãos de controle, Bacabal, bobs, cáritas brasileira, cáritas brasileira regional maranhão, cimi, cnbb, colégio dom bosco, comissão pastoral da terra, conferência nacional dos bispos do brasil, conselho indigenista missionário, cpt, depoimentos, etapas regionais, fórum nacional de ouvidores de segurança pública, imperatriz, inesc, instituto de estudos sócio-econômicos, judiciário, maranhão, marcha, marcha por justiça de verdade, mobilização social, movimento dos trabalhadores e trabalhadoras rurais sem terra, mst, mst/ma, oab, poder judiciário, poder judiciário maranhense, por justiça de verdade, praça pedro ii, presidente dutra, redes e fóruns de cidadania, renascença, Ricarte Almeida Santos, santa inês, santa quitéria, secretaria especial de direitos humanos da presidência da república, sedh-pr, smdh, sociedade civil, sociedade civil maranhense, sociedade maranhense de direitos humanos, tpj, tribunal de justiça, tribunal popular do judiciário, tropical shopping, tropical shopping center</s>
    <s>Na categoria acontecendo, tribunal popular do judiciário | Deixar um Comentário »</s>
    <s>CDVDH de Açailândia demonstra-se surpreso e preocupado com rejeição das denúncias contra Marcelo Baldochi</s>
    <s>Novembro 16, 2009</s>
    <s>Tribunal de Justiça do Maranhão rejeitou denúncia contra juiz Marcelo Baldochi, acusado de trabalho escravo.</s>
    <s>O Centro de Defesa da Vida e dos Direitos Humanos de Açailândia (CDVDH) e outros movimentos que lutam pela erradicação do trabalho escravo receberam com surpresa e preocupação a rejeição da denúncia do Ministério Público em face do juiz de direito Marcelo Testa Baldochi pela prática de submeter trabalhadores à condição análoga a de escravo pelo Tribunal de Justiça do Maranhão.</s>
    <s>Esta decisão, ainda que não seja definitiva, reforça um sentimento de descrédito para com o Poder Judiciário, e ainda um sentimento de impunidade, e regozija fazendeiros que insistem em manter essa prática, deixando trabalhadores mais vulneráveis e com receio de denunciar.</s>
    <s>Neste tempo, felicitamos os votos a favor do recebimento da denúncia dos desembargadores José Joaquim Figueiredo dos Anjos, Benedito de Jesus Guimarães Belo, Paulo Sérgio Velten Pereira e Raimundo Nonato de Souza, demonstrando que não há unanimidade em torno da questão.</s>
    <s>A fazenda Por do Sol, no município de Bom Jardim, do juiz Marcelo Baldochi, foi fiscalizada pelo Grupo Móvel de Combate ao Trabalho Escravo em setembro de 2007, quando 25 trabalhadores foram resgatados, inclusive um adolescente de 15 anos. As condições encontradas na fazenda eram de degradação e exploração humana, conforme relatou a coordenação da fiscalização: “o isolamento geográfico, a retenção de salários e a existência de dívida ilegal caracterizam a situação encontrada como trabalho escravo”.</s>
    <s>Nos surpreende também que o procedimento que tramita na comarca de Bom Jardim (proc. 838/2007) em que o “braço direito” do juiz Marcelo Baldochi, conhecido como Zé Bembem, foi indiciado por porte ilegal de arma pela Polícia Federal por conta das armas encontradas na fazenda pela força tarefa que formava o Grupo Móvel de Combate ao Trabalho Escravo, não tenha sido até a presente data sequer oferecida denúncia pelo Ministério Público.</s>
    <s>O juiz Marcelo Baldochi responde também à acusação de comandar pessoalmente uma ação truculenta de reintegração de posse e invasão de residências em um assentamento vizinho à fazenda, de acordo com relatos graves de dezenas de famílias ligadas ao Movimento dos Trabalhadores Rurais Sem Terra (MST) que ocupavam a fazenda. Há indícios de que a mesma tenha sido grilada, pois pertenceria à União. Após a ação de reintegração, o juiz, acompanhado de força policial, invadiu residências de outro assentamento vizinho alegando que os moradores dali apoiavam o MST.</s>
    <s>De 1996 a 2009 mais de 36 mil trabalhadores já foram resgatados pelo Grupo Móvel, e mais de 179 empregadores constam da lista suja. Só no Maranhão são 34 escravistas e mais de 35 ações penais tramitam na Justiça Federal e Estadual do Maranhão. Diante de todos esses fatos o número de pessoas condenadas judicialmente hoje é insignificante diante da gravidade e extensão do crime que vem sendo praticado. A Justiça ainda não tem se posicionado de forma a apresentar condenações que tenham um caráter preventivo, que inibam a continuidade da prática do crime.</s>
    <s>A decisão do Tribunal de Justiça do Maranhão em rejeitar a denúncia contra o juiz Marcelo Baldochi mancha mais uma vez a imagem desta corte que deixa envergonhado cada maranhense quando protagonizam escândalos. O CDVDH/Açailândia reafirmou congratulações aos quatro desembargadores que corajosamente votaram pelo recebimento da denúncia, mantendo a esperança de que o Ministério Público, cumprindo seu dever constitucional, se utilize dos recursos dispostos na legislação vigente para reverter essa situação, garantindo o recebimento da denúncia, para que o processo tenha tramitação normal, os trabalhadores possam ser ouvidos e ao final se tenha uma sentença que possa contribuir na garantia de um nível de pacificação social no campo.</s>
    <s>Veja depoimento de trabalhadores resgatados da fazenda Pôr do Sol neste link.</s>
    <s>Com informações do CDVDH/Açailândia.</s>
    <s>Tags:açailândia, ação truculenta, cdvdh, centro de defesa da vida e dos direitos humanos de açailândia, denúncia, desembargadores, fazenda pôr do sol, grupo móvel de combate ao trabalho escravo, juiz, marcelo baldochi, ministério público, movimentos sociais, mst, poder judiciário, reintegração de posse, rejeição de denúncia, resgate, tj, tj/ma, trabalho escravo, tribunal de justiça, tribunal de justiça do maranhão</s>
    <s>Na categoria acontecendo, denúncia, repercussão/clipping, tribunal popular do judiciário | 1 Comentário »</s>
    <s>Despejo instantâneo em fazenda de juiz envolvido com trabalho escravo</s>
    <s>Agosto 6, 2009</s>
    <s>Ocupantes da fazenda Por do Sol foram presos e sofreram violência física. Fazenda, de propriedade do juiz Marcelo Testa Baldochi, tem histórico de trabalho escravo e funcionamento irregular de fornos de carvão.</s>
    <s>O Movimento dos Trabalhadores e Trabalhadoras Rurais Sem Terra do Maranhão (MST) ocupou em 26 de julho, no município de Bom Jardim/MA, a fazenda Por do Sol, de propriedade do juiz Marcelo Testa Baldochi, acusado de manter trabalhadores em condições análogas à de trabalho escravo. Além disso, também foram encontrados na área fornos de carvão funcionando ilegalmente.</s>
    <s>No dia 1º. de agosto, com uma liminar com prazo de 15 dias para contestação, integrantes do movimento foram despejados imediatamente. Como a fazenda Por do Sol fica em frente ao assentamento Terra Livre, do MST, isso possibilitou a reorganização das famílias de trabalhadores para uma nova ocupação, o que veio a acontecer três dias depois, em 4 de agosto.</s>
    <s>Às 11h de ontem (5), as famílias foram novamente despejadas, em ação realizada com o uso de violência e participação direta do juiz proprietário. Depoimentos tanto de acampados quanto de assentados – reprimidos pelo apoio e proteção dados aos primeiros – dão conta do uso de violência física e verbal por parte da polícia na ação de despejo. Dois trabalhadores rurais foram presos e fisicamente agredidos.</s>
    <s>O clima na área é de temor pela vida, segurança e integridade física tanto dos assentados quanto dos ocupantes, todos atualmente em Terra Livre. Policiais retornaram ao acampamento ontem, por volta de 21h30min, buscando identificar líderes, aterrorizando as famílias, que não têm como sair do local, cercado pela polícia.</s>
    <s>No acampamento Terra Livre há diversos trabalhadores que já foram vítimas de trabalho escravo na fazenda do juiz Marcelo Testa Baldochi.</s>
    <s>Redação: Zema Ribeiro, da Assessoria de Comunicação da Cáritas Brasileira Regional Maranhão</s>
    <s>Tags:carvoarias, denúncia, fazenda, juiz, mst, ocupação, prisão, trabalhadores rurais, trabalho escravo, violência, violência física</s>
    <s>Na categoria denúncia | 3 Comentários »</s>
    <s>Mais Tribunal Popular do Judiciário</s>
    <s>Tribunal Popular do Judiciário. O que é?</s>
    <s>Tribunal Popular do Judiciário. Quem?</s>
    <s>Outubro 2011</s>
    <s>Setembro 2011</s>
    <s>Agosto 2011</s>
    <s>Junho 2011</s>
    <s>Maio 2011</s>
    <s>Abril 2011</s>
    <s>Março 2011</s>
    <s>Fevereiro 2011</s>
    <s>Janeiro 2011</s>
    <s>Dezembro 2010</s>
    <s>Novembro 2010</s>
    <s>Outubro 2010</s>
    <s>Setembro 2010</s>
    <s>Agosto 2010</s>
    <s>Julho 2010</s>
    <s>Junho 2010</s>
    <s>Maio 2010</s>
    <s>Março 2010</s>
    <s>Fevereiro 2010</s>
    <s>Janeiro 2010</s>
    <s>Dezembro 2009</s>
    <s>Novembro 2009</s>
    <s>Outubro 2009</s>
    <s>Setembro 2009</s>
    <s>Agosto 2009</s>
    <s>Julho 2009</s>
    <s>Junho 2009</s>
    <s>acontecendo (146)</s>
    <s>denúncia (71)</s>
    <s>repercussão/clipping (90)</s>
    <s>tribunal popular do judiciário (124)</s>
    <s>Uncategorized (8)</s>
    <s>Tema: Kubrick. Blog em WordPress.com.</s>
    <s>RSS Artigos e RSS Comentários.</s>
    <s>Follow Tribunal Popular do Judiciário</s>
    <s>Get every new post delivered to your Inbox.</s>
    <s>Powered by WordPress.com</s>
  </text>
</page>
