<?xml version="1.0" encoding="UTF-8"?>
<!DOCTYPE page SYSTEM "page.dtd">
<page>
  <lang>pt</lang>
  <url>http://blog.rcaap.pt/2010/12/09/1%25C2%25AA-conferencia-luso-brasileira-de-acesso-aberto/</url>
  <title>1ª Conferência Luso-Brasileira de Acesso Aberto « Blog RCAAP</title>
  <snippet>
    <s>9 dez. 2010 Esta conferência decorreu na sequência do Memorando de de 2011 (em data ainda a designar), na cidade do Rio de Janeiro, Brasil. Inicie a sessão no WordPress.com para publicar um comentário no seu blog. </s>
  </snippet>
  <text>
    <s>Blog RCAAP</s>
    <s>Repositório Científico de Acesso Aberto de Portugal</s>
    <s>Sobre o RCAAP</s>
    <s>1ª Conferência Luso-Brasileira de Acesso Aberto</s>
    <s>9 12 2010</s>
    <s>Realizou-se nos passados dias 25 e 26 de Novembro, na Universidade do Minho, a 1.ª Conferência Luso-Brasileira de Acesso Aberto, organizada conjuntamente pelos Serviços de Documentação da Universidade do Minho, pela Fundação para Computação Científica Nacional (FCCN), no âmbito do Repositório Científico de Acesso Aberto de Portugal (RCAAP), e pelo Instituto Brasileiro de Informação em Ciência e Tecnologia (IBICT ).</s>
    <s>A 1.ª Conferência Luso-Brasileira de Acesso Aberto reuniu cerca de 180 participantes, dos quais 25 foram provenientes do Brasil, tendo oferecido uma panorâmica actualizada e alargada da situação do acesso aberto nos dois países, quer através de um conjunto de apresentações sobre algumas das principais iniciativas que decorrem em Portugal e no Brasil, quer através das 8 comunicações e 14 posters seleccionadas pela Comissão Científica, entre as quase 40 propostas apresentadas.</s>
    <s>&gt; Esta conferência decorreu na sequência do Memorando de Entendimento assinado entre os ministros de ciência de Portugal e do Brasil em Outubro de 2009, e dá continuidade às Conferências sobre o Acesso Livre ao Conhecimento, organizadas pela Universidade do Minho em 2005, 2006, 2008, as duas últimas já no âmbito do projecto Repositório Científico de Acesso Aberto de Portugal (RCAAP).</s>
    <s>A conferência serviu também para apresentar e proceder ao lançamento da integração entre os portais portugueses (RCAAP – www.rcaap.pt) e brasileiro (OASIS.br). A nova versão do portal RCAAP, apresentada na conferência, já integra os conteúdos dos repositórios brasileiros, permitindo a pesquisa conjunta de mais de 130.000 documentos científicos e académicos em acesso aberto (cerca de 50.000 de Portugal e mais de 80.000 do Brasil). A nova versão do portal OASIS.br, com integração da pesquisa nos repositórios portugueses agregados pelo portal RCAAP, foi também apresentada, mas não se encontra ainda em produção.</s>
    <s>Foi igualmente apresentado o Directório Luso-Brasileiro de repositórios e revistas de acesso aberto, que pretende referenciar todos os repositórios e todas as revistas de acesso aberto de cada um dos países, funcionando com duas instâncias (uma no Brasil e outra em Portugal), que se sincronizam e actualizam diariamente.</s>
    <s>Finalmente, foi anunciada a realização da 2ª Conferência Luso-Brasileira de Acesso Aberto no mês de Novembro de 2011 (em data ainda a designar), na cidade do Rio de Janeiro, Brasil.</s>
    <s>Gostar disto:</s>
    <s>Be the first to like this post.</s>
    <s>« Uma semana para promover o acesso livre ao conhecimento: de 18 a 24 de Outubro Política de Acesso Livre ao Conhecimento dos Hospitais da Universidade de Coimbra, EPE »</s>
    <s>!rss RSS dos Comentários</s>
    <s>!trackback Trackback</s>
    <s>Data : 9 09UTC Dezembro 09UTC 2010</s>
    <s>Tags: conferência, confoa, cooperação, luso-brasileira</s>
    <s>Categorias : Cooperação luso-brasileira</s>
    <s>Deixar uma resposta Cancelar resposta</s>
    <s>Escreva o seu comentário aqui </s>
    <s>Iniciar sessão</s>
    <s>Iniciar sessão</s>
    <s>Iniciar sessão</s>
    <s>Email (obrigatório) (Not published)</s>
    <s>Nome (obrigatório)</s>
    <s>!WordPress.com Logo</s>
    <s>Inicie a sessão no WordPress.com para publicar um comentário no seu blog.</s>
    <s>!Imagem do Twitter</s>
    <s>You are commenting using your Twitter account. ( Log Out )</s>
    <s>!Facebook photo</s>
    <s>You are commenting using your Facebook account. ( Log Out )</s>
    <s>Connecting to %s</s>
    <s>Quero ser notificado de comentários adicionais por email.</s>
    <s>Quero ser notificado de novos posts por email.</s>
    <s>Tag Cloud</s>
    <s>COAR Comunicação Conferência Open Access Cooperação luso-brasileira Dados Científicos Formação Open Access Políticas de Open Access Políticas institucionais Portal RCAAP Projecto RCAAP Repositório Comum SARI Uncategorized</s>
    <s>COAR (2)</s>
    <s>Comunicação (21)</s>
    <s>Conferência Open Access (5)</s>
    <s>Cooperação luso-brasileira (3)</s>
    <s>Dados Científicos (2)</s>
    <s>Formação (5)</s>
    <s>Open Access (22)</s>
    <s>Políticas de Open Access (2)</s>
    <s>Políticas institucionais (4)</s>
    <s>Portal RCAAP (2)</s>
    <s>Projecto RCAAP (7)</s>
    <s>Repositório Comum (1)</s>
    <s>SARI (18)</s>
    <s>Uncategorized (1)</s>
    <s>Blog RCAAP</s>
    <s>Portal de Pesquisa</s>
    <s>Validador de Repositórios</s>
    <s>Website do Projecto RCAAP</s>
    <s>Novidades Portal RCAAP</s>
    <s>Spatial Variation in Density and Total Size Estimates in Fragmented Primate Populations: The Golden-Crowned Sifaka (Propithecus tattersalli)</s>
    <s>A genome-wide survey of sRNAs in the symbiotic nitrogen-fixing alpha-proteobacterium Sinorhizobium meliloti</s>
    <s>Opinião dos alunos do 4º ano do Curso de Licenciatura em Enfermagem da Universidade Fernando Pessoa sobre Cateterismo Venoso Periférico e Humanização de Cuidados</s>
    <s>Les apports de la psychopédagogie perceptive pour l’enseignant du primaire</s>
    <s>Aplicación del modelado sólido en el análisis prequirurgico de una espondilolistesis</s>
    <s>Seleccionar Mês Agosto 2011 (1) Julho 2011 (1) Janeiro 2011 (2) Dezembro 2010 (1) Outubro 2010 (1) Setembro 2010 (1) Agosto 2010 (2) Julho 2010 (4) Junho 2010 (2) Maio 2010 (3) Abril 2010 (2) Março 2010 (6) Fevereiro 2010 (4) Janeiro 2010 (5) Dezembro 2009 (1) Novembro 2009 (3) Outubro 2009 (4) Setembro 2009 (4)</s>
    <s>Blog em WordPress.com. Tema: Freshy por Jide.</s>
    <s>Follow Blog RCAAP</s>
    <s>Get every new post delivered to your Inbox.</s>
    <s>Powered by WordPress.com</s>
  </text>
</page>
