<?xml version="1.0" encoding="UTF-8"?>
<!DOCTYPE page SYSTEM "page.dtd">
<page>
  <lang>pt</lang>
  <url>http://blog.uniamerica.br/2011/06/uniamerica-recebe-participantes-da-conferencia-municipal-de-saude/</url>
  <title>Uniamérica Blog » Uniamérica recebe participantes da Conferência ...</title>
  <snippet>
    <s>Uniamérica recebe participantes da Conferência Municipal de Saúde. Mais de 700 pessoas entre delegados representantes de usuários, trabalhadores, líderes </s>
  </snippet>
  <text>
    <s>Blog Home</s>
    <s>Site Uniamérica</s>
    <s>Calendário Letivo 2011</s>
    <s>Visão Acadêmica</s>
    <s>Uniamérica recebe participantes da Conferência Municipal de Saúde</s>
    <s>Mais de 700 pessoas entre delegados representantes de usuários, trabalhadores, líderes comunitários e dos diversos segmentos da área, além de observadores, participam da XI Conferência Municipal de Saúde de Foz do Iguaçu, realizada no auditório da Uniamérica.</s>
    <s>O objetivo da Conferência era formular sugestões de políticas públicas a serem implantadas pelos gestores municipais. O evento foi aberto pelo Presidente do Conselho Municipal de Saúde, Ricardo Foster e pelo Secretário de Saúde, Alexandre Kraemer.</s>
    <s>As sugestões dos conferencistas visando melhorias foram elaboradas a partir de oficinas, organizadas para promover as discussões e a elaboração das propostas a serem votadas em plenário. No segundo dia do evento o médico Adriano Massuda ministrou uma palestra a partir do tema central da conferência “O SUS pode ser melhor, depende de nós”.</s>
    <s>Prestigiaram o evento o Diretor da Uniamérica, Faisal Ismail, o Chaick Mohsin Alhassani Iman da Comunidade Islâmica, Diretor do Centro Islâmico de Foz do Iguaçu e o Presidente do Conselho de Pastores e Ministros Evangélicos de Foz do Iguaçu, Sadi Buzanelo.</s>
    <s>Os coordenadores dos cursos da área da saúde  da Uniamérica marcaram presença e tiveram participação ativa. A Coordenadora do Curso de Enfermagem, Cristiane Ortega, atuou na organização do evento. A professora atuou como membro titular do Conselho Muncipal de Saúde em 2009/2010, representando a Faculdade União das Américas, que compôs compondo o grupo dos prestadores de serviço em saúde.</s>
    <s>deixe seu comentário</s>
    <s>Clique aqui para cancelar a resposta.</s>
    <s>seu nome (preenchimento obrigatório)</s>
    <s>seu e-mail (preenchimento obrigatório - não será publicado)</s>
    <s>seu site</s>
    <s>Jornal da Uniamérica - Ed. 8</s>
    <s>Próximos Eventos</s>
    <s>Ja estao definidos os cursos e a data do ENADE 2011 (13:00)</s>
    <s>Avaliação Institucional</s>
    <s>Ciclo de Palestras</s>
    <s>Ciências Biológicas</s>
    <s>Ciências Sociais Aplicadas</s>
    <s>Copa de Futsal</s>
    <s>Curso de Extensão</s>
    <s>Educação Física</s>
    <s>Engenharia Ambiental</s>
    <s>Feira de Negócios</s>
    <s>Meio Ambiente</s>
    <s>Programas de Apoio ao Aluno</s>
    <s>Quarta Cultural Uniamérica</s>
    <s>Secretariado Executivo Trilíngue</s>
    <s>Serviço Social</s>
    <s>Visão Acadêmica</s>
    <s>(C) 2011 Uniamérica Blog. All Rights Reserved Developed by PSD to Wordpress. Designed by Wordpress Theme Designer Wordpress Theme Designer</s>
  </text>
</page>
