<?xml version="1.0" encoding="UTF-8"?>
<!DOCTYPE page SYSTEM "page.dtd">
<page>
  <lang>pt</lang>
  <url>http://pt.aliexpress.com/product-fm/328357348-Portable-Document-Scanner-3D-object-presenter-wholesalers.html</url>
  <title>Apresentador portátil do objeto varredor/3D do original</title>
  <snippet>
    <s>16. apresentador visual do alerta do objeto 3D quando conectado com o whiteboard amplamente utilizado na reunião, na conferência, no seminário e na sala de aula para conservar mais espaço para seu local de trabalho no escritório </s>
  </snippet>
  <text>
    <s>Welcome to AliExpress Join Free | Sign In or Sign In With</s>
    <s>My AliExpress</s>
    <s>My Orders</s>
    <s>My Coupons</s>
    <s>Fulfillment by AliExpress</s>
    <s>Help Center</s>
    <s>Self Service</s>
    <s>Contact Us</s>
    <s>Submit a Complaint</s>
    <s>Buyer Forum</s>
    <s>AliExpress Blog</s>
    <s>AliExpress Facebook</s>
    <s>Go to</s>
    <s>Todas as categorias Vestuario Carros e motocicletas Construçao e Imobiliario Beleza &amp; saude Eletronicos Equipamentos electricos e suprimentos Componentes eletronicos e suprimentos Computador &amp; trabalhos em rede Energia Proteçao Ambiental Excesso de estoque Moveis Produtos personalizados Presentes e Artesanato Hardware Casa e Jardim Eletrodomesticos Luz e Iluminaçao Instrumentos de medida e de analise Borracha e Plasticos Segurança e Proteçao Equipamento de serviço Esporte e Lazer Texteis e produtos de couro Ferramentas Transporte Alimento Joia &amp; relogio Bagagem &amp; sacos Maquinaria Peças Mecanicas e Serviços de Fabricaçao Material de escritorio e escolar Embalagem &amp; Impressao Telefones &amp; telecomunicaçoes Sapatas Categoria especial Brinquedos &amp; Passatempos Em todas as categorias Buyer Protection</s>
    <s>Wholesale Categories</s>
    <s>Casa &gt; Material de escritorio e escolar &gt; Equipamento de Escritorio &gt;</s>
    <s>Outros equipamentos de escritorio</s>
    <s>Apresentador portatil do objeto varredor/3D do original</s>
    <s>Unit Price:</s>
    <s>US $134.74 - 136.84 / piece</s>
    <s>Mais detalhes do produto sao exibidas em Ingles.</s>
    <s>Confira detalhes</s>
    <s>Esta pagina e traduzido pela traduçao do Google. Voce pode conferir mais detalhes no display detalhe da pagina em Ingles e compra-lo.</s>
    <s>Detalhes Fornecedor</s>
    <s>Candy Yan</s>
    <s>China (Mainland) (Guangdong)</s>
    <s>1. Varredor do original A3/A4/A5/B5 de papel, varredor pessoal do cartao da identificaçao</s>
    <s>2. Imagens elevadas de Defenination, taxa de frame de alta velocidade da captaçao,</s>
    <s>3. Definiçao da cor de ate 600 DPI para as imagens</s>
    <s>4. Auto exploraçao para originais de pagina Multi- facilmente</s>
    <s>5. Convertendo as imagens ao pdf, png, JPG, BMP, formato do tiff com o software poderoso</s>
    <s>6. Postil na funçao das imagens da exploraçao disponivel</s>
    <s>7. Diretamente impressao - para fora sem operaçao de exploraçao</s>
    <s>8. Diretamente enviando em linha sem impressao - para fora, excepto o papel, excepto o tempo, excepto a energia</s>
    <s>9. Diretamente email para fora atraves de Outlook Express.</s>
    <s>10. Software suportado, taxa do OCR de reconhecimento sobre 96% (pode apresentar o aftter importante dos informaitons do contato imediatamente que agarra do original)</s>
    <s>11. Os carateres ingleses, chineses a reconhecer presentemente, outro estao sob tornar-se</s>
    <s>12. Output diretamente todos os dados ao TEXTO, nenhuma linha de entrada da necessidade pela linha manualmente</s>
    <s>13. Fonte de alimentaçao da relaçao USB2.0, nenhum poder extra da necessidade, conservar mais energia</s>
    <s>14. A liberalizaçao cheia do protocolo da relaçao de TWAIN, e para suportar perfeitamente o ACD considera, Photoshop, Adobe Acrobat, Pisca, exploraçao do original de Microsoft Office, exploraçao etc. de Windows.</s>
    <s>15. Windows 98 /ME/2000/2003/XP pro/Home/Vista, janela 7, MAC, sistema do linux O/S suppoted</s>
    <s>16. apresentador visual do alerta do objeto 3D quando conectado com o whiteboard eletronico interativo imediato, amplamente utilizado na reuniao, na conferencia, no seminario e na sala de aula</s>
    <s>17. Quatro tamanhos diferentes para a opçao, camera mega do CMOS de 2.0 pixeis de /3.0/5.0 para a opçao</s>
    <s>18. Projeto Foldable, compacto, portatil da aparencia, para conservar mais espaço para seu local de trabalho no escritorio</s>
    <s>19. com os 10 diodos emissores de luz azuis para o ajuste claro</s>
    <s>Venda por atacado Outros equipamentos de escritorio Recursos</s>
    <s>Varredor do cartao com captaçao e </s>
    <s>US $55.79 - 57.89 / piece</s>
    <s>Preview Next</s>
    <s>document scanner Pesquisas Produtos Correlatos : Veja mais</s>
    <s>varredor digital do original varredor barato do original varredor de alta velocidade do original</s>
    <s>varredor do original varredor do original de negocio varredor automatico do original compre o varredor do original varredor do original a3</s>
    <s>Venda por atacado document scanner:</s>
    <s>Venda por atacado varredor digital do original Venda por atacado varredor barato do original Venda por atacado varredor de alta velocidade do original Venda por atacado varredor do original Venda por atacado varredor do original de negocio Venda por atacado varredor automatico do original Venda por atacado compre o varredor do original Venda por atacado varredor do original a3</s>
    <s>Frete Gratis document scanner:</s>
    <s>Frete Gratis varredor de codigo do automovel Frete Gratis varredor da foto do cartao Frete Gratis varredor negativo Frete Gratis pode o varredor Frete Gratis varredor da cama lisa Frete Gratis varredor da memoria Frete Gratis varredor do retrato Frete Gratis varredor do original a3 Frete Gratis varredor sheetfed</s>
    <s>document scanner Promoçao :</s>
    <s>varredor digital do original Promoçao varredor barato do original Promoçao varredor de alta velocidade do original Promoçao varredor do original Promoçao varredor do original de negocio Promoçao varredor automatico do original Promoçao compre o varredor do original Promoçao varredor do original a3 Promoçao</s>
    <s>Company Info - Partnerships</s>
    <s>Wholesale - Buy - Sell - All Promotions - My Orders - Help - Site Map - Customer Service</s>
    <s>Browse Alphabetically: All Products, Free Shipping, Wholesale Product, Promotion, Price, Discount, Compare, Customized</s>
    <s>French, German, Japanese, Korea, Spanish, Portuguese, Italian, Russian</s>
    <s>Alibaba Group</s>
    <s>Product Listing Policy - Intellectual Property Policy and Infringement Claims - Privacy Policy - Terms of Use - Safe Trading Tips - Report Intellectual Property Right Infringement</s>
    <s>Copyright Notice (C) 1999-2011 Alibaba.com Hong Kong Limited and licensors. All rights reserved.</s>
  </text>
</page>
