<?xml version="1.0" encoding="UTF-8"?>
<!DOCTYPE page SYSTEM "page.dtd">
<page>
  <lang>pt</lang>
  <url>http://fatoregional.com/regiao-serrana/1%25C2%25AA-conferencia-municipal-de-juventude-de-nova-friburgo/</url>
  <title>1ª Conferência Municipal de Juventude de Nova Friburgo</title>
  <snippet>
    <s>1ª Conferência Municipal de Juventude de Nova Friburgo Qualquer jovem morador da cidade, de 15 a 29 anos, pode participar como delegado da Dados do Autor 6 set 2011; 1 comentário &middot; RSS do ARTIGO; Este post está em: </s>
  </snippet>
  <text>
    <s>O Que Você Procura?</s>
    <s>Página Inicial</s>
    <s>Sobre Nós</s>
    <s>Fale Conosco</s>
    <s>Região Serrana</s>
    <s>Região dos Lagos</s>
    <s>1ª Conferência Municipal de Juventude de Nova Friburgo</s>
    <s>Nova Friburgo deve se orgulhar de seus jovens. Com a consciência e a devida preocupação com a sociedade friburguense, no dia 17 de Setembro de 2011 na Câmara Municipal de Nova Friburgo das 08h às 18h, acontecerá a 1ª Conferência Municipal de Juventude de Nova Friburgo.</s>
    <s>Pensada por jovens da sociedade civil e do Poder Público, esta conferência será um importante espaço de debate e construção das Políticas Públicas para a Juventude Friburguense.</s>
    <s>Educação, transporte, segurança e protagonismo juvenil na política friburguense serão principais temas debatidos. Além disso, este espaço vai eleger os jovens delegados que representarão a cidade na Conferência Estadual de Juventude.</s>
    <s>Qualquer jovem morador da cidade, de 15 a 29 anos, pode participar como delegado da conferência, que está aberta também para observadores.</s>
    <s>A importância da globalização</s>
    <s>O processo de Globalização introduziu propostas de reorganização à sociedade mundial, atingindo as esferas política, econômica, social e cultural, o que redefiniu algumas concepções de espaços públicos e privados.</s>
    <s>Na nova realidade as nações necessitam de um número cada vez maior de pessoas, organizações preparadas para interagir ativamente.</s>
    <s>O analfabetismo e o analfabetismo funcional são os principais entraves sociais para inserção dos indivíduos na sociedade moderna, pois retiram praticamente todas as possibilidades de participação e transformação social. O acesso à educação formal possibilitaria que uma formação ampla, baseada em valores humanos, na visão crítica do mundo e do seu papel enquanto cidadão.</s>
    <s>A participação da sociedade na 1ª. Conferência Municipal de Juventude de Nova Friburgo é fundamental para o progresso da região serrana. A educação é à base de tudo.</s>
    <s>Mais informações: comjuvenf@gmail.com</s>
    <s>Related Posts:</s>
    <s>FMS participará da Reunião sobre Segurança Alimentar e Nutricional</s>
    <s>Conferência Regional da Mulher neste sábado em Nova Friburgo</s>
    <s>Petrópolis: Setrac realiza VIII Conferência Municipal de Assistência Social</s>
    <s>Dinheiro Público: Nova Friburgo conta com trabalho do Observatório Social</s>
    <s>América Latina prepara Rio+20</s>
    <s>1 Comentário Quero comentar!</s>
    <s>O jovem de Nova Friburgo tem que agir. Se clama por melhoras,que as exponha e cobre de quem se comprometeu a realizãção das mesmas. O momento desta 1ª conferência municipal de juventude de nova friburgo é 10. Após a catástrofe, quem clama por soluções as repensou, portanto está mais do que preparado para defendêlas-las. Com uma juventude ordeira e ativa esta cidade estará no devido caminho. E vamos a luta por realizações que venham a fazer desta uma cidade melhor.</s>
    <s>Comentário por Pedro Luiz Pecego Meirelles -- 12 de setembro de 2011 @ 16:58</s>
    <s>Feed RSS dos comentários deste post URL de TrackBack</s>
    <s>Deixe um comentário</s>
    <s>Nome (obrigatório)</s>
    <s>Email (não será publicado) (obrigatório)</s>
    <s>Seu comentario</s>
    <s>Dados do Autor</s>
    <s>EMAIL SITE /BLOG</s>
    <s>Dados desta matéria</s>
    <s>6 set 2011</s>
    <s>1 comentário</s>
    <s>RSS do ARTIGO</s>
    <s>Este post está em:</s>
    <s>Região Serrana</s>
    <s>Movimentos sociais preparam “faxina na Rede Globo” para o dia 19</s>
    <s>15 out 2011 / 10 views</s>
    <s>Lideranças dos mais diversos movimentos da sociedade carioca definiram a realização de atividades da Semana Internacional da Democratização da Mídia </s>
    <s>Auditoria da CGU constata desperdício de R$ 10 milhões em Furnas na operação para construção de usina</s>
    <s>15 out 2011 / 22 views</s>
    <s>Débora Zampier Repórter da Agência Brasil Brasília – A Controladoria-Geral da União (CGU) divulgou ontem, 14,  o resultado de uma auditoria feita </s>
    <s>Liberdade, justiça e dignidade aos presos políticos palestinos</s>
    <s>15 out 2011 / 31 views</s>
    <s>Por Frente em Defesa do Povo Palestino Foto: soldados israelense abusando de preso palestino As organizações da sociedade civil brasileira abaixo assinadas </s>
    <s>Obama na ONU: dois governos, um primeiro-ministro</s>
    <s>15 out 2011 / 23 views</s>
    <s>Por Abdel Latif Hasan Abdel Latif No seu discurso na abertura da 66ª assembléia geral da ONU, o presidente americano submeteu-se </s>
    <s>Bancários aceitam proposta da Fenaban e greve deve terminar na terça-feira</s>
    <s>15 out 2011 / 37 views</s>
    <s>O Comando Nacional dos Bancários e a Federação Nacional de Bancos (Fenaban) chegaram a um acordo ontem, 14,  no segundo </s>
    <s>- Pagina Inicial</s>
    <s>- Sobre nos</s>
    <s>- Expediente</s>
    <s>- Anuncie Conosco</s>
    <s>- Contato</s>
    <s>- Siga-nos no Twitter</s>
    <s>- Politica de Privacidade</s>
    <s>Voce no Fato Regional</s>
    <s>- Denuncie</s>
    <s>- Envie sua noticia</s>
    <s>- Seja um Colaborador</s>
    <s>Sites que apoiamos:</s>
    <s>Organizaçoes Constituidas:</s>
    <s>Amigos, Parceiros, Ongs e Colaboradores:</s>
    <s>- Ministerio Publico Federal</s>
    <s>- Ministerio Publico RJ</s>
    <s>- Policia Civil RJ</s>
    <s>- Policia Militar RJ</s>
    <s>- Corpo de Bombeiros RJ</s>
    <s>- Ibama Nova Friburgo</s>
    <s>- Exercito</s>
    <s>- Marinha</s>
    <s>- Aeronautica</s>
    <s>- SOS Crianças Desaparecidas</s>
    <s>- Amicao &amp; Amicat</s>
    <s>- Doe Vida</s>
    <s>- Safernet</s>
    <s>- Portal SRZD</s>
    <s>- Tv Focus Nova Friburgo</s>
    <s>- Treinamento Especifico (TEI)</s>
    <s>- Agencia Rio de Noticias</s>
    <s>- Rede Brasil de Noticias</s>
    <s>- Turbae &amp; Passos Advogados</s>
    <s>- Agencia Digital Maximize Web</s>
    <s>É expressamente proibido a reproduçao total ou parcial do material e fotos contidos neste portal sem a devida autorizaçao de nossa diretoria.</s>
    <s>O conteúdo produzido por colaboradores e colunistas bem como os comentários de leitores publicados,</s>
    <s>não refletem a opinião da redação do portal Fato Regional.</s>
    <s>Todos os direitos reservados - Fato Regional.com (C) 2011</s>
    <s>*URL: Universal Resource Locator</s>
    <s>*RSS: Really Simple Syndication</s>
  </text>
</page>
