<?xml version="1.0" encoding="UTF-8"?>
<!DOCTYPE page SYSTEM "page.dtd">
<page>
  <lang>pt</lang>
  <url>http://nossajoinville.com.br/2011/10/13/3%25C2%25AA-conferencia-municipal-de-cultura-de-joinville-ocorre-nos-dias-14-a-16-de-outubro/</url>
  <title>3ª Conferência Municipal de Cultura de Joinville ocorre nos dias 14 ...</title>
  <snippet>
    <s>4 dias atrás Joinville, a maior cidade de Santa Catarina, realiza neste ano a terceira edição da Conferência Municipal de Cultura. O fórum participativo, que traz 18h30 – Recepção e credenciamento 19h30 – Assinatura da Adesão do </s>
  </snippet>
  <text>
    <s>Nossa Joinville</s>
    <s>Eventos da semana</s>
    <s>Festa das Flores</s>
    <s>Festival de Dança</s>
    <s>Hotéis em Joinville</s>
    <s>Arte e Cultura</s>
    <s>Esportes Olímpicos</s>
    <s>Esportes Radicais</s>
    <s>Futebol Americano</s>
    <s>Previsão do tempo</s>
    <s>Bem estar</s>
    <s>ACHEI Joinville</s>
    <s>Revista Go!Faster</s>
    <s>3ª Conferência Municipal de Cultura de Joinville ocorre nos dias 14 a 16 de outubro</s>
    <s>Fundação Cultural de Joinville (FCJ)</s>
    <s>Joinville, a maior cidade de Santa Catarina, realiza neste ano a terceira edição da Conferência Municipal de Cultura. O fórum participativo, que traz como tema “Democratização das Políticas Culturais e o Exercício da Cidadania”, ocorre nos dias 14, 15 e 16 de outubro no Centreventos Cau Hansen. Na sexta-feira (14) às 19h30, será realizada a noite de abertura com a assinatura da adesão do município de Joinville ao Sistema Nacional de Cultura (SNC), seguida pela palestra sobre o SNC com João Roberto Peixe, Secretário de Articulação Institucional do Ministério da Cultura.</s>
    <s>Nesta edição da CMC-Jlle, os participantes irão contribuir com a definição de estratégias para execução das propostas do Plano Municipal de Cultura de Joinville (PMC-Jlle), que tem validade de 10 anos. Na semana passada, a minuta com as propostas gerais foi disponibilizada para apreciação pública. As propostas setoriais foram revisadas e aprovadas nas Pré-Conferências Setoriais de Cultura, realizadas nos meses de agosto e setembro com a participação da sociedade civil e governamental.</s>
    <s>Na 3ª Conferência Municipal de Cultura de Joinville as propostas serão divididas em eixos temáticos desenvolvidos em torno do tema principal. No sábado (15) a programação inicia às 09h com a leitura e aprovação do Regimento Interno e apresentação do Plano Municipal de Cultura de Joinville. Na sequência, será apresentada a palestra “Políticas Públicas para Economia da Cultura no Brasil”, ministrada por Luciana Guilherme, Diretora de Empreendedorismo, Gestão e Inovação da Secretaria de Economia Criativa – MinC. Esta é a primeira visita de representantes do Ministério da Cultura a Joinville desde a atual gestão do governo federal.</s>
    <s>A aprovação final das estratégias das propostas gerais e setoriais, que estão contempladas no Plano Municipal de Cultura, ocorre na Plenária Final no domingo (16/10) às 09h com a contribuição de todos os participantes e conselheiros.</s>
    <s>A Conferência Municipal de Cultura de Joinville é uma realização da Fundação Cultural de Joinville e Prefeitura, com o apoio do Conselho Municipal de Política Cultura (CMPC-Jlle). Os interessados devem se inscrever pelo blog conferenciadeculturadejoinville.blogspot.com. A programação completa e demais informações também estão disponíveis no blog.</s>
    <s>14 de outubro (sexta-feira)</s>
    <s>Horário: 18h30 às 22h</s>
    <s>Onde: Teatro Juarez Machado</s>
    <s>18h30 – Recepção e credenciamento</s>
    <s>19h30 - Assinatura da Adesão do Município de Joinville ao Sistema Nacional de Cultura</s>
    <s>- Palestra sobre o Sistema Nacional de Cultura com João Roberto Peixe, Secretário de Articulação Institucional do Ministério da Cultura</s>
    <s>15 de outubro (sábado)</s>
    <s>Horário: 9h às 18h</s>
    <s>Onde: Centro de Convenções Alfredo Salfer</s>
    <s>9h - Apresentação e aprovação do Regimento Interno</s>
    <s>- Apresentação do Plano Municipal de Cultura</s>
    <s>- Palestra sobre Políticas Públicas para Economia da Cultura no Brasil com Luciana Guilherme, Diretora de Empreendedorismo, Gestão e Inovação da Secretaria de Economia Criativa – MinC</s>
    <s>13h30 - Eixos Temáticos</s>
    <s>18h - Reuniões de setores para eleição Conselheiros (Música, Patrimônio Material, Patrimônio Imaterial, Museus e Espaços de Memória, Audiovisual, Livro e Leitura)</s>
    <s>16 de outubro (domingo)</s>
    <s>Horário: 9h às 14h</s>
    <s>Onde: Teatro Juarez Machado</s>
    <s>09h - Plenária final</s>
    <s>13h - Apresentação dos novos membros do CMPC-Jlle</s>
    <s>3ª Conferência Municipal de Cultura</s>
    <s>Plantão de Notícias</s>
    <s>JEC busca o acesso hoje contra o Brasiliense às 17h Futebol</s>
    <s>Encontro de Stammtisch ocorrerá em Joinville no próximo sábado Festas</s>
    <s>Reiniciam as obras para pavimentação da rua de acesso ao Morro do Mirante Turismo</s>
    <s>Inauguração do Parque da Cidade transferida para o dia 6 de novembro Infra-estrutura</s>
    <s>Vai começar as quartas de final da LDF Cup na Liga e Desliga Futebol</s>
    <s>SESC Joinville recebe o 3ª Fanfarrão – Festival de Bandas e Fanfarras Arte e Cultura</s>
    <s>Concertos Matinais deste domingo (16) é na Sociedade Lírica Arte e Cultura</s>
    <s>Divulgue !</s>
    <s>Entre em contato e envie sua matéria ou release para divulgação</s>
    <s>Anuncie !</s>
    <s>Divulgue sua marca no Nossa Joinville e seja visto nas rede sociais</s>
    <s>Deserto !</s>
    <s>Edição da revista Go!Faster traz como destaque uma maratona no Atacama</s>
    <s>Encontre informações sobre qualquer estabelecimento em nosso guia</s>
    <s>iPhone !</s>
    <s>Baixe o aplicativo do Nossa Joinville na App Store, é grátis!</s>
    <s>Eventos da semana</s>
    <s>Festa das Flores</s>
    <s>Festival de Dança</s>
    <s>Arte e Cultura</s>
    <s>Esportes Olímpicos</s>
    <s>Esportes Radicais</s>
    <s>Futebol Americano</s>
    <s>Previsão do tempo</s>
    <s>Bem estar</s>
    <s>ACHEI Joinville</s>
    <s>Revista Go!Faster</s>
    <s>Sobre nós</s>
    <s>Anuncie aqui</s>
    <s>Fale conosco</s>
    <s>Política de privacidade</s>
  </text>
</page>
