<?xml version="1.0" encoding="UTF-8"?>
<!DOCTYPE page SYSTEM "page.dtd">
<page>
  <lang>pt</lang>
  <url>http://bdjur.almedina.net/item.php%3Ffield%3Dnode_id%26value%3D1258964</url>
  <title>Artigo 441.º - Conferência - Declaração de Rectificação nº 105 ...</title>
  <snippet>
    <s>9 nov. 2007 Artigo 441.º - Conferência pela não oposição de julgados, o recurso é rejeitado; se concluir pela oposição, o recurso prossegue. </s>
  </snippet>
  <text>
    <s>ea para Assinantes</s>
    <s>A funcionalidade pretendida stcessl a utilizadores registados. Assine hoje mesmo a BDJUR e tenha acesso a Cos, legisla e jurisprudia, actualizados diariamente e ainda um diciono jurco e formulos, com a qualidade Almedina. Por uma assinatura anual acessl, a BDJUR apresenta uma nova forma de consultar informa jurca:</s>
    <s>Facilidade de consulta e Leitura</s>
    <s>Na BDJUR, toda a legisla, cos e jurisprudia presentada em pnas bem formatadas, com um espaento e tamanho de letra estudado para uma leitura confortl.</s>
    <s>Tratamento Jurco</s>
    <s>O tratamento jurco na BDJUR fectuado diploma a diploma, ao nl do artigo individual. Sefectuadas todas as relas consideradas relevantes, devidamente destacadas do texto para uma consulta fl.</s>
    <s>Pesquisa Instanta e Fl</s>
    <s>A pesquisa em todo o contea BDJUR nstanta e apresenta-lhe os melhores resultados automaticamente. Pode tambespecificar todas as condis de pesquisa tais como data, a de Direito, etc.</s>
    <s>Exporta em PDF</s>
    <s>Exporte toda a Legisla do Dio da Repa e Jurisprudia em formato PDF para impressou consulta sem necessidade de liga nternet. O PDF manta excelente legibilidade da versonline.</s>
    <s>Conhetodas as funcionalidade da BDJUR na pna de Apresenta do Servi/a&gt;.</s>
    <s>Se j utilizador registado, introduza o seu utilizador e password:</s>
    <s>[Esqueceu-se da sua password ?</s>
    <s>Mais Informas: Apresenta | Tabela de Pre | Req. Sistema | Ficha Tica | Copyright | Termos de Uso | Privacidade</s>
    <s>(C) 2010 Edis Almedina, SA</s>
    <s>Todos os direitos reservados</s>
    <s>NIF: 500979197</s>
    <s>Rua Fernandes Tom 76-80</s>
    <s>3000-167 Coimbra, Portugal</s>
    <s>Tel: +351 239 436 266</s>
    <s>Fax: +351 239 436 267</s>
    <s>Email: vendas@almedina.net</s>
    <s>Editoras Grupo Almedina</s>
    <s>Ediçoes Almedina</s>
    <s>Ediçoes 70</s>
    <s>Actual Editora</s>
    <s>Almedina Brasil</s>
    <s>Ofertas de Emprego</s>
    <s>Produtos Digitais</s>
    <s>Base de Dados Juridica</s>
    <s>Ediçoes Digitais</s>
  </text>
</page>
