<?xml version="1.0" encoding="UTF-8"?>
<!DOCTYPE page SYSTEM "page.dtd">
<page>
  <lang>pt</lang>
  <url>http://bibliotecariodebabel.com/2010/08/page/3/</url>
  <title>2010 Agosto | Bibliotecário de Babel</title>
  <snippet>
    <s>adobe photoshop cs3 extended tutorial Adobe Creative Suite 5 Web Premium .. Após uma conferência científica na londrina Royal Society, meia dúzia de . para acompanhar os banquetes, o modo lídio e o modo iónico onde a arte o, </s>
  </snippet>
  <text>
    <s>Bibliotecário de Babel</s>
    <s>Sobre livros e literatura, autores e editoras. Por José Mário Silva.</s>
    <s>adobe photoshop cs3 extended tutorial Adobe Creative Suite 5 Web Premium Download adobe photoshop cs 2 download adobe photoshop elements 2.0 windows vista Adobe InCopy CS5 for Mac Download adobe acrobat 8 cheap adobe creative suite premium cs2 win Adobe Photoshop Lightroom 3 Download convert word to adobe acrobat adobe photoshop 5 0 free download Adobe Dreamweaver CS5 Download cropping jpegs in adobe illustrator 9.0 adobe illustrator number serial Adobe Creative Suite 5 Design Premium Download adobe photoshop for dummies dvd adobe acrobat v6.0 professional tryout Adobe Photoshop CS5 Extended Download adobe acrobat viewer 6 free adobe acrobat 7 reader Adobe Creative Suite 5 Master Collection Download adobe photoshop cs free trial adobe acrobat 7.0 professional crack download Adobe Acrobat 9 Pro Extended Download adobe store adobe acrobat capture adobe acrobat error 1321 Adobe Premiere Pro CS5 Download adobe photoshop product registration key adobe incopy cs v3.0 Adobe Illustrator CS5 Download adobe photoshop 4.0 tutorial</s>
    <s>Sobre este blogue</s>
    <s>Sobre o autor</s>
    <s>Crítica literária</s>
    <s>Receba por e-mail</s>
    <s>Mensagens, sugestões, contributos e notícias devem ser enviados para josemariosilva arroba bibliotecario debabel.com</s>
    <s>Posts recentes</s>
    <s>Imagens da Feira</s>
    <s>Amanhã, na secção de Livros do ‘Actual’</s>
    <s>Confirmado: IVA dos livros não aumenta</s>
    <s>Quando eu quis ouvir Umberto Eco e não me deixaram</s>
    <s>Comentários recentes</s>
    <s>Maria Manuel em Três poemas de João Silveira</s>
    <s>nd em Imagens da Feira</s>
    <s>SM em Imagens da Feira</s>
    <s>José Mário Silva em Imagens da Feira</s>
    <s>Ricardo em Amanhã, na secção de Livros do ‘Actual’</s>
    <s>Atrás do Balcão</s>
    <s>Diário do Booker (2008)</s>
    <s>Diário do Booker (2009)</s>
    <s>Diário do Booker (2010)</s>
    <s>Diário do Booker (2011)</s>
    <s>Diário do Goncourt (2008)</s>
    <s>Feira de Frankfurt 2011</s>
    <s>Grande Oferta de Livros do BdB</s>
    <s>Grande Oferta de Livros do BdB - 2</s>
    <s>Imprensa estrangeira</s>
    <s>Imprensa portuguesa</s>
    <s>Leitura Furiosa</s>
    <s>Literatura brasileira</s>
    <s>Maravilhas da paternidade</s>
    <s>Mundo editorial</s>
    <s>O que lêem os críticos quando não são obrigados a ler</s>
    <s>Outubro 2011</s>
    <s>Setembro 2011</s>
    <s>Agosto 2011</s>
    <s>Julho 2011</s>
    <s>Junho 2011</s>
    <s>Maio 2011</s>
    <s>Abril 2011</s>
    <s>Março 2011</s>
    <s>Fevereiro 2011</s>
    <s>Janeiro 2011</s>
    <s>Dezembro 2010</s>
    <s>Novembro 2010</s>
    <s>Outubro 2010</s>
    <s>Setembro 2010</s>
    <s>Agosto 2010</s>
    <s>Julho 2010</s>
    <s>Junho 2010</s>
    <s>Maio 2010</s>
    <s>Abril 2010</s>
    <s>Março 2010</s>
    <s>Fevereiro 2010</s>
    <s>Janeiro 2010</s>
    <s>Dezembro 2009</s>
    <s>Novembro 2009</s>
    <s>Outubro 2009</s>
    <s>Setembro 2009</s>
    <s>Agosto 2009</s>
    <s>Julho 2009</s>
    <s>Junho 2009</s>
    <s>Maio 2009</s>
    <s>Abril 2009</s>
    <s>Março 2009</s>
    <s>Fevereiro 2009</s>
    <s>Janeiro 2009</s>
    <s>Dezembro 2008</s>
    <s>Novembro 2008</s>
    <s>Outubro 2008</s>
    <s>Setembro 2008</s>
    <s>Agosto 2008</s>
    <s>Julho 2008</s>
    <s>Junho 2008</s>
    <s>Maio 2008</s>
    <s>Abril 2008</s>
    <s>Março 2008</s>
    <s>Fevereiro 2008</s>
    <s>Janeiro 2008</s>
    <s>Dezembro 2007</s>
    <s>Iniciar sessão</s>
    <s>RSS dos artigos</s>
    <s>Feed RSS dos comentários.</s>
    <s>'Freakonomics', agora em filme</s>
    <s>Segundo um dos autores do livro, Stephen Dubner, o documentário vai estar disponível do iTunes antes de chegar às salas de cinema.</s>
    <s>publicou o Bibliotecário de Babel às 7:55 de Terça-feira, 17 de Agosto de 2010 para o arquivo Blogosfera, Cinema. Tags:Stephen Dubner | Comentários Desligados</s>
    <s>O que aí vem (Presença)</s>
    <s>Para Setembro: A Queda dos Gigantes , de Ken Follett; A Casa dos Sete Pecados , de Mari Pau Domingues; Superfreakonomics - Arrefecimento Global, Prostitutas Patrióticas e por que os Bombistas Suicidas Deveriam ter Seguro de Vida , de Steven Levitt e Stephen Dubner; No Mundo das Maravilhas - Viagem ao Património de Origem Portuguesa (Do Uruguai a Omã) , de Joaquim Magalhães de Castro; e A Lenda dos Guardiões , de Kathryn Lasky.</s>
    <s>O livro que mais me interessa só chegará em Outubro: a versão portuguesa de L'Art et la Manière d'Aborder Votre Chef de Service Pour Lui Demander Une Augmentation , de Georges Perec. Em 1989, justamente na Presença, Pedro Tamen fez uma tradução magnífica de A Vida Modo de Usar , do genial escritor francês. Gostava muito de o ver outra vez na ficha técnica.</s>
    <s>publicou o Bibliotecário de Babel às 6:17 de Terça-feira, 17 de Agosto de 2010 para o arquivo Geral. | 1 comentário</s>
    <s>Conseguem imaginar a curvilínea Scarlett Johansson a fazer o papel da escanzelada Lisbeth Salander?</s>
    <s>Segundo estes rumores (não muito fiáveis, diga-se), David Fincher, o realizador da adaptação cinematográfica hollywoodesca do primeiro volume da trilogia Millennium, de Stieg Larsson, consegue. Eu não.</s>
    <s>publicou o Bibliotecário de Babel às 19:54 de Segunda-feira, 16 de Agosto de 2010 para o arquivo Cinema. Tags:Stieg Larsson | 3 comentários</s>
    <s>Correio dos leitores</s>
    <s>&gt; «Viva</s>
    <s>Chamo-me Tavares e escrevo de Maputo, Moçambique. Acompanho com regularidade o seu blog e não há dia que não o visite. É, a meu ver, um excelente blog, com matérias actuais e pertinentes, para além de proporcionar a quem não tem essa possibilidade um contacto com livros, especialmente nesta parte do mundo.</s>
    <s>O comentário sobre livros acrescenta mais competências à maneira como vemos esse objecto valioso, e além disso permite-nos conhecer alguns livros e autores sem que os tenhamos lido. Claro que a vontade é sempre de passar precisamente pela leitura, mas os seus textos são estimulantes e apelativos.</s>
    <s>Tenho uma relação de muito carinho com os livros e felizmente agora tenho a possibilidade de poder ler mais (vivia até há poucos anos numa província onde livros eram raríssimos) e o gosto pela leitura cada dia aumenta. A produção literária em Moçambique é pequena e a grande maioria dos livros é importada, facto que os encarece. E como os rendimentos não são suficientes para comprar tantos livros como desejava e nas bibliotecas públicas há poucos livros isso limita de certo modo o nosso horizonte e o conhecimento de certos autores não tradicionalmente conhecidos. De qualquer maneira não me posso queixar em excesso porque tenho amigos com bibliotecas riquissímas que de vez em quando emprestam-me alguns livros.</s>
    <s>Faltam espaços de discussão aqui, embora nos últimos anos tenha havido uma tendência positiva a esse nível. Mas, mais do que espaços de discussão, a qualidade das discussões não é das melhores. A crítica literária está adormecida, e então faltam mecanismos difusores do livro. As publicações não são diversificadas e mesmo aquelas que tentam ser mais &quot;ousadas&quot; têm sinceramente pouca qualidade. A literatura moçambicana tem nomes brilhantes, escritores que a meu ver, e isso é muito pessoal, são de qualidade elevada. Claro que há também os menos bons, como há em qualquer literatura.</s>
    <s>Acho que os livros são um instrumento poderoso e o convívio com eles expande a nossa compreensão sobre o mundo.</s>
    <s>Conheci alguém há tempos que me disse uma frase que me marcou: és um fraco se não fores o maior leitor do planeta. De lá para cá o meu esforço é ler, ler e ler cada vez mais.</s>
    <s>Cumprimentos do,</s>
    <s>Tavares B.»</s>
    <s>publicou o Bibliotecário de Babel às 18:22 de Segunda-feira, 16 de Agosto de 2010 para o arquivo Geral. | 1 comentário</s>
    <s>Será Franzen o grande romancista americano do nosso tempo?</s>
    <s>!capa time</s>
    <s>A Time acha que sim. Pela primeira vez numa década, a famosa revista de cercadura vermelha escolheu para a capa um escritor vivo: Jonathan Franzen, 51 anos (completados amanhã), que publicou As Correcções (Dom Quixote) em 2001 e só agora regressa ao romance com Freedom , a lançar no fim do mês. O entusiasmo da newsmagazine vai ao ponto de lhe chamar &quot;Great American Novelist&quot;, um epíteto reservado habitualmente para os monstros sagrados, como Hemingway, Faulkner ou Scott Fitzgerald. Ao justificar a escolha, Lev Grossman não parece ter dúvidas: «Franzen isn't the richest or most famous living American novelist, but you could argue — I would argue — that he is the most ambitious and also one of the best.» Vá lá: «one of the best» e não «the best». Ainda assim, a aposta é no mínimo discutível e já está a animar os sites e blogues sobre livros nos EUA.</s>
    <s>publicou o Bibliotecário de Babel às 17:22 de Segunda-feira, 16 de Agosto de 2010 para o arquivo Imprensa estrangeira. Tags:Jonathan Franzen | 5 comentários</s>
    <s>Notícias da rentrée littéraire</s>
    <s>Ela está a chegar (fim de Agosto, princípio de Setembro) e como todos os anos as livrarias francesas vão ser invadidas por uma avalanche editorial (mais de 600 novos títulos). Para os mais curiosos, vale a pena ir espreitando o que se anuncia por aqui.</s>
    <s>publicou o Bibliotecário de Babel às 15:56 de Segunda-feira, 16 de Agosto de 2010 para o arquivo Geral. | Comentários Desligados</s>
    <s>Verões literários</s>
    <s>No blogue cultural do El País , Winston Manrique Sabogal vai fazendo propostas para leituras estivais. Katherine Mansfield, Cesare Pavese, Scott Fitzgerald, Virginia Woolf, Melville, etc. – a escolha é inatacável.</s>
    <s>publicou o Bibliotecário de Babel às 10:16 de Segunda-feira, 16 de Agosto de 2010 para o arquivo Blogosfera, Geral. | Comentários Desligados</s>
    <s>Ler rima com esquecer</s>
    <s>Forgetfulness : poema escrito e dito por Billy Collins, antigo Poeta Laureado dos EUA. A animação é de Julian Grey.</s>
    <s>publicou o Bibliotecário de Babel às 7:18 de Segunda-feira, 16 de Agosto de 2010 para o arquivo Geral. Tags:Billy Collins, Poesia, YouTube | 2 comentários</s>
    <s>Perguntas difíceis</s>
    <s>Ao almoço, depois de beber um copo de sumo de melancia, o Pedro virou-se para mim e perguntou:</s>
    <s>&gt; «Como é que se diz todas as coisas que vão de nós para o mundo em inglês?»</s>
    <s>publicou o Bibliotecário de Babel às 14:14 de Domingo, 15 de Agosto de 2010 para o arquivo Geral, Maravilhas da paternidade. | 2 comentários</s>
    <s>Para os sportinguistas que ficaram desolados (como eu fiquei) com a derrota de ontem em Paços de Ferreira, deixo duas palavras:</s>
    <s>publicou o Bibliotecário de Babel às 9:41 de Domingo, 15 de Agosto de 2010 para o arquivo Futebol, Geral. | 6 comentários</s>
    <s>A maior mensagem do mundo foi 'escrita' com GPS e é um apelo à leitura de Ayn Rand</s>
    <s>A história, incrível, está contada nesta notícia do El País .</s>
    <s>publicou o Bibliotecário de Babel às 19:56 de Sábado, 14 de Agosto de 2010 para o arquivo Curiosidades, Imprensa estrangeira. | Comentários Desligados</s>
    <s>Amanhã, na secção de Livros do 'Actual'</s>
    <s>- Fome , de Elise Blackwell (Livros de Areia), por José Mário Silva</s>
    <s>- O Segredo dos Seus Olhos , de Eduardo Sacheri (Alfaguara), por Vítor Quelhas</s>
    <s>- Cantigas de Amigo/Lady Boom. As Rainhas , de Regina Guimarães (Hélastre), por António Guerreiro</s>
    <s>- O Bazar Alemão , de Helena Marques (Dom Quixote), por Luísa Mellid-Franco</s>
    <s>- Minha Ilha, Minha Casa , de Alfred Lewis (EDEL/FLAD), por Luísa Meireles</s>
    <s>- O Que o Cão Viu , de Malcolm Gladwell (Dom Quixote), por Luís M. Faria</s>
    <s>- Património de Origem Portuguesa no Mundo , direcção de José Mattoso (Fundação Calouste Gulbenkian), por Luciana Leiderfarb</s>
    <s>- Tarrafal, Chão Bom - Memórias e Verdades , de José Vicente Lopes (Instituto de Investigação e do Património Culturais), por José Pedro Castanheira</s>
    <s>- Cólera e Tempo , de Peter Sloterdijk (Relógio d'Água), por António Guerreiro</s>
    <s>publicou o Bibliotecário de Babel às 20:39 de Sexta-feira, 13 de Agosto de 2010 para o arquivo Geral. | 1 comentário</s>
    <s>2 x Francesca Woodman</s>
    <s>Eis uma das vantagens do Facebook: descobrir que o Miguel Cardoso (ver post anterior) faz anos hoje (parabéns!) e que também tem um poema sobre a Francesca Woodman guardado para um livro futuro (encontrei-o num comentário a uma imagem da fotógrafa norte-americana). Digo também porque escrevi um poema sobre Francesca Woodman no meu primeiro livro, Nuvens &amp; Labirintos . E para celebrar a coincidência junto aqui os dois poemas:</s>
    <s>&gt; FRANCESCA WOODMAN</s>
    <s>Uma rapariga</s>
    <s>que roda</s>
    <s>a cabeça</s>
    <s>na sombra</s>
    <s>e os pés</s>
    <s>no bordo</s>
    <s>da madeira</s>
    <s>o centro do amor.</s>
    <s>Uma rapariga</s>
    <s>que enrola</s>
    <s>as tripas</s>
    <s>na luz</s>
    <s>que afaga</s>
    <s>as paredes</s>
    <s>e roça</s>
    <s>os vestidos</s>
    <s>nas costuras</s>
    <s>das casas</s>
    <s>o poroso poder</s>
    <s>do cimento</s>
    <s>Uma rapariga</s>
    <s>que ventoinha</s>
    <s>os dentes</s>
    <s>e traça</s>
    <s>de arame</s>
    <s>no ar</s>
    <s>os corpos</s>
    <s>no medo.</s>
    <s>Ah como a carne</s>
    <s>nas fotografias</s>
    <s>e como é bom saltar</s>
    <s>à corda</s>
    <s>sobre sombras.</s>
    <s>O tempo sustém</s>
    <s>roupas e cabelos</s>
    <s>com pinças delicadas.</s>
    <s>Não é fácil fingir que se paira,</s>
    <s>que não se vai morrer.</s>
    <s>Pode-se acreditar nos lugares</s>
    <s>onde uma rapariga adia o corpo mortal,</s>
    <s>nos lugares onde a pele chupa a luz</s>
    <s>e se afunda no umbigo</s>
    <s>dos lugares.</s>
    <s>Pode-se acreditar no reverso</s>
    <s>dos corpos, no negativo aguçado</s>
    <s>do lugar que nos foi dado.</s>
    <s>Miguel Cardoso (inédito)</s>
    <s>&gt; RETRATO FRANCESCA WOODMAN</s>
    <s>Antes da morte, houve ilusões de óptica:</s>
    <s>a geometria interior do medo, espelhos,</s>
    <s>flores barrocas, casas que são corpos em</s>
    <s>ruínas e a janela violenta, temível, aberta.</s>
    <s>Antes da morte, houve súbitas revelações:</s>
    <s>espanto, dor, luz vermelha, molas da roupa,</s>
    <s>tantos gestos a meio caminho, eclipses, fugas,</s>
    <s>talvez já este olhar que atrai todas as sombras.</s>
    <s>José Mário Silva</s>
    <s>publicou o Bibliotecário de Babel às 17:29 de Sexta-feira, 13 de Agosto de 2010 para o arquivo Geral. Tags:Miguel Cardoso, Poesia | 2 comentários</s>
    <s>Quatro versos de Miguel Cardoso</s>
    <s>&gt; « Coube-nos começar, mas não do princípio.</s>
    <s>Coube-nos amarfanhar todos os mapas</s>
    <s>(Ainda que os tenhamos desenhado</s>
    <s>a canivete, ao de leve, na palma das mãos). »</s>
    <s>in Que se Diga que Vi como a Faca Corta , Mariposa Azual, 2010</s>
    <s>publicou o Bibliotecário de Babel às 11:48 de Sexta-feira, 13 de Agosto de 2010 para o arquivo Geral. Tags:Miguel Cardoso, Poesia | Comentários Desligados</s>
    <s>Arte da edição</s>
    <s>Vale a pena ler, de fio a pavio, esta entrevista a Mary Norris, uma das responsáveis pela impecável, minuciosa e hiper-perfeccionista edição dos textos da revista The New Yorker . Para um jornalista português, olhar para a maneira como aquela gente trabalha é o mesmo que um treinador-adjunto do Ramaldense assistir a uma sessão de trabalho do Pep Guardiola com os seus jogadores, no relvado do Camp Nou.</s>
    <s>publicou o Bibliotecário de Babel às 17:23 de Quinta-feira, 12 de Agosto de 2010 para o arquivo Blogosfera. | 5 comentários</s>
    <s>Um bom conselho</s>
    <s>E sendo assim, o que é que ainda está aqui a fazer?</s>
    <s>via [Bookshelf Porn]</s>
    <s>publicou o Bibliotecário de Babel às 16:42 de Quinta-feira, 12 de Agosto de 2010 para o arquivo Curiosidades. | 3 comentários</s>
    <s>O que aí vem (Camões &amp; Companhia)</s>
    <s>Os Passos Perdidos , de Alejo Carpentier; Melincué , de Maria Cecilia Muruaga.</s>
    <s>publicou o Bibliotecário de Babel às 11:52 de Quinta-feira, 12 de Agosto de 2010 para o arquivo Geral. | Comentários Desligados</s>
    <s>A página portuguesa do Linguee</s>
    <s>O Linguee é um dicionário on-line que utiliza tecnologia avançada (indexação de páginas bilingues da internet) para aperfeiçoar a tradução e redacção de textos em inglês. Depois do serviço original (alemão-inglês), surgem agora as versões francesa, espanhola e portuguesa, lançadas hoje mesmo.</s>
    <s>Segundo Erica Richter, responsável pelo Departamento de Língua Portuguesa do Linguee, este serviço revolucionará o conceito de dicionário on-line : «Ele oferece ao utilizador uma busca descomplicada e gratuita, possibilitando a pesquisa de palavras e expressões num enorme banco de dados de textos traduzidos. O Linguee possui cerca de 1.000 vezes mais material traduzido por seres humanos do que qualquer outro dicionário on-line . Desta forma, além de oferecer um grande número de expressões e frases, ele também possui um dicionário português-inglês com muitos termos raros.»</s>
    <s>Mais informações aqui.</s>
    <s>publicou o Bibliotecário de Babel às 11:41 de Quinta-feira, 12 de Agosto de 2010 para o arquivo Geral. | Comentários Desligados</s>
    <s>Livros para Obama ler nas férias</s>
    <s>Dentro de duas semanas, o presidente dos EUA, Barack Obama, parte de férias para Martha's Vineyard. Na revista digital Slate , os leitores têm-lhe feito sugestões de leitura. As propostas vão de José Saramago ( Ensaio sobre a Cegueira ; Blindness , na versão em inglês) a Dave Eggers ( Zeitoun , um livro sobre o pós-Katrina, «good reminder of all that government can do wrong», editado em português pela Quetzal), passando pela Bíblia e por Stieg Larsson ( The Girl with the Dragon Tattoo , primeiro volume da trilogia Millennium; Os Homens que Odeiam as Mulheres na edição portuguesa da Oceanos).</s>
    <s>publicou o Bibliotecário de Babel às 11:13 de Quinta-feira, 12 de Agosto de 2010 para o arquivo Geral. | Comentários Desligados</s>
    <s>Será que os iPads e os e-books serão melhores para o estudo do que os livros tradicionais?</s>
    <s>Talvez sim, talvez não. Por enquanto, é mais não.</s>
    <s>publicou o Bibliotecário de Babel às 10:58 de Quinta-feira, 12 de Agosto de 2010 para o arquivo Geral. | 2 comentários</s>
    <s>Quatro poemas de Inês Lourenço</s>
    <s>Canção de embalar é talvez</s>
    <s>demasiado melódico e além disso</s>
    <s>um desuso. Já ninguém canta a adormecer</s>
    <s>os filhos. Coisa imprópria para o crescimento</s>
    <s>de criaturas autónomas</s>
    <s>e hiper-activas que devem fugir</s>
    <s>ao sedentarismo e à obesidade.</s>
    <s>O Canal Panda faz isso muito melhor</s>
    <s>ou qualquer brinquedo mecânico e perfeito.</s>
    <s>Também já ninguém canta</s>
    <s>nos lavadouros públicos ou nos campos. Os</s>
    <s>únicos campos onde se cantam as brumas</s>
    <s>da memória são os estádios. Os</s>
    <s>pedreiros deixaram de cantar à pedra:</s>
    <s>Houpedra, hou</s>
    <s>Houlinda pedra, hou!</s>
    <s>e as canções de trabalho (uma espécie</s>
    <s>de berceuses da fadiga) passaram</s>
    <s>a matéria etnográfica. Por isso os</s>
    <s>estudantes de português já não entendem</s>
    <s>Descalça vai para a fonte</s>
    <s>Lianor pela verdura ou</s>
    <s>Sete anos de pastor Jacob servira .</s>
    <s>Mesmo o Schöne Müllerin do Schubert que</s>
    <s>se ouve ainda nos concertos clássicos</s>
    <s>com vaga subserviência patega</s>
    <s>(porque em alemão, não se percebe nada),</s>
    <s>só os amantes do lied reconhecem.</s>
    <s>E se percebessem?</s>
    <s>A moleira já não seria schön</s>
    <s>e não teria 80 anos, bem bonito rol</s>
    <s>como a de Junqueiro,</s>
    <s>pela estrada fora, toc, toc, toc , mas agora reclusa</s>
    <s>numa casa geriátrica, em contagem crescente</s>
    <s>da inacção.</s>
    <s>Muito pouco,</s>
    <s>tão pouco, para um mundo</s>
    <s>embalado na pesquisa espacial</s>
    <s>de água em Marte.</s>
    <s>NEVE NAS TERRAS ALTAS</s>
    <s>No Inverno sempre</s>
    <s>neva com intensidade no maciço central. Muitas</s>
    <s>estradas de acesso à Torre estão interrompidas. Os enviados</s>
    <s>da televisão aparecem nas reportagens de gorro e gola</s>
    <s>levantada a entrevistar os habituais</s>
    <s>Mas, da neve recordo um filme</s>
    <s>português onde se viam crianças com</s>
    <s>um prato de neve na mesa. Vi-o</s>
    <s>num verão de Lisboa, numa sala de estúdio climatizada.</s>
    <s>Os parcos espectadores</s>
    <s>estavam enregelados, vestidos para o estio e a sofrer</s>
    <s>civilizadamente aquele frio real e diferido.</s>
    <s>Que mais me lembra a neve?</s>
    <s>Talvez o meu pai a pôr pedaços</s>
    <s>de algodão-em-rama, num galho alto</s>
    <s>do pinheiro de natal. Ou o rio</s>
    <s>Neva, em S. Petersburgo, perto da casa</s>
    <s>de Puskine onde gritei Cesário:</s>
    <s>Madrid, Paris, Berlim, S. Petersburgo,</s>
    <s>o Mundo.</s>
    <s>O resto é branco ou banal.</s>
    <s>A Maria Tobias era preta</s>
    <s>e branca. Na parte branca era</s>
    <s>Tobias e era Maria na preta. Morou</s>
    <s>connosco cinco anos. No sexto, numa</s>
    <s>quinta-feira santa pôs-se a dormir</s>
    <s>depois de um longo jejum. Ficaram-nos</s>
    <s>nas mãos festas desabitadas e os poucos</s>
    <s>haveres: uma malga, uma manta, um bebedouro,</s>
    <s>que não lográmos enviar</s>
    <s>para a nova morada.</s>
    <s>RECADO A UM JOVEM POETA</s>
    <s>Continua agreste para o mundo</s>
    <s>e conforta-nos com a lucidez</s>
    <s>do teu desconforto, nas palavras</s>
    <s>de todas as horas, limpas de</s>
    <s>hemorragias órficas. O novo Castelo</s>
    <s>de Duíno (ou outro qualquer)</s>
    <s>é um terceiro andar, sem ascensor,</s>
    <s>onde Lou-Andreas-Salomé deixou</s>
    <s>de velar com elegância</s>
    <s>a angústia.</s>
    <s>in Coisas que Nunca , &amp;Etc, 2010</s>
    <s>publicou o Bibliotecário de Babel às 21:55 de Quarta-feira, 11 de Agosto de 2010 para o arquivo Geral. Tags:Inês Lourenço, Poesia | Comentários Desligados</s>
    <s>A ilha deserta de Salman Rushdie</s>
    <s>Confrontado com a clássica pergunta dos livros a levar para uma ilha deserta, o autor de Os Filhos da Meia-Noite respondeu assim:</s>
    <s>publicou o Bibliotecário de Babel às 19:29 de Quarta-feira, 11 de Agosto de 2010 para o arquivo Geral. Tags:Salman Rushdie | Comentários Desligados</s>
    <s>FLIP 2010</s>
    <s>A Festa Literária Internacional de Paraty decorreu entre 4 e 8 de Agosto. Para quem não esteve lá, vale a pena seguir com alguns dias de atraso o relato do que foi acontecendo nas muitas sessões, através do blogue da FLIP (ou do Twitter, ou das galerias de fotos, ou do canal no YouTube, ou do Facebook, ou dos podcasts ) e através das reportagens que a Isabel Coutinho foi enviando do Brasil, ao serviço do Público (por exemplo, aqui, aqui e aqui).</s>
    <s>publicou o Bibliotecário de Babel às 18:24 de Quarta-feira, 11 de Agosto de 2010 para o arquivo Imprensa portuguesa. | Comentários Desligados</s>
    <s>JLB por JPB</s>
    <s>Ou seja: Jorge Luis Borges por Jean Pierre Bernés.</s>
    <s>publicou o Bibliotecário de Babel às 17:59 de Quarta-feira, 11 de Agosto de 2010 para o arquivo Blogosfera. Tags:Jorge Luis Borges | Comentários Desligados</s>
    <s>A ameaça do fonógrafo</s>
    <s>O Fim dos Livros</s>
    <s>Autor: Octave Uzanne</s>
    <s>Ilustrações: Albert Robida</s>
    <s>Tradução: Jacinta Gomes</s>
    <s>Editora: Palimpsesto</s>
    <s>N.º de páginas: 75</s>
    <s>ISBN: 978-989-95833-5-1</s>
    <s>Ano de publicação: 2010</s>
    <s>Após uma conferência científica na londrina Royal Society, meia dúzia de eruditos prolongam a noite com uma tertúlia especulativa, em que tentam antecipar o futuro.</s>
    <s>Um utopista imagina o triunfo da química, capaz de reduzir a alimentação a um pequeno volume («pós, xaropes, pílulas»), o que permitiria riscar a fome «do registo das nossas misérias». Um «esteta de amanhã» prevê o esgotamento da pintura, afundada na banalidade e na saturação das imagens, e advoga um regresso da arte à sua essência, apenas ao alcance de uma «aristocracia fechada» de criadores («talvez dez ou doze apóstolos por cada geração»).</s>
    <s>Mas só quando perguntam ao narrador do texto, um bibliófilo assumido, «o que acontecerá às letras, aos literatos e aos livros daqui a uns cem anos» é que a sala estremece de espanto e alguma indignação. Isto porque o orador prevê que os livros impressos desaparecerão de vez e a «invenção de Gutenberg» cairá «em desuso como intérprete das nossas produções intelectuais». Nada que alguns gurus não afirmem hoje, fascinados com Kindles e iPads.</s>
    <s>Acontece que este O Fim dos Livros foi escrito em 1895. Sim, 1895, final do séc. XIX. Ou seja, o futuro que aqui se imagina, com um triste apocalipse da tipografia, é o nosso presente. E as previsões de Uzanne, como as de muitas outras cassandras, falham redondamente. Não só os livros impressos resistiram à tecnologia da época (o fonógrafo de Edison) como a todas as tecnologias que vieram depois, incluindo os ameaçadores e-books de que tanto se fala agora.</s>
    <s>No início do séc. XXII ainda havemos de ler, em papel, a história completa de todas estas mortes anunciadas, e sempre desmentidas.</s>
    <s>Avaliação: 6/10</s>
    <s>Texto publicado no suplemento Actual , do semanário Expresso</s>
    <s>publicou o Bibliotecário de Babel às 16:18 de Terça-feira, 10 de Agosto de 2010 para o arquivo Críticas. Tags:Octave Uzanne | 7 comentários</s>
    <s>Fomento da Leitura</s>
    <s>O 15.º Foro Internacional por el Fomento del Libro y la Lectura, organizado pela Fundacion Mempo Giardinelli, vai reunir «escritores y intelectuales para pensar juntos la producción literaria y teórica, los temas, los avances, las tareas pendientes, las innovaciones en materia de fomento de lectura de los últimos 15 años» e «para imaginar lo que vendrá, lo que seremos capaces de construir durante los próximos 15». O encontro decorrerá em Chaco (Argentina), mas pode ser acompanhado no blogue do FIFLL.</s>
    <s>publicou o Bibliotecário de Babel às 14:38 de Terça-feira, 10 de Agosto de 2010 para o arquivo Blogosfera. | Comentários Desligados</s>
    <s>Apenas as pernas</s>
    <s>&gt; «No início de 1994, um grupo fundamentalista islâmico da Jordânia lançou uma campanha terrorista que incluía ataques a sítios seculares, tais como livrarias, videoclubes ou supermercados que vendessem álcool. No final de uma manhã de 1 de Fevereiro, Eid Saleh al Jahaleen, um canalizador de 31 anos, entrou no cinema Salwa na cidade de Zarga. O cinema era famoso por exibir filmes pornográficos oriundos da Turquia. Jahaleen, que alegadamente recebera 50 dólares para colocar uma bomba, nunca tinha visto pornografia e ficou completamente paralisado, embasbacado, perante as imagens que via projectadas na tela. Quando a bomba explodiu, Jahaleen ainda se encontrava sentado numa das cadeiras da sala. Perdeu apenas as pernas.»</s>
    <s>Retirado daqui.</s>
    <s>publicou o Bibliotecário de Babel às 13:18 de Terça-feira, 10 de Agosto de 2010 para o arquivo Blogosfera. | 1 comentário</s>
    <s>Ou o jogo perigoso das falésias.</s>
    <s>publicou o Bibliotecário de Babel às 8:40 de Terça-feira, 10 de Agosto de 2010 para o arquivo Geral. | Comentários Desligados</s>
    <s>O que aí vem (Ulisseia)</s>
    <s>Até ao final do ano, a chancela mais literária do grupo Babel, que tem neste momento Hugo Xavier (um dos fundadores da Cavalo de Ferro) como editor de ficção, publicará um conjunto de obras de qualidade e variedade absolutamente excepcionais. Além de alguns clássicos, como Cervantes, Poe, Golding, Conrad, Guimarães Rosa, Onetti, Joseph Roth, Cesare Pavese, Max Aub, Heinrich Böll ou Charles Bukowski, editará livros ou autores pouco conhecidos em Portugal (quando não completamente desconhecidos), como Edward Whittemore ( Tapeçaria do Sinai ), Manuel Puig ( A Traição de Rita Hayworth ), Lydia Davis ( Break it Down ), Manuel Manzano ( O Capitão das Sardinhas , romance que a Vanity Fair definiu como sendo «Stieg Larsson + Roberto Bolaño»), Vangelis Hatziyannidis ( Quatro Paredes ), Andrey Bely ( Petersburgo ), Tarjei Veesas ( Noite de Primavera ), Ignácio de Loyola Brandão ( Não Verás País Nenhum ) e, aleluia, o brilhante romance de estreia do australiano Steve Toltz, Uma Parte do Todo , finalista do Booker 2008, que eu na altura considerei, não só o melhor daquela edição do prémio, mas também «ambicioso, divertido, complexo, caótico, filosófico, inventivo, transgressor, labiríntico, aforístico, quilométrico, quase sempre exasperantemente bom, às vezes genial».</s>
    <s>A Ulisseia dará ainda início à publicação das obras do chileno Hernán Rivera Letelier, uma aposta pessoal de Hugo Xavier, acolherá o regresso de Cláudia Clemente, autora do promissor Caderno Negro (2003), e reeditará as obras de Maria Judite de Carvalho.</s>
    <s>publicou o Bibliotecário de Babel às 7:39 de Terça-feira, 10 de Agosto de 2010 para o arquivo Geral. | 17 comentários</s>
    <s>Folhas caídas</s>
    <s>The something that you're looking for (2008)</s>
    <s>I'm doing my best (2009)</s>
    <s>You might get carried away (2009)</s>
    <s>It's everyman for himself out here (2009)</s>
    <s>Representações de bibliotecas onde o caos entrou, por Wendy Helmann.</s>
    <s>via [Book Patrol]</s>
    <s>publicou o Bibliotecário de Babel às 20:58 de Segunda-feira, 9 de Agosto de 2010 para o arquivo Geral. | 3 comentários</s>
    <s>O livro inacabado de Saramago</s>
    <s>Da entrevista a Pilar del Río, viúva de José Saramago, publicada ontem pelo Diário de Notícias :</s>
    <s>&gt; «Ainda há muito espólio literário para revelar?</s>
    <s>&gt; Só o último livro que estava a escrever?</s>
    <s>Sim. Mas não é um livro.</s>
    <s>&gt; Não será publicado?</s>
    <s>Sim, será publicado. Creio que é um texto maravilhoso, cheio de humor, com uma profundidade e uma carga que merece que seja publicado. Mas não é um livro porque não ainda estava acabado. Não vamos enganar ninguém.</s>
    <s>&gt; É o princípio de um livro?</s>
    <s>Claro, e ao qual os leitores têm direito. Como? Quando? De que maneira? Isso, logo veremos como acontecerá. E não é para fazer negócio.</s>
    <s>&gt; Não há mais nada desconhecido na arca de Saramago?</s>
    <s>O que havia não publicado viu-se na exposição A Consistência dos Sonhos. Não há mais, lamento. Saramago não era um autor que escrevesse e fosse metendo em gavetas para o futuro. Foi um autor tardio, e aquilo que escrevia ia publicando. Existe, sim, uma obra da juventude, de que já falámos mil vezes - Clarabóia - e da qual disse &quot;não a quero ver publicada em vida&quot;. Mas como não proibiu que o fosse depois, assim irá acontecer um dia. Evidentemente, será apresentado como uma obra de juventude, como o foi Terra do Pecado .</s>
    <s>&gt; Quando se prevê essa publicação?</s>
    <s>Ainda não houve tempo para se pensar no assunto.</s>
    <s>&gt; Para este último &quot;romance&quot; já existe uma data de publicação?</s>
    <s>Ainda não falámos com os editores nem com a agente literária. Não há pressa.</s>
    <s>&gt; Quantas páginas tem?</s>
    <s>Teria de as ter contado mas nem sequer as tenho numeradas no meu computador. Mas não serão muitas, cerca de 50.»</s>
    <s>A entrevista completa pode ser lida aqui, aqui e aqui.</s>
    <s>publicou o Bibliotecário de Babel às 18:15 de Segunda-feira, 9 de Agosto de 2010 para o arquivo Imprensa portuguesa. Tags:José Saramago, Pilar del Río | 1 comentário</s>
    <s>Férias (outro resumo)</s>
    <s>Melhor leitura no areal, sentado na cadeira azul</s>
    <s>Melhor banho de mar: Praia do Beliche (Sagres)</s>
    <s>Melhor restaurante: O Ivo (Aljezur)</s>
    <s>Melhor objecto: colunas Altec (para o iPod)</s>
    <s>Melhor jogo de tabuleiro: Ticket to Ride (versão europeia)</s>
    <s>publicou o Bibliotecário de Babel às 16:02 de Segunda-feira, 9 de Agosto de 2010 para o arquivo Geral. | 1 comentário</s>
    <s>Provavelmente a melhor capa portuguesa de 2010</s>
    <s>É uma questão subjectiva, admito, mas até agora não vi outra que lhe chegue à badana.</s>
    <s>publicou o Bibliotecário de Babel às 14:08 de Segunda-feira, 9 de Agosto de 2010 para o arquivo Mundo editorial. | 1 comentário</s>
    <s>Donde vem tudo isto?</s>
    <s>«Não mas compreendam eu tenho de explicar tudo isto porque não sei, não sabemos quanto tempo me resta e preciso de trabalhar no, de terminar este trabalho enquanto, bom trouxe para aqui esta pilha de livros apontamentos papéis recortes e sabe Deus que mais, tenho de pôr ordem nisto tudo deixar as coisas organizadas para repartir os meus bens e arrumar de vez com todas as preocupações e consumições anexas enquanto aqui estou para ser aberto e raspado e cosido e aberto novamente esta maldita perna olha para isto, toda coberta de grampos parece aquela armadura japonesa antiga da sala de jantar sinto-me como se estivesse a ser desmantelado peça a peça, apartamentos, casas de campo, estábulos, pomares e tantas decisões a tomar tantas distracções raios as partam tenho aqui algures neste monte de papelada os registos de propriedade as plantas as escrituras, pôr isto em ordem antes que tudo entre em colapso e seja devorado pelos advogados e pelos impostos como tudo o resto porque é disso que se trata, é disso que a minha obra trata, do colapso de tudo, do sentido, da linguagem, dos valores, da arte, para onde quer que olhemos só vemos caos e desordem, a entropia a tomar conta de tudo, tecnologia e entretenimento quando cada criança de quatro anos tem já o seu computador, cada um transformado em artista de si próprio donde é que veio tudo isto, o sistema binário e o computador donde veio tudo isto, compreendem? Não tenho tempo para aprofundar o assunto, percebem mas é isso que devo fazer para que a minha obra não seja mal interpretada e distorcida e, e transformada numa caricatura porque é uma caricatura, toda aquela multidão narcotizada aí fora à espera que a entretenham, convertendo o artista criativo num actor, numa celebridade como Byron, o homem no lugar da sua obra desde que a teoria das probabilidades entrou em jogo e lançou todo aquele seguro e previsível mundo newtoniano para o caos, para a desordem que nos rodeia, descontinuidade, disparidade, diferença, discórdia, contradição, aquilo a que chamam aporia e foram buscar aos gregos, os académicos foram buscar o termo aos gregos para designar este pântano de ambiguidade, paradoxo, perversidade, opacidade, obscuridade, anarquia o relógio sem relojoeiro e a desesperada comédia do louco Cavaleiro da Fé de Kierkegaard e até a famosa aposta de Pascal num mundo em que todos somos &quot;tão necessariamente loucos que não ser louco seria uma outra forma de loucura&quot; no qual o artista se encontra hoje em dia, o artista o verdadeiro artista Platão avisou-nos, o artista é uma ameaça para a sociedade e, leiam o que diz Huizinga sobre Platão e a música e o artista como um perigo a arte como um perigo e sobre os diferentes modos musicais, o modo frígio para nos acalmar e o modo do tenor e do baixo lídios para a melancolia e as harmonias moles para acompanhar os banquetes, o modo lídio e o modo iónico onde a arte o, o artista tem aqui dificuldades em respirar eu, ao acordar da anestesia na sala de recobro tentei levantar a minha perna e de súbito ela saltou por si mesma como um, como a dor evita a dor porque é disso mesmo que se trata ou não? Procurar o prazer e evitar a dor, para além do princípio do prazer? O meu querido Sigi, como a mãe sempre o tratou, e se Emerson tinha razão e nós formos aquilo que as nossas mães fizeram de nós? &quot;Defendo que o prazer e a dor são as primeiras percepções das crianças&quot;, é no prazer e na dor que se inspiram as nossas primeiras noções de vício e de virtude, mas a ideia não é dele, tirou-a do segundo livro das Leis de Platão, diz o meu querido Sigi numa passagem onde fala dos seus elevados padrões éticos. &quot;Eu subscrevo um elevado ideal&quot;, escreve ele numa carta ao reverendo Oskar Pfister, &quot;do qual a maioria dos seres humanos que alguma vez conheci se apartam lamentavelmente&quot;. E depois só para deixar bem claro que pouco encontrou de bom nesses seres humanos, diz ao reverendo Oskar Pfister, &quot;Segundo a minha experiência, a maior parte deles é escória&quot;, provavelmente perderam de vista os seus propósitos ou nunca chegaram a formar nenhuns excepto o princípio do prazer e aqui entra Bentham quando afirma, &quot;Brincar ao jogo do pionés vale tanto como ler poesia se produz a mesma quantidade de prazer&quot; estão a ver a palavra quantidade? O que conta é a quantidade do prazer não a qualidade ponto final, e aí entram em cena as máquinas digitais, as máquinas de tudo-ou-nada como lhes chamou Norbert Wiener, a máquina de cálculo que introduz o sistema binário e com ele o computador, e Wiener conta a história de um brilhante engenheiro americano que comprou um caríssimo piano mecânico. Pionés ou poesia, da música não quer o engenheiro saber para nada o que o fascina é o complexo mecanismo que a produz, no fundo a América é isto, era este o objectivo da mecanização, era isto a democracia e a deificação da democracia há cem anos toda esta tecnologia ao serviço do entretenimento da narcótica busca do prazer por parte da escória de que fala Sigi a tocar piano com os pés donde vem tudo isto?»</s>
    <s>in Ágape, Agonia , de William Gaddis, tradução de José Miguel Silva, Ahab, 2010</s>
    <s>publicou o Bibliotecário de Babel às 13:56 de Segunda-feira, 9 de Agosto de 2010 para o arquivo Excertos. Tags:William Gaddis | Comentários Desligados</s>
    <s>Férias (um resumo)</s>
    <s>publicou o Bibliotecário de Babel às 10:47 de Segunda-feira, 9 de Agosto de 2010 para o arquivo Geral. | 1 comentário</s>
    <s>Pynchon na Polónia</s>
    <s>A International Pynchon Week de 2010 decorreu na Primavera, em Lublin (Polónia). Nick Holdstock esteve lá e conta o que viu neste artigo. Um texto que talvez não seja totalmente ficcional, mas parece totalmente ficcional. Haverá mesmo pynchonianos assim tão ostensivamente pynchonianos?</s>
    <s>publicou o Bibliotecário de Babel às 9:23 de Segunda-feira, 9 de Agosto de 2010 para o arquivo Geral. Tags:Thomas Pynchon | Comentários Desligados</s>
    <s>Quantos livros diferentes há no mundo?</s>
    <s>Ninguém sabe ao certo, claro. Mas a Google, no seu esforço para digitalizar «all the books in the world», anda a desenvolver «metadata» e algoritmos que permitam chegar a um número muito próximo da realidade (trata-se mais de um trabalho de exclusão do que de inclusão). Os principais métodos estão explicados neste post de Leonid Taycher, engenheiro de software da Google. E embora o número esteja sempre a aumentar, como os megabytes disponíveis do GMail, a estimativa até ao início deste mês apontava para um valor quase redondo: 129,864,880. Ou seja, quase 130 milhões. Uma brutalidade capaz de desanimar o mais voraz e omnívoro dos leitores.</s>
    <s>publicou o Bibliotecário de Babel às 8:11 de Segunda-feira, 9 de Agosto de 2010 para o arquivo Tecnologia. | Comentários Desligados</s>
    <s>Bubok na Wattpad</s>
    <s>A Bubok, um serviço português de auto-publicação online (através do print on demand ou da criação de livros em formato digital), passou esta semana a integrar a Wattpad, uma rede social que permite a partilha de e-books em inúmeros suportes, dos smartphones ao novíssimo iPad. Segundo os responsáveis da Bubok, «a partir de agora os nossos autores têm a possibilidade de promover os seus e-books no Wattpad (caso os leitores desta queiram comprar a versão em papel, terão um link para isso na ficha de cada obra), mas a escolha de integrar ou não o Wattpad recai sempre sobre o autor». Este poderá escolher a partilha do seu livro com todos os utilizadores do Wattpad ou apenas com os seus seguidores.</s>
    <s>publicou o Bibliotecário de Babel às 7:21 de Segunda-feira, 9 de Agosto de 2010 para o arquivo Tecnologia. | Comentários Desligados</s>
    <s>Despedida com champanhe</s>
    <s>A morte de Tchekov, segundo Pedro Vieira, a partir de uma selecção de «literary last words» publicada no site do The Guardian .</s>
    <s>publicou o Bibliotecário de Babel às 19:35 de Domingo, 8 de Agosto de 2010 para o arquivo Blogosfera. | 3 comentários</s>
    <s>VGM na Poesia Incompleta</s>
    <s>A Poesia Incompleta não é apenas uma livraria de poesia. É sobretudo uma livraria de poetas, que por lá vão passando para falar com o Changuito, espreitar as novidades, dizer mal ou bem deste ou daquele e encontrar outros poetas que também por lá passam para falar com o Changuito, espreitar as novidades e dizer mal ou bem deste e daquele (como dantes se passava pelas mesas do café Gelo ou do Monte-Carlo, quando ainda havia em Lisboa tertúlias literárias dignas desse nome). Entre os muitos poetas que rumam à Rua Cecílio de Sousa, sabêmo-lo agora, conta-se igualmente Vasco Graça Moura, que celebra o facto em crónica no Diário de Notícias , a merecer leitura completa (ao contrário dos seus textos políticos), mas de que destaco aqui os três parágrafos finais, pelo que têm de justo reconhecimento do trabalho de um «jovem livreiro» competente e irónico:</s>
    <s>&gt; «Acontece que em Lisboa acabo de descobrir uma livraria integralmente dedicada à poesia. Fica na Rua Cecílio de Sousa e chama-se Poesia Incompleta, o que envolve um princípio de paradoxo: nunca encontrei livraria mais completa para a poesia do que esta Poesia Incompleta…</s>
    <s>Dispõe de um catálogo impressionante de livros de poesia, não apenas em português, cobrindo praticamente todas as épocas, desde os primórdios da literatura até anteontem (só porque os livros que terão saído ontem ainda não foram distribuídos…). Tem à frente um jovem livreiro que profissionalmente conhece tudo: sabe dos autores, sabe das edições, sabe das antologias, sabe das revistas, aborda as matérias com a necessária precisão e um quam satis de ironia.</s>
    <s>Vale a pena visitá-la, recomendação que faço a quem, para férias, queira levar leituras dessa área, apenas com a prevenção de que acabamos sempre por comprar mais um ror de coisas além daquelas que lá fomos procurar… Poesia Incompleta, se o género aguentar no mundo em que vivemos, acabará sem dúvida por se tornar um lugar de culto.»</s>
    <s>publicou o Bibliotecário de Babel às 19:02 de Domingo, 8 de Agosto de 2010 para o arquivo Imprensa portuguesa. Tags:Vasco Graça Moura | Comentários Desligados</s>
    <s>« Página anterior -- Página Seguinte »</s>
    <s>!«Tenho a suspeita de que a espécie humana - a única - está prestes a extinguir-se e que a Biblioteca perdurará: iluminada, solitária, infinita, perfeitamente imóvel, armada de volumes preciosos, inútil, incorruptível, secreta» Jorge Luis Borges</s>
    <s>A minha outra morada</s>
    <s>Invenção de Morel</s>
    <s>Blogues sobre livros</s>
    <s>A Livreira Anarquista</s>
    <s>A Rendição da Luz</s>
    <s>A volta do parafuso</s>
    <s>Arte de Ler</s>
    <s>Assírio &amp; Alvim</s>
    <s>Autores e Livros</s>
    <s>Beco das Imagens</s>
    <s>Biblioteca Imaginária</s>
    <s>Blog da Companhia</s>
    <s>Blog da Cotovia</s>
    <s>Cadeirão Voltaire</s>
    <s>Circo da Lama</s>
    <s>Contra Mundum</s>
    <s>Déjà Lu</s>
    <s>Escrita em Dia</s>
    <s>Espaço Llansol</s>
    <s>Este Ofício de Poeta</s>
    <s>Estrela Selvagem</s>
    <s>Fonte de Letras</s>
    <s>Fundação José Saramago</s>
    <s>Girl Meets Books</s>
    <s>Horas Extraordinárias</s>
    <s>Inventario (Lauren Mendinueta)</s>
    <s>Kindle Portugal</s>
    <s>Lavorare Stanca</s>
    <s>Ler ebooks</s>
    <s>Letra pequena</s>
    <s>Livraria Pó dos Livros</s>
    <s>Livraria Poesia Incompleta</s>
    <s>Livraria Trama</s>
    <s>Livros à volta do Mundo</s>
    <s>Livros de Areia</s>
    <s>Livros [sem critério]</s>
    <s>Moleskine Literário</s>
    <s>Mundo Pessoa</s>
    <s>Murakami PT</s>
    <s>No vazio da onda</s>
    <s>Nunca Mais</s>
    <s>O Absurdo</s>
    <s>O Bibliotecário Anarquista</s>
    <s>O Bicho dos Livros</s>
    <s>O caderno de Teoria da Edição</s>
    <s>O Cheiro dos Livros</s>
    <s>O leitor sem qualidades</s>
    <s>O Novo Ecléctico</s>
    <s>O que cai dos dias</s>
    <s>O silêncio dos livros</s>
    <s>O Vermelho e o Negro</s>
    <s>Oficina do Livro</s>
    <s>Olho da Letra</s>
    <s>Orgia Literária</s>
    <s>Os Livros Ardem Mal</s>
    <s>Os Meus Livros</s>
    <s>Outras Luzes</s>
    <s>Planeta Livro</s>
    <s>Planeta Tangerina</s>
    <s>PNET Literatura</s>
    <s>Poesia &amp; Lda.</s>
    <s>Porosidade Etérea</s>
    <s>Professor José Cid</s>
    <s>Queridas Bibliotecas</s>
    <s>Quintas de Leitura</s>
    <s>Relógio d'Água</s>
    <s>Revista Ler</s>
    <s>Senhor Palomar</s>
    <s>Textos de Contracapa, 2</s>
    <s>The Malcolm Lowry Foundation Blog</s>
    <s>Vida de Livreiro</s>
    <s>Outros blogues</s>
    <s>A Causa Foi Modificada</s>
    <s>A Ervilha Cor de Rosa</s>
    <s>A Memória Inventada</s>
    <s>A Namorada de Wittgenstein</s>
    <s>A Natureza do Mal</s>
    <s>A Origem das Espécies</s>
    <s>A Terceira Noite</s>
    <s>A vez do peão</s>
    <s>Adufe 4.0</s>
    <s>Albergue Espanhol</s>
    <s>Alexandre Soares Silva</s>
    <s>Almocreve das Petas</s>
    <s>Ana de Amsterdam</s>
    <s>Animais Domésticos</s>
    <s>Antologia do Esquecimento</s>
    <s>Ar do Tempo</s>
    <s>As Afinidades Efectivas</s>
    <s>As Aranhas</s>
    <s>Aspirina B</s>
    <s>Avatares de um desejo</s>
    <s>Bandeira ao Vento</s>
    <s>Blogue de Letras</s>
    <s>Bomba Inteligente</s>
    <s>Casa de Cacela</s>
    <s>casa de osso</s>
    <s>Cinco Dias</s>
    <s>Complexidade e Contradição</s>
    <s>Coração Duplo</s>
    <s>Córtex Frontal</s>
    <s>Da Literatura</s>
    <s>De que falamos quando falamos de correr</s>
    <s>Dias com árvores</s>
    <s>dias felizes</s>
    <s>Estação Central</s>
    <s>Estado Civil</s>
    <s>Ex-Ivan Nunes</s>
    <s>Fábrica Sombria</s>
    <s>Floresta do Sul</s>
    <s>Hospedaria Camões</s>
    <s>Indústrias Culturais</s>
    <s>João Tordo</s>
    <s>José Luís Peixoto</s>
    <s>La double vie de veronique</s>
    <s>Lei Seca (Pedro Mexia)</s>
    <s>Letra de Forma</s>
    <s>Mas certamente que sim!</s>
    <s>Meditação na Pastelaria</s>
    <s>Não tenho vida para isto</s>
    <s>O Avesso do Avesso</s>
    <s>O Caderno de Saramago</s>
    <s>O Escafandro</s>
    <s>O funcionamento de certas coisas</s>
    <s>O Jansenista</s>
    <s>O Jardim Assombrado</s>
    <s>O Melhor Anjo</s>
    <s>Os Canhões de Navarone</s>
    <s>Os Tempos que Correm</s>
    <s>País Relativo</s>
    <s>Pastoral Portuguesa</s>
    <s>Paulinho Assunção</s>
    <s>Pedro Rolo Duarte</s>
    <s>Poesia distribuída na rua</s>
    <s>Ponto Media</s>
    <s>Raposas a sul</s>
    <s>Rua da Castela</s>
    <s>Rua da Judiaria</s>
    <s>Rui Tavares</s>
    <s>Sete Sombras</s>
    <s>Sinusite Crónica</s>
    <s>sound + vision</s>
    <s>Teatro Anatómico</s>
    <s>Tio Vânia</s>
    <s>Tristram Shandy</s>
    <s>Vida Breve</s>
    <s>Vidro Duplo</s>
    <s>Voz do Deserto</s>
    <s>Welcome to Elsinore</s>
    <s>Zero de Conduta</s>
    <s>Contadores e Technorati</s>
    <s>Google Analytics</s>
    <s>Blog Information Profile for BibliotecarioBabel</s>
    <s>Nuvem de tags</s>
    <s>&quot;Rogério Casanova&quot; A. M. Pires Cabral Acordo ortográfico Afonso Cruz Albert Camus Alexandra Lucas Coelho Amadeu Baptista Ana Luísa Amaral António Ferra António Lobo Antunes APEL Armando Silva Carvalho Arménio Vieira Atiq Rahimi BiblioFilmes Bruce Holland Rogers Byblos Correntes d'Escritas Daniel Mendelsohn David Foster Wallace Dinis Machado Don DeLillo Edgar Allan Poe Efeito Borboleta Enrique Vila-Matas Eugénio de Andrade F. J. Viegas Feira do Livro Fernando Pessoa Ferreira Gullar Francisco José Viegas Gastão Cruz Gonçalo M. Tavares Herberto Helder Hélia Correia I Encontro de Dezedores de Poesia (Praia da Vitória) Ian McEwan Inês Lourenço J. D. Salinger J.M.G. Le Clézio James Joyce JG Ballard Joan Margarit Jogos Olímpicos Jonathan Franzen Jorge Fallorca Jorge Luis Borges José Cardoso Pires José Carlos Fernandes José Luís Peixoto José Rodrigues dos Santos José Saramago João Tordo João Ubaldo Ribeiro Julio Cortázar LeV Leya Listas Luiz Pacheco Luz Indecisa Lydia Davis Manuel Alegre Manuel de Freitas Margarida Ferra Maria do Rosário Pedreira Maria Gabriela Llansol Maria Velho da Costa Mario Vargas Llosa Martin Amis Mia Couto Miguel Cardoso Miguel Esteves Cardoso Miguel-Manso Murilo Carvalho Mário de Carvalho Negócios Nuno Dempster Olímpio Ferreira Padre António Vieira Paulo Coelho Paulo Tavares Paulo Teixeira Pinto Pedro Mexia Pedro Tamen Poesia Prémios Ricardo Menéndez Salmón Roberto Bolaño Rui Manuel Amaral Ruy Belo Sophia de Mello Breyner Andresen Stieg Larsson Thomas Pynchon Tomas Tranströmer valter hugo mãe Vladimir Nabokov Vítor Nogueira YouTube Zadie Smith</s>
    <s>À venda nas livrarias:</s>
    <s>À venda no Brasil:</s>
    <s>!efeitoborboleta Brasil</s>
    <s>(C) 2007/08 Bibliotecário de Babel. Publicação da rede TubarãoEsquilo. Editado com Wordpress. Design: variação sobre TopSoftware4Download.com. Topo</s>
    <s>*RSS: Really Simple Syndication</s>
  </text>
</page>
