<?xml version="1.0" encoding="UTF-8"?>
<!DOCTYPE page SYSTEM "page.dtd">
<page>
  <lang>pt</lang>
  <url>http://amanatureza.com/conteudo/artigos/vitoria-dos-pobres-em-copenhague</url>
  <title>AMAnatureza :: AMA - Ajuda ao Meio Ambiente e à natureza » Vitória ...</title>
  <snippet>
    <s>22 dez. 2009 O insucesso dos ricos que saíram da Conferência derrotados, deve-se ao fato uma vez que as moedas que as representam perderam seus lastros reais que Sobre o autor: 75 anos, administrador de empresas aposentado, </s>
  </snippet>
  <text>
    <s>Novidades do projeto AMA para o mês de outubro</s>
    <s>Todos os dias publicamos novos conteúdos e conquistamos um número cada vez maior de usuários. A equipe do portal AMA agradece a todos os usuários que acessam constantemente este site, que já é uma referência nacional sobre preservação ambiental e desenvolvimento sustentável. E lembre-se, não basta apenas conhecer os problemas, é necessário agirCada um fazendo sua parte, de forma consciente, ajuda a melhorar o ambiente que todos nós vivemos.</s>
    <s>!Cadastre-me Cadastrar-me</s>
    <s>!Logar-me Acesse sua conta</s>
    <s>Impacto Ambiental</s>
    <s>Meio Ambiente</s>
    <s>Sobre o projeto</s>
    <s>Auto-suficiência | Desenvolvimento sustentável | Economia | Reciclagem | Reflorestamento | Urbanização</s>
    <s>Vitória dos pobres em Copenhague</s>
    <s>terça-feira, 22 de dezembro de 2009</s>
    <s>Categoria(s): Artigos, Conferência, Sustentabilidade</s>
    <s>|-&gt; Publicado por: Antidio S.P. Teixeira</s>
    <s>Não é necessário ser cientista para entender a conjuntura econômica ambiental em que se encontra o mundo; apenas um pouco de boa vontade para reflexão. O insucesso dos ricos que saíram da Conferência derrotados, deve-se ao fato de que as sua fortunas tornaram-se virtuais, uma vez que as moedas que as representam perderam seus lastros reais que eram as riquezas naturais do Planeta que eles vêem saqueando desde o início da Revolução Industrial, e que estão quase esvaídas. Também a Terra ficou saturada pelos efluentes lançados pela queima de combustíveis fósseis e os resíduos do consumo supérfluo promovido para a geração de lucros que vieram constituir as suas fortunas. Ou seja, os Tesouros Nacionais podem estar abarrotados de moedas cunhadas, ou de papéis impressos, sem que os governos de países ricos tenham disposição para comprometê-las em benefício do clima de todos que eles mesmos degradaram e, depois, terem que lançar mão dos bens reais acumulados para honrar os gastos. Por isso, não foram capazes de demonstrar ao mundo a liderança que lhes conferiam o poder econômico virtual, isso é: FALIDO.</s>
    <s>Com a intensa divulgação da Conferência na mídia e os seus resultados negativos, sai fortalecida toda a humanidade com a semeadura de uma consciência ambiental ampla que tende à contemplação dos custos ambientais de seus gastos. Aos poucos, brotará a compreensão em cada cidadão de que os poluentes liberados pelo consumo básico para o desenvolvimento e manutenção da vida natural são reciclados pelo mundo vegetal, e este tem que ser preservado para manter o equilíbrio; porém, o consumo supérfluo que é alimentado por formas de energia gerada pela queima de combustíveis fósseis (hulha, petróleo e gás natural), tem que ser evitado e combatido, ainda mesmo que ele seja sob a alegação de geração de empregos. É necessário que se entenda que cada emprego criado pela agricultura ou pela indústria automatizada impulsionada por qualquer forma de energia, desemprega dezenas de cidadãos primários nos campos e nas cidades o que ocasiona graves problemas sociais e de segurança.</s>
    <s>Sobre o autor: 75 anos, administrador de empresas aposentado, com experiência em empresas de vários ramos industriais. Ambientalista por vivência, observação e interpretação dos fenômenos naturais, autodidata nesta área.</s>
    <s>Print This Post</s>
    <s>Conteúdo relacionado No related posts</s>
    <s>Visualizações: 15</s>
    <s>Melancólico desfecho da COP 15</s>
    <s>A mudança de paradigma</s>
    <s>!Ruim!Regular!Bom!Ótimo!Excelente (Nenhum voto)</s>
    <s>!Loading Loading </s>
    <s>Publique seu comentário no formulário abaixo»</s>
    <s>Publique seu comentário</s>
    <s>Nome: (requerido)</s>
    <s>E-mail (não será publicado) (requerido)</s>
    <s>Quanto e 2 + 8? (validação/proteção contra spam)</s>
    <s>Últimas notícias Últimos comentários</s>
    <s>A Era de assaltos</s>
    <s>A evolução humana apenas começou</s>
    <s>Como se conscientizar das realidades</s>
    <s>Tradução - Os significados da notícia</s>
    <s>Devastar também é atividade econômica</s>
    <s>Todas as notícias »</s>
    <s>Antídio S.P. Teixeira em Minha Mãe, Minha Vida</s>
    <s>Lúcio Gomes em Diário de Bordo</s>
    <s>Antonio em Diário de Bordo</s>
    <s>Lúcio Gomes em Diário de Bordo</s>
    <s>Lúcio Gomes em Por que ainda acredito em Papai Noel</s>
    <s>Envie seu comentário sobre o site »</s>
    <s>Receba nossas Novidades</s>
    <s>Por e-mail</s>
    <s>!Loading Carregando </s>
    <s>![Artigos e Opiniões</s>
    <s>A Era de assaltos</s>
    <s>A evolução humana apenas começou</s>
    <s>Como se conscientizar das realidades</s>
    <s>Tradução - Os significados da notícia</s>
    <s>Devastar também é atividade econômica</s>
    <s>Outros Artigos e Opiniões</s>
    <s>CADASTRADOS: 880 ON: 5</s>
    <s>Seu nome:</s>
    <s>Seu e-mail:</s>
    <s>Nome do amigo(a):</s>
    <s>Email do Amigo(a):</s>
    <s>!Visual CAPTCHA</s>
    <s>Remember me</s>
    <s>Registrar | Esqueceu a senha?</s>
    <s>Faça parte deste projeto</s>
    <s>simples e rdo. Basta preencher os 2 campos abaixo para fazer parte deste projeto e ainda utilizar todos os recursos do site.</s>
    <s>A senha sernviada em seu e-mail.</s>
    <s>Entrar | Esqueceu a senha?</s>
    <s>Enviar nova senha</s>
    <s>Uma confirma sernviada para seu e-mail.</s>
    <s>Entrar | Registrar</s>
    <s>AMA | Tudo Global</s>
    <s>Notícias | Artigos | Parcerias | Quem Somos | Midia | Contato | Política de privacidade !Creative Commons License Licença Creative Commons Atribuição 2.5. Brasil</s>
    <s>Guia Mais São Paulo - O guia mais completo de São Paulo Mais São Paulo - Anuncie Guia Comercial Mais São Paulo - O guia comercial de São Paulo Guia Cultural de São Paulo Strapet</s>
  </text>
</page>
