<?xml version="1.0" encoding="UTF-8"?>
<!DOCTYPE page SYSTEM "page.dtd">
<page>
  <lang>pt</lang>
  <url>http://portalpbh.pbh.gov.br/pbh/ecp/comunidade.do%3Fevento%3Dportlet%26pIdPlc%3DecpTaxonomiaMenuPortal%26app%3Diss%26tax%3D9703%26lang%3Dpt_BR%26pg%3D5940%26taxp%3D0%26</url>
  <title>FINANÇAS - ISS</title>
  <snippet>
    <s>Já a Nota Fiscal Avulsa só poderá ser utilizada por empresa (art. . A solicitação de cancelamento das taxas deve ser feita em uma de nossas . sanado com declaração, explicando o motivo, que poderá ser aceito ou não Contrato Social ou última alteração contratual, com cláusula administrativa (só para conferência) </s>
  </snippet>
  <text>
    <s>O QUE É SERVIÇO</s>
    <s>O QUE É ISS</s>
    <s>QUEM PAGA</s>
    <s>BHISS DIGITAL</s>
    <s>CNAE SUBCLASSES</s>
    <s>COMO PAGAR</s>
    <s>CADASTRO DE CONTRIBUINTES</s>
    <s>TAXAS MOBILIÁRIAS</s>
    <s>SIMPLES NACIONAL</s>
    <s>DÚVIDAS FREQUENTES</s>
    <s>SERVIÇOS ON LINE</s>
    <s>FICHA DE INSCRIÇÃO CADASTRAL</s>
    <s>GUIA ISS AUTÔNOMO</s>
    <s>GUIA PARCELAMENTO DE ISS</s>
    <s>AIDF - NET</s>
    <s>GUIA DE TAXAS MOBILIÁRIAS</s>
    <s>FALE CONOSCO</s>
    <s>PBH / $COMUNIDADE$$SEPARADOR NIVEL ATUAL$ / $NIVEL ATUAL$</s>
    <s>$SEPARADOR NIVEL ATUAL$$NIVEL ATUAL$</s>
    <s>$SEPARADOR CONTEUDO$$CONTEUDO$</s>
    <s>!CADASTRO DE EMPRESAS: INSCRIÇÃO, ALTERAÇÕES DE DADOS E BAIXA</s>
    <s>O cadastramento das pessoas juridicas junto ao Municipio de Belo Horizonte e feito unica e exclusivamente atraves do Cadastro Sincronizado Nacional, que utiliza o sistema de coleta de dados CNPJ-Web, disponivel no site da Secretaria da Receita Federal, do Governo Federal.</s>
    <s>A partir do preenchimento das informaçoes e da concessao ou alteraçao do seu Cadastro Nacional de Pessoas Juridicas (CNPJ), automaticamente a pessoa juridica tera as informaçoes junto ao Cadastro Municipal de Contribuintes - CMC, da Prefeitura de Belo Horizonte. Graças ao sistema, o contribuinte nao precisa dirigir-se a Secretaria Municipal de Finanças para solicitar cadastramento ou alteraçao de dados.</s>
    <s>Atraves do Cadastro Sincronizado, o contribuinte realiza operaçoes de:</s>
    <s>Alteraçao de</s>
    <s>Data de inicio das atividades</s>
    <s>Dados de socios</s>
    <s>Capital social</s>
    <s>Endereço, atividade, area ou razao social de empresa prestadora de serviços e nao prestadora</s>
    <s>Endereço, atividade ou razao social de sociedade de tecnico profissional</s>
    <s>Baixa de</s>
    <s>Firma individual por obito - encerramento de atividades</s>
    <s>Inscriçao de pessoa juridica nao prestadora de serviços</s>
    <s>Inscriçao de pessoa juridica prestadora de serviços</s>
    <s>Inscriçao de pessoa juridica nao inscrita na Prefeitura</s>
    <s>Condominio de edificios</s>
    <s>Templo religioso</s>
    <s>Endereço, atividade ou razao social de sociedade de tecnico profissional</s>
    <s>Provisoria para empresas nao estabelecidas no municipio de Belo Horizonte</s>
    <s>Endereço, atividade, area ou razao social de empresa prestadora de serviços e nao prestadora</s>
    <s>Paralisaçao de atividade</s>
    <s>!REGISTRO CONTÁBIL</s>
    <s>Autenticaçao de livro de registro de entrada de serviços</s>
    <s>A autenticaçao do Livro de Registro de Entrada de Serviços pode ser feita nas Administraçoes Regionais ou ainda na Central de Atendimento da Gerencia de Tributos Mobiliarios (GETM), localizada na Rua Espirito Santo nº 593, Centro.</s>
    <s>Documentos exigidos</s>
    <s>Livro com termo de abertura devidamente preenchido e assinado pelo representante legal;</s>
    <s>Documento de constituiçao da empresa ou eventuais alteraçoes, estampando a clausula concernente a administraçao da pessoa juridica;</s>
    <s>Despacho referente a concessao de regime especial, se for o caso.</s>
    <s>!AUTO DE INFRAÇÃO</s>
    <s>Compete privativamente ao Agente Fiscal constituir o credito tributario pelo lançamento, no Auto de Infraçao, do ISSQN devido. O Auto de Infraçao e lavrado nos casos de:</s>
    <s>- OBRIGAÇÃO PRINCIPAL: pelo descumprimento da obrigaçao principal (falta de recolhimento ou recolhimento insuficiente do ISSQN). É emitido em conjunto com o Termo de Verificaçao Fiscal e Termo de Intimaçao. O documento tem a funçao de homologar, lançar o credito de uma apuraçao fiscal que pode atingir o periodo de ate 60 meses e intimar o contribuinte a recolher o valor devido;</s>
    <s>- OBRIGAÇÃO ACESSÓRIA: e lavrado o Auto de Infraçao e Termo de Intimaçao pelo descumprimento de quaisquer obrigaçoes acessorias (falta formal relacionada com livros, inscriçao, intimaçao, bem como a desacato a autoridade fiscal).</s>
    <s>O prazo para defesa e de 30 dias corridos. O periodo de 30 dias compreende o primeiro dia util apos o recebimento do Auto ou AR e o 30º dia. Quando o 30º dia cair em dia nao util, o fim do periodo sera no primeiro dia util que se segue.</s>
    <s>CANCELAMENTO DE AUTO DE INFRAÇÃO</s>
    <s>O cancelamento ou anulaçao do AITI so e feito, de oficio, caso o Agente Fiscal verifique algum erro nos dados descritos no documento. O Agente Fiscal cancela o Auto e emite outro para substitui-lo. No caso de qualquer reclamaçao do contribuinte contra o Auto de Infraçao, o mesmo devera entrar com defesa contra o AITI.</s>
    <s>Central de Atendimento da GETM, localizada na Rua Espirito Santo nº 593, Centro.</s>
    <s>Documentos exigidos</s>
    <s>No caso de obrigaçao principal</s>
    <s>Requerimento, em 2 (duas) vias, contendo:</s>
    <s>- Razao ou Denominaçao Social;</s>
    <s>- numero do CNPJ;</s>
    <s>- numero da Inscriçao Municipal;</s>
    <s>- endereço completo;</s>
    <s>- numero do(s) lançamento(s) objeto da reclamaçao;</s>
    <s>- justificativa do pedido.</s>
    <s>documento de constituiçao da empresa ou eventuais alteraçoes, estampando a clausula concernente a administraçao da pessoa juridica;</s>
    <s>original e copia da procuraçao, acompanhada de copia da carteira de identidade e do CPF do procurador, quando for o caso.</s>
    <s>No caso de obrigaçao acessoria</s>
    <s>Requerimento, em 2 (duas) vias, contendo:</s>
    <s>- Razao ou Denominaçao Social;</s>
    <s>- numero do CNPJ;</s>
    <s>- numero da Inscriçao Municipal;</s>
    <s>- endereço completo;</s>
    <s>- justificativa do pedido.</s>
    <s>copia do documento de constituiçao da empresa ou eventuais alteraçoes, estampando a clausula concernente a administraçao da pessoa juridica;</s>
    <s>copia do respectivo Auto de Infraçao;</s>
    <s>original e copia da procuraçao, acompanhada de copia da carteira de identidade e do CPF do procurador, quando for o caso</s>
    <s>GUIA PARA PAGAMENTO DO AUTO</s>
    <s>Apresentar o Auto de Infraçao na Central de Atendimento da Gerencia de Divida Ativa, a Rua Espirito Santo nº 593 de 8:00 as 17:00 horas, ou no site www.fazenda.pbh.gov.br/guias.</s>
    <s>Profissional autonomo e a pessoa fisica que presta serviço sem vinculo empregaticio, com auxilio de no maximo 3 pessoas que nao possuam habilitaçao profissional igual a sua.</s>
    <s>AUTÔNOMO COM ESTABELECIMENTO FIXO - INSCRIÇÃO, ALTERAÇÃO DE ENDEREÇO, ALTERAÇÃO DE ATIVIDADE OU ALTERAÇÃO DE ÁREA</s>
    <s>Apresentar na Gerencia de Licenciamento de Atividades Economicas, a Av. Afonso Pena, 4000/ 3º andar, de 8:00 as 17:00 horas:</s>
    <s>1. Consulta Previa (documento resultante do formulario FCA que devera ser apresentado em uma das Gerencias de Licenciamento das Administraçoes Regionais ou na Rua Goias, 60 antecipadamente, a fim de obter informaçao quanto a possibilidade de alvara, com base na Lei de Uso e Ocupaçao do Solo. A Consulta Previa pode ser emitida pela internet no site www.pbh.gov.br.</s>
    <s>2. Formulario FCA - Ficha Cadastral de Autonomo, devidamente preenchido e assinado em 2 (duas) vias.</s>
    <s>3. Copia do CPF e da carteira de identidade.</s>
    <s>4. Copia da carteira do orgao de classe ou da guia da contribuiçao sindical (no caso de nivel superior).</s>
    <s>5. Copia da guia de IPTU e do contrato de locaçao ou equivalente relativo ao imovel. Apos a liberaçao do Alvara de Localizaçao, o contribuinte sera automaticamente inscrito no Cadastro Mobiliario .</s>
    <s>AUTÔNOMO SEM ESTABELECIMENTO FIXO - INSCRIÇÃO OU ALTERAÇÃO DE DADOS</s>
    <s>O cadastramento do profissional autonomo pode ser feito em uma de nossas Administraçoes Regionais ou ainda na Central de Atendimento da GETM, localizada na Rua Espirito Santo nº 593, Centro.</s>
    <s>O contribuinte recebera a Ficha de Inscriçao Cadastral no ato do cadastramento.</s>
    <s>ALTERAÇÃO DE DADOS</s>
    <s>A alteraçao de dados no cadastro do profissional autonomo pode ser feito em uma das Administraçoes Regionais ou ainda na Central de Atendimento da GETM, localizada na Rua Espirito Santo nº 593, Centro.</s>
    <s>Apresentar os seguintes documentos para solicitar a alteraçao:</s>
    <s>Formulario FCA - Ficha Cadastral de Autonomo, devidamente preenchido e assinado em 2 (duas) vias.</s>
    <s>Copia da identidade e CPF.</s>
    <s>2ª VIA DA FIC</s>
    <s>Solicitar em www.fazenda.pbh.gov.br/fic.</s>
    <s>BAIXA E CERTIDÃO</s>
    <s>A comunicaçao de baixa e encerramento das atividades como profissional autonomo deve ser feita em uma de nossas Administraçoes Regionais ou ainda na Central de Atendimento da GETM, localizada na Rua Espirito Santo nº 593, Centro.</s>
    <s>Documentos exigidos</s>
    <s>Formulario DECLARAÇÃO DE BAIXA DE AUTÔNOMO, devidamente preenchido e assinado em 2 (duas) vias.</s>
    <s>copia da identidade e CPF;</s>
    <s>original e copia da procuraçao, acompanhada de copia da carteira de identidade e do CPF do procurador, quando for o caso.</s>
    <s>-os formularios descritos acima nao poderao conter rasuras;</s>
    <s>-o uso de canetas de cores diferentes ou letras diferentes em um mesmo formulario nao serao aceitos.</s>
    <s>Sera fornecida a pedido apos o deferimento da baixa, mediante pagamento do preço publico, para emissao da Certidao de Baixa - valor de R$ 15,77.</s>
    <s>ISSQN (valores validos para o ano de 2008)</s>
    <s>- VALOR: Profissional de nivel superior: R$ 122,34 por trimestre; demais casos: R$ 61,18 por trimestre.</s>
    <s>- VENCIMENTO: 5/Abril; 5/Julho; 5/Outubro e 5/Janeiro. A guia e enviada pelo correio ate o primeiro dia do mes de vencimento.</s>
    <s>- 2ª VIA DA GUIA: no caso do nao recebimento da guia, a 2ª podera ser retirada no site www.fazenda.pbh.gov.br, na Central de Atendimento da Gerencia de Tributos Mobiliarios, localizada na Rua Espirito Santo nº 593, Centro ou nas Gerencias de Arrecadaçao Regionais, mediante informaçao do numero da inscriçao municipal.</s>
    <s>PRESTAÇÃO DE SERVIÇO DIFERENTE DA ATIVIDADE CADASTRADA</s>
    <s>O tomador do serviço tem que fazer retençao na fonte - Lei 8.725/2003.</s>
    <s>Conforme Lei Nº 5839 de 28 dezembro de 1990, o exercicio das atividades abaixo relacionadas, por profissionais autonomos, esta isento do recolhimento do Imposto Sobre Serviços de Qualquer Natureza - ISSQN:</s>
    <s>açougueiro, afinador de pianos, ajudante de caminhao, alfaiate, ama-seca, amolador de ferramentas, apontador, armador, artesao, ascensorista, atendente de enfermagem, auxiliar de enfermagem, auxiliar de raio x, auxiliar de terapeutica, azulejista, bombeiro-hidraulico, bordadeira, borracheiro, calceteiro, camareira, cambista, capoteiro, carpinteiro, carregador, carroceiro, cerzideira, chaveiro, cisterneiro, cobrador, colchoeiro, copeiro, copista, costureira, cozinheira, crocheteira, datilografo, dedetizador, doceira, eletricista, embalsamador, empalhador, encadernador, encanador, encerador, engraxate, entalhador, envernizador, escavador, estofador, estucador, faxineiro, ferreiro, forrador de botoes, garçom, garimpeiro, guarda-noturno, impermeabilizador, jardineiro, ladrilheiro, laqueador, lavadeira, lavador de carro, lubrificador, lustrador, marceneiro, marmorista, mensageiro, moldurista, mordomo, motorista, parteira, passadeira, pedreiro, pespontadeira, pintor de paredes, polidor, professor, raspador, reparador de instrumentos musicais, salgadeira, sapateiro, servente de pedreiro, taxista, tintureiro, tipografo, tricoteira, vidraceiro, vigilante e zelador.</s>
    <s>Nao serao concedidos aos mesmos Autorizaçao de Impressao de Documentos Fiscais - AIDF e nota fiscal de serviços avulsa conforme Decreto 9198, de 5 de maio de 1997. É permitida a emissao do Recibo de Pagamento de Autonomo - RPA.</s>
    <s>O profissional autonomo isento do Imposto Sobre Serviço de Qualquer Natureza - ISSQN esta desobrigado de se inscrever no Cadastro Municipal de Contribuintes (CMC) e, neste caso, nao possui a Ficha de Inscriçao Cadastral - FIC.</s>
    <s>DECLARAÇÃO DE REGIME DE TRIBUTAÇÃO: A declaraçao pode ser emitida em www.fazenda.pbh.gov.br/formularios ou solicitada na Central de Atendimento da Gerencia de Tributos Mobiliarios, localizada a Rua do Espirito Santo, 593 Centro.</s>
    <s>LEVANTAMENTO DE DÉBITOS</s>
    <s>A guia de debitos anteriores ao exercicio vigente esta disponivel no site www.fazenda.pbh.gov.br.</s>
    <s>MUDANÇA DE DOMICÍLIO FISCAL</s>
    <s>Requerer a baixa da inscriçao muncipal no Cadastro Muncipal de Contribuintes conforme orientaçoes constantes em BAIXA E CERTIDÃO.</s>
    <s>!AUTORIZAÇÃO PARA IMPRESSÃO DE DOCUMENTOS FISCAIS - AIDF</s>
    <s>A Autorizaçao para impressao de Documentos Fiscais - AIDF pode ser solicitada pela internet no site www.fazenda.pbh.gov.br, em uma de nossas Administraçoes Regionais ou ainda na Central de Atendimento da GETM, localizada na Rua Espirito Santo nº 593, Centro.</s>
    <s>Documentos exigidos:</s>
    <s>NAS CENTRAIS DE ATENDIMENTO</s>
    <s>Quando se tratar de 1º solicitaçao</s>
    <s>Formulario proprio: &quot; Solicitaçao de impressao de Documentos Fiscais - SIDF&quot;, fornecido pelo estabelecimento grafico, devidamente preenchido e assinado;</s>
    <s>documento de constituiçao da empresa ou eventuais alteraçoes, estampando a clausula concernente a administraçao da pessoa juridica;</s>
    <s>original e copia da procuraçao, acompanhada de copia da carteira de identidade e do CPF do procurador, quando for o caso;</s>
    <s>original da AIDF do Estado (no caso de Nota Fiscal em conjunto);</s>
    <s>original ou copia do despacho do Regime Especial, quando for o caso.</s>
    <s>QUANDO SE TRATAR DE SEQUÊNCIA:</s>
    <s>Alem dos documentos relacionados acima apresentar:</s>
    <s>ulltima nota fiscal emitida;</s>
    <s>protocolos de entrega da DES e guias de ISSQN originais dos ultimos 12 (doze) meses ou a partir da data de inicio.</s>
    <s>PELA INTERNET</s>
    <s>O representante legal da empresa ou pessoa por ele nomeada devera requerer a liberaçao de senha que permitira o acesso ao sistema e possibilitara a solicitaçao de Autorizaçao de Impressao de Documentos Fiscais pela Internet. A senha sera fornecida as empresas regularmente inscritas no Cadastro Mobiliario de Contribuintes e as graficas credenciadas em Belo Horizonte para confecçao de documentos fiscais.</s>
    <s>A liberaçao de senha deve ser requerida na Central de Atendimento da Gerencia de Tributos Mobiliarios, localizada a Rua Espirito Santo nº 593, Centro.</s>
    <s>Documentos exigidos</s>
    <s>copia do instrumento de procuraçao e identidade do procurador, nos casos em que o requerente nao for o responsavel legal pela pessoa juridica;</s>
    <s>copia do documento de constituiçao social ou sua eventuais alteraçoes, estampando a clausula concernente a administraçao da pessoa juridica;</s>
    <s>copia da Certidao Simplificada e atualizada, expedida pelo orgao de registro das pessoas juridicas, contendo a declaraçao dos ultimos assentamentos, apenas nas hipoteses em que o documento de constituiçao ou alteraçao tiverem sido arquivados, naquele orgao, ha mais de 24 (vinte e quatro) meses.</s>
    <s>Ao profissional autonomo e vedado autorizaçao para imprimir Nota Fiscal de Serviço (§8º do art. 40 do RISSQN, acrescido pelo art. 3º do Dec. 10.259/00), uma vez que o imposto por ele devido nao e recolhido com base na receita comprovada por meio de Nota Fiscal de Serviço. Ja a Nota Fiscal Avulsa so podera ser utilizada por empresa (art. 3º do Decreto 9.198/97, com a redaçao do art. 9º do Dec. 10.075/99)</s>
    <s>Assim, o Municipio de Belo Horizonte nao concede Autorizaçao para a Impressao de Documentos Fiscais - AIDF, nem Nota Fiscal de Serviços Avulsa para profissionais autonomos, sendo legal a emissao do Recibo de Pagamento de Autonomo - RPA, mediante a apresentaçao da Ficha de Inscriçao Cadastral - FIC, no caso de Profissional Autonomo que nao e isento do ISSQN.</s>
    <s>O Profissional Autonomo que e isento do ISSQN esta desobrigado de se cadastrar no Cadastro Mobiliario de Contribuintes, nao possuindo nesse caso a Ficha de Inscriçao Cadastral - FIC.</s>
    <s>CANCELAMENTO DE AIDF</s>
    <s>O cancelamento de AIDF pode ser solicitado em uma de nossas Administraçoes Regionais ou ainda na Central de Atendimento da GETM, localizada na Rua Espirito Santo nº 593, Centro.</s>
    <s>- prazo vencido;</s>
    <s>- dados cadastrais incorretos;</s>
    <s>- mudança de grafica;</s>
    <s>- dados da grafica incorretos;</s>
    <s>- emissao da AIDF incorreta.</s>
    <s>Documentos exigidos</s>
    <s>Requerimento, em 2 (duas) vias, contendo:</s>
    <s>- Razao ou Denominaçao Social;</s>
    <s>- numero do CNPJ;</s>
    <s>- numero da Inscriçao Municipal;</s>
    <s>- endereço completo;</s>
    <s>- numero e data da AIDF;</s>
    <s>- justificativa do pedido.</s>
    <s>copia do documento de constituiçao da empresa ou eventuais alteraçoes, estampando a clausula concernente a administraçao da pessoa juridica;</s>
    <s>as duas vias (originais) da AIDF, com o campo 8 preenchido e assinado pelo representante legal da empresa;</s>
    <s>declaraçao do estabelecimento grafico relatando que nao confeccionou e nem ira confeccionar as notas fiscais, contendo os seguintes dados:</s>
    <s>- nome do estabelecimento grafico;</s>
    <s>- numero da Inscriçao Municipal;</s>
    <s>- numero do CNPJ;</s>
    <s>- endereço completo;</s>
    <s>- numero e data da AIDF.</s>
    <s>no caso de cancelamento da AIDF em conjunto com o estado, copia do cancelamento efetuado na Secretaria de Estado da Fazenda, se for o caso</s>
    <s>original e copia da procuraçao, acompanhada de copia da carteira de identidade e do CPF do procurador, quando for o caso.</s>
    <s>EXTRAVIO DE AIDF</s>
    <s>O extravio da AIDF deve ser comunicado em uma de nossas Administraçoes Regionais ou ainda na Central de Atendimento da GETM, localizada na Rua Espirito Santo nº 593, Centro.</s>
    <s>Documentos exigidos</s>
    <s>Comunicaçao de extravio, em duas vias, contendo:</s>
    <s>- Razao ou Denominaçao Social;</s>
    <s>- numero do CNPJ;</s>
    <s>- numero da Inscriçao Municipal;</s>
    <s>- endereço completo.</s>
    <s>O comunicado deve conter tambem, obrigatoriamente:</s>
    <s>- as circunstancias do fato;</s>
    <s>- se houve ou nao ocorrencia policial;</s>
    <s>- identificaçao dos livros ou documentos extraviados, com a numeraçao dos documentos em branco e dos emitidos;</s>
    <s>- se existe a possibilidade de reconstituir a escrita;</s>
    <s>- se existe ou nao debitos fiscais.</s>
    <s>original da folha do jornal oficial ou de grande circulaçao na qual conste a publicaçao do extravio. Deve constar na publicaçao:</s>
    <s>- identificaçao da empresa, inclusive CNPJ;</s>
    <s>- descriçao de todos os documentos extraviados, com a numeraçao dos documentos em branco e dos emitidos.</s>
    <s>documento de constituiçao da empresa ou eventuais alteraçoes, estampando a clausula concernente a administraçao da pessoa juridica;</s>
    <s>original e copia da procuraçao, acompanhada de copia da carteira de identidade e do CPF do procurador, quando for o caso.</s>
    <s>OBSERVAÇÃO: a Secretaria Municipal Adjunta de Arrecadaçoes nao exige que o contribuinte faça ocorrencia policial, apenas a publicaçao em jornal oficial ou de grande circulaçao.</s>
    <s>- O contribuinte devera arquivar a comunicaçao de extravio durante 60 meses.</s>
    <s>VALIDADE DE AIDF</s>
    <s>A AIDF e valida por 30 dias e nao podera ser utilizada apos vencida.O contribuinte devera cancelar a AIDF para solicitar uma nova.</s>
    <s>UTILIZAÇÃO DA AIDF</s>
    <s>O contribuinte so podera utilizar a AIDF para a confecçao de documento especificado na mesma. Caso necessite alterar o tipo do documento devera cancelar a AIDF e solicitar uma nova.</s>
    <s>DECLARAÇÃO DE AUTORIZAÇÃO(ÕES) DE IMPRESSÃO DE DOCUMENTOS FISCAIS</s>
    <s>A solicitaçao de Declaraçao de Autorizaçao(oes) de Impressao de Documentos Fiscais pode ser feita na Central de Atendimento da GETM, localizada na Rua Espirito Santo nº 593, Centro.</s>
    <s>Documentos exigidos:</s>
    <s>• Requerimento, em 2 (duas) vias, contendo:</s>
    <s>- Razao ou Denominaçao Social;</s>
    <s>- numero do CNPJ;</s>
    <s>- numero da Inscriçao Municipal;</s>
    <s>- endereço completo;</s>
    <s>- justificativa do pedido.</s>
    <s>• documento de constituiçao da empresa ou eventuais alteraçoes, estampando a clausula concernente a administraçao da pessoa juridica;</s>
    <s>• original e copia da procuraçao, acompanhada de copia da carteira de identidade e do CPF do procurador, quando for o caso.</s>
    <s>!CANCELAMENTO DE DOCUMENTOS FISCAIS</s>
    <s>- Casos nos quais ocorre cancelamento:</s>
    <s>As Notas Fiscais e outros documentos fiscais serao cancelados na Central de Atendimento, a Rua Espirito Santo nº 593, na ocasiao de requerimento de baixa de inscriçao no Cadastro Mobiliario, quando serao inutilizados os documentos fiscais validos em branco;</s>
    <s>os documentos fiscais com prazo de validade vencidos e ingressos de diversoes publicas nao utilizados deverao ser cancelados pelo proprio contribuinte, colocando-se um 'X' ou a expressao 'cancelado' em todas as vias em branco. O cancelamento deve ser registrado no programa BHISSDigital e os documentos devem ser mantidos a disposiçao do fisco por 60 meses;</s>
    <s>quando a nota for emitida com erro (descriçao do serviço, valores, dados do cliente ) o contribuinte devera: cancelar a nota; emitir outra para substitui-la; anotar no corpo da nota cancelada o numero da que a substituiu, o motivo do cancelamento e o termo ''cancelado''; manter todas as vias no bloco. O cancelamento deve ser registrado no programa BHISSDigital e os documentos devem ser mantidos a disposiçao do fisco por 60 meses;</s>
    <s>!CANCELAMENTO DE TAXA(S)</s>
    <s>A solicitaçao de cancelamento das taxas deve ser feita em uma de nossas Administraçoes Regionais ou ainda na Central de Atendimento da GETM, localizada na Rua Espirito Santo nº 593, Centro.</s>
    <s>Documentos exigidos</s>
    <s>PESSOA JURÍDICA</s>
    <s>Requerimento, em 2 (duas) vias, contendo:</s>
    <s>- Razao ou Denominaçao Social;</s>
    <s>- numero do CNPJ;</s>
    <s>- numero da Inscriçao Municipal;</s>
    <s>- endereço completo;</s>
    <s>- identificaçao do(s) lançamento(s);</s>
    <s>- justificativa do pedido.</s>
    <s>copia do documento de constituiçao da empresa ou eventuais alteraçoes, estampando a clausula concernente a administraçao da pessoa juridica;</s>
    <s>copia de todas as alteraçoes contratuais;</s>
    <s>copia da certidao simplificada emitida pelo orgao de registro competente;</s>
    <s>copia de documento(s) que comprove(m) a justificativa, se for o caso.</s>
    <s>original e copia da procuraçao, acompanhada de copia da carteira de identidade e do CPF do procurador, quando for o caso.</s>
    <s>ATENÇÃO: No caso de empresa inativa e obrigatorio anexar:</s>
    <s>declaraçao de Imposto de Renda de Pessoa Juridica de todos os anos pleiteados.</s>
    <s>PESSOA FÍSICA</s>
    <s>Requerimento, em 2 (duas) vias, contendo:</s>
    <s>- nome;</s>
    <s>- numero da carteira de identidade e do CPF;</s>
    <s>- numero da Inscriçao Municipal;</s>
    <s>- identificaçao do(s) lançamento(s);</s>
    <s>- endereço completo.</s>
    <s>copia da carteira de identidade e do CPF;</s>
    <s>original e copia da procuraçao, acompanhada de copia da carteira de identidade e do CPF do procurador, quando for o caso.</s>
    <s>!CERTIDÃO DE INSCRIÇÃO NO CADASTRO MOBILIÁRIO</s>
    <s>(Somente para pessoas fisicas )</s>
    <s>PESSOA FÍSICA</s>
    <s>A Certidao deve ser solicitada na Central de Atendimento da GETM, localizada na Rua Espirito Santo nº 593, Centro.</s>
    <s>Documentos exigidos:</s>
    <s>Requerimento, em 2 (duas) vias, contendo:</s>
    <s>- nome;</s>
    <s>- numero da carteira de identidade e do CPF;</s>
    <s>- endereço completo.</s>
    <s>copia da carteira de identidade;</s>
    <s>copia do cartao de inscriçao no CPF.</s>
    <s>A certidao sera entregue mediante comprovaçao de quitaçao da taxa de emissao de certidao.</s>
    <s>PESSOA JURÍDICA</s>
    <s>Nao havera certidao de nao inscriçao para pessoa juridica. Toda pessoa juridica, estabelecida em Belo Horizonte, esta obrigada a se inscrever no Cadastro de Municipal de Contribuintes - CMC.</s>
    <s>!COMPENSAÇÃO DE CRÉDITOS COM PRECATÓRIOS</s>
    <s>Os contribuintes poderao solicitar a compensaçao de creditos tributarios e nao-tributarios (valor original mais encargos: atualizaçao monetaria, multas e juros de mora) com creditos oriundos de precatorios havidos contra o municipio de Belo Horizonte, em que o mesmo figure como titular ou cessionario.</s>
    <s>Documentos exigidos</s>
    <s>Formulario COMPENSAÇÃO DE CRÉDITOS TRIBUTÁRIOS, em 2 (duas) vias, preenchido e assinado pelo representante legal;</s>
    <s>original (is) e copia (s) do documento de constituiçao da empresa ou eventuais alteraçoes, estampando a clausula concernente a administraçao da pessoa juridica;</s>
    <s>original(is) e copia(s) do documento de identidade e CPF no caso de pessoa fisica;</s>
    <s>instrumento publico de cessao, original ou copia autenticada, firmado pelo cedente, com a identificaçao precisa do valor, natureza e origem do credito cedido existente contra a Fazenda Publica Municipal, bem como o numero do lançamento e natureza do credito tributario ou nao tributario que se pretende ter compensado;</s>
    <s>nos casos de requerimento assinado por procurador, o mesmo devera juntar ao requerimento o original ou a copia do instrumento publico de procuraçao atualizado; ou o original com firma reconhecida; ou a copia autenticada do instrumento particular de procuraçao;</s>
    <s>copia do parecer da Gerencia de Contas e Pericia Judicial da Procuradoria Geral do Municipio, consignando a natureza, o valor e a regularidade do precatorio utilizado, atualizado em ate no maximo 30 (trinta) dias anteriores a data da cessao;</s>
    <s>original(is) e copia(s) ou copia(s) autenticada(s) do(s) documento(s) comprobatorio(s)da quitaçao , integral ou do deposito inicial, caso parcelados, dos valores relativos aos limites percentuais do credito tributario ou nao tributario nao alcançados pela compensaçao;</s>
    <s>nos casos de responsabilidade solidaria e sucessao do credito devido ao Municipio, e obrigatoria, junto ao requerimento de compensaçao, a apresentaçao dos documentos (originais ou copia autenticada) comprobatorios desta condiçao.</s>
    <s>Os valores serao atualizados ate a data do protocolo do pedido, motivo pelo qual os valores constantes nas guias expedidas pela Secretaria Municipal Adjunta de Arrecadaçoes antes da data do protocolo poderao sofrer acrescimos.</s>
    <s>Legislaçao vigente: Lei 7.640 de 9 de fevereiro de 1999</s>
    <s>Formularios: www.fazenda.pbh.gov.br</s>
    <s>Locais de Atendimento:</s>
    <s>- Protocolo de requerimento</s>
    <s>Central de Atendimento da Gerencia de Tributos Mobiliarios</s>
    <s>Rua Espirito Santo nº 593</s>
    <s>Telefone 3277-1445</s>
    <s>- Requerimento do parecer</s>
    <s>Gerencia de Contas e Pericia Judicial da Procuradoria Geral do Municipio</s>
    <s>Rua dos Timbiras, 628/3º andar</s>
    <s>Telefone 3277-4175</s>
    <s>!COMPENSAÇÃO DE ISSQN (PESSOA JURÍDICA)</s>
    <s>• Acerto com ISSQN proprio a vencer:</s>
    <s>&quot; Art. 11- O valor do imposto indevidamente recolhido ou retido na fonte por terceiros podera ser objeto de pedido de restituiçao pelo prestador de serviço, ou, no caso de pessoa juridica, podera tambem ser descontado do valor do ISSQN proprio, a vencer, sujeitando-se a ulterior verificaçao pelo Fisco e, se for o caso, a imposiçao de multa, juros e atualizaçao monetaria.&quot;</s>
    <s>(Art. 11 do decreto 11956 de 23 de fevereiro de 2005)</s>
    <s>O acerto podera ser feito diretamente no BH ISS DIGITAL sem necessidade de formalizaçao de pedido e abertura de processo administrativo. Nao sera objeto de acerto o credito parcelado ou lançado pelo fisco.</s>
    <s>!COMUNICADO DE EXTRAVIO DE DOCUMENTO FISCAL</s>
    <s>Comunicaçao de extravio, em duas vias, contendo:</s>
    <s>- Razao ou Denominaçao Social;</s>
    <s>- numero do CNPJ;</s>
    <s>- numero da Inscriçao Municipal;</s>
    <s>- endereço completo.</s>
    <s>comunicado deve conter tambem, obrigatoriamente:</s>
    <s>- as circunstancias do fato;</s>
    <s>- se houve ou nao ocorrencia policial;</s>
    <s>- identificaçao dos livros ou documentos extraviados, com a numeraçao dos documentos em branco e dos emitidos;</s>
    <s>- se existe a possibilidade de reconstituir a escrita;</s>
    <s>- se existe ou nao debitos fiscais.</s>
    <s>original da folha do jornal oficial ou de grande circulaçao na qual conste a publicaçao do extravio. Deve constar na publicaçao:</s>
    <s>- identificaçao da empresa, inclusive CNPJ;</s>
    <s>- descriçao de todos os documentos extraviados, com a numeraçao dos documentos em branco e dos emitidos.</s>
    <s>documento de constituiçao da empresa ou eventuais alteraçoes, estampando a clausula concernente a administraçao da pessoa juridica;</s>
    <s>original e copia da procuraçao, acompanhada de copia da carteira de identidade e do CPF do procurador, quando for o caso.</s>
    <s>OBSERVAÇÃO: a Secretaria Municipal Adjunta de Arrecadaçoes nao exige que o contribuinte faça ocorrencia policial, apenas a publicaçao em jornal oficial ou de grande circulaçao.</s>
    <s>!CREDENCIAMENTO DE ESTABELECIMENTO GRÁFICO</s>
    <s>O Certificado de Credenciamento de Estabelecimento Grafico (CCEG) e liberado para o estabelecimento grafico credenciado junto a Prefeitura Municipal de Belo Horizonte para imprimir documentos fiscais autorizados no municipio (Autorizaçao para Impressao de Documentos Fiscais - AIDF).</s>
    <s>Documentos exigidos</s>
    <s>Requerimento, em 2 (duas) vias, contendo:</s>
    <s>- Razao ou Denominaçao Social;</s>
    <s>- numero do CNPJ;</s>
    <s>- numero da Inscriçao Municipal;</s>
    <s>- endereço completo;</s>
    <s>- justificativa do pedido;</s>
    <s>- declaraçao que a empresa nao esta incursa em nenhum dos crimes previstos nas leis federais de nº 8383/91 e 8137/90;</s>
    <s>copia do documento de constituiçao da empresa ou eventuais alteraçoes, estampando a clausula concernente a administraçao da pessoa juridica;</s>
    <s>Certidao Negativa de Debitos - CND Plena do municipio;</s>
    <s>original e copia da procuraçao, acompanhada de copia da carteira de identidade e do CPF do procurador, quando for o caso.</s>
    <s>Os estabelecimentos graficos sediados fora do municipio de Belo Horizonte deverao apresentar originais ou copias autenticadas em cartorio dos documentos exigidos.</s>
    <s>para a renovaçao do credenciamento grafico serao exigidos os mesmos documentos acima mencionados.</s>
    <s>!PRAZO DE VALIDADE PARA O CCEG</s>
    <s>É de 180 dias da data de inclusao do pedido de credenciamento - ver Artigo 62 do Decreto 4032 de 17 de setembro de 1981.</s>
    <s>SUSPENSÃO OU CASSAÇÃO DO CCEG</s>
    <s>O CCEG podera ser suspenso ou cassado a qualquer tempo, por ato do Gerente de Tributos Mobiliarios da Secretaria Municipal Adjunta de Arrecadaçoes, se descumpridas as exigencias de regularidade cadastral e tributaria - ver Artigo 62 do Decreto 4032 de 17 de setembro de 1981.</s>
    <s>!DENÚNCIA ESPONTÂNEA</s>
    <s>Em casos de infraçao da legislaçao tributaria, o contribuinte podera antecipar-se ao fisco e protocolar denuncia espontanea ( ver Artigo 138 da Lei 5172 de 25 de outubro de 1966, Codigo Tributario Nacional ).</s>
    <s>As denuncias espontaneas poderao ser protocoladas em uma de nossas Administraçoes Regionais ou ainda na Central de Atendimento da GETM, localizada na Rua Espirito Santo nº 593, Centro.</s>
    <s>- DENÚNCIA ESPONTÂNEA DE QUEBRA DE SEQUÊNCIA NA EMISSÃO DE DOCUMENTO FISCAL</s>
    <s>Documentos exigidos</s>
    <s>• Comunicado, em 2 (duas) vias, contendo:</s>
    <s>- Razao ou Denominaçao Social;</s>
    <s>- numero do CNPJ;</s>
    <s>- numero da Inscriçao Municipal;</s>
    <s>- endereço completo.</s>
    <s>O comunicado deve conter tambem, obrigatoriamente:</s>
    <s>- as circunstancias do fato;</s>
    <s>- o numero da AIDF;</s>
    <s>- a numeraçao dos documentos utilizados fora da sequencia e a indicaçao da sequencia correta.</s>
    <s>• documento de constituiçao da empresa ou eventuais alteraçoes, estampando a clausula concernente a administraçao da pessoa juridica;</s>
    <s>• original e copia da procuraçao, acompanhada de copia da carteira de identidade e do CPF do procurador, quando for o caso.</s>
    <s>- DENÚNCIA ESPONTÂNEA DE UTILIZAÇÃO DE DOCUMENTOS FISCAIS COM PRAZO DE VALIDADE VENCIDO</s>
    <s>Documentos exigidos</s>
    <s>• Requerimento, em 2 (duas) vias, contendo:</s>
    <s>- Razao ou Denominaçao Social;</s>
    <s>- numero do CNPJ</s>
    <s>- numero da Inscriçao Municipal;</s>
    <s>- endereço completo.</s>
    <s>O comunicado deve conter tambem, obrigatoriamente:</s>
    <s>- as circunstancias do fato;</s>
    <s>- o numero da AIDF e sua validade;</s>
    <s>- a numeraçao dos documentos utilizados fora do prazo;</s>
    <s>- a indicaçao de recolhimento do respectivo ISSQN.</s>
    <s>• documento de constituiçao da empresa ou eventuais alteraçoes, estampando a clausula concernente a administraçao da pessoa juridica;</s>
    <s>• copia de todos os documentos fiscais emitidos com prazo de validade vencido;</s>
    <s>• copia do ultimo documento fiscal emitido ainda com validade;</s>
    <s>• copia da(s) guia(s) de recolhimento que comprove(m) a quitaçao plena do ISSQN decorrente dos documentos fiscais emitidos com prazo de validade vencido;</s>
    <s>• comprovante de solicitaçao de AIDF em continuidade aos documentos fiscais com o prazo de validade ja vencidos.</s>
    <s>• original e copia da procuraçao, acompanhada de copia da carteira de identidade e do CPF do procurador, quando for o caso.</s>
    <s>As notas fiscais vencidas e nao utilizadas deverao ser canceladas pelo proprio contribuinte que colocara em destaque em todas as vias a observaçao &quot;CANCELADO&quot;. As notas deverao ser guardadas pelo prazo de cinco anos ou ate que um agente do Fisco efetue a inutilizaçao. O contribuinte devera discriminar os documentos fiscais cancelados no sistema BH ISS DIGITAL.</s>
    <s>!DOCUMENTOS EMITIDOS PELA FISCALIZAÇÃO</s>
    <s>- TERMO DE INTIMAÇÃO E TERMO DE INÍCIO DE AÇÃO FISCAL</s>
    <s>Documento fiscal emitido para intimar o contribuinte a apresentar documentaçao para verificaçao fiscal. O nao atendimento integral ou parcial do Termo de Intimaçao ou de Inicio de Açao Fiscal acarreta multa de R$373,14. O nao atendimento parcial pode ser sanado com declaraçao, explicando o motivo, que podera ser aceito ou nao pela fiscalizaçao.</s>
    <s>- PRORROGAÇÃO DE PRAZO</s>
    <s>O prazo podera ser prorrogado a criterio do Auditor Fiscal emitente ou sua chefia imediata, que podera delegar o ato a outro Auditor Fiscal. A prorrogaçao sera aceita se escrita e assinada no corpo do Termo, pelo Auditor Fiscal que prorrogar o prazo.</s>
    <s>- TERMO DE SOLICITAÇÃO</s>
    <s>Termo de solicitaçao de documentos para empresas imunes, isentas ou com pedido de remissao de ISSQN. O nao atendimento acarreta indeferimento e arquivamento do processo.</s>
    <s>!ENGENHOS DE PUBLICIDADE</s>
    <s>O cadastro inicia-se com a solicitaçao de licenciamento do engenho de publicidade junto as Administraçoes Regionais. A documentaçao para o licenciamento e fornecida pela propria administraçao regional. Apos a expediçao do Alvara de Licença de instalaçao do engenho de publicidade, a Gerencia de Licenciamento da Administraçao Regional envia o processo de Licença a Gerencia de Cadastro da GETM da SMAAR onde e feito o cadastro e o lançamento da Taxa de Fiscalizaçao de Engenhos de Publicidade - TFEP que e enviada pelo correio.</s>
    <s>ALTERAÇÃO NO CADASTRO DE ENGENHO DE PUBLICIDADE</s>
    <s>De acordo com a Lei 8616/2003 e Decreto 11.601/2004 nao existe a figura da alteraçao. É necessario fazer a baixa do anuncio e cadastra-lo novamente com as novas caracteristicas.</s>
    <s>BAIXA DE ENGENHO DE PUBLICIDADE</s>
    <s>A solicitaçao de baixa de engenho de publicidade pode ser feita em uma de nossas Administraçoes Regionais ou ainda na Central de Atendimento da GETM, localizada na Rua Espirito Santo nº 593, Centro.</s>
    <s>Documentos exigidos</s>
    <s>Formulario INSCRIÇÃO/BAIXA DE ENGENHO DE PUBLICIDADE, devidamente preenchido e assinado em 2 (duas) vias;</s>
    <s>copia do documento de constituiçao da empresa ou eventuais alteraçoes, estampando a clausula concernente a administraçao da pessoa juridica;</s>
    <s>original e copia da procuraçao, acompanhada de copia da carteira de identidade e do CPF do procurador, quando for o caso.</s>
    <s>VALOR DA TAXA</s>
    <s>O valor da taxa dependera do tipo e tamanho do engenho de publicidade conforme especificado no inciso V da Tabela I de que trata a Lei 5.641/89 com a nova redaçao do artigo 37 da Lei 8.725 de 30/12/03.</s>
    <s>2ª VIA DA TFEP</s>
    <s>A 2ª via podera ser obtida na Administraçao Regional mais proxima ou na Central de Atendimento da GETM na Rua Espirito Santo, 593, Centro, de 8:00 as 17:00 horas, mediante nº da inscriçao municipal.</s>
    <s>Lei 5641/89 - artigos 8º a 14, com a nova redaçao da Lei 8.725/03; Lei 5839/90 - artigo 15, II; Lei 8616/03 e Decreto 11.601/04 .</s>
    <s>- DEFINIÇÃO</s>
    <s>Regime de estimativa e uma modalidade de lançamento do ISSQN em que a base de calculo e o imposto sao fixados por previsao, antecipadamente a ocorrencia do fato gerador, a pedido do contribuinte ou a criterio o fisco, na forma da lei.</s>
    <s>Aplica-se nos casos em que:</s>
    <s>a atividade for exercida em carater provisorio;</s>
    <s>a especie, modalidade ou volume de negocios e de atividades do contribuinte aconselham tratamento fiscal especifico;</s>
    <s>quando a atividade inviabilizar a emissao de nota fiscal (ex.: locadora de fitas, hoteis, moteis, estacionamento, lavagem de veiculos, laboratorio de analise, oficina mecanica, escolas infantis, transporte escolar, saloes de beleza, discotecas, casas de shows, oficinas de maquinas em geral, laboratorios fotograficos, etc.)</s>
    <s>quando houver dificuldades de a empresa cumprir todas as obrigaçoes acessorias estabelecidas.</s>
    <s>A estimativa podera ser total ou parcial, caso em que apenas parte das atividades sera estimada.</s>
    <s>- ENQUADRAMENTO</s>
    <s>Apresentar na Central de Atendimento da GETM, localizada a Rua Espirito Santo nº 593, de 8:00 as 17:00 horas:</s>
    <s>Formulario Regime de Estimativa - ISSQN em duas vias, assinado pelo responsavel legal ou seu procurador, neste caso anexar procuraçao e carteira de identidade do procurador;</s>
    <s>copia do Contrato Social ou ultima alteraçao contratual com clausula administrativa;</s>
    <s>REVISÃO, RECURSO E CANCELAMENTO</s>
    <s>Apresentar na Central de Atendimento, a Rua Espirito Santo nº 593, de 8:00 as 17:00 horas, ou nas Gerencias de Arrecadaçao localizadas nas Administraçoes Regionais:</s>
    <s>1. Requerimento de revisao, de recurso ou de cancelamento, em duas vias, contendo no minimo, as seguintes informaçoes: Nome da empresa, endereço, CNPJ, inscriçao municipal, relaçao de serviços prestados, volume mensal de prestaçao de cada serviço e os seus respectivos preços unitarios, assinado pelo representante legal ou procurador (indispensavel apresentaçao da procuraçao);</s>
    <s>2. Contrato Social ou ultima alteraçao contratual, com clausula administrativa (so para conferencia)</s>
    <s>3. FIC e CNPJ (so para conferencia).</s>
    <s>4. No caso de paralisaçao, informar o responsavel pela guarda dos documentos (nome, endereço e telefone)</s>
    <s>5. Em se tratando de pedido de revisao, anexar documentos que justifiquem o pleito.</s>
    <s>É feita automaticamente, apos o vencimento de cada periodo, atraves de visita fiscal ou tomando por base os valores do periodo anterior.</s>
    <s>PERÍODO DA ESTIMATIVA</s>
    <s>Pode ser prevista ate 12 meses, podendo ser renovado posteriormente.</s>
    <s>DOCUMENTOS FISCAIS EXIGIDOS</s>
    <s>Durante a vigencia do regime, o contribuinte e dispensado de emitir documentos fiscais para a atividade estimada</s>
    <s>É permitido a emissao de recibo, para acobertar as prestaçoes de serviços. Entretanto, e facultada ao contribuinte a opçao pela emissao de documentos fiscais, caso em que ele devera observar as disposiçoes regulamentares, tais como prazo de validade, modelo do documento, etc.</s>
    <s>Segunda via da certidao de estimativa</s>
    <s>Apresentar na Central de atendimento da GETM, localizada na Rua Espirito Santo nº 593, Centro os seguintes documentos:</s>
    <s>Requerimento, em 2 (duas) vias, contendo:</s>
    <s>- Razao ou Denominaçao Social;</s>
    <s>- numero do CNPJ;</s>
    <s>- numero da Inscriçao Municipal;</s>
    <s>- endereço completo;</s>
    <s>- justificativa do pedido.</s>
    <s>documento de constituiçao da empresa ou eventuais alteraçoes, estampando a clausula concernente a administraçao da pessoa juridica;</s>
    <s>original e copia da procuraçao, acompanhada de copia da carteira de identidade e do CPF do procurador, quando for o caso.</s>
    <s>QUANTO AO ISSQN</s>
    <s>-ALÍQUOTAS: Conforme Codigo de Atividades Economicas - CNAE Fiscal.</s>
    <s>- VENCIMENTO: vencimento no dia 5 de cada mes. A data nao podera ser alterada.</s>
    <s>- 2ª VIA DA GUIA: Caso o recolhimento nao aconteça no dia 05 deve ser emitida nova guia pelo programa BHISS DIGITAL. Apos esta data, a guia sera emitida com juros, multa e correçao monetaria com o prazo para pagamento determinado pelo proprio contribuinte. As Gerencias de Arrecadaçao das Administraçoes Regionais tambem fazem a emissao da 2° via da guia.</s>
    <s>- ACRÉSCIMOS NA 2ª VIA: Juros de 1% ao mes e multa de 1% ate 10 dias de atraso, 3% de 11 ate 30 dias, 5% apos 30 dias</s>
    <s>Lei 8.725/03 - artigos 29 a 32; Regulamento do ISSQN, baixado pelo Dec. 4032/81 - artigos 21 a 24 (art. 24 com nova redaçao no art. 12 do Dec. 9198/97); Decreto 6453/89 - artigos 8º e 9º, Lei 7378/97 e Dec. 10733/01</s>
    <s>!IMUNIDADE TRIBUTÁRIA</s>
    <s>É uma limitaçao a competencia tributaria determinada pela Constituiçao Federal.</s>
    <s>DIREITO A IMUNIDADE</s>
    <s>a) templos de qualquer culto;</s>
    <s>b) partidos politicos, inclusive fundaçoes, sindicatos de trabalhadores, instituiçoes de educaçao e de assistencia social, sem fins lucrativos;</s>
    <s>c) livros, jornais, periodicos e o papel destinado a sua impressao;</s>
    <s>d) autarquias e fundaçoes instituidas e mantidas pelo poder publico.</s>
    <s>A imunidade compreende somente o patrimonio, a renda e os serviços relacionados com a finalidade essencial das entidades mencionadas nas letras b e d, nao se estendendo ao patrimonio, renda ou serviços relacionados a exploraçao de atividades economicas regidas pelas normas aplicadas a empreendimentos privados.</s>
    <s>Apresentar na Rua Espirito Santo nº 593, 9º andar - GELEC de 8:00 as 17:00 horas:</s>
    <s>1. formulario proprio (disponivel no site www.fazenda.pbh.gov.br) preenchido e assinado pelo representante legal;</s>
    <s>2. copia do CNPJ,</s>
    <s>3. Balanço Patrimonial dos ultimos 5 anos ou a partir da data de inicio de atividades,</s>
    <s>4. Demonstrativo de Resultado do Exercicio do mesmo periodo,</s>
    <s>5. Copia da Ata de Constituiçao da entidade e alteraçoes,</s>
    <s>As empresas optantes pelo Simples Nacional terao o tratamento diferenciado atribuido as microempresas determinado pela Lei Complementar nº 123/06 (Estatuto Nacional da Microempresa e da Empresa de Pequeno Porte).</s>
    <s>CÁLCULO DO ISSQN</s>
    <s>A forma de calculo e recolhimento do ISSQN estao disciplinados nas disposiçoes previstas na Resoluçao nº 005 de 30/05/2007, do Conselho Gestor do Simples Nacional - CGSN.</s>
    <s>- NÃO SE INCLUI COMO MICROEMPRESA AS PESSOAS JURÍDICAS OU FIRMAS INDIVIDUAIS:</s>
    <s>As caracteristicas exigidas para o enquadramento como microempresa optante do Simples Nacional estao previstas no Art. 3º da Lei Complementar nº 123/06, conforme descrito abaixo:</s>
    <s>Art. 3º Para os efeitos desta Lei Complementar, consideram-se microempresas ou empresas de pequeno porte a sociedade empresaria, a sociedade simples e o empresario a que se refere o art. 966 da Lei no 10.406, de 10 de janeiro de 2002, devidamente registrados no Registro de Empresas Mercantis ou no Registro Civil de Pessoas Juridicas, conforme o caso, desde que:</s>
    <s>I - no caso das microempresas, o empresario, a pessoa juridica, ou a ela equiparada, aufira, em cada ano-calendario, receita bruta igual ou inferior a R$ 240.000,00 (duzentos e quarenta mil reais);</s>
    <s>II - no caso das empresas de pequeno porte, o empresario, a pessoa juridica, ou a ela equiparada, aufira, em cada ano-calendario, receita bruta superior a R$ 240.000,00 (duzentos e quarenta mil reais) e igual ou inferior a R$ 2.400.000,00 (dois milhoes e quatrocentos mil reais).</s>
    <s>§ 1o Considera-se receita bruta, para fins do disposto no caput deste artigo, o produto da venda de bens e serviços nas operaçoes de conta propria, o preço dos serviços prestados e o resultado nas operaçoes em conta alheia, nao incluidas as vendas canceladas e os descontos incondicionais concedidos.</s>
    <s>§ 2o No caso de inicio de atividade no proprio ano-calendario, o limite a que se refere o caput deste artigo sera proporcional ao numero de meses em que a microempresa ou a empresa de pequeno porte houver exercido atividade, inclusive as fraçoes de meses.</s>
    <s>§ 3o O enquadramento do empresario ou da sociedade simples ou empresaria como microempresa ou empresa de pequeno porte bem como o seu desenquadramento nao implicarao alteraçao, denuncia ou qualquer restriçao em relaçao a contratos por elas anteriormente firmados.</s>
    <s>§ 4o Nao se inclui no regime diferenciado e favorecido previsto nesta Lei Complementar, para nenhum efeito legal, a pessoa juridica:</s>
    <s>I - de cujo capital participe outra pessoa juridica;</s>
    <s>II - que seja filial, sucursal, agencia ou representaçao, no Pais, de pessoa juridica com sede no exterior;</s>
    <s>III - de cujo capital participe pessoa fisica que seja inscrita como empresario ou seja socia de outra empresa que receba tratamento juridico diferenciado nos termos desta Lei Complementar, desde que a receita bruta global ultrapasse o limite de que trata o inciso II do caput deste artigo;</s>
    <s>IV - cujo titular ou socio participe com mais de 10% (dez por cento) do capital de outra empresa nao beneficiada por esta Lei Complementar, desde que a receita bruta global ultrapasse o limite de que trata o inciso II do caput deste artigo;</s>
    <s>V - cujo socio ou titular seja administrador ou equiparado de outra pessoa juridica com fins lucrativos, desde que a receita bruta global ultrapasse o limite de que trata o inciso II do caput deste artigo;</s>
    <s>VI - constituida sob a forma de cooperativas, salvo as de consumo;</s>
    <s>VII - que participe do capital de outra pessoa juridica;</s>
    <s>VIII - que exerça atividade de banco comercial, de investimentos e de desenvolvimento, de caixa economica, de sociedade de credito, financiamento e investimento ou de credito imobiliario, de corretora ou de distribuidora de titulos, valores mobiliarios e cambio, de empresa de arrendamento mercantil, de seguros privados e de capitalizaçao ou de previdencia complementar;</s>
    <s>IX - resultante ou remanescente de cisao ou qualquer outra forma de desmembramento de pessoa juridica que tenha ocorrido em um dos 5 (cinco) anos-calendario anteriores;</s>
    <s>X - constituida sob a forma de sociedade por açoes.</s>
    <s>§ 5o O disposto nos incisos IV e VII do § 4o deste artigo nao se aplica a participaçao no capital de cooperativas de credito, bem como em centrais de compras, bolsas de subcontrataçao, no consorcio previsto nesta Lei Complementar, e associaçoes assemelhadas, sociedades de interesse economico, sociedades de garantia solidaria e outros tipos de sociedade, que tenham como objetivo social a defesa exclusiva dos interesses economicos das microempresas e empresas de pequeno porte.</s>
    <s>§ 6o Na hipotese de a microempresa ou empresa de pequeno porte incorrer em alguma das situaçoes previstas nos incisos do § 4o deste artigo, sera excluida do regime de que trata esta Lei Complementar, com efeitos a partir do mes seguinte ao que incorrida a situaçao impeditiva.</s>
    <s>§ 7o Observado o disposto no § 2o deste artigo, no caso de inicio de atividades, a microempresa que, no ano-calendario, exceder o limite de receita bruta anual previsto no inciso I do caput deste artigo passa, no ano-calendario seguinte, a condiçao de empresa de pequeno porte.</s>
    <s>§ 8o Observado o disposto no § 2o deste artigo, no caso de inicio de atividades, a empresa de pequeno porte que, no ano-calendario, nao ultrapassar o limite de receita bruta anual previsto no inciso I do caput deste artigo passa, no ano-calendario seguinte, a condiçao de microempresa.</s>
    <s>§ 9o A empresa de pequeno porte que, no ano-calendario, exceder o limite de receita bruta anual previsto no inciso II do caput deste artigo fica excluida, no ano-calendario seguinte, do regime diferenciado e favorecido previsto por esta Lei Complementar para todos os efeitos legais.</s>
    <s>§ 10. A microempresa e a empresa de pequeno porte que no decurso do ano-calendario de inicio de atividade ultrapassarem o limite de R$ 200.000,00 (duzentos mil reais) multiplicados pelo numero de meses de funcionamento nesse periodo estarao excluidas do regime desta Lei Complementar, com efeitos retroativos ao inicio de suas atividades.</s>
    <s>§ 11. Na hipotese de o Distrito Federal, os Estados e seus respectivos Municipios adotarem o disposto nos incisos I e II do caput do art. 19 e no art. 20 desta Lei Complementar, caso a receita bruta auferida durante o ano-calendario de inicio de atividade ultrapasse o limite de R$ 100.000,00 (cem mil reais) ou R$ 150.000,00 (cento e cinquenta mil reais), respectivamente, multiplicados pelo numero de meses de funcionamento nesse periodo, estara excluida do regime tributario previsto nesta Lei Complementar em relaçao ao pagamento dos tributos estaduais e municipais, com efeitos retroativos ao inicio de suas atividades.</s>
    <s>§ 12. A exclusao do regime desta Lei Complementar de que tratam os §§ 10 e 11 deste artigo nao retroagira ao inicio das atividades se o excesso verificado em relaçao a receita bruta nao for superior a 20% (vinte por cento) dos respectivos limites referidos naqueles paragrafos, hipoteses em que os efeitos da exclusao dar-se-ao no ano-calendario subsequente.</s>
    <s>- CADASTRAMENTO DE MICROEMPRESA</s>
    <s>A opçao pelo Simples Nacional dar-se-a por meio da internet, no site www.fazenda.receita.gov.br, conforme Art. 7º da Resoluçao nº 4, de 30/05/2007 do Conselho Gestor do Simples Nacional - CGSN.</s>
    <s>Mais informaçoes sobre o Simples Nacional e o tratamento diferenciado concedido as microempresas acesse www.fazenda.pbh.gov.br no link Simples Nacional.</s>
    <s>!NOTA FISCAL DE SERVIÇOS AVULSA</s>
    <s>- DEFINIÇÃO</s>
    <s>Documento de tamanho nao inferior a 115 x 170 mm, destinado a especificar os serviços e seus respectivos preços, quando prestados por qualquer pessoa juridica</s>
    <s>- Nº DE VIAS E DESTINAÇÃO</s>
    <s>1ª via - usuario do serviço;</s>
    <s>2ª via - prestador do serviço;</s>
    <s>- REQUERIMENTO</s>
    <s>Apresentar na Central de Atendimento, a Rua Espirito Santo nº 593, de 8:00 as 17:00 horas, os seguintes documentos:</s>
    <s>Formulario SOLICITAÇÃO DE NOTA FISCAL DE SERVIÇOS AVULSA ( disponivel em formularios) , devidamente preenchido em 2 (duas) vias, assinado pelo representante legal;</s>
    <s>copia do documento de constituiçao da empresa ou eventuais alteraçoes, estampando a clausula concernente a administraçao da pessoa juridica;</s>
    <s>original e copia da guia de recolhimento do ISSQN referente a prestaçao de serviço;</s>
    <s>guia original quitada do preço de emissao da Nota Fiscal de Serviços Avulsa.</s>
    <s>- RECOLHIMENTO DO ISSQN</s>
    <s>O recolhimento do ISSQN referente ao serviço que constara na Nota Fiscal de Serviço Avulsa devera ser anterior a sua emissao. A guia deve ser retirada atraves do BHISSDIGITAL.</s>
    <s>- CANCELAMENTO DE NOTA FISCAL DE SERVIÇOS AVULSA</s>
    <s>Requerimento, em 2 (duas) vias, contendo:</s>
    <s>- Razao ou Denominaçao Social;</s>
    <s>- numero do CNPJ;</s>
    <s>- numero da Inscriçao Municipal;</s>
    <s>- endereço completo;</s>
    <s>- justificativa do pedido.</s>
    <s>copia do documento de constituiçao da empresa ou eventuais alteraçoes, estampando a clausula concernente a administraçao da pessoa juridica;</s>
    <s>as duas vias originais da (s) Nota(s) Fiscal(is) de Serviços Avulsa referente ao pedido;</s>
    <s>a(s) guia(s) original(is) de ISSQN e preço publico referente(s) a(s) nota(s) fiscal(is) a ser(em) cancelada(s);</s>
    <s>original e copia da procuraçao, acompanhada de copia da carteira de identidade e do CPF do procurador, quando for o caso.</s>
    <s>!PARCELAMENTO DE CRÉDITO TRIBUTÁRIO DE ISSQN</s>
    <s>Poderao ser parcelados os creditos tributarios, fiscais e preços publicos, bem como o ISSQN denunciado espontaneamente devido pelas pessoas juridicas, na forma da Lei nº 9737 de 06 de fevereiro de 2007.</s>
    <s>Nao podem ser parcelados o ISSQN retido na fonte e nao recolhido, bem como o ISSQN de autonomos, taxas municipais e o IPTU relativos ao exercicio em curso.</s>
    <s>Os creditos objeto do parcelamento compreendem o valor principal, a correçao monetaria, os juros e as multas devidos ate a data da concessao do beneficio. A partir da data do parcelamento, o saldo devedor fica sujeito a: correçao monetaria, conforme legislaçao em vigor, e acrescimo de juros de 1% ao mes, incidentes no 1º dia de cada mes, sobre o valor corrigido.</s>
    <s>A concessao do parcelamento esta condicionada ao pagamento do deposito inicial, calculado em funçao do total do saldo devedor parcelado, com vencimento 15 (quinze) dias apos a solicitaçao do beneficio. As demais parcelas vencerao 30 (trinta) dias apos o pagamento do deposito inicial, sempre no mesmo dia dos meses subsequentes.</s>
    <s>As guias de pagamento do parcelamento serao enviadas pelo correio e poderao ser quitadas, ate a data de sua validade, na rede bancaria conveniada da PBH e seus correspondentes.</s>
    <s>O pagamento das parcelas podera ser efetivado atraves debito em conta corrente, obtendo os seguintes beneficios:</s>
    <s>I - em se tratando de ISSQN, confessado ou denunciado espontaneamente, na reduçao para 10% (dez por cento) da multa moratoria, conforme previsto no inciso IV do art. 8º da Lei nº 7.378/97, com redaçao dada pelo art. 14 da Lei nº 8405, de 05 de julho de 2002;</s>
    <s>II - em se tratando de creditos inscritos em divida ativa, no desconto de 10% (dez por cento) sobre o valor da parcela quitada nesta opçao, conforme previsto no art. 12B da Lei nº 7378/97, acrescentado pelo art. 16 da Lei nº 8405/02.</s>
    <s>- AIDF E CND</s>
    <s>Podem ser requeridas apos a efetivaçao do pedido de parcelamento atraves do pagamento da parcela de entrada e a inclusao do credito no sistema.</s>
    <s>- 2ª VIA DE GUIA</s>
    <s>A guia podera ser retirada nas Administraçoes Regionais ou na Central de Atendimento, localizada a Rua Espirito Santo nº 593, de 8:00 as 17:00 horas. Para retirar a guia devem ser fornecidos os numeros da inscriçao municipal e do parcelamento.</s>
    <s>!PERDÃO DE DÉBITO</s>
    <s>- DEFINIÇÃO</s>
    <s>O perdao de debito pode ser requerido para quaisquer impostos ou taxas, desde que o contribuinte prove sua incapacidade financeira para pagar o tributo. Conforme o resultado da analise fiscal, o perdao podera ser parcial, total ou indeferido.</s>
    <s>- PESSOA JURÍDICA</s>
    <s>Apresentar-se no Plantao Fiscal, a Rua Espirito Santo nº 593, de 13:00 as 17:00 horas, para avaliaçao fiscal e obtençao da relaçao de documentos, se for o caso.</s>
    <s>- PESSOA FÍSICA</s>
    <s>Apresentar na Central de Atendimento da GETM , localizada na Rua Espirito Santo nº 593, os seguintes documentos:</s>
    <s>Requerimento, em 2 (duas) vias, contendo:</s>
    <s>- nome;</s>
    <s>- numero da carteira de identidade e do CPF;</s>
    <s>- endereço completo e telefone;</s>
    <s>- identificaçao e descriçao do debito (tributo, referencia, lançamento);</s>
    <s>- declaraçao de incapacidade para pagamento do debito;</s>
    <s>copia da carteira de identidade e CPF do requerente;</s>
    <s>comprovante de marcaçao da entrevista com a Gerencia de Serviço Social - GESSO para analise socio-economica;</s>
    <s>original e copia da procuraçao, acompanhada de copia da carteira de identidade e do CPF do procurador, quando for o caso.</s>
    <s>A entrevista para analise socio-economica sera marcada no momento do protocolo do pedido.</s>
    <s>!REGIME ESPECIAL</s>
    <s>A Gerencia de Tributos Mobiliarios podera estabelecer regime especial para o cumprimento das obrigaçoes acessorias, bem como dispensar livros e documentos fiscais. O contribuinte deve requerer o regime especial em uma de nossas Administraçoes Regionais ou ainda na Central de Atendimento da GETM, localizada na Rua Espirito Santo nº 593, Centro.</s>
    <s>Documentos exigidos</s>
    <s>Requerimento, em 2 (duas) vias, contendo:</s>
    <s>- Razao ou Denominaçao Social;</s>
    <s>- numero do CNPJ;</s>
    <s>- numero da Inscriçao Municipal;</s>
    <s>- endereço completo;</s>
    <s>- justificativa do pedido;</s>
    <s>- nome, endereço completo e telefone do responsavel pela solicitaçao.</s>
    <s>copia do documento de constituiçao da empresa ou eventuais alteraçoes, estampando a clausula concernente a administraçao da pessoa juridica;</s>
    <s>copia de documento(s) que o requerente julgar imprescindivel(is) para analise do pedido de regime especial;</s>
    <s>copia do despacho de concessao do regime especial , no caso de requerimento de cancelamento de regime especial.</s>
    <s>- quando se tratar de regime especial para ordem de serviço o requerimento devera cita-la;</s>
    <s>- quando se tratar de emissao de notas fiscais confeccionadas pelo proprio contribuinte, anexar o respectivo modelo;</s>
    <s>- quando se tratar de regime especial de escrituraçao para o LIVRO DE MOVIMENTAÇÃO DE ENTRADA E SAÍDA DE VEÍCULOS, anexar copia da primeira pagina do livro autenticado no DETRAN;</s>
    <s>- quando se tratar de notas fiscais em conjunto com o Estado, anexar copia da autorizaçao de impressao do respectivo orgao.</s>
    <s>!RELATÓRIO DE CRÉDITOS TRIBUTÁRIOS</s>
    <s>O contribuinte deve solicitar o relatorio em uma de nossas Administraçoes Regionais ou ainda na Central de Atendimento da GETM, localizada na Rua Espirito Santo nº 593, Centro.</s>
    <s>Documentos exigidos</s>
    <s>Requerimento, em 2 (duas vias), contendo:</s>
    <s>- Razao ou Denominaçao Social;</s>
    <s>- numero do CNPJ;</s>
    <s>- numero da Inscriçao Municipal;</s>
    <s>- endereço completo;</s>
    <s>- identificaçao do(s)tributo(s) e do periodo referente ao pedido;</s>
    <s>- justificativa do pedido.</s>
    <s>documento de constituiçao da empresa ou eventuais alteraçoes, estampando a clausula concernente a administraçao da pessoa juridica;</s>
    <s>original e copia da procuraçao, acompanhada de copia da carteira de identidade e do CPF do procurador, quando for o caso.</s>
    <s>O contribuinte deve requerer restituiçao do indebito tributario em uma de nossas Administraçoes Regionais ou ainda na Central de Atendimento da GETM, localizada na Rua Espirito Santo nº 593, Centro.</s>
    <s>Documentos exigidos</s>
    <s>PESSOA JURÍDICA</s>
    <s>Formulario RESTITUIÇÃO DE INDÉBITO em 2 (duas) vias, devidamente preenchido e assinado pelo representante legal;</s>
    <s>copia do documento de constituiçao da empresa ou eventuais alteraçoes, estampando a clausula concernente a administraçao da pessoa juridica;</s>
    <s>declaraçao esclarecendo a origem do credito objeto do pedido de restituiçao, devidamente assinada pelo representante legal;</s>
    <s>Certidao Negativa de Debitos, modalidade Quitaçao Plena Pessoa Juridica, emitida pela Prefeitura de Belo Horizonte</s>
    <s>original(is) e copia da(s) guia(s) paga(s) que motivou(ram) o pedido de restituiçao:</s>
    <s>- no caso de guia(s) paga(s) por debito automatico, apresentar pelo menos uma guia com o numero do identificador e um documento bancario comprovando o titular da conta corrente debitada;</s>
    <s>- quando se tratar de ISSQN Retido na Fonte (tributo 014) e a empresa tomadora do serviço nao fornecer as guias originais, deverao ser apresentadas copias autenticadas em Cartorio acompanhadas de uma declaraçao fornecida pelo tomador dos serviços informando que as guias originais encontram-se a disposiçao do fisco municipal no endereço declarado;</s>
    <s>- original e copia do Recibo de Retençao na Fonte emitido pelo tomador de serviços atraves do programa BH ISS DIGITAL correspondente a guia de ISSQN - RETIDO NA FONTE ( tributo 014) objeto da restituiçao, se for o caso;</s>
    <s>- no caso de pagamento em duplicidade ou por erro na determinaçao do valor a ser recolhido (somente para ISSQN), copia da(s) folha(s) do livro de Serviços Prestados (refencia(s) ate 10/2003) e protocolo de envio da DES juntamente com o relatorio de notas fiscais emitidas para as referencias posteriores a 10/2003.</s>
    <s>Caso o requerimento seja assinado por procurador, anexar copia da procuraçao com firma reconhecida, se por instrumento particular, concedendo poderes ao mandatario para abrir processos e/ou receber o credito objeto da restituiçao. Anexar ainda copia da identidade e CPF do procurador.</s>
    <s>PESSOA FÍSICA</s>
    <s>Formulario REQUERIMENTO - RESTITUIÇÃO DE PESSOA FÍSICA, em 2 (duas) vias, devidamente preenchido e assinado pelo representante legal;</s>
    <s>copia da carteira de identidade e CPF do contribuinte;</s>
    <s>original(is) e copia(s) da(s) guia(s) paga(s), motivo da restituiçao (frente e verso, caso a autenticaçao esteja no verso);</s>
    <s>Obs.: no caso de guia(s) paga(s)por debito automatico, apresentar pelo menos uma guia com o numero do identificador e um documento bancario comprovando o titular da conta corrente debitada;</s>
    <s>original e copia da procuraçao, concedendo poderes ao mandatario para abrir processos e/ou receber o credito objeto de restituiçao, acompanhada de copia da carteira de identidade e do CPF do procurador, quando for o caso.</s>
    <s>- ISSQN RETIDO NA FONTE</s>
    <s>Formulario REQUERIMENTO - RESTITUIÇÃO DE PESSOA FÍSICA, em 2 (duas) vias, devidamente preenchido e assinado pelo representante legal;</s>
    <s>declaraçao com dados bancarios, devidamente preenchida e assinada pelo contribuinte;</s>
    <s>copia da Carteira de Identidade e do CPF;</s>
    <s>original e copia da guia de ISSQN com a quitaçao do ultimo trimestre corrente;</s>
    <s>copia(s) da(s) guia(s) de ISSQN- Retido na Fonte (tributo 014) paga(s), motivo da restituiçao (frente e verso);</s>
    <s>original(is) e copia(s) da(s) guia(s) paga(s), motivo da restituiçao (frente e verso, caso a autenticaçao esteja no verso);</s>
    <s>Obs.: no caso de guia(s) paga(s)por debito automatico, apresentar pelo menos uma guia com o numero do identificador e um documento bancario comprovando o titular da conta corrente debitada;</s>
    <s>copia do comprovante de retençao na fonte emitida pelo tomador de serviços atraves do programa BH ISS DIGITAL;</s>
    <s>declaraçao fornecida pelo tomador do serviço especificando a natureza do serviço prestado (declaraçao esclarecendo qual serviço foi prestado. Ex.: serviço de engenharia civil, serviço medico, serviço de mecanica de automoveis, etc.)</s>
    <s>original e copia da procuraçao, concedendo poderes ao mandatario para abrir processos e/ou receber o credito objeto de restituiçao, acompanhada de copia da carteira de identidade e do CPF do procurador, quando for o caso.</s>
    <s>!TAXAS MOBILIÁRIAS</s>
    <s>TAXA DE FISCALIZAÇÃO DE ENGENHOS DE PUBLICIDADE - TFEP</s>
    <s>- FATO GERADOR</s>
    <s>A fiscalizaçao exercida pelo Municipio sobre a instalaçao e a manutençao de engenho de publicidade.</s>
    <s>- CONTRIBUINTE</s>
    <s>Proprietario do engenho de publicidade.</s>
    <s>- BASE DE CÁLCULO</s>
    <s>Tamanho; veiculaçao; iluminaçao; movimento e tipo de mensagem.</s>
    <s>- ISENÇÃO</s>
    <s>Sao isentos da TFEP os engenhos de publicidade:</s>
    <s>a)destinados, exclusivamente, a identificaçao de:</s>
    <s>1 - orgao e entidade da Uniao, Estado e Municipio;</s>
    <s>2 - via, logradouro publico e numeral de edificaçao;</s>
    <s>3 - sinalizaçao de transito de veiculo e de pedestre;</s>
    <s>4 - templo de qualquer culto e de instituiçao de educaçao e assistencia social que goze de imunidade;</s>
    <s>b) instalados em:</s>
    <s>1 - fachada de casa de diversao publica, com a finalidade de divulgar atraçao musical, teatral, filme e congeneres;</s>
    <s>2 - canteiro de obra de construçao civil exigido pela legislaçao especifica;</s>
    <s>3 - caixa de correio e orelhao quando se restringe a identificaçao do prestador do serviço a que se vinculam;</s>
    <s>4 - em lixeira, quando nao ultrapassar 40% (quarenta por cento) de sua area frontal;</s>
    <s>5 - veiculo automotor, exclusivamente, quando identificador do respectivo estabelecimento;</s>
    <s>c) nos limites do imovel particular, cuja soma das areas dos engenhos, em um mesmo imovel ou estabelecimento, nao exceda a 1,00 m² (um metro quadrado);</s>
    <s>d) que contenha, exclusivamente, mensagem com os dizeres &quot;vende-se&quot;, &quot;aluga-se&quot;, &quot;liquidaçao&quot; ou similar;</s>
    <s>e) executado com material perecivel como papel, papelao ou similar;</s>
    <s>f) faixa ou estandarte, com area igual ou inferior a 1,00 m² (um metro quadrado);</s>
    <s>g) fixado em parque, area verde, praça e canteiro adotado, desde que se restrinja a identificaçao do adotante.</s>
    <s>h) de propriedade de clube de esporte amador, previamente licenciado e instalado no imovel onde o clube desenvolve suas atividades.</s>
    <s>LEGISLAÇÃO: Lei 5641/89 com a nova redaçao da Lei 8.725/03, Lei 5.839/90, Lei 7131/96, Decreto 9232/97 e Decreto 11.686/04.</s>
    <s>TAXA DE FISCALIZAÇÃO DE LOCALIZAÇÃO E FUNCIONAMENTO - TFLF</s>
    <s>- FATO GERADOR</s>
    <s>O poder de policia exercido pelo Municipio sobre a localizaçao de estabelecimentos comerciais, industriais e de prestaçao de serviços, bem como o seu funcionamento em observancia a Lei de Uso e Ocupaçao do Solo e as posturas municipais relativas a segurança, a ordem, a tranquilidade publicas e ao meio ambiente.</s>
    <s>- CONTRIBUINTE</s>
    <s>É a pessoa fisica ou juridica titular dos estabelecimentos mencionados.</s>
    <s>LEGISLAÇÃO: Leis 5641/89, 6809/94.</s>
    <s>TAXA DE FISCALIZAÇÃO SANITÁRIA - TFS</s>
    <s>- FATO GERADOR</s>
    <s>O poder de policia exercido pelo Municipio sobre locais e instalaçoes onde sao fabricados, produzidos, manipulados, acondicionados, conservados, depositados, armazenados, transportados, distribuidos, vendidos ou consumidos alimentos, bem como o exercicio de outras atividades pertinentes a saude publica.</s>
    <s>- CONTRIBUINTE</s>
    <s>É a pessoa fisica ou juridica, titular do estabelecimento que exerça quaisquer das atividades previstas acima.</s>
    <s>TAXA DE MANUTENÇÃO DE CEMITÉRIOS MUNICIPAIS - TMCM</s>
    <s>- FATO GERADOR</s>
    <s>Serviços publicos prestados de conservaçao, limpeza e manutençao de cemiterios publicos.</s>
    <s>- CONTRIBUINTE</s>
    <s>Pessoa fisica ou juridica detentora do titulo de perpetuidade de jazigo.</s>
    <s>- VALOR DO PAGAMENTO</s>
    <s>R$ 29,86 por ano, por perpetuidade de jazigo. A guia sera enviada pelo correio com vencimento em 18/12 de cada ano. Nao recebendo a guia ate o vencimento, comparecer a Rua Espirito Santo nº 593, munido de copia do Titulo de Perpetuidade, copia da Carteira de Identidade e do CPF a fim de solicitar 2ª via ou de efetuar o acerto dos dados cadastrais para emissao da guia.</s>
    <s>LEGISLAÇÃO: Lei 7013 de 28/12/95, Decreto 8997 de 18/11/96.</s>
    <s>ÓRGÃO RESPONSÁVEL PELA COBRANÇA</s>
    <s>Gerencia de Tributos Mobiliarios, localizada a Rua Espirito Santo nº 593, Centro.</s>
    <s>As taxas - TFLF, TFS e TFEP - sao pagas, uma vez por ano, em qualquer agencia bancaria, atraves de guia unica. A guia e enviada pelo correio, com vencimento para 10/05 (TFLF e TFS) ou 20/05 (TFEP). Se a guia para pagamento da taxa nao for recebida ate o vencimento, pedir 2ª via na Administraçao Regional mais proxima ou na Central de Atendimento, localizada a Rua Espirito Santo nº 593, de 8:00 as 17:00hs., antes da data de vencimento, mediante apresentaçao da inscriçao municipal.</s>
    <s>REVISÃO DE LANÇAMENTO</s>
    <s>- PRAZO</s>
    <s>O requerimento de revisao podera ser feito ate 30 dias contados da publicaçao do Edital de Lançamento no DOM (Diario Oficial do Municipio) que ocorre na 1ª quinzena do mes de abril do respectivo ano. No caso da Taxa de Manutençao de Cemiterios Municipais o Edital e publicado e publicado na 1ª quinzena de novembro.</s>
    <s>- DOCUMENTOS EXIGIDOS</s>
    <s>PESSOA JURÍDICA</s>
    <s>Requerimento, em duas vias, contendo:</s>
    <s>- Razao ou Denominaçao Social;</s>
    <s>- numero do CNPJ;</s>
    <s>- numero da Inscriçao Municipal;</s>
    <s>- endereço completo;</s>
    <s>- numero do(s) lançamento(s) objeto da reclamaçao;</s>
    <s>- justificativa do pedido.</s>
    <s>copia do documento de constituiçao da empresa e todas alteraçoes, estampando a clausula concernente a administraçao da pessoa juridica;</s>
    <s>copia da Certidao Simplificada e atualizada dos ultimos assentamentos, apenas nas hipoteses em que o documento de constituiçao ou alteraçoes estiverem arquivadas naquele orgao ha mais de 24 (vinte e quatro) meses;</s>
    <s>original e copia da procuraçao, acompanhada de copia da carteir a de identidade e do CPF do procurador, quando for o caso.</s>
    <s>Quando se tratar de reclamaçao sobre area utilizada pela empresa, no requerimento devera constar qual e a area correta.</s>
    <s>PESSOA FÍSICA</s>
    <s>Requerimento, em 2 (duas) vias, contendo:</s>
    <s>- nome;</s>
    <s>- numero da carteira de identidade e do CPF;</s>
    <s>- numero da Inscriçao Municipal;</s>
    <s>- endereço completo;</s>
    <s>- numero do(s) lançamento(s) objeto da reclamaçao;</s>
    <s>- justificativa do pedido.</s>
    <s>copia da carteira de identidade e CPF;</s>
    <s>original e copia da procuraçao, acompanhada de copia da carteira de identidade e do CPF do procurador, quando for o caso.</s>
    <s>- PERDÃO DE DÉBITO</s>
    <s>Ver orientaçoes para requerimento de Perdao de Debito.</s>
    <s>- IMUNIDADE</s>
    <s>Ver orientaçoes para requerimento de reconhecimento de imunidade tributaria.</s>
    <s>37. TRANSAÇÃO DE ISSQN</s>
    <s>O requerimento de transaçao de ISSQN deve ser solicitada na Central de Atendimento, localizada na Rua Espirito Santo nº 593, Centro.</s>
    <s>- Documentos exigidos</s>
    <s>Formulario TRANSAÇÃO DE CRÉDITOS TRIBUTÁRIOS, em 2 (duas) vias, devidamente preenchido e assinado pelo representante legal;</s>
    <s>documento de constituiçao da empresa ou eventuais alteraçoes, estampando a clausula concernente a administraçao da pessoa juridica;</s>
    <s>original e copia da procuraçao, acompanhada de copia da carteira de identidade e do CPF do procurador, quando for o caso (VER OBSERVAÇÕES) ;</s>
    <s>no caso de Transaçao de ISSQN referente a LOCAL DE INCIDÊNCIA ( item 3.6 do formulario) o contribuinte devera apresentar:</s>
    <s>- Alvara de Localizaçao e Funcionamento e Ficha de Inscriçao Cadastral do municipio de Belo Horizonte;</s>
    <s>- se o cadastramento ja tiver sido efetuado de oficio pelo fisco, apresentar uma declaraçao, confirmando os dados constantes no Cadastro Mobiliario ou, se for o caso, fornecendo os dados que devam ser alterados.</s>
    <s>- OBSERVAÇÕES</s>
    <s>1 - A Procuraçao deve ser constituida para este fim conforme determinaçao do paragrafo unico do art. 2º do Decreto 12.319/06 e do art. 38 do Codigo de Processo Civil.;</s>
    <s>2 - o requerimento de transaçao de creditos de ISSQN, ainda nao lançados, originados de denuncia espontanea, devera ser acompanhado do Termo de Denuncia, Confissao de Divida e Compromisso, de acordo com o item n° 9 (nove) do formulario constante do Anexo Único deste Decreto, onde serao demonstrados todos os valores reconhecidos e declarados como devidos nos ultimos 60 (sessenta) meses;</s>
    <s>3 - para que seja admitida a transaçao nos casos de conflito de competencia sobre o local da incidencia do Imposto Sobre Serviços de Qualquer Natureza -ISSQN, prevista no art. 2º da Lei n° 9.158/06, e necessario que a pessoa juridica requerente comprove a regularizaçao formal do estabelecimento prestador neste Municipio e o seu cadastramento na Prefeitura de Belo Horizonte;</s>
    <s>Legislaçao vigente: Lei 9.158/06, Decreto 12.319/06 e Decreto 12926/07.</s>
    <s>Ambos estao disponiveis para consulta no site www.fazenda.pbh.gov.br</s>
    <s>!TRANSFERÊNCIA DE CRÉDITO</s>
    <s>A solicitaçao de transferencia do credito deve ser feita em uma de nossas Administraçoes Regionais ou ainda na Central de Atendimento da GETM, localizada na Rua Espirito Santo nº 593, Centro.</s>
    <s>- Documentos exigidos</s>
    <s>PESSOA JURÍDICA</s>
    <s>Requerimento, em duas vias, contendo:</s>
    <s>- Razao ou Denominaçao Social;</s>
    <s>- numero do CNPJ;</s>
    <s>- numero da Inscriçao Municipal;</s>
    <s>- endereço completo;</s>
    <s>- Nome responsavel para contato e e-mail;</s>
    <s>- justificativa do pedido.</s>
    <s>documento de constituiçao da empresa ou eventuais alteraçoes, estampando a clausula concernente a administraçao da pessoa juridica ;</s>
    <s>original(is) e copia(s) da(s) guia(s) que motivou (aram) a transferencia de credito;</s>
    <s>copia da folha do Livro de Serviços Prestados (para referencias ate 10/2003) e / ou protocolo de entrega da DES (para referencias posteriores a 10/2003);</s>
    <s>no caso de transferencia de credito por erro na determinaçao do contribuinte deverao ser apresentados:</s>
    <s>- declaraçao do contribuinte, assinada pelo representante legal, pessoa fisica ou juridica, que teve o pagamento creditado em seu nome, afirmando que tal pagamento nao foi efetuado por ele e autorizando a transferencia deste credito;</s>
    <s>- documento de constituiçao social ou eventuais alteraçoes, estampando a clausula concernente a administraçao da pessoa juridica ;</s>
    <s>original e copia da guia referente ao pagamento dos gravames (juros de mora e multa) nos casos de transferencia do credito tributario para referencia anterior a do credito a ser transferido.</s>
    <s>PESSOA FÍSICA (ISSQN proprio ou taxas)</s>
    <s>requerimento, em duas vias, contendo:</s>
    <s>- nome;</s>
    <s>- numero da carteira de identidade e do CPF;</s>
    <s>- numero da Inscriçao Municipal;</s>
    <s>- endereço completo;</s>
    <s>- justificativa do pedido.</s>
    <s>original(is) e copia(s) da(s) guia(s) paga(s);</s>
    <s>copia da carteira de identidade e do CPF;</s>
    <s>no caso de transferencia de credito por erro na determinaçao do contribuinte, deverao ser apresentados:</s>
    <s>- declaraçao do contribuinte pessoa fisica que teve o pagamento creditado em seu nome, afirmando que tal pagamento nao foi efetuado por ele e autorizando a transferencia deste credito;</s>
    <s>- copia da carteira de identidade e do CPF do contribuinte que emitiu a declaraçao acima.</s>
    <s>PESSOA FÍSICA (ISSQN retido na fonte - somente para profissional autonomo que tenha comunicado o encerramento das atividades)</s>
    <s>requerimento, em 2 (duas) vias, contendo:</s>
    <s>- Razao ou Denominaçao Social;</s>
    <s>- numero do CNPJ;</s>
    <s>- numero da Inscriçao Municipal;</s>
    <s>- endereço completo;</s>
    <s>- justificativa do pedido.</s>
    <s>copia da carteira de identidade e CPF;</s>
    <s>copia autenticada da(s) guia(s) de ISSQN - Retido na Fonte (tributo 014) paga(s), objeto da transferencia;</s>
    <s>copia do(s) Recibo(s) de Retençao na Fonte emitido(s) pelo tomador de serviços atraves do programa BH ISS DIGITAL correspondente a(s) guia(s) de ISSQN - Retido na Fonte objeto da transferencia;</s>
    <s>protocolo de pedido de baixa da inscriçao municipal;</s>
    <s>copia da procuraçao, acompanhada de copia da carteira de identidade e do CPF do procurador, quando for o caso.</s>
    <s>lang=pt BR&amp;</s>
    <s>lang=pt BR&amp;</s>
    <s>lang=pt BR&amp;</s>
    <s>lang=pt BR&amp;</s>
    <s>lang=pt BR&amp;</s>
    <s>lang=pt BR&amp;</s>
    <s>lang=pt BR&amp;</s>
    <s>lang=pt BR&amp;</s>
    <s>lang=pt BR&amp;</s>
  </text>
</page>
