<?xml version="1.0" encoding="UTF-8"?>
<!DOCTYPE page SYSTEM "page.dtd">
<page>
  <lang>pt</lang>
  <url>http://tecnologiaviva.com.br/index.php/component/content/article/21-linux/10705-submissao-de-trabalhos-para-o-linuxcon-brasil-2011</url>
  <title>Submissão de trabalhos para o LinuxCon Brasil 2011</title>
  <snippet>
    <s>16 set. 2011 Submissão de trabalhos para o LinuxCon Brasil 2011 reunir uma combinação única de desenvolvedores do kernel, administradores de sistemas, A conferência foi criada para encorajar a colaboração e apoiar as futuras </s>
  </snippet>
  <text>
    <s>Voltar ao Topo!</s>
    <s>Sábado,Outubro 15,2011</s>
    <s>Text Size</s>
    <s>Mais Acessados</s>
    <s>Calendário de Eventos</s>
    <s>Submissão de trabalhos para o LinuxCon Brasil 2011</s>
    <s>Array Imprimir Array</s>
    <s>Escrito por Elias Lopes</s>
    <s>Sex, 16 de Setembro de 2011 07:00</s>
    <s>Enviado por Felipe Sentelhas (fsentelhasΘlinuxnewmedia*com*br):</s>
    <s>&quot;Submeta seus trabalhos para o LinuxCon Brasil 2011 até o dia 01 de outubro e faça parte do melhor evento de tecnologia do BrasilTodas as submissões deverão ser entregues antes da meia-noite de 01/10/2011</s>
    <s>A Linux Foundation convida seus membros, desenvolvedores, profissionais Linux, usuários corporativos, executivos, especialistas do mercado de TI, líderes de comunidade, estudantes, imprensa ou qualquer um que tenha interesse em Linux a participar da mais nova conferência sobre Linux da América do Sul. A comunidade experiente de usuários, desenvolvedores e de executivos de Linux do Brasil, fornece uma perspectiva importante para o processo de desenvolvimento e para o futuro do Linux.</s>
    <s>Apoiada atualmente pelos patrocínios Diamond da Globo.com, pelos patrocínios Platinum da Qualcomm e da Intell, pelos patrocínios Gold da Locaweb, Tecla e IBM, Silver pela 4Linux e Impacta e outros patrocinadores, a LinuxCon Brasil vai reunir uma combinação única de desenvolvedores do kernel, administradores de sistemas, usuários, líderes de comunidade e especialistas da indústria, em diversos níveis. A conferência foi criada para encorajar a colaboração e apoiar as futuras interações entre o Brasil e o restante da comunidade global em torno do Linux, incluindo o país no roteiro de eventos mundiais da Linux Foundation. O evento combinará sessões de palestras, tutoriais e encontros para discussão (birds of a feather), nas áreas de desenvolvimento, infraestrutura de TI e negócios. Para saber mais sobre as diretrizes e tópicos para a inscrição de trabalhos, entre no site da Linux Magazine.&quot; [referencia: linuxnewmedia.com.br]</s>
    <s>Notícias Relacionadas</s>
    <s>“Altamente proprietário” Google alega que Microsoft expôs indevidamente código-fonte do Android (12/08/2011)</s>
    <s>Ztop analisa o Galaxy Tab 101 (24/08/2011)</s>
    <s>Zinio para Android leia revistas também no smartphone (18/07/2011)</s>
    <s>Zentyal 22 servidor Linux configurado para PMEs (15/09/2011)</s>
    <s>Xooms americanos começam a receber Android 32 (14/07/2011)</s>
    <s>Adicionar comentário</s>
    <s>Nome (obrigatório)</s>
    <s>E-mail (obrigatório)</s>
    <s>Notifique-me de comentários futuros</s>
    <s>!Código de segurança</s>
  </text>
</page>
