<?xml version="1.0" encoding="UTF-8"?>
<!DOCTYPE page SYSTEM "page.dtd">
<page>
  <lang>pt</lang>
  <url>http://interhotel.com/czech_republic/pt/hoteles/205470.html</url>
  <title>Wellness Hotel Central - Klatovy - Telefone: 37631....</title>
  <snippet>
    <s>O hotel organiza banquetes de casamento, conferências, celebrações, o hotel Wellness Hotel Central utilizando as ligações dos nossos patrocinadores. </s>
  </snippet>
  <text>
    <s>Lua !</s>
    <s>Repa Checa</s>
    <s>Wellness Hotel Central</s>
    <s>Contactar com o hotel</s>
    <s>Pode &quot;&gt;contactar directamente com o Wellness Hotel Central sem passar por intermedios.</s>
    <s>Ou se prefere pode procurar e reservar um hotel em Klatovy utilizando as ligas dos nossos patrocinadores.</s>
    <s>Pedimos desculpa, nfoi possl obter o mapa de &lt;%location name%&gt;</s>
    <s>Pontos de interesse pros:</s>
    <s>Prague-Ruzyne Airport (104.85 Km)</s>
    <s>Prague (city center) (113.70 Km)</s>
    <s>Munich (city center) (187.00 Km)</s>
    <s>Outros hot em Klatovy</s>
    <s>Hotel Garni (550 m.)</s>
    <s>Hotel Garni Karafiat (700 m.)</s>
    <s>Hotel Rozvoj (1000 m.)</s>
    <s>Hotel Nova Koruna (16.35 Km)</s>
    <s>Wellness Hotel Central</s>
    <s>Masarykova, 300/II, Klatovy 33901 , Plzen (Repa Checa)</s>
    <s>Descri do hotel</s>
    <s>O Hotel Wellness Central oferece uma ampla gama de servi e instalas, entre os quais se destacam a sauna e o restaurante, bem como o servide quartos e o servide secretariado. O hotel organiza banquetes de casamento, conferias, celebras, congressos, cursos e bailes.</s>
    <s>Wellness Hotel Central</s>
    <s>Nome cliente (*)</s>
    <s>E-mail cliente (*)</s>
    <s>Assunto da opini(*)</s>
    <s>Texto da opini(*)</s>
    <s>avalia (*)</s>
    <s>Introduzir o texto mostrado na imagem (*)</s>
    <s>Os campos marcados com asterisco (*) sobrigats</s>
    <s>Esta opinidos usuos , na de interhotel.com.</s>
    <s>Nermitido realizar comentos contros egisla ou injuriosos..</s>
    <s>Reservamos o direito de eliminar os comentos que consideramos serem estranhos ao assunto..</s>
    <s>A sua direc de email srtilizada para o informar sobre o estado desta opini.</s>
    <s>Wellness Hotel Central</s>
    <s>Dados para contacto</s>
    <s>!Telefone: 37631 .</s>
    <s>!Fax: 37631 .</s>
    <s>Contactar com o hotel Wellness Hotel Central</s>
    <s>Nome (*)</s>
    <s>Correio electro (*)</s>
    <s>Telefone (*)</s>
    <s>Data de entrada</s>
    <s>Data de sa</s>
    <s>N de pessoas</s>
    <s>Mensagem (*)</s>
    <s>Os campos marcados com asterisco (*) sobrigats</s>
    <s>Introduzir o texto mostrado na imagem !Wellness Hotel Central</s>
    <s>Pode pesquisar e reservar o hotel Wellness Hotel Central utilizando as ligas dos nossos patrocinadores.</s>
    <s>NH Hoteles</s>
    <s>Se roprieto e deseja modificar os dados do seu hotel, clique aqui.</s>
    <s>Destinos mais procurados</s>
    <s>Hoteis mais procurados</s>
    <s>Deseja registar o seu hotel?</s>
    <s>(C) INTERHOTEL.COM - ALL RIGHTS RESERVED</s>
  </text>
</page>
