<?xml version="1.0" encoding="UTF-8"?>
<!DOCTYPE page SYSTEM "page.dtd">
<page>
  <lang>pt</lang>
  <url>http://joaobadeco.com/component/content/article/39-colinas/223-colinense-membro-do-parlamento-juvenil-do-mercosul-participa-de-conferencia-no-espirito-santo</url>
  <title>Colinense membro do Parlamento Juvenil do Mercosul participa de ...</title>
  <snippet>
    <s>28 set. 2011 Participantes da Conferência do Parlamento Juvenil, no ES. Aconteceu nos dias 22, 23 e 24 de setembro, na cidade de Guarapari, no Espírito </s>
  </snippet>
  <text>
    <s>Colinense membro do Parlamento Juvenil do Mercosul participa de conferência no Espírito Santo</s>
    <s>Avaliação do Usuário:!!!!/ 1</s>
    <s>Escrito por Badeco</s>
    <s>Qua, 28 de Setembro de 2011 16:15</s>
    <s>Adão Randerson participou de conferência do PJM no ES</s>
    <s>Participantes da Conferência do Parlamento Juvenil, no ES</s>
    <s>Aconteceu nos dias 22, 23 e 24 de setembro, na cidade de Guarapari, no Espírito Santo, a Conferência do Parlamento Juvenil do Mercosul, espaços públicos e democráticos de discussão de políticas públicas para a educação.</s>
    <s>Membro do Parlamento e representante do Estado do Maranhão, o colinense Adão Randerson Barros Lima foi um dos participantes.</s>
    <s>Pra quem não conhece, o projeto Parlamento Juvenil do MERCOSUL é uma ação contemplada dentro do plano estratégico do setor educativo do MERCOSUL e foi pensado para atingir o objetivo de contribuir para a integração regional, acordando e executando políticas educativas que promovam uma cidadania regional, uma cultura de paz e o respeito pela democracia, pelos direitos humanos e pelo meio ambiente.</s>
    <s>O projeto é formado em conjunto pelos Ministérios de Educação do Brasil, Uruguai, Paraguai, Argentina, Bolívia e Colômbia. Seu objetivo principal é abrir espaços de participação, possibilitando que jovens possam debater e trocar idéias sobre temas atuais e importantes.</s>
    <s>Originada por personalidades regionais distintas, composta de um representante por estado, num total de 27, a Delegação Brasileira se instituiu e amamentou a esperança de uma entidade representativa que consolidaria os sonhos de muitos jovens: a melhoria da educação.</s>
    <s>Em consonância com o Plano de Trabalho elaborado e aprovado pelos Parlamentares Juvenis do Mercosul brasileiros, o estado do Espírito Santo realizou a II Conferência do projeto no país e a primeira no estado.</s>
    <s>No final do evento foi entregue a autoridades um documento propositivo com o diagnóstico da atual situação da educação no estado e as propostas dos jovens para resolver os problemas levantados.</s>
    <s>E a próxima conferência será realizada no mês de dezembro, no Maranhão.</s>
    <s>&lt; Anterior</s>
    <s>Próximo &gt;</s>
    <s>Última atualização em Qua, 28 de Setembro de 2011 16:24</s>
    <s>Mural de Recados</s>
    <s>Qual a personalidade mais importante da história de Colinas?</s>
    <s>Antonio Carlos Oliveira Benedito Carlos de Sá Brigadeiro Ruy Moreira Lima Carlito Couto Carlos Brandão (deputado) Carlos Brandão (pai) Chico Vei Coronel Trajano Brandão Doutor Osano Brandão Des. Bento Moreira Lima Everton Costa Frutuoso Sobrinho Gonçalo Banana Gonçalo Moreira Lima Jaldo Moreira Joacy José dos Santos João Batista Macedo Costa José Henrique Brandão José Maria Lima Juarez Macedo Lêda Costa Maria da Paz Macedo Maria José MCosta (Didé) Nagib Moreira Lima Prof. Macedo Raimunda Nonata da Silva Ribamar Oliveira Tontonho Tony Macedo Costa Valmira Miranda</s>
    <s>Exibir Detalhes</s>
    <s>Contador de Visitas</s>
    <s>Ja visitaram este blog</s>
    <s>Curta-nos no Facebook</s>
    <s>Sem Iframes</s>
    <s>Quem está Online?</s>
    <s>Nós temos 10 visitantes online</s>
    <s>Copyright © - Blog do Badeco - Produzido por: Júnior e Marcos Vinícius \ Telefones: (99)8121-2344 (99)8164-3858</s>
  </text>
</page>
