<?xml version="1.0" encoding="UTF-8"?>
<!DOCTYPE page SYSTEM "page.dtd">
<page>
  <lang>pt</lang>
  <url>http://falario.com.br/2011/08/17/prefeitura-cria-comite-organizador-da-cidade-para-a-conferencia-da-onu-rio20/</url>
  <title>Prefeitura cria Comitê Organizador da Cidade para a Conferência da ...</title>
  <snippet>
    <s>Prefeitura cria Comitê Organizador da Cidade para a Conferência da ONU Rio+20. redacao | agosto 17, 2011 | Prefeitura RJ | 0 Comments. Share on Facebook </s>
  </snippet>
  <text>
    <s>Fala Rio</s>
    <s>Cotidiano Carioca,Lazer &amp; Comunidades&lt;!-- google ad client = &quot;pub-2378057595184937&quot;; google alternate color = &quot;FFFFFF&quot;; google ad width = 160; google ad height = 600; google ad format = &quot;160x600 as&quot;; google ad type = &quot;text image&quot;; google ad channel =&quot;&quot;; google color border = &quot;FFFFFF&quot;; google color link = &quot;0000FF&quot;; google color bg = &quot;FFFFFF&quot;; google color text = &quot;000000&quot;; google color url = &quot;008000&quot;; google ui features = &quot;rc:6&quot;; //--&gt;</s>
    <s>&lt;!-- google ad client = &quot;pub-2378057595184937&quot;; google alternate color = &quot;FFFFFF&quot;; google ad width = 468; google ad height = 60; google ad format = &quot;468x60 as&quot;; google ad type = &quot;text image&quot;; google ad channel =&quot;&quot;; google color border = &quot;FFFFFF&quot;; google color link = &quot;0000FF&quot;; google color bg = &quot;FFFFFF&quot;; google color text = &quot;000000&quot;; google color url = &quot;008000&quot;; google ui features = &quot;rc:6&quot;; //--&gt;&lt;!-- google ad client = &quot;pub-2378057595184937&quot;; /300x250, criado 03/09/11 */ google ad slot = &quot;0047340645&quot;; google ad width = 300; google ad height = 250; //--&gt;</s>
    <s>&lt;!-- google ad client = &quot;pub-2378057595184937&quot;; /468x60, criado 29/08/11 */ google ad slot = &quot;2430263531&quot;; google ad width = 468; google ad height = 60; //--&gt;</s>
    <s>window.fbAsyncInit = function() { if ( FB &amp;&amp; FB.init ){ FB.init( {appId: '112525318826474', status: true, cookie: true, xfbml: true }); } }; (function() { var e = document.createElement('script'); e.async = true; e.src = &quot;http://connect.facebook.net/pt BR/all.js&quot;; document.getElementById('fb-root').appendChild(e); }()); var gaq = gaq || ; gaq.push(' setAccount', 'UA-12485099-3'); gaq.push(' trackPageview'); (function() { var ga = document.createElement('script'); ga.type = 'text/javascript'; ga.async = true; ga.src = ('https:' == document.location.protocol ? 'https://ssl' : 'http://www') + '.google-analytics.com/ga.js'; var s = document.getElementsByTagName('script'); s.parentNode.insertBefore(ga, s); })(); 2010-2011 - Fala Rio Notícias da Web - Copyright Cahuê Serviços de Internet. www.cahue.com.br</s>
  </text>
</page>
