<?xml version="1.0" encoding="UTF-8"?>
<!DOCTYPE page SYSTEM "page.dtd">
<page>
  <lang>pt</lang>
  <url>http://ufrb.edu.br/agencia/externas/1704-chamada-de-trabalhos-para-a-2o-conferencia-de-economia-solidaria</url>
  <title>Chamada de Trabalhos para a 2ª Conferência de Economia Solidária</title>
  <snippet>
    <s>30 abr. 2010 Warning: session_start() [function.session-start]: Cannot send session Chamada de Trabalhos para a 2ª Conferência de Economia Solidária </s>
  </snippet>
  <text>
    <s>Atalho: Menu Principal</s>
    <s>Atalho: Pesquisar</s>
    <s>Atalho: Conteúdo</s>
    <s>Agência de Notícias</s>
    <s>Alto Contraste Cor Normal English Español</s>
    <s>Mapa do Site</s>
    <s>InícioExternasChamada de Trabalhos para a 2ª Conferência de Economia Solidária</s>
    <s>Chamada de Trabalhos para a 2ª Conferência de Economia Solidária</s>
    <s>| Imprimir |</s>
    <s>Sex, 30 de Abril de 2010 06:44</s>
    <s>UFRB na Mídia</s>
    <s>Banco de Imagens</s>
    <s>Guia de Fontes</s>
    <s>Envie sua Notícia</s>
    <s>Próximos Eventos</s>
    <s>31/10 - 04/11 V Simpósio do Papaya Brasileiro</s>
    <s>07/11 - 11/11 IV Congresso Internacional de Filosofia da Psicanálise</s>
    <s>19/11 I SERMATA - Seminário Regional de Experiências em Conservação da Mata Atlântica no Recôncavo S </s>
    <s>UFRB - Reitoria - Campus Universitário de Cruz das Almas - Centro - Cruz das Almas/BA - 44.380-000 - Desenvolvido com Joomla!.</s>
  </text>
</page>
