<?xml version="1.0" encoding="UTF-8"?>
<!DOCTYPE page SYSTEM "page.dtd">
<page>
  <lang>pt</lang>
  <url>http://empregos.trovitbrasil.com.br/revisor-rio</url>
  <title>Emprego revisor rio - Trovit Empregos</title>
  <snippet>
    <s>24 ago. 2011 Oferecemos todas as ofertas de emprego para revisor rio. profissional para visitar as facções para conferência da produção e revisão das </s>
  </snippet>
  <text>
    <s>Sua vaga de revisor rio está aquiO Trovit é o maior buscador de anúncios de empregos do Brasil.</s>
    <s>Imóveis Carros Empregos Produtos</s>
    <s>Exemplos: revisor rio janeiro, revisor textos rio, revisor rio sul</s>
    <s>Login | Cadastre-se</s>
    <s>Cadastre seu CV</s>
    <s>Lista| Favoritos ( 0 )</s>
    <s>Deseja salvar estes anúncios? Registre-se em myTrovit</s>
    <s>Apagar todos</s>
    <s>Empregos revisor rio</s>
    <s>1-10 de 28 vagas de emprego</s>
    <s>Mostrar filtros »</s>
    <s>Salve esta pesquisa e receba os anúncios do seu interesse!</s>
    <s>Buscas similares a &quot;revisor rio&quot;:</s>
    <s>revisor rio janeiro</s>
    <s>revisor textos rio</s>
    <s>revisor rio sul</s>
    <s>revisor rio grande</s>
    <s>revisor texto rio janeiro</s>
    <s>revisor textos rio janeiro</s>
    <s>revisor rio grande sul</s>
    <s>revisor rio janeiro curriculo</s>
    <s>vaga revisor rio janeiro</s>
    <s>revisor textos no rio janeiro</s>
    <s>letras revisor texto rio janeiro</s>
    <s>revisor texto no rio janeiro</s>
    <s>Empregos no seu e-mail:receba alertas grátisOrdenar por: Relevância Data</s>
    <s>Revisor - Rio de Janeiro Confidencial</s>
    <s>Rio de Janeiro | Empregos Rio De Janeiro</s>
    <s>Realizar a revisão ortográfica e gramatical dos materiais desenvolvidos pela área de soluções educacionais em diversos formatos (como word, </s>
    <s>27/07/2011 em Empregos</s>
    <s>Criar alerta</s>
    <s>Vagas de emprego relacionadas com &quot;revisor rio&quot;: revisor rio janeiro, revisor rio</s>
    <s>Revisor Têxtil - Rio de Janeiro La Estampa Comércio De Tecidos</s>
    <s>Rio de Janeiro | Empregos Rio De Janeiro</s>
    <s>Vaga de revisor têxtil em rio de janeiro. revisão de tecidos para manter conformidade às normas de procedimentos técnicoas de qualidade </s>
    <s>13/09/2011 em Infojobs</s>
    <s>Criar alerta</s>
    <s>Revisor de Vídeo - Rio de Janeiro Tela Brasileira</s>
    <s>Rio de Janeiro | Empregos Rio De Janeiro</s>
    <s>revisor de vídeo revisor de video com nivel tecnico e experiência para acompanhar processo continuo de digitalização de matrizes </s>
    <s>24/08/2011 em TelaBrasileira</s>
    <s>Criar alerta</s>
    <s>Revisor Solda - Porto Alegre</s>
    <s>Porto Alegre Rio Grande do Sul | Empregos Porto Alegre</s>
    <s>: revisor solda , área: outras , cidade: porto alegre </s>
    <s>01/09/2011 em Balcão de Empregos</s>
    <s>Criar alerta</s>
    <s>Revisor / Tradutor - São Paulo</s>
    <s>São Paulo | Empregos São Paulo</s>
    <s>Adicionais ter fácil acesso à osasco rio pequeno salário r$ 1.75000 </s>
    <s>09/09/2011 em Manager online</s>
    <s>Criar alerta</s>
    <s>Vagas de emprego relacionadas com &quot;revisor rio&quot;: revisor livros, revisor textos ingles</s>
    <s>Revisor - Angra dos Reis</s>
    <s>Angra dos Reis Rio de Janeiro | Empregos Angra Dos Reis</s>
    <s>Trabalhar como revisor ambos os sexos cursando ou concluido o ensino superior de português </s>
    <s>Há 1 semana, 3 dias em Trabalhando</s>
    <s>Criar alerta</s>
    <s>Revisor(a) Externo - Rio de Janeiro</s>
    <s>Rio de Janeiro | Empregos Rio De Janeiro</s>
    <s>Empresa atacadista de moda feminina admite profissional com experiência no setor têxtil para atuar com revisão externa de peças. ter disponi </s>
    <s>24/08/2011 em Carreira Fashion</s>
    <s>Criar alerta</s>
    <s>791 Advogado Revisor - Rio de Janeiro</s>
    <s>Rio de Janeiro | Empregos Rio De Janeiro</s>
    <s>2 anos de advocacia, com foco em advocacia bancária. atribuições: trabalhar com direito privado especificadamente em direito bancário nas ár </s>
    <s>10/09/2011 em iNetGiant</s>
    <s>Criar alerta</s>
    <s>Vagas de emprego relacionadas com &quot;revisor rio&quot;: advogado rio janeiro</s>
    <s>Revisor de Montagem – bairro Partenon POA - Porto Alegre</s>
    <s>Porto Alegre Rio Grande do Sul | Empregos Porto Alegre</s>
    <s>Para e-mail: ----@----.br, mencionando no assunto: revisor de montagem. categorias: bairro partenon, ensino médio, porto alegre, revisor </s>
    <s>26/08/2011 em Vagas Poá</s>
    <s>Criar alerta</s>
    <s>Revisor de Tecidos</s>
    <s>Poa Rio Grande do Sul</s>
    <s>Atividades atuar na área de qualidade revisando os tecidos. experiências experiência com têxtil. regime de contratação a combinar </s>
    <s>Há 2 semanas, 5 dias em Manager online</s>
    <s>Criar alerta</s>
    <s>Receba um alerta de novos anúncios com revisor rio</s>
    <s>Próximo »</s>
    <s>revisor rio</s>
    <s>« Filtre sua pesquisa</s>
    <s>Data de publicação</s>
    <s>Salário mensal</s>
    <s>Rio de Janeiro(8)</s>
    <s>Porto Alegre(2)</s>
    <s>Angra Dos Reis(1)</s>
    <s>São Paulo(1)</s>
    <s>Tipo de contrato</s>
    <s>Salve esta pesquisa e receba os anúncios do seu interesse!</s>
    <s>Seu e-mail foi enviado</s>
    <s>Enviar outro e-mail</s>
    <s>Enviar a um amigo</s>
    <s>O seu e-mail</s>
    <s>E-mail do seu amigo</s>
    <s>Receber alertas RSS</s>
    <s>Compartilhar no Facebook</s>
    <s>Compartilhar no Twitter</s>
    <s>Outras pesquisas interessantes:</s>
    <s>yahoo emprego</s>
    <s>emprego assistente rh</s>
    <s>vagas empregos estagiarios</s>
    <s>estágio emprego na barra</s>
    <s>Ofertas de emprego em Portugal:</s>
    <s>emprego centro telemarketing</s>
    <s>estágio trabalho sociocultural</s>
    <s>Ofertas de emprego em Venezuela:</s>
    <s>consultor yaracuy</s>
    <s>personal pub..</s>
    <s>Quem somos | Blog | Os seus anúncios no Trovit | Webmasters | Empregos mais buscados | Empresas | Trovit no seu celular | Ferramentas | Política de Privacidade | Fale conosco</s>
  </text>
</page>
