<?xml version="1.0" encoding="UTF-8"?>
<!DOCTYPE page SYSTEM "page.dtd">
<page>
  <lang>pt</lang>
  <url>http://pt.w3support.net/index.php%3Fdb%3Dso%26id%3D496234</url>
  <title>O tutorial que você recomendaria para aprender PowerShell?</title>
  <snippet>
    <s>Eu vi tutoriais para VBScript escrito para administradores. e especificamente em novembro de 2008, após a conferência PASS, ele postou um quadro grande: </s>
  </snippet>
  <text>
    <s>O tutorial que você recomendaria para aprender PowerShell?</s>
    <s>Sign In</s>
    <s>Top Authors</s>
    <s>Terms of Service</s>
    <s>Contact Us</s>
    <s>Admin Home</s>
    <s>English Language Content</s>
    <s>O tutorial que você recomendaria para aprender PowerShell?</s>
    <s>Gostaria de aprender PowerShell no meu tempo livre.</s>
    <s>Eu já sei um monte de coisas nessa linha (Perl, Ruby, Python, Bash, Cmd.exe) para alavancar um tutorial que seria fantástico.</s>
    <s>Além disso, desde que eu sou um desenvolvedor de software (C , principalmente, mas fez algumas C, C + + alguns, um pouco de Java etc) eu estou procurando algo que não é voltada para o usuário poder usual &quot;, mas para alguém que realmente gosta de ler (e escrever ) EBNFs</s>
    <s>Você sabe de qualquer leitura como tutorial / introdução?</s>
    <s>: powershell tutorials User: Daren Thomas</s>
    <s>Comments for : 496234</s>
    <s>Eu não entendo a observação EBNF. Se você quer dizer que você está procurando algo orientada para uber-nerds, então você pode apenas ler a documentação de referência de A a Z. Tutorials estão no outro extremo da escala de usuário amigável. :312705 wcoenen</s>
    <s>wcoenen - há também alguns pontos em média. Eu vi tutoriais para VBScript escrito para administradores. Eu acho que a maioria dos tutoriais PowerShell será como que, assumindo os administradores é a sua principal audiência :352728 Daren Thomas</s>
    <s>Daren Thomas: Você pode escrever um resumo das respostas para sua pergunta? Este é um recurso valioso. :1581928 Nestor</s>
    <s>Answer: 496657</s>
    <s>Eu gostei destes dois livros:</s>
    <s>Windows PowerShell em Ação por Bruce Payette</s>
    <s>Windows PowerShell Pocket Reference por Lee Holmes</s>
    <s>Além disso, verificar esses sites:</s>
    <s>MS Script Center</s>
    <s>Scripting com o Windows PowerShell</s>
    <s>O blog PowerShell</s>
    <s>: 496657 powershell tutorials User: aphoria</s>
    <s>Comments for : 496657</s>
    <s>Great answer, isso realmente me ajudou. :552811 Lucas McCoy</s>
    <s>Answer: 496477</s>
    <s>PowerShell in Action (http://www.manning.com/payette) foi escrito por Bruce Payette, designer PowerShell do idioma. Seu livro é excelente, pois explica porque fez uma série de decisões que não, apenas explicando o &quot;o quê&quot;.</s>
    <s>Minha experiência de aprendizagem foi assim: PowerShell baixado =&gt; leia primeiros 5 ou mais capítulos do livro = script&gt; construídas, usando o livro como referência.</s>
    <s>Se você está pensando em comprar o livro direto de Manning, olhar ao redor para Manning cupons, eu lembro vagamente que há 50% de desconto disponível agora.</s>
    <s>: 496477 powershell tutorials User: Peter Seale</s>
    <s>Answer: 496505</s>
    <s>Não tutoriais, mas algumas coisas que você pode querer verificar / considerar:</s>
    <s>Um vídeo sobre a conversão de C para PowerShell v2:</s>
    <s>Alguns desafios com soluções:</s>
    <s>Você está C experiência vai certamente ajudar a compreender rapidamente o uso de objetos no PowerShell.</s>
    <s>: 496505 powershell tutorials User: Marco Shaw</s>
    <s>Answer: 496282</s>
    <s>Ainda estou aprendendo PowerShell (em ritmo de um caracol) a mim mesmo, então não posso realmente oferecer uma one-stop tutorial. No entanto, posso lhe fornecer coleção de links eu tenho vindo a construir para o passado poucos meses. Ser prevenido - Eu sou um DBA, de modo que alguns deles têm um viés nessa direção.</s>
    <s>http://www.microsoft.com/technet/scriptcenter/hubs/msh.mspx - Centro de Scripts da Microsoft PowerShell</s>
    <s>http://sqlblog.com/blogs/lara rubbelke/default.aspx - Lara Rubbelke faz um monte com o SQL SMO e PowerShell</s>
    <s>http://blogs.msdn.com/buckwoody/ - Buck Woody tem toneladas de coisas PowerShell, e especificamente em novembro de 2008, após a conferência PASS, ele postou um quadro grande: http://blogs.msdn.com/buckwoody / archive/2008/11/21/pass-2008-conference-day-five.aspx</s>
    <s>Again - Desculpe eu não posso ser um pouco mais específico, mas talvez isso pode ser um pouco mais de um bloco de construção, também.</s>
    <s>: 496282 powershell tutorials User: ILKirk</s>
    <s>Answer: 1854920</s>
    <s>PwrShell.net (a codecorner) bom para iniciantes. Coisas como trabalhar com matrizes e coisas básicas. Ótimo para começar</s>
    <s>: 1854920 powershell tutorials User: juFo</s>
    <s>Answer: 1456546</s>
    <s>Veja também Master-PowerShell | Com Dr. Tobias Weltner , um &quot; e-livro livre dos fabricantes de PowerShell Plus &quot;, recomendado por Jeffrey Snover - note que este livro trata PowerShell V1.</s>
    <s>: 1456546 powershell tutorials User: Dan Blanchard</s>
    <s>Answer: 966738</s>
    <s>Eu comecei usando o tutorial sobre powershellpro .</s>
    <s>Minhas únicas queixas são:</s>
    <s>A navegação é difícil de usar (lista de links do lado direito)</s>
    <s>Há alguns erros e erros por toda parte. Embora se você é um leitor esperto, você notará imediatamente.</s>
    <s>As técnicas de ensino que encontrei foram úteis quando eles mostram como fazer uma tarefa em ambos os PowerShell e através de regular Windows GUI (como o MMC) e quando eles descrevem usos do mundo real para alguns dos scripts ou comandos.</s>
    <s>: 966738 powershell tutorials User: T Pops</s>
    <s>Answer: 496264</s>
    <s>Sua melhor jogada poderia ser a de tentar desaprender um pouco do que você sabe sobre o shell script do mundo UNIX. Quando eu tentei usar o PowerShell para fazer coisas que normalmente usaria Unix-like ferramentas para fazer eu sempre acabava com soluções realmente ineficientes. Eu suspeito que é porque eu tento tirar muito do meu jeitonix comigo.</s>
    <s>Sim, claro que você não pode desaprender. Mas eu acho que PowerShell requer uma abordagem que os seus objectivos de forças. O Tao PowerShell. Encontrar um tutorial que aponta para isso e você deveria ter mais sucesso que a minha.</s>
    <s>: 496264 powershell tutorials User: PEZ</s>
    <s>Comments for : 496264</s>
    <s>Você está falando sobre o awk estilo de extração de informações de texto, que normalmente não é necessário no PS, ou existem outros hábitos UNIX para desaprender? :312683 wcoenen</s>
    <s>Coisas assim. Unix é um texto muito orientado. Eu poderia ter tido azar com as minhas tentativas. Mas eu tentei tudo o que eu poderia sempre fazê-lo funcionar 100 vezes mais rápido usando o Cygwin. :312896 PEZ</s>
    <s>Answer: 496248</s>
    <s>http://powershell.com/ talvez, dirigida por um PowerShell MVP</s>
    <s>: 496248 powershell tutorials User: Chris S</s>
    <s>Related Articles</s>
    <s>Topic: powershell</s>
    <s>How do I make Powershell run a batch file and then stay open?</s>
    <s>Using Powershell to access IIS logs?</s>
    <s>PowerShell yielding to OS in tight loops</s>
    <s>How do I get PowerShell to grab a logfile when it overflows?</s>
    <s>Connecting to a network folder with username/password in Powershell</s>
    <s>How can I replace newlines using powershell?</s>
    <s>Topic: tutorials</s>
    <s>Recommendation for a PostgreSQL Programming Tutorial?</s>
    <s>Understandable documentation about R?</s>
    <s>Tutorials for Wii programming</s>
    <s>Properly formatted example for Python iMAP email access?</s>
    <s>What's the best website for learning HTML Semantically?</s>
    <s>Where can I find a good FFT sample implementation/tutorial?</s>
    <s>Map: db</s>
    <s>so - Database</s>
    <s>sf - Database</s>
    <s>su - Database</s>
    <s>Map: international</s>
    <s>de. German</s>
    <s>es. Spanish</s>
    <s>fr. French</s>
    <s>id. Indonesian</s>
    <s>it. Italian</s>
    <s>ja. Japanese</s>
    <s>ko. Korean</s>
    <s>pt. Portuguese</s>
    <s>ru. Russian</s>
    <s>th. Thai</s>
    <s>vi. Vietnamese</s>
    <s>zh-cn. Chinese</s>
    <s>zh-tw. Chinese</s>
    <s>Map: sitemap</s>
    <s>Update Sitemap</s>
    <s>Page: «</s>
    <s>Page: 803</s>
    <s>Page: 804</s>
    <s>Page: 805</s>
    <s>Page: 806</s>
    <s>Page: 807</s>
    <s>Page: 808</s>
    <s>Page: 809</s>
    <s>Page: 810</s>
    <s>Page: 811</s>
    <s>Page: 812</s>
    <s>Page: 813</s>
    <s>Page: 814</s>
    <s>Page: 815</s>
    <s>Page: 816</s>
    <s>Page: 817</s>
    <s>Page: 818</s>
    <s>Page: 819</s>
    <s>Page: 820</s>
    <s>Page: 821</s>
    <s>Page: 822</s>
    <s>Page: 823</s>
    <s>Page: 824</s>
    <s>Page: 825</s>
    <s>Page: 826</s>
    <s>Page: 827</s>
    <s>Page: 828</s>
    <s>Page: 829</s>
    <s>Page: 830</s>
    <s>Page: 831</s>
    <s>Page: »</s>
    <s>Automagic Translation</s>
    <s>Dump from StackOverflow</s>
  </text>
</page>
