<?xml version="1.0" encoding="UTF-8"?>
<!DOCTYPE page SYSTEM "page.dtd">
<page>
  <lang>pt</lang>
  <url>http://cv-redebibliosus.bvs.br/tiki-read_article.php%3FarticleId%3D1131</url>
  <title>Direito autoral de publicações oficiais é tema de palestra na BNB</title>
  <snippet>
    <s>13 set. 2011 A palestra intitulada As licenças de informação na reutilização de Suas pesquisas são voltadas para as áreas de serviços de informação-administração, tarifas e preços de O Ciclo de Conferências em Biblioteconomia, Ciência da No mês de julho, o convidado do projeto foi o autor e mestre em </s>
  </snippet>
  <text>
    <s>Jump to Content</s>
    <s>Direito autoral de publicações oficiais é tema de palestra na BNB</s>
    <s>Por: Vanessa Xavier em: Ter 13/09/2011 10:02 (69 Leituras)</s>
    <s>(3111 bytes)</s>
    <s>!Imagem do notícia</s>
    <s>Evento, que já está com as inscrições abertas, é parte do projeto Ciclo de Conferências.</s>
    <s>No próximo dia 20, terça-feira, a partir das 16h30, acontece no auditório da Biblioteca Nacional de Brasília (BNB), a edição de setembro do projeto Ciclo de Conferências em Biblioteconomia, Ciência da Informação e Comunicação. A palestra intitulada As licenças de informação na reutilização de informação do setor público: A direção da União Europeia de 2003 (Las licencias de información en la reutilización de información del sector público. La directiva de la Unión Europea de 2003) será ministrada pelo doutor em Ciências da Informação, Luis Fernando Ramos Simón. As inscrições já estão abertas e a entrada é gratuita. Todos os presentes receberão, por email, certificado de participação.</s>
    <s>Luis Fernando nasceu em 1957 em Aguilar de Campos, município espanhol situado na província de Valladolid. Possui licenciatura e doutorado em Ciências da Informação (Jornalismo), licenciatura em Direito e diploma de estudos avançados no Programa de Direito Administrativo, todos obtidos pela Universidade Complutense de Madrid (UCM), parceira da BNB na aplicação do projeto Alfabetização em Informação (ALFIN).</s>
    <s>Atualmente é professor e diretor da Escola Universitária de Biblioteconomia e Documentação da UCM. Dirigiu oito teses de doutorado e o último projeto de pesquisa financiado tem por objeto a &quot;Re-utilização de documentos do setor público&quot;. É responsável pelo Grupo de Pesquisa Publidoc &quot;Gestão da informação no setor público&quot;, composto por oito pesquisadores e reconhecido pela Universidad Complutense de Madrid Comunidad Autónoma. Suas pesquisas são voltadas para as áreas de serviços de informação-administração, tarifas e preços de informação, acesso à informação do setor público e Direitos Autorais no Entorno Digital, este que inclusive será o tema de um curso que será ministrado também por Luis Fernando no dias 21, 22 e 23, a partir das 8h30 na Biblioteca Central da Universidade de Brasília (BCE/UnB).</s>
    <s>O Ciclo de Conferências em Biblioteconomia, Ciência da Informação e Comunicação é um evento promovido em parceria com o Conselho Regional de Biblioteconomia - 1ª Região (CRB1), e prevê a oferta de palestras mensais abertas ao grande público durante todo o ano de 2011. No mês de julho, o convidado do projeto foi o autor e mestre em línguas e literaturas hispânicas, Joel Franz Rosell, que falou sobre o tema Diversidade cultural, multiculturalidade e literatura infantil. Os conteúdos das palestras já realizadas estão disponíveis na página da BNB.</s>
    <s>CICLO DE CONFERÊNCIAS - As licenças de informação na reutilização de informação do setor público: A direção da União Europeia de 2003, com Luis Fernando Ramos Simón. Terça-feira, 20 de setembro, às 16h30, no auditório da Biblioteca Nacional de Brasília (2º Andar). Entrada franca. Inscrições abertas. Todos os participantes receberão certificado.</s>
    <s>Arte do cartaz: Jane Arisawa</s>
    <s>Foto: disponível na internet</s>
    <s>Fonte: http://www.bnb.df.gov.br/index.php/sala-de-imprensa/item/591-direito-autoral-de-publicações-oficiais-é-tema-de-palestra-na-bnb</s>
    <s>Entrar como…</s>
    <s>!Erro CapsLock is on.</s>
    <s>Lembre-se de mim (para 1 semana)</s>
    <s>[Registrar-se | Esqueci minha senha ]</s>
    <s>Se você não é cadastrado:</s>
    <s>Envie já um e-mail para bibliotecas.sus@saude.gov.br com seu nome e instituição</s>
  </text>
</page>
