<?xml version="1.0" encoding="UTF-8"?>
<!DOCTYPE page SYSTEM "page.dtd">
<page>
  <lang>pt</lang>
  <url>http://portuguese.brazil.usembassy.gov/riomais20.html</url>
  <title>Notícias | Missão Diplomática dos Estados Unidos Brasil</title>
  <snippet>
    <s>13 jan. 2011 O próximo ano marcará o 20o aniversário da Conferência das Nações bem como do condado de Westchester, da cidade de Nova York e da </s>
  </snippet>
  <text>
    <s>!Skip Global Navigation to Main Content</s>
    <s>Fale Conosco</s>
    <s>Missão Diplomática dos Estados Unidos Brasil</s>
    <s>Entre o termo de Busca</s>
    <s>A Missão</s>
    <s>O Embaixador</s>
    <s>Ministro Conselheiro</s>
    <s>Sobre a Missão</s>
    <s>Seções e Escritórios</s>
    <s>Endereços Consulares</s>
    <s>Oportunidades de Trabalho</s>
    <s>Vistos de Imigrantes</s>
    <s>Vistos de Não Imigrantes</s>
    <s>Prevenção à Fraude</s>
    <s>Declaração de Atendimento ao Cliente</s>
    <s>Notícias Consulares</s>
    <s>Serviços a cidadãos</s>
    <s>Contatos de Emergência</s>
    <s>Informações Gerais</s>
    <s>Contato / Horários</s>
    <s>Serviços Emergenciais</s>
    <s>Mensagens Emergenciais/ Viagens</s>
    <s>Cidadania Americana e Registro de Nascimento</s>
    <s>Passaportes dos EUA</s>
    <s>Viagem de Menores</s>
    <s>Serviços Públicos</s>
    <s>Serviços Profissionais</s>
    <s>Benefícios Federais</s>
    <s>Informação sobre Casamento</s>
    <s>Lei de Privacidade</s>
    <s>Perguntas Frequentes</s>
    <s>Notas à Imprensa</s>
    <s>Notícias e Eventos</s>
    <s>Notícias das Américas</s>
    <s>Notícias de Washington</s>
    <s>Relatórios Anuais</s>
    <s>Prioridades Brasil-E.U.A.</s>
    <s>Educação e Juventude</s>
    <s>Transparência Governamental</s>
    <s>Inclusão Social</s>
    <s>Investimento &amp; Comércio Exterior</s>
    <s>Energia e Meio Ambiente</s>
    <s>Democracia e Direitos Humanos</s>
    <s>Ciência e Tecnologia</s>
    <s>Paz e Segurança</s>
    <s>Obama no Brasil</s>
    <s>Programação de viagem</s>
    <s>Últimas Notícias</s>
    <s>Discursos e Documentos</s>
    <s>Acesso por celular</s>
    <s>Concurso Facebook</s>
    <s>Assuntos em foco</s>
    <s>São Paulo</s>
    <s>Rio de Janeiro</s>
    <s>Galerias de Fotos</s>
    <s>Revistas Eletrônicas</s>
    <s>!Skip Breadcrumb Navigation</s>
    <s>Você está em:</s>
    <s>Notícias &gt;</s>
    <s>Notícias de Washington &gt;</s>
    <s>Engajamento de líderes estaduais e locais nos preparativos para a Conferência Rio+20</s>
    <s>!Skip Left Navigation</s>
    <s>Notas à Imprensa</s>
    <s>Notícias e Eventos</s>
    <s>Notícias das Américas</s>
    <s>Notícias de Washington</s>
    <s>Relatórios Anuais</s>
    <s>Engajamento de líderes estaduais e locais nos preparativos para a Conferência Rio+20</s>
    <s>Postado por Reta Jo Lewis / 14 de junho de 2011</s>
    <s>O proximo ano marcara o 20o aniversario da Conferencia das Naçoes Unidas sobre Meio Ambiente e Desenvolvimento de 1992 no Rio de Janeiro. Em 2012, delegados do mundo todo vao se encontrar mais uma vez no Rio, desta vez para a Conferencia das Naçoes Unidas sobre Desenvolvimento Sustentavel. Essa conferencia, conhecida como Rio+20, sera uma oportunidade para revigorar os esforços de desenvolvimento sustentavel global, com enfase no fortalecimento das conexoes entre questoes economicas, ambientais e sociais.</s>
    <s>Na terça-feira, 9 de junho de 2011, o Escritorio de Assuntos Intergovernamentais Globais, em parceria com o Bureau de Oceanos e Assuntos Ambientais e Cientificos Internacionais (OES), sediou uma reuniao de informaçoes gerais sobre Dialogo de Parceria Inteligente: Serie de Engajamento Global para autoridades estaduais e locais dos EUA com o objetivo de explicar as expectativas do pais sobre a conferencia Rio+20 de junho de 2012 no Brasil e destacar o papel instrumental que os governos estaduais e locais podem exercer no planejamento dessa reuniao global. Representantes dos estados de Washington, Nova York e California, bem como do condado de Westchester, da cidade de Nova York e da Filadelfia participaram do evento de quinta-feira.</s>
    <s>O programa tambem incluiu palestras de Daniel Clune, primeiro subsecretario adjunto do Bureau de Oceanos e Assuntos Ambientais e Cientificos Internacionais; Upendra Chivukula, deputado e vice-presidente da Assembleia Legislativa do estado de Nova Jersey; Paul Pinsky, senador pelo estado de Maryland; Lawrence Gumbiner, subsecretario de Estado adjunto no Bureau de Oceanos e Assuntos Ambientais e Cientificos Internacionais; Jessica McGlyn, diretora do Conselho Empresarial Mundial sobre Desenvolvimento Sustentavel; Jake Schmidt, diretor de Politicas Climaticas Internacionais do Conselho de Defesa de Recursos Naturais; e Timothy Killeen, coordenador de Educaçao e Pesquisa Ambiental da NSF e diretor assistente de Geociencias, da Fundaçao Nacional de Ciencias.</s>
    <s>Martin Chavez, diretor executivo do ICLEI EUA e um dos participantes do programa, enfatizou a importancia do total engajamento do governo local. Chavez disse: &quot;Os EUA precisam envolver prefeitos e lideres de condados na discussao, porque as açoes devem ocorrer em ambito local para serem bem-sucedidas.</s>
    <s>Seja mediante trabalho de cidades como Sao Francisco, na California, ou Keene, em New Hampshire, as localidades estao na vanguarda das descobertas de soluçoes para abordar o desenvolvimento sustentavel. Por esse motivo, alem de outros, o Escritorio de Assuntos Intergovernamentais Globais e o Bureau de OES continuarao a engajar os governos locais na questao da sustentabilidade. Sustentabilidade e um dos temas principais da Conferencia Rio+20, que examinara assuntos relacionados com a economia verde no contexto do desenvolvimento sustentavel, da erradicaçao da miseria e das diretrizes institucionais para o desenvolvimento sustentavel. Entre os objetivos da conferencia estao: garantia de compromisso politico renovado com o desenvolvimento sustentavel; avaliaçao do progresso e das lacunas remanescentes na implementaçao dos esforços de desenvolvimento sustentavel; e abordagem de desafios novos e emergentes.</s>
    <s>Os Estados Unidos se comprometem a usar a Conferencia Rio+20 para:</s>
    <s>• promover a economia e o crescimento verdes, incorporar preocupaçoes ambientais e sociais no planejamento do desenvolvimento economico,</s>
    <s>• melhorar a eficiencia e a eficacia da ONU no apoio aos esforços nacionais de desenvolvimento sustentavel,</s>
    <s>• envolver partes interessadas em todos os niveis para promover o desenvolvimento sustentavel, e</s>
    <s>• reconhecer nossos exitos dos ultimos vinte anos e catalisar açoes futuras.</s>
    <s>Para mais informaçoes sobre a Conferencia Rio+20, visite: http://www.uncsd2012.org/rio20/.</s>
    <s>Este site é administrado pelo Departamento de Estado dos EUA. Links externos para outros sites na Internet não devem ser considerados como endosso a pontos de vista ou políticas de privacidade neles contidos.</s>
    <s>A Missão</s>
    <s>Serviços a cidadãos</s>
    <s>Prioridades Brasil-E.U.A.</s>
    <s>Obama no Brasil</s>
    <s>Galerias de Fotos</s>
    <s>Revistas Eletrônicas</s>
    <s>Perguntas Frequentes</s>
    <s>Índice do Site</s>
    <s>Rio de Janeiro</s>
    <s>São Paulo</s>
  </text>
</page>
