<?xml version="1.0" encoding="UTF-8"?>
<!DOCTYPE page SYSTEM "page.dtd">
<page>
  <lang>pt</lang>
  <url>http://imasters.com.br/noticia/22211/tendencias/e-commerce-brasil-realiza-conferencia-de-planejamento-para-o-natal-2011</url>
  <title>E-commerce Brasil realiza conferência de planejamento para o ...</title>
  <snippet>
    <s>22 set. 2011 O encontro trará palestras técnicas, apresentação de cases e painéis de debate. Como se trata de uma conferência sobre uma data de grande </s>
  </snippet>
  <text>
    <s>iMasters PRO</s>
    <s>InterCon 2011</s>
    <s>Faça Login / Cadastre-se</s>
    <s>Faça login</s>
    <s>Endereço de e-mail:</s>
    <s>Esqueci a senha</s>
    <s>Manter logado</s>
    <s>Novo por aqui?</s>
    <s>Criar uma conta iMasters</s>
    <s>Canais iMasters</s>
    <s>Arquitetura da Informação</s>
    <s>Teoria do Design</s>
    <s>Banco de Dados</s>
    <s>SQL Server</s>
    <s>Gerência de TI</s>
    <s>Ruby on Rails</s>
    <s>Zend Framework</s>
    <s>APIs BuscaPé</s>
    <s>APIs Google</s>
    <s>APIs Twitter</s>
    <s>Gerência de Projetos</s>
    <s>Software Livre</s>
    <s>Visual Studio</s>
    <s>Web Standards</s>
    <s>Marketing Digital</s>
    <s>Conteúdo Digital</s>
    <s>E-mail Marketing</s>
    <s>Publicidade Online</s>
    <s>Redes Sociais</s>
    <s>Cloud Computing</s>
    <s>Redes e Servidores</s>
    <s>TV Digital</s>
    <s>Windows Azure</s>
    <s>Tendências + E-commerce</s>
    <s>E-commerce Brasil realiza conferência de planejamento para o Natal 2011</s>
    <s>Quinta-feira, 22/09/2011 às 16h50, por Redação iMasters</s>
    <s>Acontece no dia 27 de setembro a conferência E-commerce Brasil Natal 2011. O evento é temático e técnico e tem como objetivo orientar o planejamento das operações de e-commerce para o Natal, data mais importante do comércio no ano. O encontro trará palestras técnicas, apresentação de cases e painéis de debate.</s>
    <s>Como se trata de uma conferência sobre uma data de grande relevância, o ECB preparou uma promoção exclusiva pra levar um profissional do e-commerce ao evento. É possível concorrer de duas formas: curtindo a página do Facebook e a publicação sobre a promoção, e seguindo o E-commerce Brasil no Twitter e dando RT no tweet que anuncia a promoção.</s>
    <s>O sorteio no Twitter será realizado pelo Sorteie.me e o do Facebook será feito pelo Random.org. É importante lembrar que, de acordo com as regras do Sorteie.me, para o tweet ser validado, ele precisa conter o link &quot;kingo.to&quot;. Sem ele, não será possível rastrear o tweet. Além disso, E o perfil do participante não pode ser trancado/fechado.</s>
    <s>Serão consideradas as participações até sexta, dia 23/09, às 23h 55min. E o resultado será publicado no sábado, dia 24, pela manhã, na página do Facebook e no perfil do Twitter.</s>
    <s>Conferências E-commerce Brasil</s>
    <s>O projeto E-Commerce Brasil realizou, ao longo do ano, diversas conferências técnicas, além do Fórum E-Commerce Brasil, em agosto. Ainda este ano, acontecerá mais uma conferência, sobre SAC e Vendas, em dezembro.</s>
    <s>Acompanhe as notícias e eventos no portal E-Commerce Brasil.</s>
    <s>Redação iMasters Matérias especiais e reportagens conduzidas internamente pela Redação iMasters.</s>
    <s>Página do autor</s>
    <s>Leia os últimos artigos publicados por redacao imasters</s>
    <s>Google encerra Buzz para se focar em sua rede social</s>
    <s>iMasters Report 14/10/2010</s>
    <s>Novo Android será anunciado dia 19</s>
    <s>Microsoft anuncia driver SQL Server para Linux</s>
    <s>Google vai lançar sua própria loja de música</s>
    <s>Qual a sua opinião?</s>
    <s>Nome: Email:</s>
    <s>Comentários considerados ofensivos serão moderados.</s>
    <s>Enviar comentário</s>
    <s>Nome: Email:</s>
    <s>Comentários considerados ofensivos serão moderados.</s>
    <s>05/10 às 13h20 Wikipedia fecha versão italiana do site em protesto ao parlamento do país</s>
    <s>23/09 às 9h20 iMasters lança agregador de conteúdos Box</s>
    <s>22/09 às 16h50 E-commerce Brasil realiza conferência de planejamento para o Natal 2011</s>
    <s>Ver mais notícias</s>
    <s>Sobre o iMasters</s>
    <s>Política de privacidade</s>
    <s>Fale conosco</s>
    <s>© 2001 iMasters FFPA Informática Ltda</s>
    <s>Todos os direitos reservados.</s>
  </text>
</page>
