<?xml version="1.0" encoding="UTF-8"?>
<!DOCTYPE page SYSTEM "page.dtd">
<page>
  <lang>pt</lang>
  <url>http://189.3.164.98/novo/portal/aquiraz.php%3Fst%3Dlei4320</url>
  <title>Transparencia da Prefeitura Municipal de Aquiraz</title>
  <snippet>
    <s>30 nov. 2010 Art. 2° A Lei do Orçamento conterá a discriminação da receita e importância obedecidas as disposições do artigo 43; (Veto rejeitado no D.O. 05/05/1964) compreendendo os impostos, as taxas e contribuições nos termos da .. de origem, constituem Dívida Ativa a partir da data de sua inscrição. </s>
  </snippet>
  <text>
    <s>ACESSO RESTRITO</s>
    <s>Movimentos Dios</s>
    <s>Movimentos P/ Periodo</s>
    <s>Natureza da Receita</s>
    <s>Extra Orentas</s>
    <s>PrevisX Arrecada</s>
    <s>Movimentos Dios</s>
    <s>Movimentos P/ Periodo</s>
    <s>Por Fornecedor</s>
    <s>Busca P/ Empenho</s>
    <s>Movimentos Dios</s>
    <s>Movimentos P/ Periodo</s>
    <s>Por Fornecedor</s>
    <s>Lei Complementar N 131</s>
    <s>Decreto N 7.185</s>
    <s>Lei N 4.320</s>
    <s>Portal da Transparia da Prefeitura</s>
    <s>LEI No 4.320, DE 17 DE MAR DE 1964.</s>
    <s>Da Lei de Orento</s>
    <s>CAPULO I</s>
    <s>Disposis Gerais</s>
    <s>Art. 2 A Lei do Orento conter discrimina da receita e despesa de forma a evidenciar a polca econa financeira e o programa de trabalho do Govo, obedecidos os princos de unidade universalidade e anualidade.</s>
    <s>1 Integrara Lei de Orento:</s>
    <s>I - Sumo geral da receita por fontes e da despesa por funs do Govo;</s>
    <s>II - Quadro demonstrativo da Receita e Despesa segundo as Categorias Econas, na forma do Anexo n. 1;</s>
    <s>III - Quadro discriminativo da receita por fontes e respectiva legisla;</s>
    <s>IV - Quadro das dotas por os do Govo e da Administra.</s>
    <s>2 Acompanhara Lei de Orento:</s>
    <s>I - Quadros demonstrativos da receita e planos de aplica dos fundos especiais;</s>
    <s>II - Quadros demonstrativos da despesa, na forma dos Anexos ns. 6 a 9;</s>
    <s>III - Quadro demonstrativo do programa anual de trabalho do Govo, em tos de realiza de obras e de presta de servi.</s>
    <s>Art. 3 A Lei de Orentos compreender as receitas, inclusive as de operas de crto autorizadas em lei.</s>
    <s>Parafo . Nse consideram para os fins deste artigo as operas de credito por antecipa da receita, as emissde papel-moeda e outras entradas compensats, no ativo e passivo financeiros . (Veto rejeitado no D.O. 05/05/1964)</s>
    <s>Art. 4 A Lei de Orento compreender as despesas pras dos os do Govo e da administra centralizada, ou que, por intermo ds se devam realizar, observado o disposto no artigo 2.</s>
    <s>Art. 5 A Lei de Orento nconsignarotas globais destinadas a atender indiferentemente a despesas de pessoal, material, servi de terceiros, transferias ou quaisquer outras, ressalvado o disposto no artigo 20 e seu parafo .</s>
    <s>Art. 6 T as receitas e despesas constarda Lei de Orento pelos seus totais, vedadas quaisquer dedus.</s>
    <s>1 As cotas de receitas que uma entidade pa deva transferir a outra incluir-se- como despesa, no orento da entidade obrigada a transferia e, como receita, no orento da que as deva receber.</s>
    <s>2 Para cumprimento do disposto no parafo anterior, o calculo das cotas teror base os dados apurados no balando exerco anterior aquele em que se elaborar a proposta orenta do governo obrigado a transferia. (Veto rejeitado no D.O. 05/05/1964)</s>
    <s>Art. 7 A Lei de Orento poderonter autoriza ao Executivo para:</s>
    <s>I - Abrir crtos suplementares ateterminada importia obedecidas as disposis do artigo 43; (Veto rejeitado no D.O. 05/05/1964)</s>
    <s>II - Realizar em qualquer mdo exerco financeiro, operas de crto por antecipa da receita, para atender a insuficiias de caixa.</s>
    <s>1 Em casos de dcit, a Lei de Orento indicars fontes de recursos que o Poder Executivo fica autorizado a utilizar para atender a sua cobertura.</s>
    <s>2 O produto estimado de operas de crto e de aliena de bens ims ste se incluira receita quando umas e outras forem especcamente autorizadas pelo Poder Legislativo em forma que jurcamente possibilite ao Poder Executivo realizas no exerco.</s>
    <s>3 A autoriza legislativa a que se refere o parafo anterior, no tocante a operas de crto, poderonstar da pra Lei de Orento.</s>
    <s>Art. 8 A discrimina da receita geral e da despesa de cada o do Govo ou unidade administrativa, a que se refere o artigo 2, 1, incisos III e IV obedecer forma do Anexo n. 2.</s>
    <s>1 Os itens da discrimina da receita e da despesa, mencionados nos artigos 11, 4, e 13, seridentificados por ns de cos decimal, na forma dos Anexos ns. 3 e 4.</s>
    <s>2 Completaros ns do co decimal referido no parafo anterior os algarismos caracterizadores da classifica funcional da despesa, conforme estabelece o Anexo n. 5.</s>
    <s>3 O co geral estabelecido nesta lei nprejudicar ado de cos locais.</s>
    <s>CAPULO II</s>
    <s>Da Receita</s>
    <s>Art. 9 Tributo e a receita derivada institu pelas entidades de direito publico, compreendendo os impostos, as taxas e contribuis nos termos da constitui e das leis vigentes em mata financeira, destinado-se o seu produto ao custeio de atividades gerais ou especificas exercidas por essas entidades (Veto rejeitado no D.O. 05/05/1964)</s>
    <s>Art. 10. (Vetado).</s>
    <s>Art. 11. A receita classificar-se-as seguintes categorias econas: Receitas Correntes e Receitas de Capital.</s>
    <s>1 SReceitas Correntes as receitas tributa, patrimonial, industrial e diversas e, ainda as provenientes de recursos financeiros recebidos de outras pessoas de direito po ou privado, quando destinadas a atender despesas classificis em Despesas Correntes.</s>
    <s>2 SReceitas de Capital as provenientes da realiza de recursos financeiros oriundos de constitui de ddas; da conversem espe, de bens e direitos; os recursos recebidos de outras pessoas de direito po ou privado destinados a atender despesas classificis em Despesas de Capital e, ainda, o supert do Orento Corrente.</s>
    <s>3 O supert do Orento Corrente resultante do balanceamento dos totais das receitas e despesas correntes, apurado na demonstra a que se refere o Anexo n. 1, nconstituirtem da receita orenta.</s>
    <s>4 A classifica da receita por fontes obedecero seguinte esquema:</s>
    <s>RECEITAS CORRENTES</s>
    <s>Receita Tributa</s>
    <s>Contribuis de Melhoria.</s>
    <s>Receita Patrimonial</s>
    <s>Receitas Imobilias.</s>
    <s>Receitas de Valores Mobilios.</s>
    <s>Participas e Dividendos.</s>
    <s>Outras Receitas Patrimoniais.</s>
    <s>Receita Industrial</s>
    <s>Receita de Servi Industriais.</s>
    <s>Outras Receitas Industriais.</s>
    <s>Transferias Correntes</s>
    <s>Receitas Diversas</s>
    <s>Cobranda Divida Ativa.</s>
    <s>Outras Receitas Diversas.</s>
    <s>RECEITAS DE CAPITAL</s>
    <s>Operas de Crto.</s>
    <s>Aliena de Bens Ms e Ims.</s>
    <s>Amortiza de Emprimos Concedidos.</s>
    <s>Transferias de Capital.</s>
    <s>Outras Receitas de Capital.</s>
    <s>Art. 11 - A receita classificar-se-as seguintes categorias econas: Receitas Correntes e Receitas de Capital. (Reda dada pelo Decreto Lei n 1.939, de 20.5.1982)</s>
    <s>1 - SReceitas Correntes as receitas tributa, de contribuis, patrimonial, agropecua, industrial, de servi e outras e, ainda, as provenientes de recursos financeiros recebidos de outras pessoas de direito po ou privado, quando destinadas a atender despesas classificis em Despesas Correntes. (Reda dada pelo Decreto Lei n 1.939, de 20.5.1982)</s>
    <s>2 - SReceitas de Capital as provenientes da realiza de recursos financeiros oriundos de constitui de ddas; da convers em espe, de bens e direitos; os recursos recebidos de outras pessoas de direito po ou privado, destinados a atender despesas classificis em Despesas de Capital e, ainda, o supert do Orento Corrente. (Reda dada pelo Decreto Lei n 1.939, de 20.5.1982)</s>
    <s>3 - O supert do Orento Corrente resultante do balanceamento dos totais das receitas e despesas correntes, apurado na demonstra a que se refere o Anexo n 1, nconstituirtem de receita orenta. (Reda dada pelo Decreto Lei n 1.939, de 20.5.1982)</s>
    <s>4 - A classifica da receita obedecero seguinte esquema: (Reda dada pelo Decreto Lei n 1.939, de 20.5.1982)</s>
    <s>&gt; RECEITAS CORRENTES</s>
    <s>&gt; RECEITA TRIBUTIA</s>
    <s>&gt; Impostos</s>
    <s>&gt; Taxas</s>
    <s>&gt; Contribuis de Melhoria</s>
    <s>&gt; RECEITA DE CONTRIBUIES</s>
    <s>&gt; RECEITA PATRIMONIAL</s>
    <s>&gt; RECEITA AGROPECUIA</s>
    <s>&gt; RECEITA INDUSTRIAL</s>
    <s>&gt; RECEITA DE SERVIS</s>
    <s>&gt; TRANSFERCIAS CORRENTES</s>
    <s>&gt; OUTRAS RECEITAS CORRENTES</s>
    <s>&gt; RECEITAS DE CAPITAL</s>
    <s>&gt; OPERAES DE CRITO</s>
    <s>&gt; ALIENAO DE BENS</s>
    <s>&gt; AMORTIZAO DE EMPRTIMOS</s>
    <s>&gt; TRANSFERCIAS DE CAPITAL</s>
    <s>&gt; OUTRAS RECEITAS DE CAPITAL</s>
    <s>CAPULO III</s>
    <s>Da Despesa</s>
    <s>Art. 12. A despesa serlassificada nas seguintes categorias econas:</s>
    <s>&gt; &gt; DESPESAS CORRENTES</s>
    <s>&gt; Despesas de Custeio</s>
    <s>Transferias Correntes</s>
    <s>&gt; &gt; DESPESAS DE CAPITAL</s>
    <s>&gt; Investimentos</s>
    <s>Transferias de Capital</s>
    <s>1 Classificam-se como Despesas de Custeio as dotas para manuten de servi anteriormente criados, inclusive as destinadas a atender a obras de conserva e adapta de bens ims.</s>
    <s>2 Classificam-se como Transferias Correntes as dotas para despesas as quais ncorresponda contrapresta direta em bens ou servi, inclusive para contribuis e subvens destinadas a atender anifesta de outras entidades de direito po ou privado.</s>
    <s>3 Consideram-se subvens, para os efeitos desta lei, as transferias destinadas a cobrir despesas de custeio das entidades beneficiadas, distinguindo-se como:</s>
    <s>I - subvens sociais, as que se destinem a instituis pas ou privadas de carr assistencial ou cultural, sem finalidade lucrativa;</s>
    <s>II - subvens econas, as que se destinem a emprs pas ou privadas de carr industrial, comercial, agrla ou pastoril.</s>
    <s>4 Classificam-se como investimentos as dotas para o planejamento e a execu de obras, inclusive as destinadas quisi de ims considerados necessos ealiza destas as, bem como para os programas especiais de trabalho, aquisi de instalas, equipamentos e material permanente e constitui ou aumento do capital de emprs que nsejam de carr comercial ou financeiro.</s>
    <s>5 Classificam-se como InversFinanceiras as dotas destinadas a:</s>
    <s>I - aquisi de ims, ou de bens de capital jm utiliza;</s>
    <s>II - aquisi de tlos representativos do capital de emprs ou entidades de qualquer espe, jonstitus, quando a opera nimporte aumento do capital;</s>
    <s>III - constitui ou aumento do capital de entidades ou emprs que visem a objetivos comerciais ou financeiros, inclusive operas bancas ou de seguros.</s>
    <s>6 STransferias de Capital as dotas para investimentos ou inversfinanceiras que outras pessoas de direito po ou privado devam realizar, independentemente de contrapresta direta em bens ou servi, constituindo essas transferias auxos ou contribuis, segundo derivem diretamente da Lei de Orento ou de lei especialmente anterior, bem como as dotas para amortiza da dda pa.</s>
    <s>Art. 13. Observadas as categorias econas do art. 12, a discrimina ou especifica da despesa por elementos, em cada unidade administrativa ou o de govo, obedecero seguinte esquema:</s>
    <s>&gt; &gt; DESPESAS CORRENTES</s>
    <s>&gt; &gt; Despesas de Custeio</s>
    <s>&gt; Pessoa Civil</s>
    <s>Pessoal Militar</s>
    <s>Material de Consumo</s>
    <s>Servi de Terceiros</s>
    <s>Encargos Diversos</s>
    <s>&gt; &gt; Transferias Correntes</s>
    <s>&gt; Subvens Sociais</s>
    <s>Subvens Econas</s>
    <s>Salo Fama e Abono Familiar</s>
    <s>Juros da Dda Pa</s>
    <s>Contribuis de Previdia Social</s>
    <s>Diversas Transferias Correntes.</s>
    <s>&gt; &gt; DESPESAS DE CAPITAL</s>
    <s>&gt; &gt; Investimentos</s>
    <s>&gt; Obras Pas</s>
    <s>Servi em Regime de Programa Especial</s>
    <s>Equipamentos e Instalas</s>
    <s>Material Permanente</s>
    <s>Participa em Constitui ou Aumento de Capital de Emprs ou Entidades Industriais ou Agrlas</s>
    <s>&gt; &gt; InversFinanceiras</s>
    <s>&gt; Aquisi de Ims</s>
    <s>Participa em Constitui ou Aumento de Capital de Emprs ou Entidades Comerciais ou Financeiras</s>
    <s>Aquisi de Tlos Representativos de Capital de Empr em Funcionamento</s>
    <s>Constitui de Fundos Rotativos</s>
    <s>Concessde Emprimos</s>
    <s>Diversas InversFinanceiras</s>
    <s>&gt; &gt; Transferias de Capital</s>
    <s>&gt; Amortiza da Dda Pa</s>
    <s>Auxos para Obras Pas</s>
    <s>Auxos para Equipamentos e Instalas</s>
    <s>Auxos para InversFinanceiras</s>
    <s>Outras Contribuis.</s>
    <s>Art. 14. Constitui unidade orenta o agrupamento de servi subordinados ao mesmo o ou reparti a que serconsignadas dotas pras. (Veto rejeitado no D.O. 05/05/1964)</s>
    <s>Parafo . Em casos excepcionais, serconsignadas dotas a unidades administrativas subordinadas ao mesmo o.</s>
    <s>Art. 15. Na Lei de Orento a discrimina da despesa far-se-i&gt;no mmo por elementos. (Veto rejeitado no D.O. 05/05/1964)</s>
    <s>1 Entende-se por elementos o desdobramento da despesa com pessoal, material, servi, obras e outros meios de que se serve a administra publica para consecu dos seus fins. (Veto rejeitado no D.O. 05/05/1964)</s>
    <s>2 Para efeito de classifica da despesa, considera-se material permanente o de dura superior a dois anos.</s>
    <s>SEO I</s>
    <s>Das Despesas Correntes</s>
    <s>SUBSEO ICA</s>
    <s>Das Transferias Correntes</s>
    <s>I) Das Subvens Sociais</s>
    <s>Art. 16. Fundamentalmente e nos limites das possibilidades financeiras a concessde subvens sociais visar presta de servi essenciais de assistia social, mca e educacional, sempre que a suplementa de recursos de origem privada aplicados a es objetivos, revelar-se mais econa.</s>
    <s>Parafo . O valor das subvens, sempre que possl, seralculado com base em unidades de servi efetivamente prestados ou postos isposi dos interessados obedecidos os padrmmos de eficiia pramente fixados.</s>
    <s>Art. 17. Somente nstitui cujas condis de funcionamento forem julgadas satisfats pelos os oficiais de fiscaliza serconcedidas subvens.</s>
    <s>II) Das Subvens Econas</s>
    <s>Art. 18. A cobertura dos dcits de manuten das emprs pas, de natureza autuica ou n far-se-ediante subvens econas expressamente inclus nas despesas correntes do orento da Uni do Estado, do Munico ou do Distrito Federal.</s>
    <s>Parafo . Consideram-se, igualmente, como subvens econas:</s>
    <s>a) as dotas destinadas a cobrir a diferenentre os pre de mercado e os pre de revenda, pelo Govo, de gros alimentos ou outros materiais;</s>
    <s>b) as dotas destinadas ao pagamento de bonificas a produtores de determinados gros ou materiais.</s>
    <s>Art. 19. A Lei de Orento nconsignarjuda financeira, a qualquer tlo, a empr de fins lucrativos, salvo quando se tratar de subvens cuja concesstenha sido expressamente autorizada em lei especial.</s>
    <s>SEO II</s>
    <s>Das Despesas de Capital</s>
    <s>SUBSEO PRIMEIRA</s>
    <s>Dos Investimentos</s>
    <s>Art. 20. Os investimentos serdiscriminados na Lei de Orento segundo os projetos de obras e de outras aplicas.</s>
    <s>Parafo . Os programas especiais de trabalho que, por sua natureza, npossam cumprir-se subordinadamente normas gerais de execu da despesa poderser custeadas por dotas globais, classificadas entre as Despesas de Capital.</s>
    <s>SUBSEO SEGUNDA</s>
    <s>Das Transferias de Capital</s>
    <s>Art. 21. A Lei de Orento nconsignaruxo para investimentos que se devam incorporar ao patrim das emprs privadas de fins lucrativos.</s>
    <s>Parafo . O disposto neste artigo aplica-se transferias de capital onta de fundos especiais ou dotas sob regime excepcional de aplica.</s>
    <s>TULO II</s>
    <s>Da Proposta Orcamenta</s>
    <s>CAPULO I</s>
    <s>Conte Forma da Proposta Orenta</s>
    <s>Art. 22. A proposta orenta que o Poder Executivo encaminharo Poder Legislativo nos prazos estabelecidos nas Constituis e nas Leis Orgcas dos Municos, compor-se-/font&gt;</s>
    <s>I - Mensagem, que conterexposi circunstanciada da situa econo-financeira, documentada com demonstra da dda fundada e flutuante, saldos de crtos especiais, restos a pagar e outros compromissos financeiros exigis; exposi e justifica da polca econa-financeira do Govo; justifica da receita e despesa, particularmente no tocante ao orento de capital;</s>
    <s>II - Projeto de Lei de Orento;</s>
    <s>III - Tabelas explicativas, das quais, aldas estimativas de receita e despesa, constar em colunas distintas e para fins de compara:</s>
    <s>a) A receita arrecadada nos tros exercos anteriores ele em que se elaborou a proposta;</s>
    <s>b) A receita prevista para o exerco em que se elabora a proposta;</s>
    <s>c) A receita prevista para o exerco a que se refere a proposta;</s>
    <s>d) A despesa realizada no exerco imediatamente anterior;</s>
    <s>e) A despesa fixada para o exerco em que se elabora a proposta; e</s>
    <s>f) A despesa prevista para o exerco a que se refere a proposta.</s>
    <s>IV - Especifica dos programas especiais de trabalho custeados por dotas globais, em tos de metas visadas, decompostas em estimativa do custo das obras a realizar e dos servi a prestar, acompanhadas de justifica econa, financeira, social e administrativa.</s>
    <s>Parafo . Constara proposta orenta, para cada unidade administrativa, descri sucinta de suas principais finalidades, com indica da respectiva legisla.</s>
    <s>CAPULO II</s>
    <s>Da Elabora da Proposta Orenta</s>
    <s>SEO PRIMEIRA</s>
    <s>Das PrevisPlurienais</s>
    <s>Art. 23. As receitas e despesas de capital serobjeto de um Quadro de Recursos e de Aplica de Capital, aprovado por decreto do Poder Executivo, abrangendo, no mmo um trio.</s>
    <s>Parafo . O Quadro de Recursos e de Aplica de Capital sernualmente reajustado acrescentando-se-lhe as previsde mais um ano, de modo a assegurar a proje conta dos peros.</s>
    <s>Art. 24. O Quadro de Recursos e de Aplica de Capital abranger/font&gt;</s>
    <s>I - as despesas e, como couber, tambas receitas previstas em planos especiais aprovados em lei e destinados a atender a regiou a setores da administra ou da economia;</s>
    <s>II - as despesas onta de fundos especiais e, como couber, as receitas que os constituam;</s>
    <s>III - em anexos, as despesas de capital das entidades referidas no Tlo X desta lei, com indica das respectivas receitas, para as quais forem previstas transferias de capital.</s>
    <s>Art. 25. Os programas constantes do Quadro de Recursos e de Aplica de Capital sempre que possl sercorrelacionados a metas objetivas em tos de realiza de obras e de presta de servi.</s>
    <s>Parafo . Consideram-se metas os resultados que se pretendem obter com a realiza de cada programa.</s>
    <s>Art. 26. A proposta orenta conter programa anual atualizado dos investimentos, inversfinanceiras e transferias previstos no Quadro de Recursos e de Aplica de Capital.</s>
    <s>SEO SEGUNDA</s>
    <s>Das PrevisAnuais</s>
    <s>Art. 27. As propostas parciais de orento guardarestrita conformidade com a polca econa-financeira, o programa anual de trabalho do Govo e, quando fixado, o limite global mmo para o orento de cada unidade administrativa.</s>
    <s>Art. 28 As propostas parciais das unidades administrativas, organizadas em formulo pro, seracompanhadas de:</s>
    <s>I - tabelas explicativas da despesa, sob a forma estabelecida no artigo 22, inciso III, letras d, e e f;</s>
    <s>II - justifica pormenorizada de cada dota solicitada, com a indica dos atos de aprova de projetos e orentos de obras pas, para cujo ino ou prosseguimento ela se destina.</s>
    <s>Art. 29. Caberos os de contabilidade ou de arrecada organizar demonstras mensais da receita arrecadada, segundo as rubricas, para servirem de base a estimativa da receita, na proposta orenta.</s>
    <s>Parafo . Quando houver o central de orento, essas demonstras ser-lhe-remetidas mensalmente.</s>
    <s>Art. 30. A estimativa da receita teror base as demonstras a que se refere o artigo anterior rrecada dos tros exercos, pelo menos bem como as circunstias de ordem conjuntural e outras, que possam afetar a produtividade de cada fonte de receita.</s>
    <s>Art. 31. As propostas orentas parciais serrevistas e coordenadas na proposta geral, considerando-se a receita estimada e as novas circunstias.</s>
    <s>TULO III</s>
    <s>Da elabora da Lei de Orento</s>
    <s>Art. 32. Se nreceber a proposta orenta no prazo fixado nas Constituis ou nas Leis Orgcas dos Municos, o Poder Legislativo consideraromo proposta a Lei de Orento vigente.</s>
    <s>Art. 33. Nse admitiremendas ao projeto de Lei de Orento que visem a:</s>
    <s>a) alterar a dota solicitada para despesa de custeio, salvo quando provada, nesse ponto a inexatidda proposta;</s>
    <s>b) conceder dota para o ino de obra cujo projeto nesteja aprovado pelos os competentes;</s>
    <s>c) conceder dota para instala ou funcionamento de servique nesteja anteriormente criado;</s>
    <s>d) conceder dota superior aos quantitativos pramente fixados em resolu do Poder Legislativo para concessde auxos e subvens.</s>
    <s>TULO IV</s>
    <s>Do Exerco Financeiro</s>
    <s>Art. 34. O exerco financeiro coincidirom o ano civil.</s>
    <s>Art. 35. Pertencem ao exerco financeiro:</s>
    <s>I - as receitas n arrecadadas;</s>
    <s>II - as despesas n legalmente empenhadas.</s>
    <s>Art. 36. Consideram-se Restos a Pagar as despesas empenhadas mas npagas at dia 31 de dezembro distinguindo-se as processadas das nprocessadas.</s>
    <s>Parafo . Os empenhos que sorvem a conta de crtos com vigia plurienal, que ntenham sido liquidados, srcomputados como Restos a Pagar no o ano de vigia do crto.</s>
    <s>Art. 37. As despesas de exercos encerrados, para as quais o orento respectivo consignava crto pro, com saldo suficiente para atendas, que nse tenham processado na ca pra, bem como os Restos a Pagar com prescri interrompida e os compromissos reconhecidos ap encerramento do exerco correspondente poderser pagos onta de dota especca consignada no orento, discriminada por elementos, obedecida, sempre que possl, a ordem cronola.</s>
    <s>Art. 38. Reverte ota a importia de despesa anulada no exerco, quando a anula ocorrer ap encerramento de considerar-se-eceita do ano em que se efetivar.</s>
    <s>Art. 39. As importias relativas a tributo, multas e crtos da Fazenda Pa, lanos mas ncobrados ou nrecolhidos no exerco de origem, constituem Dda Ativa a partir da data de sua inscri.</s>
    <s>Parafo . As importias dos tributos e demais rendas nsujeitas a lanentos ou nlanas, serescrituradas como receita do exerco em que forem arrecadas nas respectivas rubricas orentas, desde que at ato do recebimento ntenham sido inscritas como Dda Ativa.</s>
    <s>Art. 39. Os crtos da Fazenda Pa, de natureza tributa ou ntributa, serescriturados como receita do exerco em que forem arrecadados, nas respectivas rubricas orentas. (Reda dada pelo Decreto Lei n 1.735, de 20.12.1979)</s>
    <s>1 - Os crtos de que trata este artigo, exigis pelo transcurso do prazo para pagamento, serinscritos, na forma da legisla pra, como Dda Ativa, em registro pro, appurada a sua liquidez e certeza, e a respectiva receita serscriturada a esse tlo. (Parafo inclu pelo Decreto Lei n 1.735, de 20.12.1979)</s>
    <s>2 - Dda Ativa Tributa crto da Fazenda Pa dessa natureza, proveniente de obriga legal relativa a tributos e respectivos adicionais e multas, e Dda Ativa nTributa sos demais crtos da Fazenda Pa, tais como os provenientes de emprimos compulss, contribuis estabelecidas em lei, multa de qualquer origem ou natureza, exceto as tributas, foros, laudos, alugueis ou taxas de ocupa, custas processuais, pre de servi prestados por estabelecimentos pos, indenizas, reposis, restituis, alcances dos responsis definitivamente julgados, bem assim os crtos decorrentes de obrigas em moeda estrangeira, de subroga de hipoteca, fian aval ou outra garantia, de contratos em geral ou de outras obrigas legais. (Parafo inclu pelo Decreto Lei n 1.735, de 20.12.1979)</s>
    <s>3 - O valor do crto da Fazenda Nacional em moeda estrangeira seronvertido ao correspondente valor na moeda nacional axa cambial oficial, para compra, na data da notifica ou intima do devedor, pela autoridade administrativa, ou, ua falta, na data da inscri da Dda Ativa, incidindo, a partir da convers a atualiza moneta e os juros de mora, de acordo com preceitos legais pertinentes aos dtos tributos. (Parafo inclu pelo Decreto Lei n 1.735, de 20.12.1979)</s>
    <s>4 - A receita da Dda Ativa abrange os crtos mencionados nos parafos anteriores, bem como os valores correspondentes espectiva atualiza moneta, ulta e juros de mora e ao encargo de que tratam o art. 1 do Decreto-lei n 1.025, de 21 de outubro de 1969, e o art. 3 do Decreto-lei n 1.645, de 11 de dezembro de 1978. (Parafo inclu pelo Decreto Lei n 1.735, de 20.12.1979)</s>
    <s>5 - A Dda Ativa da Uniserpurada e inscrita na Procuradoria da Fazenda Nacional. (Parafo inclu pelo Decreto Lei n 1.735, de 20.12.1979)</s>
    <s>TULO V</s>
    <s>Dos Crtos Adicionais</s>
    <s>Art. 40. Scrtos adicionais, as autorizas de despesa ncomputadas ou insuficientemente dotadas na Lei de Orento.</s>
    <s>Art. 41. Os crtos adicionais classificam-se em:</s>
    <s>I - suplementares, os destinados a ref de dota orenta;</s>
    <s>II - especiais, os destinados a despesas para as quais nhaja dota orenta especca;</s>
    <s>III - extraordinos, os destinados a despesas urgentes e imprevistas, em caso de guerra, como intestina ou calamidade pa.</s>
    <s>Art. 42. Os crtos suplementares e especiais serautorizados por lei e abertos por decreto executivo.</s>
    <s>Art. 43. A abertura dos crtos suplementar es e especiais depende da existia de recursos disponis para ocorrer a despesa e serrecedida de exposi justificativa. (Veto rejeitado no D.O. 05/05/1964)</s>
    <s>1 Consideram-se recursos para o fim deste artigo, desde que ncomprometidos: (Veto rejeitado no D.O. 05/05/1964)</s>
    <s>I - o supert financeiro apurado em balanpatrimonial do exerco anterior; (Veto rejeitado no D.O. 05/05/1964)</s>
    <s>II - os provenientes de excesso de arrecada; (Veto rejeitado no D.O. 05/05/1964)</s>
    <s>III - os resultantes de anula parcial ou total de dotas orentas ou de crtos adicionais, autorizados em Lei ; (Veto rejeitado no D.O. 05/05/1964)</s>
    <s>IV - o produto de operas de credito autorizadas, em forma que juridicamente possibilite ao poder executivo realiza-las . (Veto rejeitado no D.O. 05/05/1964)</s>
    <s>2 Entende-se por supert financeiro a diferenpositiva entre o ativo financeiro e o passivo financeiro, conjugando-se, ainda, os saldos dos crtos adicionais transferidos e as operas de credito a eles vinculadas. (Veto rejeitado no D.O. 05/05/1964)</s>
    <s>3 Entende-se por excesso de arrecada, para os fins deste artigo, o saldo positivo das diferen acumuladas ma mentre a arrecada prevista e a realizada, considerando-se, ainda, a tendia do exerco. (Veto rejeitado no D.O. 05/05/1964)</s>
    <s>4 Para o fim de apurar os recursos utilizis, provenientes de excesso de arrecada, deduzir-se-a a importia dos crtos extraordinos abertos no exerco . (Veto rejeitado no D.O. 05/05/1964)</s>
    <s>Art. 44. Os crtos extraordinos serabertos por decreto do Poder Executivo, que ds darmediato conhecimento ao Poder Legislativo.</s>
    <s>Art. 45. Os crtos adicionais tervigia adstrita ao exerco financeiro em que forem abertos, salvo expressa disposi legal em contro, quanto aos especiais e extraordinos.</s>
    <s>Art. 46. O ato que abrir crto adicional indicar importia, a espe do mesmo e a classifica da despesa, atnde fossl.</s>
    <s>TULO VI</s>
    <s>Da Execu do Orento</s>
    <s>CAPULO I</s>
    <s>Da Programa da Despesa</s>
    <s>Art. 47. Imediatamente ap promulga da Lei de Orento e com base nos limites nela fixados, o Poder Executivo aprovarm quadro de cotas trimestrais da despesa que cada unidade orenta fica autorizada a utilizar.</s>
    <s>Art. 48 A fixa das cotas a que se refere o artigo anterior atenderos seguintes objetivos:</s>
    <s>a) assegurar unidades orentas, em tempo a soma de recursos necessos e suficientes a melhor execu do seu programa anual de trabalho;</s>
    <s>b) manter, durante o exerco, na medida do possl o equilio entre a receita arrecadada e a despesa realizada, de modo a reduzir ao mmo eventuais insuficiias de tesouraria.</s>
    <s>Art. 49. A programa da despesa orenta, para feito do disposto no artigo anterior, levarm conta os crtos adicionais e as operas extra-orentas.</s>
    <s>Art. 50. As cotas trimestrais poderser alteradas durante o exerco, observados o limite da dota e o comportamento da execu orenta.</s>
    <s>CAPULO II</s>
    <s>Da Receita</s>
    <s>Art. 51. Nenhum tributo serxigido ou aumentado sem que a lei o estabele nenhum serobrado em cada exerco sem pra autoriza orenta, ressalvados a tarifa aduaneira e o imp lano por motivo de guerra.</s>
    <s>Art. 52. Sobjeto de lanento os impostos diretos e quaisquer outras rendas com vencimento determinado em lei, regulamento ou contrato.</s>
    <s>Art. 53. O lanento da receita, o ato da reparti competente, que verifica a procedia do crto fiscal e a pessoa que lhe evedora e inscreve o dto desta.</s>
    <s>Art. 54. Nserdmitida a compensa da observa de recolher rendas ou receitas com direito credit contra a Fazenda Pa.</s>
    <s>Art. 55. Os agentes da arrecada devem fornecer recibos das importias que arrecadarem.</s>
    <s>1 Os recibos devem conter o nome da pessoa que paga a soma arrecadada, proveniia e classifica, bem como a data a assinatura do agente arrecadador.(Veto rejeitado no D.O. 05/05/1964)</s>
    <s>2 Os recibos serfornecidos em uma via.</s>
    <s>Art. 56. O recolhimento de t as receitas far-se-m estrita observia ao princo de unidade de tesouraria, vedada qualquer fragmenta para cria de caixas especiais.</s>
    <s>Art. 57. Ressalvado o disposto no parafo do artigo 3 . desta lei serclassificadas como receita orenta, sob as rubricas pras, t as receitas arrecadadas, inclusive as provenientes de operas de crto, ainda que nprevistas no Orento. (Veto rejeitado no D.O. 05/05/1964)</s>
    <s>CAPULO III</s>
    <s>Da Despesa</s>
    <s>Art. 58. O empenho de despesa ato emanado de autoridade competente que cria para o Estado obriga de pagamento pendente ou nde implemento de condi. (Veto rejeitado no D.O. 05/05/1964)</s>
    <s>Art. 59. O empenho da despesa npoderxceder o limite dos crtos concedidos.</s>
    <s>Art. 59 - O empenho da despesa npoderxceder o limite dos crtos concedidos. (Reda dada pela Lei n 6.397, de 10.12.1976)</s>
    <s>1 Ressalvado o disposto no Art. 67 da Constitui Federal, edado aos Municos empenhar, no o mdo mandato do Prefeito, mais do que o duodmo da despesa prevista no orento vigente. (Parafo inclu pela Lei n 6.397, de 10.12.1976)</s>
    <s>2 Fica, tamb vedado aos Municos, no mesmo pero, assumir, por qualquer forma, compromissos financeiros para execu depois do tino do mandato do Prefeito. (Parafo inclu pela Lei n 6.397, de 10.12.1976)</s>
    <s>3 As disposis dos parafos anteriores nse aplicam nos casos comprovados de calamidade pa. (Parafo inclu pela Lei n 6.397, de 10.12.1976)</s>
    <s>4 Reputam-se nulos e de nenhum efeito os empenhos e atos praticados em desacordo com o disposto nos parafos 1 e 2 deste artigo, sem preju da responsabilidade do Prefeito nos termos do Art. 1, inciso V, do Decreto-lei n. 201, de 27 de fevereiro de 1967. (Parafo inclu pela Lei n 6.397, de 10.12.1976)</s>
    <s>Art. 60. vedada a realiza de despesa sem pro empenho.</s>
    <s>1 Em casos especiais previstos na legisla especca serispensada a emissda nota de empenho.</s>
    <s>2 Sereito por estimativa o empenho da despesa cujo montante nse possa determinar.</s>
    <s>3 permitido o empenho global de despesas contratuais e outras, sujeitas a parcelamento.</s>
    <s>Art. 61. Para cada empenho serxtra um documento denominado &quot;nota de empenho&quot; que indicar nome do credor, a representa e a importia da despesa bem como a dedu desta do saldo da dota pra.</s>
    <s>Art. 62. O pagamento da despesa srfetuado quando ordenado apua regular liquida.</s>
    <s>Art. 63. A liquida da despesa consiste na verifica do direito adquirido pelo credor tendo por base os tlos e documentos comprobats do respectivo crto.</s>
    <s>1 Essa verifica tem por fim apurar:</s>
    <s>I - a origem e o objeto do que se deve pagar;</s>
    <s>II - a importia exata a pagar;</s>
    <s>III - a quem se deve pagar a importia, para extinguir a obriga.</s>
    <s>2 A liquida da despesa por fornecimentos feitos ou servi prestados teror base:</s>
    <s>I - o contrato, ajuste ou ac respectivo;</s>
    <s>II - a nota de empenho;</s>
    <s>III - os comprovantes da entrega de material ou da presta efetiva do servi</s>
    <s>Art. 64. A ordem de pagamento despacho exarado por autoridade competente, determinando que a despesa seja paga.</s>
    <s>Parafo . A ordem de pagamento sderer exarada em documentos processados pelos servi de contabilidade (Veto rejeitado no D.O. 05/05/1964)</s>
    <s>Art. 65. O pagamento da despesa serfetuado por tesouraria ou pagadoria regularmente institus por estabelecimentos bancos credenciados e, em casos excepcionais, por meio de adiantamento.</s>
    <s>Art. 66. As dotas atribus diversas unidades orentas poderquando expressamente determinado na Lei de Orento ser movimentadas por os centrais de administra geral.</s>
    <s>Parafo . permitida a redistribui de parcelas das dotas de pessoal, de uma para outra unidade orenta, quando considerada indispensl ovimenta de pessoal dentro das tabelas ou quadros comuns unidades interessadas, a que se realize em obediia egisla especca.</s>
    <s>Art. 67. Os pagamentos devidos pela Fazenda Pa, em virtude de sentenjudicia, far-se-na ordem de apresenta dos precats e onta dos crtos respectivos, sendo proibida a designa de casos ou de pessoas nas dotas orentas e nos crtos adicionais abertos para e fim.</s>
    <s>Art. 68. O regime de adiantamento plicl aos casos de despesas expressamente definidos em lei e consiste na entrega de numero a servidor, sempre precedida de empenho na dota pra para o fim de realizar despesas, que npossam subordinar-se ao processo normal de aplica.</s>
    <s>Art. 69. Nse fardiantamento a servidor em alcance nem a responsl por dois adiantamento. (Veto rejeitado no D.O. 05/05/1964)</s>
    <s>Art. 70. A aquisi de material, o fornecimento e a adjudica de obras e servi serregulados em lei, respeitado o princo da concorria.</s>
    <s>TULO VII</s>
    <s>Dos Fundos Especiais</s>
    <s>Art. 71. Constitui fundo especial o produto de receitas especificadas que por lei se vinculam ealiza de determinados objetivos ou servi, facultada a ado de normas peculiares de aplica.</s>
    <s>Art. 72. A aplica das receitas orentas vinculadas a turnos especiais far-se-travde dota consignada na Lei de Orento ou em crtos adicionais.</s>
    <s>Art. 73. Salvo determina em contro da lei que o instituiu, o saldo positivo do fundo especial apurado em balanserransferido para o exerco seguinte, a crto do mesmo fundo.</s>
    <s>Art. 74. A lei que instituir fundo especial podereterminar normas peculiares de contr presta e tomada de contas, sem de qualquer modo, elidir a competia especca do Tribunal de Contas ou o equivalente.</s>
    <s>TULO VIII</s>
    <s>Do Contrda Execu Orenta</s>
    <s>CAPULO I</s>
    <s>Disposis Gerais</s>
    <s>Art. 75. O contrda execu orenta compreender/font&gt;</s>
    <s>I - a legalidade dos atos de que resultem a arrecada da receita ou a realiza da despesa, o nascimento ou a extin de direitos e obrigas;</s>
    <s>II - a fidelidade funcional dos agentes da administra, responsis por bens e valores pos;</s>
    <s>III - o cumprimento do programa de trabalho expresso em tos monetos e em tos de realiza de obras e presta de servi.</s>
    <s>CAPULO II</s>
    <s>Do ContrInterno</s>
    <s>Art. 76. O Poder Executivo exercers trtipos de contra que se refere o artigo 75, sem preju das atribuis do Tribunal de Contas ou o equivalente.</s>
    <s>Art. 77. A verifica da legalidade dos atos de execu orenta serra, concomitante e subseq</s>
    <s>Art. 78. Alda presta ou tomada de contas anual, quando institu em lei, ou por fim de gest poderaver, a qualquer tempo, levantamento, presta ou tomada de contas de todos os responsis por bens ou valores pos.</s>
    <s>Art. 79. Ao o incumbido da elabora da proposta orenta ou a outro indicado na legisla, caber contrestabelecido no inciso III do artigo 75.</s>
    <s>Parafo . se controle far-se-quando f caso, em tos de unidades de medida, pramente estabelecidos para cada atividade.</s>
    <s>Art. 80. Compete aos servi de contabilidade ou os equivalentes verificar a exata observia dos limites das cotas trimestrais atribus a cada unidade orenta, dentro do sistema que fnstitu para e fim.</s>
    <s>CAPULO III</s>
    <s>Do ContrExterno</s>
    <s>Art. 81. O contrda execu orenta, pelo Poder Legislativo, teror objetivo verificar a probidade da administra, a guarda e legal empr dos dinheiros pos e o cumprimento da Lei de Orento.</s>
    <s>Art. 82. O Poder Executivo, anualmente, prestarontas ao Poder Legislativo, no prazo estabelecido nas Constituis ou nas Leis Orgcas dos Municos.</s>
    <s>1 As contas do Poder Executivo sersubmetidas ao Poder Legislativo, com Parecer pro do Tribunal de Contas ou o equivalente.</s>
    <s>2 Quando, no Munico nhouver Tribunal de Contas ou o equivalente, a Cra de Vereadores poderesignar peritos contadores para verificarem as contas do prefeito e s elas emitirem parecer.</s>
    <s>TULO IX</s>
    <s>Da Contabilidade</s>
    <s>CAPULO I</s>
    <s>Disposis Gerais</s>
    <s>Art. 83. A contabilidade evidenciarerante a Fazenda Pa a situa de todos quantos, de qualquer modo, arrecadem receitas, efetuem despesas, administrem ou guardem bens a ela pertencentes ou confiados.</s>
    <s>Art. 84. Ressalvada a competia do Tribunal de Contas ou o equivalente, a tomada de contas dos agentes responsis por bens ou dinheiros pos serealizada ou superintendida pelos servi de contabilidade.</s>
    <s>Art. 85. Os servi de contabilidade serorganizados de forma a permitirem o acompanhamento da execu orenta, o conhecimento da composi patrimonial, a determina dos custos dos servi industriais, o levantamento dos balan gerais, a anse e a interpreta dos resultados econos e financeiros.</s>
    <s>Art. 86. A escritura sintca das operas financeiras e patrimoniais efetuar-se-elo mdo das partidas dobradas.</s>
    <s>Art. 87. Haverontrcontl dos direitos e obrigas oriundos de ajustes ou contratos em que a administra pa farte.</s>
    <s>Art. 88. Os dtos e crtos serescriturados com individua do devedor ou do credor e especifica da natureza, importia e data do vencimento, quando fixada.</s>
    <s>Art. 89. A contabilidade evidenciars fatos ligados dministra orenta, financeira patrimonial e industrial.</s>
    <s>CAPULO II</s>
    <s>Da Contabilidade Orenta e Financeira</s>
    <s>Art. 90 A contabilidade devervidenciar, em seus registros, o montante dos crtos orentos vigentes, a despesa empenhada e a despesa realizada, onta dos mesmos crtos, e as dotas disponis.</s>
    <s>Art. 91. O registro contl da receita e da despesa far-se-e ac com as especificas constantes da Lei de Orento e dos crtos adicionais.</s>
    <s>Art. 92. A dda flutuante compreende:</s>
    <s>I - os restos a pagar, exclus os servi da dda;</s>
    <s>II - os servi da dda a pagar;</s>
    <s>III - os depos;</s>
    <s>IV - os dtos de tesouraria.</s>
    <s>Parafo . O registro dos restos a pagar far-se-or exerco e por credor distinguindo-se as despesas processadas das nprocessadas.</s>
    <s>Art. 93. T as operas de que resultem dtos e crtos de natureza financeira, ncompreendidas na execu orenta, sertambobjeto de registro, individua e contrcontl.</s>
    <s>CAPULO III</s>
    <s>Da Contabilidade Patrimonial e Industrial</s>
    <s>Art. 94. Haveregistros analcos de todos os bens de carr permanente, com indica dos elementos necessos para a perfeita caracteriza de cada um ds e dos agentes responsis pela sua guarda e administra.</s>
    <s>Art. 95 A contabilidade manteregistros sintcos dos bens ms e ims.</s>
    <s>Art. 96. O levantamento geral dos bens ms e ims teror base o invento analco de cada unidade administrativa e os elementos da escritura sintca na contabilidade.</s>
    <s>Art. 97. Para fins orentos e determina dos devedores, ter-se- registro contl das receitas patrimoniais, fiscalizando-se sua efetiva.</s>
    <s>Art. 98. A divida fundada compreende os compromissos de exigibilidade superior a doze meses, contras para atender a desequilio orento ou a financeiro de obras e servi pos. (Veto rejeitado no D.O. 05/05/1964)</s>
    <s>Parafo . A dda fundada serscriturada com individua e especificas que permitam verificar, a qualquer momento, a posi dos emprimos, bem como os respectivos servi de amortiza e juros.</s>
    <s>Art. 99. Os servi pos industriais, ainda que norganizados como empr pa ou autuica, mantercontabilidade especial para determina dos custos, ingressos e resultados, sem preju da escritura patrimonial e financeiro comum.</s>
    <s>Art. 100 As alteras da situa lida patrimonial, que abrangem os resultados da execu orenta, bem como as varias independentes dessa execu e as superveniias e insubsistia ativas e passivas, constituirelementos da conta patrimonial.</s>
    <s>CAPULO IV</s>
    <s>Dos Balan</s>
    <s>Art. 101. Os resultados gerais do exerco serdemonstrados no BalanOrento, no BalanFinanceiro, no BalanPatrimonial, na Demonstra das Varias Patrimoniais, segundo os Anexos ns 12, 13, 14 e 15 e os quadros demonstrativos constantes dos Anexos ns 1, 6, 7, 8, 9, 10, 11, 16 e 17.</s>
    <s>Art. 102. O BalanOrento demonstrars receitas e despesas previstas em confronto com as realizadas.</s>
    <s>Art. 103. O BalanFinanceiro demonstrar receita e a despesa orentas bem como os recebimentos e os pagamentos de natureza extra-orenta, conjugados com os saldos em espe provenientes do exerco anterior, e os que se transferem para o exerco seguinte.</s>
    <s>Parafo . Os Restos a Pagar do exerco sercomputados na receita extra-orenta para compensar sua inclusna despesa orenta.</s>
    <s>Art. 104. A Demonstra das Varias Patrimoniais evidenciars alteras verificadas no patrim, resultantes ou independentes da execu orenta, e indicar resultado patrimonial do exerco.</s>
    <s>Art. 105. O BalanPatrimonial demonstrar/font&gt;</s>
    <s>I - O Ativo Financeiro;</s>
    <s>II - O Ativo Permanente;</s>
    <s>III - O Passivo Financeiro;</s>
    <s>IV - O Passivo Permanente;</s>
    <s>V - O Saldo Patrimonial;</s>
    <s>VI - As Contas de Compensa.</s>
    <s>1 O Ativo Financeiro compreenders crtos e valores realizis independentemente de autoriza orenta e os valores numeros.</s>
    <s>2 O Ativo Permanente compreenders bens, crtos e valores, cuja mobiliza ou aliena dependa de autoriza legislativa.</s>
    <s>3 O Passivo Financeiro compreenders ddas fundadas e outros pagamento independa de autoriza orenta.</s>
    <s>4 O Passivo Permanente compreenders ddas fundadas e outras que dependam de autoriza legislativa para amortiza ou resgate.</s>
    <s>5 Nas contas de compensa serregistrados os bens, valores, obrigas e situas ncompreendidas nos parafos anteriores e que, imediata ou indiretamente, possam vir a afetar o patrim.</s>
    <s>Art. 106. A avalia dos elementos patrimoniais obedecers normas seguintes:</s>
    <s>I - os dtos e crtos, bem como os tlos de renda, pelo seu valor nominal, feita a convers quando em moeda estrangeira, axa de cio vigente na data do balan</s>
    <s>II - os bens ms e ims, pelo valor de aquisi ou pelo custo de produ ou de constru;</s>
    <s>III - os bens de almoxarifado, pelo premo ponderado das compras.</s>
    <s>1 Os valores em espe, assim como os dtos e crtos, quando em moeda estrangeira, deverfigurar ao lado das correspondentes importias em moeda nacional.</s>
    <s>2 As varias resultantes da conversdos dtos, crtos e valores em espe serlevadas onta patrimonial.</s>
    <s>3 Poderser feitas reavalias dos bens ms e ims.</s>
    <s>TULO X</s>
    <s>Das Autarquias e Outras Entidades</s>
    <s>Art. 107. As entidades autuicas ou paraestatais, inclusive de previdia social ou investidas de delega para arrecada de contribuis para fiscais da Uni dos Estados, dos Municos e do Distrito Federal terseus orentos aprovados por decreto do Poder Executivo, salvo se disposi legal expressa determinar que o sejam pelo Poder Legislativo.</s>
    <s>Parafo . Compreendem-se nesta disposi as emprs com autonomia financeira e administrativa cujo capital pertencer, integralmente, ao Poder Po.</s>
    <s>Art. 108. Os orentos das entidades referidas no artigo anterior vincular-se-ao orento da Uni dos Estados, dos Municos e do Distrito Federal, pela inclus</s>
    <s>I - como receita, salvo disposi legal em contro, de saldo positivo previsto entre os totais das receitas e despesas;</s>
    <s>II - como subven econa, na receita do orento da beneficia, salvo disposi legal em contro, do saldo negativo previsto entre os totais das receitas e despesas.</s>
    <s>1 Os investimentos ou inversfinanceiras da Uni dos Estados, dos Municos e do Distrito Federal, realizados por intermo das entidades aludidas no artigo anterior, serclassificados como receita de capital destas e despesa de transferia de capital daqueles.</s>
    <s>2 As previspara deprecia sercomputadas para efeito de apura do saldo lido das mencionadas entidades.</s>
    <s>Art. 109. Os orentos e balan das entidades compreendidas no artigo 107 serpublicados como complemento dos orentos e balan da Uni dos Estados, dos Municos e do Distrito Federal a que estejam vinculados.</s>
    <s>Art. 110. Os orentos e balan das entidades jeferidas, obedeceraos padre normas institus por esta lei, ajustados respectivas peculiaridades.</s>
    <s>Parafo . Dentro do prazo que a legisla fixar, os balan serremetidos ao o central de contabilidade da Uni dos Estados, dos Municos e do Distrito Federal, para fins de incorpora dos resultados, salvo disposi legal em contro.</s>
    <s>TULO XI</s>
    <s>Disposis Finais</s>
    <s>Art. 111. O Conselho Tico de Economia e Finan do Ministo da Fazenda, alde outras apuras, para fins estaticos, de intere nacional, organizar publicar balanconsolidado das contas da Uni Estados, Municos e Distrito Federal, suas autarquias e outras entidades, bem como um quadro estruturalmente idico, baseado em dados orentos.</s>
    <s>1 Os quadros referidos neste artigo tera estrutura do Anexo n. 1.</s>
    <s>2 O quadro baseado nos orentos serublicado at o dia do primeiro semestre do pro exerco e o baseado nos balan, at o dia do segundo semestre do exerco imediato ele a que se referirem.</s>
    <s>Art. 112. Para cumprimento do disposto no artigo precedente, a Uni os Estados, os Municos e o Distrito Federal remeterao mencionado o, at0 de abril, os orentos do exerco, e at0 de junho, os balan do exerco anterior.</s>
    <s>Parafo . O pagamento, pela Uni de auxo ou contribui a Estados, Municos ou Distrito Federal, cuja concessndecorra de imperativo constitucional, dependere prova do atendimento ao que se determina neste artigo.</s>
    <s>Art. 113. Para fiel e uniforme aplica das presentes normas, o Conselho Tico de Economia e Finan do Ministo da Fazenda atender consultas, coligirlementos, promover intercio de dados informativos, expedirecomendas ticas, quando solicitadas, e atualizarempre que julgar conveniente, os anexos que integram a presente lei.</s>
    <s>Parafo . Para os fins previstos neste artigo, poderser promovidas, quando necesso, conferias ou reuniticas, com a participa de representantes das entidades abrangidas por estas normas.</s>
    <s>Art. 114. Os efeitos desta lei scontados a partir de 1 de janeiro de 1964.</s>
    <s>Art. 114. Os efeitos desta lei scontados a partir de 1 de janeiro de 1964 para o fim da elabora dos orentos e a partir de 1 de janeiro de 1965, quanto demais atividades estatus. (Reda dada pela Lei n 4.489, de 19.11.1964)</s>
    <s>Art. 115. Revogam-se as disposis em contro.</s>
    <s>Brasa, 17 de marde 1964; 143 da Independia e 76 da Repa.</s>
    <s>JO GULART</s>
    <s>Abelardo Jurema</s>
    <s>Sylvio Borges de Souza Motta</s>
    <s>Jair Ribeiro</s>
    <s>JoAugusto de Araastro</s>
    <s>Waldyr Ramos Borges</s>
    <s>Expedito Machado</s>
    <s>Oswaldo Costa Lima Filho</s>
    <s>JForquim Sambaquy</s>
    <s>Amaury Silva</s>
    <s>Anysio Botelho</s>
    <s>Wilson Fadul</s>
    <s>Antonio Oliveira Brito</s>
    <s>Egydio Michaelsen</s>
    <s>Este texto nsubstitui o publicado no DOU de 23.3.1964, retificada no DOU de 9.4.1964 e retificada no DOU de 3.6.1964</s>
    <s>Download para anexos</s>
    <s>Vide altera dos anexos pela portaria STN n 749/2009 Vide Portaria STN n 749, de 15.12.2009</s>
    <s>Vide altera dos anexos pela portaria STN n 665/2010 Vide Portaria STN n 665, de 30.11.2010</s>
    <s>&gt; LEI N. 4.320, DE 17 DE MAR DE 1964</s>
    <s>Partes vetadas pelo Presidente da Repa e mantidas pelo Congresso Nacional, do Projeto que se transformou na Lei n.4.320,de 17 de marde 1964 (que estatui normas gerais de direito financeiro para elabora e controle dos orentos e balan da Uni dos Estados, dos Municos e do Distrito Federal ).</s>
    <s>O Presidente da Repa Fasaber que o Congresso Nacional decreta e eu promulgo na forma do Parafo 3 do Artigo 70 da Constitui Federal os seguintes dispositivos da Lei n 4.320, de 17 de marde 1964.</s>
    <s>&quot;Art. 3 .</s>
    <s>Parafo Nse consideram para os fins deste artigo as operas de crto por antecipa da receita, as emissde papel-moeda e outras entradas compensats no ativo e passivo financeiros&quot;.</s>
    <s>&quot;Art. 6 .</s>
    <s>2 - Para cumprimento do disposto no parafo anterior, o culo das cotas teror base os dados apurados no balando exerco anterior aquele em que se elaborar a proposta orenta do Governo obrigado ransferia&quot;.</s>
    <s>&quot;Art. 7 .</s>
    <s>I ..</s>
    <s> obedecidas as disposis do artigo 43&quot;. .</s>
    <s>&quot;Art. 9 Tributo receita derivada institu pelas entidades de direito po, compreendendo os impostos, as taxas e contribuis nos termos da Constitui e das leis vigentes em matas financeira destinando-se o seu produto ao custeio de atividades gerais ou especcas exercidas por essa entidades.&quot;</s>
    <s>&quot;Art. 14 .</s>
    <s>subordinados ao mesmo o ou reparti &quot;.</s>
    <s>&quot;Art. 15 .</s>
    <s>&quot;Art. 15 .</s>
    <s>1 Entende-se por elementos o desdobramento da despesa com pessoal, material, servi, obras e outros meios de que se refere a administra pa para consecu dos seus fins&quot;.</s>
    <s>&quot;Art. 43. A abertura dos crtos suplementares e especiais depende da existia de recursos disponis para ocorrer espesa e serrecedida de exposi justificativa.</s>
    <s>1 Consideram-se recursos para o fim deste artigo, deste que ncomprometidos;</s>
    <s>I o superavit financeiro apurado em balanpatrimonial do exerco anterior;</s>
    <s>II os provenientes de excesso de arrecada;</s>
    <s>III os resultantes de anula parcial ou total de dotas orentas ou de crtos adicionais, autorizados em lei;</s>
    <s>IV o produto de operas de crto autorizadas, em forma que juridicamente possibilite o Poder Executivo realizas.</s>
    <s>2 Entende-se por superavit financeiro a diferenpositiva entre o ativo financeiro e o passivo financeiro conjugando-se ainda, os saldos dos crtos adicionais transferidos e as operas de crto a eles vinculadas.</s>
    <s>3 Entende-se por excesso de arrecada, para os fins deste artigo, o saldo positivo das diferen acumuladas ma m entre a arrecada prevista e a realizada, considerando-se ainda, a tendia do exerco.</s>
    <s>4 Para o fim de apurar os recursos utilizis, provenientes de excesso de arrecada deduzir-se- importia dos crtos extraordinos abertos no exerco&quot;.</s>
    <s>&quot;Art. 55 </s>
    <s>1 - Os recibos devem conter o nome da pessoa que paga a soma arrecadada, proveniia, e classifica, bem como a data e assinatura do agente arrecadador&quot;.</s>
    <s>&quot;Art. 57 Ressalvado o disposto no parafo do artigo 3 desta lei ..</s>
    <s>&quot;Art. 58 .</s>
    <s> ..ou n</s>
    <s> .. &quot;.</s>
    <s>&quot;Art. 64 .</s>
    <s>Parafo . A ordem de pagamento sderer exarada em documentos processados pelos servi de contabilidade&quot;.</s>
    <s>&quot;Art. 69 .</s>
    <s> . nem o responsl por dois adiantamentos&quot;.</s>
    <s>&quot;Art. 92. A dda fundada serscriturada com individua e especificas que permitem verificar, a qualquer momento, a posi dos emprimos, bem como os respectivos servi de amortiza e juros&quot;.</s>
    <s>Brasa, 4 de maio de 1964; 1432 da Independia e 76 da Repa.</s>
    <s>H. Castello Branco.</s>
  </text>
</page>
