<?xml version="1.0" encoding="UTF-8"?>
<!DOCTYPE page SYSTEM "page.dtd">
<page>
  <lang>pt</lang>
  <url>http://enancib.ibict.br/index.php/xii/enancibXII/schedConf/trackPolicies</url>
  <title>Políticas dos GTs</title>
  <snippet>
    <s>Conteúdo da Conferência Pesquisa Sistema Eletrônico de Administração de Conferências Coordenadora: Maria Luiza de Almeida Campos (UFF). </s>
  </snippet>
  <text>
    <s>POLÍTICAS DE INFORMAÇÃO PARA A SOCIEDADE</s>
    <s>23 a 26 DE OUTUBRO DE 2011</s>
    <s>XII Encontro Nacional de Pesquisa em Ciência da Informação</s>
    <s>XII ENANCIB</s>
    <s>Local: Brasília - DF, FACULDADE DE CIÊNCIA DA INFORMAÇÃO (FCI) da UnB</s>
    <s>Para leitores</s>
    <s>Para Autores</s>
    <s>Conteúdo da Conferência Pesquisa</s>
    <s>Todos Autor Título Resumo Termos indexados Texto Completo</s>
    <s>Informações sobre a Conferência</s>
    <s>» Visão Geral</s>
    <s>» Políticas dos GTs</s>
    <s>» Programa</s>
    <s>» Apresentações</s>
    <s>» Agenda da Conferência</s>
    <s>» Inscrição</s>
    <s>» Acomodações</s>
    <s>» Organização e Parceiros</s>
    <s>» Cronograma</s>
    <s>Por Conferência</s>
    <s>Por Autor</s>
    <s>Por título</s>
    <s>Lembrar de mim</s>
    <s>Assinar / Cancelar assinatura de notificações</s>
    <s>Tamanho da fonte</s>
    <s>Sistema Eletrônico de Administração de Conferências</s>
    <s>Conferências atuais</s>
    <s>Capa &gt; XII ENANCIB: POLÍTICAS DE INFORMAÇÃO PARA A SOCIEDADE &gt; XII ENANCIB: POLÍTICAS DE INFORMAÇÃO PARA A SOCIEDADE &gt; Políticas dos GTs</s>
    <s>Políticas dos GTs</s>
    <s>GT 1: Estudos Históricos e Epistemológicos da Ciência da Informação</s>
    <s>O GTI 1 aborda Estudos Historicos e Epistemologicos da Ciencia da Informaçao. Constituiçao do campo cientifico e questoes epistemologicas e historicas da Ciencia da informaçao e seu objeto de estudo - a informaçao. Reflexoes e discussoes sobre a disciplinaridade, interdisciplinaridade e transdisciplinaridade, assim como a construçao do conhecimento na area.</s>
    <s>Coordenadora: Icleia Thiesen (UNIRIO).</s>
    <s>Icléia Thiesen, UNIRIO</s>
    <s>!Verificado Submissões Abertas</s>
    <s>!Verificado Avaliada pelos Pares</s>
    <s>GT 2: Organização e Representação do Conhecimento</s>
    <s>O GT 2 aborda Teorias, metodologias e praticas relacionadas a organizaçao e preservaçao de documentos e da informaçao, enquanto conhecimento registrado e socializado, em ambiencias informacionais tais como: arquivos, museus, bibliotecas e congeneres. Compreende, tambem, os estudos relacionados aos processos, produtos e instrumentos de representaçao do conhecimento (aqui incluindo o uso das tecnologias da informaçao) e as relaçoes inter e transdisciplinares neles verificadas, alem de aspectos relacionados as politicas de organizaçao e preservaçao da memoria institucional.</s>
    <s>Coordenadora: Maria Luiza de Almeida Campos (UFF).</s>
    <s>Maria Campos, UFF</s>
    <s>!Verificado Submissões Abertas</s>
    <s>!Verificado Avaliada pelos Pares</s>
    <s>GT 3: Mediação, Circulação e Apropriação da Informação</s>
    <s>O GT 3 aborda Estudo dos processos e das relaçoes entre mediaçao, circulaçao e apropriaçao de informaçoes, em diferentes contextos e tempos historicos, considerados em sua complexidade, dinamismo e abrangencia, bem como relacionados a construçao e ao avanço do campo cientifico da Ciencia da Informaçao, compreendido em dimensoes inter e transdisciplinares, envolvendo multiplos saberes e tematicas, bem como contribuiçoes teorico-metodologicas diversificadas em sua constituiçao.</s>
    <s>Coordenador: Marco Antonio de Almeida (USP).</s>
    <s>Marco Almeida, USP/ PPGCI-ECA e FFCLRP</s>
    <s>!Verificado Submissões Abertas</s>
    <s>!Verificado Avaliada pelos Pares</s>
    <s>GT 4: Gestão da Informação e do Conhecimento nas Organizações</s>
    <s>O GT 4 aborda Gestao da informaçao, de sistemas, de unidades, de serviços, de produtos e de recursos informacionais. Estudos de fluxos, processos e uso da informaçao na perspectiva da gestao. Metodologias de estudos de usuarios. Monitoramento ambiental e inteligencia competitiva no contexto da Ciencia da Informaçao. Redes organizacionais: estudo, analise e avaliaçao para a gestao. Gestao do conhecimento e aprendizagem organizacional no contexto da Ciencia da Informaçao. Tecnologias de Informaçao e comunicaçao aplicadas a gestao.</s>
    <s>A Coordenadora do GT e a Prof. Dra. Sueli Amaral (UnB).</s>
    <s>Sueli Amaral, UnB/FCI cedida ao IBICT-RJ</s>
    <s>!Verificado Submissões Abertas</s>
    <s>!Verificado Avaliada pelos Pares</s>
    <s>GT 5: Política e Economia da Informação</s>
    <s>GT 5: Politica e Economia da Informaçao</s>
    <s>O GT 5 aborda Politicas de informaçao e suas expressoes em diferentes campos. Sociedade da informaçao. Informaçao, Estado e governo. Propriedade intelectual. Acesso a informaçao. Economia politica da informaçao e da comunicaçao; produçao colaborativa. Informaçao, conhecimento e inovaçao. Inclusao informacional e inclusao digital. Ética e Informaçao. Informaçao e meio Ambiente.</s>
    <s>Coordenador: Clovis Montenegro de Lima (IBICT).</s>
    <s>Clovis Lima, Ibict</s>
    <s>!Verificado Submissões Abertas</s>
    <s>!Verificado Avaliada pelos Pares</s>
    <s>GT 6: Informação, Educação e Trabalho</s>
    <s>O GT 6 aborda o Campo de trabalho informacional: atores, cenarios, competencias e habilidades requeridas. Organizaçao, processos e relaçoes de trabalho em unidades de informaçao. Sociedade do Conhecimento, tecnologia e trabalho. Saude, mercado de trabalho e etica nas profissoes da informaçao. Perfis de educaçao no campo informacional. Formaçao profissional: limites, campos disciplinares envolvidos, paradigmas educacionais predominantes e estudo comparado de modelos curriculares. O trabalho informacional como campo de pesquisas: abordagens e metodologias.</s>
    <s>Coordenadora: Miriam Vieira da Cunha (UFSC).</s>
    <s>Miriam Cunha, UFSC</s>
    <s>!Verificado Submissões Abertas</s>
    <s>!Verificado Avaliada pelos Pares</s>
    <s>GT 7: Produção e Comunicação da Informação em CT&amp;I;</s>
    <s>O GT 7 aborda Mediçao, mapeamento, diagnostico e avaliaçao da informaçao nos processos de produçao, armazenamento, comunicaçao e uso, em ciencia, tecnologia e inovaçao. Inclui analises e desenvolvimento de metodos e tecnicas tais como bibliometria, cientometria, informetria, webometria, analise de rede e outros, assim como indicadores em CT&amp;I.</s>
    <s>Coordenadora: Sonia Elisa Caregnato (UFRGS).</s>
    <s>Sônia Caregnato, UFRGS</s>
    <s>!Verificado Submissões Abertas</s>
    <s>!Verificado Avaliada pelos Pares</s>
    <s>GT 8: Informação e Tecnologia</s>
    <s>O GT 8 aborda Estudos e pesquisas teorico-praticos sobre e para o desenvolvimento de tecnologias de informaçao e comunicaçao que envolvam os processos de geraçao, representaçao, armazenamento, recuperaçao, disseminaçao, uso, gestao, segurança e preservaçao da informaçao em ambientes digitais.</s>
    <s>Coordenadora: Silvana Vidotti (UNESP).</s>
    <s>Silvana Aparecida Borsetti Gregorio Vidotti, Universidade Estadual Paulista - UNESP / Faculdade de Filosofia e Ciências - FFC / Departamento e Progrma de Pós-Graduação em Ciência da Informação - PPGCI</s>
    <s>!Verificado Submissões Abertas</s>
    <s>!Verificado Avaliada pelos Pares</s>
    <s>GT 9: Museu, Patrimônio e Informação</s>
    <s>O GT 9 aborda Analise das relaçoes entre o Museu (fenomeno cultural), o Patrimonio (valor simbolico) e a Informaçao (processo), sob multiplas perspectivas teoricas e praticas de analise. Museu, patrimonio e informaçao: interaçoes e representaçoes. Patrimonio musealizado: aspectos informacionais e comunicacionais.</s>
    <s>Coordenadora: Diana Farjala Correia Lima (UNIRIO).</s>
    <s>Diana Lima, Programa de Pós-Graduaçâo em Museologia e Patrimônio (PPG-PMUS); Universidade Federal do Estado do Rio de Janeiro (UNIRIO).</s>
    <s>!Verificado Submissões Abertas</s>
    <s>!Verificado Avaliada pelos Pares</s>
    <s>GT 10: Informação e Memória</s>
    <s>O GT 10 aborda Estudos sobre a relaçao entre os campos de conhecimento da Ciencia da Informaçao e da Memoria Social. Pesquisas transdisciplinares que envolvem conceitos, teorias e praticas do binomio 'informaçao e memoria'. Memoria coletiva, coleçoes e colecionismo, discurso e memoria. Representaçoes sociais e conhecimento. Articulaçao entre arte, cultura, tecnologia, informaçao e memoria, atraves de seus referenciais, na contemporaneidade. Preservaçao e virtualizaçao da memoria social.</s>
    <s>Coordenadora: Vera Lucia Doyle Louzada de Mattos Dodebei (UNIRIO).</s>
    <s>Vera Dodebei, UNIRIO</s>
    <s>!Verificado Submissões Abertas</s>
    <s>!Verificado Avaliada pelos Pares</s>
    <s>GT 11: Informação e Saúde</s>
    <s>O GT 11 aborda estudos das teorias, metodos, estruturas e processos informacionais, em diferentes contextos da saude, considerada em sua abrangencia e complexidade. Impacto da informaçao, tecnologias, e inovaçao em saude. Informaçao nas organizaçoes de saude. Informaçao, saude e sociedade. Politicas de informaçao em saude. Formaçao e capacitaçao em informaçao em saude.</s>
    <s>Coordenador: Jorge Calmon de Almeida Biolchini (IBICT).</s>
    <s>Jorge Biolchini, IBICT</s>
    <s>!Verificado Submissões Abertas</s>
    <s>!Verificado Avaliada pelos Pares</s>
    <s>GT Local</s>
    <s>Submissoes efetuadas pelos coordenadores de GTs</s>
    <s>Jorge Fernandes, Programa de Pós-Graduação em Ciência da Informação (PPGCINF) / UnB e Departamento de Ciência da Computação/UnB</s>
    <s>Suzana Mueller, Universidade de Brasilia</s>
    <s>!Verificado Submissões Abertas</s>
    <s>!Verificado Avaliada pelos Pares</s>
    <s>Este trabalho está licenciado sob uma Licença Creative Commons Attribution 3.0 .</s>
  </text>
</page>
