<?xml version="1.0" encoding="UTF-8"?>
<!DOCTYPE page SYSTEM "page.dtd">
<page>
  <lang>pt</lang>
  <url>http://todaoferta.uol.com.br/comprar/tempos-de-janio-e-outros-tempos-vistos-por-castilho-cabral--HNK8FJ93J3</url>
  <title>Tempos de Jânio e outros Tempos vistos por Castilho Cabral - R$70 ...</title>
  <snippet>
    <s>Conferência interamericana de advogados. Congresso Jurídico Nacional. Nós somos os baianos. O banquete a Pedro Aleixo no Aeroporto. Manifesto dos </s>
  </snippet>
  <text>
    <s>Aqui vocompra, vende e negocia em tempo real. **Cadastre-se j/strong&gt;</s>
    <s>Anuncie grs</s>
    <s>Minha conta</s>
    <s>Central do usuo</s>
    <s>Todas as categorias</s>
    <s>Acesss para Velos</s>
    <s>Arte e Antiguidades</s>
    <s>Bebe Crian</s>
    <s>Cama, Mesa e Banho</s>
    <s>Celular e Telefonia</s>
    <s>Constru e Jardinagem</s>
    <s>Cras e Foto</s>
    <s>Esporte e Lazer</s>
    <s>Filmes, Seriados e Shows</s>
    <s>Inda, Comio e Agronegs</s>
    <s>Instrumentos Musicais</s>
    <s>J e Rels</s>
    <s>Ms e Decora</s>
    <s>Perfumaria e Cosmcos</s>
    <s>Pet Shop</s>
    <s>Roupas e Acesss</s>
    <s>Sex Shop</s>
    <s>Utensos Domicos</s>
    <s>Voltar para: Ino</s>
    <s>Tempos de Jo e outros Tempos vistos por Castilho Cabral -</s>
    <s>!Tempos de Jo e outros Tempos vistos por Castilho Cabral - - Livros</s>
    <s>Tempos de Jo e outros Tempos vistos por Castilho Cabral -</s>
    <s>4.437 visitas</s>
    <s>1 unidades vendidas</s>
    <s>co no an: HNK8FJ93J3</s>
    <s>7x de R$ 10,81</s>
    <s>ou R$ 70,00 ista</s>
    <s>Em at2 vezes</s>
    <s>Calcular frete</s>
    <s>PAC (encomenda normal)</s>
    <s>Inclua na lista de desejos</s>
    <s>Indique para um amigo</s>
    <s>Imprimir este an</s>
    <s>Vender produto similar</s>
    <s>ASTROLU (46)</s>
    <s>98% + !</s>
    <s>Qualificas dos compradores</s>
    <s>Veja mais informas sobre o produto</s>
    <s>Pagamento e envio</s>
    <s>Garantia: Sim</s>
    <s>Nome do livro: Tempos de Janio e Outros Tempos Vistos por Castilho Cabral, retratos do Brasil volume 11; autor: Castilho Cabral; Editora Civilizaçao Brasileira; exemplar de numero 4614; impresso em 1962; levemente amarelado pelo tempo; 319 paginas; mede14 cm X 21,5 cm</s>
    <s>OUTROS TEMPOS:</s>
    <s>Tempos do velho PRP. Grilo Junior começa na oposiçao, da e ganha banquete em cidade do interior</s>
    <s>A Oposiçao nas &quot;velhas arcadas&quot;. A &quot;Bucha&quot;. O P.D.. semente da U.D.N</s>
    <s>Julio Prestes, na vespera da posse nos Campos Eliseos. Washington Luis permite a formatura dos bachareis em 11 de agosto, mas exige aulas desde 2 de janeiro. Bacharel de calças curtas encontra-se com o presidente do Estado. O &quot;nao&quot; de Julio Prestes. Quase deputado aos 21 anos</s>
    <s>O &quot;comicio do Pacaembu&quot;. Gra-finos. Julio Prestes na fazenda do Paiol. Gente &quot;bem&quot; nas arquibancadas, povo ausente das &quot;gerais&quot;. Antevisao da derrota do Brigadeiro. A convençao da UDN escolhe, reuniao em casa de Valdemar Ferreira corta nome na chapa. Julio Prestes sem voz no Parlamento</s>
    <s>Reminiscencias de 1930. A noite de 24 de outubro na frente mineira. Revolta de legalistas. S. Paulo vencido</s>
    <s>Estado lider; Estado vencido. A gangorra das interventorias</s>
    <s>O General Miguel Costa e a Legiao Revolucionaria. Prodromos da revoluçao de 1932. &quot;Tokay&quot; inesquecivel. Reuniao em casa de Altino Arantes. Gois Monteiro adere, Miguel Costa afasta-se e adverte. O 23 de Maio</s>
    <s>O 9 de Julho. Revoluçao que para esta perdida</s>
    <s>Interventoria Valdomiro Lima. Fundaçao do P. Socialista. Plinio Salgado lança o Integralismo. Julio Prestes, verde amarelismo, veto de Washington Luis. Convençao do PSB. Rififi no no P. da Lavoura. Como Chico Preto abriria uma vaga na Camara</s>
    <s>Constituinte de 1933. Tenentes e raposas. Sao Paulo nao esquece, nao perdoa, nao transige. Getulio nomeia Armando de Sales interventor. Esfacela-se a &quot;Chapa Única&quot;, nasce o P. Constitucionalista. Getulio domina S. Paulo</s>
    <s>Deixar como esta para ver como fica. Tenentismo revive na Aliança Nacional Libertadora. Carlos, filho de Mauricio Lacerda, lança Luiz Carlos Prestes. Revolta de 1935, antecipada pelos comunistas. Prisao de Miguel Costa e Mauricio Goulart. Habeas corpus denegado. Joao Mangabeira perde habeas corpus em favor de Francisco Mangabeira. Chapelada de Rao ao Supremo</s>
    <s>Derrubada de Antonio Carlos. Joao Neves quase atrapalha. Pedro Aleixo eleito presidente da Camara. Mineiro nao erra no calculo</s>
    <s>Candidatura Armando de Sales. UDB. Ganhar a tiros, nao entregar a votos. O Tribunal de Segurança. Novo habeas corpus para Miguel Costa. Presos de 1935 homenageiam advogados, passeata integralista dissolvida. Plinio Salgado castigara im-pla-ca-vel-men-te</s>
    <s>Plano Cohen. Getulio afia as garras. Tentativa de lançamento de Pedro Aleixo como &quot;tertius&quot;. Estado de guerra, Jose Americo confia em Getulio. Golpe de 1937, começa o Estado Novo</s>
    <s>Nova dança das interventorias em S. Paulo. J. J. Cardoso de Melo nao gosta de Karl Marx. Ademar de Barros e as inauguraçoes. O velho PRP volta ao poder</s>
    <s>A noite do Estado Novo. Democracia, palavra proibida. A Guerra. Os advogados conspiram contra a ditadura. Advogado preso porque ataca interventor Amaral Peixoto em razoes forenses. Conferencia interamericana de advogados. Congresso Juridico Nacional. Nos somos os baianos. O banquete a Pedro Aleixo no Aeroporto. Manifesto dos mineiros</s>
    <s>Conferencia no Mexico. Projeto de lei eleitoral. Prisao de Virgilio Melo Franco, Austregesilo Ataide e Rafael Correa. Fura-se a censura</s>
    <s>Stettinius vem. O &quot;grito&quot; de Jose Americo. A insurreiçao das conciencias. Ato Adicional</s>
    <s>Fundaçao da UDN. Exclusivismo de Valdemar Ferreira e Joao Sampaio. Ademar, fundador da UDN, convençao da ABI. Getulio deposto, ruge o queremismo. A intriga do marmiteiro derrota o Brigadeiro. Ademar, Borghi, Mario Tavares, Almeida Prado. Carlos Lacerda mete-se na luta da UDN paulista. A polaquinha e a APR. Libelo arrazador ? carta a Valdemar Ferreira: ama a democracia e ser democrata</s>
    <s>II ? TEMPOS DE JÂNIO</s>
    <s>a) Governo de Sao Paulo</s>
    <s>Último dia na Camara dos Deputados. A prorrogaçao dos mandatos, parecer de Afonso Arinos. Mandado de segurança contestado por Cirillo. &quot;Milho&quot; perdido</s>
    <s>Choro da despedida. Baianinho desaforado</s>
    <s>Janio deputado. A UDN de Mato Grosso perde o senador, o PTB do Parana ganha o deputado</s>
    <s>Janio quer plagiar. Janio-Porfirio, piada politica, no pleito municipal. Janio na periferia. Carros de Cardoso carregam eleitores de Janio. Ademar, Garcez, Emilio, Borghi, UDN, PSD, PSP, PTB, derrotados ? Janio prefeito</s>
    <s>O fato novo: Janio, em S. Paulo, a CPI &quot;Ultima Hora&quot;, no Brasil. Os politicos vao se arrepender</s>
    <s>Confirmam-se prediçoes de Janio. Rompimento Ademar-Garcez. Auro e Emilio oferecem candidatura a senador. Comicio de Taubate e ingresso no PTN</s>
    <s>Diferenças entre campanhas ademarista e janista. A luta pela reeleiçao. Suicidio de Vargas. Quase ministro de Getulio. Nobre gesto de Porfirio da Paz. Experiencia perigosa, primeiro comicio depois da morte de Vargas</s>
    <s>O &quot;livro preto&quot; de dona Mercedes. Resultados do pleito de 1954</s>
    <s>Eleiçao de Janio aturde meios nacionais. Lacerda adverte contra Janio. Lacerda da a mao a palmatoria</s>
    <s>Almoço com Janio e Joao Neves na vespera da posse. Convite para secretario do Trabalho. Primeiras conversas com Cafe Filho</s>
    <s>Desincompatibilizaçao de Janio. Reuniao do secretariado. Tres secretarios a porta dos Campos Elisios. Auro no Rio</s>
    <s>O acordo Cafe-Janio. Intervençao de Etelvino Lins. Marcondes Filho no Ministerio</s>
    <s>Lacerda contra a &quot;barganha&quot;. Demissao de Gudin e nomeaçao de Whitaker. Marcondes Ferraz, na Viaçao. O terceiro ministerio. A &quot;bonissima&quot; e o &quot;abraço da vitoria&quot;. Auro salva Mota Filho. Dia estragado de Auro</s>
    <s>Exoneraçao da Secretaria do Trabalho. Negaças de Janio. Demissao so a pedido do presidente da Republica. Volta a Camara</s>
    <s>Encontro com Brizolla. Nem briga a tiros nem na tribuna</s>
    <s>Sucessao presidencial. Lacerda lança Etelvino. Kubitschek resiste a pressao. Poderes de &quot;assembleia constituinte&quot; ao Congresso. Lacerda propoe &quot;governo de exceçao&quot;. Golpistas e contragolpistas. MMC. &quot;Wishful thinking&quot; de Lacerda</s>
    <s>Enfarte de Cafe Filho. Prisao do Cel. Mamede. A &quot;humilhaçao&quot; de Lott. Todos de pijama. O golpe na rua. Sessao matutina na Camara. Carlos Luz abandona o Catete e navega para Santos. O Congresso vota o impedimento de Carlos Luz. Visita a Cafe Filho. Encontro com Lott. Impedimento de Cafe Filho</s>
    <s>Interinidade de Nereu Ramos. Kubitschek e Jango assumem o poder</s>
    <s>Jacareacanga. Lott continua dono do Brasil. Encontro com Lott</s>
    <s>Primeiro encontro de Janio com Kubitschek. Falconiere confirma Guedes Muniz. Boas relaçoes JQ com JK</s>
    <s>Janio administrador. Governo colegiado. Paodurismo de Carvalho Pinto. Whitaker, confisco cambial, demissao. Completa-se o acordo de consolidaçao e unificaçao de dividas. Sao Paulo ja nao precisa pedir. Gratidao a Cafe Filho. Janio, duro, arreda deputados</s>
    <s>Conferencia de Londres. Fraque de ver rainha</s>
    <s>Borghi em Londres trata da sucessao de Janio. Lino prefeito, Ademar no exilio. Protocolo de Roma: Borghi-Emilio</s>
    <s>Articulaçoes para a sucessao estadual. Emilio compoe-se com Janio. Convençao do PTN. Mineiro vence, paulista nao</s>
    <s>Janio dificil. Visita a Rio Claro. Demonstraçao de prestigio. Lembrança da campanha de 54. Comicio em sexta feira, 13 de agosto. Liçaozinha ao Castilho. &quot;Puxe a corda, Janio, que no fim aparece o Carvalho &quot; Seduçao do bruxo</s>
    <s>Coligaçao em torno de Carvalho Pinto. Começa a &quot;cortina de ferro&quot; Quintanilha-D'Horta. D'Horta secretario da Justiça ? &quot;surpresa de Janio&quot;. D'Horta, tenente de Miguel Costa. &quot;Candidatura em 1933. Advogado de Wainer, e de Ademar, coordenador politico de Janio</s>
    <s>Aspiraçao senatorial desvanecida. Emilio quer a vice</s>
    <s>A Conferencia interparlamentar do Rio. &quot;Show&quot; da conferencia: Lacerda contra Grupo Regional Latino Americano</s>
    <s>Candidatura ao Senado. Convite em nome de Janio ? tratamento igual ao de Carvalho Pinto</s>
    <s>Largado as feras. UDN compoe-se com PR, PDC abre questao. Imprevistos de Janio, preocupaçao de C. Pinto. Volta inesperada. D'Horta manobra unificaçao de chapa. Nota da Casa Civil favorece Calazans. &quot;Velha paulista&quot;. Salvar o &quot;panache&quot;</s>
    <s>UND propoe divisao de mandato de senador, por sugestao de Lacerda. Pergunta inocente a Lacerda</s>
    <s>Agruras de candidato abandonado. Declaraçoes do Cardeal. Carta do bispo de S. Andre. Injurias do Padre Calazans. Carta ao Padre</s>
    <s>Intriga ao pe do ouvido. Proteçao a Calazans. Mantido o &quot;panache&quot;. &quot;Irei criar bois&quot;</s>
    <s>Comissoes Parlamentares de Inquerito. CCP e Última Hora</s>
    <s>Marcha da Produçao e a candidatura Lott. Conversa com Kubitschek. Discurso sobre a estranha guerra do futuro Marechal</s>
    <s>Retiro na Bertioga. Esparrela em que caira um politico de 25 anos de vida publica. Ministerio por um oculo</s>
    <s>Verao em Petropolis. Conferencia com Kubitschek. Para voltar em 65, nada de Lott</s>
    <s>Janio toma posse na Camra. Encontro com a Situaçao e a Oposiçao. Funeral de chefe de Estado</s>
    <s>Janio volta ao Rio. Formaçao do &quot;estado maior&quot;. Visita a Tenorio Cavalcanti, Quintanilha ja escolhido Chefe da Casa Civil do futuro Presidente ? D'Horta toma nota</s>
    <s>b) A Campanha e o M PJQ</s>
    <s>O fenomeno Janio Quadros. O que era Janio Quadros. Porque tanto sucesso? O &quot;Janio vem ai &quot; ? esperança do Brasil</s>
    <s>&quot;A tese pessedista&quot;. Almoço fracassado com o PSD. Coquetel em casa de Renato Archer. D'Horta e a pulga atras da orelha. Janio embarca para o Japao. Procuraçao em cartorio e procuraçao em noticia. Entrevista no &quot;Cruzeiro&quot; atribuida a Janio dissolve &quot;estado maior&quot;</s>
    <s>Nasce o MPJQ e lança a candidatura Janio. PTN oficializa. Lacerda exige aliança imediata da UND com Janio, e lança Cortes para governar o Rio de Janeiro</s>
    <s>MPJQ procura um chefe. Comite da Ilha. Quintanilha quer dissolver MPJQ</s>
    <s>Frente Nacionalista e Ultimo de Carvalho pressionam PSD em favor de Lott. Bias Fortes proclama &quot;hora de S. Paulo&quot;. Mosca azul para Carvalho Pinto. Conferencia com Bias. Magalhaes Pinto voa para o Rio, diretorio da UDN define-se por Janio. Atira-se no que se ve, mata-se o que nao se ve</s>
    <s>MPJQ encontra seu presidente e começa a se desenvolver. Primeiras contribuiçoes. Desconfianças da UDN</s>
    <s>Janio viaja pelo mundo. A luta Lacerda-Juraci. Janio quer Juraci na vice. Viagem a Bahia, contra a vontade de Lacerda e Quintanilha. Dois dias com Juraci</s>
    <s>Desentendimentos com Quintanilha ? D'Horta. Carta de Janio, &quot;afoiteza de companheiros, nao amadurecidos&quot;. Maliciosa nota no &quot;Cruzeiro&quot;</s>
    <s>O MPJQ forma comites. Os &quot;10 pontos do MPJQ&quot;</s>
    <s>UDN manda emissarios a Janio. Lacerda e Aloisio na Europa. &quot;A UDN nao precisa de vassoura. Juraci e limpo&quot;</s>
    <s>Chegada de Janio. Novos desentendimentos com o &quot;grupo de S. Paulo&quot;. Sucesso no Rio. Êxito em Santos</s>
    <s>Governadores em Recife. Leandro Maciel encontra Janio. Almoço com a Oposiçao. PDC apoia Janio. Lacerda renuncia a liderança</s>
    <s>O apartamento 600 do Gloria. Reivindicaçoes do Nordeste. Convençao da UDN. &quot;Creio, e nao creio&quot;</s>
    <s>Candidatura Ferrari. UDN lança Leandro Maciel. Inicio da campanha. Almoço com Janio. À tarde, Janio renuncia</s>
    <s>A luta pela volta de Janio. Lacerda e Magalhaes em S. Paulo. O MPJQ e Carvalho Pinto. A &quot;guerra do palanque&quot;. Janio retorna</s>
    <s>Forma-se a C. Interpartidaria. A questao do secretario geral. Firma-se Virgilio Tavora</s>
    <s>Roteiro Norte-Nordeste. Enfraquecimento de Leandro</s>
    <s>Comicio em Vitoria. MPJQ sempre salva a situaçao com a &quot;Kombi&quot;</s>
    <s>Janio no Meier. Descansar no Carnaval</s>
    <s>Acabou o carnaval: roteiro das favelas do Rio. Ciumes da UDN. Janio reencontra Janio da Vila Maria. À apoteose de Santa Tereza. Eloa Quadros na campanha</s>
    <s>Janio resolve viagem a Cuba</s>
    <s>Leandro acusa MPJQ, Emilio e Ferrari. Nota do MPJQ. Menezes Cortes critica, MPJQ responde. Comites estaduais. Os &quot;malucos civicos&quot;. Junqueira, &quot;pao duro&quot;</s>
    <s>Renuncia de Leandro</s>
    <s>Viagem a Cuba. Encontro com Fidel Castro. Reforma agraria cubana. Loteria sem bilhete branco. Os 3 chanceleres de Janio</s>
    <s>Lacerda termina repouso. &quot;Dono do Distrito Federal&quot;. Comicio de Saenz Pena. Janio encontra Juraci. Bias Fortes com Lott</s>
    <s>Lacerda pede afastamento de politico &quot;extranho a Guanabara&quot;. O impacto do PR. Gilberto Freyre e Prado Kelly no MPJQ. Milton Campos integra-se na campanha</s>
    <s>Carlos Lacerda candidato a governador. Cortes renuncia a secretaria da UDN</s>
    <s>Convençoes cariocas. Recusa-se candidatura. Lacerda procura apoio. Perigo da lacerdizaçao da candidatura Janio. Renuncia a presidencia do MPJQ. Lacerda, pleiteia apoio do MPJQ. Reuniao em casa do Brigadeiro Muniz. Decisao do MPJQ Tenorio apoia Ademar</s>
    <s>&quot;Rush&quot; final. Manifesto dos generais. A missao mais dificil: Rio Grande do Norte</s>
    <s>Vitoriosa a revoluçao pelo voto</s>
    <s>c) Depois da Vitoria</s>
    <s>Reisado do Partido Novo, C. Drummond Andrade</s>
    <s>Primeira entrevista do Presidente Janio. Incidente com o Vice Goulart</s>
    <s>Proclamaçao do MPJQ em 17.12.60</s>
    <s>Comentarios de Danton Jobim. Nota sobre o Ministerio</s>
    <s>O novo Governo da Republica</s>
    <s>III ~ EPÍLOGO OU ENTRETEMPOS:</s>
    <s>A RENUNCIA</s>
    <s>Primeiras noticias. Açao do MPJQ</s>
    <s>O traumatismo nacional. Entrevista de 5 de agosto. Quintanilha: gota d'agua. MPJQ contra baderna</s>
    <s>Textos da renuncia. Relato oficial. Informaçoes de Carvalho Pinto. Ordem de Dia de Denys. Denuncia de Lacerda. Militares no Guanabara. D.Horta na televisao, &quot;caso da mala&quot;. Aspectos negativos da renuncia</s>
    <s>Causas da renuncia. Criterios da formaçao do Ministerio. Um terço do poder. &quot;Vespeiras&quot;. Janio chama MPJQ. Lacerda e o &quot;golpe da desmoralizaçao&quot;. Congresso intervem. A gota d'agua</s>
    <s>Depois da renuncia. Nem louco nem medroso. Proclamaçao do MPJQ. &quot;Eis-me de volta, e para a luta!&quot;</s>
    <s>IV ~ DOCUMENTOS</s>
    <s>MPJQ - Órgaos nacionais e seçoes estaduais</s>
    <s>Carta de Principios do MPJQ</s>
    <s>V - APÊNDICE</s>
    <s>Manifesto de MPJQ, ao regresso do ex-Presidente</s>
    <s>Exposiçao de Janio sobre as causas da renuncia</s>
    <s>Entrevista do lider Pedro Aleixo</s>
    <s>Minha conta e no Bradesco, que aceita deposito no correio.</s>
    <s>Posso enviar este produto para outro pais desde que concorde em pagar valor maior pelo frete.</s>
    <s>Temos mais livros que nao estao no Toda Oferta, se nao encontrou o que procura, utilize o espaço para perguntas para saber se temos.</s>
    <s>Castilho Cabral</s>
    <s>Civiliza Brasileira</s>
    <s>Ano de publica</s>
    <s>N de pnas</s>
    <s>Formas de pagamento e envio</s>
    <s>Este vendedor aceita pagamento por:</s>
    <s>Depo Banco</s>
    <s>!PagSeguroSua compra garantida</s>
    <s>ou seu dinheiro de volta</s>
    <s>Utilizando o PagSeguro como forma de pagamento vocem at4 dias para pedir seu dinheiro de volta em caso de produto nrecebido ou recebido com problemas. Saiba mais</s>
    <s>Utilizando o PagSeguro vocode pagar com:</s>
    <s>Com PagSeguro vocode parcelar no cartde crto:</s>
    <s>ista R$ 70,00</s>
    <s>2x R$ 36,05</s>
    <s>3x R$ 24,27</s>
    <s>4x R$ 18,38</s>
    <s>5x R$ 14,85</s>
    <s>6x R$ 12,49</s>
    <s>7x R$ 10,81</s>
    <s>Importante: os valores acima nincluem custos de envio ou outros gastos do vendedor.</s>
    <s>Este vendedor envia o produto por:</s>
    <s>Simular frete</s>
    <s>O produto encontra-se em: Jundia SP</s>
    <s>Envio por conta do: Comprador</s>
    <s>Envio internacional: N</s>
    <s>Dimensdo produto:</s>
    <s>21,50 cm</s>
    <s>8,00 cm</s>
    <s>14,00 cm</s>
    <s>0,80 kg</s>
    <s>Estm d sobre o custo de envio? Simule o frete para o seu CEP. Pergunte ao vendedor</s>
    <s>FERNANDINHO81 (0)08/09/2009 01:40:47</s>
    <s>S.Paulo, 8 de setembro de 2009. Caro ASTROLU, Estou muito interessado pelo livro &quot;Tempos de Jo e outros Tempos Visto Por Castilho Cabral&quot;. Sou sobrinho neto do Tio Carlos, entma liga moral afim de resgatar as minhas ras familiares. Cordialmente, Fernandinho</s>
    <s>Resposta do vendedor 08/09/2009 02:59:17</s>
    <s>Ainda dispomos do livro para a venda.</s>
    <s>Ordenar por</s>
    <s>Ordenar por</s>
    <s>valor da oferta</s>
    <s>Ordenar por</s>
    <s>FERNANDINHO81 (0)</s>
    <s>R$ 70,00</s>
    <s>O vendedor assume total responsabilidade pela publica do produto. Voccha que este produto ontro polcas do TodaOferta? Veja nossas regras de uso. O vendedor quando publica um an assume total responsabilidade sobre sua publica e tem o compromisso de entregar o produto nas condis informadas. Caso considere que este produto neste acordo com as regras de uso do TodaOferta, por favor denuncie. Prevdo apenas para 1 (uma) unidade por pedido e por comprador. Garantia mma de estoque de 5 (cinco) unidades. TodaOferta n vendedor deste produto e nparticipa da negocia final entre comprador e vendedor.</s>
    <s>!Tempos de Jo e outros Tempos vistos por Castilho Cabral - - Livros</s>
    <s>Tempos de Jo e outros Tempos vistos por Castilho Cabral -</s>
    <s>4.437 visitas</s>
    <s>1 unidades vendidas</s>
    <s>co no an: HNK8FJ93J3</s>
    <s>7x de R$ 10,81</s>
    <s>ou R$ 70,00 ista</s>
    <s>Em at2 vezes</s>
    <s>Calcular frete</s>
    <s>PAC (encomenda normal)</s>
    <s>Palavras mais buscadas em Livros</s>
    <s>harry potter</s>
    <s>bruna surfistinha</s>
    <s>ofertas em florianis</s>
    <s>paulo coelho</s>
    <s>a arte da guerra</s>
    <s>livros espiritas</s>
    <s>pai rico pai pobre</s>
    <s>jorge amado</s>
    <s>livros usados</s>
    <s>apostila inss</s>
    <s>ofertas em rio branco</s>
    <s>livros infantis</s>
    <s>livros contabilidade</s>
    <s>livros de auto ajuda</s>
    <s>Cadastre-se grs e ganhe dinheiro vendendo no TodaOferta</s>
    <s>Cadastre-se | Ds frequentes | Regras de uso | Polcas | Denuncie ans | Guias de compras | Todo Desconto</s>
    <s>!AtenSua senha ecreta. Nenhum funciono do UOL estutorizado a solicita.</s>
  </text>
</page>
