<?xml version="1.0" encoding="UTF-8"?>
<!DOCTYPE page SYSTEM "page.dtd">
<page>
  <lang>pt</lang>
  <url>http://sportsmarket.org.br/%3Fpage%3Dnoticia%26id%3D466</url>
  <title>Putin pede criação de comitê organizador da Copa 2018 - Sports Market</title>
  <snippet>
    <s>18/01/2011. Putin pede criação de comitê organizador da Copa 2018 .. 26/02/ 2010 Conferência Nacional do Esporte – Etapa RS 22/02/2010 Especialista: Repatriação de jogador cria risco de rejeição. 22/02/2010 Santos fecha com Seara </s>
  </snippet>
  <text>
    <s>HOMEEVENTOSQUEM SOMOSNOTÍCIAS</s>
    <s>Putin pede cria de comitrganizador da Copa 2018</s>
    <s>O primeiro-ministro russo, Vladimir Putin, pediu nesta segunda-feira que seja criado um comite organizador da Copa do Mundo de 2018, que se encarregara de coordenar os preparativos para o maior evento esportivo na historia do pais.</s>
    <s>Segundo a imprensa, o vice-primeiro-ministro, Igor Shuvalov, que liderou a candidatura da Russia durante a apresentaçao previa a escolha dos dirigentes da Fifa, em dezembro, e o mais forte candidato a presidir o comite organizador.</s>
    <s>Ja o cargo de diretor-geral do comite devera ser exercido pelo chefe da candidatura, Alexei Sorokin, cujo trabalho foi muito elogiado no pais.</s>
    <s>Putin anunciou tambem a criaçao de um conselho supervisor do comite organizador, que se encarregara de vigiar o cumprimento das tarefas nos prazos previstos, e que sera liderado por ele mesmo.</s>
    <s>A Russia deve concluir ja neste ano a construçao do estadio do Zenit, com capacidade para 68 mil espectadores, o primeiro completamente novo para a Copa e no qual sera disputada uma das semifinais do torneio.</s>
    <s>A final acontecera no estadio olimpico Luzhniki (90 mil torcedores), que sera reformado, da mesma forma que outros dois estadios, enquanto outros 13 serao construidos.</s>
    <s>Antes do Mundial, a Russia tera duas competiçoes esportivas para demonstrar que esta preparado para o desafio: os Mundiais de atletismo de Moscou, em 2013, e os Jogos Olimpicos de Sochi, um ano depois.</s>
    <s>Fonte: www.copa2014.org.br</s>
    <s>Outras notas</s>
    <s>15/10/2011 [Nike lanaplicativo de futebol no Facebook</s>
    <s>06/10/2011 Internacional comemora ns de PaixPremiada</s>
    <s>05/10/2011 O consumo de esporte do brasileiro</s>
    <s>05/10/2011 Pesquisa aponta credibilidade de marca associada a atleta</s>
    <s>05/10/2011 Prefeitura inicia nova etapa da duplica da Beira-Rio</s>
    <s>04/10/2011 Benfica negocia parte do passe de Bruno Cr, ex-Corinthians</s>
    <s>04/10/2011 Yankees batem Manchester United em lista de marcas</s>
    <s>03/10/2011 Amir Somoggi comentou as estratas sobre gestde arenas</s>
    <s>03/10/2011 A importia do esporte para o setor hoteleiro</s>
    <s>03/10/2011 Arsenal apresenta queda nos lucros</s>
    <s>03/10/2011 Coca-Cola farrograma televisivo durante Londres-2012</s>
    <s>03/10/2011 SPaulo aproveita reestreia de Luis Fabiano e lancamisa popular</s>
    <s>30/09/2011 Ap participa de Ana Pellini, palestrantes abrem espapara o debate</s>
    <s>30/09/2011 Fotos do III Expresso 2014</s>
    <s>29/09/2011 Promovido pelo ISM e CIEE, Expresso 2014 incentivou a troca de ideias</s>
    <s>29/09/2011 Amir Somoggi leva seu conhecimento sobre gestde arenas</s>
    <s>28/09/2011 Os 12 clubes com a marca mais valiosa em 2011</s>
    <s>28/09/2011 Torcedor do Middlesbrough podermprimir ingresso</s>
    <s>27/09/2011 Manchester United marca mais valiosa do esporte</s>
    <s>27/09/2011 Mesmo aposentado, Michael Jordan segue com presto</s>
    <s>27/09/2011 Ambev irtivar patroco a Atlco-MG em 2012</s>
    <s>26/09/2011 Apesar de atrito com governo, Fifa garante Copa no Brasil</s>
    <s>26/09/2011 Os Ss autorizam patroco no Barcelona</s>
    <s>23/09/2011 Guga entra numa nova fase de populariza do ts no pa/a&gt;</s>
    <s>22/09/2011 [O que valoriza um passe?</s>
    <s>18/08/2011 Embratur apresenta estrata para Copa 2014</s>
    <s>16/08/2011 Kobe Bryant se oferece para jogar no Brasil</s>
    <s>16/08/2011 RELATIO Contratos de Publicidade 07.2011</s>
    <s>16/08/2011 New Balance: Urban Dash App</s>
    <s>15/08/2011 O mercado determina o valor do patroco</s>
    <s>15/08/2011 MLS divulga acordo de trtemporadas com NBC</s>
    <s>15/08/2011 Governo federal quer aproveitar intercio cultural na Copa e nas Olimpas</s>
    <s>11/08/2011 Nova pista em Porto Alegre</s>
    <s>11/08/2011 Brazil Sports Show aposta em experiia com po</s>
    <s>11/08/2011 Real Madrid vs. 109 crian</s>
    <s>08/08/2011 Os 20 negs de jogadores recomendados em 2011 (Amca)</s>
    <s>08/08/2011 O que faz uma empresa se decidir por um patroco?</s>
    <s>08/08/2011 Quanto vale o show? Veja os pre dos ingressos da Premier League</s>
    <s>03/08/2011 Maria Sharapova atleta mais bem paga do mundo</s>
    <s>03/08/2011 O sucesso da World TeamTennis deveria ser multiplicado</s>
    <s>03/08/2011 Promotrade aposta em Copa-2014 para atrair parceiros</s>
    <s>03/08/2011 Fifa pedirnclusdo futebol de areia nas Olimpas de 2016, diz jornal</s>
    <s>01/08/2011 Puma registra o seu maior crescimento</s>
    <s>01/08/2011 Porto Alegre quer Copa das Confederas</s>
    <s>01/08/2011 Com ims, Amca-MG busca R$ 11 milhanuais</s>
    <s>29/07/2011 As empresas que mais investem em programas esportivos nos EUA</s>
    <s>29/07/2011 Porto Alegre apresenta sua prepara para o mundo hoje</s>
    <s>29/07/2011 Coca-Cola: Alentro</s>
    <s>28/07/2011 Em pesquisa, patrocinadores nsassociados opa</s>
    <s>28/07/2011 Nike | O dia em que a Bombonera falou</s>
    <s>28/07/2011 Rio Grande do Sul presente no sorteio das eliminats da Copa 2014</s>
    <s>27/07/2011 Barcelona diminui dda, mas encerra o ano com preju</s>
    <s>27/07/2011 Medalhas dos Jogos Olicos de Londres sdivulgadas</s>
    <s>27/07/2011 Fifa anuncia datas para abertura e final da Copa 2014</s>
    <s>26/07/2011 Rooney vira lr em venda de camisas na Inglaterra</s>
    <s>26/07/2011 McDonalds vai montar o maior restaurante outlet para Londres 2012</s>
    <s>26/07/2011 Puma: Clever Little Shopper</s>
    <s>22/07/2011 Campeonato espanhol mais competitivo do mundo</s>
    <s>22/07/2011 Nike ativa campanha com alguns dos seus principais garotos-propaganda</s>
    <s>08/07/2011 Projeto mapearnfraestrutura esportiva da Capital</s>
    <s>07/07/2011 Em balanfinanceiro, Nike registra lucro</s>
    <s>07/07/2011 Pesquisa mostra a fordos los esportivos nas redes sociais</s>
    <s>07/07/2011 COB abre licita para marca esportiva de Rio-2016</s>
    <s>06/07/2011 Especial 01 - Neymar: meteo sucesso fora de campo</s>
    <s>06/07/2011 Corinthians lanhotsite com agia ESM</s>
    <s>06/07/2011 Secopa negocia espapara escrit da Fifa na Capital</s>
    <s>05/07/2011 Sogipa se aproxima de anunciar Banrisul como mer</s>
    <s>05/07/2011 Adidas apresenta a bola da Champions League 2011/2012</s>
    <s>05/07/2011 Nike choca em campanha para corrida</s>
    <s>04/07/2011 Vila Nova-GO apresenta programa s-empresarial</s>
    <s>04/07/2011 Nike: Isto airro Brasil</s>
    <s>04/07/2011 Campanha convida porto-alegrense a cuidar da cidade</s>
    <s>04/07/2011 Inter de Milvestirersace</s>
    <s>30/06/2011 A Copa jome!</s>
    <s>30/06/2011 O COI vai tentar controlar as mas sociais em 2012</s>
    <s>30/06/2011 Sony busca novo protagonista no futebol brasileiro</s>
    <s>30/06/2011 Winner/Limeira lanprojeto por novos patrocos</s>
    <s>29/06/2011 Gillette faz curiosa a com rosto de Roger Federer</s>
    <s>29/06/2011 Com ddas, Corinthians celebra supert</s>
    <s>29/06/2011 Tottenham fecha parceria com ONG brasileira</s>
    <s>29/06/2011 Fifa prepara semino para novembro em Porto Alegre</s>
    <s>28/06/2011 Marcas brasileiras dominam o futebol do pa/a&gt;</s>
    <s>28/06/2011 [O sucesso de bilheteria da Bundesliga e Londres 2012</s>
    <s>28/06/2011 No PSG, Leonardo volta a ser diretor esportivo</s>
    <s>28/06/2011 Expresso 2014 - Um neg chamado Copa</s>
    <s>27/06/2011 Santos e Pel: em jogo de US$ 5 milh estilos opostos de gest/a&gt;</s>
    <s>27/06/2011 [Bosco destaca avan da rica com a Copa</s>
    <s>27/06/2011 O esperado rebaixamento do River Plate</s>
    <s>24/06/2011 Cannes Lions 2011</s>
    <s>24/06/2011 Verde futebol nos Estados Unidos</s>
    <s>24/06/2011 Blake Griffin vira embaixador global da KIA</s>
    <s>22/06/2011 Marketing esportivo 2.0</s>
    <s>22/06/2011 Real Madri diminui investimentos</s>
    <s>21/06/2011 Jogadores do Real promovem campanha por Madri</s>
    <s>21/06/2011 Dono do Dallas Mavericks colhe os frutos do tlo da NBA</s>
    <s>21/06/2011 Ministo da Cultura cria grupo de trabalho para a Copa</s>
    <s>20/06/2011 Semana Olica</s>
    <s>20/06/2011 Projeto 'novo Bar de sheik qatari reacende paixda torcida do Mga</s>
    <s>20/06/2011 Caixa oferece crto para hot da Copa do Mundo</s>
    <s>17/06/2011 Comite Paraolico recebe importante investimento</s>
    <s>17/06/2011 Revista divulga ranking de esportistas</s>
    <s>17/06/2011 Sociedade civil apresenta propostas para a marca da Capital na Copa</s>
    <s>17/06/2011 Delega Olica do CanadMerecem levar Ouro em Branding?</s>
    <s>17/06/2011 O roteiro da visita brasileira frica do Sul</s>
    <s>16/06/2011 Sony usarutebol de areia para lan Copa-2014 no Brasil</s>
    <s>16/06/2011 Copa 2014: parceria viabiliza cursos de qualifica em Turismo</s>
    <s>16/06/2011 Sony: Wimbledon Balls</s>
    <s>15/06/2011 Receitas TV dos clubes da Premier League em 2010/11</s>
    <s>15/06/2011 A Jabulani do futebol feminino</s>
    <s>15/06/2011 Ministros transformam EsportePrev em lobby para Congresso</s>
    <s>14/06/2011 A busca das empresas pelos torcedores durante os eventos esportivos</s>
    <s>14/06/2011 Porto Alegre serede de semino da Fifa em setembro</s>
    <s>13/06/2011 Burger King e Pizza Hut fizeram aposta para as finais da NBA</s>
    <s>13/06/2011 Empregos nos esportes - Copa 2014</s>
    <s>13/06/2011 Lebron James gera polca com produto</s>
    <s>09/06/2011 O po mudou o uniforme de Rafael Nadal</s>
    <s>09/06/2011 EXCLUSIVO: Entrevista com executivo do Manchester City</s>
    <s>09/06/2011 Premier League bate recorde em volume de negs</s>
    <s>09/06/2011 Em quatro anos, Copa Amca 2011 deve dobrar impacto econo</s>
    <s>07/06/2011 O All Star Team do marketing esportivo na NBA</s>
    <s>07/06/2011 Projeto para a Av. Tronco previsto para 29 de julho</s>
    <s>07/06/2011 Nike lancampanha global</s>
    <s>06/06/2011 Nike divulga m em homenagem a Ronaldo</s>
    <s>06/06/2011 Cra Temca irlaborar proposta para a saurante a Copa</s>
    <s>03/06/2011 ALE banca a gasolina dos vascas que quiserem ir aturitiba</s>
    <s>03/06/2011 Esporte e moda, duas indas que caminham juntas</s>
    <s>03/06/2011 Olympikus segue marca oficial do Brasil no Pan 2011</s>
    <s>03/06/2011 Copa 2014 em debate no Crea</s>
    <s>01/06/2011 TV principal ma esportiva</s>
    <s>01/06/2011 A carreira de um lendo coca-coleiro nas arquibancadas da Argentina</s>
    <s>01/06/2011 Uma nova rede social a ser explorada no esporte: Linkedin</s>
    <s>01/06/2011 McDonalds: Pick N Play Pong</s>
    <s>31/05/2011 Pesquisa revela atua de empresas de material esportivo</s>
    <s>31/05/2011 Super Bowl x Champions League</s>
    <s>31/05/2011 Ale busca futebol, Se B e times do Sul</s>
    <s>27/05/2011 Heineken renova patroco hampions</s>
    <s>27/05/2011 Oportunidades Rio 2016</s>
    <s>27/05/2011 Ronaldinho Gafecha primeiro patroco no Brasil</s>
    <s>27/05/2011 Fifa apresenta diretrizes do programa Green Goal</s>
    <s>26/05/2011 Promessas, arrecada e gafes marcam lanento de LiveWright</s>
    <s>26/05/2011 Premier League e o equilio das cotas de tv</s>
    <s>26/05/2011 Fluminense revela estudo para acertar com Adidas</s>
    <s>24/05/2011 ESPN transmitirinal da UCL em cinemas brasileiros</s>
    <s>23/05/2011 Manchester City revoluciona programa de ss</s>
    <s>23/05/2011 Inter pretende levar ss para Audi Cup em julho</s>
    <s>23/05/2011 Semino em Fortaleza discute prepara dos gramados para a Copa</s>
    <s>20/05/2011 A grana da Fla 1 agora vem dos circuitos</s>
    <s>20/05/2011 Em 2010, futebol teve 65,8% do esporte na TV, diz Informa</s>
    <s>17/05/2011 Neymar e Anderson Silva entre os 50 principais atletas do marketing esportivo</s>
    <s>16/05/2011 BBVA faz concurso para buscar melhor torcida do mundo</s>
    <s>13/05/2011 WTA valoriza a beleza e a fordas tenistas em campanha</s>
    <s>11/05/2011 Montadoras: US$ 1,14 bi em patrocos</s>
    <s>11/05/2011 Os atletas mais influentes no futebol mundial e nas ligas dos EUA</s>
    <s>11/05/2011 Gro e Palmeiras investem em automobilismo</s>
    <s>11/05/2011 Circuito Caixa renova trpatrocos para 2011</s>
    <s>10/05/2011 Groupon entra para o mercado de esporte e entretenimento</s>
    <s>10/05/2011 Juff aposta em uniforme personalizado</s>
    <s>06/05/2011 Anse Pra das Finan dos Clubes de Futebol do Brasil em 2010 por Amir Somoggi</s>
    <s>05/05/2011 Liberty Seguros estara Copa de 2014</s>
    <s>04/05/2011 NY Giants lano ingresso com a cara do torcedor</s>
    <s>04/05/2011 Nextel promove disputa de comemoras de gol</s>
    <s>02/05/2011 Para especialistas, Copa do Mundo impulsionarV digital e interativa</s>
    <s>02/05/2011 Heineken Star Player</s>
    <s>02/05/2011 Ministro diz que Fifa aceitou lei brasileira para cessde imagens</s>
    <s>28/04/2011 Quadra em SP une planos de marca de Adidas e Uefa Champions League</s>
    <s>27/04/2011 Aula inaugural do Bem Receber Copa</s>
    <s>26/04/2011 NBA liga mais rica, Bare Real pagam os melhores salos</s>
    <s>26/04/2011 Rio abre licita internacional para urbanizar parque olico</s>
    <s>22/04/2011 Em nota oficial, CBF celebra resultados financeiros de 2010</s>
    <s>20/04/2011 F debate a gestdo v no Brasil</s>
    <s>20/04/2011 Mesmo em pero decisivo, Estaduais causam preju</s>
    <s>20/04/2011 Parceria com hotel deve fazer Verdeconomizar R$ 2 milhem um ano</s>
    <s>18/04/2011 Nike usa Ronaldo para lan bola da Copa Amca</s>
    <s>18/04/2011 SP anuncia incentivo fiscal para Itaquer/a&gt;</s>
    <s>15/04/2011 [Copa faz Sebrae focar zona leste de SPaulo</s>
    <s>15/04/2011 Penalty oficializa mudan em marca e comunica</s>
    <s>15/04/2011 Nescau anuncia acordo para a Copa do Mundo de 2014</s>
    <s>15/04/2011 Ministo vai abrir escrits nas cidades-sede de 2014 para acompanhar obras</s>
    <s>14/04/2011 Nove aeroportos ndevem ficar prontos para a Copa, aponta Ipea</s>
    <s>13/04/2011 Porto Alegre: mobilidade urbana para Copa aguarda nove projetos</s>
    <s>12/04/2011 Kaiser vai reformar campos de vea no Brasil</s>
    <s>11/04/2011 Para o turista, ifl se orientar em Porto Alegre</s>
    <s>07/04/2011 Chevrolet patrocina Sele Brasileira na temporada 2011</s>
    <s>07/04/2011 Organiza do Rio-2016 buscareduzir patroco e rejeita dinheiro po</s>
    <s>05/04/2011 Eike Batista funda time de v, contrata Dante e deve investir R$ 13 milh/a&gt;</s>
    <s>05/04/2011 [Engenhsersado como teste para a Copa do Mundo</s>
    <s>30/03/2011 Porto Alegre quer ser a melhor sede da Copa</s>
    <s>25/03/2011 Secreto municipal da Copa do Mundo fala sobre obras para a 2014</s>
    <s>22/03/2011 ISM e CIEE apresentam o Expresso 2014</s>
    <s>17/03/2011 Adidas estreia a maior campanha da hist da marca: all adidas</s>
    <s>04/03/2011 Pesquisa Sebrae: 75% dos pequenos empresos ga nse preparam para o Mundial de 2014</s>
    <s>09/12/2010 Arsenal faz pesquisa sobre marca para novo marketing</s>
    <s>09/12/2010 Falc o Pelo Futsal</s>
    <s>09/11/2010 Professor grego aposta em favelas escondidas para 2016</s>
    <s>28/10/2010 Teste refortese contra rebaixamento do gramado</s>
    <s>26/10/2010 Representantes do Comitrganizador treuniem Zurique</s>
    <s>26/10/2010 Estudo aponta necessidade de acordos para arenas lucrarem</s>
    <s>18/10/2010 Representantes das cidades ajustam normas de seguran/a&gt;</s>
    <s>18/10/2010 [ Investimento em tecnologia e criatividade</s>
    <s>16/10/2010 Abertura da Copa de 2014 seruma sexta-feira 13</s>
    <s>14/10/2010 Fifa exige novo plano de financiamento para as reformas do Beira-Rio</s>
    <s>14/10/2010 Globo fecha patrocos para Fla 1</s>
    <s>14/10/2010 Prefeitura reitera desejo de que Beira-Rio seja a sede da Copa</s>
    <s>13/10/2010 Rio 2016 deve captar US$ 270 milhem patrocos</s>
    <s>13/10/2010 Em patrocos, Federer ainda supera Rafael Nadal</s>
    <s>07/10/2010 Governo do RS conhece o projeto de telecomunicas para a Copa do Mundo de 2014</s>
    <s>05/10/2010 Abertura da Copa-2014 sero esto do Corinthians, diz ministro</s>
    <s>29/09/2010 Vit retoma planejamento e aposta em po infantil</s>
    <s>29/09/2010 Escalo derruba valor publicito de Rooney</s>
    <s>28/09/2010 Orlando Magic e Disney, finalmente juntos na nova arena</s>
    <s>22/09/2010 Rio sediarm novembro maior evento de futebol do mundo</s>
    <s>22/09/2010 FIFA 11 | We Are 11</s>
    <s>21/09/2010 Arena do Gro e Beira-Rio ganham isen de R$ 60 milh</s>
    <s>13/09/2010 Manchester United marca mais valorizada do esporte para negs de licenciamento</s>
    <s>10/09/2010 Estatuto do Torcedor e Copa do Mundo de 2014</s>
    <s>09/09/2010 Vasco apresenta novo patrocinador</s>
    <s>02/09/2010 Fifa chega ao Brasil para monitorar Copa mais lucrativa da hist</s>
    <s>02/09/2010 Qualifica profissional para a Copa bola da vez</s>
    <s>30/08/2010 A Fonte Nova vira pinicia uma nova etapa do futebol baiano</s>
    <s>25/08/2010 Euro 2012 atrai multinacional de TI cra</s>
    <s>25/08/2010 NBA fecha parceria para filme na China</s>
    <s>24/08/2010 Arsenal faz plano para vender as do clube aos torcedores</s>
    <s>24/08/2010 Final da Libertadores deixa uma certeza: rede hoteleira de Porto Alegre ndonta do Mundial</s>
    <s>19/08/2010 Adidas repete a de 2008 e homenagea Marcos</s>
    <s>19/08/2010 Portal 2014 rerquitetos dos estos da Copa</s>
    <s>18/08/2010 Premier League tem recorde de receita com patrocos de uniforme</s>
    <s>17/08/2010 Penalty espalha modelo Cavalera pelo pa/a&gt;</s>
    <s>17/08/2010 [Fifa inicia inspe da candidatura de Bica e Holanda opa</s>
    <s>16/08/2010 Com verba da Fifa, esto do Corinthians poderia abrir a Copa de 2014</s>
    <s>16/08/2010 Racing vende plano de marketing por US$ 100 mil</s>
    <s>12/08/2010 Não só os artistas da bola estarão presentes na Copa</s>
    <s>12/08/2010 Panini vê ausência de Liga como empecilho a álbum</s>
    <s>11/08/2010 O Chz da Olimpa</s>
    <s>11/08/2010 Puma Social: Celebrando os esportes e os atletas da noite</s>
    <s>10/08/2010 Ita a em Nova York com amistoso da sele</s>
    <s>10/08/2010 Comitxecutivo Copa 2014 RS aprova isen estadual de ICMS</s>
    <s>10/08/2010 Atletas pedem democratiza do esporte</s>
    <s>09/08/2010 Futebol mexicano: evolu tca e econa</s>
    <s>06/08/2010 Panini quer Brasileirforte por lideranmundial</s>
    <s>06/08/2010 Designers brasileiros aplaudem processo de sele do logo de 2016</s>
    <s>06/08/2010 NFL abre loja exclusiva e cria linha de produtos para o po feminino</s>
    <s>06/08/2010 Na televis Libertadores supera debate eleitoral</s>
    <s>05/08/2010 Brasileiro Kak a capa global do game de futebol Fifa 11</s>
    <s>05/08/2010 Mundial estimula investimentos que podem despertar em Porto Alegre potencial de cidade turica</s>
    <s>04/08/2010 A verdade ap014</s>
    <s>04/08/2010 Flamengo usaramisa 3 contra Corinthians</s>
    <s>04/08/2010 Porto de Recife abre licita para terminal de passageiros</s>
    <s>04/08/2010 Vaga na Libertadores turbina patrocos da Sul-Americana</s>
    <s>03/08/2010 NY Cosmos retorna sob o comando de Pela&gt;</s>
    <s>02/08/2010 [Especialistas criticam aporte segmentado em camisas</s>
    <s>02/08/2010 Nada de cerveja: estudantes de Garibaldi querem abastecer fan-fests com vinho ga</s>
    <s>02/08/2010 Sebrae vai investir R$ 36 milhpara capacitar empresas at014</s>
    <s>30/07/2010 Uefa Champions League: cifras astronas e grandes oportunidades</s>
    <s>30/07/2010 Trem-bala nil, avaliam especialistas</s>
    <s>30/07/2010 Singapore 2010, Youth Olympic Games</s>
    <s>29/07/2010 Mesa-redonda discute a sustentabilidade e a Copa 2014</s>
    <s>29/07/2010 Comitlico Internacional fecha patroco com a Procter &amp; Gamble</s>
    <s>28/07/2010 Tecnologia, uma op inteligente para melhorar a vida urbana</s>
    <s>27/07/2010 Salvador prepara bases tecnolas para 2014</s>
    <s>27/07/2010 Favela de SPaulo terasseio turico em 2014</s>
    <s>27/07/2010 Estudo pdidas como marca mais lembrada da Copa</s>
    <s>27/07/2010 Site da Fifa recebeu 250 milhde acessos durante Copa</s>
    <s>23/07/2010 Depois de transportar a sele brasileira, us ga integram o legado da rica do Sul</s>
    <s>23/07/2010 Inter publica balancete com ddas</s>
    <s>22/07/2010 Nike Stadium</s>
    <s>22/07/2010 Obras para o Mundial valorizam regi&quot;esquecida&quot; pelo mercado imobilio de Porto Alegre</s>
    <s>21/07/2010 BrasileirPetrobras | Toda Poderosa Fiel [Premiere]</s>
    <s>20/07/2010 Aeroporto Salgado Filho receber$ 345,8 milhpara ampliar terminal</s>
    <s>13/07/2010 Craques do futebol vvirar investimento</s>
    <s>13/07/2010 Os patrocos da sele Espanhola em 2010</s>
    <s>13/07/2010 Por dinheiro, Fifa pode mudar calendo para Copa</s>
    <s>12/07/2010 Orlando Silva quer estos menores para 2014</s>
    <s>12/07/2010 Embratur anuncia campanha internacional para promover turismo</s>
    <s>12/07/2010 Brasil investir$ 30 mi neste ano em maketing para Copa</s>
    <s>12/07/2010 Premias Copa da rica - Anse Crowe Horwath</s>
    <s>12/07/2010 Internacional tem nova camisa n 3</s>
    <s>09/07/2010 Apresenta oficial do logo da Copa do Mundo 2014</s>
    <s>09/07/2010 Congresso aprova R$ 550 milhpara Olimpa e Copa</s>
    <s>08/07/2010 Barcelona, o maior nas redes sociais</s>
    <s>08/07/2010 Copa de 2014 podersetorizar&quot; o Brasil</s>
    <s>07/07/2010 Pesquisa registra defla no futebol ingl/a&gt;</s>
    <s>07/07/2010 [Adidas leiloa pinturas ao vivo da Copa do Mundo 2010</s>
    <s>06/07/2010 Nike lancomercial com atletas e sele da Holanda</s>
    <s>05/07/2010 Copa do Mundo: Nike e a rica do Sul, o po e as marcas online</s>
    <s>30/06/2010 A fordas mas sociais pode mudar o basquete</s>
    <s>15/06/2010 1284: O o Gol do Pela&gt;</s>
    <s>07/06/2010 [Adidas e Copa do Mundo na cantina de Star Wars</s>
    <s>04/06/2010 Cariocas lideram ranking de ddas</s>
    <s>25/05/2010 Adidas lanbolda Copa do Mundo integrando Facebook e Orkut</s>
    <s>25/05/2010 Adidas promove a de futebol em Roland Garros</s>
    <s>21/05/2010 Emissoras lutam por novo torneio de futebol: Sub-23</s>
    <s>20/05/2010 Adidas Sky Comic</s>
    <s>14/05/2010 Adidas mostra as suas armas na disputa pela Copa do Mundo</s>
    <s>10/05/2010 A falta de ambi internacional dos clubes brasileiros</s>
    <s>06/05/2010 AB Inbev fecha acordo de US$ 1 bilhcom a NFL</s>
    <s>30/04/2010 A importia de um site dentro do planejamento de marketing esportivo</s>
    <s>05/04/2010 Copa serrimeira com gramado parcialmente artificial, diz Comita&gt;</s>
    <s>01/04/2010 [Secreto Paulo Odone entrega amurs Manual para Candidaturas de 2014</s>
    <s>25/03/2010 Adidas estende acordo com NBA na Europa</s>
    <s>25/03/2010 V nacional ainda muito dependente do Banco do Brasil</s>
    <s>18/03/2010 A orla de Porto Alegre e a Copa 2014</s>
    <s>17/03/2010 Corinthians terar em SP</s>
    <s>16/03/2010 Manchester fecha com empresa da Mala</s>
    <s>15/03/2010 A segmenta no esporte e a busca por patroco</s>
    <s>11/03/2010 Real Madrid apresenta queda de vendas</s>
    <s>11/03/2010 365 dias interagindo !</s>
    <s>10/03/2010 Claro investiro ciclismo</s>
    <s>10/03/2010 O plano de aquisi do Manchester United pelos Red Knights</s>
    <s>09/03/2010 Secretaria da Copa/RS promove percurso tico pela orla do Gua</s>
    <s>09/03/2010 Santander estr na Ferrari</s>
    <s>09/03/2010 A importia de atrair o po jovem</s>
    <s>05/03/2010 Andrade Gutierrez vence licita da Arena Amaz</s>
    <s>05/03/2010 Globo e Grupo RBS criam empresa de eventos</s>
    <s>05/03/2010 Jogos Olicos de inverno taudiia recorde em dispositivos ms</s>
    <s>04/03/2010 Apielo, Corinthians contrata Okimoto</s>
    <s>03/03/2010 O futebol europeu estm uma encruzilhada financeira crca</s>
    <s>03/03/2010 Gestores da Copa vrasa discutir comite responsabilidade</s>
    <s>02/03/2010 Madrid ma mina de fazer dinheiro</s>
    <s>02/03/2010 Tiger Woods perde outro patroco, mas segue lr do ranking de golfe</s>
    <s>01/03/2010 GM volta a investir no futebol ga/a&gt;</s>
    <s>26/02/2010 [A evolu de receitas do mercado Brasileiro</s>
    <s>26/02/2010 Sua marca em atividade o ano todo</s>
    <s>26/02/2010 Conferia Nacional do Esporte Etapa RS</s>
    <s>24/02/2010 Os valores das Olimpas de Inverno de Vancouver</s>
    <s>24/02/2010 Parreira anuncia amistoso da rica do Sul contra o SPaulo FC</s>
    <s>24/02/2010 Reebok fecha com grife Armani</s>
    <s>24/02/2010 Midea nova patrocinadora do Gro</s>
    <s>23/02/2010 Quanto custa um mundial de futebol da FIFA?</s>
    <s>23/02/2010 A civil pa pede suspensdo edital do Verd/a&gt;</s>
    <s>22/02/2010 [Manchester United fecha 2009 com lucro</s>
    <s>22/02/2010 Especialista: Repatria de jogador cria risco de rejei</s>
    <s>22/02/2010 Santos fecha com Seara</s>
    <s>22/02/2010 SP farpresenta a marcas</s>
    <s>19/02/2010 Gestesportiva com indicadores. Pense no assunto!</s>
    <s>19/02/2010 NBB teraixa, Eletrobre Spalding</s>
    <s>19/02/2010 Inter iremunerar diretoria</s>
    <s>19/02/2010 Fifa reprova Morumbi e pede mais investimentos</s>
    <s>18/02/2010 Autuori levarime ao Brasil</s>
    <s>18/02/2010 O produto esportivo m produto diferenciado</s>
    <s>18/02/2010 Cursos de capacita para Copa em Natal contemplarcinco setores</s>
    <s>17/02/2010 Embratur investir$ 10 milhem divulga em 2010</s>
    <s>17/02/2010 O futebol ainda estonge de ser modelo de gestesportiva. Como mudar esta situa?</s>
    <s>17/02/2010 Profissionais de Brasa na sala de aula</s>
    <s>12/02/2010 Ana Ivanovic assina com a Adidas, at fim de sua carreira no ts</s>
    <s>12/02/2010 FlowRider - Onda artificial chega ao Brasil</s>
    <s>12/02/2010 Flamengo deve ter BMG laranja na manga</s>
    <s>12/02/2010 Esto flexl olu contra elefantes brancos, diz arquiteto</s>
    <s>12/02/2010 Marta: melhor do marketing esportivo</s>
    <s>11/02/2010 Financial Fair Play para um esporte sustentl</s>
    <s>11/02/2010 Para ser &quot;dono&quot; do Pacaembu, Timteria de bancar parte da moderniza</s>
    <s>11/02/2010 Manchester United hipotecou o Old Trafford</s>
    <s>11/02/2010 Emirates oficializa acordo com o Milan</s>
    <s>11/02/2010 5 direitos dos ss como investimento futuro</s>
    <s>10/02/2010 Jensou em um seguro vit?</s>
    <s>10/02/2010 Agia vende adversos do Corinthians</s>
    <s>10/02/2010 Proto de bola de futebol capta energia do impacto. rica do Sul m dos locais de teste.</s>
    <s>10/02/2010 TaSantander Libertadores gera visibilidade e renda</s>
    <s>09/02/2010 Bradesco, o patrocinador dos esportes olicos</s>
    <s>09/02/2010 Obras no Beira-Rio estatrasadas</s>
    <s>09/02/2010 Audiia do Super Bowl foi a maior dos os 23 anos nos EUA</s>
    <s>09/02/2010 Os websites de clubes mais visitados</s>
    <s>09/02/2010 Timacelera no Centeno</s>
    <s>08/02/2010 Confec lanpe inspiradas na Copa do Mundo</s>
    <s>08/02/2010 Revista mantWoods como mais valioso</s>
    <s>08/02/2010 Koch Tavares investe no Futebol 7 Society</s>
    <s>08/02/2010 Seja atraente aos seus atuais e futuros parceiros</s>
    <s>08/02/2010 Estreia de Robinho rende trpatrocos ao Santos contra o SPaulo</s>
    <s>05/02/2010 Interagindo com o seu po atravdas redes sociais</s>
    <s>05/02/2010 Gro negocia renova com a Puma at013</s>
    <s>05/02/2010 Os 10 clubes mais valiosos de todos os esportes</s>
    <s>05/02/2010 Salos gigantescos VS. seriedade Inglesa</s>
    <s>05/02/2010 Caixa assume cota master da Stock Car</s>
    <s>05/02/2010 Dinheiro po bancar4% dos estos para a Copa</s>
    <s>04/02/2010 Empresa de pain fotovoltaicos 1 chinesa a patrocinar Copa</s>
    <s>04/02/2010 Unimed cogita a social com Palmeiras</s>
    <s>04/02/2010 Roxos &amp; Doentes abre vagas</s>
    <s>04/02/2010 Cerim de lanento do Time Rio, no Palo da Cidade</s>
    <s>04/02/2010 O avando marketing</s>
    <s>04/02/2010 Os direitos de imagem dos jogadores</s>
    <s>03/02/2010 Vibram FiveFingers: ts ou luva?</s>
    <s>03/02/2010 Aos 24 anos, Rooney jem fortuna de R$ 102 milh/a&gt;</s>
    <s>03/02/2010 [As ddas dos clubes Brasileiros 2008</s>
    <s>03/02/2010 Os interesses do gestor no desenvolvimento da tecnologia esportiva</s>
    <s>02/02/2010 Patroco em camisa de Muricy render$ 1,3 milhao Palmeiras</s>
    <s>02/02/2010 Polar cria a para a dupla Grenal</s>
    <s>02/02/2010 Samsung estreia com Robinho</s>
    <s>02/02/2010 Nova camisa trdo Corinthians, com cruz no peito!</s>
    <s>01/02/2010 Audiia pa apresenta projeto do Maracana&gt;</s>
    <s>01/02/2010 [Fla-Indy apresenta circuito de rua de SPaulo</s>
    <s>01/02/2010 Liga dos Campesupera audiia de TV do Super Bowl</s>
    <s>29/01/2010 ADIDAS + STARWARS</s>
    <s>29/01/2010 Portal do Ipea faz radiografia dos municos brasileiros</s>
    <s>29/01/2010 Corinthians lanrevista em seu centeno</s>
    <s>29/01/2010 FIFA cogita usar tecnologia na linha do gol</s>
    <s>29/01/2010 Flamengo e Batavo</s>
    <s>29/01/2010 Canal britco exibirutebol em 3D at fim do ano</s>
    <s>28/01/2010 Marketing Esportivo estaque</s>
    <s>28/01/2010 Para arrecadar R$ 1,5 bi Manchester United gasta mais de R$ 160 milh/a&gt;</s>
    <s>28/01/2010 [Os 20 patrocinadores mais conhecidos do futebol Europeu</s>
    <s>28/01/2010 Guaranntarctica segue patrocinando esportes radicais</s>
    <s>27/01/2010 Fifa tenta resolver caria de voos para torcedores europeus</s>
    <s>13/01/2010 Star Wars e Adidas: Nerds e descolados na mesma festa</s>
    <s>06/01/2010 Open Andre Agassi</s>
    <s>18/12/2009 Tot Meng/a&gt;</s>
    <s>26/10/2009 [A Nuvem Olica de Londres 2012.</s>
    <s>Ver mais videos</s>
    <s>Siga-nos no Twitter e fique por dentro das atualizaçoes do site.</s>
    <s>Sports Market, todos os ditretos reservados. (c) 2011.</s>
  </text>
</page>
