<?xml version="1.0" encoding="UTF-8"?>
<!DOCTYPE page SYSTEM "page.dtd">
<page>
  <lang>pt</lang>
  <url>http://arquivo.hospitaldofuturo.com/%3Fp%3D8</url>
  <title>Bem-vindos à Primeira Conferência! : ARQUIVO HOSPITAL DO FUTURO</title>
  <snippet>
    <s> momento a esta conferência, contribuindo como patrocinador da mesma. SA” salienta o Engº Cândido dos Santos, administrador daquela entidade. </s>
  </snippet>
  <text>
    <s>Quem somos</s>
    <s>Bem-vindos à Primeira Conferência!</s>
    <s>A groupVision Saúde tem a honra de contar com uma assistência muito selectiva naquela que é a primeira conferência do ciclo Hospital do Futuro. Os presidentes e membros das administrações dos mais importantes hospitais nacionais irão estar presentes, assim como gestores da industria farmacêutica, e empresas tão diversificadas como a Portugal Telecom ou a Microsoft.</s>
    <s>Sem dúvida que o sector da Saúde em Portugal poderá um dia constituir-se como um ‘cluster económico’ com elevados contributos para o I+D nacional e criação de riqueza e bem estar para as populações abrangidas, aquém e além fronteiras. A groupVision Saúde orgulha-se em dar o seu contributo nesse sentido.</s>
    <s>Drª. Maria de Belém Roseira e Dr. Arlindo de Carvalho na conferência Hospital do Futuro</s>
    <s>A próxima conferência 'Hospital do Futuro’ conta com a participação de Dra. Maria de Belém Roseira e do Dr. Arlindo de Carvalho, entre outros conferencistas e terá lugar em Lisboa, no Auditório do Pólo Tecnológico de Lisboa, já no próximo dia 13 de Novembro.</s>
    <s>‘’Será essencialmente um espaço de debate e reflexão sobre os modelos de hospital que queremos ter no futuro, com vista a motivar as mudanças que devem começar a ocorrer no presente’’ refere o Dr. João Nunes de Abreu, que preside a este ciclo de conferências.</s>
    <s>Estes dois ex-ministros da Saúde, presidem a duas sessões plenárias nesta primeira conferência, respectivamente de manhã e de tarde, nas quais participam igualmente diversos oradores ligados ao sector da Saúde em Portugal.</s>
    <s>No final de cada sessão haverá um debate, moderado pelo Prof. Jorge Torgal (manhã) e pela Dra. Ana Escoval (tarde), que desempenha presentemente as funções de coordenadora em Portugal do Comité Permanente dos Hospitais da União Europeia (HOPE) e da Federação Internacional dos Hospitais.</s>
    <s>Pólo Tecnológico de Lisboa no Hospital do Futuro</s>
    <s>O Pólo Tecnológico de Lisboa, através da sua entidade gestora – LISPOLIS, associa-se desde o primeiro momento a esta conferência, contribuindo como patrocinador da mesma. “As empresas do Pólo Tecnológico de Lisboa têm ofertas que passam pelo ‘outsorcing’ de sistemas de informação, o CRM e o atendimento ao público, que podem interessar aos novos Hospitais SA” salienta o Engº Cândido dos Santos, administrador daquela entidade.</s>
    <s>O Pólo Tecnológico de Lisboa é gerido pela LISPOLIS, uma associação em que participam, para além do INETI, a AIP, a Câmara Municipal de Lisboa, o IAPMEI, o IST, a FCT entre outros. O seu objectivo principal é o de apoiar a inovação nas empresas, e nele têm sede empresas portuguesas com notoriedade internacional, como é o caso da Newvision, a Informan, a Capital IT, a 4 Sir, a Silicon, entre muitas outras.</s>
    <s>Ver original aqui</s>
    <s>Escribe un Comentario</s>
    <s>Nombre (requerido)</s>
    <s>ECONOMIA HdF</s>
    <s>FORUM HdF</s>
    <s>HISTORICO HdF</s>
    <s>nº 01 - Bem vindos ao Hospital do Futuro</s>
    <s>nº 02 - Bem vindos à primeira conferência</s>
    <s>nº 03 - Um hospital com paredes de vidro</s>
    <s>nº 04 - Um ano 2004 cheio de saúde</s>
    <s>nº 05 - 2004: o ano chinês do macaco</s>
    <s>nº 06 - Forças de Mudança em Gestão Hospitalar</s>
    <s>nº 07 - e-Saúde 2004: Saudades do Futuro</s>
    <s>nº 08 - Menos Ais, menos Ais, Queremos muito mais!</s>
    <s>nº 09 - Premiar os bons exemplos em Saúde</s>
    <s>nº 10 - O gato e o rato</s>
    <s>nº 11 - A Baía dos Porcos</s>
    <s>nº 12 - Quem regula o regulador</s>
    <s>Quem somos</s>
    <s>Development Blog</s>
    <s>Suggest Ideas</s>
    <s>Support Forum</s>
    <s>WordPress Planet</s>
    <s>NING HDF</s>
    <s>&quot;Portugal ficou muito bem colocado pela capacidade em organizar uma reunião com aquela envergadura como pela participação científica&quot;</s>
    <s>HISTÓRIA DA LEGISLAÇÃO DE LARES DE IDOSOS 1</s>
    <s>Editorial: Modelos de governação regional</s>
    <s>Conferência de Imprensa: Lançamento da II Cimeira Ibérica de Líderes em Saúde e Conclusões da I Cimeira Ibérica de Líderes em Saúde</s>
    <s>Editorial: Nova Revista HdF Lusofonia</s>
    <s>&quot;A TeleMedicina tem vindo a entrar em Portugal sem dar muito nas vistas&quot;</s>
    <s>Editorial: Por um fio!</s>
    <s>&quot;A hospitalização privada mostrou ser capaz de constituir uma rede verdadeiramente alternativa&quot;</s>
    <s>Editorial: Mais uma oportunidade perdida?</s>
    <s>&quot;Em pouco mais de quatro décadas vamos ter mais 1.000.000 pessoas com mais de 80 anos de idade&quot;</s>
    <s>Octubre 2008</s>
    <s>Marzo 2008</s>
    <s>Febrero 2008</s>
    <s>Enero 2008</s>
    <s>Diciembre 2007</s>
    <s>Noviembre 2007</s>
    <s>Septiembre 2007</s>
    <s>Agosto 2007</s>
    <s>Julio 2007</s>
    <s>Junio 2007</s>
    <s>Mayo 2007</s>
    <s>Abril 2007</s>
    <s>Marzo 2007</s>
    <s>Febrero 2007</s>
    <s>Enero 2007</s>
    <s>Diciembre 2006</s>
    <s>Noviembre 2006</s>
    <s>Octubre 2006</s>
    <s>Septiembre 2006</s>
    <s>Agosto 2006</s>
    <s>Julio 2006</s>
    <s>Junio 2006</s>
    <s>Mayo 2006</s>
    <s>Abril 2006</s>
    <s>Marzo 2006</s>
    <s>Enero 2006</s>
    <s>Diciembre 2005</s>
    <s>Noviembre 2005</s>
    <s>Octubre 2005</s>
    <s>Septiembre 2005</s>
    <s>Agosto 2005</s>
    <s>Julio 2005</s>
    <s>Marzo 2005</s>
    <s>Diciembre 2004</s>
    <s>Octubre 2004</s>
    <s>Julio 2004</s>
    <s>Mayo 2004</s>
    <s>Marzo 2004</s>
    <s>Febrero 2004</s>
    <s>Diciembre 2003</s>
    <s>Noviembre 2003</s>
    <s>Octubre 2003</s>
    <s>(C) 2008 *HdF</s>
  </text>
</page>
