<?xml version="1.0" encoding="UTF-8"?>
<!DOCTYPE page SYSTEM "page.dtd">
<page>
  <lang>pt</lang>
  <url>http://br.neventum.com/search/37/%3Fsector%3Dcentro-eventos%26type%3Dmarca</url>
  <title>37 - Centro de Eventos e Feiras</title>
  <snippet>
    <s>Se você está planejando um banquete ou uma conferência, reunião ou Tanto para a preparação de uma conferencia, uma pequena reunião, uma sessão de capacitados e especializados, coordenados pelo Administrador de Eventos. </s>
  </snippet>
  <text>
    <s>sou expositor</s>
    <s>organizo feiras</s>
    <s>sou fornecedor</s>
    <s>tenho um espaço</s>
    <s>Feiras e Eventos</s>
    <s>Centro de Eventos e Feiras</s>
    <s>855 Centro de Eventos e Feiras disponíveis. Ordenados por experiência, competitividade e opiniões dos usuários</s>
    <s>!Pavilhão Atlântico</s>
    <s>Pavilhão Atlântico</s>
    <s>1 países, 8 fotos</s>
    <s>Pavilhao Atlantico e uma sala polivalente, em Lisboa, capaz de acolher grandes eventos, congressos e outros eventos. Sua estetica, </s>
    <s>Ver ficha ↓ Pedir orçamento grátis</s>
    <s>!Foto Pavilhão Atlântico</s>
    <s>Ver mais fotos Pedir orçamento grátis</s>
    <s>Apresentação da empresa</s>
    <s>Pavilhao Atlantico e uma sala polivalente, em Lisboa, capaz de acolher grandes eventos, congressos e outros eventos. Sua estetica, versatilidade, flexibilidade e uma arquitectura impressionante proporcionam o cenario perfeito para qualquer evento.</s>
    <s>Pavilhao Atlantico esta localizada na margem norte do rio Tejo, em Lisboa e e facilmente acessivel. É tambem muito perto do Aeroporto Internacional de Lisboa. Pavilhao Atlantico e hoje uma das mais modernas instalaçoes para eventos de todo o mundo.</s>
    <s>Pavilhao Atlantico oferece tres areas integradas que podem ser adaptados as necessidades especificas de cada caso. Sala Atlantico, com 5.200 metros quadrados tem uma capacidade maxima de 12.500 lugares. Hall Valley e uma area de 2200 metros quadrados repleta de luz natural. O Business Center tem um auditorio com 100 lugares e 11 salas de reunioes, adequadas para eventos de menor escala.</s>
    <s>Se voce esta planejando um banquete ou uma conferencia, reuniao ou conferencia empresarial, Pavilhao Atlantico e uma otima opçao. Pavilhao Atlantico, a sala polivalente de Lisboa, Portugal satisfaz as necessidades dos clientes que buscam elegancia, know-how, a versatilidade ea flexibilidade.</s>
    <s>Países onde trabalha</s>
    <s>!FIL Feira Internacional de Lisboa</s>
    <s>FIL Feira Internacional de Lisboa</s>
    <s>1 países, 1 fotos</s>
    <s>A Feira Internacional de Lisboa ocupa um espaço de 100.00m2 distribuidos por quatro pavilhoes de arquitetura moderna interligados e </s>
    <s>Ver ficha ↓ Pedir orçamento grátis</s>
    <s>!Foto FIL Feira Internacional de Lisboa</s>
    <s>Ver mais fotos Pedir orçamento grátis</s>
    <s>Apresentação da empresa</s>
    <s>A Feira Internacional de Lisboa ocupa um espaço de 100.00m2 distribuidos por quatro pavilhoes de arquitetura moderna interligados e totalmente climatizados.</s>
    <s>Os Pavilhoes de Exposiçao estao equipados com ar condicionado, sistema de detecçao contra incendios, hidrantes e extintores de incendio, sistema de extraçao de fumaça, saidas de emergencia, sistema de megafone para a difusao de avisos, iluminaçao com circuitos conectados a rede normal, emergencia e a UPS.</s>
    <s>Os sistemas tecnicos disponiveis para os expositores encontram-se em alas tecnicas colocadas a cada 6m, no piso e uniformemente distribuidos e estao compostos de: Instalaçao eletrica; Ar comprimido; Água e sistema de esgoto; Rede de telecomunicaçoes para a transmissao de voz e dados.</s>
    <s>Cada Pavilhao possui uma area de 10.200m2. A altura util dos Pavilhoes e de 10m, com exceçao do Pavilhao 1, que e de 15m. O piso esta marcado em quadrados de 3x3 para a montagem de stands, com uma longitude e uma largura de 142 x 72m.</s>
    <s>Países onde trabalha</s>
    <s>!Atlantic Pavilion</s>
    <s>Atlantic Pavilion</s>
    <s>1 países, 1 fotos</s>
    <s>O Pavilhao Atlantico, versatil por natureza, foi projetado para abrigar varios tipos de eventos. Composto por tres areas </s>
    <s>Ver ficha ↓ Pedir orçamento grátis</s>
    <s>!Foto Atlantic Pavilion</s>
    <s>Ver mais fotos Pedir orçamento grátis</s>
    <s>Apresentação da empresa</s>
    <s>O Pavilhao Atlantico, versatil por natureza, foi projetado para abrigar varios tipos de eventos. Composto por tres areas integradas, e a soluçao ideal para quem esta procurando um espaço de qualidade.</s>
    <s>O Pavilhao Atlantico aluga seu espaço fisico, e ainda lhe brinda o apoio logistico de sua equipe, para que voce possa organizar e produzir o evento que desejar. Tanto para a preparaçao de uma conferencia, uma pequena reuniao, uma sessao de capacitaçao, a apresentaçao de um novo produto ou um congresso, o Pavilhao Atlantico oferece com total flexibilidade o Atlantic Hall, o Tejo Hall e o Centro de Negocios.</s>
    <s>O Pavilhao Atlantico oferece ainda, uma grande variedade de tecnologias e uma equipe de tecnicos capacitados e especializados, coordenados pelo Administrador de Eventos. Ele e o vinculo privilegiado que ira lhe acompanhar desde a etapa inicial do planejamento, para assessorar e propor as melhores soluçoes, e lhe guiar atraves das diversas atividades e promoçoes.</s>
    <s>Países onde trabalha</s>
    <s>!Valencia Conference Centre</s>
    <s>Valencia Conference Centre</s>
    <s>1 países, 1 fotos</s>
    <s>O Centro de Convençoes e um edificio unico e surpreendente. Um projeto exclusivo que se esconde dentro de uma estrutura com </s>
    <s>Ver ficha ↓ Pedir orçamento grátis</s>
    <s>!Foto Valencia Conference Centre</s>
    <s>Ver mais fotos Pedir orçamento grátis</s>
    <s>Apresentação da empresa</s>
    <s>O Centro de Convençoes e um edificio unico e surpreendente. Um projeto exclusivo que se esconde dentro de uma estrutura com varios espaços para atender todas as necessidades e ter o equipamento tecnico e logistico mais completo.</s>
    <s>Possui 3 auditorios com capacidade combinada de 2.250 delegados para um unico evento, mutliple Reuniao de tamanhos diferentes, bem como outros espaços de exposiçao e salas de reunioes.</s>
    <s>O Palacio de Congressos de Valencia tem todas as facilidades de um moderno centro de convençoes</s>
    <s>Países onde trabalha</s>
    <s>!Palacio de Congresos y Exposiciones de la Costa del Sol</s>
    <s>Palacio de Congresos y Exposiciones de la Costa del Sol</s>
    <s>1 países, 1 fotos</s>
    <s>A 700m da estaçao de trens de Torremolinos, a 3km do Aeroporto Internacional de Malaga e a 12 km da estaçao do trem de </s>
    <s>Ver ficha ↓ Pedir orçamento grátis</s>
    <s>!Foto Palacio de Congresos y Exposiciones de la Costa del Sol</s>
    <s>Ver mais fotos Pedir orçamento grátis</s>
    <s>Apresentação da empresa</s>
    <s>A 700m da estaçao de trens de Torremolinos, a 3km do Aeroporto Internacional de Malaga e a 12 km da estaçao do trem de Alta Velocidade fica o Palacio de Congresos y Exposiciones de la Costa del Sol.</s>
    <s>Este recinto conta com um salao de exposiçoes de 6000 m2, com 20 saloes que se transformam em 3 auditorios, uma sala polivalente, 7 salas de Comissoes e 6 salas de Juntas.</s>
    <s>Suas instalaçoes modernas e equipadas com tecnologia de ponta fazem do Palacio de Congresos y Exposiciones de la Costa del Sol o espaço ideal para a realizaçao de eventos de diferentes tematicas e dimensoes e que garantem o sucesso de seu ato profissional.</s>
    <s>Países onde trabalha</s>
    <s>!Fira Sabadell</s>
    <s>Fira Sabadell</s>
    <s>1 países</s>
    <s>Fira Sabadell esta localizado no antigo local de &quot;Le Electric, um dos edificios mais emblematicos da cidade, perto de Barcelona. </s>
    <s>Ver ficha ↓ Pedir orçamento grátis</s>
    <s>Ver mais fotos Pedir orçamento grátis</s>
    <s>Apresentação da empresa</s>
    <s>Fira Sabadell esta localizado no antigo local de &quot;Le Electric, um dos edificios mais emblematicos da cidade, perto de Barcelona.</s>
    <s>Formado por um armazem central de 5.000 m2, um auditorio de 1.300 m2 e quatro salas de 100 m2 cada, as feiras Sabadell e um espaço ideal para realizar eventos de qualquer natureza, tanto na sua dimensao e instalaçoes modernas .</s>
    <s>Países onde trabalha</s>
    <s>!Pilar Golf Club</s>
    <s>Pilar Golf Club</s>
    <s>1 países, 1 fotos</s>
    <s>Apenas 40 minutos da cidade de Buenos Aires e perfeitamente conectados atraves de auto-estrada, e Pilar Golf Club, um resort que combina, o </s>
    <s>Ver ficha ↓ Pedir orçamento grátis</s>
    <s>!Foto Pilar Golf Club</s>
    <s>Ver mais fotos Pedir orçamento grátis</s>
    <s>Apresentação da empresa</s>
    <s>Apenas 40 minutos da cidade de Buenos Aires e perfeitamente conectados atraves de auto-estrada, e Pilar Golf Club, um resort que combina, o desporto de entretenimento e relaxamento.</s>
    <s>Rodeado por um magnifico campo de golfe com 27 buracos, esta construçao e dividida em tres areas distintas: o Clube &quot;area equipada com instalaçoes para tenis, basquetebol, futebol e nataçao&quot;, a area residencial e do Club House.</s>
    <s>O ultimo espaço, concebido especialmente para a celebraçao de eventos sociais e profissionais, tem uma area total de 4.500 m2 distribuidos divisivel em tres quartos, sala de estar, biblioteca, pub Ingles, sala de jogos e bilhar.</s>
    <s>Países onde trabalha</s>
    <s>!Causarinas del Pilar</s>
    <s>Causarinas del Pilar</s>
    <s>1 países, 1 fotos</s>
    <s>Localizado na zona do Pilar, esta casa foi construida no año1880 e remodelada posteriormente por seus donos para proporcionar conforto e </s>
    <s>Ver ficha ↓ Pedir orçamento grátis</s>
    <s>!Foto Causarinas del Pilar</s>
    <s>Ver mais fotos Pedir orçamento grátis</s>
    <s>Apresentação da empresa</s>
    <s>Localizado na zona do Pilar, esta casa foi construida no año1880 e remodelada posteriormente por seus donos para proporcionar conforto e relaxamento aos seus hospedes.</s>
    <s>Com espaço para ate 100 pessoas e uma area de spa com piscina, Casuarinas del Pilar e um cenario ideal para a celebraçao de eventos sociais e profissionais, como casamentos, conferencias ou reunioes de negocios.</s>
    <s>Países onde trabalha</s>
    <s>1 países, 1 fotos</s>
    <s>Localizado na area do trevo, um local de encontro Talcahuano, Concepcion e Hualpen SurActivo caracteriza-se como um parque de </s>
    <s>Ver ficha ↓ Pedir orçamento grátis</s>
    <s>!Foto SurActivo</s>
    <s>Ver mais fotos Pedir orçamento grátis</s>
    <s>Apresentação da empresa</s>
    <s>Localizado na area do trevo, um local de encontro Talcahuano, Concepcion e Hualpen SurActivo caracteriza-se como um parque de diversoes para facil acesso e facil acesso as areas comerciais, de entretenimento e empresariais das tres areas.</s>
    <s>Este centro e composto por cinco areas para a organizaçao de eventos e profissionais de entretenimento e equipados com tecnologia para essa finalidade: O Show l (2.725 m2), Great Hall (743 m2 dividido em 5 salas), sala VIP (80 m2) , r Foye (622 m2) e Patio Light (666 m2 ao ar livre).</s>
    <s>Alem destas instalaçoes, SurActivo tem uma area de restauraçao equipada para a preparaçao de banquetes, coqueteis e lanches e um estacionamento para 500 veiculos.</s>
    <s>Países onde trabalha</s>
    <s>!Sonesta Hotel Concepción</s>
    <s>Sonesta Hotel Concepción</s>
    <s>1 países, 1 fotos</s>
    <s>Esta estancia hoteleira esta localizada no distrito de Concepcion Talcahuano, a apenas 2 km do Sul Carriel. Com 120 quartos e </s>
    <s>Ver ficha ↓ Pedir orçamento grátis</s>
    <s>!Foto Sonesta Hotel Concepción</s>
    <s>Ver mais fotos Pedir orçamento grátis</s>
    <s>Apresentação da empresa</s>
    <s>Esta estancia hoteleira esta localizada no distrito de Concepcion Talcahuano, a apenas 2 km do Sul Carriel.</s>
    <s>Com 120 quartos e suites e restaurante de cozinha internacional de primeira classe, Sonesta Hotel Concepcion e o local ideal para descontrair e relaxar depois de visitar as ruas e monumentos da segunda maior cidade do Chile, depois de Santiago.</s>
    <s>Mas a flexibilizaçao nao e a unica maneira que este hotel oferece aos seus hospedes e visitantes: a realizaçao de eventos profissionais e sociais e outra alternativa deste recurso.</s>
    <s>O centro de conferencias e composto por oito salas de 600 m2 e 30 m2, com capacidade para organizar qualquer coisa, desde feiras para convençoes, conferencias e reunioes.</s>
    <s>Países onde trabalha</s>
    <s>!Sheraton Córdoba Hotel</s>
    <s>Sheraton Córdoba Hotel</s>
    <s>1 países, 1 fotos</s>
    <s>A poucos minutos do Aeroporto Internacional de Cordoba e da zona empresarial e comercial e a Sheraton Cordoba Hotel Argentina, com 16 </s>
    <s>Ver ficha ↓ Pedir orçamento grátis</s>
    <s>!Foto Sheraton Córdoba Hotel</s>
    <s>Ver mais fotos Pedir orçamento grátis</s>
    <s>Apresentação da empresa</s>
    <s>A poucos minutos do Aeroporto Internacional de Cordoba e da zona empresarial e comercial e a Sheraton Cordoba Hotel Argentina, com 16 andares, edificio moderno com vista para as montanhas.</s>
    <s>Con188 quartos e suites equipados com TV a cabo e acesso a Internet, um restaurante, um lobby bar e um centro de convençoes de 1.460 m2, este resort combina entretenimento e negocios para a perfeiçao.</s>
    <s>As 10 salas para eventos profissionais que caracterizam o hotel pode receber pequenas reunioes ate grandes convençoes e eventos sociais.</s>
    <s>Países onde trabalha</s>
    <s>!Forja Centro de Eventos</s>
    <s>Forja Centro de Eventos</s>
    <s>1 países, 1 fotos</s>
    <s>Com apenas 10 minutos do centro da cidade e ligado para o Aeroporto atraves do anel viario da cidade, e Forge, o maior espaço para </s>
    <s>Ver ficha ↓ Pedir orçamento grátis</s>
    <s>!Foto Forja Centro de Eventos</s>
    <s>Ver mais fotos Pedir orçamento grátis</s>
    <s>Apresentação da empresa</s>
    <s>Com apenas 10 minutos do centro da cidade e ligado para o Aeroporto atraves do anel viario da cidade, e Forge, o maior espaço para eventos profissionais e sociais da cidade.</s>
    <s>Esta feira, um dos icones do seculo XX Cordoba industrial, composto por uma sala de conferencias de 560 m2 de area e um centro de exposiçao de 10.229 m2.</s>
    <s>Sem muros nem barreiras que limitam dentro da area de exposiçao Forge pode ser dividido em varias areas de acolhimento e de congressos e convençoes de 4.000 a 12.000 pessoas para feiras.</s>
    <s>Países onde trabalha</s>
    <s>!Palacio de Exposiciones y Congresos de Estepona</s>
    <s>Palacio de Exposiciones y Congresos de Estepona</s>
    <s>1 países</s>
    <s>30 minutos de Marbella, a uma hora do aeroporto de Malaga e meia hora de Gibraltar, o Palacio de Exposiciones y Congresos de Estepona e uma </s>
    <s>Ver ficha ↓ Pedir orçamento grátis</s>
    <s>Ver mais fotos Pedir orçamento grátis</s>
    <s>Apresentação da empresa</s>
    <s>30 minutos de Marbella, a uma hora do aeroporto de Malaga e meia hora de Gibraltar, o Palacio de Exposiciones y Congresos de Estepona e uma excelente alternativa para o Palacio de Congressos e Conferencias da cidade de Malaga.</s>
    <s>Estepona A feira ocupa uma area de 21.000 m2 p Abellon arranjou um versatil de 3.000 m2, uma area de 15.000 m2 de jardim, duas salas de reunioes e uma sala de conferencias.</s>
    <s>Facilidades que tornam este edificio um cenario ideal para a organizaçao de feiras, exposiçoes, conferencias, convençoes e eventos culturais de todos os tipos.</s>
    <s>O Palacio de Exposiciones y Congresos de Estepona ainda dispoe de modernas instalaçoes e tecnologia de ponta que ira atender a demanda de hospedagem profissional.</s>
    <s>Países onde trabalha</s>
    <s>!International Agri-Center</s>
    <s>International Agri-Center</s>
    <s>1 países, 1 fotos</s>
    <s>O International Agri-Center e uma corporaçao sem fins lucrativos, formada em 1976 para produzir o que e chamado agora World Ag Expo, </s>
    <s>Ver ficha ↓ Pedir orçamento grátis</s>
    <s>!Foto International Agri-Center</s>
    <s>Ver mais fotos Pedir orçamento grátis</s>
    <s>Apresentação da empresa</s>
    <s>O International Agri-Center e uma corporaçao sem fins lucrativos, formada em 1976 para produzir o que e chamado agora World Ag Expo, anteriormente conhecido como California Farm Equipment Show e para promover a industria agricola da California.</s>
    <s>International Agri-Center esta dirigido por uma junta de voluntarios e conta com mais de 1.200 voluntarios que dedicam seu tempo para garantir o sucesso do World Ag Expo e outros eventos organizados pelo International Agri-Center. O Estado da California reconhece o International Agri-Center como uma organizaçao sem fins lucrativos, devido a sua promoçao da agricultura da California no mundo todo e sua enfase na educaçao.</s>
    <s>Um novo enfoque para a organizaçao e o recem remodelado Centro de aprendizagem no Complexo do patrimonio. O World Ag Expo e a maior exposiçao da agricultura no mundo, atraindo a mais de 1500 expositores do mundo todo, expondo produtos, tecnologia e serviços para granja, lacteos, chacra, vinhedo, horta e outras necessidades da industria agricola.</s>
    <s>Países onde trabalha</s>
    <s>!Parque de Exposições Floriano Varejão</s>
    <s>Parque de Exposições Floriano Varejão</s>
    <s>1 países</s>
    <s>O Parque de Exposiçoes Floriano Varejao reune as melhores condiçoes para exposiçoes, </s>
    <s>Ver ficha ↓ Pedir orçamento grátis</s>
    <s>Ver mais fotos Pedir orçamento grátis</s>
    <s>Apresentação da empresa</s>
    <s>O Parque de Exposiçoes Floriano Varejao reune as melhores condiçoes para exposiçoes, feiras, leiloes, shows e eventos de grande publico.</s>
    <s>Sua area de mais de 130 mil metros quadrados abriga dois pavilhoes de feiras com 10 mil metros quadrados com ampla estrutura de apoio basico. Alem dos pavilhoes, o local conta com infraestrutura completa para leiloes de gado e exposiçoes agropecuarias, segurança e arena com infraestrutura para shows e espetaculos.</s>
    <s>Países onde trabalha</s>
    <s>!Centro de Convenciones de Salta</s>
    <s>Centro de Convenciones de Salta</s>
    <s>1 países, 1 fotos</s>
    <s>O Centro de Convenciones de Salta esta localizado na entrada da cidade, apenas a 5 minutos do aeroporto ea apenas 10 minutos do centro da cidade. Com </s>
    <s>Ver ficha ↓ Pedir orçamento grátis</s>
    <s>!Foto Centro de Convenciones de Salta</s>
    <s>Ver mais fotos Pedir orçamento grátis</s>
    <s>Apresentação da empresa</s>
    <s>O Centro de Convenciones de Salta esta localizado na entrada da cidade, apenas a 5 minutos do aeroporto ea apenas 10 minutos do centro da cidade.</s>
    <s>Com uma area total de 10.685 m2 distribuidos em sala principal de 2.300 m2, dividido em quatro quartos de 576 m2, tres novas salas de 204 m2 cada e uma sala polivalente de 204 m2, este espaço pode acolher exposiçoes, conferencias, convençoes, conferencias e oficinas.</s>
    <s>Alem destas instalaçoes, a galeria Centro de Convenciones de Salta tem uma distribuiçao de 1.200 m2, adequado para uso como uma area de exibiçao ou area para coffee breaks e Internet e da tecnologia para seus assistentes.</s>
    <s>Países onde trabalha</s>
    <s>!Brixia Expo - Fiera di Brescia</s>
    <s>Brixia Expo - Fiera di Brescia</s>
    <s>1 países</s>
    <s>Brixia Expo, Fiera di Brescia e o centro de exposiçoes da cidade consiste em dois lotes um dos quais esta em </s>
    <s>Ver ficha ↓ Pedir orçamento grátis</s>
    <s>Ver mais fotos Pedir orçamento grátis</s>
    <s>Apresentação da empresa</s>
    <s>Brixia Expo, Fiera di Brescia e o centro de exposiçoes da cidade consiste em dois lotes um dos quais esta em construçao.</s>
    <s>Uma vez que o segundo lote, a feira tera um total de 32.400 m2 de exposiçao bruta dividida em tres pavilhoes, 3 salas de conferencias, sala de reunioes e dois parques de estacionamento de grandes dimensoes.</s>
    <s>Países onde trabalha</s>
    <s>!Poliforum León</s>
    <s>Poliforum León</s>
    <s>1 países, 1 fotos</s>
    <s>A cidade de Leon, onde o Poliforum Leon recinto esta praticamente no centro geografico do Mexico. O imovel urbano de </s>
    <s>Ver ficha ↓ Pedir orçamento grátis</s>
    <s>!Foto Poliforum León</s>
    <s>Ver mais fotos Pedir orçamento grátis</s>
    <s>Apresentação da empresa</s>
    <s>A cidade de Leon, onde o Poliforum Leon recinto esta praticamente no centro geografico do Mexico. O imovel urbano de 67 hectares dispoe de espaços para lazer, negocios e cultura: uma exposiçao e um centro de convençoes de 46.000 m2, State Fair, o Museu de Ciencias Explora, o Parque Ecologico, com 270,000 m2. areas verdes e um Centro Cultural.</s>
    <s>O gabinete possui 4 salas de exposiçoes Poliforum Leon 4.536 m2 cada e serviços gerais, tais como equipamentos de comutaçao de quintal, calçadas e caves.</s>
    <s>Países onde trabalha</s>
    <s>!Poliforum León</s>
    <s>Poliforum León</s>
    <s>1 países, 1 fotos</s>
    <s>Poliforum Leon. Conferencias e Exposiçoes e parte de um complexo de 67 hectares composto por dois compartimentos: Interactive </s>
    <s>Ver ficha ↓ Pedir orçamento grátis</s>
    <s>!Foto Poliforum León</s>
    <s>Ver mais fotos Pedir orçamento grátis</s>
    <s>Apresentação da empresa</s>
    <s>Poliforum Leon. Conferencias e Exposiçoes e parte de um complexo de 67 hectares composto por dois compartimentos: Interactive Science Center e do Parque Explora e do Forum Cultural Guanajuato.</s>
    <s>Dois espaços para entretenimento e cultura, e para completar a oferta de negocios que oferece Poliforum Leon e economico do leones e coloque esta instituiçao entre um dos mais poderosos em termos de evento em causa.</s>
    <s>Alem de ser parte integrante deste complexo, o Centro de Convençoes e Exposiçoes e constituido, por sua vez, por dois edificios 4536 m2 e 2.000 m2, sites de hospedagem oito salas e uma area destinada para carga e descarga .</s>
    <s>Um moderno e equipado com tecnologia de ponta fazem dele um local ideal para a realizaçao de exposiçoes e conferencias para reunioes de negocios ou conferencias.</s>
    <s>Países onde trabalha</s>
    <s>!Feria Valencia</s>
    <s>Feria Valencia</s>
    <s>1 países, 1 fotos</s>
    <s>Feira de Valencia e a instituiçao dedicada a organizaçao de feiras mais antiga da Espanha. Fundada em 1917, comemorou </s>
    <s>Ver ficha ↓ Pedir orçamento grátis</s>
    <s>!Foto Feria Valencia</s>
    <s>Ver mais fotos Pedir orçamento grátis</s>
    <s>Apresentação da empresa</s>
    <s>Feira de Valencia e a instituiçao dedicada a organizaçao de feiras mais antiga da Espanha. Fundada em 1917, comemorou 87 anos de atividade. É a primeira feira espanhola certificada por AENOR com a ISO 9002.</s>
    <s>A Feira de Valencia e a entidade cofundadora da UFI (Uniao de Feiras Internacionais), a AFE (Associaçao de Feiras Espanholas) e da MTFA (Associaçao de Feiras do Mediterraneo), socia com direito total de EMECA (Associaçao de Grandes Parques de Exposiçao Europeus) e socia da AFIDA (Associaçao de Feiras Internacionais da America)</s>
    <s>A Feira de Valencia dispoe da maior superficie para exposiçoes comerciais da Espanha, sendo uma das dez maiores do mundo: 231.000m² de superficie coberta para exposiçao.</s>
    <s>A Feira de Valencia celebra anualmente mais de 40 feiras, dos quais mais da metade sao internacionais, com o reconhecimento da Secretaria do Estado do Comercio e da UFI.</s>
    <s>No ultimo ano, a Feira de Valencia recebeu a visita de mais de 1 milhao e duzentos mil profissionais do mundo todo e cerca de 12 mil empresas expuseram seus produtos em suas feiras monograficas. O impacto economico da Feira de Valencia na economia local, esta estimado em 600 milhoes de euros anuais.</s>
    <s>Localizada a 5 km do centro urbano de Valencia, o centro de exposiçoes e facilmente acessivel atraves do sistema rodoviario nacional. Tambem esta conectada com o porto de Valencia, um dos mais ativos do Mediterraneo, e com o aeroporto, localizado a apenas 5 km.</s>
    <s>Países onde trabalha</s>
    <s>« Primeiro‹ Anterior37</s>
    <s>Pŕoximo ›</s>
    <s>Último »</s>
    <s>Precisa de um Fornecedor? 5Receba em um clique</s>
    <s>Orçamentos Grátis</s>
    <s>+34 93 332 67 60</s>
    <s>+1 34 780 93457</s>
    <s>+39 02 929 766 40</s>
    <s>+44 20 8816 8352</s>
    <s>+55 11 3042 9748</s>
    <s>+56 25 81395</s>
    <s>+85 28 1990 675</s>
    <s>+52 55 8421 4170</s>
    <s>neventum ›</s>
    <s>Cidades - Países - Eventos - Fornecedores - Espaços</s>
    <s>Nosotros ›</s>
    <s>O que é neventum? - Quem somos? - Contato</s>
    <s>Perfil ›</s>
    <s>Sou Expositor - Organizo Feiras - Sou Fornecedor - Tenho um Espaço</s>
    <s>Idiomas ›</s>
    <s>Espanhol - Inglês - Alemão - Italiano - Português - Francês</s>
    <s>Política de Privacidade</s>
    <s>(C) 2011 Neventum. Todos os direitos reservados</s>
  </text>
</page>
