<?xml version="1.0" encoding="UTF-8"?>
<!DOCTYPE page SYSTEM "page.dtd">
<page>
  <lang>pt</lang>
  <url>http://ctaciranda.com.br/lucianafiel/%3Fpage_id%3D7</url>
  <title>Luciana Fiel</title>
  <snippet>
    <s>Autora com Paulo Mattos e Sérgio Bourbon, Psiquiatras, membros da ABDA do Assinou os artigos semanais da coluna Desenvolvimento Pessoal do jornal Folha de Mata Palestrante convidada para palestras, seminários e conferências. </s>
  </snippet>
  <text>
    <s>Luciana Fiel</s>
    <s>Personal &amp; Professional Coaching</s>
    <s>Livros e Palestras</s>
    <s>Programa Mente Confiante</s>
    <s>Grupo de Apoio para portadores e familiares de TDA/H</s>
    <s>Luciana Fiel</s>
    <s>!Luciana Fiel</s>
    <s>Luciana Fiel</s>
    <s>Luciana Fiel é uma profunda conhecedora sobre o Transtorno de Déficit de Atenção/Hiperatividade. Autora com Paulo Mattos e Sérgio Bourbon, Psiquiatras, membros da ABDA do videocurso e livro &quot;A Criança e o TDA/H Transtorno do Déficit de Atenção/Hiperatividade&quot;.</s>
    <s>Autora do livro &quot;O líder que existe em você&quot;.</s>
    <s>Associada a ABDA – Associação Brasileira do Déficit de Atenção/Hiperatividade. Há 10 anos pesquisa, estuda e trabalha com a Metodologia Coaching para TDA/H. Palestrante de Congressos Internacionais sobre o assunto.</s>
    <s>Criadora do Modelo “Coaching Pedagógico”, Modelo de coaching para portadores de TDA/H (Transtorno do Déficit de Atençaõ/Hiperatividade).</s>
    <s>Personal &amp; Professional Coach licenciada pela Sociedade Brasileira de Coaching.</s>
    <s>Mestre em Família e Desenvolvimento Humano pela Universidade Federal de Viçosa MG.</s>
    <s>Pós-graduada em Educação Novos Paradigmas pela Faculdade Pitágoras BH/MG.</s>
    <s>Graduada em Economia Doméstica com especialização na Área de Família e Desenvolvimento Humano, especificamente em Educação Infantil.</s>
    <s>No setor público, foi Docente na Universidade Federal de Viçosa e Coordenadora do Departamento de Educação Infantil da Prefeitura Municipal de Viçosa, MG.</s>
    <s>EMPRETECO, certificada pelo SEBRAE/MG.</s>
    <s>Assessora Pedagógica da Revista Educativa – Editora Minuano. Assinou os artigos semanais da coluna Desenvolvimento Pessoal do jornal Folha de Mata de Viçosa. Foi articuladora do Programa Conexão na FM Canção Nova.</s>
    <s> Coach. Escritora. Palestrante convidada para palestras, seminários e conferências.</s>
    <s>Articuladora semanal do programa BEM VIVER, promovido pela UNIVIÇOSA,  na Rádio 95 FM.</s>
    <s>É fundadora e diretora presidente de A Ciranda Desenvolvimento Humano, instituição que atua em serviços de desenvolvimento do potencial humano.</s>
    <s>Luciana Fiel Subpages</s>
    <s>Sem categoria (49)</s>
    <s>outubro 2011</s>
    <s>setembro 2011</s>
    <s>agosto 2011</s>
    <s>julho 2011</s>
    <s>junho 2011</s>
    <s>maio 2011</s>
    <s>abril 2011</s>
    <s>março 2011</s>
    <s>janeiro 2011</s>
    <s>novembro 2010</s>
    <s>setembro 2010</s>
    <s>agosto 2010</s>
    <s>julho 2010</s>
    <s>junho 2010</s>
    <s>maio 2010</s>
    <s>abril 2010</s>
    <s>março 2010</s>
    <s>fevereiro 2010</s>
    <s>janeiro 2010</s>
    <s>dezembro 2009</s>
    <s>novembro 2009</s>
    <s>outubro 2009</s>
    <s>setembro 2009</s>
    <s>agosto 2009</s>
    <s>julho 2009</s>
    <s>maio 2009</s>
    <s>Todos pela Educação Infantil</s>
    <s>A Ciranda - Desenvolvimento Humano</s>
    <s>Transtorno do Déficit de Atenção Hiperatividade</s>
    <s>TDAH Reconstruindo a vida</s>
    <s>Ultimos Artigos</s>
    <s>VOCÊ SABE O QUE A FASE DA NEGAÇÃO?</s>
    <s>TDAH: A DOENÇA DA FAMILIA</s>
    <s>MUDE SEU PENSAMENTO MUDE SUA VIDA</s>
    <s>Abrindo nossos corações, transformando nossas perdas</s>
    <s>Comentarios Recentes</s>
    <s>Wal: Que Deus dê muita saude a Luciana para que os resultados sej </s>
    <s>Wagner: Oi Luciana, parece que eu já ouvi alguém me dizendo isso, rs </s>
    <s>Adriana Lopes de Rezende: Fui ensinada desde criança para ser um bom exemplo, com esco </s>
    <s>Walkiria: Nossa!!!É fantástica a sensibilidade de nossa amiga Fiel, </s>
    <s>Leonardo Santana: Olá Luciana!!Fico muito feliz em ler e ver tanta transfor </s>
    <s>Template customizado e traduzido por Hades Junior</s>
    <s>WP Theme &amp; Icons by N.Design Studio Traduzido por - Hadesign -</s>
    <s>Entries RSS Comments RSS Login</s>
  </text>
</page>
