<?xml version="1.0" encoding="UTF-8"?>
<!DOCTYPE page SYSTEM "page.dtd">
<page>
  <lang>pt</lang>
  <url>http://twitter.com/PPGI_UFPB</url>
  <title>PPGI_UFPB (PPGI_UFPB) on Twitter</title>
  <snippet>
    <s>Professor do DCE teve artigo aceito em conferencia internacional: http://bit.ly/ lb7cGl Professor do PPGI tem artigo aceito em conferência internacional: O Prof. </s>
  </snippet>
  <text>
    <s>Pular para a navegação</s>
    <s>No seu celular? Confira. m.twitter.com!</s>
    <s>Pular para navegação</s>
    <s>Pular para o formulário de inscrição</s>
    <s>Você possui uma conta?Entrar</s>
    <s>Nome de usuário ou e-mail</s>
    <s>Esqueceu sua senha?</s>
    <s>Esqueceu seu nome de usuário?</s>
    <s>Você já está usando o Twitter no seu celular?</s>
    <s>Receba mensagens curtas e rápidas de PPGI UFPB.</s>
    <s>Twitter é uma fonte rica de informações atualizadas instantaneamente. É fácil manter-se atualizado numa incrível variedade de temas. Inscreva-se hoje e siga @PPGI UFPB.</s>
    <s>Receba atualizações por SMS, envie a mensagem de texto sigaPPGI UFPB para o seu código local.</s>
    <s>Códigos para outros países</s>
    <s>Nos dois sentidos (enviando e recebendo) códigos curtos.</s>
    <s>País Código Para os clientes de</s>
    <s>0198089488 Telstra</s>
    <s>21212 (any)</s>
    <s>86444 Vodafone, Orange, 3, O2</s>
    <s>89887 AXIS, 3, Telkomsel</s>
    <s>51210 O2</s>
    <s>53000 Bharti Airtel, Videocon</s>
    <s>90903 Zain</s>
    <s>Nova Zelândia</s>
    <s>8987 Vodafone, Telecom NZ</s>
    <s>Estados Unidos</s>
    <s>40404 (any)</s>
    <s>PPGI UFPB</s>
    <s>1. Parabens aos alunos da UFPBRT @g1paraiba</s>
    <s>2. PPGI participará do SBIE 2011: O 22º Simpósio Brasileiro de Informática na Educação acontecerá no período de 21 bit.ly/qBlMDE 12:29 PM Oct 14th via twitterfeed</s>
    <s>3. Professores e alunos do PPGI recebem premiação no WEBMEDIA e SBBD 2011: Egresso Marcelo Sousa e a professora Tat bit.ly/qsqDW8 8:32 AM Oct 5th via twitterfeed</s>
    <s>4. Alunos do PPGI publicam em conferência internacional: O PPGI parabeniza  alunos e professores que representarão bit.ly/r7Dcv1 1:59 PM Sep 28th via twitterfeed</s>
    <s>5. Inscrições abertas para o POSCOMP 2011: O O Exame Nacional para Ingresso na Pós-Graduação em Computação (POSCOMP bit.ly/oi3zZQ 2:49 PM Aug 29th via twitterfeed</s>
    <s>6. Lavid protagoniza primeira experiência de transmissão, recepção e execução em cinema 4K 3D no Brasil: O Lavid, j bit.ly/qsFQ72 1:48 PM Aug 15th via twitterfeed</s>
    <s>7. Professor e alunos do PPGI têm livro publicado: O professor Glêdson Elias e os alunos  Daniel Charles Ferreira P http://bit.ly/qyCXu5 8:41 AM Aug 8th via twitterfeed</s>
    <s>8. Disciplinas 2011.2: Confira as disciplinas ofertadas para 2011.2 e o calendário PPGI 2011.2 http://bit.ly/oTKFrs 3:13 PM Aug 1st via twitterfeed</s>
    <s>9. Resultado da I Fase do Processo Seletivo 2011.2: O PPGI divulga o resultado da I Fase do Processo Seletivo 2011 . http://bit.ly/q0mZdG 6:36 AM Jul 22nd via twitterfeed</s>
    <s>10. Projeto do PPGI é demonstrado para ministro da Ciência e Tecnologia e diretor geral da RNP em Brasília: Projeto http://bit.ly/qWuWRw 7:33 AM Jul 14th via twitterfeed</s>
    <s>11. Palestra: Educational, Forensic and Industrial Visualisations : Why some Visualisations are Better than Others: http://bit.ly/qIBU6X 11:41 AM Jul 12th via twitterfeed</s>
    <s>12. Projeto desenvolvido no PPGI realiza testes em Telemedicina no Hospital Universitário: Projeto coordenado pelos http://bit.ly/l9qg0A 8:00 AM Jul 5th via twitterfeed</s>
    <s>13. lavid ufpb Lavid promove a Oficina Ginga Brasil em João Pessoa lavid.ufpb.br/pt/noticias/vi… 2:25 PM Jun 29th via web Retweetado por PPGI UFPB e 9 outros</s>
    <s>14. RT @alexandrend</s>
    <s>15. Adiado o prazo de inscrição para a Seleção 2011.2: Devido a greve dos funcionários técnico-administrativos, foi http://bit.ly/lDQCA0 8:19 AM Jun 29th via twitterfeed</s>
    <s>16. O prazo é até 08/07 RT @PPGI UFPB</s>
    <s>17. Foi adiada a inscrição para o Processo Seletivo 2011.2 do Mestrado em Informática do PPGI-UFPB http://j.mp/aXpmqn 7:41 AM Jun 29th via TweetDeck</s>
    <s>18. O PPGI convida para palestra “Segurança em aplicações WEB: A nova fronteira”: O PPGI convida para a palestra “Se http://bit.ly/mbWpfk 7:07 PM Jun 28th via twitterfeed</s>
    <s>19. Professores do PPGI têm artigo publicado em evento na Nova Zelândia: Os professores do PPGI Profa. Natasha Queir http://bit.ly/kktlda 7:18 PM Jun 21st via twitterfeed</s>
    <s>20. Professores do PPGI têm artigo publicado em evento na Nova Zelândia http://bit.ly/aw3TXx 6:25 PM Jun 21st via TweetDeck</s>
    <s>Nome PPGI UFPB</s>
    <s>Web http://www.ppgi.d </s>
    <s>8 Seguindo</s>
    <s>231 Seguindo</s>
    <s>7 Listado</s>
    <s>Feed RSS dos tweets de PPGI UFPB RSS feed of PPGI UFPB's favorites</s>
    <s>(C) 2011 Twitter</s>
    <s>Quem Somos</s>
  </text>
</page>
