<?xml version="1.0" encoding="UTF-8"?>
<!DOCTYPE page SYSTEM "page.dtd">
<page>
  <lang>pt</lang>
  <url>http://cdp.portodigital.pt/</url>
  <title>Cidade das Profissões</title>
  <snippet>
    <s>Cidade das Profissões Formação &middot; Workshops &middot; Datas Importantes &middot; Newsletter &middot; Newsletter de Janeiro de Conferência Dinâmicas de Criação de Emprego </s>
  </snippet>
  <text>
    <s>Ir para o conteúdo. Ir para a navegação</s>
    <s>Ferramentas Pessoais</s>
    <s>Login |</s>
    <s>Newsletter |</s>
    <s>Sugestões e Reclamações |</s>
    <s>Atendimento ao Público</s>
    <s>!Cidade das Profissões</s>
    <s>Cidade das Profissões</s>
    <s>Página Inicial</s>
    <s>Outros Recursos</s>
    <s>Informações sobre o Mercado de Trabalho:Portugal</s>
    <s>Como procurar emprego</s>
    <s>Documentos de Apoio</s>
    <s>Apoios à Manutenção do Emprego e à Contratação</s>
    <s>Apoios à Inserção Profissional</s>
    <s>Oportunidades de Trabalho</s>
    <s>Ensino Básico e Secundário</s>
    <s>Ensino Superior</s>
    <s>Bolsas de Estudo</s>
    <s>Outras ligações</s>
    <s>Programas de Estágios Nacionais</s>
    <s>Programas de Estágios Internacionais</s>
    <s>Empresas Nacionais e Multinacionais com Programas de Estágios</s>
    <s>Trabalhos de Verão</s>
    <s>Outras Ligações</s>
    <s>Gabinete de Apoio ao Empreendedorismo</s>
    <s>Empreendedorismo - Uma Alternativa</s>
    <s>Oportunidades e Ideias</s>
    <s>Estudos de Mercado</s>
    <s>Propriedade Intelectual</s>
    <s>Criação de Negócios</s>
    <s>O plano de negócios</s>
    <s>Constituição Formal da Empresa</s>
    <s>Como criar uma Associação?</s>
    <s>Contactos úteis ao empreendedor</s>
    <s>Documentos de Apoio</s>
    <s>Contactos úteis ao Franchisado</s>
    <s>Cresce e Aparece</s>
    <s>Escolas Conscientes, Escol(h)as Consequentes</s>
    <s>Datas Importantes</s>
    <s>Newsletter de Janeiro de 2010</s>
    <s>Newsletter de Fevereiro de 2010</s>
    <s>Newsletter de Março de 2010</s>
    <s>Newsletter de Abril de 2010</s>
    <s>Newsletter de Maio de 2010</s>
    <s>Newsletter de Junho de 2010</s>
    <s>Newsletter de Julho de 2010</s>
    <s>Newsletter de Agosto de 2010</s>
    <s>Newsletter de Setembro de 2010</s>
    <s>Newsletter de Outubro de 2010</s>
    <s>Newsletter de Novembro de 2010</s>
    <s>Newsletter de Dezembro de 2010</s>
    <s>Newsletter de Janeiro de 2011</s>
    <s>Newsletter de Fevereiro de 2011</s>
    <s>Newsletter de Março de 2011</s>
    <s>Newsletter de Abril de 2011</s>
    <s>Newsletter de Maio de 2011</s>
    <s>Newsletter de Junho de 2011</s>
    <s>Newsletter de Julho de 2011</s>
    <s>Newsletter de Agosto de 2011</s>
    <s>Newsletter de Setembro de 2011</s>
    <s>Pesquisa Avançada</s>
    <s>Sobre a Cidade das Profissões</s>
    <s>&gt; Objectivos</s>
    <s>&gt; Público-alvo</s>
    <s>&gt; Serviços</s>
    <s>&gt; Contactos</s>
    <s>&gt; Parceiros »</s>
    <s>&gt; Blog CdP</s>
    <s>&gt; Réseau Cités des Métiers</s>
    <s>Acções do Documento</s>
    <s>!Send this page to somebody Enviar por e-mail</s>
    <s>!Print this page Versão para imprimir</s>
    <s>Gabinete Apoio ao Empreendedorismo</s>
    <s>Assine a Newsletter e receba no seu email informação periódica.</s>
    <s>Você está aqui: Página Inicial</s>
    <s>Acções do Documento</s>
    <s>Conferência Dinâmicas de Criação de Emprego</s>
    <s>20 de Outubro na Casa da Cultura de Alfândega da Fé</s>
    <s>Workshop &quot;Finanças&quot;</s>
    <s>26 de Outubro de 2011. Inscreve-te!</s>
    <s>Agenda Outubro, Novembro e Dezembro CdP</s>
    <s>Confere aqui a(s) tua(s) área(s) de interesse.</s>
    <s>Iniciativa, 2011-07-19</s>
    <s>Start-Up Chile!</s>
    <s>Estão abertas candidaturas para o programa Start Up Chile, para recrutamento de empreendedores de todo o mundo, com vista à dinamização do sector empresarial chileno.</s>
    <s>CdP, 2011-09-01</s>
    <s>ALTERAÇÃO AO HORÁRIO DE ATENDIMENTO PERSONALIZADO</s>
    <s>Iniciativa, 2011-09-01</s>
    <s>SLOW networking event</s>
    <s>De dois em dois meses, no Porto, um grupo de utilizadores portugueses da rede social LinkedIn reúne-se num jantar para potenciar negócios e explorar oportunidades em clima de descontracção e sem pressões </s>
    <s>Apresentação, 2011-09-07</s>
    <s>External Programmes and Policies - Erasmus Mundus - Scholarships and Academic Cooperation</s>
    <s>Existe na Europa um excelente programa de incentivo e ajuda aos estudantes que desejam fazer um mestrado em países estrangeiros. Este programa, à partir de 2000, integrou uma ajuda à estudantes não europeus. O Brasil está incluído no Erasmus Mundus.</s>
    <s>Formação, 2011-11-05</s>
    <s>Pós-graduação em Avaliação Psicológica - RRMindCenter</s>
    <s>No âmbito da parceria estabelecida entre a Cidade das Profissões e a RR MindCenter, vimos por este meio divulgar informação relativa a uma pós-graduação em Avaliação Psicológica que será desenvolvida por este instituição.</s>
    <s>Contacte-nos |</s>
    <s>Mapa do site |</s>
    <s>Accessibilidade |</s>
    <s>Sobre o Portal |</s>
    <s>!Parceiros do Projecto</s>
  </text>
</page>
