<?xml version="1.0" encoding="UTF-8"?>
<!DOCTYPE page SYSTEM "page.dtd">
<page>
  <lang>pt</lang>
  <url>http://adventistas.ws/mentira10.htm</url>
  <title>A página vista acima é cópia do</title>
  <snippet>
    <s>A informação acima, de que a Assembléia da Conferência Geral de 1946 endossou a como havia sido feita em 1931 --- decisão de gabinete por 4 administradores) A recomendação de REVISÃO: &quot;que todas as mudanças sejam aprovadas </s>
  </snippet>
  <text>
    <s>A pna vista acima do livro A TRINDADE, pna 227, da autoria de 3 professores de historia da igreja na Andrews University. (edi em portugupublicado pela CPB)</s>
    <s>A informa acima, de que a Assembl da Conferia Geral de 1946 endossou a doutrina da Trindade ALSA, pois sequer mencionou essa palavra.</s>
    <s>A palavra TRINDADE nfoi mencionada</s>
    <s>A ase da recomenda bsp; REVISAR (nconfirmar, nendossar) o que estava causando constrangimento em vas partes do mundo, mas proibe fazer, exceto numa assemb da Conferia Geral.</s>
    <s>(Nna forma como havia sido feita em 1931 --- decisde gabinete por 4 administradores)</s>
    <s>A recomenda de REVIS: &quot;que todas as mudan sejam aprovadas por assembl da Conferia Geral&quot;. (isto ocorreu somente em Dallas, Texas, em 1980 --- 34 anos ap/font&gt;</s>
    <s>Muitos entenderam que anulava a decisde 1931 por nter cumprido os requisitos estabelecidos.</s>
    <s>Neal Wilson arquiteou um plano para evitar uma polca, fazendo aprovar um livro de mais de 400 pnas.</s>
    <s>A assembl votou, sem saber que uma doutrina Cata estava sendo introduzida na IASD, por uma simples recomenda da comissque examinou o projeto.</s>
    <s>Confira no Arquivo da Conferia Geral, ou na nossa c abaixo:</s>
    <s>(procure por June 14, 1946 pg. 197 N.30)</s>
    <s>Review and Herald 1946 N.30 (pna 21/32 do arquivo)</s>
    <s>Siga as instrus fazendo o download do plugin DjVu</s>
    <s>Veja abaixo a tradu.</s>
    <s>NOTA: A letra miuda numa pna grande, foi preciso scanear aos peda para ser legivel.</s>
    <s>Quem desejar ler as outras partes viretamente pna da Internet.</s>
    <s>Veja a nossa c direta do Arquivo da Conferia Geral: (enderelink acima)</s>
    <s>13 de Junho de 1946 15:45</s>
    <s>Dire de L.K.Dickson.</s>
    <s>Hino de abertura 276</s>
    <s>Ora: C.E. Andross. - Presidente da associa do Arizona.</s>
    <s>Um relat parcial dos planos da comiss como se segue:</s>
    <s>&quot;REVIS DO MANUAL DA IGREJA --- Considerando que, existem vos pontos na presente edi do Manual da Igreja que representam problemas para a administra da nossa igreja em vas partes do mundo.</s>
    <s>1. Que o Manual da Igreja seja revisado e toda a polca de mudan ou revisa serem feitas no Manual, deverer autorizada em se da Conferia Geral. &quot;</s>
    <s>2. Que a Conferia Geral autorize e aponte uma comiss representativa para editar e organizar em condis atuais, e apresente os resultados ao Conco Outonal.</s>
    <s>3. Que a declara de Cren Fundamentais, que agora se encontra na se XI</s>
    <s>seja colocada no ino do Manual na se l.</s>
    <s>4. Nenhuma revisda Cren Fundamentais, como se encontra agora no Manual deve ser feita em qualquer tempo, exceto na assembl da Conferia Geral.</s>
    <s>5. Um breve resumo deve ser posto antes das Cren Fundamentais, comedo na pna 80, dizendo que este sumo foi preparado especialmente para os candidatos ao batismo.</s>
    <s>(segue com coisas fora do escopo desta aprecia)</s>
  </text>
</page>
