<?xml version="1.0" encoding="UTF-8"?>
<!DOCTYPE page SYSTEM "page.dtd">
<page>
  <lang>pt</lang>
  <url>http://press.catholica.va/news_services/bulletin/news/5998.php%3Findex%3D5998%26po_date%3D30.11.1999%26lang%3Den</url>
  <title>Discorso del Santo Padre agli Ecc.mi Presuli della Conferenza ...</title>
  <snippet>
    <s> que, na sua qualidade de vice-presidente da Conferência Episcopal, . Lc 15, 11-32), depois do abraço do Pai, seguiu-se o banquete festivo pelo filho Quem sabe se faltou aquela revisão de vida necessária para verificar se </s>
  </snippet>
  <text>
    <s>Discorso del Santo Padre agli Ecc.mi Presuli della Conferenza Episcopale del Portogallo in Visita ad Limina Apostolorum , 30.11.1999</s>
    <s>DISCORSO DEL SANTO PADRE AGLI ECC.MI PRESULI DELLA CONFERENZA EPISCOPALE DEL PORTOGALLO IN VISITA AD LIMINA APOSTOLORUM</s>
    <s>Pubblichiamo di seguito il discorso che il Santo Padre Giovanni Paolo II ha rivolto al gruppo degli Ecc.mi Presuli della Conferenza Episcopale del Portogallo, incontrati questa mattina e ricevuti nei giorni scorsi in separate udienze per la Visita ad Limina Apostolorum:</s>
    <s>Amados Pastores</s>
    <s>da Igreja em Portugal!</s>
    <s>1. A vossa presença aqui, por ocasiao da visita ad Limina , e motivo para mim de grande alegria e satisfaçao, sabendo-me irmao no meio de irmaos que comigo partilham o «cuidado de todas as Igrejas» (cf. 2 Cor 11, 28); de facto, a vossa visita e uma expressao e celebraçao daquele vinculo particular de comunhao que nos une no Colegio Episcopal, como sucessores dos Apostolos. Sede bem-vindosNa pessoa de cada um de vos, acolho e saudo os sacerdotes e diaconos, os consagrados e todos os fieis cristaos das varias dioceses das provincias eclesiasticas de Braga, Évora e Lisboa.</s>
    <s>Agradeço as palavras de saudaçao do Senhor D. Antonio Marcelino, que, na sua qualidade de vice-presidente da Conferencia Episcopal, ilustrou a situaçao da Igreja em Portugal, a sua fidelidade a Cristo e os grandes desafios que a hora actual lhe reserva. É minha viva esperança que a vossa romagem ao tumulo dos Apostolos S. Pedro e S. Paulo seja repleta de bençaos e consolaçoes do Alto, para que, cheios de novo vigor no serviço das Igrejas Particulares que a Divina Providencia confiou ao vosso cuidado, possais continuar, de coraçao humilde e alegre, a louvar a Deus pela abundancia das graças que experimentais e espalhais dia a dia mediante o vosso ministerio pastoral, ja que fostes «ungidos pelo Espirito e enviados para proclamar um ano de graça do Senhor » (cf. Lc 4, 18.19).</s>
    <s>2. Confiados na grande magnanimidade do coraçao do nosso Deus, esperamos, dentro de um mes e no desempenho da nossa missao de dispensadores da graça da redençao, poder abrir e transpor as portas sagradas das nossas basilicas, catedrais e concatedrais, implorando a plena indulgencia e remissao celeste para os pecados da humanidade inteira, que, ha 2000 anos, viu descer a terra e revestir-se da natureza humana o Filho unigenito de Deus, nosso Salvador.</s>
    <s>Dado que se realiza a breve distancia do inicio do grande Jubileu da Encarnaçao, desejo aproveitar este singular encontro com a Igreja portuguesa, para, em beneficio da mesma, deitarmos abaixo - permiti-me a metafora - um muro colocado na retaguarda da Porta Santa, que impede ainda a sua abertura. Por outras palavras, houve, ao longo dos ultimos anos, multiplas e valiosas iniciativas quer da vossa Conferencia Episcopal quer de cada uma das dioceses; menciono - so para exemplificar, porque seria impossivel um elenco exaustivo - as sucessivas Cartas e Instruçoes Pastorais publicadas nos anos de preparaçao para o Jubileu e as numerosas Assembleias Diocesanas (varias delas explicitamente Sinodais) convocadas para sensibilizar e preparar a Comunidade eclesial para este Ano de graça que nos vai introduzir no novo milenio cristao. Sim, multiplas e valiosas iniciativas foram lançadas Falta talvez bater a porta de cada pessoa, ao coraçao de cada um , porque e ai que esta a possibilidade ultima e decisiva de abertura e acolhimento do Jubileu . Por isso, dizia-vos que gostava de aproveitar este encontro colegial para, juntos, retirarmos o «muro» que possa porventura impedir ainda o coraçao dos portugueses de entrar na graça jubilar, pela «Porta Santa» que e Cristo Senhor.</s>
    <s>3. Prezados Irmaos, e vontade de Deus que a graça do Jubileu possa estender- se - segundo a adesao e correspondencia de cada um a acçao do Espirito Santo - a todos os fieis catolicos, a todos os cristaos que, «tendo recebido o mesmo Baptismo, partilham a mesma fe no Senhor Jesus» (Bula Incarnationis mysterium , 4), e mesmo a todos os «irmaos da unica familia humana » que vao atravessar, «juntos, o limiar dum novo milenio» ( Ibid ., 6), cujas expectativas, problemas e soluçoes, pela sua crescente globalizaçao, vao requerer a colaboraçao harmoniosa de todos.</s>
    <s>A leitura dos tempos aponta, de facto, para a mundializaçao, mas o diagnostico do coraçao humano nao e encorajador: a sensaçao de vazio e grande; grande e igualmente a sua repugnancia pelo vacuo que preenche de efemeros nadas, aumentando a desorientaçao. Nao sabendo como encontrar-se consigo mesmo, tambem nao consegue encontrar-se no meio dos outros: acaba sozinho no meio duma multidao anonima. Pois bemA este coraçao humano desorientado, iludido e desiludido pelas formas mais diversas de alienaçao, a Igreja propoe-lhe o Ano Santo como tempo favoravel para entrar em si mesmo e provar aquela vida em plenitude pela qual anseia . «Porque - este e o pregao da Igreja - a vida manifestou-Se, nos vimo-La, damos testemunho d'Ela e vos anunciamos esta vida eterna que estava no Pai e nos foi manifestada» ( 1 Jo 1, 2) em Jesus de Nazare.</s>
    <s>Com a sua vinda, a nossa historia deixou de ser terra arida como se apresentava antes e fora da encarnaçao, para assumir sentido e valor de esperança universal. Com efeito, «pela sua encarnaçao, Ele, o Filho de Deus, uniu-Se de certo modo a cada homem. Trabalhou com maos humanas, pensou com uma inteligencia humana, agiu com uma vontade humana, amou com um coraçao humano. Nascido da Virgem Maria, tornou-Se verdadeiramente um de nos» ( Gaudium et spes , 22); e «a todos os que O receberam, aos que creem n'Ele, deu-lhes o poder de se tornarem filhos de Deus» ( Jo 1, 12). Deste modo, a proposta crista nao so da sentido ao que existe, mas «oferece a todo o ser humano a perspectiva de ser &quot;divinizado&quot; e, dessa forma, tornar-se mais homem» (Bula Incarnationis mysterium , 2): o amor divino penetra no seu coraçao e, pelo baptismo, fa-lo renascer como filho de Deus e torna-o membro do Corpo de Cristo, que e a Igreja.</s>
    <s>4. Uma tal vida em plenitude nao provem, fundamentalmente, das ideias ou raciocinios claros e distintos sobre a salvaçao que um individuo pretende alcançar, mas da uniao de amor que se estabelece entre Jesus e os seus fieis e, atraves de Jesus, com o Pai. Ha que superar a tendencia, bastante generalizada, que recusa qualquer mediaçao salvifica, colocando o individuo pecador a tratar directamente com Deus , porque a salvaçao chegou- nos, primeiro, pela mediaçao da humanidade historica de Jesus e, depois da ressurreiçao, atraves do seu Corpo mistico, a Igreja. Por conseguinte, o plano de Deus e sacramental, isto e, Ele torna-Se presente numa figura finita como a humanidade de Jesus ou os sinais sacramentais da Igreja.</s>
    <s>Na escola da fe, aprendemos que, «para um cristao, o sacramento da Penitencia e a via ordinaria para obter o perdao e a remissao dos seus pecados graves cometidos depois do baptismo. ( ) Seria portanto insensato, alem de presunçoso, querer prescindir arbitrariamente dos instrumentos de graça e de salvaçao que o Senhor dispos e, no caso especifico, pretender receber o perdao, pondo de lado o sacramento instituido por Cristo exactamente para o perdao» (Exort. Apost. Reconciliatio et paenitentia , 31). A Igreja «falharia num aspecto essencial do seu ser e deixaria por realizar uma sua funçao inabdicavel, se nao apregoasse com clareza e firmeza, a tempo e fora de tempo, a &quot;palavra da reconciliaçao&quot; (cf. 2 Cor 5, 19) e nao proporcionasse ao mundo o dom da reconciliaçao» ( Ibid ., 23). E para tal nao bastam algumas afirmaçoes teoricas; sao necessarias funçoes ministeriais bem precisas ao serviço da penitencia e da reconciliaçao.</s>
    <s>Por isso, amados Irmaos, nao deixeis de recordar aos vossos sacerdotes a disciplina eclesiastica a tal respeito, ajudando-os a chegar ao efectivo cumprimento da mesma: «Todo aquele que, em razao do oficio, tem cura de almas, esta obrigado a providenciar para que sejam ouvidas as confissoes dos fieis que lhe estao confiados e que de modo razoavel peçam para se confessar, a fim de que aos mesmos se ofereça a oportunidade de se confessarem individualmente em dias e horas que lhes sejam convenientes» ( Codigo de Direito Canonico , can. 986). Dado que «o Povo de Deus sempre viveu os Anos Santos, vendo neles um tempo em que se fazia sentir mais intensamente o convite de Jesus a conversao» (Bula Incarnationis mysterium , 5), possa um dos frutos do grande Jubileu do ano 2000 ser o regresso generalizado dos fieis cristaos a pratica sacramental da Confissao .</s>
    <s>5. Segundo a parabola do filho prodigo (cf. Lc 15, 11-32), depois do abraço do Pai, seguiu-se o banquete festivo pelo filho reencontrado. De igual modo, o perdao sacramental permite «tomar parte de novo na Eucaristia, como sinal da recuperada comunhao com o Pai e com a sua Igreja» ( Ibid ., 9). Sabemos que, «nos sinais do Pao e do Vinho consagrados, Cristo ressuscitado e glorioso, luz das naçoes, revela a continuidade da sua Encarnaçao» ( Ibid ., 11). É Ele o festejado: a data bimilenaria e sua. E, com dois mil anos , Ele «permanece verdadeiramente vivo no nosso meio, para alimentar os crentes com o seu Corpo e o seu Sangue» ( Ibid ., 11).</s>
    <s>Na Eucaristia, temos verdadeiramente a Porta Santa jubilar, Cristo Senhor, que de Si proprio afirmou: «Eu sou a porta. Se alguem entrar por Mim, salvar-se-a; entrara, saira e achara pastagens» ( Jo 10, 9). Amados Pastores da Igreja portuguesa, e para estas pastagens que guiamos o Rebanho que nos esta confiado: com o melhor das nossas energias e sustentados pela força do Espirito Santo, anunciamos, celebramos e conduzimos a Jesus Eucaristia. Mas quantos nos seguem? Quantos faltam ao apelo? O recenseamento da pratica dominical, que promovestes em 1991, deu uma percentagem media de 26% de praticantes na populaçao residente em Portugal ; e uma indicaçao significativa do imenso trabalho pastoral requerido, mas tambem uma grande preocupaçao, pensando a multidao quase tres vezes superior que vive habitualmente privada da Eucaristia.</s>
    <s>Se, na multiplicaçao dos paes (cf. Lc 9, 12-17), os discipulos nao tivessem feito chegar a multidao os pedaços resultantes dos cinco paes e dos dois peixes abençoados pelo divino Mestre, certamente nao poderia dizer-se que «todos comeram e ficaram saciados». Ora, no caso de Portugal eucaristico, temos de reconhecer que muitos nao comeram e poucos terao ficado saciados. Por certo, nao faltou a generosidade da Igreja em disponibilizar a Cristo «os cinco paes e dois peixes» que havia, como nao pode faltar a multiplicaçao dos mesmos Na verdade, e admiravel o zelo apostolico manifestado nas vossas iniciativas e actividades pastorais, como encomiaveis sao as opçoes e iniciativas pastorais delineadas. Mas, quem sabe se faltou aquele esforço ultimo para levar um pedaço a cada um?Quem sabe se faltou aquela revisao de vida necessaria para verificar se todos comeram ate ficar saciados?!</s>
    <s>Estou certo de que sabereis, com delicada pedagogia pastoral, fazer deste Ano Santo um tempo propicio para levar os cristaos nao praticantes a passarem duma ida ocasional e, por assim dizer, interesseira (para obter o dom da indulgencia) a Celebraçao Eucaristica, ao habito e compromisso de participaçao semanal na mesma, a semelhança dos martires da Abitinia (ano 304) que afirmavam: «Nao podemos viver sem a Ceia do Senhor» (Carta Apost. Dies Domini , 46). Possa cada Eucaristia do periodo jubilar revestir-se e aparecer cheia do encanto e misterio do Natal, porque «ha dois mil anos que a Igreja e o berço onde Maria depoe Jesus e O confia a adoraçao e contemplaçao de todos os povos» (Bula Incarnationis mysterium , 11)Cada Eucaristia ha-de antes de mais oferecer aos participantes a oportunidade dum encontro e coloquio pessoal com o divino Emmanuel, o Deus connosco (cf. Mt 1, 23), cujo desfecho seja a comunhao espiritual e, sempre que possivel, sacramental.</s>
    <s>6. Como todos sabemos, nisso se encerra o segredo da fidelidade e perseverança dos cristaos, da segurança e robustez da sua «casa» interior no meio das afliçoes e dificuldades do mundo; de facto, o Evangelho ensina que a estabilidade da casa depende fundamentalmente , nao da violencia das tempestades nem da furia dos ventos, mas do facto de estar ou nao alicerçada sobre a rocha (cf. Mt 7, 24-27). Ainda recentemente a II Assembleia do Sinodo dos Bispos consagrada a Europa exortava a revigorar os alicerces interiores desta «casa de Deus» que e cada cristao, cada comunidade eclesial, a humanidade inteira que acolheu Deus humanado: «Numa sociedade e cultura muitas vezes fechadas a transcendencia, sufocadas por comportamentos consumistas, escravas de antigas e novas idolatrias, redescubramos com admiraçao o sentido do &quot;misterio&quot;; renovemos as nossas celebraçoes liturgicas para que sejam sinais mais eloquentes da presença de Cristo Senhor; asseguremos novos espaços ao silencio, a oraçao e a contemplaçao» ( Mensagem final , 5). Hao-de evitar -se assim os escolhos do activismo , onde naufragam os melhores planos pastorais e tantas vidas empenhadas ate ao extremo das suas forças, e do secularismo , onde Deus nao tem voz nem vez impedindo a sua descida a terra dos homens.</s>
    <s>Como sentinelas da Casa de Deus, vigiai, prezados Irmaos, para que, em toda a vida eclesial, se reproduza de algum modo o ritmo binario da Santa Missa com a liturgia da palavra e a liturgia eucaristica. Sirva-vos de exemplo o caso dos discipulos de Emaus, que so reconheceram Jesus ao partir do pao (cf. Lc 24, 13-35). Nos ultimos decenios, alguns, querendo reagir a um sacramentalismo excessivo, deram o primado, se nao mesmo a exclusiva, a palavra. Ora, segundo a doutrina conciliar, «a &quot;economia&quot; da revelaçao realiza-se por meio de acçoes e palavras intimamente relacionadas entre si, de tal maneira que as obras, realizadas por Deus na historia da salvaçao, manifestam e confirmam a doutrina e as realidades significadas pelas palavras; e as palavras, por sua vez, declaram as obras e esclarecem o misterio nelas contido» ( Dei Verbum , 2). Concluindo, precisamos da Palavra - a «Palavra de Deus que opera eficazmente nos crentes» (cf. 1 Tes 2, 13) - e do Sacramento, que torna presente e prolonga na historia a acçao salvadora de Jesus.</s>
    <s>7. Amados Irmaos, estes sao alguns pensamentos que vos deixo por ocasiao da vossa visita ad Limina , a distancia aproximada de um mes da abertura da Porta Santa. Desejando abri-la de par em par, para que todo o Povo de Deus entre e possa saciar-se nas fontes da salvaçao, nao queria «muro» algum a impedir o acesso dos cristaos portugueses a graça particular do Senhor conexa com o Jubileu do ano 2000 (cf. Carta Apost. Tertio millennio adveniente , 55). Em Fatima, encontramos um exemplo luminoso da personalizaçao de planos e compromissos apostolicos que se requer para serem abraçados e frutificarem no coraçao de cada um dos cristaos; com materna pedagogia, Nossa Senhora pergunta aos pastorinhos: «Quereis oferecer-vos a Deus ?» «Sim, queremos» - responderam eles (Apariçao de 13/V/1917). Brevemente serao elevados as honras dos altares Francisco e Jacinta, alargando-se a Igreja inteira, atraves do exemplo das suas vidas, aquele apelo da Mae de Deus.</s>
    <s>Faço deste apelo a minha palavra de encorajamento que vos peço para levardes aos sacerdotes, diaconos e consagrados, aos seminaristas, noviços e agentes pastorais, aos fieis cristaos e a todos os que buscam a verdade de Cristo, bem como as familias cristas e as comunidades paroquiais. Tende a certeza da minha constante oraçao pela Igreja que peregrina em Portugal a caminho do Ceu, para que todos os seus membros, com coragem e generosidade, correspondam ao Ano de graça que esta para começar. Invocando para todos a felicidade do abraço de Deus Uno e Trino, do intimo do coraçao concedo-vos, extensiva aos vossos directos colaboradores e a todos os fieis diocesanos, a minha Bençao Apostolica.</s>
    <s>Messaggio del Santo Padre a S.S. Bartolomeo I, Patriarca Ecumenico, per la festa di S. Andrea</s>
  </text>
</page>
