<?xml version="1.0" encoding="UTF-8"?>
<!DOCTYPE page SYSTEM "page.dtd">
<page>
  <lang>pt</lang>
  <url>http://jusvi.com/colunas/32817</url>
  <title>Artigo: Surgimento da União Européia e Tratados Institucionais ...</title>
  <snippet>
    <s>14 abr. 2008 Artigos, doutrias, peças e notícias sobre as últimas decisões da expressamente a convocação da Conferência Intergovernamental, em O EURO substituiu as antigas moedas nacionais de doze países da Sobre o autor </s>
  </snippet>
  <text>
    <s>Artigos Peças Colunas Notícias Autores Cursos &amp; Eventos Links Jus Vigilantibus - Home</s>
    <s>ISSN 1983-4640 • Domingo, 16 de outubro de 2011</s>
    <s>Surgimento da União Européia e Tratados Institucionais</s>
    <s>por Mônica Duarte.</s>
    <s>Durante séculos, a Europa se deparou com diversas e freqüentes guerras das quais resultaram significativas perdas humanas. Os diversos povos europeus, apesar de suas diferenças, por tendência natural ou por desejo dos conquistadores da época sempre tentaram a unificação.</s>
    <s>Com a necessidade de buscar a paz e a unificação entre países, a idéia de criar uma organização regional européia é antiga, contudo esta idéia só se materializou depois da segunda guerra mundial.</s>
    <s>Desde 1929, Aristides Briand propôs a criação de uma União Européia; Hitler, igualmente, queria uma Europa unificada sob hegemonia do IIIº Reich da Itália e nos moldes da pax romana. Napoleão e Hitler tentaram conquistá-la pela força, mas nos tempos modernos ela se une pela necessidade e pelo bom senso. Finda a guerra, W. Churchill tornar-se-ia o maior defensor da idéia.</s>
    <s>Nesse sentido, enfatiza Husek (1):</s>
    <s>Premonitório o discurso de Churchill na Universidade de Zurique em 19.9.46: “Eu pretendo falar-vos hoje da Europa Se a Europa se unisse um dia para partilhar a sua herança comum, não haveria limites à felicidade, à prosperidade e à glória de que poderia gozar a sua população de 300 ou 400 milhões de almas.”</s>
    <s>Desta forma, Churchill, em discurso pronunciado em Zurique, em 19 de setembro de 1946, advogou a reconciliação entre a França e a Alemanha dentro de uma espécie de Estados Unidos da Europa.</s>
    <s>O Plano Marshall, apresentado na Universidade de Harvard, em 5 de junho de 1947, contribuiu decisivamente para a concretização da idéia. Nessa tônica, os Estados Unidos, através do Plano Marshall (nome do então Secretário de Estado), ofereceram ajuda financeira para reconstrução da economia européia.</s>
    <s>Por conseguinte, com a criação da Organização Européia de Cooperação Econômica , a Europa, utilizando os vastos recursos postos à sua disposição, conseguiu reconstituir-se rapidamente ingressando numa era de prosperidade.</s>
    <s>Com o Tratado de Bruxelas de 1948, a necessidade de defesa ditou as regras iniciais que institui uma organização composta da Grã-Bretanha, França, Bélgica, Holanda e Luxemburgo.</s>
    <s>Salienta Husek (2):</s>
    <s>Depois de receber ajuda americana, foi realizado o Tratado do Atlântico Norte — OTAN, em 4.4.49. Paralelamente, e partir daí, foram surgindo, no campo econômico e político, vários acordos, como da Organização Européia de Cooperação Econômica — OECE, em 15.4.48, a substituição desta pela OCDE — Organização de Cooperação e Desenvolvimento Econômico, em 14.12.68. Em 5.5.49 foi criado o conselho da Europa, com sede em Estrasburgo, tendo por Estados componentes: França, Grã-Bretanha, Bélgica, Holanda, Luxemburgo, Irlanda, Itália, Dinamarca, Suécia e Noruega. ( ) Seu objetivo era a união mais estreita entre os membros, a fim de salvaguardar e promover os ideais e princípios que são seu patrimônio comum e de favorecer o respectivo progresso econômico e social (art.1º da Convenção de Londres).</s>
    <s>Em 1949, foi instituído o COMECON (Conselho de Assistência Econômica Mútua), o qual teve como objetivo reunir os países do leste europeu e fazer frente ao Mercado Comum Europeu, que se vinha firmando no resto da Europa.</s>
    <s>Adiante, em data de 9 de maio de 1950, Robert Schuman, Primeiro-Ministro francês dos Negócios Estrangeiros, sugeriu colocar toda sua produção de carvão e de aço da França e da Alemanha sob o controle de uma Alta Autoridade, ao mesmo tempo em que o órgão assim criado ficaria acessível aos demais países europeus.</s>
    <s>Deste modo, nasceu em 1951, a Comunidade Européia do Carvão e do Aço, a CECA (3), através desta proposta conhecida como Declaração Schuman, a qual é considerada o começo da criação do que é hoje a União Européia. Para D’Arcy (4), a célebre Declaração de 1950, já citada, do ministro francês Robert Schuman não deixava dúvida sobre isso:</s>
    <s>Segundo ele, desde que a unificação européia não se podia criar de uma única vez, havia que começar por realizações concretas, ligando prioritariamente a França e a Alemanha. A proposta era de colocar a produção do carvão e do aço sob uma Alta Autoridade Comum. Nos termos da Declaração: “Esta proposta realizará as primeiras bases concretas de uma federação européia indispensável à preservação da paz”. Não se pode esquecer que o carvão e o aço eram não apenas a base da indústria, mas também a base da produção de armas e da potência militar.</s>
    <s>Em 25 de março de 1957, foi assinado o Tratado de Roma, o qual entrou em vigor em 1º de janeiro de 1958, e criou a Comunidade Européia da Energia Atômica - (EURATOM ou CEEA), que tem a finalidade de conseguir a unidade européia no campo da pesquisa nuclear, visando o desenvolvimento industrial nuclear e a integração das economias de seus Membros.</s>
    <s>A Comunidade Econômica Européia – CEE, criada em 1957, simultaneamente com o EURATOM, teve por objetivo uma política econômica comum, um grande intercâmbio comercial com estabilidade, uma melhor qualidade de vida, bem como uma integração política dos Estados-Membros.</s>
    <s>Foi com o Tratado de Estolcomo, assinado em 4 de janeiro de 1960, que houve a criação da EFTA, tendo como atributo diversas formas de integração econômica da Europa Ocidental. A EFTA foi criada por alguns países da Europa Ocidental, dentre eles a Grã-Bretanha, que relutava em aceitar as normas rígidas do Tratado de Roma.</s>
    <s>Nessa linha de raciocínio sustenta Casella (5):</s>
    <s>Após a constituição da Comunidade Européia para o Carvão e o Aço (CECA), idealizada como forma de impedir futuros conflitos entre França e Alemanha, em razão do interesse da indústria alemã de aço sobre os depósitos de minério, situados no nordeste da França, e do interesse da indústria francesa pelas jazidas alemãs de carvão, com bons resultados, ensaiam-se outras tentativas mais ambiciosas de integração.</s>
    <s>No ano de 1965, foi assinado, em Bruxelas, o Tratado de fusão dos executivos das três Comunidades (CECA, CEE, EURATOM), o qual entrou em vigor em 1º de julho de 1967, substituindo-as por único Conselho e única Comissão, embora sempre deliberando para cada Comunidade, segundo as atribuições previstas no respectivo tratado.</s>
    <s>Em dezembro de 1969, em Haia (Países Baixos), os chefes de Estado e de Governo confirmaram a sua vontade de prosseguir a evolução gradual para uma união econômica e monetária e para a estreita harmonização das políticas sociais que esta união implicava, e reafirmaram o seu acordo quanto ao princípio do alargamento da Comunidade, ficando aberto o caminho para o ingresso de novos Estados e a estruturação de políticas econômicas tanto em matéria agrícola como em matéria de política econômica e monetária.</s>
    <s>O Ato Único Europeu (AUE) foi assinado em Luxemburgo e em Haia, em fevereiro de 1986, entrando em vigor em 1º de julho de 1987. Caracterizando a terceira fase, previu as adaptações a introduzir para completar o Mercado interno.</s>
    <s>A livre circulação de mercadorias, pessoas, serviços e capitais, ocorrem a partir da criação de mercado interior, definido como espaço sem fronteiras internas, comum a todos os Estados-Membros, conforme previsto pelo Ato Único europeu.</s>
    <s>Em 7 de fevereiro de 1992, uma segunda revisão dos Tratados teve lugar no Tratado da União Européia (TUE) na cidade holandesa de Maastricht (igualmente conhecido como Tratado de Maastricht) firmado pela Bélgica, Dinamarca, Alemanha, República Helênica, Espanha, França, Itália, Luxemburgo, Países Baixos, Portugal, Grã-Bretanha e Irlanda do Norte, entrando em vigor em 1º de novembro de 1993. Em janeiro de 1995, a Áustria, Finlândia e Suécia aderiram ao Tratado da União Européia.</s>
    <s>Uma das novidades do TUE foi o dispositivo que previu expressamente a convocação da Conferência Intergovernamental, em vista da revisão de algumas das suas disposições. O Tratado da União Européia representava uma nova fase no processo de integração naquele continente, imposta pela necessidade da criação de bases sólidas para a futura Europa.</s>
    <s>O Tratado de Amsterdã foi assinado em 2 de outubro de 1997, entrando em vigor em 1º de maio de 1999. Este Tratado alterou os Tratados da UE e CE, atribuindo números (em vez de letras) aos artigos do Tratado da UE. Modificou o TUE, assim como os Tratados que instituem as Comunidades Européias, representando o resultado de dois anos de estudos e negociações.</s>
    <s>O Tratado de Amsterdã entrou em vigor após ter sido ratificado pelos quinze Estados-Membros da União Européia, segundo as respectivas regras constitucionais, sendo constituído por três partes, um anexo e treze protocolos.</s>
    <s>Em 1º de janeiro de 2002, o Euro (€), moeda única européia, foi posto em circulação. O EURO substituiu as antigas moedas nacionais de doze países da União Européia: Alemanha, Áustria, Bélgica, Espanha, Finlândia, França, Grécia, Irlanda, Itália, Luxemburgo, Países Baixos, e Portugal, convertendo, assim, todas as operações automaticamente em EURO, ainda que negociadas na moeda nacional dos países, obedecendo às taxas de conversão, com o início de circulação do papel-moeda e desaparecimento das moedas nacionais.</s>
    <s>O Tratado de Nice entrou em vigor em 1º de fevereiro de 2003, e estabeleceu novas regras que definem a dimensão das instituições da União Européia, bem como o seu funcionamento na seqüência de seu alargamento em 2004 para 25 Estados-Membros e em 2007 para 27 Estados-Membros.</s>
    <s>Vale ressaltar, ainda, que com a assinatura em 29 de Outubro de 2004 do Tratado Constitucional por parte dos Chefes de Estado e de Governo, entrou-se numa nova fase do processo que conduz à Constituição Européia.</s>
    <s>O Tratado Constitucional foi um marco significativo da União Européia, alegando seus defensores que seria um passo à frente no sentido da harmonização institucional e política da União, considerando a paz como um objetivo, porém nunca chegou a ser ratificado.</s>
    <s>Na seqüência das discussões sobre a elaboração de uma Constituição pelo Tratado Constitucional, veio o Tratado de Lisboa que foi assinado em 13 de dezembro de 2007. Antes de entrar em vigor deverá ser ratificado pelos 27 Estados-Membros, possui como objetivos principais aumentar a democracia na UE e aumentar a eficácia da atuação da UE e a sua capacidade para enfrentar os atuais desafios globais, tais como as alterações climáticas, a segurança e o desenvolvimento sustentável.</s>
    <s>Ressalta-se, por derradeiro, que localizada na parte ocidental da Europa, a União Européia tem, atualmente, como países membros: Alemanha, Áustria, Bélgica, Bulgária, Chipre, Dinamarca, Eslováquia, Eslovênia, Espanha, Estônia, Finlândia, França, Grécia, Holanda, Hungria, Irlanda, Itália, Letônia, Lituânia, Luxemburgo, Malta, Polônia, Portugal, Reino Unido, República Tcheca, Romênia, Suécia. Ainda estão em negociação a República da Macedônia, Croácia e Turquia. Apesar da conjuntura atual, o desenvolvimento da União Européia confirma a imensidão do seu potencial e a sua colocação como uma das potências econômicas mundiais.</s>
    <s>(1) Husek, Carlos Roberto. Curso de Direito Internacional Público, p. 135. Husek, Carlos Roberto. Curso de Direito Internacional Público ; São Paulo: Ltr, 2002 .</s>
    <s>(2) Idem.</s>
    <s>(3) A CECA foi composta por seis países membros: Alemanha Ocidental, Bélgica, França, Itália, Luxemburgo e Países Baixos. Jean Monnet foi o primeiro Presidente deste órgão independente e supranacional. Outros países, além dos seis foram convidados a participar, mas sem resultados.</s>
    <s>(4) D’arcy, François. União Européia, Instituições, Políticas e Desafios. Rio de Janeiro: Konrad Adenauer Stiftung, 2002.</s>
    <s>(5) Casella, Paulo Borba. União Européia; São Paulo: LTr, 2002.</s>
    <s>Casella, Paulo Borba. União Européia; São Paulo: LTr, 2002.</s>
    <s>D’arcy, François. União Européia, Instituições, Políticas e Desafios. Rio de Janeiro: Konrad Adenauer Stiftung, 2002.</s>
    <s>Husek, Carlos Roberto. Curso de Direito Internacional Público ; São Paulo: Ltr, 2002 .</s>
    <s>Silva, Geraldo Eulálio do Nascimento; Aciolly, Hidelbrando. Manual de Direito Internacional Público. São Paulo: Saraiva, 1998.</s>
    <s>UNIÃO EUROPÉIA. Disponível em http://europa.eu/index pt.htm.</s>
    <s>Revista Jus Vigilantibus, Segunda-feira, 14 de abril de 2008</s>
    <s>Sobre o autor</s>
    <s>Mônica Duarte.</s>
    <s>Mestranda em Ciência Jurídica pela Universidade do Vale do Itajaí – UNIVALI.</s>
    <s>Mantenha-se informado</s>
    <s>Receba gratuitamente nossa revista eletrônica:</s>
    <s>(C) 2011 - Todos os direitos reservados.</s>
    <s>Anuncie Contribua Regulamento Quem somos Fale conosco RSS</s>
  </text>
</page>
