<?xml version="1.0" encoding="UTF-8"?>
<!DOCTYPE page SYSTEM "page.dtd">
<page>
  <lang>pt</lang>
  <url>http://itarget.com.br/%3Fp%3Ditpack3%26op%3Dicongresso%26tipo%3Dpagina%26sessao%3D193%26pagina%3D277</url>
  <title>Itarget.com.br</title>
  <snippet>
    <s> de sociedades/associações é possível fazer conferência com o cadastro de sócios. Nível Avaliador: interface simples e diferenciada para leitura de resumos e A interface administrador desse módulo também permite o recebimento de </s>
  </snippet>
  <text>
    <s>Quem Somos</s>
    <s>Sdo - hoje dia 15 de Outubro de 2011</s>
    <s>Pagina Principal</s>
    <s>Sobre o iCongresso</s>
    <s>Servi Adicionais</s>
    <s>Expansde Canal</s>
    <s>Fale Conosco</s>
    <s>Veja como e facil</s>
    <s>Contato: 085 3456.6500</s>
    <s>Mais informaçoes entre em contato</s>
    <s>!Nossa estrutura fisica conta com dois escritorios, alem de parceria e colaboradores em diversos municipios do Ceara e outros estados, permitindo atender clientes em todo o Brasil.</s>
    <s>Sistemas Itarget</s>
    <s>A lista dos sistemas oferecidos para soluçoes da da sua empresa.</s>
    <s>!A Itarget realmente fidelizou a ARX Eventos como empresa parceira porque os beneficios de utilizaçao do iCongresso sao incontestaveis.</s>
    <s>Rafael Bezerra</s>
    <s>Diretor Arx Eventos - CE</s>
    <s>Sobre o iCongresso</s>
    <s>um sistema em plataforma web, que permite o gerenciamento de congressos e eventos de maneira simples, prca e remota. Dispos modulos: trabalhos cientcos, inscris on line, feira comercial e secretaria local.</s>
    <s>Como funciona</s>
    <s>Para cada situa do evento, o sistema possui uma interface apropriada. No entanto, todas estintegradas em uma base de dados, permitindo a gera do resultado parcial e final, de acordo com a necessidade.</s>
    <s>A libera de cada interface dessa eita ap alimenta do configurador com o perfil do evento especco. Cada mo contparamos que devem ser informados e, apsso, disponibilizar no site do evento.</s>
    <s>Nossa equipe help desk e programadores ajudam no processo de implanta do mesmo e realizam o treinamento com a equipe da empresa que vai organizar o evento. Ap implanta, realizamos e acompanhando todas as etapas, auxiliando na opera e indicando recursos avanos que podem ser usados no evento.</s>
    <s>Conheabaixo as interfaces:</s>
    <s>Espado Congressista</s>
    <s>O espado congressista cessado a partir do site do evento. Nele o participante realiza o seu cadastro, define login e senha e, jonectado no sistema, pode:</s>
    <s>Gerar e acompanhar sua inscri no evento/cursos atravde boleto banco e/ou cartde crto;</s>
    <s>Enviar e atualizar seu trabalho cientco (resumo/artigo completo);</s>
    <s>Alterar seus dados cadastrais;</s>
    <s>Manter contato com a organiza do evento.</s>
    <s>O sistema se adapta a particularidade de cada evento: pode ser disponibilizado em mais de um idioma e em eventos de sociedades/associas ossl fazer conferia com o cadastro de ss.</s>
    <s>!Ambiente integrado com todos os recursos contratados para o evento. Possui nis de acesso por mo e por usuo, facilitando a divisde funs e o uso seguro do sistema pela equipe da organiza do evento. O iCongresso permite a gera de relats quantitativos e analcos aldo envio de e-mail conforme as condis prefinidos (filtros).</s>
    <s>!O sistema struturado de acordo com os melhores padrde usabilidade, permitindo ao usuo encontrar facilmente as informas que precisa. O nosso setor helpdesk orienta e acompanha o uso do sistema em todas as fases.</s>
    <s>Avaliador (ComissCientca)</s>
    <s>!!Gerenciamento e avalia de resumos e artigos completos, dividido em nis de acesso:</s>
    <s>1.Nl Coordenador: alde avaliar, permite distribuir os trabalhos para os demais avaliadores e acompanhar os resultados;</s>
    <s>2.Nl Avaliador: interface simples e diferenciada para leitura de resumos e artigos completos. O avaliador analisa os trabalhos de acordo com as regras definidas pela comisscientca.</s>
    <s>Espado Expositor</s>
    <s>!Ap formaliza do contrato, a organiza do evento pode liberar o acesso exclusivo ao espado expositor. Nessa a ermitido:</s>
    <s>Atualizar dados cadastrais;</s>
    <s>Verificar status de pagamento;</s>
    <s>Gerar segunda via de boleto;</s>
    <s>Fazer download de documentos: modelo de contrato, manual do expositor etc;</s>
    <s>Cadastrar funcionos/recepcionistas que estarno estande durante o evento;</s>
    <s>Manter contato com a organiza do evento.</s>
    <s>A interface administrador desse mo tambpermite o recebimento de pagamentos atravde cartde crto, depo ou cheque e exibe no espado expositor as respectivas baixas.</s>
    <s>Sistema baseado na web</s>
    <s>Totalmente na internet sem precisar instalar nada.</s>
    <s>Personaliza do tamanho do seu evento</s>
    <s>Gerenciamento completo</s>
    <s>Acompanhamento completo: Prdurante e pvento</s>
    <s>Segurande dados</s>
    <s>Ambiente seguro e processos automatizados garantem a informa</s>
    <s>Valoriza o seu evento devido a utiliza de uma ferramenta de Tecnologia da Informa</s>
    <s>Os dados de cada inscri ou trabalho cientco e responsabilidade do pro congressista</s>
    <s>Reduz as despesas (diminui no uso de pap, gastos com correios e telefone)</s>
    <s>uma ferramenta que centraliza as informas que, contudo, podem ser acessadas de qualquer parte</s>
    <s>Automatiza operas</s>
    <s>O pro usuo pode fazer alteras em seus dados, mediante login e senha, descongestionando o trabalho do prvento</s>
    <s>Para cada situa possl dentro das etapas de organiza do evento, o sistema possui um e-mail que nviado de forma automca para os diversos atores envolvidos: congressista, palestrantes e avaliadores</s>
  </text>
</page>
