<?xml version="1.0" encoding="UTF-8"?>
<!DOCTYPE page SYSTEM "page.dtd">
<page>
  <lang>pt</lang>
  <url>http://gattune.net/como-fazer-chamadas-de-video-conferencia-para-empresas/</url>
  <title>Como fazer chamadas de vídeo conferência para empresas?</title>
  <snippet>
    <s> lançadas na parede e a vídeo conferência, onde você vê o palestrante numa grande O importante de uma chamada de vídeo conferência é que tudo pode ser gravado para futuras visualizações o que facilita o trabalho para conferir o que Com interfaces simples, o usuário é convidado a interagir com pessoas que </s>
  </snippet>
  <text>
    <s>GattuneTecnologia e Web</s>
    <s>Um blog sobre tecnologia, web, redes sociais e startups</s>
    <s>Bate Papo</s>
    <s>Vídeo do Dia</s>
    <s>Novo Trailer da Era do Gelo 4</s>
    <s>Uma carro do futuro, feito nos dias de hoje</s>
    <s>Como fazer chamadas de vídeo conferência para empresas?</s>
    <s>Há uma crescente no mercado de que cada empresa pode aproveitar ao máximo de chamadas em vídeo conferência. Como uma ferramenta simples, a empresa deve inovar com recursos de vídeo conferência a cada dia que cresce a sua necessidade de conversar com seus gerentes. Você já imaginou quanto sua empresa pode economizar ao invés de trazer um funcionário para uma reunião de urgência e aproveitar de todos os recursos que uma chamada de vídeo conferência pode aproveitar.</s>
    <s>!Vídeo Conferência por Computador</s>
    <s>Vídeo Conferência por Computador</s>
    <s>Nestes recursos, há ferramentas que aproveitam de tecnologias de slides e lancha pranchetas na parede para que você possa apresentar um bom projeto online para seus clientes. Nesses recursos, por exemplo, as colunas de evolução de gastos, investimento entre outras apresentações podem ser lançadas na parede e a vídeo conferência, onde você vê o palestrante numa grande tela pode ser apresentado para os ouvintes.</s>
    <s>O importante de uma chamada de vídeo conferência é que tudo pode ser gravado para futuras visualizações o que facilita o trabalho para conferir o que foi discutido na reunião. Segundo um dos portais de anúncio de correspondência diz que entre os itens de importância de videoconferência estão:</s>
    <s>Economia de tempo da empresa, evitando o deslocamento físico para um local especial;</s>
    <s>Economia de recursos multimidia, com a redução dos gastos com viagens;</s>
    <s>Mais um recurso de pesquisa, já que a reunião pode ser gravada e disponibilidade posterior.</s>
    <s>&gt; Softwares gratuitos aproveitam a onda das webconferências e oferecem o serviço de videochat, como é o caso dos famosos Skype (mais recomendado para uma webconferência ponto-a-ponto) , ooVoo e Mikogo. Com interfaces simples, o usuário é convidado a interagir com pessoas que também possuem o programa. Para o consumidor o custo do empreendimento se resume à compra da webcam.</s>
    <s>!Vídeo Conferência por uma TV</s>
    <s>Vídeo Conferência por uma TV</s>
    <s>Vamos analisar depois sóftware por aplicativo para vídeo conferência que são ferramentas que podem ser instaladas facilmente no seu computador para que tudo seja feito com a mais estrita facilidade.</s>
    <s>Tags: chamada, vídeo chamada, vídeo conferência</s>
    <s>Regras para Comentar</s>
    <s>É PROIBIDO usar palavras baixas, denegrir e/ou xingar</s>
    <s>É PROIBIDO publicar endereços, telefones ou similares.</s>
    <s>É PROIBIDO fazer qualquer tipo de SPAM.</s>
    <s>Depois de seguidas essas regras, seu comentário passará pela moderação. Reservamos o direito de excluir, sem aviso prévio, os comentários que não estejam de acordo com as regras acima.</s>
    <s>0 Comments</s>
    <s>2 Trackbacks</s>
    <s>1. Voitel; empresa de vídeo conferência pela internet no Brasil</s>
    <s> brasileiras que tem trabalhado com soluções de vídeo chamadas para outras empresas. O mercado de vídeo conferência tem crescido </s>
    <s>2. Veriz lança o Getconference para videoconferência</s>
    <s> precisa para poder aproveitar desta solução que torna sua vida dentro da empresa mais fácil. Uma chamada por vídeo </s>
    <s>Deixe uma resposta Cancelar resposta</s>
    <s>O seu endereço de email não será publicado Campos obrigatórios são marcados *</s>
    <s>Nome *</s>
    <s>Email *</s>
    <s>Você pode usar estas tags e atributos de HTML: `&lt;a href=&quot;&quot; title=&quot;&quot;&gt; &lt;abbr title=&quot;&quot;&gt; &lt;acronym title=&quot;&quot;&gt; &lt;b&gt; &lt;blockquote cite=&quot;&quot;&gt; &lt;cite&gt; &lt;code&gt; &lt;del datetime=&quot;&quot;&gt; &lt;em&gt; &lt;i&gt; &lt;q cite=&quot;&quot;&gt; &lt;strike&gt; &lt;strong&gt; `</s>
    <s>« Camisa MPW Brasil ao estilo Polo, MotorSport e Rugby</s>
    <s>Voitel; empresa de vídeo conferência pela internet no Brasil »</s>
    <s>Pesquisar no Site</s>
    <s>Desconto e Ofertas</s>
    <s>Bate Papo</s>
    <s>Notícias Gerais</s>
    <s>Celular, Tablets e Smartphones</s>
    <s>Outros Artigos</s>
    <s>1. Latinel utiliza sistema de alta definição para vídeo conferência</s>
    <s>2. Sistemas de Vídeo Conferência da Polycom</s>
    <s>3. Voitel; empresa de vídeo conferência pela internet no Brasil</s>
    <s>4. TokBox: vídeo conferência, eMail e web messenger</s>
    <s>5. Gizmo Project 4.0: vídeo conferência e uma nova interface</s>
    <s>6. VisitorCafe, vídeo conferência para sites, blogs e redes de conteúdo</s>
    <s>7. Veriz lança o Getconference para videoconferência</s>
    <s>8. Skype SK3000 DECT 6.0: chamadas convencionais e chamadas Voip</s>
    <s>Coleção Tablets</s>
    <s>Livros de C.s. Lewis</s>
    <s>Série Samsung Galaxy</s>
    <s>Foto de Gatinhos</s>
    <s>Como Limpar Sofás</s>
    <s>Lista de Centros de Recuperação</s>
    <s>Descontos e Ofertas</s>
    <s>Promoção MRV de moto para compra de apartamento</s>
    <s>Promoção para assinatura da ISTOÉ</s>
    <s>LivingSocial oferece desconto total para quem compartilha oferta</s>
    <s>Compras Coletivas é no Peixe Urbano</s>
    <s>Cursos e Concursos</s>
    <s>Como passar para medicina no vestibular mais concorrido do Brasil</s>
    <s>Academic Earth e a Cultura EduPank</s>
    <s>Eu Vou Passar … na receita!</s>
    <s>Sites para aprender com cursos online gratuitos</s>
    <s>Lojas Online e Produtos</s>
    <s>Jóias Vip; loja online para brilhantes</s>
    <s>A marca de notebook Lenovo é boa?</s>
    <s>MusiG: Loja Online de Música</s>
    <s>ÓculosShop, compre óculos Mormaii pela internet</s>
    <s>Turismo e Viagem</s>
    <s>Desconto em pacotes do Submarino Viagens</s>
    <s>Qual o melhor tipo de viagem para seus filhos</s>
    <s>RDC Ferias, um bom clube de viagens</s>
    <s>Dicas para Navios Cruzeiros Temáticos</s>
    <s>Pesquisar no Site</s>
    <s>Loja Submarino</s>
    <s>Celular e Tablets</s>
    <s>Nokia N93; visual arrojado e câmera 3.2 megapixels</s>
    <s>WeFi, WiFi ao alcance de todos</s>
    <s>Informações sobre o Novo Motorola Atrix 2</s>
    <s>OZ trará sites de relacionamento para o celular</s>
    <s>Mais Artigos</s>
    <s>Vinhos e Vinhos, mais uma adega online!</s>
    <s>Afinadores de Guitarra e Violão</s>
    <s>Como resolver problemas de Call Center das operadoras?</s>
    <s>Promoção MRV de moto para compra de apartamento</s>
    <s>Assine Compras Coletivas</s>
    <s>Assinar Compra Coletiva: Nome</s>
    <s>Email Assinar</s>
    <s>Casa e Decoração</s>
    <s>Cadeira e Mesa Infantil é nas Lojas Americanas</s>
    <s>Cortina de teto para berço no quarto do bebê</s>
    <s>Escolhendo a melhor iluminação para a sala ou quarto</s>
    <s>No Meliuz você ganha dinheiro ao comprar produtos</s>
    <s>Empregos e Trabalho</s>
    <s>Como se vestir para uma entrevista de emprego.</s>
    <s>designUp: portfólio para designer profissional e fotógrafos</s>
    <s>Mais Startup; encontre empregos em startups brasileiras</s>
    <s>Via6 não é Orkut, mas é social!</s>
    <s>Comentários dos Leitores</s>
    <s>Carlos em Recarga.com, créditos para celular pré-pago pela internet</s>
    <s>AllPeers, compartilhe com segurança arquivos com amigosem izimi, monte o seu próprio servidor</s>
    <s>Fátima bianca em Mundo do Sitio, jogos e rede social para crianças</s>
    <s>Paulo Ricardo em Nota Fiscal Paulista, cadastro para consulta de créditos e sorteios</s>
    <s>Tiago em Claro Clube: ganhe um celular acumulando pontos</s>
    <s>leticia em PinPix, enfeite suas fotos como montagens divertidas</s>
    <s>Política de Privacidade.</s>
    <s>*HTML: HyperText Markup Language</s>
  </text>
</page>
