<?xml version="1.0" encoding="UTF-8"?>
<!DOCTYPE page SYSTEM "page.dtd">
<page>
  <lang>pt</lang>
  <url>http://embarqbrasil.org/node/231</url>
  <title>Conferência reúne especialistas para discutir idéias inovadoras ...</title>
  <snippet>
    <s>Conferência reúne especialistas para discutir idéias inovadoras em Curitiba, durante a Conferência Internacional de Cidades Inovadoras (CICI2010) </s>
  </snippet>
  <text>
    <s>Search networkSearch site</s>
    <s>EMBARQ Brasil</s>
    <s>Sobre a EMBARQ Brasil</s>
    <s>Saiba Mais</s>
    <s>Outubro, 2011 (12)</s>
    <s>Setembro, 2011 (11)</s>
    <s>Agosto, 2011 (15)</s>
    <s>Julho, 2011 (15)</s>
    <s>Junho, 2011 (8)</s>
    <s>Maio, 2011 (21)</s>
    <s>Abril, 2011 (9)</s>
    <s>Março, 2011 (4)</s>
    <s>Fevereiro, 2011 (2)</s>
    <s>Janeiro, 2011 (3)</s>
    <s>Dezembro, 2010 (3)</s>
    <s>Novembro, 2010 (5)</s>
    <s>Outubro, 2010 (4)</s>
    <s>Setembro, 2010 (2)</s>
    <s>Agosto, 2010 (3)</s>
    <s>Julho, 2010 (3)</s>
    <s>Junho, 2010 (2)</s>
    <s>Maio, 2010 (2)</s>
    <s>Abril, 2010 (5)</s>
    <s>Março, 2010 (7)</s>
    <s>Fevereiro, 2010 (2)</s>
    <s>Janeiro, 2010 (2)</s>
    <s>Novembro, 2009 (7)</s>
    <s>Outubro, 2009 (2)</s>
    <s>Setembro, 2009 (2)</s>
    <s>Agosto, 2009 (6)</s>
    <s>Julho, 2009 (9)</s>
    <s>Junho, 2009 (6)</s>
    <s>Maio, 2009 (3)</s>
    <s>Abril, 2009 (3)</s>
    <s>Março, 2009 (25)</s>
    <s>Dezembro, 2008 (2)</s>
    <s>21º Seminário de Tecnologias Sustentáveis do Transporte</s>
    <s>13º Congresso Internacional de Transporte Massivo</s>
    <s>17º Congresso Internacional de Transporte Sustentável</s>
    <s>47º Congresso Internacional de Transporte Sutentável</s>
    <s>112ª Conferência sobre Sistemas Avançados para Transporte Coletivo</s>
    <s>2acidentes no trânsito</s>
    <s>6Active Cities Healthy Cities</s>
    <s>1Africa do Sul</s>
    <s>4air pollution</s>
    <s>9air quality</s>
    <s>1Alexandre Sansão</s>
    <s>3américa latina</s>
    <s>1Annual Report</s>
    <s>Comentários recentes</s>
    <s>Aug 24 2011</s>
    <s>Aug 15 2011</s>
    <s>Você pode ser maior do que isto</s>
    <s>Jul 22 2011</s>
    <s>Mentira do aerorama</s>
    <s>Feb 22 2011</s>
    <s>Feb 22 2011</s>
    <s>Thinking back now, I realize</s>
    <s>RSS feed</s>
    <s>Conferência reúne especialistas para discutir idéias inovadoras</s>
    <s>Publicado em Mar 24 2010</s>
    <s>!Curitiba CICI2010 (202).jpg</s>
    <s>Durante quatro dias (10 a 13 de março), especialistas de diferentes áreas, correntes políticas e de planejamento urbano estiveram reunidos no Cietep, em Curitiba, durante a Conferência Internacional de Cidades Inovadoras (CICI2010) promovida pela Federação das Indústrias do Paraná (FIEP). “O que estamos fazendo nesta semana é reconhecer a importância das cidades para a busca pela sustentabilidade. É um desafio que só vamos superar falando uns aos outros de nossas boas práticas, de nossos erros e acertos.”, afirmou Richard Barnes, vice-prefeito Londres.</s>
    <s>Na ocasião, prefeitos, autoridades, e representantes de instituições nacionais e internacionais destacaram a importância do evento para o desenvolvimento sustentável das cidades e a busca pelo bem estar da população, entre os quais o CTS-Brasil, parceiro estratégico da Conferência.</s>
    <s>Todos os palestrantes convergiram em um ponto: o futuro do desenvolvimento dos países passa obrigatoriamente pelo desenvolvimento das cidades. “O grande desafio da atualidade é a busca da sustentabilidade, entendendo como sustentabilidade a busca do bem estar de toda a sociedade, sendo que o bem estar da geração atual não pode prejudicar as gerações futuras. Esperamos que todos os aqui presentes sejam multiplicadores dessa mudança de atitude e consciência”, afirmou Rodrigo da Rocha Loures, presidente da DIEP.</s>
    <s>Marielza de Oliveira, do Unitar, destacou a contribuição da CICI2010 para o intercâmbio entre as cidades. “No mundo onde o processo de urbanização é acelerado, não há solução melhor do que conectar cidades em busca de soluções inovadoras”, disse. “Hoje fica claro que o desenvolvimento social não está nas mãos dos governos nacionais, mas das cidades”, concluiu.</s>
    <s>Embarq Mexico</s>
    <s>Embarq Brasil</s>
    <s>Embarq Andino</s>
    <s>Embarq India</s>
    <s>Embarq Turkiye</s>
    <s>Sobre a EMBARQ Brasil</s>
    <s>Saiba Mais</s>
    <s>(C) EMBARQ Network</s>
    <s>EMBARQ BRASIL</s>
    <s>Rua Luciana de Abreu,</s>
    <s>471/801 - POA/ RS</s>
    <s>CEP: 90570-060</s>
    <s>Fone: +55 51 3312-6324</s>
  </text>
</page>
