<?xml version="1.0" encoding="UTF-8"?>
<!DOCTYPE page SYSTEM "page.dtd">
<page>
  <lang>pt</lang>
  <url>http://produto.mercadolivre.com.br/MLB-154735332-motorola-w510-mp3-camera-memoria-exp-java-aceito-troca-_JM</url>
  <title>Motorola W510 -mp3-camera-memoria exp-java-Aceito Troca - R ...</title>
  <snippet>
    <s>Comprar e vender Motorola W510 -mp3-camera-memoria exp-java-Aceito Troca - R$ 170.00. Teclado com iluminação azul; Chamada em conferência: Sim As perguntas mais freqüentes: (tire as dúvidas mais comuns neste tópico) </s>
  </snippet>
  <text>
    <s>MercadoLivre - Onde comprar e vender de tudo.</s>
    <s>Cadastre-se | Entrar</s>
    <s>Meu Cadastro</s>
    <s>Portal de Contato</s>
    <s>Inicio &gt; &quot;</s>
    <s>motorola w510 mp3 camera memoria</s>
    <s>Filtre sua busca por:</s>
    <s>Celulares (16)</s>
    <s>Informatica (1)</s>
    <s>Espirito Santo (1)</s>
    <s>Minas Gerais (3)</s>
    <s>Parana (1)</s>
    <s>Pernambuco (1)</s>
    <s>Sao Paulo (11)</s>
    <s>Mais opçoes</s>
    <s>Novo (12) | Usado (5)</s>
    <s>Frete gratis (1)</s>
    <s>Melhores vendedores (1)</s>
    <s>Termina hoje (5)</s>
    <s>Galeria de fotos</s>
    <s>Ordenar por:</s>
    <s>Mais relevantes</s>
    <s>Menor preço</s>
    <s>Maior preço</s>
    <s>Produtos 1-17 de 17</s>
    <s>1. Motorola W510 Cartao De Memoria Mp3 Camera De 1.3 Mpx</s>
    <s>Completo Na Caixa Desbloqueado</s>
    <s>R$ 17990 12 parcelas de R$ 1739</s>
    <s>Produto usado</s>
    <s>Minas Gerais</s>
    <s>2. Motorola W510 Novo Com Câmera 1.3 Mpx, Mp3 Player Bluetooth</s>
    <s>R$ 29999 12 parcelas de R$ 2900</s>
    <s>Produto novo</s>
    <s>São Paulo</s>
    <s>3. Celular Motorola W510 Usado Desbloqueado Câmera De 1.3 Mp3</s>
    <s>Câmera De 1.3 Mp, Bluetooth, Usb, Mp3 Player, Jogos E Mais</s>
    <s>R$ 6500 12 parcelas de R$ 628</s>
    <s>Produto usado</s>
    <s>2 vendidos</s>
    <s>Minas Gerais</s>
    <s>4. Celular Motorola W510 Gsm Câmera 1.3 Mp Mp3 Cartão 256mb</s>
    <s>Pronta Entrega, Frete Gratis Para Pagamento Via Deposito</s>
    <s>R$ 27950 12 parcelas de R$ 2702</s>
    <s>Produto novo</s>
    <s>SAO PAULO</s>
    <s>5. Motorola W510 Gsm Com Câmera 1.3 Mpx, Mp3 Player</s>
    <s>Aparelho Novo Com Garantia De 6 Meses - Desconto De 10% Para Deposito</s>
    <s>R$ 25900 12 parcelas de R$ 2503</s>
    <s>Produto novo</s>
    <s>1 vendido</s>
    <s>São Paulo</s>
    <s>6. Motorola W510 Com Câmera 1.3 Mpx, Mp3 Player Bluetooth</s>
    <s>R$ 8900 12 parcelas de R$ 860</s>
    <s>Produto usado</s>
    <s>7. Motorola W270 Vivo Mp3 Player Câmera Catão Memoria Nf Garant</s>
    <s>Produto Nacional= Entrega Rápida&gt;&gt; Comprou Chegou</s>
    <s>R$ 10900 12 parcelas de R$ 1054</s>
    <s>Produto novo</s>
    <s>São Paulo</s>
    <s>8. Celular Motorola W510 1.3mp Mp3 Pronta Entrega 100% Original</s>
    <s>Aparelho Novo Com Garantia - 100% Original - Quadband - Desbloqueado</s>
    <s>R$ 19999 12 parcelas de R$ 1933</s>
    <s>Produto novo</s>
    <s>3 vendidos</s>
    <s>Espírito Santo</s>
    <s>9. Adaptador Bluetooth Transfira Mp3 Celular Motorola U9 W510</s>
    <s>Razr2 V9 Razr2 V8 Rokr W5 W490 W395 Rizr Z8 Krzr K3 Slvr L9 Q 9h Q8</s>
    <s>R$ 1499 12 parcelas de R$ 145</s>
    <s>MercadoLíder Platinum</s>
    <s>Produto novo</s>
    <s>SAO PAULO</s>
    <s>10. Motorola W510 Gsm Com Câmera 1.3 Mpx, Mp3 Player</s>
    <s>Aparelho Novo Com Garantia De 6 Meses - Desconto De 10% Para Deposito</s>
    <s>R$ 25900 12 parcelas de R$ 2503</s>
    <s>Produto novo</s>
    <s>São Paulo</s>
    <s>11. Motorola W510 Gsm Tim Com Câmera 1.3 Mpx, Mp3 Player</s>
    <s>Aparelho Novo Com Garantia De 6 Meses - Desconto De 10% Para Deposito</s>
    <s>R$ 35990 12 parcelas de R$ 3479</s>
    <s>Produto novo</s>
    <s>São Paulo</s>
    <s>12. Motorola W510 Gsm Tim Com Câmera 1.3 Mpx, Mp3 Player</s>
    <s>Aparelho Novo Com Garantia De 6 Meses - Desconto De 10% Para Deposito</s>
    <s>R$ 35990 12 parcelas de R$ 3479</s>
    <s>Produto novo</s>
    <s>São Paulo</s>
    <s>13. Motorola W510 Usado, Câmera 1.3 Mpx, Mp3 Player, Bluetooth</s>
    <s>R$ 12000 12 parcelas de R$ 1160</s>
    <s>Produto usado</s>
    <s>MINAS GERAIS</s>
    <s>14. Motorola W510 Gsm Tim Com Câmera 1.3 Mpx, Mp3 Player</s>
    <s>Aparelho Novo Com Garantia De 6 Meses - Desconto De 10% Para Deposito</s>
    <s>R$ 35990 12 parcelas de R$ 3479</s>
    <s>Produto novo</s>
    <s>São Paulo</s>
    <s>15. Motorola W510 Gsm Tim Com Câmera 1.3 Mpx, Mp3 Player</s>
    <s>Aparelho Novo Com Garantia De 6 Meses - Desconto De 10% Para Deposito</s>
    <s>R$ 35990 12 parcelas de R$ 3479</s>
    <s>Produto novo</s>
    <s>São Paulo</s>
    <s>16. Motorola W510 Gsm Com Câmera 1.3 Mpx, Mp3 Player</s>
    <s>Aparelho Novo Com Garantia De 6 Meses - Desconto De 10% Para Deposito</s>
    <s>R$ 25900 12 parcelas de R$ 2503</s>
    <s>Produto novo</s>
    <s>2 vendidos</s>
    <s>São Paulo</s>
    <s>17. Celular Cel Motorola W510 Mp3 Camera</s>
    <s>R$ 4900 12 parcelas de R$ 474</s>
    <s>Produto usado</s>
    <s>1 vendido</s>
    <s>1. No Magazine Curitiba Tem</s>
    <s>Memória Microsd 2gb Só R$ 9,99 Para</s>
    <s>Celular Lg Samsung Motorola Mp20</s>
    <s>2. Motorola Spice Xt</s>
    <s>Lançamento. Android 2.3, Gps, Wi-Fi</s>
    <s>Câmera 5.0mp. Só R$599,00 À Vista</s>
    <s>3. Celular Motorola Ex115</s>
    <s>2 Chips Câmera 3.0 Mp</s>
    <s>Aparelho Original Na Caixa</s>
    <s>4. Celular 4 Chips Wifi $99</s>
    <s>Super Promoçao Com Tv Wifi Motorola</s>
    <s>Camera , Internet Em Ate 12x Cartao</s>
    <s>MercadoAds - Anuncie aqui</s>
    <s>1. Memória Kingston Sdhc 8gb</s>
    <s>Temos 2gb 4gb 8gb 16gb - Hd Externo</s>
    <s>Sony Samsung Camera Digital Celular</s>
    <s>- lista.mercadolivre.com.br</s>
    <s>2. Aparelho Galaxy5 Por R$0</s>
    <s>Android, 3g, Bluetooth, Câmera, Mp3&lt;/dd&gt; No Plano Vivo Smartphone 60</s>
    <s>- celulardireto.com.br</s>
    <s>3. Celular Mp30 C/ 3 Chips</s>
    <s>Tv + 2 Câmeras + Bluetooth + Mp3&lt;/dd&gt; Apenas R$219,00. Grátis Kit + 2gb</s>
    <s>- produto.mercadolivre.com.br</s>
    <s>Sobre o MercadoLivre</s>
    <s>Central de Segurança</s>
    <s>Mapa do site</s>
    <s>Ver outros paises</s>
    <s>O uso deste site implica na aceitação dos Termos e Condições Gerais e das Políticas de Privacidade do Ebazar.com.br LTDA. - empresa do grupo MercadoLivre.</s>
    <s>Copyright © 1999-2011 Ebazar.com.br LTDA. - empresa do grupo MercadoLivre.</s>
  </text>
</page>
