<?xml version="1.0" encoding="UTF-8"?>
<!DOCTYPE page SYSTEM "page.dtd">
<page>
  <lang>pt</lang>
  <url>http://historica.me/events/semimario-internacional</url>
  <title>Semimário Internacional: Justiça, Administração e Luta Social ...</title>
  <snippet>
    <s>O Seminário Internacional Justiça, Administração e Luta Social – Dimensões do Poder em Minas Tipo de evento: seminário internacional O Seminário será composto por quatro tipos de atividade: três conferências, três mesas-redondas, </s>
  </snippet>
  <text>
    <s>Rede Historica</s>
    <s>rede social de Historia</s>
    <s>Minha Pagina</s>
    <s>Top Navegantes</s>
    <s>Placares de lideres</s>
    <s>Jose D'Assunçao Barros</s>
    <s>Concurso Publico</s>
    <s>Conteudo Exclusivo</s>
    <s>Projetos de Pesquisa</s>
    <s>Mestrado e Doutorado</s>
    <s>Top Videos</s>
    <s>Historia do Brasil</s>
    <s>Ditadura Militar</s>
    <s>Historia Antiga</s>
    <s>Top Blog</s>
    <s>Crie o seu Blog!</s>
    <s>Ensino de Historia</s>
    <s>Historia Antiga</s>
    <s>Historia Medieval</s>
    <s>Historia Moderna</s>
    <s>Historia Contemporanea</s>
    <s>Brasil Colonia</s>
    <s>Brasil Imperio</s>
    <s>Brasil Republica</s>
    <s>Oficina da Rede</s>
    <s>Material Didatico</s>
    <s>Escola dos Annales</s>
    <s>Cinema e Historia</s>
    <s>Teoria da Historia</s>
    <s>Chamadas para Publicaçao</s>
    <s>Seja nosso Parceiro</s>
    <s>Anuncie aqui!</s>
    <s>Clio Search</s>
    <s>Bomba Atomica</s>
    <s>Sobre a Rede Historica</s>
    <s>Faça uma doaçao</s>
    <s>Loja de Presentes</s>
    <s>Rede Historica Toolbar</s>
    <s>Trabalhe Conosco</s>
    <s>Próximos eventos</s>
    <s>Past Events</s>
    <s>Meus eventos</s>
    <s>Semimario Internacional: Justiça, Administraçao e Luta Social: dimensoes do poder em Minas</s>
    <s>Adicionado por Fabricio Leal de Souza</s>
    <s>Exibir Eventos</s>
    <s>Detalhes do evento</s>
    <s>!Semimário Internacional: Justiça, Administração e Luta Social: dimensões do poder em Minas</s>
    <s>Horário: 22 setembro 2010 a 24 setembro 2010</s>
    <s>Local: UFOP</s>
    <s>Cidade: Ouro Preto</s>
    <s>Site ou Mapa: http://www.seminariojals.ufop…</s>
    <s>Tipo de evento: seminario internacional</s>
    <s>Organizado por: Grupo de Pesquisa Justiça, Administraçao e Luta Social (JALS)</s>
    <s>Última atividade: 25 Jul, 2010</s>
    <s>Exportar para Outlook ou iCal (.ics)</s>
    <s>0 membros marcaram isto como favorito</s>
    <s>Compartilhar Twitter Facebook</s>
    <s>Descrição do evento</s>
    <s>O Seminário Internacional Justiça, Administração e Luta Social – Dimensões do Poder em Minas tem por objetivo principal reunir pesquisadores que atuam dentro e fora do Brasil para debater questões relativas ao problema do exercício da autoridade na América portuguesa e no Brasil monárquico, em particular nas Minas Gerais. Nesse sentido, o Seminário se insere no quadro de expansão dos estudos voltados à Justiça e à Administração no Brasil, não apenas focando aspectos historiográficos específicos – tais como a formação e o desenvolvimento de estruturas estatais ou sua articulação com a questão nacional –, mas também privilegiando problemas teóricos mais amplos referentes ao próprio significado da autoridade e a análise dos meios e dos limites da constituição de modelos autoritários em Minas.</s>
    <s>Estrutura e organização</s>
    <s>O Seminário será composto por quatro tipos de atividade: três conferências, três mesas-redondas, doze grupos de trabalho (compostos, no total, por 48 alunos de pós-graduação) e apresentação de trinta banners. As três mesas-redondas, formadas, cada uma, por três apresentadores, têm por objetivo discutir três temas decisivos: o da dinâmica institucional no período de formação das Minas, na mesa “Conflito e institucionalização”; o das capacidades e limites institucionais na segunda metade do século XVIII, na mesa “Paradoxos da Administração”; e o das reformulações ocorridas com a Independência, na mesa “Justiça e Nação”. As três mesas-redondas avaliarão as peculiaridades da expansão burocrática nas Minas numa perspectiva que, articulando concepções do Antigo Regime e liberais, procura romper com algumas das barreiras artificialmente erguidas entre os períodos anterior e posterior à Independência. Cada um dos doze grupos de trabalho será composto por quatro alunos que cursaram ou estão cursando o mestrado e o doutorado.</s>
    <s>Uma das metas do Seminário consiste em promover o diálogo entre tais pesquisadores dedicados ao estudo de regiões variadas de Minas Gerais, visto que o surgimento de novos cursos de pós-graduação no Estado permitiu não apenas o aumento expressivo do número de pesquisa, como também sua diversificação temática e regional. Por fim, serão expostos, no decorrer do Seminário trinta banners elaborados por alunos de graduação e de iniciação Científica. Os seis melhores serão premiados por ocasião da conferência final.</s>
    <s>O evento está sendo organizado visando evitar desperdício de papéis. Uma vez que a internet tornou-se hoje um meio bastante eficiente de comunicação, o Seminário será divulgado essencialmente por meio eletrônico. As inscrições são acessíveis, não havendo, contudo, distribuição de pastas, cadernos, canetas, livros de programação e resumo. No final do Seminário, serão distribuídos certificados para ouvintes, componentes dos grupos de trabalho, convidados e organizadores. O programa, os resumos das comunicações e os anais do Seminário serão divulgados no próprio site do evento.</s>
    <s>&lt; Evento Anterior</s>
    <s>Próximo Evento &gt;</s>
    <s>Caixa de Recados</s>
    <s>RSVP para Semimario Internacional: Justiça, Administraçao e Luta Social: dimensoes do poder em Minas para adicionar comentários!</s>
    <s>Entrar em Rede Histórica</s>
    <s>Nao comparecer (1)</s>
    <s>Exibir todos</s>
    <s>Bem-vindo a</s>
    <s>Rede Historica</s>
    <s>ou acesse</s>
    <s>Você também pode se registrar no:</s>
    <s>Sobre a Rede Social</s>
    <s>!Rede Histórica é o ponto de encontro para todos aqueles que se interessam pelo estudo da História. Cadastre-se agora na rede social para comentar os blogs e vídeos, participar dos grupos, fóruns, chat e ter uma conta de 7GB no Rede Histórica Mail. Acompanhe as chamadas para publicação, os editais para concurso público e oportunidades de bolsas de estudo.</s>
    <s>Siga @RedeHistorica</s>
    <s>conteudo do blog no seu email</s>
    <s>Digite o seu email:</s>
    <s>Inscriçoes Abertas</s>
    <s>© 2011 Created by Fabricio Leal de Souza.</s>
    <s>Badges | Relatar um incidente | Termos de serviço</s>
    <s>É necessário habilitar o JavaScript para usar o Rede Historica.</s>
    <s>Verifique as configurações do seu navegador ou contate o administrador do sistema.</s>
    <s>Entrar no bate-papo</s>
  </text>
</page>
