<?xml version="1.0" encoding="UTF-8"?>
<!DOCTYPE page SYSTEM "page.dtd">
<page>
  <lang>pt</lang>
  <url>http://br.linkedin.com/pub/carina-garcia/17/988/a57</url>
  <title>Carina Garcia - Brasil | LinkedIn</title>
  <snippet>
    <s>Escola Superior de Administração, Marketing e Comunicação - ESAMC; Universidade f) Cadastro e conferência de boletos bancários e cheques recebidos e/ou devolvidos; a) Arrumação do salão para café da manhã, almoço e/ou jantar; </s>
  </snippet>
  <text>
    <s>Cadastre-se hoje mesmo</s>
    <s>!Carina Garcia</s>
    <s>Carina Garcia</s>
    <s>Auxiliar Administrativo na EnTechUSB do Brasil</s>
    <s>Sorocaba Area, Brazil</s>
    <s>Management Consulting</s>
    <s>Visão geral de Carina Garcia</s>
    <s>Auxiliar Administrativo na EnTechUSB do Brasil</s>
    <s>Auxiliar Administrativo na Universidade Corporativa Unidade 2</s>
    <s>Auxiliar Administrativo na JOY Industria e Comercio de Confecçoes LTDA</s>
    <s>Auxiliar Administrativo na Molleta Advogados e Associados</s>
    <s>Auxiliar Administrativo na Emaximovel Corretora de Imoveis</s>
    <s>Administrativo na Molleta Advogados e Associados</s>
    <s>Recepcionista na Diversas</s>
    <s>Recepcionista na Chamonix Plaza Hotel</s>
    <s>Governanta na Sao Pedro SPA Medico</s>
    <s>Copeira na Sao Pedro SPA Medico</s>
    <s>visualizar menos</s>
    <s>visualizar tudo</s>
    <s>Formação acadêmica</s>
    <s>Escola Superior de Administraçao, Marketing e Comunicaçao - ESAMC</s>
    <s>Universidade de Sorocaba</s>
    <s>133 conexões</s>
    <s>Experiência de Carina Garcia</s>
    <s>Auxiliar Administrativo</s>
    <s>EnTechUSB do Brasil</s>
    <s>Privately Held; Financial Services industry</s>
    <s>June 2010 - Present (1 year 5 months)</s>
    <s>EnTechUSB is widely recognized as the global leader in Energy &amp; Environmental Data Management. We have achieved this position by applying a combination of unique technologies, processes and more than 20 years of industry experience to help our clients build a central global platform for all of their Energy &amp; Environmental Data.</s>
    <s>Utility Liaison Team:</s>
    <s>a.) Contact with the Customer, with the Customer Relationship Manager and with the utility's supplier to ask questions about the invoices (consumption, rates, taxes, values to pay).</s>
    <s>c.) Search for possible billing errors that the customer should not be paying.</s>
    <s>b.) Elaborate reports for supervisors and clients accordance with requests.</s>
    <s>Auxiliar Administrativo</s>
    <s>Universidade Corporativa Unidade 2</s>
    <s>Professional Training &amp; Coaching industry</s>
    <s>July 2009 - December 2009 (6 months)</s>
    <s>a) Cobrança de clientes em atraso;</s>
    <s>b) Negociaçao de divida com o cliente;</s>
    <s>c) Conferencia de pagamentos efetuados;</s>
    <s>d) Supervisao de contas a pagar e a receber;</s>
    <s>e) Cadastro e organizaçao dos contratos de alunos;</s>
    <s>f) Emissao de boletos bancarios;</s>
    <s>g) Emissao de relatorios para superiores.</s>
    <s>Auxiliar Administrativo</s>
    <s>JOY Industria e Comercio de Confecçoes LTDA</s>
    <s>Textiles industry</s>
    <s>February 2009 - April 2009 (3 months)</s>
    <s>a) Cobrança de clientes em atraso;</s>
    <s>b) Negociaçao de divida com o cliente;</s>
    <s>c) Emissao de relatorios para superiores;</s>
    <s>d) Conciliaçao de relatorios;</s>
    <s>e) Conferencia de pagamentos efetuados;</s>
    <s>f) Cadastro e conferencia de boletos bancarios e cheques recebidos e/ou devolvidos;</s>
    <s>g) Inclusao e exclusao de titulos em Cartorio e Serasa.</s>
    <s>Auxiliar Administrativo</s>
    <s>Molleta Advogados e Associados</s>
    <s>Law Practice industry</s>
    <s>July 2008 - January 2009 (7 months)</s>
    <s>a) Emitir e enviar relatorios de honorarios e despesas para socios;</s>
    <s>b) Emitir notas de honorarios e recibos de reembolsos de despesas;</s>
    <s>c) Emitir notas fiscais e boletos bancarios aos clientes do escritorio;</s>
    <s>d) Controlar as Contas Correntes e Contas Poupanças do escritorio;</s>
    <s>e) Coordenaçao, registro e controle de posiçao de clientes e de compromissos financeiros do escritorio;</s>
    <s>f) Supervisao de contas a pagar e a receber;</s>
    <s>g) Administraçao de recursos financeiros e recursos humanos do escritorio;</s>
    <s>i) Supervisao de contratos e serviços de terceiros;</s>
    <s>k) Supervisao do suporte de informatica;</s>
    <s>l) Controle financeiro do escritorio, analise de receitas, despesas e resultados;</s>
    <s>m) Fornecer ao contador dados e documentos necessarios a contabilidade;</s>
    <s>n) Cotaçao de preços, compras e controle de estoque;</s>
    <s>o) Preparo de informaçoes financeiras conforme solicitaçao da chefia;</s>
    <s>p) Colaborar em outros setores ou atividades se requisitado pela administraçao.</s>
    <s>Auxiliar Administrativo</s>
    <s>Emaximovel Corretora de Imoveis</s>
    <s>Real Estate industry</s>
    <s>June 2008 - July 2008 (2 months)</s>
    <s>a) Cobrança de clientes em atraso;</s>
    <s>b) Negociaçao de divida com o cliente;</s>
    <s>c) Inclusao e exclusao de titulos em Cartorio e Serasa.</s>
    <s>Molleta Advogados e Associados</s>
    <s>Law Practice industry</s>
    <s>August 2007 - November 2007 (4 months)</s>
    <s>Cadastro e Organizaçao de Processos Administrativos no Sistema Interno de Controle e em Arquivos.</s>
    <s>Events Services industry</s>
    <s>December 2003 - September 2006 (2 years 10 months)</s>
    <s>• 21/Set/06: Recepçao na inauguraçao da 1ª Mostra M de Decoraçao de Interiores em Sao Paulo, realizada pelo Shopping M.</s>
    <s>• 23/Maio a 03/Jun/05: Organizaçao da Secretaria e inscriçoes da VII Semana de Hotelaria, realizada na Universidade de Sorocaba.</s>
    <s>• 9 a 14/Maio/05: Representante da exposiçao do Laboratorio Diagson no I Congresso da Sociedade Medica de Sorocaba.</s>
    <s>• 14/Ago a 19/Set/04: Recepçao na Sorocaba Decor - Mostra de Arquitetura de Interiores e Paisagismo.</s>
    <s>• 01/Jun/04: Recepçao no lançamento do Painel de Imagem Digital da ECO Comunicaçoes realizado no Alquimia Bar.</s>
    <s>• 20/Mar/04: Recepçao na premiaçao do CIM Mulher realizado no Clube Ipanema</s>
    <s>• 9, 10 e 13/Fev/04: Recepçao no Lançamento da Busca a ACREDITAÇÃO no Banco de Olhos do Hospital Oftalmologico de Sorocaba.</s>
    <s>• 8/Dez/03: Montagem, preparo e serviço do Almoço para a Comissao do MEC do Curso de Direito, realizado na UNISO.</s>
    <s>• 3/Dez/03: Montagem, preparo e serviço do Coquetel de Divulgaçao das Mençoes dos Trabalhos de Conclusao Curso, realizado na UNISO.</s>
    <s>• 2/Dez/03: Recepçao no lançamento da Convention e Visitors Bureau para Sorocaba e Regiao, realizado no Clube Ipanema.</s>
    <s>Chamonix Plaza Hotel</s>
    <s>Hospitality industry</s>
    <s>August 2005 - March 2006 (8 months)</s>
    <s>a) Check-in e check-out de hospedes ;</s>
    <s>b) Lançamento de comandas;</s>
    <s>c) Efetuar reservas de apartamentos;</s>
    <s>d) Dar informaçoes aos hospedes;</s>
    <s>e) Controle do estado dos apartamentos;</s>
    <s>f) Receber pagamentos de diarias;</s>
    <s>g) Constante contato e troca de informaçoes com demais setores do Hotel.</s>
    <s>Sao Pedro SPA Medico</s>
    <s>Hospitality industry</s>
    <s>November 2004 - January 2005 (3 months)</s>
    <s>a) Verificaçao da ocupaçao do SPA;</s>
    <s>b) Verificaçao da limpeza de apartamentos e areas comuns do SPA;</s>
    <s>c) Controle de escala de faxineiras e lavadeiras;</s>
    <s>d) Controle de estoque de produtos de limpeza e enxovais;</s>
    <s>e) Constante contato e troca de informaçoes com demais setores do SPA.</s>
    <s>Sao Pedro SPA Medico</s>
    <s>Hospitality industry</s>
    <s>September 2004 - October 2004 (2 months)</s>
    <s>a) Arrumaçao do salao para cafe da manha, almoço e/ou jantar;</s>
    <s>b) Limpeza da copa, cozinha e salao;</s>
    <s>c) Preparo de lanches e sucos;</s>
    <s>d) Corte de frutas e legumes para preparo das refeiçoes;</s>
    <s>e) Interprete entre pacientes e funcionarios da copa.</s>
    <s>Formação acadêmica de Carina Garcia</s>
    <s>Escola Superior de Administraçao, Marketing e Comunicaçao - ESAMC</s>
    <s>2008 - 2012 (expected)</s>
    <s>Atividades e grupos: DESAFIO INTERNACIONAL ESAMC 2010</s>
    <s>Universidade de Sorocaba</s>
    <s>2003 - 2006</s>
    <s>Semanas de Hotelaria</s>
    <s>Entrar em contato com Carina para:</s>
    <s>oportunidades de carreira</s>
    <s>ofertas de consultoria</s>
    <s>novos empreendimentos</s>
    <s>consultas de empregos</s>
    <s>solicitações de conhecimento</s>
    <s>acordos de negócios</s>
    <s>solicitações de referência</s>
    <s>retomar um contato</s>
    <s>Visualizar perfil completo de Carina Garcia </s>
    <s>Visualizar quem você e Carina Garcia conhecem em comum</s>
    <s>Apresentar-se a Carina Garcia</s>
    <s>Contatar Carina Garcia diretamente</s>
    <s>Visualizar perfil completo</s>
    <s>Veja o perfil completo de Carina Garcia</s>
    <s>Ao fazer parte do LinkedIn, você se juntará a 120 milhoes de profissionais que compartilham conexões, ideias e oportunidades. É de graça!</s>
    <s>Já se cadastrou no LinkedIn? Entre.</s>
    <s>Pesquisa por nome:</s>
    <s>Pesquise pessoas que você conheça entre os mais de 120 milhoes de profissionais que já participam do LinkedIn.</s>
    <s>Exemplo: Jeff Weiner</s>
    <s>Usuários do LinkedIn no seguinte país: Brasil - Procurar usuários por país</s>
    <s>1. a</s>
    <s>2. b</s>
    <s>3. c</s>
    <s>4. d</s>
    <s>5. e</s>
    <s>6. f</s>
    <s>7. g</s>
    <s>8. h</s>
    <s>9. i</s>
    <s>10. j</s>
    <s>11. k</s>
    <s>12. l</s>
    <s>13. m</s>
    <s>14. n</s>
    <s>15. o</s>
    <s>16. p</s>
    <s>17. q</s>
    <s>18. r</s>
    <s>19. s</s>
    <s>20. t</s>
    <s>21. u</s>
    <s>22. v</s>
    <s>23. w</s>
    <s>24. x</s>
    <s>25. y</s>
    <s>26. z</s>
    <s>27. mais</s>
    <s>Ao utilizar este site, você estará concordando com os termos de uso do LinkedIn. É proibido o uso comercial deste site sem autorização expressa.</s>
    <s>LinkedIn Corporation (C) 2011</s>
    <s>Contrato do Usuário</s>
    <s>Política de Privacidade do LinkedIn</s>
    <s>Política de Direitos Autorais</s>
    <s>*June 2008: 2008-06-01</s>
    <s>*March 2006: 2006-03-01</s>
    <s>*November 2004: 2004-11-01</s>
    <s>*November 2007: 2007-11-01</s>
    <s>*February 2009: 2009-02-01</s>
    <s>*June 2010: 2010-06-01</s>
    <s>*Present: 2011-10-15</s>
    <s>*July 2009: 2009-07-01</s>
    <s>*July 2008: 2008-07-01</s>
    <s>*August 2005: 2005-08-01</s>
    <s>*August 2007: 2007-08-01</s>
    <s>*April 2009: 2009-04-01</s>
    <s>*September 2006: 2006-09-01</s>
    <s>*September 2004: 2004-09-01</s>
    <s>*December 2003: 2003-12-01</s>
    <s>*October 2004: 2004-10-01</s>
    <s>*December 2009: 2009-12-01</s>
    <s>*January 2009: 2009-01-01</s>
    <s>*January 2005: 2005-01-01</s>
  </text>
</page>
