<?xml version="1.0" encoding="UTF-8"?>
<!DOCTYPE page SYSTEM "page.dtd">
<page>
  <lang>pt</lang>
  <url>http://tecnologia.terra.com.br/noticias/0,,OI5151455-EI12884,00-G%2Bda%2Binternet%2Bquer%2Bimpor%2Brestricoes%2Brejeitadas%2Bpor%2Busuarios.html</url>
  <title>G8 da internet quer impor restrições rejeitadas por usuários</title>
  <snippet>
    <s>26 maio 2011 G8 da internet quer impor restrições rejeitadas por usuários da Universidade Paris V (Sorbonne), avalia que o encontro do e-G8 foi muito mais O diretor geral da BBC Marck Thompson fala na conferência sobre internet </s>
  </snippet>
  <text>
    <s>Ir ao topo da pna</s>
    <s>Ir ao menu</s>
    <s>Ir ao contea&gt;</s>
    <s>Ir para a busca</s>
    <s>Ir ao rodapa&gt;</s>
    <s>Todos os canais</s>
    <s>Radiona WebRadiono Terra</s>
    <s>Assinaturas e servi</s>
    <s>Vida e Estilo</s>
    <s>Terra TV</s>
    <s>VC Repr</s>
    <s>Terra Magazine</s>
    <s>Dez anos do 11/9</s>
    <s>VOO AF 447</s>
    <s>Mais Notas</s>
    <s>Notas » Tecnologia » Tecnologia</s>
    <s>G8 da internet quer impor restris rejeitadas por usuos</s>
    <s>26 de maio de 2011 • 15h24 • atualizado as 15h36</s>
    <s>1. Nota</s>
    <s>2. Fotos</s>
    <s>Presidente da FranNicolas Sarkozy fala em reunipra do G8 sobre internet e tecnologias da informa. Foto: AP</s>
    <s>Presidente da FranNicolas Sarkozy fala em reunipra do G8 sobre internet e tecnologias da informa</s>
    <s>Foto: AP</s>
    <s>1. Reduzir</s>
    <s>2. Normal</s>
    <s>3. Aumentar</s>
    <s>LM/dt&gt; Direto de Paris</s>
    <s>Os usuos e profissionais da internet nparecem estar andando nos mesmos trilhos do que os governos do G8, o grupo formado pelos oito pas mais industrializados do mundo. Ao final do e-G8, o encontro do grupo para tratar sobre futuro da internet, as divergias ficaram evidentes: enquanto parte dos governos quer ampliar a regula do que eito na internet e sancionar leis de controle, os empresos e trabalhadores da rede pedem o contro, mais liberdade.</s>
    <s>A reuni encerrada na quinta-feira em Paris sob o comando do presidente franc Nicolas Sarkozy, chegou a conclusvagas, como a necessidade de ampliar o acesso nternet, o respeito ida privada e o combate ibercriminalidade. Outros pontos menos polcos que constam na declara comum de acordo assinada pelos chefes reunidos para a c de chefes de Estado do G8, nesta quinta e sexta-feira na cidade francesa de Deauville, dizem respeito a temas como a prote da infia na rede mundial de computadores, o apoio nova e ao empreendedorismo online.</s>
    <s>A preserva dos direitos autorais - relacionada ao download de ms, filmes e livros, entre outros - foi um dos tos preferidos de Sarkozy logo discurso de abertura do e-G8, na terfeira. &quot;Ndeixem a revolu que voclanam veicular o mal, sem entraves, nem limites&quot;, afirmou Sarkozy, a uma plateia formada por 1,5 mil empresos e representantes do setor. &quot;O direito dos autores de receber a retribui justa por suas ideias e talentos vale tambpara cada um dos Estados que nepresentamos&quot;.</s>
    <s>A simples men de aumento das regras para o uso da internet provocou imediatamente polca no evento. O presidente do Google, Eric Schmidt, acabou discordando em po do presidente franc &quot;Antes de decidir que nrecisamos de regula, devemos nos perguntar se existem solus tecnolas para resolver o problema globalmente, pois as tecnologias vmuito mais rdo que os governos&quot;, constatou.</s>
    <s>J diretor-presidente do site de compra e venda na internet eBay defendeu a concentra dos esfor para proporcionar o aumento do acesso anda larga. Atim Gianopulos, vice-diretor dos est de cinema 20th Century Fox, estimou que os governos svem entrar em a se acordos voluntos de respeito aos direitos autorais nfuncionarem.</s>
    <s>A postura do governo franc- que, neste ponto, nencontra paralelo na administra americana - tambsuscitou crcas dos mais variados setores da sociedade civil, dos quais poucos foram convidados. Um deles foi a organiza Repres Sem Fronteiras (RSF), descontente com o direcionamento econo que foi dado ao evento, em detrimento iscusssobre a prote dos usuos. &quot;Fiquei extremamente decepcionado por tudo que foi dito neste G8. Ningumencionou os 126 blogueiros presos ao redor do mundo, simplesmente por terem utilizado a internet. Antes de pensarem em regular os conte reciso garantir uma internet livre a todos&quot;, reclamou Jean-Frans Julliard, secreto-geral da RSF. Conforme Julliard, um terdos usuos ntem acesso a uma internet livre.</s>
    <s>A margem da reunido e-G8, um grupo formado por centros de estudos ou associas de defesa da liberdade da internet lan um site para protestar contra o evento ironicamente, ainda conseguiram garantir o enderewww.g8internet.com. No texto de abertura, denunciam que &quot;os governos do mundo se unem para controlar e censurar a internet&quot;. &quot;O bloqueio da internet no Egito, a rea do governo americano ao Wikileaks, a ado de mecanismos de bloqueio de sites na Europa ou os planos de cortes relago da internet samea maiores que pesam sobre a nossa liberdade de expresse de comunica&quot;, diz o texto.</s>
    <s>O socio Stane Hugon, responsl pelo Grupo de Pesquisas sobre a Tecnologia e o Cotidiano, da Universidade Paris V (Sorbonne), avalia que o encontro do e-G8 foi muito mais uma promo polca dos governantes reunidos em Paris do que uma verdadeira tentativa de aumentar o controle do que eito na internet. &quot;Eles sabem perfeitamente, e huito tempo, que esse tipo de propostas nfunciona. A internet m espasocial como qualquer outro, e sendo assim, utomoderada pelas pessoas que fazem parte dela, e npelas vontades dos governos&quot;, argumenta o pesquisador, ligado ao Centro de Estudos sobre a Atualidade e o Cotidiano (Ceaq, na sigla em franc. &quot;Acho que foi uma estrata polca e eleitoral de Sarkozy, para dar a entender que controla alguma coisa. Ele nconsegue controlar nem os espa clicos, muito menos a internet.&quot;</s>
    <s>1. Veja as fotos</s>
    <s>Mais notas de Internet »</s>
    <s>Especial para Terra</s>
    <s>1. !</s>
    <s>O presidente da Fran Nicolas Sarkozy recebe Mark Zuckerberg, do Facebook, para a re sobre internet pr8</s>
    <s>Foto: AP</s>
    <s>2. !</s>
    <s>O diretor geral da BBC Marck Thompson fala na conferia sobre internet pr8 promovida em Paris, nesta quarta-feira</s>
    <s>Foto: AP</s>
    <s>3. !</s>
    <s>Presidente da News Corporation, Rupert Murdoch, e sua esposa chinesa saem da conferia depois de ver debates sobre crescimento econo e internet. Criador do Facebook, Mark Zuckerberg, tambfoi um dos gurus presentes</s>
    <s>Foto: AP</s>
    <s>4. !</s>
    <s>Presidente da FranNicolas Sarkozy fala em reunipra do G8 sobre internet e tecnologias da informa</s>
    <s>Foto: AP</s>
    <s>5. !</s>
    <s>Fundador e conselheiro do Groupon, Andrew Mason, intervdurante a primeira sessdo encontro &quot;Internet - Socidade&quot;</s>
    <s>!EFE Foto: EFE</s>
    <s>6. !</s>
    <s>CEO do Google, Eric Schimidt, tambfoi um dos conferencistas</s>
    <s>Foto: AP</s>
    <s>7. !</s>
    <s>Da esquerda para a direita, o CEO da Alcatel, Ben Verwayeen, a ministra de economia da Fran Christine Lagarde, o CEO do Ebay, John Donahoe, o CEO da Rakuten, Hiroshi Mikitani, o presidente da Bharti Airted, Sunni Bharti Mittal, o CEO do Google, Eric Schimidt, e o CEO da Vivendi, Jean Bernard Levy, atenderam onferia</s>
    <s>Foto: AP</s>
    <s>8. !</s>
    <s>Fundador da Wikipedia, Jimmy Wales, deixa o Palo Elisdepois da abertura do F do G8</s>
    <s>Foto: AP</s>
    <s>9. !</s>
    <s>CEO do Ebay, John Donahoe, fala ao lado do fundador da Rakuten durante a conferia</s>
    <s>Foto: AP</s>
    <s>10. !</s>
    <s>CEO da Publicis, Maurice Levy, falou ao lado da ministra francesa, Christien Lagardi. Conferia foi a primeira sobre internet na reunidas oito principais potias econas</s>
    <s>Foto: AP</s>
    <s>11. !</s>
    <s>A diretora geral do Facebook, Sheryl Sandberg, aparece na primeira sessplena do encontro &quot;Internet - Crescimento Econo&quot;</s>
    <s>!EFE Foto: EFE</s>
    <s>Play / Pause</s>
    <s>Foto anterior</s>
    <s>Pra foto</s>
    <s>Ampliar foto</s>
    <s>1. Leia esta noticia em:</s>
    <s>Mais notas de Internet »</s>
    <s>Links relacionados</s>
    <s>G8 da internet tenta impor restris rejeitadas por profissionais</s>
    <s>G8 da internet pede aos governos prudia na regula da rede</s>
    <s>G8 da internet debate o controle e a liberdade na rede</s>
    <s>Para Sarkozy, internet deve ser regulada pelos governos</s>
    <s>Siga Terra Tecnologia no Twitter</s>
    <s>vc repr</s>
    <s>Envie sua foto, nota ou vo »</s>
    <s>1. 08h50 Designers inspiram-se em bambu e criam laptop movido a a</s>
    <s>2. 08h03 Governador da Califa proclama 'Dia de Steve Jobs'</s>
    <s>3. 14h15 Pai biolo diz que sucesso de Jobs npode ser atribu a ele</s>
    <s>4. Mais notas</s>
    <s>Designers inspiram-se em bambu e criam laptop movido a a</s>
    <s>Japoneses criam turbina ea trvezes mais eficiente</s>
    <s>3. Mais fotos</s>
    <s>Tornado se forma em frente a casal nos EUA</s>
    <s>Idoso arrasa ao dan hip hop</s>
    <s>3. Mais vos</s>
    <s>Mais vistos</s>
    <s>Analista compara Jobs a Henry Ford, mas descarta &quot;legado&quot;</s>
    <s>4.029 visitas</s>
    <s>Foto: Japoneses criam turbina ea trvezes mais eficiente</s>
    <s>9.759 visitas</s>
    <s>Vo: Jovem recusa beijo e tem braquebrado em boate</s>
    <s>63.268 visitas</s>
    <s>Se ou Filme</s>
    <s>Vo: Lost - 2 temporada (ep 13) (LEG)</s>
    <s>35.796 visitas</s>
    <s>Comece a twitar por SMS de onde estiver!</s>
    <s>Envie seus twits a qualquer hora, de seu celular</s>
    <s>Saiba mais</s>
    <s>Acesse o terra do seu celular m.terra.com.br</s>
    <s>(C) Terra</s>
    <s>TBox Beta</s>
    <s>Ir para Configuraçoes</s>
    <s>Ir para E-mail</s>
    <s>Ir para Amigos</s>
    <s>Ir para Expressoes</s>
  </text>
</page>
