<?xml version="1.0" encoding="UTF-8"?>
<!DOCTYPE page SYSTEM "page.dtd">
<page>
  <lang>pt</lang>
  <url>http://connepi2011.ifs.edu.br/</url>
  <title>VI CONNEPI ..::::.. TELEFONES: (079) 3711-3230 &amp; (079) 3711 ...</title>
  <snippet>
    <s>O evento VI CONNEPI ocorrerá entre 30 de Novembro e 2 de Dezembro, e será organizado pelo IFS . O IFS ofertará prêmios para os melhores artigos! </s>
  </snippet>
  <text>
    <s>!icone calendario</s>
    <s>O evento VI CONNEPI ocorrerá entre 30 de Novembro e 2 de Dezembro, e será organizado pelo IFS .</s>
    <s>!icone calendario</s>
    <s>As submissões serão aceitas entre 20/08/2011 e 30/09/2011. FORAM PRORROGADAS!!</s>
    <s>!icone calendario</s>
    <s>O sistema estará indisponível em 02/07/2011.</s>
    <s>!icone calendario</s>
    <s>As estatísticas, acerca das avaliações, estarão disponíveis a partir de 30/10/2011</s>
    <s>O IFS ofertará prêmios para os melhores artigos!</s>
    <s>Conhecendo Sergipe</s>
    <s>Aracaju e Redondezas</s>
    <s>I F S</s>
    <s>Áreas Temáticas</s>
    <s>Melhor visualizar no Firefox Domingo, 16 de Outubro de 2011</s>
    <s>!Narrow screen resolution</s>
    <s>!Wide screen resolution</s>
    <s>!Wide screen resolution</s>
    <s>!Increase font size</s>
    <s>!Default font size</s>
    <s>!Decrease font size</s>
    <s>CADASTRO AUTOR / LOGIN GERAL</s>
    <s>VI CONNEPI</s>
    <s>Página de Apresentação</s>
    <s>Qua, 16 de Fevereiro de 2011 11:04</s>
    <s>O VI Congresso de Pesquisa e Inovação da Rede Norte Nordeste de Educação Tecnológica (CONNEPI 2011) é um evento anual promovido pela Rede Norte Nordeste de Educação Profissional e Tecnológica e pela Secretaria de Educação Tecnológica (SETEC) do Ministério da Educação. Ao longo dos anos, o CONNEPI tornou-se um dos mais importantes eventos científicos da rede de educação tecnológica. A importância do CONNEPI pode ser observada pelo crescente número de submissões de trabalhos e de participantes nas últimas edições.</s>
    <s>Em sua 6ª edição, o congresso será realizado de 30 de Novembro a 02 de Dezembro de 2011 na cidade de Aracaju - SE. A coordenação do evento está sob a responsabilidade do Instituto Federal de Sergipe. O evento será composto de sessões técnicas orais, apresentação de pôsteres, oficinas e minicursos. Chamadas específicas para as diversas atividades do CONNEPI 2011 serão oportunamente divulgadas.</s>
    <s>Título: VI Congresso de Pesquisa e Inovação da Rede Norte e Nordeste de Educação Tecnológica - CONNEPI - 2011</s>
    <s>Local: Ainda em definição</s>
    <s>Período: 30 de Novembro a 02 de Dezembro de 2011.</s>
    <s>Público Alvo: Professores, técnicos, pesquisadores e estudantes da Rede Norte Nordeste de Educação Profissional e Tecnológica e áreas afins que pertençam a instituições de ensino e de pesquisa, empresas e indústrias, além de profissionais autônomos.</s>
    <s>Área de Abrangência: Principalmente as Instituições pertencentes ao Sistema de Educação Profissional e Tecnológica das Regiões Norte e Nordeste.</s>
    <s>Número máximo de participantes: 1500.</s>
    <s>Número máximo de trabalhos selecionados: 1000.</s>
    <s>TEMÁTICA DO EVENTO</s>
    <s>O VI CONNEPI propõe como tema central: &quot;Tecnologia inovadora sustentável: Ações afirmativas, equidade e promoção da qualidade de vida&quot;.</s>
    <s>ORGANIZAÇÃO GERAL DO VI CONNEPI</s>
    <s>Caberá ao Instituto Federal de Educação, Ciência e Tecnologia de Sergipe, por meio da Pró-Reitoria de Pesquisa e Extensão (PROPEX) que coordena as ações referentes ao VI CONNEPI. Conta-se ainda com a colaboração de todos os diretores e estagiários, bem como dos técnicos administrativos dos diversos setores – Pró-Reitorias de Administração, Ensino e Extensão.</s>
    <s>NATUREZA DO EVENTO</s>
    <s>O VI CONNEPI constitui-se em um fórum de discussões e intercâmbios de conhecimento científico e tecnológicos nas diversas áreas temáticas. As áreas de conhecimento, objeto de pesquisas nas Instituições envolvidas, serão abordadas e agrupadas de forma a acomodar as tendências atuais e futuras de divulgação e exploração dos conhecimentos, pelos meios acadêmicos, científicos e produtivos, no âmbito do Sistema de Educação Profissional e Tecnológica.</s>
    <s>Para atingir os objetivos propostos no evento, foi constituído um Comitê Científico, formado por professores, pesquisadores e especialistas das diversas áreas. Este Comitê desenvolverá um rigoroso processo de avaliação e seleção dos trabalhos, visando garantir a qualidade das contribuições técnicas a serem</s>
    <s>Objetivo Geral</s>
    <s>Constituir um fórum comum de discussão técnico-científica e de debate entre profissionais do Sistema de Educação Profissional e Tecnológica em suas áreas afins.</s>
    <s>Objetivos Específicos</s>
    <s>Congregar e promover a troca de experiências, por meio da integração e discussões entre os grupos de pesquisadores das diversas instituições de ensino e de pesquisa e profissionais do setor produtivo em suas diversas áreas de atuação;</s>
    <s>Promver reflexões sobre o atual modelo de desenvolvimento da pesquisa no Sistema de Educação Profissional e Tecnológica, bem com construir alternativas para a elaboração e desenvolvimento de trabalhos em rede, visando minorar os problemas sociais e ambientais das regiões em que estão inseridos;</s>
    <s>Contextualizar os participantes do congresso no que se refere às questões de educação, pesquisa e a integração com o setor produtivo e a sociedade;</s>
    <s>Expor os resultados de pesquisas realizadas pelas instituições presentes ao evento, ampliando a visão em torno da área de atuação do profissional, permitindo que outros grupos compartilhem os resultados;</s>
    <s>Formular ações integradas, para atuar junto aos arranjos produtivos locais e regionais, no desenvolvimento da pesquisa aplicada;</s>
    <s>Divulgar e destacar a Educação Profissional e Tecnológica junto à sociedade.</s>
    <s>A EQUIDADE NO VI CONNEPI</s>
    <s>A educação brasileira tem sido apontada pelas pesquisas oficiais, assim como pelos movimentos sociais e em especial pelo movimento negro e pelas representações de pessoas com necessidades específicas (deficientes, superdotados, com transtornos globais do desenvolvimento, em vulnerabilidade social e anciãos), como um espaço no qual persistem históricas desigualdades sociais e étnicas. Essa situação exige a adoção de políticas e práticas de reparação e superação das desigualdades dentro da educação. O debate sobre inclusão,diversidade e equidade na educação, começa a ocupar um lugar priorizado possibilitando indagações, desafios e redirecionamentos das políticas e das práticas realizadas pela gestão dos sistemas de ensino e pelas escolas.</s>
    <s>Nesse contexto, a integração da política educacional e política de ação afirmativa, deve ser imposta como uma estratégia de articulação em torno das demandas dos portadores de necessidades especiais e grupos étnicos raciais com iniciativas conjuntas e focalizadas nesses públicos, não só nos campos de assistência social, como também na inclusão digital, cultura e esporte, além da educação formal. O Instituto Federal de Sergipe se caracterizou como o primeiro da rede a oferecer vagas em seus cursos regulares para pessoas com necessidades especiais, a exemplo de cadeirantes, deficientes auditivos e visuais, entre outros. Nesse sentido, o VI CONNEPI aborda, em seu tema central, A Equidade e a Promoção da Qualidade de Vida, inserindo portadores de necessidades especiais em sua programação, viabilizando a participação desses alunos, possibilitando acessibilidade física e as informações traduzidas por meio de especialistas na linguagem de libra, sinalização especial e alfabeto Braille. A Secretária de Inclusão Social da SETEC/MEC participará do evento contribuindo com uma mostra científica com resultados de trabalhos voltados para melhora na qualidade de vida desses indivíduos.</s>
    <s>PROGRAMAÇÃO CIENTÍFICA</s>
    <s>O Congresso envolverá uma conferência de abertura, mini-cursos e sessões-técnicas com apresentações orais e em painéis, relacionadas às áreas temáticas do mesmo e fóruns temáticos específicos.</s>
    <s>Última atualização em Qua, 05 de Outubro de 2011 00:42</s>
    <s>Pessoas Envolvidas</s>
    <s>Manual do Coordenador</s>
    <s>Manual do Avaliador</s>
    <s>Cadastro de Avaliador</s>
    <s>Manual do Autor</s>
    <s>Modelo de Artigo (.doc)</s>
    <s>Modelo de Artigo (.pdf)</s>
    <s>Modelo de Pôster (.pptx)</s>
    <s>Modelo de Pôster (.pdf)</s>
    <s>Regras para submissão</s>
    <s>Área Restrita</s>
    <s>Melhores Artigos</s>
    <s>Enquete Público</s>
    <s>Quem mais participa?</s>
    <s>Profissional Liberal</s>
    <s>Enquete Satisfação</s>
    <s>Sua satisfação, com a resolução de problemas técnicos, está:</s>
    <s>Datas Importantes</s>
    <s>Sistema Indisponível</s>
    <s>!icone calendario Em:</s>
    <s>Início Submissão Artigos</s>
    <s>!icone calendario</s>
    <s>A partir de 20/08/2011</s>
    <s>Término Submissão Artigos</s>
    <s>!icone calendario (PRORROGADO):</s>
    <s>Até 30/09/2011</s>
    <s>Estatísticas Disponíveis</s>
    <s>!icone calendario (DATA PROVÁVEL):</s>
    <s>A partir de 30/10/2011</s>
    <s>Data do Evento</s>
    <s>!icone calendario De 30/11 a 02/12 de 2011</s>
    <s>Problemas Técnicos</s>
    <s>I F S</s>
    <s>M E C</s>
    <s>Enquete Impacto</s>
    <s>O maior impacto do CONNEPI é?</s>
    <s>Receber Notícias</s>
    <s>Enquete CONNEPI</s>
    <s>Sua satisfação, com o VI CONNEPI, está:</s>
    <s>O Instituto Federal de Educação, Ciência e Tecnologia de Sergipe é extremamente importante na formação da comunidade jovem de Sergipe, oferta vários cursos de nível técnico e superior, e é responsável por inúmeras obras socias.</s>
    <s>Empresa Brasileira de Pesquisa Agropecuária, cuja missão é viabilizar soluções de pesquisa, desenvolvimento e inovação para a sustentabilidade da agricultura, em benefício da sociedade brasileira.</s>
    <s>A REDENET atualmente é formada por 17 instituições de educação profissional e tecnológica do norte e nordeste. Dirigentes dessas Instituições têm procurado avançar na integração e cooperação entre essas unidades federais (fortalecendo a indissociabilidade entre ensino, pesquisa e extensão).</s>
    <s>Copyright (C) IFS VI CONNEPI ..::::.. TELEFONES: (079) 3711-3230 &amp; (079) 3711-3232 ..::::.. E-MAIL: connepi2011@ifs.edu.br.</s>
    <s>!default style</s>
    <s>!blue style</s>
    <s>!red style</s>
  </text>
</page>
