<?xml version="1.0" encoding="UTF-8"?>
<!DOCTYPE page SYSTEM "page.dtd">
<page>
  <lang>pt</lang>
  <url>http://bpmlisbon2011.ipbpm.pt/pt/oportunidades_patrocinio_2011</url>
  <title>Oportunidades de Patrocínio | IPBPM</title>
  <snippet>
    <s>As oportunidades de patrocínio disponíveis em formato limitado </s>
  </snippet>
  <text>
    <s>Conferência 1º Dia</s>
    <s>Conferência 2º Dia</s>
    <s>Mesas Redondas</s>
    <s>Oportunidades de Patrocínio</s>
    <s>Eventos Anteriores</s>
    <s>BPM Lisbon 2008</s>
    <s>BPM Lisbon 2009</s>
    <s>BPM Lisbon 2010</s>
    <s>!Club BPM Spain</s>
    <s>Oportunidades de Patrocínio</s>
    <s>As oportunidades de patrocínio disponíveis em formato limitado (4 OURO, 10 PRATA) serão atribuídas por ordem de confirmação.</s>
    <s>APOIOS 1000€</s>
    <s>4 inscrições gratuitas na conferência</s>
    <s>2 inscrições gratuitas na conferência</s>
    <s>1 inscrição gratuitas na conferência</s>
    <s>2 slot's para apresentação</s>
    <s>1 slot para apresentação</s>
    <s>Distribuição de documentação</s>
    <s>Espaço de exposição</s>
    <s>Inserção logo patrocinador no Site BPM Lisbon 2011</s>
    <s>Inserção logo patrocinador no IPBPM</s>
    <s>Inserção do logo patrocinador no Stand Up no local do evento</s>
    <s>Inserção do logo patrocinador no sitio da divulgação da documentação do BPM</s>
    <s>Utilização do serviço de divulgação de informação aos cerca de 300 contactos (membros e registados no IPBPM)</s>
    <s>*(*) c/ link para o site do Patrocinador</s>
    <s>Cherie Wilkins</s>
    <s>Pascal Ravesteyn</s>
    <s>Ian White</s>
    <s>John Hoogland</s>
    <s>Carlos Araújo</s>
    <s>Prof. Samuel Ho</s>
    <s>Amélia Cardoso</s>
    <s>Pedro Malta</s>
    <s>Luis Gomes</s>
    <s>José Libano Monteiro</s>
    <s>Nuno Pina</s>
    <s>Gil Nadais</s>
    <s>Paulo Moniz</s>
    <s>João Miguel Fernandes</s>
    <s>Fernando P. Belfo</s>
    <s>Jorge Oliveira e Sá</s>
    <s>José Luís Pereira</s>
    <s>Jorge S. Coelho</s>
    <s>Rui Dinis Sousa</s>
    <s>Jorge Soeiro Marques</s>
    <s>Irapuan Noce</s>
    <s>Figueiredo Soares</s>
    <s>!altran apoio</s>
    <s>!logo microsoft</s>
    <s>Redes Sociais</s>
    <s>Suportado em tecnologia opensource</s>
    <s>Este website cumpre as especificações W3C</s>
    <s>Copyright (c) 2008 IPBPM</s>
    <s>Desenvolvido por Openquest</s>
  </text>
</page>
