<?xml version="1.0" encoding="UTF-8"?>
<!DOCTYPE page SYSTEM "page.dtd">
<page>
  <lang>pt</lang>
  <url>http://companhiabro.com/Congressos/3.html</url>
  <title>E Congressos empresas coligadas - 3</title>
  <snippet>
    <s>Início &middot; Empresa &middot; Região &middot; Produtos; Comprando Leads; Login </s>
  </snippet>
  <text>
    <s>Comprando Leads</s>
    <s>A sua localização:Companies &gt; Produtos &gt; Congressos</s>
    <s>E Congressos empresas coligadas</s>
    <s>Ilha Da Madeira(1)</s>
    <s>Castelo Branco(1)</s>
    <s>Hotel Tryp Dona Maria</s>
    <s>hoteis na serra da estrela - Turismo da Serra da Estrela - Turistrela - alojamento na Covilhã - Santa Eufemia - Tryp D. Maria - Hotel na Covilhã - reunião - Cartões Magnéticos - Secador De Cabelo</s>
    <s>Vive a SerraO portal do lazer, entretenimento </s>
    <s>Hotel Quinta dos Três Pinheiros</s>
    <s>Mealhada - Best Western - Quinta dos Três Pinheiros - Discoteca - xmedia - club - expertmedia - Banquetes - Noite - Casamento</s>
    <s>Best Western - Quinta dos Três Pinheiros</s>
    <s>Ftherapy unipessoal, lda</s>
    <s>Massagens ao domicílio - Escritórios - Feiras - Congressos - Eventos Empresariais - Festas E Eventos - Casamentos</s>
    <s>Exceltours - Viagens e Turismo, Lda.</s>
    <s>espanholas - costa - México - Cuba - Lua - Neve - Mallorca - escapadelas - exceltours - Programas de Férias</s>
    <s>Viagens de férias ou trabalho. Agência de viagens </s>
    <s>figuras publicas - modelings - serviço secretariado - conferencias - jogos indoor - jogos outdoor - merchandising - parking boys - valett service - pop ups</s>
    <s>Fundada em 1999 a Eventus consolidou a sua activi </s>
    <s>Empofir - Turismo S.A.</s>
    <s>descansar - Sol - Rio - Ofir - Norte portugal - Ferias - Dormir - Dormidas - Tenis - praia</s>
    <s>Ecomunicação - Audiovisuais</s>
    <s>reportagem vídeo - reportagens video - reportagem video - captações de imagem - captação de imagem - sistemas de conferencia - sistemas de conferência - sistema de conferencia - sistema de conferência - projectores multimedia</s>
    <s>Ecomunicação, Serviços e Equipamentos Audiovisuai </s>
    <s>reportagem vídeo - reportagens video - reportagem video - captações de imagem - captação de imagem - sistemas de conferencia - sistemas de conferência - sistema de conferencia - sistema de conferência - projectores multimedia</s>
    <s>Ecomunicação, Serviços e Equipamentos Audiovisuai </s>
    <s>congress - Passeios Turisticos - Congresso - events - Hoteis - tourism - Congressos</s>
    <s>Luis Novais Machado - Organizador Profissional de </s>
    <s>Organização Eventos - Organização De Feiras - Organização Congresos - Feiras - Congressos - Eventos</s>
    <s>Se você tiver quaisquer comentários ou perguntas?Clique aqui para feedback</s>
    <s>Copyright © 2010-2012, COMPANHIABRO.COM.com, All Rights Reserved. Proibida reproduçãoContacte-nos:COMPANHIABRO.COM@gmail.com</s>
  </text>
</page>
