<?xml version="1.0" encoding="UTF-8"?>
<!DOCTYPE page SYSTEM "page.dtd">
<page>
  <lang>pt</lang>
  <url>http://portal.inep.gov.br/instrucoes-do-em-aberto</url>
  <title>Instruções do Em aberto - Inep</title>
  <snippet>
    <s>Somente serão aceitos gráficos, quadros e tabelas (de preferência, em Excel), A edição do Em Aberto será confiada a um Organizador, que atuará sob a supervisão da incluir um certo número de artigos com dados de pesquisas; O Comitê emitirá seu parecer em trinta (30) dias, a partir do recebimento do material. </s>
  </snippet>
  <text>
    <s>Pular para o conteúdo</s>
    <s>Instituto Nacional de Estudos e Pesquisas Educacionais Anísio Teixeira</s>
    <s>Instruções do Em aberto</s>
    <s>!Aumentar fonte.aumentar fonte</s>
    <s>!Diminuir fonte.diminuir fonte</s>
    <s>Tudo Esta comunidade</s>
    <s>Revistas e Boletins</s>
    <s>Instruções do Em aberto</s>
    <s>Página Inicial</s>
    <s>Educação Básica</s>
    <s>Censo Escolar</s>
    <s>Legislação e Documentos</s>
    <s>Consulta a Matrícula</s>
    <s>Resumos Técnicos</s>
    <s>Censos Especiais</s>
    <s>Profissionais do Magistério</s>
    <s>Educação Infantil</s>
    <s>Educação Indígena</s>
    <s>Educação Profissional</s>
    <s>Cadastro de Escolas</s>
    <s>Fale Conosco</s>
    <s>Prova Brasil e Saeb</s>
    <s>Provinha Brasil</s>
    <s>Portal Ideb</s>
    <s>Prova Docente</s>
    <s>Comitê de Governança</s>
    <s>Construção da Proposta de Matriz</s>
    <s>Discussão da Proposta de Matriz</s>
    <s>Legislação e documentos</s>
    <s>Fale Conosco</s>
    <s>Educação Superior</s>
    <s>Censo da Educação Superior</s>
    <s>Perguntas Frequentes</s>
    <s>Manual do Enade</s>
    <s>Notas Técnicas</s>
    <s>Provas e Gabaritos</s>
    <s>Questionário do Estudante</s>
    <s>Boletim de Desempenho</s>
    <s>Dispensados 2004 a 2009</s>
    <s>Histórico do Estudante</s>
    <s>Relatório de IES</s>
    <s>Relatório de Curso</s>
    <s>Consulta aos Resultados</s>
    <s>Índice Geral de Cursos - IGC</s>
    <s>Estatísticas do IGC</s>
    <s>Nota Técnica</s>
    <s>Relatório Síntese</s>
    <s>Relatório de Presença</s>
    <s>Seminários Enade</s>
    <s>Planilhas para download</s>
    <s>Histórico 1996 - 2003</s>
    <s>ENC - Provão</s>
    <s>Consulta aos resultados (1996 - 2002)</s>
    <s>Relatórios Síntese</s>
    <s>Provas, gabaritos, padrões de resposta e trabelas de especificação</s>
    <s>Relatórios do Curso</s>
    <s>Cursos avaliados</s>
    <s>Perguntas Frequentes</s>
    <s>Notícias do ENC - Provão</s>
    <s>Sistema de Informações da Educação Superior</s>
    <s>Fale Conosco</s>
    <s>Notícias do Enade</s>
    <s>Sistema de Informações da Educação Superior</s>
    <s>Fale Conosco</s>
    <s>Avaliação dos Cursos de Graduação</s>
    <s>Legislação e Normas</s>
    <s>Cronograma / Cursos em Avaliação</s>
    <s>Perguntas Frequentes</s>
    <s>Fale Conosco</s>
    <s>Avaliação Institucional</s>
    <s>Cronogramas de Avaliação Institucional Externa / Recredenciamento</s>
    <s>EAD 2011</s>
    <s>EAD 2009 - 2010</s>
    <s>Legislação e Normas</s>
    <s>Índice Geral de Cursos - IGC</s>
    <s>Perguntas Frequentes</s>
    <s>Fale Conosco</s>
    <s>Entenda o Sinaes</s>
    <s>Autorização de funcionamento das IES</s>
    <s>Fale Conosco</s>
    <s>Banco de Avaliadores</s>
    <s>Novos Avaliadores</s>
    <s>Perguntas Frequentes</s>
    <s>Fale Conosco</s>
    <s>Conheça a CTAA</s>
    <s>Regimento Interno</s>
    <s>Portarias de nomeação/ dispensa de membros</s>
    <s>Atas das Reuniões</s>
    <s>Legislação e Normas</s>
    <s>Fale Conosco</s>
    <s>Revalidação de Diploma Médico</s>
    <s>Provas e Gabaritos</s>
    <s>IES parceiras</s>
    <s>Projeto Piloto 2010</s>
    <s>Fale Conosco</s>
    <s>Outras Ações</s>
    <s>Banco Nacional de Itens</s>
    <s>Critérios para convocação</s>
    <s>1º Evento de Elaboração de Itens de 2010 (EEI)</s>
    <s>Critérios de aceitação dos itens</s>
    <s>Fale Conosco</s>
    <s>Perfil dos Profissionais Certificados/Àrea de Atuação</s>
    <s>Legislação e Documentos</s>
    <s>Provas e Gabaritos da Prova Objetiva</s>
    <s>Relatórios Técnicos</s>
    <s>Material Para Estudo</s>
    <s>Fale Conosco</s>
    <s>Laboratório de Experiências Inovadoras em Gestão Educacional</s>
    <s>Observatório da Educação</s>
    <s>Informações Estatísticas</s>
    <s>Consulta Ideb</s>
    <s>Microdados para download</s>
    <s>Fale Conosco</s>
    <s>Sinopses Estatísticas</s>
    <s>Sinopses Educação Básica</s>
    <s>Sinopses Educação Superior</s>
    <s>Investimentos Públicos em Educação</s>
    <s>Receita Total</s>
    <s>Receita Total Federal</s>
    <s>Receita Total Estadual</s>
    <s>Receita Total Municipal</s>
    <s>Demonstrativo de MDE</s>
    <s>Demonstrativo de MDE Federal</s>
    <s>Despesas Públicas em Educação</s>
    <s>Investimentos por Aluno por Nível de Ensino- Valores Nominais</s>
    <s>Investimentos por Aluno por Nível de Ensino- Valores Reais</s>
    <s>Investimentos por estudante cumulativos ao longo dos estudos</s>
    <s>Despesas em Educação por Natureza - Federal</s>
    <s>Despesas em Educação por Natureza - Estadual</s>
    <s>Despesas em Educação por Natureza - Municipal</s>
    <s>Indicadores Financeiros Educacionais</s>
    <s>Indicadores Financeiros Internacionais</s>
    <s>Organização para a Cooperação e Desenvolvimento Econômico (OCDE)</s>
    <s>Indicadores Mundiais em Educação (WEI)</s>
    <s>Artigos e Publicações</s>
    <s>Fale Conosco</s>
    <s>Data Escola Brasil</s>
    <s>Edudata Brasil</s>
    <s>Indicadores Educacionais</s>
    <s>Ações Internacionais</s>
    <s>Países participantes</s>
    <s>Universo avaliado</s>
    <s>Marcos referenciais</s>
    <s>PISA em Foco</s>
    <s>Grupo Ibero-americano do Pisa</s>
    <s>O PISA e o Ideb</s>
    <s>Fale Conosco</s>
    <s>Estrutura do Exame</s>
    <s>Resultados individuais</s>
    <s>Postos Aplicadores</s>
    <s>Acessar Sistema Administrador</s>
    <s>Cadastro de Colaboradores</s>
    <s>Fale Conosco</s>
    <s>Estudos regionais comparativos</s>
    <s>Fale Conosco</s>
    <s>Estatísticas educacionais</s>
    <s>O que é</s>
    <s>UOE Data Collection</s>
    <s>Working Party</s>
    <s>Network on the outcomes of learning (LSO)</s>
    <s>Network on system-level information (NESLI)</s>
    <s>Education at a Glance</s>
    <s>O que é</s>
    <s>World Education Indicators - WEI</s>
    <s>WEI Regular</s>
    <s>Task Force on Education Statistics</s>
    <s>Conferência de Genebra e Reunião Ministerial do E-9</s>
    <s>Sistema de Informação Regional sobre Necessidades Educativas Especiais – SIRNEE</s>
    <s>PRELAC e PRIE</s>
    <s>Outros Organismos</s>
    <s>Fale Conosco</s>
    <s>Pesquisa TALIS</s>
    <s>Características da Pesquisa</s>
    <s>TALIS 2008</s>
    <s>TALIS 2013</s>
    <s>Fale Conosco</s>
    <s>Mercosul Educacional</s>
    <s>GGP Indicadores</s>
    <s>GGP Terminologia</s>
    <s>Fale Conosco</s>
    <s>Redes de Certificação ou Acreditação</s>
    <s>Fale Conosco</s>
    <s>Centro de Informação</s>
    <s>Conheça o Cibec</s>
    <s>Pesquisa Acervo</s>
    <s>Obras Raras e Especiais</s>
    <s>Biblioteca Virtual de Educação</s>
    <s>Thesaurus Brasileiro da Educação</s>
    <s>O que é o Thesaurus</s>
    <s>Matriz Conceitual</s>
    <s>Estrutura do Thesaurus</s>
    <s>Links Interessantes</s>
    <s>Bibliografias Temáticas</s>
    <s>Acesso as Bibliografias</s>
    <s>Fale Conosco</s>
    <s>Legislação Educacional (ProLEI)</s>
    <s>Programa Conheça a Educação</s>
    <s>Memória 2003</s>
    <s>Memória 2002</s>
    <s>Memória 2001</s>
    <s>Memória 2000</s>
    <s>Memória 1999</s>
    <s>Perguntas Frequentes</s>
    <s>Fale com o Cibec</s>
    <s>Revistas e Boletins</s>
    <s>RBEP On-line</s>
    <s>Instruções do Em aberto</s>
    <s>Em Aberto</s>
    <s>Textos para discussão</s>
    <s>Boletim na medida</s>
    <s>Web revista Na Prática</s>
    <s>Itaiçaba - CE</s>
    <s>Igrejinha - RS</s>
    <s>Fale Conosco</s>
    <s>Informativo do Inep</s>
    <s>Conheça o Inep</s>
    <s>Estrutura Organizacional</s>
    <s>Finalidades e Atribuições</s>
    <s>Gestão do Inep</s>
    <s>Anos Anteriores</s>
    <s>Fale Conosco</s>
    <s>Gestão de Pessoas</s>
    <s>Procedimentos para a posse</s>
    <s>Formulários/ Declarações</s>
    <s>Requisitos e Documentação</s>
    <s>Exames médicos</s>
    <s>Editais e Portaria</s>
    <s>Por que trabalhar no Inep</s>
    <s>Material de apoio</s>
    <s>Fale Conosco</s>
    <s>Planejamento e Orçamento</s>
    <s>Processos de Contas Anuais</s>
    <s>Fale Conosco</s>
    <s>Consultor por produto</s>
    <s>Sala de Imprensa</s>
    <s>Todas as Notícias</s>
    <s>Lista de RSS</s>
    <s>Fale com a Imprensa</s>
    <s>Publicações do Inep</s>
    <s>Guia de Sistemas</s>
    <s>Mapa do Site</s>
    <s>Fale Conosco</s>
    <s>Instruçoes para Organizaçao do Em Aberto</s>
    <s>1. Apresentaçao</s>
    <s>Criado em 1981, o Em Aberto e um periodico monotematico, com periodicidade irregular (trimestral ate 1996), cuja finalidade e estimular e promover a discussao de questoes atuais e relevantes da educaçao brasileira, trazendo sempre opinioes divergentes ou confrontando pontos de vista. É largamente utilizado como material didatico nos cursos de graduaçao e de pos-graduaçao.</s>
    <s>A participaçao dos leitores, autores e colaboradores faz-se mediante o envio de propostas para a organizaçao de numeros tematicos. As propostas serao analisadas pelo Inep.</s>
    <s>Com a finalidade de orientar os leitores e colaboradores no encaminhamento de suas propostas, apresentamos as normas que devem ser seguidas e os compromissos envolvidos na produçao do Em Aberto.</s>
    <s>2. Estrutura e Organizaçao do Em Aberto</s>
    <s>O Em Aberto aborda em cada numero um tema considerado relevante para a reflexao e o debate sobre a educaçao brasileira, trazendo sempre opinioes divergentes ou confrontando pontos de vista sobre o tema considerado.</s>
    <s>As propostas para a organizaçao do Em Aberto poderao ser encaminhadas a partir de:</s>
    <s>1. Temas de interesse da comunidade cientifica;</s>
    <s>2. novos temas indicados pelo Inep.</s>
    <s>2.1. Estrutura</s>
    <s>O Em Aberto, cuidando-se para que ele se mantenha na faixa entre 150/200 paginas, compreende tres seçoes:</s>
    <s>1. &quot;Enfoque&quot;, que aborda as principais dimensoes do tema e apresenta os artigos, sendo o texto condutor da publicaçao, com cerca de 30 laudas.</s>
    <s>2. &quot;Pontos de Vista&quot;, que privilegia as diferentes perspectivas de abordagem sobre o tema em referencia. Possui um maximo de oito textos de, aproximadamente, 20 laudas cada um.</s>
    <s>3. &quot;Bibliografia&quot;, que traz um levantamento bibliografico, nacional e internacional, sobre o tema enfocado.</s>
    <s>2.2. Organizaçao</s>
    <s>Quando da organizaçao de cada numero do Em Aberto, deverao ser considerados os seguintes criterios para o recebimento de originais:</s>
    <s>os originais deverao ser encaminhados em papel formato A-4 (3 copias) e em disquete ou CD, ou ainda mediante correio eletronico, em arquivo formato Word, digitados em espaço 2, com extensao maxima de 20 laudas (de 1.400 caracteres, com espaço, cada lauda).</s>
    <s>as ilustraçoes deverao ser limitadas a compreensao do texto e poderao ser enviadas em papel, desde que possuam nitidez, ou em meio magnetico com, no minimo, 200 dpi de resoluçao (nao serao aceitas copias xerox ou fax). Somente serao aceitos graficos, quadros e tabelas (de preferencia, em Excel), desenhos e mapas, se em condiçoes de facil reproduçao.</s>
    <s>as referencias bibliograficas devem ser completas e elaboradas de acordo com a norma NBR 6.023, da Associaçao Brasileira de Normas Tecnicas (ABNT);</s>
    <s>devem constar do trabalho, finalmente, informaçoes quanto a titulaçao academica do autor, a instituiçao outorgante, a atividade que desempenha e ao orgao ou entidade a que se encontra vinculado.</s>
    <s>3. Requisitos para o Organizador e os Autores</s>
    <s>A ediçao do Em Aberto sera confiada a um Organizador, que atuara sob a supervisao da Diretoria de Tratamento e Disseminaçao de Informaçoes Educacionais (DTDIE).</s>
    <s>O Organizador devera ter doutorado reconhecido pelo MEC, produçao academica, competencia e atualizaçao no tema.</s>
    <s>O Organizador e os Autores de textos para a seçao &quot;Pontos de Vista&quot; deverao encaminhar curriculo-sintese ao Inep, contendo dados pessoais (nome, endereço, CEP, RG, CPF, fone, fax, e-mail), acompanhado de declaraçao de cessao dos direitos autorais ao Inep.</s>
    <s>4. Competencias do Organizador</s>
    <s>4.1. Apresentar proposta em duas (2) paginas, contendo a problematizaçao e a justificativa do tema e a indicaçao de cinco (5) provaveis autores, observada a diversidade epistemologica do debate.</s>
    <s>4.2. Elaborar o texto da seçao &quot;Enfoque&quot; - estabelecendo a tematica geral e sintetizando as linhas dos artigos da seçao &quot;Pontos de Vista&quot; - e efetuar o levantamento bibliografico (comentado e nao apenas uma relaçao de textos) da seçao &quot;Bibliografia&quot;.</s>
    <s>4.3. Selecionar e contatar os articulistas para a seçao &quot;Pontos de Vista&quot;, coordenando o trabalho deles e orientando-os na preparaçao dos originais.</s>
    <s>4.3.1. Quanto aos articulistas, o Organizador devera incluir nomes vinculados a instituiçoes diversas (inclusive do exterior) e que possuam competencia no tema.</s>
    <s>4.3.2. Quanto aos textos, o Organizador devera:</s>
    <s>- incluir um certo numero de artigos com dados de pesquisas;</s>
    <s>- no caso de artigos teoricos ou de revisao da literatura, dar preferencia a pesquisadores experientes.</s>
    <s>4.4. Escolher e aprovar os textos, enviando-os conforme os criterios de apresentaçao definidos nestas Instruçoes.</s>
    <s>5. Competencias do Comite Editorial e da DTDIE</s>
    <s>5.1. Estabelecer os prazos para as diversas etapas de preparaçao das ediçoes, inclusive para a produçao e a entrega de textos pelo Organizador.</s>
    <s>5.2. Supervisionar o desenvolvimento dos trabalhos relacionados com a produçao do Em Aberto, podendo requerer informaçoes e apresentar sugestoes ao organizador, visando ao aperfeiçoamento do numero.</s>
    <s>5.3. Aprovar o projeto de publicaçao do Organizador.</s>
    <s>5.4. Encaminhar os trabalhos para o setor de preparaçao de originais, onde serao adequados ao padrao da publicaçao.</s>
    <s>O conteudo final devera ser encaminhado em noventa (90) dias, a partir da aprovaçao da proposta pelo Comite Editorial.</s>
    <s>O Comite emitira seu parecer em trinta (30) dias, a partir do recebimento do material.</s>
    <s>Comite Editorial</s>
    <s>!Periódicos Periódicos</s>
    <s>Instruções para organização do Em Aberto</s>
    <s>Instruções para organização da RBEP</s>
    <s>!Fique de olho Fique de olho</s>
    <s>Atendimento ao usuario e treinamento</s>
    <s>Seminario qualidade na Educaçao</s>
    <s>!Conheça o Cibec Conheça o Cibec</s>
    <s>Fotos do Cibec</s>
    <s>!Contato - Cibec Contato - Cibec</s>
    <s>Esplanada dos Ministérios, Ministério da Educação, Bloco L, Ed. Sede, térreo. Zona Cívico-administrativa.</s>
    <s>CEP: 70047-900 Brasília – DF</s>
    <s>(61) 2022-3960</s>
    <s>(61) 2022- 3951</s>
    <s>(61) 2022-3962</s>
    <s>E-mail: cibec@inep.gov.br</s>
    <s>(C) 2011 Inep. Todos os direitos reservados. SRTVS Quadra 701, Bloco M, Edifício Sede do Inep - CEP 70340-909 Brasília - DF</s>
    <s>topo da página!</s>
  </text>
</page>
