<?xml version="1.0" encoding="UTF-8"?>
<!DOCTYPE page SYSTEM "page.dtd">
<page>
  <lang>pt</lang>
  <url>http://bestbuydoc.com/pt/doc-file/2694/conhe%25C3%25A7a-mais-sobre-o-administrador.html</url>
  <title>Conheça mais sobre o administrador</title>
  <snippet>
    <s>19 set. 2011 siga as instruções de utilização deste tutorial para que você conheça . nações participantes da Conferência das Nações Unidas sobre o </s>
  </snippet>
  <text>
    <s>Arquivo MS Word Banco de dados de documentos educativos: resumos, tese, cursos de extensão. Download Grátis</s>
    <s>Para fazer o download do documento, digite o código da imagem. Registrado somente aos usuários obter acesso para baixar documentos</s>
    <s>( Registo Login )</s>
    <s>!Atualizar imagem</s>
    <s>Documentos relacionados:</s>
    <s>Administrador de redeAdministrador de RedeDescrição do CargoExecuta tarefas para garantir o bom funcionamento de equipamentos, cabeamentos, tomadas de rede, placas, o perfeito funcionamento de sistemas operacionais. Cuida da segurança das informações, verificar os tempos de resposta da rede detectar problemas de tráfego, localizá-los e solucioná-los.FormaçãoEsta é uma área da ciência da computação dedicada ao gerenciamento das informações geradas e distribuídas nas redes de computadores.Formação BásicaPara ser um Administrador de rede é recomendável ter formação universitária em sistemas de informação, ciência da computação ou engenharia da computação e cursos complementares em informática e rede</s>
    <s>Imersos na tecnologia e mais espertosIMERSOS NA TECNOLOGIA – E MAIS ESPERTOSAs crianças e os adolescentes de hoje vivem cercados de videogame, computador, TV e DVD. As últimas descobertas da ciência dizem que o uso desses recursos na medida certa, ao contrário do que se pensava, pode ajudá-los a afiar a inteligênciaOkky de Souza e Rosana ZakabiNestas férias escolares, pode-se apostar que os 10 milhões de crianças e adolescentes brasileiros que jogam videogame regularmente passarão ainda mais tempo debruçados sobre seus consoles ou computadores. Muitos deles se ocuparão em decifrar os vários estágios do hit do momento, Age of Empires III, game de estratégia que permite ao jogador construir civilizações e é o jogo de maior sucesso da Microsoft nos últimos cinco anos. Outros estarão absortos em disputar corridas vertiginosas em cenários urbanos a bordo do game Need for Speed Most Wanted, mais um favorito da atual temporada. Hoje, é natural que crianças e jovens dediquem boa parte do dia aos games</s>
    <s>Glossário de negóciosversão 0. 3histórico de revisõesdata versão descrição autor 12 08 09 // ONewsONews.Glossário de NegóciosVersão 0.3Histórico de RevisõesData Versão Descrição Autor 12/08/09 0.1 Criação do Documento Fernando, Raphael, Thamiris, Petronio, Victor 18/08/09 0.2 Correção do Glossário de Negócios e Introdução. Thamiris, Petrônio, Victor 19/08/09 0.3 Ajuste dos termos e definições. Fernando Alves, José RaphaelÍndice1. Introdução 031.1 Finalidade 031.2 Escopo 031.3 Referências 031.4 Visão Geral 032. Definições 032.1 Notícia 032.2 Opnião ou Editorial 032.3 Artigo 032.4 Crônica 032.5 Nota 032.6 Chamada 032.7 Texto-Legenda 042.8 Ciência e Tecnologia 042.21.1 Informática 042.21.2 Astronomia 042.21.3 Meio Ambiente e Ecologia 042.9 Classificados 042.10 Cultura 042.11 Economia 042.20.1 Macroeconomia 042.20.2 Mercado Financeiro 042.20.3 Empresa 042.12 Educação 042.13 Esporte 042.14 Geral 042.15 Moda 042.16 Política 042.17 Saúde 042.18 Turismo 042.19 Matéria 042.19.1 Matéria Leve 042.19.2 Suíte 042.19.3 Perfil 042.19.4 Entrevista 052</s>
    <s>Após instalar a versão demo do crocodile physics siga as instruções de utilização deste tutorial para que você conheça alguns dos recursos desta poderosa ferramenta // Crocodile Physics uma ferramenta versátil dedicada ao Ensino de FísicaTutorial.Após instalar a versão demo do Crocodile Physics, siga as instruções de utilização deste tutorial para que você conheça alguns dos recursos desta poderosa ferramenta. Em caso de dúvida, entre em contato conosco através do site www.educareinfo.com.brIntroduçãoEsse software utiliza os melhores recursos do Windows® para transformar o computador em um rico e versátil laboratório interativo de Física, tornando-se uma ferramenta extremamente útil para a construção de simulações em diversas áreas, como: Mecânica, Óptica, Eletricidade, Física Moderna e até mesmo Eletrônica Básica.Você vai descobrir, em poucos passos, como é simples e intuitivo trabalhar com o Crocodile Physics para desenvolver um tópico do programa de modo interativo; construir uma simulação para ilustrar e enriquecer um tema; propor aos alunos a resolução de problemas através da simulação; além de trabalhar na perspectiva de projetos desenvolvidos pelos próprios estudantes</s>
    <s>Cargo administradorANEXO I.PROGRAMASCARGO: ADMINISTRADORCONHECIMENTOS GERAISLÍNGUA PORTUGUESA: 1. Compreensão Textual. 2. Ortogra­fia. 3. Semân­tica. 4. Morfologia. 5. Sintaxe. 6. Pontuação.INFORMÁTICA: 1. Conhecimentos básicos de microcomputadores PC – Hardware. 2. Noções de Sistemas Operacionais - MS-DOS. Noções de sistemas de Windows. 3. Noções do processador de texto MS-Word para Windows. 4. Noções da planilha de cálculo MS-Excel. 5. Noções básicas de Banco de dados. 6. Comunicação de dados. 7. Conceitos gerais de equipamentos e operacionalização.DIREITO ADMINISTRATIVO: 1. Lei nº 9.826, de 14 de maio de 1974 (Estatuto dos Servidores Públicos do Estado do Ceará), Lei nº 12.062, de 12 de janeiro de 1993, Lei nº 12.482, de 28 de julho de 1995 e Lei nº 12.483, de 03 de agosto de 1995. 2. Cargos Públicos. Provimento e Vacância. 3. Regimes Disciplinares dos Servidores Públicos Civis. 4. Da Acumulação. 5. Direitos e Deveres dos Servidores Públicos Civis. 6</s>
    <s>A virtual bookstore apresenta mais uma grande obra de lima barretoA Virtual Bookstore apresenta mais uma grande obra de Lima Barreto: Os Bruzundangas Virtual Bookstore (www.elogica.com.br/virtualstore), a verdadeira livraria virtual da Internet Brasileira. Texto scanneado e passado por processo de reconhecimento óptico de caracteres (OCR) por Renato Lima ( Agradecemos a Aportis ( e a OneTap ( pela doação de ferramentas para o Palm Pilot. Precisamos de vocêNecessitamos de donativos para incrementar o nosso desenvolvimento de LivrosPrecisamos de publicidade para manter a página onlineSe você quiser ajudar, visite Esse arquivo pode ser redistribuído livremente, desde que mantidas as informações acima. Hais tous maux où qu'ils soient, très doux Fils. Joinville. São Luís. PREFÁCIO NA Arte de furtar, que ultimamente tanto barulho causou entre os eruditos, há um capítulo, o quarto, que tem como ementa esta singular afir‑ mação: &quot;Como os maiores ladrões são os que têm por oficio livrar‑nos de outros ladrões&quot;</s>
    <s>Resumo de direito administrativo</s>
    <s>Reações químicas.classificação das reações químicasas reações químicas mais comum são þ reação de síntese ou adiçãoquando duas ou mais substâncias reagem produzindo uma // I Classificação das Reações QuímicasREAÇÕES QUÍMICAS.Classificação das Reações QuímicasAs reações químicas mais comum são:Þ REAÇÃO DE SÍNTESE OU ADIÇÃOQuando duas ou mais substâncias reagem, produzindo uma única substância mais complexa:(*) C + O2 CO2É a queima do carvão(*) 4Fe + 3 O2 2 Fe2 O3ocorre, quando o ferro enferruja(*) S + O2 S O2basta “por fogo” no enxofre sólido; mas cuidado, pois o S O2 é um gás muito tóxico.2 H2 + O2 2 H2 O2 C O + O2 2 C O2(*) Ca O + H2 O Ca (OH)2Ca O é a “cal virgem, comprada em lojas de material de construção.A reação de síntese é denominada:Þ Síntese total: quando partimos apenas das substâncias simples ( 1º , 2º e 3º exemplo acima ).Þ Síntese parcial: quando, dentre os reagentes, já houver no mínimo, uma substância composta( 4º e 5º exemplo acima)</s>
    <s>Geografia profº 1. fuvest 2009 considere duas hipóteses sobre a origem do homem americano que teria ocorrido há mais deGEOGRAFIA - PROFº 1. (Fuvest 2009) Considere duas hipóteses sobre a origem do homem americano, que teria ocorrido há mais de 10.000 anos. Hipóteses: I. Migrações oriundas da Ásia, passando pelo estreito de Bering. II. Migrações oriundas da Polinésia, via Oceano Pacífico. Quanto a fatos geográficos que as sustentam, é correto afirmar que a hipótese: a) I apoia-se em uma grande elevação do nível do mar, fato que também teria aumentado a navegabilidade nessa região. b) I explica-se pela ocorrência de glaciações que, diminuindo o nível do mar, teriam unido o Alasca à Sibéria, por terra. c) II associa-se à ocorrência de inúmeras glaciações que teriam melhorado a navegabilidade, justificando a vinda pelas ilhas do Pacífico. d) II relaciona-se à existência de diversas ilhas no Pacífico, que teriam se ligado muitas vezes por terra, durante as glaciações</s>
    <s>Bibliotecas virtuais // Visite mais de 70 bibliotecas pelo computador70 bibliotecas virtuais !!!Sites BrasileirosAlexandria Virtual Acervo variado, de literatura a humor: www.alexandriavirtual.com.brBiblioteca Central Localize os livros das bibliotecas da UFRGS: www.biblioteca.ufrgs.brBiblioteca Digital de Obras Raras Livros completos digitalizados, como um de Lavoisier editado no século 19: www.obrasraras.usp.brBiblioteca do Hospital do Câncer Índice desse acervo especializado em oncologia: www.hcanc.org.br/outrasinfs/biblio/biblio1.htmlBiblioteca do Senado Federal Sistema de busca nos 150 mil títulos da biblioteca: www.senado.gov.br/bibliotecaBiblioteca Mário de Andrade Acervo, eventos e história da principal biblioteca de São Paulo: www.prefeitura.sp.gov.br/mariodeandradeBiblioteca Virtual do Estudante Brasileiro Especializada em literatura e língua portuguesa: www.bibvirt.futuro.usp.brBiblioteca Virtual - Literatura Pretende reunir grandes obras literárias: www.biblio.com</s>
    <s>Viver comVIVER COM HEPATITE cAssuma o comando.Saiba mais.Tenha certeza.Mais de três milhões de americanos vivem atualmente com hepatite C. Se você foi diagnosticado, tenha um papel ativo na sua assistência médica.Você pode tomar decisões que favoreçam o melhor atendimento de saúde a você e aos que estão ao seu redor.Este livreto traz informações que o ajudarão a compreender e administrar a sua doença.Massachusetts Department of Public HealthÍNDICEIntrodução . . . . . . . . . . . . . . . . . . . . . . . . . . . . . . . . . 4Compreensão das noções básicas sobrea hepatite C . . . . . . . . . . . . . . . . . . . . . . . . . . . . . . . . 5◆ O que é a hepatite C? . . . . . . . . . . . . . . . . . . . . . . . . .. . . . . .. 5◆ Como a hepatite C é transmitida? . . . . . . . . . . . . . . . . . . . . . .5◆ Qual a gravidade da hepatite C? . . . . . . . . . . . . . . . . . . . . . .7Viver com a hepatite:como manter o seu fígado saudável . . . . . . . . . . .</s>
    <s>Agenda21Atualidades.Agenda 21, denominação dada a um dos acordos mais importantes assinado pelas nações participantes da Conferência das Nações Unidas sobre o Meio Ambiente e Desenvolvimento — conhecida como Eco-92 — realizada no Rio de Janeiro (ver Desenvolvimento sustentável). Contém mais de 2.500 recomendações para criar melhores condições para a população mundial e a preservação do meio ambiente, no próximo século. Constitui um programa de ação para implementar um modelo de desenvolvimento sustentável que leve à compatibilização das atividades econômicas com os recursos naturais e a qualidade de vida das populações.A agenda 21 está dividida em 4 seções: Dimensões Sociais e Econômicas, Conservação e Gerenciamento dos Recursos para o Desenvolvimento, Fortalecimento dos Principais Grupos Sociais e os Meios de Implementar as Ações Propostas. Seus temas são abordados de forma abrangente</s>
    <s>Introduçãoum dos mais importantes segmentos do mercado de tintas se refere aos produtos utilizados na linha arquitetônica também chamada linha decorativa // APLICAÇÕESAPLICAÇÕES.ARQUITETÔNICAS1 INTRODUÇÃOUm dos mais importantes segmentos do mercado de tintas se refere aos produtos utilizados na linha arquitetônica, também chamada linha decorativa, imobiliária, tintas de revenda para consumo doméstico ou ainda tintas para construção civil. Essa prática remonta aos primórdios dos tempos, quando o homem pré-histórico já pintava suas cavernas, fato que podemos interpretar como pintura decorativa para esses ambientes, e não apenas como efeito artístico.Vários tipos de superfície integram o campo da linha imobiliária e cada um deles apresenta inúmeras particularidades. Tintas aplicadas sobre substratos inertes possuem durabilidade superior àquelas aplicadas sobre superfícies de alvenaria, que são alcalinas; os movimentos da madeira, por exemplo, podem causar a perda de adesão e o conseqüente destacamento da película</s>
    <s>Newton e a astronomiaNewton e a Astronomia S eu trabalho mais importante foi em mecânica celeste, que culminou com a Teoria da Gravitação Universal. Em 1666 Newton tinha versões preliminares de suas tres leis do movimento. Ele descobriu a lei da força centrípeta sobre um corpo em órbita circular. O cometa brilhante que apareceu em 1664 foi observado por Adrien Auzout no Observatoire de Paris, Christian Huygens (1629-1695) na Holanda, Johannes Hevelius em Danzig, e Robert Hooke na Inglaterra. Qual seria sua órbita? Tycho Brahe tinha suporto circular, Kepler dizia que era em linha reta, com a curvatura devido à órbita da Terra, mas as observações indicavam que a órbita fosse intrinsecamente curva, e Johannes Hevelius propôs que fosse elíptica. Em 1665 o francês Pierre Petit, em seu Dissertação sobre a Natureza dos Cometas propôs pela primeira vez que suas órbitas fossem fechadas, e que os cometas de 1618 e 1664 poderiam ser o mesmo cometa</s>
    <s>Conheça mais sobre o administrador</s>
    <s>Propriedades do documento</s>
    <s>!Baixe o arquivo: rtf. Download Grátis. The Rich Text Format: RTF. Format for text and graphics interchange that can be used with different output devices and operating systems. RTF uses the American National Standards Institute (ANSI), Macintosh, or IBM PC</s>
    <s>Текущий 0.00/10</s>
    <s>Parte superior do documento: 0.0/10 (0 Votes)</s>
    <s>Tamanho do arquivo: 0.05 Mb; Páginas definidas: 10</s>
    <s>O tipo de: RTF; ID: pt-2694</s>
    <s>Em teoria, a quantidade de páginas de texto (no formato padrão): 8</s>
    <s>O nome do documento: Conheça mais Sobre o Administrador</s>
    <s>Título da pesquisa: Conheça mais sobre o administrador</s>
    <s>Autor: Simone</s>
    <s>Empresa: Digerati</s>
    <s>Ao adicionar um documento ao diretório: 19-09-2011 // 11:16:03</s>
    <s>As palavras: 3783</s>
    <s>Caracteres no texto: 21566</s>
    <s>Linhas: 179</s>
    <s>O número de parágrafos: 50</s>
    <s>Caracteres com espaços: 25299</s>
    <s>Termos básicos e conceitos no documento: profissional administração profissão administrador ética classe quando conselho trabalho cliente função federal exercício empresa código órgãos qualquer capítulo cargo desenvolvimento</s>
    <s>Interesting? Share this page!:</s>
    <s>Estrutura de documento de imagem</s>
    <s>Um resumo do conteúdo do documento</s>
    <s>Conheça mais Sobre o Administrador</s>
    <s>A ProfissãoAdministração consiste em gerência, controle e direção de empresas públicas ou privadas, tendo como objetivo maior produtividade e lucratividade. Para se chegar a isto, o administrador avalia os objetivos organizacionais e desenvolve as estratégias necessárias para alcançá-los. Este profissional, no entanto, não tem apenas esta função teórica, ele é responsável pela implantação de tudo que planejou e, portanto, vai ser aquele que define os programas e métodos de trabalho, avaliando os resultados e corrigindo os setores e procedimentos que estiverem com problemas.</s>
    <s>Como é função do administrador que a produtividade e os lucros sejam altos, ele também terá a função de fiscalizar a produção e, para isto, é necessário que fiscalize cada etapa do processo, controlando inclusive os equipamentos e materiais envolvidos na produção, para evitar desperdícios e prejuízos para a empresa. Para que tudo seja funcional, o administrador também faz um estudo do aproveitamento da mão-de-obra, atuando, inclusive, na admissão e contratação dos funcionários, estabelece as relações da empresa com contratados, tudo para garantir que o conjunto de fatores seja responsável pelo sucesso da empresa.</s>
    <s>Atividades na área financeira também fazem parte da administração e, em seu cotidiano, o administrador trabalha com elaboração e análise de relatórios e tabelas, além de enfrentar muitos desafios, principalmente quando o trabalho diz respeito à reorganização e implantação de uma empresa ou ainda quando vai lançar um produto no mercado.</s>
    <s>Estudo Tabelas para Banquetes Desvio para o vermelho</s>
    <s>BestBuyDoc.com adiciona a descrição do documento catálogo 'como está'. Nós não vendemos artigos. BestBuyDoc.com não tem nada a ver com os documentos originais adicionados no site por terceiros. BestBuyDoc.com arquivos de índices de acesso gratuito à Internet nos servidores de arquivos adicionados ao diretório de usuários e terceiros. BestBuyDoc.com não se responsabiliza pelo conteúdo dos documentos a serem indexadas.</s>
    <s>Inglês Africâner Bielo-russo Búlgaro Húngaro Holandês Grego Dinamarquês Espanhol Italiano Catalão Letão Lituano Alemão Norueguês Polonês Português Romeno Russo Sérvio Eslovaco Esloveno Suaíle Turco Ucraniano Indonésio Finlandês Francês Croata Tcheco Sueco Estoniano Vietnamita</s>
    <s>Adicionar documentos</s>
    <s>Recordar login e senha</s>
    <s>Alterar dados cadastrais</s>
    <s>Meu gabinete</s>
    <s>Limitação de responsabilidade</s>
    <s>Política de privacidade</s>
    <s>Relacionamento com a administração.</s>
    <s>O site da missão e preços</s>
    <s>Catálogo de documentos de política</s>
    <s>Sair do perfil</s>
    <s>Linguagem de documentos</s>
    <s>!Tempo de execução da página no servidor</s>
    <s>0.0950 s.</s>
    <s>Adicionar documentos</s>
    <s>Documentos de diretório da WEB mundial Português</s>
  </text>
</page>
