<?xml version="1.0" encoding="UTF-8"?>
<!DOCTYPE page SYSTEM "page.dtd">
<page>
  <lang>pt</lang>
  <url>http://sweet.ua.pt/~iscf166/curriculum.htm</url>
  <title>Curriculum</title>
  <snippet>
    <s> de Coimbra. EXPERIÊNCIA PROFISSIONAL. Jun./09 </s>
  </snippet>
  <text>
    <s>PÁGINA PRINCIPAL CURRICULUM PUBLICAÇÕES ENSINO SÍTIOS DE INTERESSE</s>
    <s>FORMAÇÃO ESCOLAR</s>
    <s>Doutoramento em Engenharia Informatica, pela Faculdade de Engenharia da Universidade do Porto.</s>
    <s>Mestrado em Engenharia Electrotecnica e de Computadores, pela Faculdade de Engenharia da Universidade do Porto.</s>
    <s>Licenciatura em Engenharia Electrotecnica - Ramo de Telecomunicaçoes e Electronica , pela Faculdade de Ciencias e Tecnologia da Universidade de Coimbra.</s>
    <s>EXPERIÊNCIA PROFISSIONAL</s>
    <s>Jun./09 </s>
    <s>Investigadora na Unidade de Investigaçao Governança, Competitividade e Politicas Publicas (GOVCOPP) - Grupo de Investigaçao em Competitividade - Universidade de Aveiro.</s>
    <s>Out./04 </s>
    <s>Docencia na categoria de Equiparada a Professora Adjunta, na Área de Informatica do Instituto Superior de Contabilidade e Administraçao - Universidade de Aveiro.</s>
    <s>Mar./04 - Out./04</s>
    <s>Docencia na categoria de Assistente do 2º Trienio, na Área de Informatica do Instituto Superior de Contabilidade e Administraçao - Universidade de Aveiro.</s>
    <s>Julho/03 </s>
    <s>Investigadora convidada do INESC - Porto (Instituto Nacional de Engenharia e Sistemas de Computadores), na Unidade de Engenharia de Sistemas de Produçao (trabalho desenvolvido no ambito do programa de doutoramento).</s>
    <s>Mar/01 - Mar/04</s>
    <s>Docencia na categoria de Assistente do 1º Trienio, na Área de Informatica do Instituto Superior de Contabilidade e Administraçao - Universidade de Aveiro.</s>
    <s>Out./00 - Mar./01</s>
    <s>Docencia na categoria de Assistente do 1º Trienio, no Departamento de Informatica da Escola Superior de Tecnologia de Viseu - Instituto Politecnico de Viseu.</s>
    <s>Fev./99 - Out./00</s>
    <s>Analise de Projectos de Instalaçoes Electricas de 5ª Categoria do Laboratorio Industrial de Qualidade, Associaçao Tecnico Cientifica (LIQ), sendo esta uma Entidade Regional Inspectora de Instalaçoes Electricas (ERIIE) subcontratada pela CERTIEL - Associaçao Certificadora de Instalaçoes Electricas.</s>
    <s>Fev./99 - Out./00</s>
    <s>Participaçao nas Comissoes Tecnicas de Normalizaçao Electrotecnica (CTE), a destacar:</s>
    <s>CTE 23 - &quot;Aparelhagem de Baixa Tensao&quot;</s>
    <s>CTE 59/61 - &quot;Aptidao ao Funcionamento e Segurança Electrica dos Aparelhos Electrodomesticos e Analogos&quot;</s>
    <s>Fev./99- Ago./99</s>
    <s>Docencia da Disciplina de Matematica (em horario nocturno) na Escola Secundaria Jose Estevao, em Aveiro.</s>
    <s>Mar./97 - Out./00</s>
    <s>Funçao de Responsavel Tecnica do Laboratorio de Ensaios do Laboratorio Industrial de Qualidade, Associaçao Tecnico Cientifica (LIQ). O LIQ e um Laboratorio Acreditado pelo IPQ - Instituto Portugues da Qualidade, para a realizaçao de Ensaios e Calibraçoes na Área Electrica.</s>
    <s>Jan./96 - Mar./97</s>
    <s>Curso Jovens Tecnicos para a Industria , contemplando formaçao em sala durante 2 meses e estagio no Laboratorio Industrial de Qualidade (LIQ), desempenhando funçoes de Tecnica de Laboratorio nas areas de Metrologia (Grandezas Electricas, Temperaturas e Pressoes, Grandezas Dimensionais) e Ensaios (Baixa Tensao, Electrodomesticos, Electronica e Compatibilidade Electromagnetica).</s>
    <s>Out./95 - Dez./95</s>
    <s>Docencia da Disciplina de Matematica na Escola Secundaria Serafim Leite, em Sao Joao da Madeira.</s>
    <s>Set./94 - Ago./95</s>
    <s>Docencia da Disciplina de Matematica na Escola Secundaria de Oliveira do Hospital.</s>
    <s>PARTICIPAÇÃO EM CONGRESSOS E CONFERÊNCIAS</s>
    <s>Seminario &quot;Metodos de Previsao para Gestao e Negocios: com aplicaçoes em Excel&quot; (Prof. Jorge Caiado, Universidade Tecnica de Lisboa (CEMAPRE, ISEG)) - Universidade de Aveiro (ISCA), Portugal.</s>
    <s>Canadian Council for Small Business &amp; Entrepreneurship Annual Conference (CCSBE 2010), Calgary, Alberta, Canada. Apresentaçao do artigo &quot; Enterprise Data Warehouses: A Conceptual Framework for a Successful Implementation&quot;.</s>
    <s>5ª Conferencia Iberica de Sistemas y Tecnologias de Informacion (CISTI'2010), Santiago de Compostela, Espanha. Apresentaçao do artigo &quot; Quadro Conceptual para Construçao e Avaliaçao de Data Warehouses&quot;.</s>
    <s>Seminario Bolonha &quot;Garantia da Qualidade e Acreditaçao&quot; - Coimbra, Portugal.</s>
    <s>Encontro &quot;Inovaçao e Qualidade no Ensino Superior&quot; - Comissao Sectorial para a Educaçao e Formaçao (CS/11 - IPQ), Coimbra, Portugal.</s>
    <s>13th Portuguese Conference on Artificial Intelligence (EPIA 2007) - Workshop on General Artificial Intelligence (GAIW), Guimaraes, Portugal. Apresentaçao do Artigo &quot; Composition and Decomposition of Ontologies&quot; .</s>
    <s>8th IFIP Working Conference on Virtual Enterprises (PRO-VE'07), Guimaraes, Portugal. Apresentaçao do Artigo &quot; Ontology Engineering in Virtual Breeding Environments &quot;.</s>
    <s>7th IFIP Working Conference on Virtual Enterprises (PRO-VE'06), Helsinki, Finland. Apresentaçao do Artigo &quot; The socio-technical design of a SME knowledge community in the construction industry &quot;.</s>
    <s>1st International Conference on Information and Knowledge Management in a Global Economy and CIB W102 Annual Meeting, Instituto Superior Tecnico de Lisboa.</s>
    <s>5ª Conferencia da Associaçao Portuguesa de Sistemas de Informaçao, Instituto Superior Tecnico de Lisboa. Apresentaçao do Artigo &quot; Gestao do Conhecimento na Formaçao e Dissoluçao de Redes Inter-Organizacionais: revisao e requisitos de alto-nivel&quot;.</s>
    <s>5th IFIP Working Conference on Virtual Enterprises (PRO-VE'04), Centro de Congressos Pierre Baudis, Toulouse, France. Apresentaçao do Artigo &quot; The Formation and Dissolution of Organizational Networks: A Knowledge Management Perspective &quot;.</s>
    <s>4ª Conferencia da Associaçao Portuguesa de Sistemas de Informaçao, Universidade de Portucalense. Apresentaçao do Artigo &quot; Redes Organizacionais e Desenvolvimento de Sistemas de Informaçao&quot;.</s>
    <s>3ª Conferencia da Associaçao Portuguesa de Sistemas de Informaçao, Departamento de Engenharia Informatica - Universidade de Coimbra. Apresentaçao do Artigo &quot; Utilizaçao da SSM em Ambientes Organizacionais de Engenharia &quot;.</s>
    <s>2ª Conferencia de Sistemas de Informaçao CSI'2001- Soluçoes de Negocio , Escola Superior de Tecnologia e Gestao de Leiria - Instituto Politecnico de Leiria.</s>
    <s>Palestra sobre os Sistemas e Tecnologias da Informaçao e da Comunicaçao nas Organizaçoes - Poderao as limitaçoes dos meios de comunicaçao conduzir a melhores resultados nos trabalhos em grupo? , proferida pelo Prof. Ned Kock, no ISCA - Universidade de Aveiro.</s>
    <s>Seminario do GPCG e APDC - Multimedia e Computaçao Grafica XXI - O Futuro , na FIL em Lisboa.</s>
    <s>1º Coloquio cTIC´2001 - Tecnologias de Informaçao e Comunicaçao para o Desenvolvimento - Experiencias e Perspectivas , Escola Superior de Tecnologia de Viseu - Instituto Politecnico de Viseu.</s>
    <s>16º OSM/LUM - Operation Staff Meeting of Luminaires , em Budapeste (HUNGRIA)</s>
    <s>5º Seminario RELACRE - Credibilizaçao dos Ensaios: Factor de Competitividade , em Lisboa.</s>
    <s>Seminario da H.P.- Compatibilidade Electromagnetica , no Porto</s>
    <s>1ª, 2ª, 3ª, 4ª Feira de Tecnologia &amp; Jobshop (Expotec) e Ciclo de Conferencias da Universidade de Coimbra.</s>
    <s>5º Congresso da Associaça0o Portuguesa para Desenvolvimento da Investigaçao Operacional (A.P.D.I.O.), em Évora.</s>
    <s>COMISSÕES DE TRABALHO NO ISCAA-UA</s>
    <s>Setembro/09 ..</s>
    <s>Membro do Conselho Consultivo da Revista de Estudos do ISCA</s>
    <s>Setembro/08 </s>
    <s>Comissao de Analise dos Inqueritos Pedagogicos</s>
    <s>Setembro/08 </s>
    <s>Comissao de Analise da Distribuiçao de Serviço Docente</s>
    <s>Membro do Juri do Concurso de Consulta Previa para Aquisiçao de Controlo de Acessos</s>
    <s>Julho/03 </s>
    <s>Membro do Conselho Cientifico</s>
    <s>Fev./03 - Set./2005</s>
    <s>Membro da Assembleia de Representantes</s>
    <s>Membro do Juri do Concurso de Recrutamento de um Tecnico Superior de Informatica</s>
    <s>Jan./2002 - Dez./2005</s>
    <s>Coordenadora Pedagogica do PRODEP III - Medida 5 - Acçao 5.1. - Formaçao Continua</s>
    <s>Membro do Juri do Concurso de Consulta Previa para Aquisiçao de Equipamento Audiovisual.</s>
    <s>Vogal na Comissao do Euro - Plano de Transiçao para o Euro.</s>
    <s>EXPERIÊNCIA EM FORMAÇÃO PROFISSIONAL</s>
    <s>Certificado de Registo de Formador emitido pelo Conselho Cientifico-Pedagogico da Formaçao Continua, conferindo competencias pedagogicas para exercer a actividade de formadora nas areas de Informatica (A40) e Tecnologias Educativas (Informatica / Aplicaçao da Informatica)(C15).</s>
    <s>Certificado de Aptidao Profissional emitido pelo Sistema Nacional de Certificaçao Profissional, conferindo competencias pedagogicas para exercer a actividade de formadora nas areas de Informatica e Qualidade.</s>
    <s>Setembro - Outubro/2005</s>
    <s>Formaçao de Apresentaçao em PowerPoint , com a duraçao de 25 horas, no ISCA-UA (PRODEP III).</s>
    <s>Maio - Junho/2005</s>
    <s>Formaçao de Apresentaçao em PowerPoint , com a duraçao de 25 horas, no ISCA-UA (PRODEP III).</s>
    <s>Outubro - Novembro/2004</s>
    <s>Formaçao de Folha de Calculo EXCEL , com a duraçao de 30 horas, no ISCA-UA (PRODEP III).</s>
    <s>Setembro - Outubro/2004</s>
    <s>Formaçao de Apresentaçao em PowerPoint , com a duraçao de 25 horas, no ISCA-UA (PRODEP III).</s>
    <s>Maio - Julho/2004</s>
    <s>Formaçao de Conceitos Basicos de Informatica , com a duraçao de 50 horas, no ISCA-UA (PRODEP III).</s>
    <s>Junho /2004</s>
    <s>Formaçao de EXCEL , com a duraçao de 30 horas, no ISCA-UA (POEFDS).</s>
    <s>Novembro - Dezembro/2003</s>
    <s>Formaçao de Folha de Calculo EXCEL , com a duraçao de 30 horas, no ISCA-UA (PRODEP III).</s>
    <s>Setembro - Outubro/2002</s>
    <s>Formaçao de Conceitos Basicos de Informatica , com a duraçao de 50 horas, no ISCA-UA (PRODEP III).</s>
    <s>Maio - Junho/2002</s>
    <s>Formaçao de Conceitos Basicos de Informatica , com a duraçao de 50 horas, no ISCA-UA (PRODEP III).</s>
    <s>Formaçao de Windows 95 e Word 97 , com a duraçao de 30 horas, na APOLO CERÂMICAS.</s>
    <s>FORMAÇÃO PROFISSIONAL</s>
    <s>Curso em Introduçao a Analise Estatistica com R, ministrado pela We Value, Lisboa, com a duraçao de 14 horas.</s>
    <s>Curso em Tecnologias da informaçao e da comunicaçao no ensino superior (TICES) , ministrado pela UNAVE, Universidade de Aveiro, com a duraçao de 50 horas.</s>
    <s>Maio / 2004</s>
    <s>Curso em PowerPoint Avançado , ministrado pela UNAVE, Universidade de Aveiro, com a duraçao de 12 horas.</s>
    <s>Julho/ 2003</s>
    <s>Curso em SQL/Base de Dados , ministrado pela IPN - Instituto Pedro Nunes, Coimbra, com a duraçao de 44 horas.</s>
    <s>Curso em Higiene e Segurança no Trabalho , ministrado pela AIDA - Associaçao Industrial do Distrito de Aveiro, com a duraçao de 30 horas.</s>
    <s>Curso em Requisitos para a Certificaçao e o Manual da Qualidade , ministrado pela AIDA - Associaçao Industrial do Distrito de Aveiro, com a duraçao de 39 horas.</s>
    <s>Curso em Os Efeitos da Corrente Electrica no Corpo Humano, ministrado pelo LIQ - Laboratorio Industrial da Qualidade, com a duraçao de 6 horas.</s>
    <s>Curso em Qualidade Total , ministrado pelo LIQ - Laboratorio Industrial da Qualidade, com a duraçao de 10 horas.</s>
    <s>Curso em Regulamento de Segurança das Instalaçoes de Utilizaçao de Energia Electrica, ministrado pelo LIQ - Laboratorio Industrial da Qualidade, com a duraçao de 6 horas.</s>
    <s>Curso em Calculo de Incertezas, ministrado pelo LIQ - Laboratorio Industrial da Qualidade, com a duraçao de 8 horas.</s>
    <s>Curso em Metrologia Industrial, ministrado pela AIDA - Associaçao Industrial do Distrito de Aveiro, com a duraçao de 30 horas.</s>
    <s>Curso em Auditorias Internas de Qualidade , ministrado pela AIDA - Associaçao Industrial do Distrito de Aveiro, com a duraçao de 36 horas.</s>
    <s>Curso em Controlo de Qualidade, ministrado pelo IEFP - Instituto do Emprego e Formaçao Profissional, com a duraçao de 48 horas.</s>
    <s>Curso de Formaçao de Formadores em Marketing e Comunicaçao Empresarial, ministrado pela CNS - Companhia Nacional de Serviços, com a duraçao de 204 horas.</s>
    <s>Curso em Sistema Portugues da Qualidade , ministrado pelo LIQ - Laboratorio Industrial da Qualidade, com a duraçao de 6 horas.</s>
    <s>Curso Jovens Tecnicos para a Industria (J.T.I .), na Área de Qualidade , ministrado pelo INETI - Instituto Nacional de Engenharia e Tecnologia Industrial, com a duraçao de 14 meses .</s>
  </text>
</page>
