<?xml version="1.0" encoding="UTF-8"?>
<!DOCTYPE page SYSTEM "page.dtd">
<page>
  <lang>pt</lang>
  <url>http://tudoglobal.com/redenalagoa/tag/tecnologia</url>
  <title>Rede na Lagoa</title>
  <snippet>
    <s>A coordenadora geral do comitê de organização da conferência, Ana Cláudia de Enviar artigo em PDF Essa tecla, que tinha muita utilidade na época dos programas em DOS, hoje serve . O papel A4 é aceito em todas as impressoras. </s>
  </snippet>
  <text>
    <s>&gt; Hoje e 16 de Outubro de 2011</s>
    <s>capa | geral | policia | politica | entretenimento | esportes | mundo | economia | concursos | tecnologia | contato | email.com.br | email.com | twitter | rss</s>
    <s>Posts para a tag 'Tecnologia'</s>
    <s>« Older Entries</s>
    <s>I Conferência Estadual de Tecnologia</s>
    <s>quarta-feira, dezembro 2nd, 2009</s>
    <s>Por Lucas Lisboa</s>
    <s>Conferência pretende diagnosticar situação e necessidades do Estado frente à produção científica, além de propor mecanismos eficientes de fomento aos projetos em desenvolvimento.</s>
    <s>O Governo inicia nesta quarta-feira (2) a I Conferência Estadual de Ciência, Tecnologia e Inovação, com o propósito de consolidar a ciência e tecnologia como política de Estado. O evento será realizado no Centro de Exposições Ruth Cardoso, durante os dias 2, 3 e 4 de dezembro, contando com a presença de centenas de participantes de diversos segmentos da sociedade em Alagoas.</s>
    <s>A conferência é uma realização da Secretaria de Estado da Ciência, Tecnologia e Inovação (Secti), com o apoio da Fundação de Amparo à Pesquisa do Estado de Alagoas (Fapeal). Um dos objetivos da conferência é a elaboração de um diagnóstico sobre as condições do Estado no âmbito científico e tecnológico, além de fomentar a execução dos projetos em desenvolvimento.</s>
    <s>Representantes do Ministério da Ciência e Tecnologia, profissionais de órgãos governamentais e do setor industrial, além de professores universitários, conduzirão as palestras e mesas de debate durante os dias de atividades.</s>
    <s>As mesas temáticas serão trabalhadas em torno dos 5 eixos que envolvem a conferência: Promoção da Inovação Tecnológica nas Empresas; Expansão e Consolidação do Sistema Nacional de Ciência, Tecnologia e Inovação; Pesquisa e Desenvolvimento em Áreas Estratégicas; Ciência, Tecnologia e Inovação para o Desenvolvimento Social e Inclusão Digital, Educação à Distância (EAD), Técnica de Informação da Comunicação (TIC).</s>
    <s>A coordenadora geral do comitê de organização da conferência, Ana Cláudia de Souza, Diretora de Parques Tecnológicos da Secti, falou sobre os resultados que a Secretaria de Ciência e Tecnologia pretende obter com a realização do evento. “A conferência servirá para criar mecanismos de fomento dos novos projetos desenvolvidos em Alagoas e da elaboração de um diagnóstico da atual situação do campo científico e tecnológico, detectando as necessidades do Estado”, disse.</s>
    <s>Ana Cláudia de Souza explica que serão elaboradas diretrizes para a constituição de um Sistema Nacional articulado que promova a efetiva cooperação entre os âmbitos federal, estadual e municipal.</s>
    <s>A coordenadora enaltece o trabalho do governo do Estado no apoio à realização da conferência. “O Estado de Alagoas cresce cada vez mais no setor científico e tecnológico. A Secretaria e a Fapeal tiveram total apoio de outras entidades do governo na construção da conferência. Essa união de forças é determinante para proporcionar ao Estado o desenvolvimento esperado”, complementou.</s>
    <s>A conferência será encerrada na tarde de sexta-feira (4), com a formulação dos relatórios sobre a temática discutida, fazendo a consolidação geral das propostas que serão encaminhadas para a Conferência Regional.</s>
    <s>Etapas regional e nacional — A etapa estadual serve de preparação para a conferência da região Nordeste, prevista para março de 2010 em Maceió. Da etapa regional serão formuladas as propostas finais para a 4ª Conferência Nacional de Ciência, Tecnologia e Inovação, que será realizada entre os dias 26 e 28 de maio de 2010, em Brasília. A conferência deverá nortear suas discussões segundo as linhas do Plano de Ação em Ciência, Tecnologia e Inovação para o Desenvolvimento Nacional 2007-2010.</s>
    <s>Enviar artigo em PDF</s>
    <s>Tags: Alagoas, conferência, Evento, Tecnologia</s>
    <s>Posted in Tecnologia, Tecnologia Destaques | No Comments »</s>
    <s>Dicas para iniciantes do mundo tecnológico</s>
    <s>terça-feira, dezembro 1st, 2009</s>
    <s>A tecnologia está cada vez mais presente na vida de todos. Mas alguns conceitos e comandos simples são completamente desconhecidos da maioria dos usuários. Por isso, na coluna de hoje, vou dar uma série de dicas básicas sobre diversos dispositivos. Vamos lá?</s>
    <s>Scroll Lock</s>
    <s>Essa tecla serve para mudar a função das setas direcionais do teclado. No modo padrão, as setas movem o cursor da tela (isso é dos tempos onde não tínhamos nem interface gráfica e tudo era em modo texto). Ao clicar em scroll lock, as setas servem para a rolagem da tela.</s>
    <s>Poucos aplicativos fazem uso dessa funcionalidade, mas um exemplo superútil é o Microsoft Excel. Sem a tecla, as setas servem para movimentar o cursor entre as células da planilha. Com a tecla pressionada, o que se movimenta é a planilha em si, mantendo o cursor em uma determinada célula.</s>
    <s>Essa tecla, que tinha muita utilidade na época dos programas em DOS, hoje serve principalmente para parar a inicialização do PC. Ao clicar nela, podemos enxergar aquelas informações do computador que aparecem antes do carregamento do sistema.</s>
    <s>Print Screen</s>
    <s>Para capturar a tela do PC, existe a tecla Print Screen. Usando-a com a tecla Alt pressionada, é possível capturar apenas a tela em uso. É possível colar as telas capturadas em programas como o Paint ou mesmo direto em um documento do Word.</s>
    <s>Se quiser dar ou reduzir o zoom em navegadores, programas do pacote Office ou em editores de imagem, basta segurar a tecla Ctrl e usar a rodinha do mouse. Rode-a para frente para aplicar o zoom e para trás, se quiser reduzi-lo.</s>
    <s>O Ctrl também pode ser usado para abrir um link em uma nova aba do navegador (qualquer um deles), quando se segura essa tecla clicando no link. Se segurar o Shift, o navegador irá abrir uma nova janela.</s>
    <s>Barra de espaço</s>
    <s>Navegando na web – independente do navegador que você usa –, é possível contar com a barra de espaço para realizar a rolagem da página: com isso, ela desce exatamente uma tela para baixo. Segurando o Shift pressionado, acontece exatamente o oposto.</s>
    <s>Existem alguns truques ligados ao mouse que podemos destacar. A roda que os mouses atuais têm desempenha diversos papéis. Ao ser pressionada em um documento ou página da internet, ela ativa um modo de rolagem automático baseado no movimento do mouse: para baixo você desce até o final da página ou documento, por exemplo.</s>
    <s>No Windows Explorer, ao arrastar um documento de uma janela para outra usando o botão esquerdo do mouse, o sistema simplesmente faz uma cópia do conteúdo. Se você fizer isso usando o botão direito do mouse, ao soltar o arquivo na outra janela, um menu de contexto será exibido dando as opções de copiar ou mover o arquivo.</s>
    <s>Ao mandarmos um email aparecem dois ou às vezes três campos para digitarmos o endereço. Tratam-se do CC e do CCO (ou BCC, dependendo do idioma). O campo CC é para abrigar endereços de e-mail para os quais desejamos que a mensagem seja copiada. Nesse caso, todos os destinatários saberão quem está recebendo o e-mail. Já o campo CCO (ou BCC) é destinado a uma cópia oculta: ou seja, quem estiver nesta linha recebe o e-mail também, vê os endereços dos outros destinatários, mas ninguém saberá que esta pessoa recebeu uma cópia. Para ver onde esses campos aparecem nos principais serviços de e-mail.</s>
    <s>Som do Internet Explorer</s>
    <s>Aquele barulho – na minha opinião chato -- que o Internet Explorer faz ao clicarmos nos links pode ser retirado. Para isso, basta ir em iniciar &gt; painel de controle &gt; sons &gt; aba sons &gt; iniciar a navegação &gt; sons &gt; nenhum.</s>
    <s>Ferramentas do Google</s>
    <s>O Google tem diversos comandos que podem personalizar as buscas, como colocar a frase procurada entre aspas: assim o mecanismo procura exatamente a frase como você a escreveu. Ele também faz contas matemáticas: para isso, basta digitar as operações no campo de busca. Para ver uma lista mais detalhada de comandos do Google, clique aqui. Nesta coluna também ensino como refinar o resultado da busca.</s>
    <s>Arquivos de e-mail</s>
    <s>Ao mandar muitos arquivos por e-mail é altamente recomendado que eles sejam compactados. Além de ficar mais fácil anexar apenas um arquivo, a redução do tamanho reduz significativamente o tempo de transferência. Fotos e imagens em formato JPG já são naturalmente comprimidas. Por isso, ao usar um programa de compressão, o resultado nesses casos será irrelevante. Mas um documento do Word, por exemplo, com e 350 KB pode ficar com menos de 150 KB.</s>
    <s>Sempre que removemos um arquivo, ele vai para a lixeira e não é realmente removido do PC. Dessa forma, ocupa espaço. Esvazie a lixeira com frequência para evitar que o acúmulo de arquivos venha a deixar você sem espaço no PC. Para mais esclarecimentos sobre como remover arquivos definitivamente.</s>
    <s>Considerações finais</s>
    <s>Mais que uma coluna, este tipo de assunto renderia um livro dos mais volumosos. Os comentários também estão abertos para dúvidas. Até quinta-feira, quando volto com um pacotão de dúvidas respondidas.</s>
    <s>Fernando Panissi é especialista em tecnologia e internet, formado em Sistemas de Informação com extensão em gestão. É professor universitário e ministra cursos de extensão em desenvolvimento de sistemas. Vive a internet e suas excentricidades desde 1995 e, nesta coluna, irá compartilhar suas experiências e conhecimentos sobre os mais variados temas ligados à internet, computação e tecnologia. Também tira as dúvidas deixadas pelos leitores na seção de comentários.</s>
    <s>Enviar artigo em PDF</s>
    <s>Tags: Dicas, Iniciantes, Tecnologia</s>
    <s>Posted in Tecnologia, Tecnologia Destaques | No Comments »</s>
    <s>15 dicas para comprar uma impressora</s>
    <s>segunda-feira, novembro 30th, 2009</s>
    <s>O comando de impressão é o mesmo em todos os sistemas operacionais, mas escolher qual é a melhor impressora para sua casa ou escritório envolve muitos critérios. O UOL Tecnologia ouviu especialista e reuniu quinze dicas básicas para você tomar a melhor decisão na hora de comprar uma impressora.</s>
    <s>Quando é indicado comprar uma impressora a laser e quando é indicado comprar uma impressora a jato de tinta?</s>
    <s>As impressoras a laser são as mais indicadas para o ambiente corporativo, pois fornecem um melhor custo benefício na impressão por página e, além disso, suportam um número elevado de impressões por minuto. Os modelos mais recentes já vêm com Wi-Fi e trabalham facilmente em rede. As impressoras a laser coloridas já detém uma importante faixa do mercado, antes dominado pelas monocromáticas.</s>
    <s>As impressora a jato de tinta são indicadas para o uso residencial ou escritórios que tenham um pequeno volume de impressões diárias. Dá para gastar menos energia e materiais escolhendo uma impressora multifuncional em vez de montar um time com impressora, scanner e copiadora independentes para casa ou escritório. Caso opte apenas pela impressora a jato de tinta, elas demonstram cada vez mais competência no serviço de impressão de fotos e textos, mas o susto aparece algum tempo depois, na troca dos cartuchos. Muitas vezes, a tinta custa quase o preço do equipamento.</s>
    <s>Tenho um pequeno escritório, qual impressora é mais indicada?</s>
    <s>A mais indicada é uma impressora multifuncional. Nela, você agregará três serviços: impressão, scanner e copiadora, fora que poupará energia e espaço. Você pode configurá-la para imprimir em preto e branco, poupando a vida dos cartuchos coloridos.</s>
    <s>Cartucho &quot;genérico&quot; prejudica a impressora?</s>
    <s>Todo mundo aponta o preço dos cartuchos de tinta originais como o grande vilão das impressoras. Mas isso não significa que os cartuchos alternativos, mais baratos e com mais tinta, sejam os mocinhos. Eles não prejudicam a impressora, mas muitas vezes o rendimento é bem inferior e o custo por página fica bem próximo do obtido com o cartucho da empresa fabricante.</s>
    <s>Velocidade de impressão: como funciona?</s>
    <s>A velocidade de impressão é medida em ppm(páginas por minuto). Quando você vir informações que uma impressora faz 36 ppm no preto e 19 ppm no colorido saberá se ela será rápida ou não. As impressoras mais velozes são aquelas que utilizam dois cartuchos ao mesmo tempo, por isso obtem bons índices de ppm.</s>
    <s>Como entender a resolução de uma impressa?</s>
    <s>Ela é medida em dpi (Dots per Inch) e estabelecida em pontos por polegada. Quanto maior o índice de dpi, melhor a qualidade de imagem. No caso de uma impressora que diz ter resolução de 6000×1200 dpi significa que ela consegue pintar 6000 pontos na horizontal e 1200 na vertical em um espaço de 1 polegada quadrada.</s>
    <s>O que é ciclo de serviço de uma impressora?</s>
    <s>É uma informação vital, que revela o volume máximo suportado de impressões mensais do equipamento. Com esse dado você pode mensurar se a impressora que deseja tem grande porte ou pequeno porte. Quanto maior o ciclo dela, mais impressões por dia.</s>
    <s>Qual é a impressora mais indicada para impressão de fotos?</s>
    <s>As impressoras a jato de tinta levam vantagem nesse tipo de impressão. Até nos modelos mais baratos é possível imprimir fotos com qualidade. Para essa combinação funcionar também será necessário tirar fotos com alta resolução, pois uma imagem ruim na tela do seu computador vai ficar com má qualidade (pixelada) na impressão. Quanto maior o valor de dpi, melhor a qualidade da impressão.</s>
    <s>Para os usuários mais exigentes, vale a pena conferir as impressoras que, através do visor LCD, permitem fazer um preview das fotos antes de imprimir e até uns ajustes básicos.</s>
    <s>Como funciona a conectividade nas impressoras?</s>
    <s>A maioria das impressoras vem com cabo de conexão USB e há modelos com Wi-Fi embutido. Para quem gosta de fotografar, foras as tradicionais entradas para cartões CF, MS, SD e xD, um recurso a mais é o PictBridge, essa porta permite que a impressora receba fotos diretamente de uma câmera que também tenha esse tipo de conexão.</s>
    <s>Como saber se a capacidade da bandeja de papel atenderá à minha necessidade?</s>
    <s>Tudo depende do volume diário e do tipo de impressão que você precisa. Caso queira imprimir envelopes ou papéis com gramatura superior ao A4, a bandeja ficará comprometida. Por isso, é sempre importante verificar qual a capacidade das bandejas da impressora, tanto aquela que armazena o papel antes da impressão, quanto a que devolve o arquivo impresso. As opções com pouca capacidade necessitam ser abastecidas mais vezes.</s>
    <s>Terei problemas de instalação de drivers em distribuições Linux?</s>
    <s>A impossibilidade de instalar os drivers de alguns modelos em distribuições Linux já deu dor de cabeça para muita gente, atualmente os fabricantes estão mais ligados em atender todos os Sistemas Operacionais. Para não correr risco, quando escolher o modelo que suprirá suas necessidades visite o site LinuxPrinting.org e confira a compatibilidade da impressora com as distribuições Linux, leia as observações dos usuários e tome sua decisão.</s>
    <s>Como calcular o custo por página de cada modelo?</s>
    <s>Para fazer essa conta, divida o preço do cartucho pela quantidade de páginas que ele oferece (informação passada pelo fabricante). Esse cálculo é bem importante, pois você também terá noção do custo do cartucho do modelo escolhido e prepara o bolso para a reposição.</s>
    <s>Quais tipo de papel posso utilizar?</s>
    <s>O papel A4 é aceito em todas as impressoras. Caso queira utilizar outros formatos e gramaturas, verifique se o modelo desejado suporta. Qualquer papel não compatível poderá danificar o produto.</s>
    <s>Vou comprar uma nova impressora nova e não quero mais a antiga. O que posso fazer com o equipamento?</s>
    <s>Uma opção sustentável e útil à sociedade é doá-la à uma instituição beneficente. Entre as que aceitam esse tipo de doação, a mais conhecida é o Comitê para Democratização da Informática (CDI), que aceita, além de impressoras, PCs e scanners.</s>
    <s>Uma impressora multifuncional ou a jato de tinta com Wi-Fi é bem mais cara do que uma convencional?</s>
    <s>Não, em alguns casos a diferença não ultrapassa R$100,00. É um ótimo custo-benefício para quem quer economizar nos fios e na energia, pois a impressora pode ser compartilhada por diversas máquinas da rede sem a necessidade de que uma fique sempre ligada.</s>
    <s>Conhece o Inksaver?</s>
    <s>Antes de comprar o seu gadget, você pode instalar na sua máquina um programinha chamado Inksaver. Ele reduz o consumo de impressoras a jato de tinta, prolongando o tempo de uso de cada cartucho, além de fornecer total controle do quanto de tinta é usado pela impressora.</s>
    <s>Enviar artigo em PDF</s>
    <s>Tags: Dicas, Impressora, Tecnologia</s>
    <s>Posted in Tecnologia, Tecnologia Destaques | No Comments »</s>
    <s>MTV prepara &quot;Rock Band Network&quot;</s>
    <s>sexta-feira, novembro 27th, 2009</s>
    <s>Quem já jogou Guitar Hero, Rock Band e os outros jogos que envolvem música, provavelmente já desejou que alguma canção preferida fosse incluída no game. Pensando nisso, a MTV e a Harmonix Games estão planejando o lançamento do seu “Rock Band Network” para o ano que vem.</s>
    <s>A Network é um serviço que possibilita a conversão de qualquer música (arquivos de áudio) em uma versão que pode ser tocada no jogo Rock Band, permitindo que as faixas sejam vendidas posteriormente (com os devidos direitos autorais). O ambicioso projeto está na fase beta (apenas com testes fechados).</s>
    <s>Um representante da MTV Games contou ao site Kotaku que já estão trabalhando para liberar o acesso aos testes beta para o público, antes de terminar o ano. As ferramentas disponíveis para os usuários e bandas prepararem o conteúdo já podem ser vistas no site creators.rockband.com.</s>
    <s>Pessoas que se juntarem à Rock Band Network (bandas, fãs ou outros) poderão jogar e fazer o preview de qualquer música, mesmo antes de chegar às lojas, conta o site Tech Radar.</s>
    <s>O projeto deve ser lançado ao público para os consoles PS3 e Xbox 360 no início de 2010.</s>
    <s>A princípio, cogitou-se lançar primeiro a versão para o Xbox, mas até agora não houve confirmação.</s>
    <s>Enviar artigo em PDF</s>
    <s>Tags: MTV, Música, Network, Tecnologia</s>
    <s>Posted in Tecnologia, Tecnologia Destaques | 1 Comment »</s>
    <s>Bonita, versátil e divertida</s>
    <s>sexta-feira, novembro 27th, 2009</s>
    <s>Pequena e leve (aproximadamente 10 x 6 x 1,9 cm e pouco mais de 170 gramas), a Samsung ST550 chama a atenção já à primeira vista pelo design, em preto &quot;black piano&quot; com uma elegante borda dourada ou avermelhada no lado esquerdo. É uma câmera digital compacta, daquelas que cabem em qualquer bolso e podem acompanhá-lo para qualquer lugar sem atrapalhar.</s>
    <s>Uma grande tela LCD de 3.5 polegadas, sensível ao toque, ocupa toda a parte de trás. A câmera é totalmente controlada através dela: menus mudam de acordo com o que você está fazendo (tirando uma foto, vendo as fotos já tiradas, fazendo um ajuste), mostrando só as opções relevantes no momento e facilitando bastante o uso. As imagens na tela tem ótima cor e nitidez, e ela se mantém visível até mesmo sob a luz intensa do sol, o que é essencial em uma câmera digital.</s>
    <s>Mas o que não é imediatamente óbvio é que a ST550 tem uma segunda tela. Onde? Ligue a câmera e dê uma &quot;batidinha&quot; com o dedo no espaço vazio ao lado da lente, na frente da câmera. MágicaO que parecia plástico sólido subitamente se ilumina e revela uma segunda tela LCD colorida, colocada ali para resolver o principal problema com as câmeras digitais domésticas hoje em dia: a dificuldade de fazer um autorretrato. Com a tela frontal fica fácil fazer o enquadramento, e você nem precisa apertar botão algum para bater a foto: basta sorrir e a câmera faz o resto, colocando em ação a tecnologia de detecção de faces para focar a cena.</s>
    <s>Aliás, a automação é o ponto forte da ST550. Coloque-a no modo &quot;Smart Auto&quot; e só falta ela tirar a foto para você: a câmera analisa a imagem e seleciona automaticamente o modo de cena, o balanço de branco e a exposição mais adequados. Você só precisa enquadrar a cena e apertar o botão. Por outro lado, se você é do tipo que deseja controle absoluto sobre suas fotos, pode usar o modo Programa para definir manualmente várias opções, de modo de medição de foco a sensibilidade à luz.</s>
    <s>Sob a luz do dia as imagens são ótimas, com boa nitidez, pouco ruído e cores vibrantes. O sensor de imagem tem 12 MP e o foco é muito rápido. O zoom óptico de 4.6x permite fotografar objetos distantes com precisão, e um sistema óptico de estabilização de imagem evita fotos &quot;tremidas&quot;, algo comum em cenas com pouca luz ou zoom na aproximação máxima. Fotos noturnas são boas, com alguns poréns: há ruído visível na imagem a partir de ISO 400, então fuja de situações com pouca luz. E na hora de fotografar com flash, se afaste ao menos um metro da pessoa ou objeto e use o zoom para enquadrar a foto, já que o flash é poderoso e tem tendência a &quot;lavar&quot; tudo o que estiver perto demais da câmera.</s>
    <s>A ST550 tem ferramentas simples para edição das imagens diretamente na câmera. Coisas como o ajuste de exposição, de intensidade de cor, recortes e redução de resolução, função ótima para liberar mais espaço em um cartão de memória cheio sem ter que apagar alguma imagem. A edição é não destrutiva, ou seja, a foto original não é modificada, e os ajustes são aplicados em uma cópia.</s>
    <s>Também há alguns truques interessantes como os &quot;efeitos de face&quot;, que aplicam um filtro ao rosto de uma pessoa para suavizar imperfeições na pele, como espinhas, rugas e manchas. Pense nele como uma &quot;maquiagem digital&quot;. A intensidade do efeito pode ser controlada pelo usuário, mas se usado em excesso ele pode arruinar a foto.</s>
    <s>Além das fotos, a ST550 também faz filmes em alta definição (1280 x 720 pixels, 30 quadros por segundo), com ótima qualidade. A capacidade de usar o zoom óptico durante a filmagens é algo incomum e muito útil, embora a câmera &quot;corte&quot; o som enquanto aproxima ou afasta a imagem. Todos os estilos de cor que podem ser aplicados a fotos (como &quot;Clássico&quot; ou &quot;Vívido&quot;) também podem ser usados nos vídeos, e é possível filmar com ou sem som. Os clipes, no formato MPEG-4, ocupam cerca de 60 MB por minuto. Ou seja, com um cartão de 2 GB dá para gravar várias horas de vídeo.</s>
    <s>Bonita e versátil, a Samsung ST550 é uma boa escolha para quem quer uma câmera de bolso que tire boas fotos sem complicação. Infelizmente há um porém, o preço: R$ 1.599. Mas considerando que por essa quantia você leva uma câmera digital de 12 MP, uma filmadora de alta definição e um &quot;assistente de fotografia&quot; dentro da câmera, ele não é tão salgado assim.</s>
    <s>Nome: Samsung ST550</s>
    <s>Fabricante: Samsung</s>
    <s>Preço: R$ 1.599 (sugerido pelo fabricante)</s>
    <s>Prós: Ótimas fotos, duas telas, muito fácil de usar</s>
    <s>Contras: Cara, fotos noturnas poderiam ser um pouco melhores.</s>
    <s>Enviar artigo em PDF</s>
    <s>Tags: Câmera, Fotografia, Tecnologia</s>
    <s>Posted in Tecnologia, Tecnologia Destaques | No Comments »</s>
    <s>TV Digital no celular</s>
    <s>quarta-feira, novembro 25th, 2009</s>
    <s>Estamos chegando perto do natal e duas preferências nacionais estão cada vez mais próximas no &quot;ranking dos favoritos&quot;: os celulares e a TV Digital. Isto é possível devido à forma de transmissão da TV Digital. No mesmo sinal que é enviado para as TVs de alta definição, também segue um sinal chamado de one seg. Neste tipo de transmissão a imagem tem dimensões menores e o sinal contém muitas informações redundantes. Tudo especialmente preparado para que a qualidade da recepção seja perfeita, mesmo em ambientes complicados como veículos em movimento ou locais com muitos obstáculos.</s>
    <s>Nos últimos meses tivemos uma série de lançamentos de celulares que também são receptores de TV Digital. Soluções ideais para passar o tempo até o embarque no aeroporto ou para ficar por dentro das notícias em qualquer local.</s>
    <s>Mas quais são os aparelhos disponíveis no Brasil? Qual é o melhor?</s>
    <s>O LG Scarlet Phone (KB775f) é um dos melhores celulares com TV Digital à venda por aqui. Um aparelho com tela sensível ao toque e procedimentos simples para a sintonia e uso dos canais de TV Digital. Possui uma excelente qualidade de imagem e som. No item conectividade, o LG Scarlet é compatível com redes 3G, mas não tem acesso a redes Wifi. Seu custo é de aproximadamente R$ 950,00.</s>
    <s>O Samsung Star TV (GT-i6220) também possui tela sensível ao toque, de três polegadas. Um recurso muito interessante que ele tem é a possibilidade de gravação das imagens captadas da TV Digital diretamente no cartão de memória. O item conectividade não ajuda muito o Samsung Star TV, pois ele não é compatível com redes 3G e Wifi. Seu custo é de aproximadamente R$ 800,00.</s>
    <s>O LG GM630 é o mais barato de todos os Celulares à venda no Brasil e que também recebem o sinal da TV Digital. Este celular apresenta uma pequena tela de 2,2 polegadas e uma boa interface com usuário. Todas as funções para acesso a TV Digital são feitas por botões específicos. O aparelho sintoniza bem até 14 canais. Seu custo é de aproximadamente de R$ 650,00.</s>
    <s>Entre na onda da convergência digital com Celular e TV no mesmo aparelho. Agora é só escolher o celular que melhor atenda as suas necessidades e falar ou assistir a TV em qualquer lugar, com uma imagem sem fantasmas e chuviscos.</s>
    <s>Enviar artigo em PDF</s>
    <s>Tags: Celular, digital, Tecnologia, tv</s>
    <s>Posted in Tecnologia, Tecnologia Destaques | No Comments »</s>
    <s>Preço alto impede acesso a banda larga</s>
    <s>terça-feira, novembro 24th, 2009</s>
    <s>&quot;O preço tem sido a barreira mais severa para impedir a ampliação da banda larga no Brasil.&quot; A constatação foi feita pelo diretor-geral da Rede Nacional de Ensino e Pesquisa (RNP), Nelson Simões, durante painel sobre banda larga e acessibilidade nos serviços de telecomunicações realizado ontem pela Comissão de Serviços de Infraestrutura (CI). Ele baseou sua informação em pesquisa feita pelo Comitê Gestor da Internet.</s>
    <s>O comitê constatou que o alto custo impede 75% dos entrevistados de usarem computadores e 54% de se conectarem à internet. Nelson Simões, ainda citando dados da pesquisa, informou que 35% da população estaria disposta a pagar por uma conexão à rede de banda larga se seu valor fosse de até R$ 50.</s>
    <s>O diretor de Estudos Setoriais do Instituto de Pesquisa Econômica Aplicada (Ipea), Marcio Wohlers de Almeida, estimou que, se o custo médio do fornecimento do serviço de banda larga no Brasil caísse dos atuais R$ 162 para algo em torno de R$ 81, o número de domicílios que acessam a internet via banda larga mais que dobraria. Se houvesse um acordo nesse sentido entre empresas e governo, com a possibilidade até de uma desoneração tributária, o lucro provavelmente seria maior e o preço cairia pela metade.</s>
    <s>A terceira debatedora, a conselheira da Agência Nacional de Telecomunicações (Anatel) Emília Maria Silva Ribeiro Curi, declarou que massificar o acesso a banda larga é uma decisão já tomada pelo governo federal e também uma meta da própria agência, que vem trabalhando nesse sentido. Ela destacou que, além de ampliar a oferta do serviço, a Anatel tem se preocupado com a qualidade do acesso à internet que vem sendo oferecido no Brasil.</s>
    <s>Durante o debate com os palestrantes, o senador Flexa Ribeiro (PSDB-PA) reclamou que o Norte está atrás das outras regiões no que diz respeito à oferta do serviço de acesso à internet. Ele citou o caso de Santarém, um dos principais municípios do Pará, que somente dispõe do acesso discado.</s>
    <s>Reserva de mercado</s>
    <s>Já o presidente da Comissão de Infraestrutura, senador Fernando Collor (PTB-AL), lembrou que, se há 20 anos o Senado agendasse reunião semelhante para discutir qualquer assunto ligado à informática, seria obrigado a convocar integrantes da Carteira de Comércio Exterior do Banco do Brasil (Cacex) para tratar de temas como atraso nas guias de importação.</s>
    <s>É que, naquela época, o país tratava a informática como reserva de mercado. Essa política engessou o desenvolvimento tecnológico. O senador lembrou que o Brasil chegou a usar computadores quatro gerações atrasadas com relação aos disponíveis nos Estados Unidos. Fernando Collor, quando presidiu o Brasil, acabou com a reserva de mercado não só no setor de informática, mas também no automobilístico.</s>
    <s>Enviar artigo em PDF</s>
    <s>Tags: Banda Larga, comissão, Senado, Tecnologia</s>
    <s>Posted in Tecnologia, Tecnologia Destaques | No Comments »</s>
    <s>Chineses lançam netbook de US$ 80</s>
    <s>terça-feira, novembro 24th, 2009</s>
    <s>Fabricante chinesa anuncia o que chamou de “o netbook mais barato do mundo”, custando apenas US$ 80. Apesar de não ser o primeiro a quebrar a barreira dos US$ 100, netbook da MenQ parece ser o único a realmente ser produzido em massa.</s>
    <s>Há algum tempo atrás a fabricante chinesa SungWorld surpreendeu o mercado ao lançar um netbook com preço sugerido de apenas US$ 73, quebrando a mítica barreira dos US$ 100. Entretanto a máquina, com configuração que mais lembra um smartphone que um netbook, foi vista apenas em um mercado de eletrônicos na cidade de Shenzen (de onde vem boa parte dos gadgets “made in china”) e nada mais se ouviu sobre ela desde o “avistamento” inicial.</s>
    <s>Agora outra fabricante chinesa, a MenQ, aparece com um “netbook mais barato do mundo”, desta vez com algo um pouco mais sólido. Segundo o site Liliputing o EasyPC E790 custa apenas US$ 80 e tem configuração um pouco superior à de seu misterioso concorrente ao título, com processador ARM de 400 MHz, 128 MB de RAM e 2 GB de espaço em disco, tudo isso acompanhado por um teclado minúsculo e uma tela LCD igualmente pequena, com 7 polegadas e resolução de 800 × 480 pixels (a mesma do primeiro ASUS EeePC, de 2 anos atrás).</s>
    <s>O sistema operacional é o Windows CE 5.0 (o que acaba tornando a máquina ainda mais limitada), mas segundo um vídeo do site Techvideoblog será possível rodar o Android com uma atualização de firmware, que poderá estar disponível em dois ou três meses. Resta saber como será o desempenho, visto que mesmo smartphones Android como o Motorola CLIQ ou HTC Magic tem hardware mais capaz.</s>
    <s>Junto com os smartphones (conhecidos por aqui como MP9, MP10 e afins) os netbooks parecem ser o mais novo carro-chefe dos fabricantes chineses. Misteriosamente estes portáteis baratinhos ainda não deram as caras aqui no Brasil, onde os MP9 podem ser encontrados em praticamente qualquer lojinha de esquina. Provavelmente é uma questão de tempo.</s>
    <s>Enviar artigo em PDF</s>
    <s>Tags: china, netbook, Tecnologia</s>
    <s>Posted in Tecnologia, Tecnologia Destaques | No Comments »</s>
    <s>Controle remoto sem baterias</s>
    <s>segunda-feira, novembro 23rd, 2009</s>
    <s>Um dos dissabores da vida moderna é chegar em casa e descobrir que o controle remoto da TV ou DVD está sem pilhas, você não tem sobressalentes e a lojinha mais próxima já fechou. A empresa japonesa NEC pretende resolver este problema com um protótipo de controle remoto, desenvolvido em parceria com a Soundpower, que pode operar sem pilhas ou nenhum outro tipo de fonte de energia “convencional”.</s>
    <s>Segundo o site Technabob, para alimentar o circuito, a NEC tira proveito do princípio piezoelétrico: alguns materiais (como quartzo) produzem uma corrente elétrica quando comprimidos. Basta aplicar uma camada destes materiais sob botões e “pronto”A cada vez que o usuário ajusta o volume ou muda de canal, uma pequena corrente elétrica é produzida, convertida por uma fonte de alimentação integrada e usada para alimentar um circuito extremamente eficiente.</s>
    <s>Mas por incrível que pareça, o conceito de um controle remoto sem pilhas ou baterias não é novidade. Na verdade, os primeiros controles remotos sem fios (da década de 50) não tinham uma fonte de energia, nem um componente eletrônico sequer. Modelos como o Zenith Space Command tinham em seu interior pequenos bastões de metal, com comprimento e diâmetro específicos. Quando o usuário apertava um botão, na verdade acionava um martelinho que acertava o bastão correspondente, gerando uma onda ultrasônica, detectada pela TV. Os controles atuais, que funcionam com ondas infra-vermelhas, só surgiram no início da década de 80.</s>
    <s>O controle remoto sem baterias da NEC (por enquanto batizado como EZ-REM-001) ainda é um protótipo, e não tem data para chegar ao mercado.</s>
    <s>Enviar artigo em PDF</s>
    <s>Tags: botões, Controle remoto, DVD, IBM, Tecnologia, tv</s>
    <s>Posted in Tecnologia, Tecnologia Destaques | No Comments »</s>
    <s>Pane na loja de aplicativos da Apple</s>
    <s>quarta-feira, novembro 18th, 2009</s>
    <s>Muita gente que tentou baixar nos últimos dias aplicativos na App Store, loja online de softwares da Apple, tem encontrado dificuldades. É o que mostra o próprio fórum da Apple, na página sobre iTunes. Nele, dezenas de usuários reclamam que simplesmente não conseguem comprar programas ou baixar softwares gratuitos e suas atualizações.</s>
    <s>Segundo eles, ao fazer o processo de acesso a suas contas e solicitar o aplicativo, surge a mensagem de erro 5002, o que impede o usuário de concluir o processo. A falha foi confirmada hoje (18/11), às 8h55, pela redação de Macworld Brasil, tanto no desktop, via iTunes, como diretamente no iPhone.</s>
    <s>No iMac, o iTunes chega inclusive a travar. Já no smartphone da Apple, fica sendo exibida a mensagem “An unknow error has ocurred” (aconteceu um erro desconhecido). No fórum da Apple, há relatos do mesmo problema a partir do dia 13/11, apesar de o maior volume ser mais recente. Macworld Brasil tentou contado com a assessoria de imprensa da Apple, mas ainda não recebeu retorno.</s>
    <s>Enviar artigo em PDF</s>
    <s>Tags: Apple, internet, Loja, Pane, Tecnologia</s>
    <s>Posted in Tecnologia, Tecnologia Destaques | No Comments »</s>
    <s>« Older Entries</s>
  </text>
</page>
