<?xml version="1.0" encoding="UTF-8"?>
<!DOCTYPE page SYSTEM "page.dtd">
<page>
  <lang>pt</lang>
  <url>http://pt-br.facebook.com/pages/1%25C2%25AA-Confer%25C3%25AAncia-de-PRU-11%25C2%25BA-Workshop-da-APDR/187545081306789%3Fsk%3Dphotos</url>
  <title>1ª Conferência de PRU &amp; 11º Workshop da APDR - Fotos | Facebook</title>
  <snippet>
    <s>1ª CONFERÊNCIA DE PLANEAMENTO REGIONAL E URBANO DA UNIVERSIDADE DE AVERIO &amp; 11º WORKSHOP DA APDR - TERRITORIO, MERCADO IMOBILIÁRIO E HABITAÇÃO - 11 de </s>
  </snippet>
  <text>
    <s>Mantenha-me conectado</s>
    <s>Esqueceu sua senha?</s>
    <s>Cadastre-seNo Facebook você pode se conectar e compartilhar o que quiser com quem é importante em sua vida.</s>
    <s>Facebook © 2011 · Português (Brasil)</s>
    <s>Celular · Localizar amigos · Atalhos · Pessoas · Páginas · Sobre · Anúncios · Crie uma página · Desenvolvedores · Carreiras · Privacidade · Termos · Ajuda</s>
  </text>
</page>
