<?xml version="1.0" encoding="UTF-8"?>
<!DOCTYPE page SYSTEM "page.dtd">
<page>
  <lang>pt</lang>
  <url>http://archive.feedblitz.com/233686/~3863761</url>
  <title>protocolo.com.pt - Visita do Presidente da República a Angola (ii)</title>
  <snippet>
    <s>Maria Cavaco Silva e de vários membros do Governo: Ministro de Estado e dos O programa divulgado pela Presidência da República inclui deslocações às Banquete de Estado, oferecido pelo Presidente José Eduardo dos Santos, em “A VIII Conferência de Chefes de Estado e de Governo da CPLP vai decorrer no </s>
  </snippet>
  <text>
    <s>Here are the latest updates for you</s>
    <s>&quot;protocolo.com.pt&quot; - 1 new article</s>
    <s>1. Visita do Presidente da República a Angola (ii)</s>
    <s>2. More Recent Articles</s>
    <s>3. Search protocolo.com.pt</s>
    <s>Visita do Presidente da República a Angola (ii)</s>
    <s>!Conforme se informou o Presidente da República realizará na próxima semana uma Visita de Estado (19 a 22 de Julho) a Angola, a convite do homólogo angolano, José Eduardo dos Santos. Participará, também, na VIII Cimeira da CPLP (23 de Julho) que se realiza este ano em Luanda.</s>
    <s>Tal como aconteceu em deslocações anteriores, o Presidente será acompanhado da Dra. Maria Cavaco Silva e de vários membros do Governo: Ministro de Estado e dos Negócios Estrangeiros, Secretário de Estado dos Negócios Estrangeiros e Secretário de Estado da Cooperação e do Comércio e da Defesa do Consumidor. Além da Delegação Parlamentar que integra o grupo, segue também uma Delegação Empresarial - iniciativa conjunta da AICEP e da Associação Industrial Portuguesa-AIP.</s>
    <s>O programa divulgado pela Presidência da República inclui deslocações às Províncias de Luanda, Huíla e Benguela.</s>
    <s>!Primeiro dia, 19 de Julho</s>
    <s>- Cerimónia oficial de boas-vindas</s>
    <s>- Intervenção do Prof. Cavaco Silva na Assembleia Nacional de Angola</s>
    <s>- Intervenção do Presidente Português na Universidade Agostinho Neto: promoção e projecção internacional da língua portuguesa</s>
    <s>- Inauguração de uma exposição no Centro Cultural da Embaixada de Portugal em Angola - “Uma Estrada, Dois Olhares” (fotografias do português Jordi Burch e textos do escritor angolano Ondjaki)</s>
    <s>- Banquete de Estado, oferecido pelo Presidente José Eduardo dos Santos, em honra do Presidente da República e da Dra. Maria Cavaco Silva</s>
    <s>Segundo dia, 20 de Julho</s>
    <s>- Inauguração da nova unidade fabril da NOVICER, Cerâmicas de Angola, Lda.</s>
    <s>- Visita a Feira Internacional de Luanda (FILDA) - Dia de Portugal na FILDA (Portugal é este ano o país convidado da Feira)</s>
    <s>!Terceiro e Quarto dia, 21 e 22 de Julho</s>
    <s>- Deslocação às províncias da Huila e de Benguela: contactos com os respectivos Governadores provinciais</s>
    <s>- Intervenção em Seminários organizados pela AIP e AICEP (Lubango e Lobito)</s>
    <s>- Visita à Escola de Formação de Professores, Benguela</s>
    <s>- Após regressar a Luanda, o Chefe de Estado Português será recebido na União de Escritores Angolanos</s>
    <s>- Jantar oferecido pelo Presidente José Eduardo dos Santos aos Chefes de Estado e de Governo da CPLP</s>
    <s>Quinto dia, 23 de Julho</s>
    <s>- Cimeira da CPLP em Luanda: fim do exercício da Presidência Portuguesa da CPLP e início do mandato da Presidência Angolana</s>
    <s>&gt; “A VIII Conferência de Chefes de Estado e de Governo da CPLP vai decorrer no dia 23 de Julho de 2010, em Luanda, Angola. A XV Reunião Ordinária do Conselho de Ministros vai acontecer a 22 de Julho, sendo precedida pela 135ª sessão do Comité de Concertação Permanente, no dia 21, e pela XXI Reunião dos Pontos Focais de Cooperação, a 17 e 18 de Julho.”, http://www.cplp.org</s>
    <s>Susana de Salazar Casanova</s>
    <s>• Email to a friend • Article Search • View comments • Track comments ••</s>
    <s>More Recent Articles</s>
    <s>Reuniões (XIV) – Videoconferência</s>
    <s>A Futura Princesa do Mónaco</s>
    <s>&quot;O Protocolo é a arte de administrar egos, méritos e precedências&quot;</s>
    <s>Comunicação - O Relatório de Sustentabilidade (i)</s>
    <s>Protocolo Multicultural (LXX) Roménia (ii)</s>
    <s>Click here to safely unsubscribe now from &quot;protocolo.com.pt&quot; or change your subscription or subscribe !</s>
    <s>Your requested content delivery powered by FeedBlitz, LLC, 9 Thoreau Way, Sudbury, MA 01776, USA. +1.978.776.9498</s>
  </text>
</page>
