<?xml version="1.0" encoding="UTF-8"?>
<!DOCTYPE page SYSTEM "page.dtd">
<page>
  <lang>pt</lang>
  <url>http://softwarelivre.org/portal/governos/kosovo-propriedade-do-codigo-do-e-governo-representa-um-passo-para-o-software-livre</url>
  <title>Kosovo: propriedade do código do e-governo ... - Software Livre Brasil</title>
  <snippet>
    <s>18 set. 2011 Ele disse que espera que a conferência ajude a mostrar aos administradores públicos do país que existem formas alternativas para oferecer </s>
  </snippet>
  <text>
    <s>Go to the content</s>
    <s>fisl12 BR-Linux VivaoLinux LinuxSecurity Dicas-L NoticiasLinux UnderLinux BestLinux [mais]</s>
    <s>Welcome, {login} Administration Control panel Logout Login or Register</s>
    <s>New user I forgot my password</s>
    <s>Press Enter to send the search query.</s>
    <s>Software Livre Brasil</s>
    <s>PeoplePeople Menu</s>
    <s>CommunitiesCommunities Menu</s>
    <s>Agenda Livre</s>
    <s>PSL Brasil General</s>
    <s>Blog posts</s>
    <s>2011 (257)</s>
    <s>October (8)</s>
    <s>September (20)</s>
    <s>August (19)</s>
    <s>July (20)</s>
    <s>June (21)</s>
    <s>May (25)</s>
    <s>April (32)</s>
    <s>March (37)</s>
    <s>February (34)</s>
    <s>January (41)</s>
    <s>2010 (407)</s>
    <s>December (25)</s>
    <s>November (44)</s>
    <s>October (26)</s>
    <s>September (41)</s>
    <s>August (11)</s>
    <s>July (29)</s>
    <s>June (36)</s>
    <s>May (34)</s>
    <s>April (49)</s>
    <s>March (83)</s>
    <s>February (26)</s>
    <s>January (3)</s>
    <s>2009 (188)</s>
    <s>December (10)</s>
    <s>November (33)</s>
    <s>October (28)</s>
    <s>September (21)</s>
    <s>August (48)</s>
    <s>July (16)</s>
    <s>June (31)</s>
    <s>May (1)</s>
    <s>Subscribe RSS Feed</s>
    <s>PSL Brasil</s>
    <s>Seções de Notícias</s>
    <s>TV Digital Livre</s>
    <s>Últimas notícias</s>
    <s>Seminário Software Livre nas Nuvens</s>
    <s>Inscrições e chamada de trabalhos para o I ESLAPE</s>
    <s>15 de outubro: Porto Alegre por Mudanças Globais</s>
    <s>Palestras e Oficinas confirmadas cpbr5</s>
    <s>ASL apoia movimento global pela democracia</s>
    <s>15o Porto Alegre</s>
    <s>Latinoware 2011 - Conferência Latino-Americana de Software Livre .Programação Publicada</s>
    <s>A morte de Steve Jobs, o inimigo número um da colaboração</s>
    <s>A Comunidade Linux Indaiatuba no 1º Info Week de Monte Mor</s>
    <s>Plano Nacional de Banda Larga: os limites da negociação</s>
    <s>All content</s>
    <s>PSL Brasil No Identi.ca</s>
    <s>503 Service Unavailable</s>
    <s>Updated: September 18, 2011</s>
    <s>Viewed 976 times</s>
    <s>Go back to Governos</s>
    <s>O Ministério da Administração Pública já possui o código fonte para muitas das aplicações do país que oferecem serviços de governo eletrônico. Isso é um progresso em direção ao software livre, disse o vice-ministro de Minas e Energia, Blerim Rexha, na  Software Freedom Kosova Conference que aconteceu na semana passada, em Pristina. &quot;Anteriormente, o governo só tinha os executáveis, não o código fonte.&quot;</s>
    <s>O governo do Kosovo no início deste ano começou um projeto para implementar todos os serviços da administração pública por via eletrônica. Este plano deve ser realizado ao longo dos próximos seis anos.</s>
    <s>A maioria destes serviços de governo eletrônico é baseado em software proprietário, disse o ministro. &quot;O governo não possui o conhecimento sobre softwares livre e de código aberto, e existem muitas companhias internacionais de TI que estão aumentando a sua presença em mercados emergentes.&quot;</s>
    <s>A Software Freedom Kosova Conference foi organizada pela Universidade de Pristina e da Free Libre Open Source Software Kosovo (Flossk).</s>
    <s>Ministro Rexha, que também é professor na universidade, considerou a conferência o primeiro passo de em uma longa viagem. &quot;Isso mostra que o Kosovo tem a capacidade humana de uma abordagem moderna.&quot; Ele disse que espera que a conferência ajude a mostrar aos administradores públicos do país que existem formas alternativas para oferecer serviços de e-governo, que poderiam ajudar a poupar recursos públicos.</s>
    <s>Em uma entrevista gravada que disponível no site da conferência, Rexha salienta que o patrocinador principal da conferência é o gabinete do Primeiro-Ministro. &quot;Há uma falta de know-how tecnológico no governo, pois o governo apoia essas iniciativas&quot;.</s>
    <s>Ele anunciou que o governo vai propor em breve ao Parlamento uma lei sobre os direitos de propriedade intelectual.</s>
    <s>Segundo um dos oradores, a conferência teve cerca de 250 pessoas. Os organizadores prevêem a realização de uma segunda conferência no próximo ano.</s>
    <s>Tradução: Daniela Costa</s>
    <s>Fonte: OSOR.eu</s>
    <s>No comments yet</s>
    <s>Post a comment</s>
    <s>Don't fill this field</s>
    <s>The highlighted fields are mandatory.</s>
    <s>If you are a registered user, you can login and be automatically recognized.</s>
    <s>Enter your comment</s>
    <s>What is the result of '4 - 4 = ?'</s>
    <s>Software Livre - Brasil Quem Somos Privacidade Termos de Uso Fale Conosco Documentação</s>
    <s>(C) Copyright 2009 - ASL.</s>
    <s>Desenvolvido pela Colivre</s>
    <s>Este site utiliza o software livre Noosfero, licenciado sob a licença GNU Affero General Public License, versão 3 ou superior.</s>
  </text>
</page>
