<?xml version="1.0" encoding="UTF-8"?>
<!DOCTYPE page SYSTEM "page.dtd">
<page>
  <lang>pt</lang>
  <url>http://guiadobotequim.com.br/2011/05/08/simposio/</url>
  <title>Simpósio</title>
  <snippet>
    <s>8 maio 2011 08/05/2011 | Autor: G do B Recentemente o termo passou a designar qualquer conferência acadêmica, ou um estilo de aula, O banquete relata a reunião de amigos da qual participaram Sócrates, Aristófanes e outros </s>
  </snippet>
  <text>
    <s>Books and beers</s>
    <s>São Paulo (capital)</s>
    <s>Zona Oeste</s>
    <s>Zona Sul</s>
    <s>Zona Leste</s>
    <s>Rio de Janeiro</s>
    <s>Zona Norte</s>
    <s>Belo Horizonte</s>
    <s>Books and beers</s>
    <s>Dissertações, estudos e teses</s>
    <s>« Estupidamente…</s>
    <s>Cachaça — cultura e prazer do Brasil »</s>
    <s>08/05/2011 | Autor: G do B</s>
    <s>No Wiki­pé­dia:</s>
    <s>&gt; Sim­pó­sio ( sym­pó­sion ) é um termo que se refe­ria, na Gré­cia Antiga, a uma festa onde se bebia (o verbo grego  sym­po­tein sig­ni­fica “beber junto”), geral­mente rea­li­zada depois de um ban­quete, e durante a qual eram tra­va­dos diá­lo­gos e con­ver­sas inte­lec­tu­ais, enquanto escra­vos ou empre­ga­dos faziam apre­sen­ta­ções de música e dança. Recen­te­mente o termo pas­sou a desig­nar qual­quer con­fe­rên­cia aca­dê­mica, ou um estilo de aula, minis­trada em uni­ver­si­da­des, que segue um for­mato aber­ta­mente dis­cur­sivo e não o for­mato tra­di­ci­o­nal de uma pales­tra ou per­gun­tas e respostas.</s>
    <s>Então pode-se con­cluir que o con­ceito de “Sim­pó­sio” está mais pró­ximo do bote­quim, do que um evento de espe­ci­a­lis­tas de deter­mi­nado assunto.</s>
    <s>! O ban­quete ou o sim­pó­sio</s>
    <s>O ban­quete relata a reu­nião de ami­gos da qual par­ti­ci­pa­ram Sócra­tes, Aris­tó­fa­nes e outros ate­ni­en­ses emi­nen­tes, em que se lan­çou uma com­pe­ti­ção para ver quem fazia a melhor defi­ni­ção de  eros (o amor, mas tam­bém o belo) – um dos mais impor­tan­tes con­cei­tos da cul­tura antiga. Neste que é um dos prin­ci­pais diá­lo­gos de Pla­tão, além de obra huma­nís­tica fun­da­men­tal para todos os inte­res­sa­dos em pen­sar o estar no mundo, debatem-se noções de ami­zade, de decên­cia, e – fio con­du­tor de toda a obra platô­nica – tam­bém sobre o pró­prio ato de raci­o­ci­nar. L&amp;PM</s>
    <s>O ban­quete (edi­ção bilíngue) Autor: Pla­tão Tra­du­ção: Donaldo Schüler Edi­tora: L&amp;PM | 2009 | 176 pági­nas</s>
    <s>Onde encon­trar: Livra­ria Cultura Texto digi­tal: Domí­nio Público</s>
    <s>Postado em Livros | Tags: books and beers, filosofia, literatura grega, Platão</s>
    <s>Deixe uma resposta</s>
    <s>Clique aqui para cancelar a resposta.</s>
    <s>Nome (obrigatório)</s>
    <s>Mail (não será publicado) (obrigatório)</s>
    <s>Loma­dee, uma nova espé­cie na web. A maior pla­ta­forma de afi­li­a­dos da Amé­rica Latina.</s>
    <s>Loma­dee, uma nova espé­cie na web. A maior pla­ta­forma de afi­li­a­dos da Amé­rica Latina.</s>
    <s>Loma­dee, uma nova espé­cie na web. A maior pla­ta­forma de afi­li­a­dos da Amé­rica Latina.</s>
    <s>Loma­dee, uma nova espé­cie na web. A maior pla­ta­forma de afi­li­a­dos da Amé­rica Latina.</s>
    <s>(C) Guia do Botequim | projeto visual e traduçao: Megaart Design | mecanismo: free wp themes | movido a Wordpress.</s>
  </text>
</page>
