<?xml version="1.0" encoding="UTF-8"?>
<!DOCTYPE page SYSTEM "page.dtd">
<page>
  <lang>pt</lang>
  <url>http://issuu.com/jornalomensageiro/docs/4856_omensageiro_21abr</url>
  <title>4856#OMENSAGEIRO#21ABR</title>
  <snippet>
    <s>18 abr. 2011 Comissão Diocesana Justiça e Paz promove conferência | P. 9 . podem participar do banquete nupcial do Cordeiro, que morre para . É todo um processo de introdução na vivência cristã, para tornar-se um católico consciente e activo. .. a recepção dos participantes na Junta de Freguesia de Ortigosa. </s>
  </snippet>
  <text>
    <s>Create account</s>
    <s>My Library</s>
    <s>Account Center</s>
    <s>Profile information</s>
    <s>April 18, 2011 jornalomensageiro 126 other publications Subscribe Edit</s>
    <s>Related More from author</s>
    <s>Click to read</s>
    <s>Save to</s>
    <s>Save to</s>
    <s>O Mensageiro (O Mais Antigo Semanário do Distrito de Leiria): Edição de 21 de Abril de 2011 (N.º 4856).</s>
    <s>O Mensageiro (O Mais Antigo Semanário do Distrito de Leiria): Edição de 21 de Abril de 2011 (N.º 4856).</s>
    <s>leiria leiria-fatima o mensageiro</s>
    <s>No articles found. We were not able to detect any articles yet.</s>
    <s>More articles</s>
    <s>Terms of Use</s>
    <s>Privacy Policy</s>
    <s>Copyright FAQ</s>
    <s>Help &amp; Support</s>
  </text>
</page>
