<?xml version="1.0" encoding="UTF-8"?>
<!DOCTYPE page SYSTEM "page.dtd">
<page>
  <lang>pt</lang>
  <url>http://br.neventum.com/search/%3Fsubsectors%3Dorganizadores-profissionais-congressos%26type%3Dmarca</url>
  <title>Organizadores profissionais de Congressos</title>
  <snippet>
    <s>32 Organizadores profissionais de Congressos disponíveis. Apresentação da empresa Evolução especializada em conferências, eventos e exposições. </s>
  </snippet>
  <text>
    <s>sou expositor</s>
    <s>organizo feiras</s>
    <s>sou fornecedor</s>
    <s>tenho um espaço</s>
    <s>Feiras e Eventos</s>
    <s>Organizadores profissionais de Congressos</s>
    <s>32 Organizadores profissionais de Congressos disponíveis. Ordenados por experiência, competitividade e opiniões dos usuários</s>
    <s>1 países, 5 fotos</s>
    <s>Fullequipeandorra. Nos lidamos com a organizaçao e produçao de eventos, torna-se uma cadeia de açoes que </s>
    <s>Ver ficha ↓ Pedir orçamento grátis</s>
    <s>!Foto Fullequipeandorra</s>
    <s>Ver mais fotos Pedir orçamento grátis</s>
    <s>Apresentação da empresa</s>
    <s>Fullequipeandorra. Nos lidamos com a organizaçao e produçao de eventos, torna-se uma cadeia de açoes que requerem rapida e eficaz gestao tecnica.</s>
    <s>As atividades sociais e eventos servir as empresas a introduzir ou promover um determinado produto, serviço ou marca. Com boa gestao dos recursos aumentam as chances de sucesso: a aproximaçao e fidelizaçao dos novos clientes, melhorar a imagem da empresa, etc</s>
    <s>Fullequipeandorra encontrar o espaço que voce precisa:</s>
    <s>- Auditorio</s>
    <s>- Quartos com computadores</s>
    <s>- Quartos equipados para teatrais e musicais.</s>
    <s>Para todos os tipos de eventos:</s>
    <s>- Reunioes e seminarios</s>
    <s>- Apresentaçao de produtos (perfumes, joias, eletronicos )</s>
    <s>- Apresentaçao de empresas e serviços.</s>
    <s>Fullequipeandorra cuida do registro:</s>
    <s>Restauraçao e todo o material necessario para o serviço (mesas, cadeiras, roupas de cama, talheres, copos, talheres, decoraçao etc.)</s>
    <s>Países onde trabalha</s>
    <s>1 países, 11 fotos</s>
    <s>il10ci Produçoes oferece serviços de gestao de eventos na Argentina. Todos os eventos sociais e culturais sao novas e </s>
    <s>Ver ficha ↓ Pedir orçamento grátis</s>
    <s>!Foto il10ci</s>
    <s>Ver mais fotos Pedir orçamento grátis</s>
    <s>Apresentação da empresa</s>
    <s>il10ci Produçoes oferece serviços de gestao de eventos na Argentina. Todos os eventos sociais e culturais sao novas e diferentes, o que torna a variedade de eventos culturais e imensa. Mas cada um desses eventos tem duas coisas em comum: uma razao e um proposito. - Analise e viabilidade da oportunidade - Estrategia e Planeamento - Implementaçao e coordenaçao - Nova versao do produto Sponsoring-Promoçoes - Marketing</s>
    <s>Somos uma empresa fundada por um grupo de profissionais. Nossa visao e primar sempre a par com os nossos atuais e futuros clientes, oferecendo-lhes uma opçao diferente para seus projetos e criar um futuro com eles.</s>
    <s>Países onde trabalha</s>
    <s>!Panan Viagens e Turismo</s>
    <s>Panan Viagens e Turismo</s>
    <s>1 países, 1 fotos</s>
    <s>A Panan Eventos e responsavel pelo mais completo gerenciamento de eventos e serviços. Nossa equipe de colaboradores, dinamicos </s>
    <s>Ver ficha ↓ Pedir orçamento grátis</s>
    <s>!Foto Panan Viagens e Turismo</s>
    <s>Ver mais fotos Pedir orçamento grátis</s>
    <s>Apresentação da empresa</s>
    <s>A Panan Eventos e responsavel pelo mais completo gerenciamento de eventos e serviços.</s>
    <s>Nossa equipe de colaboradores, dinamicos e dedicados coordenam todas as etapas de seu evento, desde a criaçao do conceito, produçao de peças e montagem, ate a avaliaçao pos-evento.</s>
    <s>A Panan Eventos conta com a estrutura operacional e logistica, para desenvolver seu evento e</s>
    <s>torna -lo um sucesso.</s>
    <s>Países onde trabalha</s>
    <s>!Fathus Promoções e Representações</s>
    <s>Fathus Promoções e Representações</s>
    <s>1 países, 1 fotos</s>
    <s>Trabalhamos com organizaçao de Eventos Corporativos, Culturais, Sociais, Familiares, entre outros. Pequeno, medio e grande porte. </s>
    <s>Ver ficha ↓ Pedir orçamento grátis</s>
    <s>!Foto Fathus Promoções e Representações</s>
    <s>Ver mais fotos Pedir orçamento grátis</s>
    <s>Apresentação da empresa</s>
    <s>Trabalhamos com organizaçao de Eventos Corporativos, Culturais, Sociais, Familiares, entre outros.</s>
    <s>Pequeno, medio e grande porte.</s>
    <s>Nos links que seguem esta a relaçao dos serviços prestados em cada etapa.</s>
    <s>Para solicitar um orçamento envie um e-mail informando o tipo de Evento e os serviços que gostaria de contratar. Entraremos em contato para agendar uma visita e oferecer preços acessiveis e serviços com qualidade.</s>
    <s>OBS: e preciso entrar em contato com no minimo 2 meses de antecedencia a data do Evento.</s>
    <s>Países onde trabalha</s>
    <s>!Agnelly Marketing e Eventos</s>
    <s>Agnelly Marketing e Eventos</s>
    <s>1 países, 3 fotos</s>
    <s>A Agnelly Marketing e Eventos e uma empresa de serviços especializado nas area de marketing, promoçao e eventos. Atuamos </s>
    <s>Ver ficha ↓ Pedir orçamento grátis</s>
    <s>!Foto Agnelly Marketing e Eventos</s>
    <s>Ver mais fotos Pedir orçamento grátis</s>
    <s>Apresentação da empresa</s>
    <s>A Agnelly Marketing e Eventos e uma empresa de serviços especializado nas area de marketing, promoçao e eventos.</s>
    <s>Atuamos na criaçao de açoes promocionais e eventos corporativos.</s>
    <s>Nossos serviços</s>
    <s>Seleçao, recrutamento e treinamento dos profissionais</s>
    <s>especializados: demosntradores(a) ,promotores (a),recepcionistas, auxiliares de copa e seguranças</s>
    <s>Lançamentos de produtos, açoes de incentivo e revitalizaçao de marcas</s>
    <s>Midias especializadas para Pdv: radio, tv e revista corporativa</s>
    <s>Assessoria e organizaçao geral em eventos e açoes promocionais</s>
    <s>Criaçao de logomarcas, catalagos e materias graficos</s>
    <s>Confecçao de uniformes, adesivos e brindes</s>
    <s>Montagens, buffets e decoraçao para eventos</s>
    <s>Fotografia e filmangens aereas, publicitarias e artisticas</s>
    <s>Musicas e atraçoes</s>
    <s>Seja qual for seu evento ou açao promocional estamos prontos para atende-lo</s>
    <s>Países onde trabalha</s>
    <s>!Buffet Alimo Festas &amp; eventos</s>
    <s>Buffet Alimo Festas &amp; eventos</s>
    <s>1 países, 2 fotos</s>
    <s>Os Eventos do Buffet Alimo Festas ja se consagrou como opçao de bom gosto e requinte Vem conquistando prestigio entre empresas e </s>
    <s>Ver ficha ↓ Pedir orçamento grátis</s>
    <s>!Foto Buffet Alimo Festas &amp; eventos</s>
    <s>Ver mais fotos Pedir orçamento grátis</s>
    <s>Apresentação da empresa</s>
    <s>Os Eventos do Buffet Alimo Festas ja se consagrou como opçao de bom gosto e requinte</s>
    <s>Vem conquistando prestigio entre empresas e eventos sociais, na realizaçao dos mais variados</s>
    <s>Eventos, nossos cardapios sao elaborados com ingredientes selecionados e montados conforme o seu gosto. Eventos que atuamos: Casamento, Desfile de moda, Formaturas, Coqueteis, camarins, shows, brunch, churrasco, feijoada, Buffet de crepe e massas, coffee-breaks, almoços e jantar tipicos e regionais Visite nosso site www.alimofestas.com.br ou faça uma Solicitaçao sem compromisso de nossos serviços e-mail: alimofestas@alimofestas.com.br</s>
    <s>Países onde trabalha</s>
    <s>!PJ Eventos</s>
    <s>PJ Eventos</s>
    <s>1 países, 5 fotos</s>
    <s>A PJ Eventos organiza Feiras e Congressos em todo o Brasil. Possui mais 20 anos de Experiencia em Eventos e e gerida e administrada por </s>
    <s>Ver ficha ↓ Pedir orçamento grátis</s>
    <s>!Foto PJ Eventos</s>
    <s>Ver mais fotos Pedir orçamento grátis</s>
    <s>Apresentação da empresa</s>
    <s>A PJ Eventos organiza Feiras e Congressos em todo o Brasil.</s>
    <s>Possui mais 20 anos de Experiencia em Eventos e e gerida e administrada por experientes profissionais do setor de Feiras, Seminarios, Congressos, Simposios, Rodadas de Negocios em todo o pais e no exterior, contabilizando mais de 300 eventos ja realizados.</s>
    <s>A PJ Eventos e uma empresa preparada para atender qualquer tipo de organizaçao de feiras e eventos em geral, e possui departamentos especificos para gerir com facilidade cada evento.</s>
    <s>Países onde trabalha</s>
    <s>!Display y Espectáculos</s>
    <s>Display y Espectáculos</s>
    <s>1 países, 8 fotos</s>
    <s>Display y Espectaculos e uma empresa cultural dedicada as artes do espectaculo espectaculos criados a partir de necessidades </s>
    <s>Ver ficha ↓ Pedir orçamento grátis</s>
    <s>!Foto Display y Espectáculos</s>
    <s>Ver mais fotos Pedir orçamento grátis</s>
    <s>Apresentação da empresa</s>
    <s>Display y Espectaculos e uma empresa cultural dedicada as artes do espectaculo espectaculos criados a partir de necessidades do cliente o. Display y Espectaculos oferece soluçoes inovadoras e eficazes para informar, educar, entreter e educar o publico-alvo de diferentes maneiras, como uma excelente alternativa para complementar seus eventos, feiras, construçao de equipes, treinamentos, lançamentos de aberturas (abertura de filiais locais), produto serviços e marcas, festas de negocios, desfiles, exposiçoes, campanhas educativas e ambientais, entre outros, atraves de performances artisticas. Display y Espectaculos e um canal alternativo para publicidade, marketing, estrategia e promoçao. Display y Espectaculos procura transmitir conteudo educativo em seus shows de forma simples, divertida e educativa adaptada a linguagem e cultura de cada empresa publica. Obtem os dados principais da mensagem, convencido de que a sua eficiencia (em comparaçao aos metodos tradicionais) esta aprendendo mais positiva. Ha evidencias de que as pessoas estao mais emocional do que racional, por isso lembre mais as emoçoes que acompanham a experiencia, isto e, aqueles momentos que produzem sentimentos, permanecendo na memoria. É por esta razao que apela as emoçoes Display y Espectaculos mover atraves de sua mostra no momento da transmissao de uma marca ou conteudo.</s>
    <s>Países onde trabalha</s>
    <s>!Com'n Stream</s>
    <s>Com'n Stream</s>
    <s>1 trabalhos publicados, 1 países, 1 fotos</s>
    <s>Com'n Stream e uma pequena empresa que traz suporte de alto valor na organizaçao de eventos para o investidor do evento. O </s>
    <s>Ver ficha ↓ Pedir orçamento grátis</s>
    <s>!Foto Com'n Stream</s>
    <s>Ver mais fotos Pedir orçamento grátis</s>
    <s>Últimos trabalhos publicados</s>
    <s>Webcast e conferência de hospedagem</s>
    <s>Apresentação da empresa</s>
    <s>Com'n Stream e uma pequena empresa que traz suporte de alto valor na organizaçao de eventos para o investidor do evento.</s>
    <s>O proprietario eo gerente da empresa trabalha como gerente tecnico em eventos de atividades com as agencias e muitos tipos de empresas em um grande painel de eventos</s>
    <s>Os nossos serviços:</s>
    <s>Prepare o seu evento, mapa de simulaçao e tecnicas exigencia de seleçao de fornecedores em todo o tipo de tecnicas necessarias Organizar e gerenciar fornecedores tecnico em atividades do evento.</s>
    <s>Que lucro?</s>
    <s>Melhor qualidade de representante de otimizaçao Orçamento satisfaçao 100%</s>
    <s>A empresa esta a trabalhar desde 20 anos em eventos na França e e bem conhecido com todas as empresas envolvidas, a localizaçao e fornecedores.</s>
    <s>A nossa politica e trazer melhores serviços de valor com o preço certo para nossos clientes</s>
    <s>Lucro das melhores tecnicas, os melhores fornecedores para seu evento com a escolha Com'n apoio Stream</s>
    <s>Outros serviços:</s>
    <s>Desde 2004 Com'n Stream Sarl e Accessimple Sarl construir uma parceria para trazer mais elevado de competencias em eventos ao vivo.</s>
    <s>Países onde trabalha</s>
    <s>!METSAVEURS TRAITEUR</s>
    <s>METSAVEURS TRAITEUR</s>
    <s>1 países, 10 fotos</s>
    <s>&quot;METSAVEURS Criador Instantes Gourmands para momentos excepcionais. Como queriamos que ha de melhor em termos de gastronomia para melhor </s>
    <s>Ver ficha ↓ Pedir orçamento grátis</s>
    <s>!Foto METSAVEURS TRAITEUR</s>
    <s>Ver mais fotos Pedir orçamento grátis</s>
    <s>Apresentação da empresa</s>
    <s>&quot;METSAVEURS Criador Instantes Gourmands para momentos excepcionais.</s>
    <s>Como queriamos que ha de melhor em termos de gastronomia para melhor atender as suas necessidades ,'''' Metsaveurs inventou para si um mundo onde as fronteiras nao existem.</s>
    <s>Os nossos chefs e cozinheiros chefe da pastelaria preparar delicias para voce e cheio de sabores originais e frescor.</s>
    <s>Deixe os seus sentidos te levar para um mundo misterioso Metsaveurs universo intenso, a descoberta de aromas alimentares sutil e delicado; sinfonia de cores surpreendente e deliciosa, e sonhos de fuga.</s>
    <s>Estamos a sua disposiçao para organizar o seu evento com voce e sua imagem.</s>
    <s>Em busca do ideal, o refinamento da tabela e criar um menu inicial, nos nos esforçamos para tornar este dia memoravel </s>
    <s>Nos damos vida aos seus desejos: Criando menu unico, original, intenso e delicioso. Inovaçao adequado as suas necessidades e orçamento.</s>
    <s>Decoraçao e serviços excepcionais para ouvir as tendencias atuais para oferecer-lhe uma unica e magica.</s>
    <s>Países onde trabalha</s>
    <s>!Setup International</s>
    <s>Setup International</s>
    <s>1 países, 13 fotos</s>
    <s>Configurar Internacional: Nos amamos as marcas Set Up In Internacional adoram sua marca, e muitos outros, quer se apaixonar por ela. É por isso </s>
    <s>Ver ficha ↓ Pedir orçamento grátis</s>
    <s>!Foto Setup International</s>
    <s>Ver mais fotos Pedir orçamento grátis</s>
    <s>Apresentação da empresa</s>
    <s>Configurar Internacional: Nos amamos as marcas Set Up In Internacional adoram sua marca, e muitos outros, quer se apaixonar por ela. É por isso que damos a sua marca a atençao que merece. Com base na filosofia e simples: Sua marca e unica e deve ser apresentado exclusivamente como possivel. Desenvolver ideias para as marcas em feiras e eventos. O objetivo e claro: queremos fazer sua marca ser apreciado em sua totalidade. A percepçao nao e suficiente, e necessario para atingir a popularidade, a fim de configurar o Internacional e o de aumentar o valor da sua marca. Se voce quiser atingir esses objetivos, Set Up International e a estrada.</s>
    <s>Países onde trabalha</s>
    <s>!The Mint events</s>
    <s>The Mint events</s>
    <s>1 países, 5 fotos</s>
    <s>A Casa da Moeda, a Empresa Gestora de Eventos em Nova Deli, que adiciona novas ideias para seus eventos. De um toque de hortela para seus </s>
    <s>Ver ficha ↓ Pedir orçamento grátis</s>
    <s>!Foto The Mint events</s>
    <s>Ver mais fotos Pedir orçamento grátis</s>
    <s>Apresentação da empresa</s>
    <s>A Casa da Moeda, a Empresa Gestora de Eventos em Nova Deli, que adiciona novas ideias para seus eventos.</s>
    <s>De um toque de hortela para seus eventos e nao deixa-los ser facilmente esquecido. Peppermint &quot;A Casa da Moeda&quot; simboliza e estimula fresco com frescor, uma sensaçao suave. Pequena, mas com uma fragrancia envolvente, mesmo a distancia, que e a Casa da Moeda!, Seu organizador de eventos na Índia.</s>
    <s>Países onde trabalha</s>
    <s>1 países, 8 fotos</s>
    <s>Global Service International e uma agencia que fornece congressos, feiras e eventos de qualquer natureza. A empresa foi concebida com o intuito de </s>
    <s>Ver ficha ↓ Pedir orçamento grátis</s>
    <s>!Foto I.G.S.</s>
    <s>Ver mais fotos Pedir orçamento grátis</s>
    <s>Apresentação da empresa</s>
    <s>Global Service International e uma agencia que fornece congressos, feiras e eventos de qualquer natureza. A empresa foi concebida com o intuito de colaborar com os eventos da Regiao do Mediterraneo Oriental, criar sinergias e promover a colaboraçao entre publico e privado, na diversidade da paisagem comercial europeu.</s>
    <s>Temos uma equipe jovem e profissional. Somos especialistas na area de, consultoria de comunicaçao e relaçoes internacionais, o que torna Global Service International, em uma unica agencia no setor. A empresa se ​​dedica a organizaçao de feiras comerciais, de comunicaçao e marketing, logistica, </s>
    <s>Países onde trabalha</s>
    <s>!Evolution Events</s>
    <s>Evolution Events</s>
    <s>1 países, 14 fotos</s>
    <s>Evolution Events graças a sua capacidade de organizaçao, confiabilidade e experiencia profissional, podem oferecer conselhos </s>
    <s>Ver ficha ↓ Pedir orçamento grátis</s>
    <s>!Foto Evolution Events</s>
    <s>Ver mais fotos Pedir orçamento grátis</s>
    <s>Apresentação da empresa</s>
    <s>Evolution Events graças a sua capacidade de organizaçao, confiabilidade e experiencia profissional, podem oferecer conselhos sobre a organizaçao de eventos com a garantia original de um detalhado e cuidadoso, sempre adaptadas as necessidades do cliente.</s>
    <s>Evolution Events e a pessoa certa na organizaçao de eventos para todas as empresas que consideram o evento nao apenas como uma reuniao de comercio justo entre a oferta ea demanda, mas tambem como uma açao estrategica no campo da comunicaçao.</s>
    <s>Países onde trabalha</s>
    <s>!Grupo Expocongresos</s>
    <s>Grupo Expocongresos</s>
    <s>2 trabalhos publicados, 1 países, 16 fotos</s>
    <s>Grupo Expocongresos. Uma de nossas distinçoes se baseia em que temos mais de 30 anos de experiencia. Nossa vantagem: somos donos do </s>
    <s>Ver ficha ↓ Pedir orçamento grátis</s>
    <s>!Foto Grupo Expocongresos</s>
    <s>Ver mais fotos Pedir orçamento grátis</s>
    <s>Últimos trabalhos publicados</s>
    <s>Grupo Expocongresos &amp; Publicidade, Editor de ExpoCANADEVI-Cancun 2011</s>
    <s>Como criar um formulário de</s>
    <s>Apresentação da empresa</s>
    <s>Grupo Expocongresos. Uma de nossas distinçoes se baseia em que temos mais de 30 anos de experiencia.</s>
    <s>Nossa vantagem: somos donos do matirial todo nao subcontratar, assim evitamos o produto caro finais a intermediarios.</s>
    <s>Montagem e design de stands, moveis e utensilios, equipamentos para traduçao simultanea, o registo no site, pessoal, interpretes e assessores.</s>
    <s>Nossa equipe de profissionais comprometidos com o negocio e objectivos de qualidade para eventos em Cancun e no Caribe mexicano.</s>
    <s>Algumas das cidades onde Grupo Expocongresos servidos:</s>
    <s>Mexico: Cancun, Playa del Carmen, Tulum, Cozumel</s>
    <s>Países onde trabalha</s>
    <s>1 países, 4 fotos</s>
    <s>Uma empresa da American Marketing Consultants, S DE RL de CV Portfolio Serviços • Design inteligente de espaço • Publicidade </s>
    <s>Ver ficha ↓ Pedir orçamento grátis</s>
    <s>!Foto Publivisa</s>
    <s>Ver mais fotos Pedir orçamento grátis</s>
    <s>Apresentação da empresa</s>
    <s>Uma empresa da American Marketing Consultants, S DE RL de CV Portfolio Serviços • Design inteligente de espaço • Publicidade • Campanhas de design grafico para logotipos, publicidade e imagem, etc. Design de escritorios inteligentes, c / venda de mobiliario de escritorio e equipamentos de informatica, impressoras de cartoes plasticos, codigo de barras e biometria.</s>
    <s>A impressao de revistas, rotulos, cartazes, flyers, brochuras, formularios de segurança, as declaraçoes, a entrega, self-mailer para campanhas politicas e expositores comerciais e de nao-prismaticas. - Stands, exposiçoes, ponto de venda e aconselhamento abrangente em exposiçoes e convençoes. - Quadros de avisos, sinais e menus de restaurantes, - Assessoria na compra e aluguer de empreendimentos industriais, comerciais e armazens - Jingles (spots de audio de musica), modelos e recepcionistas - spots de TV e radio, impressos e promocionais. - Alianças estrategicas e conselhos sobre investimentos e projetos de credito PME - Representaçoes das vendas para empresas de fabricaçao ou qualquer outro setor (pedir aos representantes de nossa regiao) - Imagem Corporativa Design de Relaçoes Publicas: - Apresentaçoes especiais para novos produtos - Eventos Especiais - Inauguraçoes - A presença das empresas. - Pesquisa de mercado.</s>
    <s>Países onde trabalha</s>
    <s>!Agencia Lotus</s>
    <s>Agencia Lotus</s>
    <s>1 países, 11 fotos</s>
    <s>Lotus e uma empresa dedicada a organizaçao de eventos, tem 5 anos de experiencia no mercado e teve a oportunidade de </s>
    <s>Ver ficha ↓ Pedir orçamento grátis</s>
    <s>!Foto Agencia Lotus</s>
    <s>Ver mais fotos Pedir orçamento grátis</s>
    <s>Apresentação da empresa</s>
    <s>Lotus e uma empresa dedicada a organizaçao de eventos, tem 5 anos de experiencia no mercado e teve a oportunidade de trabalhar com marcas lideres em seus esforços de promoçao de Lotus e extremamente flexivel e se interessou em todos os campo de artigos promocionais, tais como convençoes, exposiçoes, feiras, eventos esportivos, lojas e restaurantes. Lotus tem uma grande piscina de pessoal treinado para trabalhar em todos os tipos de eventos, destacando a presença de modelos e recepcionistas GO Promoçoes AAA equipa, dirigentes e supervisores em geral. Ela tambem tem um departamento de criaçao e produçao de materiais, para oferecer uma ampla gama de recursos para clientes, dependendo das necessidades, por exemplo: o projeto montado para atingir a imagem promocional de cada marca.</s>
    <s>Países onde trabalha</s>
    <s>!Eventos y Convenciones</s>
    <s>Eventos y Convenciones</s>
    <s>1 países, 1 fotos</s>
    <s>Eventos y Convenciones e uma companhia integrada por profissionais, integrados e treinados no planejamento, coordenaçao e </s>
    <s>Ver ficha ↓ Pedir orçamento grátis</s>
    <s>!Foto Eventos y Convenciones</s>
    <s>Ver mais fotos Pedir orçamento grátis</s>
    <s>Apresentação da empresa</s>
    <s>Eventos y Convenciones e uma companhia integrada por profissionais, integrados e treinados no planejamento, coordenaçao e organizaçao Integral de todos os tipos de eventos, a nivel nacional e internacional. A companhia conta com uma equipe de trabalho funcional e com um grupo de especialistas nas mais modernas tecnologias que se aplicam em eventos e convençoes empresariais.</s>
    <s>Eventos y Convenciones e especializada na organizaçao integral de Congressos, Convençoes e Programas de Incentivo, Reunioes de trabalho e Capacitaçoes, Feiras e Exposiçoes, Lançamento de Produto, Eventos de Integraçao e Festas Tematicas.</s>
    <s>Os serviços oferecidos sao: hospedagem e contrataçao de locais para eventos, transporte terrestre e maritimo, catering, grupos musicais, cantores, magos, comediantes, animadores, aluguel de equipamentos audiovisuais, iluminaçao, cenografia, pirotecnia, efeitos especiais, traduçao simultanea, registros automatizados e outros.</s>
    <s>Países onde trabalha</s>
    <s>1 países, 11 fotos</s>
    <s>Expro organizaçao e projeto de exposiçao na cidade e Cacun um serviço completo para a montagem de seu show.O design e </s>
    <s>Ver ficha ↓ Pedir orçamento grátis</s>
    <s>!Foto Expro</s>
    <s>Ver mais fotos Pedir orçamento grátis</s>
    <s>Apresentação da empresa</s>
    <s>Expro organizaçao e projeto de exposiçao na cidade e Cacun um serviço completo para a montagem de seu show.</s>
    <s>O design e decoraçao de stands especiais</s>
    <s>Sistema Octanorm e personalizada.</s>
    <s>Marcando em vinil e impressao digital.</s>
    <s>Em Expro organizaçao do projeto de exposiçoes e nossa equipe de designers sera capaz de realizar o projeto da tela de acordo com as necessidades e orçamento de sua empresa, qualquer sistema ou imagem personalizada para qeu e a grande diferença no seu negocio. Temos equipe altamente treinada bilingue.</s>
    <s>Países onde trabalha</s>
    <s>5 países, 4 fotos</s>
    <s>Talisman e a organizaçao de eventos e marketing de relacionamento. Profissionalismo, excelente serviço e mais de 30 anos de </s>
    <s>Ver ficha ↓ Pedir orçamento grátis</s>
    <s>!Foto Talisman</s>
    <s>Ver mais fotos Pedir orçamento grátis</s>
    <s>Apresentação da empresa</s>
    <s>Talisman e a organizaçao de eventos e marketing de relacionamento. Profissionalismo, excelente serviço e mais de 30 anos de experiencia ajudando as empresas de todos os tamanhos e setores, apoiar-nos:. Talisman, como Integral Consultoria, gere o negocio de quatro areas de eventos, viagens de incentivo, comunicaçao grafica e produtora , nos grupos de trabalho dos profissionais organizado anualmente mais de 500 açoes de comunicaçao interna e externa em diferentes partes do mundo. Grupo de profissionais Talisman sao reconhecidos como estar preparado para qualquer desafio ou desafio e responder as suas necessidades na organizaçao de eventos e marketing de relacionamento. Ideias inovadoras, pro-atividade e alta demanda no serviço de seu projeto para a excelencia nos resultados. Resultado da sua experiencia e atento as necessidades do cliente, Talisman Grupo recentemente abriu um novo escritorio em Abu Dhabi, Emirados Árabes Unidos; dedicado a organizaçao de eventos e marketing de relacionamento.</s>
    <s>Países onde trabalha</s>
    <s>Alemanha , Emirados Árabes , Espanha , França , Reino Unido</s>
    <s>« Primeiro‹ Anterior1</s>
    <s>Pŕoximo ›</s>
    <s>Último »</s>
    <s>Precisa de um Fornecedor? 5Receba em um clique</s>
    <s>Orçamentos Grátis</s>
    <s>+34 93 332 67 60</s>
    <s>+1 34 780 93457</s>
    <s>+39 02 929 766 40</s>
    <s>+44 20 8816 8352</s>
    <s>+55 11 3042 9748</s>
    <s>+56 25 81395</s>
    <s>+85 28 1990 675</s>
    <s>+52 55 8421 4170</s>
    <s>neventum ›</s>
    <s>Cidades - Países - Eventos - Fornecedores - Espaços</s>
    <s>Nosotros ›</s>
    <s>O que é neventum? - Quem somos? - Contato</s>
    <s>Perfil ›</s>
    <s>Sou Expositor - Organizo Feiras - Sou Fornecedor - Tenho um Espaço</s>
    <s>Idiomas ›</s>
    <s>Espanhol - Inglês - Alemão - Italiano - Português - Francês</s>
    <s>Política de Privacidade</s>
    <s>(C) 2011 Neventum. Todos os direitos reservados</s>
  </text>
</page>
