<?xml version="1.0" encoding="UTF-8"?>
<!DOCTYPE page SYSTEM "page.dtd">
<page>
  <lang>pt</lang>
  <url>http://kvooka.com/CREDITO</url>
  <title>K V O O K A - Portal Inteligente</title>
  <snippet>
    <s>4 dias atrás Comitê de 2018 apresenta projetos e sonha com final Brasil x Rússia. O comitê organizador da Copa do Mundo de 2018, na Rússia, . pela Justiça &middot; Conselho realiza VII Conferência Estadual de Saúde com presença de Padilha Ricardo Gomes já abre olhos e movimenta os membros no hospital </s>
  </snippet>
  <text>
    <s>Domingo, 16 de Outubro de 2011</s>
    <s>na web no Kvooka</s>
    <s>Radio Kvooka</s>
    <s>Rel com Javascript</s>
    <s>Cultura e Lazer</s>
    <s>Kvooka Videos</s>
    <s>Skip to content</s>
    <s>Bancários e Fenaban fazem acordo para encerrar greve</s>
    <s>O Comando Nacional dos Bancários e a Federação Nacional de Bancos (Fenaban) chegaram a um acordo hoje (14), no segundo…</s>
    <s>Japão vai distribuir dez mil viagens ao país</s>
    <s>Japão vai oferecer 10 mil viagens de graça para incentivar o…</s>
    <s>OS MITOS DO CRÉDITO FÁCIL</s>
    <s>Empréstimos rápidos, que ofertam dinheiro sem…</s>
    <s>Brasil reciclou cerca de 20% dos plásticos pós-consumo em 2010</s>
    <s>No ano, o país registrou 738 recicladoras de plásticos que faturaram juntas, em 2010, R$ 195 bilhões…</s>
    <s>ampliado em 239% no país acesso a medicamentos</s>
    <s>Número de diabéticos e hipertensos beneficiados pelo programa passou de 853 mil, em janeiro, para 2,9 milhões, em…</s>
    <s>Sai a lista de cidades com banda larga a R$ 35</s>
    <s>A partir de agora, o cidadão já pode saber se, na cidade onde mora, tem internet rápida e barata. É…</s>
    <s>GESTÃO DO CONHECIMENTO NÃO DEVE SER VISTA COMO FARDO PARA AS EMPRESAS</s>
    <s>Pode ser fibromialgia</s>
    <s>Sintomas semelhantes aos de outras doenças podem dificultar…</s>
    <s>Justiça manda 40% dos funcionários dos Correios trabalharem</s>
    <s>Uma liminar do TST (Tribunal Superior do Trabalho) desta quinta-feira determinou que os grevistas dos Correios mantenham pelo menos 40%…</s>
    <s>Três cientistas dividem Prêmio Nobel de Medicina de 2011</s>
    <s>ESTOCOLMO - Três cientistas cujas pesquisas sobre o sistema imunológico abriram novos caminhos para a prevenção e tratamento de infecções,…</s>
    <s>Incra constata redução de assentamentos para reforma agrária</s>
    <s>Levantamento realizado pelo G1 a partir da relação total de projetos do Instituto Nacional de Colonização e Reforma Agrária (Incra)…</s>
    <s>Comitê de 2018 apresenta projetos e sonha com final Brasil x Rússia</s>
    <s>O comitê organizador da Copa do Mundo de 2018, na Rússia, apresentou nesta quinta-feira propostas e maquetes de 21 estádios…</s>
    <s>BC: inflação brasileira é uma das mais altas do mundo</s>
    <s>A inflação atual brasileira, assim como as previsões para 2011 e 2012, está entre as mais elevadas do planeta. A…</s>
    <s>CÂNCER E CELULAR: O QUE DE FATO DIZEM OS ESTUDOS</s>
    <s>Por Dr. Leandro Ramos,…</s>
    <s>Mães de primeira viagem vivem entre dúvidas, conselhos e instinto</s>
    <s>por Nathália Duarte Do G1, em São Paulo…</s>
    <s>Nariz eletrônico detecta pessoas cardíacas</s>
    <s>Nova tecnologia permite detectar o problema pelo cheiro, facilitando o diagnóstico de pacientes.  …</s>
    <s>Crise será prolongada, diz Tombini</s>
    <s>  O corte de 0,5 ponto percentual na taxa de juros, na reunião do Copom do dia 31,…</s>
    <s>Justiça garante quitação do financiamento após 21 anos de pagamento da casa própria</s>
    <s>A mutuaria Glacy Antunes, firmou contrato de financiamento habitacional com a Caixa Econômica Federal em 19/05/1989, e…</s>
    <s>Rinite Alérgica em tempos de ar seco</s>
    <s>Especialista explica como o clima seco pode piorar os sintomas da doença, especialmente…</s>
    <s>A evolução do transplante</s>
    <s>Educação infantil: Lúcia Vânia comemora mais recursos</s>
    <s>Frontpage Slideshow | Copyright (C) 2006-2010 JoomlaWorks, a business unit of Nuevvo Webware Ltd.</s>
    <s>Câncer de testículo atinge mais jovens Leia mais </s>
    <s>Obesidade Maligna: quando o excesso de peso é perigoso para a saúde Leia mais </s>
    <s>Rinite Alérgica em tempos de ar seco Leia mais </s>
    <s>Tinta usada em tatuagem pode entrar na lista de câncerígenos Leia mais </s>
    <s>EUA infectaram com DSTs mais de 1.500 pessoas na Guatemala Leia mais </s>
    <s>JoomlaXTC hwdVideoShare Wall - Copyright 2010 Monev Software LLC</s>
    <s>Anterior Próximo</s>
    <s>Tudo Mais </s>
    <s>Tecnologia Mais </s>
    <s>Economia Mais </s>
    <s>Brasil Mais </s>
    <s>Política Mais </s>
    <s>Mundo Mais </s>
    <s>!Dilma sanciona sem veto lei que prevê aviso prévio de até 90 dias</s>
    <s>Dilma sanciona sem veto lei que prevê aviso prévio de até 90 dias</s>
    <s>A presidente Dilma Rousseff sancionou nesta terça-feira (11) a lei que estabel </s>
    <s>Divulgada lista de cidades com banda larga a R$ 35</s>
    <s>Secretário de Fazenda do DF é requisitado para o Ministério do Turismo</s>
    <s>Secretário de Fazenda do DF é requisitado para o Ministério do Turismo</s>
    <s>Goias agora</s>
    <s>Anterior Próximo</s>
    <s>Tudo Mais </s>
    <s>Destaques Mais </s>
    <s>Política Mais </s>
    <s>Cotidiano Mais </s>
    <s>Geral Mais </s>
    <s>!Nasceu grande mesmo?</s>
    <s>Nasceu grande mesmo?</s>
    <s>Em número de filiados eleitos por outros partidos, o PSD surge como um dos gr </s>
    <s>Fieg sedia maior encontro de comércio exterior de Goiás</s>
    <s>Acordo do MPF/GO para “suco Noni” é homologado pela Justiça</s>
    <s>Conselho realiza VII Conferência Estadual de Saúde com presença de Padilha</s>
    <s>Saúde &amp; Ciência</s>
    <s>Anterior Próximo</s>
    <s>Tudo Mais </s>
    <s>estética Mais </s>
    <s>medicina Mais </s>
    <s>hospital Mais </s>
    <s>SPA Mais </s>
    <s>prevenção Mais </s>
    <s>medicamentos Mais </s>
    <s>farmácia Mais </s>
    <s>!Câncer de testículo atinge mais jovens</s>
    <s>Câncer de testículo atinge mais jovens</s>
    <s>Atualmente, o câncer de testículo atinge de 3 a 5 homens brasileiros em cada </s>
    <s>Obesidade Maligna: quando o excesso de peso é perigoso para a saúde</s>
    <s>Rinite Alérgica em tempos de ar seco</s>
    <s>Tinta usada em tatuagem pode entrar na lista de câncerígenos</s>
    <s>Anterior Próximo</s>
    <s>Tudo Mais </s>
    <s>Futebol Mais </s>
    <s>voley Mais </s>
    <s>natação Mais </s>
    <s>ciclismo Mais </s>
    <s>Basquete Mais </s>
    <s>Tênis Mais </s>
    <s>!Fifa reclama de árbitros do Brasil e dá ultimato</s>
    <s>Fifa reclama de árbitros do Brasil e dá ultimato</s>
    <s>Um representante da comissão de árbitros da Fifa deu uma bronca nos árbitros </s>
    <s>Empate: Brasil joga mal e amplia jejum de Mano Menezes</s>
    <s>Após tropeço, Bahia deve demitir René Simões nesta 6ª</s>
    <s>Ricardo Gomes já abre olhos e movimenta os membros no hospital</s>
    <s>Anterior Próximo</s>
    <s>Tudo Mais </s>
    <s>tecnologia Mais </s>
    <s>Diversão Mais </s>
    <s>internet Mais </s>
    <s>horóscopo Mais </s>
    <s>ames Mais </s>
    <s>!LG traz ao Brasil primeiro campeonato de games em 3D</s>
    <s>LG traz ao Brasil primeiro campeonato de games em 3D</s>
    <s>LG Live Cinema 3D Game terá etapas em São Paulo e Rio de Janeiro e oferecerá </s>
    <s>Jornalista Miguel Conde é o novo curador da Flip</s>
    <s>Luana Piovani diz que casou e que planeja ter um filho</s>
    <s>Teste positivo de HIV paralisa indústria pornô nos EUA</s>
    <s>Últimas Noticias</s>
    <s>“TERRAS DE GIGANTES” A FALTA DE EDUCAÇÃO SÓCIO-TECNOLÓGICA Leia mais </s>
    <s>Dilma sanciona sem veto lei que prevê aviso prévio de até 90 dias Leia mais </s>
    <s>Divulgada lista de cidades com banda larga a R$ 35 Leia mais </s>
    <s>Secretário de Fazenda do DF é requisitado para o Ministério do Turismo Leia mais </s>
    <s>Secretário de Fazenda do DF é requisitado para o Ministério do Turismo Leia mais </s>
    <s>Nasceu grande mesmo? Leia mais </s>
    <s>!Jornais e revistas</s>
    <s>!Previsão do tempo</s>
    <s>Quem somos --//-- Anuncie --//-- Notícias --//-- Cadastre-se --//-- Contato --//-- Login</s>
  </text>
</page>
