<?xml version="1.0" encoding="UTF-8"?>
<!DOCTYPE page SYSTEM "page.dtd">
<page>
  <lang>pt</lang>
  <url>http://dge.uma.pt/portal/index.php%3Foption%3Dcom_content%26task%3Dview%26id%3D34%26Itemid%3D68</url>
  <title>Departamento de Gestão e Economia - Universidade da Madeira ...</title>
  <snippet>
    <s>Departamento de Gestão e Economia - Universidade da Madeira, Investigação / Conferências / Projectos seta . apresentação aos alunos 2008-2009 </s>
  </snippet>
  <text>
    <s>Onde estou?Entrada !seta Investiga / Conferias / Projectos !seta Conferias</s>
    <s>O DGE tem vindo a organizar varias iniciativas junto dos seus alunos e da comunidade madeirense. Eis algumas das iniciativas </s>
    <s>3rd Meeting of the Portuguese Economic Journal</s>
    <s>O Departamento de Gestao e Economia da Universidade da Madeira organizou o 3.º Encontro do Portuguese Economic Journal que teve lugar no Funchal entre os dias 26 e 28 de Junho de 2009.</s>
    <s>Para mais informaçoes sobre este evento clique aqui</s>
    <s>Conferencias Passadas</s>
    <s>7th CEPR Conference on Applied Industrial Organization</s>
    <s>O Departamento de Gestao e Economia da Universidade da Madeira organizou em conjunto com o Center for Economic Policy Research (CEPR) a 7ª Conferencia em Organizaçao Industrial Aplicada, que decorreu no Funchal de 18 a 20 de Maio de 2006.</s>
    <s>Foi com uma enorme honra que o DGE participou na organizaçao de uma das mais prestigiadas Conferencias Internacionais em Organizaçao Industrial, na qual participaram membros da direcçao editorial das revistas academicas Journal of Industrial Economics e International Journal of International Organization bem como cerca de 50 economistas das melhores Universidades europeias, americanas e israelitas.</s>
    <s>Para mais informaçao sobre este evento clique aqui</s>
    <s>Ciclo de Conversas - Experiencias Empresariais Madeirenses</s>
    <s>Criar uma ponte entre os estudantes e toda a diversidade empresarial existente na Regiao Autonoma da Madeira constituiu a primeira &quot;meta&quot; deste ciclo de conferencias que teve como oradores David Caldeira, Luis Miguel Sousa, Luigi Valle, Antonio Trindade, Francisco Costa e Rui Sa.</s>
    <s>O Ciclo de Conversas - Experiencias Empresariais Madeirenses foi realizado no Anfiteatro da Reitoria da Universidade da Madeira, no ano 2004.</s>
    <s>Os oradores foram escolhidos atraves de um inquerito realizado aos responsaveis por cerca de 60 empresas madeirenses, ou seja os intervenientes foram reconhecidos pelos seus pares como possuidores de conhecimentos e experiencias dignas de uma intervençao.</s>
    <s>Cada um dos moderadores representa um dos orgaos de comunicaçao social que apoiaram esta iniciativa.</s>
    <s>Ao Ciclo de Conversas assistiram cerca de 500 pessoas.</s>
    <s>O Jantar de Encerramento teve lugar no Hotel Savoy, no dia 3 de Novembro de 2004. Contou com a presença do Comendador Horacio Roque (Presidente do Conselho de Administraçao do BANIF), do Prof. Doutor Pedro Telhado Pereira (Reitor da Universidade da Madeira) e a Prof. Doutora Maria da Graça Carvalho (Ministra da Ciencia, Inovaçao e Ensino Superior), entre outros ilustres convidados.</s>
    <s>So foi possivel a realizaçao deste Ciclo de Conversas - Experiencias Empresariais Madeirenses com o apoio de diversas entidades. O Banif, Blandy, Dupla dp, Empresa de Cervejas da Madeira e a Rosa ajudaram monetariamente, em serviços e cedencia de bens. Os orgaos de comunicaçao (RDP, Noticias da Madeira, Jornal da Madeira e Diario de Noticias) participaram activamente com um moderador em cada uma das sessoes e tambem ajudaram na divulgaçao do evento.</s>
    <s>A organizaçao do evento foi da responsabilidade do Prof. Doutor Pedro Telhado Pereira, do Dr. Paulo Neves e dos alunos Ana Marques, Carlos Lopes, Irina Teixeira, Medeiros Gaspar e Pedro Olim.</s>
    <s>Politica Economica - 1º Semestre 2004/05</s>
    <s>Os alunos da cadeira de Politica economica tiveram a oportunidade de receber ensinamentos do Dr. Francisco Murteira Nabo numa conferencia intitulada&quot;A Economia do Conhecimento: a Alavanca do Desenvolvimento&quot; (20/11/2004) e do Dr. Jose da Silva Lopes que nos falou sobre &quot;Politica Maroeconomica: Da teoria a Aplicaçao&quot; (11/12/2004).</s>
    <s>&quot;Politica Macroeconomica: Da Teoria a Pratica&quot; - 20 e Novembro 2004</s>
    <s>Esta sessao foi organizada pelo Departamento de Gestao e Economia da Universidade da Madeira, no ambito da cadeira de Politica Economica. Contou com a presença de Simoes Lopes (Bastonario da Ordem dos Economistas), Pedro Telhado Pereira (Reitor da Universidade da Madeira), Gunther Lang (Presidente do Departamento de Gestao e Economia), e teve como orador Jose da Silva Lopes, actual presidente do conselho de administraçao do Montepio Geral.</s>
    <s>A organizaçao do evento foi da responsabilidade do Prof. Gunther Lang e do Prof. Doutor Pedro Telhado Pereira, e contou com o apoio da Ordem dos Economistas.</s>
    <s>&quot;A Economia do Conhecimento: A Alavanca do Desenvolvimento&quot;</s>
    <s>A organizaçao do evento foi da responsabilidade da Delegaçao Regional da ordem dos Economistas. Esta organizaçao contou com o apoio da Universidade da Madeira e da ACIF.</s>
    <s>Parceria Agricola na Historia - 8 de Outubro 2004</s>
    <s>Neste seminario os historiadores economicos explicaram a grande variedade de contractos agricolas e a eficacia destes. Contou com a presença de Kyle Kauffman (Harvard University), Rui Santos (Universidade Nova de Lisboa), Benedita Camara (Universidade da Madeira), Juan Carmona (Universidad Carlos III), Giovanni Federico (European University Institute). Tambem estiveram presentes Phillip Schofield (University of Wales) e Pedro Lains (Instituto de Ciencias Sociais - UTL, Lisboa) que desempenharam a funçao de moderadores em duas das apresentaçoes.</s>
    <s>Os contratos agricolas assentes na partilha percentual da produçao entre o dono de uma terra e o responsavel pela exploraçao (parceria) foram dominantes em certas areas geograficas (Ásia) e nao o foram em outras (America Latina). Na Europa ocidental, entre a Idade Media e o seculo XIX, tambem encontramos zonas onde estes contratos foram muito importantes e zonas onde estiveram praticamente ausentes.</s>
    <s>O interesse pelo estudo deste tipo de contratos prolonga-se desde a economia classica ate aos nossos dias. A economia do desenvolvimento e os historiadores economicos procuraram explicar a existencia de uma panoplia de contratos agricolas e qual o seu grau de eficacia. Os trabalhos mais recentes tem-se atido a analise da interferencia de determinados factores sobre o contrato optimo ou sobre o contrato de segunda escolha. Em muitas abordagens tem-se dado prevalencia aos problemas da oferta de trabalho sobre a analise da oferta de capital a agricultura.</s>
    <s>A Madeira teve um regime de exploraçao da terra aparentado com a parceria - denominado «colonia» -, que chegou a ter grande disseminaçao, e que alguns juristas consideraram como um dos mais complexos do ordenamento juridico portugues.</s>
    <s>Este seminario procurou dar um contributo para a analise da problematica dos contratos agrarios numa perspectiva comparada.</s>
    <s>A organizaçao do evento foi da responsabilidade do Prof. Doutora Benedita Camara.</s>
    <s>Fundaçao para a Ciencia e Tecnologia</s>
    <s>Fundaçao Luso Americana</s>
    <s>Universidade da Madeira</s>
    <s>Millenium BCP</s>
    <s>Publicas (Papers)</s>
    <s>Inscri na OTOC</s>
    <s>Projeto - 1. Semestre 2011/12</s>
    <s>Esto de Ver2011 - Grupo Sousa</s>
    <s>Alunos do curso de 1. ciclo de Gest- Acesso a TOC</s>
    <s>Horo de atendimento - Director do curso de Gest/a&gt;</s>
    <s>Mais acedidos</s>
    <s>[ Transi para Bolonha</s>
    <s>Mestrado em Ciias Empresariais</s>
    <s>3rd Meeting of Portuguese Economic Journal</s>
    <s>O corpo docente do DGE, composto por professores com percursos profissionais assinalaveis, promovia um ambiente motivador e desafiante nas aulas, em que o espirito critico era encorajado. ( )</s>
    <s>Departamento de Geste Economia - Universidade da Madeira</s>
    <s>(C) afinica.com 2011</s>
  </text>
</page>
