<?xml version="1.0" encoding="UTF-8"?>
<!DOCTYPE page SYSTEM "page.dtd">
<page>
  <lang>pt</lang>
  <url>http://hoteisemparis.net/187-hotel-lotti-paris/</url>
  <title>Hotel Lotti Paris</title>
  <snippet>
    <s>Com vista para o jardim do pátio, local de calma e serenidade no coração da Banquetes e conferências: O Hotel Lotti Paris oferece oito banquetes, salas de </s>
  </snippet>
  <text>
    <s>Duas Estrelas</s>
    <s>Quatro Estrelas</s>
    <s>Três Estrelas</s>
    <s>Bois de Vincennes</s>
    <s>Champs Elysees</s>
    <s>Chatelet Louvre Tuileries</s>
    <s>Gare Austerlitz Italie</s>
    <s>Grands Boulevards</s>
    <s>Opera Madeleine</s>
    <s>Porte de Versailles</s>
    <s>Saint Germain des Pres</s>
    <s>Saint Michel Pantheon</s>
    <s>Tour Eiffel</s>
    <s>100€ - 150€</s>
    <s>150€ - 200€</s>
    <s>50€ - 75€</s>
    <s>75€ - 100€</s>
    <s>Mais de 200€</s>
    <s>Sobre Paris</s>
    <s>História de Paris</s>
    <s>Todos os hotéis em Paris, hotéis baratos em Paris, hotéis em Paris centro, hotéis 2 3 4 e 5 estrelas em Paris, os melhores hotéis em Paris</s>
    <s>Hotel Lotti Paris</s>
    <s>7 rue de Castiglione, 01. Louvre - Châtelet, 75001 Paris</s>
    <s>Desde o início do século XX que o luxuoso Hotel Lotti, em Paris é muito mais do que um endereço de prestígio. É a materialização de um sentimento de hospitalidade de um hotel de luxo que combina magnificamente com discrição.</s>
    <s>Cercada pelos maiores nomes de marcas de jóias, o Hotel Lotti está idealmente situado entre a Place Vendôme e do Jardim das Tuileries. O famoso Museu do Louvre, da Ópera e da rue du Faubourg Saint Honoré, são apenas cinco minutos a pé.</s>
    <s>O Hotel Lotti Paris inaugurou uma nova ala que estabelece 44 quartos de hóspedes adicionais (aumento da capacidade para 159), bem como conferências, reuniões e banquetes que acrescenta brilho e um pouco mais de classe para a categoria quatro estrelas deste estabelecimento de luxo em Paris.</s>
    <s>Os quartos de hóspedes do Hotel Lotti Paris oferecem-lhe uma estadia agradável num ambiente elegante e requintado. Conforto e serviço personalizado contribuem para uma estadia relaxante.</s>
    <s>Muitos dos quartos e suites foram recentemente renovado e redecorado, oferecendo um parquet convidativo, um ambiente confortável e elegante, através da escolha de diferentes tecidos que decoram todo o hotel.</s>
    <s>Cada quarto tem janelas de vidros duplos e ar condicionado individual, alguns têm varanda e outros são tetos mansarda que proporcionam um charme único.</s>
    <s>Com vista para o jardim do pátio, local de calma e serenidade no coração da capital do estilo, na rue de Castiglione, o famoso Place Vendome, na rue Saint-Honoré, ou na rue du Mont Thabor os quartos e suites do Hotel Lotti Paris são decorados com mobiliário em madeira cor de areia concebida e criada especialmente para o Hotel Lotti Paris.</s>
    <s>Tem também o restaurante Italiano &quot;Il Lotti&quot; que lhe oferece uma cozinha requintada, num ambiente acolhedor.</s>
    <s>Terraço: O magnífico pátio Lotti é o local ideal para relaxar e encontrar serenidade após um dia movimentado na capital. À noite, este cenário mágico é o lugar perfeito para desfrutar de um aperitivo ou digestivo.</s>
    <s>Banquetes e conferências: O Hotel Lotti Paris oferece oito banquetes, salas de reuniões e de conferências para todas as suas necessidades profissionais, tais como conferências de imprensa, seminários, coquetéis, banquetes e showrooms. Beneficia de iluminação natural e com saída para o pátio, que está à sua disposição para almoços, jantares e coquetéis</s>
    <s>Acesso: A partir do lobby do hotel Lotti Paris ou uma entrada privada na Rue de Castiglione.</s>
    <s>Comodidades do Hotel Lotti Paris</s>
    <s>- Restaurante</s>
    <s>- Bar</s>
    <s>- Recepção 24 horas</s>
    <s>- Jornal</s>
    <s>- Terraço</s>
    <s>- Quartos não-fumadores</s>
    <s>- Elevador</s>
    <s>- Cofre</s>
    <s>- Quartos insonorizados</s>
    <s>- Aquecimento</s>
    <s>- Sala para Bagagem</s>
    <s>- Serviço de quartos</s>
    <s>- Comodidades para Reuniões/Banquetes</s>
    <s>- Centro de negócios</s>
    <s>- Lavandaria</s>
    <s>- Lavagem a seco</s>
    <s>- Pequeno-almoço no quarto</s>
    <s>- Serviço de engomadoria</s>
    <s>- Suite nupcial</s>
    <s>- Serviços de câmbios</s>
    <s>- Fax/fotocopiadora</s>
    <s>Fotos do hotel</s>
    <s>Colocado em Louvre, Mais de 200€, Quatro Estrelas e com as seguintes etiquetas hoteis em paris, Hotel Lotti Paris, hotel luxo paris, hotel quatro estrelas paris. Guarde esta página nos seus favoritos.</s>
    <s>&lt;- Hotel Comfort André Latin Paris</s>
    <s>Hotel Best Western Le Colisée Paris -&gt;</s>
    <s>Deixar uma resposta Cancelar resposta</s>
    <s>O seu endereço de email não será publicado. Campos obrigatórios marcados com *</s>
    <s>Nome *</s>
    <s>Email *</s>
    <s>Pode usar estas tags HTML e atributos: `&lt;a href=&quot;&quot; title=&quot;&quot;&gt; &lt;abbr title=&quot;&quot;&gt; &lt;acronym title=&quot;&quot;&gt; &lt;b&gt; &lt;blockquote cite=&quot;&quot;&gt; &lt;cite&gt; &lt;code&gt; &lt;del datetime=&quot;&quot;&gt; &lt;em&gt; &lt;i&gt; &lt;q cite=&quot;&quot;&gt; &lt;strike&gt; &lt;strong&gt; `</s>
    <s>Estrelas (23)</s>
    <s>Duas Estrelas (6)</s>
    <s>Quatro Estrelas (6)</s>
    <s>Três Estrelas (11)</s>
    <s>Localização (23)</s>
    <s>Bastille (2)</s>
    <s>Bois de Vincennes (1)</s>
    <s>Champs Elysees (4)</s>
    <s>Chatelet Louvre Tuileries (2)</s>
    <s>Gare Austerlitz Italie (1)</s>
    <s>Grands Boulevards (1)</s>
    <s>Louvre (1)</s>
    <s>Montmartre (1)</s>
    <s>Montparnasse (3)</s>
    <s>Opera Madeleine (1)</s>
    <s>Porte de Versailles (1)</s>
    <s>Saint Germain des Pres (2)</s>
    <s>Saint Michel Pantheon (2)</s>
    <s>Tour Eiffel (1)</s>
    <s>Preço (23)</s>
    <s>100€ - 150€ (8)</s>
    <s>150€ - 200€ (3)</s>
    <s>50€ - 75€ (5)</s>
    <s>75€ - 100€ (5)</s>
    <s>Mais de 200€ (2)</s>
    <s>Sobre Paris (3)</s>
    <s>História de Paris (1)</s>
    <s>Buscar por:</s>
    <s>(C) 2011 Hotéis em Paris</s>
    <s>Sobre | Contacto | Privacidade</s>
    <s>*HTML: HyperText Markup Language</s>
  </text>
</page>
