<?xml version="1.0" encoding="UTF-8"?>
<!DOCTYPE page SYSTEM "page.dtd">
<page>
  <lang>pt</lang>
  <url>http://empregos.mitula.com.br/empregos/revisor-textos</url>
  <title>Ofertas de emprego: revisor textos, emprego | Mitula Emprego</title>
  <snippet>
    <s>28 ago. 2011 revisor textos, todas as ofertas e vagas de trabalho e emprego na elaboração de roteiros para novas edições, conferência de fichas </s>
  </snippet>
  <text>
    <s>Mitula Empregos -</s>
    <s>revisor textos</s>
    <s>Cadastre-se A minha conta</s>
    <s>Buscas similares: revisor textos curitiba, revisor textos free lancer, revisor textos ingles</s>
    <s>Link permanente: http://empregos.mitula.com.br/empregos/revisor-textos</s>
    <s>Ver mais pesquisas similares a &quot;</s>
    <s>revisor textos</s>
    <s>Pesquisas similares a &quot;</s>
    <s>revisor textos</s>
    <s>revisor textos curitiba</s>
    <s>revisor textos free lancer</s>
    <s>revisor textos ingles</s>
    <s>revisor textos jurídicos</s>
    <s>revisor textos paulo</s>
    <s>revisor textos portugues</s>
    <s>revisor textos sp</s>
    <s>salario revisor textos</s>
    <s>revisor textos free lancer sp</s>
    <s>revisor textos portugues sao paulo</s>
    <s>editor textos</s>
    <s>Resultado da busca:</s>
    <s>revisor textos</s>
    <s>1 - 10 de 55 (0.019 segundos)</s>
    <s>Mostrar filtros</s>
    <s>► Voce quer receber alertas por e-mail?</s>
    <s>Voce pode cancelar o seu alerta de vagas por e-mail a qualquer momento.</s>
    <s>Ordenar resultados por Relevancia Salario (maior a menor) Salario (menor a maior) Data de atualizaçao</s>
    <s>Consultar Engenheiro de Implantação de Redes de Telecom</s>
    <s>DE R$ 3.001,00 A R$ 4.000,00</s>
    <s>engenheiro de implantação de redes de telecom perfil: superior concluido em engenharia civil, eletrônica, telecomunicações e ou ambiental experiências necessárias: - acompanhamento e liberação de obras, documentação e relatórios; - implantação de redes; - redes de acesso 2g e 3g</s>
    <s>Data de publicaçao: 03/10/2011 em Ceviu +info</s>
    <s>Consultar Gerente de Relacionamento</s>
    <s>DE R$ 3.001,00 A R$ 4.000,00</s>
    <s>gerente de relacionamento gerenciar o relacionamento com os clientes da base instalada; acompanhar o gerente de projetos na implantação de novos projetos; prospectar continuamente novas demandas e oportunidades; realizar procedimento contínuo de monitoração da satisfação dos clientes, atuando de for </s>
    <s>Data de publicaçao: 22/09/2011 em Ceviu +info</s>
    <s>revisor de textos 395867 - rio de janeiro</s>
    <s>oportunidade experiencia com revisao de textos conhecimento avancado em informatica experiencia com atendimento ao cliente e sistema de vendas forma de contato</s>
    <s>revisor textos 395867 Rio</s>
    <s>Data de publicaçao: 07/08/2011 em Vagadetrabalho</s>
    <s>Fechar esta janela x</s>
    <s>Revisor de promoção vendas júnior, SAO PAULO</s>
    <s>A combinar</s>
    <s>revisor de promoção vendas júnior em sao paulo. formação superior completa em letras. possuir sólida vivência em redação e revisão de textos publicitários e materiais promocionais.domínio do pacote office.desejável conhecimento em operar macintosh ou programa in design. irá fazer revisão dos folheto </s>
    <s>revisor promoção vendas júnior Paulo</s>
    <s>Data de publicaçao: 05/10/2011 em Empregocerto</s>
    <s>Fechar esta janela x</s>
    <s>Revisor de Português, São Paulo</s>
    <s>profissional irá revisar as ofertas para garantir clareza aos textos; revisar a ortografia, gramática e pontuação das ofertas. superior completo.</s>
    <s>revisor português São</s>
    <s>Data de publicaçao: 15/10/2011 em Empregoti</s>
    <s>Fechar esta janela x</s>
    <s>Revisor / Tradutor, Sao Paulo</s>
    <s>atividades:atuar com revisão ortográfica e gramatical de livros, revistas e tradução do inglês e português. experiências:experiencia em revisão de textos e em tradução do inglês para português.conhecimentos:ensino superior em letras.regime de contratação: cltinformações adicionais:ter fácil acesso à </s>
    <s>revisor tradutor Paulo</s>
    <s>Data de publicaçao: 25/10/2020 em Manager</s>
    <s>Fechar esta janela x</s>
    <s>letras, jornalismo, publicidade e propaganda, radio tv.</s>
    <s>estudante de : letras, jornalismo, publicidade e propaganda, radio tv. atividade do estagiario: revisor de textos e peças publicitarias.bairro / regiao de residencia: mogi das cruzes sexo: indiferente estado civil: indiferenteperiodo que estu Data de publicaçao: 30/09/2011 em Trabalhando.com.br</s>
    <s>Fechar esta janela x</s>
    <s>revisor de texto - fortaleza-ce</s>
    <s>oportunidade atuara com revisao de textos de livros didaticos de educacao infantil ensino fundamental i e i e ensino medio possuir o ensino superior completo ou cursando preferencialmente em letras pedagogia ou comunicacao social ter conhecimentos em informatica forma de contato</s>
    <s>revisor texto Fortaleza</s>
    <s>Data de publicaçao: 07/08/2011 em Vagadetrabalho</s>
    <s>Fechar esta janela x</s>
    <s>Revisor, Palmas</s>
    <s>Centro de ensino</s>
    <s>revisão ortográfica de textos, conferência das solicitações feitas pelo cliente, checagem das apólices do cliente.</s>
    <s>revisor Palmas</s>
    <s>Data de publicaçao: 14/04/2010 em Red Trabajar</s>
    <s>Fechar esta janela x</s>
    <s>letras, jornalismo, publicidade e propaganda, radio tv.</s>
    <s>estudante de : letras, jornalismo, publicidade e propaganda, radio tv. atividade do estagiario: revisor de textos e peças publicitarias.bairro / regiao de residencia: mogi das cruzes sexo: indiferente estado civil: indiferenteperiodo que estu Data de publicaçao: 30/09/2011 em Trabalhando.com.br</s>
    <s>Fechar esta janela x</s>
    <s>Revisor, Vitória</s>
    <s>Centro de ensino</s>
    <s>revisão ortográfica de textos, conferência das solicitações feitas pelo cliente, checagem das apólices do cliente.</s>
    <s>revisor Vitória</s>
    <s>Data de publicaçao: 14/04/2010 em Red Trabajar</s>
    <s>Fechar esta janela x</s>
    <s>letras, jornalismo, publicidade e propaganda, radio tv.</s>
    <s>estudante de : letras, jornalismo, publicidade e propaganda, radio tv. atividade do estagiario: revisor de textos e peças publicitarias.bairro / regiao de residencia: mogi das cruzes sexo: indiferente estado civil: indiferenteperiodo que estu Data de publicaçao: 30/09/2011 em Trabalhando.com.br</s>
    <s>Fechar esta janela x</s>
    <s>Consultar Instrutor para Curso em PHP</s>
    <s>DE R$ 3.001,00 A R$ 4.000,00</s>
    <s>instrutor para curso em php atividades: - ministrar aulas em php orientado a objetos com banco de dados mysql. utilização de java e jquery. - avaliar os alunos durante todo conteúdo programático itens exigidos: - experiência de 1 ano ministrando cursos em php itens desejáveis: - certificação zend ph </s>
    <s>Data de publicaçao: 29/09/2011 em Ceviu +info</s>
    <s>Voce quer receber alertas por e-mail?</s>
    <s>Voce pode cancelar o seu alerta de vagas por e-mail a qualquer momento.</s>
    <s>1 proximo</s>
    <s>Fechar filtros «</s>
    <s>para a</s>
    <s>sao paulo (3)</s>
    <s>barueri (2)</s>
    <s>rio de janeiro (2)</s>
    <s>são paulo (2)</s>
    <s>adamantina (1)</s>
    <s>curitiba (1)</s>
    <s>fortaleza-ce (1)</s>
    <s>palmas (1)</s>
    <s>são paulo - sp (1)</s>
    <s>são paulo (4)</s>
    <s>sao paulo (3)</s>
    <s>rio de janeiro (2)</s>
    <s>sp (2)</s>
    <s>ceara (1)</s>
    <s>tocantins (1)</s>
    <s>centro de ensino (3)</s>
    <s>confidencial (1)</s>
    <s>f&amp;ac publicidade ltda (1)</s>
    <s>groupon (1)</s>
    <s>Enviar os resultados desta busca para um amigo:</s>
    <s>A mensagem n\u00E3o foi enviada. Desculpe o inc\u00F4modo.</s>
    <s>Por favor, entra no endereço do remetente</s>
    <s>Por favor, entra no endereço do destinat\u00E1rio</s>
    <s>De meu endereço de e-mail:</s>
    <s>Para este endereço de e-mail</s>
    <s>Adicionar uma mensagem (opcional)</s>
    <s>foi enviado Seu e-mail para Enviar outro e-mail</s>
    <s>Buscas mais frequentes:</s>
    <s>telemarketing ativo navirai</s>
    <s>portaria boa vargem grande</s>
    <s>salário diretor planejamento</s>
    <s>mensageiro tremedeira</s>
    <s>cozinheiro industrial pai paulo</s>
    <s>biomédico saude</s>
    <s>médico angiologista monjolinho</s>
    <s>professor idiomas fazenda do japao</s>
    <s>técnico alimentos pitombeira</s>
    <s>clínica pontao</s>
    <s>Advertencia juridica | Contacta-nos | Publique o seu anuncio em Mitula | Brevemente | FAQ | Buscas mais frequentes | Últimas buscas</s>
  </text>
</page>
