<?xml version="1.0" encoding="UTF-8"?>
<!DOCTYPE page SYSTEM "page.dtd">
<page>
  <lang>pt</lang>
  <url>http://malcwfqva.info/2011/98nenhum1-ojzz-ptbr/</url>
  <title>98nenhum1</title>
  <snippet>
    <s>1 jan. 2011 Os membros de Comitê de Viagem de Campo em este ano são Dom Chesnut, Cortland Eble, . dado em um programa de computador que gerará colunas gráficas. o patrocinio de junta de um Darwin Conferência em a Universidade de . (GIS) e Petroleum Geologia (ESRI) KSPG Campo e Banquete Anuais Viagem, </s>
  </snippet>
  <text>
    <s>Written on January 1, 2011 at 3:44 pm by admin</s>
    <s>Filed under {no comments}</s>
    <s>SUMMER 1998 Volume 2, Número 1 Mensagem do Presidente: Dom Chesnut</s>
    <s>Cumprimentos. O Comitê Executivo do KSPG tem criado algumas oportunidades novas para os membros e o públicos que somos muito entusiasmados aproximadamente e te pensais será demasiado. Estes incluem listas de e-mail novo, seminários, formação, uma viagem de campo de queda único, e oportunidades para educação pública. Vários comitês novos ao comando dos voluntários serão responsáveis para em desenvolvimento a cada qual destas oportunidades. O Comitê de Seminário é um comitê novo ao comando de Jim Drahovzal. Jim e seu comitê encontrarão hablantes de uma variedade das disciplinas para apresentações agüentaram durante o ano. Em este ano, estamos apontando para uma apresentação a cada dois meses. Jim informará seus planos em uma seção seguinte. O Comitê de Formação novo, presidido por Brandon Nuttall, existe para planejar e proporcionar qualquer treinando KSPG necessidade de membros e em os custos possíveis mais baixos. Várias sessões de formação já têm sido planejadas para este ano tão controle em o relatório de Comitê da Formação por Brandon e sinal acima para estes dantes de que estão enchidos. Os membros de Comitê de Viagem de Campo em este ano são Dom Chesnut, Cortland Eble, Garland Dever, e Stephen Greb. Estão planejando uma a maioria de queda incomum viagem de campo descreveu com mais detalhe mais tarde. Esta viagem de campo tem dirigido à criação do comitê novo seguinte. O Assinalado Geologic Comitê de Lugares, para ser ao comando de William &quot;Drew&quot; Andrews, esteve criado para trazer atenção pública a importante geologic lugares em Kentucky. Os deveres deste comitê não só inclui determinar lugares dignos, mas informação em desenvolvimento sobre os lugares para o público, promovendo oportunidades para educação pública e em instalar sitio cerimônias de prêmio. O primeiro tal lugar é o tema da viagem de campo desta queda, Vazio de Libra em Letcher Condado. Dois e-mail novo foros (listas, listservs, ou listservers) tem sido setup pelo KSPG. Estes são KYGEOLOGIST e EARTHK-12. EARTHK-12 está desenhado para assistir professores de ciência da terra (guardería a grau 12) e não é restrito a Kentucky. Se és um professor de ciência da terra ou se gostarias de assistir professores de ciência da terra, terias que unir esta lista. Para unir, enviar um e-mail a… listserv@lsv.uky.edu Utilizar nenhuma linha sujeita, mas em o tipo de campo do texto subscreve earthk-12 firstname lastname (substituto</s>
    <s>Vosso nome para os campos de nome) e então enviar a mensagem. Listserv Automaticamente gravará vossa direção de correio eletrônico e subscrever à lista. Então, se queres perguntar uma qüestão ou contestar alguém mais qüestão, enviarias um e-mail à direção seguinte… earthk-12@lsv.uky.edu Listserv automaticamente distribuirá o e-mail a todo mundo mais subscrito à lista. KYGEOLOGIST É uma lista de e-mail para qualquer interessado em geologia de Kentucky ou a profissão de geologia em Kentucky. Isto é para consultar, acadêmico, ou governo geologists ou inclusive aficionados, estudantes ou professores. As qüestões podem variar de `Onde é ali um lugar bom para encontrar fósseis?&quot; A &quot;Onde arquivo estas classes de permissões?&quot; As respostas provirão outros subscritores. KSPG também anúncios de marca a esta lista aproximadamente treinando e seminários. Para unir, enviar um e-mail a… listserv@lsv.uky.edu Utilizar nenhuma linha sujeita, mas em o tipo de campo do texto subscreve kygeologist firstname lastname (substituto vosso nome para os campos de nome) e então enviar a mensagem. Listserv Automaticamente gravará vossa direção de e-mail e subscrever à lista. Então, se queres perguntar uma qüestão ou contestar alguém mais qüestão, enviarias um e-mail a… kygeologist@lsv.uky.edu Listserv Automaticamente distribuirá o e-mail a todo mundo mais subscrito à lista. Steve Greb é o listowner (diretor) do EARTHK-12 lista e eu sou listowner do KYGEOLOGIST pronta. Se tens qüestões sobre qualquer lista, contato-nos em… chesnut@kgs.mm.uky.edu Não chestnut@ ou greb@kgs.mm.uky.edu O Comitê Executivo também está trabalhando em um lugar site novo para o KSPG. Somos em o processo de provar para localizar um provedor de serviço do internet com as opções corretas e preço. Dom Chesnut</s>
    <s>KSPG Ganhador de Concurso do logotipo</s>
    <s>Em o último newsletter, anunciamos um concurso de logotipo para o KSPG. Recebemos entradas excelentes numerosas, qualquer do qual teria feito um logotipo bom. Ao final, o Comitê Executivo selecionou um que vês em a coberta deste newsletter. O desenhador deste logotipo é Collie Rulo. Felicitaciones, Collie, tens justo um o $100 prêmio!</s>
    <s>Comitê de Viagem do campo</s>
    <s>Em este ano sitio de viagem do campo te assombraráÉ verdadeiramente o rock mais magnífico exposição em Kentucky. Seja tão que inspira sobrecogimiento que viemos acima com um &quot;assinalados geologic señalamiento de lugar para o outorgar. O lugar é o novo roadcut acima Montanha de Pino próxima Jenkins, KY em Letcher Condado. Chamamo-lo a Seção de Vazio da Libra porque o Vazio de Libra de cruzes de estrada em a parte superior de Montanha de Pino. A base da exposição contém Devonian negro shales e a parte superior tem mais Baixa Pennsylvanian estratos. Quase 2,000 pés de estratos estão expostos ali incluindo todo o Mississippian. Quando vês esta exposição verás por que éramos tão entusiasmados. Temos atribuído 15 cientistas para trabalhar em vários aspectos da exposição ali para a viagem de campo. Drew Andrews (KGS) e John Nelson (Illinois Encuesta Geológica Estatal) está trabalhando em as características estruturais que incluir a culpa de Montanha do Pino exposta em parte em a base da seção e a culpa de Vazio da Libra exposta em a parte superior.</s>
    <s>Summer 1998</s>
    <s>O Newsletter da Sociedade de Kentucky de Profissional Geologists</s>
    <s>Frank Ettensohn (Reino Unido) será examinar o Sunbury a Ohio Shale seção. Paul Howell (Reino Unido) e Charlie Mason (Morehead Estatal Univ.) Está trabalhando em o Grainger Formação. Garland Dever e David Harris (ambos KGS) está trabalhando em o mais Baixo Newman enquanto Frank Ettensohn está trabalhando em o Superior Newman e zonas marinhas em o Pennington Grupo. Karen Houck (Oriental Ky. Univ.) E Steve Greb (KGS) está trabalhando em o tosco clastic rochas acima do Newman (i.e., o Pennington e Pennsylvanian estratos). Michael Caudill (Univ. De Akron) será estudar o paleosols (sujeira de fóssil) do Pennington para determinar o clima antigo e Cortland Eble será examinar o palynology da seção para determinar as idades relativas dos estratos expostos ali. Dão Phelps (Ky. Sociedade paleontológica) será compilar paleontologic dado. Brandon Nuttall, Anna Watson (ambos KGS), e Jack Wilhoit (estudante de Reino Unido) comparará registros de raio gama de azeite de área e gasista wells com um scintillometer o registro corrido por Franco Ettensohn classe. Centrarão em a função que este jogo de unidades em azeite e produção gasista. David Harris (KGS) está compilando a seção medida, o erosional perfil e o scintillometer dado em um programa de computador que gerará colunas gráficas. John Nelson e Dom Chesnut fez a seção medida original. A viagem de campo será setembro agüentado 25-26 (halfday sexta-feira e todo o dia sábado). Em a sexta-feira anochecer teremos charlas e todo o dia sábado seremos em a exposição. Contatamos locais e D.Ou.T. Oficiais sobre nossa viagem de campo e o señalamiento especial temos dado o lugar. Têm devindo seguidores entusiastas de nossos esforços. A Cidade de Jenkins proporcionará uma comida livre para participantes em seu parque de cidade. O Whitesburg Campus de Southeastern Universidade de Comunidade proporcionará duas furgonetas e motoristas e sentará em as mesas de inscrição. Várias estações de televisão provavelmente cobrirão a viagem de campo. Os planos estão sendo fatos para índices de grupo em hotéis locais e para uma área de reunião grande para as charlas de anochecer da sexta-feira. Acho que isto será uma viagem de campo popular.</s>
    <s>ADIANTADO BEM-LOGGING TÉCNICAS EM O APPALACHIAN BACIA</s>
    <s>O Petroleum Conselho de Transferência da Tecnologia (PTTC) e Kentucky Encuesta Geológica (KGS) anfitrião uma oficina em cima adiantada bem-logging técnicas, junho 29, 1998, em a Encuesta em o campus da Universidade de Kentucky, Lexington, Kentucky. A oficina está pretendida para dar azeite e operadores gasistas uma introdução ao adiantado bem-logging a tecnologia disponível em o Appalachian Bacia. Aplicações de várias ferramentas e a interpretação dos registros será apresentada. A inscrição será $80.00 e inclui rompimentos, comida, e materiais de curso. PARA CONTATO de INSCRIÇÃO: Kim King OISTL/Universidade de Engenharia 107 MMRB Lexington, Kentucky 40506-0107 Telefone: (606) 257-4634 Fax: (606) 257-2173 PÁRA MAIS INFORMAÇÃO: Brandon C. Nuttall Kentucky Encuesta Geológica 228MMRB Universidade de Kentucky Lexington, Kentucky 40506-0107 Telefone: (606) 257-5500 E-mail: bnuttall@kgs.mm.uky.edu</s>
    <s>Comitê de Seminário Informa</s>
    <s>Vários seminários estão planejados para os meses venideros: junho 29 Adiantou Bem-Logging Técnicas em o Appalachian Bacia, apresentado por Brad Posner, Sclumberger Bem Serviço, Kentucky Encuesta Geológica, Lexington, 8:00 sou-4:00 pm, inscrição $80, patrocinado por Petroleum Conselho de Transferência da Tecnologia e KSPG. (Vê em cima para informação detalhada.) Julio 22 Seepage Remediation em Patoka Lago, Indiana, apresentado por Edward W. Woolery, Corpo de EE.UU. de Engenheiros, Kentucky Encuesta Geológica Lexington, recepção em 6:30, apresentação em 7:30. Setembro, data tba Sistemas de Informação Geográfica (GIS) e Petroleum Geologia, apresentado por representantes de ESRI, W.T. Young Biblioteca, Lexington, patrocinado por Petroleum Conselho de Transferência da Tecnologia e KSPG. Fevereiro, data tba, 1999 estamos considerando o patrocinio de junta de um Darwin Conferência em a Universidade de Kentucky com o Kentucky Sociedade Paleontológica para uma apresentação em a evolução de cavalos por Bruce MacFadden/Bruce Macfadden, Museu de Flórida de Universidade e História Naturais de Flórida. Em o futuro, também estamos considerando GIS cursos curtos para áreas gerais e específicas de geologia e possivelmente curso a escasso em o uso e desenvolvimento de spreadsheets para aplicações geológicas. Deixado saber-nos se tens ideias para seminários e apresentação que gostarias de ver. Jim Drahovzal</s>
    <s>Assinalado Geologic Comitê de Lugares</s>
    <s>O lugar de Vazio de Libra agobiante fiz-nos realizar que teríamos que ser designar seguros importantes geologic características em o estado como &quot;assinalado geologic lugares.&quot; Este señalamiento tem umas relações públicas enormes e potencial de educação pública. A Seção de Vazio da Libra será nosso primeiro. Escrevi uma letra ao Secretário de Gabinete do Transporte, James Codell, falando nosso señalamiento e extolling as virtudes do lugar de Vazio da Libra. A letra circulou amplamente do Governador a oficiais locais em Jenkins. Aparentemente remova um muito receptive audiência. Oficiais locais em Letcher o condado está esperando pôr em um centro bem-vindo em Vazio de Libra e nosso señalamiento vieram justo a tempo para ajudar promover o centro. Se financiado, provavelmente podemos ir para ajudar o plano educativo geologic exposições em o centro. Os lugareños eram também muito interessados em a atividade científica em o lugar e em o campo tropeça esta queda. Duas área T.V. As estações querem filmar não só a viagem de campo, mas também a atividade do geologists estudando o afloramiento dantes da viagem de campo. Que uma maneira grande para promover geologiaDrew Andrews será tomar sobre este comitê após o Simposio Anual. Drew fará arranjos para a cerimônia de señalamiento em Jenkins em o fieldtrip (se os planos saem). Em o futuro, ele e seu comitê proporão outros lugares importantes para promover em Kentucky e proporcionar informação de fundo para sinais, exposições, etc. Dom Chesnut</s>
    <s>AAPG Casa de Relatório de Delegados</s>
    <s>Summer 1998</s>
    <s>O Newsletter da Sociedade de Kentucky de Profissional Geologists</s>
    <s>Pontos destacados do AAPG Casa dos delegados que Conhecem, Salt Lake City, Utah, maio 17 ?ational Os agentes estiveram anunciados; são:</s>
    <s>?Residente: M. Ray Thomasson, Thomasson Sócio Assoc., Vice-presidente de Denver: Martha Lou Broussard, Tesorero de Houston: Terry L. Hollrah, Hollrah Exploração Co., Cidade de Oklahoma</s>
    <s>Bylaws E se o Comitê Executivo tem que só mechanically interpretar a Constituição ou seu espírito&quot; e &quot;intent&quot; , também. O Comitê ad hoc em cima Constituição e Bylaws relatório de Processo da Emenda será apresentado ao Comitê Executivo para sua consideração. Jim Drahovzal</s>
    <s>New Agentes da Casa de Delegadas esteve votada em cima em a reunião; são:</s>
    <s>?irman: John R. Hogg, PanCanadian Petroleum, Editor de Secretário/da Calgary: Jean R. Lemmon, Consultando Geologist, Tulsa</s>
    <s>Relatório Kenneth de Tesorero/de secretário W.</s>
    <s>Kuehn Em cima junho 8, 1998 o KSPG comprovando equilíbrio de conta era $6,592.51. A Sociedade atualmente leva 245 membros ativos em seu banco de dados, 140 de quem tem pago seu dues para 1998. Se tens não ainda regressou vosso dues declaração e $10 controle, comprazer fazer tão imediatamente. Se tens misplaced a forma ou pensar não recebeste um, comprazer deixado me saber. Desejos melhores, Kenneth W. Kuehn Geologia-WKU !1 Maneira Vermelha Grande Bowling Verde, KY 42101-3576. (502)745-3082 kenneth.kuehn@wku.edu</s>
    <s>A mudança proposta ao AAPG Bylaws com respeito ao uso do prazo, geoscience em lugar da geologia perdida a raiz do fato que o nome da organização ainda retém o prazo, geologists. O relatório final em o Futuro de Comitê de Cientistas da Terra que olhado a necessidades educativas futuras e a percepção do público de profissional geologists esteve aprovado e enviado ao Comitê Executivo para ação. Aplicações do seguindo para devir Afilió Sociedades de AAPG esteve aprovado unanimemente pela Casa:</s>
    <s>?rofessional Geologists De Indiana, Inc. Sociedade Geológica de Índia Associação marroquina de Petroleum Geologists</s>
    <s>?Ele Comitê ad hoc Editor Eleito em cima o relatório esteve recebido e passou atrás ao comitê para trabalho mais longínquo. Isto trata o processo eleito para o editor e problemas com o expandiu deveres daquela posição. O relatório das Honras &amp; Outorga o comitê esteve aprovado pela Casa. Proporcione quatro honras e prêmios para serviço à Casa de Delegados: Certificado de Casa de Mérito, Casa Prêmio de Serviço Longo, Membro Assinalado da Casa, e Honorary Membro da Casa. O Comitê ad hoc em Ethics o relatório esteve aprovado pela Casa. Proposto altera para a Constituição e Bylaws é com respeito a standardes de prática ética, delinqüente felony-cargos de nível e os assuntos morais serão considerados pelo Comitê Executivo e votou em cima em uma data mais tardia pela Casa. O Comitê ad hoc em cima resolução de Afiliación com respeito ao eliminando em o Bylaws a Categoria de Afiliación do Jovem esteve passada de longo o requerido 2/3 maioria da Casa. Esta ação eliminará a Afiliación de Jovem em cinco anos, aqueles membros automaticamente devindo Associa em aquele tempo. A resolução de Comitê de Afiliación ad hoc com respeito a uma mudança em o requerido três membro ativo referências para AAPG a afiliación falhada e esteve referido atrás ao comitê para refinamiento.</s>
    <s>CANDIDATOS de AGENTE PRECISARAM</s>
    <s>É já cronometrar para começar pensando aproximadamente em este ano eleiçõesPrecisaremos candidatos para a posição de Presidente-eleito, para substituir John Popp quem devém nosso Presidente em 1999, bem como para Councilor substituindo Mike maio cujo prazo expira ao final do ano. Segundo o Bylaws, o Presidente-eleito serve em o Comitê Executivo para três anos, em um ano quando Presidente-eleito, o depois tão KSPG Presidente, e o terceiro Presidente tão Passado. Isto é nossa a maioria de posição importante mas não se preocupa, terá abundância de cronometrar a 'aprender as cordas' e facilidade às funções de Comitê Executivas. Um Councilor serve para dois anos, proporciona ideias à direção e atividades do KSPG, e actua deveres quando dirigidos pelo Comitê Executivo. Todos os agentes estão esperados para atender as reuniões de Comitê Executivas (três ou quatro durante o ano) e participar em o planejamento e desenvolvimento de nossas atividades formais que atualmente incluir o Kentucky Geosciences Simposio e a Reunião Anual. Os agentes têm que agüentar afiliación 'Cheia' estado em a Sociedade. Isto inclui tudo registrou profissionais, eximió profissionais, e honorary membros. Associa e membros de estudante não podem agüentar escritório. Se estás interessado em servir como um agente, ou desejar mais informação aproximadamente o, comprazer Presidente de contato Dom Chesnut tão cedo como seja possível. Não é tímidoO KSPG o comitê Executivo compreende sete pessoas que gráfico junto o curso para nossa Sociedade. Vossa disposição para contribuir e vossa preocupação para o futuro que é bem de nossa profissão é as duas cualificaciones mais importantes para estas posições. kwk</s>
    <s>Isto era um da Casa mais ativa e contenciosa reuniões que tenho nunca atendeu. A parte da razão pode ter sido relacionada a um proposto Bylaw mudança que originalmente era para vir dantes da Casa em Salt Lake City, mas que o Comitê Executivo referiu a um comitê ad hoc para recomendação, assim proibindo consideração de Casa em este ano. A medida teria mudado a composição do Conselho consultivo que recomenda o agente slate e honras e prêmios. A qüestão revuelve ao redor do legality de mudanças legislativos propostos a o</s>
    <s>Summer 1998</s>
    <s>O Kentucky Geologist</s>
    <s>Página 4</s>
    <s>1998 Lista de Jan.</s>
    <s>de Jan. das Atividades 21 maio 15 junho 29 julho 22 Sept. Sept. 25-26 Fev. `99 Eleição de Agentes Bob Fox Conferência Assinalada KSPG Kentucky Geoscience o simposio Adiantou Bem-Logging Técnicas em o Appalachian Bacia (PTTC e KGS) Seepage Remediation em Patoka Lago, Indiana, conferência por Edward W. Woolery Sistemas de Informação geográfica (GIS) e Petroleum Geologia (ESRI) KSPG Campo e Banquete Anuais Viagem, Montanha de Pino, Jenkins, KY Darwin Conferência em a evolução de cavalos por Bruce MacFadden/Bruce Macfadden</s>
    <s>Não esquece para enviar vosso Dues se não tens feito tão !$$$</s>
    <s>Mark vossos calendários agora para nosso upcoming acontecimentosQueremos-te ver ali !!!</s>
    <s>Sociedade de Kentucky de Profissional Geologists 228 Recursos Mineiros e Minerales que Constroem Universidade de Kentucky Lexington, KY 40506-0107 correção de Direção pediu</s>
    <s>Subscribe / Share</s>
    <s>Comments are closed</s>
    <s>Previous Documents</s>
    <s>PiscataquisMabelsbookPublication Versión4.1</s>
    <s>PiscataquisMabelsbookPublication Versione4.1</s>
    <s>PiscataquisMabelsbookPublication version4.1</s>
    <s>PiscataquisMabelsbookPublication version4.1</s>
    <s>PiscataquisMabelsbookPublication Versão4.1</s>
    <s>PiscataquisMabelsbookPublication Versiune4.1</s>
    <s>PiscataquisMabelsbookPublication Versiune4.1</s>
    <s>Conservă De natură de pârâiaș de clopot</s>
    <s>PiscataquisMabelsbookPublication Versión4.1</s>
    <s>Conserve de nature de rierol de cloche</s>
    <s>Next Documents</s>
    <s>53243 954834872</s>
    <s>53243 954834872</s>
    <s>53243 954834872</s>
    <s>53243 954834872</s>
    <s>aem00008 0121</s>
    <s>aem00008 0121</s>
    <s>53243 954834872</s>
    <s>53243 954834872</s>
    <s>aem00008 0121</s>
    <s>53243 954834872</s>
    <s>53243 954834872</s>
    <s>53243 954834872</s>
    <s>aem00008 0121</s>
    <s>53243 954834872</s>
    <s>53243 954834872</s>
    <s>53243 954834872</s>
    <s>Random Documents</s>
    <s>UCRAINA PELERINAJ autocar 7 zile</s>
    <s>UCRAINA PELERINAJ autocar 7 zile</s>
    <s>mos 6526 cia 2</s>
    <s>Alarma burglar sistema residencial comercial</s>
    <s>spicher clement favre 2008</s>
    <s>1971 Honeycomb</s>
    <s>Smyth SWCARB 17aprile07</s>
    <s>Codigo desbloqueio Nokia 3310</s>
    <s>brian farrell cv</s>
    <s>AlecClaytonWorks resumeix</s>
    <s>Rankin 06 adjus artif coral</s>
    <s>GSD Considerou perigoso 0710</s>
    <s>cheddar chive crisps</s>
    <s>UCRAINA PELERINAJ autocar 7 zile</s>
    <s>Case Study Maimonides v 2 0 110426</s>
    <s>Burroughs, Edgar Arroz Martian Contos 03 Warlord de Marte</s>
    <s>mos 6526 cia 2</s>
    <s>Și24 II</s>
    <s>Bengala de xoc CME</s>
    <s>Formă De supunere cursului</s>
    <s>ect00 2</s>
    <s>MICROkare Cannulas</s>
    <s>Forma di sumisión del corso</s>
    <s>110529 Caballeria</s>
    <s>BS Gr 12 Session 3 LN EE BEE NCAct 2011 rev</s>
    <s>Pàgina158 volum26 23rdfebruary 1901</s>
    <s>2011 Malcwfqva Back to top ↑</s>
  </text>
</page>
