<?xml version="1.0" encoding="UTF-8"?>
<!DOCTYPE page SYSTEM "page.dtd">
<page>
  <lang>pt</lang>
  <url>http://enancib.ibict.br/index.php/xi/enancibXI/schedConf/program</url>
  <title>Programa - Instituto Brasileiro de Informação em Ciência e Tecnologia</title>
  <snippet>
    <s>Clique no link a seguir para visualizar o programa da conferência. Coordenadora do Programa de Pós-Graduação em Ciência da Informação, . 14:00 - IMPORTÂNCIA ECONÔMICA DA INDÚSTRIA DE DIREITO DE AUTOR NO BRASIL. 14:00 - EVOLUÇÃO QUANTITATIVA DA PRODUÇÃO DE ARTIGOS DE </s>
  </snippet>
  <text>
    <s>!Imagem de cabeçalho de páginas internas</s>
    <s>Sistema Eletrônico de Administração de Conferências</s>
    <s>Lembrar de mim</s>
    <s>Assinar / Cancelar assinatura de notificações</s>
    <s>Idioma English Português (Brasil)</s>
    <s>Conteúdo da Conferência Pesquisa</s>
    <s>Todos Autor Título Resumo Termos indexados Texto Completo</s>
    <s>Informações sobre a Conferência</s>
    <s>» Visão Geral</s>
    <s>» Políticas das Trilhas</s>
    <s>» Programa</s>
    <s>» Apresentações</s>
    <s>» Agenda da Conferência</s>
    <s>» Inscrição</s>
    <s>» Acomodações</s>
    <s>» Organização e Parceiros</s>
    <s>» Cronograma</s>
    <s>Por Conferência</s>
    <s>Por Autor</s>
    <s>Por título</s>
    <s>Tamanho da fonte</s>
    <s>Para leitores</s>
    <s>Para Autores</s>
    <s>Conferências atuais</s>
    <s>FORUM de SAUDE</s>
    <s>Prêmio ANCIB</s>
    <s>ANAIS ELETRÔNICOS</s>
    <s>Capa &gt; XI ENANCIB - Encontro Nacional de Pesquisa em Ciência da Informação &gt; XI ENANCIB - Tema: Inovação e inclusão social: questões contemporâneas da informação &gt; Programa</s>
    <s>Clique no link a seguir para visualizar o programa da conferência.</s>
    <s>Programação do XI ENANCIB</s>
    <s>25 de outubro - segunda-feira</s>
    <s>9:00 Reuniao dos Coordenadores dos Programas de Pos-Graduaçao em Ciencia da Informaçao e areas</s>
    <s>Local: IBICT - Rua Lauro Muller, 455 - Auditorio Ministro Joao Alberto - Urca</s>
    <s>Reuniao dos Coordenadores dos Grupos de Trabalho</s>
    <s>Local: IBICT - Rua Lauro Muller,455 - Auditorio Oliveira Castro- Urca</s>
    <s>10:15 Intervalo</s>
    <s>10:30 Forum dos Coordenadores dos Programas de Pos-Graduaçao em Ciencia da Informaçao e areas</s>
    <s>afins e Coordenadores dos Grupos de Trabalho da ANCIB</s>
    <s>Local: IBICT - Rua Lauro Muller, 455 - Auditorio Ministro Joao Alberto -- Urca</s>
    <s>12:00 Almoço</s>
    <s>Local: CPRM - Av. Pasteur, 404 - Urca</s>
    <s>13:00 Credenciamento</s>
    <s>15:00 Abertura Oficial</s>
    <s>Celia Ribeiro Zaher</s>
    <s>Coordenadora do Programa de Pos-Graduaçao em Ciencia da Informaçao, Convenio IBICT-UFRJ</s>
    <s>Joana Coeli Ribeiro Garcia</s>
    <s>Presidente da Associaçao Nacional de Pesquisa e Pos-Graduaçao em Ciencia da Informaçao - ANCIB</s>
    <s>Emir Jose Suaiden,</s>
    <s>Diretor do Instituto Brasileiro de Informaçao em Ciencia e Tecnologia -IBICT</s>
    <s>Luiz Cleber Gak</s>
    <s>Decano do Centro de Ciencias Humanas da UNIRIO</s>
    <s>Umberto Trigueiros</s>
    <s>Diretor do Instituto de Comunicaçao e Informaçao Cientifica e Tecnologica em Saude - ICICT/FIOCRUZ</s>
    <s>15:30 Conferencia: &quot;Inovaçao e Inclusao Social&quot;</s>
    <s>Emir Jose Suaiden - Diretor do IBICT</s>
    <s>16:30 Coffee Break</s>
    <s>16:45 Conferencia: &quot;Challenges for Information Retrieval Research in the 21st Century&quot;</s>
    <s>Nicholas Belkin - Rutgers, The State University of New Jersey, EUA</s>
    <s>17:45 Homenagem aos 40 Anos do Programa de Pos-Graduaçao em Ciencia da Informaçao do IBICT</s>
    <s>Rosali Fernandez de Souza , IBICT</s>
    <s>Jorge Calmon de Almeida Biolchini , IBICT</s>
    <s>18:00 Coquetel</s>
    <s>Apresentaçoes de Trabalhos:</s>
    <s>Local: UNIRIO, Escola de Biblioteconomia, Av. Pasteur, 458-Urca</s>
    <s>DIA 26 DE OUTUBRO - TERÇA-FEIRA</s>
    <s>GT 1: ESTUDOS HISTÓRICOS E EPISTEMOLÓGICOS DA CIÊNCIA DA INFORMAÇÃO</s>
    <s>COORDENADORA: LENA VANIA RIBEIRO PINHEIRO, IBICT</s>
    <s>RELATORA: ICLEIA THIESEN</s>
    <s>09:00 - ANÁLISE DA TERMINOLOGIA SOVIÉTICA &quot;INFORMATIKA&quot; E DA SUA UTILIZAÇÃO</s>
    <s>NAS DÉCADAS DE 1960 E 1970. ROBERTO SANTOS JÚNIOR</s>
    <s>09:30 - DO DOCUMENTO IMPRESSO À INFORMAÇÃO NAS NUVENS: REFLEXÕES. JAIME ROBREDO</s>
    <s>10:15 - FLUXO DA INFORMAÇÃO ENTRE COLECIONADORES, ESCRIBAS E CIENTISTAS</s>
    <s>ÁRABES NA PRÉ INSTITUCIONALIZAÇÃO DA CIÊNCIA, SÉCULOS IV AO XV. VALÉRIA GAUZ ; LENA VANIA RIBEIRO PINHEIRO</s>
    <s>10:45 - MARCOS HISTÓRICOS DA CIÊNCIA DA INFORMAÇÃO NO BRASIL E NO MUNDO</s>
    <s>(PÔSTER). MÁRCIO GONÇALVES; MÁRCIA FEIJÃO FIGUEIREDO</s>
    <s>11:00 - DEBATE GERAL DOS TRABALHOS DA MANHÃ</s>
    <s>RELATOR: EDUARDO ISMAEL MURGUIA</s>
    <s>14:00 - DO PRINCÍPIO MONOGRÁFICO À UNIDADE DOCUMENTÁRIA: EXPLORAÇÃO DOS FUNDAMENTOS DA CATALOGAÇÃO. CRISTINA DOTTA ORTEGA</s>
    <s>14:30 - A DOCUMENTAÇÃO NO BRASIL DURANTE O ESTADO NOVO. NANCI ODDONE</s>
    <s>15:00 - COLEÇÃO ETNOGRÁFICA, DISCURSO E FORMAÇÃO DISCURSIVA: UMA ABORDAGEM INTERDISCIPLINAR. JOSÉ MAURO M. LOUREIRO ; MARIA LUCIA N. M LOUREIRO ; DANIEL MAURÍCIO VIANA DE SOUZA; SABRINA DAMASCENO SILVA</s>
    <s>15:45 - INTERLOCUÇÕES ENTRE A ARQUIVOLOGIA INTERNACIONAL E A NACIONAL: REFERENCIAIS TEÓRICOS PARA A SUA COMPREENSÃO. ANGÉLICA MARQUES; GEORGETE RODRIGUES</s>
    <s>16:15 - A NOÇÃO DE INFORMAÇÃO ARQUIVÍSTICA. ELIEZER PIRES DA SILVA</s>
    <s>17:00 - DEBATE GERAL DOS TRABALHOS DA TARDE</s>
    <s>GT 2: ORGANIZAÇÃO E REPRESENTAÇÃO DO CONHECIMENTO</s>
    <s>COORDENADORA: MARIA LUIZA DE ALMEIDA CAMPOS, UFF</s>
    <s>MESA 1: ESTUDOS EM ARQUITETURA E ORGANIZAÇÃO DA INFORMAÇÃO</s>
    <s>RELATOR: RENATO ROCHA SOUZA</s>
    <s>DEBATEDORES: CARLOS HENRIQUE MARCONDES DE ALMEIDA ; GERCINA ÂNGELA BORÉM DE OLIVEIRA LIMA</s>
    <s>9:30 - SOBRE O PENSAMENTO DE PEIRCE E A ORGANIZAÇÃO DA INFORMAÇÃO. CARLOS CÂNDIDO DE ALMEIDA</s>
    <s>10:30 - ORGANIZAÇÃO DA INFORMAÇÃO NA PLATAFORMA LATTES. KÁTIA MARQUES;</s>
    <s>NANCI ODDONI</s>
    <s>11:00 - A ORGANIZAÇÃO E REPRESENTAÇÃO DO CONHECIMENTO E A RECUPERAÇÃO DA</s>
    <s>INFORMAÇÃO EM NEUROLOGIA NOS WEBSITES ESPECIALIZADOS. MARCOS LUIZ CAVALCANTI DE MIRANDA; ILZA MARIA MALLRICH; CLAUDIA CÂNDIDA CONCEIÇÃO;CLAUDIA DE OLIVEIRA BORGES; MIGUEL ROMEU AMORIM NETO</s>
    <s>11:30 - ORGANIZAÇÃO DA INFORMAÇÃO EM REPOSITÓRIOS INSTITUCIONAIS: UM</s>
    <s>PARÂMETRO PARA A DESCRIÇÃO DA PRODUÇÃO CIENTÍFICA. LÍGIA PATRÍCIA TORINO; BRIGIDA MARIA NOGUEIRA CERVANTES</s>
    <s>MESA 2: ESTUDOS EM INDEXAÇÃO, DESCRIÇÃO DE DOCUMENTOS E CONTEÚDOS</s>
    <s>RELATOR: MARCOS LUIZ CAVALCANTI DE MIRANDA</s>
    <s>DEBATEDORES: LIGIA MARIA ARRUDA CAFÉ ;MARIÂNGELA SPOTTI LOPES FUJITA</s>
    <s>14:00 - INDEXAÇÃO AUTOMÁTICA DE DOCUMENTOS TEXTUAIS: PROPOSTA DE CRITÉRIOS ESSENCIAIS.</s>
    <s>GRACIANE BRUZINGA BORGES ;GERCINA ANGELA BORÉM DE OLIVEIRA LIMA</s>
    <s>14:30 - ESTUDOS DE APLICAÇÃO DA LÓGICA PARA CONSISTENTE EM UM MODELO HÍBRIDO DE INDEXAÇÃO AUTOMÁTICA. CARLOS ALBERTO CORREA; NAIR YUMIKO KOBASHI</s>
    <s>15:30 - UM MODELO SEMÂNTICO DE PUBLICAÇÕES ELETRÔNICAS. CARLOS HENRIQUE MARCONDES</s>
    <s>16:00 - METADADOS TEXTUAIS E VISUAIS PARA A RECUPERAÇÃO DE INFORMAÇÃO EM IMAGENS. RENATA ABRANTES BARACHO; BEATRIZ VALADARES CENDON; LÍDIA ALVARENGA</s>
    <s>16:30 - A ABORDAGEM DIALÓGICA NA INDEXAÇÃO SOCIAL. ROGER DE MIRANDA GUEDES; MARIA APARECIDA MOURA; EDUARDO JOSÉ WENSE DIAS</s>
    <s>GT 3: MEDIAÇÃO, CIRCULAÇÃO E APROPRIAÇÃO DA INFORMAÇÃO</s>
    <s>COORDENADOR: EDMIR PERROTTI, USP</s>
    <s>09:20 - O USO DA REDE AVAAZ.ORG PARA A CONSTRUÇÃO DA CRENÇA DA 'JUSTIÇA GLOBAL' E A MOBILIZAÇÃO SOCIAL EM CONTEXTOS DIGITAIS. DÉBORA DE CARVALHO</s>
    <s>10:20 - INFORMAÇÃO, COMUNICAÇÃO E DIVULGAÇÃO DO CONHECIMENTO NO CAMPO DA SAÚDE: REDES, MEDIAÇÕES E REPRESENTAÇÕES. REGINA MARIA MARTELETO</s>
    <s>11:00 - CRIANÇAS COM PARALISIA CEREBRAL E PERCURSO INFORMACIONAL DE MULHERES MÃES: ESTRATÉGIAS E AÇÕES NA DEFESA DA CIDADANIA. ALBERTH SANTANA SILVA;</s>
    <s>ALCENIR SOARES REIS</s>
    <s>11:40 - O PROCESSO DE CONSTRUÇÃO COLABORATIVA DO CONHECIMENTO ATRAVÉS DO USO DA PLATAFORMA MOODLE - PÔSTER. ANDRÉ FELIPE; JÚLIO AFONSO SÁ DE PINHO</s>
    <s>14:00 - A MEDIAÇÃO DA INFORMAÇÃO NOS WEBSITES DAS BIBLIOTECAS DE UNIVERSIDADES PÚBLICAS BRASILEIRAS: O USO DOS DISPOSITIVOS DE COMUNICAÇÃO - PÔSTER. RAQUEL ROSÁRIO SANTOS; HENRIETE FERREIRA GOMES</s>
    <s>14:20 - COMPORTAMENTO INFORMACIONAL DOS GESTORES DE UMA AGÊNCIA DE PROPAGANDA. CASSIANO RICARDO CSISZER; LINETE BARTALO</s>
    <s>15:20 - LEITURA DE BARRACO: UMA BIBLIOTECA ENTRE SEMENTES E PLANTIOS. LUCÍLIA MARIA SOUSA ROMÃO</s>
    <s>16:00 - BIBLIOTECAS COMUNITÁRIAS: MEDIAÇÕES, SOCIABILIDADES E CIDADANIA. LÍDIA EUGÊNIA CAVALCANTE; LUIZ TADEU FEITOSA</s>
    <s>16:40 - EFEITOS DE 64: PROCURANDO OS LIVROS CENSURADOS EM BIBLIOTECAS CARIOCAS E FLUMINENSE.</s>
    <s>MÁRCIA H. T. DE FIGUEREDO LIMA; MILTON JORGE MOREIRA BASTOS</s>
    <s>GT 4: GESTÃO DA INFORMAÇÃO E DO CONHECIMENTO NAS ORGANIZAÇÕES</s>
    <s>COORDENADORA: MARTA LÍGIA POMIM VALENTIM, UNESP</s>
    <s>08:30 - A GESTÃO DE DOCUMENTOS E DO CONHECIMENTO: UMA NECESSIDADE DOS ARQUIVOS. DENISE ALMEIDA SILVA</s>
    <s>09:00 - AMBIENTE ORGANIZACIONAL NO ENFOQUE DA ÁREA DA CIÊNCIA DA INFORMAÇÃO: UM ESTUDO EVOLUTIVO. ROSÂNGELA FORMENTINI CALDAS; LUCIANO MOURA DEBORA</s>
    <s>09:30 - DIMENSÕES DE UM MODELO DE GESTÃO DA INFORMAÇÃO NO CAMPO DA CIÊNCIA DA INFORMAÇÃO: UMA REVELAÇÃO DA PRODUÇÃO CIENTÍFICA DO ENANCIB. IRMA GRACIELLE OLIVEIRA; EMEIDE NÓBREGA DUARTE</s>
    <s>10:30 - UTILIZAÇÃO DE FONTES DE INFORMAÇÃO E CONHECIMENTO NAS INOVAÇÕES EM FUNDOS DE PENSÃO MULTIPATROCINADOS ADMINISTRADOS POR INSTITUIÇÕES FINANCEIRAS.</s>
    <s>ANTONIO JOSÉ FIGUEIREDO PEVA DE SOUSA; SUELI ANGÉLICA DO AMARAL</s>
    <s>11:00 - O FLUXO DA INFORMAÇÃO COMO MEDIADOR EM SERVIÇOS AO CIDADÃO.</s>
    <s>SANDRA FÁTIMA SANTOS; EVELINE SALOMÃO DE JESUS</s>
    <s>11:30 - ANÁLISE DE REDES SOCIAIS EM AMBIENTES INFORMACIONAIS. MARCOS LUIZ MUCHERONI; GONÇALO COSTA FERREIRA</s>
    <s>14:00 - COMPETÊNCIA INFORMACIONAL NO AMBIENTE DE TRABALHO: PERCEPÇÃO DO BIBLIOTECÁRIO DE ÓRGÃO PÚBLICO. MARLENE MORBECK COELHO</s>
    <s>14:30 - MAPEAMENTO DAS COMPETÊNCIAS GERENCIAIS NECESSÁRIAS AOS GERENTES DAS UNIDADES DE INFORMAÇÃO DOS TRIBUNAIS SUPERIORES DO PODER JUDICIÁRIO BRASILEIRO.</s>
    <s>LARISSA AMORIM CATUNDA SAMPAIO; SUELI ANGÉLICA DO AMARAL</s>
    <s>15:00 - EM BUSCA DE UM MODELO DE COMPORTAMENTO INFORMACIONAL DE USUÁRIOS DE INFORMAÇÃO FINANCEIRA PESSOAL. RODRIGO OCTÁVIO BETON MATTA; HELEN DE CASTRO SILVA CASARIN</s>
    <s>16:00 - COMPORTAMENTO INFORMACIONAL EM AMBIENTES EMPRESARIAIS: UMA ABORDAGEM CENTRADA EM MODELOS MENTAIS. LUCIANE DE FÁTIMA BECKMAN CAVALCANTE; MARTA LÍGIA POMIM VALENTIM</s>
    <s>16:30 - COMPETÊNCIA INFORMACIONAL: PROCEDIMENTOS DE BUSCA DA INFORMAÇÃO DOS PROFESSORES ASSOCIADOS DO CENTRO DE TECNOLOGIA DA UFPB. MÔNICA DE PAIVA SANTOS; GUSTAVO HENRIQUE DE ARAÚJO FREIRE</s>
    <s>17:00 - TEORIA DOS PROSPECTOS: ESTUDO SOBRE OS VIESES DE PERCEPÇÃO DO USUÁRIO DA INFORMAÇÃO NO PROCESSO DECISÓRIO. REGIS GARCIA; ADEMIR CLEMENTE; PAULO ARNALDO OLAK; BARBARA FADEL</s>
    <s>17:30 - O PAPEL DO BIBLIOTECÁRIO GESTOR: UM OLHAR A PARTIR DA BIBLIOTECA UNIVERSITÁRIA DO CENTRO UNIVERSITÁRIO DO MARANHÃO (UNICEUMA). DIRLENE SANTOS BARROS; ALEXSANDRA COSTA DUARTE</s>
    <s>GT 5: POLÍTICA E ECONOMIA DA INFORMAÇÃO</s>
    <s>COORDENADORA; SARITA ALBAGLI, IBICT</s>
    <s>09:00 - INFORMAÇÃO, AÇÃO POLÍTICA E DESENVOLVIMENTO HUMANO. LUCIA MACIEL BARBOSA DE OLIVEIRA</s>
    <s>09:30 - A CONFORMAÇÃO DE UM REGIME DE INFORMAÇÃO EM UM ARRANJO PRODUTIVO LOCAL. ADRIANE MARIA ARANTES CARVALHO; MARTA MACEDO KERR PINHEIRO</s>
    <s>10:20 - O TRABALHO EM REDE DOS TÉCNICOS EM INFORMÁTICA E A HIPÓTESE DOS TERRITÓRIOS QUALIFICANTES. LEONORA FIGUEIREDO CORSINI; GIUSEPPE MARIO COCCO</s>
    <s>10:50 - DEBATEDORA: MARIA LUCIA MACIEL</s>
    <s>14:00 - IMPORTÂNCIA ECONÔMICA DA INDÚSTRIA DE DIREITO DE AUTOR NO BRASIL.</s>
    <s>ANTONIO BRAZ DE OLIVEIRA E SILVA; ANTÔNIO MÁRCIO BUAINAIN; CÁSSIA ISABEL COSTA MENDES; SERGIO PAULINO DE CARVALHO PAULINO DE CARVALHO</s>
    <s>14:30 - O DIREITO DE CÓPIA DA PRODUÇÃO CIENTÍFICA PARA OS REPOSITÓRIOS INSTITUCIONAIS. FLAVIA MARIA BASTOS; NANCI ODDONE; SILVANA VIDOTTI</s>
    <s>15:20 - DEBATEDOR: CLOVIS RICARDO MONTENEGRO DE LIMA</s>
    <s>15:50 - INDICADORES DE CIÊNCIA TECNOLOGIA E INOVAÇÃO: PARA QUE E PARA QUEM?</s>
    <s>LIZ-REJANE ISSBERNER</s>
    <s>16:20 - INDICADORES DA PRODUÇÃO DISCURSIVA DE INOVAÇÃO NO PÓS-FORDISMO.</s>
    <s>CLÓVIS MONTENEGRO DE LIMA; LIDIANE DOS SANTOS CARVALHO</s>
    <s>16:50 - OS NÚCLEOS DE INOVAÇÃO TECNOLÓGICA (NIT) NO BRASIL E A EXPERIÊNCIA DA AGÊNCIA DE INOVAÇÃO UFPR NA PROTEÇÃO DE TECNOLOGIAS (PÔSTER). EDMEIRE C. PEREIRA; SANDRA FATIMA SANTOS</s>
    <s>17:00 - DEBATEDORA: MARIA INÊS TOMAEL</s>
    <s>GT 6: INFORMAÇÃO, EDUCAÇÃO E TRABALHO</s>
    <s>COORDENADORA: HELENA MARIA TARCHI CRIVELLARI, UFMG</s>
    <s>DEBATEDOR: MANUEL VALENTE MANGUE (UNIVERSIDADE EDUARDO MONDLANE)</s>
    <s>09:00 - CATEGORIZAÇÃO DE CONTEÚDO INFORMACIONAIS: APLICABILIDADE TEÓRICOPRÁTICA EM PROGRAMAS DE EAD ONLINE . ANDRÉA PAULA OSORIO DUQUE</s>
    <s>09:30 - INTERNACIONALIZAÇÃO DOS CURSOS DE BIBLIOTECONOMIA E CIÊNCIA DA INFORMAÇÃO: TENDÊNCIAS E DESAFIOS. ELISABETH ADRIANA DUDZIAK</s>
    <s>SESSÃO 2</s>
    <s>COORDENADOR: MANUEL VALENTE MANGUE</s>
    <s>DEBATEDORA: HELENA MARIA TARCHI CRIVELLARI</s>
    <s>10:15 - GESTÃO DA INFORMAÇÃO: INSTITUCIONALIZAÇÃO DOS ESPAÇOS DE TRABALHO</s>
    <s>E CONHECIMENTO. ANA MARIA BARCELLOS MALIN</s>
    <s>10:45 - O ENSINO EM ARQUIVOLOGIA NA UNIVERSIDADE ESTADUAL DE LONDRINA: ETAPAS DE UMA REESTRUTURAÇÃO CURRICULAR. NELMA C. ARAÚJO; LINETE BARTALO; ROSANE . LUNARDELLI</s>
    <s>11:15 - A FORMAÇÃO DO ARQUIVISTA NA UNIVERSIDADE DE BRASÍLIA E A SUA INSERÇÃO NO MERCADO DE TRABALHO DA CAPITAL FEDERAL. FLÁVIA HELENA OLIVEIRA</s>
    <s>11:45 - O ACESSO ÀS INFORMAÇÕES NOS ARQUIVOS ESCOLARES: POSSIBILIDADES DE ENSINO E APRENDIZAGEM NA PRODUÇÃO DO CONHECIMENTO (PÔSTER 1). PRISCILA RIBEIRO GOMES</s>
    <s>SESSÃO 3</s>
    <s>COORDENADORA: HELENA MARIA TARCHI CRIVELLARI</s>
    <s>DEBATEDORA: MIRIAM VIEIRA DA CUNHA</s>
    <s>14:00 - APORTES DA PÓS-GRADUAÇÃO À FORMAÇÃO DE DOCENTES NA ÁREA DA CIÊNCIA DA INFORMAÇÃO: O TIROCÍNIO DOCENTE DO PPGCI/UFBA EM FOCO. AIDA VARELA VARELA; MARILENE BARBOSA; BRUNO B. ANJOS</s>
    <s>14:30 - A ARTICULAÇÃO ENSINO-PESQUISA COMO INDICADOR DE INOVAÇÃO NA FORMAÇÃO DO PROFISSIONAL DA INFORMAÇÃO. MARA ELIANE FONSECA RODRIGUES</s>
    <s>15:15 - O CAMPO DE ESTÁGIO EM BIBLIOTECONOMIA: O OLHAR DOS ESTUDANTES, DOS PROFESSORES E DOS BIBLIOTECÁRIOS DAS INSTITUIÇÕES CONCEDENTES. EDUARDO ALENTEJO, MARIANA G. GOUVIN, DIOGO RAMOS MARINHO</s>
    <s>15:45 - ESTÁGIOS: REFLEXÕES SOBRE A AÇÃO DIDÁTICO-PEDAGÓGICA NA FORMAÇÃO DO PROFISSIONAL DA INFORMAÇÃO. ASA FUJINO; MICHELE O. VASCONCELOS</s>
    <s>16:15 - BIBLIOTECONOMIA NAS IFES DO NORDESTE: CURRICULO E EDUCAÇÃO NA PERSPECTIVA DA INCLUSÃO SOCIAL. SILVIO M. D. SANTOS; MARIA ISABEL SOUSA BARREIRA; ISA MARIA FREIRE</s>
    <s>SESSÃO 4</s>
    <s>COORDENADORA: MIRIAM VIEIRA DA CUNHA</s>
    <s>DEBATEDORA: HELENA MARIA TARCHI CRIVELLARI</s>
    <s>16:45 - PERFIS DO PROFISSIONAL DA INFORMAÇÃO: CONSIDERAÇÕES A PARTIR DE UM ESTUDO DE EGRESSOS. MARCO A. ALMEIDA, CLÁUDIO M. CASTRO FILHO</s>
    <s>17:15 - AVALIAÇÃO DE BIBLIOTECAS UNIVERSITÁRIAS DA REDE PRIVADA DE ENSINO SUPERIOR PELO MINISTÉRIO DA EDUCAÇÃO/INEP. JOELMA GUALBERTO DE OLIVEIRA; LÍGIA DUMONT</s>
    <s>17:45 - COMPORTAMENTO INFORMACIONAL DE MÉDICOS-RESIDENTES COMO SUBSÍDIO PARA A ATUAÇÃO DO BIBLIOTECÁRIO CLÍNICO EM HOSPITAIS UNIVERSITÁRIOS (PÔSTER 2). VERA SÍLVIA MARÃO BERAQUET, RENATA CIOL, FÁBIO A. HUTTER, JANET HARRISON</s>
    <s>GT 7: PRODUÇÃO E COMUNICAÇÃO DA INFORMAÇÃO EM CT&amp;I</s>
    <s>COORDENADORA: SÔNIA ELISA CAREGNATO , UFRGS</s>
    <s>09:00 - A DIMENSÃO POLÍTICA E PROCESSO DE INSTITUCIONALIZAÇÃO DA CIÊNCIA E TECNOLOGIA EM MOÇAMBIQUE. ZIMBA; MUELLER</s>
    <s>09:30 - PESQUISA INTEGRADA NOS GRUPOS DO INSTITUTO FEDERAL DE EDUCAÇÃO, CIÊNCIA E TECNOLOGIA DA PARAÍBA. PERUCCHI; GARCIA</s>
    <s>10:30 - CARACTERIZAÇÃO DE PERIÓDICOS CIENTÍFICOS DE CIÊNCIAS SOCIAIS E HUMANIDADES COM BASE EM INDICADORES BIBLIOMÉTRICOS. MUGNAINI; SANTOS</s>
    <s>11:00 - ANÁLISE DE COCITAÇÃO DE AUTORES: QUESTÕES METODOLÓGICAS. MATTOS; DIAS</s>
    <s>14:00 - EVOLUÇÃO QUANTITATIVA DA PRODUÇÃO DE ARTIGOS DE PERIÓDICOS EM CIÊNCIA DA INFORMAÇÃO: UM ESTUDO CIENTOMÉTRICO. ARBOIT; BUFREM</s>
    <s>14:30 - TENDÊNCIAS TEMÁTICAS NA COMUNICAÇÃO CIENTÍFICA EM CIÊNCIAS DA INFORMAÇÃO : UM ESTUDO BIBLIOMÉTRICO/QUANTITATIVO ATRAVÉS DE TÍTULOS DE ARTIGOS DE PERIÓDICOS CIENTÍFICOS BRASILEIROS ENTRE 2000 E 2007. BRITO; VILAN FILHO; ARAÚJO JÚNIOR</s>
    <s>15:30 - OS PERIÓDICOS EM CIÊNCIA DA INFORMAÇÃO NO BRASIL: ESTUDO CIENCIOMÉTRICO DA FRENTE DE PESQUISA. SILVEIRA, SILVA, CORRÊA</s>
    <s>16:00 - PERIÓDICOS CIENTÍFICOS DAS ÁREAS DE INFORMAÇÃO NO BRASIL: O PERFIL DAS AUTORIAS MÚLTIPLAS DE ARTIGOS CIENTÍFICOS. VILAN FILHO</s>
    <s>16:30 - RELAÇÕES DE COLABORAÇÃO ENTRE OS PROGRAMAS DE PÓS-GRADUAÇÃO STRICTO SENSU BRASILEIROS NA ÁREA DA CIÊNCIA DA INFORMAÇÃO: MODELAGEM BASEADA EM GRAFOS E PROGRAMA DE INFORMETRIA. DIAS, FRANÇA, BELLINI, SILVA, ARAÚJO</s>
    <s>17:00 - CIÊNCIA DA INFORMAÇÃO BRASILEIRA E REDES DE COLABORAÇÃO ACADÊMICA: DIÁLOGOS, CONSTITUIÇÃO E PERSPECTIVAS. VIEIRA, MOURA</s>
    <s>GT 8: INFORMAÇÃO E TECNOLOGIA</s>
    <s>COORDENADORA: SILVANA APARECIDA BORSETTI GREGÓRIO VIDOTTI ,UNESP</s>
    <s>DEBATEDORES: GUILHERME ATAÍDE DIAS E GERCINA ANGELA BORÉM DE OLIVEIRA LIMA</s>
    <s>RELATOR: WAGNER JUNQUEIRA DE ARAÚJO</s>
    <s>09:00 - SOFTWARE CMAPTOOLS INOVANDO A CATEGORIZAÇÃO ARISTOTÉLICA APLICADA AO PRONTUÁRIO ELETRÔNICO DO PACIENTE. VIRGÍNIA BENTES ; MARIA ELIAS SOARES ; RAFAEL ROCHA BORGES ; JARDEL SOARES</s>
    <s>09:30 - UM MÉTODO DE INDEXAÇÃO AUTOMÁTICA DE DOCUMENTOS: APLICAÇÃO EM LAUDOS DE EXAMES RADIOLÓGICOS. EDBERTO FERNEDA ; MARIA CRISTIANE BARBOSA GALVÃO ; JOELI ESPÍRITO SANTO ROCHA</s>
    <s>10:15 - SERVIÇO DE ANOTAÇÃO EM IMAGENS MÉDICAS BASEADO EM LINGUAGEM DE MARCAÇÃO. MARCELO DOS SANTOS; ASA FUJINO</s>
    <s>10:30 - ONTOLOGIA STAP: UM VOCABULÁRIO DE TERMOS DE METADADOS. MARIA ELISABETE CATARINO ANA ALICE BAPTISTA (UNIVERSIDADE DO MINHO)</s>
    <s>11:00 - REPRESENTAÇÃO ITERATIVA E FOLKSONOMIA ASSISTIDA PARA REPOSITÓRIOS DIGITAIS. JOSÉ EDUARDO SANTARÉM SEGUNDO; SILVANA APARECIDA BORSETTI GREGORIO VIDOTTI</s>
    <s>DEBATEDORES: MARCOS LUIZ MUCHERONI E CENIDALVA MIRANDA DE SOUSA TEIXEIRA</s>
    <s>RELATORA: MARIA DE FÁTIMA OLIVEIRA COSTA</s>
    <s>14:00 - ABORDAGEM CONCEITUAL PARA CONSTRUÇÃO DO PROTÓTIPO DE UMA REDE VIRTUAL DE COMUNICAÇÃO DA INFORMAÇÃO. LUIZ ANTONIO DIAS LEAL (EMBRAPA), ISA MARIA FREIRE; ROSALI FERNANDEZ DE SOUZA</s>
    <s>14:30 - INTERATIVIDADE, USO, BUSCA E COMPARTILHAMENTO DE INFORMAÇÕES NA WEB 2.0: O CASO DO YOUTUBE BRASIL. HELEN FROTA ROZADOS , ADRIANO DIAS DE SOUZA ; ROCHELE ZAGO CORRÊA (TVE)</s>
    <s>15:15 - UMA ANÁLISE DO PERFIL DE UM SOCIAL OPAC PRESENTE NA BIBLIOTECA 2.0. DAVID VERNON VIEIRA ; SOFIA GALVÃO BAPTISTA</s>
    <s>15:30 - METODOLOGIAS E ESTRATÉGIAS DE IMPLANTAÇÃO DAS TECNOLOGIAS INTERATIVAS E DA WEB 2.0 NAS ORGANIZAÇÕES. NILTON BAHLIS DOS SANTOS (FIOCRUZ)</s>
    <s>16:00 - AÇÃO DE PESQUISA E EXTENSÃO NO LABORATÓRIO DE TECNOLOGIAS INTELECTUAIS. ISA MARIA FREIRE ; EDVALDO CARVALHO ALVES; JULIO AFONSO SÁ DE PINHO NETO; MARCKSON ROBERTO FERREIRA DE SOUZA</s>
    <s>16:30 - WEB SOCIAL E INTERSEMIOSES DIGITAIS: APONTAMENTOS PARA INOVAÇÃO E INCLUSÃO NO COMPARTILHAMENTO DE CONHECIMENTO. MARIA JOSÉ VICENTINI JORENTE; PLÁCIDA LEOPOLDINA VENTURA AMORIM DA COSTA SANTOS</s>
    <s>GT 9: MUSEU, PATRIMÔNIO E INFORMAÇÃO</s>
    <s>COORDENADORA: DIANA FARJALA CORREIA LIMA, UNIRIO</s>
    <s>09:30 - MUSEU: NOVOS ASPECTOS INFORMACIONAIS E COMUNICACIONAIS. ROSANE MARIA ROCHA DE CARVALHO</s>
    <s>10:30 - SOBRE COMUNIDADES E MUSEUS: DO GUETO AO GRUPO SOCIAL MUSEALIZADO. BRUNO C. BRULON SOARES; TEREZA SCHEINER; MARCIO CAMPOS</s>
    <s>11:00 - A MATRIZ GNOSIOLÓGICA DOS MUSEUS DE CIÊNCIA. LUISA MARIA GOMES DE MATTOS ROCHA</s>
    <s>14:00 - O CONCEITO DE MUSEU VIRTUAL A PARTIR DAS NOÇÕES DE REPRODUÇÃO TÉCNICA DE WALTER BENJAMIN. BRUNO CESAR RODRIGUES; GIULIA CRIPPA</s>
    <s>14:30 - REFLEXÕES SOBRE O MUSEU VIRTUAL. MONIQUE BATISTA MAGALDI; TEREZA SCHEINER</s>
    <s>15:30 - MERCADO DE IDÉIAS</s>
    <s>GT10: INFORMAÇÃO E MEMÓRIA</s>
    <s>COORDENADORA: VERA LUCIA DOYLE LOUZADA DE MATTOS DODEBEI, UNIRIO</s>
    <s>SESSÃO 1 : MEMÓRIA E CIÊNCIA DA INFORMAÇÃO</s>
    <s>COORDENADORA: EVELYN GOYANNES DILL ORRICO</s>
    <s>RELATORA: LEILA BEATRIZ RIBEIRO</s>
    <s>09:10 - INFORMAÇÃO, MEMÓRIA E CONHECIMENTO: CONVERGÊNCIA DE CAMPOS CONCEITUAIS. VERA LUCIA DOYLE LOUZADA DE MATTOS DODEBEI</s>
    <s>09:30 - MODELO SEMIÓTICO-INFORMACIONAL COMO INSTRUMENTO DE RECUPERAÇÃO DA MEMÓRIA: INTERFACES ENTRE A CIÊNCIA DA INFORMAÇÃO E A SEMIÓTICA. CARLOS XAVIER DE AZEVEDO NETTO; TAHIS VIRGÍNIA GOMES DA SILVA; SILVIA REGINA DA MOTA ROCHA</s>
    <s>09:50 - MEMÓRIA, EXPERIÊNCIA E INFORMAÇÃO: A ESTAÇÃO MEMÓRIA. EDMIR PERROTTI; IVETE PIERUCCINI</s>
    <s>10:30 - O CONCEITO DE MEMÓRIA NA CIÊNCIA DA INFORMAÇÃO: ANÁLISE DAS TESES E DISSERTAÇÕES DOS PROGRAMAS DE PÓS-GRADUAÇÃO NO BRASIL. ELIANE BRAGA OLIVEIRA; GEORGETE MEDLEG</s>
    <s>10:50 - TESES E DISSERTAÇÕES COMO REFERENCIAL DE MEMÓRIA: PRODUÇÕES ACADÊMICAS CONSTANTES NO ACERVO DA BIBLIOTECA DO NÚCLEO DE DOCUMENTAÇÃO E INFORMAÇÃO HISTÓRICA REGIONAL DA UFPB (1975-2010). ILZA DA SILVA FRAGOSO</s>
    <s>11:10 - DEBATES SOBRE AS COMUNICAÇÕES DA SESSÃO 1</s>
    <s>SESSÃO 2 : MÍDIA, LINGUAGEM E MEMÓRIA</s>
    <s>COORDENADORA: LEILA BEATRIZ RIBEIRO</s>
    <s>RELATOR: CARLOS XAVIER DE AZEVEDO NETTO</s>
    <s>14:00 - O PAPEL DA INFORMAÇÃO NA CONSTRUÇÃO DA MEMÓRIA COLETIVA PELO DISCURSO DA DIVULGAÇÃO CIENTÍFICA. EVELYN GOYANNES DILL ORRICO</s>
    <s>14:20 - MEMÓRIA E ARQUIVOS LITERÁRIOS: A ESCRITA DE SI COMO REGISTRO INTIMISTA. BERNARDINA MARIA JUVENAL FREIRE OLIVEIRA</s>
    <s>14:40 - PERCEPÇÃO PÚBLICA DA CIÊNCIA, FICÇÃO-CIENTÍFICA E MEMÓRIA. CARMEN IRENE CORREIA DE OLIVEIRA</s>
    <s>15:30 - INFORMAÇÃO, IMAGEM E MEMÓRIA: UMA ANÁLISE DE DISCURSO EM JORNAIS DA IMPRENSA NEGRA DA BIBLIOTECA DA UNIVERSIDADE FEDERAL DO CEARÁ - CAMPUS CARIRI. ARILUCI GOES ELIOTT; MIRIAM ALBUQUERQUE AQUINO</s>
    <s>15:50 - AS CATEGORIAS CENSITÁRIAS NA CONSTRUÇÃO DA NAÇÃO BRASILEIRA. NADYA MARIA DEPS MIGUEL</s>
    <s>16:10 - DEBATES SOBRE AS COMUNICAÇÕES DA SESSÃO 2</s>
    <s>DIA 27 DE OUTUBRO - QUARTA-FEIRA</s>
    <s>GT1 - ESTUDOS HISTÓRIOCS E EPISTEMOLÓGICOS DA CIÊNCIA DA INFORMAÇÃO</s>
    <s>COORDENADORA: LENA VANIA RIBEIRO PINHEIRO, IBICT</s>
    <s>RELATORA: ISA MARIA FREIRE</s>
    <s>09:00 - ENTRE CIÊNCIA E HUMANIDADES: O PROBLEMA DA ORDEM DA MEMÓRIA DA/PARA A CIÊNCIA DA INFORMAÇÃO. GIULIA CRIPPA</s>
    <s>09:30 -&quot;INTELIGÊNCIA INFORMACIONAL&quot; E CIÊNCIA DA INFORMAÇÃO: UM ESBOÇO DE TRAJETO. ICLÉIA THIESEN</s>
    <s>10:15 - IPÁSIA E A CIÊNCIA DA INFORMAÇÃO NO TERRITÓRIO DAS HUMANIDADES: A VIRADA LINGÜÍSTICA INFORMACIONAL EM UM DIÁLOGO ENTRE ROTY E HABERMAS. GUSTAVO SILVA SALDANHA</s>
    <s>10:45 - NOVAS VISIBILIDADES NA CIÊNCIA DA INFORMAÇÃO: JOGOS DE LINGUAGEM, PERCEPÇÃO VISUAL E REPRESENTAÇÃO DA IMAGEM. CLAUDIA BUCCERONI GUERRA</s>
    <s>11:25 - DEBATE GERAL DOS TRABALHOS DA MANHÃ</s>
    <s>RELATORA: MARIA NELIDA GONZÁLEZ DE GÓMEZ</s>
    <s>14:00 - DA EPISTEMOLOGIA À FILOSOFIA DA CIÊNCIA DA INFORMAÇÃO. SOLANGE PUNTEL MOSTAFA</s>
    <s>14:30 - SITUANDO A EPISTEMOLOGIA SOCIAL NO CONTEXTO DA CIÊNCIA CONTEMPORÂNEA. NANCI ELIZABETH ODDONE, VINÍCIOS SOUZA MENEZES</s>
    <s>15:15 - DISCURSIVIDADE DA CIÊNCIA DA INFORMAÇÃO E SUA INSTITUCIONALIZAÇÃO NA BIBLIOTECONOMIA E A ARQUIVOLOGIA: UM ESTUDO COMPARADO. EDUARDO ISMAEL MURGUIA</s>
    <s>15:45 - INFORMAÇÃO COMO OBJETO PARA CONSTRUÇÃO DO CORPUS INTERDISCIPLINAR ENTRE CIÊNCIA DA INFORMAÇÃO E CIÊNCIA DA ADMINISTRAÇÃO. JOAQUIM FRANCISCO</s>
    <s>CAVALCANTE DE OLIVEIRA ; LENA VANIA RIBEIRO PINHEIRO; ANTONIO RODRIGUES DE ANDRADE</s>
    <s>16:15 - A INTERDISCIPLINARIDADE DA CIÊNCIA DA INFORMAÇÃO NO BRASIL A PARTIR DA FORMAÇÃO DE SEUS PROFESSORES. ELAINE OLIVEIRA LUCAS; MAGNO OLIVEIRA MACAMBIRA; TATIANA QUADRO E SILVA</s>
    <s>16:45 - DEBATE GERAL DOS TRABALHOS DA TARDE</s>
    <s>GT2 - ORGANIZAÇÃO E REPRESENTAÇÃO DO CONHECIMENTO</s>
    <s>COORDENADORA: MARIA LUIZA DE ALMEIDA CAMPOS, UFF</s>
    <s>MESA 3 - ESTUDOS EM CLASSIFICAÇÃO E ANÁLISE DE DOMÍNIO</s>
    <s>RELATOR: EDUARDO MURGUIA</s>
    <s>DEBATEDORES:ROSALI FERNANDEZ DE SOUZA ; MARILDA LOPES GINEZ DE LARA</s>
    <s>9:00 - CLASSIFICAÇÃO POLÍTICA E DISCURSO JORNALÍSTICO: COMO AGÊNCIAS TRANSNACIONAIS DE NOTÍCIA REPRESENTAM CANDIDATOS A PRESIDENTE DO BRASIL - 1989. FERNANDO EWERTON FERNANDEZ JR.</s>
    <s>9:30 - DIRETRIZES PARA A DEFINIÇÃO DE DOMÍNIO NO REUSO DE ONTOLOGIAS BIOMÉDICAS: UMA ABORDAGEM BASEADA NA ANÁLISE DO COMPROMISSO ONTOLÓGICO. LINAIR MARIA CAMPOS; MARIA LUIZA DE ALMEIDA CAMPOS ; MARIA LUIZA MACHADO CAMPOS</s>
    <s>10:30 - ALGUNS ELEMENTOS DO PROBLEMA ENTRE COLECIONISMO E CONTEXTO CULTURAL. SILVIA MARIA ESPÍRITO SANTO</s>
    <s>11:00 - ARQUIVÍSTICA PÓS-MODERNA, DIPLOMÁTICA ARQUIVÍSTICA E ARQUIVÍSTICA INTEGRADA: NOVAS ABORDAGENS PARA A CONSTRUÇÃO DE UMA DISCIPLINA CONTEMPORÂNEA. NATHÁLIA BOLFARINI TOGNOLI; JOSÉ AUGUSTO CHAVES GUIMARÃES</s>
    <s>11:30 - TAXONOMIAS CORPORATIVAS: UM ESTUDO SOBRE DEFINIÇÕES E ETAPAS DE CONSTRUÇÃO: FUNDAMENTADO NA LITERATURA PUBLICADA. ELISÂNGELA CRISTINA AGANETTE; LÍDIA ALVARENGA; RENATO ROCHA SOUZA</s>
    <s>MESA 4: ESTUDOS EM VOCABULÁRIOS, LINGUAGENS DOCUMENTÁRIAS E ONTOLOGIAS</s>
    <s>RELATORA: ANA CÉLIA RODRIGUES (UFF)</s>
    <s>DEBATEDORES: MARISA BRASCHER BASILIO DE MEDEIROS; NAIR YUMIKO KOBASHI</s>
    <s>14:00 - ANÁLISE DOS PRINCÍPIOS METODOLÓGICOS ADOTADOS NO VOCABULÁRIO CONTROLADO DA FINEP. JÓICE CLEIDE CARDOSO ENNES DE SOUZA ; TATIANA DE ALMEIDA</s>
    <s>14:30 - THESAURUS DE ACERVOS CIENTÍFICOS EM LÍNGUA PORTUGUESA:CONCEPÇÃO E RESULTADOS PRELIMINARES. MARCUS GRANATO; CLAUDIA PENHA DOS SANTOS; ZENILDA</s>
    <s>FERREIRA BRASIL; MARIA LÚCIA DE NIEMEYER MATHEUS LOUREIRO; ROSALI FERNANDEZ DE SOUZA</s>
    <s>15:30 - REPRESENTAÇÃO DA INFORMAÇÃO E REPRESENTAÇÃO DO CONHECIMENTO EM SISTEMAS DE INFORMAÇÃO: CONTRIBUIÇÕES DE CAMPOS INTERDISCIPLINARES. DANIELA LUCAS DA SILVA; RENATO ROCHA SOUZA; JOSÉ A. DE AQUINO RAMOS</s>
    <s>16:00 - FOLKSONOMIA: ANÁLISE DA ETIQUETAGEM DE IMAGENS NO FLICKR. ANDRE ABREU RODRIGUES; MANOEL PALHARES MOREIRA</s>
    <s>16:30 - FOLKSONOMIA: UM ESTUDO DAS TAGS DOS BILIOTECÁRIOS BRASILEIROS NO DEL.ICIO.US. GEYSA FLÁVIA NASCIMENTO; DULCE AMÉLIA NEVES</s>
    <s>17:00 - CLASSIFICAÇÃO COLABORATIVA DE CONTEÚDOS NÃO TEXTUAIS NA INTERNET: AS NOVAS FORMAS DE MEDIAÇÃO E ORGANIZAÇÃO DA INFORMAÇÃO DA MÚSICA ATRAVÉS DE FOLKSONOMIA. ROSE MARIE SANTINI; ROSALI FERNANDEZ DE SOUZA</s>
    <s>GT3 - MEDIAÇÃO, CIRCULAÇÃO E APROPRIAÇÃO DA INFORMAÇÃO</s>
    <s>COORDENADOR: EDMIR PERROTTI, USP</s>
    <s>09:00 - INSTRUMENTOS DE AVALIAÇÃO DE COMPETÊNCIA INFORMACIONAL: UM ESTUDO DO INFORMATION LITERACY TEST - ILT DO CENTER FOR ASSESSMENT AND RESEARCH STUDIES (CARS) DA JAMES MADISON UNIVERSITY. CAMILA ARAÚJO SANTOS, HELEN CASTRO SILVA</s>
    <s>09:20 - A RELAÇÃO ENTRE A INCLUSÃO SOCIAL NA UNIVERSIDADE BRASILEIRA E O DESENVOLVIMENTO DA COMPETÊNCIA INFORMACIONAL: IMPLICAÇÕES NO CAMPO TEÓRICO DA CIÊNCIA DA INFORMAÇÃO E NA PRÁTICA DE SEUS AGENTES SOCIAIS. VALÉRIA APARECIDA BARI</s>
    <s>10:20 - ALFABETIZAÇÃO EM INFORMAÇÃO NA AMÉRICA LATINA E CARIBE. IVAN CLÁUDIO PEREIRA SIQUEIRA</s>
    <s>11:00 - A COMPETÊNCIA INFORMACIONAL DE GRADUANDOS DE BIBLIOTECONOMIA DA REGIÃO SUDESTE: UM ENFOQUE NOS PROCESSOS DE AVALIAÇÃO E USO DAS FONTES DE INFORMAÇÃO. MARTA LEANDRO DA MATA</s>
    <s>11:40 - INSTRUMENTO AVALIA O IMPACTO DE TREINAMENTO EM PESQUISA BIBLIOGRÁFICA NA BASE DE DADOS MEDLINE. PÔSTER. BEATRIZ RODRIGUES LOPES VINCENT, MARTHA SILVA MARTINEZ-SILVEIRA, EVELYNE MOUILLET, MAURÍCIO ROBERTO MOTTA PINTO DA LUZ, LUIZ ANTONIO BASTOS CAMACHO</s>
    <s>14:00 - COMPETÊNCIA EM INFORMAÇÃO DE ALUNOS DE PÓS-GRADUAÇÃO EM SAÚDE PÚBLICA. PÔSTER. BEATRIZ RODRIGUES LOPES VINCENT, MARTHA SILVA MARTINEZ-SILVEIRA, EVELYNE MOUILLET, MAURÍCIO ROBERTO MOTTA PINTO DA LUZ, LUIZ ANTONIO BASTOS CAMACHO</s>
    <s>14:20 - COMPETÊNCIA INFORMACIONAL E APRENDIZAGEM NO ENSINO SUPERIOR. LINETE BARTALO, MIGUEL LUIZ CONTANI</s>
    <s>15:20 - APRENDIZAGEM PELA PESQUISA: BUSCA E USO DE INFORMAÇÕES NA PRODUÇÃO DE CONHECIMENTO. BERNADETE SANTOS CAMPELLO, VERA LÚCIA FURST GONÇALVES ABREU, PAULO TERRA CALDEIRA, MARIA DA CONCEIÇÃO CARVALHO, ADRIANA BOGLIOLO SIHRIAL DUARTE, CARLOS ALBERTO ÁVILA ARAÚJO</s>
    <s>16:00 - AS PRÁTICAS INFORMACIONAIS DAS PROFISSIONAIS DO SEXO DA ZONA BOÊMIA DE BELO HORIZONTE: DESCRIÇÃO DO OBJETO DE PESQUISA E APRESENTAÇÃO DOS RESULTADOS. RONALDO ALVES DA SILVA</s>
    <s>16:40 - PANORAMA TEMÁTICO DE TRABALHOS DE CONCLUSÃO DE CURSO DE CIÊNCIAS DA INFORMAÇÃO E DA DOCUMENTAÇÃO. CLÁUDIO MARCONDES CASTRO FILHO, SOLANGE PUNTEL MOSTAFA</s>
    <s>17:20 - SÍNTESE DO DIA</s>
    <s>GT4 - GESTÃO DA INFORMAÇÃO E DO CONHECIMENTO NAS ORGANIZAÇÕES</s>
    <s>COORDENADORA: MARTA LÍGIA POMIM VALENTIM, UNESP</s>
    <s>08:30 - DESAFIOS PARA PLANEJAMENTO E GESTÃO DE SERVIÇOS DE INFORMAÇÃO EM ÁREA MULTIDISCIPLINAR: O CASO DA REDE SACI. ALINE LIMA GONÇALVES, ASA FUJINO</s>
    <s>09:00 - SISTEMAS DE INFORMAÇÃO NO CONTEXTO DA GESTÃO HOSPITALAR: UM ESTUDO NO HOSPITAL UNIVERSITÁRIO DE LONDRINA. VALÉRIA MARIA GATAZ SGUARIO, TEREZINHA ELISABETH DA SILVA</s>
    <s>09:30 - GESTÃO DE BIBLIOTECAS ESCOLARES COM FOCO NAS QUATRO FUNÇÕES GERENCIAIS: ESTUDO DE</s>
    <s>CASO NAS BIBLIOTECAS DO INSTITUTO FEDERAL DE EDUCAÇÃO, CIÊNCIA E TECNOLOGIA CATARINENSE. CAROLINE FERREIRA BECKER, MAGDA TEIXEIRA CHAGAS</s>
    <s>10:30 - GESTÃO DA INFORMAÇÃO CONTÁBIL: A QUESTÃO DA NECESSIDADE, BUSCA E USO DA INFORMAÇÃO NO CONTEXTO DAS PEQUENAS EMPRESAS. MARINES SANTANA JUSTO SMITH, BARBARA FADEL</s>
    <s>11:00 - PORTAIS CORPORATIVOS: TECNOLOGIAS DE INFORMAÇÃO E COMUNICAÇÃO APLICADAS À GESTÃO DA INFORMAÇÃO E DO CONHECIMENTO EM EMPRESAS DE TECNOLOGIA DE INFORMAÇÃO. LETÍCIA GORRI MOLINA, MARTA LÍGIA POMIM VALENTIM</s>
    <s>11:30 - A SEGURANÇA DO CONHECIMENTO NAS PRÁTICAS DA GESTÃO DA SEGURANÇA DA INFORMAÇÃO E DA GESTÃO DO CONHECIMENTO. WAGNER JUNQUEIRA DE ARAÚJO, SUELI ANGÉLICA DO AMARAL</s>
    <s>14:00 - GESTÃO DA INFORMAÇÃO E A INTELIGÊNCIA COMPETITIVA: UMA DISCUSSÃO NO CONSELHO DE CONSUMIDORES DA ENERSUL (CONCEN/MS). ORLANDO DE ALMEIDA FILHO, ELDER LOPES BARBOZA</s>
    <s>14:30 - PROCESSOS DE INTELIGÊNCIA COMPETITIVA EM ORGANIZAÇÕES EMPRESARIAIS. CARLOS CÉSAR SOARES DE PAIVA, MARCO ANTONIO SANTOS GOMES DA SILVA</s>
    <s>15:00 - ANÁLISE DA IMPLANTAÇÃO DO PROCESSO DE INTELIGÊNCIA COMPETITIVA EM ARRNJOS PRODUTIVOS LOCAIS: ESTUDO DE CASO DO APL DE SOFTWARE DE BELO HORIZONTE. FREDERICO CESAR MAFRA PEREIRA, RODRIGO BARONI DE CARVALHO, IAN CAMPOS MARTINS</s>
    <s>16:00 - IMPACTOS DA TECNOLOGIA MÓVEL E SEM FIO EM SISTEMA DE INFORMAÇÃO DE VENDAS: UM ESTUDO DE CASO. ANDREA PINHEIRO SANTOS, RICARDO RODRIGUES BARBOSA</s>
    <s>16:30 - GESTÃO ESTRATÉGICA DE NEGÓCIO E AS TECNOLOGIAS DE INFORMAÇÃO: O CASO DO GERENCIADOR FINANCEIRO DO BANCO DO BRASIL. ORLANDO DE ALMEIDA FILHO</s>
    <s>17:00 - AUDITORIA DE INTELIGÊNCIA: UM MÉTODO PARA O DIAGNÓSTICO DE SISTEMAS DE INTELIGÊNCIA COMPETITIVA E ORGANIZACIONAL. ANDRÉA VASCONCELOS CARVALHO, MIGUEL ÁNGEL ESTEBAN NAVARRO</s>
    <s>17: 30 - PESQUISA SOBRE MONITORAÇÃO AMBIENTAL NO BRASIL: DESENVOLVIMENTO DE UMA AGENDA</s>
    <s>TEMÁTICA. JAIME SADAO YAMASSAKI BASTOS, MONICA ERICHSEN NASSIF</s>
    <s>GT5 - POLÍTICA E ECONOMIA DA INFORMAÇÃO</s>
    <s>COORDENADORA: SARITA ALBAGLI, IBICT</s>
    <s>09:00 - A INFORMAÇÃO GOVERNAMENTAL E A PARTICIPAÇÃO POLÍTICA EM REDE: UMA</s>
    <s>ANÁLISE DA GOVERNANÇA ELETRÔNICA DOS WEBSITES DOS DEPUTADOS DO ESTADO DA</s>
    <s>BAHIA (PÔSTER). JOSÉ CARLOS SALES DOS SANTOS</s>
    <s>09:15 - INFORMAÇÃO E INCLUSÃO: UM ESTUDO DA APLICAÇÃO DE ACESSIBILIDADE EM PORTAIS LEGISLATIVOS ESTADUAIS (PÔSTER). ALAN VASCONCELOS ALVES, ADRIANA BOGLIOLO DUARTE</s>
    <s>9:30 - E-GOVERNO, PARTICIPAÇÃO E TRANSPARÊNCIA DE GESTÃO. OTHON JAMBEIRO, ROSANE SOBREIRA</s>
    <s>10:20 - DEBATEDOR: JOSÉ MARIA JARDIM</s>
    <s>10:50 - OBSTÁCULOS À CONSTRUÇÃO DE POLÍTICAS NACIONAIS DE ARQUIVOS NO BRASIL E NA ESPANHA: UMA ABORDAGEM TEÓRICO-METODOLÓGICA DE ANÁLISE COMPARADA. JOSÉ MARIA JARDIM</s>
    <s>11:20 - O INTERESSE PÚBLICO E SOCIAL EM ARQUIVOS PRIVADOS: UMA ANÁLISE DOS EFEITOS DA CLASSIFICAÇÃO DE INTERESSE PÚBLICO E SOCIAL EM ARQUIVOS PRIVADOS (PÔSTER). WYSTERCLEY MARINS SILVA</s>
    <s>11:30 - DEBATEDOR: MARIA NÉLIDA GONZALEZ DE GÓMEZ</s>
    <s>14:00 - ANÁLISE COMPARATIVA DA COMPETÊNCIA EM INFORMAÇÃO FOCADA NA ABORDAGEM DIGITAL. ANA PAULA OLIVEIRA VILLALOBOS, ALESSANDRA BARBOSA SANTANA</s>
    <s>14:30 - INCLUSÃO DIGITAL NO CENTRO VOCACIONAL TECNOLÓGICO HENFIL: OS DESAFIOS À IMPLANTAÇÃO DO LETRAMENTO INFORMACIONAL. ROGÉRIO LUÍS MASSENSINI, ALCENIR SOARES DOS REIS</s>
    <s>15:20 - POLÍTICAS DE INCLUSÃO DIGITAL E PORTAIS MUNICIPAIS DE E-GOV (PÔSTER). FLÁVIA CATARINO FERREIRA</s>
    <s>15:30 - DEBATEDORA: GILDA OLINTO</s>
    <s>16:00 - A INCLUSÃO DIGITAL NOS TELECENTROS DE INFORMAÇÃO E EDUCAÇÃO DO MUNICÍPIO DE JOÃO PESSOA. JÚLIO AFONSO SÁ DE PINHO NETO, MARCOS JOSÉ DA CRUZ VITAL</s>
    <s>16:30 - INCLUSÃO SOCIAL - PROGRAMA DE INCLUSÃO DIGITAL PARA A COMUNIDADE DO ALTO PARAOPEBA. RENATA ABRANTES BARACHO</s>
    <s>17:00 - TECNOLOGIA DE INFORMAÇÃO COMO FERRAMENTA DE INCLUSÃO SOCIAL: UMA ANÁLISE DA AGÊNCIA MUNICIPAL DE DESENVOLVIMENTO NA CIDADE DE CAMPINA GRANDE - PB (PÔSTER). MARCONE FIRMINO DA SILVA, SUZANA LUCENA LIRA, WALESKA SILVEIRA LIRA, GESINALDO ATAÍDE CÂNDIDO</s>
    <s>17:20 - DEBATEDOR: OTHON JAMBEIRO</s>
    <s>GT6 - INFORMAÇÃO, EDUCAÇÃO E TRABALHO</s>
    <s>COORDENADORA: HELENA MARIA TARCHI CRIVELLARI, UFMG</s>
    <s>SESSÃO 5</s>
    <s>DEBATEDORA: IVETE PIERUCCINI</s>
    <s>09:00 - EDUCAÇÃO DE USUÁRIOS NO SISTEMA INTEGRADO DE BIBLIOTECAS DA UFPE: DIRETRIZES PARA UMA POLÍTICA. SANDRA M SANTIAGO, CARLOS X. AZEVEDO NETTO</s>
    <s>09:30 - TECNOLOGIA, INOVAÇÕES ORGANIZACIONAIS E DO TRABALHO EM SISTEMAS DE</s>
    <s>BIBLIOTECAS UNIVERSITÁRIOS MOÇAMBIQUE, BRASIL E ÁFRICA DO SUL. MANUEL VALENTE MANGUE , HELENA MARIA TARCHI CRIVELLARI</s>
    <s>SESSÃO 6</s>
    <s>COORDENADORA.: IVETE PIERUCCINI</s>
    <s>DEBATEDORA: VERA SÍLVIA MARÃO BERAQUE</s>
    <s>10:15 - COMPETÊNCIA INFORMACIONAL: O DISCURSO DOS PROFISSIONAIS DA INFORMAÇÃO DIRIGENTES DE BIBLIOTECAS VINCULADAS A INSTITUIÇÕES DE EDUCAÇÃO SUPERIOR (IES) - SABERES EM TRANSFORMAÇÃO. ELIZETE VIEIRA VITORINO, DANIELA PIANTOLA</s>
    <s>10:45 - O FAZER BIBLIOTECÁRIO NA PERCEPÇÃO DO PROFISSIONAL NA CONTEMPORANEIDADE: UM ESTUDO NA CIDADE DE SALVADOR - BAHIA. ALDA LIMA DA SILVA, HENRIETTE F. GOMES</s>
    <s>11:15 - ÉTICA PROFISSIONAL DO BIBLIOTECÁRIO ATUANTE NO SEGMENTO EMPRESARIAL DE SANTA CATARINA.DANIELLA CAMARA PIZARRO</s>
    <s>11:45 - PÔSTER 3: COMPETÊNCIA INFORMACIONAL DE FORMANDOS EM BIBLIOTECONOMIA NA UNIVERSIDADE FEDERAL DE GOIÁS. THALITA F. SANTOS, SOFIA G. BAPTISTA .</s>
    <s>SESSÃO 7</s>
    <s>COORDENADORA: HELENA MARIA TARCHI CRIVELLARI</s>
    <s>DEBATEDORA: ASA FUJINO</s>
    <s>14:15 - IMPACTOS DA ATUAÇÃO DA ABEBD ENTRE OS ANOS 1967 E 2000 NA INOVAÇÃO CURRICULAR.FRANCISCO DAS CHAGAS DE SOUZA</s>
    <s>14:45 - REMEMORANDO A I REUNIÃO DAS ENTIDADES VINCULADAS À CI, EM 2009</s>
    <s>SESSÃO 8</s>
    <s>COORDENADOR: FRANCISCO DAS CHAGAS DE SOUZA</s>
    <s>15:15 - II REUNIÃO DO GT-6 DA ANCIB: &quot;AS CONDIÇÕES DE FORTALECIMENTO E INTERCONEXÕES DAS ENTIDADES DE ORGANIZAÇÃO CIENTÍFICA E PROFISSIONAL VINCULADAS À CIÊNCIA DA INFORMAÇÃO NO BRASIL&quot;</s>
    <s>GT7 - PRODUÇÃO E COMUNICAÇÃO DA INFORMAÇÃO EM CT&amp;I</s>
    <s>COORDENADORA: SÔNIA ELISA CAREGNATO, UFRGS</s>
    <s>09:00 - PRODUÇÃO E COMUNICAÇÃO EA INFORMAÇÃO EM CT&amp;I - GT7 DA ANCIB: ANÁLISE BIBLIOMÉTRICA NO PERÍODO 2003/2009. TANNURI DE OLIVEIRA GRÁCIO</s>
    <s>09:30 - UM ESTUDO DE COAUTORIAS NA TEMÁTICA CULTURA INFORMACIONAL NOS ENANCIBS. WOIDA, OLIVEIRA, VALENTIM</s>
    <s>10:30 - REDES DE COLABORAÇÃO CIENTÍFICA NO CAMPO DA CIÊNCIA DA INFORMAÇÃO: UM ESTUDO DE CASO. SILVA, BARBOSA, DUARTE</s>
    <s>11:00 - O PROCESSO DE EDIÇÃO DE PERIÓDICOS SECUNDÁRIOS: O CASO DO PERIÓDICO PESQUISA BRASILEIRA EM CIÊNCIA DA INFORMAÇÃO E BIBLIOTECONOMIA. FREIRE, FREIRE, ARAUJO, BANDEIRA</s>
    <s>14:00 - ESTUDOS BIBLIOMÉTRICOS APLICADOS A ARTIGOS CIENTÍFICOS DO ISI SOBRE INOVAÇÃO NO ÂMBITO DO CONHECIMENTO ORGANIZACIONAL. SANTOS, SANTOS, URIONA-MALDONADO</s>
    <s>14:30 - O PANORAMA DA PRODUÇÃO CIENTÍFICA DE PESQUISADORES BOLSISTAS DO CNPQ EM SERVIÇO SOCIAL. CHALHUB, OLIVEIRA</s>
    <s>15:30 - USO DO PORTAL DE PERIÓDICOS DA CAPES: ANÁLISE DAS PESQUISAS PUBLICADAS. CENDON, RIBEIRO</s>
    <s>16:00 - A PRESENÇA DAS UNIVERSIDADES PÚBLICAS BRASILEIRAS NA WEB. VANTI</s>
    <s>16:30 - CONTRIBUIÇÃO DOS REPOSITÓRIOS INSTITUCIONAIS. PAVÃO, CAREGNATO</s>
    <s>GT8 - INFORMAÇÃO E TECNOLOGIA</s>
    <s>COORDENADORA: SILVANA APARECIDA BORSETTI GREGÓRIO VIDOTTI, UNESP</s>
    <s>DEBATEDORES: JOSÉ EDUARDO SANTARÉM SEGUNDO E CLÁUDIO JOSÉ SILVA RIBEIRO RELATOR: MARCKSON ROBERTO FERREIRA DE SOUSA</s>
    <s>09:00 - MODELOS DE DADOS PARA BASES BIBLIOGRÁFICAS: LEGADO, PADRÕES E ALTERNATIVAS. MARCOS LUIZ MUCHERONI E LUCIANO GAMA DE SOUSA RAMALHO</s>
    <s>09:30 - UMA ABORDAGEM BASEADA EM MÉTRICAS DE REDES COMPLEXAS PARA O ESTABELECIMENTO DO GRAU DE INFLUÊNCIA DE TERMOS EM DOCUMENTOS. WLADMIR CARDOSO BRANDÃO E FERNANDO SILVA PARREIRAS</s>
    <s>10:15 - CATEGORIZAÇÃO E CLASSIFICAÇÃO DE DOCUMENTOS UTILIZANDO REDES NEURAIS ARTIFICIAIS. MAGALI REZENDE GOUVÊA MEIRELES E BEATRIZ VALADARES CENDÓN</s>
    <s>10:30 - UMA TECNOLOGIA DE AGRUPAMENTO DE RESPOSTAS PARA REDUÇÃO DE ESFORÇO DE CORREÇÃO DE ATIVIDADES EM SISTEMA ONLINE DE APOIO À AVALIAÇÃO FORMATIVA EM INDEXAÇÃO. ELIAS SILVA DE OLIVEIRA (UFES), NADIA ELÔINA BARCELOS FRAGA , MARIA GONÇALVES DE OLIVEIRA E RAFAEL ZANOLI MARCHESI</s>
    <s>11:00 - A MULTIMODALIDADE EM APP DO IPHONE: GUIA DE TURISMO DE MADRI ESPANHA. CLAUDIO GOTTSCHALG DUQUE E FÁBIO BARROS LEAL</s>
    <s>DEBATEDORES: LUIZ FERNANDO SAYÃO E EDBERTO FERNEDA</s>
    <s>RELATOR: NILTON BAHLIS DOS SANTOS</s>
    <s>14:00 - INFOARCH: UMA ONTOLOGIA PARA MODELAR O DOMÍNIO DA ARQUITETURA DA INFORMAÇÃO PARA WEB. MARCKSON ROBERTO FERREIRA DE SOUSA EDILSON LEITE DA SILVA MARIA AMÉLIA TEIXEIRA DA SILVA (UFPB), FREDERICO LUIZ GONÇALVES DE FREITAS E RYAN RIBEIRO DE AZEVEDO</s>
    <s>14:30 - ARQUITETURA DA INFORMAÇÃO NO WEBSITE &quot;A COR DA CULTURA&quot;. HENRY PONCIO OLIVEIRA E MIRIAN ALBUQUERQUE AQUINO</s>
    <s>15:15 - ARQUITETURA DE INFORMAÇÃO CENTRADA NO USUÁRIO: ESTUDO DE CASO DA INTRANET DA UNIMED JOÃO PESSOA. LÍLIAN VIANA TEIXEIRA CANANÉA E MARCKSON ROBERTO FERREIRA DE SOUSA</s>
    <s>15:30 - ACESSIBILIDADE DE INFORMAÇÕES EM PORTAIS GOVERNAMENTAIS PARA DEFICIENTES VISUAIS: O CASO DA RECEITA FEDERAL DO BRASIL. DENIS SILVA DA SILVEIRA , MURILO ARTUR ARAÚJO DA SILVEIRA, SHADLLA ROSSINE PORTO DE ANDRADE, GIMENE RODRIGUES CUNHA E AURÉLIO FERNANDO FERREIRA</s>
    <s>16:00 - A CONCEPÇÃO DE BIBLIOTECA DIGITAL NA LITERATURA BRASILEIRA DE PERIÓDICOS EM CIÊNCIA DA INFORMAÇÃO. IZABEL FRANÇA LIMA E RENATO ROCHA SOUZA</s>
    <s>16:30 - MELHORAMENTO DE INTERFACES DE BIBLIOTECAS DIGITAIS ATRAVÉS DE ESTUDOS DE USABILIDADE. FERNANDA PEREIRA E GERCINA ANGELA BORÉM DE OLIVEIRA LIMA</s>
    <s>16:45 - LIVRO IMPRESSO E ELETRÔNICO? A ARQUITETURA DO LIVRO NO GOOGLE BOOKS. STELLA MOREIRA DOURADO E NANCI ELISABETH ODDONE</s>
    <s>GT9 - MUSEU, PATRIMÔNIO E INFORMAÇÃO</s>
    <s>COORDENADORA: DIANA FARJALA CORREIA LIMA, UNIRIO</s>
    <s>09:30 - NIMUENDAJÚ: DO &quot;CORAÇÃO VERDE&quot; DA ALEMANHA ÀS MATAS VERDES DO BRASIL. ALEGRIA BENCHIMOL, LENA VANIA RIBEIRO PINHEIRO</s>
    <s>10:30 - MUSEUS E RESTITUIÇÃO PATRIMONIAL - ENTRE A COLEÇÃO E A ÉTICA. LUIZ CARLOS BORGES, MARILIA BRAZ BOTELHO</s>
    <s>11:00 - DOCUMENTAÇÃO EM MUSEUS E HISTÓRICO DE PROPRIEDADE (PROVENANCE): RESTITUIÇÃO DE OBRAS DE ARTE ESPOLIADAS PELOS NAZISTAS. DIANA FARJALLA CORREIA LIMA</s>
    <s>14:00 - A CIDADE, O MUSEU E A COLEÇÃO. MARCIO FERREIRA RANGEL</s>
    <s>14:30 - UMA PROPOSTA DE CATEGORIZAÇÃO DOS EX-VOTOS DO CASARÃO - O MUSEU VIVO DO PADRE CÍCERO EM JUAZEIRO DO NORTE. CARLA FAÇANHA DE BRITO, VIRGINIA BENTES PINTO</s>
    <s>15:30 - MERCADO DE IDÉIAS</s>
    <s>GT10 - INFORMAÇÃO E MEMÓRIA</s>
    <s>COORDENADORA: VERA LUCIA DOYLE LOUZADA DE MATTOS DODEBEI, UNIRIO</s>
    <s>SESSÃO 3 : CINEMA, IMAGEM E MEMÓRIA</s>
    <s>COORDENADOR: CARLOS XAVIER DE AZEVEDO NETTO</s>
    <s>RELATOR : EDUARDO IMURGUIA</s>
    <s>09:10 - INFORMAÇÃO E MEMÓRIA DO FUTUTO: UMA LEITURA FICCIONAL. LEILA BEATRIZ RIBEIRO, VALERIA CRISTINA LOPES WILKE, MARCIA ELISA LOPES RENDEIRO</s>
    <s>09:30 - INFORMAÇÕES TURÍSTICAS E CULTURA: UM ESTUDO SOBRE O MATERIAL PUBLICITÁRIO NA CONSTRUÇÃO DA MEMÓRIA SOCIAL. VALDIR MORIGI</s>
    <s>09:50 - HUMBERTO MAURO - O CINEMA A SERVIÇO DA EDUCAÇÃO E DA SAÚDE, COMO ELEMENTO DE INFORMAÇÃO E MEMÓRIA. ALICE FERRY DE MORAES</s>
    <s>10:30 - CINEMA E MEMÓRIA: VER, GUARDAR, RELEMBRAR. MARIA LEANDRA BIZELLO</s>
    <s>10:50 - O ACERVO DE FOTOGRAFIAS SOBRE O CENTRO DE VITÓRIA: LUGAR DE INFORMAÇÃO E MEMÓRIA. APARECIDO JOSÉ CIRILLO; ROSA FERREIRA DA COSTA</s>
    <s>11:10 - DEBATES SOBRE AS COMUNICAÇÕES DA SESSÃO 3</s>
    <s>SESSÃO 4 : CULTURA, ESPAÇO E MEMÓRIA</s>
    <s>COORD.: VALDIR MORIGI</s>
    <s>RELATORA: EVELYN GOYANNES DILL ORRICO</s>
    <s>14:00 - MUSEALIDADE: UM CONCEITO PARA O ESTUDO DE CIDADE. JOSÉ NEVES BITTENCOURT, PRISCILLA ARIGONI COELHO</s>
    <s>14:20 - POLÍTICA CULTURAL, MEMÓRIA E INFORMAÇÃO: PRÁTICAS E ARTICULAÇÕES PARA A CONSTRUÇÃO SOCIAL. MARIA CRISTINA GUIMARÃES OLIVEIRA, SIMONE ROSA DE OLIVEIRA, HELENA AZEVEDO</s>
    <s>14:40 - O PATRIMÔNIO COMO DETERMINAÇÃO DA MEMÓRIA: OS BASTIDORES DA DINÂMICA PROCESSUAL DO TOMBAMENTO DA CASA DO PRESIDENTE PRUDENTE DE MORAES. MAIRA CRISTINA GRIGOLETO, EDUARDO ISMAEL MURGUIA MARAÑON</s>
    <s>15:30 - O REGISTRO DO CONGADO COMO INSTRUMENTO DE PRESERVAÇÃO DA MEMÓRIA MINEIRA: NOVAS POSSIBILIDADES. ALINE PINHEIRO BRETTAS, MARIA GUIOMAR DA CUNHA FROTA</s>
    <s>15:50 - OS CONTADORES DE HISTÓRIA E A CONSTITUIÇÃO DE ACERVOS PARA A PRESERVAÇÃO DA MEMÓRIA COMUNITÁRIA. LÍDIA EUGENIA CAVALCANTE, JOSÉ GERARDO VASCONCELOS</s>
    <s>16:10 - DEBATES SOBRE AS COMUNICAÇÕES DA SESSÃO 4</s>
    <s>DIA 28 DE OUTUBRO - QUINTA-FEIRA</s>
    <s>GT 1: ESTUDOS HISTÓRICOS E EPISTEMOLÓGICOS DA CIÊNCIA DA INFORMAÇÃO</s>
    <s>COORDENADORA: LENA VANIA RIBEIRO PINHEIRO, IBICT</s>
    <s>RELATORA: NANCI ODDONE,</s>
    <s>09:00 - SEGURANÇA DA INFORMAÇÃO: NOVA DISCIPLINA NA CIÊNCIA DA INFORMAÇÃO? JORGE HENRIQUE ; CABRAL FERNANDES</s>
    <s>09:30 - REFLEXÕES SOBRE UMA ÉTICA DA INFORMAÇÃO NA SOCIEDADE EM REDE. ISA MARIA FREIRE</s>
    <s>10:30 - REUNIÃO DO GT-1</s>
    <s>COORDENADORA: LENA VANIA RIBEIRO PINHEIRO</s>
    <s>GT 2: ORGANIZAÇÃO E REPRESENTAÇÃO DO CONHECIMENTO</s>
    <s>COORDENADORA: MARIA LUIZA DE ALMEIDA CAMPOS, UFF</s>
    <s>09:00 - ASSEMBLÉIA DO GT2</s>
    <s>COORDENADORA: MARIA LUIZA DE ALMEIDA CAMPOS</s>
    <s>10:30 - ISKO BRASIL 2011</s>
    <s>JOSÉ AUGUSTO CHAVES GUIMARÃES</s>
    <s>GT 3: MEDIAÇÃO, CIRCULAÇÃO E APROPRIAÇÃO DA INFORMAÇÃO</s>
    <s>COORDENADOR: EDMIR PERROTTI, USP</s>
    <s>09:00 - SÍNTESE FINAL DO GT</s>
    <s>&quot;MEDIAÇÃO, CIRCULAÇÃO E APROPRIAÇÃO DA INFORMAÇÃO: CONTRIBUIÇÕES DO XI ENANCIB&quot;</s>
    <s>10:30 - REUNIÃO SOBRE O GRUPO/ENCAMINHAMENTOS À ASSEMBLÉIA GERAL/ ESCOLHA DO NOVO COORDENADOR DO GT3</s>
    <s>GT 4: GESTÃO DA INFORMAÇÃO E DO CONHECIMENTO NAS ORGANIZAÇÕES</s>
    <s>COORDENADORA: MARTA LÍGIA POMIM VALENTIM, UNESP</s>
    <s>08: 30 - GESTÃO DO CONHECIMENTO COM O USO DA TECNOLOGIA DA INFORMAÇÃO: ANÁLISE DOS FATORES OBSTATIVOS EM PEQUENAS E MÉDIAS INDÚSTRIAS DA REGIÃO METROPOLITANA DO RECIFE. ANDRÉ FELIPE DE ALBUQUERQUE FELL, JAIRO SIMIÃO DORNELAS</s>
    <s>09:00 - ANÁLISE DOS FATORES QUE INFLUENCIAM O COMPARTILHAMENTO DE INFORMAÇÃO E CONHECIMENTO EM UM ÓRGÃO PÚBLICO DA CIDADE DE ITABIRA/MG. MEYKE VILAS BOAS PINTO, SILVIA MENEZES PIRES DIAS, DEBORA CÂNDIDA DUARTE</s>
    <s>09:30 - VIABILIDADE DE FORMALIZAÇÃO DE COMUNIDADES DE PRÁTICA (COP) PARA</s>
    <s>GESTÃO E COMPARTILHAMENTO DE INFORMAÇÃO NA BIBLIOTECA CENTRAL DO UNIPÊ. ANA MARIA NASCIMENTO HENRIQUES E SILVA, JOANA COELI RIBEIRO GARCIA</s>
    <s>10:30 - COLABORAÇÃO E COMPARTILHAMENTO DA INFORMAÇÃO NO AMBIENTE ORGANIZACIONAL. ALESSANDRA MARIA ALVES, RICARDO RODRIGUES BARBOSA</s>
    <s>11:00 - CULTURA INFORMACIONAL E GESTÃO DE BIBLIOTECAS PÚBLICAS MUNICIPAIS: COMPETÊNCIAS E USOS DA INFORMAÇÃO. LÍDIA EUGENIA CAVALCANTE</s>
    <s>11:30 - A INFLUÊNCIA DA CULTURA ORGANIZACIONAL NA UTILIZAÇÃO DE SISTEMAS DE INFORMAÇÕES EM ORGANIZAÇÕES PÚBLICAS. FABIANA REGINA BORELLI AMORIM, MARIA INÊS TOMAEL</s>
    <s>12:00 - INTERAÇÃO COGNITIVA E INTELIGÊNCIA COLABORATIVA EM REDE. ALBERTO DE FRANCISCO, NILTON BAHLIS DOS SANTOS</s>
    <s>GT 5: POLÍTICA E ECONOMIA DA INFORMAÇÃO</s>
    <s>COORDENADORA; SARITA ALBAGLI, IBICT</s>
    <s>09:00 - CIÊNCIA DA INFORMAÇÃO NO SECOND LIFE: EXPERIÊNCIAS PROFISSIONAIS. MARIA INÊS TOMAEL, TEREZINHA ELISABETH DA SILVA</s>
    <s>09:30 - ASSIMETRIA DE INFORMAÇÃO NA LEI GERAL DE TELECOMUNICAÇÕES: UMA ANÁLISE DIALÉTICA. RODRIGO MORENO MARQUES, MARTA MACEDO KERR PINHEIRO</s>
    <s>10:20 - DEBATEDORA: LIZ-REJANE ISSBERNER</s>
    <s>10:45 - REUNIÃO DO GT5</s>
    <s>GT6 - INFORMAÇÃO, EDUCAÇÃO E TRABALHO</s>
    <s>COORDENADORA: HELENA MARIA TARCHI CRIVELLARI, UFMG</s>
    <s>SESSÃO 9</s>
    <s>COORDENADORA: HELENA MARIA TARCHI CRIVELLARI</s>
    <s>09:00 - AVALIAÇÃO DO PROCESSO E ELEIÇÃO DO NOVO COORDENADOR DO GT-6</s>
    <s>10:15 - CONTINUAÇÃO DA REUNIÃO DE AVALIAÇÃO DO GT-6</s>
    <s>GT7 - PRODUÇÃO E COMUNICAÇÃO DA INFORMAÇÃO EM CT&amp;I</s>
    <s>COORDENADORA: SÔNIA ELISA CAREGNATO, UFRGS</s>
    <s>09:00 - REUNIÃO DO GT7</s>
    <s>GT 8: INFORMAÇÃO E TECNOLOGIA</s>
    <s>COORDENADORA: SILVANA APARECIDA BORSETTI GREGÓRIO VIDOTTI, UNESP</s>
    <s>DEBATEDORES: VIRGINIA BENTES E MARIA ELISABETE CATARINO</s>
    <s>RELATOR: ROSANGELA FORMENTINI CALDAS</s>
    <s>09:00 - REPOSITÓRIO DIGITAL DA UNATI-UNESP: O OLHAR DA ARQUITETURA DA INFORMAÇÃO PARA A INCLUSÃO DIGITAL E SOCIAL DE IDOSOS. FERNANDO LUIZ VECHIATOE SILVANA APARECIDA BORSETTI GREGORIO VIDOTTI</s>
    <s>09:30 - REPOSITÓRIO EDUCACIONAL ABERTO PARA SURDOS: UMA PRIMEIRA ABORDAGEM. ROMARIO ANTUNES DA SILVA E ROSÂNGELA SCHWARZ RODRIGUES</s>
    <s>09:45 - REPOSITÓRIO DE INCLUSÃO DIGITAL COMO RECURSO PARA INCLUSÃO SOCIAL. ROBSON LOPES ALMEIDA</s>
    <s>10H15 - PERIÓDICOS CIENTÍFICOS EM ACESSO ABERTO: PUBLICAÇÕES NO PUBLIC KNOWLEDGE PROJECT. ROSÂNGELA SCHWARZ RODRIGUES E CARLA THUNS</s>
    <s>11H00 - REUNIÃO DO GT 8 - INFORMAÇÃO E TECNOLOGIA</s>
    <s>GT9 - MUSEU, PATRIMÔNIO E INFORMAÇÃO</s>
    <s>COORDENADORA: DIANA FARJALA CORREIA LIMA, UNIRIO</s>
    <s>09:00 - VALORIZAÇÃO DO PATRIMÔNIO CIENTÍFICO E TECNOLÓGICO BRASILEIRO: CONCEPÇÃO E RESULTADOS PRELIMINARES. MARCUS GRANATO, ROBERTA NOBRE CÂMARA, ELIAS DA SILVA MAIA</s>
    <s>09:30 - ATRIBUTOS SIMBÓLICOS DO PATRIMÔNIO: MUSEOLOGIA /&quot;PATRIMONIOLOGIA&quot; E INFORMAÇÃO EM CONTEXTO DA LINGUAGEM DE ESPECIALIDADE. DIANA FARJALLA CORREIA LIMA</s>
    <s>10:30 - REUNIÃO DO GT 9 - ABERTA AOS PARTICIPANTES</s>
    <s>GT10: INFORMAÇÃO E MEMÓRIA</s>
    <s>COORDENADORA: VERA LUCIA DOYLE LOUZADA DE MATTOS DODEBEI, UNIRIO</s>
    <s>SESSÃO 5 : INFORMAÇÃO E PRESERVAÇÃO DA MEMÓRIA MEMÓRIA</s>
    <s>COORDENADOR: MARCOS GALINDO</s>
    <s>RELATORA: CARMEN IRENE CORREA DE OLIVEIRA</s>
    <s>09:10 - O PROFISSIONAL ARQUIVISTA E O REGISTRO DA MEMÓRIA INSTITUCIONAL DO ROTARY CLUB DE LONDRINA. NADINA APARECIDA MORENO, NELMA CAMELO ARAUJO, WILMARA RODRIGUES CALDERON</s>
    <s>09:30 - MEMÓRIA E SOCIALIZAÇÃO NA WEB. PATRICIA SILVA; ISA MARIA FREIRE; MARIA GIOVANA</s>
    <s>09:50 - O LAPSO DA MEMÓRIA: UM ESTUDO SOBRE A PRESERVAÇÃO DIGITAL E O ACESSO A UMA HEMEROTECA JORNALÍSTICA. HENRIQUE FRANÇA; MARCOS GALINDO</s>
    <s>10:10 - A MEMÓRIA SOCIAL NA ERA DAS NOVAS TECNOLOGIAS. JOSE CLAUDIO OLIVEIRA</s>
    <s>10:30 - DEBATES SOBRE AS COMUNICAÇÕES DA SESSÃO 5</s>
    <s>POSTER GT1: ESTUDOS HISTÓRICOS E EPISTEMOLÓGICOS DA CIÊNCIA DA INFORMAÇÃO</s>
    <s>MARCOS HISTÓRICOS DA CIÊNCIA DA INFORMAÇÃO NO BRASIL E NOMUNDO. MARCIO GONÇALVES, MÁRCIA FEIJÃO DE FIGUEIREDO</s>
    <s>POSTER GT2: ORGANIZAÇÃO E REPRESENTAÇÃO DO CONHECIMENTO</s>
    <s>PROPOSTA DE MODELO DE LEITURA PARA EXTRAÇÃO DE CONCEITOS: CRIAÇÃO DE TAXONOMIA FACETADA PARA NAVEGAÇÃO EM BIBLIOTECAS DIGITAIS DE TESES E DISSERTAÇÕES. BENILDES COURA MOREIRA DOS SANTOS MACULAN, GERCINA ANGELA BORÉM DE OLIVEIRA LIMA</s>
    <s>A INDEXAÇÃO NAS ÁREAS DO CONHECIMENTO: UMA COMPARAÇÃO DAS ÁREAS DE CIÊNCIAS EXATAS E DA TERRA, DAS CIÊNCIAS HUMANAS E DA LINGÜÍSTICA, LETRAS E ARTES. LÍVIA FERREIRA COUTINHO, CARLOS ALBERTO ÁVILA ARAÚJO</s>
    <s>AVALIAÇÃO DA POLÍTICA DE INDEXAÇÃO DE ARTIGOS DA SEÇÃO DE PERIÓDICOS DA BIBLIOTECA CENTRAL DA UFPB: PESQUISA EM ANDAMENTO. DULCE AMELIA DE BRITO NEVES, CLAUDIO CESAR TEMOTEO GALVINO</s>
    <s>ESTUDO SOBRE O USO DA TEORIA DA CLASSIFICAÇÃO FACETADA EM BANCO DE DADOS. MÁRCIO BEZERRA DA SILVA, DULCE AMÉLIA DE BRITO NEVES</s>
    <s>TESAUROS CONCEITUAIS E ONTOLOGIAS DE FUNDAMENTAÇÃO: MODELOS CONCEITUAIS PARA REPRESENTAÇÃO DE DOMÍNIOS. JACKSON DA SILVA MEDEIROS, MARIA LUIZA DE ALMEIDA CAMPOS</s>
    <s>A FOTOGRAFIA COMO DOCUMENTO EM ARQUIVOS BRASILEIROS: OS CASOS DO ARQUIVO NACIONAL E DO ARQUIVO PÚBLICO DO DISTRITO FEDERAL. MIRIAM PAULA MANINI, LARISSA FALCOMER PAIVA</s>
    <s>TEORIA DA CLASSIFICAÇÃO E DOCUMENTOS FOTOGRÁFICOS: UM ESTUDO EM ARQUIVOS, BIBLIOTECAS E MUSEUS. ANA CRISTINA DE ALBUQUERQUE, JOAO BATISTA DE MORAES</s>
    <s>PRESERVAÇÃO DA INFORMAÇÃO EM INSTITUIÇÕES DA ADMINISTRAÇÃO PÚBLICA BRASILEIRA. MIRIAM PAULA MANINI, FRANCISCA MARTINS PEREIRA</s>
    <s>ESTUDO DE MODELOS ADMINISTRATIVOS NO DESENVOLVIMENTO DA CLASSIFICAÇÃO DA INFOMAÇÃO ARQUIVÍSTICA. MARIA RAQUEL LISBOA COSTA MARQUES</s>
    <s>POSTER GT3: MEDIAÇÃO, CIRCULAÇÃO E APROPRIAÇÃO DA INFORMAÇÃO</s>
    <s>O PROCESSO DE CONSTRUÇÃO COLABORATIVA DO CONHECIMENTO ATRAVÉS DO USO DA PLATAFORMA MOODLE. ANDRÉ FELIPE, JÚLIO AFONSO SÁ DE PINHO NETO</s>
    <s>A MEDIAÇÃO DA INFORMAÇÃO NOS WEBSITES DAS BIBLIOTECAS DE UNIVERSIDADES PÚBLICAS BRASILEIRAS: O USO DOS DISPOSITIVOS DE COMUNICAÇÃO. RAQUEL ROSÁRIO SANTOS, HENRIETTE FERREIRA GOMES</s>
    <s>INSTRUMENTOS DE AVALIAÇÃO DE COMPETÊNCIA INFORMACIONAL: UM ESTUDO DO INFORMATION LITERACY TEST - ILT DO CENTER FOR ASSESSMENT AND RESEARCH STUDIES (CARS) DA JAMES MADISON UNIVERSITY. CAMILA ARAÚJO SANTOS, HELEN CASTRO SILVA</s>
    <s>INSTRUMENTO AVALIA O IMPACTO DE TREINAMENTO EM PESQUISA BIBLIOGRÁFICA NA BASE DE DADOS MEDLINE . BEATRIZ RODRIGUES LOPES VINCENT, MARTHA SILVIA MARTINEZ-SILVEIRA, EVELYNE MOUILLET, MAURICIO ROBERTO MOTTA PINTO DA LUZ, LUIZ ANTONIO BASTOS CAMACHO</s>
    <s>COMPETÊNCIA EM INFORMAÇÃO DE ALUNOS DE PÓS-GRADUAÇÃO EM SAÚDE PÚBLICA BEATRIZ RODRIGUES LOPES VINCENT, MARTHA SILVIA MARTINEZ-SILVEIRA, EVELYNE MOUILLET, MAURICIO ROBERTO MOTTA PINTO DA LUZ, LUIZ ANTONIO BASTOS CAMACHO</s>
    <s>POSTER GT4: GESTÃO DA INFORMAÇÃO E DO CONHECIMENTO NAS ORGANIZAÇÕES</s>
    <s>A CULTURA INFORMACIONAL COMO ELEMENTO (DES)FAVORÁVEL À MUDANÇA ESTRUTURAL DO SISTEMA DE BIBLIOTECAS DA UFPB. JOSÉLIA OLIVEIRA SILVA, EMEIDE NÓBREGA DUARTE</s>
    <s>A DISSEMINAÇÃO DA INFORMAÇÃO COMO CONDIÇÃO PARA CRIAÇÃO DO CONHECIMENTO EM EMPREENDIMENTOS DE ECONOMIA SOLIDÁRIA. LOURENÇA SANTIAGO RIBEIRO, EDELVINO RAZZOLINI FILHO</s>
    <s>ESTUDO DO FLUXO INFORMACIONAL NO PROCESSO DE RECUPERAÇÃO DE INFORMAÇÕES CLÍNICAS EM RADIOLOGIA. MARCELO DOS SANTOS, JOELI ESPÍRITO SANTO DA ROCHA</s>
    <s>GESTÃO DE NARRATIVAS ORGANIZACIONAIS . VALÉRIO BRUSAMOLIN</s>
    <s>GESTÃO NA INFORMAÇÃO NAS BIBLIOTECAS PÚBLICAS DO ESTADO DO CEARÁ: O CASO DAS BIBLIOTECAS PÓLOS. MARIA CLEIDE RODRIGUES BERNARDINO, EMIR JOSÉ SUAIDEN</s>
    <s>INFORMAÇÃO ORGÂNICA COMO SUBSIDIO NO PROCESSO DECISÓRIO: ESTUDO NAS EMPRESAS DO SETOR VAREJISTA SITUADAS NA CIDADE DE MARÍLIA/SP. MARIANA LOUSADA, MARTA LIGIA POMIM VALENTIM</s>
    <s>METODOLOGIA DE INSERÇÃO ESTRATÉGICA DE SOLUÇÕES DE WEB 2.0 EM UNIDADES DE INTELIGÊNCIA COMPETITIVA. LEONARDO GUIMARÃES GARCIA, RICARDO PRADO MESSIAS</s>
    <s>A PRÁTICA DA GESTÃO DO CONHECIMENTO NO DEPARTAMENTO DE CIÊNCIA DA INFORMAÇÃO DA UNIVERSIDADE ESTADUAL PAULISTA (UNESP): UMA PROPOSTA DE SISTEMATIZAÇÃO DO CONHECIMENTO CIENTÍFICO. CRISTIANE LUIZA SALAZAR GARCIA, MARTA LIGIA POMIM VALENTIM</s>
    <s>USO DE FERRAMENTAS GRÁFICO-ANALÍTICAS NA ARGUMENTAÇÃO JURÍDICA: MENSURAÇÃO DE EFEITOS DE TÉCNICAS DE APRESENTAÇÃO VISUAL DE INFORMAÇÕES NO ÂMBITO DE JULGAMENTOS. MARCELO STOPANOVSKI RIBEIRO, FELIPE DANTAS DE ARAÚJO, ROGÉRIO HENRIQUE DE ARAÚJO JÚNIOR</s>
    <s>POSTER GT5: POLÍTICA E ECONOMIA DA INFORMAÇÃO</s>
    <s>OS NÚCLEOS DE INOVAÇÃO TECNOLÓGICA (NIT) NO BRASIL E A EXPERIÊNCIA DA AGÊNCIA DE INOVAÇÃO UFPR NA PROTEÇÃO DE TECNOLOGIAS. EDMEIRE C. PEREIRA, SANDRA FATIMA SANTOS</s>
    <s>A INFORMAÇÃO GOVERNAMENTAL E A PARTICIPAÇÃO POLÍTICA EM REDE: UMA ANÁLISE DA GOVERNANÇA ELETRÔNICA DOS WEBSITES DOS DEPUTADOS DO ESTADO DA BAHIA. JOSÉ CARLOS SALES DOS SANTOS</s>
    <s>INFORMAÇÃO E INCLUSÃO: UM ESTUDO DA APLICAÇÃO DE ACESSIBILIDADE EM PORTAIS LEGISLATIVOS ESTADUAIS. ALAN VASCONCELOS ALVES, ADRIANA BOGLIOLO DUARTE</s>
    <s>O INTERESSE PÚBLICO E SOCIAL EM ARQUIVOS PRIVADOS: UMA ANÁLISE DOS EFEITOS DA CLASSIFICAÇÃO DE INTERESSE PÚBLICO E SOCIAL EM ARQUIVOS PRIVADOS. WYSTERCLEY MARINS SILVA</s>
    <s>POLÍTICAS DE INCLU</s>
    <s>Este trabalho está licenciado sob uma Licença Creative Commons Attribution 3.0 .</s>
    <s>ISSN 2177-3688</s>
  </text>
</page>
