<?xml version="1.0" encoding="UTF-8"?>
<!DOCTYPE page SYSTEM "page.dtd">
<page>
  <lang>pt</lang>
  <url>http://blog.clickjuris.com.br/2011/09/29/oab-xxi-conferencia-nacional-dos-advogados-em-curitiba-de-20-a-24-de-novembro/</url>
  <title>OAB – XXI Conferência Nacional dos Advogados em Curitiba de 20 ...</title>
  <snippet>
    <s>29 set. 2011 A XXI Conferência Nacional dos Advogados é um dos mais brasileira às novas demandas decorrentes das complexidades sociais, seja também no Para saber mais, visite a página do evento no site da OAB, clicando aqui. Comunicação e Informática rejeitou o Projeto de Lei que obriga os sites de </s>
  </snippet>
  <text>
    <s>Blog do Clickjuris</s>
    <s>De advogado para advogado</s>
    <s>Monitoramento de Publicações</s>
    <s>Central Virtual de Correspondentes</s>
    <s>Central de Consultas</s>
    <s>Publicado por: ClickJuris | setembro 29, 2011</s>
    <s>OAB - XXI Conferência Nacional dos Advogados em Curitiba de 20 a 24 de Novembro.</s>
    <s>A XXI Conferência Nacional dos Advogados é um dos mais importantes eventos do calendário Jurídico Brasileiro e a ocasião em que se reafirma o compromisso da Ordem dos Advogados do Brasil em defesa das causas da cidadania e da democracia.</s>
    <s>O tema central desde ano será a Liberdade, Democracia e Meio Ambiente  que, por sua complexidade e abrangência, deverão promover múltiplas discussões e motivar os advogados e a sociedade a debater com maior entusiasmo os desafios que lhe estão sendo postos pelas transformações em curso em nosso País.</s>
    <s>Mais do que uma simples reunião ou encontro periódico de profissionais da Advocacia, será uma oportunidade para participar de um variado painel de discussão de temas jurídicos contemporâneos, novas técnicas e conhecimentos acadêmicos.</s>
    <s>Reunindo o melhor do pensamentos, experiências e técnicas dos grandes profissionais da Justiça Brasileira, os participantes irão discutir e lançar ideias, seja na esfera corporativa estabelecendo linhas de ação em defesa das prerrogativas profissionais ou ajustando a Advocacia brasileira às novas demandas decorrentes das complexidades sociais, seja também no campo institucional, contribuindo para elevar o conceito de cidadania ao topo das prioridades nacionais.</s>
    <s>Temas como a democratização do acesso à Justiça, uma nova abordagem em torno do ensino jurídico, as deficiências das grades curriculares, a precariedade dos laboratórios de pesquisa e a continuada mercantilização e banalização dos diplomas, a evolução das ferramentas tecnológicas, algumas das quais impensáveis há uma década, e seu impacto nos processos, nas audiências e no ensino a distância.</s>
    <s>Será também a ocasião de todos profissionais da Lei e do Direito unirem-se para preservar o conceito de Justiça como o valor supremo do Direito e, assim, indispensável para que homens e mulheres possam viver em paz.</s>
    <s>Palco da histórica Conferência Nacional dos Advogados de 1978, Curitiba deverá atrair mais uma vez os olhares do País pois, há 33 anos foi o principal evento da Advocacia sendo um marco da resistência democrática que abriu caminho para a abertura política Brasileira.</s>
    <s>Esta edição da Conferência debaterá temas que terão importância estratégica na definição de políticas públicas e mudanças legislativas nos próximos anos.</s>
    <s>Para saber mais, visite a página do evento no site da OAB, clicando aqui.</s>
    <s>Acompanhe esse evento aqui no Blog do ClickJuris, onde a tecnologia, o direito e as leis se encontram.</s>
    <s>E para conhecer os melhores serviços Online de apoio jurídico, visite o portal ClickJuris, o melhor portal de serviços jurídicos do Brasil e onde você encontrará todos os serviços que facilitam o dia-a-dia dos profissionais do Direito e da Justiça, onde você encontra os melhores serviços jurídicos e até o serviço gratuito de monitoramento de publicações.</s>
    <s>Like this:</s>
    <s>Be the first to like this post.</s>
    <s>Publicado em conhecimento acadêmico, direito digital, eventos, eventos do setor, notícias, OAB</s>
    <s>« CNJ realiza a Pesquisa de Clima Organizacional e de Satisfação da Justiça Brasileira.Responda a pesquisa e participe da evolução da Justiça Brasileira.</s>
    <s>A Comissão de Ciência e Tecnologia, Comunicação e Informática rejeitou o Projeto de Lei que obriga os sites de internet a fornecer classificação indicativa de conteúdo. »</s>
    <s>Deixar uma Resposta Cancelar resposta</s>
    <s>Escreva o seu comentário aqui </s>
    <s>Iniciar Sessão</s>
    <s>Iniciar Sessão</s>
    <s>Iniciar Sessão</s>
    <s>Email (obrigatório) (Not published)</s>
    <s>Nome (obrigatório)</s>
    <s>!WordPress.com Logo</s>
    <s>Please log in to WordPress.com to post a comment to your blog.</s>
    <s>!Imagem do Twitter</s>
    <s>You are commenting using your Twitter account. ( Log Out )</s>
    <s>!Facebook photo</s>
    <s>You are commenting using your Facebook account. ( Log Out )</s>
    <s>Connecting to %s</s>
    <s>Notificar-me os comentários mais recentes via e-mail.</s>
    <s>Notifique-me de novos artigos por e-mail</s>
    <s>conhecimento acadêmico</s>
    <s>direito digital</s>
    <s>economia e mercado</s>
    <s>eventos do setor</s>
    <s>fraudes e golpes</s>
    <s>Política Digital</s>
    <s>redes sociais</s>
    <s>tecnologia da informação</s>
    <s>Últimas postagens</s>
    <s>10% das famílias conectadas são vítimas de crimes cibernéticos em São Paulo.</s>
    <s>Steve Jobs, um visionário que muito ensinou à advocacia.</s>
    <s>A Comissão de Ciência e Tecnologia, Comunicação e Informática rejeitou o Projeto de Lei que obriga os sites de internet a fornecer classificação indicativa de conteúdo.</s>
    <s>outubro 2011 (3)</s>
    <s>setembro 2011 (7)</s>
    <s>agosto 2011 (7)</s>
    <s>julho 2011 (6)</s>
    <s>junho 2011 (8)</s>
    <s>maio 2011 (7)</s>
    <s>abril 2011 (7)</s>
    <s>março 2011 (3)</s>
    <s>fevereiro 2011 (5)</s>
    <s>janeiro 2011 (4)</s>
    <s>dezembro 2010 (3)</s>
    <s>novembro 2010 (3)</s>
    <s>outubro 2010 (6)</s>
    <s>Visite o ClickJuris</s>
    <s>Assuntos mais postados</s>
    <s>advogado calúnia digital cartilha ciberbuling clickjuris crianças cursos de direito digital cyberbulling cyberbullying depósito judicial digital depósito judicial eletrônico descubra digital digitalização de processos direito direito autoral direito cibernético direito digital e-doc eficiência estatuto de menor e do adolescente evidências digitais inovação invet=stigação digital juris jurídico justiça Marco normativo de privacidade e proteção de dados pessoais monitoramento de redes sociais monitoramento digital normatização pesquisa digital portal jurídico provas digitais redes sociais redes sociais como fonte de evidências reputação digital saiba tudo segurança digital segurança na Internet tecnologia da lei tecnologia do direito torre de babel velocidade Wikileaks</s>
    <s>Blog no WordPress.com. | Theme: Ocean Mist by Ed Merritt.</s>
    <s>Follow Blog do Clickjuris</s>
    <s>Get every new post delivered to your Inbox.</s>
    <s>Powered by WordPress.com</s>
  </text>
</page>
