<?xml version="1.0" encoding="UTF-8"?>
<!DOCTYPE page SYSTEM "page.dtd">
<page>
  <lang>pt</lang>
  <url>http://caixadeentrada.blog.terra.com.br/2009/06/</url>
  <title>CAIXA DE ENTRADA - Blog do Fúlvio » 2009 » junho</title>
  <snippet>
    <s>Art. 6° Fica instituído o Comitê Organizador da VII Conferência Estadual com a . Os membros da VII Conferência, quando do credenciamento, optarão por </s>
  </snippet>
  <text>
    <s>CAIXA DE ENTRADA - Blog do Fúlvio</s>
    <s>Esse blog é para compartilhar informações de utilidade publica que circulam por e-mailFique a vontade para ler, copiar e me enviar as que você receber e quiser compartilhar, desde que não sejam mensagens que agridam. Fúlvio do Prado</s>
    <s>Crie seu blog grátis</s>
    <s>Pintura: Poiesis de si e de mundos - Inst. Pichon-Rivière(07)</s>
    <s>« Voltar para Caixa de entrada Arquivar Denunciar spam Excluir Mover para Marcadores Mais ações ‹ Próximas 11 de 75 Anteriores › Comunicando e captando recursos no Terceiro Setor - Curso Intensivo Itinerante - Curitiba</s>
    <s>Encontro Nacional Estudantes Antimanicomiais</s>
    <s>Revista da Mônica sobre drogas</s>
    <s>SEMINÁRIO INTERNACIONAL BRASIL / CANADÁ JUSTIÇA RESTAURATIVA, INOVAÇÃO E DESENVOLVIMENTO SOCIAL UM DIÁLOGO NORTE – SUL</s>
    <s>agosto 2010</s>
    <s>julho 2010</s>
    <s>junho 2010</s>
    <s>maio 2010</s>
    <s>abril 2010</s>
    <s>março 2010</s>
    <s>fevereiro 2010</s>
    <s>janeiro 2010</s>
    <s>dezembro 2009</s>
    <s>novembro 2009</s>
    <s>outubro 2009</s>
    <s>setembro 2009</s>
    <s>agosto 2009</s>
    <s>julho 2009</s>
    <s>junho 2009</s>
    <s>maio 2009</s>
    <s>abril 2009</s>
    <s>março 2009</s>
    <s>dezembro 2008</s>
    <s>novembro 2008</s>
    <s>outubro 2008</s>
    <s>setembro 2008</s>
    <s>agosto 2008</s>
    <s>julho 2008</s>
    <s>junho 2008</s>
    <s>maio 2008</s>
    <s>abril 2008</s>
    <s>março 2008</s>
    <s>fevereiro 2008</s>
    <s>janeiro 2008</s>
    <s>dezembro 2007</s>
    <s>novembro 2007</s>
    <s>outubro 2007</s>
    <s>setembro 2007</s>
    <s>agosto 2007</s>
    <s>julho 2007</s>
    <s>junho 2007</s>
    <s>maio 2007</s>
    <s>abril 2007</s>
    <s>março 2007</s>
    <s>RSS 2.0</s>
    <s>!Terra Blog</s>
    <s>NO CAMINHO DO SHOW ou NO MOTEL</s>
    <s>para ver mais,  vá em  http://fulvio.official.ws</s>
    <s>NO CAMINHO DO SHOW ou NO MOTEL</s>
    <s>de: Fúlvio Loreto</s>
    <s>- OieTudo bem contigo?</s>
    <s>- Como você está? Eu estou bem</s>
    <s>- Que bomEu também</s>
    <s>- Entra no carroEstamos atrasados</s>
    <s>- Ok</s>
    <s>- E aí? Onde que vai ser teu show?</s>
    <s>- É pertoUma meia hora daqui</s>
    <s>- O que você toca mesmo?</s>
    <s>- Saxofone</s>
    <s>- Cadê ele?</s>
    <s>- Tá guardadoÉ pequenoDepois te mostro</s>
    <s>- Tua banda é de que?</s>
    <s>- Tocamos de tudo… Tu gosta de ouvir o que?</s>
    <s>- Metal melódico…</s>
    <s>- Tocamos muitas de metal melódico, sabe? Tipo… Angra, Iron Maiden, Rolling Stones…</s>
    <s>- Rolling Stones? Desde quando é &quot;metal melódico&quot;?</s>
    <s>- É… A gente faz umas versões diferentes…</s>
    <s>- Ah tá… Mas com saxofone?</s>
    <s>- É… Tipo… Substitui o solo de guitarra…</s>
    <s>- Hum…</s>
    <s>- Hei!!Tira a mão da minha perna</s>
    <s>- DesculpeEu ia mudar a marcha e então…</s>
    <s>- TáTudo bem… MAS TIRA A MÃO</s>
    <s>- ClaroClaro</s>
    <s>- Sabe que eu acho que tu deveria tocar saxofone também?</s>
    <s>- Por quê?</s>
    <s>- Sei lá… Tu tem cara de quem é boa nisso</s>
    <s>- Eu não… Sou uma negação pra música</s>
    <s>- Falta muito?</s>
    <s>- PoucoMais cinco minutos.</s>
    <s>- Mal vejo a hora do show</s>
    <s>- Ainda mais euTe garanto que vai ser O espetáculo</s>
    <s>- Tomara</s>
    <s>- O que houve? Por que paramos?</s>
    <s>- Acabou a gasolina</s>
    <s>- Justo aqui, poxa… Nesse fim de mundo</s>
    <s>- PeraíTem um motel ali que eu acho que tem um posto de gasolina dentroVou ali ver e já volto</s>
    <s>- Tudo bem</s>
    <s>- Já volto</s>
    <s>- E aí? O que a moça disse?</s>
    <s>- Tem gasolina lá dentro, mas tem que ir lá buscarTu me ajuda?</s>
    <s>- Mas tu falou com ela de &quot;quarto&quot;, não?</s>
    <s>- &quot;Um quarto de litro&quot;Eu disse isso</s>
    <s>- E é tão pesado um quarto de litro?</s>
    <s>- A verdade é que não posso fazer força, vai que eu pego o galão de mau jeito e me machuco. Tenho que segurar o sax pra tocar…</s>
    <s>- Tá bem… Mas eu não passo da portaria</s>
    <s>- Por quê? Não vejo mal nenhum</s>
    <s>- É… Eu não vejo… Mas sinto…</s>
    <s>- Deixa disso… Nada a ver…</s>
    <s>- Hum… Tá.</s>
    <s>- Mas é num quarto que tem gasolina? O que estamos fazendo aqui?</s>
    <s>- Vem cá minha mimosa!!Eu sei que tu tava te fazendo de difícil…</s>
    <s>- Sai!!Louco!!Tarado!!</s>
    <s>- Vem tocar meu sax, vem!!</s>
    <s>- Sai!!Sai!!Toma!!</s>
    <s>- Tá louca? chutou o instrumento do músico?</s>
    <s>- Chutei e chuto de novo!!</s>
    <s>- TáEntão tchauNão quero mais saber de ti</s>
    <s>- E tu vai me deixar aqui sozinha no meio do nada?</s>
    <s>- E tu vai me deixar assim na seca?</s>
    <s>- Vou!!</s>
    <s>- Eu também vou, então</s>
    <s>- Isso não é justo</s>
    <s>- A vida não é justa…</s>
    <s>- Mas tu não pode fazer isso</s>
    <s>- Por quê?</s>
    <s>- Por que… É que…</s>
    <s>- TáTchauTe vira!</s>
    <s>para ver mais, vá em http://fulvio.official.ws</s>
    <s>criado por Fúlvio20:19:28 -- Arquivado em: Sem categoria --</s>
    <s>Comentários (0)</s>
    <s>VII Conferência Estadual dos Direitos da Criança e do Adolescente RESOLUÇÃO N° 075/09</s>
    <s>Porto Alegre, quinta-feira, 16 de abril de 2009 DIÁRIO OFICIAL 25</s>
    <s>Secretaria da Justiça e do</s>
    <s>Desenvolvimento Social</s>
    <s>Fernando Luís Schüler</s>
    <s>End: Av. Borges de Medeiros, 1501 - 8º andar</s>
    <s>Porto Alegre/RS - 90119-900</s>
    <s>Fone: (51) 3288-6400</s>
    <s>RESOLUÇÃO N° 075/09</s>
    <s>Dispõe sobre a convocação da VII Conferência Estadual dos Direitos da Criança e do Adolescente e dá outras providências. A Presidente do Conselho Estadual dos Direitos da Criança e do Adolescente – CEDICA/RS, no uso de suas atribuições legais, considerando a Resolução da 172ª Assembléia do Conselho Nacional dos Direitos da Criança e do Adolescente – CONANDA, que dispõe sobre a convocação da VIII Conferência Nacional dos Direitos da Criança e do Adolescente, resolve:</s>
    <s>Art. 1° Convocar a VII Conferência Estadual dos Direitos da Criança e do Adolescente, visando fortalecer a relação entre o governo e a sociedade civil para uma maior efetividade na formulação, execução e controle da política para a criança e o adolescente, através da defi -nição de estratégias que promovam a devida implementação do Estatuto da Criança e do Adolescente, em consonância com o tema da conferência e garantindo a participação de adolescentes na formulação e no controle das políticas públicas.</s>
    <s>Art. 2° A VII Conferência Estadual dos Direitos da Criança e do Adolescente, realizar-se-á em Porto Alegre nos dias 23 a 25 de setembro de 2009 na Pontifícia Universidade Católica (PUCRS).</s>
    <s>Art. 3° O evento terá como tema central “Construindo Diretrizes da Política e do Plano Decenal”.</s>
    <s>Art. 4° A VII Conferência Estadual deverá ser precedida por Conferências Municipais ou Conferências Regionais, em casos excepcionais, realizadas até o dia 30 de junho de 2009, com a entrega ou postagem dos respectivos relatórios ao CEDICA, impreterivelmente, até o dia 31 de julho de 2009.</s>
    <s>§ 1° Nos relatórios sintetizando as discussões das Conferências Municipais não deverão constar as propostas aprovadas para execução em nível local, apresentando somente as propostas de âmbito estadual e/ou nacional;</s>
    <s>§ 2° Os relatórios devem ser entregues impressos em papel e não serão aceitos relatórios na versão digital.</s>
    <s>§ 3° A designação de Delegados e Delegadas à VII Conferência Estadual deverá seguir os critérios estabelecidos pelo CEDICA no documento “Orientações às Conferências Municipais dos Direitos da Criança e do Adolescente”.</s>
    <s>Art. 5° Os resultados das Conferências Municipais subsidiarão a realização da VII Conferência Estadual, e os resultados desta, a VIII Conferência Nacional dos Direitos da Criança e do Adolescente, a realizar-se em Brasília/DF no período de 07 a 10 de dezembro de 2009.</s>
    <s>Art. 6° Fica instituído o Comitê Organizador da VII Conferência Estadual com a seguinte composição:</s>
    <s>a) Presidência do CEDICA,</s>
    <s>b) Dois conselheiros representantes Governamentais,</s>
    <s>c) Dois conselheiros representantes Não Governamentais,</s>
    <s>d) Dois representantes do Fórum Estadual dos Direitos da Criança e do Adolescente,</s>
    <s>e) Dois representantes da Associação Estadual dos Conselheiros Tutelares – ACONTURS,</s>
    <s>f) Representantes do segmento Adolescentes: UGES, FASE e FPE,</s>
    <s>g) Um representante do Poder Judiciário,</s>
    <s>h) Um representante do Ministério Público.</s>
    <s>Art.7° Caberá à Secretaria de Estado da Justiça e do Desenvolvimento Social e ao Conselho Estadual dos Direitos</s>
    <s>da Criança e do Adolescente – CEDICA a adoção das providências necessárias ao cumprimento desta Resolução,</s>
    <s>incluindo-se a disponibilização de recursos indispensáveis para o envio da delegação que representará o Estado do RS na VIII Conferência Nacional, em Brasília, que será composta por delegados, representantes dos seguintes seguimentos:</s>
    <s>Conselho Estadual dos Direitos da Criança e do Adolescente,</s>
    <s>Conselhos Municipais dos Direitos da Criança e do Adolescente,</s>
    <s>Conselhos Tutelares, Fórum Estadual DCA, organizações Governamentais e não-governamentais, Conselhos Setoriais, universidades, adolescentes, representantes do</s>
    <s>Ministério Público, representantes do Poder Judiciário, representantes da Defensoria Pública, representantes da Segurança Pública e Parlamentares.</s>
    <s>Art.8° Esta Resolução não esgota o assunto, podendo ocorrer eventuais complementações e até mesmo alterações que se fizerem necessárias a partir de subsídios do Conselho Nacional dos Direitos da Criança e do Adolescente – CONANDA ou críticas avaliadas e deliberadas por este Conselho, no sentido de qualificar o processo de debate, promovendo e ampliando os objetivos aqui definidos.</s>
    <s>Art.9° Esta Resolução entra em vigor na data de sua publicação.</s>
    <s>Porto Alegre 31 de março de 2009.</s>
    <s>Luciane Escouto,</s>
    <s>Presidente do CEDICA.</s>
    <s>criado por Fúlvio18:27:05 -- Arquivado em: Conselho Tutelar, Criança e adolescente, ECA, REDE MICRO 05, Seminários/cursos/conferênçias/palestras --</s>
    <s>Comentários (0)</s>
    <s>REGIMENTO INTERNO DA VII CONFERÊNCIA ESTADUAL DOS DIREITOS DA CRIANÇA E DO ADOLESCENTE</s>
    <s>REGIMENTO INTERNO DA VII CONFERÊNCIA ESTADUAL DOS DIREITOS DA CRIANÇA E DO ADOLESCENTE</s>
    <s>CAPÍTULO I</s>
    <s>- DOS OBJETIVOS -</s>
    <s>Art. 1º Deliberar sobre a política nacional de defesa e garantia dos direitos da criança e do adolescente.</s>
    <s>Art. 2º São objetivos específicos da VII Conferência Estadual:</s>
    <s>I. Fortalecer a relação entre o governo e a sociedade civil para uma maior efetividade na formulação, execução e controle da política para a criança e o adolescente;</s>
    <s>II. Definir diretrizes que promovam a devida implementação do Estatuto da Criança e do Adolescente, em consonância com o tema dessa conferência;</s>
    <s>III. Promover, qualificar e garantir a participação de adolescentes na formulação e no controle das políticas públicas;</s>
    <s>IV. Avaliar e aprovar propostas para o Estado do Rio Grande do Sul e para a VIII Conferência Nacional dos Direitos da Criança e do Adolescente;</s>
    <s>V. Promover a eleição dos delegados e das delegadas à VIII Conferência Nacional dos Direitos da Criança e do Adolescente, a ser realizada em Brasília.</s>
    <s>CAPÍTULO II</s>
    <s>- DO TEMÁRIO -</s>
    <s>Art. 3º A VII Conferência Estadual terá como tema central “Construindo Diretrizes da Política e do Plano Decenal”.</s>
    <s>Art. 4º São eixos orientadores da VII Conferência Estadual dos Direitos da Criança e do Adolescente:</s>
    <s>1. Promoção e universalização dos direitos em um contexto de desigualdades.</s>
    <s>2. Proteção e defesa no enfrentamento das violações de direitos humanos de crianças e adolescentes.</s>
    <s>3. Fortalecimento do sistema de garantia de direitos.</s>
    <s>4. Participação de crianças e adolescente nos espaços de construção da cidadania.</s>
    <s>5. Gestão da Política.</s>
    <s>CAPÍTULO III</s>
    <s>- DA ORGANIZAÇÃO -</s>
    <s>Art. 5º Integram a organização da VII Conferência Estadual: o Comitê Organizador, o GT de Programação e o GT de Infra-estrutura.</s>
    <s>I. Comitê Organizador:</s>
    <s>§ 1º Composição: Presidência, dois Conselheiros do CEDICA representantes Governamentais, dois Conselheiros do CEDICA representantes não Governamentais, dois representantes do Fórum Estadual dos Direitos da Criança e do Adolescente, dois representantes da Associação dos Conselhos Tutelares e um adolescente representante de cada uma das Entidades: UGES, FPE e FASE, um representante do poder Judiciário e um representante do Ministério Público.</s>
    <s>§ 2º Atribuições:</s>
    <s>a. Coordenar e realizar a VII Conferência Estadual dos Direitos da Criança e do Adolescente;</s>
    <s>b. Emitir, sob aprovação da Plenária do CEDICA, orientações definindo normas do processo de realização das Conferências Municipais, com vistas à participação na VII Conferência Estadual dos Direitos da Criança e do Adolescente.</s>
    <s>c. Planejar e executar os atos pertinentes à realização do evento.</s>
    <s>d. Garantir o fiel cumprimento da proposta programática e dos objetivos propostos para a Conferência.</s>
    <s>e. Examinar e encaminhar as propostas advindas das diferentes comissões.</s>
    <s>f. Elaborar proposta de Regimento Interno da Conferência, a ser aprovado na mesma.</s>
    <s>g. Dirimir as questões pendentes nos grupos.</s>
    <s>h. Providenciar a edição dos registros da VII Conferência.</s>
    <s>i. Estabelecer contatos permanentes com a assessoria de comunicação da SJDS para divulgação da Conferência.</s>
    <s>j. Atender a imprensa.</s>
    <s>k. Elaborar relatório final da Conferência e submetê-lo ao referendo da plenária do CEDICA.</s>
    <s>l. Submeter à Plenária do CEDICA os assuntos não consensuados.</s>
    <s>II. Ao GT de Programação compete:</s>
    <s>a. Elaborar a proposta programática;</s>
    <s>b. Elaborar a proposta metodológica de desenvolvimento;</s>
    <s>c. Propor nominata dos conferencistas;</s>
    <s>d. Elaborar os instrumentos de metodologia a ser utilizado na Conferência;</s>
    <s>e. Sistematizar as proposições vindas das Conferências Municipais;</s>
    <s>f. Sistematizar, em tempo hábil, as proposições da Conferência, aprovadas nos grupos, para serem submetidas à aprovação da Plenária final;</s>
    <s>g. Elaborar o relatório do GT até 15 de outubro de 2009;</s>
    <s>h. Organizar os conteúdos para a edição do relatório final da VII Conferência, após prévia aprovação do Comitê Organizador;</s>
    <s>i. Definir o material de subsídio para os delegados eleitos para a VIII Conferência Nacional.</s>
    <s>III. Ao GT de Infra-Estrutura compete:</s>
    <s>a. Acompanhar a execução do Orçamento para a realização da VII Conferência Estadual e para a participação da delegação do RS na VIII Conferência Nacional dos Direitos da Criança e do Adolescente.</s>
    <s>b. Garantir publicidade ao evento.</s>
    <s>c. Propor a arte para as peças publicitárias e documentos que compõe a Conferência.</s>
    <s>d. Providenciar a gravação das conferências.</s>
    <s>e. Apontar os gastos com a Conferência.</s>
    <s>f. Informes sobre a localização do evento (restaurantes próximos, linhas e horários de ônibus).</s>
    <s>CAPÍTULO IV</s>
    <s>- DOS PARTICIPANTES –</s>
    <s>Art. 6º São Participantes da VII Conferência Estadual dos Direitos da Criança e do Adolescente:</s>
    <s>a. O Conselho Estadual e representantes dos Conselhos Municipais dos Direitos da Criança e do Adolescente.</s>
    <s>b. Representantes de Conselhos Setoriais Estaduais (Educação, Saúde e Assistência Social).</s>
    <s>c. Representantes dos Conselhos Tutelares.</s>
    <s>d. Representantes dos Fóruns DCA Estadual e Municipal.</s>
    <s>e. Representantes de Órgãos Governamentais e de Entidades Não-Governamentais que atuam no segmento criança e adolescente.</s>
    <s>f. Adolescentes.</s>
    <s>g. Representantes de Conselhos Setoriais Municipais (Educação, Saúde e Assistência Social).</s>
    <s>h. Representantes de Estabelecimentos de Ensino Superior e Universidades.</s>
    <s>i. Observadores.</s>
    <s>Parágrafo único. Os conselheiros do CEDICA, os representantes dos Conselhos Setoriais Estaduais e os integrantes do Comitê Organizador são delegados natos à VII Conferência Estadual dos Direitos da Criança e do Adolescente.</s>
    <s>Art. 7º A inscrição dos Delegados para participarem da VII Conferência Estadual, dar-se-á através de nominatas a serem enviadas para o CEDICA, pelos Presidentes dos Conselhos Municipais dos Direitos da Criança e do Adolescente, no prazo estabelecido nas Orientações às Conferências Municipais.</s>
    <s>Parágrafo único - Fixa-se o prazo entre 08h (oito) e 12h (doze) horas do dia 23 de setembro, como limite máximo para o credenciamento dos delegados da VII Conferência Estadual.</s>
    <s>Art. 8º Os participantes das plenárias da VII Conferência Estadual terão direito à voz, podendo manifestar-se, verbalmente ou por escrito, durante os períodos de debate, através de comentários ou perguntas pertinentes ao tema, obedecendo ao tempo estipulado.</s>
    <s>§ 1º Apenas os Delegados terão direito a voto nas plenárias.</s>
    <s>§2º Os Delegados serão identificados, nos períodos de votação, pelo crachá fornecido pelo Comitê Organizador. No caso de extravio, não terá direito à segunda via.</s>
    <s>§3º O controle do uso dos crachás de identificação dos Delegados, por ocasião da votação, será de responsabilidade de todos os participantes da Conferência.</s>
    <s>§ 4º Os casos irregulares referentes ao parágrafo anterior serão resolvidos pelo Comitê Organizador.</s>
    <s>Art. 9° Na plenária final, todos os participantes terão direito à voz, mas apenas os Delegados, devidamente identificados, terão direito à voz e voto.</s>
    <s>CAPÍTULO V</s>
    <s>- DA REALIZAÇÃO -</s>
    <s>Art. 10. O tema da VII Conferência Estadual será apresentado por Conferencista.</s>
    <s>Art. 11. Os membros da VII Conferência, quando do credenciamento, optarão por eixos a serem trabalhados nas respectivas miniplenárias, respeitando o limite máximo das acomodações, em ordem de inscrição.</s>
    <s>Art. 12. Cada miniplenária terá um Relator, indicado pelo GT de Programação e Sistematização, e um Coordenador, indicado pela própria miniplenária.</s>
    <s>§ 1º Compete ao Coordenador orientar os trabalhos no que tange ao cumprimento dos prazos e horários estabelecidos, provocar o debate entre os participantes, oportunizando a participação de todos e manter a discussão em torno do tema proposto.</s>
    <s>§ 2º Compete ao Relator sistematizar as conclusões das miniplenária, em ordem de prioridade, e repassá-las, nos prazos previstos na programação, ao grupo de sistematização por eixo, do qual passará a fazer parte.</s>
    <s>Art. 13. O grupo de sistematização por eixo será constituído pelos relatores e coordenadores e um adolescente de cada miniplenária, e terá a atribuição de avaliar as propostas debatidas nas respectivas miniplenárias e sistematizá-las, definindo até 05 (cinco) diretrizes por eixo, que serão levadas à plenária final para deliberação.</s>
    <s>Art. 14. As miniplenárias terão um prazo de duração máximo de 03 (três) horas para realizarem as discussões e fazerem o encaminhamento, ao Comitê Organizador, das propostas já aprovadas no âmbito das miniplenárias e sistematizadas no grupo de sistematização.</s>
    <s>Parágrafo único: O período de duração das miniplenárias, previsto no Artigo 14, será distribuído da seguinte forma: 02 (duas) horas para o trabalho das miniplenárias e 01 (uma) hora para o trabalho nos grupos de sistematização.</s>
    <s>CAPÍTULO VI</s>
    <s>- DA PLENÁRIA FINAL -</s>
    <s>Art. 15. A plenária final deliberará sobre o relatório elaborado pelo grupo de sistematização por eixo, podendo, através de emendas, retificar ou suprimir.</s>
    <s>Art. 16. A equipe de relatores efetuará a leitura do relatório final, assegurando-se, aos membros da plenária, o direito de solicitar o exame em destaque de qualquer um de seus pontos:</s>
    <s>a) os pontos que não forem destacados serão considerados como aprovados por unanimidade pela plenária final;</s>
    <s>b) as propostas de alteração do relatório final deverão ser encaminhadas, por escrito, à mesa coordenadora, no prazo de até 10 (dez) minutos após a leitura da mesma, que as submeterá, por tema e ordem de chegada, à aprovação da plenária final;</s>
    <s>c) os propositores de destaque terão 02 (dois) minutos para a defesa de cada proposta. Após este prazo, o Coordenador da mesa concederá 02 (dois) minutos à outra pessoa para defender a posição contrária à proposta, procedendo-se, em seguida, a votação;</s>
    <s>d) assegura-se aos membros da plenária final o questionamento, por ordem de inscrição, à mesa diretora, sempre que houver dúvida sobre o cumprimento do presente regimento;</s>
    <s>e) durante os períodos de votação, serão vedados os levantamentos de questões de ordem;</s>
    <s>f) os casos omissos da plenária final serão resolvidos pela mesa coordenadora.</s>
    <s>Art. 17. A plenária final homologará a nominata dos Delegados à VIII Conferência Nacional, obedecendo à proporção previamente definida pelo CONANDA, a saber: (cópia das orientações do CONANDA, abaixo).</s>
    <s>6 (seis) Conselheiros Estaduais dos Direitos da Criança e do Adolescente, garantindo a paridade;</s>
    <s>6 (seis) Conselheiros Municipais dos Direitos da Criança e do Adolescente garantindo a paridade, sendo de municípios diferentes, incluindo a capital;</s>
    <s>6 (seis) Conselheiros Tutelares de municípios diferentes, incluindo a capital</s>
    <s>4 (quatro) representantes de órgãos estaduais ou municipais de políticas de atendimento de criança e adolescente;</s>
    <s>3 (três) representantes de Conselhos Setoriais municipais, a partir de sua atuação na área da criança e do adolescente;</s>
    <s>2 (dois) representantes do Fórum Estadual dos Direitos da Criança e do Adolescente;</s>
    <s>2 (dois) representantes de Universidades, desde que vinculados aos núcleos de extensão, estudos e pesquisas sobre violência, criança e adolescente;</s>
    <s>10 (dez) adolescentes, garantindo a diversidade de idade, raça, gênero, deficiência, em situação de rua, em conflito com a lei, em abrigamento, dentre outros;</s>
    <s>1 (um) Promotor de Justiça da Infância e Juventude;</s>
    <s>1 (um) Defensor Público da Infância e Juventude da Defensoria Pública Estadual;</s>
    <s>1 (um) Juiz Titular da Infância e Juventude do Estado;</s>
    <s>1 (um) Delegado Titular da Delegacia Especializada de Criança e Adolescência de Proteção ou Apuração de Ato Infracional;</s>
    <s>1 Parlamentar Estadual / Distrital da Frente de Defesa dos Direitos da Criança e do Adolescente ou na ausência, um representante da Comissão de Direitos Humanos;</s>
    <s>4 (quatro) representantes de Conselhos Setoriais Estaduais (educação, saúde, assistência social e o quarto será definido pelo Conselho Estadual, a partir de sua atuação na área da criança e do adolescente.</s>
    <s>1 (um) representante da Segurança Pública</s>
    <s>Parágrafo Único: Integrará a Delegação da VII Conferência, a Secretária Executiva do CEDICA.</s>
    <s>§ 1º A homologação dos delegados titulares e suplentes, ocorrerá em 24 de setembro de 2009, na plenária final, e se realizará a partir da indicação por categoria, feita no dia 24 de setembro de 2009, em espaço próprio e com um mediador indicado pelo Comitê Organizador da VII Conferência Estadual.</s>
    <s>§ 2º Somente poderão concorrer à vaga de delegado para a VIII Conferência Nacional, representantes com participação efetiva na VII Conferência Estadual.</s>
    <s>§3º Os delegados indicados pelas conferências municipais só poderão concorrer às vagas de delegados pelos seus órgãos ou entidades, se assim indicados por estes.</s>
    <s>CAPÍTULO VII</s>
    <s>- DAS DISPOSIÇÕES GERAIS –</s>
    <s>Art. 18. As moções devem ser subscritas nas miniplenárias por 70% de seus integrantes, devidamente identificados, com nome completo e assinatura, e entregues ao Comitê Organizador até às 17h30 do dia 23 de setembro de 2009.</s>
    <s>Art. 19. Os casos omissos serão resolvidos pelo Comitê Organizador da VII Conferência Estadual dos Direitos da Criança e do Adolescente.</s>
    <s>Art. 20. O presente Regimento Interno será aprovado na plenária da manhã de 23 de setembro de 2009, por maioria simples, dentre os Delegados presentes.</s>
    <s>Porto Alegre, de setembro de 2009.</s>
    <s>criado por Fúlvio18:24:32 -- Arquivado em: Conselho Tutelar, Criança e adolescente, ECA, Educação, REDE MICRO 05, Seminários/cursos/conferênçias/palestras --</s>
    <s>Comentários (0)</s>
    <s>VIII Conferência Nacional dos Direitos da Criança e do Adolescente</s>
    <s>VIII Conferência Nacional dos Direitos da Criança e do Adolescente</s>
    <s>A oitava edição da Conferência será realizada em Brasília (DF), de 7 a 10 de dezembro de 2009</s>
    <s>Data de Início: 07/12/2009</s>
    <s>Data do Término: 10/12/2009</s>
    <s>Horário de Início: 08:00</s>
    <s>Horário de Encerramento: 18:00</s>
    <s>Cidade: Brasília</s>
    <s>Estado: DF</s>
    <s>Local: Centro de Convenções Ulysses Guimarães</s>
    <s>Nome do Contato: Conselho Nacional dos Direitos da Criança e do Adolescente</s>
    <s>E-mail do Contato: conanda@sedh.gov.br</s>
    <s>Telefone do Contato: (61) 3429-3525</s>
    <s>A oitava edição da Conferência Nacional dos Direitos da Criança e do Adolescente será realizada em Brasília (DF), de 7 a 10 de dezembro de 2009</s>
    <s>criado por Fúlvio18:12:35 -- Arquivado em: Conselho Tutelar, Criança e adolescente, Educação, REDE MICRO 05, Seminários/cursos/conferênçias/palestras --</s>
    <s>Comentários (0)</s>
    <s>Filosofia de um pardal ¨Nem sempre aquele que tira você da merda é seu amigo¨</s>
    <s>criado por Fúlvio16:55:02 -- Arquivado em: amigo, amizade, mensagens --</s>
    <s>Comentários (0)</s>
    <s>A ORIGEM DA EXPRESSÃO &quot;QUINTO DOS INFERNOS&quot;</s>
    <s>A ORIGEM DA EXPRESSÃO &quot;QUINTO DOS INFERNOS&quot;</s>
    <s>Durante o século 18, o Brasil Colônia pagava um alto tributo para seu colonizador, Portugal.</s>
    <s>Esse tributo incidia sobre tudo o que fosse produzido em nosso país e correspondia a 20% da produção.</s>
    <s>Essa taxação altíssima e absurda, era chamada de &quot;O Quinto&quot;. Esse imposto recaía principalmente sobre a</s>
    <s>nossa produção de ouro.</s>
    <s>O &quot;Quinto&quot; era tão odiado pelos brasileiros, que foi apelidado de &quot;O Quinto dos Infernos&quot;.</s>
    <s>A Coroa Portuguesa quis, em determinado momento, cobrar os &quot;quintos atrasados&quot; de uma única vez,</s>
    <s>no episódio conhecido como &quot;Derrama&quot;. Isso revoltou a população, gerando o incidente chamado</s>
    <s>de &quot;Inconfidência Mineira&quot;, que teve seu ponto culminante na prisão e julgamento do líder</s>
    <s>Joaquim José da Silva Xavier, o Tiradentes.</s>
    <s>De acordo com o Instituto Brasileiro de Planejamento Tributário - IBPT - a carga tributária brasileira</s>
    <s>deverá chegar ao final deste ano de 2009 em 38%, praticamente 2/5 (dois quintos) de nossa produção.</s>
    <s>Atualmente, a carga tributária é praticamente o dobro daquela à época da Inconfidência Mineira,</s>
    <s>ou seja pagamos hoje &quot;dois quintos dos infernos&quot;!</s>
    <s>Salve nossos políticos, o Senado com sua legião de &quot;diretores&quot;, a festa das passagens, o bacanal com o dinheiro público!</s>
    <s>criado por Fúlvio16:49:05 -- Arquivado em: Sem categoria, curiosidade --</s>
    <s>Comentários (0)</s>
    <s>Curso Filhos de Alcoolistas</s>
    <s>criado por Fúlvio16:35:21 -- Arquivado em: Crack, Drogas, Seminários/cursos/conferênçias/palestras, saude --</s>
    <s>Comentários (0)</s>
    <s>8ª CONFERÊRENCIA MUNICIPAL DE ASSISTÊNCIA SOCIAL</s>
    <s>8ª CONFERÊRENCIA  MUNICIPAL DE ASSISTÊNCIA SOCIAL</s>
    <s>DATA:24, 25/07 e 01/08 de 2009</s>
    <s>Local: Salão de Atos do Colégio Marista Rosário</s>
    <s>Praça Dom Sebastião, nº 02</s>
    <s>Porto Alegre/RS</s>
    <s>8ª Conferência Municipal de Assistência Social, programada para 24 e 25 de julho e 1º de agosto,  A conferência deste ano tem como tema o controle social do Sistema Único de Assistência Social (Suas).</s>
    <s>criado por Fúlvio16:17:08 -- Arquivado em: Drogas, Educação, REDE MICRO 05, Segurança, Sem categoria, Seminários/cursos/conferênçias/palestras, saude --</s>
    <s>Comentários (0)</s>
    <s>Comunidade Terapêutica Zé Maria</s>
    <s>Boa Tarde,</s>
    <s>A Cooperativa Brasileira de Trabalho e Renda Ltda. através de um projeto social criou a Comunidade Terapêutica Zé Maria,em nosso município São Leopoldo que atende dependentes químicos adolescentes (Projeto Guadalupe) e adultos do sexo masculino,dentro de um trabalho terapêutico voltado a recuperação e inserção no mercado de trabalho,através de cursos de capacitação que serão ministrados  no local,</s>
    <s>Contamos com seu apoio na divulgação  deste trabalho social sem fins lucrativos,para que possamos dar continuidade e auxiliar cada vez mais a erradicação das drogas do nosso dia a dia.</s>
    <s>Joao Luís Lucchese</s>
    <s>Fone/fax - 51.30375705</s>
    <s>.shape {behavior:url(defaultVML);}</s>
    <s>&lt;!- /Font Definitions */ @font-face {font-family:Verdana; panose-1:2 11 6 4 3 5 4 4 2 4; mso-font-charset:0; mso-generic-font-family:swiss; mso-font-pitch:variable; mso-font-signature:536871559 0 0 0 415 0;} @font-face {font-family:&quot;Arial Rounded MT Bold&quot;; mso-font-alt:Tahoma; mso-font-charset:0; mso-generic-font-family:swiss; mso-font-pitch:variable; mso-font-signature:3 0 0 0 1 0;} /Style Definitions */ p.MsoNormal, li.MsoNormal, div.MsoNormal {mso-style-parent:&quot;&quot;; margin:0cm; margin-bottom:.0001pt; mso-pagination:widow-orphan; font-size:10.0pt; font-family:&quot;Times New Roman&quot;; mso-fareast-font-family:&quot;Times New Roman&quot;;} h4 {mso-style-next:Normal; margin:0cm; margin-bottom:.0001pt; mso-pagination:widow-orphan; page-break-after:avoid; mso-outline-level:4; font-size:12.0pt; mso-bidi-font-size:10.0pt; font-family:&quot;Times New Roman&quot;; font-weight:normal;} p.MsoHeader, li.MsoHeader, div.MsoHeader {margin:0cm; margin-bottom:.0001pt; mso-pagination:widow-orphan; tab-stops:center 212.6pt right 425.2pt; font-size:10.0pt; font-family:&quot;Times New Roman&quot;; mso-fareast-font-family:&quot;Times New Roman&quot;;} p.MsoFooter, li.MsoFooter, div.MsoFooter {margin:0cm; margin-bottom:.0001pt; mso-pagination:widow-orphan; tab-stops:center 212.6pt right 425.2pt; font-size:10.0pt; font-family:&quot;Times New Roman&quot;; mso-fareast-font-family:&quot;Times New Roman&quot;;} a:link, span.MsoHyperlink {color:blue; text-decoration:underline; text-underline:single;} a:visited, span.MsoHyperlinkFollowed {color:purple; text-decoration:underline; text-underline:single;} @page Section1 {size:595.3pt 841.9pt; margin:127.6pt 2.0cm 70.9pt 2.0cm; mso-header-margin:35.45pt; mso-footer-margin:47.05pt; mso-paper-source:0;} div.Section1 {page:Section1;} -&gt;</s>
    <s>/Style Definitions */</s>
    <s>{mso-style-name:&quot;Tabela normal&quot;;</s>
    <s>mso-padding-alt:0cm 5.4pt 0cm 5.4pt;</s>
    <s>font-family:&quot;Times New Roman&quot;;</s>
    <s>A COMUNIDADE TERAPÊUTICA ZÉ MARIA</s>
    <s>A cada momento, nos defrontamos com a ampliação na incidência de problemas advindos do consumo inconseqüente dos mais diversos tipos de drogas - lícitas ou ilícitas -, bem como do consumo inapropriado do álcool. Basta olhar no entorno, seja em nossas residências, avenidas, semáforos ou mesmo no convívio organizacional, caracterizando este problema, na sua forma crônica de ser, como a “doença do século”.</s>
    <s>Implicações estas que requerem ações urgentes na busca por melhoria na oferta da saúde pública, como resposta ao caos da atual situação que destrói, eminentemente, inúmeras famílias, direta ou indiretamente. O que oportuniza o repensar sobre a complexidade da dependência de drogas e do álcool.</s>
    <s>Repensar, como uma atitude despossuída de preconceitos, distorções e medos que costumam freqüentar esse tema. É através desta abordagem que a Coopbras – Cooperativa Brasileira de Trabalho e Renda inicia o desenvolvimento de um novo conceito de Comunidade Terapêutica. Promovendo, inovação e qualidade de vida aos participantes, essência do trabalho e do princípio da igualdade. Proporcionando, assim, a reinserção social destes indivíduos como seres humanos, desconsiderando o mito da doença crônica e irrecuperável.</s>
    <s>Sua realização foi planejada a partir do conceito estrutural de uma sociedade onde cada participante tem um papel a exercer perante a comunidade com a qual convive, para que possa assumir suas responsabilidades, bem como desenvolver sua afetividade. Para tanto, contará com um ambiente favorável a execução das diversas atividades profissionais, culturais, sociais e esportivas, a partir de um regime democrático.</s>
    <s>Cada indivíduo poderá exercer seu papel, vivenciando e discutindo suas ações e contradições, exercitando o despertar da responsabilidade individual e grupal, estimulando a todos participar das atividades, deslocando o conceito de alienação e rotulagem com o qual convivem, em favor do crescimento próprio e do engajamento por uma nova realidade pessoal e social.</s>
    <s>O plano de desenvolvimento deste trabalho foi realizado para adultos em situação de vulnerabilidade social. Seu planejamento e adaptação estão baseados nos preceitos da Coopbras que prioriza dentre suas ações propiciar a melhoria da qualidade de vida da população, através do exercício da ética, respeito e cidadania adequados às exigências da sociedade civil.</s>
    <s>Sua aplicação irá proporcionar assistência integral aos vinculados ao programa, vitimados pela discriminação e/ou exclusão social, permitindo a partir das atividades propostas, o exercício de direitos inalienáveis de qualquer cidadão: a vida, a liberdade, a educação e a possibilidade de serem agentes de construção e/ou transformação da sua própria história.</s>
    <s>criado por Fúlvio15:30:45 -- Arquivado em: Crack, Drogas, Educação, Segurança, saude --</s>
    <s>Comentários (0)</s>
    <s>A IMPORTÂNCIA DO CAFEZINHO</s>
    <s>Dois leões fugiram do Jardim Zoológico.</s>
    <s>Na hora da fuga, cada um tomou um rumo diferente, para despistar</s>
    <s>os perseguidores.</s>
    <s>Um dos leões foi para as matas e o outro foi para o centro da cidade.</s>
    <s>Procuraram os leões por todo o lado, mas ninguém os encontrou.</s>
    <s>Depois de um mês, para surpresa geral, o leão que voltou foi justamente o que fugira para as matas.</s>
    <s>Voltou magro, faminto, alquebrado.</s>
    <s>Foi preciso pedir a um deputado que arranjasse uma vaga no Jardim Zoológico.</s>
    <s>Assim, o leão foi  reconduzido a sua jaula.</s>
    <s>Passaram-se oito meses e ninguém mais se lembrou do leão que fugira para o centro da cidade, quando um dia, o bicho foi recapturado e voltou ao Jardim Zoológico gordo, sadio, vendendo saúde.</s>
    <s>Mal ficaram juntos de novo, o leão que fugira para a floresta perguntou</s>
    <s>ao colega:</s>
    <s>- Como é que conseguiste ficar na cidade esse tempo todo e ainda voltar com saúde?</s>
    <s>Eu, que fugi para a mata, tive que voltar, porque quase não encontrava o que c omer … !!</s>
    <s>O outro leão então explicou:</s>
    <s>- Enchi-me de coragem e fui esconder-me numa repartição pública.</s>
    <s>Cada dia comia um funcionário e ninguém dava por falta dele.</s>
    <s>- E por que voltaste então para cá? Tinham acabado os funcionários?</s>
    <s>- Nada disso.</s>
    <s>Funcionário público é coisa que nunca se acaba.</s>
    <s>É que eu cometi um erro gravíssimo. Tinha comido o diretor geral, dois superintendentes, cinco adjuntos, três coordenadores, dez assessores,</s>
    <s>doze chefes de seção, quinze chefes de divisão,várias secretárias, dezenas de funcionários e ninguém deu por falta deles</s>
    <s>Mas… No dia em que eu comi o que servia o cafezinho…</s>
    <s>Estraguei tudo!!!</s>
    <s>criado por Fúlvio13:28:56 -- Arquivado em: piadas --</s>
    <s>Comentários (0)</s>
    <s>Posts mais antigos »</s>
    <s>Report abuse Close</s>
    <s>Am I a spambot? yes definately</s>
    <s>Seu nome Seu e-mail Endereço completo do blog a denunciar http://caixadeentrada.blog.terra.com.br Reclamaçao</s>
    <s>Thank you Close</s>
    <s>Sua denuncia foi enviada.</s>
    <s>Em breve estaremos processando seu chamado para tomar as providencias necessarias. Esperamos que continue aproveitando o servie siga participando do Terra Blog.</s>
  </text>
</page>
