<?xml version="1.0" encoding="UTF-8"?>
<!DOCTYPE page SYSTEM "page.dtd">
<page>
  <lang>pt</lang>
  <url>http://technet.microsoft.com/pt-br/library/dd425356(v%3Doffice.13).aspx</url>
  <title>Caminhos de migração e cenários de coexistência aceitos</title>
  <snippet>
    <s>19 fev. 2010 Este tópico apresenta uma visão geral dos caminhos de migração aceitos das versões anteriores do Office Communications Server Esse pacote é fornecido no artigo 957465 da Base de Dados de Conhecimento para o Servidor de Conferência de Áudio/Vídeo do Office Communications Server 2007: </s>
  </snippet>
  <text>
    <s>Brasil - Português !Dropdown Arrow</s>
    <s>Argentina (Español)</s>
    <s>Australia (English)</s>
    <s>Brasil (Português)</s>
    <s>Canada (English)</s>
    <s>中国 (简体中文)</s>
    <s>Colombia (Español)</s>
    <s>Deutschland (Deutsch)</s>
    <s>España (Español)</s>
    <s>France (Français)</s>
    <s>India (English)</s>
    <s>日本 (日本語)</s>
    <s>México (Español)</s>
    <s>Perú (Español)</s>
    <s>Россия (Pусский)</s>
    <s>United Kingdom (English)</s>
    <s>United States (English)</s>
    <s>Bem-vindo Entrar</s>
    <s>Office Communications Server</s>
    <s>HomeBibliotecaAprenderDownloadsTroubleshootingUC PartnersComunidadeFóruns</s>
    <s>Classic | Lightweight | ScriptFree</s>
    <s>Versão Amigável para ImpressoraEnviar</s>
    <s>Clique para classificar e enviar comentários</s>
    <s>Envie comentários sobre este conteúdo</s>
    <s>!TechNet Library</s>
    <s>Please Wait</s>
    <s>TechNet Library</s>
    <s>Please Wait</s>
    <s>Please Wait</s>
    <s>Office System</s>
    <s>Please Wait</s>
    <s>Documentaçao do Communica </s>
    <s>Please Wait</s>
    <s>Communications Server 2007 R2</s>
    <s>Please Wait</s>
    <s>Topologias compativeis e requi </s>
    <s>Please Wait</s>
    <s>Caminhos de migraçao e cenarios de </s>
    <s>Conteudo da Comunidade</s>
    <s>Nesta seçao</s>
    <s>Estatisticas Anotações (0)</s>
    <s>Clique aqui para expandir</s>
    <s>!Recolher Tudo/Expandir Tudo Recolher Tudo Expandir Tudo</s>
    <s>Microsoft Office Communications Server 2007 R2</s>
    <s>Caminhos de migração e cenários de coexistência aceitos</s>
    <s>Tópico modificado em: 2010-02-19</s>
    <s>Este tópico apresenta uma visão geral dos caminhos de migração aceitos das versões anteriores do Office Communications Server para o Office Communications Server 2007 R2 e das configurações de coexistência aceitas durante a migração em fases. Para obter mais detalhes, consulte Migração.</s>
    <s>Você pode migrar para o Office Communications Server 2007 R2 das seguintes versões anteriores:</s>
    <s>Office Communications Server 2007</s>
    <s>Live Communications Server 2005 com Service Pack 1 (SP1)</s>
    <s>O esquema de Banco de Dados Back-End foi alterado com o Office Communications Server 2007 R2.</s>
    <s>Métodos de migração</s>
    <s>Há suporte para a migração de todas as topologias e funções de servidor do Office Communications Server. É possível migrar de uma topologia para outra diferente, por exemplo, do servidor Standard Edition para o servidor Enterprise Edition em uma configuração consolidada.</s>
    <s>Há suporte para os dois métodos de migração a seguir:</s>
    <s>Migração lado a lado</s>
    <s>Esse método de migração é aceito para implantações do Office Communications Server 2007 e do Live Communications Server 2005 com SP1.</s>
    <s>Na migração lado a lado, uma nova configuração do Office Communications Server 2007 R2 é criada junto com a configuração do Office Communications Server 2007. Depois que a nova configuração for totalmente validada, os usuários serão movidos da configuração original para a nova. Esse método requer servidores adicionais durante a migração, e os nomes de sistema e de pool são diferentes na nova configuração. Durante esse tipo de migração, a interrupção do serviço é rápida ou nem chega a ocorrer.</s>
    <s>Esse método de migração é aceito para implantações do Office Communications Server 2007 e do Live Communications Server 2005 com SP1, se o hardware atender aos requisitos. Para obter mais detalhes sobre requisitos de hardware, consulte Requisitos de componentes internos do Office Communications Server.</s>
    <s>Esse tipo de migração é semelhante à recuperação de desastre. Todos os dados de usuário e de configuração são exportados e armazenados em um local de backup. O Office Communications Server 2007 é desinstalado, o Office Communications Server 2007 R2 é instalado e todos os dados de usuário e de configuração são restaurados. Esse método de migração permite reutilizar servidores (com hardware novo ou existente) e manter os endereços IP e os nomes de sistema e de pool existentes. Durante esse tipo de migração, espera-se que a interrupção de serviço seja maior. Esse método requer uma atualização do sistema operacional de 32 para 64 bits.</s>
    <s>As migrações podem ser abordadas em fases. As migrações do Office Communications Server 2007 começam com a rede interna e passam para a rede de perímetro. As migrações do Live Communications Server 2005 SP1 começam com a rede de perímetro e passam para a rede interna.</s>
    <s>Antes que a migração comece, os domínios e florestas Active Directory devem atender aos requisitos especificados sob Requisitos de ambiente.</s>
    <s>Durante uma migração de desinstalação/reinstalação, o sistema operacional deve ser atualizado para uma edição de 64 bits. O Microsoft SQL Server deve ser atualizado para, no mínimo, o SQL Server 2005 com SP2 ou para o SQL Server 2008.</s>
    <s>Migrações de fase</s>
    <s>Os cenários de coexistência descritos nesta seção oferecem suporte a migrações em fases lado a lado. Para obter detalhes sobre as etapas de migração e os cenários de migração em fases aceitos, consulte a documentação sobre migração na Biblioteca TechNet do Office Communications Server 2007 R2 no site da Microsoft: http://go.microsoft.com/fwlink/?LinkID=132106 (em inglês).</s>
    <s>Cenários de coexistência</s>
    <s>Esta seção identifica os componentes que podem interoperar durante a migração em fases.</s>
    <s>Não há suporte para nenhum cenário de coexistência que não esteja incluído nesta seção.</s>
    <s>Há suporte para os seguintes cenários de coexistência:</s>
    <s>Um servidor pool Enterprise ou Standard Edition do Office Communications Server 2007 R2 pode se comunicar com os seguintes perfis do servidor Office Communications Server 2007 no suporte da migração de dentro para fora:</s>
    <s>Servidor de Borda</s>
    <s>Microsoft Office Communicator Web Access</s>
    <s>Embora os pools Enterprise do Office Communications Server 2007 R2 e os servidores Standard Editions possam se comunicar com a versão 2007 do Communicator Web Access, você não poderá implantar uma versão 2007 do Communicator Web Access depois de executar as etapas de preparação do Active Directory para Office Communications Server 2007 R2. Para obter mais detalhes, consulte Restrições de coexistência e a documentação de migração na biblioteca TechNet do Office Communications Server 2007 R2 no site da Microsoft: http://go.microsoft.com/fwlink/?LinkID=132106 (em inglês).</s>
    <s>Servidor de Mediação</s>
    <s>Um Servidor de Borda do Office Communications Server 2007 R2 ou Diretor pode se comunicar com um pool Enterprise do Live Communications Server 2005 com SP1 ou um servidor Standard Edition apenas para mensagens instantâneas.</s>
    <s>Um pool Enterprise do Office Communications Server 2007 R2 ou servidor Standard Edition pode ser compatível com os seguintes clientes:</s>
    <s>Office Communicator 2007</s>
    <s>Office Communicator 2005 (somente para mensagens instantâneas e presença; não há suporte para presença avançada e voz/vídeo)</s>
    <s>Office Live Meeting 2007</s>
    <s>Um Servidor de Mediação do Office Communications Server 2007 R2 pode se comunicar com um pool Enterprise do Office Communications Server 2007 ou servidor Standard Edition.</s>
    <s>Um Monitoring Server do Office Communications Server 2007 R2 pode receber dados de CDR (Registro de Detalhes das Chamadas) e dados QoE (Qualidade da Experiência) dos clientes do Office Communicator 2007 e do Office Communicator 2005 (somente CDR) que estão hospedados em um pool Enterprise do Office Communications Server 2007 R2 ou servidor Standard Edition.</s>
    <s>Os usuários que usam o Office Communicator 2007 R2 ou a versão 2007 R2 do Communicator Web Access podem se comunicar com usuários que usam os seguintes clientes, independentemente de onde os usuários estão hospedados:</s>
    <s>Office Communicator 2007 (oferece suporte a mensagens instantâneas, voz/áudio e webconferência)</s>
    <s>Versão 2007 do Communicator Web Access (oferece suporte a mensagens instantâneas, voz/vídeo e webconferência)</s>
    <s>Office Communicator 2005 (oferece suporte a mensagens instantâneas e presença herdada)</s>
    <s>Versão 2005 do Communicator Web Access (oferece suporte a mensagens instantâneas e presença herdada)</s>
    <s>Restrições de coexistência</s>
    <s>O esquema de Banco de Dados Back-End foi alterado no Office Communications Server 2007 R2, de modo que uma nova instância do SQL Server é necessária para um pool Enterprise do Office Communications Server 2007 R2. Um Banco de Dados Back-End existente com o nível necessário do SQL Server 2005 pode hospedar um Banco de Dados Back-End do Office Communications Server 2007 R2, mas pode haver limitações de desempenho para um back-end colocado em conjunto.</s>
    <s>As Ferramentas Administrativas do Office Communications Server 2007 R2 não podem ser usadas para gerenciar servidores Office Communications Server 2007. Instale as Ferramentas Administrativas do Office Communications Server 2007 para gerenciar componentes do Office Communications Server 2007 durante a migração.</s>
    <s>O Servidor de Arquivamento do Office Communications Server 2007 R2 não pode interoperar com os componentes do Office Communications Server 2007, e o Servidor de Arquivamento do Office Communications Server 2007 não pode interoperar com os componentes do Office Communications Server 2007 R2. A versão do Servidor de Arquivamento deve corresponder à versão do pool.</s>
    <s>Os Servidores de Mediação do Office Communications Server 2007 R2 e os clientes hospedados no Office Communications Server 2007 R2 não podem interoperar com o QoE Monitoring Server do Office Communications Server 2007. Os pools do Office Communications Server 2007 também não podem interoperar com o Monitoring Server do Office Communications Server 2007 R2. No entanto, se um pool do Office Communications Server 2007 R2 e um Monitoring Server do Office Communications Server 2007 R2 estiverem instalados, o Servidor de Mediação do Office Communications Server 2007 poderá interoperar com eles (ou seja, ele poderá enviar com êxito relatórios QoE capturados pelo Monitoring Server do Office Communications Server 2007 R2).</s>
    <s>O Controle de Voz Externo requer o Servidor de Mediação do Office Communications Server 2007 R2. Nas migrações em fase lado a lado, só habilite o Controle de Voz Externo depois que todos os Servidores de Mediação tiverem sido atualizados para o Office Communications Server 2007 R2.</s>
    <s>Os servidores de borda do Office Communications Server 2007 R2 não podem se comunicar com pools Enterprise do Office Communications Server ou servidores Standard Edition porque a migração do Office Communications Server 2007 deve ser de dentro para fora. No entanto, os Servidores de Borda do Office Communications Server 2007 R2 e os Diretores podem se comunicar com os pools Enterprise do Live Communications Server 2005 com SP1 ou servidores Standard Edition, oferecendo suporte a um caminho de migração fora do Live Communications Server 2005 SP1.</s>
    <s>Não há suporte para aplicativos que usam a API (interface de programação de aplicativo) do Live Communications Server 2005.</s>
    <s>Se você tiver criado ou planejado criar aplicativos que usem o UC AJAX API para Office Communications Server 2007, mas também pretende implantar o Office Communications Server 2007 R2, deverá ter o Communicator Web Access (versão 2007) implantado com êxito antes de executar as etapas de preparação do Active Directory para Office Communications Server 2007 R2. Você pode manter uma versão existente do Communicator Web Access (versão 2007) ou pode implantar uma nova versão do Communicator Web Access (versão 2007) antes de executar as etapas de preparação do Active Directory para Office Communications Server 2007 R2. Para obter detalhes, consulte a documentação de migração na Biblioteca TechNet do Office Communications Server 2007 R2 no site da Microsoft: http://go.microsoft.com/fwlink/?LinkID=132106 (em inglês).</s>
    <s>Os usuários que usam o Office Communicator 2007 R2 não podem ser hospedados em um Communications Server 2007 nem em um pool Enterprise do Live Communications Server 2005 com SP1, nem em um servidor Standard Edition.</s>
    <s>Atualizações necessárias para cenários de coexistência</s>
    <s>Algumas atualizações de produto são necessárias para dar suporte à coexistência entre certos componentes mais antigos e o Office Communications Server 2007 R2 durante a migração. São as seguintes:</s>
    <s>Para que o Office Communicator 2007 coexista com o Office Communications Server 2007 R2, é preciso aplicar o pacote rollup de atualizações mais recente do Office Communicator 2007. Esse pacote é fornecido no artigo 957465 da Base de Dados de Conhecimento Microsoft, &quot;Descrição do pacote cumulativo de hotfix do Communicator 2007: 19 de dezembro de 2008,&quot; em http://go.microsoft.com/fwlink/?LinkId=139874 (em inglês).</s>
    <s>Para o servidor de mediação 2007 coexistir com o Office Communications Server 2007 R2, é preciso aplicar a atualização fornecida no artigo 956829 da base de conhecimento da Microsoft. Para detalhes, consulte o artigo 956829 da base de conhecimento, &quot;Description of the update package for Communications Server 2007 Mediation Server October, 2008,&quot; em http://go.microsoft.com/fwlink/?LinkId=139876 (em inglês). Além disso, você precisa de um script para associar o Servidor de Mediação 2007 com o Office Communications Server 2007 R2 para enviar relatórios QoE. Para detalhes, consulte “Associate Office Communications Server 2007 or Office Communications Server 2007 R2 Mediation Server with Office Communications Server 2007 R2 Pool” em http://go.microsoft.com/fwlink/?LinkId=144354 (em inglês).</s>
    <s>Para que o Office Communications Server 2007 coexista com o Office Communications Server 2007 R2, é preciso aplicar a atualização fornecida no artigo 956389 da Base de Dados de Conhecimento Microsoft, &quot;Descrição do pacote de atualização para o Communications Server 2007: Novembro de 2008,&quot; em http://go.microsoft.com/fwlink/?LinkId=137299 (em inglês).</s>
    <s>Para que o Office Communicator 2005 coexista com o Office Communications Server 2007 R2, é preciso aplicar o pacote rollup de atualizações mais recente do Office Communicator 2005. Esse pacote é fornecido no artigo 949280 da Base de Dados de Conhecimento Microsoft, &quot;Descrição do pacote cumulativo de hotfix do Communicator 2005: 19 de dezembro de 2008,&quot; em http://go.microsoft.com/fwlink/?LinkId=139875 (em inglês).</s>
    <s>Se você aplicar essa atualização, certifique-se de aplicar primeiro a atualização de pré-requisito fornecida no artigo 950614 da Base de Dados de Conhecimento Microsoft, &quot;Descrição da atualização para o Live Communications Server 2005 Service Pack 1: setembro de 2008&quot;, para garantir que os usuários do Office Communicator 2005 possam continuar a fazer logon nos servidores do Live Communications Server 2005 SP1. Para obter detalhes, visite Setembro de 2008,&quot; em http://go.microsoft.com/fwlink/?LinkId=140105 (em inglês).</s>
    <s>Para o Live Communications Server 2005 com SP1, caso planeje migrar as configurações globais do contêiner Sistema para o contêiner Configuração, você deverá aplicar a atualização fornecida no artigo 911996 da Base de Dados de Conhecimento Microsoft, &quot;Descrição da atualização para o Live Communications Server 2005: 10 de fevereiro de 2006, relançado em 11 de julho de 2006,” em http://go.microsoft.com/fwlink/?LinkId=132177 (em inglês).</s>
    <s>Para audioconferências e videoconferências (A/V), recomenda-se aplicar a atualização fornecida no artigo 956831 da Base de Dados de Conhecimento Microsoft, &quot;Descrição do pacote de atualização para o Servidor de Conferência de Áudio/Vídeo do Office Communications Server 2007: Outubro de 2008,&quot; em http://go.microsoft.com/fwlink/?LinkId=139896 (em inglês).</s>
    <s>(C) 2011 Microsoft. Todos os direitos reservados. Termos de Uso | Marcas Comerciais | Declaraçao de Privacidade</s>
    <s>!Page view tracker</s>
  </text>
</page>
