<?xml version="1.0" encoding="UTF-8"?>
<!DOCTYPE page SYSTEM "page.dtd">
<page>
  <lang>pt</lang>
  <url>http://europa.eu/legislation_summaries/institutional_affairs/treaties/amsterdam_treaty/a19000_pt.htm</url>
  <title>A política externa e de segurança comum</title>
  <snippet>
    <s> Segurança alimentar &middot; Sociedade da informação &middot; Transportes &middot; Tutorial Um dos principais objectivos da Conferência Intergovernamental que Todavia, tal projecto nunca chegaria a concretizar-se, dado que foi rejeitado pela A PESC é igualmente abordada no artigo 2º (antigo artigo B) das disposições comuns, </s>
  </snippet>
  <text>
    <s>Advertencia juridica | Sobre este sitio | Pesquisa | Contacto</s>
    <s>Sinteses da legislaçao da UE</s>
    <s>EUROPA &gt; Sinteses da legislaçao da UE &gt; Assuntos institucionais &gt; A construçao europeia atraves dos tratados &gt; Tratado de Amsterdao: modo de utilizaçao</s>
    <s>Pagina inicial</s>
    <s>Todos os temas</s>
    <s>!Ajuda humanitaria</s>
    <s>!Assuntos institucionais</s>
    <s>!Assuntos Maritimos E Pesca</s>
    <s>!Audiovisual e meios de comunicaçao social</s>
    <s>!Comercio externo</s>
    <s>!Direitos do homem</s>
    <s>!Economia e finanηas</s>
    <s>!Educaçao, formaçao, juventude, desporto</s>
    <s>!Emprego e assuntos sociais</s>
    <s>!Investigaçao e inovaçao</s>
    <s>!Justiça, liberdade e segurança</s>
    <s>!Luta contra a fraude</s>
    <s>!Mercado interno</s>
    <s>!Politica externa e de segurança</s>
    <s>!Politica regional</s>
    <s>!Relaçoes externas</s>
    <s>!Saude publica</s>
    <s>!Segurança alimentar</s>
    <s>!Sociedade da informaçao</s>
    <s>Mapa do site</s>
    <s>Índice remissivo</s>
    <s>A politica externa e de segurança comum</s>
    <s>Um dos principais objectivos da Conferencia Intergovernamental que culminou com a assinatura do projecto de Tratado de Amsterdao consistia em reformular a politica externa e de segurança comum (PESC), a fim de melhorar o seu funcionamento e de melhor equipar a Uniao a nivel internacional.</s>
    <s>Esta reforma revelava-se especialmente urgente na sequencia do desmembramento da ex-Jugoslavia. A tragica evoluçao da situaçao pos em evidencia a necessidade de a Uniao ser capaz de agir e de prevenir, em vez de se limitar unicamente a reagir aos acontecimentos. Por outro lado, a crise jugoslava revelou claramente a fragilidade de uma reacçao descoordenada por parte dos Estados-membros.</s>
    <s>O Tratado de Amsterdao procura ultrapassar as contradiçoes existentes entre os objectivos comuns, especialmente ambiciosos, da politica externa e de segurança comum, e os meios de que a Uniao se dotou para os alcançar, que nao se afiguram a altura das expectativas e dos desafios em causa.</s>
    <s>Ao longo das sucessivas etapas da construçao europeia, os conceitos de uniao politica, de politica externa comum ou ainda de defesa comum foram regularmente incluidos na ordem do dia, na sequencia da apresentaçao de diferentes projectos politicos.</s>
    <s>Em 1950, o Plano Pleven (nome do Presidente do Conselho frances) tinha por objectivo a criaçao de um exercito europeu integrado sob comando comum. Este plano foi objecto de negociaçoes entre os Estados-membros da Comunidade Europeia do Carvao e do Aço, que decorreram de 1950 a 1952 e conduziram a assinatura do Tratado que institui a Comunidade Europeia da Defesa (CED). O corolario da CED era um projecto politico, apresentado em 1953, que visava a criaçao de uma estrutura federal ou confederal. A &quot;Comunidade Politica Europeia&quot; previa a criaçao de uma Assembleia Parlamentar bicameral, um Conselho Executivo Europeu, um Conselho de Ministros e um Tribunal de Justiça. As competencias da Comunidade Politica seriam bastante vastas, prevendo-se que, a prazo, absorvesse a CECA e a CED. Todavia, tal projecto nunca chegaria a concretizar-se, dado que foi rejeitado pela Assembleia Nacional Francesa, em 30 de Agosto de 1954.</s>
    <s>No inicio dos anos 60, realizaram-se dificeis negociaçoes com base nos dois planos Fouchet, sucessivamente apresentados pela França, que previam uma cooperaçao politica mais estreita, uma Uniao de Estados e politicas externa e de defesa comuns. O comite instituido a fim de apresentar propostas concretas conseguiu chegar a compromissos dificeis mas ambiciosos, tais como a criaçao de um secretariado independente ou a perspectiva futura de votaçao por maioria qualificada em determinados dominios. Lamentavelmente, nao foi possivel chegar a um acordo quanto as propostas do comite Fouchet, tendo as negociaçoes entre os Estados-membros sido interrompidas em 1962.</s>
    <s>Na sequencia de um pedido dos Chefes de Estado e de Governo de um estudo relativo as possibilidades de progredir no plano politico, o &quot;Relatorio Davignon&quot; foi apresentado em 1970, na Cimeira do Luxemburgo. Este relatorio esta na origem da Cooperaçao Politica Europeia (CPE), lançada informalmente em 1970, que seria institucionalizada atraves do Acto Único Europeu (AUE), em 1987. A CPE implicava essencialmente a realizaçao de consultas entre os Estados-membros sobre questoes de politica externa.</s>
    <s>Tres anos mais tarde, a Cimeira de Copenhaga apresentou um relatorio sobre o funcionamento da CPE. Na sequencia deste relatorio, o ritmo das reunioes dos Ministros dos Negocios Estrangeiros e do Comite Politico (composto pelos directores politicos nacionais) intensificou-se. Paralelamente, foi criado um &quot;Grupo dos Correspondentes Europeus&quot;, responsaveis pelo acompanhamento da CPE em cada Estado-membro. Este grupo iria igualmente beneficiar do acesso ao COREU, uma nova rede telex, que passou a ligar os Estados-membros.</s>
    <s>A instituiçao do Conselho Europeu, em 1974, contribuiu para uma melhor coordenaçao da CPE, graças ao papel desempenhado pelos Chefes de Estado e de Governo na definiçao da orientaçao politica geral conferida a construçao comunitaria. Desde entao, o papel da Presidencia, bem como a publicidade dada aos trabalhos da CPE reforçaram-se mutuamente atraves da adopçao de posiçoes oficiais da Comunidade.</s>
    <s>Com a invasao do Afeganistao pela Uniao Sovietica e a revoluçao islamica no Irao, os Estados-membros tomaram consciencia da impotencia crescente da Comunidade Europeia a nivel internacional. Assim, determinados a reforçar a CPE, adoptaram o Relatorio de Londres em 1981, que impunha aos Estados-membros uma obrigaçao geral de consulta previa, e de associar a Comissao Europeia, relativamente a qualquer questao de politica externa que dissesse respeito ao conjunto dos Estados-membros. Em 1982, o mesmo desejo de afirmar a posiçao da Comunidade a nivel mundial esteve na origem da iniciativa Genscher-Colombo relativa ao Acto Europeu, que conduziu, em 1983, a Declaraçao Solene de Estugarda sobre a Uniao Europeia.</s>
    <s>Em 1985, o relatorio do Comite Dooge, que antecedeu o inicio da Conferencia Intergovernamental que conduziu ao Acto Único Europeu, continha uma serie de propostas relativas a politica externa, e nomeadamente os conceitos de concertaçao reforçada, no que se refere as questoes relacionadas com a segurança, e de cooperaçao no sector do armamento, preconizando, alem disso, a criaçao de um secretariado permanente. Finalmente, as disposiçoes introduzidas no Tratado pelo Acto Único Europeu ficaram aquem das propostas do Comite Dooge, permitindo, no entanto, institucionalizar a CPE, o Grupo dos Correspondentes Europeus, bem como um Secretariado colocado sob a responsabilidade directa da Presidencia. Os objectivos da CPE foram tornados extensivos a todas as questoes de politica externa de interesse geral.</s>
    <s>A Conferencia Intergovernamental sobre a Uniao Politica conduziu a inclusao, no Tratado da Uniao Europeia, que entrou em vigor em 1993, de um titulo especifico relativo a uma politica externa e de segurança comum (PESC). Assim, a PESC substituiu a CPE e foi criado um pilar intergovernamental distinto na estrutura comunitaria, que exprime a vontade da Uniao de afirmar a sua identidade na cena internacional.</s>
    <s>O TÍTULO V DO TRATADO DA UNIÃO EUROPEIA</s>
    <s>A politica externa e de segurança comum (PESC) e regida pelas disposiçoes constantes do Titulo V do Tratado da Uniao Europeia. A PESC e igualmente abordada no artigo 2º (antigo artigo B) das disposiçoes comuns, que preve como um dos objectivos da Uniao &quot;a afirmaçao da sua identidade na cena internacional, nomeadamente atraves da execuçao de uma politica externa e de segurança comum, que inclua a definiçao, a prazo, de uma politica de defesa comum, que podera conduzir, no momento proprio, a uma defesa comum ( )&quot;.</s>
    <s>A instauraçao da PESC veio responder ao desejo de dotar a Uniao de instrumentos mais eficazes para enfrentar os multiplos desafios com que se depara a nivel internacional, conferindo-lhe uma nova gama de meios de acçao para alem das actividades tradicionais da Comunidade no dominio das relaçoes externas (designadamente a politica comercial e a cooperaçao para o desenvolvimento).</s>
    <s>O Titulo V constitui um pilar distinto da Uniao Europeia, uma vez que o seu processo de funcionamento e o seu caracter intergovernamental diferem dos procedimentos correntes nos sectores tradicionais da Comunidade, como o mercado interno ou a politica comercial. Esta diferença e especialmente visivel a nivel do processo de tomada de decisoes, que exige um consenso entre os Estados-membros, enquanto o recurso generalizado a votaçao maioritaria caracteriza o dominio comunitario, mas tambem no papel pouco significativo da Comissao, do Parlamento Europeu e do Tribunal de Justiça no ambito do Titulo V. A reduzida importancia atribuida a estas instituiçoes no ambito da PESC contrasta nitidamente com as suas atribuiçoes nas esferas tradicionais de competencia comunitaria.</s>
    <s>A fim de incentivar um funcionamento harmonioso e evitar contradiçoes entre os dois tipos de acçoes (comunitaria e intergovernamental), o artigo 3º (antigo artigo C) preve que:</s>
    <s>&quot;A Uniao assegurara ( ) a coerencia do conjunto da sua acçao externa no ambito das politicas por si adoptadas em materia de relaçoes externas, de segurança, de economia e de desenvolvimento. Cabe ao Conselho e a Comissao a responsabilidade de assegurar essa coerencia. O Conselho e a Comissao assegurarao a execuçao dessas politicas de acordo com as respectivas atribuiçoes&quot;.</s>
    <s>Todavia, os primeiros anos de funcionamento do Titulo V nao foram tao satisfatorios como os Estados-membros podiam esperar da sua acçao comum. Por conseguinte, foi precisamente no contexto de um balanço relativamente negativo que as negociaçoes da Conferencia Intergovernamental de 1996 procuraram introduzir, no novo Tratado, as reformas institucionais necessarias para conferir maior eficacia a PESC:</s>
    <s>PROGRESSOS INTRODUZIDOS PELO TRATADO DE AMSTERDÃO</s>
    <s>Antes de mais, foi reforçado o caracter operacional da PESC, atraves da introduçao de instrumentos mais coerentes e de um processo de tomada de decisoes mais eficaz. Passou a ser possivel adoptar medidas atraves de uma votaçao por maioria qualificada, devido a dupla segurança representada pela abstençao construtiva e pela possibilidade de remeter uma decisao para o Conselho Europeu em caso de veto excepcional de um Estado-membro. A Comissao, por sua vez, esta mais envolvida nas tarefas de representaçao e de execuçao relacionadas com a PESC.</s>
    <s>A estrategia comum</s>
    <s>O Tratado de Amsterdao introduz um novo instrumento de politica externa, que vem juntar-se a acçao comum e a posiçao comum: a estrategia comum.</s>
    <s>O Conselho Europeu, que e o orgao que define os principios e as orientaçoes gerais da PESC, define, por consenso, estrategias comuns nos dominios em que os Estados-membros possuam importantes interesses em comum. As estrategias comuns especificam os seus objectivos, a sua duraçao e os meios facultados pela Uniao e pelos Estados-membros.</s>
    <s>A execuçao das estrategias comuns, atraves de acçoes e de posiçoes comuns, incumbe ao Conselho, por maioria qualificada, que pode igualmente recomendar estrategias comuns ao Conselho Europeu.</s>
    <s>Tomada de decisoes</s>
    <s>A regra geral mantem-se: as decisoes relativas a PESC sao sempre adoptadas por unanimidade. No entanto, os Estados-membros tem a possibilidade de recorrer a abstençao construtiva, o que significa que a abstençao de um Estado-membro nao impede a adopçao de uma decisao. Alem disso, caso o Estado-membro em questao faça acompanhar a sua abstençao de uma declaraçao formal, nao e obrigado a aplicar a decisao, devendo, contudo, aceitar, num espirito de solidariedade mutua, que a mesma vincula a Uniao. Por conseguinte, o Estado-membro em causa deve abster-se de qualquer acçao susceptivel de colidir com a acçao da Uniao ao abrigo da referida decisao.</s>
    <s>Convem, todavia, referir que o mecanismo da declaraçao formal que acompanha a abstençao nao e aplicavel se os Estados-membros que decidam recorrer a este processo representarem mais de 1/3 dos votos ponderados do Conselho.</s>
    <s>O Titulo V alterado do Tratado da Uniao Europeia preve, todavia, o recurso a maioria qualificada em dois casos:</s>
    <s>para a adopçao de decisoes de aplicaçao de uma estrategia comum definida pelo Conselho Europeu;</s>
    <s>para qualquer decisao que de execuçao a uma acçao comum ou a uma posiçao comum previamente adoptada pelo Conselho.</s>
    <s>No contexto das decisoes adoptadas por maioria qualificada, os Estados-membros dispoem de uma clausula de salvaguarda que lhes permite impedir o recurso a uma votaçao se justificarem o bloqueio por razoes de politica nacional importantes. Perante uma situaçao deste tipo, e apos o Estado-membro ter exposto os seus motivos, o Conselho, deliberando por maioria qualificada, pode solicitar que a questao seja submetida ao Conselho Europeu, para que seja tomada uma decisao por unanimidade pelos Chefes de Estado e de Governo.</s>
    <s>O Alto Representante para a PESC</s>
    <s>O novo artigo 26º (antigo artigo J.16) do Tratado da Uniao Europeia preve a criaçao de uma nova funçao que devera contribuir para uma maior visibilidade e coerencia da PESC.</s>
    <s>Efectivamente, o Secretario-Geral do Conselho passa a exercer as funçoes de Alto Representante para a PESC. Nessa qualidade, assiste o Conselho nas questoes do ambito da politica externa e de segurança comum, contribuindo nomeadamente para a formulaçao, elaboraçao e execuçao das decisoes politicas. A pedido da Presidencia, actua em nome do Conselho, conduzindo o dialogo politico com terceiros.</s>
    <s>Esta nova funçao implica uma reorganizaçao das tarefas no ambito do Conselho, passando a gestao administrativa do Secretariado-Geral a incumbir ao Secretario-Geral Adjunto. Em contrapartida, nao impede o Conselho de nomear, sempre que considere necessario, um representante especial ao qual pode ser conferido um mandato abrangendo questoes politicas especificas, a exemplo do que ja aconteceu na ex-Jugoslavia.</s>
    <s>A nivel logistico, o Alto Representante beneficia do apoio de uma unidade de planeamento da politica e de alerta rapido criada no Secretariado-Geral do Conselho e colocada sob a sua responsabilidade.</s>
    <s>A unidade de planeamento da politica e de alerta rapido</s>
    <s>A coerencia da politica externa e de segurança comum depende da reacçao dos Estados-membros face aos desenvolvimentos internacionais. Efectivamente, os ensinamentos do passado demonstram que uma reacçao descoordenada contribui para enfraquecer a posiçao da Uniao Europeia e dos seus Estados-membros a nivel internacional. Paralelamente, uma analise conjunta dos desafios internacionais e das suas implicaçoes, bem como um inventario comum das informaçoes, deverao contribuir para uma reacçao eficaz da Uniao face aos acontecimentos internacionais.</s>
    <s>Nesta perspectiva, numa Declaraçao anexa ao Tratado de Amsterdao, a Conferencia acordou na criaçao de uma Unidade de Planeamento de Politica e de Alerta Precoce no Secretariado-Geral do Conselho, sob a autoridade do Alto Representante para a PESC. Constituida por especialistas provenientes do Secretariado-Geral do Conselho, dos Estados-membros, da Comissao e da Uniao da Europa Ocidental (UEO), as suas atribuiçoes incluem, nomeadamente:</s>
    <s>acompanhar e analisar a evoluçao da situaçao nos dominios abrangidos pela PESC;</s>
    <s>avaliar os interesses da Uniao em materia de politica externa e de segurança e inventariar os dominios sobre os quais a PESC podera incidir no futuro;</s>
    <s>identificar atempadamente acontecimentos, potenciais crises politicas ou situaçoes que possam ter implicaçoes significativas na politica externa e de segurança da Uniao;</s>
    <s>elaborar, sob a responsabilidade da Presidencia, a pedido do Conselho ou da Presidencia ou por iniciativa propria, documentos que apresentem, de forma fundamentada, opçoes no que respeita a politica a seguir pelo Conselho.</s>
    <s>As &quot;missoes de Petersberg&quot;, a segurança e a Uniao da Europa Ocidental</s>
    <s>As &quot;Missoes de Petersberg&quot; foram integradas no Titulo V do Tratado da Uniao Europeia. Esta medida representa um importante passo em frente numa epoca em que a ameaça de conflitos em grande escala diminuiu nitidamente (em relaçao ao periodo de guerra fria), mas em que se assiste a uma recrudescencia de conflitos locais que representam verdadeiras ameaças a segurança europeia (o conflito na ex-Jugoslavia, por exemplo). Neste contexto, as &quot;missoes de Petersberg&quot; constituem certamente uma resposta adequada da Uniao, traduzindo a vontade comum dos Estados-membros de assegurar a segurança na Europa atraves de operaçoes tais como missoes humanitarias ou de restabelecimento da paz.</s>
    <s>A nivel da segurança, o novo artigo 17º (antigo artigo J.7) do Tratado da Uniao Europeia abre igualmente duas perspectivas, ainda que longinquas:</s>
    <s>uma defesa comum;</s>
    <s>a integraçao da Uniao da Europa Ocidental (UEO) na Uniao Europeia.</s>
    <s>Concretamente, o novo texto preve que a PESC abranja todas as questoes relacionadas com a segurança da Uniao, incluindo a definiçao gradual de uma politica de defesa comum que podera conduzir a uma defesa comum se o Conselho Europeu adoptar uma decisao nesse sentido. Uma formula similar contempla a aproximaçao UE-UEO, prevendo que a Uniao incentive o estabelecimento de relaçoes institucionais mais estreitas entre as duas organizaçoes na perspectiva da eventual integraçao da UEO na Uniao, se o Conselho Europeu adoptar uma decisao nesse sentido.</s>
    <s>Financiamento das despesas operacionais relacionadas com a PESC</s>
    <s>O Tratado da Uniao Europeia previa que as despesas operacionais decorrentes da PESC ficassem a cargo, quer do orçamento comunitario, quer dos Estados-membros, segundo uma chave de repartiçao a determinar. Este procedimento &quot;caso a caso&quot; suscitou diversas criticas, nomeadamente da Comissao, no que se refere ao seu caracter complexo e ineficaz.</s>
    <s>O Tratado de Amsterdao corrige esta situaçao, colocando as despesas operacionais da PESC a cargo do orçamento das Comunidades Europeias, com excepçao das despesas operacionais relativas as acçoes que tenham implicaçoes no dominio militar ou da defesa e nos casos em que o Conselho, deliberando por unanimidade, decida em contrario. Neste ultimo caso, esta igualmente previsto que um Estado-membro que tenha feito uma declaraçao formal na sequencia de uma abstençao nao seja obrigado a contribuir para o financiamento da operaçao em causa.</s>
    <s>Sempre que as despesas fiquem a cargo dos Estados-membros, a repartiçao faz-se segundo uma chave baseada no Produto Nacional Bruto, salvo decisao em contrario do Conselho.</s>
    <s>Advertencia juridica | Sobre este sitio | Pesquisa | Contacto | Topo da pagina</s>
  </text>
</page>
