<?xml version="1.0" encoding="UTF-8"?>
<!DOCTYPE page SYSTEM "page.dtd">
<page>
  <lang>pt</lang>
  <url>http://issuu.com/revistaecologica.net/docs/conferencia_ethos_2011</url>
  <title>Conferencia Ethos 2011</title>
  <snippet>
    <s>5 ago. 2011 Conferencia Ethos 2011 Moderador: Oded Grajew, coordenador geral da Rede Nossa São Paulo. . Dia 09/08 // 15h00 17h00 PAINEL 13 Cidades sustentáveis Neste painel discutiremos as ações de natureza política, </s>
  </snippet>
  <text>
    <s>Create account</s>
    <s>My Library</s>
    <s>Account Center</s>
    <s>Profile information</s>
    <s>Conferencia Ethos 2011</s>
    <s>August 5, 2011 revistaecologica.net 53 other publications Subscribe Edit</s>
    <s>Related More from author</s>
    <s>Click to read</s>
    <s>Save to</s>
    <s>Save to</s>
    <s>Alinhado com os princípios da Plataforma por uma Economia Inclusiva, Verde e Responsável, iniciativa que lançou em fevereiro passado, em parceria com a Alcoa, a CPFL, a Natura, a Suzano, a Vale, o Walmart e a Roland Berger, o Instituto Ethos decidiu aproveitar sua conferência anual para promover os debates que levarão à produção conjunta da pauta central de uma agenda de transição para essa nova economia.</s>
    <s>Alinhado com os princípios da Plataforma por uma Economia Inclusiva, Verde e Responsável, iniciativa que lançou em fevereiro passado, em parceria com a Alcoa, a CPFL, a Natura </s>
    <s>nova economia responsavel sustentabilidade verde</s>
    <s>No articles found. We were not able to detect any articles yet.</s>
    <s>More articles</s>
    <s>Terms of Use</s>
    <s>Privacy Policy</s>
    <s>Copyright FAQ</s>
    <s>Help &amp; Support</s>
  </text>
</page>
