<?xml version="1.0" encoding="UTF-8"?>
<!DOCTYPE page SYSTEM "page.dtd">
<page>
  <lang>pt</lang>
  <url>http://antares.ucpel.tche.br/poslet/</url>
  <title>Programa de Pós-Graduação em Letras</title>
  <snippet>
    <s> Universidade Católica de Pelotas (UCPel) Raquel Recuero, em parceria com outros dois pesquisadores, foi aprovado para apresentação na 5ª Conferência </s>
  </snippet>
  <text>
    <s>UCPel | Ensino | Pesquisa | Extensao | Eventos</s>
    <s>Descriçao do Programa</s>
    <s>Egressos Mestrado</s>
    <s>Egressos Doutorado</s>
    <s>Corpo Docente</s>
    <s>Linhas de Pesquisa e Projetos</s>
    <s>Grupos de Pesquisa</s>
    <s>Dissertaçoes e Teses</s>
    <s>Inscriçao e Seleçao</s>
    <s>Inscriçao e Seleçao</s>
    <s>Revista Linguagem &amp; Ensino</s>
    <s>!carregando carregando </s>
    <s>Inscriçoes e Seleçao - Mestrado 2012</s>
    <s>As informaçoes sobre o processo de seleçao de mestrado 2012 serao divulgadas no inicio de outubro.</s>
    <s>» Leia mais</s>
    <s>Pos em Letras muda-se para novo endereço</s>
    <s>Desde o dia 15 de setembro, o Programa de Pos-Graduaçao em Letras da Universidade Catolica de Pelotas (PPGL/UCPel) esta atendendo em um novo endereço.</s>
    <s>Capital social e retweets sao tema de pesquisa</s>
    <s>Um estudo elaborado pela professora do curso de Comunicaçao Social e do Programa de Pos-Graduaçao em Letras da Universidade Catolica de Pelotas (UCPel) Raquel Recuero, em parceria com outros dois pesquisadores, foi aprovado para apresentaçao na 5ª Conferencia Internacional de Webblogs e Midias Sociais (ICWSM 2011), ocorrida de 17 a 21 de julho, em Barcelona, Espanha.</s>
    <s>Programaçao da Escola de Inverno</s>
    <s>O Programa de Pos-Graduaçao em Letras da UCPEL promove de 22 a 25 de agosto de 2011 a primeira ediçao da Escola de Inverno. Os dois cursos oferecidos, 1) Introduçao a Analise Estatistica de Dados Linguisticos e 2) Elaboraçao de Experimentos de Percepçao da Fala </s>
    <s>Escola de Inverno PPGL-UCPel</s>
    <s>A Escola de Inverno organizada pelo PPGL objetiva oferecer dois cursos a alunos e professores de pos-graduaçao da area de Letras/Linguistica: 1) Introduçao a Analise Estatistica de Dados Linguisticos e 2) Elaboraçao de Experimentos de Percepçao da Fala.</s>
    <s>Educaçao a distancia e tema de defesa de doutorado</s>
    <s>Analisar a formaçao de uma comunidade de aprendizagem em um ambiente virtual. Este foi o objetivo da tese de doutorado &quot;A formaçao de uma comunidade virtual de aprendizagem sob a perspectiva da Teoria da Atividade&quot;, de autoria de Cristiane Heemann.</s>
    <s>O Programa</s>
    <s>O Programa de Pos-Graduaçao em Letras da Universidade Catolica de Pelotas - PPG em Letras da UCPel, com area de concentraçao em Linguistica Aplicada, integra os niveis de Mestrado e Doutorado.</s>
    <s>Tem, como meta, a formaçao de profissionais qualificados - Mestres e Doutores -, na area de Linguistica Aplicada.</s>
    <s>» Leia Mais</s>
    <s>Rua Felix da Cunha, 425, Campus Santa Margarida, pro eitoria</s>
    <s>Cep: 96010-000</s>
    <s>Contato: (53) 2128.8242</s>
    <s>Nota 5 na avaliaçao da CAPES</s>
    <s>defesas de doutorado semino Rematrla inscris diciono ead pesquisa horos palestra eventos concurso destaque escola, inverno, ppgl senale Escola de inverno Semino Aberto CAPES congresso seminos de linguica SPaulo livro inscri Discurso e La do Significante, palestra pesquisa, tema, comunica, capital, social</s>
    <s>Universidade Catolica de Pelotas - Rua Felix da Cunha, 412 - 96010-000</s>
    <s>Pelotas - RS - Brasil - Fone: + 55 (53) 2128-8000</s>
    <s>Portal desenvolvido por</s>
    <s>Agente UCPel</s>
  </text>
</page>
