<?xml version="1.0" encoding="UTF-8"?>
<!DOCTYPE page SYSTEM "page.dtd">
<page>
  <lang>pt</lang>
  <url>http://brasil.nextbillion.net/blog/socapeuropa-2011-uma-mudana-de-dentro-para-fora</url>
  <title>Socap/Europe 2011: uma mudança de dentro para fora | Nextbillion ...</title>
  <snippet>
    <s>14 jun. 2011 A conferência Socap Europe 2011 aconteceu entre os dias 30 de maio e 1º de Esta mudança na composição dos participantes da Socap, assim como nos Em seu artigo publicado no NextBillion.net, Diana Hollmann fala do (ao mesnos daqueles que são ativos no setor) a abordagem parece estar </s>
  </snippet>
  <text>
    <s>Negócios que reduzem a pobreza</s>
    <s>O NextBillion Brasil é uma plataforma de conhecimento e oportunidades voltadas para empreendedores, ONGs, líderes sociais, empresas e estudantes e demais interessados em explorar a conexão existente entre desenvolvimento social e mercado.</s>
    <s>Sobre o Next Billion</s>
    <s>Clarissa Barbosa</s>
    <s>Junho 14, 2011 -- 4:27</s>
    <s>Socap/Europe 2011: uma mudança de dentro para fora</s>
    <s>A conferencia Socap Europe 2011 aconteceu entre os dias 30 de maio e 1º de junho, mostrando um novo panorama em relaçao ao mercado de capital social mundial. À primeira vista, notou-se uma intensificaçao na participaçao de investidores, interessados neste mercado. Por isso, a conclusao do especialista em microfinanças, Paul Blyth, na sessao de encerramento da conferencia, quando disse que havia (em traduçao livre) &quot;Muitos ternos e poucos hippies&quot;.</s>
    <s>O interessante e observar a mudança sinalizada pelo &quot;excesso de ternos&quot; presente no evento: trata-se de uma real mudança na forma como o mercado de capital social e os negocios sociais sao reconhecidos e, mais alem, uma mudança forte na forma como os assuntos relacionados a estes temas atualmente sao estudados, construidos e aplicados. Mais do que discutir novos modelos economicos, Socap trouxe a mesa a preocupaçao em como construir a infraestrutura financeira para investimentos de impacto e como dar suporte para os empreendedores sociais para que eles consigam bons investimentos. Uma abordagem macro, observando a potencia dos sistemas de mercado e sua influencia nos negocios de impacto social.</s>
    <s>No blog da Socap encontra-se uma serie de entrevistas realizadas com importantes empreendedores sociais, de muitos lugares do mundo, desde a Romenia, ate a Argentina e o Paquistao. Nelas, ficam nitidos aspectos como motivaçao e a percepçao que tais personagens tem do mundo dos mercados de capital social. Esta mudança na composiçao dos participantes da Socap, assim como nos assuntos, metodos e praticas apresentados por la, refletem um processo que vem de dentro do setor, para fora. E nao o contrario.</s>
    <s>Em seu artigo publicado no NextBillion.net, Diana Hollmann fala do aumento em relaçao a inserçao de investidores neste mercado comentando (traduçao livre): &quot;Mesmo ainda em processo de desenvolvimento, os investimentos de impacto parecem caminhar vagarosamente, mas com certeza chegarao a maturidade logo. De muita animaçao e puro otimismo (ao mesnos daqueles que sao ativos no setor) a abordagem parece estar se tornando mais pragmatica e focada: em muitos paineis na Socap/Europe voce ouviria as pessoas dizendo que 'investimento de impacto nao e uma bala de prata.'&quot;</s>
    <s>Em breve publicaremos artigo escrito por Daniel Izzo e Anna Romanelli, que estiveram no Socap/Europe, trazendo um relato sobre o conhecimento compartilhado e impressoes da conferencia. Aguardem!</s>
    <s>No original &quot;Too many suits not enough hippies&quot;, em artigo publicado pelo The Guardian, em 08 de junho de 2011.</s>
    <s>581 Visualizações</s>
    <s>Butterfly Works</s>
    <s>daniel izzo</s>
    <s>mercado de capital social</s>
    <s>Paul Blyth</s>
    <s>!Clarissa Barbosa Foto do autor</s>
    <s>Clarissa Barbosa</s>
    <s>NextBillion Brasil</s>
    <s>Sao Paulo, Brazil</s>
    <s>Ver o perfil do autor</s>
    <s>Ver todos os artigos</s>
    <s>Procurar no Next Billion</s>
    <s>Artigos Relacionados</s>
    <s>Na busca pelo equilibrio entre lucro e impacto</s>
    <s>Entrevista com Daniel Izzo e Rob Parkinson, do NextBillion BR</s>
    <s>Inovação em mercados emergentes: o desafio brasileiro</s>
    <s>O potencial para investimento de impacto no Brasil</s>
    <s>É moral lucrar com a base da pirâmide?</s>
    <s>Faça uma sugestão de artigo</s>
    <s>Suas sugestões para futuros artigos são muito bem-vindas. Por favor, envie suas sugestões usando o link acima.</s>
    <s>Equipe Next Billion Brasil</s>
    <s>Clarissa Barbosa</s>
    <s>Rob Parkinson</s>
    <s>Daniel Gonzaléz</s>
    <s>Comitê Editorial</s>
    <s>Edgard Barki</s>
    <s>Daniel Izzo</s>
    <s>Vivianne Naigeborin</s>
    <s>Maure Pessanha</s>
    <s>Anna Romanelli</s>
    <s>Ver a lista completa da equipe do site »</s>
    <s>Siga o Next Billion</s>
    <s>Parceiros Estratégicos</s>
    <s>Parceiros associados</s>
    <s>Parceiros Fundadores</s>
    <s>Contato | Políticas do site</s>
    <s>(C) 2011 Copyright NextBillion.net</s>
  </text>
</page>
