<?xml version="1.0" encoding="UTF-8"?>
<!DOCTYPE page SYSTEM "page.dtd">
<page>
  <lang>pt</lang>
  <url>http://globoesporte.globo.com/futebol/copa-do-mundo/noticia/2011/10/fifa-faz-contra-proposta-sobre-lei-geral-com-documento-oficial-sedes.html</url>
  <title>Fifa faz &#39;contraproposta&#39; sobre Lei Geral com documento oficial a ...</title>
  <snippet>
    <s>7 out. 2011 Art. 1o Esta Lei dispõe sobre as medidas relativas à Copa das III - COPA DO MUNDO FIFA 2014 - COMITÊ ORGANIZADOR BRASILEIRO LTDA. b) seminários, reuniões, conferências, workshops e coletivas de imprensa; VIII - Associações Estrangeiras Membros da FIFA - as associações nacionais </s>
  </snippet>
  <text>
    <s>copa do mundo</s>
    <s>Série A</s>
    <s>Série B</s>
    <s>brasileirão série a</s>
    <s>brasileirão série b</s>
    <s>brasileirão série c</s>
    <s>brasileirão série d</s>
    <s>copa do brasil</s>
    <s>copa sul-americana</s>
    <s>mundial de clubes</s>
    <s>seleção brasileira</s>
    <s>taça libertadores</s>
    <s>mais futebol</s>
    <s>game futebol</s>
    <s>musa do brasileirão</s>
    <s>prêmio friedenreich</s>
    <s>vai e vem do mercado</s>
    <s>cartola fc</s>
    <s>troféu largo tudo</s>
    <s>internacional ›</s>
    <s>eliminatórias euro</s>
    <s>futebol alemão</s>
    <s>futebol argentino</s>
    <s>futebol espanhol</s>
    <s>futebol francês</s>
    <s>futebol inglês</s>
    <s>futebol italiano</s>
    <s>futebol japonês</s>
    <s>futebol português</s>
    <s>futebol russo</s>
    <s>futebol turco</s>
    <s>liga dos campeões</s>
    <s>liga europa</s>
    <s>copa 2014</s>
    <s>copa 2014</s>
    <s>copa 2014</s>
    <s>seleção brasileira ›</s>
    <s>eliminatórias ›</s>
    <s>américa do norte e central</s>
    <s>américa do sul</s>
    <s>calendário de provas</s>
    <s>classificação de construtores</s>
    <s>classificação de pilotos</s>
    <s>equipe e pilotos</s>
    <s>seu estado</s>
    <s>seu estado</s>
    <s>espírito santo</s>
    <s>mato grosso</s>
    <s>mato grosso do sul</s>
    <s>minas gerais</s>
    <s>rio de janeiro</s>
    <s>são paulo</s>
    <s>na tv</s>
    <s>na tv</s>
    <s>esporte espetacular</s>
    <s>globo esporte</s>
    <s>verão espetacular</s>
    <s>vc no esporte</s>
    <s>envie seu vídeo</s>
    <s>cartola fc</s>
    <s>chute certo</s>
    <s>Premiere FC</s>
    <s>+ esportes</s>
    <s>+ esportes</s>
    <s>corridas de rua</s>
    <s>esporte estudantil</s>
    <s>esportes a motor</s>
    <s>esportes aquáticos</s>
    <s>esportes radicais</s>
    <s>fórmula futuro</s>
    <s>futebol de areia</s>
    <s>outros esportes</s>
    <s>Pan 2011</s>
    <s>stock car</s>
    <s>volta ciclística de são paulo</s>
    <s>pan 2011</s>
    <s>Princípios Editoriais</s>
    <s>07/10/2011 13h13 - Atualizado em 07/10/2011 13h43</s>
    <s>Fifa faz 'contraproposta' sobre Lei Geral com documento oficial a sedes</s>
    <s>Entidade indica nove pontos cujo controle não abrirá mão na Copa. Prefeito do Rio se dispôs a pagar diferença de meia-entrada com recursos do estado</s>
    <s>Por GLOBOESPORTE.COM Rio de Janeiro</s>
    <s>(function(global){ var load scripts = function(){ var $document = $(document), $scriptTwitter = $(&quot;&lt;script src=\&quot;http://platform.twitter.com/widgets.js\&quot; type=\&quot;text/javascript\&quot;&gt;&lt;\/script&gt;&quot;), $scriptFacebook = $(&quot;&lt;script src=\&quot;http://connect.facebook.net/pt BR/all.js\&quot; type=\&quot;text/javascript\&quot;&gt;&lt;\/script&gt;&quot;); $scriptTwitter.appendTo($document); window.fbAsyncInit = function() { FB.init({appId: '170226326385529', status: true, cookie: true, xfbml: true}); }; $scriptFacebook.appendTo($document); } if (global.glb &amp;&amp; global.glb.runner) { global.glb.runner.push(load scripts) } else { load scripts() } })(window)</s>
    <s>&lt;!--//&lt;!CDATA[ var m3 u = (location.protocol=='https:'?'https://ads2.globo.com/delivery/ajs.php':'http://ads2.globo.com/delivery/ajs.php'); var m3 r = Math.floor(Math.random()*99999999999); if (!document.MAX used) document.MAX used = ','; document.write (&quot;&lt;scr&quot;+&quot;ipt type='text/javascript' src='&quot;+m3 u); document.write (&quot;?zoneid=81&quot;); document.write ('&amp;amp;cb=' + m3 r); if (document.MAX used != ',') document.write (&quot;&amp;amp;exclude=&quot; + document.MAX used); document.write (document.charset ? '&amp;amp;charset='+document.charset : (document.characterSet ? '&amp;amp;charset='+document.characterSet : '')); document.write (&quot;&amp;amp;loc=&quot; + escape(window.location)); if (document.referrer) document.write (&quot;&amp;amp;referer=&quot; + escape(document.referrer)); if (document.context) document.write (&quot;&amp;context=&quot; + escape(document.context)); if (document.mmm fo) document.write (&quot;&amp;amp;mmm fo=1&quot;); document.write (&quot;'&gt;&lt;\/scr&quot;+&quot;ipt&gt;&quot;); //]&gt;--&gt; google.load('orkut.share', '1'); $(function(){ faleconosco.init('.item-contato a','.barra-ferramentas .popin-faleconosco-conteudo', 'http://globoesporte.globo.com/dynamo/faleconosco/'); });</s>
    <s>OAS AD(&quot;Right2&quot;);</s>
    <s>function callbackJSONP(response){ var url rss = &quot;&quot;; $('widget-materias-semantico').WidgetMateriasSemantico({ rss: url rss, dados: response }); } $(document).ready(function(){ var url = &quot;http://globoesporte.globo.com/dynamo/semantica/materia/&quot; + materia id + &quot;.jsonp&quot;; var url rss = &quot;&quot;; $.ajax({ url: url, dataType: 'script' }); $(&quot;head&quot;).append('&lt;link rel=&quot;alternate&quot; type=&quot;application/rss+xml&quot; title=&quot;FEED&quot; href=&quot;' + url rss + '&quot; /&gt;&lt;link&gt;'); });</s>
    <s>OAS AD(&quot;Position2&quot;);</s>
    <s>OAS AD(&quot;x90&quot;);</s>
    <s>OAS AD(&quot;Position3&quot;);</s>
    <s>// &lt;!–- globo shop slot = &quot;globoesporte/home&quot;; globo color text = &quot;4E6E0B&quot;; globo shop width = &quot;940&quot;; //–&gt;</s>
    <s>OAS AD(&quot;Frame1&quot;);var gaq = gaq || ; gaq.push( ' setAccount', 'UA-296593-9', ' setDomainName', '.globoesporte.globo.com', ' trackPageview', 'b. setAccount', 'UA-296593-15', 'b. setDomainName','.globo.com', 'b. trackPageview' ); (function() { var ga = document.createElement('script'); ga.type = 'text/javascript'; ga.async = true; ga.src = ('https:' == document.location.protocol ? 'https://ssl' : 'http://www') + '.google-analytics.com/ga.js'; (document.getElementsByTagName('head') || document.getElementsByTagName('body')).appendChild(ga); })(); glb-cabecalho {position: relative;z-index: 1000;} .glb-grid-12 .regulamento {z-index: 10;} (function($){ if (typeof glb !== 'undefined'){ var midiasEmbed = glb.midiasEmbeded; if (midiasEmbed){ var re = /.*A-Z{3}(\d+)-.*/; var matchIdVideo = function(urlVideo){ var f = re.exec(urlVideo); return (f) ? f : ''; }; for (midia in midiasEmbed){ midiasEmbedmidia.midiaId = matchIdVideo(midiasEmbedmidia.midiaId); new GMCEmbed(midiasEmbedmidia).attach(midia); } } } })(jQuery); $('busca-padrao').buscaPadrao({produto:'GloboEsporte', suggest ligado:true, msgProduto:''}); var glb = this.glb || {}; glb.barra = { exibeAssineJa: true, exibeCentral: true, iframe: false }; (function() { var s = document.createElement(&quot;script&quot;); s.type = &quot;text/javascript&quot;; s.async = true; s.src = &quot;http://barra.globo.com/nova/js/barra-globocom.min.js&quot;; var ss = document.getElementsByTagName(&quot;script&quot;); ss.parentNode.insertBefore(s, ss); })();</s>
  </text>
</page>
