<?xml version="1.0" encoding="UTF-8"?>
<!DOCTYPE page SYSTEM "page.dtd">
<page>
  <lang>pt</lang>
  <url>http://212.77.1.246/holy_father/benedict_xvi/speeches/2011/july/documents/hf_ben-xvi_spe_20110701_fao_po.html</url>
  <title>Aos participantes da 37ª Conferência da FAO, 1 de Julho de 2011 ...</title>
  <snippet>
    <s>1 jul. 2011 DA ORGANIZAÇÃO DAS NAÇÕES UNIDAS Os vossos trabalhos têm indicado políticas e estratégias capazes de contribuir para Em tal perspectiva, as instituições da Comunidade internacional são chamadas a agir em </s>
  </snippet>
  <text>
    <s>DISCURSO DO PAPA BENTO XVI</s>
    <s>AOS PARTICIPANTES NA XXXVII CONFERCIA</s>
    <s>DA ORGANIZAO DAS NAES UNIDAS</s>
    <s>PARA A ALIMENTAO E A AGRICULTURA (FAO)</s>
    <s>Sexta-feira, 1 de Julho de 2011</s>
    <s>Senhor Presidente</s>
    <s>Senhores Ministros</s>
    <s>Senhor Director-Geral</s>
    <s>Ilustres Senhores, Gentis Senhoras</s>
    <s>1. Estou particularmente feliz por acolher todos vque participais na XXXVII Conferia da Organiza das Nas Unidas para a Alimenta e a Agricultura, prosseguindo uma longa e grata tradi iniciada hessenta anos com o estabelecimento da FAO em Roma.</s>
    <s>Atravde Vossa Excelia, Senhor Presidente, desejo agradecer numerosas Delegas governamentais que quiseram estar presentes neste encontro, testemunhando a universalidade efectiva da FAO. Gostaria, tamb de renovar o apoio da Santa S louvl e insubstitul actividade da Organiza, confirmando o compromisso da Igreja Cata de colaborar com os vossos esfor para responder necessidades reais de tantos dos nossos irm e irmem humanidade.</s>
    <s>Aproveito esta ocasipara saudar o director-geral, Senhor Jacques Diouf, que com competia e dedica tornou a FAO capaz de enfrentar os problemas e as crises determinadas pelas variis realidades globais que abrangeram, tamb de modo dramco, o seu campo de ac especco.</s>
    <s>Ao director-geral eleito, Senhor Josraziano da Silva, ofereos meus votos sinceros de sucesso pela sua obra futura, com o desejo de que a FAO possa responder cada vez mais e melhor expectativas dos seus Estados membros e proporcionar solus concretas a quantos sofrem por causa da fome e da subalimenta.</s>
    <s>2. Os vossos trabalhos tindicado polcas e estratas capazes de contribuir para a importante recupera do sector agrla, dos nis de produ alimentar e do desenvolvimento mais geral das as rurais. O momento de crise que investe actualmente todos os aspectos da realidade econa e social exige, de facto, todos os esfor para colaborar para a elimina da pobreza, primeiro passo para libertar da fome milhde homens, mulheres e crian que nto pde cada dia. Uma reflexcompleta, no entanto, impque se encontrem as causas de tal situa sem se limitar aos nis de produ, emanda crescente de alimentos ou nstabilidade dos pre: factores que, embora sejam importantes, correm o risco de levar a uma leitura do drama da fome em chave exclusivamente tica.</s>
    <s>A pobreza, o subdesenvolvimento e, portanto, a fome scom frequia resultado de atitudes egoas que, partindo do cora do homem, se manifestam no seu agir social, nas mudan econas, nas condis de mercado, na falta de acesso ao alimento e traduzem-se na nega do direito primo de cada pessoa a nutrir-se e, portanto, a ser libertada da fome. Como podemos ignorar o facto de que tambo alimento se tornou objecto de especulas e estigado aos andamentos de um mercado financeiro que, privado de regras certas e pobre de princos morais, parece pegado ao objectivo do lucro? A alimenta uma condi que diz respeito ao direito fundamental ida. Garanti-la significa tambagir directamente e sem demora sobre aqueles factores que, no sector agrla, pesam de modo negativo sobre a capacidade de trabalho, mecanismos de distribui e mercado internacional. E isso apesar da presende uma produ alimentar global que, segundo a FAO e especialistas influentes, capaz de alimentar a popula mundial.</s>
    <s>3. O quadro internacional e as recorrentes apreensdeterminadas pela instabilidade e pelo aumento dos pre requerem respostas concretas e necessariamente unitas para conseguir resultados que singularmente os Estados npodem garantir. Isso significa fazer da solidariedade um crito essencial para toda a ac polca e estratca, a fim de tornar a actividade internacional e as suas diversas regras instrumentos de serviefectivo a toda a fama humana e, em particular, aos os. portanto, urgente um modelo de desenvolvimento que considere nsomente a amplitude econa das necessidades ou a confiabilidade das estratas a perseguir, mas tamba dimenshumana de cada iniciativa, e seja capaz de realizar uma fraternidade autica (cf. Caritas in veritate , 20), levando em considera o apelo co de alimentar os famintos, que pertence ao sentimento de compaixe de humanidade inscrito no cora de cada pessoa e que a Igreja inseriu entre as obras de miserica. Em tal perspectiva, as instituis da Comunidade internacional schamadas a agir em coeria com o seu mandato para sustentar os valores pros da dignidade humana, eliminando atitudes de fechamento e sem deixar espaa instias particulares que se fazem passar por interesses gerais.</s>
    <s>4. Tamba FAO hamada a renovar a pra estrutura, libertando-a de obstlos que a distanciam do objectivo indicado pela sua Constitui, de garantir o crescimento nutricional, a disponibilidade da produ alimentar, o desenvolvimento das as rurais, bem como assegurar umanidade a liberta da fome (cf. FAO, Constitui , Preulo). Neste compromisso, torna-se essencial uma plena sintonia da Organiza com os Governos na orienta e apoio iniciativas, especialmente na conjuntura actual, em que se veduzir a disponibilidade de recursos econo-financeiros enquanto o n de famintos no mundo ndiminui segundo os objectivos esperados.</s>
    <s>5. O meu pensamento dirige-se agora itua dos milhde crian, que sas primeiras vmas desta traga, condenadas a uma morte precoce, a um atraso no seu desenvolvimento fco e psico ou foras a formas de explora para receber um mmo de alimento. A aten jovens geras pode ser uma forma para combater o abandono das as rurais e do trabalho agrla, de modo a consentir que comunidades inteiras, cuja sobrevivia meaa pela fome, olhem com mais confianpara o futuro. Deve-se, de facto, constatar que, nobstante os compromissos assumidos e as consequentes obrigas, a assistia e os auxos concretos se limitam frequentemente emergias, esquecendo-se que uma concep coerente de desenvolvimento deve ser capaz de planear um futuro para cada pessoa, fama e comunidade, favorecendo objectivos a longo prazo.</s>
    <s>Por isso, devem ser apoiadas as iniciativas que se gostariam de tomar tamb a nl de Comunidade internacional para redescobrir o valor da sociedade familiar rural e apoiar o seu papel central para alcan uma seguran alimentar estl. De facto, no mundo rural, o n familiar tradicional estempenhado em promover a produ agrla mediante a sa transmissde pais para filhos ns sistemas de cultivo ou da conserva e distribui de alimentos, mas tambde estilos de vida, de princos educativos, de cultura, de religiosidade, de concep da sacralidade da pessoa em todas as fases da sua existia. A fama rural m modelo ns trabalho, mas de vida e de expressconcreta da solidariedade, onde se confirma o papel essencial da mulher.</s>
    <s>Senhor Presidente, Senhoras e Senhores!</s>
    <s>6. O objectivo da seguranalimentar ma exigia autenticamente humana, disto estamos conscientes. Garanti-la geras presentes e que vir tambsignifica proteger os recursos naturais de uma explora frenca, pois a corrida ao consumo e ao desperdo parece ignorar qualquer aten ao patrim genco e diversidades biolas, timportantes para as actividades agrlas. Mas a ideia de uma apropria exclusiva de tais recursos estm contraste com a chamada de Deus aos homens e mulheres a fim de que ao cultivar e guardar a terra (cf. Gn 2, 8-17) promovam o uso participado dos bens da Cria, objectivo que as actividades multilaterais e as regras internacionais certamente podem ajudar a alcan.</s>
    <s>Neste momento em que os muitos problemas que atingem a actividade agrla se acrescentam novas oportunidades para contribuir para o alo do drama da fome, vodeis agir para que, atravda garantia de uma alimenta adequada aos necessitados, cada pessoa possa crescer segundo a sua verdadeira dimensde criatura feita magem de Deus.</s>
    <s>Sestes os votos que desejo manifestar, enquanto sobre todos v o vosso trabalho invoco a abundia das B divinas.</s>
    <s>Copyright 2011 - Libreria Editrice Vaticana</s>
  </text>
</page>
