<?xml version="1.0" encoding="UTF-8"?>
<!DOCTYPE page SYSTEM "page.dtd">
<page>
  <lang>pt</lang>
  <url>http://portuguese.alibaba.com/product-gs/square-round-banquet-table-51617698.html</url>
  <title>Quadrado/redonda banquete - portuguese.alibaba.com</title>
  <snippet>
    <s>Quadrado/redonda banquete. por Foshan Wanhaomei Furniture Co., Ltd. Banquete de dobramento/tabelas de conferência (30); Trole para a série da Nós somos oferta todos os cosméticos coreanos na taxa de disconto especial. se você </s>
  </snippet>
  <text>
    <s>Bem-vindo ao Alibaba.com, Inscreva-se gratuitamente agora| Inscreva-se no</s>
    <s>Meu Alibaba</s>
    <s>Centro de Mensagens</s>
    <s>Configuraçoes da Conta</s>
    <s>Quadrado/redonda banquete</s>
    <s>Português | English</s>
    <s>Suas Pesquisas Recentes:</s>
    <s>Moveis Conjuntos para quartos de hotel Outras mobilias de hotel kits de moveis de madeira</s>
    <s>Pagina inicial &gt; Produtos &gt; Moveis &gt; Moveis de plastico &gt; Outros moveis de plastico (23528)</s>
    <s>Estas informações de produtos ou fornecedores já foram traduzidas para a sua conveniência usando ferramentas de linguagem. Se você tem qualquer sugestão sobre os nossos resultados de tradução, é favor nos informar para o melhoramento.</s>
    <s>Quadrado/redonda banquete</s>
    <s>por Foshan Wanhaomei Furniture Co., Ltd.</s>
    <s>Veja a imagem maior</s>
    <s>Quantidade de ordem mínima:</s>
    <s>' GP 1 x 20</s>
    <s>TTermos do pagamento:</s>
    <s>Contate agora</s>
    <s>Enviar uma Mensagem a este Fornecedor</s>
    <s>Google Delicious Facebook Twitter</s>
    <s>Quantidade de ordem mínima:</s>
    <s>' GP 1 x 20</s>
    <s>TTermos do pagamento:</s>
    <s>Tempo de entrega:</s>
    <s>15 dias</s>
    <s>Detalhes do produto</s>
    <s>Detalhes Rápidos</s>
    <s>ANHUI (WANHAOMEI)</s>
    <s>SO9001: 2000</s>
    <s>Lugar de origem:</s>
    <s>No. modelo:</s>
    <s>Para banquetes do hotel.</s>
    <s>Cadeira de aluminio/de aço do banqeut, tabela de dobramento do banqeut, salao de baile, estagio movel, trole, tampa da cadeira, pano de tabela, etc… senhorita Lois Liu</s>
    <s>T: 0086-757-23370238</s>
    <s>F: 0086-757-23385699</s>
    <s>1. Parte superior de tabela: Borda plastica da madeira compensada board+sponge (3mm) +PVC+black, placa da melamina ou</s>
    <s>a placa laminada esta disponivel.</s>
    <s>2. Pe da tabela: Metal o tubo (30*30*1.2mm), revestimento do po preto.</s>
    <s>3. É foldable e muito firmemente.</s>
    <s>4. Tamanho: Para para ser recomendado.</s>
    <s>5. Ajustador de borracha preto da altura.</s>
    <s>Foshan Wanhaomei Furniture Co., Ltd.</s>
    <s>Guangdong, China (Mainland)</s>
    <s>Tipo de Negócio:Fabricante</s>
    <s>Detalhes para Contactos Fornecedor Ouro [ 5º ano ] A&amp;V; Verificado</s>
    <s>Perfil da Empresa</s>
    <s>Vídeo de Introdução !</s>
    <s>Produtos (438)</s>
    <s>2011 cadeiras novas do banquete da chegada (18)</s>
    <s>Cadeiras de aluminio do banquete (196)</s>
    <s>Cadeiras de aço do banquete (52)</s>
    <s>Banquete/casamento Chiavari/cadeiras de Napoleon (17)</s>
    <s>Estofado jantando a cadeira (11)</s>
    <s>Banquete de dobramento/tabelas de conferencia (30)</s>
    <s>Trole para a serie da tabela/cadeira (4)</s>
    <s>Tampa da cadeira/pano de tabela/contorno (71)</s>
    <s>Cadeiras da igreja do metal (5)</s>
    <s>Equipamento do hotel/estagio movel (11)</s>
    <s>Ver mais</s>
    <s>Cadeiras do escritorio/cadeiras do lazer (18)</s>
    <s>desagrupados (5)</s>
    <s>Mostra de Producto</s>
    <s>O fabricante, venda quente, FOB Shenzhen US$32.00, Wedding/partido Napoleon/cadeira de aluminio A800 de Chiavari, reparou o coxim</s>
    <s>Preço de Fob: US $35 - 38 / Unit</s>
    <s>O fabricante, FOB Guangzhou US$33.85, 100% CHIAVARI/TIFFANY DE ALUMÍNIO PRESIDE A610B, assento de aluminio com cushion.recyclable removivel</s>
    <s>Preço de Fob: US $38 - 42 / Unit</s>
    <s>O fabricante, 100% CHIAVARI/NAPOLEON DE ALUMÍNIO PRESIDE A800B, assento de aluminio com coxim removivel, 7-9pcs/stack, 850pcs/40HQ</s>
    <s>Preço de Fob: US $38 - 42 / Unit</s>
    <s>Envie esta página Imprima esta página Marque esta página URL cópia</s>
    <s>Google Delicious Facebook Twitter</s>
    <s>Produtos Relacionados</s>
    <s>Composiçao do Mascara</s>
    <s>*accept paypal, qualidade da composiçao do Mascara do *wholesale do *Top do dropship, transporte material superior do *free, entrega alerta</s>
    <s>A venda compo lipglass dos macly-cosmeticos</s>
    <s>a venda por atacado 1 compo macly a composiçao do &amp;gt;Face dos lipglass dos cosmeticos, material do &amp;gt;Top de MOQ 1pcs, melhor favoravel do &amp;gt;highquality do preço…</s>
    <s>da venda por atacado cosmeticos macfully</s>
    <s>lustro &quot;sexy&quot; do bordo dos cosmeticos do orignal</s>
    <s>&gt;Material superior, o melhor serviço o mais &amp;gt;Lastest, estilo popular do &amp;gt;highquality favoravel do preço</s>
    <s>Sombra de olho Multi-Color</s>
    <s>Uma sombra ultra-fine do duo do luxuoso; Contem a formula nova para ajudar o dia inteiro a estada da cor; O po macio excepcional oferece intens</s>
    <s>A alta qualidade cora macly cosmeticos</s>
    <s>da venda por atacado cosmeticos LipGlass da composiçao macly</s>
    <s>Composiçao do lapis de sobrancelha</s>
    <s>Você pode também estar interessado em :</s>
    <s>cortesias do hotel mobiliario moderno hotel fabricantes de moveis do hotel hotel moderno, mobilia do quarto utilizados mobilia do hotel</s>
    <s>ver mais itens relacionados</s>
    <s>Outros móveis de plástico fornecedores:</s>
    <s>cortesias do hotel fornecedores mobiliário moderno hotel fornecedores fabricantes de móveis do hotel fornecedores hotel moderno, mobília do quarto fornecedores utilizados mobília do hotel fornecedores</s>
    <s>Outros móveis de plástico fabricantes:</s>
    <s>cortesias do hotel fabricantes mobiliário moderno hotel fabricantes fabricantes de móveis do hotel fabricantes hotel moderno, mobília do quarto fabricantes utilizados mobília do hotel fabricantes</s>
    <s>Outros móveis de plástico promoção:</s>
    <s>cortesias do hotel promoção mobiliário moderno hotel promoção fabricantes de móveis do hotel promoção hotel moderno, mobília do quarto promoção utilizados mobília do hotel promoção</s>
    <s>Outros móveis de plástico promoção da indústria:</s>
    <s>cortesias do hotel promoção da indústria mobiliário moderno hotel promoção da indústria fabricantes de móveis do hotel promoção da indústria hotel moderno, mobília do quarto promoção da indústria utilizados mobília do hotel promoção da indústria</s>
    <s>Outros móveis de plástico distribuidores em grosso:</s>
    <s>cortesias do hotel distribuidores em grosso mobiliário moderno hotel distribuidores em grosso fabricantes de móveis do hotel distribuidores em grosso hotel moderno, mobília do quarto distribuidores em grosso utilizados mobília do hotel distribuidores em grosso</s>
    <s>Informaçoes da companhia - Partnerships</s>
    <s>Fabricantes - Venda Por Atacado - Fornecedor de Ouro - compra - venda - Feiras - Minha Alibaba - Serviços de exportaçoes da china - Ajuda - Mapa local - Serviços dos clientes - UK - Australia</s>
    <s>Consulte alfabeticamente: Todos os produtos, importadores, China, paises</s>
    <s>Groupo de Alibaba</s>
    <s>Produto listagem Politica - Politica de Propriedade Intelectual e alega violaçao - Politica de Privacidade - Termos de Uso - termos de uso - pontas seguras da troca-Relatorio direito de propriedade intelectual violaçao</s>
    <s>Direitos autoridades (C) 1999-2011 Alibaba.com Limitado e/ou seus subsidiarias e concessores de licenças. Todos os direitos reservados.</s>
    <s>Todas as traduçoes em detalhe dos produtos sao fornecidas pelo</s>
  </text>
</page>
