<?xml version="1.0" encoding="UTF-8"?>
<!DOCTYPE page SYSTEM "page.dtd">
<page>
  <lang>pt</lang>
  <url>http://romanticos-conspiradores.ning.com/group/conae2010conferncianacionaldeeducao</url>
  <title>CONAE 2010 - Conferência Nacional de Educação - Românticos ...</title>
  <snippet>
    <s>A Conferência Nacional de Educação – CONAE é um espaço democrático aberto Tema da CONAE, definido por sua Comissão Organizadora Nacional, será: </s>
  </snippet>
  <text>
    <s>Minha pagina</s>
    <s>Sobre o RC</s>
    <s>Aos RC - Jose Pacheco</s>
    <s>Blogs e foruns</s>
    <s>Videos - indice</s>
    <s>Bibliografias sugeridas</s>
    <s>Livros e artigos</s>
    <s>Teses e dissertaçoes</s>
    <s>Livros para emprestimo</s>
    <s>Sala de Reunioes</s>
    <s>Todos os Grupos</s>
    <s>Meus grupos</s>
    <s>CONAE 2010 - Conferencia Nacional de Educaçao</s>
    <s>Criado por Luiz de Campos Jr</s>
    <s>Exibir grupos</s>
    <s>!CONAE 2010 - Conferência Nacional de Educação</s>
    <s>Este grupo é um espaço reservado para a discussão, proposições e organização daqueles que consideram importante a participação da Rede RC na CONAE 2010.</s>
    <s>Membros: 20</s>
    <s>Última atividade: 19 Ago, 2010</s>
    <s>Compartilhar Twitter Facebook Facebook</s>
    <s>QUAL O OBJETIVO DESTE GRUPO?</s>
    <s>Abaixo transcrevo trechos da provocação feita pela Suely Costa (SP) em mensagem enviada a lista de e-mails do RC nacional (30/07/09):</s>
    <s> Qual o objetivo do nosso grupo? Ficar com nossas belíssimas idéias só para nós? Escondidas? Ou divulgá-las para que a transformação que propomos atinja a muitos? Queremos nos fazer conhecer?</s>
    <s>Usando da praticidade e da objetividade, já que nosso tempo é super escasso, podemos AGIR. Usando tempo, energia, focando uma questão importante, tudo para uma ação que poderá contribuir para um causa maior. AGIR = Fazendo a inscrição para nossa participação nesse grande Fórum de Educação Nacional .</s>
    <s>O que já temos? nossa Carta de Princípios. Ótimo. Podemos participar com ela. Já será um bom começo. </s>
    <s>PARA ENTENDER A CONAE 2010</s>
    <s>A Conferência Nacional de Educação – CONAE é um espaço democrático aberto pelo Poder Público para que todos possam participar do desenvolvimento da Educação Nacional.</s>
    <s>Está sendo organizada para tematizar a educação escolar, da Educação Infantil à Pós Graduação, e realizada, em diferentes territórios e espaços institucionais, nas escolas, municípios, Distrito Federal, estados e país.</s>
    <s>Estudantes, Pais, Profissionais da Educação, Gestores, Agentes Públicos e sociedade civil organizada de modo geral, terão em suas mãos, a partir de janeiro de 2009, a oportunidade de conferir os rumos da educação brasileira.</s>
    <s>Tema da CONAE, definido por sua Comissão Organizadora Nacional, será: Construindo um Sistema Nacional Articulado de Educação: Plano Nacional de Educação, suas Diretrizes e Estratégias de Ação.</s>
    <s>A CONAE acontecerá em Brasília, de 28 de março a 1º de abril de 2010, será precedida de Conferências Municipais , previstas para o primeiro semestre de 2009 e de Conferências Estaduais e do Distrito Federal programadas para o segundo semestre do mesmo ano. A Portaria Ministerial nº 10/2008 constituiu comissão de 35 membros, a quem atribuiu as tarefas de coordenar, promover e monitorar o desenvolvimento da CONAE em todas as etapas. Na mesma portaria foi designado o Secretário Executivo Adjunto Francisco das Chagas para coordenar a Comissão Organizadora Nacional.</s>
    <s>A Comissão Organizadora Nacional é integrada por representantes das secretarias do Ministério da Educação, da Câmara e do Senado, do Conselho Nacional de Educação, das entidades dos dirigentes estaduais, municipais e federais da educação e de todas as entidades que atuam direta ou indiretamente na área da educação.</s>
    <s>Fonte: CONFERÊNCIA NACIONAL DE EDUCAÇÃO - Portal do MEC</s>
    <s>http://portal.mec.gov.br/conae/index.php?option=com content&amp;view=article&amp;id=46&amp;Itemid=57</s>
    <s>ALGUNS LINKS DE INTERESSE</s>
    <s>Documento Referência da CONAE - doc base conae revisado2.pdf</s>
    <s>Regimento Interno da CONAE - Regimento interno CONAE nac.pdf</s>
    <s>Como participar da CONAE - Site da APEOESP</s>
    <s>Artigos sobre a CONAE - Portal do MEC</s>
    <s>Documentos sobre a CONAE - Portal do MEC</s>
    <s>Informações sobre Delegados - Portal do MEC</s>
    <s>Forum de discussao</s>
    <s>CONAE Sao Paulo 4 respostas</s>
    <s>Iniciado por Luiz de Campos Jr. Última resposta de Luiz de Campos Jr 1 Out, 2009.</s>
    <s>Politicas publicas de qualidade 1 resposta</s>
    <s>Iniciado por Thiago Baptistella Cabral. Última resposta de Thiago Baptistella Cabral 12 Ago, 2009.</s>
    <s>Exibir todos</s>
    <s>Caixa de Recados</s>
    <s>Você precisa ser um membro de CONAE 2010 - Conferencia Nacional de Educaçao para adicionar comentários!</s>
    <s>Comentário de Werther Serralheiro em 8 junho 2010 às 15:46</s>
    <s>Link: http://conae.mec.gov.br/images/stories/pdf/pdf/documetos/documento </s>
    <s>Comentário de Werther Serralheiro em 8 junho 2010 às 15:45</s>
    <s>Enfim, o documento final da CONAE 2010.</s>
    <s>Faça o donwload aqui</s>
    <s>Comentário de Claudio Estevam Prospero em 6 abril 2010 às 19:57</s>
    <s>Recomendo a leitura do artigo abaixo. Acabei de ler e achei interessante o proposto. Parece-me propor a formação de Redes Sociais em torno dos Conselhos Municipais / Estaduais / Federais de Educação. Em uma perspectiva colaborativa e transparente de influência da Sociedade Civil nas políticas e práticas educacionais.</s>
    <s>SISTEMA NACIONAL ARTICULADO DE EDUCAÇÃO: O papel dos Conselhos de Educação</s>
    <s>Genuíno Bordignon</s>
    <s>http://conae.mec.gov.br/images/stories/pdf/artigo genuino.pdf</s>
    <s>1. BASES DA ORGANIZAÇÃO DA EDUCAÇÃO BRASILEIRA</s>
    <s>1.1.O processo de constituição do Estado brasileiro</s>
    <s>1.2.O Manifesto dos Pioneiros da Educação Nova</s>
    <s>1.3.Conceitos fundantes da organização sistêmica</s>
    <s>2. A TRILOGIA DA ORGANIZAÇÃO DA EDUCAÇÃO BRASILEIRA: sistemas, conselhos e planos de educação</s>
    <s>3. O REGIME DE COLABORAÇÂO: por meio de um sistema nacional articulado de educação</s>
    <s>4. O PAPEL DOS CONSELHOS DE EDUCAÇÃO: na efetivação do regime de colaboração e construção do sistema nacional articulado de educação.</s>
    <s>4.1.Natureza dos conselhos de educação: órgãos de Governo ou de Estado?</s>
    <s>a. Funções dos conselhos de educação</s>
    <s>b. Composição dos conselhos de educação</s>
    <s>c. Condições de funcionamento dos conselhos de educação:questão de autonomia</s>
    <s>4.2.Uma rede nacional de conselhos de educação</s>
    <s>5. À GUISA DE CONCLUSÃO</s>
    <s>O texto constitui documento para discussão no Encontro Nacional de Conselheiros de Educação, promovido em conjunto pelo CNE, Fórum Nacional dos Conselhos Estaduais de Educação e UNCME (União Nacional dos Conselhos Municipais de Educação). O objetivo do texto é o de oferecer subsídios e suscitar reflexões sobre o papel dos conselhos de educação na atual discussão para a construção do Sistema Nacional Articulado de Educação, como estratégia para efetivação do princípio constitucional do regime de colaboração entre os sistemas de ensino.</s>
    <s>O texto é dividido em três blocos: conceitual, situacional e propositivo.</s>
    <s>O primeiro, de caráter teórico-cultural, situa os fundamentos históricos, conceituais e legais da organização da educação brasileira.</s>
    <s>O segundo analisa a organização atual da educação brasileira em sistemas de ensino, conselhos e planos de educação e;</s>
    <s>o terceiro, propõe a articulação dos conselhos de educação em rede, como alternativa para desempenhar papel próprio na construção do Sistema Nacional Articulado de Educação.</s>
    <s>. O texto contém partes do livro do mesmo autor, “Gestão da Educação no Município: sistema, conselho e plano”, São Paulo. Ed. e Livraria Instituto Paulo Freire, 2009. A elaboração deste texto contou com a análise crítica, dos presidentes do Conselho Nacional de Educação (CNE), do Fórum Nacional dos Conselhos Estaduais de Educação (FNCEE) e da União Nacional dos Conselhos Municipais de Educação (UNCME).</s>
    <s>. Instituto Paulo Freire e Prof. Aposentado da UnB.</s>
    <s>Um abraço.</s>
    <s>Comentário de Werther Serralheiro em 5 dezembro 2009 às 8:16</s>
    <s>Vou me apresentar ao grupo. Sou Werther Serralheiro, professor do Instituto Federal de Santa Catarina do Campus Araranguá. Participei como organizador e relator das etapas municipal e regional da CONAE 2010 e sou delegado como gestor público federal por SC na etapa nacional.</s>
    <s>Muitas das nossas contribuições nas emendas ao texto base da conferência foram fruto de discussões que convergem com as perpectivas românticas.</s>
    <s>Estou buscando em minhas bases uma re-discussão tendo como base o texto editado pela etapa estadual para que eu possa representar bem os desejos da nossa comunidade local, e gostaria que este espaço do Ning gerasse discussões no mesmo sentido.</s>
    <s>Comentário de Luiz de Campos Jr em 27 novembro 2009 às 7:11</s>
    <s>Etapas estaduais da Conae entram na reta final</s>
    <s>As fases estaduais da Conae (Conferência Nacional de Educação) chegam a seu momento decisivo. De acordo com informações do Ministério da Educação, já foram realizadas Conferências em 17 estados e no Distrito Federal. A expectativa do MEC é que cerca de 25 mil pessoas participem dos eventos.</s>
    <s>O Paraná encerra seu encontro nesta quinta-feira, 26/11, e Alagoas deve ser o último estado a finalizar seu evento estadual, de 9 a 12 de dezembro. Entre esta sexta-feira, 27/11, e a próxima segunda-feira, 30/11, estarão em atividade os estados do Amapá, Bahia, Maranhão, Pernambuco, Rio de Janeiro e Roraima (confira as datas divulgadas pelo MEC).</s>
    <s>Emendas – As propostas aprovadas em pelo menos cinco estados farão parte do documento base da etapa nacional da Conae, que acontecerá entre 28 de março e 1º de abril de 2010, em Brasília. Os delegados da Campanha Nacional pelo Direito à Educação estão participando da Conae com base em um caderno de emendas construído coletivamente em uma reunião preparatória realizada em 17 e 18 de outubro na capital federal.</s>
    <s>Entre as principais emendas do grupo está a que determina vinculação imediata de 50% dos recursos arrecadados pelo Fundo Social do pré-sal para a educação. Desse total, 30% ficariam com o MEC (Ministério da Educação) e outros 70% seriam transferidos a estados e municípios com pior renda per capta. A proposta já foi aprovada em pelo menos cinco estados (Ceará, Mato Grosso, Minas Gerais, São Paulo e Piauí) e no Distrito Federal e seguirá para discussão dos delegados na etapa nacional da Conae.</s>
    <s>Apresentação das emendas – Os delegados da Campanha encontraram particularidades em seus estados no momento de apresentação das propostas. Em Minas Gerais , por exemplo, a Comissão Organizadora Nacional optou por desmembrar os colóquios em duas partes, porém, isso não dificultou a entrega das sugestões. “O início da votação das emendas foi um tanto tenso porque havia muita gente nos colóquios, mas depois deslanchou e conseguimos manter o caráter democrático”, afirmou o representante da coordenação do MSU-MG (Movimento dos Sem Universidade em Minas Gerais) e delegado da Campanha no estado, Luiz Eduardo Souza.</s>
    <s>Já na Paraíba, descumprindo o regimento da Conferência Nacional de Educação, os delegados locais se limitaram às propostas que vieram dos encontro municipais e se recusaram a debater novas emendas na etapa estadual. “Infelizmente a Paraíba perdeu muito. As pessoas deveriam pelo ter menos escutado e analisado e, se fosse o caso, descartado”, declarou a delegada da Campanha no estado, Rosinete Veloso Camelo.</s>
    <s>Fonte: Campanha Nacional pelo Direito à Educação</s>
    <s>Site do CONAE 2010 - MEC: http://conae.mec.gov.br/</s>
    <s>Comentário de Luiz de Campos Jr em 4 agosto 2009 às 23:27</s>
    <s>Conae terá presença de 4 mil pessoas e já mobiliza estados</s>
    <s>A data de realização da 1.ª Conferência Nacional de Educação (Conae) mudou . A conferência foi adiantada em um mês e ocorrerá de 20 de março a 1.º de abril de 2010. O anúncio foi feito pelo secretário executivo adjunto do Ministério da Educação (MEC), Francisco das Chagas, ontem (30), durante encontro com os coordenadores e técnicos das comissões estaduais preparatórias do evento, em Brasília.</s>
    <s>Cerca de 100 coordenadores vieram à capital federal para compartilhar experiências de realização das etapas municipais e intermunicipais da Conferência, discutir a preparação das conferências estaduais – que precedem a Conae e devem ocorrer até novembro – e dos desafios para a realização do encontro nacional.</s>
    <s>De acordo com Chagas, a antecipação da data da Conae se deve a fatores logísticos. “Como estamos esperando receber 4 mil pessoas, tivemos de adaptar o calendário às opções de espaços disponíveis para abrigar tanta gente”, explicou aos coordenadores.</s>
    <s>Além de discutir o andamento das conferências municipais e estaduais e da preparação da Conae, os coordenadores também participarão de oficinas técnicas para aprender sobre o funcionamento dos sistemas de cadastro de participantes e de relatoria. “Precisamos verificar se esses sistemas atendem às nossas expectativas e funcionam”, disse Chagas.</s>
    <s>O tema central da Conae será o sistema nacional articulado de educação. Para o secretário adjunto, as conferências locais são importantes para dar consistência ao debate do ano que vem. “A mobilização dos estados e dos municípios com as conferências municipais e intermunicipais é importante porque significa que a base do sistema educacional já está discutindo os temas da conferência”, afirmou.</s>
    <s>O encontro com os coordenadores e técnicos das comissões estaduais preparatórias da Conae se encerra nesta sexta-feira.</s>
    <s>Envolverde/Nota 10 - 31/07/2009 - 11h07</s>
    <s>Comentário de Luiz de Campos Jr em 4 agosto 2009 às 12:43</s>
    <s>Abaixo seguem os arquivos de dois vídeos sobre a CONAE, um deles indicado pela Helena (SC), com as 5 partes editadas e retirados os intervalos. Não estou conseguindo publicá-los na nossa videoteca, mas vou continar tentando </s>
    <s>Programa Salto para o Futuro (TV Escola/MEC) , especial dedicado ao debate sobre a CONAE 2010. Participação no estúdio dos professores Jamil Cury - PUC/MG , Demerval Saviani - UNICAMP e de Arlindo Queiroz , coordenador-geral de articulação e fortalecimento dos sistemas de ensino da Secretaria de Educação Básica do MEC, além de depoimentos gravados de vários outros. O programa foi ao ar (ao vivo) no dia 24/04/2009. Duração: 45'08&quot; - 49,9 Mb</s>
    <s>Programa Cidadania (TV Senado) entrevista a Senadora Fátima Cleide (PT/Rondônia) e o professor Francisco Chagas , secretário adjunto do MEC, sobre os preparativos para a CONEA 2010. Duração: 23'55&quot; - 26,3 Mb</s>
    <s>Comentário de Luiz de Campos Jr em 3 agosto 2009 às 12:13</s>
    <s>Olá a tod@s. Aos interessados na discussão sobre o PME/SP:</s>
    <s>Para melhor organizar as informações e não confundir as discussões sobre diferentes temas (embora complementares), foi criado um fórum de discussão específico sobre o PME/SP no grupo do núcleo SP:</s>
    <s>Abraços, Luiz.</s>
    <s>Comentário de Regina Mª Milone de F. Travassos em 2 agosto 2009 às 15:54</s>
    <s>Provavelmente serei uma das representantes da minha escola nas discussões municipais que, posteriormente, levarão ao CONAE 2010.</s>
    <s>Já fizemos a discussão de alguns tópicos lá na escola. em reuniões pedagógicas, e as posições da maioria foram colocados no papel e encaminhadas à Secretaria Municipal de Educação. Esses foram os primeiros passos. Mas, como tudo foi organizado pela Equipe Diretiva - diretor, equipe pedagógica e dirigentes de turno da escola - e parece que haverão mudanças nessa equipe a partir de agosto, ainda não posso afirmar muito mais do que isso. Estamos seguindo as orientações da S.M.E.</s>
    <s>Se houver interesse de algum de vocês, posso anexar aqui as propostas e avaliações feitas pela nossa escola e encaminhadas por ofício à Secretaria de Educação do Município de Duque de Caxias, RJ, onde trabalho.</s>
    <s>Um abraço a todos,</s>
    <s>Comentário de Tatiane Rosa Rodrigues em 2 agosto 2009 às 3:20</s>
    <s>Olá .. (Segue para ficar aqui no Ning agora)</s>
    <s>Gostaria de compartilhar um pouco sobre o encontro intermunicipal para o CONAE participei aqui em Bauru (no qual participaram 90 municipios) nesse encontro ouveram mtas polêmicas:</s>
    <s>1- O texto base já veio pronto: o que define uma ação participativa e não democrática (colocações dos participantes do evento) e a partir desse texto era possível alterar ou excluir o que já havia sido incluido;</s>
    <s>2- O texto base que deveria ter sido entregue com antecedência para todos os incritos foi entregue na hora, o que dificultou a análise critica e sugestões pois cada eixo (o texto é dividido por quatro eixos) tinha em média 1h e 30 para discussão e sugestões apenas e as sugestões já deveriam ser entregues por escrito caso ouvesse a aprovação da Plenária.</s>
    <s>3- O texto base é muito político e pouco comtempla os princípios que os Rcs devendem senti muita falta disso e ACHO MUITO IMPORTANTE A PRATICIPAÇÃO DOS RCS, já havia comentado isso com a Carla de SP e alguns Rcs de Bauru </s>
    <s>Creio que a Carta de Principios seria algo muito necessário para ser anexado ao documento O Município de Garça foi bem ousado no encontro Intermunicipal, e compreendendo a necessidade do processo ser realmente democrático trouxe também uma carta de príncipio muito interessante focada na valorização do profissional da educação mas ainda sinto falta de algo com foco na criança e adolescente, em uma visão holística como defendida pelas Rcs nos fóruns, debates, e-mails e textos A participação da família na escola, escolas sem paredes e coisas assim não forão debatidas.</s>
    <s>Acredito que o texto base esteja no site do MEC.</s>
    <s>Bom era isso.. qualquer dúvida quanto ao ocorrido aqui em Bauru no Encontro Municipal e Inter Municipal estou a disposição </s>
    <s>Talvez eu vá para o Estadual, pois fiquei como Delegada Suplente.</s>
    <s>Abraço á todos.</s>
    <s>Tatiane Bauru</s>
    <s>‹ Anterior</s>
    <s>Próximo ›</s>
    <s>Membros (19)</s>
    <s>Exibir todos</s>
    <s>Bem-vindo a</s>
    <s>Romanticos Conspiradores</s>
    <s>ou acesse</s>
    <s>© 2011 Created by Nilton Lessa. Ativado por .</s>
    <s>Badges | Relatar um incidente | Termos de serviço</s>
    <s>É necessário habilitar o JavaScript para usar o Romanticos Conspiradores.</s>
    <s>Verifique as configurações do seu navegador ou contate o administrador do sistema.</s>
  </text>
</page>
