<?xml version="1.0" encoding="UTF-8"?>
<!DOCTYPE page SYSTEM "page.dtd">
<page>
  <lang>pt</lang>
  <url>http://m.portugaltecnologico.fil.pt/agenda.html</url>
  <title>Agenda - Portugal Tecnológico</title>
  <snippet>
    <s>Conferência “Mobilidade e Energia e Acessibilidade Digital” Organização MOPTC 12h00 – 13h00. Apresentação “Interoperabilidade: Agente de Inovação </s>
  </snippet>
  <text>
    <s>&lt;&lt; up</s>
    <s>Programa Conferências</s>
    <s>Dia 22 Auditório 1</s>
    <s>15h00 – 18h00</s>
    <s>Conferência “Balcões únicos para cidadãos e empresas”</s>
    <s>(dia 22 e 23)</s>
    <s>18H30 – 20H00</s>
    <s>Desafios na Sociedade de Informação – WEB 3.0</s>
    <s>Dia 22 Auditório 2</s>
    <s>10h00 – 13h00</s>
    <s>Conferência “Web 2.0 na Administração Pública e Cidades e Regiões Digitais”</s>
    <s>14h30 – 16h00</s>
    <s>One Web – Episódio 1</s>
    <s>16h00 – 17h15</s>
    <s>Conferência “Inovação e Tecnologia Sustentável, uma aposta da Região Alentejo”</s>
    <s>CCDR-Alentejo; Instituto Politécnico de Portalegre</s>
    <s>18h30 – 20h00</s>
    <s>Conferência “As Cidades do Conhecimento”</s>
    <s>Dia 23 Auditório 1</s>
    <s>10h00 – 12h00</s>
    <s>Conferência “Mobilidade e Energia e Acessibilidade Digital”</s>
    <s>12h00 – 13h00</s>
    <s>Apresentação “Interoperabilidade: Agente de Inovação Tecnológica”</s>
    <s>14h30 - 18h30</s>
    <s>Conferência “Energia, Desenvolvimento e Emprego”</s>
    <s>18h30 - 19h30</s>
    <s>Conferência “O sector das energias renováveis na estratégia de desenvolvimento sustentável da Região Alentejo”</s>
    <s>Dia 23 Auditório 2</s>
    <s>10h00 – 12h15</s>
    <s>Conferência “Balcões únicos para cidadãos e empresas” (Continuação do dia 22)</s>
    <s>14h30 – 15h45</s>
    <s>Conferência “Administração aberta e co-produção de serviços públicos”</s>
    <s>16h00 - 17h15</s>
    <s>Conferência “O Cartão de Cidadão e os projectos de identificação electrónica brasileiro e cabo-verdiano”</s>
    <s>17h30 – 19h00</s>
    <s>Conferência “Interoperabilidade transfronteiriça e mútuo reconhecimento de identificação electrónica”</s>
    <s>17h30 – 19h00</s>
    <s>Porto de honra</s>
    <s>Dia 24 Auditório 1</s>
    <s>10h00 – 13h00</s>
    <s>Conferência “Indústrias Culturais e Criativas como catalisadores da economia”</s>
    <s>Ministério da Cultura/GPEARI</s>
    <s>14h30 - 16h00</s>
    <s>Conferência “As Tecnologias e o Turismo em Portugal - Os desafios”</s>
    <s>Turismo Portugal</s>
    <s>16h00 - 18:30</s>
    <s>Conferência “Municípios Inovadores - A Inovação ao serviço da Cidadania”</s>
    <s>19h00 - 20h00</s>
    <s>Conferência “Região Alentejo, Terra de Oportunidades”</s>
    <s>Dia 24 Auditório 2</s>
    <s>10h00 – 12h00</s>
    <s>Conferência “A contribuição do Espaço para a Energia”</s>
    <s>12h00 – 13h30</s>
    <s>Evento “e-PME”</s>
    <s>14h00 – 17h00</s>
    <s>Conferência “Energia e Geologia – Desafios e Oportunidades”</s>
    <s>17h30 – 18h30</s>
    <s>Conferência “Registos Electrónicos (RSE) e Desmaterialização”</s>
    <s>Dia 25 Auditório 1</s>
    <s>09h30 - 13h00</s>
    <s>Conferência “Economia Digital”</s>
    <s>MEID/ME/PT Learning Working Group</s>
    <s>15h00 - 18h00</s>
    <s>Conferência “Inovação nos sistemas de comunicação da administração interna”</s>
    <s>Dia 25 Auditório 2</s>
    <s>14h30 - 19h00</s>
    <s>Conferência “Sustentabilidade, Segurança e TIC”</s>
    <s>Dia 26 Auditório 2</s>
    <s>16h00 - 18h00</s>
    <s>LIREC – LIVING WITH ROBOTS AND VIRTUAL COMPANIONS</s>
    <s>INESC-ID, CNOTINFOR, QUEEN MARY UNIVERSITY OF LONDON</s>
    <s>“Building Bridges” by Paulo Rogers (Keynote Speaker)</s>
    <s>Programa das conferências, PORTUGAL TECNOLÓGICO 2010</s>
    <s>22 a 26 de Setembro 2010</s>
    <s>Portugal Tecnológico 2010-08-17 FIL – Parque das Nações – Lisboa</s>
    <s>Entrada Livre</s>
    <s>Solicite convites grátis</s>
    <s>Powered by: Webeffect.pt</s>
  </text>
</page>
