<?xml version="1.0" encoding="UTF-8"?>
<!DOCTYPE page SYSTEM "page.dtd">
<page>
  <lang>pt</lang>
  <url>http://portalteses.icict.fiocruz.br/transf.php%3Fid%3D00008101%26lng%3Dpt%26nrm%3Diso%26script%3Dthes_chap</url>
  <title>REVISÃO DA LITERATURA - Teses - Saúde Pública</title>
  <snippet>
    <s>A 1ª Conferência Nacional de Saúde dos Trabalhadores, realizada em 1986, Existem diversos autores que relatam que a infeção pelo vírus da Hepatite B .. presentes em tecidos humanos, produtos, artigos e superfícies hospitalares. </s>
  </snippet>
  <text>
    <s>Home &gt; Lista de Teses &gt; O PROCESSO DE TRABALHO DA LIMPEZA E COLETA DO LIXO </s>
    <s>Nesta tese:</s>
    <s>Na cole:</s>
    <s>Silva, Carlos Eduardo Rodrigues da. O processo de trabalho da limpeza e coleta do lixo hospitalar na emergia do Hospital Municipal Paulino Werneck. Mestrado Funda Oswaldo Cruz, Escola Nacional de Saa; 1999. 97 p.</s>
    <s>CAPÍTULO I</s>
    <s>REVISÃO DA LITERATURA</s>
    <s>Este capitulo tem como objetivo a revisao da bibliografia referente a saude do trabalhador e mais especificamente sobre o processo e o ambiente de trabalho da coleta interna do lixo hospitalar, e a saude do trabalhador envolvido, bem como das normas e regulamentos para esta atividade e esta dividido em tres partes: Saude e trabalho; Residuos e meio ambiente; e Lixo.</s>
    <s>I .1 SAÚDE E TRABALHO</s>
    <s>Os problemas cotidianos dos trabalhadores sao transferidos para o campo do trabalho sem que eles tenham plena consciencia deste fato. Situaçoes como, falta de moradia, postos e processos de trabalho obsoletos e/ou inadequados, riscos e cargas de trabalho, falta de recursos humanos, dilemas como trabalho prescrito x trabalho real, dupla jornada, dificuldades para conseguir e/ou manter o emprego, baixos salarios, dificuldades no relacionamento interpessoal (nas diversas esferas sociais), ma qualidade da alimentaçao, dificuldades no acesso a rede publica de saude, problemas com a educaçao dos filhos e a manutençao da familia, entre outras causas, fazem com que o trabalhador questione o valor do seu trabalho e o sentido da vida.</s>
    <s>Estes problemas, levam o corpo fisico a apresentar manifestaçoes psicossomaticas, que sao geradas pelo desconforto emocional, como a tensao e a angustia, e que desencadeiam, em seu devido tempo, disturbios organicos como o stress, doenças cardio-vasculares (hipertensao arterial), labirintose e problemas gastrointestinais, entre outras (Rebouças et al., 1989; Waissmann, 1993). O trabalho, mais especificamente a maneira que este e organizado, alem dos efeitos no corpo fisico pode desencadear tambem problemas na saude mental do trabalhador. Dejours (1987) analisou a Psicopatologia do trabalho a partir de diversas formas de ansiedade oriundas das relaçoes interpessoais, como tambem pela percepçao do trabalhador aos riscos no ambiente de trabalho. Para este autor, apesar do sofrimento causado pela divisao e/ou organizaçao do trabalho, nao ha interrupçao deste trabalho e, nem mesmo, na maioria das vezes açoes que minimizem esta carga.</s>
    <s>A 1 Conferencia Nacional de Saude dos Trabalhadores, realizada em 1986, define a saude dos trabalhadores, como decorrente de melhoria das condiçoes de emprego; estabilidade no trabalho e que este seja bem remunerado; como tambem oportunidade de lazer; organizaçao livre, autonoma e representativa da classe; direito a informaçao sobre todos os dados que digam respeito a relaçao vida / saude / trabalho; acessibilidade a serviços de saude, com capacidade resolutiva e em todos os niveis; alem de efetiva participaçao em qualquer decisoes sobre assuntos referentes a classe; recusa ao trabalho sob condiçoes que nao considerem estes e outros direitos (Brito &amp; Porto, 1992).</s>
    <s>Em relaçao aos riscos existentes no ambiente de trabalho, Oddone et al. (1986), ressaltaram a importancia da criaçao e manutençao de nucleos dentro das fabricas, como tambem da integraçao dos trabalhadores com o sindicato, objetivando detectar e quantificar o risco. Esta pratica baseia-se no principio do resgate do saber operario. A Epidemiologia daria neste momento, atraves da observaçao da prevalencia e da incidencia dos principais agravos a saude dos trabalhadores, suporte para a intervençao objetivando prevenir doenças ocupacionais, como tambem evitar acidentes.</s>
    <s>As doenças ocupacionais originam-se de exposiçoes a alguns agentes quimicos, fisicos e biologicos, existentes no ambiente de trabalho. Em paises industrializados, este grupo de doenças e responsavel pela maioria das doenças e de mortes. Nos paises em desenvolvimento, onde tanto a regulamentaçao, quanto a experiencia a respeito da saude do trabalhador ainda nao e efetiva, as condiçoes de trabalho tornam-se ainda mais perigosas (Yoshida, 1996).</s>
    <s>Dentre os principais tipos de doenças ocupacionais, estao os causados por agentes quimicos, como poeiras e pos, produtos quimicos em geral e por agentes microbiologicos. Das diversas doenças produzidas por agentes biologicos, destaca-se a exposiçao a doenças infecciosas, como a Hepatite B, facilmente encontrada em ambientes hospitalares. Existem diversos autores que relatam que a infeçao pelo virus da Hepatite B (HBV), em trabalhadores da area de saude e 10 vezes maior do que na populaçao em geral (Yoshida, 1996). O HBV e transmitido por mucosa ou parenteralmente por inoculaçao percutanea, atraves do sangue ou de outros fluidos organicos HBsAg positivos, de individuos com infeçao cronica ou aguda (Yoshida, 1996).</s>
    <s>Segundo Leavel &amp; Clarck (1976), o controle completo da doença, so e possivel atraves do conhecimento de sua historia e de sua distribuiçao. Da mesma forma, este conceito pode ser aplicado as enfermidades ocupacionais. Ainda hoje, em doenças relacionadas ao ambiente de trabalho, existe a dificuldade do estabelecimento do nexo-causal, por parte dos diversos profissionais envolvidos no processo e comprometidos com a causa dos trabalhadores. Isto se da, muitas vezes, por questoes politicas e economicas. Para alguns empresarios, reconhecer o nexo-causal entre a doença e o processo de trabalho e reconhecer a propria culpa por nao proporcionar as minimas condiçoes possiveis para a manutençao da saude do trabalhador. Para encobrir suas falhas, tais empresarios utilizam-se de brechas na legislaçao, de lobbies parlamentares e da conivencia de profissionais nao conscientes do seu papel social e da importancia da etica profissional.</s>
    <s>Para Ferreira (1997), existem poucos estudos relativos a saude dos trabalhadores que manuseiam lixo hospitalar. Este fato talvez se justifique pela representaçao que o lixo possui no meio social ou, talvez entao, pela ausencia de capacitaçao tecnica. Existe a possibilidade, segundo este autor, que a realizaçao de estudos epidemiologicos, possam evidenciar relaçoes de causa e efeito que definam doenças ocupacionais dos trabalhadores que manuseiam residuos. De maneira geral, no Brasil, os trabalhadores envolvidos com qualquer tipo de residuo recebem adicional de insalubridade, que nada mais e do que a monetizaçao do risco de adoecer e ao mesmo tempo, pode ser considerado como uma forma de reconhecimento da insalubridade da atividade.</s>
    <s>A exposiçao a microorganismos patologicos, e apenas um dos riscos ocupacionais na processo de trabalho dos que manuseiam residuos. A medida que estes microorganismos encontram um hospedeiro suscetivel pode ocorrer diversas doenças infecciosas. No Brasil, sao poucas as unidades de saude onde os residuos sao considerados com a devida importancia, nao havendo inclusive a preocupaçao com a saude dos trabalhadores, representada por esterilizaçao de perfucortantes, treinamento e desinfeçao. Dificilmente encontram-se serviços de saude que possuam recipientes rigidos utilizados para descarte de agulhas e bisturis, com a finalidade de reduzir ou eliminar os acidentes. A ausencia do descarte correto de perfurocortantes associada a uma incorreta sistematica gerencial, pode tornar-se responsavel por doenças infecciosas, atraves da pratica de &quot;reaproveitamento&quot; de seringas e agulhas pelos catadores de lixo existentes nos diversos aterros sanitarios, que comercializam estes produtos inclusive no trafico de drogas (Ferreira, 1997).</s>
    <s>O trabalhador e o elemento mais importante do processo de trabalho para a analise do que seja &quot;saude no trabalho&quot;. É possivel, atraves da organizaçao do processo de trabalho, observar as diversas formas de consumo da força de trabalho, que implicam em diversas formas de desgaste do trabalhador. Estas formas de consumo, sao a sintese da mais-valia absoluta e relativa. A mais-valia absoluta e a forma mais antiga de exploraçao do trabalhador, seja atraves do aumento da jornada de trabalho ou da diminuiçao do salario. A mais-valia relativa pode ocorrer de duas maneiras: atraves da intensificaçao do trabalho ou pelo aumento da produtividade do trabalho, atraves de uma mudança na organizaçao do trabalho (Laurell, 1981).</s>
    <s>Os trabalhadores do serviço de limpeza e conservaçao sao, quase sempre, contratados por empresas de serviços terceirizados, ficando assim, mais expostos a situaçoes de controle mais rigidos por parte dos serviços medicos, inclusive a procedimentos eticamente condenaveis como o exame medico admissional (utilizado para discriminar candidatos) e para o controle do absenteismo (Mendes, 1991), alem de serem facilmente substituidos em caso de doença, devido a sua baixa escolaridade e por &quot;nao necessitarem&quot;, segundo alguns, de conhecimentos tecnicos aprimorados.</s>
    <s>No decorrer de suas atividades, os trabalhadores executam atividades multiplas e variadas, a partir de um numero minimo de trabalhadores, ampliados atraves de horas extras, rodizios e transferencias de &quot;turnos mais leves&quot; para os mais pesados e / ou de maior necessidade (Antunes, 1995).</s>
    <s>Para Marx (1993), o processo de alienaçao manifesta-se no trabalho. O trabalho e o relacionamento ativo do homem com a natureza, a criaçao do proprio homem. Com a expansao da propriedade privada e da divisao do trabalho, todavia, o trabalho perde a sua caracteristica de expressao do poder do homem; o trabalho e seus produtos assumem uma existencia a parte do homem, de sua vontade e de seu planejamento.</s>
    <s>Os trabalhadores que manuseiam lixo estao em contato direto com material organico em decomposiçao, estando assim expostos a agentes biologicos e/ou quimicos, que podem ser causadores de determinadas patologias infecto-contagiosas, mormente nos aparelhos digestivo e respiratorio, como tuberculose e pneumonia, alem de dermatites infecciosas, irritantes ou alergicas, e casos de salmoneloses, parasitoses e tetano (Velloso, 1995).</s>
    <s>Aproximadamente um terço dos acidentes que ocorrem em unidades hospitalares sao produzidos por material perfurocortante, principalmente os eventos ocasionados por acidentes com as agulhas, no recapeamento indevido das mesmas, apos a utilizaçao pelos diversos profissionais da equipe de saude; como tambem em acidentes ocorridos com os trabalhadores das empresas de conservaçao, no decorrer de seu processo de trabalho de coleta deste lixo hospitalar descartado em local inadequado, como o lixo comum ou em caixas erroneamente adaptadas.</s>
    <s>Para os trabalhadores da area hospitalar o fator de risco de maior importancia na transmissao da AIDS e o contato com o sangue no ambiente de trabalho. Esta transmissao ocupacional do HIV pode ocorrer em exposiçao a material infectante, como sangue, principalmente atraves de acidentes de trabalho produzidos por material perfurocortante. Mesmo que o risco de se contaminar com o HIV, na situaçao ocupacional, seja em torno de 0,5% apos a exposiçao parenteral a fluidos e\ou secreçoes infectadas, corretas normas de biossegurança devem ser adotadas. Alem da AIDS, outras doenças podem ser contraidas no ambiente ocupacional, atraves de acidentes de trabalho com uma incidencia muito maior. Hoofnegle, apud Ministerio da Saude (1989), relata que a hepatite B (HBV), pode ser transmitida em ate 30% dos casos de acidente de trabalho. Tambem as hepatites nao A, nao B e delta, a citomegalovirose, a malaria e a doença de Chagas, podem ser transmitidas por acidentes profissionais.</s>
    <s>A norma do Ministerio da Saude (1989), sobre transmissao da AIDS no ambiente de trabalho, relata que sao &quot;caracteristicas do acidente de trabalho com possibilidade de transmissao do HIV: Exposiçao parental (picadas de agulhas ou cortes) e contato de membrana mucosa com sangue e/ou outros fluidos corporeos. Exposiçao da pele, mesmo que aparentemente integra, ao sangue, quando por tempo prolongado ou em grande quantidade&quot;.</s>
    <s>Quanto aos procedimentos de emergencia, a referida norma, relata, que determinados profissionais de saude, algumas vezes, durante a sua jornada de trabalho em unidades de Emergencia, podem entrar em contato com secreçoes ou sangue, sem os devidos cuidados de biossegurança. A norma relata, ainda, que comportamentos heroicos, em situaçoes de emergencias nao devem ocorrer, e que a conduta correta deve ser pautada na racionalidade e que mesmo em situaçoes de comprovada emergencia, a rapidez que o procedimento exige por parte do profissional nao invalida que corretas normas de biossegurança sejam obedecidas.</s>
    <s>Segundo o manual sobre normas tecnicas para prevençao da transmissao da AIDS do Ministerio da Saude (1989), um dos grandes desafios desta doença, consiste na adoçao de normas corretas de biossegurança por parte dos trabalhadores que atuam na area de saude. A AIDS tem levado alguns profissionais de saude, a adotar medidas de biossegurança desorganizadas e/ou extremamente conservadoras e desnecessarias, e a diminuiçao dos recursos para o setor saude dificulta qualquer iniciativa de, entre outras, a introduçao e aperfeiçoamento de praticas educativas.</s>
    <s>Para Borges (1985), existem muitas formas de transmissao de infeçao no ambiente hospitalar, mas sem nenhuma duvida, o lixo hospitalar septico em todas as suas fases do seu processamento gerencial, constitui uma fonte importante desses tipos de infeçoes. O lixo septico, em todas as suas fases, desde a sua produçao, acondicionamento, transporte interno na unidade de saude, estocagem, transporte externo e ate o seu destino final, representa grau de periculosidade, colocando em risco todos aqueles que o manuseiam, como tambem o ambiente.</s>
    <s>O risco de acidentes ocupacionais depende, nao somente do tipo de atividade, mas tambem da natureza do material manuseado e dos meios de proteçao empregados. Nao se da a devida atençao aos riscos de acidentes, a que estao expostos nao so os trabalhadores, mas tambem a populaçao em geral. Situaçoes onde ocorrem acidentes que produzem cortes, perfuraçoes e/ou contusoes sao estudadas mais como curiosidade do que pela sua importancia epidemiologica em termos de incidencia (Forantine, 1969)</s>
    <s>I . 2 - RESÍDUOS E MEIO AMBIENTE</s>
    <s>Segundo Ferreira (1997), a sociedade atual chega ao fim do seculo XX como a civilizaçao dos residuos. Este fato tornou-se verdadeiro devido ao desperdicio e tambem pelas contradiçoes existentes no desenvolvimento industrial e tecnologico. Ao mesmo tempo que os recursos naturais sao utilizados indiscriminadamente e sem preocupaçao com a perpetualidade, diariamente sao lançados nos ecossistemas novos produtos sinteticos, que sao eventualmente, impossiveis de serem absorvidos sem causar o devido impacto ambiental. Embora sabendo da existencia no cenario mundial de grupos de atores conscientes dos problemas ambientais, as açoes sao ainda incipientes e desordenadas, sofrendo inclusive interferencia do sistema capitalista dominante.</s>
    <s>Em relaçao a disposiçao dos rejeitos nas cidades, o problema do homem se resume no fato de encontrar a melhor maneira de devolver a natureza, o que dela foi retirado, para atender as suas necessidades de sobrevivencia, com o minimo de agressao possivel (Pinto, 1979).</s>
    <s>Ao ser resolvida a questao do descarte do lixo, como tambem, a coleta externa do lixo realizada pela COMLURB Companhia Municipal de Limpeza Urbana do Rio de Janeiro, de maneira que o meio ambiente nao seja agredido, estar-se-a nao so melhorando saude e qualidade de vida, como tambem garantindo a perpetuaçao das diversas especies da terra. Em relaçao a origem do lixo, considerado por Pinto (1979) como o fator mais importante para a sua caracterizaçao, o lixo urbano costuma ser classificado em quatro grupos: o lixo domestico, o lixo de atividades do comercio e da industria, o lixo publico (aquele recolhido em logradouros publicos), e o lixo de fontes especiais, como por exemplo, os residuos solidos de estaçoes de tratamento de esgotos e os residuos hospitalares, que devido as suas caracteristicas, segundo este autor, necessitam de metodos e cuidados especiais para o seu manuseio.</s>
    <s>Pinto (1979) ressalta, ainda, a importancia do estudo da caracterizaçao de cada tipo de lixo como forma de auxiliar no planejamento da maneira mais adequada da sua coleta, transporte e disposiçao final.</s>
    <s>Forantini (1969) relata que nao e dado ao lixo a sua devida importancia em termos de ameaça a saude, sendo considerado mais como questao de estetica, economia e conforto, do que como eminente causa direta de qualquer agravo a saude. A respeito dos aspectos epidemiologicos ligados ao lixo, Forantini (1969), afirma que os residuos solidos, que sao resultantes das atividades dos homens e animais domesticos, pode ser designado, genericamente, sob o nome de lixo. Uma vez preenchido a sua finalidade, e destinado a ser eliminado, surgindo entao, a questao de sua destinaçao final. A soluçao desta problematica torna-se necessaria, pois a permanencia desses residuos no meio-ambiente podera redundar em efeitos negativos; tais como contaminaçao por agentes patogenicos, como tambem acidentes devidos a objetos perfurocortantes.</s>
    <s>Oliveira (1969) aborda questoes relativas aos aspectos relacionados ao lixo, como quando relata que este pode manifestar-se de diferentes maneiras na transmissao de doenças, como por exemplo a triquinose, doença transmitida atraves da carne do porco, que foi alimentado com restos de alimentos ou com lixo em geral, que caso nao tenha tido acondicionamento adequado, pode ter estado exposto a vetores como moscas, mosquitos e ratos, podendo, assim, transmitir entre outras doenças, a tuberculose, a febre tifoide e a peste bubonica.</s>
    <s>Para que se tenha um sistema de residuos hospitalares eficiente, torna-se necessario a integraçao de todas as instituiçoes comprometidas com esta questao, utilizando-se para isto, a combinaçao de recursos disponiveis e variaveis locais. (Ministerio da Saude, 1989). Sobre a coleta e destino do lixo, as normas tecnicas para prevençao da transmissao da AIDS do Ministerio da Saude (1989), indica que em &quot;relaçao ao lixo hospitalar sao recomendados precauçoes especiais com papeis utilizados para limpeza, gazes, algodao, compressas, restos de tecidos, absorventes higienicos, restos de material biologico da anatomia patologica, do laboratorio de analises clinicas e amostras de sangue e seus produtos&quot;.</s>
    <s>Em relaçao aos aspectos administrativos operacionais dos residuos hospitalares, e atribuiçao do Estado intervir, enquanto poder publico, sempre que houver risco a saude e ao meio ambiente; sendo atribuiçao dos estabelecimentos de saude, a gerencia dos residuos atraves da comissao de controle da infeçao hospitalar (CCIH), com a ajuda da comissao interna de acidentes (CIPA), cuja existencia e facultativa, com a finalidade de dinamizar todas as atividades. (Ministerio da Saude, 1989).</s>
    <s>I . 3 - O LIXO</s>
    <s>Segundo Santos et al. (1995) a denominaçao &quot;lixo&quot;, como a maioria das palavras da lingua portuguesa, vem do latim LIX, que quer dizer cinza. Este termo vem de uma epoca bastante remota onde eram usados fornos, fogoes e lareiras a base de lenha que formavam residuos da lenha carbonizada e cinza. Os referidos autores, afirmam que, de um modo geral, todos os residuos eram aproveitados para a alimentaçao de animais como porcos e galinhas, ou como adubo para a plantaçao. Hoje o lixo nao contem somente cinzas, e a palavra &quot;lixo&quot; passou a denominar, genericamente, tudo aquilo que nao tem mais serventia e se joga fora.</s>
    <s>Em determinado momento, tornou-se necessario, devido a ampliaçao do quantitativo do volume e da variedade destes residuos, avaliar este lixo em termos dos seus eventuais riscos, inclusive biologicos, tanto para os trabalhadores envolvidos em manuseio, quanto para a populaçao extra muros das empresas, alem dos possiveis impactos ambientais representados principalmente pelo descarte de diversos residuos em cursos dagua e solo.</s>
    <s>O lixo e normalmente definido como todo o residuo solido resultante das atividades humanas. Estes residuos podem ser objetos que nao mais possuem valor economico ou utilidade, como tambem porçoes de materiais sem qualquer significaçao, residuos de processos industriais ou domesticos a serem descartados, enfim, qualquer coisa sem utilidade e que se jogue fora. Em relaçao a esta definiçao apresentada, deve-se levar em consideraçao que o conceito de utilidade e relativo, visto que o que e descartado por alguns, considerado como lixo, pode ser aproveitado originalmente por outros; da mesma maneira que objetos ou materiais que em pequena quantidade nao sao relevantes, podem ter importancia economica se em quantidade suficiente (Pinto, 1979).</s>
    <s>Oliveira (1969) define lixo, de uma maneira geral, como todos os residuos solidos provenientes das atividades humanas. Segundo o autor e importante observar que na lingua Portuguesa dever-se-ia adotar a expressao geral, ja consagrada, de residuos solidos, ao referir-se ao lixo em geral, e que sendo assim, poder-se-ia ter uma uniformidade de nomenclatura com os residuos liquidos e gasosos, pois todos causam graves problemas de saneamento do meio, principalmente de poluiçao ambiental. Para este autor, o lixo hospitalar de acordo com a sua fonte de produçao, pode ser bastante heterogeneo, e variavel a sua composiçao qualitativa e quantitativa.</s>
    <s>A Associaçao Brasileira de Normas Tecnicas (ABNT), em sua Norma Tecnica NBR 10004 (1987), classificou e normatizou os residuos oriundos de hospitais, residencias, industrias, entre outros. Segundo esta norma, os residuos podem ser definidos como: &quot;Residuos nos estados solidos e semi-solidos, que resultam de atividades da comunidade de origem: industrial, domestica, hospitalar, comercial, agricola, de serviços e de varriçao. Ficam incluidos nesta definiçao os lodos provenientes de sistema de tratamento de agua, aqueles gerados em equipamento e instalaçao de controle de poluiçao, bem como determinados liquidos cujas particularidades tornem inviavel o seu lançamento na rede publica de esgotos ou corpos de agua, ou exijam para isso soluçoes tecnicas e economicamente inviaveis em face a melhor tecnologia disponivel&quot;</s>
    <s>Os residuos solidos que sao produzidos em um determinado hospital, de acordo com a sua fonte geradora, podem ser classificados em diversos tipos. Entretanto a maioria do lixo hospitalar possui caracteristicas similares a do lixo domiciliar. O que os diferencia e a pequena parcela considerada patogenica, que e composta de materiais como gaze, algodao, agulhas e seringas descartaveis, pedaço de tecido humano, placenta e sangue e tambem residuos que tenham em sua produçao tido contato com pacientes portadores de doenças infecto-contagiosas (Sa et al., 1993).</s>
    <s>Em relaçao a periculosidade dos residuos, Sa et al. (1993), relataram um estudo americano, sobre o lixo gerado no Centro Medico da Universidade de West Virginia (EUA), que apresentou a conclusao que apenas 25 ou 30 % do total do lixo podem ser considerados como infectantes ou de risco biologico e que dos organismos considerados perigosos encontrados mais facilmente esta o Staphilococcus Aureus. Os autores recomendam que, como na pratica e dificil a separaçao do lixo de acordo com as fontes produtoras internas do hospital, cuidados especiais devem ser tomados no acondicionamento, manuseio, estocagem e tratamento de todo e qualquer lixo hospitalar.</s>
    <s>O manuseio com o lixo hospitalar necessita de cuidados especiais tanto das administraçoes hospitalares quanto das autoridades municipais, desde a sua produçao ate a destinaçao final. Borges (1985) chegou a esta conclusao, atraves de trabalho realizado na regiao metropolitana da cidade de Belo Horizonte/MG, cidade em que nenhum dos hospitais pesquisados possuia local exclusivo e/ou adequado para o armazenamento do lixo que oferecesse condiçoes de higiene e funcionamento adequados. O autor, fazendo uma diferenciaçao em termos de patogenicidade entre o lixo hospitalar e o lixo domiciliar, relata que nao existem registros de doenças provocadas pelo lixo domiciliar, com exceçao de alguns casos de comprometimentos respiratorios e/ou afeçoes cutaneas. Sendo assim, para deste autor, o lixo domiciliar, em termos de transmissao de doenças e considerado secundario. A composiçao deste tipo de lixo, torna-o menos susceptivel como possibilidade de ser fonte de qualquer tipo de contaminaçao, podendo ser entretanto responsavel pela proliferaçao de vetores que indiretamente podem atribuir a este tipo de lixo uma importancia na transmissao de diversas doenças, mormente as de origem virotica ou bacteriana.</s>
    <s>Para a autora citada, no caso especifico dos residuos hospitalares assepticos, estes possuem o mesmo desempenho do lixo domestico, porem &quot;os residuos septicos requerem condiçoes especiais quanto ao acondicionamento, estocagem, coleta, transporte e destinaçao final por apresentarem periculosidade real ou potencial a saude humana, notadamente se forem originarios de unidades cirurgicas, de isolamentos, de areas infectadas ou com pacientes portadores de molestias infecto-contagiosas&quot;. Outros autores nao concordam totalmente com estes conceitos.</s>
    <s>Para Ferreira (1997), ate recentemente, acreditava-se que os residuos domiciliares eram de pouco risco tanto para o homem quanto para o meio ambiente. Atualmente, com a introduçao de novas tecnologias e produtos, como tambem o aumento do consumo e pelo maior conhecimento dos impactos no meio ambiente, considerase que os residuos domiciliares sejam capazes de interferir de maneira significativamente no ecossistema, tornando-se assim, perigosos. Ja os residuos infecciosos ou de risco biologico, que sao gerados em unidades hospitalares atraves do uso em atividades terapeuticas, podem fazer parte do lixo domiciliar ou coletados e tratados como lixo hospitalar. Atualmente, no lixo domiciliar sao encontrados curativos, fraldas descartaveis, seringas e agulhas descartaveis, utilizados no tratamento domiciliar de doentes.</s>
    <s>A crescente preocupaçao com os residuos infectantes, tem favorecido o aparecimento de sistemas gerenciais diferenciados em todas as fases para este tipo de residuo, o que nao acontece com os residuos domiciliares. Em relaçao aos residuos hospitalares, outros autores relatam que a posiçao de grande parte dos tecnicos e oposta ao senso comum, ou seja, acreditam que os residuos hospitalares nao apresentem maiores riscos para quem os manipula do que os residuos domiciliares. Sendo assim, nao torna-se necessario a utilizaçao de sistemas gerencias diferenciados. Da mesma forma, para grandes instituiçoes dos EUA, como o Centro de Controle de Doenças (CDC), a Agencia de Proteçao Ambiental (EPA) e o Instituto Nacional de Saude (NIH), os residuos hospitalares nao apresentam um maior risco do que qualquer outro tipo de residuo produzido por populaçoes (Ferreira, 1997).</s>
    <s>I . 4 NORMAS, REGULAMENTOS E DEFINIÇÕES</s>
    <s>Neste momento, torna-se necessario, para estabelecer uma melhor compreensao do tema abordado neste estudo, definir alguns conceitos dos procedimentos tecnicos utilizados com o objetivo de eliminar ou inibir microorganismos presentes em tecidos humanos, produtos, artigos e superficies hospitalares.</s>
    <s>A limpeza e a atividade que tem como objetivo remover a sujidade, utilizando-se apenas agua e sabao. Ao contrario da limpeza, a desinfecçao objetiva eliminar todos os microorganismos, utilizando-se, para isso, agentes quimicos e fisicos.</s>
    <s>Existem dois tipos de limpeza: a concorrente, que consiste na limpeza e/ou desinfecçao e que e realizada diariamente e onde o paciente encontra-se internado; e a terminal, que e a limpeza ou desinfecçao que e realizada com o leito desocupado, devido a alta, transferencia ou obito do paciente que naquele leito se encontrava (Ministerio da Saude, 1993).</s>
    <s>A limpeza e o processo mecanico, que tem como objetivo remover materiais estranhos, como por exemplo, materia organica, de superficies e objetos, atraves do uso de agua e sabao ou detergentes (Ministerio da Saude, 1989).</s>
    <s>A desinfecçao e um processo fisico-quimico que destroi os microorganismos, com exceçao dos esporos bacterianos (Ministerio da Saude, 1989). A desinfecçao consiste em eliminar microorganismos de forma vegetativa que existem nas superficies inertes, atraves da aplicaçao de agentes fisicos ou quimicos. Esta tecnica pode ser realizada atraves da exposiçao do objeto a agua em temperatura entre 60 e 100 C ou a substancias quimicas denominadas desinfetantes, que devem ser utilizadas, por um periodo entre 15 e 30 minutos (Ministerio da Saude, 1993).</s>
    <s>Os desinfetantes hospitalares sao agentes quimicos que possuem a propriedade de eliminar virus, bacterias e fungos em um curto intervalo de tempo maximo de 30 minutos. Estes agentes, ao contrario dos esterelizantes quimicos, nao sao esporicidas, como tambem nao sao eficazes para a eliminaçao de alguns virus. Estes desinfetantes estao subdivididos em 3 niveis de desinfecçao: a desinfecçao de alto nivel, que destroi todos os microorganismos, exceto altos numeros de esporos bacterianos, neste grupo temos, como exemplo, o glutaraldeido e o formoldeido; a desinfecçao de nivel intermediario que inativa a mycrobacterium tuberculosis, as bacterias vegetativas, e a grande maioria dos fungos e dos virus, porem nao destroi os esporos bacterianos. Fazem parte deste grupo de desinfetantes os fenois sinteticos, o alcool 70 % e o hipoclorito de sodio; e a desinfecçao de baixo nivel, que destroi a maioria das bacterias, alguns fungos e virus, porem nao elimina microorganismos resistentes, como por exemplo, esporos bacterianos e o bacilo da tuberculose. Como exemplo, temos o quaternario de amonia.</s>
    <s>O termo desinfetante so deve ser utilizado para designar germicidas que tem uso em superficies inertes, destinguindo assim, dos outros grupos de germicidas. Os desinfetantes hospitalares sao produtos destinados a desinfecçao de objetos hospitalares, como tambem de superficies fixas e devem ser empregados em locais em que haja materia organica em decomposiçao (Ministerio da Saude, 1993).</s>
    <s>A esterelizaçao e um processo fisico-quimico que elimina todos os microorganismos, diferencia-se da desinfecçao, porque elimina inclusive os esporos bacterianos (Ministerio da Saude, 1989). A antissepsia e o procedimento mecanico, utilizado para a eliminaçao e destruiçao de microorganismos existentes em tecidos atraves da aplicaçao de agentes antimicrobianos (Ministerio da Saude, 1989).</s>
    <s>Segundo o manual do Ministerio da Saude (1993), deve-se promover a limpeza com agua e sabao nas superficies hospitalares fixas, sempre que apresentar sujidade. Em areas criticas, semi-criticas e nao criticas, as superficies hospitalares fixas com presença de qualquer materia organica, deverao inicialmente passar pelo processo de desinfeçao e a seguir, limpeza com agua e sabao, em toda a sua extensao, conforme esquema a seguir:</s>
    <s>Todas as salas do ambiente hospitalar devem conter recipientes adequados para o recebimento de residuos, forradas com sacos plasticos coletores de lixo. Ao efetuar o recolhimento dos residuos, o trabalhador responsavel pela coleta interna do lixo devera fechar os sacos plasticos e acondiciona-los em sacos de lixo duplos, que sao mais resistentes, do tipo hospitalar. Os fluidos drenados, excreçoes e secreçoes corporeas devem ser cuidadosamente descartados para a rede de esgotos (Ministerio da Saude, 1989).</s>
    <s>A respeito do correto uso dos equipamentos de proteçao individual (EPIs), necessarios para a realizaçao do processo de coleta interna do lixo hospitalar, o manual normas tecnicas para prevençao da transmissao da AIDS (Ministerio da Saude, 1989), relata que &quot;o pessoal da limpeza deve usar luvas plasticas, aventais e botas plasticas durante os procedimentos de limpeza e coleta do lixo hospitalar&quot;.</s>
    <s>Segundo a lei n 6.514, de 22 de Dezembro de 1977, tem-se que: &quot;Serao consideradas atividades ou operaçoes insalubres aquelas que, por sua natureza, condiçoes ou metodos de trabalho, exponham os empregados a agentes nocivos a saude, acima dos limites de tolerancia fixados em razao da natureza e da intensidade do agente e do tempo de exposiçao aos seus efeitos&quot;.</s>
    <s>Segundo a Norma Regulamentadora 6 (Portaria MTb n° 3.214, de 8/06/1978), considera-se Equipamento de Proteçao Individual EPI todo dispositivo de uso individual, de fabricaçao nacional ou estrangeira, destinado a proteger a saude e a integridade fisica do trabalhador. Esta Norma Regulamentadora determina ainda, que a empresa e obrigada a fornecer gratuitamente aos empregados o EPI adequado ao tipo de risco, e em perfeito estado de conservaçao. A Norma Regulamentadora 17, entre outras determinaçoes, estabelece a exigencia de que o trabalhador nao realize o transporte manual de cargas que possa comprometer a sua saude e segurança.</s>
    <s>O manual tecnico do Ministerio da Saude (1993), relata que as superficies fixas da area hospitalar, como pisos, paredes, mobiliarios e equipamentos, entre outros, nao apresentem risco consideravel de transmissao de infecçoes. Para tal afirmaçao, levou-se em conta que as infecçoes sao produzidas por fatores inerentes ao proprio paciente, como por exemplo, idade, condiçoes clinicas e nutricionais e patologia de base.</s>
    <s>Deve-se providenciar a desinfecçao das superficies fixas somente quando houver respingo ou deposiçao de materia organica, mesmo assim, neste processo, deve-se realizar a desinfecçao localizada. Em locais ou mobiliarios que possam apresentar risco de contaminaçao para pacientes e trabalhadores, devido a descarga de excreta, secreçoes ou exsudaçao de material organico, devem ser realizadas descontaminaçao antes ou simultaneamente a limpeza.</s>
    <s>As areas que permanecem molhadas ou umidas estao mais propicias a abrigar germes gram-negativos e fungos, e em areas empoeiradas germes gram positivos e microbacterias, entre outros. Sendo assim, torna-se necessario que superficies e artigos sejam muito bem secos, como tambem a observaçao da pratica de nao realizaçao de varredura seca em areas hospitalares.</s>
    <s>Utensilios como vassouras, esfregoes, panos de limpeza e chao, entre outros, devem ser lavados em salas especiais como os expurgos ou na lavanderia das unidades hospitalares, diariamente ou sempre apos a utilizaçao em areas contaminadas.</s>
    <s>Para o Manual basico de higiene hospitalar (COMLURB, 1994), apesar de ser relativamente facil comprovar a presença de microorganismos patogenicos no ambiente hospitalar, torna-se dificil estabelecer a responsabilidade deles nas infecçoes hospitalares.</s>
    <s>Superficies fixas como pisos, paredes, tetos, mobiliarios e equipamentos, entre outros, nao apresentam risco importante quanto a transmissao de infecçoes hospitalares, tornando assim, a desinfecçao ambiental de rotina desnecessaria. Apesar disso, areas que permanecem umidas ou molhadas, como tambem areas empoeiradas abrigam germes, como tambem facilitam a sua reproduçao. Torna-se necessario entao secar muito bem artigos e superficies, e nao realizar a varredura seca em areas hospitalares.</s>
    <s>O manual do Ministerio da Saude (1989), em relaçao ao gerenciamento dos residuos de serviços de saude, relata que a manipulaçao destes, deve ser dividida em quatro partes, assim distribuidas:</s>
    <s>1 Quanto a triagem e acondicionamento:</s>
    <s>A separaçao dos residuos deve ser realizada no local onde o mesmo foi produzido, sob a responsabilidade de um tecnico do setor, observando-se para isto a identificaçao deste residuo quanto a natureza e a unidade de origem, como tambem o tratamento previo, quando necessario. O acondicionamento deve adequar-se aos diferentes tipos de residuos e recomenda-se a utilizaçao de embalagens plasticas especificadas pela Norma Basica Regulamentadora (NBR) 9190 da Associaçao Brasileira de Normas Tecnicas (ABNT), que sao da cor branca leitosa (tipo II), quanto aos residuos considerados comuns, deve-se usar os sacos plasticos para uso em lixo domiciliar (tipo I);</s>
    <s>2 - Quanto a coleta e transporte:</s>
    <s>Os residuos dos serviços de saude devem ser coletados da fonte que os produziu em intervalos regulares, em horarios, preferencialmente, de menor movimento. Esta coleta, basicamente, constitui-se na retirada do lixo, previamente fechado, de cada setor, e transportado ate o local de armazenamento final dentro da unidade. Os carrinhos utilizados para este transporte deverao conter paredes lisas, com identificaçao visivel e tampa de facil manejo, alem de dreno tipo valvula de pia, para facilitar a limpeza diaria;</s>
    <s>3 Quanto a apresentaçao a coleta publica:</s>
    <s>O local designado para o armazenamento interno final dos residuos, deve ser planejado com a finalidade de facilitar o acesso dos carros de transporte interno e dos veiculos de coleta publica, devendo inclusive ser dimensionado de acordo com a quantidade e o volume dos residuos que sao produzidos na unidade de saude;</s>
    <s>4 Quanto ao pessoal que executa o processo de trabalho de limpeza, coleta e transporte dos residuos:</s>
    <s>Devem receber treinamento adequado, atençao medica e equipamentos de proteçao individual.</s>
    <s>A NBR 12807 (ABNT, 1993), sobre Residuos de serviços de saude, define os termos empregados em relaçao aos residuos de serviços de saude. Entre outras, define no item 3.2, abrigo de residuo como sendo o local que tem como funçao o armazenamento temporario dos residuos de unidades de saude, aguardando a coleta externa. No item 3.3 desta mesma norma, e definido o acondicionamento como sendo o &quot;ato de embalar os residuos de serviços de saude, em recipiente, para protege-los de risco e facilitar o seu transporte, de acordo com os procedimentos adotados pela NBR 12809&quot;.</s>
    <s>A NBR 12808 (ABNT,1993), referente a residuos de serviço de saude, tem como objetivo a classificaçao dos residuos de serviços de saude quanto aos riscos potenciais a saude publica e ao meio ambiente, com a finalidade de proporcionar um gerenciamento adequado destes residuos. Esta NBR define os residuos em classes e sub-classes, sendo: Classe A residuos infectantes e Classe B residuo especial, de acordo com a sua origem. Como exemplo de sub-classe, tem-se no item 4.1.4 tipo A.4 - Perfurante ou cortante, as agulhas, ampolas, pipetas, laminas de bisturi e vidros.</s>
    <s>A NBR 12809 (ABNT, 1993), relativa ao manuseio de residuos de saude, objetiva fixar procedimentos exigidos para garantir as condiçoes de higiene e segurança no processamento interno de residuos infectantes, tanto nos considerados especiais, quanto nos comuns, existentes nas unidades de saude. Esta NBR regulamenta todos os procedimentos com os residuos de serviços de saude, desde a geraçao e segregaçao, passando pelo manuseio e acondicionamento, coleta interna I, armazenamento interno, coleta interna II, ate o acondicionamento externe</s>
    <s>A NBR 12810 (ABNT, 1993), referente a coleta de residuos de serviços de saude, tem como finalidade determinar os procedimentos obrigatorios para a realizaçao da coleta interna e externa dos residuos de unidades de saude, satisfazendo as condiçoes de higiene e segurança. Nas condiçoes gerais (item 4), esta NBR, determina como deve ser a coleta dos residuos, o treinamento e os exames admissional e periodico dos trabalhadores da coleta de residuos. No item Condiçoes especificas (item 5), sao especificados os equipamentos de coleta interna, que sao compostos dos Equipamentos de proteçao individual (EPI) e o carro da coleta interna. Alem disso esta norma apresenta tambem os equipamentos da coleta externa.</s>
    <s>A NBR 10004 (ABNT, 1987), relativa aos residuos solidos, objetiva classificar os residuos solidos de acordo com os seus riscos potenciais a saude publica e ao meio ambiente, com a finalidade de que estes residuos tenham manuseio e destinaçao adequados. Esta norma define e classifica os residuos e a periculosidade dos mesmos.</s>
    <s>Nesta tese:</s>
    <s>Na cole:</s>
  </text>
</page>
