<?xml version="1.0" encoding="UTF-8"?>
<!DOCTYPE page SYSTEM "page.dtd">
<page>
  <lang>pt</lang>
  <url>http://adepolrj.com.br/adepol/noticia_dinamica.asp%3Fid%3D8443</url>
  <title>Desde sua formação, em 1893, a Associação Internacional - Notícias</title>
  <snippet>
    <s>29 out. 2010 Para isso, a associação realiza uma conferência anual que reúne delegados de todo o mundo. Nela, os participantes têm a oportunidade de participar de em eventos sociais como a Noite IACP e o Banquete Anual, </s>
  </snippet>
  <text>
    <s>'); newWindow.document.write('</s>
    <s>'); newWindow.document.write('!Click screen to close'); newWindow.document.write('</s>
    <s>'); newWindow.document.close(); newWindow.focus(); } } function MM openBrWindow(theURL,winName,features) { //v2.0 window.open(theURL,winName,features); } //--&gt; function verificaNumeroInteiro() { if ((window.event.keyCode &lt; '0'.charCodeAt(0)) || (window.event.keyCode &gt; '9'.charCodeAt(0))) { window.event.returnValue = false; } } function FormataData up(pForm,pCampo,pTamMax,pPosBarra1,pPosBarra2,pTeclaPres){ var wTecla, wVr, wTam; wTecla = pTeclaPres.keyCode; wVr = pFormpCampo.value; wVr = wVr.toString().replace( &quot;/&quot;, &quot;&quot; ); wVr = wVr.toString().replace( &quot;/&quot;, &quot;&quot; ); wTam = wVr.length ; if (!(wTecla == 37 || wTecla == 39)) { if (wTam &gt; pPosBarra2 &amp;&amp; wTam &lt;= pTamMax) { if (wTam &gt; pPosBarra1) { wVr = wVr.substr(0, wTam - pPosBarra1) + '/' + wVr.substr(wTam - pPosBarra1, wTam); wTam++; } pFormpCampo.value = wVr.substr(0, wTam - pPosBarra2) + '/' + wVr.substr(wTam - pPosBarra2, wTam); } } } function FormataData press(pForm,pCampo,pTamMax) { var str; verificaNumeroInteiro() str = pFormpCampo.value; str = str.toString().replace( &quot;/&quot;, &quot;&quot; ); str = str.toString().replace( &quot;/&quot;, &quot;&quot; ); if (str.length &gt; pTamMax) { window.event.returnValue = false; } } --&gt;</s>
    <s>RIO SEDIARCONFERCIA DA ASSOCIAO INTERNACIONAL DOS CHEFES </s>
    <s>Fonte : SESEG</s>
    <s>Desde sua forma, em 1893, a Associa Internacional dos Chefes de Pola (IACP) tem reunido anualmente seus membros para compartilhar experiias, dificuldades e aprender sobre prcas promissoras, alde discutir a tecnologia aplicada no combate ao crime. Para isso, a associa realiza uma conferia anual que reelegados de todo o mundo. O evento onsiderado o maior encontro mundial de oficiais de seguranpa.</s>
    <s>A Conferia Sul Americana de SeguranPa da IACP acontecerm agosto de 2011 na capital fluminense. O evento tratare assuntos relativos a geste tecnologia em seguranpa e proporcionar intercio de experiias internacionais no setor. A expectativa e reunir representantes de 40 pas e 6 mil participantes, sendo 1200 do exterior.</s>
    <s>Durante a conferia ealizada a maior exposi de empresas especializadas em produtos e treinamentos voltados para policiais e agias de seguranem geral. Conhecida como Interseg, a feira acontece paralela ACP h0 anos. No Rio de Janeiro acontecer 11 edi do evento.</s>
    <s>Essa maior feira do setor de tecnologia em seguranda Amca Latina. Nela, os participantes ta oportunidade de participar de seminos educacionais e assembls gerais, tudo com tradu em franc espanhol e portugu A previse que no Rio compare 6 mil pessoas, sendo 1200 participantes do exterior. A feira vai reunir representantes e expositores de 40 pas diferentes.</s>
    <s>Na apresenta feita pelo secreto Beltrame na conferia deste ano, a explica sobre o desenvolvimento e a implanta do projeto das Unidades de Pola Pacificadoras despertou a aten do International Stering Comittee da IACP. Durante a palestra do Secreto de Seguran vos participantes fizeram questde tirar ds e disseram ter lido sobre as UPPs em uma mata publicada pelo jornal americano Washington Post e queriam mais detalhes.</s>
    <s>A IACP maior associa mundial da a de seguranpa, uma entidade sem fins lucrativos que possui mais de 20 mil associados em 103 pas e sua lideranormada por executivos de pola em atividade em agias internacionais, federais, estaduais e locais.</s>
    <s>Mais de 150 sessde educa soferecidas aos participantes. Policiais podem aprender sobre temas como aplica da lei atual sobre temas contemporos e tendias, ao mesmo tempo em que ta possibilidade de compartilhar as lis aprendidas. Assuntos abordados em conferias passadas tambvoltam ao debate, como as estratas para conduzir mudan na cultura policial, como sobreviver a um voto de confian aprendizagem on-line e suporte operacional, a aplica do dinheiro po e a colabora de seguranprivada, a criminalidade violenta, treinamentos e estudos de caso.</s>
    <s>Salde exposis</s>
    <s>A IACP res mais novos produtos e as mais recentes tecnologias na maior exposi concebida especificamente para a aplica da lei. Mais de 800 empresas participam do evento mostrando seus produtos e demonstrando seus servi voltados para a aplica da lei nos seguintes departamentos: comunica / TI, velos e acesss, armas e tcas, equipamentos de prote, geste forma forense, investiga, equipamentos (inclui uniformes, distintivos, calos etc).</s>
    <s>Uma das principais razdos delegados de pola de participar da IACP oportunidade que eles tde interagir com seus companheiros. As sesseducacionais e as salas de exposis permitem que os participantes tenham oportunidades de partilhar informas em eventos sociais como a Noite IACP e o Banquete Anual, que sos principais facilitadores de conversas francas. Segundo a organiza do evento, a oportunidade de contato entre os parceiros de profisslgo que pode beneficiar a todo o mundo.</s>
    <s>Por: Analder Lopes</s>
    <s>Imprimir Noticia</s>
    <s>Prazo para agravar em as penais e cinco dias </s>
    <s>Pola Civil em SPaulo incluiredidas cautelares nas fichas </s>
    <s>CNJ no Ar detalha o destino das armas de fogo que estsob guarda </s>
    <s>A presta de serviustiEleitoral pelos Delegados de Pola</s>
    <s>inquestionl que os Delegados de Pola sintegrantes </s>
    <s>Obituo </s>
    <s>Integrante do MP pode ser substitu no julgamento </s>
    <s>Buscar Noticia</s>
  </text>
</page>
