<?xml version="1.0" encoding="UTF-8"?>
<!DOCTYPE page SYSTEM "page.dtd">
<page>
  <lang>pt</lang>
  <url>http://foruns.bc.unicamp.br/saude/saude9.php</url>
  <title>Bioética na Atualidade - UNICAMP</title>
  <snippet>
    <s>Jacques Jorge Júnior - FOP - Apresentação (7 Mb). 11:50h - Intervalo para o almoço. 14:00h - Conferência &quot;Ética, Autonomia e Reflexão&quot; Apresentador: Prof. </s>
  </snippet>
  <text>
    <s>1. Informaçoes gerais</s>
    <s>2. Sobre o Evento</s>
    <s>3. Programa e Materiais</s>
    <s>INFORMAÇÕES GERAIS</s>
    <s>Auditorio da Biblioteca Central da Unicamp</s>
    <s>21 de outubro de 2004</s>
    <s>das 09:00h as 17:00 h</s>
    <s>Informaçoes adicionais:</s>
    <s>SOBRE O EVENTO</s>
    <s>A Universidade tem um papel fundamental no desenvolvimento da sociedade e sua atuaçao nos setores de ensino, pesquisa e prestaçao de serviços demanda uma profunda reflexao sobre o conteudo etico destas atividades. A Bioetica insere-se neste contexto, uma vez que muitas destas atividades envolvem as areas relacionadas com as Ciencias Biologicas. Este Forum discutira a aplicaçao de conceitos eticos e bioeticos num debate atual das praticas da Universidade, buscando contribuir para seu aperfeiçoamento, maior inserçao social e humanizaçao.</s>
    <s>9:00h - Abertura</s>
    <s>Prof. Jose Tadeu Jorge - Coordenador Geral da Universidade</s>
    <s>Prof. Luiz Augusto Barbosa Cortez - Coordenador da CORI</s>
    <s>Profa. Ana Maria Aparecida Guaraldo - CEMIB</s>
    <s>Prof. Mohamed E . D . M . Habib - Diretor do IB</s>
    <s>Prof. Renato Passini Junior - Diretor Associado do CAISM</s>
    <s>Prof. Thales R. Mattos Filho - Diretor da FOP</s>
    <s>9:30h - Conferencia</s>
    <s>&quot;Principios Bioeticos na Atualidade&quot;</s>
    <s>Apresentador: Prof. Mohamed E.D.M. Habib - IB</s>
    <s>Conferencista: Prof. Roberto Romano - IFCH</s>
    <s>10:10h - Intervalo para o cafe</s>
    <s>10:30h - Painel de Debates</s>
    <s>&quot;Bioetica na Pesquisa&quot;</s>
    <s>Moderador: Prof. Thales R. Mattos Filho - FOP</s>
    <s>Debatedores: Prof. Antonio Bento - FOP - Apresentaçao (160 Kb)</s>
    <s>Prof. Jacques Jorge Junior - FOP - Apresentaçao (7 Mb)</s>
    <s>11:50h - Intervalo para o almoço</s>
    <s>14:00h - Conferencia</s>
    <s>&quot;Ética, Autonomia e Reflexao&quot;</s>
    <s>Apresentador: Prof. Renato Passini Junior - CAISM</s>
    <s>Conferencista: Prof. Marco Segre - Instituto Oscar Freire</s>
    <s>14:40h - Intervalo para o cafe</s>
    <s>15:00h - Painel de Debates</s>
    <s>&quot;Bioetica na Formaçao Profissional&quot;</s>
    <s>Moderador: Profª Ana Maria Aparecida Guaraldo - CEMIB</s>
    <s>Debatedores: Prof. Roberto Teixeira - Pediatria/Unicamp - Apresentaçao (110 Kb)</s>
    <s>Prof.Mohamed E.D.M. Habib - IB - Apresentaçao (3.2 Mb)</s>
    <s>16:20h - Encerramento</s>
  </text>
</page>
