<?xml version="1.0" encoding="UTF-8"?>
<!DOCTYPE page SYSTEM "page.dtd">
<page>
  <lang>pt</lang>
  <url>http://kennedy.jimdo.com/asterisk__trixbox.php</url>
  <title>Asterisk / Trixbox - kennedy</title>
  <snippet>
    <s>O melhor tutorial que circula na internet hoje sobre o assunto. já me serviu de guia para Uma apresentação sobre todas as funcionalidades do Asterisk. . de funcionalidades avançadas de telefonia: Estabelecimento de conferência, </s>
  </snippet>
  <text>
    <s>Asterisk / Trixbox</s>
    <s>   O Asterisk surge como algo de inovador no setor de telecomunicações. Em especial na área de telefonia. Aqui você pode encontrar algumas ferramentas e informações para mergulhar neste novo universo. Tão grande que hoje ameaça até meu emprego :) Abaixo você encontrará textos, arquívos, apostilas e uma grande quantidade de informações sobre o assunto. Não deixe de contactar o autor para troca de informações sobre Asterisk / Trixbox.</s>
    <s>Como um PABX IP se integra na Rede. PSTN, em português, é Rede de Telefonia Pública Comutada.</s>
    <s>O Que é um PABX IP?</s>
    <s>Um PABX IP é um sistema completo de telefonia que fornerce chamadas telefônicas em cima da redes de dados IP. Todas as conversações são enviadas como pacotes de dados sobre a rede.</s>
    <s>A tecnologia inclui funcionalidades avançadas de comunicação, e, também, fornece o remédio certo para a dor de cabeça da escalabilidade e robustez que todas as corporações perseguem. O PABX IP é capaz de se conectar as linhas tradicionais da Rede Pública tradicional via gateways opcionais — de forma que as atualizações constantes no sistema de comunicação da empresa para essa rede avançada de voz e de dados sejam executadas quase que instantaneamente</s>
    <s>As corporações não precisam fazer uma ruptura nas suas operações e na infra-estrutura corrente de comunicação externa. Com o PABX IP implementado, uma corporação pode até mesmo manter seus números telefônicos regulares. Dessa forma, o PABX IP comuta ligações locais sobre a rede de dados interna da corporação e permite que todos os usuários compartilhem as mesmas linhas telefônicas externas.</s>
    <s>Curso completo</s>
    <s>O melhor tutorial que circula na internet hoje sobre o assunto. já me serviu de guia para diversas atividades no Asterisk.</s>
    <s>Geral Asterisk.zip</s>
    <s>Arquivo comprimido em formato ZIP 4.4 MB</s>
    <s>Diversos arquivos de apresentações do Curso de Asterisk promovido pela Unifor, preparados pelo Prof. Geneflides. Grande figura do assunto.</s>
    <s>Telefonia IP CISCO Asterisk.rar</s>
    <s>Arquivo comprimido 4.5 MB</s>
    <s>Palestra Asterisk</s>
    <s>Uma apresentação sobre todas as funcionalidades do Asterisk. Detalhamento técnico.</s>
    <s>Palestra Asterisk II.zip</s>
    <s>Arquivo comprimido em formato ZIP 1.3 MB</s>
    <s>Softphone IAX</s>
    <s>Arquivo comprimido 2.0 MB</s>
    <s>Pacote com sons em português-br</s>
    <s>Arquivo completo da distribuição Disc-Os e pronta para subistituição, nos devidos diretórios, do Asterisk. O pacote está zipado, mas o formato original é RPM (depois de descompactado pelo zip).</s>
    <s>Disc-OS-Sounds-1.0-pt BR.zip</s>
    <s>Arquivo comprimido em formato ZIP 4.3 MB</s>
    <s>Audio Português 2</s>
    <s>Pacote com os prompts do Asterisk em português-br.</s>
    <s>Arquivo comprimido em formato ZIP 375.0 KB</s>
    <s>Audio Português 3</s>
    <s>Pacote com os prompts do Asterisk em português-br.</s>
    <s>Arquivo comprimido em formato ZIP 368.7 KB</s>
    <s>WavePad V2.00</s>
    <s>Excelente programa para editar os arquivos acima.</s>
    <s>Arquivo comprimido 406.6 KB</s>
    <s>Clicando aqui você será levado ao melhor tutorial online em vídeo disponível na internet no momento. É seguir as instruções e configurar facilmente seu trixbox. Boa sorte.</s>
    <s>Asterisk On-Line Noticias</s>
    <s>Curso de Asterisk no Rio de Janeiro - 28 a 30 de setembro - últimas vagas (23/09/2011)</s>
    <s>&gt;&gt; ler mais</s>
    <s>Curso de Elastix em Curitiba (20/09), São Paulo (05/10) e Recife (19/10) (14/09/2011)</s>
    <s>&gt;&gt; ler mais</s>
    <s>Curso de Elastix em Curitiba (20/09), Recife (19/10) e São Paulo (14/9) - última (Seg, 09 Mai 2011)</s>
    <s>&gt;&gt; ler mais</s>
    <s>Curso de Asterisk em Brasília 24/8 - últimas vagas (17/08/2011)</s>
    <s>&gt;&gt; ler mais</s>
    <s>Curso Telefonia IP com Asterisk - Brasília - 27/7, Curitiba - 9/8 e Rio - 17/8 (Sex, 07 Jan 2011)</s>
    <s>&gt;&gt; ler mais</s>
    <s>Pinagem E1 - Cabo Crossover</s>
    <s>Cabo CAT5 com conector RJ45:</s>
    <s>PIN 1 ---&gt; PIN 4</s>
    <s>PIN 2 ---&gt; PIN 5</s>
    <s>PIN 3 ---&gt; PIN 3 (não usado)</s>
    <s>PIN 4 ---&gt; PIN 1</s>
    <s>PIN 5 ---&gt; PIN 2</s>
    <s>PIN 6 ---&gt; PIN 6 (não usado)</s>
    <s>PIN 7 ---&gt; PIN 7 (não usado)</s>
    <s>PIN 8 ---&gt; PIN 8 (não usado)</s>
    <s>Os 10 Melhores Benefícios</s>
    <s>1. Muito fácil de instalar &amp; Configurar do que um sistema de telefonia proprietário:</s>
    <s>Um PABX IP roda como software sobre um computador e pode fazer uso de todo o poder de processamento avançado do computador e de interface de usuário bem como características de janelas. Qualquer pessoa proficiente em redes e computadores pode instalar e manter um PABX IP. Em contrante, um sistema de telefonia proprietário frequentemente requer um instalador treinado naquele sistema proprietário particular</s>
    <s>2. Muito fácil de gerenciar decorrente da interface de configuração baseado web/GUI:</s>
    <s>Um PABX IP pode ser gerenciado via uma interface de configuração baseado em web ou uma interface gráfica de usuário (GUI), permitindo você facilmente fazer manutenção e ajustes fino no seu sistema de telefonia. Sistemas Proprietários de telefonia possuem interfaces de difícil uso que frequentemente são projetadas para serem usadas somente por técnicos de telefonia.</s>
    <s>3. Economia Significativa de Recursos usando Operadoras VoIP:</s>
    <s>Com um PABX IP você pode facilmente usar um fornecedor de serviço VoIP para chamadas de longa distância e internacional. A economia mensal é significativa. Se você tem escritórios filiais, você pode facilmente conectar sistemas telefônicos entre filiais e fazer ligações telefônicas gratuitas.</s>
    <s>4. Eliminação do Emaranhado de Fios da Rede telefonia</s>
    <s>Um PABX IP permite você conectar aparelhos telefônicos IP diretamente a uma porta padrão da rede de computadores (que pode ser compartilhada com o computador adjacente). Softfones podem ser instalados diretamente no PC. Você pode agora eliminar o emaranhado de fios dos telefone e fazer acréscimo ou movimentação dos ramais muito facilmente. Em novos escritórios você pode eliminar completamente as portas extras a serem usadas por telefones</s>
    <s>5. Não Ficar Preso a Fornecedor</s>
    <s>Os PABXs IP são baseados no padrão aberto do SIP. Você pode agora fazer um mixto e combinar quaisquer aparelhos telefônicos IP´s SIP ou softfone com qualquer PABX IP baseado no SIP, gateways PSTN ou com operadora VoIP. Em contraste, um sistema de telefonia proprietário frequentemente requer telefones proprietários para usar funcionalidades avançadas, e módulos expansão proprietários para acrescentar funcionalidades.</s>
    <s>6. Escalabilidade</s>
    <s>Os Sistemas Proprietários ficam facilmente incipientes para atender ao crescimento da demanda e necessidades dos clientes: quando da adição linhas telefônicas ou de ramais frequentemente exigem módulos caros de hardware. Em alguns casos você necessita de um novo sistema de telefonia inteiramente novo. Isso não acontece com um PABX IP: um computador padrão pode facilmente manipular um grande número de linhas telefônicas e ramais — apenas acrescentando-se mais telefones em sincronia justamente com a expansão de sua rede</s>
    <s>7. Melhoria do Serviço Oferecido ao Consumidor e Melhoria da Produtividade:</s>
    <s>Com um PABX IP você pode oferece melhor serviço ao cliente e melhorar a produtividade: Uma vez que os sistemas telefônicos agora são baseados em computador você pode integrar funções de telefone com as aplicações do negócio da empresa. Por exemplo: Criar o registro do cliente chamador automaticamente quando você recebe ligação dele/dela, melhorando drasticamente o serviço ao cliente e cortando custo devido a redução do tempo gasto por cada chamador. As chamadas Saintes podem ser feitas diretamente do Outlook, retirando a necessidade do usuário digitar o número do telefone.</s>
    <s>8. Duplica as Funcionalidades do Sistema Telefônica pela Metade do Preço</s>
    <s>Já que um PABX IP é baseado em software, é muito fácil para os desenvolvedores acrescentar e melhorar o conjunto de funcionalidades. Muitos sistemas de telefonia VoIP já vem com um conjunto rico de funcionalidades, incluindo auto atendimento, voicemail, grupo ring, geração de relatórios avançados e mais além. Estas opções são freqüentemente muito caras em sistemas proprietários.</s>
    <s>9. Permite a Movimentação Constantes de Mesas e o Roaming (Movimentação do Usuário)</s>
    <s>Mudanças constantes de layout das mesas — o processo de ser capaz de se movimentar facilmente o escritório/mesa em função da tarefa em tela, tem se tornado muito popular. Infelizmente PABXs tradicionais requirem que os ramais sejam re-jampeados no DG para o novo lugar. Com um PABX IP o usuário simplesmente leva seu telefone para a sua nova mesa — sem necessidade de fazer jampeamento</s>
    <s>Os usuários podem fazer roaming também — se um empregado precisar trabalhar de casa, ele pode simplesmente roda seu softfone SIP e ser capaz de atender chamadas no seu ramal, exatamente como eles fariam no escritório. As chamadas podem serem roteadas para qualquer lugar do mundo por causa das características do protocolo SIP</s>
    <s>10. Melhor usabilidade do Telefone: telefones SIP são muito fáceis de usar.</s>
    <s>Os empregados frequentemente fazem uso constante de funcionalidades avançadas de telefonia: Estabelecimento de conferência, transferência de chamada — sobre um PABX velho tudo requer instruções.</s>
    <s>Já isso não acontece com um PABX IP — todas funcionalidade são facilmente executadas a partir de uma interface amigável de usuário baseado em janela. Além disso, os usuários conseguem uma melhor visão do status de outros ramais e de linhas entrantes e filas de chamadas via a janela da aplicação cliente do PABX IP. Os sistemas proprietários frequentemente requerem &quot;sistemas&quot; de telefonia caros para que você possa ter uma idéia do que está acontecendo com o seu sistema de telefonia. Assim mesmo, a informação de status é algo muito confuso na melhor das hipóteses.</s>
    <s>Investimento em um PABX IP baseado em software faz bastante sentido, não somente para novas companhias quando da compra de um sistema de telefonia, mas tambem para companhias que já tem um PABX. Um PABX IP proporciona economia muito significativa em gerenciamento, manutenção e no pregressivo aumento dos custos de ligação, essa atualização para um PABX IP, deve ser a escolha óbvia para qualquer companhia.</s>
    <s>Sobre o autor</s>
    <s>Asterisk / Trixbox</s>
    <s>Placas Asterisk</s>
    <s>Lista de Sons</s>
    <s>Telefonia / PABX</s>
    <s>Galeria de fotos</s>
    <s>Downloads Diversos</s>
    <s>Nokia N95</s>
    <s>Ysflight (Simulador)</s>
    <s>Warbirds (Simulador)</s>
    <s>Caiaque / Pesca</s>
    <s>Arquivo Morto</s>
    <s>Música / Teclado</s>
    <s>Jimdo Friends</s>
    <s>Pages to the People</s>
    <s>Deixe seu recado abaixo no CboxObrigado.</s>
    <s>Aviso legal | Proteção de dados | | Mapa do site | !Recomendar este site</s>
    <s>© Kennedy Demetrius Marreiro</s>
    <s>Login Logout Jimdo | Editar</s>
  </text>
</page>
