<?xml version="1.0" encoding="UTF-8"?>
<!DOCTYPE page SYSTEM "page.dtd">
<page>
  <lang>pt</lang>
  <url>http://jornalcidade.uol.com.br/rioclaro/ultima-pagina/politica/54673-Rio-Claro-realiza-a-3-Conferencia-das-Cidades-</url>
  <title>JC Rio Claro: Rio Claro realiza a 3ª Conferência das Cidades</title>
  <snippet>
    <s>11 jan. 2010 Jornal Cidade de Rio Claro: Rio Claro realiza a 3ª Conferência das Cidades , notícias de Rio Coordenação: Eng. Maxwell Colombini Martins </s>
  </snippet>
  <text>
    <s>Assine Ja</s>
    <s>Especial Carlos Curcio - O Jornal Cidade presta uma homenagem ao nosso colunista</s>
    <s>Dia a Dia | Educaçao | Segurança | Empregos | Municipios | Politica</s>
    <s>Esporte | Rio Claro FC | Velo Clube | Futebol Amador | Basquete | Tenis | Volei | Luta</s>
    <s>Intervalo | Agenda | Cinema | Clubes | Teatro | Datas | Religiao | Musica | Beneficente | Artes</s>
    <s>Videos | Podcast | Imagens | JC Feito por Voce</s>
    <s>11/01/2010 - 17h26</s>
    <s>Comunicar Erro !E-Mail</s>
    <s>Espalhe aos amigos !E-Mail</s>
    <s>Visualiza: 261</s>
    <s>Rio Claro realiza a 3 Conferia das Cidades</s>
    <s>A Prefeitura de Rio Claro, por intermedio das secretarias de Governo, de Planejamento, Desenvolvimento e Meio Ambiente (Sepladema) e Mobilidade Urbana ira promover nos dias 14, 15 e 16 de janeiro, a 3ª Conferencia da Cidade de Rio Claro. O evento acontece nas dependencias da Escola Municipal Marcelo Schmidt, situada na avenida 01, 356 - regiao central.</s>
    <s>O objetivo do encontro e debater com a sociedade civil questoes que envolvem a construçao de uma cidade para todos e todas com gestao democratica, participativa e com controle social. Dentro da programaçao foram definidos quatro eixos tematicos que irao nortear os debates.</s>
    <s>A vice-prefeita e secretaria de governo, Olga Lopes Salomao, coordena o grupo que esta organizando o evento em Rio Claro. Segundo ela, a conferencia da cidade tem a tarefa de debater com a comunidade, lideranças de bairro e conselhos municipais, questoes como habitaçao, coleta de esgoto e de lixo, escolas, comercio, praças e acesso ao transporte publico, lazer, e saude, e infra-estrutura para garantir a continuidade e o aprimoramento do processo de participaçao e, mais ainda, a efetiva contribuiçao da sociedade na formulaçao de politicas publicas.</s>
    <s>É durante a etapa municipal que se produzira o documento a ser encaminhado a Conferencia Estadual, cabendo a sociedade civil a indicaçao dos delegados que representarao o municipio. A realizaçao das etapas municipal e estadual e fator indispensavel para a participaçao dos delegados na Conferencia Nacional, que tera lugar em maio de 2010, em Brasilia, com a incumbencia de estabelecer a Politica Nacional de Desenvolvimento Urbano para os proximos dois anos.</s>
    <s>14 - Quinta-feira - 19:30</s>
    <s>Abertura Oficial da Conferencia e Exposiçao sobre a tematica e eixos de discussao pelo Prof. Dr. Ari Vicente Fernandes</s>
    <s>Docente do CEATEC - Centro de Engenharia, Arquitetura e Tecnologia da PUCCamp, Suplente do Senador Eduardo Suplicy PT-SP, Consultor em Urbanismo e Secretario de Habitaçao da Prefeitura de Campinas em 2001.</s>
    <s>15 - Sexta-feira - 19:30</s>
    <s>Discussao dos Eixos Tematicos:</s>
    <s>1 - Criaçao e Implementaçao de conselhos das cidades, Planos, Fundos e seus conselhos gestores nos nivel municipal, estadual e federal.</s>
    <s>Coordenaçao: Eng. Maxwell Colombini Martins</s>
    <s>Presidente da Delegacia do Sindicato dos Engenheiros do Estado de Sao Paulo.</s>
    <s>Expositora: Arq. Ana Carolina Nunes</s>
    <s>Arquiteta Urbanista</s>
    <s>2 - Aplicaçao do Estatuto da Cidade e Planos Diretores e a efetivaçao da funçao social da propriedade do solo urbano.</s>
    <s>Coordenaçao: Olga Salomao</s>
    <s>Vice-Prefeita e Secretaria de Governo</s>
    <s>Expositor: Arq. Daniel Momesso</s>
    <s>Presidente do Conselho de Desenvolvimento Urbano</s>
    <s>Arq. Lucas Cestaro</s>
    <s>Diretor da Secretaria de Planejamento e Meio Ambiente</s>
    <s>16 - Sabado - 8 horas</s>
    <s>Discussao dos Eixos Tematicos:</s>
    <s>3 - A integraçao da politica urbana no territorio: politica fundiaria, mobilidade e acessibilidade urbana, habitaçao e saneamento.</s>
    <s>Coordenaçao: Milton Jose Machado Luz</s>
    <s>Secretario de Planejamento e Meio Ambiente</s>
    <s>Expositora: Arq. Camila Moreno</s>
    <s>Diretora do Depto. de Transito da Secretaria de Mobilidade Urbana e Sistema Viario</s>
    <s>Arq. Tatiane Rocha</s>
    <s>Diretora do Depto. de Gestao Territorial e Desenvolvimento Urbano da Secretaria de Planejamento e Meio Ambiente</s>
    <s>4 - Relaçao entre os programas governamentais como PAC e Minha Casa, Minha Vida e a politica de desenvolvimento urbano.</s>
    <s>Coordenaçao: Profa. Monica Frandi Ferreira</s>
    <s>Mestre em Arquitetura e Urbanismo, docente e coordenadora do Curso de Arquitetura e Urbanismo da ASSER Rio Claro</s>
    <s>Expositor: Agnelo da Silva Matos Neto</s>
    <s>Secretario de Habitaçao e vereador no periodo de 2005/2009.</s>
    <s>Arq. Marcos Pisconti Machado</s>
    <s>Diretor do Depto. de Projetos e Recursos da Secretaria de Governo.</s>
    <s>16 - Sabado - 14 horas - Plenaria Final</s>
    <s>*Acontecera no Salao Nobre da Camara Municipal - 3º Piso do Paço Municipal</s>
    <s>Discussao e Votaçao das Propostas para serem levadas as etapas sucessivas: Conferencia Estadual e 4ª Conferencia Nacional das Cidades</s>
    <s>+ compartilhe</s>
    <s>+ gostou? comente esta noticia</s>
    <s>Sem comentarios, seja o primeiro</s>
    <s>Seu Nome:</s>
    <s>Seu Email:</s>
    <s>+ materias relacionadas</s>
    <s>10/01/10 - Domingo</s>
    <s>PROPOSTA DE AUTORIA DE DEPUTADO FEDERAL DO PSB TRAMITA EM BRASIA E ENVOLVE OS AGENTES DE SEGURAN PLICA</s>
    <s>10/01/10 - Domingo</s>
    <s>Proposta que tramita na Cra Federal pode aumentar a independia das prefeituras</s>
    <s>09/01/10 - Sabado</s>
    <s>OAB mantluta por impeachment de Arruda</s>
    <s>08/01/10 - Sexta</s>
    <s>!Com Foto Novo embaixador dos EUA chega a Brasil</s>
    <s>03/01/10 - Domingo</s>
    <s>DE BOCA EM BOCA</s>
    <s>03/01/10 - Domingo</s>
    <s>Ministros de Lula saem de fas at dia 11</s>
    <s>31/12/09 - Quinta</s>
    <s>POLICA: Ma entrega a Altimari cheque de R$ 1,95 mi</s>
    <s>30/12/09 - Quarta</s>
    <s>!Com Foto Cra Municipal aprova Orento 2010</s>
    <s>30/12/09 - Quarta</s>
    <s>Governo eleva valor de repasse aos municos</s>
    <s>24/12/09 - Quinta</s>
    <s>Congresso aprova Orento da Unide 2010</s>
    <s>23/12/09 - Quarta</s>
    <s>!Com Foto RC receberuase meio milhpara informatizar saa&gt;</s>
    <s>22/12/09 - Terça</s>
    <s>+ as mais lidas da categoria</s>
    <s>Antonio Carlos Viana Santos e o novo presidente do TJ-SP</s>
    <s>TV digital pode ter 8 canais para emissoras publicas</s>
    <s>Prefeito reafirma compromisso de implantar internet gratuita</s>
    <s>Jamil Haddad, autor do decreto dos genericos, morre aos 83</s>
    <s>Camara Municipal vota licença maternidade de seis meses</s>
    <s>Assembleia realizou sessao do Parlamento Jovem 2009</s>
    <s>Vice-governador em RC para abrir Semana Ulysses Guimaraes</s>
    <s>Presidente da Ciesp/Fiesp vem a Rio Claro nesta sexta-feira</s>
    <s>PEC dos Vereadores e aprovada por comissao especial</s>
    <s>Rio Claro estuda criaçao do Serviço de Inspeçao Municipal</s>
    <s>Audiencia Publica discute transporte coletivo em Rio Claro</s>
    <s>Licença maternidade de seis meses e aprovada por unanimidade pela Camara</s>
    <s>Todas as noticias mais lidas</s>
    <s>+ as mais comentadas</s>
    <s>Camara amplia para ate 90 dias o tempo de aviso previo</s>
    <s>Enterro de Curcio aconteceu no Cemiterio Municipal</s>
    <s>Estudantes podem imprimir cartao de inscriçao do Enem pela internet</s>
    <s>O genial Steve Jobs, por Jaime Leitao</s>
    <s>Fas podem prestar homenagem a Steve Jobs</s>
    <s>Policia prende acusado pela morte de Carlos Curcio</s>
    <s>Todas as noticias mais comentadas</s>
    <s>+ este mes</s>
    <s>| Grupo</s>
    <s>JC Magazine</s>
    <s>Jornal Cidade</s>
    <s>JC Mogi Guaçu</s>
    <s>JC Filmes</s>
    <s>JC Impressao</s>
    <s>Radio Excelsior JP</s>
    <s>| Jornal Cidade</s>
    <s>Versao Impressa</s>
    <s>Suplemento Social</s>
    <s>| Cadernos</s>
    <s>Carreira e Sucesso</s>
    <s>| Jornal Cidade</s>
    <s>Sobre o JC</s>
    <s>Fale conosco</s>
    <s>Ajuda sobre acesso</s>
    <s>Condiçoes de uso</s>
    <s>Politica de privacidade</s>
    <s>Desenvolvido por Rodrigo Montezzo e Renato Hoffmann</s>
    <s>Todos os direitos reservados Jornal Cidade de Rio Claro (C) 2011</s>
    <s>Avenida 05, 283 - Centro - Rio Claro/SP - 13500-180</s>
    <s>(19) 3526-1000</s>
  </text>
</page>
