<?xml version="1.0" encoding="UTF-8"?>
<!DOCTYPE page SYSTEM "page.dtd">
<page>
  <lang>pt</lang>
  <url>http://abppsimposio2011.com.br/index.php/trabalhos-cientificos</url>
  <title>TRABALHOS CIENTÍFICOS</title>
  <snippet>
    <s>A apresentação dos trabalhos aprovados será feita em Sessões de Comunicação Oral, e ao pagamento da taxa de inscrição de todos os participantes do trabalho aceito. As Conferências, Cursos e Palestras serão realizados a convite da </s>
  </snippet>
  <text>
    <s>Fale conoscoInscriçõesHome</s>
    <s>!logo pq</s>
    <s>Trabalhos Científicos</s>
    <s>Local do evento</s>
    <s>Informações úteis</s>
    <s>Skip to content</s>
    <s>TRABALHOS CIENTÍFICOS</s>
    <s>No momento atual de expansão da Psicopedagogia como área de conhecimento, de pesquisa e da prática, ela ganha visibilidade nos meios acadêmicos, culturais e sociais pelos estudos e atuação nos processos de ensino e aprendizagem nos vários âmbitos onde ocorre a aprendizagem humana. Tal ganho de espaço e de visibilidade traz uma ampliação da atuação dos profissionais da Psicopedagogia, que implicam desafios de ordem técnica, política, instrumental e ética. Assim, a temática deste Simpósio abre oportunidades para o debate a respeito da especificidade dessa atuação e para a troca de experiências entre especialistas que atuam na área, por meio das seguintes subtemáticas:</s>
    <s>- Formação do psicopedagogo: inclui as questões específicas da formação e as questões éticas pertinentes à atuação profissional.</s>
    <s>- Participação do psicopedagogo em equipes multiprofissionais: visa ao debate da especificidade da ação do psicopedagogo quando em atuação junto a outros profissionais de diferentes áreas do conhecimento e da prestação de serviços.</s>
    <s>- Instrumentos e técnicas para avaliação e intervenção psicopedagógica: enfoque nas diferentes abordagens teóricas e nos procedimentos que dão sustentação à avaliação das dificuldades de aprendizagem e às intervenções, tanto individuais como grupais.</s>
    <s>- Psicopedagogia na escola: foco no trabalho psicopedagógico desenvolvido nas instituições escolares, nos vários níveis do ensino: educação básica, ensino médio, ensino superior, ensino profissionalizante, educação de jovens e adultos, outros.</s>
    <s>- Psicopedagogia no contexto hospitalar: atuação psicopedagógica desenvolvida nos hospitais</s>
    <s>- Psicopedagogia nas empresas e organizações: foco no trabalho psicopedagógico desenvolvido nos espaços organizacionais como promoção de aprendizagens de indivíduos e grupos.</s>
    <s>- Psicopedagogia nos espaços comunitários e projetos sociais: atuação do psicopedagogo nos programa e projetos educacionais não formais promovidos por entidades da sociedade civil, organizações não-governamentais, por programas de responsabilidade social e outros destinados a crianças, jovens, adultos.</s>
    <s>- Psicopedagogia na clínica: atendimento das dificuldades de aprendizagem nos espaços de crianças, jovens e adultos nos espaços da clínica, incluindo o atendimento familiar.</s>
    <s>Os interessados em inscrever trabalhos deverão optar por uma das duas modalidades abaixo, além de incluí-lo em uma das subtemáticas acima discriminadas.</s>
    <s>Modalidades de trabalho:</s>
    <s>Comunicação Oral: relatos de pesquisas, relatos críticos de experiências na área da Psicopedagogia e áreas afins, estudos de casos, relatos de estágios supervisionados. Poderão ser propostos por pesquisadores, profissionais da área da Psicopedagogia e áreas afins, professores, supervisores, estudantes. A apresentação dos trabalhos aprovados será feita em Sessões de Comunicação Oral, agrupados de quatro a cinco, de acordo com a subtemática e/ou palavras-chave. A duração será de 15 minutos por trabalho. Cada Sessão de Comunicação Oral terá um coordenador indicado pela Comissão Organizadora do evento. O resumo deve ter de 200 a 350 palavras.</s>
    <s>Pôster: O poster destina-se à apresentação de relatos de pesquisa, estudos de caso (individuais, grupais, institucionais), por meio de exposição, em formato predominantemente gráfico, no tamanho de 0,90m (largura) x 1,0m (altura). Podem ser propostos por professores, pesquisadores, estudantes e profissionais da área de psicopedagogia e áreas afins. O resumo deve ter entre 200 e 350 palavras.</s>
    <s>Cronograma de envio de trabalhos:</s>
    <s>• Inicio de inscrições de trabalhos: 05/09/2011</s>
    <s>• Término das Inscrições de trabalhos: 09/10/2011</s>
    <s>• Divulgação de trabalhos aprovados: 21/10/2011</s>
    <s>• Divulgação da Programação em: 28/10/2011</s>
    <s>A aceitação da proposta estará condicionada à avaliação pelo corpo de ad hoc do IV Simpósio Nacional de Psicopedagogia e ao pagamento da taxa de inscrição de todos os participantes do trabalho aceito.</s>
    <s>Cada proponente poderá submeter até três trabalhos, como proponente principal ou co-autor.</s>
    <s>Serão aceitos trabalhos na forma de Comunicação Oral e Pôster, de acordo com as orientações acima. As Conferências, Cursos e Palestras serão realizados a convite da Comissão Científica e Organizadora do II Simpósio Nacional de Psicopedagogia da ABPp.</s>
    <s>Comissão Científica</s>
    <s>Criado por Djin Soluções Web</s>
  </text>
</page>
