<?xml version="1.0" encoding="UTF-8"?>
<!DOCTYPE page SYSTEM "page.dtd">
<page>
  <lang>pt</lang>
  <url>http://revistamuseologiaepatrimonio.mast.br/index.php/ppgpmus/about/editorialPolicies</url>
  <title>Políticas Editoriais</title>
  <snippet>
    <s>Aceita contribuições de artigos científicos, resenhas, relatos e revisões, resumos de 3 - As opiniões emitidas pelos autores dos trabalhos são de sua única e </s>
  </snippet>
  <text>
    <s>Revista Museologia e Patrimônio</s>
    <s>Sistema Eletrônico de Editoração de Revistas</s>
    <s>Ajuda do sistema</s>
    <s>Lembrar quem sou</s>
    <s>Idioma English Español (España) Português (Brasil)</s>
    <s>Conteúdo da Revista Pesquisa</s>
    <s>Todos Autor Título Resumo Termos Indexados Texto Completo</s>
    <s>Por Edição</s>
    <s>Por Autor</s>
    <s>Por Título</s>
    <s>Outras revistas</s>
    <s>Para Leitores</s>
    <s>Para Autores</s>
    <s>Para Bibliotecários</s>
    <s>Página inicial</s>
    <s>Página inicial &gt; Sobre a Revista &gt; Políticas Editoriais</s>
    <s>Políticas Editoriais</s>
    <s>» Foco e Escopo</s>
    <s>» Políticas de Seção</s>
    <s>» Política de Acesso Livre</s>
    <s>» Normas Editoriais</s>
    <s>» Indexação</s>
    <s>Foco e Escopo</s>
    <s>Museologia e Patrimonio , revista eletronica semestral do Programa de Pos-Graduaçao em Museologia e Patrimonio, tem por objetivo publicar e disseminar a produçao cientifica e academica nesse campo. Aceita contribuiçoes de artigos cientificos, resenhas, relatos e revisoes, resumos de teses e dissertaçoes, alem de republicar textos e documentos classicos ou raros na area de atuaçao da revista. Museologia e Patrimonio utiliza o software livre SEER/OJS – Sistema Eletronico de Editoraçao de Revistas.</s>
    <s>Museologia e Patrimonio compoe-se das seguintes seçoes:</s>
    <s>Artigos – textos analiticos com ate 20 laudas, resultantes de pesquisas cientificas finalizadas ou em andamento, sobre temas na area da Museologia e do Patrimonio;</s>
    <s>Revisitando – transcriçao, traduçao e republicaçao de textos e documentos classicos e/ou raros nas areas de atuaçao da revista.</s>
    <s>Relatos de experiencia – textos de ate 10 laudas, que relatem experiencias praticas no campo da Museologia e do Patrimonio</s>
    <s>Artigos de Revisao – artigos de ate 10 laudas que apresentem revisoes de bibliografia no campo da Museologia e do Patrimonio;</s>
    <s>Resenhas – analise critica de publicaçoes atuais ou classicas, com, no maximo, 5 laudas.</s>
    <s>Resumos/abstracts – descriçoes sucintas (com maximo de 200 palavras, em espaço simples) de dissertaçoes e teses de doutorado e livre-docencia na area da Museologia e do Patrimonio.</s>
    <s>Políticas de Seção</s>
    <s>Insira aqui a política desta seção</s>
    <s>!Selecionado Submissões Abertas</s>
    <s>!Selecionado Indexado</s>
    <s>!Selecionado Avaliado por Pares</s>
    <s>!Não Selecionado Submissões Abertas</s>
    <s>!Selecionado Indexado</s>
    <s>!Não Selecionado Avaliado por Pares</s>
    <s>Relatos de Experiência/Experience Report</s>
    <s>!Selecionado Submissões Abertas</s>
    <s>!Selecionado Indexado</s>
    <s>!Selecionado Avaliado por Pares</s>
    <s>!Selecionado Submissões Abertas</s>
    <s>!Selecionado Indexado</s>
    <s>!Não Selecionado Avaliado por Pares</s>
    <s>!Não Selecionado Submissões Abertas</s>
    <s>!Selecionado Indexado</s>
    <s>!Não Selecionado Avaliado por Pares</s>
    <s>!Selecionado Submissões Abertas</s>
    <s>!Selecionado Indexado</s>
    <s>!Não Selecionado Avaliado por Pares</s>
    <s>Ficha Catalográfica</s>
    <s>!Selecionado Submissões Abertas</s>
    <s>!Selecionado Indexado</s>
    <s>!Selecionado Avaliado por Pares</s>
    <s>Avaliadores desta edição</s>
    <s>!Selecionado Submissões Abertas</s>
    <s>!Selecionado Indexado</s>
    <s>!Não Selecionado Avaliado por Pares</s>
    <s>Política de Acesso Livre</s>
    <s>Esta revista oferece acesso livre imediato ao seu conteúdo, seguindo o princípio de que disponibilizar gratuitamente o conhecimento científico ao público proporciona maior democratização mundial do conhecimento.</s>
    <s>Normas Editoriais</s>
    <s>1 - A revista eletronica Museologia e Patrimonio publicara textos e documentos versando sobre temas relacionados a Museologia, ao Patrimonio e areas afins, em portugues, espanhol, frances ou ingles.</s>
    <s>2 - Ao submeter trabalhos a revista, os autores, resguardando seus direitos autorais (Lei de Direito Autoral, n. 9.610 de 19 de fevereiro de 1998), cedem a mesma os direitos de divulgaçao por meio eletronico, ou qualquer outro meio.</s>
    <s>3 - As opinioes emitidas pelos autores dos trabalhos sao de sua unica e exclusiva responsabilidade.</s>
    <s>4 - Os autores devem enviar um documento (vide Modelo de Declaração), devidamente assinado, declarando:</s>
    <s>&gt; a) que seu trabalho respeita a legislaçao vigente sobre direitos autorais, arcando com toda responsabilidade quanto ao descumprimento da referida lei;</s>
    <s>b) que autorizam a publicaçao de seu trabalho, acatando a politica e as normas editoriais da revista Museologia e Patrimonio .</s>
    <s>5 - Museologia e Patrimonio autoriza a republicaçao dos trabalhos nela publicados, apos vinte e quatro (24) meses da data de publicaçao, e desde que seja consignada a fonte de publicaçao original.</s>
    <s>6 - Os trabalhos serao submetidos a aprovaçao do Conselho Editorial da revista e serao enviados, no menor tempo possivel e sem identificaçao de autoria, para a revisao de dois avaliadores Ad hoc . Caso haja divergencia entre os avaliadores, recorrer-se-a a um terceiro avaliador. Os originais nao serao devolvidos aos autores.</s>
    <s>7 - Caso sejam recomendadas modificaçoes, os autores serao solicitados a fazer as alteraçoes sugeridas. É facultado aos autores, se discordarem das alteraçoes recomendadas, justificar as razoes do nao atendimento as sugestoes dos revisores. Cabe aos editores avaliar o merito dos argumentos apresentados. A decisao final quanto ao aceite para publicaçao e prerrogativa reservada ao Conselho Editorial.</s>
    <s>8 - Apos enviar um trabalho para avaliaçao, os autores deverao aguardar a confirmaçao de recebimento, com numero de protocolo, por ate tres dias. Caso nao recebam essa confirmaçao, deverao entrar em contato com os editores pelo endereço editores@revistamuseologiaepatrimonio.mast.br</s>
    <s>9 - Todos os trabalhos enviados para avaliaçao devem conter Abstract , incluindo titulo e descritores, em ingles. Fica a cargo da revista elaborar, para trabalhos escritos em lingua inglesa, francesa e espanhola, o titulo, descritores e resumo em portugues.</s>
    <s>10 - A revista se reserva o direito de efetuar nos originais alteraçoes de ordem normativa e gramatical, visando manter a sua uniformidade e qualidade, respeitados o estilo e a opiniao dos autores. Os trabalhos submetidos serao enviados em versao final aos autores, para aprovaçao.</s>
    <s>11 - Qualquer submissao devera ser feita diretamente no portal da revista, no seguinte endereço www.revistamuseologiaepatrimonio.mast.br , devendo ser assinalado o que segue:</s>
    <s>&gt; a) trabalho para avaliaçao;</s>
    <s>b) a seçao a que se destina o trabalho.</s>
    <s>c) O trabalho devera ser enviado a partir da funçao ‘Autor', seguindo-se os ‘5 passos' da seçao ‘Submissao de Artigos', na ‘Pagina do Usuario'.</s>
    <s>12 - Para poder habilitar-se a enviar contribuiçoes a revista Museologia e Patrimonio , requer-se que os autores preencham a ficha cadastral. Uma vez cadastrado, todo autor recebe uma identificaçao que lhe possibilita acompanhar o andamento do processo de avaliaçao/publicaçao de seu trabalho.</s>
    <s>13 - No ato da submissao, os autores deverao, alem da declaraçao mencionada no item 4, fornecer um mini-curriculo com no maximo 5 linhas, acompanhado ou nao de fotografia (resoluçao de 200dpi), que sera publicado ao final do trabalho. As informaçoes curriculares servirao para compor um banco de dados de autores.</s>
    <s>Indexada pelo Latindex</s>
    <s>Incluída no Ulrich's Periodicals Directory</s>
  </text>
</page>
