<?xml version="1.0" encoding="UTF-8"?>
<!DOCTYPE page SYSTEM "page.dtd">
<page>
  <lang>pt</lang>
  <url>http://albatroz.blog4ever.com/blog/lire-article-10832-1621116-o_muro_da_vergonha.html</url>
  <title>o muro da vergonha - pax americana, kefaya, poésie, résistances ...</title>
  <snippet>
    <s>1 fev. 2010 Lançou um apelo à Liga Árabe e à Organização da Conferência Islâmica para que elas intervenham e ponham Quem cozinhou o banquete da vitória? bem como a menção ao autor, aos tradutores, aos revisores e à fonte. </s>
  </snippet>
  <text>
    <s>albatroz images, songes &amp; poesies</s>
    <s>30 dmbre 2006 saddam hussein assassinVI)</s>
    <s>30 dmbre 2006 saddam hussein assassinIII)</s>
    <s>ismaadjafer, complainte des mendiants arabes de la casbah </s>
    <s>30 dmbre 2006 saddam hussein assassinI)</s>
    <s>30 dmbre 2006 saddam hussein assassinII)</s>
    <s>30 dmbre 2006 saddam hussein assassinVII)</s>
    <s>30 dmbre 2006 saddam hussein assassinIV)</s>
    <s>30 dmbre 2006 saddam hussein assassinV)</s>
    <s>BON DE SOUSCRIPTION du recueil de poe &quot;Fulgurations &amp; c&quot; de Brda Costa</s>
    <s>poe - la couronne de Magre</s>
    <s>poe joso branco</s>
    <s>poe martial</s>
    <s>poe bertold brecht</s>
    <s>poe brda costa</s>
    <s>ede queiroz cartas de paris</s>
    <s>poe herberto helder</s>
    <s>VIDEOS, pos et chanteurs</s>
    <s>poe ant gede/a&gt;</s>
    <s>[poe jorge sousa braga</s>
    <s>poe antero de quental</s>
    <s>poe nata correia</s>
    <s>poe charles baudelaire</s>
    <s>poe arthur rimbaud</s>
    <s>poe alberto pimenta</s>
    <s>poe nazim hikmet</s>
    <s>poe marina colasanti</s>
    <s>correspondance MUDAR DE VIDA</s>
    <s>que se vayan todos !</s>
    <s>VIDEO - lferra&gt;</s>
    <s>[CINEMA federico fellini (extraits)</s>
    <s>VIDEO lucio dalla</s>
    <s>VIDEO francesco de gregori</s>
    <s>TEXTES DE PAUL LAFARGUE</s>
    <s>TEXTES DE LENINE</s>
    <s>TEXTES DE MARX ET ENGELS</s>
    <s>poe raja chemayel</s>
    <s>VIDEO supertramp</s>
    <s>poe luiz pacheco</s>
    <s>poe mariana alcoforado</s>
    <s>poe victor hugo</s>
    <s>poe constantin cavafy</s>
    <s>poe josfonso</s>
    <s>coupures de presse</s>
    <s>niais &amp; niaiseries</s>
    <s>laudes , ESSAIS &amp; pamphlets</s>
    <s>C O N T A C T</s>
    <s>VIDEO john lennon</s>
    <s>VIDEO josfonso</s>
    <s>CINEMA michelangelo antonioni (extraits)</s>
    <s>VIDEO pink floyd</s>
    <s>pos sans frontis</s>
    <s>mail art, perf, vid&amp; etc</s>
    <s>K E F A Y A !</s>
    <s>l'hexagone &amp; l'europe</s>
    <s>pax americana</s>
    <s>poe lude cam/a&gt;</s>
    <s>[poe jean-daniel fabre</s>
    <s>poe andraude</s>
    <s>poe reinaldo ferreira</s>
    <s>poe edgar allan poe</s>
    <s>poe ada lopes</s>
    <s>poe ceso verde</s>
    <s>poe daniel filipe</s>
    <s>poe mo cesariny</s>
    <s>poe bruno tom</s>
    <s>poe jorge de sena</s>
    <s>poesia eugo de andrade</s>
    <s>poesia alexandre o'neill</s>
    <s>poe ant aleixo</s>
    <s>poe bocage</s>
    <s>Tous les articles</s>
    <s>la haye</s>
    <s>victor noir</s>
    <s>kya !</s>
    <s>mail art 1</s>
    <s>VENTE DE CARTES POSTALES de ZAV &amp; associ/a&gt;</s>
    <s>[mail art 2</s>
    <s>coupures de presse</s>
    <s>mail art 3</s>
    <s>mail art 4</s>
    <s>kya 3</s>
    <s>Siouville Chateaux de sable (II)</s>
    <s>ners 2</s>
    <s>mario alberto</s>
    <s>le solitaire des mar, mont saint michel, avril 2007</s>
    <s>amate / fulgurations</s>
    <s>Le Vieux Pin</s>
    <s>kya 4</s>
    <s>venezia - avril 09</s>
    <s>chambourlette mai 09</s>
    <s>venezia 09</s>
    <s>mariage 2</s>
    <s>thande, novembre 2011</s>
    <s>milena &amp; sonia</s>
    <s>les barbares en Irak</s>
    <s>les murs de madrid ont la parole (2011)</s>
    <s>prendre son pied</s>
    <s>Toutes les photos</s>
    <s>ontre courant</s>
    <s>En savoir plus</s>
    <s>Tous les sondages</s>
    <s>polca opera</s>
    <s>basta !</s>
    <s>rentre chez toi</s>
    <s>estampe et art populaire</s>
    <s>o comuneiro</s>
    <s>horizons &amp; dts</s>
    <s>o bitoque</s>
    <s>ruud janssen - iuoma</s>
    <s>os baros</s>
    <s>poa de ayer y de hoy</s>
    <s>tribunal iraque (portugal)</s>
    <s>journal d'un arabe frustr/a&gt;</s>
    <s>[indyma paris de france</s>
    <s>maps of the war</s>
    <s>alternative tourism group (Palestine)</s>
    <s>I bienal del pequeormato (venezuela)</s>
    <s>wsws the World Socialist Web Site</s>
    <s>l'infoblog des luttes</s>
    <s>encyclope marxiste</s>
    <s>secours rouge</s>
    <s>france-irak actualita&gt;</s>
    <s>[observatoire de la guerre en irak</s>
    <s>cartes d'irak</s>
    <s>war on iraq (site usa)</s>
    <s>rstance irakienne</s>
    <s>textes de R. Fisk</s>
    <s>war in iraq (site russe)</s>
    <s>courage to resist</s>
    <s>mail art projects</s>
    <s>ism lInternational Solidarity Movement (france)</s>
    <s>la france de toutenbas</s>
    <s>chroniques du y</s>
    <s>plume de presse</s>
    <s>loubnan ya loubnan</s>
    <s>la voix du sud</s>
    <s>soutien aux dulonneurs</s>
    <s>que fait la police?</s>
    <s>la bas si j'y suis</s>
    <s>regarde ue</s>
    <s>m zone</s>
    <s>bataille socialiste</s>
    <s>le grand soir</s>
    <s>des bassines et du z</s>
    <s>coordinamento nazionale per la jugoslavia (italie)</s>
    <s>les classiques des sciences sociales</s>
    <s>bibliothe de documentation internationale contemporaine</s>
    <s>international institute of social history (amsterdam)</s>
    <s>marxists internet archive</s>
    <s>n+1 (italie)</s>
    <s>capjpo / europalestine</s>
    <s>domador de sonhos</s>
    <s>la panse de l'ours</s>
    <s>jornal mudar de vida</s>
    <s>les mutins de pang/a&gt;</s>
    <s>[la bitra de gelman</s>
    <s>varal de ideias</s>
    <s>arte postal / mail art</s>
    <s>tranches de vie d'une lupique</s>
    <s>lunettes rouges</s>
    <s>le jouet enraga&gt;</s>
    <s>[etoile rouge</s>
    <s>europe solidaire sans frontis</s>
    <s>Gilles Munier (amitifranco-irakiennes</s>
    <s>free documentaries</s>
    <s>du mauvais c/a&gt;</s>
    <s>esquerda desalinhada</s>
    <s>la sociale</s>
    <s>poesie danger</s>
    <s>guy darol agitateur conseil</s>
    <s>les voleurs de feu</s>
    <s>les oranges</s>
    <s>rwanda, gcide made in france</s>
    <s>soutien aux inculpdu 11 novembre</s>
    <s>Mudar de vida</s>
    <s>art contemporain</s>
    <s>LA critique sociale</s>
    <s>Tous les partenaires</s>
    <s>Devenir partenaire</s>
    <s>Total :</s>
    <s>Aujourd'hui :</s>
    <s>En ce moment :</s>
    <s>o muro da vergonha</s>
    <s>O muro da vergonha e a torre da soberba</s>
    <s>AUTOR: Ayman EL KAYMAN</s>
    <s>Traduzido por Fernando Esteves, revisado por Alexandre Leite</s>
    <s>&gt; Todo monarca que se preze deve deixar a marca de sua passagem fugaz sobre a terra, pelo menos algo monumental que o dignifique e que deixe uma impressduradoura nos homens e na paisagem. LuXIV nos deixou Versailles; Shah Jahan nos deixou o Taj Mahal; Miterrand, a pirde do Louvre; Hassan II, a mesquita de Casablanca e o Muro do Sara. Dois monarcas bes nquiseram ficar de fora dessa tradi. **</s>
    <s>O muro de ade Moubarak</s>
    <s>Hosni Moubarak, o faraozinho, deixarara a posteridade um monumento peculiar, Al Jidar al fouladhi, o muro de a, que se chamarEM&gt;Jidar al Khazi al Moubarakii (o muro da vergonha de Moubarak). Este muro de a fincado a 35 metros de profundidade, estendo constru ao longo da fronteira entre a Faixa de Gaza e Egito. O muro sercompanhado de um canal subterro que captargua do Mediterro, que servirambpara acabar com os t construs pelos habitantes de Gaza para escapar do confinamento que lhes nfligido. O canteiro de obras est todo vapor. supervisionado por oficiais de informas militares dos EUA e Fran instalados na embaixada dos EUA no Cairo, tendo um posto de comando avano em El Arish.</s>
    <s>Em meados de dezembro, o general francBenoit Puga, chefe da DRM (Dire de Informa Militar), visitou o canteiro de obras.</s>
    <s>O fato veio ona no fim do mesmo m seguido de imposturas israelenses, o governo egio, ent depois de negociar, acabou reconhecendo que a obra estava em curso. Palestinos e seus simpatizantes est evidentemente, irritados. As crcas irrompem.</s>
    <s>No dia 29 de dezembro, Cheih Yousouf Al Qardaoui, presidente da UniInternacional dos ulemmulanos, emitiu um pronunciamento (indevidamente taxado de fatwa), definindo a constru do muro como um crime injustificl que o Islvai tolerar. Lan um apelo iga abe e rganiza da Conferia Islca para que elas intervenham e ponham termo bra.</s>
    <s>No primeiro dia de janeiro, a palavra final: Cheikh Mohammed Said Tantaoui e seus 25 colegas do Conselho Islco de pesquisa cientca da Universidade de Al-azhar, que sfuncionos religiosos patrocinados pelo governo egio, emitiram aquilo quel eles pros apresentam como uma uma fatwa, declarando que o muro de aigorosamente lto e mais: aqueles que se opviolam os preceitos do Isl ou seja, saptas.</s>
    <s>Nossos doutores (ou)folislam explicam: os t perfurados pelos habitantes de Gaza sob a fronteira, susados para contrabando e trco de drogas .</s>
    <s>A Torre Infernal de Khalifa</s>
    <s>Do outro lado do mundo be, no emirado de Dubai (200 bilhde des em dda) foi inaugurada, segunda-feira 4 de janeiro, a torre mais alta do mundo, Burj Al Abir Al Khalifa (castelo da gl efra de Khalifa). A torre tem 828 metros de altura, 164 andares e custou a pechincha de 1,5 bilhde des. Sua constru foi um pouco adiada em 2007 devido reve dos escravos asicos [Revolta na Dubaibil Revolta em Dubaibil e A intifada dos trabalhadores indianos]</s>
    <s>Por que isso foi constru, vocse perguntam. Para melhorar a qualidade de vida e colocar um sorriso no rosto das pessoas. As crises ve v nonstrus para o futuro, disse Mohamed Alabbar, presidente da Emaar Properties, a maior corretora de ims do mundo be, que estalias, na origem do projeto. A torre (marcada por um culo na foto tirada por satte) jde um bairro que custou 20 bilhde des. Ela deveria comportar 12.000 pessoas, escrits e um hotel. Sabe-se, de fonte segura, que Bin Laden estpenas esperando a entrega de um A-380 para jogo contra a torre do mal.</s>
    <s>! Atnde sei, o castelo-khalifa nbjeto para qualquer fatwa, nem a favor nem contra. Portanto, a discussestberta. Deixo alguns elementos de reflexpara que os ulemdispostos a considerem a quest</s>
    <s>Entre os sinais da aproxima do dia do Ju Final, o Profeta ( صلى الله عليه و سلم) , indagado por Jibril (عليه السلم), destaca : ver( ) prapados, mendigos e pastores disputando a constru da casa mais alta.</s>
    <s>Construiresquinhamente, sobre cada colina, um monumento? Construirm castelo para se imortalizar?, pergunta o profeta Hud (عليه السلم), descendente do profeta Noah (عليه السلم), ao povo incrdos Aad (Cor Surata 26, Ash- Shuara , Poetas, 128-129) e acrescenta: temo por vm castigo terrl. O castigo vira forma da seca, trazida por um vento infecundo. Os Aad se arrependeram tarde demais de sua soberba.</s>
    <s>Para finalizar um poema de Bertolt Brecht, imortal de fato:</s>
    <s>Perguntas de um trabalhador que lxml:namespace prefix = o ns = &quot;urn:schemas-microsoft-com:office:office&quot; /&gt;</s>
    <s>Versbrasileira de Haroldo de Campos</s>
    <s>Quem construiu Tebas, a de sete portas?</s>
    <s>Nos livros, ficam os nomes dos reis.</s>
    <s>Os reis arrastaram os blocos de pedra?</s>
    <s>Babil, muitas vezes destru,</s>
    <s>Quem a reconstruiu tantas vezes? Em que casa</s>
    <s>De Lima auri-radiosa moravam os obreiros?</s>
    <s>Para onde foram, na noite em que ficou pronta a Muralha da China,</s>
    <s>Os pedreiros? A grande Roma</s>
    <s>Estheia de arcos de triunfo. Quem os erigiu? Sobre quem</s>
    <s>Triunfaram os Cres? Bizio multicelebrada</s>
    <s>Tinha apenas palos para seus habitantes? Mesmo na legenda Atlantis,</s>
    <s>Na noite em que o mar a sorveu,</s>
    <s>Os que se afogavam gritavam por seus escravos.</s>
    <s>O jovem Alexandre conquistou a dia.</s>
    <s>Ele sozinho?</s>
    <s>Cr bateu os gauleses.</s>
    <s>Nlevava pelo menos um cozinheiro consigo?</s>
    <s>Felipe da Espanha chorou, quando sua armada</s>
    <s>Foi a pique. Ningumais teria chorado?</s>
    <s>Frederico II venceu a Guerra dos Sete Anos. Quem</s>
    <s>Venceu junto?</s>
    <s>Por todo canto uma vit.</s>
    <s>Quem cozinhou o banquete da vit?</s>
    <s>Cada dez anos um grande homem.</s>
    <s>Quem pagou as despesas?</s>
    <s>Hists de mais.</s>
    <s>Perguntas de menos.</s>
    <s>Perguntas de um Opero Letrado</s>
    <s>Versportuguesa de Arnaldo Saraiva</s>
    <s>Quem construiu Tebas, a das sete portas?</s>
    <s>Nos livros vem o nome dos reis.</s>
    <s>Mas foram os reis que transportaram as pedras?</s>
    <s>Babil, tantas vezes destru,</s>
    <s>Quem outras tantas reconstruiu? Em que casa</s>
    <s>Da Lima dourada moravam os seus obreiros?</s>
    <s>No dia em que ficou pronta a Muralha da China</s>
    <s>Para onde foram os seus pedreiros? A grande Roma</s>
    <s>Estheia de arcos de triunfo. Quem os ergueu? Sobre quem</s>
    <s>Triunfaram os Cres? A tcantada Bizio</s>
    <s>Snha palos</s>
    <s>Para os seus habitantes? At legenda Atlida</s>
    <s>Na noite em que o mar a engoliu</s>
    <s>Viu afogados gritar por seus escravos.</s>
    <s>O jovem Alexandre conquistou as dias.</s>
    <s>Cr venceu os gauleses.</s>
    <s>Nem sequer tinha um cozinheiro ao seu servi</s>
    <s>Quando a sua armada se afundou Filipe de Espanha</s>
    <s>Chorou. E ningumais?</s>
    <s>Frederico II ganhou a Guerra dos Sete Anos.</s>
    <s>Quem mais a ganhou?</s>
    <s>Em cada pna uma vit.</s>
    <s>Quem cozinhava os festins?</s>
    <s>Em cada dda um grande homem.</s>
    <s>Quem pagava as despesas?</s>
    <s>Tantas hists</s>
    <s>Quantas perguntas </s>
    <s>Ayman El Kayman, delegado local da Al Intihad Al Alami Li Talabati Al Houat, UniMundial dos estudantes de teologia amadores.</s>
    <s>O autor faz aqui um triplo jogo de palavras, do qual se sente particularmente orgulhoso, entre Docteur Folamour , foul (favas em be) e oufoul (o fim em be). Docteur Folamour tlo francde um filme de Stanley Kubrick, Dr. Strangelove que em Portugal se chamou Dr. Estanhoamor e no Brasil Dr. Fantico.</s>
    <s>Fonte: Coups de dent - Chronique satirique hebdomadaire sur l'actualitolitique franse et mondiale -Le mur de la honte et la tour dorgueil</s>
    <s>Artigo original publicado a/em 5 de janeiro de 2010</s>
    <s>Sobre o autor</s>
    <s>Fernando Esteves e Alexandre Leite smembros de Tlaxcala, a rede internacional de tradutores pela diversidade linga. Esta tradu pode ser reproduzida livremente na condi de que sua integridade seja respeitada, bem como a men ao autor, aos tradutores, aos revisores e onte.</s>
    <s>URL deste artigo em Tlaxcala: http://www.tlaxcala.es/pp.asp?reference=9895&amp;lg=po</s>
    <s>01-02-2010 | 552 vues</s>
    <s>Poster un commentaire</s>
    <s>Nom: E-mail: (facultatif) Blog/Site: (facultatif)</s>
    <s>Message :</s>
    <s>Merci de recopier le nombre de gauche dans la case ci-dessous (Pourquoi?)</s>
    <s>Voir les articles de la catrie &quot; pax americana &quot;</s>
    <s>Imprimer cet article</s>
    <s>Retour aux articles</s>
    <s>Recommander ce blog | Contacter l'auteur | Reporter un abus | S'abonner au blog | Espace de gestion</s>
    <s>Pour vous connecter 'espace de gestion du blog albatroz.blog4ever.com, entrez le mot de passe :</s>
    <s>Mot de passe :</s>
    <s>| Annuaire des blogs</s>
  </text>
</page>
