<?xml version="1.0" encoding="UTF-8"?>
<!DOCTYPE page SYSTEM "page.dtd">
<page>
  <lang>pt</lang>
  <url>http://listas.ibict.br/pipermail/bib_virtual/2007-July/003736.html</url>
  <title>[Bib_virtual] BIBNEWS Chamada de trabalhos IASK &quot;InterTIC&quot; 2007</title>
  <snippet>
    <s>19 jul. 2007 CHAMADA DE ARTIGOS EM PORTUGUÊS OU ESPANHOL (Data Limite para Submissão: 01 Setembro 2007) Conferência Ibero-Americana IASK &quot;InterTIC&quot; 2007 </s>
  </snippet>
  <text>
    <s>Bib virtual BIBNEWS Chamada de trabalhos IASK &quot;InterTIC&quot; 2007</s>
    <s>Miguel gel Mero Arellano miguel em ibict.br</s>
    <s>Quinta Julho 19 16:44:26 BRT 2007</s>
    <s>Mensagem anterior: [Bib virtual Open Source OPAC - VUFind Beta Released ]</s>
    <s>Pra mensagem: [Bib virtual BIBNEWS Revista hipertext.net 2007 ]</s>
    <s>Mensagens classificadas por: [ date ] [ thread ] [ subject ] [ author ]</s>
    <s>CHAMADA DE ARTIGOS EM PORTUGU OU ESPANHOL</s>
    <s>(Data Limite para Submiss 01 Setembro 2007)</s>
    <s>Conferia Ibero-Americana IASK &quot;InterTIC&quot; 2007</s>
    <s>3 - 5 Dezembro 2007 - Porto, Portugal</s>
    <s>A conferia Ibero-Americana IASK &quot;InterTIC&quot; 2007 pretende focar os</s>
    <s>principais aspectos relacionados com a Internet e com as novas tecnologias</s>
    <s>de informa e comunica (TIC). O evento tem como finalidade abordar os</s>
    <s>diferentes assuntos relacionados com este desenvolvimento.</s>
    <s>Publica dos Artigos</s>
    <s>Apceites para publica, pelos membros do Comitientco, os</s>
    <s>artigos submetidos onferia serpublicados em livro e em verselectra (CD-ROM) com ISBN.</s>
    <s>Tos de Interesse</s>
    <s>- Acessibilidade</s>
    <s>- Agentes Inteligentes</s>
    <s>- Algoritmos Gencos</s>
    <s>- Antenas e Propaga</s>
    <s>- Aplicas Web</s>
    <s>- Armazenamento</s>
    <s>- Arquitectura de Informa</s>
    <s>- Aspectos icos, Sociais e Legais</s>
    <s>- Avalia e Gestda Qualidade</s>
    <s>- Bibliotecas Digitais</s>
    <s>- Colabora</s>
    <s>- Comio Electro e E-Business</s>
    <s>- Computa Cientca</s>
    <s>- Computa Paralela e Distribu</s>
    <s>- Computa Uba</s>
    <s>- Comunica M, 3G &amp; 4G</s>
    <s>- Comunica por Satte</s>
    <s>- Comunica Wireless</s>
    <s>- Data Mining e Data Warehouse</s>
    <s>- Desempenho</s>
    <s>- Detec Remota</s>
    <s>- E-Health e Aplicas Biomcas</s>
    <s>- E-Learning</s>
    <s>- E-government</s>
    <s>- Engenharia de Sistemas e de Software</s>
    <s>- Engenharia Web</s>
    <s>- Estratas de Ensino e Aprendizagem</s>
    <s>- Gestde Relacionamento com o Cliente</s>
    <s>- Groupware</s>
    <s>- Inova e Competitividade Tecnola</s>
    <s>- Integra de Sistemas</s>
    <s>- Inteligia Artificial</s>
    <s>- Interac Homem-Mina</s>
    <s>- Interfaces</s>
    <s>- Linguagens de programa</s>
    <s>- Meta-Dados</s>
    <s>- Multima e Hiperma</s>
    <s>- Personaliza de Servi Web</s>
    <s>- Planeamento e Gestde Bases de Dados</s>
    <s>- Portais e Motores de Busca</s>
    <s>- Processamento de Imagem</s>
    <s>- Processamento de Sinal</s>
    <s>- Processamento de Informa</s>
    <s>- Protocolos e Standards</s>
    <s>- Realidade Virtual</s>
    <s>- Redes e Sistemas de Comunica</s>
    <s>- Redes Inteligentes</s>
    <s>- Redes Neurais</s>
    <s>- Roba</s>
    <s>- Segurane Criptografia</s>
    <s>- Semica da Web</s>
    <s>- Sistemas Complexos</s>
    <s>- Sistemas de Apoio ecis- Sistemas de Comunica em Tempo Real</s>
    <s>- Sistemas de Informa para a Gest- Sistemas de Pagamento</s>
    <s>- Sistemas Web Adaptis</s>
    <s>- Tecnologias Ambientais</s>
    <s>- Tele-Trabalho</s>
    <s>- Usabilidade</s>
    <s>- Vispor Computador</s>
    <s>Datas Importantes:</s>
    <s>- Data limite para submiss 1 de Setembro</s>
    <s>- Notifica aos autores: At de Outubro</s>
    <s>- Submissda versfinal e inscri: At de Novembro</s>
    <s>- Inscri tardia (sem publica): Ap de Novembro</s>
    <s>- Conferia: 3 a 5 de Dezembro</s>
    <s>A conferia terugar no Porto, Portugal, 3 - 5 Dezembro 2007</s>
    <s>E-mail: secretaria em iask-web.org</s>
    <s>Web site: http://www.iask-web.org</s>
    <s>Virginia Romero-Bird</s>
    <s>Board of Directors Secretary</s>
    <s>Assistant to the President</s>
    <s>ISTEC - Executive Office</s>
    <s>361 Hokona Zuni/ Hall</s>
    <s>UNM MSC02 1600</s>
    <s>Albuquerque, NM USA 87131</s>
    <s>(505) 277-8036</s>
    <s>Mensagem anterior: [Bib virtual Open Source OPAC - VUFind Beta Released ]</s>
    <s>Pra mensagem: [Bib virtual BIBNEWS Revista hipertext.net 2007 ]</s>
    <s>Mensagens classificadas por: [ date ] [ thread ] [ subject ] [ author ]</s>
    <s>Mais detalhes sobre a lista de discussBib virtual</s>
  </text>
</page>
