<?xml version="1.0" encoding="UTF-8"?>
<!DOCTYPE page SYSTEM "page.dtd">
<page>
  <lang>pt</lang>
  <url>http://ucb.hiragi.com.br/Ucb/Index/view%26idr%3D4080200</url>
  <title>Banco de Competências - UCB</title>
  <snippet>
    <s>Simone Aparecida Lisniowski - Curriculum Vitae </s>
  </snippet>
  <text>
    <s>Simone Aparecida Lisniowski - Curriculum Vitae</s>
    <s>Dados Pessoais</s>
    <s>Simone Aparecida Lisniowski</s>
    <s>Citas bibliogrcas</s>
    <s>LISNIOWSKI, S. A.</s>
    <s>Formaçao Academica/Titulaçao</s>
    <s>Universidade de Brasa</s>
    <s>Doutorado em Sociologia .</s>
    <s>Universidade Federal do Parantd&gt;</s>
    <s>Mestrado em Direito .</s>
    <s>Universidade Federal do Parantd&gt;</s>
    <s>Especializa em Curso UniRede de Forma em Educa a Distia . (Carga Hora: 480h).</s>
    <s>Universidade Federal do Parantd&gt;</s>
    <s>Especializa em Forma de Professores em Educa a Distia . (Carga Hora: 360h).</s>
    <s>Universidade Federal do Parantd&gt;</s>
    <s>Gradua em Psicologia .</s>
    <s>Universidade Federal do Parantd&gt;</s>
    <s>Especializa em andamento em Fundamentos Filosos da Psicanse . (Carga Hora: 480h).</s>
    <s>Atuaçao Profissional</s>
    <s>Bolsista/Pesquisador Sem Vulo</s>
    <s>SEM VINCULO</s>
    <s>Faculdade Proje</s>
    <s>Instituto de Educa Superior de Brasa</s>
    <s>Instituto de Pesquisa Econa Aplicada - DF</s>
    <s>Sociedade de Educa Continuada</s>
    <s>Universidade Cata de Brasa</s>
    <s>Universidade Federal do Parantd&gt;</s>
    <s>Universidade de Brasa</s>
    <s>Linhas de Pesquisas</s>
    <s>Nenhum item encontrado.</s>
    <s>Projetos de Pesquisa</s>
    <s>Nenhum item encontrado.</s>
    <s>Áreas de Atuaçao</s>
    <s>Ciias Humanas - Educa. - Educa a distia - Educa a distia.</s>
    <s>Ciias Humanas - Educa. - Tos Especcos de Educa - Educa de Adultos.</s>
    <s>Ciias Humanas - Psicologia - Psicologia Social - Pap e Estruturas Sociais; Indivo.</s>
    <s>Ciias Humanas - Sociologia. - Sociologia do Trabalho.</s>
    <s>**Ingl/b&gt; - Compreende Pouco, Fala Pouco, Lazoavelmente, Escreve Pouco.</s>
    <s>Premios e titulos</s>
    <s>Professora Homenageada do Curso de Psicologia da Universidade Federal do ParanFormandos(as) de 2006.</s>
    <s>Produçao bibliografica</s>
    <s>LISNIOWSKI, S. A. ; BARRENECHEA, C. A. ; SANTOS, P. L. ; MOURA, V. F. . Estudo de Caso e Interven POT: Hist de vida: mdo de constru coletiva e anse dos processos psicossociais. 2008. (Apresenta de Trabalho/Congresso). Referias adicionais: Brasil/Portugu Cidade: Florianis SC-Brasil; Evento: III Congresso Brasileiro de Psicologia Organizacional e do Trabalho.</s>
    <s>Apresentas de Trabalho</s>
    <s>LISNIOWSKI, S. A. . O processo de constru da identidade de grupo em uma cooperativa popular. 2008. (Apresenta de Trabalho/Congresso). Referias adicionais: Brasil/Portugu Cidade: Florianis SC-Brasil; Evento: III Congresso Brasileiro de Psicologia Organizacional e do Trabalho.</s>
    <s>Apresentas de Trabalho</s>
    <s>LISNIOWSKI, S. A. ; BARRENECHEA, C. A. ; SANTOS, P. L. ; MOURA, V. F. . Hist de vida: mdo de constru coletiva e anse dos processos psicossociais em uma cooperativa popular. 2008. (Apresenta de Trabalho/Congresso). Referias adicionais: Brasil/Portugu Cidade: Florianis SC-Brasil; Evento: III Congresso Brasileiro de Psicologia Organizacional e do Trabalho.</s>
    <s>Apresentas de Trabalho</s>
    <s>LISNIOWSKI, S. A. . Dostoievski e Bauman: valores sos e fluidez de sentidos. In: XI Congresso Internacional da ABRALIC: Tessituras, Interas, Convergias, 2008, SPaulo. Anais do XI Congresso Internacional da ABRALIC: Tessituras, Interas, Convergias, 2008. Referias adicionais: Classifica do evento: Internacional; Brasil/ Portugu Homepage: http://www.abralic.org/</s>
    <s>Trabalhos completos publicados em anais de congressos</s>
    <s>LISNIOWSKI, S. A. ; BARRENECHEA, C. A. ; MOURA, V. F. ; SANTOS, P. L. . Hist de vida: mdo de constru coletiva e anse dos processos psicossociais em uma cooperativa popular. In: III Congresso Brasileiro de Psicologia Organizacional e do Trabalho, 2008, Florianopolis. Anais do III Congresso Brasileiro de Psicologia Organizacional e do Trabalho, 2008. Referias adicionais: Classifica do evento: Nacional; Brasil/ Portugu Meio de divulga: Impresso; Homepage: http://www.cbpot2008.com.br/</s>
    <s>Resumos publicados em anais de congressos</s>
    <s>LISNIOWSKI, S. A. . Freud e Kelsen - uma questde paradigma. Revista do curso de Direito, v. v.3, p. 43-58, 2007. ; Meio de divulga: Impresso; ISSN/ISBN: 19800169.</s>
    <s>Artigos completos publicados em perios</s>
    <s>LISNIOWSKI, S. A. . A produ do conhecimento cientco: parte I. Revista Filosofia Capital, v. 3, p. 01-11, 2007. ; Meio de divulga: Digital; Homepage: http://www.filosofiacapital.org/05 artigos.asp; ISSN/ISBN: 19826613.</s>
    <s>Artigos completos publicados em perios</s>
    <s>LISNIOWSKI, S. A. . A produ do conhecimento cientco: parte II. Filosofia Capital, v. 3, p. 01-08, 2007. ; Meio de divulga: Digital; Homepage: http://www.filosofiacapital.org/05 artigos 3edicao.asp; ISSN/ISBN: 19826613.</s>
    <s>Artigos completos publicados em perios</s>
    <s>LISNIOWSKI, S. A. . Migra, sobrevivia e identidade de grupo: da idealiza nser no espaurbano. Urbanidades (Online), v. 5, p. 05-15, 2007. ; Meio de divulga: Digital; Homepage: http://www.urbanidades.unb.br/; Se: 01; ISSN/ISBN: 16790103.</s>
    <s>Artigos completos publicados em perios</s>
    <s>LISNIOWSKI, S. A. . Narcisismo e lasocial: A experiia da ambig nas relas de trabalho. In: XIII Congresso Brasileiro de Sociologia: Desigualdade, Diferen Reconhecimento, 2007, Recife. XIII Congresso Brasileiro de Sociologia: Desigualdade, Diferen Reconhecimento, 2007. Referias adicionais: Classifica do evento: Nacional; Brasil/ Portugu Meio de divulga: Digital; Homepage: http://www.sbsociologia.com.br/congresso v02/papers/gt8%20emancipa,%20cidadania%20e%20reconhecimento/narcisismo%20e%20la20social%20a%20experiia%20da%20ambig%20nas%20relas%20de%20trabalho.pdf</s>
    <s>Trabalhos completos publicados em anais de congressos</s>
    <s>LISNIOWSKI, S. A. . Reflexsobre a Ilusdo Desenvolvimento. 2005. (Apresenta de Trabalho/Conferia ou palestra). Palavras-chave: polca econa; exclus Economia Solida; paradigmas filosos.Referias adicionais: Brasil/Portugu Local: Departamento de Educa; Cidade: Curitiba; Inst. promotora/financiadora: Universidade Federal do Paran/td&gt;</s>
    <s>Apresentas de Trabalho</s>
    <s>LISNIOWSKI, S. A. . O Desenvolvimento da Concep de Sujeito nas Prcas de Trabalho. 2005. (Apresenta de Trabalho/Conferia ou palestra). Palavras-chave: subjetividade; sofrimento; paradigmas filosos; globaliza.Referias adicionais: Brasil/Portugu Local: Departamento de Educa; Cidade: Curitiba; Inst. promotora/financiadora: Universidade Federal do Paran/td&gt;</s>
    <s>Apresentas de Trabalho</s>
    <s>LISNIOWSKI, S. A. ; BARRENECHEA, C. A. ; Luz, Araci Asinelli ; Oliniski, Samantha Oliniski . Metodologia do Estudo na Euca a Distia: um relato de pesquisa. In: Congresso Internacional UFF/CREAD 2005 - A Pedagogia da Esperane a Educa do slo XXI: a socializa das oportunidades e as novas tecnologias, 2005, Rio de Janeiro. Anais do XI Congresso Internacional UFF/Cread, 2005. Referias adicionais: Classifica do evento: Internacional; Brasil/ Portugu Meio de divulga: Digital; Homepage: http://www2.fec.uff.br/cread2005/aprovados.jsp</s>
    <s>Trabalhos completos publicados em anais de congressos</s>
    <s>LISNIOWSKI, S. A. . O Projeto da Economia Solida e a forma da identidade de grupo de uma cooperativa popular. In: I Encontro de Direito e Cultura Latino-americanos: Diversidade, Identidade e Emancipa, 2005, Curitiba. Anais do I Encontro de Direito e Cultura Latino-americanos: Diversidade, Identidade e Emancipa. Curitiba : Programa de Pradua em Direito da UFPR, 2005. v. 43. Referias adicionais: Classifica do evento: Internacional; Brasil/ Portugu Meio de divulga: Impresso; Homepage: http://www.cejur.org.br/site/; ISSN/ISBN: 01043315.</s>
    <s>Trabalhos completos publicados em anais de congressos</s>
    <s>LISNIOWSKI, S. A. . O Projeto da Economia Solida e a Forma da Identidade de Grupo de uma Cooperativa Popular - Qualis A (local), B (Internacional). Revista da Faculdade de Direito. Universidade Federal do Paranv. 43, p. 70, 2005. ; Meio de divulga: Digital; Homepage: http://calvados.c3sl.ufpr.br/ojs2/index.php/direito/article/viewfile/7054/5030; ISSN/ISBN: 01043315.</s>
    <s>Artigos completos publicados em perios</s>
    <s>LISNIOWSKI, S. A. . Reflexsobre a Ilusdo Desenvolvimento. 2005. (Apresenta de Trabalho/Conferia ou palestra). Palavras-chave: exclus globaliza; polca econa; Economia Solida.Referias adicionais: Brasil/Portugu Local: Faculdade de Educa, `Prca Pedaga A: ExtensEscolar`; Cidade: Curitiba; Inst. promotora/financiadora: Universidade Federal do Paran/td&gt;</s>
    <s>Apresentas de Trabalho</s>
    <s>LISNIOWSKI, S. A. . A Psicologia Aplicada ao Marketing. 2005. (Apresenta de Trabalho/Conferia ou palestra). Palavras-chave: identidade; identidade de grupo; subjetividade.Referias adicionais: Brasil/Portugu Local: Departamento de Turismo; Cidade: Curitiba; Inst. promotora/financiadora: Universidade Federal do Paran/td&gt;</s>
    <s>Apresentas de Trabalho</s>
    <s>LISNIOWSKI, S. A. . A Forma da Identidade de Grupo: concep psicossociola. 2005. (Apresenta de Trabalho/Conferia ou palestra). Palavras-chave: identidade de grupo; subjetividade; forma e manuten do grupo.Referias adicionais: Brasil/Portugu Local: Faculdade de Educa; Cidade: Curitiba; Inst. promotora/financiadora: Universidade Federal do Paran/td&gt;</s>
    <s>Apresentas de Trabalho</s>
    <s>LISNIOWSKI, S. A. . As Cinco Dimensda Globaliza e a Ilusdo Desenvolvimento. 2005. (Apresenta de Trabalho/Conferia ou palestra). Palavras-chave: exclus globaliza; polca econa.Referias adicionais: Brasil/Portugu Local: Departamento de Educa, na disciplina `Prca Pedaga A: ExtensEscolar`; Cidade: Curitiba; Inst. promotora/financiadora: Universidade Federal do Paran/td&gt;</s>
    <s>Apresentas de Trabalho</s>
    <s>LISNIOWSKI, S. A. . A Psicologia Aplicada ao Marketing. 2004. (Apresenta de Trabalho/Conferia ou palestra). Palavras-chave: identidade; identidade de grupo; subjetividade; paradigmas filosos.Referias adicionais: Brasil/Portugu Local: Departamento de Turismo; Cidade: Curitiba; Inst. promotora/financiadora: Universidade Federal do Paran/td&gt;</s>
    <s>Apresentas de Trabalho</s>
    <s>LISNIOWSKI, S. A. ; BARRENECHEA, C. A. . Aprendizagem colaborativa mediada por ambiente educacional na Internet. In: XVIII Semana de Ensino Pesquisa e Extens 2004, Curitiba. ANAIS da XVIII Semana de Ensino Pesquisa e Extens Curitiba : Setor de Educa da UFPR, 2004. Referias adicionais: Classifica do evento: Regional; Brasil/ Portugu Meio de divulga: Impresso</s>
    <s>Trabalhos completos publicados em anais de congressos</s>
    <s>LISNIOWSKI, S. A. . A Organiza do Trabalho na Sociedade Atual - tendias cooperativas e competitivas. ainda npublicado, 2003. Referias adicionais: Brasil/Portugu/td&gt;</s>
    <s>Artigos completos publicados em perios</s>
    <s>LISNIOWSKI, S. A. . Um Caso de Asso Moral no EspaPo - Qualis A(Local) C(Nacional). Direito em Revista (Francisco Beltr, Francisco Beltr v. 04, n. 04, p. 153-176, 2003. Palavras-chave: asso moral; direitos; setor po.Grande a: Ciias Humanas / ea: Psicologia. Grande a: Ciias Sociais Aplicadas / ea: Direito. Grande a: Ciias Humanas / ea: Educa. ; Meio de divulga: Impresso; Homepage: http://www.cesul.br; Se: 2003; ISSN/ISBN: 16760700.</s>
    <s>Artigos completos publicados em perios</s>
    <s>LISNIOWSKI, S. A. . A Organiza do Trabalho na Sociedade Atual tendias competitivas e cooperativas. In: I Semino, 2002. Anais do I Semino, 2002. Referias adicionais: Classifica do evento: Regional; Brasil/ Portugu/td&gt;</s>
    <s>Resumos publicados em anais de congressos</s>
    <s>LISNIOWSKI, S. A. . Sujeitos de Gro ou Sujeitos ao Gro - Qualis A(Local) B(Internacional). Revista da Faculdade de Direito. Universidade Federal do ParanPorto Alegre, v. 34, n. 36, p. 303-316, 2001. Palavras-chave: gro; identidade; feminismo.Grande a: Ciias Sociais Aplicadas / ea: Direito. Grande a: Ciias Humanas / ea: Psicologia. ; Meio de divulga: Impresso; Homepage: http://www.sintese.com; Se: 33; ISSN/ISBN: 01043315. Cole Acadca de Direito.</s>
    <s>Artigos completos publicados em perios</s>
    <s>LISNIOWSKI, S. A. ; SOCHER, T. ; Polak, Y. N. de Souza ; MAIA, E. R. . Compreendendo o Significado do que er Adulto - Qualis:B(Nacional). Cogitare Enfermagem (UFPR), Curitiba - UFPR, v. IV, n. n. 1, p. 33-50, 1999. ; Meio de divulga: Impresso; Se: 1; ISSN/ISBN: 14148536.</s>
    <s>Artigos completos publicados em perios</s>
    <s>Polak, Y. N. de Souza ; LISNIOWSKI, S. A. . O Cotidiano do Adulto na Pola Militar do Guatup Qualis B (Enfermagem). In: Encontro de Inicia Cientca da UFPR (EVINCI), 1999, Curitiba. Anais do 7 Evento de Inicia Cientca - UFPR - EVINCI/99. Curitiba : Editora UFPR, 1999. Referias adicionais: Classifica do evento: Nacional; Brasil/ Portugu Meio de divulga: Impresso</s>
    <s>Resumos publicados em anais de congressos</s>
    <s>LISNIOWSKI, S. A. ; Polak, Y. N. de Souza . A fo processo saoen In: : XI Congresso Cientco do Hospital de Clcas e Setor de Ciias da Saa UFPR, 1999, Curitiba. Anais do XI Congresso Cientco do Hospital de Clcas e Setor de Ciias da Saa UFPR, 1999. Referias adicionais: Classifica do evento: Regional; Brasil/ Portugu Meio de divulga: Impresso</s>
    <s>Resumos publicados em anais de congressos</s>
    <s>LISNIOWSKI, S. A. ; Polak, Y. N. de Souza ; MAIA, E. R. . Corpo, Sexualidade e Representas - Qualis:B(Nacional). Cogitare Enfermagem (UFPR), Curitiba - UFPR, v. 3, n. n 1, p. 8-20, 1998. ; Meio de divulga: Impresso; Homepage: http://nestnline a edi de 1998; Se: 2; ISSN/ISBN: 14148536.</s>
    <s>Artigos completos publicados em perios</s>
    <s>Polak, Y. N. de Souza ; LISNIOWSKI, S. A. . Corpo, Sexualidade e Representas. 1998. (Apresenta de Trabalho/Conferia ou palestra). Palavras-chave: feminismo; gro; subjetividade.Referias adicionais: Brasil/Portugu Local: Centro de Ciias da Sano Encontro `Fazendo Gro 3: Gro e SaCidade: Florianis; Inst. promotora/financiadora: Universidade Federal de Santa Catarina.</s>
    <s>Apresentas de Trabalho</s>
    <s>LISNIOWSKI, S. A. . A Percep do Adulto no Contexto Social Atual - Qualis B (Enfermagem). In: 6 Evento de Inicia Cientca - UFPR - EVINCI/98, 1998, Curitiba. Anais do 6 Evento de Inicia Cientca - UFPR - EVINCI/98. Curitiba : Editora UFPR, 1998. p. 493-493. Referias adicionais: Classifica do evento: Nacional; Brasil/ Portugu Meio de divulga: Impresso</s>
    <s>Resumos publicados em anais de congressos</s>
    <s>Produçao tecnica</s>
    <s>LISNIOWSKI, S. A. . Relat Tico &quot;Aspectos teos e metodolos dos Estudos em Desenvolvimento Regional Sustentl&quot;. 2010. (Relat de pesquisa). Referias adicionais: Brasil/Portugu Meio de divulga: Impresso; Disponibilidade: ; Projeto de pesquisa: Desenvolvimento Regional Sustentl e Arranjos Produtivos Locais; N pnas: 120; Inst. promotora/financiadora: IPEA.</s>
    <s>Demais tipos de produ tica</s>
    <s>LISNIOWSKI, S. A. . Didca do Ensino Superior. 2004. (Desenvolvimento de material didco ou instrucional - Material Impresso para a disciplina `Didca do Ensino Superior`). Palavras-chave: didca; paradigmas filosos; metodologia.Grande a: Ciias Humanas / ea: Educa / Suba: EDUCAO A DISTCIA. Grande a: Ciias Humanas / ea: Educa / Suba: Ensino-Aprendizagem / Especialidade: Mdos e Ticas de Ensino. Setores de atividade: Forma Permanente e Outras Atividades de Ensino, Inclusive Educa Distia e Educa Especial. Referias adicionais: Brasil/Portugu Meio de divulga: Hipertexto; Homepage: http://sistema.educon.com.br/; Finalidade: Texto base da disciplina ministrada em um Curso de Especializa.</s>
    <s>Demais tipos de produ tica</s>
    <s>LISNIOWSKI, S. A. . Curso de Especializa em Direito Cooperativo na Modalidade a Distia. 2001. (Projeto Tico). Referias adicionais: Brasil/Portugu Finalidade: Projeto Tico como monografia do Curso de Especializa em EAD; Local: N de Educa a Distia - NEAD; Cidade: Curitiba; Inst. promotora/financiadora: Universidade Federal do Paran/td&gt;</s>
    <s>Demais tipos de produ tica</s>
    <s>Orienta de monografia. Orienta de 18 trabalhos de conclusdo Curso de Especializa em EAD - CEAD/UnB. 2010. Monografia. (Aperfeimento/Especializa em Especializa em Educa a Distia) - Universidade de Brasa. Orientador: Simone Aparecida Lisniowski. Referias adicionais: Brasil/Portugu Tipo de orienta: Orientador principal.</s>
    <s>Monografia de conclusde curso de aperfeimento/especializa</s>
    <s>Alunos do 8o. pero de psicologia. Vos grupos realizaram &quot;Diagnco Institucional&quot; e &quot;Plano de Interven&quot;. 2005. Orienta de outra natureza. (Psicologia) - Universidade Federal do ParanOrientador: Simone Aparecida Lisniowski. Palavras-chave: anse institucional; anse organizacional; subjetividade; interven.Referias adicionais: Brasil/Portugu Tipo de orienta: Orientador principal.</s>
    <s>Orientas de outra natureza</s>
    <s>Cinco grupos de alunos de gradua. Cinco projetos de pesquisa. 2005. Orienta de outra natureza. (Psicologia) - Universidade Federal do ParanOrientador: Simone Aparecida Lisniowski. Referias adicionais: Brasil/Portugu Tipo de orienta: Orientador principal.</s>
    <s>Orientas de outra natureza</s>
    <s>Patra Leal Santos e Venicius Fernando Moura. Hist de vida: uma metodologia de trabalho nas cooperativas populares. 2004. Orienta de outra natureza. (Psicologia) - Universidade Federal do ParanOrientador: Simone Aparecida Lisniowski. Palavras-chave: hist de vida; Economia Solida; identidade de grupo.Referias adicionais: Brasil/Portugu Tipo de orienta: Orientador principal.</s>
    <s>Orientas de outra natureza</s>
    <s>Orienta de sete bolsistas no projeto de extens Projeto Fazendo Escola. 2001. Orienta de outra natureza. (Projeto de Extens&quot;Fazendo Escola&quot;- PROGRAD) - Universidade Federal do ParanPreitoria de Gradua da UFPR. Orientador: Simone Aparecida Lisniowski. Referias adicionais: Brasil/Portugu Tipo de orienta: Orientador principal.</s>
    <s>Orientas de outra natureza</s>
    <s>Participaçao em bancas examinadoras</s>
    <s>LISNIOWSKI, S. A.. Participa em banca de Curso de Especializa em EAD/CEAD/UnB. Participa em 8 bancas examinadoras. 2009. Monografia (Aperfeimento/Especializa em Especializa em Educa a Distia) - Universidade de Brasa. Referias adicionais: Brasil/Portugu</s>
    <s>Monografias de cursos de aperfeimento/especializa</s>
    <s>Participaçao em bancas de comissoes julgadoras</s>
    <s>Nenhum item encontrado.</s>
    <s>Participaçao em eventos</s>
    <s>XI Congresso Internacional da ABRALIC: Tessituras, Interas, Convergias.Dostoievski e Bauman: valores sos e fluidez de sentidos. 2008. (Congresso). Referias adicionais: Brasil/ tipo de participa: Apresenta Oral forma de participa: Participante.</s>
    <s>Participa em eventos</s>
    <s>III Congresso Brasileiro de Psicologia Organizacional e do Trabalho.Hist de vida: mdo de constru coletiva e anse dos processos psicossociais em uma cooperativa popular e O processo de constru da identidade de grupo em uma cooperativa popular. 2008. (Congresso). Referias adicionais: Brasil/ tipo de participa: Apresenta Oral forma de participa: Participante.</s>
    <s>Participa em eventos</s>
    <s>XIII Congresso Brasileiro de Sociologia: Desigualdade, Diferen Reconhecimento.Narcisismo e LaSocial: a experiia da ambig nas relas de trabalho. 2007. (Congresso). Referias adicionais: Brasil/ tipo de participa: Apresenta Oral forma de participa: Participante; Homepage: www.sbs.org.</s>
    <s>Participa em eventos</s>
    <s>Videoconferia &quot;Horizonte Cooperativo: Polca e Projeto. 2005. (Encontro). Referias adicionais: Brasil/ forma de participa: Ouvinte.</s>
    <s>Participa em eventos</s>
    <s>I Encontro de Direito e Cultura Latino-americanos: Diversidade, Identidade e Emancipa.Participa como Ouvinte e com Apresenta de Trabalho. 2005. (Encontro). Referias adicionais: Brasil/ tipo de participa: Apresenta Oral forma de participa: Participante; Homepage: http://www.cejur.org.br/site/.</s>
    <s>Participa em eventos</s>
    <s>Semana de Psicologia da Universidade Federal do Paransicologia e Economia Solida. 2005. (Encontro). Referias adicionais: Brasil/ tipo de participa: Simposiasta forma de participa: Convidado.</s>
    <s>Participa em eventos</s>
    <s>I Conferia Nacional de Economia Solida.`Grupo de Trabalho` da Conferia. 2005. (Outra). Referias adicionais: Brasil/ tipo de participa: Moderador forma de participa: Convidado.</s>
    <s>Participa em eventos</s>
    <s>VII Congresso Nacional de Direitos Humanos: Um Brasil sem Violia - Tarefa de Todos. 2002. (Congresso). Referias adicionais: Brasil/ forma de participa: Ouvinte.</s>
    <s>Participa em eventos</s>
    <s>I Semino &quot;Movimentos Sociais, Cooperativismo e Direitos Humanos.A Organiza do Trabalho na Sociedade Atual tendias competitivas e cooperativas. 2002. (Semino). Referias adicionais: Brasil/ tipo de participa: Apresenta Oral forma de participa: Participante.</s>
    <s>Participa em eventos</s>
    <s>XXV Abrapso: Psicologia Social e Transforma da Realidade Brasileira. 2001. (Congresso). Referias adicionais: Brasil/ forma de participa: Ouvinte.</s>
    <s>Participa em eventos</s>
    <s>VI Semino Internacional da Rede Universita das Amcas em Estudos Cooperativos e Associativismo. 2001. (Semino). Referias adicionais: Brasil/ forma de participa: Ouvinte.</s>
    <s>Participa em eventos</s>
    <s>II Semino de Direito Cooperativo. 2000. (Semino). Referias adicionais: Brasil/ forma de participa: Ouvinte.</s>
    <s>Participa em eventos</s>
    <s>II Semino de EAD - Consolidando uma Nova Trajet. 2000. (Semino). Referias adicionais: Brasil/ forma de participa: Ouvinte.</s>
    <s>Participa em eventos</s>
    <s>III Semino de EAD - O Repensar, o Discutir da EAD na UFPR. 2000. (Semino). Referias adicionais: Brasil/ forma de participa: Ouvinte.</s>
    <s>Participa em eventos</s>
    <s>Semino Reestrutura Produtiva e Relas deTrabalho e Economia Solida. 1999. (Semino). Referias adicionais: Brasil/ forma de participa: Ouvinte.</s>
    <s>Participa em eventos</s>
    <s>I Encontro para o Semino Nacional em Sao Adulto. 1999. (Encontro). Referias adicionais: Brasil/ forma de participa: Ouvinte.</s>
    <s>Participa em eventos</s>
    <s>XI Jornada de Psicanse. 1999. (Outra). Referias adicionais: Brasil/ forma de participa: Ouvinte.</s>
    <s>Participa em eventos</s>
    <s>Encontro Teo-Clinico do Servide Psicologia do Hospital de Clcas.A Psicologia Clca No Hospital. 1998. (Encontro). Referias adicionais: Brasil/ tipo de participa: Apresenta Oral forma de participa: Participante.</s>
    <s>Participa em eventos</s>
    <s>Encontro Teo-Clco do Servide Psicologia do Hospital de Clcas - UFPR.A Transferia. 1998. (Encontro). Referias adicionais: Brasil/ tipo de participa: Apresenta Oral forma de participa: Participante.</s>
    <s>Participa em eventos</s>
    <s>Fazendo Gro 3: Gro e Saa Universidade Federal de Santa Catarina.Corpo, Sexualidade e Representas no Encontro Fazendo Gro 3: Gro e Saa Universidade Federal de Santa Catarina. 1998. (Encontro). Referias adicionais: Brasil/ tipo de participa: Apresenta Oral forma de participa: Participante.</s>
    <s>Participa em eventos</s>
    <s>I Congresso Sul Brasileiro de Psico-oncologia.I Congresso Sul Brasileiro de Psico-oncologia. 1997. (Congresso). Referias adicionais: Brasil/Portugu</s>
    <s>Participa em eventos</s>
    <s>II Semino Nacional em Sao Adulto.Participa como Ouvinte no II Semino Nacional em Sao Adulto. 1997. (Semino). Referias adicionais: Brasil/Portugu</s>
    <s>Participa em eventos</s>
    <s>Curso &quot;Cade a Psicologia que tava aqui?&quot;.Participa como Ouvinte no Curso &quot;Cad Psicologia que tava aqui?&quot;. 1997. (Outra). Referias adicionais: Brasil/Portugu</s>
    <s>Participa em eventos</s>
    <s>X Encontro Regional de Estudantes de Psicologia.Participa como Ouvinte no X Encontro Regional de Estudantes de Psicologia. 1996. (Encontro). Referias adicionais: Brasil/Portugu</s>
    <s>Participa em eventos</s>
    <s>Curso &quot;Psicofarmacoterapia&quot;.Participa como Ouvinte no Curso &quot;Psicofarmacoterapia&quot;. 1996. (Outra). Referias adicionais: Brasil/Portugu</s>
    <s>Participa em eventos</s>
    <s>Curso &quot;Psicologia Comunita&quot; do X EREP.Participa como Ouvinte no Curso &quot;Psicologia Comunita&quot;. 1996. (Outra). Referias adicionais: Brasil/Portugu</s>
    <s>Participa em eventos</s>
    <s>Curso &quot; Mem Grega, Mito Grego e Teatro Clico Grego&quot;.Participa como Ouvinte no Curso &quot; Mem Grega, Mito Grego e Teatro Clico Grego&quot;. 1996. (Outra). Referias adicionais: Brasil/Portugu</s>
    <s>Participa em eventos</s>
    <s>I Encontro de Trabalho Comunito e Social de Curitiba e RegiMetropolitana. 1994. (Encontro). Referias adicionais: Brasil/ forma de participa: Ouvinte.</s>
    <s>Participa em eventos</s>
    <s>Curso &quot;Nietzsche e a Crca etafca&quot;.Participa como Ouvinte no Curso &quot;Nietzsche e a Crca etafca&quot;. 1994. (Outra). Referias adicionais: Brasil/Portugu</s>
    <s>Participa em eventos</s>
  </text>
</page>
