<?xml version="1.0" encoding="UTF-8"?>
<!DOCTYPE page SYSTEM "page.dtd">
<page>
  <lang>pt</lang>
  <url>http://comunicacao.fflch.usp.br/node/536</url>
  <title>Boletim Acontece na FFLCH-USP nº 83 | Comunicação Social</title>
  <snippet>
    <s>Local: Prédio da Administração da Faculdade, Salão Nobre. do Estado de São Paulo, em Guarulhos, com a conferência &quot;Quem tem medo de Mary Burns? </s>
  </snippet>
  <text>
    <s>A FFLCH</s>
    <s>Skip to Content</s>
    <s>Buscar neste site:</s>
    <s>Comunicação Social</s>
    <s>Faculdade de Filosofia, Letras e Ciências Humanas - USP</s>
    <s>Quem somos</s>
    <s>Início » Boletim Acontece na FFLCH-USP nº 83</s>
    <s>Boletim Acontece na FFLCH-USP nº 83</s>
    <s>Outorga do Titulo de Professor Emerito a Davi Arrigucci Junior</s>
    <s>A Diretoria da Faculdade convida para a Cerimonia de Outorga do Titulo de Emerito ao Prof. Dr. Davi Arrigucci Junior. Acesse o convite.</s>
    <s>Data: 19 de maio de 2011</s>
    <s>Horario: 14h30</s>
    <s>Local: Predio da Administraçao da Faculdade, Salao Nobre. Rua do Lago, 717, Cidade Universitaria, Sao Paulo</s>
    <s>Homenagem ao Prof. Aziz Ab' Saber, com o lançamento do livro &quot;A obra de Aziz Nacib Ab' Saber&quot;</s>
    <s>O Centro Academico de Geografia e a Editora Beca promovem nesta quarta feira, dia 11 de maio, homenagem ao Professor Aziz Ab' Saber, por ocasiao do lançamento do livro &quot;A obra de Aziz Nacib Ab' Saber&quot;. O livro e uma reuniao da produçao academica do geografo que conta com quase 500 artigos. Alem disso, ha artigos de especialistas que comentam os textos do professor.</s>
    <s>Havera palestra com o homenageado e com o Prof. Jose Bueno Conti.</s>
    <s>Data: 11 de maio de 2011</s>
    <s>Horario: 18h00</s>
    <s>Local: Anfiteatro de Historia. Av. Prof. Lineu Prestes, 338, Cidade Universitaria, Sao Paulo</s>
    <s>Conferencia: &quot;Quem tem medo de Mary Burns? A questao da relaçao entre teoria e pesquisa na Sociologia&quot;, Prof. Dr. Jose de Souza Martins</s>
    <s>Jose de Souza Martins, Professor Emerito do Departamento de Sociologia da Faculdade, participa da IV Semana de Ciencias Sociais do Programa de Pos-graduaçao da Universidade Federal do Estado de Sao Paulo, em Guarulhos, com a conferencia &quot;Quem tem medo de Mary Burns? A questao da relaçao entre teoria e pesquisa na Sociologia&quot;. Acesse a Programaçao completa do evento.</s>
    <s>Data: 11 de maio de 2011</s>
    <s>Horario: 17h30</s>
    <s>Local: Estrada do Caminho Velho, 333, Bairro dos Pimentas, Guarulhos</s>
    <s>&quot;Terra deu, Terra come&quot;. Exibiçao de Documentario com a presença do diretor, Rodrigo Siqueira</s>
    <s>A Profa. Dra. Cristina Wissenbach (Departamento de Historia) convida para a exibiçao do documentario &quot;Terra deu, Terra come&quot;, com a presença do diretor, Rodrigo Siqueira.</s>
    <s>Data: 12 de maio de 2011</s>
    <s>Horario: 15h00</s>
    <s>Local: Anfiteatro de Historia. Av. Prof. Lineu Prestes, 338, Cidade Universitaria, Sao Paulo</s>
    <s>Exposiçao: &quot;Rastros e raças de Louis Agassiz. Fotografia, Corpo e Ciencia&quot;</s>
    <s>A exposiçao &quot;Rastros e raças de Louis Agassiz: Fotografia, Corpo e Ciencia- Fotografias da Expediçao Thayer de Louis Agassiz&quot; estara no Centro Universitario Maria Antonia ate o proximo domingo, dia 15. O evento faz parte do Modulo I do Ciclo Roger Casement: Viajantes na Amazonia dos Seculos XIX e XX, coordenado pelas Profas. Dras. Laura Izarra (DLM) e Maria Helena P. T. Machado (DH). Acesse a programaçao completa.</s>
    <s>Data: 07 de abril a 15 de maio de 2011</s>
    <s>Visitaçao: terça a sexta, das 10 as 21h, sabados, domingos e feriados, das 10 as 18h</s>
    <s>Local: Centro Universitario Maria Antonia, Edificio Joaquim Nabuco. Rua Maria Antonia, 258, Sao Paulo</s>
    <s>IV Jornada Geoensino: &quot;A urgente e necessaria unidade da Geografia para a Educaçao Basica&quot;</s>
    <s>O Lemadi, Laboratorio de Ensino e Material Didatico, do Departamento de Geografia da Faculdade, promove no proximo dia 16 de maio, a 1ª etapa da &quot;IV Jornada Geoensino&quot;, com a mesa redonda &quot;A urgente e necessaria unidade da Geografia para a Educaçao Basica&quot;. Incriçoes gratuitas pelo e-mail geoensino2011@gmail.com. Serao emitidos certificados aos participantes.</s>
    <s>Data: 16 de maio de 2011</s>
    <s>Horario: 19h30</s>
    <s>Local: Anfiteatro de Geografia. Av. Prof. Lineu Prestes, 338, Cidade Universitaria, Sao Paulo</s>
    <s>Palestra: &quot;A Russia Pos-sovietica: 20 anos de transformaçao&quot;, com Svetlana Ruseishvili</s>
    <s>O Laboratorio de Estudos da Ásia (LEA) da Faculdade promove por ocasiao dos 20 anos do final da URSS e do aniversario de criaçao da Federaçao Russa atual, a palestra &quot;A Russia Pos-sovietica: 20 anos de transformaçao&quot;, com Svetlana Ruseishvili.</s>
    <s>Data: 18 de maio de 2011</s>
    <s>Horario: 18h30</s>
    <s>Local: Anfiteatro de Historia. Av. Prof. Lineu Prestes, 338, Cidade Universitaria, Sao Paulo</s>
    <s>Leia mais</s>
    <s>Seminario: &quot;Historia e Teoria Politica e Social&quot;</s>
    <s>A Coordenaçao de Seminarios do Departamento de Ciencia Politica (Professores Adrian Gurza Lavalle e Rogerio Arantes), convida para o Seminario: &quot;Historia e Teoria Politica e Social&quot;, a ser dirigido pelo Prof. Dr. Marcelo Jasmin (PUC-RJ).</s>
    <s>Data: 19 de maio de 2011</s>
    <s>Horario: 17h30</s>
    <s>Local: Predio de Filosofia e Ciencias Sociais, sala 14. Av. Prof. Luciano Gualberto, 315 Cidade Universitaria, Sao Paulo</s>
    <s>Leia mais</s>
    <s>Conferencia: &quot;A escritura e a voz ou como Derrida escreve a voz de Valery&quot;, com Prof. Dr. Roberto Zular (DTLLC)</s>
    <s>O Grupo de Estudos Literatura Loucura Escritura - GELLE, coordenado pela Profa. Dra. Veronica Galindez Jorge (DLM), convida os interessados a participarem de suas jornadas. A proxima conferencia &quot; A escritura e a voz ou como Derrida escreve a voz de Valery&quot; sera ministrada pelo Prof. Dr. Roberto Zular (DTLLC). Mais informaçoes aqui.</s>
    <s>Data: 20 de maio de 2011</s>
    <s>Horario: 10h00 as 12h00</s>
    <s>Local: Predio de Letras, sala 102. Av. Prof. Luciano Gualberto, 403, Cidade Universitaria, Sao Paulo</s>
    <s>Seminario: &quot;Revoluçoes, uma politica do sensivel&quot;</s>
    <s>Acontece nos proximos dias 20 e 21 de maio, no Sesc Pinheiros, o seminario &quot;Revoluçoes, uma politica do sensivel&quot;, que conta com a participaçao dos Profs. Drs. Marilena Chaui , Vladimir Safatle, Emir Sader , entre outros. As inscriçoes sao gratuitas e estao abertas ate o dia 18 de maio no site www.revolucoes.org.br, onde podem ser obtidas mais informaçoes sobre a programaçao completa do evento. Serao emitidos certificados aos participantes.</s>
    <s>Data: 20 e 21 de maio de 2011</s>
    <s>Local: SESC Pinheiros, Teatro Paulo Autran. Rua Paes Leme, 195, Pinheiros, Sao Paulo</s>
    <s>Videos em Destaque</s>
    <s>Serie Produçao Academica Premiada</s>
    <s>Quem somos</s>
    <s>Copyright (C) 2011 Comunicação Social.</s>
    <s>Rua do Lago, 717 CEP: 05508-080 - Cidade Universitaria Sao Paulo - SP / Brasil</s>
    <s>Telefones: (11) 3091.4612 / 3091.4938 / 3091.1513 | Fax: (11) 3091.4612 | E-mail: comunicacaofflch@usp.br</s>
  </text>
</page>
