<?xml version="1.0" encoding="UTF-8"?>
<!DOCTYPE page SYSTEM "page.dtd">
<page>
  <lang>pt</lang>
  <url>http://culturabahia.com/2011/09/28/conferencia-de-barreiras-tera-filarmonicas-e-documentario-na-praca/</url>
  <title>Conferência de Barreiras terá filarmônicas e documentário na praça «</title>
  <snippet>
    <s>28 set. 2011 Quem mora na região de Barreiras acaba de assistir, agora ao meio-dia, pela TV o convite para participar da abertura da conferência territorial de cultura, hoje ( 28), informa Renata Camarotti, coordenadora da Caravana Camarão, que acaba de Guest; Iniciar Sessão; Iniciar Sessão; Iniciar Sessão </s>
  </snippet>
  <text>
    <s>Pular para o conteúdo</s>
    <s>O que é</s>
    <s>Texto Base</s>
    <s>Caminhos das Conferências</s>
    <s>Conferências Anteriores</s>
    <s>Conferência de Barreiras terá filarmônicas e documentário na praça</s>
    <s>setembro 28, 2011</s>
    <s>por conferenciadecultura</s>
    <s>Quem mora na região de Barreiras acaba de assistir, agora ao meio-dia, pela TV Oeste (Rede Bahia), o convite para participar da abertura da conferência territorial de cultura, hoje (28), a partir das 19h, no centro cultural da Praça Landulfo Alves.</s>
    <s>&quot;As inscrições para participar dos debates abrem às 18h e logo depois começam as apresentações artísticas: as filarmônicas Filhos do Oeste e 26 de Maio&quot;, informa Renata Camarotti, coordenadora da Caravana Camarão, que acaba de chegar no território da Bacia do Rio Grande.</s>
    <s>Outra atração será a exibição do documentário Do Buriti à Pintada - Lamarca e Zequinha na Bahia, dirigido por Reizinho Pereira dos Santos e narrador por Paulo Betti. O filme poderá ser assistido na praça Landulfo Alves, a partir das 21h.</s>
    <s>Toda a programação é gratuita. Amanhã, quinta, os participantes dos debates se dividem em seis grupos de trabalho para discutir as demandas dos 14 municípios do território da Bacia do Rio Grande, e elaborar um documento com propostas para serem levadas a Vitória da Conquista, na Conferência Estadual.</s>
    <s>Ontem pela manhã, a caravana Camarão saiu de Salvador e atravessou o mapa da Bahia na direção Oeste, até Ibotirama. O pernoite foi às margens do Rio São Francisco, logo depois da cantoria regional do músico, poeta e coordenador de macroterritório Cleber Edoão, de Bom Jesus da Lapa, território do Velho Chico.</s>
    <s>Em Ibotirama, a caravana também parou para conhecer o Ponto de Cultura Tarrafa Cultural, do território do Velho Chico. O coordenador das atividades, Joilson Melo, 42, apresentou o espaço e contou que as oficinas pontuais e continuadas de teatro, violão, canto, cordel, audiovisual, têm sido bem procuradas não só por moradores da cidade, como de municípios vizinhos.</s>
    <s>O diretor pedagógico, Reginaldo Pereira, contou que é irmão de Reizinho, diretor do documentário que abre a conferência de Barreiras.</s>
    <s>Share this:</s>
    <s>Like this:</s>
    <s>Be the first to like this post.</s>
    <s>from -&gt; Conferências Territoriais, Notícias</s>
    <s>&lt;- Caminhos das Conferências: Serrinha</s>
    <s>Serrinha abre a conferência com tambores do Afroreggae Jamaica -&gt;</s>
    <s>No comments yet</s>
    <s>Deixar uma Resposta Cancelar resposta</s>
    <s>Escreva o seu comentário aqui </s>
    <s>Iniciar Sessão</s>
    <s>Iniciar Sessão</s>
    <s>Iniciar Sessão</s>
    <s>Email (obrigatório) (Not published)</s>
    <s>Nome (obrigatório)</s>
    <s>!WordPress.com Logo</s>
    <s>Please log in to WordPress.com to post a comment to your blog.</s>
    <s>!Imagem do Twitter</s>
    <s>You are commenting using your Twitter account. ( Log Out )</s>
    <s>!Facebook photo</s>
    <s>You are commenting using your Facebook account. ( Log Out )</s>
    <s>Connecting to %s</s>
    <s>Notificar-me os comentários mais recentes via e-mail.</s>
    <s>Notifique-me de novos artigos por e-mail</s>
    <s>Selecionar categoria Caminhos das Conferências Conferência Estadual Conferências Municipais Conferências Setoriais Conferências Territoriais Diários dos Territórios Documentos Multimídia Notícias Programação Uncategorized</s>
    <s>Fundação Pedro Calmon</s>
    <s>Pelourinho Cultural</s>
    <s>Receba nossas atualizações</s>
    <s>Blog no WordPress.com.</s>
    <s>Theme: Vigilance by The Theme Foundry.</s>
    <s>Get every new post delivered to your Inbox.</s>
    <s>Powered by WordPress.com</s>
  </text>
</page>
