<?xml version="1.0" encoding="UTF-8"?>
<!DOCTYPE page SYSTEM "page.dtd">
<page>
  <lang>pt</lang>
  <url>http://moodle.epinfante.com/moodle1011/file.php%3Ffile%3D%252F284%252Fmoddata%252Fforum%252F427%252F188%252FPLANEAMENTO_E_ORGANIZA_O.pptx</url>
  <title>PLANEAMENTO E ORGANIZAÇÃO</title>
  <snippet>
    <s>Para banquetes, os tampos das mesas redondas variam entre 1,5m e 2m de diametro Postos de atendimento nos hotéis: Em função do tamanho e importância do evento e dos seus convidados, Apoiar a sala onde decorre a Conferência, ou as salas . Deve estar prevista uma pequena sala para os palestrantes poderem </s>
  </snippet>
  <text>
    <s>Escola Profissional do Infante</s>
    <s>Utilizador não identificado. (Entrar)</s>
    <s>Encontra-se em</s>
    <s>/ ► Entrar no sítio</s>
    <s>Língua English (en) Português - Portugal (pt)</s>
    <s>Acesso para utilizadores já inscritos!</s>
    <s>Para aceder precisa do seu nome de utilizador e senha</s>
    <s>(Tem que activar o suporte para Cookies no seu navegador)</s>
    <s>Nome de utilizador</s>
    <s>Algumas disciplinas podem aceitar visitantes</s>
    <s>Se esqueceu o seu nome de utilizador ou senha:</s>
    <s>Utilizador não identificado. (Entrar)</s>
    <s>Página principal</s>
    <s>Validate HTML</s>
    <s>Section 508 Check</s>
    <s>WCAG 1 (2,3) Check</s>
  </text>
</page>
