<?xml version="1.0" encoding="UTF-8"?>
<!DOCTYPE page SYSTEM "page.dtd">
<page>
  <lang>pt</lang>
  <url>http://cafehistoria.ning.com/xn/detail/1980410:Comment:534258%3Fxg_source%3Dactivity</url>
  <title>UMA VISÃO BÁSICA DA BÍBLIA - Cafe Historia</title>
  <snippet>
    <s>1 dez. 2010 José Raimundo Vidigal, CSsR, revisor Clóvis Barleta de Morais, Bíblia Sagrada, Tradução da CNBB (Conferência Nacional dos Bispos do Brasil), O que acontece é que eles, por não terem aceito Jesus como Filho de Eu disse no artigo anterior que li no Israel Hoje as coisas sobre os Fariseus . </s>
  </snippet>
  <text>
    <s>Torne-se membro!</s>
    <s>A Sua Rede Social de Historia - Inscreva-seÉ rapido e gratuito!</s>
    <s>Minha pagina</s>
    <s>Leia antes de criar</s>
    <s>Leia antes de adicionar</s>
    <s>Veja as fotos da rede</s>
    <s>Historia do Brasil</s>
    <s>Segunda Guerra Mundial</s>
    <s>Historia de Cuba</s>
    <s>Egito Antigo</s>
    <s>Grecia Antiga</s>
    <s>Historia Medieval</s>
    <s>Educaçao e Historia</s>
    <s>Historia da Arte</s>
    <s>Outros videos</s>
    <s>Fabio Koifman</s>
    <s>Monica Grin</s>
    <s>Paulo Paim</s>
    <s>Ricardo Salles</s>
    <s>Cristina Meneguello</s>
    <s>Renata Rezende</s>
    <s>Marco Antonio Villa</s>
    <s>Selma Zalcman</s>
    <s>Hilario Franco Jr.</s>
    <s>Meize Regina de Lucena</s>
    <s>Luis Edmundo Morais</s>
    <s>Materias Antigas</s>
    <s>Saiba Mais!</s>
    <s>O que e o Cafe Historia</s>
    <s>Anuncie no Cafe Historia</s>
    <s>O Cafe Historia na Midia</s>
    <s>Faq | Tutorial</s>
    <s>Fale Conosco</s>
    <s>Divulgaçao | Parceria</s>
    <s>Promoçoes Culturais</s>
    <s>Informaçoes importantes</s>
    <s>OlaSeja Bem-Vindo!</s>
    <s>Esta é uma rede social baseada no modelo de web colaborativa voltada para estudantes, professores, pesquisadores ou simples apaixonados por história. É um espaço para se ler notícias, publicar textos, acessar vídeos, participar de debates, trocar idéias, conhecimentos e informações.</s>
    <s>Nosso objetivo é oferecer o melhor espaço possível para o estudo e a divulgação da história e também de temas educacionais.</s>
    <s>Quer falar com o criador do Café História? Clique aqui.</s>
    <s>Abraanh Lincon ou Kennedy, qual foi o melhor presidente dos Estados Unidos?</s>
    <s>Iniciado por carlos esteves em Nao-categorizado. Última resposta de Fernando Pinto da Silva 7 minutos atrás . 4 Respostas 0 Curtiram isto</s>
    <s>A greve como mecanismo na busca por melhores condiçoes de trabalho e de salario ainda pode trazer resultados satisfatorios aos trabalhadores?</s>
    <s>Iniciado por Luiz Ricardo Leite dos Santos em Nao-categorizado. Última resposta de Benildo Nery Moreira ontem. 3 Respostas 0 Curtiram isto</s>
    <s>Sera etico uma cidada so depois de investida em cargo publico, visitar seus parentes em outro continente, usando das prerrogativas que o cargo lhe confere?</s>
    <s>Iniciado por sergio braga osorio em Nao-categorizado ontem. 0 Respostas 0 Curtiram isto</s>
    <s>Adicionar uma Discussão de história</s>
    <s>Exibir todos</s>
    <s>Conceito e Utilidade da Historia</s>
    <s>Adicionado por Joao Andre P O Araujo 3 Comentários 1 Curtiu isto</s>
    <s>Ideologia: perspectiva historica</s>
    <s>Adicionado por ANDRÉ RODRIGUES 6 Comentários 4 Curtiram isto</s>
    <s>Ditadura Militar No Brasil</s>
    <s>Adicionado por Pedro Carlos Nogueira Felix 1 Comentar 3 Curtiram isto</s>
    <s>Adicionar um vídeo relacionado à história</s>
    <s>Exibir todos</s>
    <s>Documento Historico</s>
    <s>&quot;Behind the Gare St. Lazare&quot;: uma das fotografias mais importantes na carreira do fotógrafo Henry Cartier-Bresson, ilustrando o &quot;momento decisivo&quot;, conceito que marcou seu trabalho e a torrai fotográfica.</s>
    <s>Guia de Uso e Tutorial</s>
    <s>Adicionar fotos relacionadas à história</s>
    <s>Exibir todos</s>
    <s>Obter badge</s>
    <s>Pos-Graduaçao em Estudos Africanos: desenvolvimento humano e docencia (com estagio optativo no continente africano)</s>
    <s>8 maio 2010 a 12 novembro 2011 – ISEP/FABES</s>
    <s>0 Comentários 3 Curtiram isto</s>
    <s>Viagem ao Egito - Grupo Akhenaton II</s>
    <s>10 agosto 2010 a 10 março 2012 – Cidades do Egito</s>
    <s>0 Comentários 8 Curtiram isto</s>
    <s>Curso de Pos-Graduaçao em Arqueologia Brasileira</s>
    <s>14 agosto 2010 às 18:00 a 17 março 2012 às 19:00 – Sede do Instituto de Arqueologia Brasileira</s>
    <s>1 Comentar 5 Curtiram isto</s>
    <s>Adicionar um evento</s>
    <s>Exibir todos</s>
    <s>Últimas atividades</s>
    <s>Kelvin Souza e Lisa Romila agora são amigos 4 minutos atras</s>
    <s>Fernando Pinto da Silva respondeu à discussão 'Abraanh Lincon ou Kennedy, qual foi o melhor presidente dos Estados Unidos?' de carlos esteves 7 minutos atras</s>
    <s>Cida Santos e Lenize Natalia Silva Neves agora são amigos 44 minutos atras</s>
    <s>Ana Paula de Souza Silva e Humberto Hauila Junior agora são amigos 54 minutos atras</s>
    <s>Matheus Nogueira de Souza respondeu à discussão 'Abraanh Lincon ou Kennedy, qual foi o melhor presidente dos Estados Unidos?' de carlos esteves 2 horas atras</s>
    <s>Rogerio Fernandes da Silva respondeu à discussão 'A Oraçao do Ateu (Miguel de Unamuno)' de Rogerio Fernandes da Silva no grupo Historia da Biblia 2 horas atras</s>
    <s>Luiz Bento Pereira respondeu à discussão 'A Oraçao do Ateu (Miguel de Unamuno)' de Rogerio Fernandes da Silva no grupo Historia da Biblia 2 horas atras</s>
    <s>Luiz Bento Pereira respondeu à discussão 'A Oraçao do Ateu (Miguel de Unamuno)' de Rogerio Fernandes da Silva no grupo Historia da Biblia 2 horas atras</s>
    <s>Mural do Historiador</s>
    <s>!Direitos Civis em Israel</s>
    <s>O Núcleo Interdisciplinar de Estudos Judaicos da UFRJ completa agora, no mês de outubro, três anos de existência. E para comemorar está realizando a conferência &quot;Direitos Civis e Cidadania em Israel&quot;, que contará com a participação da Professora Adriana Kemp, do Departamento de Sociologia da Universidade de Tel Aviv. O evento acontece no próximo dia 11 de outubro, às 16h no Salão Nobre do Instituto de Filosofia e Ciências Sociais, no centro do Rio. NO evento, acontece também o lançamento do livro &quot;As Mil e Uma Noites Mal Dormidas: A Formação da República Islâmica do Irã&quot;, com presença do autor, o professor Murilo Sebe Bon Meihy, do Departamento de História da PUC-RJ.</s>
    <s>!Oficina de Trabalhos Acadêmicos</s>
    <s>Estão abertas as inscrições para a segunda edição do curso a distância &quot;Oficina de Produção de Trabalhos Acadêmicos&quot;, oferecido pela PUCRS e ministrado pelo Prof.Dr. Jurandir Malerba. Seu objeto precípuo é o da apresentação e treinamento de todas as etapas que singularizam o trabalho científico, desde a racionalização do estudo por meio do levantamento e fichamento bibliográficos, passando pelas exposição da estrutura formal de construção de um projeto de pesquisa até a culminação dos resultados da pesquisa nas mais variadas formas de apresentação, seja como monografias, artigos científicos, relatórios e resenhas, bem como noções para organização de seminários acadêmicos. Para maiores informações, como investimento, clique aqui ou clique no flyer ao lado.</s>
    <s>Público-alvo do curso: Estudantes de graduação, estudantes de pós-graduação Lato Sensu, estudantes de pós-graduação Stricto Sensu, de todas as áreas do conhecimentos.</s>
    <s>Carga-horária: O presente curso tem a duração de 60 horas. O aluno pode participar do curso nos horários que lhe forem mais convenientes. É recomendável que mantenha uma regularidade de participação, assistindo vídeos, lendo os materiais de cada semana, resolvendo os exercícios e participando dos fóruns de discussões.</s>
    <s>Miscelanea Cafe Historia - fHist</s>
    <s>!Oficina “História Online” no Festival de História</s>
    <s>Bruno Leal, doutorando em História Social pela UFRJ, fundador e mediador do Café História, ministra oficina sobre divulgação e pesquisa histórica na web no Festival de História, que acontece em outubro, na cidade mineira de Diamantina</s>
    <s>Mais de 13 oficinas gratuitas serão oferecidas ao público que for ao Festival de História, em Diamantina, no próximo mês de outubro. As oficinas serão oferecidas no período de 8 a 11 de outubro, no Instituto Casa da Glória da UFMG. As oficinas são abertas à participação de todos os interessados, mediante prévia inscrição na Secretaria Geral do fHist que poderá ser realizada entre as 09 horas e as 17 horas do dia 07 de outubro e de 09 horas as 12 horas do dia 08 de outubro no CVT Diamantina, na Praça Doutor Prado. Uma das trações é a oficina “História Online: divulgação e pesquisa histórica nas mídias sociais”, ministrada pelo fundador e mediador da rede social Café História, Bruno Leal.</s>
    <s>Continuar Lendo</s>
    <s>Conteudo da Semana: Codices Medievais</s>
    <s>!Guerras, êxodo rural, superstições e espiritualidade. Nosso tempo aprece possuir muito em comum com o mundo medieval. Explore as complexidades e idiossincrasias daquele tempo conferindo o vídeo “Códices Medievais”, publicado no Café História por Luciana Melo. O vídeo é uma viagem a Idade Média, um convite para descobrir a complexa cultura dos homens medievais. Para assistir, clique na imagem ao lado.</s>
    <s>!Ícone do perfil</s>
    <s>Neste momento, há várias pessoas conversando sobre história. Para entrar na conversa, você precisa ser membro da rede.</s>
    <s>Torne-se membro!</s>
    <s>Links Patrocinados</s>
    <s>Cafe com Prosa - Resenha de Livros</s>
    <s>Café com Prosa</s>
    <s>Clique na imagem ao lado e confira as duas novas resenhas da seção &quot;Café com Prosa&quot;. Nesta edição, temos a o livro do professor Norman Lowe', &quot;História do Mundo Contemporâneo&quot; e também &quot;Boa VenturaA Corrida do Ouro no Brasil (1967-1810)&quot;, do jornalista Lucas Figueiredo</s>
    <s>Cafe Expresso Noticias</s>
    <s>!CNJ cria regras para destruir processos</s>
    <s>Sob o argumento de falta de espaço e de recursos, o CNJ (Conselho Nacional de Justiça) criou uma série de regras para que milhares de processos antigos sejam destruídos pelos tribunais brasileiros. A recomendação nº 37, aprovada em agosto pelo conselho, proíbe a eliminação de casos que tenham valor &quot;histórico, probatório e informativo&quot;, mas deixa a cargo de cada corte a triagem.</s>
    <s>A sistematização do que será preservado e daquilo que, em tese, não vale para a posteridade começou a ser feita em 2008, com o Proname (Programa Nacional de Gestão Documental e Memória do Poder Judiciário). Até então, cada tribunal definia regras. Mas só com a nova recomendação é possível saber como preservar ou como destruir os processos.</s>
    <s>O CNJ criou tabelas de mais de 70 páginas, estabelecendo que processos, depois de arquivados, vão para a gaveta e quais serão descartados. No STJ (Superior Tribunal de Justiça) e nas Justiças estadual e federal, por exemplo, todos os processos sobre licitações podem ser destruídos se estiverem arquivados por mais de dez de anos. Especificamente na federal, podem ser eliminados os inquéritos policiais, investigações contra magistrados e autos de prisão em flagrante que já estiverem finalizados há mais de duas décadas. Tudo, no entanto, não pode ser automaticamente eliminado. O conselho recomenda a criação de uma comissão, em cada tribunal, composta por arquivologistas, historiadores e bacharéis em direito que definirão relevância histórica e judicial. Além disso, ficou estabelecido que os tribunais devem guardar &quot;amostra estatística&quot; dos documentos destinados à eliminação. Os processos não estão digitalizados.</s>
    <s>Após a regulamentação do CNJ, as cortes iniciaram a seleção dos processos. O Tribunal de Justiça de São Paulo, por exemplo, que até 2009 não destruía nada, criou programa para preservar a memória e reduzir documentos. MEMÓRIA A medida sofre críticas principalmente porque põe em risco o trabalho dos estudiosos da chamada &quot;micro-história&quot;, que estuda momentos de uma sociedade sob o ponto de vista de fatos restritos. No Brasil, um de seus expoentes é o historiador Boris Fausto, que escreveu livros usando como fonte processos de pessoas desconhecidas.</s>
    <s>O presidente do CNJ e do STF (Supremo Tribunal Federal), Cezar Peluso, disse que &quot;há inconvenientes em entender que tudo deve ser objeto de registro&quot;. &quot;Há milhões de causas que não tem a mínima possibilidade de justificar o interesse da sociedade&quot;. Ele diz que é preciso evitar extremos para destruir ou preservar. &quot;Não dá para guardar ação de despejo pensando que daqui a 120 anos vai-se descobrir que a bisneta dessa pessoa casou com o presidente do Brasil.&quot;</s>
    <s>Fonte: Folha.com via Direito do Estado</s>
    <s>Outras notícias</s>
    <s>&quot;Coco&quot; Chanel era espião nazista, revela nova biografia da estilista</s>
    <s>Historiador diz que 'brancos viraram negros' e causa polêmica</s>
    <s>Olimpíada de História: inscrições chegam ao fim</s>
    <s>Juiz manda divulgar depoimento de Nixon</s>
    <s>Historiador lança livro em que tenta tirar João Goulart do limbo</s>
    <s>Cinco skinheads são presos em flagrante agredindo negros em São Paulo</s>
    <s>O Café História respeita a opinião de todos nos mais diversos espaços da rede. Reserva-se, no entanto, o direito de suspender textos de teor ofensivo, agressivo ou que sustente preconceitos de qualquer ordem, que promovam a violência ou que estejam em desacordo com o bom senso e as leis brasileiras. Da mesma forma, o Café História poderá suspender membros que publiquem este tipo de conteúdo.</s>
    <s>As opiniões dos membros do Café História (blogs, fóruns, comentários, etc.) não são as mesmas opiniões da administração do Café História. Se você testemunhou algum conteúdo preconceituoso, racista, incitação à violência ou infração aos direitos autorias, por favor, comunique-nos: cafehistoria@gmail.com</s>
    <s>Blogs de Participantes do Cafe Historia</s>
    <s>OS ALEMÃES ERAM TÃO IDIOTAS ASSIM? (legendado)</s>
    <s>Postado por NaoAcredite. Pense(Dino) em 15 outubro 2011 às 19:15 0 Comentários 2 Curtiram isto</s>
    <s>DIA DO PROFESSOR 15 DE OUTUBRO-MENSAGEM.</s>
    <s>Postado por liana martins de mendonça em 15 outubro 2011 às 18:56 0 Comentários 0 Curtiram isto</s>
    <s>Adicione uma mensagem no blog</s>
    <s>Exibir todos</s>
    <s>Bem-vindo (a) ao</s>
    <s>Cafe Historia</s>
    <s>Torne-se membro</s>
    <s>ou faça o seu login</s>
    <s>Links Patrocinados</s>
    <s>Cine Historia</s>
    <s>Borboletas Negras</s>
    <s>Ingrid Jonker (Carice von Houten) é uma jovem poeta que encontra a liberdade na escrita.</s>
    <s>!Rejeitada pelo pai, que trabalha no regime do apartheid em plenos anos 60, ela sofre para encontrar uma casa e um amor. O reconhecimento como poeta vem quando Nelson Mandela, em seu primeiro discurso para o parlamento da África do Sul, em 1994, lê seu poema &quot;A Criança que Foi Assassinada pelos Soldados de Nyanga&quot;.</s>
    <s>Dirigido por Paula von der Oest,“Borboletas Negras”(Back Butterflies) é uma produção conjunta entre Alemana, Holanda e África do Sul. Já está nos cinemas brasileiros e levou o prêmio de melhor atriz (Carice van Houten) no Festival de Tribeca em 2011.</s>
    <s>Enquete Historia</s>
    <s>Você acredita que o o ex-presidente egípcio Hosni Mubarak será condenado?</s>
    <s>Na enquete passada</s>
    <s>Perguntamos: O ENEM deve ser a única forma de entrada nas universidades públicas brasileiras? Para maioria dos votantes (73,85%), a reposta é não. O ENEM vem cada vez mais ganhando força como prova substitutiva ao vetsibular tradicional. Recentemente, a Universidade Federal do Rio de Janeiro anunciou que o ENEM será a única forma de entrada em suas faculdades. Total de votos: 933.</s>
    <s>Exibir todos</s>
    <s>Historia da Biblia</s>
    <s>361 membros</s>
    <s>770 Comentários 41 Curtiram isto</s>
    <s>Historia da Igreja de Je…</s>
    <s>12 membros</s>
    <s>40 Comentários 8 Curtiram isto</s>
    <s>Eram os Deuses Astronaut…</s>
    <s>4 membros</s>
    <s>19 Comentários 2 Curtiram isto</s>
    <s>Escola &quot;Profª Hosana Sal…</s>
    <s>254 membros</s>
    <s>31 Comentários 4 Curtiram isto</s>
    <s>Sexo, amor e traiçoes</s>
    <s>4 membros</s>
    <s>1 Comentar 2 Curtiram isto</s>
    <s>Exibir todos</s>
    <s>Fale Conosco</s>
    <s>Encontrou alguma mensagem racista, preconceituosa ou ofensiva no Café História? Entre em contato conosco. Teremos o prazer em ajudá-lo(a): cafehistoria@gmail.com</s>
    <s>O Cafe nas Redes</s>
    <s>Aniversariantes de Hoje</s>
    <s>ALBERTO BIANCO</s>
    <s>Alexandre Pereira dos Santos</s>
    <s>Aline Rochedo</s>
    <s>Alvaro Lima</s>
    <s>Alvaro Lima</s>
    <s>Ana claudia Vasconcelos Machado</s>
    <s>Andrina Imbelloni</s>
    <s>Andre Vanderlei da Silva</s>
    <s>Anna Paula Vilemberg</s>
    <s>Augusto Bragança S P Rischiteli</s>
    <s>Politica de Privacidade</s>
    <s>Para ler nossa &quot;Política de Privacidade&quot;, clique aqui.</s>
    <s>© 2011 Created by Bruno Leal. Ativado por .</s>
    <s>Badges | Relatar um incidente | Termos de serviço</s>
    <s>É necessário habilitar o JavaScript para usar o Cafe Historia.</s>
    <s>Verifique as configurações do seu navegador ou contate o administrador do sistema.</s>
    <s>body, .xg reset .xg module body { line-height: 1.3; }</s>
  </text>
</page>
