<?xml version="1.0" encoding="UTF-8"?>
<!DOCTYPE page SYSTEM "page.dtd">
<page>
  <lang>pt</lang>
  <url>http://pt.dreamstime.com/search.php%3Fsrh_field%3Douvinte-atento-na-confer%25C3%25AAncia%26s_ph%3Dy%26s_il%3Dy%26s_rf%3Dy%26s_ed%3Dy%26s_clc%3Dy%26s_clm%3Dy%26s_orp%3Dy%26s_ors%3Dy%26s_orl%3Dy%26s_orw%3Dy%26s_st%3Dnew%26s_sm%3Dall%26s_rsf%3D0%26s_rst%3D7%26s_mrg%3D1%26s_cf%3D0%26s_sl0%3Dy%26s_sl1%3Dy%26s_sl2%3Dy%26s_sl3%3Dy%26s_sl4%3Dy%26s_sl5%3Dy%26s_mrc1%3Dy%26s_mrc2%3Dy%26s_mrc3%3Dy%26s_mrc4%3Dy%26s_mrc5%3Dy</url>
  <title>Ouvinte-atento-na-conferência Resultados da Pesquisa - Fotografias ...</title>
  <snippet>
    <s>Pesquise fotos de stock na Dreamstime, uma poderosa comunidade de fotografia, fornecendo imagens livres de direitos e fotografias de stock para impressão ou </s>
  </snippet>
  <text>
    <s>| Phone: +1 615-771-5611</s>
    <s>Idioma: EN DE ES FR IT NL PT</s>
    <s>Login Password Login</s>
    <s>Esqueceu a sua password? | Nao e membro? Sign up for free</s>
    <s>Abstracto Animais Artes/Arquitectura Editorial Ilustraçoes Industrias IT&amp;C Natureza Negocios Objectos Pessoas Tecnologia Viagens</s>
    <s>!designers area</s>
    <s>Comprar creditos Sobre as nossas imagens Os seus downloads Lightboxes Fotos gratuitas FAQs Foruns</s>
    <s>!photographers area</s>
    <s>Submeter ficheiros Missoes Venda as suas imagens Arquivos online Rendimentos Comentarios FAQs Foruns</s>
    <s>Foruns Secçao de Merchandise Os nossos fotografos Colecçoes Utilitarios Concursos Missoes Stock Rank Termos de utilizaçao FAQs</s>
    <s>fotografia ilustraçoes apenas vectores/RAW</s>
    <s>RF editorial Exclusivo Pessoas</s>
    <s>Todas as palavras Combinar qualquer palavra | Apagar pesquisa</s>
    <s>nova pesquisa resultados memorizar | Filtro de conteudos sim nao</s>
    <s>Excluir palavras-chave:</s>
    <s>Excluir contribuinte:</s>
    <s>Entre meus favoritos</s>
    <s>Apenas do membro:</s>
    <s>Preço da imagem: Min()</s>
    <s>Licença da imagem: I-EL W-EL P-EL SR-EL</s>
    <s>!Pesquisa avançada!!!!</s>
    <s>Cor Primaria:</s>
    <s>Clique aqui para cor adicional</s>
    <s>Cor Secondaria:</s>
    <s>-nenhuma- 3 MP 5 MP 8 MP 12 MP 15 MP 20 MP</s>
    <s>3 MP 5 MP 8 MP 12 MP 15 MP 20 MP -nenhuma-</s>
    <s>!!Propriedades da imagem!!!</s>
    <s>Propriedades modelo:</s>
    <s>so pessoas</s>
    <s>s/ pessoas</s>
    <s>qualquer um feminino masculino ambos</s>
    <s>Numero de modelos:</s>
    <s>Grupo etario: (tudo | nenhuma)</s>
    <s>&lt; 1 ano</s>
    <s>10-15 anos</s>
    <s>31-45 anos</s>
    <s>1-4 anos</s>
    <s>16-20 anos</s>
    <s>46-65 anos</s>
    <s>5-9 anos</s>
    <s>21-30 anos</s>
    <s>&gt; 65 anos</s>
    <s>Etnia: (tudo | nenhuma)</s>
    <s>Afro americana</s>
    <s>!!!Propriedades modelo!!</s>
    <s>Pesquisas recentes:</s>
    <s>!!!!Últimas pesquisas!</s>
    <s>Pesquisa basica:</s>
    <s>Combinar todas, Combinar qualquer uma, RF, Editorial, Exclusivo, Com Pessoas, Nova pesquisa, Nos resultados, portfolio/ categoria/ colecçao, Em resultados anteriores, Memorizar opçoes de pesquisa</s>
    <s>Pesquisa avançada:</s>
    <s>Excluir keywords, Excluir contribuinte, Apenas do membro, Preço, Licença, Resoluçao, Cor, Entre meus favoritos, Orientaçao, Propriedades modelo, Cor Primaria, Cor Secondaria</s>
    <s>Clique nos links para informaçao.</s>
    <s>Área de resultados:</s>
    <s>nivel de preço da imagem</s>
    <s>reportar imagem com mas palavras-chave</s>
    <s>adicionar imagem a lightbox</s>
    <s>Inicio &gt; Resultados da pesquisa: 1 imagens Filtro de conteudos: SIM</s>
    <s>| 80 | items por pagina</s>
    <s>Pesquisa dinamca</s>
    <s>Classificar por relevancia - ascendenterelevancia - descendente downloads - ascendente downloads - descendente data de upload - ascendente data de upload - descendente resoluçao - ascendente resoluçao - descendente</s>
    <s>Ouvinte atent </s>
    <s>8 d. / 269 v.</s>
    <s>Collapse | Close</s>
    <s>Lightbox: Ver e transferir</s>
    <s>You have 0 images</s>
    <s>Please select an existing lightbox/cart or create a new one.</s>
    <s>Add to an existing lightbox: Select Lightbox --------------------- or</s>
    <s>New lightbox name:</s>
    <s>Algumas traduçoes resultam de sistemas automaticos e podem conter erros.</s>
    <s>Reporte-nos traduçoes erradas.</s>
    <s>Por favor informe-nos sobre os detalhes desses erros (apenas em Ingles).</s>
    <s>Dados enviados!</s>
    <s>Quicksearch para fotografias de stock:</s>
    <s>Enviar imagem | Sobre nos | FAQ | Contacte-nos | Termos de utilizaçao | API / Programa de Referencia | Mapa do site | Politica de privacidade | Free Stock Images</s>
    <s>Suporte - telefone: +1 615-771-5611, Clique aqui para nos contactar</s>
    <s>Copyright (C) 2000-2011 Dreamstime. Todos os direitos reservados.</s>
    <s>Dreamstime e um membro de PACA e CEPIC.</s>
  </text>
</page>
