<?xml version="1.0" encoding="UTF-8"?>
<!DOCTYPE page SYSTEM "page.dtd">
<page>
  <lang>pt</lang>
  <url>http://mundodinamico.com/concursos/processo-seletivo/</url>
  <title>Processo seletivo | Mundo Dinâmico</title>
  <snippet>
    <s>5 dias atrás 1- Artigo científico publicado (ou aceito para publicação) em 12- Palestra, conferência proferida ou membro de mesa redonda em 8- Tutor orientador de grupo PET (Programa de Educação Tutorial), 1,0 pt por semestre </s>
  </snippet>
  <text>
    <s>Mundo Dinâmico O portal de Notícias e Entretenimento do Brasil.</s>
    <s>Como Passar</s>
    <s>outubro 16, 2011 2:49 am Home Concursos Processo seletivo</s>
    <s>Processo seletivo</s>
    <s>10 de outubro de 2011 | Concursos | 0 Comentario</s>
    <s>SERVIÇO PÚBLICO FEDERAL</s>
    <s>MINISTÉRIO DA EDUCAÇÃO</s>
    <s>UFSJ - UNIVERSIDADE FEDERAL DE SÃO JOÃO DEL-REI</s>
    <s>PROCESSO SELETIVO SIMPLIFICADO PARA CONTRATAÇÃO DE PROFESSOR SUBSTITUTO</s>
    <s>CPD Nº 075/2011</s>
    <s>A Diretora da divisão de Apoio e Procedimentos Administrativos da Pró-reitoria de Ensino de Graduação da Universidade Federal de São João del-Rei - UFSJ, no uso de suas atribuições e na forma do que dispõe a Lei 8745/93 com as modificações introduzidas pela Lei 9849/99, Lei 10667/03 e o Decreto 7.585/2011, o Decreto 6944 de 21 de agosto de 2009, faz saber a todos quanto o presente Edital virem dou dele conhecimento tiverem que por ordem do Reitor da referida Universidade, Professor Helvécio Luiz Reis, a Divisão de Apoio e Procedimentos Administrativos fará realizar processo seletivo simplificado para preenchimento de 01 (uma) vaga, objetivando, a contratação de PROFESSOR SUBSTITUTO, na área de FÍSICA, para o Departamento de Ciências Naturais. O prazo de validade do referido concurso será de 02 (dois) anos a contar da homologação dos respectivos resultados, prorrogável por igual período de acordo com as necessidades e/ou conveniências institucionais.</s>
    <s>1. REQUISITOS</s>
    <s>1.1. O requisito básico para se inscrever é ter Doutorado/Mestrado em Física.</s>
    <s>1.2. Não será contratado o pessoal que já tenha sido contratado nos termos da Lei 8.745/93, que não tenha cumprido o prazo exigido no inciso II, Art. 9º da Lei 9.849/99.</s>
    <s>2.DAS INSCRIÇÕES:</s>
    <s>2.1. Período de Inscrição: de 05 a 14 de outubro de 2011 (exceto finais de semana e feriados)</s>
    <s>2.2. A Ficha de inscrição deverá ser acompanhada dos seguintes documentos:</s>
    <s>2.2.1. Cópia autenticada de qualquer documento de identidade válido em todo o território nacional;</s>
    <s>2.2.2. Currículo Vitae/Lattes (3 vias)</s>
    <s>2.2.3. Comprovante de recolhimento da taxa de inscrição no valor R$ 15,00 (quinze reais). A taxa deve ser paga mediante o preenchimento do formulário da GRU (Guia de Recolhimento da União) no Banco do Brasil, disponível no endereço www.ufsj.edu.br/concursos docentes.</s>
    <s>2.2.3.1. Antes de efetuar o recolhimento da taxa de inscrição, o candidato deverá certificar-se de que preenche todos os requisitos exigidos para participação no concurso, uma vez que não haverá devolução da taxa de inscrição, exceto em casos de cancelamento do concurso por conveniência da Administração.</s>
    <s>2.3. O envelope contendo os documentos descritos nos itens 2.2 e subitens deverão ser entregues pessoalmente no Departamento de Ciências Naturais, sala 3.13, situado no Campus Dom Bosco à Praça Dom Helvécio, 74 - Fábricas, São João del-Rei, MG , telefone: (32) 33792483, , no horário de 9h às 11h e de 15h às 17h.</s>
    <s>2.4. A inscrição poderá ser feita por procurador munido do respectivo instrumento de mandato, com firma do outorgante reconhecida em cartório.</s>
    <s>2.5. A documentação comprobatório do Currículo Lattes/Vitae deverá ser entregue no primeiro dia do concurso, no horário de 15.:00 às 16:00 horas na Secretaria do Departamento de Ciências Naturais - Campus Dom Bosco, da Universidade Federal de São João del-Rei, que deverá vir acompanhada da relação de documentos entregues para conferência e declaração de recebimento dos mesmos.</s>
    <s>2.6. No caso de haver candidatos inscritos com título de doutor, o concurso será realizado para o cargo de Professor Adjunto. Os inscritos com título de mestre deverão aguardar pronunciamento do Departamento/Campus quanto ao concurso para o cargo de Professor Assistente e não havendo o concurso para o este cargo a taxa de inscrição será devolvida.</s>
    <s>3 REGIME DE TRABALHO E DA REMUNERAÇÃO INICIAL</s>
    <s>3.1. O regime de trabalho é de 40 (quarenta) horas semanais,mediante celebração de contrato por prazo determinado, regendo-se no que couber, pela Lei 8.745/93.</s>
    <s>3.2. A duração do contrato é de até 12 (doze) meses de acordo com a Lei 8745, de 09 de dezembro de 1993, c/c as modificações introduzidas pela Lei 9849, de 26 de outubro de 1999, podendo ser prorrogado por mais 12 (doze) meses, de acordo com a necessidade e conveniência institucionais</s>
    <s>3.3. Remuneração inicial para classe Professor Adjunto é de R$ 4.300,00, assim distribuídos:</s>
    <s>3.3.1. Vencimento Básico: R$ 1.495,94</s>
    <s>3.3.2. RT: R$ 1782,11</s>
    <s>3.3.3. GEMAS: R$ 1.02,95</s>
    <s>3.4. Remuneração inicial para classe Professor Assistente é de R$ 3.016,52, .assim distribuídos:</s>
    <s>3.4.1. Vencimento Básico: R$ 1.291,52</s>
    <s>3.4.2. RT: R$ 706,37</s>
    <s>3.4.3. GEMAS: R$ 1.018,63</s>
    <s>3.5. Para investidura no cargo o candidato deverá possuir no ato da contratação o Diploma de graduação ou certificado assinado por autoridade competente onde consta que o candidato faz jus ao (s) título (s) exigido (s) no requsito básico.</s>
    <s>4. DA BANCA EXAMINADORA</s>
    <s>4.1. A realização do processo seletivo simplificado ficará a cargo de uma Banca Examinadora designada pelo Reitor para esse fim, composta de 3 (três) membros efetivos e 1 (um) suplente.</s>
    <s>4.2 Compete à Banca Examinadora:</s>
    <s>4.2.1. preparar, aplicar, corrigir e avaliar as provas estabelecidas;</s>
    <s>4.2.2. examinar o Currículo Vitae/Lattes dos candidatos;</s>
    <s>4.2.3. elaborar ata a cada etapa onde deverá constar os critérios para avaliação e nota individual de cada membro da banca atribuída a cada candidato, com correção fundamentada.</s>
    <s>5. DAS ETAPAS DO PROCESSO SELETIVO SIMPLIFICADO</s>
    <s>5.1. O Processo seletivo simplificado constará das seguintes fases, nesta ordem:</s>
    <s>5.1.1. Prova escrita;</s>
    <s>5.1.2. Prova de título;</s>
    <s>5.2. O processo seletivo simplificado ocorrerá dia 18 de outubro de 2011, às 9 horas, na sala C-3.15, bloco C do Departamento de Ciências Naturais, Campus Dom Bosco - UFSJ, na Cidade de São João del-Rei, situado na Praça Dom Helvécio, 74, Bairro Fábricas.</s>
    <s>6. DA PROVA ESCRITA</s>
    <s>6.1. A prova escrita será aplicada a todos os candidatos simultaneamente, com a duração máxima de 4 (quatro) horas e versará sobre tema constante do conteúdo programático.</s>
    <s>6.2. O candidato terá direito a consultar material bibliográfico e fazer anotações pelo período de uma hora a contar do início desta, comum a todos os candidatos.</s>
    <s>6.3. A prova será pontuada de acordo com o anexo II.</s>
    <s>7. DA PROVA DE TÍTULOS</s>
    <s>7.1. O julgamento da prova de títulos será baseado na apreciação dos elementos comprobatórios do mérito do candidato e será pontuada de acordo com o anexo III.</s>
    <s>7.2. O candidato que não apresentar o diploma/certificado como comprovante de requisito, caso seja aprovado no concurso, deverá apresentá-Io no ato da admissão, de acordo com o Decreto 6.944/2009.</s>
    <s>8. DO PROGRAMA</s>
    <s>1. Mecânica Clássica: Leis de Conservação;</s>
    <s>2. Propagação de Ondas;</s>
    <s>3. Leis da Termodinâmica;</s>
    <s>4. Eletromagnetismo: Equações de Maxwell;</s>
    <s>Bibliografia sugerida:</s>
    <s>1. D. Halliday, R. Resnick. &quot;Fundamentos de Física&quot;, Vol. 1, 2, 3 e 4, LTC,</s>
    <s>2. P. A. Tipler, G. Mosca. &quot;Física para Cientistas e Engenheiros&quot;, Vol. 1, 2 e 3, LTC, 2009.</s>
    <s>3. H. M. Nussenzveig. &quot;Curso de Física Básica&quot;, Vol. 1, 2, 3 e 4, Edgard Blücher,</s>
    <s>9. DISPOSIÇÕES FINAIS:</s>
    <s>9.1.Serão considerados aprovados os candidatos que obtiverem média igual ou superior a 7,0 (sete)</s>
    <s>9.2.A relação dos candidatos aprovados será publicada no Diário Oficial da União, com a classificação final obtida pelos mesmos.</s>
    <s>9.3.Os candidatos aprovados e classificados, respeitadas as vagas existentes, poderão ser contratados, se não houver impedimento de ordem legal ou administrativa, a juízo da Administração Superior da Universidade.</s>
    <s>9.4.Para fins de contratação, o candidato aprovado deverá assinar declaração de acumulação de cargo, emprego ou função pública, nas hipóteses permitidas pelo art. 37, XVI e XVII da CF-88, dou declaração negativa de acumulação, se for o caso.</s>
    <s>9.5.A contratação do candidato aprovado fica condicionada ao seu prévio comparecimento à Divisão de Apoio e Procedimentos Administrativos, quando convocado, para entrega de documentação exigida para a admissão e para se submeter ao exame médico, a ser realizado por profissional do Quadro Permanente da Universidade.</s>
    <s>9.6.O candidato aprovado será enquadrado de acordo com a titulação apresentada quando de sua convocação conforme item 8.5.</s>
    <s>Somente será contratado o candidato que for considerado apto no exame médico.</s>
    <s>9.6.1.O não comparecimento do candidato na hora e local agendados implicará na sua eliminação do processo seletivo.</s>
    <s>9.6.2.Não serão admitidos pedidos de reconsideração ou recurso do resultado obtido no exame médico.</s>
    <s>Assim, ficam todos os interessados cientes de que, encontram-se abertas as inscrições para o aludido Processo Seletivo Simplificado para Docente, no período anteriormente citado, expedindo-se o presente Edital que, para os devidos fins, será publicado no Diário Oficial da União; e também divulgado nas Entidades e Instituições de Ensino Superior, bem assim na sua íntegra na Internet, podendo ser acessado na homepage da UFSJ - www.ufsj.edu.br/concurso docentes. Dado e passado nesta cidade de São João del-Rei, Estado de Minas Gerais, 04 de outubro de 2011, sendo assinado pela Diretora da Divisão de Apoio e Procedimentos Administrativos.</s>
    <s>Adriana Amorim da Silva</s>
    <s>Diretora da Divisão de Apoio e Procedimentos Administrativos</s>
    <s>DIAPA - PROEN</s>
    <s>ANEXO I</s>
    <s>REQUERIMENTO DE INSCRIÇÃO</s>
    <s>INSCRIÇÃO Nº: /</s>
    <s>CONCURSO PÚBLICO DE PROVAS E TÍTULOS PARA PROFESSOR SUBSTITUTO, DA UNIVERSIDADE FEDERAL DE SÃO JOÃO DEL-REI- CPD: /20</s>
    <s>AO SENHOR PRÓ-REITOR DE ENSINO DE GRADUAÇÃO:</s>
    <s>O(a) senhor(a) , (nacionalidade) , (estado civil) (profissão) , CI n.º , CPF n.º , e-mail , residente e domiciliado à Rua/Av. bairro: na cidade de Estado: , CEP n.º: , telefone ( ): , celular ( ): vem requerer sua inscrição como candidato ao concurso de provas e títulos para o Processo Seletivo Simplificado, CPD</s>
    <s>N.º: /20 , na área , para o da Universidade Federal de São João del-Re e para tanto faz anexar os seguintes documentos:</s>
    <s>1. Cópia autenticada de qualquer documento de identidade válido em todo o território nacional.</s>
    <s>2. Comprovante de recolhimento da taxa de inscrição</s>
    <s>3. Currículo Vitae/ Lattes (3 vias)</s>
    <s>São João del-Rei, de de .</s>
    <s>ASSINATURA DO CANDIDATO</s>
    <s>ANEXO I</s>
    <s>CRITÉRIOS DE AVALIAÇÃO DA PROVA ESCRITA</s>
    <s>Membro da Banca Examinadora:</s>
    <s>Critérios avaliados</s>
    <s>Pontuação máxima</s>
    <s>Pontuação obtida</s>
    <s>1. Conhecimento e abrangência do assunto abordado</s>
    <s>6,0 pontos</s>
    <s>2. Clareza e objetividade na discussão do tema</s>
    <s>2,0 pontos</s>
    <s>3. Organização na forma de apresentação do tema</s>
    <s>2,0 pontos</s>
    <s>10,0 pontos</s>
    <s>ANEXO II</s>
    <s>CRITÉRIOS DE AVALIAÇÃO DA PROVA DE TÍTULOS</s>
    <s>Membro da Banca Examinadora:</s>
    <s>ATIVIDADES CIENTÍFICAS (75%)</s>
    <s>Pontuação por item</s>
    <s>Pontuação obtida</s>
    <s>1- Artigo científico publicado (ou aceito para publicação) em periódico com classificação Qualis A na área de Física ou Materiais</s>
    <s>6,0 pts por artigo</s>
    <s>2- Artigo científico publicado (ou aceito para publicação) em periódico com classificação Qualis B na área de Física ou Materiais</s>
    <s>4,0 pts por artigo</s>
    <s>3- Artigo científico publicado (ou aceito para publicação) em periódico com classificação Qualis C na área de Física ou Materiais</s>
    <s>2,0 pts por artigo</s>
    <s>4- Artigo publicado em anais de evento científico internacional</s>
    <s>1,0 pt por artigo</s>
    <s>5- Artigo publicado em anais de evento científico nacional</s>
    <s>0,5 pt por artigo</s>
    <s>6- Coordenação de evento científico internacional</s>
    <s>4,0 pts por evento</s>
    <s>7- Coordenação de evento científico nacional</s>
    <s>3,0 pts por evento</s>
    <s>8- Coordenação de evento científico regional</s>
    <s>2,3 pts por evento</s>
    <s>9- Participação em comissão organizadora de evento científico internacional</s>
    <s>2,0 pts por evento</s>
    <s>10- Participação em comissão organizadora de evento científico nacional</s>
    <s>1,5 pts por evento</s>
    <s>11- Participação em comissão organizadora de evento científico regional</s>
    <s>1,2 pts por evento</s>
    <s>12- Palestra, conferência proferida ou membro de mesa redonda em evento científico internacional</s>
    <s>2,0 pts por evento</s>
    <s>13- Palestra, conferência proferida ou membro de mesa redonda em evento científico nacional</s>
    <s>1,5 pts por evento</s>
    <s>14- Palestra, conferência proferida ou membro de mesa redonda em evento científico regional</s>
    <s>1,2 pts por evento</s>
    <s>15- Coordenação de projeto científico ou de extensão aprovado por agência de fomento à pesquisa</s>
    <s>4,0 pts por projeto</s>
    <s>16- Membro colaborador de projeto científico ou de extensão aprovado por agência de fomento à pesquisa</s>
    <s>1,0 pts por projeto</s>
    <s>17- Editor-chefe de revista científica indexada no ISI</s>
    <s>2,0 pts por ano</s>
    <s>18- Editor-chefe de revista científica não indexada no ISI</s>
    <s>1,0 pt por ano</s>
    <s>19- Membro do corpo editorial de revista científica indexada no ISI</s>
    <s>1,0 pt por ano</s>
    <s>20- Membro do corpo editorial de revista científica não indexada no ISI</s>
    <s>0,3 pt por ano</s>
    <s>21- Autoria de livro</s>
    <s>4,0 pts por livro</s>
    <s>22- Organizador/editor de livro</s>
    <s>2,0 pts por livro</s>
    <s>23- Autoria de capítulo de livro</s>
    <s>1,5 pts por livro</s>
    <s>24- Tradução de livro</s>
    <s>2,0 pts por livro</s>
    <s>25- Tradução de capítulo de livro</s>
    <s>0,5 pt por livro</s>
    <s>26- Orientação de tese de doutorado defendida e aprovada</s>
    <s>4,0 pts por tese</s>
    <s>27- Co-orientação de tese de doutorado defendida e aprovada</s>
    <s>2,0 pts por tese</s>
    <s>28- Orientação de dissertação de mestrado defendida e aprovada</s>
    <s>3,0 pts por diss.</s>
    <s>29- Co-orientação de dissertação de mestrado defendida e aprovada</s>
    <s>1,5 pts por diss.</s>
    <s>30- Orientação de bolsista de iniciação científica em projeto aprovado por IES ou instituições de pesquisa</s>
    <s>1,5 pts por orientação</s>
    <s>31- Co-orientação de bolsista de iniciação científica em projeto aprovado por IES ou instituições de pesquisa</s>
    <s>0,8 pt por orientação</s>
    <s>32- Patentes e licenças com certificados emitidos por autoridade competente</s>
    <s>4,0 pts por registro</s>
    <s>33- Pedido de patente ou de licença com número de protocolo emitido por autoridade competente</s>
    <s>1,0 pt por pedido</s>
    <s>34- Registro de software com certificado emitido por autoridade competente</s>
    <s>3,0 pts por registro</s>
    <s>35- Pedido de registro de software com número de protocolo emitido por autoridade competente</s>
    <s>0,5 pts por pedido</s>
    <s>36- Assessoria, consultorias, perícia ou auditoria científica, técnica e/ou administrativa certificadas por autoridade competente</s>
    <s>0,5 pt por assessoria</s>
    <s>Soma Absoluta 1</s>
    <s>Soma 1*</s>
    <s>*Ao candidato que obtiver a maior pontuação na Soma Absoluta 1, será atribuída a nota 7,5 para a Soma 1. Aos demais, será atribuída nota proporcional à máxima, a critério da Banca Examinadora.</s>
    <s>ATIVIDADES DE ENSINO (20%)</s>
    <s>Pontuação por item</s>
    <s>Pontuação obtida</s>
    <s>1- Atividade de magistério no ensino fundamental e médio</s>
    <s>0,3 pt por semestre</s>
    <s>2- Atividade de magistério superior na graduação</s>
    <s>1,5 pts por semestre</s>
    <s>3- Atividade docente em magistério superior Latu sensu</s>
    <s>1,0 pt por 15 horas</s>
    <s>4- Atividade docente em magistério superior Stricto sensu</s>
    <s>2,0 pts por 15 horas</s>
    <s>5- Curso ministrado em evento científico ou de extensão</s>
    <s>0,5 pt por curso</s>
    <s>6- Monitoria em curso de graduação</s>
    <s>0,2 pt por semestre</s>
    <s>7- Orientação e/ou supervisão de estágios curriculares ou de interesse curricular</s>
    <s>1,5 pts por semestre</s>
    <s>8- Tutor orientador de grupo PET (Programa de Educação Tutorial)</s>
    <s>1,0 pt por semestre</s>
    <s>9- Orientação de monografia em cursos de especialização ou aperfeiçoamento</s>
    <s>1,0 pt por orientação</s>
    <s>10- Co-orientação de monografia em cursos de especialização ou aperfeiçoamento</s>
    <s>0,5 pt por orientação</s>
    <s>11- Orientação de trabalho de conclusão de curso de graduação</s>
    <s>0,5 pt por orientação</s>
    <s>12- Co-orientação de trabalho de conclusão de curso de graduação</s>
    <s>0,3 pt por orientação</s>
    <s>Soma Absoluta 2</s>
    <s>Soma 2</s>
    <s>Ao candidato que obtiver a maior pontuação na Soma Absoluta 2, será atribuída a nota 2,0 para a Soma 2. Aos demais, será atribuída nota proporcional à máxima, a critério da Banca Examinadora.</s>
    <s>ATIVIDADES ADMINISTRATIVAS E OUTRAS (5%)</s>
    <s>Pontuação por item</s>
    <s>Pontuação obtida</s>
    <s>1- Coordenador de curso de pós-graduação Stricto- sensu</s>
    <s>3,0 pts por ano</s>
    <s>2- Coordenador de curso de pós-graduação Latu-sensu</s>
    <s>2,0 pts por ano</s>
    <s>3- Coordenador de curso de graduação</s>
    <s>2,0 pts por ano</s>
    <s>4- Chefe de unidade acadêmica ou equivalente</s>
    <s>2,0 pts por ano</s>
    <s>5- Membro de conselho universitário, órgãos colegiados e comissões permanentes</s>
    <s>0,3 pt por comissão</s>
    <s>6- Participação em banca examinadora de defesa de tese de Doutorado, exceto orientador e co-orientador</s>
    <s>2,0 pts por banca</s>
    <s>7- Participação em banca examinadora de defesa de dissertação de Mestrado, exceto orientador e co-orientador</s>
    <s>1,5 pts por banca</s>
    <s>8- Participação em banca examinadora de defesa de monografia, Latu sensu, exame de qualificação e trabalho de conclusão de curso de Graduação, exceto orientador e co-orientador</s>
    <s>1,0 pt por banca</s>
    <s>Soma Absoluta 3</s>
    <s>Soma 3*</s>
    <s>Total (Soma 1 + Soma 2 + Som 3)</s>
    <s>10,0 pontos</s>
    <s>*Ao candidato que obtiver a maior pontuação na Soma Absoluta 3, será atribuída a nota 0,5 para a Soma 3. Aos demais, será atribuída nota proporcional à máxima, a critério da Banca Examinadora.</s>
    <s>Tags: público</s>
    <s>Deixe Seu Comentario Cancelar resposta</s>
    <s>O seu endereço de email não será publicado Campos obrigatórios são marcados *</s>
    <s>Opep diz que agirá quando tiver clareza sobre a Líbia 0 Comment</s>
    <s>Piano em banco de areia em Miami seria usado em ‘vídeo musical épico’ 0 Comment</s>
    <s>Gorila que anda como homem vira celebridade em parque inglês 0 Comment</s>
    <s>Militar no front pede em casamento a amada por telefone, mas erra número 0 Comment</s>
    <s>Mulher pede divórcio na Itália após marido levar a mãe na lua de mel 0 Comment</s>
    <s>Prefeitura de Cabo de Santo Agostinho - PE outubro 15, 2011</s>
    <s>Artur Nogueira - SP prorroga as inscrições do Concurso Público outubro 15, 2011</s>
    <s>Marmelópolis - MG oferece 4 vagas com salários de até R$ 1.580,77 outubro 15, 2011</s>
    <s>Marmelópolis - MG oferece 4 vagas com salários de até R$ 1.580,7 outubro 15, 2011</s>
    <s>Camocim de São Félix - PE prorroga inscrições do edital outubro 15, 2011</s>
    <s>a-primeira-vez- Abre acordo-com ano-passado banco-central barack-obama- bbc bolsa brasil china- ciência Concurso departamento desenvolvimento div-readability economia efe esportes estado estados estados-unidos federal internacional- janeiro MG minas-gerais mundo notícias online paris Pará paulo plugin PR prefeitura- público RS secretaria semana-passada SP tecnologia universidade Vagas valor-online valores</s>
    <s>Como Passar</s>
    <s>(C) 2011 Mundo Dinâmico. All rights reserved. XHTML / CSS Valid.</s>
    <s>Feed | Twitter | Facebook</s>
  </text>
</page>
