<?xml version="1.0" encoding="UTF-8"?>
<!DOCTYPE page SYSTEM "page.dtd">
<page>
  <lang>pt</lang>
  <url>http://sitesms.curitiba.pr.gov.br/saude/sms/</url>
  <title>Histórico da Secretaria - Secretaria Municipal da Saúde &lt;&lt;</title>
  <snippet>
    <s>Nos anos 70, devido à intensa migração rural a cidade cresce e urbaniza-se. Saúde, seguindo recomendações da 1ª Conferência Internacional sobre Cuidados Em 1989, a SMS adquire duas ambulâncias e cria o Comitê Municipal de Morte Concomitantemente, sob coordenação da Organização Panamericana da </s>
  </snippet>
  <text>
    <s>.: HISTÓRICO DA SECRETARIA MUNICIPAL DA SAÚDE</s>
    <s>Em 1963, com a criaçao do Departamento de Educaçao, Recreaçao Orientada e Saude, Curitiba inicia a atuaçao em Saude Publica. No ano seguinte, e inaugurada a 1ª Unidade Sanitaria, no Bairro Cajuru. Sao feitas as primeiras contrataçoes na area da saude. Nos anos finais desta decada, inicia-se atençao odontologica em 5 escolas da rede municipal da educaçao, e a Unidade Sanitaria do Pilarzinho e inaugurada. É criado o Departamento de Bem Estar Social, com uma Diretoria de Medicina e Engenharia Sanitaria.</s>
    <s>Nos anos 70, devido a intensa migraçao rural a cidade cresce e urbaniza-se.</s>
    <s>A rede municipal da saude possui nesta epoca 10 unidades sanitarias e 13 consultorios odontologicos. Em 1979, a Prefeitura de Curitiba cria o Departamento de Desenvolvimento Social, e sua Diretoria de Saude revoluciona o modelo de atendimento, adotando a Atençao Primaria a Saude, seguindo recomendaçoes da 1ª Conferencia Internacional sobre Cuidados Primarios de Saude, realizada em Alma Ata, no Cazaquistao em 1978 e explicitada no documento - &quot;Modelo de Saude Regionalizado e Hierarquizado, co-participaçao SESB/INAMPS/PMC/Saza Lattes&quot;.</s>
    <s>Em 1980, inicia-se a implantaçao de Unidades com delimitaçao de areas de abrangencia sendo que os auxiliares que compunham as equipes de saude eram selecionados dentre os moradores destas comunidades. O modelo de atençao proposto enfatizava a educaçao em saude, atendimento programado, imunizaçao e participaçao comunitaria. As primeiras Unidades a funcionar nesse modelo foram Sao Pedro, Santa Amelia e Santo Inacio. Curitiba, em 1985, adere as Açoes Integradas de Saude - AIS. Recursos federais permitem a expansao da rede com a construçao de 14 Centros de Saude e 3 Clinicas Odontologicas. É realizado concurso publico para todas as categorias profissionais.</s>
    <s>Na reestruturaçao administrativa da Prefeitura (Lei Municipal nº 6.817/1986), e criada a Secretaria Municipal da Saude; 42 Centros de Saude e Clinicas Odontologicas constituiam a rede municipal de saude.</s>
    <s>Em março/86, a partir da VIII Conferencia Nacional de Saude, vitoria historica do Movimento pela Reforma Sanitaria no Brasil, estrutura-se, em 1987, o Sistema Unificado e Descentralizado de Saude (SUDS) que propoe a municipalizaçao, sistema regionalizado e hierarquizado. Curitiba inicia açoes de epidemiologia. Em 1989, a SMS adquire duas ambulancias e cria o Comite Municipal de Morte Materna, publica o 1º Boletim Epidemiologico da SMS. A rede de serviços municipais contava com 53 Centros de Saude e 34 Clinicas Odontologicas.</s>
    <s>A Constituiçao Federal de 1988 define as diretrizes do SUS e com a promulgaçao da Lei Organica, nº. 8.080/90 regulamentou o Sistema, com a ampliaçao do conceito de Saude: como sendo resultado de condiçoes de trabalho, saneamento, moradia, renda, transporte, alimentaçao, educaçao e lazer. Um arcabouço juridico/politico-institucional e os principios da equidade, integralidade e acesso sao substratos ao modelo de atençao em Curitiba. A estruturaçao da Vigilancia Sanitaria Municipal se da a partir de 1990, com a seleçao interna de tecnicos de nivel medio e a contrataçao de profissionais de nivel superior.</s>
    <s>Em 29 de março de 1990, foi assinado o convenio de cooperaçao tecnica, destinado a implantar um Serviço de Atendimento Pre-hospitalar voltado ao atendimento de vitimas de traumas e limitado a Cidade de Curitiba. Assinaram o convenio de implantaçao do SIATE, a Secretaria de Estado da Segurança Publica, a Secretaria de Estado da Saude e a Prefeitura Municipal de Curitiba, atraves da Secretaria Municipal de Saude e do Instituto de Pesquisa e Planejamento Urbano de Curitiba - (IPPUC). Neste ano tambem foi estendido o horario da Unidade de Saude Parigot de Souza que passa a atender diuturnamente.</s>
    <s>Em 1991 e realizada a 1ª Conferencia Municipal de Saude de Curitiba e constituido o Conselho Municipal de Saude, orgao colegiado e deliberativo.</s>
    <s>Avançando no processo de descentralizaçao a SMS implanta, em 1992, os 7 Nucleos Regionais de Saude e sao criados os Departamentos de Saude Ambiental, Planejamento em Saude, Assistencia a Saude, Epidemiologia em Saude. Inicia-se a implantaçao no municipio da Estrategia da Saude da Familia primeiramente na US Pompeia e posteriormente na US Sao Jose.</s>
    <s>Concomitantemente, sob coordenaçao da Organizaçao Panamericana da Saude (OPAS), sao realizadas, durante 9 meses, oficinas de territorializaçao instituindo novas praticas locais/distritais de planejamento: todos sao responsaveis por planejar, acompanhar e avaliar açoes. Institucionaliza-se o conceito de &quot;Vigilancia a Saude&quot; com base territorial.</s>
    <s>Ainda nesse ano foram municipalizadas as Vigilancias Sanitaria, Epidemiologica e Unidades de Saude pertencentes ao antigo INAMPS e SESA/PR e foi inaugurado o Laboratorio Municipal de Analises Clinicas de Curitiba. Em Curitiba, desde 1992, a Saude Ambiental e responsavel pelas açoes de Vigilancia Sanitaria, Vigilancia Ambiental, Saude do Trabalhador e Controle de Zoonoses e Vetores.</s>
    <s>O Codigo de Saude Municipal foi discutido em 1993 por ocasiao da II Conferencia Municipal de Saude e foi a base para a Lei Municipal Nº 9000/96. Nesta epoca a rede era composta por 85 Unidades de Saude, sendo cinco delas 24 Horas. A Farmacia Curitibana inicia suas atividades relacionando os medicamentos prioritarios para a demanda das US. Sao implantadas importantes iniciativas para a saude materno-infantil: Programa Nascer em Curitiba Vale a Vida, Carteira de Saude da Criança entre outras.</s>
    <s>A Secretaria Municipal da Saude habilita-se em 1995 a Gestao semi-plena do SUS (NOB/SUS 93). Assume a regulaçao das açoes de saude, ambulatoriais e hospitalares, a gerencia dos convenios/contratos de prestadores da rede basica, controle/avaliaçao de autorizaçoes de internamento hospitalar (AIH's), incluindo o alto custo. Cria a Central de Marcaçao de Consultas Especializadas. Nessa modalidade de gestao o repasse de recursos financeiros passa a ser realizado do fundo nacional de saude ao fundo municipal da saude. Ocorre a organizaçao da atençao em saude mental com enfoque comunitario.</s>
    <s>Implantada as Centrais Metropolitana de Leitos em parceria com a SESA, a Central de Consultas Especializadas e a Central de Atendimento ao Usuario/CAU para acolher sugestoes e solicitaçoes dos usuarios.</s>
    <s>Ainda neste ano o municipio adere ao Programa Saude da Familia Nacional contando, de forma pioneira, desde a sua implantaçao com equipes de saude bucal. É construido o Centro Medico Comunitario Bairro Novo, primeiro hospital publico municipal. A Lei Municipal 8962/96 cria o Sistema Municipal de Auditoria que possibilita o acompanhamento, fiscalizaçao, controle das açoes e serviços de saude.</s>
    <s>As açoes de atençao odontologica sao incrementadas em 1997 com o Lançamento do Programa Carie Zero e do Programa Amigo Especial para pessoas com deficiencias. Nesse mesmo ano a SMS passa por reestruturaçao administrativa sendo criados os Centros de Assistencia a Saude, Informaçao em Saude, Saude Ambiental, Epidemiologia e de Controle, Avaliaçao e Auditoria e os Distritos Sanitarios em substituiçao aos Nucleos Regionais de Saude.</s>
    <s>Em 1997 e criado o Plano de Avaliaçao Sanitaria de Estabelecimentos de Saude - PASES, cujo objetivo e a atuaçao de forma uniforme, padronizada e programada na fiscalizaçao de Serviços de Assistencia a Saude (Hospitais e Clinicas Medicas e Odontologicas), Serviços de Alto Risco e Serviços de Apoio Diagnostico e Terapeutico.</s>
    <s>Avançando na consolidaçao do SUS, em 1998, Curitiba habilita-se a Gestao Plena do sistema. Nessa modalidade de gestao o repasse de recursos financeiros passa a ser realizado do Fundo Nacional de Saude ao Fundo Municipal da Saude. Nesta epoca a rede e composta por 98 US e cria-se o Distrito Sanitario Bairro Novo.</s>
    <s>Em 1999, foi implantado o inovador Programa Mae Curitibana, organizando uma rede integrada de atençao materno-infantil, implementando a qualidade das açoes de forma continuada e humanizada a gestantes e bebes, conforme classificaçao do risco desde o pre-natal em Unidade de Saude ate o puerperio.</s>
    <s>Almejando o fortalecimento do Programa Mae Curitibana a SMS faz uma convocatoria aos serviços de saude, entidades de classe, instituiçoes de ensino e sociedade civil, para reduzir obitos infantis, movimento este denominado Pacto pela Vida.</s>
    <s>É lançado o Programa Saude Mental Comunitaria, buscando a reduçao do preconceito, envolvimento familiar, desospitalizaçao, organizando atençao extra hospitalar e implantando um sistema integrado.</s>
    <s>Inicia-se a informatizaçao da rede municipal com a implantaçao do Prontuario Eletronico e e inaugurada a Unidade de Atençao ao Idoso Ouvidor Pardinho. Visando a humanizaçao e aprimoramento da qualidade no atendimento a SMS envolve todo o conjunto de servidores num amplo movimento de reflexao das praticas cotidianas, denominado Acolhimento Solidario.</s>
    <s>Ainda nesse ano e implantado o Programa de Tabagismo com o objetivo de prevenir o uso precoce, estimular o abandono pelos dependentes e eliminar a exposiçao da fumaça ambiental pelo tabaco.</s>
    <s>No ano de 2000 a rede era composta por 104 US, 90 com clinicas odontologicas, 37 PSF e 11 com especialidades. Como marco das açoes intersetorias de promoçao de saude e implantado o Programa Cidadao Saudavel. Dentre as açoes de promoçao foi implantado o Programa Ambiente Saudavel envolvendo empresas privadas, universidades e escolas municipais.</s>
    <s>Em 2001, o modelo de atençao da saude e reorientado com base no conceito de Sistema Integrado de Serviços de Saude - SISS, buscando a integraçao em rede dos diversos pontos de atençao do sistema. É, tambem, descentralizado o teste HIV/Aids para as Unidades de Saude de atençao basica e criado o Serviço de Inspeçao Municipal de Produtos de Origem Animal.</s>
    <s>Em 2002, e implantado o Programa Mulher de Verdade, de Atençao as Mulheres Vitimas de Violencia, para acolher, reconhecer, atender, orientar, encaminhar vitimas de violencia fisica, sexual e/ou psicologica e a Rede de Proteçao a Criança e ao Adolescente em Situaçao de Risco para a Violencia de forma integrada com outras secretarias e organizaçoes com o objetivo de notificar, atender e orientar situaçoes de risco, abuso e/ou agressao. Na sequencia foi criado o Programa Adolescente Saudavel, com açoes de educaçao, prevençao e atençao. É implantado em parceria com a FAS o Programa Qualidade em Estabelecimentos de Atençao ao Idoso.</s>
    <s>Em dezembro de 2002, a Secretaria Municipal de Saude estabelece Contratos de Gestao entre as Unidades Basicas e os Distritos Sanitarios e destes com o Secretario Municipal de Saude. Baseado na negociaçao de metas, discutidas com as equipes de saude, considerando capacidade instalada e peculiaridades do territorio, os termos sao operacionalizados atraves dos Planos Operativos Anuais, ferramenta importante de gestao para o aperfeiçoamento do processo de trabalho, permitindo o monitoramento e a avaliaçao dos resultados pelos profissionais para o redirecionamento das açoes, quando necessario.</s>
    <s>O Comite de Ética em Pesquisa foi instituido na Secretaria Municipal da Saude em 14 de outubro de 2003 pela resoluçao n. 021/2003, com apoio do MS e da UNESCO.</s>
    <s>Em agosto de 2004 e implantado o Serviço de Atendimento Movel de Urgencia - SAMU, para emergencias clinicas. Os primeiros Espaços Saude sao construidos junto as Unidades de Saude e destinados para educaçao em saude e reunioes com a comunidade. O processo de Contratualizaçao dos Hospitais de Ensino reforça o principio da integralidade da assistencia prestada aos usuarios do SUS.</s>
    <s>Para acompanhar o crescimento vegetativo demografico da cidade, sob a otica da territorializaçao, reorganiza-se a estrutura administrativa da prefeitura e e estabelecido o Distrito Sanitario CIC em 2005. Implementado as açoes intersetoriais existentes de promoçao de saude, neste ano e estruturado o Programa Mutirao da Cidadania, ampliando o enfoque para questoes ambientais e melhorias urbanas no territorio.</s>
    <s>Em 2006 sao inauguradas as US 24 horas Pinheirinho, Mae Curitibana e o Centro de Especialidades Odontologicas &quot;Sylvio Gevaerd&quot;. Iniciadas as construçoes dos CMUMs CIC e Cajuru .Tambem neste ano, de forma inovadora, foi realizada a campanha para diagnostico de HIV, utilizando o teste rapido que foi incorporado como rotina no Centro de Orientaçao e Acompanhamento/COA. Como avanço da Central de Atendimento ao Usuario - CAU e implantada a Ouvidoria da Saude, disponibilizando aos cidadaos curitibanos uma central telefonica de acesso gratuito.</s>
    <s>Ao longo do processo, para ampliaçao das açoes desenvolvidas pela secretaria, outras categorias profissionais foram incorporadas: psicologos, fisioterapeutas, nutricionistas, terapeuta ocupacional, biologo, alem da ampliaçao quantitativa do quadro de servidores, para acompanhar o crescimento das demandas de saude.</s>
    <s>Diante da nova politica para a saude, conduzida pelo Ministerio da Saude/ CONASS e CONASEMS, ainda em 2006, de maneira pioneira Curitiba inicia o processo de adesao ao Pacto pela Saude, com ampla discussao permeando o corpo gerencial e tecnico bem como o Conselho Municipal de Saude - CMS, sendo finalizado com a aprovaçao em fevereiro de 2007.</s>
    <s>Outro marco importante na historia do SUS Curitiba foi a reestruturaçao no ano de 2007 do serviço de urgencia, organizado como Sistema de Urgencia e Emergencia de Curitiba abrangendo unidades moveis do SAMU E SIATE, Central de Regulaçao e Unidades pre-hospitalares denominadas como Centro Municipais de Urgencia Medica (CMUMs) mudando o papel de unidades de atendimento de demanda espontanea diuturna, para pontos de atençao voltados prioritariamente para casos de urgencia/emergencia, sendo retaguarda para 90% dos atendimentos efetuados com o SAMU.</s>
    <s>Atualmente, a rede pra municipal omposta por 136 Equipamentos de Sasendo que, destas, 50 Unidades Bcas de Sa55 Unidades Bcas com Estrata do Saa Fama, 04 Unidades de Sa Complexas, 07 Unidades Especializadas, 10 Centros de Atendimento Psicossocial - CAPS, 8 Centros Municipais de Urgias Mcas - CMUMs, 1 Hospital geral e maternidade (Centro Mco Comunito Bairro Novo), 1 Laborat de Anses Clcas.</s>
  </text>
</page>
