<?xml version="1.0" encoding="UTF-8"?>
<!DOCTYPE page SYSTEM "page.dtd">
<page>
  <lang>pt</lang>
  <url>http://jornal-de-brasilia.jusbrasil.com.br/politica/7795487/conferencia-das-cidades-tem-baixa-participacao-popular</url>
  <title>Conferência das Cidades tem baixa participação popular :: Notícias ...</title>
  <snippet>
    <s>Conferência das Cidades tem baixa participação popular que haja participação popular para a escolha do processo de desenvolvimento da nossa cidade. </s>
  </snippet>
  <text>
    <s>Extraído de: Jornal de Brasília - 02 de Outubro de 2011</s>
    <s>Conferência das Cidades tem baixa participação popular</s>
    <s>Kamila Farias</s>
    <s>É fundamental que haja participação popular para a escolha do processo de desenvolvimento da nossa cidade. A afirmação da dona de casa Maria do Amparo Teixeira se refere às conferências locais que tiveram início em quatro regiões administrativas, como parte da Conferência Distrital das Cidades Extraordinária, que tem o tema: Vamos Pensar Juntos a sua Cidade.</s>
    <s>A conferência é promovida pela Secretaria de Desenvolvimento Urbano e Habitação (Sedhab) </s>
    <s> ver notícia completa em: Jornal de Brasília</s>
    <s>Comentarios (0)</s>
    <s>Comentarios (0)</s>
    <s>Continuar conectado</s>
    <s>Esqueceu sua senha?</s>
    <s>Ainda nao tem cadastro?</s>
    <s>Diários Oficiais</s>
    <s>Notícias Jurídicas</s>
    <s>Notícias Políticas</s>
    <s>As mais lidas neste instante</s>
    <s>A primeira juíza negra do</s>
    <s>BrasilLuislinda Valois decretou a</s>
    <s>primeira sentença aos 9 anos de idade, n</s>
    <s>OAB divulga calendário sobre Exame</s>
    <s>de Ordem até 2013 e facilita candidatos</s>
    <s>Ausência de rastreador isenta</s>
    <s>seguradora da cobertura de furto</s>
    <s>COLEPRECOR: DÍVIDA</s>
    <s>TRABALHISTA PODERÁ SER PAGA</s>
    <s>COM CARTÃO</s>
    <s>Fuga de réu é suficiente para justificar</s>
    <s>ordem de prisão cautelar</s>
    <s>Siga o JusBrasil nas redes sociais</s>
    <s>Recomende o JusBrasil no Google</s>
    <s>Baixe a barra de ferramentas JusBrasil »</s>
    <s>Advogados Parceiros</s>
    <s>Seja um parceiro »</s>
    <s>Dúvidas Jurídicas?</s>
    <s>Entre em contato</s>
    <s>Disponível em: http://jornal-de-brasilia.jusbrasil.com.br/politica/7795487/conferencia-das-cidades-tem-baixa-participacao-popular</s>
    <s>©2011 JusBrasil</s>
    <s>Página Inicial Política</s>
    <s>Navegue em Política</s>
    <s>Política em RSS</s>
    <s>Newsletter JusBrasil</s>
    <s>Sobre o JusBrasil</s>
    <s>Aviso sobre email falso</s>
  </text>
</page>
