<?xml version="1.0" encoding="UTF-8"?>
<!DOCTYPE page SYSTEM "page.dtd">
<page>
  <lang>pt</lang>
  <url>http://pt.artikkelmanuell.com/Ind%25C3%25BAstria-Confer%25C3%25AAncia_152958/</url>
  <title>Indústria Conferência</title>
  <snippet>
    <s>Encontrar um local adequado para a realização de uma conferência da ter uma idéia de sua capacidade, restauração regime, as taxas de alojamento e afins. café e biscoitos na um horário pré-estabelecido ou um banquete full-blown, </s>
  </snippet>
  <text>
    <s>Artikkel Manuell.com</s>
    <s>HOME | Viagens e Lazer &gt;&gt; Indústria Conferência</s>
    <s>Indústria Conferência</s>
    <s>Encontrar um local adequado para a realização de uma conferência da indústria ou convenção é uma tarefa demorada, e às vezes mais difícil do que se poderia pensar. Há uma série de fatores que devem ser tidas em conta quando da escolha como um local, e uma série de questões a serem trabalhadas ao longo antes da conferência pode ser realizada com sucesso. Neste artigo iremos dar um passo-a-passo para colocar em grandes conferências, e olhar para as maneiras pelas quais um serviço local achado pode ajudar a aliviar a carga um pouco, se você assim escolher.</s>
    <s>A primeira coisa a fazer, antes de ir para qualquer outra pessoa, é a de considerar com cuidado e profundidade que as suas necessidades e seus objetivos vão ser. Obviamente, os fatores-chave aqui será o tamanho ea localização de suas conferências previstas, mas há muitas considerações acessórias que ter em mente. O nível de hospitalidade que você estará colocando a sua delegados é uma emissão. Em alguns setores, por exemplo, conferências indústria farmacêutica, há regras estritas sobre o nível de hospitalidade que estão autorizados a oferecer aos participantes e potenciais clientes. Em outros campos, ao contrário, você pode estar procurando para colocar como espalhar um generoso quanto possívelObviamente, você precisa manter esta consideração na vanguarda ao selecionar o local para a sua conferência ou convenção, e garantir que o local escolhido pode lidar com você requisitos.</s>
    <s>Outras questões a considerar incluem a localização do seu local escolhido, os diferentes tipos de conferências locais disponíveis, ou requisitos técnicos e logísticos, tais como dispositivos de TI, salas, bem como quaisquer eventos de hospitalidade empresarial você pode querer considerar que do lado de fora do local da conferência em si . Todos estes irão afetar a escolha do local para uma conferência da indústria ou de convenção de vendas, e é importante que esteja claro sobre seus objetivos para o evento antes de qualquer abordagem de reservar um local de encontro.</s>
    <s>Uma vez que seus objetivos são claros, você tem uma escolha de duas rotas. A primeira opção é a abordagem de potenciais locais para se ter uma idéia de sua capacidade, restauração regime, as taxas de alojamento e afins. Isto tem a vantagem de colocar você no controle direto do processo do início ao fim, mas, por outro lado, ele pode ser extremamente demorado.</s>
    <s>A outra alternativa é recorrer aos serviços de um local de encontrar companhia. Isto tem várias vantagens potenciais. O primeiro é financeiro. Venue finders Especialista ter relações de trabalho com os locais e hotéis e muitas vezes são capazes de negociar preços com desconto para o alojamento e aluguer de espaço que podem não estar disponíveis para você se contactados directamente locais. Isto é particularmente verdadeiro do alojamento em hotel, onde as empresas têm achado local acordos de parceria de longa data que pode garantir descontos significativos sobre os pacotes de alojamento. Além disso, a maioria dos descobridores local da conferência oferecer um serviço gratuito, com suas taxas recuperado de hotéis e locais de conferência se ao invés de você. O resultado líquido é que você será quase certamente poupar dinheiro usando essas empresas.</s>
    <s>A segunda é a perícia. Uma empresa finder local terá uma extensa lista de potenciais locais a partir do qual você pode escolher, e será capaz de aconselhar sobre o melhor ajuste &quot;para o seu conjunto de requisitos. Se você tiver necessidades especialista em termos de acesso, requisitos técnicos ou de restauração, este é o melhor momento para marcá-los para cima. Empresas encontrar Local também será capaz de sugerir locais incomuns que simplesmente não poderia ter ocorrido com você como locais potenciais para uma conferência da indústria. Por que deveria convenções e equipe edifício exercícios sempre ocorrem em hotéis e centros de conferência?</s>
    <s>Finalmente, usando um guia de turismo local permite que você liberar o seu tempo próprio para a actividade principal de preparar o conteúdo para os seus seminários ou conferências da indústria, em vez de gastar muitas horas de negociação com os trabalhadores locais sobre TI arranjos e configurações do quarto.</s>
    <s>De qualquer forma, selecionando o local para a sua conferência da indústria é o início do processo, não o ponto finalUma vez que as taxas foram acordadas e as reservas feitas, os detalhes que precisam ser resolvidos. Estes incluem fatores simples, mas importantes, como a configuração do espaço e da disponibilidade de salas para pequenos grupos e seminários; seus requisitos técnicos, incluindo material áudio-visuais, como projetores e microfones, restauração e entretenimento para seus delegados, se é apenas café e biscoitos na um horário pré-estabelecido ou um banquete full-blown, na noite do último dia (caso em que você precisa concordar assento gráficos, menus e uma série de outras questões).</s>
    <s>Você também pode começar a literatura a partir do seu local da conferência escolhido para mandar para delegados, e organizar visitas in loco para verificar por si mesmo a adequação do local escolhido.</s>
    <s>Tag : Publishing Industry Conference</s>
    <s>Article Source : http://pt.artikkelmanuell.com/Indústria-Conferência 152958/</s>
    <s>Recent Articles</s>
    <s>Indústria Conferência</s>
    <s>Encontrar um local adequado para a realização de uma conferência da indústria ou convenção é uma tarefa demorada, e às vezes mais difícil do que se poderia pensar. Há uma série de fatores que devem ser tidas em conta quando da escolha como um local, e uma série de questões a serem trabalhadas ao longo antes da conferência pode ser realizada com sucesso. Neste artigo iremos dar um passo-a-passo para colocar em grandes conferências, e olhar para as maneiras pelas quais um serviç </s>
    <s>Author: Mandy Chagger | Date: 2010-02-02 [Read ]</s>
    <s>Clubes Welcome Novo Ibiza 2007 Vôos</s>
    <s>clubbers sexta-feira e sábado à noite em toda a Europa, e especialmente do Reino Unido e Alemanha, desça sobre Ibiza nos meses de verão por uma semana - e muitas vezes dois -- de não parar de festa .</s>
    <s>Author: Michael Mahon-7925 | Date: 2010-02-02 [Read ]</s>
    <s>Hotéis em Hyderabad na Índia</s>
    <s>intervalo Pessoas aqueles que são novos na cidade ou dispostos a visitar o lugar para eles não há variedade de Five Star Delux e hotéis econômicos em torno da cidade .</s>
    <s>Author: Jagjit Singh | Date: 2010-02-02 [Read ]</s>
    <s>Eu não sou um terrorista</s>
    <s>Lá, é oficial. Cheguei ao meu limite quando se trata de regras de viagem E.U. ar e eu estou pedindo o nosso governo parar de morder a mão que o alimenta. Eu sou um americano, eu sou um passageiro frequente, e como milhões de meus concidadãos, não sou um terrorista. E meu palpite é que nem você .</s>
    <s>Author: Karen Talavera | Date: 2010-02-02 [Read ]</s>
    <s>High Quality Transportes at LaGuardia e Newark</s>
    <s>Ao voar dentro ou fora da cidade de Nova York através de qualquer dos três aeroportos comerciais, o aeroporto JFK, aeroporto de Newark eo Aeroporto LaGuardia, você está indo a necessidade de transporte. Você pode alugar um carro, pegue o táxi, ou optar pelos serviços de limusina disponível em qualquer um dos aeroportos acima e ao redor de Nova Iorque. Os serviços privados carros no aeroporto de LaGuardia estão disponíveis on-line ou por telefone, e assim são os serviços exóticos </s>
    <s>Author: Groshan Fabiola | Date: 2010-02-02 [Read ]</s>
    <s>Related Searchs</s>
    <s>Search in Google: Indústria Conferência</s>
    <s>Search in Yhaoo: Indústria Conferência</s>
    <s>Search in ASK: Indústria Conferência</s>
    <s>Search in Alltheweb: Indústria Conferência</s>
    <s>Search in Altavista: Indústria Conferência</s>
    <s>Search in gigablast: Indústria Conferência</s>
    <s>Search in lycos: Indústria Conferência</s>
    <s>MLA Style Citation:</s>
    <s>Mandy, Chagger &quot; Indústria Conferência&quot; Indústria Conferência . 20 Dec. 2008. artikkelmanuell.com .20 Dec 2008 &lt;http://pt.artikkelmanuell.com/Indústria-Conferência 152958/&gt;.</s>
    <s>APA Style Citation:</s>
    <s>Mandy, Chagger (2008, Dec 20). Indústria Conferência . Retrieved Dec 20, 2008, from http://pt.artikkelmanuell.com/Indústria-Conferência 152958/</s>
    <s>Chicago Style Citation:</s>
    <s>Mandy Chagger &quot;Indústria Conferência.&quot; Indústria Conferência artikkelmanuell.com . http://pt.artikkelmanuell.com/Indústria-Conferência 152958/</s>
    <s>Viagens e Lazer</s>
    <s>Histórias de viagem</s>
    <s>Dicas de viagem</s>
    <s>2011 artikkelmanuell.com</s>
  </text>
</page>
