<?xml version="1.0" encoding="UTF-8"?>
<!DOCTYPE page SYSTEM "page.dtd">
<page>
  <lang>pt</lang>
  <url>http://hospitaldofuturo.org/events/iv-conferencia-de-gestao</url>
  <title>IV Conferência de Gestão Hospitalar dos Países de Língua Oficial ...</title>
  <snippet>
    <s>Esta conferência integra o IV Salão Internacional dos Produtos, Serviços, Tecnologias e Equipamentos Médicos e Hospitalares para os Países de Língua </s>
  </snippet>
  <text>
    <s>Pensar hoje a saude que queremos amanha</s>
    <s>Publicaçoes HdF</s>
    <s>Minha pagina</s>
    <s>Próximos eventos</s>
    <s>Past Events</s>
    <s>Os meus eventos</s>
    <s>IV Conferencia de Gestao Hospitalar dos Paises de Lingua Oficial Portuguesa/CPLP</s>
    <s>Adicionado por Maria Joao Garcia</s>
    <s>Exibir Eventos</s>
    <s>Detalhes do evento</s>
    <s>!IV Conferência de Gestão Hospitalar dos Países de Língua Oficial Portuguesa/CPLP</s>
    <s>Horário: 27 outubro 2010 a 29 outubro 2010</s>
    <s>Local: Luanda, Angola</s>
    <s>Site ou Mapa: http://www.dgs.pt/</s>
    <s>Tipo de evento: conferencia</s>
    <s>Organizado por: .</s>
    <s>Última atividade: 3 Ago, 2010</s>
    <s>Exportar para Outlook ou iCal (.ics)</s>
    <s>Compartilhar Twitter Facebook Facebook</s>
    <s>Descrição do evento</s>
    <s>Esta conferência integra o IV Salão Internacional dos Produtos, Serviços, Tecnologias e Equipamentos Médicos e Hospitalares para os Países de Língua Portuguesa, que, este ano, se realiza subordinado ao tema &quot;A Gestão das Unidades de Saúde - Seu Contributo para a Melhoria dos Sistemas de Saúde&quot;.</s>
    <s>&lt; Evento Anterior</s>
    <s>Próximo Evento &gt;</s>
    <s>Caixa de Recados</s>
    <s>RSVP para IV Conferencia de Gestao Hospitalar dos Paises de Lingua Oficial Portuguesa/CPLP para adicionar comentários!</s>
    <s>Entrar em Hospital do Futuro</s>
    <s>Comparecer (1)</s>
    <s>Exibir todos</s>
    <s>Bem-vindo a</s>
    <s>Hospital do Futuro</s>
    <s>ou acesse</s>
    <s>Você também pode se registrar no:</s>
    <s>Bem vindos ao Forum Hospital do Futuro!</s>
    <s>Quer colocar o nosso canal de web TV no seu blog ou site? Daremos cobertura especial aos seus conteúdos e eventos Contacte-nos para mais informações.</s>
    <s>Forum Hospital do Futuro criou esta Rede do Ning.</s>
    <s>Adicionar fotos</s>
    <s>Exibir todos</s>
    <s>Top Content</s>
    <s>HISTÓRIA DA LEGISLAÇÃO DE LARES DE IDOSOS 1</s>
    <s>&quot;Em pouco mais de quatro decadas vamos ter mais 1.000.000 pessoas com mais de 80 anos de idade&quot;</s>
    <s>As TIC e a Saude no Portugal de 2011</s>
    <s>&quot;Portugal ficou muito bem colocado pela capacidade em organizar uma reuniao com aquela envergadura como pela participaçao cientifica&quot;</s>
    <s>Curso: &quot;Metodos e tecnicas para a colaboraçao em organizaçoes de saude&quot;</s>
    <s>Exibir todos</s>
    <s>© 2011 Created by Forum Hospital do Futuro.</s>
    <s>Badges | Relatar um incidente | Termos de serviço</s>
    <s>É necessário habilitar o JavaScript para usar o Hospital do Futuro.</s>
    <s>Verifique as configurações do seu navegador ou contate o administrador do sistema.</s>
  </text>
</page>
