<?xml version="1.0" encoding="UTF-8"?>
<!DOCTYPE page SYSTEM "page.dtd">
<page>
  <lang>pt</lang>
  <url>http://portalmaritimo.com/2011/06/14/e-hoje-brasil-ofshore-bombando-em-macae/</url>
  <title>É hoje! Brasil Offshore bombando em Macaé! | Portal Marítimo</title>
  <snippet>
    <s>14 jun. 2011 No encontro, 93 trabalhos de 15 países serão apresentados. O conteúdo da Conferência contemplará os principais aspectos relacionados aos </s>
  </snippet>
  <text>
    <s>Portal Marítimo</s>
    <s>Absolutamente TUDO sobre Marinha Mercante e Indústria Offshore</s>
    <s>Pular para o conteúdo</s>
    <s>Literatura Técnica</s>
    <s>Equipe / Contato</s>
    <s>Movimentação nos Portos Brasileiros</s>
    <s>Rastreamento de Embarcações</s>
    <s>Calculadoras Náuticas</s>
    <s>Fuso Horário</s>
    <s>Glossário Técnico - Oil &amp; Gas</s>
    <s>COLREG / RIPEAM</s>
    <s>Cadastro de CV's</s>
    <s>&lt;- Portuários fazem manifestação em Niterói</s>
    <s>Technit - 4 mil empregos no Pontal do Paraná -&gt;</s>
    <s>É hojeBrasil Offshore bombando em Macaé!</s>
    <s>Posted on 14/06/2011 by Rodrigo Cintra| Deixar um comentário</s>
    <s>Pelo menos 13 das mais importantes petroleiras do mundo estarão presentes à Conferência Internacional de Petróleo e Gás, que acontece junto à Brasil OFFSHORE 2011, de 14 a 17 de junho em Macaé-RJ. No encontro, 93 trabalhos de 15 países serão apresentados.</s>
    <s>O conteúdo da Conferência contemplará os principais aspectos relacionados aos desafios do pré-sal, desenvolvimento em águas profundas, projeto e gerenciamento de campos, FPSO &amp; Semi-Submersiveis, gerenciamento da produção e de reservatórios, o impacto da revisão das normas de segurança operacional e construção de poços.</s>
    <s>O programa consiste em duas sessões plenárias mais 16 sessões técnicas. No primeiro dia durante a plenária “Olhando para o futuro: o impacto da nova regulamentação nas operações Offshore”, integrantes do IBP da ANP e de empresas convidadas discutirão as novas regras que passaram a orientar o mercado após o acidente do Golfo do México, em 2010 e que impactos poderão ser sentidos no Brasil com estas mudanças. Já no dia 15, a plenária as “Novas Oportunidades no Brasil Offshore: de campos maduros ao desenvolvimento do Pré-Sal” dará o tom dos debates. Serão tratados temas relevantes para o cenário atual do Brasil no mar e os desafios e oportunidades para a indústria nacional e internacional.</s>
    <s>Os encontros são organizados pela SPE (Society of Petroleum Engineers) e IBP (Instituto Brasileiro de Petróleo, Gás e Biocombustíveis), também promotores da feira em conjunto à Reed Exhibitions Alcantara Machado. Ambos os eventos são patrocinados pela Petrobras, Chevron e a Caixa Econômica Federal. Esta edição será presidida por Fernando Machado, da Petrobras, e Johan Mikkelsen, da Statoil.</s>
    <s>&quot;A Conferência Brasil Offshore focará nos aspectos críticos relacionados aos desenvolvimentos em águas profundas. A conferência direciona-se aos envolvidos com projeto e gerenciamento de campos, construção de poços, FPSO &amp; Semi-Submersiveis, gerenciamento da produção e de reservatórios, que desejam aprender e se beneficiar com a troca de experiências em projetos com cenários desafiadores&quot;, esclarece o co-chair da Conferência, Fernando Machado.</s>
    <s>De acordo com Machado a chamada de trabalhos recebeu 258 propostas de mais de 30 países. O campeão de estudos apresentados para seleção foi os Estados Unidos com 89 trabalhos, seguidos pelo Brasil, com 52 trabalhos e o Irã, com 33.</s>
    <s>A programação completa do evento, as inscrições e valores para participação estão disponíveis no site. Para acessar, basta clicar no banner aqui no Portal Marítimo.</s>
    <s>CONFERÊNCIA INTERNACIONAL DA BRASIL OFFSHORE:</s>
    <s>Local: Macaé Centro - Centro de Exposições Jornalista Roberto Marinho - Rodovia Amaral Peixoto, km 170 - São José do Barreto – Macaé – RJ</s>
    <s>Data e Horário: Abertura dia 14/06, às 16h. Dias 15 a 17 de junho, das 9h30 às 17h30.</s>
    <s>Mais informações: www.brasiloffshore.com</s>
    <s>BRASIL OFFSHORE</s>
    <s>Local:  Macaé Centro - Centro de Exposições Jornalista Roberto Marinho - Rodovia Amaral Peixoto, km 170 - São José do Barreto – Macaé – RJ</s>
    <s>Data: 14 a 17 de junho de 2011</s>
    <s>Horário: Das 14h às 21h.</s>
    <s>Acesso: Entrada gratuita para profissionais do setor munidos dos seguintes documentos: cópia do cartão de CNPJ ou cartão de visitas nominal e documento com foto.</s>
    <s>Por Redação Portal Marítimo</s>
    <s>Like this:</s>
    <s>One blogger likes this post.</s>
    <s>Esta entrada foi publicada em Empresas, Eventos, Indústria Offshore / Petrolífera, Portal Marítimo, Tecnologia e marcada com a tag Apoio Marítimo, Brasil Offshore, Exploração / Produção, FPSO, Gás, IBP, Perfuração, Petróleo, Plataformas. Adicione o link permanente aos seus favoritos.</s>
    <s>&lt;- Portuários fazem manifestação em Niterói</s>
    <s>Technit - 4 mil empregos no Pontal do Paraná -&gt;</s>
    <s>Deixar uma Resposta Cancelar resposta</s>
    <s>Escreva o seu comentário aqui </s>
    <s>Iniciar Sessão</s>
    <s>Iniciar Sessão</s>
    <s>Iniciar Sessão</s>
    <s>Email (obrigatório) (Not published)</s>
    <s>Nome (obrigatório)</s>
    <s>!WordPress.com Logo</s>
    <s>Please log in to WordPress.com to post a comment to your blog.</s>
    <s>!Imagem do Twitter</s>
    <s>You are commenting using your Twitter account. ( Log Out )</s>
    <s>!Facebook photo</s>
    <s>You are commenting using your Facebook account. ( Log Out )</s>
    <s>Connecting to %s</s>
    <s>Notificar-me os comentários mais recentes via e-mail.</s>
    <s>Notifique-me de novos artigos por e-mail</s>
    <s>ENQUETE - O PORTAL QUER SBER MAIS SOBRE VOCÊ, CARO LEITORCLIQUE ABAIXO E ACESSE!</s>
    <s>NÓS APOIAMOS O ESPORTE</s>
    <s>RESPONSABILIDADE SOCIAL</s>
    <s>Últimos Comentários</s>
    <s>Philippe em Peregrinos do Petróleo</s>
    <s>joao claudio em Enxurrada de vagas na Indústria Naval</s>
    <s>João Batista Maximiano em Grupo Forbes &amp; Manhattan chega com tudo no Brasil</s>
    <s>Joelson Dias em O Portal Marítimo quer saber quem é você, leitor!</s>
    <s>rogerio campos dos santos em Mauá e EISA pegam encomenda de oito navios da Transpetro</s>
    <s>Marcelo Santos em Associado do Centro de Capitães é contra um Conselho Federal próprio</s>
    <s>josé arialdo mesquita veras em O Portal Marítimo quer saber quem é você, leitor!</s>
    <s>Accident / Incident (6)</s>
    <s>Acidente / Incidente (370)</s>
    <s>Ciências Náuticas (332)</s>
    <s>Classification Societies (1)</s>
    <s>Companies (35)</s>
    <s>Contos (2)</s>
    <s>Curiosidades (93)</s>
    <s>Emprego (209)</s>
    <s>Empresas (1980)</s>
    <s>Entrevistas (7)</s>
    <s>Eventos (127)</s>
    <s>Events (2)</s>
    <s>História (50)</s>
    <s>Indústria Marítima (1592)</s>
    <s>Indústria Offshore / Petrolífera (2005)</s>
    <s>Legislação (167)</s>
    <s>Manutenção / Técnico (293)</s>
    <s>Marinha Mercante (1619)</s>
    <s>Maritime Industry (38)</s>
    <s>Merchant Marine (37)</s>
    <s>Mulher (14)</s>
    <s>Nautical Sciences (6)</s>
    <s>Offshore / Oil Industry (56)</s>
    <s>Opinião (240)</s>
    <s>Portal Marítimo (360)</s>
    <s>Profissional (331)</s>
    <s>Regulations (3)</s>
    <s>Saúde no Trabalho (42)</s>
    <s>Segurança do Trabalho (125)</s>
    <s>Sociedades Classificadoras (9)</s>
    <s>Technology (7)</s>
    <s>Tecnologia (568)</s>
    <s>Vídeo (58)</s>
    <s>PARCEIRO OFICIAL</s>
    <s>ANP Apoio Marítimo Bacia de Campos Bacia de Santos Brasil Cabotagem China Construção Naval Contêineres EBX Economia Eike Batista Estaleiros EUA Exploração / Produção FPSO Golfo do México Governo Gás Intermodal Internacional Investimentos LLX Logística Maersk Marinha do Brasil Marítimos Meio Ambiente Navios Navios de Cruzeiro OGX OSX Perfuração Petrobras Petróleo Plataformas Política Portos Pré-sal Refinarias Rio de Janeiro Shell Transpetro Transporte Marítimo Turismo</s>
    <s>Posts RSS</s>
    <s>RSS dos comentários</s>
    <s>cadastre seu e mail e assine o Portal</s>
    <s>Join 317 other followers</s>
    <s>Pesquisar por:</s>
    <s>ACESSE TAMBÉM</s>
    <s>Theme: Coraline by Automattic. Blog no WordPress.com.</s>
    <s>Follow Portal Marítimo</s>
    <s>Get every new post delivered to your Inbox.</s>
    <s>Join 317 other followers</s>
    <s>Powered by WordPress.com</s>
    <s>Send to Email Address Seu Nome Your Email Address</s>
    <s>!loading Cancelar</s>
    <s>Post was not sent - check your email addresses</s>
    <s>Email check failed, please try again</s>
    <s>Sorry, your blog cannot share posts by email.</s>
    <s>*RSS: em inglês: Really Simple Syndication</s>
  </text>
</page>
