<?xml version="1.0" encoding="UTF-8"?>
<!DOCTYPE page SYSTEM "page.dtd">
<page>
  <lang>pt</lang>
  <url>http://cra-rj.org.br/site/cra_rj/publicacoes/revista_79/materias/04.html</url>
  <title>Revista ADMINISTRAÇÃO : : : CRA/RJ</title>
  <snippet>
    <s>Comissão das Mulheres Administradoras convida para reuniões semanais. Workshop realizado durante a Conferência Mundial de Empresas Juniores, em </s>
  </snippet>
  <text>
    <s>Revista do Conselho Regional de Administraçao-RJ</s>
    <s>Balanço de açoes empreendidas no primeiro semestre em defesa da categoria.</s>
    <s>Mais açao</s>
    <s>Comissao das Mulheres Administradoras convida para reunioes semanais.</s>
    <s>Sistema CFA/CRAs desenvolve Metodos Extrajudiciais de Soluçoes de Controversias para soluçao rapida de litigios.</s>
    <s>Movimento de empresas juniores cresce no RJ e no mundo.</s>
    <s>Na opiniao do Administrador Élcio de Lucca, as empresas estao a serviço do homem.</s>
    <s>A primeira eleiçao digital do Sistema CFA/CRAs acontece dia 15 de outubro.</s>
    <s>Cursos de Educaçao a Distancia (EAD) e de formaçao continuada sao os destaques do IARJ.</s>
    <s>Eventos em todo o Brasil, de agosto a outubro, oferecem oportunidades de atualizaçao.</s>
    <s>Pesquisa da PricewaterhouseCoopers antecipa cenarios para 2020.</s>
    <s>Entrevista com o Adm. Carlos Alberto Lopes, diretor geral do Departamento de Administraçao e Finanças do estado do Rio de Janeiro.</s>
    <s>Clube de Serviços</s>
    <s>Descontos em produtos e serviços chegam a 40%.</s>
    <s>Conselho emite carteiras de estudante e profissional.</s>
    <s>Portas abertas para as Empresas Juniores de Administraçao</s>
    <s>A cada dois meses o Conselho Regional de Administraçao do Rio de Janeiro recebe membros de Empresas Juniores (EJs) de cursos de Administraçao de varias Instituiçoes de Ensino Superior (IES) do Rio de Janeiro .</s>
    <s>Da esq. para a dir.: o academico Raphael Monteiro, o Administrador e Conselheiro Antonio Andrade e o Prof. Clovis Pereira, que formam o Grupo de Trabalho do projeto Empresa Junior - CRA/RJ</s>
    <s>O encontro tem como objetivo o intercambio de experiencia entre as EJs antigas e as mais novas, alem do desenvolvimento de conhecimentos e competencias dos integrantes das empresas juniores e a integraçao do CRA/RJ com estudantes dos cursos de Administraçao.</s>
    <s>Assim como nas empresas juniores, a ideia do CRA/RJ ser o anfitriao das reunioes foi concebida por um academico.</s>
    <s>Em 2006, o estudante de Administraçao Raphael Monteiro, estagiario do Conselho, apresentou pela primeira vez o projeto ao Professor Clovis Moreira Pereira, da Assessoria de Relaçoes Academicas. Desde 2007, o projeto tem um novo incentivador: o Conselheiro e Professor Antonio Andrade, Vice-presidente de Educaçao, Estudo e Pesquisa do CRA/RJ, que passou a coordenar os encontros e ministrar palestras sobre temas que despertam o interesse entre os participantes, como benchmarking, consultoria e constituiçao de EJs.</s>
    <s>&quot;Ate o final do primeiro semestre de 2008, 16 empresas juniores participaram dos encontros realizados no auditorio da Casa do Administrador. Estiveram la alunos das EJs do Centro Federal de Educaçao Tecnologica (Cefet-JR), Gama Filho (Gama JR), Simonsen, Morais JR, Mackenzie, Ibmec, Sociedade Unificada de Ensino Superior e Cultura (Suesc), Veiga de Almeida, Universidade Federal do Rio de Janeiro (UFRJ), Universidade do Estado do Rio de Janeiro (UERJ), Universidade Federal Rural do Rio de Janeiro (UFRRJ), Uni La Salle RJ - Institutos Superiores de Ensino, Estacio de Sa, Candido Mendes, Instituto Metodista Bennett e Mercurio&quot;, conta o Conselheiro e Administrador Antonio Andrade.</s>
    <s>De acordo com o coordenador, a atuaçao do estudante de Administraçao nas EJs, antes mesmo do primeiro estagio, torna-se fundamental ao conciliar a possibilidade de desenvolvimento de projetos atrelados ao conhecimento adquirido em salas de aula e do estabelecimento de uma rede de relacionamentos.</s>
    <s>&quot;Vejo o movimento das juniores como complementar ao processo de formaçao academica. Desenvolvido da forma adequada, com o apoio de professores com experiencia tanto teorica e de mercado, possibilita ao estudante colocar a teoria adquirida no Curso de Administraçao em pratica. Nas EJs, a aferiçao dos resultados sera medida pela satisfaçao do cliente e nao pelo Coeficiente de Rendimento (CR) adquirido. De uma forma geral, o participante de uma empresa junior tera maior capacidade de realizaçao nas atividades do que outros que nao tiveram a oportunidade de vivenciar a experiencia&quot;, enfatiza o coordenador.</s>
    <s>Para a Professora Deise Marques, Coordenadora do Curso de Administraçao da Bennett, enquanto participam das EJs os alunos desenvolvem habilidades como liderança, iniciativa, visao sistemica, entre outras.</s>
    <s>Segundo Cristiane Castro, aluna do 8º periodo do Curso de Administraçao, membro da Empresa Junior La Salle, a participaçao no movimento junior permite exercitar metodos, tecnicas e ferramentas de gestao - tais como a elaboraçao de organogramas e fluxogramas - e ter, como participante de uma empresa, visao de negocio.</s>
    <s>&quot;Durante as reunioes promovidas pelo Conselho Regional de Administraçao, pudemos tambem realizar um benchmarking com integrantes de empresas juniores de outras instituiçoes de ensino de Administraçao&quot;, destaca a estudante.</s>
    <s>Movimento cresce no Brasil e no mundo</s>
    <s>Workshop realizado durante a Conferencia Mundial de Empresas Juniores, em julho de 2008</s>
    <s>Jose Luiz Fonseca Pereira, Presidente da gestao 2008 da Rio Junior, Federaçao de Empresas Juniores do Rio de Janeiro, respondeu a revista AdministrAçao, da cidade de Porto/Portugal, onde assistia a Conferencia Mundial de Empresas Juniores que, segundo ele, teve a participaçao em 23 workshops de empresas juniores brasileiras, mostrando a maturidade do movimento no Brasil.</s>
    <s>&quot;Consideramos o apoio do CRA/RJ de grande importancia para o crescimento das Empresas Juniores de Administraçao do Rio de Janeiro. Espero que o Conselho, oficialmente como parceiro da Rio Junior, possa fortalecer a missao de desenvolver e qualificar as EJs e promover o fortalecimento do Movimento Empresa Junior (MEJ)&quot;, enfatizou o estudante Jose Luiz Fonseca Pereira.</s>
    <s>Ele relatou ainda que o contato com empresarios juniores de diversas regioes europeias revelou as diferenças no modelo de gestao nos continentes europeu e americano, chegando a conclusao de que o modelo europeu e mais conservador, direcionando o trabalho de empreendedores para integrar o corpo executivo de uma grande empresa em vez de incentivar a abertura do negocio proprio. Visao diferente do continente americano que, segundo dados apresentados pelos convidados, aumenta o numero de novas empresas e mostra um ambiente propicio a abertura de novos negocios.</s>
    <s>&quot;Um objetivo complementar do grupo e orientar os participantes das EJs quanto a responsabilidade dos serviços prestados de forma a preservar a imagem do Administrador e das proprias empresas juniores&quot;, Adm. Antonio Andrade.</s>
    <s>Para dimensionar a procura e a importancia do projeto entre as atividades academicas, o Conselho Regional de Administraçao do Rio de Janeiro realizou enquete on-line, em maio de 2008, entre estudantes, docentes e profissionais de Administraçao. No geral, 56,6% dos que responderam a pesquisa afirmaram que antes do aluno de Administraçao realizar seu primeiro estagio profissional e importante que ele participe de uma empresa junior. Projeto de Iniciaçao Cientifica ficou em segundo lugar (11,8%), seguido de Monitoria (7,1%) e Diretorio Academico (2,4%). Ao todo, 22,1% dos que responderam a enquete marcaram outras atividades complementares.</s>
    <s>As escolas de Administraçao foram o berço das empresas juniores. A primeira delas nasceu na L&quot;Ecole Superieure des Sciences Economiques et Commerciales de Paris, em 1967. A iniciativa chegou ao Brasil atraves da Camara de Comercio Franco-Brasileira duas decadas depois. As tres primeiras empresas juniores nacionais foram as EJ-FGV, Junior FAAP e Junior Poli Estudos, todas em Sao Paulo.</s>
    <s>Empresa Junior e uma associaçao civil constituida sem fins lucrativos, gerida exclusivamente por alunos de graduaçao de faculdades ou universidades, que sob a supervisao de professores, desenvolvem projetos para empresas, entidades e para a sociedade em geral nas suas areas de atuaçao. O objetivo principal das EJs e dar aos estudantes a oportunidade de vivenciar situaçoes reais do mercado de trabalho, atraves da aplicaçao dos conhecimentos teoricos adquiridos durante o curso.</s>
    <s>NOTA: O estudante Newton P. de Souza, da IBMEC RJ, e o novo diretor-presidente da Federaçao Nacional de Estudantes de Administraçao (FENEAD).</s>
    <s>Pagina Inicial | Editorial | Notas | Expediente</s>
  </text>
</page>
