<?xml version="1.0" encoding="UTF-8"?>
<!DOCTYPE page SYSTEM "page.dtd">
<page>
  <lang>pt</lang>
  <url>http://pt.wikipedia.org/wiki/Confer%25C3%25AAncia_de_Rambouillet</url>
  <title>Conferência de Rambouillet – Wikipédia, a enciclopédia livre</title>
  <snippet>
    <s>A Conferência de Rambouillet é o nome dado a uma série de conversações mantidas entre A rejeição de Belgrado foi baseada no argumento de que continha 1 Participantes; 2 Consequências; 3 Ver Também; 4 Referências A delegação de 16 membros dos albaneses do Kosovo, liderada pelo Artigo &middot; Discussão </s>
  </snippet>
  <text>
    <s>Conferência de Rambouillet</s>
    <s>Origem: Wikipédia, a enciclopédia livre.</s>
    <s>Ir para: navegação, pesquisa</s>
    <s>O Castelo de Rambouillet, onde conduziu as negociações</s>
    <s>A Conferência de Rambouillet é o nome dado a uma série de conversações mantidas entre janeiro e fevereiro de para estabelecer as bases de paz entre os representantes da Iugoslávia e uma delegação que representa a maioria da população de etnia albanesa em Kosovo.</s>
    <s>Foi organizada pela Organização do Tratado do Atlântico Norte (OTAN) no castelo de Rambouillet (França), que deu nome as negociações. A importância do acordo reside no fato de que a Iugoslávia havia se recusado a aceitar os suas imposições, que a OTAN usou como justificativa para o lançamento dos bombardeios a Iugoslávia. A rejeição de Belgrado foi baseada no argumento de que continha disposições para a autonomia do Kosovo que eram mais longe do que seu governo considerava razoável.</s>
    <s>1 Participantes</s>
    <s>2 Consequências</s>
    <s>3 Ver Também</s>
    <s>4 Referências</s>
    <s>[editar] Participantes</s>
    <s>Javier Solana, como secretário-geral da OTAN, presidiu a reuniões diplomáticas em Rambouillet, que terminou sem resultado pelo não aceitar as imposições da Iugoslávia pela organização.</s>
    <s>A conferência teve início em 6 de fevereiro e terminou em 19 de fevereiro. A delegação federal iugoslavo foi chefiada pelo presidente sérvio Milan Milutinović, enquanto o presidente iugoslavo Slobodan Milosevic (ao contrário do que aconteceu no Acordo de Dayton, onde negociou pessoalmente) manteve-se em Belgrado.</s>
    <s>A delegação dos separatistas de Kosovo foi liderada pelo primeiro-ministro do Governo Provisório do Kosovo, Hashim Thaçi, um ex-guerrilheiro do Exército de Libertação do Kosovo procurado pela justiça sérvia.</s>
    <s>O secretário-geral da OTAN, Javier Solana, assumiu a tarefa de conduzir as negociações entre ambas as partes. A composição total dos grupos de negociação foram os seguintes:</s>
    <s>O &quot;Grupo de Contato&quot;, constituído por membros dos Estados Unidos, União Européia e Rússia, representados respectivamente por Christopher Hill, Wolfgang Petritsch e Boris Majorski.</s>
    <s>A delegação de 16 membros dos albaneses do Kosovo, liderada pelo ex-guerrilheiro Hashim Thaçi, o líder da comunidade albanesa em Kosovo, Ibrahim Rugova, o filósofo Fehmi Agani, jornalistas Veton Surroi e Rexhep Qosja e o porta-voz do ELK Jakup Krasniqi.</s>
    <s>A delegação da Iugoslávia, liderada inicialmente pelo Vice-primeiro-ministro sérvio Ratko Markovic, os representantes de toda a população não albanesa do Kosovo, os vice-primeiro-ministro Nikola Sainovic e Vladan Kutlešić, o deputado federal porta-voz do governo sérvio Vladimir Stambuk, o presidente do Partido Socialista do Kosovo, Vojislav Zivkovic, o membro da Comissão Executiva do Conselho Provisório do Kosovo e Metohija Guljbehar Sabovic, o representante da comunidade muçulmana Senadović Refik, o representante da comunidade nacional turca e o Partido Democrático Turco Zejnelabidin Kurejs, o representante da comunidade nacional gorani Vaite Gorani Ibro, o Presidente da Iniciativa Democrática de Kosovo Faik Jasari, o presidente do Partido Republicano Democrático dos Albaneses Sokolj Cuse, o representante da comunidade nacional dos roma Ljuan Koka e o representante da comunidade nacional Egiptana Cerim Abazi. O presidente sérvio Milan Milutinovic se juntou à delegação da Sérvia no início da segunda semana de negociações, em 13 de fevereiro, como líder da mesma.</s>
    <s>A conferência foi presidida pelo Ministro das Relações Exteriores britânico Robin Cook e o Ministro das Relações Exteriores francês Hubert Védrine. Às vezes, também tomaram parte, a secretária de Estado Madeleine Albright e o Ministro das Relações Exteriores alemão Joschka Fischer.</s>
    <s>[editar] Consequências</s>
    <s>Como resultado do fracasso dos acordos de paz, e cumprindo à ameaça de Javier Solana para atacar a Iugoslávia de imediato se as negociações falhassem, em 24 de março, as forças da Otan iniciaram sua campanha de bombardeio sobre a República Federal da Iugoslávia, que durou três meses e resultou na destruição da infra-estrutura virtual da Sérvia e matou cerca de 500 militares e 1.500 civis. Assim, em 12 de junho, Milosevic foi forçado a se render e as forças da OTAN ocuparam o território de Kosovo, onde os militares dos EUA desenvolveu a sua maior base militar do mundo, Camp Bondsteel.</s>
    <s>[editar] Ver Também</s>
    <s>Operação Força Aliada</s>
    <s>Guerra do Kosovo</s>
    <s>1. ↑ El País «Solana advierte de que la OTAN atacará &quot;muy pronto&quot; si fracasan las negociaciones sobre Kosovo» Consultado el 14 de octubre de 2010</s>
    <s>2. ↑ Krieger, Heike. The Kosovo conflict and international law: an analytical documentation 1974-1999 p. 323</s>
    <s>Obtida de &quot;http://pt.wikipedia.org/w/index.php?title=Confer%C3%AAncia de Rambouillet&amp;oldid=26885505&quot;</s>
    <s>Conferências diplomáticas</s>
    <s>História da Sérvia</s>
    <s>História do Kosovo</s>
    <s>Guerras iugoslavas</s>
    <s>Guerra do Kosovo</s>
    <s>Ferramentas pessoais</s>
    <s>Entrar / criar conta</s>
    <s>Espaços nominais</s>
    <s>Ver histórico</s>
    <s>Página principal</s>
    <s>Conteúdo destacado</s>
    <s>Eventos atuais</s>
    <s>Página aleatória</s>
    <s>Informar um erro</s>
    <s>Página de testes</s>
    <s>Portal comunitário</s>
    <s>Mudanças recentes</s>
    <s>Criar página</s>
    <s>Páginas novas</s>
    <s>Criar um livro</s>
    <s>Descarregar como PDF</s>
    <s>Versão para impressão</s>
    <s>Páginas afluentes</s>
    <s>Alterações relacionadas</s>
    <s>Carregar ficheiro</s>
    <s>Páginas especiais</s>
    <s>Ligação permanente</s>
    <s>Citar esta página</s>
    <s>Noutras línguas</s>
    <s>‪Norsk (bokmål)‬</s>
    <s>Srpskohrvatski / Српскохрватски</s>
    <s>Esta página foi modificada pela última vez à(s) 20h20min de 12 de setembro de 2011.</s>
    <s>Este texto é disponibilizado nos termos da licença Atribuição - Partilha nos Mesmos Termos 3.0 Não Adaptada (CC BY-SA 3.0); pode estar sujeito a condições adicionais. Consulte as condições de uso para mais detalhes.</s>
    <s>Política de privacidade</s>
    <s>Sobre a Wikipédia</s>
    <s>Avisos gerais</s>
    <s>Versão móvel</s>
    <s>Utilize o botão &quot;Antever resultado&quot; antes de gravar, por favor. e)</s>
  </text>
</page>
