<?xml version="1.0" encoding="UTF-8"?>
<!DOCTYPE page SYSTEM "page.dtd">
<page>
  <lang>pt</lang>
  <url>http://eraizes.ipsantarem.pt/mod/forum/discuss.php%3Fd%3D190</url>
  <title>eIPS: III Conferência e-Learning na Futurália «Empreender com ...</title>
  <snippet>
    <s>por Administrador eRaizesRedes - sexta-feira, 25 Fevereiro 2011, 17:28 TecMinho, em parceria com a Futurália, irá promover a III Conferência e- Learning - &quot;Empreender Tutoriais. moodle eRR_W17. moodle FAQs. moodle eRR_ESGT </s>
  </snippet>
  <text>
    <s>Ir para o conteúdo principal</s>
    <s>Utilizador não identificado.</s>
    <s>Acção Social</s>
    <s>Repositório Científico</s>
    <s>SACPRE I</s>
    <s>Saturday, 15 October 2011</s>
    <s>Caminho da página</s>
    <s>Página principal</s>
    <s>/ ► III Conferência e-Learning na Futurália «Empreender com Tecnologias de Aprendizagem»</s>
    <s>ProcurarProcurar nos fóruns</s>
    <s>Lista de respostas a começar pela mais antigaLista de respostas a começar pela mais recenteMostrar respostas em forma contraídaMostrar respostas em forma hierárquica</s>
    <s>III Conferência e-Learning na Futurália «Empreender com Tecnologias de Aprendizagem»</s>
    <s>por Administrador eRaizesRedes - Friday, 25 February 2011, 17:28</s>
    <s>O Centro e-Learning da TecMinho, em parceria com a Futurália, irá promover a III Conferência e-Learning - &quot;Empreender com Tecnologias de Aprendizagem&quot; no próximo dia 18 de Março de 2011 na FIL (Feira Internacional de Lisboa) localizada no Parque das Nações, evento que decorrerá em paralelo à Futurália 2011 - Feira da Juventude, Qualificação e Emprego.</s>
    <s>Na edição de 2011 da Conferência e-Learning, contamos com especialistas nacionais das Universidades Portuguesas do Minho, Aberta, Trás-os-Montes e Alto Douro, Católica, Instituto Piaget e da Universidade de Salamanca (Espanha) que irão expor as suas práticas de formação a distância e, muito em especial, demonstrar perspectivas de inovação na aprendizagem.</s>
    <s>Contaremos, ainda, com a partilha de experiências empresariais trazidas por especialistas e-learning da ALERT – Life Sciences Computing, da Novabase e da TAP Air Portugal, que irão demonstrar projectos em que se visa empreender no e-learning. A partilha de práticas entre profissionais é o forte desta conferência que terá apresentações centradas em e-learning, m-learning, jogos didácticos e redes sociais.</s>
    <s>As inscrições são gratuitas, mas obrigatórias pelo limite da capacidade da sala.</s>
    <s>» Clique aqui para aceder ao Programa e Ficha de Inscrição</s>
    <s>Seguir para a frente de Navegação</s>
    <s>Página principal</s>
    <s>2011 2012</s>
    <s>Instituto Politécnico de Santarém</s>
    <s>Escola Superior Agrária de Santarém</s>
    <s>Engenharia Alimentar</s>
    <s>Engenharia do Ambiente</s>
    <s>Engenharia da Produção Animal</s>
    <s>Escola Superior de Educação de Santarém</s>
    <s>Animação Cultural e Educação Comunitária</s>
    <s>Mestrado em Educação e Comunicação Multimédia</s>
    <s>2º Ano</s>
    <s>1º Ano</s>
    <s>Educação e Comunicação Multimédia</s>
    <s>3º Ano</s>
    <s>2º Ano</s>
    <s>1º Ano</s>
    <s>2010 2011</s>
    <s>Utilizador não identificado. (Entrar)</s>
    <s>e-Raízes Redes © 2011</s>
  </text>
</page>
