<?xml version="1.0" encoding="UTF-8"?>
<!DOCTYPE page SYSTEM "page.dtd">
<page>
  <lang>pt</lang>
  <url>http://simceros.ning.com/profiles/blogs/eua-confer-ncia-pr-pedofilia-provoca-horror-nos-participantes</url>
  <title>EUA: Conferência pró-pedofilia provoca horror nos participantes ...</title>
  <snippet>
    <s>28 ago. 2011 EUA: Conferência pró-pedofilia provoca horror nos participantes Posted: 28 Aug 2011 10:02 AM PDT Na discussão também houve </s>
  </snippet>
  <text>
    <s>MANIFESTO EM DEFESA DA IGREJA DE CRISTO</s>
    <s>Minha pagina</s>
    <s>Placares de lideres</s>
    <s>!SINCEROS = Sem Cera = Sem Máscara</s>
    <s>NOSSO ALVO É JESUS CRISTO. PECADO = Errar o Alvo.</s>
    <s>USE ESTE ESPAÇO DEMOCRATICAMENTE, COM SABEDORIA, CORAGEM E AMOR.</s>
    <s>ESTÁ ESCRITO: I Coríntios 11 : 19</s>
    <s>E até importa que haja entre vós heresias, para que os que são sinceros se manifestem entre vós.</s>
    <s>A graça de Deus nos basta.</s>
    <s>Dr José Renato Pedroza</s>
    <s>Todas as mensagens do blog</s>
    <s>Meu blog</s>
    <s>EUA: Conferencia pro-pedofilia provoca horror nos participantes</s>
    <s>Postado por mascote punk em 28 agosto 2011 às 18:18</s>
    <s>Exibir blog</s>
    <s>EUA: Conferência pró-pedofilia provoca horror nos participantes</s>
    <s>Posted: 28 Aug 2011 10:02 AM PDT</s>
    <s>!Na discussão também houve argumentos de que o desejo de um adulto de ter sexo com crianças é “normativo” e que o Manual Diagnóstico e Estatístico de Desordens Mentais (MDEDM) ignora o fato de que os pedófilos “têm sentimentos de amor e romance por crianças.”</s>
    <s>BALTIMORE, MD, EUA, 23 de agosto de 2011 (Notícias Pró-Família) — Líderes pró-família que estiveram numa polêmica conferência pró-pedofilia na cidade de Baltimore na semana passada dizem que ficaram profundamente abalados com o que viram e ouviram.</s>
    <s>“Nunca senti o nível de malignidade e opressão espiritual que senti naquela sala”, Matt Barber, vice-presidente do  Liberty Counsel Action, disse para LifeSiteNews.</s>
    <s>“Como ex-agente policial lidei com situações envolvendo suicídio, homicídio e outros tipos de violência. Mesmo assim, nunca senti o nível de malignidade e opressão espiritual que senti naquela sala”, Matt Barber, vice-presidente do  Liberty Counsel Action, disse para LifeSiteNews.</s>
    <s>“Esses ‘profissionais’ de saúde mental, e ativistas que se descrevem como pedófilos e ‘gays’ tiveram, não sei como, condições de discutir arrogantemente, de um modo quase indiferente, a ideia de estupro contra uma criança”, disse Barber. “Eles usaram termos psicológicos baratos, de modo elegante e eufemístico, para dar acobertamento quase científico para uma discussão acerca do pior tipo de perversão”.</s>
    <s>A organização B4U-ACT patrocinou o evento em Baltimore na semana passada, no qual estiveram presentes profissionais de saúde mental e ativistas pró-pedofilia. A conferência examinou as maneiras em que “indivíduos que sentem atração por menores” podem se envolver numa revisão da classificação que a Associação Americana de Psicologia (AAP) faz da pedofilia.</s>
    <s>Os líderes da conferência incluíam Fred Berlin da Faculdade de Medicina da Universidade Johns Hopkins, Renee Sorentino da Faculdade de Medicina da Universidade de Harvard, John Sadler do Centro Médico Sudoeste da Universidade do Texas, e John Breslow da Escola Londrina de Economia e Ciência Política.</s>
    <s>Os palestrantes falaram para os 50 participantes presentes sobre temas que variavam desde a noção de que pedófilos são “injustamente estigmatizados e demonizados” pela sociedade até a ideia de que “as crianças não são inerentemente incapazes de dar consentimento” para fazer sexo com um adulto. Na discussão também houve argumentos de que o desejo de um adulto de ter sexo com crianças é “normativo” e que o Manual Diagnóstico e Estatístico de Desordens Mentais (MDEDM) ignora o fato de que os pedófilos “têm sentimentos de amor e romance por crianças” do mesmo jeito que adultos heterossexuais e homossexuais têm sentimentos românticos uns pelos outros.</s>
    <s>Numa entrevista para Notícias Pró-Família/ LifeSiteNews (LSN), Judith Reisman, professora convidada daUniversidade Liberty, disse, depois de estar na conferência, que “após a decisão ‘histórica’  Lawrence versus Texas do Supremo Tribunal em 2003, parafraseando o juiz Antonin Scalia, vale tudo”.</s>
    <s>“Trato desse assunto em detalhe no meu último livro, ‘Sexual Sabotage’ (Sabotagem Sexual)”, disse ela. “Depois de Alfred Kinsey, os sexólogos começaram a ocupar nossas escolas, de modo que profissionais formados têm em grande parte sido treinados para ser uma forma de anarquistas sexuais”.</s>
    <s>“Embora a estupidez de promover uma inofensiva sexualidade sem moral nos deixe diariamente chocados, nossas arrogantes populações ‘cultas’ dizem que a moralidade não tem lugar em nossas vidas sexuais”, disse Reisman. “Exatamente como a AIDS é uma consequência natural da educação sexual e meios de comunicação sem valores morais, assim também são os abusos sexuais contra crianças. Estamos criando um novo caráter humano e o abuso sexual contra crianças é cada vez mais parte desse caráter”.</s>
    <s>“Eu, por minha parte, já estou farto”, Barber disse para LifeSiteNews. “Esses anarquistas sexuais, qualquer que seja a classe de sua perversão, precisam parar de incomodar nossos filhos e deixarem as crianças serem crianças”.</s>
    <s>“Eles sabem que para possuir o futuro, eles precisam possuir a mente das crianças”, disse ele. “Daí, grupos como B4U-ACT, a Rede de Educação Gay, Lésbica e Hetero, a Federação de Planejamento Familiar e organizações semelhantes, utilizam as instituições acadêmicas, desde as pré-escolas até as faculdades de pós-graduação, para fazer lavagem cerebral e doutrinar”.</s>
    <s>Conforme foi noticiado antes por LSN, B4U-ACT classifica a pedofilia como simplesmente outra orientação sexual e condena o “estigma ligado à pedofilia”. Howard Kline, diretor de ciência de B4U-ACT, criticou a definição de pedofilia usada pela Associação Americana de Psicologia, descrevendo seu tratamento de “pessoas que sentem atração por menores de idade” como “impreciso” e “equivocado”.</s>
    <s>Semelhantes pressões políticas, então por ativistas homossexuais, levaram à desclassificação da homossexualidade como uma desordem mental em 1973 no MDEDM. Como consequência da desclassificação do MDEDM, o debate sobre a homossexualidade e os muitos danos documentados associados com o estilo de vida homossexual tem sido totalmente censurado nos círculos psicológicos acadêmicos.</s>
    <s>Tradução: Julio Severo</s>
    <s>Exibições: 18</s>
    <s>0 membros curtem isto</s>
    <s>Compartilhar Twitter</s>
    <s>&lt; Post Anterior</s>
    <s>Próximo Post &gt;</s>
    <s>Você precisa ser um membro de SIMCEROS para adicionar comentários!</s>
    <s>Entrar em SIMCEROS</s>
    <s>Bem-vindo a</s>
    <s>ou acesse</s>
    <s>Você também pode se registrar no:</s>
    <s>© 2011 Created by SIMCEROS. Ativado por .</s>
    <s>Badges | Relatar um incidente | Termos de serviço</s>
    <s>Vídeo ao vivo</s>
    <s>É necessário habilitar o JavaScript para usar o SIMCEROS.</s>
    <s>Verifique as configurações do seu navegador ou contate o administrador do sistema.</s>
    <s>Entrar no bate-papo</s>
  </text>
</page>
