<?xml version="1.0" encoding="UTF-8"?>
<!DOCTYPE page SYSTEM "page.dtd">
<page>
  <lang>pt</lang>
  <url>http://emprego.donkiz.com.pt/empregos/como_organizar_as_tarefas_da_recepcao_de_uma_empresa.htm</url>
  <title>Como Organizar As Tarefas Da Recepcao De Uma Empresa ...</title>
  <snippet>
    <s>Reportando à Administração, o profissional a recrutar deverá ser licenciado em tarefas correntes de uma operação logística, como: - recepção e conferência </s>
  </snippet>
  <text>
    <s>O meu Donkiz - Registar</s>
    <s>Imoveis Emprego Automoveis Motos Diversos</s>
    <s>O quê </s>
    <s>Ex :como organizar as tarefas da recepcao de uma empresa</s>
    <s>Ex :Lisboa, Porto, Braga</s>
    <s>Como Organizar As Tarefas Da Recepcao De Uma Empresa</s>
    <s>1 - 12 de 20 vagas de emprego</s>
    <s>ordenado por : Pertinência - Data</s>
    <s>ASSISTENTE ADMINISTRATIVA PARA ÁREA DE MARKETING (m/f) Estágio Profissional IEFP</s>
    <s>Porto - Estágio</s>
    <s>A OPTIMIZER é uma empresa jovem e dinâmica que actua na área de Consultoria de Sistemas de Informação e pretende reforçar a sua equipa com um profissional dotado de conhecimentos em Marketing. Reportando à Administração, o profissional a recrutar deverá ser licenciado em Marketing/Gestão ou Similar e deverá ter o perfil adequado às responsabilidades a assumir. Responsabilidades / Funções: Prestar assistência à Administração nomeadamente em: - Arquivo; - Tratamento de correspondência/e-mails; - Atendimento telefónico; - Contacto com fornecedores e recepção de entregas; - Preparação e </s>
    <s>13-10-2011 - ofertas-emprego.com guardar</s>
    <s>Pesquisas similares a &quot;como organizar as tarefas da recepcao de uma empresa&quot; : como elaborar um plano de actividades - marketing analise interna</s>
    <s>Assistente Administrativa - Parque das Nações</s>
    <s>Estamos a recrutar para conceituada empresa que opera na Àrea da Limpeza Urbana, Análises Laboratoriais, Educação Ambiental e Inovação e Desenvolvimento e Rentabilização para entrada Imediata: Assistente Administrativa - Parque das Nações FUNÇÃO: - Introdução e processamento de facturas em base de dados; - Atendimento e Contacto telefónico com clientes e fornecedores; - Organizar e manter actualizados diversos ficheiros, dossiers e arquivo; - Apuramento de contas de fornecedores; - Gestão de caixa (tesouraria); - Consolidação de contas e reconciliações; - Envio, recepção e encaminhamento de </s>
    <s>10-10-2011 - emprego24h.com guardar</s>
    <s>Pesquisas similares a &quot;como organizar as tarefas da recepcao de uma empresa&quot; : caixa lisboa - ficheiro de contacto de fornecedores</s>
    <s>ADMINISTRATIVO/A ARMAZÉM – S. MIGUEL – Refª 241 –J- DSLG-DIR – URGENTE</s>
    <s>ADMINISTRATIVO/A ARMAZÉM – S. MIGUEL – Refª 241 –J- DSLG-DIR – URGENTE O nosso cliente selecciona por nosso intermédio, para as suas instalações em S. Miguel ADMINISTRATIVO/A ARMAZÉM (M/F) FUNÇÃO: Executar tarefas correntes de uma operação logística, como: - recepção e conferência de materiais - arrumação de paletes - preparação e expedição de materiais - condução de empilhadores - reflectir movimentações físicas em sistema SAP e impressão de documentos de transporte. PRETENDEMOS: Habilitações mínimas ao nível do 12º Ano; Experiência anterior em funções idênticas; Experiencia em condução de </s>
    <s>25-11-2010 - net-empregos.com guardar</s>
    <s>Pesquisas similares a &quot;como organizar as tarefas da recepcao de uma empresa&quot; : emprego temporario acores - salario acores</s>
    <s>OPERACIONAL DE LOGISTICA – LISBOA/SACAVÉM – Refª 224-J-DIR – URGENTE</s>
    <s>OPERACIONAL DE LOGISTICA – LISBOA/SACAVÉM – Refª 224-J-DIR – URGENTE O nosso cliente selecciona por nosso intermédio, para as suas instalações em LISBOA-SACAVÉM Operacional de Logística(M/F) FUNÇÃO: Executar tarefas correntes de uma operação logística, como: - recepção e conferência de materiais; - arrumação de paletes; - preparação e expedição de materiais; - condução de empilhadores; - reflectir movimentações físicas em sistema SAP e impressão de documentos de transporte. PRETENDEMOS: - Habilitações mínimas ao nível do 12º Ano; - Experiência anterior em funções idênticas; - Experiencia em </s>
    <s>24-08-2010 - net-empregos.com guardar</s>
    <s>ASSISTENTE DE ARMAZÉM (Part-Time) – Ilha do Faial/AÇORES – Refª 213-DSLGA – URGENTE</s>
    <s>Açores - Part-time</s>
    <s>O nosso cliente selecciona por nosso intermédio, para as suas instalações na ILHA DO FAIAL (AÇORES) ASSISTENTE DE ARMAZÉM(M/F) FUNÇÃO: Executar tarefas correntes de uma operação logística: - Recepção e conferência de materiais; - Arrumação de paletes; - Preparação e expedição de materiais; - Condução de empilhadores; - Reflectir movimentações físicas em sistema SAP e impressão de documentos de transporte. PRETENDEMOS: - Habilitações académicas ao nível do 12º ano de escolaridade; - Experiência anterior em funções idênticas; - Experiência em condução de empilhadores (preferencialmente com </s>
    <s>04-07-2010 - net-empregos.com guardar</s>
    <s>Recepcionista - Viana do Castelo</s>
    <s>Viana Do Castelo</s>
    <s>Grupo Egor - Rhnorte</s>
    <s>Somos uma Empresa Multinacional com actividade na área da saúde e retalho, líder no mercado nacional e europeu. Com um crescimento sustentado e uma estratégia de forte expansão, pretendemos reforçar a nossa equipa de colaboradores. Após formação inicial interna, os profissionais a admitir terão como principal missão o atendimento directo ao Cliente e telefónico, agenda de marcações e procedimentos administrativos inerentes às tarefas. Pretendemos profissionais com o seguinte perfil:  Habilitações literárias ao nível do 12º ano;  Experiência profissional não inferior a 3 anos na área de </s>
    <s>23-06-2010 - net-empregos.com guardar</s>
    <s>Pesquisas similares a &quot;como organizar as tarefas da recepcao de uma empresa&quot; : recepcionista viana do castelo</s>
    <s>OPERACIONAL DE LOGISTICA – LISBOA/SACAVÉM – Refª 203-DIR – URGENTE</s>
    <s>O nosso cliente selecciona por nosso intermédio, para as suas instalações em LISBOA-SACAVÉM Operacional de Logística(M/F) FUNÇÃO: Executar tarefas correntes de uma operação logística, como: - recepção e conferência de materiais; - arrumação de paletes; - preparação e expedição de materiais; - condução de empilhadores; - reflectir movimentações físicas em sistema SAP e impressão de documentos de transporte. PRETENDEMOS: - Habilitações mínimas ao nível do 12º Ano; - Experiência anterior em funções idênticas; - Experiencia em condução de empilhadores; - Capacidade de trabalho em equipa; - </s>
    <s>01-05-2010 - net-empregos.com guardar</s>
    <s>Pesquisas similares a &quot;como organizar as tarefas da recepcao de uma empresa&quot; : empilhador salario - salario base de empilhador</s>
    <s>Gestores de Sinistros (m/f)</s>
    <s>Multipessoal, Sa</s>
    <s>A Multipessoal recruta para empresa cliente integrada numa prestigiada instituição financeira, vocacionada para a área de crédito ao consumo, sediada em Lisboa. Gestores de Sinistros (m/f) Descritivo de funções: - Assegurar o tratamento de todos os dossiers de sinistros de modo a fazer uma corecta gestão dos mesmos; - Verificar a validade e conformidade das informações constantes na documentação enviada pelo cliente e confrontá-las com as presentes no contrato para poder dar uma resposta adequada aos pedidos de activação do seguro; - Solicitar informação ao cliente, no caso de existirem </s>
    <s>29-04-2010 - net-empregos.com guardar</s>
    <s>Pesquisas similares a &quot;como organizar as tarefas da recepcao de uma empresa&quot; : acompanhantes e lisboa - recrutamento gestao sinistros</s>
    <s>Recepcionista (m/f) LISBOA</s>
    <s>Manpower Portuguesa 2</s>
    <s>O nosso cliente é uma empresa de renome ao nível internacional que opera no sector dos Serviços Audiovisuais, nomeadamente na comercialização de máquinas, artigos e equipamentos. Recepcionista (m/f) LISBOA Principais responsabilidades: - Actividades inerentes à respectiva categoria; - Atendimento telefónico e reencaminhamento de chamadas; - Recepção e acompanhamento de clientes; - Assegurar as conexões telefónicas (central telefónica); - Serviço de estafeta ocasional; - Outras tarefas de escritório conexas, afins ou similares. Perfil: - Habilitações Literárias ao nível do 12ºAno (factor </s>
    <s>21-04-2010 - net-empregos.com guardar</s>
    <s>Pesquisas similares a &quot;como organizar as tarefas da recepcao de uma empresa&quot; : manpower lisboa - contrato estafeta</s>
    <s>ASSISTENTE DE ADMINISTRAÇÃO (m/f)</s>
    <s>Porto - Estágio</s>
    <s>Descrição da empresa: A EURICO FERREIRA, S.A. – é uma Empresa do Grupo PROEF que actua nas áreas das Telecomunicações, Electricidade e Energias Renováveis, actuando em Portugal, Brasil, Espanha e Angola e encontrando-se em fase de grande expansão, admite para realização de ESTÁGIO PROFISSIONAL REMUNERADO: Assistente de Administração (m/f) Reportando à Administração, as principais responsabilidades serão:  Assessorar a Administração no que diz respeito a tarefas de âmbito administrativo e expediente geral de escritório;  Assessorar o administrador no controlo de agenda, execução de </s>
    <s>08-02-2010 - net-empregos.com guardar</s>
    <s>Pesquisas similares a &quot;como organizar as tarefas da recepcao de uma empresa&quot; : secretariado porto - trabalho fluencia em espanhol</s>
    <s>Estágio Curricular Remunerado para Secretária de Direcção</s>
    <s>Forte - Estágio</s>
    <s>Pmo Projects</s>
    <s>A PMO Projects é uma empresa na área da Consultoria e Formação em Gestão de Projectos, com presença fortemente marcada no mercado nacional e internacional. Neste momento está a recrutar para a sua equipa uma Recepcionista / Secretária de Direcção com as seguintes funções: - Garantir um elevado nível de suporte administrativo ao Director Geral e restantes Departamentos; - Tratamento da correspondência; - Expedição de documentos; - Encaminhamento e realização de chamadas; - Recepção e encaminhamento de visitantes; - Manutenção do arquivo geral da empresa; - Tarefas Administrativas; - Auditorias </s>
    <s>18-01-2010 - net-empregos.com guardar</s>
    <s>Pesquisas similares a &quot;como organizar as tarefas da recepcao de uma empresa&quot; : estagios profissionais montemor o novo - curso profissionais remunerados</s>
    <s>Customer Service Associate (m/f)</s>
    <s>O nosso cliente é uma empresa internacional na área da indústria farmacêutica, que pretende admitir um Custumer Service Associate. Este profissional terá como principais responsabilidades: • Elaboração e manutenção dos contratos com fornecedores; • Contratação e gestão dos serviços de apoio (estafetas, limpeza, informática, transportadoras, etc.); • Apoio às equipas externas ou equipas em deslocações; • Organização de eventos e meetings; • Tarefas administrativas e expediente geral de trabalhão (recepção, telefone, Medicina do Trabalho, Segurança Social, etc.). Requisitos: • Formação superior; </s>
    <s>18-12-2009 - net-empregos.com guardar</s>
    <s>Pesquisas similares a &quot;como organizar as tarefas da recepcao de uma empresa&quot; : estafeta lisboa - limpeza industria</s>
    <s>1 2 Seguinte »</s>
    <s>como organizar as tarefas da recepcao de uma empresa</s>
    <s>Crie um alerta por email gratuito ou</s>
    <s>fluxo RSS para a sua pesquisa ou</s>
    <s>Enviar a um amigo</s>
    <s>Receba referências por correio electrónico para :</s>
    <s>como organizar as tarefas da recepcao de uma empresa</s>
    <s>O meu endereço de correio electrónico :</s>
    <s>Erro: endereço de correio electrónico inválido</s>
    <s>Pode cancelar este alerta a qualquer momento</s>
    <s>Mensagem de correio electrónico de um amigo :</s>
    <s>Erro: endereço de correio electrónico inválido</s>
    <s>A sua mensagem :</s>
    <s>O quê</s>
    <s>Outras pesquisas :</s>
    <s>executive sales</s>
    <s>modelo de consultoria empresarial</s>
    <s>licenciados gestao</s>
    <s>montagem porto</s>
    <s>desenhador procura</s>
    <s>Acerca | Os teus anúncios | Webmasters</s>
  </text>
</page>
