<?xml version="1.0" encoding="UTF-8"?>
<!DOCTYPE page SYSTEM "page.dtd">
<page>
  <lang>pt</lang>
  <url>https://groups.google.com/d/msg/acessodigital/GNypEOg0Dm8/hhdRc5clirsJ</url>
  <title>Google Groups - Re: [Acesso Digital] Conferência Web W3C Brasil</title>
  <snippet>
    <s>Subject: [Acesso Digital] Conferência Web W3C Brasil Olá pessoal, Recebi uma divulgação para a chamada de trabalhos para a Primeira </s>
  </snippet>
  <text>
    <s>Para utilizar os Fóruns dos Grupos do Google, ative o JavaScript nas configurações do seu navegador e atualize esta página. .</s>
    <s>Gmail Agenda Docs Fotos Sites Grupos Web Mais ▼</s>
    <s>Ainda mais</s>
    <s>Ajuda | Comentários | Atalhos do teclado | Alterar idioma | Fazer login</s>
  </text>
</page>
