<?xml version="1.0" encoding="UTF-8"?>
<!DOCTYPE page SYSTEM "page.dtd">
<page>
  <lang>pt</lang>
  <url>http://foradoeixo.org.br/ecosol/blog%3Fmonth%3D06%26npage%3D4%26year%3D2011</url>
  <title>Notícias da Economia Solidária - Economia Solidária - Fora do Eixo</title>
  <snippet>
    <s>21 jun. 2011 Participe da 4a Conferência Nacional de Segurança Alimentar e Nutricional . Somente serão avaliados artigos (com no máximo três autores), A taxa de inscrição é referente a cada artigo aceito e dará direito a apenas um </s>
  </snippet>
  <text>
    <s>Go to the content</s>
    <s>Welcome, {login} Administration Control panel Logout Login or Register</s>
    <s>New user I forgot my password</s>
    <s>Press Enter to send the search query.</s>
    <s>Fora do Eixo</s>
    <s>PeoplePeople Menu</s>
    <s>CommunitiesCommunities Menu</s>
    <s>Notícias Ecosol</s>
    <s>Mobilização mundial neste sábado em defesa da democracia e contra o neoliberalismo</s>
    <s>Da nova à cheia</s>
    <s>Lei de Economia Solidária é aprovada em São Carlos</s>
    <s>Programação de Economia Solidária e Comércio Justo e Solidário em Rondônia</s>
    <s>Buscador Solidarius: mapeamento e divulgação de produtos e serviços da economia solidária</s>
    <s>Updated: October 16, 2011</s>
    <s>quero praticar </s>
    <s>Profile links</s>
    <s>Profile links</s>
    <s>Profile links</s>
    <s>Profile links</s>
    <s>Profile links</s>
    <s>Profile links</s>
    <s>Profile links</s>
    <s>Profile links</s>
    <s>View all</s>
    <s>View all</s>
    <s>Quem somos</s>
    <s>Galeria de Imagens</s>
    <s>2011 (493)</s>
    <s>October (48)</s>
    <s>September (80)</s>
    <s>August (97)</s>
    <s>July (91)</s>
    <s>June (59)</s>
    <s>May (69)</s>
    <s>April (49)</s>
    <s>2010 (1)</s>
    <s>November (1)</s>
    <s>Subscribe RSS Feed</s>
    <s>Participe da 4a Conferência Nacional de Segurança Alimentar e Nutricional</s>
    <s>June 21, 2011, by Economia Solidária - No comments yet</s>
    <s>Por Secretaria Executiva do FBES (com informações de http://www4.planalto.gov.br/consea/conferencia)</s>
    <s>A segurança alimentar e nutricional deixou de ser um projeto de governo e virou programa de Estado. Está na lei 11.346, de 2006. E está na Constituição Federal, que em 2010 incluiu a alimentação no campo dos direitos. É neste contexto que acontece 4a. Conferência Nacional de Segurança Alimentar e Nutricional, de 7 a 10 de novembro, em Salvador (BA).</s>
    <s>A participação da sociedade civil organizada é fundamental nesta construção, principalmente do Fórum Brasileiro de Economia Solidária através da participação dos fóruns locais em todas as etapas da Conferência. Isso tanto devido a complementaridade e integração dos temas economia solidária e a soberania e segurança alimentar e nutricional, quanto pela participação que atores/atrizes da economia solidária podem ter ou já têm nos Conseas estaduais e nacional e também no FBSAN (Fórum Brasileiro de Segurança Alimentar e Nutricional).</s>
    <s>No dia-a-dia diversos empreendimentos solidários, gestores e entidades trabalham com questões de comércio justo e solidário, consumo responsável, produção de alimentos saudáveis e orgânicos, fornecimento de alimentos ao PAA e PNAE, entre tantos outros acúmulos e experiências que são importantes de serem somados e aprendidos nesta 4a. Conferência Nacional de Segurança Alimentar e Nutricional. Participem!</s>
    <s>O objetivo da 4a. Conferência é construir compromissos para efetivar o direito humano à alimentação adequada e saudável, previsto no artigo 6° da Constituição Federal, e promover a soberania alimentar por meio da implementação da Política e do Sistema Nacional de Segurança Alimentar e Nutricional (Sisan) nas esferas de governo e com a participação da sociedade.</s>
    <s>Já os objetivos específicos da Conferência são:</s>
    <s>Analisar os avanços, as ameaças e as perspectivas para a efetivação do direito humano à alimentação adequada e saudável e para a promoção da soberania alimentar em âmbito nacional e internacional;</s>
    <s>Apresentar recomendações relacionadas ao Plano Nacional de Segurança Alimentar e Nutricional;</s>
    <s>Avaliar e fazer recomendações para avançar e qualificar o processo de implementação do Sisan nas três esferas de governo, visando o fortalecimento da intersetorialidade, da exigibilidade do direito humano à alimentação adequada e saudável e da participação e do controle social;</s>
    <s>Sensibilizar, mobilizar e comprometer os atores para a adesão ao Sisan e a construção do pacto de gestão pelo direito humano à alimentação adequada e saudável.</s>
    <s>Cerca de 2.000 pessoas irão participar do evento. São pessoas de todos os estados brasileiros e de diversos municípios, representando a diversidade e a pluralidade do nosso país. Entre esses 2.000 participantes, estarão delegados, observadores e convidados nacionais e internacionais.</s>
    <s>Outro aspecto a se destacar é que no processo geral de construção do evento, envolvendo etapas municipais, territoriais e estaduais, deve contar com a participação de 50 mil pessoas.</s>
    <s>O evento também será prestigiado por convidados nacionais e internacionais, entre estes o diretor geral da FAO e o relator especial da ONU sobre o Direito Humano à Alimentação.</s>
    <s>Etapas preparatórias e Participação Social</s>
    <s>Os Conseas Estaduais e do Distrito Federal devem solicitar aos respectivos governos que convoquem a Conferência Estadual e Distrital de Segurança Alimentar e Nutricional, por meio de ato específico, até 29 de abril de 2011. Após o encerramento do prazo acima, caso extraordinariamente o Executivo Estadual ou do Distrito Federal não convocar as respectivas Conferências, estas poderão ser convocadas por organizações e instituições, com atuação em segurança alimentar e nutricional no âmbito do respectivo ente federativo, mediante validação e reconhecimento da Comissão Organizadora da 4a. CNSAN.</s>
    <s>Como etapa preparatória das Conferências estadual e nacional, a Conferência Municipal de Segurança Alimentar e Nutricional (CMSAN) deve ser realizada até o 31 de julho de 2011, para que suas deliberações subsidiem as demais etapas. E, além de promover ampla discussão dos temas sensíveis para a segurança alimentar no município, a CMSAN deve eleger os delegados que o representarão na Conferência Estadual (seguindo os critérios definidos pelo Conselho Estadual de Segurança Alimentar e Nutricional).</s>
    <s>Agenda das Conferências Estaduais</s>
    <s>Acre: 15 a 18 / agosto</s>
    <s>Alagoas: 1o. / setembro</s>
    <s>Amapá: 19 de agosto</s>
    <s>Amazonas: 8 a 10 / setembro</s>
    <s>Bahia: 8 a 10 / setembro</s>
    <s>Ceará: 24 a 26 / agosto</s>
    <s>Distrito Federal: 21 a 23 / agosto</s>
    <s>Espírito Santo: 30 de agosto a 2 de setembro</s>
    <s>Goiás: 25 a 27 de agosto</s>
    <s>Maranhão: 18 a 20 / agosto</s>
    <s>Mato Grosso: 10 a 12 / agosto</s>
    <s>Mato Grosso do Sul: 17 e 18 / agosto</s>
    <s>Minas Gerais: 4 a 7 / agosto</s>
    <s>Pará: 1 a 3 / setembro</s>
    <s>Paraíba: 22 a 24 / agosto</s>
    <s>Paraná: 16 e 17 / setembro</s>
    <s>Pernambuco: 4 a 6 / setembro</s>
    <s>Piauí: Ultima semana de agosto</s>
    <s>Rio de Janeiro: 25 a 27 /agosto</s>
    <s>Rio Grande do Norte: 31/08 e 01/09</s>
    <s>Rio Grande do Sul: 15 a 17 / setembro</s>
    <s>Rondônia: 23 a 26 agosto</s>
    <s>Roraima: 24 a 26 / agosto</s>
    <s>Santa Catarina: 23 a 25 / agosto</s>
    <s>São Paulo: 13 a 15/ setembro</s>
    <s>Sergipe: 30 e 31 / agosto</s>
    <s>Tocantins: 1 e 2 / setembro</s>
    <s>Orientação completa, documentos e maiores informações nos site: www.presidencia.gov.br/consea</s>
    <s>Contatos: Assessoria de Comunicação (61) 3411.3349 / 2747/ ascom@consea.planalto.gov.br</s>
    <s>VII Encontro Internacional de Economia Solidária NESOL USP</s>
    <s>June 20, 2011, by Economia Solidária - No comments yet</s>
    <s>Fonte:Mariana Giroto (mari@unisolbrasil.org.br)</s>
    <s>Convidamos a todos para participar do VII Encontro Internacional de Economia Solidária do NESOL-USP. O evento ocorrerá nos dias 24, 25 e 26 de novembro de 2011 com espaço para a exposição e debate de trabalhos em Economia Solidária, nos dias 25 e 26.</s>
    <s>A comissão organizadora do VII Encontro já está recebendo artigos para serem submetidos à avaliação de nosso Comitê Científico. Para submissão, o interessado deverá enviar o artigo para o endereço eletrônico: nesolusp encontro@yahoo.com.br impreterivelmente até o dia 15.08.2011.</s>
    <s>O NESOL divulgará a listagem dos artigos aprovados no site ( http://cirandas.net/nesol-usp) até o dia 16/09/2011. Para a publicação dos artigos aprovados nos anais do VII Encontro e apresentação nos Grupos de Trabalho, será necessário realizar depósito bancário no valor de R$ 75,00 na conta a ser indicada pela comissão organizadora até o dia 30/09/2011. A inscrição definitiva do trabalho somente será efetivada com o recebimento do comprovante do depósito efetuado no prazo indicado.</s>
    <s>Regras de Submissão</s>
    <s>Somente serão avaliados artigos (com no máximo três autores), apresentados dentro do prazo estabelecido, no formato determinado pelo NESOL (veja orientações a seguir), que tenham relevância para a Economia Solidária apresentado em uma das áreas temáticas listadas abaixo.</s>
    <s>Cada autor poderá enviar no máximo até três artigos. A taxa de inscrição é referente a cada artigo aceito e dará direito a apenas um kit NESOL. Trabalhos que não cumprirem as orientações estabelecidas (prazo ou formato) serão automaticamente desclassificados.</s>
    <s>Os artigos completos serão avaliados por um comitê cientifico à luz dos seguintes critérios: relevância, clareza, originalidade, qualidade técnico - cientifica, resultados e contribuição para a área temática.</s>
    <s>Áreas temáticas:</s>
    <s>A Economia Solidária é uma forma de organização das diversas dimensões da vida social sob uma lógica diversa da forma dominante capitalista. Ela parte de princípios de cooperação, democracia, autogestão, relação responsável com o meio ambiente, distribuição justa dos resultados, estreita relação entre empreendimento e comunidade, engajamento em rede, entre outros. Para essa edição do Encontro, definimos as áreas temáticas para os Grupos de Trabalho a partir das seguintes questões:</s>
    <s>1- Organização do Trabalho</s>
    <s>Essa área temática aborda questões como gestão, relações de poder, saúde do trabalhador, autonomia, relação entre trabalho e tecnologia numa perspectiva de análise das mudanças organizacionais, sociais, econômicas e políticas no ambiente autogestionário. As experiências de incubação de novos empreendimentos, recuperação de empresas em processo falimentar ou falidas e a implementação de novas tecnologias e desenvolvimento de tecnologias sociais, também são temas pertinentes a esta área temática.</s>
    <s>2 - Desenvolvimento Territorial</s>
    <s>O desenvolvimento territorial, a partir da perspectiva da Economia Solidária, pressupõe uma atuação no território que privilegie a organização coletiva da comunidade e do trabalho, a organização em redes, a criação de instâncias participativas, a implementação de tecnologias sociais, entre outras estratégias que visam a apropriação e criação de identidade da população em seu território e o desenvolvimento de projetos e ações que estimulam a sustentabilidade econômica, social e ambiental, a médio e longo prazo. Com esse foco de debate, essa área temática também compreende estudos sobre formação, organização e atuação política dos atores envolvidos neste processo.</s>
    <s>3 - Finanças Solidárias</s>
    <s>A apresentação das análises sobre o contexto atual econômico e financeiro, apontando para possíveis caminhos que nos levem a outro modelo de desenvolvimento, e o debate sobre as experiências que vem sendo desenvolvidas no Brasil e no mundo no campo das finanças, no âmbito da Economia Solidária, é o foco dessa área temática.</s>
    <s>4 - Políticas Públicas</s>
    <s>Essa área temática busca abrir espaço para o debate acerca do papel que a Economia Solidária cumpre, ou pode cumprir, na organização de padrões de desenvolvimento socialmente mais inclusivos e justos com campo das políticas públicas. Nesse sentido, busca-se análises sobre as formas de atuação do Estado, sua influência no fomento e fortalecimento das experiências de economia solidária, incluindo não apenas políticas públicas voltadas diretamente para o campo, mas também outras políticas que determinam limites ou potenciais para a gestação de uma nova economia e um novo modelo de desenvolvimento.</s>
    <s>Os trabalhos devem ser submetidos no seguinte formato:</s>
    <s>a) Todos os trabalhos deverão ser entregues utilizando-se do arquivo Modelo NESOL disponível na URL: ( http://cirandas.net/nesol-usp)</s>
    <s>b) Editor de texto: Open Office (ODT) ou Word for Windows versão 6.0 ou superior, ou em formato RTF;</s>
    <s>c) Formato do papel: A4;</s>
    <s>d) Fonte: Arial;</s>
    <s>e) Espaçamento entre linhas: 1,5 para corpo de texto e titulo das sessões; simples para os demais elementos;</s>
    <s>f) Alinhamento dos parágrafos: justificado;</s>
    <s>g) Margens: Superior: 3 cm; inferior: 2 cm; esquerda: 3 cm; direita: 2 cm;</s>
    <s>h) O artigo deverá ter entre 10 a 20 páginas (incluindo o texto propriamente dito, ilustrações e referências bibliográficas) e 500 Kb de tamanho de arquivo (após compressão).</s>
    <s>Na primeira página do trabalho deverá constar:</s>
    <s>1a. linha:Título do trabalho (em negrito, tamanho 14, letras maiúsculas, posição centralizada);</s>
    <s>2a. linha: Área temática (em negrito, tamanho 12, posição centralizada);</s>
    <s>3a. a 5a. linha: nome(s) do(s) autor(es), instituição, email; (tamanho 10, máximo três autores, posição centralizada);</s>
    <s>7a. linha: Resumo (de 100 a 150 palavras, tamanho 12, fonte em itálico, posição justificada);</s>
    <s>Na segunda linha abaixo do resumo: Palavras-chave (de 3 até 5 palavras, tamanho 12, fonte em itálico, posição justificada);</s>
    <s>Na terceira linha abaixo de Palavras-chave: Primeiro Título de sessão</s>
    <s>Informações complementares:</s>
    <s>a) Títulos das sessões: posicionados à esquerda, em negrito, tamanho 12, numerados com algarismos arábicos;</s>
    <s>b) Corpo do texto: tamanho 12;</s>
    <s>c) Todas as notas deverão ser exibidas no final do texto.</s>
    <s>d) As referências bibliográficas deverão ser citadas ao longo do texto de acordo com o sistema (autor-data), e apresentadas em ordem alfabética no final do trabalho, de acordo com a norma ABNT/NBR-6023.</s>
    <s>e) Sugestão para estrutura do artigo: Introdução, Problema de Pesquisa e Objetivo, Revisão Teórica, Metodologia, Análise dos Resultados, Conclusão, Bibliografia.</s>
    <s>f) Os artigos aceitos para o evento terão seus resumos publicados nos anais de resumos e seu texto completo em CD ROM.</s>
    <s>Será conferido certificado de participação a todos os inscritos. Autores de trabalhos aceitos receberão certificados de autoria, desde que formalizarem suas inscrições no evento e apresentem o trabalho.</s>
    <s>Para o esclarecimento de dúvidas ou informação adicional, enviar mensagem para nesolusp encontro@yahoo.com.br</s>
    <s>Comissão Organizadora - Equipe Nesol-USP</s>
    <s>nesolusp encontro@yahoo.com.br</s>
    <s>Valor sujeito à alteração mediante a concessão de bolsa</s>
    <s>Relato da Articulação Internacional FBES para o Rio+20</s>
    <s>June 20, 2011, by Economia Solidária - No comments yet</s>
    <s>Relato de Rizoneide Amorin (IMS)</s>
    <s>Ontem estive no Encontro do Ministro-Chefe da Secretaria Geral da Presidência da República, Gilberto Carvalho, e do Secretário Geral da ONU, Ban ki-Moon, com representantes da sociedade civil brasileira, conforme solicitação da equipe ARI/FBES.</s>
    <s>Estavam presentes diversas entidades da sociedade civil, tais quais: as 06 centrais sindicais, Instituto Ethos, FBOMS, Via Campesina, CONTAG, Pacto Global, Movimento Nacional pela Cidadania e Solidariedade, movimento mulheres, negros, indígenas, o pessoal do GRAP/FSM, o Comitê facilitador da Rio+20, entre outras entidades que não vou saber nomear todas presentes, pois tinha cerca de 50 a 60 pessoas.</s>
    <s>Foi um momento interessante em que o Secretário geral da ONU, ouviu a sociedade civil com relação a organização da Rio+20, se pronunciou sobre a pauta e prioridades da ONU, bem como o Ministro Gilberto Carvalho, mostrou a articulação do governo com a sociedade civil brasileira.</s>
    <s>Nós, enquanto FBES, estávamos representados na fala do comitê facilitador do sociedade civil Rio+20. Quem falou pelo grupo foi Luiz Zarref (via campesina); Rubens Born - Rubinho (FBOMS) e uma companheira de SP que falou enquanto movimento de mulheres e negros. Foi interessante que tanto na fala do Rubinho que é bem conhecido pelo grupo que ali estava, bem como a fala do Zarref do MST, citaram a pluralidade deste comitê enquanto sociedade civil e nos citaram em suas falas, ou seja, tivemos duas falas que legitimaram e falaram do Fórum Brasileiro de Economia Solidária, enquanto ator importante na articulação deste comitê, enquanto sociedade civil.</s>
    <s>As falas da sociedade civil, reforçaram a importância do evento, mas salientaram para que o mesmo tenha abordagem plural de anúncio de boas práticas e denúncias dos absurdos ocorridos em todo mundo no que se refere a agenda ambiental, que seja um evento no RIO, mas que seja universal e solicitaram, inclusive que as embaixadas e a ONU, abram seus escritórios para ouvir as diferentes vozes e que seja uma RIO expandida.</s>
    <s>O representante da CONTAG, quebrou o protocolo e entrou ao secretário da ONU, um documento que mostra a pauta da agricultura familiar no Brasil e pautou uma conferência da ONU para discutir a agricultura familiar enquanto estratégia de erradicação da fome e miséria no mundo.</s>
    <s>O Secretário, Bab Ki-moon, falou das prioridades da ONU, da importância da parceria tripartite entre governo, sociedade civil e comunidade. Afirmou que a Rio+20 tratará de questões amplas relacionadas ao tema desenvolvimento sustentável e sustentabilidade global. Falou que tinha convidado o LULA para ser a liderança em torno das questões relacionadas a sustentabilidade global, mas que devido problemas de agenda, ele não tinha aceitado.</s>
    <s>A meta da ONU é avançar com relação a segurança alimentar, tem como prioridade também as políticas para juventude, uma vez que a juventude vem aumentando em termos populacionais em todo mundo. Segundo ele, a OIT (que usa o termo trabalho decente) articulada com a comunidade internacional vai priorizar as questões juvenis para dá esperança aos jovens em todo mundo. Falou bastante do empoderamento de mulheres no alto escalão da ONU e demais organismos internacionais e citou que o Brasil pode dá exemplos com relação as políticas para mulheres, agora que temos uma mulher presidenta. E concluiu a sua fala, afirmando que a sociedade civil tem um papel importante em todo processo na luta por direitos humanos no Brasil e no mundo e que a mesma pode mobilizar forças e trabalhar junto com o governo para construção de um mundo melhor e mais justo indígenas, afro-descendentes, mulheres, agricultura familiar e para todos seres humanos e para o planeta.</s>
    <s>Por fim, Gilberto Carvalho, fez uma fala rápida e agradeceu a presença da sociedade civil que está sempre em diálogo com o governo brasileiro.</s>
    <s>Gente acho que foi que percebi na reunião para relatar para vocês.</s>
    <s>abraços e mantemos contato</s>
    <s>Rizoneide Amorim</s>
    <s>Resultado da seleção I Encontro Nacional de Pontos Fixos de Comercialização Solidária</s>
    <s>June 20, 2011, by Economia Solidária - No comments yet</s>
    <s>Fonte: Instituto Marista de Solidariedade</s>
    <s>A União Brasileira de Educação e Ensino - Instituto Marista de Solidariedade (UBEE/IMS), o Fórum Brasileiro de Economia Solidária (FBES) e a Secretaria Nacional de Economia Solidária do Ministério do Trabalho e Emprego (SENAES/MTE) têm a satisfação em anunciar o RESULTADO DO EDITAL No. 01/2011 - Seleção de Pontos Fixos para o I Encontro Nacional de Pontos Fixos de Comercialização Solidária, que irá acontecer nos dias 07, 08 e 09 de julho de 2011, em Santa Maria (RS).</s>
    <s>O objetivo do encontro é debater as principais estratégias de comercialização em economia solidária no Brasil, além de construir propostas coletivas para fortalecimento e consolidação destas iniciativas.</s>
    <s>De acordo com o Termo de Referência, foram contempladas as seguintes modalidades como Pontos Fixos:</s>
    <s>Feiras Permanentes de Economia Solidária e/ou Agroecologia;</s>
    <s>Lojas (mercearia, mercado, bodega, quitanda, botecos, quiosque, central, trailler, empório, armazém, venda);</s>
    <s>Centros Públicos de Economia Solidária (comercialização);</s>
    <s>Comercialização Solidária Eletrônica (e-comerce) - sites pela internet.</s>
    <s>Ressaltamos que serão custeadas as seguintes despesas: passagens aéreas (ida e volta), hospedagem e alimentação (durante o Encontro em Santa Maria/RS). Durante essa semana, a equipe do IMS entrará em contato com cada inscrito/a selecionado para emissão de passagens e demais informações sobre o encontro.</s>
    <s>Acesse o link com a relação dos 51 selecionados que irão participar do I Encontro Nacional de Pontos Fixos de Comercialização Solidária no site do FBES em:</s>
    <s>www.fbes.org.br/?option=com docman&amp;task;=doc download&amp;gid;=1410&amp;Itemid;=99999999</s>
    <s>Resultado - I Encontro Nacional de Pontos Fixos de Comercialização Solidária Na oportunidade, convidamos os Estados do Amapá, Distrito Federal, Goiás, e Roraima, para que indiquem até dia 23/06 (quarta-feira) um representante de Empreendimento Econômico Solidário para participar do evento.</s>
    <s>Serão disponibilizadas, ainda, para o I Encontro Nacional de Pontos Fixos de Comercialização Solidária, 10 (dez) vagas destinadas a participantes da Feira Internacional do Mercosul que estejam interessados/as e cumpram as exigências do Termo de Referência. Para essas vagas excedentes, o IMS não irá custear hospedagem nem transporte. As inscrições devem ser enviadas para ecosol@marista.edu.br no mesmo formato exigido no Edital.</s>
    <s>Vamos juntos/as somar forças nessa construção de um país mais justo e solidário.</s>
    <s>Abraços Solidários e até Santa Maria!</s>
    <s>Equipe IMS</s>
    <s>Videoconferência mobiliza fóruns locais e define posicionamento do FBES frente ao PL 865</s>
    <s>June 20, 2011, by Economia Solidária - No comments yet</s>
    <s>Por Secretaria Executiva do FBES</s>
    <s>A videoconferência convocada pela Coordenação Executiva do FBES dia 09 contou com a presença de cerca de 200 membros dos fóruns locais de economia solidária, e teve o objetivo de realizar um balanço e (re)posicionamento do FBES após as audiências públicas estaduais e nacional frente ao PL 865.</s>
    <s>Para organizar o debate foi apresentada uma síntese das audiências públicas já realizadas, tanto dos posicionamentos defendidos, quanto da presença quantitativa das participações pelo país.</s>
    <s>Cada estado participante da videoconferência trouxe sua posição com base nos debates nos fóruns estaduais e na audiência estadual quando já realizada. O posicionamento de convergência com relação a nova sequência de diálogos e negociações frente ao governo foi de que:</s>
    <s>Não temos casa, nem SEMPE nem MTE. Continuaremos nossa luta pela secretaria especial. Para isso, a SENAES, esteja onde estiver, tem que ter aumento de estrutura/cargos (os 4 departamentos propostos no nosso documento), orçamento (300 ou 500 milhões), uma linha do FAT de 1 bilhão, o CNES ligado à presidência, um programa temático do PPA específico para a ES e desenvolvimento territorial, e capacidade de articular as ações nos demais ministérios que sejam de ES, de modo a apontar para a criação de uma secretaria especial ou ministério da ES no futuro. Isso é o que queremos. O governo deve decidir, por sua conta, em qual lugar consegue garantir estas condições para a SENAES, lembrando que, se sua opção for a SEMPE, ela deve continuar com o nome de SEMPE (sem ES no nome), pois não é nossa casa, mas o lugar em que ficará a SENAES por opção DO GOVERNO, e não do movimento.</s>
    <s>Com base nesta posição, a Coordenação Executiva do FBES dará sequência nas negociações e, para isso, irá publicizar em breve um documento com a síntese da caminhada efetuada junto as audiências públicas, mobilizações e na videoconferência.</s>
    <s>Estiveram presentes na videoconferência nas salas dos colégios: ES/ Vila Velha,MG/ Contagem, MG/ Montes Claros, MG/ Uberaba, PA/ Belém, RJ/ RJ, BA/ Salvador, RN/ Natal, TO/ Palmas, DF/ Brasília, GO/ Goiânia, CE/ Fortaleza, PE/ Recife, Al/ Maceió, PB/ João Pessoa. Além de membros que acompanharam pelo bate papo nos estados de: AL, AP, PI, SP, MS, e ainda, membros dos fóruns locais que estavam em atividade dos programas Brasil Local região sul e CFES região sul.</s>
    <s>« Newer posts 4 Older posts »</s>
    <s>DeutschFrançaisEspañolрусский языкPortuguêsհայերեն լեզուEnglishEsperanto</s>
    <s>2010 Circuito Fora do Eixo</s>
    <s>Esta rede social utiliza o software livre Noosfero, licenciado pela GNU Affero General Public License, versão 3 ou superior.</s>
  </text>
</page>
