<?xml version="1.0" encoding="UTF-8"?>
<!DOCTYPE page SYSTEM "page.dtd">
<page>
  <lang>pt</lang>
  <url>http://free-tutorial-for.me/tutorial-for-apresenta%25C3%25A7%25C3%25A3o-da-filosofia/page6.html</url>
  <title>apresentação da filosofia Tutorial Free Download</title>
  <snippet>
    <s>Free Download Tutorial for apresentação da filosofia.</s>
  </snippet>
  <text>
    <s>Free Tutorial for</s>
    <s>in 38.000.000</s>
    <s>apresentação da filosofia Tutorial Free Download</s>
    <s>!apresentação da filosofia .pdf Free Ebook Download</s>
    <s>!apresentação da filosofia Guide Free Download</s>
    <s>!apresentação da filosofia Manual Free Download</s>
    <s>Download apresentação da filosofia Tutorial</s>
    <s>Biblioteca Virtual en Salud Enfermería Regional</s>
    <s>18 Jun 2008 de la Enfermería; Salud, medicina y sociedad; Historia, filosofía y enfermería; Información, documentación y metodología; </s>
    <s>BIBLIOTECÁRIO ESCOLAR: UM EDUCADOR? Elisa Cristina Delfini Corrêa </s>
    <s>Filosofia da educação. São Paulo: Cortez, 1994. ORGANIZAÇÃO DOS ESTADOS AMERICANOS. Modelo flexível para um sistema nacional de bibliotecas escolares. </s>
    <s>Recuperação de Informação e Processamento da Linguagem Natural</s>
    <s>apresentação dos resultados da pesquisa Soergel1997, ou na normalização do vocabulário para a indexação Soergel1997, Sparck-Jones1997. </s>
    <s>Panamá Mayo, 2009 Jordi Palet, Consulintel (jordi.palet </s>
    <s>Misma filosofía y componentes que con L2TPv2, pero con las particularidades de L2TPv3. – Transporte sobre IP/UDP de otros protocolos de capa 2 diferentes a </s>
    <s>Directrices toponímicas para editores de mapas y otros editores</s>
    <s>Siguiendo la filosofía de las Conferencias de las Naciones Unidas sobre la Normalización de los Nombres Geográficos, en este nomenclátor se ha mantenido el </s>
    <s>Mineração na Web</s>
    <s>Mineração na Web. LEANDRO BALBY MARINHO. ROSARIO GIRARDI. UFMA – UNIVERSIDADE FEDERAL DO MARANHÃO. DEINF – DEPARTAMENTO DE INFORMÁTICA </s>
    <s>(Microsoft PowerPoint - Presentaci\363n Emenasa-Siemens.ppt)</s>
    <s>Balance de potencias- PMS. Balance de potencia para demostrar que la energía generada es suficiente. Filosofía de funcionamiento del Power Management </s>
    <s>Técnicas de Mineração de Dados</s>
    <s>Técnicas de Mineração de Dados. Sandra de Amo. Universidade Federal de Uberlândia. Faculdade de Computação deamo@ufu.br. Abstract </s>
    <s>!apresentação da filosofia Save as PDF</s>
    <s>&lt;- Previous pageNext page -&gt;</s>
    <s>Related Downloads</s>
    <s>Download Free Tutorial For </s>
    <s>Top Tutorial Downloads</s>
    <s>Recent Tutorial Searches</s>
    <s>Contact us</s>
    <s>All tutorials are the property of their respective owners.</s>
    <s>Install Search Plugin</s>
  </text>
</page>
